Copyright 1986-2022 Xilinx, Inc. All Rights Reserved. Copyright 2022-2023 Advanced Micro Devices, Inc. All Rights Reserved.
----------------------------------------------------------------------------------------------------------------------------------------------------------------------------------------------------------------------------------------
| Tool Version : Vivado v.2023.2 (win64) Build 4029153 Fri Oct 13 20:14:34 MDT 2023
| Date         : Mon Jul 13 20:19:38 2026
| Host         : LAPTOP-6CG4KN49 running 64-bit major release  (build 9200)
| Command      : report_timing_summary -delay_type max -report_unconstrained -check_timing_verbose -max_paths 20 -file Z:/home/jiabingyu/prj/26_myprj/superScalar/fpga/build/digital_twin_srcWithMext/reports/routed_timing_summary.rpt
| Design       : top
| Device       : 7k325t-ffg900
| Speed File   : -2  PRODUCTION 1.12 2017-02-17
| Design State : Routed
----------------------------------------------------------------------------------------------------------------------------------------------------------------------------------------------------------------------------------------

Timing Summary Report

------------------------------------------------------------------------------------------------
| Timer Settings
| --------------
------------------------------------------------------------------------------------------------

  Enable Multi Corner Analysis               :  Yes
  Enable Pessimism Removal                   :  Yes
  Pessimism Removal Resolution               :  Nearest Common Node
  Enable Input Delay Default Clock           :  No
  Enable Preset / Clear Arcs                 :  No
  Disable Flight Delays                      :  No
  Ignore I/O Paths                           :  No
  Timing Early Launch at Borrowing Latches   :  No
  Borrow Time for Max Delay Exceptions       :  Yes
  Merge Timing Exceptions                    :  Yes
  Inter-SLR Compensation                     :  Conservative

  Corner  Analyze    Analyze    
  Name    Max Paths  Min Paths  
  ------  ---------  ---------  
  Slow    Yes        Yes        
  Fast    Yes        Yes        


------------------------------------------------------------------------------------------------
| Report Methodology
| ------------------
------------------------------------------------------------------------------------------------

Rule       Severity  Description                                           Violations  
---------  --------  ----------------------------------------------------  ----------  
TIMING-16  Warning   Large setup violation                                 1000        
TIMING-18  Warning   Missing input or output delay                         32          
TIMING-28  Warning   Auto-derived clock referenced by a timing constraint  2           
TIMING-47  Warning   False path                                            2           

Note: This report is based on the most recent report_methodology run and may not be up-to-date. Run report_methodology on the current design for the latest report.



check_timing report

Table of Contents
-----------------
1. checking no_clock (0)
2. checking constant_clock (0)
3. checking pulse_width_clock (0)
4. checking unconstrained_internal_endpoints (0)
5. checking no_input_delay (1)
6. checking no_output_delay (69)
7. checking multiple_clock (0)
8. checking generated_clocks (0)
9. checking loops (0)
10. checking partial_input_delay (0)
11. checking partial_output_delay (0)
12. checking latch_loops (0)

1. checking no_clock (0)
------------------------
 There are 0 register/latch pins with no clock.


2. checking constant_clock (0)
------------------------------
 There are 0 register/latch pins with constant_clock.


3. checking pulse_width_clock (0)
---------------------------------
 There are 0 register/latch pins which need pulse_width check


4. checking unconstrained_internal_endpoints (0)
------------------------------------------------
 There are 0 pins that are not constrained for maximum delay.

 There are 0 pins that are not constrained for maximum delay due to constant clock.


5. checking no_input_delay (1)
------------------------------
 There is 1 input port with no input delay specified. (HIGH)

i_uart_rx

 There are 0 input ports with no input delay but user has a false path constraint.


6. checking no_output_delay (69)
--------------------------------
 There are 69 ports with no output delay specified. (HIGH)

o_uart_tx
virtual_led[0]
virtual_led[10]
virtual_led[11]
virtual_led[12]
virtual_led[13]
virtual_led[14]
virtual_led[15]
virtual_led[16]
virtual_led[17]
virtual_led[18]
virtual_led[19]
virtual_led[1]
virtual_led[20]
virtual_led[21]
virtual_led[22]
virtual_led[23]
virtual_led[24]
virtual_led[25]
virtual_led[26]
virtual_led[27]
virtual_led[28]
virtual_led[29]
virtual_led[2]
virtual_led[30]
virtual_led[31]
virtual_led[3]
virtual_led[4]
virtual_led[5]
virtual_led[6]
virtual_led[7]
virtual_led[8]
virtual_led[9]
virtual_seg[0]
virtual_seg[10]
virtual_seg[11]
virtual_seg[12]
virtual_seg[13]
virtual_seg[14]
virtual_seg[15]
virtual_seg[16]
virtual_seg[18]
virtual_seg[19]
virtual_seg[1]
virtual_seg[20]
virtual_seg[21]
virtual_seg[22]
virtual_seg[23]
virtual_seg[24]
virtual_seg[25]
virtual_seg[26]
virtual_seg[28]
virtual_seg[29]
virtual_seg[2]
virtual_seg[30]
virtual_seg[31]
virtual_seg[32]
virtual_seg[33]
virtual_seg[34]
virtual_seg[35]
virtual_seg[36]
virtual_seg[38]
virtual_seg[39]
virtual_seg[3]
virtual_seg[4]
virtual_seg[5]
virtual_seg[6]
virtual_seg[8]
virtual_seg[9]

 There are 0 ports with no output delay but user has a false path constraint

 There are 0 ports with no output delay but with a timing clock defined on it or propagating through it


7. checking multiple_clock (0)
------------------------------
 There are 0 register/latch pins with multiple clocks.


8. checking generated_clocks (0)
--------------------------------
 There are 0 generated clocks that are not connected to a clock source.


9. checking loops (0)
---------------------
 There are 0 combinational loops in the design.


10. checking partial_input_delay (0)
------------------------------------
 There are 0 input ports with partial input delay specified.


11. checking partial_output_delay (0)
-------------------------------------
 There are 0 ports with partial output delay specified.


12. checking latch_loops (0)
----------------------------
 There are 0 combinational latch loops in the design through latch input



------------------------------------------------------------------------------------------------
| Design Timing Summary
| ---------------------
------------------------------------------------------------------------------------------------

    WNS(ns)      TNS(ns)  TNS Failing Endpoints  TNS Total Endpoints     WPWS(ns)     TPWS(ns)  TPWS Failing Endpoints  TPWS Total Endpoints  
    -------      -------  ---------------------  -------------------     --------     --------  ----------------------  --------------------  
     -4.310   -18012.287                  11644                26846        1.100        0.000                       0                 12120  


Timing constraints are not met.


------------------------------------------------------------------------------------------------
| Clock Summary
| -------------
------------------------------------------------------------------------------------------------

Clock           Waveform(ns)         Period(ns)      Frequency(MHz)
-----           ------------         ----------      --------------
i_sys_clk_p     {0.000 2.500}        5.000           200.000         
  clk_out1_pll  {0.000 10.000}       20.000          50.000          
  clk_out2_pll  {0.000 2.500}        5.000           200.000         
  clkfbout_pll  {0.000 2.500}        5.000           200.000         


------------------------------------------------------------------------------------------------
| Intra Clock Table
| -----------------
------------------------------------------------------------------------------------------------

Clock               WNS(ns)      TNS(ns)  TNS Failing Endpoints  TNS Total Endpoints     WPWS(ns)     TPWS(ns)  TPWS Failing Endpoints  TPWS Total Endpoints  
-----               -------      -------  ---------------------  -------------------     --------     --------  ----------------------  --------------------  
i_sys_clk_p                                                                                 1.100        0.000                       0                     1  
  clk_out1_pll       13.656        0.000                      0                  885        9.600        0.000                       0                   583  
  clk_out2_pll       -4.310   -18012.287                  11644                25642        1.732        0.000                       0                 11533  
  clkfbout_pll                                                                              3.592        0.000                       0                     3  


------------------------------------------------------------------------------------------------
| Inter Clock Table
| -----------------
------------------------------------------------------------------------------------------------

From Clock    To Clock          WNS(ns)      TNS(ns)  TNS Failing Endpoints  TNS Total Endpoints  
----------    --------          -------      -------  ---------------------  -------------------  


------------------------------------------------------------------------------------------------
| Other Path Groups Table
| -----------------------
------------------------------------------------------------------------------------------------

Path Group         From Clock         To Clock               WNS(ns)      TNS(ns)  TNS Failing Endpoints  TNS Total Endpoints  
----------         ----------         --------               -------      -------  ---------------------  -------------------  
**async_default**  clk_out1_pll       clk_out1_pll            17.775        0.000                      0                  319  


------------------------------------------------------------------------------------------------
| User Ignored Path Table
| -----------------------
------------------------------------------------------------------------------------------------

Path Group    From Clock    To Clock    
----------    ----------    --------    
(none)        clk_out2_pll  clk_out1_pll  
(none)        clk_out1_pll  clk_out2_pll  


------------------------------------------------------------------------------------------------
| Unconstrained Path Table
| ------------------------
------------------------------------------------------------------------------------------------

Path Group    From Clock    To Clock    
----------    ----------    --------    
(none)        clk_out1_pll                
(none)        clk_out2_pll                
(none)        clkfbout_pll                
(none)                      clk_out1_pll  


------------------------------------------------------------------------------------------------
| Timing Details
| --------------
------------------------------------------------------------------------------------------------


---------------------------------------------------------------------------------------------------
From Clock:  i_sys_clk_p
  To Clock:  i_sys_clk_p

Setup :           NA  Failing Endpoints,  Worst Slack           NA  ,  Total Violation           NA
Hold  :           NA  Failing Endpoints,  Worst Slack           NA  ,  Total Violation           NA
PW    :            0  Failing Endpoints,  Worst Slack        1.100ns,  Total Violation        0.000ns
---------------------------------------------------------------------------------------------------


Pulse Width Checks
--------------------------------------------------------------------------------------
Clock Name:         i_sys_clk_p
Waveform(ns):       { 0.000 2.500 }
Period(ns):         5.000
Sources:            { i_sys_clk_p }

Check Type        Corner  Lib Pin            Reference Pin  Required(ns)  Actual(ns)  Slack(ns)  Location         Pin
Min Period        n/a     MMCME2_ADV/CLKIN1  n/a            1.071         5.000       3.929      MMCME2_ADV_X1Y1  pll_inst/inst/mmcm_adv_inst/CLKIN1
Max Period        n/a     MMCME2_ADV/CLKIN1  n/a            100.000       5.000       95.000     MMCME2_ADV_X1Y1  pll_inst/inst/mmcm_adv_inst/CLKIN1
Low Pulse Width   Slow    MMCME2_ADV/CLKIN1  n/a            1.400         2.500       1.100      MMCME2_ADV_X1Y1  pll_inst/inst/mmcm_adv_inst/CLKIN1
Low Pulse Width   Fast    MMCME2_ADV/CLKIN1  n/a            1.400         2.500       1.100      MMCME2_ADV_X1Y1  pll_inst/inst/mmcm_adv_inst/CLKIN1
High Pulse Width  Slow    MMCME2_ADV/CLKIN1  n/a            1.400         2.500       1.100      MMCME2_ADV_X1Y1  pll_inst/inst/mmcm_adv_inst/CLKIN1
High Pulse Width  Fast    MMCME2_ADV/CLKIN1  n/a            1.400         2.500       1.100      MMCME2_ADV_X1Y1  pll_inst/inst/mmcm_adv_inst/CLKIN1



---------------------------------------------------------------------------------------------------
From Clock:  clk_out1_pll
  To Clock:  clk_out1_pll

Setup :            0  Failing Endpoints,  Worst Slack       13.656ns,  Total Violation        0.000ns
Hold  :           NA  Failing Endpoints,  Worst Slack           NA  ,  Total Violation           NA
PW    :            0  Failing Endpoints,  Worst Slack        9.600ns,  Total Violation        0.000ns
---------------------------------------------------------------------------------------------------


Max Delay Paths
--------------------------------------------------------------------------------------
Slack (MET) :             13.656ns  (required time - arrival time)
  Source:                 student_top_inst/mem_bridge/seg_driver/count_reg[4]/C
                            (rising edge-triggered cell FDCE clocked by clk_out1_pll  {rise@0.000ns fall@10.000ns period=20.000ns})
  Destination:            virtual_seg_50_d1_reg[39]/D
                            (rising edge-triggered cell FDCE clocked by clk_out1_pll  {rise@0.000ns fall@10.000ns period=20.000ns})
  Path Group:             clk_out1_pll
  Path Type:              Setup (Max at Slow Process Corner)
  Requirement:            20.000ns  (clk_out1_pll rise@20.000ns - clk_out1_pll rise@0.000ns)
  Data Path Delay:        6.219ns  (logic 0.327ns (5.258%)  route 5.892ns (94.742%))
  Logic Levels:           1  (LUT1=1)
  Clock Path Skew:        -0.042ns (DCD - SCD + CPR)
    Destination Clock Delay (DCD):    -1.567ns = ( 18.433 - 20.000 ) 
    Source Clock Delay      (SCD):    -2.131ns
    Clock Pessimism Removal (CPR):    -0.607ns
  Clock Uncertainty:      0.074ns  ((TSJ^2 + DJ^2)^1/2) / 2 + PE
    Total System Jitter     (TSJ):    0.071ns
    Discrete Jitter          (DJ):    0.129ns
    Phase Error              (PE):    0.000ns

    Location             Delay type                Incr(ns)  Path(ns)    Netlist Resource(s)
  -------------------------------------------------------------------    -------------------
                         (clock clk_out1_pll rise edge)
                                                      0.000     0.000 r  
    AD12                                              0.000     0.000 r  i_sys_clk_p (IN)
                         net (fo=0)                   0.000     0.000    pll_inst/inst/clk_in1_p
    AD12                 IBUFDS (Prop_ibufds_I_O)     0.906     0.906 r  pll_inst/inst/clkin1_ibufgds/O
                         net (fo=1, routed)           1.081     1.987    pll_inst/inst/clk_in1_pll
    MMCME2_ADV_X1Y1      MMCME2_ADV (Prop_mmcme2_adv_CLKIN1_CLKOUT0)
                                                     -7.786    -5.799 r  pll_inst/inst/mmcm_adv_inst/CLKOUT0
                         net (fo=1, routed)           2.130    -3.669    pll_inst/inst/clk_out1_pll
    BUFGCTRL_X0Y1        BUFG (Prop_bufg_I_O)         0.093    -3.576 r  pll_inst/inst/clkout1_buf/O
                         net (fo=581, routed)         1.445    -2.131    student_top_inst/mem_bridge/seg_driver/clk
    SLICE_X40Y120        FDCE                                         r  student_top_inst/mem_bridge/seg_driver/count_reg[4]/C
  -------------------------------------------------------------------    -------------------
    SLICE_X40Y120        FDCE (Prop_fdce_C_Q)         0.204    -1.927 f  student_top_inst/mem_bridge/seg_driver/count_reg[4]/Q
                         net (fo=26, routed)          3.041     1.114    student_top_inst/mem_bridge/seg_driver/ans[6]
    SLICE_X6Y198         LUT1 (Prop_lut1_I0_O)        0.123     1.237 r  student_top_inst/mem_bridge/seg_driver/ans[7]_INST_0/O
                         net (fo=8, routed)           2.851     4.088    virtual_seg_OBUF[39]
    SLICE_X43Y116        FDCE                                         r  virtual_seg_50_d1_reg[39]/D
  -------------------------------------------------------------------    -------------------

                         (clock clk_out1_pll rise edge)
                                                     20.000    20.000 r  
    AD12                                              0.000    20.000 r  i_sys_clk_p (IN)
                         net (fo=0)                   0.000    20.000    pll_inst/inst/clk_in1_p
    AD12                 IBUFDS (Prop_ibufds_I_O)     0.803    20.803 r  pll_inst/inst/clkin1_ibufgds/O
                         net (fo=1, routed)           0.986    21.789    pll_inst/inst/clk_in1_pll
    MMCME2_ADV_X1Y1      MMCME2_ADV (Prop_mmcme2_adv_CLKIN1_CLKOUT0)
                                                     -6.759    15.030 r  pll_inst/inst/mmcm_adv_inst/CLKOUT0
                         net (fo=1, routed)           2.005    17.035    pll_inst/inst/clk_out1_pll
    BUFGCTRL_X0Y1        BUFG (Prop_bufg_I_O)         0.083    17.118 r  pll_inst/inst/clkout1_buf/O
                         net (fo=581, routed)         1.315    18.433    w_clk_50Mhz
    SLICE_X43Y116        FDCE                                         r  virtual_seg_50_d1_reg[39]/C
                         clock pessimism             -0.607    17.827    
                         clock uncertainty           -0.074    17.753    
    SLICE_X43Y116        FDCE (Setup_fdce_C_D)       -0.009    17.744    virtual_seg_50_d1_reg[39]
  -------------------------------------------------------------------
                         required time                         17.744    
                         arrival time                          -4.088    
  -------------------------------------------------------------------
                         slack                                 13.656    

Slack (MET) :             13.854ns  (required time - arrival time)
  Source:                 student_top_inst/mem_bridge/seg_driver/count_reg[4]/C
                            (rising edge-triggered cell FDCE clocked by clk_out1_pll  {rise@0.000ns fall@10.000ns period=20.000ns})
  Destination:            virtual_seg_50_d1_reg[9]/D
                            (rising edge-triggered cell FDCE clocked by clk_out1_pll  {rise@0.000ns fall@10.000ns period=20.000ns})
  Path Group:             clk_out1_pll
  Path Type:              Setup (Max at Slow Process Corner)
  Requirement:            20.000ns  (clk_out1_pll rise@20.000ns - clk_out1_pll rise@0.000ns)
  Data Path Delay:        6.051ns  (logic 0.327ns (5.404%)  route 5.724ns (94.596%))
  Logic Levels:           1  (LUT1=1)
  Clock Path Skew:        -0.044ns (DCD - SCD + CPR)
    Destination Clock Delay (DCD):    -1.569ns = ( 18.431 - 20.000 ) 
    Source Clock Delay      (SCD):    -2.131ns
    Clock Pessimism Removal (CPR):    -0.607ns
  Clock Uncertainty:      0.074ns  ((TSJ^2 + DJ^2)^1/2) / 2 + PE
    Total System Jitter     (TSJ):    0.071ns
    Discrete Jitter          (DJ):    0.129ns
    Phase Error              (PE):    0.000ns

    Location             Delay type                Incr(ns)  Path(ns)    Netlist Resource(s)
  -------------------------------------------------------------------    -------------------
                         (clock clk_out1_pll rise edge)
                                                      0.000     0.000 r  
    AD12                                              0.000     0.000 r  i_sys_clk_p (IN)
                         net (fo=0)                   0.000     0.000    pll_inst/inst/clk_in1_p
    AD12                 IBUFDS (Prop_ibufds_I_O)     0.906     0.906 r  pll_inst/inst/clkin1_ibufgds/O
                         net (fo=1, routed)           1.081     1.987    pll_inst/inst/clk_in1_pll
    MMCME2_ADV_X1Y1      MMCME2_ADV (Prop_mmcme2_adv_CLKIN1_CLKOUT0)
                                                     -7.786    -5.799 r  pll_inst/inst/mmcm_adv_inst/CLKOUT0
                         net (fo=1, routed)           2.130    -3.669    pll_inst/inst/clk_out1_pll
    BUFGCTRL_X0Y1        BUFG (Prop_bufg_I_O)         0.093    -3.576 r  pll_inst/inst/clkout1_buf/O
                         net (fo=581, routed)         1.445    -2.131    student_top_inst/mem_bridge/seg_driver/clk
    SLICE_X40Y120        FDCE                                         r  student_top_inst/mem_bridge/seg_driver/count_reg[4]/C
  -------------------------------------------------------------------    -------------------
    SLICE_X40Y120        FDCE (Prop_fdce_C_Q)         0.204    -1.927 f  student_top_inst/mem_bridge/seg_driver/count_reg[4]/Q
                         net (fo=26, routed)          3.041     1.114    student_top_inst/mem_bridge/seg_driver/ans[6]
    SLICE_X6Y198         LUT1 (Prop_lut1_I0_O)        0.123     1.237 r  student_top_inst/mem_bridge/seg_driver/ans[7]_INST_0/O
                         net (fo=8, routed)           2.683     3.920    virtual_seg_OBUF[9]
    SLICE_X42Y119        FDCE                                         r  virtual_seg_50_d1_reg[9]/D
  -------------------------------------------------------------------    -------------------

                         (clock clk_out1_pll rise edge)
                                                     20.000    20.000 r  
    AD12                                              0.000    20.000 r  i_sys_clk_p (IN)
                         net (fo=0)                   0.000    20.000    pll_inst/inst/clk_in1_p
    AD12                 IBUFDS (Prop_ibufds_I_O)     0.803    20.803 r  pll_inst/inst/clkin1_ibufgds/O
                         net (fo=1, routed)           0.986    21.789    pll_inst/inst/clk_in1_pll
    MMCME2_ADV_X1Y1      MMCME2_ADV (Prop_mmcme2_adv_CLKIN1_CLKOUT0)
                                                     -6.759    15.030 r  pll_inst/inst/mmcm_adv_inst/CLKOUT0
                         net (fo=1, routed)           2.005    17.035    pll_inst/inst/clk_out1_pll
    BUFGCTRL_X0Y1        BUFG (Prop_bufg_I_O)         0.083    17.118 r  pll_inst/inst/clkout1_buf/O
                         net (fo=581, routed)         1.313    18.431    w_clk_50Mhz
    SLICE_X42Y119        FDCE                                         r  virtual_seg_50_d1_reg[9]/C
                         clock pessimism             -0.607    17.825    
                         clock uncertainty           -0.074    17.751    
    SLICE_X42Y119        FDCE (Setup_fdce_C_D)        0.023    17.774    virtual_seg_50_d1_reg[9]
  -------------------------------------------------------------------
                         required time                         17.774    
                         arrival time                          -3.920    
  -------------------------------------------------------------------
                         slack                                 13.854    

Slack (MET) :             13.858ns  (required time - arrival time)
  Source:                 student_top_inst/mem_bridge/seg_driver/count_reg[4]/C
                            (rising edge-triggered cell FDCE clocked by clk_out1_pll  {rise@0.000ns fall@10.000ns period=20.000ns})
  Destination:            virtual_seg_50_d1_reg[19]/D
                            (rising edge-triggered cell FDCE clocked by clk_out1_pll  {rise@0.000ns fall@10.000ns period=20.000ns})
  Path Group:             clk_out1_pll
  Path Type:              Setup (Max at Slow Process Corner)
  Requirement:            20.000ns  (clk_out1_pll rise@20.000ns - clk_out1_pll rise@0.000ns)
  Data Path Delay:        6.047ns  (logic 0.327ns (5.408%)  route 5.720ns (94.592%))
  Logic Levels:           1  (LUT1=1)
  Clock Path Skew:        -0.044ns (DCD - SCD + CPR)
    Destination Clock Delay (DCD):    -1.569ns = ( 18.431 - 20.000 ) 
    Source Clock Delay      (SCD):    -2.131ns
    Clock Pessimism Removal (CPR):    -0.607ns
  Clock Uncertainty:      0.074ns  ((TSJ^2 + DJ^2)^1/2) / 2 + PE
    Total System Jitter     (TSJ):    0.071ns
    Discrete Jitter          (DJ):    0.129ns
    Phase Error              (PE):    0.000ns

    Location             Delay type                Incr(ns)  Path(ns)    Netlist Resource(s)
  -------------------------------------------------------------------    -------------------
                         (clock clk_out1_pll rise edge)
                                                      0.000     0.000 r  
    AD12                                              0.000     0.000 r  i_sys_clk_p (IN)
                         net (fo=0)                   0.000     0.000    pll_inst/inst/clk_in1_p
    AD12                 IBUFDS (Prop_ibufds_I_O)     0.906     0.906 r  pll_inst/inst/clkin1_ibufgds/O
                         net (fo=1, routed)           1.081     1.987    pll_inst/inst/clk_in1_pll
    MMCME2_ADV_X1Y1      MMCME2_ADV (Prop_mmcme2_adv_CLKIN1_CLKOUT0)
                                                     -7.786    -5.799 r  pll_inst/inst/mmcm_adv_inst/CLKOUT0
                         net (fo=1, routed)           2.130    -3.669    pll_inst/inst/clk_out1_pll
    BUFGCTRL_X0Y1        BUFG (Prop_bufg_I_O)         0.093    -3.576 r  pll_inst/inst/clkout1_buf/O
                         net (fo=581, routed)         1.445    -2.131    student_top_inst/mem_bridge/seg_driver/clk
    SLICE_X40Y120        FDCE                                         r  student_top_inst/mem_bridge/seg_driver/count_reg[4]/C
  -------------------------------------------------------------------    -------------------
    SLICE_X40Y120        FDCE (Prop_fdce_C_Q)         0.204    -1.927 f  student_top_inst/mem_bridge/seg_driver/count_reg[4]/Q
                         net (fo=26, routed)          3.041     1.114    student_top_inst/mem_bridge/seg_driver/ans[6]
    SLICE_X6Y198         LUT1 (Prop_lut1_I0_O)        0.123     1.237 r  student_top_inst/mem_bridge/seg_driver/ans[7]_INST_0/O
                         net (fo=8, routed)           2.679     3.916    virtual_seg_OBUF[19]
    SLICE_X42Y119        FDCE                                         r  virtual_seg_50_d1_reg[19]/D
  -------------------------------------------------------------------    -------------------

                         (clock clk_out1_pll rise edge)
                                                     20.000    20.000 r  
    AD12                                              0.000    20.000 r  i_sys_clk_p (IN)
                         net (fo=0)                   0.000    20.000    pll_inst/inst/clk_in1_p
    AD12                 IBUFDS (Prop_ibufds_I_O)     0.803    20.803 r  pll_inst/inst/clkin1_ibufgds/O
                         net (fo=1, routed)           0.986    21.789    pll_inst/inst/clk_in1_pll
    MMCME2_ADV_X1Y1      MMCME2_ADV (Prop_mmcme2_adv_CLKIN1_CLKOUT0)
                                                     -6.759    15.030 r  pll_inst/inst/mmcm_adv_inst/CLKOUT0
                         net (fo=1, routed)           2.005    17.035    pll_inst/inst/clk_out1_pll
    BUFGCTRL_X0Y1        BUFG (Prop_bufg_I_O)         0.083    17.118 r  pll_inst/inst/clkout1_buf/O
                         net (fo=581, routed)         1.313    18.431    w_clk_50Mhz
    SLICE_X42Y119        FDCE                                         r  virtual_seg_50_d1_reg[19]/C
                         clock pessimism             -0.607    17.825    
                         clock uncertainty           -0.074    17.751    
    SLICE_X42Y119        FDCE (Setup_fdce_C_D)        0.023    17.774    virtual_seg_50_d1_reg[19]
  -------------------------------------------------------------------
                         required time                         17.774    
                         arrival time                          -3.916    
  -------------------------------------------------------------------
                         slack                                 13.858    

Slack (MET) :             13.924ns  (required time - arrival time)
  Source:                 student_top_inst/mem_bridge/seg_driver/count_reg[4]/C
                            (rising edge-triggered cell FDCE clocked by clk_out1_pll  {rise@0.000ns fall@10.000ns period=20.000ns})
  Destination:            virtual_seg_50_d1_reg[29]/D
                            (rising edge-triggered cell FDCE clocked by clk_out1_pll  {rise@0.000ns fall@10.000ns period=20.000ns})
  Path Group:             clk_out1_pll
  Path Type:              Setup (Max at Slow Process Corner)
  Requirement:            20.000ns  (clk_out1_pll rise@20.000ns - clk_out1_pll rise@0.000ns)
  Data Path Delay:        5.949ns  (logic 0.327ns (5.497%)  route 5.622ns (94.503%))
  Logic Levels:           1  (LUT1=1)
  Clock Path Skew:        -0.045ns (DCD - SCD + CPR)
    Destination Clock Delay (DCD):    -1.570ns = ( 18.430 - 20.000 ) 
    Source Clock Delay      (SCD):    -2.131ns
    Clock Pessimism Removal (CPR):    -0.607ns
  Clock Uncertainty:      0.074ns  ((TSJ^2 + DJ^2)^1/2) / 2 + PE
    Total System Jitter     (TSJ):    0.071ns
    Discrete Jitter          (DJ):    0.129ns
    Phase Error              (PE):    0.000ns

    Location             Delay type                Incr(ns)  Path(ns)    Netlist Resource(s)
  -------------------------------------------------------------------    -------------------
                         (clock clk_out1_pll rise edge)
                                                      0.000     0.000 r  
    AD12                                              0.000     0.000 r  i_sys_clk_p (IN)
                         net (fo=0)                   0.000     0.000    pll_inst/inst/clk_in1_p
    AD12                 IBUFDS (Prop_ibufds_I_O)     0.906     0.906 r  pll_inst/inst/clkin1_ibufgds/O
                         net (fo=1, routed)           1.081     1.987    pll_inst/inst/clk_in1_pll
    MMCME2_ADV_X1Y1      MMCME2_ADV (Prop_mmcme2_adv_CLKIN1_CLKOUT0)
                                                     -7.786    -5.799 r  pll_inst/inst/mmcm_adv_inst/CLKOUT0
                         net (fo=1, routed)           2.130    -3.669    pll_inst/inst/clk_out1_pll
    BUFGCTRL_X0Y1        BUFG (Prop_bufg_I_O)         0.093    -3.576 r  pll_inst/inst/clkout1_buf/O
                         net (fo=581, routed)         1.445    -2.131    student_top_inst/mem_bridge/seg_driver/clk
    SLICE_X40Y120        FDCE                                         r  student_top_inst/mem_bridge/seg_driver/count_reg[4]/C
  -------------------------------------------------------------------    -------------------
    SLICE_X40Y120        FDCE (Prop_fdce_C_Q)         0.204    -1.927 f  student_top_inst/mem_bridge/seg_driver/count_reg[4]/Q
                         net (fo=26, routed)          3.041     1.114    student_top_inst/mem_bridge/seg_driver/ans[6]
    SLICE_X6Y198         LUT1 (Prop_lut1_I0_O)        0.123     1.237 r  student_top_inst/mem_bridge/seg_driver/ans[7]_INST_0/O
                         net (fo=8, routed)           2.581     3.817    virtual_seg_OBUF[29]
    SLICE_X43Y120        FDCE                                         r  virtual_seg_50_d1_reg[29]/D
  -------------------------------------------------------------------    -------------------

                         (clock clk_out1_pll rise edge)
                                                     20.000    20.000 r  
    AD12                                              0.000    20.000 r  i_sys_clk_p (IN)
                         net (fo=0)                   0.000    20.000    pll_inst/inst/clk_in1_p
    AD12                 IBUFDS (Prop_ibufds_I_O)     0.803    20.803 r  pll_inst/inst/clkin1_ibufgds/O
                         net (fo=1, routed)           0.986    21.789    pll_inst/inst/clk_in1_pll
    MMCME2_ADV_X1Y1      MMCME2_ADV (Prop_mmcme2_adv_CLKIN1_CLKOUT0)
                                                     -6.759    15.030 r  pll_inst/inst/mmcm_adv_inst/CLKOUT0
                         net (fo=1, routed)           2.005    17.035    pll_inst/inst/clk_out1_pll
    BUFGCTRL_X0Y1        BUFG (Prop_bufg_I_O)         0.083    17.118 r  pll_inst/inst/clkout1_buf/O
                         net (fo=581, routed)         1.312    18.430    w_clk_50Mhz
    SLICE_X43Y120        FDCE                                         r  virtual_seg_50_d1_reg[29]/C
                         clock pessimism             -0.607    17.824    
                         clock uncertainty           -0.074    17.750    
    SLICE_X43Y120        FDCE (Setup_fdce_C_D)       -0.009    17.741    virtual_seg_50_d1_reg[29]
  -------------------------------------------------------------------
                         required time                         17.741    
                         arrival time                          -3.817    
  -------------------------------------------------------------------
                         slack                                 13.924    

Slack (MET) :             15.801ns  (required time - arrival time)
  Source:                 student_top_inst/mem_bridge/seg_driver/count_reg[4]/C
                            (rising edge-triggered cell FDCE clocked by clk_out1_pll  {rise@0.000ns fall@10.000ns period=20.000ns})
  Destination:            virtual_seg_50_d1_reg[21]/D
                            (rising edge-triggered cell FDCE clocked by clk_out1_pll  {rise@0.000ns fall@10.000ns period=20.000ns})
  Path Group:             clk_out1_pll
  Path Type:              Setup (Max at Slow Process Corner)
  Requirement:            20.000ns  (clk_out1_pll rise@20.000ns - clk_out1_pll rise@0.000ns)
  Data Path Delay:        4.004ns  (logic 0.480ns (11.989%)  route 3.524ns (88.011%))
  Logic Levels:           2  (LUT3=1 LUT4=1)
  Clock Path Skew:        -0.020ns (DCD - SCD + CPR)
    Destination Clock Delay (DCD):    -1.566ns = ( 18.434 - 20.000 ) 
    Source Clock Delay      (SCD):    -2.131ns
    Clock Pessimism Removal (CPR):    -0.586ns
  Clock Uncertainty:      0.074ns  ((TSJ^2 + DJ^2)^1/2) / 2 + PE
    Total System Jitter     (TSJ):    0.071ns
    Discrete Jitter          (DJ):    0.129ns
    Phase Error              (PE):    0.000ns

    Location             Delay type                Incr(ns)  Path(ns)    Netlist Resource(s)
  -------------------------------------------------------------------    -------------------
                         (clock clk_out1_pll rise edge)
                                                      0.000     0.000 r  
    AD12                                              0.000     0.000 r  i_sys_clk_p (IN)
                         net (fo=0)                   0.000     0.000    pll_inst/inst/clk_in1_p
    AD12                 IBUFDS (Prop_ibufds_I_O)     0.906     0.906 r  pll_inst/inst/clkin1_ibufgds/O
                         net (fo=1, routed)           1.081     1.987    pll_inst/inst/clk_in1_pll
    MMCME2_ADV_X1Y1      MMCME2_ADV (Prop_mmcme2_adv_CLKIN1_CLKOUT0)
                                                     -7.786    -5.799 r  pll_inst/inst/mmcm_adv_inst/CLKOUT0
                         net (fo=1, routed)           2.130    -3.669    pll_inst/inst/clk_out1_pll
    BUFGCTRL_X0Y1        BUFG (Prop_bufg_I_O)         0.093    -3.576 r  pll_inst/inst/clkout1_buf/O
                         net (fo=581, routed)         1.445    -2.131    student_top_inst/mem_bridge/seg_driver/clk
    SLICE_X40Y120        FDCE                                         r  student_top_inst/mem_bridge/seg_driver/count_reg[4]/C
  -------------------------------------------------------------------    -------------------
    SLICE_X40Y120        FDCE (Prop_fdce_C_Q)         0.204    -1.927 r  student_top_inst/mem_bridge/seg_driver/count_reg[4]/Q
                         net (fo=26, routed)          2.187     0.259    student_top_inst/mem_bridge/seg_driver/ans[6]
    SLICE_X28Y97         LUT3 (Prop_lut3_I1_O)        0.132     0.391 r  student_top_inst/mem_bridge/seg_driver/SEG3_i_4/O
                         net (fo=7, routed)           0.441     0.832    student_top_inst/mem_bridge/seg_driver/SEG3/din[0]
    SLICE_X28Y98         LUT4 (Prop_lut4_I1_O)        0.144     0.976 r  student_top_inst/mem_bridge/seg_driver/SEG3/dout[1]_INST_0/O
                         net (fo=2, routed)           0.896     1.872    virtual_seg_OBUF[21]
    SLICE_X41Y117        FDCE                                         r  virtual_seg_50_d1_reg[21]/D
  -------------------------------------------------------------------    -------------------

                         (clock clk_out1_pll rise edge)
                                                     20.000    20.000 r  
    AD12                                              0.000    20.000 r  i_sys_clk_p (IN)
                         net (fo=0)                   0.000    20.000    pll_inst/inst/clk_in1_p
    AD12                 IBUFDS (Prop_ibufds_I_O)     0.803    20.803 r  pll_inst/inst/clkin1_ibufgds/O
                         net (fo=1, routed)           0.986    21.789    pll_inst/inst/clk_in1_pll
    MMCME2_ADV_X1Y1      MMCME2_ADV (Prop_mmcme2_adv_CLKIN1_CLKOUT0)
                                                     -6.759    15.030 r  pll_inst/inst/mmcm_adv_inst/CLKOUT0
                         net (fo=1, routed)           2.005    17.035    pll_inst/inst/clk_out1_pll
    BUFGCTRL_X0Y1        BUFG (Prop_bufg_I_O)         0.083    17.118 r  pll_inst/inst/clkout1_buf/O
                         net (fo=581, routed)         1.316    18.434    w_clk_50Mhz
    SLICE_X41Y117        FDCE                                         r  virtual_seg_50_d1_reg[21]/C
                         clock pessimism             -0.586    17.849    
                         clock uncertainty           -0.074    17.775    
    SLICE_X41Y117        FDCE (Setup_fdce_C_D)       -0.102    17.673    virtual_seg_50_d1_reg[21]
  -------------------------------------------------------------------
                         required time                         17.673    
                         arrival time                          -1.872    
  -------------------------------------------------------------------
                         slack                                 15.801    

Slack (MET) :             15.822ns  (required time - arrival time)
  Source:                 student_top_inst/mem_bridge/seg_driver/count_reg[4]/C
                            (rising edge-triggered cell FDCE clocked by clk_out1_pll  {rise@0.000ns fall@10.000ns period=20.000ns})
  Destination:            virtual_seg_50_d1_reg[23]/D
                            (rising edge-triggered cell FDCE clocked by clk_out1_pll  {rise@0.000ns fall@10.000ns period=20.000ns})
  Path Group:             clk_out1_pll
  Path Type:              Setup (Max at Slow Process Corner)
  Requirement:            20.000ns  (clk_out1_pll rise@20.000ns - clk_out1_pll rise@0.000ns)
  Data Path Delay:        3.987ns  (logic 0.483ns (12.115%)  route 3.504ns (87.885%))
  Logic Levels:           2  (LUT3=1 LUT4=1)
  Clock Path Skew:        -0.018ns (DCD - SCD + CPR)
    Destination Clock Delay (DCD):    -1.564ns = ( 18.436 - 20.000 ) 
    Source Clock Delay      (SCD):    -2.131ns
    Clock Pessimism Removal (CPR):    -0.586ns
  Clock Uncertainty:      0.074ns  ((TSJ^2 + DJ^2)^1/2) / 2 + PE
    Total System Jitter     (TSJ):    0.071ns
    Discrete Jitter          (DJ):    0.129ns
    Phase Error              (PE):    0.000ns

    Location             Delay type                Incr(ns)  Path(ns)    Netlist Resource(s)
  -------------------------------------------------------------------    -------------------
                         (clock clk_out1_pll rise edge)
                                                      0.000     0.000 r  
    AD12                                              0.000     0.000 r  i_sys_clk_p (IN)
                         net (fo=0)                   0.000     0.000    pll_inst/inst/clk_in1_p
    AD12                 IBUFDS (Prop_ibufds_I_O)     0.906     0.906 r  pll_inst/inst/clkin1_ibufgds/O
                         net (fo=1, routed)           1.081     1.987    pll_inst/inst/clk_in1_pll
    MMCME2_ADV_X1Y1      MMCME2_ADV (Prop_mmcme2_adv_CLKIN1_CLKOUT0)
                                                     -7.786    -5.799 r  pll_inst/inst/mmcm_adv_inst/CLKOUT0
                         net (fo=1, routed)           2.130    -3.669    pll_inst/inst/clk_out1_pll
    BUFGCTRL_X0Y1        BUFG (Prop_bufg_I_O)         0.093    -3.576 r  pll_inst/inst/clkout1_buf/O
                         net (fo=581, routed)         1.445    -2.131    student_top_inst/mem_bridge/seg_driver/clk
    SLICE_X40Y120        FDCE                                         r  student_top_inst/mem_bridge/seg_driver/count_reg[4]/C
  -------------------------------------------------------------------    -------------------
    SLICE_X40Y120        FDCE (Prop_fdce_C_Q)         0.204    -1.927 r  student_top_inst/mem_bridge/seg_driver/count_reg[4]/Q
                         net (fo=26, routed)          2.187     0.259    student_top_inst/mem_bridge/seg_driver/ans[6]
    SLICE_X28Y97         LUT3 (Prop_lut3_I1_O)        0.132     0.391 r  student_top_inst/mem_bridge/seg_driver/SEG3_i_4/O
                         net (fo=7, routed)           0.446     0.838    student_top_inst/mem_bridge/seg_driver/SEG3/din[0]
    SLICE_X28Y98         LUT4 (Prop_lut4_I3_O)        0.147     0.985 r  student_top_inst/mem_bridge/seg_driver/SEG3/dout[3]_INST_0/O
                         net (fo=2, routed)           0.871     1.856    virtual_seg_OBUF[23]
    SLICE_X39Y115        FDCE                                         r  virtual_seg_50_d1_reg[23]/D
  -------------------------------------------------------------------    -------------------

                         (clock clk_out1_pll rise edge)
                                                     20.000    20.000 r  
    AD12                                              0.000    20.000 r  i_sys_clk_p (IN)
                         net (fo=0)                   0.000    20.000    pll_inst/inst/clk_in1_p
    AD12                 IBUFDS (Prop_ibufds_I_O)     0.803    20.803 r  pll_inst/inst/clkin1_ibufgds/O
                         net (fo=1, routed)           0.986    21.789    pll_inst/inst/clk_in1_pll
    MMCME2_ADV_X1Y1      MMCME2_ADV (Prop_mmcme2_adv_CLKIN1_CLKOUT0)
                                                     -6.759    15.030 r  pll_inst/inst/mmcm_adv_inst/CLKOUT0
                         net (fo=1, routed)           2.005    17.035    pll_inst/inst/clk_out1_pll
    BUFGCTRL_X0Y1        BUFG (Prop_bufg_I_O)         0.083    17.118 r  pll_inst/inst/clkout1_buf/O
                         net (fo=581, routed)         1.318    18.436    w_clk_50Mhz
    SLICE_X39Y115        FDCE                                         r  virtual_seg_50_d1_reg[23]/C
                         clock pessimism             -0.586    17.851    
                         clock uncertainty           -0.074    17.777    
    SLICE_X39Y115        FDCE (Setup_fdce_C_D)       -0.099    17.678    virtual_seg_50_d1_reg[23]
  -------------------------------------------------------------------
                         required time                         17.678    
                         arrival time                          -1.856    
  -------------------------------------------------------------------
                         slack                                 15.822    

Slack (MET) :             15.992ns  (required time - arrival time)
  Source:                 student_top_inst/mem_bridge/seg_driver/count_reg[4]/C
                            (rising edge-triggered cell FDCE clocked by clk_out1_pll  {rise@0.000ns fall@10.000ns period=20.000ns})
  Destination:            virtual_seg_50_d1_reg[25]/D
                            (rising edge-triggered cell FDCE clocked by clk_out1_pll  {rise@0.000ns fall@10.000ns period=20.000ns})
  Path Group:             clk_out1_pll
  Path Type:              Setup (Max at Slow Process Corner)
  Requirement:            20.000ns  (clk_out1_pll rise@20.000ns - clk_out1_pll rise@0.000ns)
  Data Path Delay:        3.817ns  (logic 0.377ns (9.876%)  route 3.440ns (90.124%))
  Logic Levels:           2  (LUT3=1 LUT4=1)
  Clock Path Skew:        -0.018ns (DCD - SCD + CPR)
    Destination Clock Delay (DCD):    -1.564ns = ( 18.436 - 20.000 ) 
    Source Clock Delay      (SCD):    -2.131ns
    Clock Pessimism Removal (CPR):    -0.586ns
  Clock Uncertainty:      0.074ns  ((TSJ^2 + DJ^2)^1/2) / 2 + PE
    Total System Jitter     (TSJ):    0.071ns
    Discrete Jitter          (DJ):    0.129ns
    Phase Error              (PE):    0.000ns

    Location             Delay type                Incr(ns)  Path(ns)    Netlist Resource(s)
  -------------------------------------------------------------------    -------------------
                         (clock clk_out1_pll rise edge)
                                                      0.000     0.000 r  
    AD12                                              0.000     0.000 r  i_sys_clk_p (IN)
                         net (fo=0)                   0.000     0.000    pll_inst/inst/clk_in1_p
    AD12                 IBUFDS (Prop_ibufds_I_O)     0.906     0.906 r  pll_inst/inst/clkin1_ibufgds/O
                         net (fo=1, routed)           1.081     1.987    pll_inst/inst/clk_in1_pll
    MMCME2_ADV_X1Y1      MMCME2_ADV (Prop_mmcme2_adv_CLKIN1_CLKOUT0)
                                                     -7.786    -5.799 r  pll_inst/inst/mmcm_adv_inst/CLKOUT0
                         net (fo=1, routed)           2.130    -3.669    pll_inst/inst/clk_out1_pll
    BUFGCTRL_X0Y1        BUFG (Prop_bufg_I_O)         0.093    -3.576 r  pll_inst/inst/clkout1_buf/O
                         net (fo=581, routed)         1.445    -2.131    student_top_inst/mem_bridge/seg_driver/clk
    SLICE_X40Y120        FDCE                                         r  student_top_inst/mem_bridge/seg_driver/count_reg[4]/C
  -------------------------------------------------------------------    -------------------
    SLICE_X40Y120        FDCE (Prop_fdce_C_Q)         0.204    -1.927 r  student_top_inst/mem_bridge/seg_driver/count_reg[4]/Q
                         net (fo=26, routed)          2.187     0.259    student_top_inst/mem_bridge/seg_driver/ans[6]
    SLICE_X28Y97         LUT3 (Prop_lut3_I1_O)        0.123     0.382 r  student_top_inst/mem_bridge/seg_driver/SEG3_i_3/O
                         net (fo=7, routed)           0.457     0.840    student_top_inst/mem_bridge/seg_driver/SEG3/din[1]
    SLICE_X28Y98         LUT4 (Prop_lut4_I2_O)        0.050     0.890 r  student_top_inst/mem_bridge/seg_driver/SEG3/dout[5]_INST_0/O
                         net (fo=2, routed)           0.796     1.686    virtual_seg_OBUF[25]
    SLICE_X39Y115        FDCE                                         r  virtual_seg_50_d1_reg[25]/D
  -------------------------------------------------------------------    -------------------

                         (clock clk_out1_pll rise edge)
                                                     20.000    20.000 r  
    AD12                                              0.000    20.000 r  i_sys_clk_p (IN)
                         net (fo=0)                   0.000    20.000    pll_inst/inst/clk_in1_p
    AD12                 IBUFDS (Prop_ibufds_I_O)     0.803    20.803 r  pll_inst/inst/clkin1_ibufgds/O
                         net (fo=1, routed)           0.986    21.789    pll_inst/inst/clk_in1_pll
    MMCME2_ADV_X1Y1      MMCME2_ADV (Prop_mmcme2_adv_CLKIN1_CLKOUT0)
                                                     -6.759    15.030 r  pll_inst/inst/mmcm_adv_inst/CLKOUT0
                         net (fo=1, routed)           2.005    17.035    pll_inst/inst/clk_out1_pll
    BUFGCTRL_X0Y1        BUFG (Prop_bufg_I_O)         0.083    17.118 r  pll_inst/inst/clkout1_buf/O
                         net (fo=581, routed)         1.318    18.436    w_clk_50Mhz
    SLICE_X39Y115        FDCE                                         r  virtual_seg_50_d1_reg[25]/C
                         clock pessimism             -0.586    17.851    
                         clock uncertainty           -0.074    17.777    
    SLICE_X39Y115        FDCE (Setup_fdce_C_D)       -0.099    17.678    virtual_seg_50_d1_reg[25]
  -------------------------------------------------------------------
                         required time                         17.678    
                         arrival time                          -1.686    
  -------------------------------------------------------------------
                         slack                                 15.992    

Slack (MET) :             16.003ns  (required time - arrival time)
  Source:                 student_top_inst/mem_bridge/seg_driver/count_reg[4]/C
                            (rising edge-triggered cell FDCE clocked by clk_out1_pll  {rise@0.000ns fall@10.000ns period=20.000ns})
  Destination:            virtual_seg_50_d1_reg[20]/D
                            (rising edge-triggered cell FDCE clocked by clk_out1_pll  {rise@0.000ns fall@10.000ns period=20.000ns})
  Path Group:             clk_out1_pll
  Path Type:              Setup (Max at Slow Process Corner)
  Requirement:            20.000ns  (clk_out1_pll rise@20.000ns - clk_out1_pll rise@0.000ns)
  Data Path Delay:        3.878ns  (logic 0.472ns (12.170%)  route 3.406ns (87.830%))
  Logic Levels:           2  (LUT3=1 LUT4=1)
  Clock Path Skew:        -0.036ns (DCD - SCD + CPR)
    Destination Clock Delay (DCD):    -1.561ns = ( 18.439 - 20.000 ) 
    Source Clock Delay      (SCD):    -2.131ns
    Clock Pessimism Removal (CPR):    -0.607ns
  Clock Uncertainty:      0.074ns  ((TSJ^2 + DJ^2)^1/2) / 2 + PE
    Total System Jitter     (TSJ):    0.071ns
    Discrete Jitter          (DJ):    0.129ns
    Phase Error              (PE):    0.000ns

    Location             Delay type                Incr(ns)  Path(ns)    Netlist Resource(s)
  -------------------------------------------------------------------    -------------------
                         (clock clk_out1_pll rise edge)
                                                      0.000     0.000 r  
    AD12                                              0.000     0.000 r  i_sys_clk_p (IN)
                         net (fo=0)                   0.000     0.000    pll_inst/inst/clk_in1_p
    AD12                 IBUFDS (Prop_ibufds_I_O)     0.906     0.906 r  pll_inst/inst/clkin1_ibufgds/O
                         net (fo=1, routed)           1.081     1.987    pll_inst/inst/clk_in1_pll
    MMCME2_ADV_X1Y1      MMCME2_ADV (Prop_mmcme2_adv_CLKIN1_CLKOUT0)
                                                     -7.786    -5.799 r  pll_inst/inst/mmcm_adv_inst/CLKOUT0
                         net (fo=1, routed)           2.130    -3.669    pll_inst/inst/clk_out1_pll
    BUFGCTRL_X0Y1        BUFG (Prop_bufg_I_O)         0.093    -3.576 r  pll_inst/inst/clkout1_buf/O
                         net (fo=581, routed)         1.445    -2.131    student_top_inst/mem_bridge/seg_driver/clk
    SLICE_X40Y120        FDCE                                         r  student_top_inst/mem_bridge/seg_driver/count_reg[4]/C
  -------------------------------------------------------------------    -------------------
    SLICE_X40Y120        FDCE (Prop_fdce_C_Q)         0.204    -1.927 r  student_top_inst/mem_bridge/seg_driver/count_reg[4]/Q
                         net (fo=26, routed)          2.187     0.259    student_top_inst/mem_bridge/seg_driver/ans[6]
    SLICE_X28Y97         LUT3 (Prop_lut3_I1_O)        0.132     0.391 r  student_top_inst/mem_bridge/seg_driver/SEG3_i_4/O
                         net (fo=7, routed)           0.441     0.832    student_top_inst/mem_bridge/seg_driver/SEG3/din[0]
    SLICE_X28Y98         LUT4 (Prop_lut4_I3_O)        0.136     0.968 r  student_top_inst/mem_bridge/seg_driver/SEG3/dout[0]_INST_0/O
                         net (fo=2, routed)           0.779     1.747    virtual_seg_OBUF[20]
    SLICE_X36Y114        FDCE                                         r  virtual_seg_50_d1_reg[20]/D
  -------------------------------------------------------------------    -------------------

                         (clock clk_out1_pll rise edge)
                                                     20.000    20.000 r  
    AD12                                              0.000    20.000 r  i_sys_clk_p (IN)
                         net (fo=0)                   0.000    20.000    pll_inst/inst/clk_in1_p
    AD12                 IBUFDS (Prop_ibufds_I_O)     0.803    20.803 r  pll_inst/inst/clkin1_ibufgds/O
                         net (fo=1, routed)           0.986    21.789    pll_inst/inst/clk_in1_pll
    MMCME2_ADV_X1Y1      MMCME2_ADV (Prop_mmcme2_adv_CLKIN1_CLKOUT0)
                                                     -6.759    15.030 r  pll_inst/inst/mmcm_adv_inst/CLKOUT0
                         net (fo=1, routed)           2.005    17.035    pll_inst/inst/clk_out1_pll
    BUFGCTRL_X0Y1        BUFG (Prop_bufg_I_O)         0.083    17.118 r  pll_inst/inst/clkout1_buf/O
                         net (fo=581, routed)         1.321    18.439    w_clk_50Mhz
    SLICE_X36Y114        FDCE                                         r  virtual_seg_50_d1_reg[20]/C
                         clock pessimism             -0.607    17.833    
                         clock uncertainty           -0.074    17.759    
    SLICE_X36Y114        FDCE (Setup_fdce_C_D)       -0.009    17.750    virtual_seg_50_d1_reg[20]
  -------------------------------------------------------------------
                         required time                         17.750    
                         arrival time                          -1.747    
  -------------------------------------------------------------------
                         slack                                 16.003    

Slack (MET) :             16.005ns  (required time - arrival time)
  Source:                 student_top_inst/mem_bridge/seg_driver/count_reg[4]/C
                            (rising edge-triggered cell FDCE clocked by clk_out1_pll  {rise@0.000ns fall@10.000ns period=20.000ns})
  Destination:            virtual_seg_50_d1_reg[35]/D
                            (rising edge-triggered cell FDCE clocked by clk_out1_pll  {rise@0.000ns fall@10.000ns period=20.000ns})
  Path Group:             clk_out1_pll
  Path Type:              Setup (Max at Slow Process Corner)
  Requirement:            20.000ns  (clk_out1_pll rise@20.000ns - clk_out1_pll rise@0.000ns)
  Data Path Delay:        3.835ns  (logic 0.377ns (9.830%)  route 3.458ns (90.170%))
  Logic Levels:           2  (LUT3=1 LUT4=1)
  Clock Path Skew:        -0.019ns (DCD - SCD + CPR)
    Destination Clock Delay (DCD):    -1.565ns = ( 18.435 - 20.000 ) 
    Source Clock Delay      (SCD):    -2.131ns
    Clock Pessimism Removal (CPR):    -0.586ns
  Clock Uncertainty:      0.074ns  ((TSJ^2 + DJ^2)^1/2) / 2 + PE
    Total System Jitter     (TSJ):    0.071ns
    Discrete Jitter          (DJ):    0.129ns
    Phase Error              (PE):    0.000ns

    Location             Delay type                Incr(ns)  Path(ns)    Netlist Resource(s)
  -------------------------------------------------------------------    -------------------
                         (clock clk_out1_pll rise edge)
                                                      0.000     0.000 r  
    AD12                                              0.000     0.000 r  i_sys_clk_p (IN)
                         net (fo=0)                   0.000     0.000    pll_inst/inst/clk_in1_p
    AD12                 IBUFDS (Prop_ibufds_I_O)     0.906     0.906 r  pll_inst/inst/clkin1_ibufgds/O
                         net (fo=1, routed)           1.081     1.987    pll_inst/inst/clk_in1_pll
    MMCME2_ADV_X1Y1      MMCME2_ADV (Prop_mmcme2_adv_CLKIN1_CLKOUT0)
                                                     -7.786    -5.799 r  pll_inst/inst/mmcm_adv_inst/CLKOUT0
                         net (fo=1, routed)           2.130    -3.669    pll_inst/inst/clk_out1_pll
    BUFGCTRL_X0Y1        BUFG (Prop_bufg_I_O)         0.093    -3.576 r  pll_inst/inst/clkout1_buf/O
                         net (fo=581, routed)         1.445    -2.131    student_top_inst/mem_bridge/seg_driver/clk
    SLICE_X40Y120        FDCE                                         r  student_top_inst/mem_bridge/seg_driver/count_reg[4]/C
  -------------------------------------------------------------------    -------------------
    SLICE_X40Y120        FDCE (Prop_fdce_C_Q)         0.204    -1.927 r  student_top_inst/mem_bridge/seg_driver/count_reg[4]/Q
                         net (fo=26, routed)          2.035     0.107    student_top_inst/mem_bridge/seg_driver/ans[6]
    SLICE_X30Y97         LUT3 (Prop_lut3_I1_O)        0.123     0.230 r  student_top_inst/mem_bridge/seg_driver/SEG4_i_1/O
                         net (fo=7, routed)           0.542     0.773    student_top_inst/mem_bridge/seg_driver/SEG4/din[3]
    SLICE_X29Y97         LUT4 (Prop_lut4_I0_O)        0.050     0.823 r  student_top_inst/mem_bridge/seg_driver/SEG4/dout[5]_INST_0/O
                         net (fo=2, routed)           0.881     1.704    virtual_seg_OBUF[35]
    SLICE_X38Y116        FDCE                                         r  virtual_seg_50_d1_reg[35]/D
  -------------------------------------------------------------------    -------------------

                         (clock clk_out1_pll rise edge)
                                                     20.000    20.000 r  
    AD12                                              0.000    20.000 r  i_sys_clk_p (IN)
                         net (fo=0)                   0.000    20.000    pll_inst/inst/clk_in1_p
    AD12                 IBUFDS (Prop_ibufds_I_O)     0.803    20.803 r  pll_inst/inst/clkin1_ibufgds/O
                         net (fo=1, routed)           0.986    21.789    pll_inst/inst/clk_in1_pll
    MMCME2_ADV_X1Y1      MMCME2_ADV (Prop_mmcme2_adv_CLKIN1_CLKOUT0)
                                                     -6.759    15.030 r  pll_inst/inst/mmcm_adv_inst/CLKOUT0
                         net (fo=1, routed)           2.005    17.035    pll_inst/inst/clk_out1_pll
    BUFGCTRL_X0Y1        BUFG (Prop_bufg_I_O)         0.083    17.118 r  pll_inst/inst/clkout1_buf/O
                         net (fo=581, routed)         1.317    18.435    w_clk_50Mhz
    SLICE_X38Y116        FDCE                                         r  virtual_seg_50_d1_reg[35]/C
                         clock pessimism             -0.586    17.850    
                         clock uncertainty           -0.074    17.776    
    SLICE_X38Y116        FDCE (Setup_fdce_C_D)       -0.067    17.709    virtual_seg_50_d1_reg[35]
  -------------------------------------------------------------------
                         required time                         17.709    
                         arrival time                          -1.704    
  -------------------------------------------------------------------
                         slack                                 16.005    

Slack (MET) :             16.054ns  (required time - arrival time)
  Source:                 student_top_inst/mem_bridge/seg_driver/count_reg[4]/C
                            (rising edge-triggered cell FDCE clocked by clk_out1_pll  {rise@0.000ns fall@10.000ns period=20.000ns})
  Destination:            virtual_seg_50_d1_reg[33]/D
                            (rising edge-triggered cell FDCE clocked by clk_out1_pll  {rise@0.000ns fall@10.000ns period=20.000ns})
  Path Group:             clk_out1_pll
  Path Type:              Setup (Max at Slow Process Corner)
  Requirement:            20.000ns  (clk_out1_pll rise@20.000ns - clk_out1_pll rise@0.000ns)
  Data Path Delay:        3.752ns  (logic 0.482ns (12.845%)  route 3.270ns (87.155%))
  Logic Levels:           2  (LUT3=1 LUT4=1)
  Clock Path Skew:        -0.016ns (DCD - SCD + CPR)
    Destination Clock Delay (DCD):    -1.562ns = ( 18.438 - 20.000 ) 
    Source Clock Delay      (SCD):    -2.131ns
    Clock Pessimism Removal (CPR):    -0.586ns
  Clock Uncertainty:      0.074ns  ((TSJ^2 + DJ^2)^1/2) / 2 + PE
    Total System Jitter     (TSJ):    0.071ns
    Discrete Jitter          (DJ):    0.129ns
    Phase Error              (PE):    0.000ns

    Location             Delay type                Incr(ns)  Path(ns)    Netlist Resource(s)
  -------------------------------------------------------------------    -------------------
                         (clock clk_out1_pll rise edge)
                                                      0.000     0.000 r  
    AD12                                              0.000     0.000 r  i_sys_clk_p (IN)
                         net (fo=0)                   0.000     0.000    pll_inst/inst/clk_in1_p
    AD12                 IBUFDS (Prop_ibufds_I_O)     0.906     0.906 r  pll_inst/inst/clkin1_ibufgds/O
                         net (fo=1, routed)           1.081     1.987    pll_inst/inst/clk_in1_pll
    MMCME2_ADV_X1Y1      MMCME2_ADV (Prop_mmcme2_adv_CLKIN1_CLKOUT0)
                                                     -7.786    -5.799 r  pll_inst/inst/mmcm_adv_inst/CLKOUT0
                         net (fo=1, routed)           2.130    -3.669    pll_inst/inst/clk_out1_pll
    BUFGCTRL_X0Y1        BUFG (Prop_bufg_I_O)         0.093    -3.576 r  pll_inst/inst/clkout1_buf/O
                         net (fo=581, routed)         1.445    -2.131    student_top_inst/mem_bridge/seg_driver/clk
    SLICE_X40Y120        FDCE                                         r  student_top_inst/mem_bridge/seg_driver/count_reg[4]/C
  -------------------------------------------------------------------    -------------------
    SLICE_X40Y120        FDCE (Prop_fdce_C_Q)         0.204    -1.927 r  student_top_inst/mem_bridge/seg_driver/count_reg[4]/Q
                         net (fo=26, routed)          2.035     0.107    student_top_inst/mem_bridge/seg_driver/ans[6]
    SLICE_X31Y97         LUT3 (Prop_lut3_I1_O)        0.131     0.238 r  student_top_inst/mem_bridge/seg_driver/SEG4_i_4/O
                         net (fo=7, routed)           0.452     0.690    student_top_inst/mem_bridge/seg_driver/SEG4/din[0]
    SLICE_X29Y97         LUT4 (Prop_lut4_I3_O)        0.147     0.837 r  student_top_inst/mem_bridge/seg_driver/SEG4/dout[3]_INST_0/O
                         net (fo=2, routed)           0.784     1.621    virtual_seg_OBUF[33]
    SLICE_X39Y113        FDCE                                         r  virtual_seg_50_d1_reg[33]/D
  -------------------------------------------------------------------    -------------------

                         (clock clk_out1_pll rise edge)
                                                     20.000    20.000 r  
    AD12                                              0.000    20.000 r  i_sys_clk_p (IN)
                         net (fo=0)                   0.000    20.000    pll_inst/inst/clk_in1_p
    AD12                 IBUFDS (Prop_ibufds_I_O)     0.803    20.803 r  pll_inst/inst/clkin1_ibufgds/O
                         net (fo=1, routed)           0.986    21.789    pll_inst/inst/clk_in1_pll
    MMCME2_ADV_X1Y1      MMCME2_ADV (Prop_mmcme2_adv_CLKIN1_CLKOUT0)
                                                     -6.759    15.030 r  pll_inst/inst/mmcm_adv_inst/CLKOUT0
                         net (fo=1, routed)           2.005    17.035    pll_inst/inst/clk_out1_pll
    BUFGCTRL_X0Y1        BUFG (Prop_bufg_I_O)         0.083    17.118 r  pll_inst/inst/clkout1_buf/O
                         net (fo=581, routed)         1.320    18.438    w_clk_50Mhz
    SLICE_X39Y113        FDCE                                         r  virtual_seg_50_d1_reg[33]/C
                         clock pessimism             -0.586    17.853    
                         clock uncertainty           -0.074    17.779    
    SLICE_X39Y113        FDCE (Setup_fdce_C_D)       -0.104    17.675    virtual_seg_50_d1_reg[33]
  -------------------------------------------------------------------
                         required time                         17.675    
                         arrival time                          -1.621    
  -------------------------------------------------------------------
                         slack                                 16.054    

Slack (MET) :             16.103ns  (required time - arrival time)
  Source:                 student_top_inst/mem_bridge/seg_driver/count_reg[4]/C
                            (rising edge-triggered cell FDCE clocked by clk_out1_pll  {rise@0.000ns fall@10.000ns period=20.000ns})
  Destination:            virtual_seg_50_d1_reg[34]/D
                            (rising edge-triggered cell FDCE clocked by clk_out1_pll  {rise@0.000ns fall@10.000ns period=20.000ns})
  Path Group:             clk_out1_pll
  Path Type:              Setup (Max at Slow Process Corner)
  Requirement:            20.000ns  (clk_out1_pll rise@20.000ns - clk_out1_pll rise@0.000ns)
  Data Path Delay:        3.798ns  (logic 0.370ns (9.741%)  route 3.428ns (90.259%))
  Logic Levels:           2  (LUT3=1 LUT4=1)
  Clock Path Skew:        -0.016ns (DCD - SCD + CPR)
    Destination Clock Delay (DCD):    -1.562ns = ( 18.438 - 20.000 ) 
    Source Clock Delay      (SCD):    -2.131ns
    Clock Pessimism Removal (CPR):    -0.586ns
  Clock Uncertainty:      0.074ns  ((TSJ^2 + DJ^2)^1/2) / 2 + PE
    Total System Jitter     (TSJ):    0.071ns
    Discrete Jitter          (DJ):    0.129ns
    Phase Error              (PE):    0.000ns

    Location             Delay type                Incr(ns)  Path(ns)    Netlist Resource(s)
  -------------------------------------------------------------------    -------------------
                         (clock clk_out1_pll rise edge)
                                                      0.000     0.000 r  
    AD12                                              0.000     0.000 r  i_sys_clk_p (IN)
                         net (fo=0)                   0.000     0.000    pll_inst/inst/clk_in1_p
    AD12                 IBUFDS (Prop_ibufds_I_O)     0.906     0.906 r  pll_inst/inst/clkin1_ibufgds/O
                         net (fo=1, routed)           1.081     1.987    pll_inst/inst/clk_in1_pll
    MMCME2_ADV_X1Y1      MMCME2_ADV (Prop_mmcme2_adv_CLKIN1_CLKOUT0)
                                                     -7.786    -5.799 r  pll_inst/inst/mmcm_adv_inst/CLKOUT0
                         net (fo=1, routed)           2.130    -3.669    pll_inst/inst/clk_out1_pll
    BUFGCTRL_X0Y1        BUFG (Prop_bufg_I_O)         0.093    -3.576 r  pll_inst/inst/clkout1_buf/O
                         net (fo=581, routed)         1.445    -2.131    student_top_inst/mem_bridge/seg_driver/clk
    SLICE_X40Y120        FDCE                                         r  student_top_inst/mem_bridge/seg_driver/count_reg[4]/C
  -------------------------------------------------------------------    -------------------
    SLICE_X40Y120        FDCE (Prop_fdce_C_Q)         0.204    -1.927 r  student_top_inst/mem_bridge/seg_driver/count_reg[4]/Q
                         net (fo=26, routed)          2.035     0.107    student_top_inst/mem_bridge/seg_driver/ans[6]
    SLICE_X30Y97         LUT3 (Prop_lut3_I1_O)        0.123     0.230 r  student_top_inst/mem_bridge/seg_driver/SEG4_i_1/O
                         net (fo=7, routed)           0.542     0.773    student_top_inst/mem_bridge/seg_driver/SEG4/din[3]
    SLICE_X29Y97         LUT4 (Prop_lut4_I0_O)        0.043     0.816 r  student_top_inst/mem_bridge/seg_driver/SEG4/dout[4]_INST_0/O
                         net (fo=2, routed)           0.851     1.667    virtual_seg_OBUF[34]
    SLICE_X39Y113        FDCE                                         r  virtual_seg_50_d1_reg[34]/D
  -------------------------------------------------------------------    -------------------

                         (clock clk_out1_pll rise edge)
                                                     20.000    20.000 r  
    AD12                                              0.000    20.000 r  i_sys_clk_p (IN)
                         net (fo=0)                   0.000    20.000    pll_inst/inst/clk_in1_p
    AD12                 IBUFDS (Prop_ibufds_I_O)     0.803    20.803 r  pll_inst/inst/clkin1_ibufgds/O
                         net (fo=1, routed)           0.986    21.789    pll_inst/inst/clk_in1_pll
    MMCME2_ADV_X1Y1      MMCME2_ADV (Prop_mmcme2_adv_CLKIN1_CLKOUT0)
                                                     -6.759    15.030 r  pll_inst/inst/mmcm_adv_inst/CLKOUT0
                         net (fo=1, routed)           2.005    17.035    pll_inst/inst/clk_out1_pll
    BUFGCTRL_X0Y1        BUFG (Prop_bufg_I_O)         0.083    17.118 r  pll_inst/inst/clkout1_buf/O
                         net (fo=581, routed)         1.320    18.438    w_clk_50Mhz
    SLICE_X39Y113        FDCE                                         r  virtual_seg_50_d1_reg[34]/C
                         clock pessimism             -0.586    17.853    
                         clock uncertainty           -0.074    17.779    
    SLICE_X39Y113        FDCE (Setup_fdce_C_D)       -0.009    17.770    virtual_seg_50_d1_reg[34]
  -------------------------------------------------------------------
                         required time                         17.770    
                         arrival time                          -1.667    
  -------------------------------------------------------------------
                         slack                                 16.103    

Slack (MET) :             16.112ns  (required time - arrival time)
  Source:                 student_top_inst/mem_bridge/seg_driver/count_reg[4]/C
                            (rising edge-triggered cell FDCE clocked by clk_out1_pll  {rise@0.000ns fall@10.000ns period=20.000ns})
  Destination:            virtual_seg_50_d1_reg[31]/D
                            (rising edge-triggered cell FDCE clocked by clk_out1_pll  {rise@0.000ns fall@10.000ns period=20.000ns})
  Path Group:             clk_out1_pll
  Path Type:              Setup (Max at Slow Process Corner)
  Requirement:            20.000ns  (clk_out1_pll rise@20.000ns - clk_out1_pll rise@0.000ns)
  Data Path Delay:        3.730ns  (logic 0.477ns (12.789%)  route 3.253ns (87.211%))
  Logic Levels:           2  (LUT3=1 LUT4=1)
  Clock Path Skew:        -0.015ns (DCD - SCD + CPR)
    Destination Clock Delay (DCD):    -1.561ns = ( 18.439 - 20.000 ) 
    Source Clock Delay      (SCD):    -2.131ns
    Clock Pessimism Removal (CPR):    -0.586ns
  Clock Uncertainty:      0.074ns  ((TSJ^2 + DJ^2)^1/2) / 2 + PE
    Total System Jitter     (TSJ):    0.071ns
    Discrete Jitter          (DJ):    0.129ns
    Phase Error              (PE):    0.000ns

    Location             Delay type                Incr(ns)  Path(ns)    Netlist Resource(s)
  -------------------------------------------------------------------    -------------------
                         (clock clk_out1_pll rise edge)
                                                      0.000     0.000 r  
    AD12                                              0.000     0.000 r  i_sys_clk_p (IN)
                         net (fo=0)                   0.000     0.000    pll_inst/inst/clk_in1_p
    AD12                 IBUFDS (Prop_ibufds_I_O)     0.906     0.906 r  pll_inst/inst/clkin1_ibufgds/O
                         net (fo=1, routed)           1.081     1.987    pll_inst/inst/clk_in1_pll
    MMCME2_ADV_X1Y1      MMCME2_ADV (Prop_mmcme2_adv_CLKIN1_CLKOUT0)
                                                     -7.786    -5.799 r  pll_inst/inst/mmcm_adv_inst/CLKOUT0
                         net (fo=1, routed)           2.130    -3.669    pll_inst/inst/clk_out1_pll
    BUFGCTRL_X0Y1        BUFG (Prop_bufg_I_O)         0.093    -3.576 r  pll_inst/inst/clkout1_buf/O
                         net (fo=581, routed)         1.445    -2.131    student_top_inst/mem_bridge/seg_driver/clk
    SLICE_X40Y120        FDCE                                         r  student_top_inst/mem_bridge/seg_driver/count_reg[4]/C
  -------------------------------------------------------------------    -------------------
    SLICE_X40Y120        FDCE (Prop_fdce_C_Q)         0.204    -1.927 r  student_top_inst/mem_bridge/seg_driver/count_reg[4]/Q
                         net (fo=26, routed)          2.035     0.107    student_top_inst/mem_bridge/seg_driver/ans[6]
    SLICE_X31Y97         LUT3 (Prop_lut3_I1_O)        0.131     0.238 r  student_top_inst/mem_bridge/seg_driver/SEG4_i_4/O
                         net (fo=7, routed)           0.452     0.690    student_top_inst/mem_bridge/seg_driver/SEG4/din[0]
    SLICE_X29Y97         LUT4 (Prop_lut4_I1_O)        0.142     0.832 r  student_top_inst/mem_bridge/seg_driver/SEG4/dout[1]_INST_0/O
                         net (fo=2, routed)           0.766     1.598    virtual_seg_OBUF[31]
    SLICE_X38Y110        FDCE                                         r  virtual_seg_50_d1_reg[31]/D
  -------------------------------------------------------------------    -------------------

                         (clock clk_out1_pll rise edge)
                                                     20.000    20.000 r  
    AD12                                              0.000    20.000 r  i_sys_clk_p (IN)
                         net (fo=0)                   0.000    20.000    pll_inst/inst/clk_in1_p
    AD12                 IBUFDS (Prop_ibufds_I_O)     0.803    20.803 r  pll_inst/inst/clkin1_ibufgds/O
                         net (fo=1, routed)           0.986    21.789    pll_inst/inst/clk_in1_pll
    MMCME2_ADV_X1Y1      MMCME2_ADV (Prop_mmcme2_adv_CLKIN1_CLKOUT0)
                                                     -6.759    15.030 r  pll_inst/inst/mmcm_adv_inst/CLKOUT0
                         net (fo=1, routed)           2.005    17.035    pll_inst/inst/clk_out1_pll
    BUFGCTRL_X0Y1        BUFG (Prop_bufg_I_O)         0.083    17.118 r  pll_inst/inst/clkout1_buf/O
                         net (fo=581, routed)         1.321    18.439    w_clk_50Mhz
    SLICE_X38Y110        FDCE                                         r  virtual_seg_50_d1_reg[31]/C
                         clock pessimism             -0.586    17.854    
                         clock uncertainty           -0.074    17.780    
    SLICE_X38Y110        FDCE (Setup_fdce_C_D)       -0.070    17.710    virtual_seg_50_d1_reg[31]
  -------------------------------------------------------------------
                         required time                         17.710    
                         arrival time                          -1.598    
  -------------------------------------------------------------------
                         slack                                 16.112    

Slack (MET) :             16.112ns  (required time - arrival time)
  Source:                 student_top_inst/mem_bridge/seg_driver/count_reg[4]/C
                            (rising edge-triggered cell FDCE clocked by clk_out1_pll  {rise@0.000ns fall@10.000ns period=20.000ns})
  Destination:            virtual_seg_50_d1_reg[32]/D
                            (rising edge-triggered cell FDCE clocked by clk_out1_pll  {rise@0.000ns fall@10.000ns period=20.000ns})
  Path Group:             clk_out1_pll
  Path Type:              Setup (Max at Slow Process Corner)
  Requirement:            20.000ns  (clk_out1_pll rise@20.000ns - clk_out1_pll rise@0.000ns)
  Data Path Delay:        3.769ns  (logic 0.471ns (12.495%)  route 3.298ns (87.505%))
  Logic Levels:           2  (LUT3=1 LUT4=1)
  Clock Path Skew:        -0.035ns (DCD - SCD + CPR)
    Destination Clock Delay (DCD):    -1.560ns = ( 18.440 - 20.000 ) 
    Source Clock Delay      (SCD):    -2.131ns
    Clock Pessimism Removal (CPR):    -0.607ns
  Clock Uncertainty:      0.074ns  ((TSJ^2 + DJ^2)^1/2) / 2 + PE
    Total System Jitter     (TSJ):    0.071ns
    Discrete Jitter          (DJ):    0.129ns
    Phase Error              (PE):    0.000ns

    Location             Delay type                Incr(ns)  Path(ns)    Netlist Resource(s)
  -------------------------------------------------------------------    -------------------
                         (clock clk_out1_pll rise edge)
                                                      0.000     0.000 r  
    AD12                                              0.000     0.000 r  i_sys_clk_p (IN)
                         net (fo=0)                   0.000     0.000    pll_inst/inst/clk_in1_p
    AD12                 IBUFDS (Prop_ibufds_I_O)     0.906     0.906 r  pll_inst/inst/clkin1_ibufgds/O
                         net (fo=1, routed)           1.081     1.987    pll_inst/inst/clk_in1_pll
    MMCME2_ADV_X1Y1      MMCME2_ADV (Prop_mmcme2_adv_CLKIN1_CLKOUT0)
                                                     -7.786    -5.799 r  pll_inst/inst/mmcm_adv_inst/CLKOUT0
                         net (fo=1, routed)           2.130    -3.669    pll_inst/inst/clk_out1_pll
    BUFGCTRL_X0Y1        BUFG (Prop_bufg_I_O)         0.093    -3.576 r  pll_inst/inst/clkout1_buf/O
                         net (fo=581, routed)         1.445    -2.131    student_top_inst/mem_bridge/seg_driver/clk
    SLICE_X40Y120        FDCE                                         r  student_top_inst/mem_bridge/seg_driver/count_reg[4]/C
  -------------------------------------------------------------------    -------------------
    SLICE_X40Y120        FDCE (Prop_fdce_C_Q)         0.204    -1.927 r  student_top_inst/mem_bridge/seg_driver/count_reg[4]/Q
                         net (fo=26, routed)          2.035     0.107    student_top_inst/mem_bridge/seg_driver/ans[6]
    SLICE_X31Y97         LUT3 (Prop_lut3_I1_O)        0.131     0.238 r  student_top_inst/mem_bridge/seg_driver/SEG4_i_4/O
                         net (fo=7, routed)           0.452     0.690    student_top_inst/mem_bridge/seg_driver/SEG4/din[0]
    SLICE_X29Y97         LUT4 (Prop_lut4_I3_O)        0.136     0.826 r  student_top_inst/mem_bridge/seg_driver/SEG4/dout[2]_INST_0/O
                         net (fo=2, routed)           0.812     1.638    virtual_seg_OBUF[32]
    SLICE_X37Y113        FDCE                                         r  virtual_seg_50_d1_reg[32]/D
  -------------------------------------------------------------------    -------------------

                         (clock clk_out1_pll rise edge)
                                                     20.000    20.000 r  
    AD12                                              0.000    20.000 r  i_sys_clk_p (IN)
                         net (fo=0)                   0.000    20.000    pll_inst/inst/clk_in1_p
    AD12                 IBUFDS (Prop_ibufds_I_O)     0.803    20.803 r  pll_inst/inst/clkin1_ibufgds/O
                         net (fo=1, routed)           0.986    21.789    pll_inst/inst/clk_in1_pll
    MMCME2_ADV_X1Y1      MMCME2_ADV (Prop_mmcme2_adv_CLKIN1_CLKOUT0)
                                                     -6.759    15.030 r  pll_inst/inst/mmcm_adv_inst/CLKOUT0
                         net (fo=1, routed)           2.005    17.035    pll_inst/inst/clk_out1_pll
    BUFGCTRL_X0Y1        BUFG (Prop_bufg_I_O)         0.083    17.118 r  pll_inst/inst/clkout1_buf/O
                         net (fo=581, routed)         1.322    18.440    w_clk_50Mhz
    SLICE_X37Y113        FDCE                                         r  virtual_seg_50_d1_reg[32]/C
                         clock pessimism             -0.607    17.834    
                         clock uncertainty           -0.074    17.760    
    SLICE_X37Y113        FDCE (Setup_fdce_C_D)       -0.010    17.750    virtual_seg_50_d1_reg[32]
  -------------------------------------------------------------------
                         required time                         17.750    
                         arrival time                          -1.638    
  -------------------------------------------------------------------
                         slack                                 16.112    

Slack (MET) :             16.150ns  (required time - arrival time)
  Source:                 student_top_inst/mem_bridge/seg_driver/count_reg[4]/C
                            (rising edge-triggered cell FDCE clocked by clk_out1_pll  {rise@0.000ns fall@10.000ns period=20.000ns})
  Destination:            virtual_seg_50_d1_reg[22]/D
                            (rising edge-triggered cell FDCE clocked by clk_out1_pll  {rise@0.000ns fall@10.000ns period=20.000ns})
  Path Group:             clk_out1_pll
  Path Type:              Setup (Max at Slow Process Corner)
  Requirement:            20.000ns  (clk_out1_pll rise@20.000ns - clk_out1_pll rise@0.000ns)
  Data Path Delay:        3.782ns  (logic 0.472ns (12.479%)  route 3.310ns (87.521%))
  Logic Levels:           2  (LUT3=1 LUT4=1)
  Clock Path Skew:        -0.015ns (DCD - SCD + CPR)
    Destination Clock Delay (DCD):    -1.561ns = ( 18.439 - 20.000 ) 
    Source Clock Delay      (SCD):    -2.131ns
    Clock Pessimism Removal (CPR):    -0.586ns
  Clock Uncertainty:      0.074ns  ((TSJ^2 + DJ^2)^1/2) / 2 + PE
    Total System Jitter     (TSJ):    0.071ns
    Discrete Jitter          (DJ):    0.129ns
    Phase Error              (PE):    0.000ns

    Location             Delay type                Incr(ns)  Path(ns)    Netlist Resource(s)
  -------------------------------------------------------------------    -------------------
                         (clock clk_out1_pll rise edge)
                                                      0.000     0.000 r  
    AD12                                              0.000     0.000 r  i_sys_clk_p (IN)
                         net (fo=0)                   0.000     0.000    pll_inst/inst/clk_in1_p
    AD12                 IBUFDS (Prop_ibufds_I_O)     0.906     0.906 r  pll_inst/inst/clkin1_ibufgds/O
                         net (fo=1, routed)           1.081     1.987    pll_inst/inst/clk_in1_pll
    MMCME2_ADV_X1Y1      MMCME2_ADV (Prop_mmcme2_adv_CLKIN1_CLKOUT0)
                                                     -7.786    -5.799 r  pll_inst/inst/mmcm_adv_inst/CLKOUT0
                         net (fo=1, routed)           2.130    -3.669    pll_inst/inst/clk_out1_pll
    BUFGCTRL_X0Y1        BUFG (Prop_bufg_I_O)         0.093    -3.576 r  pll_inst/inst/clkout1_buf/O
                         net (fo=581, routed)         1.445    -2.131    student_top_inst/mem_bridge/seg_driver/clk
    SLICE_X40Y120        FDCE                                         r  student_top_inst/mem_bridge/seg_driver/count_reg[4]/C
  -------------------------------------------------------------------    -------------------
    SLICE_X40Y120        FDCE (Prop_fdce_C_Q)         0.204    -1.927 r  student_top_inst/mem_bridge/seg_driver/count_reg[4]/Q
                         net (fo=26, routed)          2.187     0.259    student_top_inst/mem_bridge/seg_driver/ans[6]
    SLICE_X28Y97         LUT3 (Prop_lut3_I1_O)        0.132     0.391 r  student_top_inst/mem_bridge/seg_driver/SEG3_i_4/O
                         net (fo=7, routed)           0.446     0.838    student_top_inst/mem_bridge/seg_driver/SEG3/din[0]
    SLICE_X28Y98         LUT4 (Prop_lut4_I3_O)        0.136     0.974 r  student_top_inst/mem_bridge/seg_driver/SEG3/dout[2]_INST_0/O
                         net (fo=2, routed)           0.677     1.651    virtual_seg_OBUF[22]
    SLICE_X38Y110        FDCE                                         r  virtual_seg_50_d1_reg[22]/D
  -------------------------------------------------------------------    -------------------

                         (clock clk_out1_pll rise edge)
                                                     20.000    20.000 r  
    AD12                                              0.000    20.000 r  i_sys_clk_p (IN)
                         net (fo=0)                   0.000    20.000    pll_inst/inst/clk_in1_p
    AD12                 IBUFDS (Prop_ibufds_I_O)     0.803    20.803 r  pll_inst/inst/clkin1_ibufgds/O
                         net (fo=1, routed)           0.986    21.789    pll_inst/inst/clk_in1_pll
    MMCME2_ADV_X1Y1      MMCME2_ADV (Prop_mmcme2_adv_CLKIN1_CLKOUT0)
                                                     -6.759    15.030 r  pll_inst/inst/mmcm_adv_inst/CLKOUT0
                         net (fo=1, routed)           2.005    17.035    pll_inst/inst/clk_out1_pll
    BUFGCTRL_X0Y1        BUFG (Prop_bufg_I_O)         0.083    17.118 r  pll_inst/inst/clkout1_buf/O
                         net (fo=581, routed)         1.321    18.439    w_clk_50Mhz
    SLICE_X38Y110        FDCE                                         r  virtual_seg_50_d1_reg[22]/C
                         clock pessimism             -0.586    17.854    
                         clock uncertainty           -0.074    17.780    
    SLICE_X38Y110        FDCE (Setup_fdce_C_D)        0.021    17.801    virtual_seg_50_d1_reg[22]
  -------------------------------------------------------------------
                         required time                         17.801    
                         arrival time                          -1.651    
  -------------------------------------------------------------------
                         slack                                 16.150    

Slack (MET) :             16.179ns  (required time - arrival time)
  Source:                 student_top_inst/mem_bridge/seg_driver/count_reg[4]/C
                            (rising edge-triggered cell FDCE clocked by clk_out1_pll  {rise@0.000ns fall@10.000ns period=20.000ns})
  Destination:            virtual_seg_50_d1_reg[26]/D
                            (rising edge-triggered cell FDCE clocked by clk_out1_pll  {rise@0.000ns fall@10.000ns period=20.000ns})
  Path Group:             clk_out1_pll
  Path Type:              Setup (Max at Slow Process Corner)
  Requirement:            20.000ns  (clk_out1_pll rise@20.000ns - clk_out1_pll rise@0.000ns)
  Data Path Delay:        3.755ns  (logic 0.370ns (9.854%)  route 3.385ns (90.146%))
  Logic Levels:           2  (LUT3=1 LUT4=1)
  Clock Path Skew:        -0.015ns (DCD - SCD + CPR)
    Destination Clock Delay (DCD):    -1.561ns = ( 18.439 - 20.000 ) 
    Source Clock Delay      (SCD):    -2.131ns
    Clock Pessimism Removal (CPR):    -0.586ns
  Clock Uncertainty:      0.074ns  ((TSJ^2 + DJ^2)^1/2) / 2 + PE
    Total System Jitter     (TSJ):    0.071ns
    Discrete Jitter          (DJ):    0.129ns
    Phase Error              (PE):    0.000ns

    Location             Delay type                Incr(ns)  Path(ns)    Netlist Resource(s)
  -------------------------------------------------------------------    -------------------
                         (clock clk_out1_pll rise edge)
                                                      0.000     0.000 r  
    AD12                                              0.000     0.000 r  i_sys_clk_p (IN)
                         net (fo=0)                   0.000     0.000    pll_inst/inst/clk_in1_p
    AD12                 IBUFDS (Prop_ibufds_I_O)     0.906     0.906 r  pll_inst/inst/clkin1_ibufgds/O
                         net (fo=1, routed)           1.081     1.987    pll_inst/inst/clk_in1_pll
    MMCME2_ADV_X1Y1      MMCME2_ADV (Prop_mmcme2_adv_CLKIN1_CLKOUT0)
                                                     -7.786    -5.799 r  pll_inst/inst/mmcm_adv_inst/CLKOUT0
                         net (fo=1, routed)           2.130    -3.669    pll_inst/inst/clk_out1_pll
    BUFGCTRL_X0Y1        BUFG (Prop_bufg_I_O)         0.093    -3.576 r  pll_inst/inst/clkout1_buf/O
                         net (fo=581, routed)         1.445    -2.131    student_top_inst/mem_bridge/seg_driver/clk
    SLICE_X40Y120        FDCE                                         r  student_top_inst/mem_bridge/seg_driver/count_reg[4]/C
  -------------------------------------------------------------------    -------------------
    SLICE_X40Y120        FDCE (Prop_fdce_C_Q)         0.204    -1.927 r  student_top_inst/mem_bridge/seg_driver/count_reg[4]/Q
                         net (fo=26, routed)          2.187     0.259    student_top_inst/mem_bridge/seg_driver/ans[6]
    SLICE_X28Y97         LUT3 (Prop_lut3_I1_O)        0.123     0.382 r  student_top_inst/mem_bridge/seg_driver/SEG3_i_3/O
                         net (fo=7, routed)           0.459     0.841    student_top_inst/mem_bridge/seg_driver/SEG3/din[1]
    SLICE_X28Y98         LUT4 (Prop_lut4_I3_O)        0.043     0.884 r  student_top_inst/mem_bridge/seg_driver/SEG3/dout[6]_INST_0/O
                         net (fo=2, routed)           0.739     1.623    virtual_seg_OBUF[26]
    SLICE_X38Y110        FDCE                                         r  virtual_seg_50_d1_reg[26]/D
  -------------------------------------------------------------------    -------------------

                         (clock clk_out1_pll rise edge)
                                                     20.000    20.000 r  
    AD12                                              0.000    20.000 r  i_sys_clk_p (IN)
                         net (fo=0)                   0.000    20.000    pll_inst/inst/clk_in1_p
    AD12                 IBUFDS (Prop_ibufds_I_O)     0.803    20.803 r  pll_inst/inst/clkin1_ibufgds/O
                         net (fo=1, routed)           0.986    21.789    pll_inst/inst/clk_in1_pll
    MMCME2_ADV_X1Y1      MMCME2_ADV (Prop_mmcme2_adv_CLKIN1_CLKOUT0)
                                                     -6.759    15.030 r  pll_inst/inst/mmcm_adv_inst/CLKOUT0
                         net (fo=1, routed)           2.005    17.035    pll_inst/inst/clk_out1_pll
    BUFGCTRL_X0Y1        BUFG (Prop_bufg_I_O)         0.083    17.118 r  pll_inst/inst/clkout1_buf/O
                         net (fo=581, routed)         1.321    18.439    w_clk_50Mhz
    SLICE_X38Y110        FDCE                                         r  virtual_seg_50_d1_reg[26]/C
                         clock pessimism             -0.586    17.854    
                         clock uncertainty           -0.074    17.780    
    SLICE_X38Y110        FDCE (Setup_fdce_C_D)        0.022    17.802    virtual_seg_50_d1_reg[26]
  -------------------------------------------------------------------
                         required time                         17.802    
                         arrival time                          -1.623    
  -------------------------------------------------------------------
                         slack                                 16.179    

Slack (MET) :             16.240ns  (required time - arrival time)
  Source:                 student_top_inst/mem_bridge/seg_driver/count_reg[4]/C
                            (rising edge-triggered cell FDCE clocked by clk_out1_pll  {rise@0.000ns fall@10.000ns period=20.000ns})
  Destination:            virtual_seg_50_d1_reg[36]/D
                            (rising edge-triggered cell FDCE clocked by clk_out1_pll  {rise@0.000ns fall@10.000ns period=20.000ns})
  Path Group:             clk_out1_pll
  Path Type:              Setup (Max at Slow Process Corner)
  Requirement:            20.000ns  (clk_out1_pll rise@20.000ns - clk_out1_pll rise@0.000ns)
  Data Path Delay:        3.640ns  (logic 0.471ns (12.938%)  route 3.169ns (87.062%))
  Logic Levels:           2  (LUT3=1 LUT4=1)
  Clock Path Skew:        -0.036ns (DCD - SCD + CPR)
    Destination Clock Delay (DCD):    -1.561ns = ( 18.439 - 20.000 ) 
    Source Clock Delay      (SCD):    -2.131ns
    Clock Pessimism Removal (CPR):    -0.607ns
  Clock Uncertainty:      0.074ns  ((TSJ^2 + DJ^2)^1/2) / 2 + PE
    Total System Jitter     (TSJ):    0.071ns
    Discrete Jitter          (DJ):    0.129ns
    Phase Error              (PE):    0.000ns

    Location             Delay type                Incr(ns)  Path(ns)    Netlist Resource(s)
  -------------------------------------------------------------------    -------------------
                         (clock clk_out1_pll rise edge)
                                                      0.000     0.000 r  
    AD12                                              0.000     0.000 r  i_sys_clk_p (IN)
                         net (fo=0)                   0.000     0.000    pll_inst/inst/clk_in1_p
    AD12                 IBUFDS (Prop_ibufds_I_O)     0.906     0.906 r  pll_inst/inst/clkin1_ibufgds/O
                         net (fo=1, routed)           1.081     1.987    pll_inst/inst/clk_in1_pll
    MMCME2_ADV_X1Y1      MMCME2_ADV (Prop_mmcme2_adv_CLKIN1_CLKOUT0)
                                                     -7.786    -5.799 r  pll_inst/inst/mmcm_adv_inst/CLKOUT0
                         net (fo=1, routed)           2.130    -3.669    pll_inst/inst/clk_out1_pll
    BUFGCTRL_X0Y1        BUFG (Prop_bufg_I_O)         0.093    -3.576 r  pll_inst/inst/clkout1_buf/O
                         net (fo=581, routed)         1.445    -2.131    student_top_inst/mem_bridge/seg_driver/clk
    SLICE_X40Y120        FDCE                                         r  student_top_inst/mem_bridge/seg_driver/count_reg[4]/C
  -------------------------------------------------------------------    -------------------
    SLICE_X40Y120        FDCE (Prop_fdce_C_Q)         0.204    -1.927 r  student_top_inst/mem_bridge/seg_driver/count_reg[4]/Q
                         net (fo=26, routed)          2.035     0.107    student_top_inst/mem_bridge/seg_driver/ans[6]
    SLICE_X31Y97         LUT3 (Prop_lut3_I1_O)        0.131     0.238 r  student_top_inst/mem_bridge/seg_driver/SEG4_i_4/O
                         net (fo=7, routed)           0.333     0.571    student_top_inst/mem_bridge/seg_driver/SEG4/din[0]
    SLICE_X29Y97         LUT4 (Prop_lut4_I1_O)        0.136     0.707 r  student_top_inst/mem_bridge/seg_driver/SEG4/dout[6]_INST_0/O
                         net (fo=2, routed)           0.802     1.509    virtual_seg_OBUF[36]
    SLICE_X36Y114        FDCE                                         r  virtual_seg_50_d1_reg[36]/D
  -------------------------------------------------------------------    -------------------

                         (clock clk_out1_pll rise edge)
                                                     20.000    20.000 r  
    AD12                                              0.000    20.000 r  i_sys_clk_p (IN)
                         net (fo=0)                   0.000    20.000    pll_inst/inst/clk_in1_p
    AD12                 IBUFDS (Prop_ibufds_I_O)     0.803    20.803 r  pll_inst/inst/clkin1_ibufgds/O
                         net (fo=1, routed)           0.986    21.789    pll_inst/inst/clk_in1_pll
    MMCME2_ADV_X1Y1      MMCME2_ADV (Prop_mmcme2_adv_CLKIN1_CLKOUT0)
                                                     -6.759    15.030 r  pll_inst/inst/mmcm_adv_inst/CLKOUT0
                         net (fo=1, routed)           2.005    17.035    pll_inst/inst/clk_out1_pll
    BUFGCTRL_X0Y1        BUFG (Prop_bufg_I_O)         0.083    17.118 r  pll_inst/inst/clkout1_buf/O
                         net (fo=581, routed)         1.321    18.439    w_clk_50Mhz
    SLICE_X36Y114        FDCE                                         r  virtual_seg_50_d1_reg[36]/C
                         clock pessimism             -0.607    17.833    
                         clock uncertainty           -0.074    17.759    
    SLICE_X36Y114        FDCE (Setup_fdce_C_D)       -0.010    17.749    virtual_seg_50_d1_reg[36]
  -------------------------------------------------------------------
                         required time                         17.749    
                         arrival time                          -1.509    
  -------------------------------------------------------------------
                         slack                                 16.240    

Slack (MET) :             16.263ns  (required time - arrival time)
  Source:                 student_top_inst/mem_bridge/seg_driver/count_reg[4]/C
                            (rising edge-triggered cell FDCE clocked by clk_out1_pll  {rise@0.000ns fall@10.000ns period=20.000ns})
  Destination:            virtual_seg_50_d1_reg[24]/D
                            (rising edge-triggered cell FDCE clocked by clk_out1_pll  {rise@0.000ns fall@10.000ns period=20.000ns})
  Path Group:             clk_out1_pll
  Path Type:              Setup (Max at Slow Process Corner)
  Requirement:            20.000ns  (clk_out1_pll rise@20.000ns - clk_out1_pll rise@0.000ns)
  Data Path Delay:        3.622ns  (logic 0.370ns (10.214%)  route 3.252ns (89.786%))
  Logic Levels:           2  (LUT3=1 LUT4=1)
  Clock Path Skew:        -0.032ns (DCD - SCD + CPR)
    Destination Clock Delay (DCD):    -1.557ns = ( 18.443 - 20.000 ) 
    Source Clock Delay      (SCD):    -2.131ns
    Clock Pessimism Removal (CPR):    -0.607ns
  Clock Uncertainty:      0.074ns  ((TSJ^2 + DJ^2)^1/2) / 2 + PE
    Total System Jitter     (TSJ):    0.071ns
    Discrete Jitter          (DJ):    0.129ns
    Phase Error              (PE):    0.000ns

    Location             Delay type                Incr(ns)  Path(ns)    Netlist Resource(s)
  -------------------------------------------------------------------    -------------------
                         (clock clk_out1_pll rise edge)
                                                      0.000     0.000 r  
    AD12                                              0.000     0.000 r  i_sys_clk_p (IN)
                         net (fo=0)                   0.000     0.000    pll_inst/inst/clk_in1_p
    AD12                 IBUFDS (Prop_ibufds_I_O)     0.906     0.906 r  pll_inst/inst/clkin1_ibufgds/O
                         net (fo=1, routed)           1.081     1.987    pll_inst/inst/clk_in1_pll
    MMCME2_ADV_X1Y1      MMCME2_ADV (Prop_mmcme2_adv_CLKIN1_CLKOUT0)
                                                     -7.786    -5.799 r  pll_inst/inst/mmcm_adv_inst/CLKOUT0
                         net (fo=1, routed)           2.130    -3.669    pll_inst/inst/clk_out1_pll
    BUFGCTRL_X0Y1        BUFG (Prop_bufg_I_O)         0.093    -3.576 r  pll_inst/inst/clkout1_buf/O
                         net (fo=581, routed)         1.445    -2.131    student_top_inst/mem_bridge/seg_driver/clk
    SLICE_X40Y120        FDCE                                         r  student_top_inst/mem_bridge/seg_driver/count_reg[4]/C
  -------------------------------------------------------------------    -------------------
    SLICE_X40Y120        FDCE (Prop_fdce_C_Q)         0.204    -1.927 r  student_top_inst/mem_bridge/seg_driver/count_reg[4]/Q
                         net (fo=26, routed)          2.187     0.259    student_top_inst/mem_bridge/seg_driver/ans[6]
    SLICE_X28Y97         LUT3 (Prop_lut3_I1_O)        0.123     0.382 r  student_top_inst/mem_bridge/seg_driver/SEG3_i_3/O
                         net (fo=7, routed)           0.457     0.840    student_top_inst/mem_bridge/seg_driver/SEG3/din[1]
    SLICE_X28Y98         LUT4 (Prop_lut4_I1_O)        0.043     0.883 r  student_top_inst/mem_bridge/seg_driver/SEG3/dout[4]_INST_0/O
                         net (fo=2, routed)           0.608     1.491    virtual_seg_OBUF[24]
    SLICE_X36Y106        FDCE                                         r  virtual_seg_50_d1_reg[24]/D
  -------------------------------------------------------------------    -------------------

                         (clock clk_out1_pll rise edge)
                                                     20.000    20.000 r  
    AD12                                              0.000    20.000 r  i_sys_clk_p (IN)
                         net (fo=0)                   0.000    20.000    pll_inst/inst/clk_in1_p
    AD12                 IBUFDS (Prop_ibufds_I_O)     0.803    20.803 r  pll_inst/inst/clkin1_ibufgds/O
                         net (fo=1, routed)           0.986    21.789    pll_inst/inst/clk_in1_pll
    MMCME2_ADV_X1Y1      MMCME2_ADV (Prop_mmcme2_adv_CLKIN1_CLKOUT0)
                                                     -6.759    15.030 r  pll_inst/inst/mmcm_adv_inst/CLKOUT0
                         net (fo=1, routed)           2.005    17.035    pll_inst/inst/clk_out1_pll
    BUFGCTRL_X0Y1        BUFG (Prop_bufg_I_O)         0.083    17.118 r  pll_inst/inst/clkout1_buf/O
                         net (fo=581, routed)         1.325    18.443    w_clk_50Mhz
    SLICE_X36Y106        FDCE                                         r  virtual_seg_50_d1_reg[24]/C
                         clock pessimism             -0.607    17.837    
                         clock uncertainty           -0.074    17.763    
    SLICE_X36Y106        FDCE (Setup_fdce_C_D)       -0.009    17.754    virtual_seg_50_d1_reg[24]
  -------------------------------------------------------------------
                         required time                         17.754    
                         arrival time                          -1.491    
  -------------------------------------------------------------------
                         slack                                 16.263    

Slack (MET) :             16.285ns  (required time - arrival time)
  Source:                 student_top_inst/mem_bridge/seg_driver/count_reg[4]/C
                            (rising edge-triggered cell FDCE clocked by clk_out1_pll  {rise@0.000ns fall@10.000ns period=20.000ns})
  Destination:            virtual_seg_50_d1_reg[30]/D
                            (rising edge-triggered cell FDCE clocked by clk_out1_pll  {rise@0.000ns fall@10.000ns period=20.000ns})
  Path Group:             clk_out1_pll
  Path Type:              Setup (Max at Slow Process Corner)
  Requirement:            20.000ns  (clk_out1_pll rise@20.000ns - clk_out1_pll rise@0.000ns)
  Data Path Delay:        3.599ns  (logic 0.471ns (13.085%)  route 3.128ns (86.915%))
  Logic Levels:           2  (LUT3=1 LUT4=1)
  Clock Path Skew:        -0.032ns (DCD - SCD + CPR)
    Destination Clock Delay (DCD):    -1.557ns = ( 18.443 - 20.000 ) 
    Source Clock Delay      (SCD):    -2.131ns
    Clock Pessimism Removal (CPR):    -0.607ns
  Clock Uncertainty:      0.074ns  ((TSJ^2 + DJ^2)^1/2) / 2 + PE
    Total System Jitter     (TSJ):    0.071ns
    Discrete Jitter          (DJ):    0.129ns
    Phase Error              (PE):    0.000ns

    Location             Delay type                Incr(ns)  Path(ns)    Netlist Resource(s)
  -------------------------------------------------------------------    -------------------
                         (clock clk_out1_pll rise edge)
                                                      0.000     0.000 r  
    AD12                                              0.000     0.000 r  i_sys_clk_p (IN)
                         net (fo=0)                   0.000     0.000    pll_inst/inst/clk_in1_p
    AD12                 IBUFDS (Prop_ibufds_I_O)     0.906     0.906 r  pll_inst/inst/clkin1_ibufgds/O
                         net (fo=1, routed)           1.081     1.987    pll_inst/inst/clk_in1_pll
    MMCME2_ADV_X1Y1      MMCME2_ADV (Prop_mmcme2_adv_CLKIN1_CLKOUT0)
                                                     -7.786    -5.799 r  pll_inst/inst/mmcm_adv_inst/CLKOUT0
                         net (fo=1, routed)           2.130    -3.669    pll_inst/inst/clk_out1_pll
    BUFGCTRL_X0Y1        BUFG (Prop_bufg_I_O)         0.093    -3.576 r  pll_inst/inst/clkout1_buf/O
                         net (fo=581, routed)         1.445    -2.131    student_top_inst/mem_bridge/seg_driver/clk
    SLICE_X40Y120        FDCE                                         r  student_top_inst/mem_bridge/seg_driver/count_reg[4]/C
  -------------------------------------------------------------------    -------------------
    SLICE_X40Y120        FDCE (Prop_fdce_C_Q)         0.204    -1.927 r  student_top_inst/mem_bridge/seg_driver/count_reg[4]/Q
                         net (fo=26, routed)          2.035     0.107    student_top_inst/mem_bridge/seg_driver/ans[6]
    SLICE_X31Y97         LUT3 (Prop_lut3_I1_O)        0.131     0.238 r  student_top_inst/mem_bridge/seg_driver/SEG4_i_4/O
                         net (fo=7, routed)           0.452     0.690    student_top_inst/mem_bridge/seg_driver/SEG4/din[0]
    SLICE_X29Y97         LUT4 (Prop_lut4_I3_O)        0.136     0.826 r  student_top_inst/mem_bridge/seg_driver/SEG4/dout[0]_INST_0/O
                         net (fo=2, routed)           0.642     1.468    virtual_seg_OBUF[30]
    SLICE_X36Y106        FDCE                                         r  virtual_seg_50_d1_reg[30]/D
  -------------------------------------------------------------------    -------------------

                         (clock clk_out1_pll rise edge)
                                                     20.000    20.000 r  
    AD12                                              0.000    20.000 r  i_sys_clk_p (IN)
                         net (fo=0)                   0.000    20.000    pll_inst/inst/clk_in1_p
    AD12                 IBUFDS (Prop_ibufds_I_O)     0.803    20.803 r  pll_inst/inst/clkin1_ibufgds/O
                         net (fo=1, routed)           0.986    21.789    pll_inst/inst/clk_in1_pll
    MMCME2_ADV_X1Y1      MMCME2_ADV (Prop_mmcme2_adv_CLKIN1_CLKOUT0)
                                                     -6.759    15.030 r  pll_inst/inst/mmcm_adv_inst/CLKOUT0
                         net (fo=1, routed)           2.005    17.035    pll_inst/inst/clk_out1_pll
    BUFGCTRL_X0Y1        BUFG (Prop_bufg_I_O)         0.083    17.118 r  pll_inst/inst/clkout1_buf/O
                         net (fo=581, routed)         1.325    18.443    w_clk_50Mhz
    SLICE_X36Y106        FDCE                                         r  virtual_seg_50_d1_reg[30]/C
                         clock pessimism             -0.607    17.837    
                         clock uncertainty           -0.074    17.763    
    SLICE_X36Y106        FDCE (Setup_fdce_C_D)       -0.010    17.753    virtual_seg_50_d1_reg[30]
  -------------------------------------------------------------------
                         required time                         17.753    
                         arrival time                          -1.468    
  -------------------------------------------------------------------
                         slack                                 16.285    

Slack (MET) :             16.378ns  (required time - arrival time)
  Source:                 student_top_inst/mem_bridge/seg_driver/count_reg[4]/C
                            (rising edge-triggered cell FDCE clocked by clk_out1_pll  {rise@0.000ns fall@10.000ns period=20.000ns})
  Destination:            virtual_seg_50_d1_reg[5]/D
                            (rising edge-triggered cell FDCE clocked by clk_out1_pll  {rise@0.000ns fall@10.000ns period=20.000ns})
  Path Group:             clk_out1_pll
  Path Type:              Setup (Max at Slow Process Corner)
  Requirement:            20.000ns  (clk_out1_pll rise@20.000ns - clk_out1_pll rise@0.000ns)
  Data Path Delay:        3.430ns  (logic 0.474ns (13.820%)  route 2.956ns (86.180%))
  Logic Levels:           2  (LUT3=1 LUT4=1)
  Clock Path Skew:        -0.021ns (DCD - SCD + CPR)
    Destination Clock Delay (DCD):    -1.567ns = ( 18.433 - 20.000 ) 
    Source Clock Delay      (SCD):    -2.131ns
    Clock Pessimism Removal (CPR):    -0.586ns
  Clock Uncertainty:      0.074ns  ((TSJ^2 + DJ^2)^1/2) / 2 + PE
    Total System Jitter     (TSJ):    0.071ns
    Discrete Jitter          (DJ):    0.129ns
    Phase Error              (PE):    0.000ns

    Location             Delay type                Incr(ns)  Path(ns)    Netlist Resource(s)
  -------------------------------------------------------------------    -------------------
                         (clock clk_out1_pll rise edge)
                                                      0.000     0.000 r  
    AD12                                              0.000     0.000 r  i_sys_clk_p (IN)
                         net (fo=0)                   0.000     0.000    pll_inst/inst/clk_in1_p
    AD12                 IBUFDS (Prop_ibufds_I_O)     0.906     0.906 r  pll_inst/inst/clkin1_ibufgds/O
                         net (fo=1, routed)           1.081     1.987    pll_inst/inst/clk_in1_pll
    MMCME2_ADV_X1Y1      MMCME2_ADV (Prop_mmcme2_adv_CLKIN1_CLKOUT0)
                                                     -7.786    -5.799 r  pll_inst/inst/mmcm_adv_inst/CLKOUT0
                         net (fo=1, routed)           2.130    -3.669    pll_inst/inst/clk_out1_pll
    BUFGCTRL_X0Y1        BUFG (Prop_bufg_I_O)         0.093    -3.576 r  pll_inst/inst/clkout1_buf/O
                         net (fo=581, routed)         1.445    -2.131    student_top_inst/mem_bridge/seg_driver/clk
    SLICE_X40Y120        FDCE                                         r  student_top_inst/mem_bridge/seg_driver/count_reg[4]/C
  -------------------------------------------------------------------    -------------------
    SLICE_X40Y120        FDCE (Prop_fdce_C_Q)         0.204    -1.927 r  student_top_inst/mem_bridge/seg_driver/count_reg[4]/Q
                         net (fo=26, routed)          1.608    -0.319    student_top_inst/mem_bridge/seg_driver/ans[6]
    SLICE_X41Y105        LUT3 (Prop_lut3_I1_O)        0.131    -0.188 f  student_top_inst/mem_bridge/seg_driver/SEG1_i_4/O
                         net (fo=7, routed)           1.071     0.883    student_top_inst/mem_bridge/seg_driver/SEG1/din[0]
    SLICE_X38Y118        LUT4 (Prop_lut4_I3_O)        0.139     1.022 r  student_top_inst/mem_bridge/seg_driver/SEG1/dout[5]_INST_0/O
                         net (fo=2, routed)           0.276     1.298    virtual_seg_OBUF[5]
    SLICE_X39Y119        FDCE                                         r  virtual_seg_50_d1_reg[5]/D
  -------------------------------------------------------------------    -------------------

                         (clock clk_out1_pll rise edge)
                                                     20.000    20.000 r  
    AD12                                              0.000    20.000 r  i_sys_clk_p (IN)
                         net (fo=0)                   0.000    20.000    pll_inst/inst/clk_in1_p
    AD12                 IBUFDS (Prop_ibufds_I_O)     0.803    20.803 r  pll_inst/inst/clkin1_ibufgds/O
                         net (fo=1, routed)           0.986    21.789    pll_inst/inst/clk_in1_pll
    MMCME2_ADV_X1Y1      MMCME2_ADV (Prop_mmcme2_adv_CLKIN1_CLKOUT0)
                                                     -6.759    15.030 r  pll_inst/inst/mmcm_adv_inst/CLKOUT0
                         net (fo=1, routed)           2.005    17.035    pll_inst/inst/clk_out1_pll
    BUFGCTRL_X0Y1        BUFG (Prop_bufg_I_O)         0.083    17.118 r  pll_inst/inst/clkout1_buf/O
                         net (fo=581, routed)         1.315    18.433    w_clk_50Mhz
    SLICE_X39Y119        FDCE                                         r  virtual_seg_50_d1_reg[5]/C
                         clock pessimism             -0.586    17.848    
                         clock uncertainty           -0.074    17.774    
    SLICE_X39Y119        FDCE (Setup_fdce_C_D)       -0.098    17.676    virtual_seg_50_d1_reg[5]
  -------------------------------------------------------------------
                         required time                         17.676    
                         arrival time                          -1.298    
  -------------------------------------------------------------------
                         slack                                 16.378    

Slack (MET) :             16.417ns  (required time - arrival time)
  Source:                 student_top_inst/mem_bridge/seg_driver/count_reg[4]/C
                            (rising edge-triggered cell FDCE clocked by clk_out1_pll  {rise@0.000ns fall@10.000ns period=20.000ns})
  Destination:            virtual_seg_50_d1_reg[1]/D
                            (rising edge-triggered cell FDCE clocked by clk_out1_pll  {rise@0.000ns fall@10.000ns period=20.000ns})
  Path Group:             clk_out1_pll
  Path Type:              Setup (Max at Slow Process Corner)
  Requirement:            20.000ns  (clk_out1_pll rise@20.000ns - clk_out1_pll rise@0.000ns)
  Data Path Delay:        3.389ns  (logic 0.475ns (14.017%)  route 2.914ns (85.983%))
  Logic Levels:           2  (LUT3=1 LUT4=1)
  Clock Path Skew:        -0.021ns (DCD - SCD + CPR)
    Destination Clock Delay (DCD):    -1.567ns = ( 18.433 - 20.000 ) 
    Source Clock Delay      (SCD):    -2.131ns
    Clock Pessimism Removal (CPR):    -0.586ns
  Clock Uncertainty:      0.074ns  ((TSJ^2 + DJ^2)^1/2) / 2 + PE
    Total System Jitter     (TSJ):    0.071ns
    Discrete Jitter          (DJ):    0.129ns
    Phase Error              (PE):    0.000ns

    Location             Delay type                Incr(ns)  Path(ns)    Netlist Resource(s)
  -------------------------------------------------------------------    -------------------
                         (clock clk_out1_pll rise edge)
                                                      0.000     0.000 r  
    AD12                                              0.000     0.000 r  i_sys_clk_p (IN)
                         net (fo=0)                   0.000     0.000    pll_inst/inst/clk_in1_p
    AD12                 IBUFDS (Prop_ibufds_I_O)     0.906     0.906 r  pll_inst/inst/clkin1_ibufgds/O
                         net (fo=1, routed)           1.081     1.987    pll_inst/inst/clk_in1_pll
    MMCME2_ADV_X1Y1      MMCME2_ADV (Prop_mmcme2_adv_CLKIN1_CLKOUT0)
                                                     -7.786    -5.799 r  pll_inst/inst/mmcm_adv_inst/CLKOUT0
                         net (fo=1, routed)           2.130    -3.669    pll_inst/inst/clk_out1_pll
    BUFGCTRL_X0Y1        BUFG (Prop_bufg_I_O)         0.093    -3.576 r  pll_inst/inst/clkout1_buf/O
                         net (fo=581, routed)         1.445    -2.131    student_top_inst/mem_bridge/seg_driver/clk
    SLICE_X40Y120        FDCE                                         r  student_top_inst/mem_bridge/seg_driver/count_reg[4]/C
  -------------------------------------------------------------------    -------------------
    SLICE_X40Y120        FDCE (Prop_fdce_C_Q)         0.204    -1.927 r  student_top_inst/mem_bridge/seg_driver/count_reg[4]/Q
                         net (fo=26, routed)          1.608    -0.319    student_top_inst/mem_bridge/seg_driver/ans[6]
    SLICE_X41Y105        LUT3 (Prop_lut3_I1_O)        0.131    -0.188 r  student_top_inst/mem_bridge/seg_driver/SEG1_i_4/O
                         net (fo=7, routed)           0.952     0.764    student_top_inst/mem_bridge/seg_driver/SEG1/din[0]
    SLICE_X38Y118        LUT4 (Prop_lut4_I1_O)        0.140     0.904 r  student_top_inst/mem_bridge/seg_driver/SEG1/dout[1]_INST_0/O
                         net (fo=2, routed)           0.354     1.257    virtual_seg_OBUF[1]
    SLICE_X39Y119        FDCE                                         r  virtual_seg_50_d1_reg[1]/D
  -------------------------------------------------------------------    -------------------

                         (clock clk_out1_pll rise edge)
                                                     20.000    20.000 r  
    AD12                                              0.000    20.000 r  i_sys_clk_p (IN)
                         net (fo=0)                   0.000    20.000    pll_inst/inst/clk_in1_p
    AD12                 IBUFDS (Prop_ibufds_I_O)     0.803    20.803 r  pll_inst/inst/clkin1_ibufgds/O
                         net (fo=1, routed)           0.986    21.789    pll_inst/inst/clk_in1_pll
    MMCME2_ADV_X1Y1      MMCME2_ADV (Prop_mmcme2_adv_CLKIN1_CLKOUT0)
                                                     -6.759    15.030 r  pll_inst/inst/mmcm_adv_inst/CLKOUT0
                         net (fo=1, routed)           2.005    17.035    pll_inst/inst/clk_out1_pll
    BUFGCTRL_X0Y1        BUFG (Prop_bufg_I_O)         0.083    17.118 r  pll_inst/inst/clkout1_buf/O
                         net (fo=581, routed)         1.315    18.433    w_clk_50Mhz
    SLICE_X39Y119        FDCE                                         r  virtual_seg_50_d1_reg[1]/C
                         clock pessimism             -0.586    17.848    
                         clock uncertainty           -0.074    17.774    
    SLICE_X39Y119        FDCE (Setup_fdce_C_D)       -0.100    17.674    virtual_seg_50_d1_reg[1]
  -------------------------------------------------------------------
                         required time                         17.674    
                         arrival time                          -1.257    
  -------------------------------------------------------------------
                         slack                                 16.417    





Pulse Width Checks
--------------------------------------------------------------------------------------
Clock Name:         clk_out1_pll
Waveform(ns):       { 0.000 10.000 }
Period(ns):         20.000
Sources:            { pll_inst/inst/mmcm_adv_inst/CLKOUT0 }

Check Type        Corner  Lib Pin             Reference Pin  Required(ns)  Actual(ns)  Slack(ns)  Location         Pin
Min Period        n/a     BUFG/I              n/a            1.408         20.000      18.591     BUFGCTRL_X0Y1    pll_inst/inst/clkout1_buf/I
Min Period        n/a     MMCME2_ADV/CLKOUT0  n/a            1.071         20.000      18.929     MMCME2_ADV_X1Y1  pll_inst/inst/mmcm_adv_inst/CLKOUT0
Min Period        n/a     FDPE/C              n/a            0.750         20.000      19.250     SLICE_X38Y120    rst_50m_sync_reg/C
Min Period        n/a     FDCE/C              n/a            0.750         20.000      19.250     SLICE_X37Y113    virtual_led_50_d2_reg[0]/C
Min Period        n/a     FDCE/C              n/a            0.750         20.000      19.250     SLICE_X37Y114    virtual_led_50_d2_reg[10]/C
Min Period        n/a     FDCE/C              n/a            0.750         20.000      19.250     SLICE_X43Y116    virtual_led_50_d2_reg[11]/C
Min Period        n/a     FDCE/C              n/a            0.750         20.000      19.250     SLICE_X39Y116    virtual_led_50_d2_reg[12]/C
Min Period        n/a     FDCE/C              n/a            0.750         20.000      19.250     SLICE_X43Y119    virtual_led_50_d2_reg[13]/C
Min Period        n/a     FDCE/C              n/a            0.750         20.000      19.250     SLICE_X40Y118    virtual_led_50_d2_reg[14]/C
Min Period        n/a     FDCE/C              n/a            0.750         20.000      19.250     SLICE_X41Y117    virtual_led_50_d2_reg[15]/C
Min Period        n/a     FDCE/C              n/a            0.750         20.000      19.250     SLICE_X42Y119    virtual_led_50_d2_reg[16]/C
Min Period        n/a     FDCE/C              n/a            0.750         20.000      19.250     SLICE_X41Y122    virtual_led_50_d2_reg[17]/C
Min Period        n/a     FDCE/C              n/a            0.750         20.000      19.250     SLICE_X38Y122    virtual_led_50_d2_reg[18]/C
Min Period        n/a     FDCE/C              n/a            0.750         20.000      19.250     SLICE_X38Y122    virtual_led_50_d2_reg[19]/C
Min Period        n/a     FDCE/C              n/a            0.750         20.000      19.250     SLICE_X43Y118    virtual_led_50_d2_reg[1]/C
Min Period        n/a     FDCE/C              n/a            0.750         20.000      19.250     SLICE_X43Y120    virtual_led_50_d2_reg[20]/C
Min Period        n/a     FDCE/C              n/a            0.750         20.000      19.250     SLICE_X45Y121    virtual_led_50_d2_reg[21]/C
Min Period        n/a     FDCE/C              n/a            0.750         20.000      19.250     SLICE_X45Y121    virtual_led_50_d2_reg[22]/C
Min Period        n/a     FDCE/C              n/a            0.750         20.000      19.250     SLICE_X45Y121    virtual_led_50_d2_reg[23]/C
Min Period        n/a     FDCE/C              n/a            0.750         20.000      19.250     SLICE_X41Y122    virtual_led_50_d2_reg[24]/C
Max Period        n/a     MMCME2_ADV/CLKOUT0  n/a            213.360       20.000      193.360    MMCME2_ADV_X1Y1  pll_inst/inst/mmcm_adv_inst/CLKOUT0
Low Pulse Width   Slow    FDPE/C              n/a            0.400         10.000      9.600      SLICE_X38Y120    rst_50m_sync_reg/C
Low Pulse Width   Fast    FDPE/C              n/a            0.400         10.000      9.600      SLICE_X38Y120    rst_50m_sync_reg/C
Low Pulse Width   Slow    FDCE/C              n/a            0.400         10.000      9.600      SLICE_X37Y113    virtual_led_50_d2_reg[0]/C
Low Pulse Width   Fast    FDCE/C              n/a            0.400         10.000      9.600      SLICE_X37Y113    virtual_led_50_d2_reg[0]/C
Low Pulse Width   Slow    FDCE/C              n/a            0.400         10.000      9.600      SLICE_X37Y114    virtual_led_50_d2_reg[10]/C
Low Pulse Width   Fast    FDCE/C              n/a            0.400         10.000      9.600      SLICE_X37Y114    virtual_led_50_d2_reg[10]/C
Low Pulse Width   Slow    FDCE/C              n/a            0.400         10.000      9.600      SLICE_X43Y116    virtual_led_50_d2_reg[11]/C
Low Pulse Width   Fast    FDCE/C              n/a            0.400         10.000      9.600      SLICE_X43Y116    virtual_led_50_d2_reg[11]/C
Low Pulse Width   Slow    FDCE/C              n/a            0.400         10.000      9.600      SLICE_X39Y116    virtual_led_50_d2_reg[12]/C
Low Pulse Width   Fast    FDCE/C              n/a            0.400         10.000      9.600      SLICE_X39Y116    virtual_led_50_d2_reg[12]/C
Low Pulse Width   Slow    FDCE/C              n/a            0.400         10.000      9.600      SLICE_X43Y119    virtual_led_50_d2_reg[13]/C
Low Pulse Width   Fast    FDCE/C              n/a            0.400         10.000      9.600      SLICE_X43Y119    virtual_led_50_d2_reg[13]/C
Low Pulse Width   Slow    FDCE/C              n/a            0.400         10.000      9.600      SLICE_X40Y118    virtual_led_50_d2_reg[14]/C
Low Pulse Width   Fast    FDCE/C              n/a            0.400         10.000      9.600      SLICE_X40Y118    virtual_led_50_d2_reg[14]/C
Low Pulse Width   Slow    FDCE/C              n/a            0.400         10.000      9.600      SLICE_X41Y117    virtual_led_50_d2_reg[15]/C
Low Pulse Width   Fast    FDCE/C              n/a            0.400         10.000      9.600      SLICE_X41Y117    virtual_led_50_d2_reg[15]/C
Low Pulse Width   Slow    FDCE/C              n/a            0.400         10.000      9.600      SLICE_X42Y119    virtual_led_50_d2_reg[16]/C
Low Pulse Width   Fast    FDCE/C              n/a            0.400         10.000      9.600      SLICE_X42Y119    virtual_led_50_d2_reg[16]/C
Low Pulse Width   Slow    FDCE/C              n/a            0.400         10.000      9.600      SLICE_X41Y122    virtual_led_50_d2_reg[17]/C
Low Pulse Width   Fast    FDCE/C              n/a            0.400         10.000      9.600      SLICE_X41Y122    virtual_led_50_d2_reg[17]/C
High Pulse Width  Slow    FDPE/C              n/a            0.350         10.000      9.650      SLICE_X38Y120    rst_50m_meta_reg/C
High Pulse Width  Fast    FDPE/C              n/a            0.350         10.000      9.650      SLICE_X38Y120    rst_50m_meta_reg/C
High Pulse Width  Slow    FDPE/C              n/a            0.350         10.000      9.650      SLICE_X38Y120    rst_50m_sync_reg/C
High Pulse Width  Fast    FDPE/C              n/a            0.350         10.000      9.650      SLICE_X38Y120    rst_50m_sync_reg/C
High Pulse Width  Slow    FDCE/C              n/a            0.350         10.000      9.650      SLICE_X37Y113    virtual_led_50_d1_reg[0]/C
High Pulse Width  Fast    FDCE/C              n/a            0.350         10.000      9.650      SLICE_X37Y113    virtual_led_50_d1_reg[0]/C
High Pulse Width  Slow    FDCE/C              n/a            0.350         10.000      9.650      SLICE_X37Y114    virtual_led_50_d1_reg[10]/C
High Pulse Width  Fast    FDCE/C              n/a            0.350         10.000      9.650      SLICE_X37Y114    virtual_led_50_d1_reg[10]/C
High Pulse Width  Slow    FDCE/C              n/a            0.350         10.000      9.650      SLICE_X43Y116    virtual_led_50_d1_reg[11]/C
High Pulse Width  Fast    FDCE/C              n/a            0.350         10.000      9.650      SLICE_X43Y116    virtual_led_50_d1_reg[11]/C
High Pulse Width  Slow    FDCE/C              n/a            0.350         10.000      9.650      SLICE_X39Y116    virtual_led_50_d1_reg[12]/C
High Pulse Width  Fast    FDCE/C              n/a            0.350         10.000      9.650      SLICE_X39Y116    virtual_led_50_d1_reg[12]/C
High Pulse Width  Slow    FDCE/C              n/a            0.350         10.000      9.650      SLICE_X43Y119    virtual_led_50_d1_reg[13]/C
High Pulse Width  Fast    FDCE/C              n/a            0.350         10.000      9.650      SLICE_X43Y119    virtual_led_50_d1_reg[13]/C
High Pulse Width  Slow    FDCE/C              n/a            0.350         10.000      9.650      SLICE_X40Y118    virtual_led_50_d1_reg[14]/C
High Pulse Width  Fast    FDCE/C              n/a            0.350         10.000      9.650      SLICE_X40Y118    virtual_led_50_d1_reg[14]/C
High Pulse Width  Slow    FDCE/C              n/a            0.350         10.000      9.650      SLICE_X41Y117    virtual_led_50_d1_reg[15]/C
High Pulse Width  Fast    FDCE/C              n/a            0.350         10.000      9.650      SLICE_X41Y117    virtual_led_50_d1_reg[15]/C
High Pulse Width  Slow    FDCE/C              n/a            0.350         10.000      9.650      SLICE_X42Y119    virtual_led_50_d1_reg[16]/C
High Pulse Width  Fast    FDCE/C              n/a            0.350         10.000      9.650      SLICE_X42Y119    virtual_led_50_d1_reg[16]/C



---------------------------------------------------------------------------------------------------
From Clock:  clk_out2_pll
  To Clock:  clk_out2_pll

Setup :        11644  Failing Endpoints,  Worst Slack       -4.310ns,  Total Violation   -18012.288ns
Hold  :           NA  Failing Endpoints,  Worst Slack           NA  ,  Total Violation           NA
PW    :            0  Failing Endpoints,  Worst Slack        1.732ns,  Total Violation        0.000ns
---------------------------------------------------------------------------------------------------


Max Delay Paths
--------------------------------------------------------------------------------------
Slack (VIOLATED) :        -4.310ns  (required time - arrival time)
  Source:                 student_top_inst/Core_cpu/u_core_top/u_dcache/tag_q_reg/CLKBWRCLK
                            (rising edge-triggered cell RAMB36E1 clocked by clk_out2_pll  {rise@0.000ns fall@2.500ns period=5.000ns})
  Destination:            student_top_inst/mem_bridge/dram_adapter/dram/U0/inst_blk_mem_gen/gnbram.gnativebmg.native_blk_mem_gen/valid.cstr/ramloop[20].ram.r/prim_init.ram/DEVICE_7SERIES.NO_BMM_INFO.SP.SIMPLE_PRIM36.ram/WEA[0]
                            (rising edge-triggered cell RAMB36E1 clocked by clk_out2_pll  {rise@0.000ns fall@2.500ns period=5.000ns})
  Path Group:             clk_out2_pll
  Path Type:              Setup (Max at Slow Process Corner)
  Requirement:            5.000ns  (clk_out2_pll rise@5.000ns - clk_out2_pll rise@0.000ns)
  Data Path Delay:        8.357ns  (logic 2.610ns (31.231%)  route 5.747ns (68.769%))
  Logic Levels:           11  (CARRY4=2 LUT5=1 LUT6=8)
  Clock Path Skew:        -0.488ns (DCD - SCD + CPR)
    Destination Clock Delay (DCD):    -1.770ns = ( 3.230 - 5.000 ) 
    Source Clock Delay      (SCD):    -1.964ns
    Clock Pessimism Removal (CPR):    -0.682ns
  Clock Uncertainty:      0.060ns  ((TSJ^2 + DJ^2)^1/2) / 2 + PE
    Total System Jitter     (TSJ):    0.071ns
    Discrete Jitter          (DJ):    0.098ns
    Phase Error              (PE):    0.000ns

    Location             Delay type                Incr(ns)  Path(ns)    Netlist Resource(s)
  -------------------------------------------------------------------    -------------------
                         (clock clk_out2_pll rise edge)
                                                      0.000     0.000 r  
    AD12                                              0.000     0.000 r  i_sys_clk_p (IN)
                         net (fo=0)                   0.000     0.000    pll_inst/inst/clk_in1_p
    AD12                 IBUFDS (Prop_ibufds_I_O)     0.906     0.906 r  pll_inst/inst/clkin1_ibufgds/O
                         net (fo=1, routed)           1.081     1.987    pll_inst/inst/clk_in1_pll
    MMCME2_ADV_X1Y1      MMCME2_ADV (Prop_mmcme2_adv_CLKIN1_CLKOUT1)
                                                     -7.786    -5.799 r  pll_inst/inst/mmcm_adv_inst/CLKOUT1
                         net (fo=1, routed)           2.130    -3.669    pll_inst/inst/clk_out2_pll
    BUFGCTRL_X0Y0        BUFG (Prop_bufg_I_O)         0.093    -3.576 r  pll_inst/inst/clkout2_buf/O
                         net (fo=11531, routed)       1.613    -1.964    student_top_inst/Core_cpu/u_core_top/u_dcache/clk
    RAMB36_X3Y17         RAMB36E1                                     r  student_top_inst/Core_cpu/u_core_top/u_dcache/tag_q_reg/CLKBWRCLK
  -------------------------------------------------------------------    -------------------
    RAMB36_X3Y17         RAMB36E1 (Prop_ramb36e1_CLKBWRCLK_DOBDO[4])
                                                      1.800    -0.164 r  student_top_inst/Core_cpu/u_core_top/u_dcache/tag_q_reg/DOBDO[4]
                         net (fo=1, routed)           0.687     0.523    student_top_inst/Core_cpu/u_core_top/u_dcache/tag_read_q[19]
    SLICE_X97Y87         LUT6 (Prop_lut6_I3_O)        0.043     0.566 r  student_top_inst/Core_cpu/u_core_top/u_dcache/cpu_resp_valid_o_INST_0_i_7/O
                         net (fo=1, routed)           0.000     0.566    student_top_inst/Core_cpu/u_core_top/u_dcache/cpu_resp_valid_o_INST_0_i_7_n_0
    SLICE_X97Y87         CARRY4 (Prop_carry4_S[1]_CO[3])
                                                      0.267     0.833 r  student_top_inst/Core_cpu/u_core_top/u_dcache/cpu_resp_valid_o_INST_0_i_2/CO[3]
                         net (fo=1, routed)           0.000     0.833    student_top_inst/Core_cpu/u_core_top/u_dcache/cpu_resp_valid_o_INST_0_i_2_n_0
    SLICE_X97Y88         CARRY4 (Prop_carry4_CI_CO[1])
                                                      0.077     0.910 f  student_top_inst/Core_cpu/u_core_top/u_dcache/cpu_resp_valid_o_INST_0_i_1/CO[1]
                         net (fo=114, routed)         0.637     1.547    student_top_inst/Core_cpu/u_core_top/lookup_hit_c0_alias
    SLICE_X73Y89         LUT6 (Prop_lut6_I3_O)        0.122     1.669 f  student_top_inst/Core_cpu/u_core_top/u_dcache_i_73_comp/O
                         net (fo=29, routed)          0.343     2.012    student_top_inst/Core_cpu/u_core_top/u_dcache_i_73_n_0
    SLICE_X71Y89         LUT6 (Prop_lut6_I2_O)        0.043     2.055 f  student_top_inst/Core_cpu/u_core_top/u_dcache_i_13_comp/O
                         net (fo=5, routed)           0.778     2.833    student_top_inst/Core_cpu/u_core_top/u_dcache/cpu_req_addr_i[21]
    SLICE_X53Y97         LUT6 (Prop_lut6_I1_O)        0.043     2.876 f  student_top_inst/Core_cpu/u_core_top/u_dcache/mem_req_valid_o_INST_0_i_3_comp/O
                         net (fo=2, routed)           0.332     3.209    student_top_inst/Core_cpu/u_core_top/u_dcache/mem_req_valid_o_INST_0_i_3_n_0
    SLICE_X51Y97         LUT6 (Prop_lut6_I1_O)        0.043     3.252 r  student_top_inst/Core_cpu/u_core_top/u_dcache/mem_req_addr_o[31]_INST_0_i_1_comp/O
                         net (fo=34, routed)          0.558     3.810    student_top_inst/mem_bridge/mem_req_addr_o[31]_INST_0_i_1_n_0_alias
    SLICE_X49Y97         LUT6 (Prop_lut6_I4_O)        0.043     3.853 f  student_top_inst/mem_bridge/led_q[31]_i_12_comp_2/O
                         net (fo=1, routed)           0.429     4.282    student_top_inst/mem_bridge/led_q[31]_i_12_n_0
    SLICE_X49Y96         LUT6 (Prop_lut6_I2_O)        0.043     4.325 r  student_top_inst/mem_bridge/led_q[31]_i_6/O
                         net (fo=3, routed)           0.111     4.436    student_top_inst/mem_bridge/led_q[31]_i_6_n_0
    SLICE_X49Y96         LUT6 (Prop_lut6_I5_O)        0.043     4.479 r  student_top_inst/mem_bridge/dram_adapter_i_2/O
                         net (fo=11, routed)          0.219     4.698    student_top_inst/mem_bridge/dram_adapter/dram_sel_alias
    SLICE_X48Y97         LUT5 (Prop_lut5_I3_O)        0.043     4.741 r  student_top_inst/mem_bridge/dram_adapter/dram_i_3_comp/O
                         net (fo=16, routed)          1.653     6.393    student_top_inst/mem_bridge/dram_adapter/dram/U0/inst_blk_mem_gen/gnbram.gnativebmg.native_blk_mem_gen/valid.cstr/ramloop[20].ram.r/prim_init.ram/wea[0]
    RAMB36_X2Y32         RAMB36E1                                     r  student_top_inst/mem_bridge/dram_adapter/dram/U0/inst_blk_mem_gen/gnbram.gnativebmg.native_blk_mem_gen/valid.cstr/ramloop[20].ram.r/prim_init.ram/DEVICE_7SERIES.NO_BMM_INFO.SP.SIMPLE_PRIM36.ram/WEA[0]
  -------------------------------------------------------------------    -------------------

                         (clock clk_out2_pll rise edge)
                                                      5.000     5.000 r  
    AD12                                              0.000     5.000 r  i_sys_clk_p (IN)
                         net (fo=0)                   0.000     5.000    pll_inst/inst/clk_in1_p
    AD12                 IBUFDS (Prop_ibufds_I_O)     0.803     5.803 r  pll_inst/inst/clkin1_ibufgds/O
                         net (fo=1, routed)           0.986     6.789    pll_inst/inst/clk_in1_pll
    MMCME2_ADV_X1Y1      MMCME2_ADV (Prop_mmcme2_adv_CLKIN1_CLKOUT1)
                                                     -6.759     0.030 r  pll_inst/inst/mmcm_adv_inst/CLKOUT1
                         net (fo=1, routed)           2.005     2.035    pll_inst/inst/clk_out2_pll
    BUFGCTRL_X0Y0        BUFG (Prop_bufg_I_O)         0.083     2.118 r  pll_inst/inst/clkout2_buf/O
                         net (fo=11531, routed)       1.111     3.230    student_top_inst/mem_bridge/dram_adapter/dram/U0/inst_blk_mem_gen/gnbram.gnativebmg.native_blk_mem_gen/valid.cstr/ramloop[20].ram.r/prim_init.ram/clka
    RAMB36_X2Y32         RAMB36E1                                     r  student_top_inst/mem_bridge/dram_adapter/dram/U0/inst_blk_mem_gen/gnbram.gnativebmg.native_blk_mem_gen/valid.cstr/ramloop[20].ram.r/prim_init.ram/DEVICE_7SERIES.NO_BMM_INFO.SP.SIMPLE_PRIM36.ram/CLKARDCLK
                         clock pessimism             -0.682     2.548    
                         clock uncertainty           -0.060     2.487    
    RAMB36_X2Y32         RAMB36E1 (Setup_ramb36e1_CLKARDCLK_WEA[0])
                                                     -0.404     2.083    student_top_inst/mem_bridge/dram_adapter/dram/U0/inst_blk_mem_gen/gnbram.gnativebmg.native_blk_mem_gen/valid.cstr/ramloop[20].ram.r/prim_init.ram/DEVICE_7SERIES.NO_BMM_INFO.SP.SIMPLE_PRIM36.ram
  -------------------------------------------------------------------
                         required time                          2.083    
                         arrival time                          -6.393    
  -------------------------------------------------------------------
                         slack                                 -4.310    

Slack (VIOLATED) :        -4.275ns  (required time - arrival time)
  Source:                 student_top_inst/Core_cpu/u_core_top/u_dcache/tag_q_reg/CLKBWRCLK
                            (rising edge-triggered cell RAMB36E1 clocked by clk_out2_pll  {rise@0.000ns fall@2.500ns period=5.000ns})
  Destination:            student_top_inst/mem_bridge/dram_adapter/dram/U0/inst_blk_mem_gen/gnbram.gnativebmg.native_blk_mem_gen/valid.cstr/ramloop[57].ram.r/prim_init.ram/DEVICE_7SERIES.NO_BMM_INFO.SP.SIMPLE_PRIM36.ram/WEA[0]
                            (rising edge-triggered cell RAMB36E1 clocked by clk_out2_pll  {rise@0.000ns fall@2.500ns period=5.000ns})
  Path Group:             clk_out2_pll
  Path Type:              Setup (Max at Slow Process Corner)
  Requirement:            5.000ns  (clk_out2_pll rise@5.000ns - clk_out2_pll rise@0.000ns)
  Data Path Delay:        8.325ns  (logic 2.610ns (31.352%)  route 5.715ns (68.648%))
  Logic Levels:           11  (CARRY4=2 LUT2=1 LUT6=8)
  Clock Path Skew:        -0.485ns (DCD - SCD + CPR)
    Destination Clock Delay (DCD):    -1.767ns = ( 3.233 - 5.000 ) 
    Source Clock Delay      (SCD):    -1.964ns
    Clock Pessimism Removal (CPR):    -0.682ns
  Clock Uncertainty:      0.060ns  ((TSJ^2 + DJ^2)^1/2) / 2 + PE
    Total System Jitter     (TSJ):    0.071ns
    Discrete Jitter          (DJ):    0.098ns
    Phase Error              (PE):    0.000ns

    Location             Delay type                Incr(ns)  Path(ns)    Netlist Resource(s)
  -------------------------------------------------------------------    -------------------
                         (clock clk_out2_pll rise edge)
                                                      0.000     0.000 r  
    AD12                                              0.000     0.000 r  i_sys_clk_p (IN)
                         net (fo=0)                   0.000     0.000    pll_inst/inst/clk_in1_p
    AD12                 IBUFDS (Prop_ibufds_I_O)     0.906     0.906 r  pll_inst/inst/clkin1_ibufgds/O
                         net (fo=1, routed)           1.081     1.987    pll_inst/inst/clk_in1_pll
    MMCME2_ADV_X1Y1      MMCME2_ADV (Prop_mmcme2_adv_CLKIN1_CLKOUT1)
                                                     -7.786    -5.799 r  pll_inst/inst/mmcm_adv_inst/CLKOUT1
                         net (fo=1, routed)           2.130    -3.669    pll_inst/inst/clk_out2_pll
    BUFGCTRL_X0Y0        BUFG (Prop_bufg_I_O)         0.093    -3.576 r  pll_inst/inst/clkout2_buf/O
                         net (fo=11531, routed)       1.613    -1.964    student_top_inst/Core_cpu/u_core_top/u_dcache/clk
    RAMB36_X3Y17         RAMB36E1                                     r  student_top_inst/Core_cpu/u_core_top/u_dcache/tag_q_reg/CLKBWRCLK
  -------------------------------------------------------------------    -------------------
    RAMB36_X3Y17         RAMB36E1 (Prop_ramb36e1_CLKBWRCLK_DOBDO[4])
                                                      1.800    -0.164 r  student_top_inst/Core_cpu/u_core_top/u_dcache/tag_q_reg/DOBDO[4]
                         net (fo=1, routed)           0.687     0.523    student_top_inst/Core_cpu/u_core_top/u_dcache/tag_read_q[19]
    SLICE_X97Y87         LUT6 (Prop_lut6_I3_O)        0.043     0.566 r  student_top_inst/Core_cpu/u_core_top/u_dcache/cpu_resp_valid_o_INST_0_i_7/O
                         net (fo=1, routed)           0.000     0.566    student_top_inst/Core_cpu/u_core_top/u_dcache/cpu_resp_valid_o_INST_0_i_7_n_0
    SLICE_X97Y87         CARRY4 (Prop_carry4_S[1]_CO[3])
                                                      0.267     0.833 r  student_top_inst/Core_cpu/u_core_top/u_dcache/cpu_resp_valid_o_INST_0_i_2/CO[3]
                         net (fo=1, routed)           0.000     0.833    student_top_inst/Core_cpu/u_core_top/u_dcache/cpu_resp_valid_o_INST_0_i_2_n_0
    SLICE_X97Y88         CARRY4 (Prop_carry4_CI_CO[1])
                                                      0.077     0.910 r  student_top_inst/Core_cpu/u_core_top/u_dcache/cpu_resp_valid_o_INST_0_i_1/CO[1]
                         net (fo=114, routed)         0.637     1.547    student_top_inst/Core_cpu/u_core_top/lookup_hit_c0_alias
    SLICE_X73Y89         LUT6 (Prop_lut6_I3_O)        0.122     1.669 r  student_top_inst/Core_cpu/u_core_top/u_dcache_i_73_comp/O
                         net (fo=29, routed)          0.343     2.012    student_top_inst/Core_cpu/u_core_top/u_dcache_i_73_n_0
    SLICE_X71Y89         LUT6 (Prop_lut6_I2_O)        0.043     2.055 r  student_top_inst/Core_cpu/u_core_top/u_dcache_i_13_comp/O
                         net (fo=5, routed)           0.778     2.833    student_top_inst/Core_cpu/u_core_top/u_dcache/cpu_req_addr_i[21]
    SLICE_X53Y97         LUT6 (Prop_lut6_I1_O)        0.043     2.876 r  student_top_inst/Core_cpu/u_core_top/u_dcache/mem_req_valid_o_INST_0_i_3_comp/O
                         net (fo=2, routed)           0.407     3.283    student_top_inst/Core_cpu/u_core_top/u_dcache/mem_req_valid_o_INST_0_i_3_n_0
    SLICE_X53Y95         LUT6 (Prop_lut6_I0_O)        0.043     3.326 f  student_top_inst/Core_cpu/u_core_top/u_dcache/mem_req_valid_o_INST_0_i_2/O
                         net (fo=5, routed)           0.192     3.518    student_top_inst/Core_cpu/u_core_top/u_dcache/mem_req_valid_o_INST_0_i_2_n_0
    SLICE_X51Y95         LUT2 (Prop_lut2_I0_O)        0.043     3.561 f  student_top_inst/Core_cpu/u_core_top/u_dcache/mem_req_valid_o_INST_0_i_1/O
                         net (fo=1, routed)           0.283     3.844    student_top_inst/Core_cpu/u_core_top/u_dcache/mem_req_valid_o_INST_0_i_1_n_0
    SLICE_X50Y98         LUT6 (Prop_lut6_I1_O)        0.043     3.887 r  student_top_inst/Core_cpu/u_core_top/u_dcache/mem_req_valid_o_INST_0/O
                         net (fo=13, routed)          0.608     4.495    student_top_inst/mem_bridge/req_valid
    SLICE_X48Y102        LUT6 (Prop_lut6_I2_O)        0.043     4.538 r  student_top_inst/mem_bridge/dram_adapter_i_2_comp/O
                         net (fo=1, routed)           0.346     4.884    student_top_inst/mem_bridge/dram_adapter/dram_sel_repN_alias
    SLICE_X48Y101        LUT6 (Prop_lut6_I5_O)        0.043     4.927 r  student_top_inst/mem_bridge/dram_adapter/dram_i_1_comp/O
                         net (fo=16, routed)          1.434     6.361    student_top_inst/mem_bridge/dram_adapter/dram/U0/inst_blk_mem_gen/gnbram.gnativebmg.native_blk_mem_gen/valid.cstr/ramloop[57].ram.r/prim_init.ram/wea[0]
    RAMB36_X2Y31         RAMB36E1                                     r  student_top_inst/mem_bridge/dram_adapter/dram/U0/inst_blk_mem_gen/gnbram.gnativebmg.native_blk_mem_gen/valid.cstr/ramloop[57].ram.r/prim_init.ram/DEVICE_7SERIES.NO_BMM_INFO.SP.SIMPLE_PRIM36.ram/WEA[0]
  -------------------------------------------------------------------    -------------------

                         (clock clk_out2_pll rise edge)
                                                      5.000     5.000 r  
    AD12                                              0.000     5.000 r  i_sys_clk_p (IN)
                         net (fo=0)                   0.000     5.000    pll_inst/inst/clk_in1_p
    AD12                 IBUFDS (Prop_ibufds_I_O)     0.803     5.803 r  pll_inst/inst/clkin1_ibufgds/O
                         net (fo=1, routed)           0.986     6.789    pll_inst/inst/clk_in1_pll
    MMCME2_ADV_X1Y1      MMCME2_ADV (Prop_mmcme2_adv_CLKIN1_CLKOUT1)
                                                     -6.759     0.030 r  pll_inst/inst/mmcm_adv_inst/CLKOUT1
                         net (fo=1, routed)           2.005     2.035    pll_inst/inst/clk_out2_pll
    BUFGCTRL_X0Y0        BUFG (Prop_bufg_I_O)         0.083     2.118 r  pll_inst/inst/clkout2_buf/O
                         net (fo=11531, routed)       1.114     3.233    student_top_inst/mem_bridge/dram_adapter/dram/U0/inst_blk_mem_gen/gnbram.gnativebmg.native_blk_mem_gen/valid.cstr/ramloop[57].ram.r/prim_init.ram/clka
    RAMB36_X2Y31         RAMB36E1                                     r  student_top_inst/mem_bridge/dram_adapter/dram/U0/inst_blk_mem_gen/gnbram.gnativebmg.native_blk_mem_gen/valid.cstr/ramloop[57].ram.r/prim_init.ram/DEVICE_7SERIES.NO_BMM_INFO.SP.SIMPLE_PRIM36.ram/CLKARDCLK
                         clock pessimism             -0.682     2.551    
                         clock uncertainty           -0.060     2.490    
    RAMB36_X2Y31         RAMB36E1 (Setup_ramb36e1_CLKARDCLK_WEA[0])
                                                     -0.404     2.086    student_top_inst/mem_bridge/dram_adapter/dram/U0/inst_blk_mem_gen/gnbram.gnativebmg.native_blk_mem_gen/valid.cstr/ramloop[57].ram.r/prim_init.ram/DEVICE_7SERIES.NO_BMM_INFO.SP.SIMPLE_PRIM36.ram
  -------------------------------------------------------------------
                         required time                          2.086    
                         arrival time                          -6.361    
  -------------------------------------------------------------------
                         slack                                 -4.275    

Slack (VIOLATED) :        -4.257ns  (required time - arrival time)
  Source:                 student_top_inst/Core_cpu/u_core_top/u_dcache/tag_q_reg/CLKBWRCLK
                            (rising edge-triggered cell RAMB36E1 clocked by clk_out2_pll  {rise@0.000ns fall@2.500ns period=5.000ns})
  Destination:            student_top_inst/mem_bridge/dram_adapter/dram/U0/inst_blk_mem_gen/gnbram.gnativebmg.native_blk_mem_gen/valid.cstr/ramloop[51].ram.r/prim_init.ram/DEVICE_7SERIES.NO_BMM_INFO.SP.SIMPLE_PRIM36.ram/WEA[0]
                            (rising edge-triggered cell RAMB36E1 clocked by clk_out2_pll  {rise@0.000ns fall@2.500ns period=5.000ns})
  Path Group:             clk_out2_pll
  Path Type:              Setup (Max at Slow Process Corner)
  Requirement:            5.000ns  (clk_out2_pll rise@5.000ns - clk_out2_pll rise@0.000ns)
  Data Path Delay:        8.382ns  (logic 2.610ns (31.139%)  route 5.772ns (68.861%))
  Logic Levels:           11  (CARRY4=2 LUT2=1 LUT6=8)
  Clock Path Skew:        -0.410ns (DCD - SCD + CPR)
    Destination Clock Delay (DCD):    -1.692ns = ( 3.308 - 5.000 ) 
    Source Clock Delay      (SCD):    -1.964ns
    Clock Pessimism Removal (CPR):    -0.682ns
  Clock Uncertainty:      0.060ns  ((TSJ^2 + DJ^2)^1/2) / 2 + PE
    Total System Jitter     (TSJ):    0.071ns
    Discrete Jitter          (DJ):    0.098ns
    Phase Error              (PE):    0.000ns

    Location             Delay type                Incr(ns)  Path(ns)    Netlist Resource(s)
  -------------------------------------------------------------------    -------------------
                         (clock clk_out2_pll rise edge)
                                                      0.000     0.000 r  
    AD12                                              0.000     0.000 r  i_sys_clk_p (IN)
                         net (fo=0)                   0.000     0.000    pll_inst/inst/clk_in1_p
    AD12                 IBUFDS (Prop_ibufds_I_O)     0.906     0.906 r  pll_inst/inst/clkin1_ibufgds/O
                         net (fo=1, routed)           1.081     1.987    pll_inst/inst/clk_in1_pll
    MMCME2_ADV_X1Y1      MMCME2_ADV (Prop_mmcme2_adv_CLKIN1_CLKOUT1)
                                                     -7.786    -5.799 r  pll_inst/inst/mmcm_adv_inst/CLKOUT1
                         net (fo=1, routed)           2.130    -3.669    pll_inst/inst/clk_out2_pll
    BUFGCTRL_X0Y0        BUFG (Prop_bufg_I_O)         0.093    -3.576 r  pll_inst/inst/clkout2_buf/O
                         net (fo=11531, routed)       1.613    -1.964    student_top_inst/Core_cpu/u_core_top/u_dcache/clk
    RAMB36_X3Y17         RAMB36E1                                     r  student_top_inst/Core_cpu/u_core_top/u_dcache/tag_q_reg/CLKBWRCLK
  -------------------------------------------------------------------    -------------------
    RAMB36_X3Y17         RAMB36E1 (Prop_ramb36e1_CLKBWRCLK_DOBDO[4])
                                                      1.800    -0.164 r  student_top_inst/Core_cpu/u_core_top/u_dcache/tag_q_reg/DOBDO[4]
                         net (fo=1, routed)           0.687     0.523    student_top_inst/Core_cpu/u_core_top/u_dcache/tag_read_q[19]
    SLICE_X97Y87         LUT6 (Prop_lut6_I3_O)        0.043     0.566 r  student_top_inst/Core_cpu/u_core_top/u_dcache/cpu_resp_valid_o_INST_0_i_7/O
                         net (fo=1, routed)           0.000     0.566    student_top_inst/Core_cpu/u_core_top/u_dcache/cpu_resp_valid_o_INST_0_i_7_n_0
    SLICE_X97Y87         CARRY4 (Prop_carry4_S[1]_CO[3])
                                                      0.267     0.833 r  student_top_inst/Core_cpu/u_core_top/u_dcache/cpu_resp_valid_o_INST_0_i_2/CO[3]
                         net (fo=1, routed)           0.000     0.833    student_top_inst/Core_cpu/u_core_top/u_dcache/cpu_resp_valid_o_INST_0_i_2_n_0
    SLICE_X97Y88         CARRY4 (Prop_carry4_CI_CO[1])
                                                      0.077     0.910 r  student_top_inst/Core_cpu/u_core_top/u_dcache/cpu_resp_valid_o_INST_0_i_1/CO[1]
                         net (fo=114, routed)         0.637     1.547    student_top_inst/Core_cpu/u_core_top/lookup_hit_c0_alias
    SLICE_X73Y89         LUT6 (Prop_lut6_I3_O)        0.122     1.669 r  student_top_inst/Core_cpu/u_core_top/u_dcache_i_73_comp/O
                         net (fo=29, routed)          0.343     2.012    student_top_inst/Core_cpu/u_core_top/u_dcache_i_73_n_0
    SLICE_X71Y89         LUT6 (Prop_lut6_I2_O)        0.043     2.055 r  student_top_inst/Core_cpu/u_core_top/u_dcache_i_13_comp/O
                         net (fo=5, routed)           0.778     2.833    student_top_inst/Core_cpu/u_core_top/u_dcache/cpu_req_addr_i[21]
    SLICE_X53Y97         LUT6 (Prop_lut6_I1_O)        0.043     2.876 r  student_top_inst/Core_cpu/u_core_top/u_dcache/mem_req_valid_o_INST_0_i_3_comp/O
                         net (fo=2, routed)           0.407     3.283    student_top_inst/Core_cpu/u_core_top/u_dcache/mem_req_valid_o_INST_0_i_3_n_0
    SLICE_X53Y95         LUT6 (Prop_lut6_I0_O)        0.043     3.326 f  student_top_inst/Core_cpu/u_core_top/u_dcache/mem_req_valid_o_INST_0_i_2/O
                         net (fo=5, routed)           0.192     3.518    student_top_inst/Core_cpu/u_core_top/u_dcache/mem_req_valid_o_INST_0_i_2_n_0
    SLICE_X51Y95         LUT2 (Prop_lut2_I0_O)        0.043     3.561 f  student_top_inst/Core_cpu/u_core_top/u_dcache/mem_req_valid_o_INST_0_i_1/O
                         net (fo=1, routed)           0.283     3.844    student_top_inst/Core_cpu/u_core_top/u_dcache/mem_req_valid_o_INST_0_i_1_n_0
    SLICE_X50Y98         LUT6 (Prop_lut6_I1_O)        0.043     3.887 r  student_top_inst/Core_cpu/u_core_top/u_dcache/mem_req_valid_o_INST_0/O
                         net (fo=13, routed)          0.608     4.495    student_top_inst/mem_bridge/req_valid
    SLICE_X48Y102        LUT6 (Prop_lut6_I2_O)        0.043     4.538 r  student_top_inst/mem_bridge/dram_adapter_i_2_comp/O
                         net (fo=1, routed)           0.346     4.884    student_top_inst/mem_bridge/dram_adapter/dram_sel_repN_alias
    SLICE_X48Y101        LUT6 (Prop_lut6_I5_O)        0.043     4.927 r  student_top_inst/mem_bridge/dram_adapter/dram_i_1_comp/O
                         net (fo=16, routed)          1.491     6.418    student_top_inst/mem_bridge/dram_adapter/dram/U0/inst_blk_mem_gen/gnbram.gnativebmg.native_blk_mem_gen/valid.cstr/ramloop[51].ram.r/prim_init.ram/wea[0]
    RAMB36_X1Y30         RAMB36E1                                     r  student_top_inst/mem_bridge/dram_adapter/dram/U0/inst_blk_mem_gen/gnbram.gnativebmg.native_blk_mem_gen/valid.cstr/ramloop[51].ram.r/prim_init.ram/DEVICE_7SERIES.NO_BMM_INFO.SP.SIMPLE_PRIM36.ram/WEA[0]
  -------------------------------------------------------------------    -------------------

                         (clock clk_out2_pll rise edge)
                                                      5.000     5.000 r  
    AD12                                              0.000     5.000 r  i_sys_clk_p (IN)
                         net (fo=0)                   0.000     5.000    pll_inst/inst/clk_in1_p
    AD12                 IBUFDS (Prop_ibufds_I_O)     0.803     5.803 r  pll_inst/inst/clkin1_ibufgds/O
                         net (fo=1, routed)           0.986     6.789    pll_inst/inst/clk_in1_pll
    MMCME2_ADV_X1Y1      MMCME2_ADV (Prop_mmcme2_adv_CLKIN1_CLKOUT1)
                                                     -6.759     0.030 r  pll_inst/inst/mmcm_adv_inst/CLKOUT1
                         net (fo=1, routed)           2.005     2.035    pll_inst/inst/clk_out2_pll
    BUFGCTRL_X0Y0        BUFG (Prop_bufg_I_O)         0.083     2.118 r  pll_inst/inst/clkout2_buf/O
                         net (fo=11531, routed)       1.189     3.308    student_top_inst/mem_bridge/dram_adapter/dram/U0/inst_blk_mem_gen/gnbram.gnativebmg.native_blk_mem_gen/valid.cstr/ramloop[51].ram.r/prim_init.ram/clka
    RAMB36_X1Y30         RAMB36E1                                     r  student_top_inst/mem_bridge/dram_adapter/dram/U0/inst_blk_mem_gen/gnbram.gnativebmg.native_blk_mem_gen/valid.cstr/ramloop[51].ram.r/prim_init.ram/DEVICE_7SERIES.NO_BMM_INFO.SP.SIMPLE_PRIM36.ram/CLKARDCLK
                         clock pessimism             -0.682     2.626    
                         clock uncertainty           -0.060     2.565    
    RAMB36_X1Y30         RAMB36E1 (Setup_ramb36e1_CLKARDCLK_WEA[0])
                                                     -0.404     2.161    student_top_inst/mem_bridge/dram_adapter/dram/U0/inst_blk_mem_gen/gnbram.gnativebmg.native_blk_mem_gen/valid.cstr/ramloop[51].ram.r/prim_init.ram/DEVICE_7SERIES.NO_BMM_INFO.SP.SIMPLE_PRIM36.ram
  -------------------------------------------------------------------
                         required time                          2.161    
                         arrival time                          -6.418    
  -------------------------------------------------------------------
                         slack                                 -4.257    

Slack (VIOLATED) :        -4.252ns  (required time - arrival time)
  Source:                 student_top_inst/Core_cpu/u_core_top/u_dcache/tag_q_reg/CLKBWRCLK
                            (rising edge-triggered cell RAMB36E1 clocked by clk_out2_pll  {rise@0.000ns fall@2.500ns period=5.000ns})
  Destination:            student_top_inst/mem_bridge/dram_adapter/dram/U0/inst_blk_mem_gen/gnbram.gnativebmg.native_blk_mem_gen/valid.cstr/ramloop[8].ram.r/prim_init.ram/DEVICE_7SERIES.NO_BMM_INFO.SP.SIMPLE_PRIM36.ram/WEA[0]
                            (rising edge-triggered cell RAMB36E1 clocked by clk_out2_pll  {rise@0.000ns fall@2.500ns period=5.000ns})
  Path Group:             clk_out2_pll
  Path Type:              Setup (Max at Slow Process Corner)
  Requirement:            5.000ns  (clk_out2_pll rise@5.000ns - clk_out2_pll rise@0.000ns)
  Data Path Delay:        8.375ns  (logic 2.610ns (31.163%)  route 5.765ns (68.837%))
  Logic Levels:           11  (CARRY4=2 LUT6=9)
  Clock Path Skew:        -0.412ns (DCD - SCD + CPR)
    Destination Clock Delay (DCD):    -1.694ns = ( 3.306 - 5.000 ) 
    Source Clock Delay      (SCD):    -1.964ns
    Clock Pessimism Removal (CPR):    -0.682ns
  Clock Uncertainty:      0.060ns  ((TSJ^2 + DJ^2)^1/2) / 2 + PE
    Total System Jitter     (TSJ):    0.071ns
    Discrete Jitter          (DJ):    0.098ns
    Phase Error              (PE):    0.000ns

    Location             Delay type                Incr(ns)  Path(ns)    Netlist Resource(s)
  -------------------------------------------------------------------    -------------------
                         (clock clk_out2_pll rise edge)
                                                      0.000     0.000 r  
    AD12                                              0.000     0.000 r  i_sys_clk_p (IN)
                         net (fo=0)                   0.000     0.000    pll_inst/inst/clk_in1_p
    AD12                 IBUFDS (Prop_ibufds_I_O)     0.906     0.906 r  pll_inst/inst/clkin1_ibufgds/O
                         net (fo=1, routed)           1.081     1.987    pll_inst/inst/clk_in1_pll
    MMCME2_ADV_X1Y1      MMCME2_ADV (Prop_mmcme2_adv_CLKIN1_CLKOUT1)
                                                     -7.786    -5.799 r  pll_inst/inst/mmcm_adv_inst/CLKOUT1
                         net (fo=1, routed)           2.130    -3.669    pll_inst/inst/clk_out2_pll
    BUFGCTRL_X0Y0        BUFG (Prop_bufg_I_O)         0.093    -3.576 r  pll_inst/inst/clkout2_buf/O
                         net (fo=11531, routed)       1.613    -1.964    student_top_inst/Core_cpu/u_core_top/u_dcache/clk
    RAMB36_X3Y17         RAMB36E1                                     r  student_top_inst/Core_cpu/u_core_top/u_dcache/tag_q_reg/CLKBWRCLK
  -------------------------------------------------------------------    -------------------
    RAMB36_X3Y17         RAMB36E1 (Prop_ramb36e1_CLKBWRCLK_DOBDO[4])
                                                      1.800    -0.164 r  student_top_inst/Core_cpu/u_core_top/u_dcache/tag_q_reg/DOBDO[4]
                         net (fo=1, routed)           0.687     0.523    student_top_inst/Core_cpu/u_core_top/u_dcache/tag_read_q[19]
    SLICE_X97Y87         LUT6 (Prop_lut6_I3_O)        0.043     0.566 r  student_top_inst/Core_cpu/u_core_top/u_dcache/cpu_resp_valid_o_INST_0_i_7/O
                         net (fo=1, routed)           0.000     0.566    student_top_inst/Core_cpu/u_core_top/u_dcache/cpu_resp_valid_o_INST_0_i_7_n_0
    SLICE_X97Y87         CARRY4 (Prop_carry4_S[1]_CO[3])
                                                      0.267     0.833 r  student_top_inst/Core_cpu/u_core_top/u_dcache/cpu_resp_valid_o_INST_0_i_2/CO[3]
                         net (fo=1, routed)           0.000     0.833    student_top_inst/Core_cpu/u_core_top/u_dcache/cpu_resp_valid_o_INST_0_i_2_n_0
    SLICE_X97Y88         CARRY4 (Prop_carry4_CI_CO[1])
                                                      0.077     0.910 f  student_top_inst/Core_cpu/u_core_top/u_dcache/cpu_resp_valid_o_INST_0_i_1/CO[1]
                         net (fo=114, routed)         0.637     1.547    student_top_inst/Core_cpu/u_core_top/lookup_hit_c0_alias
    SLICE_X73Y89         LUT6 (Prop_lut6_I3_O)        0.122     1.669 f  student_top_inst/Core_cpu/u_core_top/u_dcache_i_73_comp/O
                         net (fo=29, routed)          0.343     2.012    student_top_inst/Core_cpu/u_core_top/u_dcache_i_73_n_0
    SLICE_X71Y89         LUT6 (Prop_lut6_I2_O)        0.043     2.055 f  student_top_inst/Core_cpu/u_core_top/u_dcache_i_13_comp/O
                         net (fo=5, routed)           0.778     2.833    student_top_inst/Core_cpu/u_core_top/u_dcache/cpu_req_addr_i[21]
    SLICE_X53Y97         LUT6 (Prop_lut6_I1_O)        0.043     2.876 f  student_top_inst/Core_cpu/u_core_top/u_dcache/mem_req_valid_o_INST_0_i_3_comp/O
                         net (fo=2, routed)           0.332     3.209    student_top_inst/Core_cpu/u_core_top/u_dcache/mem_req_valid_o_INST_0_i_3_n_0
    SLICE_X51Y97         LUT6 (Prop_lut6_I1_O)        0.043     3.252 r  student_top_inst/Core_cpu/u_core_top/u_dcache/mem_req_addr_o[31]_INST_0_i_1_comp/O
                         net (fo=34, routed)          0.558     3.810    student_top_inst/mem_bridge/mem_req_addr_o[31]_INST_0_i_1_n_0_alias
    SLICE_X49Y97         LUT6 (Prop_lut6_I4_O)        0.043     3.853 f  student_top_inst/mem_bridge/led_q[31]_i_12_comp_2/O
                         net (fo=1, routed)           0.429     4.282    student_top_inst/mem_bridge/led_q[31]_i_12_n_0
    SLICE_X49Y96         LUT6 (Prop_lut6_I2_O)        0.043     4.325 r  student_top_inst/mem_bridge/led_q[31]_i_6/O
                         net (fo=3, routed)           0.111     4.436    student_top_inst/mem_bridge/led_q[31]_i_6_n_0
    SLICE_X49Y96         LUT6 (Prop_lut6_I5_O)        0.043     4.479 r  student_top_inst/mem_bridge/dram_adapter_i_2/O
                         net (fo=11, routed)          0.387     4.865    student_top_inst/mem_bridge/dram_adapter/dram_sel_alias
    SLICE_X45Y97         LUT6 (Prop_lut6_I5_O)        0.043     4.908 r  student_top_inst/mem_bridge/dram_adapter/dram_i_4_comp/O
                         net (fo=16, routed)          1.503     6.411    student_top_inst/mem_bridge/dram_adapter/dram/U0/inst_blk_mem_gen/gnbram.gnativebmg.native_blk_mem_gen/valid.cstr/ramloop[8].ram.r/prim_init.ram/wea[0]
    RAMB36_X1Y31         RAMB36E1                                     r  student_top_inst/mem_bridge/dram_adapter/dram/U0/inst_blk_mem_gen/gnbram.gnativebmg.native_blk_mem_gen/valid.cstr/ramloop[8].ram.r/prim_init.ram/DEVICE_7SERIES.NO_BMM_INFO.SP.SIMPLE_PRIM36.ram/WEA[0]
  -------------------------------------------------------------------    -------------------

                         (clock clk_out2_pll rise edge)
                                                      5.000     5.000 r  
    AD12                                              0.000     5.000 r  i_sys_clk_p (IN)
                         net (fo=0)                   0.000     5.000    pll_inst/inst/clk_in1_p
    AD12                 IBUFDS (Prop_ibufds_I_O)     0.803     5.803 r  pll_inst/inst/clkin1_ibufgds/O
                         net (fo=1, routed)           0.986     6.789    pll_inst/inst/clk_in1_pll
    MMCME2_ADV_X1Y1      MMCME2_ADV (Prop_mmcme2_adv_CLKIN1_CLKOUT1)
                                                     -6.759     0.030 r  pll_inst/inst/mmcm_adv_inst/CLKOUT1
                         net (fo=1, routed)           2.005     2.035    pll_inst/inst/clk_out2_pll
    BUFGCTRL_X0Y0        BUFG (Prop_bufg_I_O)         0.083     2.118 r  pll_inst/inst/clkout2_buf/O
                         net (fo=11531, routed)       1.187     3.306    student_top_inst/mem_bridge/dram_adapter/dram/U0/inst_blk_mem_gen/gnbram.gnativebmg.native_blk_mem_gen/valid.cstr/ramloop[8].ram.r/prim_init.ram/clka
    RAMB36_X1Y31         RAMB36E1                                     r  student_top_inst/mem_bridge/dram_adapter/dram/U0/inst_blk_mem_gen/gnbram.gnativebmg.native_blk_mem_gen/valid.cstr/ramloop[8].ram.r/prim_init.ram/DEVICE_7SERIES.NO_BMM_INFO.SP.SIMPLE_PRIM36.ram/CLKARDCLK
                         clock pessimism             -0.682     2.624    
                         clock uncertainty           -0.060     2.563    
    RAMB36_X1Y31         RAMB36E1 (Setup_ramb36e1_CLKARDCLK_WEA[0])
                                                     -0.404     2.159    student_top_inst/mem_bridge/dram_adapter/dram/U0/inst_blk_mem_gen/gnbram.gnativebmg.native_blk_mem_gen/valid.cstr/ramloop[8].ram.r/prim_init.ram/DEVICE_7SERIES.NO_BMM_INFO.SP.SIMPLE_PRIM36.ram
  -------------------------------------------------------------------
                         required time                          2.159    
                         arrival time                          -6.411    
  -------------------------------------------------------------------
                         slack                                 -4.252    

Slack (VIOLATED) :        -4.193ns  (required time - arrival time)
  Source:                 student_top_inst/Core_cpu/u_core_top/u_dcache/tag_q_reg/CLKBWRCLK
                            (rising edge-triggered cell RAMB36E1 clocked by clk_out2_pll  {rise@0.000ns fall@2.500ns period=5.000ns})
  Destination:            student_top_inst/mem_bridge/dram_adapter/dram/U0/inst_blk_mem_gen/gnbram.gnativebmg.native_blk_mem_gen/valid.cstr/ramloop[57].ram.r/prim_init.ram/DEVICE_7SERIES.NO_BMM_INFO.SP.SIMPLE_PRIM36.ram/ENARDEN
                            (rising edge-triggered cell RAMB36E1 clocked by clk_out2_pll  {rise@0.000ns fall@2.500ns period=5.000ns})
  Path Group:             clk_out2_pll
  Path Type:              Setup (Max at Slow Process Corner)
  Requirement:            5.000ns  (clk_out2_pll rise@5.000ns - clk_out2_pll rise@0.000ns)
  Data Path Delay:        8.319ns  (logic 2.610ns (31.374%)  route 5.709ns (68.626%))
  Logic Levels:           11  (CARRY4=2 LUT6=9)
  Clock Path Skew:        -0.485ns (DCD - SCD + CPR)
    Destination Clock Delay (DCD):    -1.767ns = ( 3.233 - 5.000 ) 
    Source Clock Delay      (SCD):    -1.964ns
    Clock Pessimism Removal (CPR):    -0.682ns
  Clock Uncertainty:      0.060ns  ((TSJ^2 + DJ^2)^1/2) / 2 + PE
    Total System Jitter     (TSJ):    0.071ns
    Discrete Jitter          (DJ):    0.098ns
    Phase Error              (PE):    0.000ns

    Location             Delay type                Incr(ns)  Path(ns)    Netlist Resource(s)
  -------------------------------------------------------------------    -------------------
                         (clock clk_out2_pll rise edge)
                                                      0.000     0.000 r  
    AD12                                              0.000     0.000 r  i_sys_clk_p (IN)
                         net (fo=0)                   0.000     0.000    pll_inst/inst/clk_in1_p
    AD12                 IBUFDS (Prop_ibufds_I_O)     0.906     0.906 r  pll_inst/inst/clkin1_ibufgds/O
                         net (fo=1, routed)           1.081     1.987    pll_inst/inst/clk_in1_pll
    MMCME2_ADV_X1Y1      MMCME2_ADV (Prop_mmcme2_adv_CLKIN1_CLKOUT1)
                                                     -7.786    -5.799 r  pll_inst/inst/mmcm_adv_inst/CLKOUT1
                         net (fo=1, routed)           2.130    -3.669    pll_inst/inst/clk_out2_pll
    BUFGCTRL_X0Y0        BUFG (Prop_bufg_I_O)         0.093    -3.576 r  pll_inst/inst/clkout2_buf/O
                         net (fo=11531, routed)       1.613    -1.964    student_top_inst/Core_cpu/u_core_top/u_dcache/clk
    RAMB36_X3Y17         RAMB36E1                                     r  student_top_inst/Core_cpu/u_core_top/u_dcache/tag_q_reg/CLKBWRCLK
  -------------------------------------------------------------------    -------------------
    RAMB36_X3Y17         RAMB36E1 (Prop_ramb36e1_CLKBWRCLK_DOBDO[4])
                                                      1.800    -0.164 r  student_top_inst/Core_cpu/u_core_top/u_dcache/tag_q_reg/DOBDO[4]
                         net (fo=1, routed)           0.687     0.523    student_top_inst/Core_cpu/u_core_top/u_dcache/tag_read_q[19]
    SLICE_X97Y87         LUT6 (Prop_lut6_I3_O)        0.043     0.566 r  student_top_inst/Core_cpu/u_core_top/u_dcache/cpu_resp_valid_o_INST_0_i_7/O
                         net (fo=1, routed)           0.000     0.566    student_top_inst/Core_cpu/u_core_top/u_dcache/cpu_resp_valid_o_INST_0_i_7_n_0
    SLICE_X97Y87         CARRY4 (Prop_carry4_S[1]_CO[3])
                                                      0.267     0.833 r  student_top_inst/Core_cpu/u_core_top/u_dcache/cpu_resp_valid_o_INST_0_i_2/CO[3]
                         net (fo=1, routed)           0.000     0.833    student_top_inst/Core_cpu/u_core_top/u_dcache/cpu_resp_valid_o_INST_0_i_2_n_0
    SLICE_X97Y88         CARRY4 (Prop_carry4_CI_CO[1])
                                                      0.077     0.910 f  student_top_inst/Core_cpu/u_core_top/u_dcache/cpu_resp_valid_o_INST_0_i_1/CO[1]
                         net (fo=114, routed)         0.637     1.547    student_top_inst/Core_cpu/u_core_top/lookup_hit_c0_alias
    SLICE_X73Y89         LUT6 (Prop_lut6_I3_O)        0.122     1.669 f  student_top_inst/Core_cpu/u_core_top/u_dcache_i_73_comp/O
                         net (fo=29, routed)          0.343     2.012    student_top_inst/Core_cpu/u_core_top/u_dcache_i_73_n_0
    SLICE_X71Y89         LUT6 (Prop_lut6_I2_O)        0.043     2.055 f  student_top_inst/Core_cpu/u_core_top/u_dcache_i_13_comp/O
                         net (fo=5, routed)           0.778     2.833    student_top_inst/Core_cpu/u_core_top/u_dcache/cpu_req_addr_i[21]
    SLICE_X53Y97         LUT6 (Prop_lut6_I1_O)        0.043     2.876 f  student_top_inst/Core_cpu/u_core_top/u_dcache/mem_req_valid_o_INST_0_i_3_comp/O
                         net (fo=2, routed)           0.332     3.209    student_top_inst/Core_cpu/u_core_top/u_dcache/mem_req_valid_o_INST_0_i_3_n_0
    SLICE_X51Y97         LUT6 (Prop_lut6_I1_O)        0.043     3.252 r  student_top_inst/Core_cpu/u_core_top/u_dcache/mem_req_addr_o[31]_INST_0_i_1_comp/O
                         net (fo=34, routed)          0.558     3.810    student_top_inst/mem_bridge/mem_req_addr_o[31]_INST_0_i_1_n_0_alias
    SLICE_X49Y97         LUT6 (Prop_lut6_I4_O)        0.043     3.853 f  student_top_inst/mem_bridge/led_q[31]_i_12_comp_2/O
                         net (fo=1, routed)           0.429     4.282    student_top_inst/mem_bridge/led_q[31]_i_12_n_0
    SLICE_X49Y96         LUT6 (Prop_lut6_I2_O)        0.043     4.325 r  student_top_inst/mem_bridge/led_q[31]_i_6/O
                         net (fo=3, routed)           0.111     4.436    student_top_inst/mem_bridge/led_q[31]_i_6_n_0
    SLICE_X49Y96         LUT6 (Prop_lut6_I5_O)        0.043     4.479 r  student_top_inst/mem_bridge/dram_adapter_i_2/O
                         net (fo=11, routed)          0.466     4.944    student_top_inst/mem_bridge/dram_adapter/dram/U0/inst_blk_mem_gen/gnbram.gnativebmg.native_blk_mem_gen/valid.cstr/ramloop[57].ram.r/prim_init.ram/dram_sel_alias
    SLICE_X49Y100        LUT6 (Prop_lut6_I5_O)        0.043     4.987 r  student_top_inst/mem_bridge/dram_adapter/dram/U0/inst_blk_mem_gen/gnbram.gnativebmg.native_blk_mem_gen/valid.cstr/ramloop[57].ram.r/prim_init.ram/DEVICE_7SERIES.NO_BMM_INFO.SP.SIMPLE_PRIM36.ram_i_1__9_comp/O
                         net (fo=4, routed)           1.368     6.355    student_top_inst/mem_bridge/dram_adapter/dram/U0/inst_blk_mem_gen/gnbram.gnativebmg.native_blk_mem_gen/valid.cstr/ramloop[57].ram.r/prim_init.ram/ramloop[9].ram.ram_ena
    RAMB36_X2Y31         RAMB36E1                                     r  student_top_inst/mem_bridge/dram_adapter/dram/U0/inst_blk_mem_gen/gnbram.gnativebmg.native_blk_mem_gen/valid.cstr/ramloop[57].ram.r/prim_init.ram/DEVICE_7SERIES.NO_BMM_INFO.SP.SIMPLE_PRIM36.ram/ENARDEN
  -------------------------------------------------------------------    -------------------

                         (clock clk_out2_pll rise edge)
                                                      5.000     5.000 r  
    AD12                                              0.000     5.000 r  i_sys_clk_p (IN)
                         net (fo=0)                   0.000     5.000    pll_inst/inst/clk_in1_p
    AD12                 IBUFDS (Prop_ibufds_I_O)     0.803     5.803 r  pll_inst/inst/clkin1_ibufgds/O
                         net (fo=1, routed)           0.986     6.789    pll_inst/inst/clk_in1_pll
    MMCME2_ADV_X1Y1      MMCME2_ADV (Prop_mmcme2_adv_CLKIN1_CLKOUT1)
                                                     -6.759     0.030 r  pll_inst/inst/mmcm_adv_inst/CLKOUT1
                         net (fo=1, routed)           2.005     2.035    pll_inst/inst/clk_out2_pll
    BUFGCTRL_X0Y0        BUFG (Prop_bufg_I_O)         0.083     2.118 r  pll_inst/inst/clkout2_buf/O
                         net (fo=11531, routed)       1.114     3.233    student_top_inst/mem_bridge/dram_adapter/dram/U0/inst_blk_mem_gen/gnbram.gnativebmg.native_blk_mem_gen/valid.cstr/ramloop[57].ram.r/prim_init.ram/clka
    RAMB36_X2Y31         RAMB36E1                                     r  student_top_inst/mem_bridge/dram_adapter/dram/U0/inst_blk_mem_gen/gnbram.gnativebmg.native_blk_mem_gen/valid.cstr/ramloop[57].ram.r/prim_init.ram/DEVICE_7SERIES.NO_BMM_INFO.SP.SIMPLE_PRIM36.ram/CLKARDCLK
                         clock pessimism             -0.682     2.551    
                         clock uncertainty           -0.060     2.490    
    RAMB36_X2Y31         RAMB36E1 (Setup_ramb36e1_CLKARDCLK_ENARDEN)
                                                     -0.328     2.162    student_top_inst/mem_bridge/dram_adapter/dram/U0/inst_blk_mem_gen/gnbram.gnativebmg.native_blk_mem_gen/valid.cstr/ramloop[57].ram.r/prim_init.ram/DEVICE_7SERIES.NO_BMM_INFO.SP.SIMPLE_PRIM36.ram
  -------------------------------------------------------------------
                         required time                          2.162    
                         arrival time                          -6.355    
  -------------------------------------------------------------------
                         slack                                 -4.193    

Slack (VIOLATED) :        -4.166ns  (required time - arrival time)
  Source:                 student_top_inst/Core_cpu/u_core_top/u_dcache/tag_q_reg/CLKBWRCLK
                            (rising edge-triggered cell RAMB36E1 clocked by clk_out2_pll  {rise@0.000ns fall@2.500ns period=5.000ns})
  Destination:            student_top_inst/mem_bridge/dram_adapter/dram/U0/inst_blk_mem_gen/gnbram.gnativebmg.native_blk_mem_gen/valid.cstr/ramloop[63].ram.r/prim_init.ram/DEVICE_7SERIES.NO_BMM_INFO.SP.SIMPLE_PRIM36.ram/WEA[0]
                            (rising edge-triggered cell RAMB36E1 clocked by clk_out2_pll  {rise@0.000ns fall@2.500ns period=5.000ns})
  Path Group:             clk_out2_pll
  Path Type:              Setup (Max at Slow Process Corner)
  Requirement:            5.000ns  (clk_out2_pll rise@5.000ns - clk_out2_pll rise@0.000ns)
  Data Path Delay:        8.395ns  (logic 2.610ns (31.090%)  route 5.785ns (68.910%))
  Logic Levels:           11  (CARRY4=2 LUT2=1 LUT6=8)
  Clock Path Skew:        -0.306ns (DCD - SCD + CPR)
    Destination Clock Delay (DCD):    -1.590ns = ( 3.410 - 5.000 ) 
    Source Clock Delay      (SCD):    -1.964ns
    Clock Pessimism Removal (CPR):    -0.680ns
  Clock Uncertainty:      0.060ns  ((TSJ^2 + DJ^2)^1/2) / 2 + PE
    Total System Jitter     (TSJ):    0.071ns
    Discrete Jitter          (DJ):    0.098ns
    Phase Error              (PE):    0.000ns

    Location             Delay type                Incr(ns)  Path(ns)    Netlist Resource(s)
  -------------------------------------------------------------------    -------------------
                         (clock clk_out2_pll rise edge)
                                                      0.000     0.000 r  
    AD12                                              0.000     0.000 r  i_sys_clk_p (IN)
                         net (fo=0)                   0.000     0.000    pll_inst/inst/clk_in1_p
    AD12                 IBUFDS (Prop_ibufds_I_O)     0.906     0.906 r  pll_inst/inst/clkin1_ibufgds/O
                         net (fo=1, routed)           1.081     1.987    pll_inst/inst/clk_in1_pll
    MMCME2_ADV_X1Y1      MMCME2_ADV (Prop_mmcme2_adv_CLKIN1_CLKOUT1)
                                                     -7.786    -5.799 r  pll_inst/inst/mmcm_adv_inst/CLKOUT1
                         net (fo=1, routed)           2.130    -3.669    pll_inst/inst/clk_out2_pll
    BUFGCTRL_X0Y0        BUFG (Prop_bufg_I_O)         0.093    -3.576 r  pll_inst/inst/clkout2_buf/O
                         net (fo=11531, routed)       1.613    -1.964    student_top_inst/Core_cpu/u_core_top/u_dcache/clk
    RAMB36_X3Y17         RAMB36E1                                     r  student_top_inst/Core_cpu/u_core_top/u_dcache/tag_q_reg/CLKBWRCLK
  -------------------------------------------------------------------    -------------------
    RAMB36_X3Y17         RAMB36E1 (Prop_ramb36e1_CLKBWRCLK_DOBDO[4])
                                                      1.800    -0.164 r  student_top_inst/Core_cpu/u_core_top/u_dcache/tag_q_reg/DOBDO[4]
                         net (fo=1, routed)           0.687     0.523    student_top_inst/Core_cpu/u_core_top/u_dcache/tag_read_q[19]
    SLICE_X97Y87         LUT6 (Prop_lut6_I3_O)        0.043     0.566 r  student_top_inst/Core_cpu/u_core_top/u_dcache/cpu_resp_valid_o_INST_0_i_7/O
                         net (fo=1, routed)           0.000     0.566    student_top_inst/Core_cpu/u_core_top/u_dcache/cpu_resp_valid_o_INST_0_i_7_n_0
    SLICE_X97Y87         CARRY4 (Prop_carry4_S[1]_CO[3])
                                                      0.267     0.833 r  student_top_inst/Core_cpu/u_core_top/u_dcache/cpu_resp_valid_o_INST_0_i_2/CO[3]
                         net (fo=1, routed)           0.000     0.833    student_top_inst/Core_cpu/u_core_top/u_dcache/cpu_resp_valid_o_INST_0_i_2_n_0
    SLICE_X97Y88         CARRY4 (Prop_carry4_CI_CO[1])
                                                      0.077     0.910 r  student_top_inst/Core_cpu/u_core_top/u_dcache/cpu_resp_valid_o_INST_0_i_1/CO[1]
                         net (fo=114, routed)         0.637     1.547    student_top_inst/Core_cpu/u_core_top/lookup_hit_c0_alias
    SLICE_X73Y89         LUT6 (Prop_lut6_I3_O)        0.122     1.669 r  student_top_inst/Core_cpu/u_core_top/u_dcache_i_73_comp/O
                         net (fo=29, routed)          0.343     2.012    student_top_inst/Core_cpu/u_core_top/u_dcache_i_73_n_0
    SLICE_X71Y89         LUT6 (Prop_lut6_I2_O)        0.043     2.055 r  student_top_inst/Core_cpu/u_core_top/u_dcache_i_13_comp/O
                         net (fo=5, routed)           0.778     2.833    student_top_inst/Core_cpu/u_core_top/u_dcache/cpu_req_addr_i[21]
    SLICE_X53Y97         LUT6 (Prop_lut6_I1_O)        0.043     2.876 r  student_top_inst/Core_cpu/u_core_top/u_dcache/mem_req_valid_o_INST_0_i_3_comp/O
                         net (fo=2, routed)           0.407     3.283    student_top_inst/Core_cpu/u_core_top/u_dcache/mem_req_valid_o_INST_0_i_3_n_0
    SLICE_X53Y95         LUT6 (Prop_lut6_I0_O)        0.043     3.326 f  student_top_inst/Core_cpu/u_core_top/u_dcache/mem_req_valid_o_INST_0_i_2/O
                         net (fo=5, routed)           0.192     3.518    student_top_inst/Core_cpu/u_core_top/u_dcache/mem_req_valid_o_INST_0_i_2_n_0
    SLICE_X51Y95         LUT2 (Prop_lut2_I0_O)        0.043     3.561 f  student_top_inst/Core_cpu/u_core_top/u_dcache/mem_req_valid_o_INST_0_i_1/O
                         net (fo=1, routed)           0.283     3.844    student_top_inst/Core_cpu/u_core_top/u_dcache/mem_req_valid_o_INST_0_i_1_n_0
    SLICE_X50Y98         LUT6 (Prop_lut6_I1_O)        0.043     3.887 r  student_top_inst/Core_cpu/u_core_top/u_dcache/mem_req_valid_o_INST_0/O
                         net (fo=13, routed)          0.608     4.495    student_top_inst/mem_bridge/req_valid
    SLICE_X48Y102        LUT6 (Prop_lut6_I2_O)        0.043     4.538 r  student_top_inst/mem_bridge/dram_adapter_i_2_comp/O
                         net (fo=1, routed)           0.346     4.884    student_top_inst/mem_bridge/dram_adapter/dram_sel_repN_alias
    SLICE_X48Y101        LUT6 (Prop_lut6_I5_O)        0.043     4.927 r  student_top_inst/mem_bridge/dram_adapter/dram_i_1_comp/O
                         net (fo=16, routed)          1.504     6.431    student_top_inst/mem_bridge/dram_adapter/dram/U0/inst_blk_mem_gen/gnbram.gnativebmg.native_blk_mem_gen/valid.cstr/ramloop[63].ram.r/prim_init.ram/wea[0]
    RAMB36_X3Y24         RAMB36E1                                     r  student_top_inst/mem_bridge/dram_adapter/dram/U0/inst_blk_mem_gen/gnbram.gnativebmg.native_blk_mem_gen/valid.cstr/ramloop[63].ram.r/prim_init.ram/DEVICE_7SERIES.NO_BMM_INFO.SP.SIMPLE_PRIM36.ram/WEA[0]
  -------------------------------------------------------------------    -------------------

                         (clock clk_out2_pll rise edge)
                                                      5.000     5.000 r  
    AD12                                              0.000     5.000 r  i_sys_clk_p (IN)
                         net (fo=0)                   0.000     5.000    pll_inst/inst/clk_in1_p
    AD12                 IBUFDS (Prop_ibufds_I_O)     0.803     5.803 r  pll_inst/inst/clkin1_ibufgds/O
                         net (fo=1, routed)           0.986     6.789    pll_inst/inst/clk_in1_pll
    MMCME2_ADV_X1Y1      MMCME2_ADV (Prop_mmcme2_adv_CLKIN1_CLKOUT1)
                                                     -6.759     0.030 r  pll_inst/inst/mmcm_adv_inst/CLKOUT1
                         net (fo=1, routed)           2.005     2.035    pll_inst/inst/clk_out2_pll
    BUFGCTRL_X0Y0        BUFG (Prop_bufg_I_O)         0.083     2.118 r  pll_inst/inst/clkout2_buf/O
                         net (fo=11531, routed)       1.291     3.410    student_top_inst/mem_bridge/dram_adapter/dram/U0/inst_blk_mem_gen/gnbram.gnativebmg.native_blk_mem_gen/valid.cstr/ramloop[63].ram.r/prim_init.ram/clka
    RAMB36_X3Y24         RAMB36E1                                     r  student_top_inst/mem_bridge/dram_adapter/dram/U0/inst_blk_mem_gen/gnbram.gnativebmg.native_blk_mem_gen/valid.cstr/ramloop[63].ram.r/prim_init.ram/DEVICE_7SERIES.NO_BMM_INFO.SP.SIMPLE_PRIM36.ram/CLKARDCLK
                         clock pessimism             -0.680     2.730    
                         clock uncertainty           -0.060     2.669    
    RAMB36_X3Y24         RAMB36E1 (Setup_ramb36e1_CLKARDCLK_WEA[0])
                                                     -0.404     2.265    student_top_inst/mem_bridge/dram_adapter/dram/U0/inst_blk_mem_gen/gnbram.gnativebmg.native_blk_mem_gen/valid.cstr/ramloop[63].ram.r/prim_init.ram/DEVICE_7SERIES.NO_BMM_INFO.SP.SIMPLE_PRIM36.ram
  -------------------------------------------------------------------
                         required time                          2.265    
                         arrival time                          -6.431    
  -------------------------------------------------------------------
                         slack                                 -4.166    

Slack (VIOLATED) :        -4.142ns  (required time - arrival time)
  Source:                 student_top_inst/Core_cpu/u_core_top/u_dcache/tag_q_reg/CLKBWRCLK
                            (rising edge-triggered cell RAMB36E1 clocked by clk_out2_pll  {rise@0.000ns fall@2.500ns period=5.000ns})
  Destination:            student_top_inst/mem_bridge/dram_adapter/dram/U0/inst_blk_mem_gen/gnbram.gnativebmg.native_blk_mem_gen/valid.cstr/ramloop[9].ram.r/prim_init.ram/DEVICE_7SERIES.NO_BMM_INFO.SP.SIMPLE_PRIM36.ram/ENARDEN
                            (rising edge-triggered cell RAMB36E1 clocked by clk_out2_pll  {rise@0.000ns fall@2.500ns period=5.000ns})
  Path Group:             clk_out2_pll
  Path Type:              Setup (Max at Slow Process Corner)
  Requirement:            5.000ns  (clk_out2_pll rise@5.000ns - clk_out2_pll rise@0.000ns)
  Data Path Delay:        8.507ns  (logic 2.610ns (30.679%)  route 5.898ns (69.321%))
  Logic Levels:           11  (CARRY4=2 LUT6=9)
  Clock Path Skew:        -0.246ns (DCD - SCD + CPR)
    Destination Clock Delay (DCD):    -1.530ns = ( 3.470 - 5.000 ) 
    Source Clock Delay      (SCD):    -1.964ns
    Clock Pessimism Removal (CPR):    -0.680ns
  Clock Uncertainty:      0.060ns  ((TSJ^2 + DJ^2)^1/2) / 2 + PE
    Total System Jitter     (TSJ):    0.071ns
    Discrete Jitter          (DJ):    0.098ns
    Phase Error              (PE):    0.000ns

    Location             Delay type                Incr(ns)  Path(ns)    Netlist Resource(s)
  -------------------------------------------------------------------    -------------------
                         (clock clk_out2_pll rise edge)
                                                      0.000     0.000 r  
    AD12                                              0.000     0.000 r  i_sys_clk_p (IN)
                         net (fo=0)                   0.000     0.000    pll_inst/inst/clk_in1_p
    AD12                 IBUFDS (Prop_ibufds_I_O)     0.906     0.906 r  pll_inst/inst/clkin1_ibufgds/O
                         net (fo=1, routed)           1.081     1.987    pll_inst/inst/clk_in1_pll
    MMCME2_ADV_X1Y1      MMCME2_ADV (Prop_mmcme2_adv_CLKIN1_CLKOUT1)
                                                     -7.786    -5.799 r  pll_inst/inst/mmcm_adv_inst/CLKOUT1
                         net (fo=1, routed)           2.130    -3.669    pll_inst/inst/clk_out2_pll
    BUFGCTRL_X0Y0        BUFG (Prop_bufg_I_O)         0.093    -3.576 r  pll_inst/inst/clkout2_buf/O
                         net (fo=11531, routed)       1.613    -1.964    student_top_inst/Core_cpu/u_core_top/u_dcache/clk
    RAMB36_X3Y17         RAMB36E1                                     r  student_top_inst/Core_cpu/u_core_top/u_dcache/tag_q_reg/CLKBWRCLK
  -------------------------------------------------------------------    -------------------
    RAMB36_X3Y17         RAMB36E1 (Prop_ramb36e1_CLKBWRCLK_DOBDO[4])
                                                      1.800    -0.164 r  student_top_inst/Core_cpu/u_core_top/u_dcache/tag_q_reg/DOBDO[4]
                         net (fo=1, routed)           0.687     0.523    student_top_inst/Core_cpu/u_core_top/u_dcache/tag_read_q[19]
    SLICE_X97Y87         LUT6 (Prop_lut6_I3_O)        0.043     0.566 r  student_top_inst/Core_cpu/u_core_top/u_dcache/cpu_resp_valid_o_INST_0_i_7/O
                         net (fo=1, routed)           0.000     0.566    student_top_inst/Core_cpu/u_core_top/u_dcache/cpu_resp_valid_o_INST_0_i_7_n_0
    SLICE_X97Y87         CARRY4 (Prop_carry4_S[1]_CO[3])
                                                      0.267     0.833 r  student_top_inst/Core_cpu/u_core_top/u_dcache/cpu_resp_valid_o_INST_0_i_2/CO[3]
                         net (fo=1, routed)           0.000     0.833    student_top_inst/Core_cpu/u_core_top/u_dcache/cpu_resp_valid_o_INST_0_i_2_n_0
    SLICE_X97Y88         CARRY4 (Prop_carry4_CI_CO[1])
                                                      0.077     0.910 f  student_top_inst/Core_cpu/u_core_top/u_dcache/cpu_resp_valid_o_INST_0_i_1/CO[1]
                         net (fo=114, routed)         0.637     1.547    student_top_inst/Core_cpu/u_core_top/lookup_hit_c0_alias
    SLICE_X73Y89         LUT6 (Prop_lut6_I3_O)        0.122     1.669 f  student_top_inst/Core_cpu/u_core_top/u_dcache_i_73_comp/O
                         net (fo=29, routed)          0.343     2.012    student_top_inst/Core_cpu/u_core_top/u_dcache_i_73_n_0
    SLICE_X71Y89         LUT6 (Prop_lut6_I2_O)        0.043     2.055 f  student_top_inst/Core_cpu/u_core_top/u_dcache_i_13_comp/O
                         net (fo=5, routed)           0.778     2.833    student_top_inst/Core_cpu/u_core_top/u_dcache/cpu_req_addr_i[21]
    SLICE_X53Y97         LUT6 (Prop_lut6_I1_O)        0.043     2.876 f  student_top_inst/Core_cpu/u_core_top/u_dcache/mem_req_valid_o_INST_0_i_3_comp/O
                         net (fo=2, routed)           0.332     3.209    student_top_inst/Core_cpu/u_core_top/u_dcache/mem_req_valid_o_INST_0_i_3_n_0
    SLICE_X51Y97         LUT6 (Prop_lut6_I1_O)        0.043     3.252 r  student_top_inst/Core_cpu/u_core_top/u_dcache/mem_req_addr_o[31]_INST_0_i_1_comp/O
                         net (fo=34, routed)          0.558     3.810    student_top_inst/mem_bridge/mem_req_addr_o[31]_INST_0_i_1_n_0_alias
    SLICE_X49Y97         LUT6 (Prop_lut6_I4_O)        0.043     3.853 f  student_top_inst/mem_bridge/led_q[31]_i_12_comp_2/O
                         net (fo=1, routed)           0.429     4.282    student_top_inst/mem_bridge/led_q[31]_i_12_n_0
    SLICE_X49Y96         LUT6 (Prop_lut6_I2_O)        0.043     4.325 r  student_top_inst/mem_bridge/led_q[31]_i_6/O
                         net (fo=3, routed)           0.111     4.436    student_top_inst/mem_bridge/led_q[31]_i_6_n_0
    SLICE_X49Y96         LUT6 (Prop_lut6_I5_O)        0.043     4.479 r  student_top_inst/mem_bridge/dram_adapter_i_2/O
                         net (fo=11, routed)          0.466     4.944    student_top_inst/mem_bridge/dram_adapter/dram/U0/inst_blk_mem_gen/gnbram.gnativebmg.native_blk_mem_gen/valid.cstr/ramloop[57].ram.r/prim_init.ram/dram_sel_alias
    SLICE_X49Y100        LUT6 (Prop_lut6_I5_O)        0.043     4.987 r  student_top_inst/mem_bridge/dram_adapter/dram/U0/inst_blk_mem_gen/gnbram.gnativebmg.native_blk_mem_gen/valid.cstr/ramloop[57].ram.r/prim_init.ram/DEVICE_7SERIES.NO_BMM_INFO.SP.SIMPLE_PRIM36.ram_i_1__9_comp/O
                         net (fo=4, routed)           1.556     6.544    student_top_inst/mem_bridge/dram_adapter/dram/U0/inst_blk_mem_gen/gnbram.gnativebmg.native_blk_mem_gen/valid.cstr/ramloop[9].ram.r/prim_init.ram/ramloop[9].ram.ram_ena
    RAMB36_X0Y25         RAMB36E1                                     r  student_top_inst/mem_bridge/dram_adapter/dram/U0/inst_blk_mem_gen/gnbram.gnativebmg.native_blk_mem_gen/valid.cstr/ramloop[9].ram.r/prim_init.ram/DEVICE_7SERIES.NO_BMM_INFO.SP.SIMPLE_PRIM36.ram/ENARDEN
  -------------------------------------------------------------------    -------------------

                         (clock clk_out2_pll rise edge)
                                                      5.000     5.000 r  
    AD12                                              0.000     5.000 r  i_sys_clk_p (IN)
                         net (fo=0)                   0.000     5.000    pll_inst/inst/clk_in1_p
    AD12                 IBUFDS (Prop_ibufds_I_O)     0.803     5.803 r  pll_inst/inst/clkin1_ibufgds/O
                         net (fo=1, routed)           0.986     6.789    pll_inst/inst/clk_in1_pll
    MMCME2_ADV_X1Y1      MMCME2_ADV (Prop_mmcme2_adv_CLKIN1_CLKOUT1)
                                                     -6.759     0.030 r  pll_inst/inst/mmcm_adv_inst/CLKOUT1
                         net (fo=1, routed)           2.005     2.035    pll_inst/inst/clk_out2_pll
    BUFGCTRL_X0Y0        BUFG (Prop_bufg_I_O)         0.083     2.118 r  pll_inst/inst/clkout2_buf/O
                         net (fo=11531, routed)       1.351     3.470    student_top_inst/mem_bridge/dram_adapter/dram/U0/inst_blk_mem_gen/gnbram.gnativebmg.native_blk_mem_gen/valid.cstr/ramloop[9].ram.r/prim_init.ram/clka
    RAMB36_X0Y25         RAMB36E1                                     r  student_top_inst/mem_bridge/dram_adapter/dram/U0/inst_blk_mem_gen/gnbram.gnativebmg.native_blk_mem_gen/valid.cstr/ramloop[9].ram.r/prim_init.ram/DEVICE_7SERIES.NO_BMM_INFO.SP.SIMPLE_PRIM36.ram/CLKARDCLK
                         clock pessimism             -0.680     2.790    
                         clock uncertainty           -0.060     2.729    
    RAMB36_X0Y25         RAMB36E1 (Setup_ramb36e1_CLKARDCLK_ENARDEN)
                                                     -0.328     2.401    student_top_inst/mem_bridge/dram_adapter/dram/U0/inst_blk_mem_gen/gnbram.gnativebmg.native_blk_mem_gen/valid.cstr/ramloop[9].ram.r/prim_init.ram/DEVICE_7SERIES.NO_BMM_INFO.SP.SIMPLE_PRIM36.ram
  -------------------------------------------------------------------
                         required time                          2.401    
                         arrival time                          -6.544    
  -------------------------------------------------------------------
                         slack                                 -4.142    

Slack (VIOLATED) :        -4.131ns  (required time - arrival time)
  Source:                 student_top_inst/Core_cpu/u_core_top/u_dcache/tag_q_reg/CLKBWRCLK
                            (rising edge-triggered cell RAMB36E1 clocked by clk_out2_pll  {rise@0.000ns fall@2.500ns period=5.000ns})
  Destination:            student_top_inst/mem_bridge/dram_adapter/dram/U0/inst_blk_mem_gen/gnbram.gnativebmg.native_blk_mem_gen/valid.cstr/ramloop[13].ram.r/prim_init.ram/DEVICE_7SERIES.NO_BMM_INFO.SP.SIMPLE_PRIM36.ram/WEA[0]
                            (rising edge-triggered cell RAMB36E1 clocked by clk_out2_pll  {rise@0.000ns fall@2.500ns period=5.000ns})
  Path Group:             clk_out2_pll
  Path Type:              Setup (Max at Slow Process Corner)
  Requirement:            5.000ns  (clk_out2_pll rise@5.000ns - clk_out2_pll rise@0.000ns)
  Data Path Delay:        8.184ns  (logic 2.610ns (31.893%)  route 5.574ns (68.107%))
  Logic Levels:           11  (CARRY4=2 LUT6=9)
  Clock Path Skew:        -0.483ns (DCD - SCD + CPR)
    Destination Clock Delay (DCD):    -1.765ns = ( 3.235 - 5.000 ) 
    Source Clock Delay      (SCD):    -1.964ns
    Clock Pessimism Removal (CPR):    -0.682ns
  Clock Uncertainty:      0.060ns  ((TSJ^2 + DJ^2)^1/2) / 2 + PE
    Total System Jitter     (TSJ):    0.071ns
    Discrete Jitter          (DJ):    0.098ns
    Phase Error              (PE):    0.000ns

    Location             Delay type                Incr(ns)  Path(ns)    Netlist Resource(s)
  -------------------------------------------------------------------    -------------------
                         (clock clk_out2_pll rise edge)
                                                      0.000     0.000 r  
    AD12                                              0.000     0.000 r  i_sys_clk_p (IN)
                         net (fo=0)                   0.000     0.000    pll_inst/inst/clk_in1_p
    AD12                 IBUFDS (Prop_ibufds_I_O)     0.906     0.906 r  pll_inst/inst/clkin1_ibufgds/O
                         net (fo=1, routed)           1.081     1.987    pll_inst/inst/clk_in1_pll
    MMCME2_ADV_X1Y1      MMCME2_ADV (Prop_mmcme2_adv_CLKIN1_CLKOUT1)
                                                     -7.786    -5.799 r  pll_inst/inst/mmcm_adv_inst/CLKOUT1
                         net (fo=1, routed)           2.130    -3.669    pll_inst/inst/clk_out2_pll
    BUFGCTRL_X0Y0        BUFG (Prop_bufg_I_O)         0.093    -3.576 r  pll_inst/inst/clkout2_buf/O
                         net (fo=11531, routed)       1.613    -1.964    student_top_inst/Core_cpu/u_core_top/u_dcache/clk
    RAMB36_X3Y17         RAMB36E1                                     r  student_top_inst/Core_cpu/u_core_top/u_dcache/tag_q_reg/CLKBWRCLK
  -------------------------------------------------------------------    -------------------
    RAMB36_X3Y17         RAMB36E1 (Prop_ramb36e1_CLKBWRCLK_DOBDO[4])
                                                      1.800    -0.164 r  student_top_inst/Core_cpu/u_core_top/u_dcache/tag_q_reg/DOBDO[4]
                         net (fo=1, routed)           0.687     0.523    student_top_inst/Core_cpu/u_core_top/u_dcache/tag_read_q[19]
    SLICE_X97Y87         LUT6 (Prop_lut6_I3_O)        0.043     0.566 r  student_top_inst/Core_cpu/u_core_top/u_dcache/cpu_resp_valid_o_INST_0_i_7/O
                         net (fo=1, routed)           0.000     0.566    student_top_inst/Core_cpu/u_core_top/u_dcache/cpu_resp_valid_o_INST_0_i_7_n_0
    SLICE_X97Y87         CARRY4 (Prop_carry4_S[1]_CO[3])
                                                      0.267     0.833 r  student_top_inst/Core_cpu/u_core_top/u_dcache/cpu_resp_valid_o_INST_0_i_2/CO[3]
                         net (fo=1, routed)           0.000     0.833    student_top_inst/Core_cpu/u_core_top/u_dcache/cpu_resp_valid_o_INST_0_i_2_n_0
    SLICE_X97Y88         CARRY4 (Prop_carry4_CI_CO[1])
                                                      0.077     0.910 f  student_top_inst/Core_cpu/u_core_top/u_dcache/cpu_resp_valid_o_INST_0_i_1/CO[1]
                         net (fo=114, routed)         0.637     1.547    student_top_inst/Core_cpu/u_core_top/lookup_hit_c0_alias
    SLICE_X73Y89         LUT6 (Prop_lut6_I3_O)        0.122     1.669 f  student_top_inst/Core_cpu/u_core_top/u_dcache_i_73_comp/O
                         net (fo=29, routed)          0.343     2.012    student_top_inst/Core_cpu/u_core_top/u_dcache_i_73_n_0
    SLICE_X71Y89         LUT6 (Prop_lut6_I2_O)        0.043     2.055 f  student_top_inst/Core_cpu/u_core_top/u_dcache_i_13_comp/O
                         net (fo=5, routed)           0.778     2.833    student_top_inst/Core_cpu/u_core_top/u_dcache/cpu_req_addr_i[21]
    SLICE_X53Y97         LUT6 (Prop_lut6_I1_O)        0.043     2.876 f  student_top_inst/Core_cpu/u_core_top/u_dcache/mem_req_valid_o_INST_0_i_3_comp/O
                         net (fo=2, routed)           0.332     3.209    student_top_inst/Core_cpu/u_core_top/u_dcache/mem_req_valid_o_INST_0_i_3_n_0
    SLICE_X51Y97         LUT6 (Prop_lut6_I1_O)        0.043     3.252 r  student_top_inst/Core_cpu/u_core_top/u_dcache/mem_req_addr_o[31]_INST_0_i_1_comp/O
                         net (fo=34, routed)          0.558     3.810    student_top_inst/mem_bridge/mem_req_addr_o[31]_INST_0_i_1_n_0_alias
    SLICE_X49Y97         LUT6 (Prop_lut6_I4_O)        0.043     3.853 f  student_top_inst/mem_bridge/led_q[31]_i_12_comp_2/O
                         net (fo=1, routed)           0.429     4.282    student_top_inst/mem_bridge/led_q[31]_i_12_n_0
    SLICE_X49Y96         LUT6 (Prop_lut6_I2_O)        0.043     4.325 r  student_top_inst/mem_bridge/led_q[31]_i_6/O
                         net (fo=3, routed)           0.111     4.436    student_top_inst/mem_bridge/led_q[31]_i_6_n_0
    SLICE_X49Y96         LUT6 (Prop_lut6_I5_O)        0.043     4.479 r  student_top_inst/mem_bridge/dram_adapter_i_2/O
                         net (fo=11, routed)          0.387     4.865    student_top_inst/mem_bridge/dram_adapter/dram_sel_alias
    SLICE_X45Y97         LUT6 (Prop_lut6_I5_O)        0.043     4.908 r  student_top_inst/mem_bridge/dram_adapter/dram_i_4_comp/O
                         net (fo=16, routed)          1.312     6.220    student_top_inst/mem_bridge/dram_adapter/dram/U0/inst_blk_mem_gen/gnbram.gnativebmg.native_blk_mem_gen/valid.cstr/ramloop[13].ram.r/prim_init.ram/wea[0]
    RAMB36_X2Y30         RAMB36E1                                     r  student_top_inst/mem_bridge/dram_adapter/dram/U0/inst_blk_mem_gen/gnbram.gnativebmg.native_blk_mem_gen/valid.cstr/ramloop[13].ram.r/prim_init.ram/DEVICE_7SERIES.NO_BMM_INFO.SP.SIMPLE_PRIM36.ram/WEA[0]
  -------------------------------------------------------------------    -------------------

                         (clock clk_out2_pll rise edge)
                                                      5.000     5.000 r  
    AD12                                              0.000     5.000 r  i_sys_clk_p (IN)
                         net (fo=0)                   0.000     5.000    pll_inst/inst/clk_in1_p
    AD12                 IBUFDS (Prop_ibufds_I_O)     0.803     5.803 r  pll_inst/inst/clkin1_ibufgds/O
                         net (fo=1, routed)           0.986     6.789    pll_inst/inst/clk_in1_pll
    MMCME2_ADV_X1Y1      MMCME2_ADV (Prop_mmcme2_adv_CLKIN1_CLKOUT1)
                                                     -6.759     0.030 r  pll_inst/inst/mmcm_adv_inst/CLKOUT1
                         net (fo=1, routed)           2.005     2.035    pll_inst/inst/clk_out2_pll
    BUFGCTRL_X0Y0        BUFG (Prop_bufg_I_O)         0.083     2.118 r  pll_inst/inst/clkout2_buf/O
                         net (fo=11531, routed)       1.116     3.235    student_top_inst/mem_bridge/dram_adapter/dram/U0/inst_blk_mem_gen/gnbram.gnativebmg.native_blk_mem_gen/valid.cstr/ramloop[13].ram.r/prim_init.ram/clka
    RAMB36_X2Y30         RAMB36E1                                     r  student_top_inst/mem_bridge/dram_adapter/dram/U0/inst_blk_mem_gen/gnbram.gnativebmg.native_blk_mem_gen/valid.cstr/ramloop[13].ram.r/prim_init.ram/DEVICE_7SERIES.NO_BMM_INFO.SP.SIMPLE_PRIM36.ram/CLKARDCLK
                         clock pessimism             -0.682     2.553    
                         clock uncertainty           -0.060     2.492    
    RAMB36_X2Y30         RAMB36E1 (Setup_ramb36e1_CLKARDCLK_WEA[0])
                                                     -0.404     2.088    student_top_inst/mem_bridge/dram_adapter/dram/U0/inst_blk_mem_gen/gnbram.gnativebmg.native_blk_mem_gen/valid.cstr/ramloop[13].ram.r/prim_init.ram/DEVICE_7SERIES.NO_BMM_INFO.SP.SIMPLE_PRIM36.ram
  -------------------------------------------------------------------
                         required time                          2.088    
                         arrival time                          -6.220    
  -------------------------------------------------------------------
                         slack                                 -4.131    

Slack (VIOLATED) :        -4.123ns  (required time - arrival time)
  Source:                 student_top_inst/Core_cpu/u_core_top/u_dcache/tag_q_reg/CLKBWRCLK
                            (rising edge-triggered cell RAMB36E1 clocked by clk_out2_pll  {rise@0.000ns fall@2.500ns period=5.000ns})
  Destination:            student_top_inst/mem_bridge/dram_adapter/dram/U0/inst_blk_mem_gen/gnbram.gnativebmg.native_blk_mem_gen/valid.cstr/ramloop[50].ram.r/prim_init.ram/DEVICE_7SERIES.NO_BMM_INFO.SP.SIMPLE_PRIM36.ram/ENARDEN
                            (rising edge-triggered cell RAMB36E1 clocked by clk_out2_pll  {rise@0.000ns fall@2.500ns period=5.000ns})
  Path Group:             clk_out2_pll
  Path Type:              Setup (Max at Slow Process Corner)
  Requirement:            5.000ns  (clk_out2_pll rise@5.000ns - clk_out2_pll rise@0.000ns)
  Data Path Delay:        8.423ns  (logic 2.653ns (31.498%)  route 5.770ns (68.502%))
  Logic Levels:           12  (CARRY4=2 LUT2=1 LUT5=1 LUT6=8)
  Clock Path Skew:        -0.311ns (DCD - SCD + CPR)
    Destination Clock Delay (DCD):    -1.595ns = ( 3.405 - 5.000 ) 
    Source Clock Delay      (SCD):    -1.964ns
    Clock Pessimism Removal (CPR):    -0.680ns
  Clock Uncertainty:      0.060ns  ((TSJ^2 + DJ^2)^1/2) / 2 + PE
    Total System Jitter     (TSJ):    0.071ns
    Discrete Jitter          (DJ):    0.098ns
    Phase Error              (PE):    0.000ns

    Location             Delay type                Incr(ns)  Path(ns)    Netlist Resource(s)
  -------------------------------------------------------------------    -------------------
                         (clock clk_out2_pll rise edge)
                                                      0.000     0.000 r  
    AD12                                              0.000     0.000 r  i_sys_clk_p (IN)
                         net (fo=0)                   0.000     0.000    pll_inst/inst/clk_in1_p
    AD12                 IBUFDS (Prop_ibufds_I_O)     0.906     0.906 r  pll_inst/inst/clkin1_ibufgds/O
                         net (fo=1, routed)           1.081     1.987    pll_inst/inst/clk_in1_pll
    MMCME2_ADV_X1Y1      MMCME2_ADV (Prop_mmcme2_adv_CLKIN1_CLKOUT1)
                                                     -7.786    -5.799 r  pll_inst/inst/mmcm_adv_inst/CLKOUT1
                         net (fo=1, routed)           2.130    -3.669    pll_inst/inst/clk_out2_pll
    BUFGCTRL_X0Y0        BUFG (Prop_bufg_I_O)         0.093    -3.576 r  pll_inst/inst/clkout2_buf/O
                         net (fo=11531, routed)       1.613    -1.964    student_top_inst/Core_cpu/u_core_top/u_dcache/clk
    RAMB36_X3Y17         RAMB36E1                                     r  student_top_inst/Core_cpu/u_core_top/u_dcache/tag_q_reg/CLKBWRCLK
  -------------------------------------------------------------------    -------------------
    RAMB36_X3Y17         RAMB36E1 (Prop_ramb36e1_CLKBWRCLK_DOBDO[4])
                                                      1.800    -0.164 r  student_top_inst/Core_cpu/u_core_top/u_dcache/tag_q_reg/DOBDO[4]
                         net (fo=1, routed)           0.687     0.523    student_top_inst/Core_cpu/u_core_top/u_dcache/tag_read_q[19]
    SLICE_X97Y87         LUT6 (Prop_lut6_I3_O)        0.043     0.566 r  student_top_inst/Core_cpu/u_core_top/u_dcache/cpu_resp_valid_o_INST_0_i_7/O
                         net (fo=1, routed)           0.000     0.566    student_top_inst/Core_cpu/u_core_top/u_dcache/cpu_resp_valid_o_INST_0_i_7_n_0
    SLICE_X97Y87         CARRY4 (Prop_carry4_S[1]_CO[3])
                                                      0.267     0.833 r  student_top_inst/Core_cpu/u_core_top/u_dcache/cpu_resp_valid_o_INST_0_i_2/CO[3]
                         net (fo=1, routed)           0.000     0.833    student_top_inst/Core_cpu/u_core_top/u_dcache/cpu_resp_valid_o_INST_0_i_2_n_0
    SLICE_X97Y88         CARRY4 (Prop_carry4_CI_CO[1])
                                                      0.077     0.910 f  student_top_inst/Core_cpu/u_core_top/u_dcache/cpu_resp_valid_o_INST_0_i_1/CO[1]
                         net (fo=114, routed)         0.637     1.547    student_top_inst/Core_cpu/u_core_top/lookup_hit_c0_alias
    SLICE_X73Y89         LUT6 (Prop_lut6_I3_O)        0.122     1.669 f  student_top_inst/Core_cpu/u_core_top/u_dcache_i_73_comp/O
                         net (fo=29, routed)          0.343     2.012    student_top_inst/Core_cpu/u_core_top/u_dcache_i_73_n_0
    SLICE_X71Y89         LUT6 (Prop_lut6_I2_O)        0.043     2.055 f  student_top_inst/Core_cpu/u_core_top/u_dcache_i_13_comp/O
                         net (fo=5, routed)           0.778     2.833    student_top_inst/Core_cpu/u_core_top/u_dcache/cpu_req_addr_i[21]
    SLICE_X53Y97         LUT6 (Prop_lut6_I1_O)        0.043     2.876 f  student_top_inst/Core_cpu/u_core_top/u_dcache/mem_req_valid_o_INST_0_i_3_comp/O
                         net (fo=2, routed)           0.332     3.209    student_top_inst/Core_cpu/u_core_top/u_dcache/mem_req_valid_o_INST_0_i_3_n_0
    SLICE_X51Y97         LUT6 (Prop_lut6_I1_O)        0.043     3.252 r  student_top_inst/Core_cpu/u_core_top/u_dcache/mem_req_addr_o[31]_INST_0_i_1_comp/O
                         net (fo=34, routed)          0.558     3.810    student_top_inst/mem_bridge/mem_req_addr_o[31]_INST_0_i_1_n_0_alias
    SLICE_X49Y97         LUT6 (Prop_lut6_I4_O)        0.043     3.853 f  student_top_inst/mem_bridge/led_q[31]_i_12_comp_2/O
                         net (fo=1, routed)           0.429     4.282    student_top_inst/mem_bridge/led_q[31]_i_12_n_0
    SLICE_X49Y96         LUT6 (Prop_lut6_I2_O)        0.043     4.325 r  student_top_inst/mem_bridge/led_q[31]_i_6/O
                         net (fo=3, routed)           0.111     4.436    student_top_inst/mem_bridge/led_q[31]_i_6_n_0
    SLICE_X49Y96         LUT6 (Prop_lut6_I5_O)        0.043     4.479 r  student_top_inst/mem_bridge/dram_adapter_i_2/O
                         net (fo=11, routed)          0.212     4.691    student_top_inst/mem_bridge/dram_sel
    SLICE_X49Y97         LUT2 (Prop_lut2_I1_O)        0.043     4.734 r  student_top_inst/mem_bridge/dram_adapter_i_1/O
                         net (fo=18, routed)          0.520     5.253    student_top_inst/mem_bridge/dram_adapter/dram/U0/inst_blk_mem_gen/gnbram.gnativebmg.native_blk_mem_gen/valid.cstr/ramloop[50].ram.r/prim_init.ram/ena
    SLICE_X50Y96         LUT5 (Prop_lut5_I0_O)        0.043     5.296 r  student_top_inst/mem_bridge/dram_adapter/dram/U0/inst_blk_mem_gen/gnbram.gnativebmg.native_blk_mem_gen/valid.cstr/ramloop[50].ram.r/prim_init.ram/DEVICE_7SERIES.NO_BMM_INFO.SP.SIMPLE_PRIM36.ram_i_1__0/O
                         net (fo=4, routed)           1.163     6.459    student_top_inst/mem_bridge/dram_adapter/dram/U0/inst_blk_mem_gen/gnbram.gnativebmg.native_blk_mem_gen/valid.cstr/ramloop[50].ram.r/prim_init.ram/ramloop[2].ram.ram_ena
    RAMB36_X2Y29         RAMB36E1                                     r  student_top_inst/mem_bridge/dram_adapter/dram/U0/inst_blk_mem_gen/gnbram.gnativebmg.native_blk_mem_gen/valid.cstr/ramloop[50].ram.r/prim_init.ram/DEVICE_7SERIES.NO_BMM_INFO.SP.SIMPLE_PRIM36.ram/ENARDEN
  -------------------------------------------------------------------    -------------------

                         (clock clk_out2_pll rise edge)
                                                      5.000     5.000 r  
    AD12                                              0.000     5.000 r  i_sys_clk_p (IN)
                         net (fo=0)                   0.000     5.000    pll_inst/inst/clk_in1_p
    AD12                 IBUFDS (Prop_ibufds_I_O)     0.803     5.803 r  pll_inst/inst/clkin1_ibufgds/O
                         net (fo=1, routed)           0.986     6.789    pll_inst/inst/clk_in1_pll
    MMCME2_ADV_X1Y1      MMCME2_ADV (Prop_mmcme2_adv_CLKIN1_CLKOUT1)
                                                     -6.759     0.030 r  pll_inst/inst/mmcm_adv_inst/CLKOUT1
                         net (fo=1, routed)           2.005     2.035    pll_inst/inst/clk_out2_pll
    BUFGCTRL_X0Y0        BUFG (Prop_bufg_I_O)         0.083     2.118 r  pll_inst/inst/clkout2_buf/O
                         net (fo=11531, routed)       1.286     3.405    student_top_inst/mem_bridge/dram_adapter/dram/U0/inst_blk_mem_gen/gnbram.gnativebmg.native_blk_mem_gen/valid.cstr/ramloop[50].ram.r/prim_init.ram/clka
    RAMB36_X2Y29         RAMB36E1                                     r  student_top_inst/mem_bridge/dram_adapter/dram/U0/inst_blk_mem_gen/gnbram.gnativebmg.native_blk_mem_gen/valid.cstr/ramloop[50].ram.r/prim_init.ram/DEVICE_7SERIES.NO_BMM_INFO.SP.SIMPLE_PRIM36.ram/CLKARDCLK
                         clock pessimism             -0.680     2.725    
                         clock uncertainty           -0.060     2.664    
    RAMB36_X2Y29         RAMB36E1 (Setup_ramb36e1_CLKARDCLK_ENARDEN)
                                                     -0.328     2.336    student_top_inst/mem_bridge/dram_adapter/dram/U0/inst_blk_mem_gen/gnbram.gnativebmg.native_blk_mem_gen/valid.cstr/ramloop[50].ram.r/prim_init.ram/DEVICE_7SERIES.NO_BMM_INFO.SP.SIMPLE_PRIM36.ram
  -------------------------------------------------------------------
                         required time                          2.336    
                         arrival time                          -6.459    
  -------------------------------------------------------------------
                         slack                                 -4.123    

Slack (VIOLATED) :        -4.114ns  (required time - arrival time)
  Source:                 student_top_inst/Core_cpu/u_core_top/u_dcache/tag_q_reg/CLKBWRCLK
                            (rising edge-triggered cell RAMB36E1 clocked by clk_out2_pll  {rise@0.000ns fall@2.500ns period=5.000ns})
  Destination:            student_top_inst/mem_bridge/dram_adapter/dram/U0/inst_blk_mem_gen/gnbram.gnativebmg.native_blk_mem_gen/valid.cstr/ramloop[63].ram.r/prim_init.ram/DEVICE_7SERIES.NO_BMM_INFO.SP.SIMPLE_PRIM36.ram/ENARDEN
                            (rising edge-triggered cell RAMB36E1 clocked by clk_out2_pll  {rise@0.000ns fall@2.500ns period=5.000ns})
  Path Group:             clk_out2_pll
  Path Type:              Setup (Max at Slow Process Corner)
  Requirement:            5.000ns  (clk_out2_pll rise@5.000ns - clk_out2_pll rise@0.000ns)
  Data Path Delay:        8.419ns  (logic 2.653ns (31.512%)  route 5.766ns (68.488%))
  Logic Levels:           12  (CARRY4=2 LUT2=1 LUT5=1 LUT6=8)
  Clock Path Skew:        -0.306ns (DCD - SCD + CPR)
    Destination Clock Delay (DCD):    -1.590ns = ( 3.410 - 5.000 ) 
    Source Clock Delay      (SCD):    -1.964ns
    Clock Pessimism Removal (CPR):    -0.680ns
  Clock Uncertainty:      0.060ns  ((TSJ^2 + DJ^2)^1/2) / 2 + PE
    Total System Jitter     (TSJ):    0.071ns
    Discrete Jitter          (DJ):    0.098ns
    Phase Error              (PE):    0.000ns

    Location             Delay type                Incr(ns)  Path(ns)    Netlist Resource(s)
  -------------------------------------------------------------------    -------------------
                         (clock clk_out2_pll rise edge)
                                                      0.000     0.000 r  
    AD12                                              0.000     0.000 r  i_sys_clk_p (IN)
                         net (fo=0)                   0.000     0.000    pll_inst/inst/clk_in1_p
    AD12                 IBUFDS (Prop_ibufds_I_O)     0.906     0.906 r  pll_inst/inst/clkin1_ibufgds/O
                         net (fo=1, routed)           1.081     1.987    pll_inst/inst/clk_in1_pll
    MMCME2_ADV_X1Y1      MMCME2_ADV (Prop_mmcme2_adv_CLKIN1_CLKOUT1)
                                                     -7.786    -5.799 r  pll_inst/inst/mmcm_adv_inst/CLKOUT1
                         net (fo=1, routed)           2.130    -3.669    pll_inst/inst/clk_out2_pll
    BUFGCTRL_X0Y0        BUFG (Prop_bufg_I_O)         0.093    -3.576 r  pll_inst/inst/clkout2_buf/O
                         net (fo=11531, routed)       1.613    -1.964    student_top_inst/Core_cpu/u_core_top/u_dcache/clk
    RAMB36_X3Y17         RAMB36E1                                     r  student_top_inst/Core_cpu/u_core_top/u_dcache/tag_q_reg/CLKBWRCLK
  -------------------------------------------------------------------    -------------------
    RAMB36_X3Y17         RAMB36E1 (Prop_ramb36e1_CLKBWRCLK_DOBDO[4])
                                                      1.800    -0.164 r  student_top_inst/Core_cpu/u_core_top/u_dcache/tag_q_reg/DOBDO[4]
                         net (fo=1, routed)           0.687     0.523    student_top_inst/Core_cpu/u_core_top/u_dcache/tag_read_q[19]
    SLICE_X97Y87         LUT6 (Prop_lut6_I3_O)        0.043     0.566 r  student_top_inst/Core_cpu/u_core_top/u_dcache/cpu_resp_valid_o_INST_0_i_7/O
                         net (fo=1, routed)           0.000     0.566    student_top_inst/Core_cpu/u_core_top/u_dcache/cpu_resp_valid_o_INST_0_i_7_n_0
    SLICE_X97Y87         CARRY4 (Prop_carry4_S[1]_CO[3])
                                                      0.267     0.833 r  student_top_inst/Core_cpu/u_core_top/u_dcache/cpu_resp_valid_o_INST_0_i_2/CO[3]
                         net (fo=1, routed)           0.000     0.833    student_top_inst/Core_cpu/u_core_top/u_dcache/cpu_resp_valid_o_INST_0_i_2_n_0
    SLICE_X97Y88         CARRY4 (Prop_carry4_CI_CO[1])
                                                      0.077     0.910 f  student_top_inst/Core_cpu/u_core_top/u_dcache/cpu_resp_valid_o_INST_0_i_1/CO[1]
                         net (fo=114, routed)         0.637     1.547    student_top_inst/Core_cpu/u_core_top/lookup_hit_c0_alias
    SLICE_X73Y89         LUT6 (Prop_lut6_I3_O)        0.122     1.669 f  student_top_inst/Core_cpu/u_core_top/u_dcache_i_73_comp/O
                         net (fo=29, routed)          0.343     2.012    student_top_inst/Core_cpu/u_core_top/u_dcache_i_73_n_0
    SLICE_X71Y89         LUT6 (Prop_lut6_I2_O)        0.043     2.055 f  student_top_inst/Core_cpu/u_core_top/u_dcache_i_13_comp/O
                         net (fo=5, routed)           0.778     2.833    student_top_inst/Core_cpu/u_core_top/u_dcache/cpu_req_addr_i[21]
    SLICE_X53Y97         LUT6 (Prop_lut6_I1_O)        0.043     2.876 f  student_top_inst/Core_cpu/u_core_top/u_dcache/mem_req_valid_o_INST_0_i_3_comp/O
                         net (fo=2, routed)           0.332     3.209    student_top_inst/Core_cpu/u_core_top/u_dcache/mem_req_valid_o_INST_0_i_3_n_0
    SLICE_X51Y97         LUT6 (Prop_lut6_I1_O)        0.043     3.252 r  student_top_inst/Core_cpu/u_core_top/u_dcache/mem_req_addr_o[31]_INST_0_i_1_comp/O
                         net (fo=34, routed)          0.558     3.810    student_top_inst/mem_bridge/mem_req_addr_o[31]_INST_0_i_1_n_0_alias
    SLICE_X49Y97         LUT6 (Prop_lut6_I4_O)        0.043     3.853 f  student_top_inst/mem_bridge/led_q[31]_i_12_comp_2/O
                         net (fo=1, routed)           0.429     4.282    student_top_inst/mem_bridge/led_q[31]_i_12_n_0
    SLICE_X49Y96         LUT6 (Prop_lut6_I2_O)        0.043     4.325 r  student_top_inst/mem_bridge/led_q[31]_i_6/O
                         net (fo=3, routed)           0.111     4.436    student_top_inst/mem_bridge/led_q[31]_i_6_n_0
    SLICE_X49Y96         LUT6 (Prop_lut6_I5_O)        0.043     4.479 r  student_top_inst/mem_bridge/dram_adapter_i_2/O
                         net (fo=11, routed)          0.212     4.691    student_top_inst/mem_bridge/dram_sel
    SLICE_X49Y97         LUT2 (Prop_lut2_I1_O)        0.043     4.734 r  student_top_inst/mem_bridge/dram_adapter_i_1/O
                         net (fo=18, routed)          0.315     5.048    student_top_inst/mem_bridge/dram_adapter/dram/U0/inst_blk_mem_gen/gnbram.gnativebmg.native_blk_mem_gen/valid.cstr/ramloop[63].ram.r/prim_init.ram/ena
    SLICE_X48Y98         LUT5 (Prop_lut5_I4_O)        0.043     5.091 r  student_top_inst/mem_bridge/dram_adapter/dram/U0/inst_blk_mem_gen/gnbram.gnativebmg.native_blk_mem_gen/valid.cstr/ramloop[63].ram.r/prim_init.ram/DEVICE_7SERIES.NO_BMM_INFO.SP.SIMPLE_PRIM36.ram_i_1__11/O
                         net (fo=4, routed)           1.364     6.455    student_top_inst/mem_bridge/dram_adapter/dram/U0/inst_blk_mem_gen/gnbram.gnativebmg.native_blk_mem_gen/valid.cstr/ramloop[63].ram.r/prim_init.ram/ramloop[15].ram.ram_ena
    RAMB36_X3Y24         RAMB36E1                                     r  student_top_inst/mem_bridge/dram_adapter/dram/U0/inst_blk_mem_gen/gnbram.gnativebmg.native_blk_mem_gen/valid.cstr/ramloop[63].ram.r/prim_init.ram/DEVICE_7SERIES.NO_BMM_INFO.SP.SIMPLE_PRIM36.ram/ENARDEN
  -------------------------------------------------------------------    -------------------

                         (clock clk_out2_pll rise edge)
                                                      5.000     5.000 r  
    AD12                                              0.000     5.000 r  i_sys_clk_p (IN)
                         net (fo=0)                   0.000     5.000    pll_inst/inst/clk_in1_p
    AD12                 IBUFDS (Prop_ibufds_I_O)     0.803     5.803 r  pll_inst/inst/clkin1_ibufgds/O
                         net (fo=1, routed)           0.986     6.789    pll_inst/inst/clk_in1_pll
    MMCME2_ADV_X1Y1      MMCME2_ADV (Prop_mmcme2_adv_CLKIN1_CLKOUT1)
                                                     -6.759     0.030 r  pll_inst/inst/mmcm_adv_inst/CLKOUT1
                         net (fo=1, routed)           2.005     2.035    pll_inst/inst/clk_out2_pll
    BUFGCTRL_X0Y0        BUFG (Prop_bufg_I_O)         0.083     2.118 r  pll_inst/inst/clkout2_buf/O
                         net (fo=11531, routed)       1.291     3.410    student_top_inst/mem_bridge/dram_adapter/dram/U0/inst_blk_mem_gen/gnbram.gnativebmg.native_blk_mem_gen/valid.cstr/ramloop[63].ram.r/prim_init.ram/clka
    RAMB36_X3Y24         RAMB36E1                                     r  student_top_inst/mem_bridge/dram_adapter/dram/U0/inst_blk_mem_gen/gnbram.gnativebmg.native_blk_mem_gen/valid.cstr/ramloop[63].ram.r/prim_init.ram/DEVICE_7SERIES.NO_BMM_INFO.SP.SIMPLE_PRIM36.ram/CLKARDCLK
                         clock pessimism             -0.680     2.730    
                         clock uncertainty           -0.060     2.669    
    RAMB36_X3Y24         RAMB36E1 (Setup_ramb36e1_CLKARDCLK_ENARDEN)
                                                     -0.328     2.341    student_top_inst/mem_bridge/dram_adapter/dram/U0/inst_blk_mem_gen/gnbram.gnativebmg.native_blk_mem_gen/valid.cstr/ramloop[63].ram.r/prim_init.ram/DEVICE_7SERIES.NO_BMM_INFO.SP.SIMPLE_PRIM36.ram
  -------------------------------------------------------------------
                         required time                          2.341    
                         arrival time                          -6.455    
  -------------------------------------------------------------------
                         slack                                 -4.114    

Slack (VIOLATED) :        -4.094ns  (required time - arrival time)
  Source:                 student_top_inst/Core_cpu/u_core_top/u_dcache/tag_q_reg/CLKBWRCLK
                            (rising edge-triggered cell RAMB36E1 clocked by clk_out2_pll  {rise@0.000ns fall@2.500ns period=5.000ns})
  Destination:            student_top_inst/mem_bridge/dram_adapter/dram/U0/inst_blk_mem_gen/gnbram.gnativebmg.native_blk_mem_gen/valid.cstr/ramloop[60].ram.r/prim_init.ram/DEVICE_7SERIES.NO_BMM_INFO.SP.SIMPLE_PRIM36.ram/WEA[0]
                            (rising edge-triggered cell RAMB36E1 clocked by clk_out2_pll  {rise@0.000ns fall@2.500ns period=5.000ns})
  Path Group:             clk_out2_pll
  Path Type:              Setup (Max at Slow Process Corner)
  Requirement:            5.000ns  (clk_out2_pll rise@5.000ns - clk_out2_pll rise@0.000ns)
  Data Path Delay:        8.379ns  (logic 2.610ns (31.151%)  route 5.769ns (68.849%))
  Logic Levels:           11  (CARRY4=2 LUT2=1 LUT6=8)
  Clock Path Skew:        -0.251ns (DCD - SCD + CPR)
    Destination Clock Delay (DCD):    -1.535ns = ( 3.465 - 5.000 ) 
    Source Clock Delay      (SCD):    -1.964ns
    Clock Pessimism Removal (CPR):    -0.680ns
  Clock Uncertainty:      0.060ns  ((TSJ^2 + DJ^2)^1/2) / 2 + PE
    Total System Jitter     (TSJ):    0.071ns
    Discrete Jitter          (DJ):    0.098ns
    Phase Error              (PE):    0.000ns

    Location             Delay type                Incr(ns)  Path(ns)    Netlist Resource(s)
  -------------------------------------------------------------------    -------------------
                         (clock clk_out2_pll rise edge)
                                                      0.000     0.000 r  
    AD12                                              0.000     0.000 r  i_sys_clk_p (IN)
                         net (fo=0)                   0.000     0.000    pll_inst/inst/clk_in1_p
    AD12                 IBUFDS (Prop_ibufds_I_O)     0.906     0.906 r  pll_inst/inst/clkin1_ibufgds/O
                         net (fo=1, routed)           1.081     1.987    pll_inst/inst/clk_in1_pll
    MMCME2_ADV_X1Y1      MMCME2_ADV (Prop_mmcme2_adv_CLKIN1_CLKOUT1)
                                                     -7.786    -5.799 r  pll_inst/inst/mmcm_adv_inst/CLKOUT1
                         net (fo=1, routed)           2.130    -3.669    pll_inst/inst/clk_out2_pll
    BUFGCTRL_X0Y0        BUFG (Prop_bufg_I_O)         0.093    -3.576 r  pll_inst/inst/clkout2_buf/O
                         net (fo=11531, routed)       1.613    -1.964    student_top_inst/Core_cpu/u_core_top/u_dcache/clk
    RAMB36_X3Y17         RAMB36E1                                     r  student_top_inst/Core_cpu/u_core_top/u_dcache/tag_q_reg/CLKBWRCLK
  -------------------------------------------------------------------    -------------------
    RAMB36_X3Y17         RAMB36E1 (Prop_ramb36e1_CLKBWRCLK_DOBDO[4])
                                                      1.800    -0.164 r  student_top_inst/Core_cpu/u_core_top/u_dcache/tag_q_reg/DOBDO[4]
                         net (fo=1, routed)           0.687     0.523    student_top_inst/Core_cpu/u_core_top/u_dcache/tag_read_q[19]
    SLICE_X97Y87         LUT6 (Prop_lut6_I3_O)        0.043     0.566 r  student_top_inst/Core_cpu/u_core_top/u_dcache/cpu_resp_valid_o_INST_0_i_7/O
                         net (fo=1, routed)           0.000     0.566    student_top_inst/Core_cpu/u_core_top/u_dcache/cpu_resp_valid_o_INST_0_i_7_n_0
    SLICE_X97Y87         CARRY4 (Prop_carry4_S[1]_CO[3])
                                                      0.267     0.833 r  student_top_inst/Core_cpu/u_core_top/u_dcache/cpu_resp_valid_o_INST_0_i_2/CO[3]
                         net (fo=1, routed)           0.000     0.833    student_top_inst/Core_cpu/u_core_top/u_dcache/cpu_resp_valid_o_INST_0_i_2_n_0
    SLICE_X97Y88         CARRY4 (Prop_carry4_CI_CO[1])
                                                      0.077     0.910 r  student_top_inst/Core_cpu/u_core_top/u_dcache/cpu_resp_valid_o_INST_0_i_1/CO[1]
                         net (fo=114, routed)         0.637     1.547    student_top_inst/Core_cpu/u_core_top/lookup_hit_c0_alias
    SLICE_X73Y89         LUT6 (Prop_lut6_I3_O)        0.122     1.669 r  student_top_inst/Core_cpu/u_core_top/u_dcache_i_73_comp/O
                         net (fo=29, routed)          0.343     2.012    student_top_inst/Core_cpu/u_core_top/u_dcache_i_73_n_0
    SLICE_X71Y89         LUT6 (Prop_lut6_I2_O)        0.043     2.055 r  student_top_inst/Core_cpu/u_core_top/u_dcache_i_13_comp/O
                         net (fo=5, routed)           0.778     2.833    student_top_inst/Core_cpu/u_core_top/u_dcache/cpu_req_addr_i[21]
    SLICE_X53Y97         LUT6 (Prop_lut6_I1_O)        0.043     2.876 r  student_top_inst/Core_cpu/u_core_top/u_dcache/mem_req_valid_o_INST_0_i_3_comp/O
                         net (fo=2, routed)           0.407     3.283    student_top_inst/Core_cpu/u_core_top/u_dcache/mem_req_valid_o_INST_0_i_3_n_0
    SLICE_X53Y95         LUT6 (Prop_lut6_I0_O)        0.043     3.326 f  student_top_inst/Core_cpu/u_core_top/u_dcache/mem_req_valid_o_INST_0_i_2/O
                         net (fo=5, routed)           0.192     3.518    student_top_inst/Core_cpu/u_core_top/u_dcache/mem_req_valid_o_INST_0_i_2_n_0
    SLICE_X51Y95         LUT2 (Prop_lut2_I0_O)        0.043     3.561 f  student_top_inst/Core_cpu/u_core_top/u_dcache/mem_req_valid_o_INST_0_i_1/O
                         net (fo=1, routed)           0.283     3.844    student_top_inst/Core_cpu/u_core_top/u_dcache/mem_req_valid_o_INST_0_i_1_n_0
    SLICE_X50Y98         LUT6 (Prop_lut6_I1_O)        0.043     3.887 r  student_top_inst/Core_cpu/u_core_top/u_dcache/mem_req_valid_o_INST_0/O
                         net (fo=13, routed)          0.608     4.495    student_top_inst/mem_bridge/req_valid
    SLICE_X48Y102        LUT6 (Prop_lut6_I2_O)        0.043     4.538 r  student_top_inst/mem_bridge/dram_adapter_i_2_comp/O
                         net (fo=1, routed)           0.346     4.884    student_top_inst/mem_bridge/dram_adapter/dram_sel_repN_alias
    SLICE_X48Y101        LUT6 (Prop_lut6_I5_O)        0.043     4.927 r  student_top_inst/mem_bridge/dram_adapter/dram_i_1_comp/O
                         net (fo=16, routed)          1.488     6.415    student_top_inst/mem_bridge/dram_adapter/dram/U0/inst_blk_mem_gen/gnbram.gnativebmg.native_blk_mem_gen/valid.cstr/ramloop[60].ram.r/prim_init.ram/wea[0]
    RAMB36_X0Y24         RAMB36E1                                     r  student_top_inst/mem_bridge/dram_adapter/dram/U0/inst_blk_mem_gen/gnbram.gnativebmg.native_blk_mem_gen/valid.cstr/ramloop[60].ram.r/prim_init.ram/DEVICE_7SERIES.NO_BMM_INFO.SP.SIMPLE_PRIM36.ram/WEA[0]
  -------------------------------------------------------------------    -------------------

                         (clock clk_out2_pll rise edge)
                                                      5.000     5.000 r  
    AD12                                              0.000     5.000 r  i_sys_clk_p (IN)
                         net (fo=0)                   0.000     5.000    pll_inst/inst/clk_in1_p
    AD12                 IBUFDS (Prop_ibufds_I_O)     0.803     5.803 r  pll_inst/inst/clkin1_ibufgds/O
                         net (fo=1, routed)           0.986     6.789    pll_inst/inst/clk_in1_pll
    MMCME2_ADV_X1Y1      MMCME2_ADV (Prop_mmcme2_adv_CLKIN1_CLKOUT1)
                                                     -6.759     0.030 r  pll_inst/inst/mmcm_adv_inst/CLKOUT1
                         net (fo=1, routed)           2.005     2.035    pll_inst/inst/clk_out2_pll
    BUFGCTRL_X0Y0        BUFG (Prop_bufg_I_O)         0.083     2.118 r  pll_inst/inst/clkout2_buf/O
                         net (fo=11531, routed)       1.346     3.465    student_top_inst/mem_bridge/dram_adapter/dram/U0/inst_blk_mem_gen/gnbram.gnativebmg.native_blk_mem_gen/valid.cstr/ramloop[60].ram.r/prim_init.ram/clka
    RAMB36_X0Y24         RAMB36E1                                     r  student_top_inst/mem_bridge/dram_adapter/dram/U0/inst_blk_mem_gen/gnbram.gnativebmg.native_blk_mem_gen/valid.cstr/ramloop[60].ram.r/prim_init.ram/DEVICE_7SERIES.NO_BMM_INFO.SP.SIMPLE_PRIM36.ram/CLKARDCLK
                         clock pessimism             -0.680     2.785    
                         clock uncertainty           -0.060     2.724    
    RAMB36_X0Y24         RAMB36E1 (Setup_ramb36e1_CLKARDCLK_WEA[0])
                                                     -0.404     2.320    student_top_inst/mem_bridge/dram_adapter/dram/U0/inst_blk_mem_gen/gnbram.gnativebmg.native_blk_mem_gen/valid.cstr/ramloop[60].ram.r/prim_init.ram/DEVICE_7SERIES.NO_BMM_INFO.SP.SIMPLE_PRIM36.ram
  -------------------------------------------------------------------
                         required time                          2.320    
                         arrival time                          -6.415    
  -------------------------------------------------------------------
                         slack                                 -4.094    

Slack (VIOLATED) :        -4.088ns  (required time - arrival time)
  Source:                 student_top_inst/Core_cpu/u_core_top/u_dcache/tag_q_reg/CLKBWRCLK
                            (rising edge-triggered cell RAMB36E1 clocked by clk_out2_pll  {rise@0.000ns fall@2.500ns period=5.000ns})
  Destination:            student_top_inst/mem_bridge/dram_adapter/dram/U0/inst_blk_mem_gen/gnbram.gnativebmg.native_blk_mem_gen/valid.cstr/ramloop[59].ram.r/prim_init.ram/DEVICE_7SERIES.NO_BMM_INFO.SP.SIMPLE_PRIM36.ram/ENARDEN
                            (rising edge-triggered cell RAMB36E1 clocked by clk_out2_pll  {rise@0.000ns fall@2.500ns period=5.000ns})
  Path Group:             clk_out2_pll
  Path Type:              Setup (Max at Slow Process Corner)
  Requirement:            5.000ns  (clk_out2_pll rise@5.000ns - clk_out2_pll rise@0.000ns)
  Data Path Delay:        8.461ns  (logic 2.653ns (31.355%)  route 5.808ns (68.645%))
  Logic Levels:           12  (CARRY4=2 LUT2=1 LUT5=1 LUT6=8)
  Clock Path Skew:        -0.238ns (DCD - SCD + CPR)
    Destination Clock Delay (DCD):    -1.522ns = ( 3.478 - 5.000 ) 
    Source Clock Delay      (SCD):    -1.964ns
    Clock Pessimism Removal (CPR):    -0.680ns
  Clock Uncertainty:      0.060ns  ((TSJ^2 + DJ^2)^1/2) / 2 + PE
    Total System Jitter     (TSJ):    0.071ns
    Discrete Jitter          (DJ):    0.098ns
    Phase Error              (PE):    0.000ns

    Location             Delay type                Incr(ns)  Path(ns)    Netlist Resource(s)
  -------------------------------------------------------------------    -------------------
                         (clock clk_out2_pll rise edge)
                                                      0.000     0.000 r  
    AD12                                              0.000     0.000 r  i_sys_clk_p (IN)
                         net (fo=0)                   0.000     0.000    pll_inst/inst/clk_in1_p
    AD12                 IBUFDS (Prop_ibufds_I_O)     0.906     0.906 r  pll_inst/inst/clkin1_ibufgds/O
                         net (fo=1, routed)           1.081     1.987    pll_inst/inst/clk_in1_pll
    MMCME2_ADV_X1Y1      MMCME2_ADV (Prop_mmcme2_adv_CLKIN1_CLKOUT1)
                                                     -7.786    -5.799 r  pll_inst/inst/mmcm_adv_inst/CLKOUT1
                         net (fo=1, routed)           2.130    -3.669    pll_inst/inst/clk_out2_pll
    BUFGCTRL_X0Y0        BUFG (Prop_bufg_I_O)         0.093    -3.576 r  pll_inst/inst/clkout2_buf/O
                         net (fo=11531, routed)       1.613    -1.964    student_top_inst/Core_cpu/u_core_top/u_dcache/clk
    RAMB36_X3Y17         RAMB36E1                                     r  student_top_inst/Core_cpu/u_core_top/u_dcache/tag_q_reg/CLKBWRCLK
  -------------------------------------------------------------------    -------------------
    RAMB36_X3Y17         RAMB36E1 (Prop_ramb36e1_CLKBWRCLK_DOBDO[4])
                                                      1.800    -0.164 r  student_top_inst/Core_cpu/u_core_top/u_dcache/tag_q_reg/DOBDO[4]
                         net (fo=1, routed)           0.687     0.523    student_top_inst/Core_cpu/u_core_top/u_dcache/tag_read_q[19]
    SLICE_X97Y87         LUT6 (Prop_lut6_I3_O)        0.043     0.566 r  student_top_inst/Core_cpu/u_core_top/u_dcache/cpu_resp_valid_o_INST_0_i_7/O
                         net (fo=1, routed)           0.000     0.566    student_top_inst/Core_cpu/u_core_top/u_dcache/cpu_resp_valid_o_INST_0_i_7_n_0
    SLICE_X97Y87         CARRY4 (Prop_carry4_S[1]_CO[3])
                                                      0.267     0.833 r  student_top_inst/Core_cpu/u_core_top/u_dcache/cpu_resp_valid_o_INST_0_i_2/CO[3]
                         net (fo=1, routed)           0.000     0.833    student_top_inst/Core_cpu/u_core_top/u_dcache/cpu_resp_valid_o_INST_0_i_2_n_0
    SLICE_X97Y88         CARRY4 (Prop_carry4_CI_CO[1])
                                                      0.077     0.910 f  student_top_inst/Core_cpu/u_core_top/u_dcache/cpu_resp_valid_o_INST_0_i_1/CO[1]
                         net (fo=114, routed)         0.637     1.547    student_top_inst/Core_cpu/u_core_top/lookup_hit_c0_alias
    SLICE_X73Y89         LUT6 (Prop_lut6_I3_O)        0.122     1.669 f  student_top_inst/Core_cpu/u_core_top/u_dcache_i_73_comp/O
                         net (fo=29, routed)          0.343     2.012    student_top_inst/Core_cpu/u_core_top/u_dcache_i_73_n_0
    SLICE_X71Y89         LUT6 (Prop_lut6_I2_O)        0.043     2.055 f  student_top_inst/Core_cpu/u_core_top/u_dcache_i_13_comp/O
                         net (fo=5, routed)           0.778     2.833    student_top_inst/Core_cpu/u_core_top/u_dcache/cpu_req_addr_i[21]
    SLICE_X53Y97         LUT6 (Prop_lut6_I1_O)        0.043     2.876 f  student_top_inst/Core_cpu/u_core_top/u_dcache/mem_req_valid_o_INST_0_i_3_comp/O
                         net (fo=2, routed)           0.332     3.209    student_top_inst/Core_cpu/u_core_top/u_dcache/mem_req_valid_o_INST_0_i_3_n_0
    SLICE_X51Y97         LUT6 (Prop_lut6_I1_O)        0.043     3.252 r  student_top_inst/Core_cpu/u_core_top/u_dcache/mem_req_addr_o[31]_INST_0_i_1_comp/O
                         net (fo=34, routed)          0.558     3.810    student_top_inst/mem_bridge/mem_req_addr_o[31]_INST_0_i_1_n_0_alias
    SLICE_X49Y97         LUT6 (Prop_lut6_I4_O)        0.043     3.853 f  student_top_inst/mem_bridge/led_q[31]_i_12_comp_2/O
                         net (fo=1, routed)           0.429     4.282    student_top_inst/mem_bridge/led_q[31]_i_12_n_0
    SLICE_X49Y96         LUT6 (Prop_lut6_I2_O)        0.043     4.325 r  student_top_inst/mem_bridge/led_q[31]_i_6/O
                         net (fo=3, routed)           0.111     4.436    student_top_inst/mem_bridge/led_q[31]_i_6_n_0
    SLICE_X49Y96         LUT6 (Prop_lut6_I5_O)        0.043     4.479 r  student_top_inst/mem_bridge/dram_adapter_i_2/O
                         net (fo=11, routed)          0.212     4.691    student_top_inst/mem_bridge/dram_sel
    SLICE_X49Y97         LUT2 (Prop_lut2_I1_O)        0.043     4.734 r  student_top_inst/mem_bridge/dram_adapter_i_1/O
                         net (fo=18, routed)          0.401     5.135    student_top_inst/mem_bridge/dram_adapter/dram/U0/inst_blk_mem_gen/gnbram.gnativebmg.native_blk_mem_gen/valid.cstr/ramloop[59].ram.r/prim_init.ram/ena
    SLICE_X49Y98         LUT5 (Prop_lut5_I1_O)        0.043     5.178 r  student_top_inst/mem_bridge/dram_adapter/dram/U0/inst_blk_mem_gen/gnbram.gnativebmg.native_blk_mem_gen/valid.cstr/ramloop[59].ram.r/prim_init.ram/DEVICE_7SERIES.NO_BMM_INFO.SP.SIMPLE_PRIM36.ram_i_1__7/O
                         net (fo=4, routed)           1.319     6.497    student_top_inst/mem_bridge/dram_adapter/dram/U0/inst_blk_mem_gen/gnbram.gnativebmg.native_blk_mem_gen/valid.cstr/ramloop[59].ram.r/prim_init.ram/ramloop[11].ram.ram_ena
    RAMB36_X1Y28         RAMB36E1                                     r  student_top_inst/mem_bridge/dram_adapter/dram/U0/inst_blk_mem_gen/gnbram.gnativebmg.native_blk_mem_gen/valid.cstr/ramloop[59].ram.r/prim_init.ram/DEVICE_7SERIES.NO_BMM_INFO.SP.SIMPLE_PRIM36.ram/ENARDEN
  -------------------------------------------------------------------    -------------------

                         (clock clk_out2_pll rise edge)
                                                      5.000     5.000 r  
    AD12                                              0.000     5.000 r  i_sys_clk_p (IN)
                         net (fo=0)                   0.000     5.000    pll_inst/inst/clk_in1_p
    AD12                 IBUFDS (Prop_ibufds_I_O)     0.803     5.803 r  pll_inst/inst/clkin1_ibufgds/O
                         net (fo=1, routed)           0.986     6.789    pll_inst/inst/clk_in1_pll
    MMCME2_ADV_X1Y1      MMCME2_ADV (Prop_mmcme2_adv_CLKIN1_CLKOUT1)
                                                     -6.759     0.030 r  pll_inst/inst/mmcm_adv_inst/CLKOUT1
                         net (fo=1, routed)           2.005     2.035    pll_inst/inst/clk_out2_pll
    BUFGCTRL_X0Y0        BUFG (Prop_bufg_I_O)         0.083     2.118 r  pll_inst/inst/clkout2_buf/O
                         net (fo=11531, routed)       1.359     3.478    student_top_inst/mem_bridge/dram_adapter/dram/U0/inst_blk_mem_gen/gnbram.gnativebmg.native_blk_mem_gen/valid.cstr/ramloop[59].ram.r/prim_init.ram/clka
    RAMB36_X1Y28         RAMB36E1                                     r  student_top_inst/mem_bridge/dram_adapter/dram/U0/inst_blk_mem_gen/gnbram.gnativebmg.native_blk_mem_gen/valid.cstr/ramloop[59].ram.r/prim_init.ram/DEVICE_7SERIES.NO_BMM_INFO.SP.SIMPLE_PRIM36.ram/CLKARDCLK
                         clock pessimism             -0.680     2.798    
                         clock uncertainty           -0.060     2.737    
    RAMB36_X1Y28         RAMB36E1 (Setup_ramb36e1_CLKARDCLK_ENARDEN)
                                                     -0.328     2.409    student_top_inst/mem_bridge/dram_adapter/dram/U0/inst_blk_mem_gen/gnbram.gnativebmg.native_blk_mem_gen/valid.cstr/ramloop[59].ram.r/prim_init.ram/DEVICE_7SERIES.NO_BMM_INFO.SP.SIMPLE_PRIM36.ram
  -------------------------------------------------------------------
                         required time                          2.409    
                         arrival time                          -6.497    
  -------------------------------------------------------------------
                         slack                                 -4.088    

Slack (VIOLATED) :        -4.041ns  (required time - arrival time)
  Source:                 student_top_inst/Core_cpu/u_core_top/u_dcache/tag_q_reg/CLKBWRCLK
                            (rising edge-triggered cell RAMB36E1 clocked by clk_out2_pll  {rise@0.000ns fall@2.500ns period=5.000ns})
  Destination:            student_top_inst/mem_bridge/dram_adapter/dram/U0/inst_blk_mem_gen/gnbram.gnativebmg.native_blk_mem_gen/valid.cstr/ramloop[62].ram.r/prim_init.ram/DEVICE_7SERIES.NO_BMM_INFO.SP.SIMPLE_PRIM36.ram/ENARDEN
                            (rising edge-triggered cell RAMB36E1 clocked by clk_out2_pll  {rise@0.000ns fall@2.500ns period=5.000ns})
  Path Group:             clk_out2_pll
  Path Type:              Setup (Max at Slow Process Corner)
  Requirement:            5.000ns  (clk_out2_pll rise@5.000ns - clk_out2_pll rise@0.000ns)
  Data Path Delay:        8.359ns  (logic 2.653ns (31.739%)  route 5.706ns (68.261%))
  Logic Levels:           12  (CARRY4=2 LUT2=1 LUT5=1 LUT6=8)
  Clock Path Skew:        -0.293ns (DCD - SCD + CPR)
    Destination Clock Delay (DCD):    -1.577ns = ( 3.423 - 5.000 ) 
    Source Clock Delay      (SCD):    -1.964ns
    Clock Pessimism Removal (CPR):    -0.680ns
  Clock Uncertainty:      0.060ns  ((TSJ^2 + DJ^2)^1/2) / 2 + PE
    Total System Jitter     (TSJ):    0.071ns
    Discrete Jitter          (DJ):    0.098ns
    Phase Error              (PE):    0.000ns

    Location             Delay type                Incr(ns)  Path(ns)    Netlist Resource(s)
  -------------------------------------------------------------------    -------------------
                         (clock clk_out2_pll rise edge)
                                                      0.000     0.000 r  
    AD12                                              0.000     0.000 r  i_sys_clk_p (IN)
                         net (fo=0)                   0.000     0.000    pll_inst/inst/clk_in1_p
    AD12                 IBUFDS (Prop_ibufds_I_O)     0.906     0.906 r  pll_inst/inst/clkin1_ibufgds/O
                         net (fo=1, routed)           1.081     1.987    pll_inst/inst/clk_in1_pll
    MMCME2_ADV_X1Y1      MMCME2_ADV (Prop_mmcme2_adv_CLKIN1_CLKOUT1)
                                                     -7.786    -5.799 r  pll_inst/inst/mmcm_adv_inst/CLKOUT1
                         net (fo=1, routed)           2.130    -3.669    pll_inst/inst/clk_out2_pll
    BUFGCTRL_X0Y0        BUFG (Prop_bufg_I_O)         0.093    -3.576 r  pll_inst/inst/clkout2_buf/O
                         net (fo=11531, routed)       1.613    -1.964    student_top_inst/Core_cpu/u_core_top/u_dcache/clk
    RAMB36_X3Y17         RAMB36E1                                     r  student_top_inst/Core_cpu/u_core_top/u_dcache/tag_q_reg/CLKBWRCLK
  -------------------------------------------------------------------    -------------------
    RAMB36_X3Y17         RAMB36E1 (Prop_ramb36e1_CLKBWRCLK_DOBDO[4])
                                                      1.800    -0.164 r  student_top_inst/Core_cpu/u_core_top/u_dcache/tag_q_reg/DOBDO[4]
                         net (fo=1, routed)           0.687     0.523    student_top_inst/Core_cpu/u_core_top/u_dcache/tag_read_q[19]
    SLICE_X97Y87         LUT6 (Prop_lut6_I3_O)        0.043     0.566 r  student_top_inst/Core_cpu/u_core_top/u_dcache/cpu_resp_valid_o_INST_0_i_7/O
                         net (fo=1, routed)           0.000     0.566    student_top_inst/Core_cpu/u_core_top/u_dcache/cpu_resp_valid_o_INST_0_i_7_n_0
    SLICE_X97Y87         CARRY4 (Prop_carry4_S[1]_CO[3])
                                                      0.267     0.833 r  student_top_inst/Core_cpu/u_core_top/u_dcache/cpu_resp_valid_o_INST_0_i_2/CO[3]
                         net (fo=1, routed)           0.000     0.833    student_top_inst/Core_cpu/u_core_top/u_dcache/cpu_resp_valid_o_INST_0_i_2_n_0
    SLICE_X97Y88         CARRY4 (Prop_carry4_CI_CO[1])
                                                      0.077     0.910 f  student_top_inst/Core_cpu/u_core_top/u_dcache/cpu_resp_valid_o_INST_0_i_1/CO[1]
                         net (fo=114, routed)         0.637     1.547    student_top_inst/Core_cpu/u_core_top/lookup_hit_c0_alias
    SLICE_X73Y89         LUT6 (Prop_lut6_I3_O)        0.122     1.669 f  student_top_inst/Core_cpu/u_core_top/u_dcache_i_73_comp/O
                         net (fo=29, routed)          0.343     2.012    student_top_inst/Core_cpu/u_core_top/u_dcache_i_73_n_0
    SLICE_X71Y89         LUT6 (Prop_lut6_I2_O)        0.043     2.055 f  student_top_inst/Core_cpu/u_core_top/u_dcache_i_13_comp/O
                         net (fo=5, routed)           0.778     2.833    student_top_inst/Core_cpu/u_core_top/u_dcache/cpu_req_addr_i[21]
    SLICE_X53Y97         LUT6 (Prop_lut6_I1_O)        0.043     2.876 f  student_top_inst/Core_cpu/u_core_top/u_dcache/mem_req_valid_o_INST_0_i_3_comp/O
                         net (fo=2, routed)           0.332     3.209    student_top_inst/Core_cpu/u_core_top/u_dcache/mem_req_valid_o_INST_0_i_3_n_0
    SLICE_X51Y97         LUT6 (Prop_lut6_I1_O)        0.043     3.252 r  student_top_inst/Core_cpu/u_core_top/u_dcache/mem_req_addr_o[31]_INST_0_i_1_comp/O
                         net (fo=34, routed)          0.558     3.810    student_top_inst/mem_bridge/mem_req_addr_o[31]_INST_0_i_1_n_0_alias
    SLICE_X49Y97         LUT6 (Prop_lut6_I4_O)        0.043     3.853 f  student_top_inst/mem_bridge/led_q[31]_i_12_comp_2/O
                         net (fo=1, routed)           0.429     4.282    student_top_inst/mem_bridge/led_q[31]_i_12_n_0
    SLICE_X49Y96         LUT6 (Prop_lut6_I2_O)        0.043     4.325 r  student_top_inst/mem_bridge/led_q[31]_i_6/O
                         net (fo=3, routed)           0.111     4.436    student_top_inst/mem_bridge/led_q[31]_i_6_n_0
    SLICE_X49Y96         LUT6 (Prop_lut6_I5_O)        0.043     4.479 r  student_top_inst/mem_bridge/dram_adapter_i_2/O
                         net (fo=11, routed)          0.212     4.691    student_top_inst/mem_bridge/dram_sel
    SLICE_X49Y97         LUT2 (Prop_lut2_I1_O)        0.043     4.734 r  student_top_inst/mem_bridge/dram_adapter_i_1/O
                         net (fo=18, routed)          0.306     5.039    student_top_inst/mem_bridge/dram_adapter/dram/U0/inst_blk_mem_gen/gnbram.gnativebmg.native_blk_mem_gen/valid.cstr/ramloop[62].ram.r/prim_init.ram/ena
    SLICE_X49Y98         LUT5 (Prop_lut5_I2_O)        0.043     5.082 r  student_top_inst/mem_bridge/dram_adapter/dram/U0/inst_blk_mem_gen/gnbram.gnativebmg.native_blk_mem_gen/valid.cstr/ramloop[62].ram.r/prim_init.ram/DEVICE_7SERIES.NO_BMM_INFO.SP.SIMPLE_PRIM36.ram_i_1__12/O
                         net (fo=4, routed)           1.313     6.395    student_top_inst/mem_bridge/dram_adapter/dram/U0/inst_blk_mem_gen/gnbram.gnativebmg.native_blk_mem_gen/valid.cstr/ramloop[62].ram.r/prim_init.ram/ramloop[14].ram.ram_ena
    RAMB36_X3Y21         RAMB36E1                                     r  student_top_inst/mem_bridge/dram_adapter/dram/U0/inst_blk_mem_gen/gnbram.gnativebmg.native_blk_mem_gen/valid.cstr/ramloop[62].ram.r/prim_init.ram/DEVICE_7SERIES.NO_BMM_INFO.SP.SIMPLE_PRIM36.ram/ENARDEN
  -------------------------------------------------------------------    -------------------

                         (clock clk_out2_pll rise edge)
                                                      5.000     5.000 r  
    AD12                                              0.000     5.000 r  i_sys_clk_p (IN)
                         net (fo=0)                   0.000     5.000    pll_inst/inst/clk_in1_p
    AD12                 IBUFDS (Prop_ibufds_I_O)     0.803     5.803 r  pll_inst/inst/clkin1_ibufgds/O
                         net (fo=1, routed)           0.986     6.789    pll_inst/inst/clk_in1_pll
    MMCME2_ADV_X1Y1      MMCME2_ADV (Prop_mmcme2_adv_CLKIN1_CLKOUT1)
                                                     -6.759     0.030 r  pll_inst/inst/mmcm_adv_inst/CLKOUT1
                         net (fo=1, routed)           2.005     2.035    pll_inst/inst/clk_out2_pll
    BUFGCTRL_X0Y0        BUFG (Prop_bufg_I_O)         0.083     2.118 r  pll_inst/inst/clkout2_buf/O
                         net (fo=11531, routed)       1.304     3.423    student_top_inst/mem_bridge/dram_adapter/dram/U0/inst_blk_mem_gen/gnbram.gnativebmg.native_blk_mem_gen/valid.cstr/ramloop[62].ram.r/prim_init.ram/clka
    RAMB36_X3Y21         RAMB36E1                                     r  student_top_inst/mem_bridge/dram_adapter/dram/U0/inst_blk_mem_gen/gnbram.gnativebmg.native_blk_mem_gen/valid.cstr/ramloop[62].ram.r/prim_init.ram/DEVICE_7SERIES.NO_BMM_INFO.SP.SIMPLE_PRIM36.ram/CLKARDCLK
                         clock pessimism             -0.680     2.743    
                         clock uncertainty           -0.060     2.682    
    RAMB36_X3Y21         RAMB36E1 (Setup_ramb36e1_CLKARDCLK_ENARDEN)
                                                     -0.328     2.354    student_top_inst/mem_bridge/dram_adapter/dram/U0/inst_blk_mem_gen/gnbram.gnativebmg.native_blk_mem_gen/valid.cstr/ramloop[62].ram.r/prim_init.ram/DEVICE_7SERIES.NO_BMM_INFO.SP.SIMPLE_PRIM36.ram
  -------------------------------------------------------------------
                         required time                          2.354    
                         arrival time                          -6.395    
  -------------------------------------------------------------------
                         slack                                 -4.041    

Slack (VIOLATED) :        -4.008ns  (required time - arrival time)
  Source:                 student_top_inst/Core_cpu/u_core_top/u_dcache/tag_q_reg/CLKBWRCLK
                            (rising edge-triggered cell RAMB36E1 clocked by clk_out2_pll  {rise@0.000ns fall@2.500ns period=5.000ns})
  Destination:            student_top_inst/mem_bridge/dram_adapter/dram/U0/inst_blk_mem_gen/gnbram.gnativebmg.native_blk_mem_gen/valid.cstr/ramloop[53].ram.r/prim_init.ram/DEVICE_7SERIES.NO_BMM_INFO.SP.SIMPLE_PRIM36.ram/WEA[0]
                            (rising edge-triggered cell RAMB36E1 clocked by clk_out2_pll  {rise@0.000ns fall@2.500ns period=5.000ns})
  Path Group:             clk_out2_pll
  Path Type:              Setup (Max at Slow Process Corner)
  Requirement:            5.000ns  (clk_out2_pll rise@5.000ns - clk_out2_pll rise@0.000ns)
  Data Path Delay:        8.298ns  (logic 2.610ns (31.454%)  route 5.688ns (68.546%))
  Logic Levels:           11  (CARRY4=2 LUT2=1 LUT6=8)
  Clock Path Skew:        -0.245ns (DCD - SCD + CPR)
    Destination Clock Delay (DCD):    -1.529ns = ( 3.471 - 5.000 ) 
    Source Clock Delay      (SCD):    -1.964ns
    Clock Pessimism Removal (CPR):    -0.680ns
  Clock Uncertainty:      0.060ns  ((TSJ^2 + DJ^2)^1/2) / 2 + PE
    Total System Jitter     (TSJ):    0.071ns
    Discrete Jitter          (DJ):    0.098ns
    Phase Error              (PE):    0.000ns

    Location             Delay type                Incr(ns)  Path(ns)    Netlist Resource(s)
  -------------------------------------------------------------------    -------------------
                         (clock clk_out2_pll rise edge)
                                                      0.000     0.000 r  
    AD12                                              0.000     0.000 r  i_sys_clk_p (IN)
                         net (fo=0)                   0.000     0.000    pll_inst/inst/clk_in1_p
    AD12                 IBUFDS (Prop_ibufds_I_O)     0.906     0.906 r  pll_inst/inst/clkin1_ibufgds/O
                         net (fo=1, routed)           1.081     1.987    pll_inst/inst/clk_in1_pll
    MMCME2_ADV_X1Y1      MMCME2_ADV (Prop_mmcme2_adv_CLKIN1_CLKOUT1)
                                                     -7.786    -5.799 r  pll_inst/inst/mmcm_adv_inst/CLKOUT1
                         net (fo=1, routed)           2.130    -3.669    pll_inst/inst/clk_out2_pll
    BUFGCTRL_X0Y0        BUFG (Prop_bufg_I_O)         0.093    -3.576 r  pll_inst/inst/clkout2_buf/O
                         net (fo=11531, routed)       1.613    -1.964    student_top_inst/Core_cpu/u_core_top/u_dcache/clk
    RAMB36_X3Y17         RAMB36E1                                     r  student_top_inst/Core_cpu/u_core_top/u_dcache/tag_q_reg/CLKBWRCLK
  -------------------------------------------------------------------    -------------------
    RAMB36_X3Y17         RAMB36E1 (Prop_ramb36e1_CLKBWRCLK_DOBDO[4])
                                                      1.800    -0.164 r  student_top_inst/Core_cpu/u_core_top/u_dcache/tag_q_reg/DOBDO[4]
                         net (fo=1, routed)           0.687     0.523    student_top_inst/Core_cpu/u_core_top/u_dcache/tag_read_q[19]
    SLICE_X97Y87         LUT6 (Prop_lut6_I3_O)        0.043     0.566 r  student_top_inst/Core_cpu/u_core_top/u_dcache/cpu_resp_valid_o_INST_0_i_7/O
                         net (fo=1, routed)           0.000     0.566    student_top_inst/Core_cpu/u_core_top/u_dcache/cpu_resp_valid_o_INST_0_i_7_n_0
    SLICE_X97Y87         CARRY4 (Prop_carry4_S[1]_CO[3])
                                                      0.267     0.833 r  student_top_inst/Core_cpu/u_core_top/u_dcache/cpu_resp_valid_o_INST_0_i_2/CO[3]
                         net (fo=1, routed)           0.000     0.833    student_top_inst/Core_cpu/u_core_top/u_dcache/cpu_resp_valid_o_INST_0_i_2_n_0
    SLICE_X97Y88         CARRY4 (Prop_carry4_CI_CO[1])
                                                      0.077     0.910 r  student_top_inst/Core_cpu/u_core_top/u_dcache/cpu_resp_valid_o_INST_0_i_1/CO[1]
                         net (fo=114, routed)         0.637     1.547    student_top_inst/Core_cpu/u_core_top/lookup_hit_c0_alias
    SLICE_X73Y89         LUT6 (Prop_lut6_I3_O)        0.122     1.669 r  student_top_inst/Core_cpu/u_core_top/u_dcache_i_73_comp/O
                         net (fo=29, routed)          0.343     2.012    student_top_inst/Core_cpu/u_core_top/u_dcache_i_73_n_0
    SLICE_X71Y89         LUT6 (Prop_lut6_I2_O)        0.043     2.055 r  student_top_inst/Core_cpu/u_core_top/u_dcache_i_13_comp/O
                         net (fo=5, routed)           0.778     2.833    student_top_inst/Core_cpu/u_core_top/u_dcache/cpu_req_addr_i[21]
    SLICE_X53Y97         LUT6 (Prop_lut6_I1_O)        0.043     2.876 r  student_top_inst/Core_cpu/u_core_top/u_dcache/mem_req_valid_o_INST_0_i_3_comp/O
                         net (fo=2, routed)           0.407     3.283    student_top_inst/Core_cpu/u_core_top/u_dcache/mem_req_valid_o_INST_0_i_3_n_0
    SLICE_X53Y95         LUT6 (Prop_lut6_I0_O)        0.043     3.326 f  student_top_inst/Core_cpu/u_core_top/u_dcache/mem_req_valid_o_INST_0_i_2/O
                         net (fo=5, routed)           0.192     3.518    student_top_inst/Core_cpu/u_core_top/u_dcache/mem_req_valid_o_INST_0_i_2_n_0
    SLICE_X51Y95         LUT2 (Prop_lut2_I0_O)        0.043     3.561 f  student_top_inst/Core_cpu/u_core_top/u_dcache/mem_req_valid_o_INST_0_i_1/O
                         net (fo=1, routed)           0.283     3.844    student_top_inst/Core_cpu/u_core_top/u_dcache/mem_req_valid_o_INST_0_i_1_n_0
    SLICE_X50Y98         LUT6 (Prop_lut6_I1_O)        0.043     3.887 r  student_top_inst/Core_cpu/u_core_top/u_dcache/mem_req_valid_o_INST_0/O
                         net (fo=13, routed)          0.608     4.495    student_top_inst/mem_bridge/req_valid
    SLICE_X48Y102        LUT6 (Prop_lut6_I2_O)        0.043     4.538 r  student_top_inst/mem_bridge/dram_adapter_i_2_comp/O
                         net (fo=1, routed)           0.346     4.884    student_top_inst/mem_bridge/dram_adapter/dram_sel_repN_alias
    SLICE_X48Y101        LUT6 (Prop_lut6_I5_O)        0.043     4.927 r  student_top_inst/mem_bridge/dram_adapter/dram_i_1_comp/O
                         net (fo=16, routed)          1.407     6.334    student_top_inst/mem_bridge/dram_adapter/dram/U0/inst_blk_mem_gen/gnbram.gnativebmg.native_blk_mem_gen/valid.cstr/ramloop[53].ram.r/prim_init.ram/wea[0]
    RAMB36_X0Y23         RAMB36E1                                     r  student_top_inst/mem_bridge/dram_adapter/dram/U0/inst_blk_mem_gen/gnbram.gnativebmg.native_blk_mem_gen/valid.cstr/ramloop[53].ram.r/prim_init.ram/DEVICE_7SERIES.NO_BMM_INFO.SP.SIMPLE_PRIM36.ram/WEA[0]
  -------------------------------------------------------------------    -------------------

                         (clock clk_out2_pll rise edge)
                                                      5.000     5.000 r  
    AD12                                              0.000     5.000 r  i_sys_clk_p (IN)
                         net (fo=0)                   0.000     5.000    pll_inst/inst/clk_in1_p
    AD12                 IBUFDS (Prop_ibufds_I_O)     0.803     5.803 r  pll_inst/inst/clkin1_ibufgds/O
                         net (fo=1, routed)           0.986     6.789    pll_inst/inst/clk_in1_pll
    MMCME2_ADV_X1Y1      MMCME2_ADV (Prop_mmcme2_adv_CLKIN1_CLKOUT1)
                                                     -6.759     0.030 r  pll_inst/inst/mmcm_adv_inst/CLKOUT1
                         net (fo=1, routed)           2.005     2.035    pll_inst/inst/clk_out2_pll
    BUFGCTRL_X0Y0        BUFG (Prop_bufg_I_O)         0.083     2.118 r  pll_inst/inst/clkout2_buf/O
                         net (fo=11531, routed)       1.352     3.471    student_top_inst/mem_bridge/dram_adapter/dram/U0/inst_blk_mem_gen/gnbram.gnativebmg.native_blk_mem_gen/valid.cstr/ramloop[53].ram.r/prim_init.ram/clka
    RAMB36_X0Y23         RAMB36E1                                     r  student_top_inst/mem_bridge/dram_adapter/dram/U0/inst_blk_mem_gen/gnbram.gnativebmg.native_blk_mem_gen/valid.cstr/ramloop[53].ram.r/prim_init.ram/DEVICE_7SERIES.NO_BMM_INFO.SP.SIMPLE_PRIM36.ram/CLKARDCLK
                         clock pessimism             -0.680     2.791    
                         clock uncertainty           -0.060     2.730    
    RAMB36_X0Y23         RAMB36E1 (Setup_ramb36e1_CLKARDCLK_WEA[0])
                                                     -0.404     2.326    student_top_inst/mem_bridge/dram_adapter/dram/U0/inst_blk_mem_gen/gnbram.gnativebmg.native_blk_mem_gen/valid.cstr/ramloop[53].ram.r/prim_init.ram/DEVICE_7SERIES.NO_BMM_INFO.SP.SIMPLE_PRIM36.ram
  -------------------------------------------------------------------
                         required time                          2.326    
                         arrival time                          -6.334    
  -------------------------------------------------------------------
                         slack                                 -4.008    

Slack (VIOLATED) :        -3.994ns  (required time - arrival time)
  Source:                 student_top_inst/Core_cpu/u_core_top/u_dcache/tag_q_reg/CLKBWRCLK
                            (rising edge-triggered cell RAMB36E1 clocked by clk_out2_pll  {rise@0.000ns fall@2.500ns period=5.000ns})
  Destination:            student_top_inst/mem_bridge/dram_adapter/dram/U0/inst_blk_mem_gen/gnbram.gnativebmg.native_blk_mem_gen/valid.cstr/ramloop[20].ram.r/prim_init.ram/DEVICE_7SERIES.NO_BMM_INFO.SP.SIMPLE_PRIM36.ram/ENARDEN
                            (rising edge-triggered cell RAMB36E1 clocked by clk_out2_pll  {rise@0.000ns fall@2.500ns period=5.000ns})
  Path Group:             clk_out2_pll
  Path Type:              Setup (Max at Slow Process Corner)
  Requirement:            5.000ns  (clk_out2_pll rise@5.000ns - clk_out2_pll rise@0.000ns)
  Data Path Delay:        8.118ns  (logic 2.610ns (32.152%)  route 5.508ns (67.848%))
  Logic Levels:           11  (CARRY4=2 LUT6=9)
  Clock Path Skew:        -0.488ns (DCD - SCD + CPR)
    Destination Clock Delay (DCD):    -1.770ns = ( 3.230 - 5.000 ) 
    Source Clock Delay      (SCD):    -1.964ns
    Clock Pessimism Removal (CPR):    -0.682ns
  Clock Uncertainty:      0.060ns  ((TSJ^2 + DJ^2)^1/2) / 2 + PE
    Total System Jitter     (TSJ):    0.071ns
    Discrete Jitter          (DJ):    0.098ns
    Phase Error              (PE):    0.000ns

    Location             Delay type                Incr(ns)  Path(ns)    Netlist Resource(s)
  -------------------------------------------------------------------    -------------------
                         (clock clk_out2_pll rise edge)
                                                      0.000     0.000 r  
    AD12                                              0.000     0.000 r  i_sys_clk_p (IN)
                         net (fo=0)                   0.000     0.000    pll_inst/inst/clk_in1_p
    AD12                 IBUFDS (Prop_ibufds_I_O)     0.906     0.906 r  pll_inst/inst/clkin1_ibufgds/O
                         net (fo=1, routed)           1.081     1.987    pll_inst/inst/clk_in1_pll
    MMCME2_ADV_X1Y1      MMCME2_ADV (Prop_mmcme2_adv_CLKIN1_CLKOUT1)
                                                     -7.786    -5.799 r  pll_inst/inst/mmcm_adv_inst/CLKOUT1
                         net (fo=1, routed)           2.130    -3.669    pll_inst/inst/clk_out2_pll
    BUFGCTRL_X0Y0        BUFG (Prop_bufg_I_O)         0.093    -3.576 r  pll_inst/inst/clkout2_buf/O
                         net (fo=11531, routed)       1.613    -1.964    student_top_inst/Core_cpu/u_core_top/u_dcache/clk
    RAMB36_X3Y17         RAMB36E1                                     r  student_top_inst/Core_cpu/u_core_top/u_dcache/tag_q_reg/CLKBWRCLK
  -------------------------------------------------------------------    -------------------
    RAMB36_X3Y17         RAMB36E1 (Prop_ramb36e1_CLKBWRCLK_DOBDO[4])
                                                      1.800    -0.164 r  student_top_inst/Core_cpu/u_core_top/u_dcache/tag_q_reg/DOBDO[4]
                         net (fo=1, routed)           0.687     0.523    student_top_inst/Core_cpu/u_core_top/u_dcache/tag_read_q[19]
    SLICE_X97Y87         LUT6 (Prop_lut6_I3_O)        0.043     0.566 r  student_top_inst/Core_cpu/u_core_top/u_dcache/cpu_resp_valid_o_INST_0_i_7/O
                         net (fo=1, routed)           0.000     0.566    student_top_inst/Core_cpu/u_core_top/u_dcache/cpu_resp_valid_o_INST_0_i_7_n_0
    SLICE_X97Y87         CARRY4 (Prop_carry4_S[1]_CO[3])
                                                      0.267     0.833 r  student_top_inst/Core_cpu/u_core_top/u_dcache/cpu_resp_valid_o_INST_0_i_2/CO[3]
                         net (fo=1, routed)           0.000     0.833    student_top_inst/Core_cpu/u_core_top/u_dcache/cpu_resp_valid_o_INST_0_i_2_n_0
    SLICE_X97Y88         CARRY4 (Prop_carry4_CI_CO[1])
                                                      0.077     0.910 f  student_top_inst/Core_cpu/u_core_top/u_dcache/cpu_resp_valid_o_INST_0_i_1/CO[1]
                         net (fo=114, routed)         0.637     1.547    student_top_inst/Core_cpu/u_core_top/lookup_hit_c0_alias
    SLICE_X73Y89         LUT6 (Prop_lut6_I3_O)        0.122     1.669 f  student_top_inst/Core_cpu/u_core_top/u_dcache_i_73_comp/O
                         net (fo=29, routed)          0.343     2.012    student_top_inst/Core_cpu/u_core_top/u_dcache_i_73_n_0
    SLICE_X71Y89         LUT6 (Prop_lut6_I2_O)        0.043     2.055 f  student_top_inst/Core_cpu/u_core_top/u_dcache_i_13_comp/O
                         net (fo=5, routed)           0.778     2.833    student_top_inst/Core_cpu/u_core_top/u_dcache/cpu_req_addr_i[21]
    SLICE_X53Y97         LUT6 (Prop_lut6_I1_O)        0.043     2.876 f  student_top_inst/Core_cpu/u_core_top/u_dcache/mem_req_valid_o_INST_0_i_3_comp/O
                         net (fo=2, routed)           0.332     3.209    student_top_inst/Core_cpu/u_core_top/u_dcache/mem_req_valid_o_INST_0_i_3_n_0
    SLICE_X51Y97         LUT6 (Prop_lut6_I1_O)        0.043     3.252 r  student_top_inst/Core_cpu/u_core_top/u_dcache/mem_req_addr_o[31]_INST_0_i_1_comp/O
                         net (fo=34, routed)          0.558     3.810    student_top_inst/mem_bridge/mem_req_addr_o[31]_INST_0_i_1_n_0_alias
    SLICE_X49Y97         LUT6 (Prop_lut6_I4_O)        0.043     3.853 f  student_top_inst/mem_bridge/led_q[31]_i_12_comp_2/O
                         net (fo=1, routed)           0.429     4.282    student_top_inst/mem_bridge/led_q[31]_i_12_n_0
    SLICE_X49Y96         LUT6 (Prop_lut6_I2_O)        0.043     4.325 r  student_top_inst/mem_bridge/led_q[31]_i_6/O
                         net (fo=3, routed)           0.111     4.436    student_top_inst/mem_bridge/led_q[31]_i_6_n_0
    SLICE_X49Y96         LUT6 (Prop_lut6_I5_O)        0.043     4.479 r  student_top_inst/mem_bridge/dram_adapter_i_2/O
                         net (fo=11, routed)          0.238     4.717    student_top_inst/mem_bridge/dram_adapter/dram/U0/inst_blk_mem_gen/gnbram.gnativebmg.native_blk_mem_gen/valid.cstr/ramloop[52].ram.r/prim_init.ram/dram_sel_alias
    SLICE_X49Y98         LUT6 (Prop_lut6_I5_O)        0.043     4.760 r  student_top_inst/mem_bridge/dram_adapter/dram/U0/inst_blk_mem_gen/gnbram.gnativebmg.native_blk_mem_gen/valid.cstr/ramloop[52].ram.r/prim_init.ram/DEVICE_7SERIES.NO_BMM_INFO.SP.SIMPLE_PRIM36.ram_i_1__6_comp/O
                         net (fo=4, routed)           1.394     6.154    student_top_inst/mem_bridge/dram_adapter/dram/U0/inst_blk_mem_gen/gnbram.gnativebmg.native_blk_mem_gen/valid.cstr/ramloop[20].ram.r/prim_init.ram/ramloop[4].ram.ram_ena
    RAMB36_X2Y32         RAMB36E1                                     r  student_top_inst/mem_bridge/dram_adapter/dram/U0/inst_blk_mem_gen/gnbram.gnativebmg.native_blk_mem_gen/valid.cstr/ramloop[20].ram.r/prim_init.ram/DEVICE_7SERIES.NO_BMM_INFO.SP.SIMPLE_PRIM36.ram/ENARDEN
  -------------------------------------------------------------------    -------------------

                         (clock clk_out2_pll rise edge)
                                                      5.000     5.000 r  
    AD12                                              0.000     5.000 r  i_sys_clk_p (IN)
                         net (fo=0)                   0.000     5.000    pll_inst/inst/clk_in1_p
    AD12                 IBUFDS (Prop_ibufds_I_O)     0.803     5.803 r  pll_inst/inst/clkin1_ibufgds/O
                         net (fo=1, routed)           0.986     6.789    pll_inst/inst/clk_in1_pll
    MMCME2_ADV_X1Y1      MMCME2_ADV (Prop_mmcme2_adv_CLKIN1_CLKOUT1)
                                                     -6.759     0.030 r  pll_inst/inst/mmcm_adv_inst/CLKOUT1
                         net (fo=1, routed)           2.005     2.035    pll_inst/inst/clk_out2_pll
    BUFGCTRL_X0Y0        BUFG (Prop_bufg_I_O)         0.083     2.118 r  pll_inst/inst/clkout2_buf/O
                         net (fo=11531, routed)       1.111     3.230    student_top_inst/mem_bridge/dram_adapter/dram/U0/inst_blk_mem_gen/gnbram.gnativebmg.native_blk_mem_gen/valid.cstr/ramloop[20].ram.r/prim_init.ram/clka
    RAMB36_X2Y32         RAMB36E1                                     r  student_top_inst/mem_bridge/dram_adapter/dram/U0/inst_blk_mem_gen/gnbram.gnativebmg.native_blk_mem_gen/valid.cstr/ramloop[20].ram.r/prim_init.ram/DEVICE_7SERIES.NO_BMM_INFO.SP.SIMPLE_PRIM36.ram/CLKARDCLK
                         clock pessimism             -0.682     2.548    
                         clock uncertainty           -0.060     2.487    
    RAMB36_X2Y32         RAMB36E1 (Setup_ramb36e1_CLKARDCLK_ENARDEN)
                                                     -0.328     2.159    student_top_inst/mem_bridge/dram_adapter/dram/U0/inst_blk_mem_gen/gnbram.gnativebmg.native_blk_mem_gen/valid.cstr/ramloop[20].ram.r/prim_init.ram/DEVICE_7SERIES.NO_BMM_INFO.SP.SIMPLE_PRIM36.ram
  -------------------------------------------------------------------
                         required time                          2.159    
                         arrival time                          -6.154    
  -------------------------------------------------------------------
                         slack                                 -3.994    

Slack (VIOLATED) :        -3.992ns  (required time - arrival time)
  Source:                 student_top_inst/Core_cpu/u_core_top/u_dcache/tag_q_reg/CLKBWRCLK
                            (rising edge-triggered cell RAMB36E1 clocked by clk_out2_pll  {rise@0.000ns fall@2.500ns period=5.000ns})
  Destination:            student_top_inst/mem_bridge/dram_adapter/dram/U0/inst_blk_mem_gen/gnbram.gnativebmg.native_blk_mem_gen/valid.cstr/ramloop[51].ram.r/prim_init.ram/DEVICE_7SERIES.NO_BMM_INFO.SP.SIMPLE_PRIM36.ram/ENARDEN
                            (rising edge-triggered cell RAMB36E1 clocked by clk_out2_pll  {rise@0.000ns fall@2.500ns period=5.000ns})
  Path Group:             clk_out2_pll
  Path Type:              Setup (Max at Slow Process Corner)
  Requirement:            5.000ns  (clk_out2_pll rise@5.000ns - clk_out2_pll rise@0.000ns)
  Data Path Delay:        8.193ns  (logic 2.610ns (31.857%)  route 5.583ns (68.143%))
  Logic Levels:           11  (CARRY4=2 LUT6=9)
  Clock Path Skew:        -0.410ns (DCD - SCD + CPR)
    Destination Clock Delay (DCD):    -1.692ns = ( 3.308 - 5.000 ) 
    Source Clock Delay      (SCD):    -1.964ns
    Clock Pessimism Removal (CPR):    -0.682ns
  Clock Uncertainty:      0.060ns  ((TSJ^2 + DJ^2)^1/2) / 2 + PE
    Total System Jitter     (TSJ):    0.071ns
    Discrete Jitter          (DJ):    0.098ns
    Phase Error              (PE):    0.000ns

    Location             Delay type                Incr(ns)  Path(ns)    Netlist Resource(s)
  -------------------------------------------------------------------    -------------------
                         (clock clk_out2_pll rise edge)
                                                      0.000     0.000 r  
    AD12                                              0.000     0.000 r  i_sys_clk_p (IN)
                         net (fo=0)                   0.000     0.000    pll_inst/inst/clk_in1_p
    AD12                 IBUFDS (Prop_ibufds_I_O)     0.906     0.906 r  pll_inst/inst/clkin1_ibufgds/O
                         net (fo=1, routed)           1.081     1.987    pll_inst/inst/clk_in1_pll
    MMCME2_ADV_X1Y1      MMCME2_ADV (Prop_mmcme2_adv_CLKIN1_CLKOUT1)
                                                     -7.786    -5.799 r  pll_inst/inst/mmcm_adv_inst/CLKOUT1
                         net (fo=1, routed)           2.130    -3.669    pll_inst/inst/clk_out2_pll
    BUFGCTRL_X0Y0        BUFG (Prop_bufg_I_O)         0.093    -3.576 r  pll_inst/inst/clkout2_buf/O
                         net (fo=11531, routed)       1.613    -1.964    student_top_inst/Core_cpu/u_core_top/u_dcache/clk
    RAMB36_X3Y17         RAMB36E1                                     r  student_top_inst/Core_cpu/u_core_top/u_dcache/tag_q_reg/CLKBWRCLK
  -------------------------------------------------------------------    -------------------
    RAMB36_X3Y17         RAMB36E1 (Prop_ramb36e1_CLKBWRCLK_DOBDO[4])
                                                      1.800    -0.164 r  student_top_inst/Core_cpu/u_core_top/u_dcache/tag_q_reg/DOBDO[4]
                         net (fo=1, routed)           0.687     0.523    student_top_inst/Core_cpu/u_core_top/u_dcache/tag_read_q[19]
    SLICE_X97Y87         LUT6 (Prop_lut6_I3_O)        0.043     0.566 r  student_top_inst/Core_cpu/u_core_top/u_dcache/cpu_resp_valid_o_INST_0_i_7/O
                         net (fo=1, routed)           0.000     0.566    student_top_inst/Core_cpu/u_core_top/u_dcache/cpu_resp_valid_o_INST_0_i_7_n_0
    SLICE_X97Y87         CARRY4 (Prop_carry4_S[1]_CO[3])
                                                      0.267     0.833 r  student_top_inst/Core_cpu/u_core_top/u_dcache/cpu_resp_valid_o_INST_0_i_2/CO[3]
                         net (fo=1, routed)           0.000     0.833    student_top_inst/Core_cpu/u_core_top/u_dcache/cpu_resp_valid_o_INST_0_i_2_n_0
    SLICE_X97Y88         CARRY4 (Prop_carry4_CI_CO[1])
                                                      0.077     0.910 f  student_top_inst/Core_cpu/u_core_top/u_dcache/cpu_resp_valid_o_INST_0_i_1/CO[1]
                         net (fo=114, routed)         0.637     1.547    student_top_inst/Core_cpu/u_core_top/lookup_hit_c0_alias
    SLICE_X73Y89         LUT6 (Prop_lut6_I3_O)        0.122     1.669 f  student_top_inst/Core_cpu/u_core_top/u_dcache_i_73_comp/O
                         net (fo=29, routed)          0.343     2.012    student_top_inst/Core_cpu/u_core_top/u_dcache_i_73_n_0
    SLICE_X71Y89         LUT6 (Prop_lut6_I2_O)        0.043     2.055 f  student_top_inst/Core_cpu/u_core_top/u_dcache_i_13_comp/O
                         net (fo=5, routed)           0.778     2.833    student_top_inst/Core_cpu/u_core_top/u_dcache/cpu_req_addr_i[21]
    SLICE_X53Y97         LUT6 (Prop_lut6_I1_O)        0.043     2.876 f  student_top_inst/Core_cpu/u_core_top/u_dcache/mem_req_valid_o_INST_0_i_3_comp/O
                         net (fo=2, routed)           0.332     3.209    student_top_inst/Core_cpu/u_core_top/u_dcache/mem_req_valid_o_INST_0_i_3_n_0
    SLICE_X51Y97         LUT6 (Prop_lut6_I1_O)        0.043     3.252 r  student_top_inst/Core_cpu/u_core_top/u_dcache/mem_req_addr_o[31]_INST_0_i_1_comp/O
                         net (fo=34, routed)          0.558     3.810    student_top_inst/mem_bridge/mem_req_addr_o[31]_INST_0_i_1_n_0_alias
    SLICE_X49Y97         LUT6 (Prop_lut6_I4_O)        0.043     3.853 f  student_top_inst/mem_bridge/led_q[31]_i_12_comp_2/O
                         net (fo=1, routed)           0.429     4.282    student_top_inst/mem_bridge/led_q[31]_i_12_n_0
    SLICE_X49Y96         LUT6 (Prop_lut6_I2_O)        0.043     4.325 r  student_top_inst/mem_bridge/led_q[31]_i_6/O
                         net (fo=3, routed)           0.111     4.436    student_top_inst/mem_bridge/led_q[31]_i_6_n_0
    SLICE_X49Y96         LUT6 (Prop_lut6_I5_O)        0.043     4.479 r  student_top_inst/mem_bridge/dram_adapter_i_2/O
                         net (fo=11, routed)          0.477     4.956    student_top_inst/mem_bridge/dram_adapter/dram/U0/inst_blk_mem_gen/gnbram.gnativebmg.native_blk_mem_gen/valid.cstr/ramloop[51].ram.r/prim_init.ram/dram_sel_alias
    SLICE_X48Y106        LUT6 (Prop_lut6_I5_O)        0.043     4.999 r  student_top_inst/mem_bridge/dram_adapter/dram/U0/inst_blk_mem_gen/gnbram.gnativebmg.native_blk_mem_gen/valid.cstr/ramloop[51].ram.r/prim_init.ram/DEVICE_7SERIES.NO_BMM_INFO.SP.SIMPLE_PRIM36.ram_i_1_comp/O
                         net (fo=4, routed)           1.230     6.229    student_top_inst/mem_bridge/dram_adapter/dram/U0/inst_blk_mem_gen/gnbram.gnativebmg.native_blk_mem_gen/valid.cstr/ramloop[51].ram.r/prim_init.ram/ramloop[3].ram.ram_ena
    RAMB36_X1Y30         RAMB36E1                                     r  student_top_inst/mem_bridge/dram_adapter/dram/U0/inst_blk_mem_gen/gnbram.gnativebmg.native_blk_mem_gen/valid.cstr/ramloop[51].ram.r/prim_init.ram/DEVICE_7SERIES.NO_BMM_INFO.SP.SIMPLE_PRIM36.ram/ENARDEN
  -------------------------------------------------------------------    -------------------

                         (clock clk_out2_pll rise edge)
                                                      5.000     5.000 r  
    AD12                                              0.000     5.000 r  i_sys_clk_p (IN)
                         net (fo=0)                   0.000     5.000    pll_inst/inst/clk_in1_p
    AD12                 IBUFDS (Prop_ibufds_I_O)     0.803     5.803 r  pll_inst/inst/clkin1_ibufgds/O
                         net (fo=1, routed)           0.986     6.789    pll_inst/inst/clk_in1_pll
    MMCME2_ADV_X1Y1      MMCME2_ADV (Prop_mmcme2_adv_CLKIN1_CLKOUT1)
                                                     -6.759     0.030 r  pll_inst/inst/mmcm_adv_inst/CLKOUT1
                         net (fo=1, routed)           2.005     2.035    pll_inst/inst/clk_out2_pll
    BUFGCTRL_X0Y0        BUFG (Prop_bufg_I_O)         0.083     2.118 r  pll_inst/inst/clkout2_buf/O
                         net (fo=11531, routed)       1.189     3.308    student_top_inst/mem_bridge/dram_adapter/dram/U0/inst_blk_mem_gen/gnbram.gnativebmg.native_blk_mem_gen/valid.cstr/ramloop[51].ram.r/prim_init.ram/clka
    RAMB36_X1Y30         RAMB36E1                                     r  student_top_inst/mem_bridge/dram_adapter/dram/U0/inst_blk_mem_gen/gnbram.gnativebmg.native_blk_mem_gen/valid.cstr/ramloop[51].ram.r/prim_init.ram/DEVICE_7SERIES.NO_BMM_INFO.SP.SIMPLE_PRIM36.ram/CLKARDCLK
                         clock pessimism             -0.682     2.626    
                         clock uncertainty           -0.060     2.565    
    RAMB36_X1Y30         RAMB36E1 (Setup_ramb36e1_CLKARDCLK_ENARDEN)
                                                     -0.328     2.237    student_top_inst/mem_bridge/dram_adapter/dram/U0/inst_blk_mem_gen/gnbram.gnativebmg.native_blk_mem_gen/valid.cstr/ramloop[51].ram.r/prim_init.ram/DEVICE_7SERIES.NO_BMM_INFO.SP.SIMPLE_PRIM36.ram
  -------------------------------------------------------------------
                         required time                          2.237    
                         arrival time                          -6.229    
  -------------------------------------------------------------------
                         slack                                 -3.992    

Slack (VIOLATED) :        -3.986ns  (required time - arrival time)
  Source:                 student_top_inst/Core_cpu/u_core_top/u_dcache/tag_q_reg/CLKBWRCLK
                            (rising edge-triggered cell RAMB36E1 clocked by clk_out2_pll  {rise@0.000ns fall@2.500ns period=5.000ns})
  Destination:            student_top_inst/mem_bridge/dram_adapter/dram/U0/inst_blk_mem_gen/gnbram.gnativebmg.native_blk_mem_gen/valid.cstr/ramloop[41].ram.r/prim_init.ram/DEVICE_7SERIES.NO_BMM_INFO.SP.SIMPLE_PRIM36.ram/ENARDEN
                            (rising edge-triggered cell RAMB36E1 clocked by clk_out2_pll  {rise@0.000ns fall@2.500ns period=5.000ns})
  Path Group:             clk_out2_pll
  Path Type:              Setup (Max at Slow Process Corner)
  Requirement:            5.000ns  (clk_out2_pll rise@5.000ns - clk_out2_pll rise@0.000ns)
  Data Path Delay:        8.356ns  (logic 2.610ns (31.234%)  route 5.746ns (68.766%))
  Logic Levels:           11  (CARRY4=2 LUT6=9)
  Clock Path Skew:        -0.241ns (DCD - SCD + CPR)
    Destination Clock Delay (DCD):    -1.525ns = ( 3.475 - 5.000 ) 
    Source Clock Delay      (SCD):    -1.964ns
    Clock Pessimism Removal (CPR):    -0.680ns
  Clock Uncertainty:      0.060ns  ((TSJ^2 + DJ^2)^1/2) / 2 + PE
    Total System Jitter     (TSJ):    0.071ns
    Discrete Jitter          (DJ):    0.098ns
    Phase Error              (PE):    0.000ns

    Location             Delay type                Incr(ns)  Path(ns)    Netlist Resource(s)
  -------------------------------------------------------------------    -------------------
                         (clock clk_out2_pll rise edge)
                                                      0.000     0.000 r  
    AD12                                              0.000     0.000 r  i_sys_clk_p (IN)
                         net (fo=0)                   0.000     0.000    pll_inst/inst/clk_in1_p
    AD12                 IBUFDS (Prop_ibufds_I_O)     0.906     0.906 r  pll_inst/inst/clkin1_ibufgds/O
                         net (fo=1, routed)           1.081     1.987    pll_inst/inst/clk_in1_pll
    MMCME2_ADV_X1Y1      MMCME2_ADV (Prop_mmcme2_adv_CLKIN1_CLKOUT1)
                                                     -7.786    -5.799 r  pll_inst/inst/mmcm_adv_inst/CLKOUT1
                         net (fo=1, routed)           2.130    -3.669    pll_inst/inst/clk_out2_pll
    BUFGCTRL_X0Y0        BUFG (Prop_bufg_I_O)         0.093    -3.576 r  pll_inst/inst/clkout2_buf/O
                         net (fo=11531, routed)       1.613    -1.964    student_top_inst/Core_cpu/u_core_top/u_dcache/clk
    RAMB36_X3Y17         RAMB36E1                                     r  student_top_inst/Core_cpu/u_core_top/u_dcache/tag_q_reg/CLKBWRCLK
  -------------------------------------------------------------------    -------------------
    RAMB36_X3Y17         RAMB36E1 (Prop_ramb36e1_CLKBWRCLK_DOBDO[4])
                                                      1.800    -0.164 r  student_top_inst/Core_cpu/u_core_top/u_dcache/tag_q_reg/DOBDO[4]
                         net (fo=1, routed)           0.687     0.523    student_top_inst/Core_cpu/u_core_top/u_dcache/tag_read_q[19]
    SLICE_X97Y87         LUT6 (Prop_lut6_I3_O)        0.043     0.566 r  student_top_inst/Core_cpu/u_core_top/u_dcache/cpu_resp_valid_o_INST_0_i_7/O
                         net (fo=1, routed)           0.000     0.566    student_top_inst/Core_cpu/u_core_top/u_dcache/cpu_resp_valid_o_INST_0_i_7_n_0
    SLICE_X97Y87         CARRY4 (Prop_carry4_S[1]_CO[3])
                                                      0.267     0.833 r  student_top_inst/Core_cpu/u_core_top/u_dcache/cpu_resp_valid_o_INST_0_i_2/CO[3]
                         net (fo=1, routed)           0.000     0.833    student_top_inst/Core_cpu/u_core_top/u_dcache/cpu_resp_valid_o_INST_0_i_2_n_0
    SLICE_X97Y88         CARRY4 (Prop_carry4_CI_CO[1])
                                                      0.077     0.910 f  student_top_inst/Core_cpu/u_core_top/u_dcache/cpu_resp_valid_o_INST_0_i_1/CO[1]
                         net (fo=114, routed)         0.637     1.547    student_top_inst/Core_cpu/u_core_top/lookup_hit_c0_alias
    SLICE_X73Y89         LUT6 (Prop_lut6_I3_O)        0.122     1.669 f  student_top_inst/Core_cpu/u_core_top/u_dcache_i_73_comp/O
                         net (fo=29, routed)          0.343     2.012    student_top_inst/Core_cpu/u_core_top/u_dcache_i_73_n_0
    SLICE_X71Y89         LUT6 (Prop_lut6_I2_O)        0.043     2.055 f  student_top_inst/Core_cpu/u_core_top/u_dcache_i_13_comp/O
                         net (fo=5, routed)           0.778     2.833    student_top_inst/Core_cpu/u_core_top/u_dcache/cpu_req_addr_i[21]
    SLICE_X53Y97         LUT6 (Prop_lut6_I1_O)        0.043     2.876 f  student_top_inst/Core_cpu/u_core_top/u_dcache/mem_req_valid_o_INST_0_i_3_comp/O
                         net (fo=2, routed)           0.332     3.209    student_top_inst/Core_cpu/u_core_top/u_dcache/mem_req_valid_o_INST_0_i_3_n_0
    SLICE_X51Y97         LUT6 (Prop_lut6_I1_O)        0.043     3.252 r  student_top_inst/Core_cpu/u_core_top/u_dcache/mem_req_addr_o[31]_INST_0_i_1_comp/O
                         net (fo=34, routed)          0.558     3.810    student_top_inst/mem_bridge/mem_req_addr_o[31]_INST_0_i_1_n_0_alias
    SLICE_X49Y97         LUT6 (Prop_lut6_I4_O)        0.043     3.853 f  student_top_inst/mem_bridge/led_q[31]_i_12_comp_2/O
                         net (fo=1, routed)           0.429     4.282    student_top_inst/mem_bridge/led_q[31]_i_12_n_0
    SLICE_X49Y96         LUT6 (Prop_lut6_I2_O)        0.043     4.325 r  student_top_inst/mem_bridge/led_q[31]_i_6/O
                         net (fo=3, routed)           0.111     4.436    student_top_inst/mem_bridge/led_q[31]_i_6_n_0
    SLICE_X49Y96         LUT6 (Prop_lut6_I5_O)        0.043     4.479 r  student_top_inst/mem_bridge/dram_adapter_i_2/O
                         net (fo=11, routed)          0.466     4.944    student_top_inst/mem_bridge/dram_adapter/dram/U0/inst_blk_mem_gen/gnbram.gnativebmg.native_blk_mem_gen/valid.cstr/ramloop[57].ram.r/prim_init.ram/dram_sel_alias
    SLICE_X49Y100        LUT6 (Prop_lut6_I5_O)        0.043     4.987 r  student_top_inst/mem_bridge/dram_adapter/dram/U0/inst_blk_mem_gen/gnbram.gnativebmg.native_blk_mem_gen/valid.cstr/ramloop[57].ram.r/prim_init.ram/DEVICE_7SERIES.NO_BMM_INFO.SP.SIMPLE_PRIM36.ram_i_1__9_comp/O
                         net (fo=4, routed)           1.405     6.392    student_top_inst/mem_bridge/dram_adapter/dram/U0/inst_blk_mem_gen/gnbram.gnativebmg.native_blk_mem_gen/valid.cstr/ramloop[41].ram.r/prim_init.ram/ramloop[9].ram.ram_ena
    RAMB36_X1Y27         RAMB36E1                                     r  student_top_inst/mem_bridge/dram_adapter/dram/U0/inst_blk_mem_gen/gnbram.gnativebmg.native_blk_mem_gen/valid.cstr/ramloop[41].ram.r/prim_init.ram/DEVICE_7SERIES.NO_BMM_INFO.SP.SIMPLE_PRIM36.ram/ENARDEN
  -------------------------------------------------------------------    -------------------

                         (clock clk_out2_pll rise edge)
                                                      5.000     5.000 r  
    AD12                                              0.000     5.000 r  i_sys_clk_p (IN)
                         net (fo=0)                   0.000     5.000    pll_inst/inst/clk_in1_p
    AD12                 IBUFDS (Prop_ibufds_I_O)     0.803     5.803 r  pll_inst/inst/clkin1_ibufgds/O
                         net (fo=1, routed)           0.986     6.789    pll_inst/inst/clk_in1_pll
    MMCME2_ADV_X1Y1      MMCME2_ADV (Prop_mmcme2_adv_CLKIN1_CLKOUT1)
                                                     -6.759     0.030 r  pll_inst/inst/mmcm_adv_inst/CLKOUT1
                         net (fo=1, routed)           2.005     2.035    pll_inst/inst/clk_out2_pll
    BUFGCTRL_X0Y0        BUFG (Prop_bufg_I_O)         0.083     2.118 r  pll_inst/inst/clkout2_buf/O
                         net (fo=11531, routed)       1.356     3.475    student_top_inst/mem_bridge/dram_adapter/dram/U0/inst_blk_mem_gen/gnbram.gnativebmg.native_blk_mem_gen/valid.cstr/ramloop[41].ram.r/prim_init.ram/clka
    RAMB36_X1Y27         RAMB36E1                                     r  student_top_inst/mem_bridge/dram_adapter/dram/U0/inst_blk_mem_gen/gnbram.gnativebmg.native_blk_mem_gen/valid.cstr/ramloop[41].ram.r/prim_init.ram/DEVICE_7SERIES.NO_BMM_INFO.SP.SIMPLE_PRIM36.ram/CLKARDCLK
                         clock pessimism             -0.680     2.795    
                         clock uncertainty           -0.060     2.734    
    RAMB36_X1Y27         RAMB36E1 (Setup_ramb36e1_CLKARDCLK_ENARDEN)
                                                     -0.328     2.406    student_top_inst/mem_bridge/dram_adapter/dram/U0/inst_blk_mem_gen/gnbram.gnativebmg.native_blk_mem_gen/valid.cstr/ramloop[41].ram.r/prim_init.ram/DEVICE_7SERIES.NO_BMM_INFO.SP.SIMPLE_PRIM36.ram
  -------------------------------------------------------------------
                         required time                          2.406    
                         arrival time                          -6.392    
  -------------------------------------------------------------------
                         slack                                 -3.986    

Slack (VIOLATED) :        -3.981ns  (required time - arrival time)
  Source:                 student_top_inst/Core_cpu/u_core_top/u_dcache/tag_q_reg/CLKBWRCLK
                            (rising edge-triggered cell RAMB36E1 clocked by clk_out2_pll  {rise@0.000ns fall@2.500ns period=5.000ns})
  Destination:            student_top_inst/mem_bridge/dram_adapter/dram/U0/inst_blk_mem_gen/gnbram.gnativebmg.native_blk_mem_gen/valid.cstr/ramloop[48].ram.r/prim_init.ram/DEVICE_7SERIES.NO_BMM_INFO.SP.SIMPLE_PRIM36.ram/ENARDEN
                            (rising edge-triggered cell RAMB36E1 clocked by clk_out2_pll  {rise@0.000ns fall@2.500ns period=5.000ns})
  Path Group:             clk_out2_pll
  Path Type:              Setup (Max at Slow Process Corner)
  Requirement:            5.000ns  (clk_out2_pll rise@5.000ns - clk_out2_pll rise@0.000ns)
  Data Path Delay:        8.301ns  (logic 2.653ns (31.960%)  route 5.648ns (68.040%))
  Logic Levels:           12  (CARRY4=2 LUT2=1 LUT5=1 LUT6=8)
  Clock Path Skew:        -0.291ns (DCD - SCD + CPR)
    Destination Clock Delay (DCD):    -1.575ns = ( 3.425 - 5.000 ) 
    Source Clock Delay      (SCD):    -1.964ns
    Clock Pessimism Removal (CPR):    -0.680ns
  Clock Uncertainty:      0.060ns  ((TSJ^2 + DJ^2)^1/2) / 2 + PE
    Total System Jitter     (TSJ):    0.071ns
    Discrete Jitter          (DJ):    0.098ns
    Phase Error              (PE):    0.000ns

    Location             Delay type                Incr(ns)  Path(ns)    Netlist Resource(s)
  -------------------------------------------------------------------    -------------------
                         (clock clk_out2_pll rise edge)
                                                      0.000     0.000 r  
    AD12                                              0.000     0.000 r  i_sys_clk_p (IN)
                         net (fo=0)                   0.000     0.000    pll_inst/inst/clk_in1_p
    AD12                 IBUFDS (Prop_ibufds_I_O)     0.906     0.906 r  pll_inst/inst/clkin1_ibufgds/O
                         net (fo=1, routed)           1.081     1.987    pll_inst/inst/clk_in1_pll
    MMCME2_ADV_X1Y1      MMCME2_ADV (Prop_mmcme2_adv_CLKIN1_CLKOUT1)
                                                     -7.786    -5.799 r  pll_inst/inst/mmcm_adv_inst/CLKOUT1
                         net (fo=1, routed)           2.130    -3.669    pll_inst/inst/clk_out2_pll
    BUFGCTRL_X0Y0        BUFG (Prop_bufg_I_O)         0.093    -3.576 r  pll_inst/inst/clkout2_buf/O
                         net (fo=11531, routed)       1.613    -1.964    student_top_inst/Core_cpu/u_core_top/u_dcache/clk
    RAMB36_X3Y17         RAMB36E1                                     r  student_top_inst/Core_cpu/u_core_top/u_dcache/tag_q_reg/CLKBWRCLK
  -------------------------------------------------------------------    -------------------
    RAMB36_X3Y17         RAMB36E1 (Prop_ramb36e1_CLKBWRCLK_DOBDO[4])
                                                      1.800    -0.164 r  student_top_inst/Core_cpu/u_core_top/u_dcache/tag_q_reg/DOBDO[4]
                         net (fo=1, routed)           0.687     0.523    student_top_inst/Core_cpu/u_core_top/u_dcache/tag_read_q[19]
    SLICE_X97Y87         LUT6 (Prop_lut6_I3_O)        0.043     0.566 r  student_top_inst/Core_cpu/u_core_top/u_dcache/cpu_resp_valid_o_INST_0_i_7/O
                         net (fo=1, routed)           0.000     0.566    student_top_inst/Core_cpu/u_core_top/u_dcache/cpu_resp_valid_o_INST_0_i_7_n_0
    SLICE_X97Y87         CARRY4 (Prop_carry4_S[1]_CO[3])
                                                      0.267     0.833 r  student_top_inst/Core_cpu/u_core_top/u_dcache/cpu_resp_valid_o_INST_0_i_2/CO[3]
                         net (fo=1, routed)           0.000     0.833    student_top_inst/Core_cpu/u_core_top/u_dcache/cpu_resp_valid_o_INST_0_i_2_n_0
    SLICE_X97Y88         CARRY4 (Prop_carry4_CI_CO[1])
                                                      0.077     0.910 f  student_top_inst/Core_cpu/u_core_top/u_dcache/cpu_resp_valid_o_INST_0_i_1/CO[1]
                         net (fo=114, routed)         0.637     1.547    student_top_inst/Core_cpu/u_core_top/lookup_hit_c0_alias
    SLICE_X73Y89         LUT6 (Prop_lut6_I3_O)        0.122     1.669 f  student_top_inst/Core_cpu/u_core_top/u_dcache_i_73_comp/O
                         net (fo=29, routed)          0.343     2.012    student_top_inst/Core_cpu/u_core_top/u_dcache_i_73_n_0
    SLICE_X71Y89         LUT6 (Prop_lut6_I2_O)        0.043     2.055 f  student_top_inst/Core_cpu/u_core_top/u_dcache_i_13_comp/O
                         net (fo=5, routed)           0.778     2.833    student_top_inst/Core_cpu/u_core_top/u_dcache/cpu_req_addr_i[21]
    SLICE_X53Y97         LUT6 (Prop_lut6_I1_O)        0.043     2.876 f  student_top_inst/Core_cpu/u_core_top/u_dcache/mem_req_valid_o_INST_0_i_3_comp/O
                         net (fo=2, routed)           0.332     3.209    student_top_inst/Core_cpu/u_core_top/u_dcache/mem_req_valid_o_INST_0_i_3_n_0
    SLICE_X51Y97         LUT6 (Prop_lut6_I1_O)        0.043     3.252 r  student_top_inst/Core_cpu/u_core_top/u_dcache/mem_req_addr_o[31]_INST_0_i_1_comp/O
                         net (fo=34, routed)          0.558     3.810    student_top_inst/mem_bridge/mem_req_addr_o[31]_INST_0_i_1_n_0_alias
    SLICE_X49Y97         LUT6 (Prop_lut6_I4_O)        0.043     3.853 f  student_top_inst/mem_bridge/led_q[31]_i_12_comp_2/O
                         net (fo=1, routed)           0.429     4.282    student_top_inst/mem_bridge/led_q[31]_i_12_n_0
    SLICE_X49Y96         LUT6 (Prop_lut6_I2_O)        0.043     4.325 r  student_top_inst/mem_bridge/led_q[31]_i_6/O
                         net (fo=3, routed)           0.111     4.436    student_top_inst/mem_bridge/led_q[31]_i_6_n_0
    SLICE_X49Y96         LUT6 (Prop_lut6_I5_O)        0.043     4.479 r  student_top_inst/mem_bridge/dram_adapter_i_2/O
                         net (fo=11, routed)          0.212     4.691    student_top_inst/mem_bridge/dram_sel
    SLICE_X49Y97         LUT2 (Prop_lut2_I1_O)        0.043     4.734 r  student_top_inst/mem_bridge/dram_adapter_i_1/O
                         net (fo=18, routed)          0.475     5.209    student_top_inst/mem_bridge/dram_adapter/dram/U0/inst_blk_mem_gen/gnbram.gnativebmg.native_blk_mem_gen/valid.cstr/ramloop[48].ram.r/prim_init.ram/ena
    SLICE_X50Y97         LUT5 (Prop_lut5_I2_O)        0.043     5.252 r  student_top_inst/mem_bridge/dram_adapter/dram/U0/inst_blk_mem_gen/gnbram.gnativebmg.native_blk_mem_gen/valid.cstr/ramloop[48].ram.r/prim_init.ram/DEVICE_7SERIES.NO_BMM_INFO.SP.SIMPLE_PRIM36.ram_i_1__2/O
                         net (fo=4, routed)           1.085     6.337    student_top_inst/mem_bridge/dram_adapter/dram/U0/inst_blk_mem_gen/gnbram.gnativebmg.native_blk_mem_gen/valid.cstr/ramloop[48].ram.r/prim_init.ram/ramloop[0].ram.ram_ena
    RAMB36_X3Y20         RAMB36E1                                     r  student_top_inst/mem_bridge/dram_adapter/dram/U0/inst_blk_mem_gen/gnbram.gnativebmg.native_blk_mem_gen/valid.cstr/ramloop[48].ram.r/prim_init.ram/DEVICE_7SERIES.NO_BMM_INFO.SP.SIMPLE_PRIM36.ram/ENARDEN
  -------------------------------------------------------------------    -------------------

                         (clock clk_out2_pll rise edge)
                                                      5.000     5.000 r  
    AD12                                              0.000     5.000 r  i_sys_clk_p (IN)
                         net (fo=0)                   0.000     5.000    pll_inst/inst/clk_in1_p
    AD12                 IBUFDS (Prop_ibufds_I_O)     0.803     5.803 r  pll_inst/inst/clkin1_ibufgds/O
                         net (fo=1, routed)           0.986     6.789    pll_inst/inst/clk_in1_pll
    MMCME2_ADV_X1Y1      MMCME2_ADV (Prop_mmcme2_adv_CLKIN1_CLKOUT1)
                                                     -6.759     0.030 r  pll_inst/inst/mmcm_adv_inst/CLKOUT1
                         net (fo=1, routed)           2.005     2.035    pll_inst/inst/clk_out2_pll
    BUFGCTRL_X0Y0        BUFG (Prop_bufg_I_O)         0.083     2.118 r  pll_inst/inst/clkout2_buf/O
                         net (fo=11531, routed)       1.306     3.425    student_top_inst/mem_bridge/dram_adapter/dram/U0/inst_blk_mem_gen/gnbram.gnativebmg.native_blk_mem_gen/valid.cstr/ramloop[48].ram.r/prim_init.ram/clka
    RAMB36_X3Y20         RAMB36E1                                     r  student_top_inst/mem_bridge/dram_adapter/dram/U0/inst_blk_mem_gen/gnbram.gnativebmg.native_blk_mem_gen/valid.cstr/ramloop[48].ram.r/prim_init.ram/DEVICE_7SERIES.NO_BMM_INFO.SP.SIMPLE_PRIM36.ram/CLKARDCLK
                         clock pessimism             -0.680     2.745    
                         clock uncertainty           -0.060     2.684    
    RAMB36_X3Y20         RAMB36E1 (Setup_ramb36e1_CLKARDCLK_ENARDEN)
                                                     -0.328     2.356    student_top_inst/mem_bridge/dram_adapter/dram/U0/inst_blk_mem_gen/gnbram.gnativebmg.native_blk_mem_gen/valid.cstr/ramloop[48].ram.r/prim_init.ram/DEVICE_7SERIES.NO_BMM_INFO.SP.SIMPLE_PRIM36.ram
  -------------------------------------------------------------------
                         required time                          2.356    
                         arrival time                          -6.337    
  -------------------------------------------------------------------
                         slack                                 -3.981    

Slack (VIOLATED) :        -3.979ns  (required time - arrival time)
  Source:                 student_top_inst/Core_cpu/u_core_top/u_dcache/tag_q_reg/CLKBWRCLK
                            (rising edge-triggered cell RAMB36E1 clocked by clk_out2_pll  {rise@0.000ns fall@2.500ns period=5.000ns})
  Destination:            student_top_inst/mem_bridge/dram_adapter/dram/U0/inst_blk_mem_gen/gnbram.gnativebmg.native_blk_mem_gen/valid.cstr/ramloop[59].ram.r/prim_init.ram/DEVICE_7SERIES.NO_BMM_INFO.SP.SIMPLE_PRIM36.ram/WEA[0]
                            (rising edge-triggered cell RAMB36E1 clocked by clk_out2_pll  {rise@0.000ns fall@2.500ns period=5.000ns})
  Path Group:             clk_out2_pll
  Path Type:              Setup (Max at Slow Process Corner)
  Requirement:            5.000ns  (clk_out2_pll rise@5.000ns - clk_out2_pll rise@0.000ns)
  Data Path Delay:        8.277ns  (logic 2.610ns (31.535%)  route 5.667ns (68.465%))
  Logic Levels:           11  (CARRY4=2 LUT2=1 LUT6=8)
  Clock Path Skew:        -0.238ns (DCD - SCD + CPR)
    Destination Clock Delay (DCD):    -1.522ns = ( 3.478 - 5.000 ) 
    Source Clock Delay      (SCD):    -1.964ns
    Clock Pessimism Removal (CPR):    -0.680ns
  Clock Uncertainty:      0.060ns  ((TSJ^2 + DJ^2)^1/2) / 2 + PE
    Total System Jitter     (TSJ):    0.071ns
    Discrete Jitter          (DJ):    0.098ns
    Phase Error              (PE):    0.000ns

    Location             Delay type                Incr(ns)  Path(ns)    Netlist Resource(s)
  -------------------------------------------------------------------    -------------------
                         (clock clk_out2_pll rise edge)
                                                      0.000     0.000 r  
    AD12                                              0.000     0.000 r  i_sys_clk_p (IN)
                         net (fo=0)                   0.000     0.000    pll_inst/inst/clk_in1_p
    AD12                 IBUFDS (Prop_ibufds_I_O)     0.906     0.906 r  pll_inst/inst/clkin1_ibufgds/O
                         net (fo=1, routed)           1.081     1.987    pll_inst/inst/clk_in1_pll
    MMCME2_ADV_X1Y1      MMCME2_ADV (Prop_mmcme2_adv_CLKIN1_CLKOUT1)
                                                     -7.786    -5.799 r  pll_inst/inst/mmcm_adv_inst/CLKOUT1
                         net (fo=1, routed)           2.130    -3.669    pll_inst/inst/clk_out2_pll
    BUFGCTRL_X0Y0        BUFG (Prop_bufg_I_O)         0.093    -3.576 r  pll_inst/inst/clkout2_buf/O
                         net (fo=11531, routed)       1.613    -1.964    student_top_inst/Core_cpu/u_core_top/u_dcache/clk
    RAMB36_X3Y17         RAMB36E1                                     r  student_top_inst/Core_cpu/u_core_top/u_dcache/tag_q_reg/CLKBWRCLK
  -------------------------------------------------------------------    -------------------
    RAMB36_X3Y17         RAMB36E1 (Prop_ramb36e1_CLKBWRCLK_DOBDO[4])
                                                      1.800    -0.164 r  student_top_inst/Core_cpu/u_core_top/u_dcache/tag_q_reg/DOBDO[4]
                         net (fo=1, routed)           0.687     0.523    student_top_inst/Core_cpu/u_core_top/u_dcache/tag_read_q[19]
    SLICE_X97Y87         LUT6 (Prop_lut6_I3_O)        0.043     0.566 r  student_top_inst/Core_cpu/u_core_top/u_dcache/cpu_resp_valid_o_INST_0_i_7/O
                         net (fo=1, routed)           0.000     0.566    student_top_inst/Core_cpu/u_core_top/u_dcache/cpu_resp_valid_o_INST_0_i_7_n_0
    SLICE_X97Y87         CARRY4 (Prop_carry4_S[1]_CO[3])
                                                      0.267     0.833 r  student_top_inst/Core_cpu/u_core_top/u_dcache/cpu_resp_valid_o_INST_0_i_2/CO[3]
                         net (fo=1, routed)           0.000     0.833    student_top_inst/Core_cpu/u_core_top/u_dcache/cpu_resp_valid_o_INST_0_i_2_n_0
    SLICE_X97Y88         CARRY4 (Prop_carry4_CI_CO[1])
                                                      0.077     0.910 r  student_top_inst/Core_cpu/u_core_top/u_dcache/cpu_resp_valid_o_INST_0_i_1/CO[1]
                         net (fo=114, routed)         0.637     1.547    student_top_inst/Core_cpu/u_core_top/lookup_hit_c0_alias
    SLICE_X73Y89         LUT6 (Prop_lut6_I3_O)        0.122     1.669 r  student_top_inst/Core_cpu/u_core_top/u_dcache_i_73_comp/O
                         net (fo=29, routed)          0.343     2.012    student_top_inst/Core_cpu/u_core_top/u_dcache_i_73_n_0
    SLICE_X71Y89         LUT6 (Prop_lut6_I2_O)        0.043     2.055 r  student_top_inst/Core_cpu/u_core_top/u_dcache_i_13_comp/O
                         net (fo=5, routed)           0.778     2.833    student_top_inst/Core_cpu/u_core_top/u_dcache/cpu_req_addr_i[21]
    SLICE_X53Y97         LUT6 (Prop_lut6_I1_O)        0.043     2.876 r  student_top_inst/Core_cpu/u_core_top/u_dcache/mem_req_valid_o_INST_0_i_3_comp/O
                         net (fo=2, routed)           0.407     3.283    student_top_inst/Core_cpu/u_core_top/u_dcache/mem_req_valid_o_INST_0_i_3_n_0
    SLICE_X53Y95         LUT6 (Prop_lut6_I0_O)        0.043     3.326 f  student_top_inst/Core_cpu/u_core_top/u_dcache/mem_req_valid_o_INST_0_i_2/O
                         net (fo=5, routed)           0.192     3.518    student_top_inst/Core_cpu/u_core_top/u_dcache/mem_req_valid_o_INST_0_i_2_n_0
    SLICE_X51Y95         LUT2 (Prop_lut2_I0_O)        0.043     3.561 f  student_top_inst/Core_cpu/u_core_top/u_dcache/mem_req_valid_o_INST_0_i_1/O
                         net (fo=1, routed)           0.283     3.844    student_top_inst/Core_cpu/u_core_top/u_dcache/mem_req_valid_o_INST_0_i_1_n_0
    SLICE_X50Y98         LUT6 (Prop_lut6_I1_O)        0.043     3.887 r  student_top_inst/Core_cpu/u_core_top/u_dcache/mem_req_valid_o_INST_0/O
                         net (fo=13, routed)          0.608     4.495    student_top_inst/mem_bridge/req_valid
    SLICE_X48Y102        LUT6 (Prop_lut6_I2_O)        0.043     4.538 r  student_top_inst/mem_bridge/dram_adapter_i_2_comp/O
                         net (fo=1, routed)           0.346     4.884    student_top_inst/mem_bridge/dram_adapter/dram_sel_repN_alias
    SLICE_X48Y101        LUT6 (Prop_lut6_I5_O)        0.043     4.927 r  student_top_inst/mem_bridge/dram_adapter/dram_i_1_comp/O
                         net (fo=16, routed)          1.386     6.313    student_top_inst/mem_bridge/dram_adapter/dram/U0/inst_blk_mem_gen/gnbram.gnativebmg.native_blk_mem_gen/valid.cstr/ramloop[59].ram.r/prim_init.ram/wea[0]
    RAMB36_X1Y28         RAMB36E1                                     r  student_top_inst/mem_bridge/dram_adapter/dram/U0/inst_blk_mem_gen/gnbram.gnativebmg.native_blk_mem_gen/valid.cstr/ramloop[59].ram.r/prim_init.ram/DEVICE_7SERIES.NO_BMM_INFO.SP.SIMPLE_PRIM36.ram/WEA[0]
  -------------------------------------------------------------------    -------------------

                         (clock clk_out2_pll rise edge)
                                                      5.000     5.000 r  
    AD12                                              0.000     5.000 r  i_sys_clk_p (IN)
                         net (fo=0)                   0.000     5.000    pll_inst/inst/clk_in1_p
    AD12                 IBUFDS (Prop_ibufds_I_O)     0.803     5.803 r  pll_inst/inst/clkin1_ibufgds/O
                         net (fo=1, routed)           0.986     6.789    pll_inst/inst/clk_in1_pll
    MMCME2_ADV_X1Y1      MMCME2_ADV (Prop_mmcme2_adv_CLKIN1_CLKOUT1)
                                                     -6.759     0.030 r  pll_inst/inst/mmcm_adv_inst/CLKOUT1
                         net (fo=1, routed)           2.005     2.035    pll_inst/inst/clk_out2_pll
    BUFGCTRL_X0Y0        BUFG (Prop_bufg_I_O)         0.083     2.118 r  pll_inst/inst/clkout2_buf/O
                         net (fo=11531, routed)       1.359     3.478    student_top_inst/mem_bridge/dram_adapter/dram/U0/inst_blk_mem_gen/gnbram.gnativebmg.native_blk_mem_gen/valid.cstr/ramloop[59].ram.r/prim_init.ram/clka
    RAMB36_X1Y28         RAMB36E1                                     r  student_top_inst/mem_bridge/dram_adapter/dram/U0/inst_blk_mem_gen/gnbram.gnativebmg.native_blk_mem_gen/valid.cstr/ramloop[59].ram.r/prim_init.ram/DEVICE_7SERIES.NO_BMM_INFO.SP.SIMPLE_PRIM36.ram/CLKARDCLK
                         clock pessimism             -0.680     2.798    
                         clock uncertainty           -0.060     2.737    
    RAMB36_X1Y28         RAMB36E1 (Setup_ramb36e1_CLKARDCLK_WEA[0])
                                                     -0.404     2.333    student_top_inst/mem_bridge/dram_adapter/dram/U0/inst_blk_mem_gen/gnbram.gnativebmg.native_blk_mem_gen/valid.cstr/ramloop[59].ram.r/prim_init.ram/DEVICE_7SERIES.NO_BMM_INFO.SP.SIMPLE_PRIM36.ram
  -------------------------------------------------------------------
                         required time                          2.333    
                         arrival time                          -6.313    
  -------------------------------------------------------------------
                         slack                                 -3.979    

Slack (VIOLATED) :        -3.945ns  (required time - arrival time)
  Source:                 student_top_inst/Core_cpu/u_core_top/u_dcache/tag_q_reg/CLKBWRCLK
                            (rising edge-triggered cell RAMB36E1 clocked by clk_out2_pll  {rise@0.000ns fall@2.500ns period=5.000ns})
  Destination:            student_top_inst/mem_bridge/dram_adapter/dram/U0/inst_blk_mem_gen/gnbram.gnativebmg.native_blk_mem_gen/valid.cstr/ramloop[53].ram.r/prim_init.ram/DEVICE_7SERIES.NO_BMM_INFO.SP.SIMPLE_PRIM36.ram/ENARDEN
                            (rising edge-triggered cell RAMB36E1 clocked by clk_out2_pll  {rise@0.000ns fall@2.500ns period=5.000ns})
  Path Group:             clk_out2_pll
  Path Type:              Setup (Max at Slow Process Corner)
  Requirement:            5.000ns  (clk_out2_pll rise@5.000ns - clk_out2_pll rise@0.000ns)
  Data Path Delay:        8.311ns  (logic 2.653ns (31.920%)  route 5.658ns (68.080%))
  Logic Levels:           12  (CARRY4=2 LUT2=1 LUT5=1 LUT6=8)
  Clock Path Skew:        -0.245ns (DCD - SCD + CPR)
    Destination Clock Delay (DCD):    -1.529ns = ( 3.471 - 5.000 ) 
    Source Clock Delay      (SCD):    -1.964ns
    Clock Pessimism Removal (CPR):    -0.680ns
  Clock Uncertainty:      0.060ns  ((TSJ^2 + DJ^2)^1/2) / 2 + PE
    Total System Jitter     (TSJ):    0.071ns
    Discrete Jitter          (DJ):    0.098ns
    Phase Error              (PE):    0.000ns

    Location             Delay type                Incr(ns)  Path(ns)    Netlist Resource(s)
  -------------------------------------------------------------------    -------------------
                         (clock clk_out2_pll rise edge)
                                                      0.000     0.000 r  
    AD12                                              0.000     0.000 r  i_sys_clk_p (IN)
                         net (fo=0)                   0.000     0.000    pll_inst/inst/clk_in1_p
    AD12                 IBUFDS (Prop_ibufds_I_O)     0.906     0.906 r  pll_inst/inst/clkin1_ibufgds/O
                         net (fo=1, routed)           1.081     1.987    pll_inst/inst/clk_in1_pll
    MMCME2_ADV_X1Y1      MMCME2_ADV (Prop_mmcme2_adv_CLKIN1_CLKOUT1)
                                                     -7.786    -5.799 r  pll_inst/inst/mmcm_adv_inst/CLKOUT1
                         net (fo=1, routed)           2.130    -3.669    pll_inst/inst/clk_out2_pll
    BUFGCTRL_X0Y0        BUFG (Prop_bufg_I_O)         0.093    -3.576 r  pll_inst/inst/clkout2_buf/O
                         net (fo=11531, routed)       1.613    -1.964    student_top_inst/Core_cpu/u_core_top/u_dcache/clk
    RAMB36_X3Y17         RAMB36E1                                     r  student_top_inst/Core_cpu/u_core_top/u_dcache/tag_q_reg/CLKBWRCLK
  -------------------------------------------------------------------    -------------------
    RAMB36_X3Y17         RAMB36E1 (Prop_ramb36e1_CLKBWRCLK_DOBDO[4])
                                                      1.800    -0.164 r  student_top_inst/Core_cpu/u_core_top/u_dcache/tag_q_reg/DOBDO[4]
                         net (fo=1, routed)           0.687     0.523    student_top_inst/Core_cpu/u_core_top/u_dcache/tag_read_q[19]
    SLICE_X97Y87         LUT6 (Prop_lut6_I3_O)        0.043     0.566 r  student_top_inst/Core_cpu/u_core_top/u_dcache/cpu_resp_valid_o_INST_0_i_7/O
                         net (fo=1, routed)           0.000     0.566    student_top_inst/Core_cpu/u_core_top/u_dcache/cpu_resp_valid_o_INST_0_i_7_n_0
    SLICE_X97Y87         CARRY4 (Prop_carry4_S[1]_CO[3])
                                                      0.267     0.833 r  student_top_inst/Core_cpu/u_core_top/u_dcache/cpu_resp_valid_o_INST_0_i_2/CO[3]
                         net (fo=1, routed)           0.000     0.833    student_top_inst/Core_cpu/u_core_top/u_dcache/cpu_resp_valid_o_INST_0_i_2_n_0
    SLICE_X97Y88         CARRY4 (Prop_carry4_CI_CO[1])
                                                      0.077     0.910 f  student_top_inst/Core_cpu/u_core_top/u_dcache/cpu_resp_valid_o_INST_0_i_1/CO[1]
                         net (fo=114, routed)         0.637     1.547    student_top_inst/Core_cpu/u_core_top/lookup_hit_c0_alias
    SLICE_X73Y89         LUT6 (Prop_lut6_I3_O)        0.122     1.669 f  student_top_inst/Core_cpu/u_core_top/u_dcache_i_73_comp/O
                         net (fo=29, routed)          0.343     2.012    student_top_inst/Core_cpu/u_core_top/u_dcache_i_73_n_0
    SLICE_X71Y89         LUT6 (Prop_lut6_I2_O)        0.043     2.055 f  student_top_inst/Core_cpu/u_core_top/u_dcache_i_13_comp/O
                         net (fo=5, routed)           0.778     2.833    student_top_inst/Core_cpu/u_core_top/u_dcache/cpu_req_addr_i[21]
    SLICE_X53Y97         LUT6 (Prop_lut6_I1_O)        0.043     2.876 f  student_top_inst/Core_cpu/u_core_top/u_dcache/mem_req_valid_o_INST_0_i_3_comp/O
                         net (fo=2, routed)           0.332     3.209    student_top_inst/Core_cpu/u_core_top/u_dcache/mem_req_valid_o_INST_0_i_3_n_0
    SLICE_X51Y97         LUT6 (Prop_lut6_I1_O)        0.043     3.252 r  student_top_inst/Core_cpu/u_core_top/u_dcache/mem_req_addr_o[31]_INST_0_i_1_comp/O
                         net (fo=34, routed)          0.558     3.810    student_top_inst/mem_bridge/mem_req_addr_o[31]_INST_0_i_1_n_0_alias
    SLICE_X49Y97         LUT6 (Prop_lut6_I4_O)        0.043     3.853 f  student_top_inst/mem_bridge/led_q[31]_i_12_comp_2/O
                         net (fo=1, routed)           0.429     4.282    student_top_inst/mem_bridge/led_q[31]_i_12_n_0
    SLICE_X49Y96         LUT6 (Prop_lut6_I2_O)        0.043     4.325 r  student_top_inst/mem_bridge/led_q[31]_i_6/O
                         net (fo=3, routed)           0.111     4.436    student_top_inst/mem_bridge/led_q[31]_i_6_n_0
    SLICE_X49Y96         LUT6 (Prop_lut6_I5_O)        0.043     4.479 r  student_top_inst/mem_bridge/dram_adapter_i_2/O
                         net (fo=11, routed)          0.212     4.691    student_top_inst/mem_bridge/dram_sel
    SLICE_X49Y97         LUT2 (Prop_lut2_I1_O)        0.043     4.734 r  student_top_inst/mem_bridge/dram_adapter_i_1/O
                         net (fo=18, routed)          0.327     5.060    student_top_inst/mem_bridge/dram_adapter/dram/U0/inst_blk_mem_gen/gnbram.gnativebmg.native_blk_mem_gen/valid.cstr/ramloop[53].ram.r/prim_init.ram/ena
    SLICE_X48Y97         LUT5 (Prop_lut5_I1_O)        0.043     5.103 r  student_top_inst/mem_bridge/dram_adapter/dram/U0/inst_blk_mem_gen/gnbram.gnativebmg.native_blk_mem_gen/valid.cstr/ramloop[53].ram.r/prim_init.ram/DEVICE_7SERIES.NO_BMM_INFO.SP.SIMPLE_PRIM36.ram_i_1__5/O
                         net (fo=4, routed)           1.244     6.348    student_top_inst/mem_bridge/dram_adapter/dram/U0/inst_blk_mem_gen/gnbram.gnativebmg.native_blk_mem_gen/valid.cstr/ramloop[53].ram.r/prim_init.ram/ramloop[5].ram.ram_ena
    RAMB36_X0Y23         RAMB36E1                                     r  student_top_inst/mem_bridge/dram_adapter/dram/U0/inst_blk_mem_gen/gnbram.gnativebmg.native_blk_mem_gen/valid.cstr/ramloop[53].ram.r/prim_init.ram/DEVICE_7SERIES.NO_BMM_INFO.SP.SIMPLE_PRIM36.ram/ENARDEN
  -------------------------------------------------------------------    -------------------

                         (clock clk_out2_pll rise edge)
                                                      5.000     5.000 r  
    AD12                                              0.000     5.000 r  i_sys_clk_p (IN)
                         net (fo=0)                   0.000     5.000    pll_inst/inst/clk_in1_p
    AD12                 IBUFDS (Prop_ibufds_I_O)     0.803     5.803 r  pll_inst/inst/clkin1_ibufgds/O
                         net (fo=1, routed)           0.986     6.789    pll_inst/inst/clk_in1_pll
    MMCME2_ADV_X1Y1      MMCME2_ADV (Prop_mmcme2_adv_CLKIN1_CLKOUT1)
                                                     -6.759     0.030 r  pll_inst/inst/mmcm_adv_inst/CLKOUT1
                         net (fo=1, routed)           2.005     2.035    pll_inst/inst/clk_out2_pll
    BUFGCTRL_X0Y0        BUFG (Prop_bufg_I_O)         0.083     2.118 r  pll_inst/inst/clkout2_buf/O
                         net (fo=11531, routed)       1.352     3.471    student_top_inst/mem_bridge/dram_adapter/dram/U0/inst_blk_mem_gen/gnbram.gnativebmg.native_blk_mem_gen/valid.cstr/ramloop[53].ram.r/prim_init.ram/clka
    RAMB36_X0Y23         RAMB36E1                                     r  student_top_inst/mem_bridge/dram_adapter/dram/U0/inst_blk_mem_gen/gnbram.gnativebmg.native_blk_mem_gen/valid.cstr/ramloop[53].ram.r/prim_init.ram/DEVICE_7SERIES.NO_BMM_INFO.SP.SIMPLE_PRIM36.ram/CLKARDCLK
                         clock pessimism             -0.680     2.791    
                         clock uncertainty           -0.060     2.730    
    RAMB36_X0Y23         RAMB36E1 (Setup_ramb36e1_CLKARDCLK_ENARDEN)
                                                     -0.328     2.402    student_top_inst/mem_bridge/dram_adapter/dram/U0/inst_blk_mem_gen/gnbram.gnativebmg.native_blk_mem_gen/valid.cstr/ramloop[53].ram.r/prim_init.ram/DEVICE_7SERIES.NO_BMM_INFO.SP.SIMPLE_PRIM36.ram
  -------------------------------------------------------------------
                         required time                          2.402    
                         arrival time                          -6.348    
  -------------------------------------------------------------------
                         slack                                 -3.945    





Pulse Width Checks
--------------------------------------------------------------------------------------
Clock Name:         clk_out2_pll
Waveform(ns):       { 0.000 2.500 }
Period(ns):         5.000
Sources:            { pll_inst/inst/mmcm_adv_inst/CLKOUT1 }

Check Type        Corner  Lib Pin             Reference Pin  Required(ns)  Actual(ns)  Slack(ns)  Location         Pin
Min Period        n/a     RAMB36E1/CLKARDCLK  n/a            2.095         5.000       2.905      RAMB36_X3Y17     student_top_inst/Core_cpu/u_core_top/u_dcache/tag_q_reg/CLKARDCLK
Min Period        n/a     RAMB36E1/CLKARDCLK  n/a            2.095         5.000       2.905      RAMB36_X3Y14     student_top_inst/Core_cpu/u_core_top/u_dcache/g_data_bank[0].u_data_bank/mem_q_reg_0/CLKARDCLK
Min Period        n/a     RAMB36E1/CLKARDCLK  n/a            2.095         5.000       2.905      RAMB36_X3Y10     student_top_inst/Core_cpu/u_core_top/u_dcache/g_data_bank[0].u_data_bank/mem_q_reg_1/CLKARDCLK
Min Period        n/a     RAMB36E1/CLKARDCLK  n/a            2.095         5.000       2.905      RAMB36_X3Y15     student_top_inst/Core_cpu/u_core_top/u_dcache/g_data_bank[1].u_data_bank/mem_q_reg_0/CLKARDCLK
Min Period        n/a     RAMB36E1/CLKARDCLK  n/a            2.095         5.000       2.905      RAMB36_X3Y16     student_top_inst/Core_cpu/u_core_top/u_dcache/g_data_bank[1].u_data_bank/mem_q_reg_1/CLKARDCLK
Min Period        n/a     RAMB36E1/CLKARDCLK  n/a            2.095         5.000       2.905      RAMB36_X3Y12     student_top_inst/Core_cpu/u_core_top/u_dcache/g_data_bank[2].u_data_bank/mem_q_reg_0/CLKARDCLK
Min Period        n/a     RAMB36E1/CLKARDCLK  n/a            2.095         5.000       2.905      RAMB36_X3Y11     student_top_inst/Core_cpu/u_core_top/u_dcache/g_data_bank[2].u_data_bank/mem_q_reg_1/CLKARDCLK
Min Period        n/a     RAMB36E1/CLKARDCLK  n/a            2.095         5.000       2.905      RAMB36_X3Y13     student_top_inst/Core_cpu/u_core_top/u_dcache/g_data_bank[3].u_data_bank/mem_q_reg_0/CLKARDCLK
Min Period        n/a     RAMB36E1/CLKARDCLK  n/a            2.095         5.000       2.905      RAMB36_X3Y9      student_top_inst/Core_cpu/u_core_top/u_dcache/g_data_bank[3].u_data_bank/mem_q_reg_1/CLKARDCLK
Min Period        n/a     RAMB36E1/CLKBWRCLK  n/a            1.839         5.000       3.161      RAMB36_X3Y17     student_top_inst/Core_cpu/u_core_top/u_dcache/tag_q_reg/CLKBWRCLK
Min Period        n/a     RAMB36E1/CLKBWRCLK  n/a            1.839         5.000       3.161      RAMB36_X3Y14     student_top_inst/Core_cpu/u_core_top/u_dcache/g_data_bank[0].u_data_bank/mem_q_reg_0/CLKBWRCLK
Min Period        n/a     RAMB36E1/CLKBWRCLK  n/a            1.839         5.000       3.161      RAMB36_X3Y10     student_top_inst/Core_cpu/u_core_top/u_dcache/g_data_bank[0].u_data_bank/mem_q_reg_1/CLKBWRCLK
Min Period        n/a     RAMB36E1/CLKBWRCLK  n/a            1.839         5.000       3.161      RAMB36_X3Y15     student_top_inst/Core_cpu/u_core_top/u_dcache/g_data_bank[1].u_data_bank/mem_q_reg_0/CLKBWRCLK
Min Period        n/a     RAMB36E1/CLKBWRCLK  n/a            1.839         5.000       3.161      RAMB36_X3Y16     student_top_inst/Core_cpu/u_core_top/u_dcache/g_data_bank[1].u_data_bank/mem_q_reg_1/CLKBWRCLK
Min Period        n/a     RAMB36E1/CLKBWRCLK  n/a            1.839         5.000       3.161      RAMB36_X3Y12     student_top_inst/Core_cpu/u_core_top/u_dcache/g_data_bank[2].u_data_bank/mem_q_reg_0/CLKBWRCLK
Min Period        n/a     RAMB36E1/CLKBWRCLK  n/a            1.839         5.000       3.161      RAMB36_X3Y11     student_top_inst/Core_cpu/u_core_top/u_dcache/g_data_bank[2].u_data_bank/mem_q_reg_1/CLKBWRCLK
Min Period        n/a     RAMB36E1/CLKBWRCLK  n/a            1.839         5.000       3.161      RAMB36_X3Y13     student_top_inst/Core_cpu/u_core_top/u_dcache/g_data_bank[3].u_data_bank/mem_q_reg_0/CLKBWRCLK
Min Period        n/a     RAMB36E1/CLKBWRCLK  n/a            1.839         5.000       3.161      RAMB36_X3Y9      student_top_inst/Core_cpu/u_core_top/u_dcache/g_data_bank[3].u_data_bank/mem_q_reg_1/CLKBWRCLK
Min Period        n/a     RAMB36E1/CLKARDCLK  n/a            1.839         5.000       3.161      RAMB36_X3Y23     student_top_inst/Mem_IROM/U0/inst_blk_mem_gen/gnbram.gnativebmg.native_blk_mem_gen/valid.cstr/ramloop[0].ram.r/prim_init.ram/DEVICE_7SERIES.NO_BMM_INFO.SP.SIMPLE_PRIM36.ram/CLKARDCLK
Min Period        n/a     RAMB36E1/CLKBWRCLK  n/a            1.839         5.000       3.161      RAMB36_X3Y23     student_top_inst/Mem_IROM/U0/inst_blk_mem_gen/gnbram.gnativebmg.native_blk_mem_gen/valid.cstr/ramloop[0].ram.r/prim_init.ram/DEVICE_7SERIES.NO_BMM_INFO.SP.SIMPLE_PRIM36.ram/CLKBWRCLK
Max Period        n/a     MMCME2_ADV/CLKOUT1  n/a            213.360       5.000       208.360    MMCME2_ADV_X1Y1  pll_inst/inst/mmcm_adv_inst/CLKOUT1
Low Pulse Width   Slow    RAMD32/CLK          n/a            0.768         2.500       1.732      SLICE_X78Y100    student_top_inst/Core_cpu/u_core_top/producer_tid_q_reg_r1_0_31_0_2/RAMA/CLK
Low Pulse Width   Fast    RAMD32/CLK          n/a            0.768         2.500       1.732      SLICE_X78Y100    student_top_inst/Core_cpu/u_core_top/producer_tid_q_reg_r1_0_31_0_2/RAMA/CLK
Low Pulse Width   Slow    RAMD32/CLK          n/a            0.768         2.500       1.732      SLICE_X78Y100    student_top_inst/Core_cpu/u_core_top/producer_tid_q_reg_r1_0_31_0_2/RAMA_D1/CLK
Low Pulse Width   Fast    RAMD32/CLK          n/a            0.768         2.500       1.732      SLICE_X78Y100    student_top_inst/Core_cpu/u_core_top/producer_tid_q_reg_r1_0_31_0_2/RAMA_D1/CLK
Low Pulse Width   Slow    RAMD32/CLK          n/a            0.768         2.500       1.732      SLICE_X78Y100    student_top_inst/Core_cpu/u_core_top/producer_tid_q_reg_r1_0_31_0_2/RAMB/CLK
Low Pulse Width   Fast    RAMD32/CLK          n/a            0.768         2.500       1.732      SLICE_X78Y100    student_top_inst/Core_cpu/u_core_top/producer_tid_q_reg_r1_0_31_0_2/RAMB/CLK
Low Pulse Width   Slow    RAMD32/CLK          n/a            0.768         2.500       1.732      SLICE_X78Y100    student_top_inst/Core_cpu/u_core_top/producer_tid_q_reg_r1_0_31_0_2/RAMB_D1/CLK
Low Pulse Width   Fast    RAMD32/CLK          n/a            0.768         2.500       1.732      SLICE_X78Y100    student_top_inst/Core_cpu/u_core_top/producer_tid_q_reg_r1_0_31_0_2/RAMB_D1/CLK
Low Pulse Width   Slow    RAMD32/CLK          n/a            0.768         2.500       1.732      SLICE_X78Y100    student_top_inst/Core_cpu/u_core_top/producer_tid_q_reg_r1_0_31_0_2/RAMC/CLK
Low Pulse Width   Fast    RAMD32/CLK          n/a            0.768         2.500       1.732      SLICE_X78Y100    student_top_inst/Core_cpu/u_core_top/producer_tid_q_reg_r1_0_31_0_2/RAMC/CLK
Low Pulse Width   Slow    RAMD32/CLK          n/a            0.768         2.500       1.732      SLICE_X78Y100    student_top_inst/Core_cpu/u_core_top/producer_tid_q_reg_r1_0_31_0_2/RAMC_D1/CLK
Low Pulse Width   Fast    RAMD32/CLK          n/a            0.768         2.500       1.732      SLICE_X78Y100    student_top_inst/Core_cpu/u_core_top/producer_tid_q_reg_r1_0_31_0_2/RAMC_D1/CLK
Low Pulse Width   Slow    RAMS32/CLK          n/a            0.768         2.500       1.732      SLICE_X78Y100    student_top_inst/Core_cpu/u_core_top/producer_tid_q_reg_r1_0_31_0_2/RAMD/CLK
Low Pulse Width   Fast    RAMS32/CLK          n/a            0.768         2.500       1.732      SLICE_X78Y100    student_top_inst/Core_cpu/u_core_top/producer_tid_q_reg_r1_0_31_0_2/RAMD/CLK
Low Pulse Width   Slow    RAMS32/CLK          n/a            0.768         2.500       1.732      SLICE_X78Y100    student_top_inst/Core_cpu/u_core_top/producer_tid_q_reg_r1_0_31_0_2/RAMD_D1/CLK
Low Pulse Width   Fast    RAMS32/CLK          n/a            0.768         2.500       1.732      SLICE_X78Y100    student_top_inst/Core_cpu/u_core_top/producer_tid_q_reg_r1_0_31_0_2/RAMD_D1/CLK
Low Pulse Width   Slow    RAMD32/CLK          n/a            0.768         2.500       1.732      SLICE_X78Y99     student_top_inst/Core_cpu/u_core_top/producer_tid_q_reg_r2_0_31_0_2/RAMA/CLK
Low Pulse Width   Fast    RAMD32/CLK          n/a            0.768         2.500       1.732      SLICE_X78Y99     student_top_inst/Core_cpu/u_core_top/producer_tid_q_reg_r2_0_31_0_2/RAMA/CLK
Low Pulse Width   Slow    RAMD32/CLK          n/a            0.768         2.500       1.732      SLICE_X78Y99     student_top_inst/Core_cpu/u_core_top/producer_tid_q_reg_r2_0_31_0_2/RAMA_D1/CLK
Low Pulse Width   Fast    RAMD32/CLK          n/a            0.768         2.500       1.732      SLICE_X78Y99     student_top_inst/Core_cpu/u_core_top/producer_tid_q_reg_r2_0_31_0_2/RAMA_D1/CLK
High Pulse Width  Slow    RAMD32/CLK          n/a            0.768         2.500       1.732      SLICE_X78Y100    student_top_inst/Core_cpu/u_core_top/producer_tid_q_reg_r1_0_31_0_2/RAMA/CLK
High Pulse Width  Fast    RAMD32/CLK          n/a            0.768         2.500       1.732      SLICE_X78Y100    student_top_inst/Core_cpu/u_core_top/producer_tid_q_reg_r1_0_31_0_2/RAMA/CLK
High Pulse Width  Slow    RAMD32/CLK          n/a            0.768         2.500       1.732      SLICE_X78Y100    student_top_inst/Core_cpu/u_core_top/producer_tid_q_reg_r1_0_31_0_2/RAMA_D1/CLK
High Pulse Width  Fast    RAMD32/CLK          n/a            0.768         2.500       1.732      SLICE_X78Y100    student_top_inst/Core_cpu/u_core_top/producer_tid_q_reg_r1_0_31_0_2/RAMA_D1/CLK
High Pulse Width  Slow    RAMD32/CLK          n/a            0.768         2.500       1.732      SLICE_X78Y100    student_top_inst/Core_cpu/u_core_top/producer_tid_q_reg_r1_0_31_0_2/RAMB/CLK
High Pulse Width  Fast    RAMD32/CLK          n/a            0.768         2.500       1.732      SLICE_X78Y100    student_top_inst/Core_cpu/u_core_top/producer_tid_q_reg_r1_0_31_0_2/RAMB/CLK
High Pulse Width  Slow    RAMD32/CLK          n/a            0.768         2.500       1.732      SLICE_X78Y100    student_top_inst/Core_cpu/u_core_top/producer_tid_q_reg_r1_0_31_0_2/RAMB_D1/CLK
High Pulse Width  Fast    RAMD32/CLK          n/a            0.768         2.500       1.732      SLICE_X78Y100    student_top_inst/Core_cpu/u_core_top/producer_tid_q_reg_r1_0_31_0_2/RAMB_D1/CLK
High Pulse Width  Slow    RAMD32/CLK          n/a            0.768         2.500       1.732      SLICE_X78Y100    student_top_inst/Core_cpu/u_core_top/producer_tid_q_reg_r1_0_31_0_2/RAMC/CLK
High Pulse Width  Fast    RAMD32/CLK          n/a            0.768         2.500       1.732      SLICE_X78Y100    student_top_inst/Core_cpu/u_core_top/producer_tid_q_reg_r1_0_31_0_2/RAMC/CLK
High Pulse Width  Slow    RAMD32/CLK          n/a            0.768         2.500       1.732      SLICE_X78Y100    student_top_inst/Core_cpu/u_core_top/producer_tid_q_reg_r1_0_31_0_2/RAMC_D1/CLK
High Pulse Width  Fast    RAMD32/CLK          n/a            0.768         2.500       1.732      SLICE_X78Y100    student_top_inst/Core_cpu/u_core_top/producer_tid_q_reg_r1_0_31_0_2/RAMC_D1/CLK
High Pulse Width  Slow    RAMS32/CLK          n/a            0.768         2.500       1.732      SLICE_X78Y100    student_top_inst/Core_cpu/u_core_top/producer_tid_q_reg_r1_0_31_0_2/RAMD/CLK
High Pulse Width  Fast    RAMS32/CLK          n/a            0.768         2.500       1.732      SLICE_X78Y100    student_top_inst/Core_cpu/u_core_top/producer_tid_q_reg_r1_0_31_0_2/RAMD/CLK
High Pulse Width  Slow    RAMS32/CLK          n/a            0.768         2.500       1.732      SLICE_X78Y100    student_top_inst/Core_cpu/u_core_top/producer_tid_q_reg_r1_0_31_0_2/RAMD_D1/CLK
High Pulse Width  Fast    RAMS32/CLK          n/a            0.768         2.500       1.732      SLICE_X78Y100    student_top_inst/Core_cpu/u_core_top/producer_tid_q_reg_r1_0_31_0_2/RAMD_D1/CLK
High Pulse Width  Slow    RAMD32/CLK          n/a            0.768         2.500       1.732      SLICE_X78Y99     student_top_inst/Core_cpu/u_core_top/producer_tid_q_reg_r2_0_31_0_2/RAMA/CLK
High Pulse Width  Fast    RAMD32/CLK          n/a            0.768         2.500       1.732      SLICE_X78Y99     student_top_inst/Core_cpu/u_core_top/producer_tid_q_reg_r2_0_31_0_2/RAMA/CLK
High Pulse Width  Slow    RAMD32/CLK          n/a            0.768         2.500       1.732      SLICE_X78Y99     student_top_inst/Core_cpu/u_core_top/producer_tid_q_reg_r2_0_31_0_2/RAMA_D1/CLK
High Pulse Width  Fast    RAMD32/CLK          n/a            0.768         2.500       1.732      SLICE_X78Y99     student_top_inst/Core_cpu/u_core_top/producer_tid_q_reg_r2_0_31_0_2/RAMA_D1/CLK



---------------------------------------------------------------------------------------------------
From Clock:  clkfbout_pll
  To Clock:  clkfbout_pll

Setup :           NA  Failing Endpoints,  Worst Slack           NA  ,  Total Violation           NA
Hold  :           NA  Failing Endpoints,  Worst Slack           NA  ,  Total Violation           NA
PW    :            0  Failing Endpoints,  Worst Slack        3.592ns,  Total Violation        0.000ns
---------------------------------------------------------------------------------------------------


Pulse Width Checks
--------------------------------------------------------------------------------------
Clock Name:         clkfbout_pll
Waveform(ns):       { 0.000 2.500 }
Period(ns):         5.000
Sources:            { pll_inst/inst/mmcm_adv_inst/CLKFBOUT }

Check Type  Corner  Lib Pin              Reference Pin  Required(ns)  Actual(ns)  Slack(ns)  Location         Pin
Min Period  n/a     BUFG/I               n/a            1.408         5.000       3.591      BUFGCTRL_X0Y2    pll_inst/inst/clkf_buf/I
Min Period  n/a     MMCME2_ADV/CLKFBOUT  n/a            1.071         5.000       3.929      MMCME2_ADV_X1Y1  pll_inst/inst/mmcm_adv_inst/CLKFBOUT
Min Period  n/a     MMCME2_ADV/CLKFBIN   n/a            1.071         5.000       3.929      MMCME2_ADV_X1Y1  pll_inst/inst/mmcm_adv_inst/CLKFBIN
Max Period  n/a     MMCME2_ADV/CLKFBIN   n/a            100.000       5.000       95.000     MMCME2_ADV_X1Y1  pll_inst/inst/mmcm_adv_inst/CLKFBIN
Max Period  n/a     MMCME2_ADV/CLKFBOUT  n/a            213.360       5.000       208.360    MMCME2_ADV_X1Y1  pll_inst/inst/mmcm_adv_inst/CLKFBOUT



---------------------------------------------------------------------------------------------------
Path Group:  **async_default**
From Clock:  clk_out1_pll
  To Clock:  clk_out1_pll

Setup :            0  Failing Endpoints,  Worst Slack       17.775ns,  Total Violation        0.000ns
Hold  :           NA  Failing Endpoints,  Worst Slack           NA  ,  Total Violation           NA
---------------------------------------------------------------------------------------------------


Max Delay Paths
--------------------------------------------------------------------------------------
Slack (MET) :             17.775ns  (required time - arrival time)
  Source:                 rst_50m_sync_reg/C
                            (rising edge-triggered cell FDPE clocked by clk_out1_pll  {rise@0.000ns fall@10.000ns period=20.000ns})
  Destination:            twin_controller_inst/sw_reg[41]/CLR
                            (recovery check against rising-edge clock clk_out1_pll  {rise@0.000ns fall@10.000ns period=20.000ns})
  Path Group:             **async_default**
  Path Type:              Recovery (Max at Slow Process Corner)
  Requirement:            20.000ns  (clk_out1_pll rise@20.000ns - clk_out1_pll rise@0.000ns)
  Data Path Delay:        1.817ns  (logic 0.236ns (12.988%)  route 1.581ns (87.012%))
  Logic Levels:           0  
  Clock Path Skew:        -0.042ns (DCD - SCD + CPR)
    Destination Clock Delay (DCD):    -1.567ns = ( 18.433 - 20.000 ) 
    Source Clock Delay      (SCD):    -2.131ns
    Clock Pessimism Removal (CPR):    -0.607ns
  Clock Uncertainty:      0.074ns  ((TSJ^2 + DJ^2)^1/2) / 2 + PE
    Total System Jitter     (TSJ):    0.071ns
    Discrete Jitter          (DJ):    0.129ns
    Phase Error              (PE):    0.000ns

    Location             Delay type                Incr(ns)  Path(ns)    Netlist Resource(s)
  -------------------------------------------------------------------    -------------------
                         (clock clk_out1_pll rise edge)
                                                      0.000     0.000 r  
    AD12                                              0.000     0.000 r  i_sys_clk_p (IN)
                         net (fo=0)                   0.000     0.000    pll_inst/inst/clk_in1_p
    AD12                 IBUFDS (Prop_ibufds_I_O)     0.906     0.906 r  pll_inst/inst/clkin1_ibufgds/O
                         net (fo=1, routed)           1.081     1.987    pll_inst/inst/clk_in1_pll
    MMCME2_ADV_X1Y1      MMCME2_ADV (Prop_mmcme2_adv_CLKIN1_CLKOUT0)
                                                     -7.786    -5.799 r  pll_inst/inst/mmcm_adv_inst/CLKOUT0
                         net (fo=1, routed)           2.130    -3.669    pll_inst/inst/clk_out1_pll
    BUFGCTRL_X0Y1        BUFG (Prop_bufg_I_O)         0.093    -3.576 r  pll_inst/inst/clkout1_buf/O
                         net (fo=581, routed)         1.445    -2.131    w_clk_50Mhz
    SLICE_X38Y120        FDPE                                         r  rst_50m_sync_reg/C
  -------------------------------------------------------------------    -------------------
    SLICE_X38Y120        FDPE (Prop_fdpe_C_Q)         0.236    -1.895 f  rst_50m_sync_reg/Q
                         net (fo=314, routed)         1.581    -0.314    twin_controller_inst/tx_start_i_2_n_0
    SLICE_X48Y114        FDCE                                         f  twin_controller_inst/sw_reg[41]/CLR
  -------------------------------------------------------------------    -------------------

                         (clock clk_out1_pll rise edge)
                                                     20.000    20.000 r  
    AD12                                              0.000    20.000 r  i_sys_clk_p (IN)
                         net (fo=0)                   0.000    20.000    pll_inst/inst/clk_in1_p
    AD12                 IBUFDS (Prop_ibufds_I_O)     0.803    20.803 r  pll_inst/inst/clkin1_ibufgds/O
                         net (fo=1, routed)           0.986    21.789    pll_inst/inst/clk_in1_pll
    MMCME2_ADV_X1Y1      MMCME2_ADV (Prop_mmcme2_adv_CLKIN1_CLKOUT0)
                                                     -6.759    15.030 r  pll_inst/inst/mmcm_adv_inst/CLKOUT0
                         net (fo=1, routed)           2.005    17.035    pll_inst/inst/clk_out1_pll
    BUFGCTRL_X0Y1        BUFG (Prop_bufg_I_O)         0.083    17.118 r  pll_inst/inst/clkout1_buf/O
                         net (fo=581, routed)         1.315    18.433    twin_controller_inst/clk
    SLICE_X48Y114        FDCE                                         r  twin_controller_inst/sw_reg[41]/C
                         clock pessimism             -0.607    17.827    
                         clock uncertainty           -0.074    17.753    
    SLICE_X48Y114        FDCE (Recov_fdce_C_CLR)     -0.292    17.461    twin_controller_inst/sw_reg[41]
  -------------------------------------------------------------------
                         required time                         17.461    
                         arrival time                           0.314    
  -------------------------------------------------------------------
                         slack                                 17.775    

Slack (MET) :             17.855ns  (required time - arrival time)
  Source:                 rst_50m_sync_reg/C
                            (rising edge-triggered cell FDPE clocked by clk_out1_pll  {rise@0.000ns fall@10.000ns period=20.000ns})
  Destination:            twin_controller_inst/status_buffer_reg[11][7]/CLR
                            (recovery check against rising-edge clock clk_out1_pll  {rise@0.000ns fall@10.000ns period=20.000ns})
  Path Group:             **async_default**
  Path Type:              Recovery (Max at Slow Process Corner)
  Requirement:            20.000ns  (clk_out1_pll rise@20.000ns - clk_out1_pll rise@0.000ns)
  Data Path Delay:        1.736ns  (logic 0.236ns (13.594%)  route 1.500ns (86.406%))
  Logic Levels:           0  
  Clock Path Skew:        -0.043ns (DCD - SCD + CPR)
    Destination Clock Delay (DCD):    -1.568ns = ( 18.432 - 20.000 ) 
    Source Clock Delay      (SCD):    -2.131ns
    Clock Pessimism Removal (CPR):    -0.607ns
  Clock Uncertainty:      0.074ns  ((TSJ^2 + DJ^2)^1/2) / 2 + PE
    Total System Jitter     (TSJ):    0.071ns
    Discrete Jitter          (DJ):    0.129ns
    Phase Error              (PE):    0.000ns

    Location             Delay type                Incr(ns)  Path(ns)    Netlist Resource(s)
  -------------------------------------------------------------------    -------------------
                         (clock clk_out1_pll rise edge)
                                                      0.000     0.000 r  
    AD12                                              0.000     0.000 r  i_sys_clk_p (IN)
                         net (fo=0)                   0.000     0.000    pll_inst/inst/clk_in1_p
    AD12                 IBUFDS (Prop_ibufds_I_O)     0.906     0.906 r  pll_inst/inst/clkin1_ibufgds/O
                         net (fo=1, routed)           1.081     1.987    pll_inst/inst/clk_in1_pll
    MMCME2_ADV_X1Y1      MMCME2_ADV (Prop_mmcme2_adv_CLKIN1_CLKOUT0)
                                                     -7.786    -5.799 r  pll_inst/inst/mmcm_adv_inst/CLKOUT0
                         net (fo=1, routed)           2.130    -3.669    pll_inst/inst/clk_out1_pll
    BUFGCTRL_X0Y1        BUFG (Prop_bufg_I_O)         0.093    -3.576 r  pll_inst/inst/clkout1_buf/O
                         net (fo=581, routed)         1.445    -2.131    w_clk_50Mhz
    SLICE_X38Y120        FDPE                                         r  rst_50m_sync_reg/C
  -------------------------------------------------------------------    -------------------
    SLICE_X38Y120        FDPE (Prop_fdpe_C_Q)         0.236    -1.895 f  rst_50m_sync_reg/Q
                         net (fo=314, routed)         1.500    -0.395    twin_controller_inst/tx_start_i_2_n_0
    SLICE_X48Y115        FDCE                                         f  twin_controller_inst/status_buffer_reg[11][7]/CLR
  -------------------------------------------------------------------    -------------------

                         (clock clk_out1_pll rise edge)
                                                     20.000    20.000 r  
    AD12                                              0.000    20.000 r  i_sys_clk_p (IN)
                         net (fo=0)                   0.000    20.000    pll_inst/inst/clk_in1_p
    AD12                 IBUFDS (Prop_ibufds_I_O)     0.803    20.803 r  pll_inst/inst/clkin1_ibufgds/O
                         net (fo=1, routed)           0.986    21.789    pll_inst/inst/clk_in1_pll
    MMCME2_ADV_X1Y1      MMCME2_ADV (Prop_mmcme2_adv_CLKIN1_CLKOUT0)
                                                     -6.759    15.030 r  pll_inst/inst/mmcm_adv_inst/CLKOUT0
                         net (fo=1, routed)           2.005    17.035    pll_inst/inst/clk_out1_pll
    BUFGCTRL_X0Y1        BUFG (Prop_bufg_I_O)         0.083    17.118 r  pll_inst/inst/clkout1_buf/O
                         net (fo=581, routed)         1.314    18.432    twin_controller_inst/clk
    SLICE_X48Y115        FDCE                                         r  twin_controller_inst/status_buffer_reg[11][7]/C
                         clock pessimism             -0.607    17.826    
                         clock uncertainty           -0.074    17.752    
    SLICE_X48Y115        FDCE (Recov_fdce_C_CLR)     -0.292    17.460    twin_controller_inst/status_buffer_reg[11][7]
  -------------------------------------------------------------------
                         required time                         17.460    
                         arrival time                           0.395    
  -------------------------------------------------------------------
                         slack                                 17.855    

Slack (MET) :             17.855ns  (required time - arrival time)
  Source:                 rst_50m_sync_reg/C
                            (rising edge-triggered cell FDPE clocked by clk_out1_pll  {rise@0.000ns fall@10.000ns period=20.000ns})
  Destination:            twin_controller_inst/status_buffer_reg[6][7]/CLR
                            (recovery check against rising-edge clock clk_out1_pll  {rise@0.000ns fall@10.000ns period=20.000ns})
  Path Group:             **async_default**
  Path Type:              Recovery (Max at Slow Process Corner)
  Requirement:            20.000ns  (clk_out1_pll rise@20.000ns - clk_out1_pll rise@0.000ns)
  Data Path Delay:        1.736ns  (logic 0.236ns (13.594%)  route 1.500ns (86.406%))
  Logic Levels:           0  
  Clock Path Skew:        -0.043ns (DCD - SCD + CPR)
    Destination Clock Delay (DCD):    -1.568ns = ( 18.432 - 20.000 ) 
    Source Clock Delay      (SCD):    -2.131ns
    Clock Pessimism Removal (CPR):    -0.607ns
  Clock Uncertainty:      0.074ns  ((TSJ^2 + DJ^2)^1/2) / 2 + PE
    Total System Jitter     (TSJ):    0.071ns
    Discrete Jitter          (DJ):    0.129ns
    Phase Error              (PE):    0.000ns

    Location             Delay type                Incr(ns)  Path(ns)    Netlist Resource(s)
  -------------------------------------------------------------------    -------------------
                         (clock clk_out1_pll rise edge)
                                                      0.000     0.000 r  
    AD12                                              0.000     0.000 r  i_sys_clk_p (IN)
                         net (fo=0)                   0.000     0.000    pll_inst/inst/clk_in1_p
    AD12                 IBUFDS (Prop_ibufds_I_O)     0.906     0.906 r  pll_inst/inst/clkin1_ibufgds/O
                         net (fo=1, routed)           1.081     1.987    pll_inst/inst/clk_in1_pll
    MMCME2_ADV_X1Y1      MMCME2_ADV (Prop_mmcme2_adv_CLKIN1_CLKOUT0)
                                                     -7.786    -5.799 r  pll_inst/inst/mmcm_adv_inst/CLKOUT0
                         net (fo=1, routed)           2.130    -3.669    pll_inst/inst/clk_out1_pll
    BUFGCTRL_X0Y1        BUFG (Prop_bufg_I_O)         0.093    -3.576 r  pll_inst/inst/clkout1_buf/O
                         net (fo=581, routed)         1.445    -2.131    w_clk_50Mhz
    SLICE_X38Y120        FDPE                                         r  rst_50m_sync_reg/C
  -------------------------------------------------------------------    -------------------
    SLICE_X38Y120        FDPE (Prop_fdpe_C_Q)         0.236    -1.895 f  rst_50m_sync_reg/Q
                         net (fo=314, routed)         1.500    -0.395    twin_controller_inst/tx_start_i_2_n_0
    SLICE_X48Y115        FDCE                                         f  twin_controller_inst/status_buffer_reg[6][7]/CLR
  -------------------------------------------------------------------    -------------------

                         (clock clk_out1_pll rise edge)
                                                     20.000    20.000 r  
    AD12                                              0.000    20.000 r  i_sys_clk_p (IN)
                         net (fo=0)                   0.000    20.000    pll_inst/inst/clk_in1_p
    AD12                 IBUFDS (Prop_ibufds_I_O)     0.803    20.803 r  pll_inst/inst/clkin1_ibufgds/O
                         net (fo=1, routed)           0.986    21.789    pll_inst/inst/clk_in1_pll
    MMCME2_ADV_X1Y1      MMCME2_ADV (Prop_mmcme2_adv_CLKIN1_CLKOUT0)
                                                     -6.759    15.030 r  pll_inst/inst/mmcm_adv_inst/CLKOUT0
                         net (fo=1, routed)           2.005    17.035    pll_inst/inst/clk_out1_pll
    BUFGCTRL_X0Y1        BUFG (Prop_bufg_I_O)         0.083    17.118 r  pll_inst/inst/clkout1_buf/O
                         net (fo=581, routed)         1.314    18.432    twin_controller_inst/clk
    SLICE_X48Y115        FDCE                                         r  twin_controller_inst/status_buffer_reg[6][7]/C
                         clock pessimism             -0.607    17.826    
                         clock uncertainty           -0.074    17.752    
    SLICE_X48Y115        FDCE (Recov_fdce_C_CLR)     -0.292    17.460    twin_controller_inst/status_buffer_reg[6][7]
  -------------------------------------------------------------------
                         required time                         17.460    
                         arrival time                           0.395    
  -------------------------------------------------------------------
                         slack                                 17.855    

Slack (MET) :             17.856ns  (required time - arrival time)
  Source:                 rst_50m_sync_reg/C
                            (rising edge-triggered cell FDPE clocked by clk_out1_pll  {rise@0.000ns fall@10.000ns period=20.000ns})
  Destination:            twin_controller_inst/sw_reg[20]/CLR
                            (recovery check against rising-edge clock clk_out1_pll  {rise@0.000ns fall@10.000ns period=20.000ns})
  Path Group:             **async_default**
  Path Type:              Recovery (Max at Slow Process Corner)
  Requirement:            20.000ns  (clk_out1_pll rise@20.000ns - clk_out1_pll rise@0.000ns)
  Data Path Delay:        1.737ns  (logic 0.236ns (13.586%)  route 1.501ns (86.414%))
  Logic Levels:           0  
  Clock Path Skew:        -0.041ns (DCD - SCD + CPR)
    Destination Clock Delay (DCD):    -1.566ns = ( 18.434 - 20.000 ) 
    Source Clock Delay      (SCD):    -2.131ns
    Clock Pessimism Removal (CPR):    -0.607ns
  Clock Uncertainty:      0.074ns  ((TSJ^2 + DJ^2)^1/2) / 2 + PE
    Total System Jitter     (TSJ):    0.071ns
    Discrete Jitter          (DJ):    0.129ns
    Phase Error              (PE):    0.000ns

    Location             Delay type                Incr(ns)  Path(ns)    Netlist Resource(s)
  -------------------------------------------------------------------    -------------------
                         (clock clk_out1_pll rise edge)
                                                      0.000     0.000 r  
    AD12                                              0.000     0.000 r  i_sys_clk_p (IN)
                         net (fo=0)                   0.000     0.000    pll_inst/inst/clk_in1_p
    AD12                 IBUFDS (Prop_ibufds_I_O)     0.906     0.906 r  pll_inst/inst/clkin1_ibufgds/O
                         net (fo=1, routed)           1.081     1.987    pll_inst/inst/clk_in1_pll
    MMCME2_ADV_X1Y1      MMCME2_ADV (Prop_mmcme2_adv_CLKIN1_CLKOUT0)
                                                     -7.786    -5.799 r  pll_inst/inst/mmcm_adv_inst/CLKOUT0
                         net (fo=1, routed)           2.130    -3.669    pll_inst/inst/clk_out1_pll
    BUFGCTRL_X0Y1        BUFG (Prop_bufg_I_O)         0.093    -3.576 r  pll_inst/inst/clkout1_buf/O
                         net (fo=581, routed)         1.445    -2.131    w_clk_50Mhz
    SLICE_X38Y120        FDPE                                         r  rst_50m_sync_reg/C
  -------------------------------------------------------------------    -------------------
    SLICE_X38Y120        FDPE (Prop_fdpe_C_Q)         0.236    -1.895 f  rst_50m_sync_reg/Q
                         net (fo=314, routed)         1.501    -0.394    twin_controller_inst/tx_start_i_2_n_0
    SLICE_X43Y115        FDCE                                         f  twin_controller_inst/sw_reg[20]/CLR
  -------------------------------------------------------------------    -------------------

                         (clock clk_out1_pll rise edge)
                                                     20.000    20.000 r  
    AD12                                              0.000    20.000 r  i_sys_clk_p (IN)
                         net (fo=0)                   0.000    20.000    pll_inst/inst/clk_in1_p
    AD12                 IBUFDS (Prop_ibufds_I_O)     0.803    20.803 r  pll_inst/inst/clkin1_ibufgds/O
                         net (fo=1, routed)           0.986    21.789    pll_inst/inst/clk_in1_pll
    MMCME2_ADV_X1Y1      MMCME2_ADV (Prop_mmcme2_adv_CLKIN1_CLKOUT0)
                                                     -6.759    15.030 r  pll_inst/inst/mmcm_adv_inst/CLKOUT0
                         net (fo=1, routed)           2.005    17.035    pll_inst/inst/clk_out1_pll
    BUFGCTRL_X0Y1        BUFG (Prop_bufg_I_O)         0.083    17.118 r  pll_inst/inst/clkout1_buf/O
                         net (fo=581, routed)         1.316    18.434    twin_controller_inst/clk
    SLICE_X43Y115        FDCE                                         r  twin_controller_inst/sw_reg[20]/C
                         clock pessimism             -0.607    17.828    
                         clock uncertainty           -0.074    17.754    
    SLICE_X43Y115        FDCE (Recov_fdce_C_CLR)     -0.292    17.462    twin_controller_inst/sw_reg[20]
  -------------------------------------------------------------------
                         required time                         17.462    
                         arrival time                           0.394    
  -------------------------------------------------------------------
                         slack                                 17.856    

Slack (MET) :             17.856ns  (required time - arrival time)
  Source:                 rst_50m_sync_reg/C
                            (rising edge-triggered cell FDPE clocked by clk_out1_pll  {rise@0.000ns fall@10.000ns period=20.000ns})
  Destination:            twin_controller_inst/sw_reg[22]/CLR
                            (recovery check against rising-edge clock clk_out1_pll  {rise@0.000ns fall@10.000ns period=20.000ns})
  Path Group:             **async_default**
  Path Type:              Recovery (Max at Slow Process Corner)
  Requirement:            20.000ns  (clk_out1_pll rise@20.000ns - clk_out1_pll rise@0.000ns)
  Data Path Delay:        1.737ns  (logic 0.236ns (13.586%)  route 1.501ns (86.414%))
  Logic Levels:           0  
  Clock Path Skew:        -0.041ns (DCD - SCD + CPR)
    Destination Clock Delay (DCD):    -1.566ns = ( 18.434 - 20.000 ) 
    Source Clock Delay      (SCD):    -2.131ns
    Clock Pessimism Removal (CPR):    -0.607ns
  Clock Uncertainty:      0.074ns  ((TSJ^2 + DJ^2)^1/2) / 2 + PE
    Total System Jitter     (TSJ):    0.071ns
    Discrete Jitter          (DJ):    0.129ns
    Phase Error              (PE):    0.000ns

    Location             Delay type                Incr(ns)  Path(ns)    Netlist Resource(s)
  -------------------------------------------------------------------    -------------------
                         (clock clk_out1_pll rise edge)
                                                      0.000     0.000 r  
    AD12                                              0.000     0.000 r  i_sys_clk_p (IN)
                         net (fo=0)                   0.000     0.000    pll_inst/inst/clk_in1_p
    AD12                 IBUFDS (Prop_ibufds_I_O)     0.906     0.906 r  pll_inst/inst/clkin1_ibufgds/O
                         net (fo=1, routed)           1.081     1.987    pll_inst/inst/clk_in1_pll
    MMCME2_ADV_X1Y1      MMCME2_ADV (Prop_mmcme2_adv_CLKIN1_CLKOUT0)
                                                     -7.786    -5.799 r  pll_inst/inst/mmcm_adv_inst/CLKOUT0
                         net (fo=1, routed)           2.130    -3.669    pll_inst/inst/clk_out1_pll
    BUFGCTRL_X0Y1        BUFG (Prop_bufg_I_O)         0.093    -3.576 r  pll_inst/inst/clkout1_buf/O
                         net (fo=581, routed)         1.445    -2.131    w_clk_50Mhz
    SLICE_X38Y120        FDPE                                         r  rst_50m_sync_reg/C
  -------------------------------------------------------------------    -------------------
    SLICE_X38Y120        FDPE (Prop_fdpe_C_Q)         0.236    -1.895 f  rst_50m_sync_reg/Q
                         net (fo=314, routed)         1.501    -0.394    twin_controller_inst/tx_start_i_2_n_0
    SLICE_X43Y115        FDCE                                         f  twin_controller_inst/sw_reg[22]/CLR
  -------------------------------------------------------------------    -------------------

                         (clock clk_out1_pll rise edge)
                                                     20.000    20.000 r  
    AD12                                              0.000    20.000 r  i_sys_clk_p (IN)
                         net (fo=0)                   0.000    20.000    pll_inst/inst/clk_in1_p
    AD12                 IBUFDS (Prop_ibufds_I_O)     0.803    20.803 r  pll_inst/inst/clkin1_ibufgds/O
                         net (fo=1, routed)           0.986    21.789    pll_inst/inst/clk_in1_pll
    MMCME2_ADV_X1Y1      MMCME2_ADV (Prop_mmcme2_adv_CLKIN1_CLKOUT0)
                                                     -6.759    15.030 r  pll_inst/inst/mmcm_adv_inst/CLKOUT0
                         net (fo=1, routed)           2.005    17.035    pll_inst/inst/clk_out1_pll
    BUFGCTRL_X0Y1        BUFG (Prop_bufg_I_O)         0.083    17.118 r  pll_inst/inst/clkout1_buf/O
                         net (fo=581, routed)         1.316    18.434    twin_controller_inst/clk
    SLICE_X43Y115        FDCE                                         r  twin_controller_inst/sw_reg[22]/C
                         clock pessimism             -0.607    17.828    
                         clock uncertainty           -0.074    17.754    
    SLICE_X43Y115        FDCE (Recov_fdce_C_CLR)     -0.292    17.462    twin_controller_inst/sw_reg[22]
  -------------------------------------------------------------------
                         required time                         17.462    
                         arrival time                           0.394    
  -------------------------------------------------------------------
                         slack                                 17.856    

Slack (MET) :             17.856ns  (required time - arrival time)
  Source:                 rst_50m_sync_reg/C
                            (rising edge-triggered cell FDPE clocked by clk_out1_pll  {rise@0.000ns fall@10.000ns period=20.000ns})
  Destination:            twin_controller_inst/sw_reg[52]/CLR
                            (recovery check against rising-edge clock clk_out1_pll  {rise@0.000ns fall@10.000ns period=20.000ns})
  Path Group:             **async_default**
  Path Type:              Recovery (Max at Slow Process Corner)
  Requirement:            20.000ns  (clk_out1_pll rise@20.000ns - clk_out1_pll rise@0.000ns)
  Data Path Delay:        1.737ns  (logic 0.236ns (13.586%)  route 1.501ns (86.414%))
  Logic Levels:           0  
  Clock Path Skew:        -0.041ns (DCD - SCD + CPR)
    Destination Clock Delay (DCD):    -1.566ns = ( 18.434 - 20.000 ) 
    Source Clock Delay      (SCD):    -2.131ns
    Clock Pessimism Removal (CPR):    -0.607ns
  Clock Uncertainty:      0.074ns  ((TSJ^2 + DJ^2)^1/2) / 2 + PE
    Total System Jitter     (TSJ):    0.071ns
    Discrete Jitter          (DJ):    0.129ns
    Phase Error              (PE):    0.000ns

    Location             Delay type                Incr(ns)  Path(ns)    Netlist Resource(s)
  -------------------------------------------------------------------    -------------------
                         (clock clk_out1_pll rise edge)
                                                      0.000     0.000 r  
    AD12                                              0.000     0.000 r  i_sys_clk_p (IN)
                         net (fo=0)                   0.000     0.000    pll_inst/inst/clk_in1_p
    AD12                 IBUFDS (Prop_ibufds_I_O)     0.906     0.906 r  pll_inst/inst/clkin1_ibufgds/O
                         net (fo=1, routed)           1.081     1.987    pll_inst/inst/clk_in1_pll
    MMCME2_ADV_X1Y1      MMCME2_ADV (Prop_mmcme2_adv_CLKIN1_CLKOUT0)
                                                     -7.786    -5.799 r  pll_inst/inst/mmcm_adv_inst/CLKOUT0
                         net (fo=1, routed)           2.130    -3.669    pll_inst/inst/clk_out1_pll
    BUFGCTRL_X0Y1        BUFG (Prop_bufg_I_O)         0.093    -3.576 r  pll_inst/inst/clkout1_buf/O
                         net (fo=581, routed)         1.445    -2.131    w_clk_50Mhz
    SLICE_X38Y120        FDPE                                         r  rst_50m_sync_reg/C
  -------------------------------------------------------------------    -------------------
    SLICE_X38Y120        FDPE (Prop_fdpe_C_Q)         0.236    -1.895 f  rst_50m_sync_reg/Q
                         net (fo=314, routed)         1.501    -0.394    twin_controller_inst/tx_start_i_2_n_0
    SLICE_X43Y115        FDCE                                         f  twin_controller_inst/sw_reg[52]/CLR
  -------------------------------------------------------------------    -------------------

                         (clock clk_out1_pll rise edge)
                                                     20.000    20.000 r  
    AD12                                              0.000    20.000 r  i_sys_clk_p (IN)
                         net (fo=0)                   0.000    20.000    pll_inst/inst/clk_in1_p
    AD12                 IBUFDS (Prop_ibufds_I_O)     0.803    20.803 r  pll_inst/inst/clkin1_ibufgds/O
                         net (fo=1, routed)           0.986    21.789    pll_inst/inst/clk_in1_pll
    MMCME2_ADV_X1Y1      MMCME2_ADV (Prop_mmcme2_adv_CLKIN1_CLKOUT0)
                                                     -6.759    15.030 r  pll_inst/inst/mmcm_adv_inst/CLKOUT0
                         net (fo=1, routed)           2.005    17.035    pll_inst/inst/clk_out1_pll
    BUFGCTRL_X0Y1        BUFG (Prop_bufg_I_O)         0.083    17.118 r  pll_inst/inst/clkout1_buf/O
                         net (fo=581, routed)         1.316    18.434    twin_controller_inst/clk
    SLICE_X43Y115        FDCE                                         r  twin_controller_inst/sw_reg[52]/C
                         clock pessimism             -0.607    17.828    
                         clock uncertainty           -0.074    17.754    
    SLICE_X43Y115        FDCE (Recov_fdce_C_CLR)     -0.292    17.462    twin_controller_inst/sw_reg[52]
  -------------------------------------------------------------------
                         required time                         17.462    
                         arrival time                           0.394    
  -------------------------------------------------------------------
                         slack                                 17.856    

Slack (MET) :             17.856ns  (required time - arrival time)
  Source:                 rst_50m_sync_reg/C
                            (rising edge-triggered cell FDPE clocked by clk_out1_pll  {rise@0.000ns fall@10.000ns period=20.000ns})
  Destination:            twin_controller_inst/sw_reg[56]/CLR
                            (recovery check against rising-edge clock clk_out1_pll  {rise@0.000ns fall@10.000ns period=20.000ns})
  Path Group:             **async_default**
  Path Type:              Recovery (Max at Slow Process Corner)
  Requirement:            20.000ns  (clk_out1_pll rise@20.000ns - clk_out1_pll rise@0.000ns)
  Data Path Delay:        1.737ns  (logic 0.236ns (13.586%)  route 1.501ns (86.414%))
  Logic Levels:           0  
  Clock Path Skew:        -0.041ns (DCD - SCD + CPR)
    Destination Clock Delay (DCD):    -1.566ns = ( 18.434 - 20.000 ) 
    Source Clock Delay      (SCD):    -2.131ns
    Clock Pessimism Removal (CPR):    -0.607ns
  Clock Uncertainty:      0.074ns  ((TSJ^2 + DJ^2)^1/2) / 2 + PE
    Total System Jitter     (TSJ):    0.071ns
    Discrete Jitter          (DJ):    0.129ns
    Phase Error              (PE):    0.000ns

    Location             Delay type                Incr(ns)  Path(ns)    Netlist Resource(s)
  -------------------------------------------------------------------    -------------------
                         (clock clk_out1_pll rise edge)
                                                      0.000     0.000 r  
    AD12                                              0.000     0.000 r  i_sys_clk_p (IN)
                         net (fo=0)                   0.000     0.000    pll_inst/inst/clk_in1_p
    AD12                 IBUFDS (Prop_ibufds_I_O)     0.906     0.906 r  pll_inst/inst/clkin1_ibufgds/O
                         net (fo=1, routed)           1.081     1.987    pll_inst/inst/clk_in1_pll
    MMCME2_ADV_X1Y1      MMCME2_ADV (Prop_mmcme2_adv_CLKIN1_CLKOUT0)
                                                     -7.786    -5.799 r  pll_inst/inst/mmcm_adv_inst/CLKOUT0
                         net (fo=1, routed)           2.130    -3.669    pll_inst/inst/clk_out1_pll
    BUFGCTRL_X0Y1        BUFG (Prop_bufg_I_O)         0.093    -3.576 r  pll_inst/inst/clkout1_buf/O
                         net (fo=581, routed)         1.445    -2.131    w_clk_50Mhz
    SLICE_X38Y120        FDPE                                         r  rst_50m_sync_reg/C
  -------------------------------------------------------------------    -------------------
    SLICE_X38Y120        FDPE (Prop_fdpe_C_Q)         0.236    -1.895 f  rst_50m_sync_reg/Q
                         net (fo=314, routed)         1.501    -0.394    twin_controller_inst/tx_start_i_2_n_0
    SLICE_X43Y115        FDCE                                         f  twin_controller_inst/sw_reg[56]/CLR
  -------------------------------------------------------------------    -------------------

                         (clock clk_out1_pll rise edge)
                                                     20.000    20.000 r  
    AD12                                              0.000    20.000 r  i_sys_clk_p (IN)
                         net (fo=0)                   0.000    20.000    pll_inst/inst/clk_in1_p
    AD12                 IBUFDS (Prop_ibufds_I_O)     0.803    20.803 r  pll_inst/inst/clkin1_ibufgds/O
                         net (fo=1, routed)           0.986    21.789    pll_inst/inst/clk_in1_pll
    MMCME2_ADV_X1Y1      MMCME2_ADV (Prop_mmcme2_adv_CLKIN1_CLKOUT0)
                                                     -6.759    15.030 r  pll_inst/inst/mmcm_adv_inst/CLKOUT0
                         net (fo=1, routed)           2.005    17.035    pll_inst/inst/clk_out1_pll
    BUFGCTRL_X0Y1        BUFG (Prop_bufg_I_O)         0.083    17.118 r  pll_inst/inst/clkout1_buf/O
                         net (fo=581, routed)         1.316    18.434    twin_controller_inst/clk
    SLICE_X43Y115        FDCE                                         r  twin_controller_inst/sw_reg[56]/C
                         clock pessimism             -0.607    17.828    
                         clock uncertainty           -0.074    17.754    
    SLICE_X43Y115        FDCE (Recov_fdce_C_CLR)     -0.292    17.462    twin_controller_inst/sw_reg[56]
  -------------------------------------------------------------------
                         required time                         17.462    
                         arrival time                           0.394    
  -------------------------------------------------------------------
                         slack                                 17.856    

Slack (MET) :             17.914ns  (required time - arrival time)
  Source:                 rst_50m_sync_reg/C
                            (rising edge-triggered cell FDPE clocked by clk_out1_pll  {rise@0.000ns fall@10.000ns period=20.000ns})
  Destination:            twin_controller_inst/status_buffer_reg[12][4]/CLR
                            (recovery check against rising-edge clock clk_out1_pll  {rise@0.000ns fall@10.000ns period=20.000ns})
  Path Group:             **async_default**
  Path Type:              Recovery (Max at Slow Process Corner)
  Requirement:            20.000ns  (clk_out1_pll rise@20.000ns - clk_out1_pll rise@0.000ns)
  Data Path Delay:        1.737ns  (logic 0.236ns (13.586%)  route 1.501ns (86.414%))
  Logic Levels:           0  
  Clock Path Skew:        -0.041ns (DCD - SCD + CPR)
    Destination Clock Delay (DCD):    -1.566ns = ( 18.434 - 20.000 ) 
    Source Clock Delay      (SCD):    -2.131ns
    Clock Pessimism Removal (CPR):    -0.607ns
  Clock Uncertainty:      0.074ns  ((TSJ^2 + DJ^2)^1/2) / 2 + PE
    Total System Jitter     (TSJ):    0.071ns
    Discrete Jitter          (DJ):    0.129ns
    Phase Error              (PE):    0.000ns

    Location             Delay type                Incr(ns)  Path(ns)    Netlist Resource(s)
  -------------------------------------------------------------------    -------------------
                         (clock clk_out1_pll rise edge)
                                                      0.000     0.000 r  
    AD12                                              0.000     0.000 r  i_sys_clk_p (IN)
                         net (fo=0)                   0.000     0.000    pll_inst/inst/clk_in1_p
    AD12                 IBUFDS (Prop_ibufds_I_O)     0.906     0.906 r  pll_inst/inst/clkin1_ibufgds/O
                         net (fo=1, routed)           1.081     1.987    pll_inst/inst/clk_in1_pll
    MMCME2_ADV_X1Y1      MMCME2_ADV (Prop_mmcme2_adv_CLKIN1_CLKOUT0)
                                                     -7.786    -5.799 r  pll_inst/inst/mmcm_adv_inst/CLKOUT0
                         net (fo=1, routed)           2.130    -3.669    pll_inst/inst/clk_out1_pll
    BUFGCTRL_X0Y1        BUFG (Prop_bufg_I_O)         0.093    -3.576 r  pll_inst/inst/clkout1_buf/O
                         net (fo=581, routed)         1.445    -2.131    w_clk_50Mhz
    SLICE_X38Y120        FDPE                                         r  rst_50m_sync_reg/C
  -------------------------------------------------------------------    -------------------
    SLICE_X38Y120        FDPE (Prop_fdpe_C_Q)         0.236    -1.895 f  rst_50m_sync_reg/Q
                         net (fo=314, routed)         1.501    -0.394    twin_controller_inst/tx_start_i_2_n_0
    SLICE_X42Y115        FDCE                                         f  twin_controller_inst/status_buffer_reg[12][4]/CLR
  -------------------------------------------------------------------    -------------------

                         (clock clk_out1_pll rise edge)
                                                     20.000    20.000 r  
    AD12                                              0.000    20.000 r  i_sys_clk_p (IN)
                         net (fo=0)                   0.000    20.000    pll_inst/inst/clk_in1_p
    AD12                 IBUFDS (Prop_ibufds_I_O)     0.803    20.803 r  pll_inst/inst/clkin1_ibufgds/O
                         net (fo=1, routed)           0.986    21.789    pll_inst/inst/clk_in1_pll
    MMCME2_ADV_X1Y1      MMCME2_ADV (Prop_mmcme2_adv_CLKIN1_CLKOUT0)
                                                     -6.759    15.030 r  pll_inst/inst/mmcm_adv_inst/CLKOUT0
                         net (fo=1, routed)           2.005    17.035    pll_inst/inst/clk_out1_pll
    BUFGCTRL_X0Y1        BUFG (Prop_bufg_I_O)         0.083    17.118 r  pll_inst/inst/clkout1_buf/O
                         net (fo=581, routed)         1.316    18.434    twin_controller_inst/clk
    SLICE_X42Y115        FDCE                                         r  twin_controller_inst/status_buffer_reg[12][4]/C
                         clock pessimism             -0.607    17.828    
                         clock uncertainty           -0.074    17.754    
    SLICE_X42Y115        FDCE (Recov_fdce_C_CLR)     -0.234    17.520    twin_controller_inst/status_buffer_reg[12][4]
  -------------------------------------------------------------------
                         required time                         17.520    
                         arrival time                           0.394    
  -------------------------------------------------------------------
                         slack                                 17.914    

Slack (MET) :             17.944ns  (required time - arrival time)
  Source:                 rst_50m_sync_reg/C
                            (rising edge-triggered cell FDPE clocked by clk_out1_pll  {rise@0.000ns fall@10.000ns period=20.000ns})
  Destination:            twin_controller_inst/status_buffer_reg[0][7]/CLR
                            (recovery check against rising-edge clock clk_out1_pll  {rise@0.000ns fall@10.000ns period=20.000ns})
  Path Group:             **async_default**
  Path Type:              Recovery (Max at Slow Process Corner)
  Requirement:            20.000ns  (clk_out1_pll rise@20.000ns - clk_out1_pll rise@0.000ns)
  Data Path Delay:        1.648ns  (logic 0.236ns (14.319%)  route 1.412ns (85.681%))
  Logic Levels:           0  
  Clock Path Skew:        -0.042ns (DCD - SCD + CPR)
    Destination Clock Delay (DCD):    -1.567ns = ( 18.433 - 20.000 ) 
    Source Clock Delay      (SCD):    -2.131ns
    Clock Pessimism Removal (CPR):    -0.607ns
  Clock Uncertainty:      0.074ns  ((TSJ^2 + DJ^2)^1/2) / 2 + PE
    Total System Jitter     (TSJ):    0.071ns
    Discrete Jitter          (DJ):    0.129ns
    Phase Error              (PE):    0.000ns

    Location             Delay type                Incr(ns)  Path(ns)    Netlist Resource(s)
  -------------------------------------------------------------------    -------------------
                         (clock clk_out1_pll rise edge)
                                                      0.000     0.000 r  
    AD12                                              0.000     0.000 r  i_sys_clk_p (IN)
                         net (fo=0)                   0.000     0.000    pll_inst/inst/clk_in1_p
    AD12                 IBUFDS (Prop_ibufds_I_O)     0.906     0.906 r  pll_inst/inst/clkin1_ibufgds/O
                         net (fo=1, routed)           1.081     1.987    pll_inst/inst/clk_in1_pll
    MMCME2_ADV_X1Y1      MMCME2_ADV (Prop_mmcme2_adv_CLKIN1_CLKOUT0)
                                                     -7.786    -5.799 r  pll_inst/inst/mmcm_adv_inst/CLKOUT0
                         net (fo=1, routed)           2.130    -3.669    pll_inst/inst/clk_out1_pll
    BUFGCTRL_X0Y1        BUFG (Prop_bufg_I_O)         0.093    -3.576 r  pll_inst/inst/clkout1_buf/O
                         net (fo=581, routed)         1.445    -2.131    w_clk_50Mhz
    SLICE_X38Y120        FDPE                                         r  rst_50m_sync_reg/C
  -------------------------------------------------------------------    -------------------
    SLICE_X38Y120        FDPE (Prop_fdpe_C_Q)         0.236    -1.895 f  rst_50m_sync_reg/Q
                         net (fo=314, routed)         1.412    -0.483    twin_controller_inst/tx_start_i_2_n_0
    SLICE_X44Y116        FDCE                                         f  twin_controller_inst/status_buffer_reg[0][7]/CLR
  -------------------------------------------------------------------    -------------------

                         (clock clk_out1_pll rise edge)
                                                     20.000    20.000 r  
    AD12                                              0.000    20.000 r  i_sys_clk_p (IN)
                         net (fo=0)                   0.000    20.000    pll_inst/inst/clk_in1_p
    AD12                 IBUFDS (Prop_ibufds_I_O)     0.803    20.803 r  pll_inst/inst/clkin1_ibufgds/O
                         net (fo=1, routed)           0.986    21.789    pll_inst/inst/clk_in1_pll
    MMCME2_ADV_X1Y1      MMCME2_ADV (Prop_mmcme2_adv_CLKIN1_CLKOUT0)
                                                     -6.759    15.030 r  pll_inst/inst/mmcm_adv_inst/CLKOUT0
                         net (fo=1, routed)           2.005    17.035    pll_inst/inst/clk_out1_pll
    BUFGCTRL_X0Y1        BUFG (Prop_bufg_I_O)         0.083    17.118 r  pll_inst/inst/clkout1_buf/O
                         net (fo=581, routed)         1.315    18.433    twin_controller_inst/clk
    SLICE_X44Y116        FDCE                                         r  twin_controller_inst/status_buffer_reg[0][7]/C
                         clock pessimism             -0.607    17.827    
                         clock uncertainty           -0.074    17.753    
    SLICE_X44Y116        FDCE (Recov_fdce_C_CLR)     -0.292    17.461    twin_controller_inst/status_buffer_reg[0][7]
  -------------------------------------------------------------------
                         required time                         17.461    
                         arrival time                           0.483    
  -------------------------------------------------------------------
                         slack                                 17.944    

Slack (MET) :             17.944ns  (required time - arrival time)
  Source:                 rst_50m_sync_reg/C
                            (rising edge-triggered cell FDPE clocked by clk_out1_pll  {rise@0.000ns fall@10.000ns period=20.000ns})
  Destination:            twin_controller_inst/status_buffer_reg[10][3]/CLR
                            (recovery check against rising-edge clock clk_out1_pll  {rise@0.000ns fall@10.000ns period=20.000ns})
  Path Group:             **async_default**
  Path Type:              Recovery (Max at Slow Process Corner)
  Requirement:            20.000ns  (clk_out1_pll rise@20.000ns - clk_out1_pll rise@0.000ns)
  Data Path Delay:        1.648ns  (logic 0.236ns (14.319%)  route 1.412ns (85.681%))
  Logic Levels:           0  
  Clock Path Skew:        -0.042ns (DCD - SCD + CPR)
    Destination Clock Delay (DCD):    -1.567ns = ( 18.433 - 20.000 ) 
    Source Clock Delay      (SCD):    -2.131ns
    Clock Pessimism Removal (CPR):    -0.607ns
  Clock Uncertainty:      0.074ns  ((TSJ^2 + DJ^2)^1/2) / 2 + PE
    Total System Jitter     (TSJ):    0.071ns
    Discrete Jitter          (DJ):    0.129ns
    Phase Error              (PE):    0.000ns

    Location             Delay type                Incr(ns)  Path(ns)    Netlist Resource(s)
  -------------------------------------------------------------------    -------------------
                         (clock clk_out1_pll rise edge)
                                                      0.000     0.000 r  
    AD12                                              0.000     0.000 r  i_sys_clk_p (IN)
                         net (fo=0)                   0.000     0.000    pll_inst/inst/clk_in1_p
    AD12                 IBUFDS (Prop_ibufds_I_O)     0.906     0.906 r  pll_inst/inst/clkin1_ibufgds/O
                         net (fo=1, routed)           1.081     1.987    pll_inst/inst/clk_in1_pll
    MMCME2_ADV_X1Y1      MMCME2_ADV (Prop_mmcme2_adv_CLKIN1_CLKOUT0)
                                                     -7.786    -5.799 r  pll_inst/inst/mmcm_adv_inst/CLKOUT0
                         net (fo=1, routed)           2.130    -3.669    pll_inst/inst/clk_out1_pll
    BUFGCTRL_X0Y1        BUFG (Prop_bufg_I_O)         0.093    -3.576 r  pll_inst/inst/clkout1_buf/O
                         net (fo=581, routed)         1.445    -2.131    w_clk_50Mhz
    SLICE_X38Y120        FDPE                                         r  rst_50m_sync_reg/C
  -------------------------------------------------------------------    -------------------
    SLICE_X38Y120        FDPE (Prop_fdpe_C_Q)         0.236    -1.895 f  rst_50m_sync_reg/Q
                         net (fo=314, routed)         1.412    -0.483    twin_controller_inst/tx_start_i_2_n_0
    SLICE_X44Y116        FDCE                                         f  twin_controller_inst/status_buffer_reg[10][3]/CLR
  -------------------------------------------------------------------    -------------------

                         (clock clk_out1_pll rise edge)
                                                     20.000    20.000 r  
    AD12                                              0.000    20.000 r  i_sys_clk_p (IN)
                         net (fo=0)                   0.000    20.000    pll_inst/inst/clk_in1_p
    AD12                 IBUFDS (Prop_ibufds_I_O)     0.803    20.803 r  pll_inst/inst/clkin1_ibufgds/O
                         net (fo=1, routed)           0.986    21.789    pll_inst/inst/clk_in1_pll
    MMCME2_ADV_X1Y1      MMCME2_ADV (Prop_mmcme2_adv_CLKIN1_CLKOUT0)
                                                     -6.759    15.030 r  pll_inst/inst/mmcm_adv_inst/CLKOUT0
                         net (fo=1, routed)           2.005    17.035    pll_inst/inst/clk_out1_pll
    BUFGCTRL_X0Y1        BUFG (Prop_bufg_I_O)         0.083    17.118 r  pll_inst/inst/clkout1_buf/O
                         net (fo=581, routed)         1.315    18.433    twin_controller_inst/clk
    SLICE_X44Y116        FDCE                                         r  twin_controller_inst/status_buffer_reg[10][3]/C
                         clock pessimism             -0.607    17.827    
                         clock uncertainty           -0.074    17.753    
    SLICE_X44Y116        FDCE (Recov_fdce_C_CLR)     -0.292    17.461    twin_controller_inst/status_buffer_reg[10][3]
  -------------------------------------------------------------------
                         required time                         17.461    
                         arrival time                           0.483    
  -------------------------------------------------------------------
                         slack                                 17.944    

Slack (MET) :             17.944ns  (required time - arrival time)
  Source:                 rst_50m_sync_reg/C
                            (rising edge-triggered cell FDPE clocked by clk_out1_pll  {rise@0.000ns fall@10.000ns period=20.000ns})
  Destination:            twin_controller_inst/status_buffer_reg[14][7]/CLR
                            (recovery check against rising-edge clock clk_out1_pll  {rise@0.000ns fall@10.000ns period=20.000ns})
  Path Group:             **async_default**
  Path Type:              Recovery (Max at Slow Process Corner)
  Requirement:            20.000ns  (clk_out1_pll rise@20.000ns - clk_out1_pll rise@0.000ns)
  Data Path Delay:        1.648ns  (logic 0.236ns (14.319%)  route 1.412ns (85.681%))
  Logic Levels:           0  
  Clock Path Skew:        -0.042ns (DCD - SCD + CPR)
    Destination Clock Delay (DCD):    -1.567ns = ( 18.433 - 20.000 ) 
    Source Clock Delay      (SCD):    -2.131ns
    Clock Pessimism Removal (CPR):    -0.607ns
  Clock Uncertainty:      0.074ns  ((TSJ^2 + DJ^2)^1/2) / 2 + PE
    Total System Jitter     (TSJ):    0.071ns
    Discrete Jitter          (DJ):    0.129ns
    Phase Error              (PE):    0.000ns

    Location             Delay type                Incr(ns)  Path(ns)    Netlist Resource(s)
  -------------------------------------------------------------------    -------------------
                         (clock clk_out1_pll rise edge)
                                                      0.000     0.000 r  
    AD12                                              0.000     0.000 r  i_sys_clk_p (IN)
                         net (fo=0)                   0.000     0.000    pll_inst/inst/clk_in1_p
    AD12                 IBUFDS (Prop_ibufds_I_O)     0.906     0.906 r  pll_inst/inst/clkin1_ibufgds/O
                         net (fo=1, routed)           1.081     1.987    pll_inst/inst/clk_in1_pll
    MMCME2_ADV_X1Y1      MMCME2_ADV (Prop_mmcme2_adv_CLKIN1_CLKOUT0)
                                                     -7.786    -5.799 r  pll_inst/inst/mmcm_adv_inst/CLKOUT0
                         net (fo=1, routed)           2.130    -3.669    pll_inst/inst/clk_out1_pll
    BUFGCTRL_X0Y1        BUFG (Prop_bufg_I_O)         0.093    -3.576 r  pll_inst/inst/clkout1_buf/O
                         net (fo=581, routed)         1.445    -2.131    w_clk_50Mhz
    SLICE_X38Y120        FDPE                                         r  rst_50m_sync_reg/C
  -------------------------------------------------------------------    -------------------
    SLICE_X38Y120        FDPE (Prop_fdpe_C_Q)         0.236    -1.895 f  rst_50m_sync_reg/Q
                         net (fo=314, routed)         1.412    -0.483    twin_controller_inst/tx_start_i_2_n_0
    SLICE_X44Y116        FDCE                                         f  twin_controller_inst/status_buffer_reg[14][7]/CLR
  -------------------------------------------------------------------    -------------------

                         (clock clk_out1_pll rise edge)
                                                     20.000    20.000 r  
    AD12                                              0.000    20.000 r  i_sys_clk_p (IN)
                         net (fo=0)                   0.000    20.000    pll_inst/inst/clk_in1_p
    AD12                 IBUFDS (Prop_ibufds_I_O)     0.803    20.803 r  pll_inst/inst/clkin1_ibufgds/O
                         net (fo=1, routed)           0.986    21.789    pll_inst/inst/clk_in1_pll
    MMCME2_ADV_X1Y1      MMCME2_ADV (Prop_mmcme2_adv_CLKIN1_CLKOUT0)
                                                     -6.759    15.030 r  pll_inst/inst/mmcm_adv_inst/CLKOUT0
                         net (fo=1, routed)           2.005    17.035    pll_inst/inst/clk_out1_pll
    BUFGCTRL_X0Y1        BUFG (Prop_bufg_I_O)         0.083    17.118 r  pll_inst/inst/clkout1_buf/O
                         net (fo=581, routed)         1.315    18.433    twin_controller_inst/clk
    SLICE_X44Y116        FDCE                                         r  twin_controller_inst/status_buffer_reg[14][7]/C
                         clock pessimism             -0.607    17.827    
                         clock uncertainty           -0.074    17.753    
    SLICE_X44Y116        FDCE (Recov_fdce_C_CLR)     -0.292    17.461    twin_controller_inst/status_buffer_reg[14][7]
  -------------------------------------------------------------------
                         required time                         17.461    
                         arrival time                           0.483    
  -------------------------------------------------------------------
                         slack                                 17.944    

Slack (MET) :             17.944ns  (required time - arrival time)
  Source:                 rst_50m_sync_reg/C
                            (rising edge-triggered cell FDPE clocked by clk_out1_pll  {rise@0.000ns fall@10.000ns period=20.000ns})
  Destination:            twin_controller_inst/status_buffer_reg[4][7]/CLR
                            (recovery check against rising-edge clock clk_out1_pll  {rise@0.000ns fall@10.000ns period=20.000ns})
  Path Group:             **async_default**
  Path Type:              Recovery (Max at Slow Process Corner)
  Requirement:            20.000ns  (clk_out1_pll rise@20.000ns - clk_out1_pll rise@0.000ns)
  Data Path Delay:        1.648ns  (logic 0.236ns (14.319%)  route 1.412ns (85.681%))
  Logic Levels:           0  
  Clock Path Skew:        -0.042ns (DCD - SCD + CPR)
    Destination Clock Delay (DCD):    -1.567ns = ( 18.433 - 20.000 ) 
    Source Clock Delay      (SCD):    -2.131ns
    Clock Pessimism Removal (CPR):    -0.607ns
  Clock Uncertainty:      0.074ns  ((TSJ^2 + DJ^2)^1/2) / 2 + PE
    Total System Jitter     (TSJ):    0.071ns
    Discrete Jitter          (DJ):    0.129ns
    Phase Error              (PE):    0.000ns

    Location             Delay type                Incr(ns)  Path(ns)    Netlist Resource(s)
  -------------------------------------------------------------------    -------------------
                         (clock clk_out1_pll rise edge)
                                                      0.000     0.000 r  
    AD12                                              0.000     0.000 r  i_sys_clk_p (IN)
                         net (fo=0)                   0.000     0.000    pll_inst/inst/clk_in1_p
    AD12                 IBUFDS (Prop_ibufds_I_O)     0.906     0.906 r  pll_inst/inst/clkin1_ibufgds/O
                         net (fo=1, routed)           1.081     1.987    pll_inst/inst/clk_in1_pll
    MMCME2_ADV_X1Y1      MMCME2_ADV (Prop_mmcme2_adv_CLKIN1_CLKOUT0)
                                                     -7.786    -5.799 r  pll_inst/inst/mmcm_adv_inst/CLKOUT0
                         net (fo=1, routed)           2.130    -3.669    pll_inst/inst/clk_out1_pll
    BUFGCTRL_X0Y1        BUFG (Prop_bufg_I_O)         0.093    -3.576 r  pll_inst/inst/clkout1_buf/O
                         net (fo=581, routed)         1.445    -2.131    w_clk_50Mhz
    SLICE_X38Y120        FDPE                                         r  rst_50m_sync_reg/C
  -------------------------------------------------------------------    -------------------
    SLICE_X38Y120        FDPE (Prop_fdpe_C_Q)         0.236    -1.895 f  rst_50m_sync_reg/Q
                         net (fo=314, routed)         1.412    -0.483    twin_controller_inst/tx_start_i_2_n_0
    SLICE_X44Y116        FDCE                                         f  twin_controller_inst/status_buffer_reg[4][7]/CLR
  -------------------------------------------------------------------    -------------------

                         (clock clk_out1_pll rise edge)
                                                     20.000    20.000 r  
    AD12                                              0.000    20.000 r  i_sys_clk_p (IN)
                         net (fo=0)                   0.000    20.000    pll_inst/inst/clk_in1_p
    AD12                 IBUFDS (Prop_ibufds_I_O)     0.803    20.803 r  pll_inst/inst/clkin1_ibufgds/O
                         net (fo=1, routed)           0.986    21.789    pll_inst/inst/clk_in1_pll
    MMCME2_ADV_X1Y1      MMCME2_ADV (Prop_mmcme2_adv_CLKIN1_CLKOUT0)
                                                     -6.759    15.030 r  pll_inst/inst/mmcm_adv_inst/CLKOUT0
                         net (fo=1, routed)           2.005    17.035    pll_inst/inst/clk_out1_pll
    BUFGCTRL_X0Y1        BUFG (Prop_bufg_I_O)         0.083    17.118 r  pll_inst/inst/clkout1_buf/O
                         net (fo=581, routed)         1.315    18.433    twin_controller_inst/clk
    SLICE_X44Y116        FDCE                                         r  twin_controller_inst/status_buffer_reg[4][7]/C
                         clock pessimism             -0.607    17.827    
                         clock uncertainty           -0.074    17.753    
    SLICE_X44Y116        FDCE (Recov_fdce_C_CLR)     -0.292    17.461    twin_controller_inst/status_buffer_reg[4][7]
  -------------------------------------------------------------------
                         required time                         17.461    
                         arrival time                           0.483    
  -------------------------------------------------------------------
                         slack                                 17.944    

Slack (MET) :             17.944ns  (required time - arrival time)
  Source:                 rst_50m_sync_reg/C
                            (rising edge-triggered cell FDPE clocked by clk_out1_pll  {rise@0.000ns fall@10.000ns period=20.000ns})
  Destination:            twin_controller_inst/status_buffer_reg[5][1]/CLR
                            (recovery check against rising-edge clock clk_out1_pll  {rise@0.000ns fall@10.000ns period=20.000ns})
  Path Group:             **async_default**
  Path Type:              Recovery (Max at Slow Process Corner)
  Requirement:            20.000ns  (clk_out1_pll rise@20.000ns - clk_out1_pll rise@0.000ns)
  Data Path Delay:        1.648ns  (logic 0.236ns (14.319%)  route 1.412ns (85.681%))
  Logic Levels:           0  
  Clock Path Skew:        -0.042ns (DCD - SCD + CPR)
    Destination Clock Delay (DCD):    -1.567ns = ( 18.433 - 20.000 ) 
    Source Clock Delay      (SCD):    -2.131ns
    Clock Pessimism Removal (CPR):    -0.607ns
  Clock Uncertainty:      0.074ns  ((TSJ^2 + DJ^2)^1/2) / 2 + PE
    Total System Jitter     (TSJ):    0.071ns
    Discrete Jitter          (DJ):    0.129ns
    Phase Error              (PE):    0.000ns

    Location             Delay type                Incr(ns)  Path(ns)    Netlist Resource(s)
  -------------------------------------------------------------------    -------------------
                         (clock clk_out1_pll rise edge)
                                                      0.000     0.000 r  
    AD12                                              0.000     0.000 r  i_sys_clk_p (IN)
                         net (fo=0)                   0.000     0.000    pll_inst/inst/clk_in1_p
    AD12                 IBUFDS (Prop_ibufds_I_O)     0.906     0.906 r  pll_inst/inst/clkin1_ibufgds/O
                         net (fo=1, routed)           1.081     1.987    pll_inst/inst/clk_in1_pll
    MMCME2_ADV_X1Y1      MMCME2_ADV (Prop_mmcme2_adv_CLKIN1_CLKOUT0)
                                                     -7.786    -5.799 r  pll_inst/inst/mmcm_adv_inst/CLKOUT0
                         net (fo=1, routed)           2.130    -3.669    pll_inst/inst/clk_out1_pll
    BUFGCTRL_X0Y1        BUFG (Prop_bufg_I_O)         0.093    -3.576 r  pll_inst/inst/clkout1_buf/O
                         net (fo=581, routed)         1.445    -2.131    w_clk_50Mhz
    SLICE_X38Y120        FDPE                                         r  rst_50m_sync_reg/C
  -------------------------------------------------------------------    -------------------
    SLICE_X38Y120        FDPE (Prop_fdpe_C_Q)         0.236    -1.895 f  rst_50m_sync_reg/Q
                         net (fo=314, routed)         1.412    -0.483    twin_controller_inst/tx_start_i_2_n_0
    SLICE_X44Y116        FDCE                                         f  twin_controller_inst/status_buffer_reg[5][1]/CLR
  -------------------------------------------------------------------    -------------------

                         (clock clk_out1_pll rise edge)
                                                     20.000    20.000 r  
    AD12                                              0.000    20.000 r  i_sys_clk_p (IN)
                         net (fo=0)                   0.000    20.000    pll_inst/inst/clk_in1_p
    AD12                 IBUFDS (Prop_ibufds_I_O)     0.803    20.803 r  pll_inst/inst/clkin1_ibufgds/O
                         net (fo=1, routed)           0.986    21.789    pll_inst/inst/clk_in1_pll
    MMCME2_ADV_X1Y1      MMCME2_ADV (Prop_mmcme2_adv_CLKIN1_CLKOUT0)
                                                     -6.759    15.030 r  pll_inst/inst/mmcm_adv_inst/CLKOUT0
                         net (fo=1, routed)           2.005    17.035    pll_inst/inst/clk_out1_pll
    BUFGCTRL_X0Y1        BUFG (Prop_bufg_I_O)         0.083    17.118 r  pll_inst/inst/clkout1_buf/O
                         net (fo=581, routed)         1.315    18.433    twin_controller_inst/clk
    SLICE_X44Y116        FDCE                                         r  twin_controller_inst/status_buffer_reg[5][1]/C
                         clock pessimism             -0.607    17.827    
                         clock uncertainty           -0.074    17.753    
    SLICE_X44Y116        FDCE (Recov_fdce_C_CLR)     -0.292    17.461    twin_controller_inst/status_buffer_reg[5][1]
  -------------------------------------------------------------------
                         required time                         17.461    
                         arrival time                           0.483    
  -------------------------------------------------------------------
                         slack                                 17.944    

Slack (MET) :             17.944ns  (required time - arrival time)
  Source:                 rst_50m_sync_reg/C
                            (rising edge-triggered cell FDPE clocked by clk_out1_pll  {rise@0.000ns fall@10.000ns period=20.000ns})
  Destination:            twin_controller_inst/status_buffer_reg[7][3]/CLR
                            (recovery check against rising-edge clock clk_out1_pll  {rise@0.000ns fall@10.000ns period=20.000ns})
  Path Group:             **async_default**
  Path Type:              Recovery (Max at Slow Process Corner)
  Requirement:            20.000ns  (clk_out1_pll rise@20.000ns - clk_out1_pll rise@0.000ns)
  Data Path Delay:        1.648ns  (logic 0.236ns (14.319%)  route 1.412ns (85.681%))
  Logic Levels:           0  
  Clock Path Skew:        -0.042ns (DCD - SCD + CPR)
    Destination Clock Delay (DCD):    -1.567ns = ( 18.433 - 20.000 ) 
    Source Clock Delay      (SCD):    -2.131ns
    Clock Pessimism Removal (CPR):    -0.607ns
  Clock Uncertainty:      0.074ns  ((TSJ^2 + DJ^2)^1/2) / 2 + PE
    Total System Jitter     (TSJ):    0.071ns
    Discrete Jitter          (DJ):    0.129ns
    Phase Error              (PE):    0.000ns

    Location             Delay type                Incr(ns)  Path(ns)    Netlist Resource(s)
  -------------------------------------------------------------------    -------------------
                         (clock clk_out1_pll rise edge)
                                                      0.000     0.000 r  
    AD12                                              0.000     0.000 r  i_sys_clk_p (IN)
                         net (fo=0)                   0.000     0.000    pll_inst/inst/clk_in1_p
    AD12                 IBUFDS (Prop_ibufds_I_O)     0.906     0.906 r  pll_inst/inst/clkin1_ibufgds/O
                         net (fo=1, routed)           1.081     1.987    pll_inst/inst/clk_in1_pll
    MMCME2_ADV_X1Y1      MMCME2_ADV (Prop_mmcme2_adv_CLKIN1_CLKOUT0)
                                                     -7.786    -5.799 r  pll_inst/inst/mmcm_adv_inst/CLKOUT0
                         net (fo=1, routed)           2.130    -3.669    pll_inst/inst/clk_out1_pll
    BUFGCTRL_X0Y1        BUFG (Prop_bufg_I_O)         0.093    -3.576 r  pll_inst/inst/clkout1_buf/O
                         net (fo=581, routed)         1.445    -2.131    w_clk_50Mhz
    SLICE_X38Y120        FDPE                                         r  rst_50m_sync_reg/C
  -------------------------------------------------------------------    -------------------
    SLICE_X38Y120        FDPE (Prop_fdpe_C_Q)         0.236    -1.895 f  rst_50m_sync_reg/Q
                         net (fo=314, routed)         1.412    -0.483    twin_controller_inst/tx_start_i_2_n_0
    SLICE_X44Y116        FDCE                                         f  twin_controller_inst/status_buffer_reg[7][3]/CLR
  -------------------------------------------------------------------    -------------------

                         (clock clk_out1_pll rise edge)
                                                     20.000    20.000 r  
    AD12                                              0.000    20.000 r  i_sys_clk_p (IN)
                         net (fo=0)                   0.000    20.000    pll_inst/inst/clk_in1_p
    AD12                 IBUFDS (Prop_ibufds_I_O)     0.803    20.803 r  pll_inst/inst/clkin1_ibufgds/O
                         net (fo=1, routed)           0.986    21.789    pll_inst/inst/clk_in1_pll
    MMCME2_ADV_X1Y1      MMCME2_ADV (Prop_mmcme2_adv_CLKIN1_CLKOUT0)
                                                     -6.759    15.030 r  pll_inst/inst/mmcm_adv_inst/CLKOUT0
                         net (fo=1, routed)           2.005    17.035    pll_inst/inst/clk_out1_pll
    BUFGCTRL_X0Y1        BUFG (Prop_bufg_I_O)         0.083    17.118 r  pll_inst/inst/clkout1_buf/O
                         net (fo=581, routed)         1.315    18.433    twin_controller_inst/clk
    SLICE_X44Y116        FDCE                                         r  twin_controller_inst/status_buffer_reg[7][3]/C
                         clock pessimism             -0.607    17.827    
                         clock uncertainty           -0.074    17.753    
    SLICE_X44Y116        FDCE (Recov_fdce_C_CLR)     -0.292    17.461    twin_controller_inst/status_buffer_reg[7][3]
  -------------------------------------------------------------------
                         required time                         17.461    
                         arrival time                           0.483    
  -------------------------------------------------------------------
                         slack                                 17.944    

Slack (MET) :             17.946ns  (required time - arrival time)
  Source:                 rst_50m_sync_reg/C
                            (rising edge-triggered cell FDPE clocked by clk_out1_pll  {rise@0.000ns fall@10.000ns period=20.000ns})
  Destination:            twin_controller_inst/status_buffer_reg[9][7]/CLR
                            (recovery check against rising-edge clock clk_out1_pll  {rise@0.000ns fall@10.000ns period=20.000ns})
  Path Group:             **async_default**
  Path Type:              Recovery (Max at Slow Process Corner)
  Requirement:            20.000ns  (clk_out1_pll rise@20.000ns - clk_out1_pll rise@0.000ns)
  Data Path Delay:        1.646ns  (logic 0.236ns (14.337%)  route 1.410ns (85.663%))
  Logic Levels:           0  
  Clock Path Skew:        -0.042ns (DCD - SCD + CPR)
    Destination Clock Delay (DCD):    -1.567ns = ( 18.433 - 20.000 ) 
    Source Clock Delay      (SCD):    -2.131ns
    Clock Pessimism Removal (CPR):    -0.607ns
  Clock Uncertainty:      0.074ns  ((TSJ^2 + DJ^2)^1/2) / 2 + PE
    Total System Jitter     (TSJ):    0.071ns
    Discrete Jitter          (DJ):    0.129ns
    Phase Error              (PE):    0.000ns

    Location             Delay type                Incr(ns)  Path(ns)    Netlist Resource(s)
  -------------------------------------------------------------------    -------------------
                         (clock clk_out1_pll rise edge)
                                                      0.000     0.000 r  
    AD12                                              0.000     0.000 r  i_sys_clk_p (IN)
                         net (fo=0)                   0.000     0.000    pll_inst/inst/clk_in1_p
    AD12                 IBUFDS (Prop_ibufds_I_O)     0.906     0.906 r  pll_inst/inst/clkin1_ibufgds/O
                         net (fo=1, routed)           1.081     1.987    pll_inst/inst/clk_in1_pll
    MMCME2_ADV_X1Y1      MMCME2_ADV (Prop_mmcme2_adv_CLKIN1_CLKOUT0)
                                                     -7.786    -5.799 r  pll_inst/inst/mmcm_adv_inst/CLKOUT0
                         net (fo=1, routed)           2.130    -3.669    pll_inst/inst/clk_out1_pll
    BUFGCTRL_X0Y1        BUFG (Prop_bufg_I_O)         0.093    -3.576 r  pll_inst/inst/clkout1_buf/O
                         net (fo=581, routed)         1.445    -2.131    w_clk_50Mhz
    SLICE_X38Y120        FDPE                                         r  rst_50m_sync_reg/C
  -------------------------------------------------------------------    -------------------
    SLICE_X38Y120        FDPE (Prop_fdpe_C_Q)         0.236    -1.895 f  rst_50m_sync_reg/Q
                         net (fo=314, routed)         1.410    -0.485    twin_controller_inst/tx_start_i_2_n_0
    SLICE_X45Y116        FDCE                                         f  twin_controller_inst/status_buffer_reg[9][7]/CLR
  -------------------------------------------------------------------    -------------------

                         (clock clk_out1_pll rise edge)
                                                     20.000    20.000 r  
    AD12                                              0.000    20.000 r  i_sys_clk_p (IN)
                         net (fo=0)                   0.000    20.000    pll_inst/inst/clk_in1_p
    AD12                 IBUFDS (Prop_ibufds_I_O)     0.803    20.803 r  pll_inst/inst/clkin1_ibufgds/O
                         net (fo=1, routed)           0.986    21.789    pll_inst/inst/clk_in1_pll
    MMCME2_ADV_X1Y1      MMCME2_ADV (Prop_mmcme2_adv_CLKIN1_CLKOUT0)
                                                     -6.759    15.030 r  pll_inst/inst/mmcm_adv_inst/CLKOUT0
                         net (fo=1, routed)           2.005    17.035    pll_inst/inst/clk_out1_pll
    BUFGCTRL_X0Y1        BUFG (Prop_bufg_I_O)         0.083    17.118 r  pll_inst/inst/clkout1_buf/O
                         net (fo=581, routed)         1.315    18.433    twin_controller_inst/clk
    SLICE_X45Y116        FDCE                                         r  twin_controller_inst/status_buffer_reg[9][7]/C
                         clock pessimism             -0.607    17.827    
                         clock uncertainty           -0.074    17.753    
    SLICE_X45Y116        FDCE (Recov_fdce_C_CLR)     -0.292    17.461    twin_controller_inst/status_buffer_reg[9][7]
  -------------------------------------------------------------------
                         required time                         17.461    
                         arrival time                           0.485    
  -------------------------------------------------------------------
                         slack                                 17.946    

Slack (MET) :             17.987ns  (required time - arrival time)
  Source:                 rst_50m_sync_reg/C
                            (rising edge-triggered cell FDPE clocked by clk_out1_pll  {rise@0.000ns fall@10.000ns period=20.000ns})
  Destination:            twin_controller_inst/status_buffer_reg[9][2]/CLR
                            (recovery check against rising-edge clock clk_out1_pll  {rise@0.000ns fall@10.000ns period=20.000ns})
  Path Group:             **async_default**
  Path Type:              Recovery (Max at Slow Process Corner)
  Requirement:            20.000ns  (clk_out1_pll rise@20.000ns - clk_out1_pll rise@0.000ns)
  Data Path Delay:        1.630ns  (logic 0.236ns (14.480%)  route 1.394ns (85.520%))
  Logic Levels:           0  
  Clock Path Skew:        -0.017ns (DCD - SCD + CPR)
    Destination Clock Delay (DCD):    -1.563ns = ( 18.437 - 20.000 ) 
    Source Clock Delay      (SCD):    -2.131ns
    Clock Pessimism Removal (CPR):    -0.586ns
  Clock Uncertainty:      0.074ns  ((TSJ^2 + DJ^2)^1/2) / 2 + PE
    Total System Jitter     (TSJ):    0.071ns
    Discrete Jitter          (DJ):    0.129ns
    Phase Error              (PE):    0.000ns

    Location             Delay type                Incr(ns)  Path(ns)    Netlist Resource(s)
  -------------------------------------------------------------------    -------------------
                         (clock clk_out1_pll rise edge)
                                                      0.000     0.000 r  
    AD12                                              0.000     0.000 r  i_sys_clk_p (IN)
                         net (fo=0)                   0.000     0.000    pll_inst/inst/clk_in1_p
    AD12                 IBUFDS (Prop_ibufds_I_O)     0.906     0.906 r  pll_inst/inst/clkin1_ibufgds/O
                         net (fo=1, routed)           1.081     1.987    pll_inst/inst/clk_in1_pll
    MMCME2_ADV_X1Y1      MMCME2_ADV (Prop_mmcme2_adv_CLKIN1_CLKOUT0)
                                                     -7.786    -5.799 r  pll_inst/inst/mmcm_adv_inst/CLKOUT0
                         net (fo=1, routed)           2.130    -3.669    pll_inst/inst/clk_out1_pll
    BUFGCTRL_X0Y1        BUFG (Prop_bufg_I_O)         0.093    -3.576 r  pll_inst/inst/clkout1_buf/O
                         net (fo=581, routed)         1.445    -2.131    w_clk_50Mhz
    SLICE_X38Y120        FDPE                                         r  rst_50m_sync_reg/C
  -------------------------------------------------------------------    -------------------
    SLICE_X38Y120        FDPE (Prop_fdpe_C_Q)         0.236    -1.895 f  rst_50m_sync_reg/Q
                         net (fo=314, routed)         1.394    -0.501    twin_controller_inst/tx_start_i_2_n_0
    SLICE_X40Y114        FDCE                                         f  twin_controller_inst/status_buffer_reg[9][2]/CLR
  -------------------------------------------------------------------    -------------------

                         (clock clk_out1_pll rise edge)
                                                     20.000    20.000 r  
    AD12                                              0.000    20.000 r  i_sys_clk_p (IN)
                         net (fo=0)                   0.000    20.000    pll_inst/inst/clk_in1_p
    AD12                 IBUFDS (Prop_ibufds_I_O)     0.803    20.803 r  pll_inst/inst/clkin1_ibufgds/O
                         net (fo=1, routed)           0.986    21.789    pll_inst/inst/clk_in1_pll
    MMCME2_ADV_X1Y1      MMCME2_ADV (Prop_mmcme2_adv_CLKIN1_CLKOUT0)
                                                     -6.759    15.030 r  pll_inst/inst/mmcm_adv_inst/CLKOUT0
                         net (fo=1, routed)           2.005    17.035    pll_inst/inst/clk_out1_pll
    BUFGCTRL_X0Y1        BUFG (Prop_bufg_I_O)         0.083    17.118 r  pll_inst/inst/clkout1_buf/O
                         net (fo=581, routed)         1.319    18.437    twin_controller_inst/clk
    SLICE_X40Y114        FDCE                                         r  twin_controller_inst/status_buffer_reg[9][2]/C
                         clock pessimism             -0.586    17.852    
                         clock uncertainty           -0.074    17.778    
    SLICE_X40Y114        FDCE (Recov_fdce_C_CLR)     -0.292    17.486    twin_controller_inst/status_buffer_reg[9][2]
  -------------------------------------------------------------------
                         required time                         17.486    
                         arrival time                           0.501    
  -------------------------------------------------------------------
                         slack                                 17.987    

Slack (MET) :             17.990ns  (required time - arrival time)
  Source:                 rst_50m_sync_reg/C
                            (rising edge-triggered cell FDPE clocked by clk_out1_pll  {rise@0.000ns fall@10.000ns period=20.000ns})
  Destination:            twin_controller_inst/status_buffer_reg[10][2]/CLR
                            (recovery check against rising-edge clock clk_out1_pll  {rise@0.000ns fall@10.000ns period=20.000ns})
  Path Group:             **async_default**
  Path Type:              Recovery (Max at Slow Process Corner)
  Requirement:            20.000ns  (clk_out1_pll rise@20.000ns - clk_out1_pll rise@0.000ns)
  Data Path Delay:        1.628ns  (logic 0.236ns (14.498%)  route 1.392ns (85.502%))
  Logic Levels:           0  
  Clock Path Skew:        -0.017ns (DCD - SCD + CPR)
    Destination Clock Delay (DCD):    -1.563ns = ( 18.437 - 20.000 ) 
    Source Clock Delay      (SCD):    -2.131ns
    Clock Pessimism Removal (CPR):    -0.586ns
  Clock Uncertainty:      0.074ns  ((TSJ^2 + DJ^2)^1/2) / 2 + PE
    Total System Jitter     (TSJ):    0.071ns
    Discrete Jitter          (DJ):    0.129ns
    Phase Error              (PE):    0.000ns

    Location             Delay type                Incr(ns)  Path(ns)    Netlist Resource(s)
  -------------------------------------------------------------------    -------------------
                         (clock clk_out1_pll rise edge)
                                                      0.000     0.000 r  
    AD12                                              0.000     0.000 r  i_sys_clk_p (IN)
                         net (fo=0)                   0.000     0.000    pll_inst/inst/clk_in1_p
    AD12                 IBUFDS (Prop_ibufds_I_O)     0.906     0.906 r  pll_inst/inst/clkin1_ibufgds/O
                         net (fo=1, routed)           1.081     1.987    pll_inst/inst/clk_in1_pll
    MMCME2_ADV_X1Y1      MMCME2_ADV (Prop_mmcme2_adv_CLKIN1_CLKOUT0)
                                                     -7.786    -5.799 r  pll_inst/inst/mmcm_adv_inst/CLKOUT0
                         net (fo=1, routed)           2.130    -3.669    pll_inst/inst/clk_out1_pll
    BUFGCTRL_X0Y1        BUFG (Prop_bufg_I_O)         0.093    -3.576 r  pll_inst/inst/clkout1_buf/O
                         net (fo=581, routed)         1.445    -2.131    w_clk_50Mhz
    SLICE_X38Y120        FDPE                                         r  rst_50m_sync_reg/C
  -------------------------------------------------------------------    -------------------
    SLICE_X38Y120        FDPE (Prop_fdpe_C_Q)         0.236    -1.895 f  rst_50m_sync_reg/Q
                         net (fo=314, routed)         1.392    -0.504    twin_controller_inst/tx_start_i_2_n_0
    SLICE_X41Y114        FDCE                                         f  twin_controller_inst/status_buffer_reg[10][2]/CLR
  -------------------------------------------------------------------    -------------------

                         (clock clk_out1_pll rise edge)
                                                     20.000    20.000 r  
    AD12                                              0.000    20.000 r  i_sys_clk_p (IN)
                         net (fo=0)                   0.000    20.000    pll_inst/inst/clk_in1_p
    AD12                 IBUFDS (Prop_ibufds_I_O)     0.803    20.803 r  pll_inst/inst/clkin1_ibufgds/O
                         net (fo=1, routed)           0.986    21.789    pll_inst/inst/clk_in1_pll
    MMCME2_ADV_X1Y1      MMCME2_ADV (Prop_mmcme2_adv_CLKIN1_CLKOUT0)
                                                     -6.759    15.030 r  pll_inst/inst/mmcm_adv_inst/CLKOUT0
                         net (fo=1, routed)           2.005    17.035    pll_inst/inst/clk_out1_pll
    BUFGCTRL_X0Y1        BUFG (Prop_bufg_I_O)         0.083    17.118 r  pll_inst/inst/clkout1_buf/O
                         net (fo=581, routed)         1.319    18.437    twin_controller_inst/clk
    SLICE_X41Y114        FDCE                                         r  twin_controller_inst/status_buffer_reg[10][2]/C
                         clock pessimism             -0.586    17.852    
                         clock uncertainty           -0.074    17.778    
    SLICE_X41Y114        FDCE (Recov_fdce_C_CLR)     -0.292    17.486    twin_controller_inst/status_buffer_reg[10][2]
  -------------------------------------------------------------------
                         required time                         17.486    
                         arrival time                           0.504    
  -------------------------------------------------------------------
                         slack                                 17.990    

Slack (MET) :             17.990ns  (required time - arrival time)
  Source:                 rst_50m_sync_reg/C
                            (rising edge-triggered cell FDPE clocked by clk_out1_pll  {rise@0.000ns fall@10.000ns period=20.000ns})
  Destination:            twin_controller_inst/status_buffer_reg[11][2]/CLR
                            (recovery check against rising-edge clock clk_out1_pll  {rise@0.000ns fall@10.000ns period=20.000ns})
  Path Group:             **async_default**
  Path Type:              Recovery (Max at Slow Process Corner)
  Requirement:            20.000ns  (clk_out1_pll rise@20.000ns - clk_out1_pll rise@0.000ns)
  Data Path Delay:        1.628ns  (logic 0.236ns (14.498%)  route 1.392ns (85.502%))
  Logic Levels:           0  
  Clock Path Skew:        -0.017ns (DCD - SCD + CPR)
    Destination Clock Delay (DCD):    -1.563ns = ( 18.437 - 20.000 ) 
    Source Clock Delay      (SCD):    -2.131ns
    Clock Pessimism Removal (CPR):    -0.586ns
  Clock Uncertainty:      0.074ns  ((TSJ^2 + DJ^2)^1/2) / 2 + PE
    Total System Jitter     (TSJ):    0.071ns
    Discrete Jitter          (DJ):    0.129ns
    Phase Error              (PE):    0.000ns

    Location             Delay type                Incr(ns)  Path(ns)    Netlist Resource(s)
  -------------------------------------------------------------------    -------------------
                         (clock clk_out1_pll rise edge)
                                                      0.000     0.000 r  
    AD12                                              0.000     0.000 r  i_sys_clk_p (IN)
                         net (fo=0)                   0.000     0.000    pll_inst/inst/clk_in1_p
    AD12                 IBUFDS (Prop_ibufds_I_O)     0.906     0.906 r  pll_inst/inst/clkin1_ibufgds/O
                         net (fo=1, routed)           1.081     1.987    pll_inst/inst/clk_in1_pll
    MMCME2_ADV_X1Y1      MMCME2_ADV (Prop_mmcme2_adv_CLKIN1_CLKOUT0)
                                                     -7.786    -5.799 r  pll_inst/inst/mmcm_adv_inst/CLKOUT0
                         net (fo=1, routed)           2.130    -3.669    pll_inst/inst/clk_out1_pll
    BUFGCTRL_X0Y1        BUFG (Prop_bufg_I_O)         0.093    -3.576 r  pll_inst/inst/clkout1_buf/O
                         net (fo=581, routed)         1.445    -2.131    w_clk_50Mhz
    SLICE_X38Y120        FDPE                                         r  rst_50m_sync_reg/C
  -------------------------------------------------------------------    -------------------
    SLICE_X38Y120        FDPE (Prop_fdpe_C_Q)         0.236    -1.895 f  rst_50m_sync_reg/Q
                         net (fo=314, routed)         1.392    -0.504    twin_controller_inst/tx_start_i_2_n_0
    SLICE_X41Y114        FDCE                                         f  twin_controller_inst/status_buffer_reg[11][2]/CLR
  -------------------------------------------------------------------    -------------------

                         (clock clk_out1_pll rise edge)
                                                     20.000    20.000 r  
    AD12                                              0.000    20.000 r  i_sys_clk_p (IN)
                         net (fo=0)                   0.000    20.000    pll_inst/inst/clk_in1_p
    AD12                 IBUFDS (Prop_ibufds_I_O)     0.803    20.803 r  pll_inst/inst/clkin1_ibufgds/O
                         net (fo=1, routed)           0.986    21.789    pll_inst/inst/clk_in1_pll
    MMCME2_ADV_X1Y1      MMCME2_ADV (Prop_mmcme2_adv_CLKIN1_CLKOUT0)
                                                     -6.759    15.030 r  pll_inst/inst/mmcm_adv_inst/CLKOUT0
                         net (fo=1, routed)           2.005    17.035    pll_inst/inst/clk_out1_pll
    BUFGCTRL_X0Y1        BUFG (Prop_bufg_I_O)         0.083    17.118 r  pll_inst/inst/clkout1_buf/O
                         net (fo=581, routed)         1.319    18.437    twin_controller_inst/clk
    SLICE_X41Y114        FDCE                                         r  twin_controller_inst/status_buffer_reg[11][2]/C
                         clock pessimism             -0.586    17.852    
                         clock uncertainty           -0.074    17.778    
    SLICE_X41Y114        FDCE (Recov_fdce_C_CLR)     -0.292    17.486    twin_controller_inst/status_buffer_reg[11][2]
  -------------------------------------------------------------------
                         required time                         17.486    
                         arrival time                           0.504    
  -------------------------------------------------------------------
                         slack                                 17.990    

Slack (MET) :             17.990ns  (required time - arrival time)
  Source:                 rst_50m_sync_reg/C
                            (rising edge-triggered cell FDPE clocked by clk_out1_pll  {rise@0.000ns fall@10.000ns period=20.000ns})
  Destination:            twin_controller_inst/status_buffer_reg[12][0]/CLR
                            (recovery check against rising-edge clock clk_out1_pll  {rise@0.000ns fall@10.000ns period=20.000ns})
  Path Group:             **async_default**
  Path Type:              Recovery (Max at Slow Process Corner)
  Requirement:            20.000ns  (clk_out1_pll rise@20.000ns - clk_out1_pll rise@0.000ns)
  Data Path Delay:        1.628ns  (logic 0.236ns (14.498%)  route 1.392ns (85.502%))
  Logic Levels:           0  
  Clock Path Skew:        -0.017ns (DCD - SCD + CPR)
    Destination Clock Delay (DCD):    -1.563ns = ( 18.437 - 20.000 ) 
    Source Clock Delay      (SCD):    -2.131ns
    Clock Pessimism Removal (CPR):    -0.586ns
  Clock Uncertainty:      0.074ns  ((TSJ^2 + DJ^2)^1/2) / 2 + PE
    Total System Jitter     (TSJ):    0.071ns
    Discrete Jitter          (DJ):    0.129ns
    Phase Error              (PE):    0.000ns

    Location             Delay type                Incr(ns)  Path(ns)    Netlist Resource(s)
  -------------------------------------------------------------------    -------------------
                         (clock clk_out1_pll rise edge)
                                                      0.000     0.000 r  
    AD12                                              0.000     0.000 r  i_sys_clk_p (IN)
                         net (fo=0)                   0.000     0.000    pll_inst/inst/clk_in1_p
    AD12                 IBUFDS (Prop_ibufds_I_O)     0.906     0.906 r  pll_inst/inst/clkin1_ibufgds/O
                         net (fo=1, routed)           1.081     1.987    pll_inst/inst/clk_in1_pll
    MMCME2_ADV_X1Y1      MMCME2_ADV (Prop_mmcme2_adv_CLKIN1_CLKOUT0)
                                                     -7.786    -5.799 r  pll_inst/inst/mmcm_adv_inst/CLKOUT0
                         net (fo=1, routed)           2.130    -3.669    pll_inst/inst/clk_out1_pll
    BUFGCTRL_X0Y1        BUFG (Prop_bufg_I_O)         0.093    -3.576 r  pll_inst/inst/clkout1_buf/O
                         net (fo=581, routed)         1.445    -2.131    w_clk_50Mhz
    SLICE_X38Y120        FDPE                                         r  rst_50m_sync_reg/C
  -------------------------------------------------------------------    -------------------
    SLICE_X38Y120        FDPE (Prop_fdpe_C_Q)         0.236    -1.895 f  rst_50m_sync_reg/Q
                         net (fo=314, routed)         1.392    -0.504    twin_controller_inst/tx_start_i_2_n_0
    SLICE_X41Y114        FDCE                                         f  twin_controller_inst/status_buffer_reg[12][0]/CLR
  -------------------------------------------------------------------    -------------------

                         (clock clk_out1_pll rise edge)
                                                     20.000    20.000 r  
    AD12                                              0.000    20.000 r  i_sys_clk_p (IN)
                         net (fo=0)                   0.000    20.000    pll_inst/inst/clk_in1_p
    AD12                 IBUFDS (Prop_ibufds_I_O)     0.803    20.803 r  pll_inst/inst/clkin1_ibufgds/O
                         net (fo=1, routed)           0.986    21.789    pll_inst/inst/clk_in1_pll
    MMCME2_ADV_X1Y1      MMCME2_ADV (Prop_mmcme2_adv_CLKIN1_CLKOUT0)
                                                     -6.759    15.030 r  pll_inst/inst/mmcm_adv_inst/CLKOUT0
                         net (fo=1, routed)           2.005    17.035    pll_inst/inst/clk_out1_pll
    BUFGCTRL_X0Y1        BUFG (Prop_bufg_I_O)         0.083    17.118 r  pll_inst/inst/clkout1_buf/O
                         net (fo=581, routed)         1.319    18.437    twin_controller_inst/clk
    SLICE_X41Y114        FDCE                                         r  twin_controller_inst/status_buffer_reg[12][0]/C
                         clock pessimism             -0.586    17.852    
                         clock uncertainty           -0.074    17.778    
    SLICE_X41Y114        FDCE (Recov_fdce_C_CLR)     -0.292    17.486    twin_controller_inst/status_buffer_reg[12][0]
  -------------------------------------------------------------------
                         required time                         17.486    
                         arrival time                           0.504    
  -------------------------------------------------------------------
                         slack                                 17.990    

Slack (MET) :             17.990ns  (required time - arrival time)
  Source:                 rst_50m_sync_reg/C
                            (rising edge-triggered cell FDPE clocked by clk_out1_pll  {rise@0.000ns fall@10.000ns period=20.000ns})
  Destination:            twin_controller_inst/status_buffer_reg[13][0]/CLR
                            (recovery check against rising-edge clock clk_out1_pll  {rise@0.000ns fall@10.000ns period=20.000ns})
  Path Group:             **async_default**
  Path Type:              Recovery (Max at Slow Process Corner)
  Requirement:            20.000ns  (clk_out1_pll rise@20.000ns - clk_out1_pll rise@0.000ns)
  Data Path Delay:        1.628ns  (logic 0.236ns (14.498%)  route 1.392ns (85.502%))
  Logic Levels:           0  
  Clock Path Skew:        -0.017ns (DCD - SCD + CPR)
    Destination Clock Delay (DCD):    -1.563ns = ( 18.437 - 20.000 ) 
    Source Clock Delay      (SCD):    -2.131ns
    Clock Pessimism Removal (CPR):    -0.586ns
  Clock Uncertainty:      0.074ns  ((TSJ^2 + DJ^2)^1/2) / 2 + PE
    Total System Jitter     (TSJ):    0.071ns
    Discrete Jitter          (DJ):    0.129ns
    Phase Error              (PE):    0.000ns

    Location             Delay type                Incr(ns)  Path(ns)    Netlist Resource(s)
  -------------------------------------------------------------------    -------------------
                         (clock clk_out1_pll rise edge)
                                                      0.000     0.000 r  
    AD12                                              0.000     0.000 r  i_sys_clk_p (IN)
                         net (fo=0)                   0.000     0.000    pll_inst/inst/clk_in1_p
    AD12                 IBUFDS (Prop_ibufds_I_O)     0.906     0.906 r  pll_inst/inst/clkin1_ibufgds/O
                         net (fo=1, routed)           1.081     1.987    pll_inst/inst/clk_in1_pll
    MMCME2_ADV_X1Y1      MMCME2_ADV (Prop_mmcme2_adv_CLKIN1_CLKOUT0)
                                                     -7.786    -5.799 r  pll_inst/inst/mmcm_adv_inst/CLKOUT0
                         net (fo=1, routed)           2.130    -3.669    pll_inst/inst/clk_out1_pll
    BUFGCTRL_X0Y1        BUFG (Prop_bufg_I_O)         0.093    -3.576 r  pll_inst/inst/clkout1_buf/O
                         net (fo=581, routed)         1.445    -2.131    w_clk_50Mhz
    SLICE_X38Y120        FDPE                                         r  rst_50m_sync_reg/C
  -------------------------------------------------------------------    -------------------
    SLICE_X38Y120        FDPE (Prop_fdpe_C_Q)         0.236    -1.895 f  rst_50m_sync_reg/Q
                         net (fo=314, routed)         1.392    -0.504    twin_controller_inst/tx_start_i_2_n_0
    SLICE_X41Y114        FDCE                                         f  twin_controller_inst/status_buffer_reg[13][0]/CLR
  -------------------------------------------------------------------    -------------------

                         (clock clk_out1_pll rise edge)
                                                     20.000    20.000 r  
    AD12                                              0.000    20.000 r  i_sys_clk_p (IN)
                         net (fo=0)                   0.000    20.000    pll_inst/inst/clk_in1_p
    AD12                 IBUFDS (Prop_ibufds_I_O)     0.803    20.803 r  pll_inst/inst/clkin1_ibufgds/O
                         net (fo=1, routed)           0.986    21.789    pll_inst/inst/clk_in1_pll
    MMCME2_ADV_X1Y1      MMCME2_ADV (Prop_mmcme2_adv_CLKIN1_CLKOUT0)
                                                     -6.759    15.030 r  pll_inst/inst/mmcm_adv_inst/CLKOUT0
                         net (fo=1, routed)           2.005    17.035    pll_inst/inst/clk_out1_pll
    BUFGCTRL_X0Y1        BUFG (Prop_bufg_I_O)         0.083    17.118 r  pll_inst/inst/clkout1_buf/O
                         net (fo=581, routed)         1.319    18.437    twin_controller_inst/clk
    SLICE_X41Y114        FDCE                                         r  twin_controller_inst/status_buffer_reg[13][0]/C
                         clock pessimism             -0.586    17.852    
                         clock uncertainty           -0.074    17.778    
    SLICE_X41Y114        FDCE (Recov_fdce_C_CLR)     -0.292    17.486    twin_controller_inst/status_buffer_reg[13][0]
  -------------------------------------------------------------------
                         required time                         17.486    
                         arrival time                           0.504    
  -------------------------------------------------------------------
                         slack                                 17.990    





--------------------------------------------------------------------------------------
Path Group:  (none)
From Clock:  clk_out2_pll
  To Clock:  clk_out1_pll

Max Delay            65 Endpoints
Min Delay             0 Endpoints
--------------------------------------------------------------------------------------


Max Delay Paths
--------------------------------------------------------------------------------------
Slack:                    inf
  Source:                 student_top_inst/mem_bridge/led_q_reg[27]/C
                            (rising edge-triggered cell FDRE clocked by clk_out2_pll  {rise@0.000ns fall@2.500ns period=5.000ns})
  Destination:            virtual_led_50_d1_reg[27]/D
                            (rising edge-triggered cell FDCE clocked by clk_out1_pll  {rise@0.000ns fall@10.000ns period=20.000ns})
  Path Group:             (none)
  Path Type:              Setup (Max at Fast Process Corner)
  Data Path Delay:        0.760ns  (logic 0.124ns (16.315%)  route 0.636ns (83.685%))
  Logic Levels:           0  
  Clock Path Skew:        -0.048ns (DCD - SCD + CPR)
    Destination Clock Delay (DCD):    -0.563ns
    Source Clock Delay      (SCD):    -0.514ns
    Clock Pessimism Removal (CPR):    0.000ns
  Clock Uncertainty:      0.194ns  ((TSJ^2 + DJ^2)^1/2) / 2 + PE
    Total System Jitter     (TSJ):    0.071ns
    Discrete Jitter          (DJ):    0.129ns
    Phase Error              (PE):    0.120ns
  Timing Exception:       Asynchronous Clock Groups

    Location             Delay type                Incr(ns)  Path(ns)    Netlist Resource(s)
  -------------------------------------------------------------------    -------------------
                         (clock clk_out2_pll rise edge)
                                                      0.000     0.000 r  
    AD12                                              0.000     0.000 r  i_sys_clk_p (IN)
                         net (fo=0)                   0.000     0.000    pll_inst/inst/clk_in1_p
    AD12                 IBUFDS (Prop_ibufds_I_O)     0.470     0.470 r  pll_inst/inst/clkin1_ibufgds/O
                         net (fo=1, routed)           0.553     1.023    pll_inst/inst/clk_in1_pll
    MMCME2_ADV_X1Y1      MMCME2_ADV (Prop_mmcme2_adv_CLKIN1_CLKOUT1)
                                                     -3.493    -2.470 r  pll_inst/inst/mmcm_adv_inst/CLKOUT1
                         net (fo=1, routed)           1.007    -1.463    pll_inst/inst/clk_out2_pll
    BUFGCTRL_X0Y0        BUFG (Prop_bufg_I_O)         0.030    -1.433 r  pll_inst/inst/clkout2_buf/O
                         net (fo=11531, routed)       0.919    -0.514    student_top_inst/mem_bridge/clk
    SLICE_X48Y95         FDRE                                         r  student_top_inst/mem_bridge/led_q_reg[27]/C
  -------------------------------------------------------------------    -------------------
    SLICE_X48Y95         FDRE (Prop_fdre_C_Q)         0.124    -0.390 r  student_top_inst/mem_bridge/led_q_reg[27]/Q
                         net (fo=2, routed)           0.636     0.246    virtual_led_OBUF[27]
    SLICE_X41Y122        FDCE                                         r  virtual_led_50_d1_reg[27]/D
  -------------------------------------------------------------------    -------------------

                         (clock clk_out1_pll rise edge)
                                                      0.000     0.000 r  
    AD12                                              0.000     0.000 r  i_sys_clk_p (IN)
                         net (fo=0)                   0.000     0.000    pll_inst/inst/clk_in1_p
    AD12                 IBUFDS (Prop_ibufds_I_O)     0.388     0.388 r  pll_inst/inst/clkin1_ibufgds/O
                         net (fo=1, routed)           0.503     0.891    pll_inst/inst/clk_in1_pll
    MMCME2_ADV_X1Y1      MMCME2_ADV (Prop_mmcme2_adv_CLKIN1_CLKOUT0)
                                                     -3.040    -2.149 r  pll_inst/inst/mmcm_adv_inst/CLKOUT0
                         net (fo=1, routed)           0.940    -1.209    pll_inst/inst/clk_out1_pll
    BUFGCTRL_X0Y1        BUFG (Prop_bufg_I_O)         0.026    -1.183 r  pll_inst/inst/clkout1_buf/O
                         net (fo=581, routed)         0.620    -0.563    w_clk_50Mhz
    SLICE_X41Y122        FDCE                                         r  virtual_led_50_d1_reg[27]/C

Slack:                    inf
  Source:                 student_top_inst/mem_bridge/led_q_reg[2]/C
                            (rising edge-triggered cell FDRE clocked by clk_out2_pll  {rise@0.000ns fall@2.500ns period=5.000ns})
  Destination:            virtual_led_50_d1_reg[2]/D
                            (rising edge-triggered cell FDCE clocked by clk_out1_pll  {rise@0.000ns fall@10.000ns period=20.000ns})
  Path Group:             (none)
  Path Type:              Setup (Max at Fast Process Corner)
  Data Path Delay:        0.750ns  (logic 0.124ns (16.533%)  route 0.626ns (83.467%))
  Logic Levels:           0  
  Clock Path Skew:        -0.041ns (DCD - SCD + CPR)
    Destination Clock Delay (DCD):    -0.555ns
    Source Clock Delay      (SCD):    -0.513ns
    Clock Pessimism Removal (CPR):    0.000ns
  Clock Uncertainty:      0.194ns  ((TSJ^2 + DJ^2)^1/2) / 2 + PE
    Total System Jitter     (TSJ):    0.071ns
    Discrete Jitter          (DJ):    0.129ns
    Phase Error              (PE):    0.120ns
  Timing Exception:       Asynchronous Clock Groups

    Location             Delay type                Incr(ns)  Path(ns)    Netlist Resource(s)
  -------------------------------------------------------------------    -------------------
                         (clock clk_out2_pll rise edge)
                                                      0.000     0.000 r  
    AD12                                              0.000     0.000 r  i_sys_clk_p (IN)
                         net (fo=0)                   0.000     0.000    pll_inst/inst/clk_in1_p
    AD12                 IBUFDS (Prop_ibufds_I_O)     0.470     0.470 r  pll_inst/inst/clkin1_ibufgds/O
                         net (fo=1, routed)           0.553     1.023    pll_inst/inst/clk_in1_pll
    MMCME2_ADV_X1Y1      MMCME2_ADV (Prop_mmcme2_adv_CLKIN1_CLKOUT1)
                                                     -3.493    -2.470 r  pll_inst/inst/mmcm_adv_inst/CLKOUT1
                         net (fo=1, routed)           1.007    -1.463    pll_inst/inst/clk_out2_pll
    BUFGCTRL_X0Y0        BUFG (Prop_bufg_I_O)         0.030    -1.433 r  pll_inst/inst/clkout2_buf/O
                         net (fo=11531, routed)       0.920    -0.513    student_top_inst/mem_bridge/clk
    SLICE_X48Y98         FDRE                                         r  student_top_inst/mem_bridge/led_q_reg[2]/C
  -------------------------------------------------------------------    -------------------
    SLICE_X48Y98         FDRE (Prop_fdre_C_Q)         0.124    -0.389 r  student_top_inst/mem_bridge/led_q_reg[2]/Q
                         net (fo=2, routed)           0.626     0.237    virtual_led_OBUF[2]
    SLICE_X37Y114        FDCE                                         r  virtual_led_50_d1_reg[2]/D
  -------------------------------------------------------------------    -------------------

                         (clock clk_out1_pll rise edge)
                                                      0.000     0.000 r  
    AD12                                              0.000     0.000 r  i_sys_clk_p (IN)
                         net (fo=0)                   0.000     0.000    pll_inst/inst/clk_in1_p
    AD12                 IBUFDS (Prop_ibufds_I_O)     0.388     0.388 r  pll_inst/inst/clkin1_ibufgds/O
                         net (fo=1, routed)           0.503     0.891    pll_inst/inst/clk_in1_pll
    MMCME2_ADV_X1Y1      MMCME2_ADV (Prop_mmcme2_adv_CLKIN1_CLKOUT0)
                                                     -3.040    -2.149 r  pll_inst/inst/mmcm_adv_inst/CLKOUT0
                         net (fo=1, routed)           0.940    -1.209    pll_inst/inst/clk_out1_pll
    BUFGCTRL_X0Y1        BUFG (Prop_bufg_I_O)         0.026    -1.183 r  pll_inst/inst/clkout1_buf/O
                         net (fo=581, routed)         0.628    -0.555    w_clk_50Mhz
    SLICE_X37Y114        FDCE                                         r  virtual_led_50_d1_reg[2]/C

Slack:                    inf
  Source:                 student_top_inst/mem_bridge/led_q_reg[24]/C
                            (rising edge-triggered cell FDRE clocked by clk_out2_pll  {rise@0.000ns fall@2.500ns period=5.000ns})
  Destination:            virtual_led_50_d1_reg[24]/D
                            (rising edge-triggered cell FDCE clocked by clk_out1_pll  {rise@0.000ns fall@10.000ns period=20.000ns})
  Path Group:             (none)
  Path Type:              Setup (Max at Fast Process Corner)
  Data Path Delay:        0.734ns  (logic 0.124ns (16.890%)  route 0.610ns (83.110%))
  Logic Levels:           0  
  Clock Path Skew:        -0.050ns (DCD - SCD + CPR)
    Destination Clock Delay (DCD):    -0.563ns
    Source Clock Delay      (SCD):    -0.512ns
    Clock Pessimism Removal (CPR):    0.000ns
  Clock Uncertainty:      0.194ns  ((TSJ^2 + DJ^2)^1/2) / 2 + PE
    Total System Jitter     (TSJ):    0.071ns
    Discrete Jitter          (DJ):    0.129ns
    Phase Error              (PE):    0.120ns
  Timing Exception:       Asynchronous Clock Groups

    Location             Delay type                Incr(ns)  Path(ns)    Netlist Resource(s)
  -------------------------------------------------------------------    -------------------
                         (clock clk_out2_pll rise edge)
                                                      0.000     0.000 r  
    AD12                                              0.000     0.000 r  i_sys_clk_p (IN)
                         net (fo=0)                   0.000     0.000    pll_inst/inst/clk_in1_p
    AD12                 IBUFDS (Prop_ibufds_I_O)     0.470     0.470 r  pll_inst/inst/clkin1_ibufgds/O
                         net (fo=1, routed)           0.553     1.023    pll_inst/inst/clk_in1_pll
    MMCME2_ADV_X1Y1      MMCME2_ADV (Prop_mmcme2_adv_CLKIN1_CLKOUT1)
                                                     -3.493    -2.470 r  pll_inst/inst/mmcm_adv_inst/CLKOUT1
                         net (fo=1, routed)           1.007    -1.463    pll_inst/inst/clk_out2_pll
    BUFGCTRL_X0Y0        BUFG (Prop_bufg_I_O)         0.030    -1.433 r  pll_inst/inst/clkout2_buf/O
                         net (fo=11531, routed)       0.921    -0.512    student_top_inst/mem_bridge/clk
    SLICE_X43Y96         FDRE                                         r  student_top_inst/mem_bridge/led_q_reg[24]/C
  -------------------------------------------------------------------    -------------------
    SLICE_X43Y96         FDRE (Prop_fdre_C_Q)         0.124    -0.388 r  student_top_inst/mem_bridge/led_q_reg[24]/Q
                         net (fo=2, routed)           0.610     0.222    virtual_led_OBUF[24]
    SLICE_X41Y122        FDCE                                         r  virtual_led_50_d1_reg[24]/D
  -------------------------------------------------------------------    -------------------

                         (clock clk_out1_pll rise edge)
                                                      0.000     0.000 r  
    AD12                                              0.000     0.000 r  i_sys_clk_p (IN)
                         net (fo=0)                   0.000     0.000    pll_inst/inst/clk_in1_p
    AD12                 IBUFDS (Prop_ibufds_I_O)     0.388     0.388 r  pll_inst/inst/clkin1_ibufgds/O
                         net (fo=1, routed)           0.503     0.891    pll_inst/inst/clk_in1_pll
    MMCME2_ADV_X1Y1      MMCME2_ADV (Prop_mmcme2_adv_CLKIN1_CLKOUT0)
                                                     -3.040    -2.149 r  pll_inst/inst/mmcm_adv_inst/CLKOUT0
                         net (fo=1, routed)           0.940    -1.209    pll_inst/inst/clk_out1_pll
    BUFGCTRL_X0Y1        BUFG (Prop_bufg_I_O)         0.026    -1.183 r  pll_inst/inst/clkout1_buf/O
                         net (fo=581, routed)         0.620    -0.563    w_clk_50Mhz
    SLICE_X41Y122        FDCE                                         r  virtual_led_50_d1_reg[24]/C

Slack:                    inf
  Source:                 student_top_inst/mem_bridge/led_q_reg[19]/C
                            (rising edge-triggered cell FDRE clocked by clk_out2_pll  {rise@0.000ns fall@2.500ns period=5.000ns})
  Destination:            virtual_led_50_d1_reg[19]/D
                            (rising edge-triggered cell FDCE clocked by clk_out1_pll  {rise@0.000ns fall@10.000ns period=20.000ns})
  Path Group:             (none)
  Path Type:              Setup (Max at Fast Process Corner)
  Data Path Delay:        0.723ns  (logic 0.124ns (17.158%)  route 0.599ns (82.842%))
  Logic Levels:           0  
  Clock Path Skew:        -0.050ns (DCD - SCD + CPR)
    Destination Clock Delay (DCD):    -0.563ns
    Source Clock Delay      (SCD):    -0.512ns
    Clock Pessimism Removal (CPR):    0.000ns
  Clock Uncertainty:      0.194ns  ((TSJ^2 + DJ^2)^1/2) / 2 + PE
    Total System Jitter     (TSJ):    0.071ns
    Discrete Jitter          (DJ):    0.129ns
    Phase Error              (PE):    0.120ns
  Timing Exception:       Asynchronous Clock Groups

    Location             Delay type                Incr(ns)  Path(ns)    Netlist Resource(s)
  -------------------------------------------------------------------    -------------------
                         (clock clk_out2_pll rise edge)
                                                      0.000     0.000 r  
    AD12                                              0.000     0.000 r  i_sys_clk_p (IN)
                         net (fo=0)                   0.000     0.000    pll_inst/inst/clk_in1_p
    AD12                 IBUFDS (Prop_ibufds_I_O)     0.470     0.470 r  pll_inst/inst/clkin1_ibufgds/O
                         net (fo=1, routed)           0.553     1.023    pll_inst/inst/clk_in1_pll
    MMCME2_ADV_X1Y1      MMCME2_ADV (Prop_mmcme2_adv_CLKIN1_CLKOUT1)
                                                     -3.493    -2.470 r  pll_inst/inst/mmcm_adv_inst/CLKOUT1
                         net (fo=1, routed)           1.007    -1.463    pll_inst/inst/clk_out2_pll
    BUFGCTRL_X0Y0        BUFG (Prop_bufg_I_O)         0.030    -1.433 r  pll_inst/inst/clkout2_buf/O
                         net (fo=11531, routed)       0.921    -0.512    student_top_inst/mem_bridge/clk
    SLICE_X43Y96         FDRE                                         r  student_top_inst/mem_bridge/led_q_reg[19]/C
  -------------------------------------------------------------------    -------------------
    SLICE_X43Y96         FDRE (Prop_fdre_C_Q)         0.124    -0.388 r  student_top_inst/mem_bridge/led_q_reg[19]/Q
                         net (fo=2, routed)           0.599     0.210    virtual_led_OBUF[19]
    SLICE_X38Y122        FDCE                                         r  virtual_led_50_d1_reg[19]/D
  -------------------------------------------------------------------    -------------------

                         (clock clk_out1_pll rise edge)
                                                      0.000     0.000 r  
    AD12                                              0.000     0.000 r  i_sys_clk_p (IN)
                         net (fo=0)                   0.000     0.000    pll_inst/inst/clk_in1_p
    AD12                 IBUFDS (Prop_ibufds_I_O)     0.388     0.388 r  pll_inst/inst/clkin1_ibufgds/O
                         net (fo=1, routed)           0.503     0.891    pll_inst/inst/clk_in1_pll
    MMCME2_ADV_X1Y1      MMCME2_ADV (Prop_mmcme2_adv_CLKIN1_CLKOUT0)
                                                     -3.040    -2.149 r  pll_inst/inst/mmcm_adv_inst/CLKOUT0
                         net (fo=1, routed)           0.940    -1.209    pll_inst/inst/clk_out1_pll
    BUFGCTRL_X0Y1        BUFG (Prop_bufg_I_O)         0.026    -1.183 r  pll_inst/inst/clkout1_buf/O
                         net (fo=581, routed)         0.620    -0.563    w_clk_50Mhz
    SLICE_X38Y122        FDCE                                         r  virtual_led_50_d1_reg[19]/C

Slack:                    inf
  Source:                 student_top_inst/mem_bridge/led_q_reg[21]/C
                            (rising edge-triggered cell FDRE clocked by clk_out2_pll  {rise@0.000ns fall@2.500ns period=5.000ns})
  Destination:            virtual_led_50_d1_reg[21]/D
                            (rising edge-triggered cell FDCE clocked by clk_out1_pll  {rise@0.000ns fall@10.000ns period=20.000ns})
  Path Group:             (none)
  Path Type:              Setup (Max at Fast Process Corner)
  Data Path Delay:        0.712ns  (logic 0.124ns (17.413%)  route 0.588ns (82.587%))
  Logic Levels:           0  
  Clock Path Skew:        -0.050ns (DCD - SCD + CPR)
    Destination Clock Delay (DCD):    -0.563ns
    Source Clock Delay      (SCD):    -0.512ns
    Clock Pessimism Removal (CPR):    0.000ns
  Clock Uncertainty:      0.194ns  ((TSJ^2 + DJ^2)^1/2) / 2 + PE
    Total System Jitter     (TSJ):    0.071ns
    Discrete Jitter          (DJ):    0.129ns
    Phase Error              (PE):    0.120ns
  Timing Exception:       Asynchronous Clock Groups

    Location             Delay type                Incr(ns)  Path(ns)    Netlist Resource(s)
  -------------------------------------------------------------------    -------------------
                         (clock clk_out2_pll rise edge)
                                                      0.000     0.000 r  
    AD12                                              0.000     0.000 r  i_sys_clk_p (IN)
                         net (fo=0)                   0.000     0.000    pll_inst/inst/clk_in1_p
    AD12                 IBUFDS (Prop_ibufds_I_O)     0.470     0.470 r  pll_inst/inst/clkin1_ibufgds/O
                         net (fo=1, routed)           0.553     1.023    pll_inst/inst/clk_in1_pll
    MMCME2_ADV_X1Y1      MMCME2_ADV (Prop_mmcme2_adv_CLKIN1_CLKOUT1)
                                                     -3.493    -2.470 r  pll_inst/inst/mmcm_adv_inst/CLKOUT1
                         net (fo=1, routed)           1.007    -1.463    pll_inst/inst/clk_out2_pll
    BUFGCTRL_X0Y0        BUFG (Prop_bufg_I_O)         0.030    -1.433 r  pll_inst/inst/clkout2_buf/O
                         net (fo=11531, routed)       0.921    -0.512    student_top_inst/mem_bridge/clk
    SLICE_X45Y96         FDRE                                         r  student_top_inst/mem_bridge/led_q_reg[21]/C
  -------------------------------------------------------------------    -------------------
    SLICE_X45Y96         FDRE (Prop_fdre_C_Q)         0.124    -0.388 r  student_top_inst/mem_bridge/led_q_reg[21]/Q
                         net (fo=2, routed)           0.588     0.200    virtual_led_OBUF[21]
    SLICE_X45Y121        FDCE                                         r  virtual_led_50_d1_reg[21]/D
  -------------------------------------------------------------------    -------------------

                         (clock clk_out1_pll rise edge)
                                                      0.000     0.000 r  
    AD12                                              0.000     0.000 r  i_sys_clk_p (IN)
                         net (fo=0)                   0.000     0.000    pll_inst/inst/clk_in1_p
    AD12                 IBUFDS (Prop_ibufds_I_O)     0.388     0.388 r  pll_inst/inst/clkin1_ibufgds/O
                         net (fo=1, routed)           0.503     0.891    pll_inst/inst/clk_in1_pll
    MMCME2_ADV_X1Y1      MMCME2_ADV (Prop_mmcme2_adv_CLKIN1_CLKOUT0)
                                                     -3.040    -2.149 r  pll_inst/inst/mmcm_adv_inst/CLKOUT0
                         net (fo=1, routed)           0.940    -1.209    pll_inst/inst/clk_out1_pll
    BUFGCTRL_X0Y1        BUFG (Prop_bufg_I_O)         0.026    -1.183 r  pll_inst/inst/clkout1_buf/O
                         net (fo=581, routed)         0.620    -0.563    w_clk_50Mhz
    SLICE_X45Y121        FDCE                                         r  virtual_led_50_d1_reg[21]/C

Slack:                    inf
  Source:                 student_top_inst/mem_bridge/led_q_reg[6]/C
                            (rising edge-triggered cell FDRE clocked by clk_out2_pll  {rise@0.000ns fall@2.500ns period=5.000ns})
  Destination:            virtual_led_50_d1_reg[6]/D
                            (rising edge-triggered cell FDCE clocked by clk_out1_pll  {rise@0.000ns fall@10.000ns period=20.000ns})
  Path Group:             (none)
  Path Type:              Setup (Max at Fast Process Corner)
  Data Path Delay:        0.710ns  (logic 0.124ns (17.460%)  route 0.586ns (82.540%))
  Logic Levels:           0  
  Clock Path Skew:        -0.044ns (DCD - SCD + CPR)
    Destination Clock Delay (DCD):    -0.558ns
    Source Clock Delay      (SCD):    -0.513ns
    Clock Pessimism Removal (CPR):    0.000ns
  Clock Uncertainty:      0.194ns  ((TSJ^2 + DJ^2)^1/2) / 2 + PE
    Total System Jitter     (TSJ):    0.071ns
    Discrete Jitter          (DJ):    0.129ns
    Phase Error              (PE):    0.120ns
  Timing Exception:       Asynchronous Clock Groups

    Location             Delay type                Incr(ns)  Path(ns)    Netlist Resource(s)
  -------------------------------------------------------------------    -------------------
                         (clock clk_out2_pll rise edge)
                                                      0.000     0.000 r  
    AD12                                              0.000     0.000 r  i_sys_clk_p (IN)
                         net (fo=0)                   0.000     0.000    pll_inst/inst/clk_in1_p
    AD12                 IBUFDS (Prop_ibufds_I_O)     0.470     0.470 r  pll_inst/inst/clkin1_ibufgds/O
                         net (fo=1, routed)           0.553     1.023    pll_inst/inst/clk_in1_pll
    MMCME2_ADV_X1Y1      MMCME2_ADV (Prop_mmcme2_adv_CLKIN1_CLKOUT1)
                                                     -3.493    -2.470 r  pll_inst/inst/mmcm_adv_inst/CLKOUT1
                         net (fo=1, routed)           1.007    -1.463    pll_inst/inst/clk_out2_pll
    BUFGCTRL_X0Y0        BUFG (Prop_bufg_I_O)         0.030    -1.433 r  pll_inst/inst/clkout2_buf/O
                         net (fo=11531, routed)       0.920    -0.513    student_top_inst/mem_bridge/clk
    SLICE_X48Y98         FDRE                                         r  student_top_inst/mem_bridge/led_q_reg[6]/C
  -------------------------------------------------------------------    -------------------
    SLICE_X48Y98         FDRE (Prop_fdre_C_Q)         0.124    -0.389 r  student_top_inst/mem_bridge/led_q_reg[6]/Q
                         net (fo=2, routed)           0.586     0.197    virtual_led_OBUF[6]
    SLICE_X41Y117        FDCE                                         r  virtual_led_50_d1_reg[6]/D
  -------------------------------------------------------------------    -------------------

                         (clock clk_out1_pll rise edge)
                                                      0.000     0.000 r  
    AD12                                              0.000     0.000 r  i_sys_clk_p (IN)
                         net (fo=0)                   0.000     0.000    pll_inst/inst/clk_in1_p
    AD12                 IBUFDS (Prop_ibufds_I_O)     0.388     0.388 r  pll_inst/inst/clkin1_ibufgds/O
                         net (fo=1, routed)           0.503     0.891    pll_inst/inst/clk_in1_pll
    MMCME2_ADV_X1Y1      MMCME2_ADV (Prop_mmcme2_adv_CLKIN1_CLKOUT0)
                                                     -3.040    -2.149 r  pll_inst/inst/mmcm_adv_inst/CLKOUT0
                         net (fo=1, routed)           0.940    -1.209    pll_inst/inst/clk_out1_pll
    BUFGCTRL_X0Y1        BUFG (Prop_bufg_I_O)         0.026    -1.183 r  pll_inst/inst/clkout1_buf/O
                         net (fo=581, routed)         0.625    -0.558    w_clk_50Mhz
    SLICE_X41Y117        FDCE                                         r  virtual_led_50_d1_reg[6]/C

Slack:                    inf
  Source:                 student_top_inst/mem_bridge/led_q_reg[13]/C
                            (rising edge-triggered cell FDRE clocked by clk_out2_pll  {rise@0.000ns fall@2.500ns period=5.000ns})
  Destination:            virtual_led_50_d1_reg[13]/D
                            (rising edge-triggered cell FDCE clocked by clk_out1_pll  {rise@0.000ns fall@10.000ns period=20.000ns})
  Path Group:             (none)
  Path Type:              Setup (Max at Fast Process Corner)
  Data Path Delay:        0.706ns  (logic 0.147ns (20.816%)  route 0.559ns (79.184%))
  Logic Levels:           0  
  Clock Path Skew:        -0.048ns (DCD - SCD + CPR)
    Destination Clock Delay (DCD):    -0.561ns
    Source Clock Delay      (SCD):    -0.512ns
    Clock Pessimism Removal (CPR):    0.000ns
  Clock Uncertainty:      0.194ns  ((TSJ^2 + DJ^2)^1/2) / 2 + PE
    Total System Jitter     (TSJ):    0.071ns
    Discrete Jitter          (DJ):    0.129ns
    Phase Error              (PE):    0.120ns
  Timing Exception:       Asynchronous Clock Groups

    Location             Delay type                Incr(ns)  Path(ns)    Netlist Resource(s)
  -------------------------------------------------------------------    -------------------
                         (clock clk_out2_pll rise edge)
                                                      0.000     0.000 r  
    AD12                                              0.000     0.000 r  i_sys_clk_p (IN)
                         net (fo=0)                   0.000     0.000    pll_inst/inst/clk_in1_p
    AD12                 IBUFDS (Prop_ibufds_I_O)     0.470     0.470 r  pll_inst/inst/clkin1_ibufgds/O
                         net (fo=1, routed)           0.553     1.023    pll_inst/inst/clk_in1_pll
    MMCME2_ADV_X1Y1      MMCME2_ADV (Prop_mmcme2_adv_CLKIN1_CLKOUT1)
                                                     -3.493    -2.470 r  pll_inst/inst/mmcm_adv_inst/CLKOUT1
                         net (fo=1, routed)           1.007    -1.463    pll_inst/inst/clk_out2_pll
    BUFGCTRL_X0Y0        BUFG (Prop_bufg_I_O)         0.030    -1.433 r  pll_inst/inst/clkout2_buf/O
                         net (fo=11531, routed)       0.921    -0.512    student_top_inst/mem_bridge/clk
    SLICE_X42Y96         FDRE                                         r  student_top_inst/mem_bridge/led_q_reg[13]/C
  -------------------------------------------------------------------    -------------------
    SLICE_X42Y96         FDRE (Prop_fdre_C_Q)         0.147    -0.365 r  student_top_inst/mem_bridge/led_q_reg[13]/Q
                         net (fo=2, routed)           0.559     0.194    virtual_led_OBUF[13]
    SLICE_X43Y119        FDCE                                         r  virtual_led_50_d1_reg[13]/D
  -------------------------------------------------------------------    -------------------

                         (clock clk_out1_pll rise edge)
                                                      0.000     0.000 r  
    AD12                                              0.000     0.000 r  i_sys_clk_p (IN)
                         net (fo=0)                   0.000     0.000    pll_inst/inst/clk_in1_p
    AD12                 IBUFDS (Prop_ibufds_I_O)     0.388     0.388 r  pll_inst/inst/clkin1_ibufgds/O
                         net (fo=1, routed)           0.503     0.891    pll_inst/inst/clk_in1_pll
    MMCME2_ADV_X1Y1      MMCME2_ADV (Prop_mmcme2_adv_CLKIN1_CLKOUT0)
                                                     -3.040    -2.149 r  pll_inst/inst/mmcm_adv_inst/CLKOUT0
                         net (fo=1, routed)           0.940    -1.209    pll_inst/inst/clk_out1_pll
    BUFGCTRL_X0Y1        BUFG (Prop_bufg_I_O)         0.026    -1.183 r  pll_inst/inst/clkout1_buf/O
                         net (fo=581, routed)         0.622    -0.561    w_clk_50Mhz
    SLICE_X43Y119        FDCE                                         r  virtual_led_50_d1_reg[13]/C

Slack:                    inf
  Source:                 student_top_inst/mem_bridge/led_q_reg[8]/C
                            (rising edge-triggered cell FDRE clocked by clk_out2_pll  {rise@0.000ns fall@2.500ns period=5.000ns})
  Destination:            virtual_led_50_d1_reg[8]/D
                            (rising edge-triggered cell FDCE clocked by clk_out1_pll  {rise@0.000ns fall@10.000ns period=20.000ns})
  Path Group:             (none)
  Path Type:              Setup (Max at Fast Process Corner)
  Data Path Delay:        0.706ns  (logic 0.133ns (18.847%)  route 0.573ns (81.153%))
  Logic Levels:           0  
  Clock Path Skew:        -0.041ns (DCD - SCD + CPR)
    Destination Clock Delay (DCD):    -0.555ns
    Source Clock Delay      (SCD):    -0.513ns
    Clock Pessimism Removal (CPR):    0.000ns
  Clock Uncertainty:      0.194ns  ((TSJ^2 + DJ^2)^1/2) / 2 + PE
    Total System Jitter     (TSJ):    0.071ns
    Discrete Jitter          (DJ):    0.129ns
    Phase Error              (PE):    0.120ns
  Timing Exception:       Asynchronous Clock Groups

    Location             Delay type                Incr(ns)  Path(ns)    Netlist Resource(s)
  -------------------------------------------------------------------    -------------------
                         (clock clk_out2_pll rise edge)
                                                      0.000     0.000 r  
    AD12                                              0.000     0.000 r  i_sys_clk_p (IN)
                         net (fo=0)                   0.000     0.000    pll_inst/inst/clk_in1_p
    AD12                 IBUFDS (Prop_ibufds_I_O)     0.470     0.470 r  pll_inst/inst/clkin1_ibufgds/O
                         net (fo=1, routed)           0.553     1.023    pll_inst/inst/clk_in1_pll
    MMCME2_ADV_X1Y1      MMCME2_ADV (Prop_mmcme2_adv_CLKIN1_CLKOUT1)
                                                     -3.493    -2.470 r  pll_inst/inst/mmcm_adv_inst/CLKOUT1
                         net (fo=1, routed)           1.007    -1.463    pll_inst/inst/clk_out2_pll
    BUFGCTRL_X0Y0        BUFG (Prop_bufg_I_O)         0.030    -1.433 r  pll_inst/inst/clkout2_buf/O
                         net (fo=11531, routed)       0.920    -0.513    student_top_inst/mem_bridge/clk
    SLICE_X46Y98         FDRE                                         r  student_top_inst/mem_bridge/led_q_reg[8]/C
  -------------------------------------------------------------------    -------------------
    SLICE_X46Y98         FDRE (Prop_fdre_C_Q)         0.133    -0.380 r  student_top_inst/mem_bridge/led_q_reg[8]/Q
                         net (fo=2, routed)           0.573     0.192    virtual_led_OBUF[8]
    SLICE_X37Y114        FDCE                                         r  virtual_led_50_d1_reg[8]/D
  -------------------------------------------------------------------    -------------------

                         (clock clk_out1_pll rise edge)
                                                      0.000     0.000 r  
    AD12                                              0.000     0.000 r  i_sys_clk_p (IN)
                         net (fo=0)                   0.000     0.000    pll_inst/inst/clk_in1_p
    AD12                 IBUFDS (Prop_ibufds_I_O)     0.388     0.388 r  pll_inst/inst/clkin1_ibufgds/O
                         net (fo=1, routed)           0.503     0.891    pll_inst/inst/clk_in1_pll
    MMCME2_ADV_X1Y1      MMCME2_ADV (Prop_mmcme2_adv_CLKIN1_CLKOUT0)
                                                     -3.040    -2.149 r  pll_inst/inst/mmcm_adv_inst/CLKOUT0
                         net (fo=1, routed)           0.940    -1.209    pll_inst/inst/clk_out1_pll
    BUFGCTRL_X0Y1        BUFG (Prop_bufg_I_O)         0.026    -1.183 r  pll_inst/inst/clkout1_buf/O
                         net (fo=581, routed)         0.628    -0.555    w_clk_50Mhz
    SLICE_X37Y114        FDCE                                         r  virtual_led_50_d1_reg[8]/C

Slack:                    inf
  Source:                 student_top_inst/mem_bridge/led_q_reg[18]/C
                            (rising edge-triggered cell FDRE clocked by clk_out2_pll  {rise@0.000ns fall@2.500ns period=5.000ns})
  Destination:            virtual_led_50_d1_reg[18]/D
                            (rising edge-triggered cell FDCE clocked by clk_out1_pll  {rise@0.000ns fall@10.000ns period=20.000ns})
  Path Group:             (none)
  Path Type:              Setup (Max at Fast Process Corner)
  Data Path Delay:        0.680ns  (logic 0.147ns (21.632%)  route 0.533ns (78.368%))
  Logic Levels:           0  
  Clock Path Skew:        -0.049ns (DCD - SCD + CPR)
    Destination Clock Delay (DCD):    -0.563ns
    Source Clock Delay      (SCD):    -0.513ns
    Clock Pessimism Removal (CPR):    0.000ns
  Clock Uncertainty:      0.194ns  ((TSJ^2 + DJ^2)^1/2) / 2 + PE
    Total System Jitter     (TSJ):    0.071ns
    Discrete Jitter          (DJ):    0.129ns
    Phase Error              (PE):    0.120ns
  Timing Exception:       Asynchronous Clock Groups

    Location             Delay type                Incr(ns)  Path(ns)    Netlist Resource(s)
  -------------------------------------------------------------------    -------------------
                         (clock clk_out2_pll rise edge)
                                                      0.000     0.000 r  
    AD12                                              0.000     0.000 r  i_sys_clk_p (IN)
                         net (fo=0)                   0.000     0.000    pll_inst/inst/clk_in1_p
    AD12                 IBUFDS (Prop_ibufds_I_O)     0.470     0.470 r  pll_inst/inst/clkin1_ibufgds/O
                         net (fo=1, routed)           0.553     1.023    pll_inst/inst/clk_in1_pll
    MMCME2_ADV_X1Y1      MMCME2_ADV (Prop_mmcme2_adv_CLKIN1_CLKOUT1)
                                                     -3.493    -2.470 r  pll_inst/inst/mmcm_adv_inst/CLKOUT1
                         net (fo=1, routed)           1.007    -1.463    pll_inst/inst/clk_out2_pll
    BUFGCTRL_X0Y0        BUFG (Prop_bufg_I_O)         0.030    -1.433 r  pll_inst/inst/clkout2_buf/O
                         net (fo=11531, routed)       0.920    -0.513    student_top_inst/mem_bridge/clk
    SLICE_X46Y98         FDRE                                         r  student_top_inst/mem_bridge/led_q_reg[18]/C
  -------------------------------------------------------------------    -------------------
    SLICE_X46Y98         FDRE (Prop_fdre_C_Q)         0.147    -0.366 r  student_top_inst/mem_bridge/led_q_reg[18]/Q
                         net (fo=2, routed)           0.533     0.166    virtual_led_OBUF[18]
    SLICE_X38Y122        FDCE                                         r  virtual_led_50_d1_reg[18]/D
  -------------------------------------------------------------------    -------------------

                         (clock clk_out1_pll rise edge)
                                                      0.000     0.000 r  
    AD12                                              0.000     0.000 r  i_sys_clk_p (IN)
                         net (fo=0)                   0.000     0.000    pll_inst/inst/clk_in1_p
    AD12                 IBUFDS (Prop_ibufds_I_O)     0.388     0.388 r  pll_inst/inst/clkin1_ibufgds/O
                         net (fo=1, routed)           0.503     0.891    pll_inst/inst/clk_in1_pll
    MMCME2_ADV_X1Y1      MMCME2_ADV (Prop_mmcme2_adv_CLKIN1_CLKOUT0)
                                                     -3.040    -2.149 r  pll_inst/inst/mmcm_adv_inst/CLKOUT0
                         net (fo=1, routed)           0.940    -1.209    pll_inst/inst/clk_out1_pll
    BUFGCTRL_X0Y1        BUFG (Prop_bufg_I_O)         0.026    -1.183 r  pll_inst/inst/clkout1_buf/O
                         net (fo=581, routed)         0.620    -0.563    w_clk_50Mhz
    SLICE_X38Y122        FDCE                                         r  virtual_led_50_d1_reg[18]/C

Slack:                    inf
  Source:                 student_top_inst/mem_bridge/led_q_reg[30]/C
                            (rising edge-triggered cell FDRE clocked by clk_out2_pll  {rise@0.000ns fall@2.500ns period=5.000ns})
  Destination:            virtual_led_50_d1_reg[30]/D
                            (rising edge-triggered cell FDCE clocked by clk_out1_pll  {rise@0.000ns fall@10.000ns period=20.000ns})
  Path Group:             (none)
  Path Type:              Setup (Max at Fast Process Corner)
  Data Path Delay:        0.676ns  (logic 0.133ns (19.685%)  route 0.543ns (80.315%))
  Logic Levels:           0  
  Clock Path Skew:        -0.050ns (DCD - SCD + CPR)
    Destination Clock Delay (DCD):    -0.564ns
    Source Clock Delay      (SCD):    -0.513ns
    Clock Pessimism Removal (CPR):    0.000ns
  Clock Uncertainty:      0.194ns  ((TSJ^2 + DJ^2)^1/2) / 2 + PE
    Total System Jitter     (TSJ):    0.071ns
    Discrete Jitter          (DJ):    0.129ns
    Phase Error              (PE):    0.120ns
  Timing Exception:       Asynchronous Clock Groups

    Location             Delay type                Incr(ns)  Path(ns)    Netlist Resource(s)
  -------------------------------------------------------------------    -------------------
                         (clock clk_out2_pll rise edge)
                                                      0.000     0.000 r  
    AD12                                              0.000     0.000 r  i_sys_clk_p (IN)
                         net (fo=0)                   0.000     0.000    pll_inst/inst/clk_in1_p
    AD12                 IBUFDS (Prop_ibufds_I_O)     0.470     0.470 r  pll_inst/inst/clkin1_ibufgds/O
                         net (fo=1, routed)           0.553     1.023    pll_inst/inst/clk_in1_pll
    MMCME2_ADV_X1Y1      MMCME2_ADV (Prop_mmcme2_adv_CLKIN1_CLKOUT1)
                                                     -3.493    -2.470 r  pll_inst/inst/mmcm_adv_inst/CLKOUT1
                         net (fo=1, routed)           1.007    -1.463    pll_inst/inst/clk_out2_pll
    BUFGCTRL_X0Y0        BUFG (Prop_bufg_I_O)         0.030    -1.433 r  pll_inst/inst/clkout2_buf/O
                         net (fo=11531, routed)       0.920    -0.513    student_top_inst/mem_bridge/clk
    SLICE_X46Y98         FDRE                                         r  student_top_inst/mem_bridge/led_q_reg[30]/C
  -------------------------------------------------------------------    -------------------
    SLICE_X46Y98         FDRE (Prop_fdre_C_Q)         0.133    -0.380 r  student_top_inst/mem_bridge/led_q_reg[30]/Q
                         net (fo=2, routed)           0.543     0.162    virtual_led_OBUF[30]
    SLICE_X44Y122        FDCE                                         r  virtual_led_50_d1_reg[30]/D
  -------------------------------------------------------------------    -------------------

                         (clock clk_out1_pll rise edge)
                                                      0.000     0.000 r  
    AD12                                              0.000     0.000 r  i_sys_clk_p (IN)
                         net (fo=0)                   0.000     0.000    pll_inst/inst/clk_in1_p
    AD12                 IBUFDS (Prop_ibufds_I_O)     0.388     0.388 r  pll_inst/inst/clkin1_ibufgds/O
                         net (fo=1, routed)           0.503     0.891    pll_inst/inst/clk_in1_pll
    MMCME2_ADV_X1Y1      MMCME2_ADV (Prop_mmcme2_adv_CLKIN1_CLKOUT0)
                                                     -3.040    -2.149 r  pll_inst/inst/mmcm_adv_inst/CLKOUT0
                         net (fo=1, routed)           0.940    -1.209    pll_inst/inst/clk_out1_pll
    BUFGCTRL_X0Y1        BUFG (Prop_bufg_I_O)         0.026    -1.183 r  pll_inst/inst/clkout1_buf/O
                         net (fo=581, routed)         0.619    -0.564    w_clk_50Mhz
    SLICE_X44Y122        FDCE                                         r  virtual_led_50_d1_reg[30]/C

Slack:                    inf
  Source:                 student_top_inst/mem_bridge/led_q_reg[16]/C
                            (rising edge-triggered cell FDRE clocked by clk_out2_pll  {rise@0.000ns fall@2.500ns period=5.000ns})
  Destination:            virtual_led_50_d1_reg[16]/D
                            (rising edge-triggered cell FDCE clocked by clk_out1_pll  {rise@0.000ns fall@10.000ns period=20.000ns})
  Path Group:             (none)
  Path Type:              Setup (Max at Fast Process Corner)
  Data Path Delay:        0.672ns  (logic 0.147ns (21.874%)  route 0.525ns (78.126%))
  Logic Levels:           0  
  Clock Path Skew:        -0.049ns (DCD - SCD + CPR)
    Destination Clock Delay (DCD):    -0.561ns
    Source Clock Delay      (SCD):    -0.511ns
    Clock Pessimism Removal (CPR):    0.000ns
  Clock Uncertainty:      0.194ns  ((TSJ^2 + DJ^2)^1/2) / 2 + PE
    Total System Jitter     (TSJ):    0.071ns
    Discrete Jitter          (DJ):    0.129ns
    Phase Error              (PE):    0.120ns
  Timing Exception:       Asynchronous Clock Groups

    Location             Delay type                Incr(ns)  Path(ns)    Netlist Resource(s)
  -------------------------------------------------------------------    -------------------
                         (clock clk_out2_pll rise edge)
                                                      0.000     0.000 r  
    AD12                                              0.000     0.000 r  i_sys_clk_p (IN)
                         net (fo=0)                   0.000     0.000    pll_inst/inst/clk_in1_p
    AD12                 IBUFDS (Prop_ibufds_I_O)     0.470     0.470 r  pll_inst/inst/clkin1_ibufgds/O
                         net (fo=1, routed)           0.553     1.023    pll_inst/inst/clk_in1_pll
    MMCME2_ADV_X1Y1      MMCME2_ADV (Prop_mmcme2_adv_CLKIN1_CLKOUT1)
                                                     -3.493    -2.470 r  pll_inst/inst/mmcm_adv_inst/CLKOUT1
                         net (fo=1, routed)           1.007    -1.463    pll_inst/inst/clk_out2_pll
    BUFGCTRL_X0Y0        BUFG (Prop_bufg_I_O)         0.030    -1.433 r  pll_inst/inst/clkout2_buf/O
                         net (fo=11531, routed)       0.922    -0.511    student_top_inst/mem_bridge/clk
    SLICE_X42Y97         FDRE                                         r  student_top_inst/mem_bridge/led_q_reg[16]/C
  -------------------------------------------------------------------    -------------------
    SLICE_X42Y97         FDRE (Prop_fdre_C_Q)         0.147    -0.364 r  student_top_inst/mem_bridge/led_q_reg[16]/Q
                         net (fo=2, routed)           0.525     0.161    virtual_led_OBUF[16]
    SLICE_X42Y119        FDCE                                         r  virtual_led_50_d1_reg[16]/D
  -------------------------------------------------------------------    -------------------

                         (clock clk_out1_pll rise edge)
                                                      0.000     0.000 r  
    AD12                                              0.000     0.000 r  i_sys_clk_p (IN)
                         net (fo=0)                   0.000     0.000    pll_inst/inst/clk_in1_p
    AD12                 IBUFDS (Prop_ibufds_I_O)     0.388     0.388 r  pll_inst/inst/clkin1_ibufgds/O
                         net (fo=1, routed)           0.503     0.891    pll_inst/inst/clk_in1_pll
    MMCME2_ADV_X1Y1      MMCME2_ADV (Prop_mmcme2_adv_CLKIN1_CLKOUT0)
                                                     -3.040    -2.149 r  pll_inst/inst/mmcm_adv_inst/CLKOUT0
                         net (fo=1, routed)           0.940    -1.209    pll_inst/inst/clk_out1_pll
    BUFGCTRL_X0Y1        BUFG (Prop_bufg_I_O)         0.026    -1.183 r  pll_inst/inst/clkout1_buf/O
                         net (fo=581, routed)         0.622    -0.561    w_clk_50Mhz
    SLICE_X42Y119        FDCE                                         r  virtual_led_50_d1_reg[16]/C

Slack:                    inf
  Source:                 student_top_inst/mem_bridge/led_q_reg[12]/C
                            (rising edge-triggered cell FDRE clocked by clk_out2_pll  {rise@0.000ns fall@2.500ns period=5.000ns})
  Destination:            virtual_led_50_d1_reg[12]/D
                            (rising edge-triggered cell FDCE clocked by clk_out1_pll  {rise@0.000ns fall@10.000ns period=20.000ns})
  Path Group:             (none)
  Path Type:              Setup (Max at Fast Process Corner)
  Data Path Delay:        0.667ns  (logic 0.124ns (18.587%)  route 0.543ns (81.413%))
  Logic Levels:           0  
  Clock Path Skew:        -0.047ns (DCD - SCD + CPR)
    Destination Clock Delay (DCD):    -0.557ns
    Source Clock Delay      (SCD):    -0.509ns
    Clock Pessimism Removal (CPR):    0.000ns
  Clock Uncertainty:      0.194ns  ((TSJ^2 + DJ^2)^1/2) / 2 + PE
    Total System Jitter     (TSJ):    0.071ns
    Discrete Jitter          (DJ):    0.129ns
    Phase Error              (PE):    0.120ns
  Timing Exception:       Asynchronous Clock Groups

    Location             Delay type                Incr(ns)  Path(ns)    Netlist Resource(s)
  -------------------------------------------------------------------    -------------------
                         (clock clk_out2_pll rise edge)
                                                      0.000     0.000 r  
    AD12                                              0.000     0.000 r  i_sys_clk_p (IN)
                         net (fo=0)                   0.000     0.000    pll_inst/inst/clk_in1_p
    AD12                 IBUFDS (Prop_ibufds_I_O)     0.470     0.470 r  pll_inst/inst/clkin1_ibufgds/O
                         net (fo=1, routed)           0.553     1.023    pll_inst/inst/clk_in1_pll
    MMCME2_ADV_X1Y1      MMCME2_ADV (Prop_mmcme2_adv_CLKIN1_CLKOUT1)
                                                     -3.493    -2.470 r  pll_inst/inst/mmcm_adv_inst/CLKOUT1
                         net (fo=1, routed)           1.007    -1.463    pll_inst/inst/clk_out2_pll
    BUFGCTRL_X0Y0        BUFG (Prop_bufg_I_O)         0.030    -1.433 r  pll_inst/inst/clkout2_buf/O
                         net (fo=11531, routed)       0.924    -0.509    student_top_inst/mem_bridge/clk
    SLICE_X41Y97         FDRE                                         r  student_top_inst/mem_bridge/led_q_reg[12]/C
  -------------------------------------------------------------------    -------------------
    SLICE_X41Y97         FDRE (Prop_fdre_C_Q)         0.124    -0.385 r  student_top_inst/mem_bridge/led_q_reg[12]/Q
                         net (fo=2, routed)           0.543     0.158    virtual_led_OBUF[12]
    SLICE_X39Y116        FDCE                                         r  virtual_led_50_d1_reg[12]/D
  -------------------------------------------------------------------    -------------------

                         (clock clk_out1_pll rise edge)
                                                      0.000     0.000 r  
    AD12                                              0.000     0.000 r  i_sys_clk_p (IN)
                         net (fo=0)                   0.000     0.000    pll_inst/inst/clk_in1_p
    AD12                 IBUFDS (Prop_ibufds_I_O)     0.388     0.388 r  pll_inst/inst/clkin1_ibufgds/O
                         net (fo=1, routed)           0.503     0.891    pll_inst/inst/clk_in1_pll
    MMCME2_ADV_X1Y1      MMCME2_ADV (Prop_mmcme2_adv_CLKIN1_CLKOUT0)
                                                     -3.040    -2.149 r  pll_inst/inst/mmcm_adv_inst/CLKOUT0
                         net (fo=1, routed)           0.940    -1.209    pll_inst/inst/clk_out1_pll
    BUFGCTRL_X0Y1        BUFG (Prop_bufg_I_O)         0.026    -1.183 r  pll_inst/inst/clkout1_buf/O
                         net (fo=581, routed)         0.626    -0.557    w_clk_50Mhz
    SLICE_X39Y116        FDCE                                         r  virtual_led_50_d1_reg[12]/C

Slack:                    inf
  Source:                 student_top_inst/mem_bridge/led_q_reg[17]/C
                            (rising edge-triggered cell FDRE clocked by clk_out2_pll  {rise@0.000ns fall@2.500ns period=5.000ns})
  Destination:            virtual_led_50_d1_reg[17]/D
                            (rising edge-triggered cell FDCE clocked by clk_out1_pll  {rise@0.000ns fall@10.000ns period=20.000ns})
  Path Group:             (none)
  Path Type:              Setup (Max at Fast Process Corner)
  Data Path Delay:        0.660ns  (logic 0.124ns (18.781%)  route 0.536ns (81.219%))
  Logic Levels:           0  
  Clock Path Skew:        -0.053ns (DCD - SCD + CPR)
    Destination Clock Delay (DCD):    -0.563ns
    Source Clock Delay      (SCD):    -0.509ns
    Clock Pessimism Removal (CPR):    0.000ns
  Clock Uncertainty:      0.194ns  ((TSJ^2 + DJ^2)^1/2) / 2 + PE
    Total System Jitter     (TSJ):    0.071ns
    Discrete Jitter          (DJ):    0.129ns
    Phase Error              (PE):    0.120ns
  Timing Exception:       Asynchronous Clock Groups

    Location             Delay type                Incr(ns)  Path(ns)    Netlist Resource(s)
  -------------------------------------------------------------------    -------------------
                         (clock clk_out2_pll rise edge)
                                                      0.000     0.000 r  
    AD12                                              0.000     0.000 r  i_sys_clk_p (IN)
                         net (fo=0)                   0.000     0.000    pll_inst/inst/clk_in1_p
    AD12                 IBUFDS (Prop_ibufds_I_O)     0.470     0.470 r  pll_inst/inst/clkin1_ibufgds/O
                         net (fo=1, routed)           0.553     1.023    pll_inst/inst/clk_in1_pll
    MMCME2_ADV_X1Y1      MMCME2_ADV (Prop_mmcme2_adv_CLKIN1_CLKOUT1)
                                                     -3.493    -2.470 r  pll_inst/inst/mmcm_adv_inst/CLKOUT1
                         net (fo=1, routed)           1.007    -1.463    pll_inst/inst/clk_out2_pll
    BUFGCTRL_X0Y0        BUFG (Prop_bufg_I_O)         0.030    -1.433 r  pll_inst/inst/clkout2_buf/O
                         net (fo=11531, routed)       0.924    -0.509    student_top_inst/mem_bridge/clk
    SLICE_X41Y97         FDRE                                         r  student_top_inst/mem_bridge/led_q_reg[17]/C
  -------------------------------------------------------------------    -------------------
    SLICE_X41Y97         FDRE (Prop_fdre_C_Q)         0.124    -0.385 r  student_top_inst/mem_bridge/led_q_reg[17]/Q
                         net (fo=2, routed)           0.536     0.151    virtual_led_OBUF[17]
    SLICE_X41Y122        FDCE                                         r  virtual_led_50_d1_reg[17]/D
  -------------------------------------------------------------------    -------------------

                         (clock clk_out1_pll rise edge)
                                                      0.000     0.000 r  
    AD12                                              0.000     0.000 r  i_sys_clk_p (IN)
                         net (fo=0)                   0.000     0.000    pll_inst/inst/clk_in1_p
    AD12                 IBUFDS (Prop_ibufds_I_O)     0.388     0.388 r  pll_inst/inst/clkin1_ibufgds/O
                         net (fo=1, routed)           0.503     0.891    pll_inst/inst/clk_in1_pll
    MMCME2_ADV_X1Y1      MMCME2_ADV (Prop_mmcme2_adv_CLKIN1_CLKOUT0)
                                                     -3.040    -2.149 r  pll_inst/inst/mmcm_adv_inst/CLKOUT0
                         net (fo=1, routed)           0.940    -1.209    pll_inst/inst/clk_out1_pll
    BUFGCTRL_X0Y1        BUFG (Prop_bufg_I_O)         0.026    -1.183 r  pll_inst/inst/clkout1_buf/O
                         net (fo=581, routed)         0.620    -0.563    w_clk_50Mhz
    SLICE_X41Y122        FDCE                                         r  virtual_led_50_d1_reg[17]/C

Slack:                    inf
  Source:                 student_top_inst/mem_bridge/led_q_reg[25]/C
                            (rising edge-triggered cell FDRE clocked by clk_out2_pll  {rise@0.000ns fall@2.500ns period=5.000ns})
  Destination:            virtual_led_50_d1_reg[25]/D
                            (rising edge-triggered cell FDCE clocked by clk_out1_pll  {rise@0.000ns fall@10.000ns period=20.000ns})
  Path Group:             (none)
  Path Type:              Setup (Max at Fast Process Corner)
  Data Path Delay:        0.658ns  (logic 0.124ns (18.851%)  route 0.534ns (81.149%))
  Logic Levels:           0  
  Clock Path Skew:        -0.052ns (DCD - SCD + CPR)
    Destination Clock Delay (DCD):    -0.562ns
    Source Clock Delay      (SCD):    -0.509ns
    Clock Pessimism Removal (CPR):    0.000ns
  Clock Uncertainty:      0.194ns  ((TSJ^2 + DJ^2)^1/2) / 2 + PE
    Total System Jitter     (TSJ):    0.071ns
    Discrete Jitter          (DJ):    0.129ns
    Phase Error              (PE):    0.120ns
  Timing Exception:       Asynchronous Clock Groups

    Location             Delay type                Incr(ns)  Path(ns)    Netlist Resource(s)
  -------------------------------------------------------------------    -------------------
                         (clock clk_out2_pll rise edge)
                                                      0.000     0.000 r  
    AD12                                              0.000     0.000 r  i_sys_clk_p (IN)
                         net (fo=0)                   0.000     0.000    pll_inst/inst/clk_in1_p
    AD12                 IBUFDS (Prop_ibufds_I_O)     0.470     0.470 r  pll_inst/inst/clkin1_ibufgds/O
                         net (fo=1, routed)           0.553     1.023    pll_inst/inst/clk_in1_pll
    MMCME2_ADV_X1Y1      MMCME2_ADV (Prop_mmcme2_adv_CLKIN1_CLKOUT1)
                                                     -3.493    -2.470 r  pll_inst/inst/mmcm_adv_inst/CLKOUT1
                         net (fo=1, routed)           1.007    -1.463    pll_inst/inst/clk_out2_pll
    BUFGCTRL_X0Y0        BUFG (Prop_bufg_I_O)         0.030    -1.433 r  pll_inst/inst/clkout2_buf/O
                         net (fo=11531, routed)       0.924    -0.509    student_top_inst/mem_bridge/clk
    SLICE_X41Y97         FDRE                                         r  student_top_inst/mem_bridge/led_q_reg[25]/C
  -------------------------------------------------------------------    -------------------
    SLICE_X41Y97         FDRE (Prop_fdre_C_Q)         0.124    -0.385 r  student_top_inst/mem_bridge/led_q_reg[25]/Q
                         net (fo=2, routed)           0.534     0.148    virtual_led_OBUF[25]
    SLICE_X38Y121        FDCE                                         r  virtual_led_50_d1_reg[25]/D
  -------------------------------------------------------------------    -------------------

                         (clock clk_out1_pll rise edge)
                                                      0.000     0.000 r  
    AD12                                              0.000     0.000 r  i_sys_clk_p (IN)
                         net (fo=0)                   0.000     0.000    pll_inst/inst/clk_in1_p
    AD12                 IBUFDS (Prop_ibufds_I_O)     0.388     0.388 r  pll_inst/inst/clkin1_ibufgds/O
                         net (fo=1, routed)           0.503     0.891    pll_inst/inst/clk_in1_pll
    MMCME2_ADV_X1Y1      MMCME2_ADV (Prop_mmcme2_adv_CLKIN1_CLKOUT0)
                                                     -3.040    -2.149 r  pll_inst/inst/mmcm_adv_inst/CLKOUT0
                         net (fo=1, routed)           0.940    -1.209    pll_inst/inst/clk_out1_pll
    BUFGCTRL_X0Y1        BUFG (Prop_bufg_I_O)         0.026    -1.183 r  pll_inst/inst/clkout1_buf/O
                         net (fo=581, routed)         0.621    -0.562    w_clk_50Mhz
    SLICE_X38Y121        FDCE                                         r  virtual_led_50_d1_reg[25]/C

Slack:                    inf
  Source:                 student_top_inst/mem_bridge/led_q_reg[1]/C
                            (rising edge-triggered cell FDRE clocked by clk_out2_pll  {rise@0.000ns fall@2.500ns period=5.000ns})
  Destination:            virtual_led_50_d1_reg[1]/D
                            (rising edge-triggered cell FDCE clocked by clk_out1_pll  {rise@0.000ns fall@10.000ns period=20.000ns})
  Path Group:             (none)
  Path Type:              Setup (Max at Fast Process Corner)
  Data Path Delay:        0.658ns  (logic 0.124ns (18.836%)  route 0.534ns (81.164%))
  Logic Levels:           0  
  Clock Path Skew:        -0.047ns (DCD - SCD + CPR)
    Destination Clock Delay (DCD):    -0.560ns
    Source Clock Delay      (SCD):    -0.512ns
    Clock Pessimism Removal (CPR):    0.000ns
  Clock Uncertainty:      0.194ns  ((TSJ^2 + DJ^2)^1/2) / 2 + PE
    Total System Jitter     (TSJ):    0.071ns
    Discrete Jitter          (DJ):    0.129ns
    Phase Error              (PE):    0.120ns
  Timing Exception:       Asynchronous Clock Groups

    Location             Delay type                Incr(ns)  Path(ns)    Netlist Resource(s)
  -------------------------------------------------------------------    -------------------
                         (clock clk_out2_pll rise edge)
                                                      0.000     0.000 r  
    AD12                                              0.000     0.000 r  i_sys_clk_p (IN)
                         net (fo=0)                   0.000     0.000    pll_inst/inst/clk_in1_p
    AD12                 IBUFDS (Prop_ibufds_I_O)     0.470     0.470 r  pll_inst/inst/clkin1_ibufgds/O
                         net (fo=1, routed)           0.553     1.023    pll_inst/inst/clk_in1_pll
    MMCME2_ADV_X1Y1      MMCME2_ADV (Prop_mmcme2_adv_CLKIN1_CLKOUT1)
                                                     -3.493    -2.470 r  pll_inst/inst/mmcm_adv_inst/CLKOUT1
                         net (fo=1, routed)           1.007    -1.463    pll_inst/inst/clk_out2_pll
    BUFGCTRL_X0Y0        BUFG (Prop_bufg_I_O)         0.030    -1.433 r  pll_inst/inst/clkout2_buf/O
                         net (fo=11531, routed)       0.921    -0.512    student_top_inst/mem_bridge/clk
    SLICE_X43Y96         FDRE                                         r  student_top_inst/mem_bridge/led_q_reg[1]/C
  -------------------------------------------------------------------    -------------------
    SLICE_X43Y96         FDRE (Prop_fdre_C_Q)         0.124    -0.388 r  student_top_inst/mem_bridge/led_q_reg[1]/Q
                         net (fo=2, routed)           0.534     0.146    virtual_led_OBUF[1]
    SLICE_X43Y118        FDCE                                         r  virtual_led_50_d1_reg[1]/D
  -------------------------------------------------------------------    -------------------

                         (clock clk_out1_pll rise edge)
                                                      0.000     0.000 r  
    AD12                                              0.000     0.000 r  i_sys_clk_p (IN)
                         net (fo=0)                   0.000     0.000    pll_inst/inst/clk_in1_p
    AD12                 IBUFDS (Prop_ibufds_I_O)     0.388     0.388 r  pll_inst/inst/clkin1_ibufgds/O
                         net (fo=1, routed)           0.503     0.891    pll_inst/inst/clk_in1_pll
    MMCME2_ADV_X1Y1      MMCME2_ADV (Prop_mmcme2_adv_CLKIN1_CLKOUT0)
                                                     -3.040    -2.149 r  pll_inst/inst/mmcm_adv_inst/CLKOUT0
                         net (fo=1, routed)           0.940    -1.209    pll_inst/inst/clk_out1_pll
    BUFGCTRL_X0Y1        BUFG (Prop_bufg_I_O)         0.026    -1.183 r  pll_inst/inst/clkout1_buf/O
                         net (fo=581, routed)         0.623    -0.560    w_clk_50Mhz
    SLICE_X43Y118        FDCE                                         r  virtual_led_50_d1_reg[1]/C

Slack:                    inf
  Source:                 student_top_inst/mem_bridge/led_q_reg[28]/C
                            (rising edge-triggered cell FDRE clocked by clk_out2_pll  {rise@0.000ns fall@2.500ns period=5.000ns})
  Destination:            virtual_led_50_d1_reg[28]/D
                            (rising edge-triggered cell FDCE clocked by clk_out1_pll  {rise@0.000ns fall@10.000ns period=20.000ns})
  Path Group:             (none)
  Path Type:              Setup (Max at Fast Process Corner)
  Data Path Delay:        0.657ns  (logic 0.124ns (18.870%)  route 0.533ns (81.130%))
  Logic Levels:           0  
  Clock Path Skew:        -0.049ns (DCD - SCD + CPR)
    Destination Clock Delay (DCD):    -0.562ns
    Source Clock Delay      (SCD):    -0.512ns
    Clock Pessimism Removal (CPR):    0.000ns
  Clock Uncertainty:      0.194ns  ((TSJ^2 + DJ^2)^1/2) / 2 + PE
    Total System Jitter     (TSJ):    0.071ns
    Discrete Jitter          (DJ):    0.129ns
    Phase Error              (PE):    0.120ns
  Timing Exception:       Asynchronous Clock Groups

    Location             Delay type                Incr(ns)  Path(ns)    Netlist Resource(s)
  -------------------------------------------------------------------    -------------------
                         (clock clk_out2_pll rise edge)
                                                      0.000     0.000 r  
    AD12                                              0.000     0.000 r  i_sys_clk_p (IN)
                         net (fo=0)                   0.000     0.000    pll_inst/inst/clk_in1_p
    AD12                 IBUFDS (Prop_ibufds_I_O)     0.470     0.470 r  pll_inst/inst/clkin1_ibufgds/O
                         net (fo=1, routed)           0.553     1.023    pll_inst/inst/clk_in1_pll
    MMCME2_ADV_X1Y1      MMCME2_ADV (Prop_mmcme2_adv_CLKIN1_CLKOUT1)
                                                     -3.493    -2.470 r  pll_inst/inst/mmcm_adv_inst/CLKOUT1
                         net (fo=1, routed)           1.007    -1.463    pll_inst/inst/clk_out2_pll
    BUFGCTRL_X0Y0        BUFG (Prop_bufg_I_O)         0.030    -1.433 r  pll_inst/inst/clkout2_buf/O
                         net (fo=11531, routed)       0.921    -0.512    student_top_inst/mem_bridge/clk
    SLICE_X45Y96         FDRE                                         r  student_top_inst/mem_bridge/led_q_reg[28]/C
  -------------------------------------------------------------------    -------------------
    SLICE_X45Y96         FDRE (Prop_fdre_C_Q)         0.124    -0.388 r  student_top_inst/mem_bridge/led_q_reg[28]/Q
                         net (fo=2, routed)           0.533     0.145    virtual_led_OBUF[28]
    SLICE_X42Y120        FDCE                                         r  virtual_led_50_d1_reg[28]/D
  -------------------------------------------------------------------    -------------------

                         (clock clk_out1_pll rise edge)
                                                      0.000     0.000 r  
    AD12                                              0.000     0.000 r  i_sys_clk_p (IN)
                         net (fo=0)                   0.000     0.000    pll_inst/inst/clk_in1_p
    AD12                 IBUFDS (Prop_ibufds_I_O)     0.388     0.388 r  pll_inst/inst/clkin1_ibufgds/O
                         net (fo=1, routed)           0.503     0.891    pll_inst/inst/clk_in1_pll
    MMCME2_ADV_X1Y1      MMCME2_ADV (Prop_mmcme2_adv_CLKIN1_CLKOUT0)
                                                     -3.040    -2.149 r  pll_inst/inst/mmcm_adv_inst/CLKOUT0
                         net (fo=1, routed)           0.940    -1.209    pll_inst/inst/clk_out1_pll
    BUFGCTRL_X0Y1        BUFG (Prop_bufg_I_O)         0.026    -1.183 r  pll_inst/inst/clkout1_buf/O
                         net (fo=581, routed)         0.621    -0.562    w_clk_50Mhz
    SLICE_X42Y120        FDCE                                         r  virtual_led_50_d1_reg[28]/C

Slack:                    inf
  Source:                 student_top_inst/mem_bridge/led_q_reg[23]/C
                            (rising edge-triggered cell FDRE clocked by clk_out2_pll  {rise@0.000ns fall@2.500ns period=5.000ns})
  Destination:            virtual_led_50_d1_reg[23]/D
                            (rising edge-triggered cell FDCE clocked by clk_out1_pll  {rise@0.000ns fall@10.000ns period=20.000ns})
  Path Group:             (none)
  Path Type:              Setup (Max at Fast Process Corner)
  Data Path Delay:        0.658ns  (logic 0.147ns (22.340%)  route 0.511ns (77.660%))
  Logic Levels:           0  
  Clock Path Skew:        -0.049ns (DCD - SCD + CPR)
    Destination Clock Delay (DCD):    -0.563ns
    Source Clock Delay      (SCD):    -0.513ns
    Clock Pessimism Removal (CPR):    0.000ns
  Clock Uncertainty:      0.194ns  ((TSJ^2 + DJ^2)^1/2) / 2 + PE
    Total System Jitter     (TSJ):    0.071ns
    Discrete Jitter          (DJ):    0.129ns
    Phase Error              (PE):    0.120ns
  Timing Exception:       Asynchronous Clock Groups

    Location             Delay type                Incr(ns)  Path(ns)    Netlist Resource(s)
  -------------------------------------------------------------------    -------------------
                         (clock clk_out2_pll rise edge)
                                                      0.000     0.000 r  
    AD12                                              0.000     0.000 r  i_sys_clk_p (IN)
                         net (fo=0)                   0.000     0.000    pll_inst/inst/clk_in1_p
    AD12                 IBUFDS (Prop_ibufds_I_O)     0.470     0.470 r  pll_inst/inst/clkin1_ibufgds/O
                         net (fo=1, routed)           0.553     1.023    pll_inst/inst/clk_in1_pll
    MMCME2_ADV_X1Y1      MMCME2_ADV (Prop_mmcme2_adv_CLKIN1_CLKOUT1)
                                                     -3.493    -2.470 r  pll_inst/inst/mmcm_adv_inst/CLKOUT1
                         net (fo=1, routed)           1.007    -1.463    pll_inst/inst/clk_out2_pll
    BUFGCTRL_X0Y0        BUFG (Prop_bufg_I_O)         0.030    -1.433 r  pll_inst/inst/clkout2_buf/O
                         net (fo=11531, routed)       0.920    -0.513    student_top_inst/mem_bridge/clk
    SLICE_X46Y98         FDRE                                         r  student_top_inst/mem_bridge/led_q_reg[23]/C
  -------------------------------------------------------------------    -------------------
    SLICE_X46Y98         FDRE (Prop_fdre_C_Q)         0.147    -0.366 r  student_top_inst/mem_bridge/led_q_reg[23]/Q
                         net (fo=2, routed)           0.511     0.145    virtual_led_OBUF[23]
    SLICE_X45Y121        FDCE                                         r  virtual_led_50_d1_reg[23]/D
  -------------------------------------------------------------------    -------------------

                         (clock clk_out1_pll rise edge)
                                                      0.000     0.000 r  
    AD12                                              0.000     0.000 r  i_sys_clk_p (IN)
                         net (fo=0)                   0.000     0.000    pll_inst/inst/clk_in1_p
    AD12                 IBUFDS (Prop_ibufds_I_O)     0.388     0.388 r  pll_inst/inst/clkin1_ibufgds/O
                         net (fo=1, routed)           0.503     0.891    pll_inst/inst/clk_in1_pll
    MMCME2_ADV_X1Y1      MMCME2_ADV (Prop_mmcme2_adv_CLKIN1_CLKOUT0)
                                                     -3.040    -2.149 r  pll_inst/inst/mmcm_adv_inst/CLKOUT0
                         net (fo=1, routed)           0.940    -1.209    pll_inst/inst/clk_out1_pll
    BUFGCTRL_X0Y1        BUFG (Prop_bufg_I_O)         0.026    -1.183 r  pll_inst/inst/clkout1_buf/O
                         net (fo=581, routed)         0.620    -0.563    w_clk_50Mhz
    SLICE_X45Y121        FDCE                                         r  virtual_led_50_d1_reg[23]/C

Slack:                    inf
  Source:                 student_top_inst/mem_bridge/led_q_reg[22]/C
                            (rising edge-triggered cell FDRE clocked by clk_out2_pll  {rise@0.000ns fall@2.500ns period=5.000ns})
  Destination:            virtual_led_50_d1_reg[22]/D
                            (rising edge-triggered cell FDCE clocked by clk_out1_pll  {rise@0.000ns fall@10.000ns period=20.000ns})
  Path Group:             (none)
  Path Type:              Setup (Max at Fast Process Corner)
  Data Path Delay:        0.654ns  (logic 0.124ns (18.969%)  route 0.530ns (81.031%))
  Logic Levels:           0  
  Clock Path Skew:        -0.050ns (DCD - SCD + CPR)
    Destination Clock Delay (DCD):    -0.563ns
    Source Clock Delay      (SCD):    -0.512ns
    Clock Pessimism Removal (CPR):    0.000ns
  Clock Uncertainty:      0.194ns  ((TSJ^2 + DJ^2)^1/2) / 2 + PE
    Total System Jitter     (TSJ):    0.071ns
    Discrete Jitter          (DJ):    0.129ns
    Phase Error              (PE):    0.120ns
  Timing Exception:       Asynchronous Clock Groups

    Location             Delay type                Incr(ns)  Path(ns)    Netlist Resource(s)
  -------------------------------------------------------------------    -------------------
                         (clock clk_out2_pll rise edge)
                                                      0.000     0.000 r  
    AD12                                              0.000     0.000 r  i_sys_clk_p (IN)
                         net (fo=0)                   0.000     0.000    pll_inst/inst/clk_in1_p
    AD12                 IBUFDS (Prop_ibufds_I_O)     0.470     0.470 r  pll_inst/inst/clkin1_ibufgds/O
                         net (fo=1, routed)           0.553     1.023    pll_inst/inst/clk_in1_pll
    MMCME2_ADV_X1Y1      MMCME2_ADV (Prop_mmcme2_adv_CLKIN1_CLKOUT1)
                                                     -3.493    -2.470 r  pll_inst/inst/mmcm_adv_inst/CLKOUT1
                         net (fo=1, routed)           1.007    -1.463    pll_inst/inst/clk_out2_pll
    BUFGCTRL_X0Y0        BUFG (Prop_bufg_I_O)         0.030    -1.433 r  pll_inst/inst/clkout2_buf/O
                         net (fo=11531, routed)       0.921    -0.512    student_top_inst/mem_bridge/clk
    SLICE_X45Y96         FDRE                                         r  student_top_inst/mem_bridge/led_q_reg[22]/C
  -------------------------------------------------------------------    -------------------
    SLICE_X45Y96         FDRE (Prop_fdre_C_Q)         0.124    -0.388 r  student_top_inst/mem_bridge/led_q_reg[22]/Q
                         net (fo=2, routed)           0.530     0.141    virtual_led_OBUF[22]
    SLICE_X45Y121        FDCE                                         r  virtual_led_50_d1_reg[22]/D
  -------------------------------------------------------------------    -------------------

                         (clock clk_out1_pll rise edge)
                                                      0.000     0.000 r  
    AD12                                              0.000     0.000 r  i_sys_clk_p (IN)
                         net (fo=0)                   0.000     0.000    pll_inst/inst/clk_in1_p
    AD12                 IBUFDS (Prop_ibufds_I_O)     0.388     0.388 r  pll_inst/inst/clkin1_ibufgds/O
                         net (fo=1, routed)           0.503     0.891    pll_inst/inst/clk_in1_pll
    MMCME2_ADV_X1Y1      MMCME2_ADV (Prop_mmcme2_adv_CLKIN1_CLKOUT0)
                                                     -3.040    -2.149 r  pll_inst/inst/mmcm_adv_inst/CLKOUT0
                         net (fo=1, routed)           0.940    -1.209    pll_inst/inst/clk_out1_pll
    BUFGCTRL_X0Y1        BUFG (Prop_bufg_I_O)         0.026    -1.183 r  pll_inst/inst/clkout1_buf/O
                         net (fo=581, routed)         0.620    -0.563    w_clk_50Mhz
    SLICE_X45Y121        FDCE                                         r  virtual_led_50_d1_reg[22]/C

Slack:                    inf
  Source:                 student_top_inst/mem_bridge/led_q_reg[3]/C
                            (rising edge-triggered cell FDRE clocked by clk_out2_pll  {rise@0.000ns fall@2.500ns period=5.000ns})
  Destination:            virtual_led_50_d1_reg[3]/D
                            (rising edge-triggered cell FDCE clocked by clk_out1_pll  {rise@0.000ns fall@10.000ns period=20.000ns})
  Path Group:             (none)
  Path Type:              Setup (Max at Fast Process Corner)
  Data Path Delay:        0.651ns  (logic 0.124ns (19.052%)  route 0.527ns (80.948%))
  Logic Levels:           0  
  Clock Path Skew:        -0.046ns (DCD - SCD + CPR)
    Destination Clock Delay (DCD):    -0.561ns
    Source Clock Delay      (SCD):    -0.514ns
    Clock Pessimism Removal (CPR):    0.000ns
  Clock Uncertainty:      0.194ns  ((TSJ^2 + DJ^2)^1/2) / 2 + PE
    Total System Jitter     (TSJ):    0.071ns
    Discrete Jitter          (DJ):    0.129ns
    Phase Error              (PE):    0.120ns
  Timing Exception:       Asynchronous Clock Groups

    Location             Delay type                Incr(ns)  Path(ns)    Netlist Resource(s)
  -------------------------------------------------------------------    -------------------
                         (clock clk_out2_pll rise edge)
                                                      0.000     0.000 r  
    AD12                                              0.000     0.000 r  i_sys_clk_p (IN)
                         net (fo=0)                   0.000     0.000    pll_inst/inst/clk_in1_p
    AD12                 IBUFDS (Prop_ibufds_I_O)     0.470     0.470 r  pll_inst/inst/clkin1_ibufgds/O
                         net (fo=1, routed)           0.553     1.023    pll_inst/inst/clk_in1_pll
    MMCME2_ADV_X1Y1      MMCME2_ADV (Prop_mmcme2_adv_CLKIN1_CLKOUT1)
                                                     -3.493    -2.470 r  pll_inst/inst/mmcm_adv_inst/CLKOUT1
                         net (fo=1, routed)           1.007    -1.463    pll_inst/inst/clk_out2_pll
    BUFGCTRL_X0Y0        BUFG (Prop_bufg_I_O)         0.030    -1.433 r  pll_inst/inst/clkout2_buf/O
                         net (fo=11531, routed)       0.919    -0.514    student_top_inst/mem_bridge/clk
    SLICE_X48Y95         FDRE                                         r  student_top_inst/mem_bridge/led_q_reg[3]/C
  -------------------------------------------------------------------    -------------------
    SLICE_X48Y95         FDRE (Prop_fdre_C_Q)         0.124    -0.390 r  student_top_inst/mem_bridge/led_q_reg[3]/Q
                         net (fo=2, routed)           0.527     0.136    virtual_led_OBUF[3]
    SLICE_X42Y119        FDCE                                         r  virtual_led_50_d1_reg[3]/D
  -------------------------------------------------------------------    -------------------

                         (clock clk_out1_pll rise edge)
                                                      0.000     0.000 r  
    AD12                                              0.000     0.000 r  i_sys_clk_p (IN)
                         net (fo=0)                   0.000     0.000    pll_inst/inst/clk_in1_p
    AD12                 IBUFDS (Prop_ibufds_I_O)     0.388     0.388 r  pll_inst/inst/clkin1_ibufgds/O
                         net (fo=1, routed)           0.503     0.891    pll_inst/inst/clk_in1_pll
    MMCME2_ADV_X1Y1      MMCME2_ADV (Prop_mmcme2_adv_CLKIN1_CLKOUT0)
                                                     -3.040    -2.149 r  pll_inst/inst/mmcm_adv_inst/CLKOUT0
                         net (fo=1, routed)           0.940    -1.209    pll_inst/inst/clk_out1_pll
    BUFGCTRL_X0Y1        BUFG (Prop_bufg_I_O)         0.026    -1.183 r  pll_inst/inst/clkout1_buf/O
                         net (fo=581, routed)         0.622    -0.561    w_clk_50Mhz
    SLICE_X42Y119        FDCE                                         r  virtual_led_50_d1_reg[3]/C

Slack:                    inf
  Source:                 student_top_inst/mem_bridge/seg_wdata_q_reg[27]/C
                            (rising edge-triggered cell FDRE clocked by clk_out2_pll  {rise@0.000ns fall@2.500ns period=5.000ns})
  Destination:            student_top_inst/mem_bridge/seg_wdata_cnt_d1_reg[27]/D
                            (rising edge-triggered cell FDRE clocked by clk_out1_pll  {rise@0.000ns fall@10.000ns period=20.000ns})
  Path Group:             (none)
  Path Type:              Setup (Max at Fast Process Corner)
  Data Path Delay:        0.649ns  (logic 0.124ns (19.115%)  route 0.525ns (80.885%))
  Logic Levels:           0  
  Clock Path Skew:        0.020ns (DCD - SCD + CPR)
    Destination Clock Delay (DCD):    -0.494ns
    Source Clock Delay      (SCD):    -0.513ns
    Clock Pessimism Removal (CPR):    0.000ns
  Clock Uncertainty:      0.194ns  ((TSJ^2 + DJ^2)^1/2) / 2 + PE
    Total System Jitter     (TSJ):    0.071ns
    Discrete Jitter          (DJ):    0.129ns
    Phase Error              (PE):    0.120ns
  Timing Exception:       Asynchronous Clock Groups

    Location             Delay type                Incr(ns)  Path(ns)    Netlist Resource(s)
  -------------------------------------------------------------------    -------------------
                         (clock clk_out2_pll rise edge)
                                                      0.000     0.000 r  
    AD12                                              0.000     0.000 r  i_sys_clk_p (IN)
                         net (fo=0)                   0.000     0.000    pll_inst/inst/clk_in1_p
    AD12                 IBUFDS (Prop_ibufds_I_O)     0.470     0.470 r  pll_inst/inst/clkin1_ibufgds/O
                         net (fo=1, routed)           0.553     1.023    pll_inst/inst/clk_in1_pll
    MMCME2_ADV_X1Y1      MMCME2_ADV (Prop_mmcme2_adv_CLKIN1_CLKOUT1)
                                                     -3.493    -2.470 r  pll_inst/inst/mmcm_adv_inst/CLKOUT1
                         net (fo=1, routed)           1.007    -1.463    pll_inst/inst/clk_out2_pll
    BUFGCTRL_X0Y0        BUFG (Prop_bufg_I_O)         0.030    -1.433 r  pll_inst/inst/clkout2_buf/O
                         net (fo=11531, routed)       0.920    -0.513    student_top_inst/mem_bridge/clk
    SLICE_X47Y99         FDRE                                         r  student_top_inst/mem_bridge/seg_wdata_q_reg[27]/C
  -------------------------------------------------------------------    -------------------
    SLICE_X47Y99         FDRE (Prop_fdre_C_Q)         0.124    -0.389 r  student_top_inst/mem_bridge/seg_wdata_q_reg[27]/Q
                         net (fo=2, routed)           0.525     0.135    student_top_inst/mem_bridge/seg_wdata_q_reg_n_0_[27]
    SLICE_X30Y98         FDRE                                         r  student_top_inst/mem_bridge/seg_wdata_cnt_d1_reg[27]/D
  -------------------------------------------------------------------    -------------------

                         (clock clk_out1_pll rise edge)
                                                      0.000     0.000 r  
    AD12                                              0.000     0.000 r  i_sys_clk_p (IN)
                         net (fo=0)                   0.000     0.000    pll_inst/inst/clk_in1_p
    AD12                 IBUFDS (Prop_ibufds_I_O)     0.388     0.388 r  pll_inst/inst/clkin1_ibufgds/O
                         net (fo=1, routed)           0.503     0.891    pll_inst/inst/clk_in1_pll
    MMCME2_ADV_X1Y1      MMCME2_ADV (Prop_mmcme2_adv_CLKIN1_CLKOUT0)
                                                     -3.040    -2.149 r  pll_inst/inst/mmcm_adv_inst/CLKOUT0
                         net (fo=1, routed)           0.940    -1.209    pll_inst/inst/clk_out1_pll
    BUFGCTRL_X0Y1        BUFG (Prop_bufg_I_O)         0.026    -1.183 r  pll_inst/inst/clkout1_buf/O
                         net (fo=581, routed)         0.689    -0.494    student_top_inst/mem_bridge/cnt_clk
    SLICE_X30Y98         FDRE                                         r  student_top_inst/mem_bridge/seg_wdata_cnt_d1_reg[27]/C





--------------------------------------------------------------------------------------
Path Group:  (none)
From Clock:  clk_out1_pll
  To Clock:  clk_out2_pll

Max Delay           104 Endpoints
Min Delay             0 Endpoints
--------------------------------------------------------------------------------------


Max Delay Paths
--------------------------------------------------------------------------------------
Slack:                    inf
  Source:                 student_top_inst/mem_bridge/counter_inst/cnt_ms_bin_reg[4]/C
                            (rising edge-triggered cell FDRE clocked by clk_out1_pll  {rise@0.000ns fall@10.000ns period=20.000ns})
  Destination:            student_top_inst/mem_bridge/counter_inst/cnt_gray_cpu_d1_reg[3]/D
                            (rising edge-triggered cell FDRE clocked by clk_out2_pll  {rise@0.000ns fall@2.500ns period=5.000ns})
  Path Group:             (none)
  Path Type:              Setup (Max at Fast Process Corner)
  Data Path Delay:        0.782ns  (logic 0.165ns (21.094%)  route 0.617ns (78.906%))
  Logic Levels:           1  (LUT2=1)
  Clock Path Skew:        0.088ns (DCD - SCD + CPR)
    Destination Clock Delay (DCD):    -0.495ns
    Source Clock Delay      (SCD):    -0.582ns
    Clock Pessimism Removal (CPR):    0.000ns
  Clock Uncertainty:      0.194ns  ((TSJ^2 + DJ^2)^1/2) / 2 + PE
    Total System Jitter     (TSJ):    0.071ns
    Discrete Jitter          (DJ):    0.129ns
    Phase Error              (PE):    0.120ns
  Timing Exception:       Asynchronous Clock Groups

    Location             Delay type                Incr(ns)  Path(ns)    Netlist Resource(s)
  -------------------------------------------------------------------    -------------------
                         (clock clk_out1_pll rise edge)
                                                      0.000     0.000 r  
    AD12                                              0.000     0.000 r  i_sys_clk_p (IN)
                         net (fo=0)                   0.000     0.000    pll_inst/inst/clk_in1_p
    AD12                 IBUFDS (Prop_ibufds_I_O)     0.470     0.470 r  pll_inst/inst/clkin1_ibufgds/O
                         net (fo=1, routed)           0.553     1.023    pll_inst/inst/clk_in1_pll
    MMCME2_ADV_X1Y1      MMCME2_ADV (Prop_mmcme2_adv_CLKIN1_CLKOUT0)
                                                     -3.493    -2.470 r  pll_inst/inst/mmcm_adv_inst/CLKOUT0
                         net (fo=1, routed)           1.007    -1.463    pll_inst/inst/clk_out1_pll
    BUFGCTRL_X0Y1        BUFG (Prop_bufg_I_O)         0.030    -1.433 r  pll_inst/inst/clkout1_buf/O
                         net (fo=581, routed)         0.851    -0.582    student_top_inst/mem_bridge/counter_inst/cnt_clk
    SLICE_X40Y103        FDRE                                         r  student_top_inst/mem_bridge/counter_inst/cnt_ms_bin_reg[4]/C
  -------------------------------------------------------------------    -------------------
    SLICE_X40Y103        FDRE (Prop_fdre_C_Q)         0.124    -0.458 r  student_top_inst/mem_bridge/counter_inst/cnt_ms_bin_reg[4]/Q
                         net (fo=3, routed)           0.333    -0.125    student_top_inst/mem_bridge/counter_inst/cnt_ms_bin_reg__0[4]
    SLICE_X39Y102        LUT2 (Prop_lut2_I0_O)        0.041    -0.084 r  student_top_inst/mem_bridge/counter_inst/cnt_gray_cpu_d1[3]_i_1/O
                         net (fo=1, routed)           0.284     0.200    student_top_inst/mem_bridge/counter_inst/cnt_ms_gray[3]
    SLICE_X35Y99         FDRE                                         r  student_top_inst/mem_bridge/counter_inst/cnt_gray_cpu_d1_reg[3]/D
  -------------------------------------------------------------------    -------------------

                         (clock clk_out2_pll rise edge)
                                                      0.000     0.000 r  
    AD12                                              0.000     0.000 r  i_sys_clk_p (IN)
                         net (fo=0)                   0.000     0.000    pll_inst/inst/clk_in1_p
    AD12                 IBUFDS (Prop_ibufds_I_O)     0.388     0.388 r  pll_inst/inst/clkin1_ibufgds/O
                         net (fo=1, routed)           0.503     0.891    pll_inst/inst/clk_in1_pll
    MMCME2_ADV_X1Y1      MMCME2_ADV (Prop_mmcme2_adv_CLKIN1_CLKOUT1)
                                                     -3.040    -2.149 r  pll_inst/inst/mmcm_adv_inst/CLKOUT1
                         net (fo=1, routed)           0.940    -1.209    pll_inst/inst/clk_out2_pll
    BUFGCTRL_X0Y0        BUFG (Prop_bufg_I_O)         0.026    -1.183 r  pll_inst/inst/clkout2_buf/O
                         net (fo=11531, routed)       0.688    -0.495    student_top_inst/mem_bridge/counter_inst/cpu_clk
    SLICE_X35Y99         FDRE                                         r  student_top_inst/mem_bridge/counter_inst/cnt_gray_cpu_d1_reg[3]/C

Slack:                    inf
  Source:                 student_top_inst/mem_bridge/counter_inst/cnt_ms_bin_reg[2]/C
                            (rising edge-triggered cell FDRE clocked by clk_out1_pll  {rise@0.000ns fall@10.000ns period=20.000ns})
  Destination:            student_top_inst/mem_bridge/counter_inst/cnt_gray_cpu_d1_reg[2]/D
                            (rising edge-triggered cell FDRE clocked by clk_out2_pll  {rise@0.000ns fall@2.500ns period=5.000ns})
  Path Group:             (none)
  Path Type:              Setup (Max at Fast Process Corner)
  Data Path Delay:        0.779ns  (logic 0.159ns (20.421%)  route 0.620ns (79.579%))
  Logic Levels:           1  (LUT2=1)
  Clock Path Skew:        0.087ns (DCD - SCD + CPR)
    Destination Clock Delay (DCD):    -0.495ns
    Source Clock Delay      (SCD):    -0.581ns
    Clock Pessimism Removal (CPR):    0.000ns
  Clock Uncertainty:      0.194ns  ((TSJ^2 + DJ^2)^1/2) / 2 + PE
    Total System Jitter     (TSJ):    0.071ns
    Discrete Jitter          (DJ):    0.129ns
    Phase Error              (PE):    0.120ns
  Timing Exception:       Asynchronous Clock Groups

    Location             Delay type                Incr(ns)  Path(ns)    Netlist Resource(s)
  -------------------------------------------------------------------    -------------------
                         (clock clk_out1_pll rise edge)
                                                      0.000     0.000 r  
    AD12                                              0.000     0.000 r  i_sys_clk_p (IN)
                         net (fo=0)                   0.000     0.000    pll_inst/inst/clk_in1_p
    AD12                 IBUFDS (Prop_ibufds_I_O)     0.470     0.470 r  pll_inst/inst/clkin1_ibufgds/O
                         net (fo=1, routed)           0.553     1.023    pll_inst/inst/clk_in1_pll
    MMCME2_ADV_X1Y1      MMCME2_ADV (Prop_mmcme2_adv_CLKIN1_CLKOUT0)
                                                     -3.493    -2.470 r  pll_inst/inst/mmcm_adv_inst/CLKOUT0
                         net (fo=1, routed)           1.007    -1.463    pll_inst/inst/clk_out1_pll
    BUFGCTRL_X0Y1        BUFG (Prop_bufg_I_O)         0.030    -1.433 r  pll_inst/inst/clkout1_buf/O
                         net (fo=581, routed)         0.852    -0.581    student_top_inst/mem_bridge/counter_inst/cnt_clk
    SLICE_X40Y102        FDRE                                         r  student_top_inst/mem_bridge/counter_inst/cnt_ms_bin_reg[2]/C
  -------------------------------------------------------------------    -------------------
    SLICE_X40Y102        FDRE (Prop_fdre_C_Q)         0.124    -0.457 r  student_top_inst/mem_bridge/counter_inst/cnt_ms_bin_reg[2]/Q
                         net (fo=3, routed)           0.291    -0.166    student_top_inst/mem_bridge/counter_inst/cnt_ms_bin_reg__0[2]
    SLICE_X39Y102        LUT2 (Prop_lut2_I1_O)        0.035    -0.131 r  student_top_inst/mem_bridge/counter_inst/cnt_gray_cpu_d1[2]_i_1/O
                         net (fo=1, routed)           0.329     0.197    student_top_inst/mem_bridge/counter_inst/cnt_ms_gray[2]
    SLICE_X35Y99         FDRE                                         r  student_top_inst/mem_bridge/counter_inst/cnt_gray_cpu_d1_reg[2]/D
  -------------------------------------------------------------------    -------------------

                         (clock clk_out2_pll rise edge)
                                                      0.000     0.000 r  
    AD12                                              0.000     0.000 r  i_sys_clk_p (IN)
                         net (fo=0)                   0.000     0.000    pll_inst/inst/clk_in1_p
    AD12                 IBUFDS (Prop_ibufds_I_O)     0.388     0.388 r  pll_inst/inst/clkin1_ibufgds/O
                         net (fo=1, routed)           0.503     0.891    pll_inst/inst/clk_in1_pll
    MMCME2_ADV_X1Y1      MMCME2_ADV (Prop_mmcme2_adv_CLKIN1_CLKOUT1)
                                                     -3.040    -2.149 r  pll_inst/inst/mmcm_adv_inst/CLKOUT1
                         net (fo=1, routed)           0.940    -1.209    pll_inst/inst/clk_out2_pll
    BUFGCTRL_X0Y0        BUFG (Prop_bufg_I_O)         0.026    -1.183 r  pll_inst/inst/clkout2_buf/O
                         net (fo=11531, routed)       0.688    -0.495    student_top_inst/mem_bridge/counter_inst/cpu_clk
    SLICE_X35Y99         FDRE                                         r  student_top_inst/mem_bridge/counter_inst/cnt_gray_cpu_d1_reg[2]/C

Slack:                    inf
  Source:                 student_top_inst/mem_bridge/counter_inst/cnt_ms_bin_reg[0]/C
                            (rising edge-triggered cell FDRE clocked by clk_out1_pll  {rise@0.000ns fall@10.000ns period=20.000ns})
  Destination:            student_top_inst/mem_bridge/counter_inst/cnt_gray_cpu_d1_reg[0]/D
                            (rising edge-triggered cell FDRE clocked by clk_out2_pll  {rise@0.000ns fall@2.500ns period=5.000ns})
  Path Group:             (none)
  Path Type:              Setup (Max at Fast Process Corner)
  Data Path Delay:        0.773ns  (logic 0.159ns (20.557%)  route 0.614ns (79.443%))
  Logic Levels:           1  (LUT2=1)
  Clock Path Skew:        0.087ns (DCD - SCD + CPR)
    Destination Clock Delay (DCD):    -0.495ns
    Source Clock Delay      (SCD):    -0.581ns
    Clock Pessimism Removal (CPR):    0.000ns
  Clock Uncertainty:      0.194ns  ((TSJ^2 + DJ^2)^1/2) / 2 + PE
    Total System Jitter     (TSJ):    0.071ns
    Discrete Jitter          (DJ):    0.129ns
    Phase Error              (PE):    0.120ns
  Timing Exception:       Asynchronous Clock Groups

    Location             Delay type                Incr(ns)  Path(ns)    Netlist Resource(s)
  -------------------------------------------------------------------    -------------------
                         (clock clk_out1_pll rise edge)
                                                      0.000     0.000 r  
    AD12                                              0.000     0.000 r  i_sys_clk_p (IN)
                         net (fo=0)                   0.000     0.000    pll_inst/inst/clk_in1_p
    AD12                 IBUFDS (Prop_ibufds_I_O)     0.470     0.470 r  pll_inst/inst/clkin1_ibufgds/O
                         net (fo=1, routed)           0.553     1.023    pll_inst/inst/clk_in1_pll
    MMCME2_ADV_X1Y1      MMCME2_ADV (Prop_mmcme2_adv_CLKIN1_CLKOUT0)
                                                     -3.493    -2.470 r  pll_inst/inst/mmcm_adv_inst/CLKOUT0
                         net (fo=1, routed)           1.007    -1.463    pll_inst/inst/clk_out1_pll
    BUFGCTRL_X0Y1        BUFG (Prop_bufg_I_O)         0.030    -1.433 r  pll_inst/inst/clkout1_buf/O
                         net (fo=581, routed)         0.852    -0.581    student_top_inst/mem_bridge/counter_inst/cnt_clk
    SLICE_X40Y102        FDRE                                         r  student_top_inst/mem_bridge/counter_inst/cnt_ms_bin_reg[0]/C
  -------------------------------------------------------------------    -------------------
    SLICE_X40Y102        FDRE (Prop_fdre_C_Q)         0.124    -0.457 r  student_top_inst/mem_bridge/counter_inst/cnt_ms_bin_reg[0]/Q
                         net (fo=2, routed)           0.283    -0.174    student_top_inst/mem_bridge/counter_inst/cnt_ms_bin_reg__0[0]
    SLICE_X39Y102        LUT2 (Prop_lut2_I1_O)        0.035    -0.139 r  student_top_inst/mem_bridge/counter_inst/cnt_gray_cpu_d1[0]_i_1/O
                         net (fo=1, routed)           0.331     0.192    student_top_inst/mem_bridge/counter_inst/cnt_ms_gray[0]
    SLICE_X33Y97         FDRE                                         r  student_top_inst/mem_bridge/counter_inst/cnt_gray_cpu_d1_reg[0]/D
  -------------------------------------------------------------------    -------------------

                         (clock clk_out2_pll rise edge)
                                                      0.000     0.000 r  
    AD12                                              0.000     0.000 r  i_sys_clk_p (IN)
                         net (fo=0)                   0.000     0.000    pll_inst/inst/clk_in1_p
    AD12                 IBUFDS (Prop_ibufds_I_O)     0.388     0.388 r  pll_inst/inst/clkin1_ibufgds/O
                         net (fo=1, routed)           0.503     0.891    pll_inst/inst/clk_in1_pll
    MMCME2_ADV_X1Y1      MMCME2_ADV (Prop_mmcme2_adv_CLKIN1_CLKOUT1)
                                                     -3.040    -2.149 r  pll_inst/inst/mmcm_adv_inst/CLKOUT1
                         net (fo=1, routed)           0.940    -1.209    pll_inst/inst/clk_out2_pll
    BUFGCTRL_X0Y0        BUFG (Prop_bufg_I_O)         0.026    -1.183 r  pll_inst/inst/clkout2_buf/O
                         net (fo=11531, routed)       0.688    -0.495    student_top_inst/mem_bridge/counter_inst/cpu_clk
    SLICE_X33Y97         FDRE                                         r  student_top_inst/mem_bridge/counter_inst/cnt_gray_cpu_d1_reg[0]/C

Slack:                    inf
  Source:                 student_top_inst/mem_bridge/counter_inst/cnt_ms_bin_reg[2]/C
                            (rising edge-triggered cell FDRE clocked by clk_out1_pll  {rise@0.000ns fall@10.000ns period=20.000ns})
  Destination:            student_top_inst/mem_bridge/counter_inst/cnt_gray_cpu_d1_reg[1]/D
                            (rising edge-triggered cell FDRE clocked by clk_out2_pll  {rise@0.000ns fall@2.500ns period=5.000ns})
  Path Group:             (none)
  Path Type:              Setup (Max at Fast Process Corner)
  Data Path Delay:        0.770ns  (logic 0.162ns (21.026%)  route 0.608ns (78.974%))
  Logic Levels:           1  (LUT2=1)
  Clock Path Skew:        0.087ns (DCD - SCD + CPR)
    Destination Clock Delay (DCD):    -0.495ns
    Source Clock Delay      (SCD):    -0.581ns
    Clock Pessimism Removal (CPR):    0.000ns
  Clock Uncertainty:      0.194ns  ((TSJ^2 + DJ^2)^1/2) / 2 + PE
    Total System Jitter     (TSJ):    0.071ns
    Discrete Jitter          (DJ):    0.129ns
    Phase Error              (PE):    0.120ns
  Timing Exception:       Asynchronous Clock Groups

    Location             Delay type                Incr(ns)  Path(ns)    Netlist Resource(s)
  -------------------------------------------------------------------    -------------------
                         (clock clk_out1_pll rise edge)
                                                      0.000     0.000 r  
    AD12                                              0.000     0.000 r  i_sys_clk_p (IN)
                         net (fo=0)                   0.000     0.000    pll_inst/inst/clk_in1_p
    AD12                 IBUFDS (Prop_ibufds_I_O)     0.470     0.470 r  pll_inst/inst/clkin1_ibufgds/O
                         net (fo=1, routed)           0.553     1.023    pll_inst/inst/clk_in1_pll
    MMCME2_ADV_X1Y1      MMCME2_ADV (Prop_mmcme2_adv_CLKIN1_CLKOUT0)
                                                     -3.493    -2.470 r  pll_inst/inst/mmcm_adv_inst/CLKOUT0
                         net (fo=1, routed)           1.007    -1.463    pll_inst/inst/clk_out1_pll
    BUFGCTRL_X0Y1        BUFG (Prop_bufg_I_O)         0.030    -1.433 r  pll_inst/inst/clkout1_buf/O
                         net (fo=581, routed)         0.852    -0.581    student_top_inst/mem_bridge/counter_inst/cnt_clk
    SLICE_X40Y102        FDRE                                         r  student_top_inst/mem_bridge/counter_inst/cnt_ms_bin_reg[2]/C
  -------------------------------------------------------------------    -------------------
    SLICE_X40Y102        FDRE (Prop_fdre_C_Q)         0.124    -0.457 r  student_top_inst/mem_bridge/counter_inst/cnt_ms_bin_reg[2]/Q
                         net (fo=3, routed)           0.291    -0.166    student_top_inst/mem_bridge/counter_inst/cnt_ms_bin_reg__0[2]
    SLICE_X39Y102        LUT2 (Prop_lut2_I0_O)        0.038    -0.128 r  student_top_inst/mem_bridge/counter_inst/cnt_gray_cpu_d1[1]_i_1/O
                         net (fo=1, routed)           0.318     0.189    student_top_inst/mem_bridge/counter_inst/cnt_ms_gray[1]
    SLICE_X33Y97         FDRE                                         r  student_top_inst/mem_bridge/counter_inst/cnt_gray_cpu_d1_reg[1]/D
  -------------------------------------------------------------------    -------------------

                         (clock clk_out2_pll rise edge)
                                                      0.000     0.000 r  
    AD12                                              0.000     0.000 r  i_sys_clk_p (IN)
                         net (fo=0)                   0.000     0.000    pll_inst/inst/clk_in1_p
    AD12                 IBUFDS (Prop_ibufds_I_O)     0.388     0.388 r  pll_inst/inst/clkin1_ibufgds/O
                         net (fo=1, routed)           0.503     0.891    pll_inst/inst/clk_in1_pll
    MMCME2_ADV_X1Y1      MMCME2_ADV (Prop_mmcme2_adv_CLKIN1_CLKOUT1)
                                                     -3.040    -2.149 r  pll_inst/inst/mmcm_adv_inst/CLKOUT1
                         net (fo=1, routed)           0.940    -1.209    pll_inst/inst/clk_out2_pll
    BUFGCTRL_X0Y0        BUFG (Prop_bufg_I_O)         0.026    -1.183 r  pll_inst/inst/clkout2_buf/O
                         net (fo=11531, routed)       0.688    -0.495    student_top_inst/mem_bridge/counter_inst/cpu_clk
    SLICE_X33Y97         FDRE                                         r  student_top_inst/mem_bridge/counter_inst/cnt_gray_cpu_d1_reg[1]/C

Slack:                    inf
  Source:                 student_top_inst/mem_bridge/counter_inst/cnt_ms_bin_reg[12]/C
                            (rising edge-triggered cell FDRE clocked by clk_out1_pll  {rise@0.000ns fall@10.000ns period=20.000ns})
  Destination:            student_top_inst/mem_bridge/counter_inst/cnt_gray_cpu_d1_reg[12]/D
                            (rising edge-triggered cell FDRE clocked by clk_out2_pll  {rise@0.000ns fall@2.500ns period=5.000ns})
  Path Group:             (none)
  Path Type:              Setup (Max at Fast Process Corner)
  Data Path Delay:        0.702ns  (logic 0.159ns (22.657%)  route 0.543ns (77.343%))
  Logic Levels:           1  (LUT2=1)
  Clock Path Skew:        0.032ns (DCD - SCD + CPR)
    Destination Clock Delay (DCD):    -0.551ns
    Source Clock Delay      (SCD):    -0.582ns
    Clock Pessimism Removal (CPR):    0.000ns
  Clock Uncertainty:      0.194ns  ((TSJ^2 + DJ^2)^1/2) / 2 + PE
    Total System Jitter     (TSJ):    0.071ns
    Discrete Jitter          (DJ):    0.129ns
    Phase Error              (PE):    0.120ns
  Timing Exception:       Asynchronous Clock Groups

    Location             Delay type                Incr(ns)  Path(ns)    Netlist Resource(s)
  -------------------------------------------------------------------    -------------------
                         (clock clk_out1_pll rise edge)
                                                      0.000     0.000 r  
    AD12                                              0.000     0.000 r  i_sys_clk_p (IN)
                         net (fo=0)                   0.000     0.000    pll_inst/inst/clk_in1_p
    AD12                 IBUFDS (Prop_ibufds_I_O)     0.470     0.470 r  pll_inst/inst/clkin1_ibufgds/O
                         net (fo=1, routed)           0.553     1.023    pll_inst/inst/clk_in1_pll
    MMCME2_ADV_X1Y1      MMCME2_ADV (Prop_mmcme2_adv_CLKIN1_CLKOUT0)
                                                     -3.493    -2.470 r  pll_inst/inst/mmcm_adv_inst/CLKOUT0
                         net (fo=1, routed)           1.007    -1.463    pll_inst/inst/clk_out1_pll
    BUFGCTRL_X0Y1        BUFG (Prop_bufg_I_O)         0.030    -1.433 r  pll_inst/inst/clkout1_buf/O
                         net (fo=581, routed)         0.851    -0.582    student_top_inst/mem_bridge/counter_inst/cnt_clk
    SLICE_X40Y105        FDRE                                         r  student_top_inst/mem_bridge/counter_inst/cnt_ms_bin_reg[12]/C
  -------------------------------------------------------------------    -------------------
    SLICE_X40Y105        FDRE (Prop_fdre_C_Q)         0.124    -0.458 r  student_top_inst/mem_bridge/counter_inst/cnt_ms_bin_reg[12]/Q
                         net (fo=3, routed)           0.294    -0.164    student_top_inst/mem_bridge/counter_inst/cnt_ms_bin_reg__0[12]
    SLICE_X38Y105        LUT2 (Prop_lut2_I1_O)        0.035    -0.129 r  student_top_inst/mem_bridge/counter_inst/cnt_gray_cpu_d1[12]_i_1/O
                         net (fo=1, routed)           0.248     0.119    student_top_inst/mem_bridge/counter_inst/cnt_ms_gray[12]
    SLICE_X38Y101        FDRE                                         r  student_top_inst/mem_bridge/counter_inst/cnt_gray_cpu_d1_reg[12]/D
  -------------------------------------------------------------------    -------------------

                         (clock clk_out2_pll rise edge)
                                                      0.000     0.000 r  
    AD12                                              0.000     0.000 r  i_sys_clk_p (IN)
                         net (fo=0)                   0.000     0.000    pll_inst/inst/clk_in1_p
    AD12                 IBUFDS (Prop_ibufds_I_O)     0.388     0.388 r  pll_inst/inst/clkin1_ibufgds/O
                         net (fo=1, routed)           0.503     0.891    pll_inst/inst/clk_in1_pll
    MMCME2_ADV_X1Y1      MMCME2_ADV (Prop_mmcme2_adv_CLKIN1_CLKOUT1)
                                                     -3.040    -2.149 r  pll_inst/inst/mmcm_adv_inst/CLKOUT1
                         net (fo=1, routed)           0.940    -1.209    pll_inst/inst/clk_out2_pll
    BUFGCTRL_X0Y0        BUFG (Prop_bufg_I_O)         0.026    -1.183 r  pll_inst/inst/clkout2_buf/O
                         net (fo=11531, routed)       0.632    -0.551    student_top_inst/mem_bridge/counter_inst/cpu_clk
    SLICE_X38Y101        FDRE                                         r  student_top_inst/mem_bridge/counter_inst/cnt_gray_cpu_d1_reg[12]/C

Slack:                    inf
  Source:                 student_top_inst/mem_bridge/counter_inst/cnt_ms_bin_reg[26]/C
                            (rising edge-triggered cell FDRE clocked by clk_out1_pll  {rise@0.000ns fall@10.000ns period=20.000ns})
  Destination:            student_top_inst/mem_bridge/counter_inst/cnt_gray_cpu_d1_reg[26]/D
                            (rising edge-triggered cell FDRE clocked by clk_out2_pll  {rise@0.000ns fall@2.500ns period=5.000ns})
  Path Group:             (none)
  Path Type:              Setup (Max at Fast Process Corner)
  Data Path Delay:        0.702ns  (logic 0.159ns (22.637%)  route 0.543ns (77.363%))
  Logic Levels:           1  (LUT2=1)
  Clock Path Skew:        0.028ns (DCD - SCD + CPR)
    Destination Clock Delay (DCD):    -0.556ns
    Source Clock Delay      (SCD):    -0.583ns
    Clock Pessimism Removal (CPR):    0.000ns
  Clock Uncertainty:      0.194ns  ((TSJ^2 + DJ^2)^1/2) / 2 + PE
    Total System Jitter     (TSJ):    0.071ns
    Discrete Jitter          (DJ):    0.129ns
    Phase Error              (PE):    0.120ns
  Timing Exception:       Asynchronous Clock Groups

    Location             Delay type                Incr(ns)  Path(ns)    Netlist Resource(s)
  -------------------------------------------------------------------    -------------------
                         (clock clk_out1_pll rise edge)
                                                      0.000     0.000 r  
    AD12                                              0.000     0.000 r  i_sys_clk_p (IN)
                         net (fo=0)                   0.000     0.000    pll_inst/inst/clk_in1_p
    AD12                 IBUFDS (Prop_ibufds_I_O)     0.470     0.470 r  pll_inst/inst/clkin1_ibufgds/O
                         net (fo=1, routed)           0.553     1.023    pll_inst/inst/clk_in1_pll
    MMCME2_ADV_X1Y1      MMCME2_ADV (Prop_mmcme2_adv_CLKIN1_CLKOUT0)
                                                     -3.493    -2.470 r  pll_inst/inst/mmcm_adv_inst/CLKOUT0
                         net (fo=1, routed)           1.007    -1.463    pll_inst/inst/clk_out1_pll
    BUFGCTRL_X0Y1        BUFG (Prop_bufg_I_O)         0.030    -1.433 r  pll_inst/inst/clkout1_buf/O
                         net (fo=581, routed)         0.850    -0.583    student_top_inst/mem_bridge/counter_inst/cnt_clk
    SLICE_X40Y108        FDRE                                         r  student_top_inst/mem_bridge/counter_inst/cnt_ms_bin_reg[26]/C
  -------------------------------------------------------------------    -------------------
    SLICE_X40Y108        FDRE (Prop_fdre_C_Q)         0.124    -0.459 r  student_top_inst/mem_bridge/counter_inst/cnt_ms_bin_reg[26]/Q
                         net (fo=3, routed)           0.301    -0.158    student_top_inst/mem_bridge/counter_inst/cnt_ms_bin_reg__0[26]
    SLICE_X41Y108        LUT2 (Prop_lut2_I1_O)        0.035    -0.123 r  student_top_inst/mem_bridge/counter_inst/cnt_gray_cpu_d1[26]_i_1/O
                         net (fo=1, routed)           0.242     0.119    student_top_inst/mem_bridge/counter_inst/cnt_ms_gray[26]
    SLICE_X48Y108        FDRE                                         r  student_top_inst/mem_bridge/counter_inst/cnt_gray_cpu_d1_reg[26]/D
  -------------------------------------------------------------------    -------------------

                         (clock clk_out2_pll rise edge)
                                                      0.000     0.000 r  
    AD12                                              0.000     0.000 r  i_sys_clk_p (IN)
                         net (fo=0)                   0.000     0.000    pll_inst/inst/clk_in1_p
    AD12                 IBUFDS (Prop_ibufds_I_O)     0.388     0.388 r  pll_inst/inst/clkin1_ibufgds/O
                         net (fo=1, routed)           0.503     0.891    pll_inst/inst/clk_in1_pll
    MMCME2_ADV_X1Y1      MMCME2_ADV (Prop_mmcme2_adv_CLKIN1_CLKOUT1)
                                                     -3.040    -2.149 r  pll_inst/inst/mmcm_adv_inst/CLKOUT1
                         net (fo=1, routed)           0.940    -1.209    pll_inst/inst/clk_out2_pll
    BUFGCTRL_X0Y0        BUFG (Prop_bufg_I_O)         0.026    -1.183 r  pll_inst/inst/clkout2_buf/O
                         net (fo=11531, routed)       0.627    -0.556    student_top_inst/mem_bridge/counter_inst/cpu_clk
    SLICE_X48Y108        FDRE                                         r  student_top_inst/mem_bridge/counter_inst/cnt_gray_cpu_d1_reg[26]/C

Slack:                    inf
  Source:                 student_top_inst/mem_bridge/counter_inst/cnt_ms_bin_reg[7]/C
                            (rising edge-triggered cell FDRE clocked by clk_out1_pll  {rise@0.000ns fall@10.000ns period=20.000ns})
  Destination:            student_top_inst/mem_bridge/counter_inst/cnt_gray_cpu_d1_reg[7]/D
                            (rising edge-triggered cell FDRE clocked by clk_out2_pll  {rise@0.000ns fall@2.500ns period=5.000ns})
  Path Group:             (none)
  Path Type:              Setup (Max at Fast Process Corner)
  Data Path Delay:        0.693ns  (logic 0.165ns (23.819%)  route 0.528ns (76.181%))
  Logic Levels:           1  (LUT2=1)
  Clock Path Skew:        0.033ns (DCD - SCD + CPR)
    Destination Clock Delay (DCD):    -0.550ns
    Source Clock Delay      (SCD):    -0.582ns
    Clock Pessimism Removal (CPR):    0.000ns
  Clock Uncertainty:      0.194ns  ((TSJ^2 + DJ^2)^1/2) / 2 + PE
    Total System Jitter     (TSJ):    0.071ns
    Discrete Jitter          (DJ):    0.129ns
    Phase Error              (PE):    0.120ns
  Timing Exception:       Asynchronous Clock Groups

    Location             Delay type                Incr(ns)  Path(ns)    Netlist Resource(s)
  -------------------------------------------------------------------    -------------------
                         (clock clk_out1_pll rise edge)
                                                      0.000     0.000 r  
    AD12                                              0.000     0.000 r  i_sys_clk_p (IN)
                         net (fo=0)                   0.000     0.000    pll_inst/inst/clk_in1_p
    AD12                 IBUFDS (Prop_ibufds_I_O)     0.470     0.470 r  pll_inst/inst/clkin1_ibufgds/O
                         net (fo=1, routed)           0.553     1.023    pll_inst/inst/clk_in1_pll
    MMCME2_ADV_X1Y1      MMCME2_ADV (Prop_mmcme2_adv_CLKIN1_CLKOUT0)
                                                     -3.493    -2.470 r  pll_inst/inst/mmcm_adv_inst/CLKOUT0
                         net (fo=1, routed)           1.007    -1.463    pll_inst/inst/clk_out1_pll
    BUFGCTRL_X0Y1        BUFG (Prop_bufg_I_O)         0.030    -1.433 r  pll_inst/inst/clkout1_buf/O
                         net (fo=581, routed)         0.851    -0.582    student_top_inst/mem_bridge/counter_inst/cnt_clk
    SLICE_X40Y103        FDRE                                         r  student_top_inst/mem_bridge/counter_inst/cnt_ms_bin_reg[7]/C
  -------------------------------------------------------------------    -------------------
    SLICE_X40Y103        FDRE (Prop_fdre_C_Q)         0.124    -0.458 r  student_top_inst/mem_bridge/counter_inst/cnt_ms_bin_reg[7]/Q
                         net (fo=3, routed)           0.282    -0.177    student_top_inst/mem_bridge/counter_inst/cnt_ms_bin_reg__0[7]
    SLICE_X39Y103        LUT2 (Prop_lut2_I1_O)        0.041    -0.136 r  student_top_inst/mem_bridge/counter_inst/cnt_gray_cpu_d1[7]_i_1/O
                         net (fo=1, routed)           0.246     0.110    student_top_inst/mem_bridge/counter_inst/cnt_ms_gray[7]
    SLICE_X36Y100        FDRE                                         r  student_top_inst/mem_bridge/counter_inst/cnt_gray_cpu_d1_reg[7]/D
  -------------------------------------------------------------------    -------------------

                         (clock clk_out2_pll rise edge)
                                                      0.000     0.000 r  
    AD12                                              0.000     0.000 r  i_sys_clk_p (IN)
                         net (fo=0)                   0.000     0.000    pll_inst/inst/clk_in1_p
    AD12                 IBUFDS (Prop_ibufds_I_O)     0.388     0.388 r  pll_inst/inst/clkin1_ibufgds/O
                         net (fo=1, routed)           0.503     0.891    pll_inst/inst/clk_in1_pll
    MMCME2_ADV_X1Y1      MMCME2_ADV (Prop_mmcme2_adv_CLKIN1_CLKOUT1)
                                                     -3.040    -2.149 r  pll_inst/inst/mmcm_adv_inst/CLKOUT1
                         net (fo=1, routed)           0.940    -1.209    pll_inst/inst/clk_out2_pll
    BUFGCTRL_X0Y0        BUFG (Prop_bufg_I_O)         0.026    -1.183 r  pll_inst/inst/clkout2_buf/O
                         net (fo=11531, routed)       0.633    -0.550    student_top_inst/mem_bridge/counter_inst/cpu_clk
    SLICE_X36Y100        FDRE                                         r  student_top_inst/mem_bridge/counter_inst/cnt_gray_cpu_d1_reg[7]/C

Slack:                    inf
  Source:                 student_top_inst/mem_bridge/counter_inst/cnt_ms_bin_reg[26]/C
                            (rising edge-triggered cell FDRE clocked by clk_out1_pll  {rise@0.000ns fall@10.000ns period=20.000ns})
  Destination:            student_top_inst/mem_bridge/counter_inst/cnt_gray_cpu_d1_reg[25]/D
                            (rising edge-triggered cell FDRE clocked by clk_out2_pll  {rise@0.000ns fall@2.500ns period=5.000ns})
  Path Group:             (none)
  Path Type:              Setup (Max at Fast Process Corner)
  Data Path Delay:        0.684ns  (logic 0.162ns (23.671%)  route 0.522ns (76.329%))
  Logic Levels:           1  (LUT2=1)
  Clock Path Skew:        0.031ns (DCD - SCD + CPR)
    Destination Clock Delay (DCD):    -0.553ns
    Source Clock Delay      (SCD):    -0.583ns
    Clock Pessimism Removal (CPR):    0.000ns
  Clock Uncertainty:      0.194ns  ((TSJ^2 + DJ^2)^1/2) / 2 + PE
    Total System Jitter     (TSJ):    0.071ns
    Discrete Jitter          (DJ):    0.129ns
    Phase Error              (PE):    0.120ns
  Timing Exception:       Asynchronous Clock Groups

    Location             Delay type                Incr(ns)  Path(ns)    Netlist Resource(s)
  -------------------------------------------------------------------    -------------------
                         (clock clk_out1_pll rise edge)
                                                      0.000     0.000 r  
    AD12                                              0.000     0.000 r  i_sys_clk_p (IN)
                         net (fo=0)                   0.000     0.000    pll_inst/inst/clk_in1_p
    AD12                 IBUFDS (Prop_ibufds_I_O)     0.470     0.470 r  pll_inst/inst/clkin1_ibufgds/O
                         net (fo=1, routed)           0.553     1.023    pll_inst/inst/clk_in1_pll
    MMCME2_ADV_X1Y1      MMCME2_ADV (Prop_mmcme2_adv_CLKIN1_CLKOUT0)
                                                     -3.493    -2.470 r  pll_inst/inst/mmcm_adv_inst/CLKOUT0
                         net (fo=1, routed)           1.007    -1.463    pll_inst/inst/clk_out1_pll
    BUFGCTRL_X0Y1        BUFG (Prop_bufg_I_O)         0.030    -1.433 r  pll_inst/inst/clkout1_buf/O
                         net (fo=581, routed)         0.850    -0.583    student_top_inst/mem_bridge/counter_inst/cnt_clk
    SLICE_X40Y108        FDRE                                         r  student_top_inst/mem_bridge/counter_inst/cnt_ms_bin_reg[26]/C
  -------------------------------------------------------------------    -------------------
    SLICE_X40Y108        FDRE (Prop_fdre_C_Q)         0.124    -0.459 r  student_top_inst/mem_bridge/counter_inst/cnt_ms_bin_reg[26]/Q
                         net (fo=3, routed)           0.302    -0.157    student_top_inst/mem_bridge/counter_inst/cnt_ms_bin_reg__0[26]
    SLICE_X41Y108        LUT2 (Prop_lut2_I0_O)        0.038    -0.119 r  student_top_inst/mem_bridge/counter_inst/cnt_gray_cpu_d1[25]_i_1/O
                         net (fo=1, routed)           0.220     0.101    student_top_inst/mem_bridge/counter_inst/cnt_ms_gray[25]
    SLICE_X41Y107        FDRE                                         r  student_top_inst/mem_bridge/counter_inst/cnt_gray_cpu_d1_reg[25]/D
  -------------------------------------------------------------------    -------------------

                         (clock clk_out2_pll rise edge)
                                                      0.000     0.000 r  
    AD12                                              0.000     0.000 r  i_sys_clk_p (IN)
                         net (fo=0)                   0.000     0.000    pll_inst/inst/clk_in1_p
    AD12                 IBUFDS (Prop_ibufds_I_O)     0.388     0.388 r  pll_inst/inst/clkin1_ibufgds/O
                         net (fo=1, routed)           0.503     0.891    pll_inst/inst/clk_in1_pll
    MMCME2_ADV_X1Y1      MMCME2_ADV (Prop_mmcme2_adv_CLKIN1_CLKOUT1)
                                                     -3.040    -2.149 r  pll_inst/inst/mmcm_adv_inst/CLKOUT1
                         net (fo=1, routed)           0.940    -1.209    pll_inst/inst/clk_out2_pll
    BUFGCTRL_X0Y0        BUFG (Prop_bufg_I_O)         0.026    -1.183 r  pll_inst/inst/clkout2_buf/O
                         net (fo=11531, routed)       0.630    -0.553    student_top_inst/mem_bridge/counter_inst/cpu_clk
    SLICE_X41Y107        FDRE                                         r  student_top_inst/mem_bridge/counter_inst/cnt_gray_cpu_d1_reg[25]/C

Slack:                    inf
  Source:                 student_top_inst/mem_bridge/counter_inst/cnt_ms_bin_reg[6]/C
                            (rising edge-triggered cell FDRE clocked by clk_out1_pll  {rise@0.000ns fall@10.000ns period=20.000ns})
  Destination:            student_top_inst/mem_bridge/counter_inst/cnt_gray_cpu_d1_reg[6]/D
                            (rising edge-triggered cell FDRE clocked by clk_out2_pll  {rise@0.000ns fall@2.500ns period=5.000ns})
  Path Group:             (none)
  Path Type:              Setup (Max at Fast Process Corner)
  Data Path Delay:        0.677ns  (logic 0.159ns (23.473%)  route 0.518ns (76.527%))
  Logic Levels:           1  (LUT2=1)
  Clock Path Skew:        0.085ns (DCD - SCD + CPR)
    Destination Clock Delay (DCD):    -0.498ns
    Source Clock Delay      (SCD):    -0.582ns
    Clock Pessimism Removal (CPR):    0.000ns
  Clock Uncertainty:      0.194ns  ((TSJ^2 + DJ^2)^1/2) / 2 + PE
    Total System Jitter     (TSJ):    0.071ns
    Discrete Jitter          (DJ):    0.129ns
    Phase Error              (PE):    0.120ns
  Timing Exception:       Asynchronous Clock Groups

    Location             Delay type                Incr(ns)  Path(ns)    Netlist Resource(s)
  -------------------------------------------------------------------    -------------------
                         (clock clk_out1_pll rise edge)
                                                      0.000     0.000 r  
    AD12                                              0.000     0.000 r  i_sys_clk_p (IN)
                         net (fo=0)                   0.000     0.000    pll_inst/inst/clk_in1_p
    AD12                 IBUFDS (Prop_ibufds_I_O)     0.470     0.470 r  pll_inst/inst/clkin1_ibufgds/O
                         net (fo=1, routed)           0.553     1.023    pll_inst/inst/clk_in1_pll
    MMCME2_ADV_X1Y1      MMCME2_ADV (Prop_mmcme2_adv_CLKIN1_CLKOUT0)
                                                     -3.493    -2.470 r  pll_inst/inst/mmcm_adv_inst/CLKOUT0
                         net (fo=1, routed)           1.007    -1.463    pll_inst/inst/clk_out1_pll
    BUFGCTRL_X0Y1        BUFG (Prop_bufg_I_O)         0.030    -1.433 r  pll_inst/inst/clkout1_buf/O
                         net (fo=581, routed)         0.851    -0.582    student_top_inst/mem_bridge/counter_inst/cnt_clk
    SLICE_X40Y103        FDRE                                         r  student_top_inst/mem_bridge/counter_inst/cnt_ms_bin_reg[6]/C
  -------------------------------------------------------------------    -------------------
    SLICE_X40Y103        FDRE (Prop_fdre_C_Q)         0.124    -0.458 r  student_top_inst/mem_bridge/counter_inst/cnt_ms_bin_reg[6]/Q
                         net (fo=3, routed)           0.285    -0.173    student_top_inst/mem_bridge/counter_inst/cnt_ms_bin_reg__0[6]
    SLICE_X39Y103        LUT2 (Prop_lut2_I1_O)        0.035    -0.138 r  student_top_inst/mem_bridge/counter_inst/cnt_gray_cpu_d1[6]_i_1/O
                         net (fo=1, routed)           0.233     0.095    student_top_inst/mem_bridge/counter_inst/cnt_ms_gray[6]
    SLICE_X36Y99         FDRE                                         r  student_top_inst/mem_bridge/counter_inst/cnt_gray_cpu_d1_reg[6]/D
  -------------------------------------------------------------------    -------------------

                         (clock clk_out2_pll rise edge)
                                                      0.000     0.000 r  
    AD12                                              0.000     0.000 r  i_sys_clk_p (IN)
                         net (fo=0)                   0.000     0.000    pll_inst/inst/clk_in1_p
    AD12                 IBUFDS (Prop_ibufds_I_O)     0.388     0.388 r  pll_inst/inst/clkin1_ibufgds/O
                         net (fo=1, routed)           0.503     0.891    pll_inst/inst/clk_in1_pll
    MMCME2_ADV_X1Y1      MMCME2_ADV (Prop_mmcme2_adv_CLKIN1_CLKOUT1)
                                                     -3.040    -2.149 r  pll_inst/inst/mmcm_adv_inst/CLKOUT1
                         net (fo=1, routed)           0.940    -1.209    pll_inst/inst/clk_out2_pll
    BUFGCTRL_X0Y0        BUFG (Prop_bufg_I_O)         0.026    -1.183 r  pll_inst/inst/clkout2_buf/O
                         net (fo=11531, routed)       0.685    -0.498    student_top_inst/mem_bridge/counter_inst/cpu_clk
    SLICE_X36Y99         FDRE                                         r  student_top_inst/mem_bridge/counter_inst/cnt_gray_cpu_d1_reg[6]/C

Slack:                    inf
  Source:                 student_top_inst/mem_bridge/counter_inst/cnt_ms_bin_reg[31]/C
                            (rising edge-triggered cell FDRE clocked by clk_out1_pll  {rise@0.000ns fall@10.000ns period=20.000ns})
  Destination:            student_top_inst/mem_bridge/counter_inst/cnt_gray_cpu_d1_reg[30]/D
                            (rising edge-triggered cell FDRE clocked by clk_out2_pll  {rise@0.000ns fall@2.500ns period=5.000ns})
  Path Group:             (none)
  Path Type:              Setup (Max at Fast Process Corner)
  Data Path Delay:        0.677ns  (logic 0.159ns (23.481%)  route 0.518ns (76.519%))
  Logic Levels:           1  (LUT2=1)
  Clock Path Skew:        0.030ns (DCD - SCD + CPR)
    Destination Clock Delay (DCD):    -0.554ns
    Source Clock Delay      (SCD):    -0.583ns
    Clock Pessimism Removal (CPR):    0.000ns
  Clock Uncertainty:      0.194ns  ((TSJ^2 + DJ^2)^1/2) / 2 + PE
    Total System Jitter     (TSJ):    0.071ns
    Discrete Jitter          (DJ):    0.129ns
    Phase Error              (PE):    0.120ns
  Timing Exception:       Asynchronous Clock Groups

    Location             Delay type                Incr(ns)  Path(ns)    Netlist Resource(s)
  -------------------------------------------------------------------    -------------------
                         (clock clk_out1_pll rise edge)
                                                      0.000     0.000 r  
    AD12                                              0.000     0.000 r  i_sys_clk_p (IN)
                         net (fo=0)                   0.000     0.000    pll_inst/inst/clk_in1_p
    AD12                 IBUFDS (Prop_ibufds_I_O)     0.470     0.470 r  pll_inst/inst/clkin1_ibufgds/O
                         net (fo=1, routed)           0.553     1.023    pll_inst/inst/clk_in1_pll
    MMCME2_ADV_X1Y1      MMCME2_ADV (Prop_mmcme2_adv_CLKIN1_CLKOUT0)
                                                     -3.493    -2.470 r  pll_inst/inst/mmcm_adv_inst/CLKOUT0
                         net (fo=1, routed)           1.007    -1.463    pll_inst/inst/clk_out1_pll
    BUFGCTRL_X0Y1        BUFG (Prop_bufg_I_O)         0.030    -1.433 r  pll_inst/inst/clkout1_buf/O
                         net (fo=581, routed)         0.850    -0.583    student_top_inst/mem_bridge/counter_inst/cnt_clk
    SLICE_X40Y109        FDRE                                         r  student_top_inst/mem_bridge/counter_inst/cnt_ms_bin_reg[31]/C
  -------------------------------------------------------------------    -------------------
    SLICE_X40Y109        FDRE (Prop_fdre_C_Q)         0.124    -0.459 r  student_top_inst/mem_bridge/counter_inst/cnt_ms_bin_reg[31]/Q
                         net (fo=3, routed)           0.301    -0.159    student_top_inst/mem_bridge/counter_inst/cnt_ms_bin_reg[31]
    SLICE_X44Y109        LUT2 (Prop_lut2_I0_O)        0.035    -0.124 r  student_top_inst/mem_bridge/counter_inst/cnt_gray_cpu_d1[30]_i_1/O
                         net (fo=1, routed)           0.217     0.094    student_top_inst/mem_bridge/counter_inst/cnt_ms_gray[30]
    SLICE_X45Y107        FDRE                                         r  student_top_inst/mem_bridge/counter_inst/cnt_gray_cpu_d1_reg[30]/D
  -------------------------------------------------------------------    -------------------

                         (clock clk_out2_pll rise edge)
                                                      0.000     0.000 r  
    AD12                                              0.000     0.000 r  i_sys_clk_p (IN)
                         net (fo=0)                   0.000     0.000    pll_inst/inst/clk_in1_p
    AD12                 IBUFDS (Prop_ibufds_I_O)     0.388     0.388 r  pll_inst/inst/clkin1_ibufgds/O
                         net (fo=1, routed)           0.503     0.891    pll_inst/inst/clk_in1_pll
    MMCME2_ADV_X1Y1      MMCME2_ADV (Prop_mmcme2_adv_CLKIN1_CLKOUT1)
                                                     -3.040    -2.149 r  pll_inst/inst/mmcm_adv_inst/CLKOUT1
                         net (fo=1, routed)           0.940    -1.209    pll_inst/inst/clk_out2_pll
    BUFGCTRL_X0Y0        BUFG (Prop_bufg_I_O)         0.026    -1.183 r  pll_inst/inst/clkout2_buf/O
                         net (fo=11531, routed)       0.629    -0.554    student_top_inst/mem_bridge/counter_inst/cpu_clk
    SLICE_X45Y107        FDRE                                         r  student_top_inst/mem_bridge/counter_inst/cnt_gray_cpu_d1_reg[30]/C

Slack:                    inf
  Source:                 student_top_inst/mem_bridge/counter_inst/cnt_ms_bin_reg[30]/C
                            (rising edge-triggered cell FDRE clocked by clk_out1_pll  {rise@0.000ns fall@10.000ns period=20.000ns})
  Destination:            student_top_inst/mem_bridge/counter_inst/cnt_gray_cpu_d1_reg[29]/D
                            (rising edge-triggered cell FDRE clocked by clk_out2_pll  {rise@0.000ns fall@2.500ns period=5.000ns})
  Path Group:             (none)
  Path Type:              Setup (Max at Fast Process Corner)
  Data Path Delay:        0.650ns  (logic 0.162ns (24.938%)  route 0.488ns (75.062%))
  Logic Levels:           1  (LUT2=1)
  Clock Path Skew:        0.028ns (DCD - SCD + CPR)
    Destination Clock Delay (DCD):    -0.556ns
    Source Clock Delay      (SCD):    -0.583ns
    Clock Pessimism Removal (CPR):    0.000ns
  Clock Uncertainty:      0.194ns  ((TSJ^2 + DJ^2)^1/2) / 2 + PE
    Total System Jitter     (TSJ):    0.071ns
    Discrete Jitter          (DJ):    0.129ns
    Phase Error              (PE):    0.120ns
  Timing Exception:       Asynchronous Clock Groups

    Location             Delay type                Incr(ns)  Path(ns)    Netlist Resource(s)
  -------------------------------------------------------------------    -------------------
                         (clock clk_out1_pll rise edge)
                                                      0.000     0.000 r  
    AD12                                              0.000     0.000 r  i_sys_clk_p (IN)
                         net (fo=0)                   0.000     0.000    pll_inst/inst/clk_in1_p
    AD12                 IBUFDS (Prop_ibufds_I_O)     0.470     0.470 r  pll_inst/inst/clkin1_ibufgds/O
                         net (fo=1, routed)           0.553     1.023    pll_inst/inst/clk_in1_pll
    MMCME2_ADV_X1Y1      MMCME2_ADV (Prop_mmcme2_adv_CLKIN1_CLKOUT0)
                                                     -3.493    -2.470 r  pll_inst/inst/mmcm_adv_inst/CLKOUT0
                         net (fo=1, routed)           1.007    -1.463    pll_inst/inst/clk_out1_pll
    BUFGCTRL_X0Y1        BUFG (Prop_bufg_I_O)         0.030    -1.433 r  pll_inst/inst/clkout1_buf/O
                         net (fo=581, routed)         0.850    -0.583    student_top_inst/mem_bridge/counter_inst/cnt_clk
    SLICE_X40Y109        FDRE                                         r  student_top_inst/mem_bridge/counter_inst/cnt_ms_bin_reg[30]/C
  -------------------------------------------------------------------    -------------------
    SLICE_X40Y109        FDRE (Prop_fdre_C_Q)         0.124    -0.459 r  student_top_inst/mem_bridge/counter_inst/cnt_ms_bin_reg[30]/Q
                         net (fo=3, routed)           0.302    -0.157    student_top_inst/mem_bridge/counter_inst/cnt_ms_bin_reg__0[30]
    SLICE_X41Y109        LUT2 (Prop_lut2_I0_O)        0.038    -0.119 r  student_top_inst/mem_bridge/counter_inst/cnt_gray_cpu_d1[29]_i_1/O
                         net (fo=1, routed)           0.186     0.066    student_top_inst/mem_bridge/counter_inst/cnt_ms_gray[29]
    SLICE_X46Y108        FDRE                                         r  student_top_inst/mem_bridge/counter_inst/cnt_gray_cpu_d1_reg[29]/D
  -------------------------------------------------------------------    -------------------

                         (clock clk_out2_pll rise edge)
                                                      0.000     0.000 r  
    AD12                                              0.000     0.000 r  i_sys_clk_p (IN)
                         net (fo=0)                   0.000     0.000    pll_inst/inst/clk_in1_p
    AD12                 IBUFDS (Prop_ibufds_I_O)     0.388     0.388 r  pll_inst/inst/clkin1_ibufgds/O
                         net (fo=1, routed)           0.503     0.891    pll_inst/inst/clk_in1_pll
    MMCME2_ADV_X1Y1      MMCME2_ADV (Prop_mmcme2_adv_CLKIN1_CLKOUT1)
                                                     -3.040    -2.149 r  pll_inst/inst/mmcm_adv_inst/CLKOUT1
                         net (fo=1, routed)           0.940    -1.209    pll_inst/inst/clk_out2_pll
    BUFGCTRL_X0Y0        BUFG (Prop_bufg_I_O)         0.026    -1.183 r  pll_inst/inst/clkout2_buf/O
                         net (fo=11531, routed)       0.627    -0.556    student_top_inst/mem_bridge/counter_inst/cpu_clk
    SLICE_X46Y108        FDRE                                         r  student_top_inst/mem_bridge/counter_inst/cnt_gray_cpu_d1_reg[29]/C

Slack:                    inf
  Source:                 student_top_inst/mem_bridge/counter_inst/cnt_ms_bin_reg[14]/C
                            (rising edge-triggered cell FDRE clocked by clk_out1_pll  {rise@0.000ns fall@10.000ns period=20.000ns})
  Destination:            student_top_inst/mem_bridge/counter_inst/cnt_gray_cpu_d1_reg[13]/D
                            (rising edge-triggered cell FDRE clocked by clk_out2_pll  {rise@0.000ns fall@2.500ns period=5.000ns})
  Path Group:             (none)
  Path Type:              Setup (Max at Fast Process Corner)
  Data Path Delay:        0.648ns  (logic 0.160ns (24.705%)  route 0.488ns (75.295%))
  Logic Levels:           1  (LUT2=1)
  Clock Path Skew:        0.031ns (DCD - SCD + CPR)
    Destination Clock Delay (DCD):    -0.552ns
    Source Clock Delay      (SCD):    -0.582ns
    Clock Pessimism Removal (CPR):    0.000ns
  Clock Uncertainty:      0.194ns  ((TSJ^2 + DJ^2)^1/2) / 2 + PE
    Total System Jitter     (TSJ):    0.071ns
    Discrete Jitter          (DJ):    0.129ns
    Phase Error              (PE):    0.120ns
  Timing Exception:       Asynchronous Clock Groups

    Location             Delay type                Incr(ns)  Path(ns)    Netlist Resource(s)
  -------------------------------------------------------------------    -------------------
                         (clock clk_out1_pll rise edge)
                                                      0.000     0.000 r  
    AD12                                              0.000     0.000 r  i_sys_clk_p (IN)
                         net (fo=0)                   0.000     0.000    pll_inst/inst/clk_in1_p
    AD12                 IBUFDS (Prop_ibufds_I_O)     0.470     0.470 r  pll_inst/inst/clkin1_ibufgds/O
                         net (fo=1, routed)           0.553     1.023    pll_inst/inst/clk_in1_pll
    MMCME2_ADV_X1Y1      MMCME2_ADV (Prop_mmcme2_adv_CLKIN1_CLKOUT0)
                                                     -3.493    -2.470 r  pll_inst/inst/mmcm_adv_inst/CLKOUT0
                         net (fo=1, routed)           1.007    -1.463    pll_inst/inst/clk_out1_pll
    BUFGCTRL_X0Y1        BUFG (Prop_bufg_I_O)         0.030    -1.433 r  pll_inst/inst/clkout1_buf/O
                         net (fo=581, routed)         0.851    -0.582    student_top_inst/mem_bridge/counter_inst/cnt_clk
    SLICE_X40Y105        FDRE                                         r  student_top_inst/mem_bridge/counter_inst/cnt_ms_bin_reg[14]/C
  -------------------------------------------------------------------    -------------------
    SLICE_X40Y105        FDRE (Prop_fdre_C_Q)         0.124    -0.458 r  student_top_inst/mem_bridge/counter_inst/cnt_ms_bin_reg[14]/Q
                         net (fo=3, routed)           0.301    -0.157    student_top_inst/mem_bridge/counter_inst/cnt_ms_bin_reg__0[14]
    SLICE_X38Y105        LUT2 (Prop_lut2_I0_O)        0.036    -0.121 r  student_top_inst/mem_bridge/counter_inst/cnt_gray_cpu_d1[13]_i_1/O
                         net (fo=1, routed)           0.187     0.065    student_top_inst/mem_bridge/counter_inst/cnt_ms_gray[13]
    SLICE_X38Y105        FDRE                                         r  student_top_inst/mem_bridge/counter_inst/cnt_gray_cpu_d1_reg[13]/D
  -------------------------------------------------------------------    -------------------

                         (clock clk_out2_pll rise edge)
                                                      0.000     0.000 r  
    AD12                                              0.000     0.000 r  i_sys_clk_p (IN)
                         net (fo=0)                   0.000     0.000    pll_inst/inst/clk_in1_p
    AD12                 IBUFDS (Prop_ibufds_I_O)     0.388     0.388 r  pll_inst/inst/clkin1_ibufgds/O
                         net (fo=1, routed)           0.503     0.891    pll_inst/inst/clk_in1_pll
    MMCME2_ADV_X1Y1      MMCME2_ADV (Prop_mmcme2_adv_CLKIN1_CLKOUT1)
                                                     -3.040    -2.149 r  pll_inst/inst/mmcm_adv_inst/CLKOUT1
                         net (fo=1, routed)           0.940    -1.209    pll_inst/inst/clk_out2_pll
    BUFGCTRL_X0Y0        BUFG (Prop_bufg_I_O)         0.026    -1.183 r  pll_inst/inst/clkout2_buf/O
                         net (fo=11531, routed)       0.631    -0.552    student_top_inst/mem_bridge/counter_inst/cpu_clk
    SLICE_X38Y105        FDRE                                         r  student_top_inst/mem_bridge/counter_inst/cnt_gray_cpu_d1_reg[13]/C

Slack:                    inf
  Source:                 student_top_inst/mem_bridge/counter_inst/cnt_ms_bin_reg[6]/C
                            (rising edge-triggered cell FDRE clocked by clk_out1_pll  {rise@0.000ns fall@10.000ns period=20.000ns})
  Destination:            student_top_inst/mem_bridge/counter_inst/cnt_gray_cpu_d1_reg[5]/D
                            (rising edge-triggered cell FDRE clocked by clk_out2_pll  {rise@0.000ns fall@2.500ns period=5.000ns})
  Path Group:             (none)
  Path Type:              Setup (Max at Fast Process Corner)
  Data Path Delay:        0.644ns  (logic 0.162ns (25.158%)  route 0.482ns (74.842%))
  Logic Levels:           1  (LUT2=1)
  Clock Path Skew:        0.088ns (DCD - SCD + CPR)
    Destination Clock Delay (DCD):    -0.495ns
    Source Clock Delay      (SCD):    -0.582ns
    Clock Pessimism Removal (CPR):    0.000ns
  Clock Uncertainty:      0.194ns  ((TSJ^2 + DJ^2)^1/2) / 2 + PE
    Total System Jitter     (TSJ):    0.071ns
    Discrete Jitter          (DJ):    0.129ns
    Phase Error              (PE):    0.120ns
  Timing Exception:       Asynchronous Clock Groups

    Location             Delay type                Incr(ns)  Path(ns)    Netlist Resource(s)
  -------------------------------------------------------------------    -------------------
                         (clock clk_out1_pll rise edge)
                                                      0.000     0.000 r  
    AD12                                              0.000     0.000 r  i_sys_clk_p (IN)
                         net (fo=0)                   0.000     0.000    pll_inst/inst/clk_in1_p
    AD12                 IBUFDS (Prop_ibufds_I_O)     0.470     0.470 r  pll_inst/inst/clkin1_ibufgds/O
                         net (fo=1, routed)           0.553     1.023    pll_inst/inst/clk_in1_pll
    MMCME2_ADV_X1Y1      MMCME2_ADV (Prop_mmcme2_adv_CLKIN1_CLKOUT0)
                                                     -3.493    -2.470 r  pll_inst/inst/mmcm_adv_inst/CLKOUT0
                         net (fo=1, routed)           1.007    -1.463    pll_inst/inst/clk_out1_pll
    BUFGCTRL_X0Y1        BUFG (Prop_bufg_I_O)         0.030    -1.433 r  pll_inst/inst/clkout1_buf/O
                         net (fo=581, routed)         0.851    -0.582    student_top_inst/mem_bridge/counter_inst/cnt_clk
    SLICE_X40Y103        FDRE                                         r  student_top_inst/mem_bridge/counter_inst/cnt_ms_bin_reg[6]/C
  -------------------------------------------------------------------    -------------------
    SLICE_X40Y103        FDRE (Prop_fdre_C_Q)         0.124    -0.458 r  student_top_inst/mem_bridge/counter_inst/cnt_ms_bin_reg[6]/Q
                         net (fo=3, routed)           0.286    -0.172    student_top_inst/mem_bridge/counter_inst/cnt_ms_bin_reg__0[6]
    SLICE_X39Y103        LUT2 (Prop_lut2_I0_O)        0.038    -0.134 r  student_top_inst/mem_bridge/counter_inst/cnt_gray_cpu_d1[5]_i_1/O
                         net (fo=1, routed)           0.196     0.062    student_top_inst/mem_bridge/counter_inst/cnt_ms_gray[5]
    SLICE_X35Y99         FDRE                                         r  student_top_inst/mem_bridge/counter_inst/cnt_gray_cpu_d1_reg[5]/D
  -------------------------------------------------------------------    -------------------

                         (clock clk_out2_pll rise edge)
                                                      0.000     0.000 r  
    AD12                                              0.000     0.000 r  i_sys_clk_p (IN)
                         net (fo=0)                   0.000     0.000    pll_inst/inst/clk_in1_p
    AD12                 IBUFDS (Prop_ibufds_I_O)     0.388     0.388 r  pll_inst/inst/clkin1_ibufgds/O
                         net (fo=1, routed)           0.503     0.891    pll_inst/inst/clk_in1_pll
    MMCME2_ADV_X1Y1      MMCME2_ADV (Prop_mmcme2_adv_CLKIN1_CLKOUT1)
                                                     -3.040    -2.149 r  pll_inst/inst/mmcm_adv_inst/CLKOUT1
                         net (fo=1, routed)           0.940    -1.209    pll_inst/inst/clk_out2_pll
    BUFGCTRL_X0Y0        BUFG (Prop_bufg_I_O)         0.026    -1.183 r  pll_inst/inst/clkout2_buf/O
                         net (fo=11531, routed)       0.688    -0.495    student_top_inst/mem_bridge/counter_inst/cpu_clk
    SLICE_X35Y99         FDRE                                         r  student_top_inst/mem_bridge/counter_inst/cnt_gray_cpu_d1_reg[5]/C

Slack:                    inf
  Source:                 student_top_inst/mem_bridge/counter_inst/cnt_ms_bin_reg[8]/C
                            (rising edge-triggered cell FDRE clocked by clk_out1_pll  {rise@0.000ns fall@10.000ns period=20.000ns})
  Destination:            student_top_inst/mem_bridge/counter_inst/cnt_gray_cpu_d1_reg[8]/D
                            (rising edge-triggered cell FDRE clocked by clk_out2_pll  {rise@0.000ns fall@2.500ns period=5.000ns})
  Path Group:             (none)
  Path Type:              Setup (Max at Fast Process Corner)
  Data Path Delay:        0.631ns  (logic 0.159ns (25.210%)  route 0.472ns (74.790%))
  Logic Levels:           1  (LUT2=1)
  Clock Path Skew:        0.031ns (DCD - SCD + CPR)
    Destination Clock Delay (DCD):    -0.552ns
    Source Clock Delay      (SCD):    -0.582ns
    Clock Pessimism Removal (CPR):    0.000ns
  Clock Uncertainty:      0.194ns  ((TSJ^2 + DJ^2)^1/2) / 2 + PE
    Total System Jitter     (TSJ):    0.071ns
    Discrete Jitter          (DJ):    0.129ns
    Phase Error              (PE):    0.120ns
  Timing Exception:       Asynchronous Clock Groups

    Location             Delay type                Incr(ns)  Path(ns)    Netlist Resource(s)
  -------------------------------------------------------------------    -------------------
                         (clock clk_out1_pll rise edge)
                                                      0.000     0.000 r  
    AD12                                              0.000     0.000 r  i_sys_clk_p (IN)
                         net (fo=0)                   0.000     0.000    pll_inst/inst/clk_in1_p
    AD12                 IBUFDS (Prop_ibufds_I_O)     0.470     0.470 r  pll_inst/inst/clkin1_ibufgds/O
                         net (fo=1, routed)           0.553     1.023    pll_inst/inst/clk_in1_pll
    MMCME2_ADV_X1Y1      MMCME2_ADV (Prop_mmcme2_adv_CLKIN1_CLKOUT0)
                                                     -3.493    -2.470 r  pll_inst/inst/mmcm_adv_inst/CLKOUT0
                         net (fo=1, routed)           1.007    -1.463    pll_inst/inst/clk_out1_pll
    BUFGCTRL_X0Y1        BUFG (Prop_bufg_I_O)         0.030    -1.433 r  pll_inst/inst/clkout1_buf/O
                         net (fo=581, routed)         0.851    -0.582    student_top_inst/mem_bridge/counter_inst/cnt_clk
    SLICE_X40Y104        FDRE                                         r  student_top_inst/mem_bridge/counter_inst/cnt_ms_bin_reg[8]/C
  -------------------------------------------------------------------    -------------------
    SLICE_X40Y104        FDRE (Prop_fdre_C_Q)         0.124    -0.458 r  student_top_inst/mem_bridge/counter_inst/cnt_ms_bin_reg[8]/Q
                         net (fo=3, routed)           0.297    -0.161    student_top_inst/mem_bridge/counter_inst/cnt_ms_bin_reg__0[8]
    SLICE_X38Y104        LUT2 (Prop_lut2_I1_O)        0.035    -0.126 r  student_top_inst/mem_bridge/counter_inst/cnt_gray_cpu_d1[8]_i_1/O
                         net (fo=1, routed)           0.175     0.048    student_top_inst/mem_bridge/counter_inst/cnt_ms_gray[8]
    SLICE_X38Y103        FDRE                                         r  student_top_inst/mem_bridge/counter_inst/cnt_gray_cpu_d1_reg[8]/D
  -------------------------------------------------------------------    -------------------

                         (clock clk_out2_pll rise edge)
                                                      0.000     0.000 r  
    AD12                                              0.000     0.000 r  i_sys_clk_p (IN)
                         net (fo=0)                   0.000     0.000    pll_inst/inst/clk_in1_p
    AD12                 IBUFDS (Prop_ibufds_I_O)     0.388     0.388 r  pll_inst/inst/clkin1_ibufgds/O
                         net (fo=1, routed)           0.503     0.891    pll_inst/inst/clk_in1_pll
    MMCME2_ADV_X1Y1      MMCME2_ADV (Prop_mmcme2_adv_CLKIN1_CLKOUT1)
                                                     -3.040    -2.149 r  pll_inst/inst/mmcm_adv_inst/CLKOUT1
                         net (fo=1, routed)           0.940    -1.209    pll_inst/inst/clk_out2_pll
    BUFGCTRL_X0Y0        BUFG (Prop_bufg_I_O)         0.026    -1.183 r  pll_inst/inst/clkout2_buf/O
                         net (fo=11531, routed)       0.631    -0.552    student_top_inst/mem_bridge/counter_inst/cpu_clk
    SLICE_X38Y103        FDRE                                         r  student_top_inst/mem_bridge/counter_inst/cnt_gray_cpu_d1_reg[8]/C

Slack:                    inf
  Source:                 student_top_inst/mem_bridge/counter_inst/cnt_ms_bin_reg[22]/C
                            (rising edge-triggered cell FDRE clocked by clk_out1_pll  {rise@0.000ns fall@10.000ns period=20.000ns})
  Destination:            student_top_inst/mem_bridge/counter_inst/cnt_gray_cpu_d1_reg[22]/D
                            (rising edge-triggered cell FDRE clocked by clk_out2_pll  {rise@0.000ns fall@2.500ns period=5.000ns})
  Path Group:             (none)
  Path Type:              Setup (Max at Fast Process Corner)
  Data Path Delay:        0.630ns  (logic 0.159ns (25.219%)  route 0.471ns (74.781%))
  Logic Levels:           1  (LUT2=1)
  Clock Path Skew:        0.030ns (DCD - SCD + CPR)
    Destination Clock Delay (DCD):    -0.554ns
    Source Clock Delay      (SCD):    -0.583ns
    Clock Pessimism Removal (CPR):    0.000ns
  Clock Uncertainty:      0.194ns  ((TSJ^2 + DJ^2)^1/2) / 2 + PE
    Total System Jitter     (TSJ):    0.071ns
    Discrete Jitter          (DJ):    0.129ns
    Phase Error              (PE):    0.120ns
  Timing Exception:       Asynchronous Clock Groups

    Location             Delay type                Incr(ns)  Path(ns)    Netlist Resource(s)
  -------------------------------------------------------------------    -------------------
                         (clock clk_out1_pll rise edge)
                                                      0.000     0.000 r  
    AD12                                              0.000     0.000 r  i_sys_clk_p (IN)
                         net (fo=0)                   0.000     0.000    pll_inst/inst/clk_in1_p
    AD12                 IBUFDS (Prop_ibufds_I_O)     0.470     0.470 r  pll_inst/inst/clkin1_ibufgds/O
                         net (fo=1, routed)           0.553     1.023    pll_inst/inst/clk_in1_pll
    MMCME2_ADV_X1Y1      MMCME2_ADV (Prop_mmcme2_adv_CLKIN1_CLKOUT0)
                                                     -3.493    -2.470 r  pll_inst/inst/mmcm_adv_inst/CLKOUT0
                         net (fo=1, routed)           1.007    -1.463    pll_inst/inst/clk_out1_pll
    BUFGCTRL_X0Y1        BUFG (Prop_bufg_I_O)         0.030    -1.433 r  pll_inst/inst/clkout1_buf/O
                         net (fo=581, routed)         0.850    -0.583    student_top_inst/mem_bridge/counter_inst/cnt_clk
    SLICE_X40Y107        FDRE                                         r  student_top_inst/mem_bridge/counter_inst/cnt_ms_bin_reg[22]/C
  -------------------------------------------------------------------    -------------------
    SLICE_X40Y107        FDRE (Prop_fdre_C_Q)         0.124    -0.459 r  student_top_inst/mem_bridge/counter_inst/cnt_ms_bin_reg[22]/Q
                         net (fo=3, routed)           0.301    -0.158    student_top_inst/mem_bridge/counter_inst/cnt_ms_bin_reg__0[22]
    SLICE_X41Y107        LUT2 (Prop_lut2_I1_O)        0.035    -0.123 r  student_top_inst/mem_bridge/counter_inst/cnt_gray_cpu_d1[22]_i_1/O
                         net (fo=1, routed)           0.170     0.047    student_top_inst/mem_bridge/counter_inst/cnt_ms_gray[22]
    SLICE_X42Y107        FDRE                                         r  student_top_inst/mem_bridge/counter_inst/cnt_gray_cpu_d1_reg[22]/D
  -------------------------------------------------------------------    -------------------

                         (clock clk_out2_pll rise edge)
                                                      0.000     0.000 r  
    AD12                                              0.000     0.000 r  i_sys_clk_p (IN)
                         net (fo=0)                   0.000     0.000    pll_inst/inst/clk_in1_p
    AD12                 IBUFDS (Prop_ibufds_I_O)     0.388     0.388 r  pll_inst/inst/clkin1_ibufgds/O
                         net (fo=1, routed)           0.503     0.891    pll_inst/inst/clk_in1_pll
    MMCME2_ADV_X1Y1      MMCME2_ADV (Prop_mmcme2_adv_CLKIN1_CLKOUT1)
                                                     -3.040    -2.149 r  pll_inst/inst/mmcm_adv_inst/CLKOUT1
                         net (fo=1, routed)           0.940    -1.209    pll_inst/inst/clk_out2_pll
    BUFGCTRL_X0Y0        BUFG (Prop_bufg_I_O)         0.026    -1.183 r  pll_inst/inst/clkout2_buf/O
                         net (fo=11531, routed)       0.629    -0.554    student_top_inst/mem_bridge/counter_inst/cpu_clk
    SLICE_X42Y107        FDRE                                         r  student_top_inst/mem_bridge/counter_inst/cnt_gray_cpu_d1_reg[22]/C

Slack:                    inf
  Source:                 student_top_inst/mem_bridge/counter_inst/cnt_ms_bin_reg[18]/C
                            (rising edge-triggered cell FDRE clocked by clk_out1_pll  {rise@0.000ns fall@10.000ns period=20.000ns})
  Destination:            student_top_inst/mem_bridge/counter_inst/cnt_gray_cpu_d1_reg[17]/D
                            (rising edge-triggered cell FDRE clocked by clk_out2_pll  {rise@0.000ns fall@2.500ns period=5.000ns})
  Path Group:             (none)
  Path Type:              Setup (Max at Fast Process Corner)
  Data Path Delay:        0.629ns  (logic 0.165ns (26.241%)  route 0.464ns (73.759%))
  Logic Levels:           1  (LUT2=1)
  Clock Path Skew:        0.031ns (DCD - SCD + CPR)
    Destination Clock Delay (DCD):    -0.552ns
    Source Clock Delay      (SCD):    -0.582ns
    Clock Pessimism Removal (CPR):    0.000ns
  Clock Uncertainty:      0.194ns  ((TSJ^2 + DJ^2)^1/2) / 2 + PE
    Total System Jitter     (TSJ):    0.071ns
    Discrete Jitter          (DJ):    0.129ns
    Phase Error              (PE):    0.120ns
  Timing Exception:       Asynchronous Clock Groups

    Location             Delay type                Incr(ns)  Path(ns)    Netlist Resource(s)
  -------------------------------------------------------------------    -------------------
                         (clock clk_out1_pll rise edge)
                                                      0.000     0.000 r  
    AD12                                              0.000     0.000 r  i_sys_clk_p (IN)
                         net (fo=0)                   0.000     0.000    pll_inst/inst/clk_in1_p
    AD12                 IBUFDS (Prop_ibufds_I_O)     0.470     0.470 r  pll_inst/inst/clkin1_ibufgds/O
                         net (fo=1, routed)           0.553     1.023    pll_inst/inst/clk_in1_pll
    MMCME2_ADV_X1Y1      MMCME2_ADV (Prop_mmcme2_adv_CLKIN1_CLKOUT0)
                                                     -3.493    -2.470 r  pll_inst/inst/mmcm_adv_inst/CLKOUT0
                         net (fo=1, routed)           1.007    -1.463    pll_inst/inst/clk_out1_pll
    BUFGCTRL_X0Y1        BUFG (Prop_bufg_I_O)         0.030    -1.433 r  pll_inst/inst/clkout1_buf/O
                         net (fo=581, routed)         0.851    -0.582    student_top_inst/mem_bridge/counter_inst/cnt_clk
    SLICE_X40Y106        FDRE                                         r  student_top_inst/mem_bridge/counter_inst/cnt_ms_bin_reg[18]/C
  -------------------------------------------------------------------    -------------------
    SLICE_X40Y106        FDRE (Prop_fdre_C_Q)         0.124    -0.458 r  student_top_inst/mem_bridge/counter_inst/cnt_ms_bin_reg[18]/Q
                         net (fo=3, routed)           0.285    -0.173    student_top_inst/mem_bridge/counter_inst/cnt_ms_bin_reg__0[18]
    SLICE_X39Y106        LUT2 (Prop_lut2_I0_O)        0.041    -0.132 r  student_top_inst/mem_bridge/counter_inst/cnt_gray_cpu_d1[17]_i_1/O
                         net (fo=1, routed)           0.179     0.046    student_top_inst/mem_bridge/counter_inst/cnt_ms_gray[17]
    SLICE_X39Y104        FDRE                                         r  student_top_inst/mem_bridge/counter_inst/cnt_gray_cpu_d1_reg[17]/D
  -------------------------------------------------------------------    -------------------

                         (clock clk_out2_pll rise edge)
                                                      0.000     0.000 r  
    AD12                                              0.000     0.000 r  i_sys_clk_p (IN)
                         net (fo=0)                   0.000     0.000    pll_inst/inst/clk_in1_p
    AD12                 IBUFDS (Prop_ibufds_I_O)     0.388     0.388 r  pll_inst/inst/clkin1_ibufgds/O
                         net (fo=1, routed)           0.503     0.891    pll_inst/inst/clk_in1_pll
    MMCME2_ADV_X1Y1      MMCME2_ADV (Prop_mmcme2_adv_CLKIN1_CLKOUT1)
                                                     -3.040    -2.149 r  pll_inst/inst/mmcm_adv_inst/CLKOUT1
                         net (fo=1, routed)           0.940    -1.209    pll_inst/inst/clk_out2_pll
    BUFGCTRL_X0Y0        BUFG (Prop_bufg_I_O)         0.026    -1.183 r  pll_inst/inst/clkout2_buf/O
                         net (fo=11531, routed)       0.631    -0.552    student_top_inst/mem_bridge/counter_inst/cpu_clk
    SLICE_X39Y104        FDRE                                         r  student_top_inst/mem_bridge/counter_inst/cnt_gray_cpu_d1_reg[17]/C

Slack:                    inf
  Source:                 student_top_inst/mem_bridge/counter_inst/cnt_ms_bin_reg[18]/C
                            (rising edge-triggered cell FDRE clocked by clk_out1_pll  {rise@0.000ns fall@10.000ns period=20.000ns})
  Destination:            student_top_inst/mem_bridge/counter_inst/cnt_gray_cpu_d1_reg[18]/D
                            (rising edge-triggered cell FDRE clocked by clk_out2_pll  {rise@0.000ns fall@2.500ns period=5.000ns})
  Path Group:             (none)
  Path Type:              Setup (Max at Fast Process Corner)
  Data Path Delay:        0.612ns  (logic 0.159ns (25.989%)  route 0.453ns (74.011%))
  Logic Levels:           1  (LUT2=1)
  Clock Path Skew:        0.031ns (DCD - SCD + CPR)
    Destination Clock Delay (DCD):    -0.552ns
    Source Clock Delay      (SCD):    -0.582ns
    Clock Pessimism Removal (CPR):    0.000ns
  Clock Uncertainty:      0.194ns  ((TSJ^2 + DJ^2)^1/2) / 2 + PE
    Total System Jitter     (TSJ):    0.071ns
    Discrete Jitter          (DJ):    0.129ns
    Phase Error              (PE):    0.120ns
  Timing Exception:       Asynchronous Clock Groups

    Location             Delay type                Incr(ns)  Path(ns)    Netlist Resource(s)
  -------------------------------------------------------------------    -------------------
                         (clock clk_out1_pll rise edge)
                                                      0.000     0.000 r  
    AD12                                              0.000     0.000 r  i_sys_clk_p (IN)
                         net (fo=0)                   0.000     0.000    pll_inst/inst/clk_in1_p
    AD12                 IBUFDS (Prop_ibufds_I_O)     0.470     0.470 r  pll_inst/inst/clkin1_ibufgds/O
                         net (fo=1, routed)           0.553     1.023    pll_inst/inst/clk_in1_pll
    MMCME2_ADV_X1Y1      MMCME2_ADV (Prop_mmcme2_adv_CLKIN1_CLKOUT0)
                                                     -3.493    -2.470 r  pll_inst/inst/mmcm_adv_inst/CLKOUT0
                         net (fo=1, routed)           1.007    -1.463    pll_inst/inst/clk_out1_pll
    BUFGCTRL_X0Y1        BUFG (Prop_bufg_I_O)         0.030    -1.433 r  pll_inst/inst/clkout1_buf/O
                         net (fo=581, routed)         0.851    -0.582    student_top_inst/mem_bridge/counter_inst/cnt_clk
    SLICE_X40Y106        FDRE                                         r  student_top_inst/mem_bridge/counter_inst/cnt_ms_bin_reg[18]/C
  -------------------------------------------------------------------    -------------------
    SLICE_X40Y106        FDRE (Prop_fdre_C_Q)         0.124    -0.458 r  student_top_inst/mem_bridge/counter_inst/cnt_ms_bin_reg[18]/Q
                         net (fo=3, routed)           0.285    -0.173    student_top_inst/mem_bridge/counter_inst/cnt_ms_bin_reg__0[18]
    SLICE_X39Y106        LUT2 (Prop_lut2_I1_O)        0.035    -0.138 r  student_top_inst/mem_bridge/counter_inst/cnt_gray_cpu_d1[18]_i_1/O
                         net (fo=1, routed)           0.168     0.029    student_top_inst/mem_bridge/counter_inst/cnt_ms_gray[18]
    SLICE_X39Y104        FDRE                                         r  student_top_inst/mem_bridge/counter_inst/cnt_gray_cpu_d1_reg[18]/D
  -------------------------------------------------------------------    -------------------

                         (clock clk_out2_pll rise edge)
                                                      0.000     0.000 r  
    AD12                                              0.000     0.000 r  i_sys_clk_p (IN)
                         net (fo=0)                   0.000     0.000    pll_inst/inst/clk_in1_p
    AD12                 IBUFDS (Prop_ibufds_I_O)     0.388     0.388 r  pll_inst/inst/clkin1_ibufgds/O
                         net (fo=1, routed)           0.503     0.891    pll_inst/inst/clk_in1_pll
    MMCME2_ADV_X1Y1      MMCME2_ADV (Prop_mmcme2_adv_CLKIN1_CLKOUT1)
                                                     -3.040    -2.149 r  pll_inst/inst/mmcm_adv_inst/CLKOUT1
                         net (fo=1, routed)           0.940    -1.209    pll_inst/inst/clk_out2_pll
    BUFGCTRL_X0Y0        BUFG (Prop_bufg_I_O)         0.026    -1.183 r  pll_inst/inst/clkout2_buf/O
                         net (fo=11531, routed)       0.631    -0.552    student_top_inst/mem_bridge/counter_inst/cpu_clk
    SLICE_X39Y104        FDRE                                         r  student_top_inst/mem_bridge/counter_inst/cnt_gray_cpu_d1_reg[18]/C

Slack:                    inf
  Source:                 student_top_inst/mem_bridge/counter_inst/cnt_ms_bin_reg[20]/C
                            (rising edge-triggered cell FDRE clocked by clk_out1_pll  {rise@0.000ns fall@10.000ns period=20.000ns})
  Destination:            student_top_inst/mem_bridge/counter_inst/cnt_gray_cpu_d1_reg[19]/D
                            (rising edge-triggered cell FDRE clocked by clk_out2_pll  {rise@0.000ns fall@2.500ns period=5.000ns})
  Path Group:             (none)
  Path Type:              Setup (Max at Fast Process Corner)
  Data Path Delay:        0.597ns  (logic 0.160ns (26.800%)  route 0.437ns (73.200%))
  Logic Levels:           1  (LUT2=1)
  Clock Path Skew:        0.032ns (DCD - SCD + CPR)
    Destination Clock Delay (DCD):    -0.552ns
    Source Clock Delay      (SCD):    -0.583ns
    Clock Pessimism Removal (CPR):    0.000ns
  Clock Uncertainty:      0.194ns  ((TSJ^2 + DJ^2)^1/2) / 2 + PE
    Total System Jitter     (TSJ):    0.071ns
    Discrete Jitter          (DJ):    0.129ns
    Phase Error              (PE):    0.120ns
  Timing Exception:       Asynchronous Clock Groups

    Location             Delay type                Incr(ns)  Path(ns)    Netlist Resource(s)
  -------------------------------------------------------------------    -------------------
                         (clock clk_out1_pll rise edge)
                                                      0.000     0.000 r  
    AD12                                              0.000     0.000 r  i_sys_clk_p (IN)
                         net (fo=0)                   0.000     0.000    pll_inst/inst/clk_in1_p
    AD12                 IBUFDS (Prop_ibufds_I_O)     0.470     0.470 r  pll_inst/inst/clkin1_ibufgds/O
                         net (fo=1, routed)           0.553     1.023    pll_inst/inst/clk_in1_pll
    MMCME2_ADV_X1Y1      MMCME2_ADV (Prop_mmcme2_adv_CLKIN1_CLKOUT0)
                                                     -3.493    -2.470 r  pll_inst/inst/mmcm_adv_inst/CLKOUT0
                         net (fo=1, routed)           1.007    -1.463    pll_inst/inst/clk_out1_pll
    BUFGCTRL_X0Y1        BUFG (Prop_bufg_I_O)         0.030    -1.433 r  pll_inst/inst/clkout1_buf/O
                         net (fo=581, routed)         0.850    -0.583    student_top_inst/mem_bridge/counter_inst/cnt_clk
    SLICE_X40Y107        FDRE                                         r  student_top_inst/mem_bridge/counter_inst/cnt_ms_bin_reg[20]/C
  -------------------------------------------------------------------    -------------------
    SLICE_X40Y107        FDRE (Prop_fdre_C_Q)         0.124    -0.459 r  student_top_inst/mem_bridge/counter_inst/cnt_ms_bin_reg[20]/Q
                         net (fo=3, routed)           0.223    -0.236    student_top_inst/mem_bridge/counter_inst/cnt_ms_bin_reg__0[20]
    SLICE_X39Y106        LUT2 (Prop_lut2_I0_O)        0.036    -0.200 r  student_top_inst/mem_bridge/counter_inst/cnt_gray_cpu_d1[19]_i_1/O
                         net (fo=1, routed)           0.214     0.014    student_top_inst/mem_bridge/counter_inst/cnt_ms_gray[19]
    SLICE_X39Y104        FDRE                                         r  student_top_inst/mem_bridge/counter_inst/cnt_gray_cpu_d1_reg[19]/D
  -------------------------------------------------------------------    -------------------

                         (clock clk_out2_pll rise edge)
                                                      0.000     0.000 r  
    AD12                                              0.000     0.000 r  i_sys_clk_p (IN)
                         net (fo=0)                   0.000     0.000    pll_inst/inst/clk_in1_p
    AD12                 IBUFDS (Prop_ibufds_I_O)     0.388     0.388 r  pll_inst/inst/clkin1_ibufgds/O
                         net (fo=1, routed)           0.503     0.891    pll_inst/inst/clk_in1_pll
    MMCME2_ADV_X1Y1      MMCME2_ADV (Prop_mmcme2_adv_CLKIN1_CLKOUT1)
                                                     -3.040    -2.149 r  pll_inst/inst/mmcm_adv_inst/CLKOUT1
                         net (fo=1, routed)           0.940    -1.209    pll_inst/inst/clk_out2_pll
    BUFGCTRL_X0Y0        BUFG (Prop_bufg_I_O)         0.026    -1.183 r  pll_inst/inst/clkout2_buf/O
                         net (fo=11531, routed)       0.631    -0.552    student_top_inst/mem_bridge/counter_inst/cpu_clk
    SLICE_X39Y104        FDRE                                         r  student_top_inst/mem_bridge/counter_inst/cnt_gray_cpu_d1_reg[19]/C

Slack:                    inf
  Source:                 twin_controller_inst/sw_reg[55]/C
                            (rising edge-triggered cell FDCE clocked by clk_out1_pll  {rise@0.000ns fall@10.000ns period=20.000ns})
  Destination:            student_top_inst/virtual_sw_cpu_d1_reg[55]/D
                            (rising edge-triggered cell FDRE clocked by clk_out2_pll  {rise@0.000ns fall@2.500ns period=5.000ns})
  Path Group:             (none)
  Path Type:              Setup (Max at Fast Process Corner)
  Data Path Delay:        0.608ns  (logic 0.147ns (24.188%)  route 0.461ns (75.812%))
  Logic Levels:           0  
  Clock Path Skew:        0.041ns (DCD - SCD + CPR)
    Destination Clock Delay (DCD):    -0.554ns
    Source Clock Delay      (SCD):    -0.594ns
    Clock Pessimism Removal (CPR):    0.000ns
  Clock Uncertainty:      0.194ns  ((TSJ^2 + DJ^2)^1/2) / 2 + PE
    Total System Jitter     (TSJ):    0.071ns
    Discrete Jitter          (DJ):    0.129ns
    Phase Error              (PE):    0.120ns
  Timing Exception:       Asynchronous Clock Groups

    Location             Delay type                Incr(ns)  Path(ns)    Netlist Resource(s)
  -------------------------------------------------------------------    -------------------
                         (clock clk_out1_pll rise edge)
                                                      0.000     0.000 r  
    AD12                                              0.000     0.000 r  i_sys_clk_p (IN)
                         net (fo=0)                   0.000     0.000    pll_inst/inst/clk_in1_p
    AD12                 IBUFDS (Prop_ibufds_I_O)     0.470     0.470 r  pll_inst/inst/clkin1_ibufgds/O
                         net (fo=1, routed)           0.553     1.023    pll_inst/inst/clk_in1_pll
    MMCME2_ADV_X1Y1      MMCME2_ADV (Prop_mmcme2_adv_CLKIN1_CLKOUT0)
                                                     -3.493    -2.470 r  pll_inst/inst/mmcm_adv_inst/CLKOUT0
                         net (fo=1, routed)           1.007    -1.463    pll_inst/inst/clk_out1_pll
    BUFGCTRL_X0Y1        BUFG (Prop_bufg_I_O)         0.030    -1.433 r  pll_inst/inst/clkout1_buf/O
                         net (fo=581, routed)         0.839    -0.594    twin_controller_inst/clk
    SLICE_X46Y117        FDCE                                         r  twin_controller_inst/sw_reg[55]/C
  -------------------------------------------------------------------    -------------------
    SLICE_X46Y117        FDCE (Prop_fdce_C_Q)         0.147    -0.447 r  twin_controller_inst/sw_reg[55]/Q
                         net (fo=3, routed)           0.461     0.013    student_top_inst/virtual_sw[55]
    SLICE_X46Y101        FDRE                                         r  student_top_inst/virtual_sw_cpu_d1_reg[55]/D
  -------------------------------------------------------------------    -------------------

                         (clock clk_out2_pll rise edge)
                                                      0.000     0.000 r  
    AD12                                              0.000     0.000 r  i_sys_clk_p (IN)
                         net (fo=0)                   0.000     0.000    pll_inst/inst/clk_in1_p
    AD12                 IBUFDS (Prop_ibufds_I_O)     0.388     0.388 r  pll_inst/inst/clkin1_ibufgds/O
                         net (fo=1, routed)           0.503     0.891    pll_inst/inst/clk_in1_pll
    MMCME2_ADV_X1Y1      MMCME2_ADV (Prop_mmcme2_adv_CLKIN1_CLKOUT1)
                                                     -3.040    -2.149 r  pll_inst/inst/mmcm_adv_inst/CLKOUT1
                         net (fo=1, routed)           0.940    -1.209    pll_inst/inst/clk_out2_pll
    BUFGCTRL_X0Y0        BUFG (Prop_bufg_I_O)         0.026    -1.183 r  pll_inst/inst/clkout2_buf/O
                         net (fo=11531, routed)       0.629    -0.554    student_top_inst/w_cpu_clk
    SLICE_X46Y101        FDRE                                         r  student_top_inst/virtual_sw_cpu_d1_reg[55]/C

Slack:                    inf
  Source:                 student_top_inst/mem_bridge/counter_inst/cnt_ms_bin_reg[10]/C
                            (rising edge-triggered cell FDRE clocked by clk_out1_pll  {rise@0.000ns fall@10.000ns period=20.000ns})
  Destination:            student_top_inst/mem_bridge/counter_inst/cnt_gray_cpu_d1_reg[10]/D
                            (rising edge-triggered cell FDRE clocked by clk_out2_pll  {rise@0.000ns fall@2.500ns period=5.000ns})
  Path Group:             (none)
  Path Type:              Setup (Max at Fast Process Corner)
  Data Path Delay:        0.593ns  (logic 0.159ns (26.791%)  route 0.434ns (73.209%))
  Logic Levels:           1  (LUT2=1)
  Clock Path Skew:        0.031ns (DCD - SCD + CPR)
    Destination Clock Delay (DCD):    -0.552ns
    Source Clock Delay      (SCD):    -0.582ns
    Clock Pessimism Removal (CPR):    0.000ns
  Clock Uncertainty:      0.194ns  ((TSJ^2 + DJ^2)^1/2) / 2 + PE
    Total System Jitter     (TSJ):    0.071ns
    Discrete Jitter          (DJ):    0.129ns
    Phase Error              (PE):    0.120ns
  Timing Exception:       Asynchronous Clock Groups

    Location             Delay type                Incr(ns)  Path(ns)    Netlist Resource(s)
  -------------------------------------------------------------------    -------------------
                         (clock clk_out1_pll rise edge)
                                                      0.000     0.000 r  
    AD12                                              0.000     0.000 r  i_sys_clk_p (IN)
                         net (fo=0)                   0.000     0.000    pll_inst/inst/clk_in1_p
    AD12                 IBUFDS (Prop_ibufds_I_O)     0.470     0.470 r  pll_inst/inst/clkin1_ibufgds/O
                         net (fo=1, routed)           0.553     1.023    pll_inst/inst/clk_in1_pll
    MMCME2_ADV_X1Y1      MMCME2_ADV (Prop_mmcme2_adv_CLKIN1_CLKOUT0)
                                                     -3.493    -2.470 r  pll_inst/inst/mmcm_adv_inst/CLKOUT0
                         net (fo=1, routed)           1.007    -1.463    pll_inst/inst/clk_out1_pll
    BUFGCTRL_X0Y1        BUFG (Prop_bufg_I_O)         0.030    -1.433 r  pll_inst/inst/clkout1_buf/O
                         net (fo=581, routed)         0.851    -0.582    student_top_inst/mem_bridge/counter_inst/cnt_clk
    SLICE_X40Y104        FDRE                                         r  student_top_inst/mem_bridge/counter_inst/cnt_ms_bin_reg[10]/C
  -------------------------------------------------------------------    -------------------
    SLICE_X40Y104        FDRE (Prop_fdre_C_Q)         0.124    -0.458 r  student_top_inst/mem_bridge/counter_inst/cnt_ms_bin_reg[10]/Q
                         net (fo=3, routed)           0.264    -0.194    student_top_inst/mem_bridge/counter_inst/cnt_ms_bin_reg__0[10]
    SLICE_X38Y105        LUT2 (Prop_lut2_I1_O)        0.035    -0.159 r  student_top_inst/mem_bridge/counter_inst/cnt_gray_cpu_d1[10]_i_1/O
                         net (fo=1, routed)           0.170     0.011    student_top_inst/mem_bridge/counter_inst/cnt_ms_gray[10]
    SLICE_X38Y104        FDRE                                         r  student_top_inst/mem_bridge/counter_inst/cnt_gray_cpu_d1_reg[10]/D
  -------------------------------------------------------------------    -------------------

                         (clock clk_out2_pll rise edge)
                                                      0.000     0.000 r  
    AD12                                              0.000     0.000 r  i_sys_clk_p (IN)
                         net (fo=0)                   0.000     0.000    pll_inst/inst/clk_in1_p
    AD12                 IBUFDS (Prop_ibufds_I_O)     0.388     0.388 r  pll_inst/inst/clkin1_ibufgds/O
                         net (fo=1, routed)           0.503     0.891    pll_inst/inst/clk_in1_pll
    MMCME2_ADV_X1Y1      MMCME2_ADV (Prop_mmcme2_adv_CLKIN1_CLKOUT1)
                                                     -3.040    -2.149 r  pll_inst/inst/mmcm_adv_inst/CLKOUT1
                         net (fo=1, routed)           0.940    -1.209    pll_inst/inst/clk_out2_pll
    BUFGCTRL_X0Y0        BUFG (Prop_bufg_I_O)         0.026    -1.183 r  pll_inst/inst/clkout2_buf/O
                         net (fo=11531, routed)       0.631    -0.552    student_top_inst/mem_bridge/counter_inst/cpu_clk
    SLICE_X38Y104        FDRE                                         r  student_top_inst/mem_bridge/counter_inst/cnt_gray_cpu_d1_reg[10]/C





--------------------------------------------------------------------------------------
Path Group:  (none)
From Clock:  clk_out1_pll
  To Clock:  

Max Delay            37 Endpoints
Min Delay             0 Endpoints
--------------------------------------------------------------------------------------


Max Delay Paths
--------------------------------------------------------------------------------------
Slack:                    inf
  Source:                 student_top_inst/mem_bridge/seg_driver/count_reg[4]/C
                            (rising edge-triggered cell FDCE clocked by clk_out1_pll  {rise@0.000ns fall@10.000ns period=20.000ns})
  Destination:            virtual_seg[2]
                            (output port)
  Path Group:             (none)
  Path Type:              Max at Slow Process Corner
  Data Path Delay:        12.109ns  (logic 2.852ns (23.555%)  route 9.257ns (76.445%))
  Logic Levels:           3  (LUT3=1 LUT4=1 OBUF=1)
  Clock Uncertainty:      0.159ns  ((TSJ^2 + DJ^2)^1/2) / 2 + PE
    Total System Jitter     (TSJ):    0.050ns
    Discrete Jitter          (DJ):    0.129ns
    Phase Error              (PE):    0.090ns

    Location             Delay type                Incr(ns)  Path(ns)    Netlist Resource(s)
  -------------------------------------------------------------------    -------------------
                         (clock clk_out1_pll rise edge)
                                                      0.000     0.000 r  
    AD12                                              0.000     0.000 r  i_sys_clk_p (IN)
                         net (fo=0)                   0.000     0.000    pll_inst/inst/clk_in1_p
    AD12                 IBUFDS (Prop_ibufds_I_O)     0.906     0.906 r  pll_inst/inst/clkin1_ibufgds/O
                         net (fo=1, routed)           1.081     1.987    pll_inst/inst/clk_in1_pll
    MMCME2_ADV_X1Y1      MMCME2_ADV (Prop_mmcme2_adv_CLKIN1_CLKOUT0)
                                                     -7.786    -5.799 r  pll_inst/inst/mmcm_adv_inst/CLKOUT0
                         net (fo=1, routed)           2.130    -3.669    pll_inst/inst/clk_out1_pll
    BUFGCTRL_X0Y1        BUFG (Prop_bufg_I_O)         0.093    -3.576 r  pll_inst/inst/clkout1_buf/O
                         net (fo=581, routed)         1.445    -2.131    student_top_inst/mem_bridge/seg_driver/clk
    SLICE_X40Y120        FDCE                                         r  student_top_inst/mem_bridge/seg_driver/count_reg[4]/C
  -------------------------------------------------------------------    -------------------
    SLICE_X40Y120        FDCE (Prop_fdce_C_Q)         0.204    -1.927 r  student_top_inst/mem_bridge/seg_driver/count_reg[4]/Q
                         net (fo=26, routed)          1.518    -0.409    student_top_inst/mem_bridge/seg_driver/ans[6]
    SLICE_X43Y105        LUT3 (Prop_lut3_I1_O)        0.131    -0.278 r  student_top_inst/mem_bridge/seg_driver/SEG1_i_2/O
                         net (fo=7, routed)           0.963     0.684    student_top_inst/mem_bridge/seg_driver/SEG1/din[2]
    SLICE_X38Y118        LUT4 (Prop_lut4_I1_O)        0.136     0.820 r  student_top_inst/mem_bridge/seg_driver/SEG1/dout[2]_INST_0/O
                         net (fo=2, routed)           6.776     7.596    virtual_seg_OBUF[2]
    H16                  OBUF (Prop_obuf_I_O)         2.381     9.978 r  virtual_seg_OBUF[2]_inst/O
                         net (fo=0)                   0.000     9.978    virtual_seg[2]
    H16                                                               r  virtual_seg[2] (OUT)
  -------------------------------------------------------------------    -------------------

Slack:                    inf
  Source:                 student_top_inst/mem_bridge/seg_driver/count_reg[4]/C
                            (rising edge-triggered cell FDCE clocked by clk_out1_pll  {rise@0.000ns fall@10.000ns period=20.000ns})
  Destination:            virtual_seg[29]
                            (output port)
  Path Group:             (none)
  Path Type:              Max at Slow Process Corner
  Data Path Delay:        11.756ns  (logic 2.741ns (23.320%)  route 9.014ns (76.680%))
  Logic Levels:           2  (LUT1=1 OBUF=1)
  Clock Uncertainty:      0.159ns  ((TSJ^2 + DJ^2)^1/2) / 2 + PE
    Total System Jitter     (TSJ):    0.050ns
    Discrete Jitter          (DJ):    0.129ns
    Phase Error              (PE):    0.090ns

    Location             Delay type                Incr(ns)  Path(ns)    Netlist Resource(s)
  -------------------------------------------------------------------    -------------------
                         (clock clk_out1_pll rise edge)
                                                      0.000     0.000 r  
    AD12                                              0.000     0.000 r  i_sys_clk_p (IN)
                         net (fo=0)                   0.000     0.000    pll_inst/inst/clk_in1_p
    AD12                 IBUFDS (Prop_ibufds_I_O)     0.906     0.906 r  pll_inst/inst/clkin1_ibufgds/O
                         net (fo=1, routed)           1.081     1.987    pll_inst/inst/clk_in1_pll
    MMCME2_ADV_X1Y1      MMCME2_ADV (Prop_mmcme2_adv_CLKIN1_CLKOUT0)
                                                     -7.786    -5.799 r  pll_inst/inst/mmcm_adv_inst/CLKOUT0
                         net (fo=1, routed)           2.130    -3.669    pll_inst/inst/clk_out1_pll
    BUFGCTRL_X0Y1        BUFG (Prop_bufg_I_O)         0.093    -3.576 r  pll_inst/inst/clkout1_buf/O
                         net (fo=581, routed)         1.445    -2.131    student_top_inst/mem_bridge/seg_driver/clk
    SLICE_X40Y120        FDCE                                         r  student_top_inst/mem_bridge/seg_driver/count_reg[4]/C
  -------------------------------------------------------------------    -------------------
    SLICE_X40Y120        FDCE (Prop_fdce_C_Q)         0.204    -1.927 f  student_top_inst/mem_bridge/seg_driver/count_reg[4]/Q
                         net (fo=26, routed)          3.041     1.114    student_top_inst/mem_bridge/seg_driver/ans[6]
    SLICE_X6Y198         LUT1 (Prop_lut1_I0_O)        0.123     1.237 r  student_top_inst/mem_bridge/seg_driver/ans[7]_INST_0/O
                         net (fo=8, routed)           5.973     7.210    virtual_seg_OBUF[29]
    AH26                 OBUF (Prop_obuf_I_O)         2.414     9.624 r  virtual_seg_OBUF[29]_inst/O
                         net (fo=0)                   0.000     9.624    virtual_seg[29]
    AH26                                                              r  virtual_seg[29] (OUT)
  -------------------------------------------------------------------    -------------------

Slack:                    inf
  Source:                 student_top_inst/mem_bridge/seg_driver/count_reg[4]/C
                            (rising edge-triggered cell FDCE clocked by clk_out1_pll  {rise@0.000ns fall@10.000ns period=20.000ns})
  Destination:            virtual_seg[14]
                            (output port)
  Path Group:             (none)
  Path Type:              Max at Slow Process Corner
  Data Path Delay:        11.654ns  (logic 2.875ns (24.672%)  route 8.779ns (75.328%))
  Logic Levels:           3  (LUT3=1 LUT4=1 OBUF=1)
  Clock Uncertainty:      0.159ns  ((TSJ^2 + DJ^2)^1/2) / 2 + PE
    Total System Jitter     (TSJ):    0.050ns
    Discrete Jitter          (DJ):    0.129ns
    Phase Error              (PE):    0.090ns

    Location             Delay type                Incr(ns)  Path(ns)    Netlist Resource(s)
  -------------------------------------------------------------------    -------------------
                         (clock clk_out1_pll rise edge)
                                                      0.000     0.000 r  
    AD12                                              0.000     0.000 r  i_sys_clk_p (IN)
                         net (fo=0)                   0.000     0.000    pll_inst/inst/clk_in1_p
    AD12                 IBUFDS (Prop_ibufds_I_O)     0.906     0.906 r  pll_inst/inst/clkin1_ibufgds/O
                         net (fo=1, routed)           1.081     1.987    pll_inst/inst/clk_in1_pll
    MMCME2_ADV_X1Y1      MMCME2_ADV (Prop_mmcme2_adv_CLKIN1_CLKOUT0)
                                                     -7.786    -5.799 r  pll_inst/inst/mmcm_adv_inst/CLKOUT0
                         net (fo=1, routed)           2.130    -3.669    pll_inst/inst/clk_out1_pll
    BUFGCTRL_X0Y1        BUFG (Prop_bufg_I_O)         0.093    -3.576 r  pll_inst/inst/clkout1_buf/O
                         net (fo=581, routed)         1.445    -2.131    student_top_inst/mem_bridge/seg_driver/clk
    SLICE_X40Y120        FDCE                                         r  student_top_inst/mem_bridge/seg_driver/count_reg[4]/C
  -------------------------------------------------------------------    -------------------
    SLICE_X40Y120        FDCE (Prop_fdce_C_Q)         0.204    -1.927 r  student_top_inst/mem_bridge/seg_driver/count_reg[4]/Q
                         net (fo=26, routed)          1.533    -0.394    student_top_inst/mem_bridge/seg_driver/ans[6]
    SLICE_X42Y105        LUT3 (Prop_lut3_I1_O)        0.131    -0.263 f  student_top_inst/mem_bridge/seg_driver/SEG2_i_4/O
                         net (fo=7, routed)           0.831     0.567    student_top_inst/mem_bridge/seg_driver/SEG2/din[0]
    SLICE_X36Y116        LUT4 (Prop_lut4_I3_O)        0.134     0.701 r  student_top_inst/mem_bridge/seg_driver/SEG2/dout[4]_INST_0/O
                         net (fo=2, routed)           6.415     7.116    virtual_seg_OBUF[14]
    J11                  OBUF (Prop_obuf_I_O)         2.406     9.523 r  virtual_seg_OBUF[14]_inst/O
                         net (fo=0)                   0.000     9.523    virtual_seg[14]
    J11                                                               r  virtual_seg[14] (OUT)
  -------------------------------------------------------------------    -------------------

Slack:                    inf
  Source:                 student_top_inst/mem_bridge/seg_driver/count_reg[4]/C
                            (rising edge-triggered cell FDCE clocked by clk_out1_pll  {rise@0.000ns fall@10.000ns period=20.000ns})
  Destination:            virtual_seg[11]
                            (output port)
  Path Group:             (none)
  Path Type:              Max at Slow Process Corner
  Data Path Delay:        11.517ns  (logic 2.970ns (25.791%)  route 8.546ns (74.209%))
  Logic Levels:           3  (LUT3=1 LUT4=1 OBUF=1)
  Clock Uncertainty:      0.159ns  ((TSJ^2 + DJ^2)^1/2) / 2 + PE
    Total System Jitter     (TSJ):    0.050ns
    Discrete Jitter          (DJ):    0.129ns
    Phase Error              (PE):    0.090ns

    Location             Delay type                Incr(ns)  Path(ns)    Netlist Resource(s)
  -------------------------------------------------------------------    -------------------
                         (clock clk_out1_pll rise edge)
                                                      0.000     0.000 r  
    AD12                                              0.000     0.000 r  i_sys_clk_p (IN)
                         net (fo=0)                   0.000     0.000    pll_inst/inst/clk_in1_p
    AD12                 IBUFDS (Prop_ibufds_I_O)     0.906     0.906 r  pll_inst/inst/clkin1_ibufgds/O
                         net (fo=1, routed)           1.081     1.987    pll_inst/inst/clk_in1_pll
    MMCME2_ADV_X1Y1      MMCME2_ADV (Prop_mmcme2_adv_CLKIN1_CLKOUT0)
                                                     -7.786    -5.799 r  pll_inst/inst/mmcm_adv_inst/CLKOUT0
                         net (fo=1, routed)           2.130    -3.669    pll_inst/inst/clk_out1_pll
    BUFGCTRL_X0Y1        BUFG (Prop_bufg_I_O)         0.093    -3.576 r  pll_inst/inst/clkout1_buf/O
                         net (fo=581, routed)         1.445    -2.131    student_top_inst/mem_bridge/seg_driver/clk
    SLICE_X40Y120        FDCE                                         r  student_top_inst/mem_bridge/seg_driver/count_reg[4]/C
  -------------------------------------------------------------------    -------------------
    SLICE_X40Y120        FDCE (Prop_fdce_C_Q)         0.204    -1.927 r  student_top_inst/mem_bridge/seg_driver/count_reg[4]/Q
                         net (fo=26, routed)          1.533    -0.394    student_top_inst/mem_bridge/seg_driver/ans[6]
    SLICE_X42Y105        LUT3 (Prop_lut3_I1_O)        0.131    -0.263 r  student_top_inst/mem_bridge/seg_driver/SEG2_i_4/O
                         net (fo=7, routed)           0.693     0.429    student_top_inst/mem_bridge/seg_driver/SEG2/din[0]
    SLICE_X36Y116        LUT4 (Prop_lut4_I1_O)        0.143     0.572 r  student_top_inst/mem_bridge/seg_driver/SEG2/dout[1]_INST_0/O
                         net (fo=2, routed)           6.321     6.893    virtual_seg_OBUF[11]
    H11                  OBUF (Prop_obuf_I_O)         2.492     9.385 r  virtual_seg_OBUF[11]_inst/O
                         net (fo=0)                   0.000     9.385    virtual_seg[11]
    H11                                                               r  virtual_seg[11] (OUT)
  -------------------------------------------------------------------    -------------------

Slack:                    inf
  Source:                 student_top_inst/mem_bridge/seg_driver/count_reg[4]/C
                            (rising edge-triggered cell FDCE clocked by clk_out1_pll  {rise@0.000ns fall@10.000ns period=20.000ns})
  Destination:            virtual_seg[39]
                            (output port)
  Path Group:             (none)
  Path Type:              Max at Slow Process Corner
  Data Path Delay:        11.434ns  (logic 2.744ns (23.995%)  route 8.690ns (76.005%))
  Logic Levels:           2  (LUT1=1 OBUF=1)
  Clock Uncertainty:      0.159ns  ((TSJ^2 + DJ^2)^1/2) / 2 + PE
    Total System Jitter     (TSJ):    0.050ns
    Discrete Jitter          (DJ):    0.129ns
    Phase Error              (PE):    0.090ns

    Location             Delay type                Incr(ns)  Path(ns)    Netlist Resource(s)
  -------------------------------------------------------------------    -------------------
                         (clock clk_out1_pll rise edge)
                                                      0.000     0.000 r  
    AD12                                              0.000     0.000 r  i_sys_clk_p (IN)
                         net (fo=0)                   0.000     0.000    pll_inst/inst/clk_in1_p
    AD12                 IBUFDS (Prop_ibufds_I_O)     0.906     0.906 r  pll_inst/inst/clkin1_ibufgds/O
                         net (fo=1, routed)           1.081     1.987    pll_inst/inst/clk_in1_pll
    MMCME2_ADV_X1Y1      MMCME2_ADV (Prop_mmcme2_adv_CLKIN1_CLKOUT0)
                                                     -7.786    -5.799 r  pll_inst/inst/mmcm_adv_inst/CLKOUT0
                         net (fo=1, routed)           2.130    -3.669    pll_inst/inst/clk_out1_pll
    BUFGCTRL_X0Y1        BUFG (Prop_bufg_I_O)         0.093    -3.576 r  pll_inst/inst/clkout1_buf/O
                         net (fo=581, routed)         1.445    -2.131    student_top_inst/mem_bridge/seg_driver/clk
    SLICE_X40Y120        FDCE                                         r  student_top_inst/mem_bridge/seg_driver/count_reg[4]/C
  -------------------------------------------------------------------    -------------------
    SLICE_X40Y120        FDCE (Prop_fdce_C_Q)         0.204    -1.927 f  student_top_inst/mem_bridge/seg_driver/count_reg[4]/Q
                         net (fo=26, routed)          3.041     1.114    student_top_inst/mem_bridge/seg_driver/ans[6]
    SLICE_X6Y198         LUT1 (Prop_lut1_I0_O)        0.123     1.237 r  student_top_inst/mem_bridge/seg_driver/ans[7]_INST_0/O
                         net (fo=8, routed)           5.649     6.886    virtual_seg_OBUF[39]
    AJ28                 OBUF (Prop_obuf_I_O)         2.417     9.302 r  virtual_seg_OBUF[39]_inst/O
                         net (fo=0)                   0.000     9.302    virtual_seg[39]
    AJ28                                                              r  virtual_seg[39] (OUT)
  -------------------------------------------------------------------    -------------------

Slack:                    inf
  Source:                 student_top_inst/mem_bridge/seg_driver/count_reg[4]/C
                            (rising edge-triggered cell FDCE clocked by clk_out1_pll  {rise@0.000ns fall@10.000ns period=20.000ns})
  Destination:            virtual_seg[0]
                            (output port)
  Path Group:             (none)
  Path Type:              Max at Slow Process Corner
  Data Path Delay:        10.507ns  (logic 2.846ns (27.091%)  route 7.660ns (72.909%))
  Logic Levels:           3  (LUT3=1 LUT4=1 OBUF=1)
  Clock Uncertainty:      0.159ns  ((TSJ^2 + DJ^2)^1/2) / 2 + PE
    Total System Jitter     (TSJ):    0.050ns
    Discrete Jitter          (DJ):    0.129ns
    Phase Error              (PE):    0.090ns

    Location             Delay type                Incr(ns)  Path(ns)    Netlist Resource(s)
  -------------------------------------------------------------------    -------------------
                         (clock clk_out1_pll rise edge)
                                                      0.000     0.000 r  
    AD12                                              0.000     0.000 r  i_sys_clk_p (IN)
                         net (fo=0)                   0.000     0.000    pll_inst/inst/clk_in1_p
    AD12                 IBUFDS (Prop_ibufds_I_O)     0.906     0.906 r  pll_inst/inst/clkin1_ibufgds/O
                         net (fo=1, routed)           1.081     1.987    pll_inst/inst/clk_in1_pll
    MMCME2_ADV_X1Y1      MMCME2_ADV (Prop_mmcme2_adv_CLKIN1_CLKOUT0)
                                                     -7.786    -5.799 r  pll_inst/inst/mmcm_adv_inst/CLKOUT0
                         net (fo=1, routed)           2.130    -3.669    pll_inst/inst/clk_out1_pll
    BUFGCTRL_X0Y1        BUFG (Prop_bufg_I_O)         0.093    -3.576 r  pll_inst/inst/clkout1_buf/O
                         net (fo=581, routed)         1.445    -2.131    student_top_inst/mem_bridge/seg_driver/clk
    SLICE_X40Y120        FDCE                                         r  student_top_inst/mem_bridge/seg_driver/count_reg[4]/C
  -------------------------------------------------------------------    -------------------
    SLICE_X40Y120        FDCE (Prop_fdce_C_Q)         0.204    -1.927 r  student_top_inst/mem_bridge/seg_driver/count_reg[4]/Q
                         net (fo=26, routed)          1.608    -0.319    student_top_inst/mem_bridge/seg_driver/ans[6]
    SLICE_X41Y105        LUT3 (Prop_lut3_I1_O)        0.131    -0.188 r  student_top_inst/mem_bridge/seg_driver/SEG1_i_4/O
                         net (fo=7, routed)           0.952     0.764    student_top_inst/mem_bridge/seg_driver/SEG1/din[0]
    SLICE_X38Y118        LUT4 (Prop_lut4_I3_O)        0.136     0.900 r  student_top_inst/mem_bridge/seg_driver/SEG1/dout[0]_INST_0/O
                         net (fo=2, routed)           5.100     6.000    virtual_seg_OBUF[0]
    K14                  OBUF (Prop_obuf_I_O)         2.375     8.375 r  virtual_seg_OBUF[0]_inst/O
                         net (fo=0)                   0.000     8.375    virtual_seg[0]
    K14                                                               r  virtual_seg[0] (OUT)
  -------------------------------------------------------------------    -------------------

Slack:                    inf
  Source:                 student_top_inst/mem_bridge/seg_driver/count_reg[4]/C
                            (rising edge-triggered cell FDCE clocked by clk_out1_pll  {rise@0.000ns fall@10.000ns period=20.000ns})
  Destination:            virtual_seg[5]
                            (output port)
  Path Group:             (none)
  Path Type:              Max at Slow Process Corner
  Data Path Delay:        10.444ns  (logic 2.942ns (28.171%)  route 7.502ns (71.829%))
  Logic Levels:           3  (LUT3=1 LUT4=1 OBUF=1)
  Clock Uncertainty:      0.159ns  ((TSJ^2 + DJ^2)^1/2) / 2 + PE
    Total System Jitter     (TSJ):    0.050ns
    Discrete Jitter          (DJ):    0.129ns
    Phase Error              (PE):    0.090ns

    Location             Delay type                Incr(ns)  Path(ns)    Netlist Resource(s)
  -------------------------------------------------------------------    -------------------
                         (clock clk_out1_pll rise edge)
                                                      0.000     0.000 r  
    AD12                                              0.000     0.000 r  i_sys_clk_p (IN)
                         net (fo=0)                   0.000     0.000    pll_inst/inst/clk_in1_p
    AD12                 IBUFDS (Prop_ibufds_I_O)     0.906     0.906 r  pll_inst/inst/clkin1_ibufgds/O
                         net (fo=1, routed)           1.081     1.987    pll_inst/inst/clk_in1_pll
    MMCME2_ADV_X1Y1      MMCME2_ADV (Prop_mmcme2_adv_CLKIN1_CLKOUT0)
                                                     -7.786    -5.799 r  pll_inst/inst/mmcm_adv_inst/CLKOUT0
                         net (fo=1, routed)           2.130    -3.669    pll_inst/inst/clk_out1_pll
    BUFGCTRL_X0Y1        BUFG (Prop_bufg_I_O)         0.093    -3.576 r  pll_inst/inst/clkout1_buf/O
                         net (fo=581, routed)         1.445    -2.131    student_top_inst/mem_bridge/seg_driver/clk
    SLICE_X40Y120        FDCE                                         r  student_top_inst/mem_bridge/seg_driver/count_reg[4]/C
  -------------------------------------------------------------------    -------------------
    SLICE_X40Y120        FDCE (Prop_fdce_C_Q)         0.204    -1.927 r  student_top_inst/mem_bridge/seg_driver/count_reg[4]/Q
                         net (fo=26, routed)          1.608    -0.319    student_top_inst/mem_bridge/seg_driver/ans[6]
    SLICE_X41Y105        LUT3 (Prop_lut3_I1_O)        0.131    -0.188 f  student_top_inst/mem_bridge/seg_driver/SEG1_i_4/O
                         net (fo=7, routed)           1.071     0.883    student_top_inst/mem_bridge/seg_driver/SEG1/din[0]
    SLICE_X38Y118        LUT4 (Prop_lut4_I3_O)        0.139     1.022 r  student_top_inst/mem_bridge/seg_driver/SEG1/dout[5]_INST_0/O
                         net (fo=2, routed)           4.822     5.844    virtual_seg_OBUF[5]
    K15                  OBUF (Prop_obuf_I_O)         2.468     8.312 r  virtual_seg_OBUF[5]_inst/O
                         net (fo=0)                   0.000     8.312    virtual_seg[5]
    K15                                                               r  virtual_seg[5] (OUT)
  -------------------------------------------------------------------    -------------------

Slack:                    inf
  Source:                 student_top_inst/mem_bridge/seg_driver/count_reg[4]/C
                            (rising edge-triggered cell FDCE clocked by clk_out1_pll  {rise@0.000ns fall@10.000ns period=20.000ns})
  Destination:            virtual_seg[6]
                            (output port)
  Path Group:             (none)
  Path Type:              Max at Slow Process Corner
  Data Path Delay:        10.184ns  (logic 2.862ns (28.099%)  route 7.322ns (71.901%))
  Logic Levels:           3  (LUT3=1 LUT4=1 OBUF=1)
  Clock Uncertainty:      0.159ns  ((TSJ^2 + DJ^2)^1/2) / 2 + PE
    Total System Jitter     (TSJ):    0.050ns
    Discrete Jitter          (DJ):    0.129ns
    Phase Error              (PE):    0.090ns

    Location             Delay type                Incr(ns)  Path(ns)    Netlist Resource(s)
  -------------------------------------------------------------------    -------------------
                         (clock clk_out1_pll rise edge)
                                                      0.000     0.000 r  
    AD12                                              0.000     0.000 r  i_sys_clk_p (IN)
                         net (fo=0)                   0.000     0.000    pll_inst/inst/clk_in1_p
    AD12                 IBUFDS (Prop_ibufds_I_O)     0.906     0.906 r  pll_inst/inst/clkin1_ibufgds/O
                         net (fo=1, routed)           1.081     1.987    pll_inst/inst/clk_in1_pll
    MMCME2_ADV_X1Y1      MMCME2_ADV (Prop_mmcme2_adv_CLKIN1_CLKOUT0)
                                                     -7.786    -5.799 r  pll_inst/inst/mmcm_adv_inst/CLKOUT0
                         net (fo=1, routed)           2.130    -3.669    pll_inst/inst/clk_out1_pll
    BUFGCTRL_X0Y1        BUFG (Prop_bufg_I_O)         0.093    -3.576 r  pll_inst/inst/clkout1_buf/O
                         net (fo=581, routed)         1.445    -2.131    student_top_inst/mem_bridge/seg_driver/clk
    SLICE_X40Y120        FDCE                                         r  student_top_inst/mem_bridge/seg_driver/count_reg[4]/C
  -------------------------------------------------------------------    -------------------
    SLICE_X40Y120        FDCE (Prop_fdce_C_Q)         0.204    -1.927 r  student_top_inst/mem_bridge/seg_driver/count_reg[4]/Q
                         net (fo=26, routed)          1.518    -0.409    student_top_inst/mem_bridge/seg_driver/ans[6]
    SLICE_X43Y105        LUT3 (Prop_lut3_I1_O)        0.131    -0.278 r  student_top_inst/mem_bridge/seg_driver/SEG1_i_2/O
                         net (fo=7, routed)           0.772     0.493    student_top_inst/mem_bridge/seg_driver/SEG1/din[2]
    SLICE_X39Y115        LUT4 (Prop_lut4_I2_O)        0.136     0.629 r  student_top_inst/mem_bridge/seg_driver/SEG1/dout[6]_INST_0/O
                         net (fo=2, routed)           5.033     5.662    virtual_seg_OBUF[6]
    L12                  OBUF (Prop_obuf_I_O)         2.391     8.053 r  virtual_seg_OBUF[6]_inst/O
                         net (fo=0)                   0.000     8.053    virtual_seg[6]
    L12                                                               r  virtual_seg[6] (OUT)
  -------------------------------------------------------------------    -------------------

Slack:                    inf
  Source:                 student_top_inst/mem_bridge/seg_driver/count_reg[4]/C
                            (rising edge-triggered cell FDCE clocked by clk_out1_pll  {rise@0.000ns fall@10.000ns period=20.000ns})
  Destination:            virtual_seg[8]
                            (output port)
  Path Group:             (none)
  Path Type:              Max at Slow Process Corner
  Data Path Delay:        10.157ns  (logic 2.675ns (26.336%)  route 7.482ns (73.664%))
  Logic Levels:           1  (OBUF=1)
  Clock Uncertainty:      0.159ns  ((TSJ^2 + DJ^2)^1/2) / 2 + PE
    Total System Jitter     (TSJ):    0.050ns
    Discrete Jitter          (DJ):    0.129ns
    Phase Error              (PE):    0.090ns

    Location             Delay type                Incr(ns)  Path(ns)    Netlist Resource(s)
  -------------------------------------------------------------------    -------------------
                         (clock clk_out1_pll rise edge)
                                                      0.000     0.000 r  
    AD12                                              0.000     0.000 r  i_sys_clk_p (IN)
                         net (fo=0)                   0.000     0.000    pll_inst/inst/clk_in1_p
    AD12                 IBUFDS (Prop_ibufds_I_O)     0.906     0.906 r  pll_inst/inst/clkin1_ibufgds/O
                         net (fo=1, routed)           1.081     1.987    pll_inst/inst/clk_in1_pll
    MMCME2_ADV_X1Y1      MMCME2_ADV (Prop_mmcme2_adv_CLKIN1_CLKOUT0)
                                                     -7.786    -5.799 r  pll_inst/inst/mmcm_adv_inst/CLKOUT0
                         net (fo=1, routed)           2.130    -3.669    pll_inst/inst/clk_out1_pll
    BUFGCTRL_X0Y1        BUFG (Prop_bufg_I_O)         0.093    -3.576 r  pll_inst/inst/clkout1_buf/O
                         net (fo=581, routed)         1.445    -2.131    student_top_inst/mem_bridge/seg_driver/clk
    SLICE_X40Y120        FDCE                                         r  student_top_inst/mem_bridge/seg_driver/count_reg[4]/C
  -------------------------------------------------------------------    -------------------
    SLICE_X40Y120        FDCE (Prop_fdce_C_Q)         0.204    -1.927 r  student_top_inst/mem_bridge/seg_driver/count_reg[4]/Q
                         net (fo=26, routed)          7.482     5.555    virtual_seg_OBUF[8]
    L13                  OBUF (Prop_obuf_I_O)         2.471     8.026 r  virtual_seg_OBUF[8]_inst/O
                         net (fo=0)                   0.000     8.026    virtual_seg[8]
    L13                                                               r  virtual_seg[8] (OUT)
  -------------------------------------------------------------------    -------------------

Slack:                    inf
  Source:                 student_top_inst/mem_bridge/seg_driver/count_reg[4]/C
                            (rising edge-triggered cell FDCE clocked by clk_out1_pll  {rise@0.000ns fall@10.000ns period=20.000ns})
  Destination:            virtual_seg[12]
                            (output port)
  Path Group:             (none)
  Path Type:              Max at Slow Process Corner
  Data Path Delay:        10.153ns  (logic 2.869ns (28.259%)  route 7.284ns (71.741%))
  Logic Levels:           3  (LUT3=1 LUT4=1 OBUF=1)
  Clock Uncertainty:      0.159ns  ((TSJ^2 + DJ^2)^1/2) / 2 + PE
    Total System Jitter     (TSJ):    0.050ns
    Discrete Jitter          (DJ):    0.129ns
    Phase Error              (PE):    0.090ns

    Location             Delay type                Incr(ns)  Path(ns)    Netlist Resource(s)
  -------------------------------------------------------------------    -------------------
                         (clock clk_out1_pll rise edge)
                                                      0.000     0.000 r  
    AD12                                              0.000     0.000 r  i_sys_clk_p (IN)
                         net (fo=0)                   0.000     0.000    pll_inst/inst/clk_in1_p
    AD12                 IBUFDS (Prop_ibufds_I_O)     0.906     0.906 r  pll_inst/inst/clkin1_ibufgds/O
                         net (fo=1, routed)           1.081     1.987    pll_inst/inst/clk_in1_pll
    MMCME2_ADV_X1Y1      MMCME2_ADV (Prop_mmcme2_adv_CLKIN1_CLKOUT0)
                                                     -7.786    -5.799 r  pll_inst/inst/mmcm_adv_inst/CLKOUT0
                         net (fo=1, routed)           2.130    -3.669    pll_inst/inst/clk_out1_pll
    BUFGCTRL_X0Y1        BUFG (Prop_bufg_I_O)         0.093    -3.576 r  pll_inst/inst/clkout1_buf/O
                         net (fo=581, routed)         1.445    -2.131    student_top_inst/mem_bridge/seg_driver/clk
    SLICE_X40Y120        FDCE                                         r  student_top_inst/mem_bridge/seg_driver/count_reg[4]/C
  -------------------------------------------------------------------    -------------------
    SLICE_X40Y120        FDCE (Prop_fdce_C_Q)         0.204    -1.927 r  student_top_inst/mem_bridge/seg_driver/count_reg[4]/Q
                         net (fo=26, routed)          1.533    -0.394    student_top_inst/mem_bridge/seg_driver/ans[6]
    SLICE_X42Y105        LUT3 (Prop_lut3_I1_O)        0.131    -0.263 r  student_top_inst/mem_bridge/seg_driver/SEG2_i_4/O
                         net (fo=7, routed)           0.688     0.424    student_top_inst/mem_bridge/seg_driver/SEG2/din[0]
    SLICE_X36Y116        LUT4 (Prop_lut4_I3_O)        0.134     0.558 r  student_top_inst/mem_bridge/seg_driver/SEG2/dout[2]_INST_0/O
                         net (fo=2, routed)           5.063     5.621    virtual_seg_OBUF[12]
    J12                  OBUF (Prop_obuf_I_O)         2.400     8.022 r  virtual_seg_OBUF[12]_inst/O
                         net (fo=0)                   0.000     8.022    virtual_seg[12]
    J12                                                               r  virtual_seg[12] (OUT)
  -------------------------------------------------------------------    -------------------

Slack:                    inf
  Source:                 student_top_inst/mem_bridge/seg_driver/count_reg[4]/C
                            (rising edge-triggered cell FDCE clocked by clk_out1_pll  {rise@0.000ns fall@10.000ns period=20.000ns})
  Destination:            virtual_seg[4]
                            (output port)
  Path Group:             (none)
  Path Type:              Max at Slow Process Corner
  Data Path Delay:        10.115ns  (logic 2.852ns (28.198%)  route 7.263ns (71.802%))
  Logic Levels:           3  (LUT3=1 LUT4=1 OBUF=1)
  Clock Uncertainty:      0.159ns  ((TSJ^2 + DJ^2)^1/2) / 2 + PE
    Total System Jitter     (TSJ):    0.050ns
    Discrete Jitter          (DJ):    0.129ns
    Phase Error              (PE):    0.090ns

    Location             Delay type                Incr(ns)  Path(ns)    Netlist Resource(s)
  -------------------------------------------------------------------    -------------------
                         (clock clk_out1_pll rise edge)
                                                      0.000     0.000 r  
    AD12                                              0.000     0.000 r  i_sys_clk_p (IN)
                         net (fo=0)                   0.000     0.000    pll_inst/inst/clk_in1_p
    AD12                 IBUFDS (Prop_ibufds_I_O)     0.906     0.906 r  pll_inst/inst/clkin1_ibufgds/O
                         net (fo=1, routed)           1.081     1.987    pll_inst/inst/clk_in1_pll
    MMCME2_ADV_X1Y1      MMCME2_ADV (Prop_mmcme2_adv_CLKIN1_CLKOUT0)
                                                     -7.786    -5.799 r  pll_inst/inst/mmcm_adv_inst/CLKOUT0
                         net (fo=1, routed)           2.130    -3.669    pll_inst/inst/clk_out1_pll
    BUFGCTRL_X0Y1        BUFG (Prop_bufg_I_O)         0.093    -3.576 r  pll_inst/inst/clkout1_buf/O
                         net (fo=581, routed)         1.445    -2.131    student_top_inst/mem_bridge/seg_driver/clk
    SLICE_X40Y120        FDCE                                         r  student_top_inst/mem_bridge/seg_driver/count_reg[4]/C
  -------------------------------------------------------------------    -------------------
    SLICE_X40Y120        FDCE (Prop_fdce_C_Q)         0.204    -1.927 r  student_top_inst/mem_bridge/seg_driver/count_reg[4]/Q
                         net (fo=26, routed)          1.608    -0.319    student_top_inst/mem_bridge/seg_driver/ans[6]
    SLICE_X41Y105        LUT3 (Prop_lut3_I1_O)        0.131    -0.188 f  student_top_inst/mem_bridge/seg_driver/SEG1_i_4/O
                         net (fo=7, routed)           1.071     0.883    student_top_inst/mem_bridge/seg_driver/SEG1/din[0]
    SLICE_X38Y118        LUT4 (Prop_lut4_I3_O)        0.136     1.019 r  student_top_inst/mem_bridge/seg_driver/SEG1/dout[4]_INST_0/O
                         net (fo=2, routed)           4.583     5.603    virtual_seg_OBUF[4]
    K16                  OBUF (Prop_obuf_I_O)         2.381     7.984 r  virtual_seg_OBUF[4]_inst/O
                         net (fo=0)                   0.000     7.984    virtual_seg[4]
    K16                                                               r  virtual_seg[4] (OUT)
  -------------------------------------------------------------------    -------------------

Slack:                    inf
  Source:                 student_top_inst/mem_bridge/seg_driver/count_reg[4]/C
                            (rising edge-triggered cell FDCE clocked by clk_out1_pll  {rise@0.000ns fall@10.000ns period=20.000ns})
  Destination:            virtual_seg[15]
                            (output port)
  Path Group:             (none)
  Path Type:              Max at Slow Process Corner
  Data Path Delay:        9.988ns  (logic 2.965ns (29.684%)  route 7.024ns (70.316%))
  Logic Levels:           3  (LUT3=1 LUT4=1 OBUF=1)
  Clock Uncertainty:      0.159ns  ((TSJ^2 + DJ^2)^1/2) / 2 + PE
    Total System Jitter     (TSJ):    0.050ns
    Discrete Jitter          (DJ):    0.129ns
    Phase Error              (PE):    0.090ns

    Location             Delay type                Incr(ns)  Path(ns)    Netlist Resource(s)
  -------------------------------------------------------------------    -------------------
                         (clock clk_out1_pll rise edge)
                                                      0.000     0.000 r  
    AD12                                              0.000     0.000 r  i_sys_clk_p (IN)
                         net (fo=0)                   0.000     0.000    pll_inst/inst/clk_in1_p
    AD12                 IBUFDS (Prop_ibufds_I_O)     0.906     0.906 r  pll_inst/inst/clkin1_ibufgds/O
                         net (fo=1, routed)           1.081     1.987    pll_inst/inst/clk_in1_pll
    MMCME2_ADV_X1Y1      MMCME2_ADV (Prop_mmcme2_adv_CLKIN1_CLKOUT0)
                                                     -7.786    -5.799 r  pll_inst/inst/mmcm_adv_inst/CLKOUT0
                         net (fo=1, routed)           2.130    -3.669    pll_inst/inst/clk_out1_pll
    BUFGCTRL_X0Y1        BUFG (Prop_bufg_I_O)         0.093    -3.576 r  pll_inst/inst/clkout1_buf/O
                         net (fo=581, routed)         1.445    -2.131    student_top_inst/mem_bridge/seg_driver/clk
    SLICE_X40Y120        FDCE                                         r  student_top_inst/mem_bridge/seg_driver/count_reg[4]/C
  -------------------------------------------------------------------    -------------------
    SLICE_X40Y120        FDCE (Prop_fdce_C_Q)         0.204    -1.927 r  student_top_inst/mem_bridge/seg_driver/count_reg[4]/Q
                         net (fo=26, routed)          1.533    -0.394    student_top_inst/mem_bridge/seg_driver/ans[6]
    SLICE_X42Y105        LUT3 (Prop_lut3_I1_O)        0.131    -0.263 f  student_top_inst/mem_bridge/seg_driver/SEG2_i_4/O
                         net (fo=7, routed)           0.831     0.567    student_top_inst/mem_bridge/seg_driver/SEG2/din[0]
    SLICE_X36Y116        LUT4 (Prop_lut4_I3_O)        0.143     0.710 r  student_top_inst/mem_bridge/seg_driver/SEG2/dout[5]_INST_0/O
                         net (fo=2, routed)           4.660     5.370    virtual_seg_OBUF[15]
    H12                  OBUF (Prop_obuf_I_O)         2.487     7.857 r  virtual_seg_OBUF[15]_inst/O
                         net (fo=0)                   0.000     7.857    virtual_seg[15]
    H12                                                               r  virtual_seg[15] (OUT)
  -------------------------------------------------------------------    -------------------

Slack:                    inf
  Source:                 student_top_inst/mem_bridge/seg_driver/count_reg[4]/C
                            (rising edge-triggered cell FDCE clocked by clk_out1_pll  {rise@0.000ns fall@10.000ns period=20.000ns})
  Destination:            virtual_seg[1]
                            (output port)
  Path Group:             (none)
  Path Type:              Max at Slow Process Corner
  Data Path Delay:        9.978ns  (logic 2.939ns (29.454%)  route 7.039ns (70.546%))
  Logic Levels:           3  (LUT3=1 LUT4=1 OBUF=1)
  Clock Uncertainty:      0.159ns  ((TSJ^2 + DJ^2)^1/2) / 2 + PE
    Total System Jitter     (TSJ):    0.050ns
    Discrete Jitter          (DJ):    0.129ns
    Phase Error              (PE):    0.090ns

    Location             Delay type                Incr(ns)  Path(ns)    Netlist Resource(s)
  -------------------------------------------------------------------    -------------------
                         (clock clk_out1_pll rise edge)
                                                      0.000     0.000 r  
    AD12                                              0.000     0.000 r  i_sys_clk_p (IN)
                         net (fo=0)                   0.000     0.000    pll_inst/inst/clk_in1_p
    AD12                 IBUFDS (Prop_ibufds_I_O)     0.906     0.906 r  pll_inst/inst/clkin1_ibufgds/O
                         net (fo=1, routed)           1.081     1.987    pll_inst/inst/clk_in1_pll
    MMCME2_ADV_X1Y1      MMCME2_ADV (Prop_mmcme2_adv_CLKIN1_CLKOUT0)
                                                     -7.786    -5.799 r  pll_inst/inst/mmcm_adv_inst/CLKOUT0
                         net (fo=1, routed)           2.130    -3.669    pll_inst/inst/clk_out1_pll
    BUFGCTRL_X0Y1        BUFG (Prop_bufg_I_O)         0.093    -3.576 r  pll_inst/inst/clkout1_buf/O
                         net (fo=581, routed)         1.445    -2.131    student_top_inst/mem_bridge/seg_driver/clk
    SLICE_X40Y120        FDCE                                         r  student_top_inst/mem_bridge/seg_driver/count_reg[4]/C
  -------------------------------------------------------------------    -------------------
    SLICE_X40Y120        FDCE (Prop_fdce_C_Q)         0.204    -1.927 r  student_top_inst/mem_bridge/seg_driver/count_reg[4]/Q
                         net (fo=26, routed)          1.608    -0.319    student_top_inst/mem_bridge/seg_driver/ans[6]
    SLICE_X41Y105        LUT3 (Prop_lut3_I1_O)        0.131    -0.188 r  student_top_inst/mem_bridge/seg_driver/SEG1_i_4/O
                         net (fo=7, routed)           0.952     0.764    student_top_inst/mem_bridge/seg_driver/SEG1/din[0]
    SLICE_X38Y118        LUT4 (Prop_lut4_I1_O)        0.140     0.904 r  student_top_inst/mem_bridge/seg_driver/SEG1/dout[1]_INST_0/O
                         net (fo=2, routed)           4.479     5.383    virtual_seg_OBUF[1]
    L15                  OBUF (Prop_obuf_I_O)         2.464     7.847 r  virtual_seg_OBUF[1]_inst/O
                         net (fo=0)                   0.000     7.847    virtual_seg[1]
    L15                                                               r  virtual_seg[1] (OUT)
  -------------------------------------------------------------------    -------------------

Slack:                    inf
  Source:                 student_top_inst/mem_bridge/seg_driver/count_reg[4]/C
                            (rising edge-triggered cell FDCE clocked by clk_out1_pll  {rise@0.000ns fall@10.000ns period=20.000ns})
  Destination:            virtual_seg[18]
                            (output port)
  Path Group:             (none)
  Path Type:              Max at Slow Process Corner
  Data Path Delay:        9.958ns  (logic 2.669ns (26.802%)  route 7.289ns (73.198%))
  Logic Levels:           1  (OBUF=1)
  Clock Uncertainty:      0.159ns  ((TSJ^2 + DJ^2)^1/2) / 2 + PE
    Total System Jitter     (TSJ):    0.050ns
    Discrete Jitter          (DJ):    0.129ns
    Phase Error              (PE):    0.090ns

    Location             Delay type                Incr(ns)  Path(ns)    Netlist Resource(s)
  -------------------------------------------------------------------    -------------------
                         (clock clk_out1_pll rise edge)
                                                      0.000     0.000 r  
    AD12                                              0.000     0.000 r  i_sys_clk_p (IN)
                         net (fo=0)                   0.000     0.000    pll_inst/inst/clk_in1_p
    AD12                 IBUFDS (Prop_ibufds_I_O)     0.906     0.906 r  pll_inst/inst/clkin1_ibufgds/O
                         net (fo=1, routed)           1.081     1.987    pll_inst/inst/clk_in1_pll
    MMCME2_ADV_X1Y1      MMCME2_ADV (Prop_mmcme2_adv_CLKIN1_CLKOUT0)
                                                     -7.786    -5.799 r  pll_inst/inst/mmcm_adv_inst/CLKOUT0
                         net (fo=1, routed)           2.130    -3.669    pll_inst/inst/clk_out1_pll
    BUFGCTRL_X0Y1        BUFG (Prop_bufg_I_O)         0.093    -3.576 r  pll_inst/inst/clkout1_buf/O
                         net (fo=581, routed)         1.445    -2.131    student_top_inst/mem_bridge/seg_driver/clk
    SLICE_X40Y120        FDCE                                         r  student_top_inst/mem_bridge/seg_driver/count_reg[4]/C
  -------------------------------------------------------------------    -------------------
    SLICE_X40Y120        FDCE (Prop_fdce_C_Q)         0.204    -1.927 r  student_top_inst/mem_bridge/seg_driver/count_reg[4]/Q
                         net (fo=26, routed)          7.289     5.362    virtual_seg_OBUF[18]
    J14                  OBUF (Prop_obuf_I_O)         2.465     7.827 r  virtual_seg_OBUF[18]_inst/O
                         net (fo=0)                   0.000     7.827    virtual_seg[18]
    J14                                                               r  virtual_seg[18] (OUT)
  -------------------------------------------------------------------    -------------------

Slack:                    inf
  Source:                 student_top_inst/mem_bridge/seg_driver/count_reg[4]/C
                            (rising edge-triggered cell FDCE clocked by clk_out1_pll  {rise@0.000ns fall@10.000ns period=20.000ns})
  Destination:            virtual_seg[3]
                            (output port)
  Path Group:             (none)
  Path Type:              Max at Slow Process Corner
  Data Path Delay:        9.855ns  (logic 2.958ns (30.014%)  route 6.897ns (69.986%))
  Logic Levels:           3  (LUT3=1 LUT4=1 OBUF=1)
  Clock Uncertainty:      0.159ns  ((TSJ^2 + DJ^2)^1/2) / 2 + PE
    Total System Jitter     (TSJ):    0.050ns
    Discrete Jitter          (DJ):    0.129ns
    Phase Error              (PE):    0.090ns

    Location             Delay type                Incr(ns)  Path(ns)    Netlist Resource(s)
  -------------------------------------------------------------------    -------------------
                         (clock clk_out1_pll rise edge)
                                                      0.000     0.000 r  
    AD12                                              0.000     0.000 r  i_sys_clk_p (IN)
                         net (fo=0)                   0.000     0.000    pll_inst/inst/clk_in1_p
    AD12                 IBUFDS (Prop_ibufds_I_O)     0.906     0.906 r  pll_inst/inst/clkin1_ibufgds/O
                         net (fo=1, routed)           1.081     1.987    pll_inst/inst/clk_in1_pll
    MMCME2_ADV_X1Y1      MMCME2_ADV (Prop_mmcme2_adv_CLKIN1_CLKOUT0)
                                                     -7.786    -5.799 r  pll_inst/inst/mmcm_adv_inst/CLKOUT0
                         net (fo=1, routed)           2.130    -3.669    pll_inst/inst/clk_out1_pll
    BUFGCTRL_X0Y1        BUFG (Prop_bufg_I_O)         0.093    -3.576 r  pll_inst/inst/clkout1_buf/O
                         net (fo=581, routed)         1.445    -2.131    student_top_inst/mem_bridge/seg_driver/clk
    SLICE_X40Y120        FDCE                                         r  student_top_inst/mem_bridge/seg_driver/count_reg[4]/C
  -------------------------------------------------------------------    -------------------
    SLICE_X40Y120        FDCE (Prop_fdce_C_Q)         0.204    -1.927 r  student_top_inst/mem_bridge/seg_driver/count_reg[4]/Q
                         net (fo=26, routed)          1.518    -0.409    student_top_inst/mem_bridge/seg_driver/ans[6]
    SLICE_X43Y105        LUT3 (Prop_lut3_I1_O)        0.131    -0.278 r  student_top_inst/mem_bridge/seg_driver/SEG1_i_2/O
                         net (fo=7, routed)           0.963     0.684    student_top_inst/mem_bridge/seg_driver/SEG1/din[2]
    SLICE_X38Y118        LUT4 (Prop_lut4_I1_O)        0.144     0.828 r  student_top_inst/mem_bridge/seg_driver/SEG1/dout[3]_INST_0/O
                         net (fo=2, routed)           4.417     5.245    virtual_seg_OBUF[3]
    J16                  OBUF (Prop_obuf_I_O)         2.479     7.724 r  virtual_seg_OBUF[3]_inst/O
                         net (fo=0)                   0.000     7.724    virtual_seg[3]
    J16                                                               r  virtual_seg[3] (OUT)
  -------------------------------------------------------------------    -------------------

Slack:                    inf
  Source:                 student_top_inst/mem_bridge/seg_driver/count_reg[4]/C
                            (rising edge-triggered cell FDCE clocked by clk_out1_pll  {rise@0.000ns fall@10.000ns period=20.000ns})
  Destination:            virtual_seg[10]
                            (output port)
  Path Group:             (none)
  Path Type:              Max at Slow Process Corner
  Data Path Delay:        9.811ns  (logic 2.854ns (29.085%)  route 6.957ns (70.915%))
  Logic Levels:           3  (LUT3=1 LUT4=1 OBUF=1)
  Clock Uncertainty:      0.159ns  ((TSJ^2 + DJ^2)^1/2) / 2 + PE
    Total System Jitter     (TSJ):    0.050ns
    Discrete Jitter          (DJ):    0.129ns
    Phase Error              (PE):    0.090ns

    Location             Delay type                Incr(ns)  Path(ns)    Netlist Resource(s)
  -------------------------------------------------------------------    -------------------
                         (clock clk_out1_pll rise edge)
                                                      0.000     0.000 r  
    AD12                                              0.000     0.000 r  i_sys_clk_p (IN)
                         net (fo=0)                   0.000     0.000    pll_inst/inst/clk_in1_p
    AD12                 IBUFDS (Prop_ibufds_I_O)     0.906     0.906 r  pll_inst/inst/clkin1_ibufgds/O
                         net (fo=1, routed)           1.081     1.987    pll_inst/inst/clk_in1_pll
    MMCME2_ADV_X1Y1      MMCME2_ADV (Prop_mmcme2_adv_CLKIN1_CLKOUT0)
                                                     -7.786    -5.799 r  pll_inst/inst/mmcm_adv_inst/CLKOUT0
                         net (fo=1, routed)           2.130    -3.669    pll_inst/inst/clk_out1_pll
    BUFGCTRL_X0Y1        BUFG (Prop_bufg_I_O)         0.093    -3.576 r  pll_inst/inst/clkout1_buf/O
                         net (fo=581, routed)         1.445    -2.131    student_top_inst/mem_bridge/seg_driver/clk
    SLICE_X40Y120        FDCE                                         r  student_top_inst/mem_bridge/seg_driver/count_reg[4]/C
  -------------------------------------------------------------------    -------------------
    SLICE_X40Y120        FDCE (Prop_fdce_C_Q)         0.204    -1.927 r  student_top_inst/mem_bridge/seg_driver/count_reg[4]/Q
                         net (fo=26, routed)          1.533    -0.394    student_top_inst/mem_bridge/seg_driver/ans[6]
    SLICE_X42Y105        LUT3 (Prop_lut3_I1_O)        0.131    -0.263 r  student_top_inst/mem_bridge/seg_driver/SEG2_i_4/O
                         net (fo=7, routed)           0.693     0.429    student_top_inst/mem_bridge/seg_driver/SEG2/din[0]
    SLICE_X36Y116        LUT4 (Prop_lut4_I3_O)        0.134     0.563 r  student_top_inst/mem_bridge/seg_driver/SEG2/dout[0]_INST_0/O
                         net (fo=2, routed)           4.732     5.295    virtual_seg_OBUF[10]
    J13                  OBUF (Prop_obuf_I_O)         2.385     7.680 r  virtual_seg_OBUF[10]_inst/O
                         net (fo=0)                   0.000     7.680    virtual_seg[10]
    J13                                                               r  virtual_seg[10] (OUT)
  -------------------------------------------------------------------    -------------------

Slack:                    inf
  Source:                 student_top_inst/mem_bridge/seg_driver/count_reg[4]/C
                            (rising edge-triggered cell FDCE clocked by clk_out1_pll  {rise@0.000ns fall@10.000ns period=20.000ns})
  Destination:            virtual_seg[16]
                            (output port)
  Path Group:             (none)
  Path Type:              Max at Slow Process Corner
  Data Path Delay:        9.678ns  (logic 2.859ns (29.538%)  route 6.819ns (70.462%))
  Logic Levels:           3  (LUT3=1 LUT4=1 OBUF=1)
  Clock Uncertainty:      0.159ns  ((TSJ^2 + DJ^2)^1/2) / 2 + PE
    Total System Jitter     (TSJ):    0.050ns
    Discrete Jitter          (DJ):    0.129ns
    Phase Error              (PE):    0.090ns

    Location             Delay type                Incr(ns)  Path(ns)    Netlist Resource(s)
  -------------------------------------------------------------------    -------------------
                         (clock clk_out1_pll rise edge)
                                                      0.000     0.000 r  
    AD12                                              0.000     0.000 r  i_sys_clk_p (IN)
                         net (fo=0)                   0.000     0.000    pll_inst/inst/clk_in1_p
    AD12                 IBUFDS (Prop_ibufds_I_O)     0.906     0.906 r  pll_inst/inst/clkin1_ibufgds/O
                         net (fo=1, routed)           1.081     1.987    pll_inst/inst/clk_in1_pll
    MMCME2_ADV_X1Y1      MMCME2_ADV (Prop_mmcme2_adv_CLKIN1_CLKOUT0)
                                                     -7.786    -5.799 r  pll_inst/inst/mmcm_adv_inst/CLKOUT0
                         net (fo=1, routed)           2.130    -3.669    pll_inst/inst/clk_out1_pll
    BUFGCTRL_X0Y1        BUFG (Prop_bufg_I_O)         0.093    -3.576 r  pll_inst/inst/clkout1_buf/O
                         net (fo=581, routed)         1.445    -2.131    student_top_inst/mem_bridge/seg_driver/clk
    SLICE_X40Y120        FDCE                                         r  student_top_inst/mem_bridge/seg_driver/count_reg[4]/C
  -------------------------------------------------------------------    -------------------
    SLICE_X40Y120        FDCE (Prop_fdce_C_Q)         0.204    -1.927 r  student_top_inst/mem_bridge/seg_driver/count_reg[4]/Q
                         net (fo=26, routed)          1.533    -0.394    student_top_inst/mem_bridge/seg_driver/ans[6]
    SLICE_X42Y105        LUT3 (Prop_lut3_I1_O)        0.131    -0.263 r  student_top_inst/mem_bridge/seg_driver/SEG2_i_4/O
                         net (fo=7, routed)           0.690     0.426    student_top_inst/mem_bridge/seg_driver/SEG2/din[0]
    SLICE_X36Y116        LUT4 (Prop_lut4_I1_O)        0.134     0.560 r  student_top_inst/mem_bridge/seg_driver/SEG2/dout[6]_INST_0/O
                         net (fo=2, routed)           4.597     5.157    virtual_seg_OBUF[16]
    F13                  OBUF (Prop_obuf_I_O)         2.390     7.546 r  virtual_seg_OBUF[16]_inst/O
                         net (fo=0)                   0.000     7.546    virtual_seg[16]
    F13                                                               r  virtual_seg[16] (OUT)
  -------------------------------------------------------------------    -------------------

Slack:                    inf
  Source:                 student_top_inst/mem_bridge/seg_driver/count_reg[4]/C
                            (rising edge-triggered cell FDCE clocked by clk_out1_pll  {rise@0.000ns fall@10.000ns period=20.000ns})
  Destination:            virtual_seg[13]
                            (output port)
  Path Group:             (none)
  Path Type:              Max at Slow Process Corner
  Data Path Delay:        9.623ns  (logic 2.984ns (31.005%)  route 6.640ns (68.995%))
  Logic Levels:           3  (LUT3=1 LUT4=1 OBUF=1)
  Clock Uncertainty:      0.159ns  ((TSJ^2 + DJ^2)^1/2) / 2 + PE
    Total System Jitter     (TSJ):    0.050ns
    Discrete Jitter          (DJ):    0.129ns
    Phase Error              (PE):    0.090ns

    Location             Delay type                Incr(ns)  Path(ns)    Netlist Resource(s)
  -------------------------------------------------------------------    -------------------
                         (clock clk_out1_pll rise edge)
                                                      0.000     0.000 r  
    AD12                                              0.000     0.000 r  i_sys_clk_p (IN)
                         net (fo=0)                   0.000     0.000    pll_inst/inst/clk_in1_p
    AD12                 IBUFDS (Prop_ibufds_I_O)     0.906     0.906 r  pll_inst/inst/clkin1_ibufgds/O
                         net (fo=1, routed)           1.081     1.987    pll_inst/inst/clk_in1_pll
    MMCME2_ADV_X1Y1      MMCME2_ADV (Prop_mmcme2_adv_CLKIN1_CLKOUT0)
                                                     -7.786    -5.799 r  pll_inst/inst/mmcm_adv_inst/CLKOUT0
                         net (fo=1, routed)           2.130    -3.669    pll_inst/inst/clk_out1_pll
    BUFGCTRL_X0Y1        BUFG (Prop_bufg_I_O)         0.093    -3.576 r  pll_inst/inst/clkout1_buf/O
                         net (fo=581, routed)         1.445    -2.131    student_top_inst/mem_bridge/seg_driver/clk
    SLICE_X40Y120        FDCE                                         r  student_top_inst/mem_bridge/seg_driver/count_reg[4]/C
  -------------------------------------------------------------------    -------------------
    SLICE_X40Y120        FDCE (Prop_fdce_C_Q)         0.204    -1.927 r  student_top_inst/mem_bridge/seg_driver/count_reg[4]/Q
                         net (fo=26, routed)          1.533    -0.394    student_top_inst/mem_bridge/seg_driver/ans[6]
    SLICE_X42Y105        LUT3 (Prop_lut3_I1_O)        0.131    -0.263 r  student_top_inst/mem_bridge/seg_driver/SEG2_i_4/O
                         net (fo=7, routed)           0.688     0.424    student_top_inst/mem_bridge/seg_driver/SEG2/din[0]
    SLICE_X36Y116        LUT4 (Prop_lut4_I3_O)        0.146     0.570 r  student_top_inst/mem_bridge/seg_driver/SEG2/dout[3]_INST_0/O
                         net (fo=2, routed)           4.419     4.989    virtual_seg_OBUF[13]
    L11                  OBUF (Prop_obuf_I_O)         2.503     7.492 r  virtual_seg_OBUF[13]_inst/O
                         net (fo=0)                   0.000     7.492    virtual_seg[13]
    L11                                                               r  virtual_seg[13] (OUT)
  -------------------------------------------------------------------    -------------------

Slack:                    inf
  Source:                 student_top_inst/mem_bridge/seg_driver/count_reg[4]/C
                            (rising edge-triggered cell FDCE clocked by clk_out1_pll  {rise@0.000ns fall@10.000ns period=20.000ns})
  Destination:            virtual_seg[9]
                            (output port)
  Path Group:             (none)
  Path Type:              Max at Slow Process Corner
  Data Path Delay:        9.034ns  (logic 2.709ns (29.984%)  route 6.325ns (70.016%))
  Logic Levels:           2  (LUT1=1 OBUF=1)
  Clock Uncertainty:      0.159ns  ((TSJ^2 + DJ^2)^1/2) / 2 + PE
    Total System Jitter     (TSJ):    0.050ns
    Discrete Jitter          (DJ):    0.129ns
    Phase Error              (PE):    0.090ns

    Location             Delay type                Incr(ns)  Path(ns)    Netlist Resource(s)
  -------------------------------------------------------------------    -------------------
                         (clock clk_out1_pll rise edge)
                                                      0.000     0.000 r  
    AD12                                              0.000     0.000 r  i_sys_clk_p (IN)
                         net (fo=0)                   0.000     0.000    pll_inst/inst/clk_in1_p
    AD12                 IBUFDS (Prop_ibufds_I_O)     0.906     0.906 r  pll_inst/inst/clkin1_ibufgds/O
                         net (fo=1, routed)           1.081     1.987    pll_inst/inst/clk_in1_pll
    MMCME2_ADV_X1Y1      MMCME2_ADV (Prop_mmcme2_adv_CLKIN1_CLKOUT0)
                                                     -7.786    -5.799 r  pll_inst/inst/mmcm_adv_inst/CLKOUT0
                         net (fo=1, routed)           2.130    -3.669    pll_inst/inst/clk_out1_pll
    BUFGCTRL_X0Y1        BUFG (Prop_bufg_I_O)         0.093    -3.576 r  pll_inst/inst/clkout1_buf/O
                         net (fo=581, routed)         1.445    -2.131    student_top_inst/mem_bridge/seg_driver/clk
    SLICE_X40Y120        FDCE                                         r  student_top_inst/mem_bridge/seg_driver/count_reg[4]/C
  -------------------------------------------------------------------    -------------------
    SLICE_X40Y120        FDCE (Prop_fdce_C_Q)         0.204    -1.927 f  student_top_inst/mem_bridge/seg_driver/count_reg[4]/Q
                         net (fo=26, routed)          3.041     1.114    student_top_inst/mem_bridge/seg_driver/ans[6]
    SLICE_X6Y198         LUT1 (Prop_lut1_I0_O)        0.123     1.237 r  student_top_inst/mem_bridge/seg_driver/ans[7]_INST_0/O
                         net (fo=8, routed)           3.284     4.521    virtual_seg_OBUF[9]
    L16                  OBUF (Prop_obuf_I_O)         2.382     6.902 r  virtual_seg_OBUF[9]_inst/O
                         net (fo=0)                   0.000     6.902    virtual_seg[9]
    L16                                                               r  virtual_seg[9] (OUT)
  -------------------------------------------------------------------    -------------------

Slack:                    inf
  Source:                 student_top_inst/mem_bridge/seg_driver/count_reg[4]/C
                            (rising edge-triggered cell FDCE clocked by clk_out1_pll  {rise@0.000ns fall@10.000ns period=20.000ns})
  Destination:            virtual_seg[19]
                            (output port)
  Path Group:             (none)
  Path Type:              Max at Slow Process Corner
  Data Path Delay:        8.792ns  (logic 2.741ns (31.173%)  route 6.052ns (68.827%))
  Logic Levels:           2  (LUT1=1 OBUF=1)
  Clock Uncertainty:      0.159ns  ((TSJ^2 + DJ^2)^1/2) / 2 + PE
    Total System Jitter     (TSJ):    0.050ns
    Discrete Jitter          (DJ):    0.129ns
    Phase Error              (PE):    0.090ns

    Location             Delay type                Incr(ns)  Path(ns)    Netlist Resource(s)
  -------------------------------------------------------------------    -------------------
                         (clock clk_out1_pll rise edge)
                                                      0.000     0.000 r  
    AD12                                              0.000     0.000 r  i_sys_clk_p (IN)
                         net (fo=0)                   0.000     0.000    pll_inst/inst/clk_in1_p
    AD12                 IBUFDS (Prop_ibufds_I_O)     0.906     0.906 r  pll_inst/inst/clkin1_ibufgds/O
                         net (fo=1, routed)           1.081     1.987    pll_inst/inst/clk_in1_pll
    MMCME2_ADV_X1Y1      MMCME2_ADV (Prop_mmcme2_adv_CLKIN1_CLKOUT0)
                                                     -7.786    -5.799 r  pll_inst/inst/mmcm_adv_inst/CLKOUT0
                         net (fo=1, routed)           2.130    -3.669    pll_inst/inst/clk_out1_pll
    BUFGCTRL_X0Y1        BUFG (Prop_bufg_I_O)         0.093    -3.576 r  pll_inst/inst/clkout1_buf/O
                         net (fo=581, routed)         1.445    -2.131    student_top_inst/mem_bridge/seg_driver/clk
    SLICE_X40Y120        FDCE                                         r  student_top_inst/mem_bridge/seg_driver/count_reg[4]/C
  -------------------------------------------------------------------    -------------------
    SLICE_X40Y120        FDCE (Prop_fdce_C_Q)         0.204    -1.927 f  student_top_inst/mem_bridge/seg_driver/count_reg[4]/Q
                         net (fo=26, routed)          3.041     1.114    student_top_inst/mem_bridge/seg_driver/ans[6]
    SLICE_X6Y198         LUT1 (Prop_lut1_I0_O)        0.123     1.237 r  student_top_inst/mem_bridge/seg_driver/ans[7]_INST_0/O
                         net (fo=8, routed)           3.010     4.247    virtual_seg_OBUF[19]
    K11                  OBUF (Prop_obuf_I_O)         2.414     6.661 r  virtual_seg_OBUF[19]_inst/O
                         net (fo=0)                   0.000     6.661    virtual_seg[19]
    K11                                                               r  virtual_seg[19] (OUT)
  -------------------------------------------------------------------    -------------------





--------------------------------------------------------------------------------------
Path Group:  (none)
From Clock:  clk_out2_pll
  To Clock:  

Max Delay            32 Endpoints
Min Delay             0 Endpoints
--------------------------------------------------------------------------------------


Max Delay Paths
--------------------------------------------------------------------------------------
Slack:                    inf
  Source:                 student_top_inst/mem_bridge/led_q_reg[3]/C
                            (rising edge-triggered cell FDRE clocked by clk_out2_pll  {rise@0.000ns fall@2.500ns period=5.000ns})
  Destination:            virtual_led[3]
                            (output port)
  Path Group:             (none)
  Path Type:              Max at Slow Process Corner
  Data Path Delay:        8.645ns  (logic 2.616ns (30.262%)  route 6.029ns (69.738%))
  Logic Levels:           1  (OBUF=1)
  Clock Uncertainty:      0.145ns  ((TSJ^2 + DJ^2)^1/2) / 2 + PE
    Total System Jitter     (TSJ):    0.050ns
    Discrete Jitter          (DJ):    0.098ns
    Phase Error              (PE):    0.090ns

    Location             Delay type                Incr(ns)  Path(ns)    Netlist Resource(s)
  -------------------------------------------------------------------    -------------------
                         (clock clk_out2_pll rise edge)
                                                      0.000     0.000 r  
    AD12                                              0.000     0.000 r  i_sys_clk_p (IN)
                         net (fo=0)                   0.000     0.000    pll_inst/inst/clk_in1_p
    AD12                 IBUFDS (Prop_ibufds_I_O)     0.906     0.906 r  pll_inst/inst/clkin1_ibufgds/O
                         net (fo=1, routed)           1.081     1.987    pll_inst/inst/clk_in1_pll
    MMCME2_ADV_X1Y1      MMCME2_ADV (Prop_mmcme2_adv_CLKIN1_CLKOUT1)
                                                     -7.786    -5.799 r  pll_inst/inst/mmcm_adv_inst/CLKOUT1
                         net (fo=1, routed)           2.130    -3.669    pll_inst/inst/clk_out2_pll
    BUFGCTRL_X0Y0        BUFG (Prop_bufg_I_O)         0.093    -3.576 r  pll_inst/inst/clkout2_buf/O
                         net (fo=11531, routed)       1.627    -1.949    student_top_inst/mem_bridge/clk
    SLICE_X48Y95         FDRE                                         r  student_top_inst/mem_bridge/led_q_reg[3]/C
  -------------------------------------------------------------------    -------------------
    SLICE_X48Y95         FDRE (Prop_fdre_C_Q)         0.223    -1.726 r  student_top_inst/mem_bridge/led_q_reg[3]/Q
                         net (fo=2, routed)           6.029     4.302    virtual_led_OBUF[3]
    E25                  OBUF (Prop_obuf_I_O)         2.393     6.696 r  virtual_led_OBUF[3]_inst/O
                         net (fo=0)                   0.000     6.696    virtual_led[3]
    E25                                                               r  virtual_led[3] (OUT)
  -------------------------------------------------------------------    -------------------

Slack:                    inf
  Source:                 student_top_inst/mem_bridge/led_q_reg[9]/C
                            (rising edge-triggered cell FDRE clocked by clk_out2_pll  {rise@0.000ns fall@2.500ns period=5.000ns})
  Destination:            virtual_led[9]
                            (output port)
  Path Group:             (none)
  Path Type:              Max at Slow Process Corner
  Data Path Delay:        8.532ns  (logic 2.609ns (30.578%)  route 5.923ns (69.422%))
  Logic Levels:           1  (OBUF=1)
  Clock Uncertainty:      0.145ns  ((TSJ^2 + DJ^2)^1/2) / 2 + PE
    Total System Jitter     (TSJ):    0.050ns
    Discrete Jitter          (DJ):    0.098ns
    Phase Error              (PE):    0.090ns

    Location             Delay type                Incr(ns)  Path(ns)    Netlist Resource(s)
  -------------------------------------------------------------------    -------------------
                         (clock clk_out2_pll rise edge)
                                                      0.000     0.000 r  
    AD12                                              0.000     0.000 r  i_sys_clk_p (IN)
                         net (fo=0)                   0.000     0.000    pll_inst/inst/clk_in1_p
    AD12                 IBUFDS (Prop_ibufds_I_O)     0.906     0.906 r  pll_inst/inst/clkin1_ibufgds/O
                         net (fo=1, routed)           1.081     1.987    pll_inst/inst/clk_in1_pll
    MMCME2_ADV_X1Y1      MMCME2_ADV (Prop_mmcme2_adv_CLKIN1_CLKOUT1)
                                                     -7.786    -5.799 r  pll_inst/inst/mmcm_adv_inst/CLKOUT1
                         net (fo=1, routed)           2.130    -3.669    pll_inst/inst/clk_out2_pll
    BUFGCTRL_X0Y0        BUFG (Prop_bufg_I_O)         0.093    -3.576 r  pll_inst/inst/clkout2_buf/O
                         net (fo=11531, routed)       1.627    -1.949    student_top_inst/mem_bridge/clk
    SLICE_X48Y98         FDRE                                         r  student_top_inst/mem_bridge/led_q_reg[9]/C
  -------------------------------------------------------------------    -------------------
    SLICE_X48Y98         FDRE (Prop_fdre_C_Q)         0.223    -1.726 r  student_top_inst/mem_bridge/led_q_reg[9]/Q
                         net (fo=2, routed)           5.923     4.197    virtual_led_OBUF[9]
    E23                  OBUF (Prop_obuf_I_O)         2.386     6.583 r  virtual_led_OBUF[9]_inst/O
                         net (fo=0)                   0.000     6.583    virtual_led[9]
    E23                                                               r  virtual_led[9] (OUT)
  -------------------------------------------------------------------    -------------------

Slack:                    inf
  Source:                 student_top_inst/mem_bridge/led_q_reg[24]/C
                            (rising edge-triggered cell FDRE clocked by clk_out2_pll  {rise@0.000ns fall@2.500ns period=5.000ns})
  Destination:            virtual_led[24]
                            (output port)
  Path Group:             (none)
  Path Type:              Max at Slow Process Corner
  Data Path Delay:        8.465ns  (logic 2.640ns (31.184%)  route 5.825ns (68.816%))
  Logic Levels:           1  (OBUF=1)
  Clock Uncertainty:      0.145ns  ((TSJ^2 + DJ^2)^1/2) / 2 + PE
    Total System Jitter     (TSJ):    0.050ns
    Discrete Jitter          (DJ):    0.098ns
    Phase Error              (PE):    0.090ns

    Location             Delay type                Incr(ns)  Path(ns)    Netlist Resource(s)
  -------------------------------------------------------------------    -------------------
                         (clock clk_out2_pll rise edge)
                                                      0.000     0.000 r  
    AD12                                              0.000     0.000 r  i_sys_clk_p (IN)
                         net (fo=0)                   0.000     0.000    pll_inst/inst/clk_in1_p
    AD12                 IBUFDS (Prop_ibufds_I_O)     0.906     0.906 r  pll_inst/inst/clkin1_ibufgds/O
                         net (fo=1, routed)           1.081     1.987    pll_inst/inst/clk_in1_pll
    MMCME2_ADV_X1Y1      MMCME2_ADV (Prop_mmcme2_adv_CLKIN1_CLKOUT1)
                                                     -7.786    -5.799 r  pll_inst/inst/mmcm_adv_inst/CLKOUT1
                         net (fo=1, routed)           2.130    -3.669    pll_inst/inst/clk_out2_pll
    BUFGCTRL_X0Y0        BUFG (Prop_bufg_I_O)         0.093    -3.576 r  pll_inst/inst/clkout2_buf/O
                         net (fo=11531, routed)       1.629    -1.947    student_top_inst/mem_bridge/clk
    SLICE_X43Y96         FDRE                                         r  student_top_inst/mem_bridge/led_q_reg[24]/C
  -------------------------------------------------------------------    -------------------
    SLICE_X43Y96         FDRE (Prop_fdre_C_Q)         0.223    -1.724 r  student_top_inst/mem_bridge/led_q_reg[24]/Q
                         net (fo=2, routed)           5.825     4.101    virtual_led_OBUF[24]
    A23                  OBUF (Prop_obuf_I_O)         2.417     6.517 r  virtual_led_OBUF[24]_inst/O
                         net (fo=0)                   0.000     6.517    virtual_led[24]
    A23                                                               r  virtual_led[24] (OUT)
  -------------------------------------------------------------------    -------------------

Slack:                    inf
  Source:                 student_top_inst/mem_bridge/led_q_reg[17]/C
                            (rising edge-triggered cell FDRE clocked by clk_out2_pll  {rise@0.000ns fall@2.500ns period=5.000ns})
  Destination:            virtual_led[17]
                            (output port)
  Path Group:             (none)
  Path Type:              Max at Slow Process Corner
  Data Path Delay:        8.401ns  (logic 2.601ns (30.956%)  route 5.800ns (69.044%))
  Logic Levels:           1  (OBUF=1)
  Clock Uncertainty:      0.145ns  ((TSJ^2 + DJ^2)^1/2) / 2 + PE
    Total System Jitter     (TSJ):    0.050ns
    Discrete Jitter          (DJ):    0.098ns
    Phase Error              (PE):    0.090ns

    Location             Delay type                Incr(ns)  Path(ns)    Netlist Resource(s)
  -------------------------------------------------------------------    -------------------
                         (clock clk_out2_pll rise edge)
                                                      0.000     0.000 r  
    AD12                                              0.000     0.000 r  i_sys_clk_p (IN)
                         net (fo=0)                   0.000     0.000    pll_inst/inst/clk_in1_p
    AD12                 IBUFDS (Prop_ibufds_I_O)     0.906     0.906 r  pll_inst/inst/clkin1_ibufgds/O
                         net (fo=1, routed)           1.081     1.987    pll_inst/inst/clk_in1_pll
    MMCME2_ADV_X1Y1      MMCME2_ADV (Prop_mmcme2_adv_CLKIN1_CLKOUT1)
                                                     -7.786    -5.799 r  pll_inst/inst/mmcm_adv_inst/CLKOUT1
                         net (fo=1, routed)           2.130    -3.669    pll_inst/inst/clk_out2_pll
    BUFGCTRL_X0Y0        BUFG (Prop_bufg_I_O)         0.093    -3.576 r  pll_inst/inst/clkout2_buf/O
                         net (fo=11531, routed)       1.631    -1.945    student_top_inst/mem_bridge/clk
    SLICE_X41Y97         FDRE                                         r  student_top_inst/mem_bridge/led_q_reg[17]/C
  -------------------------------------------------------------------    -------------------
    SLICE_X41Y97         FDRE (Prop_fdre_C_Q)         0.223    -1.722 r  student_top_inst/mem_bridge/led_q_reg[17]/Q
                         net (fo=2, routed)           5.800     4.078    virtual_led_OBUF[17]
    F23                  OBUF (Prop_obuf_I_O)         2.378     6.455 r  virtual_led_OBUF[17]_inst/O
                         net (fo=0)                   0.000     6.455    virtual_led[17]
    F23                                                               r  virtual_led[17] (OUT)
  -------------------------------------------------------------------    -------------------

Slack:                    inf
  Source:                 student_top_inst/mem_bridge/led_q_reg[25]/C
                            (rising edge-triggered cell FDRE clocked by clk_out2_pll  {rise@0.000ns fall@2.500ns period=5.000ns})
  Destination:            virtual_led[25]
                            (output port)
  Path Group:             (none)
  Path Type:              Max at Slow Process Corner
  Data Path Delay:        8.377ns  (logic 2.630ns (31.393%)  route 5.747ns (68.607%))
  Logic Levels:           1  (OBUF=1)
  Clock Uncertainty:      0.145ns  ((TSJ^2 + DJ^2)^1/2) / 2 + PE
    Total System Jitter     (TSJ):    0.050ns
    Discrete Jitter          (DJ):    0.098ns
    Phase Error              (PE):    0.090ns

    Location             Delay type                Incr(ns)  Path(ns)    Netlist Resource(s)
  -------------------------------------------------------------------    -------------------
                         (clock clk_out2_pll rise edge)
                                                      0.000     0.000 r  
    AD12                                              0.000     0.000 r  i_sys_clk_p (IN)
                         net (fo=0)                   0.000     0.000    pll_inst/inst/clk_in1_p
    AD12                 IBUFDS (Prop_ibufds_I_O)     0.906     0.906 r  pll_inst/inst/clkin1_ibufgds/O
                         net (fo=1, routed)           1.081     1.987    pll_inst/inst/clk_in1_pll
    MMCME2_ADV_X1Y1      MMCME2_ADV (Prop_mmcme2_adv_CLKIN1_CLKOUT1)
                                                     -7.786    -5.799 r  pll_inst/inst/mmcm_adv_inst/CLKOUT1
                         net (fo=1, routed)           2.130    -3.669    pll_inst/inst/clk_out2_pll
    BUFGCTRL_X0Y0        BUFG (Prop_bufg_I_O)         0.093    -3.576 r  pll_inst/inst/clkout2_buf/O
                         net (fo=11531, routed)       1.631    -1.945    student_top_inst/mem_bridge/clk
    SLICE_X41Y97         FDRE                                         r  student_top_inst/mem_bridge/led_q_reg[25]/C
  -------------------------------------------------------------------    -------------------
    SLICE_X41Y97         FDRE (Prop_fdre_C_Q)         0.223    -1.722 r  student_top_inst/mem_bridge/led_q_reg[25]/Q
                         net (fo=2, routed)           5.747     4.025    virtual_led_OBUF[25]
    B23                  OBUF (Prop_obuf_I_O)         2.407     6.432 r  virtual_led_OBUF[25]_inst/O
                         net (fo=0)                   0.000     6.432    virtual_led[25]
    B23                                                               r  virtual_led[25] (OUT)
  -------------------------------------------------------------------    -------------------

Slack:                    inf
  Source:                 student_top_inst/mem_bridge/led_q_reg[18]/C
                            (rising edge-triggered cell FDRE clocked by clk_out2_pll  {rise@0.000ns fall@2.500ns period=5.000ns})
  Destination:            virtual_led[18]
                            (output port)
  Path Group:             (none)
  Path Type:              Max at Slow Process Corner
  Data Path Delay:        8.377ns  (logic 2.656ns (31.701%)  route 5.722ns (68.299%))
  Logic Levels:           1  (OBUF=1)
  Clock Uncertainty:      0.145ns  ((TSJ^2 + DJ^2)^1/2) / 2 + PE
    Total System Jitter     (TSJ):    0.050ns
    Discrete Jitter          (DJ):    0.098ns
    Phase Error              (PE):    0.090ns

    Location             Delay type                Incr(ns)  Path(ns)    Netlist Resource(s)
  -------------------------------------------------------------------    -------------------
                         (clock clk_out2_pll rise edge)
                                                      0.000     0.000 r  
    AD12                                              0.000     0.000 r  i_sys_clk_p (IN)
                         net (fo=0)                   0.000     0.000    pll_inst/inst/clk_in1_p
    AD12                 IBUFDS (Prop_ibufds_I_O)     0.906     0.906 r  pll_inst/inst/clkin1_ibufgds/O
                         net (fo=1, routed)           1.081     1.987    pll_inst/inst/clk_in1_pll
    MMCME2_ADV_X1Y1      MMCME2_ADV (Prop_mmcme2_adv_CLKIN1_CLKOUT1)
                                                     -7.786    -5.799 r  pll_inst/inst/mmcm_adv_inst/CLKOUT1
                         net (fo=1, routed)           2.130    -3.669    pll_inst/inst/clk_out2_pll
    BUFGCTRL_X0Y0        BUFG (Prop_bufg_I_O)         0.093    -3.576 r  pll_inst/inst/clkout2_buf/O
                         net (fo=11531, routed)       1.627    -1.949    student_top_inst/mem_bridge/clk
    SLICE_X46Y98         FDRE                                         r  student_top_inst/mem_bridge/led_q_reg[18]/C
  -------------------------------------------------------------------    -------------------
    SLICE_X46Y98         FDRE (Prop_fdre_C_Q)         0.259    -1.690 r  student_top_inst/mem_bridge/led_q_reg[18]/Q
                         net (fo=2, routed)           5.722     4.031    virtual_led_OBUF[18]
    D23                  OBUF (Prop_obuf_I_O)         2.397     6.428 r  virtual_led_OBUF[18]_inst/O
                         net (fo=0)                   0.000     6.428    virtual_led[18]
    D23                                                               r  virtual_led[18] (OUT)
  -------------------------------------------------------------------    -------------------

Slack:                    inf
  Source:                 student_top_inst/mem_bridge/led_q_reg[8]/C
                            (rising edge-triggered cell FDRE clocked by clk_out2_pll  {rise@0.000ns fall@2.500ns period=5.000ns})
  Destination:            virtual_led[8]
                            (output port)
  Path Group:             (none)
  Path Type:              Max at Slow Process Corner
  Data Path Delay:        8.255ns  (logic 2.694ns (32.635%)  route 5.561ns (67.365%))
  Logic Levels:           1  (OBUF=1)
  Clock Uncertainty:      0.145ns  ((TSJ^2 + DJ^2)^1/2) / 2 + PE
    Total System Jitter     (TSJ):    0.050ns
    Discrete Jitter          (DJ):    0.098ns
    Phase Error              (PE):    0.090ns

    Location             Delay type                Incr(ns)  Path(ns)    Netlist Resource(s)
  -------------------------------------------------------------------    -------------------
                         (clock clk_out2_pll rise edge)
                                                      0.000     0.000 r  
    AD12                                              0.000     0.000 r  i_sys_clk_p (IN)
                         net (fo=0)                   0.000     0.000    pll_inst/inst/clk_in1_p
    AD12                 IBUFDS (Prop_ibufds_I_O)     0.906     0.906 r  pll_inst/inst/clkin1_ibufgds/O
                         net (fo=1, routed)           1.081     1.987    pll_inst/inst/clk_in1_pll
    MMCME2_ADV_X1Y1      MMCME2_ADV (Prop_mmcme2_adv_CLKIN1_CLKOUT1)
                                                     -7.786    -5.799 r  pll_inst/inst/mmcm_adv_inst/CLKOUT1
                         net (fo=1, routed)           2.130    -3.669    pll_inst/inst/clk_out2_pll
    BUFGCTRL_X0Y0        BUFG (Prop_bufg_I_O)         0.093    -3.576 r  pll_inst/inst/clkout2_buf/O
                         net (fo=11531, routed)       1.627    -1.949    student_top_inst/mem_bridge/clk
    SLICE_X46Y98         FDRE                                         r  student_top_inst/mem_bridge/led_q_reg[8]/C
  -------------------------------------------------------------------    -------------------
    SLICE_X46Y98         FDRE (Prop_fdre_C_Q)         0.236    -1.713 r  student_top_inst/mem_bridge/led_q_reg[8]/Q
                         net (fo=2, routed)           5.561     3.848    virtual_led_OBUF[8]
    G23                  OBUF (Prop_obuf_I_O)         2.458     6.306 r  virtual_led_OBUF[8]_inst/O
                         net (fo=0)                   0.000     6.306    virtual_led[8]
    G23                                                               r  virtual_led[8] (OUT)
  -------------------------------------------------------------------    -------------------

Slack:                    inf
  Source:                 student_top_inst/mem_bridge/led_q_reg[16]/C
                            (rising edge-triggered cell FDRE clocked by clk_out2_pll  {rise@0.000ns fall@2.500ns period=5.000ns})
  Destination:            virtual_led[16]
                            (output port)
  Path Group:             (none)
  Path Type:              Max at Slow Process Corner
  Data Path Delay:        8.090ns  (logic 2.659ns (32.868%)  route 5.431ns (67.132%))
  Logic Levels:           1  (OBUF=1)
  Clock Uncertainty:      0.145ns  ((TSJ^2 + DJ^2)^1/2) / 2 + PE
    Total System Jitter     (TSJ):    0.050ns
    Discrete Jitter          (DJ):    0.098ns
    Phase Error              (PE):    0.090ns

    Location             Delay type                Incr(ns)  Path(ns)    Netlist Resource(s)
  -------------------------------------------------------------------    -------------------
                         (clock clk_out2_pll rise edge)
                                                      0.000     0.000 r  
    AD12                                              0.000     0.000 r  i_sys_clk_p (IN)
                         net (fo=0)                   0.000     0.000    pll_inst/inst/clk_in1_p
    AD12                 IBUFDS (Prop_ibufds_I_O)     0.906     0.906 r  pll_inst/inst/clkin1_ibufgds/O
                         net (fo=1, routed)           1.081     1.987    pll_inst/inst/clk_in1_pll
    MMCME2_ADV_X1Y1      MMCME2_ADV (Prop_mmcme2_adv_CLKIN1_CLKOUT1)
                                                     -7.786    -5.799 r  pll_inst/inst/mmcm_adv_inst/CLKOUT1
                         net (fo=1, routed)           2.130    -3.669    pll_inst/inst/clk_out2_pll
    BUFGCTRL_X0Y0        BUFG (Prop_bufg_I_O)         0.093    -3.576 r  pll_inst/inst/clkout2_buf/O
                         net (fo=11531, routed)       1.629    -1.947    student_top_inst/mem_bridge/clk
    SLICE_X42Y97         FDRE                                         r  student_top_inst/mem_bridge/led_q_reg[16]/C
  -------------------------------------------------------------------    -------------------
    SLICE_X42Y97         FDRE (Prop_fdre_C_Q)         0.259    -1.688 r  student_top_inst/mem_bridge/led_q_reg[16]/Q
                         net (fo=2, routed)           5.431     3.743    virtual_led_OBUF[16]
    F12                  OBUF (Prop_obuf_I_O)         2.400     6.143 r  virtual_led_OBUF[16]_inst/O
                         net (fo=0)                   0.000     6.143    virtual_led[16]
    F12                                                               r  virtual_led[16] (OUT)
  -------------------------------------------------------------------    -------------------

Slack:                    inf
  Source:                 student_top_inst/mem_bridge/led_q_reg[20]/C
                            (rising edge-triggered cell FDRE clocked by clk_out2_pll  {rise@0.000ns fall@2.500ns period=5.000ns})
  Destination:            virtual_led[20]
                            (output port)
  Path Group:             (none)
  Path Type:              Max at Slow Process Corner
  Data Path Delay:        8.089ns  (logic 2.655ns (32.827%)  route 5.433ns (67.173%))
  Logic Levels:           1  (OBUF=1)
  Clock Uncertainty:      0.145ns  ((TSJ^2 + DJ^2)^1/2) / 2 + PE
    Total System Jitter     (TSJ):    0.050ns
    Discrete Jitter          (DJ):    0.098ns
    Phase Error              (PE):    0.090ns

    Location             Delay type                Incr(ns)  Path(ns)    Netlist Resource(s)
  -------------------------------------------------------------------    -------------------
                         (clock clk_out2_pll rise edge)
                                                      0.000     0.000 r  
    AD12                                              0.000     0.000 r  i_sys_clk_p (IN)
                         net (fo=0)                   0.000     0.000    pll_inst/inst/clk_in1_p
    AD12                 IBUFDS (Prop_ibufds_I_O)     0.906     0.906 r  pll_inst/inst/clkin1_ibufgds/O
                         net (fo=1, routed)           1.081     1.987    pll_inst/inst/clk_in1_pll
    MMCME2_ADV_X1Y1      MMCME2_ADV (Prop_mmcme2_adv_CLKIN1_CLKOUT1)
                                                     -7.786    -5.799 r  pll_inst/inst/mmcm_adv_inst/CLKOUT1
                         net (fo=1, routed)           2.130    -3.669    pll_inst/inst/clk_out2_pll
    BUFGCTRL_X0Y0        BUFG (Prop_bufg_I_O)         0.093    -3.576 r  pll_inst/inst/clkout2_buf/O
                         net (fo=11531, routed)       1.627    -1.949    student_top_inst/mem_bridge/clk
    SLICE_X46Y98         FDRE                                         r  student_top_inst/mem_bridge/led_q_reg[20]/C
  -------------------------------------------------------------------    -------------------
    SLICE_X46Y98         FDRE (Prop_fdre_C_Q)         0.259    -1.690 r  student_top_inst/mem_bridge/led_q_reg[20]/Q
                         net (fo=2, routed)           5.433     3.743    virtual_led_OBUF[20]
    E26                  OBUF (Prop_obuf_I_O)         2.396     6.139 r  virtual_led_OBUF[20]_inst/O
                         net (fo=0)                   0.000     6.139    virtual_led[20]
    E26                                                               r  virtual_led[20] (OUT)
  -------------------------------------------------------------------    -------------------

Slack:                    inf
  Source:                 student_top_inst/mem_bridge/led_q_reg[12]/C
                            (rising edge-triggered cell FDRE clocked by clk_out2_pll  {rise@0.000ns fall@2.500ns period=5.000ns})
  Destination:            virtual_led[12]
                            (output port)
  Path Group:             (none)
  Path Type:              Max at Slow Process Corner
  Data Path Delay:        7.879ns  (logic 2.652ns (33.655%)  route 5.228ns (66.345%))
  Logic Levels:           1  (OBUF=1)
  Clock Uncertainty:      0.145ns  ((TSJ^2 + DJ^2)^1/2) / 2 + PE
    Total System Jitter     (TSJ):    0.050ns
    Discrete Jitter          (DJ):    0.098ns
    Phase Error              (PE):    0.090ns

    Location             Delay type                Incr(ns)  Path(ns)    Netlist Resource(s)
  -------------------------------------------------------------------    -------------------
                         (clock clk_out2_pll rise edge)
                                                      0.000     0.000 r  
    AD12                                              0.000     0.000 r  i_sys_clk_p (IN)
                         net (fo=0)                   0.000     0.000    pll_inst/inst/clk_in1_p
    AD12                 IBUFDS (Prop_ibufds_I_O)     0.906     0.906 r  pll_inst/inst/clkin1_ibufgds/O
                         net (fo=1, routed)           1.081     1.987    pll_inst/inst/clk_in1_pll
    MMCME2_ADV_X1Y1      MMCME2_ADV (Prop_mmcme2_adv_CLKIN1_CLKOUT1)
                                                     -7.786    -5.799 r  pll_inst/inst/mmcm_adv_inst/CLKOUT1
                         net (fo=1, routed)           2.130    -3.669    pll_inst/inst/clk_out2_pll
    BUFGCTRL_X0Y0        BUFG (Prop_bufg_I_O)         0.093    -3.576 r  pll_inst/inst/clkout2_buf/O
                         net (fo=11531, routed)       1.631    -1.945    student_top_inst/mem_bridge/clk
    SLICE_X41Y97         FDRE                                         r  student_top_inst/mem_bridge/led_q_reg[12]/C
  -------------------------------------------------------------------    -------------------
    SLICE_X41Y97         FDRE (Prop_fdre_C_Q)         0.223    -1.722 r  student_top_inst/mem_bridge/led_q_reg[12]/Q
                         net (fo=2, routed)           5.228     3.505    virtual_led_OBUF[12]
    D26                  OBUF (Prop_obuf_I_O)         2.429     5.934 r  virtual_led_OBUF[12]_inst/O
                         net (fo=0)                   0.000     5.934    virtual_led[12]
    D26                                                               r  virtual_led[12] (OUT)
  -------------------------------------------------------------------    -------------------

Slack:                    inf
  Source:                 student_top_inst/mem_bridge/led_q_reg[11]/C
                            (rising edge-triggered cell FDRE clocked by clk_out2_pll  {rise@0.000ns fall@2.500ns period=5.000ns})
  Destination:            virtual_led[11]
                            (output port)
  Path Group:             (none)
  Path Type:              Max at Slow Process Corner
  Data Path Delay:        7.848ns  (logic 2.689ns (34.263%)  route 5.159ns (65.737%))
  Logic Levels:           1  (OBUF=1)
  Clock Uncertainty:      0.145ns  ((TSJ^2 + DJ^2)^1/2) / 2 + PE
    Total System Jitter     (TSJ):    0.050ns
    Discrete Jitter          (DJ):    0.098ns
    Phase Error              (PE):    0.090ns

    Location             Delay type                Incr(ns)  Path(ns)    Netlist Resource(s)
  -------------------------------------------------------------------    -------------------
                         (clock clk_out2_pll rise edge)
                                                      0.000     0.000 r  
    AD12                                              0.000     0.000 r  i_sys_clk_p (IN)
                         net (fo=0)                   0.000     0.000    pll_inst/inst/clk_in1_p
    AD12                 IBUFDS (Prop_ibufds_I_O)     0.906     0.906 r  pll_inst/inst/clkin1_ibufgds/O
                         net (fo=1, routed)           1.081     1.987    pll_inst/inst/clk_in1_pll
    MMCME2_ADV_X1Y1      MMCME2_ADV (Prop_mmcme2_adv_CLKIN1_CLKOUT1)
                                                     -7.786    -5.799 r  pll_inst/inst/mmcm_adv_inst/CLKOUT1
                         net (fo=1, routed)           2.130    -3.669    pll_inst/inst/clk_out2_pll
    BUFGCTRL_X0Y0        BUFG (Prop_bufg_I_O)         0.093    -3.576 r  pll_inst/inst/clkout2_buf/O
                         net (fo=11531, routed)       1.629    -1.947    student_top_inst/mem_bridge/clk
    SLICE_X42Y96         FDRE                                         r  student_top_inst/mem_bridge/led_q_reg[11]/C
  -------------------------------------------------------------------    -------------------
    SLICE_X42Y96         FDRE (Prop_fdre_C_Q)         0.259    -1.688 r  student_top_inst/mem_bridge/led_q_reg[11]/Q
                         net (fo=2, routed)           5.159     3.471    virtual_led_OBUF[11]
    C25                  OBUF (Prop_obuf_I_O)         2.430     5.901 r  virtual_led_OBUF[11]_inst/O
                         net (fo=0)                   0.000     5.901    virtual_led[11]
    C25                                                               r  virtual_led[11] (OUT)
  -------------------------------------------------------------------    -------------------

Slack:                    inf
  Source:                 student_top_inst/mem_bridge/led_q_reg[30]/C
                            (rising edge-triggered cell FDRE clocked by clk_out2_pll  {rise@0.000ns fall@2.500ns period=5.000ns})
  Destination:            virtual_led[30]
                            (output port)
  Path Group:             (none)
  Path Type:              Max at Slow Process Corner
  Data Path Delay:        7.835ns  (logic 2.758ns (35.202%)  route 5.077ns (64.798%))
  Logic Levels:           1  (OBUF=1)
  Clock Uncertainty:      0.145ns  ((TSJ^2 + DJ^2)^1/2) / 2 + PE
    Total System Jitter     (TSJ):    0.050ns
    Discrete Jitter          (DJ):    0.098ns
    Phase Error              (PE):    0.090ns

    Location             Delay type                Incr(ns)  Path(ns)    Netlist Resource(s)
  -------------------------------------------------------------------    -------------------
                         (clock clk_out2_pll rise edge)
                                                      0.000     0.000 r  
    AD12                                              0.000     0.000 r  i_sys_clk_p (IN)
                         net (fo=0)                   0.000     0.000    pll_inst/inst/clk_in1_p
    AD12                 IBUFDS (Prop_ibufds_I_O)     0.906     0.906 r  pll_inst/inst/clkin1_ibufgds/O
                         net (fo=1, routed)           1.081     1.987    pll_inst/inst/clk_in1_pll
    MMCME2_ADV_X1Y1      MMCME2_ADV (Prop_mmcme2_adv_CLKIN1_CLKOUT1)
                                                     -7.786    -5.799 r  pll_inst/inst/mmcm_adv_inst/CLKOUT1
                         net (fo=1, routed)           2.130    -3.669    pll_inst/inst/clk_out2_pll
    BUFGCTRL_X0Y0        BUFG (Prop_bufg_I_O)         0.093    -3.576 r  pll_inst/inst/clkout2_buf/O
                         net (fo=11531, routed)       1.627    -1.949    student_top_inst/mem_bridge/clk
    SLICE_X46Y98         FDRE                                         r  student_top_inst/mem_bridge/led_q_reg[30]/C
  -------------------------------------------------------------------    -------------------
    SLICE_X46Y98         FDRE (Prop_fdre_C_Q)         0.236    -1.713 r  student_top_inst/mem_bridge/led_q_reg[30]/Q
                         net (fo=2, routed)           5.077     3.364    virtual_led_OBUF[30]
    A27                  OBUF (Prop_obuf_I_O)         2.522     5.886 r  virtual_led_OBUF[30]_inst/O
                         net (fo=0)                   0.000     5.886    virtual_led[30]
    A27                                                               r  virtual_led[30] (OUT)
  -------------------------------------------------------------------    -------------------

Slack:                    inf
  Source:                 student_top_inst/mem_bridge/led_q_reg[27]/C
                            (rising edge-triggered cell FDRE clocked by clk_out2_pll  {rise@0.000ns fall@2.500ns period=5.000ns})
  Destination:            virtual_led[27]
                            (output port)
  Path Group:             (none)
  Path Type:              Max at Slow Process Corner
  Data Path Delay:        7.734ns  (logic 2.662ns (34.418%)  route 5.072ns (65.582%))
  Logic Levels:           1  (OBUF=1)
  Clock Uncertainty:      0.145ns  ((TSJ^2 + DJ^2)^1/2) / 2 + PE
    Total System Jitter     (TSJ):    0.050ns
    Discrete Jitter          (DJ):    0.098ns
    Phase Error              (PE):    0.090ns

    Location             Delay type                Incr(ns)  Path(ns)    Netlist Resource(s)
  -------------------------------------------------------------------    -------------------
                         (clock clk_out2_pll rise edge)
                                                      0.000     0.000 r  
    AD12                                              0.000     0.000 r  i_sys_clk_p (IN)
                         net (fo=0)                   0.000     0.000    pll_inst/inst/clk_in1_p
    AD12                 IBUFDS (Prop_ibufds_I_O)     0.906     0.906 r  pll_inst/inst/clkin1_ibufgds/O
                         net (fo=1, routed)           1.081     1.987    pll_inst/inst/clk_in1_pll
    MMCME2_ADV_X1Y1      MMCME2_ADV (Prop_mmcme2_adv_CLKIN1_CLKOUT1)
                                                     -7.786    -5.799 r  pll_inst/inst/mmcm_adv_inst/CLKOUT1
                         net (fo=1, routed)           2.130    -3.669    pll_inst/inst/clk_out2_pll
    BUFGCTRL_X0Y0        BUFG (Prop_bufg_I_O)         0.093    -3.576 r  pll_inst/inst/clkout2_buf/O
                         net (fo=11531, routed)       1.627    -1.949    student_top_inst/mem_bridge/clk
    SLICE_X48Y95         FDRE                                         r  student_top_inst/mem_bridge/led_q_reg[27]/C
  -------------------------------------------------------------------    -------------------
    SLICE_X48Y95         FDRE (Prop_fdre_C_Q)         0.223    -1.726 r  student_top_inst/mem_bridge/led_q_reg[27]/Q
                         net (fo=2, routed)           5.072     3.346    virtual_led_OBUF[27]
    A25                  OBUF (Prop_obuf_I_O)         2.439     5.784 r  virtual_led_OBUF[27]_inst/O
                         net (fo=0)                   0.000     5.784    virtual_led[27]
    A25                                                               r  virtual_led[27] (OUT)
  -------------------------------------------------------------------    -------------------

Slack:                    inf
  Source:                 student_top_inst/mem_bridge/led_q_reg[4]/C
                            (rising edge-triggered cell FDRE clocked by clk_out2_pll  {rise@0.000ns fall@2.500ns period=5.000ns})
  Destination:            virtual_led[4]
                            (output port)
  Path Group:             (none)
  Path Type:              Max at Slow Process Corner
  Data Path Delay:        7.729ns  (logic 2.650ns (34.290%)  route 5.079ns (65.710%))
  Logic Levels:           1  (OBUF=1)
  Clock Uncertainty:      0.145ns  ((TSJ^2 + DJ^2)^1/2) / 2 + PE
    Total System Jitter     (TSJ):    0.050ns
    Discrete Jitter          (DJ):    0.098ns
    Phase Error              (PE):    0.090ns

    Location             Delay type                Incr(ns)  Path(ns)    Netlist Resource(s)
  -------------------------------------------------------------------    -------------------
                         (clock clk_out2_pll rise edge)
                                                      0.000     0.000 r  
    AD12                                              0.000     0.000 r  i_sys_clk_p (IN)
                         net (fo=0)                   0.000     0.000    pll_inst/inst/clk_in1_p
    AD12                 IBUFDS (Prop_ibufds_I_O)     0.906     0.906 r  pll_inst/inst/clkin1_ibufgds/O
                         net (fo=1, routed)           1.081     1.987    pll_inst/inst/clk_in1_pll
    MMCME2_ADV_X1Y1      MMCME2_ADV (Prop_mmcme2_adv_CLKIN1_CLKOUT1)
                                                     -7.786    -5.799 r  pll_inst/inst/mmcm_adv_inst/CLKOUT1
                         net (fo=1, routed)           2.130    -3.669    pll_inst/inst/clk_out2_pll
    BUFGCTRL_X0Y0        BUFG (Prop_bufg_I_O)         0.093    -3.576 r  pll_inst/inst/clkout2_buf/O
                         net (fo=11531, routed)       1.629    -1.947    student_top_inst/mem_bridge/clk
    SLICE_X43Y96         FDRE                                         r  student_top_inst/mem_bridge/led_q_reg[4]/C
  -------------------------------------------------------------------    -------------------
    SLICE_X43Y96         FDRE (Prop_fdre_C_Q)         0.223    -1.724 r  student_top_inst/mem_bridge/led_q_reg[4]/Q
                         net (fo=2, routed)           5.079     3.355    virtual_led_OBUF[4]
    C26                  OBUF (Prop_obuf_I_O)         2.427     5.782 r  virtual_led_OBUF[4]_inst/O
                         net (fo=0)                   0.000     5.782    virtual_led[4]
    C26                                                               r  virtual_led[4] (OUT)
  -------------------------------------------------------------------    -------------------

Slack:                    inf
  Source:                 student_top_inst/mem_bridge/led_q_reg[29]/C
                            (rising edge-triggered cell FDRE clocked by clk_out2_pll  {rise@0.000ns fall@2.500ns period=5.000ns})
  Destination:            virtual_led[29]
                            (output port)
  Path Group:             (none)
  Path Type:              Max at Slow Process Corner
  Data Path Delay:        7.716ns  (logic 2.710ns (35.117%)  route 5.006ns (64.883%))
  Logic Levels:           1  (OBUF=1)
  Clock Uncertainty:      0.145ns  ((TSJ^2 + DJ^2)^1/2) / 2 + PE
    Total System Jitter     (TSJ):    0.050ns
    Discrete Jitter          (DJ):    0.098ns
    Phase Error              (PE):    0.090ns

    Location             Delay type                Incr(ns)  Path(ns)    Netlist Resource(s)
  -------------------------------------------------------------------    -------------------
                         (clock clk_out2_pll rise edge)
                                                      0.000     0.000 r  
    AD12                                              0.000     0.000 r  i_sys_clk_p (IN)
                         net (fo=0)                   0.000     0.000    pll_inst/inst/clk_in1_p
    AD12                 IBUFDS (Prop_ibufds_I_O)     0.906     0.906 r  pll_inst/inst/clkin1_ibufgds/O
                         net (fo=1, routed)           1.081     1.987    pll_inst/inst/clk_in1_pll
    MMCME2_ADV_X1Y1      MMCME2_ADV (Prop_mmcme2_adv_CLKIN1_CLKOUT1)
                                                     -7.786    -5.799 r  pll_inst/inst/mmcm_adv_inst/CLKOUT1
                         net (fo=1, routed)           2.130    -3.669    pll_inst/inst/clk_out2_pll
    BUFGCTRL_X0Y0        BUFG (Prop_bufg_I_O)         0.093    -3.576 r  pll_inst/inst/clkout2_buf/O
                         net (fo=11531, routed)       1.629    -1.947    student_top_inst/mem_bridge/clk
    SLICE_X42Y97         FDRE                                         r  student_top_inst/mem_bridge/led_q_reg[29]/C
  -------------------------------------------------------------------    -------------------
    SLICE_X42Y97         FDRE (Prop_fdre_C_Q)         0.259    -1.688 r  student_top_inst/mem_bridge/led_q_reg[29]/Q
                         net (fo=2, routed)           5.006     3.318    virtual_led_OBUF[29]
    A26                  OBUF (Prop_obuf_I_O)         2.451     5.769 r  virtual_led_OBUF[29]_inst/O
                         net (fo=0)                   0.000     5.769    virtual_led[29]
    A26                                                               r  virtual_led[29] (OUT)
  -------------------------------------------------------------------    -------------------

Slack:                    inf
  Source:                 student_top_inst/mem_bridge/led_q_reg[26]/C
                            (rising edge-triggered cell FDRE clocked by clk_out2_pll  {rise@0.000ns fall@2.500ns period=5.000ns})
  Destination:            virtual_led[26]
                            (output port)
  Path Group:             (none)
  Path Type:              Max at Slow Process Corner
  Data Path Delay:        7.693ns  (logic 2.690ns (34.971%)  route 5.003ns (65.029%))
  Logic Levels:           1  (OBUF=1)
  Clock Uncertainty:      0.145ns  ((TSJ^2 + DJ^2)^1/2) / 2 + PE
    Total System Jitter     (TSJ):    0.050ns
    Discrete Jitter          (DJ):    0.098ns
    Phase Error              (PE):    0.090ns

    Location             Delay type                Incr(ns)  Path(ns)    Netlist Resource(s)
  -------------------------------------------------------------------    -------------------
                         (clock clk_out2_pll rise edge)
                                                      0.000     0.000 r  
    AD12                                              0.000     0.000 r  i_sys_clk_p (IN)
                         net (fo=0)                   0.000     0.000    pll_inst/inst/clk_in1_p
    AD12                 IBUFDS (Prop_ibufds_I_O)     0.906     0.906 r  pll_inst/inst/clkin1_ibufgds/O
                         net (fo=1, routed)           1.081     1.987    pll_inst/inst/clk_in1_pll
    MMCME2_ADV_X1Y1      MMCME2_ADV (Prop_mmcme2_adv_CLKIN1_CLKOUT1)
                                                     -7.786    -5.799 r  pll_inst/inst/mmcm_adv_inst/CLKOUT1
                         net (fo=1, routed)           2.130    -3.669    pll_inst/inst/clk_out2_pll
    BUFGCTRL_X0Y0        BUFG (Prop_bufg_I_O)         0.093    -3.576 r  pll_inst/inst/clkout2_buf/O
                         net (fo=11531, routed)       1.629    -1.947    student_top_inst/mem_bridge/clk
    SLICE_X42Y97         FDRE                                         r  student_top_inst/mem_bridge/led_q_reg[26]/C
  -------------------------------------------------------------------    -------------------
    SLICE_X42Y97         FDRE (Prop_fdre_C_Q)         0.259    -1.688 r  student_top_inst/mem_bridge/led_q_reg[26]/Q
                         net (fo=2, routed)           5.003     3.314    virtual_led_OBUF[26]
    B24                  OBUF (Prop_obuf_I_O)         2.431     5.746 r  virtual_led_OBUF[26]_inst/O
                         net (fo=0)                   0.000     5.746    virtual_led[26]
    B24                                                               r  virtual_led[26] (OUT)
  -------------------------------------------------------------------    -------------------

Slack:                    inf
  Source:                 student_top_inst/mem_bridge/led_q_reg[31]/C
                            (rising edge-triggered cell FDRE clocked by clk_out2_pll  {rise@0.000ns fall@2.500ns period=5.000ns})
  Destination:            virtual_led[31]
                            (output port)
  Path Group:             (none)
  Path Type:              Max at Slow Process Corner
  Data Path Delay:        7.663ns  (logic 2.691ns (35.119%)  route 4.972ns (64.881%))
  Logic Levels:           1  (OBUF=1)
  Clock Uncertainty:      0.145ns  ((TSJ^2 + DJ^2)^1/2) / 2 + PE
    Total System Jitter     (TSJ):    0.050ns
    Discrete Jitter          (DJ):    0.098ns
    Phase Error              (PE):    0.090ns

    Location             Delay type                Incr(ns)  Path(ns)    Netlist Resource(s)
  -------------------------------------------------------------------    -------------------
                         (clock clk_out2_pll rise edge)
                                                      0.000     0.000 r  
    AD12                                              0.000     0.000 r  i_sys_clk_p (IN)
                         net (fo=0)                   0.000     0.000    pll_inst/inst/clk_in1_p
    AD12                 IBUFDS (Prop_ibufds_I_O)     0.906     0.906 r  pll_inst/inst/clkin1_ibufgds/O
                         net (fo=1, routed)           1.081     1.987    pll_inst/inst/clk_in1_pll
    MMCME2_ADV_X1Y1      MMCME2_ADV (Prop_mmcme2_adv_CLKIN1_CLKOUT1)
                                                     -7.786    -5.799 r  pll_inst/inst/mmcm_adv_inst/CLKOUT1
                         net (fo=1, routed)           2.130    -3.669    pll_inst/inst/clk_out2_pll
    BUFGCTRL_X0Y0        BUFG (Prop_bufg_I_O)         0.093    -3.576 r  pll_inst/inst/clkout2_buf/O
                         net (fo=11531, routed)       1.629    -1.947    student_top_inst/mem_bridge/clk
    SLICE_X42Y97         FDRE                                         r  student_top_inst/mem_bridge/led_q_reg[31]/C
  -------------------------------------------------------------------    -------------------
    SLICE_X42Y97         FDRE (Prop_fdre_C_Q)         0.259    -1.688 r  student_top_inst/mem_bridge/led_q_reg[31]/Q
                         net (fo=2, routed)           4.972     3.284    virtual_led_OBUF[31]
    B27                  OBUF (Prop_obuf_I_O)         2.432     5.716 r  virtual_led_OBUF[31]_inst/O
                         net (fo=0)                   0.000     5.716    virtual_led[31]
    B27                                                               r  virtual_led[31] (OUT)
  -------------------------------------------------------------------    -------------------

Slack:                    inf
  Source:                 student_top_inst/mem_bridge/led_q_reg[13]/C
                            (rising edge-triggered cell FDRE clocked by clk_out2_pll  {rise@0.000ns fall@2.500ns period=5.000ns})
  Destination:            virtual_led[13]
                            (output port)
  Path Group:             (none)
  Path Type:              Max at Slow Process Corner
  Data Path Delay:        7.654ns  (logic 2.702ns (35.298%)  route 4.952ns (64.702%))
  Logic Levels:           1  (OBUF=1)
  Clock Uncertainty:      0.145ns  ((TSJ^2 + DJ^2)^1/2) / 2 + PE
    Total System Jitter     (TSJ):    0.050ns
    Discrete Jitter          (DJ):    0.098ns
    Phase Error              (PE):    0.090ns

    Location             Delay type                Incr(ns)  Path(ns)    Netlist Resource(s)
  -------------------------------------------------------------------    -------------------
                         (clock clk_out2_pll rise edge)
                                                      0.000     0.000 r  
    AD12                                              0.000     0.000 r  i_sys_clk_p (IN)
                         net (fo=0)                   0.000     0.000    pll_inst/inst/clk_in1_p
    AD12                 IBUFDS (Prop_ibufds_I_O)     0.906     0.906 r  pll_inst/inst/clkin1_ibufgds/O
                         net (fo=1, routed)           1.081     1.987    pll_inst/inst/clk_in1_pll
    MMCME2_ADV_X1Y1      MMCME2_ADV (Prop_mmcme2_adv_CLKIN1_CLKOUT1)
                                                     -7.786    -5.799 r  pll_inst/inst/mmcm_adv_inst/CLKOUT1
                         net (fo=1, routed)           2.130    -3.669    pll_inst/inst/clk_out2_pll
    BUFGCTRL_X0Y0        BUFG (Prop_bufg_I_O)         0.093    -3.576 r  pll_inst/inst/clkout2_buf/O
                         net (fo=11531, routed)       1.629    -1.947    student_top_inst/mem_bridge/clk
    SLICE_X42Y96         FDRE                                         r  student_top_inst/mem_bridge/led_q_reg[13]/C
  -------------------------------------------------------------------    -------------------
    SLICE_X42Y96         FDRE (Prop_fdre_C_Q)         0.259    -1.688 r  student_top_inst/mem_bridge/led_q_reg[13]/Q
                         net (fo=2, routed)           4.952     3.264    virtual_led_OBUF[13]
    C29                  OBUF (Prop_obuf_I_O)         2.443     5.707 r  virtual_led_OBUF[13]_inst/O
                         net (fo=0)                   0.000     5.707    virtual_led[13]
    C29                                                               r  virtual_led[13] (OUT)
  -------------------------------------------------------------------    -------------------

Slack:                    inf
  Source:                 student_top_inst/mem_bridge/led_q_reg[21]/C
                            (rising edge-triggered cell FDRE clocked by clk_out2_pll  {rise@0.000ns fall@2.500ns period=5.000ns})
  Destination:            virtual_led[21]
                            (output port)
  Path Group:             (none)
  Path Type:              Max at Slow Process Corner
  Data Path Delay:        7.486ns  (logic 2.652ns (35.427%)  route 4.834ns (64.573%))
  Logic Levels:           1  (OBUF=1)
  Clock Uncertainty:      0.145ns  ((TSJ^2 + DJ^2)^1/2) / 2 + PE
    Total System Jitter     (TSJ):    0.050ns
    Discrete Jitter          (DJ):    0.098ns
    Phase Error              (PE):    0.090ns

    Location             Delay type                Incr(ns)  Path(ns)    Netlist Resource(s)
  -------------------------------------------------------------------    -------------------
                         (clock clk_out2_pll rise edge)
                                                      0.000     0.000 r  
    AD12                                              0.000     0.000 r  i_sys_clk_p (IN)
                         net (fo=0)                   0.000     0.000    pll_inst/inst/clk_in1_p
    AD12                 IBUFDS (Prop_ibufds_I_O)     0.906     0.906 r  pll_inst/inst/clkin1_ibufgds/O
                         net (fo=1, routed)           1.081     1.987    pll_inst/inst/clk_in1_pll
    MMCME2_ADV_X1Y1      MMCME2_ADV (Prop_mmcme2_adv_CLKIN1_CLKOUT1)
                                                     -7.786    -5.799 r  pll_inst/inst/mmcm_adv_inst/CLKOUT1
                         net (fo=1, routed)           2.130    -3.669    pll_inst/inst/clk_out2_pll
    BUFGCTRL_X0Y0        BUFG (Prop_bufg_I_O)         0.093    -3.576 r  pll_inst/inst/clkout2_buf/O
                         net (fo=11531, routed)       1.629    -1.947    student_top_inst/mem_bridge/clk
    SLICE_X45Y96         FDRE                                         r  student_top_inst/mem_bridge/led_q_reg[21]/C
  -------------------------------------------------------------------    -------------------
    SLICE_X45Y96         FDRE (Prop_fdre_C_Q)         0.223    -1.724 r  student_top_inst/mem_bridge/led_q_reg[21]/Q
                         net (fo=2, routed)           4.834     3.109    virtual_led_OBUF[21]
    D28                  OBUF (Prop_obuf_I_O)         2.429     5.538 r  virtual_led_OBUF[21]_inst/O
                         net (fo=0)                   0.000     5.538    virtual_led[21]
    D28                                                               r  virtual_led[21] (OUT)
  -------------------------------------------------------------------    -------------------

Slack:                    inf
  Source:                 student_top_inst/mem_bridge/led_q_reg[28]/C
                            (rising edge-triggered cell FDRE clocked by clk_out2_pll  {rise@0.000ns fall@2.500ns period=5.000ns})
  Destination:            virtual_led[28]
                            (output port)
  Path Group:             (none)
  Path Type:              Max at Slow Process Corner
  Data Path Delay:        7.462ns  (logic 2.655ns (35.582%)  route 4.807ns (64.418%))
  Logic Levels:           1  (OBUF=1)
  Clock Uncertainty:      0.145ns  ((TSJ^2 + DJ^2)^1/2) / 2 + PE
    Total System Jitter     (TSJ):    0.050ns
    Discrete Jitter          (DJ):    0.098ns
    Phase Error              (PE):    0.090ns

    Location             Delay type                Incr(ns)  Path(ns)    Netlist Resource(s)
  -------------------------------------------------------------------    -------------------
                         (clock clk_out2_pll rise edge)
                                                      0.000     0.000 r  
    AD12                                              0.000     0.000 r  i_sys_clk_p (IN)
                         net (fo=0)                   0.000     0.000    pll_inst/inst/clk_in1_p
    AD12                 IBUFDS (Prop_ibufds_I_O)     0.906     0.906 r  pll_inst/inst/clkin1_ibufgds/O
                         net (fo=1, routed)           1.081     1.987    pll_inst/inst/clk_in1_pll
    MMCME2_ADV_X1Y1      MMCME2_ADV (Prop_mmcme2_adv_CLKIN1_CLKOUT1)
                                                     -7.786    -5.799 r  pll_inst/inst/mmcm_adv_inst/CLKOUT1
                         net (fo=1, routed)           2.130    -3.669    pll_inst/inst/clk_out2_pll
    BUFGCTRL_X0Y0        BUFG (Prop_bufg_I_O)         0.093    -3.576 r  pll_inst/inst/clkout2_buf/O
                         net (fo=11531, routed)       1.629    -1.947    student_top_inst/mem_bridge/clk
    SLICE_X45Y96         FDRE                                         r  student_top_inst/mem_bridge/led_q_reg[28]/C
  -------------------------------------------------------------------    -------------------
    SLICE_X45Y96         FDRE (Prop_fdre_C_Q)         0.223    -1.724 r  student_top_inst/mem_bridge/led_q_reg[28]/Q
                         net (fo=2, routed)           4.807     3.082    virtual_led_OBUF[28]
    B25                  OBUF (Prop_obuf_I_O)         2.432     5.515 r  virtual_led_OBUF[28]_inst/O
                         net (fo=0)                   0.000     5.515    virtual_led[28]
    B25                                                               r  virtual_led[28] (OUT)
  -------------------------------------------------------------------    -------------------





--------------------------------------------------------------------------------------
Path Group:  (none)
From Clock:  clkfbout_pll
  To Clock:  

Max Delay             1 Endpoint
Min Delay             0 Endpoints
--------------------------------------------------------------------------------------


Max Delay Paths
--------------------------------------------------------------------------------------
Slack:                    inf
  Source:                 pll_inst/inst/mmcm_adv_inst/CLKFBOUT
                            (clock source 'clkfbout_pll'  {rise@0.000ns fall@2.500ns period=5.000ns})
  Destination:            pll_inst/inst/mmcm_adv_inst/CLKFBIN
  Path Group:             (none)
  Path Type:              Max at Fast Process Corner
  Data Path Delay:        1.995ns  (logic 0.030ns (1.504%)  route 1.965ns (98.496%))
  Logic Levels:           1  (BUFG=1)
  Clock Uncertainty:      0.134ns  ((TSJ^2 + DJ^2)^1/2) / 2 + PE
    Total System Jitter     (TSJ):    0.050ns
    Discrete Jitter          (DJ):    0.072ns
    Phase Error              (PE):    0.090ns

    Location             Delay type                Incr(ns)  Path(ns)    Netlist Resource(s)
  -------------------------------------------------------------------    -------------------
                         (clock clkfbout_pll fall edge)
                                                      2.500     2.500 f  
    AD12                                              0.000     2.500 f  i_sys_clk_p (IN)
                         net (fo=0)                   0.000     2.500    pll_inst/inst/clk_in1_p
    AD12                 IBUFDS (Prop_ibufds_I_O)     0.470     2.970 f  pll_inst/inst/clkin1_ibufgds/O
                         net (fo=1, routed)           0.553     3.523    pll_inst/inst/clk_in1_pll
  -------------------------------------------------------------------    -------------------
    MMCME2_ADV_X1Y1      MMCME2_ADV (Prop_mmcme2_adv_CLKIN1_CLKFBOUT)
                                                     -3.493     0.030 f  pll_inst/inst/mmcm_adv_inst/CLKFBOUT
                         net (fo=1, routed)           1.007     1.037    pll_inst/inst/clkfbout_pll
    BUFGCTRL_X0Y2        BUFG (Prop_bufg_I_O)         0.030     1.067 f  pll_inst/inst/clkf_buf/O
                         net (fo=1, routed)           0.958     2.025    pll_inst/inst/clkfbout_buf_pll
    MMCME2_ADV_X1Y1      MMCME2_ADV                                   f  pll_inst/inst/mmcm_adv_inst/CLKFBIN
  -------------------------------------------------------------------    -------------------





--------------------------------------------------------------------------------------
Path Group:  (none)
From Clock:  
  To Clock:  clk_out1_pll

Max Delay             1 Endpoint
Min Delay             0 Endpoints
--------------------------------------------------------------------------------------


Max Delay Paths
--------------------------------------------------------------------------------------
Slack:                    inf
  Source:                 i_uart_rx
                            (input port)
  Destination:            uart_inst/rx_d0_reg/D
                            (rising edge-triggered cell FDPE clocked by clk_out1_pll  {rise@0.000ns fall@10.000ns period=20.000ns})
  Path Group:             (none)
  Path Type:              Setup (Max at Slow Process Corner)
  Data Path Delay:        5.067ns  (logic 1.533ns (30.257%)  route 3.534ns (69.743%))
  Logic Levels:           1  (IBUF=1)
  Clock Path Skew:        -1.575ns (DCD - SCD + CPR)
    Destination Clock Delay (DCD):    -1.575ns
    Source Clock Delay      (SCD):    0.000ns
    Clock Pessimism Removal (CPR):    0.000ns
  Clock Uncertainty:      0.159ns  ((TSJ^2 + DJ^2)^1/2) / 2 + PE
    Total System Jitter     (TSJ):    0.050ns
    Discrete Jitter          (DJ):    0.129ns
    Phase Error              (PE):    0.090ns

    Location             Delay type                Incr(ns)  Path(ns)    Netlist Resource(s)
  -------------------------------------------------------------------    -------------------
    D18                                               0.000     0.000 r  i_uart_rx (IN)
                         net (fo=0)                   0.000     0.000    i_uart_rx
    D18                  IBUF (Prop_ibuf_I_O)         1.533     1.533 r  i_uart_rx_IBUF_inst/O
                         net (fo=1, routed)           3.534     5.067    uart_inst/rx
    SLICE_X44Y125        FDPE                                         r  uart_inst/rx_d0_reg/D
  -------------------------------------------------------------------    -------------------

                         (clock clk_out1_pll rise edge)
                                                      0.000     0.000 r  
    AD12                                              0.000     0.000 r  i_sys_clk_p (IN)
                         net (fo=0)                   0.000     0.000    pll_inst/inst/clk_in1_p
    AD12                 IBUFDS (Prop_ibufds_I_O)     0.803     0.803 r  pll_inst/inst/clkin1_ibufgds/O
                         net (fo=1, routed)           0.986     1.789    pll_inst/inst/clk_in1_pll
    MMCME2_ADV_X1Y1      MMCME2_ADV (Prop_mmcme2_adv_CLKIN1_CLKOUT0)
                                                     -6.759    -4.970 r  pll_inst/inst/mmcm_adv_inst/CLKOUT0
                         net (fo=1, routed)           2.005    -2.965    pll_inst/inst/clk_out1_pll
    BUFGCTRL_X0Y1        BUFG (Prop_bufg_I_O)         0.083    -2.882 r  pll_inst/inst/clkout1_buf/O
                         net (fo=581, routed)         1.307    -1.575    uart_inst/clk
    SLICE_X44Y125        FDPE                                         r  uart_inst/rx_d0_reg/C





