index,slack_ns,requirement_ns,datapath_delay_ns,logic_levels,startpoint_pin,endpoint_pin,path_group
1,-0.786,5.000,5.631,11,"student_top_inst/Core_cpu/u_core_top/load_head_q_reg[0]/C","student_top_inst/Core_cpu/u_core_top/u_dcache/tag_read_q_reg[7]/D","setup"
2,-0.752,5.000,5.595,11,"student_top_inst/Core_cpu/u_core_top/load_head_q_reg[0]/C","student_top_inst/Core_cpu/u_core_top/u_dcache/tag_read_q_reg[5]/D","setup"
3,-0.725,5.000,5.646,8,"student_top_inst/Core_cpu/u_core_top/u_dcache/g_data_bank[3].u_data_bank/mem_q_reg_0/CLKBWRCLK","student_top_inst/Core_cpu/u_core_top/exec_mem_addr_q_reg[31]/D","setup"
4,-0.722,5.000,5.643,9,"student_top_inst/Core_cpu/u_core_top/u_dcache/g_data_bank[3].u_data_bank/mem_q_reg_0/CLKBWRCLK","student_top_inst/Core_cpu/u_core_top/exec_mem_addr_q_reg[29]/D","setup"
5,-0.710,5.000,5.302,6,"student_top_inst/Core_cpu/u_core_top/u_dcache/g_data_bank[1].u_data_bank/mem_q_reg_1/CLKBWRCLK","student_top_inst/Core_cpu/u_core_top/scoreboard_q_reg[0][csr_src][27]/D","setup"
6,-0.696,5.000,5.617,8,"student_top_inst/Core_cpu/u_core_top/u_dcache/g_data_bank[3].u_data_bank/mem_q_reg_0/CLKBWRCLK","student_top_inst/Core_cpu/u_core_top/exec_mem_addr_q_reg[30]/D","setup"
7,-0.692,5.000,5.535,11,"student_top_inst/Core_cpu/u_core_top/load_head_q_reg[0]/C","student_top_inst/Core_cpu/u_core_top/u_dcache/tag_read_q_reg[4]/D","setup"
8,-0.677,5.000,5.521,11,"student_top_inst/Core_cpu/u_core_top/load_head_q_reg[0]/C","student_top_inst/Core_cpu/u_core_top/u_dcache/tag_read_q_reg[0]/D","setup"
9,-0.674,5.000,5.516,11,"student_top_inst/Core_cpu/u_core_top/load_head_q_reg[0]/C","student_top_inst/Core_cpu/u_core_top/u_dcache/tag_read_q_reg[3]/D","setup"
10,-0.667,5.000,5.588,9,"student_top_inst/Core_cpu/u_core_top/u_dcache/g_data_bank[3].u_data_bank/mem_q_reg_0/CLKBWRCLK","student_top_inst/Core_cpu/u_core_top/exec_mem_addr_q_reg[28]/D","setup"
11,-0.660,5.000,5.265,7,"student_top_inst/Core_cpu/u_core_top/u_dcache/g_data_bank[3].u_data_bank/mem_q_reg_0/CLKBWRCLK","student_top_inst/Core_cpu/u_core_top/scoreboard_q_reg[0][csr_src][25]/D","setup"
12,-0.658,5.000,5.266,7,"student_top_inst/Core_cpu/u_core_top/u_dcache/g_data_bank[3].u_data_bank/mem_q_reg_0/CLKBWRCLK","student_top_inst/Core_cpu/u_core_top/scoreboard_q_reg[4][csr_src][25]/D","setup"
13,-0.654,5.000,5.499,11,"student_top_inst/Core_cpu/u_core_top/load_head_q_reg[0]/C","student_top_inst/Core_cpu/u_core_top/u_dcache/tag_read_q_reg[12]/D","setup"
14,-0.650,5.000,5.054,0,"student_top_inst/cpu_rst_sync_reg/C","student_top_inst/Core_cpu/u_core_top/store_q_reg[2][wdata][19]/R","setup"
15,-0.650,5.000,5.054,0,"student_top_inst/cpu_rst_sync_reg/C","student_top_inst/Core_cpu/u_core_top/store_q_reg[2][wdata][30]/R","setup"
16,-0.647,5.000,5.568,9,"student_top_inst/Core_cpu/u_core_top/u_dcache/g_data_bank[3].u_data_bank/mem_q_reg_0/CLKBWRCLK","student_top_inst/Core_cpu/u_core_top/exec_mem_addr_q_reg[25]/D","setup"
17,-0.646,5.000,5.113,11,"student_top_inst/Core_cpu/u_core_top/scoreboard_q_reg[4][fu][0]/C","student_top_inst/Core_cpu/u_core_top/scoreboard_q_reg[0][exception_tval][24]/CE","setup"
18,-0.646,5.000,5.113,11,"student_top_inst/Core_cpu/u_core_top/scoreboard_q_reg[4][fu][0]/C","student_top_inst/Core_cpu/u_core_top/scoreboard_q_reg[0][exception_tval][26]/CE","setup"
19,-0.645,5.000,4.861,0,"student_top_inst/cpu_rst_sync_reg/C","student_top_inst/Core_cpu/u_core_top/u_regfile/regs_q_reg[13][21]/R","setup"
20,-0.645,5.000,4.861,0,"student_top_inst/cpu_rst_sync_reg/C","student_top_inst/Core_cpu/u_core_top/u_regfile/regs_q_reg[13][30]/R","setup"
21,-0.644,5.000,5.041,0,"student_top_inst/cpu_rst_sync_reg/C","student_top_inst/Core_cpu/u_core_top/store_q_reg[3][wstrb][0]/R","setup"
22,-0.644,5.000,5.056,0,"student_top_inst/cpu_rst_sync_reg/C","student_top_inst/Core_cpu/u_core_top/u_regfile/regs_q_reg[4][13]/R","setup"
23,-0.643,5.000,5.042,0,"student_top_inst/cpu_rst_sync_reg/C","student_top_inst/Core_cpu/u_core_top/store_q_reg[1][addr][0]/R","setup"
24,-0.642,5.000,5.039,0,"student_top_inst/cpu_rst_sync_reg/C","student_top_inst/Core_cpu/u_core_top/store_q_reg[2][wstrb][0]/R","setup"
25,-0.642,5.000,5.040,0,"student_top_inst/cpu_rst_sync_reg/C","student_top_inst/Core_cpu/u_core_top/load_q_reg[1][forward_data][16]/R","setup"
26,-0.642,5.000,5.040,0,"student_top_inst/cpu_rst_sync_reg/C","student_top_inst/Core_cpu/u_core_top/load_q_reg[1][forward_data][18]/R","setup"
27,-0.641,5.000,5.040,0,"student_top_inst/cpu_rst_sync_reg/C","student_top_inst/Core_cpu/u_core_top/store_q_reg[2][wstrb][1]/R","setup"
28,-0.640,5.000,5.038,0,"student_top_inst/cpu_rst_sync_reg/C","student_top_inst/Core_cpu/u_core_top/load_q_reg[0][forward_data][17]/R","setup"
29,-0.640,5.000,5.038,0,"student_top_inst/cpu_rst_sync_reg/C","student_top_inst/Core_cpu/u_core_top/load_q_reg[0][forward_data][18]/R","setup"
30,-0.640,5.000,5.038,0,"student_top_inst/cpu_rst_sync_reg/C","student_top_inst/Core_cpu/u_core_top/load_q_reg[0][forward_data][22]/R","setup"
31,-0.640,5.000,5.051,0,"student_top_inst/cpu_rst_sync_reg/C","student_top_inst/Core_cpu/u_core_top/u_regfile/regs_q_reg[8][14]/R","setup"
32,-0.640,5.000,5.051,0,"student_top_inst/cpu_rst_sync_reg/C","student_top_inst/Core_cpu/u_core_top/u_regfile/regs_q_reg[8][9]/R","setup"
33,-0.638,5.000,5.482,11,"student_top_inst/Core_cpu/u_core_top/load_head_q_reg[0]/C","student_top_inst/Core_cpu/u_core_top/u_dcache/tag_read_q_reg[2]/D","setup"
34,-0.634,5.000,5.044,0,"student_top_inst/cpu_rst_sync_reg/C","student_top_inst/Core_cpu/u_core_top/store_q_reg[2][wdata][0]/R","setup"
35,-0.634,5.000,5.044,0,"student_top_inst/cpu_rst_sync_reg/C","student_top_inst/Core_cpu/u_core_top/store_q_reg[2][wdata][10]/R","setup"
36,-0.634,5.000,5.044,0,"student_top_inst/cpu_rst_sync_reg/C","student_top_inst/Core_cpu/u_core_top/store_q_reg[2][wdata][2]/R","setup"
37,-0.634,5.000,5.044,0,"student_top_inst/cpu_rst_sync_reg/C","student_top_inst/Core_cpu/u_core_top/store_q_reg[2][wdata][9]/R","setup"
38,-0.633,5.000,5.044,0,"student_top_inst/cpu_rst_sync_reg/C","student_top_inst/Core_cpu/u_core_top/store_q_reg[3][wdata][1]/R","setup"
39,-0.633,5.000,5.044,0,"student_top_inst/cpu_rst_sync_reg/C","student_top_inst/Core_cpu/u_core_top/store_q_reg[3][wdata][2]/R","setup"
40,-0.633,5.000,5.323,8,"student_top_inst/Core_cpu/u_core_top/id_uop_q_reg[rs1][1]/C","student_top_inst/Core_cpu/u_core_top/scoreboard_q_reg[0][csr_src][11]/R","setup"
41,-0.633,5.000,5.323,8,"student_top_inst/Core_cpu/u_core_top/id_uop_q_reg[rs1][1]/C","student_top_inst/Core_cpu/u_core_top/scoreboard_q_reg[0][csr_src][19]/R","setup"
42,-0.633,5.000,5.323,8,"student_top_inst/Core_cpu/u_core_top/id_uop_q_reg[rs1][1]/C","student_top_inst/Core_cpu/u_core_top/scoreboard_q_reg[0][csr_src][20]/R","setup"
43,-0.633,5.000,5.323,8,"student_top_inst/Core_cpu/u_core_top/id_uop_q_reg[rs1][1]/C","student_top_inst/Core_cpu/u_core_top/scoreboard_q_reg[0][csr_src][21]/R","setup"
44,-0.633,5.000,5.323,8,"student_top_inst/Core_cpu/u_core_top/id_uop_q_reg[rs1][1]/C","student_top_inst/Core_cpu/u_core_top/scoreboard_q_reg[0][csr_src][23]/R","setup"
45,-0.633,5.000,5.323,8,"student_top_inst/Core_cpu/u_core_top/id_uop_q_reg[rs1][1]/C","student_top_inst/Core_cpu/u_core_top/scoreboard_q_reg[0][csr_src][5]/R","setup"
46,-0.633,5.000,5.323,8,"student_top_inst/Core_cpu/u_core_top/id_uop_q_reg[rs1][1]/C","student_top_inst/Core_cpu/u_core_top/scoreboard_q_reg[0][csr_src][6]/R","setup"
47,-0.633,5.000,5.323,8,"student_top_inst/Core_cpu/u_core_top/id_uop_q_reg[rs1][1]/C","student_top_inst/Core_cpu/u_core_top/scoreboard_q_reg[0][csr_src][8]/R","setup"
48,-0.633,5.000,4.858,0,"student_top_inst/cpu_rst_sync_reg/C","student_top_inst/Core_cpu/u_core_top/scoreboard_q_reg[1][exception_tval][10]/R","setup"
49,-0.630,5.000,5.551,9,"student_top_inst/Core_cpu/u_core_top/u_dcache/g_data_bank[3].u_data_bank/mem_q_reg_0/CLKBWRCLK","student_top_inst/Core_cpu/u_core_top/exec_mem_addr_q_reg[27]/D","setup"
50,-0.630,5.000,5.041,0,"student_top_inst/cpu_rst_sync_reg/C","student_top_inst/Core_cpu/u_core_top/u_regfile/regs_q_reg[4][14]/R","setup"
51,-0.630,5.000,5.041,0,"student_top_inst/cpu_rst_sync_reg/C","student_top_inst/Core_cpu/u_core_top/u_regfile/regs_q_reg[4][9]/R","setup"
52,-0.630,5.000,5.026,0,"student_top_inst/cpu_rst_sync_reg/C","student_top_inst/Core_cpu/u_core_top/load_q_reg[0][forward_data][16]/R","setup"
53,-0.630,5.000,5.026,0,"student_top_inst/cpu_rst_sync_reg/C","student_top_inst/Core_cpu/u_core_top/load_q_reg[0][forward_data][19]/R","setup"
54,-0.630,5.000,5.026,0,"student_top_inst/cpu_rst_sync_reg/C","student_top_inst/Core_cpu/u_core_top/load_q_reg[0][forward_data][20]/R","setup"
55,-0.630,5.000,5.026,0,"student_top_inst/cpu_rst_sync_reg/C","student_top_inst/Core_cpu/u_core_top/load_q_reg[0][forward_data][23]/R","setup"
56,-0.630,5.000,5.026,0,"student_top_inst/cpu_rst_sync_reg/C","student_top_inst/Core_cpu/u_core_top/load_q_reg[0][forward_data][25]/R","setup"
57,-0.630,5.000,5.026,0,"student_top_inst/cpu_rst_sync_reg/C","student_top_inst/Core_cpu/u_core_top/load_q_reg[0][forward_data][30]/R","setup"
58,-0.630,5.000,5.026,0,"student_top_inst/cpu_rst_sync_reg/C","student_top_inst/Core_cpu/u_core_top/load_q_reg[0][forward_data][8]/R","setup"
59,-0.630,5.000,5.043,0,"student_top_inst/cpu_rst_sync_reg/C","student_top_inst/Core_cpu/u_core_top/u_regfile/regs_q_reg[9][13]/R","setup"
60,-0.630,5.000,5.043,0,"student_top_inst/cpu_rst_sync_reg/C","student_top_inst/Core_cpu/u_core_top/u_regfile/regs_q_reg[9][9]/R","setup"
61,-0.629,5.000,4.842,0,"student_top_inst/cpu_rst_sync_reg/C","student_top_inst/Core_cpu/u_core_top/exec_q_reg[op1][0]/R","setup"
62,-0.629,5.000,4.842,0,"student_top_inst/cpu_rst_sync_reg/C","student_top_inst/Core_cpu/u_core_top/exec_q_reg[uop][pc][27]/R","setup"
63,-0.629,5.000,4.842,0,"student_top_inst/cpu_rst_sync_reg/C","student_top_inst/Core_cpu/u_core_top/exec_q_reg[uop][pred_next_pc][25]/R","setup"
64,-0.629,5.000,4.842,0,"student_top_inst/cpu_rst_sync_reg/C","student_top_inst/Core_cpu/u_core_top/exec_q_reg[uop][pred_next_pc][28]/R","setup"
65,-0.629,5.000,4.842,0,"student_top_inst/cpu_rst_sync_reg/C","student_top_inst/Core_cpu/u_core_top/exec_q_reg[uop][pred_next_pc][30]/R","setup"
66,-0.629,5.000,4.842,0,"student_top_inst/cpu_rst_sync_reg/C","student_top_inst/Core_cpu/u_core_top/exec_q_reg[uop][pred_next_pc][31]/R","setup"
67,-0.629,5.000,4.842,0,"student_top_inst/cpu_rst_sync_reg/C","student_top_inst/Core_cpu/u_core_top/exec_q_reg[uop][pred_next_pc][8]/R","setup"
68,-0.629,5.000,4.842,0,"student_top_inst/cpu_rst_sync_reg/C","student_top_inst/Core_cpu/u_core_top/exec_q_reg[uop][rd][3]/R","setup"
69,-0.629,5.000,5.039,0,"student_top_inst/cpu_rst_sync_reg/C","student_top_inst/Core_cpu/u_core_top/store_q_reg[2][wdata][6]/R","setup"
70,-0.629,5.000,5.039,0,"student_top_inst/cpu_rst_sync_reg/C","student_top_inst/Core_cpu/u_core_top/store_q_reg[2][wdata][8]/R","setup"
71,-0.629,5.000,5.040,0,"student_top_inst/cpu_rst_sync_reg/C","student_top_inst/Core_cpu/u_core_top/store_q_reg[1][wdata][0]/R","setup"
72,-0.629,5.000,5.040,0,"student_top_inst/cpu_rst_sync_reg/C","student_top_inst/Core_cpu/u_core_top/store_q_reg[1][wdata][2]/R","setup"
73,-0.628,5.000,5.041,0,"student_top_inst/cpu_rst_sync_reg/C","student_top_inst/Core_cpu/u_core_top/u_regfile/regs_q_reg[21][13]/R","setup"
74,-0.628,5.000,5.041,0,"student_top_inst/cpu_rst_sync_reg/C","student_top_inst/Core_cpu/u_core_top/u_regfile/regs_q_reg[21][9]/R","setup"
75,-0.627,5.000,5.054,0,"student_top_inst/cpu_rst_sync_reg/C","student_top_inst/Core_cpu/u_core_top/store_q_reg[0][wdata][30]/R","setup"
76,-0.626,5.000,5.107,11,"student_top_inst/Core_cpu/u_core_top/scoreboard_q_reg[4][fu][0]/C","student_top_inst/Core_cpu/u_core_top/scoreboard_q_reg[0][exception_tval][7]/CE","setup"
77,-0.626,5.000,5.036,0,"student_top_inst/cpu_rst_sync_reg/C","student_top_inst/Core_cpu/u_core_top/store_q_reg[3][wdata][18]/R","setup"
78,-0.622,5.000,5.466,11,"student_top_inst/Core_cpu/u_core_top/load_head_q_reg[0]/C","student_top_inst/Core_cpu/u_core_top/u_dcache/tag_read_q_reg[8]/D","setup"
79,-0.621,5.000,5.082,11,"student_top_inst/Core_cpu/u_core_top/scoreboard_q_reg[4][fu][0]/C","student_top_inst/Core_cpu/u_core_top/scoreboard_q_reg[0][exception_cause][0]/CE","setup"
80,-0.621,5.000,5.082,11,"student_top_inst/Core_cpu/u_core_top/scoreboard_q_reg[4][fu][0]/C","student_top_inst/Core_cpu/u_core_top/scoreboard_q_reg[0][exception_tval][15]/CE","setup"
81,-0.621,5.000,5.082,11,"student_top_inst/Core_cpu/u_core_top/scoreboard_q_reg[4][fu][0]/C","student_top_inst/Core_cpu/u_core_top/scoreboard_q_reg[0][exception_tval][18]/CE","setup"
82,-0.621,5.000,5.082,11,"student_top_inst/Core_cpu/u_core_top/scoreboard_q_reg[4][fu][0]/C","student_top_inst/Core_cpu/u_core_top/scoreboard_q_reg[0][exception_tval][4]/CE","setup"
83,-0.621,5.000,5.056,0,"student_top_inst/cpu_rst_sync_reg/C","student_top_inst/Core_cpu/u_core_top/u_regfile/regs_q_reg[28][13]/R","setup"
84,-0.620,5.000,4.847,0,"student_top_inst/cpu_rst_sync_reg/C","student_top_inst/Core_cpu/u_core_top/scoreboard_q_reg[1][exception_tval][11]/R","setup"
85,-0.619,5.000,4.839,0,"student_top_inst/cpu_rst_sync_reg/C","student_top_inst/Core_cpu/u_core_top/u_regfile/regs_q_reg[7][30]/R","setup"
86,-0.619,5.000,5.028,0,"student_top_inst/cpu_rst_sync_reg/C","student_top_inst/Core_cpu/u_core_top/u_regfile/regs_q_reg[3][6]/R","setup"
87,-0.619,5.000,5.028,0,"student_top_inst/cpu_rst_sync_reg/C","student_top_inst/Core_cpu/u_core_top/u_regfile/regs_q_reg[20][14]/R","setup"
88,-0.619,5.000,5.028,0,"student_top_inst/cpu_rst_sync_reg/C","student_top_inst/Core_cpu/u_core_top/u_regfile/regs_q_reg[16][14]/R","setup"
89,-0.619,5.000,5.028,0,"student_top_inst/cpu_rst_sync_reg/C","student_top_inst/Core_cpu/u_core_top/u_regfile/regs_q_reg[16][8]/R","setup"
90,-0.617,5.000,5.030,0,"student_top_inst/cpu_rst_sync_reg/C","student_top_inst/Core_cpu/u_core_top/u_regfile/regs_q_reg[5][13]/R","setup"
91,-0.617,5.000,4.837,0,"student_top_inst/cpu_rst_sync_reg/C","student_top_inst/Core_cpu/u_core_top/u_regfile/regs_q_reg[19][30]/R","setup"
92,-0.617,5.000,5.028,0,"student_top_inst/cpu_rst_sync_reg/C","student_top_inst/Core_cpu/u_core_top/u_regfile/regs_q_reg[18][14]/R","setup"
93,-0.617,5.000,5.028,0,"student_top_inst/cpu_rst_sync_reg/C","student_top_inst/Core_cpu/u_core_top/u_regfile/regs_q_reg[18][8]/R","setup"
94,-0.617,5.000,5.051,0,"student_top_inst/cpu_rst_sync_reg/C","student_top_inst/Core_cpu/u_core_top/u_regfile/regs_q_reg[13][14]/R","setup"
95,-0.617,5.000,5.051,0,"student_top_inst/cpu_rst_sync_reg/C","student_top_inst/Core_cpu/u_core_top/u_regfile/regs_q_reg[13][8]/R","setup"
96,-0.617,5.000,5.051,0,"student_top_inst/cpu_rst_sync_reg/C","student_top_inst/Core_cpu/u_core_top/u_regfile/regs_q_reg[13][9]/R","setup"
97,-0.615,5.000,5.021,0,"student_top_inst/cpu_rst_sync_reg/C","student_top_inst/Core_cpu/u_core_top/store_q_reg[2][wdata][29]/R","setup"
98,-0.615,5.000,4.839,0,"student_top_inst/cpu_rst_sync_reg/C","student_top_inst/Core_cpu/u_core_top/scoreboard_q_reg[7][exception_tval][14]/R","setup"
99,-0.615,5.000,4.839,0,"student_top_inst/cpu_rst_sync_reg/C","student_top_inst/Core_cpu/u_core_top/scoreboard_q_reg[7][exception_tval][17]/R","setup"
100,-0.615,5.000,4.839,0,"student_top_inst/cpu_rst_sync_reg/C","student_top_inst/Core_cpu/u_core_top/scoreboard_q_reg[7][exception_tval][6]/R","setup"
101,-0.615,5.000,4.839,0,"student_top_inst/cpu_rst_sync_reg/C","student_top_inst/Core_cpu/u_core_top/scoreboard_q_reg[7][exception_valid]/R","setup"
102,-0.615,5.000,5.023,0,"student_top_inst/cpu_rst_sync_reg/C","student_top_inst/Core_cpu/u_core_top/u_regfile/regs_q_reg[27][8]/R","setup"
103,-0.615,5.000,4.834,0,"student_top_inst/cpu_rst_sync_reg/C","student_top_inst/Core_cpu/u_core_top/u_muldiv/a_q_reg[27]/R","setup"
104,-0.614,5.000,5.027,0,"student_top_inst/cpu_rst_sync_reg/C","student_top_inst/Core_cpu/u_core_top/u_regfile/regs_q_reg[16][0]/R","setup"
105,-0.614,5.000,5.027,0,"student_top_inst/cpu_rst_sync_reg/C","student_top_inst/Core_cpu/u_core_top/u_regfile/regs_q_reg[16][12]/R","setup"
106,-0.613,5.000,5.073,11,"student_top_inst/Core_cpu/u_core_top/scoreboard_q_reg[4][fu][0]/C","student_top_inst/Core_cpu/u_core_top/scoreboard_q_reg[0][exception_tval][10]/CE","setup"
107,-0.613,5.000,5.073,11,"student_top_inst/Core_cpu/u_core_top/scoreboard_q_reg[4][fu][0]/C","student_top_inst/Core_cpu/u_core_top/scoreboard_q_reg[0][exception_tval][29]/CE","setup"
108,-0.613,5.000,5.073,11,"student_top_inst/Core_cpu/u_core_top/scoreboard_q_reg[4][fu][0]/C","student_top_inst/Core_cpu/u_core_top/scoreboard_q_reg[0][exception_tval][6]/CE","setup"
109,-0.613,5.000,5.073,11,"student_top_inst/Core_cpu/u_core_top/scoreboard_q_reg[4][fu][0]/C","student_top_inst/Core_cpu/u_core_top/scoreboard_q_reg[0][exception_tval][9]/CE","setup"
110,-0.613,5.000,4.837,0,"student_top_inst/cpu_rst_sync_reg/C","student_top_inst/Core_cpu/u_core_top/scoreboard_q_reg[7][exception_cause][1]/R","setup"
111,-0.613,5.000,4.837,0,"student_top_inst/cpu_rst_sync_reg/C","student_top_inst/Core_cpu/u_core_top/scoreboard_q_reg[7][exception_tval][15]/R","setup"
112,-0.613,5.000,4.837,0,"student_top_inst/cpu_rst_sync_reg/C","student_top_inst/Core_cpu/u_core_top/scoreboard_q_reg[7][exception_tval][18]/R","setup"
113,-0.613,5.000,4.837,0,"student_top_inst/cpu_rst_sync_reg/C","student_top_inst/Core_cpu/u_core_top/scoreboard_q_reg[7][exception_tval][28]/R","setup"
114,-0.613,5.000,4.832,0,"student_top_inst/cpu_rst_sync_reg/C","student_top_inst/Core_cpu/u_core_top/u_muldiv/a_q_reg[21]/R","setup"
115,-0.613,5.000,4.832,0,"student_top_inst/cpu_rst_sync_reg/C","student_top_inst/Core_cpu/u_core_top/u_muldiv/a_q_reg[22]/R","setup"
116,-0.613,5.000,4.832,0,"student_top_inst/cpu_rst_sync_reg/C","student_top_inst/Core_cpu/u_core_top/u_muldiv/a_q_reg[23]/R","setup"
117,-0.612,5.000,5.021,0,"student_top_inst/cpu_rst_sync_reg/C","student_top_inst/Core_cpu/u_core_top/store_q_reg[1][wdata][14]/R","setup"
118,-0.612,5.000,5.021,0,"student_top_inst/cpu_rst_sync_reg/C","student_top_inst/Core_cpu/u_core_top/store_q_reg[1][wdata][1]/R","setup"
119,-0.612,5.000,5.021,0,"student_top_inst/cpu_rst_sync_reg/C","student_top_inst/Core_cpu/u_core_top/store_q_reg[1][wdata][6]/R","setup"
120,-0.612,5.000,5.021,0,"student_top_inst/cpu_rst_sync_reg/C","student_top_inst/Core_cpu/u_core_top/store_q_reg[1][wdata][8]/R","setup"
121,-0.612,5.000,4.832,0,"student_top_inst/cpu_rst_sync_reg/C","student_top_inst/Core_cpu/u_core_top/u_muldiv/a_q_reg[24]/R","setup"
122,-0.611,5.000,5.141,11,"student_top_inst/Core_cpu/u_core_top/scoreboard_q_reg[4][fu][0]/C","student_top_inst/Core_cpu/u_core_top/scoreboard_q_reg[2][result][11]/R","setup"
123,-0.611,5.000,5.141,11,"student_top_inst/Core_cpu/u_core_top/scoreboard_q_reg[4][fu][0]/C","student_top_inst/Core_cpu/u_core_top/scoreboard_q_reg[2][result][4]/R","setup"
124,-0.611,5.000,5.141,11,"student_top_inst/Core_cpu/u_core_top/scoreboard_q_reg[4][fu][0]/C","student_top_inst/Core_cpu/u_core_top/scoreboard_q_reg[2][result][5]/R","setup"
125,-0.611,5.000,5.141,11,"student_top_inst/Core_cpu/u_core_top/scoreboard_q_reg[4][fu][0]/C","student_top_inst/Core_cpu/u_core_top/scoreboard_q_reg[2][result][6]/R","setup"
126,-0.611,5.000,5.008,0,"student_top_inst/cpu_rst_sync_reg/C","student_top_inst/Core_cpu/u_core_top/store_q_reg[0][addr][0]/R","setup"
127,-0.611,5.000,5.044,0,"student_top_inst/cpu_rst_sync_reg/C","student_top_inst/Core_cpu/u_core_top/store_q_reg[1][wdata][9]/R","setup"
128,-0.611,5.000,4.833,0,"student_top_inst/cpu_rst_sync_reg/C","student_top_inst/Core_cpu/u_core_top/u_regfile/regs_q_reg[30][30]/R","setup"
129,-0.611,5.000,4.833,0,"student_top_inst/cpu_rst_sync_reg/C","student_top_inst/Core_cpu/u_core_top/u_regfile/regs_q_reg[30][31]/R","setup"
130,-0.610,5.000,5.044,0,"student_top_inst/cpu_rst_sync_reg/C","student_top_inst/Core_cpu/u_core_top/store_q_reg[2][wdata][14]/R","setup"
131,-0.610,5.000,5.044,0,"student_top_inst/cpu_rst_sync_reg/C","student_top_inst/Core_cpu/u_core_top/store_q_reg[2][wdata][1]/R","setup"
132,-0.610,5.000,4.836,0,"student_top_inst/cpu_rst_sync_reg/C","student_top_inst/Core_cpu/u_core_top/scoreboard_q_reg[0][exception_tval][30]/R","setup"
133,-0.610,5.000,5.069,12,"student_top_inst/Core_cpu/u_core_top/scoreboard_q_reg[4][fu][0]/C","student_top_inst/Core_cpu/u_core_top/scoreboard_q_reg[5][exception_tval][5]/CE","setup"
134,-0.609,5.000,5.454,11,"student_top_inst/Core_cpu/u_core_top/load_head_q_reg[0]/C","student_top_inst/Core_cpu/u_core_top/u_dcache/tag_read_q_reg[6]/D","setup"
135,-0.608,5.000,5.011,0,"student_top_inst/cpu_rst_sync_reg/C","student_top_inst/Core_cpu/u_core_top/store_q_reg[3][wdata][29]/R","setup"
136,-0.608,5.000,4.834,0,"student_top_inst/cpu_rst_sync_reg/C","student_top_inst/Core_cpu/u_core_top/wb_data_q_reg[27]/R","setup"
137,-0.608,5.000,5.021,0,"student_top_inst/cpu_rst_sync_reg/C","student_top_inst/Core_cpu/u_core_top/u_regfile/regs_q_reg[6][13]/R","setup"
138,-0.607,5.000,5.016,0,"student_top_inst/cpu_rst_sync_reg/C","student_top_inst/Core_cpu/u_core_top/u_regfile/regs_q_reg[11][6]/R","setup"
139,-0.607,5.000,5.016,0,"student_top_inst/cpu_rst_sync_reg/C","student_top_inst/Core_cpu/u_core_top/u_regfile/regs_q_reg[11][8]/R","setup"
140,-0.607,5.000,5.317,8,"student_top_inst/Core_cpu/u_core_top/id_uop_q_reg[rs1][1]/C","student_top_inst/Core_cpu/u_core_top/scoreboard_q_reg[0][csr_src][10]/R","setup"
141,-0.607,5.000,5.317,8,"student_top_inst/Core_cpu/u_core_top/id_uop_q_reg[rs1][1]/C","student_top_inst/Core_cpu/u_core_top/scoreboard_q_reg[0][csr_src][12]/R","setup"
142,-0.607,5.000,5.317,8,"student_top_inst/Core_cpu/u_core_top/id_uop_q_reg[rs1][1]/C","student_top_inst/Core_cpu/u_core_top/scoreboard_q_reg[0][csr_src][14]/R","setup"
143,-0.607,5.000,5.317,8,"student_top_inst/Core_cpu/u_core_top/id_uop_q_reg[rs1][1]/C","student_top_inst/Core_cpu/u_core_top/scoreboard_q_reg[0][csr_src][15]/R","setup"
144,-0.607,5.000,5.317,8,"student_top_inst/Core_cpu/u_core_top/id_uop_q_reg[rs1][1]/C","student_top_inst/Core_cpu/u_core_top/scoreboard_q_reg[0][csr_src][9]/R","setup"
145,-0.607,5.000,5.041,0,"student_top_inst/cpu_rst_sync_reg/C","student_top_inst/Core_cpu/u_core_top/u_regfile/regs_q_reg[12][14]/R","setup"
146,-0.607,5.000,5.041,0,"student_top_inst/cpu_rst_sync_reg/C","student_top_inst/Core_cpu/u_core_top/u_regfile/regs_q_reg[12][9]/R","setup"
147,-0.607,5.000,5.026,0,"student_top_inst/cpu_rst_sync_reg/C","student_top_inst/Core_cpu/u_core_top/load_q_reg[1][forward_data][17]/R","setup"
148,-0.607,5.000,5.026,0,"student_top_inst/cpu_rst_sync_reg/C","student_top_inst/Core_cpu/u_core_top/load_q_reg[1][forward_data][23]/R","setup"
149,-0.607,5.000,5.026,0,"student_top_inst/cpu_rst_sync_reg/C","student_top_inst/Core_cpu/u_core_top/load_q_reg[1][forward_data][25]/R","setup"
150,-0.607,5.000,5.026,0,"student_top_inst/cpu_rst_sync_reg/C","student_top_inst/Core_cpu/u_core_top/load_q_reg[1][forward_data][26]/R","setup"
151,-0.607,5.000,5.026,0,"student_top_inst/cpu_rst_sync_reg/C","student_top_inst/Core_cpu/u_core_top/load_q_reg[1][forward_data][30]/R","setup"
152,-0.607,5.000,5.026,0,"student_top_inst/cpu_rst_sync_reg/C","student_top_inst/Core_cpu/u_core_top/load_q_reg[1][forward_data][8]/R","setup"
153,-0.606,5.000,4.842,0,"student_top_inst/cpu_rst_sync_reg/C","student_top_inst/Core_cpu/u_core_top/exec_q_reg[uop][pc][29]/R","setup"
154,-0.606,5.000,5.039,0,"student_top_inst/cpu_rst_sync_reg/C","student_top_inst/Core_cpu/u_core_top/store_q_reg[3][wdata][6]/R","setup"
155,-0.606,5.000,5.039,0,"student_top_inst/cpu_rst_sync_reg/C","student_top_inst/Core_cpu/u_core_top/store_q_reg[3][wdata][8]/R","setup"
156,-0.606,5.000,5.040,0,"student_top_inst/cpu_rst_sync_reg/C","student_top_inst/Core_cpu/u_core_top/store_q_reg[0][wdata][14]/R","setup"
157,-0.606,5.000,5.040,0,"student_top_inst/cpu_rst_sync_reg/C","student_top_inst/Core_cpu/u_core_top/store_q_reg[0][wdata][1]/R","setup"
158,-0.606,5.000,5.040,0,"student_top_inst/cpu_rst_sync_reg/C","student_top_inst/Core_cpu/u_core_top/store_q_reg[0][wdata][2]/R","setup"
159,-0.606,5.000,5.003,0,"student_top_inst/cpu_rst_sync_reg/C","student_top_inst/Core_cpu/u_core_top/load_q_reg[1][forward_data][28]/R","setup"
160,-0.606,5.000,5.013,0,"student_top_inst/cpu_rst_sync_reg/C","student_top_inst/Core_cpu/u_core_top/u_regfile/regs_q_reg[5][8]/R","setup"
161,-0.605,5.000,5.002,0,"student_top_inst/cpu_rst_sync_reg/C","student_top_inst/Core_cpu/u_core_top/store_q_reg[3][wdata][20]/R","setup"
162,-0.604,5.000,5.000,0,"student_top_inst/cpu_rst_sync_reg/C","student_top_inst/Core_cpu/u_core_top/next_store_seq_q_reg[0]/R","setup"
163,-0.604,5.000,5.000,0,"student_top_inst/cpu_rst_sync_reg/C","student_top_inst/Core_cpu/u_core_top/next_store_seq_q_reg[6]/R","setup"
164,-0.604,5.000,5.000,0,"student_top_inst/cpu_rst_sync_reg/C","student_top_inst/Core_cpu/u_core_top/next_store_seq_q_reg[7]/R","setup"
165,-0.604,5.000,4.821,0,"student_top_inst/cpu_rst_sync_reg/C","student_top_inst/Core_cpu/u_core_top/u_regfile/regs_q_reg[27][30]/R","setup"
166,-0.603,5.000,5.000,0,"student_top_inst/cpu_rst_sync_reg/C","student_top_inst/Core_cpu/u_core_top/store_q_reg[2][addr][21]/R","setup"
167,-0.603,5.000,4.999,0,"student_top_inst/cpu_rst_sync_reg/C","student_top_inst/Core_cpu/u_core_top/load_active_meta_q_reg[forward_data][1]/R","setup"
168,-0.603,5.000,4.999,0,"student_top_inst/cpu_rst_sync_reg/C","student_top_inst/Core_cpu/u_core_top/load_active_meta_q_reg[trans_id][0]/R","setup"
169,-0.603,5.000,5.036,0,"student_top_inst/cpu_rst_sync_reg/C","student_top_inst/Core_cpu/u_core_top/store_q_reg[0][wdata][18]/R","setup"
170,-0.603,5.000,5.009,0,"student_top_inst/cpu_rst_sync_reg/C","student_top_inst/Core_cpu/u_core_top/u_regfile/regs_q_reg[6][2]/R","setup"
171,-0.603,5.000,5.009,0,"student_top_inst/cpu_rst_sync_reg/C","student_top_inst/Core_cpu/u_core_top/u_regfile/regs_q_reg[6][5]/R","setup"
172,-0.603,5.000,5.009,0,"student_top_inst/cpu_rst_sync_reg/C","student_top_inst/Core_cpu/u_core_top/u_regfile/regs_q_reg[6][6]/R","setup"
173,-0.602,5.000,5.011,0,"student_top_inst/cpu_rst_sync_reg/C","student_top_inst/Core_cpu/u_core_top/u_regfile/regs_q_reg[9][14]/R","setup"
174,-0.602,5.000,5.011,0,"student_top_inst/cpu_rst_sync_reg/C","student_top_inst/Core_cpu/u_core_top/u_regfile/regs_q_reg[9][8]/R","setup"
175,-0.602,5.000,4.999,0,"student_top_inst/cpu_rst_sync_reg/C","student_top_inst/Core_cpu/u_core_top/store_q_reg[0][store_seq][2]/R","setup"
176,-0.602,5.000,4.999,0,"student_top_inst/cpu_rst_sync_reg/C","student_top_inst/Core_cpu/u_core_top/store_q_reg[0][store_seq][3]/R","setup"
177,-0.602,5.000,5.446,7,"student_top_inst/Core_cpu/u_core_top/u_dcache/g_data_bank[3].u_data_bank/mem_q_reg_0/CLKBWRCLK","student_top_inst/Core_cpu/u_core_top/scoreboard_q_reg[3][result][24]/D","setup"
178,-0.601,5.000,5.014,0,"student_top_inst/cpu_rst_sync_reg/C","student_top_inst/Core_cpu/u_core_top/u_regfile/regs_q_reg[10][0]/R","setup"
179,-0.601,5.000,4.998,0,"student_top_inst/cpu_rst_sync_reg/C","student_top_inst/Core_cpu/u_core_top/store_q_reg[3][addr][21]/R","setup"
180,-0.601,5.000,4.997,0,"student_top_inst/cpu_rst_sync_reg/C","student_top_inst/Core_cpu/u_core_top/load_active_meta_q_reg[forward_data][29]/R","setup"
181,-0.601,5.000,4.996,0,"student_top_inst/cpu_rst_sync_reg/C","student_top_inst/Core_cpu/u_core_top/load_q_reg[1][forward_data][19]/R","setup"
182,-0.601,5.000,4.996,0,"student_top_inst/cpu_rst_sync_reg/C","student_top_inst/Core_cpu/u_core_top/load_q_reg[1][forward_data][21]/R","setup"
183,-0.601,5.000,4.996,0,"student_top_inst/cpu_rst_sync_reg/C","student_top_inst/Core_cpu/u_core_top/load_q_reg[1][forward_data][24]/R","setup"
184,-0.600,5.000,5.013,0,"student_top_inst/cpu_rst_sync_reg/C","student_top_inst/Core_cpu/u_core_top/u_regfile/regs_q_reg[8][0]/R","setup"
185,-0.600,5.000,4.997,0,"student_top_inst/cpu_rst_sync_reg/C","student_top_inst/Core_cpu/u_core_top/store_tail_q_reg[0]/R","setup"
186,-0.600,5.000,4.997,0,"student_top_inst/cpu_rst_sync_reg/C","student_top_inst/Core_cpu/u_core_top/store_tail_q_reg[1]/R","setup"
187,-0.600,5.000,4.996,0,"student_top_inst/cpu_rst_sync_reg/C","student_top_inst/Core_cpu/u_core_top/load_active_meta_q_reg[forward_data][24]/R","setup"
188,-0.600,5.000,4.996,0,"student_top_inst/cpu_rst_sync_reg/C","student_top_inst/Core_cpu/u_core_top/load_active_meta_q_reg[forward_data][31]/R","setup"
189,-0.599,5.000,5.008,0,"student_top_inst/cpu_rst_sync_reg/C","student_top_inst/Core_cpu/u_core_top/u_regfile/regs_q_reg[13][6]/R","setup"
190,-0.599,5.000,4.944,11,"student_top_inst/Core_cpu/u_core_top/scoreboard_q_reg[4][fu][0]/C","student_top_inst/Core_cpu/u_core_top/scoreboard_q_reg[0][csr_src][25]/R","setup"
191,-0.599,5.000,4.944,11,"student_top_inst/Core_cpu/u_core_top/scoreboard_q_reg[4][fu][0]/C","student_top_inst/Core_cpu/u_core_top/scoreboard_q_reg[0][csr_src][27]/R","setup"
192,-0.598,5.000,4.840,0,"student_top_inst/cpu_rst_sync_reg/C","student_top_inst/Core_cpu/u_core_top/u_regfile/regs_q_reg[11][30]/R","setup"
193,-0.597,5.000,4.847,0,"student_top_inst/cpu_rst_sync_reg/C","student_top_inst/Core_cpu/u_core_top/scoreboard_q_reg[3][exception_tval][13]/R","setup"
194,-0.597,5.000,4.847,0,"student_top_inst/cpu_rst_sync_reg/C","student_top_inst/Core_cpu/u_core_top/scoreboard_q_reg[3][exception_tval][17]/R","setup"
195,-0.597,5.000,4.847,0,"student_top_inst/cpu_rst_sync_reg/C","student_top_inst/Core_cpu/u_core_top/scoreboard_q_reg[3][exception_tval][26]/R","setup"
196,-0.597,5.000,4.847,0,"student_top_inst/cpu_rst_sync_reg/C","student_top_inst/Core_cpu/u_core_top/scoreboard_q_reg[3][exception_tval][9]/R","setup"
197,-0.597,5.000,5.437,7,"student_top_inst/Core_cpu/u_core_top/u_dcache/g_data_bank[3].u_data_bank/mem_q_reg_0/CLKBWRCLK","student_top_inst/Core_cpu/u_core_top/scoreboard_q_reg[3][csr_src][24]/D","setup"
198,-0.596,5.000,5.028,0,"student_top_inst/cpu_rst_sync_reg/C","student_top_inst/Core_cpu/u_core_top/u_regfile/regs_q_reg[18][5]/R","setup"
199,-0.596,5.000,5.028,0,"student_top_inst/cpu_rst_sync_reg/C","student_top_inst/Core_cpu/u_core_top/u_regfile/regs_q_reg[18][6]/R","setup"
200,-0.596,5.000,5.028,0,"student_top_inst/cpu_rst_sync_reg/C","student_top_inst/Core_cpu/u_core_top/store_q_reg[3][wdata][14]/R","setup"
201,-0.596,5.000,5.028,0,"student_top_inst/cpu_rst_sync_reg/C","student_top_inst/Core_cpu/u_core_top/u_regfile/regs_q_reg[24][14]/R","setup"
202,-0.596,5.000,5.028,0,"student_top_inst/cpu_rst_sync_reg/C","student_top_inst/Core_cpu/u_core_top/u_regfile/regs_q_reg[24][8]/R","setup"
203,-0.595,5.000,5.432,6,"student_top_inst/Core_cpu/u_core_top/u_dcache/g_data_bank[1].u_data_bank/mem_q_reg_1/CLKBWRCLK","student_top_inst/Core_cpu/u_core_top/scoreboard_q_reg[6][csr_src][28]/D","setup"
204,-0.595,5.000,5.000,0,"student_top_inst/cpu_rst_sync_reg/C","student_top_inst/Core_cpu/u_core_top/u_regfile/regs_q_reg[30][6]/R","setup"
205,-0.595,5.000,4.990,0,"student_top_inst/cpu_rst_sync_reg/C","student_top_inst/Core_cpu/u_core_top/store_q_reg[3][addr][31]/R","setup"
206,-0.594,5.000,5.030,0,"student_top_inst/cpu_rst_sync_reg/C","student_top_inst/Core_cpu/u_core_top/u_regfile/regs_q_reg[16][13]/R","setup"
207,-0.594,5.000,5.028,0,"student_top_inst/cpu_rst_sync_reg/C","student_top_inst/Core_cpu/u_core_top/u_regfile/regs_q_reg[26][14]/R","setup"
208,-0.594,5.000,5.028,0,"student_top_inst/cpu_rst_sync_reg/C","student_top_inst/Core_cpu/u_core_top/u_regfile/regs_q_reg[26][8]/R","setup"
209,-0.594,5.000,5.182,12,"student_top_inst/Core_cpu/u_core_top/scoreboard_q_reg[4][fu][0]/C","student_top_inst/Core_cpu/u_core_top/scoreboard_q_reg[7][csr_src][9]/R","setup"
210,-0.593,5.000,5.350,0,"student_top_inst/mem_bridge/dram_adapter/read_valid_d1_reg/C","student_top_inst/mem_bridge/dram_adapter/dram/U0/inst_blk_mem_gen/gnbram.gnativebmg.native_blk_mem_gen/valid.cstr/ramloop[26].ram.r/prim_init.ram/DEVICE_7SERIES.NO_BMM_INFO.SP.SIMPLE_PRIM36.ram/REGCEAREGCE","setup"
211,-0.593,5.000,5.050,12,"student_top_inst/Core_cpu/u_core_top/scoreboard_q_reg[4][fu][0]/C","student_top_inst/Core_cpu/u_core_top/scoreboard_q_reg[5][exception_tval][22]/CE","setup"
212,-0.593,5.000,5.050,12,"student_top_inst/Core_cpu/u_core_top/scoreboard_q_reg[4][fu][0]/C","student_top_inst/Core_cpu/u_core_top/scoreboard_q_reg[5][exception_tval][23]/CE","setup"
213,-0.593,5.000,5.050,12,"student_top_inst/Core_cpu/u_core_top/scoreboard_q_reg[4][fu][0]/C","student_top_inst/Core_cpu/u_core_top/scoreboard_q_reg[5][exception_tval][25]/CE","setup"
214,-0.593,5.000,5.050,12,"student_top_inst/Core_cpu/u_core_top/scoreboard_q_reg[4][fu][0]/C","student_top_inst/Core_cpu/u_core_top/scoreboard_q_reg[5][exception_tval][7]/CE","setup"
215,-0.592,5.000,5.021,0,"student_top_inst/cpu_rst_sync_reg/C","student_top_inst/Core_cpu/u_core_top/store_q_reg[2][wdata][13]/R","setup"
216,-0.592,5.000,5.513,9,"student_top_inst/Core_cpu/u_core_top/u_dcache/g_data_bank[3].u_data_bank/mem_q_reg_0/CLKBWRCLK","student_top_inst/Core_cpu/u_core_top/exec_mem_addr_q_reg[24]/D","setup"
217,-0.592,5.000,5.513,9,"student_top_inst/Core_cpu/u_core_top/u_dcache/g_data_bank[3].u_data_bank/mem_q_reg_0/CLKBWRCLK","student_top_inst/Core_cpu/u_core_top/exec_mem_addr_q_reg[26]/D","setup"
218,-0.592,5.000,5.023,0,"student_top_inst/cpu_rst_sync_reg/C","student_top_inst/Core_cpu/u_core_top/u_regfile/regs_q_reg[15][6]/R","setup"
219,-0.592,5.000,5.023,0,"student_top_inst/cpu_rst_sync_reg/C","student_top_inst/Core_cpu/u_core_top/u_regfile/regs_q_reg[15][8]/R","setup"
220,-0.591,5.000,5.027,0,"student_top_inst/cpu_rst_sync_reg/C","student_top_inst/Core_cpu/u_core_top/u_regfile/regs_q_reg[20][0]/R","setup"
221,-0.591,5.000,5.297,12,"student_top_inst/Core_cpu/u_core_top/scoreboard_q_reg[4][fu][0]/C","student_top_inst/Core_cpu/u_core_top/u_frontend/u_fetch_queue/count_q_reg[1]/D","setup"
222,-0.590,5.000,5.435,11,"student_top_inst/Core_cpu/u_core_top/load_head_q_reg[0]/C","student_top_inst/Core_cpu/u_core_top/u_dcache/tag_read_q_reg[1]/D","setup"
223,-0.590,5.000,5.049,11,"student_top_inst/Core_cpu/u_core_top/scoreboard_q_reg[4][fu][0]/C","student_top_inst/Core_cpu/u_core_top/scoreboard_q_reg[0][exception_tval][30]/CE","setup"
224,-0.589,5.000,5.021,0,"student_top_inst/cpu_rst_sync_reg/C","student_top_inst/Core_cpu/u_core_top/store_q_reg[0][wdata][8]/R","setup"
225,-0.588,5.000,5.025,0,"student_top_inst/cpu_rst_sync_reg/C","student_top_inst/Core_cpu/u_core_top/u_regfile/regs_q_reg[13][13]/R","setup"
226,-0.588,5.000,5.351,0,"student_top_inst/mem_bridge/dram_adapter/read_valid_d1_reg/C","student_top_inst/mem_bridge/dram_adapter/dram/U0/inst_blk_mem_gen/gnbram.gnativebmg.native_blk_mem_gen/valid.cstr/ramloop[20].ram.r/prim_init.ram/DEVICE_7SERIES.NO_BMM_INFO.SP.SIMPLE_PRIM36.ram/REGCEAREGCE","setup"
227,-0.588,5.000,5.002,0,"student_top_inst/cpu_rst_sync_reg/C","student_top_inst/Core_cpu/u_core_top/u_regfile/regs_q_reg[30][0]/R","setup"
228,-0.588,5.000,5.002,0,"student_top_inst/cpu_rst_sync_reg/C","student_top_inst/Core_cpu/u_core_top/u_regfile/regs_q_reg[30][12]/R","setup"
229,-0.588,5.000,5.002,0,"student_top_inst/cpu_rst_sync_reg/C","student_top_inst/Core_cpu/u_core_top/u_regfile/regs_q_reg[30][13]/R","setup"
230,-0.588,5.000,5.002,0,"student_top_inst/cpu_rst_sync_reg/C","student_top_inst/Core_cpu/u_core_top/u_regfile/regs_q_reg[30][9]/R","setup"
231,-0.588,5.000,5.008,0,"student_top_inst/cpu_rst_sync_reg/C","student_top_inst/Core_cpu/u_core_top/store_q_reg[2][addr][0]/R","setup"
232,-0.588,5.000,4.997,0,"student_top_inst/cpu_rst_sync_reg/C","student_top_inst/Core_cpu/u_core_top/u_regfile/regs_q_reg[11][4]/R","setup"
233,-0.588,5.000,4.833,0,"student_top_inst/cpu_rst_sync_reg/C","student_top_inst/Core_cpu/u_core_top/u_regfile/regs_q_reg[22][30]/R","setup"
234,-0.588,5.000,4.833,0,"student_top_inst/cpu_rst_sync_reg/C","student_top_inst/Core_cpu/u_core_top/u_regfile/regs_q_reg[22][31]/R","setup"
235,-0.588,5.000,4.830,0,"student_top_inst/cpu_rst_sync_reg/C","student_top_inst/Core_cpu/u_core_top/u_regfile/regs_q_reg[23][30]/R","setup"
236,-0.587,5.000,5.049,12,"student_top_inst/Core_cpu/u_core_top/scoreboard_q_reg[4][fu][0]/C","student_top_inst/Core_cpu/u_core_top/scoreboard_q_reg[5][exception_cause][1]/CE","setup"
237,-0.587,5.000,5.049,12,"student_top_inst/Core_cpu/u_core_top/scoreboard_q_reg[4][fu][0]/C","student_top_inst/Core_cpu/u_core_top/scoreboard_q_reg[5][exception_cause][3]/CE","setup"
238,-0.586,5.000,5.000,0,"student_top_inst/cpu_rst_sync_reg/C","student_top_inst/Core_cpu/u_core_top/u_regfile/regs_q_reg[7][0]/R","setup"
239,-0.586,5.000,5.000,0,"student_top_inst/cpu_rst_sync_reg/C","student_top_inst/Core_cpu/u_core_top/u_regfile/regs_q_reg[7][13]/R","setup"
240,-0.586,5.000,5.000,0,"student_top_inst/cpu_rst_sync_reg/C","student_top_inst/Core_cpu/u_core_top/u_regfile/regs_q_reg[7][9]/R","setup"
241,-0.586,5.000,4.931,12,"student_top_inst/Core_cpu/u_core_top/scoreboard_q_reg[4][fu][0]/C","student_top_inst/Core_cpu/u_core_top/scoreboard_q_reg[4][csr_src][25]/R","setup"
242,-0.585,5.000,5.011,0,"student_top_inst/cpu_rst_sync_reg/C","student_top_inst/Core_cpu/u_core_top/store_q_reg[0][wdata][13]/R","setup"
243,-0.585,5.000,4.979,0,"student_top_inst/cpu_rst_sync_reg/C","student_top_inst/Core_cpu/u_core_top/store_q_reg[3][wstrb][2]/R","setup"
244,-0.585,5.000,4.979,0,"student_top_inst/cpu_rst_sync_reg/C","student_top_inst/Core_cpu/u_core_top/store_q_reg[3][wstrb][3]/R","setup"
245,-0.585,5.000,5.021,0,"student_top_inst/cpu_rst_sync_reg/C","student_top_inst/Core_cpu/u_core_top/u_regfile/regs_q_reg[31][0]/R","setup"
246,-0.585,5.000,5.021,0,"student_top_inst/cpu_rst_sync_reg/C","student_top_inst/Core_cpu/u_core_top/u_regfile/regs_q_reg[31][9]/R","setup"
247,-0.585,5.000,5.609,10,"student_top_inst/Core_cpu/u_core_top/u_muldiv/b_q_reg[22]/C","student_top_inst/Core_cpu/u_core_top/exec_mem_addr_q_reg[21]/D","setup"
248,-0.584,5.000,5.016,0,"student_top_inst/cpu_rst_sync_reg/C","student_top_inst/Core_cpu/u_core_top/u_regfile/regs_q_reg[16][5]/R","setup"
249,-0.584,5.000,5.005,0,"student_top_inst/cpu_rst_sync_reg/C","student_top_inst/Core_cpu/u_core_top/load_active_meta_q_reg[forward_data][20]/R","setup"
250,-0.584,5.000,4.997,0,"student_top_inst/cpu_rst_sync_reg/C","student_top_inst/Core_cpu/u_core_top/u_regfile/regs_q_reg[22][0]/R","setup"
251,-0.584,5.000,4.997,0,"student_top_inst/cpu_rst_sync_reg/C","student_top_inst/Core_cpu/u_core_top/u_regfile/regs_q_reg[22][12]/R","setup"
252,-0.584,5.000,4.997,0,"student_top_inst/cpu_rst_sync_reg/C","student_top_inst/Core_cpu/u_core_top/u_regfile/regs_q_reg[22][13]/R","setup"
253,-0.583,5.000,4.993,0,"student_top_inst/cpu_rst_sync_reg/C","student_top_inst/Core_cpu/u_core_top/u_regfile/regs_q_reg[22][14]/R","setup"
254,-0.583,5.000,4.993,0,"student_top_inst/cpu_rst_sync_reg/C","student_top_inst/Core_cpu/u_core_top/u_regfile/regs_q_reg[22][8]/R","setup"
255,-0.583,5.000,4.996,0,"student_top_inst/cpu_rst_sync_reg/C","student_top_inst/Core_cpu/u_core_top/u_regfile/regs_q_reg[14][0]/R","setup"
256,-0.583,5.000,4.996,0,"student_top_inst/cpu_rst_sync_reg/C","student_top_inst/Core_cpu/u_core_top/u_regfile/regs_q_reg[14][12]/R","setup"
257,-0.583,5.000,4.996,0,"student_top_inst/cpu_rst_sync_reg/C","student_top_inst/Core_cpu/u_core_top/u_regfile/regs_q_reg[14][9]/R","setup"
258,-0.583,5.000,5.434,11,"student_top_inst/Core_cpu/u_core_top/load_head_q_reg[0]/C","student_top_inst/Core_cpu/u_core_top/u_dcache/tag_read_q_reg[15]/D","setup"
259,-0.583,5.000,5.172,12,"student_top_inst/Core_cpu/u_core_top/scoreboard_q_reg[4][fu][0]/C","student_top_inst/Core_cpu/u_core_top/scoreboard_q_reg[7][csr_src][13]/R","setup"
260,-0.583,5.000,5.172,12,"student_top_inst/Core_cpu/u_core_top/scoreboard_q_reg[4][fu][0]/C","student_top_inst/Core_cpu/u_core_top/scoreboard_q_reg[7][csr_src][14]/R","setup"
261,-0.583,5.000,5.172,12,"student_top_inst/Core_cpu/u_core_top/scoreboard_q_reg[4][fu][0]/C","student_top_inst/Core_cpu/u_core_top/scoreboard_q_reg[7][csr_src][16]/R","setup"
262,-0.583,5.000,5.172,12,"student_top_inst/Core_cpu/u_core_top/scoreboard_q_reg[4][fu][0]/C","student_top_inst/Core_cpu/u_core_top/scoreboard_q_reg[7][csr_src][20]/R","setup"
263,-0.583,5.000,5.172,12,"student_top_inst/Core_cpu/u_core_top/scoreboard_q_reg[4][fu][0]/C","student_top_inst/Core_cpu/u_core_top/scoreboard_q_reg[7][csr_src][6]/R","setup"
264,-0.583,5.000,5.172,12,"student_top_inst/Core_cpu/u_core_top/scoreboard_q_reg[4][fu][0]/C","student_top_inst/Core_cpu/u_core_top/scoreboard_q_reg[7][csr_src][7]/R","setup"
265,-0.583,5.000,5.013,0,"student_top_inst/cpu_rst_sync_reg/C","student_top_inst/Core_cpu/u_core_top/store_q_reg[0][wdata][22]/R","setup"
266,-0.581,5.000,5.041,12,"student_top_inst/Core_cpu/u_core_top/scoreboard_q_reg[4][fu][0]/C","student_top_inst/Core_cpu/u_core_top/scoreboard_q_reg[5][exception_tval][14]/CE","setup"
267,-0.581,5.000,5.041,12,"student_top_inst/Core_cpu/u_core_top/scoreboard_q_reg[4][fu][0]/C","student_top_inst/Core_cpu/u_core_top/scoreboard_q_reg[5][exception_tval][15]/CE","setup"
268,-0.581,5.000,5.041,12,"student_top_inst/Core_cpu/u_core_top/scoreboard_q_reg[4][fu][0]/C","student_top_inst/Core_cpu/u_core_top/scoreboard_q_reg[5][exception_tval][16]/CE","setup"
269,-0.581,5.000,5.041,12,"student_top_inst/Core_cpu/u_core_top/scoreboard_q_reg[4][fu][0]/C","student_top_inst/Core_cpu/u_core_top/scoreboard_q_reg[5][exception_tval][1]/CE","setup"
270,-0.581,5.000,4.995,0,"student_top_inst/cpu_rst_sync_reg/C","student_top_inst/Core_cpu/u_core_top/u_regfile/regs_q_reg[10][13]/R","setup"
271,-0.580,5.000,5.009,0,"student_top_inst/cpu_rst_sync_reg/C","student_top_inst/Core_cpu/u_core_top/u_regfile/regs_q_reg[14][5]/R","setup"
272,-0.580,5.000,5.009,0,"student_top_inst/cpu_rst_sync_reg/C","student_top_inst/Core_cpu/u_core_top/u_regfile/regs_q_reg[14][6]/R","setup"
273,-0.579,5.000,5.011,0,"student_top_inst/cpu_rst_sync_reg/C","student_top_inst/Core_cpu/u_core_top/u_regfile/regs_q_reg[20][5]/R","setup"
274,-0.579,5.000,5.011,0,"student_top_inst/cpu_rst_sync_reg/C","student_top_inst/Core_cpu/u_core_top/u_regfile/regs_q_reg[20][8]/R","setup"
275,-0.578,5.000,5.014,0,"student_top_inst/cpu_rst_sync_reg/C","student_top_inst/Core_cpu/u_core_top/u_regfile/regs_q_reg[19][0]/R","setup"
276,-0.578,5.000,5.014,0,"student_top_inst/cpu_rst_sync_reg/C","student_top_inst/Core_cpu/u_core_top/u_regfile/regs_q_reg[19][9]/R","setup"
277,-0.578,5.000,4.996,0,"student_top_inst/cpu_rst_sync_reg/C","student_top_inst/Core_cpu/u_core_top/load_q_reg[0][addr][6]/R","setup"
278,-0.578,5.000,4.996,0,"student_top_inst/cpu_rst_sync_reg/C","student_top_inst/Core_cpu/u_core_top/load_q_reg[0][addr][9]/R","setup"
279,-0.578,5.000,4.996,0,"student_top_inst/cpu_rst_sync_reg/C","student_top_inst/Core_cpu/u_core_top/load_q_reg[0][forward_data][11]/R","setup"
280,-0.578,5.000,4.996,0,"student_top_inst/cpu_rst_sync_reg/C","student_top_inst/Core_cpu/u_core_top/load_q_reg[0][forward_data][24]/R","setup"
281,-0.578,5.000,4.996,0,"student_top_inst/cpu_rst_sync_reg/C","student_top_inst/Core_cpu/u_core_top/load_q_reg[0][forward_data][26]/R","setup"
282,-0.578,5.000,4.996,0,"student_top_inst/cpu_rst_sync_reg/C","student_top_inst/Core_cpu/u_core_top/load_q_reg[0][forward_data][29]/R","setup"
283,-0.578,5.000,4.972,0,"student_top_inst/cpu_rst_sync_reg/C","student_top_inst/Core_cpu/u_core_top/store_q_reg[1][addr][25]/R","setup"
284,-0.577,5.000,5.013,0,"student_top_inst/cpu_rst_sync_reg/C","student_top_inst/Core_cpu/u_core_top/u_regfile/regs_q_reg[6][12]/R","setup"
285,-0.577,5.000,5.013,0,"student_top_inst/cpu_rst_sync_reg/C","student_top_inst/Core_cpu/u_core_top/u_regfile/regs_q_reg[6][4]/R","setup"
286,-0.577,5.000,4.972,0,"student_top_inst/cpu_rst_sync_reg/C","student_top_inst/Core_cpu/u_core_top/store_q_reg[2][addr][18]/R","setup"
287,-0.577,5.000,4.971,0,"student_top_inst/cpu_rst_sync_reg/C","student_top_inst/Core_cpu/u_core_top/store_q_reg[1][addr][26]/R","setup"
288,-0.577,5.000,4.971,0,"student_top_inst/cpu_rst_sync_reg/C","student_top_inst/Core_cpu/u_core_top/store_q_reg[1][addr][28]/R","setup"
289,-0.577,5.000,4.971,0,"student_top_inst/cpu_rst_sync_reg/C","student_top_inst/Core_cpu/u_core_top/store_q_reg[1][addr][30]/R","setup"
290,-0.577,5.000,4.996,0,"student_top_inst/cpu_rst_sync_reg/C","student_top_inst/Core_cpu/u_core_top/load_q_reg[1][forward_data][11]/R","setup"
291,-0.577,5.000,4.996,0,"student_top_inst/cpu_rst_sync_reg/C","student_top_inst/Core_cpu/u_core_top/load_q_reg[1][forward_data][12]/R","setup"
292,-0.577,5.000,4.996,0,"student_top_inst/cpu_rst_sync_reg/C","student_top_inst/Core_cpu/u_core_top/load_q_reg[1][forward_data][20]/R","setup"
293,-0.577,5.000,4.996,0,"student_top_inst/cpu_rst_sync_reg/C","student_top_inst/Core_cpu/u_core_top/load_q_reg[1][forward_data][27]/R","setup"
294,-0.577,5.000,4.996,0,"student_top_inst/cpu_rst_sync_reg/C","student_top_inst/Core_cpu/u_core_top/load_q_reg[1][forward_data][31]/R","setup"
295,-0.577,5.000,4.996,0,"student_top_inst/cpu_rst_sync_reg/C","student_top_inst/Core_cpu/u_core_top/load_q_reg[1][forward_data][9]/R","setup"
296,-0.577,5.000,5.426,11,"student_top_inst/Core_cpu/u_core_top/load_head_q_reg[0]/C","student_top_inst/Core_cpu/u_core_top/u_dcache/tag_read_q_reg[10]/D","setup"
297,-0.576,5.000,5.008,0,"student_top_inst/cpu_rst_sync_reg/C","student_top_inst/Core_cpu/u_core_top/u_regfile/regs_q_reg[31][6]/R","setup"
298,-0.576,5.000,4.982,0,"student_top_inst/cpu_rst_sync_reg/C","student_top_inst/Core_cpu/u_core_top/u_regfile/regs_q_reg[5][2]/R","setup"
299,-0.576,5.000,4.982,0,"student_top_inst/cpu_rst_sync_reg/C","student_top_inst/Core_cpu/u_core_top/u_regfile/regs_q_reg[5][5]/R","setup"
300,-0.576,5.000,4.988,0,"student_top_inst/cpu_rst_sync_reg/C","student_top_inst/Core_cpu/u_core_top/u_regfile/regs_q_reg[18][0]/R","setup"
301,-0.576,5.000,4.988,0,"student_top_inst/cpu_rst_sync_reg/C","student_top_inst/Core_cpu/u_core_top/u_regfile/regs_q_reg[18][9]/R","setup"
302,-0.575,5.000,4.987,0,"student_top_inst/cpu_rst_sync_reg/C","student_top_inst/Core_cpu/u_core_top/u_regfile/regs_q_reg[23][0]/R","setup"
303,-0.575,5.000,4.987,0,"student_top_inst/cpu_rst_sync_reg/C","student_top_inst/Core_cpu/u_core_top/u_regfile/regs_q_reg[23][14]/R","setup"
304,-0.575,5.000,4.987,0,"student_top_inst/cpu_rst_sync_reg/C","student_top_inst/Core_cpu/u_core_top/u_regfile/regs_q_reg[23][9]/R","setup"
305,-0.574,5.000,5.055,12,"student_top_inst/Core_cpu/u_core_top/scoreboard_q_reg[4][fu][0]/C","student_top_inst/Core_cpu/u_core_top/scoreboard_q_reg[5][exception_tval][10]/CE","setup"
306,-0.574,5.000,5.055,12,"student_top_inst/Core_cpu/u_core_top/scoreboard_q_reg[4][fu][0]/C","student_top_inst/Core_cpu/u_core_top/scoreboard_q_reg[5][exception_tval][21]/CE","setup"
307,-0.574,5.000,5.055,12,"student_top_inst/Core_cpu/u_core_top/scoreboard_q_reg[4][fu][0]/C","student_top_inst/Core_cpu/u_core_top/scoreboard_q_reg[5][exception_tval][24]/CE","setup"
308,-0.574,5.000,5.055,12,"student_top_inst/Core_cpu/u_core_top/scoreboard_q_reg[4][fu][0]/C","student_top_inst/Core_cpu/u_core_top/scoreboard_q_reg[5][exception_tval][4]/CE","setup"
309,-0.573,5.000,4.982,0,"student_top_inst/cpu_rst_sync_reg/C","student_top_inst/Core_cpu/u_core_top/u_regfile/regs_q_reg[9][6]/R","setup"
310,-0.573,5.000,4.985,0,"student_top_inst/cpu_rst_sync_reg/C","student_top_inst/Core_cpu/u_core_top/u_regfile/regs_q_reg[16][9]/R","setup"
311,-0.572,5.000,5.000,0,"student_top_inst/cpu_rst_sync_reg/C","student_top_inst/Core_cpu/u_core_top/store_q_reg[3][wdata][13]/R","setup"
312,-0.572,5.000,4.990,0,"student_top_inst/cpu_rst_sync_reg/C","student_top_inst/Core_cpu/u_core_top/store_q_reg[2][addr][31]/R","setup"
313,-0.571,5.000,4.982,0,"student_top_inst/cpu_rst_sync_reg/C","student_top_inst/Core_cpu/u_core_top/u_regfile/regs_q_reg[10][8]/R","setup"
314,-0.571,5.000,5.019,12,"student_top_inst/Core_cpu/u_core_top/scoreboard_q_reg[4][fu][0]/C","student_top_inst/Core_cpu/u_core_top/scoreboard_q_reg[4][exception_tval][0]/CE","setup"
315,-0.571,5.000,5.019,12,"student_top_inst/Core_cpu/u_core_top/scoreboard_q_reg[4][fu][0]/C","student_top_inst/Core_cpu/u_core_top/scoreboard_q_reg[4][exception_tval][11]/CE","setup"
316,-0.571,5.000,5.019,12,"student_top_inst/Core_cpu/u_core_top/scoreboard_q_reg[4][fu][0]/C","student_top_inst/Core_cpu/u_core_top/scoreboard_q_reg[4][exception_tval][1]/CE","setup"
317,-0.571,5.000,5.019,12,"student_top_inst/Core_cpu/u_core_top/scoreboard_q_reg[4][fu][0]/C","student_top_inst/Core_cpu/u_core_top/scoreboard_q_reg[4][exception_tval][5]/CE","setup"
318,-0.571,5.000,4.983,0,"student_top_inst/cpu_rst_sync_reg/C","student_top_inst/Core_cpu/u_core_top/u_regfile/regs_q_reg[5][14]/R","setup"
319,-0.571,5.000,4.983,0,"student_top_inst/cpu_rst_sync_reg/C","student_top_inst/Core_cpu/u_core_top/u_regfile/regs_q_reg[5][9]/R","setup"
320,-0.571,5.000,4.976,0,"student_top_inst/cpu_rst_sync_reg/C","student_top_inst/Core_cpu/u_core_top/store_q_reg[3][wdata][26]/R","setup"
321,-0.571,5.000,4.976,0,"student_top_inst/cpu_rst_sync_reg/C","student_top_inst/Core_cpu/u_core_top/store_q_reg[3][wdata][31]/R","setup"
322,-0.570,5.000,5.410,7,"student_top_inst/Core_cpu/u_core_top/u_dcache/g_data_bank[3].u_data_bank/mem_q_reg_0/CLKBWRCLK","student_top_inst/Core_cpu/u_core_top/scoreboard_q_reg[5][csr_src][24]/D","setup"
323,-0.569,5.000,4.980,0,"student_top_inst/cpu_rst_sync_reg/C","student_top_inst/Core_cpu/u_core_top/u_regfile/regs_q_reg[29][6]/R","setup"
324,-0.569,5.000,4.973,0,"student_top_inst/cpu_rst_sync_reg/C","student_top_inst/Core_cpu/u_core_top/store_q_reg[0][wdata][26]/R","setup"
325,-0.569,5.000,4.973,0,"student_top_inst/cpu_rst_sync_reg/C","student_top_inst/Core_cpu/u_core_top/store_q_reg[0][wdata][31]/R","setup"
326,-0.569,5.000,4.978,0,"student_top_inst/cpu_rst_sync_reg/C","student_top_inst/Core_cpu/u_core_top/store_q_reg[3][wdata][17]/R","setup"
327,-0.568,5.000,5.348,0,"student_top_inst/mem_bridge/dram_adapter/read_valid_d1_reg/C","student_top_inst/mem_bridge/dram_adapter/dram/U0/inst_blk_mem_gen/gnbram.gnativebmg.native_blk_mem_gen/valid.cstr/has_mux_a.A/douta[10]_INST_0_i_6_psbram/CE","setup"
328,-0.568,5.000,5.017,10,"student_top_inst/Core_cpu/u_core_top/scoreboard_q_reg[4][fu][0]/C","student_top_inst/Core_cpu/u_core_top/id_uop_q_reg[branch_op][0]/CE","setup"
329,-0.568,5.000,5.017,10,"student_top_inst/Core_cpu/u_core_top/scoreboard_q_reg[4][fu][0]/C","student_top_inst/Core_cpu/u_core_top/id_uop_q_reg[branch_op][1]/CE","setup"
330,-0.568,5.000,5.017,10,"student_top_inst/Core_cpu/u_core_top/scoreboard_q_reg[4][fu][0]/C","student_top_inst/Core_cpu/u_core_top/id_uop_q_reg[imm][13]/CE","setup"
331,-0.568,5.000,5.017,10,"student_top_inst/Core_cpu/u_core_top/scoreboard_q_reg[4][fu][0]/C","student_top_inst/Core_cpu/u_core_top/id_uop_q_reg[imm][14]/CE","setup"
332,-0.568,5.000,5.017,10,"student_top_inst/Core_cpu/u_core_top/scoreboard_q_reg[4][fu][0]/C","student_top_inst/Core_cpu/u_core_top/id_uop_q_reg[imm][16]/CE","setup"
333,-0.568,5.000,5.017,10,"student_top_inst/Core_cpu/u_core_top/scoreboard_q_reg[4][fu][0]/C","student_top_inst/Core_cpu/u_core_top/id_uop_q_reg[imm][31]/CE","setup"
334,-0.568,5.000,5.039,10,"student_top_inst/Core_cpu/u_core_top/scoreboard_q_reg[4][fu][0]/C","student_top_inst/Core_cpu/u_core_top/id_uop_q_reg[pc][10]/CE","setup"
335,-0.568,5.000,5.039,10,"student_top_inst/Core_cpu/u_core_top/scoreboard_q_reg[4][fu][0]/C","student_top_inst/Core_cpu/u_core_top/id_uop_q_reg[pc][11]/CE","setup"
336,-0.568,5.000,5.039,10,"student_top_inst/Core_cpu/u_core_top/scoreboard_q_reg[4][fu][0]/C","student_top_inst/Core_cpu/u_core_top/id_uop_q_reg[pc][6]/CE","setup"
337,-0.568,5.000,5.039,10,"student_top_inst/Core_cpu/u_core_top/scoreboard_q_reg[4][fu][0]/C","student_top_inst/Core_cpu/u_core_top/id_uop_q_reg[pc][7]/CE","setup"
338,-0.568,5.000,5.039,10,"student_top_inst/Core_cpu/u_core_top/scoreboard_q_reg[4][fu][0]/C","student_top_inst/Core_cpu/u_core_top/id_uop_q_reg[pc][8]/CE","setup"
339,-0.568,5.000,5.039,10,"student_top_inst/Core_cpu/u_core_top/scoreboard_q_reg[4][fu][0]/C","student_top_inst/Core_cpu/u_core_top/id_uop_q_reg[pc][9]/CE","setup"
340,-0.568,5.000,4.973,0,"student_top_inst/cpu_rst_sync_reg/C","student_top_inst/Core_cpu/u_core_top/store_q_reg[1][wdata][30]/R","setup"
341,-0.568,5.000,5.592,10,"student_top_inst/Core_cpu/u_core_top/u_muldiv/b_q_reg[22]/C","student_top_inst/Core_cpu/u_core_top/exec_mem_addr_q_reg[23]/D","setup"
342,-0.567,5.000,4.980,0,"student_top_inst/cpu_rst_sync_reg/C","student_top_inst/Core_cpu/u_core_top/store_q_reg[3][wdata][0]/R","setup"
343,-0.567,5.000,4.977,0,"student_top_inst/cpu_rst_sync_reg/C","student_top_inst/Core_cpu/u_core_top/u_regfile/regs_q_reg[7][14]/R","setup"
344,-0.567,5.000,5.028,11,"student_top_inst/Core_cpu/u_core_top/scoreboard_q_reg[4][fu][0]/C","student_top_inst/Core_cpu/u_core_top/scoreboard_q_reg[3][exception_tval][20]/CE","setup"
345,-0.567,5.000,5.028,11,"student_top_inst/Core_cpu/u_core_top/scoreboard_q_reg[4][fu][0]/C","student_top_inst/Core_cpu/u_core_top/scoreboard_q_reg[3][exception_tval][8]/CE","setup"
346,-0.567,5.000,4.975,0,"student_top_inst/cpu_rst_sync_reg/C","student_top_inst/Core_cpu/u_core_top/u_regfile/regs_q_reg[5][6]/R","setup"
347,-0.566,5.000,5.024,11,"student_top_inst/Core_cpu/u_core_top/scoreboard_q_reg[4][fu][0]/C","student_top_inst/Core_cpu/u_core_top/scoreboard_q_reg[0][exception_tval][11]/CE","setup"
348,-0.566,5.000,5.024,11,"student_top_inst/Core_cpu/u_core_top/scoreboard_q_reg[4][fu][0]/C","student_top_inst/Core_cpu/u_core_top/scoreboard_q_reg[0][exception_tval][1]/CE","setup"
349,-0.566,5.000,5.024,11,"student_top_inst/Core_cpu/u_core_top/scoreboard_q_reg[4][fu][0]/C","student_top_inst/Core_cpu/u_core_top/scoreboard_q_reg[0][exception_tval][3]/CE","setup"
350,-0.566,5.000,5.024,11,"student_top_inst/Core_cpu/u_core_top/scoreboard_q_reg[4][fu][0]/C","student_top_inst/Core_cpu/u_core_top/scoreboard_q_reg[0][exception_tval][8]/CE","setup"
351,-0.566,5.000,5.025,11,"student_top_inst/Core_cpu/u_core_top/scoreboard_q_reg[4][fu][0]/C","student_top_inst/Core_cpu/u_core_top/scoreboard_q_reg[1][exception_tval][15]/CE","setup"
352,-0.566,5.000,5.025,11,"student_top_inst/Core_cpu/u_core_top/scoreboard_q_reg[4][fu][0]/C","student_top_inst/Core_cpu/u_core_top/scoreboard_q_reg[1][exception_tval][16]/CE","setup"
353,-0.566,5.000,5.025,11,"student_top_inst/Core_cpu/u_core_top/scoreboard_q_reg[4][fu][0]/C","student_top_inst/Core_cpu/u_core_top/scoreboard_q_reg[1][exception_tval][25]/CE","setup"
354,-0.566,5.000,5.025,11,"student_top_inst/Core_cpu/u_core_top/scoreboard_q_reg[4][fu][0]/C","student_top_inst/Core_cpu/u_core_top/scoreboard_q_reg[1][exception_tval][29]/CE","setup"
355,-0.566,5.000,5.344,0,"student_top_inst/mem_bridge/dram_adapter/read_valid_d1_reg/C","student_top_inst/mem_bridge/dram_adapter/dram/U0/inst_blk_mem_gen/gnbram.gnativebmg.native_blk_mem_gen/valid.cstr/has_mux_a.A/douta[10]_INST_0_i_4_psbram/CE","setup"
356,-0.566,5.000,5.344,0,"student_top_inst/mem_bridge/dram_adapter/read_valid_d1_reg/C","student_top_inst/mem_bridge/dram_adapter/dram/U0/inst_blk_mem_gen/gnbram.gnativebmg.native_blk_mem_gen/valid.cstr/has_mux_a.A/douta[13]_INST_0_i_4_psbram/CE","setup"
357,-0.566,5.000,5.344,0,"student_top_inst/mem_bridge/dram_adapter/read_valid_d1_reg/C","student_top_inst/mem_bridge/dram_adapter/dram/U0/inst_blk_mem_gen/gnbram.gnativebmg.native_blk_mem_gen/valid.cstr/has_mux_a.A/douta[9]_INST_0_i_4_psbram/CE","setup"
358,-0.566,5.000,5.415,11,"student_top_inst/Core_cpu/u_core_top/load_head_q_reg[0]/C","student_top_inst/Core_cpu/u_core_top/u_dcache/tag_read_q_reg[17]/D","setup"
359,-0.565,5.000,4.997,0,"student_top_inst/cpu_rst_sync_reg/C","student_top_inst/Core_cpu/u_core_top/u_regfile/regs_q_reg[3][4]/R","setup"
360,-0.565,5.000,5.023,11,"student_top_inst/Core_cpu/u_core_top/scoreboard_q_reg[4][fu][0]/C","student_top_inst/Core_cpu/u_core_top/exec_q_reg[uop][alu_op][2]/CE","setup"
361,-0.565,5.000,5.026,11,"student_top_inst/Core_cpu/u_core_top/scoreboard_q_reg[4][fu][0]/C","student_top_inst/Core_cpu/u_core_top/scoreboard_q_reg[3][exception_tval][0]/CE","setup"
362,-0.565,5.000,5.026,11,"student_top_inst/Core_cpu/u_core_top/scoreboard_q_reg[4][fu][0]/C","student_top_inst/Core_cpu/u_core_top/scoreboard_q_reg[3][exception_tval][16]/CE","setup"
363,-0.565,5.000,5.026,11,"student_top_inst/Core_cpu/u_core_top/scoreboard_q_reg[4][fu][0]/C","student_top_inst/Core_cpu/u_core_top/scoreboard_q_reg[3][exception_tval][22]/CE","setup"
364,-0.565,5.000,5.026,11,"student_top_inst/Core_cpu/u_core_top/scoreboard_q_reg[4][fu][0]/C","student_top_inst/Core_cpu/u_core_top/scoreboard_q_reg[3][exception_tval][6]/CE","setup"
365,-0.564,5.000,5.411,11,"student_top_inst/Core_cpu/u_core_top/load_head_q_reg[0]/C","student_top_inst/Core_cpu/u_core_top/u_dcache/tag_read_q_reg[13]/D","setup"
366,-0.563,5.000,5.027,11,"student_top_inst/Core_cpu/u_core_top/scoreboard_q_reg[4][fu][0]/C","student_top_inst/Core_cpu/u_core_top/scoreboard_q_reg[3][exception_tval][14]/CE","setup"
367,-0.563,5.000,5.027,11,"student_top_inst/Core_cpu/u_core_top/scoreboard_q_reg[4][fu][0]/C","student_top_inst/Core_cpu/u_core_top/scoreboard_q_reg[3][exception_tval][15]/CE","setup"
368,-0.563,5.000,4.791,0,"student_top_inst/cpu_rst_sync_reg/C","student_top_inst/Core_cpu/u_core_top/scoreboard_q_reg[3][exception_tval][0]/R","setup"
369,-0.563,5.000,4.791,0,"student_top_inst/cpu_rst_sync_reg/C","student_top_inst/Core_cpu/u_core_top/scoreboard_q_reg[3][exception_tval][16]/R","setup"
370,-0.563,5.000,4.791,0,"student_top_inst/cpu_rst_sync_reg/C","student_top_inst/Core_cpu/u_core_top/scoreboard_q_reg[3][exception_tval][22]/R","setup"
371,-0.563,5.000,4.791,0,"student_top_inst/cpu_rst_sync_reg/C","student_top_inst/Core_cpu/u_core_top/scoreboard_q_reg[3][exception_tval][6]/R","setup"
372,-0.562,5.000,4.972,0,"student_top_inst/cpu_rst_sync_reg/C","student_top_inst/Core_cpu/u_core_top/u_regfile/regs_q_reg[23][6]/R","setup"
373,-0.562,5.000,4.975,0,"student_top_inst/cpu_rst_sync_reg/C","student_top_inst/Core_cpu/u_core_top/u_regfile/regs_q_reg[12][13]/R","setup"
374,-0.562,5.000,4.979,0,"student_top_inst/cpu_rst_sync_reg/C","student_top_inst/Core_cpu/u_core_top/store_q_reg[2][wstrb][2]/R","setup"
375,-0.562,5.000,4.979,0,"student_top_inst/cpu_rst_sync_reg/C","student_top_inst/Core_cpu/u_core_top/store_q_reg[2][wstrb][3]/R","setup"
376,-0.561,5.000,4.786,0,"student_top_inst/cpu_rst_sync_reg/C","student_top_inst/Core_cpu/u_core_top/scoreboard_q_reg[5][exception_tval][27]/R","setup"
377,-0.561,5.000,4.786,0,"student_top_inst/cpu_rst_sync_reg/C","student_top_inst/Core_cpu/u_core_top/scoreboard_q_reg[5][exception_tval][3]/R","setup"
378,-0.561,5.000,4.786,0,"student_top_inst/cpu_rst_sync_reg/C","student_top_inst/Core_cpu/u_core_top/scoreboard_q_reg[5][exception_tval][8]/R","setup"
379,-0.561,5.000,4.789,0,"student_top_inst/cpu_rst_sync_reg/C","student_top_inst/Core_cpu/u_core_top/scoreboard_q_reg[0][exception_tval][23]/R","setup"
380,-0.560,5.000,4.993,0,"student_top_inst/cpu_rst_sync_reg/C","student_top_inst/Core_cpu/u_core_top/u_regfile/regs_q_reg[6][14]/R","setup"
381,-0.560,5.000,4.993,0,"student_top_inst/cpu_rst_sync_reg/C","student_top_inst/Core_cpu/u_core_top/u_regfile/regs_q_reg[6][8]/R","setup"
382,-0.560,5.000,4.996,0,"student_top_inst/cpu_rst_sync_reg/C","student_top_inst/Core_cpu/u_core_top/u_regfile/regs_q_reg[10][12]/R","setup"
383,-0.560,5.000,4.996,0,"student_top_inst/cpu_rst_sync_reg/C","student_top_inst/Core_cpu/u_core_top/u_regfile/regs_q_reg[10][9]/R","setup"
384,-0.560,5.000,4.970,0,"student_top_inst/cpu_rst_sync_reg/C","student_top_inst/Core_cpu/u_core_top/u_regfile/regs_q_reg[27][6]/R","setup"
385,-0.560,5.000,4.972,0,"student_top_inst/cpu_rst_sync_reg/C","student_top_inst/Core_cpu/u_core_top/u_regfile/regs_q_reg[24][13]/R","setup"
386,-0.560,5.000,4.972,0,"student_top_inst/cpu_rst_sync_reg/C","student_top_inst/Core_cpu/u_core_top/u_regfile/regs_q_reg[28][14]/R","setup"
387,-0.560,5.000,4.972,0,"student_top_inst/cpu_rst_sync_reg/C","student_top_inst/Core_cpu/u_core_top/u_regfile/regs_q_reg[28][9]/R","setup"
388,-0.560,5.000,5.364,11,"student_top_inst/Core_cpu/u_core_top/load_head_q_reg[0]/C","student_top_inst/Core_cpu/u_core_top/u_dcache/state_q_reg[0]/D","setup"
389,-0.559,5.000,5.021,11,"student_top_inst/Core_cpu/u_core_top/scoreboard_q_reg[4][fu][0]/C","student_top_inst/Core_cpu/u_core_top/scoreboard_q_reg[0][exception_cause][3]/CE","setup"
390,-0.559,5.000,5.021,11,"student_top_inst/Core_cpu/u_core_top/scoreboard_q_reg[4][fu][0]/C","student_top_inst/Core_cpu/u_core_top/scoreboard_q_reg[0][exception_tval][12]/CE","setup"
391,-0.559,5.000,5.021,11,"student_top_inst/Core_cpu/u_core_top/scoreboard_q_reg[4][fu][0]/C","student_top_inst/Core_cpu/u_core_top/scoreboard_q_reg[0][exception_tval][13]/CE","setup"
392,-0.559,5.000,5.021,11,"student_top_inst/Core_cpu/u_core_top/scoreboard_q_reg[4][fu][0]/C","student_top_inst/Core_cpu/u_core_top/scoreboard_q_reg[0][exception_tval][27]/CE","setup"
393,-0.558,5.000,4.970,0,"student_top_inst/cpu_rst_sync_reg/C","student_top_inst/Core_cpu/u_core_top/u_regfile/regs_q_reg[31][14]/R","setup"
394,-0.558,5.000,5.027,10,"student_top_inst/Core_cpu/u_core_top/scoreboard_q_reg[4][fu][0]/C","student_top_inst/Core_cpu/u_core_top/id_uop_q_reg[pc][18]/CE","setup"
395,-0.558,5.000,5.027,10,"student_top_inst/Core_cpu/u_core_top/scoreboard_q_reg[4][fu][0]/C","student_top_inst/Core_cpu/u_core_top/id_uop_q_reg[pc][19]/CE","setup"
396,-0.558,5.000,5.027,10,"student_top_inst/Core_cpu/u_core_top/scoreboard_q_reg[4][fu][0]/C","student_top_inst/Core_cpu/u_core_top/id_uop_q_reg[pc][20]/CE","setup"
397,-0.558,5.000,5.027,10,"student_top_inst/Core_cpu/u_core_top/scoreboard_q_reg[4][fu][0]/C","student_top_inst/Core_cpu/u_core_top/id_uop_q_reg[pc][21]/CE","setup"
398,-0.558,5.000,5.027,10,"student_top_inst/Core_cpu/u_core_top/scoreboard_q_reg[4][fu][0]/C","student_top_inst/Core_cpu/u_core_top/id_uop_q_reg[pc][22]/CE","setup"
399,-0.558,5.000,5.027,10,"student_top_inst/Core_cpu/u_core_top/scoreboard_q_reg[4][fu][0]/C","student_top_inst/Core_cpu/u_core_top/id_uop_q_reg[pc][23]/CE","setup"
400,-0.557,5.000,4.775,0,"student_top_inst/cpu_rst_sync_reg/C","student_top_inst/Core_cpu/u_core_top/u_regfile/regs_q_reg[3][30]/R","setup"
401,-0.556,5.000,4.990,0,"student_top_inst/cpu_rst_sync_reg/C","student_top_inst/Core_cpu/u_core_top/u_regfile/regs_q_reg[15][4]/R","setup"
402,-0.556,5.000,4.968,0,"student_top_inst/cpu_rst_sync_reg/C","student_top_inst/Core_cpu/u_core_top/u_regfile/regs_q_reg[11][14]/R","setup"
403,-0.556,5.000,5.013,12,"student_top_inst/Core_cpu/u_core_top/scoreboard_q_reg[4][fu][0]/C","student_top_inst/Core_cpu/u_core_top/scoreboard_q_reg[5][exception_tval][27]/CE","setup"
404,-0.556,5.000,5.013,12,"student_top_inst/Core_cpu/u_core_top/scoreboard_q_reg[4][fu][0]/C","student_top_inst/Core_cpu/u_core_top/scoreboard_q_reg[5][exception_tval][3]/CE","setup"
405,-0.556,5.000,5.013,12,"student_top_inst/Core_cpu/u_core_top/scoreboard_q_reg[4][fu][0]/C","student_top_inst/Core_cpu/u_core_top/scoreboard_q_reg[5][exception_tval][8]/CE","setup"
406,-0.555,5.000,4.779,0,"student_top_inst/cpu_rst_sync_reg/C","student_top_inst/Core_cpu/u_core_top/u_muldiv/a_q_reg[12]/R","setup"
407,-0.555,5.000,4.779,0,"student_top_inst/cpu_rst_sync_reg/C","student_top_inst/Core_cpu/u_core_top/u_muldiv/a_q_reg[13]/R","setup"
408,-0.555,5.000,4.779,0,"student_top_inst/cpu_rst_sync_reg/C","student_top_inst/Core_cpu/u_core_top/u_muldiv/a_q_reg[14]/R","setup"
409,-0.555,5.000,4.779,0,"student_top_inst/cpu_rst_sync_reg/C","student_top_inst/Core_cpu/u_core_top/u_muldiv/a_q_reg[15]/R","setup"
410,-0.554,5.000,4.972,0,"student_top_inst/cpu_rst_sync_reg/C","student_top_inst/Core_cpu/u_core_top/store_q_reg[2][addr][20]/R","setup"
411,-0.554,5.000,4.972,0,"student_top_inst/cpu_rst_sync_reg/C","student_top_inst/Core_cpu/u_core_top/store_q_reg[2][addr][27]/R","setup"
412,-0.554,5.000,4.971,0,"student_top_inst/cpu_rst_sync_reg/C","student_top_inst/Core_cpu/u_core_top/store_q_reg[2][addr][26]/R","setup"
413,-0.554,5.000,5.314,0,"student_top_inst/mem_bridge/dram_adapter/read_valid_d1_reg/C","student_top_inst/mem_bridge/dram_adapter/dram/U0/inst_blk_mem_gen/gnbram.gnativebmg.native_blk_mem_gen/valid.cstr/ramloop[17].ram.r/prim_init.ram/DEVICE_7SERIES.NO_BMM_INFO.SP.SIMPLE_PRIM36.ram/REGCEAREGCE","setup"
414,-0.553,5.000,4.982,0,"student_top_inst/cpu_rst_sync_reg/C","student_top_inst/Core_cpu/u_core_top/u_regfile/regs_q_reg[21][2]/R","setup"
415,-0.553,5.000,4.982,0,"student_top_inst/cpu_rst_sync_reg/C","student_top_inst/Core_cpu/u_core_top/u_regfile/regs_q_reg[21][5]/R","setup"
416,-0.553,5.000,4.982,0,"student_top_inst/cpu_rst_sync_reg/C","student_top_inst/Core_cpu/u_core_top/u_regfile/regs_q_reg[21][8]/R","setup"
417,-0.553,5.000,4.988,0,"student_top_inst/cpu_rst_sync_reg/C","student_top_inst/Core_cpu/u_core_top/u_regfile/regs_q_reg[6][0]/R","setup"
418,-0.553,5.000,4.988,0,"student_top_inst/cpu_rst_sync_reg/C","student_top_inst/Core_cpu/u_core_top/u_regfile/regs_q_reg[6][9]/R","setup"
419,-0.552,5.000,4.950,0,"student_top_inst/cpu_rst_sync_reg/C","student_top_inst/Core_cpu/u_core_top/store_q_reg[0][wstrb][0]/R","setup"
420,-0.552,5.000,4.950,0,"student_top_inst/cpu_rst_sync_reg/C","student_top_inst/Core_cpu/u_core_top/load_q_reg[0][forward_data][12]/R","setup"
421,-0.552,5.000,4.950,0,"student_top_inst/cpu_rst_sync_reg/C","student_top_inst/Core_cpu/u_core_top/load_q_reg[0][forward_data][13]/R","setup"
422,-0.552,5.000,4.950,0,"student_top_inst/cpu_rst_sync_reg/C","student_top_inst/Core_cpu/u_core_top/load_q_reg[0][forward_data][21]/R","setup"
423,-0.552,5.000,4.950,0,"student_top_inst/cpu_rst_sync_reg/C","student_top_inst/Core_cpu/u_core_top/load_q_reg[0][forward_data][9]/R","setup"
424,-0.552,5.000,5.034,11,"student_top_inst/Core_cpu/u_core_top/scoreboard_q_reg[4][fu][0]/C","student_top_inst/Core_cpu/u_core_top/scoreboard_q_reg[3][exception_tval][11]/CE","setup"
425,-0.552,5.000,5.034,11,"student_top_inst/Core_cpu/u_core_top/scoreboard_q_reg[4][fu][0]/C","student_top_inst/Core_cpu/u_core_top/scoreboard_q_reg[3][exception_tval][23]/CE","setup"
426,-0.552,5.000,5.034,11,"student_top_inst/Core_cpu/u_core_top/scoreboard_q_reg[4][fu][0]/C","student_top_inst/Core_cpu/u_core_top/scoreboard_q_reg[3][exception_tval][3]/CE","setup"
427,-0.552,5.000,5.034,11,"student_top_inst/Core_cpu/u_core_top/scoreboard_q_reg[4][fu][0]/C","student_top_inst/Core_cpu/u_core_top/scoreboard_q_reg[3][exception_tval][7]/CE","setup"
428,-0.551,5.000,4.765,0,"student_top_inst/cpu_rst_sync_reg/C","student_top_inst/Core_cpu/u_core_top/u_regfile/regs_q_reg[29][21]/R","setup"
429,-0.551,5.000,5.398,11,"student_top_inst/Core_cpu/u_core_top/load_head_q_reg[0]/C","student_top_inst/Core_cpu/u_core_top/u_dcache/tag_read_q_reg[16]/D","setup"
430,-0.551,5.000,4.986,0,"student_top_inst/cpu_rst_sync_reg/C","student_top_inst/Core_cpu/u_core_top/u_regfile/regs_q_reg[8][13]/R","setup"
431,-0.551,5.000,4.776,0,"student_top_inst/cpu_rst_sync_reg/C","student_top_inst/Core_cpu/u_core_top/u_muldiv/a_q_reg[4]/R","setup"
432,-0.551,5.000,4.776,0,"student_top_inst/cpu_rst_sync_reg/C","student_top_inst/Core_cpu/u_core_top/u_muldiv/a_q_reg[5]/R","setup"
433,-0.551,5.000,4.776,0,"student_top_inst/cpu_rst_sync_reg/C","student_top_inst/Core_cpu/u_core_top/u_muldiv/a_q_reg[6]/R","setup"
434,-0.551,5.000,4.776,0,"student_top_inst/cpu_rst_sync_reg/C","student_top_inst/Core_cpu/u_core_top/u_muldiv/a_q_reg[7]/R","setup"
435,-0.550,5.000,5.020,10,"student_top_inst/Core_cpu/u_core_top/scoreboard_q_reg[4][fu][0]/C","student_top_inst/Core_cpu/u_core_top/id_uop_q_reg[pc][30]/CE","setup"
436,-0.550,5.000,5.020,10,"student_top_inst/Core_cpu/u_core_top/scoreboard_q_reg[4][fu][0]/C","student_top_inst/Core_cpu/u_core_top/id_uop_q_reg[pc][31]/CE","setup"
437,-0.550,5.000,5.020,10,"student_top_inst/Core_cpu/u_core_top/scoreboard_q_reg[4][fu][0]/C","student_top_inst/Core_cpu/u_core_top/id_uop_q_reg[pred_next_pc][30]/CE","setup"
438,-0.550,5.000,5.020,10,"student_top_inst/Core_cpu/u_core_top/scoreboard_q_reg[4][fu][0]/C","student_top_inst/Core_cpu/u_core_top/id_uop_q_reg[pred_next_pc][31]/CE","setup"
439,-0.550,5.000,4.982,0,"student_top_inst/cpu_rst_sync_reg/C","student_top_inst/Core_cpu/u_core_top/u_regfile/regs_q_reg[19][6]/R","setup"
440,-0.550,5.000,4.982,0,"student_top_inst/cpu_rst_sync_reg/C","student_top_inst/Core_cpu/u_core_top/u_regfile/regs_q_reg[19][8]/R","setup"
441,-0.550,5.000,4.948,0,"student_top_inst/cpu_rst_sync_reg/C","student_top_inst/Core_cpu/u_core_top/load_q_reg[1][forward_data][13]/R","setup"
442,-0.550,5.000,4.948,0,"student_top_inst/cpu_rst_sync_reg/C","student_top_inst/Core_cpu/u_core_top/load_q_reg[1][forward_data][22]/R","setup"
443,-0.549,5.000,5.012,11,"student_top_inst/Core_cpu/u_core_top/scoreboard_q_reg[4][fu][0]/C","student_top_inst/Core_cpu/u_core_top/exec_q_reg[uop][imm][3]/CE","setup"
444,-0.549,5.000,5.012,11,"student_top_inst/Core_cpu/u_core_top/scoreboard_q_reg[4][fu][0]/C","student_top_inst/Core_cpu/u_core_top/exec_q_reg[uop][imm][7]/CE","setup"
445,-0.548,5.000,4.983,0,"student_top_inst/cpu_rst_sync_reg/C","student_top_inst/Core_cpu/u_core_top/u_regfile/regs_q_reg[24][9]/R","setup"
446,-0.547,5.000,5.409,7,"student_top_inst/Core_cpu/u_core_top/u_dcache/g_data_bank[3].u_data_bank/mem_q_reg_0/CLKBWRCLK","student_top_inst/Core_cpu/u_core_top/scoreboard_q_reg[2][csr_src][29]/D","setup"
447,-0.546,5.000,4.956,0,"student_top_inst/cpu_rst_sync_reg/C","student_top_inst/Core_cpu/u_core_top/u_regfile/regs_q_reg[25][6]/R","setup"
448,-0.546,5.000,4.978,0,"student_top_inst/cpu_rst_sync_reg/C","student_top_inst/Core_cpu/u_core_top/store_q_reg[0][wdata][10]/R","setup"
449,-0.546,5.000,4.978,0,"student_top_inst/cpu_rst_sync_reg/C","student_top_inst/Core_cpu/u_core_top/store_q_reg[0][wdata][17]/R","setup"
450,-0.546,5.000,4.978,0,"student_top_inst/cpu_rst_sync_reg/C","student_top_inst/Core_cpu/u_core_top/store_q_reg[0][wdata][9]/R","setup"
451,-0.545,5.000,5.395,11,"student_top_inst/Core_cpu/u_core_top/load_head_q_reg[0]/C","student_top_inst/Core_cpu/u_core_top/u_dcache/tag_read_q_reg[9]/D","setup"
452,-0.545,5.000,4.973,0,"student_top_inst/cpu_rst_sync_reg/C","student_top_inst/Core_cpu/u_core_top/store_q_reg[3][wdata][25]/R","setup"
453,-0.545,5.000,4.973,0,"student_top_inst/cpu_rst_sync_reg/C","student_top_inst/Core_cpu/u_core_top/store_q_reg[3][wdata][30]/R","setup"
454,-0.545,5.000,5.225,12,"student_top_inst/Core_cpu/u_core_top/scoreboard_q_reg[4][fu][0]/C","student_top_inst/Core_cpu/u_core_top/u_frontend/u_fetch_queue/count_q_reg[2]/D","setup"
455,-0.544,5.000,4.980,0,"student_top_inst/cpu_rst_sync_reg/C","student_top_inst/Core_cpu/u_core_top/store_q_reg[0][wdata][0]/R","setup"
456,-0.544,5.000,4.766,0,"student_top_inst/cpu_rst_sync_reg/C","student_top_inst/Core_cpu/u_core_top/u_regfile/regs_q_reg[31][26]/R","setup"
457,-0.544,5.000,4.766,0,"student_top_inst/cpu_rst_sync_reg/C","student_top_inst/Core_cpu/u_core_top/u_regfile/regs_q_reg[31][31]/R","setup"
458,-0.544,5.000,4.954,0,"student_top_inst/cpu_rst_sync_reg/C","student_top_inst/Core_cpu/u_core_top/u_regfile/regs_q_reg[31][8]/R","setup"
459,-0.544,5.000,4.977,0,"student_top_inst/cpu_rst_sync_reg/C","student_top_inst/Core_cpu/u_core_top/u_regfile/regs_q_reg[21][14]/R","setup"
460,-0.544,5.000,5.005,11,"student_top_inst/Core_cpu/u_core_top/scoreboard_q_reg[4][fu][0]/C","student_top_inst/Core_cpu/u_core_top/scoreboard_q_reg[0][exception_tval][23]/CE","setup"
461,-0.544,5.000,4.975,0,"student_top_inst/cpu_rst_sync_reg/C","student_top_inst/Core_cpu/u_core_top/u_regfile/regs_q_reg[7][6]/R","setup"
462,-0.544,5.000,4.975,0,"student_top_inst/cpu_rst_sync_reg/C","student_top_inst/Core_cpu/u_core_top/u_regfile/regs_q_reg[7][8]/R","setup"
463,-0.543,5.000,5.389,11,"student_top_inst/Core_cpu/u_core_top/load_head_q_reg[0]/C","student_top_inst/Core_cpu/u_core_top/u_dcache/tag_read_q_reg[14]/D","setup"
464,-0.543,5.000,5.026,11,"student_top_inst/Core_cpu/u_core_top/scoreboard_q_reg[4][fu][0]/C","student_top_inst/Core_cpu/u_core_top/scoreboard_q_reg[3][exception_cause][2]/CE","setup"
465,-0.543,5.000,5.026,11,"student_top_inst/Core_cpu/u_core_top/scoreboard_q_reg[4][fu][0]/C","student_top_inst/Core_cpu/u_core_top/scoreboard_q_reg[3][exception_tval][10]/CE","setup"
466,-0.543,5.000,5.026,11,"student_top_inst/Core_cpu/u_core_top/scoreboard_q_reg[4][fu][0]/C","student_top_inst/Core_cpu/u_core_top/scoreboard_q_reg[3][exception_tval][24]/CE","setup"
467,-0.541,5.000,4.780,0,"student_top_inst/cpu_rst_sync_reg/C","student_top_inst/Core_cpu/u_core_top/u_regfile/regs_q_reg[5][21]/R","setup"
468,-0.541,5.000,4.780,0,"student_top_inst/cpu_rst_sync_reg/C","student_top_inst/Core_cpu/u_core_top/u_regfile/regs_q_reg[5][30]/R","setup"
469,-0.541,5.000,4.949,0,"student_top_inst/cpu_rst_sync_reg/C","student_top_inst/Core_cpu/u_core_top/store_q_reg[0][wdata][16]/R","setup"
470,-0.541,5.000,4.949,0,"student_top_inst/cpu_rst_sync_reg/C","student_top_inst/Core_cpu/u_core_top/store_q_reg[0][wdata][6]/R","setup"
471,-0.541,5.000,4.949,0,"student_top_inst/cpu_rst_sync_reg/C","student_top_inst/Core_cpu/u_core_top/store_q_reg[0][wdata][7]/R","setup"
472,-0.540,5.000,4.954,0,"student_top_inst/cpu_rst_sync_reg/C","student_top_inst/Core_cpu/u_core_top/u_regfile/regs_q_reg[4][0]/R","setup"
473,-0.540,5.000,4.954,0,"student_top_inst/cpu_rst_sync_reg/C","student_top_inst/Core_cpu/u_core_top/u_regfile/regs_q_reg[4][12]/R","setup"
474,-0.540,5.000,4.765,0,"student_top_inst/cpu_rst_sync_reg/C","student_top_inst/Core_cpu/u_core_top/scoreboard_q_reg[7][exception_cause][0]/R","setup"
475,-0.540,5.000,4.765,0,"student_top_inst/cpu_rst_sync_reg/C","student_top_inst/Core_cpu/u_core_top/scoreboard_q_reg[7][exception_tval][12]/R","setup"
476,-0.540,5.000,4.765,0,"student_top_inst/cpu_rst_sync_reg/C","student_top_inst/Core_cpu/u_core_top/scoreboard_q_reg[7][exception_tval][19]/R","setup"
477,-0.540,5.000,4.990,10,"student_top_inst/Core_cpu/u_core_top/scoreboard_q_reg[4][fu][0]/C","student_top_inst/Core_cpu/u_core_top/id_uop_q_reg[imm][11]/CE","setup"
478,-0.540,5.000,4.990,10,"student_top_inst/Core_cpu/u_core_top/scoreboard_q_reg[4][fu][0]/C","student_top_inst/Core_cpu/u_core_top/id_uop_q_reg[serialize]/CE","setup"
479,-0.539,5.000,5.392,7,"student_top_inst/Core_cpu/u_core_top/u_dcache/g_data_bank[3].u_data_bank/mem_q_reg_0/CLKBWRCLK","student_top_inst/Core_cpu/u_core_top/scoreboard_q_reg[7][csr_src][22]/D","setup"
480,-0.539,5.000,5.143,10,"student_top_inst/Core_cpu/u_core_top/load_head_q_reg[0]/C","student_top_inst/Core_cpu/u_core_top/u_dcache/lookup_addr_q_reg[11]/CE","setup"
481,-0.539,5.000,5.143,10,"student_top_inst/Core_cpu/u_core_top/load_head_q_reg[0]/C","student_top_inst/Core_cpu/u_core_top/u_dcache/lookup_store_data_q_reg[0]/CE","setup"
482,-0.538,5.000,4.786,0,"student_top_inst/cpu_rst_sync_reg/C","student_top_inst/Core_cpu/u_core_top/scoreboard_q_reg[5][exception_tval][10]/R","setup"
483,-0.538,5.000,4.786,0,"student_top_inst/cpu_rst_sync_reg/C","student_top_inst/Core_cpu/u_core_top/scoreboard_q_reg[5][exception_tval][21]/R","setup"
484,-0.538,5.000,4.786,0,"student_top_inst/cpu_rst_sync_reg/C","student_top_inst/Core_cpu/u_core_top/scoreboard_q_reg[5][exception_tval][24]/R","setup"
485,-0.538,5.000,4.786,0,"student_top_inst/cpu_rst_sync_reg/C","student_top_inst/Core_cpu/u_core_top/scoreboard_q_reg[5][exception_tval][4]/R","setup"
486,-0.538,5.000,4.969,0,"student_top_inst/cpu_rst_sync_reg/C","student_top_inst/Core_cpu/u_core_top/u_regfile/regs_q_reg[22][5]/R","setup"
487,-0.538,5.000,4.969,0,"student_top_inst/cpu_rst_sync_reg/C","student_top_inst/Core_cpu/u_core_top/u_regfile/regs_q_reg[22][6]/R","setup"
488,-0.538,5.000,4.952,0,"student_top_inst/cpu_rst_sync_reg/C","student_top_inst/Core_cpu/u_core_top/u_regfile/regs_q_reg[13][0]/R","setup"
489,-0.538,5.000,4.952,0,"student_top_inst/cpu_rst_sync_reg/C","student_top_inst/Core_cpu/u_core_top/u_regfile/regs_q_reg[13][12]/R","setup"
490,-0.538,5.000,5.149,10,"student_top_inst/Core_cpu/u_core_top/load_head_q_reg[0]/C","student_top_inst/Core_cpu/u_core_top/u_dcache/lookup_tag_q_reg[17]/CE","setup"
491,-0.537,5.000,4.972,0,"student_top_inst/cpu_rst_sync_reg/C","student_top_inst/Core_cpu/u_core_top/u_regfile/regs_q_reg[25][14]/R","setup"
492,-0.536,5.000,5.218,12,"student_top_inst/Core_cpu/u_core_top/scoreboard_q_reg[4][fu][0]/C","student_top_inst/Core_cpu/u_core_top/u_frontend/u_fetch_queue/head_q_reg[0]/D","setup"
493,-0.535,5.000,4.759,0,"student_top_inst/cpu_rst_sync_reg/C","student_top_inst/Core_cpu/u_core_top/u_muldiv/a_q_reg[16]/R","setup"
494,-0.535,5.000,4.759,0,"student_top_inst/cpu_rst_sync_reg/C","student_top_inst/Core_cpu/u_core_top/u_muldiv/a_q_reg[17]/R","setup"
495,-0.535,5.000,4.759,0,"student_top_inst/cpu_rst_sync_reg/C","student_top_inst/Core_cpu/u_core_top/u_muldiv/a_q_reg[18]/R","setup"
496,-0.535,5.000,4.759,0,"student_top_inst/cpu_rst_sync_reg/C","student_top_inst/Core_cpu/u_core_top/u_muldiv/a_q_reg[19]/R","setup"
497,-0.534,5.000,5.384,11,"student_top_inst/Core_cpu/u_core_top/load_head_q_reg[0]/C","student_top_inst/Core_cpu/u_core_top/u_dcache/tag_read_q_reg[11]/D","setup"
498,-0.533,5.000,4.930,0,"student_top_inst/cpu_rst_sync_reg/C","student_top_inst/Core_cpu/u_core_top/store_q_reg[1][wdata][20]/R","setup"
499,-0.533,5.000,5.015,12,"student_top_inst/Core_cpu/u_core_top/scoreboard_q_reg[4][fu][0]/C","student_top_inst/Core_cpu/u_core_top/scoreboard_q_reg[5][exception_cause][0]/CE","setup"
500,-0.533,5.000,5.015,12,"student_top_inst/Core_cpu/u_core_top/scoreboard_q_reg[4][fu][0]/C","student_top_inst/Core_cpu/u_core_top/scoreboard_q_reg[5][exception_tval][12]/CE","setup"
501,-0.533,5.000,5.215,12,"student_top_inst/Core_cpu/u_core_top/scoreboard_q_reg[4][fu][0]/C","student_top_inst/Core_cpu/u_core_top/u_frontend/u_fetch_queue/head_q_reg[1]/D","setup"
502,-0.533,5.000,5.138,10,"student_top_inst/Core_cpu/u_core_top/load_head_q_reg[0]/C","student_top_inst/Core_cpu/u_core_top/u_dcache/lookup_addr_q_reg[10]/CE","setup"
503,-0.533,5.000,5.138,10,"student_top_inst/Core_cpu/u_core_top/load_head_q_reg[0]/C","student_top_inst/Core_cpu/u_core_top/u_dcache/lookup_addr_q_reg[13]/CE","setup"
504,-0.533,5.000,5.138,10,"student_top_inst/Core_cpu/u_core_top/load_head_q_reg[0]/C","student_top_inst/Core_cpu/u_core_top/u_dcache/lookup_addr_q_reg[14]/CE","setup"
505,-0.533,5.000,5.138,10,"student_top_inst/Core_cpu/u_core_top/load_head_q_reg[0]/C","student_top_inst/Core_cpu/u_core_top/u_dcache/lookup_store_mask_q_reg[0]/CE","setup"
506,-0.533,5.000,5.138,10,"student_top_inst/Core_cpu/u_core_top/load_head_q_reg[0]/C","student_top_inst/Core_cpu/u_core_top/u_dcache/lookup_store_mask_q_reg[1]/CE","setup"
507,-0.533,5.000,5.138,10,"student_top_inst/Core_cpu/u_core_top/load_head_q_reg[0]/C","student_top_inst/Core_cpu/u_core_top/u_dcache/lookup_store_mask_q_reg[2]/CE","setup"
508,-0.533,5.000,4.965,0,"student_top_inst/cpu_rst_sync_reg/C","student_top_inst/Core_cpu/u_core_top/u_regfile/regs_q_reg[23][8]/R","setup"
509,-0.532,5.000,4.945,0,"student_top_inst/cpu_rst_sync_reg/C","student_top_inst/Core_cpu/u_core_top/u_regfile/regs_q_reg[22][4]/R","setup"
510,-0.530,5.000,4.938,0,"student_top_inst/cpu_rst_sync_reg/C","student_top_inst/Core_cpu/u_core_top/store_q_reg[2][wdata][18]/R","setup"
511,-0.530,5.000,5.211,12,"student_top_inst/Core_cpu/u_core_top/scoreboard_q_reg[4][fu][0]/C","student_top_inst/Core_cpu/u_core_top/u_frontend/u_fetch_queue/count_q_reg[0]/D","setup"
512,-0.530,5.000,5.554,10,"student_top_inst/Core_cpu/u_core_top/u_muldiv/b_q_reg[22]/C","student_top_inst/Core_cpu/u_core_top/exec_mem_addr_q_reg[20]/D","setup"
513,-0.530,5.000,5.554,10,"student_top_inst/Core_cpu/u_core_top/u_muldiv/b_q_reg[22]/C","student_top_inst/Core_cpu/u_core_top/exec_mem_addr_q_reg[22]/D","setup"
514,-0.529,5.000,4.998,10,"student_top_inst/Core_cpu/u_core_top/scoreboard_q_reg[4][fu][0]/C","student_top_inst/Core_cpu/u_core_top/id_uop_q_reg[pred_next_pc][18]/CE","setup"
515,-0.529,5.000,4.998,10,"student_top_inst/Core_cpu/u_core_top/scoreboard_q_reg[4][fu][0]/C","student_top_inst/Core_cpu/u_core_top/id_uop_q_reg[pred_next_pc][19]/CE","setup"
516,-0.529,5.000,4.998,10,"student_top_inst/Core_cpu/u_core_top/scoreboard_q_reg[4][fu][0]/C","student_top_inst/Core_cpu/u_core_top/id_uop_q_reg[pred_next_pc][20]/CE","setup"
517,-0.529,5.000,4.998,10,"student_top_inst/Core_cpu/u_core_top/scoreboard_q_reg[4][fu][0]/C","student_top_inst/Core_cpu/u_core_top/id_uop_q_reg[pred_next_pc][21]/CE","setup"
518,-0.529,5.000,4.998,10,"student_top_inst/Core_cpu/u_core_top/scoreboard_q_reg[4][fu][0]/C","student_top_inst/Core_cpu/u_core_top/id_uop_q_reg[pred_next_pc][22]/CE","setup"
519,-0.529,5.000,4.998,10,"student_top_inst/Core_cpu/u_core_top/scoreboard_q_reg[4][fu][0]/C","student_top_inst/Core_cpu/u_core_top/id_uop_q_reg[pred_next_pc][23]/CE","setup"
520,-0.529,5.000,5.381,7,"student_top_inst/Core_cpu/u_core_top/u_dcache/g_data_bank[3].u_data_bank/mem_q_reg_0/CLKBWRCLK","student_top_inst/Core_cpu/u_core_top/scoreboard_q_reg[6][csr_src][24]/D","setup"
521,-0.528,5.000,5.009,11,"student_top_inst/Core_cpu/u_core_top/scoreboard_q_reg[4][fu][0]/C","student_top_inst/Core_cpu/u_core_top/scoreboard_q_reg[0][exception_tval][0]/CE","setup"
522,-0.528,5.000,5.009,11,"student_top_inst/Core_cpu/u_core_top/scoreboard_q_reg[4][fu][0]/C","student_top_inst/Core_cpu/u_core_top/scoreboard_q_reg[0][exception_tval][21]/CE","setup"
523,-0.526,5.000,4.974,11,"student_top_inst/Core_cpu/u_core_top/scoreboard_q_reg[4][fu][0]/C","student_top_inst/Core_cpu/u_core_top/scoreboard_q_reg[6][csr_addr][3]/CE","setup"
524,-0.526,5.000,4.974,11,"student_top_inst/Core_cpu/u_core_top/scoreboard_q_reg[4][fu][0]/C","student_top_inst/Core_cpu/u_core_top/scoreboard_q_reg[6][csr_addr][4]/CE","setup"
525,-0.526,5.000,4.974,11,"student_top_inst/Core_cpu/u_core_top/scoreboard_q_reg[4][fu][0]/C","student_top_inst/Core_cpu/u_core_top/scoreboard_q_reg[6][csr_addr][5]/CE","setup"
526,-0.526,5.000,4.974,11,"student_top_inst/Core_cpu/u_core_top/scoreboard_q_reg[4][fu][0]/C","student_top_inst/Core_cpu/u_core_top/scoreboard_q_reg[6][csr_addr][9]/CE","setup"
527,-0.526,5.000,4.974,11,"student_top_inst/Core_cpu/u_core_top/scoreboard_q_reg[4][fu][0]/C","student_top_inst/Core_cpu/u_core_top/scoreboard_q_reg[6][link_addr][21]/CE","setup"
528,-0.526,5.000,4.974,11,"student_top_inst/Core_cpu/u_core_top/scoreboard_q_reg[4][fu][0]/C","student_top_inst/Core_cpu/u_core_top/scoreboard_q_reg[6][link_addr][25]/CE","setup"
529,-0.526,5.000,4.974,11,"student_top_inst/Core_cpu/u_core_top/scoreboard_q_reg[4][fu][0]/C","student_top_inst/Core_cpu/u_core_top/scoreboard_q_reg[6][pc][14]/CE","setup"
530,-0.526,5.000,4.983,11,"student_top_inst/Core_cpu/u_core_top/scoreboard_q_reg[4][fu][0]/C","student_top_inst/Core_cpu/u_core_top/scoreboard_q_reg[0][exception_tval][17]/CE","setup"
531,-0.526,5.000,4.983,11,"student_top_inst/Core_cpu/u_core_top/scoreboard_q_reg[4][fu][0]/C","student_top_inst/Core_cpu/u_core_top/scoreboard_q_reg[0][exception_tval][20]/CE","setup"
532,-0.526,5.000,4.983,11,"student_top_inst/Core_cpu/u_core_top/scoreboard_q_reg[4][fu][0]/C","student_top_inst/Core_cpu/u_core_top/scoreboard_q_reg[0][exception_tval][28]/CE","setup"
533,-0.526,5.000,4.983,11,"student_top_inst/Core_cpu/u_core_top/scoreboard_q_reg[4][fu][0]/C","student_top_inst/Core_cpu/u_core_top/scoreboard_q_reg[0][exception_tval][2]/CE","setup"
534,-0.525,5.000,4.932,0,"student_top_inst/cpu_rst_sync_reg/C","student_top_inst/Core_cpu/u_core_top/store_q_reg[2][wdata][22]/R","setup"
535,-0.525,5.000,4.932,0,"student_top_inst/cpu_rst_sync_reg/C","student_top_inst/Core_cpu/u_core_top/store_q_reg[2][wdata][7]/R","setup"
536,-0.524,5.000,4.937,0,"student_top_inst/cpu_rst_sync_reg/C","student_top_inst/Core_cpu/u_core_top/u_regfile/regs_q_reg[28][0]/R","setup"
537,-0.524,5.000,5.199,7,"student_top_inst/Core_cpu/u_core_top/commit_ptr_q_reg[2]_rep/C","student_top_inst/Core_cpu/u_core_top/u_csr/mstatus_q_reg[21]/D","setup"
538,-0.523,5.000,5.114,12,"student_top_inst/Core_cpu/u_core_top/scoreboard_q_reg[4][fu][0]/C","student_top_inst/Core_cpu/u_core_top/scoreboard_q_reg[7][csr_src][17]/R","setup"
539,-0.523,5.000,5.114,12,"student_top_inst/Core_cpu/u_core_top/scoreboard_q_reg[4][fu][0]/C","student_top_inst/Core_cpu/u_core_top/scoreboard_q_reg[7][csr_src][8]/R","setup"
540,-0.523,5.000,4.928,0,"student_top_inst/cpu_rst_sync_reg/C","student_top_inst/Core_cpu/u_core_top/store_q_reg[0][wdata][29]/R","setup"
541,-0.523,5.000,5.112,12,"student_top_inst/Core_cpu/u_core_top/scoreboard_q_reg[4][fu][0]/C","student_top_inst/Core_cpu/u_core_top/scoreboard_q_reg[4][csr_src][9]/R","setup"
542,-0.523,5.000,4.958,0,"student_top_inst/cpu_rst_sync_reg/C","student_top_inst/Core_cpu/u_core_top/u_regfile/regs_q_reg[3][14]/R","setup"
543,-0.522,5.000,5.150,13,"student_top_inst/Core_cpu/u_core_top/scoreboard_q_reg[4][fu][0]/C","student_top_inst/Core_cpu/u_core_top/load_q_reg[0][forward_data][27]/CE","setup"
544,-0.522,5.000,5.150,13,"student_top_inst/Core_cpu/u_core_top/scoreboard_q_reg[4][fu][0]/C","student_top_inst/Core_cpu/u_core_top/load_q_reg[0][forward_data][28]/CE","setup"
545,-0.522,5.000,5.150,13,"student_top_inst/Core_cpu/u_core_top/scoreboard_q_reg[4][fu][0]/C","student_top_inst/Core_cpu/u_core_top/load_q_reg[0][forward_data][31]/CE","setup"
546,-0.521,5.000,5.385,7,"student_top_inst/Core_cpu/u_core_top/u_dcache/g_data_bank[3].u_data_bank/mem_q_reg_0/CLKBWRCLK","student_top_inst/Core_cpu/u_core_top/scoreboard_q_reg[1][csr_src][29]/D","setup"
547,-0.520,5.000,5.392,7,"student_top_inst/Core_cpu/u_core_top/u_dcache/g_data_bank[3].u_data_bank/mem_q_reg_0/CLKBWRCLK","student_top_inst/Core_cpu/u_core_top/scoreboard_q_reg[5][result][24]/D","setup"
548,-0.519,5.000,4.916,0,"student_top_inst/cpu_rst_sync_reg/C","student_top_inst/Core_cpu/u_core_top/store_q_reg[0][wstrb][2]/R","setup"
549,-0.519,5.000,4.916,0,"student_top_inst/cpu_rst_sync_reg/C","student_top_inst/Core_cpu/u_core_top/store_q_reg[0][wstrb][3]/R","setup"
550,-0.519,5.000,4.913,0,"student_top_inst/cpu_rst_sync_reg/C","student_top_inst/Core_cpu/u_core_top/store_q_reg[3][addr][25]/R","setup"
551,-0.518,5.000,4.743,0,"student_top_inst/cpu_rst_sync_reg/C","student_top_inst/Core_cpu/u_core_top/scoreboard_q_reg[2][exception_tval][10]/R","setup"
552,-0.518,5.000,4.743,0,"student_top_inst/cpu_rst_sync_reg/C","student_top_inst/Core_cpu/u_core_top/scoreboard_q_reg[2][exception_tval][11]/R","setup"
553,-0.518,5.000,4.743,0,"student_top_inst/cpu_rst_sync_reg/C","student_top_inst/Core_cpu/u_core_top/scoreboard_q_reg[2][exception_tval][24]/R","setup"
554,-0.518,5.000,4.743,0,"student_top_inst/cpu_rst_sync_reg/C","student_top_inst/Core_cpu/u_core_top/scoreboard_q_reg[2][exception_tval][25]/R","setup"
555,-0.518,5.000,4.949,0,"student_top_inst/cpu_rst_sync_reg/C","student_top_inst/Core_cpu/u_core_top/store_q_reg[0][wdata][19]/R","setup"
556,-0.517,5.000,4.924,0,"student_top_inst/cpu_rst_sync_reg/C","student_top_inst/Core_cpu/u_core_top/u_regfile/regs_q_reg[2][14]/R","setup"
557,-0.517,5.000,4.924,0,"student_top_inst/cpu_rst_sync_reg/C","student_top_inst/Core_cpu/u_core_top/u_regfile/regs_q_reg[2][5]/R","setup"
558,-0.517,5.000,4.924,0,"student_top_inst/cpu_rst_sync_reg/C","student_top_inst/Core_cpu/u_core_top/u_regfile/regs_q_reg[2][6]/R","setup"
559,-0.517,5.000,4.765,0,"student_top_inst/cpu_rst_sync_reg/C","student_top_inst/Core_cpu/u_core_top/scoreboard_q_reg[7][exception_cause][2]/R","setup"
560,-0.517,5.000,4.765,0,"student_top_inst/cpu_rst_sync_reg/C","student_top_inst/Core_cpu/u_core_top/scoreboard_q_reg[7][exception_cause][3]/R","setup"
561,-0.517,5.000,4.765,0,"student_top_inst/cpu_rst_sync_reg/C","student_top_inst/Core_cpu/u_core_top/scoreboard_q_reg[7][exception_tval][13]/R","setup"
562,-0.517,5.000,4.765,0,"student_top_inst/cpu_rst_sync_reg/C","student_top_inst/Core_cpu/u_core_top/scoreboard_q_reg[7][exception_tval][31]/R","setup"
563,-0.517,5.000,4.914,0,"student_top_inst/cpu_rst_sync_reg/C","student_top_inst/Core_cpu/u_core_top/store_q_reg[1][wstrb][2]/R","setup"
564,-0.517,5.000,4.914,0,"student_top_inst/cpu_rst_sync_reg/C","student_top_inst/Core_cpu/u_core_top/store_q_reg[1][wstrb][3]/R","setup"
565,-0.517,5.000,4.980,11,"student_top_inst/Core_cpu/u_core_top/scoreboard_q_reg[4][fu][0]/C","student_top_inst/Core_cpu/u_core_top/exec_q_reg[uop][imm][13]/CE","setup"
566,-0.517,5.000,4.980,11,"student_top_inst/Core_cpu/u_core_top/scoreboard_q_reg[4][fu][0]/C","student_top_inst/Core_cpu/u_core_top/exec_q_reg[uop][imm][17]/CE","setup"
567,-0.517,5.000,4.980,11,"student_top_inst/Core_cpu/u_core_top/scoreboard_q_reg[4][fu][0]/C","student_top_inst/Core_cpu/u_core_top/exec_q_reg[uop][imm][19]/CE","setup"
568,-0.517,5.000,4.980,11,"student_top_inst/Core_cpu/u_core_top/scoreboard_q_reg[4][fu][0]/C","student_top_inst/Core_cpu/u_core_top/exec_q_reg[uop][imm][24]/CE","setup"
569,-0.516,5.000,5.228,8,"student_top_inst/Core_cpu/u_core_top/id_uop_q_reg[rs1][1]/C","student_top_inst/Core_cpu/u_core_top/scoreboard_q_reg[0][csr_src][17]/R","setup"
570,-0.516,5.000,5.228,8,"student_top_inst/Core_cpu/u_core_top/id_uop_q_reg[rs1][1]/C","student_top_inst/Core_cpu/u_core_top/scoreboard_q_reg[0][csr_src][22]/R","setup"
571,-0.516,5.000,5.228,8,"student_top_inst/Core_cpu/u_core_top/id_uop_q_reg[rs1][1]/C","student_top_inst/Core_cpu/u_core_top/scoreboard_q_reg[0][csr_src][26]/R","setup"
572,-0.516,5.000,5.228,8,"student_top_inst/Core_cpu/u_core_top/id_uop_q_reg[rs1][1]/C","student_top_inst/Core_cpu/u_core_top/scoreboard_q_reg[0][csr_src][28]/R","setup"
573,-0.516,5.000,5.228,8,"student_top_inst/Core_cpu/u_core_top/id_uop_q_reg[rs1][1]/C","student_top_inst/Core_cpu/u_core_top/scoreboard_q_reg[0][csr_src][31]/R","setup"
574,-0.516,5.000,5.228,8,"student_top_inst/Core_cpu/u_core_top/id_uop_q_reg[rs1][1]/C","student_top_inst/Core_cpu/u_core_top/scoreboard_q_reg[0][csr_src][7]/R","setup"
575,-0.516,5.000,5.282,0,"student_top_inst/mem_bridge/dram_adapter/read_valid_d1_reg/C","student_top_inst/mem_bridge/dram_adapter/dram/U0/inst_blk_mem_gen/gnbram.gnativebmg.native_blk_mem_gen/valid.cstr/ramloop[27].ram.r/prim_init.ram/DEVICE_7SERIES.NO_BMM_INFO.SP.SIMPLE_PRIM36.ram/REGCEAREGCE","setup"
576,-0.515,5.000,4.966,11,"student_top_inst/Core_cpu/u_core_top/scoreboard_q_reg[4][fu][0]/C","student_top_inst/Core_cpu/u_core_top/scoreboard_q_reg[6][link_addr][8]/CE","setup"
577,-0.515,5.000,4.966,11,"student_top_inst/Core_cpu/u_core_top/scoreboard_q_reg[4][fu][0]/C","student_top_inst/Core_cpu/u_core_top/scoreboard_q_reg[6][pc][1]/CE","setup"
578,-0.514,5.000,4.909,0,"student_top_inst/cpu_rst_sync_reg/C","student_top_inst/Core_cpu/u_core_top/store_q_reg[1][addr][21]/R","setup"
579,-0.514,5.000,4.909,0,"student_top_inst/cpu_rst_sync_reg/C","student_top_inst/Core_cpu/u_core_top/store_q_reg[1][addr][31]/R","setup"
580,-0.514,5.000,5.379,7,"student_top_inst/Core_cpu/u_core_top/u_dcache/g_data_bank[3].u_data_bank/mem_q_reg_0/CLKBWRCLK","student_top_inst/Core_cpu/u_core_top/scoreboard_q_reg[7][csr_src][21]/D","setup"
581,-0.514,5.000,4.773,0,"student_top_inst/cpu_rst_sync_reg/C","student_top_inst/Core_cpu/u_core_top/u_regfile/regs_q_reg[5][17]/R","setup"
582,-0.514,5.000,4.921,0,"student_top_inst/cpu_rst_sync_reg/C","student_top_inst/Core_cpu/u_core_top/u_regfile/regs_q_reg[2][8]/R","setup"
583,-0.512,5.000,4.907,0,"student_top_inst/cpu_rst_sync_reg/C","student_top_inst/Core_cpu/u_core_top/store_q_reg[0][addr][21]/R","setup"
584,-0.512,5.000,4.907,0,"student_top_inst/cpu_rst_sync_reg/C","student_top_inst/Core_cpu/u_core_top/store_q_reg[0][addr][26]/R","setup"
585,-0.512,5.000,4.907,0,"student_top_inst/cpu_rst_sync_reg/C","student_top_inst/Core_cpu/u_core_top/store_q_reg[0][addr][29]/R","setup"
586,-0.512,5.000,4.907,0,"student_top_inst/cpu_rst_sync_reg/C","student_top_inst/Core_cpu/u_core_top/store_q_reg[0][addr][31]/R","setup"
587,-0.512,5.000,4.907,0,"student_top_inst/cpu_rst_sync_reg/C","student_top_inst/Core_cpu/u_core_top/store_q_reg[1][addr][29]/R","setup"
588,-0.512,5.000,4.754,0,"student_top_inst/cpu_rst_sync_reg/C","student_top_inst/Core_cpu/u_core_top/u_regfile/regs_q_reg[15][30]/R","setup"
589,-0.512,5.000,4.924,0,"student_top_inst/cpu_rst_sync_reg/C","student_top_inst/Core_cpu/u_core_top/u_regfile/regs_q_reg[11][0]/R","setup"
590,-0.512,5.000,4.924,0,"student_top_inst/cpu_rst_sync_reg/C","student_top_inst/Core_cpu/u_core_top/u_regfile/regs_q_reg[11][9]/R","setup"
591,-0.511,5.000,4.968,12,"student_top_inst/Core_cpu/u_core_top/scoreboard_q_reg[4][fu][0]/C","student_top_inst/Core_cpu/u_core_top/scoreboard_q_reg[5][exception_tval][0]/CE","setup"
592,-0.511,5.000,4.968,12,"student_top_inst/Core_cpu/u_core_top/scoreboard_q_reg[4][fu][0]/C","student_top_inst/Core_cpu/u_core_top/scoreboard_q_reg[5][exception_tval][11]/CE","setup"
593,-0.511,5.000,4.958,10,"student_top_inst/Core_cpu/u_core_top/scoreboard_q_reg[4][fu][0]/C","student_top_inst/Core_cpu/u_core_top/id_uop_q_reg[exception_cause][1]/CE","setup"
594,-0.511,5.000,4.958,10,"student_top_inst/Core_cpu/u_core_top/scoreboard_q_reg[4][fu][0]/C","student_top_inst/Core_cpu/u_core_top/id_uop_q_reg[exception_tval][19]/CE","setup"
595,-0.511,5.000,4.958,10,"student_top_inst/Core_cpu/u_core_top/scoreboard_q_reg[4][fu][0]/C","student_top_inst/Core_cpu/u_core_top/id_uop_q_reg[exception_tval][4]/CE","setup"
596,-0.511,5.000,4.958,10,"student_top_inst/Core_cpu/u_core_top/scoreboard_q_reg[4][fu][0]/C","student_top_inst/Core_cpu/u_core_top/id_uop_q_reg[exception_tval][5]/CE","setup"
597,-0.511,5.000,4.958,10,"student_top_inst/Core_cpu/u_core_top/scoreboard_q_reg[4][fu][0]/C","student_top_inst/Core_cpu/u_core_top/id_uop_q_reg[exception_tval][6]/CE","setup"
598,-0.511,5.000,4.958,10,"student_top_inst/Core_cpu/u_core_top/scoreboard_q_reg[4][fu][0]/C","student_top_inst/Core_cpu/u_core_top/id_uop_q_reg[imm][21]/CE","setup"
599,-0.511,5.000,4.958,10,"student_top_inst/Core_cpu/u_core_top/scoreboard_q_reg[4][fu][0]/C","student_top_inst/Core_cpu/u_core_top/id_uop_q_reg[imm][22]/CE","setup"
600,-0.511,5.000,4.958,10,"student_top_inst/Core_cpu/u_core_top/scoreboard_q_reg[4][fu][0]/C","student_top_inst/Core_cpu/u_core_top/id_uop_q_reg[imm][23]/CE","setup"
601,-0.511,5.000,4.958,10,"student_top_inst/Core_cpu/u_core_top/scoreboard_q_reg[4][fu][0]/C","student_top_inst/Core_cpu/u_core_top/id_uop_q_reg[imm][24]/CE","setup"
602,-0.511,5.000,4.958,10,"student_top_inst/Core_cpu/u_core_top/scoreboard_q_reg[4][fu][0]/C","student_top_inst/Core_cpu/u_core_top/id_uop_q_reg[imm][25]/CE","setup"
603,-0.511,5.000,4.958,10,"student_top_inst/Core_cpu/u_core_top/scoreboard_q_reg[4][fu][0]/C","student_top_inst/Core_cpu/u_core_top/id_uop_q_reg[imm][26]/CE","setup"
604,-0.511,5.000,4.958,10,"student_top_inst/Core_cpu/u_core_top/scoreboard_q_reg[4][fu][0]/C","student_top_inst/Core_cpu/u_core_top/id_uop_q_reg[rs2]_rep[1]/CE","setup"
605,-0.511,5.000,4.958,10,"student_top_inst/Core_cpu/u_core_top/scoreboard_q_reg[4][fu][0]/C","student_top_inst/Core_cpu/u_core_top/id_uop_q_reg[rs2]_rep[2]/CE","setup"
606,-0.511,5.000,4.958,10,"student_top_inst/Core_cpu/u_core_top/scoreboard_q_reg[4][fu][0]/C","student_top_inst/Core_cpu/u_core_top/id_uop_q_reg[uses_rs2]/CE","setup"
607,-0.511,5.000,4.958,10,"student_top_inst/Core_cpu/u_core_top/scoreboard_q_reg[4][fu][0]/C","student_top_inst/Core_cpu/u_core_top/id_uop_q_reg[writes_rd]/CE","setup"
608,-0.511,5.000,5.040,10,"student_top_inst/Core_cpu/u_core_top/scoreboard_q_reg[4][fu][0]/C","student_top_inst/Core_cpu/u_core_top/scoreboard_q_reg[4][result][12]/R","setup"
609,-0.511,5.000,5.040,10,"student_top_inst/Core_cpu/u_core_top/scoreboard_q_reg[4][fu][0]/C","student_top_inst/Core_cpu/u_core_top/scoreboard_q_reg[4][result][14]/R","setup"
610,-0.511,5.000,5.040,10,"student_top_inst/Core_cpu/u_core_top/scoreboard_q_reg[4][fu][0]/C","student_top_inst/Core_cpu/u_core_top/scoreboard_q_reg[4][result][4]/R","setup"
611,-0.511,5.000,5.040,10,"student_top_inst/Core_cpu/u_core_top/scoreboard_q_reg[4][fu][0]/C","student_top_inst/Core_cpu/u_core_top/scoreboard_q_reg[4][result][9]/R","setup"
612,-0.511,5.000,4.923,0,"student_top_inst/cpu_rst_sync_reg/C","student_top_inst/Core_cpu/u_core_top/u_regfile/regs_q_reg[22][9]/R","setup"
613,-0.511,5.000,5.041,10,"student_top_inst/Core_cpu/u_core_top/scoreboard_q_reg[4][fu][0]/C","student_top_inst/Core_cpu/u_core_top/scoreboard_q_reg[1][result][11]/R","setup"
614,-0.511,5.000,5.041,10,"student_top_inst/Core_cpu/u_core_top/scoreboard_q_reg[4][fu][0]/C","student_top_inst/Core_cpu/u_core_top/scoreboard_q_reg[1][result][12]/R","setup"
615,-0.511,5.000,5.041,10,"student_top_inst/Core_cpu/u_core_top/scoreboard_q_reg[4][fu][0]/C","student_top_inst/Core_cpu/u_core_top/scoreboard_q_reg[1][result][13]/R","setup"
616,-0.511,5.000,5.041,10,"student_top_inst/Core_cpu/u_core_top/scoreboard_q_reg[4][fu][0]/C","student_top_inst/Core_cpu/u_core_top/scoreboard_q_reg[1][result][4]/R","setup"
617,-0.510,5.000,4.930,0,"student_top_inst/cpu_rst_sync_reg/C","student_top_inst/Core_cpu/u_core_top/store_q_reg[1][wstrb][0]/R","setup"
618,-0.510,5.000,4.958,11,"student_top_inst/Core_cpu/u_core_top/scoreboard_q_reg[4][fu][0]/C","student_top_inst/Core_cpu/u_core_top/scoreboard_q_reg[6][csr_addr][6]/CE","setup"
619,-0.510,5.000,4.958,11,"student_top_inst/Core_cpu/u_core_top/scoreboard_q_reg[4][fu][0]/C","student_top_inst/Core_cpu/u_core_top/scoreboard_q_reg[6][pc][18]/CE","setup"
620,-0.510,5.000,4.958,11,"student_top_inst/Core_cpu/u_core_top/scoreboard_q_reg[4][fu][0]/C","student_top_inst/Core_cpu/u_core_top/scoreboard_q_reg[6][pc][19]/CE","setup"
621,-0.510,5.000,4.958,11,"student_top_inst/Core_cpu/u_core_top/scoreboard_q_reg[4][fu][0]/C","student_top_inst/Core_cpu/u_core_top/scoreboard_q_reg[6][pc][22]/CE","setup"
622,-0.510,5.000,4.958,11,"student_top_inst/Core_cpu/u_core_top/scoreboard_q_reg[4][fu][0]/C","student_top_inst/Core_cpu/u_core_top/scoreboard_q_reg[6][pc][28]/CE","setup"
623,-0.509,5.000,5.380,7,"student_top_inst/Core_cpu/u_core_top/u_dcache/g_data_bank[1].u_data_bank/mem_q_reg_1/CLKBWRCLK","student_top_inst/Core_cpu/u_core_top/exec_q_reg[op2][29]/D","setup"
624,-0.509,5.000,4.945,0,"student_top_inst/cpu_rst_sync_reg/C","student_top_inst/Core_cpu/u_core_top/u_regfile/regs_q_reg[30][4]/R","setup"
625,-0.509,5.000,5.129,6,"student_top_inst/Core_cpu/u_core_top/commit_ptr_q_reg[2]_rep/C","student_top_inst/Core_cpu/u_core_top/u_csr/mscratch_q_reg[21]/D","setup"
626,-0.509,5.000,5.216,7,"student_top_inst/Core_cpu/u_core_top/commit_ptr_q_reg[2]_rep/C","student_top_inst/Core_cpu/u_core_top/u_csr/mstatus_q_reg[28]/D","setup"
627,-0.509,5.000,4.979,11,"student_top_inst/Core_cpu/u_core_top/scoreboard_q_reg[4][fu][0]/C","student_top_inst/Core_cpu/u_core_top/scoreboard_q_reg[6][csr_addr][11]/CE","setup"
628,-0.509,5.000,4.979,11,"student_top_inst/Core_cpu/u_core_top/scoreboard_q_reg[4][fu][0]/C","student_top_inst/Core_cpu/u_core_top/scoreboard_q_reg[6][csr_addr][2]/CE","setup"
629,-0.509,5.000,4.979,11,"student_top_inst/Core_cpu/u_core_top/scoreboard_q_reg[4][fu][0]/C","student_top_inst/Core_cpu/u_core_top/scoreboard_q_reg[6][csr_addr][7]/CE","setup"
630,-0.509,5.000,4.979,11,"student_top_inst/Core_cpu/u_core_top/scoreboard_q_reg[4][fu][0]/C","student_top_inst/Core_cpu/u_core_top/scoreboard_q_reg[6][csr_addr][8]/CE","setup"
631,-0.509,5.000,4.979,11,"student_top_inst/Core_cpu/u_core_top/scoreboard_q_reg[4][fu][0]/C","student_top_inst/Core_cpu/u_core_top/scoreboard_q_reg[6][link_addr][23]/CE","setup"
632,-0.509,5.000,4.979,11,"student_top_inst/Core_cpu/u_core_top/scoreboard_q_reg[4][fu][0]/C","student_top_inst/Core_cpu/u_core_top/scoreboard_q_reg[6][link_addr][26]/CE","setup"
633,-0.509,5.000,4.979,11,"student_top_inst/Core_cpu/u_core_top/scoreboard_q_reg[4][fu][0]/C","student_top_inst/Core_cpu/u_core_top/scoreboard_q_reg[6][link_addr][30]/CE","setup"
634,-0.509,5.000,5.239,7,"student_top_inst/Core_cpu/u_core_top/commit_ptr_q_reg[2]_rep/C","student_top_inst/Core_cpu/u_core_top/u_csr/mepc_q_reg[26]/D","setup"
635,-0.507,5.000,4.938,0,"student_top_inst/cpu_rst_sync_reg/C","student_top_inst/Core_cpu/u_core_top/store_q_reg[1][wdata][18]/R","setup"
636,-0.507,5.000,4.938,0,"student_top_inst/cpu_rst_sync_reg/C","student_top_inst/Core_cpu/u_core_top/store_q_reg[1][wdata][7]/R","setup"
637,-0.507,5.000,5.351,7,"student_top_inst/Core_cpu/u_core_top/u_dcache/g_data_bank[3].u_data_bank/mem_q_reg_0/CLKBWRCLK","student_top_inst/Core_cpu/u_core_top/scoreboard_q_reg[6][result][24]/D","setup"
638,-0.507,5.000,4.968,11,"student_top_inst/Core_cpu/u_core_top/scoreboard_q_reg[4][fu][0]/C","student_top_inst/Core_cpu/u_core_top/scoreboard_q_reg[1][exception_tval][23]/CE","setup"
639,-0.507,5.000,4.968,11,"student_top_inst/Core_cpu/u_core_top/scoreboard_q_reg[4][fu][0]/C","student_top_inst/Core_cpu/u_core_top/scoreboard_q_reg[1][exception_tval][4]/CE","setup"
640,-0.507,5.000,4.968,11,"student_top_inst/Core_cpu/u_core_top/scoreboard_q_reg[4][fu][0]/C","student_top_inst/Core_cpu/u_core_top/scoreboard_q_reg[1][exception_tval][8]/CE","setup"
641,-0.507,5.000,4.966,11,"student_top_inst/Core_cpu/u_core_top/scoreboard_q_reg[4][fu][0]/C","student_top_inst/Core_cpu/u_core_top/scoreboard_q_reg[1][exception_tval][0]/CE","setup"
642,-0.507,5.000,4.966,11,"student_top_inst/Core_cpu/u_core_top/scoreboard_q_reg[4][fu][0]/C","student_top_inst/Core_cpu/u_core_top/scoreboard_q_reg[1][exception_tval][5]/CE","setup"
643,-0.506,5.000,4.977,10,"student_top_inst/Core_cpu/u_core_top/scoreboard_q_reg[4][fu][0]/C","student_top_inst/Core_cpu/u_core_top/id_uop_q_reg[exception_tval][0]/CE","setup"
644,-0.506,5.000,4.977,10,"student_top_inst/Core_cpu/u_core_top/scoreboard_q_reg[4][fu][0]/C","student_top_inst/Core_cpu/u_core_top/id_uop_q_reg[exception_tval][7]/CE","setup"
645,-0.506,5.000,4.977,10,"student_top_inst/Core_cpu/u_core_top/scoreboard_q_reg[4][fu][0]/C","student_top_inst/Core_cpu/u_core_top/id_uop_q_reg[imm][15]/CE","setup"
646,-0.506,5.000,4.977,10,"student_top_inst/Core_cpu/u_core_top/scoreboard_q_reg[4][fu][0]/C","student_top_inst/Core_cpu/u_core_top/id_uop_q_reg[imm][17]/CE","setup"
647,-0.506,5.000,4.977,10,"student_top_inst/Core_cpu/u_core_top/scoreboard_q_reg[4][fu][0]/C","student_top_inst/Core_cpu/u_core_top/id_uop_q_reg[imm][1]/CE","setup"
648,-0.506,5.000,4.977,10,"student_top_inst/Core_cpu/u_core_top/scoreboard_q_reg[4][fu][0]/C","student_top_inst/Core_cpu/u_core_top/id_uop_q_reg[imm][6]/CE","setup"
649,-0.505,5.000,5.538,16,"student_top_inst/Core_cpu/u_core_top/exec_q_reg[uop][imm][1]/C","student_top_inst/Core_cpu/u_core_top/exec_mem_addr_q_reg[17]/D","setup"
650,-0.505,5.000,4.964,11,"student_top_inst/Core_cpu/u_core_top/scoreboard_q_reg[4][fu][0]/C","student_top_inst/Core_cpu/u_core_top/scoreboard_q_reg[1][exception_tval][10]/CE","setup"
651,-0.504,5.000,4.953,10,"student_top_inst/Core_cpu/u_core_top/scoreboard_q_reg[4][fu][0]/C","student_top_inst/Core_cpu/u_core_top/id_uop_q_reg[exception_cause][0]/CE","setup"
652,-0.504,5.000,4.953,10,"student_top_inst/Core_cpu/u_core_top/scoreboard_q_reg[4][fu][0]/C","student_top_inst/Core_cpu/u_core_top/id_uop_q_reg[exception_cause][3]/CE","setup"
653,-0.504,5.000,4.953,10,"student_top_inst/Core_cpu/u_core_top/scoreboard_q_reg[4][fu][0]/C","student_top_inst/Core_cpu/u_core_top/id_uop_q_reg[exception_tval][1]/CE","setup"
654,-0.504,5.000,4.964,11,"student_top_inst/Core_cpu/u_core_top/scoreboard_q_reg[4][fu][0]/C","student_top_inst/Core_cpu/u_core_top/scoreboard_q_reg[1][exception_tval][11]/CE","setup"
655,-0.504,5.000,5.364,6,"student_top_inst/Core_cpu/u_core_top/u_dcache/g_data_bank[1].u_data_bank/mem_q_reg_1/CLKBWRCLK","student_top_inst/Core_cpu/u_core_top/scoreboard_q_reg[1][csr_src][28]/D","setup"
656,-0.502,5.000,4.932,0,"student_top_inst/cpu_rst_sync_reg/C","student_top_inst/Core_cpu/u_core_top/store_q_reg[1][wdata][16]/R","setup"
657,-0.502,5.000,4.932,0,"student_top_inst/cpu_rst_sync_reg/C","student_top_inst/Core_cpu/u_core_top/store_q_reg[1][wdata][19]/R","setup"
658,-0.502,5.000,4.932,0,"student_top_inst/cpu_rst_sync_reg/C","student_top_inst/Core_cpu/u_core_top/store_q_reg[1][wdata][22]/R","setup"
659,-0.501,5.000,4.937,0,"student_top_inst/cpu_rst_sync_reg/C","student_top_inst/Core_cpu/u_core_top/u_regfile/regs_q_reg[24][0]/R","setup"
660,-0.501,5.000,4.958,12,"student_top_inst/Core_cpu/u_core_top/scoreboard_q_reg[4][fu][0]/C","student_top_inst/Core_cpu/u_core_top/scoreboard_q_reg[5][exception_tval][17]/CE","setup"
661,-0.501,5.000,4.958,12,"student_top_inst/Core_cpu/u_core_top/scoreboard_q_reg[4][fu][0]/C","student_top_inst/Core_cpu/u_core_top/scoreboard_q_reg[5][exception_tval][2]/CE","setup"
662,-0.501,5.000,4.958,12,"student_top_inst/Core_cpu/u_core_top/scoreboard_q_reg[4][fu][0]/C","student_top_inst/Core_cpu/u_core_top/scoreboard_q_reg[5][exception_tval][30]/CE","setup"
663,-0.501,5.000,4.958,12,"student_top_inst/Core_cpu/u_core_top/scoreboard_q_reg[4][fu][0]/C","student_top_inst/Core_cpu/u_core_top/scoreboard_q_reg[5][exception_valid]/CE","setup"
664,-0.501,5.000,5.364,7,"student_top_inst/Core_cpu/u_core_top/u_dcache/g_data_bank[3].u_data_bank/mem_q_reg_0/CLKBWRCLK","student_top_inst/Core_cpu/u_core_top/scoreboard_q_reg[3][csr_src][25]/D","setup"
665,-0.501,5.000,4.960,11,"student_top_inst/Core_cpu/u_core_top/scoreboard_q_reg[4][fu][0]/C","student_top_inst/Core_cpu/u_core_top/scoreboard_q_reg[1][exception_tval][20]/CE","setup"
666,-0.501,5.000,4.960,11,"student_top_inst/Core_cpu/u_core_top/scoreboard_q_reg[4][fu][0]/C","student_top_inst/Core_cpu/u_core_top/scoreboard_q_reg[1][exception_tval][22]/CE","setup"
667,-0.501,5.000,4.960,11,"student_top_inst/Core_cpu/u_core_top/scoreboard_q_reg[4][fu][0]/C","student_top_inst/Core_cpu/u_core_top/scoreboard_q_reg[1][exception_tval][24]/CE","setup"
668,-0.501,5.000,4.960,11,"student_top_inst/Core_cpu/u_core_top/scoreboard_q_reg[4][fu][0]/C","student_top_inst/Core_cpu/u_core_top/scoreboard_q_reg[1][exception_tval][3]/CE","setup"
669,-0.500,5.000,4.928,0,"student_top_inst/cpu_rst_sync_reg/C","student_top_inst/Core_cpu/u_core_top/u_regfile/regs_q_reg[30][5]/R","setup"
670,-0.500,5.000,5.028,10,"student_top_inst/Core_cpu/u_core_top/scoreboard_q_reg[4][fu][0]/C","student_top_inst/Core_cpu/u_core_top/scoreboard_q_reg[1][result][5]/R","setup"
671,-0.500,5.000,5.028,10,"student_top_inst/Core_cpu/u_core_top/scoreboard_q_reg[4][fu][0]/C","student_top_inst/Core_cpu/u_core_top/scoreboard_q_reg[1][result][6]/R","setup"
672,-0.499,5.000,4.959,12,"student_top_inst/Core_cpu/u_core_top/scoreboard_q_reg[4][fu][0]/C","student_top_inst/Core_cpu/u_core_top/scoreboard_q_reg[5][exception_tval][18]/CE","setup"
673,-0.499,5.000,4.959,12,"student_top_inst/Core_cpu/u_core_top/scoreboard_q_reg[4][fu][0]/C","student_top_inst/Core_cpu/u_core_top/scoreboard_q_reg[5][exception_tval][20]/CE","setup"
674,-0.499,5.000,4.959,12,"student_top_inst/Core_cpu/u_core_top/scoreboard_q_reg[4][fu][0]/C","student_top_inst/Core_cpu/u_core_top/scoreboard_q_reg[5][exception_tval][26]/CE","setup"
675,-0.499,5.000,4.959,12,"student_top_inst/Core_cpu/u_core_top/scoreboard_q_reg[4][fu][0]/C","student_top_inst/Core_cpu/u_core_top/scoreboard_q_reg[5][exception_tval][29]/CE","setup"
676,-0.499,5.000,5.052,10,"student_top_inst/Core_cpu/u_core_top/scoreboard_q_reg[4][fu][0]/C","student_top_inst/Core_cpu/u_core_top/scoreboard_q_reg[4][result][1]/R","setup"
677,-0.499,5.000,5.052,10,"student_top_inst/Core_cpu/u_core_top/scoreboard_q_reg[4][fu][0]/C","student_top_inst/Core_cpu/u_core_top/scoreboard_q_reg[4][result][2]/R","setup"
678,-0.499,5.000,5.052,10,"student_top_inst/Core_cpu/u_core_top/scoreboard_q_reg[4][fu][0]/C","student_top_inst/Core_cpu/u_core_top/scoreboard_q_reg[4][result][3]/R","setup"
679,-0.498,5.000,4.908,0,"student_top_inst/cpu_rst_sync_reg/C","student_top_inst/Core_cpu/u_core_top/u_regfile/regs_q_reg[7][4]/R","setup"
680,-0.498,5.000,5.453,8,"student_top_inst/Core_cpu/u_core_top/u_muldiv/b_q_reg[22]/C","student_top_inst/Core_cpu/u_core_top/scoreboard_q_reg[4][csr_src][1]/D","setup"
681,-0.497,5.000,5.086,12,"student_top_inst/Core_cpu/u_core_top/scoreboard_q_reg[4][fu][0]/C","student_top_inst/Core_cpu/u_core_top/scoreboard_q_reg[5][csr_src][11]/R","setup"
682,-0.497,5.000,5.086,12,"student_top_inst/Core_cpu/u_core_top/scoreboard_q_reg[4][fu][0]/C","student_top_inst/Core_cpu/u_core_top/scoreboard_q_reg[5][csr_src][13]/R","setup"
683,-0.497,5.000,5.086,12,"student_top_inst/Core_cpu/u_core_top/scoreboard_q_reg[4][fu][0]/C","student_top_inst/Core_cpu/u_core_top/scoreboard_q_reg[5][csr_src][14]/R","setup"
684,-0.497,5.000,5.086,12,"student_top_inst/Core_cpu/u_core_top/scoreboard_q_reg[4][fu][0]/C","student_top_inst/Core_cpu/u_core_top/scoreboard_q_reg[5][csr_src][15]/R","setup"
685,-0.497,5.000,5.086,12,"student_top_inst/Core_cpu/u_core_top/scoreboard_q_reg[4][fu][0]/C","student_top_inst/Core_cpu/u_core_top/scoreboard_q_reg[5][csr_src][19]/R","setup"
686,-0.497,5.000,5.248,0,"student_top_inst/mem_bridge/dram_adapter/read_valid_d1_reg/C","student_top_inst/mem_bridge/dram_adapter/dram/U0/inst_blk_mem_gen/gnbram.gnativebmg.native_blk_mem_gen/valid.cstr/ramloop[25].ram.r/prim_init.ram/DEVICE_7SERIES.NO_BMM_INFO.SP.SIMPLE_PRIM36.ram/REGCEAREGCE","setup"
687,-0.497,5.000,5.308,0,"student_top_inst/Core_cpu/u_core_top/u_dmem_regslice/req_addr_q_reg[3]/C","student_top_inst/mem_bridge/dram_adapter/dram/U0/inst_blk_mem_gen/gnbram.gnativebmg.native_blk_mem_gen/valid.cstr/ramloop[10].ram.r/prim_init.ram/DEVICE_7SERIES.NO_BMM_INFO.SP.SIMPLE_PRIM36.ram/ADDRARDADDR[4]","setup"
688,-0.496,5.000,4.913,0,"student_top_inst/cpu_rst_sync_reg/C","student_top_inst/Core_cpu/u_core_top/store_q_reg[2][addr][9]/R","setup"
689,-0.495,5.000,4.931,0,"student_top_inst/cpu_rst_sync_reg/C","student_top_inst/Core_cpu/u_core_top/u_regfile/regs_q_reg[14][13]/R","setup"
690,-0.494,5.000,4.924,0,"student_top_inst/cpu_rst_sync_reg/C","student_top_inst/Core_cpu/u_core_top/u_regfile/regs_q_reg[25][2]/R","setup"
691,-0.494,5.000,4.924,0,"student_top_inst/cpu_rst_sync_reg/C","student_top_inst/Core_cpu/u_core_top/u_regfile/regs_q_reg[25][5]/R","setup"
692,-0.494,5.000,4.924,0,"student_top_inst/cpu_rst_sync_reg/C","student_top_inst/Core_cpu/u_core_top/u_regfile/regs_q_reg[25][8]/R","setup"
693,-0.494,5.000,4.905,0,"student_top_inst/cpu_rst_sync_reg/C","student_top_inst/Core_cpu/u_core_top/store_q_reg[3][wdata][9]/R","setup"
694,-0.493,5.000,5.335,7,"student_top_inst/Core_cpu/u_core_top/u_dcache/g_data_bank[3].u_data_bank/mem_q_reg_0/CLKBWRCLK","student_top_inst/Core_cpu/u_core_top/scoreboard_q_reg[7][result][24]/D","setup"
695,-0.493,5.000,5.354,7,"student_top_inst/Core_cpu/u_core_top/u_dcache/g_data_bank[3].u_data_bank/mem_q_reg_0/CLKBWRCLK","student_top_inst/Core_cpu/u_core_top/scoreboard_q_reg[0][csr_src][29]/D","setup"
696,-0.492,5.000,4.719,0,"student_top_inst/cpu_rst_sync_reg/C","student_top_inst/Core_cpu/u_core_top/u_regfile/regs_q_reg[31][19]/R","setup"
697,-0.492,5.000,4.716,0,"student_top_inst/cpu_rst_sync_reg/C","student_top_inst/Core_cpu/u_core_top/wb_data_q_reg[25]/R","setup"
698,-0.491,5.000,5.118,6,"student_top_inst/Core_cpu/u_core_top/u_dcache/g_data_bank[3].u_data_bank/mem_q_reg_0/CLKBWRCLK","student_top_inst/Core_cpu/u_core_top/exec_q_reg[op1][4]/D","setup"
699,-0.491,5.000,5.353,7,"student_top_inst/Core_cpu/u_core_top/u_dcache/g_data_bank[3].u_data_bank/mem_q_reg_0/CLKBWRCLK","student_top_inst/Core_cpu/u_core_top/exec_q_reg[op1][25]/D","setup"
700,-0.491,5.000,4.921,0,"student_top_inst/cpu_rst_sync_reg/C","student_top_inst/Core_cpu/u_core_top/u_regfile/regs_q_reg[4][5]/R","setup"
701,-0.491,5.000,4.921,0,"student_top_inst/cpu_rst_sync_reg/C","student_top_inst/Core_cpu/u_core_top/u_regfile/regs_q_reg[4][8]/R","setup"
702,-0.490,5.000,4.962,10,"student_top_inst/Core_cpu/u_core_top/scoreboard_q_reg[4][fu][0]/C","student_top_inst/Core_cpu/u_core_top/id_uop_q_reg[exception_valid]/CE","setup"
703,-0.490,5.000,5.179,8,"student_top_inst/Core_cpu/u_core_top/id_uop_q_reg[rs1][1]/C","student_top_inst/Core_cpu/u_core_top/scoreboard_q_reg[0][csr_src][13]/R","setup"
704,-0.490,5.000,5.179,8,"student_top_inst/Core_cpu/u_core_top/id_uop_q_reg[rs1][1]/C","student_top_inst/Core_cpu/u_core_top/scoreboard_q_reg[0][csr_src][16]/R","setup"
705,-0.490,5.000,5.179,8,"student_top_inst/Core_cpu/u_core_top/id_uop_q_reg[rs1][1]/C","student_top_inst/Core_cpu/u_core_top/scoreboard_q_reg[0][csr_src][18]/R","setup"
706,-0.490,5.000,5.179,8,"student_top_inst/Core_cpu/u_core_top/id_uop_q_reg[rs1][1]/C","student_top_inst/Core_cpu/u_core_top/scoreboard_q_reg[0][csr_src][24]/R","setup"
707,-0.490,5.000,5.179,8,"student_top_inst/Core_cpu/u_core_top/id_uop_q_reg[rs1][1]/C","student_top_inst/Core_cpu/u_core_top/scoreboard_q_reg[0][csr_src][29]/R","setup"
708,-0.490,5.000,5.179,8,"student_top_inst/Core_cpu/u_core_top/id_uop_q_reg[rs1][1]/C","student_top_inst/Core_cpu/u_core_top/scoreboard_q_reg[0][csr_src][30]/R","setup"
709,-0.490,5.000,4.716,0,"student_top_inst/cpu_rst_sync_reg/C","student_top_inst/Core_cpu/u_core_top/u_regfile/regs_q_reg[23][19]/R","setup"
710,-0.490,5.000,5.330,7,"student_top_inst/Core_cpu/u_core_top/u_dcache/g_data_bank[3].u_data_bank/mem_q_reg_0/CLKBWRCLK","student_top_inst/Core_cpu/u_core_top/exec_q_reg[op1][30]/D","setup"
711,-0.489,5.000,4.907,0,"student_top_inst/cpu_rst_sync_reg/C","student_top_inst/Core_cpu/u_core_top/store_q_reg[3][addr][26]/R","setup"
712,-0.489,5.000,4.907,0,"student_top_inst/cpu_rst_sync_reg/C","student_top_inst/Core_cpu/u_core_top/store_q_reg[3][addr][29]/R","setup"
713,-0.489,5.000,4.924,0,"student_top_inst/cpu_rst_sync_reg/C","student_top_inst/Core_cpu/u_core_top/u_regfile/regs_q_reg[3][0]/R","setup"
714,-0.489,5.000,4.924,0,"student_top_inst/cpu_rst_sync_reg/C","student_top_inst/Core_cpu/u_core_top/u_regfile/regs_q_reg[3][9]/R","setup"
715,-0.488,5.000,5.521,16,"student_top_inst/Core_cpu/u_core_top/exec_q_reg[uop][imm][1]/C","student_top_inst/Core_cpu/u_core_top/exec_mem_addr_q_reg[19]/D","setup"
716,-0.488,5.000,4.881,0,"student_top_inst/cpu_rst_sync_reg/C","student_top_inst/Core_cpu/u_core_top/store_q_reg[3][addr][14]/R","setup"
717,-0.488,5.000,4.881,0,"student_top_inst/cpu_rst_sync_reg/C","student_top_inst/Core_cpu/u_core_top/store_q_reg[3][addr][28]/R","setup"
718,-0.488,5.000,4.923,0,"student_top_inst/cpu_rst_sync_reg/C","student_top_inst/Core_cpu/u_core_top/u_regfile/regs_q_reg[26][9]/R","setup"
719,-0.487,5.000,5.334,7,"student_top_inst/Core_cpu/u_core_top/u_dcache/g_data_bank[3].u_data_bank/mem_q_reg_0/CLKBWRCLK","student_top_inst/Core_cpu/u_core_top/scoreboard_q_reg[0][result][13]/D","setup"
720,-0.487,5.000,5.076,12,"student_top_inst/Core_cpu/u_core_top/scoreboard_q_reg[4][fu][0]/C","student_top_inst/Core_cpu/u_core_top/scoreboard_q_reg[5][csr_src][16]/R","setup"
721,-0.487,5.000,5.076,12,"student_top_inst/Core_cpu/u_core_top/scoreboard_q_reg[4][fu][0]/C","student_top_inst/Core_cpu/u_core_top/scoreboard_q_reg[5][csr_src][18]/R","setup"
722,-0.487,5.000,5.076,12,"student_top_inst/Core_cpu/u_core_top/scoreboard_q_reg[4][fu][0]/C","student_top_inst/Core_cpu/u_core_top/scoreboard_q_reg[5][csr_src][23]/R","setup"
723,-0.487,5.000,5.076,12,"student_top_inst/Core_cpu/u_core_top/scoreboard_q_reg[4][fu][0]/C","student_top_inst/Core_cpu/u_core_top/scoreboard_q_reg[5][csr_src][6]/R","setup"
724,-0.487,5.000,5.076,12,"student_top_inst/Core_cpu/u_core_top/scoreboard_q_reg[4][fu][0]/C","student_top_inst/Core_cpu/u_core_top/scoreboard_q_reg[5][csr_src][7]/R","setup"
725,-0.486,5.000,4.892,0,"student_top_inst/cpu_rst_sync_reg/C","student_top_inst/Core_cpu/u_core_top/u_regfile/regs_q_reg[28][5]/R","setup"
726,-0.486,5.000,4.892,0,"student_top_inst/cpu_rst_sync_reg/C","student_top_inst/Core_cpu/u_core_top/u_regfile/regs_q_reg[28][8]/R","setup"
727,-0.486,5.000,4.934,10,"student_top_inst/Core_cpu/u_core_top/scoreboard_q_reg[4][fu][0]/C","student_top_inst/Core_cpu/u_core_top/id_uop_q_reg[branch_op][2]/CE","setup"
728,-0.486,5.000,4.934,10,"student_top_inst/Core_cpu/u_core_top/scoreboard_q_reg[4][fu][0]/C","student_top_inst/Core_cpu/u_core_top/id_uop_q_reg[csr_imm]/CE","setup"
729,-0.485,5.000,4.945,11,"student_top_inst/Core_cpu/u_core_top/scoreboard_q_reg[4][fu][0]/C","student_top_inst/Core_cpu/u_core_top/scoreboard_q_reg[3][exception_cause][0]/CE","setup"
730,-0.485,5.000,4.945,11,"student_top_inst/Core_cpu/u_core_top/scoreboard_q_reg[4][fu][0]/C","student_top_inst/Core_cpu/u_core_top/scoreboard_q_reg[3][exception_tval][27]/CE","setup"
731,-0.485,5.000,4.945,11,"student_top_inst/Core_cpu/u_core_top/scoreboard_q_reg[4][fu][0]/C","student_top_inst/Core_cpu/u_core_top/scoreboard_q_reg[3][exception_tval][29]/CE","setup"
732,-0.485,5.000,4.945,11,"student_top_inst/Core_cpu/u_core_top/scoreboard_q_reg[4][fu][0]/C","student_top_inst/Core_cpu/u_core_top/scoreboard_q_reg[3][exception_tval][31]/CE","setup"
733,-0.485,5.000,5.343,6,"student_top_inst/Core_cpu/u_core_top/u_dcache/g_data_bank[1].u_data_bank/mem_q_reg_1/CLKBWRCLK","student_top_inst/Core_cpu/u_core_top/scoreboard_q_reg[5][csr_src][28]/D","setup"
734,-0.484,5.000,5.333,6,"student_top_inst/Core_cpu/u_core_top/u_dcache/g_data_bank[1].u_data_bank/mem_q_reg_1/CLKBWRCLK","student_top_inst/Core_cpu/u_core_top/scoreboard_q_reg[2][csr_src][27]/D","setup"
735,-0.483,5.000,4.943,11,"student_top_inst/Core_cpu/u_core_top/scoreboard_q_reg[4][fu][0]/C","student_top_inst/Core_cpu/u_core_top/scoreboard_q_reg[1][exception_cause][0]/CE","setup"
736,-0.483,5.000,4.943,11,"student_top_inst/Core_cpu/u_core_top/scoreboard_q_reg[4][fu][0]/C","student_top_inst/Core_cpu/u_core_top/scoreboard_q_reg[1][exception_tval][21]/CE","setup"
737,-0.483,5.000,4.876,0,"student_top_inst/cpu_rst_sync_reg/C","student_top_inst/Core_cpu/u_core_top/load_q_reg[0][addr][3]/R","setup"
738,-0.483,5.000,4.876,0,"student_top_inst/cpu_rst_sync_reg/C","student_top_inst/Core_cpu/u_core_top/load_q_reg[0][store_seq_cutoff][3]/R","setup"
739,-0.483,5.000,5.332,6,"student_top_inst/Core_cpu/u_core_top/u_dcache/g_data_bank[1].u_data_bank/mem_q_reg_1/CLKBWRCLK","student_top_inst/Core_cpu/u_core_top/scoreboard_q_reg[3][csr_src][27]/D","setup"
740,-0.482,5.000,5.072,12,"student_top_inst/Core_cpu/u_core_top/scoreboard_q_reg[4][fu][0]/C","student_top_inst/Core_cpu/u_core_top/scoreboard_q_reg[7][csr_src][11]/R","setup"
741,-0.482,5.000,5.072,12,"student_top_inst/Core_cpu/u_core_top/scoreboard_q_reg[4][fu][0]/C","student_top_inst/Core_cpu/u_core_top/scoreboard_q_reg[7][csr_src][12]/R","setup"
742,-0.482,5.000,5.072,12,"student_top_inst/Core_cpu/u_core_top/scoreboard_q_reg[4][fu][0]/C","student_top_inst/Core_cpu/u_core_top/scoreboard_q_reg[7][csr_src][15]/R","setup"
743,-0.482,5.000,5.072,12,"student_top_inst/Core_cpu/u_core_top/scoreboard_q_reg[4][fu][0]/C","student_top_inst/Core_cpu/u_core_top/scoreboard_q_reg[7][csr_src][5]/R","setup"
744,-0.481,5.000,4.893,0,"student_top_inst/cpu_rst_sync_reg/C","student_top_inst/Core_cpu/u_core_top/u_regfile/regs_q_reg[1][14]/R","setup"
745,-0.480,5.000,5.332,7,"student_top_inst/Core_cpu/u_core_top/u_dcache/g_data_bank[3].u_data_bank/mem_q_reg_0/CLKBWRCLK","student_top_inst/Core_cpu/u_core_top/scoreboard_q_reg[0][csr_src][30]/D","setup"
746,-0.480,5.000,4.927,10,"student_top_inst/Core_cpu/u_core_top/scoreboard_q_reg[4][fu][0]/C","student_top_inst/Core_cpu/u_core_top/id_uop_q_reg[csr_op][0]/CE","setup"
747,-0.480,5.000,4.927,10,"student_top_inst/Core_cpu/u_core_top/scoreboard_q_reg[4][fu][0]/C","student_top_inst/Core_cpu/u_core_top/id_uop_q_reg[csr_op][1]/CE","setup"
748,-0.480,5.000,4.927,10,"student_top_inst/Core_cpu/u_core_top/scoreboard_q_reg[4][fu][0]/C","student_top_inst/Core_cpu/u_core_top/id_uop_q_reg[sys_op][0]/CE","setup"
749,-0.480,5.000,4.927,10,"student_top_inst/Core_cpu/u_core_top/scoreboard_q_reg[4][fu][0]/C","student_top_inst/Core_cpu/u_core_top/id_uop_q_reg[sys_op][1]/CE","setup"
750,-0.479,5.000,4.888,0,"student_top_inst/cpu_rst_sync_reg/C","student_top_inst/Core_cpu/u_core_top/store_q_reg[1][wdata][10]/R","setup"
751,-0.479,5.000,4.888,0,"student_top_inst/cpu_rst_sync_reg/C","student_top_inst/Core_cpu/u_core_top/store_q_reg[1][wdata][17]/R","setup"
752,-0.479,5.000,5.338,6,"student_top_inst/Core_cpu/u_core_top/u_dcache/g_data_bank[1].u_data_bank/mem_q_reg_1/CLKBWRCLK","student_top_inst/Core_cpu/u_core_top/exec_q_reg[op1][28]/D","setup"
753,-0.477,5.000,4.948,10,"student_top_inst/Core_cpu/u_core_top/scoreboard_q_reg[4][fu][0]/C","student_top_inst/Core_cpu/u_core_top/id_uop_q_reg[pred_next_pc][24]/CE","setup"
754,-0.477,5.000,4.948,10,"student_top_inst/Core_cpu/u_core_top/scoreboard_q_reg[4][fu][0]/C","student_top_inst/Core_cpu/u_core_top/id_uop_q_reg[pred_next_pc][25]/CE","setup"
755,-0.477,5.000,4.948,10,"student_top_inst/Core_cpu/u_core_top/scoreboard_q_reg[4][fu][0]/C","student_top_inst/Core_cpu/u_core_top/id_uop_q_reg[pred_next_pc][26]/CE","setup"
756,-0.477,5.000,4.948,10,"student_top_inst/Core_cpu/u_core_top/scoreboard_q_reg[4][fu][0]/C","student_top_inst/Core_cpu/u_core_top/id_uop_q_reg[pred_next_pc][27]/CE","setup"
757,-0.477,5.000,4.948,10,"student_top_inst/Core_cpu/u_core_top/scoreboard_q_reg[4][fu][0]/C","student_top_inst/Core_cpu/u_core_top/id_uop_q_reg[pred_next_pc][28]/CE","setup"
758,-0.477,5.000,4.948,10,"student_top_inst/Core_cpu/u_core_top/scoreboard_q_reg[4][fu][0]/C","student_top_inst/Core_cpu/u_core_top/id_uop_q_reg[pred_next_pc][29]/CE","setup"
759,-0.477,5.000,4.888,0,"student_top_inst/cpu_rst_sync_reg/C","student_top_inst/Core_cpu/u_core_top/u_regfile/regs_q_reg[1][6]/R","setup"
760,-0.477,5.000,5.088,12,"student_top_inst/Core_cpu/u_core_top/scoreboard_q_reg[4][fu][0]/C","student_top_inst/Core_cpu/u_core_top/scoreboard_q_reg[5][csr_src][10]/R","setup"
761,-0.477,5.000,5.088,12,"student_top_inst/Core_cpu/u_core_top/scoreboard_q_reg[4][fu][0]/C","student_top_inst/Core_cpu/u_core_top/scoreboard_q_reg[5][csr_src][9]/R","setup"
762,-0.477,5.000,5.280,0,"student_top_inst/mem_bridge/dram_adapter/read_valid_d1_reg/C","student_top_inst/mem_bridge/dram_adapter/dram/U0/inst_blk_mem_gen/gnbram.gnativebmg.native_blk_mem_gen/valid.cstr/has_mux_a.A/douta[13]_INST_0_i_6_psbram/CE","setup"
763,-0.477,5.000,5.280,0,"student_top_inst/mem_bridge/dram_adapter/read_valid_d1_reg/C","student_top_inst/mem_bridge/dram_adapter/dram/U0/inst_blk_mem_gen/gnbram.gnativebmg.native_blk_mem_gen/valid.cstr/has_mux_a.A/douta[14]_INST_0_i_6_psbram/CE","setup"
764,-0.477,5.000,5.280,0,"student_top_inst/mem_bridge/dram_adapter/read_valid_d1_reg/C","student_top_inst/mem_bridge/dram_adapter/dram/U0/inst_blk_mem_gen/gnbram.gnativebmg.native_blk_mem_gen/valid.cstr/has_mux_a.A/douta[15]_INST_0_i_6_psbram/CE","setup"
765,-0.476,5.000,4.945,10,"student_top_inst/Core_cpu/u_core_top/scoreboard_q_reg[4][fu][0]/C","student_top_inst/Core_cpu/u_core_top/id_uop_q_reg[pred_next_pc][10]/CE","setup"
766,-0.476,5.000,4.945,10,"student_top_inst/Core_cpu/u_core_top/scoreboard_q_reg[4][fu][0]/C","student_top_inst/Core_cpu/u_core_top/id_uop_q_reg[pred_next_pc][11]/CE","setup"
767,-0.476,5.000,4.945,10,"student_top_inst/Core_cpu/u_core_top/scoreboard_q_reg[4][fu][0]/C","student_top_inst/Core_cpu/u_core_top/id_uop_q_reg[pred_next_pc][6]/CE","setup"
768,-0.476,5.000,4.945,10,"student_top_inst/Core_cpu/u_core_top/scoreboard_q_reg[4][fu][0]/C","student_top_inst/Core_cpu/u_core_top/id_uop_q_reg[pred_next_pc][7]/CE","setup"
769,-0.476,5.000,4.945,10,"student_top_inst/Core_cpu/u_core_top/scoreboard_q_reg[4][fu][0]/C","student_top_inst/Core_cpu/u_core_top/id_uop_q_reg[pred_next_pc][8]/CE","setup"
770,-0.476,5.000,4.945,10,"student_top_inst/Core_cpu/u_core_top/scoreboard_q_reg[4][fu][0]/C","student_top_inst/Core_cpu/u_core_top/id_uop_q_reg[pred_next_pc][9]/CE","setup"
771,-0.476,5.000,4.871,0,"student_top_inst/cpu_rst_sync_reg/C","student_top_inst/Core_cpu/u_core_top/load_active_meta_q_reg[trans_id][1]/R","setup"
772,-0.476,5.000,5.088,6,"student_top_inst/Core_cpu/u_core_top/commit_ptr_q_reg[2]_rep/C","student_top_inst/Core_cpu/u_core_top/u_csr/mtvec_q_reg[25]/D","setup"
773,-0.476,5.000,5.295,6,"student_top_inst/Core_cpu/u_core_top/u_dcache/g_data_bank[3].u_data_bank/mem_q_reg_0/CLKBWRCLK","student_top_inst/Core_cpu/u_core_top/exec_q_reg[op2][2]/D","setup"
774,-0.475,5.000,4.962,11,"student_top_inst/Core_cpu/u_core_top/scoreboard_q_reg[4][fu][0]/C","student_top_inst/Core_cpu/u_core_top/exec_q_reg[uop][imm][25]/CE","setup"
775,-0.475,5.000,5.316,7,"student_top_inst/Core_cpu/u_core_top/u_dcache/g_data_bank[3].u_data_bank/mem_q_reg_0/CLKBWRCLK","student_top_inst/Core_cpu/u_core_top/scoreboard_q_reg[2][csr_src][24]/D","setup"
776,-0.475,5.000,5.327,7,"student_top_inst/Core_cpu/u_core_top/u_dcache/g_data_bank[3].u_data_bank/mem_q_reg_0/CLKBWRCLK","student_top_inst/Core_cpu/u_core_top/scoreboard_q_reg[7][csr_src][24]/D","setup"
777,-0.474,5.000,4.922,11,"student_top_inst/Core_cpu/u_core_top/scoreboard_q_reg[4][fu][0]/C","student_top_inst/Core_cpu/u_core_top/scoreboard_q_reg[6][link_addr][19]/CE","setup"
778,-0.474,5.000,4.922,11,"student_top_inst/Core_cpu/u_core_top/scoreboard_q_reg[4][fu][0]/C","student_top_inst/Core_cpu/u_core_top/scoreboard_q_reg[6][link_addr][1]/CE","setup"
779,-0.474,5.000,4.922,11,"student_top_inst/Core_cpu/u_core_top/scoreboard_q_reg[4][fu][0]/C","student_top_inst/Core_cpu/u_core_top/scoreboard_q_reg[6][link_addr][29]/CE","setup"
780,-0.474,5.000,4.922,11,"student_top_inst/Core_cpu/u_core_top/scoreboard_q_reg[4][fu][0]/C","student_top_inst/Core_cpu/u_core_top/scoreboard_q_reg[6][pc][0]/CE","setup"
781,-0.474,5.000,4.922,11,"student_top_inst/Core_cpu/u_core_top/scoreboard_q_reg[4][fu][0]/C","student_top_inst/Core_cpu/u_core_top/scoreboard_q_reg[6][pc][12]/CE","setup"
782,-0.474,5.000,4.922,11,"student_top_inst/Core_cpu/u_core_top/scoreboard_q_reg[4][fu][0]/C","student_top_inst/Core_cpu/u_core_top/scoreboard_q_reg[6][pc][15]/CE","setup"
783,-0.474,5.000,4.922,11,"student_top_inst/Core_cpu/u_core_top/scoreboard_q_reg[4][fu][0]/C","student_top_inst/Core_cpu/u_core_top/scoreboard_q_reg[6][pc][20]/CE","setup"
784,-0.474,5.000,4.922,11,"student_top_inst/Core_cpu/u_core_top/scoreboard_q_reg[4][fu][0]/C","student_top_inst/Core_cpu/u_core_top/scoreboard_q_reg[6][pc][30]/CE","setup"
785,-0.474,5.000,4.935,11,"student_top_inst/Core_cpu/u_core_top/scoreboard_q_reg[4][fu][0]/C","student_top_inst/Core_cpu/u_core_top/exec_q_reg[uop][uses_rs2]/CE","setup"
786,-0.473,5.000,5.111,0,"student_top_inst/Core_cpu/u_core_top/u_dmem_regslice/req_addr_q_reg[3]/C","student_top_inst/mem_bridge/dram_adapter/dram/U0/inst_blk_mem_gen/gnbram.gnativebmg.native_blk_mem_gen/valid.cstr/ramloop[4].ram.r/prim_init.ram/DEVICE_7SERIES.NO_BMM_INFO.SP.SIMPLE_PRIM36.ram/ADDRARDADDR[4]","setup"
787,-0.473,5.000,5.180,7,"student_top_inst/Core_cpu/u_core_top/commit_ptr_q_reg[2]_rep/C","student_top_inst/Core_cpu/u_core_top/u_csr/mstatus_q_reg[29]/D","setup"
788,-0.472,5.000,4.885,0,"student_top_inst/cpu_rst_sync_reg/C","student_top_inst/Core_cpu/u_core_top/u_regfile/regs_q_reg[17][13]/R","setup"
789,-0.472,5.000,4.885,0,"student_top_inst/cpu_rst_sync_reg/C","student_top_inst/Core_cpu/u_core_top/u_regfile/regs_q_reg[17][14]/R","setup"
790,-0.472,5.000,4.885,0,"student_top_inst/cpu_rst_sync_reg/C","student_top_inst/Core_cpu/u_core_top/u_regfile/regs_q_reg[17][9]/R","setup"
791,-0.472,5.000,5.140,6,"student_top_inst/Core_cpu/u_core_top/commit_ptr_q_reg[2]_rep/C","student_top_inst/Core_cpu/u_core_top/u_csr/mtvec_q_reg[14]/D","setup"
792,-0.472,5.000,5.087,10,"student_top_inst/Core_cpu/u_core_top/load_head_q_reg[0]/C","student_top_inst/Core_cpu/u_core_top/u_dcache/tag_read_q_reg[9]/CE","setup"
793,-0.472,5.000,4.696,0,"student_top_inst/cpu_rst_sync_reg/C","student_top_inst/Core_cpu/u_core_top/scoreboard_q_reg[7][exception_tval][5]/R","setup"
794,-0.472,5.000,4.696,0,"student_top_inst/cpu_rst_sync_reg/C","student_top_inst/Core_cpu/u_core_top/scoreboard_q_reg[7][exception_tval][7]/R","setup"
795,-0.472,5.000,4.904,0,"student_top_inst/cpu_rst_sync_reg/C","student_top_inst/Core_cpu/u_core_top/u_regfile/regs_q_reg[3][8]/R","setup"
796,-0.471,5.000,4.905,0,"student_top_inst/cpu_rst_sync_reg/C","student_top_inst/Core_cpu/u_core_top/store_q_reg[3][wdata][10]/R","setup"
797,-0.470,5.000,4.931,11,"student_top_inst/Core_cpu/u_core_top/scoreboard_q_reg[4][fu][0]/C","student_top_inst/Core_cpu/u_core_top/scoreboard_q_reg[3][exception_tval][18]/CE","setup"
798,-0.470,5.000,4.931,11,"student_top_inst/Core_cpu/u_core_top/scoreboard_q_reg[4][fu][0]/C","student_top_inst/Core_cpu/u_core_top/scoreboard_q_reg[3][exception_tval][21]/CE","setup"
799,-0.469,5.000,5.089,6,"student_top_inst/Core_cpu/u_core_top/commit_ptr_q_reg[2]_rep/C","student_top_inst/Core_cpu/u_core_top/u_csr/mscratch_q_reg[29]/D","setup"
800,-0.469,5.000,4.918,11,"student_top_inst/Core_cpu/u_core_top/scoreboard_q_reg[4][fu][0]/C","student_top_inst/Core_cpu/u_core_top/scoreboard_q_reg[6][link_addr][17]/CE","setup"
801,-0.469,5.000,4.918,11,"student_top_inst/Core_cpu/u_core_top/scoreboard_q_reg[4][fu][0]/C","student_top_inst/Core_cpu/u_core_top/scoreboard_q_reg[6][pc][10]/CE","setup"
802,-0.469,5.000,4.918,11,"student_top_inst/Core_cpu/u_core_top/scoreboard_q_reg[4][fu][0]/C","student_top_inst/Core_cpu/u_core_top/scoreboard_q_reg[6][pc][26]/CE","setup"
803,-0.469,5.000,4.918,11,"student_top_inst/Core_cpu/u_core_top/scoreboard_q_reg[4][fu][0]/C","student_top_inst/Core_cpu/u_core_top/scoreboard_q_reg[6][pc][3]/CE","setup"
804,-0.469,5.000,4.918,11,"student_top_inst/Core_cpu/u_core_top/scoreboard_q_reg[4][fu][0]/C","student_top_inst/Core_cpu/u_core_top/scoreboard_q_reg[6][pc][6]/CE","setup"
805,-0.468,5.000,4.880,0,"student_top_inst/cpu_rst_sync_reg/C","student_top_inst/Core_cpu/u_core_top/u_regfile/regs_q_reg[19][14]/R","setup"
806,-0.467,5.000,5.327,6,"student_top_inst/Core_cpu/u_core_top/u_dcache/g_data_bank[1].u_data_bank/mem_q_reg_1/CLKBWRCLK","student_top_inst/Core_cpu/u_core_top/scoreboard_q_reg[2][csr_src][28]/D","setup"
807,-0.467,5.000,4.928,11,"student_top_inst/Core_cpu/u_core_top/scoreboard_q_reg[4][fu][0]/C","student_top_inst/Core_cpu/u_core_top/exec_q_reg[uop][imm][16]/CE","setup"
808,-0.467,5.000,4.928,11,"student_top_inst/Core_cpu/u_core_top/scoreboard_q_reg[4][fu][0]/C","student_top_inst/Core_cpu/u_core_top/exec_q_reg[uop][imm][20]/CE","setup"
809,-0.467,5.000,5.076,6,"student_top_inst/Core_cpu/u_core_top/commit_ptr_q_reg[2]_rep/C","student_top_inst/Core_cpu/u_core_top/u_csr/mscratch_q_reg[18]/D","setup"
810,-0.466,5.000,4.878,0,"student_top_inst/cpu_rst_sync_reg/C","student_top_inst/Core_cpu/u_core_top/u_regfile/regs_q_reg[15][14]/R","setup"
811,-0.466,5.000,5.079,10,"student_top_inst/Core_cpu/u_core_top/load_head_q_reg[0]/C","student_top_inst/Core_cpu/u_core_top/u_dcache/p_2_out__9/CE","setup"
812,-0.466,5.000,5.079,10,"student_top_inst/Core_cpu/u_core_top/load_head_q_reg[0]/C","student_top_inst/Core_cpu/u_core_top/u_dcache/p_2_out__9_rep__3/CE","setup"
813,-0.466,5.000,5.079,10,"student_top_inst/Core_cpu/u_core_top/load_head_q_reg[0]/C","student_top_inst/Core_cpu/u_core_top/u_dcache/req_addr_q_reg[16]/CE","setup"
814,-0.465,5.000,4.881,0,"student_top_inst/cpu_rst_sync_reg/C","student_top_inst/Core_cpu/u_core_top/store_q_reg[0][addr][28]/R","setup"
815,-0.465,5.000,4.927,11,"student_top_inst/Core_cpu/u_core_top/scoreboard_q_reg[4][fu][0]/C","student_top_inst/Core_cpu/u_core_top/scoreboard_q_reg[3][exception_tval][12]/CE","setup"
816,-0.465,5.000,4.927,11,"student_top_inst/Core_cpu/u_core_top/scoreboard_q_reg[4][fu][0]/C","student_top_inst/Core_cpu/u_core_top/scoreboard_q_reg[3][exception_tval][2]/CE","setup"
817,-0.465,5.000,4.927,11,"student_top_inst/Core_cpu/u_core_top/scoreboard_q_reg[4][fu][0]/C","student_top_inst/Core_cpu/u_core_top/scoreboard_q_reg[3][exception_tval][30]/CE","setup"
818,-0.465,5.000,4.927,11,"student_top_inst/Core_cpu/u_core_top/scoreboard_q_reg[4][fu][0]/C","student_top_inst/Core_cpu/u_core_top/scoreboard_q_reg[3][exception_tval][5]/CE","setup"
819,-0.465,5.000,4.935,10,"student_top_inst/Core_cpu/u_core_top/scoreboard_q_reg[4][fu][0]/C","student_top_inst/Core_cpu/u_core_top/id_uop_q_reg[pc][24]/CE","setup"
820,-0.465,5.000,4.935,10,"student_top_inst/Core_cpu/u_core_top/scoreboard_q_reg[4][fu][0]/C","student_top_inst/Core_cpu/u_core_top/id_uop_q_reg[pc][25]/CE","setup"
821,-0.465,5.000,4.935,10,"student_top_inst/Core_cpu/u_core_top/scoreboard_q_reg[4][fu][0]/C","student_top_inst/Core_cpu/u_core_top/id_uop_q_reg[pc][26]/CE","setup"
822,-0.465,5.000,4.935,10,"student_top_inst/Core_cpu/u_core_top/scoreboard_q_reg[4][fu][0]/C","student_top_inst/Core_cpu/u_core_top/id_uop_q_reg[pc][27]/CE","setup"
823,-0.465,5.000,4.935,10,"student_top_inst/Core_cpu/u_core_top/scoreboard_q_reg[4][fu][0]/C","student_top_inst/Core_cpu/u_core_top/id_uop_q_reg[pc][28]/CE","setup"
824,-0.465,5.000,4.935,10,"student_top_inst/Core_cpu/u_core_top/scoreboard_q_reg[4][fu][0]/C","student_top_inst/Core_cpu/u_core_top/id_uop_q_reg[pc][29]/CE","setup"
825,-0.465,5.000,5.323,7,"student_top_inst/Core_cpu/u_core_top/u_dcache/g_data_bank[3].u_data_bank/mem_q_reg_0/CLKBWRCLK","student_top_inst/Core_cpu/u_core_top/scoreboard_q_reg[6][csr_src][18]/D","setup"
826,-0.465,5.000,5.323,6,"student_top_inst/Core_cpu/u_core_top/u_dcache/g_data_bank[1].u_data_bank/mem_q_reg_1/CLKBWRCLK","student_top_inst/Core_cpu/u_core_top/scoreboard_q_reg[7][csr_src][27]/D","setup"
827,-0.465,5.000,4.996,10,"student_top_inst/Core_cpu/u_core_top/scoreboard_q_reg[4][fu][0]/C","student_top_inst/Core_cpu/u_core_top/scoreboard_q_reg[5][result][4]/R","setup"
828,-0.464,5.000,4.935,10,"student_top_inst/Core_cpu/u_core_top/scoreboard_q_reg[4][fu][0]/C","student_top_inst/Core_cpu/u_core_top/id_uop_q_reg[pc][12]/CE","setup"
829,-0.464,5.000,4.935,10,"student_top_inst/Core_cpu/u_core_top/scoreboard_q_reg[4][fu][0]/C","student_top_inst/Core_cpu/u_core_top/id_uop_q_reg[pc][13]/CE","setup"
830,-0.464,5.000,4.935,10,"student_top_inst/Core_cpu/u_core_top/scoreboard_q_reg[4][fu][0]/C","student_top_inst/Core_cpu/u_core_top/id_uop_q_reg[pc][14]/CE","setup"
831,-0.464,5.000,4.935,10,"student_top_inst/Core_cpu/u_core_top/scoreboard_q_reg[4][fu][0]/C","student_top_inst/Core_cpu/u_core_top/id_uop_q_reg[pc][15]/CE","setup"
832,-0.464,5.000,4.935,10,"student_top_inst/Core_cpu/u_core_top/scoreboard_q_reg[4][fu][0]/C","student_top_inst/Core_cpu/u_core_top/id_uop_q_reg[pc][16]/CE","setup"
833,-0.464,5.000,4.935,10,"student_top_inst/Core_cpu/u_core_top/scoreboard_q_reg[4][fu][0]/C","student_top_inst/Core_cpu/u_core_top/id_uop_q_reg[pc][17]/CE","setup"
834,-0.464,5.000,5.306,7,"student_top_inst/Core_cpu/u_core_top/u_dcache/g_data_bank[3].u_data_bank/mem_q_reg_0/CLKBWRCLK","student_top_inst/Core_cpu/u_core_top/scoreboard_q_reg[1][result][24]/D","setup"
835,-0.464,5.000,5.078,10,"student_top_inst/Core_cpu/u_core_top/load_head_q_reg[0]/C","student_top_inst/Core_cpu/u_core_top/u_dcache/p_2_out__6/CE","setup"
836,-0.464,5.000,5.078,10,"student_top_inst/Core_cpu/u_core_top/load_head_q_reg[0]/C","student_top_inst/Core_cpu/u_core_top/u_dcache/p_2_out__6_rep__0/CE","setup"
837,-0.464,5.000,5.078,10,"student_top_inst/Core_cpu/u_core_top/load_head_q_reg[0]/C","student_top_inst/Core_cpu/u_core_top/u_dcache/p_2_out__6_rep__3/CE","setup"
838,-0.464,5.000,5.078,10,"student_top_inst/Core_cpu/u_core_top/load_head_q_reg[0]/C","student_top_inst/Core_cpu/u_core_top/u_dcache/req_addr_q_reg[7]/CE","setup"
839,-0.464,5.000,4.936,10,"student_top_inst/Core_cpu/u_core_top/scoreboard_q_reg[4][fu][0]/C","student_top_inst/Core_cpu/u_core_top/id_uop_q_reg[pc][0]/CE","setup"
840,-0.464,5.000,4.936,10,"student_top_inst/Core_cpu/u_core_top/scoreboard_q_reg[4][fu][0]/C","student_top_inst/Core_cpu/u_core_top/id_uop_q_reg[pc][1]/CE","setup"
841,-0.464,5.000,4.936,10,"student_top_inst/Core_cpu/u_core_top/scoreboard_q_reg[4][fu][0]/C","student_top_inst/Core_cpu/u_core_top/id_uop_q_reg[pc][2]/CE","setup"
842,-0.464,5.000,4.936,10,"student_top_inst/Core_cpu/u_core_top/scoreboard_q_reg[4][fu][0]/C","student_top_inst/Core_cpu/u_core_top/id_uop_q_reg[pc][3]/CE","setup"
843,-0.464,5.000,4.936,10,"student_top_inst/Core_cpu/u_core_top/scoreboard_q_reg[4][fu][0]/C","student_top_inst/Core_cpu/u_core_top/id_uop_q_reg[pc][4]/CE","setup"
844,-0.464,5.000,4.936,10,"student_top_inst/Core_cpu/u_core_top/scoreboard_q_reg[4][fu][0]/C","student_top_inst/Core_cpu/u_core_top/id_uop_q_reg[pc][5]/CE","setup"
845,-0.464,5.000,5.086,6,"student_top_inst/Core_cpu/u_core_top/commit_ptr_q_reg[2]_rep/C","student_top_inst/Core_cpu/u_core_top/u_csr/mscratch_q_reg[26]/D","setup"
846,-0.463,5.000,4.892,0,"student_top_inst/cpu_rst_sync_reg/C","student_top_inst/Core_cpu/u_core_top/u_regfile/regs_q_reg[13][2]/R","setup"
847,-0.463,5.000,4.892,0,"student_top_inst/cpu_rst_sync_reg/C","student_top_inst/Core_cpu/u_core_top/u_regfile/regs_q_reg[13][5]/R","setup"
848,-0.463,5.000,4.991,11,"student_top_inst/Core_cpu/u_core_top/scoreboard_q_reg[4][fu][0]/C","student_top_inst/Core_cpu/u_core_top/scoreboard_q_reg[2][result][18]/R","setup"
849,-0.463,5.000,4.991,11,"student_top_inst/Core_cpu/u_core_top/scoreboard_q_reg[4][fu][0]/C","student_top_inst/Core_cpu/u_core_top/scoreboard_q_reg[2][result][19]/R","setup"
850,-0.463,5.000,4.991,11,"student_top_inst/Core_cpu/u_core_top/scoreboard_q_reg[4][fu][0]/C","student_top_inst/Core_cpu/u_core_top/scoreboard_q_reg[2][result][7]/R","setup"
851,-0.463,5.000,4.991,11,"student_top_inst/Core_cpu/u_core_top/scoreboard_q_reg[4][fu][0]/C","student_top_inst/Core_cpu/u_core_top/scoreboard_q_reg[2][result][9]/R","setup"
852,-0.462,5.000,4.925,11,"student_top_inst/Core_cpu/u_core_top/scoreboard_q_reg[4][fu][0]/C","student_top_inst/Core_cpu/u_core_top/exec_q_reg[uop][instr][0]/CE","setup"
853,-0.462,5.000,4.925,11,"student_top_inst/Core_cpu/u_core_top/scoreboard_q_reg[4][fu][0]/C","student_top_inst/Core_cpu/u_core_top/exec_q_reg[uop][instr][1]/CE","setup"
854,-0.462,5.000,4.925,11,"student_top_inst/Core_cpu/u_core_top/scoreboard_q_reg[4][fu][0]/C","student_top_inst/Core_cpu/u_core_top/exec_q_reg[uop][instr][4]/CE","setup"
855,-0.462,5.000,4.925,11,"student_top_inst/Core_cpu/u_core_top/scoreboard_q_reg[4][fu][0]/C","student_top_inst/Core_cpu/u_core_top/exec_q_reg[uop][rd][1]/CE","setup"
856,-0.462,5.000,4.917,11,"student_top_inst/Core_cpu/u_core_top/scoreboard_q_reg[4][fu][0]/C","student_top_inst/Core_cpu/u_core_top/exec_q_reg[uop][pred_next_pc][11]/CE","setup"
857,-0.461,5.000,5.099,6,"student_top_inst/Core_cpu/u_core_top/commit_ptr_q_reg[2]_rep/C","student_top_inst/Core_cpu/u_core_top/u_csr/mcause_q_reg[22]/D","setup"
858,-0.461,5.000,5.405,8,"student_top_inst/Core_cpu/u_core_top/u_muldiv/b_q_reg[22]/C","student_top_inst/Core_cpu/u_core_top/scoreboard_q_reg[7][csr_src][17]/D","setup"
859,-0.460,5.000,4.876,0,"student_top_inst/cpu_rst_sync_reg/C","student_top_inst/Core_cpu/u_core_top/load_q_reg[1][addr][6]/R","setup"
860,-0.460,5.000,4.876,0,"student_top_inst/cpu_rst_sync_reg/C","student_top_inst/Core_cpu/u_core_top/load_q_reg[1][store_seq_cutoff][3]/R","setup"
861,-0.460,5.000,4.876,0,"student_top_inst/cpu_rst_sync_reg/C","student_top_inst/Core_cpu/u_core_top/load_q_reg[1][store_seq_cutoff][4]/R","setup"
862,-0.460,5.000,5.323,7,"student_top_inst/Core_cpu/u_core_top/u_dcache/g_data_bank[3].u_data_bank/mem_q_reg_0/CLKBWRCLK","student_top_inst/Core_cpu/u_core_top/scoreboard_q_reg[1][csr_src][24]/D","setup"
863,-0.460,5.000,5.268,0,"student_top_inst/Core_cpu/u_core_top/u_dmem_regslice/req_addr_q_reg[3]/C","student_top_inst/mem_bridge/dram_adapter/dram/U0/inst_blk_mem_gen/gnbram.gnativebmg.native_blk_mem_gen/valid.cstr/ramloop[13].ram.r/prim_init.ram/DEVICE_7SERIES.NO_BMM_INFO.SP.SIMPLE_PRIM36.ram/ADDRARDADDR[4]","setup"
864,-0.458,5.000,4.893,0,"student_top_inst/cpu_rst_sync_reg/C","student_top_inst/Core_cpu/u_core_top/u_regfile/regs_q_reg[20][13]/R","setup"
865,-0.458,5.000,4.893,0,"student_top_inst/cpu_rst_sync_reg/C","student_top_inst/Core_cpu/u_core_top/u_regfile/regs_q_reg[20][9]/R","setup"
866,-0.458,5.000,4.905,11,"student_top_inst/Core_cpu/u_core_top/scoreboard_q_reg[4][fu][0]/C","student_top_inst/Core_cpu/u_core_top/scoreboard_q_reg[6][csr_addr][0]/CE","setup"
867,-0.458,5.000,4.905,11,"student_top_inst/Core_cpu/u_core_top/scoreboard_q_reg[4][fu][0]/C","student_top_inst/Core_cpu/u_core_top/scoreboard_q_reg[6][csr_addr][10]/CE","setup"
868,-0.458,5.000,4.905,11,"student_top_inst/Core_cpu/u_core_top/scoreboard_q_reg[4][fu][0]/C","student_top_inst/Core_cpu/u_core_top/scoreboard_q_reg[6][csr_addr][1]/CE","setup"
869,-0.458,5.000,4.905,11,"student_top_inst/Core_cpu/u_core_top/scoreboard_q_reg[4][fu][0]/C","student_top_inst/Core_cpu/u_core_top/scoreboard_q_reg[6][is_return]/CE","setup"
870,-0.458,5.000,4.905,11,"student_top_inst/Core_cpu/u_core_top/scoreboard_q_reg[4][fu][0]/C","student_top_inst/Core_cpu/u_core_top/scoreboard_q_reg[6][pc][17]/CE","setup"
871,-0.458,5.000,4.905,11,"student_top_inst/Core_cpu/u_core_top/scoreboard_q_reg[4][fu][0]/C","student_top_inst/Core_cpu/u_core_top/scoreboard_q_reg[6][pc][21]/CE","setup"
872,-0.458,5.000,4.984,11,"student_top_inst/Core_cpu/u_core_top/scoreboard_q_reg[4][fu][0]/C","student_top_inst/Core_cpu/u_core_top/scoreboard_q_reg[2][result][0]/R","setup"
873,-0.458,5.000,4.984,11,"student_top_inst/Core_cpu/u_core_top/scoreboard_q_reg[4][fu][0]/C","student_top_inst/Core_cpu/u_core_top/scoreboard_q_reg[2][result][14]/R","setup"
874,-0.458,5.000,4.918,11,"student_top_inst/Core_cpu/u_core_top/scoreboard_q_reg[4][fu][0]/C","student_top_inst/Core_cpu/u_core_top/exec_q_reg[uop][imm][21]/CE","setup"
875,-0.458,5.000,4.918,11,"student_top_inst/Core_cpu/u_core_top/scoreboard_q_reg[4][fu][0]/C","student_top_inst/Core_cpu/u_core_top/exec_q_reg[uop][imm][29]/CE","setup"
876,-0.457,5.000,4.939,11,"student_top_inst/Core_cpu/u_core_top/scoreboard_q_reg[4][fu][0]/C","student_top_inst/Core_cpu/u_core_top/scoreboard_q_reg[3][exception_tval][13]/CE","setup"
877,-0.457,5.000,4.939,11,"student_top_inst/Core_cpu/u_core_top/scoreboard_q_reg[4][fu][0]/C","student_top_inst/Core_cpu/u_core_top/scoreboard_q_reg[3][exception_tval][17]/CE","setup"
878,-0.457,5.000,4.939,11,"student_top_inst/Core_cpu/u_core_top/scoreboard_q_reg[4][fu][0]/C","student_top_inst/Core_cpu/u_core_top/scoreboard_q_reg[3][exception_tval][26]/CE","setup"
879,-0.457,5.000,4.939,11,"student_top_inst/Core_cpu/u_core_top/scoreboard_q_reg[4][fu][0]/C","student_top_inst/Core_cpu/u_core_top/scoreboard_q_reg[3][exception_tval][9]/CE","setup"
880,-0.456,5.000,5.308,7,"student_top_inst/Core_cpu/u_core_top/u_dcache/g_data_bank[3].u_data_bank/mem_q_reg_0/CLKBWRCLK","student_top_inst/Core_cpu/u_core_top/scoreboard_q_reg[0][csr_src][24]/D","setup"
881,-0.456,5.000,5.046,12,"student_top_inst/Core_cpu/u_core_top/scoreboard_q_reg[4][fu][0]/C","student_top_inst/Core_cpu/u_core_top/scoreboard_q_reg[7][csr_src][18]/R","setup"
882,-0.456,5.000,5.046,12,"student_top_inst/Core_cpu/u_core_top/scoreboard_q_reg[4][fu][0]/C","student_top_inst/Core_cpu/u_core_top/scoreboard_q_reg[7][csr_src][23]/R","setup"
883,-0.456,5.000,5.046,12,"student_top_inst/Core_cpu/u_core_top/scoreboard_q_reg[4][fu][0]/C","student_top_inst/Core_cpu/u_core_top/scoreboard_q_reg[7][csr_src][24]/R","setup"
884,-0.456,5.000,5.046,12,"student_top_inst/Core_cpu/u_core_top/scoreboard_q_reg[4][fu][0]/C","student_top_inst/Core_cpu/u_core_top/scoreboard_q_reg[7][csr_src][31]/R","setup"
885,-0.456,5.000,4.888,0,"student_top_inst/cpu_rst_sync_reg/C","student_top_inst/Core_cpu/u_core_top/store_q_reg[2][wdata][17]/R","setup"
886,-0.455,5.000,5.317,7,"student_top_inst/Core_cpu/u_core_top/u_dcache/g_data_bank[3].u_data_bank/mem_q_reg_0/CLKBWRCLK","student_top_inst/Core_cpu/u_core_top/scoreboard_q_reg[4][csr_src][30]/D","setup"
887,-0.455,5.000,5.066,6,"student_top_inst/Core_cpu/u_core_top/commit_ptr_q_reg[2]_rep/C","student_top_inst/Core_cpu/u_core_top/u_csr/mscratch_q_reg[25]/D","setup"
888,-0.454,5.000,4.937,11,"student_top_inst/Core_cpu/u_core_top/scoreboard_q_reg[4][fu][0]/C","student_top_inst/Core_cpu/u_core_top/scoreboard_q_reg[1][exception_tval][12]/CE","setup"
889,-0.454,5.000,4.937,11,"student_top_inst/Core_cpu/u_core_top/scoreboard_q_reg[4][fu][0]/C","student_top_inst/Core_cpu/u_core_top/scoreboard_q_reg[1][exception_tval][14]/CE","setup"
890,-0.454,5.000,4.937,11,"student_top_inst/Core_cpu/u_core_top/scoreboard_q_reg[4][fu][0]/C","student_top_inst/Core_cpu/u_core_top/scoreboard_q_reg[1][exception_tval][28]/CE","setup"
891,-0.454,5.000,4.937,11,"student_top_inst/Core_cpu/u_core_top/scoreboard_q_reg[4][fu][0]/C","student_top_inst/Core_cpu/u_core_top/scoreboard_q_reg[1][exception_tval][2]/CE","setup"
892,-0.454,5.000,4.982,11,"student_top_inst/Core_cpu/u_core_top/scoreboard_q_reg[4][fu][0]/C","student_top_inst/Core_cpu/u_core_top/scoreboard_q_reg[6][result][0]/R","setup"
893,-0.454,5.000,4.982,11,"student_top_inst/Core_cpu/u_core_top/scoreboard_q_reg[4][fu][0]/C","student_top_inst/Core_cpu/u_core_top/scoreboard_q_reg[6][result][22]/R","setup"
894,-0.454,5.000,4.902,12,"student_top_inst/Core_cpu/u_core_top/scoreboard_q_reg[4][fu][0]/C","student_top_inst/Core_cpu/u_core_top/scoreboard_q_reg[4][exception_tval][21]/CE","setup"
895,-0.454,5.000,4.902,12,"student_top_inst/Core_cpu/u_core_top/scoreboard_q_reg[4][fu][0]/C","student_top_inst/Core_cpu/u_core_top/scoreboard_q_reg[4][exception_tval][22]/CE","setup"
896,-0.454,5.000,4.902,12,"student_top_inst/Core_cpu/u_core_top/scoreboard_q_reg[4][fu][0]/C","student_top_inst/Core_cpu/u_core_top/scoreboard_q_reg[4][exception_tval][24]/CE","setup"
897,-0.454,5.000,4.902,12,"student_top_inst/Core_cpu/u_core_top/scoreboard_q_reg[4][fu][0]/C","student_top_inst/Core_cpu/u_core_top/scoreboard_q_reg[4][exception_tval][25]/CE","setup"
898,-0.454,5.000,4.902,12,"student_top_inst/Core_cpu/u_core_top/scoreboard_q_reg[4][fu][0]/C","student_top_inst/Core_cpu/u_core_top/scoreboard_q_reg[4][exception_tval][28]/CE","setup"
899,-0.454,5.000,4.902,12,"student_top_inst/Core_cpu/u_core_top/scoreboard_q_reg[4][fu][0]/C","student_top_inst/Core_cpu/u_core_top/scoreboard_q_reg[4][exception_tval][30]/CE","setup"
900,-0.454,5.000,4.902,12,"student_top_inst/Core_cpu/u_core_top/scoreboard_q_reg[4][fu][0]/C","student_top_inst/Core_cpu/u_core_top/scoreboard_q_reg[4][exception_tval][3]/CE","setup"
901,-0.454,5.000,4.888,0,"student_top_inst/cpu_rst_sync_reg/C","student_top_inst/Core_cpu/u_core_top/u_regfile/regs_q_reg[10][14]/R","setup"
902,-0.454,5.000,5.007,10,"student_top_inst/Core_cpu/u_core_top/scoreboard_q_reg[4][fu][0]/C","student_top_inst/Core_cpu/u_core_top/scoreboard_q_reg[4][result][5]/R","setup"
903,-0.454,5.000,5.007,10,"student_top_inst/Core_cpu/u_core_top/scoreboard_q_reg[4][fu][0]/C","student_top_inst/Core_cpu/u_core_top/scoreboard_q_reg[4][result][6]/R","setup"
904,-0.454,5.000,4.911,11,"student_top_inst/Core_cpu/u_core_top/scoreboard_q_reg[4][fu][0]/C","student_top_inst/Core_cpu/u_core_top/scoreboard_q_reg[2][exception_tval][10]/CE","setup"
905,-0.454,5.000,4.911,11,"student_top_inst/Core_cpu/u_core_top/scoreboard_q_reg[4][fu][0]/C","student_top_inst/Core_cpu/u_core_top/scoreboard_q_reg[2][exception_tval][11]/CE","setup"
906,-0.454,5.000,4.911,11,"student_top_inst/Core_cpu/u_core_top/scoreboard_q_reg[4][fu][0]/C","student_top_inst/Core_cpu/u_core_top/scoreboard_q_reg[2][exception_tval][24]/CE","setup"
907,-0.454,5.000,4.911,11,"student_top_inst/Core_cpu/u_core_top/scoreboard_q_reg[4][fu][0]/C","student_top_inst/Core_cpu/u_core_top/scoreboard_q_reg[2][exception_tval][25]/CE","setup"
908,-0.454,5.000,5.290,6,"student_top_inst/Core_cpu/u_core_top/u_dcache/g_data_bank[1].u_data_bank/mem_q_reg_1/CLKBWRCLK","student_top_inst/Core_cpu/u_core_top/scoreboard_q_reg[5][csr_src][27]/D","setup"
909,-0.454,5.000,4.910,11,"student_top_inst/Core_cpu/u_core_top/scoreboard_q_reg[4][fu][0]/C","student_top_inst/Core_cpu/u_core_top/exec_q_reg[uop][alu_op][3]/CE","setup"
910,-0.454,5.000,4.910,11,"student_top_inst/Core_cpu/u_core_top/scoreboard_q_reg[4][fu][0]/C","student_top_inst/Core_cpu/u_core_top/exec_q_reg[uop][imm][0]/CE","setup"
911,-0.454,5.000,4.910,11,"student_top_inst/Core_cpu/u_core_top/scoreboard_q_reg[4][fu][0]/C","student_top_inst/Core_cpu/u_core_top/exec_q_reg[uop][pc][1]/CE","setup"
912,-0.453,5.000,5.077,6,"student_top_inst/Core_cpu/u_core_top/commit_ptr_q_reg[2]_rep/C","student_top_inst/Core_cpu/u_core_top/u_csr/mtvec_q_reg[26]/D","setup"
913,-0.453,5.000,4.871,0,"student_top_inst/cpu_rst_sync_reg/C","student_top_inst/Core_cpu/u_core_top/load_q_reg[1][forward_data][15]/R","setup"
914,-0.453,5.000,4.871,0,"student_top_inst/cpu_rst_sync_reg/C","student_top_inst/Core_cpu/u_core_top/load_q_reg[1][load_unsigned]/R","setup"
915,-0.452,5.000,5.485,15,"student_top_inst/Core_cpu/u_core_top/exec_q_reg[uop][imm][1]/C","student_top_inst/Core_cpu/u_core_top/exec_mem_addr_q_reg[13]/D","setup"
916,-0.452,5.000,4.899,10,"student_top_inst/Core_cpu/u_core_top/scoreboard_q_reg[4][fu][0]/C","student_top_inst/Core_cpu/u_core_top/id_uop_q_reg[sys_op][2]/CE","setup"
917,-0.452,5.000,4.678,0,"student_top_inst/cpu_rst_sync_reg/C","student_top_inst/Core_cpu/u_core_top/scoreboard_q_reg[2][exception_tval][20]/R","setup"
918,-0.452,5.000,4.678,0,"student_top_inst/cpu_rst_sync_reg/C","student_top_inst/Core_cpu/u_core_top/scoreboard_q_reg[2][exception_tval][21]/R","setup"
919,-0.452,5.000,4.678,0,"student_top_inst/cpu_rst_sync_reg/C","student_top_inst/Core_cpu/u_core_top/scoreboard_q_reg[2][exception_tval][4]/R","setup"
920,-0.452,5.000,4.678,0,"student_top_inst/cpu_rst_sync_reg/C","student_top_inst/Core_cpu/u_core_top/scoreboard_q_reg[2][exception_tval][5]/R","setup"
921,-0.451,5.000,4.880,0,"student_top_inst/cpu_rst_sync_reg/C","student_top_inst/Core_cpu/u_core_top/store_q_reg[2][wdata][25]/R","setup"
922,-0.451,5.000,4.688,0,"student_top_inst/cpu_rst_sync_reg/C","student_top_inst/Core_cpu/u_core_top/u_regfile/regs_q_reg[2][17]/R","setup"
923,-0.450,5.000,5.483,16,"student_top_inst/Core_cpu/u_core_top/exec_q_reg[uop][imm][1]/C","student_top_inst/Core_cpu/u_core_top/exec_mem_addr_q_reg[16]/D","setup"
924,-0.450,5.000,5.483,16,"student_top_inst/Core_cpu/u_core_top/exec_q_reg[uop][imm][1]/C","student_top_inst/Core_cpu/u_core_top/exec_mem_addr_q_reg[18]/D","setup"
925,-0.450,5.000,4.849,0,"student_top_inst/cpu_rst_sync_reg/C","student_top_inst/Core_cpu/u_core_top/store_q_reg[2][wdata][20]/R","setup"
926,-0.450,5.000,4.978,10,"student_top_inst/Core_cpu/u_core_top/scoreboard_q_reg[4][fu][0]/C","student_top_inst/Core_cpu/u_core_top/scoreboard_q_reg[1][result][14]/R","setup"
927,-0.450,5.000,4.931,12,"student_top_inst/Core_cpu/u_core_top/scoreboard_q_reg[4][fu][0]/C","student_top_inst/Core_cpu/u_core_top/scoreboard_q_reg[5][exception_tval][28]/CE","setup"
928,-0.450,5.000,4.931,12,"student_top_inst/Core_cpu/u_core_top/scoreboard_q_reg[4][fu][0]/C","student_top_inst/Core_cpu/u_core_top/scoreboard_q_reg[5][exception_tval][6]/CE","setup"
929,-0.450,5.000,4.931,12,"student_top_inst/Core_cpu/u_core_top/scoreboard_q_reg[4][fu][0]/C","student_top_inst/Core_cpu/u_core_top/scoreboard_q_reg[5][exception_tval][9]/CE","setup"
930,-0.450,5.000,5.057,10,"student_top_inst/Core_cpu/u_core_top/load_head_q_reg[0]/C","student_top_inst/Core_cpu/u_core_top/u_dcache/tag_read_q_reg[3]/CE","setup"
931,-0.449,5.000,4.885,0,"student_top_inst/cpu_rst_sync_reg/C","student_top_inst/Core_cpu/u_core_top/u_regfile/regs_q_reg[29][13]/R","setup"
932,-0.449,5.000,4.885,0,"student_top_inst/cpu_rst_sync_reg/C","student_top_inst/Core_cpu/u_core_top/u_regfile/regs_q_reg[29][14]/R","setup"
933,-0.449,5.000,4.885,0,"student_top_inst/cpu_rst_sync_reg/C","student_top_inst/Core_cpu/u_core_top/u_regfile/regs_q_reg[29][9]/R","setup"
934,-0.449,5.000,4.897,12,"student_top_inst/Core_cpu/u_core_top/scoreboard_q_reg[4][fu][0]/C","student_top_inst/Core_cpu/u_core_top/scoreboard_q_reg[4][exception_tval][20]/CE","setup"
935,-0.449,5.000,4.897,12,"student_top_inst/Core_cpu/u_core_top/scoreboard_q_reg[4][fu][0]/C","student_top_inst/Core_cpu/u_core_top/scoreboard_q_reg[4][exception_tval][4]/CE","setup"
936,-0.449,5.000,4.905,11,"student_top_inst/Core_cpu/u_core_top/scoreboard_q_reg[4][fu][0]/C","student_top_inst/Core_cpu/u_core_top/exec_q_reg[uop][pc][19]/CE","setup"
937,-0.449,5.000,4.905,11,"student_top_inst/Core_cpu/u_core_top/scoreboard_q_reg[4][fu][0]/C","student_top_inst/Core_cpu/u_core_top/exec_q_reg[uop][pc][20]/CE","setup"
938,-0.449,5.000,4.905,11,"student_top_inst/Core_cpu/u_core_top/scoreboard_q_reg[4][fu][0]/C","student_top_inst/Core_cpu/u_core_top/exec_q_reg[uop][pc][23]/CE","setup"
939,-0.449,5.000,4.905,11,"student_top_inst/Core_cpu/u_core_top/scoreboard_q_reg[4][fu][0]/C","student_top_inst/Core_cpu/u_core_top/exec_q_reg[uop][pc][8]/CE","setup"
940,-0.449,5.000,4.696,0,"student_top_inst/cpu_rst_sync_reg/C","student_top_inst/Core_cpu/u_core_top/scoreboard_q_reg[5][exception_tval][28]/R","setup"
941,-0.449,5.000,4.696,0,"student_top_inst/cpu_rst_sync_reg/C","student_top_inst/Core_cpu/u_core_top/scoreboard_q_reg[5][exception_tval][6]/R","setup"
942,-0.449,5.000,4.696,0,"student_top_inst/cpu_rst_sync_reg/C","student_top_inst/Core_cpu/u_core_top/scoreboard_q_reg[5][exception_tval][9]/R","setup"
943,-0.448,5.000,4.906,11,"student_top_inst/Core_cpu/u_core_top/scoreboard_q_reg[4][fu][0]/C","student_top_inst/Core_cpu/u_core_top/scoreboard_q_reg[0][exception_cause][1]/CE","setup"
944,-0.448,5.000,4.906,11,"student_top_inst/Core_cpu/u_core_top/scoreboard_q_reg[4][fu][0]/C","student_top_inst/Core_cpu/u_core_top/scoreboard_q_reg[0][exception_tval][14]/CE","setup"
945,-0.448,5.000,4.847,0,"student_top_inst/cpu_rst_sync_reg/C","student_top_inst/Core_cpu/u_core_top/store_q_reg[1][addr][1]/R","setup"
946,-0.448,5.000,5.296,6,"student_top_inst/Core_cpu/u_core_top/u_dcache/g_data_bank[1].u_data_bank/mem_q_reg_1/CLKBWRCLK","student_top_inst/Core_cpu/u_core_top/exec_q_reg[op1][27]/D","setup"
947,-0.447,5.000,4.896,10,"student_top_inst/Core_cpu/u_core_top/scoreboard_q_reg[4][fu][0]/C","student_top_inst/Core_cpu/u_core_top/id_uop_q_reg[exception_tval][10]/CE","setup"
948,-0.447,5.000,4.896,10,"student_top_inst/Core_cpu/u_core_top/scoreboard_q_reg[4][fu][0]/C","student_top_inst/Core_cpu/u_core_top/id_uop_q_reg[exception_tval][11]/CE","setup"
949,-0.447,5.000,4.896,10,"student_top_inst/Core_cpu/u_core_top/scoreboard_q_reg[4][fu][0]/C","student_top_inst/Core_cpu/u_core_top/id_uop_q_reg[exception_tval][8]/CE","setup"
950,-0.447,5.000,4.896,10,"student_top_inst/Core_cpu/u_core_top/scoreboard_q_reg[4][fu][0]/C","student_top_inst/Core_cpu/u_core_top/id_uop_q_reg[exception_tval][9]/CE","setup"
951,-0.447,5.000,4.896,10,"student_top_inst/Core_cpu/u_core_top/scoreboard_q_reg[4][fu][0]/C","student_top_inst/Core_cpu/u_core_top/id_uop_q_reg[fu][0]/CE","setup"
952,-0.447,5.000,4.896,10,"student_top_inst/Core_cpu/u_core_top/scoreboard_q_reg[4][fu][0]/C","student_top_inst/Core_cpu/u_core_top/id_uop_q_reg[imm][0]/CE","setup"
953,-0.447,5.000,4.896,10,"student_top_inst/Core_cpu/u_core_top/scoreboard_q_reg[4][fu][0]/C","student_top_inst/Core_cpu/u_core_top/id_uop_q_reg[imm][27]/CE","setup"
954,-0.447,5.000,4.896,10,"student_top_inst/Core_cpu/u_core_top/scoreboard_q_reg[4][fu][0]/C","student_top_inst/Core_cpu/u_core_top/id_uop_q_reg[imm][28]/CE","setup"
955,-0.447,5.000,4.896,10,"student_top_inst/Core_cpu/u_core_top/scoreboard_q_reg[4][fu][0]/C","student_top_inst/Core_cpu/u_core_top/id_uop_q_reg[imm][2]/CE","setup"
956,-0.447,5.000,4.896,10,"student_top_inst/Core_cpu/u_core_top/scoreboard_q_reg[4][fu][0]/C","student_top_inst/Core_cpu/u_core_top/id_uop_q_reg[imm][3]/CE","setup"
957,-0.447,5.000,4.896,10,"student_top_inst/Core_cpu/u_core_top/scoreboard_q_reg[4][fu][0]/C","student_top_inst/Core_cpu/u_core_top/id_uop_q_reg[imm][7]/CE","setup"
958,-0.447,5.000,4.896,10,"student_top_inst/Core_cpu/u_core_top/scoreboard_q_reg[4][fu][0]/C","student_top_inst/Core_cpu/u_core_top/id_uop_q_reg[imm][8]/CE","setup"
959,-0.447,5.000,4.896,10,"student_top_inst/Core_cpu/u_core_top/scoreboard_q_reg[4][fu][0]/C","student_top_inst/Core_cpu/u_core_top/id_uop_q_reg[load_unsigned]/CE","setup"
960,-0.447,5.000,4.896,10,"student_top_inst/Core_cpu/u_core_top/scoreboard_q_reg[4][fu][0]/C","student_top_inst/Core_cpu/u_core_top/id_uop_q_reg[rd][2]/CE","setup"
961,-0.447,5.000,4.896,10,"student_top_inst/Core_cpu/u_core_top/scoreboard_q_reg[4][fu][0]/C","student_top_inst/Core_cpu/u_core_top/id_uop_q_reg[rd][4]/CE","setup"
962,-0.447,5.000,4.847,0,"student_top_inst/cpu_rst_sync_reg/C","student_top_inst/Core_cpu/u_core_top/u_regfile/regs_q_reg[10][2]/R","setup"
963,-0.447,5.000,4.855,0,"student_top_inst/cpu_rst_sync_reg/C","student_top_inst/Core_cpu/u_core_top/store_q_reg[2][wdata][16]/R","setup"
964,-0.446,5.000,5.051,10,"student_top_inst/Core_cpu/u_core_top/load_head_q_reg[0]/C","student_top_inst/Core_cpu/u_core_top/u_dcache/p_2_out__2/CE","setup"
965,-0.446,5.000,5.051,10,"student_top_inst/Core_cpu/u_core_top/load_head_q_reg[0]/C","student_top_inst/Core_cpu/u_core_top/u_dcache/req_addr_q_reg[11]/CE","setup"
966,-0.446,5.000,5.307,7,"student_top_inst/Core_cpu/u_core_top/u_dcache/g_data_bank[3].u_data_bank/mem_q_reg_0/CLKBWRCLK","student_top_inst/Core_cpu/u_core_top/exec_q_reg[op1][24]/D","setup"
967,-0.446,5.000,4.904,11,"student_top_inst/Core_cpu/u_core_top/scoreboard_q_reg[4][fu][0]/C","student_top_inst/Core_cpu/u_core_top/scoreboard_q_reg[2][exception_tval][28]/CE","setup"
968,-0.446,5.000,4.904,11,"student_top_inst/Core_cpu/u_core_top/scoreboard_q_reg[4][fu][0]/C","student_top_inst/Core_cpu/u_core_top/scoreboard_q_reg[2][exception_tval][29]/CE","setup"
969,-0.446,5.000,4.904,11,"student_top_inst/Core_cpu/u_core_top/scoreboard_q_reg[4][fu][0]/C","student_top_inst/Core_cpu/u_core_top/scoreboard_q_reg[2][exception_tval][2]/CE","setup"
970,-0.446,5.000,4.904,11,"student_top_inst/Core_cpu/u_core_top/scoreboard_q_reg[4][fu][0]/C","student_top_inst/Core_cpu/u_core_top/scoreboard_q_reg[2][exception_tval][3]/CE","setup"
971,-0.446,5.000,4.895,10,"student_top_inst/Core_cpu/u_core_top/scoreboard_q_reg[4][fu][0]/C","student_top_inst/Core_cpu/u_core_top/id_uop_q_reg[csr_addr][10]/CE","setup"
972,-0.446,5.000,4.895,10,"student_top_inst/Core_cpu/u_core_top/scoreboard_q_reg[4][fu][0]/C","student_top_inst/Core_cpu/u_core_top/id_uop_q_reg[imm][10]/CE","setup"
973,-0.446,5.000,4.895,10,"student_top_inst/Core_cpu/u_core_top/scoreboard_q_reg[4][fu][0]/C","student_top_inst/Core_cpu/u_core_top/id_uop_q_reg[imm][29]/CE","setup"
974,-0.446,5.000,4.895,10,"student_top_inst/Core_cpu/u_core_top/scoreboard_q_reg[4][fu][0]/C","student_top_inst/Core_cpu/u_core_top/id_uop_q_reg[imm][30]/CE","setup"
975,-0.446,5.000,4.893,11,"student_top_inst/Core_cpu/u_core_top/scoreboard_q_reg[4][fu][0]/C","student_top_inst/Core_cpu/u_core_top/exec_q_reg[uop][pc][6]/CE","setup"
976,-0.446,5.000,4.893,11,"student_top_inst/Core_cpu/u_core_top/scoreboard_q_reg[4][fu][0]/C","student_top_inst/Core_cpu/u_core_top/exec_q_reg[uop][pred_next_pc][14]/CE","setup"
977,-0.446,5.000,4.893,11,"student_top_inst/Core_cpu/u_core_top/scoreboard_q_reg[4][fu][0]/C","student_top_inst/Core_cpu/u_core_top/exec_q_reg[uop][pred_next_pc][26]/CE","setup"
978,-0.446,5.000,4.909,11,"student_top_inst/Core_cpu/u_core_top/scoreboard_q_reg[4][fu][0]/C","student_top_inst/Core_cpu/u_core_top/exec_q_reg[uop][imm][10]/CE","setup"
979,-0.446,5.000,4.909,11,"student_top_inst/Core_cpu/u_core_top/scoreboard_q_reg[4][fu][0]/C","student_top_inst/Core_cpu/u_core_top/exec_q_reg[uop][imm][15]/CE","setup"
980,-0.446,5.000,4.909,11,"student_top_inst/Core_cpu/u_core_top/scoreboard_q_reg[4][fu][0]/C","student_top_inst/Core_cpu/u_core_top/exec_q_reg[uop][imm][27]/CE","setup"
981,-0.446,5.000,4.909,11,"student_top_inst/Core_cpu/u_core_top/scoreboard_q_reg[4][fu][0]/C","student_top_inst/Core_cpu/u_core_top/exec_q_reg[uop][imm][5]/CE","setup"
982,-0.446,5.000,4.909,11,"student_top_inst/Core_cpu/u_core_top/scoreboard_q_reg[4][fu][0]/C","student_top_inst/Core_cpu/u_core_top/exec_q_reg[uop][imm][6]/CE","setup"
983,-0.445,5.000,4.906,11,"student_top_inst/Core_cpu/u_core_top/scoreboard_q_reg[4][fu][0]/C","student_top_inst/Core_cpu/u_core_top/scoreboard_q_reg[2][exception_tval][0]/CE","setup"
984,-0.445,5.000,4.906,11,"student_top_inst/Core_cpu/u_core_top/scoreboard_q_reg[4][fu][0]/C","student_top_inst/Core_cpu/u_core_top/scoreboard_q_reg[2][exception_tval][1]/CE","setup"
985,-0.445,5.000,4.906,11,"student_top_inst/Core_cpu/u_core_top/scoreboard_q_reg[4][fu][0]/C","student_top_inst/Core_cpu/u_core_top/scoreboard_q_reg[2][exception_tval][22]/CE","setup"
986,-0.445,5.000,4.906,11,"student_top_inst/Core_cpu/u_core_top/scoreboard_q_reg[4][fu][0]/C","student_top_inst/Core_cpu/u_core_top/scoreboard_q_reg[2][exception_tval][23]/CE","setup"
987,-0.445,5.000,4.974,10,"student_top_inst/Core_cpu/u_core_top/scoreboard_q_reg[4][fu][0]/C","student_top_inst/Core_cpu/u_core_top/scoreboard_q_reg[7][result][5]/R","setup"
988,-0.445,5.000,5.064,6,"student_top_inst/Core_cpu/u_core_top/commit_ptr_q_reg[2]_rep/C","student_top_inst/Core_cpu/u_core_top/u_csr/mscratch_q_reg[19]/D","setup"
989,-0.445,5.000,4.844,0,"student_top_inst/cpu_rst_sync_reg/C","student_top_inst/Core_cpu/u_core_top/store_q_reg[0][wstrb][1]/R","setup"
990,-0.445,5.000,4.974,10,"student_top_inst/Core_cpu/u_core_top/scoreboard_q_reg[4][fu][0]/C","student_top_inst/Core_cpu/u_core_top/scoreboard_q_reg[3][result][12]/R","setup"
991,-0.445,5.000,4.974,10,"student_top_inst/Core_cpu/u_core_top/scoreboard_q_reg[4][fu][0]/C","student_top_inst/Core_cpu/u_core_top/scoreboard_q_reg[3][result][14]/R","setup"
992,-0.445,5.000,4.974,10,"student_top_inst/Core_cpu/u_core_top/scoreboard_q_reg[4][fu][0]/C","student_top_inst/Core_cpu/u_core_top/scoreboard_q_reg[3][result][5]/R","setup"
993,-0.445,5.000,4.974,10,"student_top_inst/Core_cpu/u_core_top/scoreboard_q_reg[4][fu][0]/C","student_top_inst/Core_cpu/u_core_top/scoreboard_q_reg[3][result][9]/R","setup"
994,-0.445,5.000,4.901,11,"student_top_inst/Core_cpu/u_core_top/scoreboard_q_reg[4][fu][0]/C","student_top_inst/Core_cpu/u_core_top/exec_q_reg[uop][imm][26]/CE","setup"
995,-0.445,5.000,4.901,11,"student_top_inst/Core_cpu/u_core_top/scoreboard_q_reg[4][fu][0]/C","student_top_inst/Core_cpu/u_core_top/exec_q_reg[uop][mem_size][1]/CE","setup"
996,-0.445,5.000,4.901,11,"student_top_inst/Core_cpu/u_core_top/scoreboard_q_reg[4][fu][0]/C","student_top_inst/Core_cpu/u_core_top/exec_q_reg[uop][muldiv_op][1]/CE","setup"
997,-0.445,5.000,4.901,11,"student_top_inst/Core_cpu/u_core_top/scoreboard_q_reg[4][fu][0]/C","student_top_inst/Core_cpu/u_core_top/exec_q_reg[uop][pc][10]/CE","setup"
998,-0.445,5.000,4.901,11,"student_top_inst/Core_cpu/u_core_top/scoreboard_q_reg[4][fu][0]/C","student_top_inst/Core_cpu/u_core_top/exec_q_reg[uop][pc][31]/CE","setup"
999,-0.445,5.000,4.901,11,"student_top_inst/Core_cpu/u_core_top/scoreboard_q_reg[4][fu][0]/C","student_top_inst/Core_cpu/u_core_top/exec_q_reg[uop][pc][9]/CE","setup"
1000,-0.445,5.000,4.901,11,"student_top_inst/Core_cpu/u_core_top/scoreboard_q_reg[4][fu][0]/C","student_top_inst/Core_cpu/u_core_top/exec_q_reg[uop][pred_next_pc][15]/CE","setup"
1001,-0.445,5.000,4.901,11,"student_top_inst/Core_cpu/u_core_top/scoreboard_q_reg[4][fu][0]/C","student_top_inst/Core_cpu/u_core_top/exec_q_reg[uop][pred_next_pc][4]/CE","setup"
1002,-0.444,5.000,4.907,11,"student_top_inst/Core_cpu/u_core_top/scoreboard_q_reg[4][fu][0]/C","student_top_inst/Core_cpu/u_core_top/scoreboard_q_reg[2][exception_cause][0]/CE","setup"
1003,-0.444,5.000,4.907,11,"student_top_inst/Core_cpu/u_core_top/scoreboard_q_reg[4][fu][0]/C","student_top_inst/Core_cpu/u_core_top/scoreboard_q_reg[2][exception_cause][1]/CE","setup"
1004,-0.444,5.000,4.907,11,"student_top_inst/Core_cpu/u_core_top/scoreboard_q_reg[4][fu][0]/C","student_top_inst/Core_cpu/u_core_top/scoreboard_q_reg[2][exception_cause][3]/CE","setup"
1005,-0.444,5.000,5.049,10,"student_top_inst/Core_cpu/u_core_top/load_head_q_reg[0]/C","student_top_inst/Core_cpu/u_core_top/u_dcache/p_2_out__0/CE","setup"
1006,-0.444,5.000,5.049,10,"student_top_inst/Core_cpu/u_core_top/load_head_q_reg[0]/C","student_top_inst/Core_cpu/u_core_top/u_dcache/req_addr_q_reg[13]/CE","setup"
1007,-0.444,5.000,5.049,10,"student_top_inst/Core_cpu/u_core_top/load_head_q_reg[0]/C","student_top_inst/Core_cpu/u_core_top/u_dcache/req_addr_q_reg[14]/CE","setup"
1008,-0.444,5.000,5.049,10,"student_top_inst/Core_cpu/u_core_top/load_head_q_reg[0]/C","student_top_inst/Core_cpu/u_core_top/u_dcache/req_addr_q_reg[28]/CE","setup"
1009,-0.444,5.000,5.049,10,"student_top_inst/Core_cpu/u_core_top/load_head_q_reg[0]/C","student_top_inst/Core_cpu/u_core_top/u_dcache/req_addr_q_reg[29]/CE","setup"
1010,-0.444,5.000,4.912,12,"student_top_inst/Core_cpu/u_core_top/scoreboard_q_reg[4][fu][0]/C","student_top_inst/Core_cpu/u_core_top/scoreboard_q_reg[4][exception_tval][23]/CE","setup"
1011,-0.444,5.000,4.912,12,"student_top_inst/Core_cpu/u_core_top/scoreboard_q_reg[4][fu][0]/C","student_top_inst/Core_cpu/u_core_top/scoreboard_q_reg[4][exception_tval][2]/CE","setup"
1012,-0.444,5.000,4.912,12,"student_top_inst/Core_cpu/u_core_top/scoreboard_q_reg[4][fu][0]/C","student_top_inst/Core_cpu/u_core_top/scoreboard_q_reg[4][exception_tval][8]/CE","setup"
1013,-0.444,5.000,4.912,12,"student_top_inst/Core_cpu/u_core_top/scoreboard_q_reg[4][fu][0]/C","student_top_inst/Core_cpu/u_core_top/scoreboard_q_reg[4][exception_tval][9]/CE","setup"
1014,-0.443,5.000,4.891,12,"student_top_inst/Core_cpu/u_core_top/scoreboard_q_reg[4][fu][0]/C","student_top_inst/Core_cpu/u_core_top/scoreboard_q_reg[4][exception_tval][13]/CE","setup"
1015,-0.443,5.000,4.891,12,"student_top_inst/Core_cpu/u_core_top/scoreboard_q_reg[4][fu][0]/C","student_top_inst/Core_cpu/u_core_top/scoreboard_q_reg[4][exception_tval][15]/CE","setup"
1016,-0.443,5.000,4.891,12,"student_top_inst/Core_cpu/u_core_top/scoreboard_q_reg[4][fu][0]/C","student_top_inst/Core_cpu/u_core_top/scoreboard_q_reg[4][exception_tval][18]/CE","setup"
1017,-0.443,5.000,4.891,12,"student_top_inst/Core_cpu/u_core_top/scoreboard_q_reg[4][fu][0]/C","student_top_inst/Core_cpu/u_core_top/scoreboard_q_reg[4][exception_tval][29]/CE","setup"
1018,-0.443,5.000,4.891,10,"student_top_inst/Core_cpu/u_core_top/scoreboard_q_reg[4][fu][0]/C","student_top_inst/Core_cpu/u_core_top/id_uop_q_reg[csr_addr][4]/CE","setup"
1019,-0.443,5.000,4.891,10,"student_top_inst/Core_cpu/u_core_top/scoreboard_q_reg[4][fu][0]/C","student_top_inst/Core_cpu/u_core_top/id_uop_q_reg[csr_addr][5]/CE","setup"
1020,-0.443,5.000,4.891,10,"student_top_inst/Core_cpu/u_core_top/scoreboard_q_reg[4][fu][0]/C","student_top_inst/Core_cpu/u_core_top/id_uop_q_reg[csr_addr][7]/CE","setup"
1021,-0.443,5.000,4.891,10,"student_top_inst/Core_cpu/u_core_top/scoreboard_q_reg[4][fu][0]/C","student_top_inst/Core_cpu/u_core_top/id_uop_q_reg[csr_addr][8]/CE","setup"
1022,-0.443,5.000,4.891,10,"student_top_inst/Core_cpu/u_core_top/scoreboard_q_reg[4][fu][0]/C","student_top_inst/Core_cpu/u_core_top/id_uop_q_reg[exception_tval][31]/CE","setup"
1023,-0.443,5.000,4.891,10,"student_top_inst/Core_cpu/u_core_top/scoreboard_q_reg[4][fu][0]/C","student_top_inst/Core_cpu/u_core_top/id_uop_q_reg[imm][18]/CE","setup"
1024,-0.443,5.000,4.891,10,"student_top_inst/Core_cpu/u_core_top/scoreboard_q_reg[4][fu][0]/C","student_top_inst/Core_cpu/u_core_top/id_uop_q_reg[instr][4]/CE","setup"
1025,-0.443,5.000,4.891,10,"student_top_inst/Core_cpu/u_core_top/scoreboard_q_reg[4][fu][0]/C","student_top_inst/Core_cpu/u_core_top/id_uop_q_reg[rd][1]/CE","setup"
1026,-0.443,5.000,5.049,10,"student_top_inst/Core_cpu/u_core_top/load_head_q_reg[0]/C","student_top_inst/Core_cpu/u_core_top/u_dcache/lookup_addr_q_reg[29]/CE","setup"
1027,-0.443,5.000,5.049,10,"student_top_inst/Core_cpu/u_core_top/load_head_q_reg[0]/C","student_top_inst/Core_cpu/u_core_top/u_dcache/lookup_addr_q_reg[31]/CE","setup"
1028,-0.443,5.000,5.049,10,"student_top_inst/Core_cpu/u_core_top/load_head_q_reg[0]/C","student_top_inst/Core_cpu/u_core_top/u_dcache/lookup_addr_q_reg[3]/CE","setup"
1029,-0.443,5.000,5.049,10,"student_top_inst/Core_cpu/u_core_top/load_head_q_reg[0]/C","student_top_inst/Core_cpu/u_core_top/u_dcache/lookup_addr_q_reg[4]/CE","setup"
1030,-0.441,5.000,5.290,7,"student_top_inst/Core_cpu/u_core_top/u_dcache/g_data_bank[3].u_data_bank/mem_q_reg_0/CLKBWRCLK","student_top_inst/Core_cpu/u_core_top/exec_q_reg[op1][29]/D","setup"
1031,-0.441,5.000,5.112,13,"student_top_inst/Core_cpu/u_core_top/exec_q_reg[op2][4]/C","student_top_inst/Core_cpu/u_core_top/branch_miss_reg/D","setup"
1032,-0.440,5.000,5.052,10,"student_top_inst/Core_cpu/u_core_top/load_head_q_reg[0]/C","student_top_inst/Core_cpu/u_core_top/u_dcache/lookup_store_data_q_reg[14]/CE","setup"
1033,-0.440,5.000,5.052,10,"student_top_inst/Core_cpu/u_core_top/load_head_q_reg[0]/C","student_top_inst/Core_cpu/u_core_top/u_dcache/lookup_store_data_q_reg[22]/CE","setup"
1034,-0.439,5.000,4.840,0,"student_top_inst/cpu_rst_sync_reg/C","student_top_inst/Core_cpu/u_core_top/u_regfile/regs_q_reg[31][2]/R","setup"
1035,-0.439,5.000,4.840,0,"student_top_inst/cpu_rst_sync_reg/C","student_top_inst/Core_cpu/u_core_top/u_regfile/regs_q_reg[31][5]/R","setup"
1036,-0.439,5.000,5.052,10,"student_top_inst/Core_cpu/u_core_top/load_head_q_reg[0]/C","student_top_inst/Core_cpu/u_core_top/u_dcache/lookup_addr_q_reg[8]/CE","setup"
1037,-0.439,5.000,5.052,10,"student_top_inst/Core_cpu/u_core_top/load_head_q_reg[0]/C","student_top_inst/Core_cpu/u_core_top/u_dcache/lookup_addr_q_reg[9]/CE","setup"
1038,-0.439,5.000,5.052,10,"student_top_inst/Core_cpu/u_core_top/load_head_q_reg[0]/C","student_top_inst/Core_cpu/u_core_top/u_dcache/lookup_index_q_reg[5]/CE","setup"
1039,-0.439,5.000,5.052,10,"student_top_inst/Core_cpu/u_core_top/load_head_q_reg[0]/C","student_top_inst/Core_cpu/u_core_top/u_dcache/lookup_store_data_q_reg[29]/CE","setup"
1040,-0.438,5.000,4.828,0,"student_top_inst/cpu_rst_sync_reg/C","student_top_inst/Core_cpu/u_core_top/load_q_reg[1][addr][13]/R","setup"
1041,-0.438,5.000,4.828,0,"student_top_inst/cpu_rst_sync_reg/C","student_top_inst/Core_cpu/u_core_top/load_q_reg[1][addr][14]/R","setup"
1042,-0.438,5.000,4.828,0,"student_top_inst/cpu_rst_sync_reg/C","student_top_inst/Core_cpu/u_core_top/load_q_reg[1][addr][26]/R","setup"
1043,-0.438,5.000,4.828,0,"student_top_inst/cpu_rst_sync_reg/C","student_top_inst/Core_cpu/u_core_top/load_q_reg[1][addr][27]/R","setup"
1044,-0.438,5.000,4.828,0,"student_top_inst/cpu_rst_sync_reg/C","student_top_inst/Core_cpu/u_core_top/load_q_reg[1][forward_data][2]/R","setup"
1045,-0.438,5.000,4.828,0,"student_top_inst/cpu_rst_sync_reg/C","student_top_inst/Core_cpu/u_core_top/load_q_reg[1][size][1]/R","setup"
1046,-0.438,5.000,4.828,0,"student_top_inst/cpu_rst_sync_reg/C","student_top_inst/Core_cpu/u_core_top/load_q_reg[1][trans_id][0]/R","setup"
1047,-0.438,5.000,4.968,11,"student_top_inst/Core_cpu/u_core_top/scoreboard_q_reg[4][fu][0]/C","student_top_inst/Core_cpu/u_core_top/scoreboard_q_reg[2][result][12]/R","setup"
1048,-0.438,5.000,4.872,0,"student_top_inst/cpu_rst_sync_reg/C","student_top_inst/Core_cpu/u_core_top/u_regfile/regs_q_reg[27][14]/R","setup"
1049,-0.437,5.000,4.837,0,"student_top_inst/cpu_rst_sync_reg/C","student_top_inst/Core_cpu/u_core_top/store_q_reg[0][wdata][20]/R","setup"
1050,-0.437,5.000,5.051,10,"student_top_inst/Core_cpu/u_core_top/load_head_q_reg[0]/C","student_top_inst/Core_cpu/u_core_top/u_dcache/tag_read_q_reg[10]/CE","setup"
1051,-0.437,5.000,5.220,0,"student_top_inst/Core_cpu/u_core_top/u_dmem_regslice/req_addr_q_reg[13]/C","student_top_inst/mem_bridge/dram_adapter/dram/U0/inst_blk_mem_gen/gnbram.gnativebmg.native_blk_mem_gen/valid.cstr/ramloop[53].ram.r/prim_init.ram/DEVICE_7SERIES.NO_BMM_INFO.SP.SIMPLE_PRIM36.ram/ADDRARDADDR[14]","setup"
1052,-0.437,5.000,5.043,10,"student_top_inst/Core_cpu/u_core_top/load_head_q_reg[0]/C","student_top_inst/Core_cpu/u_core_top/u_dcache/req_addr_q_reg[18]/CE","setup"
1053,-0.436,5.000,5.296,6,"student_top_inst/Core_cpu/u_core_top/u_dcache/g_data_bank[1].u_data_bank/mem_q_reg_1/CLKBWRCLK","student_top_inst/Core_cpu/u_core_top/scoreboard_q_reg[7][csr_src][28]/D","setup"
1054,-0.436,5.000,4.967,11,"student_top_inst/Core_cpu/u_core_top/scoreboard_q_reg[4][fu][0]/C","student_top_inst/Core_cpu/u_core_top/scoreboard_q_reg[2][result][13]/R","setup"
1055,-0.436,5.000,4.967,11,"student_top_inst/Core_cpu/u_core_top/scoreboard_q_reg[4][fu][0]/C","student_top_inst/Core_cpu/u_core_top/scoreboard_q_reg[2][result][23]/R","setup"
1056,-0.436,5.000,4.967,11,"student_top_inst/Core_cpu/u_core_top/scoreboard_q_reg[4][fu][0]/C","student_top_inst/Core_cpu/u_core_top/scoreboard_q_reg[2][result][2]/R","setup"
1057,-0.435,5.000,5.468,15,"student_top_inst/Core_cpu/u_core_top/exec_q_reg[uop][imm][1]/C","student_top_inst/Core_cpu/u_core_top/exec_mem_addr_q_reg[15]/D","setup"
1058,-0.435,5.000,4.835,0,"student_top_inst/cpu_rst_sync_reg/C","student_top_inst/Core_cpu/u_core_top/store_q_reg[2][addr][1]/R","setup"
1059,-0.435,5.000,4.835,0,"student_top_inst/cpu_rst_sync_reg/C","student_top_inst/Core_cpu/u_core_top/store_q_reg[2][wdata][5]/R","setup"
1060,-0.435,5.000,4.984,11,"student_top_inst/Core_cpu/u_core_top/scoreboard_q_reg[4][fu][0]/C","student_top_inst/Core_cpu/u_core_top/scoreboard_q_reg[2][result][15]/R","setup"
1061,-0.435,5.000,4.984,11,"student_top_inst/Core_cpu/u_core_top/scoreboard_q_reg[4][fu][0]/C","student_top_inst/Core_cpu/u_core_top/scoreboard_q_reg[2][result][8]/R","setup"
1062,-0.435,5.000,4.963,10,"student_top_inst/Core_cpu/u_core_top/scoreboard_q_reg[4][fu][0]/C","student_top_inst/Core_cpu/u_core_top/scoreboard_q_reg[3][result][11]/R","setup"
1063,-0.435,5.000,4.963,10,"student_top_inst/Core_cpu/u_core_top/scoreboard_q_reg[4][fu][0]/C","student_top_inst/Core_cpu/u_core_top/scoreboard_q_reg[3][result][21]/R","setup"
1064,-0.435,5.000,4.963,10,"student_top_inst/Core_cpu/u_core_top/scoreboard_q_reg[4][fu][0]/C","student_top_inst/Core_cpu/u_core_top/scoreboard_q_reg[3][result][31]/R","setup"
1065,-0.435,5.000,4.965,10,"student_top_inst/Core_cpu/u_core_top/scoreboard_q_reg[4][fu][0]/C","student_top_inst/Core_cpu/u_core_top/scoreboard_q_reg[1][result][1]/R","setup"
1066,-0.434,5.000,4.835,0,"student_top_inst/cpu_rst_sync_reg/C","student_top_inst/Core_cpu/u_core_top/u_regfile/regs_q_reg[26][2]/R","setup"
1067,-0.434,5.000,4.835,0,"student_top_inst/cpu_rst_sync_reg/C","student_top_inst/Core_cpu/u_core_top/u_regfile/regs_q_reg[26][5]/R","setup"
1068,-0.434,5.000,4.835,0,"student_top_inst/cpu_rst_sync_reg/C","student_top_inst/Core_cpu/u_core_top/u_regfile/regs_q_reg[26][6]/R","setup"
1069,-0.434,5.000,4.835,0,"student_top_inst/cpu_rst_sync_reg/C","student_top_inst/Core_cpu/u_core_top/wb_data_q_reg[15]/R","setup"
1070,-0.434,5.000,4.835,0,"student_top_inst/cpu_rst_sync_reg/C","student_top_inst/Core_cpu/u_core_top/wb_data_q_reg[7]/R","setup"
1071,-0.434,5.000,4.835,0,"student_top_inst/cpu_rst_sync_reg/C","student_top_inst/Core_cpu/u_core_top/wb_data_q_reg[8]/R","setup"
1072,-0.434,5.000,4.962,11,"student_top_inst/Core_cpu/u_core_top/scoreboard_q_reg[4][fu][0]/C","student_top_inst/Core_cpu/u_core_top/scoreboard_q_reg[6][result][6]/R","setup"
1073,-0.433,5.000,4.840,0,"student_top_inst/cpu_rst_sync_reg/C","student_top_inst/Core_cpu/u_core_top/u_regfile/regs_q_reg[30][14]/R","setup"
1074,-0.433,5.000,4.840,0,"student_top_inst/cpu_rst_sync_reg/C","student_top_inst/Core_cpu/u_core_top/u_regfile/regs_q_reg[30][8]/R","setup"
1075,-0.433,5.000,5.047,10,"student_top_inst/Core_cpu/u_core_top/load_head_q_reg[0]/C","student_top_inst/Core_cpu/u_core_top/u_dcache/lookup_addr_q_reg[12]/CE","setup"
1076,-0.433,5.000,5.047,10,"student_top_inst/Core_cpu/u_core_top/load_head_q_reg[0]/C","student_top_inst/Core_cpu/u_core_top/u_dcache/lookup_addr_q_reg[6]/CE","setup"
1077,-0.433,5.000,5.047,10,"student_top_inst/Core_cpu/u_core_top/load_head_q_reg[0]/C","student_top_inst/Core_cpu/u_core_top/u_dcache/lookup_addr_q_reg[7]/CE","setup"
1078,-0.433,5.000,4.914,11,"student_top_inst/Core_cpu/u_core_top/scoreboard_q_reg[4][fu][0]/C","student_top_inst/Core_cpu/u_core_top/scoreboard_q_reg[1][exception_tval][18]/CE","setup"
1079,-0.433,5.000,4.914,11,"student_top_inst/Core_cpu/u_core_top/scoreboard_q_reg[4][fu][0]/C","student_top_inst/Core_cpu/u_core_top/scoreboard_q_reg[1][exception_tval][6]/CE","setup"
1080,-0.433,5.000,4.914,11,"student_top_inst/Core_cpu/u_core_top/scoreboard_q_reg[4][fu][0]/C","student_top_inst/Core_cpu/u_core_top/scoreboard_q_reg[1][exception_tval][7]/CE","setup"
1081,-0.433,5.000,4.914,11,"student_top_inst/Core_cpu/u_core_top/scoreboard_q_reg[4][fu][0]/C","student_top_inst/Core_cpu/u_core_top/scoreboard_q_reg[1][exception_valid]/CE","setup"
1082,-0.433,5.000,4.960,11,"student_top_inst/Core_cpu/u_core_top/scoreboard_q_reg[4][fu][0]/C","student_top_inst/Core_cpu/u_core_top/scoreboard_q_reg[6][result][14]/R","setup"
1083,-0.433,5.000,4.960,11,"student_top_inst/Core_cpu/u_core_top/scoreboard_q_reg[4][fu][0]/C","student_top_inst/Core_cpu/u_core_top/scoreboard_q_reg[6][result][18]/R","setup"
1084,-0.433,5.000,4.960,11,"student_top_inst/Core_cpu/u_core_top/scoreboard_q_reg[4][fu][0]/C","student_top_inst/Core_cpu/u_core_top/scoreboard_q_reg[6][result][23]/R","setup"
1085,-0.432,5.000,5.234,0,"student_top_inst/mem_bridge/dram_adapter/read_valid_d1_reg/C","student_top_inst/mem_bridge/dram_adapter/dram/U0/inst_blk_mem_gen/gnbram.gnativebmg.native_blk_mem_gen/valid.cstr/has_mux_a.A/douta[11]_INST_0_i_4_psbram/CE","setup"
1086,-0.432,5.000,5.234,0,"student_top_inst/mem_bridge/dram_adapter/read_valid_d1_reg/C","student_top_inst/mem_bridge/dram_adapter/dram/U0/inst_blk_mem_gen/gnbram.gnativebmg.native_blk_mem_gen/valid.cstr/has_mux_a.A/douta[15]_INST_0_i_4_psbram/CE","setup"
1087,-0.431,5.000,4.865,0,"student_top_inst/cpu_rst_sync_reg/C","student_top_inst/Core_cpu/u_core_top/u_regfile/regs_q_reg[17][6]/R","setup"
1088,-0.431,5.000,5.040,10,"student_top_inst/Core_cpu/u_core_top/load_head_q_reg[0]/C","student_top_inst/Core_cpu/u_core_top/u_dcache/lookup_store_mask_q_reg[3]/CE","setup"
1089,-0.431,5.000,5.280,6,"student_top_inst/Core_cpu/u_core_top/u_dcache/g_data_bank[1].u_data_bank/mem_q_reg_1/CLKBWRCLK","student_top_inst/Core_cpu/u_core_top/scoreboard_q_reg[1][csr_src][27]/D","setup"
1090,-0.431,5.000,4.888,11,"student_top_inst/Core_cpu/u_core_top/scoreboard_q_reg[4][fu][0]/C","student_top_inst/Core_cpu/u_core_top/scoreboard_q_reg[0][exception_tval][16]/CE","setup"
1091,-0.431,5.000,4.888,11,"student_top_inst/Core_cpu/u_core_top/scoreboard_q_reg[4][fu][0]/C","student_top_inst/Core_cpu/u_core_top/scoreboard_q_reg[0][exception_tval][5]/CE","setup"
1092,-0.431,5.000,4.891,11,"student_top_inst/Core_cpu/u_core_top/scoreboard_q_reg[4][fu][0]/C","student_top_inst/Core_cpu/u_core_top/exec_q_reg[uop][alu_op][0]/CE","setup"
1093,-0.431,5.000,4.891,11,"student_top_inst/Core_cpu/u_core_top/scoreboard_q_reg[4][fu][0]/C","student_top_inst/Core_cpu/u_core_top/exec_q_reg[uop][imm][9]/CE","setup"
1094,-0.430,5.000,5.061,6,"student_top_inst/Core_cpu/u_core_top/commit_ptr_q_reg[2]_rep/C","student_top_inst/Core_cpu/u_core_top/u_csr/mcause_q_reg[28]/D","setup"
1095,-0.430,5.000,5.162,7,"student_top_inst/Core_cpu/u_core_top/commit_ptr_q_reg[2]_rep/C","student_top_inst/Core_cpu/u_core_top/u_csr/mepc_q_reg[18]/D","setup"
1096,-0.429,5.000,5.282,7,"student_top_inst/Core_cpu/u_core_top/u_dcache/g_data_bank[3].u_data_bank/mem_q_reg_0/CLKBWRCLK","student_top_inst/Core_cpu/u_core_top/scoreboard_q_reg[3][csr_src][21]/D","setup"
1097,-0.429,5.000,5.019,12,"student_top_inst/Core_cpu/u_core_top/scoreboard_q_reg[4][fu][0]/C","student_top_inst/Core_cpu/u_core_top/scoreboard_q_reg[5][csr_src][26]/R","setup"
1098,-0.429,5.000,5.019,12,"student_top_inst/Core_cpu/u_core_top/scoreboard_q_reg[4][fu][0]/C","student_top_inst/Core_cpu/u_core_top/scoreboard_q_reg[5][csr_src][31]/R","setup"
1099,-0.429,5.000,4.678,0,"student_top_inst/cpu_rst_sync_reg/C","student_top_inst/Core_cpu/u_core_top/scoreboard_q_reg[3][exception_tval][11]/R","setup"
1100,-0.429,5.000,4.678,0,"student_top_inst/cpu_rst_sync_reg/C","student_top_inst/Core_cpu/u_core_top/scoreboard_q_reg[3][exception_tval][23]/R","setup"
1101,-0.429,5.000,4.678,0,"student_top_inst/cpu_rst_sync_reg/C","student_top_inst/Core_cpu/u_core_top/scoreboard_q_reg[3][exception_tval][3]/R","setup"
1102,-0.429,5.000,4.678,0,"student_top_inst/cpu_rst_sync_reg/C","student_top_inst/Core_cpu/u_core_top/scoreboard_q_reg[3][exception_tval][7]/R","setup"
1103,-0.429,5.000,5.040,10,"student_top_inst/Core_cpu/u_core_top/load_head_q_reg[0]/C","student_top_inst/Core_cpu/u_core_top/u_dcache/lookup_store_data_q_reg[3]/CE","setup"
1104,-0.428,5.000,4.842,0,"student_top_inst/cpu_rst_sync_reg/C","student_top_inst/Core_cpu/u_core_top/u_regfile/regs_q_reg[25][13]/R","setup"
1105,-0.428,5.000,4.842,0,"student_top_inst/cpu_rst_sync_reg/C","student_top_inst/Core_cpu/u_core_top/u_regfile/regs_q_reg[25][9]/R","setup"
1106,-0.428,5.000,4.688,0,"student_top_inst/cpu_rst_sync_reg/C","student_top_inst/Core_cpu/u_core_top/u_regfile/regs_q_reg[9][17]/R","setup"
1107,-0.427,5.000,4.885,12,"student_top_inst/Core_cpu/u_core_top/scoreboard_q_reg[4][fu][0]/C","student_top_inst/Core_cpu/u_core_top/scoreboard_q_reg[7][exception_cause][0]/CE","setup"
1108,-0.427,5.000,4.885,12,"student_top_inst/Core_cpu/u_core_top/scoreboard_q_reg[4][fu][0]/C","student_top_inst/Core_cpu/u_core_top/scoreboard_q_reg[7][exception_tval][12]/CE","setup"
1109,-0.427,5.000,4.885,12,"student_top_inst/Core_cpu/u_core_top/scoreboard_q_reg[4][fu][0]/C","student_top_inst/Core_cpu/u_core_top/scoreboard_q_reg[7][exception_tval][19]/CE","setup"
1110,-0.427,5.000,5.039,10,"student_top_inst/Core_cpu/u_core_top/load_head_q_reg[0]/C","student_top_inst/Core_cpu/u_core_top/u_dcache/lookup_store_data_q_reg[12]/CE","setup"
1111,-0.427,5.000,5.039,10,"student_top_inst/Core_cpu/u_core_top/load_head_q_reg[0]/C","student_top_inst/Core_cpu/u_core_top/u_dcache/lookup_store_data_q_reg[20]/CE","setup"
1112,-0.427,5.000,5.039,10,"student_top_inst/Core_cpu/u_core_top/load_head_q_reg[0]/C","student_top_inst/Core_cpu/u_core_top/u_dcache/lookup_word_q_reg[1]/CE","setup"
1113,-0.426,5.000,4.687,0,"student_top_inst/cpu_rst_sync_reg/C","student_top_inst/Core_cpu/u_core_top/u_regfile/regs_q_reg[18][17]/R","setup"
1114,-0.426,5.000,5.046,6,"student_top_inst/Core_cpu/u_core_top/commit_ptr_q_reg[2]_rep/C","student_top_inst/Core_cpu/u_core_top/u_csr/mtvec_q_reg[21]/D","setup"
1115,-0.426,5.000,4.895,10,"student_top_inst/Core_cpu/u_core_top/scoreboard_q_reg[4][fu][0]/C","student_top_inst/Core_cpu/u_core_top/id_uop_q_reg[pred_next_pc][12]/CE","setup"
1116,-0.426,5.000,4.895,10,"student_top_inst/Core_cpu/u_core_top/scoreboard_q_reg[4][fu][0]/C","student_top_inst/Core_cpu/u_core_top/id_uop_q_reg[pred_next_pc][13]/CE","setup"
1117,-0.426,5.000,4.895,10,"student_top_inst/Core_cpu/u_core_top/scoreboard_q_reg[4][fu][0]/C","student_top_inst/Core_cpu/u_core_top/id_uop_q_reg[pred_next_pc][14]/CE","setup"
1118,-0.426,5.000,4.895,10,"student_top_inst/Core_cpu/u_core_top/scoreboard_q_reg[4][fu][0]/C","student_top_inst/Core_cpu/u_core_top/id_uop_q_reg[pred_next_pc][15]/CE","setup"
1119,-0.426,5.000,4.895,10,"student_top_inst/Core_cpu/u_core_top/scoreboard_q_reg[4][fu][0]/C","student_top_inst/Core_cpu/u_core_top/id_uop_q_reg[pred_next_pc][16]/CE","setup"
1120,-0.426,5.000,4.895,10,"student_top_inst/Core_cpu/u_core_top/scoreboard_q_reg[4][fu][0]/C","student_top_inst/Core_cpu/u_core_top/id_uop_q_reg[pred_next_pc][17]/CE","setup"
1121,-0.425,5.000,4.952,10,"student_top_inst/Core_cpu/u_core_top/scoreboard_q_reg[4][fu][0]/C","student_top_inst/Core_cpu/u_core_top/scoreboard_q_reg[4][result][23]/R","setup"
1122,-0.425,5.000,4.952,10,"student_top_inst/Core_cpu/u_core_top/scoreboard_q_reg[4][fu][0]/C","student_top_inst/Core_cpu/u_core_top/scoreboard_q_reg[4][result][29]/R","setup"
1123,-0.425,5.000,4.952,10,"student_top_inst/Core_cpu/u_core_top/scoreboard_q_reg[4][fu][0]/C","student_top_inst/Core_cpu/u_core_top/scoreboard_q_reg[4][result][31]/R","setup"
1124,-0.424,5.000,4.882,12,"student_top_inst/Core_cpu/u_core_top/scoreboard_q_reg[4][fu][0]/C","student_top_inst/Core_cpu/u_core_top/scoreboard_q_reg[7][exception_cause][1]/CE","setup"
1125,-0.424,5.000,4.882,12,"student_top_inst/Core_cpu/u_core_top/scoreboard_q_reg[4][fu][0]/C","student_top_inst/Core_cpu/u_core_top/scoreboard_q_reg[7][exception_tval][15]/CE","setup"
1126,-0.424,5.000,4.882,12,"student_top_inst/Core_cpu/u_core_top/scoreboard_q_reg[4][fu][0]/C","student_top_inst/Core_cpu/u_core_top/scoreboard_q_reg[7][exception_tval][18]/CE","setup"
1127,-0.424,5.000,4.882,12,"student_top_inst/Core_cpu/u_core_top/scoreboard_q_reg[4][fu][0]/C","student_top_inst/Core_cpu/u_core_top/scoreboard_q_reg[7][exception_tval][28]/CE","setup"
1128,-0.424,5.000,4.847,0,"student_top_inst/cpu_rst_sync_reg/C","student_top_inst/Core_cpu/u_core_top/store_q_reg[3][addr][1]/R","setup"
1129,-0.424,5.000,4.847,0,"student_top_inst/cpu_rst_sync_reg/C","student_top_inst/Core_cpu/u_core_top/store_q_reg[3][wdata][5]/R","setup"
1130,-0.424,5.000,4.872,11,"student_top_inst/Core_cpu/u_core_top/scoreboard_q_reg[4][fu][0]/C","student_top_inst/Core_cpu/u_core_top/scoreboard_q_reg[6][pc][5]/CE","setup"
1131,-0.424,5.000,4.872,11,"student_top_inst/Core_cpu/u_core_top/scoreboard_q_reg[4][fu][0]/C","student_top_inst/Core_cpu/u_core_top/scoreboard_q_reg[6][pc][9]/CE","setup"
1132,-0.424,5.000,4.855,0,"student_top_inst/cpu_rst_sync_reg/C","student_top_inst/Core_cpu/u_core_top/store_q_reg[3][wdata][16]/R","setup"
1133,-0.424,5.000,4.855,0,"student_top_inst/cpu_rst_sync_reg/C","student_top_inst/Core_cpu/u_core_top/store_q_reg[3][wdata][19]/R","setup"
1134,-0.424,5.000,4.855,0,"student_top_inst/cpu_rst_sync_reg/C","student_top_inst/Core_cpu/u_core_top/store_q_reg[3][wdata][22]/R","setup"
1135,-0.424,5.000,4.855,0,"student_top_inst/cpu_rst_sync_reg/C","student_top_inst/Core_cpu/u_core_top/store_q_reg[3][wdata][7]/R","setup"
1136,-0.424,5.000,5.394,8,"student_top_inst/Core_cpu/u_core_top/u_muldiv/b_q_reg[22]/C","student_top_inst/Core_cpu/u_core_top/scoreboard_q_reg[1][csr_src][17]/D","setup"
1137,-0.423,5.000,5.036,12,"student_top_inst/Core_cpu/u_core_top/scoreboard_q_reg[4][fu][0]/C","student_top_inst/Core_cpu/u_core_top/scoreboard_q_reg[7][csr_src][26]/R","setup"
1138,-0.423,5.000,5.031,10,"student_top_inst/Core_cpu/u_core_top/load_head_q_reg[0]/C","student_top_inst/Core_cpu/u_core_top/u_dcache/lookup_index_q_reg[9]/CE","setup"
1139,-0.422,5.000,5.112,12,"student_top_inst/Core_cpu/u_core_top/scoreboard_q_reg[4][fu][0]/C","student_top_inst/Core_cpu/u_core_top/producer_valid_q_reg[13]/D","setup"
1140,-0.422,5.000,4.844,0,"student_top_inst/cpu_rst_sync_reg/C","student_top_inst/Core_cpu/u_core_top/store_q_reg[3][wstrb][1]/R","setup"
1141,-0.422,5.000,4.894,11,"student_top_inst/Core_cpu/u_core_top/scoreboard_q_reg[4][fu][0]/C","student_top_inst/Core_cpu/u_core_top/scoreboard_q_reg[6][pc][16]/CE","setup"
1142,-0.422,5.000,4.894,11,"student_top_inst/Core_cpu/u_core_top/scoreboard_q_reg[4][fu][0]/C","student_top_inst/Core_cpu/u_core_top/scoreboard_q_reg[6][pc][23]/CE","setup"
1143,-0.422,5.000,4.894,11,"student_top_inst/Core_cpu/u_core_top/scoreboard_q_reg[4][fu][0]/C","student_top_inst/Core_cpu/u_core_top/scoreboard_q_reg[6][pc][24]/CE","setup"
1144,-0.422,5.000,4.894,11,"student_top_inst/Core_cpu/u_core_top/scoreboard_q_reg[4][fu][0]/C","student_top_inst/Core_cpu/u_core_top/scoreboard_q_reg[6][pc][2]/CE","setup"
1145,-0.422,5.000,4.894,11,"student_top_inst/Core_cpu/u_core_top/scoreboard_q_reg[4][fu][0]/C","student_top_inst/Core_cpu/u_core_top/scoreboard_q_reg[6][pc][31]/CE","setup"
1146,-0.421,5.000,4.815,0,"student_top_inst/cpu_rst_sync_reg/C","student_top_inst/Core_cpu/u_core_top/store_q_reg[3][addr][2]/R","setup"
1147,-0.421,5.000,5.130,7,"student_top_inst/Core_cpu/u_core_top/commit_ptr_q_reg[2]_rep/C","student_top_inst/Core_cpu/u_core_top/u_csr/mstatus_q_reg[27]/D","setup"
1148,-0.420,5.000,5.042,6,"student_top_inst/Core_cpu/u_core_top/commit_ptr_q_reg[2]_rep/C","student_top_inst/Core_cpu/u_core_top/u_csr/mscratch_q_reg[10]/D","setup"
1149,-0.420,5.000,5.272,7,"student_top_inst/Core_cpu/u_core_top/u_dcache/g_data_bank[3].u_data_bank/mem_q_reg_0/CLKBWRCLK","student_top_inst/Core_cpu/u_core_top/scoreboard_q_reg[5][csr_src][30]/D","setup"
1150,-0.420,5.000,4.891,10,"student_top_inst/Core_cpu/u_core_top/scoreboard_q_reg[4][fu][0]/C","student_top_inst/Core_cpu/u_core_top/id_uop_q_reg[pred_next_pc][0]/CE","setup"
1151,-0.420,5.000,4.891,10,"student_top_inst/Core_cpu/u_core_top/scoreboard_q_reg[4][fu][0]/C","student_top_inst/Core_cpu/u_core_top/id_uop_q_reg[pred_next_pc][1]/CE","setup"
1152,-0.420,5.000,4.891,10,"student_top_inst/Core_cpu/u_core_top/scoreboard_q_reg[4][fu][0]/C","student_top_inst/Core_cpu/u_core_top/id_uop_q_reg[pred_next_pc][2]/CE","setup"
1153,-0.420,5.000,4.891,10,"student_top_inst/Core_cpu/u_core_top/scoreboard_q_reg[4][fu][0]/C","student_top_inst/Core_cpu/u_core_top/id_uop_q_reg[pred_next_pc][3]/CE","setup"
1154,-0.420,5.000,4.891,10,"student_top_inst/Core_cpu/u_core_top/scoreboard_q_reg[4][fu][0]/C","student_top_inst/Core_cpu/u_core_top/id_uop_q_reg[pred_next_pc][4]/CE","setup"
1155,-0.420,5.000,4.891,10,"student_top_inst/Core_cpu/u_core_top/scoreboard_q_reg[4][fu][0]/C","student_top_inst/Core_cpu/u_core_top/id_uop_q_reg[pred_next_pc][5]/CE","setup"
1156,-0.420,5.000,5.126,7,"student_top_inst/Core_cpu/u_core_top/commit_ptr_q_reg[2]_rep/C","student_top_inst/Core_cpu/u_core_top/u_csr/mstatus_q_reg[19]/D","setup"
1157,-0.420,5.000,5.034,10,"student_top_inst/Core_cpu/u_core_top/load_head_q_reg[0]/C","student_top_inst/Core_cpu/u_core_top/u_dcache/p_2_out__5_rep__0/CE","setup"
1158,-0.420,5.000,5.034,10,"student_top_inst/Core_cpu/u_core_top/load_head_q_reg[0]/C","student_top_inst/Core_cpu/u_core_top/u_dcache/p_2_out__5_rep__3/CE","setup"
1159,-0.420,5.000,5.034,10,"student_top_inst/Core_cpu/u_core_top/load_head_q_reg[0]/C","student_top_inst/Core_cpu/u_core_top/u_dcache/p_2_out__8/CE","setup"
1160,-0.420,5.000,5.034,10,"student_top_inst/Core_cpu/u_core_top/load_head_q_reg[0]/C","student_top_inst/Core_cpu/u_core_top/u_dcache/p_2_out__8_rep__3/CE","setup"
1161,-0.419,5.000,4.813,0,"student_top_inst/cpu_rst_sync_reg/C","student_top_inst/Core_cpu/u_core_top/store_q_reg[2][addr][29]/R","setup"
1162,-0.419,5.000,4.813,0,"student_top_inst/cpu_rst_sync_reg/C","student_top_inst/Core_cpu/u_core_top/store_q_reg[2][addr][30]/R","setup"
1163,-0.419,5.000,4.948,10,"student_top_inst/Core_cpu/u_core_top/scoreboard_q_reg[4][fu][0]/C","student_top_inst/Core_cpu/u_core_top/scoreboard_q_reg[1][result][22]/R","setup"
1164,-0.419,5.000,4.948,10,"student_top_inst/Core_cpu/u_core_top/scoreboard_q_reg[4][fu][0]/C","student_top_inst/Core_cpu/u_core_top/scoreboard_q_reg[1][result][23]/R","setup"
1165,-0.419,5.000,4.948,10,"student_top_inst/Core_cpu/u_core_top/scoreboard_q_reg[4][fu][0]/C","student_top_inst/Core_cpu/u_core_top/scoreboard_q_reg[1][result][3]/R","setup"
1166,-0.419,5.000,4.948,10,"student_top_inst/Core_cpu/u_core_top/scoreboard_q_reg[4][fu][0]/C","student_top_inst/Core_cpu/u_core_top/scoreboard_q_reg[1][result][7]/R","setup"
1167,-0.419,5.000,5.267,7,"student_top_inst/Core_cpu/u_core_top/u_dcache/g_data_bank[3].u_data_bank/mem_q_reg_0/CLKBWRCLK","student_top_inst/Core_cpu/u_core_top/exec_q_reg[op2][3]/D","setup"
1168,-0.419,5.000,4.867,11,"student_top_inst/Core_cpu/u_core_top/scoreboard_q_reg[4][fu][0]/C","student_top_inst/Core_cpu/u_core_top/scoreboard_q_reg[6][link_addr][0]/CE","setup"
1169,-0.419,5.000,4.867,11,"student_top_inst/Core_cpu/u_core_top/scoreboard_q_reg[4][fu][0]/C","student_top_inst/Core_cpu/u_core_top/scoreboard_q_reg[6][pc][25]/CE","setup"
1170,-0.419,5.000,5.123,7,"student_top_inst/Core_cpu/u_core_top/commit_ptr_q_reg[2]_rep/C","student_top_inst/Core_cpu/u_core_top/u_csr/mepc_q_reg[30]/D","setup"
1171,-0.418,5.000,4.970,11,"student_top_inst/Core_cpu/u_core_top/scoreboard_q_reg[4][fu][0]/C","student_top_inst/Core_cpu/u_core_top/scoreboard_q_reg[2][result][24]/R","setup"
1172,-0.418,5.000,4.668,0,"student_top_inst/cpu_rst_sync_reg/C","student_top_inst/Core_cpu/u_core_top/u_regfile/regs_q_reg[11][19]/R","setup"
1173,-0.418,5.000,5.371,8,"student_top_inst/Core_cpu/u_core_top/u_muldiv/b_q_reg[22]/C","student_top_inst/Core_cpu/u_core_top/scoreboard_q_reg[6][csr_src][17]/D","setup"
1174,-0.417,5.000,5.052,6,"student_top_inst/Core_cpu/u_core_top/commit_ptr_q_reg[2]_rep/C","student_top_inst/Core_cpu/u_core_top/u_csr/mtvec_q_reg[19]/D","setup"
1175,-0.417,5.000,5.123,7,"student_top_inst/Core_cpu/u_core_top/commit_ptr_q_reg[2]_rep/C","student_top_inst/Core_cpu/u_core_top/u_csr/mstatus_q_reg[18]/D","setup"
1176,-0.417,5.000,5.105,11,"student_top_inst/Core_cpu/u_core_top/scoreboard_q_reg[4][fu][0]/C","student_top_inst/Core_cpu/u_core_top/scoreboard_q_reg[6][csr_src][2]/CE","setup"
1177,-0.416,5.000,4.886,10,"student_top_inst/Core_cpu/u_core_top/scoreboard_q_reg[4][fu][0]/C","student_top_inst/Core_cpu/u_core_top/id_uop_q_reg[exception_tval][15]/CE","setup"
1178,-0.416,5.000,4.886,10,"student_top_inst/Core_cpu/u_core_top/scoreboard_q_reg[4][fu][0]/C","student_top_inst/Core_cpu/u_core_top/id_uop_q_reg[exception_tval][16]/CE","setup"
1179,-0.416,5.000,4.886,10,"student_top_inst/Core_cpu/u_core_top/scoreboard_q_reg[4][fu][0]/C","student_top_inst/Core_cpu/u_core_top/id_uop_q_reg[exception_tval][17]/CE","setup"
1180,-0.416,5.000,4.886,10,"student_top_inst/Core_cpu/u_core_top/scoreboard_q_reg[4][fu][0]/C","student_top_inst/Core_cpu/u_core_top/id_uop_q_reg[exception_tval][18]/CE","setup"
1181,-0.416,5.000,4.886,10,"student_top_inst/Core_cpu/u_core_top/scoreboard_q_reg[4][fu][0]/C","student_top_inst/Core_cpu/u_core_top/id_uop_q_reg[instr][6]/CE","setup"
1182,-0.416,5.000,4.886,10,"student_top_inst/Core_cpu/u_core_top/scoreboard_q_reg[4][fu][0]/C","student_top_inst/Core_cpu/u_core_top/id_uop_q_reg[rs1]_rep[3]/CE","setup"
1183,-0.416,5.000,4.886,10,"student_top_inst/Core_cpu/u_core_top/scoreboard_q_reg[4][fu][0]/C","student_top_inst/Core_cpu/u_core_top/id_uop_q_reg[rs1]_rep[4]/CE","setup"
1184,-0.416,5.000,4.886,10,"student_top_inst/Core_cpu/u_core_top/scoreboard_q_reg[4][fu][0]/C","student_top_inst/Core_cpu/u_core_top/id_uop_q_reg[rs2][4]/CE","setup"
1185,-0.416,5.000,4.895,12,"student_top_inst/Core_cpu/u_core_top/scoreboard_q_reg[4][fu][0]/C","student_top_inst/Core_cpu/u_core_top/scoreboard_q_reg[7][exception_tval][10]/CE","setup"
1186,-0.416,5.000,4.895,12,"student_top_inst/Core_cpu/u_core_top/scoreboard_q_reg[4][fu][0]/C","student_top_inst/Core_cpu/u_core_top/scoreboard_q_reg[7][exception_tval][21]/CE","setup"
1187,-0.416,5.000,4.895,12,"student_top_inst/Core_cpu/u_core_top/scoreboard_q_reg[4][fu][0]/C","student_top_inst/Core_cpu/u_core_top/scoreboard_q_reg[7][exception_tval][23]/CE","setup"
1188,-0.416,5.000,4.895,12,"student_top_inst/Core_cpu/u_core_top/scoreboard_q_reg[4][fu][0]/C","student_top_inst/Core_cpu/u_core_top/scoreboard_q_reg[7][exception_tval][25]/CE","setup"
1189,-0.416,5.000,4.840,0,"student_top_inst/cpu_rst_sync_reg/C","student_top_inst/Core_cpu/u_core_top/u_regfile/regs_q_reg[2][2]/R","setup"
1190,-0.415,5.000,5.023,10,"student_top_inst/Core_cpu/u_core_top/load_head_q_reg[0]/C","student_top_inst/Core_cpu/u_core_top/u_dcache/tag_read_q_reg[4]/CE","setup"
1191,-0.415,5.000,4.863,11,"student_top_inst/Core_cpu/u_core_top/scoreboard_q_reg[4][fu][0]/C","student_top_inst/Core_cpu/u_core_top/scoreboard_q_reg[6][csr_op][1]/CE","setup"
1192,-0.415,5.000,4.863,11,"student_top_inst/Core_cpu/u_core_top/scoreboard_q_reg[4][fu][0]/C","student_top_inst/Core_cpu/u_core_top/scoreboard_q_reg[6][is_call]/CE","setup"
1193,-0.415,5.000,4.863,11,"student_top_inst/Core_cpu/u_core_top/scoreboard_q_reg[4][fu][0]/C","student_top_inst/Core_cpu/u_core_top/scoreboard_q_reg[6][link_addr][27]/CE","setup"
1194,-0.415,5.000,4.863,11,"student_top_inst/Core_cpu/u_core_top/scoreboard_q_reg[4][fu][0]/C","student_top_inst/Core_cpu/u_core_top/scoreboard_q_reg[6][link_addr][28]/CE","setup"
1195,-0.415,5.000,4.863,11,"student_top_inst/Core_cpu/u_core_top/scoreboard_q_reg[4][fu][0]/C","student_top_inst/Core_cpu/u_core_top/scoreboard_q_reg[6][pc][11]/CE","setup"
1196,-0.415,5.000,4.828,0,"student_top_inst/cpu_rst_sync_reg/C","student_top_inst/Core_cpu/u_core_top/load_active_meta_q_reg[forward_data][2]/R","setup"
1197,-0.415,5.000,4.874,11,"student_top_inst/Core_cpu/u_core_top/scoreboard_q_reg[4][fu][0]/C","student_top_inst/Core_cpu/u_core_top/scoreboard_q_reg[1][exception_tval][17]/CE","setup"
1198,-0.415,5.000,4.874,11,"student_top_inst/Core_cpu/u_core_top/scoreboard_q_reg[4][fu][0]/C","student_top_inst/Core_cpu/u_core_top/scoreboard_q_reg[1][exception_tval][1]/CE","setup"
1199,-0.415,5.000,4.874,11,"student_top_inst/Core_cpu/u_core_top/scoreboard_q_reg[4][fu][0]/C","student_top_inst/Core_cpu/u_core_top/scoreboard_q_reg[1][exception_tval][26]/CE","setup"
1200,-0.415,5.000,4.874,11,"student_top_inst/Core_cpu/u_core_top/scoreboard_q_reg[4][fu][0]/C","student_top_inst/Core_cpu/u_core_top/scoreboard_q_reg[1][exception_tval][9]/CE","setup"
1201,-0.414,5.000,5.047,10,"student_top_inst/Core_cpu/u_core_top/load_head_q_reg[0]/C","student_top_inst/Core_cpu/u_core_top/u_dcache/lookup_tag_q_reg[15]/CE","setup"
1202,-0.414,5.000,5.047,10,"student_top_inst/Core_cpu/u_core_top/load_head_q_reg[0]/C","student_top_inst/Core_cpu/u_core_top/u_dcache/lookup_tag_q_reg[18]/CE","setup"
1203,-0.414,5.000,5.047,10,"student_top_inst/Core_cpu/u_core_top/load_head_q_reg[0]/C","student_top_inst/Core_cpu/u_core_top/u_dcache/lookup_tag_q_reg[23]/CE","setup"
1204,-0.414,5.000,5.047,10,"student_top_inst/Core_cpu/u_core_top/load_head_q_reg[0]/C","student_top_inst/Core_cpu/u_core_top/u_dcache/lookup_tag_q_reg[24]/CE","setup"
1205,-0.414,5.000,5.125,11,"student_top_inst/Core_cpu/u_core_top/scoreboard_q_reg[4][fu][0]/C","student_top_inst/Core_cpu/u_core_top/scoreboard_q_reg[6][csr_src][10]/CE","setup"
1206,-0.414,5.000,5.125,11,"student_top_inst/Core_cpu/u_core_top/scoreboard_q_reg[4][fu][0]/C","student_top_inst/Core_cpu/u_core_top/scoreboard_q_reg[6][csr_src][11]/CE","setup"
1207,-0.414,5.000,5.125,11,"student_top_inst/Core_cpu/u_core_top/scoreboard_q_reg[4][fu][0]/C","student_top_inst/Core_cpu/u_core_top/scoreboard_q_reg[6][csr_src][12]/CE","setup"
1208,-0.414,5.000,5.125,11,"student_top_inst/Core_cpu/u_core_top/scoreboard_q_reg[4][fu][0]/C","student_top_inst/Core_cpu/u_core_top/scoreboard_q_reg[6][csr_src][13]/CE","setup"
1209,-0.414,5.000,5.125,11,"student_top_inst/Core_cpu/u_core_top/scoreboard_q_reg[4][fu][0]/C","student_top_inst/Core_cpu/u_core_top/scoreboard_q_reg[6][csr_src][9]/CE","setup"
1210,-0.413,5.000,5.137,12,"student_top_inst/Core_cpu/u_core_top/scoreboard_q_reg[4][fu][0]/C","student_top_inst/Core_cpu/u_core_top/producer_valid_q_reg[21]/D","setup"
1211,-0.413,5.000,4.891,11,"student_top_inst/Core_cpu/u_core_top/scoreboard_q_reg[4][fu][0]/C","student_top_inst/Core_cpu/u_core_top/exec_q_reg[uop][pc][17]/CE","setup"
1212,-0.412,5.000,5.265,7,"student_top_inst/Core_cpu/u_core_top/u_dcache/g_data_bank[3].u_data_bank/mem_q_reg_0/CLKBWRCLK","student_top_inst/Core_cpu/u_core_top/scoreboard_q_reg[2][csr_src][25]/D","setup"
1213,-0.411,5.000,4.835,0,"student_top_inst/cpu_rst_sync_reg/C","student_top_inst/Core_cpu/u_core_top/store_q_reg[1][wdata][13]/R","setup"
1214,-0.411,5.000,4.835,0,"student_top_inst/cpu_rst_sync_reg/C","student_top_inst/Core_cpu/u_core_top/store_q_reg[1][wdata][29]/R","setup"
1215,-0.411,5.000,4.835,0,"student_top_inst/cpu_rst_sync_reg/C","student_top_inst/Core_cpu/u_core_top/store_q_reg[1][wdata][5]/R","setup"
1216,-0.411,5.000,4.831,0,"student_top_inst/cpu_rst_sync_reg/C","student_top_inst/Core_cpu/u_core_top/wb_data_q_reg[0]/R","setup"
1217,-0.411,5.000,4.870,11,"student_top_inst/Core_cpu/u_core_top/scoreboard_q_reg[4][fu][0]/C","student_top_inst/Core_cpu/u_core_top/scoreboard_q_reg[6][exception_tval][29]/CE","setup"
1218,-0.411,5.000,4.870,11,"student_top_inst/Core_cpu/u_core_top/scoreboard_q_reg[4][fu][0]/C","student_top_inst/Core_cpu/u_core_top/scoreboard_q_reg[6][exception_tval][30]/CE","setup"
1219,-0.411,5.000,4.870,11,"student_top_inst/Core_cpu/u_core_top/scoreboard_q_reg[4][fu][0]/C","student_top_inst/Core_cpu/u_core_top/scoreboard_q_reg[6][exception_tval][3]/CE","setup"
1220,-0.411,5.000,4.870,11,"student_top_inst/Core_cpu/u_core_top/scoreboard_q_reg[4][fu][0]/C","student_top_inst/Core_cpu/u_core_top/scoreboard_q_reg[6][exception_tval][4]/CE","setup"
1221,-0.411,5.000,4.999,12,"student_top_inst/Core_cpu/u_core_top/scoreboard_q_reg[4][fu][0]/C","student_top_inst/Core_cpu/u_core_top/scoreboard_q_reg[5][csr_src][12]/R","setup"
1222,-0.411,5.000,4.935,11,"student_top_inst/Core_cpu/u_core_top/scoreboard_q_reg[4][fu][0]/C","student_top_inst/Core_cpu/u_core_top/scoreboard_q_reg[6][result][19]/R","setup"
1223,-0.410,5.000,4.840,0,"student_top_inst/cpu_rst_sync_reg/C","student_top_inst/Core_cpu/u_core_top/u_regfile/regs_q_reg[12][5]/R","setup"
1224,-0.410,5.000,4.840,0,"student_top_inst/cpu_rst_sync_reg/C","student_top_inst/Core_cpu/u_core_top/u_regfile/regs_q_reg[12][8]/R","setup"
1225,-0.410,5.000,4.939,10,"student_top_inst/Core_cpu/u_core_top/scoreboard_q_reg[4][fu][0]/C","student_top_inst/Core_cpu/u_core_top/scoreboard_q_reg[4][result][13]/R","setup"
1226,-0.410,5.000,4.939,10,"student_top_inst/Core_cpu/u_core_top/scoreboard_q_reg[4][fu][0]/C","student_top_inst/Core_cpu/u_core_top/scoreboard_q_reg[4][result][7]/R","setup"
1227,-0.410,5.000,5.128,12,"student_top_inst/Core_cpu/u_core_top/scoreboard_q_reg[4][fu][0]/C","student_top_inst/Core_cpu/u_core_top/producer_valid_q_reg[9]/D","setup"
1228,-0.409,5.000,5.410,8,"student_top_inst/Core_cpu/u_core_top/u_muldiv/b_q_reg[22]/C","student_top_inst/Core_cpu/u_core_top/scoreboard_q_reg[0][csr_src][17]/D","setup"
1229,-0.409,5.000,5.273,7,"student_top_inst/Core_cpu/u_core_top/u_dcache/g_data_bank[3].u_data_bank/mem_q_reg_0/CLKBWRCLK","student_top_inst/Core_cpu/u_core_top/scoreboard_q_reg[7][csr_src][29]/D","setup"
1230,-0.409,5.000,4.804,0,"student_top_inst/cpu_rst_sync_reg/C","student_top_inst/Core_cpu/u_core_top/exec_q_reg[op2][8]/R","setup"
1231,-0.408,5.000,5.276,7,"student_top_inst/Core_cpu/u_core_top/u_dcache/g_data_bank[1].u_data_bank/mem_q_reg_1/CLKBWRCLK","student_top_inst/Core_cpu/u_core_top/exec_q_reg[op2][13]/D","setup"
1232,-0.408,5.000,5.032,6,"student_top_inst/Core_cpu/u_core_top/commit_ptr_q_reg[2]_rep/C","student_top_inst/Core_cpu/u_core_top/u_csr/mtvec_q_reg[27]/D","setup"
1233,-0.407,5.000,5.047,6,"student_top_inst/Core_cpu/u_core_top/commit_ptr_q_reg[2]_rep/C","student_top_inst/Core_cpu/u_core_top/u_csr/mcause_q_reg[18]/D","setup"
1234,-0.407,5.000,5.260,7,"student_top_inst/Core_cpu/u_core_top/u_dcache/g_data_bank[3].u_data_bank/mem_q_reg_0/CLKBWRCLK","student_top_inst/Core_cpu/u_core_top/scoreboard_q_reg[4][csr_src][29]/D","setup"
1235,-0.407,5.000,4.862,11,"student_top_inst/Core_cpu/u_core_top/scoreboard_q_reg[4][fu][0]/C","student_top_inst/Core_cpu/u_core_top/exec_q_reg[uop][alu_op][1]/CE","setup"
1236,-0.407,5.000,4.862,11,"student_top_inst/Core_cpu/u_core_top/scoreboard_q_reg[4][fu][0]/C","student_top_inst/Core_cpu/u_core_top/exec_q_reg[uop][pred_next_pc][23]/CE","setup"
1237,-0.406,5.000,4.870,11,"student_top_inst/Core_cpu/u_core_top/scoreboard_q_reg[4][fu][0]/C","student_top_inst/Core_cpu/u_core_top/exec_q_reg[uop][imm][18]/CE","setup"
1238,-0.406,5.000,4.870,11,"student_top_inst/Core_cpu/u_core_top/scoreboard_q_reg[4][fu][0]/C","student_top_inst/Core_cpu/u_core_top/exec_q_reg[uop][imm][22]/CE","setup"
1239,-0.406,5.000,4.870,11,"student_top_inst/Core_cpu/u_core_top/scoreboard_q_reg[4][fu][0]/C","student_top_inst/Core_cpu/u_core_top/exec_q_reg[uop][imm][23]/CE","setup"
1240,-0.406,5.000,4.870,11,"student_top_inst/Core_cpu/u_core_top/scoreboard_q_reg[4][fu][0]/C","student_top_inst/Core_cpu/u_core_top/exec_q_reg[uop][imm][30]/CE","setup"
1241,-0.406,5.000,4.932,10,"student_top_inst/Core_cpu/u_core_top/scoreboard_q_reg[4][fu][0]/C","student_top_inst/Core_cpu/u_core_top/scoreboard_q_reg[0][result][14]/R","setup"
1242,-0.405,5.000,4.842,0,"student_top_inst/cpu_rst_sync_reg/C","student_top_inst/Core_cpu/u_core_top/u_regfile/regs_q_reg[1][13]/R","setup"
1243,-0.405,5.000,4.842,0,"student_top_inst/cpu_rst_sync_reg/C","student_top_inst/Core_cpu/u_core_top/u_regfile/regs_q_reg[1][9]/R","setup"
1244,-0.405,5.000,4.932,10,"student_top_inst/Core_cpu/u_core_top/scoreboard_q_reg[4][fu][0]/C","student_top_inst/Core_cpu/u_core_top/scoreboard_q_reg[1][result][16]/R","setup"
1245,-0.405,5.000,4.932,10,"student_top_inst/Core_cpu/u_core_top/scoreboard_q_reg[4][fu][0]/C","student_top_inst/Core_cpu/u_core_top/scoreboard_q_reg[1][result][21]/R","setup"
1246,-0.405,5.000,4.932,10,"student_top_inst/Core_cpu/u_core_top/scoreboard_q_reg[4][fu][0]/C","student_top_inst/Core_cpu/u_core_top/scoreboard_q_reg[1][result][30]/R","setup"
1247,-0.405,5.000,5.254,7,"student_top_inst/Core_cpu/u_core_top/u_dcache/g_data_bank[3].u_data_bank/mem_q_reg_0/CLKBWRCLK","student_top_inst/Core_cpu/u_core_top/scoreboard_q_reg[7][csr_src][18]/D","setup"
1248,-0.405,5.000,5.260,0,"student_top_inst/Core_cpu/u_core_top/u_dmem_regslice/req_addr_q_reg[7]/C","student_top_inst/mem_bridge/dram_adapter/dram/U0/inst_blk_mem_gen/gnbram.gnativebmg.native_blk_mem_gen/valid.cstr/ramloop[63].ram.r/prim_init.ram/DEVICE_7SERIES.NO_BMM_INFO.SP.SIMPLE_PRIM36.ram/ADDRARDADDR[8]","setup"
1249,-0.405,5.000,5.247,7,"student_top_inst/Core_cpu/u_core_top/u_dcache/g_data_bank[3].u_data_bank/mem_q_reg_0/CLKBWRCLK","student_top_inst/Core_cpu/u_core_top/scoreboard_q_reg[0][result][25]/D","setup"
1250,-0.405,5.000,4.935,10,"student_top_inst/Core_cpu/u_core_top/scoreboard_q_reg[4][fu][0]/C","student_top_inst/Core_cpu/u_core_top/scoreboard_q_reg[0][result][12]/R","setup"
1251,-0.405,5.000,4.935,10,"student_top_inst/Core_cpu/u_core_top/scoreboard_q_reg[4][fu][0]/C","student_top_inst/Core_cpu/u_core_top/scoreboard_q_reg[0][result][2]/R","setup"
1252,-0.404,5.000,5.036,10,"student_top_inst/Core_cpu/u_core_top/load_head_q_reg[0]/C","student_top_inst/Core_cpu/u_core_top/u_dcache/lookup_tag_q_reg[16]/CE","setup"
1253,-0.404,5.000,5.036,10,"student_top_inst/Core_cpu/u_core_top/load_head_q_reg[0]/C","student_top_inst/Core_cpu/u_core_top/u_dcache/lookup_tag_q_reg[19]/CE","setup"
1254,-0.404,5.000,5.036,10,"student_top_inst/Core_cpu/u_core_top/load_head_q_reg[0]/C","student_top_inst/Core_cpu/u_core_top/u_dcache/lookup_tag_q_reg[20]/CE","setup"
1255,-0.404,5.000,5.036,10,"student_top_inst/Core_cpu/u_core_top/load_head_q_reg[0]/C","student_top_inst/Core_cpu/u_core_top/u_dcache/lookup_tag_q_reg[26]/CE","setup"
1256,-0.403,5.000,4.792,0,"student_top_inst/cpu_rst_sync_reg/C","student_top_inst/Core_cpu/u_core_top/store_q_reg[3][addr][13]/R","setup"
1257,-0.403,5.000,4.954,10,"student_top_inst/Core_cpu/u_core_top/scoreboard_q_reg[4][fu][0]/C","student_top_inst/Core_cpu/u_core_top/scoreboard_q_reg[1][result][0]/R","setup"
1258,-0.403,5.000,4.954,10,"student_top_inst/Core_cpu/u_core_top/scoreboard_q_reg[4][fu][0]/C","student_top_inst/Core_cpu/u_core_top/scoreboard_q_reg[1][result][2]/R","setup"
1259,-0.403,5.000,4.954,10,"student_top_inst/Core_cpu/u_core_top/scoreboard_q_reg[4][fu][0]/C","student_top_inst/Core_cpu/u_core_top/scoreboard_q_reg[1][result][9]/R","setup"
1260,-0.403,5.000,5.108,7,"student_top_inst/Core_cpu/u_core_top/commit_ptr_q_reg[2]_rep/C","student_top_inst/Core_cpu/u_core_top/u_csr/mtval_q_reg[26]/D","setup"
1261,-0.403,5.000,5.217,0,"student_top_inst/Core_cpu/u_core_top/u_dmem_regslice/req_addr_q_reg[6]/C","student_top_inst/mem_bridge/dram_adapter/dram/U0/inst_blk_mem_gen/gnbram.gnativebmg.native_blk_mem_gen/valid.cstr/ramloop[10].ram.r/prim_init.ram/DEVICE_7SERIES.NO_BMM_INFO.SP.SIMPLE_PRIM36.ram/ADDRARDADDR[7]","setup"
1262,-0.403,5.000,4.860,12,"student_top_inst/Core_cpu/u_core_top/scoreboard_q_reg[4][fu][0]/C","student_top_inst/Core_cpu/u_core_top/scoreboard_q_reg[7][exception_tval][16]/CE","setup"
1263,-0.403,5.000,4.860,12,"student_top_inst/Core_cpu/u_core_top/scoreboard_q_reg[4][fu][0]/C","student_top_inst/Core_cpu/u_core_top/scoreboard_q_reg[7][exception_tval][1]/CE","setup"
1264,-0.403,5.000,4.860,12,"student_top_inst/Core_cpu/u_core_top/scoreboard_q_reg[4][fu][0]/C","student_top_inst/Core_cpu/u_core_top/scoreboard_q_reg[7][exception_tval][27]/CE","setup"
1265,-0.403,5.000,4.860,12,"student_top_inst/Core_cpu/u_core_top/scoreboard_q_reg[4][fu][0]/C","student_top_inst/Core_cpu/u_core_top/scoreboard_q_reg[7][exception_tval][9]/CE","setup"
1266,-0.402,5.000,5.017,10,"student_top_inst/Core_cpu/u_core_top/load_head_q_reg[0]/C","student_top_inst/Core_cpu/u_core_top/u_dcache/p_2_out__7_rep__0/CE","setup"
1267,-0.402,5.000,4.930,10,"student_top_inst/Core_cpu/u_core_top/scoreboard_q_reg[4][fu][0]/C","student_top_inst/Core_cpu/u_core_top/scoreboard_q_reg[3][result][18]/R","setup"
1268,-0.402,5.000,4.930,10,"student_top_inst/Core_cpu/u_core_top/scoreboard_q_reg[4][fu][0]/C","student_top_inst/Core_cpu/u_core_top/scoreboard_q_reg[3][result][4]/R","setup"
1269,-0.402,5.000,4.930,10,"student_top_inst/Core_cpu/u_core_top/scoreboard_q_reg[4][fu][0]/C","student_top_inst/Core_cpu/u_core_top/scoreboard_q_reg[3][result][6]/R","setup"
1270,-0.401,5.000,5.042,6,"student_top_inst/Core_cpu/u_core_top/commit_ptr_q_reg[2]_rep/C","student_top_inst/Core_cpu/u_core_top/u_csr/mtvec_q_reg[22]/D","setup"
1271,-0.400,5.000,5.432,14,"student_top_inst/Core_cpu/u_core_top/exec_q_reg[uop][imm][1]/C","student_top_inst/Core_cpu/u_core_top/exec_mem_addr_q_reg[9]/D","setup"
1272,-0.400,5.000,5.091,12,"student_top_inst/Core_cpu/u_core_top/scoreboard_q_reg[4][fu][0]/C","student_top_inst/Core_cpu/u_core_top/producer_valid_q_reg[12]/D","setup"
1273,-0.400,5.000,5.105,7,"student_top_inst/Core_cpu/u_core_top/commit_ptr_q_reg[2]_rep/C","student_top_inst/Core_cpu/u_core_top/u_csr/mstatus_q_reg[22]/D","setup"
1274,-0.399,5.000,4.953,10,"student_top_inst/Core_cpu/u_core_top/scoreboard_q_reg[4][fu][0]/C","student_top_inst/Core_cpu/u_core_top/scoreboard_q_reg[4][result][11]/R","setup"
1275,-0.399,5.000,5.267,0,"student_top_inst/Core_cpu/u_core_top/u_dmem_regslice/req_addr_q_reg[7]/C","student_top_inst/mem_bridge/dram_adapter/dram/U0/inst_blk_mem_gen/gnbram.gnativebmg.native_blk_mem_gen/valid.cstr/ramloop[55].ram.r/prim_init.ram/DEVICE_7SERIES.NO_BMM_INFO.SP.SIMPLE_PRIM36.ram/ADDRARDADDR[8]","setup"
1276,-0.399,5.000,4.793,0,"student_top_inst/cpu_rst_sync_reg/C","student_top_inst/Core_cpu/u_core_top/store_q_reg[0][addr][16]/R","setup"
1277,-0.399,5.000,4.856,12,"student_top_inst/Core_cpu/u_core_top/scoreboard_q_reg[4][fu][0]/C","student_top_inst/Core_cpu/u_core_top/scoreboard_q_reg[7][exception_tval][5]/CE","setup"
1278,-0.399,5.000,4.856,12,"student_top_inst/Core_cpu/u_core_top/scoreboard_q_reg[4][fu][0]/C","student_top_inst/Core_cpu/u_core_top/scoreboard_q_reg[7][exception_tval][7]/CE","setup"
1279,-0.398,5.000,5.105,7,"student_top_inst/Core_cpu/u_core_top/commit_ptr_q_reg[2]_rep/C","student_top_inst/Core_cpu/u_core_top/u_csr/mstatus_q_reg[25]/D","setup"
1280,-0.398,5.000,5.039,6,"student_top_inst/Core_cpu/u_core_top/commit_ptr_q_reg[2]_rep/C","student_top_inst/Core_cpu/u_core_top/u_csr/mtvec_q_reg[30]/D","setup"
1281,-0.398,5.000,5.191,8,"student_top_inst/Core_cpu/u_core_top/u_muldiv/b_q_reg[22]/C","student_top_inst/Core_cpu/u_core_top/exec_q_reg[op1][1]/D","setup"
1282,-0.398,5.000,4.926,11,"student_top_inst/Core_cpu/u_core_top/scoreboard_q_reg[4][fu][0]/C","student_top_inst/Core_cpu/u_core_top/scoreboard_q_reg[6][result][24]/R","setup"
1283,-0.398,5.000,4.926,11,"student_top_inst/Core_cpu/u_core_top/scoreboard_q_reg[4][fu][0]/C","student_top_inst/Core_cpu/u_core_top/scoreboard_q_reg[6][result][29]/R","setup"
1284,-0.397,5.000,5.430,15,"student_top_inst/Core_cpu/u_core_top/exec_q_reg[uop][imm][1]/C","student_top_inst/Core_cpu/u_core_top/exec_mem_addr_q_reg[12]/D","setup"
1285,-0.397,5.000,5.430,15,"student_top_inst/Core_cpu/u_core_top/exec_q_reg[uop][imm][1]/C","student_top_inst/Core_cpu/u_core_top/exec_mem_addr_q_reg[14]/D","setup"
1286,-0.397,5.000,5.083,7,"student_top_inst/Core_cpu/u_core_top/id_uop_q_reg[rs1][1]/C","student_top_inst/Core_cpu/u_core_top/scoreboard_q_reg[4][result][16]/R","setup"
1287,-0.397,5.000,5.083,7,"student_top_inst/Core_cpu/u_core_top/id_uop_q_reg[rs1][1]/C","student_top_inst/Core_cpu/u_core_top/scoreboard_q_reg[4][result][17]/R","setup"
1288,-0.397,5.000,5.083,7,"student_top_inst/Core_cpu/u_core_top/id_uop_q_reg[rs1][1]/C","student_top_inst/Core_cpu/u_core_top/scoreboard_q_reg[4][result][20]/R","setup"
1289,-0.397,5.000,5.083,7,"student_top_inst/Core_cpu/u_core_top/id_uop_q_reg[rs1][1]/C","student_top_inst/Core_cpu/u_core_top/scoreboard_q_reg[4][result][26]/R","setup"
1290,-0.397,5.000,5.038,0,"student_top_inst/Core_cpu/u_core_top/u_dmem_regslice/req_addr_q_reg[6]/C","student_top_inst/mem_bridge/dram_adapter/dram/U0/inst_blk_mem_gen/gnbram.gnativebmg.native_blk_mem_gen/valid.cstr/ramloop[4].ram.r/prim_init.ram/DEVICE_7SERIES.NO_BMM_INFO.SP.SIMPLE_PRIM36.ram/ADDRARDADDR[7]","setup"
1291,-0.397,5.000,4.845,10,"student_top_inst/Core_cpu/u_core_top/scoreboard_q_reg[4][fu][0]/C","student_top_inst/Core_cpu/u_core_top/id_uop_q_reg[alu_op][0]/CE","setup"
1292,-0.397,5.000,4.790,0,"student_top_inst/cpu_rst_sync_reg/C","student_top_inst/Core_cpu/u_core_top/store_q_reg[3][addr][9]/R","setup"
1293,-0.397,5.000,5.047,13,"student_top_inst/Core_cpu/u_core_top/scoreboard_q_reg[4][fu][0]/C","student_top_inst/Core_cpu/u_core_top/load_q_reg[0][forward_data][0]/CE","setup"
1294,-0.397,5.000,5.047,13,"student_top_inst/Core_cpu/u_core_top/scoreboard_q_reg[4][fu][0]/C","student_top_inst/Core_cpu/u_core_top/load_q_reg[0][forward_data][1]/CE","setup"
1295,-0.397,5.000,5.047,13,"student_top_inst/Core_cpu/u_core_top/scoreboard_q_reg[4][fu][0]/C","student_top_inst/Core_cpu/u_core_top/load_q_reg[0][forward_data][3]/CE","setup"
1296,-0.396,5.000,5.087,12,"student_top_inst/Core_cpu/u_core_top/scoreboard_q_reg[4][fu][0]/C","student_top_inst/Core_cpu/u_core_top/producer_valid_q_reg[8]/D","setup"
1297,-0.396,5.000,4.923,11,"student_top_inst/Core_cpu/u_core_top/scoreboard_q_reg[4][fu][0]/C","student_top_inst/Core_cpu/u_core_top/scoreboard_q_reg[6][result][10]/R","setup"
1298,-0.395,5.000,4.787,0,"student_top_inst/cpu_rst_sync_reg/C","student_top_inst/Core_cpu/u_core_top/store_q_reg[1][addr][14]/R","setup"
1299,-0.395,5.000,4.947,11,"student_top_inst/Core_cpu/u_core_top/scoreboard_q_reg[4][fu][0]/C","student_top_inst/Core_cpu/u_core_top/scoreboard_q_reg[6][result][5]/R","setup"
1300,-0.394,5.000,5.008,10,"student_top_inst/Core_cpu/u_core_top/load_head_q_reg[0]/C","student_top_inst/Core_cpu/u_core_top/u_dcache/p_2_out__4/CE","setup"
1301,-0.394,5.000,5.008,10,"student_top_inst/Core_cpu/u_core_top/load_head_q_reg[0]/C","student_top_inst/Core_cpu/u_core_top/u_dcache/p_2_out__4_rep__0/CE","setup"
1302,-0.394,5.000,5.008,10,"student_top_inst/Core_cpu/u_core_top/load_head_q_reg[0]/C","student_top_inst/Core_cpu/u_core_top/u_dcache/p_2_out__4_rep__3/CE","setup"
1303,-0.394,5.000,5.008,10,"student_top_inst/Core_cpu/u_core_top/load_head_q_reg[0]/C","student_top_inst/Core_cpu/u_core_top/u_dcache/p_2_out__7/CE","setup"
1304,-0.394,5.000,5.008,10,"student_top_inst/Core_cpu/u_core_top/load_head_q_reg[0]/C","student_top_inst/Core_cpu/u_core_top/u_dcache/p_2_out__7_rep__3/CE","setup"
1305,-0.394,5.000,5.084,11,"student_top_inst/Core_cpu/u_core_top/scoreboard_q_reg[4][fu][0]/C","student_top_inst/Core_cpu/u_core_top/scoreboard_q_reg[6][fu][0]/CE","setup"
1306,-0.394,5.000,5.084,11,"student_top_inst/Core_cpu/u_core_top/scoreboard_q_reg[4][fu][0]/C","student_top_inst/Core_cpu/u_core_top/scoreboard_q_reg[6][fu][2]/CE","setup"
1307,-0.394,5.000,5.084,11,"student_top_inst/Core_cpu/u_core_top/scoreboard_q_reg[4][fu][0]/C","student_top_inst/Core_cpu/u_core_top/scoreboard_q_reg[6][sys_op][2]/CE","setup"
1308,-0.393,5.000,4.920,10,"student_top_inst/Core_cpu/u_core_top/scoreboard_q_reg[4][fu][0]/C","student_top_inst/Core_cpu/u_core_top/scoreboard_q_reg[3][result][0]/R","setup"
1309,-0.393,5.000,4.920,10,"student_top_inst/Core_cpu/u_core_top/scoreboard_q_reg[4][fu][0]/C","student_top_inst/Core_cpu/u_core_top/scoreboard_q_reg[3][result][10]/R","setup"
1310,-0.393,5.000,5.245,7,"student_top_inst/Core_cpu/u_core_top/u_dcache/g_data_bank[3].u_data_bank/mem_q_reg_0/CLKBWRCLK","student_top_inst/Core_cpu/u_core_top/exec_q_reg[op1][7]/D","setup"
1311,-0.393,5.000,5.036,6,"student_top_inst/Core_cpu/u_core_top/commit_ptr_q_reg[2]_rep/C","student_top_inst/Core_cpu/u_core_top/u_csr/mcause_q_reg[21]/D","setup"
1312,-0.393,5.000,5.080,8,"student_top_inst/Core_cpu/u_core_top/id_uop_q_reg[rs1][1]/C","student_top_inst/Core_cpu/u_core_top/scoreboard_q_reg[1][csr_src][10]/R","setup"
1313,-0.393,5.000,5.080,8,"student_top_inst/Core_cpu/u_core_top/id_uop_q_reg[rs1][1]/C","student_top_inst/Core_cpu/u_core_top/scoreboard_q_reg[1][csr_src][9]/R","setup"
1314,-0.393,5.000,5.255,7,"student_top_inst/Core_cpu/u_core_top/u_dcache/g_data_bank[3].u_data_bank/mem_q_reg_0/CLKBWRCLK","student_top_inst/Core_cpu/u_core_top/scoreboard_q_reg[2][csr_src][21]/D","setup"
1315,-0.392,5.000,4.838,10,"student_top_inst/Core_cpu/u_core_top/scoreboard_q_reg[4][fu][0]/C","student_top_inst/Core_cpu/u_core_top/id_uop_q_reg[alu_op][2]/CE","setup"
1316,-0.392,5.000,4.838,10,"student_top_inst/Core_cpu/u_core_top/scoreboard_q_reg[4][fu][0]/C","student_top_inst/Core_cpu/u_core_top/id_uop_q_reg[exception_tval][24]/CE","setup"
1317,-0.392,5.000,4.838,10,"student_top_inst/Core_cpu/u_core_top/scoreboard_q_reg[4][fu][0]/C","student_top_inst/Core_cpu/u_core_top/id_uop_q_reg[exception_tval][25]/CE","setup"
1318,-0.392,5.000,4.838,10,"student_top_inst/Core_cpu/u_core_top/scoreboard_q_reg[4][fu][0]/C","student_top_inst/Core_cpu/u_core_top/id_uop_q_reg[exception_tval][2]/CE","setup"
1319,-0.392,5.000,4.838,10,"student_top_inst/Core_cpu/u_core_top/scoreboard_q_reg[4][fu][0]/C","student_top_inst/Core_cpu/u_core_top/id_uop_q_reg[exception_tval][30]/CE","setup"
1320,-0.392,5.000,4.838,10,"student_top_inst/Core_cpu/u_core_top/scoreboard_q_reg[4][fu][0]/C","student_top_inst/Core_cpu/u_core_top/id_uop_q_reg[exception_tval][3]/CE","setup"
1321,-0.392,5.000,4.838,10,"student_top_inst/Core_cpu/u_core_top/scoreboard_q_reg[4][fu][0]/C","student_top_inst/Core_cpu/u_core_top/id_uop_q_reg[rd][3]/CE","setup"
1322,-0.392,5.000,4.838,10,"student_top_inst/Core_cpu/u_core_top/scoreboard_q_reg[4][fu][0]/C","student_top_inst/Core_cpu/u_core_top/id_uop_q_reg[rs2]_rep[0]/CE","setup"
1323,-0.391,5.000,5.200,0,"student_top_inst/Core_cpu/u_core_top/u_dmem_regslice/req_addr_q_reg[6]/C","student_top_inst/mem_bridge/dram_adapter/dram/U0/inst_blk_mem_gen/gnbram.gnativebmg.native_blk_mem_gen/valid.cstr/ramloop[5].ram.r/prim_init.ram/DEVICE_7SERIES.NO_BMM_INFO.SP.SIMPLE_PRIM36.ram/ADDRARDADDR[7]","setup"
1324,-0.391,5.000,5.084,12,"student_top_inst/Core_cpu/u_core_top/scoreboard_q_reg[4][fu][0]/C","student_top_inst/Core_cpu/u_core_top/producer_valid_q_reg[25]/D","setup"
1325,-0.391,5.000,4.796,0,"student_top_inst/cpu_rst_sync_reg/C","student_top_inst/Core_cpu/u_core_top/store_q_reg[3][wdata][28]/R","setup"
1326,-0.391,5.000,4.837,11,"student_top_inst/Core_cpu/u_core_top/scoreboard_q_reg[4][fu][0]/C","student_top_inst/Core_cpu/u_core_top/scoreboard_q_reg[4][csr_addr][0]/CE","setup"
1327,-0.391,5.000,4.837,11,"student_top_inst/Core_cpu/u_core_top/scoreboard_q_reg[4][fu][0]/C","student_top_inst/Core_cpu/u_core_top/scoreboard_q_reg[4][csr_addr][10]/CE","setup"
1328,-0.391,5.000,4.837,11,"student_top_inst/Core_cpu/u_core_top/scoreboard_q_reg[4][fu][0]/C","student_top_inst/Core_cpu/u_core_top/scoreboard_q_reg[4][pc][18]/CE","setup"
1329,-0.391,5.000,4.837,11,"student_top_inst/Core_cpu/u_core_top/scoreboard_q_reg[4][fu][0]/C","student_top_inst/Core_cpu/u_core_top/scoreboard_q_reg[4][pc][27]/CE","setup"
1330,-0.391,5.000,4.839,10,"student_top_inst/Core_cpu/u_core_top/scoreboard_q_reg[4][fu][0]/C","student_top_inst/Core_cpu/u_core_top/id_uop_q_reg[alu_op][1]/CE","setup"
1331,-0.391,5.000,4.839,10,"student_top_inst/Core_cpu/u_core_top/scoreboard_q_reg[4][fu][0]/C","student_top_inst/Core_cpu/u_core_top/id_uop_q_reg[alu_op][3]/CE","setup"
1332,-0.391,5.000,4.839,10,"student_top_inst/Core_cpu/u_core_top/scoreboard_q_reg[4][fu][0]/C","student_top_inst/Core_cpu/u_core_top/id_uop_q_reg[uses_rs1]/CE","setup"
1333,-0.390,5.000,4.781,0,"student_top_inst/cpu_rst_sync_reg/C","student_top_inst/Core_cpu/u_core_top/store_q_reg[3][addr][6]/R","setup"
1334,-0.390,5.000,4.870,11,"student_top_inst/Core_cpu/u_core_top/scoreboard_q_reg[4][fu][0]/C","student_top_inst/Core_cpu/u_core_top/scoreboard_q_reg[0][exception_cause][2]/CE","setup"
1335,-0.390,5.000,4.870,11,"student_top_inst/Core_cpu/u_core_top/scoreboard_q_reg[4][fu][0]/C","student_top_inst/Core_cpu/u_core_top/scoreboard_q_reg[0][exception_tval][19]/CE","setup"
1336,-0.390,5.000,4.870,11,"student_top_inst/Core_cpu/u_core_top/scoreboard_q_reg[4][fu][0]/C","student_top_inst/Core_cpu/u_core_top/scoreboard_q_reg[0][exception_tval][31]/CE","setup"
1337,-0.390,5.000,4.870,11,"student_top_inst/Core_cpu/u_core_top/scoreboard_q_reg[4][fu][0]/C","student_top_inst/Core_cpu/u_core_top/scoreboard_q_reg[0][exception_valid]/CE","setup"
1338,-0.389,5.000,5.082,12,"student_top_inst/Core_cpu/u_core_top/scoreboard_q_reg[4][fu][0]/C","student_top_inst/Core_cpu/u_core_top/producer_valid_q_reg[28]/D","setup"
1339,-0.389,5.000,4.794,0,"student_top_inst/cpu_rst_sync_reg/C","student_top_inst/Core_cpu/u_core_top/store_q_reg[3][wdata][12]/R","setup"
1340,-0.389,5.000,4.869,12,"student_top_inst/Core_cpu/u_core_top/scoreboard_q_reg[4][fu][0]/C","student_top_inst/Core_cpu/u_core_top/scoreboard_q_reg[7][exception_tval][24]/CE","setup"
1341,-0.389,5.000,4.869,12,"student_top_inst/Core_cpu/u_core_top/scoreboard_q_reg[4][fu][0]/C","student_top_inst/Core_cpu/u_core_top/scoreboard_q_reg[7][exception_tval][29]/CE","setup"
1342,-0.389,5.000,4.869,12,"student_top_inst/Core_cpu/u_core_top/scoreboard_q_reg[4][fu][0]/C","student_top_inst/Core_cpu/u_core_top/scoreboard_q_reg[7][exception_tval][4]/CE","setup"
1343,-0.389,5.000,4.869,12,"student_top_inst/Core_cpu/u_core_top/scoreboard_q_reg[4][fu][0]/C","student_top_inst/Core_cpu/u_core_top/scoreboard_q_reg[7][exception_tval][8]/CE","setup"
1344,-0.388,5.000,5.226,7,"student_top_inst/Core_cpu/u_core_top/u_dcache/g_data_bank[3].u_data_bank/mem_q_reg_0/CLKBWRCLK","student_top_inst/Core_cpu/u_core_top/scoreboard_q_reg[2][csr_src][15]/D","setup"
1345,-0.388,5.000,4.779,0,"student_top_inst/cpu_rst_sync_reg/C","student_top_inst/Core_cpu/u_core_top/store_q_reg[2][addr][6]/R","setup"
1346,-0.388,5.000,5.001,10,"student_top_inst/Core_cpu/u_core_top/load_head_q_reg[0]/C","student_top_inst/Core_cpu/u_core_top/u_dcache/p_2_out__1/CE","setup"
1347,-0.388,5.000,5.001,10,"student_top_inst/Core_cpu/u_core_top/load_head_q_reg[0]/C","student_top_inst/Core_cpu/u_core_top/u_dcache/p_2_out__5_rep__1/CE","setup"
1348,-0.388,5.000,5.001,10,"student_top_inst/Core_cpu/u_core_top/load_head_q_reg[0]/C","student_top_inst/Core_cpu/u_core_top/u_dcache/p_2_out__9_rep__0/CE","setup"
1349,-0.388,5.000,5.001,10,"student_top_inst/Core_cpu/u_core_top/load_head_q_reg[0]/C","student_top_inst/Core_cpu/u_core_top/u_dcache/req_addr_q_reg[6]/CE","setup"
1350,-0.388,5.000,4.998,12,"student_top_inst/Core_cpu/u_core_top/scoreboard_q_reg[4][fu][0]/C","student_top_inst/Core_cpu/u_core_top/scoreboard_q_reg[5][csr_src][17]/R","setup"
1351,-0.388,5.000,4.998,12,"student_top_inst/Core_cpu/u_core_top/scoreboard_q_reg[4][fu][0]/C","student_top_inst/Core_cpu/u_core_top/scoreboard_q_reg[5][csr_src][20]/R","setup"
1352,-0.388,5.000,4.998,12,"student_top_inst/Core_cpu/u_core_top/scoreboard_q_reg[4][fu][0]/C","student_top_inst/Core_cpu/u_core_top/scoreboard_q_reg[5][csr_src][21]/R","setup"
1353,-0.388,5.000,4.998,12,"student_top_inst/Core_cpu/u_core_top/scoreboard_q_reg[4][fu][0]/C","student_top_inst/Core_cpu/u_core_top/scoreboard_q_reg[5][csr_src][22]/R","setup"
1354,-0.388,5.000,4.998,12,"student_top_inst/Core_cpu/u_core_top/scoreboard_q_reg[4][fu][0]/C","student_top_inst/Core_cpu/u_core_top/scoreboard_q_reg[5][csr_src][28]/R","setup"
1355,-0.388,5.000,4.998,12,"student_top_inst/Core_cpu/u_core_top/scoreboard_q_reg[4][fu][0]/C","student_top_inst/Core_cpu/u_core_top/scoreboard_q_reg[5][csr_src][5]/R","setup"
1356,-0.388,5.000,4.998,12,"student_top_inst/Core_cpu/u_core_top/scoreboard_q_reg[4][fu][0]/C","student_top_inst/Core_cpu/u_core_top/scoreboard_q_reg[5][csr_src][8]/R","setup"
1357,-0.388,5.000,4.996,10,"student_top_inst/Core_cpu/u_core_top/load_head_q_reg[0]/C","student_top_inst/Core_cpu/u_core_top/u_dcache/p_2_out__6_rep/CE","setup"
1358,-0.388,5.000,4.996,10,"student_top_inst/Core_cpu/u_core_top/load_head_q_reg[0]/C","student_top_inst/Core_cpu/u_core_top/u_dcache/p_2_out__6_rep__2/CE","setup"
1359,-0.388,5.000,4.996,10,"student_top_inst/Core_cpu/u_core_top/load_head_q_reg[0]/C","student_top_inst/Core_cpu/u_core_top/u_dcache/p_2_out__9_rep/CE","setup"
1360,-0.388,5.000,5.264,7,"student_top_inst/Core_cpu/u_core_top/u_dcache/g_data_bank[3].u_data_bank/mem_q_reg_0/CLKBWRCLK","student_top_inst/Core_cpu/u_core_top/scoreboard_q_reg[5][result][22]/D","setup"
1361,-0.387,5.000,4.781,0,"student_top_inst/cpu_rst_sync_reg/C","student_top_inst/Core_cpu/u_core_top/load_q_reg[0][forward_data][15]/R","setup"
1362,-0.387,5.000,4.781,0,"student_top_inst/cpu_rst_sync_reg/C","student_top_inst/Core_cpu/u_core_top/load_q_reg[0][store_seq_cutoff][7]/R","setup"
1363,-0.387,5.000,5.358,8,"student_top_inst/Core_cpu/u_core_top/u_muldiv/b_q_reg[22]/C","student_top_inst/Core_cpu/u_core_top/scoreboard_q_reg[5][csr_src][17]/D","setup"
1364,-0.387,5.000,4.834,12,"student_top_inst/Core_cpu/u_core_top/scoreboard_q_reg[4][fu][0]/C","student_top_inst/Core_cpu/u_core_top/scoreboard_q_reg[4][exception_tval][10]/CE","setup"
1365,-0.387,5.000,4.834,12,"student_top_inst/Core_cpu/u_core_top/scoreboard_q_reg[4][fu][0]/C","student_top_inst/Core_cpu/u_core_top/scoreboard_q_reg[4][exception_tval][26]/CE","setup"
1366,-0.387,5.000,4.834,12,"student_top_inst/Core_cpu/u_core_top/scoreboard_q_reg[4][fu][0]/C","student_top_inst/Core_cpu/u_core_top/scoreboard_q_reg[4][exception_tval][6]/CE","setup"
1367,-0.387,5.000,4.834,12,"student_top_inst/Core_cpu/u_core_top/scoreboard_q_reg[4][fu][0]/C","student_top_inst/Core_cpu/u_core_top/scoreboard_q_reg[4][exception_tval][7]/CE","setup"
1368,-0.386,5.000,4.846,11,"student_top_inst/Core_cpu/u_core_top/scoreboard_q_reg[4][fu][0]/C","student_top_inst/Core_cpu/u_core_top/exec_q_reg[uop][imm][28]/CE","setup"
1369,-0.386,5.000,4.846,11,"student_top_inst/Core_cpu/u_core_top/scoreboard_q_reg[4][fu][0]/C","student_top_inst/Core_cpu/u_core_top/exec_q_reg[uop][imm][31]/CE","setup"
1370,-0.386,5.000,5.234,6,"student_top_inst/Core_cpu/u_core_top/u_dcache/g_data_bank[1].u_data_bank/mem_q_reg_1/CLKBWRCLK","student_top_inst/Core_cpu/u_core_top/scoreboard_q_reg[6][csr_src][27]/D","setup"
1371,-0.385,5.000,5.197,6,"student_top_inst/Core_cpu/u_core_top/u_dcache/g_data_bank[3].u_data_bank/mem_q_reg_0/CLKBWRCLK","student_top_inst/Core_cpu/u_core_top/exec_q_reg[op2][4]/D","setup"
1372,-0.385,5.000,4.630,0,"student_top_inst/cpu_rst_sync_reg/C","student_top_inst/Core_cpu/u_core_top/branch_target_reg[3]/R","setup"
1373,-0.385,5.000,4.630,0,"student_top_inst/cpu_rst_sync_reg/C","student_top_inst/Core_cpu/u_core_top/branch_target_reg[4]/R","setup"
1374,-0.385,5.000,4.995,10,"student_top_inst/Core_cpu/u_core_top/load_head_q_reg[0]/C","student_top_inst/Core_cpu/u_core_top/u_dcache/tag_read_q_reg[12]/CE","setup"
1375,-0.385,5.000,4.914,11,"student_top_inst/Core_cpu/u_core_top/scoreboard_q_reg[4][fu][0]/C","student_top_inst/Core_cpu/u_core_top/scoreboard_q_reg[6][result][11]/R","setup"
1376,-0.385,5.000,4.914,11,"student_top_inst/Core_cpu/u_core_top/scoreboard_q_reg[4][fu][0]/C","student_top_inst/Core_cpu/u_core_top/scoreboard_q_reg[6][result][12]/R","setup"
1377,-0.385,5.000,4.914,11,"student_top_inst/Core_cpu/u_core_top/scoreboard_q_reg[4][fu][0]/C","student_top_inst/Core_cpu/u_core_top/scoreboard_q_reg[6][result][13]/R","setup"
1378,-0.385,5.000,4.914,11,"student_top_inst/Core_cpu/u_core_top/scoreboard_q_reg[4][fu][0]/C","student_top_inst/Core_cpu/u_core_top/scoreboard_q_reg[6][result][4]/R","setup"
1379,-0.384,5.000,4.794,0,"student_top_inst/cpu_rst_sync_reg/C","student_top_inst/Core_cpu/u_core_top/u_regfile/regs_q_reg[21][6]/R","setup"
1380,-0.384,5.000,5.258,7,"student_top_inst/Core_cpu/u_core_top/u_dcache/g_data_bank[3].u_data_bank/mem_q_reg_0/CLKBWRCLK","student_top_inst/Core_cpu/u_core_top/scoreboard_q_reg[2][result][24]/D","setup"
1381,-0.384,5.000,4.608,0,"student_top_inst/cpu_rst_sync_reg/C","student_top_inst/Core_cpu/u_core_top/scoreboard_q_reg[5][exception_cause][2]/R","setup"
1382,-0.384,5.000,4.608,0,"student_top_inst/cpu_rst_sync_reg/C","student_top_inst/Core_cpu/u_core_top/scoreboard_q_reg[5][exception_tval][13]/R","setup"
1383,-0.384,5.000,4.608,0,"student_top_inst/cpu_rst_sync_reg/C","student_top_inst/Core_cpu/u_core_top/scoreboard_q_reg[5][exception_tval][19]/R","setup"
1384,-0.384,5.000,4.608,0,"student_top_inst/cpu_rst_sync_reg/C","student_top_inst/Core_cpu/u_core_top/scoreboard_q_reg[5][exception_tval][31]/R","setup"
1385,-0.383,5.000,5.415,14,"student_top_inst/Core_cpu/u_core_top/exec_q_reg[uop][imm][1]/C","student_top_inst/Core_cpu/u_core_top/exec_mem_addr_q_reg[11]/D","setup"
1386,-0.383,5.000,5.064,7,"student_top_inst/Core_cpu/u_core_top/commit_ptr_q_reg[2]_rep/C","student_top_inst/Core_cpu/u_core_top/u_csr/mepc_q_reg[29]/D","setup"
1387,-0.383,5.000,4.829,11,"student_top_inst/Core_cpu/u_core_top/scoreboard_q_reg[4][fu][0]/C","student_top_inst/Core_cpu/u_core_top/scoreboard_q_reg[4][csr_addr][6]/CE","setup"
1388,-0.383,5.000,4.829,11,"student_top_inst/Core_cpu/u_core_top/scoreboard_q_reg[4][fu][0]/C","student_top_inst/Core_cpu/u_core_top/scoreboard_q_reg[4][pc][15]/CE","setup"
1389,-0.383,5.000,4.993,10,"student_top_inst/Core_cpu/u_core_top/load_head_q_reg[0]/C","student_top_inst/Core_cpu/u_core_top/u_dcache/p_2_out__4_rep__1/CE","setup"
1390,-0.383,5.000,4.993,10,"student_top_inst/Core_cpu/u_core_top/load_head_q_reg[0]/C","student_top_inst/Core_cpu/u_core_top/u_dcache/req_addr_q_reg[22]/CE","setup"
1391,-0.383,5.000,4.993,10,"student_top_inst/Core_cpu/u_core_top/load_head_q_reg[0]/C","student_top_inst/Core_cpu/u_core_top/u_dcache/req_addr_q_reg[26]/CE","setup"
1392,-0.383,5.000,4.993,10,"student_top_inst/Core_cpu/u_core_top/load_head_q_reg[0]/C","student_top_inst/Core_cpu/u_core_top/u_dcache/req_addr_q_reg[4]/CE","setup"
1393,-0.383,5.000,4.993,10,"student_top_inst/Core_cpu/u_core_top/load_head_q_reg[0]/C","student_top_inst/Core_cpu/u_core_top/u_dcache/req_addr_q_reg[8]/CE","setup"
1394,-0.382,5.000,4.827,11,"student_top_inst/Core_cpu/u_core_top/scoreboard_q_reg[4][fu][0]/C","student_top_inst/Core_cpu/u_core_top/scoreboard_q_reg[7][csr_addr][7]/CE","setup"
1395,-0.382,5.000,4.827,11,"student_top_inst/Core_cpu/u_core_top/scoreboard_q_reg[4][fu][0]/C","student_top_inst/Core_cpu/u_core_top/scoreboard_q_reg[7][csr_addr][9]/CE","setup"
1396,-0.382,5.000,4.827,11,"student_top_inst/Core_cpu/u_core_top/scoreboard_q_reg[4][fu][0]/C","student_top_inst/Core_cpu/u_core_top/scoreboard_q_reg[7][pc][18]/CE","setup"
1397,-0.382,5.000,4.827,11,"student_top_inst/Core_cpu/u_core_top/scoreboard_q_reg[4][fu][0]/C","student_top_inst/Core_cpu/u_core_top/scoreboard_q_reg[7][pc][23]/CE","setup"
1398,-0.382,5.000,5.235,7,"student_top_inst/Core_cpu/u_core_top/u_dcache/g_data_bank[3].u_data_bank/mem_q_reg_0/CLKBWRCLK","student_top_inst/Core_cpu/u_core_top/scoreboard_q_reg[2][csr_src][30]/D","setup"
1399,-0.382,5.000,5.104,12,"student_top_inst/Core_cpu/u_core_top/scoreboard_q_reg[4][fu][0]/C","student_top_inst/Core_cpu/u_core_top/producer_valid_q_reg[11]/D","setup"
1400,-0.382,5.000,5.254,7,"student_top_inst/Core_cpu/u_core_top/u_dcache/g_data_bank[3].u_data_bank/mem_q_reg_0/CLKBWRCLK","student_top_inst/Core_cpu/u_core_top/scoreboard_q_reg[0][result][24]/D","setup"
1401,-0.382,5.000,5.242,6,"student_top_inst/Core_cpu/u_core_top/u_dcache/g_data_bank[1].u_data_bank/mem_q_reg_1/CLKBWRCLK","student_top_inst/Core_cpu/u_core_top/scoreboard_q_reg[3][csr_src][28]/D","setup"
1402,-0.382,5.000,5.104,12,"student_top_inst/Core_cpu/u_core_top/scoreboard_q_reg[4][fu][0]/C","student_top_inst/Core_cpu/u_core_top/producer_valid_q_reg[6]/D","setup"
1403,-0.381,5.000,5.240,7,"student_top_inst/Core_cpu/u_core_top/u_dcache/g_data_bank[3].u_data_bank/mem_q_reg_0/CLKBWRCLK","student_top_inst/Core_cpu/u_core_top/scoreboard_q_reg[5][csr_src][20]/D","setup"
1404,-0.381,5.000,5.068,8,"student_top_inst/Core_cpu/u_core_top/id_uop_q_reg[rs1][1]/C","student_top_inst/Core_cpu/u_core_top/scoreboard_q_reg[3][csr_src][10]/R","setup"
1405,-0.381,5.000,5.068,8,"student_top_inst/Core_cpu/u_core_top/id_uop_q_reg[rs1][1]/C","student_top_inst/Core_cpu/u_core_top/scoreboard_q_reg[3][csr_src][12]/R","setup"
1406,-0.381,5.000,5.068,8,"student_top_inst/Core_cpu/u_core_top/id_uop_q_reg[rs1][1]/C","student_top_inst/Core_cpu/u_core_top/scoreboard_q_reg[3][csr_src][9]/R","setup"
1407,-0.381,5.000,5.102,12,"student_top_inst/Core_cpu/u_core_top/scoreboard_q_reg[4][fu][0]/C","student_top_inst/Core_cpu/u_core_top/producer_valid_q_reg[10]/D","setup"
1408,-0.380,5.000,4.792,0,"student_top_inst/cpu_rst_sync_reg/C","student_top_inst/Core_cpu/u_core_top/store_q_reg[1][addr][13]/R","setup"
1409,-0.380,5.000,5.073,11,"student_top_inst/Core_cpu/u_core_top/scoreboard_q_reg[4][fu][0]/C","student_top_inst/Core_cpu/u_core_top/scoreboard_q_reg[6][csr_src][23]/CE","setup"
1410,-0.380,5.000,5.073,11,"student_top_inst/Core_cpu/u_core_top/scoreboard_q_reg[4][fu][0]/C","student_top_inst/Core_cpu/u_core_top/scoreboard_q_reg[6][csr_src][7]/CE","setup"
1411,-0.380,5.000,4.861,12,"student_top_inst/Core_cpu/u_core_top/scoreboard_q_reg[4][fu][0]/C","student_top_inst/Core_cpu/u_core_top/scoreboard_q_reg[7][exception_cause][2]/CE","setup"
1412,-0.380,5.000,4.861,12,"student_top_inst/Core_cpu/u_core_top/scoreboard_q_reg[4][fu][0]/C","student_top_inst/Core_cpu/u_core_top/scoreboard_q_reg[7][exception_cause][3]/CE","setup"
1413,-0.380,5.000,4.861,12,"student_top_inst/Core_cpu/u_core_top/scoreboard_q_reg[4][fu][0]/C","student_top_inst/Core_cpu/u_core_top/scoreboard_q_reg[7][exception_tval][13]/CE","setup"
1414,-0.380,5.000,4.861,12,"student_top_inst/Core_cpu/u_core_top/scoreboard_q_reg[4][fu][0]/C","student_top_inst/Core_cpu/u_core_top/scoreboard_q_reg[7][exception_tval][31]/CE","setup"
1415,-0.380,5.000,5.244,7,"student_top_inst/Core_cpu/u_core_top/u_dcache/g_data_bank[3].u_data_bank/mem_q_reg_0/CLKBWRCLK","student_top_inst/Core_cpu/u_core_top/scoreboard_q_reg[7][csr_src][30]/D","setup"
1416,-0.379,5.000,4.843,11,"student_top_inst/Core_cpu/u_core_top/scoreboard_q_reg[4][fu][0]/C","student_top_inst/Core_cpu/u_core_top/exec_q_reg[uop][imm][4]/CE","setup"
1417,-0.379,5.000,4.843,11,"student_top_inst/Core_cpu/u_core_top/scoreboard_q_reg[4][fu][0]/C","student_top_inst/Core_cpu/u_core_top/exec_q_reg[uop][instr][3]/CE","setup"
1418,-0.379,5.000,5.219,7,"student_top_inst/Core_cpu/u_core_top/u_dcache/g_data_bank[3].u_data_bank/mem_q_reg_0/CLKBWRCLK","student_top_inst/Core_cpu/u_core_top/scoreboard_q_reg[6][csr_src][7]/D","setup"
1419,-0.379,5.000,5.070,12,"student_top_inst/Core_cpu/u_core_top/scoreboard_q_reg[4][fu][0]/C","student_top_inst/Core_cpu/u_core_top/producer_valid_q_reg[27]/D","setup"
1420,-0.378,5.000,4.906,11,"student_top_inst/Core_cpu/u_core_top/scoreboard_q_reg[4][fu][0]/C","student_top_inst/Core_cpu/u_core_top/scoreboard_q_reg[6][result][9]/R","setup"
1421,-0.377,5.000,5.068,12,"student_top_inst/Core_cpu/u_core_top/scoreboard_q_reg[4][fu][0]/C","student_top_inst/Core_cpu/u_core_top/producer_valid_q_reg[15]/D","setup"
1422,-0.377,5.000,5.008,11,"student_top_inst/Core_cpu/u_core_top/scoreboard_q_reg[4][fu][0]/C","student_top_inst/Core_cpu/u_core_top/scoreboard_q_reg[3][exception_tval][19]/CE","setup"
1423,-0.376,5.000,5.228,7,"student_top_inst/Core_cpu/u_core_top/u_dcache/g_data_bank[3].u_data_bank/mem_q_reg_0/CLKBWRCLK","student_top_inst/Core_cpu/u_core_top/exec_q_reg[op1][23]/D","setup"
1424,-0.376,5.000,5.017,6,"student_top_inst/Core_cpu/u_core_top/commit_ptr_q_reg[2]_rep/C","student_top_inst/Core_cpu/u_core_top/u_csr/mcause_q_reg[25]/D","setup"
1425,-0.375,5.000,5.273,11,"student_top_inst/Core_cpu/u_core_top/store_head_q_reg[1]/C","student_top_inst/Core_cpu/u_core_top/load_q_reg[1][forward_data][15]/D","setup"
1426,-0.375,5.000,4.908,10,"student_top_inst/Core_cpu/u_core_top/scoreboard_q_reg[4][fu][0]/C","student_top_inst/Core_cpu/u_core_top/scoreboard_q_reg[5][result][2]/R","setup"
1427,-0.375,5.000,5.223,11,"student_top_inst/Core_cpu/u_core_top/load_head_q_reg[0]/C","student_top_inst/Core_cpu/u_core_top/u_dcache/state_q_reg[1]/D","setup"
1428,-0.374,5.000,4.822,10,"student_top_inst/Core_cpu/u_core_top/scoreboard_q_reg[4][fu][0]/C","student_top_inst/Core_cpu/u_core_top/id_uop_q_reg[csr_addr][11]/CE","setup"
1429,-0.374,5.000,4.822,10,"student_top_inst/Core_cpu/u_core_top/scoreboard_q_reg[4][fu][0]/C","student_top_inst/Core_cpu/u_core_top/id_uop_q_reg[csr_addr][2]/CE","setup"
1430,-0.374,5.000,4.822,10,"student_top_inst/Core_cpu/u_core_top/scoreboard_q_reg[4][fu][0]/C","student_top_inst/Core_cpu/u_core_top/id_uop_q_reg[csr_addr][3]/CE","setup"
1431,-0.374,5.000,4.822,10,"student_top_inst/Core_cpu/u_core_top/scoreboard_q_reg[4][fu][0]/C","student_top_inst/Core_cpu/u_core_top/id_uop_q_reg[csr_addr][9]/CE","setup"
1432,-0.374,5.000,4.822,10,"student_top_inst/Core_cpu/u_core_top/scoreboard_q_reg[4][fu][0]/C","student_top_inst/Core_cpu/u_core_top/id_uop_q_reg[exception_tval][22]/CE","setup"
1433,-0.374,5.000,4.822,10,"student_top_inst/Core_cpu/u_core_top/scoreboard_q_reg[4][fu][0]/C","student_top_inst/Core_cpu/u_core_top/id_uop_q_reg[exception_tval][23]/CE","setup"
1434,-0.374,5.000,4.822,10,"student_top_inst/Core_cpu/u_core_top/scoreboard_q_reg[4][fu][0]/C","student_top_inst/Core_cpu/u_core_top/id_uop_q_reg[exception_tval][27]/CE","setup"
1435,-0.374,5.000,4.822,10,"student_top_inst/Core_cpu/u_core_top/scoreboard_q_reg[4][fu][0]/C","student_top_inst/Core_cpu/u_core_top/id_uop_q_reg[exception_tval][28]/CE","setup"
1436,-0.374,5.000,4.822,10,"student_top_inst/Core_cpu/u_core_top/scoreboard_q_reg[4][fu][0]/C","student_top_inst/Core_cpu/u_core_top/id_uop_q_reg[exception_tval][29]/CE","setup"
1437,-0.374,5.000,4.822,10,"student_top_inst/Core_cpu/u_core_top/scoreboard_q_reg[4][fu][0]/C","student_top_inst/Core_cpu/u_core_top/id_uop_q_reg[fu][1]/CE","setup"
1438,-0.374,5.000,4.822,10,"student_top_inst/Core_cpu/u_core_top/scoreboard_q_reg[4][fu][0]/C","student_top_inst/Core_cpu/u_core_top/id_uop_q_reg[imm][19]/CE","setup"
1439,-0.374,5.000,4.822,10,"student_top_inst/Core_cpu/u_core_top/scoreboard_q_reg[4][fu][0]/C","student_top_inst/Core_cpu/u_core_top/id_uop_q_reg[imm][20]/CE","setup"
1440,-0.374,5.000,4.822,10,"student_top_inst/Core_cpu/u_core_top/scoreboard_q_reg[4][fu][0]/C","student_top_inst/Core_cpu/u_core_top/id_uop_q_reg[imm][4]/CE","setup"
1441,-0.374,5.000,4.822,10,"student_top_inst/Core_cpu/u_core_top/scoreboard_q_reg[4][fu][0]/C","student_top_inst/Core_cpu/u_core_top/id_uop_q_reg[imm][5]/CE","setup"
1442,-0.374,5.000,4.822,10,"student_top_inst/Core_cpu/u_core_top/scoreboard_q_reg[4][fu][0]/C","student_top_inst/Core_cpu/u_core_top/id_uop_q_reg[imm][9]/CE","setup"
1443,-0.374,5.000,4.822,10,"student_top_inst/Core_cpu/u_core_top/scoreboard_q_reg[4][fu][0]/C","student_top_inst/Core_cpu/u_core_top/id_uop_q_reg[rs2][3]/CE","setup"
1444,-0.374,5.000,5.243,7,"student_top_inst/Core_cpu/u_core_top/u_dcache/g_data_bank[1].u_data_bank/mem_q_reg_1/CLKBWRCLK","student_top_inst/Core_cpu/u_core_top/exec_q_reg[op2][20]/D","setup"
1445,-0.373,5.000,4.984,10,"student_top_inst/Core_cpu/u_core_top/load_head_q_reg[0]/C","student_top_inst/Core_cpu/u_core_top/u_dcache/lookup_index_q_reg[0]/CE","setup"
1446,-0.373,5.000,4.984,10,"student_top_inst/Core_cpu/u_core_top/load_head_q_reg[0]/C","student_top_inst/Core_cpu/u_core_top/u_dcache/lookup_index_q_reg[1]/CE","setup"
1447,-0.373,5.000,4.984,10,"student_top_inst/Core_cpu/u_core_top/load_head_q_reg[0]/C","student_top_inst/Core_cpu/u_core_top/u_dcache/lookup_index_q_reg[2]/CE","setup"
1448,-0.373,5.000,4.984,10,"student_top_inst/Core_cpu/u_core_top/load_head_q_reg[0]/C","student_top_inst/Core_cpu/u_core_top/u_dcache/lookup_index_q_reg[3]/CE","setup"
1449,-0.373,5.000,4.984,10,"student_top_inst/Core_cpu/u_core_top/load_head_q_reg[0]/C","student_top_inst/Core_cpu/u_core_top/u_dcache/lookup_index_q_reg[8]/CE","setup"
1450,-0.373,5.000,4.984,10,"student_top_inst/Core_cpu/u_core_top/load_head_q_reg[0]/C","student_top_inst/Core_cpu/u_core_top/u_dcache/lookup_tag_q_reg[29]/CE","setup"
1451,-0.373,5.000,4.984,10,"student_top_inst/Core_cpu/u_core_top/load_head_q_reg[0]/C","student_top_inst/Core_cpu/u_core_top/u_dcache/lookup_tag_q_reg[30]/CE","setup"
1452,-0.373,5.000,4.855,11,"student_top_inst/Core_cpu/u_core_top/scoreboard_q_reg[4][fu][0]/C","student_top_inst/Core_cpu/u_core_top/scoreboard_q_reg[3][exception_cause][1]/CE","setup"
1453,-0.373,5.000,4.855,11,"student_top_inst/Core_cpu/u_core_top/scoreboard_q_reg[4][fu][0]/C","student_top_inst/Core_cpu/u_core_top/scoreboard_q_reg[3][exception_cause][3]/CE","setup"
1454,-0.373,5.000,4.855,11,"student_top_inst/Core_cpu/u_core_top/scoreboard_q_reg[4][fu][0]/C","student_top_inst/Core_cpu/u_core_top/scoreboard_q_reg[3][exception_valid]/CE","setup"
1455,-0.373,5.000,4.832,11,"student_top_inst/Core_cpu/u_core_top/scoreboard_q_reg[4][fu][0]/C","student_top_inst/Core_cpu/u_core_top/scoreboard_q_reg[3][exception_tval][1]/CE","setup"
1456,-0.373,5.000,4.832,11,"student_top_inst/Core_cpu/u_core_top/scoreboard_q_reg[4][fu][0]/C","student_top_inst/Core_cpu/u_core_top/scoreboard_q_reg[3][exception_tval][25]/CE","setup"
1457,-0.373,5.000,4.832,11,"student_top_inst/Core_cpu/u_core_top/scoreboard_q_reg[4][fu][0]/C","student_top_inst/Core_cpu/u_core_top/scoreboard_q_reg[3][exception_tval][28]/CE","setup"
1458,-0.373,5.000,4.832,11,"student_top_inst/Core_cpu/u_core_top/scoreboard_q_reg[4][fu][0]/C","student_top_inst/Core_cpu/u_core_top/scoreboard_q_reg[3][exception_tval][4]/CE","setup"
1459,-0.372,5.000,4.787,0,"student_top_inst/cpu_rst_sync_reg/C","student_top_inst/Core_cpu/u_core_top/store_q_reg[0][addr][14]/R","setup"
1460,-0.372,5.000,4.984,10,"student_top_inst/Core_cpu/u_core_top/load_head_q_reg[0]/C","student_top_inst/Core_cpu/u_core_top/u_dcache/p_2_out__6_rep__1/CE","setup"
1461,-0.372,5.000,4.984,10,"student_top_inst/Core_cpu/u_core_top/load_head_q_reg[0]/C","student_top_inst/Core_cpu/u_core_top/u_dcache/p_2_out__7_rep__1/CE","setup"
1462,-0.372,5.000,4.984,10,"student_top_inst/Core_cpu/u_core_top/load_head_q_reg[0]/C","student_top_inst/Core_cpu/u_core_top/u_dcache/req_addr_q_reg[12]/CE","setup"
1463,-0.372,5.000,4.984,10,"student_top_inst/Core_cpu/u_core_top/load_head_q_reg[0]/C","student_top_inst/Core_cpu/u_core_top/u_dcache/req_addr_q_reg[17]/CE","setup"
1464,-0.371,5.000,4.786,0,"student_top_inst/cpu_rst_sync_reg/C","student_top_inst/Core_cpu/u_core_top/store_head_q_reg[0]/R","setup"
1465,-0.371,5.000,4.786,0,"student_top_inst/cpu_rst_sync_reg/C","student_top_inst/Core_cpu/u_core_top/store_head_q_reg[1]/R","setup"
1466,-0.371,5.000,5.246,7,"student_top_inst/Core_cpu/u_core_top/u_dcache/g_data_bank[3].u_data_bank/mem_q_reg_0/CLKBWRCLK","student_top_inst/Core_cpu/u_core_top/scoreboard_q_reg[0][csr_src][7]/D","setup"
1467,-0.371,5.000,5.051,7,"student_top_inst/Core_cpu/u_core_top/commit_ptr_q_reg[2]_rep/C","student_top_inst/Core_cpu/u_core_top/u_csr/mtval_q_reg[25]/D","setup"
1468,-0.371,5.000,5.065,11,"student_top_inst/Core_cpu/u_core_top/scoreboard_q_reg[4][fu][0]/C","student_top_inst/Core_cpu/u_core_top/scoreboard_q_reg[6][csr_src][20]/CE","setup"
1469,-0.371,5.000,4.816,10,"student_top_inst/Core_cpu/u_core_top/scoreboard_q_reg[4][fu][0]/C","student_top_inst/Core_cpu/u_core_top/id_uop_q_reg[csr_addr][6]/CE","setup"
1470,-0.371,5.000,4.816,10,"student_top_inst/Core_cpu/u_core_top/scoreboard_q_reg[4][fu][0]/C","student_top_inst/Core_cpu/u_core_top/id_uop_q_reg[exception_tval][12]/CE","setup"
1471,-0.371,5.000,4.816,10,"student_top_inst/Core_cpu/u_core_top/scoreboard_q_reg[4][fu][0]/C","student_top_inst/Core_cpu/u_core_top/id_uop_q_reg[exception_tval][14]/CE","setup"
1472,-0.371,5.000,4.816,10,"student_top_inst/Core_cpu/u_core_top/scoreboard_q_reg[4][fu][0]/C","student_top_inst/Core_cpu/u_core_top/id_uop_q_reg[instr][0]/CE","setup"
1473,-0.371,5.000,4.816,10,"student_top_inst/Core_cpu/u_core_top/scoreboard_q_reg[4][fu][0]/C","student_top_inst/Core_cpu/u_core_top/id_uop_q_reg[instr][2]/CE","setup"
1474,-0.371,5.000,4.816,10,"student_top_inst/Core_cpu/u_core_top/scoreboard_q_reg[4][fu][0]/C","student_top_inst/Core_cpu/u_core_top/id_uop_q_reg[instr][3]/CE","setup"
1475,-0.371,5.000,4.816,10,"student_top_inst/Core_cpu/u_core_top/scoreboard_q_reg[4][fu][0]/C","student_top_inst/Core_cpu/u_core_top/id_uop_q_reg[muldiv_op][0]/CE","setup"
1476,-0.371,5.000,4.816,10,"student_top_inst/Core_cpu/u_core_top/scoreboard_q_reg[4][fu][0]/C","student_top_inst/Core_cpu/u_core_top/id_uop_q_reg[rs1][4]/CE","setup"
1477,-0.371,5.000,5.065,12,"student_top_inst/Core_cpu/u_core_top/scoreboard_q_reg[4][fu][0]/C","student_top_inst/Core_cpu/u_core_top/producer_valid_q_reg[17]/D","setup"
1478,-0.370,5.000,5.064,12,"student_top_inst/Core_cpu/u_core_top/scoreboard_q_reg[4][fu][0]/C","student_top_inst/Core_cpu/u_core_top/producer_valid_q_reg[23]/D","setup"
1479,-0.370,5.000,5.001,6,"student_top_inst/Core_cpu/u_core_top/commit_ptr_q_reg[2]_rep/C","student_top_inst/Core_cpu/u_core_top/u_csr/mcause_q_reg[29]/D","setup"
1480,-0.370,5.000,4.830,11,"student_top_inst/Core_cpu/u_core_top/scoreboard_q_reg[4][fu][0]/C","student_top_inst/Core_cpu/u_core_top/scoreboard_q_reg[1][exception_cause][3]/CE","setup"
1481,-0.370,5.000,4.830,11,"student_top_inst/Core_cpu/u_core_top/scoreboard_q_reg[4][fu][0]/C","student_top_inst/Core_cpu/u_core_top/scoreboard_q_reg[1][exception_tval][13]/CE","setup"
1482,-0.370,5.000,4.830,11,"student_top_inst/Core_cpu/u_core_top/scoreboard_q_reg[4][fu][0]/C","student_top_inst/Core_cpu/u_core_top/scoreboard_q_reg[1][exception_tval][27]/CE","setup"
1483,-0.370,5.000,4.830,11,"student_top_inst/Core_cpu/u_core_top/scoreboard_q_reg[4][fu][0]/C","student_top_inst/Core_cpu/u_core_top/scoreboard_q_reg[1][exception_tval][30]/CE","setup"
1484,-0.370,5.000,5.064,12,"student_top_inst/Core_cpu/u_core_top/scoreboard_q_reg[4][fu][0]/C","student_top_inst/Core_cpu/u_core_top/producer_valid_q_reg[16]/D","setup"
1485,-0.370,5.000,5.056,7,"student_top_inst/Core_cpu/u_core_top/id_uop_q_reg[rs1][1]/C","student_top_inst/Core_cpu/u_core_top/scoreboard_q_reg[2][csr_src][10]/R","setup"
1486,-0.370,5.000,5.056,7,"student_top_inst/Core_cpu/u_core_top/id_uop_q_reg[rs1][1]/C","student_top_inst/Core_cpu/u_core_top/scoreboard_q_reg[2][csr_src][15]/R","setup"
1487,-0.370,5.000,5.056,7,"student_top_inst/Core_cpu/u_core_top/id_uop_q_reg[rs1][1]/C","student_top_inst/Core_cpu/u_core_top/scoreboard_q_reg[2][csr_src][9]/R","setup"
1488,-0.370,5.000,4.980,10,"student_top_inst/Core_cpu/u_core_top/load_head_q_reg[0]/C","student_top_inst/Core_cpu/u_core_top/u_dcache/lookup_addr_q_reg[15]/CE","setup"
1489,-0.370,5.000,4.980,10,"student_top_inst/Core_cpu/u_core_top/load_head_q_reg[0]/C","student_top_inst/Core_cpu/u_core_top/u_dcache/lookup_addr_q_reg[16]/CE","setup"
1490,-0.370,5.000,4.980,10,"student_top_inst/Core_cpu/u_core_top/load_head_q_reg[0]/C","student_top_inst/Core_cpu/u_core_top/u_dcache/lookup_addr_q_reg[18]/CE","setup"
1491,-0.370,5.000,4.980,10,"student_top_inst/Core_cpu/u_core_top/load_head_q_reg[0]/C","student_top_inst/Core_cpu/u_core_top/u_dcache/lookup_addr_q_reg[19]/CE","setup"
1492,-0.370,5.000,4.980,10,"student_top_inst/Core_cpu/u_core_top/load_head_q_reg[0]/C","student_top_inst/Core_cpu/u_core_top/u_dcache/lookup_addr_q_reg[21]/CE","setup"
1493,-0.370,5.000,4.980,10,"student_top_inst/Core_cpu/u_core_top/load_head_q_reg[0]/C","student_top_inst/Core_cpu/u_core_top/u_dcache/lookup_addr_q_reg[22]/CE","setup"
1494,-0.370,5.000,4.980,10,"student_top_inst/Core_cpu/u_core_top/load_head_q_reg[0]/C","student_top_inst/Core_cpu/u_core_top/u_dcache/lookup_addr_q_reg[23]/CE","setup"
1495,-0.370,5.000,4.980,10,"student_top_inst/Core_cpu/u_core_top/load_head_q_reg[0]/C","student_top_inst/Core_cpu/u_core_top/u_dcache/lookup_addr_q_reg[24]/CE","setup"
1496,-0.370,5.000,4.980,10,"student_top_inst/Core_cpu/u_core_top/load_head_q_reg[0]/C","student_top_inst/Core_cpu/u_core_top/u_dcache/lookup_addr_q_reg[25]/CE","setup"
1497,-0.370,5.000,4.980,10,"student_top_inst/Core_cpu/u_core_top/load_head_q_reg[0]/C","student_top_inst/Core_cpu/u_core_top/u_dcache/lookup_addr_q_reg[26]/CE","setup"
1498,-0.370,5.000,4.980,10,"student_top_inst/Core_cpu/u_core_top/load_head_q_reg[0]/C","student_top_inst/Core_cpu/u_core_top/u_dcache/lookup_addr_q_reg[27]/CE","setup"
1499,-0.370,5.000,4.980,10,"student_top_inst/Core_cpu/u_core_top/load_head_q_reg[0]/C","student_top_inst/Core_cpu/u_core_top/u_dcache/lookup_addr_q_reg[2]/CE","setup"
1500,-0.370,5.000,4.980,10,"student_top_inst/Core_cpu/u_core_top/load_head_q_reg[0]/C","student_top_inst/Core_cpu/u_core_top/u_dcache/lookup_addr_q_reg[30]/CE","setup"
1501,-0.370,5.000,4.980,10,"student_top_inst/Core_cpu/u_core_top/load_head_q_reg[0]/C","student_top_inst/Core_cpu/u_core_top/u_dcache/lookup_addr_q_reg[5]/CE","setup"
1502,-0.370,5.000,4.980,10,"student_top_inst/Core_cpu/u_core_top/load_head_q_reg[0]/C","student_top_inst/Core_cpu/u_core_top/u_dcache/lookup_tag_q_reg[22]/CE","setup"
1503,-0.370,5.000,4.980,10,"student_top_inst/Core_cpu/u_core_top/load_head_q_reg[0]/C","student_top_inst/Core_cpu/u_core_top/u_dcache/lookup_tag_q_reg[25]/CE","setup"
1504,-0.369,5.000,5.181,0,"student_top_inst/Core_cpu/u_core_top/u_dmem_regslice/req_addr_q_reg[3]/C","student_top_inst/mem_bridge/dram_adapter/dram/U0/inst_blk_mem_gen/gnbram.gnativebmg.native_blk_mem_gen/valid.cstr/ramloop[2].ram.r/prim_init.ram/DEVICE_7SERIES.NO_BMM_INFO.SP.SIMPLE_PRIM36.ram/ADDRARDADDR[4]","setup"
1505,-0.369,5.000,4.838,10,"student_top_inst/Core_cpu/u_core_top/scoreboard_q_reg[4][fu][0]/C","student_top_inst/Core_cpu/u_core_top/id_uop_q_reg[csr_addr][1]/CE","setup"
1506,-0.369,5.000,4.838,10,"student_top_inst/Core_cpu/u_core_top/scoreboard_q_reg[4][fu][0]/C","student_top_inst/Core_cpu/u_core_top/id_uop_q_reg[exception_tval][13]/CE","setup"
1507,-0.369,5.000,4.838,10,"student_top_inst/Core_cpu/u_core_top/scoreboard_q_reg[4][fu][0]/C","student_top_inst/Core_cpu/u_core_top/id_uop_q_reg[fu][2]/CE","setup"
1508,-0.369,5.000,4.838,10,"student_top_inst/Core_cpu/u_core_top/scoreboard_q_reg[4][fu][0]/C","student_top_inst/Core_cpu/u_core_top/id_uop_q_reg[muldiv_op][1]/CE","setup"
1509,-0.369,5.000,4.838,10,"student_top_inst/Core_cpu/u_core_top/scoreboard_q_reg[4][fu][0]/C","student_top_inst/Core_cpu/u_core_top/id_uop_q_reg[rs1][0]/CE","setup"
1510,-0.369,5.000,4.838,10,"student_top_inst/Core_cpu/u_core_top/scoreboard_q_reg[4][fu][0]/C","student_top_inst/Core_cpu/u_core_top/id_uop_q_reg[rs1]_rep[0]/CE","setup"
1511,-0.369,5.000,4.838,10,"student_top_inst/Core_cpu/u_core_top/scoreboard_q_reg[4][fu][0]/C","student_top_inst/Core_cpu/u_core_top/id_uop_q_reg[rs2][0]/CE","setup"
1512,-0.369,5.000,4.838,10,"student_top_inst/Core_cpu/u_core_top/scoreboard_q_reg[4][fu][0]/C","student_top_inst/Core_cpu/u_core_top/id_uop_q_reg[rs2][2]/CE","setup"
1513,-0.368,5.000,4.812,11,"student_top_inst/Core_cpu/u_core_top/scoreboard_q_reg[4][fu][0]/C","student_top_inst/Core_cpu/u_core_top/scoreboard_q_reg[2][pc][27]/CE","setup"
1514,-0.368,5.000,4.978,12,"student_top_inst/Core_cpu/u_core_top/scoreboard_q_reg[4][fu][0]/C","student_top_inst/Core_cpu/u_core_top/scoreboard_q_reg[4][csr_src][16]/R","setup"
1515,-0.368,5.000,4.978,12,"student_top_inst/Core_cpu/u_core_top/scoreboard_q_reg[4][fu][0]/C","student_top_inst/Core_cpu/u_core_top/scoreboard_q_reg[4][csr_src][17]/R","setup"
1516,-0.368,5.000,4.978,12,"student_top_inst/Core_cpu/u_core_top/scoreboard_q_reg[4][fu][0]/C","student_top_inst/Core_cpu/u_core_top/scoreboard_q_reg[4][csr_src][8]/R","setup"
1517,-0.368,5.000,5.221,7,"student_top_inst/Core_cpu/u_core_top/u_dcache/g_data_bank[3].u_data_bank/mem_q_reg_0/CLKBWRCLK","student_top_inst/Core_cpu/u_core_top/scoreboard_q_reg[4][csr_src][24]/D","setup"
1518,-0.367,5.000,4.899,10,"student_top_inst/Core_cpu/u_core_top/scoreboard_q_reg[4][fu][0]/C","student_top_inst/Core_cpu/u_core_top/scoreboard_q_reg[7][result][12]/R","setup"
1519,-0.367,5.000,4.899,10,"student_top_inst/Core_cpu/u_core_top/scoreboard_q_reg[4][fu][0]/C","student_top_inst/Core_cpu/u_core_top/scoreboard_q_reg[7][result][4]/R","setup"
1520,-0.367,5.000,4.982,6,"student_top_inst/Core_cpu/u_core_top/u_dcache/g_data_bank[3].u_data_bank/mem_q_reg_0/CLKBWRCLK","student_top_inst/Core_cpu/u_core_top/exec_q_reg[op1][3]/D","setup"
1521,-0.367,5.000,4.976,10,"student_top_inst/Core_cpu/u_core_top/load_head_q_reg[0]/C","student_top_inst/Core_cpu/u_core_top/u_dcache/p_2_out__9_rep__2/CE","setup"
1522,-0.367,5.000,4.976,10,"student_top_inst/Core_cpu/u_core_top/load_head_q_reg[0]/C","student_top_inst/Core_cpu/u_core_top/u_dcache/req_addr_q_reg[20]/CE","setup"
1523,-0.367,5.000,4.976,10,"student_top_inst/Core_cpu/u_core_top/load_head_q_reg[0]/C","student_top_inst/Core_cpu/u_core_top/u_dcache/req_addr_q_reg[27]/CE","setup"
1524,-0.367,5.000,4.976,10,"student_top_inst/Core_cpu/u_core_top/load_head_q_reg[0]/C","student_top_inst/Core_cpu/u_core_top/u_dcache/req_addr_q_reg[2]/CE","setup"
1525,-0.367,5.000,4.848,11,"student_top_inst/Core_cpu/u_core_top/scoreboard_q_reg[4][fu][0]/C","student_top_inst/Core_cpu/u_core_top/scoreboard_q_reg[6][exception_tval][25]/CE","setup"
1526,-0.367,5.000,4.848,11,"student_top_inst/Core_cpu/u_core_top/scoreboard_q_reg[4][fu][0]/C","student_top_inst/Core_cpu/u_core_top/scoreboard_q_reg[6][exception_tval][26]/CE","setup"
1527,-0.367,5.000,4.848,11,"student_top_inst/Core_cpu/u_core_top/scoreboard_q_reg[4][fu][0]/C","student_top_inst/Core_cpu/u_core_top/scoreboard_q_reg[6][exception_tval][7]/CE","setup"
1528,-0.367,5.000,4.848,11,"student_top_inst/Core_cpu/u_core_top/scoreboard_q_reg[4][fu][0]/C","student_top_inst/Core_cpu/u_core_top/scoreboard_q_reg[6][exception_tval][8]/CE","setup"
1529,-0.367,5.000,5.061,12,"student_top_inst/Core_cpu/u_core_top/scoreboard_q_reg[4][fu][0]/C","student_top_inst/Core_cpu/u_core_top/producer_valid_q_reg[20]/D","setup"
1530,-0.366,5.000,5.059,12,"student_top_inst/Core_cpu/u_core_top/scoreboard_q_reg[4][fu][0]/C","student_top_inst/Core_cpu/u_core_top/producer_valid_q_reg[22]/D","setup"
1531,-0.365,5.000,4.812,10,"student_top_inst/Core_cpu/u_core_top/scoreboard_q_reg[4][fu][0]/C","student_top_inst/Core_cpu/u_core_top/id_uop_q_reg[imm][12]/CE","setup"
1532,-0.365,5.000,4.812,10,"student_top_inst/Core_cpu/u_core_top/scoreboard_q_reg[4][fu][0]/C","student_top_inst/Core_cpu/u_core_top/id_uop_q_reg[is_jal]/CE","setup"
1533,-0.365,5.000,4.812,10,"student_top_inst/Core_cpu/u_core_top/scoreboard_q_reg[4][fu][0]/C","student_top_inst/Core_cpu/u_core_top/id_uop_q_reg[is_jalr]/CE","setup"
1534,-0.365,5.000,4.812,10,"student_top_inst/Core_cpu/u_core_top/scoreboard_q_reg[4][fu][0]/C","student_top_inst/Core_cpu/u_core_top/id_uop_q_reg[mem_size][0]/CE","setup"
1535,-0.365,5.000,4.812,10,"student_top_inst/Core_cpu/u_core_top/scoreboard_q_reg[4][fu][0]/C","student_top_inst/Core_cpu/u_core_top/id_uop_q_reg[mem_size][1]/CE","setup"
1536,-0.365,5.000,5.055,8,"student_top_inst/Core_cpu/u_core_top/id_uop_q_reg[rs1][1]/C","student_top_inst/Core_cpu/u_core_top/scoreboard_q_reg[1][csr_src][14]/R","setup"
1537,-0.365,5.000,5.055,8,"student_top_inst/Core_cpu/u_core_top/id_uop_q_reg[rs1][1]/C","student_top_inst/Core_cpu/u_core_top/scoreboard_q_reg[1][csr_src][20]/R","setup"
1538,-0.365,5.000,5.055,8,"student_top_inst/Core_cpu/u_core_top/id_uop_q_reg[rs1][1]/C","student_top_inst/Core_cpu/u_core_top/scoreboard_q_reg[1][csr_src][5]/R","setup"
1539,-0.365,5.000,5.055,8,"student_top_inst/Core_cpu/u_core_top/id_uop_q_reg[rs1][1]/C","student_top_inst/Core_cpu/u_core_top/scoreboard_q_reg[1][csr_src][8]/R","setup"
1540,-0.365,5.000,4.810,11,"student_top_inst/Core_cpu/u_core_top/scoreboard_q_reg[4][fu][0]/C","student_top_inst/Core_cpu/u_core_top/scoreboard_q_reg[2][csr_addr][0]/CE","setup"
1541,-0.364,5.000,4.781,0,"student_top_inst/cpu_rst_sync_reg/C","student_top_inst/Core_cpu/u_core_top/load_active_meta_q_reg[forward_data][10]/R","setup"
1542,-0.364,5.000,4.781,0,"student_top_inst/cpu_rst_sync_reg/C","student_top_inst/Core_cpu/u_core_top/load_active_meta_q_reg[forward_data][28]/R","setup"
1543,-0.364,5.000,5.070,7,"student_top_inst/Core_cpu/u_core_top/commit_ptr_q_reg[2]_rep/C","student_top_inst/Core_cpu/u_core_top/u_csr/mepc_q_reg[12]/D","setup"
1544,-0.364,5.000,4.812,12,"student_top_inst/Core_cpu/u_core_top/scoreboard_q_reg[4][fu][0]/C","student_top_inst/Core_cpu/u_core_top/scoreboard_q_reg[4][exception_tval][12]/CE","setup"
1545,-0.364,5.000,4.812,12,"student_top_inst/Core_cpu/u_core_top/scoreboard_q_reg[4][fu][0]/C","student_top_inst/Core_cpu/u_core_top/scoreboard_q_reg[4][exception_tval][14]/CE","setup"
1546,-0.364,5.000,4.812,12,"student_top_inst/Core_cpu/u_core_top/scoreboard_q_reg[4][fu][0]/C","student_top_inst/Core_cpu/u_core_top/scoreboard_q_reg[4][exception_tval][17]/CE","setup"
1547,-0.364,5.000,4.812,12,"student_top_inst/Core_cpu/u_core_top/scoreboard_q_reg[4][fu][0]/C","student_top_inst/Core_cpu/u_core_top/scoreboard_q_reg[4][exception_tval][19]/CE","setup"
1548,-0.364,5.000,4.809,10,"student_top_inst/Core_cpu/u_core_top/scoreboard_q_reg[4][fu][0]/C","student_top_inst/Core_cpu/u_core_top/id_uop_q_reg[instr][5]/CE","setup"
1549,-0.364,5.000,4.809,10,"student_top_inst/Core_cpu/u_core_top/scoreboard_q_reg[4][fu][0]/C","student_top_inst/Core_cpu/u_core_top/id_uop_q_reg[rs1][2]/CE","setup"
1550,-0.364,5.000,4.601,0,"student_top_inst/cpu_rst_sync_reg/C","student_top_inst/Core_cpu/u_core_top/u_regfile/regs_q_reg[2][18]/R","setup"
1551,-0.364,5.000,5.241,6,"student_top_inst/Core_cpu/u_core_top/u_dcache/g_data_bank[3].u_data_bank/mem_q_reg_0/CLKBWRCLK","student_top_inst/Core_cpu/u_core_top/exec_q_reg[op2][6]/D","setup"
1552,-0.363,5.000,4.820,11,"student_top_inst/Core_cpu/u_core_top/scoreboard_q_reg[4][fu][0]/C","student_top_inst/Core_cpu/u_core_top/exec_q_reg[uop][imm][1]/CE","setup"
1553,-0.363,5.000,4.820,11,"student_top_inst/Core_cpu/u_core_top/scoreboard_q_reg[4][fu][0]/C","student_top_inst/Core_cpu/u_core_top/exec_q_reg[uop][pc][16]/CE","setup"
1554,-0.363,5.000,4.820,11,"student_top_inst/Core_cpu/u_core_top/scoreboard_q_reg[4][fu][0]/C","student_top_inst/Core_cpu/u_core_top/exec_q_reg[uop][pc][18]/CE","setup"
1555,-0.363,5.000,4.820,11,"student_top_inst/Core_cpu/u_core_top/scoreboard_q_reg[4][fu][0]/C","student_top_inst/Core_cpu/u_core_top/exec_q_reg[uop][pc][22]/CE","setup"
1556,-0.363,5.000,4.814,11,"student_top_inst/Core_cpu/u_core_top/scoreboard_q_reg[4][fu][0]/C","student_top_inst/Core_cpu/u_core_top/scoreboard_q_reg[6][link_addr][10]/CE","setup"
1557,-0.363,5.000,4.814,11,"student_top_inst/Core_cpu/u_core_top/scoreboard_q_reg[4][fu][0]/C","student_top_inst/Core_cpu/u_core_top/scoreboard_q_reg[6][link_addr][13]/CE","setup"
1558,-0.363,5.000,4.814,11,"student_top_inst/Core_cpu/u_core_top/scoreboard_q_reg[4][fu][0]/C","student_top_inst/Core_cpu/u_core_top/scoreboard_q_reg[6][link_addr][15]/CE","setup"
1559,-0.363,5.000,4.814,11,"student_top_inst/Core_cpu/u_core_top/scoreboard_q_reg[4][fu][0]/C","student_top_inst/Core_cpu/u_core_top/scoreboard_q_reg[6][link_addr][20]/CE","setup"
1560,-0.363,5.000,4.814,11,"student_top_inst/Core_cpu/u_core_top/scoreboard_q_reg[4][fu][0]/C","student_top_inst/Core_cpu/u_core_top/scoreboard_q_reg[6][link_addr][2]/CE","setup"
1561,-0.363,5.000,5.202,6,"student_top_inst/Core_cpu/u_core_top/u_dcache/g_data_bank[1].u_data_bank/mem_q_reg_1/CLKBWRCLK","student_top_inst/Core_cpu/u_core_top/scoreboard_q_reg[3][result][28]/D","setup"
1562,-0.363,5.000,4.987,6,"student_top_inst/Core_cpu/u_core_top/commit_ptr_q_reg[2]_rep/C","student_top_inst/Core_cpu/u_core_top/u_csr/mscratch_q_reg[6]/D","setup"
1563,-0.363,5.000,4.820,12,"student_top_inst/Core_cpu/u_core_top/scoreboard_q_reg[4][fu][0]/C","student_top_inst/Core_cpu/u_core_top/scoreboard_q_reg[5][exception_cause][2]/CE","setup"
1564,-0.363,5.000,4.820,12,"student_top_inst/Core_cpu/u_core_top/scoreboard_q_reg[4][fu][0]/C","student_top_inst/Core_cpu/u_core_top/scoreboard_q_reg[5][exception_tval][13]/CE","setup"
1565,-0.363,5.000,4.820,12,"student_top_inst/Core_cpu/u_core_top/scoreboard_q_reg[4][fu][0]/C","student_top_inst/Core_cpu/u_core_top/scoreboard_q_reg[5][exception_tval][19]/CE","setup"
1566,-0.363,5.000,4.820,12,"student_top_inst/Core_cpu/u_core_top/scoreboard_q_reg[4][fu][0]/C","student_top_inst/Core_cpu/u_core_top/scoreboard_q_reg[5][exception_tval][31]/CE","setup"
1567,-0.362,5.000,5.002,6,"student_top_inst/Core_cpu/u_core_top/commit_ptr_q_reg[2]_rep/C","student_top_inst/Core_cpu/u_core_top/u_csr/mscratch_q_reg[23]/D","setup"
1568,-0.362,5.000,5.214,7,"student_top_inst/Core_cpu/u_core_top/u_dcache/g_data_bank[3].u_data_bank/mem_q_reg_0/CLKBWRCLK","student_top_inst/Core_cpu/u_core_top/scoreboard_q_reg[7][csr_src][7]/D","setup"
1569,-0.362,5.000,4.888,10,"student_top_inst/Core_cpu/u_core_top/scoreboard_q_reg[4][fu][0]/C","student_top_inst/Core_cpu/u_core_top/scoreboard_q_reg[1][result][24]/R","setup"
1570,-0.362,5.000,4.888,10,"student_top_inst/Core_cpu/u_core_top/scoreboard_q_reg[4][fu][0]/C","student_top_inst/Core_cpu/u_core_top/scoreboard_q_reg[1][result][27]/R","setup"
1571,-0.362,5.000,4.888,10,"student_top_inst/Core_cpu/u_core_top/scoreboard_q_reg[4][fu][0]/C","student_top_inst/Core_cpu/u_core_top/scoreboard_q_reg[1][result][29]/R","setup"
1572,-0.362,5.000,4.888,10,"student_top_inst/Core_cpu/u_core_top/scoreboard_q_reg[4][fu][0]/C","student_top_inst/Core_cpu/u_core_top/scoreboard_q_reg[1][result][31]/R","setup"
1573,-0.361,5.000,4.794,0,"student_top_inst/cpu_rst_sync_reg/C","student_top_inst/Core_cpu/u_core_top/u_regfile/regs_q_reg[14][14]/R","setup"
1574,-0.361,5.000,4.794,0,"student_top_inst/cpu_rst_sync_reg/C","student_top_inst/Core_cpu/u_core_top/u_regfile/regs_q_reg[14][8]/R","setup"
1575,-0.361,5.000,5.202,7,"student_top_inst/Core_cpu/u_core_top/u_dcache/g_data_bank[3].u_data_bank/mem_q_reg_0/CLKBWRCLK","student_top_inst/Core_cpu/u_core_top/scoreboard_q_reg[2][result][22]/D","setup"
1576,-0.361,5.000,5.213,7,"student_top_inst/Core_cpu/u_core_top/u_dcache/g_data_bank[3].u_data_bank/mem_q_reg_0/CLKBWRCLK","student_top_inst/Core_cpu/u_core_top/scoreboard_q_reg[1][csr_src][30]/D","setup"
1577,-0.361,5.000,4.845,11,"student_top_inst/Core_cpu/u_core_top/scoreboard_q_reg[4][fu][0]/C","student_top_inst/Core_cpu/u_core_top/exec_q_reg[uop][instr][2]/CE","setup"
1578,-0.361,5.000,4.845,11,"student_top_inst/Core_cpu/u_core_top/scoreboard_q_reg[4][fu][0]/C","student_top_inst/Core_cpu/u_core_top/exec_q_reg[uop][instr][5]/CE","setup"
1579,-0.361,5.000,4.845,11,"student_top_inst/Core_cpu/u_core_top/scoreboard_q_reg[4][fu][0]/C","student_top_inst/Core_cpu/u_core_top/exec_q_reg[uop][instr][6]/CE","setup"
1580,-0.361,5.000,4.845,11,"student_top_inst/Core_cpu/u_core_top/scoreboard_q_reg[4][fu][0]/C","student_top_inst/Core_cpu/u_core_top/exec_q_reg[uop][rs1][0]/CE","setup"
1581,-0.361,5.000,4.818,12,"student_top_inst/Core_cpu/u_core_top/scoreboard_q_reg[4][fu][0]/C","student_top_inst/Core_cpu/u_core_top/scoreboard_q_reg[4][exception_cause][2]/CE","setup"
1582,-0.361,5.000,4.818,12,"student_top_inst/Core_cpu/u_core_top/scoreboard_q_reg[4][fu][0]/C","student_top_inst/Core_cpu/u_core_top/scoreboard_q_reg[4][exception_tval][31]/CE","setup"
1583,-0.361,5.000,4.608,0,"student_top_inst/cpu_rst_sync_reg/C","student_top_inst/Core_cpu/u_core_top/scoreboard_q_reg[0][exception_cause][2]/R","setup"
1584,-0.361,5.000,4.608,0,"student_top_inst/cpu_rst_sync_reg/C","student_top_inst/Core_cpu/u_core_top/scoreboard_q_reg[0][exception_tval][19]/R","setup"
1585,-0.361,5.000,4.608,0,"student_top_inst/cpu_rst_sync_reg/C","student_top_inst/Core_cpu/u_core_top/scoreboard_q_reg[0][exception_tval][31]/R","setup"
1586,-0.361,5.000,4.608,0,"student_top_inst/cpu_rst_sync_reg/C","student_top_inst/Core_cpu/u_core_top/scoreboard_q_reg[0][exception_valid]/R","setup"
1587,-0.359,5.000,5.094,6,"student_top_inst/Core_cpu/u_core_top/commit_ptr_q_reg[2]_rep/C","student_top_inst/Core_cpu/u_core_top/wb_data_q_reg[17]/D","setup"
1588,-0.359,5.000,4.624,9,"student_top_inst/Core_cpu/u_core_top/scoreboard_q_reg[4][fu][0]/C","student_top_inst/Core_cpu/u_core_top/u_dcache/g_data_bank[2].u_data_bank/mem_q_reg_1/ADDRARDADDR[14]","setup"
1589,-0.358,5.000,5.203,7,"student_top_inst/Core_cpu/u_core_top/u_dcache/g_data_bank[3].u_data_bank/mem_q_reg_0/CLKBWRCLK","student_top_inst/Core_cpu/u_core_top/scoreboard_q_reg[4][result][9]/D","setup"
1590,-0.358,5.000,5.228,7,"student_top_inst/Core_cpu/u_core_top/u_dcache/g_data_bank[1].u_data_bank/mem_q_reg_1/CLKBWRCLK","student_top_inst/Core_cpu/u_core_top/exec_q_reg[op2][31]/D","setup"
1591,-0.358,5.000,4.970,10,"student_top_inst/Core_cpu/u_core_top/load_head_q_reg[0]/C","student_top_inst/Core_cpu/u_core_top/u_dcache/lookup_index_q_reg[7]/CE","setup"
1592,-0.358,5.000,4.970,10,"student_top_inst/Core_cpu/u_core_top/load_head_q_reg[0]/C","student_top_inst/Core_cpu/u_core_top/u_dcache/lookup_store_data_q_reg[11]/CE","setup"
1593,-0.358,5.000,4.970,10,"student_top_inst/Core_cpu/u_core_top/load_head_q_reg[0]/C","student_top_inst/Core_cpu/u_core_top/u_dcache/lookup_store_data_q_reg[15]/CE","setup"
1594,-0.358,5.000,4.970,10,"student_top_inst/Core_cpu/u_core_top/load_head_q_reg[0]/C","student_top_inst/Core_cpu/u_core_top/u_dcache/lookup_store_data_q_reg[19]/CE","setup"
1595,-0.358,5.000,4.970,10,"student_top_inst/Core_cpu/u_core_top/load_head_q_reg[0]/C","student_top_inst/Core_cpu/u_core_top/u_dcache/lookup_store_data_q_reg[23]/CE","setup"
1596,-0.358,5.000,4.968,12,"student_top_inst/Core_cpu/u_core_top/scoreboard_q_reg[4][fu][0]/C","student_top_inst/Core_cpu/u_core_top/scoreboard_q_reg[7][csr_src][19]/R","setup"
1597,-0.358,5.000,4.968,12,"student_top_inst/Core_cpu/u_core_top/scoreboard_q_reg[4][fu][0]/C","student_top_inst/Core_cpu/u_core_top/scoreboard_q_reg[7][csr_src][21]/R","setup"
1598,-0.358,5.000,4.968,12,"student_top_inst/Core_cpu/u_core_top/scoreboard_q_reg[4][fu][0]/C","student_top_inst/Core_cpu/u_core_top/scoreboard_q_reg[7][csr_src][22]/R","setup"
1599,-0.358,5.000,4.968,12,"student_top_inst/Core_cpu/u_core_top/scoreboard_q_reg[4][fu][0]/C","student_top_inst/Core_cpu/u_core_top/scoreboard_q_reg[7][csr_src][28]/R","setup"
1600,-0.357,5.000,4.816,11,"student_top_inst/Core_cpu/u_core_top/scoreboard_q_reg[4][fu][0]/C","student_top_inst/Core_cpu/u_core_top/scoreboard_q_reg[2][exception_tval][30]/CE","setup"
1601,-0.357,5.000,4.816,11,"student_top_inst/Core_cpu/u_core_top/scoreboard_q_reg[4][fu][0]/C","student_top_inst/Core_cpu/u_core_top/scoreboard_q_reg[2][exception_tval][31]/CE","setup"
1602,-0.357,5.000,4.816,11,"student_top_inst/Core_cpu/u_core_top/scoreboard_q_reg[4][fu][0]/C","student_top_inst/Core_cpu/u_core_top/scoreboard_q_reg[2][exception_tval][6]/CE","setup"
1603,-0.357,5.000,4.816,11,"student_top_inst/Core_cpu/u_core_top/scoreboard_q_reg[4][fu][0]/C","student_top_inst/Core_cpu/u_core_top/scoreboard_q_reg[2][exception_tval][7]/CE","setup"
1604,-0.357,5.000,4.967,12,"student_top_inst/Core_cpu/u_core_top/scoreboard_q_reg[4][fu][0]/C","student_top_inst/Core_cpu/u_core_top/scoreboard_q_reg[4][csr_src][20]/R","setup"
1605,-0.357,5.000,4.967,12,"student_top_inst/Core_cpu/u_core_top/scoreboard_q_reg[4][fu][0]/C","student_top_inst/Core_cpu/u_core_top/scoreboard_q_reg[4][csr_src][21]/R","setup"
1606,-0.357,5.000,4.967,12,"student_top_inst/Core_cpu/u_core_top/scoreboard_q_reg[4][fu][0]/C","student_top_inst/Core_cpu/u_core_top/scoreboard_q_reg[4][csr_src][22]/R","setup"
1607,-0.357,5.000,4.967,12,"student_top_inst/Core_cpu/u_core_top/scoreboard_q_reg[4][fu][0]/C","student_top_inst/Core_cpu/u_core_top/scoreboard_q_reg[4][csr_src][24]/R","setup"
1608,-0.357,5.000,4.967,12,"student_top_inst/Core_cpu/u_core_top/scoreboard_q_reg[4][fu][0]/C","student_top_inst/Core_cpu/u_core_top/scoreboard_q_reg[4][csr_src][28]/R","setup"
1609,-0.357,5.000,4.967,12,"student_top_inst/Core_cpu/u_core_top/scoreboard_q_reg[4][fu][0]/C","student_top_inst/Core_cpu/u_core_top/scoreboard_q_reg[4][csr_src][6]/R","setup"
1610,-0.357,5.000,4.594,0,"student_top_inst/cpu_rst_sync_reg/C","student_top_inst/Core_cpu/u_core_top/u_regfile/regs_q_reg[22][18]/R","setup"
1611,-0.356,5.000,4.886,10,"student_top_inst/Core_cpu/u_core_top/scoreboard_q_reg[4][fu][0]/C","student_top_inst/Core_cpu/u_core_top/scoreboard_q_reg[7][result][14]/R","setup"
1612,-0.356,5.000,4.886,10,"student_top_inst/Core_cpu/u_core_top/scoreboard_q_reg[4][fu][0]/C","student_top_inst/Core_cpu/u_core_top/scoreboard_q_reg[7][result][9]/R","setup"
1613,-0.356,5.000,5.223,6,"student_top_inst/Core_cpu/u_core_top/u_dcache/g_data_bank[1].u_data_bank/mem_q_reg_1/CLKBWRCLK","student_top_inst/Core_cpu/u_core_top/scoreboard_q_reg[0][csr_src][28]/D","setup"
1614,-0.356,5.000,5.171,0,"student_top_inst/Core_cpu/u_core_top/u_dmem_regslice/req_addr_q_reg[6]/C","student_top_inst/mem_bridge/dram_adapter/dram/U0/inst_blk_mem_gen/gnbram.gnativebmg.native_blk_mem_gen/valid.cstr/ramloop[2].ram.r/prim_init.ram/DEVICE_7SERIES.NO_BMM_INFO.SP.SIMPLE_PRIM36.ram/ADDRARDADDR[7]","setup"
1615,-0.355,5.000,4.765,0,"student_top_inst/cpu_rst_sync_reg/C","student_top_inst/Core_cpu/u_core_top/store_q_reg[3][addr][4]/R","setup"
1616,-0.355,5.000,5.201,7,"student_top_inst/Core_cpu/u_core_top/u_dcache/g_data_bank[3].u_data_bank/mem_q_reg_0/CLKBWRCLK","student_top_inst/Core_cpu/u_core_top/scoreboard_q_reg[2][result][13]/D","setup"
1617,-0.355,5.000,5.197,7,"student_top_inst/Core_cpu/u_core_top/u_dcache/g_data_bank[3].u_data_bank/mem_q_reg_0/CLKBWRCLK","student_top_inst/Core_cpu/u_core_top/scoreboard_q_reg[2][result][25]/D","setup"
1618,-0.355,5.000,4.833,11,"student_top_inst/Core_cpu/u_core_top/scoreboard_q_reg[4][fu][0]/C","student_top_inst/Core_cpu/u_core_top/exec_q_reg[uop][pc][14]/CE","setup"
1619,-0.353,5.000,5.132,0,"student_top_inst/mem_bridge/dram_adapter/read_valid_d1_reg/C","student_top_inst/mem_bridge/dram_adapter/dram/U0/inst_blk_mem_gen/gnbram.gnativebmg.native_blk_mem_gen/valid.cstr/has_mux_a.A/douta[12]_INST_0_i_4_psbram/CE","setup"
1620,-0.353,5.000,5.227,7,"student_top_inst/Core_cpu/u_core_top/u_dcache/g_data_bank[3].u_data_bank/mem_q_reg_0/CLKBWRCLK","student_top_inst/Core_cpu/u_core_top/scoreboard_q_reg[1][result][9]/D","setup"
1621,-0.353,5.000,4.820,11,"student_top_inst/Core_cpu/u_core_top/scoreboard_q_reg[4][fu][0]/C","student_top_inst/Core_cpu/u_core_top/scoreboard_q_reg[4][csr_addr][9]/CE","setup"
1622,-0.353,5.000,4.977,7,"student_top_inst/Core_cpu/u_core_top/commit_ptr_q_reg[2]_rep/C","student_top_inst/Core_cpu/u_core_top/u_csr/mcause_q_reg[0]/D","setup"
1623,-0.352,5.000,4.752,0,"student_top_inst/cpu_rst_sync_reg/C","student_top_inst/Core_cpu/u_core_top/exec_q_reg[op2][19]/R","setup"
1624,-0.352,5.000,4.752,0,"student_top_inst/cpu_rst_sync_reg/C","student_top_inst/Core_cpu/u_core_top/exec_q_reg[op2][28]/R","setup"
1625,-0.352,5.000,4.880,10,"student_top_inst/Core_cpu/u_core_top/scoreboard_q_reg[4][fu][0]/C","student_top_inst/Core_cpu/u_core_top/scoreboard_q_reg[3][result][13]/R","setup"
1626,-0.351,5.000,4.813,11,"student_top_inst/Core_cpu/u_core_top/scoreboard_q_reg[4][fu][0]/C","student_top_inst/Core_cpu/u_core_top/exec_q_reg[uop][rd][4]/CE","setup"
1627,-0.351,5.000,4.752,0,"student_top_inst/cpu_rst_sync_reg/C","student_top_inst/Core_cpu/u_core_top/store_q_reg[0][wdata][5]/R","setup"
1628,-0.351,5.000,5.046,12,"student_top_inst/Core_cpu/u_core_top/scoreboard_q_reg[4][fu][0]/C","student_top_inst/Core_cpu/u_core_top/producer_valid_q_reg[19]/D","setup"
1629,-0.351,5.000,5.191,7,"student_top_inst/Core_cpu/u_core_top/u_dcache/g_data_bank[1].u_data_bank/mem_q_reg_1/CLKBWRCLK","student_top_inst/Core_cpu/u_core_top/exec_q_reg[op2][28]/D","setup"
1630,-0.350,5.000,5.295,8,"student_top_inst/Core_cpu/u_core_top/u_muldiv/b_q_reg[22]/C","student_top_inst/Core_cpu/u_core_top/scoreboard_q_reg[2][csr_src][17]/D","setup"
1631,-0.350,5.000,4.959,10,"student_top_inst/Core_cpu/u_core_top/load_head_q_reg[0]/C","student_top_inst/Core_cpu/u_core_top/u_dcache/lookup_store_data_q_reg[28]/CE","setup"
1632,-0.350,5.000,4.970,6,"student_top_inst/Core_cpu/u_core_top/commit_ptr_q_reg[2]_rep/C","student_top_inst/Core_cpu/u_core_top/u_csr/mtvec_q_reg[29]/D","setup"
1633,-0.350,5.000,4.813,11,"student_top_inst/Core_cpu/u_core_top/scoreboard_q_reg[4][fu][0]/C","student_top_inst/Core_cpu/u_core_top/scoreboard_q_reg[2][exception_tval][14]/CE","setup"
1634,-0.350,5.000,4.813,11,"student_top_inst/Core_cpu/u_core_top/scoreboard_q_reg[4][fu][0]/C","student_top_inst/Core_cpu/u_core_top/scoreboard_q_reg[2][exception_tval][15]/CE","setup"
1635,-0.349,5.000,4.880,10,"student_top_inst/Core_cpu/u_core_top/scoreboard_q_reg[4][fu][0]/C","student_top_inst/Core_cpu/u_core_top/scoreboard_q_reg[3][result][1]/R","setup"
1636,-0.349,5.000,4.880,10,"student_top_inst/Core_cpu/u_core_top/scoreboard_q_reg[4][fu][0]/C","student_top_inst/Core_cpu/u_core_top/scoreboard_q_reg[3][result][3]/R","setup"
1637,-0.349,5.000,4.750,0,"student_top_inst/cpu_rst_sync_reg/C","student_top_inst/Core_cpu/u_core_top/u_regfile/regs_q_reg[30][2]/R","setup"
1638,-0.349,5.000,4.979,13,"student_top_inst/Core_cpu/u_core_top/scoreboard_q_reg[4][fu][0]/C","student_top_inst/Core_cpu/u_core_top/load_q_reg[0][forward_data][10]/CE","setup"
1639,-0.349,5.000,4.979,13,"student_top_inst/Core_cpu/u_core_top/scoreboard_q_reg[4][fu][0]/C","student_top_inst/Core_cpu/u_core_top/load_q_reg[0][forward_data][14]/CE","setup"
1640,-0.349,5.000,4.835,11,"student_top_inst/Core_cpu/u_core_top/scoreboard_q_reg[4][fu][0]/C","student_top_inst/Core_cpu/u_core_top/exec_q_reg[uop][imm][11]/CE","setup"
1641,-0.349,5.000,5.053,7,"student_top_inst/Core_cpu/u_core_top/commit_ptr_q_reg[2]_rep/C","student_top_inst/Core_cpu/u_core_top/u_csr/mtval_q_reg[18]/D","setup"
1642,-0.348,5.000,5.276,11,"student_top_inst/Core_cpu/u_core_top/store_head_q_reg[0]/C","student_top_inst/Core_cpu/u_core_top/load_q_reg[1][forward_data][17]/D","setup"
1643,-0.348,5.000,4.816,10,"student_top_inst/Core_cpu/u_core_top/scoreboard_q_reg[4][fu][0]/C","student_top_inst/Core_cpu/u_core_top/id_uop_q_reg[csr_addr][0]/CE","setup"
1644,-0.348,5.000,4.816,10,"student_top_inst/Core_cpu/u_core_top/scoreboard_q_reg[4][fu][0]/C","student_top_inst/Core_cpu/u_core_top/id_uop_q_reg[exception_tval][20]/CE","setup"
1645,-0.348,5.000,4.816,10,"student_top_inst/Core_cpu/u_core_top/scoreboard_q_reg[4][fu][0]/C","student_top_inst/Core_cpu/u_core_top/id_uop_q_reg[exception_tval][26]/CE","setup"
1646,-0.348,5.000,4.816,10,"student_top_inst/Core_cpu/u_core_top/scoreboard_q_reg[4][fu][0]/C","student_top_inst/Core_cpu/u_core_top/id_uop_q_reg[instr][1]/CE","setup"
1647,-0.348,5.000,4.816,10,"student_top_inst/Core_cpu/u_core_top/scoreboard_q_reg[4][fu][0]/C","student_top_inst/Core_cpu/u_core_top/id_uop_q_reg[muldiv_op][2]/CE","setup"
1648,-0.348,5.000,4.816,10,"student_top_inst/Core_cpu/u_core_top/scoreboard_q_reg[4][fu][0]/C","student_top_inst/Core_cpu/u_core_top/id_uop_q_reg[rd][0]/CE","setup"
1649,-0.347,5.000,5.379,13,"student_top_inst/Core_cpu/u_core_top/exec_q_reg[uop][imm][1]/C","student_top_inst/Core_cpu/u_core_top/exec_mem_addr_q_reg[5]/D","setup"
1650,-0.347,5.000,5.196,7,"student_top_inst/Core_cpu/u_core_top/u_dcache/g_data_bank[3].u_data_bank/mem_q_reg_0/CLKBWRCLK","student_top_inst/Core_cpu/u_core_top/scoreboard_q_reg[3][csr_src][3]/D","setup"
1651,-0.346,5.000,5.219,11,"student_top_inst/Core_cpu/u_core_top/store_head_q_reg[0]/C","student_top_inst/Core_cpu/u_core_top/load_q_reg[1][forward_data][22]/D","setup"
1652,-0.346,5.000,4.956,12,"student_top_inst/Core_cpu/u_core_top/scoreboard_q_reg[4][fu][0]/C","student_top_inst/Core_cpu/u_core_top/scoreboard_q_reg[4][csr_src][23]/R","setup"
1653,-0.346,5.000,4.956,12,"student_top_inst/Core_cpu/u_core_top/scoreboard_q_reg[4][fu][0]/C","student_top_inst/Core_cpu/u_core_top/scoreboard_q_reg[4][csr_src][26]/R","setup"
1654,-0.346,5.000,4.956,12,"student_top_inst/Core_cpu/u_core_top/scoreboard_q_reg[4][fu][0]/C","student_top_inst/Core_cpu/u_core_top/scoreboard_q_reg[4][csr_src][27]/R","setup"
1655,-0.346,5.000,4.956,12,"student_top_inst/Core_cpu/u_core_top/scoreboard_q_reg[4][fu][0]/C","student_top_inst/Core_cpu/u_core_top/scoreboard_q_reg[4][csr_src][29]/R","setup"
1656,-0.346,5.000,4.956,12,"student_top_inst/Core_cpu/u_core_top/scoreboard_q_reg[4][fu][0]/C","student_top_inst/Core_cpu/u_core_top/scoreboard_q_reg[4][csr_src][30]/R","setup"
1657,-0.346,5.000,4.956,12,"student_top_inst/Core_cpu/u_core_top/scoreboard_q_reg[4][fu][0]/C","student_top_inst/Core_cpu/u_core_top/scoreboard_q_reg[4][csr_src][31]/R","setup"
1658,-0.346,5.000,5.148,7,"student_top_inst/Core_cpu/u_core_top/exec_q_reg[op2][2]/C","student_top_inst/Core_cpu/u_core_top/scoreboard_q_reg[3][csr_src][26]/D","setup"
1659,-0.345,5.000,5.377,14,"student_top_inst/Core_cpu/u_core_top/exec_q_reg[uop][imm][1]/C","student_top_inst/Core_cpu/u_core_top/exec_mem_addr_q_reg[10]/D","setup"
1660,-0.345,5.000,5.377,14,"student_top_inst/Core_cpu/u_core_top/exec_q_reg[uop][imm][1]/C","student_top_inst/Core_cpu/u_core_top/exec_mem_addr_q_reg[8]/D","setup"
1661,-0.345,5.000,4.957,10,"student_top_inst/Core_cpu/u_core_top/load_head_q_reg[0]/C","student_top_inst/Core_cpu/u_core_top/u_dcache/lookup_addr_q_reg[17]/CE","setup"
1662,-0.345,5.000,4.957,10,"student_top_inst/Core_cpu/u_core_top/load_head_q_reg[0]/C","student_top_inst/Core_cpu/u_core_top/u_dcache/lookup_index_q_reg[10]/CE","setup"
1663,-0.345,5.000,4.957,10,"student_top_inst/Core_cpu/u_core_top/load_head_q_reg[0]/C","student_top_inst/Core_cpu/u_core_top/u_dcache/lookup_store_data_q_reg[25]/CE","setup"
1664,-0.345,5.000,4.957,10,"student_top_inst/Core_cpu/u_core_top/load_head_q_reg[0]/C","student_top_inst/Core_cpu/u_core_top/u_dcache/lookup_store_data_q_reg[26]/CE","setup"
1665,-0.345,5.000,4.957,10,"student_top_inst/Core_cpu/u_core_top/load_head_q_reg[0]/C","student_top_inst/Core_cpu/u_core_top/u_dcache/lookup_store_data_q_reg[27]/CE","setup"
1666,-0.345,5.000,4.957,10,"student_top_inst/Core_cpu/u_core_top/load_head_q_reg[0]/C","student_top_inst/Core_cpu/u_core_top/u_dcache/lookup_store_data_q_reg[30]/CE","setup"
1667,-0.345,5.000,4.957,10,"student_top_inst/Core_cpu/u_core_top/load_head_q_reg[0]/C","student_top_inst/Core_cpu/u_core_top/u_dcache/lookup_write_q_reg/CE","setup"
1668,-0.345,5.000,4.955,10,"student_top_inst/Core_cpu/u_core_top/load_head_q_reg[0]/C","student_top_inst/Core_cpu/u_core_top/u_dcache/lookup_store_data_q_reg[13]/CE","setup"
1669,-0.345,5.000,4.955,10,"student_top_inst/Core_cpu/u_core_top/load_head_q_reg[0]/C","student_top_inst/Core_cpu/u_core_top/u_dcache/lookup_store_data_q_reg[21]/CE","setup"
1670,-0.345,5.000,4.892,10,"student_top_inst/Core_cpu/u_core_top/scoreboard_q_reg[4][fu][0]/C","student_top_inst/Core_cpu/u_core_top/scoreboard_q_reg[4][result][0]/R","setup"
1671,-0.345,5.000,4.892,10,"student_top_inst/Core_cpu/u_core_top/scoreboard_q_reg[4][fu][0]/C","student_top_inst/Core_cpu/u_core_top/scoreboard_q_reg[4][result][10]/R","setup"
1672,-0.345,5.000,4.892,10,"student_top_inst/Core_cpu/u_core_top/scoreboard_q_reg[4][fu][0]/C","student_top_inst/Core_cpu/u_core_top/scoreboard_q_reg[4][result][15]/R","setup"
1673,-0.344,5.000,5.157,8,"student_top_inst/Core_cpu/u_core_top/id_uop_q_reg[rs1][1]/C","student_top_inst/Core_cpu/u_core_top/scoreboard_q_reg[0][exception_tval][22]/CE","setup"
1674,-0.344,5.000,5.157,8,"student_top_inst/Core_cpu/u_core_top/id_uop_q_reg[rs1][1]/C","student_top_inst/Core_cpu/u_core_top/scoreboard_q_reg[0][exception_tval][25]/CE","setup"
1675,-0.344,5.000,4.985,6,"student_top_inst/Core_cpu/u_core_top/commit_ptr_q_reg[2]_rep/C","student_top_inst/Core_cpu/u_core_top/u_csr/mtvec_q_reg[18]/D","setup"
1676,-0.343,5.000,4.969,13,"student_top_inst/Core_cpu/u_core_top/scoreboard_q_reg[4][fu][0]/C","student_top_inst/Core_cpu/u_core_top/load_q_reg[0][forward_data][7]/CE","setup"
1677,-0.343,5.000,5.051,7,"student_top_inst/Core_cpu/u_core_top/commit_ptr_q_reg[2]_rep/C","student_top_inst/Core_cpu/u_core_top/u_csr/mstatus_q_reg[26]/D","setup"
1678,-0.343,5.000,4.891,10,"student_top_inst/Core_cpu/u_core_top/scoreboard_q_reg[4][fu][0]/C","student_top_inst/Core_cpu/u_core_top/scoreboard_q_reg[1][result][10]/R","setup"
1679,-0.343,5.000,4.891,10,"student_top_inst/Core_cpu/u_core_top/scoreboard_q_reg[4][fu][0]/C","student_top_inst/Core_cpu/u_core_top/scoreboard_q_reg[1][result][15]/R","setup"
1680,-0.343,5.000,4.891,10,"student_top_inst/Core_cpu/u_core_top/scoreboard_q_reg[4][fu][0]/C","student_top_inst/Core_cpu/u_core_top/scoreboard_q_reg[1][result][18]/R","setup"
1681,-0.343,5.000,4.891,10,"student_top_inst/Core_cpu/u_core_top/scoreboard_q_reg[4][fu][0]/C","student_top_inst/Core_cpu/u_core_top/scoreboard_q_reg[1][result][20]/R","setup"
1682,-0.342,5.000,4.569,0,"student_top_inst/cpu_rst_sync_reg/C","student_top_inst/Core_cpu/u_core_top/u_regfile/regs_q_reg[31][29]/R","setup"
1683,-0.342,5.000,4.955,12,"student_top_inst/Core_cpu/u_core_top/scoreboard_q_reg[4][fu][0]/C","student_top_inst/Core_cpu/u_core_top/scoreboard_q_reg[7][csr_src][10]/R","setup"
1684,-0.341,5.000,4.867,10,"student_top_inst/Core_cpu/u_core_top/scoreboard_q_reg[4][fu][0]/C","student_top_inst/Core_cpu/u_core_top/scoreboard_q_reg[0][result][16]/R","setup"
1685,-0.341,5.000,4.867,10,"student_top_inst/Core_cpu/u_core_top/scoreboard_q_reg[4][fu][0]/C","student_top_inst/Core_cpu/u_core_top/scoreboard_q_reg[0][result][17]/R","setup"
1686,-0.341,5.000,4.867,10,"student_top_inst/Core_cpu/u_core_top/scoreboard_q_reg[4][fu][0]/C","student_top_inst/Core_cpu/u_core_top/scoreboard_q_reg[0][result][19]/R","setup"
1687,-0.341,5.000,4.867,10,"student_top_inst/Core_cpu/u_core_top/scoreboard_q_reg[4][fu][0]/C","student_top_inst/Core_cpu/u_core_top/scoreboard_q_reg[0][result][25]/R","setup"
1688,-0.341,5.000,4.601,0,"student_top_inst/cpu_rst_sync_reg/C","student_top_inst/Core_cpu/u_core_top/u_regfile/regs_q_reg[6][18]/R","setup"
1689,-0.340,5.000,4.786,11,"student_top_inst/Core_cpu/u_core_top/scoreboard_q_reg[4][fu][0]/C","student_top_inst/Core_cpu/u_core_top/scoreboard_q_reg[2][csr_addr][6]/CE","setup"
1690,-0.340,5.000,4.786,11,"student_top_inst/Core_cpu/u_core_top/scoreboard_q_reg[4][fu][0]/C","student_top_inst/Core_cpu/u_core_top/scoreboard_q_reg[2][pc][12]/CE","setup"
1691,-0.340,5.000,4.567,0,"student_top_inst/cpu_rst_sync_reg/C","student_top_inst/Core_cpu/u_core_top/u_regfile/regs_q_reg[11][29]/R","setup"
1692,-0.340,5.000,4.972,13,"student_top_inst/Core_cpu/u_core_top/scoreboard_q_reg[4][fu][0]/C","student_top_inst/Core_cpu/u_core_top/load_q_reg[1][forward_data][16]/CE","setup"
1693,-0.340,5.000,4.972,13,"student_top_inst/Core_cpu/u_core_top/scoreboard_q_reg[4][fu][0]/C","student_top_inst/Core_cpu/u_core_top/load_q_reg[1][forward_data][18]/CE","setup"
1694,-0.340,5.000,5.072,7,"student_top_inst/Core_cpu/u_core_top/commit_ptr_q_reg[2]_rep/C","student_top_inst/Core_cpu/u_core_top/u_csr/mepc_q_reg[20]/D","setup"
1695,-0.340,5.000,5.120,0,"student_top_inst/Core_cpu/u_core_top/u_dmem_regslice/req_addr_q_reg[3]/C","student_top_inst/mem_bridge/dram_adapter/dram/U0/inst_blk_mem_gen/gnbram.gnativebmg.native_blk_mem_gen/valid.cstr/ramloop[53].ram.r/prim_init.ram/DEVICE_7SERIES.NO_BMM_INFO.SP.SIMPLE_PRIM36.ram/ADDRARDADDR[4]","setup"
1696,-0.339,5.000,5.184,7,"student_top_inst/Core_cpu/u_core_top/u_dcache/g_data_bank[3].u_data_bank/mem_q_reg_0/CLKBWRCLK","student_top_inst/Core_cpu/u_core_top/scoreboard_q_reg[3][result][9]/D","setup"
1697,-0.339,5.000,4.789,11,"student_top_inst/Core_cpu/u_core_top/scoreboard_q_reg[4][fu][0]/C","student_top_inst/Core_cpu/u_core_top/scoreboard_q_reg[2][pc][11]/CE","setup"
1698,-0.339,5.000,4.789,11,"student_top_inst/Core_cpu/u_core_top/scoreboard_q_reg[4][fu][0]/C","student_top_inst/Core_cpu/u_core_top/scoreboard_q_reg[2][pc][7]/CE","setup"
1699,-0.339,5.000,5.175,6,"student_top_inst/Core_cpu/u_core_top/u_dcache/g_data_bank[1].u_data_bank/mem_q_reg_1/CLKBWRCLK","student_top_inst/Core_cpu/u_core_top/scoreboard_q_reg[4][result][19]/D","setup"
1700,-0.338,5.000,4.869,10,"student_top_inst/Core_cpu/u_core_top/scoreboard_q_reg[4][fu][0]/C","student_top_inst/Core_cpu/u_core_top/scoreboard_q_reg[7][result][13]/R","setup"
1701,-0.338,5.000,4.871,10,"student_top_inst/Core_cpu/u_core_top/scoreboard_q_reg[4][fu][0]/C","student_top_inst/Core_cpu/u_core_top/scoreboard_q_reg[0][result][11]/R","setup"
1702,-0.338,5.000,4.871,10,"student_top_inst/Core_cpu/u_core_top/scoreboard_q_reg[4][fu][0]/C","student_top_inst/Core_cpu/u_core_top/scoreboard_q_reg[0][result][13]/R","setup"
1703,-0.338,5.000,4.871,10,"student_top_inst/Core_cpu/u_core_top/scoreboard_q_reg[4][fu][0]/C","student_top_inst/Core_cpu/u_core_top/scoreboard_q_reg[0][result][4]/R","setup"
1704,-0.338,5.000,4.871,10,"student_top_inst/Core_cpu/u_core_top/scoreboard_q_reg[4][fu][0]/C","student_top_inst/Core_cpu/u_core_top/scoreboard_q_reg[0][result][5]/R","setup"
1705,-0.338,5.000,5.126,0,"student_top_inst/Core_cpu/u_core_top/u_dmem_regslice/req_addr_q_reg[7]/C","student_top_inst/mem_bridge/dram_adapter/dram/U0/inst_blk_mem_gen/gnbram.gnativebmg.native_blk_mem_gen/valid.cstr/ramloop[54].ram.r/prim_init.ram/DEVICE_7SERIES.NO_BMM_INFO.SP.SIMPLE_PRIM36.ram/ADDRARDADDR[8]","setup"
1706,-0.338,5.000,4.947,10,"student_top_inst/Core_cpu/u_core_top/load_head_q_reg[0]/C","student_top_inst/Core_cpu/u_core_top/u_dcache/lookup_index_q_reg[6]/CE","setup"
1707,-0.338,5.000,4.947,10,"student_top_inst/Core_cpu/u_core_top/load_head_q_reg[0]/C","student_top_inst/Core_cpu/u_core_top/u_dcache/lookup_store_data_q_reg[10]/CE","setup"
1708,-0.338,5.000,4.947,10,"student_top_inst/Core_cpu/u_core_top/load_head_q_reg[0]/C","student_top_inst/Core_cpu/u_core_top/u_dcache/lookup_store_data_q_reg[18]/CE","setup"
1709,-0.338,5.000,4.947,10,"student_top_inst/Core_cpu/u_core_top/load_head_q_reg[0]/C","student_top_inst/Core_cpu/u_core_top/u_dcache/lookup_store_data_q_reg[1]/CE","setup"
1710,-0.338,5.000,4.947,10,"student_top_inst/Core_cpu/u_core_top/load_head_q_reg[0]/C","student_top_inst/Core_cpu/u_core_top/u_dcache/lookup_store_data_q_reg[2]/CE","setup"
1711,-0.338,5.000,4.947,10,"student_top_inst/Core_cpu/u_core_top/load_head_q_reg[0]/C","student_top_inst/Core_cpu/u_core_top/u_dcache/lookup_store_data_q_reg[5]/CE","setup"
1712,-0.338,5.000,4.947,10,"student_top_inst/Core_cpu/u_core_top/load_head_q_reg[0]/C","student_top_inst/Core_cpu/u_core_top/u_dcache/lookup_tag_q_reg[21]/CE","setup"
1713,-0.338,5.000,4.947,10,"student_top_inst/Core_cpu/u_core_top/load_head_q_reg[0]/C","student_top_inst/Core_cpu/u_core_top/u_dcache/lookup_tag_q_reg[27]/CE","setup"
1714,-0.337,5.000,5.199,7,"student_top_inst/Core_cpu/u_core_top/u_dcache/g_data_bank[3].u_data_bank/mem_q_reg_0/CLKBWRCLK","student_top_inst/Core_cpu/u_core_top/exec_q_reg[op1][22]/D","setup"
1715,-0.337,5.000,5.043,7,"student_top_inst/Core_cpu/u_core_top/commit_ptr_q_reg[2]_rep/C","student_top_inst/Core_cpu/u_core_top/u_csr/mepc_q_reg[14]/D","setup"
1716,-0.337,5.000,5.067,7,"student_top_inst/Core_cpu/u_core_top/commit_ptr_q_reg[2]_rep/C","student_top_inst/Core_cpu/u_core_top/u_csr/mepc_q_reg[28]/D","setup"
1717,-0.337,5.000,5.189,7,"student_top_inst/Core_cpu/u_core_top/u_dcache/g_data_bank[3].u_data_bank/mem_q_reg_0/CLKBWRCLK","student_top_inst/Core_cpu/u_core_top/scoreboard_q_reg[6][csr_src][22]/D","setup"
1718,-0.336,5.000,4.952,10,"student_top_inst/Core_cpu/u_core_top/load_head_q_reg[0]/C","student_top_inst/Core_cpu/u_core_top/u_dcache/tag_read_q_reg[11]/CE","setup"
1719,-0.336,5.000,4.947,12,"student_top_inst/Core_cpu/u_core_top/scoreboard_q_reg[4][fu][0]/C","student_top_inst/Core_cpu/u_core_top/scoreboard_q_reg[7][csr_src][25]/R","setup"
1720,-0.336,5.000,4.947,12,"student_top_inst/Core_cpu/u_core_top/scoreboard_q_reg[4][fu][0]/C","student_top_inst/Core_cpu/u_core_top/scoreboard_q_reg[7][csr_src][27]/R","setup"
1721,-0.336,5.000,4.947,12,"student_top_inst/Core_cpu/u_core_top/scoreboard_q_reg[4][fu][0]/C","student_top_inst/Core_cpu/u_core_top/scoreboard_q_reg[7][csr_src][29]/R","setup"
1722,-0.336,5.000,4.947,12,"student_top_inst/Core_cpu/u_core_top/scoreboard_q_reg[4][fu][0]/C","student_top_inst/Core_cpu/u_core_top/scoreboard_q_reg[7][csr_src][30]/R","setup"
1723,-0.336,5.000,5.171,7,"student_top_inst/Core_cpu/u_core_top/u_dcache/g_data_bank[1].u_data_bank/mem_q_reg_1/CLKBWRCLK","student_top_inst/Core_cpu/u_core_top/scoreboard_q_reg[5][csr_src][13]/D","setup"
1724,-0.336,5.000,5.124,0,"student_top_inst/Core_cpu/u_core_top/u_dmem_regslice/req_addr_q_reg[3]/C","student_top_inst/mem_bridge/dram_adapter/dram/U0/inst_blk_mem_gen/gnbram.gnativebmg.native_blk_mem_gen/valid.cstr/ramloop[12].ram.r/prim_init.ram/DEVICE_7SERIES.NO_BMM_INFO.SP.SIMPLE_PRIM36.ram/ADDRARDADDR[4]","setup"
1725,-0.335,5.000,5.040,7,"student_top_inst/Core_cpu/u_core_top/commit_ptr_q_reg[2]_rep/C","student_top_inst/Core_cpu/u_core_top/u_csr/mtval_q_reg[22]/D","setup"
1726,-0.335,5.000,5.179,7,"student_top_inst/Core_cpu/u_core_top/u_dcache/g_data_bank[3].u_data_bank/mem_q_reg_0/CLKBWRCLK","student_top_inst/Core_cpu/u_core_top/scoreboard_q_reg[6][result][9]/D","setup"
1727,-0.335,5.000,4.785,11,"student_top_inst/Core_cpu/u_core_top/scoreboard_q_reg[4][fu][0]/C","student_top_inst/Core_cpu/u_core_top/scoreboard_q_reg[4][link_addr][18]/CE","setup"
1728,-0.335,5.000,4.785,11,"student_top_inst/Core_cpu/u_core_top/scoreboard_q_reg[4][fu][0]/C","student_top_inst/Core_cpu/u_core_top/scoreboard_q_reg[4][link_addr][5]/CE","setup"
1729,-0.335,5.000,4.802,12,"student_top_inst/Core_cpu/u_core_top/scoreboard_q_reg[4][fu][0]/C","student_top_inst/Core_cpu/u_core_top/scoreboard_q_reg[7][exception_tval][11]/CE","setup"
1730,-0.335,5.000,4.802,12,"student_top_inst/Core_cpu/u_core_top/scoreboard_q_reg[4][fu][0]/C","student_top_inst/Core_cpu/u_core_top/scoreboard_q_reg[7][exception_tval][20]/CE","setup"
1731,-0.335,5.000,4.802,12,"student_top_inst/Core_cpu/u_core_top/scoreboard_q_reg[4][fu][0]/C","student_top_inst/Core_cpu/u_core_top/scoreboard_q_reg[7][exception_tval][26]/CE","setup"
1732,-0.335,5.000,4.802,12,"student_top_inst/Core_cpu/u_core_top/scoreboard_q_reg[4][fu][0]/C","student_top_inst/Core_cpu/u_core_top/scoreboard_q_reg[7][exception_tval][3]/CE","setup"
1733,-0.335,5.000,4.947,10,"student_top_inst/Core_cpu/u_core_top/load_head_q_reg[0]/C","student_top_inst/Core_cpu/u_core_top/u_dcache/lookup_store_data_q_reg[16]/CE","setup"
1734,-0.335,5.000,4.947,10,"student_top_inst/Core_cpu/u_core_top/load_head_q_reg[0]/C","student_top_inst/Core_cpu/u_core_top/u_dcache/lookup_store_data_q_reg[17]/CE","setup"
1735,-0.335,5.000,4.947,10,"student_top_inst/Core_cpu/u_core_top/load_head_q_reg[0]/C","student_top_inst/Core_cpu/u_core_top/u_dcache/lookup_store_data_q_reg[24]/CE","setup"
1736,-0.335,5.000,4.947,10,"student_top_inst/Core_cpu/u_core_top/load_head_q_reg[0]/C","student_top_inst/Core_cpu/u_core_top/u_dcache/lookup_store_data_q_reg[31]/CE","setup"
1737,-0.335,5.000,4.947,10,"student_top_inst/Core_cpu/u_core_top/load_head_q_reg[0]/C","student_top_inst/Core_cpu/u_core_top/u_dcache/lookup_store_data_q_reg[8]/CE","setup"
1738,-0.335,5.000,4.947,10,"student_top_inst/Core_cpu/u_core_top/load_head_q_reg[0]/C","student_top_inst/Core_cpu/u_core_top/u_dcache/lookup_store_data_q_reg[9]/CE","setup"
1739,-0.335,5.000,4.947,10,"student_top_inst/Core_cpu/u_core_top/load_head_q_reg[0]/C","student_top_inst/Core_cpu/u_core_top/u_dcache/lookup_word_q_reg[0]/CE","setup"
1740,-0.335,5.000,4.944,12,"student_top_inst/Core_cpu/u_core_top/scoreboard_q_reg[4][fu][0]/C","student_top_inst/Core_cpu/u_core_top/scoreboard_q_reg[4][csr_src][10]/R","setup"
1741,-0.335,5.000,4.944,12,"student_top_inst/Core_cpu/u_core_top/scoreboard_q_reg[4][fu][0]/C","student_top_inst/Core_cpu/u_core_top/scoreboard_q_reg[4][csr_src][12]/R","setup"
1742,-0.335,5.000,4.944,12,"student_top_inst/Core_cpu/u_core_top/scoreboard_q_reg[4][fu][0]/C","student_top_inst/Core_cpu/u_core_top/scoreboard_q_reg[4][csr_src][15]/R","setup"
1743,-0.335,5.000,4.944,12,"student_top_inst/Core_cpu/u_core_top/scoreboard_q_reg[4][fu][0]/C","student_top_inst/Core_cpu/u_core_top/scoreboard_q_reg[4][csr_src][19]/R","setup"
1744,-0.335,5.000,4.944,12,"student_top_inst/Core_cpu/u_core_top/scoreboard_q_reg[4][fu][0]/C","student_top_inst/Core_cpu/u_core_top/scoreboard_q_reg[4][csr_src][5]/R","setup"
1745,-0.334,5.000,5.208,6,"student_top_inst/Core_cpu/u_core_top/commit_ptr_q_reg[2]_rep/C","student_top_inst/Core_cpu/u_core_top/wb_data_q_reg[10]/D","setup"
1746,-0.334,5.000,5.186,7,"student_top_inst/Core_cpu/u_core_top/u_dcache/g_data_bank[3].u_data_bank/mem_q_reg_0/CLKBWRCLK","student_top_inst/Core_cpu/u_core_top/exec_q_reg[op1][18]/D","setup"
1747,-0.334,5.000,4.594,0,"student_top_inst/cpu_rst_sync_reg/C","student_top_inst/Core_cpu/u_core_top/u_regfile/regs_q_reg[17][17]/R","setup"
1748,-0.334,5.000,4.594,0,"student_top_inst/cpu_rst_sync_reg/C","student_top_inst/Core_cpu/u_core_top/u_regfile/regs_q_reg[17][18]/R","setup"
1749,-0.334,5.000,4.790,12,"student_top_inst/Core_cpu/u_core_top/scoreboard_q_reg[4][fu][0]/C","student_top_inst/Core_cpu/u_core_top/scoreboard_q_reg[7][exception_tval][0]/CE","setup"
1750,-0.334,5.000,4.790,12,"student_top_inst/Core_cpu/u_core_top/scoreboard_q_reg[4][fu][0]/C","student_top_inst/Core_cpu/u_core_top/scoreboard_q_reg[7][exception_tval][22]/CE","setup"
1751,-0.334,5.000,4.790,12,"student_top_inst/Core_cpu/u_core_top/scoreboard_q_reg[4][fu][0]/C","student_top_inst/Core_cpu/u_core_top/scoreboard_q_reg[7][exception_tval][2]/CE","setup"
1752,-0.334,5.000,4.790,12,"student_top_inst/Core_cpu/u_core_top/scoreboard_q_reg[4][fu][0]/C","student_top_inst/Core_cpu/u_core_top/scoreboard_q_reg[7][exception_tval][30]/CE","setup"
1753,-0.333,5.000,4.817,11,"student_top_inst/Core_cpu/u_core_top/scoreboard_q_reg[4][fu][0]/C","student_top_inst/Core_cpu/u_core_top/scoreboard_q_reg[6][exception_tval][0]/CE","setup"
1754,-0.333,5.000,4.817,11,"student_top_inst/Core_cpu/u_core_top/scoreboard_q_reg[4][fu][0]/C","student_top_inst/Core_cpu/u_core_top/scoreboard_q_reg[6][exception_tval][11]/CE","setup"
1755,-0.333,5.000,4.817,11,"student_top_inst/Core_cpu/u_core_top/scoreboard_q_reg[4][fu][0]/C","student_top_inst/Core_cpu/u_core_top/scoreboard_q_reg[6][exception_tval][12]/CE","setup"
1756,-0.333,5.000,4.817,11,"student_top_inst/Core_cpu/u_core_top/scoreboard_q_reg[4][fu][0]/C","student_top_inst/Core_cpu/u_core_top/scoreboard_q_reg[6][exception_tval][1]/CE","setup"
1757,-0.333,5.000,4.817,11,"student_top_inst/Core_cpu/u_core_top/scoreboard_q_reg[4][fu][0]/C","student_top_inst/Core_cpu/u_core_top/scoreboard_q_reg[6][exception_tval][2]/CE","setup"
1758,-0.333,5.000,4.817,11,"student_top_inst/Core_cpu/u_core_top/scoreboard_q_reg[4][fu][0]/C","student_top_inst/Core_cpu/u_core_top/scoreboard_q_reg[6][exception_tval][5]/CE","setup"
1759,-0.333,5.000,4.817,11,"student_top_inst/Core_cpu/u_core_top/scoreboard_q_reg[4][fu][0]/C","student_top_inst/Core_cpu/u_core_top/scoreboard_q_reg[6][exception_tval][6]/CE","setup"
1760,-0.333,5.000,5.208,7,"student_top_inst/Core_cpu/u_core_top/u_dcache/g_data_bank[3].u_data_bank/mem_q_reg_0/CLKBWRCLK","student_top_inst/Core_cpu/u_core_top/scoreboard_q_reg[3][csr_src][7]/D","setup"
1761,-0.332,5.000,5.184,7,"student_top_inst/Core_cpu/u_core_top/u_dcache/g_data_bank[3].u_data_bank/mem_q_reg_0/CLKBWRCLK","student_top_inst/Core_cpu/u_core_top/scoreboard_q_reg[5][csr_src][29]/D","setup"
1762,-0.332,5.000,4.789,11,"student_top_inst/Core_cpu/u_core_top/scoreboard_q_reg[4][fu][0]/C","student_top_inst/Core_cpu/u_core_top/exec_q_reg[op1][4]/CE","setup"
1763,-0.332,5.000,4.789,11,"student_top_inst/Core_cpu/u_core_top/scoreboard_q_reg[4][fu][0]/C","student_top_inst/Core_cpu/u_core_top/exec_q_reg[uop][imm][2]/CE","setup"
1764,-0.332,5.000,4.789,11,"student_top_inst/Core_cpu/u_core_top/scoreboard_q_reg[4][fu][0]/C","student_top_inst/Core_cpu/u_core_top/exec_q_reg[uop][is_jalr]/CE","setup"
1765,-0.332,5.000,4.789,11,"student_top_inst/Core_cpu/u_core_top/scoreboard_q_reg[4][fu][0]/C","student_top_inst/Core_cpu/u_core_top/exec_q_reg[uop][mem_size][0]/CE","setup"
1766,-0.332,5.000,4.789,11,"student_top_inst/Core_cpu/u_core_top/scoreboard_q_reg[4][fu][0]/C","student_top_inst/Core_cpu/u_core_top/exec_q_reg[uop][pc][25]/CE","setup"
1767,-0.332,5.000,4.789,11,"student_top_inst/Core_cpu/u_core_top/scoreboard_q_reg[4][fu][0]/C","student_top_inst/Core_cpu/u_core_top/exec_q_reg[uop][pred_next_pc][0]/CE","setup"
1768,-0.332,5.000,4.789,11,"student_top_inst/Core_cpu/u_core_top/scoreboard_q_reg[4][fu][0]/C","student_top_inst/Core_cpu/u_core_top/exec_q_reg[uop][pred_next_pc][12]/CE","setup"
1769,-0.332,5.000,4.789,11,"student_top_inst/Core_cpu/u_core_top/scoreboard_q_reg[4][fu][0]/C","student_top_inst/Core_cpu/u_core_top/exec_q_reg[uop][pred_next_pc][21]/CE","setup"
1770,-0.331,5.000,5.191,7,"student_top_inst/Core_cpu/u_core_top/u_dcache/g_data_bank[1].u_data_bank/mem_q_reg_1/CLKBWRCLK","student_top_inst/Core_cpu/u_core_top/scoreboard_q_reg[7][csr_src][13]/D","setup"
1771,-0.330,5.000,5.362,13,"student_top_inst/Core_cpu/u_core_top/exec_q_reg[uop][imm][1]/C","student_top_inst/Core_cpu/u_core_top/exec_mem_addr_q_reg[7]/D","setup"
1772,-0.330,5.000,5.035,7,"student_top_inst/Core_cpu/u_core_top/commit_ptr_q_reg[2]_rep/C","student_top_inst/Core_cpu/u_core_top/u_csr/mepc_q_reg[22]/D","setup"
1773,-0.330,5.000,4.962,13,"student_top_inst/Core_cpu/u_core_top/scoreboard_q_reg[4][fu][0]/C","student_top_inst/Core_cpu/u_core_top/load_q_reg[0][forward_data][17]/CE","setup"
1774,-0.330,5.000,4.962,13,"student_top_inst/Core_cpu/u_core_top/scoreboard_q_reg[4][fu][0]/C","student_top_inst/Core_cpu/u_core_top/load_q_reg[0][forward_data][18]/CE","setup"
1775,-0.330,5.000,4.962,13,"student_top_inst/Core_cpu/u_core_top/scoreboard_q_reg[4][fu][0]/C","student_top_inst/Core_cpu/u_core_top/load_q_reg[0][forward_data][22]/CE","setup"
1776,-0.330,5.000,4.719,0,"student_top_inst/cpu_rst_sync_reg/C","student_top_inst/Core_cpu/u_core_top/load_q_reg[1][addr][10]/R","setup"
1777,-0.330,5.000,4.719,0,"student_top_inst/cpu_rst_sync_reg/C","student_top_inst/Core_cpu/u_core_top/load_q_reg[1][addr][11]/R","setup"
1778,-0.330,5.000,4.719,0,"student_top_inst/cpu_rst_sync_reg/C","student_top_inst/Core_cpu/u_core_top/load_q_reg[1][addr][12]/R","setup"
1779,-0.330,5.000,4.719,0,"student_top_inst/cpu_rst_sync_reg/C","student_top_inst/Core_cpu/u_core_top/load_q_reg[1][addr][21]/R","setup"
1780,-0.330,5.000,4.719,0,"student_top_inst/cpu_rst_sync_reg/C","student_top_inst/Core_cpu/u_core_top/load_q_reg[1][forward_mask][2]/R","setup"
1781,-0.330,5.000,4.855,10,"student_top_inst/Core_cpu/u_core_top/scoreboard_q_reg[4][fu][0]/C","student_top_inst/Core_cpu/u_core_top/scoreboard_q_reg[3][result][15]/R","setup"
1782,-0.330,5.000,4.855,10,"student_top_inst/Core_cpu/u_core_top/scoreboard_q_reg[4][fu][0]/C","student_top_inst/Core_cpu/u_core_top/scoreboard_q_reg[3][result][19]/R","setup"
1783,-0.330,5.000,4.855,10,"student_top_inst/Core_cpu/u_core_top/scoreboard_q_reg[4][fu][0]/C","student_top_inst/Core_cpu/u_core_top/scoreboard_q_reg[3][result][8]/R","setup"
1784,-0.330,5.000,5.132,0,"student_top_inst/mem_bridge/dram_adapter/read_valid_d1_reg/C","student_top_inst/mem_bridge/dram_adapter/dram/U0/inst_blk_mem_gen/gnbram.gnativebmg.native_blk_mem_gen/valid.cstr/has_mux_a.A/douta[14]_INST_0_i_4_psbram/CE","setup"
1785,-0.330,5.000,5.132,0,"student_top_inst/mem_bridge/dram_adapter/read_valid_d1_reg/C","student_top_inst/mem_bridge/dram_adapter/dram/U0/inst_blk_mem_gen/gnbram.gnativebmg.native_blk_mem_gen/valid.cstr/has_mux_a.A/douta[8]_INST_0_i_4_psbram/CE","setup"
1786,-0.330,5.000,4.936,10,"student_top_inst/Core_cpu/u_core_top/load_head_q_reg[0]/C","student_top_inst/Core_cpu/u_core_top/u_dcache/p_2_out/CE","setup"
1787,-0.330,5.000,4.936,10,"student_top_inst/Core_cpu/u_core_top/load_head_q_reg[0]/C","student_top_inst/Core_cpu/u_core_top/u_dcache/p_2_out__3/CE","setup"
1788,-0.330,5.000,4.936,10,"student_top_inst/Core_cpu/u_core_top/load_head_q_reg[0]/C","student_top_inst/Core_cpu/u_core_top/u_dcache/req_addr_q_reg[10]/CE","setup"
1789,-0.330,5.000,4.936,10,"student_top_inst/Core_cpu/u_core_top/load_head_q_reg[0]/C","student_top_inst/Core_cpu/u_core_top/u_dcache/req_addr_q_reg[19]/CE","setup"
1790,-0.330,5.000,4.776,11,"student_top_inst/Core_cpu/u_core_top/scoreboard_q_reg[4][fu][0]/C","student_top_inst/Core_cpu/u_core_top/exec_q_reg[op1][1]/CE","setup"
1791,-0.330,5.000,4.776,11,"student_top_inst/Core_cpu/u_core_top/scoreboard_q_reg[4][fu][0]/C","student_top_inst/Core_cpu/u_core_top/exec_q_reg[uop][branch_op][2]/CE","setup"
1792,-0.330,5.000,4.776,11,"student_top_inst/Core_cpu/u_core_top/scoreboard_q_reg[4][fu][0]/C","student_top_inst/Core_cpu/u_core_top/exec_q_reg[uop][pc][12]/CE","setup"
1793,-0.330,5.000,4.776,11,"student_top_inst/Core_cpu/u_core_top/scoreboard_q_reg[4][fu][0]/C","student_top_inst/Core_cpu/u_core_top/exec_q_reg[uop][pc][15]/CE","setup"
1794,-0.330,5.000,4.776,11,"student_top_inst/Core_cpu/u_core_top/scoreboard_q_reg[4][fu][0]/C","student_top_inst/Core_cpu/u_core_top/exec_q_reg[uop][pred_next_pc][1]/CE","setup"
1795,-0.330,5.000,4.776,11,"student_top_inst/Core_cpu/u_core_top/scoreboard_q_reg[4][fu][0]/C","student_top_inst/Core_cpu/u_core_top/exec_q_reg[uop][pred_next_pc][27]/CE","setup"
1796,-0.330,5.000,4.776,11,"student_top_inst/Core_cpu/u_core_top/scoreboard_q_reg[4][fu][0]/C","student_top_inst/Core_cpu/u_core_top/exec_q_reg[uop][pred_next_pc][2]/CE","setup"
1797,-0.330,5.000,4.776,11,"student_top_inst/Core_cpu/u_core_top/scoreboard_q_reg[4][fu][0]/C","student_top_inst/Core_cpu/u_core_top/exec_q_reg[uop][pred_next_pc][5]/CE","setup"
1798,-0.329,5.000,4.862,10,"student_top_inst/Core_cpu/u_core_top/scoreboard_q_reg[4][fu][0]/C","student_top_inst/Core_cpu/u_core_top/scoreboard_q_reg[7][result][11]/R","setup"
1799,-0.329,5.000,5.008,7,"student_top_inst/Core_cpu/u_core_top/commit_ptr_q_reg[2]_rep/C","student_top_inst/Core_cpu/u_core_top/u_csr/mstatus_q_reg[10]/D","setup"
1800,-0.329,5.000,5.170,7,"student_top_inst/Core_cpu/u_core_top/u_dcache/g_data_bank[3].u_data_bank/mem_q_reg_0/CLKBWRCLK","student_top_inst/Core_cpu/u_core_top/scoreboard_q_reg[7][csr_src][25]/D","setup"
1801,-0.329,5.000,4.960,13,"student_top_inst/Core_cpu/u_core_top/scoreboard_q_reg[4][fu][0]/C","student_top_inst/Core_cpu/u_core_top/load_q_reg[1][forward_data][13]/CE","setup"
1802,-0.329,5.000,4.960,13,"student_top_inst/Core_cpu/u_core_top/scoreboard_q_reg[4][fu][0]/C","student_top_inst/Core_cpu/u_core_top/load_q_reg[1][forward_data][22]/CE","setup"
1803,-0.328,5.000,5.015,7,"student_top_inst/Core_cpu/u_core_top/id_uop_q_reg[rs1][1]/C","student_top_inst/Core_cpu/u_core_top/scoreboard_q_reg[4][result][24]/R","setup"
1804,-0.328,5.000,5.015,7,"student_top_inst/Core_cpu/u_core_top/id_uop_q_reg[rs1][1]/C","student_top_inst/Core_cpu/u_core_top/scoreboard_q_reg[4][result][25]/R","setup"
1805,-0.328,5.000,5.015,7,"student_top_inst/Core_cpu/u_core_top/id_uop_q_reg[rs1][1]/C","student_top_inst/Core_cpu/u_core_top/scoreboard_q_reg[4][result][28]/R","setup"
1806,-0.327,5.000,5.036,7,"student_top_inst/Core_cpu/u_core_top/commit_ptr_q_reg[2]_rep/C","student_top_inst/Core_cpu/u_core_top/u_csr/mepc_q_reg[25]/D","setup"
1807,-0.327,5.000,4.968,6,"student_top_inst/Core_cpu/u_core_top/commit_ptr_q_reg[2]_rep/C","student_top_inst/Core_cpu/u_core_top/u_csr/mtvec_q_reg[5]/D","setup"
1808,-0.327,5.000,5.179,7,"student_top_inst/Core_cpu/u_core_top/u_dcache/g_data_bank[3].u_data_bank/mem_q_reg_0/CLKBWRCLK","student_top_inst/Core_cpu/u_core_top/scoreboard_q_reg[7][csr_src][20]/D","setup"
1809,-0.326,5.000,4.853,10,"student_top_inst/Core_cpu/u_core_top/scoreboard_q_reg[4][fu][0]/C","student_top_inst/Core_cpu/u_core_top/scoreboard_q_reg[0][result][0]/R","setup"
1810,-0.326,5.000,4.853,10,"student_top_inst/Core_cpu/u_core_top/scoreboard_q_reg[4][fu][0]/C","student_top_inst/Core_cpu/u_core_top/scoreboard_q_reg[0][result][18]/R","setup"
1811,-0.326,5.000,4.957,13,"student_top_inst/Core_cpu/u_core_top/scoreboard_q_reg[4][fu][0]/C","student_top_inst/Core_cpu/u_core_top/load_q_reg[0][forward_data][12]/CE","setup"
1812,-0.326,5.000,4.957,13,"student_top_inst/Core_cpu/u_core_top/scoreboard_q_reg[4][fu][0]/C","student_top_inst/Core_cpu/u_core_top/load_q_reg[0][forward_data][13]/CE","setup"
1813,-0.326,5.000,4.957,13,"student_top_inst/Core_cpu/u_core_top/scoreboard_q_reg[4][fu][0]/C","student_top_inst/Core_cpu/u_core_top/load_q_reg[0][forward_data][21]/CE","setup"
1814,-0.326,5.000,4.957,13,"student_top_inst/Core_cpu/u_core_top/scoreboard_q_reg[4][fu][0]/C","student_top_inst/Core_cpu/u_core_top/load_q_reg[0][forward_data][9]/CE","setup"
1815,-0.325,5.000,5.188,7,"student_top_inst/Core_cpu/u_core_top/u_dcache/g_data_bank[3].u_data_bank/mem_q_reg_0/CLKBWRCLK","student_top_inst/Core_cpu/u_core_top/scoreboard_q_reg[2][csr_src][18]/D","setup"
1816,-0.325,5.000,4.590,9,"student_top_inst/Core_cpu/u_core_top/scoreboard_q_reg[4][fu][0]/C","student_top_inst/Core_cpu/u_core_top/u_dcache/g_data_bank[2].u_data_bank/mem_q_reg_1/ADDRARDADDR[10]","setup"
1817,-0.325,5.000,4.976,13,"student_top_inst/Core_cpu/u_core_top/scoreboard_q_reg[4][fu][0]/C","student_top_inst/Core_cpu/u_core_top/load_q_reg[0][addr][6]/CE","setup"
1818,-0.325,5.000,4.976,13,"student_top_inst/Core_cpu/u_core_top/scoreboard_q_reg[4][fu][0]/C","student_top_inst/Core_cpu/u_core_top/load_q_reg[0][addr][9]/CE","setup"
1819,-0.325,5.000,4.976,13,"student_top_inst/Core_cpu/u_core_top/scoreboard_q_reg[4][fu][0]/C","student_top_inst/Core_cpu/u_core_top/load_q_reg[0][forward_data][11]/CE","setup"
1820,-0.325,5.000,4.976,13,"student_top_inst/Core_cpu/u_core_top/scoreboard_q_reg[4][fu][0]/C","student_top_inst/Core_cpu/u_core_top/load_q_reg[0][forward_data][24]/CE","setup"
1821,-0.325,5.000,4.976,13,"student_top_inst/Core_cpu/u_core_top/scoreboard_q_reg[4][fu][0]/C","student_top_inst/Core_cpu/u_core_top/load_q_reg[0][forward_data][26]/CE","setup"
1822,-0.325,5.000,4.976,13,"student_top_inst/Core_cpu/u_core_top/scoreboard_q_reg[4][fu][0]/C","student_top_inst/Core_cpu/u_core_top/load_q_reg[0][forward_data][29]/CE","setup"
1823,-0.325,5.000,4.774,11,"student_top_inst/Core_cpu/u_core_top/scoreboard_q_reg[4][fu][0]/C","student_top_inst/Core_cpu/u_core_top/scoreboard_q_reg[6][pc][4]/CE","setup"
1824,-0.325,5.000,4.774,11,"student_top_inst/Core_cpu/u_core_top/scoreboard_q_reg[4][fu][0]/C","student_top_inst/Core_cpu/u_core_top/scoreboard_q_reg[6][pc][7]/CE","setup"
1825,-0.324,5.000,4.731,0,"student_top_inst/cpu_rst_sync_reg/C","student_top_inst/Core_cpu/u_core_top/u_regfile/regs_q_reg[17][2]/R","setup"
1826,-0.324,5.000,4.731,0,"student_top_inst/cpu_rst_sync_reg/C","student_top_inst/Core_cpu/u_core_top/u_regfile/regs_q_reg[17][5]/R","setup"
1827,-0.324,5.000,4.731,0,"student_top_inst/cpu_rst_sync_reg/C","student_top_inst/Core_cpu/u_core_top/u_regfile/regs_q_reg[17][8]/R","setup"
1828,-0.324,5.000,5.187,7,"student_top_inst/Core_cpu/u_core_top/u_dcache/g_data_bank[3].u_data_bank/mem_q_reg_0/CLKBWRCLK","student_top_inst/Core_cpu/u_core_top/scoreboard_q_reg[6][csr_src][21]/D","setup"
1829,-0.324,5.000,4.946,6,"student_top_inst/Core_cpu/u_core_top/commit_ptr_q_reg[2]_rep/C","student_top_inst/Core_cpu/u_core_top/u_csr/mcause_q_reg[26]/D","setup"
1830,-0.324,5.000,4.547,0,"student_top_inst/cpu_rst_sync_reg/C","student_top_inst/Core_cpu/u_core_top/u_regfile/regs_q_reg[24][24]/R","setup"
1831,-0.323,5.000,4.793,11,"student_top_inst/Core_cpu/u_core_top/scoreboard_q_reg[4][fu][0]/C","student_top_inst/Core_cpu/u_core_top/scoreboard_q_reg[4][csr_addr][3]/CE","setup"
1832,-0.323,5.000,4.793,11,"student_top_inst/Core_cpu/u_core_top/scoreboard_q_reg[4][fu][0]/C","student_top_inst/Core_cpu/u_core_top/scoreboard_q_reg[4][csr_addr][7]/CE","setup"
1833,-0.323,5.000,4.793,11,"student_top_inst/Core_cpu/u_core_top/scoreboard_q_reg[4][fu][0]/C","student_top_inst/Core_cpu/u_core_top/scoreboard_q_reg[4][link_addr][26]/CE","setup"
1834,-0.323,5.000,4.793,11,"student_top_inst/Core_cpu/u_core_top/scoreboard_q_reg[4][fu][0]/C","student_top_inst/Core_cpu/u_core_top/scoreboard_q_reg[4][pc][19]/CE","setup"
1835,-0.323,5.000,4.793,11,"student_top_inst/Core_cpu/u_core_top/scoreboard_q_reg[4][fu][0]/C","student_top_inst/Core_cpu/u_core_top/scoreboard_q_reg[4][pc][21]/CE","setup"
1836,-0.323,5.000,5.171,7,"student_top_inst/Core_cpu/u_core_top/u_dcache/g_data_bank[3].u_data_bank/mem_q_reg_0/CLKBWRCLK","student_top_inst/Core_cpu/u_core_top/scoreboard_q_reg[5][result][13]/D","setup"
1837,-0.323,5.000,4.717,0,"student_top_inst/cpu_rst_sync_reg/C","student_top_inst/Core_cpu/u_core_top/store_q_reg[1][addr][20]/R","setup"
1838,-0.323,5.000,4.717,0,"student_top_inst/cpu_rst_sync_reg/C","student_top_inst/Core_cpu/u_core_top/store_q_reg[1][addr][27]/R","setup"
1839,-0.323,5.000,4.717,0,"student_top_inst/cpu_rst_sync_reg/C","student_top_inst/Core_cpu/u_core_top/store_q_reg[1][addr][9]/R","setup"
1840,-0.323,5.000,5.167,7,"student_top_inst/Core_cpu/u_core_top/u_dcache/g_data_bank[3].u_data_bank/mem_q_reg_0/CLKBWRCLK","student_top_inst/Core_cpu/u_core_top/scoreboard_q_reg[0][result][9]/D","setup"
1841,-0.322,5.000,5.198,7,"student_top_inst/Core_cpu/u_core_top/u_dcache/g_data_bank[3].u_data_bank/mem_q_reg_0/CLKBWRCLK","student_top_inst/Core_cpu/u_core_top/scoreboard_q_reg[5][result][9]/D","setup"
1842,-0.322,5.000,4.718,0,"student_top_inst/cpu_rst_sync_reg/C","student_top_inst/Core_cpu/u_core_top/exec_q_reg[op2][12]/R","setup"
1843,-0.321,5.000,4.545,0,"student_top_inst/cpu_rst_sync_reg/C","student_top_inst/Core_cpu/u_core_top/u_regfile/regs_q_reg[21][24]/R","setup"
1844,-0.321,5.000,4.714,0,"student_top_inst/cpu_rst_sync_reg/C","student_top_inst/Core_cpu/u_core_top/store_q_reg[0][addr][27]/R","setup"
1845,-0.321,5.000,4.714,0,"student_top_inst/cpu_rst_sync_reg/C","student_top_inst/Core_cpu/u_core_top/store_q_reg[0][addr][9]/R","setup"
1846,-0.321,5.000,4.713,0,"student_top_inst/cpu_rst_sync_reg/C","student_top_inst/Core_cpu/u_core_top/store_q_reg[2][addr][28]/R","setup"
1847,-0.321,5.000,4.713,0,"student_top_inst/cpu_rst_sync_reg/C","student_top_inst/Core_cpu/u_core_top/store_q_reg[2][addr][2]/R","setup"
1848,-0.320,5.000,4.937,10,"student_top_inst/Core_cpu/u_core_top/load_head_q_reg[0]/C","student_top_inst/Core_cpu/u_core_top/u_dcache/tag_read_q_reg[15]/CE","setup"
1849,-0.320,5.000,5.017,12,"student_top_inst/Core_cpu/u_core_top/scoreboard_q_reg[4][fu][0]/C","student_top_inst/Core_cpu/u_core_top/producer_valid_q_reg[4]/D","setup"
1850,-0.320,5.000,5.000,7,"student_top_inst/Core_cpu/u_core_top/commit_ptr_q_reg[2]_rep/C","student_top_inst/Core_cpu/u_core_top/u_csr/mepc_q_reg[21]/D","setup"
1851,-0.320,5.000,4.771,11,"student_top_inst/Core_cpu/u_core_top/scoreboard_q_reg[4][fu][0]/C","student_top_inst/Core_cpu/u_core_top/scoreboard_q_reg[4][link_addr][6]/CE","setup"
1852,-0.320,5.000,4.771,11,"student_top_inst/Core_cpu/u_core_top/scoreboard_q_reg[4][fu][0]/C","student_top_inst/Core_cpu/u_core_top/scoreboard_q_reg[4][pc][8]/CE","setup"
1853,-0.320,5.000,5.275,8,"student_top_inst/Core_cpu/u_core_top/u_muldiv/b_q_reg[22]/C","student_top_inst/Core_cpu/u_core_top/scoreboard_q_reg[2][csr_src][1]/D","setup"
1854,-0.320,5.000,5.275,8,"student_top_inst/Core_cpu/u_core_top/u_muldiv/b_q_reg[22]/C","student_top_inst/Core_cpu/u_core_top/scoreboard_q_reg[7][csr_src][1]/D","setup"
1855,-0.319,5.000,5.033,11,"student_top_inst/Core_cpu/u_core_top/scoreboard_q_reg[4][fu][0]/C","student_top_inst/Core_cpu/u_core_top/exec_mem_addr_q_reg[16]/CE","setup"
1856,-0.319,5.000,5.033,11,"student_top_inst/Core_cpu/u_core_top/scoreboard_q_reg[4][fu][0]/C","student_top_inst/Core_cpu/u_core_top/exec_mem_addr_q_reg[17]/CE","setup"
1857,-0.319,5.000,5.033,11,"student_top_inst/Core_cpu/u_core_top/scoreboard_q_reg[4][fu][0]/C","student_top_inst/Core_cpu/u_core_top/exec_mem_addr_q_reg[18]/CE","setup"
1858,-0.319,5.000,5.033,11,"student_top_inst/Core_cpu/u_core_top/scoreboard_q_reg[4][fu][0]/C","student_top_inst/Core_cpu/u_core_top/exec_mem_addr_q_reg[19]/CE","setup"
1859,-0.319,5.000,4.929,10,"student_top_inst/Core_cpu/u_core_top/load_head_q_reg[0]/C","student_top_inst/Core_cpu/u_core_top/u_dcache/req_addr_q_reg[15]/CE","setup"
1860,-0.319,5.000,4.711,0,"student_top_inst/cpu_rst_sync_reg/C","student_top_inst/Core_cpu/u_core_top/store_q_reg[0][addr][2]/R","setup"
1861,-0.319,5.000,5.169,7,"student_top_inst/Core_cpu/u_core_top/u_dcache/g_data_bank[3].u_data_bank/mem_q_reg_0/CLKBWRCLK","student_top_inst/Core_cpu/u_core_top/scoreboard_q_reg[5][csr_src][25]/D","setup"
1862,-0.318,5.000,4.738,0,"student_top_inst/cpu_rst_sync_reg/C","student_top_inst/Core_cpu/u_core_top/exec_q_reg[op2][31]/R","setup"
1863,-0.318,5.000,4.738,0,"student_top_inst/cpu_rst_sync_reg/C","student_top_inst/Core_cpu/u_core_top/exec_q_reg[op2][5]/R","setup"
1864,-0.317,5.000,4.540,0,"student_top_inst/cpu_rst_sync_reg/C","student_top_inst/Core_cpu/u_core_top/u_regfile/regs_q_reg[8][30]/R","setup"
1865,-0.317,5.000,5.029,7,"student_top_inst/Core_cpu/u_core_top/commit_ptr_q_reg[2]_rep/C","student_top_inst/Core_cpu/u_core_top/u_csr/mepc_q_reg[19]/D","setup"
1866,-0.317,5.000,5.171,7,"student_top_inst/Core_cpu/u_core_top/u_dcache/g_data_bank[1].u_data_bank/mem_q_reg_1/CLKBWRCLK","student_top_inst/Core_cpu/u_core_top/scoreboard_q_reg[3][csr_src][13]/D","setup"
1867,-0.317,5.000,5.159,7,"student_top_inst/Core_cpu/u_core_top/u_dcache/g_data_bank[3].u_data_bank/mem_q_reg_0/CLKBWRCLK","student_top_inst/Core_cpu/u_core_top/scoreboard_q_reg[2][result][29]/D","setup"
1868,-0.317,5.000,4.924,10,"student_top_inst/Core_cpu/u_core_top/load_head_q_reg[0]/C","student_top_inst/Core_cpu/u_core_top/u_dcache/tag_read_q_reg[5]/CE","setup"
1869,-0.316,5.000,4.796,11,"student_top_inst/Core_cpu/u_core_top/scoreboard_q_reg[4][fu][0]/C","student_top_inst/Core_cpu/u_core_top/exec_q_reg[uop][branch_op][1]/CE","setup"
1870,-0.316,5.000,4.796,11,"student_top_inst/Core_cpu/u_core_top/scoreboard_q_reg[4][fu][0]/C","student_top_inst/Core_cpu/u_core_top/exec_q_reg[uop][muldiv_op][0]/CE","setup"
1871,-0.316,5.000,4.796,11,"student_top_inst/Core_cpu/u_core_top/scoreboard_q_reg[4][fu][0]/C","student_top_inst/Core_cpu/u_core_top/exec_q_reg[uop][pc][11]/CE","setup"
1872,-0.316,5.000,4.796,11,"student_top_inst/Core_cpu/u_core_top/scoreboard_q_reg[4][fu][0]/C","student_top_inst/Core_cpu/u_core_top/exec_q_reg[uop][pc][13]/CE","setup"
1873,-0.316,5.000,4.796,11,"student_top_inst/Core_cpu/u_core_top/scoreboard_q_reg[4][fu][0]/C","student_top_inst/Core_cpu/u_core_top/exec_q_reg[uop][pc][28]/CE","setup"
1874,-0.316,5.000,4.796,11,"student_top_inst/Core_cpu/u_core_top/scoreboard_q_reg[4][fu][0]/C","student_top_inst/Core_cpu/u_core_top/exec_q_reg[uop][pc][2]/CE","setup"
1875,-0.316,5.000,4.796,11,"student_top_inst/Core_cpu/u_core_top/scoreboard_q_reg[4][fu][0]/C","student_top_inst/Core_cpu/u_core_top/exec_q_reg[uop][pred_next_pc][10]/CE","setup"
1876,-0.316,5.000,4.796,11,"student_top_inst/Core_cpu/u_core_top/scoreboard_q_reg[4][fu][0]/C","student_top_inst/Core_cpu/u_core_top/exec_q_reg[uop][pred_next_pc][18]/CE","setup"
1877,-0.316,5.000,4.537,0,"student_top_inst/cpu_rst_sync_reg/C","student_top_inst/Core_cpu/u_core_top/u_regfile/regs_q_reg[5][24]/R","setup"
1878,-0.316,5.000,4.537,0,"student_top_inst/cpu_rst_sync_reg/C","student_top_inst/Core_cpu/u_core_top/u_regfile/regs_q_reg[5][27]/R","setup"
1879,-0.316,5.000,4.537,0,"student_top_inst/cpu_rst_sync_reg/C","student_top_inst/Core_cpu/u_core_top/u_regfile/regs_q_reg[5][28]/R","setup"
1880,-0.316,5.000,4.537,0,"student_top_inst/cpu_rst_sync_reg/C","student_top_inst/Core_cpu/u_core_top/u_regfile/regs_q_reg[5][31]/R","setup"
1881,-0.316,5.000,4.925,10,"student_top_inst/Core_cpu/u_core_top/load_head_q_reg[0]/C","student_top_inst/Core_cpu/u_core_top/u_dcache/tag_read_q_reg[6]/CE","setup"
1882,-0.316,5.000,4.925,10,"student_top_inst/Core_cpu/u_core_top/load_head_q_reg[0]/C","student_top_inst/Core_cpu/u_core_top/u_dcache/tag_read_q_reg[7]/CE","setup"
1883,-0.316,5.000,4.941,13,"student_top_inst/Core_cpu/u_core_top/scoreboard_q_reg[4][fu][0]/C","student_top_inst/Core_cpu/u_core_top/load_q_reg[0][addr][20]/CE","setup"
1884,-0.316,5.000,4.941,13,"student_top_inst/Core_cpu/u_core_top/scoreboard_q_reg[4][fu][0]/C","student_top_inst/Core_cpu/u_core_top/load_q_reg[0][addr][25]/CE","setup"
1885,-0.316,5.000,4.941,13,"student_top_inst/Core_cpu/u_core_top/scoreboard_q_reg[4][fu][0]/C","student_top_inst/Core_cpu/u_core_top/load_q_reg[0][addr][29]/CE","setup"
1886,-0.316,5.000,4.941,13,"student_top_inst/Core_cpu/u_core_top/scoreboard_q_reg[4][fu][0]/C","student_top_inst/Core_cpu/u_core_top/load_q_reg[0][forward_data][2]/CE","setup"
1887,-0.316,5.000,4.941,13,"student_top_inst/Core_cpu/u_core_top/scoreboard_q_reg[4][fu][0]/C","student_top_inst/Core_cpu/u_core_top/load_q_reg[0][forward_mask][3]/CE","setup"
1888,-0.315,5.000,4.538,0,"student_top_inst/cpu_rst_sync_reg/C","student_top_inst/Core_cpu/u_core_top/u_regfile/regs_q_reg[23][31]/R","setup"
1889,-0.315,5.000,4.538,0,"student_top_inst/cpu_rst_sync_reg/C","student_top_inst/Core_cpu/u_core_top/u_regfile/regs_q_reg[8][24]/R","setup"
1890,-0.315,5.000,4.538,0,"student_top_inst/cpu_rst_sync_reg/C","student_top_inst/Core_cpu/u_core_top/u_regfile/regs_q_reg[8][31]/R","setup"
1891,-0.315,5.000,5.154,7,"student_top_inst/Core_cpu/u_core_top/u_dcache/g_data_bank[1].u_data_bank/mem_q_reg_1/CLKBWRCLK","student_top_inst/Core_cpu/u_core_top/exec_q_reg[op2][18]/D","setup"
1892,-0.315,5.000,4.765,11,"student_top_inst/Core_cpu/u_core_top/scoreboard_q_reg[4][fu][0]/C","student_top_inst/Core_cpu/u_core_top/scoreboard_q_reg[7][pc][26]/CE","setup"
1893,-0.314,5.000,4.866,10,"student_top_inst/Core_cpu/u_core_top/scoreboard_q_reg[4][fu][0]/C","student_top_inst/Core_cpu/u_core_top/scoreboard_q_reg[5][result][11]/R","setup"
1894,-0.314,5.000,4.866,10,"student_top_inst/Core_cpu/u_core_top/scoreboard_q_reg[4][fu][0]/C","student_top_inst/Core_cpu/u_core_top/scoreboard_q_reg[5][result][12]/R","setup"
1895,-0.314,5.000,4.866,10,"student_top_inst/Core_cpu/u_core_top/scoreboard_q_reg[4][fu][0]/C","student_top_inst/Core_cpu/u_core_top/scoreboard_q_reg[5][result][22]/R","setup"
1896,-0.314,5.000,4.866,10,"student_top_inst/Core_cpu/u_core_top/scoreboard_q_reg[4][fu][0]/C","student_top_inst/Core_cpu/u_core_top/scoreboard_q_reg[5][result][9]/R","setup"
1897,-0.314,5.000,4.765,11,"student_top_inst/Core_cpu/u_core_top/scoreboard_q_reg[4][fu][0]/C","student_top_inst/Core_cpu/u_core_top/scoreboard_q_reg[4][pc][23]/CE","setup"
1898,-0.314,5.000,4.765,11,"student_top_inst/Core_cpu/u_core_top/scoreboard_q_reg[4][fu][0]/C","student_top_inst/Core_cpu/u_core_top/scoreboard_q_reg[4][pc][24]/CE","setup"
1899,-0.314,5.000,4.772,12,"student_top_inst/Core_cpu/u_core_top/scoreboard_q_reg[4][fu][0]/C","student_top_inst/Core_cpu/u_core_top/scoreboard_q_reg[7][exception_tval][14]/CE","setup"
1900,-0.314,5.000,4.772,12,"student_top_inst/Core_cpu/u_core_top/scoreboard_q_reg[4][fu][0]/C","student_top_inst/Core_cpu/u_core_top/scoreboard_q_reg[7][exception_tval][17]/CE","setup"
1901,-0.314,5.000,4.772,12,"student_top_inst/Core_cpu/u_core_top/scoreboard_q_reg[4][fu][0]/C","student_top_inst/Core_cpu/u_core_top/scoreboard_q_reg[7][exception_tval][6]/CE","setup"
1902,-0.314,5.000,4.772,12,"student_top_inst/Core_cpu/u_core_top/scoreboard_q_reg[4][fu][0]/C","student_top_inst/Core_cpu/u_core_top/scoreboard_q_reg[7][exception_valid]/CE","setup"
1903,-0.314,5.000,5.003,12,"student_top_inst/Core_cpu/u_core_top/scoreboard_q_reg[4][fu][0]/C","student_top_inst/Core_cpu/u_core_top/producer_valid_q_reg[26]/D","setup"
1904,-0.314,5.000,4.867,11,"student_top_inst/Core_cpu/u_core_top/scoreboard_q_reg[4][fu][0]/C","student_top_inst/Core_cpu/u_core_top/scoreboard_q_reg[2][result][1]/R","setup"
1905,-0.314,5.000,4.867,11,"student_top_inst/Core_cpu/u_core_top/scoreboard_q_reg[4][fu][0]/C","student_top_inst/Core_cpu/u_core_top/scoreboard_q_reg[2][result][3]/R","setup"
1906,-0.314,5.000,4.840,10,"student_top_inst/Core_cpu/u_core_top/scoreboard_q_reg[4][fu][0]/C","student_top_inst/Core_cpu/u_core_top/scoreboard_q_reg[4][result][21]/R","setup"
1907,-0.314,5.000,4.840,10,"student_top_inst/Core_cpu/u_core_top/scoreboard_q_reg[4][fu][0]/C","student_top_inst/Core_cpu/u_core_top/scoreboard_q_reg[4][result][27]/R","setup"
1908,-0.314,5.000,4.840,10,"student_top_inst/Core_cpu/u_core_top/scoreboard_q_reg[4][fu][0]/C","student_top_inst/Core_cpu/u_core_top/scoreboard_q_reg[4][result][30]/R","setup"
1909,-0.313,5.000,5.206,7,"student_top_inst/Core_cpu/u_core_top/u_dcache/g_data_bank[3].u_data_bank/mem_q_reg_0/CLKBWRCLK","student_top_inst/Core_cpu/u_core_top/scoreboard_q_reg[0][csr_src][22]/D","setup"
1910,-0.313,5.000,4.991,7,"student_top_inst/Core_cpu/u_core_top/commit_ptr_q_reg[2]_rep/C","student_top_inst/Core_cpu/u_core_top/u_csr/mstatus_q_reg[30]/D","setup"
1911,-0.311,5.000,4.942,11,"student_top_inst/Core_cpu/u_core_top/scoreboard_q_reg[4][fu][0]/C","student_top_inst/Core_cpu/u_core_top/exec_q_reg[op2][0]/CE","setup"
1912,-0.311,5.000,4.942,11,"student_top_inst/Core_cpu/u_core_top/scoreboard_q_reg[4][fu][0]/C","student_top_inst/Core_cpu/u_core_top/exec_q_reg[op2][17]/CE","setup"
1913,-0.311,5.000,4.942,11,"student_top_inst/Core_cpu/u_core_top/scoreboard_q_reg[4][fu][0]/C","student_top_inst/Core_cpu/u_core_top/exec_q_reg[op2][18]/CE","setup"
1914,-0.311,5.000,4.942,11,"student_top_inst/Core_cpu/u_core_top/scoreboard_q_reg[4][fu][0]/C","student_top_inst/Core_cpu/u_core_top/exec_q_reg[op2][30]/CE","setup"
1915,-0.311,5.000,5.002,11,"student_top_inst/Core_cpu/u_core_top/scoreboard_q_reg[4][fu][0]/C","student_top_inst/Core_cpu/u_core_top/scoreboard_q_reg[6][fu][1]/CE","setup"
1916,-0.311,5.000,5.002,11,"student_top_inst/Core_cpu/u_core_top/scoreboard_q_reg[4][fu][0]/C","student_top_inst/Core_cpu/u_core_top/scoreboard_q_reg[6][sys_op][0]/CE","setup"
1917,-0.311,5.000,5.002,11,"student_top_inst/Core_cpu/u_core_top/scoreboard_q_reg[4][fu][0]/C","student_top_inst/Core_cpu/u_core_top/scoreboard_q_reg[6][sys_op][1]/CE","setup"
1918,-0.311,5.000,5.026,11,"student_top_inst/Core_cpu/u_core_top/scoreboard_q_reg[4][fu][0]/C","student_top_inst/Core_cpu/u_core_top/exec_q_reg[op1][14]/CE","setup"
1919,-0.311,5.000,5.026,11,"student_top_inst/Core_cpu/u_core_top/scoreboard_q_reg[4][fu][0]/C","student_top_inst/Core_cpu/u_core_top/exec_q_reg[op1][15]/CE","setup"
1920,-0.311,5.000,5.026,11,"student_top_inst/Core_cpu/u_core_top/scoreboard_q_reg[4][fu][0]/C","student_top_inst/Core_cpu/u_core_top/exec_q_reg[op1][21]/CE","setup"
1921,-0.311,5.000,4.997,7,"student_top_inst/Core_cpu/u_core_top/id_uop_q_reg[rs1][1]/C","student_top_inst/Core_cpu/u_core_top/scoreboard_q_reg[2][result][10]/R","setup"
1922,-0.311,5.000,4.997,7,"student_top_inst/Core_cpu/u_core_top/id_uop_q_reg[rs1][1]/C","student_top_inst/Core_cpu/u_core_top/scoreboard_q_reg[2][result][16]/R","setup"
1923,-0.311,5.000,4.997,7,"student_top_inst/Core_cpu/u_core_top/id_uop_q_reg[rs1][1]/C","student_top_inst/Core_cpu/u_core_top/scoreboard_q_reg[2][result][21]/R","setup"
1924,-0.310,5.000,5.154,7,"student_top_inst/Core_cpu/u_core_top/u_dcache/g_data_bank[3].u_data_bank/mem_q_reg_0/CLKBWRCLK","student_top_inst/Core_cpu/u_core_top/scoreboard_q_reg[7][result][9]/D","setup"
1925,-0.310,5.000,5.093,0,"student_top_inst/Core_cpu/u_core_top/u_dmem_regslice/req_addr_q_reg[6]/C","student_top_inst/mem_bridge/dram_adapter/dram/U0/inst_blk_mem_gen/gnbram.gnativebmg.native_blk_mem_gen/valid.cstr/ramloop[53].ram.r/prim_init.ram/DEVICE_7SERIES.NO_BMM_INFO.SP.SIMPLE_PRIM36.ram/ADDRARDADDR[7]","setup"
1926,-0.310,5.000,5.180,7,"student_top_inst/Core_cpu/u_core_top/u_dcache/g_data_bank[1].u_data_bank/mem_q_reg_1/CLKBWRCLK","student_top_inst/Core_cpu/u_core_top/exec_q_reg[op2][23]/D","setup"
1927,-0.310,5.000,4.530,0,"student_top_inst/cpu_rst_sync_reg/C","student_top_inst/Core_cpu/u_core_top/u_regfile/regs_q_reg[31][30]/R","setup"
1928,-0.309,5.000,5.150,7,"student_top_inst/Core_cpu/u_core_top/u_dcache/g_data_bank[3].u_data_bank/mem_q_reg_0/CLKBWRCLK","student_top_inst/Core_cpu/u_core_top/scoreboard_q_reg[7][result][18]/D","setup"
1929,-0.309,5.000,4.990,7,"student_top_inst/Core_cpu/u_core_top/commit_ptr_q_reg[2]_rep/C","student_top_inst/Core_cpu/u_core_top/u_csr/mtval_q_reg[21]/D","setup"
1930,-0.309,5.000,4.919,10,"student_top_inst/Core_cpu/u_core_top/load_head_q_reg[0]/C","student_top_inst/Core_cpu/u_core_top/u_dcache/tag_read_q_reg[0]/CE","setup"
1931,-0.309,5.000,4.919,10,"student_top_inst/Core_cpu/u_core_top/load_head_q_reg[0]/C","student_top_inst/Core_cpu/u_core_top/u_dcache/tag_read_q_reg[8]/CE","setup"
1932,-0.309,5.000,4.700,0,"student_top_inst/cpu_rst_sync_reg/C","student_top_inst/Core_cpu/u_core_top/store_q_reg[2][addr][13]/R","setup"
1933,-0.309,5.000,5.190,11,"student_top_inst/Core_cpu/u_core_top/store_head_q_reg[0]/C","student_top_inst/Core_cpu/u_core_top/load_q_reg[0][forward_data][17]/D","setup"
1934,-0.309,5.000,4.700,0,"student_top_inst/cpu_rst_sync_reg/C","student_top_inst/Core_cpu/u_core_top/store_q_reg[2][addr][15]/R","setup"
1935,-0.309,5.000,4.700,0,"student_top_inst/cpu_rst_sync_reg/C","student_top_inst/Core_cpu/u_core_top/store_q_reg[2][addr][23]/R","setup"
1936,-0.309,5.000,4.700,0,"student_top_inst/cpu_rst_sync_reg/C","student_top_inst/Core_cpu/u_core_top/store_q_reg[2][addr][7]/R","setup"
1937,-0.308,5.000,5.171,7,"student_top_inst/Core_cpu/u_core_top/u_dcache/g_data_bank[3].u_data_bank/mem_q_reg_0/CLKBWRCLK","student_top_inst/Core_cpu/u_core_top/scoreboard_q_reg[0][csr_src][21]/D","setup"
1938,-0.308,5.000,5.149,7,"student_top_inst/Core_cpu/u_core_top/u_dcache/g_data_bank[3].u_data_bank/mem_q_reg_0/CLKBWRCLK","student_top_inst/Core_cpu/u_core_top/scoreboard_q_reg[0][result][22]/D","setup"
1939,-0.308,5.000,4.697,0,"student_top_inst/cpu_rst_sync_reg/C","student_top_inst/Core_cpu/u_core_top/load_q_reg[0][addr][18]/R","setup"
1940,-0.308,5.000,4.697,0,"student_top_inst/cpu_rst_sync_reg/C","student_top_inst/Core_cpu/u_core_top/load_q_reg[0][addr][19]/R","setup"
1941,-0.308,5.000,4.697,0,"student_top_inst/cpu_rst_sync_reg/C","student_top_inst/Core_cpu/u_core_top/load_q_reg[0][addr][26]/R","setup"
1942,-0.308,5.000,4.697,0,"student_top_inst/cpu_rst_sync_reg/C","student_top_inst/Core_cpu/u_core_top/load_q_reg[0][addr][27]/R","setup"
1943,-0.308,5.000,4.697,0,"student_top_inst/cpu_rst_sync_reg/C","student_top_inst/Core_cpu/u_core_top/load_q_reg[0][addr][30]/R","setup"
1944,-0.307,5.000,4.529,0,"student_top_inst/cpu_rst_sync_reg/C","student_top_inst/Core_cpu/u_core_top/u_regfile/regs_q_reg[31][24]/R","setup"
1945,-0.307,5.000,4.719,0,"student_top_inst/cpu_rst_sync_reg/C","student_top_inst/Core_cpu/u_core_top/load_q_reg[0][addr][16]/R","setup"
1946,-0.307,5.000,4.719,0,"student_top_inst/cpu_rst_sync_reg/C","student_top_inst/Core_cpu/u_core_top/load_q_reg[0][addr][17]/R","setup"
1947,-0.307,5.000,4.719,0,"student_top_inst/cpu_rst_sync_reg/C","student_top_inst/Core_cpu/u_core_top/load_q_reg[0][addr][24]/R","setup"
1948,-0.307,5.000,4.949,6,"student_top_inst/Core_cpu/u_core_top/commit_ptr_q_reg[2]_rep/C","student_top_inst/Core_cpu/u_core_top/u_csr/mtvec_q_reg[20]/D","setup"
1949,-0.307,5.000,4.698,0,"student_top_inst/cpu_rst_sync_reg/C","student_top_inst/Core_cpu/u_core_top/store_q_reg[1][addr][23]/R","setup"
1950,-0.307,5.000,5.156,7,"student_top_inst/Core_cpu/u_core_top/u_dcache/g_data_bank[3].u_data_bank/mem_q_reg_0/CLKBWRCLK","student_top_inst/Core_cpu/u_core_top/scoreboard_q_reg[1][csr_src][3]/D","setup"
1951,-0.306,5.000,4.697,0,"student_top_inst/cpu_rst_sync_reg/C","student_top_inst/Core_cpu/u_core_top/store_q_reg[1][addr][24]/R","setup"
1952,-0.306,5.000,4.697,0,"student_top_inst/cpu_rst_sync_reg/C","student_top_inst/Core_cpu/u_core_top/store_q_reg[1][addr][2]/R","setup"
1953,-0.306,5.000,4.697,0,"student_top_inst/cpu_rst_sync_reg/C","student_top_inst/Core_cpu/u_core_top/store_q_reg[1][addr][8]/R","setup"
1954,-0.306,5.000,5.260,8,"student_top_inst/Core_cpu/u_core_top/u_muldiv/b_q_reg[22]/C","student_top_inst/Core_cpu/u_core_top/scoreboard_q_reg[5][csr_src][1]/D","setup"
1955,-0.305,5.000,4.528,0,"student_top_inst/cpu_rst_sync_reg/C","student_top_inst/Core_cpu/u_core_top/u_regfile/regs_q_reg[4][30]/R","setup"
1956,-0.305,5.000,4.528,0,"student_top_inst/cpu_rst_sync_reg/C","student_top_inst/Core_cpu/u_core_top/u_regfile/regs_q_reg[4][31]/R","setup"
1957,-0.305,5.000,5.250,8,"student_top_inst/Core_cpu/u_core_top/u_muldiv/b_q_reg[22]/C","student_top_inst/Core_cpu/u_core_top/scoreboard_q_reg[0][csr_src][1]/D","setup"
1958,-0.305,5.000,4.763,11,"student_top_inst/Core_cpu/u_core_top/scoreboard_q_reg[4][fu][0]/C","student_top_inst/Core_cpu/u_core_top/scoreboard_q_reg[6][exception_tval][10]/CE","setup"
1959,-0.305,5.000,4.763,11,"student_top_inst/Core_cpu/u_core_top/scoreboard_q_reg[4][fu][0]/C","student_top_inst/Core_cpu/u_core_top/scoreboard_q_reg[6][exception_tval][27]/CE","setup"
1960,-0.305,5.000,4.763,11,"student_top_inst/Core_cpu/u_core_top/scoreboard_q_reg[4][fu][0]/C","student_top_inst/Core_cpu/u_core_top/scoreboard_q_reg[6][exception_tval][28]/CE","setup"
1961,-0.305,5.000,4.763,11,"student_top_inst/Core_cpu/u_core_top/scoreboard_q_reg[4][fu][0]/C","student_top_inst/Core_cpu/u_core_top/scoreboard_q_reg[6][exception_tval][9]/CE","setup"
1962,-0.304,5.000,4.830,10,"student_top_inst/Core_cpu/u_core_top/scoreboard_q_reg[4][fu][0]/C","student_top_inst/Core_cpu/u_core_top/scoreboard_q_reg[3][result][16]/R","setup"
1963,-0.304,5.000,4.830,10,"student_top_inst/Core_cpu/u_core_top/scoreboard_q_reg[4][fu][0]/C","student_top_inst/Core_cpu/u_core_top/scoreboard_q_reg[3][result][17]/R","setup"
1964,-0.304,5.000,4.830,10,"student_top_inst/Core_cpu/u_core_top/scoreboard_q_reg[4][fu][0]/C","student_top_inst/Core_cpu/u_core_top/scoreboard_q_reg[3][result][20]/R","setup"
1965,-0.304,5.000,4.526,0,"student_top_inst/cpu_rst_sync_reg/C","student_top_inst/Core_cpu/u_core_top/u_regfile/regs_q_reg[28][24]/R","setup"
1966,-0.304,5.000,4.531,0,"student_top_inst/cpu_rst_sync_reg/C","student_top_inst/Core_cpu/u_core_top/u_regfile/regs_q_reg[22][25]/R","setup"
1967,-0.304,5.000,4.531,0,"student_top_inst/cpu_rst_sync_reg/C","student_top_inst/Core_cpu/u_core_top/u_regfile/regs_q_reg[22][29]/R","setup"
1968,-0.304,5.000,5.144,7,"student_top_inst/Core_cpu/u_core_top/u_dcache/g_data_bank[3].u_data_bank/mem_q_reg_0/CLKBWRCLK","student_top_inst/Core_cpu/u_core_top/exec_q_reg[op1][11]/D","setup"
1969,-0.303,5.000,5.016,7,"student_top_inst/Core_cpu/u_core_top/commit_ptr_q_reg[2]_rep/C","student_top_inst/Core_cpu/u_core_top/u_csr/mepc_q_reg[23]/D","setup"
1970,-0.303,5.000,5.172,7,"student_top_inst/Core_cpu/u_core_top/u_dcache/g_data_bank[1].u_data_bank/mem_q_reg_1/CLKBWRCLK","student_top_inst/Core_cpu/u_core_top/exec_q_reg[op2][24]/D","setup"
1971,-0.303,5.000,4.526,0,"student_top_inst/cpu_rst_sync_reg/C","student_top_inst/Core_cpu/u_core_top/u_regfile/regs_q_reg[16][30]/R","setup"
1972,-0.303,5.000,4.526,0,"student_top_inst/cpu_rst_sync_reg/C","student_top_inst/Core_cpu/u_core_top/u_regfile/regs_q_reg[16][31]/R","setup"
1973,-0.303,5.000,5.149,7,"student_top_inst/Core_cpu/u_core_top/u_dcache/g_data_bank[3].u_data_bank/mem_q_reg_0/CLKBWRCLK","student_top_inst/Core_cpu/u_core_top/exec_q_reg[op2][7]/D","setup"
1974,-0.303,5.000,4.833,10,"student_top_inst/Core_cpu/u_core_top/scoreboard_q_reg[4][fu][0]/C","student_top_inst/Core_cpu/u_core_top/scoreboard_q_reg[0][result][3]/R","setup"
1975,-0.303,5.000,4.958,11,"student_top_inst/Core_cpu/u_core_top/scoreboard_q_reg[4][fu][0]/C","student_top_inst/Core_cpu/u_core_top/exec_q_reg[op2][6]/CE","setup"
1976,-0.303,5.000,5.093,7,"student_top_inst/Core_cpu/u_core_top/id_uop_q_reg[rs1][1]/C","student_top_inst/Core_cpu/u_core_top/scoreboard_q_reg[0][sys_op][2]/CE","setup"
1977,-0.302,5.000,4.917,10,"student_top_inst/Core_cpu/u_core_top/load_head_q_reg[0]/C","student_top_inst/Core_cpu/u_core_top/u_dcache/tag_read_q_reg[17]/CE","setup"
1978,-0.302,5.000,4.521,0,"student_top_inst/cpu_rst_sync_reg/C","student_top_inst/Core_cpu/u_core_top/u_regfile/regs_q_reg[7][28]/R","setup"
1979,-0.302,5.000,4.994,12,"student_top_inst/Core_cpu/u_core_top/scoreboard_q_reg[4][fu][0]/C","student_top_inst/Core_cpu/u_core_top/producer_valid_q_reg[29]/D","setup"
1980,-0.302,5.000,4.708,0,"student_top_inst/cpu_rst_sync_reg/C","student_top_inst/Core_cpu/u_core_top/store_q_reg[0][wdata][24]/R","setup"
1981,-0.302,5.000,4.523,0,"student_top_inst/cpu_rst_sync_reg/C","student_top_inst/Core_cpu/u_core_top/u_regfile/regs_q_reg[1][27]/R","setup"
1982,-0.302,5.000,4.523,0,"student_top_inst/cpu_rst_sync_reg/C","student_top_inst/Core_cpu/u_core_top/u_regfile/regs_q_reg[1][31]/R","setup"
1983,-0.301,5.000,4.731,0,"student_top_inst/cpu_rst_sync_reg/C","student_top_inst/Core_cpu/u_core_top/u_regfile/regs_q_reg[1][2]/R","setup"
1984,-0.301,5.000,4.731,0,"student_top_inst/cpu_rst_sync_reg/C","student_top_inst/Core_cpu/u_core_top/u_regfile/regs_q_reg[1][5]/R","setup"
1985,-0.301,5.000,4.731,0,"student_top_inst/cpu_rst_sync_reg/C","student_top_inst/Core_cpu/u_core_top/u_regfile/regs_q_reg[1][8]/R","setup"
1986,-0.301,5.000,4.994,11,"student_top_inst/Core_cpu/u_core_top/scoreboard_q_reg[4][fu][0]/C","student_top_inst/Core_cpu/u_core_top/scoreboard_q_reg[6][csr_src][17]/CE","setup"
1987,-0.301,5.000,4.994,11,"student_top_inst/Core_cpu/u_core_top/scoreboard_q_reg[4][fu][0]/C","student_top_inst/Core_cpu/u_core_top/scoreboard_q_reg[6][csr_src][28]/CE","setup"
1988,-0.301,5.000,4.827,11,"student_top_inst/Core_cpu/u_core_top/scoreboard_q_reg[4][fu][0]/C","student_top_inst/Core_cpu/u_core_top/scoreboard_q_reg[2][result][20]/R","setup"
1989,-0.301,5.000,4.827,11,"student_top_inst/Core_cpu/u_core_top/scoreboard_q_reg[4][fu][0]/C","student_top_inst/Core_cpu/u_core_top/scoreboard_q_reg[2][result][22]/R","setup"
1990,-0.301,5.000,5.140,7,"student_top_inst/Core_cpu/u_core_top/u_dcache/g_data_bank[3].u_data_bank/mem_q_reg_0/CLKBWRCLK","student_top_inst/Core_cpu/u_core_top/scoreboard_q_reg[7][csr_src][3]/D","setup"
1991,-0.301,5.000,4.944,6,"student_top_inst/Core_cpu/u_core_top/commit_ptr_q_reg[2]_rep/C","student_top_inst/Core_cpu/u_core_top/u_csr/mcause_q_reg[30]/D","setup"
1992,-0.301,5.000,5.164,7,"student_top_inst/Core_cpu/u_core_top/u_dcache/g_data_bank[3].u_data_bank/mem_q_reg_0/CLKBWRCLK","student_top_inst/Core_cpu/u_core_top/scoreboard_q_reg[3][csr_src][31]/D","setup"
1993,-0.301,5.000,4.521,0,"student_top_inst/cpu_rst_sync_reg/C","student_top_inst/Core_cpu/u_core_top/u_regfile/regs_q_reg[27][24]/R","setup"
1994,-0.301,5.000,4.521,0,"student_top_inst/cpu_rst_sync_reg/C","student_top_inst/Core_cpu/u_core_top/u_regfile/regs_q_reg[27][27]/R","setup"
1995,-0.300,5.000,4.827,11,"student_top_inst/Core_cpu/u_core_top/scoreboard_q_reg[4][fu][0]/C","student_top_inst/Core_cpu/u_core_top/scoreboard_q_reg[2][result][25]/R","setup"
1996,-0.300,5.000,4.827,11,"student_top_inst/Core_cpu/u_core_top/scoreboard_q_reg[4][fu][0]/C","student_top_inst/Core_cpu/u_core_top/scoreboard_q_reg[2][result][27]/R","setup"
1997,-0.300,5.000,4.827,11,"student_top_inst/Core_cpu/u_core_top/scoreboard_q_reg[4][fu][0]/C","student_top_inst/Core_cpu/u_core_top/scoreboard_q_reg[2][result][28]/R","setup"
1998,-0.300,5.000,4.827,11,"student_top_inst/Core_cpu/u_core_top/scoreboard_q_reg[4][fu][0]/C","student_top_inst/Core_cpu/u_core_top/scoreboard_q_reg[2][result][29]/R","setup"
1999,-0.300,5.000,4.519,0,"student_top_inst/cpu_rst_sync_reg/C","student_top_inst/Core_cpu/u_core_top/u_regfile/regs_q_reg[23][28]/R","setup"
2000,-0.300,5.000,4.705,0,"student_top_inst/cpu_rst_sync_reg/C","student_top_inst/Core_cpu/u_core_top/store_q_reg[0][wdata][25]/R","setup"
2001,-0.300,5.000,5.162,7,"student_top_inst/Core_cpu/u_core_top/u_dcache/g_data_bank[3].u_data_bank/mem_q_reg_0/CLKBWRCLK","student_top_inst/Core_cpu/u_core_top/scoreboard_q_reg[1][csr_src][25]/D","setup"
2002,-0.300,5.000,5.202,7,"student_top_inst/Core_cpu/u_core_top/u_dcache/g_data_bank[3].u_data_bank/mem_q_reg_0/CLKBWRCLK","student_top_inst/Core_cpu/u_core_top/scoreboard_q_reg[4][result][24]/D","setup"
2003,-0.300,5.000,4.521,0,"student_top_inst/cpu_rst_sync_reg/C","student_top_inst/Core_cpu/u_core_top/u_regfile/regs_q_reg[17][24]/R","setup"
2004,-0.300,5.000,4.521,0,"student_top_inst/cpu_rst_sync_reg/C","student_top_inst/Core_cpu/u_core_top/u_regfile/regs_q_reg[17][27]/R","setup"
2005,-0.299,5.000,5.188,11,"student_top_inst/Core_cpu/u_core_top/store_head_q_reg[0]/C","student_top_inst/Core_cpu/u_core_top/load_q_reg[0][forward_data][19]/D","setup"
2006,-0.299,5.000,4.524,0,"student_top_inst/cpu_rst_sync_reg/C","student_top_inst/Core_cpu/u_core_top/u_regfile/regs_q_reg[3][29]/R","setup"
2007,-0.299,5.000,4.544,0,"student_top_inst/cpu_rst_sync_reg/C","student_top_inst/Core_cpu/u_core_top/exec_q_reg[uop][pc][14]/R","setup"
2008,-0.298,5.000,4.501,0,"student_top_inst/cpu_rst_sync_reg/C","student_top_inst/Core_cpu/u_core_top/u_perf_counters/cycle_o_reg[36]/R","setup"
2009,-0.298,5.000,4.501,0,"student_top_inst/cpu_rst_sync_reg/C","student_top_inst/Core_cpu/u_core_top/u_perf_counters/cycle_o_reg[37]/R","setup"
2010,-0.298,5.000,4.501,0,"student_top_inst/cpu_rst_sync_reg/C","student_top_inst/Core_cpu/u_core_top/u_perf_counters/cycle_o_reg[38]/R","setup"
2011,-0.298,5.000,4.501,0,"student_top_inst/cpu_rst_sync_reg/C","student_top_inst/Core_cpu/u_core_top/u_perf_counters/cycle_o_reg[39]/R","setup"
2012,-0.298,5.000,4.929,6,"student_top_inst/Core_cpu/u_core_top/commit_ptr_q_reg[2]_rep/C","student_top_inst/Core_cpu/u_core_top/u_csr/mscratch_q_reg[28]/D","setup"
2013,-0.298,5.000,4.519,0,"student_top_inst/cpu_rst_sync_reg/C","student_top_inst/Core_cpu/u_core_top/u_regfile/regs_q_reg[17][31]/R","setup"
2014,-0.297,5.000,4.826,10,"student_top_inst/Core_cpu/u_core_top/scoreboard_q_reg[4][fu][0]/C","student_top_inst/Core_cpu/u_core_top/scoreboard_q_reg[3][result][23]/R","setup"
2015,-0.297,5.000,4.826,10,"student_top_inst/Core_cpu/u_core_top/scoreboard_q_reg[4][fu][0]/C","student_top_inst/Core_cpu/u_core_top/scoreboard_q_reg[3][result][27]/R","setup"
2016,-0.297,5.000,4.826,10,"student_top_inst/Core_cpu/u_core_top/scoreboard_q_reg[4][fu][0]/C","student_top_inst/Core_cpu/u_core_top/scoreboard_q_reg[3][result][30]/R","setup"
2017,-0.297,5.000,5.159,7,"student_top_inst/Core_cpu/u_core_top/u_dcache/g_data_bank[3].u_data_bank/mem_q_reg_0/CLKBWRCLK","student_top_inst/Core_cpu/u_core_top/scoreboard_q_reg[1][csr_src][21]/D","setup"
2018,-0.297,5.000,5.010,11,"student_top_inst/Core_cpu/u_core_top/scoreboard_q_reg[4][fu][0]/C","student_top_inst/Core_cpu/u_core_top/exec_mem_addr_q_reg[20]/CE","setup"
2019,-0.297,5.000,5.010,11,"student_top_inst/Core_cpu/u_core_top/scoreboard_q_reg[4][fu][0]/C","student_top_inst/Core_cpu/u_core_top/exec_mem_addr_q_reg[21]/CE","setup"
2020,-0.297,5.000,5.010,11,"student_top_inst/Core_cpu/u_core_top/scoreboard_q_reg[4][fu][0]/C","student_top_inst/Core_cpu/u_core_top/exec_mem_addr_q_reg[22]/CE","setup"
2021,-0.297,5.000,5.010,11,"student_top_inst/Core_cpu/u_core_top/scoreboard_q_reg[4][fu][0]/C","student_top_inst/Core_cpu/u_core_top/exec_mem_addr_q_reg[23]/CE","setup"
2022,-0.297,5.000,4.991,12,"student_top_inst/Core_cpu/u_core_top/scoreboard_q_reg[4][fu][0]/C","student_top_inst/Core_cpu/u_core_top/producer_valid_q_reg[18]/D","setup"
2023,-0.297,5.000,4.752,11,"student_top_inst/Core_cpu/u_core_top/scoreboard_q_reg[4][fu][0]/C","student_top_inst/Core_cpu/u_core_top/exec_q_reg[uop][pred_next_pc][24]/CE","setup"
2024,-0.297,5.000,4.752,11,"student_top_inst/Core_cpu/u_core_top/scoreboard_q_reg[4][fu][0]/C","student_top_inst/Core_cpu/u_core_top/exec_q_reg[uop][pred_next_pc][6]/CE","setup"
2025,-0.297,5.000,4.752,11,"student_top_inst/Core_cpu/u_core_top/scoreboard_q_reg[4][fu][0]/C","student_top_inst/Core_cpu/u_core_top/exec_q_reg[uop][pred_next_pc][7]/CE","setup"
2026,-0.297,5.000,4.752,11,"student_top_inst/Core_cpu/u_core_top/scoreboard_q_reg[4][fu][0]/C","student_top_inst/Core_cpu/u_core_top/exec_q_reg[uop][pred_next_pc][9]/CE","setup"
2027,-0.296,5.000,4.699,0,"student_top_inst/cpu_rst_sync_reg/C","student_top_inst/Core_cpu/u_core_top/wb_data_q_reg[2]/R","setup"
2028,-0.296,5.000,5.173,11,"student_top_inst/Core_cpu/u_core_top/store_head_q_reg[1]/C","student_top_inst/Core_cpu/u_core_top/load_q_reg[0][forward_data][15]/D","setup"
2029,-0.296,5.000,4.746,11,"student_top_inst/Core_cpu/u_core_top/scoreboard_q_reg[4][fu][0]/C","student_top_inst/Core_cpu/u_core_top/scoreboard_q_reg[2][pc][24]/CE","setup"
2030,-0.296,5.000,4.746,11,"student_top_inst/Core_cpu/u_core_top/scoreboard_q_reg[4][fu][0]/C","student_top_inst/Core_cpu/u_core_top/scoreboard_q_reg[2][pc][4]/CE","setup"
2031,-0.296,5.000,4.746,11,"student_top_inst/Core_cpu/u_core_top/scoreboard_q_reg[4][fu][0]/C","student_top_inst/Core_cpu/u_core_top/scoreboard_q_reg[2][pc][9]/CE","setup"
2032,-0.296,5.000,4.948,13,"student_top_inst/Core_cpu/u_core_top/scoreboard_q_reg[4][fu][0]/C","student_top_inst/Core_cpu/u_core_top/load_q_reg[1][forward_data][17]/CE","setup"
2033,-0.296,5.000,4.948,13,"student_top_inst/Core_cpu/u_core_top/scoreboard_q_reg[4][fu][0]/C","student_top_inst/Core_cpu/u_core_top/load_q_reg[1][forward_data][23]/CE","setup"
2034,-0.296,5.000,4.948,13,"student_top_inst/Core_cpu/u_core_top/scoreboard_q_reg[4][fu][0]/C","student_top_inst/Core_cpu/u_core_top/load_q_reg[1][forward_data][25]/CE","setup"
2035,-0.296,5.000,4.948,13,"student_top_inst/Core_cpu/u_core_top/scoreboard_q_reg[4][fu][0]/C","student_top_inst/Core_cpu/u_core_top/load_q_reg[1][forward_data][26]/CE","setup"
2036,-0.296,5.000,4.948,13,"student_top_inst/Core_cpu/u_core_top/scoreboard_q_reg[4][fu][0]/C","student_top_inst/Core_cpu/u_core_top/load_q_reg[1][forward_data][30]/CE","setup"
2037,-0.296,5.000,4.948,13,"student_top_inst/Core_cpu/u_core_top/scoreboard_q_reg[4][fu][0]/C","student_top_inst/Core_cpu/u_core_top/load_q_reg[1][forward_data][8]/CE","setup"
2038,-0.296,5.000,4.756,11,"student_top_inst/Core_cpu/u_core_top/scoreboard_q_reg[4][fu][0]/C","student_top_inst/Core_cpu/u_core_top/scoreboard_q_reg[6][exception_tval][21]/CE","setup"
2039,-0.296,5.000,4.756,11,"student_top_inst/Core_cpu/u_core_top/scoreboard_q_reg[4][fu][0]/C","student_top_inst/Core_cpu/u_core_top/scoreboard_q_reg[6][exception_tval][22]/CE","setup"
2040,-0.296,5.000,4.756,11,"student_top_inst/Core_cpu/u_core_top/scoreboard_q_reg[4][fu][0]/C","student_top_inst/Core_cpu/u_core_top/scoreboard_q_reg[6][exception_tval][23]/CE","setup"
2041,-0.296,5.000,4.756,11,"student_top_inst/Core_cpu/u_core_top/scoreboard_q_reg[4][fu][0]/C","student_top_inst/Core_cpu/u_core_top/scoreboard_q_reg[6][exception_tval][24]/CE","setup"
2042,-0.296,5.000,5.028,7,"student_top_inst/Core_cpu/u_core_top/commit_ptr_q_reg[2]_rep/C","student_top_inst/Core_cpu/u_core_top/u_csr/mepc_q_reg[24]/D","setup"
2043,-0.295,5.000,4.699,0,"student_top_inst/cpu_rst_sync_reg/C","student_top_inst/Core_cpu/u_core_top/store_q_reg[3][wdata][23]/R","setup"
2044,-0.295,5.000,4.699,0,"student_top_inst/cpu_rst_sync_reg/C","student_top_inst/Core_cpu/u_core_top/store_q_reg[3][wdata][24]/R","setup"
2045,-0.295,5.000,4.699,0,"student_top_inst/cpu_rst_sync_reg/C","student_top_inst/Core_cpu/u_core_top/store_q_reg[3][wdata][3]/R","setup"
2046,-0.295,5.000,4.699,0,"student_top_inst/cpu_rst_sync_reg/C","student_top_inst/Core_cpu/u_core_top/wb_data_q_reg[13]/R","setup"
2047,-0.295,5.000,5.032,11,"student_top_inst/Core_cpu/u_core_top/scoreboard_q_reg[4][fu][0]/C","student_top_inst/Core_cpu/u_core_top/exec_q_reg[op1][10]/CE","setup"
2048,-0.295,5.000,4.826,10,"student_top_inst/Core_cpu/u_core_top/scoreboard_q_reg[4][fu][0]/C","student_top_inst/Core_cpu/u_core_top/scoreboard_q_reg[0][result][1]/R","setup"
2049,-0.295,5.000,4.904,10,"student_top_inst/Core_cpu/u_core_top/load_head_q_reg[0]/C","student_top_inst/Core_cpu/u_core_top/u_dcache/p_2_out__5/CE","setup"
2050,-0.295,5.000,4.904,10,"student_top_inst/Core_cpu/u_core_top/load_head_q_reg[0]/C","student_top_inst/Core_cpu/u_core_top/u_dcache/p_2_out__5_rep__2/CE","setup"
2051,-0.295,5.000,4.904,10,"student_top_inst/Core_cpu/u_core_top/load_head_q_reg[0]/C","student_top_inst/Core_cpu/u_core_top/u_dcache/p_2_out__7_rep/CE","setup"
2052,-0.295,5.000,4.904,10,"student_top_inst/Core_cpu/u_core_top/load_head_q_reg[0]/C","student_top_inst/Core_cpu/u_core_top/u_dcache/p_2_out__7_rep__2/CE","setup"
2053,-0.295,5.000,4.904,10,"student_top_inst/Core_cpu/u_core_top/load_head_q_reg[0]/C","student_top_inst/Core_cpu/u_core_top/u_dcache/p_2_out__8_rep__1/CE","setup"
2054,-0.295,5.000,4.904,10,"student_top_inst/Core_cpu/u_core_top/load_head_q_reg[0]/C","student_top_inst/Core_cpu/u_core_top/u_dcache/p_2_out__9_rep__1/CE","setup"
2055,-0.295,5.000,4.904,10,"student_top_inst/Core_cpu/u_core_top/load_head_q_reg[0]/C","student_top_inst/Core_cpu/u_core_top/u_dcache/req_addr_q_reg[5]/CE","setup"
2056,-0.295,5.000,4.904,10,"student_top_inst/Core_cpu/u_core_top/load_head_q_reg[0]/C","student_top_inst/Core_cpu/u_core_top/u_dcache/req_addr_q_reg[9]/CE","setup"
2057,-0.295,5.000,5.139,7,"student_top_inst/Core_cpu/u_core_top/u_dcache/g_data_bank[3].u_data_bank/mem_q_reg_0/CLKBWRCLK","student_top_inst/Core_cpu/u_core_top/scoreboard_q_reg[3][result][29]/D","setup"
2058,-0.295,5.000,4.981,7,"student_top_inst/Core_cpu/u_core_top/id_uop_q_reg[rs1][1]/C","student_top_inst/Core_cpu/u_core_top/scoreboard_q_reg[2][csr_src][12]/R","setup"
2059,-0.295,5.000,4.981,7,"student_top_inst/Core_cpu/u_core_top/id_uop_q_reg[rs1][1]/C","student_top_inst/Core_cpu/u_core_top/scoreboard_q_reg[2][csr_src][7]/R","setup"
2060,-0.295,5.000,4.925,6,"student_top_inst/Core_cpu/u_core_top/commit_ptr_q_reg[2]_rep/C","student_top_inst/Core_cpu/u_core_top/u_csr/mscratch_q_reg[22]/D","setup"
2061,-0.294,5.000,4.934,6,"student_top_inst/Core_cpu/u_core_top/commit_ptr_q_reg[2]_rep/C","student_top_inst/Core_cpu/u_core_top/u_csr/mscratch_q_reg[5]/D","setup"
2062,-0.294,5.000,5.005,7,"student_top_inst/Core_cpu/u_core_top/commit_ptr_q_reg[2]_rep/C","student_top_inst/Core_cpu/u_core_top/u_csr/mepc_q_reg[17]/D","setup"
2063,-0.294,5.000,5.139,7,"student_top_inst/Core_cpu/u_core_top/u_dcache/g_data_bank[3].u_data_bank/mem_q_reg_0/CLKBWRCLK","student_top_inst/Core_cpu/u_core_top/scoreboard_q_reg[1][result][12]/D","setup"
2064,-0.294,5.000,4.987,11,"student_top_inst/Core_cpu/u_core_top/scoreboard_q_reg[4][fu][0]/C","student_top_inst/Core_cpu/u_core_top/scoreboard_q_reg[6][csr_src][19]/CE","setup"
2065,-0.294,5.000,4.987,11,"student_top_inst/Core_cpu/u_core_top/scoreboard_q_reg[4][fu][0]/C","student_top_inst/Core_cpu/u_core_top/scoreboard_q_reg[6][csr_src][21]/CE","setup"
2066,-0.294,5.000,4.987,11,"student_top_inst/Core_cpu/u_core_top/scoreboard_q_reg[4][fu][0]/C","student_top_inst/Core_cpu/u_core_top/scoreboard_q_reg[6][csr_src][22]/CE","setup"
2067,-0.294,5.000,4.987,11,"student_top_inst/Core_cpu/u_core_top/scoreboard_q_reg[4][fu][0]/C","student_top_inst/Core_cpu/u_core_top/scoreboard_q_reg[6][csr_src][6]/CE","setup"
2068,-0.293,5.000,4.537,0,"student_top_inst/cpu_rst_sync_reg/C","student_top_inst/Core_cpu/u_core_top/u_regfile/regs_q_reg[6][28]/R","setup"
2069,-0.293,5.000,5.134,7,"student_top_inst/Core_cpu/u_core_top/u_dcache/g_data_bank[3].u_data_bank/mem_q_reg_0/CLKBWRCLK","student_top_inst/Core_cpu/u_core_top/exec_q_reg[op2][15]/D","setup"
2070,-0.293,5.000,5.154,7,"student_top_inst/Core_cpu/u_core_top/u_dcache/g_data_bank[3].u_data_bank/mem_q_reg_0/CLKBWRCLK","student_top_inst/Core_cpu/u_core_top/scoreboard_q_reg[1][csr_src][7]/D","setup"
2071,-0.293,5.000,4.981,8,"student_top_inst/Core_cpu/u_core_top/id_uop_q_reg[rs1][1]/C","student_top_inst/Core_cpu/u_core_top/scoreboard_q_reg[1][csr_src][11]/R","setup"
2072,-0.293,5.000,4.981,8,"student_top_inst/Core_cpu/u_core_top/id_uop_q_reg[rs1][1]/C","student_top_inst/Core_cpu/u_core_top/scoreboard_q_reg[1][csr_src][12]/R","setup"
2073,-0.293,5.000,4.981,8,"student_top_inst/Core_cpu/u_core_top/id_uop_q_reg[rs1][1]/C","student_top_inst/Core_cpu/u_core_top/scoreboard_q_reg[1][csr_src][15]/R","setup"
2074,-0.293,5.000,4.981,8,"student_top_inst/Core_cpu/u_core_top/id_uop_q_reg[rs1][1]/C","student_top_inst/Core_cpu/u_core_top/scoreboard_q_reg[1][csr_src][19]/R","setup"
2075,-0.293,5.000,4.981,8,"student_top_inst/Core_cpu/u_core_top/id_uop_q_reg[rs1][1]/C","student_top_inst/Core_cpu/u_core_top/scoreboard_q_reg[1][csr_src][7]/R","setup"
2076,-0.292,5.000,5.324,13,"student_top_inst/Core_cpu/u_core_top/exec_q_reg[uop][imm][1]/C","student_top_inst/Core_cpu/u_core_top/exec_mem_addr_q_reg[4]/D","setup"
2077,-0.292,5.000,5.324,13,"student_top_inst/Core_cpu/u_core_top/exec_q_reg[uop][imm][1]/C","student_top_inst/Core_cpu/u_core_top/exec_mem_addr_q_reg[6]/D","setup"
2078,-0.292,5.000,4.926,6,"student_top_inst/Core_cpu/u_core_top/commit_ptr_q_reg[2]_rep/C","student_top_inst/Core_cpu/u_core_top/u_csr/mcause_q_reg[20]/D","setup"
2079,-0.292,5.000,4.538,0,"student_top_inst/cpu_rst_sync_reg/C","student_top_inst/Core_cpu/u_core_top/u_regfile/regs_q_reg[20][24]/R","setup"
2080,-0.292,5.000,4.538,0,"student_top_inst/cpu_rst_sync_reg/C","student_top_inst/Core_cpu/u_core_top/u_regfile/regs_q_reg[20][30]/R","setup"
2081,-0.292,5.000,4.538,0,"student_top_inst/cpu_rst_sync_reg/C","student_top_inst/Core_cpu/u_core_top/u_regfile/regs_q_reg[20][31]/R","setup"
2082,-0.291,5.000,4.737,10,"student_top_inst/Core_cpu/u_core_top/scoreboard_q_reg[4][fu][0]/C","student_top_inst/Core_cpu/u_core_top/scoreboard_q_reg[0][link_addr][29]/CE","setup"
2083,-0.291,5.000,4.737,10,"student_top_inst/Core_cpu/u_core_top/scoreboard_q_reg[4][fu][0]/C","student_top_inst/Core_cpu/u_core_top/scoreboard_q_reg[0][link_addr][30]/CE","setup"
2084,-0.291,5.000,4.737,10,"student_top_inst/Core_cpu/u_core_top/scoreboard_q_reg[4][fu][0]/C","student_top_inst/Core_cpu/u_core_top/scoreboard_q_reg[0][link_addr][31]/CE","setup"
2085,-0.291,5.000,4.511,0,"student_top_inst/cpu_rst_sync_reg/C","student_top_inst/Core_cpu/u_core_top/u_regfile/regs_q_reg[19][28]/R","setup"
2086,-0.291,5.000,5.150,7,"student_top_inst/Core_cpu/u_core_top/u_dcache/g_data_bank[1].u_data_bank/mem_q_reg_1/CLKBWRCLK","student_top_inst/Core_cpu/u_core_top/scoreboard_q_reg[4][csr_src][13]/D","setup"
2087,-0.290,5.000,4.740,11,"student_top_inst/Core_cpu/u_core_top/scoreboard_q_reg[4][fu][0]/C","student_top_inst/Core_cpu/u_core_top/scoreboard_q_reg[6][link_addr][14]/CE","setup"
2088,-0.290,5.000,4.740,11,"student_top_inst/Core_cpu/u_core_top/scoreboard_q_reg[4][fu][0]/C","student_top_inst/Core_cpu/u_core_top/scoreboard_q_reg[6][link_addr][16]/CE","setup"
2089,-0.290,5.000,4.740,11,"student_top_inst/Core_cpu/u_core_top/scoreboard_q_reg[4][fu][0]/C","student_top_inst/Core_cpu/u_core_top/scoreboard_q_reg[6][link_addr][18]/CE","setup"
2090,-0.290,5.000,4.740,11,"student_top_inst/Core_cpu/u_core_top/scoreboard_q_reg[4][fu][0]/C","student_top_inst/Core_cpu/u_core_top/scoreboard_q_reg[6][link_addr][3]/CE","setup"
2091,-0.290,5.000,4.740,11,"student_top_inst/Core_cpu/u_core_top/scoreboard_q_reg[4][fu][0]/C","student_top_inst/Core_cpu/u_core_top/scoreboard_q_reg[6][link_addr][5]/CE","setup"
2092,-0.290,5.000,4.740,11,"student_top_inst/Core_cpu/u_core_top/scoreboard_q_reg[4][fu][0]/C","student_top_inst/Core_cpu/u_core_top/scoreboard_q_reg[6][link_addr][6]/CE","setup"
2093,-0.290,5.000,4.740,11,"student_top_inst/Core_cpu/u_core_top/scoreboard_q_reg[4][fu][0]/C","student_top_inst/Core_cpu/u_core_top/scoreboard_q_reg[6][link_addr][9]/CE","setup"
2094,-0.290,5.000,4.740,11,"student_top_inst/Core_cpu/u_core_top/scoreboard_q_reg[4][fu][0]/C","student_top_inst/Core_cpu/u_core_top/scoreboard_q_reg[6][pc][8]/CE","setup"
2095,-0.290,5.000,5.138,7,"student_top_inst/Core_cpu/u_core_top/u_dcache/g_data_bank[3].u_data_bank/mem_q_reg_0/CLKBWRCLK","student_top_inst/Core_cpu/u_core_top/scoreboard_q_reg[0][result][11]/D","setup"
2096,-0.290,5.000,5.169,11,"student_top_inst/Core_cpu/u_core_top/store_head_q_reg[0]/C","student_top_inst/Core_cpu/u_core_top/load_q_reg[0][forward_data][16]/D","setup"
2097,-0.290,5.000,4.816,10,"student_top_inst/Core_cpu/u_core_top/scoreboard_q_reg[4][fu][0]/C","student_top_inst/Core_cpu/u_core_top/scoreboard_q_reg[5][result][18]/R","setup"
2098,-0.290,5.000,4.816,10,"student_top_inst/Core_cpu/u_core_top/scoreboard_q_reg[4][fu][0]/C","student_top_inst/Core_cpu/u_core_top/scoreboard_q_reg[5][result][5]/R","setup"
2099,-0.290,5.000,4.923,11,"student_top_inst/Core_cpu/u_core_top/scoreboard_q_reg[4][fu][0]/C","student_top_inst/Core_cpu/u_core_top/exec_q_reg[op2][19]/CE","setup"
2100,-0.290,5.000,4.923,11,"student_top_inst/Core_cpu/u_core_top/scoreboard_q_reg[4][fu][0]/C","student_top_inst/Core_cpu/u_core_top/exec_q_reg[op2][28]/CE","setup"
2101,-0.290,5.000,4.839,11,"student_top_inst/Core_cpu/u_core_top/scoreboard_q_reg[4][fu][0]/C","student_top_inst/Core_cpu/u_core_top/scoreboard_q_reg[2][result][17]/R","setup"
2102,-0.290,5.000,4.839,11,"student_top_inst/Core_cpu/u_core_top/scoreboard_q_reg[4][fu][0]/C","student_top_inst/Core_cpu/u_core_top/scoreboard_q_reg[2][result][26]/R","setup"
2103,-0.290,5.000,4.839,11,"student_top_inst/Core_cpu/u_core_top/scoreboard_q_reg[4][fu][0]/C","student_top_inst/Core_cpu/u_core_top/scoreboard_q_reg[2][result][30]/R","setup"
2104,-0.290,5.000,4.839,11,"student_top_inst/Core_cpu/u_core_top/scoreboard_q_reg[4][fu][0]/C","student_top_inst/Core_cpu/u_core_top/scoreboard_q_reg[2][result][31]/R","setup"
2105,-0.290,5.000,4.820,11,"student_top_inst/Core_cpu/u_core_top/scoreboard_q_reg[4][fu][0]/C","student_top_inst/Core_cpu/u_core_top/scoreboard_q_reg[6][result][1]/R","setup"
2106,-0.290,5.000,4.820,11,"student_top_inst/Core_cpu/u_core_top/scoreboard_q_reg[4][fu][0]/C","student_top_inst/Core_cpu/u_core_top/scoreboard_q_reg[6][result][2]/R","setup"
2107,-0.290,5.000,4.820,11,"student_top_inst/Core_cpu/u_core_top/scoreboard_q_reg[4][fu][0]/C","student_top_inst/Core_cpu/u_core_top/scoreboard_q_reg[6][result][3]/R","setup"
2108,-0.290,5.000,4.820,11,"student_top_inst/Core_cpu/u_core_top/scoreboard_q_reg[4][fu][0]/C","student_top_inst/Core_cpu/u_core_top/scoreboard_q_reg[6][result][7]/R","setup"
2109,-0.290,5.000,4.909,6,"student_top_inst/Core_cpu/u_core_top/commit_ptr_q_reg[2]_rep/C","student_top_inst/Core_cpu/u_core_top/u_csr/mcause_q_reg[23]/D","setup"
2110,-0.290,5.000,4.749,11,"student_top_inst/Core_cpu/u_core_top/scoreboard_q_reg[4][fu][0]/C","student_top_inst/Core_cpu/u_core_top/scoreboard_q_reg[2][exception_cause][2]/CE","setup"
2111,-0.290,5.000,4.749,11,"student_top_inst/Core_cpu/u_core_top/scoreboard_q_reg[4][fu][0]/C","student_top_inst/Core_cpu/u_core_top/scoreboard_q_reg[2][exception_tval][12]/CE","setup"
2112,-0.290,5.000,4.749,11,"student_top_inst/Core_cpu/u_core_top/scoreboard_q_reg[4][fu][0]/C","student_top_inst/Core_cpu/u_core_top/scoreboard_q_reg[2][exception_tval][13]/CE","setup"
2113,-0.290,5.000,4.749,11,"student_top_inst/Core_cpu/u_core_top/scoreboard_q_reg[4][fu][0]/C","student_top_inst/Core_cpu/u_core_top/scoreboard_q_reg[2][exception_valid]/CE","setup"
2114,-0.289,5.000,4.508,0,"student_top_inst/cpu_rst_sync_reg/C","student_top_inst/Core_cpu/u_core_top/u_regfile/regs_q_reg[25][30]/R","setup"
2115,-0.289,5.000,5.066,0,"student_top_inst/Core_cpu/u_core_top/u_dmem_regslice/req_addr_q_reg[2]/C","student_top_inst/mem_bridge/dram_adapter/dram/U0/inst_blk_mem_gen/gnbram.gnativebmg.native_blk_mem_gen/valid.cstr/ramloop[53].ram.r/prim_init.ram/DEVICE_7SERIES.NO_BMM_INFO.SP.SIMPLE_PRIM36.ram/ADDRARDADDR[3]","setup"
2116,-0.289,5.000,5.132,7,"student_top_inst/Core_cpu/u_core_top/u_dcache/g_data_bank[3].u_data_bank/mem_q_reg_0/CLKBWRCLK","student_top_inst/Core_cpu/u_core_top/scoreboard_q_reg[6][result][22]/D","setup"
2117,-0.289,5.000,5.159,7,"student_top_inst/Core_cpu/u_core_top/u_dcache/g_data_bank[1].u_data_bank/mem_q_reg_1/CLKBWRCLK","student_top_inst/Core_cpu/u_core_top/exec_q_reg[op2][21]/D","setup"
2118,-0.289,5.000,5.152,7,"student_top_inst/Core_cpu/u_core_top/u_dcache/g_data_bank[3].u_data_bank/mem_q_reg_0/CLKBWRCLK","student_top_inst/Core_cpu/u_core_top/scoreboard_q_reg[6][csr_src][31]/D","setup"
2119,-0.289,5.000,4.842,10,"student_top_inst/Core_cpu/u_core_top/scoreboard_q_reg[4][fu][0]/C","student_top_inst/Core_cpu/u_core_top/scoreboard_q_reg[5][result][1]/R","setup"
2120,-0.289,5.000,4.509,0,"student_top_inst/cpu_rst_sync_reg/C","student_top_inst/Core_cpu/u_core_top/u_regfile/regs_q_reg[3][24]/R","setup"
2121,-0.289,5.000,4.509,0,"student_top_inst/cpu_rst_sync_reg/C","student_top_inst/Core_cpu/u_core_top/u_regfile/regs_q_reg[3][28]/R","setup"
2122,-0.288,5.000,4.898,10,"student_top_inst/Core_cpu/u_core_top/load_head_q_reg[0]/C","student_top_inst/Core_cpu/u_core_top/u_dcache/req_addr_q_reg[21]/CE","setup"
2123,-0.288,5.000,4.898,10,"student_top_inst/Core_cpu/u_core_top/load_head_q_reg[0]/C","student_top_inst/Core_cpu/u_core_top/u_dcache/req_addr_q_reg[30]/CE","setup"
2124,-0.288,5.000,4.896,10,"student_top_inst/Core_cpu/u_core_top/load_head_q_reg[0]/C","student_top_inst/Core_cpu/u_core_top/u_dcache/p_2_out__8_rep/CE","setup"
2125,-0.288,5.000,4.896,10,"student_top_inst/Core_cpu/u_core_top/load_head_q_reg[0]/C","student_top_inst/Core_cpu/u_core_top/u_dcache/p_2_out__8_rep__0/CE","setup"
2126,-0.288,5.000,4.896,10,"student_top_inst/Core_cpu/u_core_top/load_head_q_reg[0]/C","student_top_inst/Core_cpu/u_core_top/u_dcache/p_2_out__8_rep__2/CE","setup"
2127,-0.288,5.000,4.896,10,"student_top_inst/Core_cpu/u_core_top/load_head_q_reg[0]/C","student_top_inst/Core_cpu/u_core_top/u_dcache/req_addr_q_reg[24]/CE","setup"
2128,-0.288,5.000,4.896,10,"student_top_inst/Core_cpu/u_core_top/load_head_q_reg[0]/C","student_top_inst/Core_cpu/u_core_top/u_dcache/req_addr_q_reg[31]/CE","setup"
2129,-0.288,5.000,4.896,10,"student_top_inst/Core_cpu/u_core_top/load_head_q_reg[0]/C","student_top_inst/Core_cpu/u_core_top/u_dcache/req_addr_q_reg[3]/CE","setup"
2130,-0.287,5.000,4.736,11,"student_top_inst/Core_cpu/u_core_top/scoreboard_q_reg[4][fu][0]/C","student_top_inst/Core_cpu/u_core_top/scoreboard_q_reg[6][csr_op][0]/CE","setup"
2131,-0.286,5.000,4.750,11,"student_top_inst/Core_cpu/u_core_top/scoreboard_q_reg[4][fu][0]/C","student_top_inst/Core_cpu/u_core_top/scoreboard_q_reg[6][exception_tval][13]/CE","setup"
2132,-0.286,5.000,4.750,11,"student_top_inst/Core_cpu/u_core_top/scoreboard_q_reg[4][fu][0]/C","student_top_inst/Core_cpu/u_core_top/scoreboard_q_reg[6][exception_tval][14]/CE","setup"
2133,-0.286,5.000,4.750,11,"student_top_inst/Core_cpu/u_core_top/scoreboard_q_reg[4][fu][0]/C","student_top_inst/Core_cpu/u_core_top/scoreboard_q_reg[6][exception_tval][15]/CE","setup"
2134,-0.286,5.000,4.750,11,"student_top_inst/Core_cpu/u_core_top/scoreboard_q_reg[4][fu][0]/C","student_top_inst/Core_cpu/u_core_top/scoreboard_q_reg[6][exception_tval][16]/CE","setup"
2135,-0.286,5.000,4.750,11,"student_top_inst/Core_cpu/u_core_top/scoreboard_q_reg[4][fu][0]/C","student_top_inst/Core_cpu/u_core_top/scoreboard_q_reg[6][exception_tval][19]/CE","setup"
2136,-0.286,5.000,4.750,11,"student_top_inst/Core_cpu/u_core_top/scoreboard_q_reg[4][fu][0]/C","student_top_inst/Core_cpu/u_core_top/scoreboard_q_reg[6][exception_tval][20]/CE","setup"
2137,-0.286,5.000,5.080,7,"student_top_inst/Core_cpu/u_core_top/exec_q_reg[op2][2]/C","student_top_inst/Core_cpu/u_core_top/scoreboard_q_reg[6][csr_src][26]/D","setup"
2138,-0.286,5.000,4.929,6,"student_top_inst/Core_cpu/u_core_top/commit_ptr_q_reg[2]_rep/C","student_top_inst/Core_cpu/u_core_top/u_csr/mscratch_q_reg[20]/D","setup"
2139,-0.286,5.000,4.995,7,"student_top_inst/Core_cpu/u_core_top/commit_ptr_q_reg[2]_rep/C","student_top_inst/Core_cpu/u_core_top/u_csr/mstatus_q_reg[24]/D","setup"
2140,-0.286,5.000,5.248,11,"student_top_inst/Core_cpu/u_core_top/exec_q_reg[uop][imm][1]/C","student_top_inst/Core_cpu/u_core_top/scoreboard_q_reg[5][csr_src][0]/D","setup"
2141,-0.286,5.000,4.911,13,"student_top_inst/Core_cpu/u_core_top/scoreboard_q_reg[4][fu][0]/C","student_top_inst/Core_cpu/u_core_top/load_q_reg[1][forward_data][7]/CE","setup"
2142,-0.286,5.000,4.745,11,"student_top_inst/Core_cpu/u_core_top/scoreboard_q_reg[4][fu][0]/C","student_top_inst/Core_cpu/u_core_top/scoreboard_q_reg[2][exception_tval][16]/CE","setup"
2143,-0.286,5.000,4.745,11,"student_top_inst/Core_cpu/u_core_top/scoreboard_q_reg[4][fu][0]/C","student_top_inst/Core_cpu/u_core_top/scoreboard_q_reg[2][exception_tval][17]/CE","setup"
2144,-0.286,5.000,4.745,11,"student_top_inst/Core_cpu/u_core_top/scoreboard_q_reg[4][fu][0]/C","student_top_inst/Core_cpu/u_core_top/scoreboard_q_reg[2][exception_tval][18]/CE","setup"
2145,-0.286,5.000,4.745,11,"student_top_inst/Core_cpu/u_core_top/scoreboard_q_reg[4][fu][0]/C","student_top_inst/Core_cpu/u_core_top/scoreboard_q_reg[2][exception_tval][19]/CE","setup"
2146,-0.286,5.000,4.745,11,"student_top_inst/Core_cpu/u_core_top/scoreboard_q_reg[4][fu][0]/C","student_top_inst/Core_cpu/u_core_top/scoreboard_q_reg[2][exception_tval][26]/CE","setup"
2147,-0.286,5.000,4.745,11,"student_top_inst/Core_cpu/u_core_top/scoreboard_q_reg[4][fu][0]/C","student_top_inst/Core_cpu/u_core_top/scoreboard_q_reg[2][exception_tval][27]/CE","setup"
2148,-0.286,5.000,4.745,11,"student_top_inst/Core_cpu/u_core_top/scoreboard_q_reg[4][fu][0]/C","student_top_inst/Core_cpu/u_core_top/scoreboard_q_reg[2][exception_tval][8]/CE","setup"
2149,-0.286,5.000,4.745,11,"student_top_inst/Core_cpu/u_core_top/scoreboard_q_reg[4][fu][0]/C","student_top_inst/Core_cpu/u_core_top/scoreboard_q_reg[2][exception_tval][9]/CE","setup"
2150,-0.286,5.000,4.631,11,"student_top_inst/Core_cpu/u_core_top/scoreboard_q_reg[4][fu][0]/C","student_top_inst/Core_cpu/u_core_top/producer_tid_q_reg_r3_0_31_0_2/RAMA/WE","setup"
2151,-0.286,5.000,4.631,11,"student_top_inst/Core_cpu/u_core_top/scoreboard_q_reg[4][fu][0]/C","student_top_inst/Core_cpu/u_core_top/producer_tid_q_reg_r3_0_31_0_2/RAMA_D1/WE","setup"
2152,-0.286,5.000,4.631,11,"student_top_inst/Core_cpu/u_core_top/scoreboard_q_reg[4][fu][0]/C","student_top_inst/Core_cpu/u_core_top/producer_tid_q_reg_r3_0_31_0_2/RAMB/WE","setup"
2153,-0.286,5.000,4.631,11,"student_top_inst/Core_cpu/u_core_top/scoreboard_q_reg[4][fu][0]/C","student_top_inst/Core_cpu/u_core_top/producer_tid_q_reg_r3_0_31_0_2/RAMB_D1/WE","setup"
2154,-0.286,5.000,4.631,11,"student_top_inst/Core_cpu/u_core_top/scoreboard_q_reg[4][fu][0]/C","student_top_inst/Core_cpu/u_core_top/producer_tid_q_reg_r3_0_31_0_2/RAMC/WE","setup"
2155,-0.286,5.000,4.631,11,"student_top_inst/Core_cpu/u_core_top/scoreboard_q_reg[4][fu][0]/C","student_top_inst/Core_cpu/u_core_top/producer_tid_q_reg_r3_0_31_0_2/RAMC_D1/WE","setup"
2156,-0.286,5.000,4.631,11,"student_top_inst/Core_cpu/u_core_top/scoreboard_q_reg[4][fu][0]/C","student_top_inst/Core_cpu/u_core_top/producer_tid_q_reg_r3_0_31_0_2/RAMD/WE","setup"
2157,-0.286,5.000,4.631,11,"student_top_inst/Core_cpu/u_core_top/scoreboard_q_reg[4][fu][0]/C","student_top_inst/Core_cpu/u_core_top/producer_tid_q_reg_r3_0_31_0_2/RAMD_D1/WE","setup"
2158,-0.285,5.000,4.965,7,"student_top_inst/Core_cpu/u_core_top/commit_ptr_q_reg[2]_rep/C","student_top_inst/Core_cpu/u_core_top/u_csr/mtval_q_reg[23]/D","setup"
2159,-0.285,5.000,4.818,10,"student_top_inst/Core_cpu/u_core_top/scoreboard_q_reg[4][fu][0]/C","student_top_inst/Core_cpu/u_core_top/scoreboard_q_reg[5][result][13]/R","setup"
2160,-0.285,5.000,5.070,0,"student_top_inst/Core_cpu/u_core_top/u_dmem_regslice/req_addr_q_reg[3]/C","student_top_inst/mem_bridge/dram_adapter/dram/U0/inst_blk_mem_gen/gnbram.gnativebmg.native_blk_mem_gen/valid.cstr/ramloop[54].ram.r/prim_init.ram/DEVICE_7SERIES.NO_BMM_INFO.SP.SIMPLE_PRIM36.ram/ADDRARDADDR[4]","setup"
2161,-0.285,5.000,5.133,7,"student_top_inst/Core_cpu/u_core_top/u_dcache/g_data_bank[3].u_data_bank/mem_q_reg_0/CLKBWRCLK","student_top_inst/Core_cpu/u_core_top/scoreboard_q_reg[7][result][11]/D","setup"
2162,-0.285,5.000,5.129,7,"student_top_inst/Core_cpu/u_core_top/u_dcache/g_data_bank[3].u_data_bank/mem_q_reg_0/CLKBWRCLK","student_top_inst/Core_cpu/u_core_top/scoreboard_q_reg[5][result][23]/D","setup"
2163,-0.285,5.000,4.697,0,"student_top_inst/cpu_rst_sync_reg/C","student_top_inst/Core_cpu/u_core_top/load_q_reg[0][addr][0]/R","setup"
2164,-0.285,5.000,4.697,0,"student_top_inst/cpu_rst_sync_reg/C","student_top_inst/Core_cpu/u_core_top/load_q_reg[0][addr][13]/R","setup"
2165,-0.285,5.000,4.697,0,"student_top_inst/cpu_rst_sync_reg/C","student_top_inst/Core_cpu/u_core_top/load_q_reg[0][addr][15]/R","setup"
2166,-0.285,5.000,4.697,0,"student_top_inst/cpu_rst_sync_reg/C","student_top_inst/Core_cpu/u_core_top/load_q_reg[0][addr][22]/R","setup"
2167,-0.285,5.000,4.697,0,"student_top_inst/cpu_rst_sync_reg/C","student_top_inst/Core_cpu/u_core_top/load_q_reg[0][addr][23]/R","setup"
2168,-0.285,5.000,4.697,0,"student_top_inst/cpu_rst_sync_reg/C","student_top_inst/Core_cpu/u_core_top/load_q_reg[0][addr][31]/R","setup"
2169,-0.284,5.000,4.529,0,"student_top_inst/cpu_rst_sync_reg/C","student_top_inst/Core_cpu/u_core_top/u_regfile/regs_q_reg[23][24]/R","setup"
2170,-0.284,5.000,4.979,12,"student_top_inst/Core_cpu/u_core_top/scoreboard_q_reg[4][fu][0]/C","student_top_inst/Core_cpu/u_core_top/producer_valid_q_reg[3]/D","setup"
2171,-0.284,5.000,5.146,7,"student_top_inst/Core_cpu/u_core_top/u_dcache/g_data_bank[3].u_data_bank/mem_q_reg_0/CLKBWRCLK","student_top_inst/Core_cpu/u_core_top/scoreboard_q_reg[4][csr_src][21]/D","setup"
2172,-0.284,5.000,5.085,11,"student_top_inst/Core_cpu/u_core_top/exec_q_reg[uop][imm][1]/C","student_top_inst/Core_cpu/u_core_top/exec_q_reg[op1][0]/D","setup"
2173,-0.284,5.000,5.147,7,"student_top_inst/Core_cpu/u_core_top/u_dcache/g_data_bank[3].u_data_bank/mem_q_reg_0/CLKBWRCLK","student_top_inst/Core_cpu/u_core_top/scoreboard_q_reg[3][csr_src][30]/D","setup"
2174,-0.283,5.000,4.732,12,"student_top_inst/Core_cpu/u_core_top/scoreboard_q_reg[4][fu][0]/C","student_top_inst/Core_cpu/u_core_top/scoreboard_q_reg[4][exception_cause][3]/CE","setup"
2175,-0.283,5.000,4.732,12,"student_top_inst/Core_cpu/u_core_top/scoreboard_q_reg[4][fu][0]/C","student_top_inst/Core_cpu/u_core_top/scoreboard_q_reg[4][exception_valid]/CE","setup"
2176,-0.283,5.000,4.697,0,"student_top_inst/cpu_rst_sync_reg/C","student_top_inst/Core_cpu/u_core_top/store_q_reg[2][addr][24]/R","setup"
2177,-0.283,5.000,4.508,0,"student_top_inst/cpu_rst_sync_reg/C","student_top_inst/Core_cpu/u_core_top/u_csr/mstatus_q_reg[22]/R","setup"
2178,-0.283,5.000,4.894,10,"student_top_inst/Core_cpu/u_core_top/load_head_q_reg[0]/C","student_top_inst/Core_cpu/u_core_top/u_dcache/tag_read_q_reg[16]/CE","setup"
2179,-0.283,5.000,4.976,12,"student_top_inst/Core_cpu/u_core_top/scoreboard_q_reg[4][fu][0]/C","student_top_inst/Core_cpu/u_core_top/producer_valid_q_reg[24]/D","setup"
2180,-0.283,5.000,4.978,12,"student_top_inst/Core_cpu/u_core_top/scoreboard_q_reg[4][fu][0]/C","student_top_inst/Core_cpu/u_core_top/producer_valid_q_reg[5]/D","setup"
2181,-0.282,5.000,5.126,7,"student_top_inst/Core_cpu/u_core_top/u_dcache/g_data_bank[3].u_data_bank/mem_q_reg_0/CLKBWRCLK","student_top_inst/Core_cpu/u_core_top/scoreboard_q_reg[3][result][22]/D","setup"
2182,-0.282,5.000,4.914,6,"student_top_inst/Core_cpu/u_core_top/commit_ptr_q_reg[2]_rep/C","student_top_inst/Core_cpu/u_core_top/u_csr/mcause_q_reg[19]/D","setup"
2183,-0.282,5.000,4.892,10,"student_top_inst/Core_cpu/u_core_top/load_head_q_reg[0]/C","student_top_inst/Core_cpu/u_core_top/u_dcache/p_2_out__5_rep/CE","setup"
2184,-0.282,5.000,4.892,10,"student_top_inst/Core_cpu/u_core_top/load_head_q_reg[0]/C","student_top_inst/Core_cpu/u_core_top/u_dcache/req_addr_q_reg[23]/CE","setup"
2185,-0.282,5.000,4.892,10,"student_top_inst/Core_cpu/u_core_top/load_head_q_reg[0]/C","student_top_inst/Core_cpu/u_core_top/u_dcache/req_addr_q_reg[25]/CE","setup"
2186,-0.282,5.000,4.988,7,"student_top_inst/Core_cpu/u_core_top/commit_ptr_q_reg[2]_rep/C","student_top_inst/Core_cpu/u_core_top/u_csr/mstatus_q_reg[23]/D","setup"
2187,-0.281,5.000,4.976,11,"student_top_inst/Core_cpu/u_core_top/scoreboard_q_reg[4][fu][0]/C","student_top_inst/Core_cpu/u_core_top/scoreboard_q_reg[6][csr_src][0]/CE","setup"
2188,-0.281,5.000,4.976,11,"student_top_inst/Core_cpu/u_core_top/scoreboard_q_reg[4][fu][0]/C","student_top_inst/Core_cpu/u_core_top/scoreboard_q_reg[6][csr_src][1]/CE","setup"
2189,-0.281,5.000,4.976,11,"student_top_inst/Core_cpu/u_core_top/scoreboard_q_reg[4][fu][0]/C","student_top_inst/Core_cpu/u_core_top/scoreboard_q_reg[6][csr_src][4]/CE","setup"
2190,-0.281,5.000,4.976,11,"student_top_inst/Core_cpu/u_core_top/scoreboard_q_reg[4][fu][0]/C","student_top_inst/Core_cpu/u_core_top/scoreboard_q_reg[6][link_addr][12]/CE","setup"
2191,-0.281,5.000,4.684,0,"student_top_inst/cpu_rst_sync_reg/C","student_top_inst/Core_cpu/u_core_top/store_q_reg[1][wdata][28]/R","setup"
2192,-0.281,5.000,4.526,0,"student_top_inst/cpu_rst_sync_reg/C","student_top_inst/Core_cpu/u_core_top/u_regfile/regs_q_reg[4][24]/R","setup"
2193,-0.281,5.000,4.531,0,"student_top_inst/cpu_rst_sync_reg/C","student_top_inst/Core_cpu/u_core_top/u_regfile/regs_q_reg[2][29]/R","setup"
2194,-0.281,5.000,5.139,6,"student_top_inst/Core_cpu/u_core_top/u_dcache/g_data_bank[1].u_data_bank/mem_q_reg_1/CLKBWRCLK","student_top_inst/Core_cpu/u_core_top/scoreboard_q_reg[4][csr_src][28]/D","setup"
2195,-0.280,5.000,4.545,9,"student_top_inst/Core_cpu/u_core_top/scoreboard_q_reg[4][fu][0]/C","student_top_inst/Core_cpu/u_core_top/u_dcache/g_data_bank[2].u_data_bank/mem_q_reg_1/ADDRARDADDR[6]","setup"
2196,-0.280,5.000,5.118,6,"student_top_inst/Core_cpu/u_core_top/u_dcache/g_data_bank[1].u_data_bank/mem_q_reg_1/CLKBWRCLK","student_top_inst/Core_cpu/u_core_top/scoreboard_q_reg[7][result][19]/D","setup"
2197,-0.280,5.000,4.500,0,"student_top_inst/cpu_rst_sync_reg/C","student_top_inst/Core_cpu/u_core_top/u_regfile/regs_q_reg[13][27]/R","setup"
2198,-0.280,5.000,4.500,0,"student_top_inst/cpu_rst_sync_reg/C","student_top_inst/Core_cpu/u_core_top/u_regfile/regs_q_reg[13][28]/R","setup"
2199,-0.280,5.000,4.500,0,"student_top_inst/cpu_rst_sync_reg/C","student_top_inst/Core_cpu/u_core_top/u_regfile/regs_q_reg[13][31]/R","setup"
2200,-0.280,5.000,5.063,0,"student_top_inst/Core_cpu/u_core_top/u_dmem_regslice/req_addr_q_reg[4]/C","student_top_inst/mem_bridge/dram_adapter/dram/U0/inst_blk_mem_gen/gnbram.gnativebmg.native_blk_mem_gen/valid.cstr/ramloop[53].ram.r/prim_init.ram/DEVICE_7SERIES.NO_BMM_INFO.SP.SIMPLE_PRIM36.ram/ADDRARDADDR[5]","setup"
2201,-0.280,5.000,4.806,10,"student_top_inst/Core_cpu/u_core_top/scoreboard_q_reg[4][fu][0]/C","student_top_inst/Core_cpu/u_core_top/scoreboard_q_reg[5][result][10]/R","setup"
2202,-0.280,5.000,4.806,10,"student_top_inst/Core_cpu/u_core_top/scoreboard_q_reg[4][fu][0]/C","student_top_inst/Core_cpu/u_core_top/scoreboard_q_reg[5][result][16]/R","setup"
2203,-0.280,5.000,4.806,10,"student_top_inst/Core_cpu/u_core_top/scoreboard_q_reg[4][fu][0]/C","student_top_inst/Core_cpu/u_core_top/scoreboard_q_reg[5][result][17]/R","setup"
2204,-0.280,5.000,4.806,10,"student_top_inst/Core_cpu/u_core_top/scoreboard_q_reg[4][fu][0]/C","student_top_inst/Core_cpu/u_core_top/scoreboard_q_reg[5][result][26]/R","setup"
2205,-0.278,5.000,5.122,7,"student_top_inst/Core_cpu/u_core_top/u_dcache/g_data_bank[3].u_data_bank/mem_q_reg_0/CLKBWRCLK","student_top_inst/Core_cpu/u_core_top/exec_q_reg[op2][30]/D","setup"
2206,-0.278,5.000,4.912,11,"student_top_inst/Core_cpu/u_core_top/scoreboard_q_reg[4][fu][0]/C","student_top_inst/Core_cpu/u_core_top/exec_q_reg[op2][7]/CE","setup"
2207,-0.278,5.000,5.130,7,"student_top_inst/Core_cpu/u_core_top/u_dcache/g_data_bank[3].u_data_bank/mem_q_reg_0/CLKBWRCLK","student_top_inst/Core_cpu/u_core_top/scoreboard_q_reg[6][csr_src][30]/D","setup"
2208,-0.278,5.000,4.909,6,"student_top_inst/Core_cpu/u_core_top/commit_ptr_q_reg[2]_rep/C","student_top_inst/Core_cpu/u_core_top/u_csr/mtvec_q_reg[15]/D","setup"
2209,-0.278,5.000,4.966,8,"student_top_inst/Core_cpu/u_core_top/id_uop_q_reg[rs1][1]/C","student_top_inst/Core_cpu/u_core_top/scoreboard_q_reg[3][csr_src][24]/R","setup"
2210,-0.278,5.000,4.966,8,"student_top_inst/Core_cpu/u_core_top/id_uop_q_reg[rs1][1]/C","student_top_inst/Core_cpu/u_core_top/scoreboard_q_reg[3][csr_src][26]/R","setup"
2211,-0.278,5.000,4.966,8,"student_top_inst/Core_cpu/u_core_top/id_uop_q_reg[rs1][1]/C","student_top_inst/Core_cpu/u_core_top/scoreboard_q_reg[3][csr_src][29]/R","setup"
2212,-0.278,5.000,4.966,8,"student_top_inst/Core_cpu/u_core_top/id_uop_q_reg[rs1][1]/C","student_top_inst/Core_cpu/u_core_top/scoreboard_q_reg[3][csr_src][30]/R","setup"
2213,-0.278,5.000,4.966,8,"student_top_inst/Core_cpu/u_core_top/id_uop_q_reg[rs1][1]/C","student_top_inst/Core_cpu/u_core_top/scoreboard_q_reg[3][csr_src][31]/R","setup"
2214,-0.278,5.000,4.521,0,"student_top_inst/cpu_rst_sync_reg/C","student_top_inst/Core_cpu/u_core_top/u_regfile/regs_q_reg[11][24]/R","setup"
2215,-0.278,5.000,4.521,0,"student_top_inst/cpu_rst_sync_reg/C","student_top_inst/Core_cpu/u_core_top/u_regfile/regs_q_reg[11][27]/R","setup"
2216,-0.278,5.000,4.521,0,"student_top_inst/cpu_rst_sync_reg/C","student_top_inst/Core_cpu/u_core_top/u_regfile/regs_q_reg[11][28]/R","setup"
2217,-0.277,5.000,4.966,8,"student_top_inst/Core_cpu/u_core_top/id_uop_q_reg[rs1][1]/C","student_top_inst/Core_cpu/u_core_top/scoreboard_q_reg[1][csr_src][13]/R","setup"
2218,-0.277,5.000,4.966,8,"student_top_inst/Core_cpu/u_core_top/id_uop_q_reg[rs1][1]/C","student_top_inst/Core_cpu/u_core_top/scoreboard_q_reg[1][csr_src][16]/R","setup"
2219,-0.277,5.000,4.966,8,"student_top_inst/Core_cpu/u_core_top/id_uop_q_reg[rs1][1]/C","student_top_inst/Core_cpu/u_core_top/scoreboard_q_reg[1][csr_src][18]/R","setup"
2220,-0.277,5.000,4.966,8,"student_top_inst/Core_cpu/u_core_top/id_uop_q_reg[rs1][1]/C","student_top_inst/Core_cpu/u_core_top/scoreboard_q_reg[1][csr_src][23]/R","setup"
2221,-0.277,5.000,4.966,8,"student_top_inst/Core_cpu/u_core_top/id_uop_q_reg[rs1][1]/C","student_top_inst/Core_cpu/u_core_top/scoreboard_q_reg[1][csr_src][26]/R","setup"
2222,-0.277,5.000,4.966,8,"student_top_inst/Core_cpu/u_core_top/id_uop_q_reg[rs1][1]/C","student_top_inst/Core_cpu/u_core_top/scoreboard_q_reg[1][csr_src][30]/R","setup"
2223,-0.277,5.000,4.966,8,"student_top_inst/Core_cpu/u_core_top/id_uop_q_reg[rs1][1]/C","student_top_inst/Core_cpu/u_core_top/scoreboard_q_reg[1][csr_src][31]/R","setup"
2224,-0.277,5.000,4.966,8,"student_top_inst/Core_cpu/u_core_top/id_uop_q_reg[rs1][1]/C","student_top_inst/Core_cpu/u_core_top/scoreboard_q_reg[1][csr_src][6]/R","setup"
2225,-0.277,5.000,5.059,0,"student_top_inst/Core_cpu/u_core_top/u_dmem_regslice/req_addr_q_reg[9]/C","student_top_inst/mem_bridge/dram_adapter/dram/U0/inst_blk_mem_gen/gnbram.gnativebmg.native_blk_mem_gen/valid.cstr/ramloop[53].ram.r/prim_init.ram/DEVICE_7SERIES.NO_BMM_INFO.SP.SIMPLE_PRIM36.ram/ADDRARDADDR[10]","setup"
2226,-0.276,5.000,4.723,10,"student_top_inst/Core_cpu/u_core_top/scoreboard_q_reg[4][fu][0]/C","student_top_inst/Core_cpu/u_core_top/scoreboard_q_reg[1][csr_addr][3]/CE","setup"
2227,-0.276,5.000,4.723,10,"student_top_inst/Core_cpu/u_core_top/scoreboard_q_reg[4][fu][0]/C","student_top_inst/Core_cpu/u_core_top/scoreboard_q_reg[1][pc][15]/CE","setup"
2228,-0.276,5.000,4.621,11,"student_top_inst/Core_cpu/u_core_top/scoreboard_q_reg[4][fu][0]/C","student_top_inst/Core_cpu/u_core_top/producer_tid_q_reg_r1_0_31_0_2/RAMA/WE","setup"
2229,-0.276,5.000,4.621,11,"student_top_inst/Core_cpu/u_core_top/scoreboard_q_reg[4][fu][0]/C","student_top_inst/Core_cpu/u_core_top/producer_tid_q_reg_r1_0_31_0_2/RAMA_D1/WE","setup"
2230,-0.276,5.000,4.621,11,"student_top_inst/Core_cpu/u_core_top/scoreboard_q_reg[4][fu][0]/C","student_top_inst/Core_cpu/u_core_top/producer_tid_q_reg_r1_0_31_0_2/RAMB/WE","setup"
2231,-0.276,5.000,4.621,11,"student_top_inst/Core_cpu/u_core_top/scoreboard_q_reg[4][fu][0]/C","student_top_inst/Core_cpu/u_core_top/producer_tid_q_reg_r1_0_31_0_2/RAMB_D1/WE","setup"
2232,-0.276,5.000,4.621,11,"student_top_inst/Core_cpu/u_core_top/scoreboard_q_reg[4][fu][0]/C","student_top_inst/Core_cpu/u_core_top/producer_tid_q_reg_r1_0_31_0_2/RAMC/WE","setup"
2233,-0.276,5.000,4.621,11,"student_top_inst/Core_cpu/u_core_top/scoreboard_q_reg[4][fu][0]/C","student_top_inst/Core_cpu/u_core_top/producer_tid_q_reg_r1_0_31_0_2/RAMC_D1/WE","setup"
2234,-0.276,5.000,4.621,11,"student_top_inst/Core_cpu/u_core_top/scoreboard_q_reg[4][fu][0]/C","student_top_inst/Core_cpu/u_core_top/producer_tid_q_reg_r1_0_31_0_2/RAMD/WE","setup"
2235,-0.276,5.000,4.621,11,"student_top_inst/Core_cpu/u_core_top/scoreboard_q_reg[4][fu][0]/C","student_top_inst/Core_cpu/u_core_top/producer_tid_q_reg_r1_0_31_0_2/RAMD_D1/WE","setup"
2236,-0.276,5.000,4.801,10,"student_top_inst/Core_cpu/u_core_top/scoreboard_q_reg[4][fu][0]/C","student_top_inst/Core_cpu/u_core_top/scoreboard_q_reg[4][result][18]/R","setup"
2237,-0.276,5.000,4.801,10,"student_top_inst/Core_cpu/u_core_top/scoreboard_q_reg[4][fu][0]/C","student_top_inst/Core_cpu/u_core_top/scoreboard_q_reg[4][result][19]/R","setup"
2238,-0.276,5.000,4.801,10,"student_top_inst/Core_cpu/u_core_top/scoreboard_q_reg[4][fu][0]/C","student_top_inst/Core_cpu/u_core_top/scoreboard_q_reg[4][result][22]/R","setup"
2239,-0.276,5.000,4.801,10,"student_top_inst/Core_cpu/u_core_top/scoreboard_q_reg[4][fu][0]/C","student_top_inst/Core_cpu/u_core_top/scoreboard_q_reg[4][result][8]/R","setup"
2240,-0.275,5.000,4.519,0,"student_top_inst/cpu_rst_sync_reg/C","student_top_inst/Core_cpu/u_core_top/u_regfile/regs_q_reg[29][30]/R","setup"
2241,-0.275,5.000,5.116,7,"student_top_inst/Core_cpu/u_core_top/u_dcache/g_data_bank[3].u_data_bank/mem_q_reg_0/CLKBWRCLK","student_top_inst/Core_cpu/u_core_top/scoreboard_q_reg[3][csr_src][22]/D","setup"
2242,-0.275,5.000,4.540,9,"student_top_inst/Core_cpu/u_core_top/scoreboard_q_reg[4][fu][0]/C","student_top_inst/Core_cpu/u_core_top/u_dcache/g_data_bank[2].u_data_bank/mem_q_reg_1/ADDRARDADDR[8]","setup"
2243,-0.275,5.000,4.720,11,"student_top_inst/Core_cpu/u_core_top/scoreboard_q_reg[4][fu][0]/C","student_top_inst/Core_cpu/u_core_top/scoreboard_q_reg[2][csr_addr][9]/CE","setup"
2244,-0.274,5.000,4.975,6,"student_top_inst/Core_cpu/u_core_top/commit_ptr_q_reg[2]_rep/C","student_top_inst/Core_cpu/u_core_top/wb_data_q_reg[19]/D","setup"
2245,-0.274,5.000,4.619,11,"student_top_inst/Core_cpu/u_core_top/scoreboard_q_reg[4][fu][0]/C","student_top_inst/Core_cpu/u_core_top/producer_tid_q_reg_r2_0_31_0_2/RAMA/WE","setup"
2246,-0.274,5.000,4.619,11,"student_top_inst/Core_cpu/u_core_top/scoreboard_q_reg[4][fu][0]/C","student_top_inst/Core_cpu/u_core_top/producer_tid_q_reg_r2_0_31_0_2/RAMA_D1/WE","setup"
2247,-0.274,5.000,4.619,11,"student_top_inst/Core_cpu/u_core_top/scoreboard_q_reg[4][fu][0]/C","student_top_inst/Core_cpu/u_core_top/producer_tid_q_reg_r2_0_31_0_2/RAMB/WE","setup"
2248,-0.274,5.000,4.619,11,"student_top_inst/Core_cpu/u_core_top/scoreboard_q_reg[4][fu][0]/C","student_top_inst/Core_cpu/u_core_top/producer_tid_q_reg_r2_0_31_0_2/RAMB_D1/WE","setup"
2249,-0.274,5.000,4.619,11,"student_top_inst/Core_cpu/u_core_top/scoreboard_q_reg[4][fu][0]/C","student_top_inst/Core_cpu/u_core_top/producer_tid_q_reg_r2_0_31_0_2/RAMC/WE","setup"
2250,-0.274,5.000,4.619,11,"student_top_inst/Core_cpu/u_core_top/scoreboard_q_reg[4][fu][0]/C","student_top_inst/Core_cpu/u_core_top/producer_tid_q_reg_r2_0_31_0_2/RAMC_D1/WE","setup"
2251,-0.274,5.000,4.619,11,"student_top_inst/Core_cpu/u_core_top/scoreboard_q_reg[4][fu][0]/C","student_top_inst/Core_cpu/u_core_top/producer_tid_q_reg_r2_0_31_0_2/RAMD/WE","setup"
2252,-0.274,5.000,4.619,11,"student_top_inst/Core_cpu/u_core_top/scoreboard_q_reg[4][fu][0]/C","student_top_inst/Core_cpu/u_core_top/producer_tid_q_reg_r2_0_31_0_2/RAMD_D1/WE","setup"
2253,-0.274,5.000,4.539,9,"student_top_inst/Core_cpu/u_core_top/scoreboard_q_reg[4][fu][0]/C","student_top_inst/Core_cpu/u_core_top/u_dcache/g_data_bank[2].u_data_bank/mem_q_reg_1/ADDRARDADDR[12]","setup"
2254,-0.274,5.000,4.672,0,"student_top_inst/cpu_rst_sync_reg/C","student_top_inst/Core_cpu/u_core_top/exec_q_reg[op2][26]/R","setup"
2255,-0.274,5.000,4.672,0,"student_top_inst/cpu_rst_sync_reg/C","student_top_inst/Core_cpu/u_core_top/exec_q_reg[trans_id][2]/R","setup"
2256,-0.273,5.000,4.995,12,"student_top_inst/Core_cpu/u_core_top/scoreboard_q_reg[4][fu][0]/C","student_top_inst/Core_cpu/u_core_top/producer_valid_q_reg[14]/D","setup"
2257,-0.273,5.000,4.758,11,"student_top_inst/Core_cpu/u_core_top/scoreboard_q_reg[4][fu][0]/C","student_top_inst/Core_cpu/u_core_top/scoreboard_q_reg[6][exception_cause][3]/CE","setup"
2258,-0.273,5.000,4.758,11,"student_top_inst/Core_cpu/u_core_top/scoreboard_q_reg[4][fu][0]/C","student_top_inst/Core_cpu/u_core_top/scoreboard_q_reg[6][exception_valid]/CE","setup"
2259,-0.273,5.000,4.985,11,"student_top_inst/Core_cpu/u_core_top/scoreboard_q_reg[4][fu][0]/C","student_top_inst/Core_cpu/u_core_top/exec_mem_addr_q_reg[4]/CE","setup"
2260,-0.273,5.000,4.985,11,"student_top_inst/Core_cpu/u_core_top/scoreboard_q_reg[4][fu][0]/C","student_top_inst/Core_cpu/u_core_top/exec_mem_addr_q_reg[5]/CE","setup"
2261,-0.273,5.000,4.985,11,"student_top_inst/Core_cpu/u_core_top/scoreboard_q_reg[4][fu][0]/C","student_top_inst/Core_cpu/u_core_top/exec_mem_addr_q_reg[6]/CE","setup"
2262,-0.273,5.000,4.985,11,"student_top_inst/Core_cpu/u_core_top/scoreboard_q_reg[4][fu][0]/C","student_top_inst/Core_cpu/u_core_top/exec_mem_addr_q_reg[7]/CE","setup"
2263,-0.273,5.000,4.799,10,"student_top_inst/Core_cpu/u_core_top/scoreboard_q_reg[4][fu][0]/C","student_top_inst/Core_cpu/u_core_top/scoreboard_q_reg[7][result][6]/R","setup"
2264,-0.272,5.000,4.733,9,"student_top_inst/Core_cpu/u_core_top/scoreboard_q_reg[4][fu][0]/C","student_top_inst/Core_cpu/u_core_top/u_muldiv/u_div/U0/i_synth/i_has_input_skid.i_2to1/gen_has_z_tready.reg1_a_tdata_reg[0]/CE","setup"
2265,-0.272,5.000,4.733,9,"student_top_inst/Core_cpu/u_core_top/scoreboard_q_reg[4][fu][0]/C","student_top_inst/Core_cpu/u_core_top/u_muldiv/u_div/U0/i_synth/i_has_input_skid.i_2to1/gen_has_z_tready.reg1_a_tdata_reg[3]/CE","setup"
2266,-0.272,5.000,4.699,0,"student_top_inst/cpu_rst_sync_reg/C","student_top_inst/Core_cpu/u_core_top/store_q_reg[2][wdata][24]/R","setup"
2267,-0.272,5.000,4.699,0,"student_top_inst/cpu_rst_sync_reg/C","student_top_inst/Core_cpu/u_core_top/store_q_reg[2][wdata][3]/R","setup"
2268,-0.272,5.000,4.694,0,"student_top_inst/cpu_rst_sync_reg/C","student_top_inst/Core_cpu/u_core_top/exec_q_reg[op2][23]/R","setup"
2269,-0.272,5.000,4.694,0,"student_top_inst/cpu_rst_sync_reg/C","student_top_inst/Core_cpu/u_core_top/exec_q_reg[op2][29]/R","setup"
2270,-0.272,5.000,4.519,0,"student_top_inst/cpu_rst_sync_reg/C","student_top_inst/Core_cpu/u_core_top/u_regfile/regs_q_reg[24][29]/R","setup"
2271,-0.271,5.000,4.905,6,"student_top_inst/Core_cpu/u_core_top/commit_ptr_q_reg[2]_rep/C","student_top_inst/Core_cpu/u_core_top/u_csr/mtvec_q_reg[23]/D","setup"
2272,-0.271,5.000,4.720,11,"student_top_inst/Core_cpu/u_core_top/scoreboard_q_reg[4][fu][0]/C","student_top_inst/Core_cpu/u_core_top/scoreboard_q_reg[2][pc][16]/CE","setup"
2273,-0.270,5.000,5.113,7,"student_top_inst/Core_cpu/u_core_top/u_dcache/g_data_bank[3].u_data_bank/mem_q_reg_0/CLKBWRCLK","student_top_inst/Core_cpu/u_core_top/scoreboard_q_reg[2][result][9]/D","setup"
2274,-0.270,5.000,4.671,0,"student_top_inst/cpu_rst_sync_reg/C","student_top_inst/Core_cpu/u_core_top/u_regfile/regs_q_reg[28][2]/R","setup"
2275,-0.270,5.000,4.671,0,"student_top_inst/cpu_rst_sync_reg/C","student_top_inst/Core_cpu/u_core_top/u_regfile/regs_q_reg[28][6]/R","setup"
2276,-0.270,5.000,4.507,0,"student_top_inst/cpu_rst_sync_reg/C","student_top_inst/Core_cpu/u_core_top/u_regfile/regs_q_reg[30][18]/R","setup"
2277,-0.270,5.000,4.670,0,"student_top_inst/cpu_rst_sync_reg/C","student_top_inst/Core_cpu/u_core_top/exec_q_reg[uop][rd][0]/R","setup"
2278,-0.269,5.000,5.058,0,"student_top_inst/Core_cpu/u_core_top/u_dmem_regslice/req_addr_q_reg[6]/C","student_top_inst/mem_bridge/dram_adapter/dram/U0/inst_blk_mem_gen/gnbram.gnativebmg.native_blk_mem_gen/valid.cstr/ramloop[54].ram.r/prim_init.ram/DEVICE_7SERIES.NO_BMM_INFO.SP.SIMPLE_PRIM36.ram/ADDRARDADDR[7]","setup"
2279,-0.269,5.000,4.671,0,"student_top_inst/cpu_rst_sync_reg/C","student_top_inst/Core_cpu/u_core_top/u_regfile/regs_q_reg[16][2]/R","setup"
2280,-0.269,5.000,4.671,0,"student_top_inst/cpu_rst_sync_reg/C","student_top_inst/Core_cpu/u_core_top/u_regfile/regs_q_reg[16][6]/R","setup"
2281,-0.269,5.000,5.132,7,"student_top_inst/Core_cpu/u_core_top/u_dcache/g_data_bank[3].u_data_bank/mem_q_reg_0/CLKBWRCLK","student_top_inst/Core_cpu/u_core_top/scoreboard_q_reg[5][csr_src][7]/D","setup"
2282,-0.268,5.000,5.132,5,"student_top_inst/Core_cpu/u_core_top/u_dcache/g_data_bank[3].u_data_bank/mem_q_reg_0/CLKBWRCLK","student_top_inst/Core_cpu/u_core_top/scoreboard_q_reg[2][csr_src][6]/D","setup"
2283,-0.268,5.000,4.690,0,"student_top_inst/cpu_rst_sync_reg/C","student_top_inst/Core_cpu/u_core_top/exec_q_reg[op2][16]/R","setup"
2284,-0.268,5.000,4.690,0,"student_top_inst/cpu_rst_sync_reg/C","student_top_inst/Core_cpu/u_core_top/exec_q_reg[op2][22]/R","setup"
2285,-0.268,5.000,4.690,0,"student_top_inst/cpu_rst_sync_reg/C","student_top_inst/Core_cpu/u_core_top/exec_q_reg[trans_id][1]/R","setup"
2286,-0.268,5.000,5.053,0,"student_top_inst/Core_cpu/u_core_top/u_dmem_regslice/req_addr_q_reg[12]/C","student_top_inst/mem_bridge/dram_adapter/dram/U0/inst_blk_mem_gen/gnbram.gnativebmg.native_blk_mem_gen/valid.cstr/ramloop[54].ram.r/prim_init.ram/DEVICE_7SERIES.NO_BMM_INFO.SP.SIMPLE_PRIM36.ram/ADDRARDADDR[13]","setup"
2287,-0.268,5.000,4.669,0,"student_top_inst/cpu_rst_sync_reg/C","student_top_inst/Core_cpu/u_core_top/u_regfile/regs_q_reg[24][2]/R","setup"
2288,-0.268,5.000,4.669,0,"student_top_inst/cpu_rst_sync_reg/C","student_top_inst/Core_cpu/u_core_top/u_regfile/regs_q_reg[24][6]/R","setup"
2289,-0.268,5.000,4.718,11,"student_top_inst/Core_cpu/u_core_top/scoreboard_q_reg[4][fu][0]/C","student_top_inst/Core_cpu/u_core_top/scoreboard_q_reg[2][link_addr][10]/CE","setup"
2290,-0.268,5.000,4.718,11,"student_top_inst/Core_cpu/u_core_top/scoreboard_q_reg[4][fu][0]/C","student_top_inst/Core_cpu/u_core_top/scoreboard_q_reg[2][link_addr][11]/CE","setup"
2291,-0.268,5.000,4.718,11,"student_top_inst/Core_cpu/u_core_top/scoreboard_q_reg[4][fu][0]/C","student_top_inst/Core_cpu/u_core_top/scoreboard_q_reg[2][link_addr][9]/CE","setup"
2292,-0.268,5.000,4.718,11,"student_top_inst/Core_cpu/u_core_top/scoreboard_q_reg[4][fu][0]/C","student_top_inst/Core_cpu/u_core_top/scoreboard_q_reg[2][pc][2]/CE","setup"
2293,-0.268,5.000,4.718,11,"student_top_inst/Core_cpu/u_core_top/scoreboard_q_reg[4][fu][0]/C","student_top_inst/Core_cpu/u_core_top/scoreboard_q_reg[2][pc][8]/CE","setup"
2294,-0.268,5.000,4.892,6,"student_top_inst/Core_cpu/u_core_top/commit_ptr_q_reg[2]_rep/C","student_top_inst/Core_cpu/u_core_top/u_csr/mscratch_q_reg[31]/D","setup"
2295,-0.267,5.000,4.669,0,"student_top_inst/cpu_rst_sync_reg/C","student_top_inst/Core_cpu/u_core_top/u_regfile/regs_q_reg[18][2]/R","setup"
2296,-0.267,5.000,4.714,10,"student_top_inst/Core_cpu/u_core_top/scoreboard_q_reg[4][fu][0]/C","student_top_inst/Core_cpu/u_core_top/scoreboard_q_reg[1][csr_addr][10]/CE","setup"
2297,-0.267,5.000,4.714,10,"student_top_inst/Core_cpu/u_core_top/scoreboard_q_reg[4][fu][0]/C","student_top_inst/Core_cpu/u_core_top/scoreboard_q_reg[1][link_addr][26]/CE","setup"
2298,-0.266,5.000,4.712,10,"student_top_inst/Core_cpu/u_core_top/scoreboard_q_reg[4][fu][0]/C","student_top_inst/Core_cpu/u_core_top/id_uop_q_reg[exception_tval][21]/CE","setup"
2299,-0.266,5.000,4.712,10,"student_top_inst/Core_cpu/u_core_top/scoreboard_q_reg[4][fu][0]/C","student_top_inst/Core_cpu/u_core_top/id_uop_q_reg[rs1][1]/CE","setup"
2300,-0.266,5.000,4.712,10,"student_top_inst/Core_cpu/u_core_top/scoreboard_q_reg[4][fu][0]/C","student_top_inst/Core_cpu/u_core_top/id_uop_q_reg[rs1][3]/CE","setup"
2301,-0.266,5.000,4.712,10,"student_top_inst/Core_cpu/u_core_top/scoreboard_q_reg[4][fu][0]/C","student_top_inst/Core_cpu/u_core_top/id_uop_q_reg[rs1]_rep[1]/CE","setup"
2302,-0.266,5.000,4.712,10,"student_top_inst/Core_cpu/u_core_top/scoreboard_q_reg[4][fu][0]/C","student_top_inst/Core_cpu/u_core_top/id_uop_q_reg[rs1]_rep[2]/CE","setup"
2303,-0.266,5.000,4.712,10,"student_top_inst/Core_cpu/u_core_top/scoreboard_q_reg[4][fu][0]/C","student_top_inst/Core_cpu/u_core_top/id_uop_q_reg[rs2][1]/CE","setup"
2304,-0.266,5.000,4.712,10,"student_top_inst/Core_cpu/u_core_top/scoreboard_q_reg[4][fu][0]/C","student_top_inst/Core_cpu/u_core_top/id_uop_q_reg[rs2]_rep[3]/CE","setup"
2305,-0.266,5.000,4.712,10,"student_top_inst/Core_cpu/u_core_top/scoreboard_q_reg[4][fu][0]/C","student_top_inst/Core_cpu/u_core_top/id_uop_q_reg[rs2]_rep[4]/CE","setup"
2306,-0.266,5.000,4.681,0,"student_top_inst/cpu_rst_sync_reg/C","student_top_inst/Core_cpu/u_core_top/store_q_reg[1][addr][6]/R","setup"
2307,-0.266,5.000,4.681,0,"student_top_inst/cpu_rst_sync_reg/C","student_top_inst/Core_cpu/u_core_top/store_q_reg[1][addr][7]/R","setup"
2308,-0.266,5.000,4.908,6,"student_top_inst/Core_cpu/u_core_top/commit_ptr_q_reg[2]_rep/C","student_top_inst/Core_cpu/u_core_top/u_csr/mtvec_q_reg[28]/D","setup"
2309,-0.266,5.000,5.107,7,"student_top_inst/Core_cpu/u_core_top/u_dcache/g_data_bank[3].u_data_bank/mem_q_reg_0/CLKBWRCLK","student_top_inst/Core_cpu/u_core_top/scoreboard_q_reg[4][result][22]/D","setup"
2310,-0.266,5.000,4.734,11,"student_top_inst/Core_cpu/u_core_top/scoreboard_q_reg[4][fu][0]/C","student_top_inst/Core_cpu/u_core_top/scoreboard_q_reg[4][csr_addr][11]/CE","setup"
2311,-0.266,5.000,4.734,11,"student_top_inst/Core_cpu/u_core_top/scoreboard_q_reg[4][fu][0]/C","student_top_inst/Core_cpu/u_core_top/scoreboard_q_reg[4][is_return]/CE","setup"
2312,-0.266,5.000,4.734,11,"student_top_inst/Core_cpu/u_core_top/scoreboard_q_reg[4][fu][0]/C","student_top_inst/Core_cpu/u_core_top/scoreboard_q_reg[4][pc][28]/CE","setup"
2313,-0.265,5.000,4.959,11,"student_top_inst/Core_cpu/u_core_top/scoreboard_q_reg[4][fu][0]/C","student_top_inst/Core_cpu/u_core_top/scoreboard_q_reg[6][link_addr][22]/CE","setup"
2314,-0.265,5.000,4.959,11,"student_top_inst/Core_cpu/u_core_top/scoreboard_q_reg[4][fu][0]/C","student_top_inst/Core_cpu/u_core_top/scoreboard_q_reg[6][link_addr][4]/CE","setup"
2315,-0.265,5.000,4.959,11,"student_top_inst/Core_cpu/u_core_top/scoreboard_q_reg[4][fu][0]/C","student_top_inst/Core_cpu/u_core_top/scoreboard_q_reg[6][rd][0]/CE","setup"
2316,-0.265,5.000,4.959,11,"student_top_inst/Core_cpu/u_core_top/scoreboard_q_reg[4][fu][0]/C","student_top_inst/Core_cpu/u_core_top/scoreboard_q_reg[6][rd][1]/CE","setup"
2317,-0.265,5.000,4.959,11,"student_top_inst/Core_cpu/u_core_top/scoreboard_q_reg[4][fu][0]/C","student_top_inst/Core_cpu/u_core_top/scoreboard_q_reg[6][rd][3]/CE","setup"
2318,-0.265,5.000,4.959,11,"student_top_inst/Core_cpu/u_core_top/scoreboard_q_reg[4][fu][0]/C","student_top_inst/Core_cpu/u_core_top/scoreboard_q_reg[6][rd][4]/CE","setup"
2319,-0.265,5.000,4.959,11,"student_top_inst/Core_cpu/u_core_top/scoreboard_q_reg[4][fu][0]/C","student_top_inst/Core_cpu/u_core_top/scoreboard_q_reg[6][writes_rd]/CE","setup"
2320,-0.265,5.000,4.898,13,"student_top_inst/Core_cpu/u_core_top/scoreboard_q_reg[4][fu][0]/C","student_top_inst/Core_cpu/u_core_top/load_q_reg[1][forward_data][10]/CE","setup"
2321,-0.265,5.000,4.903,6,"student_top_inst/Core_cpu/u_core_top/commit_ptr_q_reg[2]_rep/C","student_top_inst/Core_cpu/u_core_top/u_csr/mscratch_q_reg[27]/D","setup"
2322,-0.265,5.000,5.107,7,"student_top_inst/Core_cpu/u_core_top/u_dcache/g_data_bank[3].u_data_bank/mem_q_reg_0/CLKBWRCLK","student_top_inst/Core_cpu/u_core_top/scoreboard_q_reg[4][result][31]/D","setup"
2323,-0.265,5.000,4.854,12,"student_top_inst/Core_cpu/u_core_top/scoreboard_q_reg[4][fu][0]/C","student_top_inst/Core_cpu/u_core_top/scoreboard_q_reg[5][csr_src][24]/R","setup"
2324,-0.265,5.000,4.854,12,"student_top_inst/Core_cpu/u_core_top/scoreboard_q_reg[4][fu][0]/C","student_top_inst/Core_cpu/u_core_top/scoreboard_q_reg[5][csr_src][29]/R","setup"
2325,-0.265,5.000,4.854,12,"student_top_inst/Core_cpu/u_core_top/scoreboard_q_reg[4][fu][0]/C","student_top_inst/Core_cpu/u_core_top/scoreboard_q_reg[5][csr_src][30]/R","setup"
2326,-0.264,5.000,4.713,12,"student_top_inst/Core_cpu/u_core_top/scoreboard_q_reg[4][fu][0]/C","student_top_inst/Core_cpu/u_core_top/scoreboard_q_reg[4][exception_cause][0]/CE","setup"
2327,-0.264,5.000,4.713,12,"student_top_inst/Core_cpu/u_core_top/scoreboard_q_reg[4][fu][0]/C","student_top_inst/Core_cpu/u_core_top/scoreboard_q_reg[4][exception_cause][1]/CE","setup"
2328,-0.264,5.000,4.713,12,"student_top_inst/Core_cpu/u_core_top/scoreboard_q_reg[4][fu][0]/C","student_top_inst/Core_cpu/u_core_top/scoreboard_q_reg[4][exception_tval][16]/CE","setup"
2329,-0.264,5.000,4.713,12,"student_top_inst/Core_cpu/u_core_top/scoreboard_q_reg[4][fu][0]/C","student_top_inst/Core_cpu/u_core_top/scoreboard_q_reg[4][exception_tval][27]/CE","setup"
2330,-0.264,5.000,4.710,11,"student_top_inst/Core_cpu/u_core_top/scoreboard_q_reg[4][fu][0]/C","student_top_inst/Core_cpu/u_core_top/scoreboard_q_reg[7][csr_addr][0]/CE","setup"
2331,-0.264,5.000,4.710,11,"student_top_inst/Core_cpu/u_core_top/scoreboard_q_reg[4][fu][0]/C","student_top_inst/Core_cpu/u_core_top/scoreboard_q_reg[7][csr_addr][10]/CE","setup"
2332,-0.264,5.000,4.710,11,"student_top_inst/Core_cpu/u_core_top/scoreboard_q_reg[4][fu][0]/C","student_top_inst/Core_cpu/u_core_top/scoreboard_q_reg[7][is_return]/CE","setup"
2333,-0.264,5.000,4.710,11,"student_top_inst/Core_cpu/u_core_top/scoreboard_q_reg[4][fu][0]/C","student_top_inst/Core_cpu/u_core_top/scoreboard_q_reg[7][pc][12]/CE","setup"
2334,-0.264,5.000,4.814,10,"student_top_inst/Core_cpu/u_core_top/scoreboard_q_reg[4][fu][0]/C","student_top_inst/Core_cpu/u_core_top/scoreboard_q_reg[5][result][0]/R","setup"
2335,-0.264,5.000,4.814,10,"student_top_inst/Core_cpu/u_core_top/scoreboard_q_reg[4][fu][0]/C","student_top_inst/Core_cpu/u_core_top/scoreboard_q_reg[5][result][14]/R","setup"
2336,-0.264,5.000,4.814,10,"student_top_inst/Core_cpu/u_core_top/scoreboard_q_reg[4][fu][0]/C","student_top_inst/Core_cpu/u_core_top/scoreboard_q_reg[5][result][6]/R","setup"
2337,-0.264,5.000,4.709,11,"student_top_inst/Core_cpu/u_core_top/scoreboard_q_reg[4][fu][0]/C","student_top_inst/Core_cpu/u_core_top/exec_q_reg[op1][0]/CE","setup"
2338,-0.264,5.000,4.709,11,"student_top_inst/Core_cpu/u_core_top/scoreboard_q_reg[4][fu][0]/C","student_top_inst/Core_cpu/u_core_top/exec_q_reg[uop][pc][27]/CE","setup"
2339,-0.264,5.000,4.709,11,"student_top_inst/Core_cpu/u_core_top/scoreboard_q_reg[4][fu][0]/C","student_top_inst/Core_cpu/u_core_top/exec_q_reg[uop][pred_next_pc][25]/CE","setup"
2340,-0.264,5.000,4.709,11,"student_top_inst/Core_cpu/u_core_top/scoreboard_q_reg[4][fu][0]/C","student_top_inst/Core_cpu/u_core_top/exec_q_reg[uop][pred_next_pc][28]/CE","setup"
2341,-0.264,5.000,4.709,11,"student_top_inst/Core_cpu/u_core_top/scoreboard_q_reg[4][fu][0]/C","student_top_inst/Core_cpu/u_core_top/exec_q_reg[uop][pred_next_pc][30]/CE","setup"
2342,-0.264,5.000,4.709,11,"student_top_inst/Core_cpu/u_core_top/scoreboard_q_reg[4][fu][0]/C","student_top_inst/Core_cpu/u_core_top/exec_q_reg[uop][pred_next_pc][31]/CE","setup"
2343,-0.264,5.000,4.709,11,"student_top_inst/Core_cpu/u_core_top/scoreboard_q_reg[4][fu][0]/C","student_top_inst/Core_cpu/u_core_top/exec_q_reg[uop][pred_next_pc][8]/CE","setup"
2344,-0.264,5.000,4.709,11,"student_top_inst/Core_cpu/u_core_top/scoreboard_q_reg[4][fu][0]/C","student_top_inst/Core_cpu/u_core_top/exec_q_reg[uop][rd][3]/CE","setup"
2345,-0.264,5.000,4.971,7,"student_top_inst/Core_cpu/u_core_top/commit_ptr_q_reg[2]_rep/C","student_top_inst/Core_cpu/u_core_top/u_csr/mstatus_q_reg[20]/D","setup"
2346,-0.263,5.000,4.665,0,"student_top_inst/cpu_rst_sync_reg/C","student_top_inst/Core_cpu/u_core_top/u_regfile/regs_q_reg[15][2]/R","setup"
2347,-0.263,5.000,4.665,0,"student_top_inst/cpu_rst_sync_reg/C","student_top_inst/Core_cpu/u_core_top/u_regfile/regs_q_reg[15][5]/R","setup"
2348,-0.263,5.000,4.788,10,"student_top_inst/Core_cpu/u_core_top/scoreboard_q_reg[4][fu][0]/C","student_top_inst/Core_cpu/u_core_top/scoreboard_q_reg[5][result][15]/R","setup"
2349,-0.263,5.000,4.788,10,"student_top_inst/Core_cpu/u_core_top/scoreboard_q_reg[4][fu][0]/C","student_top_inst/Core_cpu/u_core_top/scoreboard_q_reg[5][result][19]/R","setup"
2350,-0.263,5.000,4.788,10,"student_top_inst/Core_cpu/u_core_top/scoreboard_q_reg[4][fu][0]/C","student_top_inst/Core_cpu/u_core_top/scoreboard_q_reg[5][result][8]/R","setup"
2351,-0.263,5.000,5.134,7,"student_top_inst/Core_cpu/u_core_top/u_dcache/g_data_bank[1].u_data_bank/mem_q_reg_1/CLKBWRCLK","student_top_inst/Core_cpu/u_core_top/exec_q_reg[op2][25]/D","setup"
2352,-0.263,5.000,4.500,0,"student_top_inst/cpu_rst_sync_reg/C","student_top_inst/Core_cpu/u_core_top/u_regfile/regs_q_reg[14][18]/R","setup"
2353,-0.262,5.000,4.894,6,"student_top_inst/Core_cpu/u_core_top/commit_ptr_q_reg[2]_rep/C","student_top_inst/Core_cpu/u_core_top/u_csr/mscratch_q_reg[24]/D","setup"
2354,-0.262,5.000,5.126,7,"student_top_inst/Core_cpu/u_core_top/u_dcache/g_data_bank[3].u_data_bank/mem_q_reg_0/CLKBWRCLK","student_top_inst/Core_cpu/u_core_top/scoreboard_q_reg[4][csr_src][7]/D","setup"
2355,-0.262,5.000,4.722,11,"student_top_inst/Core_cpu/u_core_top/scoreboard_q_reg[4][fu][0]/C","student_top_inst/Core_cpu/u_core_top/scoreboard_q_reg[2][exception_tval][20]/CE","setup"
2356,-0.262,5.000,4.722,11,"student_top_inst/Core_cpu/u_core_top/scoreboard_q_reg[4][fu][0]/C","student_top_inst/Core_cpu/u_core_top/scoreboard_q_reg[2][exception_tval][21]/CE","setup"
2357,-0.262,5.000,4.722,11,"student_top_inst/Core_cpu/u_core_top/scoreboard_q_reg[4][fu][0]/C","student_top_inst/Core_cpu/u_core_top/scoreboard_q_reg[2][exception_tval][4]/CE","setup"
2358,-0.262,5.000,4.722,11,"student_top_inst/Core_cpu/u_core_top/scoreboard_q_reg[4][fu][0]/C","student_top_inst/Core_cpu/u_core_top/scoreboard_q_reg[2][exception_tval][5]/CE","setup"
2359,-0.262,5.000,4.956,12,"student_top_inst/Core_cpu/u_core_top/scoreboard_q_reg[4][fu][0]/C","student_top_inst/Core_cpu/u_core_top/producer_valid_q_reg[7]/D","setup"
2360,-0.262,5.000,4.952,12,"student_top_inst/Core_cpu/u_core_top/scoreboard_q_reg[4][fu][0]/C","student_top_inst/Core_cpu/u_core_top/producer_valid_q_reg[31]/D","setup"
2361,-0.262,5.000,5.106,7,"student_top_inst/Core_cpu/u_core_top/u_dcache/g_data_bank[3].u_data_bank/mem_q_reg_0/CLKBWRCLK","student_top_inst/Core_cpu/u_core_top/scoreboard_q_reg[3][result][13]/D","setup"
2362,-0.262,5.000,4.493,0,"student_top_inst/cpu_rst_sync_reg/C","student_top_inst/Core_cpu/u_core_top/u_regfile/regs_q_reg[11][20]/R","setup"
2363,-0.262,5.000,4.493,0,"student_top_inst/cpu_rst_sync_reg/C","student_top_inst/Core_cpu/u_core_top/u_regfile/regs_q_reg[11][25]/R","setup"
2364,-0.262,5.000,5.128,7,"student_top_inst/Core_cpu/u_core_top/u_dcache/g_data_bank[3].u_data_bank/mem_q_reg_0/CLKBWRCLK","student_top_inst/Core_cpu/u_core_top/scoreboard_q_reg[1][csr_src][20]/D","setup"
2365,-0.261,5.000,5.044,0,"student_top_inst/Core_cpu/u_core_top/u_dmem_regslice/req_addr_q_reg[5]/C","student_top_inst/mem_bridge/dram_adapter/dram/U0/inst_blk_mem_gen/gnbram.gnativebmg.native_blk_mem_gen/valid.cstr/ramloop[53].ram.r/prim_init.ram/DEVICE_7SERIES.NO_BMM_INFO.SP.SIMPLE_PRIM36.ram/ADDRARDADDR[6]","setup"
2366,-0.261,5.000,4.889,13,"student_top_inst/Core_cpu/u_core_top/scoreboard_q_reg[4][fu][0]/C","student_top_inst/Core_cpu/u_core_top/load_q_reg[1][forward_data][19]/CE","setup"
2367,-0.261,5.000,4.889,13,"student_top_inst/Core_cpu/u_core_top/scoreboard_q_reg[4][fu][0]/C","student_top_inst/Core_cpu/u_core_top/load_q_reg[1][forward_data][21]/CE","setup"
2368,-0.261,5.000,4.889,13,"student_top_inst/Core_cpu/u_core_top/scoreboard_q_reg[4][fu][0]/C","student_top_inst/Core_cpu/u_core_top/load_q_reg[1][forward_data][24]/CE","setup"
2369,-0.261,5.000,5.103,7,"student_top_inst/Core_cpu/u_core_top/u_dcache/g_data_bank[3].u_data_bank/mem_q_reg_0/CLKBWRCLK","student_top_inst/Core_cpu/u_core_top/scoreboard_q_reg[7][result][22]/D","setup"
2370,-0.261,5.000,5.110,7,"student_top_inst/Core_cpu/u_core_top/u_dcache/g_data_bank[3].u_data_bank/mem_q_reg_0/CLKBWRCLK","student_top_inst/Core_cpu/u_core_top/scoreboard_q_reg[6][csr_src][23]/D","setup"
2371,-0.261,5.000,4.660,0,"student_top_inst/cpu_rst_sync_reg/C","student_top_inst/Core_cpu/u_core_top/store_q_reg[1][wstrb][1]/R","setup"
2372,-0.261,5.000,5.142,11,"student_top_inst/Core_cpu/u_core_top/store_head_q_reg[1]/C","student_top_inst/Core_cpu/u_core_top/load_q_reg[0][forward_data][12]/D","setup"
2373,-0.261,5.000,4.871,12,"student_top_inst/Core_cpu/u_core_top/scoreboard_q_reg[4][fu][0]/C","student_top_inst/Core_cpu/u_core_top/scoreboard_q_reg[4][csr_src][11]/R","setup"
2374,-0.261,5.000,4.871,12,"student_top_inst/Core_cpu/u_core_top/scoreboard_q_reg[4][fu][0]/C","student_top_inst/Core_cpu/u_core_top/scoreboard_q_reg[4][csr_src][13]/R","setup"
2375,-0.261,5.000,4.871,12,"student_top_inst/Core_cpu/u_core_top/scoreboard_q_reg[4][fu][0]/C","student_top_inst/Core_cpu/u_core_top/scoreboard_q_reg[4][csr_src][14]/R","setup"
2376,-0.261,5.000,4.871,12,"student_top_inst/Core_cpu/u_core_top/scoreboard_q_reg[4][fu][0]/C","student_top_inst/Core_cpu/u_core_top/scoreboard_q_reg[4][csr_src][18]/R","setup"
2377,-0.261,5.000,4.871,12,"student_top_inst/Core_cpu/u_core_top/scoreboard_q_reg[4][fu][0]/C","student_top_inst/Core_cpu/u_core_top/scoreboard_q_reg[4][csr_src][7]/R","setup"
2378,-0.261,5.000,5.104,7,"student_top_inst/Core_cpu/u_core_top/u_dcache/g_data_bank[3].u_data_bank/mem_q_reg_0/CLKBWRCLK","student_top_inst/Core_cpu/u_core_top/exec_q_reg[op2][17]/D","setup"
2379,-0.260,5.000,5.106,7,"student_top_inst/Core_cpu/u_core_top/u_dcache/g_data_bank[3].u_data_bank/mem_q_reg_0/CLKBWRCLK","student_top_inst/Core_cpu/u_core_top/exec_q_reg[op2][19]/D","setup"
2380,-0.260,5.000,5.106,7,"student_top_inst/Core_cpu/u_core_top/u_dcache/g_data_bank[3].u_data_bank/mem_q_reg_0/CLKBWRCLK","student_top_inst/Core_cpu/u_core_top/scoreboard_q_reg[1][result][13]/D","setup"
2381,-0.260,5.000,5.095,6,"student_top_inst/Core_cpu/u_core_top/u_dcache/g_data_bank[1].u_data_bank/mem_q_reg_1/CLKBWRCLK","student_top_inst/Core_cpu/u_core_top/scoreboard_q_reg[3][result][19]/D","setup"
2382,-0.260,5.000,4.953,12,"student_top_inst/Core_cpu/u_core_top/scoreboard_q_reg[4][fu][0]/C","student_top_inst/Core_cpu/u_core_top/producer_valid_q_reg[1]/D","setup"
2383,-0.260,5.000,5.100,7,"student_top_inst/Core_cpu/u_core_top/u_dcache/g_data_bank[3].u_data_bank/mem_q_reg_0/CLKBWRCLK","student_top_inst/Core_cpu/u_core_top/scoreboard_q_reg[7][csr_src][23]/D","setup"
2384,-0.259,5.000,4.705,11,"student_top_inst/Core_cpu/u_core_top/scoreboard_q_reg[4][fu][0]/C","student_top_inst/Core_cpu/u_core_top/scoreboard_q_reg[7][csr_addr][11]/CE","setup"
2385,-0.259,5.000,4.705,11,"student_top_inst/Core_cpu/u_core_top/scoreboard_q_reg[4][fu][0]/C","student_top_inst/Core_cpu/u_core_top/scoreboard_q_reg[7][csr_addr][3]/CE","setup"
2386,-0.259,5.000,4.953,12,"student_top_inst/Core_cpu/u_core_top/scoreboard_q_reg[4][fu][0]/C","student_top_inst/Core_cpu/u_core_top/producer_valid_q_reg[2]/D","setup"
2387,-0.259,5.000,4.722,9,"student_top_inst/Core_cpu/u_core_top/scoreboard_q_reg[4][fu][0]/C","student_top_inst/Core_cpu/u_core_top/u_muldiv/u_div/U0/i_synth/i_has_input_skid.i_2to1/gen_has_z_tready.reg1_a_tdata_reg[13]/CE","setup"
2388,-0.259,5.000,4.722,9,"student_top_inst/Core_cpu/u_core_top/scoreboard_q_reg[4][fu][0]/C","student_top_inst/Core_cpu/u_core_top/u_muldiv/u_div/U0/i_synth/i_has_input_skid.i_2to1/gen_has_z_tready.reg1_a_tdata_reg[14]/CE","setup"
2389,-0.259,5.000,4.722,9,"student_top_inst/Core_cpu/u_core_top/scoreboard_q_reg[4][fu][0]/C","student_top_inst/Core_cpu/u_core_top/u_muldiv/u_div/U0/i_synth/i_has_input_skid.i_2to1/gen_has_z_tready.reg1_a_tdata_reg[15]/CE","setup"
2390,-0.259,5.000,4.967,7,"student_top_inst/Core_cpu/u_core_top/commit_ptr_q_reg[2]_rep/C","student_top_inst/Core_cpu/u_core_top/u_csr/mtval_q_reg[3]/D","setup"
2391,-0.259,5.000,4.971,11,"student_top_inst/Core_cpu/u_core_top/scoreboard_q_reg[4][fu][0]/C","student_top_inst/Core_cpu/u_core_top/exec_mem_addr_q_reg[10]/CE","setup"
2392,-0.259,5.000,4.971,11,"student_top_inst/Core_cpu/u_core_top/scoreboard_q_reg[4][fu][0]/C","student_top_inst/Core_cpu/u_core_top/exec_mem_addr_q_reg[11]/CE","setup"
2393,-0.259,5.000,4.971,11,"student_top_inst/Core_cpu/u_core_top/scoreboard_q_reg[4][fu][0]/C","student_top_inst/Core_cpu/u_core_top/exec_mem_addr_q_reg[8]/CE","setup"
2394,-0.259,5.000,4.971,11,"student_top_inst/Core_cpu/u_core_top/scoreboard_q_reg[4][fu][0]/C","student_top_inst/Core_cpu/u_core_top/exec_mem_addr_q_reg[9]/CE","setup"
2395,-0.259,5.000,4.970,11,"student_top_inst/Core_cpu/u_core_top/scoreboard_q_reg[4][fu][0]/C","student_top_inst/Core_cpu/u_core_top/exec_mem_addr_q_reg[0]/CE","setup"
2396,-0.259,5.000,4.970,11,"student_top_inst/Core_cpu/u_core_top/scoreboard_q_reg[4][fu][0]/C","student_top_inst/Core_cpu/u_core_top/exec_mem_addr_q_reg[1]/CE","setup"
2397,-0.259,5.000,4.970,11,"student_top_inst/Core_cpu/u_core_top/scoreboard_q_reg[4][fu][0]/C","student_top_inst/Core_cpu/u_core_top/exec_mem_addr_q_reg[2]/CE","setup"
2398,-0.259,5.000,4.970,11,"student_top_inst/Core_cpu/u_core_top/scoreboard_q_reg[4][fu][0]/C","student_top_inst/Core_cpu/u_core_top/exec_mem_addr_q_reg[3]/CE","setup"
2399,-0.259,5.000,4.875,6,"student_top_inst/Core_cpu/u_core_top/commit_ptr_q_reg[2]_rep/C","student_top_inst/Core_cpu/u_core_top/u_csr/mcause_q_reg[17]/D","setup"
2400,-0.258,5.000,4.684,0,"student_top_inst/cpu_rst_sync_reg/C","student_top_inst/Core_cpu/u_core_top/store_q_reg[0][wdata][28]/R","setup"
2401,-0.258,5.000,4.959,6,"student_top_inst/Core_cpu/u_core_top/commit_ptr_q_reg[2]_rep/C","student_top_inst/Core_cpu/u_core_top/wb_data_q_reg[28]/D","setup"
2402,-0.258,5.000,5.115,6,"student_top_inst/Core_cpu/u_core_top/u_dcache/g_data_bank[1].u_data_bank/mem_q_reg_1/CLKBWRCLK","student_top_inst/Core_cpu/u_core_top/exec_q_reg[op1][19]/D","setup"
2403,-0.258,5.000,5.106,6,"student_top_inst/Core_cpu/u_core_top/u_dcache/g_data_bank[1].u_data_bank/mem_q_reg_1/CLKBWRCLK","student_top_inst/Core_cpu/u_core_top/scoreboard_q_reg[4][csr_src][27]/D","setup"
2404,-0.257,5.000,4.706,10,"student_top_inst/Core_cpu/u_core_top/scoreboard_q_reg[4][fu][0]/C","student_top_inst/Core_cpu/u_core_top/scoreboard_q_reg[3][link_addr][24]/CE","setup"
2405,-0.257,5.000,4.706,10,"student_top_inst/Core_cpu/u_core_top/scoreboard_q_reg[4][fu][0]/C","student_top_inst/Core_cpu/u_core_top/scoreboard_q_reg[3][pc][5]/CE","setup"
2406,-0.257,5.000,4.706,10,"student_top_inst/Core_cpu/u_core_top/scoreboard_q_reg[4][fu][0]/C","student_top_inst/Core_cpu/u_core_top/scoreboard_q_reg[3][pc][7]/CE","setup"
2407,-0.257,5.000,4.500,0,"student_top_inst/cpu_rst_sync_reg/C","student_top_inst/Core_cpu/u_core_top/u_regfile/regs_q_reg[9][27]/R","setup"
2408,-0.257,5.000,4.500,0,"student_top_inst/cpu_rst_sync_reg/C","student_top_inst/Core_cpu/u_core_top/u_regfile/regs_q_reg[9][30]/R","setup"
2409,-0.257,5.000,4.950,12,"student_top_inst/Core_cpu/u_core_top/scoreboard_q_reg[4][fu][0]/C","student_top_inst/Core_cpu/u_core_top/producer_valid_q_reg[30]/D","setup"
2410,-0.256,5.000,4.479,0,"student_top_inst/cpu_rst_sync_reg/C","student_top_inst/Core_cpu/u_core_top/u_regfile/regs_q_reg[4][29]/R","setup"
2411,-0.255,5.000,5.158,7,"student_top_inst/Core_cpu/u_core_top/u_dcache/g_data_bank[3].u_data_bank/mem_q_reg_0/CLKBWRCLK","student_top_inst/Core_cpu/u_core_top/scoreboard_q_reg[6][result][25]/D","setup"
2412,-0.255,5.000,4.944,11,"student_top_inst/Core_cpu/u_core_top/scoreboard_q_reg[4][fu][0]/C","student_top_inst/Core_cpu/u_core_top/exec_q_reg[op2][14]/CE","setup"
2413,-0.254,5.000,4.865,6,"student_top_inst/Core_cpu/u_core_top/commit_ptr_q_reg[2]_rep/C","student_top_inst/Core_cpu/u_core_top/u_csr/mcause_q_reg[24]/D","setup"
2414,-0.254,5.000,4.883,11,"student_top_inst/Core_cpu/u_core_top/scoreboard_q_reg[4][fu][0]/C","student_top_inst/Core_cpu/u_core_top/exec_q_reg[op2][12]/CE","setup"
2415,-0.254,5.000,5.220,8,"student_top_inst/Core_cpu/u_core_top/u_muldiv/b_q_reg[22]/C","student_top_inst/Core_cpu/u_core_top/exec_q_reg[op1][17]/D","setup"
2416,-0.254,5.000,4.839,11,"student_top_inst/Core_cpu/u_core_top/scoreboard_q_reg[4][fu][0]/C","student_top_inst/Core_cpu/u_core_top/scoreboard_q_reg[6][result][15]/R","setup"
2417,-0.254,5.000,4.839,11,"student_top_inst/Core_cpu/u_core_top/scoreboard_q_reg[4][fu][0]/C","student_top_inst/Core_cpu/u_core_top/scoreboard_q_reg[6][result][8]/R","setup"
2418,-0.254,5.000,5.138,11,"student_top_inst/Core_cpu/u_core_top/store_head_q_reg[0]/C","student_top_inst/Core_cpu/u_core_top/load_q_reg[0][forward_data][22]/D","setup"
2419,-0.254,5.000,4.711,11,"student_top_inst/Core_cpu/u_core_top/scoreboard_q_reg[4][fu][0]/C","student_top_inst/Core_cpu/u_core_top/exec_q_reg[uop][pc][3]/CE","setup"
2420,-0.254,5.000,4.711,11,"student_top_inst/Core_cpu/u_core_top/scoreboard_q_reg[4][fu][0]/C","student_top_inst/Core_cpu/u_core_top/exec_q_reg[uop][pc][4]/CE","setup"
2421,-0.254,5.000,4.711,11,"student_top_inst/Core_cpu/u_core_top/scoreboard_q_reg[4][fu][0]/C","student_top_inst/Core_cpu/u_core_top/exec_q_reg[uop][pc][5]/CE","setup"
2422,-0.254,5.000,4.711,11,"student_top_inst/Core_cpu/u_core_top/scoreboard_q_reg[4][fu][0]/C","student_top_inst/Core_cpu/u_core_top/exec_q_reg[uop][pred_next_pc][17]/CE","setup"
2423,-0.253,5.000,5.034,7,"student_top_inst/Core_cpu/u_core_top/exec_q_reg[op2][2]/C","student_top_inst/Core_cpu/u_core_top/scoreboard_q_reg[5][csr_src][26]/D","setup"
2424,-0.253,5.000,4.963,7,"student_top_inst/Core_cpu/u_core_top/commit_ptr_q_reg[2]_rep/C","student_top_inst/Core_cpu/u_core_top/u_csr/mepc_q_reg[5]/D","setup"
2425,-0.253,5.000,4.946,11,"student_top_inst/Core_cpu/u_core_top/scoreboard_q_reg[4][fu][0]/C","student_top_inst/Core_cpu/u_core_top/scoreboard_q_reg[6][csr_src][16]/CE","setup"
2426,-0.253,5.000,4.946,11,"student_top_inst/Core_cpu/u_core_top/scoreboard_q_reg[4][fu][0]/C","student_top_inst/Core_cpu/u_core_top/scoreboard_q_reg[6][csr_src][18]/CE","setup"
2427,-0.253,5.000,4.946,11,"student_top_inst/Core_cpu/u_core_top/scoreboard_q_reg[4][fu][0]/C","student_top_inst/Core_cpu/u_core_top/scoreboard_q_reg[6][csr_src][24]/CE","setup"
2428,-0.253,5.000,4.946,11,"student_top_inst/Core_cpu/u_core_top/scoreboard_q_reg[4][fu][0]/C","student_top_inst/Core_cpu/u_core_top/scoreboard_q_reg[6][csr_src][29]/CE","setup"
2429,-0.253,5.000,4.946,11,"student_top_inst/Core_cpu/u_core_top/scoreboard_q_reg[4][fu][0]/C","student_top_inst/Core_cpu/u_core_top/scoreboard_q_reg[6][csr_src][30]/CE","setup"
2430,-0.253,5.000,4.946,11,"student_top_inst/Core_cpu/u_core_top/scoreboard_q_reg[4][fu][0]/C","student_top_inst/Core_cpu/u_core_top/scoreboard_q_reg[6][csr_src][31]/CE","setup"
2431,-0.253,5.000,5.094,7,"student_top_inst/Core_cpu/u_core_top/u_dcache/g_data_bank[3].u_data_bank/mem_q_reg_0/CLKBWRCLK","student_top_inst/Core_cpu/u_core_top/scoreboard_q_reg[6][csr_src][20]/D","setup"
2432,-0.253,5.000,5.102,6,"student_top_inst/Core_cpu/u_core_top/u_dcache/g_data_bank[1].u_data_bank/mem_q_reg_1/CLKBWRCLK","student_top_inst/Core_cpu/u_core_top/scoreboard_q_reg[1][csr_src][5]/D","setup"
2433,-0.252,5.000,4.863,12,"student_top_inst/Core_cpu/u_core_top/scoreboard_q_reg[4][fu][0]/C","student_top_inst/Core_cpu/u_core_top/scoreboard_q_reg[5][csr_src][25]/R","setup"
2434,-0.252,5.000,4.863,12,"student_top_inst/Core_cpu/u_core_top/scoreboard_q_reg[4][fu][0]/C","student_top_inst/Core_cpu/u_core_top/scoreboard_q_reg[5][csr_src][27]/R","setup"
2435,-0.252,5.000,5.099,7,"student_top_inst/Core_cpu/u_core_top/u_dcache/g_data_bank[3].u_data_bank/mem_q_reg_0/CLKBWRCLK","student_top_inst/Core_cpu/u_core_top/scoreboard_q_reg[7][result][12]/D","setup"
2436,-0.252,5.000,4.479,0,"student_top_inst/cpu_rst_sync_reg/C","student_top_inst/Core_cpu/u_core_top/u_regfile/regs_q_reg[26][29]/R","setup"
2437,-0.251,5.000,4.879,13,"student_top_inst/Core_cpu/u_core_top/scoreboard_q_reg[4][fu][0]/C","student_top_inst/Core_cpu/u_core_top/load_q_reg[0][load_unsigned]/CE","setup"
2438,-0.251,5.000,4.874,13,"student_top_inst/Core_cpu/u_core_top/scoreboard_q_reg[4][fu][0]/C","student_top_inst/Core_cpu/u_core_top/load_q_reg[1][addr][13]/CE","setup"
2439,-0.251,5.000,4.874,13,"student_top_inst/Core_cpu/u_core_top/scoreboard_q_reg[4][fu][0]/C","student_top_inst/Core_cpu/u_core_top/load_q_reg[1][addr][14]/CE","setup"
2440,-0.251,5.000,4.874,13,"student_top_inst/Core_cpu/u_core_top/scoreboard_q_reg[4][fu][0]/C","student_top_inst/Core_cpu/u_core_top/load_q_reg[1][addr][26]/CE","setup"
2441,-0.251,5.000,4.874,13,"student_top_inst/Core_cpu/u_core_top/scoreboard_q_reg[4][fu][0]/C","student_top_inst/Core_cpu/u_core_top/load_q_reg[1][addr][27]/CE","setup"
2442,-0.251,5.000,4.874,13,"student_top_inst/Core_cpu/u_core_top/scoreboard_q_reg[4][fu][0]/C","student_top_inst/Core_cpu/u_core_top/load_q_reg[1][forward_data][2]/CE","setup"
2443,-0.251,5.000,4.874,13,"student_top_inst/Core_cpu/u_core_top/scoreboard_q_reg[4][fu][0]/C","student_top_inst/Core_cpu/u_core_top/load_q_reg[1][size][1]/CE","setup"
2444,-0.251,5.000,4.874,13,"student_top_inst/Core_cpu/u_core_top/scoreboard_q_reg[4][fu][0]/C","student_top_inst/Core_cpu/u_core_top/load_q_reg[1][trans_id][0]/CE","setup"
2445,-0.250,5.000,5.103,5,"student_top_inst/Core_cpu/u_core_top/u_dcache/g_data_bank[3].u_data_bank/mem_q_reg_0/CLKBWRCLK","student_top_inst/Core_cpu/u_core_top/scoreboard_q_reg[4][csr_src][6]/D","setup"
2446,-0.250,5.000,4.889,6,"student_top_inst/Core_cpu/u_core_top/commit_ptr_q_reg[2]_rep/C","student_top_inst/Core_cpu/u_core_top/u_csr/mtvec_q_reg[10]/D","setup"
2447,-0.250,5.000,4.515,9,"student_top_inst/Core_cpu/u_core_top/scoreboard_q_reg[4][fu][0]/C","student_top_inst/Core_cpu/u_core_top/u_dcache/g_data_bank[2].u_data_bank/mem_q_reg_1/ADDRARDADDR[13]","setup"
2448,-0.249,5.000,4.477,0,"student_top_inst/cpu_rst_sync_reg/C","student_top_inst/Core_cpu/u_core_top/u_regfile/regs_q_reg[30][29]/R","setup"
2449,-0.249,5.000,5.106,6,"student_top_inst/Core_cpu/u_core_top/u_dcache/g_data_bank[1].u_data_bank/mem_q_reg_1/CLKBWRCLK","student_top_inst/Core_cpu/u_core_top/scoreboard_q_reg[4][csr_src][5]/D","setup"
2450,-0.249,5.000,5.112,7,"student_top_inst/Core_cpu/u_core_top/u_dcache/g_data_bank[3].u_data_bank/mem_q_reg_0/CLKBWRCLK","student_top_inst/Core_cpu/u_core_top/scoreboard_q_reg[2][csr_src][22]/D","setup"
2451,-0.249,5.000,4.858,10,"student_top_inst/Core_cpu/u_core_top/load_head_q_reg[0]/C","student_top_inst/Core_cpu/u_core_top/u_dcache/lookup_addr_q_reg[20]/CE","setup"
2452,-0.249,5.000,4.858,10,"student_top_inst/Core_cpu/u_core_top/load_head_q_reg[0]/C","student_top_inst/Core_cpu/u_core_top/u_dcache/lookup_addr_q_reg[28]/CE","setup"
2453,-0.249,5.000,4.858,10,"student_top_inst/Core_cpu/u_core_top/load_head_q_reg[0]/C","student_top_inst/Core_cpu/u_core_top/u_dcache/lookup_index_q_reg[4]/CE","setup"
2454,-0.249,5.000,4.858,10,"student_top_inst/Core_cpu/u_core_top/load_head_q_reg[0]/C","student_top_inst/Core_cpu/u_core_top/u_dcache/lookup_store_data_q_reg[4]/CE","setup"
2455,-0.249,5.000,4.858,10,"student_top_inst/Core_cpu/u_core_top/load_head_q_reg[0]/C","student_top_inst/Core_cpu/u_core_top/u_dcache/lookup_store_data_q_reg[6]/CE","setup"
2456,-0.249,5.000,4.858,10,"student_top_inst/Core_cpu/u_core_top/load_head_q_reg[0]/C","student_top_inst/Core_cpu/u_core_top/u_dcache/lookup_store_data_q_reg[7]/CE","setup"
2457,-0.249,5.000,4.858,10,"student_top_inst/Core_cpu/u_core_top/load_head_q_reg[0]/C","student_top_inst/Core_cpu/u_core_top/u_dcache/lookup_tag_q_reg[28]/CE","setup"
2458,-0.249,5.000,4.858,10,"student_top_inst/Core_cpu/u_core_top/load_head_q_reg[0]/C","student_top_inst/Core_cpu/u_core_top/u_dcache/lookup_tag_q_reg[31]/CE","setup"
2459,-0.249,5.000,4.871,13,"student_top_inst/Core_cpu/u_core_top/scoreboard_q_reg[4][fu][0]/C","student_top_inst/Core_cpu/u_core_top/load_q_reg[1][addr][18]/CE","setup"
2460,-0.249,5.000,4.871,13,"student_top_inst/Core_cpu/u_core_top/scoreboard_q_reg[4][fu][0]/C","student_top_inst/Core_cpu/u_core_top/load_q_reg[1][addr][19]/CE","setup"
2461,-0.249,5.000,4.697,10,"student_top_inst/Core_cpu/u_core_top/scoreboard_q_reg[4][fu][0]/C","student_top_inst/Core_cpu/u_core_top/scoreboard_q_reg[1][csr_addr][7]/CE","setup"
2462,-0.249,5.000,4.697,10,"student_top_inst/Core_cpu/u_core_top/scoreboard_q_reg[4][fu][0]/C","student_top_inst/Core_cpu/u_core_top/scoreboard_q_reg[1][csr_addr][8]/CE","setup"
2463,-0.249,5.000,4.697,10,"student_top_inst/Core_cpu/u_core_top/scoreboard_q_reg[4][fu][0]/C","student_top_inst/Core_cpu/u_core_top/scoreboard_q_reg[1][link_addr][25]/CE","setup"
2464,-0.249,5.000,4.697,10,"student_top_inst/Core_cpu/u_core_top/scoreboard_q_reg[4][fu][0]/C","student_top_inst/Core_cpu/u_core_top/scoreboard_q_reg[1][link_addr][29]/CE","setup"
2465,-0.249,5.000,4.697,10,"student_top_inst/Core_cpu/u_core_top/scoreboard_q_reg[4][fu][0]/C","student_top_inst/Core_cpu/u_core_top/scoreboard_q_reg[1][pc][14]/CE","setup"
2466,-0.248,5.000,5.109,7,"student_top_inst/Core_cpu/u_core_top/u_dcache/g_data_bank[3].u_data_bank/mem_q_reg_0/CLKBWRCLK","student_top_inst/Core_cpu/u_core_top/scoreboard_q_reg[6][csr_src][29]/D","setup"
2467,-0.248,5.000,4.694,11,"student_top_inst/Core_cpu/u_core_top/scoreboard_q_reg[4][fu][0]/C","student_top_inst/Core_cpu/u_core_top/exec_q_reg[op1][3]/CE","setup"
2468,-0.248,5.000,4.694,11,"student_top_inst/Core_cpu/u_core_top/scoreboard_q_reg[4][fu][0]/C","student_top_inst/Core_cpu/u_core_top/exec_q_reg[uop][muldiv_op][2]/CE","setup"
2469,-0.248,5.000,4.694,11,"student_top_inst/Core_cpu/u_core_top/scoreboard_q_reg[4][fu][0]/C","student_top_inst/Core_cpu/u_core_top/exec_q_reg[uop][pc][21]/CE","setup"
2470,-0.248,5.000,4.694,11,"student_top_inst/Core_cpu/u_core_top/scoreboard_q_reg[4][fu][0]/C","student_top_inst/Core_cpu/u_core_top/exec_q_reg[uop][pc][26]/CE","setup"
2471,-0.248,5.000,4.694,11,"student_top_inst/Core_cpu/u_core_top/scoreboard_q_reg[4][fu][0]/C","student_top_inst/Core_cpu/u_core_top/exec_q_reg[uop][pc][30]/CE","setup"
2472,-0.248,5.000,4.694,11,"student_top_inst/Core_cpu/u_core_top/scoreboard_q_reg[4][fu][0]/C","student_top_inst/Core_cpu/u_core_top/exec_q_reg[uop][pc][7]/CE","setup"
2473,-0.248,5.000,4.694,11,"student_top_inst/Core_cpu/u_core_top/scoreboard_q_reg[4][fu][0]/C","student_top_inst/Core_cpu/u_core_top/exec_q_reg[uop][pred_next_pc][13]/CE","setup"
2474,-0.248,5.000,4.694,11,"student_top_inst/Core_cpu/u_core_top/scoreboard_q_reg[4][fu][0]/C","student_top_inst/Core_cpu/u_core_top/exec_q_reg[uop][pred_next_pc][3]/CE","setup"
2475,-0.247,5.000,5.092,7,"student_top_inst/Core_cpu/u_core_top/u_dcache/g_data_bank[3].u_data_bank/mem_q_reg_0/CLKBWRCLK","student_top_inst/Core_cpu/u_core_top/scoreboard_q_reg[2][result][23]/D","setup"
2476,-0.247,5.000,4.692,9,"student_top_inst/Core_cpu/u_core_top/scoreboard_q_reg[4][fu][0]/C","student_top_inst/Core_cpu/u_core_top/u_muldiv/u_div/U0/i_synth/i_has_input_skid.i_2to1/gen_has_z_tready.reg1_b_tdata_reg[20]/CE","setup"
2477,-0.247,5.000,4.692,9,"student_top_inst/Core_cpu/u_core_top/scoreboard_q_reg[4][fu][0]/C","student_top_inst/Core_cpu/u_core_top/u_muldiv/u_div/U0/i_synth/i_has_input_skid.i_2to1/gen_has_z_tready.reg1_b_tdata_reg[21]/CE","setup"
2478,-0.247,5.000,4.692,9,"student_top_inst/Core_cpu/u_core_top/scoreboard_q_reg[4][fu][0]/C","student_top_inst/Core_cpu/u_core_top/u_muldiv/u_div/U0/i_synth/i_has_input_skid.i_2to1/gen_has_z_tready.reg1_b_tdata_reg[23]/CE","setup"
2479,-0.247,5.000,4.692,9,"student_top_inst/Core_cpu/u_core_top/scoreboard_q_reg[4][fu][0]/C","student_top_inst/Core_cpu/u_core_top/u_muldiv/u_div/U0/i_synth/i_has_input_skid.i_2to1/gen_has_z_tready.reg1_b_tdata_reg[26]/CE","setup"
2480,-0.247,5.000,4.692,9,"student_top_inst/Core_cpu/u_core_top/scoreboard_q_reg[4][fu][0]/C","student_top_inst/Core_cpu/u_core_top/u_muldiv/u_div/U0/i_synth/i_has_input_skid.i_2to1/gen_has_z_tready.reg1_b_tdata_reg[27]/CE","setup"
2481,-0.247,5.000,4.507,0,"student_top_inst/cpu_rst_sync_reg/C","student_top_inst/Core_cpu/u_core_top/u_regfile/regs_q_reg[18][18]/R","setup"
2482,-0.247,5.000,4.670,0,"student_top_inst/cpu_rst_sync_reg/C","student_top_inst/Core_cpu/u_core_top/u_muldiv/is_div_q_reg/R","setup"
2483,-0.247,5.000,4.670,0,"student_top_inst/cpu_rst_sync_reg/C","student_top_inst/Core_cpu/u_core_top/u_muldiv/tid_q_reg[0]/R","setup"
2484,-0.247,5.000,4.670,0,"student_top_inst/cpu_rst_sync_reg/C","student_top_inst/Core_cpu/u_core_top/u_muldiv/tid_q_reg[2]/R","setup"
2485,-0.247,5.000,4.472,0,"student_top_inst/cpu_rst_sync_reg/C","student_top_inst/Core_cpu/u_core_top/u_regfile/regs_q_reg[23][29]/R","setup"
2486,-0.246,5.000,4.716,11,"student_top_inst/Core_cpu/u_core_top/scoreboard_q_reg[4][fu][0]/C","student_top_inst/Core_cpu/u_core_top/scoreboard_q_reg[2][link_addr][24]/CE","setup"
2487,-0.246,5.000,4.716,11,"student_top_inst/Core_cpu/u_core_top/scoreboard_q_reg[4][fu][0]/C","student_top_inst/Core_cpu/u_core_top/scoreboard_q_reg[2][pc][18]/CE","setup"
2488,-0.246,5.000,4.716,11,"student_top_inst/Core_cpu/u_core_top/scoreboard_q_reg[4][fu][0]/C","student_top_inst/Core_cpu/u_core_top/scoreboard_q_reg[2][pc][19]/CE","setup"
2489,-0.246,5.000,4.716,11,"student_top_inst/Core_cpu/u_core_top/scoreboard_q_reg[4][fu][0]/C","student_top_inst/Core_cpu/u_core_top/scoreboard_q_reg[2][pc][22]/CE","setup"
2490,-0.246,5.000,4.936,8,"student_top_inst/Core_cpu/u_core_top/id_uop_q_reg[rs1][1]/C","student_top_inst/Core_cpu/u_core_top/scoreboard_q_reg[1][csr_src][17]/R","setup"
2491,-0.246,5.000,4.936,8,"student_top_inst/Core_cpu/u_core_top/id_uop_q_reg[rs1][1]/C","student_top_inst/Core_cpu/u_core_top/scoreboard_q_reg[1][csr_src][21]/R","setup"
2492,-0.246,5.000,4.936,8,"student_top_inst/Core_cpu/u_core_top/id_uop_q_reg[rs1][1]/C","student_top_inst/Core_cpu/u_core_top/scoreboard_q_reg[1][csr_src][22]/R","setup"
2493,-0.246,5.000,4.936,8,"student_top_inst/Core_cpu/u_core_top/id_uop_q_reg[rs1][1]/C","student_top_inst/Core_cpu/u_core_top/scoreboard_q_reg[1][csr_src][24]/R","setup"
2494,-0.246,5.000,4.936,8,"student_top_inst/Core_cpu/u_core_top/id_uop_q_reg[rs1][1]/C","student_top_inst/Core_cpu/u_core_top/scoreboard_q_reg[1][csr_src][25]/R","setup"
2495,-0.246,5.000,4.936,8,"student_top_inst/Core_cpu/u_core_top/id_uop_q_reg[rs1][1]/C","student_top_inst/Core_cpu/u_core_top/scoreboard_q_reg[1][csr_src][27]/R","setup"
2496,-0.246,5.000,4.936,8,"student_top_inst/Core_cpu/u_core_top/id_uop_q_reg[rs1][1]/C","student_top_inst/Core_cpu/u_core_top/scoreboard_q_reg[1][csr_src][28]/R","setup"
2497,-0.246,5.000,4.936,8,"student_top_inst/Core_cpu/u_core_top/id_uop_q_reg[rs1][1]/C","student_top_inst/Core_cpu/u_core_top/scoreboard_q_reg[1][csr_src][29]/R","setup"
2498,-0.246,5.000,5.085,7,"student_top_inst/Core_cpu/u_core_top/u_dcache/g_data_bank[3].u_data_bank/mem_q_reg_0/CLKBWRCLK","student_top_inst/Core_cpu/u_core_top/scoreboard_q_reg[6][csr_src][11]/D","setup"
2499,-0.245,5.000,5.087,7,"student_top_inst/Core_cpu/u_core_top/u_dcache/g_data_bank[3].u_data_bank/mem_q_reg_0/CLKBWRCLK","student_top_inst/Core_cpu/u_core_top/scoreboard_q_reg[5][result][18]/D","setup"
2500,-0.245,5.000,4.875,13,"student_top_inst/Core_cpu/u_core_top/scoreboard_q_reg[4][fu][0]/C","student_top_inst/Core_cpu/u_core_top/load_q_reg[0][forward_data][16]/CE","setup"
2501,-0.245,5.000,4.875,13,"student_top_inst/Core_cpu/u_core_top/scoreboard_q_reg[4][fu][0]/C","student_top_inst/Core_cpu/u_core_top/load_q_reg[0][forward_data][19]/CE","setup"
2502,-0.245,5.000,4.875,13,"student_top_inst/Core_cpu/u_core_top/scoreboard_q_reg[4][fu][0]/C","student_top_inst/Core_cpu/u_core_top/load_q_reg[0][forward_data][20]/CE","setup"
2503,-0.245,5.000,4.875,13,"student_top_inst/Core_cpu/u_core_top/scoreboard_q_reg[4][fu][0]/C","student_top_inst/Core_cpu/u_core_top/load_q_reg[0][forward_data][23]/CE","setup"
2504,-0.245,5.000,4.875,13,"student_top_inst/Core_cpu/u_core_top/scoreboard_q_reg[4][fu][0]/C","student_top_inst/Core_cpu/u_core_top/load_q_reg[0][forward_data][25]/CE","setup"
2505,-0.245,5.000,4.875,13,"student_top_inst/Core_cpu/u_core_top/scoreboard_q_reg[4][fu][0]/C","student_top_inst/Core_cpu/u_core_top/load_q_reg[0][forward_data][30]/CE","setup"
2506,-0.245,5.000,4.875,13,"student_top_inst/Core_cpu/u_core_top/scoreboard_q_reg[4][fu][0]/C","student_top_inst/Core_cpu/u_core_top/load_q_reg[0][forward_data][8]/CE","setup"
2507,-0.245,5.000,5.087,7,"student_top_inst/Core_cpu/u_core_top/u_dcache/g_data_bank[3].u_data_bank/mem_q_reg_0/CLKBWRCLK","student_top_inst/Core_cpu/u_core_top/scoreboard_q_reg[0][result][23]/D","setup"
2508,-0.245,5.000,5.025,0,"student_top_inst/Core_cpu/u_core_top/u_dmem_regslice/req_addr_q_reg[11]/C","student_top_inst/mem_bridge/dram_adapter/dram/U0/inst_blk_mem_gen/gnbram.gnativebmg.native_blk_mem_gen/valid.cstr/ramloop[53].ram.r/prim_init.ram/DEVICE_7SERIES.NO_BMM_INFO.SP.SIMPLE_PRIM36.ram/ADDRARDADDR[12]","setup"
2509,-0.245,5.000,4.978,7,"student_top_inst/Core_cpu/u_core_top/commit_ptr_q_reg[2]_rep/C","student_top_inst/Core_cpu/u_core_top/u_csr/mtval_q_reg[28]/D","setup"
2510,-0.245,5.000,4.691,11,"student_top_inst/Core_cpu/u_core_top/scoreboard_q_reg[4][fu][0]/C","student_top_inst/Core_cpu/u_core_top/scoreboard_q_reg[7][csr_addr][5]/CE","setup"
2511,-0.245,5.000,4.691,11,"student_top_inst/Core_cpu/u_core_top/scoreboard_q_reg[4][fu][0]/C","student_top_inst/Core_cpu/u_core_top/scoreboard_q_reg[7][csr_addr][8]/CE","setup"
2512,-0.245,5.000,4.691,11,"student_top_inst/Core_cpu/u_core_top/scoreboard_q_reg[4][fu][0]/C","student_top_inst/Core_cpu/u_core_top/scoreboard_q_reg[7][pc][14]/CE","setup"
2513,-0.245,5.000,4.691,11,"student_top_inst/Core_cpu/u_core_top/scoreboard_q_reg[4][fu][0]/C","student_top_inst/Core_cpu/u_core_top/scoreboard_q_reg[7][pc][19]/CE","setup"
2514,-0.244,5.000,4.949,7,"student_top_inst/Core_cpu/u_core_top/commit_ptr_q_reg[2]_rep/C","student_top_inst/Core_cpu/u_core_top/u_csr/mtval_q_reg[24]/D","setup"
2515,-0.244,5.000,4.775,10,"student_top_inst/Core_cpu/u_core_top/scoreboard_q_reg[4][fu][0]/C","student_top_inst/Core_cpu/u_core_top/scoreboard_q_reg[7][result][1]/R","setup"
2516,-0.244,5.000,4.775,10,"student_top_inst/Core_cpu/u_core_top/scoreboard_q_reg[4][fu][0]/C","student_top_inst/Core_cpu/u_core_top/scoreboard_q_reg[7][result][3]/R","setup"
2517,-0.244,5.000,5.076,7,"student_top_inst/Core_cpu/u_core_top/exec_q_reg[op2][4]/C","student_top_inst/Core_cpu/u_core_top/scoreboard_q_reg[0][csr_src][14]/D","setup"
2518,-0.244,5.000,5.000,0,"student_top_inst/mem_bridge/dram_adapter/read_valid_d1_reg/C","student_top_inst/mem_bridge/dram_adapter/dram/U0/inst_blk_mem_gen/gnbram.gnativebmg.native_blk_mem_gen/valid.cstr/ramloop[31].ram.r/prim_init.ram/DEVICE_7SERIES.NO_BMM_INFO.SP.SIMPLE_PRIM36.ram/REGCEAREGCE","setup"
2519,-0.243,5.000,4.854,11,"student_top_inst/Core_cpu/u_core_top/scoreboard_q_reg[4][fu][0]/C","student_top_inst/Core_cpu/u_core_top/scoreboard_q_reg[6][result][16]/R","setup"
2520,-0.243,5.000,4.854,11,"student_top_inst/Core_cpu/u_core_top/scoreboard_q_reg[4][fu][0]/C","student_top_inst/Core_cpu/u_core_top/scoreboard_q_reg[6][result][17]/R","setup"
2521,-0.243,5.000,4.854,11,"student_top_inst/Core_cpu/u_core_top/scoreboard_q_reg[4][fu][0]/C","student_top_inst/Core_cpu/u_core_top/scoreboard_q_reg[6][result][26]/R","setup"
2522,-0.243,5.000,4.854,11,"student_top_inst/Core_cpu/u_core_top/scoreboard_q_reg[4][fu][0]/C","student_top_inst/Core_cpu/u_core_top/scoreboard_q_reg[6][result][28]/R","setup"
2523,-0.243,5.000,5.106,7,"student_top_inst/Core_cpu/u_core_top/u_dcache/g_data_bank[3].u_data_bank/mem_q_reg_0/CLKBWRCLK","student_top_inst/Core_cpu/u_core_top/scoreboard_q_reg[1][csr_src][22]/D","setup"
2524,-0.243,5.000,4.771,10,"student_top_inst/Core_cpu/u_core_top/scoreboard_q_reg[4][fu][0]/C","student_top_inst/Core_cpu/u_core_top/scoreboard_q_reg[3][result][24]/R","setup"
2525,-0.243,5.000,4.771,10,"student_top_inst/Core_cpu/u_core_top/scoreboard_q_reg[4][fu][0]/C","student_top_inst/Core_cpu/u_core_top/scoreboard_q_reg[3][result][29]/R","setup"
2526,-0.242,5.000,4.688,9,"student_top_inst/Core_cpu/u_core_top/scoreboard_q_reg[4][fu][0]/C","student_top_inst/Core_cpu/u_core_top/u_muldiv/u_div/U0/i_synth/i_has_input_skid.i_2to1/gen_has_z_tready.reg1_b_tdata_reg[16]/CE","setup"
2527,-0.242,5.000,4.688,9,"student_top_inst/Core_cpu/u_core_top/scoreboard_q_reg[4][fu][0]/C","student_top_inst/Core_cpu/u_core_top/u_muldiv/u_div/U0/i_synth/i_has_input_skid.i_2to1/gen_has_z_tready.reg1_b_tdata_reg[17]/CE","setup"
2528,-0.242,5.000,4.688,9,"student_top_inst/Core_cpu/u_core_top/scoreboard_q_reg[4][fu][0]/C","student_top_inst/Core_cpu/u_core_top/u_muldiv/u_div/U0/i_synth/i_has_input_skid.i_2to1/gen_has_z_tready.reg1_b_tdata_reg[28]/CE","setup"
2529,-0.242,5.000,5.094,7,"student_top_inst/Core_cpu/u_core_top/u_dcache/g_data_bank[3].u_data_bank/mem_q_reg_0/CLKBWRCLK","student_top_inst/Core_cpu/u_core_top/scoreboard_q_reg[0][csr_src][18]/D","setup"
2530,-0.242,5.000,4.876,6,"student_top_inst/Core_cpu/u_core_top/commit_ptr_q_reg[2]_rep/C","student_top_inst/Core_cpu/u_core_top/u_csr/mtvec_q_reg[9]/D","setup"
2531,-0.242,5.000,5.105,7,"student_top_inst/Core_cpu/u_core_top/u_dcache/g_data_bank[3].u_data_bank/mem_q_reg_0/CLKBWRCLK","student_top_inst/Core_cpu/u_core_top/scoreboard_q_reg[0][csr_src][11]/D","setup"
2532,-0.241,5.000,4.687,11,"student_top_inst/Core_cpu/u_core_top/scoreboard_q_reg[4][fu][0]/C","student_top_inst/Core_cpu/u_core_top/scoreboard_q_reg[5][csr_addr][9]/CE","setup"
2533,-0.241,5.000,4.687,11,"student_top_inst/Core_cpu/u_core_top/scoreboard_q_reg[4][fu][0]/C","student_top_inst/Core_cpu/u_core_top/scoreboard_q_reg[5][pc][27]/CE","setup"
2534,-0.241,5.000,4.709,11,"student_top_inst/Core_cpu/u_core_top/scoreboard_q_reg[4][fu][0]/C","student_top_inst/Core_cpu/u_core_top/exec_q_reg[uop][pc][29]/CE","setup"
2535,-0.241,5.000,4.882,6,"student_top_inst/Core_cpu/u_core_top/commit_ptr_q_reg[2]_rep/C","student_top_inst/Core_cpu/u_core_top/u_csr/mtvec_q_reg[17]/D","setup"
2536,-0.241,5.000,4.933,11,"student_top_inst/Core_cpu/u_core_top/scoreboard_q_reg[4][fu][0]/C","student_top_inst/Core_cpu/u_core_top/exec_q_reg[op1][5]/CE","setup"
2537,-0.240,5.000,4.771,10,"student_top_inst/Core_cpu/u_core_top/scoreboard_q_reg[4][fu][0]/C","student_top_inst/Core_cpu/u_core_top/scoreboard_q_reg[7][result][2]/R","setup"
2538,-0.240,5.000,5.103,7,"student_top_inst/Core_cpu/u_core_top/u_dcache/g_data_bank[3].u_data_bank/mem_q_reg_0/CLKBWRCLK","student_top_inst/Core_cpu/u_core_top/scoreboard_q_reg[4][csr_src][20]/D","setup"
2539,-0.240,5.000,4.665,0,"student_top_inst/cpu_rst_sync_reg/C","student_top_inst/Core_cpu/u_core_top/u_regfile/regs_q_reg[11][2]/R","setup"
2540,-0.240,5.000,4.665,0,"student_top_inst/cpu_rst_sync_reg/C","student_top_inst/Core_cpu/u_core_top/u_regfile/regs_q_reg[11][5]/R","setup"
2541,-0.240,5.000,5.220,7,"student_top_inst/Core_cpu/u_core_top/id_uop_q_reg[rs1][1]/C","student_top_inst/Core_cpu/u_core_top/scoreboard_q_reg[0][exception_tval][25]/D","setup"
2542,-0.240,5.000,4.500,0,"student_top_inst/cpu_rst_sync_reg/C","student_top_inst/Core_cpu/u_core_top/u_regfile/regs_q_reg[10][18]/R","setup"
2543,-0.240,5.000,4.686,11,"student_top_inst/Core_cpu/u_core_top/scoreboard_q_reg[4][fu][0]/C","student_top_inst/Core_cpu/u_core_top/scoreboard_q_reg[2][csr_addr][10]/CE","setup"
2544,-0.240,5.000,4.686,11,"student_top_inst/Core_cpu/u_core_top/scoreboard_q_reg[4][fu][0]/C","student_top_inst/Core_cpu/u_core_top/scoreboard_q_reg[2][csr_addr][11]/CE","setup"
2545,-0.240,5.000,4.686,11,"student_top_inst/Core_cpu/u_core_top/scoreboard_q_reg[4][fu][0]/C","student_top_inst/Core_cpu/u_core_top/scoreboard_q_reg[2][pc][17]/CE","setup"
2546,-0.240,5.000,4.686,11,"student_top_inst/Core_cpu/u_core_top/scoreboard_q_reg[4][fu][0]/C","student_top_inst/Core_cpu/u_core_top/scoreboard_q_reg[2][pc][21]/CE","setup"
2547,-0.240,5.000,4.689,11,"student_top_inst/Core_cpu/u_core_top/scoreboard_q_reg[4][fu][0]/C","student_top_inst/Core_cpu/u_core_top/scoreboard_q_reg[5][link_addr][13]/CE","setup"
2548,-0.240,5.000,4.689,11,"student_top_inst/Core_cpu/u_core_top/scoreboard_q_reg[4][fu][0]/C","student_top_inst/Core_cpu/u_core_top/scoreboard_q_reg[5][pc][16]/CE","setup"
2549,-0.240,5.000,4.689,11,"student_top_inst/Core_cpu/u_core_top/scoreboard_q_reg[4][fu][0]/C","student_top_inst/Core_cpu/u_core_top/scoreboard_q_reg[5][pc][25]/CE","setup"
2550,-0.240,5.000,4.689,11,"student_top_inst/Core_cpu/u_core_top/scoreboard_q_reg[4][fu][0]/C","student_top_inst/Core_cpu/u_core_top/scoreboard_q_reg[5][pc][26]/CE","setup"
2551,-0.239,5.000,5.081,7,"student_top_inst/Core_cpu/u_core_top/u_dcache/g_data_bank[3].u_data_bank/mem_q_reg_0/CLKBWRCLK","student_top_inst/Core_cpu/u_core_top/scoreboard_q_reg[0][result][20]/D","setup"
2552,-0.239,5.000,5.196,8,"student_top_inst/Core_cpu/u_core_top/u_muldiv/b_q_reg[22]/C","student_top_inst/Core_cpu/u_core_top/scoreboard_q_reg[3][csr_src][1]/D","setup"
2553,-0.239,5.000,4.865,13,"student_top_inst/Core_cpu/u_core_top/scoreboard_q_reg[4][fu][0]/C","student_top_inst/Core_cpu/u_core_top/load_q_reg[0][forward_data][15]/CE","setup"
2554,-0.239,5.000,4.865,13,"student_top_inst/Core_cpu/u_core_top/scoreboard_q_reg[4][fu][0]/C","student_top_inst/Core_cpu/u_core_top/load_q_reg[0][store_seq_cutoff][7]/CE","setup"
2555,-0.239,5.000,4.493,0,"student_top_inst/cpu_rst_sync_reg/C","student_top_inst/Core_cpu/u_core_top/u_regfile/regs_q_reg[27][25]/R","setup"
2556,-0.239,5.000,5.108,6,"student_top_inst/Core_cpu/u_core_top/u_dcache/g_data_bank[1].u_data_bank/mem_q_reg_1/CLKBWRCLK","student_top_inst/Core_cpu/u_core_top/scoreboard_q_reg[5][result][27]/D","setup"
2557,-0.238,5.000,4.936,6,"student_top_inst/Core_cpu/u_core_top/commit_ptr_q_reg[2]_rep/C","student_top_inst/Core_cpu/u_core_top/wb_data_q_reg[25]/D","setup"
2558,-0.238,5.000,4.970,7,"student_top_inst/Core_cpu/u_core_top/commit_ptr_q_reg[2]_rep/C","student_top_inst/Core_cpu/u_core_top/u_csr/mtval_q_reg[20]/D","setup"
2559,-0.238,5.000,4.885,13,"student_top_inst/Core_cpu/u_core_top/scoreboard_q_reg[4][fu][0]/C","student_top_inst/Core_cpu/u_core_top/load_q_reg[0][addr][12]/CE","setup"
2560,-0.238,5.000,4.885,13,"student_top_inst/Core_cpu/u_core_top/scoreboard_q_reg[4][fu][0]/C","student_top_inst/Core_cpu/u_core_top/load_q_reg[0][addr][14]/CE","setup"
2561,-0.238,5.000,4.885,13,"student_top_inst/Core_cpu/u_core_top/scoreboard_q_reg[4][fu][0]/C","student_top_inst/Core_cpu/u_core_top/load_q_reg[0][addr][1]/CE","setup"
2562,-0.238,5.000,4.885,13,"student_top_inst/Core_cpu/u_core_top/scoreboard_q_reg[4][fu][0]/C","student_top_inst/Core_cpu/u_core_top/load_q_reg[0][addr][2]/CE","setup"
2563,-0.238,5.000,4.885,13,"student_top_inst/Core_cpu/u_core_top/scoreboard_q_reg[4][fu][0]/C","student_top_inst/Core_cpu/u_core_top/load_q_reg[0][size][0]/CE","setup"
2564,-0.238,5.000,4.885,13,"student_top_inst/Core_cpu/u_core_top/scoreboard_q_reg[4][fu][0]/C","student_top_inst/Core_cpu/u_core_top/load_q_reg[0][size][1]/CE","setup"
2565,-0.238,5.000,4.686,10,"student_top_inst/Core_cpu/u_core_top/scoreboard_q_reg[4][fu][0]/C","student_top_inst/Core_cpu/u_core_top/scoreboard_q_reg[0][link_addr][5]/CE","setup"
2566,-0.238,5.000,4.686,10,"student_top_inst/Core_cpu/u_core_top/scoreboard_q_reg[4][fu][0]/C","student_top_inst/Core_cpu/u_core_top/scoreboard_q_reg[0][link_addr][6]/CE","setup"
2567,-0.238,5.000,4.686,10,"student_top_inst/Core_cpu/u_core_top/scoreboard_q_reg[4][fu][0]/C","student_top_inst/Core_cpu/u_core_top/scoreboard_q_reg[0][link_addr][7]/CE","setup"
2568,-0.238,5.000,4.686,10,"student_top_inst/Core_cpu/u_core_top/scoreboard_q_reg[4][fu][0]/C","student_top_inst/Core_cpu/u_core_top/scoreboard_q_reg[0][link_addr][8]/CE","setup"
2569,-0.238,5.000,4.660,0,"student_top_inst/cpu_rst_sync_reg/C","student_top_inst/Core_cpu/u_core_top/u_regfile/regs_q_reg[14][2]/R","setup"
2570,-0.237,5.000,4.684,9,"student_top_inst/Core_cpu/u_core_top/scoreboard_q_reg[4][fu][0]/C","student_top_inst/Core_cpu/u_core_top/u_muldiv/u_div/U0/i_synth/i_has_input_skid.i_2to1/gen_has_z_tready.reg1_b_tdata_reg[24]/CE","setup"
2571,-0.237,5.000,4.684,9,"student_top_inst/Core_cpu/u_core_top/scoreboard_q_reg[4][fu][0]/C","student_top_inst/Core_cpu/u_core_top/u_muldiv/u_div/U0/i_synth/i_has_input_skid.i_2to1/gen_has_z_tready.reg1_b_tdata_reg[25]/CE","setup"
2572,-0.237,5.000,5.099,7,"student_top_inst/Core_cpu/u_core_top/u_dcache/g_data_bank[3].u_data_bank/mem_q_reg_0/CLKBWRCLK","student_top_inst/Core_cpu/u_core_top/scoreboard_q_reg[5][csr_src][23]/D","setup"
2573,-0.237,5.000,4.682,9,"student_top_inst/Core_cpu/u_core_top/scoreboard_q_reg[4][fu][0]/C","student_top_inst/Core_cpu/u_core_top/u_muldiv/u_div/U0/i_synth/i_has_input_skid.i_2to1/gen_has_z_tready.reg1_b_tdata_reg[29]/CE","setup"
2574,-0.237,5.000,4.682,9,"student_top_inst/Core_cpu/u_core_top/scoreboard_q_reg[4][fu][0]/C","student_top_inst/Core_cpu/u_core_top/u_muldiv/u_div/U0/i_synth/i_has_input_skid.i_2to1/gen_has_z_tready.reg1_b_tdata_reg[31]/CE","setup"
2575,-0.237,5.000,4.682,9,"student_top_inst/Core_cpu/u_core_top/scoreboard_q_reg[4][fu][0]/C","student_top_inst/Core_cpu/u_core_top/u_muldiv/u_div/U0/i_synth/i_has_input_skid.i_2to1/gen_has_z_tready.reg1_b_tdata_reg[6]/CE","setup"
2576,-0.237,5.000,4.682,9,"student_top_inst/Core_cpu/u_core_top/scoreboard_q_reg[4][fu][0]/C","student_top_inst/Core_cpu/u_core_top/u_muldiv/u_div/U0/i_synth/i_has_input_skid.i_2to1/gen_has_z_tready.reg1_b_tdata_reg[7]/CE","setup"
2577,-0.236,5.000,5.082,7,"student_top_inst/Core_cpu/u_core_top/u_dcache/g_data_bank[3].u_data_bank/mem_q_reg_0/CLKBWRCLK","student_top_inst/Core_cpu/u_core_top/scoreboard_q_reg[2][result][12]/D","setup"
2578,-0.236,5.000,4.863,13,"student_top_inst/Core_cpu/u_core_top/scoreboard_q_reg[4][fu][0]/C","student_top_inst/Core_cpu/u_core_top/load_q_reg[0][addr][28]/CE","setup"
2579,-0.236,5.000,4.863,13,"student_top_inst/Core_cpu/u_core_top/scoreboard_q_reg[4][fu][0]/C","student_top_inst/Core_cpu/u_core_top/load_q_reg[0][forward_data][4]/CE","setup"
2580,-0.236,5.000,4.863,13,"student_top_inst/Core_cpu/u_core_top/scoreboard_q_reg[4][fu][0]/C","student_top_inst/Core_cpu/u_core_top/load_q_reg[0][forward_data][5]/CE","setup"
2581,-0.236,5.000,4.863,13,"student_top_inst/Core_cpu/u_core_top/scoreboard_q_reg[4][fu][0]/C","student_top_inst/Core_cpu/u_core_top/load_q_reg[0][forward_mask][0]/CE","setup"
2582,-0.236,5.000,5.098,7,"student_top_inst/Core_cpu/u_core_top/u_dcache/g_data_bank[3].u_data_bank/mem_q_reg_0/CLKBWRCLK","student_top_inst/Core_cpu/u_core_top/scoreboard_q_reg[2][csr_src][23]/D","setup"
2583,-0.236,5.000,4.865,13,"student_top_inst/Core_cpu/u_core_top/scoreboard_q_reg[4][fu][0]/C","student_top_inst/Core_cpu/u_core_top/load_q_reg[1][forward_data][28]/CE","setup"
2584,-0.236,5.000,4.868,6,"student_top_inst/Core_cpu/u_core_top/commit_ptr_q_reg[2]_rep/C","student_top_inst/Core_cpu/u_core_top/u_csr/mscratch_q_reg[14]/D","setup"
2585,-0.236,5.000,5.189,11,"student_top_inst/Core_cpu/u_core_top/exec_q_reg[uop][imm][1]/C","student_top_inst/Core_cpu/u_core_top/scoreboard_q_reg[3][csr_src][0]/D","setup"
2586,-0.236,5.000,5.083,11,"student_top_inst/Core_cpu/u_core_top/load_head_q_reg[0]/C","student_top_inst/Core_cpu/u_core_top/u_dcache/state_q_reg[2]/D","setup"
2587,-0.235,5.000,4.925,8,"student_top_inst/Core_cpu/u_core_top/id_uop_q_reg[rs1][1]/C","student_top_inst/Core_cpu/u_core_top/scoreboard_q_reg[3][csr_src][11]/R","setup"
2588,-0.235,5.000,4.925,8,"student_top_inst/Core_cpu/u_core_top/id_uop_q_reg[rs1][1]/C","student_top_inst/Core_cpu/u_core_top/scoreboard_q_reg[3][csr_src][13]/R","setup"
2589,-0.235,5.000,4.925,8,"student_top_inst/Core_cpu/u_core_top/id_uop_q_reg[rs1][1]/C","student_top_inst/Core_cpu/u_core_top/scoreboard_q_reg[3][csr_src][15]/R","setup"
2590,-0.235,5.000,4.925,8,"student_top_inst/Core_cpu/u_core_top/id_uop_q_reg[rs1][1]/C","student_top_inst/Core_cpu/u_core_top/scoreboard_q_reg[3][csr_src][17]/R","setup"
2591,-0.235,5.000,4.925,8,"student_top_inst/Core_cpu/u_core_top/id_uop_q_reg[rs1][1]/C","student_top_inst/Core_cpu/u_core_top/scoreboard_q_reg[3][csr_src][19]/R","setup"
2592,-0.235,5.000,4.925,8,"student_top_inst/Core_cpu/u_core_top/id_uop_q_reg[rs1][1]/C","student_top_inst/Core_cpu/u_core_top/scoreboard_q_reg[3][csr_src][5]/R","setup"
2593,-0.235,5.000,4.925,8,"student_top_inst/Core_cpu/u_core_top/id_uop_q_reg[rs1][1]/C","student_top_inst/Core_cpu/u_core_top/scoreboard_q_reg[3][csr_src][8]/R","setup"
2594,-0.234,5.000,5.036,7,"student_top_inst/Core_cpu/u_core_top/exec_q_reg[op2][2]/C","student_top_inst/Core_cpu/u_core_top/scoreboard_q_reg[1][csr_src][26]/D","setup"
2595,-0.234,5.000,5.098,7,"student_top_inst/Core_cpu/u_core_top/u_dcache/g_data_bank[3].u_data_bank/mem_q_reg_0/CLKBWRCLK","student_top_inst/Core_cpu/u_core_top/scoreboard_q_reg[4][csr_src][18]/D","setup"
2596,-0.234,5.000,5.072,7,"student_top_inst/Core_cpu/u_core_top/u_dcache/g_data_bank[1].u_data_bank/mem_q_reg_1/CLKBWRCLK","student_top_inst/Core_cpu/u_core_top/exec_q_reg[op2][9]/D","setup"
2597,-0.234,5.000,4.884,13,"student_top_inst/Core_cpu/u_core_top/scoreboard_q_reg[4][fu][0]/C","student_top_inst/Core_cpu/u_core_top/load_q_reg[1][forward_data][15]/CE","setup"
2598,-0.234,5.000,4.884,13,"student_top_inst/Core_cpu/u_core_top/scoreboard_q_reg[4][fu][0]/C","student_top_inst/Core_cpu/u_core_top/load_q_reg[1][load_unsigned]/CE","setup"
2599,-0.233,5.000,4.866,6,"student_top_inst/Core_cpu/u_core_top/commit_ptr_q_reg[2]_rep/C","student_top_inst/Core_cpu/u_core_top/u_csr/mtvec_q_reg[24]/D","setup"
2600,-0.233,5.000,4.681,10,"student_top_inst/Core_cpu/u_core_top/scoreboard_q_reg[4][fu][0]/C","student_top_inst/Core_cpu/u_core_top/scoreboard_q_reg[0][link_addr][21]/CE","setup"
2601,-0.233,5.000,4.681,10,"student_top_inst/Core_cpu/u_core_top/scoreboard_q_reg[4][fu][0]/C","student_top_inst/Core_cpu/u_core_top/scoreboard_q_reg[0][link_addr][22]/CE","setup"
2602,-0.233,5.000,4.681,10,"student_top_inst/Core_cpu/u_core_top/scoreboard_q_reg[4][fu][0]/C","student_top_inst/Core_cpu/u_core_top/scoreboard_q_reg[0][link_addr][23]/CE","setup"
2603,-0.233,5.000,4.681,10,"student_top_inst/Core_cpu/u_core_top/scoreboard_q_reg[4][fu][0]/C","student_top_inst/Core_cpu/u_core_top/scoreboard_q_reg[0][link_addr][24]/CE","setup"
2604,-0.233,5.000,4.860,13,"student_top_inst/Core_cpu/u_core_top/scoreboard_q_reg[4][fu][0]/C","student_top_inst/Core_cpu/u_core_top/load_q_reg[0][store_seq_cutoff][2]/CE","setup"
2605,-0.233,5.000,4.860,13,"student_top_inst/Core_cpu/u_core_top/scoreboard_q_reg[4][fu][0]/C","student_top_inst/Core_cpu/u_core_top/load_q_reg[0][store_seq_cutoff][4]/CE","setup"
2606,-0.233,5.000,4.761,10,"student_top_inst/Core_cpu/u_core_top/scoreboard_q_reg[4][fu][0]/C","student_top_inst/Core_cpu/u_core_top/scoreboard_q_reg[0][result][21]/R","setup"
2607,-0.233,5.000,4.761,10,"student_top_inst/Core_cpu/u_core_top/scoreboard_q_reg[4][fu][0]/C","student_top_inst/Core_cpu/u_core_top/scoreboard_q_reg[0][result][6]/R","setup"
2608,-0.233,5.000,4.761,10,"student_top_inst/Core_cpu/u_core_top/scoreboard_q_reg[4][fu][0]/C","student_top_inst/Core_cpu/u_core_top/scoreboard_q_reg[0][result][7]/R","setup"
2609,-0.233,5.000,4.761,10,"student_top_inst/Core_cpu/u_core_top/scoreboard_q_reg[4][fu][0]/C","student_top_inst/Core_cpu/u_core_top/scoreboard_q_reg[0][result][9]/R","setup"
2610,-0.233,5.000,5.071,6,"student_top_inst/Core_cpu/u_core_top/u_dcache/g_data_bank[1].u_data_bank/mem_q_reg_1/CLKBWRCLK","student_top_inst/Core_cpu/u_core_top/scoreboard_q_reg[2][result][28]/D","setup"
2611,-0.233,5.000,4.704,11,"student_top_inst/Core_cpu/u_core_top/scoreboard_q_reg[4][fu][0]/C","student_top_inst/Core_cpu/u_core_top/scoreboard_q_reg[2][pc][10]/CE","setup"
2612,-0.233,5.000,4.704,11,"student_top_inst/Core_cpu/u_core_top/scoreboard_q_reg[4][fu][0]/C","student_top_inst/Core_cpu/u_core_top/scoreboard_q_reg[2][pc][23]/CE","setup"
2613,-0.233,5.000,4.704,11,"student_top_inst/Core_cpu/u_core_top/scoreboard_q_reg[4][fu][0]/C","student_top_inst/Core_cpu/u_core_top/scoreboard_q_reg[2][pc][25]/CE","setup"
2614,-0.233,5.000,4.877,6,"student_top_inst/Core_cpu/u_core_top/commit_ptr_q_reg[2]_rep/C","student_top_inst/Core_cpu/u_core_top/u_csr/mcause_q_reg[10]/D","setup"
2615,-0.232,5.000,5.106,6,"student_top_inst/Core_cpu/u_core_top/commit_ptr_q_reg[2]_rep/C","student_top_inst/Core_cpu/u_core_top/wb_data_q_reg[15]/D","setup"
2616,-0.232,5.000,5.189,8,"student_top_inst/Core_cpu/u_core_top/u_muldiv/b_q_reg[22]/C","student_top_inst/Core_cpu/u_core_top/scoreboard_q_reg[1][csr_src][1]/D","setup"
2617,-0.232,5.000,4.681,11,"student_top_inst/Core_cpu/u_core_top/scoreboard_q_reg[4][fu][0]/C","student_top_inst/Core_cpu/u_core_top/scoreboard_q_reg[2][link_addr][0]/CE","setup"
2618,-0.232,5.000,4.681,11,"student_top_inst/Core_cpu/u_core_top/scoreboard_q_reg[4][fu][0]/C","student_top_inst/Core_cpu/u_core_top/scoreboard_q_reg[2][link_addr][12]/CE","setup"
2619,-0.232,5.000,4.681,11,"student_top_inst/Core_cpu/u_core_top/scoreboard_q_reg[4][fu][0]/C","student_top_inst/Core_cpu/u_core_top/scoreboard_q_reg[2][pc][1]/CE","setup"
2620,-0.232,5.000,4.681,11,"student_top_inst/Core_cpu/u_core_top/scoreboard_q_reg[4][fu][0]/C","student_top_inst/Core_cpu/u_core_top/scoreboard_q_reg[2][pc][26]/CE","setup"
2621,-0.232,5.000,4.681,11,"student_top_inst/Core_cpu/u_core_top/scoreboard_q_reg[4][fu][0]/C","student_top_inst/Core_cpu/u_core_top/scoreboard_q_reg[2][pc][29]/CE","setup"
2622,-0.232,5.000,4.681,11,"student_top_inst/Core_cpu/u_core_top/scoreboard_q_reg[4][fu][0]/C","student_top_inst/Core_cpu/u_core_top/scoreboard_q_reg[2][pc][31]/CE","setup"
2623,-0.232,5.000,4.681,11,"student_top_inst/Core_cpu/u_core_top/scoreboard_q_reg[4][fu][0]/C","student_top_inst/Core_cpu/u_core_top/scoreboard_q_reg[2][pc][3]/CE","setup"
2624,-0.232,5.000,4.681,11,"student_top_inst/Core_cpu/u_core_top/scoreboard_q_reg[4][fu][0]/C","student_top_inst/Core_cpu/u_core_top/scoreboard_q_reg[2][pc][6]/CE","setup"
2625,-0.231,5.000,5.106,6,"student_top_inst/Core_cpu/u_core_top/commit_ptr_q_reg[2]_rep/C","student_top_inst/Core_cpu/u_core_top/wb_data_q_reg[14]/D","setup"
2626,-0.230,5.000,5.022,7,"student_top_inst/Core_cpu/u_core_top/id_uop_q_reg[rs1][1]/C","student_top_inst/Core_cpu/u_core_top/scoreboard_q_reg[0][sys_op][0]/CE","setup"
2627,-0.230,5.000,5.020,7,"student_top_inst/Core_cpu/u_core_top/id_uop_q_reg[rs1][1]/C","student_top_inst/Core_cpu/u_core_top/scoreboard_q_reg[2][csr_src][10]/CE","setup"
2628,-0.230,5.000,5.020,7,"student_top_inst/Core_cpu/u_core_top/id_uop_q_reg[rs1][1]/C","student_top_inst/Core_cpu/u_core_top/scoreboard_q_reg[2][csr_src][15]/CE","setup"
2629,-0.230,5.000,5.020,7,"student_top_inst/Core_cpu/u_core_top/id_uop_q_reg[rs1][1]/C","student_top_inst/Core_cpu/u_core_top/scoreboard_q_reg[2][csr_src][9]/CE","setup"
2630,-0.230,5.000,4.976,5,"student_top_inst/mem_bridge/dram_adapter/dram/U0/inst_blk_mem_gen/gnbram.gnativebmg.native_blk_mem_gen/valid.cstr/has_mux_a.A/no_softecc_norm_sel2.has_mem_regs.WITHOUT_ECC_PIPE.ce_pri.sel_pipe_d1_reg[2]/C","student_top_inst/Core_cpu/u_core_top/u_dmem_regslice/resp_rdata_q_reg[7]/D","setup"
2631,-0.229,5.000,5.013,0,"student_top_inst/Core_cpu/u_core_top/u_dmem_regslice/req_addr_q_reg[8]/C","student_top_inst/mem_bridge/dram_adapter/dram/U0/inst_blk_mem_gen/gnbram.gnativebmg.native_blk_mem_gen/valid.cstr/ramloop[53].ram.r/prim_init.ram/DEVICE_7SERIES.NO_BMM_INFO.SP.SIMPLE_PRIM36.ram/ADDRARDADDR[9]","setup"
2632,-0.229,5.000,4.859,11,"student_top_inst/Core_cpu/u_core_top/scoreboard_q_reg[4][fu][0]/C","student_top_inst/Core_cpu/u_core_top/exec_q_reg[op1][2]/CE","setup"
2633,-0.229,5.000,4.859,11,"student_top_inst/Core_cpu/u_core_top/scoreboard_q_reg[4][fu][0]/C","student_top_inst/Core_cpu/u_core_top/exec_q_reg[op2][10]/CE","setup"
2634,-0.229,5.000,4.859,11,"student_top_inst/Core_cpu/u_core_top/scoreboard_q_reg[4][fu][0]/C","student_top_inst/Core_cpu/u_core_top/exec_q_reg[op2][15]/CE","setup"
2635,-0.229,5.000,4.859,11,"student_top_inst/Core_cpu/u_core_top/scoreboard_q_reg[4][fu][0]/C","student_top_inst/Core_cpu/u_core_top/exec_q_reg[op2][9]/CE","setup"
2636,-0.229,5.000,4.859,11,"student_top_inst/Core_cpu/u_core_top/scoreboard_q_reg[4][fu][0]/C","student_top_inst/Core_cpu/u_core_top/exec_q_reg[uop][fu][2]/CE","setup"
2637,-0.229,5.000,4.859,11,"student_top_inst/Core_cpu/u_core_top/scoreboard_q_reg[4][fu][0]/C","student_top_inst/Core_cpu/u_core_top/exec_q_reg[uop][pc][0]/CE","setup"
2638,-0.229,5.000,4.859,11,"student_top_inst/Core_cpu/u_core_top/scoreboard_q_reg[4][fu][0]/C","student_top_inst/Core_cpu/u_core_top/exec_q_reg[uop][pred_next_pc][22]/CE","setup"
2639,-0.229,5.000,4.910,7,"student_top_inst/Core_cpu/u_core_top/commit_ptr_q_reg[2]_rep/C","student_top_inst/Core_cpu/u_core_top/u_csr/mtval_q_reg[11]/D","setup"
2640,-0.229,5.000,4.671,9,"student_top_inst/Core_cpu/u_core_top/scoreboard_q_reg[4][fu][0]/C","student_top_inst/Core_cpu/u_core_top/u_muldiv/u_div/U0/i_synth/i_has_input_skid.i_2to1/gen_has_z_tready.reg1_a_tdata_reg[18]/CE","setup"
2641,-0.229,5.000,4.671,9,"student_top_inst/Core_cpu/u_core_top/scoreboard_q_reg[4][fu][0]/C","student_top_inst/Core_cpu/u_core_top/u_muldiv/u_div/U0/i_synth/i_has_input_skid.i_2to1/gen_has_z_tready.reg1_a_tdata_reg[19]/CE","setup"
2642,-0.229,5.000,5.128,11,"student_top_inst/Core_cpu/u_core_top/store_head_q_reg[0]/C","student_top_inst/Core_cpu/u_core_top/load_q_reg[0][forward_data][20]/D","setup"
2643,-0.228,5.000,4.850,13,"student_top_inst/Core_cpu/u_core_top/scoreboard_q_reg[4][fu][0]/C","student_top_inst/Core_cpu/u_core_top/load_q_reg[1][addr][10]/CE","setup"
2644,-0.228,5.000,4.850,13,"student_top_inst/Core_cpu/u_core_top/scoreboard_q_reg[4][fu][0]/C","student_top_inst/Core_cpu/u_core_top/load_q_reg[1][addr][11]/CE","setup"
2645,-0.228,5.000,4.850,13,"student_top_inst/Core_cpu/u_core_top/scoreboard_q_reg[4][fu][0]/C","student_top_inst/Core_cpu/u_core_top/load_q_reg[1][addr][12]/CE","setup"
2646,-0.228,5.000,4.850,13,"student_top_inst/Core_cpu/u_core_top/scoreboard_q_reg[4][fu][0]/C","student_top_inst/Core_cpu/u_core_top/load_q_reg[1][addr][21]/CE","setup"
2647,-0.228,5.000,4.850,13,"student_top_inst/Core_cpu/u_core_top/scoreboard_q_reg[4][fu][0]/C","student_top_inst/Core_cpu/u_core_top/load_q_reg[1][forward_mask][2]/CE","setup"
2648,-0.228,5.000,4.854,13,"student_top_inst/Core_cpu/u_core_top/scoreboard_q_reg[4][fu][0]/C","student_top_inst/Core_cpu/u_core_top/load_q_reg[1][forward_data][3]/CE","setup"
2649,-0.228,5.000,4.854,13,"student_top_inst/Core_cpu/u_core_top/scoreboard_q_reg[4][fu][0]/C","student_top_inst/Core_cpu/u_core_top/load_q_reg[1][forward_data][6]/CE","setup"
2650,-0.228,5.000,4.854,13,"student_top_inst/Core_cpu/u_core_top/scoreboard_q_reg[4][fu][0]/C","student_top_inst/Core_cpu/u_core_top/load_q_reg[1][store_seq_cutoff][0]/CE","setup"
2651,-0.228,5.000,4.854,13,"student_top_inst/Core_cpu/u_core_top/scoreboard_q_reg[4][fu][0]/C","student_top_inst/Core_cpu/u_core_top/load_q_reg[1][store_seq_cutoff][6]/CE","setup"
2652,-0.228,5.000,5.104,7,"student_top_inst/Core_cpu/u_core_top/u_dcache/g_data_bank[3].u_data_bank/mem_q_reg_0/CLKBWRCLK","student_top_inst/Core_cpu/u_core_top/scoreboard_q_reg[4][result][11]/D","setup"
2653,-0.227,5.000,4.683,11,"student_top_inst/Core_cpu/u_core_top/scoreboard_q_reg[4][fu][0]/C","student_top_inst/Core_cpu/u_core_top/scoreboard_q_reg[4][csr_addr][4]/CE","setup"
2654,-0.227,5.000,5.073,7,"student_top_inst/Core_cpu/u_core_top/u_dcache/g_data_bank[3].u_data_bank/mem_q_reg_0/CLKBWRCLK","student_top_inst/Core_cpu/u_core_top/scoreboard_q_reg[7][result][13]/D","setup"
2655,-0.227,5.000,5.099,6,"student_top_inst/Core_cpu/u_core_top/commit_ptr_q_reg[2]_rep/C","student_top_inst/Core_cpu/u_core_top/wb_data_q_reg[5]/D","setup"
2656,-0.227,5.000,4.936,7,"student_top_inst/Core_cpu/u_core_top/id_uop_q_reg[rs1][1]/C","student_top_inst/Core_cpu/u_core_top/scoreboard_q_reg[1][result][25]/R","setup"
2657,-0.227,5.000,4.936,7,"student_top_inst/Core_cpu/u_core_top/id_uop_q_reg[rs1][1]/C","student_top_inst/Core_cpu/u_core_top/scoreboard_q_reg[1][result][28]/R","setup"
2658,-0.226,5.000,4.855,11,"student_top_inst/Core_cpu/u_core_top/scoreboard_q_reg[4][fu][0]/C","student_top_inst/Core_cpu/u_core_top/exec_q_reg[op2][8]/CE","setup"
2659,-0.226,5.000,5.078,7,"student_top_inst/Core_cpu/u_core_top/u_dcache/g_data_bank[3].u_data_bank/mem_q_reg_0/CLKBWRCLK","student_top_inst/Core_cpu/u_core_top/exec_q_reg[op1][20]/D","setup"
2660,-0.226,5.000,5.069,7,"student_top_inst/Core_cpu/u_core_top/u_dcache/g_data_bank[3].u_data_bank/mem_q_reg_0/CLKBWRCLK","student_top_inst/Core_cpu/u_core_top/scoreboard_q_reg[0][result][18]/D","setup"
2661,-0.226,5.000,4.670,9,"student_top_inst/Core_cpu/u_core_top/scoreboard_q_reg[4][fu][0]/C","student_top_inst/Core_cpu/u_core_top/u_muldiv/u_div/U0/i_synth/i_has_input_skid.i_2to1/gen_has_z_tready.reg1_b_tdata_reg[0]/CE","setup"
2662,-0.226,5.000,4.670,9,"student_top_inst/Core_cpu/u_core_top/scoreboard_q_reg[4][fu][0]/C","student_top_inst/Core_cpu/u_core_top/u_muldiv/u_div/U0/i_synth/i_has_input_skid.i_2to1/gen_has_z_tready.reg1_b_tdata_reg[1]/CE","setup"
2663,-0.226,5.000,4.670,9,"student_top_inst/Core_cpu/u_core_top/scoreboard_q_reg[4][fu][0]/C","student_top_inst/Core_cpu/u_core_top/u_muldiv/u_div/U0/i_synth/i_has_input_skid.i_2to1/gen_has_z_tready.reg1_b_tdata_reg[2]/CE","setup"
2664,-0.226,5.000,5.097,7,"student_top_inst/Core_cpu/u_core_top/u_dcache/g_data_bank[1].u_data_bank/mem_q_reg_1/CLKBWRCLK","student_top_inst/Core_cpu/u_core_top/exec_q_reg[op2][16]/D","setup"
2665,-0.226,5.000,4.836,10,"student_top_inst/Core_cpu/u_core_top/load_head_q_reg[0]/C","student_top_inst/Core_cpu/u_core_top/u_dcache/tag_read_q_reg[1]/CE","setup"
2666,-0.226,5.000,5.216,7,"student_top_inst/Core_cpu/u_core_top/id_uop_q_reg[rs1][1]/C","student_top_inst/Core_cpu/u_core_top/scoreboard_q_reg[0][exception_tval][22]/D","setup"
2667,-0.225,5.000,4.855,11,"student_top_inst/Core_cpu/u_core_top/scoreboard_q_reg[4][fu][0]/C","student_top_inst/Core_cpu/u_core_top/scoreboard_q_reg[1][exception_cause][1]/CE","setup"
2668,-0.225,5.000,4.855,11,"student_top_inst/Core_cpu/u_core_top/scoreboard_q_reg[4][fu][0]/C","student_top_inst/Core_cpu/u_core_top/scoreboard_q_reg[1][exception_cause][2]/CE","setup"
2669,-0.225,5.000,4.855,11,"student_top_inst/Core_cpu/u_core_top/scoreboard_q_reg[4][fu][0]/C","student_top_inst/Core_cpu/u_core_top/scoreboard_q_reg[1][exception_tval][19]/CE","setup"
2670,-0.225,5.000,4.855,11,"student_top_inst/Core_cpu/u_core_top/scoreboard_q_reg[4][fu][0]/C","student_top_inst/Core_cpu/u_core_top/scoreboard_q_reg[1][exception_tval][31]/CE","setup"
2671,-0.225,5.000,4.939,11,"student_top_inst/Core_cpu/u_core_top/scoreboard_q_reg[4][fu][0]/C","student_top_inst/Core_cpu/u_core_top/exec_mem_addr_q_reg[24]/CE","setup"
2672,-0.225,5.000,4.939,11,"student_top_inst/Core_cpu/u_core_top/scoreboard_q_reg[4][fu][0]/C","student_top_inst/Core_cpu/u_core_top/exec_mem_addr_q_reg[25]/CE","setup"
2673,-0.225,5.000,4.939,11,"student_top_inst/Core_cpu/u_core_top/scoreboard_q_reg[4][fu][0]/C","student_top_inst/Core_cpu/u_core_top/exec_mem_addr_q_reg[26]/CE","setup"
2674,-0.225,5.000,4.939,11,"student_top_inst/Core_cpu/u_core_top/scoreboard_q_reg[4][fu][0]/C","student_top_inst/Core_cpu/u_core_top/exec_mem_addr_q_reg[27]/CE","setup"
2675,-0.225,5.000,4.858,11,"student_top_inst/Core_cpu/u_core_top/scoreboard_q_reg[4][fu][0]/C","student_top_inst/Core_cpu/u_core_top/exec_q_reg[op2][27]/CE","setup"
2676,-0.225,5.000,4.858,11,"student_top_inst/Core_cpu/u_core_top/scoreboard_q_reg[4][fu][0]/C","student_top_inst/Core_cpu/u_core_top/exec_q_reg[uop][fu][0]/CE","setup"
2677,-0.225,5.000,4.858,11,"student_top_inst/Core_cpu/u_core_top/scoreboard_q_reg[4][fu][0]/C","student_top_inst/Core_cpu/u_core_top/exec_q_reg[uop][fu][1]/CE","setup"
2678,-0.225,5.000,4.672,11,"student_top_inst/Core_cpu/u_core_top/scoreboard_q_reg[4][fu][0]/C","student_top_inst/Core_cpu/u_core_top/scoreboard_q_reg[4][pc][5]/CE","setup"
2679,-0.225,5.000,4.926,0,"student_top_inst/Core_cpu/u_core_top/u_dmem_regslice/req_addr_q_reg[7]/C","student_top_inst/mem_bridge/dram_adapter/dram/U0/inst_blk_mem_gen/gnbram.gnativebmg.native_blk_mem_gen/valid.cstr/ramloop[57].ram.r/prim_init.ram/DEVICE_7SERIES.NO_BMM_INFO.SP.SIMPLE_PRIM36.ram/ADDRARDADDR[8]","setup"
2680,-0.224,5.000,5.067,7,"student_top_inst/Core_cpu/u_core_top/u_dcache/g_data_bank[3].u_data_bank/mem_q_reg_0/CLKBWRCLK","student_top_inst/Core_cpu/u_core_top/scoreboard_q_reg[6][result][29]/D","setup"
2681,-0.224,5.000,4.616,0,"student_top_inst/cpu_rst_sync_reg/C","student_top_inst/Core_cpu/u_core_top/store_q_reg[0][addr][23]/R","setup"
2682,-0.224,5.000,5.088,7,"student_top_inst/Core_cpu/u_core_top/u_dcache/g_data_bank[3].u_data_bank/mem_q_reg_0/CLKBWRCLK","student_top_inst/Core_cpu/u_core_top/scoreboard_q_reg[2][csr_src][31]/D","setup"
2683,-0.224,5.000,4.933,7,"student_top_inst/Core_cpu/u_core_top/id_uop_q_reg[rs1][1]/C","student_top_inst/Core_cpu/u_core_top/scoreboard_q_reg[1][result][17]/R","setup"
2684,-0.224,5.000,4.933,7,"student_top_inst/Core_cpu/u_core_top/id_uop_q_reg[rs1][1]/C","student_top_inst/Core_cpu/u_core_top/scoreboard_q_reg[1][result][19]/R","setup"
2685,-0.224,5.000,4.933,7,"student_top_inst/Core_cpu/u_core_top/id_uop_q_reg[rs1][1]/C","student_top_inst/Core_cpu/u_core_top/scoreboard_q_reg[1][result][26]/R","setup"
2686,-0.224,5.000,4.933,7,"student_top_inst/Core_cpu/u_core_top/id_uop_q_reg[rs1][1]/C","student_top_inst/Core_cpu/u_core_top/scoreboard_q_reg[1][result][8]/R","setup"
2687,-0.224,5.000,4.472,0,"student_top_inst/cpu_rst_sync_reg/C","student_top_inst/Core_cpu/u_core_top/u_regfile/regs_q_reg[15][29]/R","setup"
2688,-0.223,5.000,4.692,9,"student_top_inst/Core_cpu/u_core_top/scoreboard_q_reg[4][fu][0]/C","student_top_inst/Core_cpu/u_core_top/u_muldiv/u_div/U0/i_synth/i_has_input_skid.i_2to1/gen_has_z_tready.reg1_b_tdata_reg[12]/CE","setup"
2689,-0.223,5.000,4.692,9,"student_top_inst/Core_cpu/u_core_top/scoreboard_q_reg[4][fu][0]/C","student_top_inst/Core_cpu/u_core_top/u_muldiv/u_div/U0/i_synth/i_has_input_skid.i_2to1/gen_has_z_tready.reg1_b_tdata_reg[13]/CE","setup"
2690,-0.223,5.000,4.692,9,"student_top_inst/Core_cpu/u_core_top/scoreboard_q_reg[4][fu][0]/C","student_top_inst/Core_cpu/u_core_top/u_muldiv/u_div/U0/i_synth/i_has_input_skid.i_2to1/gen_has_z_tready.reg1_b_tdata_reg[18]/CE","setup"
2691,-0.223,5.000,4.692,9,"student_top_inst/Core_cpu/u_core_top/scoreboard_q_reg[4][fu][0]/C","student_top_inst/Core_cpu/u_core_top/u_muldiv/u_div/U0/i_synth/i_has_input_skid.i_2to1/gen_has_z_tready.reg1_b_tdata_reg[19]/CE","setup"
2692,-0.223,5.000,4.692,9,"student_top_inst/Core_cpu/u_core_top/scoreboard_q_reg[4][fu][0]/C","student_top_inst/Core_cpu/u_core_top/u_muldiv/u_div/U0/i_synth/i_has_input_skid.i_2to1/gen_has_z_tready.reg1_b_tdata_reg[22]/CE","setup"
2693,-0.223,5.000,4.692,9,"student_top_inst/Core_cpu/u_core_top/scoreboard_q_reg[4][fu][0]/C","student_top_inst/Core_cpu/u_core_top/u_muldiv/u_div/U0/i_synth/i_has_input_skid.i_2to1/gen_has_z_tready.reg1_b_tdata_reg[30]/CE","setup"
2694,-0.223,5.000,5.065,7,"student_top_inst/Core_cpu/u_core_top/u_dcache/g_data_bank[3].u_data_bank/mem_q_reg_0/CLKBWRCLK","student_top_inst/Core_cpu/u_core_top/scoreboard_q_reg[5][result][29]/D","setup"
2695,-0.223,5.000,4.913,7,"student_top_inst/Core_cpu/u_core_top/id_uop_q_reg[rs1][1]/C","student_top_inst/Core_cpu/u_core_top/scoreboard_q_reg[2][csr_src][14]/R","setup"
2696,-0.223,5.000,4.913,7,"student_top_inst/Core_cpu/u_core_top/id_uop_q_reg[rs1][1]/C","student_top_inst/Core_cpu/u_core_top/scoreboard_q_reg[2][csr_src][16]/R","setup"
2697,-0.223,5.000,4.913,7,"student_top_inst/Core_cpu/u_core_top/id_uop_q_reg[rs1][1]/C","student_top_inst/Core_cpu/u_core_top/scoreboard_q_reg[2][csr_src][18]/R","setup"
2698,-0.223,5.000,4.913,7,"student_top_inst/Core_cpu/u_core_top/id_uop_q_reg[rs1][1]/C","student_top_inst/Core_cpu/u_core_top/scoreboard_q_reg[2][csr_src][20]/R","setup"
2699,-0.223,5.000,4.913,7,"student_top_inst/Core_cpu/u_core_top/id_uop_q_reg[rs1][1]/C","student_top_inst/Core_cpu/u_core_top/scoreboard_q_reg[2][csr_src][23]/R","setup"
2700,-0.223,5.000,4.913,7,"student_top_inst/Core_cpu/u_core_top/id_uop_q_reg[rs1][1]/C","student_top_inst/Core_cpu/u_core_top/scoreboard_q_reg[2][csr_src][30]/R","setup"
2701,-0.223,5.000,4.913,7,"student_top_inst/Core_cpu/u_core_top/id_uop_q_reg[rs1][1]/C","student_top_inst/Core_cpu/u_core_top/scoreboard_q_reg[2][csr_src][31]/R","setup"
2702,-0.223,5.000,4.913,7,"student_top_inst/Core_cpu/u_core_top/id_uop_q_reg[rs1][1]/C","student_top_inst/Core_cpu/u_core_top/scoreboard_q_reg[2][csr_src][6]/R","setup"
2703,-0.223,5.000,4.933,7,"student_top_inst/Core_cpu/u_core_top/commit_ptr_q_reg[2]_rep/C","student_top_inst/Core_cpu/u_core_top/u_csr/mepc_q_reg[3]/D","setup"
2704,-0.223,5.000,5.190,8,"student_top_inst/Core_cpu/u_core_top/u_muldiv/b_q_reg[22]/C","student_top_inst/Core_cpu/u_core_top/scoreboard_q_reg[6][csr_src][1]/D","setup"
2705,-0.223,5.000,4.831,10,"student_top_inst/Core_cpu/u_core_top/load_head_q_reg[0]/C","student_top_inst/Core_cpu/u_core_top/u_dcache/tag_read_q_reg[2]/CE","setup"
2706,-0.222,5.000,5.096,6,"student_top_inst/Core_cpu/u_core_top/commit_ptr_q_reg[2]_rep/C","student_top_inst/Core_cpu/u_core_top/wb_data_q_reg[6]/D","setup"
2707,-0.222,5.000,4.685,9,"student_top_inst/Core_cpu/u_core_top/scoreboard_q_reg[4][fu][0]/C","student_top_inst/Core_cpu/u_core_top/u_muldiv/u_div/U0/i_synth/i_has_input_skid.i_2to1/gen_has_z_tready.reg1_a_tdata_reg[4]/CE","setup"
2708,-0.222,5.000,4.613,0,"student_top_inst/cpu_rst_sync_reg/C","student_top_inst/Core_cpu/u_core_top/store_q_reg[2][addr][14]/R","setup"
2709,-0.221,5.000,5.252,12,"student_top_inst/Core_cpu/u_core_top/exec_q_reg[uop][imm][1]/C","student_top_inst/Core_cpu/u_core_top/exec_mem_addr_q_reg[3]/D","setup"
2710,-0.221,5.000,5.063,7,"student_top_inst/Core_cpu/u_core_top/u_dcache/g_data_bank[3].u_data_bank/mem_q_reg_0/CLKBWRCLK","student_top_inst/Core_cpu/u_core_top/scoreboard_q_reg[6][result][18]/D","setup"
2711,-0.221,5.000,4.443,0,"student_top_inst/cpu_rst_sync_reg/C","student_top_inst/Core_cpu/u_core_top/u_regfile/regs_q_reg[21][21]/R","setup"
2712,-0.221,5.000,4.443,0,"student_top_inst/cpu_rst_sync_reg/C","student_top_inst/Core_cpu/u_core_top/u_regfile/regs_q_reg[21][27]/R","setup"
2713,-0.221,5.000,4.443,0,"student_top_inst/cpu_rst_sync_reg/C","student_top_inst/Core_cpu/u_core_top/u_regfile/regs_q_reg[21][28]/R","setup"
2714,-0.221,5.000,4.443,0,"student_top_inst/cpu_rst_sync_reg/C","student_top_inst/Core_cpu/u_core_top/u_regfile/regs_q_reg[21][30]/R","setup"
2715,-0.221,5.000,4.443,0,"student_top_inst/cpu_rst_sync_reg/C","student_top_inst/Core_cpu/u_core_top/u_regfile/regs_q_reg[21][31]/R","setup"
2716,-0.221,5.000,4.672,11,"student_top_inst/Core_cpu/u_core_top/scoreboard_q_reg[4][fu][0]/C","student_top_inst/Core_cpu/u_core_top/scoreboard_q_reg[4][pc][10]/CE","setup"
2717,-0.221,5.000,4.672,11,"student_top_inst/Core_cpu/u_core_top/scoreboard_q_reg[4][fu][0]/C","student_top_inst/Core_cpu/u_core_top/scoreboard_q_reg[4][pc][7]/CE","setup"
2718,-0.220,5.000,5.065,7,"student_top_inst/Core_cpu/u_core_top/u_dcache/g_data_bank[3].u_data_bank/mem_q_reg_0/CLKBWRCLK","student_top_inst/Core_cpu/u_core_top/scoreboard_q_reg[6][result][13]/D","setup"
2719,-0.220,5.000,5.093,7,"student_top_inst/Core_cpu/u_core_top/u_dcache/g_data_bank[3].u_data_bank/mem_q_reg_0/CLKBWRCLK","student_top_inst/Core_cpu/u_core_top/scoreboard_q_reg[5][result][14]/D","setup"
2720,-0.220,5.000,5.064,7,"student_top_inst/Core_cpu/u_core_top/u_dcache/g_data_bank[3].u_data_bank/mem_q_reg_0/CLKBWRCLK","student_top_inst/Core_cpu/u_core_top/scoreboard_q_reg[2][result][11]/D","setup"
2721,-0.219,5.000,4.666,11,"student_top_inst/Core_cpu/u_core_top/scoreboard_q_reg[4][fu][0]/C","student_top_inst/Core_cpu/u_core_top/scoreboard_q_reg[5][csr_addr][6]/CE","setup"
2722,-0.219,5.000,4.666,11,"student_top_inst/Core_cpu/u_core_top/scoreboard_q_reg[4][fu][0]/C","student_top_inst/Core_cpu/u_core_top/scoreboard_q_reg[5][pc][15]/CE","setup"
2723,-0.219,5.000,4.666,11,"student_top_inst/Core_cpu/u_core_top/scoreboard_q_reg[4][fu][0]/C","student_top_inst/Core_cpu/u_core_top/scoreboard_q_reg[5][pc][20]/CE","setup"
2724,-0.219,5.000,4.441,0,"student_top_inst/cpu_rst_sync_reg/C","student_top_inst/Core_cpu/u_core_top/u_regfile/regs_q_reg[9][31]/R","setup"
2725,-0.219,5.000,4.686,9,"student_top_inst/Core_cpu/u_core_top/scoreboard_q_reg[4][fu][0]/C","student_top_inst/Core_cpu/u_core_top/u_muldiv/u_div/U0/i_synth/i_has_input_skid.i_2to1/gen_has_z_tready.reg1_b_tdata_reg[10]/CE","setup"
2726,-0.219,5.000,4.686,9,"student_top_inst/Core_cpu/u_core_top/scoreboard_q_reg[4][fu][0]/C","student_top_inst/Core_cpu/u_core_top/u_muldiv/u_div/U0/i_synth/i_has_input_skid.i_2to1/gen_has_z_tready.reg1_b_tdata_reg[11]/CE","setup"
2727,-0.219,5.000,4.905,7,"student_top_inst/Core_cpu/u_core_top/id_uop_q_reg[rs1][1]/C","student_top_inst/Core_cpu/u_core_top/scoreboard_q_reg[7][result][20]/R","setup"
2728,-0.219,5.000,4.905,7,"student_top_inst/Core_cpu/u_core_top/id_uop_q_reg[rs1][1]/C","student_top_inst/Core_cpu/u_core_top/scoreboard_q_reg[7][result][21]/R","setup"
2729,-0.219,5.000,4.905,7,"student_top_inst/Core_cpu/u_core_top/id_uop_q_reg[rs1][1]/C","student_top_inst/Core_cpu/u_core_top/scoreboard_q_reg[7][result][26]/R","setup"
2730,-0.219,5.000,4.905,7,"student_top_inst/Core_cpu/u_core_top/id_uop_q_reg[rs1][1]/C","student_top_inst/Core_cpu/u_core_top/scoreboard_q_reg[7][result][30]/R","setup"
2731,-0.219,5.000,4.484,9,"student_top_inst/Core_cpu/u_core_top/scoreboard_q_reg[4][fu][0]/C","student_top_inst/Core_cpu/u_core_top/u_dcache/g_data_bank[2].u_data_bank/mem_q_reg_1/ADDRARDADDR[11]","setup"
2732,-0.218,5.000,4.870,13,"student_top_inst/Core_cpu/u_core_top/scoreboard_q_reg[4][fu][0]/C","student_top_inst/Core_cpu/u_core_top/load_q_reg[1][forward_data][11]/CE","setup"
2733,-0.218,5.000,4.870,13,"student_top_inst/Core_cpu/u_core_top/scoreboard_q_reg[4][fu][0]/C","student_top_inst/Core_cpu/u_core_top/load_q_reg[1][forward_data][12]/CE","setup"
2734,-0.218,5.000,4.870,13,"student_top_inst/Core_cpu/u_core_top/scoreboard_q_reg[4][fu][0]/C","student_top_inst/Core_cpu/u_core_top/load_q_reg[1][forward_data][20]/CE","setup"
2735,-0.218,5.000,4.870,13,"student_top_inst/Core_cpu/u_core_top/scoreboard_q_reg[4][fu][0]/C","student_top_inst/Core_cpu/u_core_top/load_q_reg[1][forward_data][27]/CE","setup"
2736,-0.218,5.000,4.870,13,"student_top_inst/Core_cpu/u_core_top/scoreboard_q_reg[4][fu][0]/C","student_top_inst/Core_cpu/u_core_top/load_q_reg[1][forward_data][31]/CE","setup"
2737,-0.218,5.000,4.870,13,"student_top_inst/Core_cpu/u_core_top/scoreboard_q_reg[4][fu][0]/C","student_top_inst/Core_cpu/u_core_top/load_q_reg[1][forward_data][9]/CE","setup"
2738,-0.218,5.000,4.686,11,"student_top_inst/Core_cpu/u_core_top/scoreboard_q_reg[4][fu][0]/C","student_top_inst/Core_cpu/u_core_top/scoreboard_q_reg[5][csr_addr][7]/CE","setup"
2739,-0.218,5.000,4.686,11,"student_top_inst/Core_cpu/u_core_top/scoreboard_q_reg[4][fu][0]/C","student_top_inst/Core_cpu/u_core_top/scoreboard_q_reg[5][pc][12]/CE","setup"
2740,-0.218,5.000,4.686,11,"student_top_inst/Core_cpu/u_core_top/scoreboard_q_reg[4][fu][0]/C","student_top_inst/Core_cpu/u_core_top/scoreboard_q_reg[5][pc][28]/CE","setup"
2741,-0.217,5.000,4.965,5,"student_top_inst/mem_bridge/dram_adapter/dram/U0/inst_blk_mem_gen/gnbram.gnativebmg.native_blk_mem_gen/valid.cstr/has_mux_a.A/no_softecc_norm_sel2.has_mem_regs.WITHOUT_ECC_PIPE.ce_pri.sel_pipe_d1_reg[2]/C","student_top_inst/Core_cpu/u_core_top/u_dmem_regslice/resp_rdata_q_reg[10]/D","setup"
2742,-0.217,5.000,4.666,11,"student_top_inst/Core_cpu/u_core_top/scoreboard_q_reg[4][fu][0]/C","student_top_inst/Core_cpu/u_core_top/scoreboard_q_reg[4][link_addr][14]/CE","setup"
2743,-0.217,5.000,4.666,11,"student_top_inst/Core_cpu/u_core_top/scoreboard_q_reg[4][fu][0]/C","student_top_inst/Core_cpu/u_core_top/scoreboard_q_reg[4][link_addr][16]/CE","setup"
2744,-0.217,5.000,4.666,11,"student_top_inst/Core_cpu/u_core_top/scoreboard_q_reg[4][fu][0]/C","student_top_inst/Core_cpu/u_core_top/scoreboard_q_reg[4][link_addr][4]/CE","setup"
2745,-0.217,5.000,4.666,11,"student_top_inst/Core_cpu/u_core_top/scoreboard_q_reg[4][fu][0]/C","student_top_inst/Core_cpu/u_core_top/scoreboard_q_reg[4][link_addr][7]/CE","setup"
2746,-0.217,5.000,4.666,11,"student_top_inst/Core_cpu/u_core_top/scoreboard_q_reg[4][fu][0]/C","student_top_inst/Core_cpu/u_core_top/scoreboard_q_reg[4][pc][11]/CE","setup"
2747,-0.217,5.000,4.666,11,"student_top_inst/Core_cpu/u_core_top/scoreboard_q_reg[4][fu][0]/C","student_top_inst/Core_cpu/u_core_top/scoreboard_q_reg[4][pc][31]/CE","setup"
2748,-0.217,5.000,4.666,11,"student_top_inst/Core_cpu/u_core_top/scoreboard_q_reg[4][fu][0]/C","student_top_inst/Core_cpu/u_core_top/scoreboard_q_reg[4][pc][4]/CE","setup"
2749,-0.217,5.000,4.845,13,"student_top_inst/Core_cpu/u_core_top/scoreboard_q_reg[4][fu][0]/C","student_top_inst/Core_cpu/u_core_top/load_q_reg[0][addr][5]/CE","setup"
2750,-0.217,5.000,4.845,13,"student_top_inst/Core_cpu/u_core_top/scoreboard_q_reg[4][fu][0]/C","student_top_inst/Core_cpu/u_core_top/load_q_reg[0][addr][7]/CE","setup"
2751,-0.217,5.000,4.662,11,"student_top_inst/Core_cpu/u_core_top/scoreboard_q_reg[4][fu][0]/C","student_top_inst/Core_cpu/u_core_top/scoreboard_q_reg[4][csr_op][0]/CE","setup"
2752,-0.217,5.000,4.662,11,"student_top_inst/Core_cpu/u_core_top/scoreboard_q_reg[4][fu][0]/C","student_top_inst/Core_cpu/u_core_top/scoreboard_q_reg[4][pc][25]/CE","setup"
2753,-0.217,5.000,4.662,11,"student_top_inst/Core_cpu/u_core_top/scoreboard_q_reg[4][fu][0]/C","student_top_inst/Core_cpu/u_core_top/scoreboard_q_reg[4][pc][30]/CE","setup"
2754,-0.217,5.000,4.745,10,"student_top_inst/Core_cpu/u_core_top/scoreboard_q_reg[4][fu][0]/C","student_top_inst/Core_cpu/u_core_top/scoreboard_q_reg[3][result][25]/R","setup"
2755,-0.217,5.000,4.745,10,"student_top_inst/Core_cpu/u_core_top/scoreboard_q_reg[4][fu][0]/C","student_top_inst/Core_cpu/u_core_top/scoreboard_q_reg[3][result][26]/R","setup"
2756,-0.217,5.000,4.745,10,"student_top_inst/Core_cpu/u_core_top/scoreboard_q_reg[4][fu][0]/C","student_top_inst/Core_cpu/u_core_top/scoreboard_q_reg[3][result][2]/R","setup"
2757,-0.217,5.000,4.480,7,"student_top_inst/Core_cpu/u_core_top/load_head_q_reg[0]/C","student_top_inst/Core_cpu/u_core_top/u_dcache/g_data_bank[2].u_data_bank/mem_q_reg_1/ADDRBWRADDR[6]","setup"
2758,-0.216,5.000,4.436,0,"student_top_inst/cpu_rst_sync_reg/C","student_top_inst/Core_cpu/u_core_top/u_regfile/regs_q_reg[19][24]/R","setup"
2759,-0.216,5.000,4.436,0,"student_top_inst/cpu_rst_sync_reg/C","student_top_inst/Core_cpu/u_core_top/u_regfile/regs_q_reg[19][27]/R","setup"
2760,-0.216,5.000,4.659,9,"student_top_inst/Core_cpu/u_core_top/scoreboard_q_reg[4][fu][0]/C","student_top_inst/Core_cpu/u_core_top/u_muldiv/u_div/U0/i_synth/i_has_input_skid.i_2to1/gen_has_z_tready.reg1_a_tdata_reg[10]/CE","setup"
2761,-0.216,5.000,4.659,9,"student_top_inst/Core_cpu/u_core_top/scoreboard_q_reg[4][fu][0]/C","student_top_inst/Core_cpu/u_core_top/u_muldiv/u_div/U0/i_synth/i_has_input_skid.i_2to1/gen_has_z_tready.reg1_a_tdata_reg[11]/CE","setup"
2762,-0.216,5.000,4.659,9,"student_top_inst/Core_cpu/u_core_top/scoreboard_q_reg[4][fu][0]/C","student_top_inst/Core_cpu/u_core_top/u_muldiv/u_div/U0/i_synth/i_has_input_skid.i_2to1/gen_has_z_tready.reg1_a_tdata_reg[1]/CE","setup"
2763,-0.216,5.000,5.041,7,"student_top_inst/Core_cpu/u_core_top/exec_q_reg[op2][2]/C","student_top_inst/Core_cpu/u_core_top/scoreboard_q_reg[7][csr_src][26]/D","setup"
2764,-0.216,5.000,4.844,13,"student_top_inst/Core_cpu/u_core_top/scoreboard_q_reg[4][fu][0]/C","student_top_inst/Core_cpu/u_core_top/load_q_reg[1][store_seq_cutoff][7]/CE","setup"
2765,-0.216,5.000,5.079,7,"student_top_inst/Core_cpu/u_core_top/u_dcache/g_data_bank[3].u_data_bank/mem_q_reg_0/CLKBWRCLK","student_top_inst/Core_cpu/u_core_top/scoreboard_q_reg[5][csr_src][21]/D","setup"
2766,-0.216,5.000,4.894,7,"student_top_inst/Core_cpu/u_core_top/commit_ptr_q_reg[2]_rep/C","student_top_inst/Core_cpu/u_core_top/u_csr/mstatus_q_reg[15]/D","setup"
2767,-0.216,5.000,4.619,0,"student_top_inst/cpu_rst_sync_reg/C","student_top_inst/Core_cpu/u_core_top/store_q_reg[1][wdata][23]/R","setup"
2768,-0.216,5.000,4.619,0,"student_top_inst/cpu_rst_sync_reg/C","student_top_inst/Core_cpu/u_core_top/store_q_reg[1][wdata][3]/R","setup"
2769,-0.216,5.000,4.908,11,"student_top_inst/Core_cpu/u_core_top/scoreboard_q_reg[4][fu][0]/C","student_top_inst/Core_cpu/u_core_top/scoreboard_q_reg[6][csr_src][15]/CE","setup"
2770,-0.216,5.000,4.908,11,"student_top_inst/Core_cpu/u_core_top/scoreboard_q_reg[4][fu][0]/C","student_top_inst/Core_cpu/u_core_top/scoreboard_q_reg[6][csr_src][5]/CE","setup"
2771,-0.215,5.000,5.077,7,"student_top_inst/Core_cpu/u_core_top/u_dcache/g_data_bank[3].u_data_bank/mem_q_reg_0/CLKBWRCLK","student_top_inst/Core_cpu/u_core_top/scoreboard_q_reg[1][csr_src][18]/D","setup"
2772,-0.215,5.000,4.926,8,"student_top_inst/Core_cpu/u_core_top/id_uop_q_reg[rs1][1]/C","student_top_inst/Core_cpu/u_core_top/scoreboard_q_reg[3][csr_src][14]/R","setup"
2773,-0.215,5.000,4.926,8,"student_top_inst/Core_cpu/u_core_top/id_uop_q_reg[rs1][1]/C","student_top_inst/Core_cpu/u_core_top/scoreboard_q_reg[3][csr_src][16]/R","setup"
2774,-0.215,5.000,4.926,8,"student_top_inst/Core_cpu/u_core_top/id_uop_q_reg[rs1][1]/C","student_top_inst/Core_cpu/u_core_top/scoreboard_q_reg[3][csr_src][18]/R","setup"
2775,-0.215,5.000,4.926,8,"student_top_inst/Core_cpu/u_core_top/id_uop_q_reg[rs1][1]/C","student_top_inst/Core_cpu/u_core_top/scoreboard_q_reg[3][csr_src][23]/R","setup"
2776,-0.215,5.000,4.926,8,"student_top_inst/Core_cpu/u_core_top/id_uop_q_reg[rs1][1]/C","student_top_inst/Core_cpu/u_core_top/scoreboard_q_reg[3][csr_src][6]/R","setup"
2777,-0.215,5.000,4.926,8,"student_top_inst/Core_cpu/u_core_top/id_uop_q_reg[rs1][1]/C","student_top_inst/Core_cpu/u_core_top/scoreboard_q_reg[3][csr_src][7]/R","setup"
2778,-0.215,5.000,4.837,6,"student_top_inst/Core_cpu/u_core_top/commit_ptr_q_reg[2]_rep/C","student_top_inst/Core_cpu/u_core_top/u_csr/mcause_q_reg[31]/D","setup"
2779,-0.215,5.000,4.661,10,"student_top_inst/Core_cpu/u_core_top/scoreboard_q_reg[4][fu][0]/C","student_top_inst/Core_cpu/u_core_top/scoreboard_q_reg[0][csr_addr][0]/CE","setup"
2780,-0.215,5.000,4.661,10,"student_top_inst/Core_cpu/u_core_top/scoreboard_q_reg[4][fu][0]/C","student_top_inst/Core_cpu/u_core_top/scoreboard_q_reg[0][csr_addr][6]/CE","setup"
2781,-0.215,5.000,4.661,10,"student_top_inst/Core_cpu/u_core_top/scoreboard_q_reg[4][fu][0]/C","student_top_inst/Core_cpu/u_core_top/scoreboard_q_reg[0][csr_addr][7]/CE","setup"
2782,-0.215,5.000,4.661,10,"student_top_inst/Core_cpu/u_core_top/scoreboard_q_reg[4][fu][0]/C","student_top_inst/Core_cpu/u_core_top/scoreboard_q_reg[0][pc][28]/CE","setup"
2783,-0.214,5.000,4.907,11,"student_top_inst/Core_cpu/u_core_top/scoreboard_q_reg[4][fu][0]/C","student_top_inst/Core_cpu/u_core_top/exec_q_reg[op1][11]/CE","setup"
2784,-0.214,5.000,4.907,11,"student_top_inst/Core_cpu/u_core_top/scoreboard_q_reg[4][fu][0]/C","student_top_inst/Core_cpu/u_core_top/exec_q_reg[op1][23]/CE","setup"
2785,-0.214,5.000,5.056,7,"student_top_inst/Core_cpu/u_core_top/u_dcache/g_data_bank[1].u_data_bank/mem_q_reg_1/CLKBWRCLK","student_top_inst/Core_cpu/u_core_top/exec_q_reg[op2][27]/D","setup"
2786,-0.214,5.000,4.740,10,"student_top_inst/Core_cpu/u_core_top/scoreboard_q_reg[4][fu][0]/C","student_top_inst/Core_cpu/u_core_top/scoreboard_q_reg[0][result][20]/R","setup"
2787,-0.214,5.000,4.740,10,"student_top_inst/Core_cpu/u_core_top/scoreboard_q_reg[4][fu][0]/C","student_top_inst/Core_cpu/u_core_top/scoreboard_q_reg[0][result][22]/R","setup"
2788,-0.214,5.000,4.740,10,"student_top_inst/Core_cpu/u_core_top/scoreboard_q_reg[4][fu][0]/C","student_top_inst/Core_cpu/u_core_top/scoreboard_q_reg[0][result][23]/R","setup"
2789,-0.214,5.000,4.832,6,"student_top_inst/Core_cpu/u_core_top/commit_ptr_q_reg[2]_rep/C","student_top_inst/Core_cpu/u_core_top/u_csr/mscratch_q_reg[17]/D","setup"
2790,-0.213,5.000,4.837,13,"student_top_inst/Core_cpu/u_core_top/scoreboard_q_reg[4][fu][0]/C","student_top_inst/Core_cpu/u_core_top/load_q_reg[1][addr][15]/CE","setup"
2791,-0.213,5.000,4.837,13,"student_top_inst/Core_cpu/u_core_top/scoreboard_q_reg[4][fu][0]/C","student_top_inst/Core_cpu/u_core_top/load_q_reg[1][addr][16]/CE","setup"
2792,-0.213,5.000,4.837,13,"student_top_inst/Core_cpu/u_core_top/scoreboard_q_reg[4][fu][0]/C","student_top_inst/Core_cpu/u_core_top/load_q_reg[1][addr][17]/CE","setup"
2793,-0.213,5.000,4.837,13,"student_top_inst/Core_cpu/u_core_top/scoreboard_q_reg[4][fu][0]/C","student_top_inst/Core_cpu/u_core_top/load_q_reg[1][addr][2]/CE","setup"
2794,-0.213,5.000,4.837,13,"student_top_inst/Core_cpu/u_core_top/scoreboard_q_reg[4][fu][0]/C","student_top_inst/Core_cpu/u_core_top/load_q_reg[1][forward_mask][0]/CE","setup"
2795,-0.213,5.000,4.603,0,"student_top_inst/cpu_rst_sync_reg/C","student_top_inst/Core_cpu/u_core_top/store_q_reg[2][addr][8]/R","setup"
2796,-0.213,5.000,5.052,7,"student_top_inst/Core_cpu/u_core_top/u_dcache/g_data_bank[3].u_data_bank/mem_q_reg_0/CLKBWRCLK","student_top_inst/Core_cpu/u_core_top/scoreboard_q_reg[0][csr_src][3]/D","setup"
2797,-0.213,5.000,5.006,7,"student_top_inst/Core_cpu/u_core_top/exec_q_reg[op2][2]/C","student_top_inst/Core_cpu/u_core_top/scoreboard_q_reg[2][csr_src][26]/D","setup"
2798,-0.213,5.000,4.846,12,"student_top_inst/Core_cpu/u_core_top/scoreboard_q_reg[4][fu][0]/C","student_top_inst/Core_cpu/u_core_top/load_active_meta_q_reg[forward_data][17]/CE","setup"
2799,-0.213,5.000,4.894,7,"student_top_inst/Core_cpu/u_core_top/commit_ptr_q_reg[2]_rep/C","student_top_inst/Core_cpu/u_core_top/u_csr/mepc_q_reg[10]/D","setup"
2800,-0.212,5.000,4.477,9,"student_top_inst/Core_cpu/u_core_top/scoreboard_q_reg[4][fu][0]/C","student_top_inst/Core_cpu/u_core_top/u_dcache/g_data_bank[2].u_data_bank/mem_q_reg_1/ADDRARDADDR[5]","setup"
2801,-0.212,5.000,4.838,13,"student_top_inst/Core_cpu/u_core_top/scoreboard_q_reg[4][fu][0]/C","student_top_inst/Core_cpu/u_core_top/load_q_reg[0][addr][3]/CE","setup"
2802,-0.212,5.000,4.838,13,"student_top_inst/Core_cpu/u_core_top/scoreboard_q_reg[4][fu][0]/C","student_top_inst/Core_cpu/u_core_top/load_q_reg[0][store_seq_cutoff][3]/CE","setup"
2803,-0.212,5.000,5.056,7,"student_top_inst/Core_cpu/u_core_top/u_dcache/g_data_bank[3].u_data_bank/mem_q_reg_0/CLKBWRCLK","student_top_inst/Core_cpu/u_core_top/scoreboard_q_reg[4][result][13]/D","setup"
2804,-0.212,5.000,5.094,7,"student_top_inst/Core_cpu/u_core_top/u_dcache/g_data_bank[3].u_data_bank/mem_q_reg_0/CLKBWRCLK","student_top_inst/Core_cpu/u_core_top/scoreboard_q_reg[0][csr_src][15]/D","setup"
2805,-0.211,5.000,4.431,0,"student_top_inst/cpu_rst_sync_reg/C","student_top_inst/Core_cpu/u_core_top/u_regfile/regs_q_reg[8][27]/R","setup"
2806,-0.211,5.000,5.139,1,"student_top_inst/Core_cpu/u_core_top/u_dmem_regslice/req_wdata_q_reg[7]/C","student_top_inst/mem_bridge/dram_adapter/dram/U0/inst_blk_mem_gen/gnbram.gnativebmg.native_blk_mem_gen/valid.cstr/ramloop[9].ram.r/prim_init.ram/DEVICE_7SERIES.NO_BMM_INFO.SP.SIMPLE_PRIM36.ram/DIADI[7]","setup"
2807,-0.211,5.000,5.019,7,"student_top_inst/Core_cpu/u_core_top/id_uop_q_reg[rs1][1]/C","student_top_inst/Core_cpu/u_core_top/scoreboard_q_reg[2][csr_src][2]/CE","setup"
2808,-0.210,5.000,5.083,11,"student_top_inst/Core_cpu/u_core_top/store_head_q_reg[0]/C","student_top_inst/Core_cpu/u_core_top/load_q_reg[1][forward_data][18]/D","setup"
2809,-0.210,5.000,5.052,7,"student_top_inst/Core_cpu/u_core_top/u_dcache/g_data_bank[3].u_data_bank/mem_q_reg_0/CLKBWRCLK","student_top_inst/Core_cpu/u_core_top/scoreboard_q_reg[5][result][21]/D","setup"
2810,-0.210,5.000,4.846,0,"student_top_inst/Core_cpu/u_core_top/u_dmem_regslice/req_addr_q_reg[3]/C","student_top_inst/mem_bridge/dram_adapter/dram/U0/inst_blk_mem_gen/gnbram.gnativebmg.native_blk_mem_gen/valid.cstr/ramloop[0].ram.r/prim_init.ram/DEVICE_7SERIES.NO_BMM_INFO.SP.SIMPLE_PRIM36.ram/ADDRARDADDR[4]","setup"
2811,-0.209,5.000,4.459,0,"student_top_inst/cpu_rst_sync_reg/C","student_top_inst/Core_cpu/u_core_top/u_regfile/regs_q_reg[7][29]/R","setup"
2812,-0.209,5.000,4.429,0,"student_top_inst/cpu_rst_sync_reg/C","student_top_inst/Core_cpu/u_core_top/u_regfile/regs_q_reg[31][27]/R","setup"
2813,-0.209,5.000,4.429,0,"student_top_inst/cpu_rst_sync_reg/C","student_top_inst/Core_cpu/u_core_top/u_regfile/regs_q_reg[31][28]/R","setup"
2814,-0.209,5.000,5.080,7,"student_top_inst/Core_cpu/u_core_top/u_dcache/g_data_bank[3].u_data_bank/mem_q_reg_0/CLKBWRCLK","student_top_inst/Core_cpu/u_core_top/scoreboard_q_reg[3][csr_src][23]/D","setup"
2815,-0.209,5.000,4.759,10,"student_top_inst/Core_cpu/u_core_top/scoreboard_q_reg[4][fu][0]/C","student_top_inst/Core_cpu/u_core_top/scoreboard_q_reg[5][result][24]/R","setup"
2816,-0.209,5.000,4.759,10,"student_top_inst/Core_cpu/u_core_top/scoreboard_q_reg[4][fu][0]/C","student_top_inst/Core_cpu/u_core_top/scoreboard_q_reg[5][result][27]/R","setup"
2817,-0.209,5.000,4.759,10,"student_top_inst/Core_cpu/u_core_top/scoreboard_q_reg[4][fu][0]/C","student_top_inst/Core_cpu/u_core_top/scoreboard_q_reg[5][result][31]/R","setup"
2818,-0.209,5.000,4.433,0,"student_top_inst/cpu_rst_sync_reg/C","student_top_inst/Core_cpu/u_core_top/u_regfile/regs_q_reg[12][29]/R","setup"
2819,-0.209,5.000,4.844,11,"student_top_inst/Core_cpu/u_core_top/scoreboard_q_reg[4][fu][0]/C","student_top_inst/Core_cpu/u_core_top/exec_q_reg[op2][3]/CE","setup"
2820,-0.209,5.000,4.917,7,"student_top_inst/Core_cpu/u_core_top/commit_ptr_q_reg[2]_rep/C","student_top_inst/Core_cpu/u_core_top/u_csr/mcause_q_reg[4]/D","setup"
2821,-0.209,5.000,4.890,7,"student_top_inst/Core_cpu/u_core_top/commit_ptr_q_reg[2]_rep/C","student_top_inst/Core_cpu/u_core_top/u_csr/mepc_q_reg[11]/D","setup"
2822,-0.209,5.000,4.614,0,"student_top_inst/cpu_rst_sync_reg/C","student_top_inst/Core_cpu/u_core_top/store_q_reg[2][wdata][26]/R","setup"
2823,-0.209,5.000,4.614,0,"student_top_inst/cpu_rst_sync_reg/C","student_top_inst/Core_cpu/u_core_top/store_q_reg[2][wdata][31]/R","setup"
2824,-0.208,5.000,4.613,0,"student_top_inst/cpu_rst_sync_reg/C","student_top_inst/Core_cpu/u_core_top/store_q_reg[2][wdata][12]/R","setup"
2825,-0.208,5.000,4.860,13,"student_top_inst/Core_cpu/u_core_top/scoreboard_q_reg[4][fu][0]/C","student_top_inst/Core_cpu/u_core_top/load_q_reg[1][forward_data][14]/CE","setup"
2826,-0.208,5.000,5.070,7,"student_top_inst/Core_cpu/u_core_top/u_dcache/g_data_bank[3].u_data_bank/mem_q_reg_0/CLKBWRCLK","student_top_inst/Core_cpu/u_core_top/scoreboard_q_reg[3][csr_src][29]/D","setup"
2827,-0.208,5.000,5.170,11,"student_top_inst/Core_cpu/u_core_top/exec_q_reg[uop][imm][1]/C","student_top_inst/Core_cpu/u_core_top/scoreboard_q_reg[7][csr_src][0]/D","setup"
2828,-0.208,5.000,5.073,7,"student_top_inst/Core_cpu/u_core_top/u_dcache/g_data_bank[3].u_data_bank/mem_q_reg_0/CLKBWRCLK","student_top_inst/Core_cpu/u_core_top/scoreboard_q_reg[3][csr_src][15]/D","setup"
2829,-0.208,5.000,5.071,5,"student_top_inst/Core_cpu/u_core_top/u_dcache/g_data_bank[3].u_data_bank/mem_q_reg_0/CLKBWRCLK","student_top_inst/Core_cpu/u_core_top/scoreboard_q_reg[5][csr_src][6]/D","setup"
2830,-0.208,5.000,5.045,6,"student_top_inst/Core_cpu/u_core_top/u_dcache/g_data_bank[1].u_data_bank/mem_q_reg_1/CLKBWRCLK","student_top_inst/Core_cpu/u_core_top/scoreboard_q_reg[1][result][27]/D","setup"
2831,-0.208,5.000,4.836,6,"student_top_inst/Core_cpu/u_core_top/commit_ptr_q_reg[2]_rep/C","student_top_inst/Core_cpu/u_core_top/u_csr/mcause_q_reg[6]/D","setup"
2832,-0.206,5.000,4.612,0,"student_top_inst/cpu_rst_sync_reg/C","student_top_inst/Core_cpu/u_core_top/store_q_reg[1][wdata][25]/R","setup"
2833,-0.206,5.000,4.612,0,"student_top_inst/cpu_rst_sync_reg/C","student_top_inst/Core_cpu/u_core_top/store_q_reg[1][wdata][26]/R","setup"
2834,-0.206,5.000,4.612,0,"student_top_inst/cpu_rst_sync_reg/C","student_top_inst/Core_cpu/u_core_top/store_q_reg[1][wdata][31]/R","setup"
2835,-0.206,5.000,5.049,7,"student_top_inst/Core_cpu/u_core_top/u_dcache/g_data_bank[3].u_data_bank/mem_q_reg_0/CLKBWRCLK","student_top_inst/Core_cpu/u_core_top/scoreboard_q_reg[3][result][21]/D","setup"
2836,-0.206,5.000,5.011,0,"student_top_inst/Core_cpu/u_core_top/u_dmem_regslice/req_addr_q_reg[3]/C","student_top_inst/mem_bridge/dram_adapter/dram/U0/inst_blk_mem_gen/gnbram.gnativebmg.native_blk_mem_gen/valid.cstr/ramloop[5].ram.r/prim_init.ram/DEVICE_7SERIES.NO_BMM_INFO.SP.SIMPLE_PRIM36.ram/ADDRARDADDR[4]","setup"
2837,-0.206,5.000,5.048,7,"student_top_inst/Core_cpu/u_core_top/u_dcache/g_data_bank[3].u_data_bank/mem_q_reg_0/CLKBWRCLK","student_top_inst/Core_cpu/u_core_top/scoreboard_q_reg[1][result][29]/D","setup"
2838,-0.206,5.000,4.424,0,"student_top_inst/cpu_rst_sync_reg/C","student_top_inst/Core_cpu/u_core_top/u_regfile/regs_q_reg[30][21]/R","setup"
2839,-0.206,5.000,4.424,0,"student_top_inst/cpu_rst_sync_reg/C","student_top_inst/Core_cpu/u_core_top/u_regfile/regs_q_reg[30][27]/R","setup"
2840,-0.206,5.000,4.424,0,"student_top_inst/cpu_rst_sync_reg/C","student_top_inst/Core_cpu/u_core_top/u_regfile/regs_q_reg[30][28]/R","setup"
2841,-0.206,5.000,4.832,13,"student_top_inst/Core_cpu/u_core_top/scoreboard_q_reg[4][fu][0]/C","student_top_inst/Core_cpu/u_core_top/load_q_reg[1][addr][4]/CE","setup"
2842,-0.206,5.000,4.832,13,"student_top_inst/Core_cpu/u_core_top/scoreboard_q_reg[4][fu][0]/C","student_top_inst/Core_cpu/u_core_top/load_q_reg[1][addr][5]/CE","setup"
2843,-0.206,5.000,4.832,13,"student_top_inst/Core_cpu/u_core_top/scoreboard_q_reg[4][fu][0]/C","student_top_inst/Core_cpu/u_core_top/load_q_reg[1][forward_data][4]/CE","setup"
2844,-0.206,5.000,4.832,13,"student_top_inst/Core_cpu/u_core_top/scoreboard_q_reg[4][fu][0]/C","student_top_inst/Core_cpu/u_core_top/load_q_reg[1][store_seq_cutoff][2]/CE","setup"
2845,-0.205,5.000,4.941,7,"student_top_inst/Core_cpu/u_core_top/commit_ptr_q_reg[2]_rep/C","student_top_inst/Core_cpu/u_core_top/u_csr/mtval_q_reg[30]/D","setup"
2846,-0.204,5.000,5.047,7,"student_top_inst/Core_cpu/u_core_top/u_dcache/g_data_bank[3].u_data_bank/mem_q_reg_0/CLKBWRCLK","student_top_inst/Core_cpu/u_core_top/scoreboard_q_reg[1][result][23]/D","setup"
2847,-0.204,5.000,5.075,7,"student_top_inst/Core_cpu/u_core_top/u_dcache/g_data_bank[3].u_data_bank/mem_q_reg_0/CLKBWRCLK","student_top_inst/Core_cpu/u_core_top/exec_q_reg[op1][21]/D","setup"
2848,-0.203,5.000,4.897,11,"student_top_inst/Core_cpu/u_core_top/scoreboard_q_reg[4][fu][0]/C","student_top_inst/Core_cpu/u_core_top/scoreboard_q_reg[6][csr_src][3]/CE","setup"
2849,-0.203,5.000,4.671,11,"student_top_inst/Core_cpu/u_core_top/scoreboard_q_reg[4][fu][0]/C","student_top_inst/Core_cpu/u_core_top/scoreboard_q_reg[5][csr_addr][1]/CE","setup"
2850,-0.203,5.000,4.671,11,"student_top_inst/Core_cpu/u_core_top/scoreboard_q_reg[4][fu][0]/C","student_top_inst/Core_cpu/u_core_top/scoreboard_q_reg[5][csr_addr][3]/CE","setup"
2851,-0.203,5.000,4.671,11,"student_top_inst/Core_cpu/u_core_top/scoreboard_q_reg[4][fu][0]/C","student_top_inst/Core_cpu/u_core_top/scoreboard_q_reg[5][csr_addr][5]/CE","setup"
2852,-0.203,5.000,4.671,11,"student_top_inst/Core_cpu/u_core_top/scoreboard_q_reg[4][fu][0]/C","student_top_inst/Core_cpu/u_core_top/scoreboard_q_reg[5][link_addr][21]/CE","setup"
2853,-0.203,5.000,4.671,11,"student_top_inst/Core_cpu/u_core_top/scoreboard_q_reg[4][fu][0]/C","student_top_inst/Core_cpu/u_core_top/scoreboard_q_reg[5][pc][23]/CE","setup"
2854,-0.203,5.000,4.830,13,"student_top_inst/Core_cpu/u_core_top/scoreboard_q_reg[4][fu][0]/C","student_top_inst/Core_cpu/u_core_top/load_q_reg[1][store_seq_cutoff][1]/CE","setup"
2855,-0.203,5.000,4.830,13,"student_top_inst/Core_cpu/u_core_top/scoreboard_q_reg[4][fu][0]/C","student_top_inst/Core_cpu/u_core_top/load_q_reg[1][store_seq_cutoff][5]/CE","setup"
2856,-0.203,5.000,5.046,7,"student_top_inst/Core_cpu/u_core_top/u_dcache/g_data_bank[3].u_data_bank/mem_q_reg_0/CLKBWRCLK","student_top_inst/Core_cpu/u_core_top/scoreboard_q_reg[2][result][18]/D","setup"
2857,-0.203,5.000,5.055,7,"student_top_inst/Core_cpu/u_core_top/u_dcache/g_data_bank[3].u_data_bank/mem_q_reg_0/CLKBWRCLK","student_top_inst/Core_cpu/u_core_top/scoreboard_q_reg[7][csr_src][31]/D","setup"
2858,-0.203,5.000,5.077,7,"student_top_inst/Core_cpu/u_core_top/u_dcache/g_data_bank[3].u_data_bank/mem_q_reg_0/CLKBWRCLK","student_top_inst/Core_cpu/u_core_top/scoreboard_q_reg[5][result][31]/D","setup"
2859,-0.202,5.000,5.104,11,"student_top_inst/Core_cpu/u_core_top/store_head_q_reg[1]/C","student_top_inst/Core_cpu/u_core_top/load_q_reg[1][forward_data][25]/D","setup"
2860,-0.202,5.000,4.605,0,"student_top_inst/cpu_rst_sync_reg/C","student_top_inst/Core_cpu/u_core_top/store_q_reg[2][wdata][23]/R","setup"
2861,-0.201,5.000,5.041,7,"student_top_inst/Core_cpu/u_core_top/u_dcache/g_data_bank[3].u_data_bank/mem_q_reg_0/CLKBWRCLK","student_top_inst/Core_cpu/u_core_top/exec_q_reg[op1][31]/D","setup"
2862,-0.201,5.000,4.982,7,"student_top_inst/Core_cpu/u_core_top/exec_q_reg[op2][4]/C","student_top_inst/Core_cpu/u_core_top/scoreboard_q_reg[1][csr_src][14]/D","setup"
2863,-0.201,5.000,5.092,11,"student_top_inst/Core_cpu/u_core_top/store_head_q_reg[0]/C","student_top_inst/Core_cpu/u_core_top/load_q_reg[0][forward_data][23]/D","setup"
2864,-0.201,5.000,4.990,7,"student_top_inst/Core_cpu/u_core_top/id_uop_q_reg[rs1][1]/C","student_top_inst/Core_cpu/u_core_top/scoreboard_q_reg[0][csr_src][2]/CE","setup"
2865,-0.200,5.000,4.666,9,"student_top_inst/Core_cpu/u_core_top/scoreboard_q_reg[4][fu][0]/C","student_top_inst/Core_cpu/u_core_top/u_muldiv/u_div/U0/i_synth/i_has_input_skid.i_2to1/gen_has_z_tready.reg1_b_tdata_reg[3]/CE","setup"
2866,-0.200,5.000,4.670,11,"student_top_inst/Core_cpu/u_core_top/scoreboard_q_reg[4][fu][0]/C","student_top_inst/Core_cpu/u_core_top/scoreboard_q_reg[5][is_return]/CE","setup"
2867,-0.200,5.000,4.670,11,"student_top_inst/Core_cpu/u_core_top/scoreboard_q_reg[4][fu][0]/C","student_top_inst/Core_cpu/u_core_top/scoreboard_q_reg[5][pc][17]/CE","setup"
2868,-0.200,5.000,5.136,10,"student_top_inst/Core_cpu/u_core_top/store_head_q_reg[0]/C","student_top_inst/Core_cpu/u_core_top/load_q_reg[1][forward_data][1]/D","setup"
2869,-0.200,5.000,4.663,9,"student_top_inst/Core_cpu/u_core_top/scoreboard_q_reg[4][fu][0]/C","student_top_inst/Core_cpu/u_core_top/u_muldiv/u_div/U0/i_synth/i_has_input_skid.i_2to1/gen_has_z_tready.reg1_a_tdata_reg[22]/CE","setup"
2870,-0.200,5.000,4.663,9,"student_top_inst/Core_cpu/u_core_top/scoreboard_q_reg[4][fu][0]/C","student_top_inst/Core_cpu/u_core_top/u_muldiv/u_div/U0/i_synth/i_has_input_skid.i_2to1/gen_has_z_tready.reg1_a_tdata_reg[23]/CE","setup"
2871,-0.198,5.000,4.405,0,"student_top_inst/cpu_rst_sync_reg/C","student_top_inst/Core_cpu/u_core_top/u_perf_counters/commit_o_reg[24]/R","setup"
2872,-0.198,5.000,4.405,0,"student_top_inst/cpu_rst_sync_reg/C","student_top_inst/Core_cpu/u_core_top/u_perf_counters/commit_o_reg[25]/R","setup"
2873,-0.198,5.000,4.405,0,"student_top_inst/cpu_rst_sync_reg/C","student_top_inst/Core_cpu/u_core_top/u_perf_counters/commit_o_reg[26]/R","setup"
2874,-0.198,5.000,4.405,0,"student_top_inst/cpu_rst_sync_reg/C","student_top_inst/Core_cpu/u_core_top/u_perf_counters/commit_o_reg[27]/R","setup"
2875,-0.198,5.000,4.589,0,"student_top_inst/cpu_rst_sync_reg/C","student_top_inst/Core_cpu/u_core_top/load_active_meta_q_reg[addr][0]/R","setup"
2876,-0.198,5.000,4.589,0,"student_top_inst/cpu_rst_sync_reg/C","student_top_inst/Core_cpu/u_core_top/load_active_meta_q_reg[forward_data][4]/R","setup"
2877,-0.197,5.000,5.053,6,"student_top_inst/Core_cpu/u_core_top/u_dcache/g_data_bank[1].u_data_bank/mem_q_reg_1/CLKBWRCLK","student_top_inst/Core_cpu/u_core_top/scoreboard_q_reg[5][csr_src][19]/D","setup"
2878,-0.197,5.000,5.060,7,"student_top_inst/Core_cpu/u_core_top/u_dcache/g_data_bank[3].u_data_bank/mem_q_reg_0/CLKBWRCLK","student_top_inst/Core_cpu/u_core_top/scoreboard_q_reg[1][csr_src][31]/D","setup"
2879,-0.197,5.000,4.588,0,"student_top_inst/cpu_rst_sync_reg/C","student_top_inst/Core_cpu/u_core_top/store_q_reg[3][addr][16]/R","setup"
2880,-0.197,5.000,4.902,7,"student_top_inst/Core_cpu/u_core_top/commit_ptr_q_reg[2]_rep/C","student_top_inst/Core_cpu/u_core_top/u_csr/mtval_q_reg[7]/D","setup"
2881,-0.196,5.000,5.037,7,"student_top_inst/Core_cpu/u_core_top/u_dcache/g_data_bank[3].u_data_bank/mem_q_reg_0/CLKBWRCLK","student_top_inst/Core_cpu/u_core_top/scoreboard_q_reg[6][result][21]/D","setup"
2882,-0.196,5.000,5.040,7,"student_top_inst/Core_cpu/u_core_top/u_dcache/g_data_bank[3].u_data_bank/mem_q_reg_0/CLKBWRCLK","student_top_inst/Core_cpu/u_core_top/scoreboard_q_reg[1][result][22]/D","setup"
2883,-0.196,5.000,4.805,10,"student_top_inst/Core_cpu/u_core_top/load_head_q_reg[0]/C","student_top_inst/Core_cpu/u_core_top/u_dcache/p_2_out__4_rep/CE","setup"
2884,-0.196,5.000,4.805,10,"student_top_inst/Core_cpu/u_core_top/load_head_q_reg[0]/C","student_top_inst/Core_cpu/u_core_top/u_dcache/p_2_out__4_rep__2/CE","setup"
2885,-0.196,5.000,4.829,11,"student_top_inst/Core_cpu/u_core_top/scoreboard_q_reg[4][fu][0]/C","student_top_inst/Core_cpu/u_core_top/exec_q_reg[uop][rd][0]/CE","setup"
2886,-0.196,5.000,4.403,0,"student_top_inst/cpu_rst_sync_reg/C","student_top_inst/Core_cpu/u_core_top/u_csr/mepc_q_reg[15]/R","setup"
2887,-0.196,5.000,4.403,0,"student_top_inst/cpu_rst_sync_reg/C","student_top_inst/Core_cpu/u_core_top/u_csr/mepc_q_reg[16]/R","setup"
2888,-0.196,5.000,4.403,0,"student_top_inst/cpu_rst_sync_reg/C","student_top_inst/Core_cpu/u_core_top/u_csr/mepc_q_reg[21]/R","setup"
2889,-0.196,5.000,4.403,0,"student_top_inst/cpu_rst_sync_reg/C","student_top_inst/Core_cpu/u_core_top/u_csr/mepc_q_reg[22]/R","setup"
2890,-0.196,5.000,4.403,0,"student_top_inst/cpu_rst_sync_reg/C","student_top_inst/Core_cpu/u_core_top/u_csr/mepc_q_reg[29]/R","setup"
2891,-0.196,5.000,4.403,0,"student_top_inst/cpu_rst_sync_reg/C","student_top_inst/Core_cpu/u_core_top/u_csr/mepc_q_reg[30]/R","setup"
2892,-0.195,5.000,4.587,0,"student_top_inst/cpu_rst_sync_reg/C","student_top_inst/Core_cpu/u_core_top/load_active_meta_q_reg[forward_data][5]/R","setup"
2893,-0.195,5.000,4.587,0,"student_top_inst/cpu_rst_sync_reg/C","student_top_inst/Core_cpu/u_core_top/load_active_meta_q_reg[forward_mask][3]/R","setup"
2894,-0.195,5.000,4.986,7,"student_top_inst/Core_cpu/u_core_top/id_uop_q_reg[rs1][1]/C","student_top_inst/Core_cpu/u_core_top/scoreboard_q_reg[0][csr_src][3]/CE","setup"
2895,-0.195,5.000,4.986,7,"student_top_inst/Core_cpu/u_core_top/id_uop_q_reg[rs1][1]/C","student_top_inst/Core_cpu/u_core_top/scoreboard_q_reg[0][fu][1]/CE","setup"
2896,-0.195,5.000,4.986,7,"student_top_inst/Core_cpu/u_core_top/id_uop_q_reg[rs1][1]/C","student_top_inst/Core_cpu/u_core_top/scoreboard_q_reg[0][sys_op][1]/CE","setup"
2897,-0.195,5.000,4.876,7,"student_top_inst/Core_cpu/u_core_top/commit_ptr_q_reg[2]_rep/C","student_top_inst/Core_cpu/u_core_top/u_csr/mtval_q_reg[17]/D","setup"
2898,-0.195,5.000,4.834,0,"student_top_inst/Core_cpu/u_core_top/u_dmem_regslice/req_addr_q_reg[6]/C","student_top_inst/mem_bridge/dram_adapter/dram/U0/inst_blk_mem_gen/gnbram.gnativebmg.native_blk_mem_gen/valid.cstr/ramloop[0].ram.r/prim_init.ram/DEVICE_7SERIES.NO_BMM_INFO.SP.SIMPLE_PRIM36.ram/ADDRARDADDR[7]","setup"
2899,-0.195,5.000,5.125,6,"student_top_inst/Core_cpu/u_core_top/u_dcache/g_data_bank[1].u_data_bank/mem_q_reg_1/CLKBWRCLK","student_top_inst/Core_cpu/u_core_top/scoreboard_q_reg[7][result][27]/D","setup"
2900,-0.195,5.000,5.047,6,"student_top_inst/Core_cpu/u_core_top/u_dcache/g_data_bank[3].u_data_bank/mem_q_reg_0/CLKBWRCLK","student_top_inst/Core_cpu/u_core_top/scoreboard_q_reg[4][csr_src][4]/D","setup"
2901,-0.195,5.000,4.632,9,"student_top_inst/Core_cpu/u_core_top/scoreboard_q_reg[4][fu][0]/C","student_top_inst/Core_cpu/u_core_top/u_muldiv/u_div/U0/i_synth/i_has_input_skid.i_2to1/gen_has_z_tready.reg1_a_tdata_reg[2]/CE","setup"
2902,-0.195,5.000,5.157,11,"student_top_inst/Core_cpu/u_core_top/exec_q_reg[uop][imm][1]/C","student_top_inst/Core_cpu/u_core_top/scoreboard_q_reg[0][csr_src][0]/D","setup"
2903,-0.195,5.000,4.927,7,"student_top_inst/Core_cpu/u_core_top/commit_ptr_q_reg[2]_rep/C","student_top_inst/Core_cpu/u_core_top/u_csr/mtval_q_reg[9]/D","setup"
2904,-0.194,5.000,4.644,11,"student_top_inst/Core_cpu/u_core_top/scoreboard_q_reg[4][fu][0]/C","student_top_inst/Core_cpu/u_core_top/scoreboard_q_reg[7][link_addr][16]/CE","setup"
2905,-0.194,5.000,4.644,11,"student_top_inst/Core_cpu/u_core_top/scoreboard_q_reg[4][fu][0]/C","student_top_inst/Core_cpu/u_core_top/scoreboard_q_reg[7][link_addr][18]/CE","setup"
2906,-0.194,5.000,4.644,11,"student_top_inst/Core_cpu/u_core_top/scoreboard_q_reg[4][fu][0]/C","student_top_inst/Core_cpu/u_core_top/scoreboard_q_reg[7][link_addr][5]/CE","setup"
2907,-0.194,5.000,4.644,11,"student_top_inst/Core_cpu/u_core_top/scoreboard_q_reg[4][fu][0]/C","student_top_inst/Core_cpu/u_core_top/scoreboard_q_reg[7][link_addr][6]/CE","setup"
2908,-0.194,5.000,4.644,11,"student_top_inst/Core_cpu/u_core_top/scoreboard_q_reg[4][fu][0]/C","student_top_inst/Core_cpu/u_core_top/scoreboard_q_reg[7][link_addr][7]/CE","setup"
2909,-0.194,5.000,5.036,6,"student_top_inst/Core_cpu/u_core_top/u_dcache/g_data_bank[3].u_data_bank/mem_q_reg_0/CLKBWRCLK","student_top_inst/Core_cpu/u_core_top/scoreboard_q_reg[5][csr_src][4]/D","setup"
2910,-0.194,5.000,5.036,7,"student_top_inst/Core_cpu/u_core_top/u_dcache/g_data_bank[3].u_data_bank/mem_q_reg_0/CLKBWRCLK","student_top_inst/Core_cpu/u_core_top/scoreboard_q_reg[6][result][20]/D","setup"
2911,-0.193,5.000,4.899,7,"student_top_inst/Core_cpu/u_core_top/commit_ptr_q_reg[2]_rep/C","student_top_inst/Core_cpu/u_core_top/u_csr/mepc_q_reg[8]/D","setup"
2912,-0.193,5.000,4.436,0,"student_top_inst/cpu_rst_sync_reg/C","student_top_inst/Core_cpu/u_core_top/u_regfile/regs_q_reg[23][27]/R","setup"
2913,-0.193,5.000,4.898,7,"student_top_inst/Core_cpu/u_core_top/commit_ptr_q_reg[2]_rep/C","student_top_inst/Core_cpu/u_core_top/u_csr/mepc_q_reg[16]/D","setup"
2914,-0.192,5.000,4.639,11,"student_top_inst/Core_cpu/u_core_top/scoreboard_q_reg[4][fu][0]/C","student_top_inst/Core_cpu/u_core_top/scoreboard_q_reg[7][csr_addr][6]/CE","setup"
2915,-0.192,5.000,4.639,11,"student_top_inst/Core_cpu/u_core_top/scoreboard_q_reg[4][fu][0]/C","student_top_inst/Core_cpu/u_core_top/scoreboard_q_reg[7][link_addr][0]/CE","setup"
2916,-0.192,5.000,4.639,11,"student_top_inst/Core_cpu/u_core_top/scoreboard_q_reg[4][fu][0]/C","student_top_inst/Core_cpu/u_core_top/scoreboard_q_reg[7][link_addr][26]/CE","setup"
2917,-0.192,5.000,4.639,11,"student_top_inst/Core_cpu/u_core_top/scoreboard_q_reg[4][fu][0]/C","student_top_inst/Core_cpu/u_core_top/scoreboard_q_reg[7][link_addr][30]/CE","setup"
2918,-0.192,5.000,4.639,11,"student_top_inst/Core_cpu/u_core_top/scoreboard_q_reg[4][fu][0]/C","student_top_inst/Core_cpu/u_core_top/scoreboard_q_reg[7][pc][22]/CE","setup"
2919,-0.192,5.000,5.145,11,"student_top_inst/Core_cpu/u_core_top/exec_q_reg[uop][imm][1]/C","student_top_inst/Core_cpu/u_core_top/scoreboard_q_reg[1][csr_src][0]/D","setup"
2920,-0.191,5.000,4.830,0,"student_top_inst/Core_cpu/u_core_top/u_dmem_regslice/req_addr_q_reg[3]/C","student_top_inst/mem_bridge/dram_adapter/dram/U0/inst_blk_mem_gen/gnbram.gnativebmg.native_blk_mem_gen/valid.cstr/ramloop[44].ram.r/prim_init.ram/DEVICE_7SERIES.NO_BMM_INFO.SP.SIMPLE_PRIM36.ram/ADDRARDADDR[4]","setup"
2921,-0.191,5.000,5.028,6,"student_top_inst/Core_cpu/u_core_top/u_dcache/g_data_bank[1].u_data_bank/mem_q_reg_1/CLKBWRCLK","student_top_inst/Core_cpu/u_core_top/scoreboard_q_reg[7][csr_src][19]/D","setup"
2922,-0.191,5.000,4.830,6,"student_top_inst/Core_cpu/u_core_top/commit_ptr_q_reg[2]_rep/C","student_top_inst/Core_cpu/u_core_top/u_csr/mscratch_q_reg[15]/D","setup"
2923,-0.191,5.000,4.844,6,"student_top_inst/Core_cpu/u_core_top/commit_ptr_q_reg[2]_rep/C","student_top_inst/Core_cpu/u_core_top/u_csr/mtvec_q_reg[31]/D","setup"
2924,-0.191,5.000,4.838,6,"student_top_inst/Core_cpu/u_core_top/commit_ptr_q_reg[2]_rep/C","student_top_inst/Core_cpu/u_core_top/u_csr/mcause_q_reg[9]/D","setup"
2925,-0.191,5.000,4.982,7,"student_top_inst/Core_cpu/u_core_top/id_uop_q_reg[rs1][1]/C","student_top_inst/Core_cpu/u_core_top/scoreboard_q_reg[2][csr_src][3]/CE","setup"
2926,-0.191,5.000,4.982,7,"student_top_inst/Core_cpu/u_core_top/id_uop_q_reg[rs1][1]/C","student_top_inst/Core_cpu/u_core_top/scoreboard_q_reg[2][link_addr][31]/CE","setup"
2927,-0.191,5.000,5.035,7,"student_top_inst/Core_cpu/u_core_top/u_dcache/g_data_bank[3].u_data_bank/mem_q_reg_0/CLKBWRCLK","student_top_inst/Core_cpu/u_core_top/scoreboard_q_reg[3][result][31]/D","setup"
2928,-0.191,5.000,5.084,11,"student_top_inst/Core_cpu/u_core_top/store_head_q_reg[1]/C","student_top_inst/Core_cpu/u_core_top/load_q_reg[0][forward_data][8]/D","setup"
2929,-0.190,5.000,4.904,11,"student_top_inst/Core_cpu/u_core_top/scoreboard_q_reg[4][fu][0]/C","student_top_inst/Core_cpu/u_core_top/scoreboard_q_reg[6][csr_src][14]/CE","setup"
2930,-0.190,5.000,4.904,11,"student_top_inst/Core_cpu/u_core_top/scoreboard_q_reg[4][fu][0]/C","student_top_inst/Core_cpu/u_core_top/scoreboard_q_reg[6][csr_src][25]/CE","setup"
2931,-0.190,5.000,4.904,11,"student_top_inst/Core_cpu/u_core_top/scoreboard_q_reg[4][fu][0]/C","student_top_inst/Core_cpu/u_core_top/scoreboard_q_reg[6][csr_src][26]/CE","setup"
2932,-0.190,5.000,4.904,11,"student_top_inst/Core_cpu/u_core_top/scoreboard_q_reg[4][fu][0]/C","student_top_inst/Core_cpu/u_core_top/scoreboard_q_reg[6][csr_src][27]/CE","setup"
2933,-0.190,5.000,4.827,6,"student_top_inst/Core_cpu/u_core_top/commit_ptr_q_reg[2]_rep/C","student_top_inst/Core_cpu/u_core_top/u_csr/mscratch_q_reg[12]/D","setup"
2934,-0.190,5.000,4.603,0,"student_top_inst/cpu_rst_sync_reg/C","student_top_inst/Core_cpu/u_core_top/store_q_reg[0][addr][8]/R","setup"
2935,-0.190,5.000,5.058,7,"student_top_inst/Core_cpu/u_core_top/u_dcache/g_data_bank[3].u_data_bank/mem_q_reg_0/CLKBWRCLK","student_top_inst/Core_cpu/u_core_top/scoreboard_q_reg[4][csr_src][3]/D","setup"
2936,-0.190,5.000,5.055,0,"student_top_inst/Core_cpu/u_core_top/u_dmem_regslice/req_addr_q_reg[11]/C","student_top_inst/mem_bridge/dram_adapter/dram/U0/inst_blk_mem_gen/gnbram.gnativebmg.native_blk_mem_gen/valid.cstr/ramloop[55].ram.r/prim_init.ram/DEVICE_7SERIES.NO_BMM_INFO.SP.SIMPLE_PRIM36.ram/ADDRARDADDR[12]","setup"
2937,-0.190,5.000,4.834,13,"student_top_inst/Core_cpu/u_core_top/scoreboard_q_reg[4][fu][0]/C","student_top_inst/Core_cpu/u_core_top/load_q_reg[0][addr][16]/CE","setup"
2938,-0.190,5.000,4.834,13,"student_top_inst/Core_cpu/u_core_top/scoreboard_q_reg[4][fu][0]/C","student_top_inst/Core_cpu/u_core_top/load_q_reg[0][addr][17]/CE","setup"
2939,-0.190,5.000,4.834,13,"student_top_inst/Core_cpu/u_core_top/scoreboard_q_reg[4][fu][0]/C","student_top_inst/Core_cpu/u_core_top/load_q_reg[0][addr][24]/CE","setup"
2940,-0.190,5.000,4.591,0,"student_top_inst/cpu_rst_sync_reg/C","student_top_inst/Core_cpu/u_core_top/u_regfile/regs_q_reg[8][2]/R","setup"
2941,-0.190,5.000,4.591,0,"student_top_inst/cpu_rst_sync_reg/C","student_top_inst/Core_cpu/u_core_top/u_regfile/regs_q_reg[8][5]/R","setup"
2942,-0.190,5.000,4.591,0,"student_top_inst/cpu_rst_sync_reg/C","student_top_inst/Core_cpu/u_core_top/u_regfile/regs_q_reg[8][6]/R","setup"
2943,-0.190,5.000,4.591,0,"student_top_inst/cpu_rst_sync_reg/C","student_top_inst/Core_cpu/u_core_top/u_regfile/regs_q_reg[8][8]/R","setup"
2944,-0.190,5.000,5.040,7,"student_top_inst/Core_cpu/u_core_top/u_dcache/g_data_bank[3].u_data_bank/mem_q_reg_0/CLKBWRCLK","student_top_inst/Core_cpu/u_core_top/scoreboard_q_reg[6][csr_src][3]/D","setup"
2945,-0.190,5.000,4.982,7,"student_top_inst/Core_cpu/u_core_top/id_uop_q_reg[rs1][1]/C","student_top_inst/Core_cpu/u_core_top/scoreboard_q_reg[0][csr_src][11]/CE","setup"
2946,-0.190,5.000,4.982,7,"student_top_inst/Core_cpu/u_core_top/id_uop_q_reg[rs1][1]/C","student_top_inst/Core_cpu/u_core_top/scoreboard_q_reg[0][csr_src][19]/CE","setup"
2947,-0.190,5.000,4.982,7,"student_top_inst/Core_cpu/u_core_top/id_uop_q_reg[rs1][1]/C","student_top_inst/Core_cpu/u_core_top/scoreboard_q_reg[0][csr_src][20]/CE","setup"
2948,-0.190,5.000,4.982,7,"student_top_inst/Core_cpu/u_core_top/id_uop_q_reg[rs1][1]/C","student_top_inst/Core_cpu/u_core_top/scoreboard_q_reg[0][csr_src][21]/CE","setup"
2949,-0.190,5.000,4.982,7,"student_top_inst/Core_cpu/u_core_top/id_uop_q_reg[rs1][1]/C","student_top_inst/Core_cpu/u_core_top/scoreboard_q_reg[0][csr_src][23]/CE","setup"
2950,-0.190,5.000,4.982,7,"student_top_inst/Core_cpu/u_core_top/id_uop_q_reg[rs1][1]/C","student_top_inst/Core_cpu/u_core_top/scoreboard_q_reg[0][csr_src][5]/CE","setup"
2951,-0.190,5.000,4.982,7,"student_top_inst/Core_cpu/u_core_top/id_uop_q_reg[rs1][1]/C","student_top_inst/Core_cpu/u_core_top/scoreboard_q_reg[0][csr_src][6]/CE","setup"
2952,-0.190,5.000,4.982,7,"student_top_inst/Core_cpu/u_core_top/id_uop_q_reg[rs1][1]/C","student_top_inst/Core_cpu/u_core_top/scoreboard_q_reg[0][csr_src][8]/CE","setup"
2953,-0.190,5.000,5.040,7,"student_top_inst/Core_cpu/u_core_top/u_dcache/g_data_bank[3].u_data_bank/mem_q_reg_0/CLKBWRCLK","student_top_inst/Core_cpu/u_core_top/scoreboard_q_reg[2][csr_src][7]/D","setup"
2954,-0.190,5.000,4.865,7,"student_top_inst/Core_cpu/u_core_top/commit_ptr_q_reg[2]_rep/C","student_top_inst/Core_cpu/u_core_top/u_csr/mstatus_q_reg[14]/D","setup"
2955,-0.189,5.000,5.042,7,"student_top_inst/Core_cpu/u_core_top/u_dcache/g_data_bank[3].u_data_bank/mem_q_reg_0/CLKBWRCLK","student_top_inst/Core_cpu/u_core_top/scoreboard_q_reg[4][csr_src][31]/D","setup"
2956,-0.189,5.000,4.839,13,"student_top_inst/Core_cpu/u_core_top/scoreboard_q_reg[4][fu][0]/C","student_top_inst/Core_cpu/u_core_top/load_q_reg[1][addr][7]/CE","setup"
2957,-0.189,5.000,4.839,13,"student_top_inst/Core_cpu/u_core_top/scoreboard_q_reg[4][fu][0]/C","student_top_inst/Core_cpu/u_core_top/load_q_reg[1][forward_data][1]/CE","setup"
2958,-0.189,5.000,4.839,13,"student_top_inst/Core_cpu/u_core_top/scoreboard_q_reg[4][fu][0]/C","student_top_inst/Core_cpu/u_core_top/load_q_reg[1][forward_data][29]/CE","setup"
2959,-0.189,5.000,5.041,7,"student_top_inst/Core_cpu/u_core_top/u_dcache/g_data_bank[3].u_data_bank/mem_q_reg_0/CLKBWRCLK","student_top_inst/Core_cpu/u_core_top/scoreboard_q_reg[5][csr_src][31]/D","setup"
2960,-0.189,5.000,5.030,7,"student_top_inst/Core_cpu/u_core_top/u_dcache/g_data_bank[3].u_data_bank/mem_q_reg_0/CLKBWRCLK","student_top_inst/Core_cpu/u_core_top/scoreboard_q_reg[5][result][17]/D","setup"
2961,-0.189,5.000,5.035,7,"student_top_inst/Core_cpu/u_core_top/u_dcache/g_data_bank[3].u_data_bank/mem_q_reg_0/CLKBWRCLK","student_top_inst/Core_cpu/u_core_top/scoreboard_q_reg[0][result][12]/D","setup"
2962,-0.189,5.000,4.584,0,"student_top_inst/cpu_rst_sync_reg/C","student_top_inst/Core_cpu/u_core_top/store_q_reg[0][store_seq][0]/R","setup"
2963,-0.189,5.000,4.584,0,"student_top_inst/cpu_rst_sync_reg/C","student_top_inst/Core_cpu/u_core_top/store_q_reg[0][store_seq][7]/R","setup"
2964,-0.189,5.000,4.990,7,"student_top_inst/Core_cpu/u_core_top/exec_q_reg[op2][2]/C","student_top_inst/Core_cpu/u_core_top/exec_q_reg[op1][26]/D","setup"
2965,-0.189,5.000,5.049,7,"student_top_inst/Core_cpu/u_core_top/u_dcache/g_data_bank[3].u_data_bank/mem_q_reg_0/CLKBWRCLK","student_top_inst/Core_cpu/u_core_top/exec_q_reg[op1][12]/D","setup"
2966,-0.188,5.000,4.799,10,"student_top_inst/Core_cpu/u_core_top/load_head_q_reg[0]/C","student_top_inst/Core_cpu/u_core_top/u_dcache/tag_read_q_reg[14]/CE","setup"
2967,-0.188,5.000,4.610,0,"student_top_inst/cpu_rst_sync_reg/C","student_top_inst/Core_cpu/u_core_top/exec_q_reg[op2][21]/R","setup"
2968,-0.188,5.000,4.610,0,"student_top_inst/cpu_rst_sync_reg/C","student_top_inst/Core_cpu/u_core_top/exec_q_reg[op2][25]/R","setup"
2969,-0.188,5.000,4.610,0,"student_top_inst/cpu_rst_sync_reg/C","student_top_inst/Core_cpu/u_core_top/exec_q_reg[trans_id][0]/R","setup"
2970,-0.188,5.000,5.042,0,"student_top_inst/Core_cpu/u_core_top/u_dmem_regslice/req_addr_q_reg[3]/C","student_top_inst/mem_bridge/dram_adapter/dram/U0/inst_blk_mem_gen/gnbram.gnativebmg.native_blk_mem_gen/valid.cstr/ramloop[51].ram.r/prim_init.ram/DEVICE_7SERIES.NO_BMM_INFO.SP.SIMPLE_PRIM36.ram/ADDRARDADDR[4]","setup"
2971,-0.188,5.000,5.037,6,"student_top_inst/Core_cpu/u_core_top/u_dcache/g_data_bank[1].u_data_bank/mem_q_reg_1/CLKBWRCLK","student_top_inst/Core_cpu/u_core_top/scoreboard_q_reg[3][csr_src][5]/D","setup"
2972,-0.188,5.000,4.589,0,"student_top_inst/cpu_rst_sync_reg/C","student_top_inst/Core_cpu/u_core_top/u_regfile/regs_q_reg[23][2]/R","setup"
2973,-0.188,5.000,4.589,0,"student_top_inst/cpu_rst_sync_reg/C","student_top_inst/Core_cpu/u_core_top/u_regfile/regs_q_reg[23][5]/R","setup"
2974,-0.188,5.000,5.150,11,"student_top_inst/Core_cpu/u_core_top/exec_q_reg[uop][imm][1]/C","student_top_inst/Core_cpu/u_core_top/scoreboard_q_reg[4][csr_src][0]/D","setup"
2975,-0.187,5.000,4.452,9,"student_top_inst/Core_cpu/u_core_top/scoreboard_q_reg[4][fu][0]/C","student_top_inst/Core_cpu/u_core_top/u_dcache/g_data_bank[2].u_data_bank/mem_q_reg_1/ADDRARDADDR[4]","setup"
2976,-0.187,5.000,5.023,6,"student_top_inst/Core_cpu/u_core_top/u_dcache/g_data_bank[1].u_data_bank/mem_q_reg_1/CLKBWRCLK","student_top_inst/Core_cpu/u_core_top/scoreboard_q_reg[6][result][19]/D","setup"
2977,-0.187,5.000,4.878,11,"student_top_inst/Core_cpu/u_core_top/scoreboard_q_reg[4][fu][0]/C","student_top_inst/Core_cpu/u_core_top/scoreboard_q_reg[7][fu][0]/CE","setup"
2978,-0.187,5.000,4.878,11,"student_top_inst/Core_cpu/u_core_top/scoreboard_q_reg[4][fu][0]/C","student_top_inst/Core_cpu/u_core_top/scoreboard_q_reg[7][fu][2]/CE","setup"
2979,-0.187,5.000,4.878,11,"student_top_inst/Core_cpu/u_core_top/scoreboard_q_reg[4][fu][0]/C","student_top_inst/Core_cpu/u_core_top/scoreboard_q_reg[7][sys_op][1]/CE","setup"
2980,-0.187,5.000,4.635,11,"student_top_inst/Core_cpu/u_core_top/scoreboard_q_reg[4][fu][0]/C","student_top_inst/Core_cpu/u_core_top/scoreboard_q_reg[6][link_addr][11]/CE","setup"
2981,-0.187,5.000,4.635,11,"student_top_inst/Core_cpu/u_core_top/scoreboard_q_reg[4][fu][0]/C","student_top_inst/Core_cpu/u_core_top/scoreboard_q_reg[6][link_addr][24]/CE","setup"
2982,-0.187,5.000,4.635,11,"student_top_inst/Core_cpu/u_core_top/scoreboard_q_reg[4][fu][0]/C","student_top_inst/Core_cpu/u_core_top/scoreboard_q_reg[6][link_addr][31]/CE","setup"
2983,-0.187,5.000,4.635,11,"student_top_inst/Core_cpu/u_core_top/scoreboard_q_reg[4][fu][0]/C","student_top_inst/Core_cpu/u_core_top/scoreboard_q_reg[6][link_addr][7]/CE","setup"
2984,-0.187,5.000,4.635,11,"student_top_inst/Core_cpu/u_core_top/scoreboard_q_reg[4][fu][0]/C","student_top_inst/Core_cpu/u_core_top/scoreboard_q_reg[6][pc][13]/CE","setup"
2985,-0.187,5.000,4.635,11,"student_top_inst/Core_cpu/u_core_top/scoreboard_q_reg[4][fu][0]/C","student_top_inst/Core_cpu/u_core_top/scoreboard_q_reg[6][pc][27]/CE","setup"
2986,-0.187,5.000,4.635,11,"student_top_inst/Core_cpu/u_core_top/scoreboard_q_reg[4][fu][0]/C","student_top_inst/Core_cpu/u_core_top/scoreboard_q_reg[6][pc][29]/CE","setup"
2987,-0.187,5.000,4.635,11,"student_top_inst/Core_cpu/u_core_top/scoreboard_q_reg[4][fu][0]/C","student_top_inst/Core_cpu/u_core_top/scoreboard_q_reg[6][rd][2]/CE","setup"
2988,-0.187,5.000,5.028,7,"student_top_inst/Core_cpu/u_core_top/u_dcache/g_data_bank[3].u_data_bank/mem_q_reg_0/CLKBWRCLK","student_top_inst/Core_cpu/u_core_top/scoreboard_q_reg[4][csr_src][11]/D","setup"
2989,-0.186,5.000,5.053,7,"student_top_inst/Core_cpu/u_core_top/u_dcache/g_data_bank[3].u_data_bank/mem_q_reg_0/CLKBWRCLK","student_top_inst/Core_cpu/u_core_top/scoreboard_q_reg[3][csr_src][11]/D","setup"
2990,-0.186,5.000,4.433,0,"student_top_inst/cpu_rst_sync_reg/C","student_top_inst/Core_cpu/u_core_top/u_regfile/regs_q_reg[28][29]/R","setup"
2991,-0.186,5.000,4.809,6,"student_top_inst/Core_cpu/u_core_top/commit_ptr_q_reg[2]_rep/C","student_top_inst/Core_cpu/u_core_top/u_csr/mscratch_q_reg[30]/D","setup"
2992,-0.185,5.000,4.613,0,"student_top_inst/cpu_rst_sync_reg/C","student_top_inst/Core_cpu/u_core_top/store_q_reg[0][wdata][12]/R","setup"
2993,-0.185,5.000,5.043,7,"student_top_inst/Core_cpu/u_core_top/u_dcache/g_data_bank[1].u_data_bank/mem_q_reg_1/CLKBWRCLK","student_top_inst/Core_cpu/u_core_top/scoreboard_q_reg[0][csr_src][13]/D","setup"
2994,-0.184,5.000,5.215,12,"student_top_inst/Core_cpu/u_core_top/exec_q_reg[uop][imm][1]/C","student_top_inst/Core_cpu/u_core_top/exec_mem_addr_q_reg[2]/D","setup"
2995,-0.184,5.000,5.047,7,"student_top_inst/Core_cpu/u_core_top/u_dcache/g_data_bank[3].u_data_bank/mem_q_reg_0/CLKBWRCLK","student_top_inst/Core_cpu/u_core_top/scoreboard_q_reg[0][csr_src][20]/D","setup"
2996,-0.184,5.000,4.874,11,"student_top_inst/Core_cpu/u_core_top/scoreboard_q_reg[4][fu][0]/C","student_top_inst/Core_cpu/u_core_top/scoreboard_q_reg[5][fu][0]/CE","setup"
2997,-0.184,5.000,4.874,11,"student_top_inst/Core_cpu/u_core_top/scoreboard_q_reg[4][fu][0]/C","student_top_inst/Core_cpu/u_core_top/scoreboard_q_reg[5][sys_op][1]/CE","setup"
2998,-0.184,5.000,4.874,11,"student_top_inst/Core_cpu/u_core_top/scoreboard_q_reg[4][fu][0]/C","student_top_inst/Core_cpu/u_core_top/scoreboard_q_reg[5][sys_op][2]/CE","setup"
2999,-0.184,5.000,4.812,6,"student_top_inst/Core_cpu/u_core_top/commit_ptr_q_reg[2]_rep/C","student_top_inst/Core_cpu/u_core_top/u_csr/mcause_q_reg[7]/D","setup"
3000,-0.184,5.000,4.838,11,"student_top_inst/Core_cpu/u_core_top/scoreboard_q_reg[4][fu][0]/C","student_top_inst/Core_cpu/u_core_top/exec_q_reg[op2][23]/CE","setup"
3001,-0.184,5.000,4.838,11,"student_top_inst/Core_cpu/u_core_top/scoreboard_q_reg[4][fu][0]/C","student_top_inst/Core_cpu/u_core_top/exec_q_reg[op2][29]/CE","setup"
3002,-0.184,5.000,4.421,0,"student_top_inst/cpu_rst_sync_reg/C","student_top_inst/Core_cpu/u_core_top/u_regfile/regs_q_reg[15][21]/R","setup"
3003,-0.183,5.000,5.032,7,"student_top_inst/Core_cpu/u_core_top/u_dcache/g_data_bank[3].u_data_bank/mem_q_reg_0/CLKBWRCLK","student_top_inst/Core_cpu/u_core_top/scoreboard_q_reg[5][csr_src][3]/D","setup"
3004,-0.183,5.000,4.628,11,"student_top_inst/Core_cpu/u_core_top/scoreboard_q_reg[4][fu][0]/C","student_top_inst/Core_cpu/u_core_top/scoreboard_q_reg[7][csr_addr][4]/CE","setup"
3005,-0.183,5.000,4.628,11,"student_top_inst/Core_cpu/u_core_top/scoreboard_q_reg[4][fu][0]/C","student_top_inst/Core_cpu/u_core_top/scoreboard_q_reg[7][link_addr][25]/CE","setup"
3006,-0.182,5.000,4.709,10,"student_top_inst/Core_cpu/u_core_top/scoreboard_q_reg[4][fu][0]/C","student_top_inst/Core_cpu/u_core_top/scoreboard_q_reg[7][result][24]/R","setup"
3007,-0.182,5.000,4.889,7,"student_top_inst/Core_cpu/u_core_top/commit_ptr_q_reg[2]_rep/C","student_top_inst/Core_cpu/u_core_top/u_csr/mstatus_q_reg[17]/D","setup"
3008,-0.182,5.000,5.147,8,"student_top_inst/Core_cpu/u_core_top/u_muldiv/b_q_reg[22]/C","student_top_inst/Core_cpu/u_core_top/scoreboard_q_reg[2][csr_src][16]/D","setup"
3009,-0.182,5.000,4.878,0,"student_top_inst/Core_cpu/u_core_top/u_dmem_regslice/req_addr_q_reg[3]/C","student_top_inst/mem_bridge/dram_adapter/dram/U0/inst_blk_mem_gen/gnbram.gnativebmg.native_blk_mem_gen/valid.cstr/ramloop[62].ram.r/prim_init.ram/DEVICE_7SERIES.NO_BMM_INFO.SP.SIMPLE_PRIM36.ram/ADDRARDADDR[4]","setup"
3010,-0.181,5.000,4.871,8,"student_top_inst/Core_cpu/u_core_top/id_uop_q_reg[rs1][1]/C","student_top_inst/Core_cpu/u_core_top/scoreboard_q_reg[3][csr_src][20]/R","setup"
3011,-0.181,5.000,4.871,8,"student_top_inst/Core_cpu/u_core_top/id_uop_q_reg[rs1][1]/C","student_top_inst/Core_cpu/u_core_top/scoreboard_q_reg[3][csr_src][21]/R","setup"
3012,-0.181,5.000,4.642,11,"student_top_inst/Core_cpu/u_core_top/scoreboard_q_reg[4][fu][0]/C","student_top_inst/Core_cpu/u_core_top/scoreboard_q_reg[6][exception_cause][0]/CE","setup"
3013,-0.181,5.000,4.642,11,"student_top_inst/Core_cpu/u_core_top/scoreboard_q_reg[4][fu][0]/C","student_top_inst/Core_cpu/u_core_top/scoreboard_q_reg[6][exception_cause][1]/CE","setup"
3014,-0.181,5.000,4.642,11,"student_top_inst/Core_cpu/u_core_top/scoreboard_q_reg[4][fu][0]/C","student_top_inst/Core_cpu/u_core_top/scoreboard_q_reg[6][exception_cause][2]/CE","setup"
3015,-0.181,5.000,4.642,11,"student_top_inst/Core_cpu/u_core_top/scoreboard_q_reg[4][fu][0]/C","student_top_inst/Core_cpu/u_core_top/scoreboard_q_reg[6][exception_tval][17]/CE","setup"
3016,-0.181,5.000,4.642,11,"student_top_inst/Core_cpu/u_core_top/scoreboard_q_reg[4][fu][0]/C","student_top_inst/Core_cpu/u_core_top/scoreboard_q_reg[6][exception_tval][18]/CE","setup"
3017,-0.181,5.000,4.642,11,"student_top_inst/Core_cpu/u_core_top/scoreboard_q_reg[4][fu][0]/C","student_top_inst/Core_cpu/u_core_top/scoreboard_q_reg[6][exception_tval][31]/CE","setup"
3018,-0.180,5.000,4.579,0,"student_top_inst/cpu_rst_sync_reg/C","student_top_inst/Core_cpu/u_core_top/exec_q_reg[op2][0]/R","setup"
3019,-0.180,5.000,4.579,0,"student_top_inst/cpu_rst_sync_reg/C","student_top_inst/Core_cpu/u_core_top/exec_q_reg[op2][17]/R","setup"
3020,-0.180,5.000,4.579,0,"student_top_inst/cpu_rst_sync_reg/C","student_top_inst/Core_cpu/u_core_top/exec_q_reg[op2][18]/R","setup"
3021,-0.180,5.000,4.579,0,"student_top_inst/cpu_rst_sync_reg/C","student_top_inst/Core_cpu/u_core_top/exec_q_reg[op2][30]/R","setup"
3022,-0.180,5.000,5.125,8,"student_top_inst/Core_cpu/u_core_top/u_muldiv/b_q_reg[22]/C","student_top_inst/Core_cpu/u_core_top/scoreboard_q_reg[4][csr_src][16]/D","setup"
3023,-0.180,5.000,4.629,10,"student_top_inst/Core_cpu/u_core_top/scoreboard_q_reg[4][fu][0]/C","student_top_inst/Core_cpu/u_core_top/scoreboard_q_reg[1][csr_addr][0]/CE","setup"
3024,-0.180,5.000,4.629,10,"student_top_inst/Core_cpu/u_core_top/scoreboard_q_reg[4][fu][0]/C","student_top_inst/Core_cpu/u_core_top/scoreboard_q_reg[1][csr_addr][11]/CE","setup"
3025,-0.180,5.000,4.629,10,"student_top_inst/Core_cpu/u_core_top/scoreboard_q_reg[4][fu][0]/C","student_top_inst/Core_cpu/u_core_top/scoreboard_q_reg[1][csr_addr][5]/CE","setup"
3026,-0.180,5.000,4.629,10,"student_top_inst/Core_cpu/u_core_top/scoreboard_q_reg[4][fu][0]/C","student_top_inst/Core_cpu/u_core_top/scoreboard_q_reg[1][link_addr][21]/CE","setup"
3027,-0.180,5.000,4.629,10,"student_top_inst/Core_cpu/u_core_top/scoreboard_q_reg[4][fu][0]/C","student_top_inst/Core_cpu/u_core_top/scoreboard_q_reg[1][link_addr][27]/CE","setup"
3028,-0.180,5.000,4.629,10,"student_top_inst/Core_cpu/u_core_top/scoreboard_q_reg[4][fu][0]/C","student_top_inst/Core_cpu/u_core_top/scoreboard_q_reg[1][pc][13]/CE","setup"
3029,-0.180,5.000,4.629,10,"student_top_inst/Core_cpu/u_core_top/scoreboard_q_reg[4][fu][0]/C","student_top_inst/Core_cpu/u_core_top/scoreboard_q_reg[1][pc][18]/CE","setup"
3030,-0.180,5.000,4.629,10,"student_top_inst/Core_cpu/u_core_top/scoreboard_q_reg[4][fu][0]/C","student_top_inst/Core_cpu/u_core_top/scoreboard_q_reg[1][pc][19]/CE","setup"
3031,-0.180,5.000,4.873,11,"student_top_inst/Core_cpu/u_core_top/scoreboard_q_reg[4][fu][0]/C","student_top_inst/Core_cpu/u_core_top/scoreboard_q_reg[6][csr_src][8]/CE","setup"
3032,-0.180,5.000,5.015,6,"student_top_inst/Core_cpu/u_core_top/u_dcache/g_data_bank[1].u_data_bank/mem_q_reg_1/CLKBWRCLK","student_top_inst/Core_cpu/u_core_top/scoreboard_q_reg[5][result][19]/D","setup"
3033,-0.180,5.000,5.054,7,"student_top_inst/Core_cpu/u_core_top/u_dcache/g_data_bank[3].u_data_bank/mem_q_reg_0/CLKBWRCLK","student_top_inst/Core_cpu/u_core_top/scoreboard_q_reg[0][result][31]/D","setup"
3034,-0.179,5.000,5.052,7,"student_top_inst/Core_cpu/u_core_top/u_dcache/g_data_bank[3].u_data_bank/mem_q_reg_0/CLKBWRCLK","student_top_inst/Core_cpu/u_core_top/scoreboard_q_reg[1][result][20]/D","setup"
3035,-0.179,5.000,5.018,6,"student_top_inst/Core_cpu/u_core_top/u_dcache/g_data_bank[1].u_data_bank/mem_q_reg_1/CLKBWRCLK","student_top_inst/Core_cpu/u_core_top/scoreboard_q_reg[3][result][27]/D","setup"
3036,-0.179,5.000,5.020,7,"student_top_inst/Core_cpu/u_core_top/u_dcache/g_data_bank[3].u_data_bank/mem_q_reg_0/CLKBWRCLK","student_top_inst/Core_cpu/u_core_top/scoreboard_q_reg[3][result][20]/D","setup"
3037,-0.179,5.000,4.605,0,"student_top_inst/cpu_rst_sync_reg/C","student_top_inst/Core_cpu/u_core_top/store_q_reg[0][wdata][23]/R","setup"
3038,-0.179,5.000,4.605,0,"student_top_inst/cpu_rst_sync_reg/C","student_top_inst/Core_cpu/u_core_top/store_q_reg[0][wdata][3]/R","setup"
3039,-0.178,5.000,4.705,10,"student_top_inst/Core_cpu/u_core_top/scoreboard_q_reg[4][fu][0]/C","student_top_inst/Core_cpu/u_core_top/scoreboard_q_reg[7][result][0]/R","setup"
3040,-0.178,5.000,4.705,10,"student_top_inst/Core_cpu/u_core_top/scoreboard_q_reg[4][fu][0]/C","student_top_inst/Core_cpu/u_core_top/scoreboard_q_reg[7][result][10]/R","setup"
3041,-0.178,5.000,4.705,10,"student_top_inst/Core_cpu/u_core_top/scoreboard_q_reg[4][fu][0]/C","student_top_inst/Core_cpu/u_core_top/scoreboard_q_reg[7][result][18]/R","setup"
3042,-0.178,5.000,4.705,10,"student_top_inst/Core_cpu/u_core_top/scoreboard_q_reg[4][fu][0]/C","student_top_inst/Core_cpu/u_core_top/scoreboard_q_reg[7][result][19]/R","setup"
3043,-0.178,5.000,5.031,7,"student_top_inst/Core_cpu/u_core_top/u_dcache/g_data_bank[3].u_data_bank/mem_q_reg_0/CLKBWRCLK","student_top_inst/Core_cpu/u_core_top/scoreboard_q_reg[4][csr_src][22]/D","setup"
3044,-0.178,5.000,4.704,11,"student_top_inst/Core_cpu/u_core_top/scoreboard_q_reg[4][fu][0]/C","student_top_inst/Core_cpu/u_core_top/scoreboard_q_reg[6][result][20]/R","setup"
3045,-0.178,5.000,4.704,11,"student_top_inst/Core_cpu/u_core_top/scoreboard_q_reg[4][fu][0]/C","student_top_inst/Core_cpu/u_core_top/scoreboard_q_reg[6][result][21]/R","setup"
3046,-0.178,5.000,4.704,11,"student_top_inst/Core_cpu/u_core_top/scoreboard_q_reg[4][fu][0]/C","student_top_inst/Core_cpu/u_core_top/scoreboard_q_reg[6][result][30]/R","setup"
3047,-0.178,5.000,4.704,11,"student_top_inst/Core_cpu/u_core_top/scoreboard_q_reg[4][fu][0]/C","student_top_inst/Core_cpu/u_core_top/scoreboard_q_reg[6][result][31]/R","setup"
3048,-0.177,5.000,5.101,11,"student_top_inst/Core_cpu/u_core_top/store_head_q_reg[1]/C","student_top_inst/Core_cpu/u_core_top/load_q_reg[0][forward_data][24]/D","setup"
3049,-0.177,5.000,5.025,6,"student_top_inst/Core_cpu/u_core_top/u_dcache/g_data_bank[1].u_data_bank/mem_q_reg_1/CLKBWRCLK","student_top_inst/Core_cpu/u_core_top/scoreboard_q_reg[1][csr_src][19]/D","setup"
3050,-0.177,5.000,4.623,10,"student_top_inst/Core_cpu/u_core_top/scoreboard_q_reg[4][fu][0]/C","student_top_inst/Core_cpu/u_core_top/scoreboard_q_reg[0][csr_addr][10]/CE","setup"
3051,-0.177,5.000,4.623,10,"student_top_inst/Core_cpu/u_core_top/scoreboard_q_reg[4][fu][0]/C","student_top_inst/Core_cpu/u_core_top/scoreboard_q_reg[0][csr_addr][3]/CE","setup"
3052,-0.177,5.000,4.623,10,"student_top_inst/Core_cpu/u_core_top/scoreboard_q_reg[4][fu][0]/C","student_top_inst/Core_cpu/u_core_top/scoreboard_q_reg[0][csr_addr][5]/CE","setup"
3053,-0.177,5.000,4.623,10,"student_top_inst/Core_cpu/u_core_top/scoreboard_q_reg[4][fu][0]/C","student_top_inst/Core_cpu/u_core_top/scoreboard_q_reg[0][csr_addr][8]/CE","setup"
3054,-0.177,5.000,4.623,10,"student_top_inst/Core_cpu/u_core_top/scoreboard_q_reg[4][fu][0]/C","student_top_inst/Core_cpu/u_core_top/scoreboard_q_reg[0][pc][0]/CE","setup"
3055,-0.177,5.000,5.049,7,"student_top_inst/Core_cpu/u_core_top/u_dcache/g_data_bank[3].u_data_bank/mem_q_reg_0/CLKBWRCLK","student_top_inst/Core_cpu/u_core_top/scoreboard_q_reg[2][result][17]/D","setup"
3056,-0.176,5.000,5.021,7,"student_top_inst/Core_cpu/u_core_top/u_dcache/g_data_bank[3].u_data_bank/mem_q_reg_0/CLKBWRCLK","student_top_inst/Core_cpu/u_core_top/scoreboard_q_reg[4][result][12]/D","setup"
3057,-0.176,5.000,4.877,0,"student_top_inst/Core_cpu/u_core_top/u_dmem_regslice/req_addr_q_reg[6]/C","student_top_inst/mem_bridge/dram_adapter/dram/U0/inst_blk_mem_gen/gnbram.gnativebmg.native_blk_mem_gen/valid.cstr/ramloop[57].ram.r/prim_init.ram/DEVICE_7SERIES.NO_BMM_INFO.SP.SIMPLE_PRIM36.ram/ADDRARDADDR[7]","setup"
3058,-0.176,5.000,4.968,7,"student_top_inst/Core_cpu/u_core_top/id_uop_q_reg[rs1][1]/C","student_top_inst/Core_cpu/u_core_top/scoreboard_q_reg[2][sys_op][0]/CE","setup"
3059,-0.176,5.000,4.877,6,"student_top_inst/Core_cpu/u_core_top/commit_ptr_q_reg[2]_rep/C","student_top_inst/Core_cpu/u_core_top/wb_data_q_reg[30]/D","setup"
3060,-0.176,5.000,4.801,6,"student_top_inst/Core_cpu/u_core_top/commit_ptr_q_reg[2]_rep/C","student_top_inst/Core_cpu/u_core_top/u_csr/mcause_q_reg[11]/D","setup"
3061,-0.176,5.000,4.575,0,"student_top_inst/cpu_rst_sync_reg/C","student_top_inst/Core_cpu/u_core_top/u_regfile/regs_q_reg[3][2]/R","setup"
3062,-0.176,5.000,4.575,0,"student_top_inst/cpu_rst_sync_reg/C","student_top_inst/Core_cpu/u_core_top/u_regfile/regs_q_reg[3][5]/R","setup"
3063,-0.175,5.000,4.828,11,"student_top_inst/Core_cpu/u_core_top/scoreboard_q_reg[4][fu][0]/C","student_top_inst/Core_cpu/u_core_top/exec_q_reg[op2][13]/CE","setup"
3064,-0.175,5.000,4.828,11,"student_top_inst/Core_cpu/u_core_top/scoreboard_q_reg[4][fu][0]/C","student_top_inst/Core_cpu/u_core_top/exec_q_reg[op2][20]/CE","setup"
3065,-0.175,5.000,4.828,11,"student_top_inst/Core_cpu/u_core_top/scoreboard_q_reg[4][fu][0]/C","student_top_inst/Core_cpu/u_core_top/exec_q_reg[op2][2]/CE","setup"
3066,-0.175,5.000,4.828,11,"student_top_inst/Core_cpu/u_core_top/scoreboard_q_reg[4][fu][0]/C","student_top_inst/Core_cpu/u_core_top/exec_q_reg[op2][4]/CE","setup"
3067,-0.175,5.000,4.828,11,"student_top_inst/Core_cpu/u_core_top/scoreboard_q_reg[4][fu][0]/C","student_top_inst/Core_cpu/u_core_top/exec_q_reg[uop][imm][14]/CE","setup"
3068,-0.175,5.000,4.414,0,"student_top_inst/cpu_rst_sync_reg/C","student_top_inst/Core_cpu/u_core_top/u_regfile/regs_q_reg[4][10]/R","setup"
3069,-0.175,5.000,4.978,7,"student_top_inst/Core_cpu/u_core_top/exec_q_reg[op2][4]/C","student_top_inst/Core_cpu/u_core_top/scoreboard_q_reg[2][csr_src][14]/D","setup"
3070,-0.175,5.000,4.906,7,"student_top_inst/Core_cpu/u_core_top/commit_ptr_q_reg[2]_rep/C","student_top_inst/Core_cpu/u_core_top/u_csr/mepc_q_reg[7]/D","setup"
3071,-0.175,5.000,4.884,7,"student_top_inst/Core_cpu/u_core_top/id_uop_q_reg[rs1][1]/C","student_top_inst/Core_cpu/u_core_top/scoreboard_q_reg[7][result][25]/R","setup"
3072,-0.175,5.000,4.884,7,"student_top_inst/Core_cpu/u_core_top/id_uop_q_reg[rs1][1]/C","student_top_inst/Core_cpu/u_core_top/scoreboard_q_reg[7][result][27]/R","setup"
3073,-0.175,5.000,4.884,7,"student_top_inst/Core_cpu/u_core_top/id_uop_q_reg[rs1][1]/C","student_top_inst/Core_cpu/u_core_top/scoreboard_q_reg[7][result][28]/R","setup"
3074,-0.175,5.000,4.884,7,"student_top_inst/Core_cpu/u_core_top/id_uop_q_reg[rs1][1]/C","student_top_inst/Core_cpu/u_core_top/scoreboard_q_reg[7][result][29]/R","setup"
3075,-0.175,5.000,5.096,11,"student_top_inst/Core_cpu/u_core_top/store_head_q_reg[1]/C","student_top_inst/Core_cpu/u_core_top/load_q_reg[1][forward_data][12]/D","setup"
3076,-0.174,5.000,4.470,1,"student_top_inst/cpu_rst_sync_reg/C","student_top_inst/Core_cpu/u_core_top/u_frontend/u_branch_predictor/target_q_reg_0_63_6_8/RAMA/WE","setup"
3077,-0.174,5.000,4.470,1,"student_top_inst/cpu_rst_sync_reg/C","student_top_inst/Core_cpu/u_core_top/u_frontend/u_branch_predictor/target_q_reg_0_63_6_8/RAMB/WE","setup"
3078,-0.174,5.000,4.470,1,"student_top_inst/cpu_rst_sync_reg/C","student_top_inst/Core_cpu/u_core_top/u_frontend/u_branch_predictor/target_q_reg_0_63_6_8/RAMC/WE","setup"
3079,-0.174,5.000,4.470,1,"student_top_inst/cpu_rst_sync_reg/C","student_top_inst/Core_cpu/u_core_top/u_frontend/u_branch_predictor/target_q_reg_0_63_6_8/RAMD/WE","setup"
3080,-0.174,5.000,4.588,0,"student_top_inst/cpu_rst_sync_reg/C","student_top_inst/Core_cpu/u_core_top/store_q_reg[0][addr][13]/R","setup"
3081,-0.174,5.000,4.588,0,"student_top_inst/cpu_rst_sync_reg/C","student_top_inst/Core_cpu/u_core_top/store_q_reg[0][addr][6]/R","setup"
3082,-0.174,5.000,4.588,0,"student_top_inst/cpu_rst_sync_reg/C","student_top_inst/Core_cpu/u_core_top/store_q_reg[0][addr][7]/R","setup"
3083,-0.174,5.000,4.703,10,"student_top_inst/Core_cpu/u_core_top/scoreboard_q_reg[4][fu][0]/C","student_top_inst/Core_cpu/u_core_top/scoreboard_q_reg[5][result][23]/R","setup"
3084,-0.174,5.000,4.703,10,"student_top_inst/Core_cpu/u_core_top/scoreboard_q_reg[4][fu][0]/C","student_top_inst/Core_cpu/u_core_top/scoreboard_q_reg[5][result][7]/R","setup"
3085,-0.174,5.000,4.920,5,"student_top_inst/mem_bridge/dram_adapter/dram/U0/inst_blk_mem_gen/gnbram.gnativebmg.native_blk_mem_gen/valid.cstr/has_mux_a.A/no_softecc_norm_sel2.has_mem_regs.WITHOUT_ECC_PIPE.ce_pri.sel_pipe_d1_reg[2]/C","student_top_inst/Core_cpu/u_core_top/u_dmem_regslice/resp_rdata_q_reg[13]/D","setup"
3086,-0.174,5.000,4.624,10,"student_top_inst/Core_cpu/u_core_top/scoreboard_q_reg[4][fu][0]/C","student_top_inst/Core_cpu/u_core_top/scoreboard_q_reg[3][link_addr][0]/CE","setup"
3087,-0.174,5.000,4.624,10,"student_top_inst/Core_cpu/u_core_top/scoreboard_q_reg[4][fu][0]/C","student_top_inst/Core_cpu/u_core_top/scoreboard_q_reg[3][pc][16]/CE","setup"
3088,-0.174,5.000,4.956,0,"student_top_inst/Core_cpu/u_core_top/u_dmem_regslice/req_addr_q_reg[10]/C","student_top_inst/mem_bridge/dram_adapter/dram/U0/inst_blk_mem_gen/gnbram.gnativebmg.native_blk_mem_gen/valid.cstr/ramloop[53].ram.r/prim_init.ram/DEVICE_7SERIES.NO_BMM_INFO.SP.SIMPLE_PRIM36.ram/ADDRARDADDR[11]","setup"
3089,-0.173,5.000,4.702,10,"student_top_inst/Core_cpu/u_core_top/scoreboard_q_reg[4][fu][0]/C","student_top_inst/Core_cpu/u_core_top/scoreboard_q_reg[3][result][22]/R","setup"
3090,-0.173,5.000,4.702,10,"student_top_inst/Core_cpu/u_core_top/scoreboard_q_reg[4][fu][0]/C","student_top_inst/Core_cpu/u_core_top/scoreboard_q_reg[3][result][28]/R","setup"
3091,-0.173,5.000,4.702,10,"student_top_inst/Core_cpu/u_core_top/scoreboard_q_reg[4][fu][0]/C","student_top_inst/Core_cpu/u_core_top/scoreboard_q_reg[3][result][7]/R","setup"
3092,-0.173,5.000,5.130,8,"student_top_inst/Core_cpu/u_core_top/u_muldiv/b_q_reg[22]/C","student_top_inst/Core_cpu/u_core_top/scoreboard_q_reg[3][csr_src][17]/D","setup"
3093,-0.173,5.000,4.863,7,"student_top_inst/Core_cpu/u_core_top/id_uop_q_reg[rs1][1]/C","student_top_inst/Core_cpu/u_core_top/scoreboard_q_reg[2][csr_src][22]/R","setup"
3094,-0.173,5.000,4.863,7,"student_top_inst/Core_cpu/u_core_top/id_uop_q_reg[rs1][1]/C","student_top_inst/Core_cpu/u_core_top/scoreboard_q_reg[2][csr_src][24]/R","setup"
3095,-0.173,5.000,4.863,7,"student_top_inst/Core_cpu/u_core_top/id_uop_q_reg[rs1][1]/C","student_top_inst/Core_cpu/u_core_top/scoreboard_q_reg[2][csr_src][25]/R","setup"
3096,-0.173,5.000,4.863,7,"student_top_inst/Core_cpu/u_core_top/id_uop_q_reg[rs1][1]/C","student_top_inst/Core_cpu/u_core_top/scoreboard_q_reg[2][csr_src][27]/R","setup"
3097,-0.173,5.000,4.863,7,"student_top_inst/Core_cpu/u_core_top/id_uop_q_reg[rs1][1]/C","student_top_inst/Core_cpu/u_core_top/scoreboard_q_reg[2][csr_src][29]/R","setup"
3098,-0.171,5.000,5.012,7,"student_top_inst/Core_cpu/u_core_top/u_dcache/g_data_bank[3].u_data_bank/mem_q_reg_0/CLKBWRCLK","student_top_inst/Core_cpu/u_core_top/scoreboard_q_reg[7][result][23]/D","setup"
3099,-0.171,5.000,5.020,6,"student_top_inst/Core_cpu/u_core_top/u_dcache/g_data_bank[1].u_data_bank/mem_q_reg_1/CLKBWRCLK","student_top_inst/Core_cpu/u_core_top/scoreboard_q_reg[2][csr_src][19]/D","setup"
3100,-0.171,5.000,4.961,7,"student_top_inst/Core_cpu/u_core_top/id_uop_q_reg[rs1][1]/C","student_top_inst/Core_cpu/u_core_top/scoreboard_q_reg[2][fu][0]/CE","setup"
3101,-0.171,5.000,4.961,7,"student_top_inst/Core_cpu/u_core_top/id_uop_q_reg[rs1][1]/C","student_top_inst/Core_cpu/u_core_top/scoreboard_q_reg[2][fu][1]/CE","setup"
3102,-0.171,5.000,4.961,7,"student_top_inst/Core_cpu/u_core_top/id_uop_q_reg[rs1][1]/C","student_top_inst/Core_cpu/u_core_top/scoreboard_q_reg[2][sys_op][1]/CE","setup"
3103,-0.171,5.000,4.810,6,"student_top_inst/Core_cpu/u_core_top/commit_ptr_q_reg[2]_rep/C","student_top_inst/Core_cpu/u_core_top/u_csr/mcause_q_reg[27]/D","setup"
3104,-0.170,5.000,4.619,10,"student_top_inst/Core_cpu/u_core_top/scoreboard_q_reg[4][fu][0]/C","student_top_inst/Core_cpu/u_core_top/scoreboard_q_reg[0][link_addr][13]/CE","setup"
3105,-0.170,5.000,4.619,10,"student_top_inst/Core_cpu/u_core_top/scoreboard_q_reg[4][fu][0]/C","student_top_inst/Core_cpu/u_core_top/scoreboard_q_reg[0][link_addr][14]/CE","setup"
3106,-0.170,5.000,4.619,10,"student_top_inst/Core_cpu/u_core_top/scoreboard_q_reg[4][fu][0]/C","student_top_inst/Core_cpu/u_core_top/scoreboard_q_reg[0][link_addr][15]/CE","setup"
3107,-0.170,5.000,4.619,10,"student_top_inst/Core_cpu/u_core_top/scoreboard_q_reg[4][fu][0]/C","student_top_inst/Core_cpu/u_core_top/scoreboard_q_reg[0][link_addr][16]/CE","setup"
3108,-0.170,5.000,4.937,5,"student_top_inst/mem_bridge/dram_adapter/dram/U0/inst_blk_mem_gen/gnbram.gnativebmg.native_blk_mem_gen/valid.cstr/has_mux_a.A/no_softecc_norm_sel2.has_mem_regs.WITHOUT_ECC_PIPE.ce_pri.sel_pipe_d1_reg[2]/C","student_top_inst/Core_cpu/u_core_top/u_dmem_regslice/resp_rdata_q_reg[2]/D","setup"
3109,-0.170,5.000,4.572,0,"student_top_inst/cpu_rst_sync_reg/C","student_top_inst/Core_cpu/u_core_top/u_regfile/regs_q_reg[9][2]/R","setup"
3110,-0.170,5.000,4.572,0,"student_top_inst/cpu_rst_sync_reg/C","student_top_inst/Core_cpu/u_core_top/u_regfile/regs_q_reg[9][5]/R","setup"
3111,-0.170,5.000,5.043,7,"student_top_inst/Core_cpu/u_core_top/u_dcache/g_data_bank[3].u_data_bank/mem_q_reg_0/CLKBWRCLK","student_top_inst/Core_cpu/u_core_top/scoreboard_q_reg[0][result][30]/D","setup"
3112,-0.170,5.000,4.973,7,"student_top_inst/Core_cpu/u_core_top/exec_q_reg[op2][2]/C","student_top_inst/Core_cpu/u_core_top/scoreboard_q_reg[4][csr_src][26]/D","setup"
3113,-0.169,5.000,4.463,1,"student_top_inst/cpu_rst_sync_reg/C","student_top_inst/Core_cpu/u_core_top/u_frontend/u_branch_predictor/tag_q_reg_0_63_4_4/DP/WE","setup"
3114,-0.169,5.000,4.463,1,"student_top_inst/cpu_rst_sync_reg/C","student_top_inst/Core_cpu/u_core_top/u_frontend/u_branch_predictor/tag_q_reg_0_63_4_4/SP/WE","setup"
3115,-0.169,5.000,4.463,1,"student_top_inst/cpu_rst_sync_reg/C","student_top_inst/Core_cpu/u_core_top/u_frontend/u_branch_predictor/tag_q_reg_0_63_5_5/DP/WE","setup"
3116,-0.169,5.000,4.463,1,"student_top_inst/cpu_rst_sync_reg/C","student_top_inst/Core_cpu/u_core_top/u_frontend/u_branch_predictor/tag_q_reg_0_63_5_5/SP/WE","setup"
3117,-0.168,5.000,5.017,7,"student_top_inst/Core_cpu/u_core_top/u_dcache/g_data_bank[3].u_data_bank/mem_q_reg_0/CLKBWRCLK","student_top_inst/Core_cpu/u_core_top/scoreboard_q_reg[6][csr_src][15]/D","setup"
3118,-0.168,5.000,4.406,0,"student_top_inst/cpu_rst_sync_reg/C","student_top_inst/Core_cpu/u_core_top/u_regfile/regs_q_reg[28][10]/R","setup"
3119,-0.167,5.000,4.857,8,"student_top_inst/Core_cpu/u_core_top/id_uop_q_reg[rs1][1]/C","student_top_inst/Core_cpu/u_core_top/scoreboard_q_reg[3][csr_src][22]/R","setup"
3120,-0.167,5.000,4.857,8,"student_top_inst/Core_cpu/u_core_top/id_uop_q_reg[rs1][1]/C","student_top_inst/Core_cpu/u_core_top/scoreboard_q_reg[3][csr_src][25]/R","setup"
3121,-0.167,5.000,4.857,8,"student_top_inst/Core_cpu/u_core_top/id_uop_q_reg[rs1][1]/C","student_top_inst/Core_cpu/u_core_top/scoreboard_q_reg[3][csr_src][27]/R","setup"
3122,-0.167,5.000,4.857,8,"student_top_inst/Core_cpu/u_core_top/id_uop_q_reg[rs1][1]/C","student_top_inst/Core_cpu/u_core_top/scoreboard_q_reg[3][csr_src][28]/R","setup"
3123,-0.167,5.000,4.955,0,"student_top_inst/Core_cpu/u_core_top/u_dmem_regslice/req_addr_q_reg[13]/C","student_top_inst/mem_bridge/dram_adapter/dram/U0/inst_blk_mem_gen/gnbram.gnativebmg.native_blk_mem_gen/valid.cstr/ramloop[54].ram.r/prim_init.ram/DEVICE_7SERIES.NO_BMM_INFO.SP.SIMPLE_PRIM36.ram/ADDRARDADDR[14]","setup"
3124,-0.167,5.000,4.589,8,"student_top_inst/Core_cpu/u_core_top/scoreboard_q_reg[4][fu][0]/C","student_top_inst/Mem_IROM/U0/inst_blk_mem_gen/gnbram.gnativebmg.native_blk_mem_gen/valid.cstr/ramloop[1].ram.r/prim_init.ram/DEVICE_7SERIES.NO_BMM_INFO.SP.SIMPLE_PRIM36.ram/ENARDEN","setup"
3125,-0.167,5.000,5.064,7,"student_top_inst/Core_cpu/u_core_top/u_dcache/g_data_bank[1].u_data_bank/mem_q_reg_1/CLKBWRCLK","student_top_inst/Core_cpu/u_core_top/exec_q_reg[op2][14]/D","setup"
3126,-0.166,5.000,5.019,7,"student_top_inst/Core_cpu/u_core_top/u_dcache/g_data_bank[3].u_data_bank/mem_q_reg_0/CLKBWRCLK","student_top_inst/Core_cpu/u_core_top/scoreboard_q_reg[5][csr_src][22]/D","setup"
3127,-0.166,5.000,4.616,10,"student_top_inst/Core_cpu/u_core_top/scoreboard_q_reg[4][fu][0]/C","student_top_inst/Core_cpu/u_core_top/scoreboard_q_reg[3][pc][23]/CE","setup"
3128,-0.166,5.000,4.616,10,"student_top_inst/Core_cpu/u_core_top/scoreboard_q_reg[4][fu][0]/C","student_top_inst/Core_cpu/u_core_top/scoreboard_q_reg[3][pc][24]/CE","setup"
3129,-0.166,5.000,4.616,10,"student_top_inst/Core_cpu/u_core_top/scoreboard_q_reg[4][fu][0]/C","student_top_inst/Core_cpu/u_core_top/scoreboard_q_reg[3][pc][2]/CE","setup"
3130,-0.166,5.000,4.616,10,"student_top_inst/Core_cpu/u_core_top/scoreboard_q_reg[4][fu][0]/C","student_top_inst/Core_cpu/u_core_top/scoreboard_q_reg[3][pc][31]/CE","setup"
3131,-0.166,5.000,4.616,10,"student_top_inst/Core_cpu/u_core_top/scoreboard_q_reg[4][fu][0]/C","student_top_inst/Core_cpu/u_core_top/scoreboard_q_reg[3][pc][4]/CE","setup"
3132,-0.166,5.000,4.884,1,"student_top_inst/Core_cpu/u_core_top/u_dcache/state_q_reg[0]/C","student_top_inst/Core_cpu/u_core_top/u_dcache/tag_q_reg_r1_1792_1855_6_8/RAMA/WADR4","setup"
3133,-0.166,5.000,4.884,1,"student_top_inst/Core_cpu/u_core_top/u_dcache/state_q_reg[0]/C","student_top_inst/Core_cpu/u_core_top/u_dcache/tag_q_reg_r1_1792_1855_6_8/RAMB/WADR4","setup"
3134,-0.166,5.000,4.884,1,"student_top_inst/Core_cpu/u_core_top/u_dcache/state_q_reg[0]/C","student_top_inst/Core_cpu/u_core_top/u_dcache/tag_q_reg_r1_1792_1855_6_8/RAMC/WADR4","setup"
3135,-0.166,5.000,4.884,1,"student_top_inst/Core_cpu/u_core_top/u_dcache/state_q_reg[0]/C","student_top_inst/Core_cpu/u_core_top/u_dcache/tag_q_reg_r1_1792_1855_6_8/RAMD/WADR4","setup"
3136,-0.166,5.000,5.130,8,"student_top_inst/Core_cpu/u_core_top/u_muldiv/b_q_reg[22]/C","student_top_inst/Core_cpu/u_core_top/scoreboard_q_reg[0][csr_src][16]/D","setup"
3137,-0.166,5.000,4.973,0,"student_top_inst/Core_cpu/u_core_top/u_dmem_regslice/req_addr_q_reg[10]/C","student_top_inst/mem_bridge/dram_adapter/dram/U0/inst_blk_mem_gen/gnbram.gnativebmg.native_blk_mem_gen/valid.cstr/ramloop[5].ram.r/prim_init.ram/DEVICE_7SERIES.NO_BMM_INFO.SP.SIMPLE_PRIM36.ram/ADDRARDADDR[11]","setup"
3138,-0.166,5.000,5.009,5,"student_top_inst/Core_cpu/u_core_top/u_dcache/g_data_bank[3].u_data_bank/mem_q_reg_0/CLKBWRCLK","student_top_inst/Core_cpu/u_core_top/scoreboard_q_reg[3][result][6]/D","setup"
3139,-0.165,5.000,4.634,11,"student_top_inst/Core_cpu/u_core_top/scoreboard_q_reg[4][fu][0]/C","student_top_inst/Core_cpu/u_core_top/scoreboard_q_reg[7][csr_addr][1]/CE","setup"
3140,-0.165,5.000,4.634,11,"student_top_inst/Core_cpu/u_core_top/scoreboard_q_reg[4][fu][0]/C","student_top_inst/Core_cpu/u_core_top/scoreboard_q_reg[7][csr_addr][2]/CE","setup"
3141,-0.165,5.000,4.634,11,"student_top_inst/Core_cpu/u_core_top/scoreboard_q_reg[4][fu][0]/C","student_top_inst/Core_cpu/u_core_top/scoreboard_q_reg[7][csr_op][1]/CE","setup"
3142,-0.165,5.000,4.634,11,"student_top_inst/Core_cpu/u_core_top/scoreboard_q_reg[4][fu][0]/C","student_top_inst/Core_cpu/u_core_top/scoreboard_q_reg[7][link_addr][21]/CE","setup"
3143,-0.165,5.000,4.634,11,"student_top_inst/Core_cpu/u_core_top/scoreboard_q_reg[4][fu][0]/C","student_top_inst/Core_cpu/u_core_top/scoreboard_q_reg[7][pc][4]/CE","setup"
3144,-0.165,5.000,5.186,8,"student_top_inst/Core_cpu/u_core_top/id_uop_q_reg[rs1][1]/C","student_top_inst/Core_cpu/u_core_top/scoreboard_q_reg[5][done]/D","setup"
3145,-0.165,5.000,4.846,7,"student_top_inst/Core_cpu/u_core_top/commit_ptr_q_reg[2]_rep/C","student_top_inst/Core_cpu/u_core_top/u_csr/mepc_q_reg[6]/D","setup"
3146,-0.164,5.000,4.873,7,"student_top_inst/Core_cpu/u_core_top/commit_ptr_q_reg[2]_rep/C","student_top_inst/Core_cpu/u_core_top/u_csr/mepc_q_reg[27]/D","setup"
3147,-0.164,5.000,4.796,10,"student_top_inst/Core_cpu/u_core_top/scoreboard_q_reg[4][fu][0]/C","student_top_inst/Core_cpu/u_core_top/issue_ptr_q_reg[0]/D","setup"
3148,-0.164,5.000,5.008,7,"student_top_inst/Core_cpu/u_core_top/u_dcache/g_data_bank[3].u_data_bank/mem_q_reg_0/CLKBWRCLK","student_top_inst/Core_cpu/u_core_top/scoreboard_q_reg[3][result][25]/D","setup"
3149,-0.164,5.000,4.953,10,"student_top_inst/Core_cpu/u_core_top/load_head_q_reg[0]/C","student_top_inst/Core_cpu/u_core_top/u_dcache/lookup_valid_q_reg/D","setup"
3150,-0.164,5.000,4.517,10,"student_top_inst/Core_cpu/u_core_top/scoreboard_q_reg[4][fu][0]/C","student_top_inst/Core_cpu/u_core_top/u_dcache/g_data_bank[2].u_data_bank/mem_q_reg_1/ENBWREN","setup"
3151,-0.163,5.000,4.791,6,"student_top_inst/Core_cpu/u_core_top/commit_ptr_q_reg[2]_rep/C","student_top_inst/Core_cpu/u_core_top/u_csr/mscratch_q_reg[7]/D","setup"
3152,-0.163,5.000,5.032,0,"student_top_inst/Core_cpu/u_core_top/u_dmem_regslice/req_addr_q_reg[6]/C","student_top_inst/mem_bridge/dram_adapter/dram/U0/inst_blk_mem_gen/gnbram.gnativebmg.native_blk_mem_gen/valid.cstr/ramloop[50].ram.r/prim_init.ram/DEVICE_7SERIES.NO_BMM_INFO.SP.SIMPLE_PRIM36.ram/ADDRARDADDR[7]","setup"
3153,-0.163,5.000,4.873,7,"student_top_inst/Core_cpu/u_core_top/commit_ptr_q_reg[2]_rep/C","student_top_inst/Core_cpu/u_core_top/u_csr/mtval_q_reg[10]/D","setup"
3154,-0.162,5.000,4.841,7,"student_top_inst/Core_cpu/u_core_top/commit_ptr_q_reg[2]_rep/C","student_top_inst/Core_cpu/u_core_top/u_csr/mstatus_q_reg[8]/D","setup"
3155,-0.162,5.000,5.004,7,"student_top_inst/Core_cpu/u_core_top/u_dcache/g_data_bank[3].u_data_bank/mem_q_reg_0/CLKBWRCLK","student_top_inst/Core_cpu/u_core_top/scoreboard_q_reg[2][result][20]/D","setup"
3156,-0.160,5.000,4.710,10,"student_top_inst/Core_cpu/u_core_top/scoreboard_q_reg[4][fu][0]/C","student_top_inst/Core_cpu/u_core_top/scoreboard_q_reg[0][result][24]/R","setup"
3157,-0.160,5.000,4.710,10,"student_top_inst/Core_cpu/u_core_top/scoreboard_q_reg[4][fu][0]/C","student_top_inst/Core_cpu/u_core_top/scoreboard_q_reg[0][result][30]/R","setup"
3158,-0.160,5.000,4.710,10,"student_top_inst/Core_cpu/u_core_top/scoreboard_q_reg[4][fu][0]/C","student_top_inst/Core_cpu/u_core_top/scoreboard_q_reg[0][result][31]/R","setup"
3159,-0.160,5.000,4.905,5,"student_top_inst/mem_bridge/dram_adapter/dram/U0/inst_blk_mem_gen/gnbram.gnativebmg.native_blk_mem_gen/valid.cstr/has_mux_a.A/no_softecc_norm_sel2.has_mem_regs.WITHOUT_ECC_PIPE.ce_pri.sel_pipe_d1_reg[2]/C","student_top_inst/Core_cpu/u_core_top/u_dmem_regslice/resp_rdata_q_reg[5]/D","setup"
3160,-0.159,5.000,4.606,10,"student_top_inst/Core_cpu/u_core_top/scoreboard_q_reg[4][fu][0]/C","student_top_inst/Core_cpu/u_core_top/scoreboard_q_reg[3][is_call]/CE","setup"
3161,-0.159,5.000,4.606,10,"student_top_inst/Core_cpu/u_core_top/scoreboard_q_reg[4][fu][0]/C","student_top_inst/Core_cpu/u_core_top/scoreboard_q_reg[3][pc][17]/CE","setup"
3162,-0.159,5.000,5.041,11,"student_top_inst/Core_cpu/u_core_top/store_head_q_reg[0]/C","student_top_inst/Core_cpu/u_core_top/load_q_reg[1][forward_data][16]/D","setup"
3163,-0.159,5.000,4.952,7,"student_top_inst/Core_cpu/u_core_top/id_uop_q_reg[rs1][1]/C","student_top_inst/Core_cpu/u_core_top/scoreboard_q_reg[1][csr_src][3]/CE","setup"
3164,-0.159,5.000,4.840,7,"student_top_inst/Core_cpu/u_core_top/commit_ptr_q_reg[2]_rep/C","student_top_inst/Core_cpu/u_core_top/u_csr/mstatus_q_reg[5]/D","setup"
3165,-0.159,5.000,5.001,7,"student_top_inst/Core_cpu/u_core_top/u_dcache/g_data_bank[3].u_data_bank/mem_q_reg_0/CLKBWRCLK","student_top_inst/Core_cpu/u_core_top/scoreboard_q_reg[4][result][23]/D","setup"
3166,-0.158,5.000,4.835,7,"student_top_inst/Core_cpu/u_core_top/commit_ptr_q_reg[2]_rep/C","student_top_inst/Core_cpu/u_core_top/u_csr/mstatus_q_reg[31]/D","setup"
3167,-0.158,5.000,4.627,11,"student_top_inst/Core_cpu/u_core_top/scoreboard_q_reg[4][fu][0]/C","student_top_inst/Core_cpu/u_core_top/scoreboard_q_reg[4][csr_addr][5]/CE","setup"
3168,-0.158,5.000,4.627,11,"student_top_inst/Core_cpu/u_core_top/scoreboard_q_reg[4][fu][0]/C","student_top_inst/Core_cpu/u_core_top/scoreboard_q_reg[4][csr_addr][8]/CE","setup"
3169,-0.158,5.000,4.627,11,"student_top_inst/Core_cpu/u_core_top/scoreboard_q_reg[4][fu][0]/C","student_top_inst/Core_cpu/u_core_top/scoreboard_q_reg[4][link_addr][27]/CE","setup"
3170,-0.158,5.000,4.627,11,"student_top_inst/Core_cpu/u_core_top/scoreboard_q_reg[4][fu][0]/C","student_top_inst/Core_cpu/u_core_top/scoreboard_q_reg[4][pc][14]/CE","setup"
3171,-0.158,5.000,5.000,7,"student_top_inst/Core_cpu/u_core_top/u_dcache/g_data_bank[3].u_data_bank/mem_q_reg_0/CLKBWRCLK","student_top_inst/Core_cpu/u_core_top/scoreboard_q_reg[6][result][31]/D","setup"
3172,-0.157,5.000,5.035,11,"student_top_inst/Core_cpu/u_core_top/store_head_q_reg[0]/C","student_top_inst/Core_cpu/u_core_top/load_q_reg[1][forward_data][19]/D","setup"
3173,-0.156,5.000,4.774,6,"student_top_inst/Core_cpu/u_core_top/commit_ptr_q_reg[2]_rep/C","student_top_inst/Core_cpu/u_core_top/u_csr/mcause_q_reg[5]/D","setup"
3174,-0.155,5.000,5.065,10,"student_top_inst/Core_cpu/u_core_top/store_head_q_reg[0]/C","student_top_inst/Core_cpu/u_core_top/load_q_reg[0][forward_data][1]/D","setup"
3175,-0.155,5.000,4.942,0,"student_top_inst/Core_cpu/u_core_top/u_dmem_regslice/req_addr_q_reg[10]/C","student_top_inst/mem_bridge/dram_adapter/dram/U0/inst_blk_mem_gen/gnbram.gnativebmg.native_blk_mem_gen/valid.cstr/ramloop[54].ram.r/prim_init.ram/DEVICE_7SERIES.NO_BMM_INFO.SP.SIMPLE_PRIM36.ram/ADDRARDADDR[11]","setup"
3176,-0.154,5.000,4.998,7,"student_top_inst/Core_cpu/u_core_top/u_dcache/g_data_bank[3].u_data_bank/mem_q_reg_0/CLKBWRCLK","student_top_inst/Core_cpu/u_core_top/scoreboard_q_reg[6][result][12]/D","setup"
3177,-0.154,5.000,5.111,8,"student_top_inst/Core_cpu/u_core_top/u_muldiv/b_q_reg[22]/C","student_top_inst/Core_cpu/u_core_top/scoreboard_q_reg[4][csr_src][17]/D","setup"
3178,-0.154,5.000,4.599,11,"student_top_inst/Core_cpu/u_core_top/scoreboard_q_reg[4][fu][0]/C","student_top_inst/Core_cpu/u_core_top/scoreboard_q_reg[2][csr_addr][1]/CE","setup"
3179,-0.154,5.000,4.599,11,"student_top_inst/Core_cpu/u_core_top/scoreboard_q_reg[4][fu][0]/C","student_top_inst/Core_cpu/u_core_top/scoreboard_q_reg[2][csr_addr][4]/CE","setup"
3180,-0.154,5.000,4.599,11,"student_top_inst/Core_cpu/u_core_top/scoreboard_q_reg[4][fu][0]/C","student_top_inst/Core_cpu/u_core_top/scoreboard_q_reg[2][csr_addr][5]/CE","setup"
3181,-0.154,5.000,4.599,11,"student_top_inst/Core_cpu/u_core_top/scoreboard_q_reg[4][fu][0]/C","student_top_inst/Core_cpu/u_core_top/scoreboard_q_reg[2][csr_addr][7]/CE","setup"
3182,-0.154,5.000,4.599,11,"student_top_inst/Core_cpu/u_core_top/scoreboard_q_reg[4][fu][0]/C","student_top_inst/Core_cpu/u_core_top/scoreboard_q_reg[2][link_addr][21]/CE","setup"
3183,-0.154,5.000,4.599,11,"student_top_inst/Core_cpu/u_core_top/scoreboard_q_reg[4][fu][0]/C","student_top_inst/Core_cpu/u_core_top/scoreboard_q_reg[2][link_addr][23]/CE","setup"
3184,-0.154,5.000,4.599,11,"student_top_inst/Core_cpu/u_core_top/scoreboard_q_reg[4][fu][0]/C","student_top_inst/Core_cpu/u_core_top/scoreboard_q_reg[2][link_addr][25]/CE","setup"
3185,-0.154,5.000,4.599,11,"student_top_inst/Core_cpu/u_core_top/scoreboard_q_reg[4][fu][0]/C","student_top_inst/Core_cpu/u_core_top/scoreboard_q_reg[2][pc][13]/CE","setup"
3186,-0.154,5.000,4.998,7,"student_top_inst/Core_cpu/u_core_top/u_dcache/g_data_bank[3].u_data_bank/mem_q_reg_0/CLKBWRCLK","student_top_inst/Core_cpu/u_core_top/scoreboard_q_reg[0][result][21]/D","setup"
3187,-0.154,5.000,5.025,7,"student_top_inst/Core_cpu/u_core_top/u_dcache/g_data_bank[3].u_data_bank/mem_q_reg_0/CLKBWRCLK","student_top_inst/Core_cpu/u_core_top/exec_q_reg[op1][15]/D","setup"
3188,-0.153,5.000,4.843,7,"student_top_inst/Core_cpu/u_core_top/id_uop_q_reg[rs1][1]/C","student_top_inst/Core_cpu/u_core_top/scoreboard_q_reg[2][csr_src][11]/R","setup"
3189,-0.153,5.000,4.843,7,"student_top_inst/Core_cpu/u_core_top/id_uop_q_reg[rs1][1]/C","student_top_inst/Core_cpu/u_core_top/scoreboard_q_reg[2][csr_src][13]/R","setup"
3190,-0.153,5.000,4.843,7,"student_top_inst/Core_cpu/u_core_top/id_uop_q_reg[rs1][1]/C","student_top_inst/Core_cpu/u_core_top/scoreboard_q_reg[2][csr_src][19]/R","setup"
3191,-0.153,5.000,4.843,7,"student_top_inst/Core_cpu/u_core_top/id_uop_q_reg[rs1][1]/C","student_top_inst/Core_cpu/u_core_top/scoreboard_q_reg[2][csr_src][5]/R","setup"
3192,-0.153,5.000,4.843,7,"student_top_inst/Core_cpu/u_core_top/id_uop_q_reg[rs1][1]/C","student_top_inst/Core_cpu/u_core_top/scoreboard_q_reg[2][csr_src][8]/R","setup"
3193,-0.153,5.000,4.540,0,"student_top_inst/cpu_rst_sync_reg/C","student_top_inst/Core_cpu/u_core_top/store_q_reg[1][addr][12]/R","setup"
3194,-0.153,5.000,4.993,7,"student_top_inst/Core_cpu/u_core_top/u_dcache/g_data_bank[3].u_data_bank/mem_q_reg_0/CLKBWRCLK","student_top_inst/Core_cpu/u_core_top/scoreboard_q_reg[7][csr_src][11]/D","setup"
3195,-0.153,5.000,4.769,6,"student_top_inst/Core_cpu/u_core_top/commit_ptr_q_reg[2]_rep/C","student_top_inst/Core_cpu/u_core_top/u_csr/mscratch_q_reg[4]/D","setup"
3196,-0.153,5.000,5.014,7,"student_top_inst/Core_cpu/u_core_top/u_dcache/g_data_bank[3].u_data_bank/mem_q_reg_0/CLKBWRCLK","student_top_inst/Core_cpu/u_core_top/scoreboard_q_reg[5][csr_src][11]/D","setup"
3197,-0.153,5.000,4.679,10,"student_top_inst/Core_cpu/u_core_top/scoreboard_q_reg[4][fu][0]/C","student_top_inst/Core_cpu/u_core_top/scoreboard_q_reg[5][result][20]/R","setup"
3198,-0.153,5.000,4.679,10,"student_top_inst/Core_cpu/u_core_top/scoreboard_q_reg[4][fu][0]/C","student_top_inst/Core_cpu/u_core_top/scoreboard_q_reg[5][result][28]/R","setup"
3199,-0.153,5.000,4.679,10,"student_top_inst/Core_cpu/u_core_top/scoreboard_q_reg[4][fu][0]/C","student_top_inst/Core_cpu/u_core_top/scoreboard_q_reg[5][result][30]/R","setup"
3200,-0.153,5.000,4.866,11,"student_top_inst/Core_cpu/u_core_top/scoreboard_q_reg[4][fu][0]/C","student_top_inst/Core_cpu/u_core_top/exec_mem_addr_q_reg[12]/CE","setup"
3201,-0.153,5.000,4.866,11,"student_top_inst/Core_cpu/u_core_top/scoreboard_q_reg[4][fu][0]/C","student_top_inst/Core_cpu/u_core_top/exec_mem_addr_q_reg[13]/CE","setup"
3202,-0.153,5.000,4.866,11,"student_top_inst/Core_cpu/u_core_top/scoreboard_q_reg[4][fu][0]/C","student_top_inst/Core_cpu/u_core_top/exec_mem_addr_q_reg[14]/CE","setup"
3203,-0.153,5.000,4.866,11,"student_top_inst/Core_cpu/u_core_top/scoreboard_q_reg[4][fu][0]/C","student_top_inst/Core_cpu/u_core_top/exec_mem_addr_q_reg[15]/CE","setup"
3204,-0.153,5.000,4.575,0,"student_top_inst/cpu_rst_sync_reg/C","student_top_inst/Core_cpu/u_core_top/u_regfile/regs_q_reg[27][2]/R","setup"
3205,-0.153,5.000,4.575,0,"student_top_inst/cpu_rst_sync_reg/C","student_top_inst/Core_cpu/u_core_top/u_regfile/regs_q_reg[27][5]/R","setup"
3206,-0.152,5.000,4.601,10,"student_top_inst/Core_cpu/u_core_top/scoreboard_q_reg[4][fu][0]/C","student_top_inst/Core_cpu/u_core_top/scoreboard_q_reg[0][link_addr][1]/CE","setup"
3207,-0.152,5.000,4.601,10,"student_top_inst/Core_cpu/u_core_top/scoreboard_q_reg[4][fu][0]/C","student_top_inst/Core_cpu/u_core_top/scoreboard_q_reg[0][link_addr][2]/CE","setup"
3208,-0.152,5.000,4.601,10,"student_top_inst/Core_cpu/u_core_top/scoreboard_q_reg[4][fu][0]/C","student_top_inst/Core_cpu/u_core_top/scoreboard_q_reg[0][link_addr][3]/CE","setup"
3209,-0.152,5.000,4.601,10,"student_top_inst/Core_cpu/u_core_top/scoreboard_q_reg[4][fu][0]/C","student_top_inst/Core_cpu/u_core_top/scoreboard_q_reg[0][link_addr][4]/CE","setup"
3210,-0.152,5.000,4.994,7,"student_top_inst/Core_cpu/u_core_top/u_dcache/g_data_bank[3].u_data_bank/mem_q_reg_0/CLKBWRCLK","student_top_inst/Core_cpu/u_core_top/scoreboard_q_reg[1][result][16]/D","setup"
3211,-0.152,5.000,5.054,6,"student_top_inst/Core_cpu/u_core_top/commit_ptr_q_reg[2]_rep/C","student_top_inst/Core_cpu/u_core_top/wb_data_q_reg[0]/D","setup"
3212,-0.152,5.000,4.414,0,"student_top_inst/cpu_rst_sync_reg/C","student_top_inst/Core_cpu/u_core_top/u_regfile/regs_q_reg[8][10]/R","setup"
3213,-0.152,5.000,4.597,9,"student_top_inst/Core_cpu/u_core_top/scoreboard_q_reg[4][fu][0]/C","student_top_inst/Core_cpu/u_core_top/u_muldiv/u_div/U0/i_synth/i_has_input_skid.i_2to1/gen_has_z_tready.reg1_b_tdata_reg[14]/CE","setup"
3214,-0.152,5.000,4.597,9,"student_top_inst/Core_cpu/u_core_top/scoreboard_q_reg[4][fu][0]/C","student_top_inst/Core_cpu/u_core_top/u_muldiv/u_div/U0/i_synth/i_has_input_skid.i_2to1/gen_has_z_tready.reg1_b_tdata_reg[15]/CE","setup"
3215,-0.152,5.000,4.597,9,"student_top_inst/Core_cpu/u_core_top/scoreboard_q_reg[4][fu][0]/C","student_top_inst/Core_cpu/u_core_top/u_muldiv/u_div/U0/i_synth/i_has_input_skid.i_2to1/gen_has_z_tready.reg1_b_tdata_reg[4]/CE","setup"
3216,-0.152,5.000,4.597,9,"student_top_inst/Core_cpu/u_core_top/scoreboard_q_reg[4][fu][0]/C","student_top_inst/Core_cpu/u_core_top/u_muldiv/u_div/U0/i_synth/i_has_input_skid.i_2to1/gen_has_z_tready.reg1_b_tdata_reg[5]/CE","setup"
3217,-0.152,5.000,5.026,7,"student_top_inst/Core_cpu/u_core_top/u_dcache/g_data_bank[3].u_data_bank/mem_q_reg_0/CLKBWRCLK","student_top_inst/Core_cpu/u_core_top/scoreboard_q_reg[2][result][31]/D","setup"
3218,-0.152,5.000,4.855,6,"student_top_inst/Core_cpu/u_core_top/commit_ptr_q_reg[2]_rep/C","student_top_inst/Core_cpu/u_core_top/wb_data_q_reg[18]/D","setup"
3219,-0.152,5.000,5.013,7,"student_top_inst/Core_cpu/u_core_top/u_dcache/g_data_bank[3].u_data_bank/mem_q_reg_0/CLKBWRCLK","student_top_inst/Core_cpu/u_core_top/scoreboard_q_reg[0][csr_src][23]/D","setup"
3220,-0.151,5.000,4.597,11,"student_top_inst/Core_cpu/u_core_top/scoreboard_q_reg[4][fu][0]/C","student_top_inst/Core_cpu/u_core_top/scoreboard_q_reg[5][link_addr][25]/CE","setup"
3221,-0.151,5.000,4.870,1,"student_top_inst/Core_cpu/u_core_top/u_dcache/state_q_reg[0]/C","student_top_inst/Core_cpu/u_core_top/u_dcache/tag_q_reg_r1_1408_1471_6_8/RAMA/WADR4","setup"
3222,-0.151,5.000,4.870,1,"student_top_inst/Core_cpu/u_core_top/u_dcache/state_q_reg[0]/C","student_top_inst/Core_cpu/u_core_top/u_dcache/tag_q_reg_r1_1408_1471_6_8/RAMB/WADR4","setup"
3223,-0.151,5.000,4.870,1,"student_top_inst/Core_cpu/u_core_top/u_dcache/state_q_reg[0]/C","student_top_inst/Core_cpu/u_core_top/u_dcache/tag_q_reg_r1_1408_1471_6_8/RAMC/WADR4","setup"
3224,-0.151,5.000,4.870,1,"student_top_inst/Core_cpu/u_core_top/u_dcache/state_q_reg[0]/C","student_top_inst/Core_cpu/u_core_top/u_dcache/tag_q_reg_r1_1408_1471_6_8/RAMD/WADR4","setup"
3225,-0.151,5.000,4.538,0,"student_top_inst/cpu_rst_sync_reg/C","student_top_inst/Core_cpu/u_core_top/store_q_reg[3][addr][5]/R","setup"
3226,-0.151,5.000,4.598,10,"student_top_inst/Core_cpu/u_core_top/scoreboard_q_reg[4][fu][0]/C","student_top_inst/Core_cpu/u_core_top/scoreboard_q_reg[0][is_call]/CE","setup"
3227,-0.151,5.000,4.598,10,"student_top_inst/Core_cpu/u_core_top/scoreboard_q_reg[4][fu][0]/C","student_top_inst/Core_cpu/u_core_top/scoreboard_q_reg[0][is_return]/CE","setup"
3228,-0.151,5.000,4.598,10,"student_top_inst/Core_cpu/u_core_top/scoreboard_q_reg[4][fu][0]/C","student_top_inst/Core_cpu/u_core_top/scoreboard_q_reg[0][pc][11]/CE","setup"
3229,-0.151,5.000,4.598,10,"student_top_inst/Core_cpu/u_core_top/scoreboard_q_reg[4][fu][0]/C","student_top_inst/Core_cpu/u_core_top/scoreboard_q_reg[0][pc][24]/CE","setup"
3230,-0.151,5.000,4.598,10,"student_top_inst/Core_cpu/u_core_top/scoreboard_q_reg[4][fu][0]/C","student_top_inst/Core_cpu/u_core_top/scoreboard_q_reg[0][pc][25]/CE","setup"
3231,-0.151,5.000,4.598,10,"student_top_inst/Core_cpu/u_core_top/scoreboard_q_reg[4][fu][0]/C","student_top_inst/Core_cpu/u_core_top/scoreboard_q_reg[0][pc][5]/CE","setup"
3232,-0.151,5.000,4.598,10,"student_top_inst/Core_cpu/u_core_top/scoreboard_q_reg[4][fu][0]/C","student_top_inst/Core_cpu/u_core_top/scoreboard_q_reg[0][pc][9]/CE","setup"
3233,-0.150,5.000,4.993,7,"student_top_inst/Core_cpu/u_core_top/u_dcache/g_data_bank[3].u_data_bank/mem_q_reg_0/CLKBWRCLK","student_top_inst/Core_cpu/u_core_top/scoreboard_q_reg[3][result][18]/D","setup"
3234,-0.150,5.000,4.600,11,"student_top_inst/Core_cpu/u_core_top/scoreboard_q_reg[4][fu][0]/C","student_top_inst/Core_cpu/u_core_top/scoreboard_q_reg[4][link_addr][10]/CE","setup"
3235,-0.150,5.000,4.600,11,"student_top_inst/Core_cpu/u_core_top/scoreboard_q_reg[4][fu][0]/C","student_top_inst/Core_cpu/u_core_top/scoreboard_q_reg[4][link_addr][11]/CE","setup"
3236,-0.150,5.000,4.600,11,"student_top_inst/Core_cpu/u_core_top/scoreboard_q_reg[4][fu][0]/C","student_top_inst/Core_cpu/u_core_top/scoreboard_q_reg[4][link_addr][13]/CE","setup"
3237,-0.150,5.000,4.600,11,"student_top_inst/Core_cpu/u_core_top/scoreboard_q_reg[4][fu][0]/C","student_top_inst/Core_cpu/u_core_top/scoreboard_q_reg[4][link_addr][15]/CE","setup"
3238,-0.150,5.000,4.600,11,"student_top_inst/Core_cpu/u_core_top/scoreboard_q_reg[4][fu][0]/C","student_top_inst/Core_cpu/u_core_top/scoreboard_q_reg[4][link_addr][20]/CE","setup"
3239,-0.150,5.000,4.600,11,"student_top_inst/Core_cpu/u_core_top/scoreboard_q_reg[4][fu][0]/C","student_top_inst/Core_cpu/u_core_top/scoreboard_q_reg[4][link_addr][2]/CE","setup"
3240,-0.150,5.000,4.600,11,"student_top_inst/Core_cpu/u_core_top/scoreboard_q_reg[4][fu][0]/C","student_top_inst/Core_cpu/u_core_top/scoreboard_q_reg[4][link_addr][3]/CE","setup"
3241,-0.150,5.000,4.848,0,"student_top_inst/Core_cpu/u_core_top/u_dmem_regslice/req_addr_q_reg[12]/C","student_top_inst/mem_bridge/dram_adapter/dram/U0/inst_blk_mem_gen/gnbram.gnativebmg.native_blk_mem_gen/valid.cstr/ramloop[57].ram.r/prim_init.ram/DEVICE_7SERIES.NO_BMM_INFO.SP.SIMPLE_PRIM36.ram/ADDRARDADDR[13]","setup"
3242,-0.150,5.000,4.620,11,"student_top_inst/Core_cpu/u_core_top/scoreboard_q_reg[4][fu][0]/C","student_top_inst/Core_cpu/u_core_top/scoreboard_q_reg[2][csr_addr][8]/CE","setup"
3243,-0.150,5.000,4.620,11,"student_top_inst/Core_cpu/u_core_top/scoreboard_q_reg[4][fu][0]/C","student_top_inst/Core_cpu/u_core_top/scoreboard_q_reg[2][is_call]/CE","setup"
3244,-0.150,5.000,4.620,11,"student_top_inst/Core_cpu/u_core_top/scoreboard_q_reg[4][fu][0]/C","student_top_inst/Core_cpu/u_core_top/scoreboard_q_reg[2][link_addr][26]/CE","setup"
3245,-0.150,5.000,4.620,11,"student_top_inst/Core_cpu/u_core_top/scoreboard_q_reg[4][fu][0]/C","student_top_inst/Core_cpu/u_core_top/scoreboard_q_reg[2][pc][0]/CE","setup"
3246,-0.150,5.000,4.620,11,"student_top_inst/Core_cpu/u_core_top/scoreboard_q_reg[4][fu][0]/C","student_top_inst/Core_cpu/u_core_top/scoreboard_q_reg[2][pc][15]/CE","setup"
3247,-0.150,5.000,4.620,11,"student_top_inst/Core_cpu/u_core_top/scoreboard_q_reg[4][fu][0]/C","student_top_inst/Core_cpu/u_core_top/scoreboard_q_reg[2][pc][20]/CE","setup"
3248,-0.150,5.000,4.620,11,"student_top_inst/Core_cpu/u_core_top/scoreboard_q_reg[4][fu][0]/C","student_top_inst/Core_cpu/u_core_top/scoreboard_q_reg[2][pc][5]/CE","setup"
3249,-0.150,5.000,4.993,7,"student_top_inst/Core_cpu/u_core_top/u_dcache/g_data_bank[3].u_data_bank/mem_q_reg_0/CLKBWRCLK","student_top_inst/Core_cpu/u_core_top/scoreboard_q_reg[3][result][23]/D","setup"
3250,-0.149,5.000,4.830,7,"student_top_inst/Core_cpu/u_core_top/commit_ptr_q_reg[2]_rep/C","student_top_inst/Core_cpu/u_core_top/u_csr/mepc_q_reg[13]/D","setup"
3251,-0.149,5.000,4.997,6,"student_top_inst/Core_cpu/u_core_top/u_dcache/g_data_bank[3].u_data_bank/mem_q_reg_0/CLKBWRCLK","student_top_inst/Core_cpu/u_core_top/scoreboard_q_reg[7][csr_src][2]/D","setup"
3252,-0.149,5.000,5.079,6,"student_top_inst/Core_cpu/u_core_top/u_dcache/g_data_bank[1].u_data_bank/mem_q_reg_1/CLKBWRCLK","student_top_inst/Core_cpu/u_core_top/scoreboard_q_reg[0][result][28]/D","setup"
3253,-0.149,5.000,5.032,11,"student_top_inst/Core_cpu/u_core_top/store_head_q_reg[1]/C","student_top_inst/Core_cpu/u_core_top/load_q_reg[0][forward_data][25]/D","setup"
3254,-0.149,5.000,4.910,0,"student_top_inst/mem_bridge/dram_adapter/read_valid_d1_reg/C","student_top_inst/mem_bridge/dram_adapter/dram/U0/inst_blk_mem_gen/gnbram.gnativebmg.native_blk_mem_gen/valid.cstr/ramloop[22].ram.r/prim_init.ram/DEVICE_7SERIES.NO_BMM_INFO.SP.SIMPLE_PRIM36.ram/REGCEAREGCE","setup"
3255,-0.149,5.000,4.991,7,"student_top_inst/Core_cpu/u_core_top/u_dcache/g_data_bank[3].u_data_bank/mem_q_reg_0/CLKBWRCLK","student_top_inst/Core_cpu/u_core_top/scoreboard_q_reg[0][result][14]/D","setup"
3256,-0.148,5.000,4.938,10,"student_top_inst/Core_cpu/u_core_top/store_head_q_reg[0]/C","student_top_inst/Core_cpu/u_core_top/load_q_reg[1][forward_data][0]/D","setup"
3257,-0.148,5.000,4.597,11,"student_top_inst/Core_cpu/u_core_top/scoreboard_q_reg[4][fu][0]/C","student_top_inst/Core_cpu/u_core_top/scoreboard_q_reg[7][link_addr][14]/CE","setup"
3258,-0.148,5.000,4.597,11,"student_top_inst/Core_cpu/u_core_top/scoreboard_q_reg[4][fu][0]/C","student_top_inst/Core_cpu/u_core_top/scoreboard_q_reg[7][link_addr][17]/CE","setup"
3259,-0.148,5.000,4.597,11,"student_top_inst/Core_cpu/u_core_top/scoreboard_q_reg[4][fu][0]/C","student_top_inst/Core_cpu/u_core_top/scoreboard_q_reg[7][link_addr][2]/CE","setup"
3260,-0.148,5.000,4.597,11,"student_top_inst/Core_cpu/u_core_top/scoreboard_q_reg[4][fu][0]/C","student_top_inst/Core_cpu/u_core_top/scoreboard_q_reg[7][link_addr][4]/CE","setup"
3261,-0.148,5.000,4.597,11,"student_top_inst/Core_cpu/u_core_top/scoreboard_q_reg[4][fu][0]/C","student_top_inst/Core_cpu/u_core_top/scoreboard_q_reg[7][link_addr][9]/CE","setup"
3262,-0.147,5.000,4.572,0,"student_top_inst/cpu_rst_sync_reg/C","student_top_inst/Core_cpu/u_core_top/u_regfile/regs_q_reg[12][2]/R","setup"
3263,-0.147,5.000,4.572,0,"student_top_inst/cpu_rst_sync_reg/C","student_top_inst/Core_cpu/u_core_top/u_regfile/regs_q_reg[12][6]/R","setup"
3264,-0.147,5.000,5.070,1,"student_top_inst/Core_cpu/u_core_top/u_dmem_regslice/req_wdata_q_reg[7]/C","student_top_inst/mem_bridge/dram_adapter/dram/U0/inst_blk_mem_gen/gnbram.gnativebmg.native_blk_mem_gen/valid.cstr/ramloop[7].ram.r/prim_init.ram/DEVICE_7SERIES.NO_BMM_INFO.SP.SIMPLE_PRIM36.ram/DIADI[7]","setup"
3265,-0.147,5.000,4.594,11,"student_top_inst/Core_cpu/u_core_top/scoreboard_q_reg[4][fu][0]/C","student_top_inst/Core_cpu/u_core_top/scoreboard_q_reg[5][csr_addr][2]/CE","setup"
3266,-0.147,5.000,4.594,11,"student_top_inst/Core_cpu/u_core_top/scoreboard_q_reg[4][fu][0]/C","student_top_inst/Core_cpu/u_core_top/scoreboard_q_reg[5][csr_addr][4]/CE","setup"
3267,-0.147,5.000,4.594,11,"student_top_inst/Core_cpu/u_core_top/scoreboard_q_reg[4][fu][0]/C","student_top_inst/Core_cpu/u_core_top/scoreboard_q_reg[5][csr_op][1]/CE","setup"
3268,-0.147,5.000,4.594,11,"student_top_inst/Core_cpu/u_core_top/scoreboard_q_reg[4][fu][0]/C","student_top_inst/Core_cpu/u_core_top/scoreboard_q_reg[5][is_call]/CE","setup"
3269,-0.147,5.000,4.594,11,"student_top_inst/Core_cpu/u_core_top/scoreboard_q_reg[4][fu][0]/C","student_top_inst/Core_cpu/u_core_top/scoreboard_q_reg[5][pc][0]/CE","setup"
3270,-0.147,5.000,4.594,11,"student_top_inst/Core_cpu/u_core_top/scoreboard_q_reg[4][fu][0]/C","student_top_inst/Core_cpu/u_core_top/scoreboard_q_reg[5][pc][10]/CE","setup"
3271,-0.147,5.000,4.594,11,"student_top_inst/Core_cpu/u_core_top/scoreboard_q_reg[4][fu][0]/C","student_top_inst/Core_cpu/u_core_top/scoreboard_q_reg[5][pc][11]/CE","setup"
3272,-0.147,5.000,4.594,11,"student_top_inst/Core_cpu/u_core_top/scoreboard_q_reg[4][fu][0]/C","student_top_inst/Core_cpu/u_core_top/scoreboard_q_reg[5][pc][24]/CE","setup"
3273,-0.146,5.000,4.588,9,"student_top_inst/Core_cpu/u_core_top/scoreboard_q_reg[4][fu][0]/C","student_top_inst/Core_cpu/u_core_top/u_muldiv/u_div/U0/i_synth/i_has_input_skid.i_2to1/gen_has_z_tready.reg1_a_tdata_reg[5]/CE","setup"
3274,-0.146,5.000,4.588,9,"student_top_inst/Core_cpu/u_core_top/scoreboard_q_reg[4][fu][0]/C","student_top_inst/Core_cpu/u_core_top/u_muldiv/u_div/U0/i_synth/i_has_input_skid.i_2to1/gen_has_z_tready.reg1_a_tdata_reg[7]/CE","setup"
3275,-0.146,5.000,4.588,9,"student_top_inst/Core_cpu/u_core_top/scoreboard_q_reg[4][fu][0]/C","student_top_inst/Core_cpu/u_core_top/u_muldiv/u_div/U0/i_synth/i_has_input_skid.i_2to1/gen_has_z_tready.reg1_a_tdata_reg[8]/CE","setup"
3276,-0.146,5.000,4.588,9,"student_top_inst/Core_cpu/u_core_top/scoreboard_q_reg[4][fu][0]/C","student_top_inst/Core_cpu/u_core_top/u_muldiv/u_div/U0/i_synth/i_has_input_skid.i_2to1/gen_has_z_tready.reg1_a_tdata_reg[9]/CE","setup"
3277,-0.146,5.000,4.593,10,"student_top_inst/Core_cpu/u_core_top/scoreboard_q_reg[4][fu][0]/C","student_top_inst/Core_cpu/u_core_top/scoreboard_q_reg[0][link_addr][25]/CE","setup"
3278,-0.146,5.000,4.593,10,"student_top_inst/Core_cpu/u_core_top/scoreboard_q_reg[4][fu][0]/C","student_top_inst/Core_cpu/u_core_top/scoreboard_q_reg[0][link_addr][26]/CE","setup"
3279,-0.146,5.000,4.593,10,"student_top_inst/Core_cpu/u_core_top/scoreboard_q_reg[4][fu][0]/C","student_top_inst/Core_cpu/u_core_top/scoreboard_q_reg[0][link_addr][27]/CE","setup"
3280,-0.146,5.000,4.593,10,"student_top_inst/Core_cpu/u_core_top/scoreboard_q_reg[4][fu][0]/C","student_top_inst/Core_cpu/u_core_top/scoreboard_q_reg[0][link_addr][28]/CE","setup"
3281,-0.145,5.000,4.672,10,"student_top_inst/Core_cpu/u_core_top/scoreboard_q_reg[4][fu][0]/C","student_top_inst/Core_cpu/u_core_top/scoreboard_q_reg[7][result][22]/R","setup"
3282,-0.145,5.000,4.672,10,"student_top_inst/Core_cpu/u_core_top/scoreboard_q_reg[4][fu][0]/C","student_top_inst/Core_cpu/u_core_top/scoreboard_q_reg[7][result][23]/R","setup"
3283,-0.145,5.000,4.672,10,"student_top_inst/Core_cpu/u_core_top/scoreboard_q_reg[4][fu][0]/C","student_top_inst/Core_cpu/u_core_top/scoreboard_q_reg[7][result][31]/R","setup"
3284,-0.145,5.000,4.672,10,"student_top_inst/Core_cpu/u_core_top/scoreboard_q_reg[4][fu][0]/C","student_top_inst/Core_cpu/u_core_top/scoreboard_q_reg[7][result][7]/R","setup"
3285,-0.145,5.000,4.591,10,"student_top_inst/Core_cpu/u_core_top/scoreboard_q_reg[4][fu][0]/C","student_top_inst/Core_cpu/u_core_top/scoreboard_q_reg[1][csr_addr][2]/CE","setup"
3286,-0.145,5.000,4.371,0,"student_top_inst/cpu_rst_sync_reg/C","student_top_inst/Core_cpu/u_core_top/u_regfile/regs_q_reg[19][29]/R","setup"
3287,-0.145,5.000,4.406,0,"student_top_inst/cpu_rst_sync_reg/C","student_top_inst/Core_cpu/u_core_top/u_regfile/regs_q_reg[12][10]/R","setup"
3288,-0.145,5.000,4.837,11,"student_top_inst/Core_cpu/u_core_top/scoreboard_q_reg[4][fu][0]/C","student_top_inst/Core_cpu/u_core_top/exec_q_reg[op1][16]/CE","setup"
3289,-0.145,5.000,4.837,11,"student_top_inst/Core_cpu/u_core_top/scoreboard_q_reg[4][fu][0]/C","student_top_inst/Core_cpu/u_core_top/exec_q_reg[op1][18]/CE","setup"
3290,-0.145,5.000,4.837,11,"student_top_inst/Core_cpu/u_core_top/scoreboard_q_reg[4][fu][0]/C","student_top_inst/Core_cpu/u_core_top/exec_q_reg[op1][20]/CE","setup"
3291,-0.145,5.000,4.837,11,"student_top_inst/Core_cpu/u_core_top/scoreboard_q_reg[4][fu][0]/C","student_top_inst/Core_cpu/u_core_top/exec_q_reg[op1][6]/CE","setup"
3292,-0.145,5.000,4.993,6,"student_top_inst/Core_cpu/u_core_top/u_dcache/g_data_bank[3].u_data_bank/mem_q_reg_0/CLKBWRCLK","student_top_inst/Core_cpu/u_core_top/scoreboard_q_reg[4][csr_src][2]/D","setup"
3293,-0.144,5.000,4.956,7,"student_top_inst/Core_cpu/u_core_top/exec_q_reg[op2][2]/C","student_top_inst/Core_cpu/u_core_top/scoreboard_q_reg[0][csr_src][26]/D","setup"
3294,-0.144,5.000,4.988,7,"student_top_inst/Core_cpu/u_core_top/u_dcache/g_data_bank[3].u_data_bank/mem_q_reg_0/CLKBWRCLK","student_top_inst/Core_cpu/u_core_top/scoreboard_q_reg[4][result][14]/D","setup"
3295,-0.144,5.000,4.829,7,"student_top_inst/Core_cpu/u_core_top/commit_ptr_q_reg[2]_rep/C","student_top_inst/Core_cpu/u_core_top/u_csr/mcause_q_reg[3]/D","setup"
3296,-0.144,5.000,4.996,7,"student_top_inst/Core_cpu/u_core_top/u_dcache/g_data_bank[3].u_data_bank/mem_q_reg_0/CLKBWRCLK","student_top_inst/Core_cpu/u_core_top/scoreboard_q_reg[1][csr_src][15]/D","setup"
3297,-0.143,5.000,5.005,7,"student_top_inst/Core_cpu/u_core_top/u_dcache/g_data_bank[3].u_data_bank/mem_q_reg_0/CLKBWRCLK","student_top_inst/Core_cpu/u_core_top/scoreboard_q_reg[1][csr_src][11]/D","setup"
3298,-0.143,5.000,4.858,11,"student_top_inst/Core_cpu/u_core_top/scoreboard_q_reg[4][fu][0]/C","student_top_inst/Core_cpu/u_core_top/exec_q_reg[op1][12]/CE","setup"
3299,-0.143,5.000,4.858,11,"student_top_inst/Core_cpu/u_core_top/scoreboard_q_reg[4][fu][0]/C","student_top_inst/Core_cpu/u_core_top/exec_q_reg[op1][9]/CE","setup"
3300,-0.143,5.000,4.982,6,"student_top_inst/Core_cpu/u_core_top/u_dcache/g_data_bank[3].u_data_bank/mem_q_reg_0/CLKBWRCLK","student_top_inst/Core_cpu/u_core_top/scoreboard_q_reg[5][csr_src][2]/D","setup"
3301,-0.143,5.000,4.770,6,"student_top_inst/Core_cpu/u_core_top/commit_ptr_q_reg[2]_rep/C","student_top_inst/Core_cpu/u_core_top/u_csr/mcause_q_reg[12]/D","setup"
3302,-0.143,5.000,4.768,13,"student_top_inst/Core_cpu/u_core_top/scoreboard_q_reg[4][fu][0]/C","student_top_inst/Core_cpu/u_core_top/load_q_reg[0][addr][10]/CE","setup"
3303,-0.143,5.000,4.768,13,"student_top_inst/Core_cpu/u_core_top/scoreboard_q_reg[4][fu][0]/C","student_top_inst/Core_cpu/u_core_top/load_q_reg[0][addr][11]/CE","setup"
3304,-0.143,5.000,4.768,13,"student_top_inst/Core_cpu/u_core_top/scoreboard_q_reg[4][fu][0]/C","student_top_inst/Core_cpu/u_core_top/load_q_reg[0][store_seq_cutoff][0]/CE","setup"
3305,-0.143,5.000,4.768,13,"student_top_inst/Core_cpu/u_core_top/scoreboard_q_reg[4][fu][0]/C","student_top_inst/Core_cpu/u_core_top/load_q_reg[0][trans_id][1]/CE","setup"
3306,-0.143,5.000,4.986,7,"student_top_inst/Core_cpu/u_core_top/u_dcache/g_data_bank[3].u_data_bank/mem_q_reg_0/CLKBWRCLK","student_top_inst/Core_cpu/u_core_top/scoreboard_q_reg[3][result][11]/D","setup"
3307,-0.142,5.000,4.826,7,"student_top_inst/Core_cpu/u_core_top/commit_ptr_q_reg[2]_rep/C","student_top_inst/Core_cpu/u_core_top/u_csr/mtval_q_reg[4]/D","setup"
3308,-0.142,5.000,4.670,10,"student_top_inst/Core_cpu/u_core_top/scoreboard_q_reg[4][fu][0]/C","student_top_inst/Core_cpu/u_core_top/scoreboard_q_reg[5][result][3]/R","setup"
3309,-0.141,5.000,4.989,6,"student_top_inst/Core_cpu/u_core_top/u_dcache/g_data_bank[3].u_data_bank/mem_q_reg_0/CLKBWRCLK","student_top_inst/Core_cpu/u_core_top/scoreboard_q_reg[1][csr_src][2]/D","setup"
3310,-0.141,5.000,4.985,6,"student_top_inst/Core_cpu/u_core_top/u_dcache/g_data_bank[3].u_data_bank/mem_q_reg_0/CLKBWRCLK","student_top_inst/Core_cpu/u_core_top/exec_q_reg[op2][0]/D","setup"
3311,-0.141,5.000,4.832,11,"student_top_inst/Core_cpu/u_core_top/scoreboard_q_reg[4][fu][0]/C","student_top_inst/Core_cpu/u_core_top/scoreboard_q_reg[4][csr_src][9]/CE","setup"
3312,-0.141,5.000,4.853,7,"student_top_inst/Core_cpu/u_core_top/commit_ptr_q_reg[2]_rep/C","student_top_inst/Core_cpu/u_core_top/u_csr/mstatus_q_reg[3]/D","setup"
3313,-0.140,5.000,4.833,11,"student_top_inst/Core_cpu/u_core_top/scoreboard_q_reg[4][fu][0]/C","student_top_inst/Core_cpu/u_core_top/exec_q_reg[op1][24]/CE","setup"
3314,-0.140,5.000,4.833,11,"student_top_inst/Core_cpu/u_core_top/scoreboard_q_reg[4][fu][0]/C","student_top_inst/Core_cpu/u_core_top/exec_q_reg[op1][31]/CE","setup"
3315,-0.140,5.000,4.833,11,"student_top_inst/Core_cpu/u_core_top/scoreboard_q_reg[4][fu][0]/C","student_top_inst/Core_cpu/u_core_top/exec_q_reg[op1][7]/CE","setup"
3316,-0.140,5.000,4.833,11,"student_top_inst/Core_cpu/u_core_top/scoreboard_q_reg[4][fu][0]/C","student_top_inst/Core_cpu/u_core_top/exec_q_reg[op2][1]/CE","setup"
3317,-0.140,5.000,4.763,13,"student_top_inst/Core_cpu/u_core_top/scoreboard_q_reg[4][fu][0]/C","student_top_inst/Core_cpu/u_core_top/load_q_reg[0][addr][18]/CE","setup"
3318,-0.140,5.000,4.763,13,"student_top_inst/Core_cpu/u_core_top/scoreboard_q_reg[4][fu][0]/C","student_top_inst/Core_cpu/u_core_top/load_q_reg[0][addr][19]/CE","setup"
3319,-0.140,5.000,4.763,13,"student_top_inst/Core_cpu/u_core_top/scoreboard_q_reg[4][fu][0]/C","student_top_inst/Core_cpu/u_core_top/load_q_reg[0][addr][26]/CE","setup"
3320,-0.140,5.000,4.763,13,"student_top_inst/Core_cpu/u_core_top/scoreboard_q_reg[4][fu][0]/C","student_top_inst/Core_cpu/u_core_top/load_q_reg[0][addr][27]/CE","setup"
3321,-0.140,5.000,4.763,13,"student_top_inst/Core_cpu/u_core_top/scoreboard_q_reg[4][fu][0]/C","student_top_inst/Core_cpu/u_core_top/load_q_reg[0][addr][30]/CE","setup"
3322,-0.140,5.000,4.590,10,"student_top_inst/Core_cpu/u_core_top/scoreboard_q_reg[4][fu][0]/C","student_top_inst/Core_cpu/u_core_top/scoreboard_q_reg[1][pc][10]/CE","setup"
3323,-0.140,5.000,4.590,10,"student_top_inst/Core_cpu/u_core_top/scoreboard_q_reg[4][fu][0]/C","student_top_inst/Core_cpu/u_core_top/scoreboard_q_reg[1][pc][16]/CE","setup"
3324,-0.140,5.000,4.590,10,"student_top_inst/Core_cpu/u_core_top/scoreboard_q_reg[4][fu][0]/C","student_top_inst/Core_cpu/u_core_top/scoreboard_q_reg[1][pc][26]/CE","setup"
3325,-0.140,5.000,4.590,10,"student_top_inst/Core_cpu/u_core_top/scoreboard_q_reg[4][fu][0]/C","student_top_inst/Core_cpu/u_core_top/scoreboard_q_reg[1][pc][2]/CE","setup"
3326,-0.140,5.000,4.590,10,"student_top_inst/Core_cpu/u_core_top/scoreboard_q_reg[4][fu][0]/C","student_top_inst/Core_cpu/u_core_top/scoreboard_q_reg[1][pc][31]/CE","setup"
3327,-0.140,5.000,4.590,10,"student_top_inst/Core_cpu/u_core_top/scoreboard_q_reg[4][fu][0]/C","student_top_inst/Core_cpu/u_core_top/scoreboard_q_reg[1][pc][4]/CE","setup"
3328,-0.140,5.000,4.590,10,"student_top_inst/Core_cpu/u_core_top/scoreboard_q_reg[4][fu][0]/C","student_top_inst/Core_cpu/u_core_top/scoreboard_q_reg[1][pc][7]/CE","setup"
3329,-0.140,5.000,5.054,11,"student_top_inst/Core_cpu/u_core_top/store_head_q_reg[1]/C","student_top_inst/Core_cpu/u_core_top/load_q_reg[0][forward_data][26]/D","setup"
3330,-0.140,5.000,5.002,7,"student_top_inst/Core_cpu/u_core_top/u_dcache/g_data_bank[3].u_data_bank/mem_q_reg_0/CLKBWRCLK","student_top_inst/Core_cpu/u_core_top/scoreboard_q_reg[1][csr_src][23]/D","setup"
3331,-0.140,5.000,5.001,5,"student_top_inst/Core_cpu/u_core_top/u_dcache/g_data_bank[3].u_data_bank/mem_q_reg_0/CLKBWRCLK","student_top_inst/Core_cpu/u_core_top/exec_q_reg[op1][6]/D","setup"
3332,-0.139,5.000,4.559,0,"student_top_inst/cpu_rst_sync_reg/C","student_top_inst/Core_cpu/u_core_top/exec_q_reg[op2][13]/R","setup"
3333,-0.139,5.000,4.559,0,"student_top_inst/cpu_rst_sync_reg/C","student_top_inst/Core_cpu/u_core_top/exec_q_reg[op2][20]/R","setup"
3334,-0.139,5.000,4.559,0,"student_top_inst/cpu_rst_sync_reg/C","student_top_inst/Core_cpu/u_core_top/exec_q_reg[op2][2]/R","setup"
3335,-0.139,5.000,4.559,0,"student_top_inst/cpu_rst_sync_reg/C","student_top_inst/Core_cpu/u_core_top/exec_q_reg[op2][4]/R","setup"
3336,-0.139,5.000,4.559,0,"student_top_inst/cpu_rst_sync_reg/C","student_top_inst/Core_cpu/u_core_top/exec_q_reg[uop][imm][14]/R","setup"
3337,-0.139,5.000,5.064,11,"student_top_inst/Core_cpu/u_core_top/store_head_q_reg[0]/C","student_top_inst/Core_cpu/u_core_top/load_q_reg[1][forward_data][20]/D","setup"
3338,-0.139,5.000,4.984,6,"student_top_inst/Core_cpu/u_core_top/u_dcache/g_data_bank[3].u_data_bank/mem_q_reg_0/CLKBWRCLK","student_top_inst/Core_cpu/u_core_top/scoreboard_q_reg[3][result][3]/D","setup"
3339,-0.139,5.000,4.588,11,"student_top_inst/Core_cpu/u_core_top/scoreboard_q_reg[4][fu][0]/C","student_top_inst/Core_cpu/u_core_top/scoreboard_q_reg[2][link_addr][16]/CE","setup"
3340,-0.139,5.000,4.588,11,"student_top_inst/Core_cpu/u_core_top/scoreboard_q_reg[4][fu][0]/C","student_top_inst/Core_cpu/u_core_top/scoreboard_q_reg[2][link_addr][18]/CE","setup"
3341,-0.139,5.000,4.588,11,"student_top_inst/Core_cpu/u_core_top/scoreboard_q_reg[4][fu][0]/C","student_top_inst/Core_cpu/u_core_top/scoreboard_q_reg[2][link_addr][3]/CE","setup"
3342,-0.139,5.000,4.588,11,"student_top_inst/Core_cpu/u_core_top/scoreboard_q_reg[4][fu][0]/C","student_top_inst/Core_cpu/u_core_top/scoreboard_q_reg[2][link_addr][5]/CE","setup"
3343,-0.139,5.000,4.588,11,"student_top_inst/Core_cpu/u_core_top/scoreboard_q_reg[4][fu][0]/C","student_top_inst/Core_cpu/u_core_top/scoreboard_q_reg[2][rd][2]/CE","setup"
3344,-0.138,5.000,4.831,11,"student_top_inst/Core_cpu/u_core_top/scoreboard_q_reg[4][fu][0]/C","student_top_inst/Core_cpu/u_core_top/exec_q_reg[op1][17]/CE","setup"
3345,-0.138,5.000,4.831,11,"student_top_inst/Core_cpu/u_core_top/scoreboard_q_reg[4][fu][0]/C","student_top_inst/Core_cpu/u_core_top/exec_q_reg[op1][19]/CE","setup"
3346,-0.138,5.000,4.831,11,"student_top_inst/Core_cpu/u_core_top/scoreboard_q_reg[4][fu][0]/C","student_top_inst/Core_cpu/u_core_top/exec_q_reg[op1][22]/CE","setup"
3347,-0.138,5.000,4.831,11,"student_top_inst/Core_cpu/u_core_top/scoreboard_q_reg[4][fu][0]/C","student_top_inst/Core_cpu/u_core_top/exec_q_reg[op1][25]/CE","setup"
3348,-0.138,5.000,4.831,11,"student_top_inst/Core_cpu/u_core_top/scoreboard_q_reg[4][fu][0]/C","student_top_inst/Core_cpu/u_core_top/exec_q_reg[op1][26]/CE","setup"
3349,-0.138,5.000,4.831,11,"student_top_inst/Core_cpu/u_core_top/scoreboard_q_reg[4][fu][0]/C","student_top_inst/Core_cpu/u_core_top/exec_q_reg[op1][27]/CE","setup"
3350,-0.138,5.000,4.831,11,"student_top_inst/Core_cpu/u_core_top/scoreboard_q_reg[4][fu][0]/C","student_top_inst/Core_cpu/u_core_top/exec_q_reg[op1][28]/CE","setup"
3351,-0.138,5.000,4.831,11,"student_top_inst/Core_cpu/u_core_top/scoreboard_q_reg[4][fu][0]/C","student_top_inst/Core_cpu/u_core_top/exec_q_reg[op1][8]/CE","setup"
3352,-0.138,5.000,4.761,13,"student_top_inst/Core_cpu/u_core_top/scoreboard_q_reg[4][fu][0]/C","student_top_inst/Core_cpu/u_core_top/load_q_reg[1][addr][22]/CE","setup"
3353,-0.138,5.000,4.761,13,"student_top_inst/Core_cpu/u_core_top/scoreboard_q_reg[4][fu][0]/C","student_top_inst/Core_cpu/u_core_top/load_q_reg[1][addr][23]/CE","setup"
3354,-0.138,5.000,4.761,13,"student_top_inst/Core_cpu/u_core_top/scoreboard_q_reg[4][fu][0]/C","student_top_inst/Core_cpu/u_core_top/load_q_reg[1][addr][30]/CE","setup"
3355,-0.138,5.000,4.761,13,"student_top_inst/Core_cpu/u_core_top/scoreboard_q_reg[4][fu][0]/C","student_top_inst/Core_cpu/u_core_top/load_q_reg[1][addr][31]/CE","setup"
3356,-0.138,5.000,4.761,13,"student_top_inst/Core_cpu/u_core_top/scoreboard_q_reg[4][fu][0]/C","student_top_inst/Core_cpu/u_core_top/load_q_reg[1][trans_id][2]/CE","setup"
3357,-0.138,5.000,4.979,7,"student_top_inst/Core_cpu/u_core_top/u_dcache/g_data_bank[3].u_data_bank/mem_q_reg_0/CLKBWRCLK","student_top_inst/Core_cpu/u_core_top/scoreboard_q_reg[4][result][29]/D","setup"
3358,-0.138,5.000,4.995,0,"student_top_inst/Core_cpu/u_core_top/u_dmem_regslice/req_addr_q_reg[7]/C","student_top_inst/mem_bridge/dram_adapter/dram/U0/inst_blk_mem_gen/gnbram.gnativebmg.native_blk_mem_gen/valid.cstr/ramloop[51].ram.r/prim_init.ram/DEVICE_7SERIES.NO_BMM_INFO.SP.SIMPLE_PRIM36.ram/ADDRARDADDR[8]","setup"
3359,-0.138,5.000,5.013,6,"student_top_inst/Core_cpu/u_core_top/commit_ptr_q_reg[2]_rep/C","student_top_inst/Core_cpu/u_core_top/wb_data_q_reg[2]/D","setup"
3360,-0.137,5.000,4.579,9,"student_top_inst/Core_cpu/u_core_top/scoreboard_q_reg[4][fu][0]/C","student_top_inst/Core_cpu/u_core_top/u_muldiv/u_div/U0/i_synth/i_has_input_skid.i_2to1/gen_has_z_tready.reg1_a_tdata_reg[28]/CE","setup"
3361,-0.137,5.000,4.579,9,"student_top_inst/Core_cpu/u_core_top/scoreboard_q_reg[4][fu][0]/C","student_top_inst/Core_cpu/u_core_top/u_muldiv/u_div/U0/i_synth/i_has_input_skid.i_2to1/gen_has_z_tready.reg1_a_tdata_reg[29]/CE","setup"
3362,-0.137,5.000,4.606,9,"student_top_inst/Core_cpu/u_core_top/scoreboard_q_reg[4][fu][0]/C","student_top_inst/Core_cpu/u_core_top/u_muldiv/u_div/U0/i_synth/i_has_input_skid.i_2to1/gen_has_z_tready.reg1_b_tdata_reg[8]/CE","setup"
3363,-0.137,5.000,4.606,9,"student_top_inst/Core_cpu/u_core_top/scoreboard_q_reg[4][fu][0]/C","student_top_inst/Core_cpu/u_core_top/u_muldiv/u_div/U0/i_synth/i_has_input_skid.i_2to1/gen_has_z_tready.reg1_b_tdata_reg[9]/CE","setup"
3364,-0.137,5.000,4.844,7,"student_top_inst/Core_cpu/u_core_top/id_uop_q_reg[rs1][1]/C","student_top_inst/Core_cpu/u_core_top/scoreboard_q_reg[7][result][15]/R","setup"
3365,-0.137,5.000,4.844,7,"student_top_inst/Core_cpu/u_core_top/id_uop_q_reg[rs1][1]/C","student_top_inst/Core_cpu/u_core_top/scoreboard_q_reg[7][result][8]/R","setup"
3366,-0.136,5.000,4.928,0,"student_top_inst/Core_cpu/u_core_top/u_dmem_regslice/req_addr_q_reg[6]/C","student_top_inst/mem_bridge/dram_adapter/dram/U0/inst_blk_mem_gen/gnbram.gnativebmg.native_blk_mem_gen/valid.cstr/ramloop[12].ram.r/prim_init.ram/DEVICE_7SERIES.NO_BMM_INFO.SP.SIMPLE_PRIM36.ram/ADDRARDADDR[7]","setup"
3367,-0.136,5.000,4.431,1,"student_top_inst/cpu_rst_sync_reg/C","student_top_inst/Core_cpu/u_core_top/u_frontend/u_branch_predictor/tag_q_reg_0_63_8_8/DP/WE","setup"
3368,-0.136,5.000,4.431,1,"student_top_inst/cpu_rst_sync_reg/C","student_top_inst/Core_cpu/u_core_top/u_frontend/u_branch_predictor/tag_q_reg_0_63_8_8/SP/WE","setup"
3369,-0.136,5.000,4.431,1,"student_top_inst/cpu_rst_sync_reg/C","student_top_inst/Core_cpu/u_core_top/u_frontend/u_branch_predictor/tag_q_reg_0_63_9_9/DP/WE","setup"
3370,-0.136,5.000,4.431,1,"student_top_inst/cpu_rst_sync_reg/C","student_top_inst/Core_cpu/u_core_top/u_frontend/u_branch_predictor/tag_q_reg_0_63_9_9/SP/WE","setup"
3371,-0.136,5.000,4.763,13,"student_top_inst/Core_cpu/u_core_top/scoreboard_q_reg[4][fu][0]/C","student_top_inst/Core_cpu/u_core_top/load_q_reg[0][addr][4]/CE","setup"
3372,-0.136,5.000,4.763,13,"student_top_inst/Core_cpu/u_core_top/scoreboard_q_reg[4][fu][0]/C","student_top_inst/Core_cpu/u_core_top/load_q_reg[0][store_seq_cutoff][1]/CE","setup"
3373,-0.136,5.000,4.763,13,"student_top_inst/Core_cpu/u_core_top/scoreboard_q_reg[4][fu][0]/C","student_top_inst/Core_cpu/u_core_top/load_q_reg[0][store_seq_cutoff][5]/CE","setup"
3374,-0.136,5.000,4.763,13,"student_top_inst/Core_cpu/u_core_top/scoreboard_q_reg[4][fu][0]/C","student_top_inst/Core_cpu/u_core_top/load_q_reg[0][store_seq_cutoff][6]/CE","setup"
3375,-0.135,5.000,5.010,7,"student_top_inst/Core_cpu/u_core_top/u_dcache/g_data_bank[3].u_data_bank/mem_q_reg_0/CLKBWRCLK","student_top_inst/Core_cpu/u_core_top/scoreboard_q_reg[5][result][12]/D","setup"
3376,-0.135,5.000,4.972,6,"student_top_inst/Core_cpu/u_core_top/u_dcache/g_data_bank[1].u_data_bank/mem_q_reg_1/CLKBWRCLK","student_top_inst/Core_cpu/u_core_top/scoreboard_q_reg[5][result][28]/D","setup"
3377,-0.134,5.000,5.091,8,"student_top_inst/Core_cpu/u_core_top/u_muldiv/b_q_reg[22]/C","student_top_inst/Core_cpu/u_core_top/scoreboard_q_reg[7][csr_src][8]/D","setup"
3378,-0.134,5.000,4.766,11,"student_top_inst/Core_cpu/u_core_top/scoreboard_q_reg[4][fu][0]/C","student_top_inst/Core_cpu/u_core_top/exec_q_reg[op2][26]/CE","setup"
3379,-0.134,5.000,4.766,11,"student_top_inst/Core_cpu/u_core_top/scoreboard_q_reg[4][fu][0]/C","student_top_inst/Core_cpu/u_core_top/exec_q_reg[trans_id][2]/CE","setup"
3380,-0.134,5.000,4.904,5,"student_top_inst/mem_bridge/dram_adapter/dram/U0/inst_blk_mem_gen/gnbram.gnativebmg.native_blk_mem_gen/valid.cstr/has_mux_a.A/no_softecc_norm_sel2.has_mem_regs.WITHOUT_ECC_PIPE.ce_pri.sel_pipe_d1_reg[2]/C","student_top_inst/Core_cpu/u_core_top/u_dmem_regslice/resp_rdata_q_reg[14]/D","setup"
3381,-0.134,5.000,4.768,6,"student_top_inst/Core_cpu/u_core_top/commit_ptr_q_reg[2]_rep/C","student_top_inst/Core_cpu/u_core_top/u_csr/mscratch_q_reg[9]/D","setup"
3382,-0.133,5.000,5.002,0,"student_top_inst/Core_cpu/u_core_top/u_dmem_regslice/req_addr_q_reg[7]/C","student_top_inst/mem_bridge/dram_adapter/dram/U0/inst_blk_mem_gen/gnbram.gnativebmg.native_blk_mem_gen/valid.cstr/ramloop[50].ram.r/prim_init.ram/DEVICE_7SERIES.NO_BMM_INFO.SP.SIMPLE_PRIM36.ram/ADDRARDADDR[8]","setup"
3383,-0.133,5.000,5.001,7,"student_top_inst/Core_cpu/u_core_top/u_dcache/g_data_bank[1].u_data_bank/mem_q_reg_1/CLKBWRCLK","student_top_inst/Core_cpu/u_core_top/exec_q_reg[op2][11]/D","setup"
3384,-0.132,5.000,4.776,11,"student_top_inst/Core_cpu/u_core_top/scoreboard_q_reg[4][fu][0]/C","student_top_inst/Core_cpu/u_core_top/issue_ptr_q_reg[2]_rep/D","setup"
3385,-0.132,5.000,4.575,9,"student_top_inst/Core_cpu/u_core_top/scoreboard_q_reg[4][fu][0]/C","student_top_inst/Core_cpu/u_core_top/u_muldiv/u_div/U0/i_synth/i_has_input_skid.i_2to1/gen_has_z_tready.reg1_a_tdata_reg[16]/CE","setup"
3386,-0.132,5.000,4.867,11,"student_top_inst/Core_cpu/u_core_top/scoreboard_q_reg[4][fu][0]/C","student_top_inst/Core_cpu/u_core_top/scoreboard_q_reg[7][fu][1]/CE","setup"
3387,-0.132,5.000,4.867,11,"student_top_inst/Core_cpu/u_core_top/scoreboard_q_reg[4][fu][0]/C","student_top_inst/Core_cpu/u_core_top/scoreboard_q_reg[7][sys_op][0]/CE","setup"
3388,-0.132,5.000,4.923,7,"student_top_inst/Core_cpu/u_core_top/exec_q_reg[op2][4]/C","student_top_inst/Core_cpu/u_core_top/scoreboard_q_reg[6][csr_src][14]/D","setup"
3389,-0.132,5.000,4.822,0,"student_top_inst/Core_cpu/u_core_top/u_dmem_regslice/req_addr_q_reg[3]/C","student_top_inst/mem_bridge/dram_adapter/dram/U0/inst_blk_mem_gen/gnbram.gnativebmg.native_blk_mem_gen/valid.cstr/ramloop[8].ram.r/prim_init.ram/DEVICE_7SERIES.NO_BMM_INFO.SP.SIMPLE_PRIM36.ram/ADDRARDADDR[4]","setup"
3390,-0.132,5.000,4.575,10,"student_top_inst/Core_cpu/u_core_top/scoreboard_q_reg[4][fu][0]/C","student_top_inst/Core_cpu/u_core_top/scoreboard_q_reg[0][csr_addr][2]/CE","setup"
3391,-0.132,5.000,4.575,10,"student_top_inst/Core_cpu/u_core_top/scoreboard_q_reg[4][fu][0]/C","student_top_inst/Core_cpu/u_core_top/scoreboard_q_reg[0][csr_addr][9]/CE","setup"
3392,-0.132,5.000,4.980,5,"student_top_inst/Core_cpu/u_core_top/u_dcache/g_data_bank[3].u_data_bank/mem_q_reg_0/CLKBWRCLK","student_top_inst/Core_cpu/u_core_top/scoreboard_q_reg[5][result][2]/D","setup"
3393,-0.131,5.000,4.521,0,"student_top_inst/cpu_rst_sync_reg/C","student_top_inst/Core_cpu/u_core_top/store_q_reg[1][addr][22]/R","setup"
3394,-0.131,5.000,4.979,7,"student_top_inst/Core_cpu/u_core_top/u_dcache/g_data_bank[3].u_data_bank/mem_q_reg_0/CLKBWRCLK","student_top_inst/Core_cpu/u_core_top/scoreboard_q_reg[5][csr_src][12]/D","setup"
3395,-0.129,5.000,4.992,6,"student_top_inst/Core_cpu/u_core_top/u_dcache/g_data_bank[3].u_data_bank/mem_q_reg_0/CLKBWRCLK","student_top_inst/Core_cpu/u_core_top/scoreboard_q_reg[2][csr_src][2]/D","setup"
3396,-0.129,5.000,5.064,7,"student_top_inst/Core_cpu/u_core_top/u_dcache/g_data_bank[3].u_data_bank/mem_q_reg_0/CLKBWRCLK","student_top_inst/Core_cpu/u_core_top/scoreboard_q_reg[0][result][29]/D","setup"
3397,-0.129,5.000,4.818,7,"student_top_inst/Core_cpu/u_core_top/id_uop_q_reg[rs1][1]/C","student_top_inst/Core_cpu/u_core_top/scoreboard_q_reg[2][csr_src][17]/R","setup"
3398,-0.129,5.000,4.818,7,"student_top_inst/Core_cpu/u_core_top/id_uop_q_reg[rs1][1]/C","student_top_inst/Core_cpu/u_core_top/scoreboard_q_reg[2][csr_src][21]/R","setup"
3399,-0.129,5.000,4.818,7,"student_top_inst/Core_cpu/u_core_top/id_uop_q_reg[rs1][1]/C","student_top_inst/Core_cpu/u_core_top/scoreboard_q_reg[2][csr_src][26]/R","setup"
3400,-0.129,5.000,4.818,7,"student_top_inst/Core_cpu/u_core_top/id_uop_q_reg[rs1][1]/C","student_top_inst/Core_cpu/u_core_top/scoreboard_q_reg[2][csr_src][28]/R","setup"
3401,-0.129,5.000,4.519,0,"student_top_inst/cpu_rst_sync_reg/C","student_top_inst/Core_cpu/u_core_top/store_q_reg[0][addr][22]/R","setup"
3402,-0.129,5.000,4.519,0,"student_top_inst/cpu_rst_sync_reg/C","student_top_inst/Core_cpu/u_core_top/store_q_reg[0][addr][24]/R","setup"
3403,-0.128,5.000,4.761,12,"student_top_inst/Core_cpu/u_core_top/scoreboard_q_reg[4][fu][0]/C","student_top_inst/Core_cpu/u_core_top/load_active_meta_q_reg[forward_data][22]/CE","setup"
3404,-0.128,5.000,4.762,12,"student_top_inst/Core_cpu/u_core_top/scoreboard_q_reg[4][fu][0]/C","student_top_inst/Core_cpu/u_core_top/load_active_meta_q_reg[forward_data][18]/CE","setup"
3405,-0.128,5.000,4.765,6,"student_top_inst/Core_cpu/u_core_top/commit_ptr_q_reg[2]_rep/C","student_top_inst/Core_cpu/u_core_top/u_csr/mtvec_q_reg[6]/D","setup"
3406,-0.128,5.000,4.577,11,"student_top_inst/Core_cpu/u_core_top/scoreboard_q_reg[4][fu][0]/C","student_top_inst/Core_cpu/u_core_top/scoreboard_q_reg[4][link_addr][24]/CE","setup"
3407,-0.128,5.000,4.577,11,"student_top_inst/Core_cpu/u_core_top/scoreboard_q_reg[4][fu][0]/C","student_top_inst/Core_cpu/u_core_top/scoreboard_q_reg[4][pc][2]/CE","setup"
3408,-0.128,5.000,4.577,11,"student_top_inst/Core_cpu/u_core_top/scoreboard_q_reg[4][fu][0]/C","student_top_inst/Core_cpu/u_core_top/scoreboard_q_reg[4][pc][3]/CE","setup"
3409,-0.128,5.000,4.577,11,"student_top_inst/Core_cpu/u_core_top/scoreboard_q_reg[4][fu][0]/C","student_top_inst/Core_cpu/u_core_top/scoreboard_q_reg[4][pc][6]/CE","setup"
3410,-0.128,5.000,4.577,11,"student_top_inst/Core_cpu/u_core_top/scoreboard_q_reg[4][fu][0]/C","student_top_inst/Core_cpu/u_core_top/scoreboard_q_reg[4][rd][2]/CE","setup"
3411,-0.128,5.000,4.805,7,"student_top_inst/Core_cpu/u_core_top/commit_ptr_q_reg[2]_rep/C","student_top_inst/Core_cpu/u_core_top/u_csr/mstatus_q_reg[13]/D","setup"
3412,-0.128,5.000,4.992,7,"student_top_inst/Core_cpu/u_core_top/u_dcache/g_data_bank[3].u_data_bank/mem_q_reg_0/CLKBWRCLK","student_top_inst/Core_cpu/u_core_top/scoreboard_q_reg[7][csr_src][12]/D","setup"
3413,-0.128,5.000,4.346,0,"student_top_inst/cpu_rst_sync_reg/C","student_top_inst/Core_cpu/u_core_top/u_regfile/regs_q_reg[7][27]/R","setup"
3414,-0.127,5.000,4.806,7,"student_top_inst/Core_cpu/u_core_top/commit_ptr_q_reg[2]_rep/C","student_top_inst/Core_cpu/u_core_top/u_csr/mstatus_q_reg[4]/D","setup"
3415,-0.127,5.000,4.576,11,"student_top_inst/Core_cpu/u_core_top/scoreboard_q_reg[4][fu][0]/C","student_top_inst/Core_cpu/u_core_top/scoreboard_q_reg[4][link_addr][12]/CE","setup"
3416,-0.127,5.000,4.576,11,"student_top_inst/Core_cpu/u_core_top/scoreboard_q_reg[4][fu][0]/C","student_top_inst/Core_cpu/u_core_top/scoreboard_q_reg[4][link_addr][17]/CE","setup"
3417,-0.127,5.000,4.576,11,"student_top_inst/Core_cpu/u_core_top/scoreboard_q_reg[4][fu][0]/C","student_top_inst/Core_cpu/u_core_top/scoreboard_q_reg[4][link_addr][8]/CE","setup"
3418,-0.127,5.000,4.576,11,"student_top_inst/Core_cpu/u_core_top/scoreboard_q_reg[4][fu][0]/C","student_top_inst/Core_cpu/u_core_top/scoreboard_q_reg[4][pc][29]/CE","setup"
3419,-0.127,5.000,4.576,11,"student_top_inst/Core_cpu/u_core_top/scoreboard_q_reg[4][fu][0]/C","student_top_inst/Core_cpu/u_core_top/scoreboard_q_reg[4][pc][9]/CE","setup"
3420,-0.126,5.000,4.346,0,"student_top_inst/cpu_rst_sync_reg/C","student_top_inst/Core_cpu/u_core_top/u_regfile/regs_q_reg[25][27]/R","setup"
3421,-0.126,5.000,4.346,0,"student_top_inst/cpu_rst_sync_reg/C","student_top_inst/Core_cpu/u_core_top/u_regfile/regs_q_reg[25][28]/R","setup"
3422,-0.126,5.000,4.346,0,"student_top_inst/cpu_rst_sync_reg/C","student_top_inst/Core_cpu/u_core_top/u_regfile/regs_q_reg[25][31]/R","setup"
3423,-0.126,5.000,4.971,7,"student_top_inst/Core_cpu/u_core_top/u_dcache/g_data_bank[3].u_data_bank/mem_q_reg_0/CLKBWRCLK","student_top_inst/Core_cpu/u_core_top/scoreboard_q_reg[3][result][12]/D","setup"
3424,-0.126,5.000,4.590,9,"student_top_inst/Core_cpu/u_core_top/scoreboard_q_reg[4][fu][0]/C","student_top_inst/Core_cpu/u_core_top/u_muldiv/u_div/U0/i_synth/i_has_input_skid.i_2to1/gen_has_z_tready.reg1_a_tdata_reg[30]/CE","setup"
3425,-0.126,5.000,4.590,9,"student_top_inst/Core_cpu/u_core_top/scoreboard_q_reg[4][fu][0]/C","student_top_inst/Core_cpu/u_core_top/u_muldiv/u_div/U0/i_synth/i_has_input_skid.i_2to1/gen_has_z_tready.reg1_a_tdata_reg[31]/CE","setup"
3426,-0.126,5.000,4.574,11,"student_top_inst/Core_cpu/u_core_top/scoreboard_q_reg[4][fu][0]/C","student_top_inst/Core_cpu/u_core_top/scoreboard_q_reg[5][link_addr][19]/CE","setup"
3427,-0.126,5.000,4.574,11,"student_top_inst/Core_cpu/u_core_top/scoreboard_q_reg[4][fu][0]/C","student_top_inst/Core_cpu/u_core_top/scoreboard_q_reg[5][link_addr][31]/CE","setup"
3428,-0.126,5.000,4.574,11,"student_top_inst/Core_cpu/u_core_top/scoreboard_q_reg[4][fu][0]/C","student_top_inst/Core_cpu/u_core_top/scoreboard_q_reg[5][pc][2]/CE","setup"
3429,-0.126,5.000,4.574,11,"student_top_inst/Core_cpu/u_core_top/scoreboard_q_reg[4][fu][0]/C","student_top_inst/Core_cpu/u_core_top/scoreboard_q_reg[5][pc][31]/CE","setup"
3430,-0.126,5.000,4.574,11,"student_top_inst/Core_cpu/u_core_top/scoreboard_q_reg[4][fu][0]/C","student_top_inst/Core_cpu/u_core_top/scoreboard_q_reg[5][pc][7]/CE","setup"
3431,-0.126,5.000,4.363,0,"student_top_inst/cpu_rst_sync_reg/C","student_top_inst/Core_cpu/u_core_top/u_frontend/u_branch_predictor/valid_q_reg[13]/R","setup"
3432,-0.126,5.000,4.363,0,"student_top_inst/cpu_rst_sync_reg/C","student_top_inst/Core_cpu/u_core_top/u_frontend/u_branch_predictor/valid_q_reg[14]/R","setup"
3433,-0.126,5.000,4.363,0,"student_top_inst/cpu_rst_sync_reg/C","student_top_inst/Core_cpu/u_core_top/u_frontend/u_branch_predictor/valid_q_reg[8]/R","setup"
3434,-0.126,5.000,4.839,11,"student_top_inst/Core_cpu/u_core_top/scoreboard_q_reg[4][fu][0]/C","student_top_inst/Core_cpu/u_core_top/exec_mem_addr_q_reg[28]/CE","setup"
3435,-0.126,5.000,4.839,11,"student_top_inst/Core_cpu/u_core_top/scoreboard_q_reg[4][fu][0]/C","student_top_inst/Core_cpu/u_core_top/exec_mem_addr_q_reg[29]/CE","setup"
3436,-0.126,5.000,4.839,11,"student_top_inst/Core_cpu/u_core_top/scoreboard_q_reg[4][fu][0]/C","student_top_inst/Core_cpu/u_core_top/exec_mem_addr_q_reg[30]/CE","setup"
3437,-0.126,5.000,4.839,11,"student_top_inst/Core_cpu/u_core_top/scoreboard_q_reg[4][fu][0]/C","student_top_inst/Core_cpu/u_core_top/exec_mem_addr_q_reg[31]/CE","setup"
3438,-0.125,5.000,4.572,11,"student_top_inst/Core_cpu/u_core_top/scoreboard_q_reg[4][fu][0]/C","student_top_inst/Core_cpu/u_core_top/scoreboard_q_reg[5][csr_addr][0]/CE","setup"
3439,-0.125,5.000,4.572,11,"student_top_inst/Core_cpu/u_core_top/scoreboard_q_reg[4][fu][0]/C","student_top_inst/Core_cpu/u_core_top/scoreboard_q_reg[5][csr_addr][10]/CE","setup"
3440,-0.125,5.000,4.572,11,"student_top_inst/Core_cpu/u_core_top/scoreboard_q_reg[4][fu][0]/C","student_top_inst/Core_cpu/u_core_top/scoreboard_q_reg[5][csr_addr][11]/CE","setup"
3441,-0.125,5.000,4.572,11,"student_top_inst/Core_cpu/u_core_top/scoreboard_q_reg[4][fu][0]/C","student_top_inst/Core_cpu/u_core_top/scoreboard_q_reg[5][link_addr][26]/CE","setup"
3442,-0.125,5.000,4.572,11,"student_top_inst/Core_cpu/u_core_top/scoreboard_q_reg[4][fu][0]/C","student_top_inst/Core_cpu/u_core_top/scoreboard_q_reg[5][pc][5]/CE","setup"
3443,-0.125,5.000,4.575,11,"student_top_inst/Core_cpu/u_core_top/scoreboard_q_reg[4][fu][0]/C","student_top_inst/Core_cpu/u_core_top/scoreboard_q_reg[7][pc][16]/CE","setup"
3444,-0.125,5.000,4.575,11,"student_top_inst/Core_cpu/u_core_top/scoreboard_q_reg[4][fu][0]/C","student_top_inst/Core_cpu/u_core_top/scoreboard_q_reg[7][pc][31]/CE","setup"
3445,-0.125,5.000,4.963,7,"student_top_inst/Core_cpu/u_core_top/u_dcache/g_data_bank[3].u_data_bank/mem_q_reg_0/CLKBWRCLK","student_top_inst/Core_cpu/u_core_top/scoreboard_q_reg[2][csr_src][12]/D","setup"
3446,-0.125,5.000,4.514,0,"student_top_inst/cpu_rst_sync_reg/C","student_top_inst/Core_cpu/u_core_top/store_q_reg[3][addr][10]/R","setup"
3447,-0.125,5.000,4.514,0,"student_top_inst/cpu_rst_sync_reg/C","student_top_inst/Core_cpu/u_core_top/store_q_reg[3][addr][12]/R","setup"
3448,-0.125,5.000,4.969,7,"student_top_inst/Core_cpu/u_core_top/u_dcache/g_data_bank[3].u_data_bank/mem_q_reg_0/CLKBWRCLK","student_top_inst/Core_cpu/u_core_top/scoreboard_q_reg[3][result][30]/D","setup"
3449,-0.125,5.000,4.527,0,"student_top_inst/cpu_rst_sync_reg/C","student_top_inst/Core_cpu/u_core_top/store_q_reg[1][wdata][11]/R","setup"
3450,-0.125,5.000,4.574,10,"student_top_inst/Core_cpu/u_core_top/scoreboard_q_reg[4][fu][0]/C","student_top_inst/Core_cpu/u_core_top/scoreboard_q_reg[1][link_addr][10]/CE","setup"
3451,-0.125,5.000,4.574,10,"student_top_inst/Core_cpu/u_core_top/scoreboard_q_reg[4][fu][0]/C","student_top_inst/Core_cpu/u_core_top/scoreboard_q_reg[1][link_addr][11]/CE","setup"
3452,-0.125,5.000,4.574,10,"student_top_inst/Core_cpu/u_core_top/scoreboard_q_reg[4][fu][0]/C","student_top_inst/Core_cpu/u_core_top/scoreboard_q_reg[1][link_addr][18]/CE","setup"
3453,-0.125,5.000,4.574,10,"student_top_inst/Core_cpu/u_core_top/scoreboard_q_reg[4][fu][0]/C","student_top_inst/Core_cpu/u_core_top/scoreboard_q_reg[1][link_addr][3]/CE","setup"
3454,-0.125,5.000,4.574,10,"student_top_inst/Core_cpu/u_core_top/scoreboard_q_reg[4][fu][0]/C","student_top_inst/Core_cpu/u_core_top/scoreboard_q_reg[1][link_addr][5]/CE","setup"
3455,-0.125,5.000,4.574,10,"student_top_inst/Core_cpu/u_core_top/scoreboard_q_reg[4][fu][0]/C","student_top_inst/Core_cpu/u_core_top/scoreboard_q_reg[1][pc][1]/CE","setup"
3456,-0.125,5.000,4.574,10,"student_top_inst/Core_cpu/u_core_top/scoreboard_q_reg[4][fu][0]/C","student_top_inst/Core_cpu/u_core_top/scoreboard_q_reg[1][pc][23]/CE","setup"
3457,-0.125,5.000,4.574,10,"student_top_inst/Core_cpu/u_core_top/scoreboard_q_reg[4][fu][0]/C","student_top_inst/Core_cpu/u_core_top/scoreboard_q_reg[1][pc][3]/CE","setup"
3458,-0.124,5.000,4.344,0,"student_top_inst/cpu_rst_sync_reg/C","student_top_inst/Core_cpu/u_core_top/u_regfile/regs_q_reg[29][27]/R","setup"
3459,-0.124,5.000,4.344,0,"student_top_inst/cpu_rst_sync_reg/C","student_top_inst/Core_cpu/u_core_top/u_regfile/regs_q_reg[29][28]/R","setup"
3460,-0.124,5.000,4.344,0,"student_top_inst/cpu_rst_sync_reg/C","student_top_inst/Core_cpu/u_core_top/u_regfile/regs_q_reg[29][31]/R","setup"
3461,-0.124,5.000,4.965,7,"student_top_inst/Core_cpu/u_core_top/u_dcache/g_data_bank[3].u_data_bank/mem_q_reg_0/CLKBWRCLK","student_top_inst/Core_cpu/u_core_top/scoreboard_q_reg[4][result][18]/D","setup"
3462,-0.124,5.000,4.389,9,"student_top_inst/Core_cpu/u_core_top/scoreboard_q_reg[4][fu][0]/C","student_top_inst/Core_cpu/u_core_top/u_dcache/g_data_bank[2].u_data_bank/mem_q_reg_1/ADDRBWRADDR[14]","setup"
3463,-0.124,5.000,4.572,11,"student_top_inst/Core_cpu/u_core_top/scoreboard_q_reg[4][fu][0]/C","student_top_inst/Core_cpu/u_core_top/scoreboard_q_reg[5][link_addr][22]/CE","setup"
3464,-0.124,5.000,4.572,11,"student_top_inst/Core_cpu/u_core_top/scoreboard_q_reg[4][fu][0]/C","student_top_inst/Core_cpu/u_core_top/scoreboard_q_reg[5][link_addr][27]/CE","setup"
3465,-0.124,5.000,4.572,11,"student_top_inst/Core_cpu/u_core_top/scoreboard_q_reg[4][fu][0]/C","student_top_inst/Core_cpu/u_core_top/scoreboard_q_reg[5][pc][21]/CE","setup"
3466,-0.124,5.000,4.572,11,"student_top_inst/Core_cpu/u_core_top/scoreboard_q_reg[4][fu][0]/C","student_top_inst/Core_cpu/u_core_top/scoreboard_q_reg[5][pc][3]/CE","setup"
3467,-0.124,5.000,4.572,11,"student_top_inst/Core_cpu/u_core_top/scoreboard_q_reg[4][fu][0]/C","student_top_inst/Core_cpu/u_core_top/scoreboard_q_reg[5][pc][6]/CE","setup"
3468,-0.124,5.000,4.572,11,"student_top_inst/Core_cpu/u_core_top/scoreboard_q_reg[4][fu][0]/C","student_top_inst/Core_cpu/u_core_top/scoreboard_q_reg[4][is_call]/CE","setup"
3469,-0.124,5.000,4.572,11,"student_top_inst/Core_cpu/u_core_top/scoreboard_q_reg[4][fu][0]/C","student_top_inst/Core_cpu/u_core_top/scoreboard_q_reg[4][link_addr][19]/CE","setup"
3470,-0.124,5.000,4.572,11,"student_top_inst/Core_cpu/u_core_top/scoreboard_q_reg[4][fu][0]/C","student_top_inst/Core_cpu/u_core_top/scoreboard_q_reg[4][link_addr][1]/CE","setup"
3471,-0.124,5.000,4.572,11,"student_top_inst/Core_cpu/u_core_top/scoreboard_q_reg[4][fu][0]/C","student_top_inst/Core_cpu/u_core_top/scoreboard_q_reg[4][link_addr][23]/CE","setup"
3472,-0.124,5.000,4.572,11,"student_top_inst/Core_cpu/u_core_top/scoreboard_q_reg[4][fu][0]/C","student_top_inst/Core_cpu/u_core_top/scoreboard_q_reg[4][link_addr][30]/CE","setup"
3473,-0.124,5.000,4.572,11,"student_top_inst/Core_cpu/u_core_top/scoreboard_q_reg[4][fu][0]/C","student_top_inst/Core_cpu/u_core_top/scoreboard_q_reg[4][pc][12]/CE","setup"
3474,-0.124,5.000,4.572,11,"student_top_inst/Core_cpu/u_core_top/scoreboard_q_reg[4][fu][0]/C","student_top_inst/Core_cpu/u_core_top/scoreboard_q_reg[4][pc][1]/CE","setup"
3475,-0.124,5.000,4.572,11,"student_top_inst/Core_cpu/u_core_top/scoreboard_q_reg[4][fu][0]/C","student_top_inst/Core_cpu/u_core_top/scoreboard_q_reg[4][pc][26]/CE","setup"
3476,-0.124,5.000,4.964,7,"student_top_inst/Core_cpu/u_core_top/u_dcache/g_data_bank[3].u_data_bank/mem_q_reg_0/CLKBWRCLK","student_top_inst/Core_cpu/u_core_top/scoreboard_q_reg[3][csr_src][20]/D","setup"
3477,-0.123,5.000,5.049,13,"student_top_inst/Core_cpu/u_core_top/scoreboard_q_reg[4][fu][0]/C","student_top_inst/Core_cpu/u_core_top/u_dmem_regslice/req_valid_q_reg/D","setup"
3478,-0.123,5.000,4.963,7,"student_top_inst/Core_cpu/u_core_top/u_dcache/g_data_bank[3].u_data_bank/mem_q_reg_0/CLKBWRCLK","student_top_inst/Core_cpu/u_core_top/scoreboard_q_reg[1][csr_src][12]/D","setup"
3479,-0.123,5.000,4.993,11,"student_top_inst/Core_cpu/u_core_top/store_head_q_reg[0]/C","student_top_inst/Core_cpu/u_core_top/load_q_reg[1][forward_data][21]/D","setup"
3480,-0.123,5.000,4.566,9,"student_top_inst/Core_cpu/u_core_top/scoreboard_q_reg[4][fu][0]/C","student_top_inst/Core_cpu/u_core_top/u_muldiv/u_div/U0/i_synth/i_has_input_skid.i_2to1/gen_has_z_tready.reg1_a_tdata_reg[26]/CE","setup"
3481,-0.123,5.000,4.566,9,"student_top_inst/Core_cpu/u_core_top/scoreboard_q_reg[4][fu][0]/C","student_top_inst/Core_cpu/u_core_top/u_muldiv/u_div/U0/i_synth/i_has_input_skid.i_2to1/gen_has_z_tready.reg1_a_tdata_reg[27]/CE","setup"
3482,-0.123,5.000,5.054,6,"student_top_inst/Core_cpu/u_core_top/u_dcache/g_data_bank[1].u_data_bank/mem_q_reg_1/CLKBWRCLK","student_top_inst/Core_cpu/u_core_top/scoreboard_q_reg[7][result][28]/D","setup"
3483,-0.123,5.000,4.833,7,"student_top_inst/Core_cpu/u_core_top/commit_ptr_q_reg[2]_rep/C","student_top_inst/Core_cpu/u_core_top/u_csr/mtval_q_reg[19]/D","setup"
3484,-0.123,5.000,4.511,0,"student_top_inst/cpu_rst_sync_reg/C","student_top_inst/Core_cpu/u_core_top/store_q_reg[2][addr][10]/R","setup"
3485,-0.123,5.000,4.511,0,"student_top_inst/cpu_rst_sync_reg/C","student_top_inst/Core_cpu/u_core_top/store_q_reg[2][addr][12]/R","setup"
3486,-0.123,5.000,4.511,0,"student_top_inst/cpu_rst_sync_reg/C","student_top_inst/Core_cpu/u_core_top/store_q_reg[2][addr][4]/R","setup"
3487,-0.123,5.000,4.511,0,"student_top_inst/cpu_rst_sync_reg/C","student_top_inst/Core_cpu/u_core_top/store_q_reg[2][addr][5]/R","setup"
3488,-0.123,5.000,4.965,7,"student_top_inst/Core_cpu/u_core_top/u_dcache/g_data_bank[3].u_data_bank/mem_q_reg_0/CLKBWRCLK","student_top_inst/Core_cpu/u_core_top/scoreboard_q_reg[1][result][31]/D","setup"
3489,-0.123,5.000,4.526,0,"student_top_inst/cpu_rst_sync_reg/C","student_top_inst/Core_cpu/u_core_top/store_q_reg[1][wdata][24]/R","setup"
3490,-0.123,5.000,4.755,12,"student_top_inst/Core_cpu/u_core_top/scoreboard_q_reg[4][fu][0]/C","student_top_inst/Core_cpu/u_core_top/load_active_meta_q_reg[forward_data][26]/CE","setup"
3491,-0.122,5.000,4.591,10,"student_top_inst/Core_cpu/u_core_top/scoreboard_q_reg[4][fu][0]/C","student_top_inst/Core_cpu/u_core_top/scoreboard_q_reg[0][csr_addr][11]/CE","setup"
3492,-0.122,5.000,4.591,10,"student_top_inst/Core_cpu/u_core_top/scoreboard_q_reg[4][fu][0]/C","student_top_inst/Core_cpu/u_core_top/scoreboard_q_reg[0][csr_addr][1]/CE","setup"
3493,-0.122,5.000,4.591,10,"student_top_inst/Core_cpu/u_core_top/scoreboard_q_reg[4][fu][0]/C","student_top_inst/Core_cpu/u_core_top/scoreboard_q_reg[0][csr_op][1]/CE","setup"
3494,-0.122,5.000,4.591,10,"student_top_inst/Core_cpu/u_core_top/scoreboard_q_reg[4][fu][0]/C","student_top_inst/Core_cpu/u_core_top/scoreboard_q_reg[0][link_addr][0]/CE","setup"
3495,-0.122,5.000,4.591,10,"student_top_inst/Core_cpu/u_core_top/scoreboard_q_reg[4][fu][0]/C","student_top_inst/Core_cpu/u_core_top/scoreboard_q_reg[0][pc][14]/CE","setup"
3496,-0.122,5.000,4.591,10,"student_top_inst/Core_cpu/u_core_top/scoreboard_q_reg[4][fu][0]/C","student_top_inst/Core_cpu/u_core_top/scoreboard_q_reg[0][pc][18]/CE","setup"
3497,-0.122,5.000,4.591,10,"student_top_inst/Core_cpu/u_core_top/scoreboard_q_reg[4][fu][0]/C","student_top_inst/Core_cpu/u_core_top/scoreboard_q_reg[0][pc][3]/CE","setup"
3498,-0.122,5.000,4.591,10,"student_top_inst/Core_cpu/u_core_top/scoreboard_q_reg[4][fu][0]/C","student_top_inst/Core_cpu/u_core_top/scoreboard_q_reg[0][writes_rd]/CE","setup"
3499,-0.122,5.000,4.417,1,"student_top_inst/cpu_rst_sync_reg/C","student_top_inst/Core_cpu/u_core_top/u_frontend/u_branch_predictor/tag_q_reg_0_63_0_0/DP/WE","setup"
3500,-0.122,5.000,4.417,1,"student_top_inst/cpu_rst_sync_reg/C","student_top_inst/Core_cpu/u_core_top/u_frontend/u_branch_predictor/tag_q_reg_0_63_0_0/SP/WE","setup"
3501,-0.122,5.000,4.417,1,"student_top_inst/cpu_rst_sync_reg/C","student_top_inst/Core_cpu/u_core_top/u_frontend/u_branch_predictor/tag_q_reg_0_63_10_10/DP/WE","setup"
3502,-0.122,5.000,4.417,1,"student_top_inst/cpu_rst_sync_reg/C","student_top_inst/Core_cpu/u_core_top/u_frontend/u_branch_predictor/tag_q_reg_0_63_10_10/SP/WE","setup"
3503,-0.122,5.000,4.989,0,"student_top_inst/Core_cpu/u_core_top/u_dmem_regslice/req_addr_q_reg[6]/C","student_top_inst/mem_bridge/dram_adapter/dram/U0/inst_blk_mem_gen/gnbram.gnativebmg.native_blk_mem_gen/valid.cstr/ramloop[6].ram.r/prim_init.ram/DEVICE_7SERIES.NO_BMM_INFO.SP.SIMPLE_PRIM36.ram/ADDRARDADDR[7]","setup"
3504,-0.122,5.000,4.371,0,"student_top_inst/cpu_rst_sync_reg/C","student_top_inst/Core_cpu/u_core_top/u_regfile/regs_q_reg[27][29]/R","setup"
3505,-0.122,5.000,4.955,1,"student_top_inst/Core_cpu/u_core_top/u_dmem_regslice/req_wdata_q_reg[3]/C","student_top_inst/mem_bridge/dram_adapter/dram/U0/inst_blk_mem_gen/gnbram.gnativebmg.native_blk_mem_gen/valid.cstr/ramloop[9].ram.r/prim_init.ram/DEVICE_7SERIES.NO_BMM_INFO.SP.SIMPLE_PRIM36.ram/DIADI[3]","setup"
3506,-0.121,5.000,4.747,13,"student_top_inst/Core_cpu/u_core_top/scoreboard_q_reg[4][fu][0]/C","student_top_inst/Core_cpu/u_core_top/load_q_reg[1][addr][20]/CE","setup"
3507,-0.121,5.000,4.747,13,"student_top_inst/Core_cpu/u_core_top/scoreboard_q_reg[4][fu][0]/C","student_top_inst/Core_cpu/u_core_top/load_q_reg[1][addr][24]/CE","setup"
3508,-0.121,5.000,4.747,13,"student_top_inst/Core_cpu/u_core_top/scoreboard_q_reg[4][fu][0]/C","student_top_inst/Core_cpu/u_core_top/load_q_reg[1][addr][25]/CE","setup"
3509,-0.121,5.000,4.747,13,"student_top_inst/Core_cpu/u_core_top/scoreboard_q_reg[4][fu][0]/C","student_top_inst/Core_cpu/u_core_top/load_q_reg[1][addr][28]/CE","setup"
3510,-0.121,5.000,4.747,13,"student_top_inst/Core_cpu/u_core_top/scoreboard_q_reg[4][fu][0]/C","student_top_inst/Core_cpu/u_core_top/load_q_reg[1][addr][29]/CE","setup"
3511,-0.121,5.000,4.340,0,"student_top_inst/cpu_rst_sync_reg/C","student_top_inst/Core_cpu/u_core_top/u_regfile/regs_q_reg[27][28]/R","setup"
3512,-0.121,5.000,4.826,7,"student_top_inst/Core_cpu/u_core_top/commit_ptr_q_reg[2]_rep/C","student_top_inst/Core_cpu/u_core_top/u_csr/mtval_q_reg[12]/D","setup"
3513,-0.121,5.000,4.962,7,"student_top_inst/Core_cpu/u_core_top/u_dcache/g_data_bank[3].u_data_bank/mem_q_reg_0/CLKBWRCLK","student_top_inst/Core_cpu/u_core_top/scoreboard_q_reg[1][result][21]/D","setup"
3514,-0.121,5.000,4.911,7,"student_top_inst/Core_cpu/u_core_top/id_uop_q_reg[rs1][1]/C","student_top_inst/Core_cpu/u_core_top/scoreboard_q_reg[1][csr_src][10]/CE","setup"
3515,-0.121,5.000,4.911,7,"student_top_inst/Core_cpu/u_core_top/id_uop_q_reg[rs1][1]/C","student_top_inst/Core_cpu/u_core_top/scoreboard_q_reg[1][csr_src][9]/CE","setup"
3516,-0.120,5.000,4.957,6,"student_top_inst/Core_cpu/u_core_top/u_dcache/g_data_bank[1].u_data_bank/mem_q_reg_1/CLKBWRCLK","student_top_inst/Core_cpu/u_core_top/scoreboard_q_reg[2][result][27]/D","setup"
3517,-0.120,5.000,4.813,6,"student_top_inst/Core_cpu/u_core_top/u_dmem_regslice/req_addr_q_reg[28]/C","student_top_inst/mem_bridge/dram_adapter/dram/U0/inst_blk_mem_gen/gnbram.gnativebmg.native_blk_mem_gen/valid.cstr/ramloop[34].ram.r/prim_init.ram/DEVICE_7SERIES.NO_BMM_INFO.SP.SIMPLE_PRIM36.ram/WEA[0]","setup"
3518,-0.120,5.000,4.991,7,"student_top_inst/Core_cpu/u_core_top/u_dcache/g_data_bank[3].u_data_bank/mem_q_reg_0/CLKBWRCLK","student_top_inst/Core_cpu/u_core_top/scoreboard_q_reg[3][csr_src][18]/D","setup"
3519,-0.120,5.000,4.569,11,"student_top_inst/Core_cpu/u_core_top/scoreboard_q_reg[4][fu][0]/C","student_top_inst/Core_cpu/u_core_top/scoreboard_q_reg[4][pc][0]/CE","setup"
3520,-0.120,5.000,4.569,11,"student_top_inst/Core_cpu/u_core_top/scoreboard_q_reg[4][fu][0]/C","student_top_inst/Core_cpu/u_core_top/scoreboard_q_reg[4][pc][20]/CE","setup"
3521,-0.119,5.000,4.569,11,"student_top_inst/Core_cpu/u_core_top/scoreboard_q_reg[4][fu][0]/C","student_top_inst/Core_cpu/u_core_top/scoreboard_q_reg[7][link_addr][10]/CE","setup"
3522,-0.119,5.000,4.569,11,"student_top_inst/Core_cpu/u_core_top/scoreboard_q_reg[4][fu][0]/C","student_top_inst/Core_cpu/u_core_top/scoreboard_q_reg[7][link_addr][11]/CE","setup"
3523,-0.119,5.000,4.569,11,"student_top_inst/Core_cpu/u_core_top/scoreboard_q_reg[4][fu][0]/C","student_top_inst/Core_cpu/u_core_top/scoreboard_q_reg[7][link_addr][3]/CE","setup"
3524,-0.118,5.000,4.983,7,"student_top_inst/Core_cpu/u_core_top/u_dcache/g_data_bank[1].u_data_bank/mem_q_reg_1/CLKBWRCLK","student_top_inst/Core_cpu/u_core_top/exec_q_reg[op1][13]/D","setup"
3525,-0.118,5.000,4.980,7,"student_top_inst/Core_cpu/u_core_top/u_dcache/g_data_bank[3].u_data_bank/mem_q_reg_0/CLKBWRCLK","student_top_inst/Core_cpu/u_core_top/scoreboard_q_reg[5][csr_src][18]/D","setup"
3526,-0.117,5.000,4.907,7,"student_top_inst/Core_cpu/u_core_top/id_uop_q_reg[rs1][1]/C","student_top_inst/Core_cpu/u_core_top/scoreboard_q_reg[1][sys_op][0]/CE","setup"
3527,-0.117,5.000,4.907,7,"student_top_inst/Core_cpu/u_core_top/id_uop_q_reg[rs1][1]/C","student_top_inst/Core_cpu/u_core_top/scoreboard_q_reg[1][sys_op][2]/CE","setup"
3528,-0.117,5.000,4.963,6,"student_top_inst/Core_cpu/u_core_top/u_dcache/g_data_bank[3].u_data_bank/mem_q_reg_0/CLKBWRCLK","student_top_inst/Core_cpu/u_core_top/scoreboard_q_reg[0][result][3]/D","setup"
3529,-0.117,5.000,4.763,13,"student_top_inst/Core_cpu/u_core_top/scoreboard_q_reg[4][fu][0]/C","student_top_inst/Core_cpu/u_core_top/load_q_reg[0][addr][0]/CE","setup"
3530,-0.117,5.000,4.763,13,"student_top_inst/Core_cpu/u_core_top/scoreboard_q_reg[4][fu][0]/C","student_top_inst/Core_cpu/u_core_top/load_q_reg[0][addr][13]/CE","setup"
3531,-0.117,5.000,4.763,13,"student_top_inst/Core_cpu/u_core_top/scoreboard_q_reg[4][fu][0]/C","student_top_inst/Core_cpu/u_core_top/load_q_reg[0][addr][15]/CE","setup"
3532,-0.117,5.000,4.763,13,"student_top_inst/Core_cpu/u_core_top/scoreboard_q_reg[4][fu][0]/C","student_top_inst/Core_cpu/u_core_top/load_q_reg[0][addr][22]/CE","setup"
3533,-0.117,5.000,4.763,13,"student_top_inst/Core_cpu/u_core_top/scoreboard_q_reg[4][fu][0]/C","student_top_inst/Core_cpu/u_core_top/load_q_reg[0][addr][23]/CE","setup"
3534,-0.117,5.000,4.763,13,"student_top_inst/Core_cpu/u_core_top/scoreboard_q_reg[4][fu][0]/C","student_top_inst/Core_cpu/u_core_top/load_q_reg[0][addr][31]/CE","setup"
3535,-0.117,5.000,5.047,6,"student_top_inst/Core_cpu/u_core_top/u_dcache/g_data_bank[1].u_data_bank/mem_q_reg_1/CLKBWRCLK","student_top_inst/Core_cpu/u_core_top/scoreboard_q_reg[1][result][28]/D","setup"
3536,-0.116,5.000,4.953,7,"student_top_inst/Core_cpu/u_core_top/u_dcache/g_data_bank[1].u_data_bank/mem_q_reg_1/CLKBWRCLK","student_top_inst/Core_cpu/u_core_top/scoreboard_q_reg[2][csr_src][13]/D","setup"
3537,-0.116,5.000,4.961,6,"student_top_inst/Core_cpu/u_core_top/u_dcache/g_data_bank[3].u_data_bank/mem_q_reg_0/CLKBWRCLK","student_top_inst/Core_cpu/u_core_top/scoreboard_q_reg[7][result][3]/D","setup"
3538,-0.116,5.000,4.381,9,"student_top_inst/Core_cpu/u_core_top/scoreboard_q_reg[4][fu][0]/C","student_top_inst/Core_cpu/u_core_top/u_dcache/g_data_bank[2].u_data_bank/mem_q_reg_1/ADDRARDADDR[7]","setup"
3539,-0.116,5.000,4.808,11,"student_top_inst/Core_cpu/u_core_top/scoreboard_q_reg[4][fu][0]/C","student_top_inst/Core_cpu/u_core_top/exec_q_reg[op1][29]/CE","setup"
3540,-0.116,5.000,4.808,11,"student_top_inst/Core_cpu/u_core_top/scoreboard_q_reg[4][fu][0]/C","student_top_inst/Core_cpu/u_core_top/exec_q_reg[op1][30]/CE","setup"
3541,-0.116,5.000,4.808,11,"student_top_inst/Core_cpu/u_core_top/scoreboard_q_reg[4][fu][0]/C","student_top_inst/Core_cpu/u_core_top/exec_q_reg[uop][imm][8]/CE","setup"
3542,-0.116,5.000,4.808,11,"student_top_inst/Core_cpu/u_core_top/scoreboard_q_reg[4][fu][0]/C","student_top_inst/Core_cpu/u_core_top/exec_q_reg[uop][pc][24]/CE","setup"
3543,-0.116,5.000,5.049,7,"student_top_inst/Core_cpu/u_core_top/u_dcache/g_data_bank[3].u_data_bank/mem_q_reg_0/CLKBWRCLK","student_top_inst/Core_cpu/u_core_top/scoreboard_q_reg[1][result][25]/D","setup"
3544,-0.116,5.000,4.998,5,"student_top_inst/Core_cpu/u_core_top/u_dcache/g_data_bank[3].u_data_bank/mem_q_reg_0/CLKBWRCLK","student_top_inst/Core_cpu/u_core_top/scoreboard_q_reg[3][csr_src][6]/D","setup"
3545,-0.115,5.000,4.317,0,"student_top_inst/cpu_rst_sync_reg/C","student_top_inst/Core_cpu/u_core_top/u_csr/mscratch_q_reg[19]/R","setup"
3546,-0.115,5.000,4.505,0,"student_top_inst/cpu_rst_sync_reg/C","student_top_inst/Core_cpu/u_core_top/store_q_reg[3][addr][15]/R","setup"
3547,-0.115,5.000,4.505,0,"student_top_inst/cpu_rst_sync_reg/C","student_top_inst/Core_cpu/u_core_top/store_q_reg[3][addr][17]/R","setup"
3548,-0.115,5.000,4.505,0,"student_top_inst/cpu_rst_sync_reg/C","student_top_inst/Core_cpu/u_core_top/store_q_reg[3][addr][23]/R","setup"
3549,-0.115,5.000,4.505,0,"student_top_inst/cpu_rst_sync_reg/C","student_top_inst/Core_cpu/u_core_top/store_q_reg[3][addr][7]/R","setup"
3550,-0.115,5.000,4.965,7,"student_top_inst/Core_cpu/u_core_top/u_dcache/g_data_bank[3].u_data_bank/mem_q_reg_0/CLKBWRCLK","student_top_inst/Core_cpu/u_core_top/scoreboard_q_reg[3][csr_src][12]/D","setup"
3551,-0.115,5.000,4.969,0,"student_top_inst/Core_cpu/u_core_top/u_dmem_regslice/req_addr_q_reg[11]/C","student_top_inst/mem_bridge/dram_adapter/dram/U0/inst_blk_mem_gen/gnbram.gnativebmg.native_blk_mem_gen/valid.cstr/ramloop[51].ram.r/prim_init.ram/DEVICE_7SERIES.NO_BMM_INFO.SP.SIMPLE_PRIM36.ram/ADDRARDADDR[12]","setup"
3552,-0.114,5.000,4.980,6,"student_top_inst/Core_cpu/u_core_top/u_dcache/g_data_bank[1].u_data_bank/mem_q_reg_1/CLKBWRCLK","student_top_inst/Core_cpu/u_core_top/exec_q_reg[op1][10]/D","setup"
3553,-0.114,5.000,4.562,11,"student_top_inst/Core_cpu/u_core_top/scoreboard_q_reg[4][fu][0]/C","student_top_inst/Core_cpu/u_core_top/scoreboard_q_reg[4][csr_addr][2]/CE","setup"
3554,-0.114,5.000,4.562,11,"student_top_inst/Core_cpu/u_core_top/scoreboard_q_reg[4][fu][0]/C","student_top_inst/Core_cpu/u_core_top/scoreboard_q_reg[4][csr_op][1]/CE","setup"
3555,-0.114,5.000,4.562,11,"student_top_inst/Core_cpu/u_core_top/scoreboard_q_reg[4][fu][0]/C","student_top_inst/Core_cpu/u_core_top/scoreboard_q_reg[4][link_addr][21]/CE","setup"
3556,-0.114,5.000,4.562,11,"student_top_inst/Core_cpu/u_core_top/scoreboard_q_reg[4][fu][0]/C","student_top_inst/Core_cpu/u_core_top/scoreboard_q_reg[4][pc][13]/CE","setup"
3557,-0.114,5.000,4.562,11,"student_top_inst/Core_cpu/u_core_top/scoreboard_q_reg[4][fu][0]/C","student_top_inst/Core_cpu/u_core_top/scoreboard_q_reg[4][pc][17]/CE","setup"
3558,-0.114,5.000,4.562,11,"student_top_inst/Core_cpu/u_core_top/scoreboard_q_reg[4][fu][0]/C","student_top_inst/Core_cpu/u_core_top/scoreboard_q_reg[4][rd][0]/CE","setup"
3559,-0.114,5.000,4.562,11,"student_top_inst/Core_cpu/u_core_top/scoreboard_q_reg[4][fu][0]/C","student_top_inst/Core_cpu/u_core_top/scoreboard_q_reg[4][rd][4]/CE","setup"
3560,-0.114,5.000,4.960,5,"student_top_inst/Core_cpu/u_core_top/u_dcache/g_data_bank[3].u_data_bank/mem_q_reg_0/CLKBWRCLK","student_top_inst/Core_cpu/u_core_top/scoreboard_q_reg[7][result][2]/D","setup"
3561,-0.114,5.000,5.020,6,"student_top_inst/Core_cpu/u_core_top/commit_ptr_q_reg[2]_rep/C","student_top_inst/Core_cpu/u_core_top/wb_data_q_reg[12]/D","setup"
3562,-0.114,5.000,4.927,0,"student_top_inst/Core_cpu/u_core_top/u_dmem_regslice/req_addr_q_reg[10]/C","student_top_inst/mem_bridge/dram_adapter/dram/U0/inst_blk_mem_gen/gnbram.gnativebmg.native_blk_mem_gen/valid.cstr/ramloop[10].ram.r/prim_init.ram/DEVICE_7SERIES.NO_BMM_INFO.SP.SIMPLE_PRIM36.ram/ADDRARDADDR[11]","setup"
3563,-0.114,5.000,4.968,6,"student_top_inst/Core_cpu/u_core_top/u_dcache/g_data_bank[3].u_data_bank/mem_q_reg_0/CLKBWRCLK","student_top_inst/Core_cpu/u_core_top/scoreboard_q_reg[0][csr_src][4]/D","setup"
3564,-0.113,5.000,4.561,11,"student_top_inst/Core_cpu/u_core_top/scoreboard_q_reg[4][fu][0]/C","student_top_inst/Core_cpu/u_core_top/scoreboard_q_reg[4][csr_addr][1]/CE","setup"
3565,-0.113,5.000,4.561,11,"student_top_inst/Core_cpu/u_core_top/scoreboard_q_reg[4][fu][0]/C","student_top_inst/Core_cpu/u_core_top/scoreboard_q_reg[4][link_addr][0]/CE","setup"
3566,-0.113,5.000,4.561,11,"student_top_inst/Core_cpu/u_core_top/scoreboard_q_reg[4][fu][0]/C","student_top_inst/Core_cpu/u_core_top/scoreboard_q_reg[4][link_addr][25]/CE","setup"
3567,-0.113,5.000,4.561,11,"student_top_inst/Core_cpu/u_core_top/scoreboard_q_reg[4][fu][0]/C","student_top_inst/Core_cpu/u_core_top/scoreboard_q_reg[4][link_addr][28]/CE","setup"
3568,-0.113,5.000,4.580,10,"student_top_inst/Core_cpu/u_core_top/scoreboard_q_reg[4][fu][0]/C","student_top_inst/Core_cpu/u_core_top/scoreboard_q_reg[3][csr_addr][10]/CE","setup"
3569,-0.113,5.000,4.580,10,"student_top_inst/Core_cpu/u_core_top/scoreboard_q_reg[4][fu][0]/C","student_top_inst/Core_cpu/u_core_top/scoreboard_q_reg[3][csr_addr][9]/CE","setup"
3570,-0.113,5.000,4.564,11,"student_top_inst/Core_cpu/u_core_top/scoreboard_q_reg[4][fu][0]/C","student_top_inst/Core_cpu/u_core_top/scoreboard_q_reg[5][link_addr][9]/CE","setup"
3571,-0.113,5.000,4.962,6,"student_top_inst/Core_cpu/u_core_top/u_dcache/g_data_bank[1].u_data_bank/mem_q_reg_1/CLKBWRCLK","student_top_inst/Core_cpu/u_core_top/scoreboard_q_reg[5][csr_src][5]/D","setup"
3572,-0.112,5.000,4.560,10,"student_top_inst/Core_cpu/u_core_top/scoreboard_q_reg[4][fu][0]/C","student_top_inst/Core_cpu/u_core_top/scoreboard_q_reg[1][csr_addr][1]/CE","setup"
3573,-0.112,5.000,4.560,10,"student_top_inst/Core_cpu/u_core_top/scoreboard_q_reg[4][fu][0]/C","student_top_inst/Core_cpu/u_core_top/scoreboard_q_reg[1][csr_addr][4]/CE","setup"
3574,-0.112,5.000,4.560,10,"student_top_inst/Core_cpu/u_core_top/scoreboard_q_reg[4][fu][0]/C","student_top_inst/Core_cpu/u_core_top/scoreboard_q_reg[1][csr_addr][9]/CE","setup"
3575,-0.112,5.000,4.560,10,"student_top_inst/Core_cpu/u_core_top/scoreboard_q_reg[4][fu][0]/C","student_top_inst/Core_cpu/u_core_top/scoreboard_q_reg[1][link_addr][8]/CE","setup"
3576,-0.112,5.000,4.560,10,"student_top_inst/Core_cpu/u_core_top/scoreboard_q_reg[4][fu][0]/C","student_top_inst/Core_cpu/u_core_top/scoreboard_q_reg[1][pc][30]/CE","setup"
3577,-0.112,5.000,5.035,1,"student_top_inst/Core_cpu/u_core_top/u_dmem_regslice/req_wdata_q_reg[6]/C","student_top_inst/mem_bridge/dram_adapter/dram/U0/inst_blk_mem_gen/gnbram.gnativebmg.native_blk_mem_gen/valid.cstr/ramloop[7].ram.r/prim_init.ram/DEVICE_7SERIES.NO_BMM_INFO.SP.SIMPLE_PRIM36.ram/DIADI[6]","setup"
3578,-0.112,5.000,4.803,11,"student_top_inst/Core_cpu/u_core_top/scoreboard_q_reg[4][fu][0]/C","student_top_inst/Core_cpu/u_core_top/scoreboard_q_reg[7][csr_src][2]/CE","setup"
3579,-0.112,5.000,4.803,11,"student_top_inst/Core_cpu/u_core_top/scoreboard_q_reg[4][fu][0]/C","student_top_inst/Core_cpu/u_core_top/scoreboard_q_reg[7][csr_src][3]/CE","setup"
3580,-0.112,5.000,4.699,11,"student_top_inst/Core_cpu/u_core_top/scoreboard_q_reg[4][fu][0]/C","student_top_inst/Core_cpu/u_core_top/scoreboard_q_reg[6][result][25]/R","setup"
3581,-0.112,5.000,4.699,11,"student_top_inst/Core_cpu/u_core_top/scoreboard_q_reg[4][fu][0]/C","student_top_inst/Core_cpu/u_core_top/scoreboard_q_reg[6][result][27]/R","setup"
3582,-0.112,5.000,4.890,5,"student_top_inst/mem_bridge/dram_adapter/dram/U0/inst_blk_mem_gen/gnbram.gnativebmg.native_blk_mem_gen/valid.cstr/has_mux_a.A/no_softecc_norm_sel2.has_mem_regs.WITHOUT_ECC_PIPE.ce_pri.sel_pipe_d1_reg[2]/C","student_top_inst/Core_cpu/u_core_top/u_dmem_regslice/resp_rdata_q_reg[30]/D","setup"
3583,-0.112,5.000,4.555,9,"student_top_inst/Core_cpu/u_core_top/scoreboard_q_reg[4][fu][0]/C","student_top_inst/Core_cpu/u_core_top/u_muldiv/u_div/U0/i_synth/i_has_input_skid.i_2to1/gen_has_z_tready.reg1_a_tdata_reg[21]/CE","setup"
3584,-0.112,5.000,4.555,9,"student_top_inst/Core_cpu/u_core_top/scoreboard_q_reg[4][fu][0]/C","student_top_inst/Core_cpu/u_core_top/u_muldiv/u_div/U0/i_synth/i_has_input_skid.i_2to1/gen_has_z_tready.reg1_a_tdata_reg[24]/CE","setup"
3585,-0.112,5.000,4.555,9,"student_top_inst/Core_cpu/u_core_top/scoreboard_q_reg[4][fu][0]/C","student_top_inst/Core_cpu/u_core_top/u_muldiv/u_div/U0/i_synth/i_has_input_skid.i_2to1/gen_has_z_tready.reg1_a_tdata_reg[25]/CE","setup"
3586,-0.112,5.000,4.555,9,"student_top_inst/Core_cpu/u_core_top/scoreboard_q_reg[4][fu][0]/C","student_top_inst/Core_cpu/u_core_top/u_muldiv/u_div/U0/i_synth/i_has_input_skid.i_2to1/gen_has_z_tready.reg1_a_tdata_reg[6]/CE","setup"
3587,-0.111,5.000,5.081,8,"student_top_inst/Core_cpu/u_core_top/u_muldiv/b_q_reg[22]/C","student_top_inst/Core_cpu/u_core_top/scoreboard_q_reg[6][csr_src][16]/D","setup"
3588,-0.111,5.000,4.979,0,"student_top_inst/Core_cpu/u_core_top/u_dmem_regslice/req_addr_q_reg[8]/C","student_top_inst/mem_bridge/dram_adapter/dram/U0/inst_blk_mem_gen/gnbram.gnativebmg.native_blk_mem_gen/valid.cstr/ramloop[55].ram.r/prim_init.ram/DEVICE_7SERIES.NO_BMM_INFO.SP.SIMPLE_PRIM36.ram/ADDRARDADDR[9]","setup"
3589,-0.111,5.000,4.902,7,"student_top_inst/Core_cpu/u_core_top/id_uop_q_reg[rs1][1]/C","student_top_inst/Core_cpu/u_core_top/scoreboard_q_reg[1][fu][2]/CE","setup"
3590,-0.110,5.000,4.956,7,"student_top_inst/Core_cpu/u_core_top/u_dcache/g_data_bank[3].u_data_bank/mem_q_reg_0/CLKBWRCLK","student_top_inst/Core_cpu/u_core_top/scoreboard_q_reg[1][result][11]/D","setup"
3591,-0.110,5.000,4.983,7,"student_top_inst/Core_cpu/u_core_top/u_dcache/g_data_bank[3].u_data_bank/mem_q_reg_0/CLKBWRCLK","student_top_inst/Core_cpu/u_core_top/scoreboard_q_reg[2][result][26]/D","setup"
3592,-0.110,5.000,4.812,0,"student_top_inst/Core_cpu/u_core_top/u_dmem_regslice/req_addr_q_reg[6]/C","student_top_inst/mem_bridge/dram_adapter/dram/U0/inst_blk_mem_gen/gnbram.gnativebmg.native_blk_mem_gen/valid.cstr/ramloop[9].ram.r/prim_init.ram/DEVICE_7SERIES.NO_BMM_INFO.SP.SIMPLE_PRIM36.ram/ADDRARDADDR[7]","setup"
3593,-0.110,5.000,5.009,6,"student_top_inst/Core_cpu/u_core_top/u_dcache/g_data_bank[1].u_data_bank/mem_q_reg_1/CLKBWRCLK","student_top_inst/Core_cpu/u_core_top/scoreboard_q_reg[4][result][28]/D","setup"
3594,-0.109,5.000,4.558,10,"student_top_inst/Core_cpu/u_core_top/scoreboard_q_reg[4][fu][0]/C","student_top_inst/Core_cpu/u_core_top/scoreboard_q_reg[0][link_addr][10]/CE","setup"
3595,-0.109,5.000,4.558,10,"student_top_inst/Core_cpu/u_core_top/scoreboard_q_reg[4][fu][0]/C","student_top_inst/Core_cpu/u_core_top/scoreboard_q_reg[0][link_addr][11]/CE","setup"
3596,-0.109,5.000,4.558,10,"student_top_inst/Core_cpu/u_core_top/scoreboard_q_reg[4][fu][0]/C","student_top_inst/Core_cpu/u_core_top/scoreboard_q_reg[0][link_addr][12]/CE","setup"
3597,-0.109,5.000,4.558,10,"student_top_inst/Core_cpu/u_core_top/scoreboard_q_reg[4][fu][0]/C","student_top_inst/Core_cpu/u_core_top/scoreboard_q_reg[0][link_addr][9]/CE","setup"
3598,-0.109,5.000,4.821,7,"student_top_inst/Core_cpu/u_core_top/commit_ptr_q_reg[2]_rep/C","student_top_inst/Core_cpu/u_core_top/u_csr/mtval_q_reg[15]/D","setup"
3599,-0.109,5.000,4.614,7,"student_top_inst/Core_cpu/u_core_top/scoreboard_q_reg[4][fu][0]/C","student_top_inst/Core_cpu/u_core_top/u_frontend/u_branch_predictor/ras_q_reg[7][29]/CE","setup"
3600,-0.109,5.000,4.954,5,"student_top_inst/Core_cpu/u_core_top/u_dcache/g_data_bank[3].u_data_bank/mem_q_reg_0/CLKBWRCLK","student_top_inst/Core_cpu/u_core_top/scoreboard_q_reg[6][result][2]/D","setup"
3601,-0.109,5.000,4.991,11,"student_top_inst/Core_cpu/u_core_top/store_head_q_reg[1]/C","student_top_inst/Core_cpu/u_core_top/load_q_reg[1][forward_data][24]/D","setup"
3602,-0.109,5.000,4.954,6,"student_top_inst/Core_cpu/u_core_top/u_dcache/g_data_bank[1].u_data_bank/mem_q_reg_1/CLKBWRCLK","student_top_inst/Core_cpu/u_core_top/exec_q_reg[op1][5]/D","setup"
3603,-0.109,5.000,4.499,0,"student_top_inst/cpu_rst_sync_reg/C","student_top_inst/Core_cpu/u_core_top/load_q_reg[1][addr][15]/R","setup"
3604,-0.109,5.000,4.499,0,"student_top_inst/cpu_rst_sync_reg/C","student_top_inst/Core_cpu/u_core_top/load_q_reg[1][addr][16]/R","setup"
3605,-0.109,5.000,4.499,0,"student_top_inst/cpu_rst_sync_reg/C","student_top_inst/Core_cpu/u_core_top/load_q_reg[1][addr][17]/R","setup"
3606,-0.109,5.000,4.499,0,"student_top_inst/cpu_rst_sync_reg/C","student_top_inst/Core_cpu/u_core_top/load_q_reg[1][addr][2]/R","setup"
3607,-0.109,5.000,4.499,0,"student_top_inst/cpu_rst_sync_reg/C","student_top_inst/Core_cpu/u_core_top/load_q_reg[1][forward_mask][0]/R","setup"
3608,-0.109,5.000,4.511,0,"student_top_inst/cpu_rst_sync_reg/C","student_top_inst/Core_cpu/u_core_top/store_q_reg[2][wdata][11]/R","setup"
3609,-0.109,5.000,4.511,0,"student_top_inst/cpu_rst_sync_reg/C","student_top_inst/Core_cpu/u_core_top/store_q_reg[2][wdata][28]/R","setup"
3610,-0.108,5.000,4.900,7,"student_top_inst/Core_cpu/u_core_top/exec_q_reg[op2][4]/C","student_top_inst/Core_cpu/u_core_top/scoreboard_q_reg[5][csr_src][14]/D","setup"
3611,-0.108,5.000,4.949,7,"student_top_inst/Core_cpu/u_core_top/u_dcache/g_data_bank[3].u_data_bank/mem_q_reg_0/CLKBWRCLK","student_top_inst/Core_cpu/u_core_top/scoreboard_q_reg[0][result][17]/D","setup"
3612,-0.107,5.000,4.952,7,"student_top_inst/Core_cpu/u_core_top/u_dcache/g_data_bank[3].u_data_bank/mem_q_reg_0/CLKBWRCLK","student_top_inst/Core_cpu/u_core_top/scoreboard_q_reg[6][result][11]/D","setup"
3613,-0.107,5.000,4.578,11,"student_top_inst/Core_cpu/u_core_top/scoreboard_q_reg[4][fu][0]/C","student_top_inst/Core_cpu/u_core_top/scoreboard_q_reg[2][fu][2]/CE","setup"
3614,-0.107,5.000,4.578,11,"student_top_inst/Core_cpu/u_core_top/scoreboard_q_reg[4][fu][0]/C","student_top_inst/Core_cpu/u_core_top/scoreboard_q_reg[2][sys_op][2]/CE","setup"
3615,-0.107,5.000,4.760,11,"student_top_inst/Core_cpu/u_core_top/scoreboard_q_reg[4][fu][0]/C","student_top_inst/Core_cpu/u_core_top/exec_q_reg[op2][31]/CE","setup"
3616,-0.107,5.000,4.760,11,"student_top_inst/Core_cpu/u_core_top/scoreboard_q_reg[4][fu][0]/C","student_top_inst/Core_cpu/u_core_top/exec_q_reg[op2][5]/CE","setup"
3617,-0.107,5.000,4.793,7,"student_top_inst/Core_cpu/u_core_top/commit_ptr_q_reg[2]_rep/C","student_top_inst/Core_cpu/u_core_top/u_csr/mepc_q_reg[4]/D","setup"
3618,-0.107,5.000,4.497,0,"student_top_inst/cpu_rst_sync_reg/C","student_top_inst/Core_cpu/u_core_top/load_q_reg[1][addr][0]/R","setup"
3619,-0.107,5.000,4.497,0,"student_top_inst/cpu_rst_sync_reg/C","student_top_inst/Core_cpu/u_core_top/load_q_reg[1][addr][8]/R","setup"
3620,-0.107,5.000,4.497,0,"student_top_inst/cpu_rst_sync_reg/C","student_top_inst/Core_cpu/u_core_top/load_q_reg[1][addr][9]/R","setup"
3621,-0.107,5.000,4.497,0,"student_top_inst/cpu_rst_sync_reg/C","student_top_inst/Core_cpu/u_core_top/load_q_reg[1][forward_mask][3]/R","setup"
3622,-0.107,5.000,4.555,11,"student_top_inst/Core_cpu/u_core_top/scoreboard_q_reg[4][fu][0]/C","student_top_inst/Core_cpu/u_core_top/scoreboard_q_reg[2][csr_addr][3]/CE","setup"
3623,-0.107,5.000,4.555,11,"student_top_inst/Core_cpu/u_core_top/scoreboard_q_reg[4][fu][0]/C","student_top_inst/Core_cpu/u_core_top/scoreboard_q_reg[2][is_return]/CE","setup"
3624,-0.107,5.000,4.555,11,"student_top_inst/Core_cpu/u_core_top/scoreboard_q_reg[4][fu][0]/C","student_top_inst/Core_cpu/u_core_top/scoreboard_q_reg[2][link_addr][19]/CE","setup"
3625,-0.107,5.000,4.555,11,"student_top_inst/Core_cpu/u_core_top/scoreboard_q_reg[4][fu][0]/C","student_top_inst/Core_cpu/u_core_top/scoreboard_q_reg[2][link_addr][22]/CE","setup"
3626,-0.107,5.000,4.555,11,"student_top_inst/Core_cpu/u_core_top/scoreboard_q_reg[4][fu][0]/C","student_top_inst/Core_cpu/u_core_top/scoreboard_q_reg[2][link_addr][29]/CE","setup"
3627,-0.107,5.000,4.555,11,"student_top_inst/Core_cpu/u_core_top/scoreboard_q_reg[4][fu][0]/C","student_top_inst/Core_cpu/u_core_top/scoreboard_q_reg[2][link_addr][30]/CE","setup"
3628,-0.107,5.000,4.555,11,"student_top_inst/Core_cpu/u_core_top/scoreboard_q_reg[4][fu][0]/C","student_top_inst/Core_cpu/u_core_top/scoreboard_q_reg[2][link_addr][8]/CE","setup"
3629,-0.107,5.000,4.555,11,"student_top_inst/Core_cpu/u_core_top/scoreboard_q_reg[4][fu][0]/C","student_top_inst/Core_cpu/u_core_top/scoreboard_q_reg[2][pc][30]/CE","setup"
3630,-0.107,5.000,5.060,11,"student_top_inst/Core_cpu/u_core_top/exec_q_reg[uop][imm][1]/C","student_top_inst/Core_cpu/u_core_top/scoreboard_q_reg[6][csr_src][0]/D","setup"
3631,-0.106,5.000,5.137,12,"student_top_inst/Core_cpu/u_core_top/exec_q_reg[uop][imm][1]/C","student_top_inst/Core_cpu/u_core_top/exec_mem_addr_q_reg[1]/D","setup"
3632,-0.106,5.000,5.041,11,"student_top_inst/Core_cpu/u_core_top/store_head_q_reg[0]/C","student_top_inst/Core_cpu/u_core_top/load_active_meta_q_reg[forward_data][1]/D","setup"
3633,-0.106,5.000,5.063,8,"student_top_inst/Core_cpu/u_core_top/u_muldiv/b_q_reg[22]/C","student_top_inst/Core_cpu/u_core_top/scoreboard_q_reg[4][csr_src][8]/D","setup"
3634,-0.105,5.000,4.919,11,"student_top_inst/Core_cpu/u_core_top/scoreboard_q_reg[4][fu][0]/C","student_top_inst/Core_cpu/u_core_top/exec_q_reg[valid]/D","setup"
3635,-0.105,5.000,4.695,11,"student_top_inst/Core_cpu/u_core_top/scoreboard_q_reg[4][fu][0]/C","student_top_inst/Core_cpu/u_core_top/scoreboard_q_reg[6][csr_src][16]/R","setup"
3636,-0.105,5.000,4.695,11,"student_top_inst/Core_cpu/u_core_top/scoreboard_q_reg[4][fu][0]/C","student_top_inst/Core_cpu/u_core_top/scoreboard_q_reg[6][csr_src][18]/R","setup"
3637,-0.105,5.000,4.695,11,"student_top_inst/Core_cpu/u_core_top/scoreboard_q_reg[4][fu][0]/C","student_top_inst/Core_cpu/u_core_top/scoreboard_q_reg[6][csr_src][24]/R","setup"
3638,-0.105,5.000,4.695,11,"student_top_inst/Core_cpu/u_core_top/scoreboard_q_reg[4][fu][0]/C","student_top_inst/Core_cpu/u_core_top/scoreboard_q_reg[6][csr_src][29]/R","setup"
3639,-0.105,5.000,4.695,11,"student_top_inst/Core_cpu/u_core_top/scoreboard_q_reg[4][fu][0]/C","student_top_inst/Core_cpu/u_core_top/scoreboard_q_reg[6][csr_src][30]/R","setup"
3640,-0.105,5.000,4.695,11,"student_top_inst/Core_cpu/u_core_top/scoreboard_q_reg[4][fu][0]/C","student_top_inst/Core_cpu/u_core_top/scoreboard_q_reg[6][csr_src][31]/R","setup"
3641,-0.105,5.000,4.554,11,"student_top_inst/Core_cpu/u_core_top/scoreboard_q_reg[4][fu][0]/C","student_top_inst/Core_cpu/u_core_top/scoreboard_q_reg[7][csr_op][0]/CE","setup"
3642,-0.105,5.000,4.554,11,"student_top_inst/Core_cpu/u_core_top/scoreboard_q_reg[4][fu][0]/C","student_top_inst/Core_cpu/u_core_top/scoreboard_q_reg[7][link_addr][15]/CE","setup"
3643,-0.105,5.000,4.554,11,"student_top_inst/Core_cpu/u_core_top/scoreboard_q_reg[4][fu][0]/C","student_top_inst/Core_cpu/u_core_top/scoreboard_q_reg[7][pc][11]/CE","setup"
3644,-0.105,5.000,4.554,11,"student_top_inst/Core_cpu/u_core_top/scoreboard_q_reg[4][fu][0]/C","student_top_inst/Core_cpu/u_core_top/scoreboard_q_reg[7][pc][24]/CE","setup"
3645,-0.105,5.000,4.554,11,"student_top_inst/Core_cpu/u_core_top/scoreboard_q_reg[4][fu][0]/C","student_top_inst/Core_cpu/u_core_top/scoreboard_q_reg[7][rd][0]/CE","setup"
3646,-0.105,5.000,4.876,5,"student_top_inst/mem_bridge/dram_adapter/dram/U0/inst_blk_mem_gen/gnbram.gnativebmg.native_blk_mem_gen/valid.cstr/has_mux_a.A/no_softecc_norm_sel2.has_mem_regs.WITHOUT_ECC_PIPE.ce_pri.sel_pipe_d1_reg[2]/C","student_top_inst/Core_cpu/u_core_top/u_dmem_regslice/resp_rdata_q_reg[6]/D","setup"
3647,-0.105,5.000,4.893,0,"student_top_inst/Core_cpu/u_core_top/u_dmem_regslice/req_addr_q_reg[4]/C","student_top_inst/mem_bridge/dram_adapter/dram/U0/inst_blk_mem_gen/gnbram.gnativebmg.native_blk_mem_gen/valid.cstr/ramloop[54].ram.r/prim_init.ram/DEVICE_7SERIES.NO_BMM_INFO.SP.SIMPLE_PRIM36.ram/ADDRARDADDR[5]","setup"
3648,-0.105,5.000,4.346,0,"student_top_inst/cpu_rst_sync_reg/C","student_top_inst/Core_cpu/u_core_top/u_regfile/regs_q_reg[15][27]/R","setup"
3649,-0.104,5.000,4.753,13,"student_top_inst/Core_cpu/u_core_top/scoreboard_q_reg[4][fu][0]/C","student_top_inst/Core_cpu/u_core_top/load_q_reg[1][addr][6]/CE","setup"
3650,-0.104,5.000,4.753,13,"student_top_inst/Core_cpu/u_core_top/scoreboard_q_reg[4][fu][0]/C","student_top_inst/Core_cpu/u_core_top/load_q_reg[1][store_seq_cutoff][3]/CE","setup"
3651,-0.104,5.000,4.753,13,"student_top_inst/Core_cpu/u_core_top/scoreboard_q_reg[4][fu][0]/C","student_top_inst/Core_cpu/u_core_top/load_q_reg[1][store_seq_cutoff][4]/CE","setup"
3652,-0.104,5.000,4.950,5,"student_top_inst/Core_cpu/u_core_top/u_dcache/g_data_bank[3].u_data_bank/mem_q_reg_0/CLKBWRCLK","student_top_inst/Core_cpu/u_core_top/scoreboard_q_reg[2][result][2]/D","setup"
3653,-0.104,5.000,4.812,7,"student_top_inst/Core_cpu/u_core_top/id_uop_q_reg[rs1][1]/C","student_top_inst/Core_cpu/u_core_top/scoreboard_q_reg[0][result][10]/R","setup"
3654,-0.104,5.000,4.812,7,"student_top_inst/Core_cpu/u_core_top/id_uop_q_reg[rs1][1]/C","student_top_inst/Core_cpu/u_core_top/scoreboard_q_reg[0][result][15]/R","setup"
3655,-0.104,5.000,4.812,7,"student_top_inst/Core_cpu/u_core_top/id_uop_q_reg[rs1][1]/C","student_top_inst/Core_cpu/u_core_top/scoreboard_q_reg[0][result][26]/R","setup"
3656,-0.104,5.000,4.812,7,"student_top_inst/Core_cpu/u_core_top/id_uop_q_reg[rs1][1]/C","student_top_inst/Core_cpu/u_core_top/scoreboard_q_reg[0][result][8]/R","setup"
3657,-0.104,5.000,4.959,0,"student_top_inst/Core_cpu/u_core_top/u_dmem_regslice/req_addr_q_reg[8]/C","student_top_inst/mem_bridge/dram_adapter/dram/U0/inst_blk_mem_gen/gnbram.gnativebmg.native_blk_mem_gen/valid.cstr/ramloop[63].ram.r/prim_init.ram/DEVICE_7SERIES.NO_BMM_INFO.SP.SIMPLE_PRIM36.ram/ADDRARDADDR[9]","setup"
3658,-0.104,5.000,4.507,0,"student_top_inst/cpu_rst_sync_reg/C","student_top_inst/Core_cpu/u_core_top/store_q_reg[0][wdata][4]/R","setup"
3659,-0.103,5.000,4.814,10,"student_top_inst/Core_cpu/u_core_top/scoreboard_q_reg[4][fu][0]/C","student_top_inst/Core_cpu/u_core_top/u_muldiv/u_div/U0/i_synth/i_has_input_skid.i_2to1/gen_has_z_tready.reg1_b_ready_reg/D","setup"
3660,-0.103,5.000,4.507,0,"student_top_inst/cpu_rst_sync_reg/C","student_top_inst/Core_cpu/u_core_top/store_q_reg[2][wdata][15]/R","setup"
3661,-0.103,5.000,4.955,6,"student_top_inst/Core_cpu/u_core_top/u_dcache/g_data_bank[3].u_data_bank/mem_q_reg_0/CLKBWRCLK","student_top_inst/Core_cpu/u_core_top/scoreboard_q_reg[2][csr_src][4]/D","setup"
3662,-0.103,5.000,4.757,12,"student_top_inst/Core_cpu/u_core_top/scoreboard_q_reg[4][fu][0]/C","student_top_inst/Core_cpu/u_core_top/load_active_meta_q_reg[forward_data][20]/CE","setup"
3663,-0.103,5.000,4.952,7,"student_top_inst/Core_cpu/u_core_top/u_dcache/g_data_bank[3].u_data_bank/mem_q_reg_0/CLKBWRCLK","student_top_inst/Core_cpu/u_core_top/scoreboard_q_reg[2][csr_src][3]/D","setup"
3664,-0.102,5.000,4.914,7,"student_top_inst/Core_cpu/u_core_top/id_uop_q_reg[rs1][1]/C","student_top_inst/Core_cpu/u_core_top/scoreboard_q_reg[0][csr_src][10]/CE","setup"
3665,-0.102,5.000,4.914,7,"student_top_inst/Core_cpu/u_core_top/id_uop_q_reg[rs1][1]/C","student_top_inst/Core_cpu/u_core_top/scoreboard_q_reg[0][csr_src][12]/CE","setup"
3666,-0.102,5.000,4.914,7,"student_top_inst/Core_cpu/u_core_top/id_uop_q_reg[rs1][1]/C","student_top_inst/Core_cpu/u_core_top/scoreboard_q_reg[0][csr_src][14]/CE","setup"
3667,-0.102,5.000,4.914,7,"student_top_inst/Core_cpu/u_core_top/id_uop_q_reg[rs1][1]/C","student_top_inst/Core_cpu/u_core_top/scoreboard_q_reg[0][csr_src][15]/CE","setup"
3668,-0.102,5.000,4.914,7,"student_top_inst/Core_cpu/u_core_top/id_uop_q_reg[rs1][1]/C","student_top_inst/Core_cpu/u_core_top/scoreboard_q_reg[0][csr_src][9]/CE","setup"
3669,-0.101,5.000,4.959,7,"student_top_inst/Core_cpu/u_core_top/u_dcache/g_data_bank[1].u_data_bank/mem_q_reg_1/CLKBWRCLK","student_top_inst/Core_cpu/u_core_top/scoreboard_q_reg[1][csr_src][13]/D","setup"
3670,-0.101,5.000,4.505,0,"student_top_inst/cpu_rst_sync_reg/C","student_top_inst/Core_cpu/u_core_top/store_q_reg[1][wdata][12]/R","setup"
3671,-0.101,5.000,4.505,0,"student_top_inst/cpu_rst_sync_reg/C","student_top_inst/Core_cpu/u_core_top/store_q_reg[1][wdata][27]/R","setup"
3672,-0.101,5.000,4.782,7,"student_top_inst/Core_cpu/u_core_top/commit_ptr_q_reg[2]_rep/C","student_top_inst/Core_cpu/u_core_top/u_csr/mepc_q_reg[15]/D","setup"
3673,-0.101,5.000,5.124,8,"student_top_inst/Core_cpu/u_core_top/id_uop_q_reg[rs1][1]/C","student_top_inst/Core_cpu/u_core_top/scoreboard_q_reg[3][occupied]/D","setup"
3674,-0.101,5.000,4.548,11,"student_top_inst/Core_cpu/u_core_top/scoreboard_q_reg[4][fu][0]/C","student_top_inst/Core_cpu/u_core_top/scoreboard_q_reg[7][link_addr][23]/CE","setup"
3675,-0.101,5.000,4.548,11,"student_top_inst/Core_cpu/u_core_top/scoreboard_q_reg[4][fu][0]/C","student_top_inst/Core_cpu/u_core_top/scoreboard_q_reg[7][pc][17]/CE","setup"
3676,-0.100,5.000,4.949,6,"student_top_inst/Core_cpu/u_core_top/u_dcache/g_data_bank[1].u_data_bank/mem_q_reg_1/CLKBWRCLK","student_top_inst/Core_cpu/u_core_top/scoreboard_q_reg[2][csr_src][5]/D","setup"
3677,-0.100,5.000,4.799,6,"student_top_inst/Core_cpu/u_core_top/commit_ptr_q_reg[2]_rep/C","student_top_inst/Core_cpu/u_core_top/wb_data_q_reg[21]/D","setup"
3678,-0.100,5.000,4.941,7,"student_top_inst/Core_cpu/u_core_top/u_dcache/g_data_bank[3].u_data_bank/mem_q_reg_0/CLKBWRCLK","student_top_inst/Core_cpu/u_core_top/scoreboard_q_reg[5][result][25]/D","setup"
3679,-0.100,5.000,4.754,11,"student_top_inst/Core_cpu/u_core_top/scoreboard_q_reg[4][fu][0]/C","student_top_inst/Core_cpu/u_core_top/exec_q_reg[op2][21]/CE","setup"
3680,-0.100,5.000,4.754,11,"student_top_inst/Core_cpu/u_core_top/scoreboard_q_reg[4][fu][0]/C","student_top_inst/Core_cpu/u_core_top/exec_q_reg[op2][25]/CE","setup"
3681,-0.100,5.000,4.754,11,"student_top_inst/Core_cpu/u_core_top/scoreboard_q_reg[4][fu][0]/C","student_top_inst/Core_cpu/u_core_top/exec_q_reg[trans_id][0]/CE","setup"
3682,-0.100,5.000,4.943,7,"student_top_inst/Core_cpu/u_core_top/u_dcache/g_data_bank[3].u_data_bank/mem_q_reg_0/CLKBWRCLK","student_top_inst/Core_cpu/u_core_top/scoreboard_q_reg[6][result][23]/D","setup"
3683,-0.099,5.000,4.336,0,"student_top_inst/cpu_rst_sync_reg/C","student_top_inst/Core_cpu/u_core_top/u_regfile/regs_q_reg[23][21]/R","setup"
3684,-0.099,5.000,4.811,7,"student_top_inst/Core_cpu/u_core_top/commit_ptr_q_reg[2]_rep/C","student_top_inst/Core_cpu/u_core_top/u_csr/mstatus_q_reg[11]/D","setup"
3685,-0.099,5.000,5.062,11,"student_top_inst/Core_cpu/u_core_top/exec_q_reg[uop][imm][1]/C","student_top_inst/Core_cpu/u_core_top/scoreboard_q_reg[2][csr_src][0]/D","setup"
3686,-0.099,5.000,4.910,0,"student_top_inst/Core_cpu/u_core_top/u_dmem_regslice/req_addr_q_reg[7]/C","student_top_inst/mem_bridge/dram_adapter/dram/U0/inst_blk_mem_gen/gnbram.gnativebmg.native_blk_mem_gen/valid.cstr/ramloop[13].ram.r/prim_init.ram/DEVICE_7SERIES.NO_BMM_INFO.SP.SIMPLE_PRIM36.ram/ADDRARDADDR[8]","setup"
3687,-0.099,5.000,4.728,6,"student_top_inst/Core_cpu/u_core_top/commit_ptr_q_reg[2]_rep/C","student_top_inst/Core_cpu/u_core_top/u_csr/mcause_q_reg[8]/D","setup"
3688,-0.098,5.000,4.814,11,"student_top_inst/Core_cpu/u_core_top/scoreboard_q_reg[4][fu][0]/C","student_top_inst/Core_cpu/u_core_top/scoreboard_q_reg[7][csr_src][10]/CE","setup"
3689,-0.098,5.000,4.808,7,"student_top_inst/Core_cpu/u_core_top/commit_ptr_q_reg[2]_rep/C","student_top_inst/Core_cpu/u_core_top/u_csr/mepc_q_reg[31]/D","setup"
3690,-0.098,5.000,4.340,0,"student_top_inst/cpu_rst_sync_reg/C","student_top_inst/Core_cpu/u_core_top/u_regfile/regs_q_reg[15][24]/R","setup"
3691,-0.098,5.000,4.340,0,"student_top_inst/cpu_rst_sync_reg/C","student_top_inst/Core_cpu/u_core_top/u_regfile/regs_q_reg[15][28]/R","setup"
3692,-0.098,5.000,4.793,11,"student_top_inst/Core_cpu/u_core_top/scoreboard_q_reg[4][fu][0]/C","student_top_inst/Core_cpu/u_core_top/scoreboard_q_reg[7][csr_src][0]/CE","setup"
3693,-0.098,5.000,4.793,11,"student_top_inst/Core_cpu/u_core_top/scoreboard_q_reg[4][fu][0]/C","student_top_inst/Core_cpu/u_core_top/scoreboard_q_reg[7][csr_src][4]/CE","setup"
3694,-0.098,5.000,4.752,11,"student_top_inst/Core_cpu/u_core_top/scoreboard_q_reg[4][fu][0]/C","student_top_inst/Core_cpu/u_core_top/exec_q_reg[op2][16]/CE","setup"
3695,-0.098,5.000,4.752,11,"student_top_inst/Core_cpu/u_core_top/scoreboard_q_reg[4][fu][0]/C","student_top_inst/Core_cpu/u_core_top/exec_q_reg[op2][22]/CE","setup"
3696,-0.098,5.000,4.752,11,"student_top_inst/Core_cpu/u_core_top/scoreboard_q_reg[4][fu][0]/C","student_top_inst/Core_cpu/u_core_top/exec_q_reg[trans_id][1]/CE","setup"
3697,-0.097,5.000,4.832,7,"student_top_inst/Core_cpu/u_core_top/commit_ptr_q_reg[2]_rep/C","student_top_inst/Core_cpu/u_core_top/u_csr/mcause_q_reg[2]/D","setup"
3698,-0.097,5.000,4.499,0,"student_top_inst/cpu_rst_sync_reg/C","student_top_inst/Core_cpu/u_core_top/wb_data_q_reg[4]/R","setup"
3699,-0.097,5.000,5.062,8,"student_top_inst/Core_cpu/u_core_top/u_muldiv/b_q_reg[22]/C","student_top_inst/Core_cpu/u_core_top/scoreboard_q_reg[2][csr_src][8]/D","setup"
3700,-0.096,5.000,4.546,11,"student_top_inst/Core_cpu/u_core_top/scoreboard_q_reg[4][fu][0]/C","student_top_inst/Core_cpu/u_core_top/scoreboard_q_reg[5][link_addr][10]/CE","setup"
3701,-0.096,5.000,4.546,11,"student_top_inst/Core_cpu/u_core_top/scoreboard_q_reg[4][fu][0]/C","student_top_inst/Core_cpu/u_core_top/scoreboard_q_reg[5][link_addr][16]/CE","setup"
3702,-0.096,5.000,4.546,11,"student_top_inst/Core_cpu/u_core_top/scoreboard_q_reg[4][fu][0]/C","student_top_inst/Core_cpu/u_core_top/scoreboard_q_reg[5][link_addr][3]/CE","setup"
3703,-0.096,5.000,4.546,11,"student_top_inst/Core_cpu/u_core_top/scoreboard_q_reg[4][fu][0]/C","student_top_inst/Core_cpu/u_core_top/scoreboard_q_reg[5][link_addr][5]/CE","setup"
3704,-0.096,5.000,4.546,11,"student_top_inst/Core_cpu/u_core_top/scoreboard_q_reg[4][fu][0]/C","student_top_inst/Core_cpu/u_core_top/scoreboard_q_reg[5][link_addr][6]/CE","setup"
3705,-0.096,5.000,4.727,6,"student_top_inst/Core_cpu/u_core_top/commit_ptr_q_reg[2]_rep/C","student_top_inst/Core_cpu/u_core_top/u_csr/mtvec_q_reg[16]/D","setup"
3706,-0.095,5.000,4.743,13,"student_top_inst/Core_cpu/u_core_top/scoreboard_q_reg[4][fu][0]/C","student_top_inst/Core_cpu/u_core_top/load_q_reg[1][addr][1]/CE","setup"
3707,-0.095,5.000,4.743,13,"student_top_inst/Core_cpu/u_core_top/scoreboard_q_reg[4][fu][0]/C","student_top_inst/Core_cpu/u_core_top/load_q_reg[1][forward_data][5]/CE","setup"
3708,-0.095,5.000,4.743,13,"student_top_inst/Core_cpu/u_core_top/scoreboard_q_reg[4][fu][0]/C","student_top_inst/Core_cpu/u_core_top/load_q_reg[1][size][0]/CE","setup"
3709,-0.095,5.000,4.743,13,"student_top_inst/Core_cpu/u_core_top/scoreboard_q_reg[4][fu][0]/C","student_top_inst/Core_cpu/u_core_top/load_q_reg[1][trans_id][1]/CE","setup"
3710,-0.095,5.000,4.497,0,"student_top_inst/cpu_rst_sync_reg/C","student_top_inst/Core_cpu/u_core_top/u_regfile/regs_q_reg[29][2]/R","setup"
3711,-0.095,5.000,4.497,0,"student_top_inst/cpu_rst_sync_reg/C","student_top_inst/Core_cpu/u_core_top/u_regfile/regs_q_reg[29][5]/R","setup"
3712,-0.095,5.000,4.497,0,"student_top_inst/cpu_rst_sync_reg/C","student_top_inst/Core_cpu/u_core_top/u_regfile/regs_q_reg[29][8]/R","setup"
3713,-0.095,5.000,4.724,11,"student_top_inst/Core_cpu/u_core_top/scoreboard_q_reg[4][fu][0]/C","student_top_inst/Core_cpu/u_core_top/scoreboard_q_reg[7][rd][1]/CE","setup"
3714,-0.095,5.000,4.724,11,"student_top_inst/Core_cpu/u_core_top/scoreboard_q_reg[4][fu][0]/C","student_top_inst/Core_cpu/u_core_top/scoreboard_q_reg[7][rd][3]/CE","setup"
3715,-0.095,5.000,4.724,11,"student_top_inst/Core_cpu/u_core_top/scoreboard_q_reg[4][fu][0]/C","student_top_inst/Core_cpu/u_core_top/scoreboard_q_reg[7][rd][4]/CE","setup"
3716,-0.095,5.000,4.724,11,"student_top_inst/Core_cpu/u_core_top/scoreboard_q_reg[4][fu][0]/C","student_top_inst/Core_cpu/u_core_top/scoreboard_q_reg[7][writes_rd]/CE","setup"
3717,-0.094,5.000,4.828,7,"student_top_inst/Core_cpu/u_core_top/commit_ptr_q_reg[2]_rep/C","student_top_inst/Core_cpu/u_core_top/u_csr/mtval_q_reg[16]/D","setup"
3718,-0.093,5.000,4.895,7,"student_top_inst/Core_cpu/u_core_top/exec_q_reg[op2][4]/C","student_top_inst/Core_cpu/u_core_top/exec_q_reg[op1][14]/D","setup"
3719,-0.093,5.000,4.521,7,"student_top_inst/Core_cpu/u_core_top/load_head_q_reg[0]/C","student_top_inst/Core_cpu/u_core_top/u_dcache/g_data_bank[3].u_data_bank/mem_q_reg_0/ADDRBWRADDR[7]","setup"
3720,-0.093,5.000,4.495,0,"student_top_inst/cpu_rst_sync_reg/C","student_top_inst/Core_cpu/u_core_top/u_regfile/regs_q_reg[4][2]/R","setup"
3721,-0.092,5.000,4.798,7,"student_top_inst/Core_cpu/u_core_top/commit_ptr_q_reg[2]_rep/C","student_top_inst/Core_cpu/u_core_top/u_csr/mepc_q_reg[9]/D","setup"
3722,-0.092,5.000,4.894,7,"student_top_inst/Core_cpu/u_core_top/exec_q_reg[op2][4]/C","student_top_inst/Core_cpu/u_core_top/scoreboard_q_reg[7][csr_src][14]/D","setup"
3723,-0.092,5.000,4.505,0,"student_top_inst/cpu_rst_sync_reg/C","student_top_inst/Core_cpu/u_core_top/store_q_reg[2][addr][17]/R","setup"
3724,-0.092,5.000,4.959,7,"student_top_inst/Core_cpu/u_core_top/u_dcache/g_data_bank[3].u_data_bank/mem_q_reg_0/CLKBWRCLK","student_top_inst/Core_cpu/u_core_top/scoreboard_q_reg[2][csr_src][11]/D","setup"
3725,-0.092,5.000,4.494,0,"student_top_inst/cpu_rst_sync_reg/C","student_top_inst/Core_cpu/u_core_top/store_q_reg[1][wdata][4]/R","setup"
3726,-0.091,5.000,4.935,6,"student_top_inst/Core_cpu/u_core_top/u_dcache/g_data_bank[3].u_data_bank/mem_q_reg_0/CLKBWRCLK","student_top_inst/Core_cpu/u_core_top/scoreboard_q_reg[1][result][3]/D","setup"
3727,-0.091,5.000,4.964,6,"student_top_inst/Core_cpu/u_core_top/commit_ptr_q_reg[2]_rep/C","student_top_inst/Core_cpu/u_core_top/wb_data_q_reg[7]/D","setup"
3728,-0.091,5.000,4.946,0,"student_top_inst/Core_cpu/u_core_top/u_dmem_regslice/req_addr_q_reg[5]/C","student_top_inst/mem_bridge/dram_adapter/dram/U0/inst_blk_mem_gen/gnbram.gnativebmg.native_blk_mem_gen/valid.cstr/ramloop[63].ram.r/prim_init.ram/DEVICE_7SERIES.NO_BMM_INFO.SP.SIMPLE_PRIM36.ram/ADDRARDADDR[6]","setup"
3729,-0.091,5.000,4.721,12,"student_top_inst/Core_cpu/u_core_top/scoreboard_q_reg[4][fu][0]/C","student_top_inst/Core_cpu/u_core_top/load_active_meta_q_reg[forward_data][27]/CE","setup"
3730,-0.091,5.000,4.721,12,"student_top_inst/Core_cpu/u_core_top/scoreboard_q_reg[4][fu][0]/C","student_top_inst/Core_cpu/u_core_top/load_active_meta_q_reg[forward_data][8]/CE","setup"
3731,-0.091,5.000,4.383,1,"student_top_inst/cpu_rst_sync_reg/C","student_top_inst/Core_cpu/u_core_top/u_frontend/u_branch_predictor/tag_q_reg_0_63_13_13/DP/WE","setup"
3732,-0.091,5.000,4.383,1,"student_top_inst/cpu_rst_sync_reg/C","student_top_inst/Core_cpu/u_core_top/u_frontend/u_branch_predictor/tag_q_reg_0_63_13_13/SP/WE","setup"
3733,-0.091,5.000,4.383,1,"student_top_inst/cpu_rst_sync_reg/C","student_top_inst/Core_cpu/u_core_top/u_frontend/u_branch_predictor/tag_q_reg_0_63_14_14/DP/WE","setup"
3734,-0.091,5.000,4.383,1,"student_top_inst/cpu_rst_sync_reg/C","student_top_inst/Core_cpu/u_core_top/u_frontend/u_branch_predictor/tag_q_reg_0_63_14_14/SP/WE","setup"
3735,-0.091,5.000,4.591,7,"student_top_inst/Core_cpu/u_core_top/scoreboard_q_reg[4][fu][0]/C","student_top_inst/Core_cpu/u_core_top/u_frontend/u_branch_predictor/ras_q_reg[5][22]/CE","setup"
3736,-0.091,5.000,4.591,7,"student_top_inst/Core_cpu/u_core_top/scoreboard_q_reg[4][fu][0]/C","student_top_inst/Core_cpu/u_core_top/u_frontend/u_branch_predictor/ras_q_reg[5][30]/CE","setup"
3737,-0.091,5.000,4.591,7,"student_top_inst/Core_cpu/u_core_top/scoreboard_q_reg[4][fu][0]/C","student_top_inst/Core_cpu/u_core_top/u_frontend/u_branch_predictor/ras_q_reg[5][31]/CE","setup"
3738,-0.091,5.000,4.591,7,"student_top_inst/Core_cpu/u_core_top/scoreboard_q_reg[4][fu][0]/C","student_top_inst/Core_cpu/u_core_top/u_frontend/u_branch_predictor/ras_q_reg[5][7]/CE","setup"
3739,-0.090,5.000,4.538,10,"student_top_inst/Core_cpu/u_core_top/scoreboard_q_reg[4][fu][0]/C","student_top_inst/Core_cpu/u_core_top/scoreboard_q_reg[3][link_addr][29]/CE","setup"
3740,-0.090,5.000,4.538,10,"student_top_inst/Core_cpu/u_core_top/scoreboard_q_reg[4][fu][0]/C","student_top_inst/Core_cpu/u_core_top/scoreboard_q_reg[3][link_addr][31]/CE","setup"
3741,-0.090,5.000,4.538,10,"student_top_inst/Core_cpu/u_core_top/scoreboard_q_reg[4][fu][0]/C","student_top_inst/Core_cpu/u_core_top/scoreboard_q_reg[3][pc][0]/CE","setup"
3742,-0.090,5.000,4.928,7,"student_top_inst/Core_cpu/u_core_top/u_dcache/g_data_bank[1].u_data_bank/mem_q_reg_1/CLKBWRCLK","student_top_inst/Core_cpu/u_core_top/exec_q_reg[op2][10]/D","setup"
3743,-0.089,5.000,4.858,5,"student_top_inst/mem_bridge/dram_adapter/dram/U0/inst_blk_mem_gen/gnbram.gnativebmg.native_blk_mem_gen/valid.cstr/has_mux_a.A/no_softecc_norm_sel2.has_mem_regs.WITHOUT_ECC_PIPE.ce_pri.sel_pipe_d1_reg[2]/C","student_top_inst/Core_cpu/u_core_top/u_dmem_regslice/resp_rdata_q_reg[22]/D","setup"
3744,-0.089,5.000,4.933,7,"student_top_inst/Core_cpu/u_core_top/u_dcache/g_data_bank[3].u_data_bank/mem_q_reg_0/CLKBWRCLK","student_top_inst/Core_cpu/u_core_top/scoreboard_q_reg[3][result][14]/D","setup"
3745,-0.089,5.000,4.935,11,"student_top_inst/Core_cpu/u_core_top/store_head_q_reg[0]/C","student_top_inst/Core_cpu/u_core_top/load_active_meta_q_reg[forward_data][0]/D","setup"
3746,-0.089,5.000,4.721,10,"student_top_inst/Core_cpu/u_core_top/scoreboard_q_reg[4][fu][0]/C","student_top_inst/Core_cpu/u_core_top/scoreboard_q_reg[0][rd][1]/CE","setup"
3747,-0.089,5.000,4.721,10,"student_top_inst/Core_cpu/u_core_top/scoreboard_q_reg[4][fu][0]/C","student_top_inst/Core_cpu/u_core_top/scoreboard_q_reg[0][rd][3]/CE","setup"
3748,-0.089,5.000,4.721,10,"student_top_inst/Core_cpu/u_core_top/scoreboard_q_reg[4][fu][0]/C","student_top_inst/Core_cpu/u_core_top/scoreboard_q_reg[0][rd][4]/CE","setup"
3749,-0.089,5.000,4.537,11,"student_top_inst/Core_cpu/u_core_top/scoreboard_q_reg[4][fu][0]/C","student_top_inst/Core_cpu/u_core_top/scoreboard_q_reg[4][csr_src][25]/CE","setup"
3750,-0.089,5.000,4.700,10,"student_top_inst/Core_cpu/u_core_top/load_head_q_reg[0]/C","student_top_inst/Core_cpu/u_core_top/u_dcache/tag_read_q_reg[13]/CE","setup"
3751,-0.088,5.000,4.557,11,"student_top_inst/Core_cpu/u_core_top/scoreboard_q_reg[4][fu][0]/C","student_top_inst/Core_cpu/u_core_top/scoreboard_q_reg[5][pc][1]/CE","setup"
3752,-0.088,5.000,4.557,11,"student_top_inst/Core_cpu/u_core_top/scoreboard_q_reg[4][fu][0]/C","student_top_inst/Core_cpu/u_core_top/scoreboard_q_reg[5][pc][29]/CE","setup"
3753,-0.088,5.000,4.557,11,"student_top_inst/Core_cpu/u_core_top/scoreboard_q_reg[4][fu][0]/C","student_top_inst/Core_cpu/u_core_top/scoreboard_q_reg[5][pc][30]/CE","setup"
3754,-0.088,5.000,4.557,11,"student_top_inst/Core_cpu/u_core_top/scoreboard_q_reg[4][fu][0]/C","student_top_inst/Core_cpu/u_core_top/scoreboard_q_reg[5][pc][4]/CE","setup"
3755,-0.088,5.000,4.557,11,"student_top_inst/Core_cpu/u_core_top/scoreboard_q_reg[4][fu][0]/C","student_top_inst/Core_cpu/u_core_top/scoreboard_q_reg[5][pc][8]/CE","setup"
3756,-0.088,5.000,4.557,11,"student_top_inst/Core_cpu/u_core_top/scoreboard_q_reg[4][fu][0]/C","student_top_inst/Core_cpu/u_core_top/scoreboard_q_reg[5][rd][2]/CE","setup"
3757,-0.088,5.000,4.936,6,"student_top_inst/Core_cpu/u_core_top/u_dcache/g_data_bank[1].u_data_bank/mem_q_reg_1/CLKBWRCLK","student_top_inst/Core_cpu/u_core_top/scoreboard_q_reg[4][csr_src][19]/D","setup"
3758,-0.088,5.000,4.940,7,"student_top_inst/Core_cpu/u_core_top/u_dcache/g_data_bank[3].u_data_bank/mem_q_reg_0/CLKBWRCLK","student_top_inst/Core_cpu/u_core_top/scoreboard_q_reg[4][csr_src][15]/D","setup"
3759,-0.088,5.000,4.353,9,"student_top_inst/Core_cpu/u_core_top/scoreboard_q_reg[4][fu][0]/C","student_top_inst/Core_cpu/u_core_top/u_dcache/g_data_bank[2].u_data_bank/mem_q_reg_1/ADDRBWRADDR[12]","setup"
3760,-0.087,5.000,4.536,11,"student_top_inst/Core_cpu/u_core_top/scoreboard_q_reg[4][fu][0]/C","student_top_inst/Core_cpu/u_core_top/scoreboard_q_reg[7][link_addr][28]/CE","setup"
3761,-0.087,5.000,4.536,11,"student_top_inst/Core_cpu/u_core_top/scoreboard_q_reg[4][fu][0]/C","student_top_inst/Core_cpu/u_core_top/scoreboard_q_reg[7][pc][10]/CE","setup"
3762,-0.087,5.000,4.536,11,"student_top_inst/Core_cpu/u_core_top/scoreboard_q_reg[4][fu][0]/C","student_top_inst/Core_cpu/u_core_top/scoreboard_q_reg[7][pc][25]/CE","setup"
3763,-0.087,5.000,4.536,11,"student_top_inst/Core_cpu/u_core_top/scoreboard_q_reg[4][fu][0]/C","student_top_inst/Core_cpu/u_core_top/scoreboard_q_reg[7][pc][3]/CE","setup"
3764,-0.087,5.000,4.536,11,"student_top_inst/Core_cpu/u_core_top/scoreboard_q_reg[4][fu][0]/C","student_top_inst/Core_cpu/u_core_top/scoreboard_q_reg[7][pc][5]/CE","setup"
3765,-0.087,5.000,4.536,11,"student_top_inst/Core_cpu/u_core_top/scoreboard_q_reg[4][fu][0]/C","student_top_inst/Core_cpu/u_core_top/scoreboard_q_reg[7][pc][9]/CE","setup"
3766,-0.087,5.000,4.381,1,"student_top_inst/cpu_rst_sync_reg/C","student_top_inst/Core_cpu/u_core_top/u_frontend/u_branch_predictor/tag_q_reg_0_63_19_19/DP/WE","setup"
3767,-0.087,5.000,4.381,1,"student_top_inst/cpu_rst_sync_reg/C","student_top_inst/Core_cpu/u_core_top/u_frontend/u_branch_predictor/tag_q_reg_0_63_19_19/SP/WE","setup"
3768,-0.087,5.000,4.381,1,"student_top_inst/cpu_rst_sync_reg/C","student_top_inst/Core_cpu/u_core_top/u_frontend/u_branch_predictor/tag_q_reg_0_63_1_1/DP/WE","setup"
3769,-0.087,5.000,4.381,1,"student_top_inst/cpu_rst_sync_reg/C","student_top_inst/Core_cpu/u_core_top/u_frontend/u_branch_predictor/tag_q_reg_0_63_1_1/SP/WE","setup"
3770,-0.087,5.000,4.724,6,"student_top_inst/Core_cpu/u_core_top/commit_ptr_q_reg[2]_rep/C","student_top_inst/Core_cpu/u_core_top/u_csr/mscratch_q_reg[8]/D","setup"
3771,-0.087,5.000,4.801,7,"student_top_inst/Core_cpu/u_core_top/commit_ptr_q_reg[2]_rep/C","student_top_inst/Core_cpu/u_core_top/u_csr/mtval_q_reg[29]/D","setup"
3772,-0.087,5.000,4.734,6,"student_top_inst/Core_cpu/u_core_top/commit_ptr_q_reg[2]_rep/C","student_top_inst/Core_cpu/u_core_top/u_csr/mcause_q_reg[14]/D","setup"
3773,-0.087,5.000,4.961,7,"student_top_inst/Core_cpu/u_core_top/u_dcache/g_data_bank[3].u_data_bank/mem_q_reg_0/CLKBWRCLK","student_top_inst/Core_cpu/u_core_top/exec_q_reg[op2][22]/D","setup"
3774,-0.087,5.000,4.944,0,"student_top_inst/Core_cpu/u_core_top/u_dmem_regslice/req_addr_q_reg[6]/C","student_top_inst/mem_bridge/dram_adapter/dram/U0/inst_blk_mem_gen/gnbram.gnativebmg.native_blk_mem_gen/valid.cstr/ramloop[51].ram.r/prim_init.ram/DEVICE_7SERIES.NO_BMM_INFO.SP.SIMPLE_PRIM36.ram/ADDRARDADDR[7]","setup"
3775,-0.087,5.000,4.880,7,"student_top_inst/Core_cpu/u_core_top/id_uop_q_reg[rs1][1]/C","student_top_inst/Core_cpu/u_core_top/scoreboard_q_reg[0][csr_src][0]/CE","setup"
3776,-0.087,5.000,4.880,7,"student_top_inst/Core_cpu/u_core_top/id_uop_q_reg[rs1][1]/C","student_top_inst/Core_cpu/u_core_top/scoreboard_q_reg[0][csr_src][1]/CE","setup"
3777,-0.087,5.000,4.880,7,"student_top_inst/Core_cpu/u_core_top/id_uop_q_reg[rs1][1]/C","student_top_inst/Core_cpu/u_core_top/scoreboard_q_reg[0][csr_src][4]/CE","setup"
3778,-0.086,5.000,4.730,6,"student_top_inst/Core_cpu/u_core_top/commit_ptr_q_reg[2]_rep/C","student_top_inst/Core_cpu/u_core_top/u_csr/mtvec_q_reg[11]/D","setup"
3779,-0.086,5.000,4.486,0,"student_top_inst/cpu_rst_sync_reg/C","student_top_inst/Core_cpu/u_core_top/u_regfile/regs_q_reg[19][2]/R","setup"
3780,-0.086,5.000,4.486,0,"student_top_inst/cpu_rst_sync_reg/C","student_top_inst/Core_cpu/u_core_top/u_regfile/regs_q_reg[19][5]/R","setup"
3781,-0.086,5.000,4.534,10,"student_top_inst/Core_cpu/u_core_top/scoreboard_q_reg[4][fu][0]/C","student_top_inst/Core_cpu/u_core_top/scoreboard_q_reg[1][csr_addr][6]/CE","setup"
3782,-0.086,5.000,4.534,10,"student_top_inst/Core_cpu/u_core_top/scoreboard_q_reg[4][fu][0]/C","student_top_inst/Core_cpu/u_core_top/scoreboard_q_reg[1][is_call]/CE","setup"
3783,-0.086,5.000,4.534,10,"student_top_inst/Core_cpu/u_core_top/scoreboard_q_reg[4][fu][0]/C","student_top_inst/Core_cpu/u_core_top/scoreboard_q_reg[1][link_addr][24]/CE","setup"
3784,-0.086,5.000,4.534,10,"student_top_inst/Core_cpu/u_core_top/scoreboard_q_reg[4][fu][0]/C","student_top_inst/Core_cpu/u_core_top/scoreboard_q_reg[1][link_addr][31]/CE","setup"
3785,-0.086,5.000,4.534,10,"student_top_inst/Core_cpu/u_core_top/scoreboard_q_reg[4][fu][0]/C","student_top_inst/Core_cpu/u_core_top/scoreboard_q_reg[1][pc][12]/CE","setup"
3786,-0.086,5.000,4.534,10,"student_top_inst/Core_cpu/u_core_top/scoreboard_q_reg[4][fu][0]/C","student_top_inst/Core_cpu/u_core_top/scoreboard_q_reg[1][pc][17]/CE","setup"
3787,-0.086,5.000,4.534,10,"student_top_inst/Core_cpu/u_core_top/scoreboard_q_reg[4][fu][0]/C","student_top_inst/Core_cpu/u_core_top/scoreboard_q_reg[1][pc][20]/CE","setup"
3788,-0.086,5.000,4.534,10,"student_top_inst/Core_cpu/u_core_top/scoreboard_q_reg[4][fu][0]/C","student_top_inst/Core_cpu/u_core_top/scoreboard_q_reg[1][pc][27]/CE","setup"
3789,-0.086,5.000,4.716,11,"student_top_inst/Core_cpu/u_core_top/scoreboard_q_reg[4][fu][0]/C","student_top_inst/Core_cpu/u_core_top/exec_q_reg[uop][branch_op][0]/CE","setup"
3790,-0.086,5.000,4.716,11,"student_top_inst/Core_cpu/u_core_top/scoreboard_q_reg[4][fu][0]/C","student_top_inst/Core_cpu/u_core_top/exec_q_reg[uop][is_jal]/CE","setup"
3791,-0.086,5.000,4.716,11,"student_top_inst/Core_cpu/u_core_top/scoreboard_q_reg[4][fu][0]/C","student_top_inst/Core_cpu/u_core_top/exec_q_reg[uop][load_unsigned]/CE","setup"
3792,-0.086,5.000,4.716,11,"student_top_inst/Core_cpu/u_core_top/scoreboard_q_reg[4][fu][0]/C","student_top_inst/Core_cpu/u_core_top/exec_q_reg[uop][pred_next_pc][16]/CE","setup"
3793,-0.086,5.000,4.716,11,"student_top_inst/Core_cpu/u_core_top/scoreboard_q_reg[4][fu][0]/C","student_top_inst/Core_cpu/u_core_top/exec_q_reg[uop][pred_next_pc][19]/CE","setup"
3794,-0.086,5.000,4.716,11,"student_top_inst/Core_cpu/u_core_top/scoreboard_q_reg[4][fu][0]/C","student_top_inst/Core_cpu/u_core_top/exec_q_reg[uop][pred_next_pc][20]/CE","setup"
3795,-0.086,5.000,4.716,11,"student_top_inst/Core_cpu/u_core_top/scoreboard_q_reg[4][fu][0]/C","student_top_inst/Core_cpu/u_core_top/exec_q_reg[uop][pred_next_pc][29]/CE","setup"
3796,-0.086,5.000,4.716,11,"student_top_inst/Core_cpu/u_core_top/scoreboard_q_reg[4][fu][0]/C","student_top_inst/Core_cpu/u_core_top/exec_q_reg[uop][rs1][4]/CE","setup"
3797,-0.086,5.000,4.511,0,"student_top_inst/cpu_rst_sync_reg/C","student_top_inst/Core_cpu/u_core_top/store_q_reg[3][wdata][11]/R","setup"
3798,-0.085,5.000,4.930,7,"student_top_inst/Core_cpu/u_core_top/u_dcache/g_data_bank[3].u_data_bank/mem_q_reg_0/CLKBWRCLK","student_top_inst/Core_cpu/u_core_top/scoreboard_q_reg[7][result][14]/D","setup"
3799,-0.085,5.000,5.006,1,"student_top_inst/Core_cpu/u_core_top/u_dmem_regslice/req_wdata_q_reg[6]/C","student_top_inst/mem_bridge/dram_adapter/dram/U0/inst_blk_mem_gen/gnbram.gnativebmg.native_blk_mem_gen/valid.cstr/ramloop[14].ram.r/prim_init.ram/DEVICE_7SERIES.NO_BMM_INFO.SP.SIMPLE_PRIM36.ram/DIADI[6]","setup"
3800,-0.085,5.000,4.784,0,"student_top_inst/Core_cpu/u_core_top/u_dmem_regslice/req_addr_q_reg[13]/C","student_top_inst/mem_bridge/dram_adapter/dram/U0/inst_blk_mem_gen/gnbram.gnativebmg.native_blk_mem_gen/valid.cstr/ramloop[52].ram.r/prim_init.ram/DEVICE_7SERIES.NO_BMM_INFO.SP.SIMPLE_PRIM36.ram/ADDRARDADDR[14]","setup"
3801,-0.085,5.000,4.587,7,"student_top_inst/Core_cpu/u_core_top/scoreboard_q_reg[4][fu][0]/C","student_top_inst/Core_cpu/u_core_top/u_frontend/u_branch_predictor/ras_q_reg[5][21]/CE","setup"
3802,-0.085,5.000,4.587,7,"student_top_inst/Core_cpu/u_core_top/scoreboard_q_reg[4][fu][0]/C","student_top_inst/Core_cpu/u_core_top/u_frontend/u_branch_predictor/ras_q_reg[5][25]/CE","setup"
3803,-0.084,5.000,4.931,7,"student_top_inst/Core_cpu/u_core_top/u_dcache/g_data_bank[1].u_data_bank/mem_q_reg_1/CLKBWRCLK","student_top_inst/Core_cpu/u_core_top/scoreboard_q_reg[6][csr_src][13]/D","setup"
3804,-0.084,5.000,4.588,7,"student_top_inst/Core_cpu/u_core_top/scoreboard_q_reg[4][fu][0]/C","student_top_inst/Core_cpu/u_core_top/u_frontend/u_branch_predictor/ras_q_reg[5][11]/CE","setup"
3805,-0.084,5.000,5.105,8,"student_top_inst/Core_cpu/u_core_top/id_uop_q_reg[rs1][1]/C","student_top_inst/Core_cpu/u_core_top/scoreboard_q_reg[3][done]/D","setup"
3806,-0.083,5.000,4.949,13,"student_top_inst/Core_cpu/u_core_top/scoreboard_q_reg[4][fu][0]/C","student_top_inst/Core_cpu/u_core_top/load_active_meta_q_reg[forward_data][19]/D","setup"
3807,-0.082,5.000,4.925,5,"student_top_inst/Core_cpu/u_core_top/u_dcache/g_data_bank[3].u_data_bank/mem_q_reg_0/CLKBWRCLK","student_top_inst/Core_cpu/u_core_top/scoreboard_q_reg[1][result][6]/D","setup"
3808,-0.081,5.000,5.006,12,"student_top_inst/Core_cpu/u_core_top/scoreboard_q_reg[4][fu][0]/C","student_top_inst/Core_cpu/u_core_top/scoreboard_q_reg[7][store_slot][1]/D","setup"
3809,-0.081,5.000,4.926,5,"student_top_inst/Core_cpu/u_core_top/u_dcache/g_data_bank[3].u_data_bank/mem_q_reg_0/CLKBWRCLK","student_top_inst/Core_cpu/u_core_top/scoreboard_q_reg[0][result][2]/D","setup"
3810,-0.081,5.000,4.892,0,"student_top_inst/Core_cpu/u_core_top/u_dmem_regslice/req_addr_q_reg[12]/C","student_top_inst/mem_bridge/dram_adapter/dram/U0/inst_blk_mem_gen/gnbram.gnativebmg.native_blk_mem_gen/valid.cstr/ramloop[10].ram.r/prim_init.ram/DEVICE_7SERIES.NO_BMM_INFO.SP.SIMPLE_PRIM36.ram/ADDRARDADDR[13]","setup"
3811,-0.081,5.000,4.930,6,"student_top_inst/Core_cpu/u_core_top/u_dcache/g_data_bank[1].u_data_bank/mem_q_reg_1/CLKBWRCLK","student_top_inst/Core_cpu/u_core_top/scoreboard_q_reg[0][csr_src][5]/D","setup"
3812,-0.081,5.000,4.507,0,"student_top_inst/cpu_rst_sync_reg/C","student_top_inst/Core_cpu/u_core_top/store_q_reg[0][wdata][27]/R","setup"
3813,-0.081,5.000,4.671,11,"student_top_inst/Core_cpu/u_core_top/scoreboard_q_reg[4][fu][0]/C","student_top_inst/Core_cpu/u_core_top/scoreboard_q_reg[6][csr_src][19]/R","setup"
3814,-0.081,5.000,4.671,11,"student_top_inst/Core_cpu/u_core_top/scoreboard_q_reg[4][fu][0]/C","student_top_inst/Core_cpu/u_core_top/scoreboard_q_reg[6][csr_src][21]/R","setup"
3815,-0.081,5.000,4.671,11,"student_top_inst/Core_cpu/u_core_top/scoreboard_q_reg[4][fu][0]/C","student_top_inst/Core_cpu/u_core_top/scoreboard_q_reg[6][csr_src][22]/R","setup"
3816,-0.081,5.000,4.671,11,"student_top_inst/Core_cpu/u_core_top/scoreboard_q_reg[4][fu][0]/C","student_top_inst/Core_cpu/u_core_top/scoreboard_q_reg[6][csr_src][6]/R","setup"
3817,-0.080,5.000,5.036,8,"student_top_inst/Core_cpu/u_core_top/u_muldiv/b_q_reg[22]/C","student_top_inst/Core_cpu/u_core_top/scoreboard_q_reg[7][csr_src][16]/D","setup"
3818,-0.080,5.000,4.320,0,"student_top_inst/cpu_rst_sync_reg/C","student_top_inst/Core_cpu/u_core_top/u_regfile/regs_q_reg[31][10]/R","setup"
3819,-0.080,5.000,4.705,6,"student_top_inst/Core_cpu/u_core_top/commit_ptr_q_reg[2]_rep/C","student_top_inst/Core_cpu/u_core_top/u_csr/mscratch_q_reg[0]/D","setup"
3820,-0.080,5.000,5.044,8,"student_top_inst/Core_cpu/u_core_top/u_muldiv/b_q_reg[22]/C","student_top_inst/Core_cpu/u_core_top/scoreboard_q_reg[1][csr_src][16]/D","setup"
3821,-0.080,5.000,4.922,7,"student_top_inst/Core_cpu/u_core_top/u_dcache/g_data_bank[3].u_data_bank/mem_q_reg_0/CLKBWRCLK","student_top_inst/Core_cpu/u_core_top/scoreboard_q_reg[7][result][31]/D","setup"
3822,-0.078,5.000,5.171,1,"student_top_inst/Core_cpu/u_core_top/u_dmem_regslice/req_wdata_q_reg[7]/C","student_top_inst/mem_bridge/dram_adapter/dram/U0/inst_blk_mem_gen/gnbram.gnativebmg.native_blk_mem_gen/valid.cstr/ramloop[6].ram.r/prim_init.ram/DEVICE_7SERIES.NO_BMM_INFO.SP.SIMPLE_PRIM36.ram/DIADI[7]","setup"
3823,-0.078,5.000,4.742,1,"student_top_inst/cpu_rst_sync_reg/C","student_top_inst/Core_cpu/u_core_top/id_valid_q_reg/D","setup"
3824,-0.078,5.000,4.869,0,"student_top_inst/Core_cpu/u_core_top/u_dmem_regslice/req_addr_q_reg[3]/C","student_top_inst/mem_bridge/dram_adapter/dram/U0/inst_blk_mem_gen/gnbram.gnativebmg.native_blk_mem_gen/valid.cstr/ramloop[56].ram.r/prim_init.ram/DEVICE_7SERIES.NO_BMM_INFO.SP.SIMPLE_PRIM36.ram/ADDRARDADDR[4]","setup"
3825,-0.078,5.000,4.940,0,"student_top_inst/Core_cpu/u_core_top/u_dmem_regslice/req_addr_q_reg[13]/C","student_top_inst/mem_bridge/dram_adapter/dram/U0/inst_blk_mem_gen/gnbram.gnativebmg.native_blk_mem_gen/valid.cstr/ramloop[61].ram.r/prim_init.ram/DEVICE_7SERIES.NO_BMM_INFO.SP.SIMPLE_PRIM36.ram/ADDRARDADDR[14]","setup"
3826,-0.077,5.000,5.099,8,"student_top_inst/Core_cpu/u_core_top/id_uop_q_reg[rs1][1]/C","student_top_inst/Core_cpu/u_core_top/scoreboard_q_reg[7][done]/D","setup"
3827,-0.077,5.000,4.924,6,"student_top_inst/Core_cpu/u_core_top/u_dcache/g_data_bank[3].u_data_bank/mem_q_reg_0/CLKBWRCLK","student_top_inst/Core_cpu/u_core_top/scoreboard_q_reg[0][csr_src][2]/D","setup"
3828,-0.075,5.000,4.933,6,"student_top_inst/Core_cpu/u_core_top/u_dcache/g_data_bank[1].u_data_bank/mem_q_reg_1/CLKBWRCLK","student_top_inst/Core_cpu/u_core_top/scoreboard_q_reg[3][csr_src][19]/D","setup"
3829,-0.075,5.000,4.793,1,"student_top_inst/Core_cpu/u_core_top/u_dcache/state_q_reg[0]/C","student_top_inst/Core_cpu/u_core_top/u_dcache/tag_q_reg_r1_1344_1407_6_8/RAMA/WADR4","setup"
3830,-0.075,5.000,4.793,1,"student_top_inst/Core_cpu/u_core_top/u_dcache/state_q_reg[0]/C","student_top_inst/Core_cpu/u_core_top/u_dcache/tag_q_reg_r1_1344_1407_6_8/RAMB/WADR4","setup"
3831,-0.075,5.000,4.793,1,"student_top_inst/Core_cpu/u_core_top/u_dcache/state_q_reg[0]/C","student_top_inst/Core_cpu/u_core_top/u_dcache/tag_q_reg_r1_1344_1407_6_8/RAMC/WADR4","setup"
3832,-0.075,5.000,4.793,1,"student_top_inst/Core_cpu/u_core_top/u_dcache/state_q_reg[0]/C","student_top_inst/Core_cpu/u_core_top/u_dcache/tag_q_reg_r1_1344_1407_6_8/RAMD/WADR4","setup"
3833,-0.075,5.000,4.949,7,"student_top_inst/Core_cpu/u_core_top/u_dcache/g_data_bank[3].u_data_bank/mem_q_reg_0/CLKBWRCLK","student_top_inst/Core_cpu/u_core_top/scoreboard_q_reg[5][result][11]/D","setup"
3834,-0.075,5.000,4.934,6,"student_top_inst/Core_cpu/u_core_top/u_dcache/g_data_bank[1].u_data_bank/mem_q_reg_1/CLKBWRCLK","student_top_inst/Core_cpu/u_core_top/scoreboard_q_reg[7][csr_src][5]/D","setup"
3835,-0.075,5.000,4.523,10,"student_top_inst/Core_cpu/u_core_top/scoreboard_q_reg[4][fu][0]/C","student_top_inst/Core_cpu/u_core_top/scoreboard_q_reg[3][link_addr][17]/CE","setup"
3836,-0.075,5.000,4.523,10,"student_top_inst/Core_cpu/u_core_top/scoreboard_q_reg[4][fu][0]/C","student_top_inst/Core_cpu/u_core_top/scoreboard_q_reg[3][link_addr][19]/CE","setup"
3837,-0.075,5.000,4.523,10,"student_top_inst/Core_cpu/u_core_top/scoreboard_q_reg[4][fu][0]/C","student_top_inst/Core_cpu/u_core_top/scoreboard_q_reg[3][pc][20]/CE","setup"
3838,-0.075,5.000,4.523,10,"student_top_inst/Core_cpu/u_core_top/scoreboard_q_reg[4][fu][0]/C","student_top_inst/Core_cpu/u_core_top/scoreboard_q_reg[3][pc][26]/CE","setup"
3839,-0.075,5.000,4.523,10,"student_top_inst/Core_cpu/u_core_top/scoreboard_q_reg[4][fu][0]/C","student_top_inst/Core_cpu/u_core_top/scoreboard_q_reg[3][pc][6]/CE","setup"
3840,-0.075,5.000,4.948,7,"student_top_inst/Core_cpu/u_core_top/u_dcache/g_data_bank[3].u_data_bank/mem_q_reg_0/CLKBWRCLK","student_top_inst/Core_cpu/u_core_top/scoreboard_q_reg[2][result][30]/D","setup"
3841,-0.074,5.000,4.928,0,"student_top_inst/Core_cpu/u_core_top/u_dmem_regslice/req_addr_q_reg[9]/C","student_top_inst/mem_bridge/dram_adapter/dram/U0/inst_blk_mem_gen/gnbram.gnativebmg.native_blk_mem_gen/valid.cstr/ramloop[63].ram.r/prim_init.ram/DEVICE_7SERIES.NO_BMM_INFO.SP.SIMPLE_PRIM36.ram/ADDRARDADDR[10]","setup"
3842,-0.074,5.000,4.572,7,"student_top_inst/Core_cpu/u_core_top/scoreboard_q_reg[4][fu][0]/C","student_top_inst/Core_cpu/u_core_top/u_frontend/u_branch_predictor/ras_q_reg[5][0]/CE","setup"
3843,-0.074,5.000,4.572,7,"student_top_inst/Core_cpu/u_core_top/scoreboard_q_reg[4][fu][0]/C","student_top_inst/Core_cpu/u_core_top/u_frontend/u_branch_predictor/ras_q_reg[5][20]/CE","setup"
3844,-0.074,5.000,4.925,7,"student_top_inst/Core_cpu/u_core_top/u_dcache/g_data_bank[3].u_data_bank/mem_q_reg_0/CLKBWRCLK","student_top_inst/Core_cpu/u_core_top/scoreboard_q_reg[5][csr_src][15]/D","setup"
3845,-0.074,5.000,4.705,12,"student_top_inst/Core_cpu/u_core_top/scoreboard_q_reg[4][fu][0]/C","student_top_inst/Core_cpu/u_core_top/load_active_meta_q_reg[forward_data][12]/CE","setup"
3846,-0.074,5.000,4.705,12,"student_top_inst/Core_cpu/u_core_top/scoreboard_q_reg[4][fu][0]/C","student_top_inst/Core_cpu/u_core_top/load_active_meta_q_reg[forward_data][16]/CE","setup"
3847,-0.074,5.000,4.705,12,"student_top_inst/Core_cpu/u_core_top/scoreboard_q_reg[4][fu][0]/C","student_top_inst/Core_cpu/u_core_top/load_active_meta_q_reg[forward_data][19]/CE","setup"
3848,-0.073,5.000,4.925,7,"student_top_inst/Core_cpu/u_core_top/u_dcache/g_data_bank[3].u_data_bank/mem_q_reg_0/CLKBWRCLK","student_top_inst/Core_cpu/u_core_top/scoreboard_q_reg[7][csr_src][15]/D","setup"
3849,-0.073,5.000,4.313,0,"student_top_inst/cpu_rst_sync_reg/C","student_top_inst/Core_cpu/u_core_top/u_regfile/regs_q_reg[19][10]/R","setup"
3850,-0.073,5.000,4.313,0,"student_top_inst/cpu_rst_sync_reg/C","student_top_inst/Core_cpu/u_core_top/u_regfile/regs_q_reg[19][11]/R","setup"
3851,-0.073,5.000,4.313,0,"student_top_inst/cpu_rst_sync_reg/C","student_top_inst/Core_cpu/u_core_top/u_regfile/regs_q_reg[19][18]/R","setup"
3852,-0.073,5.000,4.714,0,"student_top_inst/Core_cpu/u_core_top/u_dmem_regslice/req_addr_q_reg[6]/C","student_top_inst/mem_bridge/dram_adapter/dram/U0/inst_blk_mem_gen/gnbram.gnativebmg.native_blk_mem_gen/valid.cstr/ramloop[44].ram.r/prim_init.ram/DEVICE_7SERIES.NO_BMM_INFO.SP.SIMPLE_PRIM36.ram/ADDRARDADDR[7]","setup"
3853,-0.072,5.000,4.663,11,"student_top_inst/Core_cpu/u_core_top/scoreboard_q_reg[4][fu][0]/C","student_top_inst/Core_cpu/u_core_top/scoreboard_q_reg[6][csr_src][17]/R","setup"
3854,-0.072,5.000,4.663,11,"student_top_inst/Core_cpu/u_core_top/scoreboard_q_reg[4][fu][0]/C","student_top_inst/Core_cpu/u_core_top/scoreboard_q_reg[6][csr_src][28]/R","setup"
3855,-0.072,5.000,4.914,7,"student_top_inst/Core_cpu/u_core_top/u_dcache/g_data_bank[3].u_data_bank/mem_q_reg_0/CLKBWRCLK","student_top_inst/Core_cpu/u_core_top/scoreboard_q_reg[5][result][20]/D","setup"
3856,-0.071,5.000,4.926,0,"student_top_inst/Core_cpu/u_core_top/u_dmem_regslice/req_addr_q_reg[13]/C","student_top_inst/mem_bridge/dram_adapter/dram/U0/inst_blk_mem_gen/gnbram.gnativebmg.native_blk_mem_gen/valid.cstr/ramloop[63].ram.r/prim_init.ram/DEVICE_7SERIES.NO_BMM_INFO.SP.SIMPLE_PRIM36.ram/ADDRARDADDR[14]","setup"
3857,-0.071,5.000,4.784,11,"student_top_inst/Core_cpu/u_core_top/scoreboard_q_reg[4][fu][0]/C","student_top_inst/Core_cpu/u_core_top/scoreboard_q_reg[5][csr_src][10]/CE","setup"
3858,-0.071,5.000,4.784,11,"student_top_inst/Core_cpu/u_core_top/scoreboard_q_reg[4][fu][0]/C","student_top_inst/Core_cpu/u_core_top/scoreboard_q_reg[5][csr_src][9]/CE","setup"
3859,-0.071,5.000,4.916,6,"student_top_inst/Core_cpu/u_core_top/u_dcache/g_data_bank[3].u_data_bank/mem_q_reg_0/CLKBWRCLK","student_top_inst/Core_cpu/u_core_top/scoreboard_q_reg[6][csr_src][2]/D","setup"
3860,-0.071,5.000,4.862,7,"student_top_inst/Core_cpu/u_core_top/id_uop_q_reg[rs1][1]/C","student_top_inst/Core_cpu/u_core_top/scoreboard_q_reg[0][csr_src][13]/CE","setup"
3861,-0.071,5.000,4.862,7,"student_top_inst/Core_cpu/u_core_top/id_uop_q_reg[rs1][1]/C","student_top_inst/Core_cpu/u_core_top/scoreboard_q_reg[0][csr_src][16]/CE","setup"
3862,-0.071,5.000,4.862,7,"student_top_inst/Core_cpu/u_core_top/id_uop_q_reg[rs1][1]/C","student_top_inst/Core_cpu/u_core_top/scoreboard_q_reg[0][csr_src][18]/CE","setup"
3863,-0.071,5.000,4.862,7,"student_top_inst/Core_cpu/u_core_top/id_uop_q_reg[rs1][1]/C","student_top_inst/Core_cpu/u_core_top/scoreboard_q_reg[0][csr_src][24]/CE","setup"
3864,-0.071,5.000,4.862,7,"student_top_inst/Core_cpu/u_core_top/id_uop_q_reg[rs1][1]/C","student_top_inst/Core_cpu/u_core_top/scoreboard_q_reg[0][csr_src][29]/CE","setup"
3865,-0.071,5.000,4.862,7,"student_top_inst/Core_cpu/u_core_top/id_uop_q_reg[rs1][1]/C","student_top_inst/Core_cpu/u_core_top/scoreboard_q_reg[0][csr_src][30]/CE","setup"
3866,-0.070,5.000,4.716,6,"student_top_inst/Core_cpu/u_core_top/commit_ptr_q_reg[2]_rep/C","student_top_inst/Core_cpu/u_core_top/u_csr/mtvec_q_reg[7]/D","setup"
3867,-0.069,5.000,4.841,5,"student_top_inst/mem_bridge/dram_adapter/dram/U0/inst_blk_mem_gen/gnbram.gnativebmg.native_blk_mem_gen/valid.cstr/has_mux_a.A/no_softecc_norm_sel2.has_mem_regs.WITHOUT_ECC_PIPE.ce_pri.sel_pipe_d1_reg[2]/C","student_top_inst/Core_cpu/u_core_top/u_dmem_regslice/resp_rdata_q_reg[12]/D","setup"
3868,-0.069,5.000,4.494,0,"student_top_inst/cpu_rst_sync_reg/C","student_top_inst/Core_cpu/u_core_top/store_q_reg[3][wdata][15]/R","setup"
3869,-0.069,5.000,4.744,7,"student_top_inst/Core_cpu/u_core_top/commit_ptr_q_reg[2]_rep/C","student_top_inst/Core_cpu/u_core_top/u_csr/mstatus_q_reg[16]/D","setup"
3870,-0.069,5.000,4.872,7,"student_top_inst/Core_cpu/u_core_top/exec_q_reg[op2][4]/C","student_top_inst/Core_cpu/u_core_top/scoreboard_q_reg[4][csr_src][14]/D","setup"
3871,-0.069,5.000,4.946,6,"student_top_inst/Core_cpu/u_core_top/u_dcache/g_data_bank[3].u_data_bank/mem_q_reg_0/CLKBWRCLK","student_top_inst/Core_cpu/u_core_top/scoreboard_q_reg[4][result][3]/D","setup"
3872,-0.069,5.000,4.660,10,"student_top_inst/Core_cpu/u_core_top/scoreboard_q_reg[4][fu][0]/C","student_top_inst/Core_cpu/u_core_top/u_dcache/g_data_bank[3].u_data_bank/mem_q_reg_0/ENBWREN","setup"
3873,-0.068,5.000,5.103,1,"student_top_inst/Core_cpu/u_core_top/u_dmem_regslice/req_wdata_q_reg[7]/C","student_top_inst/mem_bridge/dram_adapter/dram/U0/inst_blk_mem_gen/gnbram.gnativebmg.native_blk_mem_gen/valid.cstr/ramloop[5].ram.r/prim_init.ram/DEVICE_7SERIES.NO_BMM_INFO.SP.SIMPLE_PRIM36.ram/DIADI[7]","setup"
3874,-0.068,5.000,4.713,6,"student_top_inst/Core_cpu/u_core_top/commit_ptr_q_reg[2]_rep/C","student_top_inst/Core_cpu/u_core_top/u_csr/mscratch_q_reg[11]/D","setup"
3875,-0.068,5.000,4.659,11,"student_top_inst/Core_cpu/u_core_top/scoreboard_q_reg[4][fu][0]/C","student_top_inst/Core_cpu/u_core_top/scoreboard_q_reg[6][csr_src][20]/R","setup"
3876,-0.068,5.000,4.950,7,"student_top_inst/Core_cpu/u_core_top/u_dcache/g_data_bank[3].u_data_bank/mem_q_reg_0/CLKBWRCLK","student_top_inst/Core_cpu/u_core_top/scoreboard_q_reg[0][csr_src][31]/D","setup"
3877,-0.068,5.000,4.767,0,"student_top_inst/Core_cpu/u_core_top/u_dmem_regslice/req_addr_q_reg[6]/C","student_top_inst/mem_bridge/dram_adapter/dram/U0/inst_blk_mem_gen/gnbram.gnativebmg.native_blk_mem_gen/valid.cstr/ramloop[52].ram.r/prim_init.ram/DEVICE_7SERIES.NO_BMM_INFO.SP.SIMPLE_PRIM36.ram/ADDRARDADDR[7]","setup"
3878,-0.068,5.000,4.746,7,"student_top_inst/Core_cpu/u_core_top/commit_ptr_q_reg[2]_rep/C","student_top_inst/Core_cpu/u_core_top/u_csr/mstatus_q_reg[9]/D","setup"
3879,-0.067,5.000,4.278,0,"student_top_inst/cpu_rst_sync_reg/C","student_top_inst/Core_cpu/u_core_top/branch_target_reg[13]/R","setup"
3880,-0.067,5.000,4.959,7,"student_top_inst/Core_cpu/u_core_top/u_dcache/g_data_bank[3].u_data_bank/mem_q_reg_0/CLKBWRCLK","student_top_inst/Core_cpu/u_core_top/scoreboard_q_reg[0][csr_src][12]/D","setup"
3881,-0.067,5.000,4.760,11,"student_top_inst/Core_cpu/u_core_top/scoreboard_q_reg[4][fu][0]/C","student_top_inst/Core_cpu/u_core_top/scoreboard_q_reg[7][csr_src][11]/CE","setup"
3882,-0.067,5.000,4.760,11,"student_top_inst/Core_cpu/u_core_top/scoreboard_q_reg[4][fu][0]/C","student_top_inst/Core_cpu/u_core_top/scoreboard_q_reg[7][csr_src][12]/CE","setup"
3883,-0.067,5.000,4.760,11,"student_top_inst/Core_cpu/u_core_top/scoreboard_q_reg[4][fu][0]/C","student_top_inst/Core_cpu/u_core_top/scoreboard_q_reg[7][csr_src][15]/CE","setup"
3884,-0.067,5.000,4.760,11,"student_top_inst/Core_cpu/u_core_top/scoreboard_q_reg[4][fu][0]/C","student_top_inst/Core_cpu/u_core_top/scoreboard_q_reg[7][csr_src][5]/CE","setup"
3885,-0.067,5.000,4.326,8,"student_top_inst/Core_cpu/u_core_top/scoreboard_q_reg[4][fu][0]/C","student_top_inst/Core_cpu/u_core_top/u_frontend/u_fetch_queue/entries_q_reg[3][pred_next_pc]_0_3_18_23/RAMA/WE","setup"
3886,-0.067,5.000,4.326,8,"student_top_inst/Core_cpu/u_core_top/scoreboard_q_reg[4][fu][0]/C","student_top_inst/Core_cpu/u_core_top/u_frontend/u_fetch_queue/entries_q_reg[3][pred_next_pc]_0_3_18_23/RAMA_D1/WE","setup"
3887,-0.067,5.000,4.326,8,"student_top_inst/Core_cpu/u_core_top/scoreboard_q_reg[4][fu][0]/C","student_top_inst/Core_cpu/u_core_top/u_frontend/u_fetch_queue/entries_q_reg[3][pred_next_pc]_0_3_18_23/RAMB/WE","setup"
3888,-0.067,5.000,4.326,8,"student_top_inst/Core_cpu/u_core_top/scoreboard_q_reg[4][fu][0]/C","student_top_inst/Core_cpu/u_core_top/u_frontend/u_fetch_queue/entries_q_reg[3][pred_next_pc]_0_3_18_23/RAMB_D1/WE","setup"
3889,-0.067,5.000,4.326,8,"student_top_inst/Core_cpu/u_core_top/scoreboard_q_reg[4][fu][0]/C","student_top_inst/Core_cpu/u_core_top/u_frontend/u_fetch_queue/entries_q_reg[3][pred_next_pc]_0_3_18_23/RAMC/WE","setup"
3890,-0.067,5.000,4.326,8,"student_top_inst/Core_cpu/u_core_top/scoreboard_q_reg[4][fu][0]/C","student_top_inst/Core_cpu/u_core_top/u_frontend/u_fetch_queue/entries_q_reg[3][pred_next_pc]_0_3_18_23/RAMC_D1/WE","setup"
3891,-0.067,5.000,4.326,8,"student_top_inst/Core_cpu/u_core_top/scoreboard_q_reg[4][fu][0]/C","student_top_inst/Core_cpu/u_core_top/u_frontend/u_fetch_queue/entries_q_reg[3][pred_next_pc]_0_3_18_23/RAMD/WE","setup"
3892,-0.067,5.000,4.326,8,"student_top_inst/Core_cpu/u_core_top/scoreboard_q_reg[4][fu][0]/C","student_top_inst/Core_cpu/u_core_top/u_frontend/u_fetch_queue/entries_q_reg[3][pred_next_pc]_0_3_18_23/RAMD_D1/WE","setup"
3893,-0.067,5.000,4.911,6,"student_top_inst/Core_cpu/u_core_top/u_dcache/g_data_bank[3].u_data_bank/mem_q_reg_0/CLKBWRCLK","student_top_inst/Core_cpu/u_core_top/scoreboard_q_reg[3][result][7]/D","setup"
3894,-0.067,5.000,4.986,11,"student_top_inst/Core_cpu/u_core_top/store_head_q_reg[0]/C","student_top_inst/Core_cpu/u_core_top/load_q_reg[1][forward_data][23]/D","setup"
3895,-0.066,5.000,4.907,7,"student_top_inst/Core_cpu/u_core_top/u_dcache/g_data_bank[3].u_data_bank/mem_q_reg_0/CLKBWRCLK","student_top_inst/Core_cpu/u_core_top/scoreboard_q_reg[5][result][26]/D","setup"
3896,-0.066,5.000,4.568,7,"student_top_inst/Core_cpu/u_core_top/scoreboard_q_reg[4][fu][0]/C","student_top_inst/Core_cpu/u_core_top/u_frontend/u_branch_predictor/ras_q_reg[4][10]/CE","setup"
3897,-0.066,5.000,4.568,7,"student_top_inst/Core_cpu/u_core_top/scoreboard_q_reg[4][fu][0]/C","student_top_inst/Core_cpu/u_core_top/u_frontend/u_branch_predictor/ras_q_reg[4][12]/CE","setup"
3898,-0.066,5.000,4.937,0,"student_top_inst/Core_cpu/u_core_top/u_dmem_regslice/req_addr_q_reg[8]/C","student_top_inst/mem_bridge/dram_adapter/dram/U0/inst_blk_mem_gen/gnbram.gnativebmg.native_blk_mem_gen/valid.cstr/ramloop[59].ram.r/prim_init.ram/DEVICE_7SERIES.NO_BMM_INFO.SP.SIMPLE_PRIM36.ram/ADDRARDADDR[9]","setup"
3899,-0.066,5.000,4.934,7,"student_top_inst/Core_cpu/u_core_top/u_dcache/g_data_bank[1].u_data_bank/mem_q_reg_1/CLKBWRCLK","student_top_inst/Core_cpu/u_core_top/exec_q_reg[op2][5]/D","setup"
3900,-0.066,5.000,4.808,5,"student_top_inst/mem_bridge/dram_adapter/dram/U0/inst_blk_mem_gen/gnbram.gnativebmg.native_blk_mem_gen/valid.cstr/has_mux_a.A/no_softecc_norm_sel2.has_mem_regs.WITHOUT_ECC_PIPE.ce_pri.sel_pipe_d1_reg[2]/C","student_top_inst/Core_cpu/u_core_top/u_dmem_regslice/resp_rdata_q_reg[1]/D","setup"
3901,-0.065,5.000,4.938,11,"student_top_inst/Core_cpu/u_core_top/store_head_q_reg[0]/C","student_top_inst/Core_cpu/u_core_top/load_q_reg[0][forward_data][18]/D","setup"
3902,-0.065,5.000,4.941,10,"student_top_inst/Core_cpu/u_core_top/store_head_q_reg[0]/C","student_top_inst/Core_cpu/u_core_top/load_q_reg[0][forward_data][7]/D","setup"
3903,-0.064,5.000,4.750,13,"student_top_inst/Core_cpu/u_core_top/scoreboard_q_reg[4][fu][0]/C","student_top_inst/Core_cpu/u_core_top/load_q_reg[1][forward_data][0]/CE","setup"
3904,-0.064,5.000,4.278,0,"student_top_inst/cpu_rst_sync_reg/C","student_top_inst/Core_cpu/u_core_top/u_frontend/u_branch_predictor/valid_q_reg[1]/R","setup"
3905,-0.064,5.000,4.278,0,"student_top_inst/cpu_rst_sync_reg/C","student_top_inst/Core_cpu/u_core_top/u_frontend/u_branch_predictor/valid_q_reg[2]/R","setup"
3906,-0.064,5.000,4.278,0,"student_top_inst/cpu_rst_sync_reg/C","student_top_inst/Core_cpu/u_core_top/u_frontend/u_branch_predictor/valid_q_reg[3]/R","setup"
3907,-0.064,5.000,4.278,0,"student_top_inst/cpu_rst_sync_reg/C","student_top_inst/Core_cpu/u_core_top/u_frontend/u_branch_predictor/valid_q_reg[4]/R","setup"
3908,-0.064,5.000,4.931,0,"student_top_inst/Core_cpu/u_core_top/u_dmem_regslice/req_addr_q_reg[9]/C","student_top_inst/mem_bridge/dram_adapter/dram/U0/inst_blk_mem_gen/gnbram.gnativebmg.native_blk_mem_gen/valid.cstr/ramloop[55].ram.r/prim_init.ram/DEVICE_7SERIES.NO_BMM_INFO.SP.SIMPLE_PRIM36.ram/ADDRARDADDR[10]","setup"
3909,-0.064,5.000,4.534,10,"student_top_inst/Core_cpu/u_core_top/scoreboard_q_reg[4][fu][0]/C","student_top_inst/Core_cpu/u_core_top/scoreboard_q_reg[0][fu][0]/CE","setup"
3910,-0.064,5.000,4.534,10,"student_top_inst/Core_cpu/u_core_top/scoreboard_q_reg[4][fu][0]/C","student_top_inst/Core_cpu/u_core_top/scoreboard_q_reg[0][fu][2]/CE","setup"
3911,-0.063,5.000,4.486,0,"student_top_inst/cpu_rst_sync_reg/C","student_top_inst/Core_cpu/u_core_top/u_regfile/regs_q_reg[4][6]/R","setup"
3912,-0.063,5.000,4.921,6,"student_top_inst/Core_cpu/u_core_top/u_dcache/g_data_bank[1].u_data_bank/mem_q_reg_1/CLKBWRCLK","student_top_inst/Core_cpu/u_core_top/scoreboard_q_reg[0][csr_src][19]/D","setup"
3913,-0.063,5.000,4.589,10,"student_top_inst/Core_cpu/u_core_top/scoreboard_q_reg[4][fu][0]/C","student_top_inst/Core_cpu/u_core_top/scoreboard_q_reg[5][result][21]/R","setup"
3914,-0.063,5.000,4.589,10,"student_top_inst/Core_cpu/u_core_top/scoreboard_q_reg[4][fu][0]/C","student_top_inst/Core_cpu/u_core_top/scoreboard_q_reg[5][result][25]/R","setup"
3915,-0.063,5.000,4.589,10,"student_top_inst/Core_cpu/u_core_top/scoreboard_q_reg[4][fu][0]/C","student_top_inst/Core_cpu/u_core_top/scoreboard_q_reg[5][result][29]/R","setup"
3916,-0.063,5.000,4.756,0,"student_top_inst/Core_cpu/u_core_top/u_dmem_regslice/req_addr_q_reg[6]/C","student_top_inst/mem_bridge/dram_adapter/dram/U0/inst_blk_mem_gen/gnbram.gnativebmg.native_blk_mem_gen/valid.cstr/ramloop[8].ram.r/prim_init.ram/DEVICE_7SERIES.NO_BMM_INFO.SP.SIMPLE_PRIM36.ram/ADDRARDADDR[7]","setup"
3917,-0.062,5.000,4.954,10,"student_top_inst/Core_cpu/u_core_top/store_head_q_reg[0]/C","student_top_inst/Core_cpu/u_core_top/load_q_reg[0][forward_data][6]/D","setup"
3918,-0.062,5.000,4.852,0,"student_top_inst/Core_cpu/u_core_top/u_dmem_regslice/req_addr_q_reg[9]/C","student_top_inst/mem_bridge/dram_adapter/dram/U0/inst_blk_mem_gen/gnbram.gnativebmg.native_blk_mem_gen/valid.cstr/ramloop[12].ram.r/prim_init.ram/DEVICE_7SERIES.NO_BMM_INFO.SP.SIMPLE_PRIM36.ram/ADDRARDADDR[10]","setup"
3919,-0.061,5.000,4.903,7,"student_top_inst/Core_cpu/u_core_top/u_dcache/g_data_bank[3].u_data_bank/mem_q_reg_0/CLKBWRCLK","student_top_inst/Core_cpu/u_core_top/scoreboard_q_reg[4][result][21]/D","setup"
3920,-0.061,5.000,4.913,0,"student_top_inst/Core_cpu/u_core_top/u_dmem_regslice/req_addr_q_reg[11]/C","student_top_inst/mem_bridge/dram_adapter/dram/U0/inst_blk_mem_gen/gnbram.gnativebmg.native_blk_mem_gen/valid.cstr/ramloop[63].ram.r/prim_init.ram/DEVICE_7SERIES.NO_BMM_INFO.SP.SIMPLE_PRIM36.ram/ADDRARDADDR[12]","setup"
3921,-0.060,5.000,4.702,6,"student_top_inst/Core_cpu/u_core_top/commit_ptr_q_reg[2]_rep/C","student_top_inst/Core_cpu/u_core_top/u_csr/mcause_q_reg[15]/D","setup"
3922,-0.060,5.000,4.902,7,"student_top_inst/Core_cpu/u_core_top/u_dcache/g_data_bank[3].u_data_bank/mem_q_reg_0/CLKBWRCLK","student_top_inst/Core_cpu/u_core_top/scoreboard_q_reg[0][result][16]/D","setup"
3923,-0.060,5.000,4.923,5,"student_top_inst/Core_cpu/u_core_top/u_dcache/g_data_bank[3].u_data_bank/mem_q_reg_0/CLKBWRCLK","student_top_inst/Core_cpu/u_core_top/scoreboard_q_reg[1][csr_src][6]/D","setup"
3924,-0.060,5.000,4.755,11,"student_top_inst/Core_cpu/u_core_top/scoreboard_q_reg[4][fu][0]/C","student_top_inst/Core_cpu/u_core_top/scoreboard_q_reg[4][csr_src][1]/CE","setup"
3925,-0.060,5.000,4.755,11,"student_top_inst/Core_cpu/u_core_top/scoreboard_q_reg[4][fu][0]/C","student_top_inst/Core_cpu/u_core_top/scoreboard_q_reg[4][link_addr][9]/CE","setup"
3926,-0.059,5.000,4.786,5,"student_top_inst/mem_bridge/dram_adapter/dram/U0/inst_blk_mem_gen/gnbram.gnativebmg.native_blk_mem_gen/valid.cstr/ramloop[35].ram.r/prim_init.ram/DEVICE_7SERIES.NO_BMM_INFO.SP.SIMPLE_PRIM36.ram/CLKARDCLK","student_top_inst/Core_cpu/u_core_top/u_dmem_regslice/resp_rdata_q_reg[8]/D","setup"
3927,-0.059,5.000,4.899,7,"student_top_inst/Core_cpu/u_core_top/u_dcache/g_data_bank[3].u_data_bank/mem_q_reg_0/CLKBWRCLK","student_top_inst/Core_cpu/u_core_top/scoreboard_q_reg[3][result][17]/D","setup"
3928,-0.059,5.000,5.082,8,"student_top_inst/Core_cpu/u_core_top/id_uop_q_reg[rs1][1]/C","student_top_inst/Core_cpu/u_core_top/scoreboard_q_reg[0][store_slot][1]/D","setup"
3929,-0.058,5.000,4.740,7,"student_top_inst/Core_cpu/u_core_top/commit_ptr_q_reg[2]_rep/C","student_top_inst/Core_cpu/u_core_top/u_csr/mstatus_q_reg[7]/D","setup"
3930,-0.058,5.000,4.852,0,"student_top_inst/Core_cpu/u_core_top/u_dmem_regslice/req_addr_q_reg[6]/C","student_top_inst/mem_bridge/dram_adapter/dram/U0/inst_blk_mem_gen/gnbram.gnativebmg.native_blk_mem_gen/valid.cstr/ramloop[56].ram.r/prim_init.ram/DEVICE_7SERIES.NO_BMM_INFO.SP.SIMPLE_PRIM36.ram/ADDRARDADDR[7]","setup"
3931,-0.058,5.000,4.648,11,"student_top_inst/Core_cpu/u_core_top/scoreboard_q_reg[4][fu][0]/C","student_top_inst/Core_cpu/u_core_top/scoreboard_q_reg[6][csr_src][8]/R","setup"
3932,-0.058,5.000,4.847,7,"student_top_inst/Core_cpu/u_core_top/id_uop_q_reg[rs1][1]/C","student_top_inst/Core_cpu/u_core_top/scoreboard_q_reg[3][csr_src][10]/CE","setup"
3933,-0.058,5.000,4.847,7,"student_top_inst/Core_cpu/u_core_top/id_uop_q_reg[rs1][1]/C","student_top_inst/Core_cpu/u_core_top/scoreboard_q_reg[3][csr_src][12]/CE","setup"
3934,-0.058,5.000,4.847,7,"student_top_inst/Core_cpu/u_core_top/id_uop_q_reg[rs1][1]/C","student_top_inst/Core_cpu/u_core_top/scoreboard_q_reg[3][csr_src][9]/CE","setup"
3935,-0.058,5.000,4.848,7,"student_top_inst/Core_cpu/u_core_top/id_uop_q_reg[rs1][1]/C","student_top_inst/Core_cpu/u_core_top/scoreboard_q_reg[1][csr_src][2]/CE","setup"
3936,-0.058,5.000,4.901,5,"student_top_inst/Core_cpu/u_core_top/u_dcache/g_data_bank[3].u_data_bank/mem_q_reg_0/CLKBWRCLK","student_top_inst/Core_cpu/u_core_top/scoreboard_q_reg[0][result][6]/D","setup"
3937,-0.057,5.000,4.897,7,"student_top_inst/Core_cpu/u_core_top/u_dcache/g_data_bank[3].u_data_bank/mem_q_reg_0/CLKBWRCLK","student_top_inst/Core_cpu/u_core_top/scoreboard_q_reg[5][result][16]/D","setup"
3938,-0.057,5.000,4.758,6,"student_top_inst/Core_cpu/u_core_top/commit_ptr_q_reg[2]_rep/C","student_top_inst/Core_cpu/u_core_top/wb_data_q_reg[23]/D","setup"
3939,-0.057,5.000,4.741,7,"student_top_inst/Core_cpu/u_core_top/commit_ptr_q_reg[2]_rep/C","student_top_inst/Core_cpu/u_core_top/u_csr/mstatus_q_reg[12]/D","setup"
3940,-0.057,5.000,4.683,6,"student_top_inst/Core_cpu/u_core_top/commit_ptr_q_reg[2]_rep/C","student_top_inst/Core_cpu/u_core_top/u_csr/mcause_q_reg[16]/D","setup"
3941,-0.057,5.000,4.928,0,"student_top_inst/Core_cpu/u_core_top/u_dmem_regslice/req_addr_q_reg[5]/C","student_top_inst/mem_bridge/dram_adapter/dram/U0/inst_blk_mem_gen/gnbram.gnativebmg.native_blk_mem_gen/valid.cstr/ramloop[59].ram.r/prim_init.ram/DEVICE_7SERIES.NO_BMM_INFO.SP.SIMPLE_PRIM36.ram/ADDRARDADDR[6]","setup"
3942,-0.057,5.000,4.320,0,"student_top_inst/cpu_rst_sync_reg/C","student_top_inst/Core_cpu/u_core_top/u_regfile/regs_q_reg[27][10]/R","setup"
3943,-0.057,5.000,4.688,11,"student_top_inst/Core_cpu/u_core_top/scoreboard_q_reg[4][fu][0]/C","student_top_inst/Core_cpu/u_core_top/scoreboard_q_reg[4][rd][1]/CE","setup"
3944,-0.057,5.000,4.688,11,"student_top_inst/Core_cpu/u_core_top/scoreboard_q_reg[4][fu][0]/C","student_top_inst/Core_cpu/u_core_top/scoreboard_q_reg[4][rd][3]/CE","setup"
3945,-0.057,5.000,4.688,11,"student_top_inst/Core_cpu/u_core_top/scoreboard_q_reg[4][fu][0]/C","student_top_inst/Core_cpu/u_core_top/scoreboard_q_reg[4][writes_rd]/CE","setup"
3946,-0.057,5.000,4.894,7,"student_top_inst/Core_cpu/u_core_top/u_dcache/g_data_bank[1].u_data_bank/mem_q_reg_1/CLKBWRCLK","student_top_inst/Core_cpu/u_core_top/exec_q_reg[op2][12]/D","setup"
3947,-0.057,5.000,4.851,7,"student_top_inst/Core_cpu/u_core_top/id_uop_q_reg[rs1][1]/C","student_top_inst/Core_cpu/u_core_top/scoreboard_q_reg[1][link_addr][13]/CE","setup"
3948,-0.057,5.000,4.851,7,"student_top_inst/Core_cpu/u_core_top/id_uop_q_reg[rs1][1]/C","student_top_inst/Core_cpu/u_core_top/scoreboard_q_reg[1][link_addr][20]/CE","setup"
3949,-0.057,5.000,4.851,7,"student_top_inst/Core_cpu/u_core_top/id_uop_q_reg[rs1][1]/C","student_top_inst/Core_cpu/u_core_top/scoreboard_q_reg[1][link_addr][2]/CE","setup"
3950,-0.057,5.000,4.851,7,"student_top_inst/Core_cpu/u_core_top/id_uop_q_reg[rs1][1]/C","student_top_inst/Core_cpu/u_core_top/scoreboard_q_reg[1][link_addr][9]/CE","setup"
3951,-0.056,5.000,4.806,5,"student_top_inst/mem_bridge/dram_adapter/dram/U0/inst_blk_mem_gen/gnbram.gnativebmg.native_blk_mem_gen/valid.cstr/has_mux_a.A/no_softecc_norm_sel2.has_mem_regs.WITHOUT_ECC_PIPE.ce_pri.sel_pipe_d1_reg[2]/C","student_top_inst/Core_cpu/u_core_top/u_dmem_regslice/resp_rdata_q_reg[3]/D","setup"
3952,-0.055,5.000,4.314,8,"student_top_inst/Core_cpu/u_core_top/scoreboard_q_reg[4][fu][0]/C","student_top_inst/Core_cpu/u_core_top/u_frontend/u_fetch_queue/entries_q_reg[3][pred_next_pc]_0_3_6_11/RAMA/WE","setup"
3953,-0.055,5.000,4.314,8,"student_top_inst/Core_cpu/u_core_top/scoreboard_q_reg[4][fu][0]/C","student_top_inst/Core_cpu/u_core_top/u_frontend/u_fetch_queue/entries_q_reg[3][pred_next_pc]_0_3_6_11/RAMA_D1/WE","setup"
3954,-0.055,5.000,4.314,8,"student_top_inst/Core_cpu/u_core_top/scoreboard_q_reg[4][fu][0]/C","student_top_inst/Core_cpu/u_core_top/u_frontend/u_fetch_queue/entries_q_reg[3][pred_next_pc]_0_3_6_11/RAMB/WE","setup"
3955,-0.055,5.000,4.314,8,"student_top_inst/Core_cpu/u_core_top/scoreboard_q_reg[4][fu][0]/C","student_top_inst/Core_cpu/u_core_top/u_frontend/u_fetch_queue/entries_q_reg[3][pred_next_pc]_0_3_6_11/RAMB_D1/WE","setup"
3956,-0.055,5.000,4.314,8,"student_top_inst/Core_cpu/u_core_top/scoreboard_q_reg[4][fu][0]/C","student_top_inst/Core_cpu/u_core_top/u_frontend/u_fetch_queue/entries_q_reg[3][pred_next_pc]_0_3_6_11/RAMC/WE","setup"
3957,-0.055,5.000,4.314,8,"student_top_inst/Core_cpu/u_core_top/scoreboard_q_reg[4][fu][0]/C","student_top_inst/Core_cpu/u_core_top/u_frontend/u_fetch_queue/entries_q_reg[3][pred_next_pc]_0_3_6_11/RAMC_D1/WE","setup"
3958,-0.055,5.000,4.314,8,"student_top_inst/Core_cpu/u_core_top/scoreboard_q_reg[4][fu][0]/C","student_top_inst/Core_cpu/u_core_top/u_frontend/u_fetch_queue/entries_q_reg[3][pred_next_pc]_0_3_6_11/RAMD/WE","setup"
3959,-0.055,5.000,4.314,8,"student_top_inst/Core_cpu/u_core_top/scoreboard_q_reg[4][fu][0]/C","student_top_inst/Core_cpu/u_core_top/u_frontend/u_fetch_queue/entries_q_reg[3][pred_next_pc]_0_3_6_11/RAMD_D1/WE","setup"
3960,-0.055,5.000,4.922,10,"student_top_inst/Core_cpu/u_core_top/store_head_q_reg[0]/C","student_top_inst/Core_cpu/u_core_top/load_q_reg[1][forward_data][6]/D","setup"
3961,-0.055,5.000,4.348,1,"student_top_inst/cpu_rst_sync_reg/C","student_top_inst/Core_cpu/u_core_top/u_frontend/u_branch_predictor/tag_q_reg_0_63_11_11/DP/WE","setup"
3962,-0.055,5.000,4.348,1,"student_top_inst/cpu_rst_sync_reg/C","student_top_inst/Core_cpu/u_core_top/u_frontend/u_branch_predictor/tag_q_reg_0_63_11_11/SP/WE","setup"
3963,-0.055,5.000,4.348,1,"student_top_inst/cpu_rst_sync_reg/C","student_top_inst/Core_cpu/u_core_top/u_frontend/u_branch_predictor/tag_q_reg_0_63_12_12/DP/WE","setup"
3964,-0.055,5.000,4.348,1,"student_top_inst/cpu_rst_sync_reg/C","student_top_inst/Core_cpu/u_core_top/u_frontend/u_branch_predictor/tag_q_reg_0_63_12_12/SP/WE","setup"
3965,-0.055,5.000,5.092,1,"student_top_inst/Core_cpu/u_core_top/u_dmem_regslice/req_wdata_q_reg[7]/C","student_top_inst/mem_bridge/dram_adapter/dram/U0/inst_blk_mem_gen/gnbram.gnativebmg.native_blk_mem_gen/valid.cstr/ramloop[13].ram.r/prim_init.ram/DEVICE_7SERIES.NO_BMM_INFO.SP.SIMPLE_PRIM36.ram/DIADI[7]","setup"
3966,-0.055,5.000,4.899,6,"student_top_inst/Core_cpu/u_core_top/u_dcache/g_data_bank[3].u_data_bank/mem_q_reg_0/CLKBWRCLK","student_top_inst/Core_cpu/u_core_top/scoreboard_q_reg[1][result][7]/D","setup"
3967,-0.055,5.000,4.895,7,"student_top_inst/Core_cpu/u_core_top/u_dcache/g_data_bank[1].u_data_bank/mem_q_reg_1/CLKBWRCLK","student_top_inst/Core_cpu/u_core_top/exec_q_reg[op2][26]/D","setup"
3968,-0.054,5.000,4.502,11,"student_top_inst/Core_cpu/u_core_top/scoreboard_q_reg[4][fu][0]/C","student_top_inst/Core_cpu/u_core_top/scoreboard_q_reg[7][link_addr][19]/CE","setup"
3969,-0.054,5.000,4.502,11,"student_top_inst/Core_cpu/u_core_top/scoreboard_q_reg[4][fu][0]/C","student_top_inst/Core_cpu/u_core_top/scoreboard_q_reg[7][link_addr][27]/CE","setup"
3970,-0.054,5.000,4.502,11,"student_top_inst/Core_cpu/u_core_top/scoreboard_q_reg[4][fu][0]/C","student_top_inst/Core_cpu/u_core_top/scoreboard_q_reg[7][link_addr][8]/CE","setup"
3971,-0.054,5.000,4.502,11,"student_top_inst/Core_cpu/u_core_top/scoreboard_q_reg[4][fu][0]/C","student_top_inst/Core_cpu/u_core_top/scoreboard_q_reg[7][pc][13]/CE","setup"
3972,-0.054,5.000,4.502,11,"student_top_inst/Core_cpu/u_core_top/scoreboard_q_reg[4][fu][0]/C","student_top_inst/Core_cpu/u_core_top/scoreboard_q_reg[7][pc][15]/CE","setup"
3973,-0.054,5.000,4.502,11,"student_top_inst/Core_cpu/u_core_top/scoreboard_q_reg[4][fu][0]/C","student_top_inst/Core_cpu/u_core_top/scoreboard_q_reg[7][pc][21]/CE","setup"
3974,-0.054,5.000,4.502,11,"student_top_inst/Core_cpu/u_core_top/scoreboard_q_reg[4][fu][0]/C","student_top_inst/Core_cpu/u_core_top/scoreboard_q_reg[7][pc][28]/CE","setup"
3975,-0.054,5.000,4.502,11,"student_top_inst/Core_cpu/u_core_top/scoreboard_q_reg[4][fu][0]/C","student_top_inst/Core_cpu/u_core_top/scoreboard_q_reg[7][rd][2]/CE","setup"
3976,-0.054,5.000,4.848,7,"student_top_inst/Core_cpu/u_core_top/id_uop_q_reg[rs1][1]/C","student_top_inst/Core_cpu/u_core_top/scoreboard_q_reg[2][link_addr][13]/CE","setup"
3977,-0.054,5.000,4.848,7,"student_top_inst/Core_cpu/u_core_top/id_uop_q_reg[rs1][1]/C","student_top_inst/Core_cpu/u_core_top/scoreboard_q_reg[2][link_addr][6]/CE","setup"
3978,-0.053,5.000,4.771,1,"student_top_inst/Core_cpu/u_core_top/u_dcache/state_q_reg[0]/C","student_top_inst/Core_cpu/u_core_top/u_dcache/tag_q_reg_r1_1536_1599_6_8/RAMA/WADR4","setup"
3979,-0.053,5.000,4.771,1,"student_top_inst/Core_cpu/u_core_top/u_dcache/state_q_reg[0]/C","student_top_inst/Core_cpu/u_core_top/u_dcache/tag_q_reg_r1_1536_1599_6_8/RAMB/WADR4","setup"
3980,-0.053,5.000,4.771,1,"student_top_inst/Core_cpu/u_core_top/u_dcache/state_q_reg[0]/C","student_top_inst/Core_cpu/u_core_top/u_dcache/tag_q_reg_r1_1536_1599_6_8/RAMC/WADR4","setup"
3981,-0.053,5.000,4.771,1,"student_top_inst/Core_cpu/u_core_top/u_dcache/state_q_reg[0]/C","student_top_inst/Core_cpu/u_core_top/u_dcache/tag_q_reg_r1_1536_1599_6_8/RAMD/WADR4","setup"
3982,-0.053,5.000,4.900,6,"student_top_inst/Core_cpu/u_core_top/u_dcache/g_data_bank[3].u_data_bank/mem_q_reg_0/CLKBWRCLK","student_top_inst/Core_cpu/u_core_top/scoreboard_q_reg[3][csr_src][2]/D","setup"
3983,-0.053,5.000,4.265,0,"student_top_inst/cpu_rst_sync_reg/C","student_top_inst/Core_cpu/u_core_top/scoreboard_q_reg[7][csr_addr][11]/R","setup"
3984,-0.053,5.000,4.265,0,"student_top_inst/cpu_rst_sync_reg/C","student_top_inst/Core_cpu/u_core_top/scoreboard_q_reg[7][csr_addr][3]/R","setup"
3985,-0.053,5.000,4.501,10,"student_top_inst/Core_cpu/u_core_top/scoreboard_q_reg[4][fu][0]/C","student_top_inst/Core_cpu/u_core_top/scoreboard_q_reg[0][link_addr][17]/CE","setup"
3986,-0.053,5.000,4.501,10,"student_top_inst/Core_cpu/u_core_top/scoreboard_q_reg[4][fu][0]/C","student_top_inst/Core_cpu/u_core_top/scoreboard_q_reg[0][link_addr][18]/CE","setup"
3987,-0.053,5.000,4.501,10,"student_top_inst/Core_cpu/u_core_top/scoreboard_q_reg[4][fu][0]/C","student_top_inst/Core_cpu/u_core_top/scoreboard_q_reg[0][link_addr][19]/CE","setup"
3988,-0.053,5.000,4.501,10,"student_top_inst/Core_cpu/u_core_top/scoreboard_q_reg[4][fu][0]/C","student_top_inst/Core_cpu/u_core_top/scoreboard_q_reg[0][link_addr][20]/CE","setup"
3989,-0.052,5.000,4.972,1,"student_top_inst/Core_cpu/u_core_top/u_dmem_regslice/req_wdata_q_reg[7]/C","student_top_inst/mem_bridge/dram_adapter/dram/U0/inst_blk_mem_gen/gnbram.gnativebmg.native_blk_mem_gen/valid.cstr/ramloop[8].ram.r/prim_init.ram/DEVICE_7SERIES.NO_BMM_INFO.SP.SIMPLE_PRIM36.ram/DIADI[7]","setup"
3990,-0.052,5.000,5.075,8,"student_top_inst/Core_cpu/u_core_top/id_uop_q_reg[rs1][1]/C","student_top_inst/Core_cpu/u_core_top/scoreboard_q_reg[1][store_slot][1]/D","setup"
3991,-0.051,5.000,4.698,6,"student_top_inst/Core_cpu/u_core_top/commit_ptr_q_reg[2]_rep/C","student_top_inst/Core_cpu/u_core_top/u_csr/mtvec_q_reg[8]/D","setup"
3992,-0.051,5.000,4.912,5,"student_top_inst/Core_cpu/u_core_top/u_dcache/g_data_bank[3].u_data_bank/mem_q_reg_0/CLKBWRCLK","student_top_inst/Core_cpu/u_core_top/scoreboard_q_reg[7][csr_src][6]/D","setup"
3993,-0.051,5.000,4.785,11,"student_top_inst/Core_cpu/u_core_top/scoreboard_q_reg[4][fu][0]/C","student_top_inst/Core_cpu/u_core_top/scoreboard_q_reg[7][sys_op][2]/CE","setup"
3994,-0.051,5.000,4.675,13,"student_top_inst/Core_cpu/u_core_top/scoreboard_q_reg[4][fu][0]/C","student_top_inst/Core_cpu/u_core_top/load_q_reg[1][addr][0]/CE","setup"
3995,-0.051,5.000,4.675,13,"student_top_inst/Core_cpu/u_core_top/scoreboard_q_reg[4][fu][0]/C","student_top_inst/Core_cpu/u_core_top/load_q_reg[1][addr][8]/CE","setup"
3996,-0.051,5.000,4.675,13,"student_top_inst/Core_cpu/u_core_top/scoreboard_q_reg[4][fu][0]/C","student_top_inst/Core_cpu/u_core_top/load_q_reg[1][addr][9]/CE","setup"
3997,-0.051,5.000,4.675,13,"student_top_inst/Core_cpu/u_core_top/scoreboard_q_reg[4][fu][0]/C","student_top_inst/Core_cpu/u_core_top/load_q_reg[1][forward_mask][3]/CE","setup"
3998,-0.051,5.000,4.744,11,"student_top_inst/Core_cpu/u_core_top/scoreboard_q_reg[4][fu][0]/C","student_top_inst/Core_cpu/u_core_top/scoreboard_q_reg[5][csr_src][16]/CE","setup"
3999,-0.051,5.000,4.744,11,"student_top_inst/Core_cpu/u_core_top/scoreboard_q_reg[4][fu][0]/C","student_top_inst/Core_cpu/u_core_top/scoreboard_q_reg[5][csr_src][18]/CE","setup"
4000,-0.051,5.000,4.744,11,"student_top_inst/Core_cpu/u_core_top/scoreboard_q_reg[4][fu][0]/C","student_top_inst/Core_cpu/u_core_top/scoreboard_q_reg[5][csr_src][23]/CE","setup"
4001,-0.051,5.000,4.744,11,"student_top_inst/Core_cpu/u_core_top/scoreboard_q_reg[4][fu][0]/C","student_top_inst/Core_cpu/u_core_top/scoreboard_q_reg[5][csr_src][6]/CE","setup"
4002,-0.051,5.000,4.744,11,"student_top_inst/Core_cpu/u_core_top/scoreboard_q_reg[4][fu][0]/C","student_top_inst/Core_cpu/u_core_top/scoreboard_q_reg[5][csr_src][7]/CE","setup"
4003,-0.051,5.000,5.073,8,"student_top_inst/Core_cpu/u_core_top/id_uop_q_reg[rs1][1]/C","student_top_inst/Core_cpu/u_core_top/scoreboard_q_reg[1][store_slot_valid]/D","setup"
4004,-0.050,5.000,4.686,6,"student_top_inst/Core_cpu/u_core_top/commit_ptr_q_reg[2]_rep/C","student_top_inst/Core_cpu/u_core_top/u_csr/mtvec_q_reg[12]/D","setup"
4005,-0.050,5.000,4.839,0,"student_top_inst/Core_cpu/u_core_top/u_dmem_regslice/req_addr_q_reg[8]/C","student_top_inst/mem_bridge/dram_adapter/dram/U0/inst_blk_mem_gen/gnbram.gnativebmg.native_blk_mem_gen/valid.cstr/ramloop[54].ram.r/prim_init.ram/DEVICE_7SERIES.NO_BMM_INFO.SP.SIMPLE_PRIM36.ram/ADDRARDADDR[9]","setup"
4006,-0.050,5.000,4.311,8,"student_top_inst/Core_cpu/u_core_top/scoreboard_q_reg[4][fu][0]/C","student_top_inst/Core_cpu/u_core_top/u_frontend/u_fetch_queue/entries_q_reg[3][pred_next_pc]_0_3_0_5/RAMA/WE","setup"
4007,-0.050,5.000,4.311,8,"student_top_inst/Core_cpu/u_core_top/scoreboard_q_reg[4][fu][0]/C","student_top_inst/Core_cpu/u_core_top/u_frontend/u_fetch_queue/entries_q_reg[3][pred_next_pc]_0_3_0_5/RAMA_D1/WE","setup"
4008,-0.050,5.000,4.311,8,"student_top_inst/Core_cpu/u_core_top/scoreboard_q_reg[4][fu][0]/C","student_top_inst/Core_cpu/u_core_top/u_frontend/u_fetch_queue/entries_q_reg[3][pred_next_pc]_0_3_0_5/RAMB/WE","setup"
4009,-0.050,5.000,4.311,8,"student_top_inst/Core_cpu/u_core_top/scoreboard_q_reg[4][fu][0]/C","student_top_inst/Core_cpu/u_core_top/u_frontend/u_fetch_queue/entries_q_reg[3][pred_next_pc]_0_3_0_5/RAMB_D1/WE","setup"
4010,-0.050,5.000,4.311,8,"student_top_inst/Core_cpu/u_core_top/scoreboard_q_reg[4][fu][0]/C","student_top_inst/Core_cpu/u_core_top/u_frontend/u_fetch_queue/entries_q_reg[3][pred_next_pc]_0_3_0_5/RAMC/WE","setup"
4011,-0.050,5.000,4.311,8,"student_top_inst/Core_cpu/u_core_top/scoreboard_q_reg[4][fu][0]/C","student_top_inst/Core_cpu/u_core_top/u_frontend/u_fetch_queue/entries_q_reg[3][pred_next_pc]_0_3_0_5/RAMC_D1/WE","setup"
4012,-0.050,5.000,4.311,8,"student_top_inst/Core_cpu/u_core_top/scoreboard_q_reg[4][fu][0]/C","student_top_inst/Core_cpu/u_core_top/u_frontend/u_fetch_queue/entries_q_reg[3][pred_next_pc]_0_3_0_5/RAMD/WE","setup"
4013,-0.050,5.000,4.311,8,"student_top_inst/Core_cpu/u_core_top/scoreboard_q_reg[4][fu][0]/C","student_top_inst/Core_cpu/u_core_top/u_frontend/u_fetch_queue/entries_q_reg[3][pred_next_pc]_0_3_0_5/RAMD_D1/WE","setup"
4014,-0.050,5.000,4.313,0,"student_top_inst/cpu_rst_sync_reg/C","student_top_inst/Core_cpu/u_core_top/u_regfile/regs_q_reg[5][10]/R","setup"
4015,-0.050,5.000,4.313,0,"student_top_inst/cpu_rst_sync_reg/C","student_top_inst/Core_cpu/u_core_top/u_regfile/regs_q_reg[5][11]/R","setup"
4016,-0.050,5.000,4.313,0,"student_top_inst/cpu_rst_sync_reg/C","student_top_inst/Core_cpu/u_core_top/u_regfile/regs_q_reg[5][16]/R","setup"
4017,-0.050,5.000,4.313,0,"student_top_inst/cpu_rst_sync_reg/C","student_top_inst/Core_cpu/u_core_top/u_regfile/regs_q_reg[5][18]/R","setup"
4018,-0.050,5.000,4.926,5,"student_top_inst/Core_cpu/u_core_top/u_dcache/g_data_bank[3].u_data_bank/mem_q_reg_0/CLKBWRCLK","student_top_inst/Core_cpu/u_core_top/scoreboard_q_reg[4][result][6]/D","setup"
4019,-0.049,5.000,4.495,10,"student_top_inst/Core_cpu/u_core_top/scoreboard_q_reg[4][fu][0]/C","student_top_inst/Core_cpu/u_core_top/scoreboard_q_reg[3][pc][21]/CE","setup"
4020,-0.049,5.000,4.860,0,"student_top_inst/Core_cpu/u_core_top/u_dmem_regslice/req_addr_q_reg[13]/C","student_top_inst/mem_bridge/dram_adapter/dram/U0/inst_blk_mem_gen/gnbram.gnativebmg.native_blk_mem_gen/valid.cstr/ramloop[13].ram.r/prim_init.ram/DEVICE_7SERIES.NO_BMM_INFO.SP.SIMPLE_PRIM36.ram/ADDRARDADDR[14]","setup"
4021,-0.048,5.000,4.495,10,"student_top_inst/Core_cpu/u_core_top/scoreboard_q_reg[4][fu][0]/C","student_top_inst/Core_cpu/u_core_top/scoreboard_q_reg[3][csr_addr][0]/CE","setup"
4022,-0.048,5.000,4.495,10,"student_top_inst/Core_cpu/u_core_top/scoreboard_q_reg[4][fu][0]/C","student_top_inst/Core_cpu/u_core_top/scoreboard_q_reg[3][csr_addr][11]/CE","setup"
4023,-0.048,5.000,4.495,10,"student_top_inst/Core_cpu/u_core_top/scoreboard_q_reg[4][fu][0]/C","student_top_inst/Core_cpu/u_core_top/scoreboard_q_reg[3][csr_addr][5]/CE","setup"
4024,-0.048,5.000,4.495,10,"student_top_inst/Core_cpu/u_core_top/scoreboard_q_reg[4][fu][0]/C","student_top_inst/Core_cpu/u_core_top/scoreboard_q_reg[3][csr_addr][7]/CE","setup"
4025,-0.048,5.000,4.495,10,"student_top_inst/Core_cpu/u_core_top/scoreboard_q_reg[4][fu][0]/C","student_top_inst/Core_cpu/u_core_top/scoreboard_q_reg[3][is_return]/CE","setup"
4026,-0.048,5.000,4.495,10,"student_top_inst/Core_cpu/u_core_top/scoreboard_q_reg[4][fu][0]/C","student_top_inst/Core_cpu/u_core_top/scoreboard_q_reg[3][pc][22]/CE","setup"
4027,-0.048,5.000,4.495,10,"student_top_inst/Core_cpu/u_core_top/scoreboard_q_reg[4][fu][0]/C","student_top_inst/Core_cpu/u_core_top/scoreboard_q_reg[3][pc][25]/CE","setup"
4028,-0.048,5.000,4.495,10,"student_top_inst/Core_cpu/u_core_top/scoreboard_q_reg[4][fu][0]/C","student_top_inst/Core_cpu/u_core_top/scoreboard_q_reg[3][pc][27]/CE","setup"
4029,-0.048,5.000,4.979,6,"student_top_inst/Core_cpu/u_core_top/u_dcache/g_data_bank[1].u_data_bank/mem_q_reg_1/CLKBWRCLK","student_top_inst/Core_cpu/u_core_top/scoreboard_q_reg[6][result][28]/D","setup"
4030,-0.048,5.000,4.698,6,"student_top_inst/Core_cpu/u_core_top/commit_ptr_q_reg[2]_rep/C","student_top_inst/Core_cpu/u_core_top/u_csr/mtvec_q_reg[4]/D","setup"
4031,-0.047,5.000,4.889,7,"student_top_inst/Core_cpu/u_core_top/u_dcache/g_data_bank[3].u_data_bank/mem_q_reg_0/CLKBWRCLK","student_top_inst/Core_cpu/u_core_top/scoreboard_q_reg[4][result][30]/D","setup"
4032,-0.047,5.000,4.982,7,"student_top_inst/Core_cpu/u_core_top/u_dcache/g_data_bank[3].u_data_bank/mem_q_reg_0/CLKBWRCLK","student_top_inst/Core_cpu/u_core_top/scoreboard_q_reg[7][result][29]/D","setup"
4033,-0.047,5.000,4.493,11,"student_top_inst/Core_cpu/u_core_top/scoreboard_q_reg[4][fu][0]/C","student_top_inst/Core_cpu/u_core_top/scoreboard_q_reg[2][csr_addr][2]/CE","setup"
4034,-0.047,5.000,4.493,11,"student_top_inst/Core_cpu/u_core_top/scoreboard_q_reg[4][fu][0]/C","student_top_inst/Core_cpu/u_core_top/scoreboard_q_reg[2][csr_op][1]/CE","setup"
4035,-0.047,5.000,4.493,11,"student_top_inst/Core_cpu/u_core_top/scoreboard_q_reg[4][fu][0]/C","student_top_inst/Core_cpu/u_core_top/scoreboard_q_reg[2][link_addr][27]/CE","setup"
4036,-0.047,5.000,4.493,11,"student_top_inst/Core_cpu/u_core_top/scoreboard_q_reg[4][fu][0]/C","student_top_inst/Core_cpu/u_core_top/scoreboard_q_reg[2][writes_rd]/CE","setup"
4037,-0.047,5.000,4.890,7,"student_top_inst/Core_cpu/u_core_top/u_dcache/g_data_bank[3].u_data_bank/mem_q_reg_0/CLKBWRCLK","student_top_inst/Core_cpu/u_core_top/scoreboard_q_reg[6][result][14]/D","setup"
4038,-0.045,5.000,5.012,8,"student_top_inst/Core_cpu/u_core_top/u_muldiv/b_q_reg[22]/C","student_top_inst/Core_cpu/u_core_top/exec_q_reg[op1][8]/D","setup"
4039,-0.045,5.000,4.950,7,"student_top_inst/Core_cpu/u_core_top/u_dcache/g_data_bank[3].u_data_bank/mem_q_reg_0/CLKBWRCLK","student_top_inst/Core_cpu/u_core_top/scoreboard_q_reg[6][csr_src][25]/D","setup"
4040,-0.045,5.000,4.493,11,"student_top_inst/Core_cpu/u_core_top/scoreboard_q_reg[4][fu][0]/C","student_top_inst/Core_cpu/u_core_top/scoreboard_q_reg[5][csr_addr][8]/CE","setup"
4041,-0.045,5.000,4.493,11,"student_top_inst/Core_cpu/u_core_top/scoreboard_q_reg[4][fu][0]/C","student_top_inst/Core_cpu/u_core_top/scoreboard_q_reg[5][link_addr][0]/CE","setup"
4042,-0.045,5.000,4.493,11,"student_top_inst/Core_cpu/u_core_top/scoreboard_q_reg[4][fu][0]/C","student_top_inst/Core_cpu/u_core_top/scoreboard_q_reg[5][link_addr][23]/CE","setup"
4043,-0.045,5.000,4.493,11,"student_top_inst/Core_cpu/u_core_top/scoreboard_q_reg[4][fu][0]/C","student_top_inst/Core_cpu/u_core_top/scoreboard_q_reg[5][link_addr][30]/CE","setup"
4044,-0.045,5.000,4.493,11,"student_top_inst/Core_cpu/u_core_top/scoreboard_q_reg[4][fu][0]/C","student_top_inst/Core_cpu/u_core_top/scoreboard_q_reg[5][pc][19]/CE","setup"
4045,-0.045,5.000,4.729,13,"student_top_inst/Core_cpu/u_core_top/scoreboard_q_reg[4][fu][0]/C","student_top_inst/Core_cpu/u_core_top/load_q_reg[1][addr][3]/CE","setup"
4046,-0.045,5.000,4.729,13,"student_top_inst/Core_cpu/u_core_top/scoreboard_q_reg[4][fu][0]/C","student_top_inst/Core_cpu/u_core_top/load_q_reg[1][forward_mask][1]/CE","setup"
4047,-0.045,5.000,4.688,10,"student_top_inst/Core_cpu/u_core_top/scoreboard_q_reg[4][fu][0]/C","student_top_inst/Core_cpu/u_core_top/issue_ptr_q_reg[0]_rep/D","setup"
4048,-0.045,5.000,4.948,7,"student_top_inst/Core_cpu/u_core_top/u_dcache/g_data_bank[3].u_data_bank/mem_q_reg_0/CLKBWRCLK","student_top_inst/Core_cpu/u_core_top/scoreboard_q_reg[2][result][21]/D","setup"
4049,-0.045,5.000,4.973,1,"student_top_inst/Core_cpu/u_core_top/u_dmem_regslice/req_wdata_q_reg[2]/C","student_top_inst/mem_bridge/dram_adapter/dram/U0/inst_blk_mem_gen/gnbram.gnativebmg.native_blk_mem_gen/valid.cstr/ramloop[7].ram.r/prim_init.ram/DEVICE_7SERIES.NO_BMM_INFO.SP.SIMPLE_PRIM36.ram/DIADI[2]","setup"
4050,-0.044,5.000,5.069,8,"student_top_inst/Core_cpu/u_core_top/id_uop_q_reg[rs1][1]/C","student_top_inst/Core_cpu/u_core_top/scoreboard_q_reg[0][done]/D","setup"
4051,-0.044,5.000,4.489,10,"student_top_inst/Core_cpu/u_core_top/scoreboard_q_reg[4][fu][0]/C","student_top_inst/Core_cpu/u_core_top/scoreboard_q_reg[3][csr_addr][1]/CE","setup"
4052,-0.044,5.000,4.489,10,"student_top_inst/Core_cpu/u_core_top/scoreboard_q_reg[4][fu][0]/C","student_top_inst/Core_cpu/u_core_top/scoreboard_q_reg[3][csr_addr][2]/CE","setup"
4053,-0.044,5.000,4.489,10,"student_top_inst/Core_cpu/u_core_top/scoreboard_q_reg[4][fu][0]/C","student_top_inst/Core_cpu/u_core_top/scoreboard_q_reg[3][csr_addr][3]/CE","setup"
4054,-0.044,5.000,4.489,10,"student_top_inst/Core_cpu/u_core_top/scoreboard_q_reg[4][fu][0]/C","student_top_inst/Core_cpu/u_core_top/scoreboard_q_reg[3][csr_addr][4]/CE","setup"
4055,-0.044,5.000,4.489,10,"student_top_inst/Core_cpu/u_core_top/scoreboard_q_reg[4][fu][0]/C","student_top_inst/Core_cpu/u_core_top/scoreboard_q_reg[3][pc][15]/CE","setup"
4056,-0.044,5.000,4.493,10,"student_top_inst/Core_cpu/u_core_top/scoreboard_q_reg[4][fu][0]/C","student_top_inst/Core_cpu/u_core_top/scoreboard_q_reg[0][csr_src][25]/CE","setup"
4057,-0.044,5.000,4.493,10,"student_top_inst/Core_cpu/u_core_top/scoreboard_q_reg[4][fu][0]/C","student_top_inst/Core_cpu/u_core_top/scoreboard_q_reg[0][csr_src][27]/CE","setup"
4058,-0.044,5.000,5.042,1,"student_top_inst/Core_cpu/u_core_top/u_dmem_regslice/req_wdata_q_reg[3]/C","student_top_inst/mem_bridge/dram_adapter/dram/U0/inst_blk_mem_gen/gnbram.gnativebmg.native_blk_mem_gen/valid.cstr/ramloop[6].ram.r/prim_init.ram/DEVICE_7SERIES.NO_BMM_INFO.SP.SIMPLE_PRIM36.ram/DIADI[3]","setup"
4059,-0.044,5.000,4.884,7,"student_top_inst/Core_cpu/u_core_top/u_dcache/g_data_bank[3].u_data_bank/mem_q_reg_0/CLKBWRCLK","student_top_inst/Core_cpu/u_core_top/scoreboard_q_reg[2][result][14]/D","setup"
4060,-0.043,5.000,4.937,11,"student_top_inst/Core_cpu/u_core_top/store_head_q_reg[1]/C","student_top_inst/Core_cpu/u_core_top/load_q_reg[0][forward_data][30]/D","setup"
4061,-0.043,5.000,4.501,10,"student_top_inst/Core_cpu/u_core_top/scoreboard_q_reg[4][fu][0]/C","student_top_inst/Core_cpu/u_core_top/scoreboard_q_reg[1][link_addr][28]/CE","setup"
4062,-0.043,5.000,4.501,10,"student_top_inst/Core_cpu/u_core_top/scoreboard_q_reg[4][fu][0]/C","student_top_inst/Core_cpu/u_core_top/scoreboard_q_reg[1][rd][1]/CE","setup"
4063,-0.043,5.000,4.501,10,"student_top_inst/Core_cpu/u_core_top/scoreboard_q_reg[4][fu][0]/C","student_top_inst/Core_cpu/u_core_top/scoreboard_q_reg[1][rd][3]/CE","setup"
4064,-0.043,5.000,4.936,11,"student_top_inst/Core_cpu/u_core_top/store_head_q_reg[1]/C","student_top_inst/Core_cpu/u_core_top/load_q_reg[1][forward_data][28]/D","setup"
4065,-0.043,5.000,4.886,7,"student_top_inst/Core_cpu/u_core_top/u_dcache/g_data_bank[3].u_data_bank/mem_q_reg_0/CLKBWRCLK","student_top_inst/Core_cpu/u_core_top/scoreboard_q_reg[1][result][14]/D","setup"
4066,-0.043,5.000,4.848,0,"student_top_inst/Core_cpu/u_core_top/u_dmem_regslice/req_addr_q_reg[11]/C","student_top_inst/mem_bridge/dram_adapter/dram/U0/inst_blk_mem_gen/gnbram.gnativebmg.native_blk_mem_gen/valid.cstr/ramloop[5].ram.r/prim_init.ram/DEVICE_7SERIES.NO_BMM_INFO.SP.SIMPLE_PRIM36.ram/ADDRARDADDR[12]","setup"
4067,-0.043,5.000,4.742,0,"student_top_inst/Core_cpu/u_core_top/u_dmem_regslice/req_addr_q_reg[3]/C","student_top_inst/mem_bridge/dram_adapter/dram/U0/inst_blk_mem_gen/gnbram.gnativebmg.native_blk_mem_gen/valid.cstr/ramloop[9].ram.r/prim_init.ram/DEVICE_7SERIES.NO_BMM_INFO.SP.SIMPLE_PRIM36.ram/ADDRARDADDR[4]","setup"
4068,-0.042,5.000,4.884,6,"student_top_inst/Core_cpu/u_core_top/u_dcache/g_data_bank[3].u_data_bank/mem_q_reg_0/CLKBWRCLK","student_top_inst/Core_cpu/u_core_top/scoreboard_q_reg[7][csr_src][4]/D","setup"
4069,-0.041,5.000,4.943,7,"student_top_inst/Core_cpu/u_core_top/u_dcache/g_data_bank[3].u_data_bank/mem_q_reg_0/CLKBWRCLK","student_top_inst/Core_cpu/u_core_top/scoreboard_q_reg[4][result][25]/D","setup"
4070,-0.041,5.000,4.485,9,"student_top_inst/Core_cpu/u_core_top/scoreboard_q_reg[4][fu][0]/C","student_top_inst/Core_cpu/u_core_top/u_muldiv/u_div/U0/i_synth/i_has_input_skid.i_2to1/gen_has_z_tready.reg1_a_tdata_reg[12]/CE","setup"
4071,-0.041,5.000,4.485,9,"student_top_inst/Core_cpu/u_core_top/scoreboard_q_reg[4][fu][0]/C","student_top_inst/Core_cpu/u_core_top/u_muldiv/u_div/U0/i_synth/i_has_input_skid.i_2to1/gen_has_z_tready.reg1_a_tdata_reg[17]/CE","setup"
4072,-0.041,5.000,4.485,9,"student_top_inst/Core_cpu/u_core_top/scoreboard_q_reg[4][fu][0]/C","student_top_inst/Core_cpu/u_core_top/u_muldiv/u_div/U0/i_synth/i_has_input_skid.i_2to1/gen_has_z_tready.reg1_a_tdata_reg[20]/CE","setup"
4073,-0.040,5.000,4.731,11,"student_top_inst/Core_cpu/u_core_top/scoreboard_q_reg[4][fu][0]/C","student_top_inst/Core_cpu/u_core_top/scoreboard_q_reg[7][csr_src][9]/CE","setup"
4074,-0.040,5.000,4.464,8,"student_top_inst/Core_cpu/u_core_top/scoreboard_q_reg[4][fu][0]/C","student_top_inst/Mem_IROM/U0/inst_blk_mem_gen/gnbram.gnativebmg.native_blk_mem_gen/valid.cstr/ramloop[0].ram.r/prim_init.ram/DEVICE_7SERIES.NO_BMM_INFO.SP.SIMPLE_PRIM36.ram/ENARDEN","setup"
4075,-0.039,5.000,4.719,7,"student_top_inst/Core_cpu/u_core_top/commit_ptr_q_reg[2]_rep/C","student_top_inst/Core_cpu/u_core_top/u_csr/mstatus_q_reg[6]/D","setup"
4076,-0.039,5.000,4.831,7,"student_top_inst/Core_cpu/u_core_top/id_uop_q_reg[rs1][1]/C","student_top_inst/Core_cpu/u_core_top/scoreboard_q_reg[2][csr_src][11]/CE","setup"
4077,-0.039,5.000,4.831,7,"student_top_inst/Core_cpu/u_core_top/id_uop_q_reg[rs1][1]/C","student_top_inst/Core_cpu/u_core_top/scoreboard_q_reg[2][csr_src][13]/CE","setup"
4078,-0.039,5.000,4.831,7,"student_top_inst/Core_cpu/u_core_top/id_uop_q_reg[rs1][1]/C","student_top_inst/Core_cpu/u_core_top/scoreboard_q_reg[2][csr_src][19]/CE","setup"
4079,-0.039,5.000,4.831,7,"student_top_inst/Core_cpu/u_core_top/id_uop_q_reg[rs1][1]/C","student_top_inst/Core_cpu/u_core_top/scoreboard_q_reg[2][csr_src][5]/CE","setup"
4080,-0.039,5.000,4.831,7,"student_top_inst/Core_cpu/u_core_top/id_uop_q_reg[rs1][1]/C","student_top_inst/Core_cpu/u_core_top/scoreboard_q_reg[2][csr_src][8]/CE","setup"
4081,-0.038,5.000,4.964,12,"student_top_inst/Core_cpu/u_core_top/scoreboard_q_reg[4][fu][0]/C","student_top_inst/Core_cpu/u_core_top/u_dmem_regslice/req_addr_q_reg[24]/D","setup"
4082,-0.038,5.000,4.737,0,"student_top_inst/Core_cpu/u_core_top/u_dmem_regslice/req_addr_q_reg[7]/C","student_top_inst/mem_bridge/dram_adapter/dram/U0/inst_blk_mem_gen/gnbram.gnativebmg.native_blk_mem_gen/valid.cstr/ramloop[52].ram.r/prim_init.ram/DEVICE_7SERIES.NO_BMM_INFO.SP.SIMPLE_PRIM36.ram/ADDRARDADDR[8]","setup"
4083,-0.038,5.000,5.061,8,"student_top_inst/Core_cpu/u_core_top/id_uop_q_reg[rs1][1]/C","student_top_inst/Core_cpu/u_core_top/scoreboard_q_reg[0][store_slot][0]/D","setup"
4084,-0.037,5.000,4.938,11,"student_top_inst/Core_cpu/u_core_top/store_head_q_reg[1]/C","student_top_inst/Core_cpu/u_core_top/load_q_reg[0][forward_data][31]/D","setup"
4085,-0.037,5.000,4.901,5,"student_top_inst/Core_cpu/u_core_top/u_dcache/g_data_bank[3].u_data_bank/mem_q_reg_0/CLKBWRCLK","student_top_inst/Core_cpu/u_core_top/scoreboard_q_reg[6][csr_src][6]/D","setup"
4086,-0.036,5.000,4.736,6,"student_top_inst/Core_cpu/u_core_top/commit_ptr_q_reg[2]_rep/C","student_top_inst/Core_cpu/u_core_top/wb_data_q_reg[29]/D","setup"
4087,-0.035,5.000,4.688,11,"student_top_inst/Core_cpu/u_core_top/scoreboard_q_reg[4][fu][0]/C","student_top_inst/Core_cpu/u_core_top/exec_q_reg[op2][11]/CE","setup"
4088,-0.035,5.000,4.688,11,"student_top_inst/Core_cpu/u_core_top/scoreboard_q_reg[4][fu][0]/C","student_top_inst/Core_cpu/u_core_top/exec_q_reg[op2][24]/CE","setup"
4089,-0.035,5.000,4.688,11,"student_top_inst/Core_cpu/u_core_top/scoreboard_q_reg[4][fu][0]/C","student_top_inst/Core_cpu/u_core_top/exec_q_reg[uop][imm][12]/CE","setup"
4090,-0.035,5.000,4.688,11,"student_top_inst/Core_cpu/u_core_top/scoreboard_q_reg[4][fu][0]/C","student_top_inst/Core_cpu/u_core_top/exec_q_reg[uop][rd][2]/CE","setup"
4091,-0.035,5.000,4.688,11,"student_top_inst/Core_cpu/u_core_top/scoreboard_q_reg[4][fu][0]/C","student_top_inst/Core_cpu/u_core_top/exec_q_reg[uop][rs1][1]/CE","setup"
4092,-0.035,5.000,4.688,11,"student_top_inst/Core_cpu/u_core_top/scoreboard_q_reg[4][fu][0]/C","student_top_inst/Core_cpu/u_core_top/exec_q_reg[uop][rs1][3]/CE","setup"
4093,-0.035,5.000,4.814,5,"student_top_inst/mem_bridge/dram_adapter/dram/U0/inst_blk_mem_gen/gnbram.gnativebmg.native_blk_mem_gen/valid.cstr/has_mux_a.A/no_softecc_norm_sel2.has_mem_regs.WITHOUT_ECC_PIPE.ce_pri.sel_pipe_d1_reg[2]/C","student_top_inst/Core_cpu/u_core_top/u_dmem_regslice/resp_rdata_q_reg[28]/D","setup"
4094,-0.035,5.000,4.659,13,"student_top_inst/Core_cpu/u_core_top/scoreboard_q_reg[4][fu][0]/C","student_top_inst/Core_cpu/u_core_top/load_q_reg[0][addr][21]/CE","setup"
4095,-0.035,5.000,4.659,13,"student_top_inst/Core_cpu/u_core_top/scoreboard_q_reg[4][fu][0]/C","student_top_inst/Core_cpu/u_core_top/load_q_reg[0][addr][8]/CE","setup"
4096,-0.035,5.000,4.659,13,"student_top_inst/Core_cpu/u_core_top/scoreboard_q_reg[4][fu][0]/C","student_top_inst/Core_cpu/u_core_top/load_q_reg[0][forward_data][6]/CE","setup"
4097,-0.035,5.000,4.659,13,"student_top_inst/Core_cpu/u_core_top/scoreboard_q_reg[4][fu][0]/C","student_top_inst/Core_cpu/u_core_top/load_q_reg[0][forward_mask][1]/CE","setup"
4098,-0.035,5.000,4.659,13,"student_top_inst/Core_cpu/u_core_top/scoreboard_q_reg[4][fu][0]/C","student_top_inst/Core_cpu/u_core_top/load_q_reg[0][forward_mask][2]/CE","setup"
4099,-0.035,5.000,4.659,13,"student_top_inst/Core_cpu/u_core_top/scoreboard_q_reg[4][fu][0]/C","student_top_inst/Core_cpu/u_core_top/load_q_reg[0][trans_id][0]/CE","setup"
4100,-0.035,5.000,4.659,13,"student_top_inst/Core_cpu/u_core_top/scoreboard_q_reg[4][fu][0]/C","student_top_inst/Core_cpu/u_core_top/load_q_reg[0][trans_id][2]/CE","setup"
4101,-0.035,5.000,4.828,7,"student_top_inst/Core_cpu/u_core_top/id_uop_q_reg[rs1][1]/C","student_top_inst/Core_cpu/u_core_top/scoreboard_q_reg[2][csr_src][1]/CE","setup"
4102,-0.034,5.000,4.423,0,"student_top_inst/cpu_rst_sync_reg/C","student_top_inst/Core_cpu/u_core_top/store_q_reg[2][addr][22]/R","setup"
4103,-0.034,5.000,4.912,6,"student_top_inst/Core_cpu/u_core_top/u_dcache/g_data_bank[1].u_data_bank/mem_q_reg_1/CLKBWRCLK","student_top_inst/Core_cpu/u_core_top/scoreboard_q_reg[7][csr_src][10]/D","setup"
4104,-0.033,5.000,4.251,0,"student_top_inst/cpu_rst_sync_reg/C","student_top_inst/Core_cpu/u_core_top/u_regfile/regs_q_reg[16][21]/R","setup"
4105,-0.033,5.000,4.251,0,"student_top_inst/cpu_rst_sync_reg/C","student_top_inst/Core_cpu/u_core_top/u_regfile/regs_q_reg[16][24]/R","setup"
4106,-0.033,5.000,4.251,0,"student_top_inst/cpu_rst_sync_reg/C","student_top_inst/Core_cpu/u_core_top/u_regfile/regs_q_reg[16][27]/R","setup"
4107,-0.033,5.000,4.251,0,"student_top_inst/cpu_rst_sync_reg/C","student_top_inst/Core_cpu/u_core_top/u_regfile/regs_q_reg[16][28]/R","setup"
4108,-0.032,5.000,4.875,7,"student_top_inst/Core_cpu/u_core_top/u_dcache/g_data_bank[3].u_data_bank/mem_q_reg_0/CLKBWRCLK","student_top_inst/Core_cpu/u_core_top/scoreboard_q_reg[3][result][26]/D","setup"
4109,-0.032,5.000,4.934,7,"student_top_inst/Core_cpu/u_core_top/u_dcache/g_data_bank[3].u_data_bank/mem_q_reg_0/CLKBWRCLK","student_top_inst/Core_cpu/u_core_top/scoreboard_q_reg[7][result][21]/D","setup"
4110,-0.032,5.000,4.421,0,"student_top_inst/cpu_rst_sync_reg/C","student_top_inst/Core_cpu/u_core_top/store_q_reg[3][addr][24]/R","setup"
4111,-0.032,5.000,4.421,0,"student_top_inst/cpu_rst_sync_reg/C","student_top_inst/Core_cpu/u_core_top/store_q_reg[3][addr][8]/R","setup"
4112,-0.031,5.000,4.480,10,"student_top_inst/Core_cpu/u_core_top/scoreboard_q_reg[4][fu][0]/C","student_top_inst/Core_cpu/u_core_top/scoreboard_q_reg[1][csr_op][1]/CE","setup"
4113,-0.031,5.000,4.480,10,"student_top_inst/Core_cpu/u_core_top/scoreboard_q_reg[4][fu][0]/C","student_top_inst/Core_cpu/u_core_top/scoreboard_q_reg[1][is_return]/CE","setup"
4114,-0.031,5.000,4.480,10,"student_top_inst/Core_cpu/u_core_top/scoreboard_q_reg[4][fu][0]/C","student_top_inst/Core_cpu/u_core_top/scoreboard_q_reg[1][link_addr][19]/CE","setup"
4115,-0.031,5.000,4.480,10,"student_top_inst/Core_cpu/u_core_top/scoreboard_q_reg[4][fu][0]/C","student_top_inst/Core_cpu/u_core_top/scoreboard_q_reg[1][link_addr][22]/CE","setup"
4116,-0.031,5.000,4.480,10,"student_top_inst/Core_cpu/u_core_top/scoreboard_q_reg[4][fu][0]/C","student_top_inst/Core_cpu/u_core_top/scoreboard_q_reg[1][link_addr][30]/CE","setup"
4117,-0.031,5.000,4.480,10,"student_top_inst/Core_cpu/u_core_top/scoreboard_q_reg[4][fu][0]/C","student_top_inst/Core_cpu/u_core_top/scoreboard_q_reg[1][pc][22]/CE","setup"
4118,-0.031,5.000,4.480,10,"student_top_inst/Core_cpu/u_core_top/scoreboard_q_reg[4][fu][0]/C","student_top_inst/Core_cpu/u_core_top/scoreboard_q_reg[1][pc][6]/CE","setup"
4119,-0.031,5.000,4.480,10,"student_top_inst/Core_cpu/u_core_top/scoreboard_q_reg[4][fu][0]/C","student_top_inst/Core_cpu/u_core_top/scoreboard_q_reg[1][pc][9]/CE","setup"
4120,-0.031,5.000,4.744,7,"student_top_inst/Core_cpu/u_core_top/commit_ptr_q_reg[2]_rep/C","student_top_inst/Core_cpu/u_core_top/u_csr/mtval_q_reg[27]/D","setup"
4121,-0.031,5.000,4.970,1,"student_top_inst/Core_cpu/u_core_top/u_dmem_regslice/req_wdata_q_reg[3]/C","student_top_inst/mem_bridge/dram_adapter/dram/U0/inst_blk_mem_gen/gnbram.gnativebmg.native_blk_mem_gen/valid.cstr/ramloop[5].ram.r/prim_init.ram/DEVICE_7SERIES.NO_BMM_INFO.SP.SIMPLE_PRIM36.ram/DIADI[3]","setup"
4122,-0.031,5.000,4.479,10,"student_top_inst/Core_cpu/u_core_top/scoreboard_q_reg[4][fu][0]/C","student_top_inst/Core_cpu/u_core_top/scoreboard_q_reg[1][link_addr][14]/CE","setup"
4123,-0.031,5.000,4.479,10,"student_top_inst/Core_cpu/u_core_top/scoreboard_q_reg[4][fu][0]/C","student_top_inst/Core_cpu/u_core_top/scoreboard_q_reg[1][link_addr][16]/CE","setup"
4124,-0.031,5.000,4.479,10,"student_top_inst/Core_cpu/u_core_top/scoreboard_q_reg[4][fu][0]/C","student_top_inst/Core_cpu/u_core_top/scoreboard_q_reg[1][link_addr][6]/CE","setup"
4125,-0.031,5.000,4.479,10,"student_top_inst/Core_cpu/u_core_top/scoreboard_q_reg[4][fu][0]/C","student_top_inst/Core_cpu/u_core_top/scoreboard_q_reg[1][link_addr][7]/CE","setup"
4126,-0.031,5.000,4.479,10,"student_top_inst/Core_cpu/u_core_top/scoreboard_q_reg[4][fu][0]/C","student_top_inst/Core_cpu/u_core_top/scoreboard_q_reg[1][pc][5]/CE","setup"
4127,-0.031,5.000,4.479,10,"student_top_inst/Core_cpu/u_core_top/scoreboard_q_reg[4][fu][0]/C","student_top_inst/Core_cpu/u_core_top/scoreboard_q_reg[1][rd][0]/CE","setup"
4128,-0.030,5.000,4.874,5,"student_top_inst/Core_cpu/u_core_top/u_dcache/g_data_bank[3].u_data_bank/mem_q_reg_0/CLKBWRCLK","student_top_inst/Core_cpu/u_core_top/scoreboard_q_reg[6][result][6]/D","setup"
4129,-0.030,5.000,4.249,0,"student_top_inst/cpu_rst_sync_reg/C","student_top_inst/Core_cpu/u_core_top/u_regfile/regs_q_reg[9][21]/R","setup"
4130,-0.030,5.000,4.249,0,"student_top_inst/cpu_rst_sync_reg/C","student_top_inst/Core_cpu/u_core_top/u_regfile/regs_q_reg[9][28]/R","setup"
4131,-0.030,5.000,4.960,11,"student_top_inst/Core_cpu/u_core_top/store_head_q_reg[0]/C","student_top_inst/Core_cpu/u_core_top/load_active_meta_q_reg[forward_data][3]/D","setup"
4132,-0.029,5.000,4.675,6,"student_top_inst/Core_cpu/u_core_top/commit_ptr_q_reg[2]_rep/C","student_top_inst/Core_cpu/u_core_top/u_csr/mscratch_q_reg[2]/D","setup"
4133,-0.029,5.000,4.917,11,"student_top_inst/Core_cpu/u_core_top/store_head_q_reg[1]/C","student_top_inst/Core_cpu/u_core_top/load_q_reg[0][forward_data][28]/D","setup"
4134,-0.029,5.000,4.871,7,"student_top_inst/Core_cpu/u_core_top/u_dcache/g_data_bank[3].u_data_bank/mem_q_reg_0/CLKBWRCLK","student_top_inst/Core_cpu/u_core_top/scoreboard_q_reg[6][result][30]/D","setup"
4135,-0.028,5.000,5.052,8,"student_top_inst/Core_cpu/u_core_top/id_uop_q_reg[rs1][1]/C","student_top_inst/Core_cpu/u_core_top/scoreboard_q_reg[1][store_slot][0]/D","setup"
4136,-0.028,5.000,4.816,0,"student_top_inst/Core_cpu/u_core_top/u_dmem_regslice/req_addr_q_reg[5]/C","student_top_inst/mem_bridge/dram_adapter/dram/U0/inst_blk_mem_gen/gnbram.gnativebmg.native_blk_mem_gen/valid.cstr/ramloop[54].ram.r/prim_init.ram/DEVICE_7SERIES.NO_BMM_INFO.SP.SIMPLE_PRIM36.ram/ADDRARDADDR[6]","setup"
4137,-0.028,5.000,4.324,1,"student_top_inst/cpu_rst_sync_reg/C","student_top_inst/Core_cpu/u_core_top/u_frontend/u_branch_predictor/tag_q_reg_0_63_2_2/DP/WE","setup"
4138,-0.028,5.000,4.324,1,"student_top_inst/cpu_rst_sync_reg/C","student_top_inst/Core_cpu/u_core_top/u_frontend/u_branch_predictor/tag_q_reg_0_63_2_2/SP/WE","setup"
4139,-0.028,5.000,4.324,1,"student_top_inst/cpu_rst_sync_reg/C","student_top_inst/Core_cpu/u_core_top/u_frontend/u_branch_predictor/tag_q_reg_0_63_3_3/DP/WE","setup"
4140,-0.028,5.000,4.324,1,"student_top_inst/cpu_rst_sync_reg/C","student_top_inst/Core_cpu/u_core_top/u_frontend/u_branch_predictor/tag_q_reg_0_63_3_3/SP/WE","setup"
4141,-0.028,5.000,4.247,0,"student_top_inst/cpu_rst_sync_reg/C","student_top_inst/Core_cpu/u_core_top/u_regfile/regs_q_reg[12][24]/R","setup"
4142,-0.028,5.000,4.247,0,"student_top_inst/cpu_rst_sync_reg/C","student_top_inst/Core_cpu/u_core_top/u_regfile/regs_q_reg[12][27]/R","setup"
4143,-0.028,5.000,4.247,0,"student_top_inst/cpu_rst_sync_reg/C","student_top_inst/Core_cpu/u_core_top/u_regfile/regs_q_reg[12][28]/R","setup"
4144,-0.028,5.000,4.247,0,"student_top_inst/cpu_rst_sync_reg/C","student_top_inst/Core_cpu/u_core_top/u_regfile/regs_q_reg[12][31]/R","setup"
4145,-0.028,5.000,4.963,7,"student_top_inst/Core_cpu/u_core_top/u_dcache/g_data_bank[3].u_data_bank/mem_q_reg_0/CLKBWRCLK","student_top_inst/Core_cpu/u_core_top/scoreboard_q_reg[1][result][26]/D","setup"
4146,-0.028,5.000,4.728,6,"student_top_inst/Core_cpu/u_core_top/commit_ptr_q_reg[2]_rep/C","student_top_inst/Core_cpu/u_core_top/wb_data_q_reg[26]/D","setup"
4147,-0.027,5.000,4.724,0,"student_top_inst/Core_cpu/u_core_top/u_dmem_regslice/req_addr_q_reg[6]/C","student_top_inst/mem_bridge/dram_adapter/dram/U0/inst_blk_mem_gen/gnbram.gnativebmg.native_blk_mem_gen/valid.cstr/ramloop[7].ram.r/prim_init.ram/DEVICE_7SERIES.NO_BMM_INFO.SP.SIMPLE_PRIM36.ram/ADDRARDADDR[7]","setup"
4148,-0.026,5.000,4.476,11,"student_top_inst/Core_cpu/u_core_top/scoreboard_q_reg[4][fu][0]/C","student_top_inst/Core_cpu/u_core_top/scoreboard_q_reg[7][link_addr][12]/CE","setup"
4149,-0.026,5.000,4.476,11,"student_top_inst/Core_cpu/u_core_top/scoreboard_q_reg[4][fu][0]/C","student_top_inst/Core_cpu/u_core_top/scoreboard_q_reg[7][link_addr][13]/CE","setup"
4150,-0.026,5.000,4.476,11,"student_top_inst/Core_cpu/u_core_top/scoreboard_q_reg[4][fu][0]/C","student_top_inst/Core_cpu/u_core_top/scoreboard_q_reg[7][pc][1]/CE","setup"
4151,-0.026,5.000,4.476,11,"student_top_inst/Core_cpu/u_core_top/scoreboard_q_reg[4][fu][0]/C","student_top_inst/Core_cpu/u_core_top/scoreboard_q_reg[7][pc][6]/CE","setup"
4152,-0.026,5.000,4.476,11,"student_top_inst/Core_cpu/u_core_top/scoreboard_q_reg[4][fu][0]/C","student_top_inst/Core_cpu/u_core_top/scoreboard_q_reg[7][pc][7]/CE","setup"
4153,-0.026,5.000,4.735,7,"student_top_inst/Core_cpu/u_core_top/id_uop_q_reg[rs1][1]/C","student_top_inst/Core_cpu/u_core_top/scoreboard_q_reg[7][result][16]/R","setup"
4154,-0.026,5.000,4.735,7,"student_top_inst/Core_cpu/u_core_top/id_uop_q_reg[rs1][1]/C","student_top_inst/Core_cpu/u_core_top/scoreboard_q_reg[7][result][17]/R","setup"
4155,-0.026,5.000,4.899,7,"student_top_inst/Core_cpu/u_core_top/u_dcache/g_data_bank[3].u_data_bank/mem_q_reg_0/CLKBWRCLK","student_top_inst/Core_cpu/u_core_top/scoreboard_q_reg[1][result][18]/D","setup"
4156,-0.025,5.000,4.706,7,"student_top_inst/Core_cpu/u_core_top/commit_ptr_q_reg[2]_rep/C","student_top_inst/Core_cpu/u_core_top/u_csr/mtval_q_reg[31]/D","setup"
4157,-0.025,5.000,4.662,6,"student_top_inst/Core_cpu/u_core_top/commit_ptr_q_reg[2]_rep/C","student_top_inst/Core_cpu/u_core_top/u_csr/mcause_q_reg[13]/D","setup"
4158,-0.025,5.000,4.769,5,"student_top_inst/mem_bridge/dram_adapter/dram/U0/inst_blk_mem_gen/gnbram.gnativebmg.native_blk_mem_gen/valid.cstr/has_mux_a.A/no_softecc_norm_sel2.has_mem_regs.WITHOUT_ECC_PIPE.ce_pri.sel_pipe_d1_reg[2]/C","student_top_inst/Core_cpu/u_core_top/u_dmem_regslice/resp_rdata_q_reg[17]/D","setup"
4159,-0.025,5.000,4.243,0,"student_top_inst/cpu_rst_sync_reg/C","student_top_inst/Core_cpu/u_core_top/u_regfile/regs_q_reg[14][21]/R","setup"
4160,-0.025,5.000,4.243,0,"student_top_inst/cpu_rst_sync_reg/C","student_top_inst/Core_cpu/u_core_top/u_regfile/regs_q_reg[14][27]/R","setup"
4161,-0.025,5.000,4.243,0,"student_top_inst/cpu_rst_sync_reg/C","student_top_inst/Core_cpu/u_core_top/u_regfile/regs_q_reg[14][28]/R","setup"
4162,-0.025,5.000,4.741,11,"student_top_inst/Core_cpu/u_core_top/scoreboard_q_reg[4][fu][0]/C","student_top_inst/Core_cpu/u_core_top/exec_q_reg[op1][13]/CE","setup"
4163,-0.025,5.000,4.482,10,"student_top_inst/Core_cpu/u_core_top/scoreboard_q_reg[4][fu][0]/C","student_top_inst/Core_cpu/u_core_top/scoreboard_q_reg[3][writes_rd]/CE","setup"
4164,-0.025,5.000,4.927,7,"student_top_inst/Core_cpu/u_core_top/u_dcache/g_data_bank[3].u_data_bank/mem_q_reg_0/CLKBWRCLK","student_top_inst/Core_cpu/u_core_top/scoreboard_q_reg[4][result][26]/D","setup"
4165,-0.025,5.000,4.473,11,"student_top_inst/Core_cpu/u_core_top/scoreboard_q_reg[4][fu][0]/C","student_top_inst/Core_cpu/u_core_top/scoreboard_q_reg[5][link_addr][18]/CE","setup"
4166,-0.025,5.000,4.473,11,"student_top_inst/Core_cpu/u_core_top/scoreboard_q_reg[4][fu][0]/C","student_top_inst/Core_cpu/u_core_top/scoreboard_q_reg[5][link_addr][20]/CE","setup"
4167,-0.025,5.000,4.473,11,"student_top_inst/Core_cpu/u_core_top/scoreboard_q_reg[4][fu][0]/C","student_top_inst/Core_cpu/u_core_top/scoreboard_q_reg[5][link_addr][24]/CE","setup"
4168,-0.025,5.000,4.473,11,"student_top_inst/Core_cpu/u_core_top/scoreboard_q_reg[4][fu][0]/C","student_top_inst/Core_cpu/u_core_top/scoreboard_q_reg[5][link_addr][28]/CE","setup"
4169,-0.025,5.000,4.473,11,"student_top_inst/Core_cpu/u_core_top/scoreboard_q_reg[4][fu][0]/C","student_top_inst/Core_cpu/u_core_top/scoreboard_q_reg[5][link_addr][2]/CE","setup"
4170,-0.025,5.000,4.473,11,"student_top_inst/Core_cpu/u_core_top/scoreboard_q_reg[4][fu][0]/C","student_top_inst/Core_cpu/u_core_top/scoreboard_q_reg[5][link_addr][4]/CE","setup"
4171,-0.025,5.000,4.473,11,"student_top_inst/Core_cpu/u_core_top/scoreboard_q_reg[4][fu][0]/C","student_top_inst/Core_cpu/u_core_top/scoreboard_q_reg[5][pc][14]/CE","setup"
4172,-0.024,5.000,4.887,7,"student_top_inst/Core_cpu/u_core_top/u_dcache/g_data_bank[3].u_data_bank/mem_q_reg_0/CLKBWRCLK","student_top_inst/Core_cpu/u_core_top/scoreboard_q_reg[2][csr_src][20]/D","setup"
4173,-0.023,5.000,4.241,0,"student_top_inst/cpu_rst_sync_reg/C","student_top_inst/Core_cpu/u_core_top/u_regfile/regs_q_reg[28][21]/R","setup"
4174,-0.023,5.000,4.241,0,"student_top_inst/cpu_rst_sync_reg/C","student_top_inst/Core_cpu/u_core_top/u_regfile/regs_q_reg[28][27]/R","setup"
4175,-0.023,5.000,4.241,0,"student_top_inst/cpu_rst_sync_reg/C","student_top_inst/Core_cpu/u_core_top/u_regfile/regs_q_reg[28][28]/R","setup"
4176,-0.023,5.000,4.533,9,"student_top_inst/Core_cpu/u_core_top/scoreboard_q_reg[4][fu][0]/C","student_top_inst/Core_cpu/u_core_top/u_dcache/g_data_bank[0].u_data_bank/mem_q_reg_1/ADDRARDADDR[12]","setup"
4177,-0.022,5.000,4.225,0,"student_top_inst/cpu_rst_sync_reg/C","student_top_inst/Core_cpu/u_core_top/u_perf_counters/cycle_o_reg[40]/R","setup"
4178,-0.022,5.000,4.225,0,"student_top_inst/cpu_rst_sync_reg/C","student_top_inst/Core_cpu/u_core_top/u_perf_counters/cycle_o_reg[41]/R","setup"
4179,-0.022,5.000,4.225,0,"student_top_inst/cpu_rst_sync_reg/C","student_top_inst/Core_cpu/u_core_top/u_perf_counters/cycle_o_reg[42]/R","setup"
4180,-0.022,5.000,4.225,0,"student_top_inst/cpu_rst_sync_reg/C","student_top_inst/Core_cpu/u_core_top/u_perf_counters/cycle_o_reg[43]/R","setup"
4181,-0.022,5.000,4.723,3,"student_top_inst/Core_cpu/u_core_top/exec_q_reg[op1][31]/C","student_top_inst/Core_cpu/u_core_top/u_muldiv/u_mul/U0/i_mult/gLUT.gLUT_speed.iLUT/NxM_mult.pp_gen_pipeline.pp_gen_loop[6].b_is_even.pp_out_reg_reg[6][34]/D","setup"
4182,-0.022,5.000,4.281,8,"student_top_inst/Core_cpu/u_core_top/scoreboard_q_reg[4][fu][0]/C","student_top_inst/Core_cpu/u_core_top/u_frontend/u_fetch_queue/entries_q_reg[3][pc]_0_3_18_23/RAMA/WE","setup"
4183,-0.022,5.000,4.281,8,"student_top_inst/Core_cpu/u_core_top/scoreboard_q_reg[4][fu][0]/C","student_top_inst/Core_cpu/u_core_top/u_frontend/u_fetch_queue/entries_q_reg[3][pc]_0_3_18_23/RAMA_D1/WE","setup"
4184,-0.022,5.000,4.281,8,"student_top_inst/Core_cpu/u_core_top/scoreboard_q_reg[4][fu][0]/C","student_top_inst/Core_cpu/u_core_top/u_frontend/u_fetch_queue/entries_q_reg[3][pc]_0_3_18_23/RAMB/WE","setup"
4185,-0.022,5.000,4.281,8,"student_top_inst/Core_cpu/u_core_top/scoreboard_q_reg[4][fu][0]/C","student_top_inst/Core_cpu/u_core_top/u_frontend/u_fetch_queue/entries_q_reg[3][pc]_0_3_18_23/RAMB_D1/WE","setup"
4186,-0.022,5.000,4.281,8,"student_top_inst/Core_cpu/u_core_top/scoreboard_q_reg[4][fu][0]/C","student_top_inst/Core_cpu/u_core_top/u_frontend/u_fetch_queue/entries_q_reg[3][pc]_0_3_18_23/RAMC/WE","setup"
4187,-0.022,5.000,4.281,8,"student_top_inst/Core_cpu/u_core_top/scoreboard_q_reg[4][fu][0]/C","student_top_inst/Core_cpu/u_core_top/u_frontend/u_fetch_queue/entries_q_reg[3][pc]_0_3_18_23/RAMC_D1/WE","setup"
4188,-0.022,5.000,4.281,8,"student_top_inst/Core_cpu/u_core_top/scoreboard_q_reg[4][fu][0]/C","student_top_inst/Core_cpu/u_core_top/u_frontend/u_fetch_queue/entries_q_reg[3][pc]_0_3_18_23/RAMD/WE","setup"
4189,-0.022,5.000,4.281,8,"student_top_inst/Core_cpu/u_core_top/scoreboard_q_reg[4][fu][0]/C","student_top_inst/Core_cpu/u_core_top/u_frontend/u_fetch_queue/entries_q_reg[3][pc]_0_3_18_23/RAMD_D1/WE","setup"
4190,-0.021,5.000,4.721,0,"student_top_inst/Core_cpu/u_core_top/u_dmem_regslice/req_addr_q_reg[13]/C","student_top_inst/mem_bridge/dram_adapter/dram/U0/inst_blk_mem_gen/gnbram.gnativebmg.native_blk_mem_gen/valid.cstr/ramloop[62].ram.r/prim_init.ram/DEVICE_7SERIES.NO_BMM_INFO.SP.SIMPLE_PRIM36.ram/ADDRARDADDR[14]","setup"
4191,-0.021,5.000,4.810,7,"student_top_inst/Core_cpu/u_core_top/id_uop_q_reg[rs1][1]/C","student_top_inst/Core_cpu/u_core_top/scoreboard_q_reg[3][sys_op][0]/CE","setup"
4192,-0.021,5.000,4.810,7,"student_top_inst/Core_cpu/u_core_top/id_uop_q_reg[rs1][1]/C","student_top_inst/Core_cpu/u_core_top/scoreboard_q_reg[3][sys_op][2]/CE","setup"
4193,-0.021,5.000,4.665,6,"student_top_inst/Core_cpu/u_core_top/u_dmem_regslice/req_addr_q_reg[28]/C","student_top_inst/mem_bridge/dram_adapter/dram/U0/inst_blk_mem_gen/gnbram.gnativebmg.native_blk_mem_gen/valid.cstr/ramloop[44].ram.r/prim_init.ram/DEVICE_7SERIES.NO_BMM_INFO.SP.SIMPLE_PRIM36.ram/WEA[0]","setup"
4194,-0.021,5.000,4.907,10,"student_top_inst/Core_cpu/u_core_top/store_head_q_reg[1]/C","student_top_inst/Core_cpu/u_core_top/load_q_reg[0][forward_mask][1]/D","setup"
4195,-0.021,5.000,4.857,6,"student_top_inst/Core_cpu/u_core_top/u_dcache/g_data_bank[1].u_data_bank/mem_q_reg_1/CLKBWRCLK","student_top_inst/Core_cpu/u_core_top/scoreboard_q_reg[4][result][27]/D","setup"
4196,-0.020,5.000,4.871,7,"student_top_inst/Core_cpu/u_core_top/u_dcache/g_data_bank[3].u_data_bank/mem_q_reg_0/CLKBWRCLK","student_top_inst/Core_cpu/u_core_top/scoreboard_q_reg[6][csr_src][12]/D","setup"
4197,-0.019,5.000,4.973,8,"student_top_inst/Core_cpu/u_core_top/u_muldiv/b_q_reg[22]/C","student_top_inst/Core_cpu/u_core_top/scoreboard_q_reg[6][csr_src][8]/D","setup"
4198,-0.019,5.000,4.883,0,"student_top_inst/Core_cpu/u_core_top/u_dmem_regslice/req_addr_q_reg[3]/C","student_top_inst/mem_bridge/dram_adapter/dram/U0/inst_blk_mem_gen/gnbram.gnativebmg.native_blk_mem_gen/valid.cstr/ramloop[6].ram.r/prim_init.ram/DEVICE_7SERIES.NO_BMM_INFO.SP.SIMPLE_PRIM36.ram/ADDRARDADDR[4]","setup"
4199,-0.019,5.000,4.649,12,"student_top_inst/Core_cpu/u_core_top/scoreboard_q_reg[4][fu][0]/C","student_top_inst/Core_cpu/u_core_top/load_active_meta_q_reg[forward_data][15]/CE","setup"
4200,-0.019,5.000,4.649,12,"student_top_inst/Core_cpu/u_core_top/scoreboard_q_reg[4][fu][0]/C","student_top_inst/Core_cpu/u_core_top/load_active_meta_q_reg[forward_data][23]/CE","setup"
4201,-0.019,5.000,4.649,12,"student_top_inst/Core_cpu/u_core_top/scoreboard_q_reg[4][fu][0]/C","student_top_inst/Core_cpu/u_core_top/load_active_meta_q_reg[forward_data][9]/CE","setup"
4202,-0.019,5.000,4.801,0,"student_top_inst/Core_cpu/u_core_top/u_dmem_regslice/req_addr_q_reg[2]/C","student_top_inst/mem_bridge/dram_adapter/dram/U0/inst_blk_mem_gen/gnbram.gnativebmg.native_blk_mem_gen/valid.cstr/ramloop[54].ram.r/prim_init.ram/DEVICE_7SERIES.NO_BMM_INFO.SP.SIMPLE_PRIM36.ram/ADDRARDADDR[3]","setup"
4203,-0.018,5.000,4.407,0,"student_top_inst/cpu_rst_sync_reg/C","student_top_inst/Core_cpu/u_core_top/store_q_reg[1][addr][15]/R","setup"
4204,-0.018,5.000,4.407,0,"student_top_inst/cpu_rst_sync_reg/C","student_top_inst/Core_cpu/u_core_top/store_q_reg[1][addr][17]/R","setup"
4205,-0.018,5.000,4.407,0,"student_top_inst/cpu_rst_sync_reg/C","student_top_inst/Core_cpu/u_core_top/store_q_reg[1][addr][4]/R","setup"
4206,-0.018,5.000,4.407,0,"student_top_inst/cpu_rst_sync_reg/C","student_top_inst/Core_cpu/u_core_top/store_q_reg[1][addr][5]/R","setup"
4207,-0.018,5.000,4.733,7,"student_top_inst/Core_cpu/u_core_top/commit_ptr_q_reg[2]_rep/C","student_top_inst/Core_cpu/u_core_top/u_csr/mtval_q_reg[6]/D","setup"
4208,-0.018,5.000,4.874,0,"student_top_inst/Core_cpu/u_core_top/u_dmem_regslice/req_addr_q_reg[10]/C","student_top_inst/mem_bridge/dram_adapter/dram/U0/inst_blk_mem_gen/gnbram.gnativebmg.native_blk_mem_gen/valid.cstr/ramloop[51].ram.r/prim_init.ram/DEVICE_7SERIES.NO_BMM_INFO.SP.SIMPLE_PRIM36.ram/ADDRARDADDR[11]","setup"
4209,-0.018,5.000,4.951,7,"student_top_inst/Core_cpu/u_core_top/u_dcache/g_data_bank[3].u_data_bank/mem_q_reg_0/CLKBWRCLK","student_top_inst/Core_cpu/u_core_top/scoreboard_q_reg[7][result][25]/D","setup"
4210,-0.018,5.000,4.856,6,"student_top_inst/Core_cpu/u_core_top/u_dcache/g_data_bank[1].u_data_bank/mem_q_reg_1/CLKBWRCLK","student_top_inst/Core_cpu/u_core_top/scoreboard_q_reg[2][result][19]/D","setup"
4211,-0.018,5.000,4.865,5,"student_top_inst/Core_cpu/u_core_top/u_dcache/g_data_bank[3].u_data_bank/mem_q_reg_0/CLKBWRCLK","student_top_inst/Core_cpu/u_core_top/scoreboard_q_reg[5][result][4]/D","setup"
4212,-0.018,5.000,4.607,11,"student_top_inst/Core_cpu/u_core_top/scoreboard_q_reg[4][fu][0]/C","student_top_inst/Core_cpu/u_core_top/scoreboard_q_reg[6][csr_src][7]/R","setup"
4213,-0.018,5.000,4.521,7,"student_top_inst/Core_cpu/u_core_top/scoreboard_q_reg[4][fu][0]/C","student_top_inst/Core_cpu/u_core_top/u_frontend/u_branch_predictor/ras_q_reg[5][12]/CE","setup"
4214,-0.018,5.000,4.521,7,"student_top_inst/Core_cpu/u_core_top/scoreboard_q_reg[4][fu][0]/C","student_top_inst/Core_cpu/u_core_top/u_frontend/u_branch_predictor/ras_q_reg[5][3]/CE","setup"
4215,-0.018,5.000,4.521,7,"student_top_inst/Core_cpu/u_core_top/scoreboard_q_reg[4][fu][0]/C","student_top_inst/Core_cpu/u_core_top/u_frontend/u_branch_predictor/ras_q_reg[5][8]/CE","setup"
4216,-0.018,5.000,4.521,7,"student_top_inst/Core_cpu/u_core_top/scoreboard_q_reg[4][fu][0]/C","student_top_inst/Core_cpu/u_core_top/u_frontend/u_branch_predictor/ras_q_reg[5][9]/CE","setup"
4217,-0.018,5.000,4.278,8,"student_top_inst/Core_cpu/u_core_top/scoreboard_q_reg[4][fu][0]/C","student_top_inst/Core_cpu/u_core_top/u_frontend/u_fetch_queue/entries_q_reg[3][pc]_0_3_12_17/RAMA/WE","setup"
4218,-0.018,5.000,4.278,8,"student_top_inst/Core_cpu/u_core_top/scoreboard_q_reg[4][fu][0]/C","student_top_inst/Core_cpu/u_core_top/u_frontend/u_fetch_queue/entries_q_reg[3][pc]_0_3_12_17/RAMA_D1/WE","setup"
4219,-0.018,5.000,4.278,8,"student_top_inst/Core_cpu/u_core_top/scoreboard_q_reg[4][fu][0]/C","student_top_inst/Core_cpu/u_core_top/u_frontend/u_fetch_queue/entries_q_reg[3][pc]_0_3_12_17/RAMB/WE","setup"
4220,-0.018,5.000,4.278,8,"student_top_inst/Core_cpu/u_core_top/scoreboard_q_reg[4][fu][0]/C","student_top_inst/Core_cpu/u_core_top/u_frontend/u_fetch_queue/entries_q_reg[3][pc]_0_3_12_17/RAMB_D1/WE","setup"
4221,-0.018,5.000,4.278,8,"student_top_inst/Core_cpu/u_core_top/scoreboard_q_reg[4][fu][0]/C","student_top_inst/Core_cpu/u_core_top/u_frontend/u_fetch_queue/entries_q_reg[3][pc]_0_3_12_17/RAMC/WE","setup"
4222,-0.018,5.000,4.278,8,"student_top_inst/Core_cpu/u_core_top/scoreboard_q_reg[4][fu][0]/C","student_top_inst/Core_cpu/u_core_top/u_frontend/u_fetch_queue/entries_q_reg[3][pc]_0_3_12_17/RAMC_D1/WE","setup"
4223,-0.018,5.000,4.278,8,"student_top_inst/Core_cpu/u_core_top/scoreboard_q_reg[4][fu][0]/C","student_top_inst/Core_cpu/u_core_top/u_frontend/u_fetch_queue/entries_q_reg[3][pc]_0_3_12_17/RAMD/WE","setup"
4224,-0.018,5.000,4.278,8,"student_top_inst/Core_cpu/u_core_top/scoreboard_q_reg[4][fu][0]/C","student_top_inst/Core_cpu/u_core_top/u_frontend/u_fetch_queue/entries_q_reg[3][pc]_0_3_12_17/RAMD_D1/WE","setup"
4225,-0.017,5.000,4.666,6,"student_top_inst/Core_cpu/u_core_top/u_dmem_regslice/req_addr_q_reg[28]/C","student_top_inst/mem_bridge/dram_adapter/dram/U0/inst_blk_mem_gen/gnbram.gnativebmg.native_blk_mem_gen/valid.cstr/ramloop[46].ram.r/prim_init.ram/DEVICE_7SERIES.NO_BMM_INFO.SP.SIMPLE_PRIM36.ram/WEA[0]","setup"
4226,-0.017,5.000,4.807,7,"student_top_inst/Core_cpu/u_core_top/id_uop_q_reg[rs1][1]/C","student_top_inst/Core_cpu/u_core_top/scoreboard_q_reg[3][sys_op][1]/CE","setup"
4227,-0.017,5.000,4.770,5,"student_top_inst/mem_bridge/dram_adapter/dram/U0/inst_blk_mem_gen/gnbram.gnativebmg.native_blk_mem_gen/valid.cstr/has_mux_a.A/no_softecc_norm_sel2.has_mem_regs.WITHOUT_ECC_PIPE.ce_pri.sel_pipe_d1_reg[2]/C","student_top_inst/Core_cpu/u_core_top/u_dmem_regslice/resp_rdata_q_reg[29]/D","setup"
4228,-0.016,5.000,4.515,7,"student_top_inst/Core_cpu/u_core_top/scoreboard_q_reg[4][fu][0]/C","student_top_inst/Core_cpu/u_core_top/u_frontend/u_branch_predictor/ras_q_reg[7][0]/CE","setup"
4229,-0.016,5.000,4.515,7,"student_top_inst/Core_cpu/u_core_top/scoreboard_q_reg[4][fu][0]/C","student_top_inst/Core_cpu/u_core_top/u_frontend/u_branch_predictor/ras_q_reg[7][14]/CE","setup"
4230,-0.016,5.000,4.515,7,"student_top_inst/Core_cpu/u_core_top/scoreboard_q_reg[4][fu][0]/C","student_top_inst/Core_cpu/u_core_top/u_frontend/u_branch_predictor/ras_q_reg[7][17]/CE","setup"
4231,-0.016,5.000,4.405,0,"student_top_inst/cpu_rst_sync_reg/C","student_top_inst/Core_cpu/u_core_top/load_q_reg[1][addr][22]/R","setup"
4232,-0.016,5.000,4.405,0,"student_top_inst/cpu_rst_sync_reg/C","student_top_inst/Core_cpu/u_core_top/load_q_reg[1][addr][23]/R","setup"
4233,-0.016,5.000,4.405,0,"student_top_inst/cpu_rst_sync_reg/C","student_top_inst/Core_cpu/u_core_top/load_q_reg[1][addr][30]/R","setup"
4234,-0.016,5.000,4.405,0,"student_top_inst/cpu_rst_sync_reg/C","student_top_inst/Core_cpu/u_core_top/load_q_reg[1][addr][31]/R","setup"
4235,-0.016,5.000,4.405,0,"student_top_inst/cpu_rst_sync_reg/C","student_top_inst/Core_cpu/u_core_top/load_q_reg[1][trans_id][2]/R","setup"
4236,-0.015,5.000,4.808,7,"student_top_inst/Core_cpu/u_core_top/id_uop_q_reg[rs1][1]/C","student_top_inst/Core_cpu/u_core_top/scoreboard_q_reg[1][csr_src][14]/CE","setup"
4237,-0.015,5.000,4.808,7,"student_top_inst/Core_cpu/u_core_top/id_uop_q_reg[rs1][1]/C","student_top_inst/Core_cpu/u_core_top/scoreboard_q_reg[1][csr_src][20]/CE","setup"
4238,-0.015,5.000,4.808,7,"student_top_inst/Core_cpu/u_core_top/id_uop_q_reg[rs1][1]/C","student_top_inst/Core_cpu/u_core_top/scoreboard_q_reg[1][csr_src][5]/CE","setup"
4239,-0.015,5.000,4.808,7,"student_top_inst/Core_cpu/u_core_top/id_uop_q_reg[rs1][1]/C","student_top_inst/Core_cpu/u_core_top/scoreboard_q_reg[1][csr_src][8]/CE","setup"
4240,-0.015,5.000,4.438,0,"student_top_inst/cpu_rst_sync_reg/C","student_top_inst/Core_cpu/u_core_top/exec_q_reg[op2][6]/R","setup"
4241,-0.015,5.000,4.920,11,"student_top_inst/Core_cpu/u_core_top/store_head_q_reg[1]/C","student_top_inst/Core_cpu/u_core_top/load_q_reg[1][forward_data][8]/D","setup"
4242,-0.015,5.000,4.516,7,"student_top_inst/Core_cpu/u_core_top/scoreboard_q_reg[4][fu][0]/C","student_top_inst/Core_cpu/u_core_top/u_frontend/u_branch_predictor/ras_q_reg[4][11]/CE","setup"
4243,-0.015,5.000,4.516,7,"student_top_inst/Core_cpu/u_core_top/scoreboard_q_reg[4][fu][0]/C","student_top_inst/Core_cpu/u_core_top/u_frontend/u_branch_predictor/ras_q_reg[4][3]/CE","setup"
4244,-0.015,5.000,4.516,7,"student_top_inst/Core_cpu/u_core_top/scoreboard_q_reg[4][fu][0]/C","student_top_inst/Core_cpu/u_core_top/u_frontend/u_branch_predictor/ras_q_reg[4][8]/CE","setup"
4245,-0.015,5.000,4.516,7,"student_top_inst/Core_cpu/u_core_top/scoreboard_q_reg[4][fu][0]/C","student_top_inst/Core_cpu/u_core_top/u_frontend/u_branch_predictor/ras_q_reg[4][9]/CE","setup"
4246,-0.014,5.000,4.846,1,"student_top_inst/Core_cpu/u_core_top/u_dmem_regslice/req_wdata_q_reg[1]/C","student_top_inst/mem_bridge/dram_adapter/dram/U0/inst_blk_mem_gen/gnbram.gnativebmg.native_blk_mem_gen/valid.cstr/ramloop[9].ram.r/prim_init.ram/DEVICE_7SERIES.NO_BMM_INFO.SP.SIMPLE_PRIM36.ram/DIADI[1]","setup"
4247,-0.014,5.000,4.891,6,"student_top_inst/Core_cpu/u_core_top/u_dcache/g_data_bank[3].u_data_bank/mem_q_reg_0/CLKBWRCLK","student_top_inst/Core_cpu/u_core_top/scoreboard_q_reg[2][result][3]/D","setup"
4248,-0.014,5.000,4.402,0,"student_top_inst/cpu_rst_sync_reg/C","student_top_inst/Core_cpu/u_core_top/store_q_reg[3][addr][11]/R","setup"
4249,-0.014,5.000,4.402,0,"student_top_inst/cpu_rst_sync_reg/C","student_top_inst/Core_cpu/u_core_top/store_q_reg[3][addr][22]/R","setup"
4250,-0.014,5.000,4.891,5,"student_top_inst/Core_cpu/u_core_top/u_dcache/g_data_bank[3].u_data_bank/mem_q_reg_0/CLKBWRCLK","student_top_inst/Core_cpu/u_core_top/scoreboard_q_reg[4][result][2]/D","setup"
4251,-0.014,5.000,4.462,10,"student_top_inst/Core_cpu/u_core_top/scoreboard_q_reg[4][fu][0]/C","student_top_inst/Core_cpu/u_core_top/scoreboard_q_reg[3][link_addr][13]/CE","setup"
4252,-0.014,5.000,4.462,10,"student_top_inst/Core_cpu/u_core_top/scoreboard_q_reg[4][fu][0]/C","student_top_inst/Core_cpu/u_core_top/scoreboard_q_reg[3][link_addr][14]/CE","setup"
4253,-0.014,5.000,4.462,10,"student_top_inst/Core_cpu/u_core_top/scoreboard_q_reg[4][fu][0]/C","student_top_inst/Core_cpu/u_core_top/scoreboard_q_reg[3][link_addr][18]/CE","setup"
4254,-0.014,5.000,4.462,10,"student_top_inst/Core_cpu/u_core_top/scoreboard_q_reg[4][fu][0]/C","student_top_inst/Core_cpu/u_core_top/scoreboard_q_reg[3][link_addr][5]/CE","setup"
4255,-0.014,5.000,4.462,10,"student_top_inst/Core_cpu/u_core_top/scoreboard_q_reg[4][fu][0]/C","student_top_inst/Core_cpu/u_core_top/scoreboard_q_reg[3][link_addr][7]/CE","setup"
4256,-0.014,5.000,4.462,10,"student_top_inst/Core_cpu/u_core_top/scoreboard_q_reg[4][fu][0]/C","student_top_inst/Core_cpu/u_core_top/scoreboard_q_reg[3][pc][1]/CE","setup"
4257,-0.014,5.000,4.462,10,"student_top_inst/Core_cpu/u_core_top/scoreboard_q_reg[4][fu][0]/C","student_top_inst/Core_cpu/u_core_top/scoreboard_q_reg[3][pc][3]/CE","setup"
4258,-0.014,5.000,4.462,10,"student_top_inst/Core_cpu/u_core_top/scoreboard_q_reg[4][fu][0]/C","student_top_inst/Core_cpu/u_core_top/scoreboard_q_reg[3][pc][8]/CE","setup"
4259,-0.014,5.000,4.403,0,"student_top_inst/cpu_rst_sync_reg/C","student_top_inst/Core_cpu/u_core_top/load_q_reg[1][addr][18]/R","setup"
4260,-0.014,5.000,4.403,0,"student_top_inst/cpu_rst_sync_reg/C","student_top_inst/Core_cpu/u_core_top/load_q_reg[1][addr][19]/R","setup"
4261,-0.014,5.000,4.516,7,"student_top_inst/Core_cpu/u_core_top/scoreboard_q_reg[4][fu][0]/C","student_top_inst/Core_cpu/u_core_top/u_frontend/u_branch_predictor/ras_q_reg[0][19]/CE","setup"
4262,-0.014,5.000,4.706,11,"student_top_inst/Core_cpu/u_core_top/scoreboard_q_reg[4][fu][0]/C","student_top_inst/Core_cpu/u_core_top/scoreboard_q_reg[5][csr_src][26]/CE","setup"
4263,-0.014,5.000,4.706,11,"student_top_inst/Core_cpu/u_core_top/scoreboard_q_reg[4][fu][0]/C","student_top_inst/Core_cpu/u_core_top/scoreboard_q_reg[5][csr_src][31]/CE","setup"
4264,-0.013,5.000,5.037,8,"student_top_inst/Core_cpu/u_core_top/id_uop_q_reg[rs1][1]/C","student_top_inst/Core_cpu/u_core_top/scoreboard_q_reg[0][store_slot_valid]/D","setup"
4265,-0.013,5.000,4.603,11,"student_top_inst/Core_cpu/u_core_top/scoreboard_q_reg[4][fu][0]/C","student_top_inst/Core_cpu/u_core_top/scoreboard_q_reg[6][csr_src][15]/R","setup"
4266,-0.013,5.000,4.603,11,"student_top_inst/Core_cpu/u_core_top/scoreboard_q_reg[4][fu][0]/C","student_top_inst/Core_cpu/u_core_top/scoreboard_q_reg[6][csr_src][5]/R","setup"
4267,-0.013,5.000,4.462,10,"student_top_inst/Core_cpu/u_core_top/scoreboard_q_reg[4][fu][0]/C","student_top_inst/Core_cpu/u_core_top/scoreboard_q_reg[0][pc][10]/CE","setup"
4268,-0.013,5.000,4.462,10,"student_top_inst/Core_cpu/u_core_top/scoreboard_q_reg[4][fu][0]/C","student_top_inst/Core_cpu/u_core_top/scoreboard_q_reg[0][pc][15]/CE","setup"
4269,-0.013,5.000,4.462,10,"student_top_inst/Core_cpu/u_core_top/scoreboard_q_reg[4][fu][0]/C","student_top_inst/Core_cpu/u_core_top/scoreboard_q_reg[0][pc][17]/CE","setup"
4270,-0.013,5.000,4.462,10,"student_top_inst/Core_cpu/u_core_top/scoreboard_q_reg[4][fu][0]/C","student_top_inst/Core_cpu/u_core_top/scoreboard_q_reg[0][pc][19]/CE","setup"
4271,-0.013,5.000,4.462,10,"student_top_inst/Core_cpu/u_core_top/scoreboard_q_reg[4][fu][0]/C","student_top_inst/Core_cpu/u_core_top/scoreboard_q_reg[0][pc][29]/CE","setup"
4272,-0.013,5.000,4.462,10,"student_top_inst/Core_cpu/u_core_top/scoreboard_q_reg[4][fu][0]/C","student_top_inst/Core_cpu/u_core_top/scoreboard_q_reg[0][pc][6]/CE","setup"
4273,-0.013,5.000,4.462,10,"student_top_inst/Core_cpu/u_core_top/scoreboard_q_reg[4][fu][0]/C","student_top_inst/Core_cpu/u_core_top/scoreboard_q_reg[0][rd][2]/CE","setup"
4274,-0.013,5.000,5.093,1,"student_top_inst/Core_cpu/u_core_top/u_dmem_regslice/req_wdata_q_reg[14]/C","student_top_inst/mem_bridge/dram_adapter/dram/U0/inst_blk_mem_gen/gnbram.gnativebmg.native_blk_mem_gen/valid.cstr/ramloop[63].ram.r/prim_init.ram/DEVICE_7SERIES.NO_BMM_INFO.SP.SIMPLE_PRIM36.ram/DIADI[6]","setup"
4275,-0.012,5.000,4.852,7,"student_top_inst/Core_cpu/u_core_top/u_dcache/g_data_bank[3].u_data_bank/mem_q_reg_0/CLKBWRCLK","student_top_inst/Core_cpu/u_core_top/scoreboard_q_reg[4][csr_src][12]/D","setup"
4276,-0.012,5.000,4.955,8,"student_top_inst/Core_cpu/u_core_top/u_muldiv/b_q_reg[22]/C","student_top_inst/Core_cpu/u_core_top/scoreboard_q_reg[5][csr_src][16]/D","setup"
4277,-0.012,5.000,4.665,12,"student_top_inst/Core_cpu/u_core_top/scoreboard_q_reg[4][fu][0]/C","student_top_inst/Core_cpu/u_core_top/load_active_meta_q_reg[forward_data][14]/CE","setup"
4278,-0.012,5.000,4.665,12,"student_top_inst/Core_cpu/u_core_top/scoreboard_q_reg[4][fu][0]/C","student_top_inst/Core_cpu/u_core_top/load_active_meta_q_reg[forward_data][25]/CE","setup"
4279,-0.011,5.000,4.645,11,"student_top_inst/Core_cpu/u_core_top/scoreboard_q_reg[4][fu][0]/C","student_top_inst/Core_cpu/u_core_top/scoreboard_q_reg[7][result][2]/CE","setup"
4280,-0.011,5.000,4.803,7,"student_top_inst/Core_cpu/u_core_top/id_uop_q_reg[rs1][1]/C","student_top_inst/Core_cpu/u_core_top/scoreboard_q_reg[2][csr_src][22]/CE","setup"
4281,-0.011,5.000,4.803,7,"student_top_inst/Core_cpu/u_core_top/id_uop_q_reg[rs1][1]/C","student_top_inst/Core_cpu/u_core_top/scoreboard_q_reg[2][csr_src][24]/CE","setup"
4282,-0.011,5.000,4.803,7,"student_top_inst/Core_cpu/u_core_top/id_uop_q_reg[rs1][1]/C","student_top_inst/Core_cpu/u_core_top/scoreboard_q_reg[2][csr_src][25]/CE","setup"
4283,-0.011,5.000,4.803,7,"student_top_inst/Core_cpu/u_core_top/id_uop_q_reg[rs1][1]/C","student_top_inst/Core_cpu/u_core_top/scoreboard_q_reg[2][csr_src][27]/CE","setup"
4284,-0.011,5.000,4.803,7,"student_top_inst/Core_cpu/u_core_top/id_uop_q_reg[rs1][1]/C","student_top_inst/Core_cpu/u_core_top/scoreboard_q_reg[2][csr_src][29]/CE","setup"
4285,-0.011,5.000,4.855,6,"student_top_inst/Core_cpu/u_core_top/u_dcache/g_data_bank[3].u_data_bank/mem_q_reg_0/CLKBWRCLK","student_top_inst/Core_cpu/u_core_top/scoreboard_q_reg[5][result][7]/D","setup"
4286,-0.011,5.000,4.619,11,"student_top_inst/Core_cpu/u_core_top/scoreboard_q_reg[4][fu][0]/C","student_top_inst/Core_cpu/u_core_top/scoreboard_q_reg[6][csr_src][10]/R","setup"
4287,-0.011,5.000,4.619,11,"student_top_inst/Core_cpu/u_core_top/scoreboard_q_reg[4][fu][0]/C","student_top_inst/Core_cpu/u_core_top/scoreboard_q_reg[6][csr_src][11]/R","setup"
4288,-0.011,5.000,4.619,11,"student_top_inst/Core_cpu/u_core_top/scoreboard_q_reg[4][fu][0]/C","student_top_inst/Core_cpu/u_core_top/scoreboard_q_reg[6][csr_src][12]/R","setup"
4289,-0.011,5.000,4.619,11,"student_top_inst/Core_cpu/u_core_top/scoreboard_q_reg[4][fu][0]/C","student_top_inst/Core_cpu/u_core_top/scoreboard_q_reg[6][csr_src][13]/R","setup"
4290,-0.011,5.000,4.619,11,"student_top_inst/Core_cpu/u_core_top/scoreboard_q_reg[4][fu][0]/C","student_top_inst/Core_cpu/u_core_top/scoreboard_q_reg[6][csr_src][9]/R","setup"
4291,-0.011,5.000,4.944,7,"student_top_inst/Core_cpu/u_core_top/u_dcache/g_data_bank[3].u_data_bank/mem_q_reg_0/CLKBWRCLK","student_top_inst/Core_cpu/u_core_top/scoreboard_q_reg[1][result][17]/D","setup"
4292,-0.011,5.000,4.804,7,"student_top_inst/Core_cpu/u_core_top/id_uop_q_reg[rs1][1]/C","student_top_inst/Core_cpu/u_core_top/scoreboard_q_reg[3][csr_src][0]/CE","setup"
4293,-0.011,5.000,4.804,7,"student_top_inst/Core_cpu/u_core_top/id_uop_q_reg[rs1][1]/C","student_top_inst/Core_cpu/u_core_top/scoreboard_q_reg[3][csr_src][1]/CE","setup"
4294,-0.011,5.000,4.804,7,"student_top_inst/Core_cpu/u_core_top/id_uop_q_reg[rs1][1]/C","student_top_inst/Core_cpu/u_core_top/scoreboard_q_reg[3][csr_src][4]/CE","setup"
4295,-0.011,5.000,4.907,13,"student_top_inst/Core_cpu/u_core_top/scoreboard_q_reg[4][fu][0]/C","student_top_inst/Core_cpu/u_core_top/load_active_meta_q_reg[forward_data][20]/D","setup"
4296,-0.010,5.000,4.851,7,"student_top_inst/Core_cpu/u_core_top/u_dcache/g_data_bank[3].u_data_bank/mem_q_reg_0/CLKBWRCLK","student_top_inst/Core_cpu/u_core_top/exec_q_reg[op2][8]/D","setup"
4297,-0.010,5.000,4.534,7,"student_top_inst/Core_cpu/u_core_top/scoreboard_q_reg[4][fu][0]/C","student_top_inst/Core_cpu/u_core_top/u_frontend/u_branch_predictor/ras_q_reg[7][3]/CE","setup"
4298,-0.010,5.000,4.644,11,"student_top_inst/Core_cpu/u_core_top/scoreboard_q_reg[4][fu][0]/C","student_top_inst/Core_cpu/u_core_top/scoreboard_q_reg[7][result][1]/CE","setup"
4299,-0.010,5.000,4.644,11,"student_top_inst/Core_cpu/u_core_top/scoreboard_q_reg[4][fu][0]/C","student_top_inst/Core_cpu/u_core_top/scoreboard_q_reg[7][result][3]/CE","setup"
4300,-0.010,5.000,4.251,0,"student_top_inst/cpu_rst_sync_reg/C","student_top_inst/Core_cpu/u_core_top/u_regfile/regs_q_reg[10][21]/R","setup"
4301,-0.010,5.000,4.251,0,"student_top_inst/cpu_rst_sync_reg/C","student_top_inst/Core_cpu/u_core_top/u_regfile/regs_q_reg[10][27]/R","setup"
4302,-0.010,5.000,4.507,7,"student_top_inst/Core_cpu/u_core_top/scoreboard_q_reg[4][fu][0]/C","student_top_inst/Core_cpu/u_core_top/u_frontend/u_branch_predictor/ras_q_reg[7][5]/CE","setup"
4303,-0.010,5.000,4.664,11,"student_top_inst/Core_cpu/u_core_top/scoreboard_q_reg[4][fu][0]/C","student_top_inst/Core_cpu/u_core_top/scoreboard_q_reg[5][rd][1]/CE","setup"
4304,-0.010,5.000,4.664,11,"student_top_inst/Core_cpu/u_core_top/scoreboard_q_reg[4][fu][0]/C","student_top_inst/Core_cpu/u_core_top/scoreboard_q_reg[5][rd][3]/CE","setup"
4305,-0.010,5.000,4.664,11,"student_top_inst/Core_cpu/u_core_top/scoreboard_q_reg[4][fu][0]/C","student_top_inst/Core_cpu/u_core_top/scoreboard_q_reg[5][rd][4]/CE","setup"
4306,-0.010,5.000,4.664,11,"student_top_inst/Core_cpu/u_core_top/scoreboard_q_reg[4][fu][0]/C","student_top_inst/Core_cpu/u_core_top/scoreboard_q_reg[5][writes_rd]/CE","setup"
4307,-0.010,5.000,4.413,0,"student_top_inst/cpu_rst_sync_reg/C","student_top_inst/Core_cpu/u_core_top/store_q_reg[3][wdata][27]/R","setup"
4308,-0.010,5.000,4.413,0,"student_top_inst/cpu_rst_sync_reg/C","student_top_inst/Core_cpu/u_core_top/store_q_reg[3][wdata][4]/R","setup"
4309,-0.010,5.000,4.799,7,"student_top_inst/Core_cpu/u_core_top/id_uop_q_reg[rs1][1]/C","student_top_inst/Core_cpu/u_core_top/scoreboard_q_reg[2][csr_src][12]/CE","setup"
4310,-0.010,5.000,4.799,7,"student_top_inst/Core_cpu/u_core_top/id_uop_q_reg[rs1][1]/C","student_top_inst/Core_cpu/u_core_top/scoreboard_q_reg[2][csr_src][7]/CE","setup"
4311,-0.010,5.000,4.413,0,"student_top_inst/cpu_rst_sync_reg/C","student_top_inst/Core_cpu/u_core_top/store_q_reg[0][wdata][15]/R","setup"
4312,-0.010,5.000,4.413,0,"student_top_inst/cpu_rst_sync_reg/C","student_top_inst/Core_cpu/u_core_top/store_q_reg[0][wdata][21]/R","setup"
4313,-0.009,5.000,4.801,7,"student_top_inst/Core_cpu/u_core_top/id_uop_q_reg[rs1][1]/C","student_top_inst/Core_cpu/u_core_top/scoreboard_q_reg[1][csr_src][13]/CE","setup"
4314,-0.009,5.000,4.801,7,"student_top_inst/Core_cpu/u_core_top/id_uop_q_reg[rs1][1]/C","student_top_inst/Core_cpu/u_core_top/scoreboard_q_reg[1][csr_src][16]/CE","setup"
4315,-0.009,5.000,4.801,7,"student_top_inst/Core_cpu/u_core_top/id_uop_q_reg[rs1][1]/C","student_top_inst/Core_cpu/u_core_top/scoreboard_q_reg[1][csr_src][18]/CE","setup"
4316,-0.009,5.000,4.801,7,"student_top_inst/Core_cpu/u_core_top/id_uop_q_reg[rs1][1]/C","student_top_inst/Core_cpu/u_core_top/scoreboard_q_reg[1][csr_src][23]/CE","setup"
4317,-0.009,5.000,4.801,7,"student_top_inst/Core_cpu/u_core_top/id_uop_q_reg[rs1][1]/C","student_top_inst/Core_cpu/u_core_top/scoreboard_q_reg[1][csr_src][26]/CE","setup"
4318,-0.009,5.000,4.801,7,"student_top_inst/Core_cpu/u_core_top/id_uop_q_reg[rs1][1]/C","student_top_inst/Core_cpu/u_core_top/scoreboard_q_reg[1][csr_src][30]/CE","setup"
4319,-0.009,5.000,4.801,7,"student_top_inst/Core_cpu/u_core_top/id_uop_q_reg[rs1][1]/C","student_top_inst/Core_cpu/u_core_top/scoreboard_q_reg[1][csr_src][31]/CE","setup"
4320,-0.009,5.000,4.801,7,"student_top_inst/Core_cpu/u_core_top/id_uop_q_reg[rs1][1]/C","student_top_inst/Core_cpu/u_core_top/scoreboard_q_reg[1][csr_src][6]/CE","setup"
4321,-0.009,5.000,4.874,0,"student_top_inst/Core_cpu/u_core_top/u_dmem_regslice/req_addr_q_reg[12]/C","student_top_inst/mem_bridge/dram_adapter/dram/U0/inst_blk_mem_gen/gnbram.gnativebmg.native_blk_mem_gen/valid.cstr/ramloop[55].ram.r/prim_init.ram/DEVICE_7SERIES.NO_BMM_INFO.SP.SIMPLE_PRIM36.ram/ADDRARDADDR[13]","setup"
4322,-0.009,5.000,4.718,7,"student_top_inst/Core_cpu/u_core_top/commit_ptr_q_reg[2]_rep/C","student_top_inst/Core_cpu/u_core_top/u_csr/mtval_q_reg[14]/D","setup"
4323,-0.009,5.000,4.736,11,"student_top_inst/Core_cpu/u_core_top/scoreboard_q_reg[4][fu][0]/C","student_top_inst/Core_cpu/u_core_top/scoreboard_q_reg[6][exception_tval][1]/D","setup"
4324,-0.009,5.000,4.458,11,"student_top_inst/Core_cpu/u_core_top/scoreboard_q_reg[4][fu][0]/C","student_top_inst/Core_cpu/u_core_top/scoreboard_q_reg[7][link_addr][1]/CE","setup"
4325,-0.009,5.000,4.458,11,"student_top_inst/Core_cpu/u_core_top/scoreboard_q_reg[4][fu][0]/C","student_top_inst/Core_cpu/u_core_top/scoreboard_q_reg[7][pc][29]/CE","setup"
4326,-0.009,5.000,4.458,11,"student_top_inst/Core_cpu/u_core_top/scoreboard_q_reg[4][fu][0]/C","student_top_inst/Core_cpu/u_core_top/scoreboard_q_reg[7][pc][2]/CE","setup"
4327,-0.009,5.000,4.458,11,"student_top_inst/Core_cpu/u_core_top/scoreboard_q_reg[4][fu][0]/C","student_top_inst/Core_cpu/u_core_top/scoreboard_q_reg[7][pc][30]/CE","setup"
4328,-0.009,5.000,4.458,11,"student_top_inst/Core_cpu/u_core_top/scoreboard_q_reg[4][fu][0]/C","student_top_inst/Core_cpu/u_core_top/scoreboard_q_reg[7][pc][8]/CE","setup"
4329,-0.009,5.000,4.953,8,"student_top_inst/Core_cpu/u_core_top/u_muldiv/b_q_reg[22]/C","student_top_inst/Core_cpu/u_core_top/exec_q_reg[op1][16]/D","setup"
4330,-0.009,5.000,4.227,0,"student_top_inst/cpu_rst_sync_reg/C","student_top_inst/Core_cpu/u_core_top/u_regfile/regs_q_reg[8][21]/R","setup"
4331,-0.009,5.000,4.227,0,"student_top_inst/cpu_rst_sync_reg/C","student_top_inst/Core_cpu/u_core_top/u_regfile/regs_q_reg[8][28]/R","setup"
4332,-0.009,5.000,4.972,11,"student_top_inst/Core_cpu/u_core_top/store_head_q_reg[1]/C","student_top_inst/Core_cpu/u_core_top/load_active_meta_q_reg[forward_data][10]/D","setup"
4333,-0.009,5.000,4.266,8,"student_top_inst/Core_cpu/u_core_top/scoreboard_q_reg[4][fu][0]/C","student_top_inst/Core_cpu/u_core_top/u_frontend/u_fetch_queue/entries_q_reg[3][instr]_0_3_12_17/RAMA/WE","setup"
4334,-0.009,5.000,4.266,8,"student_top_inst/Core_cpu/u_core_top/scoreboard_q_reg[4][fu][0]/C","student_top_inst/Core_cpu/u_core_top/u_frontend/u_fetch_queue/entries_q_reg[3][instr]_0_3_12_17/RAMA_D1/WE","setup"
4335,-0.009,5.000,4.266,8,"student_top_inst/Core_cpu/u_core_top/scoreboard_q_reg[4][fu][0]/C","student_top_inst/Core_cpu/u_core_top/u_frontend/u_fetch_queue/entries_q_reg[3][instr]_0_3_12_17/RAMB/WE","setup"
4336,-0.009,5.000,4.266,8,"student_top_inst/Core_cpu/u_core_top/scoreboard_q_reg[4][fu][0]/C","student_top_inst/Core_cpu/u_core_top/u_frontend/u_fetch_queue/entries_q_reg[3][instr]_0_3_12_17/RAMB_D1/WE","setup"
4337,-0.009,5.000,4.266,8,"student_top_inst/Core_cpu/u_core_top/scoreboard_q_reg[4][fu][0]/C","student_top_inst/Core_cpu/u_core_top/u_frontend/u_fetch_queue/entries_q_reg[3][instr]_0_3_12_17/RAMC/WE","setup"
4338,-0.009,5.000,4.266,8,"student_top_inst/Core_cpu/u_core_top/scoreboard_q_reg[4][fu][0]/C","student_top_inst/Core_cpu/u_core_top/u_frontend/u_fetch_queue/entries_q_reg[3][instr]_0_3_12_17/RAMC_D1/WE","setup"
4339,-0.009,5.000,4.266,8,"student_top_inst/Core_cpu/u_core_top/scoreboard_q_reg[4][fu][0]/C","student_top_inst/Core_cpu/u_core_top/u_frontend/u_fetch_queue/entries_q_reg[3][instr]_0_3_12_17/RAMD/WE","setup"
4340,-0.009,5.000,4.266,8,"student_top_inst/Core_cpu/u_core_top/scoreboard_q_reg[4][fu][0]/C","student_top_inst/Core_cpu/u_core_top/u_frontend/u_fetch_queue/entries_q_reg[3][instr]_0_3_12_17/RAMD_D1/WE","setup"
4341,-0.009,5.000,4.849,7,"student_top_inst/Core_cpu/u_core_top/u_dcache/g_data_bank[3].u_data_bank/mem_q_reg_0/CLKBWRCLK","student_top_inst/Core_cpu/u_core_top/scoreboard_q_reg[3][result][16]/D","setup"
4342,-0.008,5.000,4.799,7,"student_top_inst/Core_cpu/u_core_top/id_uop_q_reg[rs1][1]/C","student_top_inst/Core_cpu/u_core_top/scoreboard_q_reg[1][fu][0]/CE","setup"
4343,-0.008,5.000,4.799,7,"student_top_inst/Core_cpu/u_core_top/id_uop_q_reg[rs1][1]/C","student_top_inst/Core_cpu/u_core_top/scoreboard_q_reg[1][fu][1]/CE","setup"
4344,-0.008,5.000,4.799,7,"student_top_inst/Core_cpu/u_core_top/id_uop_q_reg[rs1][1]/C","student_top_inst/Core_cpu/u_core_top/scoreboard_q_reg[1][pc][21]/CE","setup"
4345,-0.008,5.000,4.799,7,"student_top_inst/Core_cpu/u_core_top/id_uop_q_reg[rs1][1]/C","student_top_inst/Core_cpu/u_core_top/scoreboard_q_reg[1][sys_op][1]/CE","setup"
4346,-0.008,5.000,4.862,6,"student_top_inst/Core_cpu/u_core_top/u_dcache/g_data_bank[3].u_data_bank/mem_q_reg_0/CLKBWRCLK","student_top_inst/Core_cpu/u_core_top/scoreboard_q_reg[1][csr_src][4]/D","setup"
4347,-0.008,5.000,4.862,6,"student_top_inst/Core_cpu/u_core_top/u_dcache/g_data_bank[3].u_data_bank/mem_q_reg_0/CLKBWRCLK","student_top_inst/Core_cpu/u_core_top/scoreboard_q_reg[3][csr_src][4]/D","setup"
4348,-0.008,5.000,4.927,1,"student_top_inst/Core_cpu/u_core_top/u_dmem_regslice/req_wdata_q_reg[6]/C","student_top_inst/mem_bridge/dram_adapter/dram/U0/inst_blk_mem_gen/gnbram.gnativebmg.native_blk_mem_gen/valid.cstr/ramloop[8].ram.r/prim_init.ram/DEVICE_7SERIES.NO_BMM_INFO.SP.SIMPLE_PRIM36.ram/DIADI[6]","setup"
4349,-0.007,5.000,4.880,6,"student_top_inst/Core_cpu/u_core_top/u_dcache/g_data_bank[3].u_data_bank/mem_q_reg_0/CLKBWRCLK","student_top_inst/Core_cpu/u_core_top/scoreboard_q_reg[2][result][8]/D","setup"
4350,-0.007,5.000,4.952,12,"student_top_inst/Core_cpu/u_core_top/scoreboard_q_reg[4][fu][0]/C","student_top_inst/Core_cpu/u_core_top/scoreboard_q_reg[7][store_slot][0]/D","setup"
4351,-0.007,5.000,4.411,0,"student_top_inst/cpu_rst_sync_reg/C","student_top_inst/Core_cpu/u_core_top/store_q_reg[2][wdata][21]/R","setup"
4352,-0.007,5.000,4.801,7,"student_top_inst/Core_cpu/u_core_top/id_uop_q_reg[rs1][1]/C","student_top_inst/Core_cpu/u_core_top/scoreboard_q_reg[2][csr_src][0]/CE","setup"
4353,-0.007,5.000,4.219,0,"student_top_inst/cpu_rst_sync_reg/C","student_top_inst/Core_cpu/u_core_top/branch_target_reg[9]/R","setup"
4354,-0.007,5.000,4.799,7,"student_top_inst/Core_cpu/u_core_top/id_uop_q_reg[rs1][1]/C","student_top_inst/Core_cpu/u_core_top/scoreboard_q_reg[1][csr_src][11]/CE","setup"
4355,-0.007,5.000,4.799,7,"student_top_inst/Core_cpu/u_core_top/id_uop_q_reg[rs1][1]/C","student_top_inst/Core_cpu/u_core_top/scoreboard_q_reg[1][csr_src][12]/CE","setup"
4356,-0.007,5.000,4.799,7,"student_top_inst/Core_cpu/u_core_top/id_uop_q_reg[rs1][1]/C","student_top_inst/Core_cpu/u_core_top/scoreboard_q_reg[1][csr_src][15]/CE","setup"
4357,-0.007,5.000,4.799,7,"student_top_inst/Core_cpu/u_core_top/id_uop_q_reg[rs1][1]/C","student_top_inst/Core_cpu/u_core_top/scoreboard_q_reg[1][csr_src][19]/CE","setup"
4358,-0.007,5.000,4.799,7,"student_top_inst/Core_cpu/u_core_top/id_uop_q_reg[rs1][1]/C","student_top_inst/Core_cpu/u_core_top/scoreboard_q_reg[1][csr_src][7]/CE","setup"
4359,-0.007,5.000,4.794,0,"student_top_inst/Core_cpu/u_core_top/u_dmem_regslice/req_addr_q_reg[9]/C","student_top_inst/mem_bridge/dram_adapter/dram/U0/inst_blk_mem_gen/gnbram.gnativebmg.native_blk_mem_gen/valid.cstr/ramloop[54].ram.r/prim_init.ram/DEVICE_7SERIES.NO_BMM_INFO.SP.SIMPLE_PRIM36.ram/ADDRARDADDR[10]","setup"
4360,-0.007,5.000,4.873,0,"student_top_inst/Core_cpu/u_core_top/u_dmem_regslice/req_addr_q_reg[3]/C","student_top_inst/mem_bridge/dram_adapter/dram/U0/inst_blk_mem_gen/gnbram.gnativebmg.native_blk_mem_gen/valid.cstr/ramloop[50].ram.r/prim_init.ram/DEVICE_7SERIES.NO_BMM_INFO.SP.SIMPLE_PRIM36.ram/ADDRARDADDR[4]","setup"
4361,-0.007,5.000,4.647,6,"student_top_inst/Core_cpu/u_core_top/commit_ptr_q_reg[2]_rep/C","student_top_inst/Core_cpu/u_core_top/u_csr/mtvec_q_reg[3]/D","setup"
4362,-0.007,5.000,5.085,1,"student_top_inst/Core_cpu/u_core_top/u_dmem_regslice/req_wdata_q_reg[26]/C","student_top_inst/mem_bridge/dram_adapter/dram/U0/inst_blk_mem_gen/gnbram.gnativebmg.native_blk_mem_gen/valid.cstr/ramloop[63].ram.r/prim_init.ram/DEVICE_7SERIES.NO_BMM_INFO.SP.SIMPLE_PRIM36.ram/DIADI[2]","setup"
4363,-0.007,5.000,4.531,7,"student_top_inst/Core_cpu/u_core_top/scoreboard_q_reg[4][fu][0]/C","student_top_inst/Core_cpu/u_core_top/u_frontend/u_branch_predictor/ras_q_reg[3][11]/CE","setup"
4364,-0.007,5.000,4.531,7,"student_top_inst/Core_cpu/u_core_top/scoreboard_q_reg[4][fu][0]/C","student_top_inst/Core_cpu/u_core_top/u_frontend/u_branch_predictor/ras_q_reg[3][12]/CE","setup"
4365,-0.007,5.000,4.531,7,"student_top_inst/Core_cpu/u_core_top/scoreboard_q_reg[4][fu][0]/C","student_top_inst/Core_cpu/u_core_top/u_frontend/u_branch_predictor/ras_q_reg[3][3]/CE","setup"
4366,-0.007,5.000,4.531,7,"student_top_inst/Core_cpu/u_core_top/scoreboard_q_reg[4][fu][0]/C","student_top_inst/Core_cpu/u_core_top/u_frontend/u_branch_predictor/ras_q_reg[3][8]/CE","setup"
4367,-0.007,5.000,4.531,7,"student_top_inst/Core_cpu/u_core_top/scoreboard_q_reg[4][fu][0]/C","student_top_inst/Core_cpu/u_core_top/u_frontend/u_branch_predictor/ras_q_reg[3][9]/CE","setup"
4368,-0.007,5.000,4.780,5,"student_top_inst/mem_bridge/dram_adapter/dram/U0/inst_blk_mem_gen/gnbram.gnativebmg.native_blk_mem_gen/valid.cstr/has_mux_a.A/no_softecc_norm_sel2.has_mem_regs.WITHOUT_ECC_PIPE.ce_pri.sel_pipe_d1_reg[2]/C","student_top_inst/Core_cpu/u_core_top/u_dmem_regslice/resp_rdata_q_reg[4]/D","setup"
4369,-0.007,5.000,4.908,7,"student_top_inst/Core_cpu/u_core_top/u_dcache/g_data_bank[3].u_data_bank/mem_q_reg_0/CLKBWRCLK","student_top_inst/Core_cpu/u_core_top/scoreboard_q_reg[2][result][16]/D","setup"
4370,-0.006,5.000,4.852,5,"student_top_inst/Core_cpu/u_core_top/u_dcache/g_data_bank[3].u_data_bank/mem_q_reg_0/CLKBWRCLK","student_top_inst/Core_cpu/u_core_top/scoreboard_q_reg[1][result][4]/D","setup"
4371,-0.006,5.000,4.870,5,"student_top_inst/Core_cpu/u_core_top/u_dcache/g_data_bank[3].u_data_bank/mem_q_reg_0/CLKBWRCLK","student_top_inst/Core_cpu/u_core_top/scoreboard_q_reg[0][csr_src][6]/D","setup"
4372,-0.006,5.000,4.874,0,"student_top_inst/Core_cpu/u_core_top/u_dmem_regslice/req_addr_q_reg[10]/C","student_top_inst/mem_bridge/dram_adapter/dram/U0/inst_blk_mem_gen/gnbram.gnativebmg.native_blk_mem_gen/valid.cstr/ramloop[50].ram.r/prim_init.ram/DEVICE_7SERIES.NO_BMM_INFO.SP.SIMPLE_PRIM36.ram/ADDRARDADDR[11]","setup"
4373,-0.005,5.000,5.059,8,"student_top_inst/Core_cpu/u_core_top/id_uop_q_reg[rs1][1]/C","student_top_inst/Core_cpu/u_core_top/scoreboard_q_reg[5][occupied]/D","setup"
4374,-0.005,5.000,4.816,0,"student_top_inst/Core_cpu/u_core_top/u_dmem_regslice/req_addr_q_reg[5]/C","student_top_inst/mem_bridge/dram_adapter/dram/U0/inst_blk_mem_gen/gnbram.gnativebmg.native_blk_mem_gen/valid.cstr/ramloop[13].ram.r/prim_init.ram/DEVICE_7SERIES.NO_BMM_INFO.SP.SIMPLE_PRIM36.ram/ADDRARDADDR[6]","setup"
4375,-0.005,5.000,4.453,11,"student_top_inst/Core_cpu/u_core_top/scoreboard_q_reg[4][fu][0]/C","student_top_inst/Core_cpu/u_core_top/scoreboard_q_reg[7][is_call]/CE","setup"
4376,-0.005,5.000,4.453,11,"student_top_inst/Core_cpu/u_core_top/scoreboard_q_reg[4][fu][0]/C","student_top_inst/Core_cpu/u_core_top/scoreboard_q_reg[7][link_addr][22]/CE","setup"
4377,-0.005,5.000,4.453,11,"student_top_inst/Core_cpu/u_core_top/scoreboard_q_reg[4][fu][0]/C","student_top_inst/Core_cpu/u_core_top/scoreboard_q_reg[7][link_addr][24]/CE","setup"
4378,-0.005,5.000,4.453,11,"student_top_inst/Core_cpu/u_core_top/scoreboard_q_reg[4][fu][0]/C","student_top_inst/Core_cpu/u_core_top/scoreboard_q_reg[7][link_addr][29]/CE","setup"
4379,-0.005,5.000,4.453,11,"student_top_inst/Core_cpu/u_core_top/scoreboard_q_reg[4][fu][0]/C","student_top_inst/Core_cpu/u_core_top/scoreboard_q_reg[7][link_addr][31]/CE","setup"
4380,-0.005,5.000,4.453,11,"student_top_inst/Core_cpu/u_core_top/scoreboard_q_reg[4][fu][0]/C","student_top_inst/Core_cpu/u_core_top/scoreboard_q_reg[7][pc][0]/CE","setup"
4381,-0.005,5.000,4.453,11,"student_top_inst/Core_cpu/u_core_top/scoreboard_q_reg[4][fu][0]/C","student_top_inst/Core_cpu/u_core_top/scoreboard_q_reg[7][pc][20]/CE","setup"
4382,-0.005,5.000,4.453,11,"student_top_inst/Core_cpu/u_core_top/scoreboard_q_reg[4][fu][0]/C","student_top_inst/Core_cpu/u_core_top/scoreboard_q_reg[7][pc][27]/CE","setup"
4383,-0.004,5.000,4.707,6,"student_top_inst/Core_cpu/u_core_top/commit_ptr_q_reg[2]_rep/C","student_top_inst/Core_cpu/u_core_top/wb_data_q_reg[20]/D","setup"
4384,-0.004,5.000,4.698,11,"student_top_inst/Core_cpu/u_core_top/scoreboard_q_reg[4][fu][0]/C","student_top_inst/Core_cpu/u_core_top/scoreboard_q_reg[7][csr_src][17]/CE","setup"
4385,-0.004,5.000,4.698,11,"student_top_inst/Core_cpu/u_core_top/scoreboard_q_reg[4][fu][0]/C","student_top_inst/Core_cpu/u_core_top/scoreboard_q_reg[7][csr_src][8]/CE","setup"
4386,-0.004,5.000,4.894,10,"student_top_inst/Core_cpu/u_core_top/store_head_q_reg[0]/C","student_top_inst/Core_cpu/u_core_top/load_q_reg[1][forward_data][7]/D","setup"
4387,-0.004,5.000,4.795,0,"student_top_inst/Core_cpu/u_core_top/u_dmem_regslice/req_addr_q_reg[5]/C","student_top_inst/mem_bridge/dram_adapter/dram/U0/inst_blk_mem_gen/gnbram.gnativebmg.native_blk_mem_gen/valid.cstr/ramloop[12].ram.r/prim_init.ram/DEVICE_7SERIES.NO_BMM_INFO.SP.SIMPLE_PRIM36.ram/ADDRARDADDR[6]","setup"
4388,-0.004,5.000,4.696,10,"student_top_inst/Core_cpu/u_core_top/scoreboard_q_reg[4][fu][0]/C","student_top_inst/Core_cpu/u_core_top/scoreboard_q_reg[0][exception_tval][11]/D","setup"
4389,-0.004,5.000,4.748,5,"student_top_inst/mem_bridge/dram_adapter/dram/U0/inst_blk_mem_gen/gnbram.gnativebmg.native_blk_mem_gen/valid.cstr/has_mux_a.A/no_softecc_norm_sel2.has_mem_regs.WITHOUT_ECC_PIPE.ce_pri.sel_pipe_d1_reg[2]/C","student_top_inst/Core_cpu/u_core_top/u_dmem_regslice/resp_rdata_q_reg[21]/D","setup"
4390,-0.003,5.000,4.781,5,"student_top_inst/mem_bridge/dram_adapter/dram/U0/inst_blk_mem_gen/gnbram.gnativebmg.native_blk_mem_gen/valid.cstr/has_mux_a.A/no_softecc_norm_sel2.has_mem_regs.WITHOUT_ECC_PIPE.ce_pri.sel_pipe_d1_reg[2]/C","student_top_inst/Core_cpu/u_core_top/u_dmem_regslice/resp_rdata_q_reg[26]/D","setup"
4391,-0.003,5.000,4.503,7,"student_top_inst/Core_cpu/u_core_top/scoreboard_q_reg[4][fu][0]/C","student_top_inst/Core_cpu/u_core_top/u_frontend/u_branch_predictor/ras_q_reg[4][22]/CE","setup"
4392,-0.003,5.000,4.503,7,"student_top_inst/Core_cpu/u_core_top/scoreboard_q_reg[4][fu][0]/C","student_top_inst/Core_cpu/u_core_top/u_frontend/u_branch_predictor/ras_q_reg[4][30]/CE","setup"
4393,-0.003,5.000,4.503,7,"student_top_inst/Core_cpu/u_core_top/scoreboard_q_reg[4][fu][0]/C","student_top_inst/Core_cpu/u_core_top/u_frontend/u_branch_predictor/ras_q_reg[4][31]/CE","setup"
4394,-0.003,5.000,4.503,7,"student_top_inst/Core_cpu/u_core_top/scoreboard_q_reg[4][fu][0]/C","student_top_inst/Core_cpu/u_core_top/u_frontend/u_branch_predictor/ras_q_reg[4][7]/CE","setup"
4395,-0.002,5.000,4.733,6,"student_top_inst/Core_cpu/u_core_top/commit_ptr_q_reg[2]_rep/C","student_top_inst/Core_cpu/u_core_top/wb_data_q_reg[22]/D","setup"
4396,-0.002,5.000,4.295,1,"student_top_inst/cpu_rst_sync_reg/C","student_top_inst/Core_cpu/u_core_top/u_frontend/u_branch_predictor/tag_q_reg_0_63_17_17/DP/WE","setup"
4397,-0.002,5.000,4.295,1,"student_top_inst/cpu_rst_sync_reg/C","student_top_inst/Core_cpu/u_core_top/u_frontend/u_branch_predictor/tag_q_reg_0_63_17_17/SP/WE","setup"
4398,-0.002,5.000,4.295,1,"student_top_inst/cpu_rst_sync_reg/C","student_top_inst/Core_cpu/u_core_top/u_frontend/u_branch_predictor/tag_q_reg_0_63_18_18/DP/WE","setup"
4399,-0.002,5.000,4.295,1,"student_top_inst/cpu_rst_sync_reg/C","student_top_inst/Core_cpu/u_core_top/u_frontend/u_branch_predictor/tag_q_reg_0_63_18_18/SP/WE","setup"
4400,-0.001,5.000,4.695,11,"student_top_inst/Core_cpu/u_core_top/scoreboard_q_reg[4][fu][0]/C","student_top_inst/Core_cpu/u_core_top/scoreboard_q_reg[2][exception_tval][30]/D","setup"
4401,-0.001,5.000,4.386,0,"student_top_inst/cpu_rst_sync_reg/C","student_top_inst/Core_cpu/u_core_top/store_q_reg[1][addr][11]/R","setup"
