Copyright 1986-2022 Xilinx, Inc. All Rights Reserved. Copyright 2022-2023 Advanced Micro Devices, Inc. All Rights Reserved.
----------------------------------------------------------------------------------------------------------------------------------------------------------------------------------------------------------------------------------------
| Tool Version : Vivado v.2023.2 (win64) Build 4029153 Fri Oct 13 20:14:34 MDT 2023
| Date         : Mon Jul 13 19:51:57 2026
| Host         : LAPTOP-6CG4KN49 running 64-bit major release  (build 9200)
| Command      : report_timing_summary -delay_type max -report_unconstrained -check_timing_verbose -max_paths 20 -file Z:/home/jiabingyu/prj/26_myprj/superScalar/fpga/build/digital_twin_srcWithMext/reports/routed_timing_summary.rpt
| Design       : top
| Device       : 7k325t-ffg900
| Speed File   : -2  PRODUCTION 1.12 2017-02-17
| Design State : Routed
----------------------------------------------------------------------------------------------------------------------------------------------------------------------------------------------------------------------------------------

Timing Summary Report

------------------------------------------------------------------------------------------------
| Timer Settings
| --------------
------------------------------------------------------------------------------------------------

  Enable Multi Corner Analysis               :  Yes
  Enable Pessimism Removal                   :  Yes
  Pessimism Removal Resolution               :  Nearest Common Node
  Enable Input Delay Default Clock           :  No
  Enable Preset / Clear Arcs                 :  No
  Disable Flight Delays                      :  No
  Ignore I/O Paths                           :  No
  Timing Early Launch at Borrowing Latches   :  No
  Borrow Time for Max Delay Exceptions       :  Yes
  Merge Timing Exceptions                    :  Yes
  Inter-SLR Compensation                     :  Conservative

  Corner  Analyze    Analyze    
  Name    Max Paths  Min Paths  
  ------  ---------  ---------  
  Slow    Yes        Yes        
  Fast    Yes        Yes        


------------------------------------------------------------------------------------------------
| Report Methodology
| ------------------
------------------------------------------------------------------------------------------------

Rule       Severity  Description                                           Violations  
---------  --------  ----------------------------------------------------  ----------  
TIMING-16  Warning   Large setup violation                                 1000        
TIMING-18  Warning   Missing input or output delay                         32          
TIMING-28  Warning   Auto-derived clock referenced by a timing constraint  2           
TIMING-47  Warning   False path                                            2           

Note: This report is based on the most recent report_methodology run and may not be up-to-date. Run report_methodology on the current design for the latest report.



check_timing report

Table of Contents
-----------------
1. checking no_clock (0)
2. checking constant_clock (0)
3. checking pulse_width_clock (0)
4. checking unconstrained_internal_endpoints (0)
5. checking no_input_delay (1)
6. checking no_output_delay (69)
7. checking multiple_clock (0)
8. checking generated_clocks (0)
9. checking loops (0)
10. checking partial_input_delay (0)
11. checking partial_output_delay (0)
12. checking latch_loops (0)

1. checking no_clock (0)
------------------------
 There are 0 register/latch pins with no clock.


2. checking constant_clock (0)
------------------------------
 There are 0 register/latch pins with constant_clock.


3. checking pulse_width_clock (0)
---------------------------------
 There are 0 register/latch pins which need pulse_width check


4. checking unconstrained_internal_endpoints (0)
------------------------------------------------
 There are 0 pins that are not constrained for maximum delay.

 There are 0 pins that are not constrained for maximum delay due to constant clock.


5. checking no_input_delay (1)
------------------------------
 There is 1 input port with no input delay specified. (HIGH)

i_uart_rx

 There are 0 input ports with no input delay but user has a false path constraint.


6. checking no_output_delay (69)
--------------------------------
 There are 69 ports with no output delay specified. (HIGH)

o_uart_tx
virtual_led[0]
virtual_led[10]
virtual_led[11]
virtual_led[12]
virtual_led[13]
virtual_led[14]
virtual_led[15]
virtual_led[16]
virtual_led[17]
virtual_led[18]
virtual_led[19]
virtual_led[1]
virtual_led[20]
virtual_led[21]
virtual_led[22]
virtual_led[23]
virtual_led[24]
virtual_led[25]
virtual_led[26]
virtual_led[27]
virtual_led[28]
virtual_led[29]
virtual_led[2]
virtual_led[30]
virtual_led[31]
virtual_led[3]
virtual_led[4]
virtual_led[5]
virtual_led[6]
virtual_led[7]
virtual_led[8]
virtual_led[9]
virtual_seg[0]
virtual_seg[10]
virtual_seg[11]
virtual_seg[12]
virtual_seg[13]
virtual_seg[14]
virtual_seg[15]
virtual_seg[16]
virtual_seg[18]
virtual_seg[19]
virtual_seg[1]
virtual_seg[20]
virtual_seg[21]
virtual_seg[22]
virtual_seg[23]
virtual_seg[24]
virtual_seg[25]
virtual_seg[26]
virtual_seg[28]
virtual_seg[29]
virtual_seg[2]
virtual_seg[30]
virtual_seg[31]
virtual_seg[32]
virtual_seg[33]
virtual_seg[34]
virtual_seg[35]
virtual_seg[36]
virtual_seg[38]
virtual_seg[39]
virtual_seg[3]
virtual_seg[4]
virtual_seg[5]
virtual_seg[6]
virtual_seg[8]
virtual_seg[9]

 There are 0 ports with no output delay but user has a false path constraint

 There are 0 ports with no output delay but with a timing clock defined on it or propagating through it


7. checking multiple_clock (0)
------------------------------
 There are 0 register/latch pins with multiple clocks.


8. checking generated_clocks (0)
--------------------------------
 There are 0 generated clocks that are not connected to a clock source.


9. checking loops (0)
---------------------
 There are 0 combinational loops in the design.


10. checking partial_input_delay (0)
------------------------------------
 There are 0 input ports with partial input delay specified.


11. checking partial_output_delay (0)
-------------------------------------
 There are 0 ports with partial output delay specified.


12. checking latch_loops (0)
----------------------------
 There are 0 combinational latch loops in the design through latch input



------------------------------------------------------------------------------------------------
| Design Timing Summary
| ---------------------
------------------------------------------------------------------------------------------------

    WNS(ns)      TNS(ns)  TNS Failing Endpoints  TNS Total Endpoints     WPWS(ns)     TPWS(ns)  TPWS Failing Endpoints  TPWS Total Endpoints  
    -------      -------  ---------------------  -------------------     --------     --------  ----------------------  --------------------  
     -3.616   -15090.523                  11183                32629        1.100        0.000                       0                 12916  


Timing constraints are not met.


------------------------------------------------------------------------------------------------
| Clock Summary
| -------------
------------------------------------------------------------------------------------------------

Clock           Waveform(ns)         Period(ns)      Frequency(MHz)
-----           ------------         ----------      --------------
i_sys_clk_p     {0.000 2.500}        5.000           200.000         
  clk_out1_pll  {0.000 10.000}       20.000          50.000          
  clk_out2_pll  {0.000 2.500}        5.000           200.000         
  clkfbout_pll  {0.000 2.500}        5.000           200.000         


------------------------------------------------------------------------------------------------
| Intra Clock Table
| -----------------
------------------------------------------------------------------------------------------------

Clock               WNS(ns)      TNS(ns)  TNS Failing Endpoints  TNS Total Endpoints     WPWS(ns)     TPWS(ns)  TPWS Failing Endpoints  TPWS Total Endpoints  
-----               -------      -------  ---------------------  -------------------     --------     --------  ----------------------  --------------------  
i_sys_clk_p                                                                                 1.100        0.000                       0                     1  
  clk_out1_pll       13.901        0.000                      0                  885        9.600        0.000                       0                   583  
  clk_out2_pll       -3.616   -15090.523                  11183                31425        1.732        0.000                       0                 12329  
  clkfbout_pll                                                                              3.592        0.000                       0                     3  


------------------------------------------------------------------------------------------------
| Inter Clock Table
| -----------------
------------------------------------------------------------------------------------------------

From Clock    To Clock          WNS(ns)      TNS(ns)  TNS Failing Endpoints  TNS Total Endpoints  
----------    --------          -------      -------  ---------------------  -------------------  


------------------------------------------------------------------------------------------------
| Other Path Groups Table
| -----------------------
------------------------------------------------------------------------------------------------

Path Group         From Clock         To Clock               WNS(ns)      TNS(ns)  TNS Failing Endpoints  TNS Total Endpoints  
----------         ----------         --------               -------      -------  ---------------------  -------------------  
**async_default**  clk_out1_pll       clk_out1_pll            17.066        0.000                      0                  319  


------------------------------------------------------------------------------------------------
| User Ignored Path Table
| -----------------------
------------------------------------------------------------------------------------------------

Path Group    From Clock    To Clock    
----------    ----------    --------    
(none)        clk_out2_pll  clk_out1_pll  
(none)        clk_out1_pll  clk_out2_pll  


------------------------------------------------------------------------------------------------
| Unconstrained Path Table
| ------------------------
------------------------------------------------------------------------------------------------

Path Group    From Clock    To Clock    
----------    ----------    --------    
(none)        clk_out1_pll                
(none)        clk_out2_pll                
(none)        clkfbout_pll                
(none)                      clk_out1_pll  


------------------------------------------------------------------------------------------------
| Timing Details
| --------------
------------------------------------------------------------------------------------------------


---------------------------------------------------------------------------------------------------
From Clock:  i_sys_clk_p
  To Clock:  i_sys_clk_p

Setup :           NA  Failing Endpoints,  Worst Slack           NA  ,  Total Violation           NA
Hold  :           NA  Failing Endpoints,  Worst Slack           NA  ,  Total Violation           NA
PW    :            0  Failing Endpoints,  Worst Slack        1.100ns,  Total Violation        0.000ns
---------------------------------------------------------------------------------------------------


Pulse Width Checks
--------------------------------------------------------------------------------------
Clock Name:         i_sys_clk_p
Waveform(ns):       { 0.000 2.500 }
Period(ns):         5.000
Sources:            { i_sys_clk_p }

Check Type        Corner  Lib Pin            Reference Pin  Required(ns)  Actual(ns)  Slack(ns)  Location         Pin
Min Period        n/a     MMCME2_ADV/CLKIN1  n/a            1.071         5.000       3.929      MMCME2_ADV_X1Y1  pll_inst/inst/mmcm_adv_inst/CLKIN1
Max Period        n/a     MMCME2_ADV/CLKIN1  n/a            100.000       5.000       95.000     MMCME2_ADV_X1Y1  pll_inst/inst/mmcm_adv_inst/CLKIN1
Low Pulse Width   Slow    MMCME2_ADV/CLKIN1  n/a            1.400         2.500       1.100      MMCME2_ADV_X1Y1  pll_inst/inst/mmcm_adv_inst/CLKIN1
Low Pulse Width   Fast    MMCME2_ADV/CLKIN1  n/a            1.400         2.500       1.100      MMCME2_ADV_X1Y1  pll_inst/inst/mmcm_adv_inst/CLKIN1
High Pulse Width  Slow    MMCME2_ADV/CLKIN1  n/a            1.400         2.500       1.100      MMCME2_ADV_X1Y1  pll_inst/inst/mmcm_adv_inst/CLKIN1
High Pulse Width  Fast    MMCME2_ADV/CLKIN1  n/a            1.400         2.500       1.100      MMCME2_ADV_X1Y1  pll_inst/inst/mmcm_adv_inst/CLKIN1



---------------------------------------------------------------------------------------------------
From Clock:  clk_out1_pll
  To Clock:  clk_out1_pll

Setup :            0  Failing Endpoints,  Worst Slack       13.901ns,  Total Violation        0.000ns
Hold  :           NA  Failing Endpoints,  Worst Slack           NA  ,  Total Violation           NA
PW    :            0  Failing Endpoints,  Worst Slack        9.600ns,  Total Violation        0.000ns
---------------------------------------------------------------------------------------------------


Max Delay Paths
--------------------------------------------------------------------------------------
Slack (MET) :             13.901ns  (required time - arrival time)
  Source:                 student_top_inst/mem_bridge/seg_driver/count_reg[4]/C
                            (rising edge-triggered cell FDCE clocked by clk_out1_pll  {rise@0.000ns fall@10.000ns period=20.000ns})
  Destination:            virtual_seg_50_d1_reg[29]/D
                            (rising edge-triggered cell FDCE clocked by clk_out1_pll  {rise@0.000ns fall@10.000ns period=20.000ns})
  Path Group:             clk_out1_pll
  Path Type:              Setup (Max at Slow Process Corner)
  Requirement:            20.000ns  (clk_out1_pll rise@20.000ns - clk_out1_pll rise@0.000ns)
  Data Path Delay:        5.996ns  (logic 0.362ns (6.037%)  route 5.634ns (93.963%))
  Logic Levels:           1  (LUT1=1)
  Clock Path Skew:        -0.020ns (DCD - SCD + CPR)
    Destination Clock Delay (DCD):    -1.574ns = ( 18.426 - 20.000 ) 
    Source Clock Delay      (SCD):    -2.139ns
    Clock Pessimism Removal (CPR):    -0.586ns
  Clock Uncertainty:      0.074ns  ((TSJ^2 + DJ^2)^1/2) / 2 + PE
    Total System Jitter     (TSJ):    0.071ns
    Discrete Jitter          (DJ):    0.129ns
    Phase Error              (PE):    0.000ns

    Location             Delay type                Incr(ns)  Path(ns)    Netlist Resource(s)
  -------------------------------------------------------------------    -------------------
                         (clock clk_out1_pll rise edge)
                                                      0.000     0.000 r  
    AD12                                              0.000     0.000 r  i_sys_clk_p (IN)
                         net (fo=0)                   0.000     0.000    pll_inst/inst/clk_in1_p
    AD12                 IBUFDS (Prop_ibufds_I_O)     0.906     0.906 r  pll_inst/inst/clkin1_ibufgds/O
                         net (fo=1, routed)           1.081     1.987    pll_inst/inst/clk_in1_pll
    MMCME2_ADV_X1Y1      MMCME2_ADV (Prop_mmcme2_adv_CLKIN1_CLKOUT0)
                                                     -7.786    -5.799 r  pll_inst/inst/mmcm_adv_inst/CLKOUT0
                         net (fo=1, routed)           2.130    -3.669    pll_inst/inst/clk_out1_pll
    BUFGCTRL_X0Y1        BUFG (Prop_bufg_I_O)         0.093    -3.576 r  pll_inst/inst/clkout1_buf/O
                         net (fo=581, routed)         1.437    -2.139    student_top_inst/mem_bridge/seg_driver/clk
    SLICE_X42Y125        FDCE                                         r  student_top_inst/mem_bridge/seg_driver/count_reg[4]/C
  -------------------------------------------------------------------    -------------------
    SLICE_X42Y125        FDCE (Prop_fdce_C_Q)         0.236    -1.903 f  student_top_inst/mem_bridge/seg_driver/count_reg[4]/Q
                         net (fo=26, routed)          2.931     1.028    student_top_inst/mem_bridge/seg_driver/ans[6]
    SLICE_X4Y200         LUT1 (Prop_lut1_I0_O)        0.126     1.154 r  student_top_inst/mem_bridge/seg_driver/ans[7]_INST_0/O
                         net (fo=8, routed)           2.703     3.857    virtual_seg_OBUF[29]
    SLICE_X45Y126        FDCE                                         r  virtual_seg_50_d1_reg[29]/D
  -------------------------------------------------------------------    -------------------

                         (clock clk_out1_pll rise edge)
                                                     20.000    20.000 r  
    AD12                                              0.000    20.000 r  i_sys_clk_p (IN)
                         net (fo=0)                   0.000    20.000    pll_inst/inst/clk_in1_p
    AD12                 IBUFDS (Prop_ibufds_I_O)     0.803    20.803 r  pll_inst/inst/clkin1_ibufgds/O
                         net (fo=1, routed)           0.986    21.789    pll_inst/inst/clk_in1_pll
    MMCME2_ADV_X1Y1      MMCME2_ADV (Prop_mmcme2_adv_CLKIN1_CLKOUT0)
                                                     -6.759    15.030 r  pll_inst/inst/mmcm_adv_inst/CLKOUT0
                         net (fo=1, routed)           2.005    17.035    pll_inst/inst/clk_out1_pll
    BUFGCTRL_X0Y1        BUFG (Prop_bufg_I_O)         0.083    17.118 r  pll_inst/inst/clkout1_buf/O
                         net (fo=581, routed)         1.308    18.426    w_clk_50Mhz
    SLICE_X45Y126        FDCE                                         r  virtual_seg_50_d1_reg[29]/C
                         clock pessimism             -0.586    17.841    
                         clock uncertainty           -0.074    17.767    
    SLICE_X45Y126        FDCE (Setup_fdce_C_D)       -0.009    17.758    virtual_seg_50_d1_reg[29]
  -------------------------------------------------------------------
                         required time                         17.758    
                         arrival time                          -3.857    
  -------------------------------------------------------------------
                         slack                                 13.901    

Slack (MET) :             13.907ns  (required time - arrival time)
  Source:                 student_top_inst/mem_bridge/seg_driver/count_reg[4]/C
                            (rising edge-triggered cell FDCE clocked by clk_out1_pll  {rise@0.000ns fall@10.000ns period=20.000ns})
  Destination:            virtual_seg_50_d1_reg[19]/D
                            (rising edge-triggered cell FDCE clocked by clk_out1_pll  {rise@0.000ns fall@10.000ns period=20.000ns})
  Path Group:             clk_out1_pll
  Path Type:              Setup (Max at Slow Process Corner)
  Requirement:            20.000ns  (clk_out1_pll rise@20.000ns - clk_out1_pll rise@0.000ns)
  Data Path Delay:        5.991ns  (logic 0.362ns (6.042%)  route 5.629ns (93.958%))
  Logic Levels:           1  (LUT1=1)
  Clock Path Skew:        -0.019ns (DCD - SCD + CPR)
    Destination Clock Delay (DCD):    -1.573ns = ( 18.427 - 20.000 ) 
    Source Clock Delay      (SCD):    -2.139ns
    Clock Pessimism Removal (CPR):    -0.586ns
  Clock Uncertainty:      0.074ns  ((TSJ^2 + DJ^2)^1/2) / 2 + PE
    Total System Jitter     (TSJ):    0.071ns
    Discrete Jitter          (DJ):    0.129ns
    Phase Error              (PE):    0.000ns

    Location             Delay type                Incr(ns)  Path(ns)    Netlist Resource(s)
  -------------------------------------------------------------------    -------------------
                         (clock clk_out1_pll rise edge)
                                                      0.000     0.000 r  
    AD12                                              0.000     0.000 r  i_sys_clk_p (IN)
                         net (fo=0)                   0.000     0.000    pll_inst/inst/clk_in1_p
    AD12                 IBUFDS (Prop_ibufds_I_O)     0.906     0.906 r  pll_inst/inst/clkin1_ibufgds/O
                         net (fo=1, routed)           1.081     1.987    pll_inst/inst/clk_in1_pll
    MMCME2_ADV_X1Y1      MMCME2_ADV (Prop_mmcme2_adv_CLKIN1_CLKOUT0)
                                                     -7.786    -5.799 r  pll_inst/inst/mmcm_adv_inst/CLKOUT0
                         net (fo=1, routed)           2.130    -3.669    pll_inst/inst/clk_out1_pll
    BUFGCTRL_X0Y1        BUFG (Prop_bufg_I_O)         0.093    -3.576 r  pll_inst/inst/clkout1_buf/O
                         net (fo=581, routed)         1.437    -2.139    student_top_inst/mem_bridge/seg_driver/clk
    SLICE_X42Y125        FDCE                                         r  student_top_inst/mem_bridge/seg_driver/count_reg[4]/C
  -------------------------------------------------------------------    -------------------
    SLICE_X42Y125        FDCE (Prop_fdce_C_Q)         0.236    -1.903 f  student_top_inst/mem_bridge/seg_driver/count_reg[4]/Q
                         net (fo=26, routed)          2.931     1.028    student_top_inst/mem_bridge/seg_driver/ans[6]
    SLICE_X4Y200         LUT1 (Prop_lut1_I0_O)        0.126     1.154 r  student_top_inst/mem_bridge/seg_driver/ans[7]_INST_0/O
                         net (fo=8, routed)           2.698     3.852    virtual_seg_OBUF[19]
    SLICE_X43Y127        FDCE                                         r  virtual_seg_50_d1_reg[19]/D
  -------------------------------------------------------------------    -------------------

                         (clock clk_out1_pll rise edge)
                                                     20.000    20.000 r  
    AD12                                              0.000    20.000 r  i_sys_clk_p (IN)
                         net (fo=0)                   0.000    20.000    pll_inst/inst/clk_in1_p
    AD12                 IBUFDS (Prop_ibufds_I_O)     0.803    20.803 r  pll_inst/inst/clkin1_ibufgds/O
                         net (fo=1, routed)           0.986    21.789    pll_inst/inst/clk_in1_pll
    MMCME2_ADV_X1Y1      MMCME2_ADV (Prop_mmcme2_adv_CLKIN1_CLKOUT0)
                                                     -6.759    15.030 r  pll_inst/inst/mmcm_adv_inst/CLKOUT0
                         net (fo=1, routed)           2.005    17.035    pll_inst/inst/clk_out1_pll
    BUFGCTRL_X0Y1        BUFG (Prop_bufg_I_O)         0.083    17.118 r  pll_inst/inst/clkout1_buf/O
                         net (fo=581, routed)         1.309    18.427    w_clk_50Mhz
    SLICE_X43Y127        FDCE                                         r  virtual_seg_50_d1_reg[19]/C
                         clock pessimism             -0.586    17.842    
                         clock uncertainty           -0.074    17.768    
    SLICE_X43Y127        FDCE (Setup_fdce_C_D)       -0.009    17.759    virtual_seg_50_d1_reg[19]
  -------------------------------------------------------------------
                         required time                         17.759    
                         arrival time                          -3.852    
  -------------------------------------------------------------------
                         slack                                 13.907    

Slack (MET) :             14.159ns  (required time - arrival time)
  Source:                 student_top_inst/mem_bridge/seg_driver/count_reg[4]/C
                            (rising edge-triggered cell FDCE clocked by clk_out1_pll  {rise@0.000ns fall@10.000ns period=20.000ns})
  Destination:            virtual_seg_50_d1_reg[9]/D
                            (rising edge-triggered cell FDCE clocked by clk_out1_pll  {rise@0.000ns fall@10.000ns period=20.000ns})
  Path Group:             clk_out1_pll
  Path Type:              Setup (Max at Slow Process Corner)
  Requirement:            20.000ns  (clk_out1_pll rise@20.000ns - clk_out1_pll rise@0.000ns)
  Data Path Delay:        5.738ns  (logic 0.362ns (6.309%)  route 5.376ns (93.691%))
  Logic Levels:           1  (LUT1=1)
  Clock Path Skew:        -0.020ns (DCD - SCD + CPR)
    Destination Clock Delay (DCD):    -1.574ns = ( 18.426 - 20.000 ) 
    Source Clock Delay      (SCD):    -2.139ns
    Clock Pessimism Removal (CPR):    -0.586ns
  Clock Uncertainty:      0.074ns  ((TSJ^2 + DJ^2)^1/2) / 2 + PE
    Total System Jitter     (TSJ):    0.071ns
    Discrete Jitter          (DJ):    0.129ns
    Phase Error              (PE):    0.000ns

    Location             Delay type                Incr(ns)  Path(ns)    Netlist Resource(s)
  -------------------------------------------------------------------    -------------------
                         (clock clk_out1_pll rise edge)
                                                      0.000     0.000 r  
    AD12                                              0.000     0.000 r  i_sys_clk_p (IN)
                         net (fo=0)                   0.000     0.000    pll_inst/inst/clk_in1_p
    AD12                 IBUFDS (Prop_ibufds_I_O)     0.906     0.906 r  pll_inst/inst/clkin1_ibufgds/O
                         net (fo=1, routed)           1.081     1.987    pll_inst/inst/clk_in1_pll
    MMCME2_ADV_X1Y1      MMCME2_ADV (Prop_mmcme2_adv_CLKIN1_CLKOUT0)
                                                     -7.786    -5.799 r  pll_inst/inst/mmcm_adv_inst/CLKOUT0
                         net (fo=1, routed)           2.130    -3.669    pll_inst/inst/clk_out1_pll
    BUFGCTRL_X0Y1        BUFG (Prop_bufg_I_O)         0.093    -3.576 r  pll_inst/inst/clkout1_buf/O
                         net (fo=581, routed)         1.437    -2.139    student_top_inst/mem_bridge/seg_driver/clk
    SLICE_X42Y125        FDCE                                         r  student_top_inst/mem_bridge/seg_driver/count_reg[4]/C
  -------------------------------------------------------------------    -------------------
    SLICE_X42Y125        FDCE (Prop_fdce_C_Q)         0.236    -1.903 f  student_top_inst/mem_bridge/seg_driver/count_reg[4]/Q
                         net (fo=26, routed)          2.931     1.028    student_top_inst/mem_bridge/seg_driver/ans[6]
    SLICE_X4Y200         LUT1 (Prop_lut1_I0_O)        0.126     1.154 r  student_top_inst/mem_bridge/seg_driver/ans[7]_INST_0/O
                         net (fo=8, routed)           2.445     3.599    virtual_seg_OBUF[9]
    SLICE_X45Y126        FDCE                                         r  virtual_seg_50_d1_reg[9]/D
  -------------------------------------------------------------------    -------------------

                         (clock clk_out1_pll rise edge)
                                                     20.000    20.000 r  
    AD12                                              0.000    20.000 r  i_sys_clk_p (IN)
                         net (fo=0)                   0.000    20.000    pll_inst/inst/clk_in1_p
    AD12                 IBUFDS (Prop_ibufds_I_O)     0.803    20.803 r  pll_inst/inst/clkin1_ibufgds/O
                         net (fo=1, routed)           0.986    21.789    pll_inst/inst/clk_in1_pll
    MMCME2_ADV_X1Y1      MMCME2_ADV (Prop_mmcme2_adv_CLKIN1_CLKOUT0)
                                                     -6.759    15.030 r  pll_inst/inst/mmcm_adv_inst/CLKOUT0
                         net (fo=1, routed)           2.005    17.035    pll_inst/inst/clk_out1_pll
    BUFGCTRL_X0Y1        BUFG (Prop_bufg_I_O)         0.083    17.118 r  pll_inst/inst/clkout1_buf/O
                         net (fo=581, routed)         1.308    18.426    w_clk_50Mhz
    SLICE_X45Y126        FDCE                                         r  virtual_seg_50_d1_reg[9]/C
                         clock pessimism             -0.586    17.841    
                         clock uncertainty           -0.074    17.767    
    SLICE_X45Y126        FDCE (Setup_fdce_C_D)       -0.009    17.758    virtual_seg_50_d1_reg[9]
  -------------------------------------------------------------------
                         required time                         17.758    
                         arrival time                          -3.599    
  -------------------------------------------------------------------
                         slack                                 14.159    

Slack (MET) :             14.162ns  (required time - arrival time)
  Source:                 student_top_inst/mem_bridge/seg_driver/count_reg[4]/C
                            (rising edge-triggered cell FDCE clocked by clk_out1_pll  {rise@0.000ns fall@10.000ns period=20.000ns})
  Destination:            virtual_seg_50_d1_reg[39]/D
                            (rising edge-triggered cell FDCE clocked by clk_out1_pll  {rise@0.000ns fall@10.000ns period=20.000ns})
  Path Group:             clk_out1_pll
  Path Type:              Setup (Max at Slow Process Corner)
  Requirement:            20.000ns  (clk_out1_pll rise@20.000ns - clk_out1_pll rise@0.000ns)
  Data Path Delay:        5.735ns  (logic 0.362ns (6.312%)  route 5.373ns (93.688%))
  Logic Levels:           1  (LUT1=1)
  Clock Path Skew:        -0.020ns (DCD - SCD + CPR)
    Destination Clock Delay (DCD):    -1.574ns = ( 18.426 - 20.000 ) 
    Source Clock Delay      (SCD):    -2.139ns
    Clock Pessimism Removal (CPR):    -0.586ns
  Clock Uncertainty:      0.074ns  ((TSJ^2 + DJ^2)^1/2) / 2 + PE
    Total System Jitter     (TSJ):    0.071ns
    Discrete Jitter          (DJ):    0.129ns
    Phase Error              (PE):    0.000ns

    Location             Delay type                Incr(ns)  Path(ns)    Netlist Resource(s)
  -------------------------------------------------------------------    -------------------
                         (clock clk_out1_pll rise edge)
                                                      0.000     0.000 r  
    AD12                                              0.000     0.000 r  i_sys_clk_p (IN)
                         net (fo=0)                   0.000     0.000    pll_inst/inst/clk_in1_p
    AD12                 IBUFDS (Prop_ibufds_I_O)     0.906     0.906 r  pll_inst/inst/clkin1_ibufgds/O
                         net (fo=1, routed)           1.081     1.987    pll_inst/inst/clk_in1_pll
    MMCME2_ADV_X1Y1      MMCME2_ADV (Prop_mmcme2_adv_CLKIN1_CLKOUT0)
                                                     -7.786    -5.799 r  pll_inst/inst/mmcm_adv_inst/CLKOUT0
                         net (fo=1, routed)           2.130    -3.669    pll_inst/inst/clk_out1_pll
    BUFGCTRL_X0Y1        BUFG (Prop_bufg_I_O)         0.093    -3.576 r  pll_inst/inst/clkout1_buf/O
                         net (fo=581, routed)         1.437    -2.139    student_top_inst/mem_bridge/seg_driver/clk
    SLICE_X42Y125        FDCE                                         r  student_top_inst/mem_bridge/seg_driver/count_reg[4]/C
  -------------------------------------------------------------------    -------------------
    SLICE_X42Y125        FDCE (Prop_fdce_C_Q)         0.236    -1.903 f  student_top_inst/mem_bridge/seg_driver/count_reg[4]/Q
                         net (fo=26, routed)          2.931     1.028    student_top_inst/mem_bridge/seg_driver/ans[6]
    SLICE_X4Y200         LUT1 (Prop_lut1_I0_O)        0.126     1.154 r  student_top_inst/mem_bridge/seg_driver/ans[7]_INST_0/O
                         net (fo=8, routed)           2.442     3.596    virtual_seg_OBUF[39]
    SLICE_X45Y126        FDCE                                         r  virtual_seg_50_d1_reg[39]/D
  -------------------------------------------------------------------    -------------------

                         (clock clk_out1_pll rise edge)
                                                     20.000    20.000 r  
    AD12                                              0.000    20.000 r  i_sys_clk_p (IN)
                         net (fo=0)                   0.000    20.000    pll_inst/inst/clk_in1_p
    AD12                 IBUFDS (Prop_ibufds_I_O)     0.803    20.803 r  pll_inst/inst/clkin1_ibufgds/O
                         net (fo=1, routed)           0.986    21.789    pll_inst/inst/clk_in1_pll
    MMCME2_ADV_X1Y1      MMCME2_ADV (Prop_mmcme2_adv_CLKIN1_CLKOUT0)
                                                     -6.759    15.030 r  pll_inst/inst/mmcm_adv_inst/CLKOUT0
                         net (fo=1, routed)           2.005    17.035    pll_inst/inst/clk_out1_pll
    BUFGCTRL_X0Y1        BUFG (Prop_bufg_I_O)         0.083    17.118 r  pll_inst/inst/clkout1_buf/O
                         net (fo=581, routed)         1.308    18.426    w_clk_50Mhz
    SLICE_X45Y126        FDCE                                         r  virtual_seg_50_d1_reg[39]/C
                         clock pessimism             -0.586    17.841    
                         clock uncertainty           -0.074    17.767    
    SLICE_X45Y126        FDCE (Setup_fdce_C_D)       -0.009    17.758    virtual_seg_50_d1_reg[39]
  -------------------------------------------------------------------
                         required time                         17.758    
                         arrival time                          -3.596    
  -------------------------------------------------------------------
                         slack                                 14.162    

Slack (MET) :             16.879ns  (required time - arrival time)
  Source:                 student_top_inst/mem_bridge/seg_driver/count_reg[4]/C
                            (rising edge-triggered cell FDCE clocked by clk_out1_pll  {rise@0.000ns fall@10.000ns period=20.000ns})
  Destination:            virtual_seg_50_d1_reg[11]/D
                            (rising edge-triggered cell FDCE clocked by clk_out1_pll  {rise@0.000ns fall@10.000ns period=20.000ns})
  Path Group:             clk_out1_pll
  Path Type:              Setup (Max at Slow Process Corner)
  Requirement:            20.000ns  (clk_out1_pll rise@20.000ns - clk_out1_pll rise@0.000ns)
  Data Path Delay:        2.946ns  (logic 0.512ns (17.380%)  route 2.434ns (82.620%))
  Logic Levels:           2  (LUT3=1 LUT4=1)
  Clock Path Skew:        -0.029ns (DCD - SCD + CPR)
    Destination Clock Delay (DCD):    -1.562ns = ( 18.438 - 20.000 ) 
    Source Clock Delay      (SCD):    -2.139ns
    Clock Pessimism Removal (CPR):    -0.607ns
  Clock Uncertainty:      0.074ns  ((TSJ^2 + DJ^2)^1/2) / 2 + PE
    Total System Jitter     (TSJ):    0.071ns
    Discrete Jitter          (DJ):    0.129ns
    Phase Error              (PE):    0.000ns

    Location             Delay type                Incr(ns)  Path(ns)    Netlist Resource(s)
  -------------------------------------------------------------------    -------------------
                         (clock clk_out1_pll rise edge)
                                                      0.000     0.000 r  
    AD12                                              0.000     0.000 r  i_sys_clk_p (IN)
                         net (fo=0)                   0.000     0.000    pll_inst/inst/clk_in1_p
    AD12                 IBUFDS (Prop_ibufds_I_O)     0.906     0.906 r  pll_inst/inst/clkin1_ibufgds/O
                         net (fo=1, routed)           1.081     1.987    pll_inst/inst/clk_in1_pll
    MMCME2_ADV_X1Y1      MMCME2_ADV (Prop_mmcme2_adv_CLKIN1_CLKOUT0)
                                                     -7.786    -5.799 r  pll_inst/inst/mmcm_adv_inst/CLKOUT0
                         net (fo=1, routed)           2.130    -3.669    pll_inst/inst/clk_out1_pll
    BUFGCTRL_X0Y1        BUFG (Prop_bufg_I_O)         0.093    -3.576 r  pll_inst/inst/clkout1_buf/O
                         net (fo=581, routed)         1.437    -2.139    student_top_inst/mem_bridge/seg_driver/clk
    SLICE_X42Y125        FDCE                                         r  student_top_inst/mem_bridge/seg_driver/count_reg[4]/C
  -------------------------------------------------------------------    -------------------
    SLICE_X42Y125        FDCE (Prop_fdce_C_Q)         0.236    -1.903 r  student_top_inst/mem_bridge/seg_driver/count_reg[4]/Q
                         net (fo=26, routed)          1.480    -0.424    student_top_inst/mem_bridge/seg_driver/ans[6]
    SLICE_X40Y143        LUT3 (Prop_lut3_I1_O)        0.134    -0.290 f  student_top_inst/mem_bridge/seg_driver/SEG2_i_2/O
                         net (fo=7, routed)           0.452     0.163    student_top_inst/mem_bridge/seg_driver/SEG2/din[2]
    SLICE_X39Y143        LUT4 (Prop_lut4_I3_O)        0.142     0.305 r  student_top_inst/mem_bridge/seg_driver/SEG2/dout[1]_INST_0/O
                         net (fo=2, routed)           0.502     0.807    virtual_seg_OBUF[11]
    SLICE_X38Y137        FDCE                                         r  virtual_seg_50_d1_reg[11]/D
  -------------------------------------------------------------------    -------------------

                         (clock clk_out1_pll rise edge)
                                                     20.000    20.000 r  
    AD12                                              0.000    20.000 r  i_sys_clk_p (IN)
                         net (fo=0)                   0.000    20.000    pll_inst/inst/clk_in1_p
    AD12                 IBUFDS (Prop_ibufds_I_O)     0.803    20.803 r  pll_inst/inst/clkin1_ibufgds/O
                         net (fo=1, routed)           0.986    21.789    pll_inst/inst/clk_in1_pll
    MMCME2_ADV_X1Y1      MMCME2_ADV (Prop_mmcme2_adv_CLKIN1_CLKOUT0)
                                                     -6.759    15.030 r  pll_inst/inst/mmcm_adv_inst/CLKOUT0
                         net (fo=1, routed)           2.005    17.035    pll_inst/inst/clk_out1_pll
    BUFGCTRL_X0Y1        BUFG (Prop_bufg_I_O)         0.083    17.118 r  pll_inst/inst/clkout1_buf/O
                         net (fo=581, routed)         1.320    18.438    w_clk_50Mhz
    SLICE_X38Y137        FDCE                                         r  virtual_seg_50_d1_reg[11]/C
                         clock pessimism             -0.607    17.832    
                         clock uncertainty           -0.074    17.758    
    SLICE_X38Y137        FDCE (Setup_fdce_C_D)       -0.072    17.686    virtual_seg_50_d1_reg[11]
  -------------------------------------------------------------------
                         required time                         17.686    
                         arrival time                          -0.807    
  -------------------------------------------------------------------
                         slack                                 16.879    

Slack (MET) :             16.901ns  (required time - arrival time)
  Source:                 student_top_inst/mem_bridge/seg_driver/count_reg[4]/C
                            (rising edge-triggered cell FDCE clocked by clk_out1_pll  {rise@0.000ns fall@10.000ns period=20.000ns})
  Destination:            virtual_seg_50_d1_reg[13]/D
                            (rising edge-triggered cell FDCE clocked by clk_out1_pll  {rise@0.000ns fall@10.000ns period=20.000ns})
  Path Group:             clk_out1_pll
  Path Type:              Setup (Max at Slow Process Corner)
  Requirement:            20.000ns  (clk_out1_pll rise@20.000ns - clk_out1_pll rise@0.000ns)
  Data Path Delay:        2.893ns  (logic 0.517ns (17.871%)  route 2.376ns (82.129%))
  Logic Levels:           2  (LUT3=1 LUT4=1)
  Clock Path Skew:        -0.029ns (DCD - SCD + CPR)
    Destination Clock Delay (DCD):    -1.562ns = ( 18.438 - 20.000 ) 
    Source Clock Delay      (SCD):    -2.139ns
    Clock Pessimism Removal (CPR):    -0.607ns
  Clock Uncertainty:      0.074ns  ((TSJ^2 + DJ^2)^1/2) / 2 + PE
    Total System Jitter     (TSJ):    0.071ns
    Discrete Jitter          (DJ):    0.129ns
    Phase Error              (PE):    0.000ns

    Location             Delay type                Incr(ns)  Path(ns)    Netlist Resource(s)
  -------------------------------------------------------------------    -------------------
                         (clock clk_out1_pll rise edge)
                                                      0.000     0.000 r  
    AD12                                              0.000     0.000 r  i_sys_clk_p (IN)
                         net (fo=0)                   0.000     0.000    pll_inst/inst/clk_in1_p
    AD12                 IBUFDS (Prop_ibufds_I_O)     0.906     0.906 r  pll_inst/inst/clkin1_ibufgds/O
                         net (fo=1, routed)           1.081     1.987    pll_inst/inst/clk_in1_pll
    MMCME2_ADV_X1Y1      MMCME2_ADV (Prop_mmcme2_adv_CLKIN1_CLKOUT0)
                                                     -7.786    -5.799 r  pll_inst/inst/mmcm_adv_inst/CLKOUT0
                         net (fo=1, routed)           2.130    -3.669    pll_inst/inst/clk_out1_pll
    BUFGCTRL_X0Y1        BUFG (Prop_bufg_I_O)         0.093    -3.576 r  pll_inst/inst/clkout1_buf/O
                         net (fo=581, routed)         1.437    -2.139    student_top_inst/mem_bridge/seg_driver/clk
    SLICE_X42Y125        FDCE                                         r  student_top_inst/mem_bridge/seg_driver/count_reg[4]/C
  -------------------------------------------------------------------    -------------------
    SLICE_X42Y125        FDCE (Prop_fdce_C_Q)         0.236    -1.903 r  student_top_inst/mem_bridge/seg_driver/count_reg[4]/Q
                         net (fo=26, routed)          1.480    -0.424    student_top_inst/mem_bridge/seg_driver/ans[6]
    SLICE_X40Y143        LUT3 (Prop_lut3_I1_O)        0.134    -0.290 r  student_top_inst/mem_bridge/seg_driver/SEG2_i_2/O
                         net (fo=7, routed)           0.452     0.163    student_top_inst/mem_bridge/seg_driver/SEG2/din[2]
    SLICE_X39Y143        LUT4 (Prop_lut4_I1_O)        0.147     0.310 r  student_top_inst/mem_bridge/seg_driver/SEG2/dout[3]_INST_0/O
                         net (fo=2, routed)           0.444     0.754    virtual_seg_OBUF[13]
    SLICE_X39Y137        FDCE                                         r  virtual_seg_50_d1_reg[13]/D
  -------------------------------------------------------------------    -------------------

                         (clock clk_out1_pll rise edge)
                                                     20.000    20.000 r  
    AD12                                              0.000    20.000 r  i_sys_clk_p (IN)
                         net (fo=0)                   0.000    20.000    pll_inst/inst/clk_in1_p
    AD12                 IBUFDS (Prop_ibufds_I_O)     0.803    20.803 r  pll_inst/inst/clkin1_ibufgds/O
                         net (fo=1, routed)           0.986    21.789    pll_inst/inst/clk_in1_pll
    MMCME2_ADV_X1Y1      MMCME2_ADV (Prop_mmcme2_adv_CLKIN1_CLKOUT0)
                                                     -6.759    15.030 r  pll_inst/inst/mmcm_adv_inst/CLKOUT0
                         net (fo=1, routed)           2.005    17.035    pll_inst/inst/clk_out1_pll
    BUFGCTRL_X0Y1        BUFG (Prop_bufg_I_O)         0.083    17.118 r  pll_inst/inst/clkout1_buf/O
                         net (fo=581, routed)         1.320    18.438    w_clk_50Mhz
    SLICE_X39Y137        FDCE                                         r  virtual_seg_50_d1_reg[13]/C
                         clock pessimism             -0.607    17.832    
                         clock uncertainty           -0.074    17.758    
    SLICE_X39Y137        FDCE (Setup_fdce_C_D)       -0.103    17.655    virtual_seg_50_d1_reg[13]
  -------------------------------------------------------------------
                         required time                         17.655    
                         arrival time                          -0.754    
  -------------------------------------------------------------------
                         slack                                 16.901    

Slack (MET) :             16.990ns  (required time - arrival time)
  Source:                 student_top_inst/mem_bridge/seg_driver/count_reg[4]/C
                            (rising edge-triggered cell FDCE clocked by clk_out1_pll  {rise@0.000ns fall@10.000ns period=20.000ns})
  Destination:            virtual_seg_50_d1_reg[3]/D
                            (rising edge-triggered cell FDCE clocked by clk_out1_pll  {rise@0.000ns fall@10.000ns period=20.000ns})
  Path Group:             clk_out1_pll
  Path Type:              Setup (Max at Slow Process Corner)
  Requirement:            20.000ns  (clk_out1_pll rise@20.000ns - clk_out1_pll rise@0.000ns)
  Data Path Delay:        2.805ns  (logic 0.416ns (14.832%)  route 2.389ns (85.168%))
  Logic Levels:           2  (LUT3=1 LUT4=1)
  Clock Path Skew:        -0.029ns (DCD - SCD + CPR)
    Destination Clock Delay (DCD):    -1.562ns = ( 18.438 - 20.000 ) 
    Source Clock Delay      (SCD):    -2.139ns
    Clock Pessimism Removal (CPR):    -0.607ns
  Clock Uncertainty:      0.074ns  ((TSJ^2 + DJ^2)^1/2) / 2 + PE
    Total System Jitter     (TSJ):    0.071ns
    Discrete Jitter          (DJ):    0.129ns
    Phase Error              (PE):    0.000ns

    Location             Delay type                Incr(ns)  Path(ns)    Netlist Resource(s)
  -------------------------------------------------------------------    -------------------
                         (clock clk_out1_pll rise edge)
                                                      0.000     0.000 r  
    AD12                                              0.000     0.000 r  i_sys_clk_p (IN)
                         net (fo=0)                   0.000     0.000    pll_inst/inst/clk_in1_p
    AD12                 IBUFDS (Prop_ibufds_I_O)     0.906     0.906 r  pll_inst/inst/clkin1_ibufgds/O
                         net (fo=1, routed)           1.081     1.987    pll_inst/inst/clk_in1_pll
    MMCME2_ADV_X1Y1      MMCME2_ADV (Prop_mmcme2_adv_CLKIN1_CLKOUT0)
                                                     -7.786    -5.799 r  pll_inst/inst/mmcm_adv_inst/CLKOUT0
                         net (fo=1, routed)           2.130    -3.669    pll_inst/inst/clk_out1_pll
    BUFGCTRL_X0Y1        BUFG (Prop_bufg_I_O)         0.093    -3.576 r  pll_inst/inst/clkout1_buf/O
                         net (fo=581, routed)         1.437    -2.139    student_top_inst/mem_bridge/seg_driver/clk
    SLICE_X42Y125        FDCE                                         r  student_top_inst/mem_bridge/seg_driver/count_reg[4]/C
  -------------------------------------------------------------------    -------------------
    SLICE_X42Y125        FDCE (Prop_fdce_C_Q)         0.236    -1.903 r  student_top_inst/mem_bridge/seg_driver/count_reg[4]/Q
                         net (fo=26, routed)          1.401    -0.503    student_top_inst/mem_bridge/seg_driver/ans[6]
    SLICE_X38Y142        LUT3 (Prop_lut3_I1_O)        0.126    -0.377 r  student_top_inst/mem_bridge/seg_driver/SEG1_i_1/O
                         net (fo=7, routed)           0.580     0.204    student_top_inst/mem_bridge/seg_driver/SEG1/din[3]
    SLICE_X37Y142        LUT4 (Prop_lut4_I0_O)        0.054     0.258 r  student_top_inst/mem_bridge/seg_driver/SEG1/dout[3]_INST_0/O
                         net (fo=2, routed)           0.408     0.665    virtual_seg_OBUF[3]
    SLICE_X39Y137        FDCE                                         r  virtual_seg_50_d1_reg[3]/D
  -------------------------------------------------------------------    -------------------

                         (clock clk_out1_pll rise edge)
                                                     20.000    20.000 r  
    AD12                                              0.000    20.000 r  i_sys_clk_p (IN)
                         net (fo=0)                   0.000    20.000    pll_inst/inst/clk_in1_p
    AD12                 IBUFDS (Prop_ibufds_I_O)     0.803    20.803 r  pll_inst/inst/clkin1_ibufgds/O
                         net (fo=1, routed)           0.986    21.789    pll_inst/inst/clk_in1_pll
    MMCME2_ADV_X1Y1      MMCME2_ADV (Prop_mmcme2_adv_CLKIN1_CLKOUT0)
                                                     -6.759    15.030 r  pll_inst/inst/mmcm_adv_inst/CLKOUT0
                         net (fo=1, routed)           2.005    17.035    pll_inst/inst/clk_out1_pll
    BUFGCTRL_X0Y1        BUFG (Prop_bufg_I_O)         0.083    17.118 r  pll_inst/inst/clkout1_buf/O
                         net (fo=581, routed)         1.320    18.438    w_clk_50Mhz
    SLICE_X39Y137        FDCE                                         r  virtual_seg_50_d1_reg[3]/C
                         clock pessimism             -0.607    17.832    
                         clock uncertainty           -0.074    17.758    
    SLICE_X39Y137        FDCE (Setup_fdce_C_D)       -0.103    17.655    virtual_seg_50_d1_reg[3]
  -------------------------------------------------------------------
                         required time                         17.655    
                         arrival time                          -0.665    
  -------------------------------------------------------------------
                         slack                                 16.990    

Slack (MET) :             17.005ns  (required time - arrival time)
  Source:                 uart_inst/tx_cnt_reg[0]/C
                            (rising edge-triggered cell FDCE clocked by clk_out1_pll  {rise@0.000ns fall@10.000ns period=20.000ns})
  Destination:            uart_inst/tx_reg/CE
                            (rising edge-triggered cell FDPE clocked by clk_out1_pll  {rise@0.000ns fall@10.000ns period=20.000ns})
  Path Group:             clk_out1_pll
  Path Type:              Setup (Max at Slow Process Corner)
  Requirement:            20.000ns  (clk_out1_pll rise@20.000ns - clk_out1_pll rise@0.000ns)
  Data Path Delay:        2.585ns  (logic 0.395ns (15.279%)  route 2.190ns (84.721%))
  Logic Levels:           3  (LUT2=1 LUT5=1 LUT6=1)
  Clock Path Skew:        -0.044ns (DCD - SCD + CPR)
    Destination Clock Delay (DCD):    -1.565ns = ( 18.435 - 20.000 ) 
    Source Clock Delay      (SCD):    -2.127ns
    Clock Pessimism Removal (CPR):    -0.607ns
  Clock Uncertainty:      0.074ns  ((TSJ^2 + DJ^2)^1/2) / 2 + PE
    Total System Jitter     (TSJ):    0.071ns
    Discrete Jitter          (DJ):    0.129ns
    Phase Error              (PE):    0.000ns

    Location             Delay type                Incr(ns)  Path(ns)    Netlist Resource(s)
  -------------------------------------------------------------------    -------------------
                         (clock clk_out1_pll rise edge)
                                                      0.000     0.000 r  
    AD12                                              0.000     0.000 r  i_sys_clk_p (IN)
                         net (fo=0)                   0.000     0.000    pll_inst/inst/clk_in1_p
    AD12                 IBUFDS (Prop_ibufds_I_O)     0.906     0.906 r  pll_inst/inst/clkin1_ibufgds/O
                         net (fo=1, routed)           1.081     1.987    pll_inst/inst/clk_in1_pll
    MMCME2_ADV_X1Y1      MMCME2_ADV (Prop_mmcme2_adv_CLKIN1_CLKOUT0)
                                                     -7.786    -5.799 r  pll_inst/inst/mmcm_adv_inst/CLKOUT0
                         net (fo=1, routed)           2.130    -3.669    pll_inst/inst/clk_out1_pll
    BUFGCTRL_X0Y1        BUFG (Prop_bufg_I_O)         0.093    -3.576 r  pll_inst/inst/clkout1_buf/O
                         net (fo=581, routed)         1.449    -2.127    uart_inst/clk
    SLICE_X38Y133        FDCE                                         r  uart_inst/tx_cnt_reg[0]/C
  -------------------------------------------------------------------    -------------------
    SLICE_X38Y133        FDCE (Prop_fdce_C_Q)         0.259    -1.868 r  uart_inst/tx_cnt_reg[0]/Q
                         net (fo=3, routed)           0.467    -1.401    uart_inst/tx_cnt_reg_n_0_[0]
    SLICE_X38Y132        LUT5 (Prop_lut5_I0_O)        0.043    -1.358 f  uart_inst/tx_cnt[12]_i_3/O
                         net (fo=13, routed)          0.635    -0.723    uart_inst/tx_cnt[12]_i_3_n_0
    SLICE_X40Y130        LUT6 (Prop_lut6_I5_O)        0.043    -0.680 f  uart_inst/tx_i_2/O
                         net (fo=4, routed)           0.528    -0.152    uart_inst/tx_i_2_n_0
    SLICE_X38Y130        LUT2 (Prop_lut2_I1_O)        0.050    -0.102 r  uart_inst/tx_i_1/O
                         net (fo=1, routed)           0.560     0.458    uart_inst/tx_i_1_n_0
    SLICE_X36Y130        FDPE                                         r  uart_inst/tx_reg/CE
  -------------------------------------------------------------------    -------------------

                         (clock clk_out1_pll rise edge)
                                                     20.000    20.000 r  
    AD12                                              0.000    20.000 r  i_sys_clk_p (IN)
                         net (fo=0)                   0.000    20.000    pll_inst/inst/clk_in1_p
    AD12                 IBUFDS (Prop_ibufds_I_O)     0.803    20.803 r  pll_inst/inst/clkin1_ibufgds/O
                         net (fo=1, routed)           0.986    21.789    pll_inst/inst/clk_in1_pll
    MMCME2_ADV_X1Y1      MMCME2_ADV (Prop_mmcme2_adv_CLKIN1_CLKOUT0)
                                                     -6.759    15.030 r  pll_inst/inst/mmcm_adv_inst/CLKOUT0
                         net (fo=1, routed)           2.005    17.035    pll_inst/inst/clk_out1_pll
    BUFGCTRL_X0Y1        BUFG (Prop_bufg_I_O)         0.083    17.118 r  pll_inst/inst/clkout1_buf/O
                         net (fo=581, routed)         1.317    18.435    uart_inst/clk
    SLICE_X36Y130        FDPE                                         r  uart_inst/tx_reg/C
                         clock pessimism             -0.607    17.829    
                         clock uncertainty           -0.074    17.755    
    SLICE_X36Y130        FDPE (Setup_fdpe_C_CE)      -0.292    17.463    uart_inst/tx_reg
  -------------------------------------------------------------------
                         required time                         17.463    
                         arrival time                          -0.458    
  -------------------------------------------------------------------
                         slack                                 17.005    

Slack (MET) :             17.018ns  (required time - arrival time)
  Source:                 student_top_inst/mem_bridge/seg_driver/count_reg[4]/C
                            (rising edge-triggered cell FDCE clocked by clk_out1_pll  {rise@0.000ns fall@10.000ns period=20.000ns})
  Destination:            virtual_seg_50_d1_reg[5]/D
                            (rising edge-triggered cell FDCE clocked by clk_out1_pll  {rise@0.000ns fall@10.000ns period=20.000ns})
  Path Group:             clk_out1_pll
  Path Type:              Setup (Max at Slow Process Corner)
  Requirement:            20.000ns  (clk_out1_pll rise@20.000ns - clk_out1_pll rise@0.000ns)
  Data Path Delay:        2.780ns  (logic 0.412ns (14.819%)  route 2.368ns (85.181%))
  Logic Levels:           2  (LUT3=1 LUT4=1)
  Clock Path Skew:        -0.029ns (DCD - SCD + CPR)
    Destination Clock Delay (DCD):    -1.562ns = ( 18.438 - 20.000 ) 
    Source Clock Delay      (SCD):    -2.139ns
    Clock Pessimism Removal (CPR):    -0.607ns
  Clock Uncertainty:      0.074ns  ((TSJ^2 + DJ^2)^1/2) / 2 + PE
    Total System Jitter     (TSJ):    0.071ns
    Discrete Jitter          (DJ):    0.129ns
    Phase Error              (PE):    0.000ns

    Location             Delay type                Incr(ns)  Path(ns)    Netlist Resource(s)
  -------------------------------------------------------------------    -------------------
                         (clock clk_out1_pll rise edge)
                                                      0.000     0.000 r  
    AD12                                              0.000     0.000 r  i_sys_clk_p (IN)
                         net (fo=0)                   0.000     0.000    pll_inst/inst/clk_in1_p
    AD12                 IBUFDS (Prop_ibufds_I_O)     0.906     0.906 r  pll_inst/inst/clkin1_ibufgds/O
                         net (fo=1, routed)           1.081     1.987    pll_inst/inst/clk_in1_pll
    MMCME2_ADV_X1Y1      MMCME2_ADV (Prop_mmcme2_adv_CLKIN1_CLKOUT0)
                                                     -7.786    -5.799 r  pll_inst/inst/mmcm_adv_inst/CLKOUT0
                         net (fo=1, routed)           2.130    -3.669    pll_inst/inst/clk_out1_pll
    BUFGCTRL_X0Y1        BUFG (Prop_bufg_I_O)         0.093    -3.576 r  pll_inst/inst/clkout1_buf/O
                         net (fo=581, routed)         1.437    -2.139    student_top_inst/mem_bridge/seg_driver/clk
    SLICE_X42Y125        FDCE                                         r  student_top_inst/mem_bridge/seg_driver/count_reg[4]/C
  -------------------------------------------------------------------    -------------------
    SLICE_X42Y125        FDCE (Prop_fdce_C_Q)         0.236    -1.903 r  student_top_inst/mem_bridge/seg_driver/count_reg[4]/Q
                         net (fo=26, routed)          1.401    -0.503    student_top_inst/mem_bridge/seg_driver/ans[6]
    SLICE_X38Y142        LUT3 (Prop_lut3_I1_O)        0.126    -0.377 r  student_top_inst/mem_bridge/seg_driver/SEG1_i_1/O
                         net (fo=7, routed)           0.573     0.197    student_top_inst/mem_bridge/seg_driver/SEG1/din[3]
    SLICE_X37Y142        LUT4 (Prop_lut4_I0_O)        0.050     0.247 r  student_top_inst/mem_bridge/seg_driver/SEG1/dout[5]_INST_0/O
                         net (fo=2, routed)           0.394     0.641    virtual_seg_OBUF[5]
    SLICE_X39Y138        FDCE                                         r  virtual_seg_50_d1_reg[5]/D
  -------------------------------------------------------------------    -------------------

                         (clock clk_out1_pll rise edge)
                                                     20.000    20.000 r  
    AD12                                              0.000    20.000 r  i_sys_clk_p (IN)
                         net (fo=0)                   0.000    20.000    pll_inst/inst/clk_in1_p
    AD12                 IBUFDS (Prop_ibufds_I_O)     0.803    20.803 r  pll_inst/inst/clkin1_ibufgds/O
                         net (fo=1, routed)           0.986    21.789    pll_inst/inst/clk_in1_pll
    MMCME2_ADV_X1Y1      MMCME2_ADV (Prop_mmcme2_adv_CLKIN1_CLKOUT0)
                                                     -6.759    15.030 r  pll_inst/inst/mmcm_adv_inst/CLKOUT0
                         net (fo=1, routed)           2.005    17.035    pll_inst/inst/clk_out1_pll
    BUFGCTRL_X0Y1        BUFG (Prop_bufg_I_O)         0.083    17.118 r  pll_inst/inst/clkout1_buf/O
                         net (fo=581, routed)         1.320    18.438    w_clk_50Mhz
    SLICE_X39Y138        FDCE                                         r  virtual_seg_50_d1_reg[5]/C
                         clock pessimism             -0.607    17.832    
                         clock uncertainty           -0.074    17.758    
    SLICE_X39Y138        FDCE (Setup_fdce_C_D)       -0.099    17.659    virtual_seg_50_d1_reg[5]
  -------------------------------------------------------------------
                         required time                         17.659    
                         arrival time                          -0.641    
  -------------------------------------------------------------------
                         slack                                 17.018    

Slack (MET) :             17.056ns  (required time - arrival time)
  Source:                 student_top_inst/mem_bridge/seg_driver/count_reg[4]/C
                            (rising edge-triggered cell FDCE clocked by clk_out1_pll  {rise@0.000ns fall@10.000ns period=20.000ns})
  Destination:            virtual_seg_50_d1_reg[16]/D
                            (rising edge-triggered cell FDCE clocked by clk_out1_pll  {rise@0.000ns fall@10.000ns period=20.000ns})
  Path Group:             clk_out1_pll
  Path Type:              Setup (Max at Slow Process Corner)
  Requirement:            20.000ns  (clk_out1_pll rise@20.000ns - clk_out1_pll rise@0.000ns)
  Data Path Delay:        2.863ns  (logic 0.405ns (14.144%)  route 2.458ns (85.856%))
  Logic Levels:           2  (LUT3=1 LUT4=1)
  Clock Path Skew:        -0.029ns (DCD - SCD + CPR)
    Destination Clock Delay (DCD):    -1.562ns = ( 18.438 - 20.000 ) 
    Source Clock Delay      (SCD):    -2.139ns
    Clock Pessimism Removal (CPR):    -0.607ns
  Clock Uncertainty:      0.074ns  ((TSJ^2 + DJ^2)^1/2) / 2 + PE
    Total System Jitter     (TSJ):    0.071ns
    Discrete Jitter          (DJ):    0.129ns
    Phase Error              (PE):    0.000ns

    Location             Delay type                Incr(ns)  Path(ns)    Netlist Resource(s)
  -------------------------------------------------------------------    -------------------
                         (clock clk_out1_pll rise edge)
                                                      0.000     0.000 r  
    AD12                                              0.000     0.000 r  i_sys_clk_p (IN)
                         net (fo=0)                   0.000     0.000    pll_inst/inst/clk_in1_p
    AD12                 IBUFDS (Prop_ibufds_I_O)     0.906     0.906 r  pll_inst/inst/clkin1_ibufgds/O
                         net (fo=1, routed)           1.081     1.987    pll_inst/inst/clk_in1_pll
    MMCME2_ADV_X1Y1      MMCME2_ADV (Prop_mmcme2_adv_CLKIN1_CLKOUT0)
                                                     -7.786    -5.799 r  pll_inst/inst/mmcm_adv_inst/CLKOUT0
                         net (fo=1, routed)           2.130    -3.669    pll_inst/inst/clk_out1_pll
    BUFGCTRL_X0Y1        BUFG (Prop_bufg_I_O)         0.093    -3.576 r  pll_inst/inst/clkout1_buf/O
                         net (fo=581, routed)         1.437    -2.139    student_top_inst/mem_bridge/seg_driver/clk
    SLICE_X42Y125        FDCE                                         r  student_top_inst/mem_bridge/seg_driver/count_reg[4]/C
  -------------------------------------------------------------------    -------------------
    SLICE_X42Y125        FDCE (Prop_fdce_C_Q)         0.236    -1.903 r  student_top_inst/mem_bridge/seg_driver/count_reg[4]/Q
                         net (fo=26, routed)          1.480    -0.424    student_top_inst/mem_bridge/seg_driver/ans[6]
    SLICE_X40Y143        LUT3 (Prop_lut3_I1_O)        0.126    -0.298 r  student_top_inst/mem_bridge/seg_driver/SEG2_i_1/O
                         net (fo=7, routed)           0.459     0.161    student_top_inst/mem_bridge/seg_driver/SEG2/din[3]
    SLICE_X39Y143        LUT4 (Prop_lut4_I0_O)        0.043     0.204 r  student_top_inst/mem_bridge/seg_driver/SEG2/dout[6]_INST_0/O
                         net (fo=2, routed)           0.520     0.724    virtual_seg_OBUF[16]
    SLICE_X38Y137        FDCE                                         r  virtual_seg_50_d1_reg[16]/D
  -------------------------------------------------------------------    -------------------

                         (clock clk_out1_pll rise edge)
                                                     20.000    20.000 r  
    AD12                                              0.000    20.000 r  i_sys_clk_p (IN)
                         net (fo=0)                   0.000    20.000    pll_inst/inst/clk_in1_p
    AD12                 IBUFDS (Prop_ibufds_I_O)     0.803    20.803 r  pll_inst/inst/clkin1_ibufgds/O
                         net (fo=1, routed)           0.986    21.789    pll_inst/inst/clk_in1_pll
    MMCME2_ADV_X1Y1      MMCME2_ADV (Prop_mmcme2_adv_CLKIN1_CLKOUT0)
                                                     -6.759    15.030 r  pll_inst/inst/mmcm_adv_inst/CLKOUT0
                         net (fo=1, routed)           2.005    17.035    pll_inst/inst/clk_out1_pll
    BUFGCTRL_X0Y1        BUFG (Prop_bufg_I_O)         0.083    17.118 r  pll_inst/inst/clkout1_buf/O
                         net (fo=581, routed)         1.320    18.438    w_clk_50Mhz
    SLICE_X38Y137        FDCE                                         r  virtual_seg_50_d1_reg[16]/C
                         clock pessimism             -0.607    17.832    
                         clock uncertainty           -0.074    17.758    
    SLICE_X38Y137        FDCE (Setup_fdce_C_D)        0.022    17.780    virtual_seg_50_d1_reg[16]
  -------------------------------------------------------------------
                         required time                         17.780    
                         arrival time                          -0.724    
  -------------------------------------------------------------------
                         slack                                 17.056    

Slack (MET) :             17.070ns  (required time - arrival time)
  Source:                 student_top_inst/mem_bridge/seg_driver/count_reg[4]/C
                            (rising edge-triggered cell FDCE clocked by clk_out1_pll  {rise@0.000ns fall@10.000ns period=20.000ns})
  Destination:            virtual_seg_50_d1_reg[25]/D
                            (rising edge-triggered cell FDCE clocked by clk_out1_pll  {rise@0.000ns fall@10.000ns period=20.000ns})
  Path Group:             clk_out1_pll
  Path Type:              Setup (Max at Slow Process Corner)
  Requirement:            20.000ns  (clk_out1_pll rise@20.000ns - clk_out1_pll rise@0.000ns)
  Data Path Delay:        2.718ns  (logic 0.503ns (18.504%)  route 2.215ns (81.496%))
  Logic Levels:           2  (LUT3=1 LUT4=1)
  Clock Path Skew:        -0.040ns (DCD - SCD + CPR)
    Destination Clock Delay (DCD):    -1.573ns = ( 18.427 - 20.000 ) 
    Source Clock Delay      (SCD):    -2.139ns
    Clock Pessimism Removal (CPR):    -0.607ns
  Clock Uncertainty:      0.074ns  ((TSJ^2 + DJ^2)^1/2) / 2 + PE
    Total System Jitter     (TSJ):    0.071ns
    Discrete Jitter          (DJ):    0.129ns
    Phase Error              (PE):    0.000ns

    Location             Delay type                Incr(ns)  Path(ns)    Netlist Resource(s)
  -------------------------------------------------------------------    -------------------
                         (clock clk_out1_pll rise edge)
                                                      0.000     0.000 r  
    AD12                                              0.000     0.000 r  i_sys_clk_p (IN)
                         net (fo=0)                   0.000     0.000    pll_inst/inst/clk_in1_p
    AD12                 IBUFDS (Prop_ibufds_I_O)     0.906     0.906 r  pll_inst/inst/clkin1_ibufgds/O
                         net (fo=1, routed)           1.081     1.987    pll_inst/inst/clk_in1_pll
    MMCME2_ADV_X1Y1      MMCME2_ADV (Prop_mmcme2_adv_CLKIN1_CLKOUT0)
                                                     -7.786    -5.799 r  pll_inst/inst/mmcm_adv_inst/CLKOUT0
                         net (fo=1, routed)           2.130    -3.669    pll_inst/inst/clk_out1_pll
    BUFGCTRL_X0Y1        BUFG (Prop_bufg_I_O)         0.093    -3.576 r  pll_inst/inst/clkout1_buf/O
                         net (fo=581, routed)         1.437    -2.139    student_top_inst/mem_bridge/seg_driver/clk
    SLICE_X42Y125        FDCE                                         r  student_top_inst/mem_bridge/seg_driver/count_reg[4]/C
  -------------------------------------------------------------------    -------------------
    SLICE_X42Y125        FDCE (Prop_fdce_C_Q)         0.236    -1.903 r  student_top_inst/mem_bridge/seg_driver/count_reg[4]/Q
                         net (fo=26, routed)          0.938    -0.966    student_top_inst/mem_bridge/seg_driver/ans[6]
    SLICE_X42Y141        LUT3 (Prop_lut3_I1_O)        0.130    -0.836 f  student_top_inst/mem_bridge/seg_driver/SEG3_i_4/O
                         net (fo=7, routed)           0.821    -0.015    student_top_inst/mem_bridge/seg_driver/SEG3/din[0]
    SLICE_X42Y135        LUT4 (Prop_lut4_I3_O)        0.137     0.122 r  student_top_inst/mem_bridge/seg_driver/SEG3/dout[5]_INST_0/O
                         net (fo=2, routed)           0.457     0.579    virtual_seg_OBUF[25]
    SLICE_X41Y125        FDCE                                         r  virtual_seg_50_d1_reg[25]/D
  -------------------------------------------------------------------    -------------------

                         (clock clk_out1_pll rise edge)
                                                     20.000    20.000 r  
    AD12                                              0.000    20.000 r  i_sys_clk_p (IN)
                         net (fo=0)                   0.000    20.000    pll_inst/inst/clk_in1_p
    AD12                 IBUFDS (Prop_ibufds_I_O)     0.803    20.803 r  pll_inst/inst/clkin1_ibufgds/O
                         net (fo=1, routed)           0.986    21.789    pll_inst/inst/clk_in1_pll
    MMCME2_ADV_X1Y1      MMCME2_ADV (Prop_mmcme2_adv_CLKIN1_CLKOUT0)
                                                     -6.759    15.030 r  pll_inst/inst/mmcm_adv_inst/CLKOUT0
                         net (fo=1, routed)           2.005    17.035    pll_inst/inst/clk_out1_pll
    BUFGCTRL_X0Y1        BUFG (Prop_bufg_I_O)         0.083    17.118 r  pll_inst/inst/clkout1_buf/O
                         net (fo=581, routed)         1.309    18.427    w_clk_50Mhz
    SLICE_X41Y125        FDCE                                         r  virtual_seg_50_d1_reg[25]/C
                         clock pessimism             -0.607    17.821    
                         clock uncertainty           -0.074    17.747    
    SLICE_X41Y125        FDCE (Setup_fdce_C_D)       -0.098    17.649    virtual_seg_50_d1_reg[25]
  -------------------------------------------------------------------
                         required time                         17.649    
                         arrival time                          -0.579    
  -------------------------------------------------------------------
                         slack                                 17.070    

Slack (MET) :             17.074ns  (required time - arrival time)
  Source:                 student_top_inst/mem_bridge/seg_driver/count_reg[4]/C
                            (rising edge-triggered cell FDCE clocked by clk_out1_pll  {rise@0.000ns fall@10.000ns period=20.000ns})
  Destination:            virtual_seg_50_d1_reg[1]/D
                            (rising edge-triggered cell FDCE clocked by clk_out1_pll  {rise@0.000ns fall@10.000ns period=20.000ns})
  Path Group:             clk_out1_pll
  Path Type:              Setup (Max at Slow Process Corner)
  Requirement:            20.000ns  (clk_out1_pll rise@20.000ns - clk_out1_pll rise@0.000ns)
  Data Path Delay:        2.722ns  (logic 0.411ns (15.098%)  route 2.311ns (84.902%))
  Logic Levels:           2  (LUT3=1 LUT4=1)
  Clock Path Skew:        -0.027ns (DCD - SCD + CPR)
    Destination Clock Delay (DCD):    -1.560ns = ( 18.440 - 20.000 ) 
    Source Clock Delay      (SCD):    -2.139ns
    Clock Pessimism Removal (CPR):    -0.607ns
  Clock Uncertainty:      0.074ns  ((TSJ^2 + DJ^2)^1/2) / 2 + PE
    Total System Jitter     (TSJ):    0.071ns
    Discrete Jitter          (DJ):    0.129ns
    Phase Error              (PE):    0.000ns

    Location             Delay type                Incr(ns)  Path(ns)    Netlist Resource(s)
  -------------------------------------------------------------------    -------------------
                         (clock clk_out1_pll rise edge)
                                                      0.000     0.000 r  
    AD12                                              0.000     0.000 r  i_sys_clk_p (IN)
                         net (fo=0)                   0.000     0.000    pll_inst/inst/clk_in1_p
    AD12                 IBUFDS (Prop_ibufds_I_O)     0.906     0.906 r  pll_inst/inst/clkin1_ibufgds/O
                         net (fo=1, routed)           1.081     1.987    pll_inst/inst/clk_in1_pll
    MMCME2_ADV_X1Y1      MMCME2_ADV (Prop_mmcme2_adv_CLKIN1_CLKOUT0)
                                                     -7.786    -5.799 r  pll_inst/inst/mmcm_adv_inst/CLKOUT0
                         net (fo=1, routed)           2.130    -3.669    pll_inst/inst/clk_out1_pll
    BUFGCTRL_X0Y1        BUFG (Prop_bufg_I_O)         0.093    -3.576 r  pll_inst/inst/clkout1_buf/O
                         net (fo=581, routed)         1.437    -2.139    student_top_inst/mem_bridge/seg_driver/clk
    SLICE_X42Y125        FDCE                                         r  student_top_inst/mem_bridge/seg_driver/count_reg[4]/C
  -------------------------------------------------------------------    -------------------
    SLICE_X42Y125        FDCE (Prop_fdce_C_Q)         0.236    -1.903 r  student_top_inst/mem_bridge/seg_driver/count_reg[4]/Q
                         net (fo=26, routed)          1.401    -0.503    student_top_inst/mem_bridge/seg_driver/ans[6]
    SLICE_X38Y142        LUT3 (Prop_lut3_I1_O)        0.126    -0.377 r  student_top_inst/mem_bridge/seg_driver/SEG1_i_1/O
                         net (fo=7, routed)           0.580     0.204    student_top_inst/mem_bridge/seg_driver/SEG1/din[3]
    SLICE_X37Y142        LUT4 (Prop_lut4_I0_O)        0.049     0.253 r  student_top_inst/mem_bridge/seg_driver/SEG1/dout[1]_INST_0/O
                         net (fo=2, routed)           0.330     0.583    virtual_seg_OBUF[1]
    SLICE_X37Y137        FDCE                                         r  virtual_seg_50_d1_reg[1]/D
  -------------------------------------------------------------------    -------------------

                         (clock clk_out1_pll rise edge)
                                                     20.000    20.000 r  
    AD12                                              0.000    20.000 r  i_sys_clk_p (IN)
                         net (fo=0)                   0.000    20.000    pll_inst/inst/clk_in1_p
    AD12                 IBUFDS (Prop_ibufds_I_O)     0.803    20.803 r  pll_inst/inst/clkin1_ibufgds/O
                         net (fo=1, routed)           0.986    21.789    pll_inst/inst/clk_in1_pll
    MMCME2_ADV_X1Y1      MMCME2_ADV (Prop_mmcme2_adv_CLKIN1_CLKOUT0)
                                                     -6.759    15.030 r  pll_inst/inst/mmcm_adv_inst/CLKOUT0
                         net (fo=1, routed)           2.005    17.035    pll_inst/inst/clk_out1_pll
    BUFGCTRL_X0Y1        BUFG (Prop_bufg_I_O)         0.083    17.118 r  pll_inst/inst/clkout1_buf/O
                         net (fo=581, routed)         1.322    18.440    w_clk_50Mhz
    SLICE_X37Y137        FDCE                                         r  virtual_seg_50_d1_reg[1]/C
                         clock pessimism             -0.607    17.834    
                         clock uncertainty           -0.074    17.760    
    SLICE_X37Y137        FDCE (Setup_fdce_C_D)       -0.103    17.657    virtual_seg_50_d1_reg[1]
  -------------------------------------------------------------------
                         required time                         17.657    
                         arrival time                          -0.583    
  -------------------------------------------------------------------
                         slack                                 17.074    

Slack (MET) :             17.075ns  (required time - arrival time)
  Source:                 student_top_inst/mem_bridge/seg_driver/count_reg[4]/C
                            (rising edge-triggered cell FDCE clocked by clk_out1_pll  {rise@0.000ns fall@10.000ns period=20.000ns})
  Destination:            virtual_seg_50_d1_reg[12]/D
                            (rising edge-triggered cell FDCE clocked by clk_out1_pll  {rise@0.000ns fall@10.000ns period=20.000ns})
  Path Group:             clk_out1_pll
  Path Type:              Setup (Max at Slow Process Corner)
  Requirement:            20.000ns  (clk_out1_pll rise@20.000ns - clk_out1_pll rise@0.000ns)
  Data Path Delay:        2.814ns  (logic 0.506ns (17.983%)  route 2.308ns (82.017%))
  Logic Levels:           2  (LUT3=1 LUT4=1)
  Clock Path Skew:        -0.029ns (DCD - SCD + CPR)
    Destination Clock Delay (DCD):    -1.562ns = ( 18.438 - 20.000 ) 
    Source Clock Delay      (SCD):    -2.139ns
    Clock Pessimism Removal (CPR):    -0.607ns
  Clock Uncertainty:      0.074ns  ((TSJ^2 + DJ^2)^1/2) / 2 + PE
    Total System Jitter     (TSJ):    0.071ns
    Discrete Jitter          (DJ):    0.129ns
    Phase Error              (PE):    0.000ns

    Location             Delay type                Incr(ns)  Path(ns)    Netlist Resource(s)
  -------------------------------------------------------------------    -------------------
                         (clock clk_out1_pll rise edge)
                                                      0.000     0.000 r  
    AD12                                              0.000     0.000 r  i_sys_clk_p (IN)
                         net (fo=0)                   0.000     0.000    pll_inst/inst/clk_in1_p
    AD12                 IBUFDS (Prop_ibufds_I_O)     0.906     0.906 r  pll_inst/inst/clkin1_ibufgds/O
                         net (fo=1, routed)           1.081     1.987    pll_inst/inst/clk_in1_pll
    MMCME2_ADV_X1Y1      MMCME2_ADV (Prop_mmcme2_adv_CLKIN1_CLKOUT0)
                                                     -7.786    -5.799 r  pll_inst/inst/mmcm_adv_inst/CLKOUT0
                         net (fo=1, routed)           2.130    -3.669    pll_inst/inst/clk_out1_pll
    BUFGCTRL_X0Y1        BUFG (Prop_bufg_I_O)         0.093    -3.576 r  pll_inst/inst/clkout1_buf/O
                         net (fo=581, routed)         1.437    -2.139    student_top_inst/mem_bridge/seg_driver/clk
    SLICE_X42Y125        FDCE                                         r  student_top_inst/mem_bridge/seg_driver/count_reg[4]/C
  -------------------------------------------------------------------    -------------------
    SLICE_X42Y125        FDCE (Prop_fdce_C_Q)         0.236    -1.903 r  student_top_inst/mem_bridge/seg_driver/count_reg[4]/Q
                         net (fo=26, routed)          1.480    -0.424    student_top_inst/mem_bridge/seg_driver/ans[6]
    SLICE_X40Y143        LUT3 (Prop_lut3_I1_O)        0.134    -0.290 r  student_top_inst/mem_bridge/seg_driver/SEG2_i_2/O
                         net (fo=7, routed)           0.452     0.163    student_top_inst/mem_bridge/seg_driver/SEG2/din[2]
    SLICE_X39Y143        LUT4 (Prop_lut4_I1_O)        0.136     0.299 r  student_top_inst/mem_bridge/seg_driver/SEG2/dout[2]_INST_0/O
                         net (fo=2, routed)           0.376     0.674    virtual_seg_OBUF[12]
    SLICE_X39Y138        FDCE                                         r  virtual_seg_50_d1_reg[12]/D
  -------------------------------------------------------------------    -------------------

                         (clock clk_out1_pll rise edge)
                                                     20.000    20.000 r  
    AD12                                              0.000    20.000 r  i_sys_clk_p (IN)
                         net (fo=0)                   0.000    20.000    pll_inst/inst/clk_in1_p
    AD12                 IBUFDS (Prop_ibufds_I_O)     0.803    20.803 r  pll_inst/inst/clkin1_ibufgds/O
                         net (fo=1, routed)           0.986    21.789    pll_inst/inst/clk_in1_pll
    MMCME2_ADV_X1Y1      MMCME2_ADV (Prop_mmcme2_adv_CLKIN1_CLKOUT0)
                                                     -6.759    15.030 r  pll_inst/inst/mmcm_adv_inst/CLKOUT0
                         net (fo=1, routed)           2.005    17.035    pll_inst/inst/clk_out1_pll
    BUFGCTRL_X0Y1        BUFG (Prop_bufg_I_O)         0.083    17.118 r  pll_inst/inst/clkout1_buf/O
                         net (fo=581, routed)         1.320    18.438    w_clk_50Mhz
    SLICE_X39Y138        FDCE                                         r  virtual_seg_50_d1_reg[12]/C
                         clock pessimism             -0.607    17.832    
                         clock uncertainty           -0.074    17.758    
    SLICE_X39Y138        FDCE (Setup_fdce_C_D)       -0.009    17.749    virtual_seg_50_d1_reg[12]
  -------------------------------------------------------------------
                         required time                         17.749    
                         arrival time                          -0.674    
  -------------------------------------------------------------------
                         slack                                 17.075    

Slack (MET) :             17.092ns  (required time - arrival time)
  Source:                 student_top_inst/mem_bridge/seg_driver/count_reg[4]/C
                            (rising edge-triggered cell FDCE clocked by clk_out1_pll  {rise@0.000ns fall@10.000ns period=20.000ns})
  Destination:            virtual_seg_50_d1_reg[15]/D
                            (rising edge-triggered cell FDCE clocked by clk_out1_pll  {rise@0.000ns fall@10.000ns period=20.000ns})
  Path Group:             clk_out1_pll
  Path Type:              Setup (Max at Slow Process Corner)
  Requirement:            20.000ns  (clk_out1_pll rise@20.000ns - clk_out1_pll rise@0.000ns)
  Data Path Delay:        2.709ns  (logic 0.515ns (19.012%)  route 2.194ns (80.988%))
  Logic Levels:           2  (LUT3=1 LUT4=1)
  Clock Path Skew:        -0.027ns (DCD - SCD + CPR)
    Destination Clock Delay (DCD):    -1.560ns = ( 18.440 - 20.000 ) 
    Source Clock Delay      (SCD):    -2.139ns
    Clock Pessimism Removal (CPR):    -0.607ns
  Clock Uncertainty:      0.074ns  ((TSJ^2 + DJ^2)^1/2) / 2 + PE
    Total System Jitter     (TSJ):    0.071ns
    Discrete Jitter          (DJ):    0.129ns
    Phase Error              (PE):    0.000ns

    Location             Delay type                Incr(ns)  Path(ns)    Netlist Resource(s)
  -------------------------------------------------------------------    -------------------
                         (clock clk_out1_pll rise edge)
                                                      0.000     0.000 r  
    AD12                                              0.000     0.000 r  i_sys_clk_p (IN)
                         net (fo=0)                   0.000     0.000    pll_inst/inst/clk_in1_p
    AD12                 IBUFDS (Prop_ibufds_I_O)     0.906     0.906 r  pll_inst/inst/clkin1_ibufgds/O
                         net (fo=1, routed)           1.081     1.987    pll_inst/inst/clk_in1_pll
    MMCME2_ADV_X1Y1      MMCME2_ADV (Prop_mmcme2_adv_CLKIN1_CLKOUT0)
                                                     -7.786    -5.799 r  pll_inst/inst/mmcm_adv_inst/CLKOUT0
                         net (fo=1, routed)           2.130    -3.669    pll_inst/inst/clk_out1_pll
    BUFGCTRL_X0Y1        BUFG (Prop_bufg_I_O)         0.093    -3.576 r  pll_inst/inst/clkout1_buf/O
                         net (fo=581, routed)         1.437    -2.139    student_top_inst/mem_bridge/seg_driver/clk
    SLICE_X42Y125        FDCE                                         r  student_top_inst/mem_bridge/seg_driver/count_reg[4]/C
  -------------------------------------------------------------------    -------------------
    SLICE_X42Y125        FDCE (Prop_fdce_C_Q)         0.236    -1.903 r  student_top_inst/mem_bridge/seg_driver/count_reg[4]/Q
                         net (fo=26, routed)          1.480    -0.424    student_top_inst/mem_bridge/seg_driver/ans[6]
    SLICE_X40Y143        LUT3 (Prop_lut3_I1_O)        0.134    -0.290 r  student_top_inst/mem_bridge/seg_driver/SEG2_i_2/O
                         net (fo=7, routed)           0.363     0.074    student_top_inst/mem_bridge/seg_driver/SEG2/din[2]
    SLICE_X39Y143        LUT4 (Prop_lut4_I1_O)        0.145     0.219 r  student_top_inst/mem_bridge/seg_driver/SEG2/dout[5]_INST_0/O
                         net (fo=2, routed)           0.351     0.570    virtual_seg_OBUF[15]
    SLICE_X39Y140        FDCE                                         r  virtual_seg_50_d1_reg[15]/D
  -------------------------------------------------------------------    -------------------

                         (clock clk_out1_pll rise edge)
                                                     20.000    20.000 r  
    AD12                                              0.000    20.000 r  i_sys_clk_p (IN)
                         net (fo=0)                   0.000    20.000    pll_inst/inst/clk_in1_p
    AD12                 IBUFDS (Prop_ibufds_I_O)     0.803    20.803 r  pll_inst/inst/clkin1_ibufgds/O
                         net (fo=1, routed)           0.986    21.789    pll_inst/inst/clk_in1_pll
    MMCME2_ADV_X1Y1      MMCME2_ADV (Prop_mmcme2_adv_CLKIN1_CLKOUT0)
                                                     -6.759    15.030 r  pll_inst/inst/mmcm_adv_inst/CLKOUT0
                         net (fo=1, routed)           2.005    17.035    pll_inst/inst/clk_out1_pll
    BUFGCTRL_X0Y1        BUFG (Prop_bufg_I_O)         0.083    17.118 r  pll_inst/inst/clkout1_buf/O
                         net (fo=581, routed)         1.322    18.440    w_clk_50Mhz
    SLICE_X39Y140        FDCE                                         r  virtual_seg_50_d1_reg[15]/C
                         clock pessimism             -0.607    17.834    
                         clock uncertainty           -0.074    17.760    
    SLICE_X39Y140        FDCE (Setup_fdce_C_D)       -0.098    17.662    virtual_seg_50_d1_reg[15]
  -------------------------------------------------------------------
                         required time                         17.662    
                         arrival time                          -0.570    
  -------------------------------------------------------------------
                         slack                                 17.092    

Slack (MET) :             17.105ns  (required time - arrival time)
  Source:                 student_top_inst/mem_bridge/seg_driver/count_reg[4]/C
                            (rising edge-triggered cell FDCE clocked by clk_out1_pll  {rise@0.000ns fall@10.000ns period=20.000ns})
  Destination:            virtual_seg_50_d1_reg[4]/D
                            (rising edge-triggered cell FDCE clocked by clk_out1_pll  {rise@0.000ns fall@10.000ns period=20.000ns})
  Path Group:             clk_out1_pll
  Path Type:              Setup (Max at Slow Process Corner)
  Requirement:            20.000ns  (clk_out1_pll rise@20.000ns - clk_out1_pll rise@0.000ns)
  Data Path Delay:        2.785ns  (logic 0.405ns (14.542%)  route 2.380ns (85.458%))
  Logic Levels:           2  (LUT3=1 LUT4=1)
  Clock Path Skew:        -0.027ns (DCD - SCD + CPR)
    Destination Clock Delay (DCD):    -1.560ns = ( 18.440 - 20.000 ) 
    Source Clock Delay      (SCD):    -2.139ns
    Clock Pessimism Removal (CPR):    -0.607ns
  Clock Uncertainty:      0.074ns  ((TSJ^2 + DJ^2)^1/2) / 2 + PE
    Total System Jitter     (TSJ):    0.071ns
    Discrete Jitter          (DJ):    0.129ns
    Phase Error              (PE):    0.000ns

    Location             Delay type                Incr(ns)  Path(ns)    Netlist Resource(s)
  -------------------------------------------------------------------    -------------------
                         (clock clk_out1_pll rise edge)
                                                      0.000     0.000 r  
    AD12                                              0.000     0.000 r  i_sys_clk_p (IN)
                         net (fo=0)                   0.000     0.000    pll_inst/inst/clk_in1_p
    AD12                 IBUFDS (Prop_ibufds_I_O)     0.906     0.906 r  pll_inst/inst/clkin1_ibufgds/O
                         net (fo=1, routed)           1.081     1.987    pll_inst/inst/clk_in1_pll
    MMCME2_ADV_X1Y1      MMCME2_ADV (Prop_mmcme2_adv_CLKIN1_CLKOUT0)
                                                     -7.786    -5.799 r  pll_inst/inst/mmcm_adv_inst/CLKOUT0
                         net (fo=1, routed)           2.130    -3.669    pll_inst/inst/clk_out1_pll
    BUFGCTRL_X0Y1        BUFG (Prop_bufg_I_O)         0.093    -3.576 r  pll_inst/inst/clkout1_buf/O
                         net (fo=581, routed)         1.437    -2.139    student_top_inst/mem_bridge/seg_driver/clk
    SLICE_X42Y125        FDCE                                         r  student_top_inst/mem_bridge/seg_driver/count_reg[4]/C
  -------------------------------------------------------------------    -------------------
    SLICE_X42Y125        FDCE (Prop_fdce_C_Q)         0.236    -1.903 r  student_top_inst/mem_bridge/seg_driver/count_reg[4]/Q
                         net (fo=26, routed)          1.401    -0.503    student_top_inst/mem_bridge/seg_driver/ans[6]
    SLICE_X38Y142        LUT3 (Prop_lut3_I1_O)        0.126    -0.377 r  student_top_inst/mem_bridge/seg_driver/SEG1_i_1/O
                         net (fo=7, routed)           0.573     0.197    student_top_inst/mem_bridge/seg_driver/SEG1/din[3]
    SLICE_X37Y142        LUT4 (Prop_lut4_I0_O)        0.043     0.240 r  student_top_inst/mem_bridge/seg_driver/SEG1/dout[4]_INST_0/O
                         net (fo=2, routed)           0.406     0.646    virtual_seg_OBUF[4]
    SLICE_X37Y137        FDCE                                         r  virtual_seg_50_d1_reg[4]/D
  -------------------------------------------------------------------    -------------------

                         (clock clk_out1_pll rise edge)
                                                     20.000    20.000 r  
    AD12                                              0.000    20.000 r  i_sys_clk_p (IN)
                         net (fo=0)                   0.000    20.000    pll_inst/inst/clk_in1_p
    AD12                 IBUFDS (Prop_ibufds_I_O)     0.803    20.803 r  pll_inst/inst/clkin1_ibufgds/O
                         net (fo=1, routed)           0.986    21.789    pll_inst/inst/clk_in1_pll
    MMCME2_ADV_X1Y1      MMCME2_ADV (Prop_mmcme2_adv_CLKIN1_CLKOUT0)
                                                     -6.759    15.030 r  pll_inst/inst/mmcm_adv_inst/CLKOUT0
                         net (fo=1, routed)           2.005    17.035    pll_inst/inst/clk_out1_pll
    BUFGCTRL_X0Y1        BUFG (Prop_bufg_I_O)         0.083    17.118 r  pll_inst/inst/clkout1_buf/O
                         net (fo=581, routed)         1.322    18.440    w_clk_50Mhz
    SLICE_X37Y137        FDCE                                         r  virtual_seg_50_d1_reg[4]/C
                         clock pessimism             -0.607    17.834    
                         clock uncertainty           -0.074    17.760    
    SLICE_X37Y137        FDCE (Setup_fdce_C_D)       -0.009    17.751    virtual_seg_50_d1_reg[4]
  -------------------------------------------------------------------
                         required time                         17.751    
                         arrival time                          -0.646    
  -------------------------------------------------------------------
                         slack                                 17.105    

Slack (MET) :             17.116ns  (required time - arrival time)
  Source:                 student_top_inst/mem_bridge/seg_driver/count_reg[4]/C
                            (rising edge-triggered cell FDCE clocked by clk_out1_pll  {rise@0.000ns fall@10.000ns period=20.000ns})
  Destination:            virtual_seg_50_d1_reg[33]/D
                            (rising edge-triggered cell FDCE clocked by clk_out1_pll  {rise@0.000ns fall@10.000ns period=20.000ns})
  Path Group:             clk_out1_pll
  Path Type:              Setup (Max at Slow Process Corner)
  Requirement:            20.000ns  (clk_out1_pll rise@20.000ns - clk_out1_pll rise@0.000ns)
  Data Path Delay:        2.667ns  (logic 0.515ns (19.309%)  route 2.152ns (80.691%))
  Logic Levels:           2  (LUT3=1 LUT4=1)
  Clock Path Skew:        -0.039ns (DCD - SCD + CPR)
    Destination Clock Delay (DCD):    -1.572ns = ( 18.428 - 20.000 ) 
    Source Clock Delay      (SCD):    -2.139ns
    Clock Pessimism Removal (CPR):    -0.607ns
  Clock Uncertainty:      0.074ns  ((TSJ^2 + DJ^2)^1/2) / 2 + PE
    Total System Jitter     (TSJ):    0.071ns
    Discrete Jitter          (DJ):    0.129ns
    Phase Error              (PE):    0.000ns

    Location             Delay type                Incr(ns)  Path(ns)    Netlist Resource(s)
  -------------------------------------------------------------------    -------------------
                         (clock clk_out1_pll rise edge)
                                                      0.000     0.000 r  
    AD12                                              0.000     0.000 r  i_sys_clk_p (IN)
                         net (fo=0)                   0.000     0.000    pll_inst/inst/clk_in1_p
    AD12                 IBUFDS (Prop_ibufds_I_O)     0.906     0.906 r  pll_inst/inst/clkin1_ibufgds/O
                         net (fo=1, routed)           1.081     1.987    pll_inst/inst/clk_in1_pll
    MMCME2_ADV_X1Y1      MMCME2_ADV (Prop_mmcme2_adv_CLKIN1_CLKOUT0)
                                                     -7.786    -5.799 r  pll_inst/inst/mmcm_adv_inst/CLKOUT0
                         net (fo=1, routed)           2.130    -3.669    pll_inst/inst/clk_out1_pll
    BUFGCTRL_X0Y1        BUFG (Prop_bufg_I_O)         0.093    -3.576 r  pll_inst/inst/clkout1_buf/O
                         net (fo=581, routed)         1.437    -2.139    student_top_inst/mem_bridge/seg_driver/clk
    SLICE_X42Y125        FDCE                                         r  student_top_inst/mem_bridge/seg_driver/count_reg[4]/C
  -------------------------------------------------------------------    -------------------
    SLICE_X42Y125        FDCE (Prop_fdce_C_Q)         0.236    -1.903 r  student_top_inst/mem_bridge/seg_driver/count_reg[4]/Q
                         net (fo=26, routed)          0.833    -1.070    student_top_inst/mem_bridge/seg_driver/ans[6]
    SLICE_X42Y140        LUT3 (Prop_lut3_I1_O)        0.134    -0.936 r  student_top_inst/mem_bridge/seg_driver/SEG4_i_4/O
                         net (fo=7, routed)           0.813    -0.124    student_top_inst/mem_bridge/seg_driver/SEG4/din[0]
    SLICE_X36Y133        LUT4 (Prop_lut4_I3_O)        0.145     0.021 r  student_top_inst/mem_bridge/seg_driver/SEG4/dout[3]_INST_0/O
                         net (fo=2, routed)           0.507     0.528    virtual_seg_OBUF[33]
    SLICE_X39Y126        FDCE                                         r  virtual_seg_50_d1_reg[33]/D
  -------------------------------------------------------------------    -------------------

                         (clock clk_out1_pll rise edge)
                                                     20.000    20.000 r  
    AD12                                              0.000    20.000 r  i_sys_clk_p (IN)
                         net (fo=0)                   0.000    20.000    pll_inst/inst/clk_in1_p
    AD12                 IBUFDS (Prop_ibufds_I_O)     0.803    20.803 r  pll_inst/inst/clkin1_ibufgds/O
                         net (fo=1, routed)           0.986    21.789    pll_inst/inst/clk_in1_pll
    MMCME2_ADV_X1Y1      MMCME2_ADV (Prop_mmcme2_adv_CLKIN1_CLKOUT0)
                                                     -6.759    15.030 r  pll_inst/inst/mmcm_adv_inst/CLKOUT0
                         net (fo=1, routed)           2.005    17.035    pll_inst/inst/clk_out1_pll
    BUFGCTRL_X0Y1        BUFG (Prop_bufg_I_O)         0.083    17.118 r  pll_inst/inst/clkout1_buf/O
                         net (fo=581, routed)         1.310    18.428    w_clk_50Mhz
    SLICE_X39Y126        FDCE                                         r  virtual_seg_50_d1_reg[33]/C
                         clock pessimism             -0.607    17.822    
                         clock uncertainty           -0.074    17.748    
    SLICE_X39Y126        FDCE (Setup_fdce_C_D)       -0.104    17.644    virtual_seg_50_d1_reg[33]
  -------------------------------------------------------------------
                         required time                         17.644    
                         arrival time                          -0.528    
  -------------------------------------------------------------------
                         slack                                 17.116    

Slack (MET) :             17.137ns  (required time - arrival time)
  Source:                 student_top_inst/mem_bridge/seg_driver/count_reg[4]/C
                            (rising edge-triggered cell FDCE clocked by clk_out1_pll  {rise@0.000ns fall@10.000ns period=20.000ns})
  Destination:            virtual_seg_50_d1_reg[0]/D
                            (rising edge-triggered cell FDCE clocked by clk_out1_pll  {rise@0.000ns fall@10.000ns period=20.000ns})
  Path Group:             clk_out1_pll
  Path Type:              Setup (Max at Slow Process Corner)
  Requirement:            20.000ns  (clk_out1_pll rise@20.000ns - clk_out1_pll rise@0.000ns)
  Data Path Delay:        2.754ns  (logic 0.405ns (14.708%)  route 2.349ns (85.292%))
  Logic Levels:           2  (LUT3=1 LUT4=1)
  Clock Path Skew:        -0.027ns (DCD - SCD + CPR)
    Destination Clock Delay (DCD):    -1.560ns = ( 18.440 - 20.000 ) 
    Source Clock Delay      (SCD):    -2.139ns
    Clock Pessimism Removal (CPR):    -0.607ns
  Clock Uncertainty:      0.074ns  ((TSJ^2 + DJ^2)^1/2) / 2 + PE
    Total System Jitter     (TSJ):    0.071ns
    Discrete Jitter          (DJ):    0.129ns
    Phase Error              (PE):    0.000ns

    Location             Delay type                Incr(ns)  Path(ns)    Netlist Resource(s)
  -------------------------------------------------------------------    -------------------
                         (clock clk_out1_pll rise edge)
                                                      0.000     0.000 r  
    AD12                                              0.000     0.000 r  i_sys_clk_p (IN)
                         net (fo=0)                   0.000     0.000    pll_inst/inst/clk_in1_p
    AD12                 IBUFDS (Prop_ibufds_I_O)     0.906     0.906 r  pll_inst/inst/clkin1_ibufgds/O
                         net (fo=1, routed)           1.081     1.987    pll_inst/inst/clk_in1_pll
    MMCME2_ADV_X1Y1      MMCME2_ADV (Prop_mmcme2_adv_CLKIN1_CLKOUT0)
                                                     -7.786    -5.799 r  pll_inst/inst/mmcm_adv_inst/CLKOUT0
                         net (fo=1, routed)           2.130    -3.669    pll_inst/inst/clk_out1_pll
    BUFGCTRL_X0Y1        BUFG (Prop_bufg_I_O)         0.093    -3.576 r  pll_inst/inst/clkout1_buf/O
                         net (fo=581, routed)         1.437    -2.139    student_top_inst/mem_bridge/seg_driver/clk
    SLICE_X42Y125        FDCE                                         r  student_top_inst/mem_bridge/seg_driver/count_reg[4]/C
  -------------------------------------------------------------------    -------------------
    SLICE_X42Y125        FDCE (Prop_fdce_C_Q)         0.236    -1.903 r  student_top_inst/mem_bridge/seg_driver/count_reg[4]/Q
                         net (fo=26, routed)          1.401    -0.503    student_top_inst/mem_bridge/seg_driver/ans[6]
    SLICE_X38Y142        LUT3 (Prop_lut3_I1_O)        0.126    -0.377 r  student_top_inst/mem_bridge/seg_driver/SEG1_i_1/O
                         net (fo=7, routed)           0.580     0.204    student_top_inst/mem_bridge/seg_driver/SEG1/din[3]
    SLICE_X37Y142        LUT4 (Prop_lut4_I0_O)        0.043     0.247 r  student_top_inst/mem_bridge/seg_driver/SEG1/dout[0]_INST_0/O
                         net (fo=2, routed)           0.368     0.614    virtual_seg_OBUF[0]
    SLICE_X37Y138        FDCE                                         r  virtual_seg_50_d1_reg[0]/D
  -------------------------------------------------------------------    -------------------

                         (clock clk_out1_pll rise edge)
                                                     20.000    20.000 r  
    AD12                                              0.000    20.000 r  i_sys_clk_p (IN)
                         net (fo=0)                   0.000    20.000    pll_inst/inst/clk_in1_p
    AD12                 IBUFDS (Prop_ibufds_I_O)     0.803    20.803 r  pll_inst/inst/clkin1_ibufgds/O
                         net (fo=1, routed)           0.986    21.789    pll_inst/inst/clk_in1_pll
    MMCME2_ADV_X1Y1      MMCME2_ADV (Prop_mmcme2_adv_CLKIN1_CLKOUT0)
                                                     -6.759    15.030 r  pll_inst/inst/mmcm_adv_inst/CLKOUT0
                         net (fo=1, routed)           2.005    17.035    pll_inst/inst/clk_out1_pll
    BUFGCTRL_X0Y1        BUFG (Prop_bufg_I_O)         0.083    17.118 r  pll_inst/inst/clkout1_buf/O
                         net (fo=581, routed)         1.322    18.440    w_clk_50Mhz
    SLICE_X37Y138        FDCE                                         r  virtual_seg_50_d1_reg[0]/C
                         clock pessimism             -0.607    17.834    
                         clock uncertainty           -0.074    17.760    
    SLICE_X37Y138        FDCE (Setup_fdce_C_D)       -0.009    17.751    virtual_seg_50_d1_reg[0]
  -------------------------------------------------------------------
                         required time                         17.751    
                         arrival time                          -0.614    
  -------------------------------------------------------------------
                         slack                                 17.137    

Slack (MET) :             17.140ns  (required time - arrival time)
  Source:                 student_top_inst/mem_bridge/counter_inst/cnt_1ms_reg[5]/C
                            (rising edge-triggered cell FDRE clocked by clk_out1_pll  {rise@0.000ns fall@10.000ns period=20.000ns})
  Destination:            student_top_inst/mem_bridge/counter_inst/cnt_ms_bin_reg[28]/CE
                            (rising edge-triggered cell FDRE clocked by clk_out1_pll  {rise@0.000ns fall@10.000ns period=20.000ns})
  Path Group:             clk_out1_pll
  Path Type:              Setup (Max at Slow Process Corner)
  Requirement:            20.000ns  (clk_out1_pll rise@20.000ns - clk_out1_pll rise@0.000ns)
  Data Path Delay:        2.605ns  (logic 0.309ns (11.863%)  route 2.296ns (88.137%))
  Logic Levels:           2  (LUT4=1 LUT5=1)
  Clock Path Skew:        0.019ns (DCD - SCD + CPR)
    Destination Clock Delay (DCD):    -1.566ns = ( 18.434 - 20.000 ) 
    Source Clock Delay      (SCD):    -2.191ns
    Clock Pessimism Removal (CPR):    -0.607ns
  Clock Uncertainty:      0.074ns  ((TSJ^2 + DJ^2)^1/2) / 2 + PE
    Total System Jitter     (TSJ):    0.071ns
    Discrete Jitter          (DJ):    0.129ns
    Phase Error              (PE):    0.000ns

    Location             Delay type                Incr(ns)  Path(ns)    Netlist Resource(s)
  -------------------------------------------------------------------    -------------------
                         (clock clk_out1_pll rise edge)
                                                      0.000     0.000 r  
    AD12                                              0.000     0.000 r  i_sys_clk_p (IN)
                         net (fo=0)                   0.000     0.000    pll_inst/inst/clk_in1_p
    AD12                 IBUFDS (Prop_ibufds_I_O)     0.906     0.906 r  pll_inst/inst/clkin1_ibufgds/O
                         net (fo=1, routed)           1.081     1.987    pll_inst/inst/clk_in1_pll
    MMCME2_ADV_X1Y1      MMCME2_ADV (Prop_mmcme2_adv_CLKIN1_CLKOUT0)
                                                     -7.786    -5.799 r  pll_inst/inst/mmcm_adv_inst/CLKOUT0
                         net (fo=1, routed)           2.130    -3.669    pll_inst/inst/clk_out1_pll
    BUFGCTRL_X0Y1        BUFG (Prop_bufg_I_O)         0.093    -3.576 r  pll_inst/inst/clkout1_buf/O
                         net (fo=581, routed)         1.385    -2.191    student_top_inst/mem_bridge/counter_inst/cnt_clk
    SLICE_X61Y116        FDRE                                         r  student_top_inst/mem_bridge/counter_inst/cnt_1ms_reg[5]/C
  -------------------------------------------------------------------    -------------------
    SLICE_X61Y116        FDRE (Prop_fdre_C_Q)         0.223    -1.968 f  student_top_inst/mem_bridge/counter_inst/cnt_1ms_reg[5]/Q
                         net (fo=2, routed)           0.445    -1.523    student_top_inst/mem_bridge/counter_inst/cnt_1ms_reg[5]
    SLICE_X60Y117        LUT4 (Prop_lut4_I3_O)        0.043    -1.480 f  student_top_inst/mem_bridge/counter_inst/cnt_1ms[0]_i_6/O
                         net (fo=2, routed)           0.443    -1.037    student_top_inst/mem_bridge/counter_inst/cnt_1ms[0]_i_6_n_0
    SLICE_X60Y116        LUT5 (Prop_lut5_I4_O)        0.043    -0.994 r  student_top_inst/mem_bridge/counter_inst/cnt_ms_bin[0]_i_1/O
                         net (fo=32, routed)          1.407     0.413    student_top_inst/mem_bridge/counter_inst/cnt_ms_bin[0]_i_1_n_0
    SLICE_X47Y138        FDRE                                         r  student_top_inst/mem_bridge/counter_inst/cnt_ms_bin_reg[28]/CE
  -------------------------------------------------------------------    -------------------

                         (clock clk_out1_pll rise edge)
                                                     20.000    20.000 r  
    AD12                                              0.000    20.000 r  i_sys_clk_p (IN)
                         net (fo=0)                   0.000    20.000    pll_inst/inst/clk_in1_p
    AD12                 IBUFDS (Prop_ibufds_I_O)     0.803    20.803 r  pll_inst/inst/clkin1_ibufgds/O
                         net (fo=1, routed)           0.986    21.789    pll_inst/inst/clk_in1_pll
    MMCME2_ADV_X1Y1      MMCME2_ADV (Prop_mmcme2_adv_CLKIN1_CLKOUT0)
                                                     -6.759    15.030 r  pll_inst/inst/mmcm_adv_inst/CLKOUT0
                         net (fo=1, routed)           2.005    17.035    pll_inst/inst/clk_out1_pll
    BUFGCTRL_X0Y1        BUFG (Prop_bufg_I_O)         0.083    17.118 r  pll_inst/inst/clkout1_buf/O
                         net (fo=581, routed)         1.316    18.434    student_top_inst/mem_bridge/counter_inst/cnt_clk
    SLICE_X47Y138        FDRE                                         r  student_top_inst/mem_bridge/counter_inst/cnt_ms_bin_reg[28]/C
                         clock pessimism             -0.607    17.828    
                         clock uncertainty           -0.074    17.754    
    SLICE_X47Y138        FDRE (Setup_fdre_C_CE)      -0.201    17.553    student_top_inst/mem_bridge/counter_inst/cnt_ms_bin_reg[28]
  -------------------------------------------------------------------
                         required time                         17.553    
                         arrival time                          -0.413    
  -------------------------------------------------------------------
                         slack                                 17.140    

Slack (MET) :             17.140ns  (required time - arrival time)
  Source:                 student_top_inst/mem_bridge/counter_inst/cnt_1ms_reg[5]/C
                            (rising edge-triggered cell FDRE clocked by clk_out1_pll  {rise@0.000ns fall@10.000ns period=20.000ns})
  Destination:            student_top_inst/mem_bridge/counter_inst/cnt_ms_bin_reg[29]/CE
                            (rising edge-triggered cell FDRE clocked by clk_out1_pll  {rise@0.000ns fall@10.000ns period=20.000ns})
  Path Group:             clk_out1_pll
  Path Type:              Setup (Max at Slow Process Corner)
  Requirement:            20.000ns  (clk_out1_pll rise@20.000ns - clk_out1_pll rise@0.000ns)
  Data Path Delay:        2.605ns  (logic 0.309ns (11.863%)  route 2.296ns (88.137%))
  Logic Levels:           2  (LUT4=1 LUT5=1)
  Clock Path Skew:        0.019ns (DCD - SCD + CPR)
    Destination Clock Delay (DCD):    -1.566ns = ( 18.434 - 20.000 ) 
    Source Clock Delay      (SCD):    -2.191ns
    Clock Pessimism Removal (CPR):    -0.607ns
  Clock Uncertainty:      0.074ns  ((TSJ^2 + DJ^2)^1/2) / 2 + PE
    Total System Jitter     (TSJ):    0.071ns
    Discrete Jitter          (DJ):    0.129ns
    Phase Error              (PE):    0.000ns

    Location             Delay type                Incr(ns)  Path(ns)    Netlist Resource(s)
  -------------------------------------------------------------------    -------------------
                         (clock clk_out1_pll rise edge)
                                                      0.000     0.000 r  
    AD12                                              0.000     0.000 r  i_sys_clk_p (IN)
                         net (fo=0)                   0.000     0.000    pll_inst/inst/clk_in1_p
    AD12                 IBUFDS (Prop_ibufds_I_O)     0.906     0.906 r  pll_inst/inst/clkin1_ibufgds/O
                         net (fo=1, routed)           1.081     1.987    pll_inst/inst/clk_in1_pll
    MMCME2_ADV_X1Y1      MMCME2_ADV (Prop_mmcme2_adv_CLKIN1_CLKOUT0)
                                                     -7.786    -5.799 r  pll_inst/inst/mmcm_adv_inst/CLKOUT0
                         net (fo=1, routed)           2.130    -3.669    pll_inst/inst/clk_out1_pll
    BUFGCTRL_X0Y1        BUFG (Prop_bufg_I_O)         0.093    -3.576 r  pll_inst/inst/clkout1_buf/O
                         net (fo=581, routed)         1.385    -2.191    student_top_inst/mem_bridge/counter_inst/cnt_clk
    SLICE_X61Y116        FDRE                                         r  student_top_inst/mem_bridge/counter_inst/cnt_1ms_reg[5]/C
  -------------------------------------------------------------------    -------------------
    SLICE_X61Y116        FDRE (Prop_fdre_C_Q)         0.223    -1.968 f  student_top_inst/mem_bridge/counter_inst/cnt_1ms_reg[5]/Q
                         net (fo=2, routed)           0.445    -1.523    student_top_inst/mem_bridge/counter_inst/cnt_1ms_reg[5]
    SLICE_X60Y117        LUT4 (Prop_lut4_I3_O)        0.043    -1.480 f  student_top_inst/mem_bridge/counter_inst/cnt_1ms[0]_i_6/O
                         net (fo=2, routed)           0.443    -1.037    student_top_inst/mem_bridge/counter_inst/cnt_1ms[0]_i_6_n_0
    SLICE_X60Y116        LUT5 (Prop_lut5_I4_O)        0.043    -0.994 r  student_top_inst/mem_bridge/counter_inst/cnt_ms_bin[0]_i_1/O
                         net (fo=32, routed)          1.407     0.413    student_top_inst/mem_bridge/counter_inst/cnt_ms_bin[0]_i_1_n_0
    SLICE_X47Y138        FDRE                                         r  student_top_inst/mem_bridge/counter_inst/cnt_ms_bin_reg[29]/CE
  -------------------------------------------------------------------    -------------------

                         (clock clk_out1_pll rise edge)
                                                     20.000    20.000 r  
    AD12                                              0.000    20.000 r  i_sys_clk_p (IN)
                         net (fo=0)                   0.000    20.000    pll_inst/inst/clk_in1_p
    AD12                 IBUFDS (Prop_ibufds_I_O)     0.803    20.803 r  pll_inst/inst/clkin1_ibufgds/O
                         net (fo=1, routed)           0.986    21.789    pll_inst/inst/clk_in1_pll
    MMCME2_ADV_X1Y1      MMCME2_ADV (Prop_mmcme2_adv_CLKIN1_CLKOUT0)
                                                     -6.759    15.030 r  pll_inst/inst/mmcm_adv_inst/CLKOUT0
                         net (fo=1, routed)           2.005    17.035    pll_inst/inst/clk_out1_pll
    BUFGCTRL_X0Y1        BUFG (Prop_bufg_I_O)         0.083    17.118 r  pll_inst/inst/clkout1_buf/O
                         net (fo=581, routed)         1.316    18.434    student_top_inst/mem_bridge/counter_inst/cnt_clk
    SLICE_X47Y138        FDRE                                         r  student_top_inst/mem_bridge/counter_inst/cnt_ms_bin_reg[29]/C
                         clock pessimism             -0.607    17.828    
                         clock uncertainty           -0.074    17.754    
    SLICE_X47Y138        FDRE (Setup_fdre_C_CE)      -0.201    17.553    student_top_inst/mem_bridge/counter_inst/cnt_ms_bin_reg[29]
  -------------------------------------------------------------------
                         required time                         17.553    
                         arrival time                          -0.413    
  -------------------------------------------------------------------
                         slack                                 17.140    

Slack (MET) :             17.140ns  (required time - arrival time)
  Source:                 student_top_inst/mem_bridge/counter_inst/cnt_1ms_reg[5]/C
                            (rising edge-triggered cell FDRE clocked by clk_out1_pll  {rise@0.000ns fall@10.000ns period=20.000ns})
  Destination:            student_top_inst/mem_bridge/counter_inst/cnt_ms_bin_reg[30]/CE
                            (rising edge-triggered cell FDRE clocked by clk_out1_pll  {rise@0.000ns fall@10.000ns period=20.000ns})
  Path Group:             clk_out1_pll
  Path Type:              Setup (Max at Slow Process Corner)
  Requirement:            20.000ns  (clk_out1_pll rise@20.000ns - clk_out1_pll rise@0.000ns)
  Data Path Delay:        2.605ns  (logic 0.309ns (11.863%)  route 2.296ns (88.137%))
  Logic Levels:           2  (LUT4=1 LUT5=1)
  Clock Path Skew:        0.019ns (DCD - SCD + CPR)
    Destination Clock Delay (DCD):    -1.566ns = ( 18.434 - 20.000 ) 
    Source Clock Delay      (SCD):    -2.191ns
    Clock Pessimism Removal (CPR):    -0.607ns
  Clock Uncertainty:      0.074ns  ((TSJ^2 + DJ^2)^1/2) / 2 + PE
    Total System Jitter     (TSJ):    0.071ns
    Discrete Jitter          (DJ):    0.129ns
    Phase Error              (PE):    0.000ns

    Location             Delay type                Incr(ns)  Path(ns)    Netlist Resource(s)
  -------------------------------------------------------------------    -------------------
                         (clock clk_out1_pll rise edge)
                                                      0.000     0.000 r  
    AD12                                              0.000     0.000 r  i_sys_clk_p (IN)
                         net (fo=0)                   0.000     0.000    pll_inst/inst/clk_in1_p
    AD12                 IBUFDS (Prop_ibufds_I_O)     0.906     0.906 r  pll_inst/inst/clkin1_ibufgds/O
                         net (fo=1, routed)           1.081     1.987    pll_inst/inst/clk_in1_pll
    MMCME2_ADV_X1Y1      MMCME2_ADV (Prop_mmcme2_adv_CLKIN1_CLKOUT0)
                                                     -7.786    -5.799 r  pll_inst/inst/mmcm_adv_inst/CLKOUT0
                         net (fo=1, routed)           2.130    -3.669    pll_inst/inst/clk_out1_pll
    BUFGCTRL_X0Y1        BUFG (Prop_bufg_I_O)         0.093    -3.576 r  pll_inst/inst/clkout1_buf/O
                         net (fo=581, routed)         1.385    -2.191    student_top_inst/mem_bridge/counter_inst/cnt_clk
    SLICE_X61Y116        FDRE                                         r  student_top_inst/mem_bridge/counter_inst/cnt_1ms_reg[5]/C
  -------------------------------------------------------------------    -------------------
    SLICE_X61Y116        FDRE (Prop_fdre_C_Q)         0.223    -1.968 f  student_top_inst/mem_bridge/counter_inst/cnt_1ms_reg[5]/Q
                         net (fo=2, routed)           0.445    -1.523    student_top_inst/mem_bridge/counter_inst/cnt_1ms_reg[5]
    SLICE_X60Y117        LUT4 (Prop_lut4_I3_O)        0.043    -1.480 f  student_top_inst/mem_bridge/counter_inst/cnt_1ms[0]_i_6/O
                         net (fo=2, routed)           0.443    -1.037    student_top_inst/mem_bridge/counter_inst/cnt_1ms[0]_i_6_n_0
    SLICE_X60Y116        LUT5 (Prop_lut5_I4_O)        0.043    -0.994 r  student_top_inst/mem_bridge/counter_inst/cnt_ms_bin[0]_i_1/O
                         net (fo=32, routed)          1.407     0.413    student_top_inst/mem_bridge/counter_inst/cnt_ms_bin[0]_i_1_n_0
    SLICE_X47Y138        FDRE                                         r  student_top_inst/mem_bridge/counter_inst/cnt_ms_bin_reg[30]/CE
  -------------------------------------------------------------------    -------------------

                         (clock clk_out1_pll rise edge)
                                                     20.000    20.000 r  
    AD12                                              0.000    20.000 r  i_sys_clk_p (IN)
                         net (fo=0)                   0.000    20.000    pll_inst/inst/clk_in1_p
    AD12                 IBUFDS (Prop_ibufds_I_O)     0.803    20.803 r  pll_inst/inst/clkin1_ibufgds/O
                         net (fo=1, routed)           0.986    21.789    pll_inst/inst/clk_in1_pll
    MMCME2_ADV_X1Y1      MMCME2_ADV (Prop_mmcme2_adv_CLKIN1_CLKOUT0)
                                                     -6.759    15.030 r  pll_inst/inst/mmcm_adv_inst/CLKOUT0
                         net (fo=1, routed)           2.005    17.035    pll_inst/inst/clk_out1_pll
    BUFGCTRL_X0Y1        BUFG (Prop_bufg_I_O)         0.083    17.118 r  pll_inst/inst/clkout1_buf/O
                         net (fo=581, routed)         1.316    18.434    student_top_inst/mem_bridge/counter_inst/cnt_clk
    SLICE_X47Y138        FDRE                                         r  student_top_inst/mem_bridge/counter_inst/cnt_ms_bin_reg[30]/C
                         clock pessimism             -0.607    17.828    
                         clock uncertainty           -0.074    17.754    
    SLICE_X47Y138        FDRE (Setup_fdre_C_CE)      -0.201    17.553    student_top_inst/mem_bridge/counter_inst/cnt_ms_bin_reg[30]
  -------------------------------------------------------------------
                         required time                         17.553    
                         arrival time                          -0.413    
  -------------------------------------------------------------------
                         slack                                 17.140    





Pulse Width Checks
--------------------------------------------------------------------------------------
Clock Name:         clk_out1_pll
Waveform(ns):       { 0.000 10.000 }
Period(ns):         20.000
Sources:            { pll_inst/inst/mmcm_adv_inst/CLKOUT0 }

Check Type        Corner  Lib Pin             Reference Pin  Required(ns)  Actual(ns)  Slack(ns)  Location         Pin
Min Period        n/a     BUFG/I              n/a            1.408         20.000      18.591     BUFGCTRL_X0Y1    pll_inst/inst/clkout1_buf/I
Min Period        n/a     MMCME2_ADV/CLKOUT0  n/a            1.071         20.000      18.929     MMCME2_ADV_X1Y1  pll_inst/inst/mmcm_adv_inst/CLKOUT0
Min Period        n/a     FDPE/C              n/a            0.750         20.000      19.250     SLICE_X37Y137    rst_50m_sync_reg/C
Min Period        n/a     FDCE/C              n/a            0.750         20.000      19.250     SLICE_X43Y133    virtual_led_50_d2_reg[0]/C
Min Period        n/a     FDCE/C              n/a            0.750         20.000      19.250     SLICE_X38Y140    virtual_led_50_d2_reg[10]/C
Min Period        n/a     FDCE/C              n/a            0.750         20.000      19.250     SLICE_X42Y131    virtual_led_50_d2_reg[11]/C
Min Period        n/a     FDCE/C              n/a            0.750         20.000      19.250     SLICE_X40Y137    virtual_led_50_d2_reg[12]/C
Min Period        n/a     FDCE/C              n/a            0.750         20.000      19.250     SLICE_X43Y126    virtual_led_50_d2_reg[13]/C
Min Period        n/a     FDCE/C              n/a            0.750         20.000      19.250     SLICE_X39Y140    virtual_led_50_d2_reg[14]/C
Min Period        n/a     FDCE/C              n/a            0.750         20.000      19.250     SLICE_X42Y131    virtual_led_50_d2_reg[15]/C
Min Period        n/a     FDCE/C              n/a            0.750         20.000      19.250     SLICE_X39Y126    virtual_led_50_d2_reg[16]/C
Min Period        n/a     FDCE/C              n/a            0.750         20.000      19.250     SLICE_X41Y125    virtual_led_50_d2_reg[17]/C
Min Period        n/a     FDCE/C              n/a            0.750         20.000      19.250     SLICE_X41Y133    virtual_led_50_d2_reg[18]/C
Min Period        n/a     FDCE/C              n/a            0.750         20.000      19.250     SLICE_X41Y136    virtual_led_50_d2_reg[19]/C
Min Period        n/a     FDCE/C              n/a            0.750         20.000      19.250     SLICE_X41Y128    virtual_led_50_d2_reg[1]/C
Min Period        n/a     FDCE/C              n/a            0.750         20.000      19.250     SLICE_X41Y133    virtual_led_50_d2_reg[20]/C
Min Period        n/a     FDCE/C              n/a            0.750         20.000      19.250     SLICE_X41Y127    virtual_led_50_d2_reg[21]/C
Min Period        n/a     FDCE/C              n/a            0.750         20.000      19.250     SLICE_X41Y127    virtual_led_50_d2_reg[22]/C
Min Period        n/a     FDCE/C              n/a            0.750         20.000      19.250     SLICE_X42Y126    virtual_led_50_d2_reg[23]/C
Min Period        n/a     FDCE/C              n/a            0.750         20.000      19.250     SLICE_X43Y126    virtual_led_50_d2_reg[24]/C
Max Period        n/a     MMCME2_ADV/CLKOUT0  n/a            213.360       20.000      193.360    MMCME2_ADV_X1Y1  pll_inst/inst/mmcm_adv_inst/CLKOUT0
Low Pulse Width   Slow    FDPE/C              n/a            0.400         10.000      9.600      SLICE_X37Y137    rst_50m_sync_reg/C
Low Pulse Width   Fast    FDPE/C              n/a            0.400         10.000      9.600      SLICE_X37Y137    rst_50m_sync_reg/C
Low Pulse Width   Slow    FDCE/C              n/a            0.400         10.000      9.600      SLICE_X43Y133    virtual_led_50_d2_reg[0]/C
Low Pulse Width   Fast    FDCE/C              n/a            0.400         10.000      9.600      SLICE_X43Y133    virtual_led_50_d2_reg[0]/C
Low Pulse Width   Slow    FDCE/C              n/a            0.400         10.000      9.600      SLICE_X38Y140    virtual_led_50_d2_reg[10]/C
Low Pulse Width   Fast    FDCE/C              n/a            0.400         10.000      9.600      SLICE_X38Y140    virtual_led_50_d2_reg[10]/C
Low Pulse Width   Slow    FDCE/C              n/a            0.400         10.000      9.600      SLICE_X42Y131    virtual_led_50_d2_reg[11]/C
Low Pulse Width   Fast    FDCE/C              n/a            0.400         10.000      9.600      SLICE_X42Y131    virtual_led_50_d2_reg[11]/C
Low Pulse Width   Slow    FDCE/C              n/a            0.400         10.000      9.600      SLICE_X40Y137    virtual_led_50_d2_reg[12]/C
Low Pulse Width   Fast    FDCE/C              n/a            0.400         10.000      9.600      SLICE_X40Y137    virtual_led_50_d2_reg[12]/C
Low Pulse Width   Slow    FDCE/C              n/a            0.400         10.000      9.600      SLICE_X43Y126    virtual_led_50_d2_reg[13]/C
Low Pulse Width   Fast    FDCE/C              n/a            0.400         10.000      9.600      SLICE_X43Y126    virtual_led_50_d2_reg[13]/C
Low Pulse Width   Slow    FDCE/C              n/a            0.400         10.000      9.600      SLICE_X39Y140    virtual_led_50_d2_reg[14]/C
Low Pulse Width   Fast    FDCE/C              n/a            0.400         10.000      9.600      SLICE_X39Y140    virtual_led_50_d2_reg[14]/C
Low Pulse Width   Slow    FDCE/C              n/a            0.400         10.000      9.600      SLICE_X42Y131    virtual_led_50_d2_reg[15]/C
Low Pulse Width   Fast    FDCE/C              n/a            0.400         10.000      9.600      SLICE_X42Y131    virtual_led_50_d2_reg[15]/C
Low Pulse Width   Slow    FDCE/C              n/a            0.400         10.000      9.600      SLICE_X39Y126    virtual_led_50_d2_reg[16]/C
Low Pulse Width   Fast    FDCE/C              n/a            0.400         10.000      9.600      SLICE_X39Y126    virtual_led_50_d2_reg[16]/C
Low Pulse Width   Slow    FDCE/C              n/a            0.400         10.000      9.600      SLICE_X41Y125    virtual_led_50_d2_reg[17]/C
Low Pulse Width   Fast    FDCE/C              n/a            0.400         10.000      9.600      SLICE_X41Y125    virtual_led_50_d2_reg[17]/C
High Pulse Width  Slow    FDPE/C              n/a            0.350         10.000      9.650      SLICE_X37Y137    rst_50m_meta_reg/C
High Pulse Width  Fast    FDPE/C              n/a            0.350         10.000      9.650      SLICE_X37Y137    rst_50m_meta_reg/C
High Pulse Width  Slow    FDPE/C              n/a            0.350         10.000      9.650      SLICE_X37Y137    rst_50m_sync_reg/C
High Pulse Width  Fast    FDPE/C              n/a            0.350         10.000      9.650      SLICE_X37Y137    rst_50m_sync_reg/C
High Pulse Width  Slow    FDCE/C              n/a            0.350         10.000      9.650      SLICE_X43Y133    virtual_led_50_d1_reg[0]/C
High Pulse Width  Fast    FDCE/C              n/a            0.350         10.000      9.650      SLICE_X43Y133    virtual_led_50_d1_reg[0]/C
High Pulse Width  Slow    FDCE/C              n/a            0.350         10.000      9.650      SLICE_X38Y140    virtual_led_50_d1_reg[10]/C
High Pulse Width  Fast    FDCE/C              n/a            0.350         10.000      9.650      SLICE_X38Y140    virtual_led_50_d1_reg[10]/C
High Pulse Width  Slow    FDCE/C              n/a            0.350         10.000      9.650      SLICE_X42Y131    virtual_led_50_d1_reg[11]/C
High Pulse Width  Fast    FDCE/C              n/a            0.350         10.000      9.650      SLICE_X42Y131    virtual_led_50_d1_reg[11]/C
High Pulse Width  Slow    FDCE/C              n/a            0.350         10.000      9.650      SLICE_X40Y137    virtual_led_50_d1_reg[12]/C
High Pulse Width  Fast    FDCE/C              n/a            0.350         10.000      9.650      SLICE_X40Y137    virtual_led_50_d1_reg[12]/C
High Pulse Width  Slow    FDCE/C              n/a            0.350         10.000      9.650      SLICE_X43Y126    virtual_led_50_d1_reg[13]/C
High Pulse Width  Fast    FDCE/C              n/a            0.350         10.000      9.650      SLICE_X43Y126    virtual_led_50_d1_reg[13]/C
High Pulse Width  Slow    FDCE/C              n/a            0.350         10.000      9.650      SLICE_X39Y140    virtual_led_50_d1_reg[14]/C
High Pulse Width  Fast    FDCE/C              n/a            0.350         10.000      9.650      SLICE_X39Y140    virtual_led_50_d1_reg[14]/C
High Pulse Width  Slow    FDCE/C              n/a            0.350         10.000      9.650      SLICE_X42Y131    virtual_led_50_d1_reg[15]/C
High Pulse Width  Fast    FDCE/C              n/a            0.350         10.000      9.650      SLICE_X42Y131    virtual_led_50_d1_reg[15]/C
High Pulse Width  Slow    FDCE/C              n/a            0.350         10.000      9.650      SLICE_X39Y126    virtual_led_50_d1_reg[16]/C
High Pulse Width  Fast    FDCE/C              n/a            0.350         10.000      9.650      SLICE_X39Y126    virtual_led_50_d1_reg[16]/C



---------------------------------------------------------------------------------------------------
From Clock:  clk_out2_pll
  To Clock:  clk_out2_pll

Setup :        11183  Failing Endpoints,  Worst Slack       -3.616ns,  Total Violation   -15090.523ns
Hold  :           NA  Failing Endpoints,  Worst Slack           NA  ,  Total Violation           NA
PW    :            0  Failing Endpoints,  Worst Slack        1.732ns,  Total Violation        0.000ns
---------------------------------------------------------------------------------------------------


Max Delay Paths
--------------------------------------------------------------------------------------
Slack (VIOLATED) :        -3.616ns  (required time - arrival time)
  Source:                 student_top_inst/Core_cpu/u_core_top/exec_q_reg[op1][1]_replica_1/C
                            (rising edge-triggered cell FDRE clocked by clk_out2_pll  {rise@0.000ns fall@2.500ns period=5.000ns})
  Destination:            student_top_inst/Core_cpu/u_core_top/u_dcache/g_data_bank[3].u_data_bank/mem_q_reg_1/ENBWREN
                            (rising edge-triggered cell RAMB36E1 clocked by clk_out2_pll  {rise@0.000ns fall@2.500ns period=5.000ns})
  Path Group:             clk_out2_pll
  Path Type:              Setup (Max at Slow Process Corner)
  Requirement:            5.000ns  (clk_out2_pll rise@5.000ns - clk_out2_pll rise@0.000ns)
  Data Path Delay:        8.321ns  (logic 1.993ns (23.951%)  route 6.328ns (76.049%))
  Logic Levels:           21  (CARRY4=10 LUT3=1 LUT6=7 MUXF7=1 MUXF8=1 RAMD64E=1)
  Clock Path Skew:        0.094ns (DCD - SCD + CPR)
    Destination Clock Delay (DCD):    -1.410ns = ( 3.590 - 5.000 ) 
    Source Clock Delay      (SCD):    -2.183ns
    Clock Pessimism Removal (CPR):    -0.680ns
  Clock Uncertainty:      0.060ns  ((TSJ^2 + DJ^2)^1/2) / 2 + PE
    Total System Jitter     (TSJ):    0.071ns
    Discrete Jitter          (DJ):    0.098ns
    Phase Error              (PE):    0.000ns

    Location             Delay type                Incr(ns)  Path(ns)    Netlist Resource(s)
  -------------------------------------------------------------------    -------------------
                         (clock clk_out2_pll rise edge)
                                                      0.000     0.000 r  
    AD12                                              0.000     0.000 r  i_sys_clk_p (IN)
                         net (fo=0)                   0.000     0.000    pll_inst/inst/clk_in1_p
    AD12                 IBUFDS (Prop_ibufds_I_O)     0.906     0.906 r  pll_inst/inst/clkin1_ibufgds/O
                         net (fo=1, routed)           1.081     1.987    pll_inst/inst/clk_in1_pll
    MMCME2_ADV_X1Y1      MMCME2_ADV (Prop_mmcme2_adv_CLKIN1_CLKOUT1)
                                                     -7.786    -5.799 r  pll_inst/inst/mmcm_adv_inst/CLKOUT1
                         net (fo=1, routed)           2.130    -3.669    pll_inst/inst/clk_out2_pll
    BUFGCTRL_X0Y0        BUFG (Prop_bufg_I_O)         0.093    -3.576 r  pll_inst/inst/clkout2_buf/O
                         net (fo=12327, routed)       1.393    -2.183    student_top_inst/Core_cpu/u_core_top/clk
    SLICE_X69Y145        FDRE                                         r  student_top_inst/Core_cpu/u_core_top/exec_q_reg[op1][1]_replica_1/C
  -------------------------------------------------------------------    -------------------
    SLICE_X69Y145        FDRE (Prop_fdre_C_Q)         0.223    -1.960 r  student_top_inst/Core_cpu/u_core_top/exec_q_reg[op1][1]_replica_1/Q
                         net (fo=2, routed)           0.372    -1.588    student_top_inst/Core_cpu/u_core_top/u_fixed_execute/exec_q_reg[op_n_0_1][1]_repN_1_alias
    SLICE_X71Y145        CARRY4 (Prop_carry4_DI[1]_CO[3])
                                                      0.250    -1.338 r  student_top_inst/Core_cpu/u_core_top/u_fixed_execute/mem_addr_o[0]_INST_0/CO[3]
                         net (fo=1, routed)           0.000    -1.338    student_top_inst/Core_cpu/u_core_top/u_fixed_execute/mem_addr_o[0]_INST_0_n_0
    SLICE_X71Y146        CARRY4 (Prop_carry4_CI_CO[3])
                                                      0.053    -1.285 r  student_top_inst/Core_cpu/u_core_top/u_fixed_execute/mem_addr_o[4]_INST_0/CO[3]
                         net (fo=1, routed)           0.000    -1.285    student_top_inst/Core_cpu/u_core_top/u_fixed_execute/mem_addr_o[4]_INST_0_n_0
    SLICE_X71Y147        CARRY4 (Prop_carry4_CI_CO[3])
                                                      0.053    -1.232 r  student_top_inst/Core_cpu/u_core_top/u_fixed_execute/mem_addr_o[8]_INST_0/CO[3]
                         net (fo=1, routed)           0.000    -1.232    student_top_inst/Core_cpu/u_core_top/u_fixed_execute/mem_addr_o[8]_INST_0_n_0
    SLICE_X71Y148        CARRY4 (Prop_carry4_CI_CO[3])
                                                      0.053    -1.179 r  student_top_inst/Core_cpu/u_core_top/u_fixed_execute/mem_addr_o[12]_INST_0/CO[3]
                         net (fo=1, routed)           0.000    -1.179    student_top_inst/Core_cpu/u_core_top/u_fixed_execute/mem_addr_o[12]_INST_0_n_0
    SLICE_X71Y149        CARRY4 (Prop_carry4_CI_CO[3])
                                                      0.053    -1.126 r  student_top_inst/Core_cpu/u_core_top/u_fixed_execute/mem_addr_o[16]_INST_0/CO[3]
                         net (fo=1, routed)           0.001    -1.126    student_top_inst/Core_cpu/u_core_top/u_fixed_execute/mem_addr_o[16]_INST_0_n_0
    SLICE_X71Y150        CARRY4 (Prop_carry4_CI_CO[3])
                                                      0.053    -1.073 r  student_top_inst/Core_cpu/u_core_top/u_fixed_execute/mem_addr_o[20]_INST_0/CO[3]
                         net (fo=1, routed)           0.000    -1.073    student_top_inst/Core_cpu/u_core_top/u_fixed_execute/mem_addr_o[20]_INST_0_n_0
    SLICE_X71Y151        CARRY4 (Prop_carry4_CI_CO[3])
                                                      0.053    -1.020 r  student_top_inst/Core_cpu/u_core_top/u_fixed_execute/mem_addr_o[24]_INST_0/CO[3]
                         net (fo=1, routed)           0.000    -1.020    student_top_inst/Core_cpu/u_core_top/u_fixed_execute/mem_addr_o[24]_INST_0_n_0
    SLICE_X71Y152        CARRY4 (Prop_carry4_CI_O[3])
                                                      0.155    -0.865 r  student_top_inst/Core_cpu/u_core_top/u_fixed_execute/mem_addr_o[28]_INST_0/O[3]
                         net (fo=17, routed)          0.572    -0.292    student_top_inst/Core_cpu/u_core_top/exec_mem_addr[31]
    SLICE_X69Y149        LUT3 (Prop_lut3_I2_O)        0.120    -0.172 f  student_top_inst/Core_cpu/u_core_top/store_q[3][uncached]_i_2_comp/O
                         net (fo=1, routed)           0.485     0.313    student_top_inst/Core_cpu/u_core_top/store_q[3][uncached]_i_2_n_0_repN
    SLICE_X68Y142        LUT6 (Prop_lut6_I4_O)        0.043     0.356 f  student_top_inst/Core_cpu/u_core_top/u_dcache_i_180_comp/O
                         net (fo=1, routed)           0.107     0.462    student_top_inst/Core_cpu/u_core_top/u_dcache_i_180_n_0
    SLICE_X68Y142        LUT6 (Prop_lut6_I2_O)        0.043     0.505 r  student_top_inst/Core_cpu/u_core_top/u_dcache_i_73_comp_1/O
                         net (fo=38, routed)          0.572     1.077    student_top_inst/Core_cpu/u_core_top/u_dcache_i_73_n_0
    SLICE_X68Y129        LUT6 (Prop_lut6_I1_O)        0.043     1.120 r  student_top_inst/Core_cpu/u_core_top/u_dcache_i_29/O
                         net (fo=1101, routed)        1.035     2.156    student_top_inst/Core_cpu/u_core_top/u_dcache/tag_q_reg_896_959_9_11/ADDRC1
    SLICE_X56Y123        RAMD64E (Prop_ramd64e_RADR1_O)
                                                      0.043     2.199 r  student_top_inst/Core_cpu/u_core_top/u_dcache/tag_q_reg_896_959_9_11/RAMC/O
                         net (fo=1, routed)           0.592     2.791    student_top_inst/Core_cpu/u_core_top/u_dcache/tag_q_reg_896_959_9_11_n_2
    SLICE_X63Y115        LUT6 (Prop_lut6_I1_O)        0.043     2.834 r  student_top_inst/Core_cpu/u_core_top/u_dcache/g_data_bank[0].u_data_bank_i_1230/O
                         net (fo=1, routed)           0.000     2.834    student_top_inst/Core_cpu/u_core_top/u_dcache/g_data_bank[0].u_data_bank_i_1230_n_0
    SLICE_X63Y115        MUXF7 (Prop_muxf7_I1_O)      0.108     2.942 r  student_top_inst/Core_cpu/u_core_top/u_dcache/g_data_bank[0].u_data_bank_i_1150/O
                         net (fo=1, routed)           0.000     2.942    student_top_inst/Core_cpu/u_core_top/u_dcache/g_data_bank[0].u_data_bank_i_1150_n_0
    SLICE_X63Y115        MUXF8 (Prop_muxf8_I1_O)      0.043     2.985 r  student_top_inst/Core_cpu/u_core_top/u_dcache/g_data_bank[0].u_data_bank_i_554/O
                         net (fo=1, routed)           0.598     3.583    student_top_inst/Core_cpu/u_core_top/u_dcache/g_data_bank[0].u_data_bank_i_554_n_0
    SLICE_X69Y130        LUT6 (Prop_lut6_I1_O)        0.126     3.709 f  student_top_inst/Core_cpu/u_core_top/u_dcache/g_data_bank[0].u_data_bank_i_260/O
                         net (fo=1, routed)           0.281     3.989    student_top_inst/Core_cpu/u_core_top/u_dcache/g_data_bank[0].u_data_bank_i_260_n_0
    SLICE_X75Y130        LUT6 (Prop_lut6_I5_O)        0.043     4.032 r  student_top_inst/Core_cpu/u_core_top/u_dcache/g_data_bank[0].u_data_bank_i_118/O
                         net (fo=1, routed)           0.000     4.032    student_top_inst/Core_cpu/u_core_top/u_dcache/g_data_bank[0].u_data_bank_i_118_n_0
    SLICE_X75Y130        CARRY4 (Prop_carry4_S[3]_CO[3])
                                                      0.193     4.225 r  student_top_inst/Core_cpu/u_core_top/u_dcache/g_data_bank[0].u_data_bank_i_82/CO[3]
                         net (fo=1, routed)           0.000     4.225    student_top_inst/Core_cpu/u_core_top/u_dcache/g_data_bank[0].u_data_bank_i_82_n_0
    SLICE_X75Y131        CARRY4 (Prop_carry4_CI_CO[1])
                                                      0.077     4.302 r  student_top_inst/Core_cpu/u_core_top/u_dcache/g_data_bank[0].u_data_bank_i_63/CO[1]
                         net (fo=10, routed)          0.715     5.017    student_top_inst/Core_cpu/u_core_top/u_dcache/hit_c0
    SLICE_X79Y107        LUT6 (Prop_lut6_I4_O)        0.122     5.139 r  student_top_inst/Core_cpu/u_core_top/u_dcache/g_data_bank[0].u_data_bank_i_1_comp_replica_1/O
                         net (fo=1, routed)           0.999     6.138    student_top_inst/Core_cpu/u_core_top/u_dcache/g_data_bank[3].u_data_bank/lookup_valid_q_repN_1_alias
    RAMB36_X3Y16         RAMB36E1                                     r  student_top_inst/Core_cpu/u_core_top/u_dcache/g_data_bank[3].u_data_bank/mem_q_reg_1/ENBWREN
  -------------------------------------------------------------------    -------------------

                         (clock clk_out2_pll rise edge)
                                                      5.000     5.000 r  
    AD12                                              0.000     5.000 r  i_sys_clk_p (IN)
                         net (fo=0)                   0.000     5.000    pll_inst/inst/clk_in1_p
    AD12                 IBUFDS (Prop_ibufds_I_O)     0.803     5.803 r  pll_inst/inst/clkin1_ibufgds/O
                         net (fo=1, routed)           0.986     6.789    pll_inst/inst/clk_in1_pll
    MMCME2_ADV_X1Y1      MMCME2_ADV (Prop_mmcme2_adv_CLKIN1_CLKOUT1)
                                                     -6.759     0.030 r  pll_inst/inst/mmcm_adv_inst/CLKOUT1
                         net (fo=1, routed)           2.005     2.035    pll_inst/inst/clk_out2_pll
    BUFGCTRL_X0Y0        BUFG (Prop_bufg_I_O)         0.083     2.118 r  pll_inst/inst/clkout2_buf/O
                         net (fo=12327, routed)       1.472     3.590    student_top_inst/Core_cpu/u_core_top/u_dcache/g_data_bank[3].u_data_bank/clk
    RAMB36_X3Y16         RAMB36E1                                     r  student_top_inst/Core_cpu/u_core_top/u_dcache/g_data_bank[3].u_data_bank/mem_q_reg_1/CLKBWRCLK
                         clock pessimism             -0.680     2.910    
                         clock uncertainty           -0.060     2.850    
    RAMB36_X3Y16         RAMB36E1 (Setup_ramb36e1_CLKBWRCLK_ENBWREN)
                                                     -0.328     2.522    student_top_inst/Core_cpu/u_core_top/u_dcache/g_data_bank[3].u_data_bank/mem_q_reg_1
  -------------------------------------------------------------------
                         required time                          2.522    
                         arrival time                          -6.138    
  -------------------------------------------------------------------
                         slack                                 -3.616    

Slack (VIOLATED) :        -3.487ns  (required time - arrival time)
  Source:                 student_top_inst/Core_cpu/u_core_top/exec_q_reg[op1][1]_replica_1/C
                            (rising edge-triggered cell FDRE clocked by clk_out2_pll  {rise@0.000ns fall@2.500ns period=5.000ns})
  Destination:            student_top_inst/Core_cpu/u_core_top/u_dcache/g_data_bank[0].u_data_bank/mem_q_reg_1/ENBWREN
                            (rising edge-triggered cell RAMB36E1 clocked by clk_out2_pll  {rise@0.000ns fall@2.500ns period=5.000ns})
  Path Group:             clk_out2_pll
  Path Type:              Setup (Max at Slow Process Corner)
  Requirement:            5.000ns  (clk_out2_pll rise@5.000ns - clk_out2_pll rise@0.000ns)
  Data Path Delay:        8.197ns  (logic 1.993ns (24.314%)  route 6.204ns (75.686%))
  Logic Levels:           21  (CARRY4=10 LUT3=1 LUT6=7 MUXF7=1 MUXF8=1 RAMD64E=1)
  Clock Path Skew:        0.099ns (DCD - SCD + CPR)
    Destination Clock Delay (DCD):    -1.405ns = ( 3.595 - 5.000 ) 
    Source Clock Delay      (SCD):    -2.183ns
    Clock Pessimism Removal (CPR):    -0.680ns
  Clock Uncertainty:      0.060ns  ((TSJ^2 + DJ^2)^1/2) / 2 + PE
    Total System Jitter     (TSJ):    0.071ns
    Discrete Jitter          (DJ):    0.098ns
    Phase Error              (PE):    0.000ns

    Location             Delay type                Incr(ns)  Path(ns)    Netlist Resource(s)
  -------------------------------------------------------------------    -------------------
                         (clock clk_out2_pll rise edge)
                                                      0.000     0.000 r  
    AD12                                              0.000     0.000 r  i_sys_clk_p (IN)
                         net (fo=0)                   0.000     0.000    pll_inst/inst/clk_in1_p
    AD12                 IBUFDS (Prop_ibufds_I_O)     0.906     0.906 r  pll_inst/inst/clkin1_ibufgds/O
                         net (fo=1, routed)           1.081     1.987    pll_inst/inst/clk_in1_pll
    MMCME2_ADV_X1Y1      MMCME2_ADV (Prop_mmcme2_adv_CLKIN1_CLKOUT1)
                                                     -7.786    -5.799 r  pll_inst/inst/mmcm_adv_inst/CLKOUT1
                         net (fo=1, routed)           2.130    -3.669    pll_inst/inst/clk_out2_pll
    BUFGCTRL_X0Y0        BUFG (Prop_bufg_I_O)         0.093    -3.576 r  pll_inst/inst/clkout2_buf/O
                         net (fo=12327, routed)       1.393    -2.183    student_top_inst/Core_cpu/u_core_top/clk
    SLICE_X69Y145        FDRE                                         r  student_top_inst/Core_cpu/u_core_top/exec_q_reg[op1][1]_replica_1/C
  -------------------------------------------------------------------    -------------------
    SLICE_X69Y145        FDRE (Prop_fdre_C_Q)         0.223    -1.960 r  student_top_inst/Core_cpu/u_core_top/exec_q_reg[op1][1]_replica_1/Q
                         net (fo=2, routed)           0.372    -1.588    student_top_inst/Core_cpu/u_core_top/u_fixed_execute/exec_q_reg[op_n_0_1][1]_repN_1_alias
    SLICE_X71Y145        CARRY4 (Prop_carry4_DI[1]_CO[3])
                                                      0.250    -1.338 r  student_top_inst/Core_cpu/u_core_top/u_fixed_execute/mem_addr_o[0]_INST_0/CO[3]
                         net (fo=1, routed)           0.000    -1.338    student_top_inst/Core_cpu/u_core_top/u_fixed_execute/mem_addr_o[0]_INST_0_n_0
    SLICE_X71Y146        CARRY4 (Prop_carry4_CI_CO[3])
                                                      0.053    -1.285 r  student_top_inst/Core_cpu/u_core_top/u_fixed_execute/mem_addr_o[4]_INST_0/CO[3]
                         net (fo=1, routed)           0.000    -1.285    student_top_inst/Core_cpu/u_core_top/u_fixed_execute/mem_addr_o[4]_INST_0_n_0
    SLICE_X71Y147        CARRY4 (Prop_carry4_CI_CO[3])
                                                      0.053    -1.232 r  student_top_inst/Core_cpu/u_core_top/u_fixed_execute/mem_addr_o[8]_INST_0/CO[3]
                         net (fo=1, routed)           0.000    -1.232    student_top_inst/Core_cpu/u_core_top/u_fixed_execute/mem_addr_o[8]_INST_0_n_0
    SLICE_X71Y148        CARRY4 (Prop_carry4_CI_CO[3])
                                                      0.053    -1.179 r  student_top_inst/Core_cpu/u_core_top/u_fixed_execute/mem_addr_o[12]_INST_0/CO[3]
                         net (fo=1, routed)           0.000    -1.179    student_top_inst/Core_cpu/u_core_top/u_fixed_execute/mem_addr_o[12]_INST_0_n_0
    SLICE_X71Y149        CARRY4 (Prop_carry4_CI_CO[3])
                                                      0.053    -1.126 r  student_top_inst/Core_cpu/u_core_top/u_fixed_execute/mem_addr_o[16]_INST_0/CO[3]
                         net (fo=1, routed)           0.001    -1.126    student_top_inst/Core_cpu/u_core_top/u_fixed_execute/mem_addr_o[16]_INST_0_n_0
    SLICE_X71Y150        CARRY4 (Prop_carry4_CI_CO[3])
                                                      0.053    -1.073 r  student_top_inst/Core_cpu/u_core_top/u_fixed_execute/mem_addr_o[20]_INST_0/CO[3]
                         net (fo=1, routed)           0.000    -1.073    student_top_inst/Core_cpu/u_core_top/u_fixed_execute/mem_addr_o[20]_INST_0_n_0
    SLICE_X71Y151        CARRY4 (Prop_carry4_CI_CO[3])
                                                      0.053    -1.020 r  student_top_inst/Core_cpu/u_core_top/u_fixed_execute/mem_addr_o[24]_INST_0/CO[3]
                         net (fo=1, routed)           0.000    -1.020    student_top_inst/Core_cpu/u_core_top/u_fixed_execute/mem_addr_o[24]_INST_0_n_0
    SLICE_X71Y152        CARRY4 (Prop_carry4_CI_O[3])
                                                      0.155    -0.865 r  student_top_inst/Core_cpu/u_core_top/u_fixed_execute/mem_addr_o[28]_INST_0/O[3]
                         net (fo=17, routed)          0.572    -0.292    student_top_inst/Core_cpu/u_core_top/exec_mem_addr[31]
    SLICE_X69Y149        LUT3 (Prop_lut3_I2_O)        0.120    -0.172 f  student_top_inst/Core_cpu/u_core_top/store_q[3][uncached]_i_2_comp/O
                         net (fo=1, routed)           0.485     0.313    student_top_inst/Core_cpu/u_core_top/store_q[3][uncached]_i_2_n_0_repN
    SLICE_X68Y142        LUT6 (Prop_lut6_I4_O)        0.043     0.356 f  student_top_inst/Core_cpu/u_core_top/u_dcache_i_180_comp/O
                         net (fo=1, routed)           0.107     0.462    student_top_inst/Core_cpu/u_core_top/u_dcache_i_180_n_0
    SLICE_X68Y142        LUT6 (Prop_lut6_I2_O)        0.043     0.505 r  student_top_inst/Core_cpu/u_core_top/u_dcache_i_73_comp_1/O
                         net (fo=38, routed)          0.572     1.077    student_top_inst/Core_cpu/u_core_top/u_dcache_i_73_n_0
    SLICE_X68Y129        LUT6 (Prop_lut6_I1_O)        0.043     1.120 r  student_top_inst/Core_cpu/u_core_top/u_dcache_i_29/O
                         net (fo=1101, routed)        1.035     2.156    student_top_inst/Core_cpu/u_core_top/u_dcache/tag_q_reg_896_959_9_11/ADDRC1
    SLICE_X56Y123        RAMD64E (Prop_ramd64e_RADR1_O)
                                                      0.043     2.199 r  student_top_inst/Core_cpu/u_core_top/u_dcache/tag_q_reg_896_959_9_11/RAMC/O
                         net (fo=1, routed)           0.592     2.791    student_top_inst/Core_cpu/u_core_top/u_dcache/tag_q_reg_896_959_9_11_n_2
    SLICE_X63Y115        LUT6 (Prop_lut6_I1_O)        0.043     2.834 r  student_top_inst/Core_cpu/u_core_top/u_dcache/g_data_bank[0].u_data_bank_i_1230/O
                         net (fo=1, routed)           0.000     2.834    student_top_inst/Core_cpu/u_core_top/u_dcache/g_data_bank[0].u_data_bank_i_1230_n_0
    SLICE_X63Y115        MUXF7 (Prop_muxf7_I1_O)      0.108     2.942 r  student_top_inst/Core_cpu/u_core_top/u_dcache/g_data_bank[0].u_data_bank_i_1150/O
                         net (fo=1, routed)           0.000     2.942    student_top_inst/Core_cpu/u_core_top/u_dcache/g_data_bank[0].u_data_bank_i_1150_n_0
    SLICE_X63Y115        MUXF8 (Prop_muxf8_I1_O)      0.043     2.985 r  student_top_inst/Core_cpu/u_core_top/u_dcache/g_data_bank[0].u_data_bank_i_554/O
                         net (fo=1, routed)           0.598     3.583    student_top_inst/Core_cpu/u_core_top/u_dcache/g_data_bank[0].u_data_bank_i_554_n_0
    SLICE_X69Y130        LUT6 (Prop_lut6_I1_O)        0.126     3.709 f  student_top_inst/Core_cpu/u_core_top/u_dcache/g_data_bank[0].u_data_bank_i_260/O
                         net (fo=1, routed)           0.281     3.989    student_top_inst/Core_cpu/u_core_top/u_dcache/g_data_bank[0].u_data_bank_i_260_n_0
    SLICE_X75Y130        LUT6 (Prop_lut6_I5_O)        0.043     4.032 r  student_top_inst/Core_cpu/u_core_top/u_dcache/g_data_bank[0].u_data_bank_i_118/O
                         net (fo=1, routed)           0.000     4.032    student_top_inst/Core_cpu/u_core_top/u_dcache/g_data_bank[0].u_data_bank_i_118_n_0
    SLICE_X75Y130        CARRY4 (Prop_carry4_S[3]_CO[3])
                                                      0.193     4.225 r  student_top_inst/Core_cpu/u_core_top/u_dcache/g_data_bank[0].u_data_bank_i_82/CO[3]
                         net (fo=1, routed)           0.000     4.225    student_top_inst/Core_cpu/u_core_top/u_dcache/g_data_bank[0].u_data_bank_i_82_n_0
    SLICE_X75Y131        CARRY4 (Prop_carry4_CI_CO[1])
                                                      0.077     4.302 r  student_top_inst/Core_cpu/u_core_top/u_dcache/g_data_bank[0].u_data_bank_i_63/CO[1]
                         net (fo=10, routed)          0.893     5.195    student_top_inst/Core_cpu/u_core_top/u_dcache/hit_c0
    SLICE_X99Y108        LUT6 (Prop_lut6_I4_O)        0.122     5.317 r  student_top_inst/Core_cpu/u_core_top/u_dcache/g_data_bank[0].u_data_bank_i_1_comp_replica_2/O
                         net (fo=1, routed)           0.696     6.014    student_top_inst/Core_cpu/u_core_top/u_dcache/g_data_bank[0].u_data_bank/lookup_valid_q_repN_2_alias
    RAMB36_X3Y17         RAMB36E1                                     r  student_top_inst/Core_cpu/u_core_top/u_dcache/g_data_bank[0].u_data_bank/mem_q_reg_1/ENBWREN
  -------------------------------------------------------------------    -------------------

                         (clock clk_out2_pll rise edge)
                                                      5.000     5.000 r  
    AD12                                              0.000     5.000 r  i_sys_clk_p (IN)
                         net (fo=0)                   0.000     5.000    pll_inst/inst/clk_in1_p
    AD12                 IBUFDS (Prop_ibufds_I_O)     0.803     5.803 r  pll_inst/inst/clkin1_ibufgds/O
                         net (fo=1, routed)           0.986     6.789    pll_inst/inst/clk_in1_pll
    MMCME2_ADV_X1Y1      MMCME2_ADV (Prop_mmcme2_adv_CLKIN1_CLKOUT1)
                                                     -6.759     0.030 r  pll_inst/inst/mmcm_adv_inst/CLKOUT1
                         net (fo=1, routed)           2.005     2.035    pll_inst/inst/clk_out2_pll
    BUFGCTRL_X0Y0        BUFG (Prop_bufg_I_O)         0.083     2.118 r  pll_inst/inst/clkout2_buf/O
                         net (fo=12327, routed)       1.477     3.595    student_top_inst/Core_cpu/u_core_top/u_dcache/g_data_bank[0].u_data_bank/clk
    RAMB36_X3Y17         RAMB36E1                                     r  student_top_inst/Core_cpu/u_core_top/u_dcache/g_data_bank[0].u_data_bank/mem_q_reg_1/CLKBWRCLK
                         clock pessimism             -0.680     2.915    
                         clock uncertainty           -0.060     2.855    
    RAMB36_X3Y17         RAMB36E1 (Setup_ramb36e1_CLKBWRCLK_ENBWREN)
                                                     -0.328     2.527    student_top_inst/Core_cpu/u_core_top/u_dcache/g_data_bank[0].u_data_bank/mem_q_reg_1
  -------------------------------------------------------------------
                         required time                          2.527    
                         arrival time                          -6.014    
  -------------------------------------------------------------------
                         slack                                 -3.487    

Slack (VIOLATED) :        -3.451ns  (required time - arrival time)
  Source:                 student_top_inst/Core_cpu/u_core_top/exec_q_reg[op1][1]_replica_1/C
                            (rising edge-triggered cell FDRE clocked by clk_out2_pll  {rise@0.000ns fall@2.500ns period=5.000ns})
  Destination:            student_top_inst/Core_cpu/u_core_top/u_dcache/g_data_bank[3].u_data_bank/mem_q_reg_0/ENBWREN
                            (rising edge-triggered cell RAMB36E1 clocked by clk_out2_pll  {rise@0.000ns fall@2.500ns period=5.000ns})
  Path Group:             clk_out2_pll
  Path Type:              Setup (Max at Slow Process Corner)
  Requirement:            5.000ns  (clk_out2_pll rise@5.000ns - clk_out2_pll rise@0.000ns)
  Data Path Delay:        8.046ns  (logic 1.993ns (24.770%)  route 6.053ns (75.230%))
  Logic Levels:           21  (CARRY4=10 LUT3=1 LUT6=7 MUXF7=1 MUXF8=1 RAMD64E=1)
  Clock Path Skew:        -0.016ns (DCD - SCD + CPR)
    Destination Clock Delay (DCD):    -1.520ns = ( 3.480 - 5.000 ) 
    Source Clock Delay      (SCD):    -2.183ns
    Clock Pessimism Removal (CPR):    -0.680ns
  Clock Uncertainty:      0.060ns  ((TSJ^2 + DJ^2)^1/2) / 2 + PE
    Total System Jitter     (TSJ):    0.071ns
    Discrete Jitter          (DJ):    0.098ns
    Phase Error              (PE):    0.000ns

    Location             Delay type                Incr(ns)  Path(ns)    Netlist Resource(s)
  -------------------------------------------------------------------    -------------------
                         (clock clk_out2_pll rise edge)
                                                      0.000     0.000 r  
    AD12                                              0.000     0.000 r  i_sys_clk_p (IN)
                         net (fo=0)                   0.000     0.000    pll_inst/inst/clk_in1_p
    AD12                 IBUFDS (Prop_ibufds_I_O)     0.906     0.906 r  pll_inst/inst/clkin1_ibufgds/O
                         net (fo=1, routed)           1.081     1.987    pll_inst/inst/clk_in1_pll
    MMCME2_ADV_X1Y1      MMCME2_ADV (Prop_mmcme2_adv_CLKIN1_CLKOUT1)
                                                     -7.786    -5.799 r  pll_inst/inst/mmcm_adv_inst/CLKOUT1
                         net (fo=1, routed)           2.130    -3.669    pll_inst/inst/clk_out2_pll
    BUFGCTRL_X0Y0        BUFG (Prop_bufg_I_O)         0.093    -3.576 r  pll_inst/inst/clkout2_buf/O
                         net (fo=12327, routed)       1.393    -2.183    student_top_inst/Core_cpu/u_core_top/clk
    SLICE_X69Y145        FDRE                                         r  student_top_inst/Core_cpu/u_core_top/exec_q_reg[op1][1]_replica_1/C
  -------------------------------------------------------------------    -------------------
    SLICE_X69Y145        FDRE (Prop_fdre_C_Q)         0.223    -1.960 r  student_top_inst/Core_cpu/u_core_top/exec_q_reg[op1][1]_replica_1/Q
                         net (fo=2, routed)           0.372    -1.588    student_top_inst/Core_cpu/u_core_top/u_fixed_execute/exec_q_reg[op_n_0_1][1]_repN_1_alias
    SLICE_X71Y145        CARRY4 (Prop_carry4_DI[1]_CO[3])
                                                      0.250    -1.338 r  student_top_inst/Core_cpu/u_core_top/u_fixed_execute/mem_addr_o[0]_INST_0/CO[3]
                         net (fo=1, routed)           0.000    -1.338    student_top_inst/Core_cpu/u_core_top/u_fixed_execute/mem_addr_o[0]_INST_0_n_0
    SLICE_X71Y146        CARRY4 (Prop_carry4_CI_CO[3])
                                                      0.053    -1.285 r  student_top_inst/Core_cpu/u_core_top/u_fixed_execute/mem_addr_o[4]_INST_0/CO[3]
                         net (fo=1, routed)           0.000    -1.285    student_top_inst/Core_cpu/u_core_top/u_fixed_execute/mem_addr_o[4]_INST_0_n_0
    SLICE_X71Y147        CARRY4 (Prop_carry4_CI_CO[3])
                                                      0.053    -1.232 r  student_top_inst/Core_cpu/u_core_top/u_fixed_execute/mem_addr_o[8]_INST_0/CO[3]
                         net (fo=1, routed)           0.000    -1.232    student_top_inst/Core_cpu/u_core_top/u_fixed_execute/mem_addr_o[8]_INST_0_n_0
    SLICE_X71Y148        CARRY4 (Prop_carry4_CI_CO[3])
                                                      0.053    -1.179 r  student_top_inst/Core_cpu/u_core_top/u_fixed_execute/mem_addr_o[12]_INST_0/CO[3]
                         net (fo=1, routed)           0.000    -1.179    student_top_inst/Core_cpu/u_core_top/u_fixed_execute/mem_addr_o[12]_INST_0_n_0
    SLICE_X71Y149        CARRY4 (Prop_carry4_CI_CO[3])
                                                      0.053    -1.126 r  student_top_inst/Core_cpu/u_core_top/u_fixed_execute/mem_addr_o[16]_INST_0/CO[3]
                         net (fo=1, routed)           0.001    -1.126    student_top_inst/Core_cpu/u_core_top/u_fixed_execute/mem_addr_o[16]_INST_0_n_0
    SLICE_X71Y150        CARRY4 (Prop_carry4_CI_CO[3])
                                                      0.053    -1.073 r  student_top_inst/Core_cpu/u_core_top/u_fixed_execute/mem_addr_o[20]_INST_0/CO[3]
                         net (fo=1, routed)           0.000    -1.073    student_top_inst/Core_cpu/u_core_top/u_fixed_execute/mem_addr_o[20]_INST_0_n_0
    SLICE_X71Y151        CARRY4 (Prop_carry4_CI_CO[3])
                                                      0.053    -1.020 r  student_top_inst/Core_cpu/u_core_top/u_fixed_execute/mem_addr_o[24]_INST_0/CO[3]
                         net (fo=1, routed)           0.000    -1.020    student_top_inst/Core_cpu/u_core_top/u_fixed_execute/mem_addr_o[24]_INST_0_n_0
    SLICE_X71Y152        CARRY4 (Prop_carry4_CI_O[3])
                                                      0.155    -0.865 r  student_top_inst/Core_cpu/u_core_top/u_fixed_execute/mem_addr_o[28]_INST_0/O[3]
                         net (fo=17, routed)          0.572    -0.292    student_top_inst/Core_cpu/u_core_top/exec_mem_addr[31]
    SLICE_X69Y149        LUT3 (Prop_lut3_I2_O)        0.120    -0.172 f  student_top_inst/Core_cpu/u_core_top/store_q[3][uncached]_i_2_comp/O
                         net (fo=1, routed)           0.485     0.313    student_top_inst/Core_cpu/u_core_top/store_q[3][uncached]_i_2_n_0_repN
    SLICE_X68Y142        LUT6 (Prop_lut6_I4_O)        0.043     0.356 f  student_top_inst/Core_cpu/u_core_top/u_dcache_i_180_comp/O
                         net (fo=1, routed)           0.107     0.462    student_top_inst/Core_cpu/u_core_top/u_dcache_i_180_n_0
    SLICE_X68Y142        LUT6 (Prop_lut6_I2_O)        0.043     0.505 r  student_top_inst/Core_cpu/u_core_top/u_dcache_i_73_comp_1/O
                         net (fo=38, routed)          0.572     1.077    student_top_inst/Core_cpu/u_core_top/u_dcache_i_73_n_0
    SLICE_X68Y129        LUT6 (Prop_lut6_I1_O)        0.043     1.120 r  student_top_inst/Core_cpu/u_core_top/u_dcache_i_29/O
                         net (fo=1101, routed)        1.035     2.156    student_top_inst/Core_cpu/u_core_top/u_dcache/tag_q_reg_896_959_9_11/ADDRC1
    SLICE_X56Y123        RAMD64E (Prop_ramd64e_RADR1_O)
                                                      0.043     2.199 r  student_top_inst/Core_cpu/u_core_top/u_dcache/tag_q_reg_896_959_9_11/RAMC/O
                         net (fo=1, routed)           0.592     2.791    student_top_inst/Core_cpu/u_core_top/u_dcache/tag_q_reg_896_959_9_11_n_2
    SLICE_X63Y115        LUT6 (Prop_lut6_I1_O)        0.043     2.834 r  student_top_inst/Core_cpu/u_core_top/u_dcache/g_data_bank[0].u_data_bank_i_1230/O
                         net (fo=1, routed)           0.000     2.834    student_top_inst/Core_cpu/u_core_top/u_dcache/g_data_bank[0].u_data_bank_i_1230_n_0
    SLICE_X63Y115        MUXF7 (Prop_muxf7_I1_O)      0.108     2.942 r  student_top_inst/Core_cpu/u_core_top/u_dcache/g_data_bank[0].u_data_bank_i_1150/O
                         net (fo=1, routed)           0.000     2.942    student_top_inst/Core_cpu/u_core_top/u_dcache/g_data_bank[0].u_data_bank_i_1150_n_0
    SLICE_X63Y115        MUXF8 (Prop_muxf8_I1_O)      0.043     2.985 r  student_top_inst/Core_cpu/u_core_top/u_dcache/g_data_bank[0].u_data_bank_i_554/O
                         net (fo=1, routed)           0.598     3.583    student_top_inst/Core_cpu/u_core_top/u_dcache/g_data_bank[0].u_data_bank_i_554_n_0
    SLICE_X69Y130        LUT6 (Prop_lut6_I1_O)        0.126     3.709 f  student_top_inst/Core_cpu/u_core_top/u_dcache/g_data_bank[0].u_data_bank_i_260/O
                         net (fo=1, routed)           0.281     3.989    student_top_inst/Core_cpu/u_core_top/u_dcache/g_data_bank[0].u_data_bank_i_260_n_0
    SLICE_X75Y130        LUT6 (Prop_lut6_I5_O)        0.043     4.032 r  student_top_inst/Core_cpu/u_core_top/u_dcache/g_data_bank[0].u_data_bank_i_118/O
                         net (fo=1, routed)           0.000     4.032    student_top_inst/Core_cpu/u_core_top/u_dcache/g_data_bank[0].u_data_bank_i_118_n_0
    SLICE_X75Y130        CARRY4 (Prop_carry4_S[3]_CO[3])
                                                      0.193     4.225 r  student_top_inst/Core_cpu/u_core_top/u_dcache/g_data_bank[0].u_data_bank_i_82/CO[3]
                         net (fo=1, routed)           0.000     4.225    student_top_inst/Core_cpu/u_core_top/u_dcache/g_data_bank[0].u_data_bank_i_82_n_0
    SLICE_X75Y131        CARRY4 (Prop_carry4_CI_CO[1])
                                                      0.077     4.302 r  student_top_inst/Core_cpu/u_core_top/u_dcache/g_data_bank[0].u_data_bank_i_63/CO[1]
                         net (fo=10, routed)          0.935     5.237    student_top_inst/Core_cpu/u_core_top/u_dcache/hit_c0
    SLICE_X107Y107       LUT6 (Prop_lut6_I4_O)        0.122     5.359 r  student_top_inst/Core_cpu/u_core_top/u_dcache/g_data_bank[0].u_data_bank_i_1_comp_replica/O
                         net (fo=1, routed)           0.503     5.863    student_top_inst/Core_cpu/u_core_top/u_dcache/g_data_bank[3].u_data_bank/lookup_valid_q_repN_alias
    RAMB36_X4Y21         RAMB36E1                                     r  student_top_inst/Core_cpu/u_core_top/u_dcache/g_data_bank[3].u_data_bank/mem_q_reg_0/ENBWREN
  -------------------------------------------------------------------    -------------------

                         (clock clk_out2_pll rise edge)
                                                      5.000     5.000 r  
    AD12                                              0.000     5.000 r  i_sys_clk_p (IN)
                         net (fo=0)                   0.000     5.000    pll_inst/inst/clk_in1_p
    AD12                 IBUFDS (Prop_ibufds_I_O)     0.803     5.803 r  pll_inst/inst/clkin1_ibufgds/O
                         net (fo=1, routed)           0.986     6.789    pll_inst/inst/clk_in1_pll
    MMCME2_ADV_X1Y1      MMCME2_ADV (Prop_mmcme2_adv_CLKIN1_CLKOUT1)
                                                     -6.759     0.030 r  pll_inst/inst/mmcm_adv_inst/CLKOUT1
                         net (fo=1, routed)           2.005     2.035    pll_inst/inst/clk_out2_pll
    BUFGCTRL_X0Y0        BUFG (Prop_bufg_I_O)         0.083     2.118 r  pll_inst/inst/clkout2_buf/O
                         net (fo=12327, routed)       1.362     3.480    student_top_inst/Core_cpu/u_core_top/u_dcache/g_data_bank[3].u_data_bank/clk
    RAMB36_X4Y21         RAMB36E1                                     r  student_top_inst/Core_cpu/u_core_top/u_dcache/g_data_bank[3].u_data_bank/mem_q_reg_0/CLKBWRCLK
                         clock pessimism             -0.680     2.800    
                         clock uncertainty           -0.060     2.740    
    RAMB36_X4Y21         RAMB36E1 (Setup_ramb36e1_CLKBWRCLK_ENBWREN)
                                                     -0.328     2.412    student_top_inst/Core_cpu/u_core_top/u_dcache/g_data_bank[3].u_data_bank/mem_q_reg_0
  -------------------------------------------------------------------
                         required time                          2.412    
                         arrival time                          -5.863    
  -------------------------------------------------------------------
                         slack                                 -3.451    

Slack (VIOLATED) :        -3.380ns  (required time - arrival time)
  Source:                 student_top_inst/Core_cpu/u_core_top/exec_q_reg[op1][1]_replica_1/C
                            (rising edge-triggered cell FDRE clocked by clk_out2_pll  {rise@0.000ns fall@2.500ns period=5.000ns})
  Destination:            student_top_inst/Core_cpu/u_core_top/u_dcache/g_data_bank[2].u_data_bank/mem_q_reg_0/ENBWREN
                            (rising edge-triggered cell RAMB36E1 clocked by clk_out2_pll  {rise@0.000ns fall@2.500ns period=5.000ns})
  Path Group:             clk_out2_pll
  Path Type:              Setup (Max at Slow Process Corner)
  Requirement:            5.000ns  (clk_out2_pll rise@5.000ns - clk_out2_pll rise@0.000ns)
  Data Path Delay:        8.092ns  (logic 1.993ns (24.630%)  route 6.099ns (75.370%))
  Logic Levels:           21  (CARRY4=10 LUT3=1 LUT6=7 MUXF7=1 MUXF8=1 RAMD64E=1)
  Clock Path Skew:        0.101ns (DCD - SCD + CPR)
    Destination Clock Delay (DCD):    -1.403ns = ( 3.597 - 5.000 ) 
    Source Clock Delay      (SCD):    -2.183ns
    Clock Pessimism Removal (CPR):    -0.680ns
  Clock Uncertainty:      0.060ns  ((TSJ^2 + DJ^2)^1/2) / 2 + PE
    Total System Jitter     (TSJ):    0.071ns
    Discrete Jitter          (DJ):    0.098ns
    Phase Error              (PE):    0.000ns

    Location             Delay type                Incr(ns)  Path(ns)    Netlist Resource(s)
  -------------------------------------------------------------------    -------------------
                         (clock clk_out2_pll rise edge)
                                                      0.000     0.000 r  
    AD12                                              0.000     0.000 r  i_sys_clk_p (IN)
                         net (fo=0)                   0.000     0.000    pll_inst/inst/clk_in1_p
    AD12                 IBUFDS (Prop_ibufds_I_O)     0.906     0.906 r  pll_inst/inst/clkin1_ibufgds/O
                         net (fo=1, routed)           1.081     1.987    pll_inst/inst/clk_in1_pll
    MMCME2_ADV_X1Y1      MMCME2_ADV (Prop_mmcme2_adv_CLKIN1_CLKOUT1)
                                                     -7.786    -5.799 r  pll_inst/inst/mmcm_adv_inst/CLKOUT1
                         net (fo=1, routed)           2.130    -3.669    pll_inst/inst/clk_out2_pll
    BUFGCTRL_X0Y0        BUFG (Prop_bufg_I_O)         0.093    -3.576 r  pll_inst/inst/clkout2_buf/O
                         net (fo=12327, routed)       1.393    -2.183    student_top_inst/Core_cpu/u_core_top/clk
    SLICE_X69Y145        FDRE                                         r  student_top_inst/Core_cpu/u_core_top/exec_q_reg[op1][1]_replica_1/C
  -------------------------------------------------------------------    -------------------
    SLICE_X69Y145        FDRE (Prop_fdre_C_Q)         0.223    -1.960 r  student_top_inst/Core_cpu/u_core_top/exec_q_reg[op1][1]_replica_1/Q
                         net (fo=2, routed)           0.372    -1.588    student_top_inst/Core_cpu/u_core_top/u_fixed_execute/exec_q_reg[op_n_0_1][1]_repN_1_alias
    SLICE_X71Y145        CARRY4 (Prop_carry4_DI[1]_CO[3])
                                                      0.250    -1.338 r  student_top_inst/Core_cpu/u_core_top/u_fixed_execute/mem_addr_o[0]_INST_0/CO[3]
                         net (fo=1, routed)           0.000    -1.338    student_top_inst/Core_cpu/u_core_top/u_fixed_execute/mem_addr_o[0]_INST_0_n_0
    SLICE_X71Y146        CARRY4 (Prop_carry4_CI_CO[3])
                                                      0.053    -1.285 r  student_top_inst/Core_cpu/u_core_top/u_fixed_execute/mem_addr_o[4]_INST_0/CO[3]
                         net (fo=1, routed)           0.000    -1.285    student_top_inst/Core_cpu/u_core_top/u_fixed_execute/mem_addr_o[4]_INST_0_n_0
    SLICE_X71Y147        CARRY4 (Prop_carry4_CI_CO[3])
                                                      0.053    -1.232 r  student_top_inst/Core_cpu/u_core_top/u_fixed_execute/mem_addr_o[8]_INST_0/CO[3]
                         net (fo=1, routed)           0.000    -1.232    student_top_inst/Core_cpu/u_core_top/u_fixed_execute/mem_addr_o[8]_INST_0_n_0
    SLICE_X71Y148        CARRY4 (Prop_carry4_CI_CO[3])
                                                      0.053    -1.179 r  student_top_inst/Core_cpu/u_core_top/u_fixed_execute/mem_addr_o[12]_INST_0/CO[3]
                         net (fo=1, routed)           0.000    -1.179    student_top_inst/Core_cpu/u_core_top/u_fixed_execute/mem_addr_o[12]_INST_0_n_0
    SLICE_X71Y149        CARRY4 (Prop_carry4_CI_CO[3])
                                                      0.053    -1.126 r  student_top_inst/Core_cpu/u_core_top/u_fixed_execute/mem_addr_o[16]_INST_0/CO[3]
                         net (fo=1, routed)           0.001    -1.126    student_top_inst/Core_cpu/u_core_top/u_fixed_execute/mem_addr_o[16]_INST_0_n_0
    SLICE_X71Y150        CARRY4 (Prop_carry4_CI_CO[3])
                                                      0.053    -1.073 r  student_top_inst/Core_cpu/u_core_top/u_fixed_execute/mem_addr_o[20]_INST_0/CO[3]
                         net (fo=1, routed)           0.000    -1.073    student_top_inst/Core_cpu/u_core_top/u_fixed_execute/mem_addr_o[20]_INST_0_n_0
    SLICE_X71Y151        CARRY4 (Prop_carry4_CI_CO[3])
                                                      0.053    -1.020 r  student_top_inst/Core_cpu/u_core_top/u_fixed_execute/mem_addr_o[24]_INST_0/CO[3]
                         net (fo=1, routed)           0.000    -1.020    student_top_inst/Core_cpu/u_core_top/u_fixed_execute/mem_addr_o[24]_INST_0_n_0
    SLICE_X71Y152        CARRY4 (Prop_carry4_CI_O[3])
                                                      0.155    -0.865 r  student_top_inst/Core_cpu/u_core_top/u_fixed_execute/mem_addr_o[28]_INST_0/O[3]
                         net (fo=17, routed)          0.572    -0.292    student_top_inst/Core_cpu/u_core_top/exec_mem_addr[31]
    SLICE_X69Y149        LUT3 (Prop_lut3_I2_O)        0.120    -0.172 f  student_top_inst/Core_cpu/u_core_top/store_q[3][uncached]_i_2_comp/O
                         net (fo=1, routed)           0.485     0.313    student_top_inst/Core_cpu/u_core_top/store_q[3][uncached]_i_2_n_0_repN
    SLICE_X68Y142        LUT6 (Prop_lut6_I4_O)        0.043     0.356 f  student_top_inst/Core_cpu/u_core_top/u_dcache_i_180_comp/O
                         net (fo=1, routed)           0.107     0.462    student_top_inst/Core_cpu/u_core_top/u_dcache_i_180_n_0
    SLICE_X68Y142        LUT6 (Prop_lut6_I2_O)        0.043     0.505 r  student_top_inst/Core_cpu/u_core_top/u_dcache_i_73_comp_1/O
                         net (fo=38, routed)          0.572     1.077    student_top_inst/Core_cpu/u_core_top/u_dcache_i_73_n_0
    SLICE_X68Y129        LUT6 (Prop_lut6_I1_O)        0.043     1.120 r  student_top_inst/Core_cpu/u_core_top/u_dcache_i_29/O
                         net (fo=1101, routed)        1.035     2.156    student_top_inst/Core_cpu/u_core_top/u_dcache/tag_q_reg_896_959_9_11/ADDRC1
    SLICE_X56Y123        RAMD64E (Prop_ramd64e_RADR1_O)
                                                      0.043     2.199 r  student_top_inst/Core_cpu/u_core_top/u_dcache/tag_q_reg_896_959_9_11/RAMC/O
                         net (fo=1, routed)           0.592     2.791    student_top_inst/Core_cpu/u_core_top/u_dcache/tag_q_reg_896_959_9_11_n_2
    SLICE_X63Y115        LUT6 (Prop_lut6_I1_O)        0.043     2.834 r  student_top_inst/Core_cpu/u_core_top/u_dcache/g_data_bank[0].u_data_bank_i_1230/O
                         net (fo=1, routed)           0.000     2.834    student_top_inst/Core_cpu/u_core_top/u_dcache/g_data_bank[0].u_data_bank_i_1230_n_0
    SLICE_X63Y115        MUXF7 (Prop_muxf7_I1_O)      0.108     2.942 r  student_top_inst/Core_cpu/u_core_top/u_dcache/g_data_bank[0].u_data_bank_i_1150/O
                         net (fo=1, routed)           0.000     2.942    student_top_inst/Core_cpu/u_core_top/u_dcache/g_data_bank[0].u_data_bank_i_1150_n_0
    SLICE_X63Y115        MUXF8 (Prop_muxf8_I1_O)      0.043     2.985 r  student_top_inst/Core_cpu/u_core_top/u_dcache/g_data_bank[0].u_data_bank_i_554/O
                         net (fo=1, routed)           0.598     3.583    student_top_inst/Core_cpu/u_core_top/u_dcache/g_data_bank[0].u_data_bank_i_554_n_0
    SLICE_X69Y130        LUT6 (Prop_lut6_I1_O)        0.126     3.709 f  student_top_inst/Core_cpu/u_core_top/u_dcache/g_data_bank[0].u_data_bank_i_260/O
                         net (fo=1, routed)           0.281     3.989    student_top_inst/Core_cpu/u_core_top/u_dcache/g_data_bank[0].u_data_bank_i_260_n_0
    SLICE_X75Y130        LUT6 (Prop_lut6_I5_O)        0.043     4.032 r  student_top_inst/Core_cpu/u_core_top/u_dcache/g_data_bank[0].u_data_bank_i_118/O
                         net (fo=1, routed)           0.000     4.032    student_top_inst/Core_cpu/u_core_top/u_dcache/g_data_bank[0].u_data_bank_i_118_n_0
    SLICE_X75Y130        CARRY4 (Prop_carry4_S[3]_CO[3])
                                                      0.193     4.225 r  student_top_inst/Core_cpu/u_core_top/u_dcache/g_data_bank[0].u_data_bank_i_82/CO[3]
                         net (fo=1, routed)           0.000     4.225    student_top_inst/Core_cpu/u_core_top/u_dcache/g_data_bank[0].u_data_bank_i_82_n_0
    SLICE_X75Y131        CARRY4 (Prop_carry4_CI_CO[1])
                                                      0.077     4.302 r  student_top_inst/Core_cpu/u_core_top/u_dcache/g_data_bank[0].u_data_bank_i_63/CO[1]
                         net (fo=10, routed)          0.639     4.941    student_top_inst/Core_cpu/u_core_top/u_dcache/hit_c0
    SLICE_X84Y114        LUT6 (Prop_lut6_I4_O)        0.122     5.063 r  student_top_inst/Core_cpu/u_core_top/u_dcache/g_data_bank[0].u_data_bank_i_1_comp_replica_3/O
                         net (fo=1, routed)           0.845     5.908    student_top_inst/Core_cpu/u_core_top/u_dcache/g_data_bank[2].u_data_bank/lookup_valid_q_repN_3_alias
    RAMB36_X3Y18         RAMB36E1                                     r  student_top_inst/Core_cpu/u_core_top/u_dcache/g_data_bank[2].u_data_bank/mem_q_reg_0/ENBWREN
  -------------------------------------------------------------------    -------------------

                         (clock clk_out2_pll rise edge)
                                                      5.000     5.000 r  
    AD12                                              0.000     5.000 r  i_sys_clk_p (IN)
                         net (fo=0)                   0.000     5.000    pll_inst/inst/clk_in1_p
    AD12                 IBUFDS (Prop_ibufds_I_O)     0.803     5.803 r  pll_inst/inst/clkin1_ibufgds/O
                         net (fo=1, routed)           0.986     6.789    pll_inst/inst/clk_in1_pll
    MMCME2_ADV_X1Y1      MMCME2_ADV (Prop_mmcme2_adv_CLKIN1_CLKOUT1)
                                                     -6.759     0.030 r  pll_inst/inst/mmcm_adv_inst/CLKOUT1
                         net (fo=1, routed)           2.005     2.035    pll_inst/inst/clk_out2_pll
    BUFGCTRL_X0Y0        BUFG (Prop_bufg_I_O)         0.083     2.118 r  pll_inst/inst/clkout2_buf/O
                         net (fo=12327, routed)       1.479     3.597    student_top_inst/Core_cpu/u_core_top/u_dcache/g_data_bank[2].u_data_bank/clk
    RAMB36_X3Y18         RAMB36E1                                     r  student_top_inst/Core_cpu/u_core_top/u_dcache/g_data_bank[2].u_data_bank/mem_q_reg_0/CLKBWRCLK
                         clock pessimism             -0.680     2.917    
                         clock uncertainty           -0.060     2.857    
    RAMB36_X3Y18         RAMB36E1 (Setup_ramb36e1_CLKBWRCLK_ENBWREN)
                                                     -0.328     2.529    student_top_inst/Core_cpu/u_core_top/u_dcache/g_data_bank[2].u_data_bank/mem_q_reg_0
  -------------------------------------------------------------------
                         required time                          2.529    
                         arrival time                          -5.908    
  -------------------------------------------------------------------
                         slack                                 -3.380    

Slack (VIOLATED) :        -3.373ns  (required time - arrival time)
  Source:                 student_top_inst/Core_cpu/u_core_top/exec_q_reg[op1][1]_replica_1/C
                            (rising edge-triggered cell FDRE clocked by clk_out2_pll  {rise@0.000ns fall@2.500ns period=5.000ns})
  Destination:            student_top_inst/Core_cpu/u_core_top/u_dcache/g_data_bank[2].u_data_bank/mem_q_reg_1/ENBWREN
                            (rising edge-triggered cell RAMB36E1 clocked by clk_out2_pll  {rise@0.000ns fall@2.500ns period=5.000ns})
  Path Group:             clk_out2_pll
  Path Type:              Setup (Max at Slow Process Corner)
  Requirement:            5.000ns  (clk_out2_pll rise@5.000ns - clk_out2_pll rise@0.000ns)
  Data Path Delay:        7.917ns  (logic 1.993ns (25.173%)  route 5.924ns (74.827%))
  Logic Levels:           21  (CARRY4=10 LUT3=1 LUT6=7 MUXF7=1 MUXF8=1 RAMD64E=1)
  Clock Path Skew:        -0.067ns (DCD - SCD + CPR)
    Destination Clock Delay (DCD):    -1.571ns = ( 3.429 - 5.000 ) 
    Source Clock Delay      (SCD):    -2.183ns
    Clock Pessimism Removal (CPR):    -0.680ns
  Clock Uncertainty:      0.060ns  ((TSJ^2 + DJ^2)^1/2) / 2 + PE
    Total System Jitter     (TSJ):    0.071ns
    Discrete Jitter          (DJ):    0.098ns
    Phase Error              (PE):    0.000ns

    Location             Delay type                Incr(ns)  Path(ns)    Netlist Resource(s)
  -------------------------------------------------------------------    -------------------
                         (clock clk_out2_pll rise edge)
                                                      0.000     0.000 r  
    AD12                                              0.000     0.000 r  i_sys_clk_p (IN)
                         net (fo=0)                   0.000     0.000    pll_inst/inst/clk_in1_p
    AD12                 IBUFDS (Prop_ibufds_I_O)     0.906     0.906 r  pll_inst/inst/clkin1_ibufgds/O
                         net (fo=1, routed)           1.081     1.987    pll_inst/inst/clk_in1_pll
    MMCME2_ADV_X1Y1      MMCME2_ADV (Prop_mmcme2_adv_CLKIN1_CLKOUT1)
                                                     -7.786    -5.799 r  pll_inst/inst/mmcm_adv_inst/CLKOUT1
                         net (fo=1, routed)           2.130    -3.669    pll_inst/inst/clk_out2_pll
    BUFGCTRL_X0Y0        BUFG (Prop_bufg_I_O)         0.093    -3.576 r  pll_inst/inst/clkout2_buf/O
                         net (fo=12327, routed)       1.393    -2.183    student_top_inst/Core_cpu/u_core_top/clk
    SLICE_X69Y145        FDRE                                         r  student_top_inst/Core_cpu/u_core_top/exec_q_reg[op1][1]_replica_1/C
  -------------------------------------------------------------------    -------------------
    SLICE_X69Y145        FDRE (Prop_fdre_C_Q)         0.223    -1.960 r  student_top_inst/Core_cpu/u_core_top/exec_q_reg[op1][1]_replica_1/Q
                         net (fo=2, routed)           0.372    -1.588    student_top_inst/Core_cpu/u_core_top/u_fixed_execute/exec_q_reg[op_n_0_1][1]_repN_1_alias
    SLICE_X71Y145        CARRY4 (Prop_carry4_DI[1]_CO[3])
                                                      0.250    -1.338 r  student_top_inst/Core_cpu/u_core_top/u_fixed_execute/mem_addr_o[0]_INST_0/CO[3]
                         net (fo=1, routed)           0.000    -1.338    student_top_inst/Core_cpu/u_core_top/u_fixed_execute/mem_addr_o[0]_INST_0_n_0
    SLICE_X71Y146        CARRY4 (Prop_carry4_CI_CO[3])
                                                      0.053    -1.285 r  student_top_inst/Core_cpu/u_core_top/u_fixed_execute/mem_addr_o[4]_INST_0/CO[3]
                         net (fo=1, routed)           0.000    -1.285    student_top_inst/Core_cpu/u_core_top/u_fixed_execute/mem_addr_o[4]_INST_0_n_0
    SLICE_X71Y147        CARRY4 (Prop_carry4_CI_CO[3])
                                                      0.053    -1.232 r  student_top_inst/Core_cpu/u_core_top/u_fixed_execute/mem_addr_o[8]_INST_0/CO[3]
                         net (fo=1, routed)           0.000    -1.232    student_top_inst/Core_cpu/u_core_top/u_fixed_execute/mem_addr_o[8]_INST_0_n_0
    SLICE_X71Y148        CARRY4 (Prop_carry4_CI_CO[3])
                                                      0.053    -1.179 r  student_top_inst/Core_cpu/u_core_top/u_fixed_execute/mem_addr_o[12]_INST_0/CO[3]
                         net (fo=1, routed)           0.000    -1.179    student_top_inst/Core_cpu/u_core_top/u_fixed_execute/mem_addr_o[12]_INST_0_n_0
    SLICE_X71Y149        CARRY4 (Prop_carry4_CI_CO[3])
                                                      0.053    -1.126 r  student_top_inst/Core_cpu/u_core_top/u_fixed_execute/mem_addr_o[16]_INST_0/CO[3]
                         net (fo=1, routed)           0.001    -1.126    student_top_inst/Core_cpu/u_core_top/u_fixed_execute/mem_addr_o[16]_INST_0_n_0
    SLICE_X71Y150        CARRY4 (Prop_carry4_CI_CO[3])
                                                      0.053    -1.073 r  student_top_inst/Core_cpu/u_core_top/u_fixed_execute/mem_addr_o[20]_INST_0/CO[3]
                         net (fo=1, routed)           0.000    -1.073    student_top_inst/Core_cpu/u_core_top/u_fixed_execute/mem_addr_o[20]_INST_0_n_0
    SLICE_X71Y151        CARRY4 (Prop_carry4_CI_CO[3])
                                                      0.053    -1.020 r  student_top_inst/Core_cpu/u_core_top/u_fixed_execute/mem_addr_o[24]_INST_0/CO[3]
                         net (fo=1, routed)           0.000    -1.020    student_top_inst/Core_cpu/u_core_top/u_fixed_execute/mem_addr_o[24]_INST_0_n_0
    SLICE_X71Y152        CARRY4 (Prop_carry4_CI_O[3])
                                                      0.155    -0.865 r  student_top_inst/Core_cpu/u_core_top/u_fixed_execute/mem_addr_o[28]_INST_0/O[3]
                         net (fo=17, routed)          0.572    -0.292    student_top_inst/Core_cpu/u_core_top/exec_mem_addr[31]
    SLICE_X69Y149        LUT3 (Prop_lut3_I2_O)        0.120    -0.172 f  student_top_inst/Core_cpu/u_core_top/store_q[3][uncached]_i_2_comp/O
                         net (fo=1, routed)           0.485     0.313    student_top_inst/Core_cpu/u_core_top/store_q[3][uncached]_i_2_n_0_repN
    SLICE_X68Y142        LUT6 (Prop_lut6_I4_O)        0.043     0.356 f  student_top_inst/Core_cpu/u_core_top/u_dcache_i_180_comp/O
                         net (fo=1, routed)           0.107     0.462    student_top_inst/Core_cpu/u_core_top/u_dcache_i_180_n_0
    SLICE_X68Y142        LUT6 (Prop_lut6_I2_O)        0.043     0.505 r  student_top_inst/Core_cpu/u_core_top/u_dcache_i_73_comp_1/O
                         net (fo=38, routed)          0.572     1.077    student_top_inst/Core_cpu/u_core_top/u_dcache_i_73_n_0
    SLICE_X68Y129        LUT6 (Prop_lut6_I1_O)        0.043     1.120 r  student_top_inst/Core_cpu/u_core_top/u_dcache_i_29/O
                         net (fo=1101, routed)        1.035     2.156    student_top_inst/Core_cpu/u_core_top/u_dcache/tag_q_reg_896_959_9_11/ADDRC1
    SLICE_X56Y123        RAMD64E (Prop_ramd64e_RADR1_O)
                                                      0.043     2.199 r  student_top_inst/Core_cpu/u_core_top/u_dcache/tag_q_reg_896_959_9_11/RAMC/O
                         net (fo=1, routed)           0.592     2.791    student_top_inst/Core_cpu/u_core_top/u_dcache/tag_q_reg_896_959_9_11_n_2
    SLICE_X63Y115        LUT6 (Prop_lut6_I1_O)        0.043     2.834 r  student_top_inst/Core_cpu/u_core_top/u_dcache/g_data_bank[0].u_data_bank_i_1230/O
                         net (fo=1, routed)           0.000     2.834    student_top_inst/Core_cpu/u_core_top/u_dcache/g_data_bank[0].u_data_bank_i_1230_n_0
    SLICE_X63Y115        MUXF7 (Prop_muxf7_I1_O)      0.108     2.942 r  student_top_inst/Core_cpu/u_core_top/u_dcache/g_data_bank[0].u_data_bank_i_1150/O
                         net (fo=1, routed)           0.000     2.942    student_top_inst/Core_cpu/u_core_top/u_dcache/g_data_bank[0].u_data_bank_i_1150_n_0
    SLICE_X63Y115        MUXF8 (Prop_muxf8_I1_O)      0.043     2.985 r  student_top_inst/Core_cpu/u_core_top/u_dcache/g_data_bank[0].u_data_bank_i_554/O
                         net (fo=1, routed)           0.598     3.583    student_top_inst/Core_cpu/u_core_top/u_dcache/g_data_bank[0].u_data_bank_i_554_n_0
    SLICE_X69Y130        LUT6 (Prop_lut6_I1_O)        0.126     3.709 f  student_top_inst/Core_cpu/u_core_top/u_dcache/g_data_bank[0].u_data_bank_i_260/O
                         net (fo=1, routed)           0.281     3.989    student_top_inst/Core_cpu/u_core_top/u_dcache/g_data_bank[0].u_data_bank_i_260_n_0
    SLICE_X75Y130        LUT6 (Prop_lut6_I5_O)        0.043     4.032 r  student_top_inst/Core_cpu/u_core_top/u_dcache/g_data_bank[0].u_data_bank_i_118/O
                         net (fo=1, routed)           0.000     4.032    student_top_inst/Core_cpu/u_core_top/u_dcache/g_data_bank[0].u_data_bank_i_118_n_0
    SLICE_X75Y130        CARRY4 (Prop_carry4_S[3]_CO[3])
                                                      0.193     4.225 r  student_top_inst/Core_cpu/u_core_top/u_dcache/g_data_bank[0].u_data_bank_i_82/CO[3]
                         net (fo=1, routed)           0.000     4.225    student_top_inst/Core_cpu/u_core_top/u_dcache/g_data_bank[0].u_data_bank_i_82_n_0
    SLICE_X75Y131        CARRY4 (Prop_carry4_CI_CO[1])
                                                      0.077     4.302 r  student_top_inst/Core_cpu/u_core_top/u_dcache/g_data_bank[0].u_data_bank_i_63/CO[1]
                         net (fo=10, routed)          0.919     5.221    student_top_inst/Core_cpu/u_core_top/u_dcache/hit_c0
    SLICE_X99Y106        LUT6 (Prop_lut6_I4_O)        0.122     5.343 r  student_top_inst/Core_cpu/u_core_top/u_dcache/g_data_bank[0].u_data_bank_i_1_comp_replica_5/O
                         net (fo=1, routed)           0.391     5.734    student_top_inst/Core_cpu/u_core_top/u_dcache/g_data_bank[2].u_data_bank/lookup_valid_q_repN_5_alias
    RAMB36_X3Y20         RAMB36E1                                     r  student_top_inst/Core_cpu/u_core_top/u_dcache/g_data_bank[2].u_data_bank/mem_q_reg_1/ENBWREN
  -------------------------------------------------------------------    -------------------

                         (clock clk_out2_pll rise edge)
                                                      5.000     5.000 r  
    AD12                                              0.000     5.000 r  i_sys_clk_p (IN)
                         net (fo=0)                   0.000     5.000    pll_inst/inst/clk_in1_p
    AD12                 IBUFDS (Prop_ibufds_I_O)     0.803     5.803 r  pll_inst/inst/clkin1_ibufgds/O
                         net (fo=1, routed)           0.986     6.789    pll_inst/inst/clk_in1_pll
    MMCME2_ADV_X1Y1      MMCME2_ADV (Prop_mmcme2_adv_CLKIN1_CLKOUT1)
                                                     -6.759     0.030 r  pll_inst/inst/mmcm_adv_inst/CLKOUT1
                         net (fo=1, routed)           2.005     2.035    pll_inst/inst/clk_out2_pll
    BUFGCTRL_X0Y0        BUFG (Prop_bufg_I_O)         0.083     2.118 r  pll_inst/inst/clkout2_buf/O
                         net (fo=12327, routed)       1.311     3.429    student_top_inst/Core_cpu/u_core_top/u_dcache/g_data_bank[2].u_data_bank/clk
    RAMB36_X3Y20         RAMB36E1                                     r  student_top_inst/Core_cpu/u_core_top/u_dcache/g_data_bank[2].u_data_bank/mem_q_reg_1/CLKBWRCLK
                         clock pessimism             -0.680     2.749    
                         clock uncertainty           -0.060     2.689    
    RAMB36_X3Y20         RAMB36E1 (Setup_ramb36e1_CLKBWRCLK_ENBWREN)
                                                     -0.328     2.361    student_top_inst/Core_cpu/u_core_top/u_dcache/g_data_bank[2].u_data_bank/mem_q_reg_1
  -------------------------------------------------------------------
                         required time                          2.361    
                         arrival time                          -5.734    
  -------------------------------------------------------------------
                         slack                                 -3.373    

Slack (VIOLATED) :        -3.325ns  (required time - arrival time)
  Source:                 student_top_inst/Core_cpu/u_core_top/exec_q_reg[op1][1]_replica_1/C
                            (rising edge-triggered cell FDRE clocked by clk_out2_pll  {rise@0.000ns fall@2.500ns period=5.000ns})
  Destination:            student_top_inst/Core_cpu/u_core_top/u_dcache/g_data_bank[0].u_data_bank/mem_q_reg_0/ENBWREN
                            (rising edge-triggered cell RAMB36E1 clocked by clk_out2_pll  {rise@0.000ns fall@2.500ns period=5.000ns})
  Path Group:             clk_out2_pll
  Path Type:              Setup (Max at Slow Process Corner)
  Requirement:            5.000ns  (clk_out2_pll rise@5.000ns - clk_out2_pll rise@0.000ns)
  Data Path Delay:        8.039ns  (logic 1.993ns (24.791%)  route 6.046ns (75.209%))
  Logic Levels:           21  (CARRY4=10 LUT3=1 LUT6=7 MUXF7=1 MUXF8=1 RAMD64E=1)
  Clock Path Skew:        0.103ns (DCD - SCD + CPR)
    Destination Clock Delay (DCD):    -1.401ns = ( 3.599 - 5.000 ) 
    Source Clock Delay      (SCD):    -2.183ns
    Clock Pessimism Removal (CPR):    -0.680ns
  Clock Uncertainty:      0.060ns  ((TSJ^2 + DJ^2)^1/2) / 2 + PE
    Total System Jitter     (TSJ):    0.071ns
    Discrete Jitter          (DJ):    0.098ns
    Phase Error              (PE):    0.000ns

    Location             Delay type                Incr(ns)  Path(ns)    Netlist Resource(s)
  -------------------------------------------------------------------    -------------------
                         (clock clk_out2_pll rise edge)
                                                      0.000     0.000 r  
    AD12                                              0.000     0.000 r  i_sys_clk_p (IN)
                         net (fo=0)                   0.000     0.000    pll_inst/inst/clk_in1_p
    AD12                 IBUFDS (Prop_ibufds_I_O)     0.906     0.906 r  pll_inst/inst/clkin1_ibufgds/O
                         net (fo=1, routed)           1.081     1.987    pll_inst/inst/clk_in1_pll
    MMCME2_ADV_X1Y1      MMCME2_ADV (Prop_mmcme2_adv_CLKIN1_CLKOUT1)
                                                     -7.786    -5.799 r  pll_inst/inst/mmcm_adv_inst/CLKOUT1
                         net (fo=1, routed)           2.130    -3.669    pll_inst/inst/clk_out2_pll
    BUFGCTRL_X0Y0        BUFG (Prop_bufg_I_O)         0.093    -3.576 r  pll_inst/inst/clkout2_buf/O
                         net (fo=12327, routed)       1.393    -2.183    student_top_inst/Core_cpu/u_core_top/clk
    SLICE_X69Y145        FDRE                                         r  student_top_inst/Core_cpu/u_core_top/exec_q_reg[op1][1]_replica_1/C
  -------------------------------------------------------------------    -------------------
    SLICE_X69Y145        FDRE (Prop_fdre_C_Q)         0.223    -1.960 r  student_top_inst/Core_cpu/u_core_top/exec_q_reg[op1][1]_replica_1/Q
                         net (fo=2, routed)           0.372    -1.588    student_top_inst/Core_cpu/u_core_top/u_fixed_execute/exec_q_reg[op_n_0_1][1]_repN_1_alias
    SLICE_X71Y145        CARRY4 (Prop_carry4_DI[1]_CO[3])
                                                      0.250    -1.338 r  student_top_inst/Core_cpu/u_core_top/u_fixed_execute/mem_addr_o[0]_INST_0/CO[3]
                         net (fo=1, routed)           0.000    -1.338    student_top_inst/Core_cpu/u_core_top/u_fixed_execute/mem_addr_o[0]_INST_0_n_0
    SLICE_X71Y146        CARRY4 (Prop_carry4_CI_CO[3])
                                                      0.053    -1.285 r  student_top_inst/Core_cpu/u_core_top/u_fixed_execute/mem_addr_o[4]_INST_0/CO[3]
                         net (fo=1, routed)           0.000    -1.285    student_top_inst/Core_cpu/u_core_top/u_fixed_execute/mem_addr_o[4]_INST_0_n_0
    SLICE_X71Y147        CARRY4 (Prop_carry4_CI_CO[3])
                                                      0.053    -1.232 r  student_top_inst/Core_cpu/u_core_top/u_fixed_execute/mem_addr_o[8]_INST_0/CO[3]
                         net (fo=1, routed)           0.000    -1.232    student_top_inst/Core_cpu/u_core_top/u_fixed_execute/mem_addr_o[8]_INST_0_n_0
    SLICE_X71Y148        CARRY4 (Prop_carry4_CI_CO[3])
                                                      0.053    -1.179 r  student_top_inst/Core_cpu/u_core_top/u_fixed_execute/mem_addr_o[12]_INST_0/CO[3]
                         net (fo=1, routed)           0.000    -1.179    student_top_inst/Core_cpu/u_core_top/u_fixed_execute/mem_addr_o[12]_INST_0_n_0
    SLICE_X71Y149        CARRY4 (Prop_carry4_CI_CO[3])
                                                      0.053    -1.126 r  student_top_inst/Core_cpu/u_core_top/u_fixed_execute/mem_addr_o[16]_INST_0/CO[3]
                         net (fo=1, routed)           0.001    -1.126    student_top_inst/Core_cpu/u_core_top/u_fixed_execute/mem_addr_o[16]_INST_0_n_0
    SLICE_X71Y150        CARRY4 (Prop_carry4_CI_CO[3])
                                                      0.053    -1.073 r  student_top_inst/Core_cpu/u_core_top/u_fixed_execute/mem_addr_o[20]_INST_0/CO[3]
                         net (fo=1, routed)           0.000    -1.073    student_top_inst/Core_cpu/u_core_top/u_fixed_execute/mem_addr_o[20]_INST_0_n_0
    SLICE_X71Y151        CARRY4 (Prop_carry4_CI_CO[3])
                                                      0.053    -1.020 r  student_top_inst/Core_cpu/u_core_top/u_fixed_execute/mem_addr_o[24]_INST_0/CO[3]
                         net (fo=1, routed)           0.000    -1.020    student_top_inst/Core_cpu/u_core_top/u_fixed_execute/mem_addr_o[24]_INST_0_n_0
    SLICE_X71Y152        CARRY4 (Prop_carry4_CI_O[3])
                                                      0.155    -0.865 r  student_top_inst/Core_cpu/u_core_top/u_fixed_execute/mem_addr_o[28]_INST_0/O[3]
                         net (fo=17, routed)          0.572    -0.292    student_top_inst/Core_cpu/u_core_top/exec_mem_addr[31]
    SLICE_X69Y149        LUT3 (Prop_lut3_I2_O)        0.120    -0.172 f  student_top_inst/Core_cpu/u_core_top/store_q[3][uncached]_i_2_comp/O
                         net (fo=1, routed)           0.485     0.313    student_top_inst/Core_cpu/u_core_top/store_q[3][uncached]_i_2_n_0_repN
    SLICE_X68Y142        LUT6 (Prop_lut6_I4_O)        0.043     0.356 f  student_top_inst/Core_cpu/u_core_top/u_dcache_i_180_comp/O
                         net (fo=1, routed)           0.107     0.462    student_top_inst/Core_cpu/u_core_top/u_dcache_i_180_n_0
    SLICE_X68Y142        LUT6 (Prop_lut6_I2_O)        0.043     0.505 r  student_top_inst/Core_cpu/u_core_top/u_dcache_i_73_comp_1/O
                         net (fo=38, routed)          0.572     1.077    student_top_inst/Core_cpu/u_core_top/u_dcache_i_73_n_0
    SLICE_X68Y129        LUT6 (Prop_lut6_I1_O)        0.043     1.120 r  student_top_inst/Core_cpu/u_core_top/u_dcache_i_29/O
                         net (fo=1101, routed)        1.035     2.156    student_top_inst/Core_cpu/u_core_top/u_dcache/tag_q_reg_896_959_9_11/ADDRC1
    SLICE_X56Y123        RAMD64E (Prop_ramd64e_RADR1_O)
                                                      0.043     2.199 r  student_top_inst/Core_cpu/u_core_top/u_dcache/tag_q_reg_896_959_9_11/RAMC/O
                         net (fo=1, routed)           0.592     2.791    student_top_inst/Core_cpu/u_core_top/u_dcache/tag_q_reg_896_959_9_11_n_2
    SLICE_X63Y115        LUT6 (Prop_lut6_I1_O)        0.043     2.834 r  student_top_inst/Core_cpu/u_core_top/u_dcache/g_data_bank[0].u_data_bank_i_1230/O
                         net (fo=1, routed)           0.000     2.834    student_top_inst/Core_cpu/u_core_top/u_dcache/g_data_bank[0].u_data_bank_i_1230_n_0
    SLICE_X63Y115        MUXF7 (Prop_muxf7_I1_O)      0.108     2.942 r  student_top_inst/Core_cpu/u_core_top/u_dcache/g_data_bank[0].u_data_bank_i_1150/O
                         net (fo=1, routed)           0.000     2.942    student_top_inst/Core_cpu/u_core_top/u_dcache/g_data_bank[0].u_data_bank_i_1150_n_0
    SLICE_X63Y115        MUXF8 (Prop_muxf8_I1_O)      0.043     2.985 r  student_top_inst/Core_cpu/u_core_top/u_dcache/g_data_bank[0].u_data_bank_i_554/O
                         net (fo=1, routed)           0.598     3.583    student_top_inst/Core_cpu/u_core_top/u_dcache/g_data_bank[0].u_data_bank_i_554_n_0
    SLICE_X69Y130        LUT6 (Prop_lut6_I1_O)        0.126     3.709 f  student_top_inst/Core_cpu/u_core_top/u_dcache/g_data_bank[0].u_data_bank_i_260/O
                         net (fo=1, routed)           0.281     3.989    student_top_inst/Core_cpu/u_core_top/u_dcache/g_data_bank[0].u_data_bank_i_260_n_0
    SLICE_X75Y130        LUT6 (Prop_lut6_I5_O)        0.043     4.032 r  student_top_inst/Core_cpu/u_core_top/u_dcache/g_data_bank[0].u_data_bank_i_118/O
                         net (fo=1, routed)           0.000     4.032    student_top_inst/Core_cpu/u_core_top/u_dcache/g_data_bank[0].u_data_bank_i_118_n_0
    SLICE_X75Y130        CARRY4 (Prop_carry4_S[3]_CO[3])
                                                      0.193     4.225 r  student_top_inst/Core_cpu/u_core_top/u_dcache/g_data_bank[0].u_data_bank_i_82/CO[3]
                         net (fo=1, routed)           0.000     4.225    student_top_inst/Core_cpu/u_core_top/u_dcache/g_data_bank[0].u_data_bank_i_82_n_0
    SLICE_X75Y131        CARRY4 (Prop_carry4_CI_CO[1])
                                                      0.077     4.302 r  student_top_inst/Core_cpu/u_core_top/u_dcache/g_data_bank[0].u_data_bank_i_63/CO[1]
                         net (fo=10, routed)          0.883     5.185    student_top_inst/Core_cpu/u_core_top/u_dcache/hit_c0
    SLICE_X103Y110       LUT6 (Prop_lut6_I4_O)        0.122     5.307 r  student_top_inst/Core_cpu/u_core_top/u_dcache/g_data_bank[0].u_data_bank_i_1_comp_replica_6/O
                         net (fo=1, routed)           0.549     5.856    student_top_inst/Core_cpu/u_core_top/u_dcache/g_data_bank[0].u_data_bank/lookup_valid_q_repN_6_alias
    RAMB36_X3Y19         RAMB36E1                                     r  student_top_inst/Core_cpu/u_core_top/u_dcache/g_data_bank[0].u_data_bank/mem_q_reg_0/ENBWREN
  -------------------------------------------------------------------    -------------------

                         (clock clk_out2_pll rise edge)
                                                      5.000     5.000 r  
    AD12                                              0.000     5.000 r  i_sys_clk_p (IN)
                         net (fo=0)                   0.000     5.000    pll_inst/inst/clk_in1_p
    AD12                 IBUFDS (Prop_ibufds_I_O)     0.803     5.803 r  pll_inst/inst/clkin1_ibufgds/O
                         net (fo=1, routed)           0.986     6.789    pll_inst/inst/clk_in1_pll
    MMCME2_ADV_X1Y1      MMCME2_ADV (Prop_mmcme2_adv_CLKIN1_CLKOUT1)
                                                     -6.759     0.030 r  pll_inst/inst/mmcm_adv_inst/CLKOUT1
                         net (fo=1, routed)           2.005     2.035    pll_inst/inst/clk_out2_pll
    BUFGCTRL_X0Y0        BUFG (Prop_bufg_I_O)         0.083     2.118 r  pll_inst/inst/clkout2_buf/O
                         net (fo=12327, routed)       1.481     3.599    student_top_inst/Core_cpu/u_core_top/u_dcache/g_data_bank[0].u_data_bank/clk
    RAMB36_X3Y19         RAMB36E1                                     r  student_top_inst/Core_cpu/u_core_top/u_dcache/g_data_bank[0].u_data_bank/mem_q_reg_0/CLKBWRCLK
                         clock pessimism             -0.680     2.919    
                         clock uncertainty           -0.060     2.859    
    RAMB36_X3Y19         RAMB36E1 (Setup_ramb36e1_CLKBWRCLK_ENBWREN)
                                                     -0.328     2.531    student_top_inst/Core_cpu/u_core_top/u_dcache/g_data_bank[0].u_data_bank/mem_q_reg_0
  -------------------------------------------------------------------
                         required time                          2.531    
                         arrival time                          -5.856    
  -------------------------------------------------------------------
                         slack                                 -3.325    

Slack (VIOLATED) :        -3.272ns  (required time - arrival time)
  Source:                 student_top_inst/Core_cpu/u_core_top/exec_q_reg[op1][1]_replica_1/C
                            (rising edge-triggered cell FDRE clocked by clk_out2_pll  {rise@0.000ns fall@2.500ns period=5.000ns})
  Destination:            student_top_inst/mem_bridge/dram_adapter/dram/U0/inst_blk_mem_gen/gnbram.gnativebmg.native_blk_mem_gen/valid.cstr/ramloop[29].ram.r/prim_init.ram/DEVICE_7SERIES.NO_BMM_INFO.SP.SIMPLE_PRIM36.ram/WEA[0]
                            (rising edge-triggered cell RAMB36E1 clocked by clk_out2_pll  {rise@0.000ns fall@2.500ns period=5.000ns})
  Path Group:             clk_out2_pll
  Path Type:              Setup (Max at Slow Process Corner)
  Requirement:            5.000ns  (clk_out2_pll rise@5.000ns - clk_out2_pll rise@0.000ns)
  Data Path Delay:        7.561ns  (logic 1.539ns (20.353%)  route 6.022ns (79.647%))
  Logic Levels:           20  (CARRY4=8 LUT2=1 LUT3=1 LUT4=2 LUT5=1 LUT6=7)
  Clock Path Skew:        -0.246ns (DCD - SCD + CPR)
    Destination Clock Delay (DCD):    -1.747ns = ( 3.253 - 5.000 ) 
    Source Clock Delay      (SCD):    -2.183ns
    Clock Pessimism Removal (CPR):    -0.682ns
  Clock Uncertainty:      0.060ns  ((TSJ^2 + DJ^2)^1/2) / 2 + PE
    Total System Jitter     (TSJ):    0.071ns
    Discrete Jitter          (DJ):    0.098ns
    Phase Error              (PE):    0.000ns

    Location             Delay type                Incr(ns)  Path(ns)    Netlist Resource(s)
  -------------------------------------------------------------------    -------------------
                         (clock clk_out2_pll rise edge)
                                                      0.000     0.000 r  
    AD12                                              0.000     0.000 r  i_sys_clk_p (IN)
                         net (fo=0)                   0.000     0.000    pll_inst/inst/clk_in1_p
    AD12                 IBUFDS (Prop_ibufds_I_O)     0.906     0.906 r  pll_inst/inst/clkin1_ibufgds/O
                         net (fo=1, routed)           1.081     1.987    pll_inst/inst/clk_in1_pll
    MMCME2_ADV_X1Y1      MMCME2_ADV (Prop_mmcme2_adv_CLKIN1_CLKOUT1)
                                                     -7.786    -5.799 r  pll_inst/inst/mmcm_adv_inst/CLKOUT1
                         net (fo=1, routed)           2.130    -3.669    pll_inst/inst/clk_out2_pll
    BUFGCTRL_X0Y0        BUFG (Prop_bufg_I_O)         0.093    -3.576 r  pll_inst/inst/clkout2_buf/O
                         net (fo=12327, routed)       1.393    -2.183    student_top_inst/Core_cpu/u_core_top/clk
    SLICE_X69Y145        FDRE                                         r  student_top_inst/Core_cpu/u_core_top/exec_q_reg[op1][1]_replica_1/C
  -------------------------------------------------------------------    -------------------
    SLICE_X69Y145        FDRE (Prop_fdre_C_Q)         0.223    -1.960 r  student_top_inst/Core_cpu/u_core_top/exec_q_reg[op1][1]_replica_1/Q
                         net (fo=2, routed)           0.372    -1.588    student_top_inst/Core_cpu/u_core_top/u_fixed_execute/exec_q_reg[op_n_0_1][1]_repN_1_alias
    SLICE_X71Y145        CARRY4 (Prop_carry4_DI[1]_CO[3])
                                                      0.250    -1.338 r  student_top_inst/Core_cpu/u_core_top/u_fixed_execute/mem_addr_o[0]_INST_0/CO[3]
                         net (fo=1, routed)           0.000    -1.338    student_top_inst/Core_cpu/u_core_top/u_fixed_execute/mem_addr_o[0]_INST_0_n_0
    SLICE_X71Y146        CARRY4 (Prop_carry4_CI_CO[3])
                                                      0.053    -1.285 r  student_top_inst/Core_cpu/u_core_top/u_fixed_execute/mem_addr_o[4]_INST_0/CO[3]
                         net (fo=1, routed)           0.000    -1.285    student_top_inst/Core_cpu/u_core_top/u_fixed_execute/mem_addr_o[4]_INST_0_n_0
    SLICE_X71Y147        CARRY4 (Prop_carry4_CI_CO[3])
                                                      0.053    -1.232 r  student_top_inst/Core_cpu/u_core_top/u_fixed_execute/mem_addr_o[8]_INST_0/CO[3]
                         net (fo=1, routed)           0.000    -1.232    student_top_inst/Core_cpu/u_core_top/u_fixed_execute/mem_addr_o[8]_INST_0_n_0
    SLICE_X71Y148        CARRY4 (Prop_carry4_CI_CO[3])
                                                      0.053    -1.179 r  student_top_inst/Core_cpu/u_core_top/u_fixed_execute/mem_addr_o[12]_INST_0/CO[3]
                         net (fo=1, routed)           0.000    -1.179    student_top_inst/Core_cpu/u_core_top/u_fixed_execute/mem_addr_o[12]_INST_0_n_0
    SLICE_X71Y149        CARRY4 (Prop_carry4_CI_CO[3])
                                                      0.053    -1.126 r  student_top_inst/Core_cpu/u_core_top/u_fixed_execute/mem_addr_o[16]_INST_0/CO[3]
                         net (fo=1, routed)           0.001    -1.126    student_top_inst/Core_cpu/u_core_top/u_fixed_execute/mem_addr_o[16]_INST_0_n_0
    SLICE_X71Y150        CARRY4 (Prop_carry4_CI_CO[3])
                                                      0.053    -1.073 r  student_top_inst/Core_cpu/u_core_top/u_fixed_execute/mem_addr_o[20]_INST_0/CO[3]
                         net (fo=1, routed)           0.000    -1.073    student_top_inst/Core_cpu/u_core_top/u_fixed_execute/mem_addr_o[20]_INST_0_n_0
    SLICE_X71Y151        CARRY4 (Prop_carry4_CI_CO[3])
                                                      0.053    -1.020 r  student_top_inst/Core_cpu/u_core_top/u_fixed_execute/mem_addr_o[24]_INST_0/CO[3]
                         net (fo=1, routed)           0.000    -1.020    student_top_inst/Core_cpu/u_core_top/u_fixed_execute/mem_addr_o[24]_INST_0_n_0
    SLICE_X71Y152        CARRY4 (Prop_carry4_CI_O[3])
                                                      0.155    -0.865 f  student_top_inst/Core_cpu/u_core_top/u_fixed_execute/mem_addr_o[28]_INST_0/O[3]
                         net (fo=17, routed)          0.572    -0.292    student_top_inst/Core_cpu/u_core_top/exec_mem_addr[31]
    SLICE_X69Y149        LUT3 (Prop_lut3_I2_O)        0.120    -0.172 r  student_top_inst/Core_cpu/u_core_top/store_q[3][uncached]_i_2_comp/O
                         net (fo=1, routed)           0.485     0.313    student_top_inst/Core_cpu/u_core_top/store_q[3][uncached]_i_2_n_0_repN
    SLICE_X68Y142        LUT6 (Prop_lut6_I4_O)        0.043     0.356 r  student_top_inst/Core_cpu/u_core_top/u_dcache_i_180_comp/O
                         net (fo=1, routed)           0.107     0.462    student_top_inst/Core_cpu/u_core_top/u_dcache_i_180_n_0
    SLICE_X68Y142        LUT6 (Prop_lut6_I2_O)        0.043     0.505 f  student_top_inst/Core_cpu/u_core_top/u_dcache_i_73_comp_1/O
                         net (fo=38, routed)          0.528     1.033    student_top_inst/Core_cpu/u_core_top/u_dcache_i_73_n_0
    SLICE_X65Y142        LUT6 (Prop_lut6_I1_O)        0.043     1.076 f  student_top_inst/Core_cpu/u_core_top/u_dcache_i_12/O
                         net (fo=5, routed)           0.446     1.522    student_top_inst/Core_cpu/u_core_top/u_dcache/cpu_req_addr_i[22]
    SLICE_X64Y141        LUT4 (Prop_lut4_I3_O)        0.043     1.565 f  student_top_inst/Core_cpu/u_core_top/u_dcache/mem_req_valid_o_INST_0_i_5/O
                         net (fo=1, routed)           0.273     1.838    student_top_inst/Core_cpu/u_core_top/u_dcache/mem_req_valid_o_INST_0_i_5_n_0
    SLICE_X60Y141        LUT6 (Prop_lut6_I5_O)        0.043     1.881 f  student_top_inst/Core_cpu/u_core_top/u_dcache/mem_req_valid_o_INST_0_i_2/O
                         net (fo=3, routed)           0.197     2.078    student_top_inst/Core_cpu/u_core_top/u_dcache/mem_req_valid_o_INST_0_i_2_n_0
    SLICE_X60Y140        LUT4 (Prop_lut4_I2_O)        0.043     2.121 f  student_top_inst/Core_cpu/u_core_top/u_dcache/mem_req_valid_o_INST_0_i_1/O
                         net (fo=19, routed)          0.321     2.442    student_top_inst/Core_cpu/u_core_top/u_dcache/mem_req_valid_o_INST_0_i_1_n_0
    SLICE_X56Y141        LUT5 (Prop_lut5_I0_O)        0.043     2.485 f  student_top_inst/Core_cpu/u_core_top/u_dcache/mem_req_addr_o[31]_INST_0/O
                         net (fo=4, routed)           0.433     2.917    student_top_inst/mem_bridge/req_addr[31]
    SLICE_X54Y139        LUT6 (Prop_lut6_I5_O)        0.043     2.960 r  student_top_inst/mem_bridge/led_q[31]_i_6/O
                         net (fo=2, routed)           0.321     3.281    student_top_inst/mem_bridge/led_q[31]_i_6_n_0
    SLICE_X55Y139        LUT6 (Prop_lut6_I5_O)        0.043     3.324 r  student_top_inst/mem_bridge/dram_adapter_i_2/O
                         net (fo=3, routed)           0.297     3.621    student_top_inst/mem_bridge/dram_sel
    SLICE_X52Y139        LUT2 (Prop_lut2_I1_O)        0.043     3.664 r  student_top_inst/mem_bridge/dram_adapter_i_1/O
                         net (fo=27, routed)          0.410     4.075    student_top_inst/mem_bridge/dram_adapter/req_valid
    SLICE_X55Y137        LUT6 (Prop_lut6_I1_O)        0.043     4.118 r  student_top_inst/mem_bridge/dram_adapter/dram_i_3/O
                         net (fo=16, routed)          1.261     5.378    student_top_inst/mem_bridge/dram_adapter/dram/U0/inst_blk_mem_gen/gnbram.gnativebmg.native_blk_mem_gen/valid.cstr/ramloop[29].ram.r/prim_init.ram/wea[0]
    RAMB36_X3Y31         RAMB36E1                                     r  student_top_inst/mem_bridge/dram_adapter/dram/U0/inst_blk_mem_gen/gnbram.gnativebmg.native_blk_mem_gen/valid.cstr/ramloop[29].ram.r/prim_init.ram/DEVICE_7SERIES.NO_BMM_INFO.SP.SIMPLE_PRIM36.ram/WEA[0]
  -------------------------------------------------------------------    -------------------

                         (clock clk_out2_pll rise edge)
                                                      5.000     5.000 r  
    AD12                                              0.000     5.000 r  i_sys_clk_p (IN)
                         net (fo=0)                   0.000     5.000    pll_inst/inst/clk_in1_p
    AD12                 IBUFDS (Prop_ibufds_I_O)     0.803     5.803 r  pll_inst/inst/clkin1_ibufgds/O
                         net (fo=1, routed)           0.986     6.789    pll_inst/inst/clk_in1_pll
    MMCME2_ADV_X1Y1      MMCME2_ADV (Prop_mmcme2_adv_CLKIN1_CLKOUT1)
                                                     -6.759     0.030 r  pll_inst/inst/mmcm_adv_inst/CLKOUT1
                         net (fo=1, routed)           2.005     2.035    pll_inst/inst/clk_out2_pll
    BUFGCTRL_X0Y0        BUFG (Prop_bufg_I_O)         0.083     2.118 r  pll_inst/inst/clkout2_buf/O
                         net (fo=12327, routed)       1.134     3.253    student_top_inst/mem_bridge/dram_adapter/dram/U0/inst_blk_mem_gen/gnbram.gnativebmg.native_blk_mem_gen/valid.cstr/ramloop[29].ram.r/prim_init.ram/clka
    RAMB36_X3Y31         RAMB36E1                                     r  student_top_inst/mem_bridge/dram_adapter/dram/U0/inst_blk_mem_gen/gnbram.gnativebmg.native_blk_mem_gen/valid.cstr/ramloop[29].ram.r/prim_init.ram/DEVICE_7SERIES.NO_BMM_INFO.SP.SIMPLE_PRIM36.ram/CLKARDCLK
                         clock pessimism             -0.682     2.571    
                         clock uncertainty           -0.060     2.510    
    RAMB36_X3Y31         RAMB36E1 (Setup_ramb36e1_CLKARDCLK_WEA[0])
                                                     -0.404     2.106    student_top_inst/mem_bridge/dram_adapter/dram/U0/inst_blk_mem_gen/gnbram.gnativebmg.native_blk_mem_gen/valid.cstr/ramloop[29].ram.r/prim_init.ram/DEVICE_7SERIES.NO_BMM_INFO.SP.SIMPLE_PRIM36.ram
  -------------------------------------------------------------------
                         required time                          2.106    
                         arrival time                          -5.378    
  -------------------------------------------------------------------
                         slack                                 -3.272    

Slack (VIOLATED) :        -3.227ns  (required time - arrival time)
  Source:                 student_top_inst/Core_cpu/u_core_top/exec_q_reg[op1][1]_replica_1/C
                            (rising edge-triggered cell FDRE clocked by clk_out2_pll  {rise@0.000ns fall@2.500ns period=5.000ns})
  Destination:            student_top_inst/mem_bridge/dram_adapter/dram/U0/inst_blk_mem_gen/gnbram.gnativebmg.native_blk_mem_gen/valid.cstr/ramloop[22].ram.r/prim_init.ram/DEVICE_7SERIES.NO_BMM_INFO.SP.SIMPLE_PRIM36.ram/WEA[0]
                            (rising edge-triggered cell RAMB36E1 clocked by clk_out2_pll  {rise@0.000ns fall@2.500ns period=5.000ns})
  Path Group:             clk_out2_pll
  Path Type:              Setup (Max at Slow Process Corner)
  Requirement:            5.000ns  (clk_out2_pll rise@5.000ns - clk_out2_pll rise@0.000ns)
  Data Path Delay:        7.518ns  (logic 1.539ns (20.470%)  route 5.979ns (79.530%))
  Logic Levels:           20  (CARRY4=8 LUT2=1 LUT3=1 LUT4=2 LUT5=1 LUT6=7)
  Clock Path Skew:        -0.244ns (DCD - SCD + CPR)
    Destination Clock Delay (DCD):    -1.745ns = ( 3.255 - 5.000 ) 
    Source Clock Delay      (SCD):    -2.183ns
    Clock Pessimism Removal (CPR):    -0.682ns
  Clock Uncertainty:      0.060ns  ((TSJ^2 + DJ^2)^1/2) / 2 + PE
    Total System Jitter     (TSJ):    0.071ns
    Discrete Jitter          (DJ):    0.098ns
    Phase Error              (PE):    0.000ns

    Location             Delay type                Incr(ns)  Path(ns)    Netlist Resource(s)
  -------------------------------------------------------------------    -------------------
                         (clock clk_out2_pll rise edge)
                                                      0.000     0.000 r  
    AD12                                              0.000     0.000 r  i_sys_clk_p (IN)
                         net (fo=0)                   0.000     0.000    pll_inst/inst/clk_in1_p
    AD12                 IBUFDS (Prop_ibufds_I_O)     0.906     0.906 r  pll_inst/inst/clkin1_ibufgds/O
                         net (fo=1, routed)           1.081     1.987    pll_inst/inst/clk_in1_pll
    MMCME2_ADV_X1Y1      MMCME2_ADV (Prop_mmcme2_adv_CLKIN1_CLKOUT1)
                                                     -7.786    -5.799 r  pll_inst/inst/mmcm_adv_inst/CLKOUT1
                         net (fo=1, routed)           2.130    -3.669    pll_inst/inst/clk_out2_pll
    BUFGCTRL_X0Y0        BUFG (Prop_bufg_I_O)         0.093    -3.576 r  pll_inst/inst/clkout2_buf/O
                         net (fo=12327, routed)       1.393    -2.183    student_top_inst/Core_cpu/u_core_top/clk
    SLICE_X69Y145        FDRE                                         r  student_top_inst/Core_cpu/u_core_top/exec_q_reg[op1][1]_replica_1/C
  -------------------------------------------------------------------    -------------------
    SLICE_X69Y145        FDRE (Prop_fdre_C_Q)         0.223    -1.960 r  student_top_inst/Core_cpu/u_core_top/exec_q_reg[op1][1]_replica_1/Q
                         net (fo=2, routed)           0.372    -1.588    student_top_inst/Core_cpu/u_core_top/u_fixed_execute/exec_q_reg[op_n_0_1][1]_repN_1_alias
    SLICE_X71Y145        CARRY4 (Prop_carry4_DI[1]_CO[3])
                                                      0.250    -1.338 r  student_top_inst/Core_cpu/u_core_top/u_fixed_execute/mem_addr_o[0]_INST_0/CO[3]
                         net (fo=1, routed)           0.000    -1.338    student_top_inst/Core_cpu/u_core_top/u_fixed_execute/mem_addr_o[0]_INST_0_n_0
    SLICE_X71Y146        CARRY4 (Prop_carry4_CI_CO[3])
                                                      0.053    -1.285 r  student_top_inst/Core_cpu/u_core_top/u_fixed_execute/mem_addr_o[4]_INST_0/CO[3]
                         net (fo=1, routed)           0.000    -1.285    student_top_inst/Core_cpu/u_core_top/u_fixed_execute/mem_addr_o[4]_INST_0_n_0
    SLICE_X71Y147        CARRY4 (Prop_carry4_CI_CO[3])
                                                      0.053    -1.232 r  student_top_inst/Core_cpu/u_core_top/u_fixed_execute/mem_addr_o[8]_INST_0/CO[3]
                         net (fo=1, routed)           0.000    -1.232    student_top_inst/Core_cpu/u_core_top/u_fixed_execute/mem_addr_o[8]_INST_0_n_0
    SLICE_X71Y148        CARRY4 (Prop_carry4_CI_CO[3])
                                                      0.053    -1.179 r  student_top_inst/Core_cpu/u_core_top/u_fixed_execute/mem_addr_o[12]_INST_0/CO[3]
                         net (fo=1, routed)           0.000    -1.179    student_top_inst/Core_cpu/u_core_top/u_fixed_execute/mem_addr_o[12]_INST_0_n_0
    SLICE_X71Y149        CARRY4 (Prop_carry4_CI_CO[3])
                                                      0.053    -1.126 r  student_top_inst/Core_cpu/u_core_top/u_fixed_execute/mem_addr_o[16]_INST_0/CO[3]
                         net (fo=1, routed)           0.001    -1.126    student_top_inst/Core_cpu/u_core_top/u_fixed_execute/mem_addr_o[16]_INST_0_n_0
    SLICE_X71Y150        CARRY4 (Prop_carry4_CI_CO[3])
                                                      0.053    -1.073 r  student_top_inst/Core_cpu/u_core_top/u_fixed_execute/mem_addr_o[20]_INST_0/CO[3]
                         net (fo=1, routed)           0.000    -1.073    student_top_inst/Core_cpu/u_core_top/u_fixed_execute/mem_addr_o[20]_INST_0_n_0
    SLICE_X71Y151        CARRY4 (Prop_carry4_CI_CO[3])
                                                      0.053    -1.020 r  student_top_inst/Core_cpu/u_core_top/u_fixed_execute/mem_addr_o[24]_INST_0/CO[3]
                         net (fo=1, routed)           0.000    -1.020    student_top_inst/Core_cpu/u_core_top/u_fixed_execute/mem_addr_o[24]_INST_0_n_0
    SLICE_X71Y152        CARRY4 (Prop_carry4_CI_O[3])
                                                      0.155    -0.865 f  student_top_inst/Core_cpu/u_core_top/u_fixed_execute/mem_addr_o[28]_INST_0/O[3]
                         net (fo=17, routed)          0.572    -0.292    student_top_inst/Core_cpu/u_core_top/exec_mem_addr[31]
    SLICE_X69Y149        LUT3 (Prop_lut3_I2_O)        0.120    -0.172 r  student_top_inst/Core_cpu/u_core_top/store_q[3][uncached]_i_2_comp/O
                         net (fo=1, routed)           0.485     0.313    student_top_inst/Core_cpu/u_core_top/store_q[3][uncached]_i_2_n_0_repN
    SLICE_X68Y142        LUT6 (Prop_lut6_I4_O)        0.043     0.356 r  student_top_inst/Core_cpu/u_core_top/u_dcache_i_180_comp/O
                         net (fo=1, routed)           0.107     0.462    student_top_inst/Core_cpu/u_core_top/u_dcache_i_180_n_0
    SLICE_X68Y142        LUT6 (Prop_lut6_I2_O)        0.043     0.505 f  student_top_inst/Core_cpu/u_core_top/u_dcache_i_73_comp_1/O
                         net (fo=38, routed)          0.528     1.033    student_top_inst/Core_cpu/u_core_top/u_dcache_i_73_n_0
    SLICE_X65Y142        LUT6 (Prop_lut6_I1_O)        0.043     1.076 f  student_top_inst/Core_cpu/u_core_top/u_dcache_i_12/O
                         net (fo=5, routed)           0.446     1.522    student_top_inst/Core_cpu/u_core_top/u_dcache/cpu_req_addr_i[22]
    SLICE_X64Y141        LUT4 (Prop_lut4_I3_O)        0.043     1.565 f  student_top_inst/Core_cpu/u_core_top/u_dcache/mem_req_valid_o_INST_0_i_5/O
                         net (fo=1, routed)           0.273     1.838    student_top_inst/Core_cpu/u_core_top/u_dcache/mem_req_valid_o_INST_0_i_5_n_0
    SLICE_X60Y141        LUT6 (Prop_lut6_I5_O)        0.043     1.881 f  student_top_inst/Core_cpu/u_core_top/u_dcache/mem_req_valid_o_INST_0_i_2/O
                         net (fo=3, routed)           0.197     2.078    student_top_inst/Core_cpu/u_core_top/u_dcache/mem_req_valid_o_INST_0_i_2_n_0
    SLICE_X60Y140        LUT4 (Prop_lut4_I2_O)        0.043     2.121 f  student_top_inst/Core_cpu/u_core_top/u_dcache/mem_req_valid_o_INST_0_i_1/O
                         net (fo=19, routed)          0.321     2.442    student_top_inst/Core_cpu/u_core_top/u_dcache/mem_req_valid_o_INST_0_i_1_n_0
    SLICE_X56Y141        LUT5 (Prop_lut5_I0_O)        0.043     2.485 f  student_top_inst/Core_cpu/u_core_top/u_dcache/mem_req_addr_o[31]_INST_0/O
                         net (fo=4, routed)           0.433     2.917    student_top_inst/mem_bridge/req_addr[31]
    SLICE_X54Y139        LUT6 (Prop_lut6_I5_O)        0.043     2.960 r  student_top_inst/mem_bridge/led_q[31]_i_6/O
                         net (fo=2, routed)           0.321     3.281    student_top_inst/mem_bridge/led_q[31]_i_6_n_0
    SLICE_X55Y139        LUT6 (Prop_lut6_I5_O)        0.043     3.324 r  student_top_inst/mem_bridge/dram_adapter_i_2/O
                         net (fo=3, routed)           0.297     3.621    student_top_inst/mem_bridge/dram_sel
    SLICE_X52Y139        LUT2 (Prop_lut2_I1_O)        0.043     3.664 r  student_top_inst/mem_bridge/dram_adapter_i_1/O
                         net (fo=27, routed)          0.410     4.075    student_top_inst/mem_bridge/dram_adapter/req_valid
    SLICE_X55Y137        LUT6 (Prop_lut6_I1_O)        0.043     4.118 r  student_top_inst/mem_bridge/dram_adapter/dram_i_3/O
                         net (fo=16, routed)          1.218     5.335    student_top_inst/mem_bridge/dram_adapter/dram/U0/inst_blk_mem_gen/gnbram.gnativebmg.native_blk_mem_gen/valid.cstr/ramloop[22].ram.r/prim_init.ram/wea[0]
    RAMB36_X3Y30         RAMB36E1                                     r  student_top_inst/mem_bridge/dram_adapter/dram/U0/inst_blk_mem_gen/gnbram.gnativebmg.native_blk_mem_gen/valid.cstr/ramloop[22].ram.r/prim_init.ram/DEVICE_7SERIES.NO_BMM_INFO.SP.SIMPLE_PRIM36.ram/WEA[0]
  -------------------------------------------------------------------    -------------------

                         (clock clk_out2_pll rise edge)
                                                      5.000     5.000 r  
    AD12                                              0.000     5.000 r  i_sys_clk_p (IN)
                         net (fo=0)                   0.000     5.000    pll_inst/inst/clk_in1_p
    AD12                 IBUFDS (Prop_ibufds_I_O)     0.803     5.803 r  pll_inst/inst/clkin1_ibufgds/O
                         net (fo=1, routed)           0.986     6.789    pll_inst/inst/clk_in1_pll
    MMCME2_ADV_X1Y1      MMCME2_ADV (Prop_mmcme2_adv_CLKIN1_CLKOUT1)
                                                     -6.759     0.030 r  pll_inst/inst/mmcm_adv_inst/CLKOUT1
                         net (fo=1, routed)           2.005     2.035    pll_inst/inst/clk_out2_pll
    BUFGCTRL_X0Y0        BUFG (Prop_bufg_I_O)         0.083     2.118 r  pll_inst/inst/clkout2_buf/O
                         net (fo=12327, routed)       1.136     3.255    student_top_inst/mem_bridge/dram_adapter/dram/U0/inst_blk_mem_gen/gnbram.gnativebmg.native_blk_mem_gen/valid.cstr/ramloop[22].ram.r/prim_init.ram/clka
    RAMB36_X3Y30         RAMB36E1                                     r  student_top_inst/mem_bridge/dram_adapter/dram/U0/inst_blk_mem_gen/gnbram.gnativebmg.native_blk_mem_gen/valid.cstr/ramloop[22].ram.r/prim_init.ram/DEVICE_7SERIES.NO_BMM_INFO.SP.SIMPLE_PRIM36.ram/CLKARDCLK
                         clock pessimism             -0.682     2.573    
                         clock uncertainty           -0.060     2.512    
    RAMB36_X3Y30         RAMB36E1 (Setup_ramb36e1_CLKARDCLK_WEA[0])
                                                     -0.404     2.108    student_top_inst/mem_bridge/dram_adapter/dram/U0/inst_blk_mem_gen/gnbram.gnativebmg.native_blk_mem_gen/valid.cstr/ramloop[22].ram.r/prim_init.ram/DEVICE_7SERIES.NO_BMM_INFO.SP.SIMPLE_PRIM36.ram
  -------------------------------------------------------------------
                         required time                          2.108    
                         arrival time                          -5.335    
  -------------------------------------------------------------------
                         slack                                 -3.227    

Slack (VIOLATED) :        -3.225ns  (required time - arrival time)
  Source:                 student_top_inst/Core_cpu/u_core_top/exec_q_reg[op1][1]_replica_1/C
                            (rising edge-triggered cell FDRE clocked by clk_out2_pll  {rise@0.000ns fall@2.500ns period=5.000ns})
  Destination:            student_top_inst/mem_bridge/dram_adapter/dram/U0/inst_blk_mem_gen/gnbram.gnativebmg.native_blk_mem_gen/valid.cstr/ramloop[31].ram.r/prim_init.ram/DEVICE_7SERIES.NO_BMM_INFO.SP.SIMPLE_PRIM36.ram/WEA[0]
                            (rising edge-triggered cell RAMB36E1 clocked by clk_out2_pll  {rise@0.000ns fall@2.500ns period=5.000ns})
  Path Group:             clk_out2_pll
  Path Type:              Setup (Max at Slow Process Corner)
  Requirement:            5.000ns  (clk_out2_pll rise@5.000ns - clk_out2_pll rise@0.000ns)
  Data Path Delay:        7.560ns  (logic 1.539ns (20.357%)  route 6.021ns (79.643%))
  Logic Levels:           20  (CARRY4=8 LUT2=1 LUT3=1 LUT4=2 LUT5=1 LUT6=7)
  Clock Path Skew:        -0.201ns (DCD - SCD + CPR)
    Destination Clock Delay (DCD):    -1.702ns = ( 3.298 - 5.000 ) 
    Source Clock Delay      (SCD):    -2.183ns
    Clock Pessimism Removal (CPR):    -0.682ns
  Clock Uncertainty:      0.060ns  ((TSJ^2 + DJ^2)^1/2) / 2 + PE
    Total System Jitter     (TSJ):    0.071ns
    Discrete Jitter          (DJ):    0.098ns
    Phase Error              (PE):    0.000ns

    Location             Delay type                Incr(ns)  Path(ns)    Netlist Resource(s)
  -------------------------------------------------------------------    -------------------
                         (clock clk_out2_pll rise edge)
                                                      0.000     0.000 r  
    AD12                                              0.000     0.000 r  i_sys_clk_p (IN)
                         net (fo=0)                   0.000     0.000    pll_inst/inst/clk_in1_p
    AD12                 IBUFDS (Prop_ibufds_I_O)     0.906     0.906 r  pll_inst/inst/clkin1_ibufgds/O
                         net (fo=1, routed)           1.081     1.987    pll_inst/inst/clk_in1_pll
    MMCME2_ADV_X1Y1      MMCME2_ADV (Prop_mmcme2_adv_CLKIN1_CLKOUT1)
                                                     -7.786    -5.799 r  pll_inst/inst/mmcm_adv_inst/CLKOUT1
                         net (fo=1, routed)           2.130    -3.669    pll_inst/inst/clk_out2_pll
    BUFGCTRL_X0Y0        BUFG (Prop_bufg_I_O)         0.093    -3.576 r  pll_inst/inst/clkout2_buf/O
                         net (fo=12327, routed)       1.393    -2.183    student_top_inst/Core_cpu/u_core_top/clk
    SLICE_X69Y145        FDRE                                         r  student_top_inst/Core_cpu/u_core_top/exec_q_reg[op1][1]_replica_1/C
  -------------------------------------------------------------------    -------------------
    SLICE_X69Y145        FDRE (Prop_fdre_C_Q)         0.223    -1.960 r  student_top_inst/Core_cpu/u_core_top/exec_q_reg[op1][1]_replica_1/Q
                         net (fo=2, routed)           0.372    -1.588    student_top_inst/Core_cpu/u_core_top/u_fixed_execute/exec_q_reg[op_n_0_1][1]_repN_1_alias
    SLICE_X71Y145        CARRY4 (Prop_carry4_DI[1]_CO[3])
                                                      0.250    -1.338 r  student_top_inst/Core_cpu/u_core_top/u_fixed_execute/mem_addr_o[0]_INST_0/CO[3]
                         net (fo=1, routed)           0.000    -1.338    student_top_inst/Core_cpu/u_core_top/u_fixed_execute/mem_addr_o[0]_INST_0_n_0
    SLICE_X71Y146        CARRY4 (Prop_carry4_CI_CO[3])
                                                      0.053    -1.285 r  student_top_inst/Core_cpu/u_core_top/u_fixed_execute/mem_addr_o[4]_INST_0/CO[3]
                         net (fo=1, routed)           0.000    -1.285    student_top_inst/Core_cpu/u_core_top/u_fixed_execute/mem_addr_o[4]_INST_0_n_0
    SLICE_X71Y147        CARRY4 (Prop_carry4_CI_CO[3])
                                                      0.053    -1.232 r  student_top_inst/Core_cpu/u_core_top/u_fixed_execute/mem_addr_o[8]_INST_0/CO[3]
                         net (fo=1, routed)           0.000    -1.232    student_top_inst/Core_cpu/u_core_top/u_fixed_execute/mem_addr_o[8]_INST_0_n_0
    SLICE_X71Y148        CARRY4 (Prop_carry4_CI_CO[3])
                                                      0.053    -1.179 r  student_top_inst/Core_cpu/u_core_top/u_fixed_execute/mem_addr_o[12]_INST_0/CO[3]
                         net (fo=1, routed)           0.000    -1.179    student_top_inst/Core_cpu/u_core_top/u_fixed_execute/mem_addr_o[12]_INST_0_n_0
    SLICE_X71Y149        CARRY4 (Prop_carry4_CI_CO[3])
                                                      0.053    -1.126 r  student_top_inst/Core_cpu/u_core_top/u_fixed_execute/mem_addr_o[16]_INST_0/CO[3]
                         net (fo=1, routed)           0.001    -1.126    student_top_inst/Core_cpu/u_core_top/u_fixed_execute/mem_addr_o[16]_INST_0_n_0
    SLICE_X71Y150        CARRY4 (Prop_carry4_CI_CO[3])
                                                      0.053    -1.073 r  student_top_inst/Core_cpu/u_core_top/u_fixed_execute/mem_addr_o[20]_INST_0/CO[3]
                         net (fo=1, routed)           0.000    -1.073    student_top_inst/Core_cpu/u_core_top/u_fixed_execute/mem_addr_o[20]_INST_0_n_0
    SLICE_X71Y151        CARRY4 (Prop_carry4_CI_CO[3])
                                                      0.053    -1.020 r  student_top_inst/Core_cpu/u_core_top/u_fixed_execute/mem_addr_o[24]_INST_0/CO[3]
                         net (fo=1, routed)           0.000    -1.020    student_top_inst/Core_cpu/u_core_top/u_fixed_execute/mem_addr_o[24]_INST_0_n_0
    SLICE_X71Y152        CARRY4 (Prop_carry4_CI_O[3])
                                                      0.155    -0.865 f  student_top_inst/Core_cpu/u_core_top/u_fixed_execute/mem_addr_o[28]_INST_0/O[3]
                         net (fo=17, routed)          0.572    -0.292    student_top_inst/Core_cpu/u_core_top/exec_mem_addr[31]
    SLICE_X69Y149        LUT3 (Prop_lut3_I2_O)        0.120    -0.172 r  student_top_inst/Core_cpu/u_core_top/store_q[3][uncached]_i_2_comp/O
                         net (fo=1, routed)           0.485     0.313    student_top_inst/Core_cpu/u_core_top/store_q[3][uncached]_i_2_n_0_repN
    SLICE_X68Y142        LUT6 (Prop_lut6_I4_O)        0.043     0.356 r  student_top_inst/Core_cpu/u_core_top/u_dcache_i_180_comp/O
                         net (fo=1, routed)           0.107     0.462    student_top_inst/Core_cpu/u_core_top/u_dcache_i_180_n_0
    SLICE_X68Y142        LUT6 (Prop_lut6_I2_O)        0.043     0.505 f  student_top_inst/Core_cpu/u_core_top/u_dcache_i_73_comp_1/O
                         net (fo=38, routed)          0.528     1.033    student_top_inst/Core_cpu/u_core_top/u_dcache_i_73_n_0
    SLICE_X65Y142        LUT6 (Prop_lut6_I1_O)        0.043     1.076 f  student_top_inst/Core_cpu/u_core_top/u_dcache_i_12/O
                         net (fo=5, routed)           0.446     1.522    student_top_inst/Core_cpu/u_core_top/u_dcache/cpu_req_addr_i[22]
    SLICE_X64Y141        LUT4 (Prop_lut4_I3_O)        0.043     1.565 f  student_top_inst/Core_cpu/u_core_top/u_dcache/mem_req_valid_o_INST_0_i_5/O
                         net (fo=1, routed)           0.273     1.838    student_top_inst/Core_cpu/u_core_top/u_dcache/mem_req_valid_o_INST_0_i_5_n_0
    SLICE_X60Y141        LUT6 (Prop_lut6_I5_O)        0.043     1.881 f  student_top_inst/Core_cpu/u_core_top/u_dcache/mem_req_valid_o_INST_0_i_2/O
                         net (fo=3, routed)           0.197     2.078    student_top_inst/Core_cpu/u_core_top/u_dcache/mem_req_valid_o_INST_0_i_2_n_0
    SLICE_X60Y140        LUT4 (Prop_lut4_I2_O)        0.043     2.121 f  student_top_inst/Core_cpu/u_core_top/u_dcache/mem_req_valid_o_INST_0_i_1/O
                         net (fo=19, routed)          0.321     2.442    student_top_inst/Core_cpu/u_core_top/u_dcache/mem_req_valid_o_INST_0_i_1_n_0
    SLICE_X56Y141        LUT5 (Prop_lut5_I0_O)        0.043     2.485 f  student_top_inst/Core_cpu/u_core_top/u_dcache/mem_req_addr_o[31]_INST_0/O
                         net (fo=4, routed)           0.433     2.917    student_top_inst/mem_bridge/req_addr[31]
    SLICE_X54Y139        LUT6 (Prop_lut6_I5_O)        0.043     2.960 r  student_top_inst/mem_bridge/led_q[31]_i_6/O
                         net (fo=2, routed)           0.321     3.281    student_top_inst/mem_bridge/led_q[31]_i_6_n_0
    SLICE_X55Y139        LUT6 (Prop_lut6_I5_O)        0.043     3.324 r  student_top_inst/mem_bridge/dram_adapter_i_2/O
                         net (fo=3, routed)           0.297     3.621    student_top_inst/mem_bridge/dram_sel
    SLICE_X52Y139        LUT2 (Prop_lut2_I1_O)        0.043     3.664 r  student_top_inst/mem_bridge/dram_adapter_i_1/O
                         net (fo=27, routed)          0.410     4.075    student_top_inst/mem_bridge/dram_adapter/req_valid
    SLICE_X55Y137        LUT6 (Prop_lut6_I1_O)        0.043     4.118 r  student_top_inst/mem_bridge/dram_adapter/dram_i_3/O
                         net (fo=16, routed)          1.259     5.377    student_top_inst/mem_bridge/dram_adapter/dram/U0/inst_blk_mem_gen/gnbram.gnativebmg.native_blk_mem_gen/valid.cstr/ramloop[31].ram.r/prim_init.ram/wea[0]
    RAMB36_X1Y35         RAMB36E1                                     r  student_top_inst/mem_bridge/dram_adapter/dram/U0/inst_blk_mem_gen/gnbram.gnativebmg.native_blk_mem_gen/valid.cstr/ramloop[31].ram.r/prim_init.ram/DEVICE_7SERIES.NO_BMM_INFO.SP.SIMPLE_PRIM36.ram/WEA[0]
  -------------------------------------------------------------------    -------------------

                         (clock clk_out2_pll rise edge)
                                                      5.000     5.000 r  
    AD12                                              0.000     5.000 r  i_sys_clk_p (IN)
                         net (fo=0)                   0.000     5.000    pll_inst/inst/clk_in1_p
    AD12                 IBUFDS (Prop_ibufds_I_O)     0.803     5.803 r  pll_inst/inst/clkin1_ibufgds/O
                         net (fo=1, routed)           0.986     6.789    pll_inst/inst/clk_in1_pll
    MMCME2_ADV_X1Y1      MMCME2_ADV (Prop_mmcme2_adv_CLKIN1_CLKOUT1)
                                                     -6.759     0.030 r  pll_inst/inst/mmcm_adv_inst/CLKOUT1
                         net (fo=1, routed)           2.005     2.035    pll_inst/inst/clk_out2_pll
    BUFGCTRL_X0Y0        BUFG (Prop_bufg_I_O)         0.083     2.118 r  pll_inst/inst/clkout2_buf/O
                         net (fo=12327, routed)       1.179     3.298    student_top_inst/mem_bridge/dram_adapter/dram/U0/inst_blk_mem_gen/gnbram.gnativebmg.native_blk_mem_gen/valid.cstr/ramloop[31].ram.r/prim_init.ram/clka
    RAMB36_X1Y35         RAMB36E1                                     r  student_top_inst/mem_bridge/dram_adapter/dram/U0/inst_blk_mem_gen/gnbram.gnativebmg.native_blk_mem_gen/valid.cstr/ramloop[31].ram.r/prim_init.ram/DEVICE_7SERIES.NO_BMM_INFO.SP.SIMPLE_PRIM36.ram/CLKARDCLK
                         clock pessimism             -0.682     2.616    
                         clock uncertainty           -0.060     2.555    
    RAMB36_X1Y35         RAMB36E1 (Setup_ramb36e1_CLKARDCLK_WEA[0])
                                                     -0.404     2.151    student_top_inst/mem_bridge/dram_adapter/dram/U0/inst_blk_mem_gen/gnbram.gnativebmg.native_blk_mem_gen/valid.cstr/ramloop[31].ram.r/prim_init.ram/DEVICE_7SERIES.NO_BMM_INFO.SP.SIMPLE_PRIM36.ram
  -------------------------------------------------------------------
                         required time                          2.151    
                         arrival time                          -5.377    
  -------------------------------------------------------------------
                         slack                                 -3.225    

Slack (VIOLATED) :        -3.218ns  (required time - arrival time)
  Source:                 student_top_inst/Core_cpu/u_core_top/exec_q_reg[op1][1]_replica_1/C
                            (rising edge-triggered cell FDRE clocked by clk_out2_pll  {rise@0.000ns fall@2.500ns period=5.000ns})
  Destination:            student_top_inst/Core_cpu/u_core_top/u_dcache/g_data_bank[1].u_data_bank/mem_q_reg_1/ENBWREN
                            (rising edge-triggered cell RAMB36E1 clocked by clk_out2_pll  {rise@0.000ns fall@2.500ns period=5.000ns})
  Path Group:             clk_out2_pll
  Path Type:              Setup (Max at Slow Process Corner)
  Requirement:            5.000ns  (clk_out2_pll rise@5.000ns - clk_out2_pll rise@0.000ns)
  Data Path Delay:        7.761ns  (logic 1.993ns (25.679%)  route 5.768ns (74.321%))
  Logic Levels:           21  (CARRY4=10 LUT3=1 LUT6=7 MUXF7=1 MUXF8=1 RAMD64E=1)
  Clock Path Skew:        -0.068ns (DCD - SCD + CPR)
    Destination Clock Delay (DCD):    -1.572ns = ( 3.428 - 5.000 ) 
    Source Clock Delay      (SCD):    -2.183ns
    Clock Pessimism Removal (CPR):    -0.680ns
  Clock Uncertainty:      0.060ns  ((TSJ^2 + DJ^2)^1/2) / 2 + PE
    Total System Jitter     (TSJ):    0.071ns
    Discrete Jitter          (DJ):    0.098ns
    Phase Error              (PE):    0.000ns

    Location             Delay type                Incr(ns)  Path(ns)    Netlist Resource(s)
  -------------------------------------------------------------------    -------------------
                         (clock clk_out2_pll rise edge)
                                                      0.000     0.000 r  
    AD12                                              0.000     0.000 r  i_sys_clk_p (IN)
                         net (fo=0)                   0.000     0.000    pll_inst/inst/clk_in1_p
    AD12                 IBUFDS (Prop_ibufds_I_O)     0.906     0.906 r  pll_inst/inst/clkin1_ibufgds/O
                         net (fo=1, routed)           1.081     1.987    pll_inst/inst/clk_in1_pll
    MMCME2_ADV_X1Y1      MMCME2_ADV (Prop_mmcme2_adv_CLKIN1_CLKOUT1)
                                                     -7.786    -5.799 r  pll_inst/inst/mmcm_adv_inst/CLKOUT1
                         net (fo=1, routed)           2.130    -3.669    pll_inst/inst/clk_out2_pll
    BUFGCTRL_X0Y0        BUFG (Prop_bufg_I_O)         0.093    -3.576 r  pll_inst/inst/clkout2_buf/O
                         net (fo=12327, routed)       1.393    -2.183    student_top_inst/Core_cpu/u_core_top/clk
    SLICE_X69Y145        FDRE                                         r  student_top_inst/Core_cpu/u_core_top/exec_q_reg[op1][1]_replica_1/C
  -------------------------------------------------------------------    -------------------
    SLICE_X69Y145        FDRE (Prop_fdre_C_Q)         0.223    -1.960 r  student_top_inst/Core_cpu/u_core_top/exec_q_reg[op1][1]_replica_1/Q
                         net (fo=2, routed)           0.372    -1.588    student_top_inst/Core_cpu/u_core_top/u_fixed_execute/exec_q_reg[op_n_0_1][1]_repN_1_alias
    SLICE_X71Y145        CARRY4 (Prop_carry4_DI[1]_CO[3])
                                                      0.250    -1.338 r  student_top_inst/Core_cpu/u_core_top/u_fixed_execute/mem_addr_o[0]_INST_0/CO[3]
                         net (fo=1, routed)           0.000    -1.338    student_top_inst/Core_cpu/u_core_top/u_fixed_execute/mem_addr_o[0]_INST_0_n_0
    SLICE_X71Y146        CARRY4 (Prop_carry4_CI_CO[3])
                                                      0.053    -1.285 r  student_top_inst/Core_cpu/u_core_top/u_fixed_execute/mem_addr_o[4]_INST_0/CO[3]
                         net (fo=1, routed)           0.000    -1.285    student_top_inst/Core_cpu/u_core_top/u_fixed_execute/mem_addr_o[4]_INST_0_n_0
    SLICE_X71Y147        CARRY4 (Prop_carry4_CI_CO[3])
                                                      0.053    -1.232 r  student_top_inst/Core_cpu/u_core_top/u_fixed_execute/mem_addr_o[8]_INST_0/CO[3]
                         net (fo=1, routed)           0.000    -1.232    student_top_inst/Core_cpu/u_core_top/u_fixed_execute/mem_addr_o[8]_INST_0_n_0
    SLICE_X71Y148        CARRY4 (Prop_carry4_CI_CO[3])
                                                      0.053    -1.179 r  student_top_inst/Core_cpu/u_core_top/u_fixed_execute/mem_addr_o[12]_INST_0/CO[3]
                         net (fo=1, routed)           0.000    -1.179    student_top_inst/Core_cpu/u_core_top/u_fixed_execute/mem_addr_o[12]_INST_0_n_0
    SLICE_X71Y149        CARRY4 (Prop_carry4_CI_CO[3])
                                                      0.053    -1.126 r  student_top_inst/Core_cpu/u_core_top/u_fixed_execute/mem_addr_o[16]_INST_0/CO[3]
                         net (fo=1, routed)           0.001    -1.126    student_top_inst/Core_cpu/u_core_top/u_fixed_execute/mem_addr_o[16]_INST_0_n_0
    SLICE_X71Y150        CARRY4 (Prop_carry4_CI_CO[3])
                                                      0.053    -1.073 r  student_top_inst/Core_cpu/u_core_top/u_fixed_execute/mem_addr_o[20]_INST_0/CO[3]
                         net (fo=1, routed)           0.000    -1.073    student_top_inst/Core_cpu/u_core_top/u_fixed_execute/mem_addr_o[20]_INST_0_n_0
    SLICE_X71Y151        CARRY4 (Prop_carry4_CI_CO[3])
                                                      0.053    -1.020 r  student_top_inst/Core_cpu/u_core_top/u_fixed_execute/mem_addr_o[24]_INST_0/CO[3]
                         net (fo=1, routed)           0.000    -1.020    student_top_inst/Core_cpu/u_core_top/u_fixed_execute/mem_addr_o[24]_INST_0_n_0
    SLICE_X71Y152        CARRY4 (Prop_carry4_CI_O[3])
                                                      0.155    -0.865 r  student_top_inst/Core_cpu/u_core_top/u_fixed_execute/mem_addr_o[28]_INST_0/O[3]
                         net (fo=17, routed)          0.572    -0.292    student_top_inst/Core_cpu/u_core_top/exec_mem_addr[31]
    SLICE_X69Y149        LUT3 (Prop_lut3_I2_O)        0.120    -0.172 f  student_top_inst/Core_cpu/u_core_top/store_q[3][uncached]_i_2_comp/O
                         net (fo=1, routed)           0.485     0.313    student_top_inst/Core_cpu/u_core_top/store_q[3][uncached]_i_2_n_0_repN
    SLICE_X68Y142        LUT6 (Prop_lut6_I4_O)        0.043     0.356 f  student_top_inst/Core_cpu/u_core_top/u_dcache_i_180_comp/O
                         net (fo=1, routed)           0.107     0.462    student_top_inst/Core_cpu/u_core_top/u_dcache_i_180_n_0
    SLICE_X68Y142        LUT6 (Prop_lut6_I2_O)        0.043     0.505 r  student_top_inst/Core_cpu/u_core_top/u_dcache_i_73_comp_1/O
                         net (fo=38, routed)          0.572     1.077    student_top_inst/Core_cpu/u_core_top/u_dcache_i_73_n_0
    SLICE_X68Y129        LUT6 (Prop_lut6_I1_O)        0.043     1.120 r  student_top_inst/Core_cpu/u_core_top/u_dcache_i_29/O
                         net (fo=1101, routed)        1.035     2.156    student_top_inst/Core_cpu/u_core_top/u_dcache/tag_q_reg_896_959_9_11/ADDRC1
    SLICE_X56Y123        RAMD64E (Prop_ramd64e_RADR1_O)
                                                      0.043     2.199 r  student_top_inst/Core_cpu/u_core_top/u_dcache/tag_q_reg_896_959_9_11/RAMC/O
                         net (fo=1, routed)           0.592     2.791    student_top_inst/Core_cpu/u_core_top/u_dcache/tag_q_reg_896_959_9_11_n_2
    SLICE_X63Y115        LUT6 (Prop_lut6_I1_O)        0.043     2.834 r  student_top_inst/Core_cpu/u_core_top/u_dcache/g_data_bank[0].u_data_bank_i_1230/O
                         net (fo=1, routed)           0.000     2.834    student_top_inst/Core_cpu/u_core_top/u_dcache/g_data_bank[0].u_data_bank_i_1230_n_0
    SLICE_X63Y115        MUXF7 (Prop_muxf7_I1_O)      0.108     2.942 r  student_top_inst/Core_cpu/u_core_top/u_dcache/g_data_bank[0].u_data_bank_i_1150/O
                         net (fo=1, routed)           0.000     2.942    student_top_inst/Core_cpu/u_core_top/u_dcache/g_data_bank[0].u_data_bank_i_1150_n_0
    SLICE_X63Y115        MUXF8 (Prop_muxf8_I1_O)      0.043     2.985 r  student_top_inst/Core_cpu/u_core_top/u_dcache/g_data_bank[0].u_data_bank_i_554/O
                         net (fo=1, routed)           0.598     3.583    student_top_inst/Core_cpu/u_core_top/u_dcache/g_data_bank[0].u_data_bank_i_554_n_0
    SLICE_X69Y130        LUT6 (Prop_lut6_I1_O)        0.126     3.709 f  student_top_inst/Core_cpu/u_core_top/u_dcache/g_data_bank[0].u_data_bank_i_260/O
                         net (fo=1, routed)           0.281     3.989    student_top_inst/Core_cpu/u_core_top/u_dcache/g_data_bank[0].u_data_bank_i_260_n_0
    SLICE_X75Y130        LUT6 (Prop_lut6_I5_O)        0.043     4.032 r  student_top_inst/Core_cpu/u_core_top/u_dcache/g_data_bank[0].u_data_bank_i_118/O
                         net (fo=1, routed)           0.000     4.032    student_top_inst/Core_cpu/u_core_top/u_dcache/g_data_bank[0].u_data_bank_i_118_n_0
    SLICE_X75Y130        CARRY4 (Prop_carry4_S[3]_CO[3])
                                                      0.193     4.225 r  student_top_inst/Core_cpu/u_core_top/u_dcache/g_data_bank[0].u_data_bank_i_82/CO[3]
                         net (fo=1, routed)           0.000     4.225    student_top_inst/Core_cpu/u_core_top/u_dcache/g_data_bank[0].u_data_bank_i_82_n_0
    SLICE_X75Y131        CARRY4 (Prop_carry4_CI_CO[1])
                                                      0.077     4.302 r  student_top_inst/Core_cpu/u_core_top/u_dcache/g_data_bank[0].u_data_bank_i_63/CO[1]
                         net (fo=10, routed)          0.940     5.242    student_top_inst/Core_cpu/u_core_top/u_dcache/hit_c0
    SLICE_X105Y108       LUT6 (Prop_lut6_I4_O)        0.122     5.364 r  student_top_inst/Core_cpu/u_core_top/u_dcache/g_data_bank[0].u_data_bank_i_1_comp_replica_7/O
                         net (fo=1, routed)           0.214     5.578    student_top_inst/Core_cpu/u_core_top/u_dcache/g_data_bank[1].u_data_bank/lookup_valid_q_repN_7_alias
    RAMB36_X3Y21         RAMB36E1                                     r  student_top_inst/Core_cpu/u_core_top/u_dcache/g_data_bank[1].u_data_bank/mem_q_reg_1/ENBWREN
  -------------------------------------------------------------------    -------------------

                         (clock clk_out2_pll rise edge)
                                                      5.000     5.000 r  
    AD12                                              0.000     5.000 r  i_sys_clk_p (IN)
                         net (fo=0)                   0.000     5.000    pll_inst/inst/clk_in1_p
    AD12                 IBUFDS (Prop_ibufds_I_O)     0.803     5.803 r  pll_inst/inst/clkin1_ibufgds/O
                         net (fo=1, routed)           0.986     6.789    pll_inst/inst/clk_in1_pll
    MMCME2_ADV_X1Y1      MMCME2_ADV (Prop_mmcme2_adv_CLKIN1_CLKOUT1)
                                                     -6.759     0.030 r  pll_inst/inst/mmcm_adv_inst/CLKOUT1
                         net (fo=1, routed)           2.005     2.035    pll_inst/inst/clk_out2_pll
    BUFGCTRL_X0Y0        BUFG (Prop_bufg_I_O)         0.083     2.118 r  pll_inst/inst/clkout2_buf/O
                         net (fo=12327, routed)       1.310     3.428    student_top_inst/Core_cpu/u_core_top/u_dcache/g_data_bank[1].u_data_bank/clk
    RAMB36_X3Y21         RAMB36E1                                     r  student_top_inst/Core_cpu/u_core_top/u_dcache/g_data_bank[1].u_data_bank/mem_q_reg_1/CLKBWRCLK
                         clock pessimism             -0.680     2.748    
                         clock uncertainty           -0.060     2.688    
    RAMB36_X3Y21         RAMB36E1 (Setup_ramb36e1_CLKBWRCLK_ENBWREN)
                                                     -0.328     2.360    student_top_inst/Core_cpu/u_core_top/u_dcache/g_data_bank[1].u_data_bank/mem_q_reg_1
  -------------------------------------------------------------------
                         required time                          2.360    
                         arrival time                          -5.578    
  -------------------------------------------------------------------
                         slack                                 -3.218    

Slack (VIOLATED) :        -3.212ns  (required time - arrival time)
  Source:                 student_top_inst/Core_cpu/u_core_top/exec_q_reg[op1][1]_replica_1/C
                            (rising edge-triggered cell FDRE clocked by clk_out2_pll  {rise@0.000ns fall@2.500ns period=5.000ns})
  Destination:            student_top_inst/Core_cpu/u_core_top/u_dcache/g_data_bank[1].u_data_bank/mem_q_reg_0/ENBWREN
                            (rising edge-triggered cell RAMB36E1 clocked by clk_out2_pll  {rise@0.000ns fall@2.500ns period=5.000ns})
  Path Group:             clk_out2_pll
  Path Type:              Setup (Max at Slow Process Corner)
  Requirement:            5.000ns  (clk_out2_pll rise@5.000ns - clk_out2_pll rise@0.000ns)
  Data Path Delay:        7.752ns  (logic 1.993ns (25.710%)  route 5.759ns (74.290%))
  Logic Levels:           21  (CARRY4=10 LUT3=1 LUT6=7 MUXF7=1 MUXF8=1 RAMD64E=1)
  Clock Path Skew:        -0.071ns (DCD - SCD + CPR)
    Destination Clock Delay (DCD):    -1.575ns = ( 3.425 - 5.000 ) 
    Source Clock Delay      (SCD):    -2.183ns
    Clock Pessimism Removal (CPR):    -0.680ns
  Clock Uncertainty:      0.060ns  ((TSJ^2 + DJ^2)^1/2) / 2 + PE
    Total System Jitter     (TSJ):    0.071ns
    Discrete Jitter          (DJ):    0.098ns
    Phase Error              (PE):    0.000ns

    Location             Delay type                Incr(ns)  Path(ns)    Netlist Resource(s)
  -------------------------------------------------------------------    -------------------
                         (clock clk_out2_pll rise edge)
                                                      0.000     0.000 r  
    AD12                                              0.000     0.000 r  i_sys_clk_p (IN)
                         net (fo=0)                   0.000     0.000    pll_inst/inst/clk_in1_p
    AD12                 IBUFDS (Prop_ibufds_I_O)     0.906     0.906 r  pll_inst/inst/clkin1_ibufgds/O
                         net (fo=1, routed)           1.081     1.987    pll_inst/inst/clk_in1_pll
    MMCME2_ADV_X1Y1      MMCME2_ADV (Prop_mmcme2_adv_CLKIN1_CLKOUT1)
                                                     -7.786    -5.799 r  pll_inst/inst/mmcm_adv_inst/CLKOUT1
                         net (fo=1, routed)           2.130    -3.669    pll_inst/inst/clk_out2_pll
    BUFGCTRL_X0Y0        BUFG (Prop_bufg_I_O)         0.093    -3.576 r  pll_inst/inst/clkout2_buf/O
                         net (fo=12327, routed)       1.393    -2.183    student_top_inst/Core_cpu/u_core_top/clk
    SLICE_X69Y145        FDRE                                         r  student_top_inst/Core_cpu/u_core_top/exec_q_reg[op1][1]_replica_1/C
  -------------------------------------------------------------------    -------------------
    SLICE_X69Y145        FDRE (Prop_fdre_C_Q)         0.223    -1.960 r  student_top_inst/Core_cpu/u_core_top/exec_q_reg[op1][1]_replica_1/Q
                         net (fo=2, routed)           0.372    -1.588    student_top_inst/Core_cpu/u_core_top/u_fixed_execute/exec_q_reg[op_n_0_1][1]_repN_1_alias
    SLICE_X71Y145        CARRY4 (Prop_carry4_DI[1]_CO[3])
                                                      0.250    -1.338 r  student_top_inst/Core_cpu/u_core_top/u_fixed_execute/mem_addr_o[0]_INST_0/CO[3]
                         net (fo=1, routed)           0.000    -1.338    student_top_inst/Core_cpu/u_core_top/u_fixed_execute/mem_addr_o[0]_INST_0_n_0
    SLICE_X71Y146        CARRY4 (Prop_carry4_CI_CO[3])
                                                      0.053    -1.285 r  student_top_inst/Core_cpu/u_core_top/u_fixed_execute/mem_addr_o[4]_INST_0/CO[3]
                         net (fo=1, routed)           0.000    -1.285    student_top_inst/Core_cpu/u_core_top/u_fixed_execute/mem_addr_o[4]_INST_0_n_0
    SLICE_X71Y147        CARRY4 (Prop_carry4_CI_CO[3])
                                                      0.053    -1.232 r  student_top_inst/Core_cpu/u_core_top/u_fixed_execute/mem_addr_o[8]_INST_0/CO[3]
                         net (fo=1, routed)           0.000    -1.232    student_top_inst/Core_cpu/u_core_top/u_fixed_execute/mem_addr_o[8]_INST_0_n_0
    SLICE_X71Y148        CARRY4 (Prop_carry4_CI_CO[3])
                                                      0.053    -1.179 r  student_top_inst/Core_cpu/u_core_top/u_fixed_execute/mem_addr_o[12]_INST_0/CO[3]
                         net (fo=1, routed)           0.000    -1.179    student_top_inst/Core_cpu/u_core_top/u_fixed_execute/mem_addr_o[12]_INST_0_n_0
    SLICE_X71Y149        CARRY4 (Prop_carry4_CI_CO[3])
                                                      0.053    -1.126 r  student_top_inst/Core_cpu/u_core_top/u_fixed_execute/mem_addr_o[16]_INST_0/CO[3]
                         net (fo=1, routed)           0.001    -1.126    student_top_inst/Core_cpu/u_core_top/u_fixed_execute/mem_addr_o[16]_INST_0_n_0
    SLICE_X71Y150        CARRY4 (Prop_carry4_CI_CO[3])
                                                      0.053    -1.073 r  student_top_inst/Core_cpu/u_core_top/u_fixed_execute/mem_addr_o[20]_INST_0/CO[3]
                         net (fo=1, routed)           0.000    -1.073    student_top_inst/Core_cpu/u_core_top/u_fixed_execute/mem_addr_o[20]_INST_0_n_0
    SLICE_X71Y151        CARRY4 (Prop_carry4_CI_CO[3])
                                                      0.053    -1.020 r  student_top_inst/Core_cpu/u_core_top/u_fixed_execute/mem_addr_o[24]_INST_0/CO[3]
                         net (fo=1, routed)           0.000    -1.020    student_top_inst/Core_cpu/u_core_top/u_fixed_execute/mem_addr_o[24]_INST_0_n_0
    SLICE_X71Y152        CARRY4 (Prop_carry4_CI_O[3])
                                                      0.155    -0.865 r  student_top_inst/Core_cpu/u_core_top/u_fixed_execute/mem_addr_o[28]_INST_0/O[3]
                         net (fo=17, routed)          0.572    -0.292    student_top_inst/Core_cpu/u_core_top/exec_mem_addr[31]
    SLICE_X69Y149        LUT3 (Prop_lut3_I2_O)        0.120    -0.172 f  student_top_inst/Core_cpu/u_core_top/store_q[3][uncached]_i_2_comp/O
                         net (fo=1, routed)           0.485     0.313    student_top_inst/Core_cpu/u_core_top/store_q[3][uncached]_i_2_n_0_repN
    SLICE_X68Y142        LUT6 (Prop_lut6_I4_O)        0.043     0.356 f  student_top_inst/Core_cpu/u_core_top/u_dcache_i_180_comp/O
                         net (fo=1, routed)           0.107     0.462    student_top_inst/Core_cpu/u_core_top/u_dcache_i_180_n_0
    SLICE_X68Y142        LUT6 (Prop_lut6_I2_O)        0.043     0.505 r  student_top_inst/Core_cpu/u_core_top/u_dcache_i_73_comp_1/O
                         net (fo=38, routed)          0.572     1.077    student_top_inst/Core_cpu/u_core_top/u_dcache_i_73_n_0
    SLICE_X68Y129        LUT6 (Prop_lut6_I1_O)        0.043     1.120 r  student_top_inst/Core_cpu/u_core_top/u_dcache_i_29/O
                         net (fo=1101, routed)        1.035     2.156    student_top_inst/Core_cpu/u_core_top/u_dcache/tag_q_reg_896_959_9_11/ADDRC1
    SLICE_X56Y123        RAMD64E (Prop_ramd64e_RADR1_O)
                                                      0.043     2.199 r  student_top_inst/Core_cpu/u_core_top/u_dcache/tag_q_reg_896_959_9_11/RAMC/O
                         net (fo=1, routed)           0.592     2.791    student_top_inst/Core_cpu/u_core_top/u_dcache/tag_q_reg_896_959_9_11_n_2
    SLICE_X63Y115        LUT6 (Prop_lut6_I1_O)        0.043     2.834 r  student_top_inst/Core_cpu/u_core_top/u_dcache/g_data_bank[0].u_data_bank_i_1230/O
                         net (fo=1, routed)           0.000     2.834    student_top_inst/Core_cpu/u_core_top/u_dcache/g_data_bank[0].u_data_bank_i_1230_n_0
    SLICE_X63Y115        MUXF7 (Prop_muxf7_I1_O)      0.108     2.942 r  student_top_inst/Core_cpu/u_core_top/u_dcache/g_data_bank[0].u_data_bank_i_1150/O
                         net (fo=1, routed)           0.000     2.942    student_top_inst/Core_cpu/u_core_top/u_dcache/g_data_bank[0].u_data_bank_i_1150_n_0
    SLICE_X63Y115        MUXF8 (Prop_muxf8_I1_O)      0.043     2.985 r  student_top_inst/Core_cpu/u_core_top/u_dcache/g_data_bank[0].u_data_bank_i_554/O
                         net (fo=1, routed)           0.598     3.583    student_top_inst/Core_cpu/u_core_top/u_dcache/g_data_bank[0].u_data_bank_i_554_n_0
    SLICE_X69Y130        LUT6 (Prop_lut6_I1_O)        0.126     3.709 f  student_top_inst/Core_cpu/u_core_top/u_dcache/g_data_bank[0].u_data_bank_i_260/O
                         net (fo=1, routed)           0.281     3.989    student_top_inst/Core_cpu/u_core_top/u_dcache/g_data_bank[0].u_data_bank_i_260_n_0
    SLICE_X75Y130        LUT6 (Prop_lut6_I5_O)        0.043     4.032 r  student_top_inst/Core_cpu/u_core_top/u_dcache/g_data_bank[0].u_data_bank_i_118/O
                         net (fo=1, routed)           0.000     4.032    student_top_inst/Core_cpu/u_core_top/u_dcache/g_data_bank[0].u_data_bank_i_118_n_0
    SLICE_X75Y130        CARRY4 (Prop_carry4_S[3]_CO[3])
                                                      0.193     4.225 r  student_top_inst/Core_cpu/u_core_top/u_dcache/g_data_bank[0].u_data_bank_i_82/CO[3]
                         net (fo=1, routed)           0.000     4.225    student_top_inst/Core_cpu/u_core_top/u_dcache/g_data_bank[0].u_data_bank_i_82_n_0
    SLICE_X75Y131        CARRY4 (Prop_carry4_CI_CO[1])
                                                      0.077     4.302 r  student_top_inst/Core_cpu/u_core_top/u_dcache/g_data_bank[0].u_data_bank_i_63/CO[1]
                         net (fo=10, routed)          0.940     5.242    student_top_inst/Core_cpu/u_core_top/u_dcache/hit_c0
    SLICE_X105Y112       LUT6 (Prop_lut6_I4_O)        0.122     5.364 r  student_top_inst/Core_cpu/u_core_top/u_dcache/g_data_bank[0].u_data_bank_i_1_comp_replica_4/O
                         net (fo=1, routed)           0.205     5.568    student_top_inst/Core_cpu/u_core_top/u_dcache/g_data_bank[1].u_data_bank/lookup_valid_q_repN_4_alias
    RAMB36_X3Y22         RAMB36E1                                     r  student_top_inst/Core_cpu/u_core_top/u_dcache/g_data_bank[1].u_data_bank/mem_q_reg_0/ENBWREN
  -------------------------------------------------------------------    -------------------

                         (clock clk_out2_pll rise edge)
                                                      5.000     5.000 r  
    AD12                                              0.000     5.000 r  i_sys_clk_p (IN)
                         net (fo=0)                   0.000     5.000    pll_inst/inst/clk_in1_p
    AD12                 IBUFDS (Prop_ibufds_I_O)     0.803     5.803 r  pll_inst/inst/clkin1_ibufgds/O
                         net (fo=1, routed)           0.986     6.789    pll_inst/inst/clk_in1_pll
    MMCME2_ADV_X1Y1      MMCME2_ADV (Prop_mmcme2_adv_CLKIN1_CLKOUT1)
                                                     -6.759     0.030 r  pll_inst/inst/mmcm_adv_inst/CLKOUT1
                         net (fo=1, routed)           2.005     2.035    pll_inst/inst/clk_out2_pll
    BUFGCTRL_X0Y0        BUFG (Prop_bufg_I_O)         0.083     2.118 r  pll_inst/inst/clkout2_buf/O
                         net (fo=12327, routed)       1.307     3.425    student_top_inst/Core_cpu/u_core_top/u_dcache/g_data_bank[1].u_data_bank/clk
    RAMB36_X3Y22         RAMB36E1                                     r  student_top_inst/Core_cpu/u_core_top/u_dcache/g_data_bank[1].u_data_bank/mem_q_reg_0/CLKBWRCLK
                         clock pessimism             -0.680     2.745    
                         clock uncertainty           -0.060     2.685    
    RAMB36_X3Y22         RAMB36E1 (Setup_ramb36e1_CLKBWRCLK_ENBWREN)
                                                     -0.328     2.357    student_top_inst/Core_cpu/u_core_top/u_dcache/g_data_bank[1].u_data_bank/mem_q_reg_0
  -------------------------------------------------------------------
                         required time                          2.357    
                         arrival time                          -5.568    
  -------------------------------------------------------------------
                         slack                                 -3.212    

Slack (VIOLATED) :        -3.206ns  (required time - arrival time)
  Source:                 student_top_inst/Core_cpu/u_core_top/exec_q_reg[op1][1]_replica_1/C
                            (rising edge-triggered cell FDRE clocked by clk_out2_pll  {rise@0.000ns fall@2.500ns period=5.000ns})
  Destination:            student_top_inst/mem_bridge/dram_adapter/dram/U0/inst_blk_mem_gen/gnbram.gnativebmg.native_blk_mem_gen/valid.cstr/ramloop[3].ram.r/prim_init.ram/DEVICE_7SERIES.NO_BMM_INFO.SP.SIMPLE_PRIM36.ram/WEA[0]
                            (rising edge-triggered cell RAMB36E1 clocked by clk_out2_pll  {rise@0.000ns fall@2.500ns period=5.000ns})
  Path Group:             clk_out2_pll
  Path Type:              Setup (Max at Slow Process Corner)
  Requirement:            5.000ns  (clk_out2_pll rise@5.000ns - clk_out2_pll rise@0.000ns)
  Data Path Delay:        7.815ns  (logic 1.539ns (19.693%)  route 6.276ns (80.307%))
  Logic Levels:           20  (CARRY4=8 LUT2=1 LUT3=1 LUT4=2 LUT5=2 LUT6=6)
  Clock Path Skew:        0.074ns (DCD - SCD + CPR)
    Destination Clock Delay (DCD):    -1.430ns = ( 3.570 - 5.000 ) 
    Source Clock Delay      (SCD):    -2.183ns
    Clock Pessimism Removal (CPR):    -0.680ns
  Clock Uncertainty:      0.060ns  ((TSJ^2 + DJ^2)^1/2) / 2 + PE
    Total System Jitter     (TSJ):    0.071ns
    Discrete Jitter          (DJ):    0.098ns
    Phase Error              (PE):    0.000ns

    Location             Delay type                Incr(ns)  Path(ns)    Netlist Resource(s)
  -------------------------------------------------------------------    -------------------
                         (clock clk_out2_pll rise edge)
                                                      0.000     0.000 r  
    AD12                                              0.000     0.000 r  i_sys_clk_p (IN)
                         net (fo=0)                   0.000     0.000    pll_inst/inst/clk_in1_p
    AD12                 IBUFDS (Prop_ibufds_I_O)     0.906     0.906 r  pll_inst/inst/clkin1_ibufgds/O
                         net (fo=1, routed)           1.081     1.987    pll_inst/inst/clk_in1_pll
    MMCME2_ADV_X1Y1      MMCME2_ADV (Prop_mmcme2_adv_CLKIN1_CLKOUT1)
                                                     -7.786    -5.799 r  pll_inst/inst/mmcm_adv_inst/CLKOUT1
                         net (fo=1, routed)           2.130    -3.669    pll_inst/inst/clk_out2_pll
    BUFGCTRL_X0Y0        BUFG (Prop_bufg_I_O)         0.093    -3.576 r  pll_inst/inst/clkout2_buf/O
                         net (fo=12327, routed)       1.393    -2.183    student_top_inst/Core_cpu/u_core_top/clk
    SLICE_X69Y145        FDRE                                         r  student_top_inst/Core_cpu/u_core_top/exec_q_reg[op1][1]_replica_1/C
  -------------------------------------------------------------------    -------------------
    SLICE_X69Y145        FDRE (Prop_fdre_C_Q)         0.223    -1.960 r  student_top_inst/Core_cpu/u_core_top/exec_q_reg[op1][1]_replica_1/Q
                         net (fo=2, routed)           0.372    -1.588    student_top_inst/Core_cpu/u_core_top/u_fixed_execute/exec_q_reg[op_n_0_1][1]_repN_1_alias
    SLICE_X71Y145        CARRY4 (Prop_carry4_DI[1]_CO[3])
                                                      0.250    -1.338 r  student_top_inst/Core_cpu/u_core_top/u_fixed_execute/mem_addr_o[0]_INST_0/CO[3]
                         net (fo=1, routed)           0.000    -1.338    student_top_inst/Core_cpu/u_core_top/u_fixed_execute/mem_addr_o[0]_INST_0_n_0
    SLICE_X71Y146        CARRY4 (Prop_carry4_CI_CO[3])
                                                      0.053    -1.285 r  student_top_inst/Core_cpu/u_core_top/u_fixed_execute/mem_addr_o[4]_INST_0/CO[3]
                         net (fo=1, routed)           0.000    -1.285    student_top_inst/Core_cpu/u_core_top/u_fixed_execute/mem_addr_o[4]_INST_0_n_0
    SLICE_X71Y147        CARRY4 (Prop_carry4_CI_CO[3])
                                                      0.053    -1.232 r  student_top_inst/Core_cpu/u_core_top/u_fixed_execute/mem_addr_o[8]_INST_0/CO[3]
                         net (fo=1, routed)           0.000    -1.232    student_top_inst/Core_cpu/u_core_top/u_fixed_execute/mem_addr_o[8]_INST_0_n_0
    SLICE_X71Y148        CARRY4 (Prop_carry4_CI_CO[3])
                                                      0.053    -1.179 r  student_top_inst/Core_cpu/u_core_top/u_fixed_execute/mem_addr_o[12]_INST_0/CO[3]
                         net (fo=1, routed)           0.000    -1.179    student_top_inst/Core_cpu/u_core_top/u_fixed_execute/mem_addr_o[12]_INST_0_n_0
    SLICE_X71Y149        CARRY4 (Prop_carry4_CI_CO[3])
                                                      0.053    -1.126 r  student_top_inst/Core_cpu/u_core_top/u_fixed_execute/mem_addr_o[16]_INST_0/CO[3]
                         net (fo=1, routed)           0.001    -1.126    student_top_inst/Core_cpu/u_core_top/u_fixed_execute/mem_addr_o[16]_INST_0_n_0
    SLICE_X71Y150        CARRY4 (Prop_carry4_CI_CO[3])
                                                      0.053    -1.073 r  student_top_inst/Core_cpu/u_core_top/u_fixed_execute/mem_addr_o[20]_INST_0/CO[3]
                         net (fo=1, routed)           0.000    -1.073    student_top_inst/Core_cpu/u_core_top/u_fixed_execute/mem_addr_o[20]_INST_0_n_0
    SLICE_X71Y151        CARRY4 (Prop_carry4_CI_CO[3])
                                                      0.053    -1.020 r  student_top_inst/Core_cpu/u_core_top/u_fixed_execute/mem_addr_o[24]_INST_0/CO[3]
                         net (fo=1, routed)           0.000    -1.020    student_top_inst/Core_cpu/u_core_top/u_fixed_execute/mem_addr_o[24]_INST_0_n_0
    SLICE_X71Y152        CARRY4 (Prop_carry4_CI_O[3])
                                                      0.155    -0.865 f  student_top_inst/Core_cpu/u_core_top/u_fixed_execute/mem_addr_o[28]_INST_0/O[3]
                         net (fo=17, routed)          0.572    -0.292    student_top_inst/Core_cpu/u_core_top/exec_mem_addr[31]
    SLICE_X69Y149        LUT3 (Prop_lut3_I2_O)        0.120    -0.172 r  student_top_inst/Core_cpu/u_core_top/store_q[3][uncached]_i_2_comp/O
                         net (fo=1, routed)           0.485     0.313    student_top_inst/Core_cpu/u_core_top/store_q[3][uncached]_i_2_n_0_repN
    SLICE_X68Y142        LUT6 (Prop_lut6_I4_O)        0.043     0.356 r  student_top_inst/Core_cpu/u_core_top/u_dcache_i_180_comp/O
                         net (fo=1, routed)           0.107     0.462    student_top_inst/Core_cpu/u_core_top/u_dcache_i_180_n_0
    SLICE_X68Y142        LUT6 (Prop_lut6_I2_O)        0.043     0.505 f  student_top_inst/Core_cpu/u_core_top/u_dcache_i_73_comp_1/O
                         net (fo=38, routed)          0.528     1.033    student_top_inst/Core_cpu/u_core_top/u_dcache_i_73_n_0
    SLICE_X65Y142        LUT6 (Prop_lut6_I1_O)        0.043     1.076 f  student_top_inst/Core_cpu/u_core_top/u_dcache_i_12/O
                         net (fo=5, routed)           0.446     1.522    student_top_inst/Core_cpu/u_core_top/u_dcache/cpu_req_addr_i[22]
    SLICE_X64Y141        LUT4 (Prop_lut4_I3_O)        0.043     1.565 f  student_top_inst/Core_cpu/u_core_top/u_dcache/mem_req_valid_o_INST_0_i_5/O
                         net (fo=1, routed)           0.273     1.838    student_top_inst/Core_cpu/u_core_top/u_dcache/mem_req_valid_o_INST_0_i_5_n_0
    SLICE_X60Y141        LUT6 (Prop_lut6_I5_O)        0.043     1.881 f  student_top_inst/Core_cpu/u_core_top/u_dcache/mem_req_valid_o_INST_0_i_2/O
                         net (fo=3, routed)           0.197     2.078    student_top_inst/Core_cpu/u_core_top/u_dcache/mem_req_valid_o_INST_0_i_2_n_0
    SLICE_X60Y140        LUT4 (Prop_lut4_I2_O)        0.043     2.121 f  student_top_inst/Core_cpu/u_core_top/u_dcache/mem_req_valid_o_INST_0_i_1/O
                         net (fo=19, routed)          0.321     2.442    student_top_inst/Core_cpu/u_core_top/u_dcache/mem_req_valid_o_INST_0_i_1_n_0
    SLICE_X56Y141        LUT5 (Prop_lut5_I0_O)        0.043     2.485 f  student_top_inst/Core_cpu/u_core_top/u_dcache/mem_req_addr_o[31]_INST_0/O
                         net (fo=4, routed)           0.433     2.917    student_top_inst/mem_bridge/req_addr[31]
    SLICE_X54Y139        LUT6 (Prop_lut6_I5_O)        0.043     2.960 r  student_top_inst/mem_bridge/led_q[31]_i_6/O
                         net (fo=2, routed)           0.321     3.281    student_top_inst/mem_bridge/led_q[31]_i_6_n_0
    SLICE_X55Y139        LUT6 (Prop_lut6_I5_O)        0.043     3.324 r  student_top_inst/mem_bridge/dram_adapter_i_2/O
                         net (fo=3, routed)           0.297     3.621    student_top_inst/mem_bridge/dram_sel
    SLICE_X52Y139        LUT2 (Prop_lut2_I1_O)        0.043     3.664 r  student_top_inst/mem_bridge/dram_adapter_i_1/O
                         net (fo=27, routed)          0.470     4.134    student_top_inst/mem_bridge/dram_adapter/req_valid
    SLICE_X55Y133        LUT5 (Prop_lut5_I1_O)        0.043     4.177 r  student_top_inst/mem_bridge/dram_adapter/dram_i_4/O
                         net (fo=16, routed)          1.454     5.632    student_top_inst/mem_bridge/dram_adapter/dram/U0/inst_blk_mem_gen/gnbram.gnativebmg.native_blk_mem_gen/valid.cstr/ramloop[3].ram.r/prim_init.ram/wea[0]
    RAMB36_X2Y13         RAMB36E1                                     r  student_top_inst/mem_bridge/dram_adapter/dram/U0/inst_blk_mem_gen/gnbram.gnativebmg.native_blk_mem_gen/valid.cstr/ramloop[3].ram.r/prim_init.ram/DEVICE_7SERIES.NO_BMM_INFO.SP.SIMPLE_PRIM36.ram/WEA[0]
  -------------------------------------------------------------------    -------------------

                         (clock clk_out2_pll rise edge)
                                                      5.000     5.000 r  
    AD12                                              0.000     5.000 r  i_sys_clk_p (IN)
                         net (fo=0)                   0.000     5.000    pll_inst/inst/clk_in1_p
    AD12                 IBUFDS (Prop_ibufds_I_O)     0.803     5.803 r  pll_inst/inst/clkin1_ibufgds/O
                         net (fo=1, routed)           0.986     6.789    pll_inst/inst/clk_in1_pll
    MMCME2_ADV_X1Y1      MMCME2_ADV (Prop_mmcme2_adv_CLKIN1_CLKOUT1)
                                                     -6.759     0.030 r  pll_inst/inst/mmcm_adv_inst/CLKOUT1
                         net (fo=1, routed)           2.005     2.035    pll_inst/inst/clk_out2_pll
    BUFGCTRL_X0Y0        BUFG (Prop_bufg_I_O)         0.083     2.118 r  pll_inst/inst/clkout2_buf/O
                         net (fo=12327, routed)       1.452     3.570    student_top_inst/mem_bridge/dram_adapter/dram/U0/inst_blk_mem_gen/gnbram.gnativebmg.native_blk_mem_gen/valid.cstr/ramloop[3].ram.r/prim_init.ram/clka
    RAMB36_X2Y13         RAMB36E1                                     r  student_top_inst/mem_bridge/dram_adapter/dram/U0/inst_blk_mem_gen/gnbram.gnativebmg.native_blk_mem_gen/valid.cstr/ramloop[3].ram.r/prim_init.ram/DEVICE_7SERIES.NO_BMM_INFO.SP.SIMPLE_PRIM36.ram/CLKARDCLK
                         clock pessimism             -0.680     2.890    
                         clock uncertainty           -0.060     2.830    
    RAMB36_X2Y13         RAMB36E1 (Setup_ramb36e1_CLKARDCLK_WEA[0])
                                                     -0.404     2.426    student_top_inst/mem_bridge/dram_adapter/dram/U0/inst_blk_mem_gen/gnbram.gnativebmg.native_blk_mem_gen/valid.cstr/ramloop[3].ram.r/prim_init.ram/DEVICE_7SERIES.NO_BMM_INFO.SP.SIMPLE_PRIM36.ram
  -------------------------------------------------------------------
                         required time                          2.426    
                         arrival time                          -5.632    
  -------------------------------------------------------------------
                         slack                                 -3.206    

Slack (VIOLATED) :        -3.196ns  (required time - arrival time)
  Source:                 student_top_inst/Core_cpu/u_core_top/exec_q_reg[op1][1]_replica_1/C
                            (rising edge-triggered cell FDRE clocked by clk_out2_pll  {rise@0.000ns fall@2.500ns period=5.000ns})
  Destination:            student_top_inst/mem_bridge/dram_adapter/dram/U0/inst_blk_mem_gen/gnbram.gnativebmg.native_blk_mem_gen/valid.cstr/ramloop[21].ram.r/prim_init.ram/DEVICE_7SERIES.NO_BMM_INFO.SP.SIMPLE_PRIM36.ram/WEA[0]
                            (rising edge-triggered cell RAMB36E1 clocked by clk_out2_pll  {rise@0.000ns fall@2.500ns period=5.000ns})
  Path Group:             clk_out2_pll
  Path Type:              Setup (Max at Slow Process Corner)
  Requirement:            5.000ns  (clk_out2_pll rise@5.000ns - clk_out2_pll rise@0.000ns)
  Data Path Delay:        7.645ns  (logic 1.539ns (20.131%)  route 6.106ns (79.869%))
  Logic Levels:           20  (CARRY4=8 LUT2=1 LUT3=1 LUT4=2 LUT5=1 LUT6=7)
  Clock Path Skew:        -0.087ns (DCD - SCD + CPR)
    Destination Clock Delay (DCD):    -1.590ns = ( 3.410 - 5.000 ) 
    Source Clock Delay      (SCD):    -2.183ns
    Clock Pessimism Removal (CPR):    -0.680ns
  Clock Uncertainty:      0.060ns  ((TSJ^2 + DJ^2)^1/2) / 2 + PE
    Total System Jitter     (TSJ):    0.071ns
    Discrete Jitter          (DJ):    0.098ns
    Phase Error              (PE):    0.000ns

    Location             Delay type                Incr(ns)  Path(ns)    Netlist Resource(s)
  -------------------------------------------------------------------    -------------------
                         (clock clk_out2_pll rise edge)
                                                      0.000     0.000 r  
    AD12                                              0.000     0.000 r  i_sys_clk_p (IN)
                         net (fo=0)                   0.000     0.000    pll_inst/inst/clk_in1_p
    AD12                 IBUFDS (Prop_ibufds_I_O)     0.906     0.906 r  pll_inst/inst/clkin1_ibufgds/O
                         net (fo=1, routed)           1.081     1.987    pll_inst/inst/clk_in1_pll
    MMCME2_ADV_X1Y1      MMCME2_ADV (Prop_mmcme2_adv_CLKIN1_CLKOUT1)
                                                     -7.786    -5.799 r  pll_inst/inst/mmcm_adv_inst/CLKOUT1
                         net (fo=1, routed)           2.130    -3.669    pll_inst/inst/clk_out2_pll
    BUFGCTRL_X0Y0        BUFG (Prop_bufg_I_O)         0.093    -3.576 r  pll_inst/inst/clkout2_buf/O
                         net (fo=12327, routed)       1.393    -2.183    student_top_inst/Core_cpu/u_core_top/clk
    SLICE_X69Y145        FDRE                                         r  student_top_inst/Core_cpu/u_core_top/exec_q_reg[op1][1]_replica_1/C
  -------------------------------------------------------------------    -------------------
    SLICE_X69Y145        FDRE (Prop_fdre_C_Q)         0.223    -1.960 r  student_top_inst/Core_cpu/u_core_top/exec_q_reg[op1][1]_replica_1/Q
                         net (fo=2, routed)           0.372    -1.588    student_top_inst/Core_cpu/u_core_top/u_fixed_execute/exec_q_reg[op_n_0_1][1]_repN_1_alias
    SLICE_X71Y145        CARRY4 (Prop_carry4_DI[1]_CO[3])
                                                      0.250    -1.338 r  student_top_inst/Core_cpu/u_core_top/u_fixed_execute/mem_addr_o[0]_INST_0/CO[3]
                         net (fo=1, routed)           0.000    -1.338    student_top_inst/Core_cpu/u_core_top/u_fixed_execute/mem_addr_o[0]_INST_0_n_0
    SLICE_X71Y146        CARRY4 (Prop_carry4_CI_CO[3])
                                                      0.053    -1.285 r  student_top_inst/Core_cpu/u_core_top/u_fixed_execute/mem_addr_o[4]_INST_0/CO[3]
                         net (fo=1, routed)           0.000    -1.285    student_top_inst/Core_cpu/u_core_top/u_fixed_execute/mem_addr_o[4]_INST_0_n_0
    SLICE_X71Y147        CARRY4 (Prop_carry4_CI_CO[3])
                                                      0.053    -1.232 r  student_top_inst/Core_cpu/u_core_top/u_fixed_execute/mem_addr_o[8]_INST_0/CO[3]
                         net (fo=1, routed)           0.000    -1.232    student_top_inst/Core_cpu/u_core_top/u_fixed_execute/mem_addr_o[8]_INST_0_n_0
    SLICE_X71Y148        CARRY4 (Prop_carry4_CI_CO[3])
                                                      0.053    -1.179 r  student_top_inst/Core_cpu/u_core_top/u_fixed_execute/mem_addr_o[12]_INST_0/CO[3]
                         net (fo=1, routed)           0.000    -1.179    student_top_inst/Core_cpu/u_core_top/u_fixed_execute/mem_addr_o[12]_INST_0_n_0
    SLICE_X71Y149        CARRY4 (Prop_carry4_CI_CO[3])
                                                      0.053    -1.126 r  student_top_inst/Core_cpu/u_core_top/u_fixed_execute/mem_addr_o[16]_INST_0/CO[3]
                         net (fo=1, routed)           0.001    -1.126    student_top_inst/Core_cpu/u_core_top/u_fixed_execute/mem_addr_o[16]_INST_0_n_0
    SLICE_X71Y150        CARRY4 (Prop_carry4_CI_CO[3])
                                                      0.053    -1.073 r  student_top_inst/Core_cpu/u_core_top/u_fixed_execute/mem_addr_o[20]_INST_0/CO[3]
                         net (fo=1, routed)           0.000    -1.073    student_top_inst/Core_cpu/u_core_top/u_fixed_execute/mem_addr_o[20]_INST_0_n_0
    SLICE_X71Y151        CARRY4 (Prop_carry4_CI_CO[3])
                                                      0.053    -1.020 r  student_top_inst/Core_cpu/u_core_top/u_fixed_execute/mem_addr_o[24]_INST_0/CO[3]
                         net (fo=1, routed)           0.000    -1.020    student_top_inst/Core_cpu/u_core_top/u_fixed_execute/mem_addr_o[24]_INST_0_n_0
    SLICE_X71Y152        CARRY4 (Prop_carry4_CI_O[3])
                                                      0.155    -0.865 f  student_top_inst/Core_cpu/u_core_top/u_fixed_execute/mem_addr_o[28]_INST_0/O[3]
                         net (fo=17, routed)          0.572    -0.292    student_top_inst/Core_cpu/u_core_top/exec_mem_addr[31]
    SLICE_X69Y149        LUT3 (Prop_lut3_I2_O)        0.120    -0.172 r  student_top_inst/Core_cpu/u_core_top/store_q[3][uncached]_i_2_comp/O
                         net (fo=1, routed)           0.485     0.313    student_top_inst/Core_cpu/u_core_top/store_q[3][uncached]_i_2_n_0_repN
    SLICE_X68Y142        LUT6 (Prop_lut6_I4_O)        0.043     0.356 r  student_top_inst/Core_cpu/u_core_top/u_dcache_i_180_comp/O
                         net (fo=1, routed)           0.107     0.462    student_top_inst/Core_cpu/u_core_top/u_dcache_i_180_n_0
    SLICE_X68Y142        LUT6 (Prop_lut6_I2_O)        0.043     0.505 f  student_top_inst/Core_cpu/u_core_top/u_dcache_i_73_comp_1/O
                         net (fo=38, routed)          0.528     1.033    student_top_inst/Core_cpu/u_core_top/u_dcache_i_73_n_0
    SLICE_X65Y142        LUT6 (Prop_lut6_I1_O)        0.043     1.076 f  student_top_inst/Core_cpu/u_core_top/u_dcache_i_12/O
                         net (fo=5, routed)           0.446     1.522    student_top_inst/Core_cpu/u_core_top/u_dcache/cpu_req_addr_i[22]
    SLICE_X64Y141        LUT4 (Prop_lut4_I3_O)        0.043     1.565 f  student_top_inst/Core_cpu/u_core_top/u_dcache/mem_req_valid_o_INST_0_i_5/O
                         net (fo=1, routed)           0.273     1.838    student_top_inst/Core_cpu/u_core_top/u_dcache/mem_req_valid_o_INST_0_i_5_n_0
    SLICE_X60Y141        LUT6 (Prop_lut6_I5_O)        0.043     1.881 f  student_top_inst/Core_cpu/u_core_top/u_dcache/mem_req_valid_o_INST_0_i_2/O
                         net (fo=3, routed)           0.197     2.078    student_top_inst/Core_cpu/u_core_top/u_dcache/mem_req_valid_o_INST_0_i_2_n_0
    SLICE_X60Y140        LUT4 (Prop_lut4_I2_O)        0.043     2.121 f  student_top_inst/Core_cpu/u_core_top/u_dcache/mem_req_valid_o_INST_0_i_1/O
                         net (fo=19, routed)          0.321     2.442    student_top_inst/Core_cpu/u_core_top/u_dcache/mem_req_valid_o_INST_0_i_1_n_0
    SLICE_X56Y141        LUT5 (Prop_lut5_I0_O)        0.043     2.485 f  student_top_inst/Core_cpu/u_core_top/u_dcache/mem_req_addr_o[31]_INST_0/O
                         net (fo=4, routed)           0.433     2.917    student_top_inst/mem_bridge/req_addr[31]
    SLICE_X54Y139        LUT6 (Prop_lut6_I5_O)        0.043     2.960 r  student_top_inst/mem_bridge/led_q[31]_i_6/O
                         net (fo=2, routed)           0.321     3.281    student_top_inst/mem_bridge/led_q[31]_i_6_n_0
    SLICE_X55Y139        LUT6 (Prop_lut6_I5_O)        0.043     3.324 r  student_top_inst/mem_bridge/dram_adapter_i_2/O
                         net (fo=3, routed)           0.297     3.621    student_top_inst/mem_bridge/dram_sel
    SLICE_X52Y139        LUT2 (Prop_lut2_I1_O)        0.043     3.664 r  student_top_inst/mem_bridge/dram_adapter_i_1/O
                         net (fo=27, routed)          0.410     4.075    student_top_inst/mem_bridge/dram_adapter/req_valid
    SLICE_X55Y137        LUT6 (Prop_lut6_I1_O)        0.043     4.118 r  student_top_inst/mem_bridge/dram_adapter/dram_i_3/O
                         net (fo=16, routed)          1.344     5.461    student_top_inst/mem_bridge/dram_adapter/dram/U0/inst_blk_mem_gen/gnbram.gnativebmg.native_blk_mem_gen/valid.cstr/ramloop[21].ram.r/prim_init.ram/wea[0]
    RAMB36_X3Y24         RAMB36E1                                     r  student_top_inst/mem_bridge/dram_adapter/dram/U0/inst_blk_mem_gen/gnbram.gnativebmg.native_blk_mem_gen/valid.cstr/ramloop[21].ram.r/prim_init.ram/DEVICE_7SERIES.NO_BMM_INFO.SP.SIMPLE_PRIM36.ram/WEA[0]
  -------------------------------------------------------------------    -------------------

                         (clock clk_out2_pll rise edge)
                                                      5.000     5.000 r  
    AD12                                              0.000     5.000 r  i_sys_clk_p (IN)
                         net (fo=0)                   0.000     5.000    pll_inst/inst/clk_in1_p
    AD12                 IBUFDS (Prop_ibufds_I_O)     0.803     5.803 r  pll_inst/inst/clkin1_ibufgds/O
                         net (fo=1, routed)           0.986     6.789    pll_inst/inst/clk_in1_pll
    MMCME2_ADV_X1Y1      MMCME2_ADV (Prop_mmcme2_adv_CLKIN1_CLKOUT1)
                                                     -6.759     0.030 r  pll_inst/inst/mmcm_adv_inst/CLKOUT1
                         net (fo=1, routed)           2.005     2.035    pll_inst/inst/clk_out2_pll
    BUFGCTRL_X0Y0        BUFG (Prop_bufg_I_O)         0.083     2.118 r  pll_inst/inst/clkout2_buf/O
                         net (fo=12327, routed)       1.291     3.410    student_top_inst/mem_bridge/dram_adapter/dram/U0/inst_blk_mem_gen/gnbram.gnativebmg.native_blk_mem_gen/valid.cstr/ramloop[21].ram.r/prim_init.ram/clka
    RAMB36_X3Y24         RAMB36E1                                     r  student_top_inst/mem_bridge/dram_adapter/dram/U0/inst_blk_mem_gen/gnbram.gnativebmg.native_blk_mem_gen/valid.cstr/ramloop[21].ram.r/prim_init.ram/DEVICE_7SERIES.NO_BMM_INFO.SP.SIMPLE_PRIM36.ram/CLKARDCLK
                         clock pessimism             -0.680     2.730    
                         clock uncertainty           -0.060     2.669    
    RAMB36_X3Y24         RAMB36E1 (Setup_ramb36e1_CLKARDCLK_WEA[0])
                                                     -0.404     2.265    student_top_inst/mem_bridge/dram_adapter/dram/U0/inst_blk_mem_gen/gnbram.gnativebmg.native_blk_mem_gen/valid.cstr/ramloop[21].ram.r/prim_init.ram/DEVICE_7SERIES.NO_BMM_INFO.SP.SIMPLE_PRIM36.ram
  -------------------------------------------------------------------
                         required time                          2.265    
                         arrival time                          -5.461    
  -------------------------------------------------------------------
                         slack                                 -3.196    

Slack (VIOLATED) :        -3.190ns  (required time - arrival time)
  Source:                 student_top_inst/Core_cpu/u_core_top/exec_q_reg[op1][1]_replica_1/C
                            (rising edge-triggered cell FDRE clocked by clk_out2_pll  {rise@0.000ns fall@2.500ns period=5.000ns})
  Destination:            student_top_inst/mem_bridge/dram_adapter/dram/U0/inst_blk_mem_gen/gnbram.gnativebmg.native_blk_mem_gen/valid.cstr/ramloop[30].ram.r/prim_init.ram/DEVICE_7SERIES.NO_BMM_INFO.SP.SIMPLE_PRIM36.ram/WEA[0]
                            (rising edge-triggered cell RAMB36E1 clocked by clk_out2_pll  {rise@0.000ns fall@2.500ns period=5.000ns})
  Path Group:             clk_out2_pll
  Path Type:              Setup (Max at Slow Process Corner)
  Requirement:            5.000ns  (clk_out2_pll rise@5.000ns - clk_out2_pll rise@0.000ns)
  Data Path Delay:        7.520ns  (logic 1.539ns (20.465%)  route 5.981ns (79.535%))
  Logic Levels:           20  (CARRY4=8 LUT2=1 LUT3=1 LUT4=2 LUT5=1 LUT6=7)
  Clock Path Skew:        -0.206ns (DCD - SCD + CPR)
    Destination Clock Delay (DCD):    -1.707ns = ( 3.293 - 5.000 ) 
    Source Clock Delay      (SCD):    -2.183ns
    Clock Pessimism Removal (CPR):    -0.682ns
  Clock Uncertainty:      0.060ns  ((TSJ^2 + DJ^2)^1/2) / 2 + PE
    Total System Jitter     (TSJ):    0.071ns
    Discrete Jitter          (DJ):    0.098ns
    Phase Error              (PE):    0.000ns

    Location             Delay type                Incr(ns)  Path(ns)    Netlist Resource(s)
  -------------------------------------------------------------------    -------------------
                         (clock clk_out2_pll rise edge)
                                                      0.000     0.000 r  
    AD12                                              0.000     0.000 r  i_sys_clk_p (IN)
                         net (fo=0)                   0.000     0.000    pll_inst/inst/clk_in1_p
    AD12                 IBUFDS (Prop_ibufds_I_O)     0.906     0.906 r  pll_inst/inst/clkin1_ibufgds/O
                         net (fo=1, routed)           1.081     1.987    pll_inst/inst/clk_in1_pll
    MMCME2_ADV_X1Y1      MMCME2_ADV (Prop_mmcme2_adv_CLKIN1_CLKOUT1)
                                                     -7.786    -5.799 r  pll_inst/inst/mmcm_adv_inst/CLKOUT1
                         net (fo=1, routed)           2.130    -3.669    pll_inst/inst/clk_out2_pll
    BUFGCTRL_X0Y0        BUFG (Prop_bufg_I_O)         0.093    -3.576 r  pll_inst/inst/clkout2_buf/O
                         net (fo=12327, routed)       1.393    -2.183    student_top_inst/Core_cpu/u_core_top/clk
    SLICE_X69Y145        FDRE                                         r  student_top_inst/Core_cpu/u_core_top/exec_q_reg[op1][1]_replica_1/C
  -------------------------------------------------------------------    -------------------
    SLICE_X69Y145        FDRE (Prop_fdre_C_Q)         0.223    -1.960 r  student_top_inst/Core_cpu/u_core_top/exec_q_reg[op1][1]_replica_1/Q
                         net (fo=2, routed)           0.372    -1.588    student_top_inst/Core_cpu/u_core_top/u_fixed_execute/exec_q_reg[op_n_0_1][1]_repN_1_alias
    SLICE_X71Y145        CARRY4 (Prop_carry4_DI[1]_CO[3])
                                                      0.250    -1.338 r  student_top_inst/Core_cpu/u_core_top/u_fixed_execute/mem_addr_o[0]_INST_0/CO[3]
                         net (fo=1, routed)           0.000    -1.338    student_top_inst/Core_cpu/u_core_top/u_fixed_execute/mem_addr_o[0]_INST_0_n_0
    SLICE_X71Y146        CARRY4 (Prop_carry4_CI_CO[3])
                                                      0.053    -1.285 r  student_top_inst/Core_cpu/u_core_top/u_fixed_execute/mem_addr_o[4]_INST_0/CO[3]
                         net (fo=1, routed)           0.000    -1.285    student_top_inst/Core_cpu/u_core_top/u_fixed_execute/mem_addr_o[4]_INST_0_n_0
    SLICE_X71Y147        CARRY4 (Prop_carry4_CI_CO[3])
                                                      0.053    -1.232 r  student_top_inst/Core_cpu/u_core_top/u_fixed_execute/mem_addr_o[8]_INST_0/CO[3]
                         net (fo=1, routed)           0.000    -1.232    student_top_inst/Core_cpu/u_core_top/u_fixed_execute/mem_addr_o[8]_INST_0_n_0
    SLICE_X71Y148        CARRY4 (Prop_carry4_CI_CO[3])
                                                      0.053    -1.179 r  student_top_inst/Core_cpu/u_core_top/u_fixed_execute/mem_addr_o[12]_INST_0/CO[3]
                         net (fo=1, routed)           0.000    -1.179    student_top_inst/Core_cpu/u_core_top/u_fixed_execute/mem_addr_o[12]_INST_0_n_0
    SLICE_X71Y149        CARRY4 (Prop_carry4_CI_CO[3])
                                                      0.053    -1.126 r  student_top_inst/Core_cpu/u_core_top/u_fixed_execute/mem_addr_o[16]_INST_0/CO[3]
                         net (fo=1, routed)           0.001    -1.126    student_top_inst/Core_cpu/u_core_top/u_fixed_execute/mem_addr_o[16]_INST_0_n_0
    SLICE_X71Y150        CARRY4 (Prop_carry4_CI_CO[3])
                                                      0.053    -1.073 r  student_top_inst/Core_cpu/u_core_top/u_fixed_execute/mem_addr_o[20]_INST_0/CO[3]
                         net (fo=1, routed)           0.000    -1.073    student_top_inst/Core_cpu/u_core_top/u_fixed_execute/mem_addr_o[20]_INST_0_n_0
    SLICE_X71Y151        CARRY4 (Prop_carry4_CI_CO[3])
                                                      0.053    -1.020 r  student_top_inst/Core_cpu/u_core_top/u_fixed_execute/mem_addr_o[24]_INST_0/CO[3]
                         net (fo=1, routed)           0.000    -1.020    student_top_inst/Core_cpu/u_core_top/u_fixed_execute/mem_addr_o[24]_INST_0_n_0
    SLICE_X71Y152        CARRY4 (Prop_carry4_CI_O[3])
                                                      0.155    -0.865 f  student_top_inst/Core_cpu/u_core_top/u_fixed_execute/mem_addr_o[28]_INST_0/O[3]
                         net (fo=17, routed)          0.572    -0.292    student_top_inst/Core_cpu/u_core_top/exec_mem_addr[31]
    SLICE_X69Y149        LUT3 (Prop_lut3_I2_O)        0.120    -0.172 r  student_top_inst/Core_cpu/u_core_top/store_q[3][uncached]_i_2_comp/O
                         net (fo=1, routed)           0.485     0.313    student_top_inst/Core_cpu/u_core_top/store_q[3][uncached]_i_2_n_0_repN
    SLICE_X68Y142        LUT6 (Prop_lut6_I4_O)        0.043     0.356 r  student_top_inst/Core_cpu/u_core_top/u_dcache_i_180_comp/O
                         net (fo=1, routed)           0.107     0.462    student_top_inst/Core_cpu/u_core_top/u_dcache_i_180_n_0
    SLICE_X68Y142        LUT6 (Prop_lut6_I2_O)        0.043     0.505 f  student_top_inst/Core_cpu/u_core_top/u_dcache_i_73_comp_1/O
                         net (fo=38, routed)          0.528     1.033    student_top_inst/Core_cpu/u_core_top/u_dcache_i_73_n_0
    SLICE_X65Y142        LUT6 (Prop_lut6_I1_O)        0.043     1.076 f  student_top_inst/Core_cpu/u_core_top/u_dcache_i_12/O
                         net (fo=5, routed)           0.446     1.522    student_top_inst/Core_cpu/u_core_top/u_dcache/cpu_req_addr_i[22]
    SLICE_X64Y141        LUT4 (Prop_lut4_I3_O)        0.043     1.565 f  student_top_inst/Core_cpu/u_core_top/u_dcache/mem_req_valid_o_INST_0_i_5/O
                         net (fo=1, routed)           0.273     1.838    student_top_inst/Core_cpu/u_core_top/u_dcache/mem_req_valid_o_INST_0_i_5_n_0
    SLICE_X60Y141        LUT6 (Prop_lut6_I5_O)        0.043     1.881 f  student_top_inst/Core_cpu/u_core_top/u_dcache/mem_req_valid_o_INST_0_i_2/O
                         net (fo=3, routed)           0.197     2.078    student_top_inst/Core_cpu/u_core_top/u_dcache/mem_req_valid_o_INST_0_i_2_n_0
    SLICE_X60Y140        LUT4 (Prop_lut4_I2_O)        0.043     2.121 f  student_top_inst/Core_cpu/u_core_top/u_dcache/mem_req_valid_o_INST_0_i_1/O
                         net (fo=19, routed)          0.321     2.442    student_top_inst/Core_cpu/u_core_top/u_dcache/mem_req_valid_o_INST_0_i_1_n_0
    SLICE_X56Y141        LUT5 (Prop_lut5_I0_O)        0.043     2.485 f  student_top_inst/Core_cpu/u_core_top/u_dcache/mem_req_addr_o[31]_INST_0/O
                         net (fo=4, routed)           0.433     2.917    student_top_inst/mem_bridge/req_addr[31]
    SLICE_X54Y139        LUT6 (Prop_lut6_I5_O)        0.043     2.960 r  student_top_inst/mem_bridge/led_q[31]_i_6/O
                         net (fo=2, routed)           0.321     3.281    student_top_inst/mem_bridge/led_q[31]_i_6_n_0
    SLICE_X55Y139        LUT6 (Prop_lut6_I5_O)        0.043     3.324 r  student_top_inst/mem_bridge/dram_adapter_i_2/O
                         net (fo=3, routed)           0.297     3.621    student_top_inst/mem_bridge/dram_sel
    SLICE_X52Y139        LUT2 (Prop_lut2_I1_O)        0.043     3.664 r  student_top_inst/mem_bridge/dram_adapter_i_1/O
                         net (fo=27, routed)          0.410     4.075    student_top_inst/mem_bridge/dram_adapter/req_valid
    SLICE_X55Y137        LUT6 (Prop_lut6_I1_O)        0.043     4.118 r  student_top_inst/mem_bridge/dram_adapter/dram_i_3/O
                         net (fo=16, routed)          1.219     5.337    student_top_inst/mem_bridge/dram_adapter/dram/U0/inst_blk_mem_gen/gnbram.gnativebmg.native_blk_mem_gen/valid.cstr/ramloop[30].ram.r/prim_init.ram/wea[0]
    RAMB36_X1Y34         RAMB36E1                                     r  student_top_inst/mem_bridge/dram_adapter/dram/U0/inst_blk_mem_gen/gnbram.gnativebmg.native_blk_mem_gen/valid.cstr/ramloop[30].ram.r/prim_init.ram/DEVICE_7SERIES.NO_BMM_INFO.SP.SIMPLE_PRIM36.ram/WEA[0]
  -------------------------------------------------------------------    -------------------

                         (clock clk_out2_pll rise edge)
                                                      5.000     5.000 r  
    AD12                                              0.000     5.000 r  i_sys_clk_p (IN)
                         net (fo=0)                   0.000     5.000    pll_inst/inst/clk_in1_p
    AD12                 IBUFDS (Prop_ibufds_I_O)     0.803     5.803 r  pll_inst/inst/clkin1_ibufgds/O
                         net (fo=1, routed)           0.986     6.789    pll_inst/inst/clk_in1_pll
    MMCME2_ADV_X1Y1      MMCME2_ADV (Prop_mmcme2_adv_CLKIN1_CLKOUT1)
                                                     -6.759     0.030 r  pll_inst/inst/mmcm_adv_inst/CLKOUT1
                         net (fo=1, routed)           2.005     2.035    pll_inst/inst/clk_out2_pll
    BUFGCTRL_X0Y0        BUFG (Prop_bufg_I_O)         0.083     2.118 r  pll_inst/inst/clkout2_buf/O
                         net (fo=12327, routed)       1.174     3.293    student_top_inst/mem_bridge/dram_adapter/dram/U0/inst_blk_mem_gen/gnbram.gnativebmg.native_blk_mem_gen/valid.cstr/ramloop[30].ram.r/prim_init.ram/clka
    RAMB36_X1Y34         RAMB36E1                                     r  student_top_inst/mem_bridge/dram_adapter/dram/U0/inst_blk_mem_gen/gnbram.gnativebmg.native_blk_mem_gen/valid.cstr/ramloop[30].ram.r/prim_init.ram/DEVICE_7SERIES.NO_BMM_INFO.SP.SIMPLE_PRIM36.ram/CLKARDCLK
                         clock pessimism             -0.682     2.611    
                         clock uncertainty           -0.060     2.550    
    RAMB36_X1Y34         RAMB36E1 (Setup_ramb36e1_CLKARDCLK_WEA[0])
                                                     -0.404     2.146    student_top_inst/mem_bridge/dram_adapter/dram/U0/inst_blk_mem_gen/gnbram.gnativebmg.native_blk_mem_gen/valid.cstr/ramloop[30].ram.r/prim_init.ram/DEVICE_7SERIES.NO_BMM_INFO.SP.SIMPLE_PRIM36.ram
  -------------------------------------------------------------------
                         required time                          2.146    
                         arrival time                          -5.337    
  -------------------------------------------------------------------
                         slack                                 -3.190    

Slack (VIOLATED) :        -3.188ns  (required time - arrival time)
  Source:                 student_top_inst/Core_cpu/u_core_top/exec_q_reg[op1][1]_replica_1/C
                            (rising edge-triggered cell FDRE clocked by clk_out2_pll  {rise@0.000ns fall@2.500ns period=5.000ns})
  Destination:            student_top_inst/Core_cpu/u_core_top/u_dcache/store_update_data_q_reg[11]/CE
                            (rising edge-triggered cell FDRE clocked by clk_out2_pll  {rise@0.000ns fall@2.500ns period=5.000ns})
  Path Group:             clk_out2_pll
  Path Type:              Setup (Max at Slow Process Corner)
  Requirement:            5.000ns  (clk_out2_pll rise@5.000ns - clk_out2_pll rise@0.000ns)
  Data Path Delay:        7.814ns  (logic 2.036ns (26.054%)  route 5.778ns (73.946%))
  Logic Levels:           22  (CARRY4=10 LUT3=1 LUT5=1 LUT6=7 MUXF7=1 MUXF8=1 RAMD64E=1)
  Clock Path Skew:        -0.112ns (DCD - SCD + CPR)
    Destination Clock Delay (DCD):    -1.616ns = ( 3.384 - 5.000 ) 
    Source Clock Delay      (SCD):    -2.183ns
    Clock Pessimism Removal (CPR):    -0.680ns
  Clock Uncertainty:      0.060ns  ((TSJ^2 + DJ^2)^1/2) / 2 + PE
    Total System Jitter     (TSJ):    0.071ns
    Discrete Jitter          (DJ):    0.098ns
    Phase Error              (PE):    0.000ns

    Location             Delay type                Incr(ns)  Path(ns)    Netlist Resource(s)
  -------------------------------------------------------------------    -------------------
                         (clock clk_out2_pll rise edge)
                                                      0.000     0.000 r  
    AD12                                              0.000     0.000 r  i_sys_clk_p (IN)
                         net (fo=0)                   0.000     0.000    pll_inst/inst/clk_in1_p
    AD12                 IBUFDS (Prop_ibufds_I_O)     0.906     0.906 r  pll_inst/inst/clkin1_ibufgds/O
                         net (fo=1, routed)           1.081     1.987    pll_inst/inst/clk_in1_pll
    MMCME2_ADV_X1Y1      MMCME2_ADV (Prop_mmcme2_adv_CLKIN1_CLKOUT1)
                                                     -7.786    -5.799 r  pll_inst/inst/mmcm_adv_inst/CLKOUT1
                         net (fo=1, routed)           2.130    -3.669    pll_inst/inst/clk_out2_pll
    BUFGCTRL_X0Y0        BUFG (Prop_bufg_I_O)         0.093    -3.576 r  pll_inst/inst/clkout2_buf/O
                         net (fo=12327, routed)       1.393    -2.183    student_top_inst/Core_cpu/u_core_top/clk
    SLICE_X69Y145        FDRE                                         r  student_top_inst/Core_cpu/u_core_top/exec_q_reg[op1][1]_replica_1/C
  -------------------------------------------------------------------    -------------------
    SLICE_X69Y145        FDRE (Prop_fdre_C_Q)         0.223    -1.960 r  student_top_inst/Core_cpu/u_core_top/exec_q_reg[op1][1]_replica_1/Q
                         net (fo=2, routed)           0.372    -1.588    student_top_inst/Core_cpu/u_core_top/u_fixed_execute/exec_q_reg[op_n_0_1][1]_repN_1_alias
    SLICE_X71Y145        CARRY4 (Prop_carry4_DI[1]_CO[3])
                                                      0.250    -1.338 r  student_top_inst/Core_cpu/u_core_top/u_fixed_execute/mem_addr_o[0]_INST_0/CO[3]
                         net (fo=1, routed)           0.000    -1.338    student_top_inst/Core_cpu/u_core_top/u_fixed_execute/mem_addr_o[0]_INST_0_n_0
    SLICE_X71Y146        CARRY4 (Prop_carry4_CI_CO[3])
                                                      0.053    -1.285 r  student_top_inst/Core_cpu/u_core_top/u_fixed_execute/mem_addr_o[4]_INST_0/CO[3]
                         net (fo=1, routed)           0.000    -1.285    student_top_inst/Core_cpu/u_core_top/u_fixed_execute/mem_addr_o[4]_INST_0_n_0
    SLICE_X71Y147        CARRY4 (Prop_carry4_CI_CO[3])
                                                      0.053    -1.232 r  student_top_inst/Core_cpu/u_core_top/u_fixed_execute/mem_addr_o[8]_INST_0/CO[3]
                         net (fo=1, routed)           0.000    -1.232    student_top_inst/Core_cpu/u_core_top/u_fixed_execute/mem_addr_o[8]_INST_0_n_0
    SLICE_X71Y148        CARRY4 (Prop_carry4_CI_CO[3])
                                                      0.053    -1.179 r  student_top_inst/Core_cpu/u_core_top/u_fixed_execute/mem_addr_o[12]_INST_0/CO[3]
                         net (fo=1, routed)           0.000    -1.179    student_top_inst/Core_cpu/u_core_top/u_fixed_execute/mem_addr_o[12]_INST_0_n_0
    SLICE_X71Y149        CARRY4 (Prop_carry4_CI_CO[3])
                                                      0.053    -1.126 r  student_top_inst/Core_cpu/u_core_top/u_fixed_execute/mem_addr_o[16]_INST_0/CO[3]
                         net (fo=1, routed)           0.001    -1.126    student_top_inst/Core_cpu/u_core_top/u_fixed_execute/mem_addr_o[16]_INST_0_n_0
    SLICE_X71Y150        CARRY4 (Prop_carry4_CI_CO[3])
                                                      0.053    -1.073 r  student_top_inst/Core_cpu/u_core_top/u_fixed_execute/mem_addr_o[20]_INST_0/CO[3]
                         net (fo=1, routed)           0.000    -1.073    student_top_inst/Core_cpu/u_core_top/u_fixed_execute/mem_addr_o[20]_INST_0_n_0
    SLICE_X71Y151        CARRY4 (Prop_carry4_CI_CO[3])
                                                      0.053    -1.020 r  student_top_inst/Core_cpu/u_core_top/u_fixed_execute/mem_addr_o[24]_INST_0/CO[3]
                         net (fo=1, routed)           0.000    -1.020    student_top_inst/Core_cpu/u_core_top/u_fixed_execute/mem_addr_o[24]_INST_0_n_0
    SLICE_X71Y152        CARRY4 (Prop_carry4_CI_O[3])
                                                      0.155    -0.865 r  student_top_inst/Core_cpu/u_core_top/u_fixed_execute/mem_addr_o[28]_INST_0/O[3]
                         net (fo=17, routed)          0.572    -0.292    student_top_inst/Core_cpu/u_core_top/exec_mem_addr[31]
    SLICE_X69Y149        LUT3 (Prop_lut3_I2_O)        0.120    -0.172 f  student_top_inst/Core_cpu/u_core_top/store_q[3][uncached]_i_2_comp/O
                         net (fo=1, routed)           0.485     0.313    student_top_inst/Core_cpu/u_core_top/store_q[3][uncached]_i_2_n_0_repN
    SLICE_X68Y142        LUT6 (Prop_lut6_I4_O)        0.043     0.356 f  student_top_inst/Core_cpu/u_core_top/u_dcache_i_180_comp/O
                         net (fo=1, routed)           0.107     0.462    student_top_inst/Core_cpu/u_core_top/u_dcache_i_180_n_0
    SLICE_X68Y142        LUT6 (Prop_lut6_I2_O)        0.043     0.505 r  student_top_inst/Core_cpu/u_core_top/u_dcache_i_73_comp_1/O
                         net (fo=38, routed)          0.572     1.077    student_top_inst/Core_cpu/u_core_top/u_dcache_i_73_n_0
    SLICE_X68Y129        LUT6 (Prop_lut6_I1_O)        0.043     1.120 r  student_top_inst/Core_cpu/u_core_top/u_dcache_i_29/O
                         net (fo=1101, routed)        1.035     2.156    student_top_inst/Core_cpu/u_core_top/u_dcache/tag_q_reg_896_959_9_11/ADDRC1
    SLICE_X56Y123        RAMD64E (Prop_ramd64e_RADR1_O)
                                                      0.043     2.199 r  student_top_inst/Core_cpu/u_core_top/u_dcache/tag_q_reg_896_959_9_11/RAMC/O
                         net (fo=1, routed)           0.592     2.791    student_top_inst/Core_cpu/u_core_top/u_dcache/tag_q_reg_896_959_9_11_n_2
    SLICE_X63Y115        LUT6 (Prop_lut6_I1_O)        0.043     2.834 r  student_top_inst/Core_cpu/u_core_top/u_dcache/g_data_bank[0].u_data_bank_i_1230/O
                         net (fo=1, routed)           0.000     2.834    student_top_inst/Core_cpu/u_core_top/u_dcache/g_data_bank[0].u_data_bank_i_1230_n_0
    SLICE_X63Y115        MUXF7 (Prop_muxf7_I1_O)      0.108     2.942 r  student_top_inst/Core_cpu/u_core_top/u_dcache/g_data_bank[0].u_data_bank_i_1150/O
                         net (fo=1, routed)           0.000     2.942    student_top_inst/Core_cpu/u_core_top/u_dcache/g_data_bank[0].u_data_bank_i_1150_n_0
    SLICE_X63Y115        MUXF8 (Prop_muxf8_I1_O)      0.043     2.985 r  student_top_inst/Core_cpu/u_core_top/u_dcache/g_data_bank[0].u_data_bank_i_554/O
                         net (fo=1, routed)           0.598     3.583    student_top_inst/Core_cpu/u_core_top/u_dcache/g_data_bank[0].u_data_bank_i_554_n_0
    SLICE_X69Y130        LUT6 (Prop_lut6_I1_O)        0.126     3.709 f  student_top_inst/Core_cpu/u_core_top/u_dcache/g_data_bank[0].u_data_bank_i_260/O
                         net (fo=1, routed)           0.281     3.989    student_top_inst/Core_cpu/u_core_top/u_dcache/g_data_bank[0].u_data_bank_i_260_n_0
    SLICE_X75Y130        LUT6 (Prop_lut6_I5_O)        0.043     4.032 r  student_top_inst/Core_cpu/u_core_top/u_dcache/g_data_bank[0].u_data_bank_i_118/O
                         net (fo=1, routed)           0.000     4.032    student_top_inst/Core_cpu/u_core_top/u_dcache/g_data_bank[0].u_data_bank_i_118_n_0
    SLICE_X75Y130        CARRY4 (Prop_carry4_S[3]_CO[3])
                                                      0.193     4.225 r  student_top_inst/Core_cpu/u_core_top/u_dcache/g_data_bank[0].u_data_bank_i_82/CO[3]
                         net (fo=1, routed)           0.000     4.225    student_top_inst/Core_cpu/u_core_top/u_dcache/g_data_bank[0].u_data_bank_i_82_n_0
    SLICE_X75Y131        CARRY4 (Prop_carry4_CI_CO[1])
                                                      0.077     4.302 r  student_top_inst/Core_cpu/u_core_top/u_dcache/g_data_bank[0].u_data_bank_i_63/CO[1]
                         net (fo=10, routed)          0.208     4.510    student_top_inst/Core_cpu/u_core_top/u_dcache/hit_c0
    SLICE_X76Y131        LUT6 (Prop_lut6_I0_O)        0.122     4.632 f  student_top_inst/Core_cpu/u_core_top/u_dcache/g_data_bank[0].u_data_bank_i_52/O
                         net (fo=6, routed)           0.357     4.989    student_top_inst/Core_cpu/u_core_top/u_dcache/g_data_bank[0].u_data_bank_i_52_n_0
    SLICE_X79Y131        LUT5 (Prop_lut5_I4_O)        0.043     5.032 r  student_top_inst/Core_cpu/u_core_top/u_dcache/store_update_valid_q_i_1/O
                         net (fo=50, routed)          0.599     5.631    student_top_inst/Core_cpu/u_core_top/u_dcache/store_update_valid_q
    SLICE_X91Y134        FDRE                                         r  student_top_inst/Core_cpu/u_core_top/u_dcache/store_update_data_q_reg[11]/CE
  -------------------------------------------------------------------    -------------------

                         (clock clk_out2_pll rise edge)
                                                      5.000     5.000 r  
    AD12                                              0.000     5.000 r  i_sys_clk_p (IN)
                         net (fo=0)                   0.000     5.000    pll_inst/inst/clk_in1_p
    AD12                 IBUFDS (Prop_ibufds_I_O)     0.803     5.803 r  pll_inst/inst/clkin1_ibufgds/O
                         net (fo=1, routed)           0.986     6.789    pll_inst/inst/clk_in1_pll
    MMCME2_ADV_X1Y1      MMCME2_ADV (Prop_mmcme2_adv_CLKIN1_CLKOUT1)
                                                     -6.759     0.030 r  pll_inst/inst/mmcm_adv_inst/CLKOUT1
                         net (fo=1, routed)           2.005     2.035    pll_inst/inst/clk_out2_pll
    BUFGCTRL_X0Y0        BUFG (Prop_bufg_I_O)         0.083     2.118 r  pll_inst/inst/clkout2_buf/O
                         net (fo=12327, routed)       1.266     3.384    student_top_inst/Core_cpu/u_core_top/u_dcache/clk
    SLICE_X91Y134        FDRE                                         r  student_top_inst/Core_cpu/u_core_top/u_dcache/store_update_data_q_reg[11]/C
                         clock pessimism             -0.680     2.705    
                         clock uncertainty           -0.060     2.644    
    SLICE_X91Y134        FDRE (Setup_fdre_C_CE)      -0.201     2.443    student_top_inst/Core_cpu/u_core_top/u_dcache/store_update_data_q_reg[11]
  -------------------------------------------------------------------
                         required time                          2.443    
                         arrival time                          -5.631    
  -------------------------------------------------------------------
                         slack                                 -3.188    

Slack (VIOLATED) :        -3.188ns  (required time - arrival time)
  Source:                 student_top_inst/Core_cpu/u_core_top/exec_q_reg[op1][1]_replica_1/C
                            (rising edge-triggered cell FDRE clocked by clk_out2_pll  {rise@0.000ns fall@2.500ns period=5.000ns})
  Destination:            student_top_inst/Core_cpu/u_core_top/u_dcache/store_update_data_q_reg[17]/CE
                            (rising edge-triggered cell FDRE clocked by clk_out2_pll  {rise@0.000ns fall@2.500ns period=5.000ns})
  Path Group:             clk_out2_pll
  Path Type:              Setup (Max at Slow Process Corner)
  Requirement:            5.000ns  (clk_out2_pll rise@5.000ns - clk_out2_pll rise@0.000ns)
  Data Path Delay:        7.814ns  (logic 2.036ns (26.054%)  route 5.778ns (73.946%))
  Logic Levels:           22  (CARRY4=10 LUT3=1 LUT5=1 LUT6=7 MUXF7=1 MUXF8=1 RAMD64E=1)
  Clock Path Skew:        -0.112ns (DCD - SCD + CPR)
    Destination Clock Delay (DCD):    -1.616ns = ( 3.384 - 5.000 ) 
    Source Clock Delay      (SCD):    -2.183ns
    Clock Pessimism Removal (CPR):    -0.680ns
  Clock Uncertainty:      0.060ns  ((TSJ^2 + DJ^2)^1/2) / 2 + PE
    Total System Jitter     (TSJ):    0.071ns
    Discrete Jitter          (DJ):    0.098ns
    Phase Error              (PE):    0.000ns

    Location             Delay type                Incr(ns)  Path(ns)    Netlist Resource(s)
  -------------------------------------------------------------------    -------------------
                         (clock clk_out2_pll rise edge)
                                                      0.000     0.000 r  
    AD12                                              0.000     0.000 r  i_sys_clk_p (IN)
                         net (fo=0)                   0.000     0.000    pll_inst/inst/clk_in1_p
    AD12                 IBUFDS (Prop_ibufds_I_O)     0.906     0.906 r  pll_inst/inst/clkin1_ibufgds/O
                         net (fo=1, routed)           1.081     1.987    pll_inst/inst/clk_in1_pll
    MMCME2_ADV_X1Y1      MMCME2_ADV (Prop_mmcme2_adv_CLKIN1_CLKOUT1)
                                                     -7.786    -5.799 r  pll_inst/inst/mmcm_adv_inst/CLKOUT1
                         net (fo=1, routed)           2.130    -3.669    pll_inst/inst/clk_out2_pll
    BUFGCTRL_X0Y0        BUFG (Prop_bufg_I_O)         0.093    -3.576 r  pll_inst/inst/clkout2_buf/O
                         net (fo=12327, routed)       1.393    -2.183    student_top_inst/Core_cpu/u_core_top/clk
    SLICE_X69Y145        FDRE                                         r  student_top_inst/Core_cpu/u_core_top/exec_q_reg[op1][1]_replica_1/C
  -------------------------------------------------------------------    -------------------
    SLICE_X69Y145        FDRE (Prop_fdre_C_Q)         0.223    -1.960 r  student_top_inst/Core_cpu/u_core_top/exec_q_reg[op1][1]_replica_1/Q
                         net (fo=2, routed)           0.372    -1.588    student_top_inst/Core_cpu/u_core_top/u_fixed_execute/exec_q_reg[op_n_0_1][1]_repN_1_alias
    SLICE_X71Y145        CARRY4 (Prop_carry4_DI[1]_CO[3])
                                                      0.250    -1.338 r  student_top_inst/Core_cpu/u_core_top/u_fixed_execute/mem_addr_o[0]_INST_0/CO[3]
                         net (fo=1, routed)           0.000    -1.338    student_top_inst/Core_cpu/u_core_top/u_fixed_execute/mem_addr_o[0]_INST_0_n_0
    SLICE_X71Y146        CARRY4 (Prop_carry4_CI_CO[3])
                                                      0.053    -1.285 r  student_top_inst/Core_cpu/u_core_top/u_fixed_execute/mem_addr_o[4]_INST_0/CO[3]
                         net (fo=1, routed)           0.000    -1.285    student_top_inst/Core_cpu/u_core_top/u_fixed_execute/mem_addr_o[4]_INST_0_n_0
    SLICE_X71Y147        CARRY4 (Prop_carry4_CI_CO[3])
                                                      0.053    -1.232 r  student_top_inst/Core_cpu/u_core_top/u_fixed_execute/mem_addr_o[8]_INST_0/CO[3]
                         net (fo=1, routed)           0.000    -1.232    student_top_inst/Core_cpu/u_core_top/u_fixed_execute/mem_addr_o[8]_INST_0_n_0
    SLICE_X71Y148        CARRY4 (Prop_carry4_CI_CO[3])
                                                      0.053    -1.179 r  student_top_inst/Core_cpu/u_core_top/u_fixed_execute/mem_addr_o[12]_INST_0/CO[3]
                         net (fo=1, routed)           0.000    -1.179    student_top_inst/Core_cpu/u_core_top/u_fixed_execute/mem_addr_o[12]_INST_0_n_0
    SLICE_X71Y149        CARRY4 (Prop_carry4_CI_CO[3])
                                                      0.053    -1.126 r  student_top_inst/Core_cpu/u_core_top/u_fixed_execute/mem_addr_o[16]_INST_0/CO[3]
                         net (fo=1, routed)           0.001    -1.126    student_top_inst/Core_cpu/u_core_top/u_fixed_execute/mem_addr_o[16]_INST_0_n_0
    SLICE_X71Y150        CARRY4 (Prop_carry4_CI_CO[3])
                                                      0.053    -1.073 r  student_top_inst/Core_cpu/u_core_top/u_fixed_execute/mem_addr_o[20]_INST_0/CO[3]
                         net (fo=1, routed)           0.000    -1.073    student_top_inst/Core_cpu/u_core_top/u_fixed_execute/mem_addr_o[20]_INST_0_n_0
    SLICE_X71Y151        CARRY4 (Prop_carry4_CI_CO[3])
                                                      0.053    -1.020 r  student_top_inst/Core_cpu/u_core_top/u_fixed_execute/mem_addr_o[24]_INST_0/CO[3]
                         net (fo=1, routed)           0.000    -1.020    student_top_inst/Core_cpu/u_core_top/u_fixed_execute/mem_addr_o[24]_INST_0_n_0
    SLICE_X71Y152        CARRY4 (Prop_carry4_CI_O[3])
                                                      0.155    -0.865 r  student_top_inst/Core_cpu/u_core_top/u_fixed_execute/mem_addr_o[28]_INST_0/O[3]
                         net (fo=17, routed)          0.572    -0.292    student_top_inst/Core_cpu/u_core_top/exec_mem_addr[31]
    SLICE_X69Y149        LUT3 (Prop_lut3_I2_O)        0.120    -0.172 f  student_top_inst/Core_cpu/u_core_top/store_q[3][uncached]_i_2_comp/O
                         net (fo=1, routed)           0.485     0.313    student_top_inst/Core_cpu/u_core_top/store_q[3][uncached]_i_2_n_0_repN
    SLICE_X68Y142        LUT6 (Prop_lut6_I4_O)        0.043     0.356 f  student_top_inst/Core_cpu/u_core_top/u_dcache_i_180_comp/O
                         net (fo=1, routed)           0.107     0.462    student_top_inst/Core_cpu/u_core_top/u_dcache_i_180_n_0
    SLICE_X68Y142        LUT6 (Prop_lut6_I2_O)        0.043     0.505 r  student_top_inst/Core_cpu/u_core_top/u_dcache_i_73_comp_1/O
                         net (fo=38, routed)          0.572     1.077    student_top_inst/Core_cpu/u_core_top/u_dcache_i_73_n_0
    SLICE_X68Y129        LUT6 (Prop_lut6_I1_O)        0.043     1.120 r  student_top_inst/Core_cpu/u_core_top/u_dcache_i_29/O
                         net (fo=1101, routed)        1.035     2.156    student_top_inst/Core_cpu/u_core_top/u_dcache/tag_q_reg_896_959_9_11/ADDRC1
    SLICE_X56Y123        RAMD64E (Prop_ramd64e_RADR1_O)
                                                      0.043     2.199 r  student_top_inst/Core_cpu/u_core_top/u_dcache/tag_q_reg_896_959_9_11/RAMC/O
                         net (fo=1, routed)           0.592     2.791    student_top_inst/Core_cpu/u_core_top/u_dcache/tag_q_reg_896_959_9_11_n_2
    SLICE_X63Y115        LUT6 (Prop_lut6_I1_O)        0.043     2.834 r  student_top_inst/Core_cpu/u_core_top/u_dcache/g_data_bank[0].u_data_bank_i_1230/O
                         net (fo=1, routed)           0.000     2.834    student_top_inst/Core_cpu/u_core_top/u_dcache/g_data_bank[0].u_data_bank_i_1230_n_0
    SLICE_X63Y115        MUXF7 (Prop_muxf7_I1_O)      0.108     2.942 r  student_top_inst/Core_cpu/u_core_top/u_dcache/g_data_bank[0].u_data_bank_i_1150/O
                         net (fo=1, routed)           0.000     2.942    student_top_inst/Core_cpu/u_core_top/u_dcache/g_data_bank[0].u_data_bank_i_1150_n_0
    SLICE_X63Y115        MUXF8 (Prop_muxf8_I1_O)      0.043     2.985 r  student_top_inst/Core_cpu/u_core_top/u_dcache/g_data_bank[0].u_data_bank_i_554/O
                         net (fo=1, routed)           0.598     3.583    student_top_inst/Core_cpu/u_core_top/u_dcache/g_data_bank[0].u_data_bank_i_554_n_0
    SLICE_X69Y130        LUT6 (Prop_lut6_I1_O)        0.126     3.709 f  student_top_inst/Core_cpu/u_core_top/u_dcache/g_data_bank[0].u_data_bank_i_260/O
                         net (fo=1, routed)           0.281     3.989    student_top_inst/Core_cpu/u_core_top/u_dcache/g_data_bank[0].u_data_bank_i_260_n_0
    SLICE_X75Y130        LUT6 (Prop_lut6_I5_O)        0.043     4.032 r  student_top_inst/Core_cpu/u_core_top/u_dcache/g_data_bank[0].u_data_bank_i_118/O
                         net (fo=1, routed)           0.000     4.032    student_top_inst/Core_cpu/u_core_top/u_dcache/g_data_bank[0].u_data_bank_i_118_n_0
    SLICE_X75Y130        CARRY4 (Prop_carry4_S[3]_CO[3])
                                                      0.193     4.225 r  student_top_inst/Core_cpu/u_core_top/u_dcache/g_data_bank[0].u_data_bank_i_82/CO[3]
                         net (fo=1, routed)           0.000     4.225    student_top_inst/Core_cpu/u_core_top/u_dcache/g_data_bank[0].u_data_bank_i_82_n_0
    SLICE_X75Y131        CARRY4 (Prop_carry4_CI_CO[1])
                                                      0.077     4.302 r  student_top_inst/Core_cpu/u_core_top/u_dcache/g_data_bank[0].u_data_bank_i_63/CO[1]
                         net (fo=10, routed)          0.208     4.510    student_top_inst/Core_cpu/u_core_top/u_dcache/hit_c0
    SLICE_X76Y131        LUT6 (Prop_lut6_I0_O)        0.122     4.632 f  student_top_inst/Core_cpu/u_core_top/u_dcache/g_data_bank[0].u_data_bank_i_52/O
                         net (fo=6, routed)           0.357     4.989    student_top_inst/Core_cpu/u_core_top/u_dcache/g_data_bank[0].u_data_bank_i_52_n_0
    SLICE_X79Y131        LUT5 (Prop_lut5_I4_O)        0.043     5.032 r  student_top_inst/Core_cpu/u_core_top/u_dcache/store_update_valid_q_i_1/O
                         net (fo=50, routed)          0.599     5.631    student_top_inst/Core_cpu/u_core_top/u_dcache/store_update_valid_q
    SLICE_X91Y134        FDRE                                         r  student_top_inst/Core_cpu/u_core_top/u_dcache/store_update_data_q_reg[17]/CE
  -------------------------------------------------------------------    -------------------

                         (clock clk_out2_pll rise edge)
                                                      5.000     5.000 r  
    AD12                                              0.000     5.000 r  i_sys_clk_p (IN)
                         net (fo=0)                   0.000     5.000    pll_inst/inst/clk_in1_p
    AD12                 IBUFDS (Prop_ibufds_I_O)     0.803     5.803 r  pll_inst/inst/clkin1_ibufgds/O
                         net (fo=1, routed)           0.986     6.789    pll_inst/inst/clk_in1_pll
    MMCME2_ADV_X1Y1      MMCME2_ADV (Prop_mmcme2_adv_CLKIN1_CLKOUT1)
                                                     -6.759     0.030 r  pll_inst/inst/mmcm_adv_inst/CLKOUT1
                         net (fo=1, routed)           2.005     2.035    pll_inst/inst/clk_out2_pll
    BUFGCTRL_X0Y0        BUFG (Prop_bufg_I_O)         0.083     2.118 r  pll_inst/inst/clkout2_buf/O
                         net (fo=12327, routed)       1.266     3.384    student_top_inst/Core_cpu/u_core_top/u_dcache/clk
    SLICE_X91Y134        FDRE                                         r  student_top_inst/Core_cpu/u_core_top/u_dcache/store_update_data_q_reg[17]/C
                         clock pessimism             -0.680     2.705    
                         clock uncertainty           -0.060     2.644    
    SLICE_X91Y134        FDRE (Setup_fdre_C_CE)      -0.201     2.443    student_top_inst/Core_cpu/u_core_top/u_dcache/store_update_data_q_reg[17]
  -------------------------------------------------------------------
                         required time                          2.443    
                         arrival time                          -5.631    
  -------------------------------------------------------------------
                         slack                                 -3.188    

Slack (VIOLATED) :        -3.188ns  (required time - arrival time)
  Source:                 student_top_inst/Core_cpu/u_core_top/exec_q_reg[op1][1]_replica_1/C
                            (rising edge-triggered cell FDRE clocked by clk_out2_pll  {rise@0.000ns fall@2.500ns period=5.000ns})
  Destination:            student_top_inst/Core_cpu/u_core_top/u_dcache/store_update_data_q_reg[19]/CE
                            (rising edge-triggered cell FDRE clocked by clk_out2_pll  {rise@0.000ns fall@2.500ns period=5.000ns})
  Path Group:             clk_out2_pll
  Path Type:              Setup (Max at Slow Process Corner)
  Requirement:            5.000ns  (clk_out2_pll rise@5.000ns - clk_out2_pll rise@0.000ns)
  Data Path Delay:        7.814ns  (logic 2.036ns (26.054%)  route 5.778ns (73.946%))
  Logic Levels:           22  (CARRY4=10 LUT3=1 LUT5=1 LUT6=7 MUXF7=1 MUXF8=1 RAMD64E=1)
  Clock Path Skew:        -0.112ns (DCD - SCD + CPR)
    Destination Clock Delay (DCD):    -1.616ns = ( 3.384 - 5.000 ) 
    Source Clock Delay      (SCD):    -2.183ns
    Clock Pessimism Removal (CPR):    -0.680ns
  Clock Uncertainty:      0.060ns  ((TSJ^2 + DJ^2)^1/2) / 2 + PE
    Total System Jitter     (TSJ):    0.071ns
    Discrete Jitter          (DJ):    0.098ns
    Phase Error              (PE):    0.000ns

    Location             Delay type                Incr(ns)  Path(ns)    Netlist Resource(s)
  -------------------------------------------------------------------    -------------------
                         (clock clk_out2_pll rise edge)
                                                      0.000     0.000 r  
    AD12                                              0.000     0.000 r  i_sys_clk_p (IN)
                         net (fo=0)                   0.000     0.000    pll_inst/inst/clk_in1_p
    AD12                 IBUFDS (Prop_ibufds_I_O)     0.906     0.906 r  pll_inst/inst/clkin1_ibufgds/O
                         net (fo=1, routed)           1.081     1.987    pll_inst/inst/clk_in1_pll
    MMCME2_ADV_X1Y1      MMCME2_ADV (Prop_mmcme2_adv_CLKIN1_CLKOUT1)
                                                     -7.786    -5.799 r  pll_inst/inst/mmcm_adv_inst/CLKOUT1
                         net (fo=1, routed)           2.130    -3.669    pll_inst/inst/clk_out2_pll
    BUFGCTRL_X0Y0        BUFG (Prop_bufg_I_O)         0.093    -3.576 r  pll_inst/inst/clkout2_buf/O
                         net (fo=12327, routed)       1.393    -2.183    student_top_inst/Core_cpu/u_core_top/clk
    SLICE_X69Y145        FDRE                                         r  student_top_inst/Core_cpu/u_core_top/exec_q_reg[op1][1]_replica_1/C
  -------------------------------------------------------------------    -------------------
    SLICE_X69Y145        FDRE (Prop_fdre_C_Q)         0.223    -1.960 r  student_top_inst/Core_cpu/u_core_top/exec_q_reg[op1][1]_replica_1/Q
                         net (fo=2, routed)           0.372    -1.588    student_top_inst/Core_cpu/u_core_top/u_fixed_execute/exec_q_reg[op_n_0_1][1]_repN_1_alias
    SLICE_X71Y145        CARRY4 (Prop_carry4_DI[1]_CO[3])
                                                      0.250    -1.338 r  student_top_inst/Core_cpu/u_core_top/u_fixed_execute/mem_addr_o[0]_INST_0/CO[3]
                         net (fo=1, routed)           0.000    -1.338    student_top_inst/Core_cpu/u_core_top/u_fixed_execute/mem_addr_o[0]_INST_0_n_0
    SLICE_X71Y146        CARRY4 (Prop_carry4_CI_CO[3])
                                                      0.053    -1.285 r  student_top_inst/Core_cpu/u_core_top/u_fixed_execute/mem_addr_o[4]_INST_0/CO[3]
                         net (fo=1, routed)           0.000    -1.285    student_top_inst/Core_cpu/u_core_top/u_fixed_execute/mem_addr_o[4]_INST_0_n_0
    SLICE_X71Y147        CARRY4 (Prop_carry4_CI_CO[3])
                                                      0.053    -1.232 r  student_top_inst/Core_cpu/u_core_top/u_fixed_execute/mem_addr_o[8]_INST_0/CO[3]
                         net (fo=1, routed)           0.000    -1.232    student_top_inst/Core_cpu/u_core_top/u_fixed_execute/mem_addr_o[8]_INST_0_n_0
    SLICE_X71Y148        CARRY4 (Prop_carry4_CI_CO[3])
                                                      0.053    -1.179 r  student_top_inst/Core_cpu/u_core_top/u_fixed_execute/mem_addr_o[12]_INST_0/CO[3]
                         net (fo=1, routed)           0.000    -1.179    student_top_inst/Core_cpu/u_core_top/u_fixed_execute/mem_addr_o[12]_INST_0_n_0
    SLICE_X71Y149        CARRY4 (Prop_carry4_CI_CO[3])
                                                      0.053    -1.126 r  student_top_inst/Core_cpu/u_core_top/u_fixed_execute/mem_addr_o[16]_INST_0/CO[3]
                         net (fo=1, routed)           0.001    -1.126    student_top_inst/Core_cpu/u_core_top/u_fixed_execute/mem_addr_o[16]_INST_0_n_0
    SLICE_X71Y150        CARRY4 (Prop_carry4_CI_CO[3])
                                                      0.053    -1.073 r  student_top_inst/Core_cpu/u_core_top/u_fixed_execute/mem_addr_o[20]_INST_0/CO[3]
                         net (fo=1, routed)           0.000    -1.073    student_top_inst/Core_cpu/u_core_top/u_fixed_execute/mem_addr_o[20]_INST_0_n_0
    SLICE_X71Y151        CARRY4 (Prop_carry4_CI_CO[3])
                                                      0.053    -1.020 r  student_top_inst/Core_cpu/u_core_top/u_fixed_execute/mem_addr_o[24]_INST_0/CO[3]
                         net (fo=1, routed)           0.000    -1.020    student_top_inst/Core_cpu/u_core_top/u_fixed_execute/mem_addr_o[24]_INST_0_n_0
    SLICE_X71Y152        CARRY4 (Prop_carry4_CI_O[3])
                                                      0.155    -0.865 r  student_top_inst/Core_cpu/u_core_top/u_fixed_execute/mem_addr_o[28]_INST_0/O[3]
                         net (fo=17, routed)          0.572    -0.292    student_top_inst/Core_cpu/u_core_top/exec_mem_addr[31]
    SLICE_X69Y149        LUT3 (Prop_lut3_I2_O)        0.120    -0.172 f  student_top_inst/Core_cpu/u_core_top/store_q[3][uncached]_i_2_comp/O
                         net (fo=1, routed)           0.485     0.313    student_top_inst/Core_cpu/u_core_top/store_q[3][uncached]_i_2_n_0_repN
    SLICE_X68Y142        LUT6 (Prop_lut6_I4_O)        0.043     0.356 f  student_top_inst/Core_cpu/u_core_top/u_dcache_i_180_comp/O
                         net (fo=1, routed)           0.107     0.462    student_top_inst/Core_cpu/u_core_top/u_dcache_i_180_n_0
    SLICE_X68Y142        LUT6 (Prop_lut6_I2_O)        0.043     0.505 r  student_top_inst/Core_cpu/u_core_top/u_dcache_i_73_comp_1/O
                         net (fo=38, routed)          0.572     1.077    student_top_inst/Core_cpu/u_core_top/u_dcache_i_73_n_0
    SLICE_X68Y129        LUT6 (Prop_lut6_I1_O)        0.043     1.120 r  student_top_inst/Core_cpu/u_core_top/u_dcache_i_29/O
                         net (fo=1101, routed)        1.035     2.156    student_top_inst/Core_cpu/u_core_top/u_dcache/tag_q_reg_896_959_9_11/ADDRC1
    SLICE_X56Y123        RAMD64E (Prop_ramd64e_RADR1_O)
                                                      0.043     2.199 r  student_top_inst/Core_cpu/u_core_top/u_dcache/tag_q_reg_896_959_9_11/RAMC/O
                         net (fo=1, routed)           0.592     2.791    student_top_inst/Core_cpu/u_core_top/u_dcache/tag_q_reg_896_959_9_11_n_2
    SLICE_X63Y115        LUT6 (Prop_lut6_I1_O)        0.043     2.834 r  student_top_inst/Core_cpu/u_core_top/u_dcache/g_data_bank[0].u_data_bank_i_1230/O
                         net (fo=1, routed)           0.000     2.834    student_top_inst/Core_cpu/u_core_top/u_dcache/g_data_bank[0].u_data_bank_i_1230_n_0
    SLICE_X63Y115        MUXF7 (Prop_muxf7_I1_O)      0.108     2.942 r  student_top_inst/Core_cpu/u_core_top/u_dcache/g_data_bank[0].u_data_bank_i_1150/O
                         net (fo=1, routed)           0.000     2.942    student_top_inst/Core_cpu/u_core_top/u_dcache/g_data_bank[0].u_data_bank_i_1150_n_0
    SLICE_X63Y115        MUXF8 (Prop_muxf8_I1_O)      0.043     2.985 r  student_top_inst/Core_cpu/u_core_top/u_dcache/g_data_bank[0].u_data_bank_i_554/O
                         net (fo=1, routed)           0.598     3.583    student_top_inst/Core_cpu/u_core_top/u_dcache/g_data_bank[0].u_data_bank_i_554_n_0
    SLICE_X69Y130        LUT6 (Prop_lut6_I1_O)        0.126     3.709 f  student_top_inst/Core_cpu/u_core_top/u_dcache/g_data_bank[0].u_data_bank_i_260/O
                         net (fo=1, routed)           0.281     3.989    student_top_inst/Core_cpu/u_core_top/u_dcache/g_data_bank[0].u_data_bank_i_260_n_0
    SLICE_X75Y130        LUT6 (Prop_lut6_I5_O)        0.043     4.032 r  student_top_inst/Core_cpu/u_core_top/u_dcache/g_data_bank[0].u_data_bank_i_118/O
                         net (fo=1, routed)           0.000     4.032    student_top_inst/Core_cpu/u_core_top/u_dcache/g_data_bank[0].u_data_bank_i_118_n_0
    SLICE_X75Y130        CARRY4 (Prop_carry4_S[3]_CO[3])
                                                      0.193     4.225 r  student_top_inst/Core_cpu/u_core_top/u_dcache/g_data_bank[0].u_data_bank_i_82/CO[3]
                         net (fo=1, routed)           0.000     4.225    student_top_inst/Core_cpu/u_core_top/u_dcache/g_data_bank[0].u_data_bank_i_82_n_0
    SLICE_X75Y131        CARRY4 (Prop_carry4_CI_CO[1])
                                                      0.077     4.302 r  student_top_inst/Core_cpu/u_core_top/u_dcache/g_data_bank[0].u_data_bank_i_63/CO[1]
                         net (fo=10, routed)          0.208     4.510    student_top_inst/Core_cpu/u_core_top/u_dcache/hit_c0
    SLICE_X76Y131        LUT6 (Prop_lut6_I0_O)        0.122     4.632 f  student_top_inst/Core_cpu/u_core_top/u_dcache/g_data_bank[0].u_data_bank_i_52/O
                         net (fo=6, routed)           0.357     4.989    student_top_inst/Core_cpu/u_core_top/u_dcache/g_data_bank[0].u_data_bank_i_52_n_0
    SLICE_X79Y131        LUT5 (Prop_lut5_I4_O)        0.043     5.032 r  student_top_inst/Core_cpu/u_core_top/u_dcache/store_update_valid_q_i_1/O
                         net (fo=50, routed)          0.599     5.631    student_top_inst/Core_cpu/u_core_top/u_dcache/store_update_valid_q
    SLICE_X91Y134        FDRE                                         r  student_top_inst/Core_cpu/u_core_top/u_dcache/store_update_data_q_reg[19]/CE
  -------------------------------------------------------------------    -------------------

                         (clock clk_out2_pll rise edge)
                                                      5.000     5.000 r  
    AD12                                              0.000     5.000 r  i_sys_clk_p (IN)
                         net (fo=0)                   0.000     5.000    pll_inst/inst/clk_in1_p
    AD12                 IBUFDS (Prop_ibufds_I_O)     0.803     5.803 r  pll_inst/inst/clkin1_ibufgds/O
                         net (fo=1, routed)           0.986     6.789    pll_inst/inst/clk_in1_pll
    MMCME2_ADV_X1Y1      MMCME2_ADV (Prop_mmcme2_adv_CLKIN1_CLKOUT1)
                                                     -6.759     0.030 r  pll_inst/inst/mmcm_adv_inst/CLKOUT1
                         net (fo=1, routed)           2.005     2.035    pll_inst/inst/clk_out2_pll
    BUFGCTRL_X0Y0        BUFG (Prop_bufg_I_O)         0.083     2.118 r  pll_inst/inst/clkout2_buf/O
                         net (fo=12327, routed)       1.266     3.384    student_top_inst/Core_cpu/u_core_top/u_dcache/clk
    SLICE_X91Y134        FDRE                                         r  student_top_inst/Core_cpu/u_core_top/u_dcache/store_update_data_q_reg[19]/C
                         clock pessimism             -0.680     2.705    
                         clock uncertainty           -0.060     2.644    
    SLICE_X91Y134        FDRE (Setup_fdre_C_CE)      -0.201     2.443    student_top_inst/Core_cpu/u_core_top/u_dcache/store_update_data_q_reg[19]
  -------------------------------------------------------------------
                         required time                          2.443    
                         arrival time                          -5.631    
  -------------------------------------------------------------------
                         slack                                 -3.188    

Slack (VIOLATED) :        -3.188ns  (required time - arrival time)
  Source:                 student_top_inst/Core_cpu/u_core_top/exec_q_reg[op1][1]_replica_1/C
                            (rising edge-triggered cell FDRE clocked by clk_out2_pll  {rise@0.000ns fall@2.500ns period=5.000ns})
  Destination:            student_top_inst/Core_cpu/u_core_top/u_dcache/store_update_data_q_reg[9]/CE
                            (rising edge-triggered cell FDRE clocked by clk_out2_pll  {rise@0.000ns fall@2.500ns period=5.000ns})
  Path Group:             clk_out2_pll
  Path Type:              Setup (Max at Slow Process Corner)
  Requirement:            5.000ns  (clk_out2_pll rise@5.000ns - clk_out2_pll rise@0.000ns)
  Data Path Delay:        7.814ns  (logic 2.036ns (26.054%)  route 5.778ns (73.946%))
  Logic Levels:           22  (CARRY4=10 LUT3=1 LUT5=1 LUT6=7 MUXF7=1 MUXF8=1 RAMD64E=1)
  Clock Path Skew:        -0.112ns (DCD - SCD + CPR)
    Destination Clock Delay (DCD):    -1.616ns = ( 3.384 - 5.000 ) 
    Source Clock Delay      (SCD):    -2.183ns
    Clock Pessimism Removal (CPR):    -0.680ns
  Clock Uncertainty:      0.060ns  ((TSJ^2 + DJ^2)^1/2) / 2 + PE
    Total System Jitter     (TSJ):    0.071ns
    Discrete Jitter          (DJ):    0.098ns
    Phase Error              (PE):    0.000ns

    Location             Delay type                Incr(ns)  Path(ns)    Netlist Resource(s)
  -------------------------------------------------------------------    -------------------
                         (clock clk_out2_pll rise edge)
                                                      0.000     0.000 r  
    AD12                                              0.000     0.000 r  i_sys_clk_p (IN)
                         net (fo=0)                   0.000     0.000    pll_inst/inst/clk_in1_p
    AD12                 IBUFDS (Prop_ibufds_I_O)     0.906     0.906 r  pll_inst/inst/clkin1_ibufgds/O
                         net (fo=1, routed)           1.081     1.987    pll_inst/inst/clk_in1_pll
    MMCME2_ADV_X1Y1      MMCME2_ADV (Prop_mmcme2_adv_CLKIN1_CLKOUT1)
                                                     -7.786    -5.799 r  pll_inst/inst/mmcm_adv_inst/CLKOUT1
                         net (fo=1, routed)           2.130    -3.669    pll_inst/inst/clk_out2_pll
    BUFGCTRL_X0Y0        BUFG (Prop_bufg_I_O)         0.093    -3.576 r  pll_inst/inst/clkout2_buf/O
                         net (fo=12327, routed)       1.393    -2.183    student_top_inst/Core_cpu/u_core_top/clk
    SLICE_X69Y145        FDRE                                         r  student_top_inst/Core_cpu/u_core_top/exec_q_reg[op1][1]_replica_1/C
  -------------------------------------------------------------------    -------------------
    SLICE_X69Y145        FDRE (Prop_fdre_C_Q)         0.223    -1.960 r  student_top_inst/Core_cpu/u_core_top/exec_q_reg[op1][1]_replica_1/Q
                         net (fo=2, routed)           0.372    -1.588    student_top_inst/Core_cpu/u_core_top/u_fixed_execute/exec_q_reg[op_n_0_1][1]_repN_1_alias
    SLICE_X71Y145        CARRY4 (Prop_carry4_DI[1]_CO[3])
                                                      0.250    -1.338 r  student_top_inst/Core_cpu/u_core_top/u_fixed_execute/mem_addr_o[0]_INST_0/CO[3]
                         net (fo=1, routed)           0.000    -1.338    student_top_inst/Core_cpu/u_core_top/u_fixed_execute/mem_addr_o[0]_INST_0_n_0
    SLICE_X71Y146        CARRY4 (Prop_carry4_CI_CO[3])
                                                      0.053    -1.285 r  student_top_inst/Core_cpu/u_core_top/u_fixed_execute/mem_addr_o[4]_INST_0/CO[3]
                         net (fo=1, routed)           0.000    -1.285    student_top_inst/Core_cpu/u_core_top/u_fixed_execute/mem_addr_o[4]_INST_0_n_0
    SLICE_X71Y147        CARRY4 (Prop_carry4_CI_CO[3])
                                                      0.053    -1.232 r  student_top_inst/Core_cpu/u_core_top/u_fixed_execute/mem_addr_o[8]_INST_0/CO[3]
                         net (fo=1, routed)           0.000    -1.232    student_top_inst/Core_cpu/u_core_top/u_fixed_execute/mem_addr_o[8]_INST_0_n_0
    SLICE_X71Y148        CARRY4 (Prop_carry4_CI_CO[3])
                                                      0.053    -1.179 r  student_top_inst/Core_cpu/u_core_top/u_fixed_execute/mem_addr_o[12]_INST_0/CO[3]
                         net (fo=1, routed)           0.000    -1.179    student_top_inst/Core_cpu/u_core_top/u_fixed_execute/mem_addr_o[12]_INST_0_n_0
    SLICE_X71Y149        CARRY4 (Prop_carry4_CI_CO[3])
                                                      0.053    -1.126 r  student_top_inst/Core_cpu/u_core_top/u_fixed_execute/mem_addr_o[16]_INST_0/CO[3]
                         net (fo=1, routed)           0.001    -1.126    student_top_inst/Core_cpu/u_core_top/u_fixed_execute/mem_addr_o[16]_INST_0_n_0
    SLICE_X71Y150        CARRY4 (Prop_carry4_CI_CO[3])
                                                      0.053    -1.073 r  student_top_inst/Core_cpu/u_core_top/u_fixed_execute/mem_addr_o[20]_INST_0/CO[3]
                         net (fo=1, routed)           0.000    -1.073    student_top_inst/Core_cpu/u_core_top/u_fixed_execute/mem_addr_o[20]_INST_0_n_0
    SLICE_X71Y151        CARRY4 (Prop_carry4_CI_CO[3])
                                                      0.053    -1.020 r  student_top_inst/Core_cpu/u_core_top/u_fixed_execute/mem_addr_o[24]_INST_0/CO[3]
                         net (fo=1, routed)           0.000    -1.020    student_top_inst/Core_cpu/u_core_top/u_fixed_execute/mem_addr_o[24]_INST_0_n_0
    SLICE_X71Y152        CARRY4 (Prop_carry4_CI_O[3])
                                                      0.155    -0.865 r  student_top_inst/Core_cpu/u_core_top/u_fixed_execute/mem_addr_o[28]_INST_0/O[3]
                         net (fo=17, routed)          0.572    -0.292    student_top_inst/Core_cpu/u_core_top/exec_mem_addr[31]
    SLICE_X69Y149        LUT3 (Prop_lut3_I2_O)        0.120    -0.172 f  student_top_inst/Core_cpu/u_core_top/store_q[3][uncached]_i_2_comp/O
                         net (fo=1, routed)           0.485     0.313    student_top_inst/Core_cpu/u_core_top/store_q[3][uncached]_i_2_n_0_repN
    SLICE_X68Y142        LUT6 (Prop_lut6_I4_O)        0.043     0.356 f  student_top_inst/Core_cpu/u_core_top/u_dcache_i_180_comp/O
                         net (fo=1, routed)           0.107     0.462    student_top_inst/Core_cpu/u_core_top/u_dcache_i_180_n_0
    SLICE_X68Y142        LUT6 (Prop_lut6_I2_O)        0.043     0.505 r  student_top_inst/Core_cpu/u_core_top/u_dcache_i_73_comp_1/O
                         net (fo=38, routed)          0.572     1.077    student_top_inst/Core_cpu/u_core_top/u_dcache_i_73_n_0
    SLICE_X68Y129        LUT6 (Prop_lut6_I1_O)        0.043     1.120 r  student_top_inst/Core_cpu/u_core_top/u_dcache_i_29/O
                         net (fo=1101, routed)        1.035     2.156    student_top_inst/Core_cpu/u_core_top/u_dcache/tag_q_reg_896_959_9_11/ADDRC1
    SLICE_X56Y123        RAMD64E (Prop_ramd64e_RADR1_O)
                                                      0.043     2.199 r  student_top_inst/Core_cpu/u_core_top/u_dcache/tag_q_reg_896_959_9_11/RAMC/O
                         net (fo=1, routed)           0.592     2.791    student_top_inst/Core_cpu/u_core_top/u_dcache/tag_q_reg_896_959_9_11_n_2
    SLICE_X63Y115        LUT6 (Prop_lut6_I1_O)        0.043     2.834 r  student_top_inst/Core_cpu/u_core_top/u_dcache/g_data_bank[0].u_data_bank_i_1230/O
                         net (fo=1, routed)           0.000     2.834    student_top_inst/Core_cpu/u_core_top/u_dcache/g_data_bank[0].u_data_bank_i_1230_n_0
    SLICE_X63Y115        MUXF7 (Prop_muxf7_I1_O)      0.108     2.942 r  student_top_inst/Core_cpu/u_core_top/u_dcache/g_data_bank[0].u_data_bank_i_1150/O
                         net (fo=1, routed)           0.000     2.942    student_top_inst/Core_cpu/u_core_top/u_dcache/g_data_bank[0].u_data_bank_i_1150_n_0
    SLICE_X63Y115        MUXF8 (Prop_muxf8_I1_O)      0.043     2.985 r  student_top_inst/Core_cpu/u_core_top/u_dcache/g_data_bank[0].u_data_bank_i_554/O
                         net (fo=1, routed)           0.598     3.583    student_top_inst/Core_cpu/u_core_top/u_dcache/g_data_bank[0].u_data_bank_i_554_n_0
    SLICE_X69Y130        LUT6 (Prop_lut6_I1_O)        0.126     3.709 f  student_top_inst/Core_cpu/u_core_top/u_dcache/g_data_bank[0].u_data_bank_i_260/O
                         net (fo=1, routed)           0.281     3.989    student_top_inst/Core_cpu/u_core_top/u_dcache/g_data_bank[0].u_data_bank_i_260_n_0
    SLICE_X75Y130        LUT6 (Prop_lut6_I5_O)        0.043     4.032 r  student_top_inst/Core_cpu/u_core_top/u_dcache/g_data_bank[0].u_data_bank_i_118/O
                         net (fo=1, routed)           0.000     4.032    student_top_inst/Core_cpu/u_core_top/u_dcache/g_data_bank[0].u_data_bank_i_118_n_0
    SLICE_X75Y130        CARRY4 (Prop_carry4_S[3]_CO[3])
                                                      0.193     4.225 r  student_top_inst/Core_cpu/u_core_top/u_dcache/g_data_bank[0].u_data_bank_i_82/CO[3]
                         net (fo=1, routed)           0.000     4.225    student_top_inst/Core_cpu/u_core_top/u_dcache/g_data_bank[0].u_data_bank_i_82_n_0
    SLICE_X75Y131        CARRY4 (Prop_carry4_CI_CO[1])
                                                      0.077     4.302 r  student_top_inst/Core_cpu/u_core_top/u_dcache/g_data_bank[0].u_data_bank_i_63/CO[1]
                         net (fo=10, routed)          0.208     4.510    student_top_inst/Core_cpu/u_core_top/u_dcache/hit_c0
    SLICE_X76Y131        LUT6 (Prop_lut6_I0_O)        0.122     4.632 f  student_top_inst/Core_cpu/u_core_top/u_dcache/g_data_bank[0].u_data_bank_i_52/O
                         net (fo=6, routed)           0.357     4.989    student_top_inst/Core_cpu/u_core_top/u_dcache/g_data_bank[0].u_data_bank_i_52_n_0
    SLICE_X79Y131        LUT5 (Prop_lut5_I4_O)        0.043     5.032 r  student_top_inst/Core_cpu/u_core_top/u_dcache/store_update_valid_q_i_1/O
                         net (fo=50, routed)          0.599     5.631    student_top_inst/Core_cpu/u_core_top/u_dcache/store_update_valid_q
    SLICE_X91Y134        FDRE                                         r  student_top_inst/Core_cpu/u_core_top/u_dcache/store_update_data_q_reg[9]/CE
  -------------------------------------------------------------------    -------------------

                         (clock clk_out2_pll rise edge)
                                                      5.000     5.000 r  
    AD12                                              0.000     5.000 r  i_sys_clk_p (IN)
                         net (fo=0)                   0.000     5.000    pll_inst/inst/clk_in1_p
    AD12                 IBUFDS (Prop_ibufds_I_O)     0.803     5.803 r  pll_inst/inst/clkin1_ibufgds/O
                         net (fo=1, routed)           0.986     6.789    pll_inst/inst/clk_in1_pll
    MMCME2_ADV_X1Y1      MMCME2_ADV (Prop_mmcme2_adv_CLKIN1_CLKOUT1)
                                                     -6.759     0.030 r  pll_inst/inst/mmcm_adv_inst/CLKOUT1
                         net (fo=1, routed)           2.005     2.035    pll_inst/inst/clk_out2_pll
    BUFGCTRL_X0Y0        BUFG (Prop_bufg_I_O)         0.083     2.118 r  pll_inst/inst/clkout2_buf/O
                         net (fo=12327, routed)       1.266     3.384    student_top_inst/Core_cpu/u_core_top/u_dcache/clk
    SLICE_X91Y134        FDRE                                         r  student_top_inst/Core_cpu/u_core_top/u_dcache/store_update_data_q_reg[9]/C
                         clock pessimism             -0.680     2.705    
                         clock uncertainty           -0.060     2.644    
    SLICE_X91Y134        FDRE (Setup_fdre_C_CE)      -0.201     2.443    student_top_inst/Core_cpu/u_core_top/u_dcache/store_update_data_q_reg[9]
  -------------------------------------------------------------------
                         required time                          2.443    
                         arrival time                          -5.631    
  -------------------------------------------------------------------
                         slack                                 -3.188    

Slack (VIOLATED) :        -3.188ns  (required time - arrival time)
  Source:                 student_top_inst/Core_cpu/u_core_top/exec_q_reg[op1][1]_replica_1/C
                            (rising edge-triggered cell FDRE clocked by clk_out2_pll  {rise@0.000ns fall@2.500ns period=5.000ns})
  Destination:            student_top_inst/mem_bridge/dram_adapter/dram/U0/inst_blk_mem_gen/gnbram.gnativebmg.native_blk_mem_gen/valid.cstr/ramloop[28].ram.r/prim_init.ram/DEVICE_7SERIES.NO_BMM_INFO.SP.SIMPLE_PRIM36.ram/WEA[0]
                            (rising edge-triggered cell RAMB36E1 clocked by clk_out2_pll  {rise@0.000ns fall@2.500ns period=5.000ns})
  Path Group:             clk_out2_pll
  Path Type:              Setup (Max at Slow Process Corner)
  Requirement:            5.000ns  (clk_out2_pll rise@5.000ns - clk_out2_pll rise@0.000ns)
  Data Path Delay:        7.456ns  (logic 1.539ns (20.640%)  route 5.917ns (79.360%))
  Logic Levels:           20  (CARRY4=8 LUT2=1 LUT3=1 LUT4=2 LUT5=1 LUT6=7)
  Clock Path Skew:        -0.267ns (DCD - SCD + CPR)
    Destination Clock Delay (DCD):    -1.768ns = ( 3.232 - 5.000 ) 
    Source Clock Delay      (SCD):    -2.183ns
    Clock Pessimism Removal (CPR):    -0.682ns
  Clock Uncertainty:      0.060ns  ((TSJ^2 + DJ^2)^1/2) / 2 + PE
    Total System Jitter     (TSJ):    0.071ns
    Discrete Jitter          (DJ):    0.098ns
    Phase Error              (PE):    0.000ns

    Location             Delay type                Incr(ns)  Path(ns)    Netlist Resource(s)
  -------------------------------------------------------------------    -------------------
                         (clock clk_out2_pll rise edge)
                                                      0.000     0.000 r  
    AD12                                              0.000     0.000 r  i_sys_clk_p (IN)
                         net (fo=0)                   0.000     0.000    pll_inst/inst/clk_in1_p
    AD12                 IBUFDS (Prop_ibufds_I_O)     0.906     0.906 r  pll_inst/inst/clkin1_ibufgds/O
                         net (fo=1, routed)           1.081     1.987    pll_inst/inst/clk_in1_pll
    MMCME2_ADV_X1Y1      MMCME2_ADV (Prop_mmcme2_adv_CLKIN1_CLKOUT1)
                                                     -7.786    -5.799 r  pll_inst/inst/mmcm_adv_inst/CLKOUT1
                         net (fo=1, routed)           2.130    -3.669    pll_inst/inst/clk_out2_pll
    BUFGCTRL_X0Y0        BUFG (Prop_bufg_I_O)         0.093    -3.576 r  pll_inst/inst/clkout2_buf/O
                         net (fo=12327, routed)       1.393    -2.183    student_top_inst/Core_cpu/u_core_top/clk
    SLICE_X69Y145        FDRE                                         r  student_top_inst/Core_cpu/u_core_top/exec_q_reg[op1][1]_replica_1/C
  -------------------------------------------------------------------    -------------------
    SLICE_X69Y145        FDRE (Prop_fdre_C_Q)         0.223    -1.960 r  student_top_inst/Core_cpu/u_core_top/exec_q_reg[op1][1]_replica_1/Q
                         net (fo=2, routed)           0.372    -1.588    student_top_inst/Core_cpu/u_core_top/u_fixed_execute/exec_q_reg[op_n_0_1][1]_repN_1_alias
    SLICE_X71Y145        CARRY4 (Prop_carry4_DI[1]_CO[3])
                                                      0.250    -1.338 r  student_top_inst/Core_cpu/u_core_top/u_fixed_execute/mem_addr_o[0]_INST_0/CO[3]
                         net (fo=1, routed)           0.000    -1.338    student_top_inst/Core_cpu/u_core_top/u_fixed_execute/mem_addr_o[0]_INST_0_n_0
    SLICE_X71Y146        CARRY4 (Prop_carry4_CI_CO[3])
                                                      0.053    -1.285 r  student_top_inst/Core_cpu/u_core_top/u_fixed_execute/mem_addr_o[4]_INST_0/CO[3]
                         net (fo=1, routed)           0.000    -1.285    student_top_inst/Core_cpu/u_core_top/u_fixed_execute/mem_addr_o[4]_INST_0_n_0
    SLICE_X71Y147        CARRY4 (Prop_carry4_CI_CO[3])
                                                      0.053    -1.232 r  student_top_inst/Core_cpu/u_core_top/u_fixed_execute/mem_addr_o[8]_INST_0/CO[3]
                         net (fo=1, routed)           0.000    -1.232    student_top_inst/Core_cpu/u_core_top/u_fixed_execute/mem_addr_o[8]_INST_0_n_0
    SLICE_X71Y148        CARRY4 (Prop_carry4_CI_CO[3])
                                                      0.053    -1.179 r  student_top_inst/Core_cpu/u_core_top/u_fixed_execute/mem_addr_o[12]_INST_0/CO[3]
                         net (fo=1, routed)           0.000    -1.179    student_top_inst/Core_cpu/u_core_top/u_fixed_execute/mem_addr_o[12]_INST_0_n_0
    SLICE_X71Y149        CARRY4 (Prop_carry4_CI_CO[3])
                                                      0.053    -1.126 r  student_top_inst/Core_cpu/u_core_top/u_fixed_execute/mem_addr_o[16]_INST_0/CO[3]
                         net (fo=1, routed)           0.001    -1.126    student_top_inst/Core_cpu/u_core_top/u_fixed_execute/mem_addr_o[16]_INST_0_n_0
    SLICE_X71Y150        CARRY4 (Prop_carry4_CI_CO[3])
                                                      0.053    -1.073 r  student_top_inst/Core_cpu/u_core_top/u_fixed_execute/mem_addr_o[20]_INST_0/CO[3]
                         net (fo=1, routed)           0.000    -1.073    student_top_inst/Core_cpu/u_core_top/u_fixed_execute/mem_addr_o[20]_INST_0_n_0
    SLICE_X71Y151        CARRY4 (Prop_carry4_CI_CO[3])
                                                      0.053    -1.020 r  student_top_inst/Core_cpu/u_core_top/u_fixed_execute/mem_addr_o[24]_INST_0/CO[3]
                         net (fo=1, routed)           0.000    -1.020    student_top_inst/Core_cpu/u_core_top/u_fixed_execute/mem_addr_o[24]_INST_0_n_0
    SLICE_X71Y152        CARRY4 (Prop_carry4_CI_O[3])
                                                      0.155    -0.865 f  student_top_inst/Core_cpu/u_core_top/u_fixed_execute/mem_addr_o[28]_INST_0/O[3]
                         net (fo=17, routed)          0.572    -0.292    student_top_inst/Core_cpu/u_core_top/exec_mem_addr[31]
    SLICE_X69Y149        LUT3 (Prop_lut3_I2_O)        0.120    -0.172 r  student_top_inst/Core_cpu/u_core_top/store_q[3][uncached]_i_2_comp/O
                         net (fo=1, routed)           0.485     0.313    student_top_inst/Core_cpu/u_core_top/store_q[3][uncached]_i_2_n_0_repN
    SLICE_X68Y142        LUT6 (Prop_lut6_I4_O)        0.043     0.356 r  student_top_inst/Core_cpu/u_core_top/u_dcache_i_180_comp/O
                         net (fo=1, routed)           0.107     0.462    student_top_inst/Core_cpu/u_core_top/u_dcache_i_180_n_0
    SLICE_X68Y142        LUT6 (Prop_lut6_I2_O)        0.043     0.505 f  student_top_inst/Core_cpu/u_core_top/u_dcache_i_73_comp_1/O
                         net (fo=38, routed)          0.528     1.033    student_top_inst/Core_cpu/u_core_top/u_dcache_i_73_n_0
    SLICE_X65Y142        LUT6 (Prop_lut6_I1_O)        0.043     1.076 f  student_top_inst/Core_cpu/u_core_top/u_dcache_i_12/O
                         net (fo=5, routed)           0.446     1.522    student_top_inst/Core_cpu/u_core_top/u_dcache/cpu_req_addr_i[22]
    SLICE_X64Y141        LUT4 (Prop_lut4_I3_O)        0.043     1.565 f  student_top_inst/Core_cpu/u_core_top/u_dcache/mem_req_valid_o_INST_0_i_5/O
                         net (fo=1, routed)           0.273     1.838    student_top_inst/Core_cpu/u_core_top/u_dcache/mem_req_valid_o_INST_0_i_5_n_0
    SLICE_X60Y141        LUT6 (Prop_lut6_I5_O)        0.043     1.881 f  student_top_inst/Core_cpu/u_core_top/u_dcache/mem_req_valid_o_INST_0_i_2/O
                         net (fo=3, routed)           0.197     2.078    student_top_inst/Core_cpu/u_core_top/u_dcache/mem_req_valid_o_INST_0_i_2_n_0
    SLICE_X60Y140        LUT4 (Prop_lut4_I2_O)        0.043     2.121 f  student_top_inst/Core_cpu/u_core_top/u_dcache/mem_req_valid_o_INST_0_i_1/O
                         net (fo=19, routed)          0.321     2.442    student_top_inst/Core_cpu/u_core_top/u_dcache/mem_req_valid_o_INST_0_i_1_n_0
    SLICE_X56Y141        LUT5 (Prop_lut5_I0_O)        0.043     2.485 f  student_top_inst/Core_cpu/u_core_top/u_dcache/mem_req_addr_o[31]_INST_0/O
                         net (fo=4, routed)           0.433     2.917    student_top_inst/mem_bridge/req_addr[31]
    SLICE_X54Y139        LUT6 (Prop_lut6_I5_O)        0.043     2.960 r  student_top_inst/mem_bridge/led_q[31]_i_6/O
                         net (fo=2, routed)           0.321     3.281    student_top_inst/mem_bridge/led_q[31]_i_6_n_0
    SLICE_X55Y139        LUT6 (Prop_lut6_I5_O)        0.043     3.324 r  student_top_inst/mem_bridge/dram_adapter_i_2/O
                         net (fo=3, routed)           0.297     3.621    student_top_inst/mem_bridge/dram_sel
    SLICE_X52Y139        LUT2 (Prop_lut2_I1_O)        0.043     3.664 r  student_top_inst/mem_bridge/dram_adapter_i_1/O
                         net (fo=27, routed)          0.410     4.075    student_top_inst/mem_bridge/dram_adapter/req_valid
    SLICE_X55Y137        LUT6 (Prop_lut6_I1_O)        0.043     4.118 r  student_top_inst/mem_bridge/dram_adapter/dram_i_3/O
                         net (fo=16, routed)          1.155     5.273    student_top_inst/mem_bridge/dram_adapter/dram/U0/inst_blk_mem_gen/gnbram.gnativebmg.native_blk_mem_gen/valid.cstr/ramloop[28].ram.r/prim_init.ram/wea[0]
    RAMB36_X2Y37         RAMB36E1                                     r  student_top_inst/mem_bridge/dram_adapter/dram/U0/inst_blk_mem_gen/gnbram.gnativebmg.native_blk_mem_gen/valid.cstr/ramloop[28].ram.r/prim_init.ram/DEVICE_7SERIES.NO_BMM_INFO.SP.SIMPLE_PRIM36.ram/WEA[0]
  -------------------------------------------------------------------    -------------------

                         (clock clk_out2_pll rise edge)
                                                      5.000     5.000 r  
    AD12                                              0.000     5.000 r  i_sys_clk_p (IN)
                         net (fo=0)                   0.000     5.000    pll_inst/inst/clk_in1_p
    AD12                 IBUFDS (Prop_ibufds_I_O)     0.803     5.803 r  pll_inst/inst/clkin1_ibufgds/O
                         net (fo=1, routed)           0.986     6.789    pll_inst/inst/clk_in1_pll
    MMCME2_ADV_X1Y1      MMCME2_ADV (Prop_mmcme2_adv_CLKIN1_CLKOUT1)
                                                     -6.759     0.030 r  pll_inst/inst/mmcm_adv_inst/CLKOUT1
                         net (fo=1, routed)           2.005     2.035    pll_inst/inst/clk_out2_pll
    BUFGCTRL_X0Y0        BUFG (Prop_bufg_I_O)         0.083     2.118 r  pll_inst/inst/clkout2_buf/O
                         net (fo=12327, routed)       1.113     3.232    student_top_inst/mem_bridge/dram_adapter/dram/U0/inst_blk_mem_gen/gnbram.gnativebmg.native_blk_mem_gen/valid.cstr/ramloop[28].ram.r/prim_init.ram/clka
    RAMB36_X2Y37         RAMB36E1                                     r  student_top_inst/mem_bridge/dram_adapter/dram/U0/inst_blk_mem_gen/gnbram.gnativebmg.native_blk_mem_gen/valid.cstr/ramloop[28].ram.r/prim_init.ram/DEVICE_7SERIES.NO_BMM_INFO.SP.SIMPLE_PRIM36.ram/CLKARDCLK
                         clock pessimism             -0.682     2.550    
                         clock uncertainty           -0.060     2.489    
    RAMB36_X2Y37         RAMB36E1 (Setup_ramb36e1_CLKARDCLK_WEA[0])
                                                     -0.404     2.085    student_top_inst/mem_bridge/dram_adapter/dram/U0/inst_blk_mem_gen/gnbram.gnativebmg.native_blk_mem_gen/valid.cstr/ramloop[28].ram.r/prim_init.ram/DEVICE_7SERIES.NO_BMM_INFO.SP.SIMPLE_PRIM36.ram
  -------------------------------------------------------------------
                         required time                          2.085    
                         arrival time                          -5.273    
  -------------------------------------------------------------------
                         slack                                 -3.188    

Slack (VIOLATED) :        -3.185ns  (required time - arrival time)
  Source:                 student_top_inst/Core_cpu/u_core_top/exec_q_reg[op1][1]_replica_1/C
                            (rising edge-triggered cell FDRE clocked by clk_out2_pll  {rise@0.000ns fall@2.500ns period=5.000ns})
  Destination:            student_top_inst/Core_cpu/u_core_top/u_dcache/store_update_index_q_reg[0]/CE
                            (rising edge-triggered cell FDRE clocked by clk_out2_pll  {rise@0.000ns fall@2.500ns period=5.000ns})
  Path Group:             clk_out2_pll
  Path Type:              Setup (Max at Slow Process Corner)
  Requirement:            5.000ns  (clk_out2_pll rise@5.000ns - clk_out2_pll rise@0.000ns)
  Data Path Delay:        7.803ns  (logic 2.036ns (26.091%)  route 5.767ns (73.909%))
  Logic Levels:           22  (CARRY4=10 LUT3=1 LUT5=1 LUT6=7 MUXF7=1 MUXF8=1 RAMD64E=1)
  Clock Path Skew:        -0.120ns (DCD - SCD + CPR)
    Destination Clock Delay (DCD):    -1.624ns = ( 3.376 - 5.000 ) 
    Source Clock Delay      (SCD):    -2.183ns
    Clock Pessimism Removal (CPR):    -0.680ns
  Clock Uncertainty:      0.060ns  ((TSJ^2 + DJ^2)^1/2) / 2 + PE
    Total System Jitter     (TSJ):    0.071ns
    Discrete Jitter          (DJ):    0.098ns
    Phase Error              (PE):    0.000ns

    Location             Delay type                Incr(ns)  Path(ns)    Netlist Resource(s)
  -------------------------------------------------------------------    -------------------
                         (clock clk_out2_pll rise edge)
                                                      0.000     0.000 r  
    AD12                                              0.000     0.000 r  i_sys_clk_p (IN)
                         net (fo=0)                   0.000     0.000    pll_inst/inst/clk_in1_p
    AD12                 IBUFDS (Prop_ibufds_I_O)     0.906     0.906 r  pll_inst/inst/clkin1_ibufgds/O
                         net (fo=1, routed)           1.081     1.987    pll_inst/inst/clk_in1_pll
    MMCME2_ADV_X1Y1      MMCME2_ADV (Prop_mmcme2_adv_CLKIN1_CLKOUT1)
                                                     -7.786    -5.799 r  pll_inst/inst/mmcm_adv_inst/CLKOUT1
                         net (fo=1, routed)           2.130    -3.669    pll_inst/inst/clk_out2_pll
    BUFGCTRL_X0Y0        BUFG (Prop_bufg_I_O)         0.093    -3.576 r  pll_inst/inst/clkout2_buf/O
                         net (fo=12327, routed)       1.393    -2.183    student_top_inst/Core_cpu/u_core_top/clk
    SLICE_X69Y145        FDRE                                         r  student_top_inst/Core_cpu/u_core_top/exec_q_reg[op1][1]_replica_1/C
  -------------------------------------------------------------------    -------------------
    SLICE_X69Y145        FDRE (Prop_fdre_C_Q)         0.223    -1.960 r  student_top_inst/Core_cpu/u_core_top/exec_q_reg[op1][1]_replica_1/Q
                         net (fo=2, routed)           0.372    -1.588    student_top_inst/Core_cpu/u_core_top/u_fixed_execute/exec_q_reg[op_n_0_1][1]_repN_1_alias
    SLICE_X71Y145        CARRY4 (Prop_carry4_DI[1]_CO[3])
                                                      0.250    -1.338 r  student_top_inst/Core_cpu/u_core_top/u_fixed_execute/mem_addr_o[0]_INST_0/CO[3]
                         net (fo=1, routed)           0.000    -1.338    student_top_inst/Core_cpu/u_core_top/u_fixed_execute/mem_addr_o[0]_INST_0_n_0
    SLICE_X71Y146        CARRY4 (Prop_carry4_CI_CO[3])
                                                      0.053    -1.285 r  student_top_inst/Core_cpu/u_core_top/u_fixed_execute/mem_addr_o[4]_INST_0/CO[3]
                         net (fo=1, routed)           0.000    -1.285    student_top_inst/Core_cpu/u_core_top/u_fixed_execute/mem_addr_o[4]_INST_0_n_0
    SLICE_X71Y147        CARRY4 (Prop_carry4_CI_CO[3])
                                                      0.053    -1.232 r  student_top_inst/Core_cpu/u_core_top/u_fixed_execute/mem_addr_o[8]_INST_0/CO[3]
                         net (fo=1, routed)           0.000    -1.232    student_top_inst/Core_cpu/u_core_top/u_fixed_execute/mem_addr_o[8]_INST_0_n_0
    SLICE_X71Y148        CARRY4 (Prop_carry4_CI_CO[3])
                                                      0.053    -1.179 r  student_top_inst/Core_cpu/u_core_top/u_fixed_execute/mem_addr_o[12]_INST_0/CO[3]
                         net (fo=1, routed)           0.000    -1.179    student_top_inst/Core_cpu/u_core_top/u_fixed_execute/mem_addr_o[12]_INST_0_n_0
    SLICE_X71Y149        CARRY4 (Prop_carry4_CI_CO[3])
                                                      0.053    -1.126 r  student_top_inst/Core_cpu/u_core_top/u_fixed_execute/mem_addr_o[16]_INST_0/CO[3]
                         net (fo=1, routed)           0.001    -1.126    student_top_inst/Core_cpu/u_core_top/u_fixed_execute/mem_addr_o[16]_INST_0_n_0
    SLICE_X71Y150        CARRY4 (Prop_carry4_CI_CO[3])
                                                      0.053    -1.073 r  student_top_inst/Core_cpu/u_core_top/u_fixed_execute/mem_addr_o[20]_INST_0/CO[3]
                         net (fo=1, routed)           0.000    -1.073    student_top_inst/Core_cpu/u_core_top/u_fixed_execute/mem_addr_o[20]_INST_0_n_0
    SLICE_X71Y151        CARRY4 (Prop_carry4_CI_CO[3])
                                                      0.053    -1.020 r  student_top_inst/Core_cpu/u_core_top/u_fixed_execute/mem_addr_o[24]_INST_0/CO[3]
                         net (fo=1, routed)           0.000    -1.020    student_top_inst/Core_cpu/u_core_top/u_fixed_execute/mem_addr_o[24]_INST_0_n_0
    SLICE_X71Y152        CARRY4 (Prop_carry4_CI_O[3])
                                                      0.155    -0.865 r  student_top_inst/Core_cpu/u_core_top/u_fixed_execute/mem_addr_o[28]_INST_0/O[3]
                         net (fo=17, routed)          0.572    -0.292    student_top_inst/Core_cpu/u_core_top/exec_mem_addr[31]
    SLICE_X69Y149        LUT3 (Prop_lut3_I2_O)        0.120    -0.172 f  student_top_inst/Core_cpu/u_core_top/store_q[3][uncached]_i_2_comp/O
                         net (fo=1, routed)           0.485     0.313    student_top_inst/Core_cpu/u_core_top/store_q[3][uncached]_i_2_n_0_repN
    SLICE_X68Y142        LUT6 (Prop_lut6_I4_O)        0.043     0.356 f  student_top_inst/Core_cpu/u_core_top/u_dcache_i_180_comp/O
                         net (fo=1, routed)           0.107     0.462    student_top_inst/Core_cpu/u_core_top/u_dcache_i_180_n_0
    SLICE_X68Y142        LUT6 (Prop_lut6_I2_O)        0.043     0.505 r  student_top_inst/Core_cpu/u_core_top/u_dcache_i_73_comp_1/O
                         net (fo=38, routed)          0.572     1.077    student_top_inst/Core_cpu/u_core_top/u_dcache_i_73_n_0
    SLICE_X68Y129        LUT6 (Prop_lut6_I1_O)        0.043     1.120 r  student_top_inst/Core_cpu/u_core_top/u_dcache_i_29/O
                         net (fo=1101, routed)        1.035     2.156    student_top_inst/Core_cpu/u_core_top/u_dcache/tag_q_reg_896_959_9_11/ADDRC1
    SLICE_X56Y123        RAMD64E (Prop_ramd64e_RADR1_O)
                                                      0.043     2.199 r  student_top_inst/Core_cpu/u_core_top/u_dcache/tag_q_reg_896_959_9_11/RAMC/O
                         net (fo=1, routed)           0.592     2.791    student_top_inst/Core_cpu/u_core_top/u_dcache/tag_q_reg_896_959_9_11_n_2
    SLICE_X63Y115        LUT6 (Prop_lut6_I1_O)        0.043     2.834 r  student_top_inst/Core_cpu/u_core_top/u_dcache/g_data_bank[0].u_data_bank_i_1230/O
                         net (fo=1, routed)           0.000     2.834    student_top_inst/Core_cpu/u_core_top/u_dcache/g_data_bank[0].u_data_bank_i_1230_n_0
    SLICE_X63Y115        MUXF7 (Prop_muxf7_I1_O)      0.108     2.942 r  student_top_inst/Core_cpu/u_core_top/u_dcache/g_data_bank[0].u_data_bank_i_1150/O
                         net (fo=1, routed)           0.000     2.942    student_top_inst/Core_cpu/u_core_top/u_dcache/g_data_bank[0].u_data_bank_i_1150_n_0
    SLICE_X63Y115        MUXF8 (Prop_muxf8_I1_O)      0.043     2.985 r  student_top_inst/Core_cpu/u_core_top/u_dcache/g_data_bank[0].u_data_bank_i_554/O
                         net (fo=1, routed)           0.598     3.583    student_top_inst/Core_cpu/u_core_top/u_dcache/g_data_bank[0].u_data_bank_i_554_n_0
    SLICE_X69Y130        LUT6 (Prop_lut6_I1_O)        0.126     3.709 f  student_top_inst/Core_cpu/u_core_top/u_dcache/g_data_bank[0].u_data_bank_i_260/O
                         net (fo=1, routed)           0.281     3.989    student_top_inst/Core_cpu/u_core_top/u_dcache/g_data_bank[0].u_data_bank_i_260_n_0
    SLICE_X75Y130        LUT6 (Prop_lut6_I5_O)        0.043     4.032 r  student_top_inst/Core_cpu/u_core_top/u_dcache/g_data_bank[0].u_data_bank_i_118/O
                         net (fo=1, routed)           0.000     4.032    student_top_inst/Core_cpu/u_core_top/u_dcache/g_data_bank[0].u_data_bank_i_118_n_0
    SLICE_X75Y130        CARRY4 (Prop_carry4_S[3]_CO[3])
                                                      0.193     4.225 r  student_top_inst/Core_cpu/u_core_top/u_dcache/g_data_bank[0].u_data_bank_i_82/CO[3]
                         net (fo=1, routed)           0.000     4.225    student_top_inst/Core_cpu/u_core_top/u_dcache/g_data_bank[0].u_data_bank_i_82_n_0
    SLICE_X75Y131        CARRY4 (Prop_carry4_CI_CO[1])
                                                      0.077     4.302 r  student_top_inst/Core_cpu/u_core_top/u_dcache/g_data_bank[0].u_data_bank_i_63/CO[1]
                         net (fo=10, routed)          0.208     4.510    student_top_inst/Core_cpu/u_core_top/u_dcache/hit_c0
    SLICE_X76Y131        LUT6 (Prop_lut6_I0_O)        0.122     4.632 f  student_top_inst/Core_cpu/u_core_top/u_dcache/g_data_bank[0].u_data_bank_i_52/O
                         net (fo=6, routed)           0.357     4.989    student_top_inst/Core_cpu/u_core_top/u_dcache/g_data_bank[0].u_data_bank_i_52_n_0
    SLICE_X79Y131        LUT5 (Prop_lut5_I4_O)        0.043     5.032 r  student_top_inst/Core_cpu/u_core_top/u_dcache/store_update_valid_q_i_1/O
                         net (fo=50, routed)          0.588     5.620    student_top_inst/Core_cpu/u_core_top/u_dcache/store_update_valid_q
    SLICE_X87Y128        FDRE                                         r  student_top_inst/Core_cpu/u_core_top/u_dcache/store_update_index_q_reg[0]/CE
  -------------------------------------------------------------------    -------------------

                         (clock clk_out2_pll rise edge)
                                                      5.000     5.000 r  
    AD12                                              0.000     5.000 r  i_sys_clk_p (IN)
                         net (fo=0)                   0.000     5.000    pll_inst/inst/clk_in1_p
    AD12                 IBUFDS (Prop_ibufds_I_O)     0.803     5.803 r  pll_inst/inst/clkin1_ibufgds/O
                         net (fo=1, routed)           0.986     6.789    pll_inst/inst/clk_in1_pll
    MMCME2_ADV_X1Y1      MMCME2_ADV (Prop_mmcme2_adv_CLKIN1_CLKOUT1)
                                                     -6.759     0.030 r  pll_inst/inst/mmcm_adv_inst/CLKOUT1
                         net (fo=1, routed)           2.005     2.035    pll_inst/inst/clk_out2_pll
    BUFGCTRL_X0Y0        BUFG (Prop_bufg_I_O)         0.083     2.118 r  pll_inst/inst/clkout2_buf/O
                         net (fo=12327, routed)       1.258     3.376    student_top_inst/Core_cpu/u_core_top/u_dcache/clk
    SLICE_X87Y128        FDRE                                         r  student_top_inst/Core_cpu/u_core_top/u_dcache/store_update_index_q_reg[0]/C
                         clock pessimism             -0.680     2.697    
                         clock uncertainty           -0.060     2.636    
    SLICE_X87Y128        FDRE (Setup_fdre_C_CE)      -0.201     2.435    student_top_inst/Core_cpu/u_core_top/u_dcache/store_update_index_q_reg[0]
  -------------------------------------------------------------------
                         required time                          2.435    
                         arrival time                          -5.620    
  -------------------------------------------------------------------
                         slack                                 -3.185    





Pulse Width Checks
--------------------------------------------------------------------------------------
Clock Name:         clk_out2_pll
Waveform(ns):       { 0.000 2.500 }
Period(ns):         5.000
Sources:            { pll_inst/inst/mmcm_adv_inst/CLKOUT1 }

Check Type        Corner  Lib Pin             Reference Pin  Required(ns)  Actual(ns)  Slack(ns)  Location         Pin
Min Period        n/a     RAMB36E1/CLKARDCLK  n/a            2.095         5.000       2.905      RAMB36_X3Y19     student_top_inst/Core_cpu/u_core_top/u_dcache/g_data_bank[0].u_data_bank/mem_q_reg_0/CLKARDCLK
Min Period        n/a     RAMB36E1/CLKARDCLK  n/a            2.095         5.000       2.905      RAMB36_X3Y17     student_top_inst/Core_cpu/u_core_top/u_dcache/g_data_bank[0].u_data_bank/mem_q_reg_1/CLKARDCLK
Min Period        n/a     RAMB36E1/CLKARDCLK  n/a            2.095         5.000       2.905      RAMB36_X3Y22     student_top_inst/Core_cpu/u_core_top/u_dcache/g_data_bank[1].u_data_bank/mem_q_reg_0/CLKARDCLK
Min Period        n/a     RAMB36E1/CLKARDCLK  n/a            2.095         5.000       2.905      RAMB36_X3Y21     student_top_inst/Core_cpu/u_core_top/u_dcache/g_data_bank[1].u_data_bank/mem_q_reg_1/CLKARDCLK
Min Period        n/a     RAMB36E1/CLKARDCLK  n/a            2.095         5.000       2.905      RAMB36_X3Y18     student_top_inst/Core_cpu/u_core_top/u_dcache/g_data_bank[2].u_data_bank/mem_q_reg_0/CLKARDCLK
Min Period        n/a     RAMB36E1/CLKARDCLK  n/a            2.095         5.000       2.905      RAMB36_X3Y20     student_top_inst/Core_cpu/u_core_top/u_dcache/g_data_bank[2].u_data_bank/mem_q_reg_1/CLKARDCLK
Min Period        n/a     RAMB36E1/CLKARDCLK  n/a            2.095         5.000       2.905      RAMB36_X4Y21     student_top_inst/Core_cpu/u_core_top/u_dcache/g_data_bank[3].u_data_bank/mem_q_reg_0/CLKARDCLK
Min Period        n/a     RAMB36E1/CLKARDCLK  n/a            2.095         5.000       2.905      RAMB36_X3Y16     student_top_inst/Core_cpu/u_core_top/u_dcache/g_data_bank[3].u_data_bank/mem_q_reg_1/CLKARDCLK
Min Period        n/a     RAMB36E1/CLKBWRCLK  n/a            1.839         5.000       3.161      RAMB36_X3Y19     student_top_inst/Core_cpu/u_core_top/u_dcache/g_data_bank[0].u_data_bank/mem_q_reg_0/CLKBWRCLK
Min Period        n/a     RAMB36E1/CLKBWRCLK  n/a            1.839         5.000       3.161      RAMB36_X3Y17     student_top_inst/Core_cpu/u_core_top/u_dcache/g_data_bank[0].u_data_bank/mem_q_reg_1/CLKBWRCLK
Min Period        n/a     RAMB36E1/CLKBWRCLK  n/a            1.839         5.000       3.161      RAMB36_X3Y22     student_top_inst/Core_cpu/u_core_top/u_dcache/g_data_bank[1].u_data_bank/mem_q_reg_0/CLKBWRCLK
Min Period        n/a     RAMB36E1/CLKBWRCLK  n/a            1.839         5.000       3.161      RAMB36_X3Y21     student_top_inst/Core_cpu/u_core_top/u_dcache/g_data_bank[1].u_data_bank/mem_q_reg_1/CLKBWRCLK
Min Period        n/a     RAMB36E1/CLKBWRCLK  n/a            1.839         5.000       3.161      RAMB36_X3Y18     student_top_inst/Core_cpu/u_core_top/u_dcache/g_data_bank[2].u_data_bank/mem_q_reg_0/CLKBWRCLK
Min Period        n/a     RAMB36E1/CLKBWRCLK  n/a            1.839         5.000       3.161      RAMB36_X3Y20     student_top_inst/Core_cpu/u_core_top/u_dcache/g_data_bank[2].u_data_bank/mem_q_reg_1/CLKBWRCLK
Min Period        n/a     RAMB36E1/CLKBWRCLK  n/a            1.839         5.000       3.161      RAMB36_X4Y21     student_top_inst/Core_cpu/u_core_top/u_dcache/g_data_bank[3].u_data_bank/mem_q_reg_0/CLKBWRCLK
Min Period        n/a     RAMB36E1/CLKBWRCLK  n/a            1.839         5.000       3.161      RAMB36_X3Y16     student_top_inst/Core_cpu/u_core_top/u_dcache/g_data_bank[3].u_data_bank/mem_q_reg_1/CLKBWRCLK
Min Period        n/a     RAMB36E1/CLKARDCLK  n/a            1.839         5.000       3.161      RAMB36_X2Y40     student_top_inst/Mem_IROM/U0/inst_blk_mem_gen/gnbram.gnativebmg.native_blk_mem_gen/valid.cstr/ramloop[0].ram.r/prim_init.ram/DEVICE_7SERIES.NO_BMM_INFO.SP.SIMPLE_PRIM36.ram/CLKARDCLK
Min Period        n/a     RAMB36E1/CLKBWRCLK  n/a            1.839         5.000       3.161      RAMB36_X2Y40     student_top_inst/Mem_IROM/U0/inst_blk_mem_gen/gnbram.gnativebmg.native_blk_mem_gen/valid.cstr/ramloop[0].ram.r/prim_init.ram/DEVICE_7SERIES.NO_BMM_INFO.SP.SIMPLE_PRIM36.ram/CLKBWRCLK
Min Period        n/a     RAMB36E1/CLKARDCLK  n/a            1.839         5.000       3.161      RAMB36_X2Y39     student_top_inst/Mem_IROM/U0/inst_blk_mem_gen/gnbram.gnativebmg.native_blk_mem_gen/valid.cstr/ramloop[1].ram.r/prim_init.ram/DEVICE_7SERIES.NO_BMM_INFO.SP.SIMPLE_PRIM36.ram/CLKARDCLK
Min Period        n/a     RAMB36E1/CLKBWRCLK  n/a            1.839         5.000       3.161      RAMB36_X2Y39     student_top_inst/Mem_IROM/U0/inst_blk_mem_gen/gnbram.gnativebmg.native_blk_mem_gen/valid.cstr/ramloop[1].ram.r/prim_init.ram/DEVICE_7SERIES.NO_BMM_INFO.SP.SIMPLE_PRIM36.ram/CLKBWRCLK
Max Period        n/a     MMCME2_ADV/CLKOUT1  n/a            213.360       5.000       208.360    MMCME2_ADV_X1Y1  pll_inst/inst/mmcm_adv_inst/CLKOUT1
Low Pulse Width   Slow    RAMD64E/CLK         n/a            0.768         2.500       1.732      SLICE_X58Y131    student_top_inst/Core_cpu/u_core_top/u_dcache/tag_q_reg_0_63_0_2/RAMA/CLK
Low Pulse Width   Fast    RAMD64E/CLK         n/a            0.768         2.500       1.732      SLICE_X58Y131    student_top_inst/Core_cpu/u_core_top/u_dcache/tag_q_reg_0_63_0_2/RAMA/CLK
Low Pulse Width   Slow    RAMD64E/CLK         n/a            0.768         2.500       1.732      SLICE_X58Y131    student_top_inst/Core_cpu/u_core_top/u_dcache/tag_q_reg_0_63_0_2/RAMB/CLK
Low Pulse Width   Fast    RAMD64E/CLK         n/a            0.768         2.500       1.732      SLICE_X58Y131    student_top_inst/Core_cpu/u_core_top/u_dcache/tag_q_reg_0_63_0_2/RAMB/CLK
Low Pulse Width   Slow    RAMD64E/CLK         n/a            0.768         2.500       1.732      SLICE_X58Y131    student_top_inst/Core_cpu/u_core_top/u_dcache/tag_q_reg_0_63_0_2/RAMC/CLK
Low Pulse Width   Fast    RAMD64E/CLK         n/a            0.768         2.500       1.732      SLICE_X58Y131    student_top_inst/Core_cpu/u_core_top/u_dcache/tag_q_reg_0_63_0_2/RAMC/CLK
Low Pulse Width   Slow    RAMD64E/CLK         n/a            0.768         2.500       1.732      SLICE_X58Y131    student_top_inst/Core_cpu/u_core_top/u_dcache/tag_q_reg_0_63_0_2/RAMD/CLK
Low Pulse Width   Fast    RAMD64E/CLK         n/a            0.768         2.500       1.732      SLICE_X58Y131    student_top_inst/Core_cpu/u_core_top/u_dcache/tag_q_reg_0_63_0_2/RAMD/CLK
Low Pulse Width   Slow    RAMD64E/CLK         n/a            0.768         2.500       1.732      SLICE_X62Y144    student_top_inst/Core_cpu/u_core_top/u_dcache/tag_q_reg_0_63_12_14/RAMA/CLK
Low Pulse Width   Fast    RAMD64E/CLK         n/a            0.768         2.500       1.732      SLICE_X62Y144    student_top_inst/Core_cpu/u_core_top/u_dcache/tag_q_reg_0_63_12_14/RAMA/CLK
Low Pulse Width   Slow    RAMD64E/CLK         n/a            0.768         2.500       1.732      SLICE_X62Y144    student_top_inst/Core_cpu/u_core_top/u_dcache/tag_q_reg_0_63_12_14/RAMB/CLK
Low Pulse Width   Fast    RAMD64E/CLK         n/a            0.768         2.500       1.732      SLICE_X62Y144    student_top_inst/Core_cpu/u_core_top/u_dcache/tag_q_reg_0_63_12_14/RAMB/CLK
Low Pulse Width   Slow    RAMD64E/CLK         n/a            0.768         2.500       1.732      SLICE_X62Y144    student_top_inst/Core_cpu/u_core_top/u_dcache/tag_q_reg_0_63_12_14/RAMC/CLK
Low Pulse Width   Fast    RAMD64E/CLK         n/a            0.768         2.500       1.732      SLICE_X62Y144    student_top_inst/Core_cpu/u_core_top/u_dcache/tag_q_reg_0_63_12_14/RAMC/CLK
Low Pulse Width   Slow    RAMD64E/CLK         n/a            0.768         2.500       1.732      SLICE_X62Y144    student_top_inst/Core_cpu/u_core_top/u_dcache/tag_q_reg_0_63_12_14/RAMD/CLK
Low Pulse Width   Fast    RAMD64E/CLK         n/a            0.768         2.500       1.732      SLICE_X62Y144    student_top_inst/Core_cpu/u_core_top/u_dcache/tag_q_reg_0_63_12_14/RAMD/CLK
Low Pulse Width   Slow    RAMD64E/CLK         n/a            0.768         2.500       1.732      SLICE_X54Y137    student_top_inst/Core_cpu/u_core_top/u_dcache/tag_q_reg_0_63_15_16/RAMA/CLK
Low Pulse Width   Fast    RAMD64E/CLK         n/a            0.768         2.500       1.732      SLICE_X54Y137    student_top_inst/Core_cpu/u_core_top/u_dcache/tag_q_reg_0_63_15_16/RAMA/CLK
Low Pulse Width   Slow    RAMD64E/CLK         n/a            0.768         2.500       1.732      SLICE_X54Y137    student_top_inst/Core_cpu/u_core_top/u_dcache/tag_q_reg_0_63_15_16/RAMB/CLK
Low Pulse Width   Fast    RAMD64E/CLK         n/a            0.768         2.500       1.732      SLICE_X54Y137    student_top_inst/Core_cpu/u_core_top/u_dcache/tag_q_reg_0_63_15_16/RAMB/CLK
High Pulse Width  Slow    RAMD64E/CLK         n/a            0.768         2.500       1.732      SLICE_X58Y131    student_top_inst/Core_cpu/u_core_top/u_dcache/tag_q_reg_0_63_0_2/RAMA/CLK
High Pulse Width  Fast    RAMD64E/CLK         n/a            0.768         2.500       1.732      SLICE_X58Y131    student_top_inst/Core_cpu/u_core_top/u_dcache/tag_q_reg_0_63_0_2/RAMA/CLK
High Pulse Width  Slow    RAMD64E/CLK         n/a            0.768         2.500       1.732      SLICE_X58Y131    student_top_inst/Core_cpu/u_core_top/u_dcache/tag_q_reg_0_63_0_2/RAMB/CLK
High Pulse Width  Fast    RAMD64E/CLK         n/a            0.768         2.500       1.732      SLICE_X58Y131    student_top_inst/Core_cpu/u_core_top/u_dcache/tag_q_reg_0_63_0_2/RAMB/CLK
High Pulse Width  Slow    RAMD64E/CLK         n/a            0.768         2.500       1.732      SLICE_X58Y131    student_top_inst/Core_cpu/u_core_top/u_dcache/tag_q_reg_0_63_0_2/RAMC/CLK
High Pulse Width  Fast    RAMD64E/CLK         n/a            0.768         2.500       1.732      SLICE_X58Y131    student_top_inst/Core_cpu/u_core_top/u_dcache/tag_q_reg_0_63_0_2/RAMC/CLK
High Pulse Width  Slow    RAMD64E/CLK         n/a            0.768         2.500       1.732      SLICE_X58Y131    student_top_inst/Core_cpu/u_core_top/u_dcache/tag_q_reg_0_63_0_2/RAMD/CLK
High Pulse Width  Fast    RAMD64E/CLK         n/a            0.768         2.500       1.732      SLICE_X58Y131    student_top_inst/Core_cpu/u_core_top/u_dcache/tag_q_reg_0_63_0_2/RAMD/CLK
High Pulse Width  Slow    RAMD64E/CLK         n/a            0.768         2.500       1.732      SLICE_X62Y144    student_top_inst/Core_cpu/u_core_top/u_dcache/tag_q_reg_0_63_12_14/RAMA/CLK
High Pulse Width  Fast    RAMD64E/CLK         n/a            0.768         2.500       1.732      SLICE_X62Y144    student_top_inst/Core_cpu/u_core_top/u_dcache/tag_q_reg_0_63_12_14/RAMA/CLK
High Pulse Width  Slow    RAMD64E/CLK         n/a            0.768         2.500       1.732      SLICE_X62Y144    student_top_inst/Core_cpu/u_core_top/u_dcache/tag_q_reg_0_63_12_14/RAMB/CLK
High Pulse Width  Fast    RAMD64E/CLK         n/a            0.768         2.500       1.732      SLICE_X62Y144    student_top_inst/Core_cpu/u_core_top/u_dcache/tag_q_reg_0_63_12_14/RAMB/CLK
High Pulse Width  Slow    RAMD64E/CLK         n/a            0.768         2.500       1.732      SLICE_X62Y144    student_top_inst/Core_cpu/u_core_top/u_dcache/tag_q_reg_0_63_12_14/RAMC/CLK
High Pulse Width  Fast    RAMD64E/CLK         n/a            0.768         2.500       1.732      SLICE_X62Y144    student_top_inst/Core_cpu/u_core_top/u_dcache/tag_q_reg_0_63_12_14/RAMC/CLK
High Pulse Width  Slow    RAMD64E/CLK         n/a            0.768         2.500       1.732      SLICE_X62Y144    student_top_inst/Core_cpu/u_core_top/u_dcache/tag_q_reg_0_63_12_14/RAMD/CLK
High Pulse Width  Fast    RAMD64E/CLK         n/a            0.768         2.500       1.732      SLICE_X62Y144    student_top_inst/Core_cpu/u_core_top/u_dcache/tag_q_reg_0_63_12_14/RAMD/CLK
High Pulse Width  Slow    RAMD64E/CLK         n/a            0.768         2.500       1.732      SLICE_X54Y137    student_top_inst/Core_cpu/u_core_top/u_dcache/tag_q_reg_0_63_15_16/RAMA/CLK
High Pulse Width  Fast    RAMD64E/CLK         n/a            0.768         2.500       1.732      SLICE_X54Y137    student_top_inst/Core_cpu/u_core_top/u_dcache/tag_q_reg_0_63_15_16/RAMA/CLK
High Pulse Width  Slow    RAMD64E/CLK         n/a            0.768         2.500       1.732      SLICE_X54Y137    student_top_inst/Core_cpu/u_core_top/u_dcache/tag_q_reg_0_63_15_16/RAMB/CLK
High Pulse Width  Fast    RAMD64E/CLK         n/a            0.768         2.500       1.732      SLICE_X54Y137    student_top_inst/Core_cpu/u_core_top/u_dcache/tag_q_reg_0_63_15_16/RAMB/CLK



---------------------------------------------------------------------------------------------------
From Clock:  clkfbout_pll
  To Clock:  clkfbout_pll

Setup :           NA  Failing Endpoints,  Worst Slack           NA  ,  Total Violation           NA
Hold  :           NA  Failing Endpoints,  Worst Slack           NA  ,  Total Violation           NA
PW    :            0  Failing Endpoints,  Worst Slack        3.592ns,  Total Violation        0.000ns
---------------------------------------------------------------------------------------------------


Pulse Width Checks
--------------------------------------------------------------------------------------
Clock Name:         clkfbout_pll
Waveform(ns):       { 0.000 2.500 }
Period(ns):         5.000
Sources:            { pll_inst/inst/mmcm_adv_inst/CLKFBOUT }

Check Type  Corner  Lib Pin              Reference Pin  Required(ns)  Actual(ns)  Slack(ns)  Location         Pin
Min Period  n/a     BUFG/I               n/a            1.408         5.000       3.591      BUFGCTRL_X0Y2    pll_inst/inst/clkf_buf/I
Min Period  n/a     MMCME2_ADV/CLKFBOUT  n/a            1.071         5.000       3.929      MMCME2_ADV_X1Y1  pll_inst/inst/mmcm_adv_inst/CLKFBOUT
Min Period  n/a     MMCME2_ADV/CLKFBIN   n/a            1.071         5.000       3.929      MMCME2_ADV_X1Y1  pll_inst/inst/mmcm_adv_inst/CLKFBIN
Max Period  n/a     MMCME2_ADV/CLKFBIN   n/a            100.000       5.000       95.000     MMCME2_ADV_X1Y1  pll_inst/inst/mmcm_adv_inst/CLKFBIN
Max Period  n/a     MMCME2_ADV/CLKFBOUT  n/a            213.360       5.000       208.360    MMCME2_ADV_X1Y1  pll_inst/inst/mmcm_adv_inst/CLKFBOUT



---------------------------------------------------------------------------------------------------
Path Group:  **async_default**
From Clock:  clk_out1_pll
  To Clock:  clk_out1_pll

Setup :            0  Failing Endpoints,  Worst Slack       17.066ns,  Total Violation        0.000ns
Hold  :           NA  Failing Endpoints,  Worst Slack           NA  ,  Total Violation           NA
---------------------------------------------------------------------------------------------------


Max Delay Paths
--------------------------------------------------------------------------------------
Slack (MET) :             17.066ns  (required time - arrival time)
  Source:                 rst_50m_sync_reg/C
                            (rising edge-triggered cell FDPE clocked by clk_out1_pll  {rise@0.000ns fall@10.000ns period=20.000ns})
  Destination:            uart_inst/rx_cnt_reg[0]/CLR
                            (recovery check against rising-edge clock clk_out1_pll  {rise@0.000ns fall@10.000ns period=20.000ns})
  Path Group:             **async_default**
  Path Type:              Recovery (Max at Slow Process Corner)
  Requirement:            20.000ns  (clk_out1_pll rise@20.000ns - clk_out1_pll rise@0.000ns)
  Data Path Delay:        2.509ns  (logic 0.204ns (8.132%)  route 2.305ns (91.868%))
  Logic Levels:           0  
  Clock Path Skew:        -0.057ns (DCD - SCD + CPR)
    Destination Clock Delay (DCD):    -1.571ns = ( 18.429 - 20.000 ) 
    Source Clock Delay      (SCD):    -2.120ns
    Clock Pessimism Removal (CPR):    -0.607ns
  Clock Uncertainty:      0.074ns  ((TSJ^2 + DJ^2)^1/2) / 2 + PE
    Total System Jitter     (TSJ):    0.071ns
    Discrete Jitter          (DJ):    0.129ns
    Phase Error              (PE):    0.000ns

    Location             Delay type                Incr(ns)  Path(ns)    Netlist Resource(s)
  -------------------------------------------------------------------    -------------------
                         (clock clk_out1_pll rise edge)
                                                      0.000     0.000 r  
    AD12                                              0.000     0.000 r  i_sys_clk_p (IN)
                         net (fo=0)                   0.000     0.000    pll_inst/inst/clk_in1_p
    AD12                 IBUFDS (Prop_ibufds_I_O)     0.906     0.906 r  pll_inst/inst/clkin1_ibufgds/O
                         net (fo=1, routed)           1.081     1.987    pll_inst/inst/clk_in1_pll
    MMCME2_ADV_X1Y1      MMCME2_ADV (Prop_mmcme2_adv_CLKIN1_CLKOUT0)
                                                     -7.786    -5.799 r  pll_inst/inst/mmcm_adv_inst/CLKOUT0
                         net (fo=1, routed)           2.130    -3.669    pll_inst/inst/clk_out1_pll
    BUFGCTRL_X0Y1        BUFG (Prop_bufg_I_O)         0.093    -3.576 r  pll_inst/inst/clkout1_buf/O
                         net (fo=581, routed)         1.456    -2.120    w_clk_50Mhz
    SLICE_X37Y137        FDPE                                         r  rst_50m_sync_reg/C
  -------------------------------------------------------------------    -------------------
    SLICE_X37Y137        FDPE (Prop_fdpe_C_Q)         0.204    -1.916 f  rst_50m_sync_reg/Q
                         net (fo=314, routed)         2.305     0.388    uart_inst/rst_n
    SLICE_X37Y124        FDCE                                         f  uart_inst/rx_cnt_reg[0]/CLR
  -------------------------------------------------------------------    -------------------

                         (clock clk_out1_pll rise edge)
                                                     20.000    20.000 r  
    AD12                                              0.000    20.000 r  i_sys_clk_p (IN)
                         net (fo=0)                   0.000    20.000    pll_inst/inst/clk_in1_p
    AD12                 IBUFDS (Prop_ibufds_I_O)     0.803    20.803 r  pll_inst/inst/clkin1_ibufgds/O
                         net (fo=1, routed)           0.986    21.789    pll_inst/inst/clk_in1_pll
    MMCME2_ADV_X1Y1      MMCME2_ADV (Prop_mmcme2_adv_CLKIN1_CLKOUT0)
                                                     -6.759    15.030 r  pll_inst/inst/mmcm_adv_inst/CLKOUT0
                         net (fo=1, routed)           2.005    17.035    pll_inst/inst/clk_out1_pll
    BUFGCTRL_X0Y1        BUFG (Prop_bufg_I_O)         0.083    17.118 r  pll_inst/inst/clkout1_buf/O
                         net (fo=581, routed)         1.311    18.429    uart_inst/clk
    SLICE_X37Y124        FDCE                                         r  uart_inst/rx_cnt_reg[0]/C
                         clock pessimism             -0.607    17.823    
                         clock uncertainty           -0.074    17.749    
    SLICE_X37Y124        FDCE (Recov_fdce_C_CLR)     -0.295    17.454    uart_inst/rx_cnt_reg[0]
  -------------------------------------------------------------------
                         required time                         17.454    
                         arrival time                          -0.388    
  -------------------------------------------------------------------
                         slack                                 17.066    

Slack (MET) :             17.066ns  (required time - arrival time)
  Source:                 rst_50m_sync_reg/C
                            (rising edge-triggered cell FDPE clocked by clk_out1_pll  {rise@0.000ns fall@10.000ns period=20.000ns})
  Destination:            uart_inst/rx_cnt_reg[1]/CLR
                            (recovery check against rising-edge clock clk_out1_pll  {rise@0.000ns fall@10.000ns period=20.000ns})
  Path Group:             **async_default**
  Path Type:              Recovery (Max at Slow Process Corner)
  Requirement:            20.000ns  (clk_out1_pll rise@20.000ns - clk_out1_pll rise@0.000ns)
  Data Path Delay:        2.509ns  (logic 0.204ns (8.132%)  route 2.305ns (91.868%))
  Logic Levels:           0  
  Clock Path Skew:        -0.057ns (DCD - SCD + CPR)
    Destination Clock Delay (DCD):    -1.571ns = ( 18.429 - 20.000 ) 
    Source Clock Delay      (SCD):    -2.120ns
    Clock Pessimism Removal (CPR):    -0.607ns
  Clock Uncertainty:      0.074ns  ((TSJ^2 + DJ^2)^1/2) / 2 + PE
    Total System Jitter     (TSJ):    0.071ns
    Discrete Jitter          (DJ):    0.129ns
    Phase Error              (PE):    0.000ns

    Location             Delay type                Incr(ns)  Path(ns)    Netlist Resource(s)
  -------------------------------------------------------------------    -------------------
                         (clock clk_out1_pll rise edge)
                                                      0.000     0.000 r  
    AD12                                              0.000     0.000 r  i_sys_clk_p (IN)
                         net (fo=0)                   0.000     0.000    pll_inst/inst/clk_in1_p
    AD12                 IBUFDS (Prop_ibufds_I_O)     0.906     0.906 r  pll_inst/inst/clkin1_ibufgds/O
                         net (fo=1, routed)           1.081     1.987    pll_inst/inst/clk_in1_pll
    MMCME2_ADV_X1Y1      MMCME2_ADV (Prop_mmcme2_adv_CLKIN1_CLKOUT0)
                                                     -7.786    -5.799 r  pll_inst/inst/mmcm_adv_inst/CLKOUT0
                         net (fo=1, routed)           2.130    -3.669    pll_inst/inst/clk_out1_pll
    BUFGCTRL_X0Y1        BUFG (Prop_bufg_I_O)         0.093    -3.576 r  pll_inst/inst/clkout1_buf/O
                         net (fo=581, routed)         1.456    -2.120    w_clk_50Mhz
    SLICE_X37Y137        FDPE                                         r  rst_50m_sync_reg/C
  -------------------------------------------------------------------    -------------------
    SLICE_X37Y137        FDPE (Prop_fdpe_C_Q)         0.204    -1.916 f  rst_50m_sync_reg/Q
                         net (fo=314, routed)         2.305     0.388    uart_inst/rst_n
    SLICE_X37Y124        FDCE                                         f  uart_inst/rx_cnt_reg[1]/CLR
  -------------------------------------------------------------------    -------------------

                         (clock clk_out1_pll rise edge)
                                                     20.000    20.000 r  
    AD12                                              0.000    20.000 r  i_sys_clk_p (IN)
                         net (fo=0)                   0.000    20.000    pll_inst/inst/clk_in1_p
    AD12                 IBUFDS (Prop_ibufds_I_O)     0.803    20.803 r  pll_inst/inst/clkin1_ibufgds/O
                         net (fo=1, routed)           0.986    21.789    pll_inst/inst/clk_in1_pll
    MMCME2_ADV_X1Y1      MMCME2_ADV (Prop_mmcme2_adv_CLKIN1_CLKOUT0)
                                                     -6.759    15.030 r  pll_inst/inst/mmcm_adv_inst/CLKOUT0
                         net (fo=1, routed)           2.005    17.035    pll_inst/inst/clk_out1_pll
    BUFGCTRL_X0Y1        BUFG (Prop_bufg_I_O)         0.083    17.118 r  pll_inst/inst/clkout1_buf/O
                         net (fo=581, routed)         1.311    18.429    uart_inst/clk
    SLICE_X37Y124        FDCE                                         r  uart_inst/rx_cnt_reg[1]/C
                         clock pessimism             -0.607    17.823    
                         clock uncertainty           -0.074    17.749    
    SLICE_X37Y124        FDCE (Recov_fdce_C_CLR)     -0.295    17.454    uart_inst/rx_cnt_reg[1]
  -------------------------------------------------------------------
                         required time                         17.454    
                         arrival time                          -0.388    
  -------------------------------------------------------------------
                         slack                                 17.066    

Slack (MET) :             17.066ns  (required time - arrival time)
  Source:                 rst_50m_sync_reg/C
                            (rising edge-triggered cell FDPE clocked by clk_out1_pll  {rise@0.000ns fall@10.000ns period=20.000ns})
  Destination:            uart_inst/rx_cnt_reg[2]/CLR
                            (recovery check against rising-edge clock clk_out1_pll  {rise@0.000ns fall@10.000ns period=20.000ns})
  Path Group:             **async_default**
  Path Type:              Recovery (Max at Slow Process Corner)
  Requirement:            20.000ns  (clk_out1_pll rise@20.000ns - clk_out1_pll rise@0.000ns)
  Data Path Delay:        2.509ns  (logic 0.204ns (8.132%)  route 2.305ns (91.868%))
  Logic Levels:           0  
  Clock Path Skew:        -0.057ns (DCD - SCD + CPR)
    Destination Clock Delay (DCD):    -1.571ns = ( 18.429 - 20.000 ) 
    Source Clock Delay      (SCD):    -2.120ns
    Clock Pessimism Removal (CPR):    -0.607ns
  Clock Uncertainty:      0.074ns  ((TSJ^2 + DJ^2)^1/2) / 2 + PE
    Total System Jitter     (TSJ):    0.071ns
    Discrete Jitter          (DJ):    0.129ns
    Phase Error              (PE):    0.000ns

    Location             Delay type                Incr(ns)  Path(ns)    Netlist Resource(s)
  -------------------------------------------------------------------    -------------------
                         (clock clk_out1_pll rise edge)
                                                      0.000     0.000 r  
    AD12                                              0.000     0.000 r  i_sys_clk_p (IN)
                         net (fo=0)                   0.000     0.000    pll_inst/inst/clk_in1_p
    AD12                 IBUFDS (Prop_ibufds_I_O)     0.906     0.906 r  pll_inst/inst/clkin1_ibufgds/O
                         net (fo=1, routed)           1.081     1.987    pll_inst/inst/clk_in1_pll
    MMCME2_ADV_X1Y1      MMCME2_ADV (Prop_mmcme2_adv_CLKIN1_CLKOUT0)
                                                     -7.786    -5.799 r  pll_inst/inst/mmcm_adv_inst/CLKOUT0
                         net (fo=1, routed)           2.130    -3.669    pll_inst/inst/clk_out1_pll
    BUFGCTRL_X0Y1        BUFG (Prop_bufg_I_O)         0.093    -3.576 r  pll_inst/inst/clkout1_buf/O
                         net (fo=581, routed)         1.456    -2.120    w_clk_50Mhz
    SLICE_X37Y137        FDPE                                         r  rst_50m_sync_reg/C
  -------------------------------------------------------------------    -------------------
    SLICE_X37Y137        FDPE (Prop_fdpe_C_Q)         0.204    -1.916 f  rst_50m_sync_reg/Q
                         net (fo=314, routed)         2.305     0.388    uart_inst/rst_n
    SLICE_X37Y124        FDCE                                         f  uart_inst/rx_cnt_reg[2]/CLR
  -------------------------------------------------------------------    -------------------

                         (clock clk_out1_pll rise edge)
                                                     20.000    20.000 r  
    AD12                                              0.000    20.000 r  i_sys_clk_p (IN)
                         net (fo=0)                   0.000    20.000    pll_inst/inst/clk_in1_p
    AD12                 IBUFDS (Prop_ibufds_I_O)     0.803    20.803 r  pll_inst/inst/clkin1_ibufgds/O
                         net (fo=1, routed)           0.986    21.789    pll_inst/inst/clk_in1_pll
    MMCME2_ADV_X1Y1      MMCME2_ADV (Prop_mmcme2_adv_CLKIN1_CLKOUT0)
                                                     -6.759    15.030 r  pll_inst/inst/mmcm_adv_inst/CLKOUT0
                         net (fo=1, routed)           2.005    17.035    pll_inst/inst/clk_out1_pll
    BUFGCTRL_X0Y1        BUFG (Prop_bufg_I_O)         0.083    17.118 r  pll_inst/inst/clkout1_buf/O
                         net (fo=581, routed)         1.311    18.429    uart_inst/clk
    SLICE_X37Y124        FDCE                                         r  uart_inst/rx_cnt_reg[2]/C
                         clock pessimism             -0.607    17.823    
                         clock uncertainty           -0.074    17.749    
    SLICE_X37Y124        FDCE (Recov_fdce_C_CLR)     -0.295    17.454    uart_inst/rx_cnt_reg[2]
  -------------------------------------------------------------------
                         required time                         17.454    
                         arrival time                          -0.388    
  -------------------------------------------------------------------
                         slack                                 17.066    

Slack (MET) :             17.066ns  (required time - arrival time)
  Source:                 rst_50m_sync_reg/C
                            (rising edge-triggered cell FDPE clocked by clk_out1_pll  {rise@0.000ns fall@10.000ns period=20.000ns})
  Destination:            uart_inst/rx_cnt_reg[3]/CLR
                            (recovery check against rising-edge clock clk_out1_pll  {rise@0.000ns fall@10.000ns period=20.000ns})
  Path Group:             **async_default**
  Path Type:              Recovery (Max at Slow Process Corner)
  Requirement:            20.000ns  (clk_out1_pll rise@20.000ns - clk_out1_pll rise@0.000ns)
  Data Path Delay:        2.509ns  (logic 0.204ns (8.132%)  route 2.305ns (91.868%))
  Logic Levels:           0  
  Clock Path Skew:        -0.057ns (DCD - SCD + CPR)
    Destination Clock Delay (DCD):    -1.571ns = ( 18.429 - 20.000 ) 
    Source Clock Delay      (SCD):    -2.120ns
    Clock Pessimism Removal (CPR):    -0.607ns
  Clock Uncertainty:      0.074ns  ((TSJ^2 + DJ^2)^1/2) / 2 + PE
    Total System Jitter     (TSJ):    0.071ns
    Discrete Jitter          (DJ):    0.129ns
    Phase Error              (PE):    0.000ns

    Location             Delay type                Incr(ns)  Path(ns)    Netlist Resource(s)
  -------------------------------------------------------------------    -------------------
                         (clock clk_out1_pll rise edge)
                                                      0.000     0.000 r  
    AD12                                              0.000     0.000 r  i_sys_clk_p (IN)
                         net (fo=0)                   0.000     0.000    pll_inst/inst/clk_in1_p
    AD12                 IBUFDS (Prop_ibufds_I_O)     0.906     0.906 r  pll_inst/inst/clkin1_ibufgds/O
                         net (fo=1, routed)           1.081     1.987    pll_inst/inst/clk_in1_pll
    MMCME2_ADV_X1Y1      MMCME2_ADV (Prop_mmcme2_adv_CLKIN1_CLKOUT0)
                                                     -7.786    -5.799 r  pll_inst/inst/mmcm_adv_inst/CLKOUT0
                         net (fo=1, routed)           2.130    -3.669    pll_inst/inst/clk_out1_pll
    BUFGCTRL_X0Y1        BUFG (Prop_bufg_I_O)         0.093    -3.576 r  pll_inst/inst/clkout1_buf/O
                         net (fo=581, routed)         1.456    -2.120    w_clk_50Mhz
    SLICE_X37Y137        FDPE                                         r  rst_50m_sync_reg/C
  -------------------------------------------------------------------    -------------------
    SLICE_X37Y137        FDPE (Prop_fdpe_C_Q)         0.204    -1.916 f  rst_50m_sync_reg/Q
                         net (fo=314, routed)         2.305     0.388    uart_inst/rst_n
    SLICE_X37Y124        FDCE                                         f  uart_inst/rx_cnt_reg[3]/CLR
  -------------------------------------------------------------------    -------------------

                         (clock clk_out1_pll rise edge)
                                                     20.000    20.000 r  
    AD12                                              0.000    20.000 r  i_sys_clk_p (IN)
                         net (fo=0)                   0.000    20.000    pll_inst/inst/clk_in1_p
    AD12                 IBUFDS (Prop_ibufds_I_O)     0.803    20.803 r  pll_inst/inst/clkin1_ibufgds/O
                         net (fo=1, routed)           0.986    21.789    pll_inst/inst/clk_in1_pll
    MMCME2_ADV_X1Y1      MMCME2_ADV (Prop_mmcme2_adv_CLKIN1_CLKOUT0)
                                                     -6.759    15.030 r  pll_inst/inst/mmcm_adv_inst/CLKOUT0
                         net (fo=1, routed)           2.005    17.035    pll_inst/inst/clk_out1_pll
    BUFGCTRL_X0Y1        BUFG (Prop_bufg_I_O)         0.083    17.118 r  pll_inst/inst/clkout1_buf/O
                         net (fo=581, routed)         1.311    18.429    uart_inst/clk
    SLICE_X37Y124        FDCE                                         r  uart_inst/rx_cnt_reg[3]/C
                         clock pessimism             -0.607    17.823    
                         clock uncertainty           -0.074    17.749    
    SLICE_X37Y124        FDCE (Recov_fdce_C_CLR)     -0.295    17.454    uart_inst/rx_cnt_reg[3]
  -------------------------------------------------------------------
                         required time                         17.454    
                         arrival time                          -0.388    
  -------------------------------------------------------------------
                         slack                                 17.066    

Slack (MET) :             17.066ns  (required time - arrival time)
  Source:                 rst_50m_sync_reg/C
                            (rising edge-triggered cell FDPE clocked by clk_out1_pll  {rise@0.000ns fall@10.000ns period=20.000ns})
  Destination:            uart_inst/rx_cnt_reg[4]/CLR
                            (recovery check against rising-edge clock clk_out1_pll  {rise@0.000ns fall@10.000ns period=20.000ns})
  Path Group:             **async_default**
  Path Type:              Recovery (Max at Slow Process Corner)
  Requirement:            20.000ns  (clk_out1_pll rise@20.000ns - clk_out1_pll rise@0.000ns)
  Data Path Delay:        2.509ns  (logic 0.204ns (8.132%)  route 2.305ns (91.868%))
  Logic Levels:           0  
  Clock Path Skew:        -0.057ns (DCD - SCD + CPR)
    Destination Clock Delay (DCD):    -1.571ns = ( 18.429 - 20.000 ) 
    Source Clock Delay      (SCD):    -2.120ns
    Clock Pessimism Removal (CPR):    -0.607ns
  Clock Uncertainty:      0.074ns  ((TSJ^2 + DJ^2)^1/2) / 2 + PE
    Total System Jitter     (TSJ):    0.071ns
    Discrete Jitter          (DJ):    0.129ns
    Phase Error              (PE):    0.000ns

    Location             Delay type                Incr(ns)  Path(ns)    Netlist Resource(s)
  -------------------------------------------------------------------    -------------------
                         (clock clk_out1_pll rise edge)
                                                      0.000     0.000 r  
    AD12                                              0.000     0.000 r  i_sys_clk_p (IN)
                         net (fo=0)                   0.000     0.000    pll_inst/inst/clk_in1_p
    AD12                 IBUFDS (Prop_ibufds_I_O)     0.906     0.906 r  pll_inst/inst/clkin1_ibufgds/O
                         net (fo=1, routed)           1.081     1.987    pll_inst/inst/clk_in1_pll
    MMCME2_ADV_X1Y1      MMCME2_ADV (Prop_mmcme2_adv_CLKIN1_CLKOUT0)
                                                     -7.786    -5.799 r  pll_inst/inst/mmcm_adv_inst/CLKOUT0
                         net (fo=1, routed)           2.130    -3.669    pll_inst/inst/clk_out1_pll
    BUFGCTRL_X0Y1        BUFG (Prop_bufg_I_O)         0.093    -3.576 r  pll_inst/inst/clkout1_buf/O
                         net (fo=581, routed)         1.456    -2.120    w_clk_50Mhz
    SLICE_X37Y137        FDPE                                         r  rst_50m_sync_reg/C
  -------------------------------------------------------------------    -------------------
    SLICE_X37Y137        FDPE (Prop_fdpe_C_Q)         0.204    -1.916 f  rst_50m_sync_reg/Q
                         net (fo=314, routed)         2.305     0.388    uart_inst/rst_n
    SLICE_X37Y124        FDCE                                         f  uart_inst/rx_cnt_reg[4]/CLR
  -------------------------------------------------------------------    -------------------

                         (clock clk_out1_pll rise edge)
                                                     20.000    20.000 r  
    AD12                                              0.000    20.000 r  i_sys_clk_p (IN)
                         net (fo=0)                   0.000    20.000    pll_inst/inst/clk_in1_p
    AD12                 IBUFDS (Prop_ibufds_I_O)     0.803    20.803 r  pll_inst/inst/clkin1_ibufgds/O
                         net (fo=1, routed)           0.986    21.789    pll_inst/inst/clk_in1_pll
    MMCME2_ADV_X1Y1      MMCME2_ADV (Prop_mmcme2_adv_CLKIN1_CLKOUT0)
                                                     -6.759    15.030 r  pll_inst/inst/mmcm_adv_inst/CLKOUT0
                         net (fo=1, routed)           2.005    17.035    pll_inst/inst/clk_out1_pll
    BUFGCTRL_X0Y1        BUFG (Prop_bufg_I_O)         0.083    17.118 r  pll_inst/inst/clkout1_buf/O
                         net (fo=581, routed)         1.311    18.429    uart_inst/clk
    SLICE_X37Y124        FDCE                                         r  uart_inst/rx_cnt_reg[4]/C
                         clock pessimism             -0.607    17.823    
                         clock uncertainty           -0.074    17.749    
    SLICE_X37Y124        FDCE (Recov_fdce_C_CLR)     -0.295    17.454    uart_inst/rx_cnt_reg[4]
  -------------------------------------------------------------------
                         required time                         17.454    
                         arrival time                          -0.388    
  -------------------------------------------------------------------
                         slack                                 17.066    

Slack (MET) :             17.245ns  (required time - arrival time)
  Source:                 rst_50m_sync_reg/C
                            (rising edge-triggered cell FDPE clocked by clk_out1_pll  {rise@0.000ns fall@10.000ns period=20.000ns})
  Destination:            uart_inst/rx_bit_cnt_reg[0]/CLR
                            (recovery check against rising-edge clock clk_out1_pll  {rise@0.000ns fall@10.000ns period=20.000ns})
  Path Group:             **async_default**
  Path Type:              Recovery (Max at Slow Process Corner)
  Requirement:            20.000ns  (clk_out1_pll rise@20.000ns - clk_out1_pll rise@0.000ns)
  Data Path Delay:        2.327ns  (logic 0.204ns (8.766%)  route 2.123ns (91.234%))
  Logic Levels:           0  
  Clock Path Skew:        -0.059ns (DCD - SCD + CPR)
    Destination Clock Delay (DCD):    -1.573ns = ( 18.427 - 20.000 ) 
    Source Clock Delay      (SCD):    -2.120ns
    Clock Pessimism Removal (CPR):    -0.607ns
  Clock Uncertainty:      0.074ns  ((TSJ^2 + DJ^2)^1/2) / 2 + PE
    Total System Jitter     (TSJ):    0.071ns
    Discrete Jitter          (DJ):    0.129ns
    Phase Error              (PE):    0.000ns

    Location             Delay type                Incr(ns)  Path(ns)    Netlist Resource(s)
  -------------------------------------------------------------------    -------------------
                         (clock clk_out1_pll rise edge)
                                                      0.000     0.000 r  
    AD12                                              0.000     0.000 r  i_sys_clk_p (IN)
                         net (fo=0)                   0.000     0.000    pll_inst/inst/clk_in1_p
    AD12                 IBUFDS (Prop_ibufds_I_O)     0.906     0.906 r  pll_inst/inst/clkin1_ibufgds/O
                         net (fo=1, routed)           1.081     1.987    pll_inst/inst/clk_in1_pll
    MMCME2_ADV_X1Y1      MMCME2_ADV (Prop_mmcme2_adv_CLKIN1_CLKOUT0)
                                                     -7.786    -5.799 r  pll_inst/inst/mmcm_adv_inst/CLKOUT0
                         net (fo=1, routed)           2.130    -3.669    pll_inst/inst/clk_out1_pll
    BUFGCTRL_X0Y1        BUFG (Prop_bufg_I_O)         0.093    -3.576 r  pll_inst/inst/clkout1_buf/O
                         net (fo=581, routed)         1.456    -2.120    w_clk_50Mhz
    SLICE_X37Y137        FDPE                                         r  rst_50m_sync_reg/C
  -------------------------------------------------------------------    -------------------
    SLICE_X37Y137        FDPE (Prop_fdpe_C_Q)         0.204    -1.916 f  rst_50m_sync_reg/Q
                         net (fo=314, routed)         2.123     0.207    uart_inst/rst_n
    SLICE_X39Y125        FDCE                                         f  uart_inst/rx_bit_cnt_reg[0]/CLR
  -------------------------------------------------------------------    -------------------

                         (clock clk_out1_pll rise edge)
                                                     20.000    20.000 r  
    AD12                                              0.000    20.000 r  i_sys_clk_p (IN)
                         net (fo=0)                   0.000    20.000    pll_inst/inst/clk_in1_p
    AD12                 IBUFDS (Prop_ibufds_I_O)     0.803    20.803 r  pll_inst/inst/clkin1_ibufgds/O
                         net (fo=1, routed)           0.986    21.789    pll_inst/inst/clk_in1_pll
    MMCME2_ADV_X1Y1      MMCME2_ADV (Prop_mmcme2_adv_CLKIN1_CLKOUT0)
                                                     -6.759    15.030 r  pll_inst/inst/mmcm_adv_inst/CLKOUT0
                         net (fo=1, routed)           2.005    17.035    pll_inst/inst/clk_out1_pll
    BUFGCTRL_X0Y1        BUFG (Prop_bufg_I_O)         0.083    17.118 r  pll_inst/inst/clkout1_buf/O
                         net (fo=581, routed)         1.309    18.427    uart_inst/clk
    SLICE_X39Y125        FDCE                                         r  uart_inst/rx_bit_cnt_reg[0]/C
                         clock pessimism             -0.607    17.821    
                         clock uncertainty           -0.074    17.747    
    SLICE_X39Y125        FDCE (Recov_fdce_C_CLR)     -0.295    17.452    uart_inst/rx_bit_cnt_reg[0]
  -------------------------------------------------------------------
                         required time                         17.452    
                         arrival time                          -0.207    
  -------------------------------------------------------------------
                         slack                                 17.245    

Slack (MET) :             17.245ns  (required time - arrival time)
  Source:                 rst_50m_sync_reg/C
                            (rising edge-triggered cell FDPE clocked by clk_out1_pll  {rise@0.000ns fall@10.000ns period=20.000ns})
  Destination:            uart_inst/rx_bit_cnt_reg[1]/CLR
                            (recovery check against rising-edge clock clk_out1_pll  {rise@0.000ns fall@10.000ns period=20.000ns})
  Path Group:             **async_default**
  Path Type:              Recovery (Max at Slow Process Corner)
  Requirement:            20.000ns  (clk_out1_pll rise@20.000ns - clk_out1_pll rise@0.000ns)
  Data Path Delay:        2.327ns  (logic 0.204ns (8.766%)  route 2.123ns (91.234%))
  Logic Levels:           0  
  Clock Path Skew:        -0.059ns (DCD - SCD + CPR)
    Destination Clock Delay (DCD):    -1.573ns = ( 18.427 - 20.000 ) 
    Source Clock Delay      (SCD):    -2.120ns
    Clock Pessimism Removal (CPR):    -0.607ns
  Clock Uncertainty:      0.074ns  ((TSJ^2 + DJ^2)^1/2) / 2 + PE
    Total System Jitter     (TSJ):    0.071ns
    Discrete Jitter          (DJ):    0.129ns
    Phase Error              (PE):    0.000ns

    Location             Delay type                Incr(ns)  Path(ns)    Netlist Resource(s)
  -------------------------------------------------------------------    -------------------
                         (clock clk_out1_pll rise edge)
                                                      0.000     0.000 r  
    AD12                                              0.000     0.000 r  i_sys_clk_p (IN)
                         net (fo=0)                   0.000     0.000    pll_inst/inst/clk_in1_p
    AD12                 IBUFDS (Prop_ibufds_I_O)     0.906     0.906 r  pll_inst/inst/clkin1_ibufgds/O
                         net (fo=1, routed)           1.081     1.987    pll_inst/inst/clk_in1_pll
    MMCME2_ADV_X1Y1      MMCME2_ADV (Prop_mmcme2_adv_CLKIN1_CLKOUT0)
                                                     -7.786    -5.799 r  pll_inst/inst/mmcm_adv_inst/CLKOUT0
                         net (fo=1, routed)           2.130    -3.669    pll_inst/inst/clk_out1_pll
    BUFGCTRL_X0Y1        BUFG (Prop_bufg_I_O)         0.093    -3.576 r  pll_inst/inst/clkout1_buf/O
                         net (fo=581, routed)         1.456    -2.120    w_clk_50Mhz
    SLICE_X37Y137        FDPE                                         r  rst_50m_sync_reg/C
  -------------------------------------------------------------------    -------------------
    SLICE_X37Y137        FDPE (Prop_fdpe_C_Q)         0.204    -1.916 f  rst_50m_sync_reg/Q
                         net (fo=314, routed)         2.123     0.207    uart_inst/rst_n
    SLICE_X39Y125        FDCE                                         f  uart_inst/rx_bit_cnt_reg[1]/CLR
  -------------------------------------------------------------------    -------------------

                         (clock clk_out1_pll rise edge)
                                                     20.000    20.000 r  
    AD12                                              0.000    20.000 r  i_sys_clk_p (IN)
                         net (fo=0)                   0.000    20.000    pll_inst/inst/clk_in1_p
    AD12                 IBUFDS (Prop_ibufds_I_O)     0.803    20.803 r  pll_inst/inst/clkin1_ibufgds/O
                         net (fo=1, routed)           0.986    21.789    pll_inst/inst/clk_in1_pll
    MMCME2_ADV_X1Y1      MMCME2_ADV (Prop_mmcme2_adv_CLKIN1_CLKOUT0)
                                                     -6.759    15.030 r  pll_inst/inst/mmcm_adv_inst/CLKOUT0
                         net (fo=1, routed)           2.005    17.035    pll_inst/inst/clk_out1_pll
    BUFGCTRL_X0Y1        BUFG (Prop_bufg_I_O)         0.083    17.118 r  pll_inst/inst/clkout1_buf/O
                         net (fo=581, routed)         1.309    18.427    uart_inst/clk
    SLICE_X39Y125        FDCE                                         r  uart_inst/rx_bit_cnt_reg[1]/C
                         clock pessimism             -0.607    17.821    
                         clock uncertainty           -0.074    17.747    
    SLICE_X39Y125        FDCE (Recov_fdce_C_CLR)     -0.295    17.452    uart_inst/rx_bit_cnt_reg[1]
  -------------------------------------------------------------------
                         required time                         17.452    
                         arrival time                          -0.207    
  -------------------------------------------------------------------
                         slack                                 17.245    

Slack (MET) :             17.245ns  (required time - arrival time)
  Source:                 rst_50m_sync_reg/C
                            (rising edge-triggered cell FDPE clocked by clk_out1_pll  {rise@0.000ns fall@10.000ns period=20.000ns})
  Destination:            uart_inst/rx_bit_cnt_reg[2]/CLR
                            (recovery check against rising-edge clock clk_out1_pll  {rise@0.000ns fall@10.000ns period=20.000ns})
  Path Group:             **async_default**
  Path Type:              Recovery (Max at Slow Process Corner)
  Requirement:            20.000ns  (clk_out1_pll rise@20.000ns - clk_out1_pll rise@0.000ns)
  Data Path Delay:        2.327ns  (logic 0.204ns (8.766%)  route 2.123ns (91.234%))
  Logic Levels:           0  
  Clock Path Skew:        -0.059ns (DCD - SCD + CPR)
    Destination Clock Delay (DCD):    -1.573ns = ( 18.427 - 20.000 ) 
    Source Clock Delay      (SCD):    -2.120ns
    Clock Pessimism Removal (CPR):    -0.607ns
  Clock Uncertainty:      0.074ns  ((TSJ^2 + DJ^2)^1/2) / 2 + PE
    Total System Jitter     (TSJ):    0.071ns
    Discrete Jitter          (DJ):    0.129ns
    Phase Error              (PE):    0.000ns

    Location             Delay type                Incr(ns)  Path(ns)    Netlist Resource(s)
  -------------------------------------------------------------------    -------------------
                         (clock clk_out1_pll rise edge)
                                                      0.000     0.000 r  
    AD12                                              0.000     0.000 r  i_sys_clk_p (IN)
                         net (fo=0)                   0.000     0.000    pll_inst/inst/clk_in1_p
    AD12                 IBUFDS (Prop_ibufds_I_O)     0.906     0.906 r  pll_inst/inst/clkin1_ibufgds/O
                         net (fo=1, routed)           1.081     1.987    pll_inst/inst/clk_in1_pll
    MMCME2_ADV_X1Y1      MMCME2_ADV (Prop_mmcme2_adv_CLKIN1_CLKOUT0)
                                                     -7.786    -5.799 r  pll_inst/inst/mmcm_adv_inst/CLKOUT0
                         net (fo=1, routed)           2.130    -3.669    pll_inst/inst/clk_out1_pll
    BUFGCTRL_X0Y1        BUFG (Prop_bufg_I_O)         0.093    -3.576 r  pll_inst/inst/clkout1_buf/O
                         net (fo=581, routed)         1.456    -2.120    w_clk_50Mhz
    SLICE_X37Y137        FDPE                                         r  rst_50m_sync_reg/C
  -------------------------------------------------------------------    -------------------
    SLICE_X37Y137        FDPE (Prop_fdpe_C_Q)         0.204    -1.916 f  rst_50m_sync_reg/Q
                         net (fo=314, routed)         2.123     0.207    uart_inst/rst_n
    SLICE_X39Y125        FDCE                                         f  uart_inst/rx_bit_cnt_reg[2]/CLR
  -------------------------------------------------------------------    -------------------

                         (clock clk_out1_pll rise edge)
                                                     20.000    20.000 r  
    AD12                                              0.000    20.000 r  i_sys_clk_p (IN)
                         net (fo=0)                   0.000    20.000    pll_inst/inst/clk_in1_p
    AD12                 IBUFDS (Prop_ibufds_I_O)     0.803    20.803 r  pll_inst/inst/clkin1_ibufgds/O
                         net (fo=1, routed)           0.986    21.789    pll_inst/inst/clk_in1_pll
    MMCME2_ADV_X1Y1      MMCME2_ADV (Prop_mmcme2_adv_CLKIN1_CLKOUT0)
                                                     -6.759    15.030 r  pll_inst/inst/mmcm_adv_inst/CLKOUT0
                         net (fo=1, routed)           2.005    17.035    pll_inst/inst/clk_out1_pll
    BUFGCTRL_X0Y1        BUFG (Prop_bufg_I_O)         0.083    17.118 r  pll_inst/inst/clkout1_buf/O
                         net (fo=581, routed)         1.309    18.427    uart_inst/clk
    SLICE_X39Y125        FDCE                                         r  uart_inst/rx_bit_cnt_reg[2]/C
                         clock pessimism             -0.607    17.821    
                         clock uncertainty           -0.074    17.747    
    SLICE_X39Y125        FDCE (Recov_fdce_C_CLR)     -0.295    17.452    uart_inst/rx_bit_cnt_reg[2]
  -------------------------------------------------------------------
                         required time                         17.452    
                         arrival time                          -0.207    
  -------------------------------------------------------------------
                         slack                                 17.245    

Slack (MET) :             17.245ns  (required time - arrival time)
  Source:                 rst_50m_sync_reg/C
                            (rising edge-triggered cell FDPE clocked by clk_out1_pll  {rise@0.000ns fall@10.000ns period=20.000ns})
  Destination:            uart_inst/rx_bit_cnt_reg[3]/CLR
                            (recovery check against rising-edge clock clk_out1_pll  {rise@0.000ns fall@10.000ns period=20.000ns})
  Path Group:             **async_default**
  Path Type:              Recovery (Max at Slow Process Corner)
  Requirement:            20.000ns  (clk_out1_pll rise@20.000ns - clk_out1_pll rise@0.000ns)
  Data Path Delay:        2.327ns  (logic 0.204ns (8.766%)  route 2.123ns (91.234%))
  Logic Levels:           0  
  Clock Path Skew:        -0.059ns (DCD - SCD + CPR)
    Destination Clock Delay (DCD):    -1.573ns = ( 18.427 - 20.000 ) 
    Source Clock Delay      (SCD):    -2.120ns
    Clock Pessimism Removal (CPR):    -0.607ns
  Clock Uncertainty:      0.074ns  ((TSJ^2 + DJ^2)^1/2) / 2 + PE
    Total System Jitter     (TSJ):    0.071ns
    Discrete Jitter          (DJ):    0.129ns
    Phase Error              (PE):    0.000ns

    Location             Delay type                Incr(ns)  Path(ns)    Netlist Resource(s)
  -------------------------------------------------------------------    -------------------
                         (clock clk_out1_pll rise edge)
                                                      0.000     0.000 r  
    AD12                                              0.000     0.000 r  i_sys_clk_p (IN)
                         net (fo=0)                   0.000     0.000    pll_inst/inst/clk_in1_p
    AD12                 IBUFDS (Prop_ibufds_I_O)     0.906     0.906 r  pll_inst/inst/clkin1_ibufgds/O
                         net (fo=1, routed)           1.081     1.987    pll_inst/inst/clk_in1_pll
    MMCME2_ADV_X1Y1      MMCME2_ADV (Prop_mmcme2_adv_CLKIN1_CLKOUT0)
                                                     -7.786    -5.799 r  pll_inst/inst/mmcm_adv_inst/CLKOUT0
                         net (fo=1, routed)           2.130    -3.669    pll_inst/inst/clk_out1_pll
    BUFGCTRL_X0Y1        BUFG (Prop_bufg_I_O)         0.093    -3.576 r  pll_inst/inst/clkout1_buf/O
                         net (fo=581, routed)         1.456    -2.120    w_clk_50Mhz
    SLICE_X37Y137        FDPE                                         r  rst_50m_sync_reg/C
  -------------------------------------------------------------------    -------------------
    SLICE_X37Y137        FDPE (Prop_fdpe_C_Q)         0.204    -1.916 f  rst_50m_sync_reg/Q
                         net (fo=314, routed)         2.123     0.207    uart_inst/rst_n
    SLICE_X39Y125        FDCE                                         f  uart_inst/rx_bit_cnt_reg[3]/CLR
  -------------------------------------------------------------------    -------------------

                         (clock clk_out1_pll rise edge)
                                                     20.000    20.000 r  
    AD12                                              0.000    20.000 r  i_sys_clk_p (IN)
                         net (fo=0)                   0.000    20.000    pll_inst/inst/clk_in1_p
    AD12                 IBUFDS (Prop_ibufds_I_O)     0.803    20.803 r  pll_inst/inst/clkin1_ibufgds/O
                         net (fo=1, routed)           0.986    21.789    pll_inst/inst/clk_in1_pll
    MMCME2_ADV_X1Y1      MMCME2_ADV (Prop_mmcme2_adv_CLKIN1_CLKOUT0)
                                                     -6.759    15.030 r  pll_inst/inst/mmcm_adv_inst/CLKOUT0
                         net (fo=1, routed)           2.005    17.035    pll_inst/inst/clk_out1_pll
    BUFGCTRL_X0Y1        BUFG (Prop_bufg_I_O)         0.083    17.118 r  pll_inst/inst/clkout1_buf/O
                         net (fo=581, routed)         1.309    18.427    uart_inst/clk
    SLICE_X39Y125        FDCE                                         r  uart_inst/rx_bit_cnt_reg[3]/C
                         clock pessimism             -0.607    17.821    
                         clock uncertainty           -0.074    17.747    
    SLICE_X39Y125        FDCE (Recov_fdce_C_CLR)     -0.295    17.452    uart_inst/rx_bit_cnt_reg[3]
  -------------------------------------------------------------------
                         required time                         17.452    
                         arrival time                          -0.207    
  -------------------------------------------------------------------
                         slack                                 17.245    

Slack (MET) :             17.303ns  (required time - arrival time)
  Source:                 rst_50m_sync_reg/C
                            (rising edge-triggered cell FDPE clocked by clk_out1_pll  {rise@0.000ns fall@10.000ns period=20.000ns})
  Destination:            uart_inst/FSM_sequential_rx_state_reg[0]/CLR
                            (recovery check against rising-edge clock clk_out1_pll  {rise@0.000ns fall@10.000ns period=20.000ns})
  Path Group:             **async_default**
  Path Type:              Recovery (Max at Slow Process Corner)
  Requirement:            20.000ns  (clk_out1_pll rise@20.000ns - clk_out1_pll rise@0.000ns)
  Data Path Delay:        2.327ns  (logic 0.204ns (8.766%)  route 2.123ns (91.234%))
  Logic Levels:           0  
  Clock Path Skew:        -0.059ns (DCD - SCD + CPR)
    Destination Clock Delay (DCD):    -1.573ns = ( 18.427 - 20.000 ) 
    Source Clock Delay      (SCD):    -2.120ns
    Clock Pessimism Removal (CPR):    -0.607ns
  Clock Uncertainty:      0.074ns  ((TSJ^2 + DJ^2)^1/2) / 2 + PE
    Total System Jitter     (TSJ):    0.071ns
    Discrete Jitter          (DJ):    0.129ns
    Phase Error              (PE):    0.000ns

    Location             Delay type                Incr(ns)  Path(ns)    Netlist Resource(s)
  -------------------------------------------------------------------    -------------------
                         (clock clk_out1_pll rise edge)
                                                      0.000     0.000 r  
    AD12                                              0.000     0.000 r  i_sys_clk_p (IN)
                         net (fo=0)                   0.000     0.000    pll_inst/inst/clk_in1_p
    AD12                 IBUFDS (Prop_ibufds_I_O)     0.906     0.906 r  pll_inst/inst/clkin1_ibufgds/O
                         net (fo=1, routed)           1.081     1.987    pll_inst/inst/clk_in1_pll
    MMCME2_ADV_X1Y1      MMCME2_ADV (Prop_mmcme2_adv_CLKIN1_CLKOUT0)
                                                     -7.786    -5.799 r  pll_inst/inst/mmcm_adv_inst/CLKOUT0
                         net (fo=1, routed)           2.130    -3.669    pll_inst/inst/clk_out1_pll
    BUFGCTRL_X0Y1        BUFG (Prop_bufg_I_O)         0.093    -3.576 r  pll_inst/inst/clkout1_buf/O
                         net (fo=581, routed)         1.456    -2.120    w_clk_50Mhz
    SLICE_X37Y137        FDPE                                         r  rst_50m_sync_reg/C
  -------------------------------------------------------------------    -------------------
    SLICE_X37Y137        FDPE (Prop_fdpe_C_Q)         0.204    -1.916 f  rst_50m_sync_reg/Q
                         net (fo=314, routed)         2.123     0.207    uart_inst/rst_n
    SLICE_X38Y125        FDCE                                         f  uart_inst/FSM_sequential_rx_state_reg[0]/CLR
  -------------------------------------------------------------------    -------------------

                         (clock clk_out1_pll rise edge)
                                                     20.000    20.000 r  
    AD12                                              0.000    20.000 r  i_sys_clk_p (IN)
                         net (fo=0)                   0.000    20.000    pll_inst/inst/clk_in1_p
    AD12                 IBUFDS (Prop_ibufds_I_O)     0.803    20.803 r  pll_inst/inst/clkin1_ibufgds/O
                         net (fo=1, routed)           0.986    21.789    pll_inst/inst/clk_in1_pll
    MMCME2_ADV_X1Y1      MMCME2_ADV (Prop_mmcme2_adv_CLKIN1_CLKOUT0)
                                                     -6.759    15.030 r  pll_inst/inst/mmcm_adv_inst/CLKOUT0
                         net (fo=1, routed)           2.005    17.035    pll_inst/inst/clk_out1_pll
    BUFGCTRL_X0Y1        BUFG (Prop_bufg_I_O)         0.083    17.118 r  pll_inst/inst/clkout1_buf/O
                         net (fo=581, routed)         1.309    18.427    uart_inst/clk
    SLICE_X38Y125        FDCE                                         r  uart_inst/FSM_sequential_rx_state_reg[0]/C
                         clock pessimism             -0.607    17.821    
                         clock uncertainty           -0.074    17.747    
    SLICE_X38Y125        FDCE (Recov_fdce_C_CLR)     -0.237    17.510    uart_inst/FSM_sequential_rx_state_reg[0]
  -------------------------------------------------------------------
                         required time                         17.510    
                         arrival time                          -0.207    
  -------------------------------------------------------------------
                         slack                                 17.303    

Slack (MET) :             17.303ns  (required time - arrival time)
  Source:                 rst_50m_sync_reg/C
                            (rising edge-triggered cell FDPE clocked by clk_out1_pll  {rise@0.000ns fall@10.000ns period=20.000ns})
  Destination:            uart_inst/FSM_sequential_rx_state_reg[1]/CLR
                            (recovery check against rising-edge clock clk_out1_pll  {rise@0.000ns fall@10.000ns period=20.000ns})
  Path Group:             **async_default**
  Path Type:              Recovery (Max at Slow Process Corner)
  Requirement:            20.000ns  (clk_out1_pll rise@20.000ns - clk_out1_pll rise@0.000ns)
  Data Path Delay:        2.327ns  (logic 0.204ns (8.766%)  route 2.123ns (91.234%))
  Logic Levels:           0  
  Clock Path Skew:        -0.059ns (DCD - SCD + CPR)
    Destination Clock Delay (DCD):    -1.573ns = ( 18.427 - 20.000 ) 
    Source Clock Delay      (SCD):    -2.120ns
    Clock Pessimism Removal (CPR):    -0.607ns
  Clock Uncertainty:      0.074ns  ((TSJ^2 + DJ^2)^1/2) / 2 + PE
    Total System Jitter     (TSJ):    0.071ns
    Discrete Jitter          (DJ):    0.129ns
    Phase Error              (PE):    0.000ns

    Location             Delay type                Incr(ns)  Path(ns)    Netlist Resource(s)
  -------------------------------------------------------------------    -------------------
                         (clock clk_out1_pll rise edge)
                                                      0.000     0.000 r  
    AD12                                              0.000     0.000 r  i_sys_clk_p (IN)
                         net (fo=0)                   0.000     0.000    pll_inst/inst/clk_in1_p
    AD12                 IBUFDS (Prop_ibufds_I_O)     0.906     0.906 r  pll_inst/inst/clkin1_ibufgds/O
                         net (fo=1, routed)           1.081     1.987    pll_inst/inst/clk_in1_pll
    MMCME2_ADV_X1Y1      MMCME2_ADV (Prop_mmcme2_adv_CLKIN1_CLKOUT0)
                                                     -7.786    -5.799 r  pll_inst/inst/mmcm_adv_inst/CLKOUT0
                         net (fo=1, routed)           2.130    -3.669    pll_inst/inst/clk_out1_pll
    BUFGCTRL_X0Y1        BUFG (Prop_bufg_I_O)         0.093    -3.576 r  pll_inst/inst/clkout1_buf/O
                         net (fo=581, routed)         1.456    -2.120    w_clk_50Mhz
    SLICE_X37Y137        FDPE                                         r  rst_50m_sync_reg/C
  -------------------------------------------------------------------    -------------------
    SLICE_X37Y137        FDPE (Prop_fdpe_C_Q)         0.204    -1.916 f  rst_50m_sync_reg/Q
                         net (fo=314, routed)         2.123     0.207    uart_inst/rst_n
    SLICE_X38Y125        FDCE                                         f  uart_inst/FSM_sequential_rx_state_reg[1]/CLR
  -------------------------------------------------------------------    -------------------

                         (clock clk_out1_pll rise edge)
                                                     20.000    20.000 r  
    AD12                                              0.000    20.000 r  i_sys_clk_p (IN)
                         net (fo=0)                   0.000    20.000    pll_inst/inst/clk_in1_p
    AD12                 IBUFDS (Prop_ibufds_I_O)     0.803    20.803 r  pll_inst/inst/clkin1_ibufgds/O
                         net (fo=1, routed)           0.986    21.789    pll_inst/inst/clk_in1_pll
    MMCME2_ADV_X1Y1      MMCME2_ADV (Prop_mmcme2_adv_CLKIN1_CLKOUT0)
                                                     -6.759    15.030 r  pll_inst/inst/mmcm_adv_inst/CLKOUT0
                         net (fo=1, routed)           2.005    17.035    pll_inst/inst/clk_out1_pll
    BUFGCTRL_X0Y1        BUFG (Prop_bufg_I_O)         0.083    17.118 r  pll_inst/inst/clkout1_buf/O
                         net (fo=581, routed)         1.309    18.427    uart_inst/clk
    SLICE_X38Y125        FDCE                                         r  uart_inst/FSM_sequential_rx_state_reg[1]/C
                         clock pessimism             -0.607    17.821    
                         clock uncertainty           -0.074    17.747    
    SLICE_X38Y125        FDCE (Recov_fdce_C_CLR)     -0.237    17.510    uart_inst/FSM_sequential_rx_state_reg[1]
  -------------------------------------------------------------------
                         required time                         17.510    
                         arrival time                          -0.207    
  -------------------------------------------------------------------
                         slack                                 17.303    

Slack (MET) :             17.368ns  (required time - arrival time)
  Source:                 rst_50m_sync_reg/C
                            (rising edge-triggered cell FDPE clocked by clk_out1_pll  {rise@0.000ns fall@10.000ns period=20.000ns})
  Destination:            twin_controller_inst/current_state_reg[0]/CLR
                            (recovery check against rising-edge clock clk_out1_pll  {rise@0.000ns fall@10.000ns period=20.000ns})
  Path Group:             **async_default**
  Path Type:              Recovery (Max at Slow Process Corner)
  Requirement:            20.000ns  (clk_out1_pll rise@20.000ns - clk_out1_pll rise@0.000ns)
  Data Path Delay:        2.208ns  (logic 0.204ns (9.240%)  route 2.004ns (90.760%))
  Logic Levels:           0  
  Clock Path Skew:        -0.056ns (DCD - SCD + CPR)
    Destination Clock Delay (DCD):    -1.570ns = ( 18.430 - 20.000 ) 
    Source Clock Delay      (SCD):    -2.120ns
    Clock Pessimism Removal (CPR):    -0.607ns
  Clock Uncertainty:      0.074ns  ((TSJ^2 + DJ^2)^1/2) / 2 + PE
    Total System Jitter     (TSJ):    0.071ns
    Discrete Jitter          (DJ):    0.129ns
    Phase Error              (PE):    0.000ns

    Location             Delay type                Incr(ns)  Path(ns)    Netlist Resource(s)
  -------------------------------------------------------------------    -------------------
                         (clock clk_out1_pll rise edge)
                                                      0.000     0.000 r  
    AD12                                              0.000     0.000 r  i_sys_clk_p (IN)
                         net (fo=0)                   0.000     0.000    pll_inst/inst/clk_in1_p
    AD12                 IBUFDS (Prop_ibufds_I_O)     0.906     0.906 r  pll_inst/inst/clkin1_ibufgds/O
                         net (fo=1, routed)           1.081     1.987    pll_inst/inst/clk_in1_pll
    MMCME2_ADV_X1Y1      MMCME2_ADV (Prop_mmcme2_adv_CLKIN1_CLKOUT0)
                                                     -7.786    -5.799 r  pll_inst/inst/mmcm_adv_inst/CLKOUT0
                         net (fo=1, routed)           2.130    -3.669    pll_inst/inst/clk_out1_pll
    BUFGCTRL_X0Y1        BUFG (Prop_bufg_I_O)         0.093    -3.576 r  pll_inst/inst/clkout1_buf/O
                         net (fo=581, routed)         1.456    -2.120    w_clk_50Mhz
    SLICE_X37Y137        FDPE                                         r  rst_50m_sync_reg/C
  -------------------------------------------------------------------    -------------------
    SLICE_X37Y137        FDPE (Prop_fdpe_C_Q)         0.204    -1.916 f  rst_50m_sync_reg/Q
                         net (fo=314, routed)         2.004     0.087    twin_controller_inst/tx_start_i_2_n_0
    SLICE_X40Y128        FDCE                                         f  twin_controller_inst/current_state_reg[0]/CLR
  -------------------------------------------------------------------    -------------------

                         (clock clk_out1_pll rise edge)
                                                     20.000    20.000 r  
    AD12                                              0.000    20.000 r  i_sys_clk_p (IN)
                         net (fo=0)                   0.000    20.000    pll_inst/inst/clk_in1_p
    AD12                 IBUFDS (Prop_ibufds_I_O)     0.803    20.803 r  pll_inst/inst/clkin1_ibufgds/O
                         net (fo=1, routed)           0.986    21.789    pll_inst/inst/clk_in1_pll
    MMCME2_ADV_X1Y1      MMCME2_ADV (Prop_mmcme2_adv_CLKIN1_CLKOUT0)
                                                     -6.759    15.030 r  pll_inst/inst/mmcm_adv_inst/CLKOUT0
                         net (fo=1, routed)           2.005    17.035    pll_inst/inst/clk_out1_pll
    BUFGCTRL_X0Y1        BUFG (Prop_bufg_I_O)         0.083    17.118 r  pll_inst/inst/clkout1_buf/O
                         net (fo=581, routed)         1.312    18.430    twin_controller_inst/clk
    SLICE_X40Y128        FDCE                                         r  twin_controller_inst/current_state_reg[0]/C
                         clock pessimism             -0.607    17.824    
                         clock uncertainty           -0.074    17.750    
    SLICE_X40Y128        FDCE (Recov_fdce_C_CLR)     -0.295    17.455    twin_controller_inst/current_state_reg[0]
  -------------------------------------------------------------------
                         required time                         17.455    
                         arrival time                          -0.087    
  -------------------------------------------------------------------
                         slack                                 17.368    

Slack (MET) :             17.368ns  (required time - arrival time)
  Source:                 rst_50m_sync_reg/C
                            (rising edge-triggered cell FDPE clocked by clk_out1_pll  {rise@0.000ns fall@10.000ns period=20.000ns})
  Destination:            twin_controller_inst/tx_start_reg/CLR
                            (recovery check against rising-edge clock clk_out1_pll  {rise@0.000ns fall@10.000ns period=20.000ns})
  Path Group:             **async_default**
  Path Type:              Recovery (Max at Slow Process Corner)
  Requirement:            20.000ns  (clk_out1_pll rise@20.000ns - clk_out1_pll rise@0.000ns)
  Data Path Delay:        2.208ns  (logic 0.204ns (9.240%)  route 2.004ns (90.760%))
  Logic Levels:           0  
  Clock Path Skew:        -0.056ns (DCD - SCD + CPR)
    Destination Clock Delay (DCD):    -1.570ns = ( 18.430 - 20.000 ) 
    Source Clock Delay      (SCD):    -2.120ns
    Clock Pessimism Removal (CPR):    -0.607ns
  Clock Uncertainty:      0.074ns  ((TSJ^2 + DJ^2)^1/2) / 2 + PE
    Total System Jitter     (TSJ):    0.071ns
    Discrete Jitter          (DJ):    0.129ns
    Phase Error              (PE):    0.000ns

    Location             Delay type                Incr(ns)  Path(ns)    Netlist Resource(s)
  -------------------------------------------------------------------    -------------------
                         (clock clk_out1_pll rise edge)
                                                      0.000     0.000 r  
    AD12                                              0.000     0.000 r  i_sys_clk_p (IN)
                         net (fo=0)                   0.000     0.000    pll_inst/inst/clk_in1_p
    AD12                 IBUFDS (Prop_ibufds_I_O)     0.906     0.906 r  pll_inst/inst/clkin1_ibufgds/O
                         net (fo=1, routed)           1.081     1.987    pll_inst/inst/clk_in1_pll
    MMCME2_ADV_X1Y1      MMCME2_ADV (Prop_mmcme2_adv_CLKIN1_CLKOUT0)
                                                     -7.786    -5.799 r  pll_inst/inst/mmcm_adv_inst/CLKOUT0
                         net (fo=1, routed)           2.130    -3.669    pll_inst/inst/clk_out1_pll
    BUFGCTRL_X0Y1        BUFG (Prop_bufg_I_O)         0.093    -3.576 r  pll_inst/inst/clkout1_buf/O
                         net (fo=581, routed)         1.456    -2.120    w_clk_50Mhz
    SLICE_X37Y137        FDPE                                         r  rst_50m_sync_reg/C
  -------------------------------------------------------------------    -------------------
    SLICE_X37Y137        FDPE (Prop_fdpe_C_Q)         0.204    -1.916 f  rst_50m_sync_reg/Q
                         net (fo=314, routed)         2.004     0.087    twin_controller_inst/tx_start_i_2_n_0
    SLICE_X40Y128        FDCE                                         f  twin_controller_inst/tx_start_reg/CLR
  -------------------------------------------------------------------    -------------------

                         (clock clk_out1_pll rise edge)
                                                     20.000    20.000 r  
    AD12                                              0.000    20.000 r  i_sys_clk_p (IN)
                         net (fo=0)                   0.000    20.000    pll_inst/inst/clk_in1_p
    AD12                 IBUFDS (Prop_ibufds_I_O)     0.803    20.803 r  pll_inst/inst/clkin1_ibufgds/O
                         net (fo=1, routed)           0.986    21.789    pll_inst/inst/clk_in1_pll
    MMCME2_ADV_X1Y1      MMCME2_ADV (Prop_mmcme2_adv_CLKIN1_CLKOUT0)
                                                     -6.759    15.030 r  pll_inst/inst/mmcm_adv_inst/CLKOUT0
                         net (fo=1, routed)           2.005    17.035    pll_inst/inst/clk_out1_pll
    BUFGCTRL_X0Y1        BUFG (Prop_bufg_I_O)         0.083    17.118 r  pll_inst/inst/clkout1_buf/O
                         net (fo=581, routed)         1.312    18.430    twin_controller_inst/clk
    SLICE_X40Y128        FDCE                                         r  twin_controller_inst/tx_start_reg/C
                         clock pessimism             -0.607    17.824    
                         clock uncertainty           -0.074    17.750    
    SLICE_X40Y128        FDCE (Recov_fdce_C_CLR)     -0.295    17.455    twin_controller_inst/tx_start_reg
  -------------------------------------------------------------------
                         required time                         17.455    
                         arrival time                          -0.087    
  -------------------------------------------------------------------
                         slack                                 17.368    

Slack (MET) :             17.428ns  (required time - arrival time)
  Source:                 rst_50m_sync_reg/C
                            (rising edge-triggered cell FDPE clocked by clk_out1_pll  {rise@0.000ns fall@10.000ns period=20.000ns})
  Destination:            twin_controller_inst/status_buffer_reg[16][1]/CLR
                            (recovery check against rising-edge clock clk_out1_pll  {rise@0.000ns fall@10.000ns period=20.000ns})
  Path Group:             **async_default**
  Path Type:              Recovery (Max at Slow Process Corner)
  Requirement:            20.000ns  (clk_out1_pll rise@20.000ns - clk_out1_pll rise@0.000ns)
  Data Path Delay:        2.145ns  (logic 0.204ns (9.513%)  route 1.941ns (90.487%))
  Logic Levels:           0  
  Clock Path Skew:        -0.059ns (DCD - SCD + CPR)
    Destination Clock Delay (DCD):    -1.573ns = ( 18.427 - 20.000 ) 
    Source Clock Delay      (SCD):    -2.120ns
    Clock Pessimism Removal (CPR):    -0.607ns
  Clock Uncertainty:      0.074ns  ((TSJ^2 + DJ^2)^1/2) / 2 + PE
    Total System Jitter     (TSJ):    0.071ns
    Discrete Jitter          (DJ):    0.129ns
    Phase Error              (PE):    0.000ns

    Location             Delay type                Incr(ns)  Path(ns)    Netlist Resource(s)
  -------------------------------------------------------------------    -------------------
                         (clock clk_out1_pll rise edge)
                                                      0.000     0.000 r  
    AD12                                              0.000     0.000 r  i_sys_clk_p (IN)
                         net (fo=0)                   0.000     0.000    pll_inst/inst/clk_in1_p
    AD12                 IBUFDS (Prop_ibufds_I_O)     0.906     0.906 r  pll_inst/inst/clkin1_ibufgds/O
                         net (fo=1, routed)           1.081     1.987    pll_inst/inst/clk_in1_pll
    MMCME2_ADV_X1Y1      MMCME2_ADV (Prop_mmcme2_adv_CLKIN1_CLKOUT0)
                                                     -7.786    -5.799 r  pll_inst/inst/mmcm_adv_inst/CLKOUT0
                         net (fo=1, routed)           2.130    -3.669    pll_inst/inst/clk_out1_pll
    BUFGCTRL_X0Y1        BUFG (Prop_bufg_I_O)         0.093    -3.576 r  pll_inst/inst/clkout1_buf/O
                         net (fo=581, routed)         1.456    -2.120    w_clk_50Mhz
    SLICE_X37Y137        FDPE                                         r  rst_50m_sync_reg/C
  -------------------------------------------------------------------    -------------------
    SLICE_X37Y137        FDPE (Prop_fdpe_C_Q)         0.204    -1.916 f  rst_50m_sync_reg/Q
                         net (fo=314, routed)         1.941     0.024    twin_controller_inst/tx_start_i_2_n_0
    SLICE_X40Y125        FDCE                                         f  twin_controller_inst/status_buffer_reg[16][1]/CLR
  -------------------------------------------------------------------    -------------------

                         (clock clk_out1_pll rise edge)
                                                     20.000    20.000 r  
    AD12                                              0.000    20.000 r  i_sys_clk_p (IN)
                         net (fo=0)                   0.000    20.000    pll_inst/inst/clk_in1_p
    AD12                 IBUFDS (Prop_ibufds_I_O)     0.803    20.803 r  pll_inst/inst/clkin1_ibufgds/O
                         net (fo=1, routed)           0.986    21.789    pll_inst/inst/clk_in1_pll
    MMCME2_ADV_X1Y1      MMCME2_ADV (Prop_mmcme2_adv_CLKIN1_CLKOUT0)
                                                     -6.759    15.030 r  pll_inst/inst/mmcm_adv_inst/CLKOUT0
                         net (fo=1, routed)           2.005    17.035    pll_inst/inst/clk_out1_pll
    BUFGCTRL_X0Y1        BUFG (Prop_bufg_I_O)         0.083    17.118 r  pll_inst/inst/clkout1_buf/O
                         net (fo=581, routed)         1.309    18.427    twin_controller_inst/clk
    SLICE_X40Y125        FDCE                                         r  twin_controller_inst/status_buffer_reg[16][1]/C
                         clock pessimism             -0.607    17.821    
                         clock uncertainty           -0.074    17.747    
    SLICE_X40Y125        FDCE (Recov_fdce_C_CLR)     -0.295    17.452    twin_controller_inst/status_buffer_reg[16][1]
  -------------------------------------------------------------------
                         required time                         17.452    
                         arrival time                          -0.024    
  -------------------------------------------------------------------
                         slack                                 17.428    

Slack (MET) :             17.428ns  (required time - arrival time)
  Source:                 rst_50m_sync_reg/C
                            (rising edge-triggered cell FDPE clocked by clk_out1_pll  {rise@0.000ns fall@10.000ns period=20.000ns})
  Destination:            twin_controller_inst/status_buffer_reg[17][1]/CLR
                            (recovery check against rising-edge clock clk_out1_pll  {rise@0.000ns fall@10.000ns period=20.000ns})
  Path Group:             **async_default**
  Path Type:              Recovery (Max at Slow Process Corner)
  Requirement:            20.000ns  (clk_out1_pll rise@20.000ns - clk_out1_pll rise@0.000ns)
  Data Path Delay:        2.145ns  (logic 0.204ns (9.513%)  route 1.941ns (90.487%))
  Logic Levels:           0  
  Clock Path Skew:        -0.059ns (DCD - SCD + CPR)
    Destination Clock Delay (DCD):    -1.573ns = ( 18.427 - 20.000 ) 
    Source Clock Delay      (SCD):    -2.120ns
    Clock Pessimism Removal (CPR):    -0.607ns
  Clock Uncertainty:      0.074ns  ((TSJ^2 + DJ^2)^1/2) / 2 + PE
    Total System Jitter     (TSJ):    0.071ns
    Discrete Jitter          (DJ):    0.129ns
    Phase Error              (PE):    0.000ns

    Location             Delay type                Incr(ns)  Path(ns)    Netlist Resource(s)
  -------------------------------------------------------------------    -------------------
                         (clock clk_out1_pll rise edge)
                                                      0.000     0.000 r  
    AD12                                              0.000     0.000 r  i_sys_clk_p (IN)
                         net (fo=0)                   0.000     0.000    pll_inst/inst/clk_in1_p
    AD12                 IBUFDS (Prop_ibufds_I_O)     0.906     0.906 r  pll_inst/inst/clkin1_ibufgds/O
                         net (fo=1, routed)           1.081     1.987    pll_inst/inst/clk_in1_pll
    MMCME2_ADV_X1Y1      MMCME2_ADV (Prop_mmcme2_adv_CLKIN1_CLKOUT0)
                                                     -7.786    -5.799 r  pll_inst/inst/mmcm_adv_inst/CLKOUT0
                         net (fo=1, routed)           2.130    -3.669    pll_inst/inst/clk_out1_pll
    BUFGCTRL_X0Y1        BUFG (Prop_bufg_I_O)         0.093    -3.576 r  pll_inst/inst/clkout1_buf/O
                         net (fo=581, routed)         1.456    -2.120    w_clk_50Mhz
    SLICE_X37Y137        FDPE                                         r  rst_50m_sync_reg/C
  -------------------------------------------------------------------    -------------------
    SLICE_X37Y137        FDPE (Prop_fdpe_C_Q)         0.204    -1.916 f  rst_50m_sync_reg/Q
                         net (fo=314, routed)         1.941     0.024    twin_controller_inst/tx_start_i_2_n_0
    SLICE_X40Y125        FDCE                                         f  twin_controller_inst/status_buffer_reg[17][1]/CLR
  -------------------------------------------------------------------    -------------------

                         (clock clk_out1_pll rise edge)
                                                     20.000    20.000 r  
    AD12                                              0.000    20.000 r  i_sys_clk_p (IN)
                         net (fo=0)                   0.000    20.000    pll_inst/inst/clk_in1_p
    AD12                 IBUFDS (Prop_ibufds_I_O)     0.803    20.803 r  pll_inst/inst/clkin1_ibufgds/O
                         net (fo=1, routed)           0.986    21.789    pll_inst/inst/clk_in1_pll
    MMCME2_ADV_X1Y1      MMCME2_ADV (Prop_mmcme2_adv_CLKIN1_CLKOUT0)
                                                     -6.759    15.030 r  pll_inst/inst/mmcm_adv_inst/CLKOUT0
                         net (fo=1, routed)           2.005    17.035    pll_inst/inst/clk_out1_pll
    BUFGCTRL_X0Y1        BUFG (Prop_bufg_I_O)         0.083    17.118 r  pll_inst/inst/clkout1_buf/O
                         net (fo=581, routed)         1.309    18.427    twin_controller_inst/clk
    SLICE_X40Y125        FDCE                                         r  twin_controller_inst/status_buffer_reg[17][1]/C
                         clock pessimism             -0.607    17.821    
                         clock uncertainty           -0.074    17.747    
    SLICE_X40Y125        FDCE (Recov_fdce_C_CLR)     -0.295    17.452    twin_controller_inst/status_buffer_reg[17][1]
  -------------------------------------------------------------------
                         required time                         17.452    
                         arrival time                          -0.024    
  -------------------------------------------------------------------
                         slack                                 17.428    

Slack (MET) :             17.428ns  (required time - arrival time)
  Source:                 rst_50m_sync_reg/C
                            (rising edge-triggered cell FDPE clocked by clk_out1_pll  {rise@0.000ns fall@10.000ns period=20.000ns})
  Destination:            twin_controller_inst/status_buffer_reg[3][1]/CLR
                            (recovery check against rising-edge clock clk_out1_pll  {rise@0.000ns fall@10.000ns period=20.000ns})
  Path Group:             **async_default**
  Path Type:              Recovery (Max at Slow Process Corner)
  Requirement:            20.000ns  (clk_out1_pll rise@20.000ns - clk_out1_pll rise@0.000ns)
  Data Path Delay:        2.145ns  (logic 0.204ns (9.513%)  route 1.941ns (90.487%))
  Logic Levels:           0  
  Clock Path Skew:        -0.059ns (DCD - SCD + CPR)
    Destination Clock Delay (DCD):    -1.573ns = ( 18.427 - 20.000 ) 
    Source Clock Delay      (SCD):    -2.120ns
    Clock Pessimism Removal (CPR):    -0.607ns
  Clock Uncertainty:      0.074ns  ((TSJ^2 + DJ^2)^1/2) / 2 + PE
    Total System Jitter     (TSJ):    0.071ns
    Discrete Jitter          (DJ):    0.129ns
    Phase Error              (PE):    0.000ns

    Location             Delay type                Incr(ns)  Path(ns)    Netlist Resource(s)
  -------------------------------------------------------------------    -------------------
                         (clock clk_out1_pll rise edge)
                                                      0.000     0.000 r  
    AD12                                              0.000     0.000 r  i_sys_clk_p (IN)
                         net (fo=0)                   0.000     0.000    pll_inst/inst/clk_in1_p
    AD12                 IBUFDS (Prop_ibufds_I_O)     0.906     0.906 r  pll_inst/inst/clkin1_ibufgds/O
                         net (fo=1, routed)           1.081     1.987    pll_inst/inst/clk_in1_pll
    MMCME2_ADV_X1Y1      MMCME2_ADV (Prop_mmcme2_adv_CLKIN1_CLKOUT0)
                                                     -7.786    -5.799 r  pll_inst/inst/mmcm_adv_inst/CLKOUT0
                         net (fo=1, routed)           2.130    -3.669    pll_inst/inst/clk_out1_pll
    BUFGCTRL_X0Y1        BUFG (Prop_bufg_I_O)         0.093    -3.576 r  pll_inst/inst/clkout1_buf/O
                         net (fo=581, routed)         1.456    -2.120    w_clk_50Mhz
    SLICE_X37Y137        FDPE                                         r  rst_50m_sync_reg/C
  -------------------------------------------------------------------    -------------------
    SLICE_X37Y137        FDPE (Prop_fdpe_C_Q)         0.204    -1.916 f  rst_50m_sync_reg/Q
                         net (fo=314, routed)         1.941     0.024    twin_controller_inst/tx_start_i_2_n_0
    SLICE_X40Y125        FDCE                                         f  twin_controller_inst/status_buffer_reg[3][1]/CLR
  -------------------------------------------------------------------    -------------------

                         (clock clk_out1_pll rise edge)
                                                     20.000    20.000 r  
    AD12                                              0.000    20.000 r  i_sys_clk_p (IN)
                         net (fo=0)                   0.000    20.000    pll_inst/inst/clk_in1_p
    AD12                 IBUFDS (Prop_ibufds_I_O)     0.803    20.803 r  pll_inst/inst/clkin1_ibufgds/O
                         net (fo=1, routed)           0.986    21.789    pll_inst/inst/clk_in1_pll
    MMCME2_ADV_X1Y1      MMCME2_ADV (Prop_mmcme2_adv_CLKIN1_CLKOUT0)
                                                     -6.759    15.030 r  pll_inst/inst/mmcm_adv_inst/CLKOUT0
                         net (fo=1, routed)           2.005    17.035    pll_inst/inst/clk_out1_pll
    BUFGCTRL_X0Y1        BUFG (Prop_bufg_I_O)         0.083    17.118 r  pll_inst/inst/clkout1_buf/O
                         net (fo=581, routed)         1.309    18.427    twin_controller_inst/clk
    SLICE_X40Y125        FDCE                                         r  twin_controller_inst/status_buffer_reg[3][1]/C
                         clock pessimism             -0.607    17.821    
                         clock uncertainty           -0.074    17.747    
    SLICE_X40Y125        FDCE (Recov_fdce_C_CLR)     -0.295    17.452    twin_controller_inst/status_buffer_reg[3][1]
  -------------------------------------------------------------------
                         required time                         17.452    
                         arrival time                          -0.024    
  -------------------------------------------------------------------
                         slack                                 17.428    

Slack (MET) :             17.497ns  (required time - arrival time)
  Source:                 rst_50m_sync_reg/C
                            (rising edge-triggered cell FDPE clocked by clk_out1_pll  {rise@0.000ns fall@10.000ns period=20.000ns})
  Destination:            uart_inst/rx_cnt_reg[11]/CLR
                            (recovery check against rising-edge clock clk_out1_pll  {rise@0.000ns fall@10.000ns period=20.000ns})
  Path Group:             **async_default**
  Path Type:              Recovery (Max at Slow Process Corner)
  Requirement:            20.000ns  (clk_out1_pll rise@20.000ns - clk_out1_pll rise@0.000ns)
  Data Path Delay:        2.098ns  (logic 0.204ns (9.724%)  route 1.894ns (90.276%))
  Logic Levels:           0  
  Clock Path Skew:        -0.036ns (DCD - SCD + CPR)
    Destination Clock Delay (DCD):    -1.571ns = ( 18.429 - 20.000 ) 
    Source Clock Delay      (SCD):    -2.120ns
    Clock Pessimism Removal (CPR):    -0.586ns
  Clock Uncertainty:      0.074ns  ((TSJ^2 + DJ^2)^1/2) / 2 + PE
    Total System Jitter     (TSJ):    0.071ns
    Discrete Jitter          (DJ):    0.129ns
    Phase Error              (PE):    0.000ns

    Location             Delay type                Incr(ns)  Path(ns)    Netlist Resource(s)
  -------------------------------------------------------------------    -------------------
                         (clock clk_out1_pll rise edge)
                                                      0.000     0.000 r  
    AD12                                              0.000     0.000 r  i_sys_clk_p (IN)
                         net (fo=0)                   0.000     0.000    pll_inst/inst/clk_in1_p
    AD12                 IBUFDS (Prop_ibufds_I_O)     0.906     0.906 r  pll_inst/inst/clkin1_ibufgds/O
                         net (fo=1, routed)           1.081     1.987    pll_inst/inst/clk_in1_pll
    MMCME2_ADV_X1Y1      MMCME2_ADV (Prop_mmcme2_adv_CLKIN1_CLKOUT0)
                                                     -7.786    -5.799 r  pll_inst/inst/mmcm_adv_inst/CLKOUT0
                         net (fo=1, routed)           2.130    -3.669    pll_inst/inst/clk_out1_pll
    BUFGCTRL_X0Y1        BUFG (Prop_bufg_I_O)         0.093    -3.576 r  pll_inst/inst/clkout1_buf/O
                         net (fo=581, routed)         1.456    -2.120    w_clk_50Mhz
    SLICE_X37Y137        FDPE                                         r  rst_50m_sync_reg/C
  -------------------------------------------------------------------    -------------------
    SLICE_X37Y137        FDPE (Prop_fdpe_C_Q)         0.204    -1.916 f  rst_50m_sync_reg/Q
                         net (fo=314, routed)         1.894    -0.022    uart_inst/rst_n
    SLICE_X37Y125        FDCE                                         f  uart_inst/rx_cnt_reg[11]/CLR
  -------------------------------------------------------------------    -------------------

                         (clock clk_out1_pll rise edge)
                                                     20.000    20.000 r  
    AD12                                              0.000    20.000 r  i_sys_clk_p (IN)
                         net (fo=0)                   0.000    20.000    pll_inst/inst/clk_in1_p
    AD12                 IBUFDS (Prop_ibufds_I_O)     0.803    20.803 r  pll_inst/inst/clkin1_ibufgds/O
                         net (fo=1, routed)           0.986    21.789    pll_inst/inst/clk_in1_pll
    MMCME2_ADV_X1Y1      MMCME2_ADV (Prop_mmcme2_adv_CLKIN1_CLKOUT0)
                                                     -6.759    15.030 r  pll_inst/inst/mmcm_adv_inst/CLKOUT0
                         net (fo=1, routed)           2.005    17.035    pll_inst/inst/clk_out1_pll
    BUFGCTRL_X0Y1        BUFG (Prop_bufg_I_O)         0.083    17.118 r  pll_inst/inst/clkout1_buf/O
                         net (fo=581, routed)         1.311    18.429    uart_inst/clk
    SLICE_X37Y125        FDCE                                         r  uart_inst/rx_cnt_reg[11]/C
                         clock pessimism             -0.586    17.844    
                         clock uncertainty           -0.074    17.770    
    SLICE_X37Y125        FDCE (Recov_fdce_C_CLR)     -0.295    17.475    uart_inst/rx_cnt_reg[11]
  -------------------------------------------------------------------
                         required time                         17.475    
                         arrival time                           0.022    
  -------------------------------------------------------------------
                         slack                                 17.497    

Slack (MET) :             17.497ns  (required time - arrival time)
  Source:                 rst_50m_sync_reg/C
                            (rising edge-triggered cell FDPE clocked by clk_out1_pll  {rise@0.000ns fall@10.000ns period=20.000ns})
  Destination:            uart_inst/rx_cnt_reg[5]/CLR
                            (recovery check against rising-edge clock clk_out1_pll  {rise@0.000ns fall@10.000ns period=20.000ns})
  Path Group:             **async_default**
  Path Type:              Recovery (Max at Slow Process Corner)
  Requirement:            20.000ns  (clk_out1_pll rise@20.000ns - clk_out1_pll rise@0.000ns)
  Data Path Delay:        2.098ns  (logic 0.204ns (9.724%)  route 1.894ns (90.276%))
  Logic Levels:           0  
  Clock Path Skew:        -0.036ns (DCD - SCD + CPR)
    Destination Clock Delay (DCD):    -1.571ns = ( 18.429 - 20.000 ) 
    Source Clock Delay      (SCD):    -2.120ns
    Clock Pessimism Removal (CPR):    -0.586ns
  Clock Uncertainty:      0.074ns  ((TSJ^2 + DJ^2)^1/2) / 2 + PE
    Total System Jitter     (TSJ):    0.071ns
    Discrete Jitter          (DJ):    0.129ns
    Phase Error              (PE):    0.000ns

    Location             Delay type                Incr(ns)  Path(ns)    Netlist Resource(s)
  -------------------------------------------------------------------    -------------------
                         (clock clk_out1_pll rise edge)
                                                      0.000     0.000 r  
    AD12                                              0.000     0.000 r  i_sys_clk_p (IN)
                         net (fo=0)                   0.000     0.000    pll_inst/inst/clk_in1_p
    AD12                 IBUFDS (Prop_ibufds_I_O)     0.906     0.906 r  pll_inst/inst/clkin1_ibufgds/O
                         net (fo=1, routed)           1.081     1.987    pll_inst/inst/clk_in1_pll
    MMCME2_ADV_X1Y1      MMCME2_ADV (Prop_mmcme2_adv_CLKIN1_CLKOUT0)
                                                     -7.786    -5.799 r  pll_inst/inst/mmcm_adv_inst/CLKOUT0
                         net (fo=1, routed)           2.130    -3.669    pll_inst/inst/clk_out1_pll
    BUFGCTRL_X0Y1        BUFG (Prop_bufg_I_O)         0.093    -3.576 r  pll_inst/inst/clkout1_buf/O
                         net (fo=581, routed)         1.456    -2.120    w_clk_50Mhz
    SLICE_X37Y137        FDPE                                         r  rst_50m_sync_reg/C
  -------------------------------------------------------------------    -------------------
    SLICE_X37Y137        FDPE (Prop_fdpe_C_Q)         0.204    -1.916 f  rst_50m_sync_reg/Q
                         net (fo=314, routed)         1.894    -0.022    uart_inst/rst_n
    SLICE_X37Y125        FDCE                                         f  uart_inst/rx_cnt_reg[5]/CLR
  -------------------------------------------------------------------    -------------------

                         (clock clk_out1_pll rise edge)
                                                     20.000    20.000 r  
    AD12                                              0.000    20.000 r  i_sys_clk_p (IN)
                         net (fo=0)                   0.000    20.000    pll_inst/inst/clk_in1_p
    AD12                 IBUFDS (Prop_ibufds_I_O)     0.803    20.803 r  pll_inst/inst/clkin1_ibufgds/O
                         net (fo=1, routed)           0.986    21.789    pll_inst/inst/clk_in1_pll
    MMCME2_ADV_X1Y1      MMCME2_ADV (Prop_mmcme2_adv_CLKIN1_CLKOUT0)
                                                     -6.759    15.030 r  pll_inst/inst/mmcm_adv_inst/CLKOUT0
                         net (fo=1, routed)           2.005    17.035    pll_inst/inst/clk_out1_pll
    BUFGCTRL_X0Y1        BUFG (Prop_bufg_I_O)         0.083    17.118 r  pll_inst/inst/clkout1_buf/O
                         net (fo=581, routed)         1.311    18.429    uart_inst/clk
    SLICE_X37Y125        FDCE                                         r  uart_inst/rx_cnt_reg[5]/C
                         clock pessimism             -0.586    17.844    
                         clock uncertainty           -0.074    17.770    
    SLICE_X37Y125        FDCE (Recov_fdce_C_CLR)     -0.295    17.475    uart_inst/rx_cnt_reg[5]
  -------------------------------------------------------------------
                         required time                         17.475    
                         arrival time                           0.022    
  -------------------------------------------------------------------
                         slack                                 17.497    

Slack (MET) :             17.497ns  (required time - arrival time)
  Source:                 rst_50m_sync_reg/C
                            (rising edge-triggered cell FDPE clocked by clk_out1_pll  {rise@0.000ns fall@10.000ns period=20.000ns})
  Destination:            uart_inst/rx_cnt_reg[6]/CLR
                            (recovery check against rising-edge clock clk_out1_pll  {rise@0.000ns fall@10.000ns period=20.000ns})
  Path Group:             **async_default**
  Path Type:              Recovery (Max at Slow Process Corner)
  Requirement:            20.000ns  (clk_out1_pll rise@20.000ns - clk_out1_pll rise@0.000ns)
  Data Path Delay:        2.098ns  (logic 0.204ns (9.724%)  route 1.894ns (90.276%))
  Logic Levels:           0  
  Clock Path Skew:        -0.036ns (DCD - SCD + CPR)
    Destination Clock Delay (DCD):    -1.571ns = ( 18.429 - 20.000 ) 
    Source Clock Delay      (SCD):    -2.120ns
    Clock Pessimism Removal (CPR):    -0.586ns
  Clock Uncertainty:      0.074ns  ((TSJ^2 + DJ^2)^1/2) / 2 + PE
    Total System Jitter     (TSJ):    0.071ns
    Discrete Jitter          (DJ):    0.129ns
    Phase Error              (PE):    0.000ns

    Location             Delay type                Incr(ns)  Path(ns)    Netlist Resource(s)
  -------------------------------------------------------------------    -------------------
                         (clock clk_out1_pll rise edge)
                                                      0.000     0.000 r  
    AD12                                              0.000     0.000 r  i_sys_clk_p (IN)
                         net (fo=0)                   0.000     0.000    pll_inst/inst/clk_in1_p
    AD12                 IBUFDS (Prop_ibufds_I_O)     0.906     0.906 r  pll_inst/inst/clkin1_ibufgds/O
                         net (fo=1, routed)           1.081     1.987    pll_inst/inst/clk_in1_pll
    MMCME2_ADV_X1Y1      MMCME2_ADV (Prop_mmcme2_adv_CLKIN1_CLKOUT0)
                                                     -7.786    -5.799 r  pll_inst/inst/mmcm_adv_inst/CLKOUT0
                         net (fo=1, routed)           2.130    -3.669    pll_inst/inst/clk_out1_pll
    BUFGCTRL_X0Y1        BUFG (Prop_bufg_I_O)         0.093    -3.576 r  pll_inst/inst/clkout1_buf/O
                         net (fo=581, routed)         1.456    -2.120    w_clk_50Mhz
    SLICE_X37Y137        FDPE                                         r  rst_50m_sync_reg/C
  -------------------------------------------------------------------    -------------------
    SLICE_X37Y137        FDPE (Prop_fdpe_C_Q)         0.204    -1.916 f  rst_50m_sync_reg/Q
                         net (fo=314, routed)         1.894    -0.022    uart_inst/rst_n
    SLICE_X37Y125        FDCE                                         f  uart_inst/rx_cnt_reg[6]/CLR
  -------------------------------------------------------------------    -------------------

                         (clock clk_out1_pll rise edge)
                                                     20.000    20.000 r  
    AD12                                              0.000    20.000 r  i_sys_clk_p (IN)
                         net (fo=0)                   0.000    20.000    pll_inst/inst/clk_in1_p
    AD12                 IBUFDS (Prop_ibufds_I_O)     0.803    20.803 r  pll_inst/inst/clkin1_ibufgds/O
                         net (fo=1, routed)           0.986    21.789    pll_inst/inst/clk_in1_pll
    MMCME2_ADV_X1Y1      MMCME2_ADV (Prop_mmcme2_adv_CLKIN1_CLKOUT0)
                                                     -6.759    15.030 r  pll_inst/inst/mmcm_adv_inst/CLKOUT0
                         net (fo=1, routed)           2.005    17.035    pll_inst/inst/clk_out1_pll
    BUFGCTRL_X0Y1        BUFG (Prop_bufg_I_O)         0.083    17.118 r  pll_inst/inst/clkout1_buf/O
                         net (fo=581, routed)         1.311    18.429    uart_inst/clk
    SLICE_X37Y125        FDCE                                         r  uart_inst/rx_cnt_reg[6]/C
                         clock pessimism             -0.586    17.844    
                         clock uncertainty           -0.074    17.770    
    SLICE_X37Y125        FDCE (Recov_fdce_C_CLR)     -0.295    17.475    uart_inst/rx_cnt_reg[6]
  -------------------------------------------------------------------
                         required time                         17.475    
                         arrival time                           0.022    
  -------------------------------------------------------------------
                         slack                                 17.497    

Slack (MET) :             17.497ns  (required time - arrival time)
  Source:                 rst_50m_sync_reg/C
                            (rising edge-triggered cell FDPE clocked by clk_out1_pll  {rise@0.000ns fall@10.000ns period=20.000ns})
  Destination:            uart_inst/rx_cnt_reg[7]/CLR
                            (recovery check against rising-edge clock clk_out1_pll  {rise@0.000ns fall@10.000ns period=20.000ns})
  Path Group:             **async_default**
  Path Type:              Recovery (Max at Slow Process Corner)
  Requirement:            20.000ns  (clk_out1_pll rise@20.000ns - clk_out1_pll rise@0.000ns)
  Data Path Delay:        2.098ns  (logic 0.204ns (9.724%)  route 1.894ns (90.276%))
  Logic Levels:           0  
  Clock Path Skew:        -0.036ns (DCD - SCD + CPR)
    Destination Clock Delay (DCD):    -1.571ns = ( 18.429 - 20.000 ) 
    Source Clock Delay      (SCD):    -2.120ns
    Clock Pessimism Removal (CPR):    -0.586ns
  Clock Uncertainty:      0.074ns  ((TSJ^2 + DJ^2)^1/2) / 2 + PE
    Total System Jitter     (TSJ):    0.071ns
    Discrete Jitter          (DJ):    0.129ns
    Phase Error              (PE):    0.000ns

    Location             Delay type                Incr(ns)  Path(ns)    Netlist Resource(s)
  -------------------------------------------------------------------    -------------------
                         (clock clk_out1_pll rise edge)
                                                      0.000     0.000 r  
    AD12                                              0.000     0.000 r  i_sys_clk_p (IN)
                         net (fo=0)                   0.000     0.000    pll_inst/inst/clk_in1_p
    AD12                 IBUFDS (Prop_ibufds_I_O)     0.906     0.906 r  pll_inst/inst/clkin1_ibufgds/O
                         net (fo=1, routed)           1.081     1.987    pll_inst/inst/clk_in1_pll
    MMCME2_ADV_X1Y1      MMCME2_ADV (Prop_mmcme2_adv_CLKIN1_CLKOUT0)
                                                     -7.786    -5.799 r  pll_inst/inst/mmcm_adv_inst/CLKOUT0
                         net (fo=1, routed)           2.130    -3.669    pll_inst/inst/clk_out1_pll
    BUFGCTRL_X0Y1        BUFG (Prop_bufg_I_O)         0.093    -3.576 r  pll_inst/inst/clkout1_buf/O
                         net (fo=581, routed)         1.456    -2.120    w_clk_50Mhz
    SLICE_X37Y137        FDPE                                         r  rst_50m_sync_reg/C
  -------------------------------------------------------------------    -------------------
    SLICE_X37Y137        FDPE (Prop_fdpe_C_Q)         0.204    -1.916 f  rst_50m_sync_reg/Q
                         net (fo=314, routed)         1.894    -0.022    uart_inst/rst_n
    SLICE_X37Y125        FDCE                                         f  uart_inst/rx_cnt_reg[7]/CLR
  -------------------------------------------------------------------    -------------------

                         (clock clk_out1_pll rise edge)
                                                     20.000    20.000 r  
    AD12                                              0.000    20.000 r  i_sys_clk_p (IN)
                         net (fo=0)                   0.000    20.000    pll_inst/inst/clk_in1_p
    AD12                 IBUFDS (Prop_ibufds_I_O)     0.803    20.803 r  pll_inst/inst/clkin1_ibufgds/O
                         net (fo=1, routed)           0.986    21.789    pll_inst/inst/clk_in1_pll
    MMCME2_ADV_X1Y1      MMCME2_ADV (Prop_mmcme2_adv_CLKIN1_CLKOUT0)
                                                     -6.759    15.030 r  pll_inst/inst/mmcm_adv_inst/CLKOUT0
                         net (fo=1, routed)           2.005    17.035    pll_inst/inst/clk_out1_pll
    BUFGCTRL_X0Y1        BUFG (Prop_bufg_I_O)         0.083    17.118 r  pll_inst/inst/clkout1_buf/O
                         net (fo=581, routed)         1.311    18.429    uart_inst/clk
    SLICE_X37Y125        FDCE                                         r  uart_inst/rx_cnt_reg[7]/C
                         clock pessimism             -0.586    17.844    
                         clock uncertainty           -0.074    17.770    
    SLICE_X37Y125        FDCE (Recov_fdce_C_CLR)     -0.295    17.475    uart_inst/rx_cnt_reg[7]
  -------------------------------------------------------------------
                         required time                         17.475    
                         arrival time                           0.022    
  -------------------------------------------------------------------
                         slack                                 17.497    





--------------------------------------------------------------------------------------
Path Group:  (none)
From Clock:  clk_out2_pll
  To Clock:  clk_out1_pll

Max Delay            65 Endpoints
Min Delay             0 Endpoints
--------------------------------------------------------------------------------------


Max Delay Paths
--------------------------------------------------------------------------------------
Slack:                    inf
  Source:                 student_top_inst/mem_bridge/cnt_enable_cfg_q_reg/C
                            (rising edge-triggered cell FDRE clocked by clk_out2_pll  {rise@0.000ns fall@2.500ns period=5.000ns})
  Destination:            student_top_inst/mem_bridge/counter_inst/cnt_enable_cnt_d1_reg/D
                            (rising edge-triggered cell FDRE clocked by clk_out1_pll  {rise@0.000ns fall@10.000ns period=20.000ns})
  Path Group:             (none)
  Path Type:              Setup (Max at Fast Process Corner)
  Data Path Delay:        0.703ns  (logic 0.147ns (20.921%)  route 0.556ns (79.079%))
  Logic Levels:           0  
  Clock Path Skew:        0.022ns (DCD - SCD + CPR)
    Destination Clock Delay (DCD):    -0.598ns
    Source Clock Delay      (SCD):    -0.619ns
    Clock Pessimism Removal (CPR):    0.000ns
  Clock Uncertainty:      0.194ns  ((TSJ^2 + DJ^2)^1/2) / 2 + PE
    Total System Jitter     (TSJ):    0.071ns
    Discrete Jitter          (DJ):    0.129ns
    Phase Error              (PE):    0.120ns
  Timing Exception:       Asynchronous Clock Groups

    Location             Delay type                Incr(ns)  Path(ns)    Netlist Resource(s)
  -------------------------------------------------------------------    -------------------
                         (clock clk_out2_pll rise edge)
                                                      0.000     0.000 r  
    AD12                                              0.000     0.000 r  i_sys_clk_p (IN)
                         net (fo=0)                   0.000     0.000    pll_inst/inst/clk_in1_p
    AD12                 IBUFDS (Prop_ibufds_I_O)     0.470     0.470 r  pll_inst/inst/clkin1_ibufgds/O
                         net (fo=1, routed)           0.553     1.023    pll_inst/inst/clk_in1_pll
    MMCME2_ADV_X1Y1      MMCME2_ADV (Prop_mmcme2_adv_CLKIN1_CLKOUT1)
                                                     -3.493    -2.470 r  pll_inst/inst/mmcm_adv_inst/CLKOUT1
                         net (fo=1, routed)           1.007    -1.463    pll_inst/inst/clk_out2_pll
    BUFGCTRL_X0Y0        BUFG (Prop_bufg_I_O)         0.030    -1.433 r  pll_inst/inst/clkout2_buf/O
                         net (fo=12327, routed)       0.814    -0.619    student_top_inst/mem_bridge/clk
    SLICE_X50Y142        FDRE                                         r  student_top_inst/mem_bridge/cnt_enable_cfg_q_reg/C
  -------------------------------------------------------------------    -------------------
    SLICE_X50Y142        FDRE (Prop_fdre_C_Q)         0.147    -0.472 r  student_top_inst/mem_bridge/cnt_enable_cfg_q_reg/Q
                         net (fo=2, routed)           0.556     0.083    student_top_inst/mem_bridge/counter_inst/cnt_enable_cpu
    SLICE_X51Y122        FDRE                                         r  student_top_inst/mem_bridge/counter_inst/cnt_enable_cnt_d1_reg/D
  -------------------------------------------------------------------    -------------------

                         (clock clk_out1_pll rise edge)
                                                      0.000     0.000 r  
    AD12                                              0.000     0.000 r  i_sys_clk_p (IN)
                         net (fo=0)                   0.000     0.000    pll_inst/inst/clk_in1_p
    AD12                 IBUFDS (Prop_ibufds_I_O)     0.388     0.388 r  pll_inst/inst/clkin1_ibufgds/O
                         net (fo=1, routed)           0.503     0.891    pll_inst/inst/clk_in1_pll
    MMCME2_ADV_X1Y1      MMCME2_ADV (Prop_mmcme2_adv_CLKIN1_CLKOUT0)
                                                     -3.040    -2.149 r  pll_inst/inst/mmcm_adv_inst/CLKOUT0
                         net (fo=1, routed)           0.940    -1.209    pll_inst/inst/clk_out1_pll
    BUFGCTRL_X0Y1        BUFG (Prop_bufg_I_O)         0.026    -1.183 r  pll_inst/inst/clkout1_buf/O
                         net (fo=581, routed)         0.585    -0.598    student_top_inst/mem_bridge/counter_inst/cnt_clk
    SLICE_X51Y122        FDRE                                         r  student_top_inst/mem_bridge/counter_inst/cnt_enable_cnt_d1_reg/C

Slack:                    inf
  Source:                 student_top_inst/mem_bridge/seg_wdata_q_reg[31]/C
                            (rising edge-triggered cell FDRE clocked by clk_out2_pll  {rise@0.000ns fall@2.500ns period=5.000ns})
  Destination:            student_top_inst/mem_bridge/seg_wdata_cnt_d1_reg[31]/D
                            (rising edge-triggered cell FDRE clocked by clk_out1_pll  {rise@0.000ns fall@10.000ns period=20.000ns})
  Path Group:             (none)
  Path Type:              Setup (Max at Fast Process Corner)
  Data Path Delay:        0.652ns  (logic 0.124ns (19.008%)  route 0.528ns (80.992%))
  Logic Levels:           0  
  Clock Path Skew:        0.028ns (DCD - SCD + CPR)
    Destination Clock Delay (DCD):    -0.557ns
    Source Clock Delay      (SCD):    -0.584ns
    Clock Pessimism Removal (CPR):    0.000ns
  Clock Uncertainty:      0.194ns  ((TSJ^2 + DJ^2)^1/2) / 2 + PE
    Total System Jitter     (TSJ):    0.071ns
    Discrete Jitter          (DJ):    0.129ns
    Phase Error              (PE):    0.120ns
  Timing Exception:       Asynchronous Clock Groups

    Location             Delay type                Incr(ns)  Path(ns)    Netlist Resource(s)
  -------------------------------------------------------------------    -------------------
                         (clock clk_out2_pll rise edge)
                                                      0.000     0.000 r  
    AD12                                              0.000     0.000 r  i_sys_clk_p (IN)
                         net (fo=0)                   0.000     0.000    pll_inst/inst/clk_in1_p
    AD12                 IBUFDS (Prop_ibufds_I_O)     0.470     0.470 r  pll_inst/inst/clkin1_ibufgds/O
                         net (fo=1, routed)           0.553     1.023    pll_inst/inst/clk_in1_pll
    MMCME2_ADV_X1Y1      MMCME2_ADV (Prop_mmcme2_adv_CLKIN1_CLKOUT1)
                                                     -3.493    -2.470 r  pll_inst/inst/mmcm_adv_inst/CLKOUT1
                         net (fo=1, routed)           1.007    -1.463    pll_inst/inst/clk_out2_pll
    BUFGCTRL_X0Y0        BUFG (Prop_bufg_I_O)         0.030    -1.433 r  pll_inst/inst/clkout2_buf/O
                         net (fo=12327, routed)       0.849    -0.584    student_top_inst/mem_bridge/clk
    SLICE_X44Y143        FDRE                                         r  student_top_inst/mem_bridge/seg_wdata_q_reg[31]/C
  -------------------------------------------------------------------    -------------------
    SLICE_X44Y143        FDRE (Prop_fdre_C_Q)         0.124    -0.460 r  student_top_inst/mem_bridge/seg_wdata_q_reg[31]/Q
                         net (fo=2, routed)           0.528     0.068    student_top_inst/mem_bridge/seg_wdata_q_reg_n_0_[31]
    SLICE_X42Y136        FDRE                                         r  student_top_inst/mem_bridge/seg_wdata_cnt_d1_reg[31]/D
  -------------------------------------------------------------------    -------------------

                         (clock clk_out1_pll rise edge)
                                                      0.000     0.000 r  
    AD12                                              0.000     0.000 r  i_sys_clk_p (IN)
                         net (fo=0)                   0.000     0.000    pll_inst/inst/clk_in1_p
    AD12                 IBUFDS (Prop_ibufds_I_O)     0.388     0.388 r  pll_inst/inst/clkin1_ibufgds/O
                         net (fo=1, routed)           0.503     0.891    pll_inst/inst/clk_in1_pll
    MMCME2_ADV_X1Y1      MMCME2_ADV (Prop_mmcme2_adv_CLKIN1_CLKOUT0)
                                                     -3.040    -2.149 r  pll_inst/inst/mmcm_adv_inst/CLKOUT0
                         net (fo=1, routed)           0.940    -1.209    pll_inst/inst/clk_out1_pll
    BUFGCTRL_X0Y1        BUFG (Prop_bufg_I_O)         0.026    -1.183 r  pll_inst/inst/clkout1_buf/O
                         net (fo=581, routed)         0.626    -0.557    student_top_inst/mem_bridge/cnt_clk
    SLICE_X42Y136        FDRE                                         r  student_top_inst/mem_bridge/seg_wdata_cnt_d1_reg[31]/C

Slack:                    inf
  Source:                 student_top_inst/mem_bridge/led_q_reg[3]/C
                            (rising edge-triggered cell FDRE clocked by clk_out2_pll  {rise@0.000ns fall@2.500ns period=5.000ns})
  Destination:            virtual_led_50_d1_reg[3]/D
                            (rising edge-triggered cell FDCE clocked by clk_out1_pll  {rise@0.000ns fall@10.000ns period=20.000ns})
  Path Group:             (none)
  Path Type:              Setup (Max at Fast Process Corner)
  Data Path Delay:        0.636ns  (logic 0.147ns (23.117%)  route 0.489ns (76.883%))
  Logic Levels:           0  
  Clock Path Skew:        0.023ns (DCD - SCD + CPR)
    Destination Clock Delay (DCD):    -0.562ns
    Source Clock Delay      (SCD):    -0.584ns
    Clock Pessimism Removal (CPR):    0.000ns
  Clock Uncertainty:      0.194ns  ((TSJ^2 + DJ^2)^1/2) / 2 + PE
    Total System Jitter     (TSJ):    0.071ns
    Discrete Jitter          (DJ):    0.129ns
    Phase Error              (PE):    0.120ns
  Timing Exception:       Asynchronous Clock Groups

    Location             Delay type                Incr(ns)  Path(ns)    Netlist Resource(s)
  -------------------------------------------------------------------    -------------------
                         (clock clk_out2_pll rise edge)
                                                      0.000     0.000 r  
    AD12                                              0.000     0.000 r  i_sys_clk_p (IN)
                         net (fo=0)                   0.000     0.000    pll_inst/inst/clk_in1_p
    AD12                 IBUFDS (Prop_ibufds_I_O)     0.470     0.470 r  pll_inst/inst/clkin1_ibufgds/O
                         net (fo=1, routed)           0.553     1.023    pll_inst/inst/clk_in1_pll
    MMCME2_ADV_X1Y1      MMCME2_ADV (Prop_mmcme2_adv_CLKIN1_CLKOUT1)
                                                     -3.493    -2.470 r  pll_inst/inst/mmcm_adv_inst/CLKOUT1
                         net (fo=1, routed)           1.007    -1.463    pll_inst/inst/clk_out2_pll
    BUFGCTRL_X0Y0        BUFG (Prop_bufg_I_O)         0.030    -1.433 r  pll_inst/inst/clkout2_buf/O
                         net (fo=12327, routed)       0.849    -0.584    student_top_inst/mem_bridge/clk
    SLICE_X42Y144        FDRE                                         r  student_top_inst/mem_bridge/led_q_reg[3]/C
  -------------------------------------------------------------------    -------------------
    SLICE_X42Y144        FDRE (Prop_fdre_C_Q)         0.147    -0.437 r  student_top_inst/mem_bridge/led_q_reg[3]/Q
                         net (fo=2, routed)           0.489     0.052    virtual_led_OBUF[3]
    SLICE_X41Y128        FDCE                                         r  virtual_led_50_d1_reg[3]/D
  -------------------------------------------------------------------    -------------------

                         (clock clk_out1_pll rise edge)
                                                      0.000     0.000 r  
    AD12                                              0.000     0.000 r  i_sys_clk_p (IN)
                         net (fo=0)                   0.000     0.000    pll_inst/inst/clk_in1_p
    AD12                 IBUFDS (Prop_ibufds_I_O)     0.388     0.388 r  pll_inst/inst/clkin1_ibufgds/O
                         net (fo=1, routed)           0.503     0.891    pll_inst/inst/clk_in1_pll
    MMCME2_ADV_X1Y1      MMCME2_ADV (Prop_mmcme2_adv_CLKIN1_CLKOUT0)
                                                     -3.040    -2.149 r  pll_inst/inst/mmcm_adv_inst/CLKOUT0
                         net (fo=1, routed)           0.940    -1.209    pll_inst/inst/clk_out1_pll
    BUFGCTRL_X0Y1        BUFG (Prop_bufg_I_O)         0.026    -1.183 r  pll_inst/inst/clkout1_buf/O
                         net (fo=581, routed)         0.621    -0.562    w_clk_50Mhz
    SLICE_X41Y128        FDCE                                         r  virtual_led_50_d1_reg[3]/C

Slack:                    inf
  Source:                 student_top_inst/mem_bridge/led_q_reg[9]/C
                            (rising edge-triggered cell FDRE clocked by clk_out2_pll  {rise@0.000ns fall@2.500ns period=5.000ns})
  Destination:            virtual_led_50_d1_reg[9]/D
                            (rising edge-triggered cell FDCE clocked by clk_out1_pll  {rise@0.000ns fall@10.000ns period=20.000ns})
  Path Group:             (none)
  Path Type:              Setup (Max at Fast Process Corner)
  Data Path Delay:        0.625ns  (logic 0.147ns (23.530%)  route 0.478ns (76.470%))
  Logic Levels:           0  
  Clock Path Skew:        0.021ns (DCD - SCD + CPR)
    Destination Clock Delay (DCD):    -0.564ns
    Source Clock Delay      (SCD):    -0.584ns
    Clock Pessimism Removal (CPR):    0.000ns
  Clock Uncertainty:      0.194ns  ((TSJ^2 + DJ^2)^1/2) / 2 + PE
    Total System Jitter     (TSJ):    0.071ns
    Discrete Jitter          (DJ):    0.129ns
    Phase Error              (PE):    0.120ns
  Timing Exception:       Asynchronous Clock Groups

    Location             Delay type                Incr(ns)  Path(ns)    Netlist Resource(s)
  -------------------------------------------------------------------    -------------------
                         (clock clk_out2_pll rise edge)
                                                      0.000     0.000 r  
    AD12                                              0.000     0.000 r  i_sys_clk_p (IN)
                         net (fo=0)                   0.000     0.000    pll_inst/inst/clk_in1_p
    AD12                 IBUFDS (Prop_ibufds_I_O)     0.470     0.470 r  pll_inst/inst/clkin1_ibufgds/O
                         net (fo=1, routed)           0.553     1.023    pll_inst/inst/clk_in1_pll
    MMCME2_ADV_X1Y1      MMCME2_ADV (Prop_mmcme2_adv_CLKIN1_CLKOUT1)
                                                     -3.493    -2.470 r  pll_inst/inst/mmcm_adv_inst/CLKOUT1
                         net (fo=1, routed)           1.007    -1.463    pll_inst/inst/clk_out2_pll
    BUFGCTRL_X0Y0        BUFG (Prop_bufg_I_O)         0.030    -1.433 r  pll_inst/inst/clkout2_buf/O
                         net (fo=12327, routed)       0.849    -0.584    student_top_inst/mem_bridge/clk
    SLICE_X42Y144        FDRE                                         r  student_top_inst/mem_bridge/led_q_reg[9]/C
  -------------------------------------------------------------------    -------------------
    SLICE_X42Y144        FDRE (Prop_fdre_C_Q)         0.147    -0.437 r  student_top_inst/mem_bridge/led_q_reg[9]/Q
                         net (fo=2, routed)           0.478     0.040    virtual_led_OBUF[9]
    SLICE_X43Y127        FDCE                                         r  virtual_led_50_d1_reg[9]/D
  -------------------------------------------------------------------    -------------------

                         (clock clk_out1_pll rise edge)
                                                      0.000     0.000 r  
    AD12                                              0.000     0.000 r  i_sys_clk_p (IN)
                         net (fo=0)                   0.000     0.000    pll_inst/inst/clk_in1_p
    AD12                 IBUFDS (Prop_ibufds_I_O)     0.388     0.388 r  pll_inst/inst/clkin1_ibufgds/O
                         net (fo=1, routed)           0.503     0.891    pll_inst/inst/clk_in1_pll
    MMCME2_ADV_X1Y1      MMCME2_ADV (Prop_mmcme2_adv_CLKIN1_CLKOUT0)
                                                     -3.040    -2.149 r  pll_inst/inst/mmcm_adv_inst/CLKOUT0
                         net (fo=1, routed)           0.940    -1.209    pll_inst/inst/clk_out1_pll
    BUFGCTRL_X0Y1        BUFG (Prop_bufg_I_O)         0.026    -1.183 r  pll_inst/inst/clkout1_buf/O
                         net (fo=581, routed)         0.619    -0.564    w_clk_50Mhz
    SLICE_X43Y127        FDCE                                         r  virtual_led_50_d1_reg[9]/C

Slack:                    inf
  Source:                 student_top_inst/mem_bridge/led_q_reg[13]/C
                            (rising edge-triggered cell FDRE clocked by clk_out2_pll  {rise@0.000ns fall@2.500ns period=5.000ns})
  Destination:            virtual_led_50_d1_reg[13]/D
                            (rising edge-triggered cell FDCE clocked by clk_out1_pll  {rise@0.000ns fall@10.000ns period=20.000ns})
  Path Group:             (none)
  Path Type:              Setup (Max at Fast Process Corner)
  Data Path Delay:        0.621ns  (logic 0.124ns (19.977%)  route 0.497ns (80.023%))
  Logic Levels:           0  
  Clock Path Skew:        0.020ns (DCD - SCD + CPR)
    Destination Clock Delay (DCD):    -0.565ns
    Source Clock Delay      (SCD):    -0.584ns
    Clock Pessimism Removal (CPR):    0.000ns
  Clock Uncertainty:      0.194ns  ((TSJ^2 + DJ^2)^1/2) / 2 + PE
    Total System Jitter     (TSJ):    0.071ns
    Discrete Jitter          (DJ):    0.129ns
    Phase Error              (PE):    0.120ns
  Timing Exception:       Asynchronous Clock Groups

    Location             Delay type                Incr(ns)  Path(ns)    Netlist Resource(s)
  -------------------------------------------------------------------    -------------------
                         (clock clk_out2_pll rise edge)
                                                      0.000     0.000 r  
    AD12                                              0.000     0.000 r  i_sys_clk_p (IN)
                         net (fo=0)                   0.000     0.000    pll_inst/inst/clk_in1_p
    AD12                 IBUFDS (Prop_ibufds_I_O)     0.470     0.470 r  pll_inst/inst/clkin1_ibufgds/O
                         net (fo=1, routed)           0.553     1.023    pll_inst/inst/clk_in1_pll
    MMCME2_ADV_X1Y1      MMCME2_ADV (Prop_mmcme2_adv_CLKIN1_CLKOUT1)
                                                     -3.493    -2.470 r  pll_inst/inst/mmcm_adv_inst/CLKOUT1
                         net (fo=1, routed)           1.007    -1.463    pll_inst/inst/clk_out2_pll
    BUFGCTRL_X0Y0        BUFG (Prop_bufg_I_O)         0.030    -1.433 r  pll_inst/inst/clkout2_buf/O
                         net (fo=12327, routed)       0.849    -0.584    student_top_inst/mem_bridge/clk
    SLICE_X43Y144        FDRE                                         r  student_top_inst/mem_bridge/led_q_reg[13]/C
  -------------------------------------------------------------------    -------------------
    SLICE_X43Y144        FDRE (Prop_fdre_C_Q)         0.124    -0.460 r  student_top_inst/mem_bridge/led_q_reg[13]/Q
                         net (fo=2, routed)           0.497     0.036    virtual_led_OBUF[13]
    SLICE_X43Y126        FDCE                                         r  virtual_led_50_d1_reg[13]/D
  -------------------------------------------------------------------    -------------------

                         (clock clk_out1_pll rise edge)
                                                      0.000     0.000 r  
    AD12                                              0.000     0.000 r  i_sys_clk_p (IN)
                         net (fo=0)                   0.000     0.000    pll_inst/inst/clk_in1_p
    AD12                 IBUFDS (Prop_ibufds_I_O)     0.388     0.388 r  pll_inst/inst/clkin1_ibufgds/O
                         net (fo=1, routed)           0.503     0.891    pll_inst/inst/clk_in1_pll
    MMCME2_ADV_X1Y1      MMCME2_ADV (Prop_mmcme2_adv_CLKIN1_CLKOUT0)
                                                     -3.040    -2.149 r  pll_inst/inst/mmcm_adv_inst/CLKOUT0
                         net (fo=1, routed)           0.940    -1.209    pll_inst/inst/clk_out1_pll
    BUFGCTRL_X0Y1        BUFG (Prop_bufg_I_O)         0.026    -1.183 r  pll_inst/inst/clkout1_buf/O
                         net (fo=581, routed)         0.618    -0.565    w_clk_50Mhz
    SLICE_X43Y126        FDCE                                         r  virtual_led_50_d1_reg[13]/C

Slack:                    inf
  Source:                 student_top_inst/mem_bridge/led_q_reg[16]/C
                            (rising edge-triggered cell FDRE clocked by clk_out2_pll  {rise@0.000ns fall@2.500ns period=5.000ns})
  Destination:            virtual_led_50_d1_reg[16]/D
                            (rising edge-triggered cell FDCE clocked by clk_out1_pll  {rise@0.000ns fall@10.000ns period=20.000ns})
  Path Group:             (none)
  Path Type:              Setup (Max at Fast Process Corner)
  Data Path Delay:        0.618ns  (logic 0.124ns (20.067%)  route 0.494ns (79.933%))
  Logic Levels:           0  
  Clock Path Skew:        0.019ns (DCD - SCD + CPR)
    Destination Clock Delay (DCD):    -0.564ns
    Source Clock Delay      (SCD):    -0.582ns
    Clock Pessimism Removal (CPR):    0.000ns
  Clock Uncertainty:      0.194ns  ((TSJ^2 + DJ^2)^1/2) / 2 + PE
    Total System Jitter     (TSJ):    0.071ns
    Discrete Jitter          (DJ):    0.129ns
    Phase Error              (PE):    0.120ns
  Timing Exception:       Asynchronous Clock Groups

    Location             Delay type                Incr(ns)  Path(ns)    Netlist Resource(s)
  -------------------------------------------------------------------    -------------------
                         (clock clk_out2_pll rise edge)
                                                      0.000     0.000 r  
    AD12                                              0.000     0.000 r  i_sys_clk_p (IN)
                         net (fo=0)                   0.000     0.000    pll_inst/inst/clk_in1_p
    AD12                 IBUFDS (Prop_ibufds_I_O)     0.470     0.470 r  pll_inst/inst/clkin1_ibufgds/O
                         net (fo=1, routed)           0.553     1.023    pll_inst/inst/clk_in1_pll
    MMCME2_ADV_X1Y1      MMCME2_ADV (Prop_mmcme2_adv_CLKIN1_CLKOUT1)
                                                     -3.493    -2.470 r  pll_inst/inst/mmcm_adv_inst/CLKOUT1
                         net (fo=1, routed)           1.007    -1.463    pll_inst/inst/clk_out2_pll
    BUFGCTRL_X0Y0        BUFG (Prop_bufg_I_O)         0.030    -1.433 r  pll_inst/inst/clkout2_buf/O
                         net (fo=12327, routed)       0.851    -0.582    student_top_inst/mem_bridge/clk
    SLICE_X40Y145        FDRE                                         r  student_top_inst/mem_bridge/led_q_reg[16]/C
  -------------------------------------------------------------------    -------------------
    SLICE_X40Y145        FDRE (Prop_fdre_C_Q)         0.124    -0.458 r  student_top_inst/mem_bridge/led_q_reg[16]/Q
                         net (fo=2, routed)           0.494     0.036    virtual_led_OBUF[16]
    SLICE_X39Y126        FDCE                                         r  virtual_led_50_d1_reg[16]/D
  -------------------------------------------------------------------    -------------------

                         (clock clk_out1_pll rise edge)
                                                      0.000     0.000 r  
    AD12                                              0.000     0.000 r  i_sys_clk_p (IN)
                         net (fo=0)                   0.000     0.000    pll_inst/inst/clk_in1_p
    AD12                 IBUFDS (Prop_ibufds_I_O)     0.388     0.388 r  pll_inst/inst/clkin1_ibufgds/O
                         net (fo=1, routed)           0.503     0.891    pll_inst/inst/clk_in1_pll
    MMCME2_ADV_X1Y1      MMCME2_ADV (Prop_mmcme2_adv_CLKIN1_CLKOUT0)
                                                     -3.040    -2.149 r  pll_inst/inst/mmcm_adv_inst/CLKOUT0
                         net (fo=1, routed)           0.940    -1.209    pll_inst/inst/clk_out1_pll
    BUFGCTRL_X0Y1        BUFG (Prop_bufg_I_O)         0.026    -1.183 r  pll_inst/inst/clkout1_buf/O
                         net (fo=581, routed)         0.619    -0.564    w_clk_50Mhz
    SLICE_X39Y126        FDCE                                         r  virtual_led_50_d1_reg[16]/C

Slack:                    inf
  Source:                 student_top_inst/mem_bridge/led_q_reg[29]/C
                            (rising edge-triggered cell FDRE clocked by clk_out2_pll  {rise@0.000ns fall@2.500ns period=5.000ns})
  Destination:            virtual_led_50_d1_reg[29]/D
                            (rising edge-triggered cell FDCE clocked by clk_out1_pll  {rise@0.000ns fall@10.000ns period=20.000ns})
  Path Group:             (none)
  Path Type:              Setup (Max at Fast Process Corner)
  Data Path Delay:        0.589ns  (logic 0.124ns (21.062%)  route 0.465ns (78.938%))
  Logic Levels:           0  
  Clock Path Skew:        0.020ns (DCD - SCD + CPR)
    Destination Clock Delay (DCD):    -0.565ns
    Source Clock Delay      (SCD):    -0.584ns
    Clock Pessimism Removal (CPR):    0.000ns
  Clock Uncertainty:      0.194ns  ((TSJ^2 + DJ^2)^1/2) / 2 + PE
    Total System Jitter     (TSJ):    0.071ns
    Discrete Jitter          (DJ):    0.129ns
    Phase Error              (PE):    0.120ns
  Timing Exception:       Asynchronous Clock Groups

    Location             Delay type                Incr(ns)  Path(ns)    Netlist Resource(s)
  -------------------------------------------------------------------    -------------------
                         (clock clk_out2_pll rise edge)
                                                      0.000     0.000 r  
    AD12                                              0.000     0.000 r  i_sys_clk_p (IN)
                         net (fo=0)                   0.000     0.000    pll_inst/inst/clk_in1_p
    AD12                 IBUFDS (Prop_ibufds_I_O)     0.470     0.470 r  pll_inst/inst/clkin1_ibufgds/O
                         net (fo=1, routed)           0.553     1.023    pll_inst/inst/clk_in1_pll
    MMCME2_ADV_X1Y1      MMCME2_ADV (Prop_mmcme2_adv_CLKIN1_CLKOUT1)
                                                     -3.493    -2.470 r  pll_inst/inst/mmcm_adv_inst/CLKOUT1
                         net (fo=1, routed)           1.007    -1.463    pll_inst/inst/clk_out2_pll
    BUFGCTRL_X0Y0        BUFG (Prop_bufg_I_O)         0.030    -1.433 r  pll_inst/inst/clkout2_buf/O
                         net (fo=12327, routed)       0.849    -0.584    student_top_inst/mem_bridge/clk
    SLICE_X43Y144        FDRE                                         r  student_top_inst/mem_bridge/led_q_reg[29]/C
  -------------------------------------------------------------------    -------------------
    SLICE_X43Y144        FDRE (Prop_fdre_C_Q)         0.124    -0.460 r  student_top_inst/mem_bridge/led_q_reg[29]/Q
                         net (fo=2, routed)           0.465     0.004    virtual_led_OBUF[29]
    SLICE_X43Y126        FDCE                                         r  virtual_led_50_d1_reg[29]/D
  -------------------------------------------------------------------    -------------------

                         (clock clk_out1_pll rise edge)
                                                      0.000     0.000 r  
    AD12                                              0.000     0.000 r  i_sys_clk_p (IN)
                         net (fo=0)                   0.000     0.000    pll_inst/inst/clk_in1_p
    AD12                 IBUFDS (Prop_ibufds_I_O)     0.388     0.388 r  pll_inst/inst/clkin1_ibufgds/O
                         net (fo=1, routed)           0.503     0.891    pll_inst/inst/clk_in1_pll
    MMCME2_ADV_X1Y1      MMCME2_ADV (Prop_mmcme2_adv_CLKIN1_CLKOUT0)
                                                     -3.040    -2.149 r  pll_inst/inst/mmcm_adv_inst/CLKOUT0
                         net (fo=1, routed)           0.940    -1.209    pll_inst/inst/clk_out1_pll
    BUFGCTRL_X0Y1        BUFG (Prop_bufg_I_O)         0.026    -1.183 r  pll_inst/inst/clkout1_buf/O
                         net (fo=581, routed)         0.618    -0.565    w_clk_50Mhz
    SLICE_X43Y126        FDCE                                         r  virtual_led_50_d1_reg[29]/C

Slack:                    inf
  Source:                 student_top_inst/mem_bridge/led_q_reg[21]/C
                            (rising edge-triggered cell FDRE clocked by clk_out2_pll  {rise@0.000ns fall@2.500ns period=5.000ns})
  Destination:            virtual_led_50_d1_reg[21]/D
                            (rising edge-triggered cell FDCE clocked by clk_out1_pll  {rise@0.000ns fall@10.000ns period=20.000ns})
  Path Group:             (none)
  Path Type:              Setup (Max at Fast Process Corner)
  Data Path Delay:        0.581ns  (logic 0.124ns (21.341%)  route 0.457ns (78.659%))
  Logic Levels:           0  
  Clock Path Skew:        0.020ns (DCD - SCD + CPR)
    Destination Clock Delay (DCD):    -0.563ns
    Source Clock Delay      (SCD):    -0.582ns
    Clock Pessimism Removal (CPR):    0.000ns
  Clock Uncertainty:      0.194ns  ((TSJ^2 + DJ^2)^1/2) / 2 + PE
    Total System Jitter     (TSJ):    0.071ns
    Discrete Jitter          (DJ):    0.129ns
    Phase Error              (PE):    0.120ns
  Timing Exception:       Asynchronous Clock Groups

    Location             Delay type                Incr(ns)  Path(ns)    Netlist Resource(s)
  -------------------------------------------------------------------    -------------------
                         (clock clk_out2_pll rise edge)
                                                      0.000     0.000 r  
    AD12                                              0.000     0.000 r  i_sys_clk_p (IN)
                         net (fo=0)                   0.000     0.000    pll_inst/inst/clk_in1_p
    AD12                 IBUFDS (Prop_ibufds_I_O)     0.470     0.470 r  pll_inst/inst/clkin1_ibufgds/O
                         net (fo=1, routed)           0.553     1.023    pll_inst/inst/clk_in1_pll
    MMCME2_ADV_X1Y1      MMCME2_ADV (Prop_mmcme2_adv_CLKIN1_CLKOUT1)
                                                     -3.493    -2.470 r  pll_inst/inst/mmcm_adv_inst/CLKOUT1
                         net (fo=1, routed)           1.007    -1.463    pll_inst/inst/clk_out2_pll
    BUFGCTRL_X0Y0        BUFG (Prop_bufg_I_O)         0.030    -1.433 r  pll_inst/inst/clkout2_buf/O
                         net (fo=12327, routed)       0.851    -0.582    student_top_inst/mem_bridge/clk
    SLICE_X41Y145        FDRE                                         r  student_top_inst/mem_bridge/led_q_reg[21]/C
  -------------------------------------------------------------------    -------------------
    SLICE_X41Y145        FDRE (Prop_fdre_C_Q)         0.124    -0.458 r  student_top_inst/mem_bridge/led_q_reg[21]/Q
                         net (fo=2, routed)           0.457    -0.001    virtual_led_OBUF[21]
    SLICE_X41Y127        FDCE                                         r  virtual_led_50_d1_reg[21]/D
  -------------------------------------------------------------------    -------------------

                         (clock clk_out1_pll rise edge)
                                                      0.000     0.000 r  
    AD12                                              0.000     0.000 r  i_sys_clk_p (IN)
                         net (fo=0)                   0.000     0.000    pll_inst/inst/clk_in1_p
    AD12                 IBUFDS (Prop_ibufds_I_O)     0.388     0.388 r  pll_inst/inst/clkin1_ibufgds/O
                         net (fo=1, routed)           0.503     0.891    pll_inst/inst/clk_in1_pll
    MMCME2_ADV_X1Y1      MMCME2_ADV (Prop_mmcme2_adv_CLKIN1_CLKOUT0)
                                                     -3.040    -2.149 r  pll_inst/inst/mmcm_adv_inst/CLKOUT0
                         net (fo=1, routed)           0.940    -1.209    pll_inst/inst/clk_out1_pll
    BUFGCTRL_X0Y1        BUFG (Prop_bufg_I_O)         0.026    -1.183 r  pll_inst/inst/clkout1_buf/O
                         net (fo=581, routed)         0.620    -0.563    w_clk_50Mhz
    SLICE_X41Y127        FDCE                                         r  virtual_led_50_d1_reg[21]/C

Slack:                    inf
  Source:                 student_top_inst/mem_bridge/led_q_reg[23]/C
                            (rising edge-triggered cell FDRE clocked by clk_out2_pll  {rise@0.000ns fall@2.500ns period=5.000ns})
  Destination:            virtual_led_50_d1_reg[23]/D
                            (rising edge-triggered cell FDCE clocked by clk_out1_pll  {rise@0.000ns fall@10.000ns period=20.000ns})
  Path Group:             (none)
  Path Type:              Setup (Max at Fast Process Corner)
  Data Path Delay:        0.577ns  (logic 0.124ns (21.484%)  route 0.453ns (78.516%))
  Logic Levels:           0  
  Clock Path Skew:        0.018ns (DCD - SCD + CPR)
    Destination Clock Delay (DCD):    -0.565ns
    Source Clock Delay      (SCD):    -0.582ns
    Clock Pessimism Removal (CPR):    0.000ns
  Clock Uncertainty:      0.194ns  ((TSJ^2 + DJ^2)^1/2) / 2 + PE
    Total System Jitter     (TSJ):    0.071ns
    Discrete Jitter          (DJ):    0.129ns
    Phase Error              (PE):    0.120ns
  Timing Exception:       Asynchronous Clock Groups

    Location             Delay type                Incr(ns)  Path(ns)    Netlist Resource(s)
  -------------------------------------------------------------------    -------------------
                         (clock clk_out2_pll rise edge)
                                                      0.000     0.000 r  
    AD12                                              0.000     0.000 r  i_sys_clk_p (IN)
                         net (fo=0)                   0.000     0.000    pll_inst/inst/clk_in1_p
    AD12                 IBUFDS (Prop_ibufds_I_O)     0.470     0.470 r  pll_inst/inst/clkin1_ibufgds/O
                         net (fo=1, routed)           0.553     1.023    pll_inst/inst/clk_in1_pll
    MMCME2_ADV_X1Y1      MMCME2_ADV (Prop_mmcme2_adv_CLKIN1_CLKOUT1)
                                                     -3.493    -2.470 r  pll_inst/inst/mmcm_adv_inst/CLKOUT1
                         net (fo=1, routed)           1.007    -1.463    pll_inst/inst/clk_out2_pll
    BUFGCTRL_X0Y0        BUFG (Prop_bufg_I_O)         0.030    -1.433 r  pll_inst/inst/clkout2_buf/O
                         net (fo=12327, routed)       0.851    -0.582    student_top_inst/mem_bridge/clk
    SLICE_X41Y144        FDRE                                         r  student_top_inst/mem_bridge/led_q_reg[23]/C
  -------------------------------------------------------------------    -------------------
    SLICE_X41Y144        FDRE (Prop_fdre_C_Q)         0.124    -0.458 r  student_top_inst/mem_bridge/led_q_reg[23]/Q
                         net (fo=2, routed)           0.453    -0.005    virtual_led_OBUF[23]
    SLICE_X42Y126        FDCE                                         r  virtual_led_50_d1_reg[23]/D
  -------------------------------------------------------------------    -------------------

                         (clock clk_out1_pll rise edge)
                                                      0.000     0.000 r  
    AD12                                              0.000     0.000 r  i_sys_clk_p (IN)
                         net (fo=0)                   0.000     0.000    pll_inst/inst/clk_in1_p
    AD12                 IBUFDS (Prop_ibufds_I_O)     0.388     0.388 r  pll_inst/inst/clkin1_ibufgds/O
                         net (fo=1, routed)           0.503     0.891    pll_inst/inst/clk_in1_pll
    MMCME2_ADV_X1Y1      MMCME2_ADV (Prop_mmcme2_adv_CLKIN1_CLKOUT0)
                                                     -3.040    -2.149 r  pll_inst/inst/mmcm_adv_inst/CLKOUT0
                         net (fo=1, routed)           0.940    -1.209    pll_inst/inst/clk_out1_pll
    BUFGCTRL_X0Y1        BUFG (Prop_bufg_I_O)         0.026    -1.183 r  pll_inst/inst/clkout1_buf/O
                         net (fo=581, routed)         0.618    -0.565    w_clk_50Mhz
    SLICE_X42Y126        FDCE                                         r  virtual_led_50_d1_reg[23]/C

Slack:                    inf
  Source:                 student_top_inst/mem_bridge/led_q_reg[22]/C
                            (rising edge-triggered cell FDRE clocked by clk_out2_pll  {rise@0.000ns fall@2.500ns period=5.000ns})
  Destination:            virtual_led_50_d1_reg[22]/D
                            (rising edge-triggered cell FDCE clocked by clk_out1_pll  {rise@0.000ns fall@10.000ns period=20.000ns})
  Path Group:             (none)
  Path Type:              Setup (Max at Fast Process Corner)
  Data Path Delay:        0.571ns  (logic 0.124ns (21.705%)  route 0.447ns (78.295%))
  Logic Levels:           0  
  Clock Path Skew:        0.020ns (DCD - SCD + CPR)
    Destination Clock Delay (DCD):    -0.563ns
    Source Clock Delay      (SCD):    -0.582ns
    Clock Pessimism Removal (CPR):    0.000ns
  Clock Uncertainty:      0.194ns  ((TSJ^2 + DJ^2)^1/2) / 2 + PE
    Total System Jitter     (TSJ):    0.071ns
    Discrete Jitter          (DJ):    0.129ns
    Phase Error              (PE):    0.120ns
  Timing Exception:       Asynchronous Clock Groups

    Location             Delay type                Incr(ns)  Path(ns)    Netlist Resource(s)
  -------------------------------------------------------------------    -------------------
                         (clock clk_out2_pll rise edge)
                                                      0.000     0.000 r  
    AD12                                              0.000     0.000 r  i_sys_clk_p (IN)
                         net (fo=0)                   0.000     0.000    pll_inst/inst/clk_in1_p
    AD12                 IBUFDS (Prop_ibufds_I_O)     0.470     0.470 r  pll_inst/inst/clkin1_ibufgds/O
                         net (fo=1, routed)           0.553     1.023    pll_inst/inst/clk_in1_pll
    MMCME2_ADV_X1Y1      MMCME2_ADV (Prop_mmcme2_adv_CLKIN1_CLKOUT1)
                                                     -3.493    -2.470 r  pll_inst/inst/mmcm_adv_inst/CLKOUT1
                         net (fo=1, routed)           1.007    -1.463    pll_inst/inst/clk_out2_pll
    BUFGCTRL_X0Y0        BUFG (Prop_bufg_I_O)         0.030    -1.433 r  pll_inst/inst/clkout2_buf/O
                         net (fo=12327, routed)       0.851    -0.582    student_top_inst/mem_bridge/clk
    SLICE_X41Y144        FDRE                                         r  student_top_inst/mem_bridge/led_q_reg[22]/C
  -------------------------------------------------------------------    -------------------
    SLICE_X41Y144        FDRE (Prop_fdre_C_Q)         0.124    -0.458 r  student_top_inst/mem_bridge/led_q_reg[22]/Q
                         net (fo=2, routed)           0.447    -0.011    virtual_led_OBUF[22]
    SLICE_X41Y127        FDCE                                         r  virtual_led_50_d1_reg[22]/D
  -------------------------------------------------------------------    -------------------

                         (clock clk_out1_pll rise edge)
                                                      0.000     0.000 r  
    AD12                                              0.000     0.000 r  i_sys_clk_p (IN)
                         net (fo=0)                   0.000     0.000    pll_inst/inst/clk_in1_p
    AD12                 IBUFDS (Prop_ibufds_I_O)     0.388     0.388 r  pll_inst/inst/clkin1_ibufgds/O
                         net (fo=1, routed)           0.503     0.891    pll_inst/inst/clk_in1_pll
    MMCME2_ADV_X1Y1      MMCME2_ADV (Prop_mmcme2_adv_CLKIN1_CLKOUT0)
                                                     -3.040    -2.149 r  pll_inst/inst/mmcm_adv_inst/CLKOUT0
                         net (fo=1, routed)           0.940    -1.209    pll_inst/inst/clk_out1_pll
    BUFGCTRL_X0Y1        BUFG (Prop_bufg_I_O)         0.026    -1.183 r  pll_inst/inst/clkout1_buf/O
                         net (fo=581, routed)         0.620    -0.563    w_clk_50Mhz
    SLICE_X41Y127        FDCE                                         r  virtual_led_50_d1_reg[22]/C

Slack:                    inf
  Source:                 student_top_inst/mem_bridge/led_q_reg[27]/C
                            (rising edge-triggered cell FDRE clocked by clk_out2_pll  {rise@0.000ns fall@2.500ns period=5.000ns})
  Destination:            virtual_led_50_d1_reg[27]/D
                            (rising edge-triggered cell FDCE clocked by clk_out1_pll  {rise@0.000ns fall@10.000ns period=20.000ns})
  Path Group:             (none)
  Path Type:              Setup (Max at Fast Process Corner)
  Data Path Delay:        0.567ns  (logic 0.147ns (25.923%)  route 0.420ns (74.076%))
  Logic Levels:           0  
  Clock Path Skew:        0.025ns (DCD - SCD + CPR)
    Destination Clock Delay (DCD):    -0.560ns
    Source Clock Delay      (SCD):    -0.584ns
    Clock Pessimism Removal (CPR):    0.000ns
  Clock Uncertainty:      0.194ns  ((TSJ^2 + DJ^2)^1/2) / 2 + PE
    Total System Jitter     (TSJ):    0.071ns
    Discrete Jitter          (DJ):    0.129ns
    Phase Error              (PE):    0.120ns
  Timing Exception:       Asynchronous Clock Groups

    Location             Delay type                Incr(ns)  Path(ns)    Netlist Resource(s)
  -------------------------------------------------------------------    -------------------
                         (clock clk_out2_pll rise edge)
                                                      0.000     0.000 r  
    AD12                                              0.000     0.000 r  i_sys_clk_p (IN)
                         net (fo=0)                   0.000     0.000    pll_inst/inst/clk_in1_p
    AD12                 IBUFDS (Prop_ibufds_I_O)     0.470     0.470 r  pll_inst/inst/clkin1_ibufgds/O
                         net (fo=1, routed)           0.553     1.023    pll_inst/inst/clk_in1_pll
    MMCME2_ADV_X1Y1      MMCME2_ADV (Prop_mmcme2_adv_CLKIN1_CLKOUT1)
                                                     -3.493    -2.470 r  pll_inst/inst/mmcm_adv_inst/CLKOUT1
                         net (fo=1, routed)           1.007    -1.463    pll_inst/inst/clk_out2_pll
    BUFGCTRL_X0Y0        BUFG (Prop_bufg_I_O)         0.030    -1.433 r  pll_inst/inst/clkout2_buf/O
                         net (fo=12327, routed)       0.849    -0.584    student_top_inst/mem_bridge/clk
    SLICE_X42Y143        FDRE                                         r  student_top_inst/mem_bridge/led_q_reg[27]/C
  -------------------------------------------------------------------    -------------------
    SLICE_X42Y143        FDRE (Prop_fdre_C_Q)         0.147    -0.437 r  student_top_inst/mem_bridge/led_q_reg[27]/Q
                         net (fo=2, routed)           0.420    -0.017    virtual_led_OBUF[27]
    SLICE_X42Y131        FDCE                                         r  virtual_led_50_d1_reg[27]/D
  -------------------------------------------------------------------    -------------------

                         (clock clk_out1_pll rise edge)
                                                      0.000     0.000 r  
    AD12                                              0.000     0.000 r  i_sys_clk_p (IN)
                         net (fo=0)                   0.000     0.000    pll_inst/inst/clk_in1_p
    AD12                 IBUFDS (Prop_ibufds_I_O)     0.388     0.388 r  pll_inst/inst/clkin1_ibufgds/O
                         net (fo=1, routed)           0.503     0.891    pll_inst/inst/clk_in1_pll
    MMCME2_ADV_X1Y1      MMCME2_ADV (Prop_mmcme2_adv_CLKIN1_CLKOUT0)
                                                     -3.040    -2.149 r  pll_inst/inst/mmcm_adv_inst/CLKOUT0
                         net (fo=1, routed)           0.940    -1.209    pll_inst/inst/clk_out1_pll
    BUFGCTRL_X0Y1        BUFG (Prop_bufg_I_O)         0.026    -1.183 r  pll_inst/inst/clkout1_buf/O
                         net (fo=581, routed)         0.623    -0.560    w_clk_50Mhz
    SLICE_X42Y131        FDCE                                         r  virtual_led_50_d1_reg[27]/C

Slack:                    inf
  Source:                 student_top_inst/mem_bridge/led_q_reg[17]/C
                            (rising edge-triggered cell FDRE clocked by clk_out2_pll  {rise@0.000ns fall@2.500ns period=5.000ns})
  Destination:            virtual_led_50_d1_reg[17]/D
                            (rising edge-triggered cell FDCE clocked by clk_out1_pll  {rise@0.000ns fall@10.000ns period=20.000ns})
  Path Group:             (none)
  Path Type:              Setup (Max at Fast Process Corner)
  Data Path Delay:        0.556ns  (logic 0.124ns (22.285%)  route 0.432ns (77.715%))
  Logic Levels:           0  
  Clock Path Skew:        0.018ns (DCD - SCD + CPR)
    Destination Clock Delay (DCD):    -0.565ns
    Source Clock Delay      (SCD):    -0.582ns
    Clock Pessimism Removal (CPR):    0.000ns
  Clock Uncertainty:      0.194ns  ((TSJ^2 + DJ^2)^1/2) / 2 + PE
    Total System Jitter     (TSJ):    0.071ns
    Discrete Jitter          (DJ):    0.129ns
    Phase Error              (PE):    0.120ns
  Timing Exception:       Asynchronous Clock Groups

    Location             Delay type                Incr(ns)  Path(ns)    Netlist Resource(s)
  -------------------------------------------------------------------    -------------------
                         (clock clk_out2_pll rise edge)
                                                      0.000     0.000 r  
    AD12                                              0.000     0.000 r  i_sys_clk_p (IN)
                         net (fo=0)                   0.000     0.000    pll_inst/inst/clk_in1_p
    AD12                 IBUFDS (Prop_ibufds_I_O)     0.470     0.470 r  pll_inst/inst/clkin1_ibufgds/O
                         net (fo=1, routed)           0.553     1.023    pll_inst/inst/clk_in1_pll
    MMCME2_ADV_X1Y1      MMCME2_ADV (Prop_mmcme2_adv_CLKIN1_CLKOUT1)
                                                     -3.493    -2.470 r  pll_inst/inst/mmcm_adv_inst/CLKOUT1
                         net (fo=1, routed)           1.007    -1.463    pll_inst/inst/clk_out2_pll
    BUFGCTRL_X0Y0        BUFG (Prop_bufg_I_O)         0.030    -1.433 r  pll_inst/inst/clkout2_buf/O
                         net (fo=12327, routed)       0.851    -0.582    student_top_inst/mem_bridge/clk
    SLICE_X40Y145        FDRE                                         r  student_top_inst/mem_bridge/led_q_reg[17]/C
  -------------------------------------------------------------------    -------------------
    SLICE_X40Y145        FDRE (Prop_fdre_C_Q)         0.124    -0.458 r  student_top_inst/mem_bridge/led_q_reg[17]/Q
                         net (fo=2, routed)           0.432    -0.026    virtual_led_OBUF[17]
    SLICE_X41Y125        FDCE                                         r  virtual_led_50_d1_reg[17]/D
  -------------------------------------------------------------------    -------------------

                         (clock clk_out1_pll rise edge)
                                                      0.000     0.000 r  
    AD12                                              0.000     0.000 r  i_sys_clk_p (IN)
                         net (fo=0)                   0.000     0.000    pll_inst/inst/clk_in1_p
    AD12                 IBUFDS (Prop_ibufds_I_O)     0.388     0.388 r  pll_inst/inst/clkin1_ibufgds/O
                         net (fo=1, routed)           0.503     0.891    pll_inst/inst/clk_in1_pll
    MMCME2_ADV_X1Y1      MMCME2_ADV (Prop_mmcme2_adv_CLKIN1_CLKOUT0)
                                                     -3.040    -2.149 r  pll_inst/inst/mmcm_adv_inst/CLKOUT0
                         net (fo=1, routed)           0.940    -1.209    pll_inst/inst/clk_out1_pll
    BUFGCTRL_X0Y1        BUFG (Prop_bufg_I_O)         0.026    -1.183 r  pll_inst/inst/clkout1_buf/O
                         net (fo=581, routed)         0.618    -0.565    w_clk_50Mhz
    SLICE_X41Y125        FDCE                                         r  virtual_led_50_d1_reg[17]/C

Slack:                    inf
  Source:                 student_top_inst/mem_bridge/led_q_reg[31]/C
                            (rising edge-triggered cell FDRE clocked by clk_out2_pll  {rise@0.000ns fall@2.500ns period=5.000ns})
  Destination:            virtual_led_50_d1_reg[31]/D
                            (rising edge-triggered cell FDCE clocked by clk_out1_pll  {rise@0.000ns fall@10.000ns period=20.000ns})
  Path Group:             (none)
  Path Type:              Setup (Max at Fast Process Corner)
  Data Path Delay:        0.556ns  (logic 0.113ns (20.331%)  route 0.443ns (79.669%))
  Logic Levels:           0  
  Clock Path Skew:        0.020ns (DCD - SCD + CPR)
    Destination Clock Delay (DCD):    -0.565ns
    Source Clock Delay      (SCD):    -0.584ns
    Clock Pessimism Removal (CPR):    0.000ns
  Clock Uncertainty:      0.194ns  ((TSJ^2 + DJ^2)^1/2) / 2 + PE
    Total System Jitter     (TSJ):    0.071ns
    Discrete Jitter          (DJ):    0.129ns
    Phase Error              (PE):    0.120ns
  Timing Exception:       Asynchronous Clock Groups

    Location             Delay type                Incr(ns)  Path(ns)    Netlist Resource(s)
  -------------------------------------------------------------------    -------------------
                         (clock clk_out2_pll rise edge)
                                                      0.000     0.000 r  
    AD12                                              0.000     0.000 r  i_sys_clk_p (IN)
                         net (fo=0)                   0.000     0.000    pll_inst/inst/clk_in1_p
    AD12                 IBUFDS (Prop_ibufds_I_O)     0.470     0.470 r  pll_inst/inst/clkin1_ibufgds/O
                         net (fo=1, routed)           0.553     1.023    pll_inst/inst/clk_in1_pll
    MMCME2_ADV_X1Y1      MMCME2_ADV (Prop_mmcme2_adv_CLKIN1_CLKOUT1)
                                                     -3.493    -2.470 r  pll_inst/inst/mmcm_adv_inst/CLKOUT1
                         net (fo=1, routed)           1.007    -1.463    pll_inst/inst/clk_out2_pll
    BUFGCTRL_X0Y0        BUFG (Prop_bufg_I_O)         0.030    -1.433 r  pll_inst/inst/clkout2_buf/O
                         net (fo=12327, routed)       0.849    -0.584    student_top_inst/mem_bridge/clk
    SLICE_X43Y144        FDRE                                         r  student_top_inst/mem_bridge/led_q_reg[31]/C
  -------------------------------------------------------------------    -------------------
    SLICE_X43Y144        FDRE (Prop_fdre_C_Q)         0.113    -0.471 r  student_top_inst/mem_bridge/led_q_reg[31]/Q
                         net (fo=2, routed)           0.443    -0.029    virtual_led_OBUF[31]
    SLICE_X42Y126        FDCE                                         r  virtual_led_50_d1_reg[31]/D
  -------------------------------------------------------------------    -------------------

                         (clock clk_out1_pll rise edge)
                                                      0.000     0.000 r  
    AD12                                              0.000     0.000 r  i_sys_clk_p (IN)
                         net (fo=0)                   0.000     0.000    pll_inst/inst/clk_in1_p
    AD12                 IBUFDS (Prop_ibufds_I_O)     0.388     0.388 r  pll_inst/inst/clkin1_ibufgds/O
                         net (fo=1, routed)           0.503     0.891    pll_inst/inst/clk_in1_pll
    MMCME2_ADV_X1Y1      MMCME2_ADV (Prop_mmcme2_adv_CLKIN1_CLKOUT0)
                                                     -3.040    -2.149 r  pll_inst/inst/mmcm_adv_inst/CLKOUT0
                         net (fo=1, routed)           0.940    -1.209    pll_inst/inst/clk_out1_pll
    BUFGCTRL_X0Y1        BUFG (Prop_bufg_I_O)         0.026    -1.183 r  pll_inst/inst/clkout1_buf/O
                         net (fo=581, routed)         0.618    -0.565    w_clk_50Mhz
    SLICE_X42Y126        FDCE                                         r  virtual_led_50_d1_reg[31]/C

Slack:                    inf
  Source:                 student_top_inst/mem_bridge/led_q_reg[5]/C
                            (rising edge-triggered cell FDRE clocked by clk_out2_pll  {rise@0.000ns fall@2.500ns period=5.000ns})
  Destination:            virtual_led_50_d1_reg[5]/D
                            (rising edge-triggered cell FDCE clocked by clk_out1_pll  {rise@0.000ns fall@10.000ns period=20.000ns})
  Path Group:             (none)
  Path Type:              Setup (Max at Fast Process Corner)
  Data Path Delay:        0.552ns  (logic 0.113ns (20.481%)  route 0.439ns (79.519%))
  Logic Levels:           0  
  Clock Path Skew:        0.021ns (DCD - SCD + CPR)
    Destination Clock Delay (DCD):    -0.564ns
    Source Clock Delay      (SCD):    -0.584ns
    Clock Pessimism Removal (CPR):    0.000ns
  Clock Uncertainty:      0.194ns  ((TSJ^2 + DJ^2)^1/2) / 2 + PE
    Total System Jitter     (TSJ):    0.071ns
    Discrete Jitter          (DJ):    0.129ns
    Phase Error              (PE):    0.120ns
  Timing Exception:       Asynchronous Clock Groups

    Location             Delay type                Incr(ns)  Path(ns)    Netlist Resource(s)
  -------------------------------------------------------------------    -------------------
                         (clock clk_out2_pll rise edge)
                                                      0.000     0.000 r  
    AD12                                              0.000     0.000 r  i_sys_clk_p (IN)
                         net (fo=0)                   0.000     0.000    pll_inst/inst/clk_in1_p
    AD12                 IBUFDS (Prop_ibufds_I_O)     0.470     0.470 r  pll_inst/inst/clkin1_ibufgds/O
                         net (fo=1, routed)           0.553     1.023    pll_inst/inst/clk_in1_pll
    MMCME2_ADV_X1Y1      MMCME2_ADV (Prop_mmcme2_adv_CLKIN1_CLKOUT1)
                                                     -3.493    -2.470 r  pll_inst/inst/mmcm_adv_inst/CLKOUT1
                         net (fo=1, routed)           1.007    -1.463    pll_inst/inst/clk_out2_pll
    BUFGCTRL_X0Y0        BUFG (Prop_bufg_I_O)         0.030    -1.433 r  pll_inst/inst/clkout2_buf/O
                         net (fo=12327, routed)       0.849    -0.584    student_top_inst/mem_bridge/clk
    SLICE_X43Y144        FDRE                                         r  student_top_inst/mem_bridge/led_q_reg[5]/C
  -------------------------------------------------------------------    -------------------
    SLICE_X43Y144        FDRE (Prop_fdre_C_Q)         0.113    -0.471 r  student_top_inst/mem_bridge/led_q_reg[5]/Q
                         net (fo=2, routed)           0.439    -0.033    virtual_led_OBUF[5]
    SLICE_X43Y127        FDCE                                         r  virtual_led_50_d1_reg[5]/D
  -------------------------------------------------------------------    -------------------

                         (clock clk_out1_pll rise edge)
                                                      0.000     0.000 r  
    AD12                                              0.000     0.000 r  i_sys_clk_p (IN)
                         net (fo=0)                   0.000     0.000    pll_inst/inst/clk_in1_p
    AD12                 IBUFDS (Prop_ibufds_I_O)     0.388     0.388 r  pll_inst/inst/clkin1_ibufgds/O
                         net (fo=1, routed)           0.503     0.891    pll_inst/inst/clk_in1_pll
    MMCME2_ADV_X1Y1      MMCME2_ADV (Prop_mmcme2_adv_CLKIN1_CLKOUT0)
                                                     -3.040    -2.149 r  pll_inst/inst/mmcm_adv_inst/CLKOUT0
                         net (fo=1, routed)           0.940    -1.209    pll_inst/inst/clk_out1_pll
    BUFGCTRL_X0Y1        BUFG (Prop_bufg_I_O)         0.026    -1.183 r  pll_inst/inst/clkout1_buf/O
                         net (fo=581, routed)         0.619    -0.564    w_clk_50Mhz
    SLICE_X43Y127        FDCE                                         r  virtual_led_50_d1_reg[5]/C

Slack:                    inf
  Source:                 student_top_inst/mem_bridge/led_q_reg[7]/C
                            (rising edge-triggered cell FDRE clocked by clk_out2_pll  {rise@0.000ns fall@2.500ns period=5.000ns})
  Destination:            virtual_led_50_d1_reg[7]/D
                            (rising edge-triggered cell FDCE clocked by clk_out1_pll  {rise@0.000ns fall@10.000ns period=20.000ns})
  Path Group:             (none)
  Path Type:              Setup (Max at Fast Process Corner)
  Data Path Delay:        0.541ns  (logic 0.124ns (22.908%)  route 0.417ns (77.092%))
  Logic Levels:           0  
  Clock Path Skew:        0.023ns (DCD - SCD + CPR)
    Destination Clock Delay (DCD):    -0.562ns
    Source Clock Delay      (SCD):    -0.584ns
    Clock Pessimism Removal (CPR):    0.000ns
  Clock Uncertainty:      0.194ns  ((TSJ^2 + DJ^2)^1/2) / 2 + PE
    Total System Jitter     (TSJ):    0.071ns
    Discrete Jitter          (DJ):    0.129ns
    Phase Error              (PE):    0.120ns
  Timing Exception:       Asynchronous Clock Groups

    Location             Delay type                Incr(ns)  Path(ns)    Netlist Resource(s)
  -------------------------------------------------------------------    -------------------
                         (clock clk_out2_pll rise edge)
                                                      0.000     0.000 r  
    AD12                                              0.000     0.000 r  i_sys_clk_p (IN)
                         net (fo=0)                   0.000     0.000    pll_inst/inst/clk_in1_p
    AD12                 IBUFDS (Prop_ibufds_I_O)     0.470     0.470 r  pll_inst/inst/clkin1_ibufgds/O
                         net (fo=1, routed)           0.553     1.023    pll_inst/inst/clk_in1_pll
    MMCME2_ADV_X1Y1      MMCME2_ADV (Prop_mmcme2_adv_CLKIN1_CLKOUT1)
                                                     -3.493    -2.470 r  pll_inst/inst/mmcm_adv_inst/CLKOUT1
                         net (fo=1, routed)           1.007    -1.463    pll_inst/inst/clk_out2_pll
    BUFGCTRL_X0Y0        BUFG (Prop_bufg_I_O)         0.030    -1.433 r  pll_inst/inst/clkout2_buf/O
                         net (fo=12327, routed)       0.849    -0.584    student_top_inst/mem_bridge/clk
    SLICE_X45Y144        FDRE                                         r  student_top_inst/mem_bridge/led_q_reg[7]/C
  -------------------------------------------------------------------    -------------------
    SLICE_X45Y144        FDRE (Prop_fdre_C_Q)         0.124    -0.460 r  student_top_inst/mem_bridge/led_q_reg[7]/Q
                         net (fo=2, routed)           0.417    -0.043    virtual_led_OBUF[7]
    SLICE_X41Y128        FDCE                                         r  virtual_led_50_d1_reg[7]/D
  -------------------------------------------------------------------    -------------------

                         (clock clk_out1_pll rise edge)
                                                      0.000     0.000 r  
    AD12                                              0.000     0.000 r  i_sys_clk_p (IN)
                         net (fo=0)                   0.000     0.000    pll_inst/inst/clk_in1_p
    AD12                 IBUFDS (Prop_ibufds_I_O)     0.388     0.388 r  pll_inst/inst/clkin1_ibufgds/O
                         net (fo=1, routed)           0.503     0.891    pll_inst/inst/clk_in1_pll
    MMCME2_ADV_X1Y1      MMCME2_ADV (Prop_mmcme2_adv_CLKIN1_CLKOUT0)
                                                     -3.040    -2.149 r  pll_inst/inst/mmcm_adv_inst/CLKOUT0
                         net (fo=1, routed)           0.940    -1.209    pll_inst/inst/clk_out1_pll
    BUFGCTRL_X0Y1        BUFG (Prop_bufg_I_O)         0.026    -1.183 r  pll_inst/inst/clkout1_buf/O
                         net (fo=581, routed)         0.621    -0.562    w_clk_50Mhz
    SLICE_X41Y128        FDCE                                         r  virtual_led_50_d1_reg[7]/C

Slack:                    inf
  Source:                 student_top_inst/mem_bridge/led_q_reg[24]/C
                            (rising edge-triggered cell FDRE clocked by clk_out2_pll  {rise@0.000ns fall@2.500ns period=5.000ns})
  Destination:            virtual_led_50_d1_reg[24]/D
                            (rising edge-triggered cell FDCE clocked by clk_out1_pll  {rise@0.000ns fall@10.000ns period=20.000ns})
  Path Group:             (none)
  Path Type:              Setup (Max at Fast Process Corner)
  Data Path Delay:        0.539ns  (logic 0.124ns (23.002%)  route 0.415ns (76.998%))
  Logic Levels:           0  
  Clock Path Skew:        0.020ns (DCD - SCD + CPR)
    Destination Clock Delay (DCD):    -0.565ns
    Source Clock Delay      (SCD):    -0.584ns
    Clock Pessimism Removal (CPR):    0.000ns
  Clock Uncertainty:      0.194ns  ((TSJ^2 + DJ^2)^1/2) / 2 + PE
    Total System Jitter     (TSJ):    0.071ns
    Discrete Jitter          (DJ):    0.129ns
    Phase Error              (PE):    0.120ns
  Timing Exception:       Asynchronous Clock Groups

    Location             Delay type                Incr(ns)  Path(ns)    Netlist Resource(s)
  -------------------------------------------------------------------    -------------------
                         (clock clk_out2_pll rise edge)
                                                      0.000     0.000 r  
    AD12                                              0.000     0.000 r  i_sys_clk_p (IN)
                         net (fo=0)                   0.000     0.000    pll_inst/inst/clk_in1_p
    AD12                 IBUFDS (Prop_ibufds_I_O)     0.470     0.470 r  pll_inst/inst/clkin1_ibufgds/O
                         net (fo=1, routed)           0.553     1.023    pll_inst/inst/clk_in1_pll
    MMCME2_ADV_X1Y1      MMCME2_ADV (Prop_mmcme2_adv_CLKIN1_CLKOUT1)
                                                     -3.493    -2.470 r  pll_inst/inst/mmcm_adv_inst/CLKOUT1
                         net (fo=1, routed)           1.007    -1.463    pll_inst/inst/clk_out2_pll
    BUFGCTRL_X0Y0        BUFG (Prop_bufg_I_O)         0.030    -1.433 r  pll_inst/inst/clkout2_buf/O
                         net (fo=12327, routed)       0.849    -0.584    student_top_inst/mem_bridge/clk
    SLICE_X43Y144        FDRE                                         r  student_top_inst/mem_bridge/led_q_reg[24]/C
  -------------------------------------------------------------------    -------------------
    SLICE_X43Y144        FDRE (Prop_fdre_C_Q)         0.124    -0.460 r  student_top_inst/mem_bridge/led_q_reg[24]/Q
                         net (fo=2, routed)           0.415    -0.045    virtual_led_OBUF[24]
    SLICE_X43Y126        FDCE                                         r  virtual_led_50_d1_reg[24]/D
  -------------------------------------------------------------------    -------------------

                         (clock clk_out1_pll rise edge)
                                                      0.000     0.000 r  
    AD12                                              0.000     0.000 r  i_sys_clk_p (IN)
                         net (fo=0)                   0.000     0.000    pll_inst/inst/clk_in1_p
    AD12                 IBUFDS (Prop_ibufds_I_O)     0.388     0.388 r  pll_inst/inst/clkin1_ibufgds/O
                         net (fo=1, routed)           0.503     0.891    pll_inst/inst/clk_in1_pll
    MMCME2_ADV_X1Y1      MMCME2_ADV (Prop_mmcme2_adv_CLKIN1_CLKOUT0)
                                                     -3.040    -2.149 r  pll_inst/inst/mmcm_adv_inst/CLKOUT0
                         net (fo=1, routed)           0.940    -1.209    pll_inst/inst/clk_out1_pll
    BUFGCTRL_X0Y1        BUFG (Prop_bufg_I_O)         0.026    -1.183 r  pll_inst/inst/clkout1_buf/O
                         net (fo=581, routed)         0.618    -0.565    w_clk_50Mhz
    SLICE_X43Y126        FDCE                                         r  virtual_led_50_d1_reg[24]/C

Slack:                    inf
  Source:                 student_top_inst/mem_bridge/led_q_reg[15]/C
                            (rising edge-triggered cell FDRE clocked by clk_out2_pll  {rise@0.000ns fall@2.500ns period=5.000ns})
  Destination:            virtual_led_50_d1_reg[15]/D
                            (rising edge-triggered cell FDCE clocked by clk_out1_pll  {rise@0.000ns fall@10.000ns period=20.000ns})
  Path Group:             (none)
  Path Type:              Setup (Max at Fast Process Corner)
  Data Path Delay:        0.538ns  (logic 0.124ns (23.054%)  route 0.414ns (76.946%))
  Logic Levels:           0  
  Clock Path Skew:        0.025ns (DCD - SCD + CPR)
    Destination Clock Delay (DCD):    -0.560ns
    Source Clock Delay      (SCD):    -0.584ns
    Clock Pessimism Removal (CPR):    0.000ns
  Clock Uncertainty:      0.194ns  ((TSJ^2 + DJ^2)^1/2) / 2 + PE
    Total System Jitter     (TSJ):    0.071ns
    Discrete Jitter          (DJ):    0.129ns
    Phase Error              (PE):    0.120ns
  Timing Exception:       Asynchronous Clock Groups

    Location             Delay type                Incr(ns)  Path(ns)    Netlist Resource(s)
  -------------------------------------------------------------------    -------------------
                         (clock clk_out2_pll rise edge)
                                                      0.000     0.000 r  
    AD12                                              0.000     0.000 r  i_sys_clk_p (IN)
                         net (fo=0)                   0.000     0.000    pll_inst/inst/clk_in1_p
    AD12                 IBUFDS (Prop_ibufds_I_O)     0.470     0.470 r  pll_inst/inst/clkin1_ibufgds/O
                         net (fo=1, routed)           0.553     1.023    pll_inst/inst/clk_in1_pll
    MMCME2_ADV_X1Y1      MMCME2_ADV (Prop_mmcme2_adv_CLKIN1_CLKOUT1)
                                                     -3.493    -2.470 r  pll_inst/inst/mmcm_adv_inst/CLKOUT1
                         net (fo=1, routed)           1.007    -1.463    pll_inst/inst/clk_out2_pll
    BUFGCTRL_X0Y0        BUFG (Prop_bufg_I_O)         0.030    -1.433 r  pll_inst/inst/clkout2_buf/O
                         net (fo=12327, routed)       0.849    -0.584    student_top_inst/mem_bridge/clk
    SLICE_X45Y144        FDRE                                         r  student_top_inst/mem_bridge/led_q_reg[15]/C
  -------------------------------------------------------------------    -------------------
    SLICE_X45Y144        FDRE (Prop_fdre_C_Q)         0.124    -0.460 r  student_top_inst/mem_bridge/led_q_reg[15]/Q
                         net (fo=2, routed)           0.414    -0.046    virtual_led_OBUF[15]
    SLICE_X42Y131        FDCE                                         r  virtual_led_50_d1_reg[15]/D
  -------------------------------------------------------------------    -------------------

                         (clock clk_out1_pll rise edge)
                                                      0.000     0.000 r  
    AD12                                              0.000     0.000 r  i_sys_clk_p (IN)
                         net (fo=0)                   0.000     0.000    pll_inst/inst/clk_in1_p
    AD12                 IBUFDS (Prop_ibufds_I_O)     0.388     0.388 r  pll_inst/inst/clkin1_ibufgds/O
                         net (fo=1, routed)           0.503     0.891    pll_inst/inst/clk_in1_pll
    MMCME2_ADV_X1Y1      MMCME2_ADV (Prop_mmcme2_adv_CLKIN1_CLKOUT0)
                                                     -3.040    -2.149 r  pll_inst/inst/mmcm_adv_inst/CLKOUT0
                         net (fo=1, routed)           0.940    -1.209    pll_inst/inst/clk_out1_pll
    BUFGCTRL_X0Y1        BUFG (Prop_bufg_I_O)         0.026    -1.183 r  pll_inst/inst/clkout1_buf/O
                         net (fo=581, routed)         0.623    -0.560    w_clk_50Mhz
    SLICE_X42Y131        FDCE                                         r  virtual_led_50_d1_reg[15]/C

Slack:                    inf
  Source:                 student_top_inst/mem_bridge/led_q_reg[19]/C
                            (rising edge-triggered cell FDRE clocked by clk_out2_pll  {rise@0.000ns fall@2.500ns period=5.000ns})
  Destination:            virtual_led_50_d1_reg[19]/D
                            (rising edge-triggered cell FDCE clocked by clk_out1_pll  {rise@0.000ns fall@10.000ns period=20.000ns})
  Path Group:             (none)
  Path Type:              Setup (Max at Fast Process Corner)
  Data Path Delay:        0.525ns  (logic 0.147ns (27.984%)  route 0.378ns (72.016%))
  Logic Levels:           0  
  Clock Path Skew:        0.029ns (DCD - SCD + CPR)
    Destination Clock Delay (DCD):    -0.556ns
    Source Clock Delay      (SCD):    -0.584ns
    Clock Pessimism Removal (CPR):    0.000ns
  Clock Uncertainty:      0.194ns  ((TSJ^2 + DJ^2)^1/2) / 2 + PE
    Total System Jitter     (TSJ):    0.071ns
    Discrete Jitter          (DJ):    0.129ns
    Phase Error              (PE):    0.120ns
  Timing Exception:       Asynchronous Clock Groups

    Location             Delay type                Incr(ns)  Path(ns)    Netlist Resource(s)
  -------------------------------------------------------------------    -------------------
                         (clock clk_out2_pll rise edge)
                                                      0.000     0.000 r  
    AD12                                              0.000     0.000 r  i_sys_clk_p (IN)
                         net (fo=0)                   0.000     0.000    pll_inst/inst/clk_in1_p
    AD12                 IBUFDS (Prop_ibufds_I_O)     0.470     0.470 r  pll_inst/inst/clkin1_ibufgds/O
                         net (fo=1, routed)           0.553     1.023    pll_inst/inst/clk_in1_pll
    MMCME2_ADV_X1Y1      MMCME2_ADV (Prop_mmcme2_adv_CLKIN1_CLKOUT1)
                                                     -3.493    -2.470 r  pll_inst/inst/mmcm_adv_inst/CLKOUT1
                         net (fo=1, routed)           1.007    -1.463    pll_inst/inst/clk_out2_pll
    BUFGCTRL_X0Y0        BUFG (Prop_bufg_I_O)         0.030    -1.433 r  pll_inst/inst/clkout2_buf/O
                         net (fo=12327, routed)       0.849    -0.584    student_top_inst/mem_bridge/clk
    SLICE_X42Y143        FDRE                                         r  student_top_inst/mem_bridge/led_q_reg[19]/C
  -------------------------------------------------------------------    -------------------
    SLICE_X42Y143        FDRE (Prop_fdre_C_Q)         0.147    -0.437 r  student_top_inst/mem_bridge/led_q_reg[19]/Q
                         net (fo=2, routed)           0.378    -0.059    virtual_led_OBUF[19]
    SLICE_X41Y136        FDCE                                         r  virtual_led_50_d1_reg[19]/D
  -------------------------------------------------------------------    -------------------

                         (clock clk_out1_pll rise edge)
                                                      0.000     0.000 r  
    AD12                                              0.000     0.000 r  i_sys_clk_p (IN)
                         net (fo=0)                   0.000     0.000    pll_inst/inst/clk_in1_p
    AD12                 IBUFDS (Prop_ibufds_I_O)     0.388     0.388 r  pll_inst/inst/clkin1_ibufgds/O
                         net (fo=1, routed)           0.503     0.891    pll_inst/inst/clk_in1_pll
    MMCME2_ADV_X1Y1      MMCME2_ADV (Prop_mmcme2_adv_CLKIN1_CLKOUT0)
                                                     -3.040    -2.149 r  pll_inst/inst/mmcm_adv_inst/CLKOUT0
                         net (fo=1, routed)           0.940    -1.209    pll_inst/inst/clk_out1_pll
    BUFGCTRL_X0Y1        BUFG (Prop_bufg_I_O)         0.026    -1.183 r  pll_inst/inst/clkout1_buf/O
                         net (fo=581, routed)         0.627    -0.556    w_clk_50Mhz
    SLICE_X41Y136        FDCE                                         r  virtual_led_50_d1_reg[19]/C

Slack:                    inf
  Source:                 student_top_inst/mem_bridge/led_q_reg[25]/C
                            (rising edge-triggered cell FDRE clocked by clk_out2_pll  {rise@0.000ns fall@2.500ns period=5.000ns})
  Destination:            virtual_led_50_d1_reg[25]/D
                            (rising edge-triggered cell FDCE clocked by clk_out1_pll  {rise@0.000ns fall@10.000ns period=20.000ns})
  Path Group:             (none)
  Path Type:              Setup (Max at Fast Process Corner)
  Data Path Delay:        0.514ns  (logic 0.124ns (24.133%)  route 0.390ns (75.867%))
  Logic Levels:           0  
  Clock Path Skew:        0.018ns (DCD - SCD + CPR)
    Destination Clock Delay (DCD):    -0.565ns
    Source Clock Delay      (SCD):    -0.582ns
    Clock Pessimism Removal (CPR):    0.000ns
  Clock Uncertainty:      0.194ns  ((TSJ^2 + DJ^2)^1/2) / 2 + PE
    Total System Jitter     (TSJ):    0.071ns
    Discrete Jitter          (DJ):    0.129ns
    Phase Error              (PE):    0.120ns
  Timing Exception:       Asynchronous Clock Groups

    Location             Delay type                Incr(ns)  Path(ns)    Netlist Resource(s)
  -------------------------------------------------------------------    -------------------
                         (clock clk_out2_pll rise edge)
                                                      0.000     0.000 r  
    AD12                                              0.000     0.000 r  i_sys_clk_p (IN)
                         net (fo=0)                   0.000     0.000    pll_inst/inst/clk_in1_p
    AD12                 IBUFDS (Prop_ibufds_I_O)     0.470     0.470 r  pll_inst/inst/clkin1_ibufgds/O
                         net (fo=1, routed)           0.553     1.023    pll_inst/inst/clk_in1_pll
    MMCME2_ADV_X1Y1      MMCME2_ADV (Prop_mmcme2_adv_CLKIN1_CLKOUT1)
                                                     -3.493    -2.470 r  pll_inst/inst/mmcm_adv_inst/CLKOUT1
                         net (fo=1, routed)           1.007    -1.463    pll_inst/inst/clk_out2_pll
    BUFGCTRL_X0Y0        BUFG (Prop_bufg_I_O)         0.030    -1.433 r  pll_inst/inst/clkout2_buf/O
                         net (fo=12327, routed)       0.851    -0.582    student_top_inst/mem_bridge/clk
    SLICE_X41Y145        FDRE                                         r  student_top_inst/mem_bridge/led_q_reg[25]/C
  -------------------------------------------------------------------    -------------------
    SLICE_X41Y145        FDRE (Prop_fdre_C_Q)         0.124    -0.458 r  student_top_inst/mem_bridge/led_q_reg[25]/Q
                         net (fo=2, routed)           0.390    -0.069    virtual_led_OBUF[25]
    SLICE_X41Y125        FDCE                                         r  virtual_led_50_d1_reg[25]/D
  -------------------------------------------------------------------    -------------------

                         (clock clk_out1_pll rise edge)
                                                      0.000     0.000 r  
    AD12                                              0.000     0.000 r  i_sys_clk_p (IN)
                         net (fo=0)                   0.000     0.000    pll_inst/inst/clk_in1_p
    AD12                 IBUFDS (Prop_ibufds_I_O)     0.388     0.388 r  pll_inst/inst/clkin1_ibufgds/O
                         net (fo=1, routed)           0.503     0.891    pll_inst/inst/clk_in1_pll
    MMCME2_ADV_X1Y1      MMCME2_ADV (Prop_mmcme2_adv_CLKIN1_CLKOUT0)
                                                     -3.040    -2.149 r  pll_inst/inst/mmcm_adv_inst/CLKOUT0
                         net (fo=1, routed)           0.940    -1.209    pll_inst/inst/clk_out1_pll
    BUFGCTRL_X0Y1        BUFG (Prop_bufg_I_O)         0.026    -1.183 r  pll_inst/inst/clkout1_buf/O
                         net (fo=581, routed)         0.618    -0.565    w_clk_50Mhz
    SLICE_X41Y125        FDCE                                         r  virtual_led_50_d1_reg[25]/C

Slack:                    inf
  Source:                 student_top_inst/mem_bridge/led_q_reg[1]/C
                            (rising edge-triggered cell FDRE clocked by clk_out2_pll  {rise@0.000ns fall@2.500ns period=5.000ns})
  Destination:            virtual_led_50_d1_reg[1]/D
                            (rising edge-triggered cell FDCE clocked by clk_out1_pll  {rise@0.000ns fall@10.000ns period=20.000ns})
  Path Group:             (none)
  Path Type:              Setup (Max at Fast Process Corner)
  Data Path Delay:        0.513ns  (logic 0.147ns (28.649%)  route 0.366ns (71.351%))
  Logic Levels:           0  
  Clock Path Skew:        0.023ns (DCD - SCD + CPR)
    Destination Clock Delay (DCD):    -0.562ns
    Source Clock Delay      (SCD):    -0.584ns
    Clock Pessimism Removal (CPR):    0.000ns
  Clock Uncertainty:      0.194ns  ((TSJ^2 + DJ^2)^1/2) / 2 + PE
    Total System Jitter     (TSJ):    0.071ns
    Discrete Jitter          (DJ):    0.129ns
    Phase Error              (PE):    0.120ns
  Timing Exception:       Asynchronous Clock Groups

    Location             Delay type                Incr(ns)  Path(ns)    Netlist Resource(s)
  -------------------------------------------------------------------    -------------------
                         (clock clk_out2_pll rise edge)
                                                      0.000     0.000 r  
    AD12                                              0.000     0.000 r  i_sys_clk_p (IN)
                         net (fo=0)                   0.000     0.000    pll_inst/inst/clk_in1_p
    AD12                 IBUFDS (Prop_ibufds_I_O)     0.470     0.470 r  pll_inst/inst/clkin1_ibufgds/O
                         net (fo=1, routed)           0.553     1.023    pll_inst/inst/clk_in1_pll
    MMCME2_ADV_X1Y1      MMCME2_ADV (Prop_mmcme2_adv_CLKIN1_CLKOUT1)
                                                     -3.493    -2.470 r  pll_inst/inst/mmcm_adv_inst/CLKOUT1
                         net (fo=1, routed)           1.007    -1.463    pll_inst/inst/clk_out2_pll
    BUFGCTRL_X0Y0        BUFG (Prop_bufg_I_O)         0.030    -1.433 r  pll_inst/inst/clkout2_buf/O
                         net (fo=12327, routed)       0.849    -0.584    student_top_inst/mem_bridge/clk
    SLICE_X42Y143        FDRE                                         r  student_top_inst/mem_bridge/led_q_reg[1]/C
  -------------------------------------------------------------------    -------------------
    SLICE_X42Y143        FDRE (Prop_fdre_C_Q)         0.147    -0.437 r  student_top_inst/mem_bridge/led_q_reg[1]/Q
                         net (fo=2, routed)           0.366    -0.071    virtual_led_OBUF[1]
    SLICE_X41Y128        FDCE                                         r  virtual_led_50_d1_reg[1]/D
  -------------------------------------------------------------------    -------------------

                         (clock clk_out1_pll rise edge)
                                                      0.000     0.000 r  
    AD12                                              0.000     0.000 r  i_sys_clk_p (IN)
                         net (fo=0)                   0.000     0.000    pll_inst/inst/clk_in1_p
    AD12                 IBUFDS (Prop_ibufds_I_O)     0.388     0.388 r  pll_inst/inst/clkin1_ibufgds/O
                         net (fo=1, routed)           0.503     0.891    pll_inst/inst/clk_in1_pll
    MMCME2_ADV_X1Y1      MMCME2_ADV (Prop_mmcme2_adv_CLKIN1_CLKOUT0)
                                                     -3.040    -2.149 r  pll_inst/inst/mmcm_adv_inst/CLKOUT0
                         net (fo=1, routed)           0.940    -1.209    pll_inst/inst/clk_out1_pll
    BUFGCTRL_X0Y1        BUFG (Prop_bufg_I_O)         0.026    -1.183 r  pll_inst/inst/clkout1_buf/O
                         net (fo=581, routed)         0.621    -0.562    w_clk_50Mhz
    SLICE_X41Y128        FDCE                                         r  virtual_led_50_d1_reg[1]/C





--------------------------------------------------------------------------------------
Path Group:  (none)
From Clock:  clk_out1_pll
  To Clock:  clk_out2_pll

Max Delay           104 Endpoints
Min Delay             0 Endpoints
--------------------------------------------------------------------------------------


Max Delay Paths
--------------------------------------------------------------------------------------
Slack:                    inf
  Source:                 student_top_inst/mem_bridge/counter_inst/cnt_ms_bin_reg[23]/C
                            (rising edge-triggered cell FDRE clocked by clk_out1_pll  {rise@0.000ns fall@10.000ns period=20.000ns})
  Destination:            student_top_inst/mem_bridge/counter_inst/cnt_gray_cpu_d1_reg[23]/D
                            (rising edge-triggered cell FDRE clocked by clk_out2_pll  {rise@0.000ns fall@2.500ns period=5.000ns})
  Path Group:             (none)
  Path Type:              Setup (Max at Fast Process Corner)
  Data Path Delay:        0.836ns  (logic 0.162ns (19.387%)  route 0.674ns (80.613%))
  Logic Levels:           1  (LUT2=1)
  Clock Path Skew:        0.034ns (DCD - SCD + CPR)
    Destination Clock Delay (DCD):    -0.558ns
    Source Clock Delay      (SCD):    -0.591ns
    Clock Pessimism Removal (CPR):    0.000ns
  Clock Uncertainty:      0.194ns  ((TSJ^2 + DJ^2)^1/2) / 2 + PE
    Total System Jitter     (TSJ):    0.071ns
    Discrete Jitter          (DJ):    0.129ns
    Phase Error              (PE):    0.120ns
  Timing Exception:       Asynchronous Clock Groups

    Location             Delay type                Incr(ns)  Path(ns)    Netlist Resource(s)
  -------------------------------------------------------------------    -------------------
                         (clock clk_out1_pll rise edge)
                                                      0.000     0.000 r  
    AD12                                              0.000     0.000 r  i_sys_clk_p (IN)
                         net (fo=0)                   0.000     0.000    pll_inst/inst/clk_in1_p
    AD12                 IBUFDS (Prop_ibufds_I_O)     0.470     0.470 r  pll_inst/inst/clkin1_ibufgds/O
                         net (fo=1, routed)           0.553     1.023    pll_inst/inst/clk_in1_pll
    MMCME2_ADV_X1Y1      MMCME2_ADV (Prop_mmcme2_adv_CLKIN1_CLKOUT0)
                                                     -3.493    -2.470 r  pll_inst/inst/mmcm_adv_inst/CLKOUT0
                         net (fo=1, routed)           1.007    -1.463    pll_inst/inst/clk_out1_pll
    BUFGCTRL_X0Y1        BUFG (Prop_bufg_I_O)         0.030    -1.433 r  pll_inst/inst/clkout1_buf/O
                         net (fo=581, routed)         0.842    -0.591    student_top_inst/mem_bridge/counter_inst/cnt_clk
    SLICE_X47Y136        FDRE                                         r  student_top_inst/mem_bridge/counter_inst/cnt_ms_bin_reg[23]/C
  -------------------------------------------------------------------    -------------------
    SLICE_X47Y136        FDRE (Prop_fdre_C_Q)         0.124    -0.467 r  student_top_inst/mem_bridge/counter_inst/cnt_ms_bin_reg[23]/Q
                         net (fo=3, routed)           0.292    -0.175    student_top_inst/mem_bridge/counter_inst/cnt_ms_bin_reg__0[23]
    SLICE_X48Y137        LUT2 (Prop_lut2_I1_O)        0.038    -0.137 r  student_top_inst/mem_bridge/counter_inst/cnt_gray_cpu_d1[23]_i_1/O
                         net (fo=1, routed)           0.382     0.244    student_top_inst/mem_bridge/counter_inst/cnt_ms_gray[23]
    SLICE_X49Y137        FDRE                                         r  student_top_inst/mem_bridge/counter_inst/cnt_gray_cpu_d1_reg[23]/D
  -------------------------------------------------------------------    -------------------

                         (clock clk_out2_pll rise edge)
                                                      0.000     0.000 r  
    AD12                                              0.000     0.000 r  i_sys_clk_p (IN)
                         net (fo=0)                   0.000     0.000    pll_inst/inst/clk_in1_p
    AD12                 IBUFDS (Prop_ibufds_I_O)     0.388     0.388 r  pll_inst/inst/clkin1_ibufgds/O
                         net (fo=1, routed)           0.503     0.891    pll_inst/inst/clk_in1_pll
    MMCME2_ADV_X1Y1      MMCME2_ADV (Prop_mmcme2_adv_CLKIN1_CLKOUT1)
                                                     -3.040    -2.149 r  pll_inst/inst/mmcm_adv_inst/CLKOUT1
                         net (fo=1, routed)           0.940    -1.209    pll_inst/inst/clk_out2_pll
    BUFGCTRL_X0Y0        BUFG (Prop_bufg_I_O)         0.026    -1.183 r  pll_inst/inst/clkout2_buf/O
                         net (fo=12327, routed)       0.625    -0.558    student_top_inst/mem_bridge/counter_inst/cpu_clk
    SLICE_X49Y137        FDRE                                         r  student_top_inst/mem_bridge/counter_inst/cnt_gray_cpu_d1_reg[23]/C

Slack:                    inf
  Source:                 student_top_inst/mem_bridge/counter_inst/cnt_ms_bin_reg[27]/C
                            (rising edge-triggered cell FDRE clocked by clk_out1_pll  {rise@0.000ns fall@10.000ns period=20.000ns})
  Destination:            student_top_inst/mem_bridge/counter_inst/cnt_gray_cpu_d1_reg[27]/D
                            (rising edge-triggered cell FDRE clocked by clk_out2_pll  {rise@0.000ns fall@2.500ns period=5.000ns})
  Path Group:             (none)
  Path Type:              Setup (Max at Fast Process Corner)
  Data Path Delay:        0.769ns  (logic 0.156ns (20.297%)  route 0.613ns (79.703%))
  Logic Levels:           1  (LUT2=1)
  Clock Path Skew:        0.036ns (DCD - SCD + CPR)
    Destination Clock Delay (DCD):    -0.555ns
    Source Clock Delay      (SCD):    -0.590ns
    Clock Pessimism Removal (CPR):    0.000ns
  Clock Uncertainty:      0.194ns  ((TSJ^2 + DJ^2)^1/2) / 2 + PE
    Total System Jitter     (TSJ):    0.071ns
    Discrete Jitter          (DJ):    0.129ns
    Phase Error              (PE):    0.120ns
  Timing Exception:       Asynchronous Clock Groups

    Location             Delay type                Incr(ns)  Path(ns)    Netlist Resource(s)
  -------------------------------------------------------------------    -------------------
                         (clock clk_out1_pll rise edge)
                                                      0.000     0.000 r  
    AD12                                              0.000     0.000 r  i_sys_clk_p (IN)
                         net (fo=0)                   0.000     0.000    pll_inst/inst/clk_in1_p
    AD12                 IBUFDS (Prop_ibufds_I_O)     0.470     0.470 r  pll_inst/inst/clkin1_ibufgds/O
                         net (fo=1, routed)           0.553     1.023    pll_inst/inst/clk_in1_pll
    MMCME2_ADV_X1Y1      MMCME2_ADV (Prop_mmcme2_adv_CLKIN1_CLKOUT0)
                                                     -3.493    -2.470 r  pll_inst/inst/mmcm_adv_inst/CLKOUT0
                         net (fo=1, routed)           1.007    -1.463    pll_inst/inst/clk_out1_pll
    BUFGCTRL_X0Y1        BUFG (Prop_bufg_I_O)         0.030    -1.433 r  pll_inst/inst/clkout1_buf/O
                         net (fo=581, routed)         0.843    -0.590    student_top_inst/mem_bridge/counter_inst/cnt_clk
    SLICE_X47Y137        FDRE                                         r  student_top_inst/mem_bridge/counter_inst/cnt_ms_bin_reg[27]/C
  -------------------------------------------------------------------    -------------------
    SLICE_X47Y137        FDRE (Prop_fdre_C_Q)         0.124    -0.466 r  student_top_inst/mem_bridge/counter_inst/cnt_ms_bin_reg[27]/Q
                         net (fo=3, routed)           0.302    -0.164    student_top_inst/mem_bridge/counter_inst/cnt_ms_bin_reg__0[27]
    SLICE_X46Y139        LUT2 (Prop_lut2_I1_O)        0.032    -0.132 r  student_top_inst/mem_bridge/counter_inst/cnt_gray_cpu_d1[27]_i_1/O
                         net (fo=1, routed)           0.311     0.178    student_top_inst/mem_bridge/counter_inst/cnt_ms_gray[27]
    SLICE_X47Y145        FDRE                                         r  student_top_inst/mem_bridge/counter_inst/cnt_gray_cpu_d1_reg[27]/D
  -------------------------------------------------------------------    -------------------

                         (clock clk_out2_pll rise edge)
                                                      0.000     0.000 r  
    AD12                                              0.000     0.000 r  i_sys_clk_p (IN)
                         net (fo=0)                   0.000     0.000    pll_inst/inst/clk_in1_p
    AD12                 IBUFDS (Prop_ibufds_I_O)     0.388     0.388 r  pll_inst/inst/clkin1_ibufgds/O
                         net (fo=1, routed)           0.503     0.891    pll_inst/inst/clk_in1_pll
    MMCME2_ADV_X1Y1      MMCME2_ADV (Prop_mmcme2_adv_CLKIN1_CLKOUT1)
                                                     -3.040    -2.149 r  pll_inst/inst/mmcm_adv_inst/CLKOUT1
                         net (fo=1, routed)           0.940    -1.209    pll_inst/inst/clk_out2_pll
    BUFGCTRL_X0Y0        BUFG (Prop_bufg_I_O)         0.026    -1.183 r  pll_inst/inst/clkout2_buf/O
                         net (fo=12327, routed)       0.628    -0.555    student_top_inst/mem_bridge/counter_inst/cpu_clk
    SLICE_X47Y145        FDRE                                         r  student_top_inst/mem_bridge/counter_inst/cnt_gray_cpu_d1_reg[27]/C

Slack:                    inf
  Source:                 student_top_inst/mem_bridge/counter_inst/cnt_ms_bin_reg[22]/C
                            (rising edge-triggered cell FDRE clocked by clk_out1_pll  {rise@0.000ns fall@10.000ns period=20.000ns})
  Destination:            student_top_inst/mem_bridge/counter_inst/cnt_gray_cpu_d1_reg[21]/D
                            (rising edge-triggered cell FDRE clocked by clk_out2_pll  {rise@0.000ns fall@2.500ns period=5.000ns})
  Path Group:             (none)
  Path Type:              Setup (Max at Fast Process Corner)
  Data Path Delay:        0.748ns  (logic 0.157ns (20.981%)  route 0.591ns (79.019%))
  Logic Levels:           1  (LUT2=1)
  Clock Path Skew:        0.034ns (DCD - SCD + CPR)
    Destination Clock Delay (DCD):    -0.558ns
    Source Clock Delay      (SCD):    -0.591ns
    Clock Pessimism Removal (CPR):    0.000ns
  Clock Uncertainty:      0.194ns  ((TSJ^2 + DJ^2)^1/2) / 2 + PE
    Total System Jitter     (TSJ):    0.071ns
    Discrete Jitter          (DJ):    0.129ns
    Phase Error              (PE):    0.120ns
  Timing Exception:       Asynchronous Clock Groups

    Location             Delay type                Incr(ns)  Path(ns)    Netlist Resource(s)
  -------------------------------------------------------------------    -------------------
                         (clock clk_out1_pll rise edge)
                                                      0.000     0.000 r  
    AD12                                              0.000     0.000 r  i_sys_clk_p (IN)
                         net (fo=0)                   0.000     0.000    pll_inst/inst/clk_in1_p
    AD12                 IBUFDS (Prop_ibufds_I_O)     0.470     0.470 r  pll_inst/inst/clkin1_ibufgds/O
                         net (fo=1, routed)           0.553     1.023    pll_inst/inst/clk_in1_pll
    MMCME2_ADV_X1Y1      MMCME2_ADV (Prop_mmcme2_adv_CLKIN1_CLKOUT0)
                                                     -3.493    -2.470 r  pll_inst/inst/mmcm_adv_inst/CLKOUT0
                         net (fo=1, routed)           1.007    -1.463    pll_inst/inst/clk_out1_pll
    BUFGCTRL_X0Y1        BUFG (Prop_bufg_I_O)         0.030    -1.433 r  pll_inst/inst/clkout1_buf/O
                         net (fo=581, routed)         0.842    -0.591    student_top_inst/mem_bridge/counter_inst/cnt_clk
    SLICE_X47Y136        FDRE                                         r  student_top_inst/mem_bridge/counter_inst/cnt_ms_bin_reg[22]/C
  -------------------------------------------------------------------    -------------------
    SLICE_X47Y136        FDRE (Prop_fdre_C_Q)         0.124    -0.467 r  student_top_inst/mem_bridge/counter_inst/cnt_ms_bin_reg[22]/Q
                         net (fo=3, routed)           0.308    -0.160    student_top_inst/mem_bridge/counter_inst/cnt_ms_bin_reg__0[22]
    SLICE_X46Y136        LUT2 (Prop_lut2_I0_O)        0.033    -0.127 r  student_top_inst/mem_bridge/counter_inst/cnt_gray_cpu_d1[21]_i_1/O
                         net (fo=1, routed)           0.284     0.157    student_top_inst/mem_bridge/counter_inst/cnt_ms_gray[21]
    SLICE_X46Y137        FDRE                                         r  student_top_inst/mem_bridge/counter_inst/cnt_gray_cpu_d1_reg[21]/D
  -------------------------------------------------------------------    -------------------

                         (clock clk_out2_pll rise edge)
                                                      0.000     0.000 r  
    AD12                                              0.000     0.000 r  i_sys_clk_p (IN)
                         net (fo=0)                   0.000     0.000    pll_inst/inst/clk_in1_p
    AD12                 IBUFDS (Prop_ibufds_I_O)     0.388     0.388 r  pll_inst/inst/clkin1_ibufgds/O
                         net (fo=1, routed)           0.503     0.891    pll_inst/inst/clk_in1_pll
    MMCME2_ADV_X1Y1      MMCME2_ADV (Prop_mmcme2_adv_CLKIN1_CLKOUT1)
                                                     -3.040    -2.149 r  pll_inst/inst/mmcm_adv_inst/CLKOUT1
                         net (fo=1, routed)           0.940    -1.209    pll_inst/inst/clk_out2_pll
    BUFGCTRL_X0Y0        BUFG (Prop_bufg_I_O)         0.026    -1.183 r  pll_inst/inst/clkout2_buf/O
                         net (fo=12327, routed)       0.625    -0.558    student_top_inst/mem_bridge/counter_inst/cpu_clk
    SLICE_X46Y137        FDRE                                         r  student_top_inst/mem_bridge/counter_inst/cnt_gray_cpu_d1_reg[21]/C

Slack:                    inf
  Source:                 student_top_inst/mem_bridge/counter_inst/cnt_ms_bin_reg[2]/C
                            (rising edge-triggered cell FDRE clocked by clk_out1_pll  {rise@0.000ns fall@10.000ns period=20.000ns})
  Destination:            student_top_inst/mem_bridge/counter_inst/cnt_gray_cpu_d1_reg[2]/D
                            (rising edge-triggered cell FDRE clocked by clk_out2_pll  {rise@0.000ns fall@2.500ns period=5.000ns})
  Path Group:             (none)
  Path Type:              Setup (Max at Fast Process Corner)
  Data Path Delay:        0.745ns  (logic 0.159ns (21.356%)  route 0.586ns (78.644%))
  Logic Levels:           1  (LUT2=1)
  Clock Path Skew:        0.037ns (DCD - SCD + CPR)
    Destination Clock Delay (DCD):    -0.559ns
    Source Clock Delay      (SCD):    -0.595ns
    Clock Pessimism Removal (CPR):    0.000ns
  Clock Uncertainty:      0.194ns  ((TSJ^2 + DJ^2)^1/2) / 2 + PE
    Total System Jitter     (TSJ):    0.071ns
    Discrete Jitter          (DJ):    0.129ns
    Phase Error              (PE):    0.120ns
  Timing Exception:       Asynchronous Clock Groups

    Location             Delay type                Incr(ns)  Path(ns)    Netlist Resource(s)
  -------------------------------------------------------------------    -------------------
                         (clock clk_out1_pll rise edge)
                                                      0.000     0.000 r  
    AD12                                              0.000     0.000 r  i_sys_clk_p (IN)
                         net (fo=0)                   0.000     0.000    pll_inst/inst/clk_in1_p
    AD12                 IBUFDS (Prop_ibufds_I_O)     0.470     0.470 r  pll_inst/inst/clkin1_ibufgds/O
                         net (fo=1, routed)           0.553     1.023    pll_inst/inst/clk_in1_pll
    MMCME2_ADV_X1Y1      MMCME2_ADV (Prop_mmcme2_adv_CLKIN1_CLKOUT0)
                                                     -3.493    -2.470 r  pll_inst/inst/mmcm_adv_inst/CLKOUT0
                         net (fo=1, routed)           1.007    -1.463    pll_inst/inst/clk_out1_pll
    BUFGCTRL_X0Y1        BUFG (Prop_bufg_I_O)         0.030    -1.433 r  pll_inst/inst/clkout1_buf/O
                         net (fo=581, routed)         0.838    -0.595    student_top_inst/mem_bridge/counter_inst/cnt_clk
    SLICE_X47Y131        FDRE                                         r  student_top_inst/mem_bridge/counter_inst/cnt_ms_bin_reg[2]/C
  -------------------------------------------------------------------    -------------------
    SLICE_X47Y131        FDRE (Prop_fdre_C_Q)         0.124    -0.471 r  student_top_inst/mem_bridge/counter_inst/cnt_ms_bin_reg[2]/Q
                         net (fo=3, routed)           0.337    -0.135    student_top_inst/mem_bridge/counter_inst/cnt_ms_bin_reg__0[2]
    SLICE_X48Y132        LUT2 (Prop_lut2_I1_O)        0.035    -0.100 r  student_top_inst/mem_bridge/counter_inst/cnt_gray_cpu_d1[2]_i_1/O
                         net (fo=1, routed)           0.249     0.149    student_top_inst/mem_bridge/counter_inst/cnt_ms_gray[2]
    SLICE_X48Y135        FDRE                                         r  student_top_inst/mem_bridge/counter_inst/cnt_gray_cpu_d1_reg[2]/D
  -------------------------------------------------------------------    -------------------

                         (clock clk_out2_pll rise edge)
                                                      0.000     0.000 r  
    AD12                                              0.000     0.000 r  i_sys_clk_p (IN)
                         net (fo=0)                   0.000     0.000    pll_inst/inst/clk_in1_p
    AD12                 IBUFDS (Prop_ibufds_I_O)     0.388     0.388 r  pll_inst/inst/clkin1_ibufgds/O
                         net (fo=1, routed)           0.503     0.891    pll_inst/inst/clk_in1_pll
    MMCME2_ADV_X1Y1      MMCME2_ADV (Prop_mmcme2_adv_CLKIN1_CLKOUT1)
                                                     -3.040    -2.149 r  pll_inst/inst/mmcm_adv_inst/CLKOUT1
                         net (fo=1, routed)           0.940    -1.209    pll_inst/inst/clk_out2_pll
    BUFGCTRL_X0Y0        BUFG (Prop_bufg_I_O)         0.026    -1.183 r  pll_inst/inst/clkout2_buf/O
                         net (fo=12327, routed)       0.624    -0.559    student_top_inst/mem_bridge/counter_inst/cpu_clk
    SLICE_X48Y135        FDRE                                         r  student_top_inst/mem_bridge/counter_inst/cnt_gray_cpu_d1_reg[2]/C

Slack:                    inf
  Source:                 student_top_inst/mem_bridge/counter_inst/cnt_ms_bin_reg[26]/C
                            (rising edge-triggered cell FDRE clocked by clk_out1_pll  {rise@0.000ns fall@10.000ns period=20.000ns})
  Destination:            student_top_inst/mem_bridge/counter_inst/cnt_gray_cpu_d1_reg[26]/D
                            (rising edge-triggered cell FDRE clocked by clk_out2_pll  {rise@0.000ns fall@2.500ns period=5.000ns})
  Path Group:             (none)
  Path Type:              Setup (Max at Fast Process Corner)
  Data Path Delay:        0.737ns  (logic 0.159ns (21.573%)  route 0.578ns (78.427%))
  Logic Levels:           1  (LUT2=1)
  Clock Path Skew:        0.036ns (DCD - SCD + CPR)
    Destination Clock Delay (DCD):    -0.555ns
    Source Clock Delay      (SCD):    -0.590ns
    Clock Pessimism Removal (CPR):    0.000ns
  Clock Uncertainty:      0.194ns  ((TSJ^2 + DJ^2)^1/2) / 2 + PE
    Total System Jitter     (TSJ):    0.071ns
    Discrete Jitter          (DJ):    0.129ns
    Phase Error              (PE):    0.120ns
  Timing Exception:       Asynchronous Clock Groups

    Location             Delay type                Incr(ns)  Path(ns)    Netlist Resource(s)
  -------------------------------------------------------------------    -------------------
                         (clock clk_out1_pll rise edge)
                                                      0.000     0.000 r  
    AD12                                              0.000     0.000 r  i_sys_clk_p (IN)
                         net (fo=0)                   0.000     0.000    pll_inst/inst/clk_in1_p
    AD12                 IBUFDS (Prop_ibufds_I_O)     0.470     0.470 r  pll_inst/inst/clkin1_ibufgds/O
                         net (fo=1, routed)           0.553     1.023    pll_inst/inst/clk_in1_pll
    MMCME2_ADV_X1Y1      MMCME2_ADV (Prop_mmcme2_adv_CLKIN1_CLKOUT0)
                                                     -3.493    -2.470 r  pll_inst/inst/mmcm_adv_inst/CLKOUT0
                         net (fo=1, routed)           1.007    -1.463    pll_inst/inst/clk_out1_pll
    BUFGCTRL_X0Y1        BUFG (Prop_bufg_I_O)         0.030    -1.433 r  pll_inst/inst/clkout1_buf/O
                         net (fo=581, routed)         0.843    -0.590    student_top_inst/mem_bridge/counter_inst/cnt_clk
    SLICE_X47Y137        FDRE                                         r  student_top_inst/mem_bridge/counter_inst/cnt_ms_bin_reg[26]/C
  -------------------------------------------------------------------    -------------------
    SLICE_X47Y137        FDRE (Prop_fdre_C_Q)         0.124    -0.466 r  student_top_inst/mem_bridge/counter_inst/cnt_ms_bin_reg[26]/Q
                         net (fo=3, routed)           0.366    -0.100    student_top_inst/mem_bridge/counter_inst/cnt_ms_bin_reg__0[26]
    SLICE_X46Y139        LUT2 (Prop_lut2_I1_O)        0.035    -0.065 r  student_top_inst/mem_bridge/counter_inst/cnt_gray_cpu_d1[26]_i_1/O
                         net (fo=1, routed)           0.212     0.147    student_top_inst/mem_bridge/counter_inst/cnt_ms_gray[26]
    SLICE_X46Y143        FDRE                                         r  student_top_inst/mem_bridge/counter_inst/cnt_gray_cpu_d1_reg[26]/D
  -------------------------------------------------------------------    -------------------

                         (clock clk_out2_pll rise edge)
                                                      0.000     0.000 r  
    AD12                                              0.000     0.000 r  i_sys_clk_p (IN)
                         net (fo=0)                   0.000     0.000    pll_inst/inst/clk_in1_p
    AD12                 IBUFDS (Prop_ibufds_I_O)     0.388     0.388 r  pll_inst/inst/clkin1_ibufgds/O
                         net (fo=1, routed)           0.503     0.891    pll_inst/inst/clk_in1_pll
    MMCME2_ADV_X1Y1      MMCME2_ADV (Prop_mmcme2_adv_CLKIN1_CLKOUT1)
                                                     -3.040    -2.149 r  pll_inst/inst/mmcm_adv_inst/CLKOUT1
                         net (fo=1, routed)           0.940    -1.209    pll_inst/inst/clk_out2_pll
    BUFGCTRL_X0Y0        BUFG (Prop_bufg_I_O)         0.026    -1.183 r  pll_inst/inst/clkout2_buf/O
                         net (fo=12327, routed)       0.628    -0.555    student_top_inst/mem_bridge/counter_inst/cpu_clk
    SLICE_X46Y143        FDRE                                         r  student_top_inst/mem_bridge/counter_inst/cnt_gray_cpu_d1_reg[26]/C

Slack:                    inf
  Source:                 student_top_inst/mem_bridge/counter_inst/cnt_ms_bin_reg[4]/C
                            (rising edge-triggered cell FDRE clocked by clk_out1_pll  {rise@0.000ns fall@10.000ns period=20.000ns})
  Destination:            student_top_inst/mem_bridge/counter_inst/cnt_gray_cpu_d1_reg[4]/D
                            (rising edge-triggered cell FDRE clocked by clk_out2_pll  {rise@0.000ns fall@2.500ns period=5.000ns})
  Path Group:             (none)
  Path Type:              Setup (Max at Fast Process Corner)
  Data Path Delay:        0.741ns  (logic 0.159ns (21.468%)  route 0.582ns (78.532%))
  Logic Levels:           1  (LUT2=1)
  Clock Path Skew:        0.036ns (DCD - SCD + CPR)
    Destination Clock Delay (DCD):    -0.559ns
    Source Clock Delay      (SCD):    -0.594ns
    Clock Pessimism Removal (CPR):    0.000ns
  Clock Uncertainty:      0.194ns  ((TSJ^2 + DJ^2)^1/2) / 2 + PE
    Total System Jitter     (TSJ):    0.071ns
    Discrete Jitter          (DJ):    0.129ns
    Phase Error              (PE):    0.120ns
  Timing Exception:       Asynchronous Clock Groups

    Location             Delay type                Incr(ns)  Path(ns)    Netlist Resource(s)
  -------------------------------------------------------------------    -------------------
                         (clock clk_out1_pll rise edge)
                                                      0.000     0.000 r  
    AD12                                              0.000     0.000 r  i_sys_clk_p (IN)
                         net (fo=0)                   0.000     0.000    pll_inst/inst/clk_in1_p
    AD12                 IBUFDS (Prop_ibufds_I_O)     0.470     0.470 r  pll_inst/inst/clkin1_ibufgds/O
                         net (fo=1, routed)           0.553     1.023    pll_inst/inst/clk_in1_pll
    MMCME2_ADV_X1Y1      MMCME2_ADV (Prop_mmcme2_adv_CLKIN1_CLKOUT0)
                                                     -3.493    -2.470 r  pll_inst/inst/mmcm_adv_inst/CLKOUT0
                         net (fo=1, routed)           1.007    -1.463    pll_inst/inst/clk_out1_pll
    BUFGCTRL_X0Y1        BUFG (Prop_bufg_I_O)         0.030    -1.433 r  pll_inst/inst/clkout1_buf/O
                         net (fo=581, routed)         0.839    -0.594    student_top_inst/mem_bridge/counter_inst/cnt_clk
    SLICE_X47Y132        FDRE                                         r  student_top_inst/mem_bridge/counter_inst/cnt_ms_bin_reg[4]/C
  -------------------------------------------------------------------    -------------------
    SLICE_X47Y132        FDRE (Prop_fdre_C_Q)         0.124    -0.470 r  student_top_inst/mem_bridge/counter_inst/cnt_ms_bin_reg[4]/Q
                         net (fo=3, routed)           0.251    -0.219    student_top_inst/mem_bridge/counter_inst/cnt_ms_bin_reg__0[4]
    SLICE_X48Y132        LUT2 (Prop_lut2_I1_O)        0.035    -0.184 r  student_top_inst/mem_bridge/counter_inst/cnt_gray_cpu_d1[4]_i_1/O
                         net (fo=1, routed)           0.330     0.146    student_top_inst/mem_bridge/counter_inst/cnt_ms_gray[4]
    SLICE_X48Y135        FDRE                                         r  student_top_inst/mem_bridge/counter_inst/cnt_gray_cpu_d1_reg[4]/D
  -------------------------------------------------------------------    -------------------

                         (clock clk_out2_pll rise edge)
                                                      0.000     0.000 r  
    AD12                                              0.000     0.000 r  i_sys_clk_p (IN)
                         net (fo=0)                   0.000     0.000    pll_inst/inst/clk_in1_p
    AD12                 IBUFDS (Prop_ibufds_I_O)     0.388     0.388 r  pll_inst/inst/clkin1_ibufgds/O
                         net (fo=1, routed)           0.503     0.891    pll_inst/inst/clk_in1_pll
    MMCME2_ADV_X1Y1      MMCME2_ADV (Prop_mmcme2_adv_CLKIN1_CLKOUT1)
                                                     -3.040    -2.149 r  pll_inst/inst/mmcm_adv_inst/CLKOUT1
                         net (fo=1, routed)           0.940    -1.209    pll_inst/inst/clk_out2_pll
    BUFGCTRL_X0Y0        BUFG (Prop_bufg_I_O)         0.026    -1.183 r  pll_inst/inst/clkout2_buf/O
                         net (fo=12327, routed)       0.624    -0.559    student_top_inst/mem_bridge/counter_inst/cpu_clk
    SLICE_X48Y135        FDRE                                         r  student_top_inst/mem_bridge/counter_inst/cnt_gray_cpu_d1_reg[4]/C

Slack:                    inf
  Source:                 student_top_inst/mem_bridge/counter_inst/cnt_ms_bin_reg[31]/C
                            (rising edge-triggered cell FDRE clocked by clk_out1_pll  {rise@0.000ns fall@10.000ns period=20.000ns})
  Destination:            student_top_inst/mem_bridge/counter_inst/cnt_gray_cpu_d1_reg[30]/D
                            (rising edge-triggered cell FDRE clocked by clk_out2_pll  {rise@0.000ns fall@2.500ns period=5.000ns})
  Path Group:             (none)
  Path Type:              Setup (Max at Fast Process Corner)
  Data Path Delay:        0.701ns  (logic 0.159ns (22.691%)  route 0.542ns (77.309%))
  Logic Levels:           1  (LUT2=1)
  Clock Path Skew:        0.034ns (DCD - SCD + CPR)
    Destination Clock Delay (DCD):    -0.555ns
    Source Clock Delay      (SCD):    -0.588ns
    Clock Pessimism Removal (CPR):    0.000ns
  Clock Uncertainty:      0.194ns  ((TSJ^2 + DJ^2)^1/2) / 2 + PE
    Total System Jitter     (TSJ):    0.071ns
    Discrete Jitter          (DJ):    0.129ns
    Phase Error              (PE):    0.120ns
  Timing Exception:       Asynchronous Clock Groups

    Location             Delay type                Incr(ns)  Path(ns)    Netlist Resource(s)
  -------------------------------------------------------------------    -------------------
                         (clock clk_out1_pll rise edge)
                                                      0.000     0.000 r  
    AD12                                              0.000     0.000 r  i_sys_clk_p (IN)
                         net (fo=0)                   0.000     0.000    pll_inst/inst/clk_in1_p
    AD12                 IBUFDS (Prop_ibufds_I_O)     0.470     0.470 r  pll_inst/inst/clkin1_ibufgds/O
                         net (fo=1, routed)           0.553     1.023    pll_inst/inst/clk_in1_pll
    MMCME2_ADV_X1Y1      MMCME2_ADV (Prop_mmcme2_adv_CLKIN1_CLKOUT0)
                                                     -3.493    -2.470 r  pll_inst/inst/mmcm_adv_inst/CLKOUT0
                         net (fo=1, routed)           1.007    -1.463    pll_inst/inst/clk_out1_pll
    BUFGCTRL_X0Y1        BUFG (Prop_bufg_I_O)         0.030    -1.433 r  pll_inst/inst/clkout1_buf/O
                         net (fo=581, routed)         0.845    -0.588    student_top_inst/mem_bridge/counter_inst/cnt_clk
    SLICE_X47Y138        FDRE                                         r  student_top_inst/mem_bridge/counter_inst/cnt_ms_bin_reg[31]/C
  -------------------------------------------------------------------    -------------------
    SLICE_X47Y138        FDRE (Prop_fdre_C_Q)         0.124    -0.464 r  student_top_inst/mem_bridge/counter_inst/cnt_ms_bin_reg[31]/Q
                         net (fo=3, routed)           0.384    -0.081    student_top_inst/mem_bridge/counter_inst/cnt_ms_bin_reg[31]
    SLICE_X46Y143        LUT2 (Prop_lut2_I0_O)        0.035    -0.046 r  student_top_inst/mem_bridge/counter_inst/cnt_gray_cpu_d1[30]_i_1/O
                         net (fo=1, routed)           0.158     0.112    student_top_inst/mem_bridge/counter_inst/cnt_ms_gray[30]
    SLICE_X47Y144        FDRE                                         r  student_top_inst/mem_bridge/counter_inst/cnt_gray_cpu_d1_reg[30]/D
  -------------------------------------------------------------------    -------------------

                         (clock clk_out2_pll rise edge)
                                                      0.000     0.000 r  
    AD12                                              0.000     0.000 r  i_sys_clk_p (IN)
                         net (fo=0)                   0.000     0.000    pll_inst/inst/clk_in1_p
    AD12                 IBUFDS (Prop_ibufds_I_O)     0.388     0.388 r  pll_inst/inst/clkin1_ibufgds/O
                         net (fo=1, routed)           0.503     0.891    pll_inst/inst/clk_in1_pll
    MMCME2_ADV_X1Y1      MMCME2_ADV (Prop_mmcme2_adv_CLKIN1_CLKOUT1)
                                                     -3.040    -2.149 r  pll_inst/inst/mmcm_adv_inst/CLKOUT1
                         net (fo=1, routed)           0.940    -1.209    pll_inst/inst/clk_out2_pll
    BUFGCTRL_X0Y0        BUFG (Prop_bufg_I_O)         0.026    -1.183 r  pll_inst/inst/clkout2_buf/O
                         net (fo=12327, routed)       0.628    -0.555    student_top_inst/mem_bridge/counter_inst/cpu_clk
    SLICE_X47Y144        FDRE                                         r  student_top_inst/mem_bridge/counter_inst/cnt_gray_cpu_d1_reg[30]/C

Slack:                    inf
  Source:                 student_top_inst/mem_bridge/counter_inst/cnt_ms_bin_reg[20]/C
                            (rising edge-triggered cell FDRE clocked by clk_out1_pll  {rise@0.000ns fall@10.000ns period=20.000ns})
  Destination:            student_top_inst/mem_bridge/counter_inst/cnt_gray_cpu_d1_reg[19]/D
                            (rising edge-triggered cell FDRE clocked by clk_out2_pll  {rise@0.000ns fall@2.500ns period=5.000ns})
  Path Group:             (none)
  Path Type:              Setup (Max at Fast Process Corner)
  Data Path Delay:        0.670ns  (logic 0.156ns (23.275%)  route 0.514ns (76.725%))
  Logic Levels:           1  (LUT2=1)
  Clock Path Skew:        0.033ns (DCD - SCD + CPR)
    Destination Clock Delay (DCD):    -0.559ns
    Source Clock Delay      (SCD):    -0.591ns
    Clock Pessimism Removal (CPR):    0.000ns
  Clock Uncertainty:      0.194ns  ((TSJ^2 + DJ^2)^1/2) / 2 + PE
    Total System Jitter     (TSJ):    0.071ns
    Discrete Jitter          (DJ):    0.129ns
    Phase Error              (PE):    0.120ns
  Timing Exception:       Asynchronous Clock Groups

    Location             Delay type                Incr(ns)  Path(ns)    Netlist Resource(s)
  -------------------------------------------------------------------    -------------------
                         (clock clk_out1_pll rise edge)
                                                      0.000     0.000 r  
    AD12                                              0.000     0.000 r  i_sys_clk_p (IN)
                         net (fo=0)                   0.000     0.000    pll_inst/inst/clk_in1_p
    AD12                 IBUFDS (Prop_ibufds_I_O)     0.470     0.470 r  pll_inst/inst/clkin1_ibufgds/O
                         net (fo=1, routed)           0.553     1.023    pll_inst/inst/clk_in1_pll
    MMCME2_ADV_X1Y1      MMCME2_ADV (Prop_mmcme2_adv_CLKIN1_CLKOUT0)
                                                     -3.493    -2.470 r  pll_inst/inst/mmcm_adv_inst/CLKOUT0
                         net (fo=1, routed)           1.007    -1.463    pll_inst/inst/clk_out1_pll
    BUFGCTRL_X0Y1        BUFG (Prop_bufg_I_O)         0.030    -1.433 r  pll_inst/inst/clkout1_buf/O
                         net (fo=581, routed)         0.842    -0.591    student_top_inst/mem_bridge/counter_inst/cnt_clk
    SLICE_X47Y136        FDRE                                         r  student_top_inst/mem_bridge/counter_inst/cnt_ms_bin_reg[20]/C
  -------------------------------------------------------------------    -------------------
    SLICE_X47Y136        FDRE (Prop_fdre_C_Q)         0.124    -0.467 r  student_top_inst/mem_bridge/counter_inst/cnt_ms_bin_reg[20]/Q
                         net (fo=3, routed)           0.300    -0.168    student_top_inst/mem_bridge/counter_inst/cnt_ms_bin_reg__0[20]
    SLICE_X46Y135        LUT2 (Prop_lut2_I0_O)        0.032    -0.136 r  student_top_inst/mem_bridge/counter_inst/cnt_gray_cpu_d1[19]_i_1/O
                         net (fo=1, routed)           0.214     0.079    student_top_inst/mem_bridge/counter_inst/cnt_ms_gray[19]
    SLICE_X46Y136        FDRE                                         r  student_top_inst/mem_bridge/counter_inst/cnt_gray_cpu_d1_reg[19]/D
  -------------------------------------------------------------------    -------------------

                         (clock clk_out2_pll rise edge)
                                                      0.000     0.000 r  
    AD12                                              0.000     0.000 r  i_sys_clk_p (IN)
                         net (fo=0)                   0.000     0.000    pll_inst/inst/clk_in1_p
    AD12                 IBUFDS (Prop_ibufds_I_O)     0.388     0.388 r  pll_inst/inst/clkin1_ibufgds/O
                         net (fo=1, routed)           0.503     0.891    pll_inst/inst/clk_in1_pll
    MMCME2_ADV_X1Y1      MMCME2_ADV (Prop_mmcme2_adv_CLKIN1_CLKOUT1)
                                                     -3.040    -2.149 r  pll_inst/inst/mmcm_adv_inst/CLKOUT1
                         net (fo=1, routed)           0.940    -1.209    pll_inst/inst/clk_out2_pll
    BUFGCTRL_X0Y0        BUFG (Prop_bufg_I_O)         0.026    -1.183 r  pll_inst/inst/clkout2_buf/O
                         net (fo=12327, routed)       0.624    -0.559    student_top_inst/mem_bridge/counter_inst/cpu_clk
    SLICE_X46Y136        FDRE                                         r  student_top_inst/mem_bridge/counter_inst/cnt_gray_cpu_d1_reg[19]/C

Slack:                    inf
  Source:                 student_top_inst/mem_bridge/counter_inst/cnt_ms_bin_reg[6]/C
                            (rising edge-triggered cell FDRE clocked by clk_out1_pll  {rise@0.000ns fall@10.000ns period=20.000ns})
  Destination:            student_top_inst/mem_bridge/counter_inst/cnt_gray_cpu_d1_reg[6]/D
                            (rising edge-triggered cell FDRE clocked by clk_out2_pll  {rise@0.000ns fall@2.500ns period=5.000ns})
  Path Group:             (none)
  Path Type:              Setup (Max at Fast Process Corner)
  Data Path Delay:        0.664ns  (logic 0.159ns (23.947%)  route 0.505ns (76.053%))
  Logic Levels:           1  (LUT2=1)
  Clock Path Skew:        0.036ns (DCD - SCD + CPR)
    Destination Clock Delay (DCD):    -0.559ns
    Source Clock Delay      (SCD):    -0.594ns
    Clock Pessimism Removal (CPR):    0.000ns
  Clock Uncertainty:      0.194ns  ((TSJ^2 + DJ^2)^1/2) / 2 + PE
    Total System Jitter     (TSJ):    0.071ns
    Discrete Jitter          (DJ):    0.129ns
    Phase Error              (PE):    0.120ns
  Timing Exception:       Asynchronous Clock Groups

    Location             Delay type                Incr(ns)  Path(ns)    Netlist Resource(s)
  -------------------------------------------------------------------    -------------------
                         (clock clk_out1_pll rise edge)
                                                      0.000     0.000 r  
    AD12                                              0.000     0.000 r  i_sys_clk_p (IN)
                         net (fo=0)                   0.000     0.000    pll_inst/inst/clk_in1_p
    AD12                 IBUFDS (Prop_ibufds_I_O)     0.470     0.470 r  pll_inst/inst/clkin1_ibufgds/O
                         net (fo=1, routed)           0.553     1.023    pll_inst/inst/clk_in1_pll
    MMCME2_ADV_X1Y1      MMCME2_ADV (Prop_mmcme2_adv_CLKIN1_CLKOUT0)
                                                     -3.493    -2.470 r  pll_inst/inst/mmcm_adv_inst/CLKOUT0
                         net (fo=1, routed)           1.007    -1.463    pll_inst/inst/clk_out1_pll
    BUFGCTRL_X0Y1        BUFG (Prop_bufg_I_O)         0.030    -1.433 r  pll_inst/inst/clkout1_buf/O
                         net (fo=581, routed)         0.839    -0.594    student_top_inst/mem_bridge/counter_inst/cnt_clk
    SLICE_X47Y132        FDRE                                         r  student_top_inst/mem_bridge/counter_inst/cnt_ms_bin_reg[6]/C
  -------------------------------------------------------------------    -------------------
    SLICE_X47Y132        FDRE (Prop_fdre_C_Q)         0.124    -0.470 r  student_top_inst/mem_bridge/counter_inst/cnt_ms_bin_reg[6]/Q
                         net (fo=3, routed)           0.337    -0.134    student_top_inst/mem_bridge/counter_inst/cnt_ms_bin_reg__0[6]
    SLICE_X48Y133        LUT2 (Prop_lut2_I1_O)        0.035    -0.099 r  student_top_inst/mem_bridge/counter_inst/cnt_gray_cpu_d1[6]_i_1/O
                         net (fo=1, routed)           0.168     0.070    student_top_inst/mem_bridge/counter_inst/cnt_ms_gray[6]
    SLICE_X49Y135        FDRE                                         r  student_top_inst/mem_bridge/counter_inst/cnt_gray_cpu_d1_reg[6]/D
  -------------------------------------------------------------------    -------------------

                         (clock clk_out2_pll rise edge)
                                                      0.000     0.000 r  
    AD12                                              0.000     0.000 r  i_sys_clk_p (IN)
                         net (fo=0)                   0.000     0.000    pll_inst/inst/clk_in1_p
    AD12                 IBUFDS (Prop_ibufds_I_O)     0.388     0.388 r  pll_inst/inst/clkin1_ibufgds/O
                         net (fo=1, routed)           0.503     0.891    pll_inst/inst/clk_in1_pll
    MMCME2_ADV_X1Y1      MMCME2_ADV (Prop_mmcme2_adv_CLKIN1_CLKOUT1)
                                                     -3.040    -2.149 r  pll_inst/inst/mmcm_adv_inst/CLKOUT1
                         net (fo=1, routed)           0.940    -1.209    pll_inst/inst/clk_out2_pll
    BUFGCTRL_X0Y0        BUFG (Prop_bufg_I_O)         0.026    -1.183 r  pll_inst/inst/clkout2_buf/O
                         net (fo=12327, routed)       0.624    -0.559    student_top_inst/mem_bridge/counter_inst/cpu_clk
    SLICE_X49Y135        FDRE                                         r  student_top_inst/mem_bridge/counter_inst/cnt_gray_cpu_d1_reg[6]/C

Slack:                    inf
  Source:                 student_top_inst/mem_bridge/counter_inst/cnt_ms_bin_reg[18]/C
                            (rising edge-triggered cell FDRE clocked by clk_out1_pll  {rise@0.000ns fall@10.000ns period=20.000ns})
  Destination:            student_top_inst/mem_bridge/counter_inst/cnt_gray_cpu_d1_reg[17]/D
                            (rising edge-triggered cell FDRE clocked by clk_out2_pll  {rise@0.000ns fall@2.500ns period=5.000ns})
  Path Group:             (none)
  Path Type:              Setup (Max at Fast Process Corner)
  Data Path Delay:        0.659ns  (logic 0.161ns (24.416%)  route 0.498ns (75.584%))
  Logic Levels:           1  (LUT2=1)
  Clock Path Skew:        0.033ns (DCD - SCD + CPR)
    Destination Clock Delay (DCD):    -0.559ns
    Source Clock Delay      (SCD):    -0.591ns
    Clock Pessimism Removal (CPR):    0.000ns
  Clock Uncertainty:      0.194ns  ((TSJ^2 + DJ^2)^1/2) / 2 + PE
    Total System Jitter     (TSJ):    0.071ns
    Discrete Jitter          (DJ):    0.129ns
    Phase Error              (PE):    0.120ns
  Timing Exception:       Asynchronous Clock Groups

    Location             Delay type                Incr(ns)  Path(ns)    Netlist Resource(s)
  -------------------------------------------------------------------    -------------------
                         (clock clk_out1_pll rise edge)
                                                      0.000     0.000 r  
    AD12                                              0.000     0.000 r  i_sys_clk_p (IN)
                         net (fo=0)                   0.000     0.000    pll_inst/inst/clk_in1_p
    AD12                 IBUFDS (Prop_ibufds_I_O)     0.470     0.470 r  pll_inst/inst/clkin1_ibufgds/O
                         net (fo=1, routed)           0.553     1.023    pll_inst/inst/clk_in1_pll
    MMCME2_ADV_X1Y1      MMCME2_ADV (Prop_mmcme2_adv_CLKIN1_CLKOUT0)
                                                     -3.493    -2.470 r  pll_inst/inst/mmcm_adv_inst/CLKOUT0
                         net (fo=1, routed)           1.007    -1.463    pll_inst/inst/clk_out1_pll
    BUFGCTRL_X0Y1        BUFG (Prop_bufg_I_O)         0.030    -1.433 r  pll_inst/inst/clkout1_buf/O
                         net (fo=581, routed)         0.842    -0.591    student_top_inst/mem_bridge/counter_inst/cnt_clk
    SLICE_X47Y135        FDRE                                         r  student_top_inst/mem_bridge/counter_inst/cnt_ms_bin_reg[18]/C
  -------------------------------------------------------------------    -------------------
    SLICE_X47Y135        FDRE (Prop_fdre_C_Q)         0.124    -0.467 r  student_top_inst/mem_bridge/counter_inst/cnt_ms_bin_reg[18]/Q
                         net (fo=3, routed)           0.310    -0.158    student_top_inst/mem_bridge/counter_inst/cnt_ms_bin_reg__0[18]
    SLICE_X46Y135        LUT2 (Prop_lut2_I0_O)        0.037    -0.121 r  student_top_inst/mem_bridge/counter_inst/cnt_gray_cpu_d1[17]_i_1/O
                         net (fo=1, routed)           0.189     0.068    student_top_inst/mem_bridge/counter_inst/cnt_ms_gray[17]
    SLICE_X46Y135        FDRE                                         r  student_top_inst/mem_bridge/counter_inst/cnt_gray_cpu_d1_reg[17]/D
  -------------------------------------------------------------------    -------------------

                         (clock clk_out2_pll rise edge)
                                                      0.000     0.000 r  
    AD12                                              0.000     0.000 r  i_sys_clk_p (IN)
                         net (fo=0)                   0.000     0.000    pll_inst/inst/clk_in1_p
    AD12                 IBUFDS (Prop_ibufds_I_O)     0.388     0.388 r  pll_inst/inst/clkin1_ibufgds/O
                         net (fo=1, routed)           0.503     0.891    pll_inst/inst/clk_in1_pll
    MMCME2_ADV_X1Y1      MMCME2_ADV (Prop_mmcme2_adv_CLKIN1_CLKOUT1)
                                                     -3.040    -2.149 r  pll_inst/inst/mmcm_adv_inst/CLKOUT1
                         net (fo=1, routed)           0.940    -1.209    pll_inst/inst/clk_out2_pll
    BUFGCTRL_X0Y0        BUFG (Prop_bufg_I_O)         0.026    -1.183 r  pll_inst/inst/clkout2_buf/O
                         net (fo=12327, routed)       0.624    -0.559    student_top_inst/mem_bridge/counter_inst/cpu_clk
    SLICE_X46Y135        FDRE                                         r  student_top_inst/mem_bridge/counter_inst/cnt_gray_cpu_d1_reg[17]/C

Slack:                    inf
  Source:                 student_top_inst/mem_bridge/counter_inst/cnt_ms_bin_reg[14]/C
                            (rising edge-triggered cell FDRE clocked by clk_out1_pll  {rise@0.000ns fall@10.000ns period=20.000ns})
  Destination:            student_top_inst/mem_bridge/counter_inst/cnt_gray_cpu_d1_reg[13]/D
                            (rising edge-triggered cell FDRE clocked by clk_out2_pll  {rise@0.000ns fall@2.500ns period=5.000ns})
  Path Group:             (none)
  Path Type:              Setup (Max at Fast Process Corner)
  Data Path Delay:        0.638ns  (logic 0.157ns (24.613%)  route 0.481ns (75.387%))
  Logic Levels:           1  (LUT2=1)
  Clock Path Skew:        0.036ns (DCD - SCD + CPR)
    Destination Clock Delay (DCD):    -0.557ns
    Source Clock Delay      (SCD):    -0.592ns
    Clock Pessimism Removal (CPR):    0.000ns
  Clock Uncertainty:      0.194ns  ((TSJ^2 + DJ^2)^1/2) / 2 + PE
    Total System Jitter     (TSJ):    0.071ns
    Discrete Jitter          (DJ):    0.129ns
    Phase Error              (PE):    0.120ns
  Timing Exception:       Asynchronous Clock Groups

    Location             Delay type                Incr(ns)  Path(ns)    Netlist Resource(s)
  -------------------------------------------------------------------    -------------------
                         (clock clk_out1_pll rise edge)
                                                      0.000     0.000 r  
    AD12                                              0.000     0.000 r  i_sys_clk_p (IN)
                         net (fo=0)                   0.000     0.000    pll_inst/inst/clk_in1_p
    AD12                 IBUFDS (Prop_ibufds_I_O)     0.470     0.470 r  pll_inst/inst/clkin1_ibufgds/O
                         net (fo=1, routed)           0.553     1.023    pll_inst/inst/clk_in1_pll
    MMCME2_ADV_X1Y1      MMCME2_ADV (Prop_mmcme2_adv_CLKIN1_CLKOUT0)
                                                     -3.493    -2.470 r  pll_inst/inst/mmcm_adv_inst/CLKOUT0
                         net (fo=1, routed)           1.007    -1.463    pll_inst/inst/clk_out1_pll
    BUFGCTRL_X0Y1        BUFG (Prop_bufg_I_O)         0.030    -1.433 r  pll_inst/inst/clkout1_buf/O
                         net (fo=581, routed)         0.841    -0.592    student_top_inst/mem_bridge/counter_inst/cnt_clk
    SLICE_X47Y134        FDRE                                         r  student_top_inst/mem_bridge/counter_inst/cnt_ms_bin_reg[14]/C
  -------------------------------------------------------------------    -------------------
    SLICE_X47Y134        FDRE (Prop_fdre_C_Q)         0.124    -0.468 r  student_top_inst/mem_bridge/counter_inst/cnt_ms_bin_reg[14]/Q
                         net (fo=3, routed)           0.308    -0.161    student_top_inst/mem_bridge/counter_inst/cnt_ms_bin_reg__0[14]
    SLICE_X46Y134        LUT2 (Prop_lut2_I0_O)        0.033    -0.128 r  student_top_inst/mem_bridge/counter_inst/cnt_gray_cpu_d1[13]_i_1/O
                         net (fo=1, routed)           0.173     0.046    student_top_inst/mem_bridge/counter_inst/cnt_ms_gray[13]
    SLICE_X45Y136        FDRE                                         r  student_top_inst/mem_bridge/counter_inst/cnt_gray_cpu_d1_reg[13]/D
  -------------------------------------------------------------------    -------------------

                         (clock clk_out2_pll rise edge)
                                                      0.000     0.000 r  
    AD12                                              0.000     0.000 r  i_sys_clk_p (IN)
                         net (fo=0)                   0.000     0.000    pll_inst/inst/clk_in1_p
    AD12                 IBUFDS (Prop_ibufds_I_O)     0.388     0.388 r  pll_inst/inst/clkin1_ibufgds/O
                         net (fo=1, routed)           0.503     0.891    pll_inst/inst/clk_in1_pll
    MMCME2_ADV_X1Y1      MMCME2_ADV (Prop_mmcme2_adv_CLKIN1_CLKOUT1)
                                                     -3.040    -2.149 r  pll_inst/inst/mmcm_adv_inst/CLKOUT1
                         net (fo=1, routed)           0.940    -1.209    pll_inst/inst/clk_out2_pll
    BUFGCTRL_X0Y0        BUFG (Prop_bufg_I_O)         0.026    -1.183 r  pll_inst/inst/clkout2_buf/O
                         net (fo=12327, routed)       0.626    -0.557    student_top_inst/mem_bridge/counter_inst/cpu_clk
    SLICE_X45Y136        FDRE                                         r  student_top_inst/mem_bridge/counter_inst/cnt_gray_cpu_d1_reg[13]/C

Slack:                    inf
  Source:                 student_top_inst/mem_bridge/counter_inst/cnt_ms_bin_reg[11]/C
                            (rising edge-triggered cell FDRE clocked by clk_out1_pll  {rise@0.000ns fall@10.000ns period=20.000ns})
  Destination:            student_top_inst/mem_bridge/counter_inst/cnt_gray_cpu_d1_reg[11]/D
                            (rising edge-triggered cell FDRE clocked by clk_out2_pll  {rise@0.000ns fall@2.500ns period=5.000ns})
  Path Group:             (none)
  Path Type:              Setup (Max at Fast Process Corner)
  Data Path Delay:        0.632ns  (logic 0.156ns (24.692%)  route 0.476ns (75.308%))
  Logic Levels:           1  (LUT2=1)
  Clock Path Skew:        0.034ns (DCD - SCD + CPR)
    Destination Clock Delay (DCD):    -0.560ns
    Source Clock Delay      (SCD):    -0.593ns
    Clock Pessimism Removal (CPR):    0.000ns
  Clock Uncertainty:      0.194ns  ((TSJ^2 + DJ^2)^1/2) / 2 + PE
    Total System Jitter     (TSJ):    0.071ns
    Discrete Jitter          (DJ):    0.129ns
    Phase Error              (PE):    0.120ns
  Timing Exception:       Asynchronous Clock Groups

    Location             Delay type                Incr(ns)  Path(ns)    Netlist Resource(s)
  -------------------------------------------------------------------    -------------------
                         (clock clk_out1_pll rise edge)
                                                      0.000     0.000 r  
    AD12                                              0.000     0.000 r  i_sys_clk_p (IN)
                         net (fo=0)                   0.000     0.000    pll_inst/inst/clk_in1_p
    AD12                 IBUFDS (Prop_ibufds_I_O)     0.470     0.470 r  pll_inst/inst/clkin1_ibufgds/O
                         net (fo=1, routed)           0.553     1.023    pll_inst/inst/clk_in1_pll
    MMCME2_ADV_X1Y1      MMCME2_ADV (Prop_mmcme2_adv_CLKIN1_CLKOUT0)
                                                     -3.493    -2.470 r  pll_inst/inst/mmcm_adv_inst/CLKOUT0
                         net (fo=1, routed)           1.007    -1.463    pll_inst/inst/clk_out1_pll
    BUFGCTRL_X0Y1        BUFG (Prop_bufg_I_O)         0.030    -1.433 r  pll_inst/inst/clkout1_buf/O
                         net (fo=581, routed)         0.840    -0.593    student_top_inst/mem_bridge/counter_inst/cnt_clk
    SLICE_X47Y133        FDRE                                         r  student_top_inst/mem_bridge/counter_inst/cnt_ms_bin_reg[11]/C
  -------------------------------------------------------------------    -------------------
    SLICE_X47Y133        FDRE (Prop_fdre_C_Q)         0.124    -0.469 r  student_top_inst/mem_bridge/counter_inst/cnt_ms_bin_reg[11]/Q
                         net (fo=3, routed)           0.245    -0.224    student_top_inst/mem_bridge/counter_inst/cnt_ms_bin_reg__0[11]
    SLICE_X46Y133        LUT2 (Prop_lut2_I1_O)        0.032    -0.192 r  student_top_inst/mem_bridge/counter_inst/cnt_gray_cpu_d1[11]_i_1/O
                         net (fo=1, routed)           0.231     0.038    student_top_inst/mem_bridge/counter_inst/cnt_ms_gray[11]
    SLICE_X46Y133        FDRE                                         r  student_top_inst/mem_bridge/counter_inst/cnt_gray_cpu_d1_reg[11]/D
  -------------------------------------------------------------------    -------------------

                         (clock clk_out2_pll rise edge)
                                                      0.000     0.000 r  
    AD12                                              0.000     0.000 r  i_sys_clk_p (IN)
                         net (fo=0)                   0.000     0.000    pll_inst/inst/clk_in1_p
    AD12                 IBUFDS (Prop_ibufds_I_O)     0.388     0.388 r  pll_inst/inst/clkin1_ibufgds/O
                         net (fo=1, routed)           0.503     0.891    pll_inst/inst/clk_in1_pll
    MMCME2_ADV_X1Y1      MMCME2_ADV (Prop_mmcme2_adv_CLKIN1_CLKOUT1)
                                                     -3.040    -2.149 r  pll_inst/inst/mmcm_adv_inst/CLKOUT1
                         net (fo=1, routed)           0.940    -1.209    pll_inst/inst/clk_out2_pll
    BUFGCTRL_X0Y0        BUFG (Prop_bufg_I_O)         0.026    -1.183 r  pll_inst/inst/clkout2_buf/O
                         net (fo=12327, routed)       0.623    -0.560    student_top_inst/mem_bridge/counter_inst/cpu_clk
    SLICE_X46Y133        FDRE                                         r  student_top_inst/mem_bridge/counter_inst/cnt_gray_cpu_d1_reg[11]/C

Slack:                    inf
  Source:                 twin_controller_inst/sw_reg[60]/C
                            (rising edge-triggered cell FDCE clocked by clk_out1_pll  {rise@0.000ns fall@10.000ns period=20.000ns})
  Destination:            student_top_inst/virtual_sw_cpu_d1_reg[60]/D
                            (rising edge-triggered cell FDRE clocked by clk_out2_pll  {rise@0.000ns fall@2.500ns period=5.000ns})
  Path Group:             (none)
  Path Type:              Setup (Max at Fast Process Corner)
  Data Path Delay:        0.626ns  (logic 0.124ns (19.804%)  route 0.502ns (80.196%))
  Logic Levels:           0  
  Clock Path Skew:        0.036ns (DCD - SCD + CPR)
    Destination Clock Delay (DCD):    -0.555ns
    Source Clock Delay      (SCD):    -0.590ns
    Clock Pessimism Removal (CPR):    0.000ns
  Clock Uncertainty:      0.194ns  ((TSJ^2 + DJ^2)^1/2) / 2 + PE
    Total System Jitter     (TSJ):    0.071ns
    Discrete Jitter          (DJ):    0.129ns
    Phase Error              (PE):    0.120ns
  Timing Exception:       Asynchronous Clock Groups

    Location             Delay type                Incr(ns)  Path(ns)    Netlist Resource(s)
  -------------------------------------------------------------------    -------------------
                         (clock clk_out1_pll rise edge)
                                                      0.000     0.000 r  
    AD12                                              0.000     0.000 r  i_sys_clk_p (IN)
                         net (fo=0)                   0.000     0.000    pll_inst/inst/clk_in1_p
    AD12                 IBUFDS (Prop_ibufds_I_O)     0.470     0.470 r  pll_inst/inst/clkin1_ibufgds/O
                         net (fo=1, routed)           0.553     1.023    pll_inst/inst/clk_in1_pll
    MMCME2_ADV_X1Y1      MMCME2_ADV (Prop_mmcme2_adv_CLKIN1_CLKOUT0)
                                                     -3.493    -2.470 r  pll_inst/inst/mmcm_adv_inst/CLKOUT0
                         net (fo=1, routed)           1.007    -1.463    pll_inst/inst/clk_out1_pll
    BUFGCTRL_X0Y1        BUFG (Prop_bufg_I_O)         0.030    -1.433 r  pll_inst/inst/clkout1_buf/O
                         net (fo=581, routed)         0.843    -0.590    twin_controller_inst/clk
    SLICE_X45Y134        FDCE                                         r  twin_controller_inst/sw_reg[60]/C
  -------------------------------------------------------------------    -------------------
    SLICE_X45Y134        FDCE (Prop_fdce_C_Q)         0.124    -0.466 r  twin_controller_inst/sw_reg[60]/Q
                         net (fo=3, routed)           0.502     0.036    student_top_inst/virtual_sw[60]
    SLICE_X47Y145        FDRE                                         r  student_top_inst/virtual_sw_cpu_d1_reg[60]/D
  -------------------------------------------------------------------    -------------------

                         (clock clk_out2_pll rise edge)
                                                      0.000     0.000 r  
    AD12                                              0.000     0.000 r  i_sys_clk_p (IN)
                         net (fo=0)                   0.000     0.000    pll_inst/inst/clk_in1_p
    AD12                 IBUFDS (Prop_ibufds_I_O)     0.388     0.388 r  pll_inst/inst/clkin1_ibufgds/O
                         net (fo=1, routed)           0.503     0.891    pll_inst/inst/clk_in1_pll
    MMCME2_ADV_X1Y1      MMCME2_ADV (Prop_mmcme2_adv_CLKIN1_CLKOUT1)
                                                     -3.040    -2.149 r  pll_inst/inst/mmcm_adv_inst/CLKOUT1
                         net (fo=1, routed)           0.940    -1.209    pll_inst/inst/clk_out2_pll
    BUFGCTRL_X0Y0        BUFG (Prop_bufg_I_O)         0.026    -1.183 r  pll_inst/inst/clkout2_buf/O
                         net (fo=12327, routed)       0.628    -0.555    student_top_inst/w_cpu_clk
    SLICE_X47Y145        FDRE                                         r  student_top_inst/virtual_sw_cpu_d1_reg[60]/C

Slack:                    inf
  Source:                 student_top_inst/mem_bridge/counter_inst/cnt_ms_bin_reg[14]/C
                            (rising edge-triggered cell FDRE clocked by clk_out1_pll  {rise@0.000ns fall@10.000ns period=20.000ns})
  Destination:            student_top_inst/mem_bridge/counter_inst/cnt_gray_cpu_d1_reg[14]/D
                            (rising edge-triggered cell FDRE clocked by clk_out2_pll  {rise@0.000ns fall@2.500ns period=5.000ns})
  Path Group:             (none)
  Path Type:              Setup (Max at Fast Process Corner)
  Data Path Delay:        0.627ns  (logic 0.159ns (25.359%)  route 0.468ns (74.641%))
  Logic Levels:           1  (LUT2=1)
  Clock Path Skew:        0.034ns (DCD - SCD + CPR)
    Destination Clock Delay (DCD):    -0.559ns
    Source Clock Delay      (SCD):    -0.592ns
    Clock Pessimism Removal (CPR):    0.000ns
  Clock Uncertainty:      0.194ns  ((TSJ^2 + DJ^2)^1/2) / 2 + PE
    Total System Jitter     (TSJ):    0.071ns
    Discrete Jitter          (DJ):    0.129ns
    Phase Error              (PE):    0.120ns
  Timing Exception:       Asynchronous Clock Groups

    Location             Delay type                Incr(ns)  Path(ns)    Netlist Resource(s)
  -------------------------------------------------------------------    -------------------
                         (clock clk_out1_pll rise edge)
                                                      0.000     0.000 r  
    AD12                                              0.000     0.000 r  i_sys_clk_p (IN)
                         net (fo=0)                   0.000     0.000    pll_inst/inst/clk_in1_p
    AD12                 IBUFDS (Prop_ibufds_I_O)     0.470     0.470 r  pll_inst/inst/clkin1_ibufgds/O
                         net (fo=1, routed)           0.553     1.023    pll_inst/inst/clk_in1_pll
    MMCME2_ADV_X1Y1      MMCME2_ADV (Prop_mmcme2_adv_CLKIN1_CLKOUT0)
                                                     -3.493    -2.470 r  pll_inst/inst/mmcm_adv_inst/CLKOUT0
                         net (fo=1, routed)           1.007    -1.463    pll_inst/inst/clk_out1_pll
    BUFGCTRL_X0Y1        BUFG (Prop_bufg_I_O)         0.030    -1.433 r  pll_inst/inst/clkout1_buf/O
                         net (fo=581, routed)         0.841    -0.592    student_top_inst/mem_bridge/counter_inst/cnt_clk
    SLICE_X47Y134        FDRE                                         r  student_top_inst/mem_bridge/counter_inst/cnt_ms_bin_reg[14]/C
  -------------------------------------------------------------------    -------------------
    SLICE_X47Y134        FDRE (Prop_fdre_C_Q)         0.124    -0.468 r  student_top_inst/mem_bridge/counter_inst/cnt_ms_bin_reg[14]/Q
                         net (fo=3, routed)           0.288    -0.181    student_top_inst/mem_bridge/counter_inst/cnt_ms_bin_reg__0[14]
    SLICE_X46Y135        LUT2 (Prop_lut2_I1_O)        0.035    -0.146 r  student_top_inst/mem_bridge/counter_inst/cnt_gray_cpu_d1[14]_i_1/O
                         net (fo=1, routed)           0.180     0.035    student_top_inst/mem_bridge/counter_inst/cnt_ms_gray[14]
    SLICE_X48Y136        FDRE                                         r  student_top_inst/mem_bridge/counter_inst/cnt_gray_cpu_d1_reg[14]/D
  -------------------------------------------------------------------    -------------------

                         (clock clk_out2_pll rise edge)
                                                      0.000     0.000 r  
    AD12                                              0.000     0.000 r  i_sys_clk_p (IN)
                         net (fo=0)                   0.000     0.000    pll_inst/inst/clk_in1_p
    AD12                 IBUFDS (Prop_ibufds_I_O)     0.388     0.388 r  pll_inst/inst/clkin1_ibufgds/O
                         net (fo=1, routed)           0.503     0.891    pll_inst/inst/clk_in1_pll
    MMCME2_ADV_X1Y1      MMCME2_ADV (Prop_mmcme2_adv_CLKIN1_CLKOUT1)
                                                     -3.040    -2.149 r  pll_inst/inst/mmcm_adv_inst/CLKOUT1
                         net (fo=1, routed)           0.940    -1.209    pll_inst/inst/clk_out2_pll
    BUFGCTRL_X0Y0        BUFG (Prop_bufg_I_O)         0.026    -1.183 r  pll_inst/inst/clkout2_buf/O
                         net (fo=12327, routed)       0.624    -0.559    student_top_inst/mem_bridge/counter_inst/cpu_clk
    SLICE_X48Y136        FDRE                                         r  student_top_inst/mem_bridge/counter_inst/cnt_gray_cpu_d1_reg[14]/C

Slack:                    inf
  Source:                 twin_controller_inst/sw_reg[30]/C
                            (rising edge-triggered cell FDCE clocked by clk_out1_pll  {rise@0.000ns fall@10.000ns period=20.000ns})
  Destination:            student_top_inst/virtual_sw_cpu_d1_reg[30]/D
                            (rising edge-triggered cell FDRE clocked by clk_out2_pll  {rise@0.000ns fall@2.500ns period=5.000ns})
  Path Group:             (none)
  Path Type:              Setup (Max at Fast Process Corner)
  Data Path Delay:        0.625ns  (logic 0.124ns (19.843%)  route 0.501ns (80.157%))
  Logic Levels:           0  
  Clock Path Skew:        0.036ns (DCD - SCD + CPR)
    Destination Clock Delay (DCD):    -0.555ns
    Source Clock Delay      (SCD):    -0.590ns
    Clock Pessimism Removal (CPR):    0.000ns
  Clock Uncertainty:      0.194ns  ((TSJ^2 + DJ^2)^1/2) / 2 + PE
    Total System Jitter     (TSJ):    0.071ns
    Discrete Jitter          (DJ):    0.129ns
    Phase Error              (PE):    0.120ns
  Timing Exception:       Asynchronous Clock Groups

    Location             Delay type                Incr(ns)  Path(ns)    Netlist Resource(s)
  -------------------------------------------------------------------    -------------------
                         (clock clk_out1_pll rise edge)
                                                      0.000     0.000 r  
    AD12                                              0.000     0.000 r  i_sys_clk_p (IN)
                         net (fo=0)                   0.000     0.000    pll_inst/inst/clk_in1_p
    AD12                 IBUFDS (Prop_ibufds_I_O)     0.470     0.470 r  pll_inst/inst/clkin1_ibufgds/O
                         net (fo=1, routed)           0.553     1.023    pll_inst/inst/clk_in1_pll
    MMCME2_ADV_X1Y1      MMCME2_ADV (Prop_mmcme2_adv_CLKIN1_CLKOUT0)
                                                     -3.493    -2.470 r  pll_inst/inst/mmcm_adv_inst/CLKOUT0
                         net (fo=1, routed)           1.007    -1.463    pll_inst/inst/clk_out1_pll
    BUFGCTRL_X0Y1        BUFG (Prop_bufg_I_O)         0.030    -1.433 r  pll_inst/inst/clkout1_buf/O
                         net (fo=581, routed)         0.843    -0.590    twin_controller_inst/clk
    SLICE_X45Y134        FDCE                                         r  twin_controller_inst/sw_reg[30]/C
  -------------------------------------------------------------------    -------------------
    SLICE_X45Y134        FDCE (Prop_fdce_C_Q)         0.124    -0.466 r  twin_controller_inst/sw_reg[30]/Q
                         net (fo=3, routed)           0.501     0.035    student_top_inst/virtual_sw[30]
    SLICE_X45Y139        FDRE                                         r  student_top_inst/virtual_sw_cpu_d1_reg[30]/D
  -------------------------------------------------------------------    -------------------

                         (clock clk_out2_pll rise edge)
                                                      0.000     0.000 r  
    AD12                                              0.000     0.000 r  i_sys_clk_p (IN)
                         net (fo=0)                   0.000     0.000    pll_inst/inst/clk_in1_p
    AD12                 IBUFDS (Prop_ibufds_I_O)     0.388     0.388 r  pll_inst/inst/clkin1_ibufgds/O
                         net (fo=1, routed)           0.503     0.891    pll_inst/inst/clk_in1_pll
    MMCME2_ADV_X1Y1      MMCME2_ADV (Prop_mmcme2_adv_CLKIN1_CLKOUT1)
                                                     -3.040    -2.149 r  pll_inst/inst/mmcm_adv_inst/CLKOUT1
                         net (fo=1, routed)           0.940    -1.209    pll_inst/inst/clk_out2_pll
    BUFGCTRL_X0Y0        BUFG (Prop_bufg_I_O)         0.026    -1.183 r  pll_inst/inst/clkout2_buf/O
                         net (fo=12327, routed)       0.628    -0.555    student_top_inst/w_cpu_clk
    SLICE_X45Y139        FDRE                                         r  student_top_inst/virtual_sw_cpu_d1_reg[30]/C

Slack:                    inf
  Source:                 twin_controller_inst/sw_reg[15]/C
                            (rising edge-triggered cell FDCE clocked by clk_out1_pll  {rise@0.000ns fall@10.000ns period=20.000ns})
  Destination:            student_top_inst/virtual_sw_cpu_d1_reg[15]/D
                            (rising edge-triggered cell FDRE clocked by clk_out2_pll  {rise@0.000ns fall@2.500ns period=5.000ns})
  Path Group:             (none)
  Path Type:              Setup (Max at Fast Process Corner)
  Data Path Delay:        0.627ns  (logic 0.124ns (19.770%)  route 0.503ns (80.230%))
  Logic Levels:           0  
  Clock Path Skew:        0.041ns (DCD - SCD + CPR)
    Destination Clock Delay (DCD):    -0.554ns
    Source Clock Delay      (SCD):    -0.594ns
    Clock Pessimism Removal (CPR):    0.000ns
  Clock Uncertainty:      0.194ns  ((TSJ^2 + DJ^2)^1/2) / 2 + PE
    Total System Jitter     (TSJ):    0.071ns
    Discrete Jitter          (DJ):    0.129ns
    Phase Error              (PE):    0.120ns
  Timing Exception:       Asynchronous Clock Groups

    Location             Delay type                Incr(ns)  Path(ns)    Netlist Resource(s)
  -------------------------------------------------------------------    -------------------
                         (clock clk_out1_pll rise edge)
                                                      0.000     0.000 r  
    AD12                                              0.000     0.000 r  i_sys_clk_p (IN)
                         net (fo=0)                   0.000     0.000    pll_inst/inst/clk_in1_p
    AD12                 IBUFDS (Prop_ibufds_I_O)     0.470     0.470 r  pll_inst/inst/clkin1_ibufgds/O
                         net (fo=1, routed)           0.553     1.023    pll_inst/inst/clk_in1_pll
    MMCME2_ADV_X1Y1      MMCME2_ADV (Prop_mmcme2_adv_CLKIN1_CLKOUT0)
                                                     -3.493    -2.470 r  pll_inst/inst/mmcm_adv_inst/CLKOUT0
                         net (fo=1, routed)           1.007    -1.463    pll_inst/inst/clk_out1_pll
    BUFGCTRL_X0Y1        BUFG (Prop_bufg_I_O)         0.030    -1.433 r  pll_inst/inst/clkout1_buf/O
                         net (fo=581, routed)         0.839    -0.594    twin_controller_inst/clk
    SLICE_X44Y130        FDCE                                         r  twin_controller_inst/sw_reg[15]/C
  -------------------------------------------------------------------    -------------------
    SLICE_X44Y130        FDCE (Prop_fdce_C_Q)         0.124    -0.470 r  twin_controller_inst/sw_reg[15]/Q
                         net (fo=3, routed)           0.503     0.033    student_top_inst/virtual_sw[15]
    SLICE_X44Y142        FDRE                                         r  student_top_inst/virtual_sw_cpu_d1_reg[15]/D
  -------------------------------------------------------------------    -------------------

                         (clock clk_out2_pll rise edge)
                                                      0.000     0.000 r  
    AD12                                              0.000     0.000 r  i_sys_clk_p (IN)
                         net (fo=0)                   0.000     0.000    pll_inst/inst/clk_in1_p
    AD12                 IBUFDS (Prop_ibufds_I_O)     0.388     0.388 r  pll_inst/inst/clkin1_ibufgds/O
                         net (fo=1, routed)           0.503     0.891    pll_inst/inst/clk_in1_pll
    MMCME2_ADV_X1Y1      MMCME2_ADV (Prop_mmcme2_adv_CLKIN1_CLKOUT1)
                                                     -3.040    -2.149 r  pll_inst/inst/mmcm_adv_inst/CLKOUT1
                         net (fo=1, routed)           0.940    -1.209    pll_inst/inst/clk_out2_pll
    BUFGCTRL_X0Y0        BUFG (Prop_bufg_I_O)         0.026    -1.183 r  pll_inst/inst/clkout2_buf/O
                         net (fo=12327, routed)       0.629    -0.554    student_top_inst/w_cpu_clk
    SLICE_X44Y142        FDRE                                         r  student_top_inst/virtual_sw_cpu_d1_reg[15]/C

Slack:                    inf
  Source:                 student_top_inst/mem_bridge/counter_inst/cnt_ms_bin_reg[6]/C
                            (rising edge-triggered cell FDRE clocked by clk_out1_pll  {rise@0.000ns fall@10.000ns period=20.000ns})
  Destination:            student_top_inst/mem_bridge/counter_inst/cnt_gray_cpu_d1_reg[5]/D
                            (rising edge-triggered cell FDRE clocked by clk_out2_pll  {rise@0.000ns fall@2.500ns period=5.000ns})
  Path Group:             (none)
  Path Type:              Setup (Max at Fast Process Corner)
  Data Path Delay:        0.620ns  (logic 0.165ns (26.596%)  route 0.455ns (73.404%))
  Logic Levels:           1  (LUT2=1)
  Clock Path Skew:        0.036ns (DCD - SCD + CPR)
    Destination Clock Delay (DCD):    -0.559ns
    Source Clock Delay      (SCD):    -0.594ns
    Clock Pessimism Removal (CPR):    0.000ns
  Clock Uncertainty:      0.194ns  ((TSJ^2 + DJ^2)^1/2) / 2 + PE
    Total System Jitter     (TSJ):    0.071ns
    Discrete Jitter          (DJ):    0.129ns
    Phase Error              (PE):    0.120ns
  Timing Exception:       Asynchronous Clock Groups

    Location             Delay type                Incr(ns)  Path(ns)    Netlist Resource(s)
  -------------------------------------------------------------------    -------------------
                         (clock clk_out1_pll rise edge)
                                                      0.000     0.000 r  
    AD12                                              0.000     0.000 r  i_sys_clk_p (IN)
                         net (fo=0)                   0.000     0.000    pll_inst/inst/clk_in1_p
    AD12                 IBUFDS (Prop_ibufds_I_O)     0.470     0.470 r  pll_inst/inst/clkin1_ibufgds/O
                         net (fo=1, routed)           0.553     1.023    pll_inst/inst/clk_in1_pll
    MMCME2_ADV_X1Y1      MMCME2_ADV (Prop_mmcme2_adv_CLKIN1_CLKOUT0)
                                                     -3.493    -2.470 r  pll_inst/inst/mmcm_adv_inst/CLKOUT0
                         net (fo=1, routed)           1.007    -1.463    pll_inst/inst/clk_out1_pll
    BUFGCTRL_X0Y1        BUFG (Prop_bufg_I_O)         0.030    -1.433 r  pll_inst/inst/clkout1_buf/O
                         net (fo=581, routed)         0.839    -0.594    student_top_inst/mem_bridge/counter_inst/cnt_clk
    SLICE_X47Y132        FDRE                                         r  student_top_inst/mem_bridge/counter_inst/cnt_ms_bin_reg[6]/C
  -------------------------------------------------------------------    -------------------
    SLICE_X47Y132        FDRE (Prop_fdre_C_Q)         0.124    -0.470 r  student_top_inst/mem_bridge/counter_inst/cnt_ms_bin_reg[6]/Q
                         net (fo=3, routed)           0.288    -0.182    student_top_inst/mem_bridge/counter_inst/cnt_ms_bin_reg__0[6]
    SLICE_X48Y132        LUT2 (Prop_lut2_I0_O)        0.041    -0.141 r  student_top_inst/mem_bridge/counter_inst/cnt_gray_cpu_d1[5]_i_1/O
                         net (fo=1, routed)           0.167     0.026    student_top_inst/mem_bridge/counter_inst/cnt_ms_gray[5]
    SLICE_X48Y134        FDRE                                         r  student_top_inst/mem_bridge/counter_inst/cnt_gray_cpu_d1_reg[5]/D
  -------------------------------------------------------------------    -------------------

                         (clock clk_out2_pll rise edge)
                                                      0.000     0.000 r  
    AD12                                              0.000     0.000 r  i_sys_clk_p (IN)
                         net (fo=0)                   0.000     0.000    pll_inst/inst/clk_in1_p
    AD12                 IBUFDS (Prop_ibufds_I_O)     0.388     0.388 r  pll_inst/inst/clkin1_ibufgds/O
                         net (fo=1, routed)           0.503     0.891    pll_inst/inst/clk_in1_pll
    MMCME2_ADV_X1Y1      MMCME2_ADV (Prop_mmcme2_adv_CLKIN1_CLKOUT1)
                                                     -3.040    -2.149 r  pll_inst/inst/mmcm_adv_inst/CLKOUT1
                         net (fo=1, routed)           0.940    -1.209    pll_inst/inst/clk_out2_pll
    BUFGCTRL_X0Y0        BUFG (Prop_bufg_I_O)         0.026    -1.183 r  pll_inst/inst/clkout2_buf/O
                         net (fo=12327, routed)       0.624    -0.559    student_top_inst/mem_bridge/counter_inst/cpu_clk
    SLICE_X48Y134        FDRE                                         r  student_top_inst/mem_bridge/counter_inst/cnt_gray_cpu_d1_reg[5]/C

Slack:                    inf
  Source:                 student_top_inst/mem_bridge/counter_inst/cnt_ms_bin_reg[1]/C
                            (rising edge-triggered cell FDRE clocked by clk_out1_pll  {rise@0.000ns fall@10.000ns period=20.000ns})
  Destination:            student_top_inst/mem_bridge/counter_inst/cnt_gray_cpu_d1_reg[0]/D
                            (rising edge-triggered cell FDRE clocked by clk_out2_pll  {rise@0.000ns fall@2.500ns period=5.000ns})
  Path Group:             (none)
  Path Type:              Setup (Max at Fast Process Corner)
  Data Path Delay:        0.590ns  (logic 0.159ns (26.963%)  route 0.431ns (73.037%))
  Logic Levels:           1  (LUT2=1)
  Clock Path Skew:        0.036ns (DCD - SCD + CPR)
    Destination Clock Delay (DCD):    -0.560ns
    Source Clock Delay      (SCD):    -0.595ns
    Clock Pessimism Removal (CPR):    0.000ns
  Clock Uncertainty:      0.194ns  ((TSJ^2 + DJ^2)^1/2) / 2 + PE
    Total System Jitter     (TSJ):    0.071ns
    Discrete Jitter          (DJ):    0.129ns
    Phase Error              (PE):    0.120ns
  Timing Exception:       Asynchronous Clock Groups

    Location             Delay type                Incr(ns)  Path(ns)    Netlist Resource(s)
  -------------------------------------------------------------------    -------------------
                         (clock clk_out1_pll rise edge)
                                                      0.000     0.000 r  
    AD12                                              0.000     0.000 r  i_sys_clk_p (IN)
                         net (fo=0)                   0.000     0.000    pll_inst/inst/clk_in1_p
    AD12                 IBUFDS (Prop_ibufds_I_O)     0.470     0.470 r  pll_inst/inst/clkin1_ibufgds/O
                         net (fo=1, routed)           0.553     1.023    pll_inst/inst/clk_in1_pll
    MMCME2_ADV_X1Y1      MMCME2_ADV (Prop_mmcme2_adv_CLKIN1_CLKOUT0)
                                                     -3.493    -2.470 r  pll_inst/inst/mmcm_adv_inst/CLKOUT0
                         net (fo=1, routed)           1.007    -1.463    pll_inst/inst/clk_out1_pll
    BUFGCTRL_X0Y1        BUFG (Prop_bufg_I_O)         0.030    -1.433 r  pll_inst/inst/clkout1_buf/O
                         net (fo=581, routed)         0.838    -0.595    student_top_inst/mem_bridge/counter_inst/cnt_clk
    SLICE_X47Y131        FDRE                                         r  student_top_inst/mem_bridge/counter_inst/cnt_ms_bin_reg[1]/C
  -------------------------------------------------------------------    -------------------
    SLICE_X47Y131        FDRE (Prop_fdre_C_Q)         0.124    -0.471 r  student_top_inst/mem_bridge/counter_inst/cnt_ms_bin_reg[1]/Q
                         net (fo=3, routed)           0.218    -0.254    student_top_inst/mem_bridge/counter_inst/cnt_ms_bin_reg__0[1]
    SLICE_X48Y131        LUT2 (Prop_lut2_I0_O)        0.035    -0.219 r  student_top_inst/mem_bridge/counter_inst/cnt_gray_cpu_d1[0]_i_1/O
                         net (fo=1, routed)           0.213    -0.006    student_top_inst/mem_bridge/counter_inst/cnt_ms_gray[0]
    SLICE_X49Y133        FDRE                                         r  student_top_inst/mem_bridge/counter_inst/cnt_gray_cpu_d1_reg[0]/D
  -------------------------------------------------------------------    -------------------

                         (clock clk_out2_pll rise edge)
                                                      0.000     0.000 r  
    AD12                                              0.000     0.000 r  i_sys_clk_p (IN)
                         net (fo=0)                   0.000     0.000    pll_inst/inst/clk_in1_p
    AD12                 IBUFDS (Prop_ibufds_I_O)     0.388     0.388 r  pll_inst/inst/clkin1_ibufgds/O
                         net (fo=1, routed)           0.503     0.891    pll_inst/inst/clk_in1_pll
    MMCME2_ADV_X1Y1      MMCME2_ADV (Prop_mmcme2_adv_CLKIN1_CLKOUT1)
                                                     -3.040    -2.149 r  pll_inst/inst/mmcm_adv_inst/CLKOUT1
                         net (fo=1, routed)           0.940    -1.209    pll_inst/inst/clk_out2_pll
    BUFGCTRL_X0Y0        BUFG (Prop_bufg_I_O)         0.026    -1.183 r  pll_inst/inst/clkout2_buf/O
                         net (fo=12327, routed)       0.623    -0.560    student_top_inst/mem_bridge/counter_inst/cpu_clk
    SLICE_X49Y133        FDRE                                         r  student_top_inst/mem_bridge/counter_inst/cnt_gray_cpu_d1_reg[0]/C

Slack:                    inf
  Source:                 student_top_inst/mem_bridge/counter_inst/cnt_ms_bin_reg[24]/C
                            (rising edge-triggered cell FDRE clocked by clk_out1_pll  {rise@0.000ns fall@10.000ns period=20.000ns})
  Destination:            student_top_inst/mem_bridge/counter_inst/cnt_gray_cpu_d1_reg[24]/D
                            (rising edge-triggered cell FDRE clocked by clk_out2_pll  {rise@0.000ns fall@2.500ns period=5.000ns})
  Path Group:             (none)
  Path Type:              Setup (Max at Fast Process Corner)
  Data Path Delay:        0.583ns  (logic 0.159ns (27.261%)  route 0.424ns (72.739%))
  Logic Levels:           1  (LUT2=1)
  Clock Path Skew:        0.033ns (DCD - SCD + CPR)
    Destination Clock Delay (DCD):    -0.558ns
    Source Clock Delay      (SCD):    -0.590ns
    Clock Pessimism Removal (CPR):    0.000ns
  Clock Uncertainty:      0.194ns  ((TSJ^2 + DJ^2)^1/2) / 2 + PE
    Total System Jitter     (TSJ):    0.071ns
    Discrete Jitter          (DJ):    0.129ns
    Phase Error              (PE):    0.120ns
  Timing Exception:       Asynchronous Clock Groups

    Location             Delay type                Incr(ns)  Path(ns)    Netlist Resource(s)
  -------------------------------------------------------------------    -------------------
                         (clock clk_out1_pll rise edge)
                                                      0.000     0.000 r  
    AD12                                              0.000     0.000 r  i_sys_clk_p (IN)
                         net (fo=0)                   0.000     0.000    pll_inst/inst/clk_in1_p
    AD12                 IBUFDS (Prop_ibufds_I_O)     0.470     0.470 r  pll_inst/inst/clkin1_ibufgds/O
                         net (fo=1, routed)           0.553     1.023    pll_inst/inst/clk_in1_pll
    MMCME2_ADV_X1Y1      MMCME2_ADV (Prop_mmcme2_adv_CLKIN1_CLKOUT0)
                                                     -3.493    -2.470 r  pll_inst/inst/mmcm_adv_inst/CLKOUT0
                         net (fo=1, routed)           1.007    -1.463    pll_inst/inst/clk_out1_pll
    BUFGCTRL_X0Y1        BUFG (Prop_bufg_I_O)         0.030    -1.433 r  pll_inst/inst/clkout1_buf/O
                         net (fo=581, routed)         0.843    -0.590    student_top_inst/mem_bridge/counter_inst/cnt_clk
    SLICE_X47Y137        FDRE                                         r  student_top_inst/mem_bridge/counter_inst/cnt_ms_bin_reg[24]/C
  -------------------------------------------------------------------    -------------------
    SLICE_X47Y137        FDRE (Prop_fdre_C_Q)         0.124    -0.466 r  student_top_inst/mem_bridge/counter_inst/cnt_ms_bin_reg[24]/Q
                         net (fo=3, routed)           0.254    -0.213    student_top_inst/mem_bridge/counter_inst/cnt_ms_bin_reg__0[24]
    SLICE_X48Y137        LUT2 (Prop_lut2_I1_O)        0.035    -0.178 r  student_top_inst/mem_bridge/counter_inst/cnt_gray_cpu_d1[24]_i_1/O
                         net (fo=1, routed)           0.171    -0.007    student_top_inst/mem_bridge/counter_inst/cnt_ms_gray[24]
    SLICE_X49Y137        FDRE                                         r  student_top_inst/mem_bridge/counter_inst/cnt_gray_cpu_d1_reg[24]/D
  -------------------------------------------------------------------    -------------------

                         (clock clk_out2_pll rise edge)
                                                      0.000     0.000 r  
    AD12                                              0.000     0.000 r  i_sys_clk_p (IN)
                         net (fo=0)                   0.000     0.000    pll_inst/inst/clk_in1_p
    AD12                 IBUFDS (Prop_ibufds_I_O)     0.388     0.388 r  pll_inst/inst/clkin1_ibufgds/O
                         net (fo=1, routed)           0.503     0.891    pll_inst/inst/clk_in1_pll
    MMCME2_ADV_X1Y1      MMCME2_ADV (Prop_mmcme2_adv_CLKIN1_CLKOUT1)
                                                     -3.040    -2.149 r  pll_inst/inst/mmcm_adv_inst/CLKOUT1
                         net (fo=1, routed)           0.940    -1.209    pll_inst/inst/clk_out2_pll
    BUFGCTRL_X0Y0        BUFG (Prop_bufg_I_O)         0.026    -1.183 r  pll_inst/inst/clkout2_buf/O
                         net (fo=12327, routed)       0.625    -0.558    student_top_inst/mem_bridge/counter_inst/cpu_clk
    SLICE_X49Y137        FDRE                                         r  student_top_inst/mem_bridge/counter_inst/cnt_gray_cpu_d1_reg[24]/C

Slack:                    inf
  Source:                 student_top_inst/mem_bridge/counter_inst/cnt_ms_bin_reg[29]/C
                            (rising edge-triggered cell FDRE clocked by clk_out1_pll  {rise@0.000ns fall@10.000ns period=20.000ns})
  Destination:            student_top_inst/mem_bridge/counter_inst/cnt_gray_cpu_d1_reg[28]/D
                            (rising edge-triggered cell FDRE clocked by clk_out2_pll  {rise@0.000ns fall@2.500ns period=5.000ns})
  Path Group:             (none)
  Path Type:              Setup (Max at Fast Process Corner)
  Data Path Delay:        0.580ns  (logic 0.159ns (27.402%)  route 0.421ns (72.598%))
  Logic Levels:           1  (LUT2=1)
  Clock Path Skew:        0.034ns (DCD - SCD + CPR)
    Destination Clock Delay (DCD):    -0.555ns
    Source Clock Delay      (SCD):    -0.588ns
    Clock Pessimism Removal (CPR):    0.000ns
  Clock Uncertainty:      0.194ns  ((TSJ^2 + DJ^2)^1/2) / 2 + PE
    Total System Jitter     (TSJ):    0.071ns
    Discrete Jitter          (DJ):    0.129ns
    Phase Error              (PE):    0.120ns
  Timing Exception:       Asynchronous Clock Groups

    Location             Delay type                Incr(ns)  Path(ns)    Netlist Resource(s)
  -------------------------------------------------------------------    -------------------
                         (clock clk_out1_pll rise edge)
                                                      0.000     0.000 r  
    AD12                                              0.000     0.000 r  i_sys_clk_p (IN)
                         net (fo=0)                   0.000     0.000    pll_inst/inst/clk_in1_p
    AD12                 IBUFDS (Prop_ibufds_I_O)     0.470     0.470 r  pll_inst/inst/clkin1_ibufgds/O
                         net (fo=1, routed)           0.553     1.023    pll_inst/inst/clk_in1_pll
    MMCME2_ADV_X1Y1      MMCME2_ADV (Prop_mmcme2_adv_CLKIN1_CLKOUT0)
                                                     -3.493    -2.470 r  pll_inst/inst/mmcm_adv_inst/CLKOUT0
                         net (fo=1, routed)           1.007    -1.463    pll_inst/inst/clk_out1_pll
    BUFGCTRL_X0Y1        BUFG (Prop_bufg_I_O)         0.030    -1.433 r  pll_inst/inst/clkout1_buf/O
                         net (fo=581, routed)         0.845    -0.588    student_top_inst/mem_bridge/counter_inst/cnt_clk
    SLICE_X47Y138        FDRE                                         r  student_top_inst/mem_bridge/counter_inst/cnt_ms_bin_reg[29]/C
  -------------------------------------------------------------------    -------------------
    SLICE_X47Y138        FDRE (Prop_fdre_C_Q)         0.124    -0.464 r  student_top_inst/mem_bridge/counter_inst/cnt_ms_bin_reg[29]/Q
                         net (fo=3, routed)           0.299    -0.166    student_top_inst/mem_bridge/counter_inst/cnt_ms_bin_reg__0[29]
    SLICE_X47Y145        LUT2 (Prop_lut2_I0_O)        0.035    -0.131 r  student_top_inst/mem_bridge/counter_inst/cnt_gray_cpu_d1[28]_i_1/O
                         net (fo=1, routed)           0.122    -0.008    student_top_inst/mem_bridge/counter_inst/cnt_ms_gray[28]
    SLICE_X47Y144        FDRE                                         r  student_top_inst/mem_bridge/counter_inst/cnt_gray_cpu_d1_reg[28]/D
  -------------------------------------------------------------------    -------------------

                         (clock clk_out2_pll rise edge)
                                                      0.000     0.000 r  
    AD12                                              0.000     0.000 r  i_sys_clk_p (IN)
                         net (fo=0)                   0.000     0.000    pll_inst/inst/clk_in1_p
    AD12                 IBUFDS (Prop_ibufds_I_O)     0.388     0.388 r  pll_inst/inst/clkin1_ibufgds/O
                         net (fo=1, routed)           0.503     0.891    pll_inst/inst/clk_in1_pll
    MMCME2_ADV_X1Y1      MMCME2_ADV (Prop_mmcme2_adv_CLKIN1_CLKOUT1)
                                                     -3.040    -2.149 r  pll_inst/inst/mmcm_adv_inst/CLKOUT1
                         net (fo=1, routed)           0.940    -1.209    pll_inst/inst/clk_out2_pll
    BUFGCTRL_X0Y0        BUFG (Prop_bufg_I_O)         0.026    -1.183 r  pll_inst/inst/clkout2_buf/O
                         net (fo=12327, routed)       0.628    -0.555    student_top_inst/mem_bridge/counter_inst/cpu_clk
    SLICE_X47Y144        FDRE                                         r  student_top_inst/mem_bridge/counter_inst/cnt_gray_cpu_d1_reg[28]/C





--------------------------------------------------------------------------------------
Path Group:  (none)
From Clock:  clk_out1_pll
  To Clock:  

Max Delay            37 Endpoints
Min Delay             0 Endpoints
--------------------------------------------------------------------------------------


Max Delay Paths
--------------------------------------------------------------------------------------
Slack:                    inf
  Source:                 student_top_inst/mem_bridge/seg_driver/count_reg[4]/C
                            (rising edge-triggered cell FDCE clocked by clk_out1_pll  {rise@0.000ns fall@10.000ns period=20.000ns})
  Destination:            virtual_seg[29]
                            (output port)
  Path Group:             (none)
  Path Type:              Max at Slow Process Corner
  Data Path Delay:        11.439ns  (logic 2.776ns (24.271%)  route 8.663ns (75.729%))
  Logic Levels:           2  (LUT1=1 OBUF=1)
  Clock Uncertainty:      0.159ns  ((TSJ^2 + DJ^2)^1/2) / 2 + PE
    Total System Jitter     (TSJ):    0.050ns
    Discrete Jitter          (DJ):    0.129ns
    Phase Error              (PE):    0.090ns

    Location             Delay type                Incr(ns)  Path(ns)    Netlist Resource(s)
  -------------------------------------------------------------------    -------------------
                         (clock clk_out1_pll rise edge)
                                                      0.000     0.000 r  
    AD12                                              0.000     0.000 r  i_sys_clk_p (IN)
                         net (fo=0)                   0.000     0.000    pll_inst/inst/clk_in1_p
    AD12                 IBUFDS (Prop_ibufds_I_O)     0.906     0.906 r  pll_inst/inst/clkin1_ibufgds/O
                         net (fo=1, routed)           1.081     1.987    pll_inst/inst/clk_in1_pll
    MMCME2_ADV_X1Y1      MMCME2_ADV (Prop_mmcme2_adv_CLKIN1_CLKOUT0)
                                                     -7.786    -5.799 r  pll_inst/inst/mmcm_adv_inst/CLKOUT0
                         net (fo=1, routed)           2.130    -3.669    pll_inst/inst/clk_out1_pll
    BUFGCTRL_X0Y1        BUFG (Prop_bufg_I_O)         0.093    -3.576 r  pll_inst/inst/clkout1_buf/O
                         net (fo=581, routed)         1.437    -2.139    student_top_inst/mem_bridge/seg_driver/clk
    SLICE_X42Y125        FDCE                                         r  student_top_inst/mem_bridge/seg_driver/count_reg[4]/C
  -------------------------------------------------------------------    -------------------
    SLICE_X42Y125        FDCE (Prop_fdce_C_Q)         0.236    -1.903 f  student_top_inst/mem_bridge/seg_driver/count_reg[4]/Q
                         net (fo=26, routed)          2.931     1.028    student_top_inst/mem_bridge/seg_driver/ans[6]
    SLICE_X4Y200         LUT1 (Prop_lut1_I0_O)        0.126     1.154 r  student_top_inst/mem_bridge/seg_driver/ans[7]_INST_0/O
                         net (fo=8, routed)           5.732     6.886    virtual_seg_OBUF[29]
    AH26                 OBUF (Prop_obuf_I_O)         2.414     9.300 r  virtual_seg_OBUF[29]_inst/O
                         net (fo=0)                   0.000     9.300    virtual_seg[29]
    AH26                                                              r  virtual_seg[29] (OUT)
  -------------------------------------------------------------------    -------------------

Slack:                    inf
  Source:                 student_top_inst/mem_bridge/seg_driver/count_reg[4]/C
                            (rising edge-triggered cell FDCE clocked by clk_out1_pll  {rise@0.000ns fall@10.000ns period=20.000ns})
  Destination:            virtual_seg[39]
                            (output port)
  Path Group:             (none)
  Path Type:              Max at Slow Process Corner
  Data Path Delay:        11.044ns  (logic 2.779ns (25.159%)  route 8.266ns (74.841%))
  Logic Levels:           2  (LUT1=1 OBUF=1)
  Clock Uncertainty:      0.159ns  ((TSJ^2 + DJ^2)^1/2) / 2 + PE
    Total System Jitter     (TSJ):    0.050ns
    Discrete Jitter          (DJ):    0.129ns
    Phase Error              (PE):    0.090ns

    Location             Delay type                Incr(ns)  Path(ns)    Netlist Resource(s)
  -------------------------------------------------------------------    -------------------
                         (clock clk_out1_pll rise edge)
                                                      0.000     0.000 r  
    AD12                                              0.000     0.000 r  i_sys_clk_p (IN)
                         net (fo=0)                   0.000     0.000    pll_inst/inst/clk_in1_p
    AD12                 IBUFDS (Prop_ibufds_I_O)     0.906     0.906 r  pll_inst/inst/clkin1_ibufgds/O
                         net (fo=1, routed)           1.081     1.987    pll_inst/inst/clk_in1_pll
    MMCME2_ADV_X1Y1      MMCME2_ADV (Prop_mmcme2_adv_CLKIN1_CLKOUT0)
                                                     -7.786    -5.799 r  pll_inst/inst/mmcm_adv_inst/CLKOUT0
                         net (fo=1, routed)           2.130    -3.669    pll_inst/inst/clk_out1_pll
    BUFGCTRL_X0Y1        BUFG (Prop_bufg_I_O)         0.093    -3.576 r  pll_inst/inst/clkout1_buf/O
                         net (fo=581, routed)         1.437    -2.139    student_top_inst/mem_bridge/seg_driver/clk
    SLICE_X42Y125        FDCE                                         r  student_top_inst/mem_bridge/seg_driver/count_reg[4]/C
  -------------------------------------------------------------------    -------------------
    SLICE_X42Y125        FDCE (Prop_fdce_C_Q)         0.236    -1.903 f  student_top_inst/mem_bridge/seg_driver/count_reg[4]/Q
                         net (fo=26, routed)          2.931     1.028    student_top_inst/mem_bridge/seg_driver/ans[6]
    SLICE_X4Y200         LUT1 (Prop_lut1_I0_O)        0.126     1.154 r  student_top_inst/mem_bridge/seg_driver/ans[7]_INST_0/O
                         net (fo=8, routed)           5.334     6.488    virtual_seg_OBUF[39]
    AJ28                 OBUF (Prop_obuf_I_O)         2.417     8.905 r  virtual_seg_OBUF[39]_inst/O
                         net (fo=0)                   0.000     8.905    virtual_seg[39]
    AJ28                                                              r  virtual_seg[39] (OUT)
  -------------------------------------------------------------------    -------------------

Slack:                    inf
  Source:                 student_top_inst/mem_bridge/seg_driver/count_reg[4]/C
                            (rising edge-triggered cell FDCE clocked by clk_out1_pll  {rise@0.000ns fall@10.000ns period=20.000ns})
  Destination:            virtual_seg[12]
                            (output port)
  Path Group:             (none)
  Path Type:              Max at Slow Process Corner
  Data Path Delay:        11.040ns  (logic 2.906ns (26.324%)  route 8.134ns (73.676%))
  Logic Levels:           3  (LUT3=1 LUT4=1 OBUF=1)
  Clock Uncertainty:      0.159ns  ((TSJ^2 + DJ^2)^1/2) / 2 + PE
    Total System Jitter     (TSJ):    0.050ns
    Discrete Jitter          (DJ):    0.129ns
    Phase Error              (PE):    0.090ns

    Location             Delay type                Incr(ns)  Path(ns)    Netlist Resource(s)
  -------------------------------------------------------------------    -------------------
                         (clock clk_out1_pll rise edge)
                                                      0.000     0.000 r  
    AD12                                              0.000     0.000 r  i_sys_clk_p (IN)
                         net (fo=0)                   0.000     0.000    pll_inst/inst/clk_in1_p
    AD12                 IBUFDS (Prop_ibufds_I_O)     0.906     0.906 r  pll_inst/inst/clkin1_ibufgds/O
                         net (fo=1, routed)           1.081     1.987    pll_inst/inst/clk_in1_pll
    MMCME2_ADV_X1Y1      MMCME2_ADV (Prop_mmcme2_adv_CLKIN1_CLKOUT0)
                                                     -7.786    -5.799 r  pll_inst/inst/mmcm_adv_inst/CLKOUT0
                         net (fo=1, routed)           2.130    -3.669    pll_inst/inst/clk_out1_pll
    BUFGCTRL_X0Y1        BUFG (Prop_bufg_I_O)         0.093    -3.576 r  pll_inst/inst/clkout1_buf/O
                         net (fo=581, routed)         1.437    -2.139    student_top_inst/mem_bridge/seg_driver/clk
    SLICE_X42Y125        FDCE                                         r  student_top_inst/mem_bridge/seg_driver/count_reg[4]/C
  -------------------------------------------------------------------    -------------------
    SLICE_X42Y125        FDCE (Prop_fdce_C_Q)         0.236    -1.903 r  student_top_inst/mem_bridge/seg_driver/count_reg[4]/Q
                         net (fo=26, routed)          1.480    -0.424    student_top_inst/mem_bridge/seg_driver/ans[6]
    SLICE_X40Y143        LUT3 (Prop_lut3_I1_O)        0.134    -0.290 r  student_top_inst/mem_bridge/seg_driver/SEG2_i_2/O
                         net (fo=7, routed)           0.452     0.163    student_top_inst/mem_bridge/seg_driver/SEG2/din[2]
    SLICE_X39Y143        LUT4 (Prop_lut4_I1_O)        0.136     0.299 r  student_top_inst/mem_bridge/seg_driver/SEG2/dout[2]_INST_0/O
                         net (fo=2, routed)           6.202     6.500    virtual_seg_OBUF[12]
    J12                  OBUF (Prop_obuf_I_O)         2.400     8.900 r  virtual_seg_OBUF[12]_inst/O
                         net (fo=0)                   0.000     8.900    virtual_seg[12]
    J12                                                               r  virtual_seg[12] (OUT)
  -------------------------------------------------------------------    -------------------

Slack:                    inf
  Source:                 student_top_inst/mem_bridge/seg_driver/count_reg[4]/C
                            (rising edge-triggered cell FDCE clocked by clk_out1_pll  {rise@0.000ns fall@10.000ns period=20.000ns})
  Destination:            virtual_seg[11]
                            (output port)
  Path Group:             (none)
  Path Type:              Max at Slow Process Corner
  Data Path Delay:        11.019ns  (logic 3.004ns (27.266%)  route 8.014ns (72.734%))
  Logic Levels:           3  (LUT3=1 LUT4=1 OBUF=1)
  Clock Uncertainty:      0.159ns  ((TSJ^2 + DJ^2)^1/2) / 2 + PE
    Total System Jitter     (TSJ):    0.050ns
    Discrete Jitter          (DJ):    0.129ns
    Phase Error              (PE):    0.090ns

    Location             Delay type                Incr(ns)  Path(ns)    Netlist Resource(s)
  -------------------------------------------------------------------    -------------------
                         (clock clk_out1_pll rise edge)
                                                      0.000     0.000 r  
    AD12                                              0.000     0.000 r  i_sys_clk_p (IN)
                         net (fo=0)                   0.000     0.000    pll_inst/inst/clk_in1_p
    AD12                 IBUFDS (Prop_ibufds_I_O)     0.906     0.906 r  pll_inst/inst/clkin1_ibufgds/O
                         net (fo=1, routed)           1.081     1.987    pll_inst/inst/clk_in1_pll
    MMCME2_ADV_X1Y1      MMCME2_ADV (Prop_mmcme2_adv_CLKIN1_CLKOUT0)
                                                     -7.786    -5.799 r  pll_inst/inst/mmcm_adv_inst/CLKOUT0
                         net (fo=1, routed)           2.130    -3.669    pll_inst/inst/clk_out1_pll
    BUFGCTRL_X0Y1        BUFG (Prop_bufg_I_O)         0.093    -3.576 r  pll_inst/inst/clkout1_buf/O
                         net (fo=581, routed)         1.437    -2.139    student_top_inst/mem_bridge/seg_driver/clk
    SLICE_X42Y125        FDCE                                         r  student_top_inst/mem_bridge/seg_driver/count_reg[4]/C
  -------------------------------------------------------------------    -------------------
    SLICE_X42Y125        FDCE (Prop_fdce_C_Q)         0.236    -1.903 r  student_top_inst/mem_bridge/seg_driver/count_reg[4]/Q
                         net (fo=26, routed)          1.480    -0.424    student_top_inst/mem_bridge/seg_driver/ans[6]
    SLICE_X40Y143        LUT3 (Prop_lut3_I1_O)        0.134    -0.290 f  student_top_inst/mem_bridge/seg_driver/SEG2_i_2/O
                         net (fo=7, routed)           0.452     0.163    student_top_inst/mem_bridge/seg_driver/SEG2/din[2]
    SLICE_X39Y143        LUT4 (Prop_lut4_I3_O)        0.142     0.305 r  student_top_inst/mem_bridge/seg_driver/SEG2/dout[1]_INST_0/O
                         net (fo=2, routed)           6.082     6.387    virtual_seg_OBUF[11]
    H11                  OBUF (Prop_obuf_I_O)         2.492     8.879 r  virtual_seg_OBUF[11]_inst/O
                         net (fo=0)                   0.000     8.879    virtual_seg[11]
    H11                                                               r  virtual_seg[11] (OUT)
  -------------------------------------------------------------------    -------------------

Slack:                    inf
  Source:                 student_top_inst/mem_bridge/seg_driver/count_reg[4]/C
                            (rising edge-triggered cell FDCE clocked by clk_out1_pll  {rise@0.000ns fall@10.000ns period=20.000ns})
  Destination:            virtual_seg[2]
                            (output port)
  Path Group:             (none)
  Path Type:              Max at Slow Process Corner
  Data Path Delay:        10.809ns  (logic 2.786ns (25.776%)  route 8.023ns (74.224%))
  Logic Levels:           3  (LUT3=1 LUT4=1 OBUF=1)
  Clock Uncertainty:      0.159ns  ((TSJ^2 + DJ^2)^1/2) / 2 + PE
    Total System Jitter     (TSJ):    0.050ns
    Discrete Jitter          (DJ):    0.129ns
    Phase Error              (PE):    0.090ns

    Location             Delay type                Incr(ns)  Path(ns)    Netlist Resource(s)
  -------------------------------------------------------------------    -------------------
                         (clock clk_out1_pll rise edge)
                                                      0.000     0.000 r  
    AD12                                              0.000     0.000 r  i_sys_clk_p (IN)
                         net (fo=0)                   0.000     0.000    pll_inst/inst/clk_in1_p
    AD12                 IBUFDS (Prop_ibufds_I_O)     0.906     0.906 r  pll_inst/inst/clkin1_ibufgds/O
                         net (fo=1, routed)           1.081     1.987    pll_inst/inst/clk_in1_pll
    MMCME2_ADV_X1Y1      MMCME2_ADV (Prop_mmcme2_adv_CLKIN1_CLKOUT0)
                                                     -7.786    -5.799 r  pll_inst/inst/mmcm_adv_inst/CLKOUT0
                         net (fo=1, routed)           2.130    -3.669    pll_inst/inst/clk_out1_pll
    BUFGCTRL_X0Y1        BUFG (Prop_bufg_I_O)         0.093    -3.576 r  pll_inst/inst/clkout1_buf/O
                         net (fo=581, routed)         1.437    -2.139    student_top_inst/mem_bridge/seg_driver/clk
    SLICE_X42Y125        FDCE                                         r  student_top_inst/mem_bridge/seg_driver/count_reg[4]/C
  -------------------------------------------------------------------    -------------------
    SLICE_X42Y125        FDCE (Prop_fdce_C_Q)         0.236    -1.903 r  student_top_inst/mem_bridge/seg_driver/count_reg[4]/Q
                         net (fo=26, routed)          1.401    -0.503    student_top_inst/mem_bridge/seg_driver/ans[6]
    SLICE_X38Y142        LUT3 (Prop_lut3_I1_O)        0.126    -0.377 r  student_top_inst/mem_bridge/seg_driver/SEG1_i_1/O
                         net (fo=7, routed)           0.580     0.204    student_top_inst/mem_bridge/seg_driver/SEG1/din[3]
    SLICE_X37Y142        LUT4 (Prop_lut4_I0_O)        0.043     0.247 r  student_top_inst/mem_bridge/seg_driver/SEG1/dout[2]_INST_0/O
                         net (fo=2, routed)           6.042     6.289    virtual_seg_OBUF[2]
    H16                  OBUF (Prop_obuf_I_O)         2.381     8.670 r  virtual_seg_OBUF[2]_inst/O
                         net (fo=0)                   0.000     8.670    virtual_seg[2]
    H16                                                               r  virtual_seg[2] (OUT)
  -------------------------------------------------------------------    -------------------

Slack:                    inf
  Source:                 student_top_inst/mem_bridge/seg_driver/count_reg[4]/C
                            (rising edge-triggered cell FDCE clocked by clk_out1_pll  {rise@0.000ns fall@10.000ns period=20.000ns})
  Destination:            virtual_seg[4]
                            (output port)
  Path Group:             (none)
  Path Type:              Max at Slow Process Corner
  Data Path Delay:        10.797ns  (logic 2.786ns (25.805%)  route 8.011ns (74.195%))
  Logic Levels:           3  (LUT3=1 LUT4=1 OBUF=1)
  Clock Uncertainty:      0.159ns  ((TSJ^2 + DJ^2)^1/2) / 2 + PE
    Total System Jitter     (TSJ):    0.050ns
    Discrete Jitter          (DJ):    0.129ns
    Phase Error              (PE):    0.090ns

    Location             Delay type                Incr(ns)  Path(ns)    Netlist Resource(s)
  -------------------------------------------------------------------    -------------------
                         (clock clk_out1_pll rise edge)
                                                      0.000     0.000 r  
    AD12                                              0.000     0.000 r  i_sys_clk_p (IN)
                         net (fo=0)                   0.000     0.000    pll_inst/inst/clk_in1_p
    AD12                 IBUFDS (Prop_ibufds_I_O)     0.906     0.906 r  pll_inst/inst/clkin1_ibufgds/O
                         net (fo=1, routed)           1.081     1.987    pll_inst/inst/clk_in1_pll
    MMCME2_ADV_X1Y1      MMCME2_ADV (Prop_mmcme2_adv_CLKIN1_CLKOUT0)
                                                     -7.786    -5.799 r  pll_inst/inst/mmcm_adv_inst/CLKOUT0
                         net (fo=1, routed)           2.130    -3.669    pll_inst/inst/clk_out1_pll
    BUFGCTRL_X0Y1        BUFG (Prop_bufg_I_O)         0.093    -3.576 r  pll_inst/inst/clkout1_buf/O
                         net (fo=581, routed)         1.437    -2.139    student_top_inst/mem_bridge/seg_driver/clk
    SLICE_X42Y125        FDCE                                         r  student_top_inst/mem_bridge/seg_driver/count_reg[4]/C
  -------------------------------------------------------------------    -------------------
    SLICE_X42Y125        FDCE (Prop_fdce_C_Q)         0.236    -1.903 r  student_top_inst/mem_bridge/seg_driver/count_reg[4]/Q
                         net (fo=26, routed)          1.401    -0.503    student_top_inst/mem_bridge/seg_driver/ans[6]
    SLICE_X38Y142        LUT3 (Prop_lut3_I1_O)        0.126    -0.377 r  student_top_inst/mem_bridge/seg_driver/SEG1_i_1/O
                         net (fo=7, routed)           0.573     0.197    student_top_inst/mem_bridge/seg_driver/SEG1/din[3]
    SLICE_X37Y142        LUT4 (Prop_lut4_I0_O)        0.043     0.240 r  student_top_inst/mem_bridge/seg_driver/SEG1/dout[4]_INST_0/O
                         net (fo=2, routed)           6.037     6.277    virtual_seg_OBUF[4]
    K16                  OBUF (Prop_obuf_I_O)         2.381     8.658 r  virtual_seg_OBUF[4]_inst/O
                         net (fo=0)                   0.000     8.658    virtual_seg[4]
    K16                                                               r  virtual_seg[4] (OUT)
  -------------------------------------------------------------------    -------------------

Slack:                    inf
  Source:                 student_top_inst/mem_bridge/seg_driver/count_reg[4]/C
                            (rising edge-triggered cell FDCE clocked by clk_out1_pll  {rise@0.000ns fall@10.000ns period=20.000ns})
  Destination:            virtual_seg[16]
                            (output port)
  Path Group:             (none)
  Path Type:              Max at Slow Process Corner
  Data Path Delay:        10.688ns  (logic 2.795ns (26.146%)  route 7.894ns (73.854%))
  Logic Levels:           3  (LUT3=1 LUT4=1 OBUF=1)
  Clock Uncertainty:      0.159ns  ((TSJ^2 + DJ^2)^1/2) / 2 + PE
    Total System Jitter     (TSJ):    0.050ns
    Discrete Jitter          (DJ):    0.129ns
    Phase Error              (PE):    0.090ns

    Location             Delay type                Incr(ns)  Path(ns)    Netlist Resource(s)
  -------------------------------------------------------------------    -------------------
                         (clock clk_out1_pll rise edge)
                                                      0.000     0.000 r  
    AD12                                              0.000     0.000 r  i_sys_clk_p (IN)
                         net (fo=0)                   0.000     0.000    pll_inst/inst/clk_in1_p
    AD12                 IBUFDS (Prop_ibufds_I_O)     0.906     0.906 r  pll_inst/inst/clkin1_ibufgds/O
                         net (fo=1, routed)           1.081     1.987    pll_inst/inst/clk_in1_pll
    MMCME2_ADV_X1Y1      MMCME2_ADV (Prop_mmcme2_adv_CLKIN1_CLKOUT0)
                                                     -7.786    -5.799 r  pll_inst/inst/mmcm_adv_inst/CLKOUT0
                         net (fo=1, routed)           2.130    -3.669    pll_inst/inst/clk_out1_pll
    BUFGCTRL_X0Y1        BUFG (Prop_bufg_I_O)         0.093    -3.576 r  pll_inst/inst/clkout1_buf/O
                         net (fo=581, routed)         1.437    -2.139    student_top_inst/mem_bridge/seg_driver/clk
    SLICE_X42Y125        FDCE                                         r  student_top_inst/mem_bridge/seg_driver/count_reg[4]/C
  -------------------------------------------------------------------    -------------------
    SLICE_X42Y125        FDCE (Prop_fdce_C_Q)         0.236    -1.903 r  student_top_inst/mem_bridge/seg_driver/count_reg[4]/Q
                         net (fo=26, routed)          1.480    -0.424    student_top_inst/mem_bridge/seg_driver/ans[6]
    SLICE_X40Y143        LUT3 (Prop_lut3_I1_O)        0.126    -0.298 r  student_top_inst/mem_bridge/seg_driver/SEG2_i_1/O
                         net (fo=7, routed)           0.459     0.161    student_top_inst/mem_bridge/seg_driver/SEG2/din[3]
    SLICE_X39Y143        LUT4 (Prop_lut4_I0_O)        0.043     0.204 r  student_top_inst/mem_bridge/seg_driver/SEG2/dout[6]_INST_0/O
                         net (fo=2, routed)           5.955     6.159    virtual_seg_OBUF[16]
    F13                  OBUF (Prop_obuf_I_O)         2.390     8.549 r  virtual_seg_OBUF[16]_inst/O
                         net (fo=0)                   0.000     8.549    virtual_seg[16]
    F13                                                               r  virtual_seg[16] (OUT)
  -------------------------------------------------------------------    -------------------

Slack:                    inf
  Source:                 student_top_inst/mem_bridge/seg_driver/count_reg[4]/C
                            (rising edge-triggered cell FDCE clocked by clk_out1_pll  {rise@0.000ns fall@10.000ns period=20.000ns})
  Destination:            virtual_seg[6]
                            (output port)
  Path Group:             (none)
  Path Type:              Max at Slow Process Corner
  Data Path Delay:        9.721ns  (logic 2.796ns (28.758%)  route 6.926ns (71.242%))
  Logic Levels:           3  (LUT3=1 LUT4=1 OBUF=1)
  Clock Uncertainty:      0.159ns  ((TSJ^2 + DJ^2)^1/2) / 2 + PE
    Total System Jitter     (TSJ):    0.050ns
    Discrete Jitter          (DJ):    0.129ns
    Phase Error              (PE):    0.090ns

    Location             Delay type                Incr(ns)  Path(ns)    Netlist Resource(s)
  -------------------------------------------------------------------    -------------------
                         (clock clk_out1_pll rise edge)
                                                      0.000     0.000 r  
    AD12                                              0.000     0.000 r  i_sys_clk_p (IN)
                         net (fo=0)                   0.000     0.000    pll_inst/inst/clk_in1_p
    AD12                 IBUFDS (Prop_ibufds_I_O)     0.906     0.906 r  pll_inst/inst/clkin1_ibufgds/O
                         net (fo=1, routed)           1.081     1.987    pll_inst/inst/clk_in1_pll
    MMCME2_ADV_X1Y1      MMCME2_ADV (Prop_mmcme2_adv_CLKIN1_CLKOUT0)
                                                     -7.786    -5.799 r  pll_inst/inst/mmcm_adv_inst/CLKOUT0
                         net (fo=1, routed)           2.130    -3.669    pll_inst/inst/clk_out1_pll
    BUFGCTRL_X0Y1        BUFG (Prop_bufg_I_O)         0.093    -3.576 r  pll_inst/inst/clkout1_buf/O
                         net (fo=581, routed)         1.437    -2.139    student_top_inst/mem_bridge/seg_driver/clk
    SLICE_X42Y125        FDCE                                         r  student_top_inst/mem_bridge/seg_driver/count_reg[4]/C
  -------------------------------------------------------------------    -------------------
    SLICE_X42Y125        FDCE (Prop_fdce_C_Q)         0.236    -1.903 r  student_top_inst/mem_bridge/seg_driver/count_reg[4]/Q
                         net (fo=26, routed)          1.401    -0.503    student_top_inst/mem_bridge/seg_driver/ans[6]
    SLICE_X38Y142        LUT3 (Prop_lut3_I1_O)        0.126    -0.377 r  student_top_inst/mem_bridge/seg_driver/SEG1_i_1/O
                         net (fo=7, routed)           0.459     0.082    student_top_inst/mem_bridge/seg_driver/SEG1/din[3]
    SLICE_X37Y142        LUT4 (Prop_lut4_I0_O)        0.043     0.125 r  student_top_inst/mem_bridge/seg_driver/SEG1/dout[6]_INST_0/O
                         net (fo=2, routed)           5.066     5.191    virtual_seg_OBUF[6]
    L12                  OBUF (Prop_obuf_I_O)         2.391     7.582 r  virtual_seg_OBUF[6]_inst/O
                         net (fo=0)                   0.000     7.582    virtual_seg[6]
    L12                                                               r  virtual_seg[6] (OUT)
  -------------------------------------------------------------------    -------------------

Slack:                    inf
  Source:                 student_top_inst/mem_bridge/seg_driver/count_reg[4]/C
                            (rising edge-triggered cell FDCE clocked by clk_out1_pll  {rise@0.000ns fall@10.000ns period=20.000ns})
  Destination:            virtual_seg[8]
                            (output port)
  Path Group:             (none)
  Path Type:              Max at Slow Process Corner
  Data Path Delay:        9.561ns  (logic 2.710ns (28.345%)  route 6.851ns (71.655%))
  Logic Levels:           1  (OBUF=1)
  Clock Uncertainty:      0.159ns  ((TSJ^2 + DJ^2)^1/2) / 2 + PE
    Total System Jitter     (TSJ):    0.050ns
    Discrete Jitter          (DJ):    0.129ns
    Phase Error              (PE):    0.090ns

    Location             Delay type                Incr(ns)  Path(ns)    Netlist Resource(s)
  -------------------------------------------------------------------    -------------------
                         (clock clk_out1_pll rise edge)
                                                      0.000     0.000 r  
    AD12                                              0.000     0.000 r  i_sys_clk_p (IN)
                         net (fo=0)                   0.000     0.000    pll_inst/inst/clk_in1_p
    AD12                 IBUFDS (Prop_ibufds_I_O)     0.906     0.906 r  pll_inst/inst/clkin1_ibufgds/O
                         net (fo=1, routed)           1.081     1.987    pll_inst/inst/clk_in1_pll
    MMCME2_ADV_X1Y1      MMCME2_ADV (Prop_mmcme2_adv_CLKIN1_CLKOUT0)
                                                     -7.786    -5.799 r  pll_inst/inst/mmcm_adv_inst/CLKOUT0
                         net (fo=1, routed)           2.130    -3.669    pll_inst/inst/clk_out1_pll
    BUFGCTRL_X0Y1        BUFG (Prop_bufg_I_O)         0.093    -3.576 r  pll_inst/inst/clkout1_buf/O
                         net (fo=581, routed)         1.437    -2.139    student_top_inst/mem_bridge/seg_driver/clk
    SLICE_X42Y125        FDCE                                         r  student_top_inst/mem_bridge/seg_driver/count_reg[4]/C
  -------------------------------------------------------------------    -------------------
    SLICE_X42Y125        FDCE (Prop_fdce_C_Q)         0.236    -1.903 r  student_top_inst/mem_bridge/seg_driver/count_reg[4]/Q
                         net (fo=26, routed)          6.851     4.947    virtual_seg_OBUF[8]
    L13                  OBUF (Prop_obuf_I_O)         2.474     7.421 r  virtual_seg_OBUF[8]_inst/O
                         net (fo=0)                   0.000     7.421    virtual_seg[8]
    L13                                                               r  virtual_seg[8] (OUT)
  -------------------------------------------------------------------    -------------------

Slack:                    inf
  Source:                 student_top_inst/mem_bridge/seg_driver/count_reg[4]/C
                            (rising edge-triggered cell FDCE clocked by clk_out1_pll  {rise@0.000ns fall@10.000ns period=20.000ns})
  Destination:            virtual_seg[18]
                            (output port)
  Path Group:             (none)
  Path Type:              Max at Slow Process Corner
  Data Path Delay:        9.543ns  (logic 2.704ns (28.335%)  route 6.839ns (71.665%))
  Logic Levels:           1  (OBUF=1)
  Clock Uncertainty:      0.159ns  ((TSJ^2 + DJ^2)^1/2) / 2 + PE
    Total System Jitter     (TSJ):    0.050ns
    Discrete Jitter          (DJ):    0.129ns
    Phase Error              (PE):    0.090ns

    Location             Delay type                Incr(ns)  Path(ns)    Netlist Resource(s)
  -------------------------------------------------------------------    -------------------
                         (clock clk_out1_pll rise edge)
                                                      0.000     0.000 r  
    AD12                                              0.000     0.000 r  i_sys_clk_p (IN)
                         net (fo=0)                   0.000     0.000    pll_inst/inst/clk_in1_p
    AD12                 IBUFDS (Prop_ibufds_I_O)     0.906     0.906 r  pll_inst/inst/clkin1_ibufgds/O
                         net (fo=1, routed)           1.081     1.987    pll_inst/inst/clk_in1_pll
    MMCME2_ADV_X1Y1      MMCME2_ADV (Prop_mmcme2_adv_CLKIN1_CLKOUT0)
                                                     -7.786    -5.799 r  pll_inst/inst/mmcm_adv_inst/CLKOUT0
                         net (fo=1, routed)           2.130    -3.669    pll_inst/inst/clk_out1_pll
    BUFGCTRL_X0Y1        BUFG (Prop_bufg_I_O)         0.093    -3.576 r  pll_inst/inst/clkout1_buf/O
                         net (fo=581, routed)         1.437    -2.139    student_top_inst/mem_bridge/seg_driver/clk
    SLICE_X42Y125        FDCE                                         r  student_top_inst/mem_bridge/seg_driver/count_reg[4]/C
  -------------------------------------------------------------------    -------------------
    SLICE_X42Y125        FDCE (Prop_fdce_C_Q)         0.236    -1.903 r  student_top_inst/mem_bridge/seg_driver/count_reg[4]/Q
                         net (fo=26, routed)          6.839     4.936    virtual_seg_OBUF[18]
    J14                  OBUF (Prop_obuf_I_O)         2.468     7.404 r  virtual_seg_OBUF[18]_inst/O
                         net (fo=0)                   0.000     7.404    virtual_seg[18]
    J14                                                               r  virtual_seg[18] (OUT)
  -------------------------------------------------------------------    -------------------

Slack:                    inf
  Source:                 student_top_inst/mem_bridge/seg_driver/count_reg[4]/C
                            (rising edge-triggered cell FDCE clocked by clk_out1_pll  {rise@0.000ns fall@10.000ns period=20.000ns})
  Destination:            virtual_seg[5]
                            (output port)
  Path Group:             (none)
  Path Type:              Max at Slow Process Corner
  Data Path Delay:        9.483ns  (logic 2.880ns (30.370%)  route 6.603ns (69.630%))
  Logic Levels:           3  (LUT3=1 LUT4=1 OBUF=1)
  Clock Uncertainty:      0.159ns  ((TSJ^2 + DJ^2)^1/2) / 2 + PE
    Total System Jitter     (TSJ):    0.050ns
    Discrete Jitter          (DJ):    0.129ns
    Phase Error              (PE):    0.090ns

    Location             Delay type                Incr(ns)  Path(ns)    Netlist Resource(s)
  -------------------------------------------------------------------    -------------------
                         (clock clk_out1_pll rise edge)
                                                      0.000     0.000 r  
    AD12                                              0.000     0.000 r  i_sys_clk_p (IN)
                         net (fo=0)                   0.000     0.000    pll_inst/inst/clk_in1_p
    AD12                 IBUFDS (Prop_ibufds_I_O)     0.906     0.906 r  pll_inst/inst/clkin1_ibufgds/O
                         net (fo=1, routed)           1.081     1.987    pll_inst/inst/clk_in1_pll
    MMCME2_ADV_X1Y1      MMCME2_ADV (Prop_mmcme2_adv_CLKIN1_CLKOUT0)
                                                     -7.786    -5.799 r  pll_inst/inst/mmcm_adv_inst/CLKOUT0
                         net (fo=1, routed)           2.130    -3.669    pll_inst/inst/clk_out1_pll
    BUFGCTRL_X0Y1        BUFG (Prop_bufg_I_O)         0.093    -3.576 r  pll_inst/inst/clkout1_buf/O
                         net (fo=581, routed)         1.437    -2.139    student_top_inst/mem_bridge/seg_driver/clk
    SLICE_X42Y125        FDCE                                         r  student_top_inst/mem_bridge/seg_driver/count_reg[4]/C
  -------------------------------------------------------------------    -------------------
    SLICE_X42Y125        FDCE (Prop_fdce_C_Q)         0.236    -1.903 r  student_top_inst/mem_bridge/seg_driver/count_reg[4]/Q
                         net (fo=26, routed)          1.401    -0.503    student_top_inst/mem_bridge/seg_driver/ans[6]
    SLICE_X38Y142        LUT3 (Prop_lut3_I1_O)        0.126    -0.377 r  student_top_inst/mem_bridge/seg_driver/SEG1_i_1/O
                         net (fo=7, routed)           0.573     0.197    student_top_inst/mem_bridge/seg_driver/SEG1/din[3]
    SLICE_X37Y142        LUT4 (Prop_lut4_I0_O)        0.050     0.247 r  student_top_inst/mem_bridge/seg_driver/SEG1/dout[5]_INST_0/O
                         net (fo=2, routed)           4.629     4.876    virtual_seg_OBUF[5]
    K15                  OBUF (Prop_obuf_I_O)         2.468     7.344 r  virtual_seg_OBUF[5]_inst/O
                         net (fo=0)                   0.000     7.344    virtual_seg[5]
    K15                                                               r  virtual_seg[5] (OUT)
  -------------------------------------------------------------------    -------------------

Slack:                    inf
  Source:                 student_top_inst/mem_bridge/seg_driver/count_reg[4]/C
                            (rising edge-triggered cell FDCE clocked by clk_out1_pll  {rise@0.000ns fall@10.000ns period=20.000ns})
  Destination:            virtual_seg[15]
                            (output port)
  Path Group:             (none)
  Path Type:              Max at Slow Process Corner
  Data Path Delay:        9.452ns  (logic 3.002ns (31.759%)  route 6.450ns (68.241%))
  Logic Levels:           3  (LUT3=1 LUT4=1 OBUF=1)
  Clock Uncertainty:      0.159ns  ((TSJ^2 + DJ^2)^1/2) / 2 + PE
    Total System Jitter     (TSJ):    0.050ns
    Discrete Jitter          (DJ):    0.129ns
    Phase Error              (PE):    0.090ns

    Location             Delay type                Incr(ns)  Path(ns)    Netlist Resource(s)
  -------------------------------------------------------------------    -------------------
                         (clock clk_out1_pll rise edge)
                                                      0.000     0.000 r  
    AD12                                              0.000     0.000 r  i_sys_clk_p (IN)
                         net (fo=0)                   0.000     0.000    pll_inst/inst/clk_in1_p
    AD12                 IBUFDS (Prop_ibufds_I_O)     0.906     0.906 r  pll_inst/inst/clkin1_ibufgds/O
                         net (fo=1, routed)           1.081     1.987    pll_inst/inst/clk_in1_pll
    MMCME2_ADV_X1Y1      MMCME2_ADV (Prop_mmcme2_adv_CLKIN1_CLKOUT0)
                                                     -7.786    -5.799 r  pll_inst/inst/mmcm_adv_inst/CLKOUT0
                         net (fo=1, routed)           2.130    -3.669    pll_inst/inst/clk_out1_pll
    BUFGCTRL_X0Y1        BUFG (Prop_bufg_I_O)         0.093    -3.576 r  pll_inst/inst/clkout1_buf/O
                         net (fo=581, routed)         1.437    -2.139    student_top_inst/mem_bridge/seg_driver/clk
    SLICE_X42Y125        FDCE                                         r  student_top_inst/mem_bridge/seg_driver/count_reg[4]/C
  -------------------------------------------------------------------    -------------------
    SLICE_X42Y125        FDCE (Prop_fdce_C_Q)         0.236    -1.903 r  student_top_inst/mem_bridge/seg_driver/count_reg[4]/Q
                         net (fo=26, routed)          1.480    -0.424    student_top_inst/mem_bridge/seg_driver/ans[6]
    SLICE_X40Y143        LUT3 (Prop_lut3_I1_O)        0.134    -0.290 r  student_top_inst/mem_bridge/seg_driver/SEG2_i_2/O
                         net (fo=7, routed)           0.363     0.074    student_top_inst/mem_bridge/seg_driver/SEG2/din[2]
    SLICE_X39Y143        LUT4 (Prop_lut4_I1_O)        0.145     0.219 r  student_top_inst/mem_bridge/seg_driver/SEG2/dout[5]_INST_0/O
                         net (fo=2, routed)           4.607     4.826    virtual_seg_OBUF[15]
    H12                  OBUF (Prop_obuf_I_O)         2.487     7.313 r  virtual_seg_OBUF[15]_inst/O
                         net (fo=0)                   0.000     7.313    virtual_seg[15]
    H12                                                               r  virtual_seg[15] (OUT)
  -------------------------------------------------------------------    -------------------

Slack:                    inf
  Source:                 student_top_inst/mem_bridge/seg_driver/count_reg[4]/C
                            (rising edge-triggered cell FDCE clocked by clk_out1_pll  {rise@0.000ns fall@10.000ns period=20.000ns})
  Destination:            virtual_seg[1]
                            (output port)
  Path Group:             (none)
  Path Type:              Max at Slow Process Corner
  Data Path Delay:        9.209ns  (logic 2.877ns (31.240%)  route 6.332ns (68.760%))
  Logic Levels:           3  (LUT3=1 LUT4=1 OBUF=1)
  Clock Uncertainty:      0.159ns  ((TSJ^2 + DJ^2)^1/2) / 2 + PE
    Total System Jitter     (TSJ):    0.050ns
    Discrete Jitter          (DJ):    0.129ns
    Phase Error              (PE):    0.090ns

    Location             Delay type                Incr(ns)  Path(ns)    Netlist Resource(s)
  -------------------------------------------------------------------    -------------------
                         (clock clk_out1_pll rise edge)
                                                      0.000     0.000 r  
    AD12                                              0.000     0.000 r  i_sys_clk_p (IN)
                         net (fo=0)                   0.000     0.000    pll_inst/inst/clk_in1_p
    AD12                 IBUFDS (Prop_ibufds_I_O)     0.906     0.906 r  pll_inst/inst/clkin1_ibufgds/O
                         net (fo=1, routed)           1.081     1.987    pll_inst/inst/clk_in1_pll
    MMCME2_ADV_X1Y1      MMCME2_ADV (Prop_mmcme2_adv_CLKIN1_CLKOUT0)
                                                     -7.786    -5.799 r  pll_inst/inst/mmcm_adv_inst/CLKOUT0
                         net (fo=1, routed)           2.130    -3.669    pll_inst/inst/clk_out1_pll
    BUFGCTRL_X0Y1        BUFG (Prop_bufg_I_O)         0.093    -3.576 r  pll_inst/inst/clkout1_buf/O
                         net (fo=581, routed)         1.437    -2.139    student_top_inst/mem_bridge/seg_driver/clk
    SLICE_X42Y125        FDCE                                         r  student_top_inst/mem_bridge/seg_driver/count_reg[4]/C
  -------------------------------------------------------------------    -------------------
    SLICE_X42Y125        FDCE (Prop_fdce_C_Q)         0.236    -1.903 r  student_top_inst/mem_bridge/seg_driver/count_reg[4]/Q
                         net (fo=26, routed)          1.401    -0.503    student_top_inst/mem_bridge/seg_driver/ans[6]
    SLICE_X38Y142        LUT3 (Prop_lut3_I1_O)        0.126    -0.377 r  student_top_inst/mem_bridge/seg_driver/SEG1_i_1/O
                         net (fo=7, routed)           0.580     0.204    student_top_inst/mem_bridge/seg_driver/SEG1/din[3]
    SLICE_X37Y142        LUT4 (Prop_lut4_I0_O)        0.049     0.253 r  student_top_inst/mem_bridge/seg_driver/SEG1/dout[1]_INST_0/O
                         net (fo=2, routed)           4.351     4.604    virtual_seg_OBUF[1]
    L15                  OBUF (Prop_obuf_I_O)         2.466     7.070 r  virtual_seg_OBUF[1]_inst/O
                         net (fo=0)                   0.000     7.070    virtual_seg[1]
    L15                                                               r  virtual_seg[1] (OUT)
  -------------------------------------------------------------------    -------------------

Slack:                    inf
  Source:                 uart_inst/tx_reg/C
                            (rising edge-triggered cell FDPE clocked by clk_out1_pll  {rise@0.000ns fall@10.000ns period=20.000ns})
  Destination:            o_uart_tx
                            (output port)
  Path Group:             (none)
  Path Type:              Max at Slow Process Corner
  Data Path Delay:        9.170ns  (logic 3.539ns (38.592%)  route 5.631ns (61.408%))
  Logic Levels:           1  (OBUF=1)
  Clock Uncertainty:      0.159ns  ((TSJ^2 + DJ^2)^1/2) / 2 + PE
    Total System Jitter     (TSJ):    0.050ns
    Discrete Jitter          (DJ):    0.129ns
    Phase Error              (PE):    0.090ns

    Location             Delay type                Incr(ns)  Path(ns)    Netlist Resource(s)
  -------------------------------------------------------------------    -------------------
                         (clock clk_out1_pll rise edge)
                                                      0.000     0.000 r  
    AD12                                              0.000     0.000 r  i_sys_clk_p (IN)
                         net (fo=0)                   0.000     0.000    pll_inst/inst/clk_in1_p
    AD12                 IBUFDS (Prop_ibufds_I_O)     0.906     0.906 r  pll_inst/inst/clkin1_ibufgds/O
                         net (fo=1, routed)           1.081     1.987    pll_inst/inst/clk_in1_pll
    MMCME2_ADV_X1Y1      MMCME2_ADV (Prop_mmcme2_adv_CLKIN1_CLKOUT0)
                                                     -7.786    -5.799 r  pll_inst/inst/mmcm_adv_inst/CLKOUT0
                         net (fo=1, routed)           2.130    -3.669    pll_inst/inst/clk_out1_pll
    BUFGCTRL_X0Y1        BUFG (Prop_bufg_I_O)         0.093    -3.576 r  pll_inst/inst/clkout1_buf/O
                         net (fo=581, routed)         1.448    -2.128    uart_inst/clk
    SLICE_X36Y130        FDPE                                         r  uart_inst/tx_reg/C
  -------------------------------------------------------------------    -------------------
    SLICE_X36Y130        FDPE (Prop_fdpe_C_Q)         0.223    -1.905 r  uart_inst/tx_reg/Q
                         net (fo=1, routed)           5.631     3.726    o_uart_tx_OBUF
    D17                  OBUF (Prop_obuf_I_O)         3.316     7.042 r  o_uart_tx_OBUF_inst/O
                         net (fo=0)                   0.000     7.042    o_uart_tx
    D17                                                               r  o_uart_tx (OUT)
  -------------------------------------------------------------------    -------------------

Slack:                    inf
  Source:                 student_top_inst/mem_bridge/seg_driver/count_reg[4]/C
                            (rising edge-triggered cell FDCE clocked by clk_out1_pll  {rise@0.000ns fall@10.000ns period=20.000ns})
  Destination:            virtual_seg[10]
                            (output port)
  Path Group:             (none)
  Path Type:              Max at Slow Process Corner
  Data Path Delay:        9.154ns  (logic 2.891ns (31.578%)  route 6.263ns (68.422%))
  Logic Levels:           3  (LUT3=1 LUT4=1 OBUF=1)
  Clock Uncertainty:      0.159ns  ((TSJ^2 + DJ^2)^1/2) / 2 + PE
    Total System Jitter     (TSJ):    0.050ns
    Discrete Jitter          (DJ):    0.129ns
    Phase Error              (PE):    0.090ns

    Location             Delay type                Incr(ns)  Path(ns)    Netlist Resource(s)
  -------------------------------------------------------------------    -------------------
                         (clock clk_out1_pll rise edge)
                                                      0.000     0.000 r  
    AD12                                              0.000     0.000 r  i_sys_clk_p (IN)
                         net (fo=0)                   0.000     0.000    pll_inst/inst/clk_in1_p
    AD12                 IBUFDS (Prop_ibufds_I_O)     0.906     0.906 r  pll_inst/inst/clkin1_ibufgds/O
                         net (fo=1, routed)           1.081     1.987    pll_inst/inst/clk_in1_pll
    MMCME2_ADV_X1Y1      MMCME2_ADV (Prop_mmcme2_adv_CLKIN1_CLKOUT0)
                                                     -7.786    -5.799 r  pll_inst/inst/mmcm_adv_inst/CLKOUT0
                         net (fo=1, routed)           2.130    -3.669    pll_inst/inst/clk_out1_pll
    BUFGCTRL_X0Y1        BUFG (Prop_bufg_I_O)         0.093    -3.576 r  pll_inst/inst/clkout1_buf/O
                         net (fo=581, routed)         1.437    -2.139    student_top_inst/mem_bridge/seg_driver/clk
    SLICE_X42Y125        FDCE                                         r  student_top_inst/mem_bridge/seg_driver/count_reg[4]/C
  -------------------------------------------------------------------    -------------------
    SLICE_X42Y125        FDCE (Prop_fdce_C_Q)         0.236    -1.903 r  student_top_inst/mem_bridge/seg_driver/count_reg[4]/Q
                         net (fo=26, routed)          1.480    -0.424    student_top_inst/mem_bridge/seg_driver/ans[6]
    SLICE_X40Y143        LUT3 (Prop_lut3_I1_O)        0.134    -0.290 r  student_top_inst/mem_bridge/seg_driver/SEG2_i_2/O
                         net (fo=7, routed)           0.452     0.163    student_top_inst/mem_bridge/seg_driver/SEG2/din[2]
    SLICE_X39Y143        LUT4 (Prop_lut4_I1_O)        0.136     0.299 r  student_top_inst/mem_bridge/seg_driver/SEG2/dout[0]_INST_0/O
                         net (fo=2, routed)           4.331     4.630    virtual_seg_OBUF[10]
    J13                  OBUF (Prop_obuf_I_O)         2.385     7.014 r  virtual_seg_OBUF[10]_inst/O
                         net (fo=0)                   0.000     7.014    virtual_seg[10]
    J13                                                               r  virtual_seg[10] (OUT)
  -------------------------------------------------------------------    -------------------

Slack:                    inf
  Source:                 student_top_inst/mem_bridge/seg_driver/count_reg[4]/C
                            (rising edge-triggered cell FDCE clocked by clk_out1_pll  {rise@0.000ns fall@10.000ns period=20.000ns})
  Destination:            virtual_seg[13]
                            (output port)
  Path Group:             (none)
  Path Type:              Max at Slow Process Corner
  Data Path Delay:        9.029ns  (logic 3.020ns (33.446%)  route 6.009ns (66.554%))
  Logic Levels:           3  (LUT3=1 LUT4=1 OBUF=1)
  Clock Uncertainty:      0.159ns  ((TSJ^2 + DJ^2)^1/2) / 2 + PE
    Total System Jitter     (TSJ):    0.050ns
    Discrete Jitter          (DJ):    0.129ns
    Phase Error              (PE):    0.090ns

    Location             Delay type                Incr(ns)  Path(ns)    Netlist Resource(s)
  -------------------------------------------------------------------    -------------------
                         (clock clk_out1_pll rise edge)
                                                      0.000     0.000 r  
    AD12                                              0.000     0.000 r  i_sys_clk_p (IN)
                         net (fo=0)                   0.000     0.000    pll_inst/inst/clk_in1_p
    AD12                 IBUFDS (Prop_ibufds_I_O)     0.906     0.906 r  pll_inst/inst/clkin1_ibufgds/O
                         net (fo=1, routed)           1.081     1.987    pll_inst/inst/clk_in1_pll
    MMCME2_ADV_X1Y1      MMCME2_ADV (Prop_mmcme2_adv_CLKIN1_CLKOUT0)
                                                     -7.786    -5.799 r  pll_inst/inst/mmcm_adv_inst/CLKOUT0
                         net (fo=1, routed)           2.130    -3.669    pll_inst/inst/clk_out1_pll
    BUFGCTRL_X0Y1        BUFG (Prop_bufg_I_O)         0.093    -3.576 r  pll_inst/inst/clkout1_buf/O
                         net (fo=581, routed)         1.437    -2.139    student_top_inst/mem_bridge/seg_driver/clk
    SLICE_X42Y125        FDCE                                         r  student_top_inst/mem_bridge/seg_driver/count_reg[4]/C
  -------------------------------------------------------------------    -------------------
    SLICE_X42Y125        FDCE (Prop_fdce_C_Q)         0.236    -1.903 r  student_top_inst/mem_bridge/seg_driver/count_reg[4]/Q
                         net (fo=26, routed)          1.480    -0.424    student_top_inst/mem_bridge/seg_driver/ans[6]
    SLICE_X40Y143        LUT3 (Prop_lut3_I1_O)        0.134    -0.290 r  student_top_inst/mem_bridge/seg_driver/SEG2_i_2/O
                         net (fo=7, routed)           0.452     0.163    student_top_inst/mem_bridge/seg_driver/SEG2/din[2]
    SLICE_X39Y143        LUT4 (Prop_lut4_I1_O)        0.147     0.310 r  student_top_inst/mem_bridge/seg_driver/SEG2/dout[3]_INST_0/O
                         net (fo=2, routed)           4.077     4.387    virtual_seg_OBUF[13]
    L11                  OBUF (Prop_obuf_I_O)         2.503     6.889 r  virtual_seg_OBUF[13]_inst/O
                         net (fo=0)                   0.000     6.889    virtual_seg[13]
    L11                                                               r  virtual_seg[13] (OUT)
  -------------------------------------------------------------------    -------------------

Slack:                    inf
  Source:                 student_top_inst/mem_bridge/seg_driver/count_reg[4]/C
                            (rising edge-triggered cell FDCE clocked by clk_out1_pll  {rise@0.000ns fall@10.000ns period=20.000ns})
  Destination:            virtual_seg[0]
                            (output port)
  Path Group:             (none)
  Path Type:              Max at Slow Process Corner
  Data Path Delay:        9.017ns  (logic 2.780ns (30.834%)  route 6.237ns (69.166%))
  Logic Levels:           3  (LUT3=1 LUT4=1 OBUF=1)
  Clock Uncertainty:      0.159ns  ((TSJ^2 + DJ^2)^1/2) / 2 + PE
    Total System Jitter     (TSJ):    0.050ns
    Discrete Jitter          (DJ):    0.129ns
    Phase Error              (PE):    0.090ns

    Location             Delay type                Incr(ns)  Path(ns)    Netlist Resource(s)
  -------------------------------------------------------------------    -------------------
                         (clock clk_out1_pll rise edge)
                                                      0.000     0.000 r  
    AD12                                              0.000     0.000 r  i_sys_clk_p (IN)
                         net (fo=0)                   0.000     0.000    pll_inst/inst/clk_in1_p
    AD12                 IBUFDS (Prop_ibufds_I_O)     0.906     0.906 r  pll_inst/inst/clkin1_ibufgds/O
                         net (fo=1, routed)           1.081     1.987    pll_inst/inst/clk_in1_pll
    MMCME2_ADV_X1Y1      MMCME2_ADV (Prop_mmcme2_adv_CLKIN1_CLKOUT0)
                                                     -7.786    -5.799 r  pll_inst/inst/mmcm_adv_inst/CLKOUT0
                         net (fo=1, routed)           2.130    -3.669    pll_inst/inst/clk_out1_pll
    BUFGCTRL_X0Y1        BUFG (Prop_bufg_I_O)         0.093    -3.576 r  pll_inst/inst/clkout1_buf/O
                         net (fo=581, routed)         1.437    -2.139    student_top_inst/mem_bridge/seg_driver/clk
    SLICE_X42Y125        FDCE                                         r  student_top_inst/mem_bridge/seg_driver/count_reg[4]/C
  -------------------------------------------------------------------    -------------------
    SLICE_X42Y125        FDCE (Prop_fdce_C_Q)         0.236    -1.903 r  student_top_inst/mem_bridge/seg_driver/count_reg[4]/Q
                         net (fo=26, routed)          1.401    -0.503    student_top_inst/mem_bridge/seg_driver/ans[6]
    SLICE_X38Y142        LUT3 (Prop_lut3_I1_O)        0.126    -0.377 r  student_top_inst/mem_bridge/seg_driver/SEG1_i_1/O
                         net (fo=7, routed)           0.580     0.204    student_top_inst/mem_bridge/seg_driver/SEG1/din[3]
    SLICE_X37Y142        LUT4 (Prop_lut4_I0_O)        0.043     0.247 r  student_top_inst/mem_bridge/seg_driver/SEG1/dout[0]_INST_0/O
                         net (fo=2, routed)           4.256     4.503    virtual_seg_OBUF[0]
    K14                  OBUF (Prop_obuf_I_O)         2.375     6.878 r  virtual_seg_OBUF[0]_inst/O
                         net (fo=0)                   0.000     6.878    virtual_seg[0]
    K14                                                               r  virtual_seg[0] (OUT)
  -------------------------------------------------------------------    -------------------

Slack:                    inf
  Source:                 student_top_inst/mem_bridge/seg_driver/count_reg[4]/C
                            (rising edge-triggered cell FDCE clocked by clk_out1_pll  {rise@0.000ns fall@10.000ns period=20.000ns})
  Destination:            virtual_seg[9]
                            (output port)
  Path Group:             (none)
  Path Type:              Max at Slow Process Corner
  Data Path Delay:        9.008ns  (logic 2.744ns (30.457%)  route 6.265ns (69.543%))
  Logic Levels:           2  (LUT1=1 OBUF=1)
  Clock Uncertainty:      0.159ns  ((TSJ^2 + DJ^2)^1/2) / 2 + PE
    Total System Jitter     (TSJ):    0.050ns
    Discrete Jitter          (DJ):    0.129ns
    Phase Error              (PE):    0.090ns

    Location             Delay type                Incr(ns)  Path(ns)    Netlist Resource(s)
  -------------------------------------------------------------------    -------------------
                         (clock clk_out1_pll rise edge)
                                                      0.000     0.000 r  
    AD12                                              0.000     0.000 r  i_sys_clk_p (IN)
                         net (fo=0)                   0.000     0.000    pll_inst/inst/clk_in1_p
    AD12                 IBUFDS (Prop_ibufds_I_O)     0.906     0.906 r  pll_inst/inst/clkin1_ibufgds/O
                         net (fo=1, routed)           1.081     1.987    pll_inst/inst/clk_in1_pll
    MMCME2_ADV_X1Y1      MMCME2_ADV (Prop_mmcme2_adv_CLKIN1_CLKOUT0)
                                                     -7.786    -5.799 r  pll_inst/inst/mmcm_adv_inst/CLKOUT0
                         net (fo=1, routed)           2.130    -3.669    pll_inst/inst/clk_out1_pll
    BUFGCTRL_X0Y1        BUFG (Prop_bufg_I_O)         0.093    -3.576 r  pll_inst/inst/clkout1_buf/O
                         net (fo=581, routed)         1.437    -2.139    student_top_inst/mem_bridge/seg_driver/clk
    SLICE_X42Y125        FDCE                                         r  student_top_inst/mem_bridge/seg_driver/count_reg[4]/C
  -------------------------------------------------------------------    -------------------
    SLICE_X42Y125        FDCE (Prop_fdce_C_Q)         0.236    -1.903 f  student_top_inst/mem_bridge/seg_driver/count_reg[4]/Q
                         net (fo=26, routed)          2.931     1.028    student_top_inst/mem_bridge/seg_driver/ans[6]
    SLICE_X4Y200         LUT1 (Prop_lut1_I0_O)        0.126     1.154 r  student_top_inst/mem_bridge/seg_driver/ans[7]_INST_0/O
                         net (fo=8, routed)           3.333     4.487    virtual_seg_OBUF[9]
    L16                  OBUF (Prop_obuf_I_O)         2.382     6.869 r  virtual_seg_OBUF[9]_inst/O
                         net (fo=0)                   0.000     6.869    virtual_seg[9]
    L16                                                               r  virtual_seg[9] (OUT)
  -------------------------------------------------------------------    -------------------

Slack:                    inf
  Source:                 student_top_inst/mem_bridge/seg_driver/count_reg[4]/C
                            (rising edge-triggered cell FDCE clocked by clk_out1_pll  {rise@0.000ns fall@10.000ns period=20.000ns})
  Destination:            virtual_seg[3]
                            (output port)
  Path Group:             (none)
  Path Type:              Max at Slow Process Corner
  Data Path Delay:        8.825ns  (logic 2.894ns (32.794%)  route 5.931ns (67.206%))
  Logic Levels:           3  (LUT3=1 LUT4=1 OBUF=1)
  Clock Uncertainty:      0.159ns  ((TSJ^2 + DJ^2)^1/2) / 2 + PE
    Total System Jitter     (TSJ):    0.050ns
    Discrete Jitter          (DJ):    0.129ns
    Phase Error              (PE):    0.090ns

    Location             Delay type                Incr(ns)  Path(ns)    Netlist Resource(s)
  -------------------------------------------------------------------    -------------------
                         (clock clk_out1_pll rise edge)
                                                      0.000     0.000 r  
    AD12                                              0.000     0.000 r  i_sys_clk_p (IN)
                         net (fo=0)                   0.000     0.000    pll_inst/inst/clk_in1_p
    AD12                 IBUFDS (Prop_ibufds_I_O)     0.906     0.906 r  pll_inst/inst/clkin1_ibufgds/O
                         net (fo=1, routed)           1.081     1.987    pll_inst/inst/clk_in1_pll
    MMCME2_ADV_X1Y1      MMCME2_ADV (Prop_mmcme2_adv_CLKIN1_CLKOUT0)
                                                     -7.786    -5.799 r  pll_inst/inst/mmcm_adv_inst/CLKOUT0
                         net (fo=1, routed)           2.130    -3.669    pll_inst/inst/clk_out1_pll
    BUFGCTRL_X0Y1        BUFG (Prop_bufg_I_O)         0.093    -3.576 r  pll_inst/inst/clkout1_buf/O
                         net (fo=581, routed)         1.437    -2.139    student_top_inst/mem_bridge/seg_driver/clk
    SLICE_X42Y125        FDCE                                         r  student_top_inst/mem_bridge/seg_driver/count_reg[4]/C
  -------------------------------------------------------------------    -------------------
    SLICE_X42Y125        FDCE (Prop_fdce_C_Q)         0.236    -1.903 r  student_top_inst/mem_bridge/seg_driver/count_reg[4]/Q
                         net (fo=26, routed)          1.401    -0.503    student_top_inst/mem_bridge/seg_driver/ans[6]
    SLICE_X38Y142        LUT3 (Prop_lut3_I1_O)        0.126    -0.377 r  student_top_inst/mem_bridge/seg_driver/SEG1_i_1/O
                         net (fo=7, routed)           0.580     0.204    student_top_inst/mem_bridge/seg_driver/SEG1/din[3]
    SLICE_X37Y142        LUT4 (Prop_lut4_I0_O)        0.054     0.258 r  student_top_inst/mem_bridge/seg_driver/SEG1/dout[3]_INST_0/O
                         net (fo=2, routed)           3.950     4.207    virtual_seg_OBUF[3]
    J16                  OBUF (Prop_obuf_I_O)         2.478     6.685 r  virtual_seg_OBUF[3]_inst/O
                         net (fo=0)                   0.000     6.685    virtual_seg[3]
    J16                                                               r  virtual_seg[3] (OUT)
  -------------------------------------------------------------------    -------------------

Slack:                    inf
  Source:                 student_top_inst/mem_bridge/seg_driver/count_reg[4]/C
                            (rising edge-triggered cell FDCE clocked by clk_out1_pll  {rise@0.000ns fall@10.000ns period=20.000ns})
  Destination:            virtual_seg[14]
                            (output port)
  Path Group:             (none)
  Path Type:              Max at Slow Process Corner
  Data Path Delay:        8.807ns  (logic 2.912ns (33.066%)  route 5.895ns (66.934%))
  Logic Levels:           3  (LUT3=1 LUT4=1 OBUF=1)
  Clock Uncertainty:      0.159ns  ((TSJ^2 + DJ^2)^1/2) / 2 + PE
    Total System Jitter     (TSJ):    0.050ns
    Discrete Jitter          (DJ):    0.129ns
    Phase Error              (PE):    0.090ns

    Location             Delay type                Incr(ns)  Path(ns)    Netlist Resource(s)
  -------------------------------------------------------------------    -------------------
                         (clock clk_out1_pll rise edge)
                                                      0.000     0.000 r  
    AD12                                              0.000     0.000 r  i_sys_clk_p (IN)
                         net (fo=0)                   0.000     0.000    pll_inst/inst/clk_in1_p
    AD12                 IBUFDS (Prop_ibufds_I_O)     0.906     0.906 r  pll_inst/inst/clkin1_ibufgds/O
                         net (fo=1, routed)           1.081     1.987    pll_inst/inst/clk_in1_pll
    MMCME2_ADV_X1Y1      MMCME2_ADV (Prop_mmcme2_adv_CLKIN1_CLKOUT0)
                                                     -7.786    -5.799 r  pll_inst/inst/mmcm_adv_inst/CLKOUT0
                         net (fo=1, routed)           2.130    -3.669    pll_inst/inst/clk_out1_pll
    BUFGCTRL_X0Y1        BUFG (Prop_bufg_I_O)         0.093    -3.576 r  pll_inst/inst/clkout1_buf/O
                         net (fo=581, routed)         1.437    -2.139    student_top_inst/mem_bridge/seg_driver/clk
    SLICE_X42Y125        FDCE                                         r  student_top_inst/mem_bridge/seg_driver/count_reg[4]/C
  -------------------------------------------------------------------    -------------------
    SLICE_X42Y125        FDCE (Prop_fdce_C_Q)         0.236    -1.903 r  student_top_inst/mem_bridge/seg_driver/count_reg[4]/Q
                         net (fo=26, routed)          1.480    -0.424    student_top_inst/mem_bridge/seg_driver/ans[6]
    SLICE_X40Y143        LUT3 (Prop_lut3_I1_O)        0.134    -0.290 r  student_top_inst/mem_bridge/seg_driver/SEG2_i_2/O
                         net (fo=7, routed)           0.363     0.074    student_top_inst/mem_bridge/seg_driver/SEG2/din[2]
    SLICE_X39Y143        LUT4 (Prop_lut4_I2_O)        0.136     0.210 r  student_top_inst/mem_bridge/seg_driver/SEG2/dout[4]_INST_0/O
                         net (fo=2, routed)           4.052     4.262    virtual_seg_OBUF[14]
    J11                  OBUF (Prop_obuf_I_O)         2.406     6.668 r  virtual_seg_OBUF[14]_inst/O
                         net (fo=0)                   0.000     6.668    virtual_seg[14]
    J11                                                               r  virtual_seg[14] (OUT)
  -------------------------------------------------------------------    -------------------





--------------------------------------------------------------------------------------
Path Group:  (none)
From Clock:  clk_out2_pll
  To Clock:  

Max Delay            32 Endpoints
Min Delay             0 Endpoints
--------------------------------------------------------------------------------------


Max Delay Paths
--------------------------------------------------------------------------------------
Slack:                    inf
  Source:                 student_top_inst/mem_bridge/led_q_reg[17]/C
                            (rising edge-triggered cell FDRE clocked by clk_out2_pll  {rise@0.000ns fall@2.500ns period=5.000ns})
  Destination:            virtual_led[17]
                            (output port)
  Path Group:             (none)
  Path Type:              Max at Slow Process Corner
  Data Path Delay:        7.267ns  (logic 2.601ns (35.786%)  route 4.666ns (64.214%))
  Logic Levels:           1  (OBUF=1)
  Clock Uncertainty:      0.145ns  ((TSJ^2 + DJ^2)^1/2) / 2 + PE
    Total System Jitter     (TSJ):    0.050ns
    Discrete Jitter          (DJ):    0.098ns
    Phase Error              (PE):    0.090ns

    Location             Delay type                Incr(ns)  Path(ns)    Netlist Resource(s)
  -------------------------------------------------------------------    -------------------
                         (clock clk_out2_pll rise edge)
                                                      0.000     0.000 r  
    AD12                                              0.000     0.000 r  i_sys_clk_p (IN)
                         net (fo=0)                   0.000     0.000    pll_inst/inst/clk_in1_p
    AD12                 IBUFDS (Prop_ibufds_I_O)     0.906     0.906 r  pll_inst/inst/clkin1_ibufgds/O
                         net (fo=1, routed)           1.081     1.987    pll_inst/inst/clk_in1_pll
    MMCME2_ADV_X1Y1      MMCME2_ADV (Prop_mmcme2_adv_CLKIN1_CLKOUT1)
                                                     -7.786    -5.799 r  pll_inst/inst/mmcm_adv_inst/CLKOUT1
                         net (fo=1, routed)           2.130    -3.669    pll_inst/inst/clk_out2_pll
    BUFGCTRL_X0Y0        BUFG (Prop_bufg_I_O)         0.093    -3.576 r  pll_inst/inst/clkout2_buf/O
                         net (fo=12327, routed)       1.458    -2.118    student_top_inst/mem_bridge/clk
    SLICE_X40Y145        FDRE                                         r  student_top_inst/mem_bridge/led_q_reg[17]/C
  -------------------------------------------------------------------    -------------------
    SLICE_X40Y145        FDRE (Prop_fdre_C_Q)         0.223    -1.895 r  student_top_inst/mem_bridge/led_q_reg[17]/Q
                         net (fo=2, routed)           4.666     2.771    virtual_led_OBUF[17]
    F23                  OBUF (Prop_obuf_I_O)         2.378     5.148 r  virtual_led_OBUF[17]_inst/O
                         net (fo=0)                   0.000     5.148    virtual_led[17]
    F23                                                               r  virtual_led[17] (OUT)
  -------------------------------------------------------------------    -------------------

Slack:                    inf
  Source:                 student_top_inst/mem_bridge/led_q_reg[3]/C
                            (rising edge-triggered cell FDRE clocked by clk_out2_pll  {rise@0.000ns fall@2.500ns period=5.000ns})
  Destination:            virtual_led[3]
                            (output port)
  Path Group:             (none)
  Path Type:              Max at Slow Process Corner
  Data Path Delay:        7.153ns  (logic 2.652ns (37.075%)  route 4.501ns (62.925%))
  Logic Levels:           1  (OBUF=1)
  Clock Uncertainty:      0.145ns  ((TSJ^2 + DJ^2)^1/2) / 2 + PE
    Total System Jitter     (TSJ):    0.050ns
    Discrete Jitter          (DJ):    0.098ns
    Phase Error              (PE):    0.090ns

    Location             Delay type                Incr(ns)  Path(ns)    Netlist Resource(s)
  -------------------------------------------------------------------    -------------------
                         (clock clk_out2_pll rise edge)
                                                      0.000     0.000 r  
    AD12                                              0.000     0.000 r  i_sys_clk_p (IN)
                         net (fo=0)                   0.000     0.000    pll_inst/inst/clk_in1_p
    AD12                 IBUFDS (Prop_ibufds_I_O)     0.906     0.906 r  pll_inst/inst/clkin1_ibufgds/O
                         net (fo=1, routed)           1.081     1.987    pll_inst/inst/clk_in1_pll
    MMCME2_ADV_X1Y1      MMCME2_ADV (Prop_mmcme2_adv_CLKIN1_CLKOUT1)
                                                     -7.786    -5.799 r  pll_inst/inst/mmcm_adv_inst/CLKOUT1
                         net (fo=1, routed)           2.130    -3.669    pll_inst/inst/clk_out2_pll
    BUFGCTRL_X0Y0        BUFG (Prop_bufg_I_O)         0.093    -3.576 r  pll_inst/inst/clkout2_buf/O
                         net (fo=12327, routed)       1.456    -2.120    student_top_inst/mem_bridge/clk
    SLICE_X42Y144        FDRE                                         r  student_top_inst/mem_bridge/led_q_reg[3]/C
  -------------------------------------------------------------------    -------------------
    SLICE_X42Y144        FDRE (Prop_fdre_C_Q)         0.259    -1.861 r  student_top_inst/mem_bridge/led_q_reg[3]/Q
                         net (fo=2, routed)           4.501     2.640    virtual_led_OBUF[3]
    E25                  OBUF (Prop_obuf_I_O)         2.393     5.033 r  virtual_led_OBUF[3]_inst/O
                         net (fo=0)                   0.000     5.033    virtual_led[3]
    E25                                                               r  virtual_led[3] (OUT)
  -------------------------------------------------------------------    -------------------

Slack:                    inf
  Source:                 student_top_inst/mem_bridge/led_q_reg[8]/C
                            (rising edge-triggered cell FDRE clocked by clk_out2_pll  {rise@0.000ns fall@2.500ns period=5.000ns})
  Destination:            virtual_led[8]
                            (output port)
  Path Group:             (none)
  Path Type:              Max at Slow Process Corner
  Data Path Delay:        7.074ns  (logic 2.598ns (36.723%)  route 4.476ns (63.277%))
  Logic Levels:           1  (OBUF=1)
  Clock Uncertainty:      0.145ns  ((TSJ^2 + DJ^2)^1/2) / 2 + PE
    Total System Jitter     (TSJ):    0.050ns
    Discrete Jitter          (DJ):    0.098ns
    Phase Error              (PE):    0.090ns

    Location             Delay type                Incr(ns)  Path(ns)    Netlist Resource(s)
  -------------------------------------------------------------------    -------------------
                         (clock clk_out2_pll rise edge)
                                                      0.000     0.000 r  
    AD12                                              0.000     0.000 r  i_sys_clk_p (IN)
                         net (fo=0)                   0.000     0.000    pll_inst/inst/clk_in1_p
    AD12                 IBUFDS (Prop_ibufds_I_O)     0.906     0.906 r  pll_inst/inst/clkin1_ibufgds/O
                         net (fo=1, routed)           1.081     1.987    pll_inst/inst/clk_in1_pll
    MMCME2_ADV_X1Y1      MMCME2_ADV (Prop_mmcme2_adv_CLKIN1_CLKOUT1)
                                                     -7.786    -5.799 r  pll_inst/inst/mmcm_adv_inst/CLKOUT1
                         net (fo=1, routed)           2.130    -3.669    pll_inst/inst/clk_out2_pll
    BUFGCTRL_X0Y0        BUFG (Prop_bufg_I_O)         0.093    -3.576 r  pll_inst/inst/clkout2_buf/O
                         net (fo=12327, routed)       1.456    -2.120    student_top_inst/mem_bridge/clk
    SLICE_X43Y145        FDRE                                         r  student_top_inst/mem_bridge/led_q_reg[8]/C
  -------------------------------------------------------------------    -------------------
    SLICE_X43Y145        FDRE (Prop_fdre_C_Q)         0.223    -1.897 r  student_top_inst/mem_bridge/led_q_reg[8]/Q
                         net (fo=2, routed)           4.476     2.579    virtual_led_OBUF[8]
    G23                  OBUF (Prop_obuf_I_O)         2.375     4.954 r  virtual_led_OBUF[8]_inst/O
                         net (fo=0)                   0.000     4.954    virtual_led[8]
    G23                                                               r  virtual_led[8] (OUT)
  -------------------------------------------------------------------    -------------------

Slack:                    inf
  Source:                 student_top_inst/mem_bridge/led_q_reg[31]/C
                            (rising edge-triggered cell FDRE clocked by clk_out2_pll  {rise@0.000ns fall@2.500ns period=5.000ns})
  Destination:            virtual_led[31]
                            (output port)
  Path Group:             (none)
  Path Type:              Max at Slow Process Corner
  Data Path Delay:        7.046ns  (logic 2.719ns (38.592%)  route 4.327ns (61.408%))
  Logic Levels:           1  (OBUF=1)
  Clock Uncertainty:      0.145ns  ((TSJ^2 + DJ^2)^1/2) / 2 + PE
    Total System Jitter     (TSJ):    0.050ns
    Discrete Jitter          (DJ):    0.098ns
    Phase Error              (PE):    0.090ns

    Location             Delay type                Incr(ns)  Path(ns)    Netlist Resource(s)
  -------------------------------------------------------------------    -------------------
                         (clock clk_out2_pll rise edge)
                                                      0.000     0.000 r  
    AD12                                              0.000     0.000 r  i_sys_clk_p (IN)
                         net (fo=0)                   0.000     0.000    pll_inst/inst/clk_in1_p
    AD12                 IBUFDS (Prop_ibufds_I_O)     0.906     0.906 r  pll_inst/inst/clkin1_ibufgds/O
                         net (fo=1, routed)           1.081     1.987    pll_inst/inst/clk_in1_pll
    MMCME2_ADV_X1Y1      MMCME2_ADV (Prop_mmcme2_adv_CLKIN1_CLKOUT1)
                                                     -7.786    -5.799 r  pll_inst/inst/mmcm_adv_inst/CLKOUT1
                         net (fo=1, routed)           2.130    -3.669    pll_inst/inst/clk_out2_pll
    BUFGCTRL_X0Y0        BUFG (Prop_bufg_I_O)         0.093    -3.576 r  pll_inst/inst/clkout2_buf/O
                         net (fo=12327, routed)       1.456    -2.120    student_top_inst/mem_bridge/clk
    SLICE_X43Y144        FDRE                                         r  student_top_inst/mem_bridge/led_q_reg[31]/C
  -------------------------------------------------------------------    -------------------
    SLICE_X43Y144        FDRE (Prop_fdre_C_Q)         0.204    -1.916 r  student_top_inst/mem_bridge/led_q_reg[31]/Q
                         net (fo=2, routed)           4.327     2.411    virtual_led_OBUF[31]
    B27                  OBUF (Prop_obuf_I_O)         2.515     4.926 r  virtual_led_OBUF[31]_inst/O
                         net (fo=0)                   0.000     4.926    virtual_led[31]
    B27                                                               r  virtual_led[31] (OUT)
  -------------------------------------------------------------------    -------------------

Slack:                    inf
  Source:                 student_top_inst/mem_bridge/led_q_reg[16]/C
                            (rising edge-triggered cell FDRE clocked by clk_out2_pll  {rise@0.000ns fall@2.500ns period=5.000ns})
  Destination:            virtual_led[16]
                            (output port)
  Path Group:             (none)
  Path Type:              Max at Slow Process Corner
  Data Path Delay:        6.843ns  (logic 2.623ns (38.333%)  route 4.220ns (61.667%))
  Logic Levels:           1  (OBUF=1)
  Clock Uncertainty:      0.145ns  ((TSJ^2 + DJ^2)^1/2) / 2 + PE
    Total System Jitter     (TSJ):    0.050ns
    Discrete Jitter          (DJ):    0.098ns
    Phase Error              (PE):    0.090ns

    Location             Delay type                Incr(ns)  Path(ns)    Netlist Resource(s)
  -------------------------------------------------------------------    -------------------
                         (clock clk_out2_pll rise edge)
                                                      0.000     0.000 r  
    AD12                                              0.000     0.000 r  i_sys_clk_p (IN)
                         net (fo=0)                   0.000     0.000    pll_inst/inst/clk_in1_p
    AD12                 IBUFDS (Prop_ibufds_I_O)     0.906     0.906 r  pll_inst/inst/clkin1_ibufgds/O
                         net (fo=1, routed)           1.081     1.987    pll_inst/inst/clk_in1_pll
    MMCME2_ADV_X1Y1      MMCME2_ADV (Prop_mmcme2_adv_CLKIN1_CLKOUT1)
                                                     -7.786    -5.799 r  pll_inst/inst/mmcm_adv_inst/CLKOUT1
                         net (fo=1, routed)           2.130    -3.669    pll_inst/inst/clk_out2_pll
    BUFGCTRL_X0Y0        BUFG (Prop_bufg_I_O)         0.093    -3.576 r  pll_inst/inst/clkout2_buf/O
                         net (fo=12327, routed)       1.458    -2.118    student_top_inst/mem_bridge/clk
    SLICE_X40Y145        FDRE                                         r  student_top_inst/mem_bridge/led_q_reg[16]/C
  -------------------------------------------------------------------    -------------------
    SLICE_X40Y145        FDRE (Prop_fdre_C_Q)         0.223    -1.895 r  student_top_inst/mem_bridge/led_q_reg[16]/Q
                         net (fo=2, routed)           4.220     2.325    virtual_led_OBUF[16]
    F12                  OBUF (Prop_obuf_I_O)         2.400     4.725 r  virtual_led_OBUF[16]_inst/O
                         net (fo=0)                   0.000     4.725    virtual_led[16]
    F12                                                               r  virtual_led[16] (OUT)
  -------------------------------------------------------------------    -------------------

Slack:                    inf
  Source:                 student_top_inst/mem_bridge/led_q_reg[5]/C
                            (rising edge-triggered cell FDRE clocked by clk_out2_pll  {rise@0.000ns fall@2.500ns period=5.000ns})
  Destination:            virtual_led[5]
                            (output port)
  Path Group:             (none)
  Path Type:              Max at Slow Process Corner
  Data Path Delay:        6.820ns  (logic 2.672ns (39.180%)  route 4.148ns (60.820%))
  Logic Levels:           1  (OBUF=1)
  Clock Uncertainty:      0.145ns  ((TSJ^2 + DJ^2)^1/2) / 2 + PE
    Total System Jitter     (TSJ):    0.050ns
    Discrete Jitter          (DJ):    0.098ns
    Phase Error              (PE):    0.090ns

    Location             Delay type                Incr(ns)  Path(ns)    Netlist Resource(s)
  -------------------------------------------------------------------    -------------------
                         (clock clk_out2_pll rise edge)
                                                      0.000     0.000 r  
    AD12                                              0.000     0.000 r  i_sys_clk_p (IN)
                         net (fo=0)                   0.000     0.000    pll_inst/inst/clk_in1_p
    AD12                 IBUFDS (Prop_ibufds_I_O)     0.906     0.906 r  pll_inst/inst/clkin1_ibufgds/O
                         net (fo=1, routed)           1.081     1.987    pll_inst/inst/clk_in1_pll
    MMCME2_ADV_X1Y1      MMCME2_ADV (Prop_mmcme2_adv_CLKIN1_CLKOUT1)
                                                     -7.786    -5.799 r  pll_inst/inst/mmcm_adv_inst/CLKOUT1
                         net (fo=1, routed)           2.130    -3.669    pll_inst/inst/clk_out2_pll
    BUFGCTRL_X0Y0        BUFG (Prop_bufg_I_O)         0.093    -3.576 r  pll_inst/inst/clkout2_buf/O
                         net (fo=12327, routed)       1.456    -2.120    student_top_inst/mem_bridge/clk
    SLICE_X43Y144        FDRE                                         r  student_top_inst/mem_bridge/led_q_reg[5]/C
  -------------------------------------------------------------------    -------------------
    SLICE_X43Y144        FDRE (Prop_fdre_C_Q)         0.204    -1.916 r  student_top_inst/mem_bridge/led_q_reg[5]/Q
                         net (fo=2, routed)           4.148     2.232    virtual_led_OBUF[5]
    F26                  OBUF (Prop_obuf_I_O)         2.468     4.700 r  virtual_led_OBUF[5]_inst/O
                         net (fo=0)                   0.000     4.700    virtual_led[5]
    F26                                                               r  virtual_led[5] (OUT)
  -------------------------------------------------------------------    -------------------

Slack:                    inf
  Source:                 student_top_inst/mem_bridge/led_q_reg[25]/C
                            (rising edge-triggered cell FDRE clocked by clk_out2_pll  {rise@0.000ns fall@2.500ns period=5.000ns})
  Destination:            virtual_led[25]
                            (output port)
  Path Group:             (none)
  Path Type:              Max at Slow Process Corner
  Data Path Delay:        6.764ns  (logic 2.630ns (38.877%)  route 4.134ns (61.122%))
  Logic Levels:           1  (OBUF=1)
  Clock Uncertainty:      0.145ns  ((TSJ^2 + DJ^2)^1/2) / 2 + PE
    Total System Jitter     (TSJ):    0.050ns
    Discrete Jitter          (DJ):    0.098ns
    Phase Error              (PE):    0.090ns

    Location             Delay type                Incr(ns)  Path(ns)    Netlist Resource(s)
  -------------------------------------------------------------------    -------------------
                         (clock clk_out2_pll rise edge)
                                                      0.000     0.000 r  
    AD12                                              0.000     0.000 r  i_sys_clk_p (IN)
                         net (fo=0)                   0.000     0.000    pll_inst/inst/clk_in1_p
    AD12                 IBUFDS (Prop_ibufds_I_O)     0.906     0.906 r  pll_inst/inst/clkin1_ibufgds/O
                         net (fo=1, routed)           1.081     1.987    pll_inst/inst/clk_in1_pll
    MMCME2_ADV_X1Y1      MMCME2_ADV (Prop_mmcme2_adv_CLKIN1_CLKOUT1)
                                                     -7.786    -5.799 r  pll_inst/inst/mmcm_adv_inst/CLKOUT1
                         net (fo=1, routed)           2.130    -3.669    pll_inst/inst/clk_out2_pll
    BUFGCTRL_X0Y0        BUFG (Prop_bufg_I_O)         0.093    -3.576 r  pll_inst/inst/clkout2_buf/O
                         net (fo=12327, routed)       1.458    -2.118    student_top_inst/mem_bridge/clk
    SLICE_X41Y145        FDRE                                         r  student_top_inst/mem_bridge/led_q_reg[25]/C
  -------------------------------------------------------------------    -------------------
    SLICE_X41Y145        FDRE (Prop_fdre_C_Q)         0.223    -1.895 r  student_top_inst/mem_bridge/led_q_reg[25]/Q
                         net (fo=2, routed)           4.134     2.239    virtual_led_OBUF[25]
    B23                  OBUF (Prop_obuf_I_O)         2.407     4.646 r  virtual_led_OBUF[25]_inst/O
                         net (fo=0)                   0.000     4.646    virtual_led[25]
    B23                                                               r  virtual_led[25] (OUT)
  -------------------------------------------------------------------    -------------------

Slack:                    inf
  Source:                 student_top_inst/mem_bridge/led_q_reg[24]/C
                            (rising edge-triggered cell FDRE clocked by clk_out2_pll  {rise@0.000ns fall@2.500ns period=5.000ns})
  Destination:            virtual_led[24]
                            (output port)
  Path Group:             (none)
  Path Type:              Max at Slow Process Corner
  Data Path Delay:        6.762ns  (logic 2.640ns (39.037%)  route 4.122ns (60.963%))
  Logic Levels:           1  (OBUF=1)
  Clock Uncertainty:      0.145ns  ((TSJ^2 + DJ^2)^1/2) / 2 + PE
    Total System Jitter     (TSJ):    0.050ns
    Discrete Jitter          (DJ):    0.098ns
    Phase Error              (PE):    0.090ns

    Location             Delay type                Incr(ns)  Path(ns)    Netlist Resource(s)
  -------------------------------------------------------------------    -------------------
                         (clock clk_out2_pll rise edge)
                                                      0.000     0.000 r  
    AD12                                              0.000     0.000 r  i_sys_clk_p (IN)
                         net (fo=0)                   0.000     0.000    pll_inst/inst/clk_in1_p
    AD12                 IBUFDS (Prop_ibufds_I_O)     0.906     0.906 r  pll_inst/inst/clkin1_ibufgds/O
                         net (fo=1, routed)           1.081     1.987    pll_inst/inst/clk_in1_pll
    MMCME2_ADV_X1Y1      MMCME2_ADV (Prop_mmcme2_adv_CLKIN1_CLKOUT1)
                                                     -7.786    -5.799 r  pll_inst/inst/mmcm_adv_inst/CLKOUT1
                         net (fo=1, routed)           2.130    -3.669    pll_inst/inst/clk_out2_pll
    BUFGCTRL_X0Y0        BUFG (Prop_bufg_I_O)         0.093    -3.576 r  pll_inst/inst/clkout2_buf/O
                         net (fo=12327, routed)       1.456    -2.120    student_top_inst/mem_bridge/clk
    SLICE_X43Y144        FDRE                                         r  student_top_inst/mem_bridge/led_q_reg[24]/C
  -------------------------------------------------------------------    -------------------
    SLICE_X43Y144        FDRE (Prop_fdre_C_Q)         0.223    -1.897 r  student_top_inst/mem_bridge/led_q_reg[24]/Q
                         net (fo=2, routed)           4.122     2.225    virtual_led_OBUF[24]
    A23                  OBUF (Prop_obuf_I_O)         2.417     4.641 r  virtual_led_OBUF[24]_inst/O
                         net (fo=0)                   0.000     4.641    virtual_led[24]
    A23                                                               r  virtual_led[24] (OUT)
  -------------------------------------------------------------------    -------------------

Slack:                    inf
  Source:                 student_top_inst/mem_bridge/led_q_reg[1]/C
                            (rising edge-triggered cell FDRE clocked by clk_out2_pll  {rise@0.000ns fall@2.500ns period=5.000ns})
  Destination:            virtual_led[1]
                            (output port)
  Path Group:             (none)
  Path Type:              Max at Slow Process Corner
  Data Path Delay:        6.761ns  (logic 2.648ns (39.170%)  route 4.112ns (60.830%))
  Logic Levels:           1  (OBUF=1)
  Clock Uncertainty:      0.145ns  ((TSJ^2 + DJ^2)^1/2) / 2 + PE
    Total System Jitter     (TSJ):    0.050ns
    Discrete Jitter          (DJ):    0.098ns
    Phase Error              (PE):    0.090ns

    Location             Delay type                Incr(ns)  Path(ns)    Netlist Resource(s)
  -------------------------------------------------------------------    -------------------
                         (clock clk_out2_pll rise edge)
                                                      0.000     0.000 r  
    AD12                                              0.000     0.000 r  i_sys_clk_p (IN)
                         net (fo=0)                   0.000     0.000    pll_inst/inst/clk_in1_p
    AD12                 IBUFDS (Prop_ibufds_I_O)     0.906     0.906 r  pll_inst/inst/clkin1_ibufgds/O
                         net (fo=1, routed)           1.081     1.987    pll_inst/inst/clk_in1_pll
    MMCME2_ADV_X1Y1      MMCME2_ADV (Prop_mmcme2_adv_CLKIN1_CLKOUT1)
                                                     -7.786    -5.799 r  pll_inst/inst/mmcm_adv_inst/CLKOUT1
                         net (fo=1, routed)           2.130    -3.669    pll_inst/inst/clk_out2_pll
    BUFGCTRL_X0Y0        BUFG (Prop_bufg_I_O)         0.093    -3.576 r  pll_inst/inst/clkout2_buf/O
                         net (fo=12327, routed)       1.455    -2.121    student_top_inst/mem_bridge/clk
    SLICE_X42Y143        FDRE                                         r  student_top_inst/mem_bridge/led_q_reg[1]/C
  -------------------------------------------------------------------    -------------------
    SLICE_X42Y143        FDRE (Prop_fdre_C_Q)         0.259    -1.862 r  student_top_inst/mem_bridge/led_q_reg[1]/Q
                         net (fo=2, routed)           4.112     2.250    virtual_led_OBUF[1]
    E24                  OBUF (Prop_obuf_I_O)         2.389     4.639 r  virtual_led_OBUF[1]_inst/O
                         net (fo=0)                   0.000     4.639    virtual_led[1]
    E24                                                               r  virtual_led[1] (OUT)
  -------------------------------------------------------------------    -------------------

Slack:                    inf
  Source:                 student_top_inst/mem_bridge/led_q_reg[9]/C
                            (rising edge-triggered cell FDRE clocked by clk_out2_pll  {rise@0.000ns fall@2.500ns period=5.000ns})
  Destination:            virtual_led[9]
                            (output port)
  Path Group:             (none)
  Path Type:              Max at Slow Process Corner
  Data Path Delay:        6.720ns  (logic 2.645ns (39.358%)  route 4.075ns (60.642%))
  Logic Levels:           1  (OBUF=1)
  Clock Uncertainty:      0.145ns  ((TSJ^2 + DJ^2)^1/2) / 2 + PE
    Total System Jitter     (TSJ):    0.050ns
    Discrete Jitter          (DJ):    0.098ns
    Phase Error              (PE):    0.090ns

    Location             Delay type                Incr(ns)  Path(ns)    Netlist Resource(s)
  -------------------------------------------------------------------    -------------------
                         (clock clk_out2_pll rise edge)
                                                      0.000     0.000 r  
    AD12                                              0.000     0.000 r  i_sys_clk_p (IN)
                         net (fo=0)                   0.000     0.000    pll_inst/inst/clk_in1_p
    AD12                 IBUFDS (Prop_ibufds_I_O)     0.906     0.906 r  pll_inst/inst/clkin1_ibufgds/O
                         net (fo=1, routed)           1.081     1.987    pll_inst/inst/clk_in1_pll
    MMCME2_ADV_X1Y1      MMCME2_ADV (Prop_mmcme2_adv_CLKIN1_CLKOUT1)
                                                     -7.786    -5.799 r  pll_inst/inst/mmcm_adv_inst/CLKOUT1
                         net (fo=1, routed)           2.130    -3.669    pll_inst/inst/clk_out2_pll
    BUFGCTRL_X0Y0        BUFG (Prop_bufg_I_O)         0.093    -3.576 r  pll_inst/inst/clkout2_buf/O
                         net (fo=12327, routed)       1.456    -2.120    student_top_inst/mem_bridge/clk
    SLICE_X42Y144        FDRE                                         r  student_top_inst/mem_bridge/led_q_reg[9]/C
  -------------------------------------------------------------------    -------------------
    SLICE_X42Y144        FDRE (Prop_fdre_C_Q)         0.259    -1.861 r  student_top_inst/mem_bridge/led_q_reg[9]/Q
                         net (fo=2, routed)           4.075     2.214    virtual_led_OBUF[9]
    E23                  OBUF (Prop_obuf_I_O)         2.386     4.600 r  virtual_led_OBUF[9]_inst/O
                         net (fo=0)                   0.000     4.600    virtual_led[9]
    E23                                                               r  virtual_led[9] (OUT)
  -------------------------------------------------------------------    -------------------

Slack:                    inf
  Source:                 student_top_inst/mem_bridge/led_q_reg[18]/C
                            (rising edge-triggered cell FDRE clocked by clk_out2_pll  {rise@0.000ns fall@2.500ns period=5.000ns})
  Destination:            virtual_led[18]
                            (output port)
  Path Group:             (none)
  Path Type:              Max at Slow Process Corner
  Data Path Delay:        6.644ns  (logic 2.620ns (39.426%)  route 4.025ns (60.574%))
  Logic Levels:           1  (OBUF=1)
  Clock Uncertainty:      0.145ns  ((TSJ^2 + DJ^2)^1/2) / 2 + PE
    Total System Jitter     (TSJ):    0.050ns
    Discrete Jitter          (DJ):    0.098ns
    Phase Error              (PE):    0.090ns

    Location             Delay type                Incr(ns)  Path(ns)    Netlist Resource(s)
  -------------------------------------------------------------------    -------------------
                         (clock clk_out2_pll rise edge)
                                                      0.000     0.000 r  
    AD12                                              0.000     0.000 r  i_sys_clk_p (IN)
                         net (fo=0)                   0.000     0.000    pll_inst/inst/clk_in1_p
    AD12                 IBUFDS (Prop_ibufds_I_O)     0.906     0.906 r  pll_inst/inst/clkin1_ibufgds/O
                         net (fo=1, routed)           1.081     1.987    pll_inst/inst/clk_in1_pll
    MMCME2_ADV_X1Y1      MMCME2_ADV (Prop_mmcme2_adv_CLKIN1_CLKOUT1)
                                                     -7.786    -5.799 r  pll_inst/inst/mmcm_adv_inst/CLKOUT1
                         net (fo=1, routed)           2.130    -3.669    pll_inst/inst/clk_out2_pll
    BUFGCTRL_X0Y0        BUFG (Prop_bufg_I_O)         0.093    -3.576 r  pll_inst/inst/clkout2_buf/O
                         net (fo=12327, routed)       1.458    -2.118    student_top_inst/mem_bridge/clk
    SLICE_X40Y145        FDRE                                         r  student_top_inst/mem_bridge/led_q_reg[18]/C
  -------------------------------------------------------------------    -------------------
    SLICE_X40Y145        FDRE (Prop_fdre_C_Q)         0.223    -1.895 r  student_top_inst/mem_bridge/led_q_reg[18]/Q
                         net (fo=2, routed)           4.025     2.129    virtual_led_OBUF[18]
    D23                  OBUF (Prop_obuf_I_O)         2.397     4.526 r  virtual_led_OBUF[18]_inst/O
                         net (fo=0)                   0.000     4.526    virtual_led[18]
    D23                                                               r  virtual_led[18] (OUT)
  -------------------------------------------------------------------    -------------------

Slack:                    inf
  Source:                 student_top_inst/mem_bridge/led_q_reg[19]/C
                            (rising edge-triggered cell FDRE clocked by clk_out2_pll  {rise@0.000ns fall@2.500ns period=5.000ns})
  Destination:            virtual_led[19]
                            (output port)
  Path Group:             (none)
  Path Type:              Max at Slow Process Corner
  Data Path Delay:        6.603ns  (logic 2.649ns (40.114%)  route 3.954ns (59.886%))
  Logic Levels:           1  (OBUF=1)
  Clock Uncertainty:      0.145ns  ((TSJ^2 + DJ^2)^1/2) / 2 + PE
    Total System Jitter     (TSJ):    0.050ns
    Discrete Jitter          (DJ):    0.098ns
    Phase Error              (PE):    0.090ns

    Location             Delay type                Incr(ns)  Path(ns)    Netlist Resource(s)
  -------------------------------------------------------------------    -------------------
                         (clock clk_out2_pll rise edge)
                                                      0.000     0.000 r  
    AD12                                              0.000     0.000 r  i_sys_clk_p (IN)
                         net (fo=0)                   0.000     0.000    pll_inst/inst/clk_in1_p
    AD12                 IBUFDS (Prop_ibufds_I_O)     0.906     0.906 r  pll_inst/inst/clkin1_ibufgds/O
                         net (fo=1, routed)           1.081     1.987    pll_inst/inst/clk_in1_pll
    MMCME2_ADV_X1Y1      MMCME2_ADV (Prop_mmcme2_adv_CLKIN1_CLKOUT1)
                                                     -7.786    -5.799 r  pll_inst/inst/mmcm_adv_inst/CLKOUT1
                         net (fo=1, routed)           2.130    -3.669    pll_inst/inst/clk_out2_pll
    BUFGCTRL_X0Y0        BUFG (Prop_bufg_I_O)         0.093    -3.576 r  pll_inst/inst/clkout2_buf/O
                         net (fo=12327, routed)       1.455    -2.121    student_top_inst/mem_bridge/clk
    SLICE_X42Y143        FDRE                                         r  student_top_inst/mem_bridge/led_q_reg[19]/C
  -------------------------------------------------------------------    -------------------
    SLICE_X42Y143        FDRE (Prop_fdre_C_Q)         0.259    -1.862 r  student_top_inst/mem_bridge/led_q_reg[19]/Q
                         net (fo=2, routed)           3.954     2.092    virtual_led_OBUF[19]
    F25                  OBUF (Prop_obuf_I_O)         2.390     4.481 r  virtual_led_OBUF[19]_inst/O
                         net (fo=0)                   0.000     4.481    virtual_led[19]
    F25                                                               r  virtual_led[19] (OUT)
  -------------------------------------------------------------------    -------------------

Slack:                    inf
  Source:                 student_top_inst/mem_bridge/led_q_reg[26]/C
                            (rising edge-triggered cell FDRE clocked by clk_out2_pll  {rise@0.000ns fall@2.500ns period=5.000ns})
  Destination:            virtual_led[26]
                            (output port)
  Path Group:             (none)
  Path Type:              Max at Slow Process Corner
  Data Path Delay:        6.479ns  (logic 2.654ns (40.966%)  route 3.825ns (59.034%))
  Logic Levels:           1  (OBUF=1)
  Clock Uncertainty:      0.145ns  ((TSJ^2 + DJ^2)^1/2) / 2 + PE
    Total System Jitter     (TSJ):    0.050ns
    Discrete Jitter          (DJ):    0.098ns
    Phase Error              (PE):    0.090ns

    Location             Delay type                Incr(ns)  Path(ns)    Netlist Resource(s)
  -------------------------------------------------------------------    -------------------
                         (clock clk_out2_pll rise edge)
                                                      0.000     0.000 r  
    AD12                                              0.000     0.000 r  i_sys_clk_p (IN)
                         net (fo=0)                   0.000     0.000    pll_inst/inst/clk_in1_p
    AD12                 IBUFDS (Prop_ibufds_I_O)     0.906     0.906 r  pll_inst/inst/clkin1_ibufgds/O
                         net (fo=1, routed)           1.081     1.987    pll_inst/inst/clk_in1_pll
    MMCME2_ADV_X1Y1      MMCME2_ADV (Prop_mmcme2_adv_CLKIN1_CLKOUT1)
                                                     -7.786    -5.799 r  pll_inst/inst/mmcm_adv_inst/CLKOUT1
                         net (fo=1, routed)           2.130    -3.669    pll_inst/inst/clk_out2_pll
    BUFGCTRL_X0Y0        BUFG (Prop_bufg_I_O)         0.093    -3.576 r  pll_inst/inst/clkout2_buf/O
                         net (fo=12327, routed)       1.458    -2.118    student_top_inst/mem_bridge/clk
    SLICE_X41Y144        FDRE                                         r  student_top_inst/mem_bridge/led_q_reg[26]/C
  -------------------------------------------------------------------    -------------------
    SLICE_X41Y144        FDRE (Prop_fdre_C_Q)         0.223    -1.895 r  student_top_inst/mem_bridge/led_q_reg[26]/Q
                         net (fo=2, routed)           3.825     1.930    virtual_led_OBUF[26]
    B24                  OBUF (Prop_obuf_I_O)         2.431     4.361 r  virtual_led_OBUF[26]_inst/O
                         net (fo=0)                   0.000     4.361    virtual_led[26]
    B24                                                               r  virtual_led[26] (OUT)
  -------------------------------------------------------------------    -------------------

Slack:                    inf
  Source:                 student_top_inst/mem_bridge/led_q_reg[2]/C
                            (rising edge-triggered cell FDRE clocked by clk_out2_pll  {rise@0.000ns fall@2.500ns period=5.000ns})
  Destination:            virtual_led[2]
                            (output port)
  Path Group:             (none)
  Path Type:              Max at Slow Process Corner
  Data Path Delay:        6.479ns  (logic 2.711ns (41.849%)  route 3.767ns (58.151%))
  Logic Levels:           1  (OBUF=1)
  Clock Uncertainty:      0.145ns  ((TSJ^2 + DJ^2)^1/2) / 2 + PE
    Total System Jitter     (TSJ):    0.050ns
    Discrete Jitter          (DJ):    0.098ns
    Phase Error              (PE):    0.090ns

    Location             Delay type                Incr(ns)  Path(ns)    Netlist Resource(s)
  -------------------------------------------------------------------    -------------------
                         (clock clk_out2_pll rise edge)
                                                      0.000     0.000 r  
    AD12                                              0.000     0.000 r  i_sys_clk_p (IN)
                         net (fo=0)                   0.000     0.000    pll_inst/inst/clk_in1_p
    AD12                 IBUFDS (Prop_ibufds_I_O)     0.906     0.906 r  pll_inst/inst/clkin1_ibufgds/O
                         net (fo=1, routed)           1.081     1.987    pll_inst/inst/clk_in1_pll
    MMCME2_ADV_X1Y1      MMCME2_ADV (Prop_mmcme2_adv_CLKIN1_CLKOUT1)
                                                     -7.786    -5.799 r  pll_inst/inst/mmcm_adv_inst/CLKOUT1
                         net (fo=1, routed)           2.130    -3.669    pll_inst/inst/clk_out2_pll
    BUFGCTRL_X0Y0        BUFG (Prop_bufg_I_O)         0.093    -3.576 r  pll_inst/inst/clkout2_buf/O
                         net (fo=12327, routed)       1.458    -2.118    student_top_inst/mem_bridge/clk
    SLICE_X41Y144        FDRE                                         r  student_top_inst/mem_bridge/led_q_reg[2]/C
  -------------------------------------------------------------------    -------------------
    SLICE_X41Y144        FDRE (Prop_fdre_C_Q)         0.204    -1.914 r  student_top_inst/mem_bridge/led_q_reg[2]/Q
                         net (fo=2, routed)           3.767     1.853    virtual_led_OBUF[2]
    C24                  OBUF (Prop_obuf_I_O)         2.507     4.360 r  virtual_led_OBUF[2]_inst/O
                         net (fo=0)                   0.000     4.360    virtual_led[2]
    C24                                                               r  virtual_led[2] (OUT)
  -------------------------------------------------------------------    -------------------

Slack:                    inf
  Source:                 student_top_inst/mem_bridge/led_q_reg[4]/C
                            (rising edge-triggered cell FDRE clocked by clk_out2_pll  {rise@0.000ns fall@2.500ns period=5.000ns})
  Destination:            virtual_led[4]
                            (output port)
  Path Group:             (none)
  Path Type:              Max at Slow Process Corner
  Data Path Delay:        6.331ns  (logic 2.650ns (41.864%)  route 3.681ns (58.136%))
  Logic Levels:           1  (OBUF=1)
  Clock Uncertainty:      0.145ns  ((TSJ^2 + DJ^2)^1/2) / 2 + PE
    Total System Jitter     (TSJ):    0.050ns
    Discrete Jitter          (DJ):    0.098ns
    Phase Error              (PE):    0.090ns

    Location             Delay type                Incr(ns)  Path(ns)    Netlist Resource(s)
  -------------------------------------------------------------------    -------------------
                         (clock clk_out2_pll rise edge)
                                                      0.000     0.000 r  
    AD12                                              0.000     0.000 r  i_sys_clk_p (IN)
                         net (fo=0)                   0.000     0.000    pll_inst/inst/clk_in1_p
    AD12                 IBUFDS (Prop_ibufds_I_O)     0.906     0.906 r  pll_inst/inst/clkin1_ibufgds/O
                         net (fo=1, routed)           1.081     1.987    pll_inst/inst/clk_in1_pll
    MMCME2_ADV_X1Y1      MMCME2_ADV (Prop_mmcme2_adv_CLKIN1_CLKOUT1)
                                                     -7.786    -5.799 r  pll_inst/inst/mmcm_adv_inst/CLKOUT1
                         net (fo=1, routed)           2.130    -3.669    pll_inst/inst/clk_out2_pll
    BUFGCTRL_X0Y0        BUFG (Prop_bufg_I_O)         0.093    -3.576 r  pll_inst/inst/clkout2_buf/O
                         net (fo=12327, routed)       1.458    -2.118    student_top_inst/mem_bridge/clk
    SLICE_X40Y145        FDRE                                         r  student_top_inst/mem_bridge/led_q_reg[4]/C
  -------------------------------------------------------------------    -------------------
    SLICE_X40Y145        FDRE (Prop_fdre_C_Q)         0.223    -1.895 r  student_top_inst/mem_bridge/led_q_reg[4]/Q
                         net (fo=2, routed)           3.681     1.785    virtual_led_OBUF[4]
    C26                  OBUF (Prop_obuf_I_O)         2.427     4.213 r  virtual_led_OBUF[4]_inst/O
                         net (fo=0)                   0.000     4.213    virtual_led[4]
    C26                                                               r  virtual_led[4] (OUT)
  -------------------------------------------------------------------    -------------------

Slack:                    inf
  Source:                 student_top_inst/mem_bridge/led_q_reg[30]/C
                            (rising edge-triggered cell FDRE clocked by clk_out2_pll  {rise@0.000ns fall@2.500ns period=5.000ns})
  Destination:            virtual_led[30]
                            (output port)
  Path Group:             (none)
  Path Type:              Max at Slow Process Corner
  Data Path Delay:        6.301ns  (logic 2.701ns (42.871%)  route 3.600ns (57.129%))
  Logic Levels:           1  (OBUF=1)
  Clock Uncertainty:      0.145ns  ((TSJ^2 + DJ^2)^1/2) / 2 + PE
    Total System Jitter     (TSJ):    0.050ns
    Discrete Jitter          (DJ):    0.098ns
    Phase Error              (PE):    0.090ns

    Location             Delay type                Incr(ns)  Path(ns)    Netlist Resource(s)
  -------------------------------------------------------------------    -------------------
                         (clock clk_out2_pll rise edge)
                                                      0.000     0.000 r  
    AD12                                              0.000     0.000 r  i_sys_clk_p (IN)
                         net (fo=0)                   0.000     0.000    pll_inst/inst/clk_in1_p
    AD12                 IBUFDS (Prop_ibufds_I_O)     0.906     0.906 r  pll_inst/inst/clkin1_ibufgds/O
                         net (fo=1, routed)           1.081     1.987    pll_inst/inst/clk_in1_pll
    MMCME2_ADV_X1Y1      MMCME2_ADV (Prop_mmcme2_adv_CLKIN1_CLKOUT1)
                                                     -7.786    -5.799 r  pll_inst/inst/mmcm_adv_inst/CLKOUT1
                         net (fo=1, routed)           2.130    -3.669    pll_inst/inst/clk_out2_pll
    BUFGCTRL_X0Y0        BUFG (Prop_bufg_I_O)         0.093    -3.576 r  pll_inst/inst/clkout2_buf/O
                         net (fo=12327, routed)       1.456    -2.120    student_top_inst/mem_bridge/clk
    SLICE_X42Y145        FDRE                                         r  student_top_inst/mem_bridge/led_q_reg[30]/C
  -------------------------------------------------------------------    -------------------
    SLICE_X42Y145        FDRE (Prop_fdre_C_Q)         0.259    -1.861 r  student_top_inst/mem_bridge/led_q_reg[30]/Q
                         net (fo=2, routed)           3.600     1.738    virtual_led_OBUF[30]
    A27                  OBUF (Prop_obuf_I_O)         2.442     4.181 r  virtual_led_OBUF[30]_inst/O
                         net (fo=0)                   0.000     4.181    virtual_led[30]
    A27                                                               r  virtual_led[30] (OUT)
  -------------------------------------------------------------------    -------------------

Slack:                    inf
  Source:                 student_top_inst/mem_bridge/led_q_reg[10]/C
                            (rising edge-triggered cell FDRE clocked by clk_out2_pll  {rise@0.000ns fall@2.500ns period=5.000ns})
  Destination:            virtual_led[10]
                            (output port)
  Path Group:             (none)
  Path Type:              Max at Slow Process Corner
  Data Path Delay:        6.297ns  (logic 2.660ns (42.247%)  route 3.637ns (57.753%))
  Logic Levels:           1  (OBUF=1)
  Clock Uncertainty:      0.145ns  ((TSJ^2 + DJ^2)^1/2) / 2 + PE
    Total System Jitter     (TSJ):    0.050ns
    Discrete Jitter          (DJ):    0.098ns
    Phase Error              (PE):    0.090ns

    Location             Delay type                Incr(ns)  Path(ns)    Netlist Resource(s)
  -------------------------------------------------------------------    -------------------
                         (clock clk_out2_pll rise edge)
                                                      0.000     0.000 r  
    AD12                                              0.000     0.000 r  i_sys_clk_p (IN)
                         net (fo=0)                   0.000     0.000    pll_inst/inst/clk_in1_p
    AD12                 IBUFDS (Prop_ibufds_I_O)     0.906     0.906 r  pll_inst/inst/clkin1_ibufgds/O
                         net (fo=1, routed)           1.081     1.987    pll_inst/inst/clk_in1_pll
    MMCME2_ADV_X1Y1      MMCME2_ADV (Prop_mmcme2_adv_CLKIN1_CLKOUT1)
                                                     -7.786    -5.799 r  pll_inst/inst/mmcm_adv_inst/CLKOUT1
                         net (fo=1, routed)           2.130    -3.669    pll_inst/inst/clk_out2_pll
    BUFGCTRL_X0Y0        BUFG (Prop_bufg_I_O)         0.093    -3.576 r  pll_inst/inst/clkout2_buf/O
                         net (fo=12327, routed)       1.456    -2.120    student_top_inst/mem_bridge/clk
    SLICE_X42Y144        FDRE                                         r  student_top_inst/mem_bridge/led_q_reg[10]/C
  -------------------------------------------------------------------    -------------------
    SLICE_X42Y144        FDRE (Prop_fdre_C_Q)         0.259    -1.861 r  student_top_inst/mem_bridge/led_q_reg[10]/Q
                         net (fo=2, routed)           3.637     1.776    virtual_led_OBUF[10]
    D24                  OBUF (Prop_obuf_I_O)         2.401     4.177 r  virtual_led_OBUF[10]_inst/O
                         net (fo=0)                   0.000     4.177    virtual_led[10]
    D24                                                               r  virtual_led[10] (OUT)
  -------------------------------------------------------------------    -------------------

Slack:                    inf
  Source:                 student_top_inst/mem_bridge/led_q_reg[13]/C
                            (rising edge-triggered cell FDRE clocked by clk_out2_pll  {rise@0.000ns fall@2.500ns period=5.000ns})
  Destination:            virtual_led[13]
                            (output port)
  Path Group:             (none)
  Path Type:              Max at Slow Process Corner
  Data Path Delay:        6.156ns  (logic 2.666ns (43.305%)  route 3.490ns (56.695%))
  Logic Levels:           1  (OBUF=1)
  Clock Uncertainty:      0.145ns  ((TSJ^2 + DJ^2)^1/2) / 2 + PE
    Total System Jitter     (TSJ):    0.050ns
    Discrete Jitter          (DJ):    0.098ns
    Phase Error              (PE):    0.090ns

    Location             Delay type                Incr(ns)  Path(ns)    Netlist Resource(s)
  -------------------------------------------------------------------    -------------------
                         (clock clk_out2_pll rise edge)
                                                      0.000     0.000 r  
    AD12                                              0.000     0.000 r  i_sys_clk_p (IN)
                         net (fo=0)                   0.000     0.000    pll_inst/inst/clk_in1_p
    AD12                 IBUFDS (Prop_ibufds_I_O)     0.906     0.906 r  pll_inst/inst/clkin1_ibufgds/O
                         net (fo=1, routed)           1.081     1.987    pll_inst/inst/clk_in1_pll
    MMCME2_ADV_X1Y1      MMCME2_ADV (Prop_mmcme2_adv_CLKIN1_CLKOUT1)
                                                     -7.786    -5.799 r  pll_inst/inst/mmcm_adv_inst/CLKOUT1
                         net (fo=1, routed)           2.130    -3.669    pll_inst/inst/clk_out2_pll
    BUFGCTRL_X0Y0        BUFG (Prop_bufg_I_O)         0.093    -3.576 r  pll_inst/inst/clkout2_buf/O
                         net (fo=12327, routed)       1.456    -2.120    student_top_inst/mem_bridge/clk
    SLICE_X43Y144        FDRE                                         r  student_top_inst/mem_bridge/led_q_reg[13]/C
  -------------------------------------------------------------------    -------------------
    SLICE_X43Y144        FDRE (Prop_fdre_C_Q)         0.223    -1.897 r  student_top_inst/mem_bridge/led_q_reg[13]/Q
                         net (fo=2, routed)           3.490     1.593    virtual_led_OBUF[13]
    C29                  OBUF (Prop_obuf_I_O)         2.443     4.035 r  virtual_led_OBUF[13]_inst/O
                         net (fo=0)                   0.000     4.035    virtual_led[13]
    C29                                                               r  virtual_led[13] (OUT)
  -------------------------------------------------------------------    -------------------

Slack:                    inf
  Source:                 student_top_inst/mem_bridge/led_q_reg[11]/C
                            (rising edge-triggered cell FDRE clocked by clk_out2_pll  {rise@0.000ns fall@2.500ns period=5.000ns})
  Destination:            virtual_led[11]
                            (output port)
  Path Group:             (none)
  Path Type:              Max at Slow Process Corner
  Data Path Delay:        6.128ns  (logic 2.689ns (43.879%)  route 3.439ns (56.121%))
  Logic Levels:           1  (OBUF=1)
  Clock Uncertainty:      0.145ns  ((TSJ^2 + DJ^2)^1/2) / 2 + PE
    Total System Jitter     (TSJ):    0.050ns
    Discrete Jitter          (DJ):    0.098ns
    Phase Error              (PE):    0.090ns

    Location             Delay type                Incr(ns)  Path(ns)    Netlist Resource(s)
  -------------------------------------------------------------------    -------------------
                         (clock clk_out2_pll rise edge)
                                                      0.000     0.000 r  
    AD12                                              0.000     0.000 r  i_sys_clk_p (IN)
                         net (fo=0)                   0.000     0.000    pll_inst/inst/clk_in1_p
    AD12                 IBUFDS (Prop_ibufds_I_O)     0.906     0.906 r  pll_inst/inst/clkin1_ibufgds/O
                         net (fo=1, routed)           1.081     1.987    pll_inst/inst/clk_in1_pll
    MMCME2_ADV_X1Y1      MMCME2_ADV (Prop_mmcme2_adv_CLKIN1_CLKOUT1)
                                                     -7.786    -5.799 r  pll_inst/inst/mmcm_adv_inst/CLKOUT1
                         net (fo=1, routed)           2.130    -3.669    pll_inst/inst/clk_out2_pll
    BUFGCTRL_X0Y0        BUFG (Prop_bufg_I_O)         0.093    -3.576 r  pll_inst/inst/clkout2_buf/O
                         net (fo=12327, routed)       1.456    -2.120    student_top_inst/mem_bridge/clk
    SLICE_X42Y144        FDRE                                         r  student_top_inst/mem_bridge/led_q_reg[11]/C
  -------------------------------------------------------------------    -------------------
    SLICE_X42Y144        FDRE (Prop_fdre_C_Q)         0.259    -1.861 r  student_top_inst/mem_bridge/led_q_reg[11]/Q
                         net (fo=2, routed)           3.439     1.578    virtual_led_OBUF[11]
    C25                  OBUF (Prop_obuf_I_O)         2.430     4.008 r  virtual_led_OBUF[11]_inst/O
                         net (fo=0)                   0.000     4.008    virtual_led[11]
    C25                                                               r  virtual_led[11] (OUT)
  -------------------------------------------------------------------    -------------------

Slack:                    inf
  Source:                 student_top_inst/mem_bridge/led_q_reg[27]/C
                            (rising edge-triggered cell FDRE clocked by clk_out2_pll  {rise@0.000ns fall@2.500ns period=5.000ns})
  Destination:            virtual_led[27]
                            (output port)
  Path Group:             (none)
  Path Type:              Max at Slow Process Corner
  Data Path Delay:        6.126ns  (logic 2.698ns (44.039%)  route 3.428ns (55.961%))
  Logic Levels:           1  (OBUF=1)
  Clock Uncertainty:      0.145ns  ((TSJ^2 + DJ^2)^1/2) / 2 + PE
    Total System Jitter     (TSJ):    0.050ns
    Discrete Jitter          (DJ):    0.098ns
    Phase Error              (PE):    0.090ns

    Location             Delay type                Incr(ns)  Path(ns)    Netlist Resource(s)
  -------------------------------------------------------------------    -------------------
                         (clock clk_out2_pll rise edge)
                                                      0.000     0.000 r  
    AD12                                              0.000     0.000 r  i_sys_clk_p (IN)
                         net (fo=0)                   0.000     0.000    pll_inst/inst/clk_in1_p
    AD12                 IBUFDS (Prop_ibufds_I_O)     0.906     0.906 r  pll_inst/inst/clkin1_ibufgds/O
                         net (fo=1, routed)           1.081     1.987    pll_inst/inst/clk_in1_pll
    MMCME2_ADV_X1Y1      MMCME2_ADV (Prop_mmcme2_adv_CLKIN1_CLKOUT1)
                                                     -7.786    -5.799 r  pll_inst/inst/mmcm_adv_inst/CLKOUT1
                         net (fo=1, routed)           2.130    -3.669    pll_inst/inst/clk_out2_pll
    BUFGCTRL_X0Y0        BUFG (Prop_bufg_I_O)         0.093    -3.576 r  pll_inst/inst/clkout2_buf/O
                         net (fo=12327, routed)       1.455    -2.121    student_top_inst/mem_bridge/clk
    SLICE_X42Y143        FDRE                                         r  student_top_inst/mem_bridge/led_q_reg[27]/C
  -------------------------------------------------------------------    -------------------
    SLICE_X42Y143        FDRE (Prop_fdre_C_Q)         0.259    -1.862 r  student_top_inst/mem_bridge/led_q_reg[27]/Q
                         net (fo=2, routed)           3.428     1.566    virtual_led_OBUF[27]
    A25                  OBUF (Prop_obuf_I_O)         2.439     4.004 r  virtual_led_OBUF[27]_inst/O
                         net (fo=0)                   0.000     4.004    virtual_led[27]
    A25                                                               r  virtual_led[27] (OUT)
  -------------------------------------------------------------------    -------------------





--------------------------------------------------------------------------------------
Path Group:  (none)
From Clock:  clkfbout_pll
  To Clock:  

Max Delay             1 Endpoint
Min Delay             0 Endpoints
--------------------------------------------------------------------------------------


Max Delay Paths
--------------------------------------------------------------------------------------
Slack:                    inf
  Source:                 pll_inst/inst/mmcm_adv_inst/CLKFBOUT
                            (clock source 'clkfbout_pll'  {rise@0.000ns fall@2.500ns period=5.000ns})
  Destination:            pll_inst/inst/mmcm_adv_inst/CLKFBIN
  Path Group:             (none)
  Path Type:              Max at Fast Process Corner
  Data Path Delay:        1.995ns  (logic 0.030ns (1.504%)  route 1.965ns (98.496%))
  Logic Levels:           1  (BUFG=1)
  Clock Uncertainty:      0.134ns  ((TSJ^2 + DJ^2)^1/2) / 2 + PE
    Total System Jitter     (TSJ):    0.050ns
    Discrete Jitter          (DJ):    0.072ns
    Phase Error              (PE):    0.090ns

    Location             Delay type                Incr(ns)  Path(ns)    Netlist Resource(s)
  -------------------------------------------------------------------    -------------------
                         (clock clkfbout_pll fall edge)
                                                      2.500     2.500 f  
    AD12                                              0.000     2.500 f  i_sys_clk_p (IN)
                         net (fo=0)                   0.000     2.500    pll_inst/inst/clk_in1_p
    AD12                 IBUFDS (Prop_ibufds_I_O)     0.470     2.970 f  pll_inst/inst/clkin1_ibufgds/O
                         net (fo=1, routed)           0.553     3.523    pll_inst/inst/clk_in1_pll
  -------------------------------------------------------------------    -------------------
    MMCME2_ADV_X1Y1      MMCME2_ADV (Prop_mmcme2_adv_CLKIN1_CLKFBOUT)
                                                     -3.493     0.030 f  pll_inst/inst/mmcm_adv_inst/CLKFBOUT
                         net (fo=1, routed)           1.007     1.037    pll_inst/inst/clkfbout_pll
    BUFGCTRL_X0Y2        BUFG (Prop_bufg_I_O)         0.030     1.067 f  pll_inst/inst/clkf_buf/O
                         net (fo=1, routed)           0.958     2.025    pll_inst/inst/clkfbout_buf_pll
    MMCME2_ADV_X1Y1      MMCME2_ADV                                   f  pll_inst/inst/mmcm_adv_inst/CLKFBIN
  -------------------------------------------------------------------    -------------------





--------------------------------------------------------------------------------------
Path Group:  (none)
From Clock:  
  To Clock:  clk_out1_pll

Max Delay             1 Endpoint
Min Delay             0 Endpoints
--------------------------------------------------------------------------------------


Max Delay Paths
--------------------------------------------------------------------------------------
Slack:                    inf
  Source:                 i_uart_rx
                            (input port)
  Destination:            uart_inst/rx_d0_reg/D
                            (rising edge-triggered cell FDPE clocked by clk_out1_pll  {rise@0.000ns fall@10.000ns period=20.000ns})
  Path Group:             (none)
  Path Type:              Setup (Max at Slow Process Corner)
  Data Path Delay:        5.199ns  (logic 1.533ns (29.489%)  route 3.666ns (70.511%))
  Logic Levels:           1  (IBUF=1)
  Clock Path Skew:        -1.570ns (DCD - SCD + CPR)
    Destination Clock Delay (DCD):    -1.570ns
    Source Clock Delay      (SCD):    0.000ns
    Clock Pessimism Removal (CPR):    0.000ns
  Clock Uncertainty:      0.159ns  ((TSJ^2 + DJ^2)^1/2) / 2 + PE
    Total System Jitter     (TSJ):    0.050ns
    Discrete Jitter          (DJ):    0.129ns
    Phase Error              (PE):    0.090ns

    Location             Delay type                Incr(ns)  Path(ns)    Netlist Resource(s)
  -------------------------------------------------------------------    -------------------
    D18                                               0.000     0.000 r  i_uart_rx (IN)
                         net (fo=0)                   0.000     0.000    i_uart_rx
    D18                  IBUF (Prop_ibuf_I_O)         1.533     1.533 r  i_uart_rx_IBUF_inst/O
                         net (fo=1, routed)           3.666     5.199    uart_inst/rx
    SLICE_X36Y126        FDPE                                         r  uart_inst/rx_d0_reg/D
  -------------------------------------------------------------------    -------------------

                         (clock clk_out1_pll rise edge)
                                                      0.000     0.000 r  
    AD12                                              0.000     0.000 r  i_sys_clk_p (IN)
                         net (fo=0)                   0.000     0.000    pll_inst/inst/clk_in1_p
    AD12                 IBUFDS (Prop_ibufds_I_O)     0.803     0.803 r  pll_inst/inst/clkin1_ibufgds/O
                         net (fo=1, routed)           0.986     1.789    pll_inst/inst/clk_in1_pll
    MMCME2_ADV_X1Y1      MMCME2_ADV (Prop_mmcme2_adv_CLKIN1_CLKOUT0)
                                                     -6.759    -4.970 r  pll_inst/inst/mmcm_adv_inst/CLKOUT0
                         net (fo=1, routed)           2.005    -2.965    pll_inst/inst/clk_out1_pll
    BUFGCTRL_X0Y1        BUFG (Prop_bufg_I_O)         0.083    -2.882 r  pll_inst/inst/clkout1_buf/O
                         net (fo=581, routed)         1.312    -1.570    uart_inst/clk
    SLICE_X36Y126        FDPE                                         r  uart_inst/rx_d0_reg/C





