index,slack_ns,requirement_ns,datapath_delay_ns,logic_levels,startpoint_pin,endpoint_pin,path_group
1,-0.999,5.000,5.940,16,"student_top_inst/Core_cpu/u_core_top/u_dcache/u_tag_bank/mem_q_reg/CLKBWRCLK","student_top_inst/Core_cpu/u_core_top/exec_mem_addr_q_reg[29]/D","setup"
2,-0.985,5.000,5.926,16,"student_top_inst/Core_cpu/u_core_top/u_dcache/u_tag_bank/mem_q_reg/CLKBWRCLK","student_top_inst/Core_cpu/u_core_top/exec_mem_addr_q_reg[31]/D","setup"
3,-0.946,5.000,5.887,16,"student_top_inst/Core_cpu/u_core_top/u_dcache/u_tag_bank/mem_q_reg/CLKBWRCLK","student_top_inst/Core_cpu/u_core_top/exec_mem_addr_q_reg[30]/D","setup"
4,-0.945,5.000,5.886,15,"student_top_inst/Core_cpu/u_core_top/u_dcache/u_tag_bank/mem_q_reg/CLKBWRCLK","student_top_inst/Core_cpu/u_core_top/exec_mem_addr_q_reg[25]/D","setup"
5,-0.942,5.000,5.883,16,"student_top_inst/Core_cpu/u_core_top/u_dcache/u_tag_bank/mem_q_reg/CLKBWRCLK","student_top_inst/Core_cpu/u_core_top/exec_mem_addr_q_reg[28]/D","setup"
6,-0.931,5.000,5.872,15,"student_top_inst/Core_cpu/u_core_top/u_dcache/u_tag_bank/mem_q_reg/CLKBWRCLK","student_top_inst/Core_cpu/u_core_top/exec_mem_addr_q_reg[27]/D","setup"
7,-0.923,5.000,5.478,8,"student_top_inst/Core_cpu/u_core_top/u_dcache/u_tag_bank/mem_q_reg/CLKBWRCLK","student_top_inst/Core_cpu/u_core_top/scoreboard_q_reg[2][csr_src][10]/R","setup"
8,-0.923,5.000,5.478,8,"student_top_inst/Core_cpu/u_core_top/u_dcache/u_tag_bank/mem_q_reg/CLKBWRCLK","student_top_inst/Core_cpu/u_core_top/scoreboard_q_reg[2][csr_src][20]/R","setup"
9,-0.923,5.000,5.478,8,"student_top_inst/Core_cpu/u_core_top/u_dcache/u_tag_bank/mem_q_reg/CLKBWRCLK","student_top_inst/Core_cpu/u_core_top/scoreboard_q_reg[2][csr_src][26]/R","setup"
10,-0.923,5.000,5.478,8,"student_top_inst/Core_cpu/u_core_top/u_dcache/u_tag_bank/mem_q_reg/CLKBWRCLK","student_top_inst/Core_cpu/u_core_top/scoreboard_q_reg[2][csr_src][27]/R","setup"
11,-0.918,5.000,5.510,8,"student_top_inst/Core_cpu/u_core_top/u_dcache/u_tag_bank/mem_q_reg/CLKBWRCLK","student_top_inst/Core_cpu/u_core_top/scoreboard_q_reg[7][exception_tval][28]/CE","setup"
12,-0.918,5.000,5.510,8,"student_top_inst/Core_cpu/u_core_top/u_dcache/u_tag_bank/mem_q_reg/CLKBWRCLK","student_top_inst/Core_cpu/u_core_top/scoreboard_q_reg[7][exception_tval][5]/CE","setup"
13,-0.918,5.000,5.515,8,"student_top_inst/Core_cpu/u_core_top/u_dcache/u_tag_bank/mem_q_reg/CLKBWRCLK","student_top_inst/Core_cpu/u_core_top/scoreboard_q_reg[7][exception_cause][2]/CE","setup"
14,-0.918,5.000,5.515,8,"student_top_inst/Core_cpu/u_core_top/u_dcache/u_tag_bank/mem_q_reg/CLKBWRCLK","student_top_inst/Core_cpu/u_core_top/scoreboard_q_reg[7][exception_tval][22]/CE","setup"
15,-0.892,5.000,5.832,14,"student_top_inst/Core_cpu/u_core_top/u_dcache/u_tag_bank/mem_q_reg/CLKBWRCLK","student_top_inst/Core_cpu/u_core_top/exec_mem_addr_q_reg[21]/D","setup"
16,-0.892,5.000,5.833,15,"student_top_inst/Core_cpu/u_core_top/u_dcache/u_tag_bank/mem_q_reg/CLKBWRCLK","student_top_inst/Core_cpu/u_core_top/exec_mem_addr_q_reg[26]/D","setup"
17,-0.888,5.000,5.483,8,"student_top_inst/Core_cpu/u_core_top/u_dcache/u_tag_bank/mem_q_reg/CLKBWRCLK","student_top_inst/Core_cpu/u_core_top/scoreboard_q_reg[7][exception_tval][14]/CE","setup"
18,-0.888,5.000,5.483,8,"student_top_inst/Core_cpu/u_core_top/u_dcache/u_tag_bank/mem_q_reg/CLKBWRCLK","student_top_inst/Core_cpu/u_core_top/scoreboard_q_reg[7][exception_tval][3]/CE","setup"
19,-0.888,5.000,5.829,15,"student_top_inst/Core_cpu/u_core_top/u_dcache/u_tag_bank/mem_q_reg/CLKBWRCLK","student_top_inst/Core_cpu/u_core_top/exec_mem_addr_q_reg[24]/D","setup"
20,-0.880,5.000,5.452,8,"student_top_inst/Core_cpu/u_core_top/u_dcache/u_tag_bank/mem_q_reg/CLKBWRCLK","student_top_inst/Core_cpu/u_core_top/u_dcache/g_data_bank[0].u_data_bank/mem_q_reg_0/ENBWREN","setup"
21,-0.878,5.000,5.818,14,"student_top_inst/Core_cpu/u_core_top/u_dcache/u_tag_bank/mem_q_reg/CLKBWRCLK","student_top_inst/Core_cpu/u_core_top/exec_mem_addr_q_reg[23]/D","setup"
22,-0.867,5.000,5.535,10,"student_top_inst/Core_cpu/u_core_top/u_dcache/u_tag_bank/mem_q_reg/CLKBWRCLK","student_top_inst/Core_cpu/u_core_top/load_q_reg[0][store_seq_cutoff][1]/CE","setup"
23,-0.866,5.000,5.462,8,"student_top_inst/Core_cpu/u_core_top/u_dcache/u_tag_bank/mem_q_reg/CLKBWRCLK","student_top_inst/Core_cpu/u_core_top/scoreboard_q_reg[3][exception_cause][0]/CE","setup"
24,-0.865,5.000,5.456,10,"student_top_inst/Core_cpu/u_core_top/scoreboard_q_reg[3][fu][1]/C","student_top_inst/Core_cpu/u_core_top/scoreboard_q_reg[0][csr_src][0]/R","setup"
25,-0.865,5.000,5.456,10,"student_top_inst/Core_cpu/u_core_top/scoreboard_q_reg[3][fu][1]/C","student_top_inst/Core_cpu/u_core_top/scoreboard_q_reg[0][csr_src][16]/R","setup"
26,-0.865,5.000,5.456,10,"student_top_inst/Core_cpu/u_core_top/scoreboard_q_reg[3][fu][1]/C","student_top_inst/Core_cpu/u_core_top/scoreboard_q_reg[0][csr_src][20]/R","setup"
27,-0.865,5.000,5.456,10,"student_top_inst/Core_cpu/u_core_top/scoreboard_q_reg[3][fu][1]/C","student_top_inst/Core_cpu/u_core_top/scoreboard_q_reg[0][csr_src][22]/R","setup"
28,-0.865,5.000,5.456,10,"student_top_inst/Core_cpu/u_core_top/scoreboard_q_reg[3][fu][1]/C","student_top_inst/Core_cpu/u_core_top/scoreboard_q_reg[0][csr_src][23]/R","setup"
29,-0.865,5.000,5.456,10,"student_top_inst/Core_cpu/u_core_top/scoreboard_q_reg[3][fu][1]/C","student_top_inst/Core_cpu/u_core_top/scoreboard_q_reg[0][csr_src][28]/R","setup"
30,-0.865,5.000,5.456,10,"student_top_inst/Core_cpu/u_core_top/scoreboard_q_reg[3][fu][1]/C","student_top_inst/Core_cpu/u_core_top/scoreboard_q_reg[0][csr_src][3]/R","setup"
31,-0.865,5.000,5.456,10,"student_top_inst/Core_cpu/u_core_top/scoreboard_q_reg[3][fu][1]/C","student_top_inst/Core_cpu/u_core_top/scoreboard_q_reg[0][csr_src][4]/R","setup"
32,-0.862,5.000,5.454,8,"student_top_inst/Core_cpu/u_core_top/u_dcache/u_tag_bank/mem_q_reg/CLKBWRCLK","student_top_inst/Core_cpu/u_core_top/scoreboard_q_reg[7][exception_cause][3]/CE","setup"
33,-0.862,5.000,5.454,8,"student_top_inst/Core_cpu/u_core_top/u_dcache/u_tag_bank/mem_q_reg/CLKBWRCLK","student_top_inst/Core_cpu/u_core_top/scoreboard_q_reg[7][exception_tval][17]/CE","setup"
34,-0.862,5.000,5.454,8,"student_top_inst/Core_cpu/u_core_top/u_dcache/u_tag_bank/mem_q_reg/CLKBWRCLK","student_top_inst/Core_cpu/u_core_top/scoreboard_q_reg[7][exception_tval][30]/CE","setup"
35,-0.862,5.000,5.454,8,"student_top_inst/Core_cpu/u_core_top/u_dcache/u_tag_bank/mem_q_reg/CLKBWRCLK","student_top_inst/Core_cpu/u_core_top/scoreboard_q_reg[7][exception_tval][4]/CE","setup"
36,-0.859,5.000,5.436,8,"student_top_inst/Core_cpu/u_core_top/u_dcache/u_tag_bank/mem_q_reg/CLKBWRCLK","student_top_inst/Core_cpu/u_core_top/scoreboard_q_reg[2][csr_src][0]/R","setup"
37,-0.859,5.000,5.436,8,"student_top_inst/Core_cpu/u_core_top/u_dcache/u_tag_bank/mem_q_reg/CLKBWRCLK","student_top_inst/Core_cpu/u_core_top/scoreboard_q_reg[2][csr_src][14]/R","setup"
38,-0.859,5.000,5.436,8,"student_top_inst/Core_cpu/u_core_top/u_dcache/u_tag_bank/mem_q_reg/CLKBWRCLK","student_top_inst/Core_cpu/u_core_top/scoreboard_q_reg[2][csr_src][22]/R","setup"
39,-0.859,5.000,5.436,8,"student_top_inst/Core_cpu/u_core_top/u_dcache/u_tag_bank/mem_q_reg/CLKBWRCLK","student_top_inst/Core_cpu/u_core_top/scoreboard_q_reg[2][csr_src][23]/R","setup"
40,-0.859,5.000,5.436,8,"student_top_inst/Core_cpu/u_core_top/u_dcache/u_tag_bank/mem_q_reg/CLKBWRCLK","student_top_inst/Core_cpu/u_core_top/scoreboard_q_reg[2][csr_src][25]/R","setup"
41,-0.859,5.000,5.436,8,"student_top_inst/Core_cpu/u_core_top/u_dcache/u_tag_bank/mem_q_reg/CLKBWRCLK","student_top_inst/Core_cpu/u_core_top/scoreboard_q_reg[2][csr_src][29]/R","setup"
42,-0.859,5.000,5.436,8,"student_top_inst/Core_cpu/u_core_top/u_dcache/u_tag_bank/mem_q_reg/CLKBWRCLK","student_top_inst/Core_cpu/u_core_top/scoreboard_q_reg[2][csr_src][3]/R","setup"
43,-0.859,5.000,5.436,8,"student_top_inst/Core_cpu/u_core_top/u_dcache/u_tag_bank/mem_q_reg/CLKBWRCLK","student_top_inst/Core_cpu/u_core_top/scoreboard_q_reg[2][csr_src][7]/R","setup"
44,-0.857,5.000,5.447,10,"student_top_inst/Core_cpu/u_core_top/scoreboard_q_reg[3][fu][1]/C","student_top_inst/Core_cpu/u_core_top/scoreboard_q_reg[0][csr_src][10]/R","setup"
45,-0.857,5.000,5.447,10,"student_top_inst/Core_cpu/u_core_top/scoreboard_q_reg[3][fu][1]/C","student_top_inst/Core_cpu/u_core_top/scoreboard_q_reg[0][csr_src][25]/R","setup"
46,-0.857,5.000,5.447,10,"student_top_inst/Core_cpu/u_core_top/scoreboard_q_reg[3][fu][1]/C","student_top_inst/Core_cpu/u_core_top/scoreboard_q_reg[0][csr_src][26]/R","setup"
47,-0.857,5.000,5.447,10,"student_top_inst/Core_cpu/u_core_top/scoreboard_q_reg[3][fu][1]/C","student_top_inst/Core_cpu/u_core_top/scoreboard_q_reg[0][csr_src][8]/R","setup"
48,-0.857,5.000,5.447,10,"student_top_inst/Core_cpu/u_core_top/scoreboard_q_reg[3][fu][1]/C","student_top_inst/Core_cpu/u_core_top/scoreboard_q_reg[0][csr_src][9]/R","setup"
49,-0.848,5.000,5.465,8,"student_top_inst/Core_cpu/u_core_top/u_dcache/u_tag_bank/mem_q_reg/CLKBWRCLK","student_top_inst/Core_cpu/u_core_top/scoreboard_q_reg[7][exception_cause][0]/CE","setup"
50,-0.848,5.000,5.465,8,"student_top_inst/Core_cpu/u_core_top/u_dcache/u_tag_bank/mem_q_reg/CLKBWRCLK","student_top_inst/Core_cpu/u_core_top/scoreboard_q_reg[7][exception_tval][0]/CE","setup"
51,-0.848,5.000,5.465,8,"student_top_inst/Core_cpu/u_core_top/u_dcache/u_tag_bank/mem_q_reg/CLKBWRCLK","student_top_inst/Core_cpu/u_core_top/scoreboard_q_reg[7][exception_tval][21]/CE","setup"
52,-0.846,5.000,5.440,10,"student_top_inst/Core_cpu/u_core_top/scoreboard_q_reg[3][fu][1]/C","student_top_inst/Core_cpu/u_core_top/scoreboard_q_reg[0][csr_src][12]/R","setup"
53,-0.846,5.000,5.440,10,"student_top_inst/Core_cpu/u_core_top/scoreboard_q_reg[3][fu][1]/C","student_top_inst/Core_cpu/u_core_top/scoreboard_q_reg[0][csr_src][13]/R","setup"
54,-0.846,5.000,5.440,10,"student_top_inst/Core_cpu/u_core_top/scoreboard_q_reg[3][fu][1]/C","student_top_inst/Core_cpu/u_core_top/scoreboard_q_reg[0][csr_src][18]/R","setup"
55,-0.846,5.000,5.440,10,"student_top_inst/Core_cpu/u_core_top/scoreboard_q_reg[3][fu][1]/C","student_top_inst/Core_cpu/u_core_top/scoreboard_q_reg[0][csr_src][21]/R","setup"
56,-0.846,5.000,5.440,10,"student_top_inst/Core_cpu/u_core_top/scoreboard_q_reg[3][fu][1]/C","student_top_inst/Core_cpu/u_core_top/scoreboard_q_reg[0][csr_src][27]/R","setup"
57,-0.846,5.000,5.440,10,"student_top_inst/Core_cpu/u_core_top/scoreboard_q_reg[3][fu][1]/C","student_top_inst/Core_cpu/u_core_top/scoreboard_q_reg[0][csr_src][29]/R","setup"
58,-0.845,5.000,5.512,10,"student_top_inst/Core_cpu/u_core_top/u_dcache/u_tag_bank/mem_q_reg/CLKBWRCLK","student_top_inst/Core_cpu/u_core_top/load_q_reg[0][forward_data][15]/CE","setup"
59,-0.845,5.000,5.512,10,"student_top_inst/Core_cpu/u_core_top/u_dcache/u_tag_bank/mem_q_reg/CLKBWRCLK","student_top_inst/Core_cpu/u_core_top/load_q_reg[0][forward_data][18]/CE","setup"
60,-0.845,5.000,5.512,10,"student_top_inst/Core_cpu/u_core_top/u_dcache/u_tag_bank/mem_q_reg/CLKBWRCLK","student_top_inst/Core_cpu/u_core_top/load_q_reg[0][forward_data][19]/CE","setup"
61,-0.845,5.000,5.537,10,"student_top_inst/Core_cpu/u_core_top/u_dcache/u_tag_bank/mem_q_reg/CLKBWRCLK","student_top_inst/Core_cpu/u_core_top/load_q_reg[0][forward_data][23]/CE","setup"
62,-0.845,5.000,5.537,10,"student_top_inst/Core_cpu/u_core_top/u_dcache/u_tag_bank/mem_q_reg/CLKBWRCLK","student_top_inst/Core_cpu/u_core_top/load_q_reg[0][forward_data][26]/CE","setup"
63,-0.845,5.000,5.537,10,"student_top_inst/Core_cpu/u_core_top/u_dcache/u_tag_bank/mem_q_reg/CLKBWRCLK","student_top_inst/Core_cpu/u_core_top/load_q_reg[0][forward_mask][3]/CE","setup"
64,-0.844,5.000,5.437,8,"student_top_inst/Core_cpu/u_core_top/u_dcache/u_tag_bank/mem_q_reg/CLKBWRCLK","student_top_inst/Core_cpu/u_core_top/scoreboard_q_reg[3][exception_tval][20]/CE","setup"
65,-0.844,5.000,5.437,8,"student_top_inst/Core_cpu/u_core_top/u_dcache/u_tag_bank/mem_q_reg/CLKBWRCLK","student_top_inst/Core_cpu/u_core_top/scoreboard_q_reg[3][exception_tval][5]/CE","setup"
66,-0.842,5.000,5.509,10,"student_top_inst/Core_cpu/u_core_top/u_dcache/u_tag_bank/mem_q_reg/CLKBWRCLK","student_top_inst/Core_cpu/u_core_top/load_q_reg[0][forward_data][14]/CE","setup"
67,-0.842,5.000,5.509,10,"student_top_inst/Core_cpu/u_core_top/u_dcache/u_tag_bank/mem_q_reg/CLKBWRCLK","student_top_inst/Core_cpu/u_core_top/load_q_reg[0][forward_data][24]/CE","setup"
68,-0.842,5.000,5.509,10,"student_top_inst/Core_cpu/u_core_top/u_dcache/u_tag_bank/mem_q_reg/CLKBWRCLK","student_top_inst/Core_cpu/u_core_top/load_q_reg[0][forward_data][27]/CE","setup"
69,-0.842,5.000,5.509,10,"student_top_inst/Core_cpu/u_core_top/u_dcache/u_tag_bank/mem_q_reg/CLKBWRCLK","student_top_inst/Core_cpu/u_core_top/load_q_reg[0][forward_data][31]/CE","setup"
70,-0.840,5.000,5.778,13,"student_top_inst/Core_cpu/u_core_top/u_dcache/u_tag_bank/mem_q_reg/CLKBWRCLK","student_top_inst/Core_cpu/u_core_top/exec_mem_addr_q_reg[17]/D","setup"
71,-0.839,5.000,5.779,14,"student_top_inst/Core_cpu/u_core_top/u_dcache/u_tag_bank/mem_q_reg/CLKBWRCLK","student_top_inst/Core_cpu/u_core_top/exec_mem_addr_q_reg[22]/D","setup"
72,-0.836,5.000,5.526,10,"student_top_inst/Core_cpu/u_core_top/u_dcache/u_tag_bank/mem_q_reg/CLKBWRCLK","student_top_inst/Core_cpu/u_core_top/load_q_reg[0][forward_data][13]/CE","setup"
73,-0.836,5.000,5.526,10,"student_top_inst/Core_cpu/u_core_top/u_dcache/u_tag_bank/mem_q_reg/CLKBWRCLK","student_top_inst/Core_cpu/u_core_top/load_q_reg[0][forward_data][16]/CE","setup"
74,-0.836,5.000,5.526,10,"student_top_inst/Core_cpu/u_core_top/u_dcache/u_tag_bank/mem_q_reg/CLKBWRCLK","student_top_inst/Core_cpu/u_core_top/load_q_reg[0][forward_data][29]/CE","setup"
75,-0.835,5.000,5.775,14,"student_top_inst/Core_cpu/u_core_top/u_dcache/u_tag_bank/mem_q_reg/CLKBWRCLK","student_top_inst/Core_cpu/u_core_top/exec_mem_addr_q_reg[20]/D","setup"
76,-0.826,5.000,5.764,13,"student_top_inst/Core_cpu/u_core_top/u_dcache/u_tag_bank/mem_q_reg/CLKBWRCLK","student_top_inst/Core_cpu/u_core_top/exec_mem_addr_q_reg[19]/D","setup"
77,-0.820,5.000,5.545,10,"student_top_inst/Core_cpu/u_core_top/scoreboard_q_reg[3][fu][1]/C","student_top_inst/Core_cpu/u_core_top/scoreboard_q_reg[6][exception_tval][0]/CE","setup"
78,-0.820,5.000,5.545,10,"student_top_inst/Core_cpu/u_core_top/scoreboard_q_reg[3][fu][1]/C","student_top_inst/Core_cpu/u_core_top/scoreboard_q_reg[6][exception_tval][30]/CE","setup"
79,-0.820,5.000,5.545,10,"student_top_inst/Core_cpu/u_core_top/scoreboard_q_reg[3][fu][1]/C","student_top_inst/Core_cpu/u_core_top/scoreboard_q_reg[6][exception_tval][4]/CE","setup"
80,-0.820,5.000,5.545,10,"student_top_inst/Core_cpu/u_core_top/scoreboard_q_reg[3][fu][1]/C","student_top_inst/Core_cpu/u_core_top/scoreboard_q_reg[6][exception_valid]/CE","setup"
81,-0.818,5.000,5.509,10,"student_top_inst/Core_cpu/u_core_top/u_dcache/u_tag_bank/mem_q_reg/CLKBWRCLK","student_top_inst/Core_cpu/u_core_top/load_q_reg[0][forward_data][10]/CE","setup"
82,-0.818,5.000,5.509,10,"student_top_inst/Core_cpu/u_core_top/u_dcache/u_tag_bank/mem_q_reg/CLKBWRCLK","student_top_inst/Core_cpu/u_core_top/load_q_reg[0][forward_data][12]/CE","setup"
83,-0.818,5.000,5.509,10,"student_top_inst/Core_cpu/u_core_top/u_dcache/u_tag_bank/mem_q_reg/CLKBWRCLK","student_top_inst/Core_cpu/u_core_top/load_q_reg[0][forward_data][5]/CE","setup"
84,-0.818,5.000,5.509,10,"student_top_inst/Core_cpu/u_core_top/u_dcache/u_tag_bank/mem_q_reg/CLKBWRCLK","student_top_inst/Core_cpu/u_core_top/load_q_reg[0][store_seq_cutoff][5]/CE","setup"
85,-0.818,5.000,5.413,10,"student_top_inst/Core_cpu/u_core_top/scoreboard_q_reg[3][fu][1]/C","student_top_inst/Core_cpu/u_core_top/scoreboard_q_reg[6][csr_src][1]/R","setup"
86,-0.818,5.000,5.413,10,"student_top_inst/Core_cpu/u_core_top/scoreboard_q_reg[3][fu][1]/C","student_top_inst/Core_cpu/u_core_top/scoreboard_q_reg[6][csr_src][23]/R","setup"
87,-0.818,5.000,5.413,10,"student_top_inst/Core_cpu/u_core_top/scoreboard_q_reg[3][fu][1]/C","student_top_inst/Core_cpu/u_core_top/scoreboard_q_reg[6][csr_src][27]/R","setup"
88,-0.818,5.000,5.413,10,"student_top_inst/Core_cpu/u_core_top/scoreboard_q_reg[3][fu][1]/C","student_top_inst/Core_cpu/u_core_top/scoreboard_q_reg[6][csr_src][2]/R","setup"
89,-0.815,5.000,5.016,0,"student_top_inst/cpu_rst_sync_reg/C","student_top_inst/Core_cpu/u_core_top/u_muldiv/b_q_reg[21]/R","setup"
90,-0.815,5.000,5.016,0,"student_top_inst/cpu_rst_sync_reg/C","student_top_inst/Core_cpu/u_core_top/u_muldiv/b_q_reg[22]/R","setup"
91,-0.814,5.000,5.501,10,"student_top_inst/Core_cpu/u_core_top/u_dcache/u_tag_bank/mem_q_reg/CLKBWRCLK","student_top_inst/Core_cpu/u_core_top/load_q_reg[0][addr][6]/CE","setup"
92,-0.814,5.000,5.501,10,"student_top_inst/Core_cpu/u_core_top/u_dcache/u_tag_bank/mem_q_reg/CLKBWRCLK","student_top_inst/Core_cpu/u_core_top/load_q_reg[0][addr][7]/CE","setup"
93,-0.814,5.000,5.501,10,"student_top_inst/Core_cpu/u_core_top/u_dcache/u_tag_bank/mem_q_reg/CLKBWRCLK","student_top_inst/Core_cpu/u_core_top/load_q_reg[0][forward_data][4]/CE","setup"
94,-0.812,5.000,5.495,10,"student_top_inst/Core_cpu/u_core_top/u_dcache/u_tag_bank/mem_q_reg/CLKBWRCLK","student_top_inst/Core_cpu/u_core_top/u_dcache/FSM_onehot_state_q_reg[3]/CE","setup"
95,-0.812,5.000,5.495,10,"student_top_inst/Core_cpu/u_core_top/u_dcache/u_tag_bank/mem_q_reg/CLKBWRCLK","student_top_inst/Core_cpu/u_core_top/u_dcache/FSM_onehot_state_q_reg[4]/CE","setup"
96,-0.812,5.000,5.495,10,"student_top_inst/Core_cpu/u_core_top/u_dcache/u_tag_bank/mem_q_reg/CLKBWRCLK","student_top_inst/Core_cpu/u_core_top/u_dcache/FSM_onehot_state_q_reg[5]/CE","setup"
97,-0.812,5.000,5.410,8,"student_top_inst/Core_cpu/u_core_top/u_dcache/u_tag_bank/mem_q_reg/CLKBWRCLK","student_top_inst/Core_cpu/u_core_top/scoreboard_q_reg[5][exception_tval][4]/CE","setup"
98,-0.808,5.000,5.424,8,"student_top_inst/Core_cpu/u_core_top/u_dcache/u_tag_bank/mem_q_reg/CLKBWRCLK","student_top_inst/Core_cpu/u_core_top/scoreboard_q_reg[2][exception_cause][2]/CE","setup"
99,-0.808,5.000,5.424,8,"student_top_inst/Core_cpu/u_core_top/u_dcache/u_tag_bank/mem_q_reg/CLKBWRCLK","student_top_inst/Core_cpu/u_core_top/scoreboard_q_reg[2][exception_tval][6]/CE","setup"
100,-0.808,5.000,5.399,10,"student_top_inst/Core_cpu/u_core_top/scoreboard_q_reg[3][fu][1]/C","student_top_inst/Core_cpu/u_core_top/scoreboard_q_reg[6][csr_src][0]/R","setup"
101,-0.808,5.000,5.399,10,"student_top_inst/Core_cpu/u_core_top/scoreboard_q_reg[3][fu][1]/C","student_top_inst/Core_cpu/u_core_top/scoreboard_q_reg[6][csr_src][12]/R","setup"
102,-0.808,5.000,5.399,10,"student_top_inst/Core_cpu/u_core_top/scoreboard_q_reg[3][fu][1]/C","student_top_inst/Core_cpu/u_core_top/scoreboard_q_reg[6][csr_src][20]/R","setup"
103,-0.808,5.000,5.399,10,"student_top_inst/Core_cpu/u_core_top/scoreboard_q_reg[3][fu][1]/C","student_top_inst/Core_cpu/u_core_top/scoreboard_q_reg[6][csr_src][21]/R","setup"
104,-0.808,5.000,5.399,10,"student_top_inst/Core_cpu/u_core_top/scoreboard_q_reg[3][fu][1]/C","student_top_inst/Core_cpu/u_core_top/scoreboard_q_reg[6][csr_src][26]/R","setup"
105,-0.808,5.000,5.399,10,"student_top_inst/Core_cpu/u_core_top/scoreboard_q_reg[3][fu][1]/C","student_top_inst/Core_cpu/u_core_top/scoreboard_q_reg[6][csr_src][31]/R","setup"
106,-0.808,5.000,5.399,10,"student_top_inst/Core_cpu/u_core_top/scoreboard_q_reg[3][fu][1]/C","student_top_inst/Core_cpu/u_core_top/scoreboard_q_reg[6][csr_src][3]/R","setup"
107,-0.808,5.000,5.399,10,"student_top_inst/Core_cpu/u_core_top/scoreboard_q_reg[3][fu][1]/C","student_top_inst/Core_cpu/u_core_top/scoreboard_q_reg[6][csr_src][4]/R","setup"
108,-0.802,5.000,5.470,10,"student_top_inst/Core_cpu/u_core_top/u_dcache/u_tag_bank/mem_q_reg/CLKBWRCLK","student_top_inst/Core_cpu/u_core_top/load_q_reg[1][forward_data][10]/CE","setup"
109,-0.802,5.000,5.470,10,"student_top_inst/Core_cpu/u_core_top/u_dcache/u_tag_bank/mem_q_reg/CLKBWRCLK","student_top_inst/Core_cpu/u_core_top/load_q_reg[1][forward_data][13]/CE","setup"
110,-0.802,5.000,5.470,10,"student_top_inst/Core_cpu/u_core_top/u_dcache/u_tag_bank/mem_q_reg/CLKBWRCLK","student_top_inst/Core_cpu/u_core_top/load_q_reg[1][forward_data][5]/CE","setup"
111,-0.802,5.000,5.470,10,"student_top_inst/Core_cpu/u_core_top/u_dcache/u_tag_bank/mem_q_reg/CLKBWRCLK","student_top_inst/Core_cpu/u_core_top/load_q_reg[1][forward_data][6]/CE","setup"
112,-0.802,5.000,5.470,10,"student_top_inst/Core_cpu/u_core_top/u_dcache/u_tag_bank/mem_q_reg/CLKBWRCLK","student_top_inst/Core_cpu/u_core_top/load_q_reg[1][forward_data][7]/CE","setup"
113,-0.802,5.000,5.470,10,"student_top_inst/Core_cpu/u_core_top/u_dcache/u_tag_bank/mem_q_reg/CLKBWRCLK","student_top_inst/Core_cpu/u_core_top/load_q_reg[1][store_seq_cutoff][3]/CE","setup"
114,-0.798,5.000,5.466,10,"student_top_inst/Core_cpu/u_core_top/u_dcache/u_tag_bank/mem_q_reg/CLKBWRCLK","student_top_inst/Core_cpu/u_core_top/load_q_reg[1][addr][23]/CE","setup"
115,-0.798,5.000,5.466,10,"student_top_inst/Core_cpu/u_core_top/u_dcache/u_tag_bank/mem_q_reg/CLKBWRCLK","student_top_inst/Core_cpu/u_core_top/load_q_reg[1][addr][25]/CE","setup"
116,-0.798,5.000,5.466,10,"student_top_inst/Core_cpu/u_core_top/u_dcache/u_tag_bank/mem_q_reg/CLKBWRCLK","student_top_inst/Core_cpu/u_core_top/load_q_reg[1][addr][7]/CE","setup"
117,-0.798,5.000,5.466,10,"student_top_inst/Core_cpu/u_core_top/u_dcache/u_tag_bank/mem_q_reg/CLKBWRCLK","student_top_inst/Core_cpu/u_core_top/load_q_reg[1][forward_data][18]/CE","setup"
118,-0.798,5.000,5.466,10,"student_top_inst/Core_cpu/u_core_top/u_dcache/u_tag_bank/mem_q_reg/CLKBWRCLK","student_top_inst/Core_cpu/u_core_top/load_q_reg[1][forward_data][19]/CE","setup"
119,-0.798,5.000,5.466,10,"student_top_inst/Core_cpu/u_core_top/u_dcache/u_tag_bank/mem_q_reg/CLKBWRCLK","student_top_inst/Core_cpu/u_core_top/load_q_reg[1][forward_data][20]/CE","setup"
120,-0.798,5.000,5.466,10,"student_top_inst/Core_cpu/u_core_top/u_dcache/u_tag_bank/mem_q_reg/CLKBWRCLK","student_top_inst/Core_cpu/u_core_top/load_q_reg[1][forward_data][29]/CE","setup"
121,-0.798,5.000,5.466,10,"student_top_inst/Core_cpu/u_core_top/u_dcache/u_tag_bank/mem_q_reg/CLKBWRCLK","student_top_inst/Core_cpu/u_core_top/load_q_reg[1][forward_data][8]/CE","setup"
122,-0.798,5.000,5.467,10,"student_top_inst/Core_cpu/u_core_top/u_dcache/u_tag_bank/mem_q_reg/CLKBWRCLK","student_top_inst/Core_cpu/u_core_top/load_q_reg[1][addr][3]/CE","setup"
123,-0.798,5.000,5.467,10,"student_top_inst/Core_cpu/u_core_top/u_dcache/u_tag_bank/mem_q_reg/CLKBWRCLK","student_top_inst/Core_cpu/u_core_top/load_q_reg[1][addr][6]/CE","setup"
124,-0.798,5.000,5.467,10,"student_top_inst/Core_cpu/u_core_top/u_dcache/u_tag_bank/mem_q_reg/CLKBWRCLK","student_top_inst/Core_cpu/u_core_top/load_q_reg[1][addr][8]/CE","setup"
125,-0.798,5.000,5.467,10,"student_top_inst/Core_cpu/u_core_top/u_dcache/u_tag_bank/mem_q_reg/CLKBWRCLK","student_top_inst/Core_cpu/u_core_top/load_q_reg[1][addr][9]/CE","setup"
126,-0.798,5.000,5.467,10,"student_top_inst/Core_cpu/u_core_top/u_dcache/u_tag_bank/mem_q_reg/CLKBWRCLK","student_top_inst/Core_cpu/u_core_top/load_q_reg[1][forward_data][14]/CE","setup"
127,-0.798,5.000,5.467,10,"student_top_inst/Core_cpu/u_core_top/u_dcache/u_tag_bank/mem_q_reg/CLKBWRCLK","student_top_inst/Core_cpu/u_core_top/load_q_reg[1][forward_data][24]/CE","setup"
128,-0.798,5.000,5.467,10,"student_top_inst/Core_cpu/u_core_top/u_dcache/u_tag_bank/mem_q_reg/CLKBWRCLK","student_top_inst/Core_cpu/u_core_top/load_q_reg[1][load_unsigned]/CE","setup"
129,-0.798,5.000,5.467,10,"student_top_inst/Core_cpu/u_core_top/u_dcache/u_tag_bank/mem_q_reg/CLKBWRCLK","student_top_inst/Core_cpu/u_core_top/load_q_reg[1][trans_id][2]/CE","setup"
130,-0.792,5.000,5.386,8,"student_top_inst/Core_cpu/u_core_top/u_dcache/u_tag_bank/mem_q_reg/CLKBWRCLK","student_top_inst/Core_cpu/u_core_top/scoreboard_q_reg[3][exception_cause][3]/CE","setup"
131,-0.792,5.000,5.386,8,"student_top_inst/Core_cpu/u_core_top/u_dcache/u_tag_bank/mem_q_reg/CLKBWRCLK","student_top_inst/Core_cpu/u_core_top/scoreboard_q_reg[3][exception_tval][28]/CE","setup"
132,-0.792,5.000,5.386,8,"student_top_inst/Core_cpu/u_core_top/u_dcache/u_tag_bank/mem_q_reg/CLKBWRCLK","student_top_inst/Core_cpu/u_core_top/scoreboard_q_reg[3][exception_tval][7]/CE","setup"
133,-0.792,5.000,5.390,8,"student_top_inst/Core_cpu/u_core_top/u_dcache/u_tag_bank/mem_q_reg/CLKBWRCLK","student_top_inst/Core_cpu/u_core_top/scoreboard_q_reg[5][exception_tval][15]/CE","setup"
134,-0.792,5.000,5.390,8,"student_top_inst/Core_cpu/u_core_top/u_dcache/u_tag_bank/mem_q_reg/CLKBWRCLK","student_top_inst/Core_cpu/u_core_top/scoreboard_q_reg[5][exception_tval][18]/CE","setup"
135,-0.792,5.000,5.390,8,"student_top_inst/Core_cpu/u_core_top/u_dcache/u_tag_bank/mem_q_reg/CLKBWRCLK","student_top_inst/Core_cpu/u_core_top/scoreboard_q_reg[5][exception_tval][19]/CE","setup"
136,-0.792,5.000,5.390,8,"student_top_inst/Core_cpu/u_core_top/u_dcache/u_tag_bank/mem_q_reg/CLKBWRCLK","student_top_inst/Core_cpu/u_core_top/scoreboard_q_reg[5][exception_tval][2]/CE","setup"
137,-0.792,5.000,5.388,8,"student_top_inst/Core_cpu/u_core_top/u_dcache/u_tag_bank/mem_q_reg/CLKBWRCLK","student_top_inst/Core_cpu/u_core_top/scoreboard_q_reg[5][exception_tval][14]/CE","setup"
138,-0.788,5.000,5.340,8,"student_top_inst/Core_cpu/u_core_top/u_dcache/u_tag_bank/mem_q_reg/CLKBWRCLK","student_top_inst/Core_cpu/u_core_top/scoreboard_q_reg[2][csr_src][12]/R","setup"
139,-0.788,5.000,5.340,8,"student_top_inst/Core_cpu/u_core_top/u_dcache/u_tag_bank/mem_q_reg/CLKBWRCLK","student_top_inst/Core_cpu/u_core_top/scoreboard_q_reg[2][csr_src][13]/R","setup"
140,-0.788,5.000,5.340,8,"student_top_inst/Core_cpu/u_core_top/u_dcache/u_tag_bank/mem_q_reg/CLKBWRCLK","student_top_inst/Core_cpu/u_core_top/scoreboard_q_reg[2][csr_src][15]/R","setup"
141,-0.788,5.000,5.340,8,"student_top_inst/Core_cpu/u_core_top/u_dcache/u_tag_bank/mem_q_reg/CLKBWRCLK","student_top_inst/Core_cpu/u_core_top/scoreboard_q_reg[2][csr_src][16]/R","setup"
142,-0.788,5.000,5.340,8,"student_top_inst/Core_cpu/u_core_top/u_dcache/u_tag_bank/mem_q_reg/CLKBWRCLK","student_top_inst/Core_cpu/u_core_top/scoreboard_q_reg[2][csr_src][17]/R","setup"
143,-0.788,5.000,5.340,8,"student_top_inst/Core_cpu/u_core_top/u_dcache/u_tag_bank/mem_q_reg/CLKBWRCLK","student_top_inst/Core_cpu/u_core_top/scoreboard_q_reg[2][csr_src][1]/R","setup"
144,-0.788,5.000,5.340,8,"student_top_inst/Core_cpu/u_core_top/u_dcache/u_tag_bank/mem_q_reg/CLKBWRCLK","student_top_inst/Core_cpu/u_core_top/scoreboard_q_reg[2][csr_src][4]/R","setup"
145,-0.787,5.000,5.479,10,"student_top_inst/Core_cpu/u_core_top/u_dcache/u_tag_bank/mem_q_reg/CLKBWRCLK","student_top_inst/Core_cpu/u_core_top/load_q_reg[1][addr][1]/CE","setup"
146,-0.787,5.000,5.479,10,"student_top_inst/Core_cpu/u_core_top/u_dcache/u_tag_bank/mem_q_reg/CLKBWRCLK","student_top_inst/Core_cpu/u_core_top/load_q_reg[1][addr][2]/CE","setup"
147,-0.787,5.000,5.479,10,"student_top_inst/Core_cpu/u_core_top/u_dcache/u_tag_bank/mem_q_reg/CLKBWRCLK","student_top_inst/Core_cpu/u_core_top/load_q_reg[1][forward_data][12]/CE","setup"
148,-0.787,5.000,5.479,10,"student_top_inst/Core_cpu/u_core_top/u_dcache/u_tag_bank/mem_q_reg/CLKBWRCLK","student_top_inst/Core_cpu/u_core_top/load_q_reg[1][forward_data][15]/CE","setup"
149,-0.787,5.000,5.479,10,"student_top_inst/Core_cpu/u_core_top/u_dcache/u_tag_bank/mem_q_reg/CLKBWRCLK","student_top_inst/Core_cpu/u_core_top/load_q_reg[1][forward_data][21]/CE","setup"
150,-0.787,5.000,5.479,10,"student_top_inst/Core_cpu/u_core_top/u_dcache/u_tag_bank/mem_q_reg/CLKBWRCLK","student_top_inst/Core_cpu/u_core_top/load_q_reg[1][forward_data][3]/CE","setup"
151,-0.787,5.000,5.479,10,"student_top_inst/Core_cpu/u_core_top/u_dcache/u_tag_bank/mem_q_reg/CLKBWRCLK","student_top_inst/Core_cpu/u_core_top/load_q_reg[1][size][1]/CE","setup"
152,-0.787,5.000,5.479,10,"student_top_inst/Core_cpu/u_core_top/u_dcache/u_tag_bank/mem_q_reg/CLKBWRCLK","student_top_inst/Core_cpu/u_core_top/load_q_reg[1][store_seq_cutoff][1]/CE","setup"
153,-0.787,5.000,5.724,12,"student_top_inst/Core_cpu/u_core_top/u_dcache/u_tag_bank/mem_q_reg/CLKBWRCLK","student_top_inst/Core_cpu/u_core_top/exec_mem_addr_q_reg[13]/D","setup"
154,-0.787,5.000,5.725,13,"student_top_inst/Core_cpu/u_core_top/u_dcache/u_tag_bank/mem_q_reg/CLKBWRCLK","student_top_inst/Core_cpu/u_core_top/exec_mem_addr_q_reg[18]/D","setup"
155,-0.784,5.000,5.338,8,"student_top_inst/Core_cpu/u_core_top/u_dcache/u_tag_bank/mem_q_reg/CLKBWRCLK","student_top_inst/Core_cpu/u_core_top/scoreboard_q_reg[3][csr_src][0]/R","setup"
156,-0.784,5.000,5.338,8,"student_top_inst/Core_cpu/u_core_top/u_dcache/u_tag_bank/mem_q_reg/CLKBWRCLK","student_top_inst/Core_cpu/u_core_top/scoreboard_q_reg[3][csr_src][10]/R","setup"
157,-0.784,5.000,5.338,8,"student_top_inst/Core_cpu/u_core_top/u_dcache/u_tag_bank/mem_q_reg/CLKBWRCLK","student_top_inst/Core_cpu/u_core_top/scoreboard_q_reg[3][csr_src][12]/R","setup"
158,-0.784,5.000,5.338,8,"student_top_inst/Core_cpu/u_core_top/u_dcache/u_tag_bank/mem_q_reg/CLKBWRCLK","student_top_inst/Core_cpu/u_core_top/scoreboard_q_reg[3][csr_src][15]/R","setup"
159,-0.784,5.000,5.338,8,"student_top_inst/Core_cpu/u_core_top/u_dcache/u_tag_bank/mem_q_reg/CLKBWRCLK","student_top_inst/Core_cpu/u_core_top/scoreboard_q_reg[3][csr_src][26]/R","setup"
160,-0.784,5.000,5.338,8,"student_top_inst/Core_cpu/u_core_top/u_dcache/u_tag_bank/mem_q_reg/CLKBWRCLK","student_top_inst/Core_cpu/u_core_top/scoreboard_q_reg[3][csr_src][30]/R","setup"
161,-0.784,5.000,5.338,8,"student_top_inst/Core_cpu/u_core_top/u_dcache/u_tag_bank/mem_q_reg/CLKBWRCLK","student_top_inst/Core_cpu/u_core_top/scoreboard_q_reg[3][csr_src][4]/R","setup"
162,-0.783,5.000,5.472,10,"student_top_inst/Core_cpu/u_core_top/u_dcache/u_tag_bank/mem_q_reg/CLKBWRCLK","student_top_inst/Core_cpu/u_core_top/load_q_reg[1][addr][28]/CE","setup"
163,-0.783,5.000,5.472,10,"student_top_inst/Core_cpu/u_core_top/u_dcache/u_tag_bank/mem_q_reg/CLKBWRCLK","student_top_inst/Core_cpu/u_core_top/load_q_reg[1][addr][30]/CE","setup"
164,-0.783,5.000,5.472,10,"student_top_inst/Core_cpu/u_core_top/u_dcache/u_tag_bank/mem_q_reg/CLKBWRCLK","student_top_inst/Core_cpu/u_core_top/load_q_reg[1][forward_data][25]/CE","setup"
165,-0.783,5.000,5.472,10,"student_top_inst/Core_cpu/u_core_top/u_dcache/u_tag_bank/mem_q_reg/CLKBWRCLK","student_top_inst/Core_cpu/u_core_top/load_q_reg[1][forward_data][4]/CE","setup"
166,-0.783,5.000,5.472,10,"student_top_inst/Core_cpu/u_core_top/u_dcache/u_tag_bank/mem_q_reg/CLKBWRCLK","student_top_inst/Core_cpu/u_core_top/load_q_reg[1][forward_mask][1]/CE","setup"
167,-0.783,5.000,5.472,10,"student_top_inst/Core_cpu/u_core_top/u_dcache/u_tag_bank/mem_q_reg/CLKBWRCLK","student_top_inst/Core_cpu/u_core_top/load_q_reg[1][forward_mask][2]/CE","setup"
168,-0.783,5.000,5.472,10,"student_top_inst/Core_cpu/u_core_top/u_dcache/u_tag_bank/mem_q_reg/CLKBWRCLK","student_top_inst/Core_cpu/u_core_top/load_q_reg[1][size][0]/CE","setup"
169,-0.783,5.000,5.472,10,"student_top_inst/Core_cpu/u_core_top/u_dcache/u_tag_bank/mem_q_reg/CLKBWRCLK","student_top_inst/Core_cpu/u_core_top/load_q_reg[1][trans_id][0]/CE","setup"
170,-0.783,5.000,5.721,13,"student_top_inst/Core_cpu/u_core_top/u_dcache/u_tag_bank/mem_q_reg/CLKBWRCLK","student_top_inst/Core_cpu/u_core_top/exec_mem_addr_q_reg[16]/D","setup"
171,-0.783,5.000,5.507,10,"student_top_inst/Core_cpu/u_core_top/u_dcache/u_tag_bank/mem_q_reg/CLKBWRCLK","student_top_inst/Core_cpu/u_core_top/u_dcache/lookup_addr_q_reg[11]/CE","setup"
172,-0.783,5.000,5.507,10,"student_top_inst/Core_cpu/u_core_top/u_dcache/u_tag_bank/mem_q_reg/CLKBWRCLK","student_top_inst/Core_cpu/u_core_top/u_dcache/lookup_addr_q_reg[15]/CE","setup"
173,-0.783,5.000,5.507,10,"student_top_inst/Core_cpu/u_core_top/u_dcache/u_tag_bank/mem_q_reg/CLKBWRCLK","student_top_inst/Core_cpu/u_core_top/u_dcache/lookup_index_q_reg[7]/CE","setup"
174,-0.783,5.000,5.507,10,"student_top_inst/Core_cpu/u_core_top/u_dcache/u_tag_bank/mem_q_reg/CLKBWRCLK","student_top_inst/Core_cpu/u_core_top/u_dcache/lookup_store_data_q_reg[11]/CE","setup"
175,-0.783,5.000,5.507,10,"student_top_inst/Core_cpu/u_core_top/u_dcache/u_tag_bank/mem_q_reg/CLKBWRCLK","student_top_inst/Core_cpu/u_core_top/u_dcache/lookup_store_data_q_reg[19]/CE","setup"
176,-0.783,5.000,5.507,10,"student_top_inst/Core_cpu/u_core_top/u_dcache/u_tag_bank/mem_q_reg/CLKBWRCLK","student_top_inst/Core_cpu/u_core_top/u_dcache/lookup_tag_q_reg[15]/CE","setup"
177,-0.781,5.000,5.378,8,"student_top_inst/Core_cpu/u_core_top/u_dcache/u_tag_bank/mem_q_reg/CLKBWRCLK","student_top_inst/Core_cpu/u_core_top/scoreboard_q_reg[5][exception_tval][0]/CE","setup"
178,-0.781,5.000,5.378,8,"student_top_inst/Core_cpu/u_core_top/u_dcache/u_tag_bank/mem_q_reg/CLKBWRCLK","student_top_inst/Core_cpu/u_core_top/scoreboard_q_reg[5][exception_tval][5]/CE","setup"
179,-0.777,5.000,5.435,8,"student_top_inst/Core_cpu/u_core_top/u_dcache/u_tag_bank/mem_q_reg/CLKBWRCLK","student_top_inst/Core_cpu/u_core_top/scoreboard_q_reg[7][exception_tval][16]/CE","setup"
180,-0.777,5.000,5.435,8,"student_top_inst/Core_cpu/u_core_top/u_dcache/u_tag_bank/mem_q_reg/CLKBWRCLK","student_top_inst/Core_cpu/u_core_top/scoreboard_q_reg[7][exception_tval][20]/CE","setup"
181,-0.777,5.000,5.435,8,"student_top_inst/Core_cpu/u_core_top/u_dcache/u_tag_bank/mem_q_reg/CLKBWRCLK","student_top_inst/Core_cpu/u_core_top/scoreboard_q_reg[7][exception_tval][23]/CE","setup"
182,-0.777,5.000,5.435,8,"student_top_inst/Core_cpu/u_core_top/u_dcache/u_tag_bank/mem_q_reg/CLKBWRCLK","student_top_inst/Core_cpu/u_core_top/scoreboard_q_reg[7][exception_tval][25]/CE","setup"
183,-0.776,5.000,5.370,10,"student_top_inst/Core_cpu/u_core_top/scoreboard_q_reg[3][fu][1]/C","student_top_inst/Core_cpu/u_core_top/scoreboard_q_reg[6][csr_src][10]/R","setup"
184,-0.776,5.000,5.370,10,"student_top_inst/Core_cpu/u_core_top/scoreboard_q_reg[3][fu][1]/C","student_top_inst/Core_cpu/u_core_top/scoreboard_q_reg[6][csr_src][11]/R","setup"
185,-0.776,5.000,5.370,10,"student_top_inst/Core_cpu/u_core_top/scoreboard_q_reg[3][fu][1]/C","student_top_inst/Core_cpu/u_core_top/scoreboard_q_reg[6][csr_src][13]/R","setup"
186,-0.776,5.000,5.370,10,"student_top_inst/Core_cpu/u_core_top/scoreboard_q_reg[3][fu][1]/C","student_top_inst/Core_cpu/u_core_top/scoreboard_q_reg[6][csr_src][14]/R","setup"
187,-0.776,5.000,5.370,10,"student_top_inst/Core_cpu/u_core_top/scoreboard_q_reg[3][fu][1]/C","student_top_inst/Core_cpu/u_core_top/scoreboard_q_reg[6][csr_src][18]/R","setup"
188,-0.776,5.000,5.370,10,"student_top_inst/Core_cpu/u_core_top/scoreboard_q_reg[3][fu][1]/C","student_top_inst/Core_cpu/u_core_top/scoreboard_q_reg[6][csr_src][22]/R","setup"
189,-0.776,5.000,5.370,10,"student_top_inst/Core_cpu/u_core_top/scoreboard_q_reg[3][fu][1]/C","student_top_inst/Core_cpu/u_core_top/scoreboard_q_reg[6][csr_src][5]/R","setup"
190,-0.776,5.000,5.370,10,"student_top_inst/Core_cpu/u_core_top/scoreboard_q_reg[3][fu][1]/C","student_top_inst/Core_cpu/u_core_top/scoreboard_q_reg[6][csr_src][6]/R","setup"
191,-0.775,5.000,5.373,8,"student_top_inst/Core_cpu/u_core_top/u_dcache/u_tag_bank/mem_q_reg/CLKBWRCLK","student_top_inst/Core_cpu/u_core_top/scoreboard_q_reg[5][exception_tval][16]/CE","setup"
192,-0.775,5.000,5.373,8,"student_top_inst/Core_cpu/u_core_top/u_dcache/u_tag_bank/mem_q_reg/CLKBWRCLK","student_top_inst/Core_cpu/u_core_top/scoreboard_q_reg[5][exception_tval][28]/CE","setup"
193,-0.774,5.000,5.371,8,"student_top_inst/Core_cpu/u_core_top/u_dcache/u_tag_bank/mem_q_reg/CLKBWRCLK","student_top_inst/Core_cpu/u_core_top/scoreboard_q_reg[5][exception_tval][17]/CE","setup"
194,-0.774,5.000,5.371,8,"student_top_inst/Core_cpu/u_core_top/u_dcache/u_tag_bank/mem_q_reg/CLKBWRCLK","student_top_inst/Core_cpu/u_core_top/scoreboard_q_reg[5][exception_tval][30]/CE","setup"
195,-0.774,5.000,5.395,8,"student_top_inst/Core_cpu/u_core_top/u_dcache/u_tag_bank/mem_q_reg/CLKBWRCLK","student_top_inst/Core_cpu/u_core_top/scoreboard_q_reg[5][exception_cause][2]/CE","setup"
196,-0.774,5.000,5.395,8,"student_top_inst/Core_cpu/u_core_top/u_dcache/u_tag_bank/mem_q_reg/CLKBWRCLK","student_top_inst/Core_cpu/u_core_top/scoreboard_q_reg[5][exception_tval][22]/CE","setup"
197,-0.774,5.000,5.430,8,"student_top_inst/Core_cpu/u_core_top/u_dcache/u_tag_bank/mem_q_reg/CLKBWRCLK","student_top_inst/Core_cpu/u_core_top/scoreboard_q_reg[3][exception_tval][11]/CE","setup"
198,-0.774,5.000,5.430,8,"student_top_inst/Core_cpu/u_core_top/u_dcache/u_tag_bank/mem_q_reg/CLKBWRCLK","student_top_inst/Core_cpu/u_core_top/scoreboard_q_reg[3][exception_valid]/CE","setup"
199,-0.774,5.000,5.349,8,"student_top_inst/Core_cpu/u_core_top/u_dcache/u_tag_bank/mem_q_reg/CLKBWRCLK","student_top_inst/Core_cpu/u_core_top/scoreboard_q_reg[2][csr_src][18]/R","setup"
200,-0.774,5.000,5.349,8,"student_top_inst/Core_cpu/u_core_top/u_dcache/u_tag_bank/mem_q_reg/CLKBWRCLK","student_top_inst/Core_cpu/u_core_top/scoreboard_q_reg[2][csr_src][19]/R","setup"
201,-0.774,5.000,5.349,8,"student_top_inst/Core_cpu/u_core_top/u_dcache/u_tag_bank/mem_q_reg/CLKBWRCLK","student_top_inst/Core_cpu/u_core_top/scoreboard_q_reg[2][csr_src][21]/R","setup"
202,-0.774,5.000,5.349,8,"student_top_inst/Core_cpu/u_core_top/u_dcache/u_tag_bank/mem_q_reg/CLKBWRCLK","student_top_inst/Core_cpu/u_core_top/scoreboard_q_reg[2][csr_src][24]/R","setup"
203,-0.774,5.000,5.349,8,"student_top_inst/Core_cpu/u_core_top/u_dcache/u_tag_bank/mem_q_reg/CLKBWRCLK","student_top_inst/Core_cpu/u_core_top/scoreboard_q_reg[2][csr_src][28]/R","setup"
204,-0.774,5.000,5.349,8,"student_top_inst/Core_cpu/u_core_top/u_dcache/u_tag_bank/mem_q_reg/CLKBWRCLK","student_top_inst/Core_cpu/u_core_top/scoreboard_q_reg[2][csr_src][30]/R","setup"
205,-0.774,5.000,5.349,8,"student_top_inst/Core_cpu/u_core_top/u_dcache/u_tag_bank/mem_q_reg/CLKBWRCLK","student_top_inst/Core_cpu/u_core_top/scoreboard_q_reg[2][csr_src][8]/R","setup"
206,-0.774,5.000,5.349,8,"student_top_inst/Core_cpu/u_core_top/u_dcache/u_tag_bank/mem_q_reg/CLKBWRCLK","student_top_inst/Core_cpu/u_core_top/scoreboard_q_reg[2][csr_src][9]/R","setup"
207,-0.773,5.000,5.710,12,"student_top_inst/Core_cpu/u_core_top/u_dcache/u_tag_bank/mem_q_reg/CLKBWRCLK","student_top_inst/Core_cpu/u_core_top/exec_mem_addr_q_reg[15]/D","setup"
208,-0.767,5.000,5.320,8,"student_top_inst/Core_cpu/u_core_top/u_dcache/u_tag_bank/mem_q_reg/CLKBWRCLK","student_top_inst/Core_cpu/u_core_top/scoreboard_q_reg[7][csr_src][15]/R","setup"
209,-0.767,5.000,5.320,8,"student_top_inst/Core_cpu/u_core_top/u_dcache/u_tag_bank/mem_q_reg/CLKBWRCLK","student_top_inst/Core_cpu/u_core_top/scoreboard_q_reg[7][csr_src][22]/R","setup"
210,-0.767,5.000,5.320,8,"student_top_inst/Core_cpu/u_core_top/u_dcache/u_tag_bank/mem_q_reg/CLKBWRCLK","student_top_inst/Core_cpu/u_core_top/scoreboard_q_reg[7][csr_src][24]/R","setup"
211,-0.767,5.000,5.320,8,"student_top_inst/Core_cpu/u_core_top/u_dcache/u_tag_bank/mem_q_reg/CLKBWRCLK","student_top_inst/Core_cpu/u_core_top/scoreboard_q_reg[7][csr_src][2]/R","setup"
212,-0.767,5.000,5.320,8,"student_top_inst/Core_cpu/u_core_top/u_dcache/u_tag_bank/mem_q_reg/CLKBWRCLK","student_top_inst/Core_cpu/u_core_top/scoreboard_q_reg[7][csr_src][31]/R","setup"
213,-0.767,5.000,5.320,8,"student_top_inst/Core_cpu/u_core_top/u_dcache/u_tag_bank/mem_q_reg/CLKBWRCLK","student_top_inst/Core_cpu/u_core_top/scoreboard_q_reg[7][csr_src][3]/R","setup"
214,-0.767,5.000,5.320,8,"student_top_inst/Core_cpu/u_core_top/u_dcache/u_tag_bank/mem_q_reg/CLKBWRCLK","student_top_inst/Core_cpu/u_core_top/scoreboard_q_reg[7][csr_src][5]/R","setup"
215,-0.767,5.000,5.320,8,"student_top_inst/Core_cpu/u_core_top/u_dcache/u_tag_bank/mem_q_reg/CLKBWRCLK","student_top_inst/Core_cpu/u_core_top/scoreboard_q_reg[7][csr_src][6]/R","setup"
216,-0.765,5.000,5.688,10,"student_top_inst/Core_cpu/u_core_top/u_dcache/u_tag_bank/mem_q_reg/CLKBWRCLK","student_top_inst/Core_cpu/u_core_top/scoreboard_q_reg[3][result][27]/D","setup"
217,-0.765,5.000,5.488,10,"student_top_inst/Core_cpu/u_core_top/u_dcache/u_tag_bank/mem_q_reg/CLKBWRCLK","student_top_inst/Core_cpu/u_core_top/u_dcache/req_addr_q_reg[14]/CE","setup"
218,-0.765,5.000,5.488,10,"student_top_inst/Core_cpu/u_core_top/u_dcache/u_tag_bank/mem_q_reg/CLKBWRCLK","student_top_inst/Core_cpu/u_core_top/u_dcache/req_addr_q_reg[21]/CE","setup"
219,-0.765,5.000,5.488,10,"student_top_inst/Core_cpu/u_core_top/u_dcache/u_tag_bank/mem_q_reg/CLKBWRCLK","student_top_inst/Core_cpu/u_core_top/u_dcache/req_addr_q_reg[22]/CE","setup"
220,-0.765,5.000,5.488,10,"student_top_inst/Core_cpu/u_core_top/u_dcache/u_tag_bank/mem_q_reg/CLKBWRCLK","student_top_inst/Core_cpu/u_core_top/u_dcache/req_addr_q_reg[9]/CE","setup"
221,-0.764,5.000,5.660,10,"student_top_inst/Core_cpu/u_core_top/u_dcache/u_tag_bank/mem_q_reg/CLKBWRCLK","student_top_inst/Core_cpu/u_core_top/exec_q_reg[op2][16]/D","setup"
222,-0.764,5.000,5.430,10,"student_top_inst/Core_cpu/u_core_top/u_dcache/u_tag_bank/mem_q_reg/CLKBWRCLK","student_top_inst/Core_cpu/u_core_top/load_q_reg[0][forward_data][17]/CE","setup"
223,-0.764,5.000,5.430,10,"student_top_inst/Core_cpu/u_core_top/u_dcache/u_tag_bank/mem_q_reg/CLKBWRCLK","student_top_inst/Core_cpu/u_core_top/load_q_reg[0][forward_data][3]/CE","setup"
224,-0.764,5.000,5.430,10,"student_top_inst/Core_cpu/u_core_top/u_dcache/u_tag_bank/mem_q_reg/CLKBWRCLK","student_top_inst/Core_cpu/u_core_top/load_q_reg[0][forward_data][8]/CE","setup"
225,-0.764,5.000,5.430,10,"student_top_inst/Core_cpu/u_core_top/u_dcache/u_tag_bank/mem_q_reg/CLKBWRCLK","student_top_inst/Core_cpu/u_core_top/load_q_reg[0][forward_data][9]/CE","setup"
226,-0.764,5.000,5.430,10,"student_top_inst/Core_cpu/u_core_top/u_dcache/u_tag_bank/mem_q_reg/CLKBWRCLK","student_top_inst/Core_cpu/u_core_top/load_q_reg[0][store_seq_cutoff][0]/CE","setup"
227,-0.764,5.000,5.430,10,"student_top_inst/Core_cpu/u_core_top/u_dcache/u_tag_bank/mem_q_reg/CLKBWRCLK","student_top_inst/Core_cpu/u_core_top/load_q_reg[0][store_seq_cutoff][2]/CE","setup"
228,-0.764,5.000,5.430,10,"student_top_inst/Core_cpu/u_core_top/u_dcache/u_tag_bank/mem_q_reg/CLKBWRCLK","student_top_inst/Core_cpu/u_core_top/load_q_reg[0][store_seq_cutoff][6]/CE","setup"
229,-0.764,5.000,5.430,10,"student_top_inst/Core_cpu/u_core_top/u_dcache/u_tag_bank/mem_q_reg/CLKBWRCLK","student_top_inst/Core_cpu/u_core_top/load_q_reg[0][addr][10]/CE","setup"
230,-0.764,5.000,5.430,10,"student_top_inst/Core_cpu/u_core_top/u_dcache/u_tag_bank/mem_q_reg/CLKBWRCLK","student_top_inst/Core_cpu/u_core_top/load_q_reg[0][addr][11]/CE","setup"
231,-0.764,5.000,5.430,10,"student_top_inst/Core_cpu/u_core_top/u_dcache/u_tag_bank/mem_q_reg/CLKBWRCLK","student_top_inst/Core_cpu/u_core_top/load_q_reg[0][addr][9]/CE","setup"
232,-0.764,5.000,5.430,10,"student_top_inst/Core_cpu/u_core_top/u_dcache/u_tag_bank/mem_q_reg/CLKBWRCLK","student_top_inst/Core_cpu/u_core_top/load_q_reg[0][forward_data][7]/CE","setup"
233,-0.761,5.000,5.354,8,"student_top_inst/Core_cpu/u_core_top/u_dcache/u_tag_bank/mem_q_reg/CLKBWRCLK","student_top_inst/Core_cpu/u_core_top/scoreboard_q_reg[3][exception_tval][14]/CE","setup"
234,-0.761,5.000,5.427,10,"student_top_inst/Core_cpu/u_core_top/u_dcache/u_tag_bank/mem_q_reg/CLKBWRCLK","student_top_inst/Core_cpu/u_core_top/load_q_reg[0][addr][1]/CE","setup"
235,-0.761,5.000,5.427,10,"student_top_inst/Core_cpu/u_core_top/u_dcache/u_tag_bank/mem_q_reg/CLKBWRCLK","student_top_inst/Core_cpu/u_core_top/load_q_reg[0][addr][20]/CE","setup"
236,-0.761,5.000,5.427,10,"student_top_inst/Core_cpu/u_core_top/u_dcache/u_tag_bank/mem_q_reg/CLKBWRCLK","student_top_inst/Core_cpu/u_core_top/load_q_reg[0][forward_data][0]/CE","setup"
237,-0.761,5.000,5.427,10,"student_top_inst/Core_cpu/u_core_top/u_dcache/u_tag_bank/mem_q_reg/CLKBWRCLK","student_top_inst/Core_cpu/u_core_top/load_q_reg[0][trans_id][1]/CE","setup"
238,-0.761,5.000,5.486,10,"student_top_inst/Core_cpu/u_core_top/u_dcache/u_tag_bank/mem_q_reg/CLKBWRCLK","student_top_inst/Core_cpu/u_core_top/u_dcache/req_addr_q_reg[11]/CE","setup"
239,-0.761,5.000,5.486,10,"student_top_inst/Core_cpu/u_core_top/u_dcache/u_tag_bank/mem_q_reg/CLKBWRCLK","student_top_inst/Core_cpu/u_core_top/u_dcache/req_addr_q_reg[2]/CE","setup"
240,-0.761,5.000,5.486,10,"student_top_inst/Core_cpu/u_core_top/u_dcache/u_tag_bank/mem_q_reg/CLKBWRCLK","student_top_inst/Core_cpu/u_core_top/u_dcache/req_addr_q_reg[30]/CE","setup"
241,-0.760,5.000,5.507,10,"student_top_inst/Core_cpu/u_core_top/u_dcache/u_tag_bank/mem_q_reg/CLKBWRCLK","student_top_inst/Core_cpu/u_core_top/u_dcache/lookup_addr_q_reg[12]/CE","setup"
242,-0.760,5.000,5.507,10,"student_top_inst/Core_cpu/u_core_top/u_dcache/u_tag_bank/mem_q_reg/CLKBWRCLK","student_top_inst/Core_cpu/u_core_top/u_dcache/lookup_addr_q_reg[21]/CE","setup"
243,-0.760,5.000,5.507,10,"student_top_inst/Core_cpu/u_core_top/u_dcache/u_tag_bank/mem_q_reg/CLKBWRCLK","student_top_inst/Core_cpu/u_core_top/u_dcache/lookup_addr_q_reg[22]/CE","setup"
244,-0.760,5.000,5.507,10,"student_top_inst/Core_cpu/u_core_top/u_dcache/u_tag_bank/mem_q_reg/CLKBWRCLK","student_top_inst/Core_cpu/u_core_top/u_dcache/lookup_store_data_q_reg[13]/CE","setup"
245,-0.760,5.000,5.507,10,"student_top_inst/Core_cpu/u_core_top/u_dcache/u_tag_bank/mem_q_reg/CLKBWRCLK","student_top_inst/Core_cpu/u_core_top/u_dcache/lookup_store_data_q_reg[21]/CE","setup"
246,-0.760,5.000,5.507,10,"student_top_inst/Core_cpu/u_core_top/u_dcache/u_tag_bank/mem_q_reg/CLKBWRCLK","student_top_inst/Core_cpu/u_core_top/u_dcache/lookup_tag_q_reg[19]/CE","setup"
247,-0.760,5.000,5.507,10,"student_top_inst/Core_cpu/u_core_top/u_dcache/u_tag_bank/mem_q_reg/CLKBWRCLK","student_top_inst/Core_cpu/u_core_top/u_dcache/lookup_tag_q_reg[21]/CE","setup"
248,-0.760,5.000,5.507,10,"student_top_inst/Core_cpu/u_core_top/u_dcache/u_tag_bank/mem_q_reg/CLKBWRCLK","student_top_inst/Core_cpu/u_core_top/u_dcache/lookup_tag_q_reg[22]/CE","setup"
249,-0.759,5.000,5.447,10,"student_top_inst/Core_cpu/u_core_top/u_dcache/u_tag_bank/mem_q_reg/CLKBWRCLK","student_top_inst/Core_cpu/u_core_top/load_q_reg[0][addr][12]/CE","setup"
250,-0.759,5.000,5.447,10,"student_top_inst/Core_cpu/u_core_top/u_dcache/u_tag_bank/mem_q_reg/CLKBWRCLK","student_top_inst/Core_cpu/u_core_top/load_q_reg[0][addr][16]/CE","setup"
251,-0.759,5.000,5.447,10,"student_top_inst/Core_cpu/u_core_top/u_dcache/u_tag_bank/mem_q_reg/CLKBWRCLK","student_top_inst/Core_cpu/u_core_top/load_q_reg[0][addr][26]/CE","setup"
252,-0.759,5.000,5.447,10,"student_top_inst/Core_cpu/u_core_top/u_dcache/u_tag_bank/mem_q_reg/CLKBWRCLK","student_top_inst/Core_cpu/u_core_top/load_q_reg[0][size][0]/CE","setup"
253,-0.758,5.000,5.423,10,"student_top_inst/Core_cpu/u_core_top/u_dcache/u_tag_bank/mem_q_reg/CLKBWRCLK","student_top_inst/Core_cpu/u_core_top/load_q_reg[0][addr][17]/CE","setup"
254,-0.758,5.000,5.423,10,"student_top_inst/Core_cpu/u_core_top/u_dcache/u_tag_bank/mem_q_reg/CLKBWRCLK","student_top_inst/Core_cpu/u_core_top/load_q_reg[0][addr][3]/CE","setup"
255,-0.758,5.000,5.423,10,"student_top_inst/Core_cpu/u_core_top/u_dcache/u_tag_bank/mem_q_reg/CLKBWRCLK","student_top_inst/Core_cpu/u_core_top/load_q_reg[0][addr][5]/CE","setup"
256,-0.758,5.000,5.423,10,"student_top_inst/Core_cpu/u_core_top/u_dcache/u_tag_bank/mem_q_reg/CLKBWRCLK","student_top_inst/Core_cpu/u_core_top/load_q_reg[0][forward_mask][1]/CE","setup"
257,-0.757,5.000,5.311,8,"student_top_inst/Core_cpu/u_core_top/u_dcache/u_tag_bank/mem_q_reg/CLKBWRCLK","student_top_inst/Core_cpu/u_core_top/scoreboard_q_reg[7][csr_src][12]/R","setup"
258,-0.757,5.000,5.311,8,"student_top_inst/Core_cpu/u_core_top/u_dcache/u_tag_bank/mem_q_reg/CLKBWRCLK","student_top_inst/Core_cpu/u_core_top/scoreboard_q_reg[7][csr_src][20]/R","setup"
259,-0.757,5.000,5.311,8,"student_top_inst/Core_cpu/u_core_top/u_dcache/u_tag_bank/mem_q_reg/CLKBWRCLK","student_top_inst/Core_cpu/u_core_top/scoreboard_q_reg[7][csr_src][21]/R","setup"
260,-0.757,5.000,5.311,8,"student_top_inst/Core_cpu/u_core_top/u_dcache/u_tag_bank/mem_q_reg/CLKBWRCLK","student_top_inst/Core_cpu/u_core_top/scoreboard_q_reg[7][csr_src][27]/R","setup"
261,-0.757,5.000,5.311,8,"student_top_inst/Core_cpu/u_core_top/u_dcache/u_tag_bank/mem_q_reg/CLKBWRCLK","student_top_inst/Core_cpu/u_core_top/scoreboard_q_reg[7][csr_src][28]/R","setup"
262,-0.757,5.000,5.311,8,"student_top_inst/Core_cpu/u_core_top/u_dcache/u_tag_bank/mem_q_reg/CLKBWRCLK","student_top_inst/Core_cpu/u_core_top/scoreboard_q_reg[7][csr_src][30]/R","setup"
263,-0.757,5.000,5.311,8,"student_top_inst/Core_cpu/u_core_top/u_dcache/u_tag_bank/mem_q_reg/CLKBWRCLK","student_top_inst/Core_cpu/u_core_top/scoreboard_q_reg[7][csr_src][4]/R","setup"
264,-0.757,5.000,5.311,8,"student_top_inst/Core_cpu/u_core_top/u_dcache/u_tag_bank/mem_q_reg/CLKBWRCLK","student_top_inst/Core_cpu/u_core_top/scoreboard_q_reg[7][csr_src][8]/R","setup"
265,-0.753,5.000,5.458,10,"student_top_inst/Core_cpu/u_core_top/scoreboard_q_reg[3][fu][1]/C","student_top_inst/Core_cpu/u_core_top/scoreboard_q_reg[6][exception_tval][14]/CE","setup"
266,-0.753,5.000,5.458,10,"student_top_inst/Core_cpu/u_core_top/scoreboard_q_reg[3][fu][1]/C","student_top_inst/Core_cpu/u_core_top/scoreboard_q_reg[6][exception_tval][24]/CE","setup"
267,-0.753,5.000,5.458,10,"student_top_inst/Core_cpu/u_core_top/scoreboard_q_reg[3][fu][1]/C","student_top_inst/Core_cpu/u_core_top/scoreboard_q_reg[6][exception_tval][5]/CE","setup"
268,-0.753,5.000,5.458,10,"student_top_inst/Core_cpu/u_core_top/scoreboard_q_reg[3][fu][1]/C","student_top_inst/Core_cpu/u_core_top/scoreboard_q_reg[6][exception_tval][8]/CE","setup"
269,-0.753,5.000,5.352,8,"student_top_inst/Core_cpu/u_core_top/u_dcache/u_tag_bank/mem_q_reg/CLKBWRCLK","student_top_inst/Core_cpu/u_core_top/scoreboard_q_reg[3][exception_tval][21]/CE","setup"
270,-0.753,5.000,5.442,10,"student_top_inst/Core_cpu/u_core_top/u_dcache/u_tag_bank/mem_q_reg/CLKBWRCLK","student_top_inst/Core_cpu/u_core_top/load_q_reg[0][forward_data][11]/CE","setup"
271,-0.753,5.000,5.442,10,"student_top_inst/Core_cpu/u_core_top/u_dcache/u_tag_bank/mem_q_reg/CLKBWRCLK","student_top_inst/Core_cpu/u_core_top/load_q_reg[0][forward_data][6]/CE","setup"
272,-0.753,5.000,5.442,10,"student_top_inst/Core_cpu/u_core_top/u_dcache/u_tag_bank/mem_q_reg/CLKBWRCLK","student_top_inst/Core_cpu/u_core_top/load_q_reg[0][store_seq_cutoff][3]/CE","setup"
273,-0.753,5.000,5.442,10,"student_top_inst/Core_cpu/u_core_top/u_dcache/u_tag_bank/mem_q_reg/CLKBWRCLK","student_top_inst/Core_cpu/u_core_top/load_q_reg[0][store_seq_cutoff][4]/CE","setup"
274,-0.752,5.000,5.344,8,"student_top_inst/Core_cpu/u_core_top/u_dcache/u_tag_bank/mem_q_reg/CLKBWRCLK","student_top_inst/Core_cpu/u_core_top/scoreboard_q_reg[2][exception_tval][21]/CE","setup"
275,-0.752,5.000,5.344,8,"student_top_inst/Core_cpu/u_core_top/u_dcache/u_tag_bank/mem_q_reg/CLKBWRCLK","student_top_inst/Core_cpu/u_core_top/scoreboard_q_reg[2][exception_tval][4]/CE","setup"
276,-0.752,5.000,5.344,8,"student_top_inst/Core_cpu/u_core_top/u_dcache/u_tag_bank/mem_q_reg/CLKBWRCLK","student_top_inst/Core_cpu/u_core_top/scoreboard_q_reg[2][exception_tval][7]/CE","setup"
277,-0.749,5.000,5.454,10,"student_top_inst/Core_cpu/u_core_top/scoreboard_q_reg[3][fu][1]/C","student_top_inst/Core_cpu/u_core_top/scoreboard_q_reg[6][exception_tval][1]/CE","setup"
278,-0.749,5.000,5.454,10,"student_top_inst/Core_cpu/u_core_top/scoreboard_q_reg[3][fu][1]/C","student_top_inst/Core_cpu/u_core_top/scoreboard_q_reg[6][exception_tval][22]/CE","setup"
279,-0.749,5.000,5.454,10,"student_top_inst/Core_cpu/u_core_top/scoreboard_q_reg[3][fu][1]/C","student_top_inst/Core_cpu/u_core_top/scoreboard_q_reg[6][exception_tval][23]/CE","setup"
280,-0.749,5.000,5.308,8,"student_top_inst/Core_cpu/u_core_top/u_dcache/u_tag_bank/mem_q_reg/CLKBWRCLK","student_top_inst/Core_cpu/u_core_top/scoreboard_q_reg[4][csr_src][13]/R","setup"
281,-0.749,5.000,5.308,8,"student_top_inst/Core_cpu/u_core_top/u_dcache/u_tag_bank/mem_q_reg/CLKBWRCLK","student_top_inst/Core_cpu/u_core_top/scoreboard_q_reg[4][csr_src][14]/R","setup"
282,-0.749,5.000,5.308,8,"student_top_inst/Core_cpu/u_core_top/u_dcache/u_tag_bank/mem_q_reg/CLKBWRCLK","student_top_inst/Core_cpu/u_core_top/scoreboard_q_reg[4][csr_src][20]/R","setup"
283,-0.749,5.000,5.308,8,"student_top_inst/Core_cpu/u_core_top/u_dcache/u_tag_bank/mem_q_reg/CLKBWRCLK","student_top_inst/Core_cpu/u_core_top/scoreboard_q_reg[4][csr_src][21]/R","setup"
284,-0.749,5.000,5.308,8,"student_top_inst/Core_cpu/u_core_top/u_dcache/u_tag_bank/mem_q_reg/CLKBWRCLK","student_top_inst/Core_cpu/u_core_top/scoreboard_q_reg[4][csr_src][22]/R","setup"
285,-0.749,5.000,5.308,8,"student_top_inst/Core_cpu/u_core_top/u_dcache/u_tag_bank/mem_q_reg/CLKBWRCLK","student_top_inst/Core_cpu/u_core_top/scoreboard_q_reg[4][csr_src][26]/R","setup"
286,-0.749,5.000,5.308,8,"student_top_inst/Core_cpu/u_core_top/u_dcache/u_tag_bank/mem_q_reg/CLKBWRCLK","student_top_inst/Core_cpu/u_core_top/scoreboard_q_reg[4][csr_src][31]/R","setup"
287,-0.749,5.000,5.308,8,"student_top_inst/Core_cpu/u_core_top/u_dcache/u_tag_bank/mem_q_reg/CLKBWRCLK","student_top_inst/Core_cpu/u_core_top/scoreboard_q_reg[4][csr_src][6]/R","setup"
288,-0.748,5.000,5.677,10,"student_top_inst/Core_cpu/u_core_top/u_dcache/u_tag_bank/mem_q_reg/CLKBWRCLK","student_top_inst/Core_cpu/u_core_top/exec_q_reg[op1][21]/D","setup"
289,-0.745,5.000,5.339,8,"student_top_inst/Core_cpu/u_core_top/u_dcache/u_tag_bank/mem_q_reg/CLKBWRCLK","student_top_inst/Core_cpu/u_core_top/scoreboard_q_reg[2][exception_tval][22]/CE","setup"
290,-0.744,5.000,4.946,0,"student_top_inst/cpu_rst_sync_reg/C","student_top_inst/Core_cpu/u_core_top/u_muldiv/b_q_reg[17]/R","setup"
291,-0.744,5.000,4.946,0,"student_top_inst/cpu_rst_sync_reg/C","student_top_inst/Core_cpu/u_core_top/u_muldiv/b_q_reg[29]/R","setup"
292,-0.743,5.000,5.337,8,"student_top_inst/Core_cpu/u_core_top/u_dcache/u_tag_bank/mem_q_reg/CLKBWRCLK","student_top_inst/Core_cpu/u_core_top/scoreboard_q_reg[3][exception_tval][3]/CE","setup"
293,-0.743,5.000,5.337,8,"student_top_inst/Core_cpu/u_core_top/u_dcache/u_tag_bank/mem_q_reg/CLKBWRCLK","student_top_inst/Core_cpu/u_core_top/scoreboard_q_reg[3][exception_tval][6]/CE","setup"
294,-0.743,5.000,5.358,8,"student_top_inst/Core_cpu/u_core_top/u_dcache/u_tag_bank/mem_q_reg/CLKBWRCLK","student_top_inst/Core_cpu/u_core_top/scoreboard_q_reg[2][exception_cause][0]/CE","setup"
295,-0.743,5.000,5.358,8,"student_top_inst/Core_cpu/u_core_top/u_dcache/u_tag_bank/mem_q_reg/CLKBWRCLK","student_top_inst/Core_cpu/u_core_top/scoreboard_q_reg[2][exception_cause][3]/CE","setup"
296,-0.743,5.000,5.358,8,"student_top_inst/Core_cpu/u_core_top/u_dcache/u_tag_bank/mem_q_reg/CLKBWRCLK","student_top_inst/Core_cpu/u_core_top/scoreboard_q_reg[2][exception_tval][0]/CE","setup"
297,-0.743,5.000,5.358,8,"student_top_inst/Core_cpu/u_core_top/u_dcache/u_tag_bank/mem_q_reg/CLKBWRCLK","student_top_inst/Core_cpu/u_core_top/scoreboard_q_reg[2][exception_tval][11]/CE","setup"
298,-0.742,5.000,5.488,10,"student_top_inst/Core_cpu/u_core_top/u_dcache/u_tag_bank/mem_q_reg/CLKBWRCLK","student_top_inst/Core_cpu/u_core_top/u_dcache/req_addr_q_reg[13]/CE","setup"
299,-0.742,5.000,5.488,10,"student_top_inst/Core_cpu/u_core_top/u_dcache/u_tag_bank/mem_q_reg/CLKBWRCLK","student_top_inst/Core_cpu/u_core_top/u_dcache/req_addr_q_reg[15]/CE","setup"
300,-0.742,5.000,5.488,10,"student_top_inst/Core_cpu/u_core_top/u_dcache/u_tag_bank/mem_q_reg/CLKBWRCLK","student_top_inst/Core_cpu/u_core_top/u_dcache/req_addr_q_reg[28]/CE","setup"
301,-0.742,5.000,5.488,10,"student_top_inst/Core_cpu/u_core_top/u_dcache/u_tag_bank/mem_q_reg/CLKBWRCLK","student_top_inst/Core_cpu/u_core_top/u_dcache/req_addr_q_reg[4]/CE","setup"
302,-0.742,5.000,4.942,0,"student_top_inst/cpu_rst_sync_reg/C","student_top_inst/Core_cpu/u_core_top/u_muldiv/b_q_reg[16]/R","setup"
303,-0.742,5.000,4.942,0,"student_top_inst/cpu_rst_sync_reg/C","student_top_inst/Core_cpu/u_core_top/u_muldiv/b_q_reg[18]/R","setup"
304,-0.742,5.000,4.942,0,"student_top_inst/cpu_rst_sync_reg/C","student_top_inst/Core_cpu/u_core_top/u_muldiv/b_q_reg[19]/R","setup"
305,-0.741,5.000,5.375,10,"student_top_inst/Core_cpu/u_core_top/scoreboard_q_reg[3][fu][1]/C","student_top_inst/Core_cpu/u_core_top/scoreboard_q_reg[0][exception_cause][2]/CE","setup"
306,-0.741,5.000,5.375,10,"student_top_inst/Core_cpu/u_core_top/scoreboard_q_reg[3][fu][1]/C","student_top_inst/Core_cpu/u_core_top/scoreboard_q_reg[0][exception_tval][20]/CE","setup"
307,-0.741,5.000,5.375,10,"student_top_inst/Core_cpu/u_core_top/scoreboard_q_reg[3][fu][1]/C","student_top_inst/Core_cpu/u_core_top/scoreboard_q_reg[0][exception_tval][30]/CE","setup"
308,-0.741,5.000,5.375,10,"student_top_inst/Core_cpu/u_core_top/scoreboard_q_reg[3][fu][1]/C","student_top_inst/Core_cpu/u_core_top/scoreboard_q_reg[0][exception_tval][3]/CE","setup"
309,-0.740,5.000,5.441,10,"student_top_inst/Core_cpu/u_core_top/scoreboard_q_reg[3][fu][1]/C","student_top_inst/Core_cpu/u_core_top/scoreboard_q_reg[6][exception_tval][20]/CE","setup"
310,-0.740,5.000,5.441,10,"student_top_inst/Core_cpu/u_core_top/scoreboard_q_reg[3][fu][1]/C","student_top_inst/Core_cpu/u_core_top/scoreboard_q_reg[6][exception_tval][21]/CE","setup"
311,-0.740,5.000,5.441,10,"student_top_inst/Core_cpu/u_core_top/scoreboard_q_reg[3][fu][1]/C","student_top_inst/Core_cpu/u_core_top/scoreboard_q_reg[6][exception_tval][3]/CE","setup"
312,-0.740,5.000,5.441,10,"student_top_inst/Core_cpu/u_core_top/scoreboard_q_reg[3][fu][1]/C","student_top_inst/Core_cpu/u_core_top/scoreboard_q_reg[6][exception_tval][7]/CE","setup"
313,-0.739,5.000,5.444,10,"student_top_inst/Core_cpu/u_core_top/scoreboard_q_reg[3][fu][1]/C","student_top_inst/Core_cpu/u_core_top/scoreboard_q_reg[6][exception_tval][12]/CE","setup"
314,-0.739,5.000,5.444,10,"student_top_inst/Core_cpu/u_core_top/scoreboard_q_reg[3][fu][1]/C","student_top_inst/Core_cpu/u_core_top/scoreboard_q_reg[6][exception_tval][13]/CE","setup"
315,-0.739,5.000,5.444,10,"student_top_inst/Core_cpu/u_core_top/scoreboard_q_reg[3][fu][1]/C","student_top_inst/Core_cpu/u_core_top/scoreboard_q_reg[6][exception_tval][17]/CE","setup"
316,-0.739,5.000,5.444,10,"student_top_inst/Core_cpu/u_core_top/scoreboard_q_reg[3][fu][1]/C","student_top_inst/Core_cpu/u_core_top/scoreboard_q_reg[6][exception_tval][19]/CE","setup"
317,-0.738,5.000,5.337,8,"student_top_inst/Core_cpu/u_core_top/u_dcache/u_tag_bank/mem_q_reg/CLKBWRCLK","student_top_inst/Core_cpu/u_core_top/scoreboard_q_reg[7][exception_tval][15]/CE","setup"
318,-0.738,5.000,5.337,8,"student_top_inst/Core_cpu/u_core_top/u_dcache/u_tag_bank/mem_q_reg/CLKBWRCLK","student_top_inst/Core_cpu/u_core_top/scoreboard_q_reg[7][exception_tval][18]/CE","setup"
319,-0.738,5.000,5.337,8,"student_top_inst/Core_cpu/u_core_top/u_dcache/u_tag_bank/mem_q_reg/CLKBWRCLK","student_top_inst/Core_cpu/u_core_top/scoreboard_q_reg[7][exception_tval][2]/CE","setup"
320,-0.738,5.000,5.337,8,"student_top_inst/Core_cpu/u_core_top/u_dcache/u_tag_bank/mem_q_reg/CLKBWRCLK","student_top_inst/Core_cpu/u_core_top/scoreboard_q_reg[7][exception_tval][9]/CE","setup"
321,-0.738,5.000,5.465,10,"student_top_inst/Core_cpu/u_core_top/scoreboard_q_reg[3][fu][1]/C","student_top_inst/Core_cpu/u_core_top/scoreboard_q_reg[6][exception_cause][1]/CE","setup"
322,-0.738,5.000,5.465,10,"student_top_inst/Core_cpu/u_core_top/scoreboard_q_reg[3][fu][1]/C","student_top_inst/Core_cpu/u_core_top/scoreboard_q_reg[6][exception_tval][10]/CE","setup"
323,-0.738,5.000,5.465,10,"student_top_inst/Core_cpu/u_core_top/scoreboard_q_reg[3][fu][1]/C","student_top_inst/Core_cpu/u_core_top/scoreboard_q_reg[6][exception_tval][11]/CE","setup"
324,-0.738,5.000,5.465,10,"student_top_inst/Core_cpu/u_core_top/scoreboard_q_reg[3][fu][1]/C","student_top_inst/Core_cpu/u_core_top/scoreboard_q_reg[6][exception_tval][25]/CE","setup"
325,-0.737,5.000,5.424,10,"student_top_inst/Core_cpu/u_core_top/u_dcache/u_tag_bank/mem_q_reg/CLKBWRCLK","student_top_inst/Core_cpu/u_core_top/u_dcache/FSM_onehot_state_q_reg[0]/CE","setup"
326,-0.737,5.000,5.424,10,"student_top_inst/Core_cpu/u_core_top/u_dcache/u_tag_bank/mem_q_reg/CLKBWRCLK","student_top_inst/Core_cpu/u_core_top/u_dcache/FSM_onehot_state_q_reg[1]/CE","setup"
327,-0.737,5.000,5.424,10,"student_top_inst/Core_cpu/u_core_top/u_dcache/u_tag_bank/mem_q_reg/CLKBWRCLK","student_top_inst/Core_cpu/u_core_top/u_dcache/FSM_onehot_state_q_reg[2]/CE","setup"
328,-0.737,5.000,5.330,8,"student_top_inst/Core_cpu/u_core_top/u_dcache/u_tag_bank/mem_q_reg/CLKBWRCLK","student_top_inst/Core_cpu/u_core_top/scoreboard_q_reg[2][exception_tval][14]/CE","setup"
329,-0.737,5.000,5.330,8,"student_top_inst/Core_cpu/u_core_top/u_dcache/u_tag_bank/mem_q_reg/CLKBWRCLK","student_top_inst/Core_cpu/u_core_top/scoreboard_q_reg[2][exception_tval][30]/CE","setup"
330,-0.735,5.000,5.423,10,"student_top_inst/Core_cpu/u_core_top/u_dcache/u_tag_bank/mem_q_reg/CLKBWRCLK","student_top_inst/Core_cpu/u_core_top/load_q_reg[0][forward_data][1]/CE","setup"
331,-0.735,5.000,5.423,10,"student_top_inst/Core_cpu/u_core_top/u_dcache/u_tag_bank/mem_q_reg/CLKBWRCLK","student_top_inst/Core_cpu/u_core_top/load_q_reg[0][forward_data][25]/CE","setup"
332,-0.735,5.000,5.423,10,"student_top_inst/Core_cpu/u_core_top/u_dcache/u_tag_bank/mem_q_reg/CLKBWRCLK","student_top_inst/Core_cpu/u_core_top/load_q_reg[0][load_unsigned]/CE","setup"
333,-0.734,5.000,5.670,11,"student_top_inst/Core_cpu/u_core_top/u_dcache/u_tag_bank/mem_q_reg/CLKBWRCLK","student_top_inst/Core_cpu/u_core_top/exec_mem_addr_q_reg[9]/D","setup"
334,-0.734,5.000,5.671,12,"student_top_inst/Core_cpu/u_core_top/u_dcache/u_tag_bank/mem_q_reg/CLKBWRCLK","student_top_inst/Core_cpu/u_core_top/exec_mem_addr_q_reg[14]/D","setup"
335,-0.732,5.000,5.461,10,"student_top_inst/Core_cpu/u_core_top/scoreboard_q_reg[3][fu][1]/C","student_top_inst/Core_cpu/u_core_top/scoreboard_q_reg[6][exception_cause][2]/CE","setup"
336,-0.732,5.000,5.461,10,"student_top_inst/Core_cpu/u_core_top/scoreboard_q_reg[3][fu][1]/C","student_top_inst/Core_cpu/u_core_top/scoreboard_q_reg[6][exception_tval][26]/CE","setup"
337,-0.732,5.000,5.461,10,"student_top_inst/Core_cpu/u_core_top/scoreboard_q_reg[3][fu][1]/C","student_top_inst/Core_cpu/u_core_top/scoreboard_q_reg[6][exception_tval][27]/CE","setup"
338,-0.732,5.000,5.461,10,"student_top_inst/Core_cpu/u_core_top/scoreboard_q_reg[3][fu][1]/C","student_top_inst/Core_cpu/u_core_top/scoreboard_q_reg[6][exception_tval][6]/CE","setup"
339,-0.732,5.000,5.388,8,"student_top_inst/Core_cpu/u_core_top/u_dcache/u_tag_bank/mem_q_reg/CLKBWRCLK","student_top_inst/Core_cpu/u_core_top/scoreboard_q_reg[2][exception_tval][17]/CE","setup"
340,-0.732,5.000,5.388,8,"student_top_inst/Core_cpu/u_core_top/u_dcache/u_tag_bank/mem_q_reg/CLKBWRCLK","student_top_inst/Core_cpu/u_core_top/scoreboard_q_reg[2][exception_tval][3]/CE","setup"
341,-0.731,5.000,5.284,8,"student_top_inst/Core_cpu/u_core_top/u_dcache/u_tag_bank/mem_q_reg/CLKBWRCLK","student_top_inst/Core_cpu/u_core_top/scoreboard_q_reg[2][csr_src][11]/R","setup"
342,-0.731,5.000,5.284,8,"student_top_inst/Core_cpu/u_core_top/u_dcache/u_tag_bank/mem_q_reg/CLKBWRCLK","student_top_inst/Core_cpu/u_core_top/scoreboard_q_reg[2][csr_src][2]/R","setup"
343,-0.731,5.000,5.284,8,"student_top_inst/Core_cpu/u_core_top/u_dcache/u_tag_bank/mem_q_reg/CLKBWRCLK","student_top_inst/Core_cpu/u_core_top/scoreboard_q_reg[2][csr_src][31]/R","setup"
344,-0.731,5.000,5.284,8,"student_top_inst/Core_cpu/u_core_top/u_dcache/u_tag_bank/mem_q_reg/CLKBWRCLK","student_top_inst/Core_cpu/u_core_top/scoreboard_q_reg[2][csr_src][5]/R","setup"
345,-0.731,5.000,5.284,8,"student_top_inst/Core_cpu/u_core_top/u_dcache/u_tag_bank/mem_q_reg/CLKBWRCLK","student_top_inst/Core_cpu/u_core_top/scoreboard_q_reg[2][csr_src][6]/R","setup"
346,-0.730,5.000,5.667,12,"student_top_inst/Core_cpu/u_core_top/u_dcache/u_tag_bank/mem_q_reg/CLKBWRCLK","student_top_inst/Core_cpu/u_core_top/exec_mem_addr_q_reg[12]/D","setup"
347,-0.727,5.000,5.385,8,"student_top_inst/Core_cpu/u_core_top/u_dcache/u_tag_bank/mem_q_reg/CLKBWRCLK","student_top_inst/Core_cpu/u_core_top/scoreboard_q_reg[7][exception_cause][1]/CE","setup"
348,-0.726,5.000,5.454,10,"student_top_inst/Core_cpu/u_core_top/scoreboard_q_reg[3][fu][1]/C","student_top_inst/Core_cpu/u_core_top/scoreboard_q_reg[6][exception_tval][16]/CE","setup"
349,-0.726,5.000,5.454,10,"student_top_inst/Core_cpu/u_core_top/scoreboard_q_reg[3][fu][1]/C","student_top_inst/Core_cpu/u_core_top/scoreboard_q_reg[6][exception_tval][18]/CE","setup"
350,-0.726,5.000,5.454,10,"student_top_inst/Core_cpu/u_core_top/scoreboard_q_reg[3][fu][1]/C","student_top_inst/Core_cpu/u_core_top/scoreboard_q_reg[6][exception_tval][2]/CE","setup"
351,-0.726,5.000,5.454,10,"student_top_inst/Core_cpu/u_core_top/scoreboard_q_reg[3][fu][1]/C","student_top_inst/Core_cpu/u_core_top/scoreboard_q_reg[6][exception_tval][9]/CE","setup"
352,-0.726,5.000,5.429,10,"student_top_inst/Core_cpu/u_core_top/u_dcache/u_tag_bank/mem_q_reg/CLKBWRCLK","student_top_inst/Core_cpu/u_core_top/u_dcache/req_addr_q_reg[19]/CE","setup"
353,-0.726,5.000,5.592,8,"student_top_inst/Core_cpu/u_core_top/u_dcache/u_tag_bank/mem_q_reg/CLKBWRCLK","student_top_inst/Core_cpu/u_core_top/scoreboard_q_reg[2][exception_tval][20]/D","setup"
354,-0.724,5.000,5.319,8,"student_top_inst/Core_cpu/u_core_top/u_dcache/u_tag_bank/mem_q_reg/CLKBWRCLK","student_top_inst/Core_cpu/u_core_top/scoreboard_q_reg[5][exception_tval][21]/CE","setup"
355,-0.724,5.000,5.319,8,"student_top_inst/Core_cpu/u_core_top/u_dcache/u_tag_bank/mem_q_reg/CLKBWRCLK","student_top_inst/Core_cpu/u_core_top/scoreboard_q_reg[5][exception_tval][3]/CE","setup"
356,-0.724,5.000,5.390,10,"student_top_inst/Core_cpu/u_core_top/u_dcache/u_tag_bank/mem_q_reg/CLKBWRCLK","student_top_inst/Core_cpu/u_core_top/u_dcache/lookup_addr_q_reg[16]/CE","setup"
357,-0.724,5.000,5.390,10,"student_top_inst/Core_cpu/u_core_top/u_dcache/u_tag_bank/mem_q_reg/CLKBWRCLK","student_top_inst/Core_cpu/u_core_top/u_dcache/lookup_addr_q_reg[29]/CE","setup"
358,-0.724,5.000,5.390,10,"student_top_inst/Core_cpu/u_core_top/u_dcache/u_tag_bank/mem_q_reg/CLKBWRCLK","student_top_inst/Core_cpu/u_core_top/u_dcache/lookup_tag_q_reg[16]/CE","setup"
359,-0.724,5.000,5.390,10,"student_top_inst/Core_cpu/u_core_top/u_dcache/u_tag_bank/mem_q_reg/CLKBWRCLK","student_top_inst/Core_cpu/u_core_top/u_dcache/lookup_tag_q_reg[24]/CE","setup"
360,-0.720,5.000,5.656,11,"student_top_inst/Core_cpu/u_core_top/u_dcache/u_tag_bank/mem_q_reg/CLKBWRCLK","student_top_inst/Core_cpu/u_core_top/exec_mem_addr_q_reg[11]/D","setup"
361,-0.719,5.000,4.942,0,"student_top_inst/cpu_rst_sync_reg/C","student_top_inst/Core_cpu/u_core_top/u_muldiv/b_q_reg[26]/R","setup"
362,-0.719,5.000,4.942,0,"student_top_inst/cpu_rst_sync_reg/C","student_top_inst/Core_cpu/u_core_top/u_muldiv/b_q_reg[27]/R","setup"
363,-0.719,5.000,4.942,0,"student_top_inst/cpu_rst_sync_reg/C","student_top_inst/Core_cpu/u_core_top/u_muldiv/b_q_reg[30]/R","setup"
364,-0.716,5.000,5.462,10,"student_top_inst/Core_cpu/u_core_top/u_dcache/u_tag_bank/mem_q_reg/CLKBWRCLK","student_top_inst/Core_cpu/u_core_top/u_dcache/req_addr_q_reg[10]/CE","setup"
365,-0.716,5.000,5.462,10,"student_top_inst/Core_cpu/u_core_top/u_dcache/u_tag_bank/mem_q_reg/CLKBWRCLK","student_top_inst/Core_cpu/u_core_top/u_dcache/req_addr_q_reg[17]/CE","setup"
366,-0.716,5.000,5.462,10,"student_top_inst/Core_cpu/u_core_top/u_dcache/u_tag_bank/mem_q_reg/CLKBWRCLK","student_top_inst/Core_cpu/u_core_top/u_dcache/req_addr_q_reg[6]/CE","setup"
367,-0.716,5.000,5.462,10,"student_top_inst/Core_cpu/u_core_top/u_dcache/u_tag_bank/mem_q_reg/CLKBWRCLK","student_top_inst/Core_cpu/u_core_top/u_dcache/req_addr_q_reg[7]/CE","setup"
368,-0.714,5.000,5.568,10,"student_top_inst/Core_cpu/u_core_top/u_dcache/u_tag_bank/mem_q_reg/CLKBWRCLK","student_top_inst/Core_cpu/u_core_top/exec_q_reg[op2][31]/D","setup"
369,-0.712,5.000,5.636,10,"student_top_inst/Core_cpu/u_core_top/u_dcache/u_tag_bank/mem_q_reg/CLKBWRCLK","student_top_inst/Core_cpu/u_core_top/scoreboard_q_reg[5][result][27]/D","setup"
370,-0.710,5.000,5.605,10,"student_top_inst/Core_cpu/u_core_top/u_dcache/u_tag_bank/mem_q_reg/CLKBWRCLK","student_top_inst/Core_cpu/u_core_top/scoreboard_q_reg[6][result][27]/D","setup"
371,-0.710,5.000,5.271,8,"student_top_inst/Core_cpu/u_core_top/u_dcache/u_tag_bank/mem_q_reg/CLKBWRCLK","student_top_inst/Core_cpu/u_core_top/producer_tid_q_reg_r1_0_31_0_2/RAMA/WE","setup"
372,-0.710,5.000,5.271,8,"student_top_inst/Core_cpu/u_core_top/u_dcache/u_tag_bank/mem_q_reg/CLKBWRCLK","student_top_inst/Core_cpu/u_core_top/producer_tid_q_reg_r1_0_31_0_2/RAMA_D1/WE","setup"
373,-0.710,5.000,5.271,8,"student_top_inst/Core_cpu/u_core_top/u_dcache/u_tag_bank/mem_q_reg/CLKBWRCLK","student_top_inst/Core_cpu/u_core_top/producer_tid_q_reg_r1_0_31_0_2/RAMB/WE","setup"
374,-0.710,5.000,5.271,8,"student_top_inst/Core_cpu/u_core_top/u_dcache/u_tag_bank/mem_q_reg/CLKBWRCLK","student_top_inst/Core_cpu/u_core_top/producer_tid_q_reg_r1_0_31_0_2/RAMB_D1/WE","setup"
375,-0.710,5.000,5.271,8,"student_top_inst/Core_cpu/u_core_top/u_dcache/u_tag_bank/mem_q_reg/CLKBWRCLK","student_top_inst/Core_cpu/u_core_top/producer_tid_q_reg_r1_0_31_0_2/RAMC/WE","setup"
376,-0.710,5.000,5.271,8,"student_top_inst/Core_cpu/u_core_top/u_dcache/u_tag_bank/mem_q_reg/CLKBWRCLK","student_top_inst/Core_cpu/u_core_top/producer_tid_q_reg_r1_0_31_0_2/RAMC_D1/WE","setup"
377,-0.710,5.000,5.271,8,"student_top_inst/Core_cpu/u_core_top/u_dcache/u_tag_bank/mem_q_reg/CLKBWRCLK","student_top_inst/Core_cpu/u_core_top/producer_tid_q_reg_r1_0_31_0_2/RAMD/WE","setup"
378,-0.710,5.000,5.271,8,"student_top_inst/Core_cpu/u_core_top/u_dcache/u_tag_bank/mem_q_reg/CLKBWRCLK","student_top_inst/Core_cpu/u_core_top/producer_tid_q_reg_r1_0_31_0_2/RAMD_D1/WE","setup"
379,-0.709,5.000,5.640,10,"student_top_inst/Core_cpu/u_core_top/u_dcache/u_tag_bank/mem_q_reg/CLKBWRCLK","student_top_inst/Core_cpu/u_core_top/exec_q_reg[op1][9]/D","setup"
380,-0.708,5.000,5.330,8,"student_top_inst/Core_cpu/u_core_top/u_dcache/u_tag_bank/mem_q_reg/CLKBWRCLK","student_top_inst/Core_cpu/u_core_top/scoreboard_q_reg[3][exception_cause][2]/CE","setup"
381,-0.708,5.000,5.330,8,"student_top_inst/Core_cpu/u_core_top/u_dcache/u_tag_bank/mem_q_reg/CLKBWRCLK","student_top_inst/Core_cpu/u_core_top/scoreboard_q_reg[3][exception_tval][0]/CE","setup"
382,-0.708,5.000,5.330,8,"student_top_inst/Core_cpu/u_core_top/u_dcache/u_tag_bank/mem_q_reg/CLKBWRCLK","student_top_inst/Core_cpu/u_core_top/scoreboard_q_reg[3][exception_tval][18]/CE","setup"
383,-0.708,5.000,5.330,8,"student_top_inst/Core_cpu/u_core_top/u_dcache/u_tag_bank/mem_q_reg/CLKBWRCLK","student_top_inst/Core_cpu/u_core_top/scoreboard_q_reg[3][exception_tval][4]/CE","setup"
384,-0.707,5.000,5.371,10,"student_top_inst/Core_cpu/u_core_top/u_dcache/u_tag_bank/mem_q_reg/CLKBWRCLK","student_top_inst/Core_cpu/u_core_top/load_q_reg[0][addr][22]/CE","setup"
385,-0.707,5.000,5.371,10,"student_top_inst/Core_cpu/u_core_top/u_dcache/u_tag_bank/mem_q_reg/CLKBWRCLK","student_top_inst/Core_cpu/u_core_top/load_q_reg[0][addr][23]/CE","setup"
386,-0.707,5.000,5.371,10,"student_top_inst/Core_cpu/u_core_top/u_dcache/u_tag_bank/mem_q_reg/CLKBWRCLK","student_top_inst/Core_cpu/u_core_top/load_q_reg[0][addr][25]/CE","setup"
387,-0.707,5.000,5.371,10,"student_top_inst/Core_cpu/u_core_top/u_dcache/u_tag_bank/mem_q_reg/CLKBWRCLK","student_top_inst/Core_cpu/u_core_top/load_q_reg[0][forward_mask][0]/CE","setup"
388,-0.706,5.000,5.631,10,"student_top_inst/Core_cpu/u_core_top/u_dcache/u_tag_bank/mem_q_reg/CLKBWRCLK","student_top_inst/Core_cpu/u_core_top/scoreboard_q_reg[3][result][31]/D","setup"
389,-0.705,5.000,5.397,10,"student_top_inst/Core_cpu/u_core_top/u_dcache/u_tag_bank/mem_q_reg/CLKBWRCLK","student_top_inst/Core_cpu/u_core_top/load_q_reg[1][addr][22]/CE","setup"
390,-0.705,5.000,5.397,10,"student_top_inst/Core_cpu/u_core_top/u_dcache/u_tag_bank/mem_q_reg/CLKBWRCLK","student_top_inst/Core_cpu/u_core_top/load_q_reg[1][forward_data][11]/CE","setup"
391,-0.705,5.000,5.397,10,"student_top_inst/Core_cpu/u_core_top/u_dcache/u_tag_bank/mem_q_reg/CLKBWRCLK","student_top_inst/Core_cpu/u_core_top/load_q_reg[1][forward_data][16]/CE","setup"
392,-0.705,5.000,5.397,10,"student_top_inst/Core_cpu/u_core_top/u_dcache/u_tag_bank/mem_q_reg/CLKBWRCLK","student_top_inst/Core_cpu/u_core_top/load_q_reg[1][forward_data][23]/CE","setup"
393,-0.705,5.000,5.397,10,"student_top_inst/Core_cpu/u_core_top/u_dcache/u_tag_bank/mem_q_reg/CLKBWRCLK","student_top_inst/Core_cpu/u_core_top/load_q_reg[1][forward_data][9]/CE","setup"
394,-0.705,5.000,5.397,10,"student_top_inst/Core_cpu/u_core_top/u_dcache/u_tag_bank/mem_q_reg/CLKBWRCLK","student_top_inst/Core_cpu/u_core_top/load_q_reg[1][forward_mask][3]/CE","setup"
395,-0.705,5.000,5.397,10,"student_top_inst/Core_cpu/u_core_top/u_dcache/u_tag_bank/mem_q_reg/CLKBWRCLK","student_top_inst/Core_cpu/u_core_top/load_q_reg[1][store_seq_cutoff][0]/CE","setup"
396,-0.705,5.000,5.397,10,"student_top_inst/Core_cpu/u_core_top/u_dcache/u_tag_bank/mem_q_reg/CLKBWRCLK","student_top_inst/Core_cpu/u_core_top/load_q_reg[1][store_seq_cutoff][5]/CE","setup"
397,-0.705,5.000,5.301,8,"student_top_inst/Core_cpu/u_core_top/u_dcache/u_tag_bank/mem_q_reg/CLKBWRCLK","student_top_inst/Core_cpu/u_core_top/scoreboard_q_reg[5][exception_cause][0]/CE","setup"
398,-0.704,5.000,5.604,10,"student_top_inst/Core_cpu/u_core_top/u_dcache/u_tag_bank/mem_q_reg/CLKBWRCLK","student_top_inst/Core_cpu/u_core_top/exec_q_reg[op1][11]/D","setup"
399,-0.702,5.000,5.406,10,"student_top_inst/Core_cpu/u_core_top/scoreboard_q_reg[3][fu][1]/C","student_top_inst/Core_cpu/u_core_top/scoreboard_q_reg[6][exception_tval][15]/CE","setup"
400,-0.702,5.000,5.406,10,"student_top_inst/Core_cpu/u_core_top/scoreboard_q_reg[3][fu][1]/C","student_top_inst/Core_cpu/u_core_top/scoreboard_q_reg[6][exception_tval][28]/CE","setup"
401,-0.702,5.000,5.406,10,"student_top_inst/Core_cpu/u_core_top/scoreboard_q_reg[3][fu][1]/C","student_top_inst/Core_cpu/u_core_top/scoreboard_q_reg[6][exception_tval][29]/CE","setup"
402,-0.702,5.000,5.406,10,"student_top_inst/Core_cpu/u_core_top/scoreboard_q_reg[3][fu][1]/C","student_top_inst/Core_cpu/u_core_top/scoreboard_q_reg[6][exception_tval][31]/CE","setup"
403,-0.701,5.000,5.319,8,"student_top_inst/Core_cpu/u_core_top/u_dcache/u_tag_bank/mem_q_reg/CLKBWRCLK","student_top_inst/Core_cpu/u_core_top/scoreboard_q_reg[5][exception_tval][11]/CE","setup"
404,-0.701,5.000,5.319,8,"student_top_inst/Core_cpu/u_core_top/u_dcache/u_tag_bank/mem_q_reg/CLKBWRCLK","student_top_inst/Core_cpu/u_core_top/scoreboard_q_reg[5][exception_tval][20]/CE","setup"
405,-0.701,5.000,5.319,8,"student_top_inst/Core_cpu/u_core_top/u_dcache/u_tag_bank/mem_q_reg/CLKBWRCLK","student_top_inst/Core_cpu/u_core_top/scoreboard_q_reg[5][exception_tval][6]/CE","setup"
406,-0.701,5.000,5.319,8,"student_top_inst/Core_cpu/u_core_top/u_dcache/u_tag_bank/mem_q_reg/CLKBWRCLK","student_top_inst/Core_cpu/u_core_top/scoreboard_q_reg[5][exception_tval][7]/CE","setup"
407,-0.701,5.000,5.262,8,"student_top_inst/Core_cpu/u_core_top/u_dcache/u_tag_bank/mem_q_reg/CLKBWRCLK","student_top_inst/Core_cpu/u_core_top/scoreboard_q_reg[3][csr_src][18]/R","setup"
408,-0.701,5.000,5.262,8,"student_top_inst/Core_cpu/u_core_top/u_dcache/u_tag_bank/mem_q_reg/CLKBWRCLK","student_top_inst/Core_cpu/u_core_top/scoreboard_q_reg[3][csr_src][22]/R","setup"
409,-0.699,5.000,5.253,8,"student_top_inst/Core_cpu/u_core_top/u_dcache/u_tag_bank/mem_q_reg/CLKBWRCLK","student_top_inst/Core_cpu/u_core_top/scoreboard_q_reg[3][csr_src][11]/R","setup"
410,-0.699,5.000,5.253,8,"student_top_inst/Core_cpu/u_core_top/u_dcache/u_tag_bank/mem_q_reg/CLKBWRCLK","student_top_inst/Core_cpu/u_core_top/scoreboard_q_reg[3][csr_src][14]/R","setup"
411,-0.699,5.000,5.253,8,"student_top_inst/Core_cpu/u_core_top/u_dcache/u_tag_bank/mem_q_reg/CLKBWRCLK","student_top_inst/Core_cpu/u_core_top/scoreboard_q_reg[3][csr_src][1]/R","setup"
412,-0.699,5.000,5.253,8,"student_top_inst/Core_cpu/u_core_top/u_dcache/u_tag_bank/mem_q_reg/CLKBWRCLK","student_top_inst/Core_cpu/u_core_top/scoreboard_q_reg[3][csr_src][24]/R","setup"
413,-0.699,5.000,5.253,8,"student_top_inst/Core_cpu/u_core_top/u_dcache/u_tag_bank/mem_q_reg/CLKBWRCLK","student_top_inst/Core_cpu/u_core_top/scoreboard_q_reg[3][csr_src][2]/R","setup"
414,-0.699,5.000,5.253,8,"student_top_inst/Core_cpu/u_core_top/u_dcache/u_tag_bank/mem_q_reg/CLKBWRCLK","student_top_inst/Core_cpu/u_core_top/scoreboard_q_reg[3][csr_src][31]/R","setup"
415,-0.699,5.000,5.253,8,"student_top_inst/Core_cpu/u_core_top/u_dcache/u_tag_bank/mem_q_reg/CLKBWRCLK","student_top_inst/Core_cpu/u_core_top/scoreboard_q_reg[3][csr_src][5]/R","setup"
416,-0.699,5.000,5.253,8,"student_top_inst/Core_cpu/u_core_top/u_dcache/u_tag_bank/mem_q_reg/CLKBWRCLK","student_top_inst/Core_cpu/u_core_top/scoreboard_q_reg[3][csr_src][6]/R","setup"
417,-0.698,5.000,5.256,8,"student_top_inst/Core_cpu/u_core_top/u_dcache/u_tag_bank/mem_q_reg/CLKBWRCLK","student_top_inst/Core_cpu/u_core_top/scoreboard_q_reg[3][csr_src][13]/R","setup"
418,-0.698,5.000,5.256,8,"student_top_inst/Core_cpu/u_core_top/u_dcache/u_tag_bank/mem_q_reg/CLKBWRCLK","student_top_inst/Core_cpu/u_core_top/scoreboard_q_reg[3][csr_src][20]/R","setup"
419,-0.698,5.000,5.256,8,"student_top_inst/Core_cpu/u_core_top/u_dcache/u_tag_bank/mem_q_reg/CLKBWRCLK","student_top_inst/Core_cpu/u_core_top/scoreboard_q_reg[3][csr_src][25]/R","setup"
420,-0.698,5.000,5.256,8,"student_top_inst/Core_cpu/u_core_top/u_dcache/u_tag_bank/mem_q_reg/CLKBWRCLK","student_top_inst/Core_cpu/u_core_top/scoreboard_q_reg[3][csr_src][28]/R","setup"
421,-0.698,5.000,5.256,8,"student_top_inst/Core_cpu/u_core_top/u_dcache/u_tag_bank/mem_q_reg/CLKBWRCLK","student_top_inst/Core_cpu/u_core_top/scoreboard_q_reg[3][csr_src][29]/R","setup"
422,-0.698,5.000,5.256,8,"student_top_inst/Core_cpu/u_core_top/u_dcache/u_tag_bank/mem_q_reg/CLKBWRCLK","student_top_inst/Core_cpu/u_core_top/scoreboard_q_reg[3][csr_src][7]/R","setup"
423,-0.698,5.000,5.256,8,"student_top_inst/Core_cpu/u_core_top/u_dcache/u_tag_bank/mem_q_reg/CLKBWRCLK","student_top_inst/Core_cpu/u_core_top/scoreboard_q_reg[3][csr_src][8]/R","setup"
424,-0.698,5.000,5.256,8,"student_top_inst/Core_cpu/u_core_top/u_dcache/u_tag_bank/mem_q_reg/CLKBWRCLK","student_top_inst/Core_cpu/u_core_top/scoreboard_q_reg[3][csr_src][9]/R","setup"
425,-0.697,5.000,5.366,10,"student_top_inst/Core_cpu/u_core_top/u_dcache/u_tag_bank/mem_q_reg/CLKBWRCLK","student_top_inst/Core_cpu/u_core_top/load_q_reg[1][addr][13]/CE","setup"
426,-0.697,5.000,5.366,10,"student_top_inst/Core_cpu/u_core_top/u_dcache/u_tag_bank/mem_q_reg/CLKBWRCLK","student_top_inst/Core_cpu/u_core_top/load_q_reg[1][addr][14]/CE","setup"
427,-0.697,5.000,5.366,10,"student_top_inst/Core_cpu/u_core_top/u_dcache/u_tag_bank/mem_q_reg/CLKBWRCLK","student_top_inst/Core_cpu/u_core_top/load_q_reg[1][addr][4]/CE","setup"
428,-0.697,5.000,5.366,10,"student_top_inst/Core_cpu/u_core_top/u_dcache/u_tag_bank/mem_q_reg/CLKBWRCLK","student_top_inst/Core_cpu/u_core_top/load_q_reg[1][store_seq_cutoff][2]/CE","setup"
429,-0.697,5.000,5.366,10,"student_top_inst/Core_cpu/u_core_top/u_dcache/u_tag_bank/mem_q_reg/CLKBWRCLK","student_top_inst/Core_cpu/u_core_top/load_q_reg[1][store_seq_cutoff][4]/CE","setup"
430,-0.697,5.000,5.264,8,"student_top_inst/Core_cpu/u_core_top/u_dcache/u_tag_bank/mem_q_reg/CLKBWRCLK","student_top_inst/Core_cpu/u_core_top/u_dcache/g_data_bank[2].u_data_bank/mem_q_reg_0/ENBWREN","setup"
431,-0.695,5.000,5.379,10,"student_top_inst/Core_cpu/u_core_top/u_dcache/u_tag_bank/mem_q_reg/CLKBWRCLK","student_top_inst/Core_cpu/u_core_top/u_dcache/lookup_addr_q_reg[23]/CE","setup"
432,-0.695,5.000,5.379,10,"student_top_inst/Core_cpu/u_core_top/u_dcache/u_tag_bank/mem_q_reg/CLKBWRCLK","student_top_inst/Core_cpu/u_core_top/u_dcache/lookup_addr_q_reg[24]/CE","setup"
433,-0.695,5.000,5.379,10,"student_top_inst/Core_cpu/u_core_top/u_dcache/u_tag_bank/mem_q_reg/CLKBWRCLK","student_top_inst/Core_cpu/u_core_top/u_dcache/lookup_addr_q_reg[4]/CE","setup"
434,-0.695,5.000,5.379,10,"student_top_inst/Core_cpu/u_core_top/u_dcache/u_tag_bank/mem_q_reg/CLKBWRCLK","student_top_inst/Core_cpu/u_core_top/u_dcache/lookup_addr_q_reg[6]/CE","setup"
435,-0.695,5.000,5.379,10,"student_top_inst/Core_cpu/u_core_top/u_dcache/u_tag_bank/mem_q_reg/CLKBWRCLK","student_top_inst/Core_cpu/u_core_top/u_dcache/lookup_store_data_q_reg[3]/CE","setup"
436,-0.694,5.000,5.386,10,"student_top_inst/Core_cpu/u_core_top/u_dcache/u_tag_bank/mem_q_reg/CLKBWRCLK","student_top_inst/Core_cpu/u_core_top/load_q_reg[1][addr][29]/CE","setup"
437,-0.694,5.000,5.386,10,"student_top_inst/Core_cpu/u_core_top/u_dcache/u_tag_bank/mem_q_reg/CLKBWRCLK","student_top_inst/Core_cpu/u_core_top/load_q_reg[1][addr][31]/CE","setup"
438,-0.694,5.000,5.386,10,"student_top_inst/Core_cpu/u_core_top/u_dcache/u_tag_bank/mem_q_reg/CLKBWRCLK","student_top_inst/Core_cpu/u_core_top/load_q_reg[1][forward_data][22]/CE","setup"
439,-0.694,5.000,5.386,10,"student_top_inst/Core_cpu/u_core_top/u_dcache/u_tag_bank/mem_q_reg/CLKBWRCLK","student_top_inst/Core_cpu/u_core_top/load_q_reg[1][forward_data][26]/CE","setup"
440,-0.694,5.000,5.386,10,"student_top_inst/Core_cpu/u_core_top/u_dcache/u_tag_bank/mem_q_reg/CLKBWRCLK","student_top_inst/Core_cpu/u_core_top/load_q_reg[1][forward_data][27]/CE","setup"
441,-0.694,5.000,5.386,10,"student_top_inst/Core_cpu/u_core_top/u_dcache/u_tag_bank/mem_q_reg/CLKBWRCLK","student_top_inst/Core_cpu/u_core_top/load_q_reg[1][forward_data][28]/CE","setup"
442,-0.694,5.000,5.386,10,"student_top_inst/Core_cpu/u_core_top/u_dcache/u_tag_bank/mem_q_reg/CLKBWRCLK","student_top_inst/Core_cpu/u_core_top/load_q_reg[1][forward_data][30]/CE","setup"
443,-0.694,5.000,5.386,10,"student_top_inst/Core_cpu/u_core_top/u_dcache/u_tag_bank/mem_q_reg/CLKBWRCLK","student_top_inst/Core_cpu/u_core_top/load_q_reg[1][forward_data][31]/CE","setup"
444,-0.693,5.000,5.592,10,"student_top_inst/Core_cpu/u_core_top/u_dcache/u_tag_bank/mem_q_reg/CLKBWRCLK","student_top_inst/Core_cpu/u_core_top/exec_q_reg[op2][25]/D","setup"
445,-0.693,5.000,5.384,10,"student_top_inst/Core_cpu/u_core_top/u_dcache/u_tag_bank/mem_q_reg/CLKBWRCLK","student_top_inst/Core_cpu/u_core_top/load_q_reg[1][addr][11]/CE","setup"
446,-0.693,5.000,5.384,10,"student_top_inst/Core_cpu/u_core_top/u_dcache/u_tag_bank/mem_q_reg/CLKBWRCLK","student_top_inst/Core_cpu/u_core_top/load_q_reg[1][addr][16]/CE","setup"
447,-0.693,5.000,5.384,10,"student_top_inst/Core_cpu/u_core_top/u_dcache/u_tag_bank/mem_q_reg/CLKBWRCLK","student_top_inst/Core_cpu/u_core_top/load_q_reg[1][addr][19]/CE","setup"
448,-0.693,5.000,5.384,10,"student_top_inst/Core_cpu/u_core_top/u_dcache/u_tag_bank/mem_q_reg/CLKBWRCLK","student_top_inst/Core_cpu/u_core_top/load_q_reg[1][addr][21]/CE","setup"
449,-0.693,5.000,5.384,10,"student_top_inst/Core_cpu/u_core_top/u_dcache/u_tag_bank/mem_q_reg/CLKBWRCLK","student_top_inst/Core_cpu/u_core_top/load_q_reg[1][forward_data][2]/CE","setup"
450,-0.693,5.000,5.384,10,"student_top_inst/Core_cpu/u_core_top/u_dcache/u_tag_bank/mem_q_reg/CLKBWRCLK","student_top_inst/Core_cpu/u_core_top/load_q_reg[1][store_seq_cutoff][7]/CE","setup"
451,-0.693,5.000,5.384,10,"student_top_inst/Core_cpu/u_core_top/u_dcache/u_tag_bank/mem_q_reg/CLKBWRCLK","student_top_inst/Core_cpu/u_core_top/load_q_reg[1][trans_id][1]/CE","setup"
452,-0.693,5.000,5.357,10,"student_top_inst/Core_cpu/u_core_top/u_dcache/u_tag_bank/mem_q_reg/CLKBWRCLK","student_top_inst/Core_cpu/u_core_top/load_q_reg[0][addr][13]/CE","setup"
453,-0.693,5.000,5.357,10,"student_top_inst/Core_cpu/u_core_top/u_dcache/u_tag_bank/mem_q_reg/CLKBWRCLK","student_top_inst/Core_cpu/u_core_top/load_q_reg[0][addr][15]/CE","setup"
454,-0.693,5.000,5.357,10,"student_top_inst/Core_cpu/u_core_top/u_dcache/u_tag_bank/mem_q_reg/CLKBWRCLK","student_top_inst/Core_cpu/u_core_top/load_q_reg[0][addr][30]/CE","setup"
455,-0.693,5.000,5.357,10,"student_top_inst/Core_cpu/u_core_top/u_dcache/u_tag_bank/mem_q_reg/CLKBWRCLK","student_top_inst/Core_cpu/u_core_top/load_q_reg[0][forward_data][30]/CE","setup"
456,-0.692,5.000,5.357,10,"student_top_inst/Core_cpu/u_core_top/u_dcache/u_tag_bank/mem_q_reg/CLKBWRCLK","student_top_inst/Core_cpu/u_core_top/load_q_reg[0][forward_data][20]/CE","setup"
457,-0.692,5.000,5.357,10,"student_top_inst/Core_cpu/u_core_top/u_dcache/u_tag_bank/mem_q_reg/CLKBWRCLK","student_top_inst/Core_cpu/u_core_top/load_q_reg[0][forward_data][21]/CE","setup"
458,-0.692,5.000,5.357,10,"student_top_inst/Core_cpu/u_core_top/u_dcache/u_tag_bank/mem_q_reg/CLKBWRCLK","student_top_inst/Core_cpu/u_core_top/load_q_reg[0][forward_data][22]/CE","setup"
459,-0.692,5.000,5.357,10,"student_top_inst/Core_cpu/u_core_top/u_dcache/u_tag_bank/mem_q_reg/CLKBWRCLK","student_top_inst/Core_cpu/u_core_top/load_q_reg[0][forward_data][2]/CE","setup"
460,-0.691,5.000,5.286,10,"student_top_inst/Core_cpu/u_core_top/scoreboard_q_reg[3][fu][1]/C","student_top_inst/Core_cpu/u_core_top/scoreboard_q_reg[6][csr_src][16]/R","setup"
461,-0.691,5.000,5.286,10,"student_top_inst/Core_cpu/u_core_top/scoreboard_q_reg[3][fu][1]/C","student_top_inst/Core_cpu/u_core_top/scoreboard_q_reg[6][csr_src][24]/R","setup"
462,-0.691,5.000,5.286,10,"student_top_inst/Core_cpu/u_core_top/scoreboard_q_reg[3][fu][1]/C","student_top_inst/Core_cpu/u_core_top/scoreboard_q_reg[6][csr_src][25]/R","setup"
463,-0.691,5.000,5.286,10,"student_top_inst/Core_cpu/u_core_top/scoreboard_q_reg[3][fu][1]/C","student_top_inst/Core_cpu/u_core_top/scoreboard_q_reg[6][csr_src][29]/R","setup"
464,-0.691,5.000,5.286,10,"student_top_inst/Core_cpu/u_core_top/scoreboard_q_reg[3][fu][1]/C","student_top_inst/Core_cpu/u_core_top/scoreboard_q_reg[6][csr_src][30]/R","setup"
465,-0.691,5.000,5.286,10,"student_top_inst/Core_cpu/u_core_top/scoreboard_q_reg[3][fu][1]/C","student_top_inst/Core_cpu/u_core_top/scoreboard_q_reg[6][csr_src][7]/R","setup"
466,-0.691,5.000,5.286,10,"student_top_inst/Core_cpu/u_core_top/scoreboard_q_reg[3][fu][1]/C","student_top_inst/Core_cpu/u_core_top/scoreboard_q_reg[6][csr_src][9]/R","setup"
467,-0.690,5.000,5.589,10,"student_top_inst/Core_cpu/u_core_top/u_dcache/u_tag_bank/mem_q_reg/CLKBWRCLK","student_top_inst/Core_cpu/u_core_top/exec_q_reg[op1][20]/D","setup"
468,-0.689,5.000,5.100,0,"student_top_inst/cpu_rst_sync_reg/C","student_top_inst/Core_cpu/u_core_top/u_perf_counters/commit_o_reg[20]/R","setup"
469,-0.689,5.000,5.100,0,"student_top_inst/cpu_rst_sync_reg/C","student_top_inst/Core_cpu/u_core_top/u_perf_counters/commit_o_reg[21]/R","setup"
470,-0.689,5.000,5.100,0,"student_top_inst/cpu_rst_sync_reg/C","student_top_inst/Core_cpu/u_core_top/u_perf_counters/commit_o_reg[22]/R","setup"
471,-0.689,5.000,5.100,0,"student_top_inst/cpu_rst_sync_reg/C","student_top_inst/Core_cpu/u_core_top/u_perf_counters/commit_o_reg[23]/R","setup"
472,-0.687,5.000,5.399,10,"student_top_inst/Core_cpu/u_core_top/u_dcache/u_tag_bank/mem_q_reg/CLKBWRCLK","student_top_inst/Core_cpu/u_core_top/u_dcache/lookup_store_data_q_reg[0]/CE","setup"
473,-0.687,5.000,5.240,8,"student_top_inst/Core_cpu/u_core_top/u_dcache/u_tag_bank/mem_q_reg/CLKBWRCLK","student_top_inst/Core_cpu/u_core_top/scoreboard_q_reg[5][csr_src][10]/R","setup"
474,-0.687,5.000,5.240,8,"student_top_inst/Core_cpu/u_core_top/u_dcache/u_tag_bank/mem_q_reg/CLKBWRCLK","student_top_inst/Core_cpu/u_core_top/scoreboard_q_reg[5][csr_src][20]/R","setup"
475,-0.687,5.000,5.240,8,"student_top_inst/Core_cpu/u_core_top/u_dcache/u_tag_bank/mem_q_reg/CLKBWRCLK","student_top_inst/Core_cpu/u_core_top/scoreboard_q_reg[5][csr_src][21]/R","setup"
476,-0.687,5.000,5.240,8,"student_top_inst/Core_cpu/u_core_top/u_dcache/u_tag_bank/mem_q_reg/CLKBWRCLK","student_top_inst/Core_cpu/u_core_top/scoreboard_q_reg[5][csr_src][22]/R","setup"
477,-0.687,5.000,5.240,8,"student_top_inst/Core_cpu/u_core_top/u_dcache/u_tag_bank/mem_q_reg/CLKBWRCLK","student_top_inst/Core_cpu/u_core_top/scoreboard_q_reg[5][csr_src][23]/R","setup"
478,-0.687,5.000,5.240,8,"student_top_inst/Core_cpu/u_core_top/u_dcache/u_tag_bank/mem_q_reg/CLKBWRCLK","student_top_inst/Core_cpu/u_core_top/scoreboard_q_reg[5][csr_src][26]/R","setup"
479,-0.687,5.000,5.240,8,"student_top_inst/Core_cpu/u_core_top/u_dcache/u_tag_bank/mem_q_reg/CLKBWRCLK","student_top_inst/Core_cpu/u_core_top/scoreboard_q_reg[5][csr_src][27]/R","setup"
480,-0.687,5.000,5.240,8,"student_top_inst/Core_cpu/u_core_top/u_dcache/u_tag_bank/mem_q_reg/CLKBWRCLK","student_top_inst/Core_cpu/u_core_top/scoreboard_q_reg[5][csr_src][28]/R","setup"
481,-0.686,5.000,5.377,10,"student_top_inst/Core_cpu/u_core_top/u_dcache/u_tag_bank/mem_q_reg/CLKBWRCLK","student_top_inst/Core_cpu/u_core_top/load_q_reg[1][addr][0]/CE","setup"
482,-0.686,5.000,5.377,10,"student_top_inst/Core_cpu/u_core_top/u_dcache/u_tag_bank/mem_q_reg/CLKBWRCLK","student_top_inst/Core_cpu/u_core_top/load_q_reg[1][addr][26]/CE","setup"
483,-0.686,5.000,5.377,10,"student_top_inst/Core_cpu/u_core_top/u_dcache/u_tag_bank/mem_q_reg/CLKBWRCLK","student_top_inst/Core_cpu/u_core_top/load_q_reg[1][addr][27]/CE","setup"
484,-0.686,5.000,5.377,10,"student_top_inst/Core_cpu/u_core_top/u_dcache/u_tag_bank/mem_q_reg/CLKBWRCLK","student_top_inst/Core_cpu/u_core_top/load_q_reg[1][addr][5]/CE","setup"
485,-0.686,5.000,5.377,10,"student_top_inst/Core_cpu/u_core_top/u_dcache/u_tag_bank/mem_q_reg/CLKBWRCLK","student_top_inst/Core_cpu/u_core_top/load_q_reg[1][forward_data][0]/CE","setup"
486,-0.686,5.000,5.377,10,"student_top_inst/Core_cpu/u_core_top/u_dcache/u_tag_bank/mem_q_reg/CLKBWRCLK","student_top_inst/Core_cpu/u_core_top/load_q_reg[1][forward_data][17]/CE","setup"
487,-0.686,5.000,5.377,10,"student_top_inst/Core_cpu/u_core_top/u_dcache/u_tag_bank/mem_q_reg/CLKBWRCLK","student_top_inst/Core_cpu/u_core_top/load_q_reg[1][forward_data][1]/CE","setup"
488,-0.686,5.000,5.377,10,"student_top_inst/Core_cpu/u_core_top/u_dcache/u_tag_bank/mem_q_reg/CLKBWRCLK","student_top_inst/Core_cpu/u_core_top/load_q_reg[1][store_seq_cutoff][6]/CE","setup"
489,-0.686,5.000,5.371,10,"student_top_inst/Core_cpu/u_core_top/u_dcache/u_tag_bank/mem_q_reg/CLKBWRCLK","student_top_inst/Core_cpu/u_core_top/u_dcache/lookup_addr_q_reg[25]/CE","setup"
490,-0.686,5.000,5.371,10,"student_top_inst/Core_cpu/u_core_top/u_dcache/u_tag_bank/mem_q_reg/CLKBWRCLK","student_top_inst/Core_cpu/u_core_top/u_dcache/lookup_addr_q_reg[27]/CE","setup"
491,-0.686,5.000,5.371,10,"student_top_inst/Core_cpu/u_core_top/u_dcache/u_tag_bank/mem_q_reg/CLKBWRCLK","student_top_inst/Core_cpu/u_core_top/u_dcache/lookup_index_q_reg[2]/CE","setup"
492,-0.686,5.000,5.371,10,"student_top_inst/Core_cpu/u_core_top/u_dcache/u_tag_bank/mem_q_reg/CLKBWRCLK","student_top_inst/Core_cpu/u_core_top/u_dcache/lookup_store_data_q_reg[25]/CE","setup"
493,-0.686,5.000,5.371,10,"student_top_inst/Core_cpu/u_core_top/u_dcache/u_tag_bank/mem_q_reg/CLKBWRCLK","student_top_inst/Core_cpu/u_core_top/u_dcache/lookup_store_data_q_reg[26]/CE","setup"
494,-0.686,5.000,5.371,10,"student_top_inst/Core_cpu/u_core_top/u_dcache/u_tag_bank/mem_q_reg/CLKBWRCLK","student_top_inst/Core_cpu/u_core_top/u_dcache/lookup_tag_q_reg[25]/CE","setup"
495,-0.686,5.000,5.371,10,"student_top_inst/Core_cpu/u_core_top/u_dcache/u_tag_bank/mem_q_reg/CLKBWRCLK","student_top_inst/Core_cpu/u_core_top/u_dcache/lookup_tag_q_reg[27]/CE","setup"
496,-0.686,5.000,5.409,10,"student_top_inst/Core_cpu/u_core_top/u_dcache/u_tag_bank/mem_q_reg/CLKBWRCLK","student_top_inst/Core_cpu/u_core_top/u_dcache/lookup_addr_q_reg[2]/CE","setup"
497,-0.686,5.000,5.409,10,"student_top_inst/Core_cpu/u_core_top/u_dcache/u_tag_bank/mem_q_reg/CLKBWRCLK","student_top_inst/Core_cpu/u_core_top/u_dcache/lookup_addr_q_reg[31]/CE","setup"
498,-0.686,5.000,5.409,10,"student_top_inst/Core_cpu/u_core_top/u_dcache/u_tag_bank/mem_q_reg/CLKBWRCLK","student_top_inst/Core_cpu/u_core_top/u_dcache/lookup_addr_q_reg[3]/CE","setup"
499,-0.686,5.000,5.409,10,"student_top_inst/Core_cpu/u_core_top/u_dcache/u_tag_bank/mem_q_reg/CLKBWRCLK","student_top_inst/Core_cpu/u_core_top/u_dcache/lookup_index_q_reg[0]/CE","setup"
500,-0.686,5.000,5.409,10,"student_top_inst/Core_cpu/u_core_top/u_dcache/u_tag_bank/mem_q_reg/CLKBWRCLK","student_top_inst/Core_cpu/u_core_top/u_dcache/lookup_store_data_q_reg[4]/CE","setup"
501,-0.686,5.000,5.409,10,"student_top_inst/Core_cpu/u_core_top/u_dcache/u_tag_bank/mem_q_reg/CLKBWRCLK","student_top_inst/Core_cpu/u_core_top/u_dcache/lookup_store_data_q_reg[5]/CE","setup"
502,-0.686,5.000,5.409,10,"student_top_inst/Core_cpu/u_core_top/u_dcache/u_tag_bank/mem_q_reg/CLKBWRCLK","student_top_inst/Core_cpu/u_core_top/u_dcache/lookup_store_data_q_reg[6]/CE","setup"
503,-0.686,5.000,5.409,10,"student_top_inst/Core_cpu/u_core_top/u_dcache/u_tag_bank/mem_q_reg/CLKBWRCLK","student_top_inst/Core_cpu/u_core_top/u_dcache/lookup_store_mask_q_reg[0]/CE","setup"
504,-0.684,5.000,5.606,10,"student_top_inst/Core_cpu/u_core_top/u_dcache/u_tag_bank/mem_q_reg/CLKBWRCLK","student_top_inst/Core_cpu/u_core_top/scoreboard_q_reg[7][result][23]/D","setup"
505,-0.683,5.000,5.607,10,"student_top_inst/Core_cpu/u_core_top/u_dcache/u_tag_bank/mem_q_reg/CLKBWRCLK","student_top_inst/Core_cpu/u_core_top/scoreboard_q_reg[5][result][26]/D","setup"
506,-0.681,5.000,5.617,11,"student_top_inst/Core_cpu/u_core_top/u_dcache/u_tag_bank/mem_q_reg/CLKBWRCLK","student_top_inst/Core_cpu/u_core_top/exec_mem_addr_q_reg[10]/D","setup"
507,-0.678,5.000,5.402,10,"student_top_inst/Core_cpu/u_core_top/u_dcache/u_tag_bank/mem_q_reg/CLKBWRCLK","student_top_inst/Core_cpu/u_core_top/u_dcache/lookup_addr_q_reg[17]/CE","setup"
508,-0.678,5.000,5.402,10,"student_top_inst/Core_cpu/u_core_top/u_dcache/u_tag_bank/mem_q_reg/CLKBWRCLK","student_top_inst/Core_cpu/u_core_top/u_dcache/lookup_addr_q_reg[19]/CE","setup"
509,-0.678,5.000,5.402,10,"student_top_inst/Core_cpu/u_core_top/u_dcache/u_tag_bank/mem_q_reg/CLKBWRCLK","student_top_inst/Core_cpu/u_core_top/u_dcache/lookup_index_q_reg[10]/CE","setup"
510,-0.678,5.000,5.402,10,"student_top_inst/Core_cpu/u_core_top/u_dcache/u_tag_bank/mem_q_reg/CLKBWRCLK","student_top_inst/Core_cpu/u_core_top/u_dcache/lookup_index_q_reg[4]/CE","setup"
511,-0.678,5.000,5.402,10,"student_top_inst/Core_cpu/u_core_top/u_dcache/u_tag_bank/mem_q_reg/CLKBWRCLK","student_top_inst/Core_cpu/u_core_top/u_dcache/lookup_index_q_reg[5]/CE","setup"
512,-0.678,5.000,5.402,10,"student_top_inst/Core_cpu/u_core_top/u_dcache/u_tag_bank/mem_q_reg/CLKBWRCLK","student_top_inst/Core_cpu/u_core_top/u_dcache/lookup_index_q_reg[6]/CE","setup"
513,-0.678,5.000,5.402,10,"student_top_inst/Core_cpu/u_core_top/u_dcache/u_tag_bank/mem_q_reg/CLKBWRCLK","student_top_inst/Core_cpu/u_core_top/u_dcache/lookup_store_data_q_reg[12]/CE","setup"
514,-0.678,5.000,5.402,10,"student_top_inst/Core_cpu/u_core_top/u_dcache/u_tag_bank/mem_q_reg/CLKBWRCLK","student_top_inst/Core_cpu/u_core_top/u_dcache/lookup_store_data_q_reg[16]/CE","setup"
515,-0.678,5.000,5.402,10,"student_top_inst/Core_cpu/u_core_top/u_dcache/u_tag_bank/mem_q_reg/CLKBWRCLK","student_top_inst/Core_cpu/u_core_top/u_dcache/lookup_store_data_q_reg[20]/CE","setup"
516,-0.678,5.000,5.402,10,"student_top_inst/Core_cpu/u_core_top/u_dcache/u_tag_bank/mem_q_reg/CLKBWRCLK","student_top_inst/Core_cpu/u_core_top/u_dcache/lookup_store_data_q_reg[8]/CE","setup"
517,-0.678,5.000,5.402,10,"student_top_inst/Core_cpu/u_core_top/u_dcache/u_tag_bank/mem_q_reg/CLKBWRCLK","student_top_inst/Core_cpu/u_core_top/u_dcache/lookup_tag_q_reg[17]/CE","setup"
518,-0.678,5.000,5.402,10,"student_top_inst/Core_cpu/u_core_top/u_dcache/u_tag_bank/mem_q_reg/CLKBWRCLK","student_top_inst/Core_cpu/u_core_top/u_dcache/lookup_tag_q_reg[28]/CE","setup"
519,-0.678,5.000,5.402,10,"student_top_inst/Core_cpu/u_core_top/u_dcache/u_tag_bank/mem_q_reg/CLKBWRCLK","student_top_inst/Core_cpu/u_core_top/u_dcache/lookup_tag_q_reg[29]/CE","setup"
520,-0.678,5.000,5.402,10,"student_top_inst/Core_cpu/u_core_top/u_dcache/u_tag_bank/mem_q_reg/CLKBWRCLK","student_top_inst/Core_cpu/u_core_top/u_dcache/lookup_tag_q_reg[30]/CE","setup"
521,-0.678,5.000,5.402,10,"student_top_inst/Core_cpu/u_core_top/u_dcache/u_tag_bank/mem_q_reg/CLKBWRCLK","student_top_inst/Core_cpu/u_core_top/u_dcache/lookup_word_q_reg[0]/CE","setup"
522,-0.678,5.000,5.272,10,"student_top_inst/Core_cpu/u_core_top/scoreboard_q_reg[3][fu][1]/C","student_top_inst/Core_cpu/u_core_top/scoreboard_q_reg[6][csr_src][17]/R","setup"
523,-0.678,5.000,5.272,10,"student_top_inst/Core_cpu/u_core_top/scoreboard_q_reg[3][fu][1]/C","student_top_inst/Core_cpu/u_core_top/scoreboard_q_reg[6][csr_src][19]/R","setup"
524,-0.678,5.000,5.272,10,"student_top_inst/Core_cpu/u_core_top/scoreboard_q_reg[3][fu][1]/C","student_top_inst/Core_cpu/u_core_top/scoreboard_q_reg[6][csr_src][28]/R","setup"
525,-0.678,5.000,5.272,10,"student_top_inst/Core_cpu/u_core_top/scoreboard_q_reg[3][fu][1]/C","student_top_inst/Core_cpu/u_core_top/scoreboard_q_reg[6][csr_src][8]/R","setup"
526,-0.677,5.000,5.369,10,"student_top_inst/Core_cpu/u_core_top/u_dcache/u_tag_bank/mem_q_reg/CLKBWRCLK","student_top_inst/Core_cpu/u_core_top/load_q_reg[1][addr][10]/CE","setup"
527,-0.677,5.000,5.369,10,"student_top_inst/Core_cpu/u_core_top/u_dcache/u_tag_bank/mem_q_reg/CLKBWRCLK","student_top_inst/Core_cpu/u_core_top/load_q_reg[1][addr][12]/CE","setup"
528,-0.677,5.000,5.369,10,"student_top_inst/Core_cpu/u_core_top/u_dcache/u_tag_bank/mem_q_reg/CLKBWRCLK","student_top_inst/Core_cpu/u_core_top/load_q_reg[1][addr][15]/CE","setup"
529,-0.677,5.000,5.369,10,"student_top_inst/Core_cpu/u_core_top/u_dcache/u_tag_bank/mem_q_reg/CLKBWRCLK","student_top_inst/Core_cpu/u_core_top/load_q_reg[1][addr][17]/CE","setup"
530,-0.677,5.000,5.369,10,"student_top_inst/Core_cpu/u_core_top/u_dcache/u_tag_bank/mem_q_reg/CLKBWRCLK","student_top_inst/Core_cpu/u_core_top/load_q_reg[1][addr][18]/CE","setup"
531,-0.677,5.000,5.369,10,"student_top_inst/Core_cpu/u_core_top/u_dcache/u_tag_bank/mem_q_reg/CLKBWRCLK","student_top_inst/Core_cpu/u_core_top/load_q_reg[1][addr][20]/CE","setup"
532,-0.677,5.000,5.369,10,"student_top_inst/Core_cpu/u_core_top/u_dcache/u_tag_bank/mem_q_reg/CLKBWRCLK","student_top_inst/Core_cpu/u_core_top/load_q_reg[1][addr][24]/CE","setup"
533,-0.677,5.000,5.369,10,"student_top_inst/Core_cpu/u_core_top/u_dcache/u_tag_bank/mem_q_reg/CLKBWRCLK","student_top_inst/Core_cpu/u_core_top/load_q_reg[1][forward_mask][0]/CE","setup"
534,-0.677,5.000,5.613,11,"student_top_inst/Core_cpu/u_core_top/u_dcache/u_tag_bank/mem_q_reg/CLKBWRCLK","student_top_inst/Core_cpu/u_core_top/exec_mem_addr_q_reg[8]/D","setup"
535,-0.676,5.000,5.330,8,"student_top_inst/Core_cpu/u_core_top/u_dcache/u_tag_bank/mem_q_reg/CLKBWRCLK","student_top_inst/Core_cpu/u_core_top/scoreboard_q_reg[7][exception_tval][26]/CE","setup"
536,-0.676,5.000,5.330,8,"student_top_inst/Core_cpu/u_core_top/u_dcache/u_tag_bank/mem_q_reg/CLKBWRCLK","student_top_inst/Core_cpu/u_core_top/scoreboard_q_reg[7][exception_tval][6]/CE","setup"
537,-0.676,5.000,5.330,8,"student_top_inst/Core_cpu/u_core_top/u_dcache/u_tag_bank/mem_q_reg/CLKBWRCLK","student_top_inst/Core_cpu/u_core_top/scoreboard_q_reg[7][exception_tval][7]/CE","setup"
538,-0.676,5.000,5.341,10,"student_top_inst/Core_cpu/u_core_top/u_dcache/u_tag_bank/mem_q_reg/CLKBWRCLK","student_top_inst/Core_cpu/u_core_top/load_q_reg[0][addr][24]/CE","setup"
539,-0.676,5.000,5.341,10,"student_top_inst/Core_cpu/u_core_top/u_dcache/u_tag_bank/mem_q_reg/CLKBWRCLK","student_top_inst/Core_cpu/u_core_top/load_q_reg[0][addr][29]/CE","setup"
540,-0.676,5.000,5.341,10,"student_top_inst/Core_cpu/u_core_top/u_dcache/u_tag_bank/mem_q_reg/CLKBWRCLK","student_top_inst/Core_cpu/u_core_top/load_q_reg[0][store_seq_cutoff][7]/CE","setup"
541,-0.676,5.000,5.341,10,"student_top_inst/Core_cpu/u_core_top/u_dcache/u_tag_bank/mem_q_reg/CLKBWRCLK","student_top_inst/Core_cpu/u_core_top/load_q_reg[0][trans_id][0]/CE","setup"
542,-0.674,5.000,5.362,10,"student_top_inst/Core_cpu/u_core_top/u_dcache/u_tag_bank/mem_q_reg/CLKBWRCLK","student_top_inst/Core_cpu/u_core_top/u_dcache/lookup_addr_q_reg[28]/CE","setup"
543,-0.674,5.000,5.362,10,"student_top_inst/Core_cpu/u_core_top/u_dcache/u_tag_bank/mem_q_reg/CLKBWRCLK","student_top_inst/Core_cpu/u_core_top/u_dcache/lookup_addr_q_reg[8]/CE","setup"
544,-0.674,5.000,5.362,10,"student_top_inst/Core_cpu/u_core_top/u_dcache/u_tag_bank/mem_q_reg/CLKBWRCLK","student_top_inst/Core_cpu/u_core_top/u_dcache/lookup_index_q_reg[1]/CE","setup"
545,-0.674,5.000,5.362,10,"student_top_inst/Core_cpu/u_core_top/u_dcache/u_tag_bank/mem_q_reg/CLKBWRCLK","student_top_inst/Core_cpu/u_core_top/u_dcache/lookup_store_data_q_reg[7]/CE","setup"
546,-0.674,5.000,5.362,10,"student_top_inst/Core_cpu/u_core_top/u_dcache/u_tag_bank/mem_q_reg/CLKBWRCLK","student_top_inst/Core_cpu/u_core_top/u_dcache/lookup_write_q_reg/CE","setup"
547,-0.674,5.000,5.397,10,"student_top_inst/Core_cpu/u_core_top/u_dcache/u_tag_bank/mem_q_reg/CLKBWRCLK","student_top_inst/Core_cpu/u_core_top/u_dcache/req_addr_q_reg[18]/CE","setup"
548,-0.674,5.000,5.397,10,"student_top_inst/Core_cpu/u_core_top/u_dcache/u_tag_bank/mem_q_reg/CLKBWRCLK","student_top_inst/Core_cpu/u_core_top/u_dcache/req_addr_q_reg[23]/CE","setup"
549,-0.674,5.000,5.397,10,"student_top_inst/Core_cpu/u_core_top/u_dcache/u_tag_bank/mem_q_reg/CLKBWRCLK","student_top_inst/Core_cpu/u_core_top/u_dcache/req_addr_q_reg[24]/CE","setup"
550,-0.674,5.000,5.397,10,"student_top_inst/Core_cpu/u_core_top/u_dcache/u_tag_bank/mem_q_reg/CLKBWRCLK","student_top_inst/Core_cpu/u_core_top/u_dcache/req_addr_q_reg[25]/CE","setup"
551,-0.674,5.000,5.397,10,"student_top_inst/Core_cpu/u_core_top/u_dcache/u_tag_bank/mem_q_reg/CLKBWRCLK","student_top_inst/Core_cpu/u_core_top/u_dcache/req_addr_q_reg[26]/CE","setup"
552,-0.674,5.000,5.397,10,"student_top_inst/Core_cpu/u_core_top/u_dcache/u_tag_bank/mem_q_reg/CLKBWRCLK","student_top_inst/Core_cpu/u_core_top/u_dcache/req_addr_q_reg[29]/CE","setup"
553,-0.674,5.000,5.397,10,"student_top_inst/Core_cpu/u_core_top/u_dcache/u_tag_bank/mem_q_reg/CLKBWRCLK","student_top_inst/Core_cpu/u_core_top/u_dcache/req_addr_q_reg[3]/CE","setup"
554,-0.674,5.000,5.397,10,"student_top_inst/Core_cpu/u_core_top/u_dcache/u_tag_bank/mem_q_reg/CLKBWRCLK","student_top_inst/Core_cpu/u_core_top/u_dcache/req_addr_q_reg[5]/CE","setup"
555,-0.673,5.000,5.329,8,"student_top_inst/Core_cpu/u_core_top/u_dcache/u_tag_bank/mem_q_reg/CLKBWRCLK","student_top_inst/Core_cpu/u_core_top/scoreboard_q_reg[2][exception_tval][1]/CE","setup"
556,-0.673,5.000,5.329,8,"student_top_inst/Core_cpu/u_core_top/u_dcache/u_tag_bank/mem_q_reg/CLKBWRCLK","student_top_inst/Core_cpu/u_core_top/scoreboard_q_reg[2][exception_tval][27]/CE","setup"
557,-0.673,5.000,5.329,8,"student_top_inst/Core_cpu/u_core_top/u_dcache/u_tag_bank/mem_q_reg/CLKBWRCLK","student_top_inst/Core_cpu/u_core_top/scoreboard_q_reg[2][exception_tval][29]/CE","setup"
558,-0.673,5.000,5.329,8,"student_top_inst/Core_cpu/u_core_top/u_dcache/u_tag_bank/mem_q_reg/CLKBWRCLK","student_top_inst/Core_cpu/u_core_top/scoreboard_q_reg[2][exception_tval][31]/CE","setup"
559,-0.672,5.000,5.395,10,"student_top_inst/Core_cpu/u_core_top/u_dcache/u_tag_bank/mem_q_reg/CLKBWRCLK","student_top_inst/Core_cpu/u_core_top/u_dcache/lookup_addr_q_reg[13]/CE","setup"
560,-0.672,5.000,5.395,10,"student_top_inst/Core_cpu/u_core_top/u_dcache/u_tag_bank/mem_q_reg/CLKBWRCLK","student_top_inst/Core_cpu/u_core_top/u_dcache/lookup_addr_q_reg[18]/CE","setup"
561,-0.672,5.000,5.395,10,"student_top_inst/Core_cpu/u_core_top/u_dcache/u_tag_bank/mem_q_reg/CLKBWRCLK","student_top_inst/Core_cpu/u_core_top/u_dcache/lookup_index_q_reg[9]/CE","setup"
562,-0.672,5.000,5.395,10,"student_top_inst/Core_cpu/u_core_top/u_dcache/u_tag_bank/mem_q_reg/CLKBWRCLK","student_top_inst/Core_cpu/u_core_top/u_dcache/lookup_store_data_q_reg[14]/CE","setup"
563,-0.672,5.000,5.395,10,"student_top_inst/Core_cpu/u_core_top/u_dcache/u_tag_bank/mem_q_reg/CLKBWRCLK","student_top_inst/Core_cpu/u_core_top/u_dcache/lookup_store_data_q_reg[17]/CE","setup"
564,-0.672,5.000,5.395,10,"student_top_inst/Core_cpu/u_core_top/u_dcache/u_tag_bank/mem_q_reg/CLKBWRCLK","student_top_inst/Core_cpu/u_core_top/u_dcache/lookup_store_data_q_reg[22]/CE","setup"
565,-0.672,5.000,5.395,10,"student_top_inst/Core_cpu/u_core_top/u_dcache/u_tag_bank/mem_q_reg/CLKBWRCLK","student_top_inst/Core_cpu/u_core_top/u_dcache/lookup_store_data_q_reg[9]/CE","setup"
566,-0.672,5.000,5.395,10,"student_top_inst/Core_cpu/u_core_top/u_dcache/u_tag_bank/mem_q_reg/CLKBWRCLK","student_top_inst/Core_cpu/u_core_top/u_dcache/lookup_word_q_reg[1]/CE","setup"
567,-0.672,5.000,5.225,8,"student_top_inst/Core_cpu/u_core_top/u_dcache/u_tag_bank/mem_q_reg/CLKBWRCLK","student_top_inst/Core_cpu/u_core_top/scoreboard_q_reg[7][csr_src][0]/R","setup"
568,-0.672,5.000,5.225,8,"student_top_inst/Core_cpu/u_core_top/u_dcache/u_tag_bank/mem_q_reg/CLKBWRCLK","student_top_inst/Core_cpu/u_core_top/scoreboard_q_reg[7][csr_src][10]/R","setup"
569,-0.672,5.000,5.225,8,"student_top_inst/Core_cpu/u_core_top/u_dcache/u_tag_bank/mem_q_reg/CLKBWRCLK","student_top_inst/Core_cpu/u_core_top/scoreboard_q_reg[7][csr_src][13]/R","setup"
570,-0.672,5.000,5.225,8,"student_top_inst/Core_cpu/u_core_top/u_dcache/u_tag_bank/mem_q_reg/CLKBWRCLK","student_top_inst/Core_cpu/u_core_top/scoreboard_q_reg[7][csr_src][14]/R","setup"
571,-0.672,5.000,5.225,8,"student_top_inst/Core_cpu/u_core_top/u_dcache/u_tag_bank/mem_q_reg/CLKBWRCLK","student_top_inst/Core_cpu/u_core_top/scoreboard_q_reg[7][csr_src][17]/R","setup"
572,-0.672,5.000,5.225,8,"student_top_inst/Core_cpu/u_core_top/u_dcache/u_tag_bank/mem_q_reg/CLKBWRCLK","student_top_inst/Core_cpu/u_core_top/scoreboard_q_reg[7][csr_src][19]/R","setup"
573,-0.672,5.000,5.225,8,"student_top_inst/Core_cpu/u_core_top/u_dcache/u_tag_bank/mem_q_reg/CLKBWRCLK","student_top_inst/Core_cpu/u_core_top/scoreboard_q_reg[7][csr_src][1]/R","setup"
574,-0.672,5.000,5.225,8,"student_top_inst/Core_cpu/u_core_top/u_dcache/u_tag_bank/mem_q_reg/CLKBWRCLK","student_top_inst/Core_cpu/u_core_top/scoreboard_q_reg[7][csr_src][26]/R","setup"
575,-0.670,5.000,5.593,10,"student_top_inst/Core_cpu/u_core_top/u_dcache/u_tag_bank/mem_q_reg/CLKBWRCLK","student_top_inst/Core_cpu/u_core_top/scoreboard_q_reg[5][result][23]/D","setup"
576,-0.670,5.000,5.602,10,"student_top_inst/Core_cpu/u_core_top/u_dcache/u_tag_bank/mem_q_reg/CLKBWRCLK","student_top_inst/Core_cpu/u_core_top/exec_q_reg[op2][12]/D","setup"
577,-0.669,5.000,5.359,10,"student_top_inst/Core_cpu/u_core_top/u_dcache/u_tag_bank/mem_q_reg/CLKBWRCLK","student_top_inst/Core_cpu/u_core_top/u_dcache/lookup_addr_q_reg[20]/CE","setup"
578,-0.669,5.000,5.359,10,"student_top_inst/Core_cpu/u_core_top/u_dcache/u_tag_bank/mem_q_reg/CLKBWRCLK","student_top_inst/Core_cpu/u_core_top/u_dcache/lookup_tag_q_reg[20]/CE","setup"
579,-0.669,5.000,5.534,8,"student_top_inst/Core_cpu/u_core_top/u_dcache/u_tag_bank/mem_q_reg/CLKBWRCLK","student_top_inst/Core_cpu/u_core_top/scoreboard_q_reg[2][exception_tval][16]/D","setup"
580,-0.668,5.000,5.567,9,"student_top_inst/Core_cpu/u_core_top/u_dcache/u_tag_bank/mem_q_reg/CLKBWRCLK","student_top_inst/Core_cpu/u_core_top/exec_q_reg[op2][3]/D","setup"
581,-0.668,5.000,5.561,10,"student_top_inst/Core_cpu/u_core_top/u_dcache/u_tag_bank/mem_q_reg/CLKBWRCLK","student_top_inst/Core_cpu/u_core_top/scoreboard_q_reg[7][result][27]/D","setup"
582,-0.667,5.000,5.390,10,"student_top_inst/Core_cpu/u_core_top/u_dcache/u_tag_bank/mem_q_reg/CLKBWRCLK","student_top_inst/Core_cpu/u_core_top/u_dcache/req_addr_q_reg[12]/CE","setup"
583,-0.667,5.000,5.390,10,"student_top_inst/Core_cpu/u_core_top/u_dcache/u_tag_bank/mem_q_reg/CLKBWRCLK","student_top_inst/Core_cpu/u_core_top/u_dcache/req_addr_q_reg[16]/CE","setup"
584,-0.667,5.000,5.390,10,"student_top_inst/Core_cpu/u_core_top/u_dcache/u_tag_bank/mem_q_reg/CLKBWRCLK","student_top_inst/Core_cpu/u_core_top/u_dcache/req_addr_q_reg[31]/CE","setup"
585,-0.667,5.000,5.390,10,"student_top_inst/Core_cpu/u_core_top/u_dcache/u_tag_bank/mem_q_reg/CLKBWRCLK","student_top_inst/Core_cpu/u_core_top/u_dcache/req_addr_q_reg[8]/CE","setup"
586,-0.666,5.000,5.342,8,"student_top_inst/Core_cpu/u_core_top/u_dcache/u_tag_bank/mem_q_reg/CLKBWRCLK","student_top_inst/Core_cpu/u_core_top/scoreboard_q_reg[2][exception_tval][10]/CE","setup"
587,-0.666,5.000,5.342,8,"student_top_inst/Core_cpu/u_core_top/u_dcache/u_tag_bank/mem_q_reg/CLKBWRCLK","student_top_inst/Core_cpu/u_core_top/scoreboard_q_reg[2][exception_tval][15]/CE","setup"
588,-0.666,5.000,5.342,8,"student_top_inst/Core_cpu/u_core_top/u_dcache/u_tag_bank/mem_q_reg/CLKBWRCLK","student_top_inst/Core_cpu/u_core_top/scoreboard_q_reg[2][exception_tval][23]/CE","setup"
589,-0.666,5.000,5.342,8,"student_top_inst/Core_cpu/u_core_top/u_dcache/u_tag_bank/mem_q_reg/CLKBWRCLK","student_top_inst/Core_cpu/u_core_top/scoreboard_q_reg[2][exception_tval][25]/CE","setup"
590,-0.665,5.000,5.593,10,"student_top_inst/Core_cpu/u_core_top/u_dcache/u_tag_bank/mem_q_reg/CLKBWRCLK","student_top_inst/Core_cpu/u_core_top/exec_q_reg[op2][29]/D","setup"
591,-0.665,5.000,5.225,8,"student_top_inst/Core_cpu/u_core_top/u_dcache/u_tag_bank/mem_q_reg/CLKBWRCLK","student_top_inst/Core_cpu/u_core_top/scoreboard_q_reg[4][csr_src][12]/R","setup"
592,-0.665,5.000,5.225,8,"student_top_inst/Core_cpu/u_core_top/u_dcache/u_tag_bank/mem_q_reg/CLKBWRCLK","student_top_inst/Core_cpu/u_core_top/scoreboard_q_reg[4][csr_src][15]/R","setup"
593,-0.665,5.000,5.225,8,"student_top_inst/Core_cpu/u_core_top/u_dcache/u_tag_bank/mem_q_reg/CLKBWRCLK","student_top_inst/Core_cpu/u_core_top/scoreboard_q_reg[4][csr_src][19]/R","setup"
594,-0.665,5.000,5.225,8,"student_top_inst/Core_cpu/u_core_top/u_dcache/u_tag_bank/mem_q_reg/CLKBWRCLK","student_top_inst/Core_cpu/u_core_top/scoreboard_q_reg[4][csr_src][28]/R","setup"
595,-0.665,5.000,5.225,8,"student_top_inst/Core_cpu/u_core_top/u_dcache/u_tag_bank/mem_q_reg/CLKBWRCLK","student_top_inst/Core_cpu/u_core_top/scoreboard_q_reg[4][csr_src][29]/R","setup"
596,-0.665,5.000,5.225,8,"student_top_inst/Core_cpu/u_core_top/u_dcache/u_tag_bank/mem_q_reg/CLKBWRCLK","student_top_inst/Core_cpu/u_core_top/scoreboard_q_reg[4][csr_src][2]/R","setup"
597,-0.665,5.000,5.225,8,"student_top_inst/Core_cpu/u_core_top/u_dcache/u_tag_bank/mem_q_reg/CLKBWRCLK","student_top_inst/Core_cpu/u_core_top/scoreboard_q_reg[4][csr_src][8]/R","setup"
598,-0.665,5.000,5.225,8,"student_top_inst/Core_cpu/u_core_top/u_dcache/u_tag_bank/mem_q_reg/CLKBWRCLK","student_top_inst/Core_cpu/u_core_top/scoreboard_q_reg[4][csr_src][9]/R","setup"
599,-0.663,5.000,5.223,8,"student_top_inst/Core_cpu/u_core_top/u_dcache/u_tag_bank/mem_q_reg/CLKBWRCLK","student_top_inst/Core_cpu/u_core_top/scoreboard_q_reg[4][csr_src][11]/R","setup"
600,-0.663,5.000,5.223,8,"student_top_inst/Core_cpu/u_core_top/u_dcache/u_tag_bank/mem_q_reg/CLKBWRCLK","student_top_inst/Core_cpu/u_core_top/scoreboard_q_reg[4][csr_src][16]/R","setup"
601,-0.663,5.000,5.223,8,"student_top_inst/Core_cpu/u_core_top/u_dcache/u_tag_bank/mem_q_reg/CLKBWRCLK","student_top_inst/Core_cpu/u_core_top/scoreboard_q_reg[4][csr_src][23]/R","setup"
602,-0.663,5.000,5.223,8,"student_top_inst/Core_cpu/u_core_top/u_dcache/u_tag_bank/mem_q_reg/CLKBWRCLK","student_top_inst/Core_cpu/u_core_top/scoreboard_q_reg[4][csr_src][24]/R","setup"
603,-0.663,5.000,5.223,8,"student_top_inst/Core_cpu/u_core_top/u_dcache/u_tag_bank/mem_q_reg/CLKBWRCLK","student_top_inst/Core_cpu/u_core_top/scoreboard_q_reg[4][csr_src][25]/R","setup"
604,-0.663,5.000,5.223,8,"student_top_inst/Core_cpu/u_core_top/u_dcache/u_tag_bank/mem_q_reg/CLKBWRCLK","student_top_inst/Core_cpu/u_core_top/scoreboard_q_reg[4][csr_src][27]/R","setup"
605,-0.663,5.000,5.223,8,"student_top_inst/Core_cpu/u_core_top/u_dcache/u_tag_bank/mem_q_reg/CLKBWRCLK","student_top_inst/Core_cpu/u_core_top/scoreboard_q_reg[4][csr_src][30]/R","setup"
606,-0.663,5.000,5.223,8,"student_top_inst/Core_cpu/u_core_top/u_dcache/u_tag_bank/mem_q_reg/CLKBWRCLK","student_top_inst/Core_cpu/u_core_top/scoreboard_q_reg[4][csr_src][7]/R","setup"
607,-0.662,5.000,5.140,8,"student_top_inst/Core_cpu/u_core_top/scoreboard_q_reg[3][fu][1]/C","student_top_inst/Core_cpu/u_core_top/u_muldiv/u_div/U0/i_synth/i_has_input_skid.i_2to1/gen_has_z_tready.reg1_b_tdata_reg[18]/CE","setup"
608,-0.662,5.000,5.140,8,"student_top_inst/Core_cpu/u_core_top/scoreboard_q_reg[3][fu][1]/C","student_top_inst/Core_cpu/u_core_top/u_muldiv/u_div/U0/i_synth/i_has_input_skid.i_2to1/gen_has_z_tready.reg1_b_tdata_reg[19]/CE","setup"
609,-0.662,5.000,5.140,8,"student_top_inst/Core_cpu/u_core_top/scoreboard_q_reg[3][fu][1]/C","student_top_inst/Core_cpu/u_core_top/u_muldiv/u_div/U0/i_synth/i_has_input_skid.i_2to1/gen_has_z_tready.reg1_b_tdata_reg[30]/CE","setup"
610,-0.662,5.000,5.140,8,"student_top_inst/Core_cpu/u_core_top/scoreboard_q_reg[3][fu][1]/C","student_top_inst/Core_cpu/u_core_top/u_muldiv/u_div/U0/i_synth/i_has_input_skid.i_2to1/gen_has_z_tready.reg1_b_tdata_reg[31]/CE","setup"
611,-0.662,5.000,5.297,10,"student_top_inst/Core_cpu/u_core_top/scoreboard_q_reg[3][fu][1]/C","student_top_inst/Core_cpu/u_core_top/scoreboard_q_reg[0][exception_tval][19]/CE","setup"
612,-0.660,5.000,5.556,10,"student_top_inst/Core_cpu/u_core_top/u_dcache/u_tag_bank/mem_q_reg/CLKBWRCLK","student_top_inst/Core_cpu/u_core_top/exec_q_reg[op2][17]/D","setup"
613,-0.660,5.000,5.364,10,"student_top_inst/Core_cpu/u_core_top/u_dcache/u_tag_bank/mem_q_reg/CLKBWRCLK","student_top_inst/Core_cpu/u_core_top/u_dcache/lookup_store_data_q_reg[10]/CE","setup"
614,-0.660,5.000,5.364,10,"student_top_inst/Core_cpu/u_core_top/u_dcache/u_tag_bank/mem_q_reg/CLKBWRCLK","student_top_inst/Core_cpu/u_core_top/u_dcache/lookup_store_data_q_reg[18]/CE","setup"
615,-0.657,5.000,5.552,10,"student_top_inst/Core_cpu/u_core_top/u_dcache/u_tag_bank/mem_q_reg/CLKBWRCLK","student_top_inst/Core_cpu/u_core_top/scoreboard_q_reg[7][result][30]/D","setup"
616,-0.656,5.000,5.557,10,"student_top_inst/Core_cpu/u_core_top/u_dcache/u_tag_bank/mem_q_reg/CLKBWRCLK","student_top_inst/Core_cpu/u_core_top/exec_q_reg[op1][14]/D","setup"
617,-0.656,5.000,5.217,8,"student_top_inst/Core_cpu/u_core_top/u_dcache/u_tag_bank/mem_q_reg/CLKBWRCLK","student_top_inst/Core_cpu/u_core_top/u_dcache/g_data_bank[3].u_data_bank/mem_q_reg_0/ENBWREN","setup"
618,-0.655,5.000,5.110,8,"student_top_inst/Core_cpu/u_core_top/scoreboard_q_reg[3][fu][1]/C","student_top_inst/Core_cpu/u_core_top/u_muldiv/u_div/U0/i_synth/i_has_input_skid.i_2to1/gen_has_z_tready.reg1_b_tdata_reg[10]/CE","setup"
619,-0.655,5.000,5.110,8,"student_top_inst/Core_cpu/u_core_top/scoreboard_q_reg[3][fu][1]/C","student_top_inst/Core_cpu/u_core_top/u_muldiv/u_div/U0/i_synth/i_has_input_skid.i_2to1/gen_has_z_tready.reg1_b_tdata_reg[11]/CE","setup"
620,-0.653,5.000,5.341,10,"student_top_inst/Core_cpu/u_core_top/u_dcache/u_tag_bank/mem_q_reg/CLKBWRCLK","student_top_inst/Core_cpu/u_core_top/load_q_reg[0][addr][27]/CE","setup"
621,-0.653,5.000,5.341,10,"student_top_inst/Core_cpu/u_core_top/u_dcache/u_tag_bank/mem_q_reg/CLKBWRCLK","student_top_inst/Core_cpu/u_core_top/load_q_reg[0][addr][31]/CE","setup"
622,-0.653,5.000,5.341,10,"student_top_inst/Core_cpu/u_core_top/u_dcache/u_tag_bank/mem_q_reg/CLKBWRCLK","student_top_inst/Core_cpu/u_core_top/load_q_reg[0][forward_mask][2]/CE","setup"
623,-0.653,5.000,5.341,10,"student_top_inst/Core_cpu/u_core_top/u_dcache/u_tag_bank/mem_q_reg/CLKBWRCLK","student_top_inst/Core_cpu/u_core_top/load_q_reg[0][trans_id][2]/CE","setup"
624,-0.651,5.000,5.316,9,"student_top_inst/Core_cpu/u_core_top/u_dcache/u_tag_bank/mem_q_reg/CLKBWRCLK","student_top_inst/Core_cpu/u_core_top/load_active_meta_q_reg[forward_data][11]/CE","setup"
625,-0.651,5.000,5.316,9,"student_top_inst/Core_cpu/u_core_top/u_dcache/u_tag_bank/mem_q_reg/CLKBWRCLK","student_top_inst/Core_cpu/u_core_top/load_active_meta_q_reg[forward_data][2]/CE","setup"
626,-0.651,5.000,5.316,9,"student_top_inst/Core_cpu/u_core_top/u_dcache/u_tag_bank/mem_q_reg/CLKBWRCLK","student_top_inst/Core_cpu/u_core_top/load_active_meta_q_reg[forward_data][30]/CE","setup"
627,-0.651,5.000,5.316,9,"student_top_inst/Core_cpu/u_core_top/u_dcache/u_tag_bank/mem_q_reg/CLKBWRCLK","student_top_inst/Core_cpu/u_core_top/load_active_meta_q_reg[forward_data][7]/CE","setup"
628,-0.649,5.000,5.312,8,"student_top_inst/Core_cpu/u_core_top/u_dcache/u_tag_bank/mem_q_reg/CLKBWRCLK","student_top_inst/Core_cpu/u_core_top/scoreboard_q_reg[7][exception_tval][12]/CE","setup"
629,-0.649,5.000,5.312,8,"student_top_inst/Core_cpu/u_core_top/u_dcache/u_tag_bank/mem_q_reg/CLKBWRCLK","student_top_inst/Core_cpu/u_core_top/scoreboard_q_reg[7][exception_tval][19]/CE","setup"
630,-0.649,5.000,5.312,8,"student_top_inst/Core_cpu/u_core_top/u_dcache/u_tag_bank/mem_q_reg/CLKBWRCLK","student_top_inst/Core_cpu/u_core_top/scoreboard_q_reg[7][exception_tval][1]/CE","setup"
631,-0.649,5.000,5.312,8,"student_top_inst/Core_cpu/u_core_top/u_dcache/u_tag_bank/mem_q_reg/CLKBWRCLK","student_top_inst/Core_cpu/u_core_top/scoreboard_q_reg[7][exception_tval][29]/CE","setup"
632,-0.649,5.000,5.355,10,"student_top_inst/Core_cpu/u_core_top/u_dcache/u_tag_bank/mem_q_reg/CLKBWRCLK","student_top_inst/Core_cpu/u_core_top/u_dcache/lookup_store_data_q_reg[27]/CE","setup"
633,-0.649,5.000,5.355,10,"student_top_inst/Core_cpu/u_core_top/u_dcache/u_tag_bank/mem_q_reg/CLKBWRCLK","student_top_inst/Core_cpu/u_core_top/u_dcache/lookup_store_data_q_reg[29]/CE","setup"
634,-0.649,5.000,5.355,10,"student_top_inst/Core_cpu/u_core_top/u_dcache/u_tag_bank/mem_q_reg/CLKBWRCLK","student_top_inst/Core_cpu/u_core_top/u_dcache/lookup_store_mask_q_reg[1]/CE","setup"
635,-0.649,5.000,5.355,10,"student_top_inst/Core_cpu/u_core_top/u_dcache/u_tag_bank/mem_q_reg/CLKBWRCLK","student_top_inst/Core_cpu/u_core_top/u_dcache/lookup_store_mask_q_reg[2]/CE","setup"
636,-0.649,5.000,5.355,10,"student_top_inst/Core_cpu/u_core_top/u_dcache/u_tag_bank/mem_q_reg/CLKBWRCLK","student_top_inst/Core_cpu/u_core_top/u_dcache/lookup_store_mask_q_reg[3]/CE","setup"
637,-0.649,5.000,5.355,10,"student_top_inst/Core_cpu/u_core_top/u_dcache/u_tag_bank/mem_q_reg/CLKBWRCLK","student_top_inst/Core_cpu/u_core_top/u_dcache/lookup_tag_q_reg[18]/CE","setup"
638,-0.649,5.000,5.355,10,"student_top_inst/Core_cpu/u_core_top/u_dcache/u_tag_bank/mem_q_reg/CLKBWRCLK","student_top_inst/Core_cpu/u_core_top/u_dcache/lookup_tag_q_reg[23]/CE","setup"
639,-0.647,5.000,5.329,8,"student_top_inst/Core_cpu/u_core_top/u_dcache/u_tag_bank/mem_q_reg/CLKBWRCLK","student_top_inst/Core_cpu/u_core_top/scoreboard_q_reg[5][exception_tval][12]/CE","setup"
640,-0.647,5.000,5.329,8,"student_top_inst/Core_cpu/u_core_top/u_dcache/u_tag_bank/mem_q_reg/CLKBWRCLK","student_top_inst/Core_cpu/u_core_top/scoreboard_q_reg[5][exception_tval][25]/CE","setup"
641,-0.646,5.000,5.282,8,"student_top_inst/Core_cpu/u_core_top/u_dcache/u_tag_bank/mem_q_reg/CLKBWRCLK","student_top_inst/Core_cpu/u_core_top/u_dcache/g_data_bank[3].u_data_bank/mem_q_reg_1/ENBWREN","setup"
642,-0.645,5.000,5.306,8,"student_top_inst/Core_cpu/u_core_top/u_dcache/u_tag_bank/mem_q_reg/CLKBWRCLK","student_top_inst/Core_cpu/u_core_top/scoreboard_q_reg[5][exception_tval][10]/CE","setup"
643,-0.645,5.000,5.306,8,"student_top_inst/Core_cpu/u_core_top/u_dcache/u_tag_bank/mem_q_reg/CLKBWRCLK","student_top_inst/Core_cpu/u_core_top/scoreboard_q_reg[5][exception_tval][1]/CE","setup"
644,-0.645,5.000,5.306,8,"student_top_inst/Core_cpu/u_core_top/u_dcache/u_tag_bank/mem_q_reg/CLKBWRCLK","student_top_inst/Core_cpu/u_core_top/scoreboard_q_reg[5][exception_tval][29]/CE","setup"
645,-0.645,5.000,5.306,8,"student_top_inst/Core_cpu/u_core_top/u_dcache/u_tag_bank/mem_q_reg/CLKBWRCLK","student_top_inst/Core_cpu/u_core_top/scoreboard_q_reg[5][exception_tval][31]/CE","setup"
646,-0.644,5.000,5.541,10,"student_top_inst/Core_cpu/u_core_top/u_dcache/u_tag_bank/mem_q_reg/CLKBWRCLK","student_top_inst/Core_cpu/u_core_top/exec_q_reg[op1][24]/D","setup"
647,-0.643,5.000,5.535,10,"student_top_inst/Core_cpu/u_core_top/u_dcache/u_tag_bank/mem_q_reg/CLKBWRCLK","student_top_inst/Core_cpu/u_core_top/scoreboard_q_reg[4][result][26]/D","setup"
648,-0.636,5.000,5.536,10,"student_top_inst/Core_cpu/u_core_top/u_dcache/u_tag_bank/mem_q_reg/CLKBWRCLK","student_top_inst/Core_cpu/u_core_top/exec_q_reg[op1][30]/D","setup"
649,-0.635,5.000,5.355,10,"student_top_inst/Core_cpu/u_core_top/scoreboard_q_reg[3][fu][1]/C","student_top_inst/Core_cpu/u_core_top/scoreboard_q_reg[6][exception_cause][0]/CE","setup"
650,-0.635,5.000,5.355,10,"student_top_inst/Core_cpu/u_core_top/scoreboard_q_reg[3][fu][1]/C","student_top_inst/Core_cpu/u_core_top/scoreboard_q_reg[6][exception_cause][3]/CE","setup"
651,-0.635,5.000,4.836,0,"student_top_inst/cpu_rst_sync_reg/C","student_top_inst/Core_cpu/u_core_top/u_muldiv/op_q_reg[2]/R","setup"
652,-0.633,5.000,5.532,10,"student_top_inst/Core_cpu/u_core_top/u_dcache/u_tag_bank/mem_q_reg/CLKBWRCLK","student_top_inst/Core_cpu/u_core_top/exec_q_reg[op2][26]/D","setup"
653,-0.633,5.000,5.568,11,"student_top_inst/Core_cpu/u_core_top/u_dcache/u_tag_bank/mem_q_reg/CLKBWRCLK","student_top_inst/Core_cpu/u_core_top/exec_mem_addr_q_reg[5]/D","setup"
654,-0.632,5.000,5.265,9,"student_top_inst/Core_cpu/u_core_top/scoreboard_q_reg[3][fu][1]/C","student_top_inst/Core_cpu/u_core_top/scoreboard_q_reg[6][csr_addr][2]/CE","setup"
655,-0.632,5.000,5.265,9,"student_top_inst/Core_cpu/u_core_top/scoreboard_q_reg[3][fu][1]/C","student_top_inst/Core_cpu/u_core_top/scoreboard_q_reg[6][csr_addr][9]/CE","setup"
656,-0.631,5.000,5.524,10,"student_top_inst/Core_cpu/u_core_top/u_dcache/u_tag_bank/mem_q_reg/CLKBWRCLK","student_top_inst/Core_cpu/u_core_top/scoreboard_q_reg[0][result][27]/D","setup"
657,-0.630,5.000,5.530,10,"student_top_inst/Core_cpu/u_core_top/u_dcache/u_tag_bank/mem_q_reg/CLKBWRCLK","student_top_inst/Core_cpu/u_core_top/exec_q_reg[op1][23]/D","setup"
658,-0.629,5.000,5.294,8,"student_top_inst/Core_cpu/u_core_top/u_dcache/u_tag_bank/mem_q_reg/CLKBWRCLK","student_top_inst/Core_cpu/u_core_top/exec_q_reg[uop][uses_rs2]/CE","setup"
659,-0.629,5.000,5.184,8,"student_top_inst/Core_cpu/u_core_top/u_dcache/u_tag_bank/mem_q_reg/CLKBWRCLK","student_top_inst/Core_cpu/u_core_top/scoreboard_q_reg[5][csr_src][13]/R","setup"
660,-0.629,5.000,5.184,8,"student_top_inst/Core_cpu/u_core_top/u_dcache/u_tag_bank/mem_q_reg/CLKBWRCLK","student_top_inst/Core_cpu/u_core_top/scoreboard_q_reg[5][csr_src][17]/R","setup"
661,-0.629,5.000,5.184,8,"student_top_inst/Core_cpu/u_core_top/u_dcache/u_tag_bank/mem_q_reg/CLKBWRCLK","student_top_inst/Core_cpu/u_core_top/scoreboard_q_reg[5][csr_src][1]/R","setup"
662,-0.629,5.000,5.553,10,"student_top_inst/Core_cpu/u_core_top/u_dcache/u_tag_bank/mem_q_reg/CLKBWRCLK","student_top_inst/Core_cpu/u_core_top/scoreboard_q_reg[4][result][27]/D","setup"
663,-0.627,5.000,5.526,10,"student_top_inst/Core_cpu/u_core_top/u_dcache/u_tag_bank/mem_q_reg/CLKBWRCLK","student_top_inst/Core_cpu/u_core_top/exec_q_reg[op1][12]/D","setup"
664,-0.625,5.000,5.014,0,"student_top_inst/cpu_rst_sync_reg/C","student_top_inst/Core_cpu/u_core_top/u_csr/mscratch_q_reg[15]/R","setup"
665,-0.625,5.000,5.014,0,"student_top_inst/cpu_rst_sync_reg/C","student_top_inst/Core_cpu/u_core_top/u_csr/mscratch_q_reg[20]/R","setup"
666,-0.625,5.000,5.014,0,"student_top_inst/cpu_rst_sync_reg/C","student_top_inst/Core_cpu/u_core_top/u_csr/mscratch_q_reg[22]/R","setup"
667,-0.625,5.000,5.284,8,"student_top_inst/Core_cpu/u_core_top/u_dcache/u_tag_bank/mem_q_reg/CLKBWRCLK","student_top_inst/Core_cpu/u_core_top/scoreboard_q_reg[4][exception_cause][1]/CE","setup"
668,-0.625,5.000,5.284,8,"student_top_inst/Core_cpu/u_core_top/u_dcache/u_tag_bank/mem_q_reg/CLKBWRCLK","student_top_inst/Core_cpu/u_core_top/scoreboard_q_reg[4][exception_tval][3]/CE","setup"
669,-0.625,5.000,5.284,8,"student_top_inst/Core_cpu/u_core_top/u_dcache/u_tag_bank/mem_q_reg/CLKBWRCLK","student_top_inst/Core_cpu/u_core_top/scoreboard_q_reg[4][exception_tval][5]/CE","setup"
670,-0.625,5.000,5.284,8,"student_top_inst/Core_cpu/u_core_top/u_dcache/u_tag_bank/mem_q_reg/CLKBWRCLK","student_top_inst/Core_cpu/u_core_top/scoreboard_q_reg[4][exception_tval][6]/CE","setup"
671,-0.625,5.000,5.526,9,"student_top_inst/Core_cpu/u_core_top/u_dcache/u_tag_bank/mem_q_reg/CLKBWRCLK","student_top_inst/Core_cpu/u_core_top/exec_q_reg[op2][1]/D","setup"
672,-0.624,5.000,5.302,8,"student_top_inst/Core_cpu/u_core_top/u_dcache/u_tag_bank/mem_q_reg/CLKBWRCLK","student_top_inst/Core_cpu/u_core_top/scoreboard_q_reg[3][exception_tval][12]/CE","setup"
673,-0.624,5.000,5.302,8,"student_top_inst/Core_cpu/u_core_top/u_dcache/u_tag_bank/mem_q_reg/CLKBWRCLK","student_top_inst/Core_cpu/u_core_top/scoreboard_q_reg[3][exception_tval][26]/CE","setup"
674,-0.624,5.000,5.522,10,"student_top_inst/Core_cpu/u_core_top/u_dcache/u_tag_bank/mem_q_reg/CLKBWRCLK","student_top_inst/Core_cpu/u_core_top/exec_q_reg[op2][8]/D","setup"
675,-0.624,5.000,5.551,8,"student_top_inst/Core_cpu/u_core_top/u_dcache/u_tag_bank/mem_q_reg/CLKBWRCLK","student_top_inst/Core_cpu/u_core_top/scoreboard_q_reg[0][result][3]/D","setup"
676,-0.623,5.000,5.182,7,"student_top_inst/Core_cpu/u_core_top/u_dcache/u_tag_bank/mem_q_reg/CLKBWRCLK","student_top_inst/Core_cpu/u_core_top/scoreboard_q_reg[1][csr_src][13]/R","setup"
677,-0.623,5.000,5.182,7,"student_top_inst/Core_cpu/u_core_top/u_dcache/u_tag_bank/mem_q_reg/CLKBWRCLK","student_top_inst/Core_cpu/u_core_top/scoreboard_q_reg[1][csr_src][16]/R","setup"
678,-0.623,5.000,5.182,7,"student_top_inst/Core_cpu/u_core_top/u_dcache/u_tag_bank/mem_q_reg/CLKBWRCLK","student_top_inst/Core_cpu/u_core_top/scoreboard_q_reg[1][csr_src][21]/R","setup"
679,-0.623,5.000,5.182,7,"student_top_inst/Core_cpu/u_core_top/u_dcache/u_tag_bank/mem_q_reg/CLKBWRCLK","student_top_inst/Core_cpu/u_core_top/scoreboard_q_reg[1][csr_src][22]/R","setup"
680,-0.623,5.000,5.182,7,"student_top_inst/Core_cpu/u_core_top/u_dcache/u_tag_bank/mem_q_reg/CLKBWRCLK","student_top_inst/Core_cpu/u_core_top/scoreboard_q_reg[1][csr_src][24]/R","setup"
681,-0.623,5.000,5.011,0,"student_top_inst/cpu_rst_sync_reg/C","student_top_inst/Core_cpu/u_core_top/u_csr/mstatus_q_reg[15]/R","setup"
682,-0.623,5.000,5.011,0,"student_top_inst/cpu_rst_sync_reg/C","student_top_inst/Core_cpu/u_core_top/u_csr/mstatus_q_reg[22]/R","setup"
683,-0.621,5.000,5.467,8,"student_top_inst/Core_cpu/u_core_top/u_dcache/u_tag_bank/mem_q_reg/CLKBWRCLK","student_top_inst/Core_cpu/u_core_top/scoreboard_q_reg[2][exception_tval][2]/D","setup"
684,-0.621,5.000,5.513,10,"student_top_inst/Core_cpu/u_core_top/u_dcache/u_tag_bank/mem_q_reg/CLKBWRCLK","student_top_inst/Core_cpu/u_core_top/scoreboard_q_reg[0][result][28]/D","setup"
685,-0.621,5.000,5.520,9,"student_top_inst/Core_cpu/u_core_top/u_dcache/u_tag_bank/mem_q_reg/CLKBWRCLK","student_top_inst/Core_cpu/u_core_top/exec_q_reg[op2][4]/D","setup"
686,-0.621,5.000,5.220,8,"student_top_inst/Core_cpu/u_core_top/u_dcache/u_tag_bank/mem_q_reg/CLKBWRCLK","student_top_inst/Core_cpu/u_core_top/scoreboard_q_reg[3][exception_tval][30]/CE","setup"
687,-0.619,5.000,5.305,8,"student_top_inst/Core_cpu/u_core_top/u_dcache/u_tag_bank/mem_q_reg/CLKBWRCLK","student_top_inst/Core_cpu/u_core_top/scoreboard_q_reg[7][exception_tval][13]/CE","setup"
688,-0.619,5.000,5.305,8,"student_top_inst/Core_cpu/u_core_top/u_dcache/u_tag_bank/mem_q_reg/CLKBWRCLK","student_top_inst/Core_cpu/u_core_top/scoreboard_q_reg[7][exception_tval][24]/CE","setup"
689,-0.619,5.000,5.305,8,"student_top_inst/Core_cpu/u_core_top/u_dcache/u_tag_bank/mem_q_reg/CLKBWRCLK","student_top_inst/Core_cpu/u_core_top/scoreboard_q_reg[7][exception_tval][27]/CE","setup"
690,-0.619,5.000,5.305,8,"student_top_inst/Core_cpu/u_core_top/u_dcache/u_tag_bank/mem_q_reg/CLKBWRCLK","student_top_inst/Core_cpu/u_core_top/scoreboard_q_reg[7][exception_tval][31]/CE","setup"
691,-0.619,5.000,5.554,11,"student_top_inst/Core_cpu/u_core_top/u_dcache/u_tag_bank/mem_q_reg/CLKBWRCLK","student_top_inst/Core_cpu/u_core_top/exec_mem_addr_q_reg[7]/D","setup"
692,-0.619,5.000,5.282,7,"student_top_inst/Core_cpu/u_core_top/u_dcache/u_tag_bank/mem_q_reg/CLKBWRCLK","student_top_inst/Core_cpu/u_core_top/scoreboard_q_reg[3][result][2]/CE","setup"
693,-0.618,5.000,5.302,8,"student_top_inst/Core_cpu/u_core_top/u_dcache/u_tag_bank/mem_q_reg/CLKBWRCLK","student_top_inst/Core_cpu/u_core_top/scoreboard_q_reg[5][exception_tval][13]/CE","setup"
694,-0.618,5.000,5.302,8,"student_top_inst/Core_cpu/u_core_top/u_dcache/u_tag_bank/mem_q_reg/CLKBWRCLK","student_top_inst/Core_cpu/u_core_top/scoreboard_q_reg[5][exception_tval][24]/CE","setup"
695,-0.618,5.000,5.302,8,"student_top_inst/Core_cpu/u_core_top/u_dcache/u_tag_bank/mem_q_reg/CLKBWRCLK","student_top_inst/Core_cpu/u_core_top/scoreboard_q_reg[5][exception_tval][27]/CE","setup"
696,-0.618,5.000,5.302,8,"student_top_inst/Core_cpu/u_core_top/u_dcache/u_tag_bank/mem_q_reg/CLKBWRCLK","student_top_inst/Core_cpu/u_core_top/scoreboard_q_reg[5][exception_tval][9]/CE","setup"
697,-0.618,5.000,5.308,8,"student_top_inst/Core_cpu/u_core_top/u_dcache/u_tag_bank/mem_q_reg/CLKBWRCLK","student_top_inst/Core_cpu/u_core_top/exec_q_reg[op2][13]/CE","setup"
698,-0.618,5.000,5.308,8,"student_top_inst/Core_cpu/u_core_top/u_dcache/u_tag_bank/mem_q_reg/CLKBWRCLK","student_top_inst/Core_cpu/u_core_top/exec_q_reg[op2][5]/CE","setup"
699,-0.614,5.000,5.541,10,"student_top_inst/Core_cpu/u_core_top/u_dcache/u_tag_bank/mem_q_reg/CLKBWRCLK","student_top_inst/Core_cpu/u_core_top/scoreboard_q_reg[3][result][26]/D","setup"
700,-0.614,5.000,4.816,0,"student_top_inst/cpu_rst_sync_reg/C","student_top_inst/Core_cpu/u_core_top/u_muldiv/a_q_reg[16]/R","setup"
701,-0.614,5.000,4.816,0,"student_top_inst/cpu_rst_sync_reg/C","student_top_inst/Core_cpu/u_core_top/u_muldiv/a_q_reg[17]/R","setup"
702,-0.614,5.000,4.816,0,"student_top_inst/cpu_rst_sync_reg/C","student_top_inst/Core_cpu/u_core_top/u_muldiv/a_q_reg[18]/R","setup"
703,-0.614,5.000,4.816,0,"student_top_inst/cpu_rst_sync_reg/C","student_top_inst/Core_cpu/u_core_top/u_muldiv/a_q_reg[19]/R","setup"
704,-0.613,5.000,5.168,8,"student_top_inst/Core_cpu/u_core_top/u_dcache/u_tag_bank/mem_q_reg/CLKBWRCLK","student_top_inst/Core_cpu/u_core_top/scoreboard_q_reg[3][csr_src][16]/R","setup"
705,-0.613,5.000,5.168,8,"student_top_inst/Core_cpu/u_core_top/u_dcache/u_tag_bank/mem_q_reg/CLKBWRCLK","student_top_inst/Core_cpu/u_core_top/scoreboard_q_reg[3][csr_src][17]/R","setup"
706,-0.613,5.000,5.168,8,"student_top_inst/Core_cpu/u_core_top/u_dcache/u_tag_bank/mem_q_reg/CLKBWRCLK","student_top_inst/Core_cpu/u_core_top/scoreboard_q_reg[3][csr_src][19]/R","setup"
707,-0.613,5.000,5.168,8,"student_top_inst/Core_cpu/u_core_top/u_dcache/u_tag_bank/mem_q_reg/CLKBWRCLK","student_top_inst/Core_cpu/u_core_top/scoreboard_q_reg[3][csr_src][21]/R","setup"
708,-0.613,5.000,5.168,8,"student_top_inst/Core_cpu/u_core_top/u_dcache/u_tag_bank/mem_q_reg/CLKBWRCLK","student_top_inst/Core_cpu/u_core_top/scoreboard_q_reg[3][csr_src][23]/R","setup"
709,-0.613,5.000,5.168,8,"student_top_inst/Core_cpu/u_core_top/u_dcache/u_tag_bank/mem_q_reg/CLKBWRCLK","student_top_inst/Core_cpu/u_core_top/scoreboard_q_reg[3][csr_src][27]/R","setup"
710,-0.613,5.000,5.168,8,"student_top_inst/Core_cpu/u_core_top/u_dcache/u_tag_bank/mem_q_reg/CLKBWRCLK","student_top_inst/Core_cpu/u_core_top/scoreboard_q_reg[3][csr_src][3]/R","setup"
711,-0.613,5.000,5.505,8,"student_top_inst/Core_cpu/u_core_top/u_dcache/u_tag_bank/mem_q_reg/CLKBWRCLK","student_top_inst/Core_cpu/u_core_top/scoreboard_q_reg[2][result][3]/D","setup"
712,-0.612,5.000,5.194,7,"student_top_inst/Core_cpu/u_core_top/u_dcache/u_tag_bank/mem_q_reg/CLKBWRCLK","student_top_inst/Core_cpu/u_core_top/scoreboard_q_reg[1][csr_src][11]/R","setup"
713,-0.612,5.000,5.194,7,"student_top_inst/Core_cpu/u_core_top/u_dcache/u_tag_bank/mem_q_reg/CLKBWRCLK","student_top_inst/Core_cpu/u_core_top/scoreboard_q_reg[1][csr_src][18]/R","setup"
714,-0.612,5.000,5.194,7,"student_top_inst/Core_cpu/u_core_top/u_dcache/u_tag_bank/mem_q_reg/CLKBWRCLK","student_top_inst/Core_cpu/u_core_top/scoreboard_q_reg[1][csr_src][20]/R","setup"
715,-0.612,5.000,5.194,7,"student_top_inst/Core_cpu/u_core_top/u_dcache/u_tag_bank/mem_q_reg/CLKBWRCLK","student_top_inst/Core_cpu/u_core_top/scoreboard_q_reg[1][csr_src][23]/R","setup"
716,-0.612,5.000,5.194,7,"student_top_inst/Core_cpu/u_core_top/u_dcache/u_tag_bank/mem_q_reg/CLKBWRCLK","student_top_inst/Core_cpu/u_core_top/scoreboard_q_reg[1][csr_src][25]/R","setup"
717,-0.612,5.000,5.194,7,"student_top_inst/Core_cpu/u_core_top/u_dcache/u_tag_bank/mem_q_reg/CLKBWRCLK","student_top_inst/Core_cpu/u_core_top/scoreboard_q_reg[1][csr_src][27]/R","setup"
718,-0.612,5.000,5.194,7,"student_top_inst/Core_cpu/u_core_top/u_dcache/u_tag_bank/mem_q_reg/CLKBWRCLK","student_top_inst/Core_cpu/u_core_top/scoreboard_q_reg[1][csr_src][6]/R","setup"
719,-0.612,5.000,5.194,7,"student_top_inst/Core_cpu/u_core_top/u_dcache/u_tag_bank/mem_q_reg/CLKBWRCLK","student_top_inst/Core_cpu/u_core_top/scoreboard_q_reg[1][csr_src][7]/R","setup"
720,-0.609,5.000,5.169,7,"student_top_inst/Core_cpu/u_core_top/u_dcache/u_tag_bank/mem_q_reg/CLKBWRCLK","student_top_inst/Core_cpu/u_core_top/scoreboard_q_reg[7][result][25]/R","setup"
721,-0.609,5.000,5.169,7,"student_top_inst/Core_cpu/u_core_top/u_dcache/u_tag_bank/mem_q_reg/CLKBWRCLK","student_top_inst/Core_cpu/u_core_top/scoreboard_q_reg[7][result][29]/R","setup"
722,-0.609,5.000,5.169,7,"student_top_inst/Core_cpu/u_core_top/u_dcache/u_tag_bank/mem_q_reg/CLKBWRCLK","student_top_inst/Core_cpu/u_core_top/scoreboard_q_reg[7][result][8]/R","setup"
723,-0.608,5.000,5.530,10,"student_top_inst/Core_cpu/u_core_top/u_dcache/u_tag_bank/mem_q_reg/CLKBWRCLK","student_top_inst/Core_cpu/u_core_top/scoreboard_q_reg[6][result][28]/D","setup"
724,-0.607,5.000,4.810,0,"student_top_inst/cpu_rst_sync_reg/C","student_top_inst/Core_cpu/u_core_top/u_muldiv/a_q_reg[23]/R","setup"
725,-0.607,5.000,5.165,7,"student_top_inst/Core_cpu/u_core_top/u_dcache/u_tag_bank/mem_q_reg/CLKBWRCLK","student_top_inst/Core_cpu/u_core_top/scoreboard_q_reg[1][csr_src][3]/R","setup"
726,-0.607,5.000,5.165,7,"student_top_inst/Core_cpu/u_core_top/u_dcache/u_tag_bank/mem_q_reg/CLKBWRCLK","student_top_inst/Core_cpu/u_core_top/scoreboard_q_reg[1][csr_src][5]/R","setup"
727,-0.607,5.000,5.165,7,"student_top_inst/Core_cpu/u_core_top/u_dcache/u_tag_bank/mem_q_reg/CLKBWRCLK","student_top_inst/Core_cpu/u_core_top/scoreboard_q_reg[1][csr_src][8]/R","setup"
728,-0.606,5.000,5.226,10,"student_top_inst/Core_cpu/u_core_top/scoreboard_q_reg[3][fu][1]/C","student_top_inst/Core_cpu/u_core_top/scoreboard_q_reg[6][csr_src][15]/R","setup"
729,-0.606,5.000,5.182,8,"student_top_inst/Core_cpu/u_core_top/u_dcache/u_tag_bank/mem_q_reg/CLKBWRCLK","student_top_inst/Core_cpu/u_core_top/scoreboard_q_reg[7][csr_src][11]/R","setup"
730,-0.606,5.000,5.182,8,"student_top_inst/Core_cpu/u_core_top/u_dcache/u_tag_bank/mem_q_reg/CLKBWRCLK","student_top_inst/Core_cpu/u_core_top/scoreboard_q_reg[7][csr_src][16]/R","setup"
731,-0.606,5.000,5.182,8,"student_top_inst/Core_cpu/u_core_top/u_dcache/u_tag_bank/mem_q_reg/CLKBWRCLK","student_top_inst/Core_cpu/u_core_top/scoreboard_q_reg[7][csr_src][18]/R","setup"
732,-0.606,5.000,5.182,8,"student_top_inst/Core_cpu/u_core_top/u_dcache/u_tag_bank/mem_q_reg/CLKBWRCLK","student_top_inst/Core_cpu/u_core_top/scoreboard_q_reg[7][csr_src][23]/R","setup"
733,-0.606,5.000,5.182,8,"student_top_inst/Core_cpu/u_core_top/u_dcache/u_tag_bank/mem_q_reg/CLKBWRCLK","student_top_inst/Core_cpu/u_core_top/scoreboard_q_reg[7][csr_src][25]/R","setup"
734,-0.606,5.000,5.182,8,"student_top_inst/Core_cpu/u_core_top/u_dcache/u_tag_bank/mem_q_reg/CLKBWRCLK","student_top_inst/Core_cpu/u_core_top/scoreboard_q_reg[7][csr_src][29]/R","setup"
735,-0.606,5.000,5.182,8,"student_top_inst/Core_cpu/u_core_top/u_dcache/u_tag_bank/mem_q_reg/CLKBWRCLK","student_top_inst/Core_cpu/u_core_top/scoreboard_q_reg[7][csr_src][7]/R","setup"
736,-0.606,5.000,5.182,8,"student_top_inst/Core_cpu/u_core_top/u_dcache/u_tag_bank/mem_q_reg/CLKBWRCLK","student_top_inst/Core_cpu/u_core_top/scoreboard_q_reg[7][csr_src][9]/R","setup"
737,-0.605,5.000,5.163,7,"student_top_inst/Core_cpu/u_core_top/u_dcache/u_tag_bank/mem_q_reg/CLKBWRCLK","student_top_inst/Core_cpu/u_core_top/scoreboard_q_reg[1][csr_src][10]/R","setup"
738,-0.605,5.000,5.163,7,"student_top_inst/Core_cpu/u_core_top/u_dcache/u_tag_bank/mem_q_reg/CLKBWRCLK","student_top_inst/Core_cpu/u_core_top/scoreboard_q_reg[1][csr_src][15]/R","setup"
739,-0.605,5.000,5.163,7,"student_top_inst/Core_cpu/u_core_top/u_dcache/u_tag_bank/mem_q_reg/CLKBWRCLK","student_top_inst/Core_cpu/u_core_top/scoreboard_q_reg[1][csr_src][17]/R","setup"
740,-0.605,5.000,5.163,7,"student_top_inst/Core_cpu/u_core_top/u_dcache/u_tag_bank/mem_q_reg/CLKBWRCLK","student_top_inst/Core_cpu/u_core_top/scoreboard_q_reg[1][csr_src][1]/R","setup"
741,-0.605,5.000,5.163,7,"student_top_inst/Core_cpu/u_core_top/u_dcache/u_tag_bank/mem_q_reg/CLKBWRCLK","student_top_inst/Core_cpu/u_core_top/scoreboard_q_reg[1][csr_src][26]/R","setup"
742,-0.605,5.000,5.163,7,"student_top_inst/Core_cpu/u_core_top/u_dcache/u_tag_bank/mem_q_reg/CLKBWRCLK","student_top_inst/Core_cpu/u_core_top/scoreboard_q_reg[1][csr_src][28]/R","setup"
743,-0.605,5.000,5.163,7,"student_top_inst/Core_cpu/u_core_top/u_dcache/u_tag_bank/mem_q_reg/CLKBWRCLK","student_top_inst/Core_cpu/u_core_top/scoreboard_q_reg[1][csr_src][4]/R","setup"
744,-0.605,5.000,5.200,7,"student_top_inst/Core_cpu/u_core_top/u_dcache/u_tag_bank/mem_q_reg/CLKBWRCLK","student_top_inst/Core_cpu/u_core_top/scoreboard_q_reg[3][csr_addr][7]/CE","setup"
745,-0.604,5.000,5.496,10,"student_top_inst/Core_cpu/u_core_top/u_dcache/u_tag_bank/mem_q_reg/CLKBWRCLK","student_top_inst/Core_cpu/u_core_top/scoreboard_q_reg[7][result][24]/D","setup"
746,-0.602,5.000,5.266,8,"student_top_inst/Core_cpu/u_core_top/u_dcache/u_tag_bank/mem_q_reg/CLKBWRCLK","student_top_inst/Core_cpu/u_core_top/exec_q_reg[op2][3]/CE","setup"
747,-0.602,5.000,5.504,10,"student_top_inst/Core_cpu/u_core_top/u_dcache/u_tag_bank/mem_q_reg/CLKBWRCLK","student_top_inst/Core_cpu/u_core_top/exec_q_reg[op2][23]/D","setup"
748,-0.602,5.000,5.453,8,"student_top_inst/Core_cpu/u_core_top/u_dcache/u_tag_bank/mem_q_reg/CLKBWRCLK","student_top_inst/Core_cpu/u_core_top/scoreboard_q_reg[7][exception_cause][1]/D","setup"
749,-0.601,5.000,5.295,10,"student_top_inst/Core_cpu/u_core_top/scoreboard_q_reg[3][fu][1]/C","student_top_inst/Core_cpu/u_core_top/scoreboard_q_reg[0][exception_cause][1]/CE","setup"
750,-0.601,5.000,5.295,10,"student_top_inst/Core_cpu/u_core_top/scoreboard_q_reg[3][fu][1]/C","student_top_inst/Core_cpu/u_core_top/scoreboard_q_reg[0][exception_tval][21]/CE","setup"
751,-0.601,5.000,5.295,10,"student_top_inst/Core_cpu/u_core_top/scoreboard_q_reg[3][fu][1]/C","student_top_inst/Core_cpu/u_core_top/scoreboard_q_reg[0][exception_tval][6]/CE","setup"
752,-0.600,5.000,5.456,9,"student_top_inst/Core_cpu/u_core_top/u_dcache/u_tag_bank/mem_q_reg/CLKBWRCLK","student_top_inst/Core_cpu/u_core_top/exec_q_reg[op1][31]/D","setup"
753,-0.600,5.000,5.195,8,"student_top_inst/Core_cpu/u_core_top/u_dcache/u_tag_bank/mem_q_reg/CLKBWRCLK","student_top_inst/Core_cpu/u_core_top/u_dcache/g_data_bank[2].u_data_bank/mem_q_reg_1/ENBWREN","setup"
754,-0.599,5.000,5.161,8,"student_top_inst/Core_cpu/u_core_top/u_dcache/u_tag_bank/mem_q_reg/CLKBWRCLK","student_top_inst/Core_cpu/u_core_top/producer_tid_q_reg_r2_0_31_0_2/RAMA/WE","setup"
755,-0.599,5.000,5.161,8,"student_top_inst/Core_cpu/u_core_top/u_dcache/u_tag_bank/mem_q_reg/CLKBWRCLK","student_top_inst/Core_cpu/u_core_top/producer_tid_q_reg_r2_0_31_0_2/RAMA_D1/WE","setup"
756,-0.599,5.000,5.161,8,"student_top_inst/Core_cpu/u_core_top/u_dcache/u_tag_bank/mem_q_reg/CLKBWRCLK","student_top_inst/Core_cpu/u_core_top/producer_tid_q_reg_r2_0_31_0_2/RAMB/WE","setup"
757,-0.599,5.000,5.161,8,"student_top_inst/Core_cpu/u_core_top/u_dcache/u_tag_bank/mem_q_reg/CLKBWRCLK","student_top_inst/Core_cpu/u_core_top/producer_tid_q_reg_r2_0_31_0_2/RAMB_D1/WE","setup"
758,-0.599,5.000,5.161,8,"student_top_inst/Core_cpu/u_core_top/u_dcache/u_tag_bank/mem_q_reg/CLKBWRCLK","student_top_inst/Core_cpu/u_core_top/producer_tid_q_reg_r2_0_31_0_2/RAMC/WE","setup"
759,-0.599,5.000,5.161,8,"student_top_inst/Core_cpu/u_core_top/u_dcache/u_tag_bank/mem_q_reg/CLKBWRCLK","student_top_inst/Core_cpu/u_core_top/producer_tid_q_reg_r2_0_31_0_2/RAMC_D1/WE","setup"
760,-0.599,5.000,5.161,8,"student_top_inst/Core_cpu/u_core_top/u_dcache/u_tag_bank/mem_q_reg/CLKBWRCLK","student_top_inst/Core_cpu/u_core_top/producer_tid_q_reg_r2_0_31_0_2/RAMD/WE","setup"
761,-0.599,5.000,5.161,8,"student_top_inst/Core_cpu/u_core_top/u_dcache/u_tag_bank/mem_q_reg/CLKBWRCLK","student_top_inst/Core_cpu/u_core_top/producer_tid_q_reg_r2_0_31_0_2/RAMD_D1/WE","setup"
762,-0.599,5.000,5.264,10,"student_top_inst/Core_cpu/u_core_top/u_dcache/u_tag_bank/mem_q_reg/CLKBWRCLK","student_top_inst/Core_cpu/u_core_top/u_dcache/lookup_addr_q_reg[26]/CE","setup"
763,-0.599,5.000,5.264,10,"student_top_inst/Core_cpu/u_core_top/u_dcache/u_tag_bank/mem_q_reg/CLKBWRCLK","student_top_inst/Core_cpu/u_core_top/u_dcache/lookup_addr_q_reg[30]/CE","setup"
764,-0.599,5.000,5.264,10,"student_top_inst/Core_cpu/u_core_top/u_dcache/u_tag_bank/mem_q_reg/CLKBWRCLK","student_top_inst/Core_cpu/u_core_top/u_dcache/lookup_tag_q_reg[26]/CE","setup"
765,-0.599,5.000,5.264,10,"student_top_inst/Core_cpu/u_core_top/u_dcache/u_tag_bank/mem_q_reg/CLKBWRCLK","student_top_inst/Core_cpu/u_core_top/u_dcache/lookup_tag_q_reg[31]/CE","setup"
766,-0.598,5.000,5.054,8,"student_top_inst/Core_cpu/u_core_top/scoreboard_q_reg[3][fu][1]/C","student_top_inst/Core_cpu/u_core_top/u_muldiv/u_div/U0/i_synth/i_has_input_skid.i_2to1/gen_has_z_tready.reg1_b_tdata_reg[22]/CE","setup"
767,-0.598,5.000,5.054,8,"student_top_inst/Core_cpu/u_core_top/scoreboard_q_reg[3][fu][1]/C","student_top_inst/Core_cpu/u_core_top/u_muldiv/u_div/U0/i_synth/i_has_input_skid.i_2to1/gen_has_z_tready.reg1_b_tdata_reg[23]/CE","setup"
768,-0.597,5.000,5.154,7,"student_top_inst/Core_cpu/u_core_top/u_dcache/u_tag_bank/mem_q_reg/CLKBWRCLK","student_top_inst/Core_cpu/u_core_top/scoreboard_q_reg[7][result][13]/R","setup"
769,-0.597,5.000,5.154,7,"student_top_inst/Core_cpu/u_core_top/u_dcache/u_tag_bank/mem_q_reg/CLKBWRCLK","student_top_inst/Core_cpu/u_core_top/scoreboard_q_reg[7][result][15]/R","setup"
770,-0.597,5.000,5.154,7,"student_top_inst/Core_cpu/u_core_top/u_dcache/u_tag_bank/mem_q_reg/CLKBWRCLK","student_top_inst/Core_cpu/u_core_top/scoreboard_q_reg[7][result][19]/R","setup"
771,-0.597,5.000,5.250,8,"student_top_inst/Core_cpu/u_core_top/u_dcache/u_tag_bank/mem_q_reg/CLKBWRCLK","student_top_inst/Core_cpu/u_core_top/scoreboard_q_reg[2][exception_cause][1]/CE","setup"
772,-0.597,5.000,5.250,8,"student_top_inst/Core_cpu/u_core_top/u_dcache/u_tag_bank/mem_q_reg/CLKBWRCLK","student_top_inst/Core_cpu/u_core_top/scoreboard_q_reg[2][exception_tval][18]/CE","setup"
773,-0.597,5.000,5.250,8,"student_top_inst/Core_cpu/u_core_top/u_dcache/u_tag_bank/mem_q_reg/CLKBWRCLK","student_top_inst/Core_cpu/u_core_top/scoreboard_q_reg[2][exception_tval][5]/CE","setup"
774,-0.597,5.000,5.250,8,"student_top_inst/Core_cpu/u_core_top/u_dcache/u_tag_bank/mem_q_reg/CLKBWRCLK","student_top_inst/Core_cpu/u_core_top/scoreboard_q_reg[2][exception_tval][9]/CE","setup"
775,-0.597,5.000,5.052,8,"student_top_inst/Core_cpu/u_core_top/scoreboard_q_reg[3][fu][1]/C","student_top_inst/Core_cpu/u_core_top/u_muldiv/u_div/U0/i_synth/i_has_input_skid.i_2to1/gen_has_z_tready.reg1_b_tdata_reg[16]/CE","setup"
776,-0.597,5.000,5.052,8,"student_top_inst/Core_cpu/u_core_top/scoreboard_q_reg[3][fu][1]/C","student_top_inst/Core_cpu/u_core_top/u_muldiv/u_div/U0/i_synth/i_has_input_skid.i_2to1/gen_has_z_tready.reg1_b_tdata_reg[17]/CE","setup"
777,-0.597,5.000,5.052,8,"student_top_inst/Core_cpu/u_core_top/scoreboard_q_reg[3][fu][1]/C","student_top_inst/Core_cpu/u_core_top/u_muldiv/u_div/U0/i_synth/i_has_input_skid.i_2to1/gen_has_z_tready.reg1_b_tdata_reg[8]/CE","setup"
778,-0.596,5.000,5.493,8,"student_top_inst/Core_cpu/u_core_top/u_dcache/u_tag_bank/mem_q_reg/CLKBWRCLK","student_top_inst/Core_cpu/u_core_top/scoreboard_q_reg[1][result][3]/D","setup"
779,-0.596,5.000,5.157,8,"student_top_inst/Core_cpu/u_core_top/u_dcache/u_tag_bank/mem_q_reg/CLKBWRCLK","student_top_inst/Core_cpu/u_core_top/producer_tid_q_reg_r3_0_31_0_2/RAMA/WE","setup"
780,-0.596,5.000,5.157,8,"student_top_inst/Core_cpu/u_core_top/u_dcache/u_tag_bank/mem_q_reg/CLKBWRCLK","student_top_inst/Core_cpu/u_core_top/producer_tid_q_reg_r3_0_31_0_2/RAMA_D1/WE","setup"
781,-0.596,5.000,5.157,8,"student_top_inst/Core_cpu/u_core_top/u_dcache/u_tag_bank/mem_q_reg/CLKBWRCLK","student_top_inst/Core_cpu/u_core_top/producer_tid_q_reg_r3_0_31_0_2/RAMB/WE","setup"
782,-0.596,5.000,5.157,8,"student_top_inst/Core_cpu/u_core_top/u_dcache/u_tag_bank/mem_q_reg/CLKBWRCLK","student_top_inst/Core_cpu/u_core_top/producer_tid_q_reg_r3_0_31_0_2/RAMB_D1/WE","setup"
783,-0.596,5.000,5.157,8,"student_top_inst/Core_cpu/u_core_top/u_dcache/u_tag_bank/mem_q_reg/CLKBWRCLK","student_top_inst/Core_cpu/u_core_top/producer_tid_q_reg_r3_0_31_0_2/RAMC/WE","setup"
784,-0.596,5.000,5.157,8,"student_top_inst/Core_cpu/u_core_top/u_dcache/u_tag_bank/mem_q_reg/CLKBWRCLK","student_top_inst/Core_cpu/u_core_top/producer_tid_q_reg_r3_0_31_0_2/RAMC_D1/WE","setup"
785,-0.596,5.000,5.157,8,"student_top_inst/Core_cpu/u_core_top/u_dcache/u_tag_bank/mem_q_reg/CLKBWRCLK","student_top_inst/Core_cpu/u_core_top/producer_tid_q_reg_r3_0_31_0_2/RAMD/WE","setup"
786,-0.596,5.000,5.157,8,"student_top_inst/Core_cpu/u_core_top/u_dcache/u_tag_bank/mem_q_reg/CLKBWRCLK","student_top_inst/Core_cpu/u_core_top/producer_tid_q_reg_r3_0_31_0_2/RAMD_D1/WE","setup"
787,-0.596,5.000,5.489,10,"student_top_inst/Core_cpu/u_core_top/u_dcache/u_tag_bank/mem_q_reg/CLKBWRCLK","student_top_inst/Core_cpu/u_core_top/scoreboard_q_reg[6][result][24]/D","setup"
788,-0.596,5.000,5.007,0,"student_top_inst/cpu_rst_sync_reg/C","student_top_inst/Core_cpu/u_core_top/u_perf_counters/commit_o_reg[28]/R","setup"
789,-0.596,5.000,5.007,0,"student_top_inst/cpu_rst_sync_reg/C","student_top_inst/Core_cpu/u_core_top/u_perf_counters/commit_o_reg[29]/R","setup"
790,-0.596,5.000,5.007,0,"student_top_inst/cpu_rst_sync_reg/C","student_top_inst/Core_cpu/u_core_top/u_perf_counters/commit_o_reg[30]/R","setup"
791,-0.596,5.000,5.007,0,"student_top_inst/cpu_rst_sync_reg/C","student_top_inst/Core_cpu/u_core_top/u_perf_counters/commit_o_reg[31]/R","setup"
792,-0.595,5.000,5.052,8,"student_top_inst/Core_cpu/u_core_top/scoreboard_q_reg[3][fu][1]/C","student_top_inst/Core_cpu/u_core_top/u_muldiv/u_div/U0/i_synth/i_has_input_skid.i_2to1/gen_has_z_tready.reg1_b_tdata_reg[24]/CE","setup"
793,-0.595,5.000,5.052,8,"student_top_inst/Core_cpu/u_core_top/scoreboard_q_reg[3][fu][1]/C","student_top_inst/Core_cpu/u_core_top/u_muldiv/u_div/U0/i_synth/i_has_input_skid.i_2to1/gen_has_z_tready.reg1_b_tdata_reg[25]/CE","setup"
794,-0.595,5.000,5.052,8,"student_top_inst/Core_cpu/u_core_top/scoreboard_q_reg[3][fu][1]/C","student_top_inst/Core_cpu/u_core_top/u_muldiv/u_div/U0/i_synth/i_has_input_skid.i_2to1/gen_has_z_tready.reg1_b_tdata_reg[4]/CE","setup"
795,-0.595,5.000,5.052,8,"student_top_inst/Core_cpu/u_core_top/scoreboard_q_reg[3][fu][1]/C","student_top_inst/Core_cpu/u_core_top/u_muldiv/u_div/U0/i_synth/i_has_input_skid.i_2to1/gen_has_z_tready.reg1_b_tdata_reg[5]/CE","setup"
796,-0.594,5.000,5.224,9,"student_top_inst/Core_cpu/u_core_top/scoreboard_q_reg[3][fu][1]/C","student_top_inst/Core_cpu/u_core_top/scoreboard_q_reg[6][csr_addr][7]/CE","setup"
797,-0.594,5.000,5.150,7,"student_top_inst/Core_cpu/u_core_top/u_dcache/u_tag_bank/mem_q_reg/CLKBWRCLK","student_top_inst/Core_cpu/u_core_top/scoreboard_q_reg[3][result][0]/R","setup"
798,-0.594,5.000,5.150,7,"student_top_inst/Core_cpu/u_core_top/u_dcache/u_tag_bank/mem_q_reg/CLKBWRCLK","student_top_inst/Core_cpu/u_core_top/scoreboard_q_reg[3][result][1]/R","setup"
799,-0.594,5.000,5.150,7,"student_top_inst/Core_cpu/u_core_top/u_dcache/u_tag_bank/mem_q_reg/CLKBWRCLK","student_top_inst/Core_cpu/u_core_top/scoreboard_q_reg[3][result][3]/R","setup"
800,-0.594,5.000,5.150,7,"student_top_inst/Core_cpu/u_core_top/u_dcache/u_tag_bank/mem_q_reg/CLKBWRCLK","student_top_inst/Core_cpu/u_core_top/scoreboard_q_reg[3][result][4]/R","setup"
801,-0.594,5.000,5.450,9,"student_top_inst/Core_cpu/u_core_top/u_dcache/u_tag_bank/mem_q_reg/CLKBWRCLK","student_top_inst/Core_cpu/u_core_top/exec_q_reg[op1][0]/D","setup"
802,-0.593,5.000,5.491,10,"student_top_inst/Core_cpu/u_core_top/u_dcache/u_tag_bank/mem_q_reg/CLKBWRCLK","student_top_inst/Core_cpu/u_core_top/exec_q_reg[op1][16]/D","setup"
803,-0.593,5.000,5.523,10,"student_top_inst/Core_cpu/u_core_top/u_dcache/u_tag_bank/mem_q_reg/CLKBWRCLK","student_top_inst/Core_cpu/u_core_top/exec_q_reg[op2][27]/D","setup"
804,-0.592,5.000,5.490,9,"student_top_inst/Core_cpu/u_core_top/u_dcache/u_tag_bank/mem_q_reg/CLKBWRCLK","student_top_inst/Core_cpu/u_core_top/scoreboard_q_reg[3][result][14]/D","setup"
805,-0.591,5.000,5.246,8,"student_top_inst/Core_cpu/u_core_top/u_dcache/u_tag_bank/mem_q_reg/CLKBWRCLK","student_top_inst/Core_cpu/u_core_top/scoreboard_q_reg[2][exception_tval][13]/CE","setup"
806,-0.591,5.000,5.246,8,"student_top_inst/Core_cpu/u_core_top/u_dcache/u_tag_bank/mem_q_reg/CLKBWRCLK","student_top_inst/Core_cpu/u_core_top/scoreboard_q_reg[2][exception_tval][24]/CE","setup"
807,-0.591,5.000,5.246,8,"student_top_inst/Core_cpu/u_core_top/u_dcache/u_tag_bank/mem_q_reg/CLKBWRCLK","student_top_inst/Core_cpu/u_core_top/scoreboard_q_reg[2][exception_tval][2]/CE","setup"
808,-0.591,5.000,5.246,8,"student_top_inst/Core_cpu/u_core_top/u_dcache/u_tag_bank/mem_q_reg/CLKBWRCLK","student_top_inst/Core_cpu/u_core_top/scoreboard_q_reg[2][exception_tval][8]/CE","setup"
809,-0.591,5.000,5.246,8,"student_top_inst/Core_cpu/u_core_top/u_dcache/u_tag_bank/mem_q_reg/CLKBWRCLK","student_top_inst/Core_cpu/u_core_top/scoreboard_q_reg[2][exception_valid]/CE","setup"
810,-0.591,5.000,5.292,10,"student_top_inst/Core_cpu/u_core_top/scoreboard_q_reg[3][fu][1]/C","student_top_inst/Core_cpu/u_core_top/scoreboard_q_reg[1][exception_tval][19]/CE","setup"
811,-0.587,5.000,5.268,8,"student_top_inst/Core_cpu/u_core_top/u_dcache/u_tag_bank/mem_q_reg/CLKBWRCLK","student_top_inst/Core_cpu/u_core_top/scoreboard_q_reg[4][exception_tval][11]/CE","setup"
812,-0.587,5.000,5.268,8,"student_top_inst/Core_cpu/u_core_top/u_dcache/u_tag_bank/mem_q_reg/CLKBWRCLK","student_top_inst/Core_cpu/u_core_top/scoreboard_q_reg[4][exception_tval][14]/CE","setup"
813,-0.587,5.000,5.268,8,"student_top_inst/Core_cpu/u_core_top/u_dcache/u_tag_bank/mem_q_reg/CLKBWRCLK","student_top_inst/Core_cpu/u_core_top/scoreboard_q_reg[4][exception_tval][20]/CE","setup"
814,-0.587,5.000,5.268,8,"student_top_inst/Core_cpu/u_core_top/u_dcache/u_tag_bank/mem_q_reg/CLKBWRCLK","student_top_inst/Core_cpu/u_core_top/scoreboard_q_reg[4][exception_tval][7]/CE","setup"
815,-0.586,5.000,5.033,0,"student_top_inst/cpu_rst_sync_reg/C","student_top_inst/Core_cpu/u_core_top/branch_target_reg[30]/R","setup"
816,-0.586,5.000,5.175,10,"student_top_inst/Core_cpu/u_core_top/scoreboard_q_reg[3][fu][1]/C","student_top_inst/Core_cpu/u_core_top/scoreboard_q_reg[0][csr_src][14]/R","setup"
817,-0.586,5.000,5.175,10,"student_top_inst/Core_cpu/u_core_top/scoreboard_q_reg[3][fu][1]/C","student_top_inst/Core_cpu/u_core_top/scoreboard_q_reg[0][csr_src][15]/R","setup"
818,-0.586,5.000,5.175,10,"student_top_inst/Core_cpu/u_core_top/scoreboard_q_reg[3][fu][1]/C","student_top_inst/Core_cpu/u_core_top/scoreboard_q_reg[0][csr_src][17]/R","setup"
819,-0.586,5.000,5.175,10,"student_top_inst/Core_cpu/u_core_top/scoreboard_q_reg[3][fu][1]/C","student_top_inst/Core_cpu/u_core_top/scoreboard_q_reg[0][csr_src][19]/R","setup"
820,-0.586,5.000,5.175,10,"student_top_inst/Core_cpu/u_core_top/scoreboard_q_reg[3][fu][1]/C","student_top_inst/Core_cpu/u_core_top/scoreboard_q_reg[0][csr_src][1]/R","setup"
821,-0.586,5.000,5.175,10,"student_top_inst/Core_cpu/u_core_top/scoreboard_q_reg[3][fu][1]/C","student_top_inst/Core_cpu/u_core_top/scoreboard_q_reg[0][csr_src][30]/R","setup"
822,-0.586,5.000,5.175,10,"student_top_inst/Core_cpu/u_core_top/scoreboard_q_reg[3][fu][1]/C","student_top_inst/Core_cpu/u_core_top/scoreboard_q_reg[0][csr_src][31]/R","setup"
823,-0.586,5.000,5.175,10,"student_top_inst/Core_cpu/u_core_top/scoreboard_q_reg[3][fu][1]/C","student_top_inst/Core_cpu/u_core_top/scoreboard_q_reg[0][csr_src][5]/R","setup"
824,-0.586,5.000,5.197,10,"student_top_inst/Core_cpu/u_core_top/u_dcache/u_tag_bank/mem_q_reg/CLKBWRCLK","student_top_inst/Core_cpu/u_core_top/u_dcache/u_tag_bank/mem_q_reg/ENBWREN","setup"
825,-0.585,5.000,5.478,10,"student_top_inst/Core_cpu/u_core_top/u_dcache/u_tag_bank/mem_q_reg/CLKBWRCLK","student_top_inst/Core_cpu/u_core_top/scoreboard_q_reg[4][result][23]/D","setup"
826,-0.585,5.000,5.520,10,"student_top_inst/Core_cpu/u_core_top/u_dcache/u_tag_bank/mem_q_reg/CLKBWRCLK","student_top_inst/Core_cpu/u_core_top/exec_mem_addr_q_reg[6]/D","setup"
827,-0.585,5.000,5.133,7,"student_top_inst/Core_cpu/u_core_top/u_dcache/u_tag_bank/mem_q_reg/CLKBWRCLK","student_top_inst/Core_cpu/u_core_top/u_dcache/g_data_bank[3].u_data_bank/mem_q_reg_1/ADDRBWRADDR[10]","setup"
828,-0.584,5.000,5.173,10,"student_top_inst/Core_cpu/u_core_top/scoreboard_q_reg[3][fu][1]/C","student_top_inst/Core_cpu/u_core_top/scoreboard_q_reg[0][csr_src][11]/R","setup"
829,-0.584,5.000,5.173,10,"student_top_inst/Core_cpu/u_core_top/scoreboard_q_reg[3][fu][1]/C","student_top_inst/Core_cpu/u_core_top/scoreboard_q_reg[0][csr_src][24]/R","setup"
830,-0.584,5.000,5.173,10,"student_top_inst/Core_cpu/u_core_top/scoreboard_q_reg[3][fu][1]/C","student_top_inst/Core_cpu/u_core_top/scoreboard_q_reg[0][csr_src][2]/R","setup"
831,-0.584,5.000,5.173,10,"student_top_inst/Core_cpu/u_core_top/scoreboard_q_reg[3][fu][1]/C","student_top_inst/Core_cpu/u_core_top/scoreboard_q_reg[0][csr_src][6]/R","setup"
832,-0.584,5.000,5.173,10,"student_top_inst/Core_cpu/u_core_top/scoreboard_q_reg[3][fu][1]/C","student_top_inst/Core_cpu/u_core_top/scoreboard_q_reg[0][csr_src][7]/R","setup"
833,-0.583,5.000,5.245,8,"student_top_inst/Core_cpu/u_core_top/u_dcache/u_tag_bank/mem_q_reg/CLKBWRCLK","student_top_inst/Core_cpu/u_core_top/scoreboard_q_reg[4][exception_tval][10]/CE","setup"
834,-0.583,5.000,5.245,8,"student_top_inst/Core_cpu/u_core_top/u_dcache/u_tag_bank/mem_q_reg/CLKBWRCLK","student_top_inst/Core_cpu/u_core_top/scoreboard_q_reg[4][exception_tval][16]/CE","setup"
835,-0.583,5.000,5.245,8,"student_top_inst/Core_cpu/u_core_top/u_dcache/u_tag_bank/mem_q_reg/CLKBWRCLK","student_top_inst/Core_cpu/u_core_top/scoreboard_q_reg[4][exception_tval][17]/CE","setup"
836,-0.583,5.000,5.245,8,"student_top_inst/Core_cpu/u_core_top/u_dcache/u_tag_bank/mem_q_reg/CLKBWRCLK","student_top_inst/Core_cpu/u_core_top/scoreboard_q_reg[4][exception_tval][1]/CE","setup"
837,-0.583,5.000,5.247,8,"student_top_inst/Core_cpu/u_core_top/u_dcache/u_tag_bank/mem_q_reg/CLKBWRCLK","student_top_inst/Core_cpu/u_core_top/scoreboard_q_reg[7][exception_tval][10]/CE","setup"
838,-0.583,5.000,5.247,8,"student_top_inst/Core_cpu/u_core_top/u_dcache/u_tag_bank/mem_q_reg/CLKBWRCLK","student_top_inst/Core_cpu/u_core_top/scoreboard_q_reg[7][exception_tval][8]/CE","setup"
839,-0.577,5.000,5.510,10,"student_top_inst/Core_cpu/u_core_top/u_dcache/u_tag_bank/mem_q_reg/CLKBWRCLK","student_top_inst/Core_cpu/u_core_top/exec_q_reg[op2][14]/D","setup"
840,-0.577,5.000,5.314,0,"student_top_inst/Core_cpu/u_core_top/u_dmem_regslice/req_addr_q_reg[5]/C","student_top_inst/mem_bridge/dram_adapter/dram/U0/inst_blk_mem_gen/gnbram.gnativebmg.native_blk_mem_gen/valid.cstr/ramloop[2].ram.r/prim_init.ram/DEVICE_7SERIES.NO_BMM_INFO.SP.SIMPLE_PRIM36.ram/ADDRARDADDR[6]","setup"
841,-0.576,5.000,5.473,10,"student_top_inst/Core_cpu/u_core_top/u_dcache/u_tag_bank/mem_q_reg/CLKBWRCLK","student_top_inst/Core_cpu/u_core_top/scoreboard_q_reg[4][result][30]/D","setup"
842,-0.576,5.000,5.511,11,"student_top_inst/Core_cpu/u_core_top/u_dcache/u_tag_bank/mem_q_reg/CLKBWRCLK","student_top_inst/Core_cpu/u_core_top/exec_mem_addr_q_reg[4]/D","setup"
843,-0.575,5.000,5.054,8,"student_top_inst/Core_cpu/u_core_top/scoreboard_q_reg[3][fu][1]/C","student_top_inst/Core_cpu/u_core_top/u_muldiv/u_div/U0/i_synth/i_has_input_skid.i_2to1/gen_has_z_tready.reg1_b_tdata_reg[26]/CE","setup"
844,-0.575,5.000,5.054,8,"student_top_inst/Core_cpu/u_core_top/scoreboard_q_reg[3][fu][1]/C","student_top_inst/Core_cpu/u_core_top/u_muldiv/u_div/U0/i_synth/i_has_input_skid.i_2to1/gen_has_z_tready.reg1_b_tdata_reg[27]/CE","setup"
845,-0.575,5.000,5.130,7,"student_top_inst/Core_cpu/u_core_top/u_dcache/u_tag_bank/mem_q_reg/CLKBWRCLK","student_top_inst/Core_cpu/u_core_top/scoreboard_q_reg[7][result][16]/R","setup"
846,-0.575,5.000,5.130,7,"student_top_inst/Core_cpu/u_core_top/u_dcache/u_tag_bank/mem_q_reg/CLKBWRCLK","student_top_inst/Core_cpu/u_core_top/scoreboard_q_reg[7][result][17]/R","setup"
847,-0.575,5.000,5.130,7,"student_top_inst/Core_cpu/u_core_top/u_dcache/u_tag_bank/mem_q_reg/CLKBWRCLK","student_top_inst/Core_cpu/u_core_top/scoreboard_q_reg[7][result][20]/R","setup"
848,-0.575,5.000,5.130,7,"student_top_inst/Core_cpu/u_core_top/u_dcache/u_tag_bank/mem_q_reg/CLKBWRCLK","student_top_inst/Core_cpu/u_core_top/scoreboard_q_reg[7][result][22]/R","setup"
849,-0.575,5.000,5.239,10,"student_top_inst/Core_cpu/u_core_top/u_dcache/u_tag_bank/mem_q_reg/CLKBWRCLK","student_top_inst/Core_cpu/u_core_top/load_q_reg[0][addr][0]/CE","setup"
850,-0.575,5.000,5.239,10,"student_top_inst/Core_cpu/u_core_top/u_dcache/u_tag_bank/mem_q_reg/CLKBWRCLK","student_top_inst/Core_cpu/u_core_top/load_q_reg[0][addr][18]/CE","setup"
851,-0.575,5.000,5.239,10,"student_top_inst/Core_cpu/u_core_top/u_dcache/u_tag_bank/mem_q_reg/CLKBWRCLK","student_top_inst/Core_cpu/u_core_top/load_q_reg[0][addr][28]/CE","setup"
852,-0.575,5.000,5.239,10,"student_top_inst/Core_cpu/u_core_top/u_dcache/u_tag_bank/mem_q_reg/CLKBWRCLK","student_top_inst/Core_cpu/u_core_top/load_q_reg[0][size][1]/CE","setup"
853,-0.575,5.000,5.468,10,"student_top_inst/Core_cpu/u_core_top/u_dcache/u_tag_bank/mem_q_reg/CLKBWRCLK","student_top_inst/Core_cpu/u_core_top/scoreboard_q_reg[0][result][30]/D","setup"
854,-0.574,5.000,5.250,8,"student_top_inst/Core_cpu/u_core_top/u_dcache/u_tag_bank/mem_q_reg/CLKBWRCLK","student_top_inst/Core_cpu/u_core_top/scoreboard_q_reg[2][exception_tval][12]/CE","setup"
855,-0.574,5.000,5.250,8,"student_top_inst/Core_cpu/u_core_top/u_dcache/u_tag_bank/mem_q_reg/CLKBWRCLK","student_top_inst/Core_cpu/u_core_top/scoreboard_q_reg[2][exception_tval][16]/CE","setup"
856,-0.574,5.000,5.250,8,"student_top_inst/Core_cpu/u_core_top/u_dcache/u_tag_bank/mem_q_reg/CLKBWRCLK","student_top_inst/Core_cpu/u_core_top/scoreboard_q_reg[2][exception_tval][19]/CE","setup"
857,-0.574,5.000,5.250,8,"student_top_inst/Core_cpu/u_core_top/u_dcache/u_tag_bank/mem_q_reg/CLKBWRCLK","student_top_inst/Core_cpu/u_core_top/scoreboard_q_reg[2][exception_tval][20]/CE","setup"
858,-0.574,5.000,5.250,8,"student_top_inst/Core_cpu/u_core_top/u_dcache/u_tag_bank/mem_q_reg/CLKBWRCLK","student_top_inst/Core_cpu/u_core_top/scoreboard_q_reg[2][exception_tval][26]/CE","setup"
859,-0.574,5.000,5.250,8,"student_top_inst/Core_cpu/u_core_top/u_dcache/u_tag_bank/mem_q_reg/CLKBWRCLK","student_top_inst/Core_cpu/u_core_top/scoreboard_q_reg[2][exception_tval][28]/CE","setup"
860,-0.574,5.000,5.537,12,"student_top_inst/Core_cpu/u_core_top/store_head_q_reg[1]/C","student_top_inst/Core_cpu/u_core_top/load_q_reg[0][forward_data][13]/D","setup"
861,-0.574,5.000,5.129,7,"student_top_inst/Core_cpu/u_core_top/u_dcache/u_tag_bank/mem_q_reg/CLKBWRCLK","student_top_inst/Core_cpu/u_core_top/scoreboard_q_reg[7][result][0]/R","setup"
862,-0.574,5.000,5.129,7,"student_top_inst/Core_cpu/u_core_top/u_dcache/u_tag_bank/mem_q_reg/CLKBWRCLK","student_top_inst/Core_cpu/u_core_top/scoreboard_q_reg[7][result][2]/R","setup"
863,-0.574,5.000,5.129,7,"student_top_inst/Core_cpu/u_core_top/u_dcache/u_tag_bank/mem_q_reg/CLKBWRCLK","student_top_inst/Core_cpu/u_core_top/scoreboard_q_reg[7][result][3]/R","setup"
864,-0.574,5.000,5.129,7,"student_top_inst/Core_cpu/u_core_top/u_dcache/u_tag_bank/mem_q_reg/CLKBWRCLK","student_top_inst/Core_cpu/u_core_top/scoreboard_q_reg[7][result][6]/R","setup"
865,-0.574,5.000,5.261,10,"student_top_inst/Core_cpu/u_core_top/u_dcache/u_tag_bank/mem_q_reg/CLKBWRCLK","student_top_inst/Core_cpu/u_core_top/load_q_reg[0][addr][19]/CE","setup"
866,-0.574,5.000,5.261,10,"student_top_inst/Core_cpu/u_core_top/u_dcache/u_tag_bank/mem_q_reg/CLKBWRCLK","student_top_inst/Core_cpu/u_core_top/load_q_reg[0][addr][21]/CE","setup"
867,-0.574,5.000,5.261,10,"student_top_inst/Core_cpu/u_core_top/u_dcache/u_tag_bank/mem_q_reg/CLKBWRCLK","student_top_inst/Core_cpu/u_core_top/load_q_reg[0][forward_data][28]/CE","setup"
868,-0.573,5.000,5.468,10,"student_top_inst/Core_cpu/u_core_top/u_dcache/u_tag_bank/mem_q_reg/CLKBWRCLK","student_top_inst/Core_cpu/u_core_top/exec_q_reg[op2][21]/D","setup"
869,-0.572,5.000,5.254,8,"student_top_inst/Core_cpu/u_core_top/u_dcache/u_tag_bank/mem_q_reg/CLKBWRCLK","student_top_inst/Core_cpu/u_core_top/scoreboard_q_reg[4][exception_tval][21]/CE","setup"
870,-0.572,5.000,5.254,8,"student_top_inst/Core_cpu/u_core_top/u_dcache/u_tag_bank/mem_q_reg/CLKBWRCLK","student_top_inst/Core_cpu/u_core_top/scoreboard_q_reg[4][exception_valid]/CE","setup"
871,-0.572,5.000,5.466,9,"student_top_inst/Core_cpu/u_core_top/u_dcache/u_tag_bank/mem_q_reg/CLKBWRCLK","student_top_inst/Core_cpu/u_core_top/scoreboard_q_reg[7][result][21]/D","setup"
872,-0.571,5.000,5.470,10,"student_top_inst/Core_cpu/u_core_top/u_dcache/u_tag_bank/mem_q_reg/CLKBWRCLK","student_top_inst/Core_cpu/u_core_top/exec_q_reg[op1][28]/D","setup"
873,-0.571,5.000,5.054,7,"student_top_inst/Core_cpu/u_core_top/u_dcache/u_tag_bank/mem_q_reg/CLKBWRCLK","student_top_inst/Core_cpu/u_core_top/u_dcache/g_data_bank[0].u_data_bank/mem_q_reg_0/ADDRBWRADDR[12]","setup"
874,-0.570,5.000,5.277,10,"student_top_inst/Core_cpu/u_core_top/u_dcache/u_tag_bank/mem_q_reg/CLKBWRCLK","student_top_inst/Core_cpu/u_core_top/u_dcache/req_addr_q_reg[20]/CE","setup"
875,-0.570,5.000,5.277,10,"student_top_inst/Core_cpu/u_core_top/u_dcache/u_tag_bank/mem_q_reg/CLKBWRCLK","student_top_inst/Core_cpu/u_core_top/u_dcache/req_addr_q_reg[27]/CE","setup"
876,-0.568,5.000,5.468,10,"student_top_inst/Core_cpu/u_core_top/u_dcache/u_tag_bank/mem_q_reg/CLKBWRCLK","student_top_inst/Core_cpu/u_core_top/exec_q_reg[op1][17]/D","setup"
877,-0.568,5.000,5.499,12,"student_top_inst/Core_cpu/u_core_top/store_head_q_reg[1]/C","student_top_inst/Core_cpu/u_core_top/load_active_meta_q_reg[forward_data][11]/D","setup"
878,-0.567,5.000,5.290,10,"student_top_inst/Core_cpu/u_core_top/scoreboard_q_reg[3][fu][1]/C","student_top_inst/Core_cpu/u_core_top/scoreboard_q_reg[1][exception_tval][16]/CE","setup"
879,-0.567,5.000,5.290,10,"student_top_inst/Core_cpu/u_core_top/scoreboard_q_reg[3][fu][1]/C","student_top_inst/Core_cpu/u_core_top/scoreboard_q_reg[1][exception_tval][26]/CE","setup"
880,-0.567,5.000,5.046,7,"student_top_inst/Core_cpu/u_core_top/u_dcache/u_tag_bank/mem_q_reg/CLKBWRCLK","student_top_inst/Core_cpu/u_core_top/u_dcache/g_data_bank[2].u_data_bank/mem_q_reg_0/ADDRBWRADDR[12]","setup"
881,-0.567,5.000,5.462,9,"student_top_inst/Core_cpu/u_core_top/u_dcache/u_tag_bank/mem_q_reg/CLKBWRCLK","student_top_inst/Core_cpu/u_core_top/scoreboard_q_reg[3][result][21]/D","setup"
882,-0.566,5.000,5.235,9,"student_top_inst/Core_cpu/u_core_top/u_dcache/u_tag_bank/mem_q_reg/CLKBWRCLK","student_top_inst/Core_cpu/u_core_top/load_active_meta_q_reg[forward_data][27]/CE","setup"
883,-0.566,5.000,5.235,9,"student_top_inst/Core_cpu/u_core_top/u_dcache/u_tag_bank/mem_q_reg/CLKBWRCLK","student_top_inst/Core_cpu/u_core_top/load_active_meta_q_reg[forward_data][3]/CE","setup"
884,-0.566,5.000,5.235,9,"student_top_inst/Core_cpu/u_core_top/u_dcache/u_tag_bank/mem_q_reg/CLKBWRCLK","student_top_inst/Core_cpu/u_core_top/load_active_meta_q_reg[forward_mask][1]/CE","setup"
885,-0.565,5.000,5.248,8,"student_top_inst/Core_cpu/u_core_top/u_dcache/u_tag_bank/mem_q_reg/CLKBWRCLK","student_top_inst/Core_cpu/u_core_top/scoreboard_q_reg[5][exception_tval][26]/CE","setup"
886,-0.565,5.000,5.248,8,"student_top_inst/Core_cpu/u_core_top/u_dcache/u_tag_bank/mem_q_reg/CLKBWRCLK","student_top_inst/Core_cpu/u_core_top/scoreboard_q_reg[5][exception_tval][8]/CE","setup"
887,-0.565,5.000,5.459,10,"student_top_inst/Core_cpu/u_core_top/u_dcache/u_tag_bank/mem_q_reg/CLKBWRCLK","student_top_inst/Core_cpu/u_core_top/scoreboard_q_reg[0][result][23]/D","setup"
888,-0.564,5.000,5.022,8,"student_top_inst/Core_cpu/u_core_top/scoreboard_q_reg[3][fu][1]/C","student_top_inst/Core_cpu/u_core_top/u_muldiv/u_div/U0/i_synth/i_has_input_skid.i_2to1/gen_has_z_tready.reg1_b_tdata_reg[0]/CE","setup"
889,-0.564,5.000,5.022,8,"student_top_inst/Core_cpu/u_core_top/scoreboard_q_reg[3][fu][1]/C","student_top_inst/Core_cpu/u_core_top/u_muldiv/u_div/U0/i_synth/i_has_input_skid.i_2to1/gen_has_z_tready.reg1_b_tdata_reg[1]/CE","setup"
890,-0.562,5.000,5.522,11,"student_top_inst/Core_cpu/u_core_top/u_dcache/u_tag_bank/mem_q_reg/CLKBWRCLK","student_top_inst/Core_cpu/u_core_top/u_dmem_regslice/req_valid_q_reg/D","setup"
891,-0.561,5.000,5.268,10,"student_top_inst/Core_cpu/u_core_top/u_dcache/u_tag_bank/mem_q_reg/CLKBWRCLK","student_top_inst/Core_cpu/u_core_top/u_dcache/lookup_addr_q_reg[10]/CE","setup"
892,-0.561,5.000,5.268,10,"student_top_inst/Core_cpu/u_core_top/u_dcache/u_tag_bank/mem_q_reg/CLKBWRCLK","student_top_inst/Core_cpu/u_core_top/u_dcache/lookup_addr_q_reg[14]/CE","setup"
893,-0.561,5.000,5.268,10,"student_top_inst/Core_cpu/u_core_top/u_dcache/u_tag_bank/mem_q_reg/CLKBWRCLK","student_top_inst/Core_cpu/u_core_top/u_dcache/lookup_addr_q_reg[9]/CE","setup"
894,-0.561,5.000,5.268,10,"student_top_inst/Core_cpu/u_core_top/u_dcache/u_tag_bank/mem_q_reg/CLKBWRCLK","student_top_inst/Core_cpu/u_core_top/u_dcache/lookup_store_data_q_reg[15]/CE","setup"
895,-0.561,5.000,5.268,10,"student_top_inst/Core_cpu/u_core_top/u_dcache/u_tag_bank/mem_q_reg/CLKBWRCLK","student_top_inst/Core_cpu/u_core_top/u_dcache/lookup_store_data_q_reg[1]/CE","setup"
896,-0.561,5.000,5.268,10,"student_top_inst/Core_cpu/u_core_top/u_dcache/u_tag_bank/mem_q_reg/CLKBWRCLK","student_top_inst/Core_cpu/u_core_top/u_dcache/lookup_store_data_q_reg[23]/CE","setup"
897,-0.561,5.000,5.268,10,"student_top_inst/Core_cpu/u_core_top/u_dcache/u_tag_bank/mem_q_reg/CLKBWRCLK","student_top_inst/Core_cpu/u_core_top/u_dcache/lookup_store_data_q_reg[2]/CE","setup"
898,-0.561,5.000,5.268,10,"student_top_inst/Core_cpu/u_core_top/u_dcache/u_tag_bank/mem_q_reg/CLKBWRCLK","student_top_inst/Core_cpu/u_core_top/u_dcache/lookup_store_data_q_reg[31]/CE","setup"
899,-0.561,5.000,5.483,10,"student_top_inst/Core_cpu/u_core_top/u_dcache/u_tag_bank/mem_q_reg/CLKBWRCLK","student_top_inst/Core_cpu/u_core_top/scoreboard_q_reg[6][result][23]/D","setup"
900,-0.561,5.000,5.435,8,"student_top_inst/Core_cpu/u_core_top/u_dcache/u_tag_bank/mem_q_reg/CLKBWRCLK","student_top_inst/Core_cpu/u_core_top/scoreboard_q_reg[7][exception_tval][11]/D","setup"
901,-0.561,5.000,5.249,8,"student_top_inst/Core_cpu/u_core_top/u_dcache/u_tag_bank/mem_q_reg/CLKBWRCLK","student_top_inst/Core_cpu/u_core_top/exec_q_reg[op1][10]/CE","setup"
902,-0.561,5.000,5.249,8,"student_top_inst/Core_cpu/u_core_top/u_dcache/u_tag_bank/mem_q_reg/CLKBWRCLK","student_top_inst/Core_cpu/u_core_top/exec_q_reg[op1][26]/CE","setup"
903,-0.561,5.000,5.249,8,"student_top_inst/Core_cpu/u_core_top/u_dcache/u_tag_bank/mem_q_reg/CLKBWRCLK","student_top_inst/Core_cpu/u_core_top/exec_q_reg[op2][12]/CE","setup"
904,-0.561,5.000,5.114,8,"student_top_inst/Core_cpu/u_core_top/u_dcache/u_tag_bank/mem_q_reg/CLKBWRCLK","student_top_inst/Core_cpu/u_core_top/scoreboard_q_reg[5][csr_src][14]/R","setup"
905,-0.561,5.000,5.114,8,"student_top_inst/Core_cpu/u_core_top/u_dcache/u_tag_bank/mem_q_reg/CLKBWRCLK","student_top_inst/Core_cpu/u_core_top/scoreboard_q_reg[5][csr_src][19]/R","setup"
906,-0.561,5.000,5.114,8,"student_top_inst/Core_cpu/u_core_top/u_dcache/u_tag_bank/mem_q_reg/CLKBWRCLK","student_top_inst/Core_cpu/u_core_top/scoreboard_q_reg[5][csr_src][25]/R","setup"
907,-0.561,5.000,5.114,8,"student_top_inst/Core_cpu/u_core_top/u_dcache/u_tag_bank/mem_q_reg/CLKBWRCLK","student_top_inst/Core_cpu/u_core_top/scoreboard_q_reg[5][csr_src][29]/R","setup"
908,-0.561,5.000,5.114,8,"student_top_inst/Core_cpu/u_core_top/u_dcache/u_tag_bank/mem_q_reg/CLKBWRCLK","student_top_inst/Core_cpu/u_core_top/scoreboard_q_reg[5][csr_src][30]/R","setup"
909,-0.561,5.000,5.114,8,"student_top_inst/Core_cpu/u_core_top/u_dcache/u_tag_bank/mem_q_reg/CLKBWRCLK","student_top_inst/Core_cpu/u_core_top/scoreboard_q_reg[5][csr_src][5]/R","setup"
910,-0.561,5.000,5.114,8,"student_top_inst/Core_cpu/u_core_top/u_dcache/u_tag_bank/mem_q_reg/CLKBWRCLK","student_top_inst/Core_cpu/u_core_top/scoreboard_q_reg[5][csr_src][7]/R","setup"
911,-0.561,5.000,5.114,8,"student_top_inst/Core_cpu/u_core_top/u_dcache/u_tag_bank/mem_q_reg/CLKBWRCLK","student_top_inst/Core_cpu/u_core_top/scoreboard_q_reg[5][csr_src][9]/R","setup"
912,-0.560,5.000,5.250,10,"student_top_inst/Core_cpu/u_core_top/scoreboard_q_reg[3][fu][1]/C","student_top_inst/Core_cpu/u_core_top/scoreboard_q_reg[1][exception_cause][3]/CE","setup"
913,-0.560,5.000,5.250,10,"student_top_inst/Core_cpu/u_core_top/scoreboard_q_reg[3][fu][1]/C","student_top_inst/Core_cpu/u_core_top/scoreboard_q_reg[1][exception_tval][21]/CE","setup"
914,-0.560,5.000,5.247,8,"student_top_inst/Core_cpu/u_core_top/u_dcache/u_tag_bank/mem_q_reg/CLKBWRCLK","student_top_inst/Core_cpu/u_core_top/exec_q_reg[op1][29]/CE","setup"
915,-0.560,5.000,5.247,8,"student_top_inst/Core_cpu/u_core_top/u_dcache/u_tag_bank/mem_q_reg/CLKBWRCLK","student_top_inst/Core_cpu/u_core_top/exec_q_reg[op1][2]/CE","setup"
916,-0.560,5.000,5.247,8,"student_top_inst/Core_cpu/u_core_top/u_dcache/u_tag_bank/mem_q_reg/CLKBWRCLK","student_top_inst/Core_cpu/u_core_top/exec_q_reg[op1][7]/CE","setup"
917,-0.560,5.000,5.247,8,"student_top_inst/Core_cpu/u_core_top/u_dcache/u_tag_bank/mem_q_reg/CLKBWRCLK","student_top_inst/Core_cpu/u_core_top/exec_q_reg[uop][imm][1]/CE","setup"
918,-0.560,5.000,5.043,7,"student_top_inst/Core_cpu/u_core_top/u_dcache/u_tag_bank/mem_q_reg/CLKBWRCLK","student_top_inst/Core_cpu/u_core_top/u_dcache/g_data_bank[0].u_data_bank/mem_q_reg_0/ADDRBWRADDR[14]","setup"
919,-0.559,5.000,5.488,10,"student_top_inst/Core_cpu/u_core_top/u_dcache/u_tag_bank/mem_q_reg/CLKBWRCLK","student_top_inst/Core_cpu/u_core_top/exec_q_reg[op1][29]/D","setup"
920,-0.558,5.000,5.243,8,"student_top_inst/Core_cpu/u_core_top/u_dcache/u_tag_bank/mem_q_reg/CLKBWRCLK","student_top_inst/Core_cpu/u_core_top/scoreboard_q_reg[4][exception_cause][0]/CE","setup"
921,-0.558,5.000,5.243,8,"student_top_inst/Core_cpu/u_core_top/u_dcache/u_tag_bank/mem_q_reg/CLKBWRCLK","student_top_inst/Core_cpu/u_core_top/scoreboard_q_reg[4][exception_cause][3]/CE","setup"
922,-0.558,5.000,5.243,8,"student_top_inst/Core_cpu/u_core_top/u_dcache/u_tag_bank/mem_q_reg/CLKBWRCLK","student_top_inst/Core_cpu/u_core_top/scoreboard_q_reg[4][exception_tval][4]/CE","setup"
923,-0.556,5.000,5.217,8,"student_top_inst/Core_cpu/u_core_top/u_dcache/u_tag_bank/mem_q_reg/CLKBWRCLK","student_top_inst/Core_cpu/u_core_top/scoreboard_q_reg[4][exception_tval][12]/CE","setup"
924,-0.556,5.000,5.217,8,"student_top_inst/Core_cpu/u_core_top/u_dcache/u_tag_bank/mem_q_reg/CLKBWRCLK","student_top_inst/Core_cpu/u_core_top/scoreboard_q_reg[4][exception_tval][18]/CE","setup"
925,-0.556,5.000,5.217,8,"student_top_inst/Core_cpu/u_core_top/u_dcache/u_tag_bank/mem_q_reg/CLKBWRCLK","student_top_inst/Core_cpu/u_core_top/scoreboard_q_reg[4][exception_tval][26]/CE","setup"
926,-0.556,5.000,5.217,8,"student_top_inst/Core_cpu/u_core_top/u_dcache/u_tag_bank/mem_q_reg/CLKBWRCLK","student_top_inst/Core_cpu/u_core_top/scoreboard_q_reg[4][exception_tval][28]/CE","setup"
927,-0.555,5.000,5.447,10,"student_top_inst/Core_cpu/u_core_top/u_dcache/u_tag_bank/mem_q_reg/CLKBWRCLK","student_top_inst/Core_cpu/u_core_top/scoreboard_q_reg[7][result][26]/D","setup"
928,-0.555,5.000,5.454,9,"student_top_inst/Core_cpu/u_core_top/u_dcache/u_tag_bank/mem_q_reg/CLKBWRCLK","student_top_inst/Core_cpu/u_core_top/exec_q_reg[op1][4]/D","setup"
929,-0.554,5.000,5.248,10,"student_top_inst/Core_cpu/u_core_top/scoreboard_q_reg[3][fu][1]/C","student_top_inst/Core_cpu/u_core_top/scoreboard_q_reg[1][exception_cause][1]/CE","setup"
930,-0.554,5.000,5.248,10,"student_top_inst/Core_cpu/u_core_top/scoreboard_q_reg[3][fu][1]/C","student_top_inst/Core_cpu/u_core_top/scoreboard_q_reg[1][exception_tval][20]/CE","setup"
931,-0.554,5.000,5.248,10,"student_top_inst/Core_cpu/u_core_top/scoreboard_q_reg[3][fu][1]/C","student_top_inst/Core_cpu/u_core_top/scoreboard_q_reg[1][exception_tval][3]/CE","setup"
932,-0.554,5.000,5.248,10,"student_top_inst/Core_cpu/u_core_top/scoreboard_q_reg[3][fu][1]/C","student_top_inst/Core_cpu/u_core_top/scoreboard_q_reg[1][exception_tval][5]/CE","setup"
933,-0.553,5.000,5.480,9,"student_top_inst/Core_cpu/u_core_top/u_dcache/u_tag_bank/mem_q_reg/CLKBWRCLK","student_top_inst/Core_cpu/u_core_top/scoreboard_q_reg[0][result][21]/D","setup"
934,-0.553,5.000,5.451,10,"student_top_inst/Core_cpu/u_core_top/u_dcache/u_tag_bank/mem_q_reg/CLKBWRCLK","student_top_inst/Core_cpu/u_core_top/exec_q_reg[op1][22]/D","setup"
935,-0.553,5.000,5.219,8,"student_top_inst/Core_cpu/u_core_top/u_dcache/u_tag_bank/mem_q_reg/CLKBWRCLK","student_top_inst/Core_cpu/u_core_top/exec_q_reg[uop][pc][1]/CE","setup"
936,-0.553,5.000,5.219,8,"student_top_inst/Core_cpu/u_core_top/u_dcache/u_tag_bank/mem_q_reg/CLKBWRCLK","student_top_inst/Core_cpu/u_core_top/exec_q_reg[uop][pc][5]/CE","setup"
937,-0.552,5.000,5.260,10,"student_top_inst/Core_cpu/u_core_top/u_dcache/u_tag_bank/mem_q_reg/CLKBWRCLK","student_top_inst/Core_cpu/u_core_top/u_dcache/lookup_addr_q_reg[5]/CE","setup"
938,-0.552,5.000,5.260,10,"student_top_inst/Core_cpu/u_core_top/u_dcache/u_tag_bank/mem_q_reg/CLKBWRCLK","student_top_inst/Core_cpu/u_core_top/u_dcache/lookup_addr_q_reg[7]/CE","setup"
939,-0.552,5.000,5.260,10,"student_top_inst/Core_cpu/u_core_top/u_dcache/u_tag_bank/mem_q_reg/CLKBWRCLK","student_top_inst/Core_cpu/u_core_top/u_dcache/lookup_index_q_reg[3]/CE","setup"
940,-0.552,5.000,5.260,10,"student_top_inst/Core_cpu/u_core_top/u_dcache/u_tag_bank/mem_q_reg/CLKBWRCLK","student_top_inst/Core_cpu/u_core_top/u_dcache/lookup_index_q_reg[8]/CE","setup"
941,-0.552,5.000,5.260,10,"student_top_inst/Core_cpu/u_core_top/u_dcache/u_tag_bank/mem_q_reg/CLKBWRCLK","student_top_inst/Core_cpu/u_core_top/u_dcache/lookup_store_data_q_reg[24]/CE","setup"
942,-0.552,5.000,5.260,10,"student_top_inst/Core_cpu/u_core_top/u_dcache/u_tag_bank/mem_q_reg/CLKBWRCLK","student_top_inst/Core_cpu/u_core_top/u_dcache/lookup_store_data_q_reg[28]/CE","setup"
943,-0.552,5.000,5.260,10,"student_top_inst/Core_cpu/u_core_top/u_dcache/u_tag_bank/mem_q_reg/CLKBWRCLK","student_top_inst/Core_cpu/u_core_top/u_dcache/lookup_store_data_q_reg[30]/CE","setup"
944,-0.552,5.000,5.239,10,"student_top_inst/Core_cpu/u_core_top/u_dcache/u_tag_bank/mem_q_reg/CLKBWRCLK","student_top_inst/Core_cpu/u_core_top/load_q_reg[0][addr][14]/CE","setup"
945,-0.552,5.000,5.239,10,"student_top_inst/Core_cpu/u_core_top/u_dcache/u_tag_bank/mem_q_reg/CLKBWRCLK","student_top_inst/Core_cpu/u_core_top/load_q_reg[0][addr][2]/CE","setup"
946,-0.552,5.000,5.239,10,"student_top_inst/Core_cpu/u_core_top/u_dcache/u_tag_bank/mem_q_reg/CLKBWRCLK","student_top_inst/Core_cpu/u_core_top/load_q_reg[0][addr][4]/CE","setup"
947,-0.552,5.000,5.239,10,"student_top_inst/Core_cpu/u_core_top/u_dcache/u_tag_bank/mem_q_reg/CLKBWRCLK","student_top_inst/Core_cpu/u_core_top/load_q_reg[0][addr][8]/CE","setup"
948,-0.549,5.000,5.103,7,"student_top_inst/Core_cpu/u_core_top/u_dcache/u_tag_bank/mem_q_reg/CLKBWRCLK","student_top_inst/Core_cpu/u_core_top/u_dcache/g_data_bank[1].u_data_bank/mem_q_reg_0/ADDRBWRADDR[4]","setup"
949,-0.548,5.000,5.474,9,"student_top_inst/Core_cpu/u_core_top/u_dcache/u_tag_bank/mem_q_reg/CLKBWRCLK","student_top_inst/Core_cpu/u_core_top/scoreboard_q_reg[1][result][21]/D","setup"
950,-0.547,5.000,5.232,8,"student_top_inst/Core_cpu/u_core_top/u_dcache/u_tag_bank/mem_q_reg/CLKBWRCLK","student_top_inst/Core_cpu/u_core_top/scoreboard_q_reg[4][exception_tval][19]/CE","setup"
951,-0.547,5.000,5.232,8,"student_top_inst/Core_cpu/u_core_top/u_dcache/u_tag_bank/mem_q_reg/CLKBWRCLK","student_top_inst/Core_cpu/u_core_top/scoreboard_q_reg[4][exception_tval][29]/CE","setup"
952,-0.546,5.000,5.094,7,"student_top_inst/Core_cpu/u_core_top/u_dcache/u_tag_bank/mem_q_reg/CLKBWRCLK","student_top_inst/Core_cpu/u_core_top/u_dcache/g_data_bank[3].u_data_bank/mem_q_reg_1/ADDRBWRADDR[14]","setup"
953,-0.545,5.000,5.209,8,"student_top_inst/Core_cpu/u_core_top/u_dcache/u_tag_bank/mem_q_reg/CLKBWRCLK","student_top_inst/Core_cpu/u_core_top/exec_q_reg[op1][20]/CE","setup"
954,-0.545,5.000,5.209,8,"student_top_inst/Core_cpu/u_core_top/u_dcache/u_tag_bank/mem_q_reg/CLKBWRCLK","student_top_inst/Core_cpu/u_core_top/exec_q_reg[uop][imm][19]/CE","setup"
955,-0.545,5.000,5.209,8,"student_top_inst/Core_cpu/u_core_top/u_dcache/u_tag_bank/mem_q_reg/CLKBWRCLK","student_top_inst/Core_cpu/u_core_top/exec_q_reg[uop][imm][23]/CE","setup"
956,-0.545,5.000,5.209,8,"student_top_inst/Core_cpu/u_core_top/u_dcache/u_tag_bank/mem_q_reg/CLKBWRCLK","student_top_inst/Core_cpu/u_core_top/exec_q_reg[uop][imm][7]/CE","setup"
957,-0.545,5.000,5.445,10,"student_top_inst/Core_cpu/u_core_top/u_dcache/u_tag_bank/mem_q_reg/CLKBWRCLK","student_top_inst/Core_cpu/u_core_top/exec_q_reg[op1][8]/D","setup"
958,-0.544,5.000,5.126,8,"student_top_inst/Core_cpu/u_core_top/u_dcache/u_tag_bank/mem_q_reg/CLKBWRCLK","student_top_inst/Core_cpu/u_core_top/scoreboard_q_reg[4][csr_src][0]/R","setup"
959,-0.544,5.000,5.126,8,"student_top_inst/Core_cpu/u_core_top/u_dcache/u_tag_bank/mem_q_reg/CLKBWRCLK","student_top_inst/Core_cpu/u_core_top/scoreboard_q_reg[4][csr_src][10]/R","setup"
960,-0.544,5.000,5.126,8,"student_top_inst/Core_cpu/u_core_top/u_dcache/u_tag_bank/mem_q_reg/CLKBWRCLK","student_top_inst/Core_cpu/u_core_top/scoreboard_q_reg[4][csr_src][17]/R","setup"
961,-0.544,5.000,5.126,8,"student_top_inst/Core_cpu/u_core_top/u_dcache/u_tag_bank/mem_q_reg/CLKBWRCLK","student_top_inst/Core_cpu/u_core_top/scoreboard_q_reg[4][csr_src][18]/R","setup"
962,-0.544,5.000,5.126,8,"student_top_inst/Core_cpu/u_core_top/u_dcache/u_tag_bank/mem_q_reg/CLKBWRCLK","student_top_inst/Core_cpu/u_core_top/scoreboard_q_reg[4][csr_src][1]/R","setup"
963,-0.544,5.000,5.126,8,"student_top_inst/Core_cpu/u_core_top/u_dcache/u_tag_bank/mem_q_reg/CLKBWRCLK","student_top_inst/Core_cpu/u_core_top/scoreboard_q_reg[4][csr_src][3]/R","setup"
964,-0.544,5.000,5.126,8,"student_top_inst/Core_cpu/u_core_top/u_dcache/u_tag_bank/mem_q_reg/CLKBWRCLK","student_top_inst/Core_cpu/u_core_top/scoreboard_q_reg[4][csr_src][4]/R","setup"
965,-0.544,5.000,5.126,8,"student_top_inst/Core_cpu/u_core_top/u_dcache/u_tag_bank/mem_q_reg/CLKBWRCLK","student_top_inst/Core_cpu/u_core_top/scoreboard_q_reg[4][csr_src][5]/R","setup"
966,-0.543,5.000,5.257,10,"student_top_inst/Core_cpu/u_core_top/scoreboard_q_reg[3][fu][1]/C","student_top_inst/Core_cpu/u_core_top/scoreboard_q_reg[1][exception_tval][18]/CE","setup"
967,-0.543,5.000,5.257,10,"student_top_inst/Core_cpu/u_core_top/scoreboard_q_reg[3][fu][1]/C","student_top_inst/Core_cpu/u_core_top/scoreboard_q_reg[1][exception_tval][28]/CE","setup"
968,-0.543,5.000,5.257,10,"student_top_inst/Core_cpu/u_core_top/scoreboard_q_reg[3][fu][1]/C","student_top_inst/Core_cpu/u_core_top/scoreboard_q_reg[1][exception_tval][6]/CE","setup"
969,-0.543,5.000,5.257,10,"student_top_inst/Core_cpu/u_core_top/scoreboard_q_reg[3][fu][1]/C","student_top_inst/Core_cpu/u_core_top/scoreboard_q_reg[1][exception_tval][7]/CE","setup"
970,-0.542,5.000,5.104,7,"student_top_inst/Core_cpu/u_core_top/u_dcache/u_tag_bank/mem_q_reg/CLKBWRCLK","student_top_inst/Core_cpu/u_core_top/scoreboard_q_reg[2][result][14]/R","setup"
971,-0.542,5.000,5.104,7,"student_top_inst/Core_cpu/u_core_top/u_dcache/u_tag_bank/mem_q_reg/CLKBWRCLK","student_top_inst/Core_cpu/u_core_top/scoreboard_q_reg[2][result][31]/R","setup"
972,-0.542,5.000,5.505,12,"student_top_inst/Core_cpu/u_core_top/store_head_q_reg[1]/C","student_top_inst/Core_cpu/u_core_top/load_active_meta_q_reg[forward_data][13]/D","setup"
973,-0.542,5.000,5.442,10,"student_top_inst/Core_cpu/u_core_top/u_dcache/u_tag_bank/mem_q_reg/CLKBWRCLK","student_top_inst/Core_cpu/u_core_top/exec_q_reg[op2][18]/D","setup"
974,-0.542,5.000,5.228,8,"student_top_inst/Core_cpu/u_core_top/u_dcache/u_tag_bank/mem_q_reg/CLKBWRCLK","student_top_inst/Core_cpu/u_core_top/exec_q_reg[op2][29]/CE","setup"
975,-0.542,5.000,5.228,8,"student_top_inst/Core_cpu/u_core_top/u_dcache/u_tag_bank/mem_q_reg/CLKBWRCLK","student_top_inst/Core_cpu/u_core_top/exec_q_reg[uop][alu_op][3]/CE","setup"
976,-0.542,5.000,5.228,8,"student_top_inst/Core_cpu/u_core_top/u_dcache/u_tag_bank/mem_q_reg/CLKBWRCLK","student_top_inst/Core_cpu/u_core_top/exec_q_reg[uop][instr][1]/CE","setup"
977,-0.542,5.000,5.228,8,"student_top_inst/Core_cpu/u_core_top/u_dcache/u_tag_bank/mem_q_reg/CLKBWRCLK","student_top_inst/Core_cpu/u_core_top/exec_q_reg[uop][pc][19]/CE","setup"
978,-0.542,5.000,5.228,8,"student_top_inst/Core_cpu/u_core_top/u_dcache/u_tag_bank/mem_q_reg/CLKBWRCLK","student_top_inst/Core_cpu/u_core_top/exec_q_reg[uop][pc][20]/CE","setup"
979,-0.542,5.000,5.203,8,"student_top_inst/Core_cpu/u_core_top/u_dcache/u_tag_bank/mem_q_reg/CLKBWRCLK","student_top_inst/Core_cpu/u_core_top/scoreboard_q_reg[3][exception_tval][2]/CE","setup"
980,-0.541,5.000,5.273,0,"student_top_inst/Core_cpu/u_core_top/u_dmem_regslice/req_addr_q_reg[3]/C","student_top_inst/mem_bridge/dram_adapter/dram/U0/inst_blk_mem_gen/gnbram.gnativebmg.native_blk_mem_gen/valid.cstr/ramloop[10].ram.r/prim_init.ram/DEVICE_7SERIES.NO_BMM_INFO.SP.SIMPLE_PRIM36.ram/ADDRARDADDR[4]","setup"
981,-0.540,5.000,5.465,10,"student_top_inst/Core_cpu/u_core_top/u_dcache/u_tag_bank/mem_q_reg/CLKBWRCLK","student_top_inst/Core_cpu/u_core_top/scoreboard_q_reg[5][result][30]/D","setup"
982,-0.539,5.000,5.432,10,"student_top_inst/Core_cpu/u_core_top/u_dcache/u_tag_bank/mem_q_reg/CLKBWRCLK","student_top_inst/Core_cpu/u_core_top/scoreboard_q_reg[4][result][28]/D","setup"
983,-0.539,5.000,5.462,10,"student_top_inst/Core_cpu/u_core_top/u_dcache/u_tag_bank/mem_q_reg/CLKBWRCLK","student_top_inst/Core_cpu/u_core_top/scoreboard_q_reg[6][result][26]/D","setup"
984,-0.539,5.000,5.222,8,"student_top_inst/Core_cpu/u_core_top/u_dcache/u_tag_bank/mem_q_reg/CLKBWRCLK","student_top_inst/Core_cpu/u_core_top/scoreboard_q_reg[7][exception_tval][11]/CE","setup"
985,-0.538,5.000,4.999,8,"student_top_inst/Core_cpu/u_core_top/scoreboard_q_reg[3][fu][1]/C","student_top_inst/Core_cpu/u_core_top/u_muldiv/u_div/U0/i_synth/i_has_input_skid.i_2to1/gen_has_z_tready.reg1_a_tdata_reg[16]/CE","setup"
986,-0.538,5.000,4.999,8,"student_top_inst/Core_cpu/u_core_top/scoreboard_q_reg[3][fu][1]/C","student_top_inst/Core_cpu/u_core_top/u_muldiv/u_div/U0/i_synth/i_has_input_skid.i_2to1/gen_has_z_tready.reg1_a_tdata_reg[17]/CE","setup"
987,-0.538,5.000,5.114,8,"student_top_inst/Core_cpu/u_core_top/u_dcache/u_tag_bank/mem_q_reg/CLKBWRCLK","student_top_inst/Core_cpu/u_core_top/scoreboard_q_reg[5][csr_src][11]/R","setup"
988,-0.538,5.000,5.114,8,"student_top_inst/Core_cpu/u_core_top/u_dcache/u_tag_bank/mem_q_reg/CLKBWRCLK","student_top_inst/Core_cpu/u_core_top/scoreboard_q_reg[5][csr_src][12]/R","setup"
989,-0.538,5.000,5.114,8,"student_top_inst/Core_cpu/u_core_top/u_dcache/u_tag_bank/mem_q_reg/CLKBWRCLK","student_top_inst/Core_cpu/u_core_top/scoreboard_q_reg[5][csr_src][15]/R","setup"
990,-0.538,5.000,5.114,8,"student_top_inst/Core_cpu/u_core_top/u_dcache/u_tag_bank/mem_q_reg/CLKBWRCLK","student_top_inst/Core_cpu/u_core_top/scoreboard_q_reg[5][csr_src][16]/R","setup"
991,-0.538,5.000,5.114,8,"student_top_inst/Core_cpu/u_core_top/u_dcache/u_tag_bank/mem_q_reg/CLKBWRCLK","student_top_inst/Core_cpu/u_core_top/scoreboard_q_reg[5][csr_src][18]/R","setup"
992,-0.538,5.000,5.114,8,"student_top_inst/Core_cpu/u_core_top/u_dcache/u_tag_bank/mem_q_reg/CLKBWRCLK","student_top_inst/Core_cpu/u_core_top/scoreboard_q_reg[5][csr_src][31]/R","setup"
993,-0.538,5.000,5.114,8,"student_top_inst/Core_cpu/u_core_top/u_dcache/u_tag_bank/mem_q_reg/CLKBWRCLK","student_top_inst/Core_cpu/u_core_top/scoreboard_q_reg[5][csr_src][8]/R","setup"
994,-0.538,5.000,5.116,7,"student_top_inst/Core_cpu/u_core_top/u_dcache/u_tag_bank/mem_q_reg/CLKBWRCLK","student_top_inst/Core_cpu/u_core_top/scoreboard_q_reg[3][result][27]/R","setup"
995,-0.538,5.000,5.116,7,"student_top_inst/Core_cpu/u_core_top/u_dcache/u_tag_bank/mem_q_reg/CLKBWRCLK","student_top_inst/Core_cpu/u_core_top/scoreboard_q_reg[3][result][28]/R","setup"
996,-0.538,5.000,5.116,7,"student_top_inst/Core_cpu/u_core_top/u_dcache/u_tag_bank/mem_q_reg/CLKBWRCLK","student_top_inst/Core_cpu/u_core_top/scoreboard_q_reg[3][result][31]/R","setup"
997,-0.536,5.000,5.085,7,"student_top_inst/Core_cpu/u_core_top/u_dcache/u_tag_bank/mem_q_reg/CLKBWRCLK","student_top_inst/Core_cpu/u_core_top/u_dcache/g_data_bank[3].u_data_bank/mem_q_reg_1/ADDRBWRADDR[4]","setup"
998,-0.535,5.000,5.129,9,"student_top_inst/Core_cpu/u_core_top/scoreboard_q_reg[3][fu][1]/C","student_top_inst/Core_cpu/u_core_top/scoreboard_q_reg[0][result][0]/R","setup"
999,-0.535,5.000,5.129,9,"student_top_inst/Core_cpu/u_core_top/scoreboard_q_reg[3][fu][1]/C","student_top_inst/Core_cpu/u_core_top/scoreboard_q_reg[0][result][10]/R","setup"
1000,-0.535,5.000,5.129,9,"student_top_inst/Core_cpu/u_core_top/scoreboard_q_reg[3][fu][1]/C","student_top_inst/Core_cpu/u_core_top/scoreboard_q_reg[0][result][1]/R","setup"
1001,-0.535,5.000,5.200,8,"student_top_inst/Core_cpu/u_core_top/u_dcache/u_tag_bank/mem_q_reg/CLKBWRCLK","student_top_inst/Core_cpu/u_core_top/exec_q_reg[op1][8]/CE","setup"
1002,-0.535,5.000,5.200,8,"student_top_inst/Core_cpu/u_core_top/u_dcache/u_tag_bank/mem_q_reg/CLKBWRCLK","student_top_inst/Core_cpu/u_core_top/exec_q_reg[op2][25]/CE","setup"
1003,-0.534,5.000,5.218,7,"student_top_inst/Core_cpu/u_core_top/u_dcache/u_tag_bank/mem_q_reg/CLKBWRCLK","student_top_inst/Core_cpu/u_core_top/scoreboard_q_reg[3][is_return]/CE","setup"
1004,-0.534,5.000,5.429,9,"student_top_inst/Core_cpu/u_core_top/u_dcache/u_tag_bank/mem_q_reg/CLKBWRCLK","student_top_inst/Core_cpu/u_core_top/exec_q_reg[op1][5]/D","setup"
1005,-0.534,5.000,5.126,7,"student_top_inst/Core_cpu/u_core_top/u_dcache/u_tag_bank/mem_q_reg/CLKBWRCLK","student_top_inst/Core_cpu/u_core_top/scoreboard_q_reg[3][rd][3]/CE","setup"
1006,-0.533,5.000,5.217,8,"student_top_inst/Core_cpu/u_core_top/u_dcache/u_tag_bank/mem_q_reg/CLKBWRCLK","student_top_inst/Core_cpu/u_core_top/exec_q_reg[op2][15]/CE","setup"
1007,-0.533,5.000,5.200,8,"student_top_inst/Core_cpu/u_core_top/u_dcache/u_tag_bank/mem_q_reg/CLKBWRCLK","student_top_inst/Core_cpu/u_core_top/exec_q_reg[uop][imm][11]/CE","setup"
1008,-0.533,5.000,5.432,10,"student_top_inst/Core_cpu/u_core_top/u_dcache/u_tag_bank/mem_q_reg/CLKBWRCLK","student_top_inst/Core_cpu/u_core_top/exec_q_reg[op1][13]/D","setup"
1009,-0.533,5.000,5.458,9,"student_top_inst/Core_cpu/u_core_top/u_dcache/u_tag_bank/mem_q_reg/CLKBWRCLK","student_top_inst/Core_cpu/u_core_top/scoreboard_q_reg[4][result][21]/D","setup"
1010,-0.532,5.000,5.425,9,"student_top_inst/Core_cpu/u_core_top/u_dcache/u_tag_bank/mem_q_reg/CLKBWRCLK","student_top_inst/Core_cpu/u_core_top/scoreboard_q_reg[0][result][17]/D","setup"
1011,-0.532,5.000,5.428,10,"student_top_inst/Core_cpu/u_core_top/u_dcache/u_tag_bank/mem_q_reg/CLKBWRCLK","student_top_inst/Core_cpu/u_core_top/exec_q_reg[op2][19]/D","setup"
1012,-0.531,5.000,5.428,10,"student_top_inst/Core_cpu/u_core_top/u_dcache/u_tag_bank/mem_q_reg/CLKBWRCLK","student_top_inst/Core_cpu/u_core_top/exec_q_reg[op1][19]/D","setup"
1013,-0.531,5.000,4.984,8,"student_top_inst/Core_cpu/u_core_top/scoreboard_q_reg[3][fu][1]/C","student_top_inst/Core_cpu/u_core_top/u_muldiv/u_div/U0/i_synth/i_has_input_skid.i_2to1/gen_has_z_tready.reg1_b_tdata_reg[12]/CE","setup"
1014,-0.531,5.000,4.984,8,"student_top_inst/Core_cpu/u_core_top/scoreboard_q_reg[3][fu][1]/C","student_top_inst/Core_cpu/u_core_top/u_muldiv/u_div/U0/i_synth/i_has_input_skid.i_2to1/gen_has_z_tready.reg1_b_tdata_reg[13]/CE","setup"
1015,-0.531,5.000,4.984,8,"student_top_inst/Core_cpu/u_core_top/scoreboard_q_reg[3][fu][1]/C","student_top_inst/Core_cpu/u_core_top/u_muldiv/u_div/U0/i_synth/i_has_input_skid.i_2to1/gen_has_z_tready.reg1_b_tdata_reg[28]/CE","setup"
1016,-0.531,5.000,4.984,8,"student_top_inst/Core_cpu/u_core_top/scoreboard_q_reg[3][fu][1]/C","student_top_inst/Core_cpu/u_core_top/u_muldiv/u_div/U0/i_synth/i_has_input_skid.i_2to1/gen_has_z_tready.reg1_b_tdata_reg[29]/CE","setup"
1017,-0.530,5.000,5.422,9,"student_top_inst/Core_cpu/u_core_top/u_dcache/u_tag_bank/mem_q_reg/CLKBWRCLK","student_top_inst/Core_cpu/u_core_top/scoreboard_q_reg[3][result][9]/D","setup"
1018,-0.530,5.000,5.192,8,"student_top_inst/Core_cpu/u_core_top/u_dcache/u_tag_bank/mem_q_reg/CLKBWRCLK","student_top_inst/Core_cpu/u_core_top/scoreboard_q_reg[3][exception_tval][13]/CE","setup"
1019,-0.530,5.000,5.192,8,"student_top_inst/Core_cpu/u_core_top/u_dcache/u_tag_bank/mem_q_reg/CLKBWRCLK","student_top_inst/Core_cpu/u_core_top/scoreboard_q_reg[3][exception_tval][15]/CE","setup"
1020,-0.530,5.000,5.192,8,"student_top_inst/Core_cpu/u_core_top/u_dcache/u_tag_bank/mem_q_reg/CLKBWRCLK","student_top_inst/Core_cpu/u_core_top/scoreboard_q_reg[3][exception_tval][27]/CE","setup"
1021,-0.530,5.000,5.192,8,"student_top_inst/Core_cpu/u_core_top/u_dcache/u_tag_bank/mem_q_reg/CLKBWRCLK","student_top_inst/Core_cpu/u_core_top/scoreboard_q_reg[3][exception_tval][31]/CE","setup"
1022,-0.529,5.000,5.460,12,"student_top_inst/Core_cpu/u_core_top/store_head_q_reg[1]/C","student_top_inst/Core_cpu/u_core_top/load_active_meta_q_reg[forward_data][7]/D","setup"
1023,-0.528,5.000,5.423,10,"student_top_inst/Core_cpu/u_core_top/u_dcache/u_tag_bank/mem_q_reg/CLKBWRCLK","student_top_inst/Core_cpu/u_core_top/scoreboard_q_reg[0][result][26]/D","setup"
1024,-0.527,5.000,5.222,10,"student_top_inst/Core_cpu/u_core_top/scoreboard_q_reg[3][fu][1]/C","student_top_inst/Core_cpu/u_core_top/scoreboard_q_reg[0][exception_tval][18]/CE","setup"
1025,-0.527,5.000,5.222,10,"student_top_inst/Core_cpu/u_core_top/scoreboard_q_reg[3][fu][1]/C","student_top_inst/Core_cpu/u_core_top/scoreboard_q_reg[0][exception_tval][28]/CE","setup"
1026,-0.527,5.000,5.222,10,"student_top_inst/Core_cpu/u_core_top/scoreboard_q_reg[3][fu][1]/C","student_top_inst/Core_cpu/u_core_top/scoreboard_q_reg[0][exception_tval][2]/CE","setup"
1027,-0.527,5.000,5.222,10,"student_top_inst/Core_cpu/u_core_top/scoreboard_q_reg[3][fu][1]/C","student_top_inst/Core_cpu/u_core_top/scoreboard_q_reg[0][exception_tval][4]/CE","setup"
1028,-0.527,5.000,5.428,10,"student_top_inst/Core_cpu/u_core_top/u_dcache/u_tag_bank/mem_q_reg/CLKBWRCLK","student_top_inst/Core_cpu/u_core_top/exec_q_reg[op1][18]/D","setup"
1029,-0.526,5.000,5.213,8,"student_top_inst/Core_cpu/u_core_top/u_dcache/u_tag_bank/mem_q_reg/CLKBWRCLK","student_top_inst/Core_cpu/u_core_top/exec_mem_addr_q_reg[24]/CE","setup"
1030,-0.526,5.000,5.213,8,"student_top_inst/Core_cpu/u_core_top/u_dcache/u_tag_bank/mem_q_reg/CLKBWRCLK","student_top_inst/Core_cpu/u_core_top/exec_mem_addr_q_reg[25]/CE","setup"
1031,-0.526,5.000,5.213,8,"student_top_inst/Core_cpu/u_core_top/u_dcache/u_tag_bank/mem_q_reg/CLKBWRCLK","student_top_inst/Core_cpu/u_core_top/exec_mem_addr_q_reg[26]/CE","setup"
1032,-0.526,5.000,5.213,8,"student_top_inst/Core_cpu/u_core_top/u_dcache/u_tag_bank/mem_q_reg/CLKBWRCLK","student_top_inst/Core_cpu/u_core_top/exec_mem_addr_q_reg[27]/CE","setup"
1033,-0.526,5.000,5.085,7,"student_top_inst/Core_cpu/u_core_top/u_dcache/u_tag_bank/mem_q_reg/CLKBWRCLK","student_top_inst/Core_cpu/u_core_top/scoreboard_q_reg[4][result][30]/R","setup"
1034,-0.525,5.000,5.448,10,"student_top_inst/Core_cpu/u_core_top/u_dcache/u_tag_bank/mem_q_reg/CLKBWRCLK","student_top_inst/Core_cpu/u_core_top/scoreboard_q_reg[6][result][30]/D","setup"
1035,-0.525,5.000,5.448,10,"student_top_inst/Core_cpu/u_core_top/u_dcache/u_tag_bank/mem_q_reg/CLKBWRCLK","student_top_inst/Core_cpu/u_core_top/scoreboard_q_reg[5][result][24]/D","setup"
1036,-0.525,5.000,5.449,10,"student_top_inst/Core_cpu/u_core_top/u_dcache/u_tag_bank/mem_q_reg/CLKBWRCLK","student_top_inst/Core_cpu/u_core_top/scoreboard_q_reg[3][result][28]/D","setup"
1037,-0.525,5.000,5.390,10,"student_top_inst/Core_cpu/u_core_top/u_dcache/u_tag_bank/mem_q_reg/CLKBWRCLK","student_top_inst/Core_cpu/u_core_top/u_dcache/lookup_valid_q_reg/D","setup"
1038,-0.525,5.000,5.119,9,"student_top_inst/Core_cpu/u_core_top/scoreboard_q_reg[3][fu][1]/C","student_top_inst/Core_cpu/u_core_top/scoreboard_q_reg[1][result][3]/R","setup"
1039,-0.525,5.000,5.119,9,"student_top_inst/Core_cpu/u_core_top/scoreboard_q_reg[3][fu][1]/C","student_top_inst/Core_cpu/u_core_top/scoreboard_q_reg[1][result][4]/R","setup"
1040,-0.524,5.000,5.491,12,"student_top_inst/Core_cpu/u_core_top/store_head_q_reg[1]/C","student_top_inst/Core_cpu/u_core_top/load_active_meta_q_reg[forward_data][6]/D","setup"
1041,-0.524,5.000,5.457,12,"student_top_inst/Core_cpu/u_core_top/store_head_q_reg[1]/C","student_top_inst/Core_cpu/u_core_top/load_q_reg[0][forward_data][15]/D","setup"
1042,-0.524,5.000,5.140,9,"student_top_inst/Core_cpu/u_core_top/scoreboard_q_reg[3][fu][1]/C","student_top_inst/Core_cpu/u_core_top/scoreboard_q_reg[0][result][2]/R","setup"
1043,-0.524,5.000,5.140,9,"student_top_inst/Core_cpu/u_core_top/scoreboard_q_reg[3][fu][1]/C","student_top_inst/Core_cpu/u_core_top/scoreboard_q_reg[0][result][5]/R","setup"
1044,-0.524,5.000,5.140,9,"student_top_inst/Core_cpu/u_core_top/scoreboard_q_reg[3][fu][1]/C","student_top_inst/Core_cpu/u_core_top/scoreboard_q_reg[0][result][6]/R","setup"
1045,-0.522,5.000,5.189,8,"student_top_inst/Core_cpu/u_core_top/u_dcache/u_tag_bank/mem_q_reg/CLKBWRCLK","student_top_inst/Core_cpu/u_core_top/exec_q_reg[op2][23]/CE","setup"
1046,-0.522,5.000,5.419,10,"student_top_inst/Core_cpu/u_core_top/u_dcache/u_tag_bank/mem_q_reg/CLKBWRCLK","student_top_inst/Core_cpu/u_core_top/exec_q_reg[op2][22]/D","setup"
1047,-0.522,5.000,5.424,9,"student_top_inst/Core_cpu/u_core_top/u_dcache/u_tag_bank/mem_q_reg/CLKBWRCLK","student_top_inst/Core_cpu/u_core_top/exec_q_reg[op2][0]/D","setup"
1048,-0.522,5.000,5.077,7,"student_top_inst/Core_cpu/u_core_top/u_dcache/u_tag_bank/mem_q_reg/CLKBWRCLK","student_top_inst/Core_cpu/u_core_top/scoreboard_q_reg[4][result][23]/R","setup"
1049,-0.522,5.000,5.077,7,"student_top_inst/Core_cpu/u_core_top/u_dcache/u_tag_bank/mem_q_reg/CLKBWRCLK","student_top_inst/Core_cpu/u_core_top/scoreboard_q_reg[4][result][26]/R","setup"
1050,-0.522,5.000,5.077,7,"student_top_inst/Core_cpu/u_core_top/u_dcache/u_tag_bank/mem_q_reg/CLKBWRCLK","student_top_inst/Core_cpu/u_core_top/scoreboard_q_reg[4][result][31]/R","setup"
1051,-0.521,5.000,5.414,8,"student_top_inst/Core_cpu/u_core_top/u_dcache/u_tag_bank/mem_q_reg/CLKBWRCLK","student_top_inst/Core_cpu/u_core_top/scoreboard_q_reg[3][result][3]/D","setup"
1052,-0.521,5.000,5.184,8,"student_top_inst/Core_cpu/u_core_top/u_dcache/u_tag_bank/mem_q_reg/CLKBWRCLK","student_top_inst/Core_cpu/u_core_top/scoreboard_q_reg[3][exception_tval][19]/CE","setup"
1053,-0.521,5.000,5.184,8,"student_top_inst/Core_cpu/u_core_top/u_dcache/u_tag_bank/mem_q_reg/CLKBWRCLK","student_top_inst/Core_cpu/u_core_top/scoreboard_q_reg[3][exception_tval][1]/CE","setup"
1054,-0.521,5.000,5.188,8,"student_top_inst/Core_cpu/u_core_top/u_dcache/u_tag_bank/mem_q_reg/CLKBWRCLK","student_top_inst/Core_cpu/u_core_top/exec_q_reg[op2][0]/CE","setup"
1055,-0.521,5.000,5.188,8,"student_top_inst/Core_cpu/u_core_top/u_dcache/u_tag_bank/mem_q_reg/CLKBWRCLK","student_top_inst/Core_cpu/u_core_top/exec_q_reg[op2][1]/CE","setup"
1056,-0.521,5.000,5.188,8,"student_top_inst/Core_cpu/u_core_top/u_dcache/u_tag_bank/mem_q_reg/CLKBWRCLK","student_top_inst/Core_cpu/u_core_top/exec_q_reg[op2][6]/CE","setup"
1057,-0.521,5.000,5.450,10,"student_top_inst/Core_cpu/u_core_top/u_dcache/u_tag_bank/mem_q_reg/CLKBWRCLK","student_top_inst/Core_cpu/u_core_top/exec_q_reg[op2][9]/D","setup"
1058,-0.520,5.000,5.209,8,"student_top_inst/Core_cpu/u_core_top/u_dcache/u_tag_bank/mem_q_reg/CLKBWRCLK","student_top_inst/Core_cpu/u_core_top/exec_q_reg[op2][11]/CE","setup"
1059,-0.520,5.000,5.209,8,"student_top_inst/Core_cpu/u_core_top/u_dcache/u_tag_bank/mem_q_reg/CLKBWRCLK","student_top_inst/Core_cpu/u_core_top/exec_q_reg[op2][14]/CE","setup"
1060,-0.520,5.000,5.209,8,"student_top_inst/Core_cpu/u_core_top/u_dcache/u_tag_bank/mem_q_reg/CLKBWRCLK","student_top_inst/Core_cpu/u_core_top/exec_q_reg[op2][2]/CE","setup"
1061,-0.519,5.000,5.185,8,"student_top_inst/Core_cpu/u_core_top/u_dcache/u_tag_bank/mem_q_reg/CLKBWRCLK","student_top_inst/Core_cpu/u_core_top/exec_q_reg[op1][27]/CE","setup"
1062,-0.518,5.000,4.956,0,"student_top_inst/cpu_rst_sync_reg/C","student_top_inst/Core_cpu/u_core_top/exec_q_reg[op1][22]/R","setup"
1063,-0.518,5.000,4.956,0,"student_top_inst/cpu_rst_sync_reg/C","student_top_inst/Core_cpu/u_core_top/exec_q_reg[op2][22]/R","setup"
1064,-0.518,5.000,4.956,0,"student_top_inst/cpu_rst_sync_reg/C","student_top_inst/Core_cpu/u_core_top/exec_q_reg[uop][instr][3]/R","setup"
1065,-0.518,5.000,4.956,0,"student_top_inst/cpu_rst_sync_reg/C","student_top_inst/Core_cpu/u_core_top/exec_q_reg[uop][rs1][1]/R","setup"
1066,-0.518,5.000,5.001,7,"student_top_inst/Core_cpu/u_core_top/u_dcache/u_tag_bank/mem_q_reg/CLKBWRCLK","student_top_inst/Core_cpu/u_core_top/u_dcache/g_data_bank[0].u_data_bank/mem_q_reg_0/ADDRBWRADDR[11]","setup"
1067,-0.518,5.000,5.205,9,"student_top_inst/Core_cpu/u_core_top/u_dcache/u_tag_bank/mem_q_reg/CLKBWRCLK","student_top_inst/Core_cpu/u_core_top/load_active_meta_q_reg[forward_data][1]/CE","setup"
1068,-0.518,5.000,5.205,9,"student_top_inst/Core_cpu/u_core_top/u_dcache/u_tag_bank/mem_q_reg/CLKBWRCLK","student_top_inst/Core_cpu/u_core_top/load_active_meta_q_reg[forward_data][22]/CE","setup"
1069,-0.517,5.000,5.072,7,"student_top_inst/Core_cpu/u_core_top/u_dcache/u_tag_bank/mem_q_reg/CLKBWRCLK","student_top_inst/Core_cpu/u_core_top/scoreboard_q_reg[5][result][16]/R","setup"
1070,-0.517,5.000,5.072,7,"student_top_inst/Core_cpu/u_core_top/u_dcache/u_tag_bank/mem_q_reg/CLKBWRCLK","student_top_inst/Core_cpu/u_core_top/scoreboard_q_reg[5][result][17]/R","setup"
1071,-0.517,5.000,5.072,7,"student_top_inst/Core_cpu/u_core_top/u_dcache/u_tag_bank/mem_q_reg/CLKBWRCLK","student_top_inst/Core_cpu/u_core_top/scoreboard_q_reg[5][result][20]/R","setup"
1072,-0.517,5.000,5.182,8,"student_top_inst/Core_cpu/u_core_top/u_dcache/u_tag_bank/mem_q_reg/CLKBWRCLK","student_top_inst/Core_cpu/u_core_top/exec_q_reg[op1][11]/CE","setup"
1073,-0.517,5.000,5.182,8,"student_top_inst/Core_cpu/u_core_top/u_dcache/u_tag_bank/mem_q_reg/CLKBWRCLK","student_top_inst/Core_cpu/u_core_top/exec_q_reg[op1][23]/CE","setup"
1074,-0.517,5.000,5.182,8,"student_top_inst/Core_cpu/u_core_top/u_dcache/u_tag_bank/mem_q_reg/CLKBWRCLK","student_top_inst/Core_cpu/u_core_top/exec_q_reg[op1][28]/CE","setup"
1075,-0.517,5.000,5.182,8,"student_top_inst/Core_cpu/u_core_top/u_dcache/u_tag_bank/mem_q_reg/CLKBWRCLK","student_top_inst/Core_cpu/u_core_top/exec_q_reg[uop][imm][25]/CE","setup"
1076,-0.517,5.000,5.076,7,"student_top_inst/Core_cpu/u_core_top/u_dcache/u_tag_bank/mem_q_reg/CLKBWRCLK","student_top_inst/Core_cpu/u_core_top/scoreboard_q_reg[1][csr_src][14]/R","setup"
1077,-0.517,5.000,5.076,7,"student_top_inst/Core_cpu/u_core_top/u_dcache/u_tag_bank/mem_q_reg/CLKBWRCLK","student_top_inst/Core_cpu/u_core_top/scoreboard_q_reg[1][csr_src][19]/R","setup"
1078,-0.517,5.000,5.076,7,"student_top_inst/Core_cpu/u_core_top/u_dcache/u_tag_bank/mem_q_reg/CLKBWRCLK","student_top_inst/Core_cpu/u_core_top/scoreboard_q_reg[1][csr_src][2]/R","setup"
1079,-0.517,5.000,5.076,7,"student_top_inst/Core_cpu/u_core_top/u_dcache/u_tag_bank/mem_q_reg/CLKBWRCLK","student_top_inst/Core_cpu/u_core_top/scoreboard_q_reg[1][csr_src][30]/R","setup"
1080,-0.517,5.000,5.076,7,"student_top_inst/Core_cpu/u_core_top/u_dcache/u_tag_bank/mem_q_reg/CLKBWRCLK","student_top_inst/Core_cpu/u_core_top/scoreboard_q_reg[1][csr_src][31]/R","setup"
1081,-0.517,5.000,4.973,8,"student_top_inst/Core_cpu/u_core_top/scoreboard_q_reg[3][fu][1]/C","student_top_inst/Core_cpu/u_core_top/u_muldiv/u_div/U0/i_synth/i_has_input_skid.i_2to1/gen_has_z_tready.reg1_b_tdata_reg[20]/CE","setup"
1082,-0.517,5.000,4.973,8,"student_top_inst/Core_cpu/u_core_top/scoreboard_q_reg[3][fu][1]/C","student_top_inst/Core_cpu/u_core_top/u_muldiv/u_div/U0/i_synth/i_has_input_skid.i_2to1/gen_has_z_tready.reg1_b_tdata_reg[21]/CE","setup"
1083,-0.517,5.000,5.482,12,"student_top_inst/Core_cpu/u_core_top/store_head_q_reg[1]/C","student_top_inst/Core_cpu/u_core_top/load_active_meta_q_reg[forward_data][10]/D","setup"
1084,-0.516,5.000,5.000,7,"student_top_inst/Core_cpu/u_core_top/u_dcache/u_tag_bank/mem_q_reg/CLKBWRCLK","student_top_inst/Core_cpu/u_core_top/u_dcache/g_data_bank[0].u_data_bank/mem_q_reg_0/ADDRBWRADDR[6]","setup"
1085,-0.516,5.000,5.439,10,"student_top_inst/Core_cpu/u_core_top/u_dcache/u_tag_bank/mem_q_reg/CLKBWRCLK","student_top_inst/Core_cpu/u_core_top/scoreboard_q_reg[7][result][28]/D","setup"
1086,-0.514,5.000,5.071,7,"student_top_inst/Core_cpu/u_core_top/u_dcache/u_tag_bank/mem_q_reg/CLKBWRCLK","student_top_inst/Core_cpu/u_core_top/scoreboard_q_reg[7][result][10]/R","setup"
1087,-0.514,5.000,5.071,7,"student_top_inst/Core_cpu/u_core_top/u_dcache/u_tag_bank/mem_q_reg/CLKBWRCLK","student_top_inst/Core_cpu/u_core_top/scoreboard_q_reg[7][result][21]/R","setup"
1088,-0.514,5.000,5.071,7,"student_top_inst/Core_cpu/u_core_top/u_dcache/u_tag_bank/mem_q_reg/CLKBWRCLK","student_top_inst/Core_cpu/u_core_top/scoreboard_q_reg[7][result][30]/R","setup"
1089,-0.514,5.000,5.071,7,"student_top_inst/Core_cpu/u_core_top/u_dcache/u_tag_bank/mem_q_reg/CLKBWRCLK","student_top_inst/Core_cpu/u_core_top/scoreboard_q_reg[7][result][7]/R","setup"
1090,-0.513,5.000,5.205,9,"student_top_inst/Core_cpu/u_core_top/u_dcache/u_tag_bank/mem_q_reg/CLKBWRCLK","student_top_inst/Core_cpu/u_core_top/load_active_meta_q_reg[forward_data][10]/CE","setup"
1091,-0.513,5.000,5.205,9,"student_top_inst/Core_cpu/u_core_top/u_dcache/u_tag_bank/mem_q_reg/CLKBWRCLK","student_top_inst/Core_cpu/u_core_top/load_active_meta_q_reg[forward_data][26]/CE","setup"
1092,-0.513,5.000,5.205,9,"student_top_inst/Core_cpu/u_core_top/u_dcache/u_tag_bank/mem_q_reg/CLKBWRCLK","student_top_inst/Core_cpu/u_core_top/load_active_meta_q_reg[forward_mask][3]/CE","setup"
1093,-0.513,5.000,4.991,7,"student_top_inst/Core_cpu/u_core_top/u_dcache/u_tag_bank/mem_q_reg/CLKBWRCLK","student_top_inst/Core_cpu/u_core_top/u_dcache/g_data_bank[2].u_data_bank/mem_q_reg_0/ADDRBWRADDR[11]","setup"
1094,-0.512,5.000,5.413,9,"student_top_inst/Core_cpu/u_core_top/u_dcache/u_tag_bank/mem_q_reg/CLKBWRCLK","student_top_inst/Core_cpu/u_core_top/scoreboard_q_reg[1][result][12]/D","setup"
1095,-0.512,5.000,5.200,8,"student_top_inst/Core_cpu/u_core_top/u_dcache/u_tag_bank/mem_q_reg/CLKBWRCLK","student_top_inst/Core_cpu/u_core_top/exec_q_reg[op1][31]/CE","setup"
1096,-0.512,5.000,5.200,8,"student_top_inst/Core_cpu/u_core_top/u_dcache/u_tag_bank/mem_q_reg/CLKBWRCLK","student_top_inst/Core_cpu/u_core_top/exec_q_reg[uop][imm][2]/CE","setup"
1097,-0.512,5.000,5.067,7,"student_top_inst/Core_cpu/u_core_top/u_dcache/u_tag_bank/mem_q_reg/CLKBWRCLK","student_top_inst/Core_cpu/u_core_top/scoreboard_q_reg[3][result][10]/R","setup"
1098,-0.512,5.000,5.067,7,"student_top_inst/Core_cpu/u_core_top/u_dcache/u_tag_bank/mem_q_reg/CLKBWRCLK","student_top_inst/Core_cpu/u_core_top/scoreboard_q_reg[3][result][5]/R","setup"
1099,-0.512,5.000,5.067,7,"student_top_inst/Core_cpu/u_core_top/u_dcache/u_tag_bank/mem_q_reg/CLKBWRCLK","student_top_inst/Core_cpu/u_core_top/scoreboard_q_reg[3][result][6]/R","setup"
1100,-0.511,5.000,4.751,0,"student_top_inst/cpu_rst_sync_reg/C","student_top_inst/Core_cpu/u_core_top/u_perf_counters/commit_o_reg[52]/R","setup"
1101,-0.511,5.000,4.751,0,"student_top_inst/cpu_rst_sync_reg/C","student_top_inst/Core_cpu/u_core_top/u_perf_counters/commit_o_reg[53]/R","setup"
1102,-0.511,5.000,4.751,0,"student_top_inst/cpu_rst_sync_reg/C","student_top_inst/Core_cpu/u_core_top/u_perf_counters/commit_o_reg[54]/R","setup"
1103,-0.511,5.000,4.751,0,"student_top_inst/cpu_rst_sync_reg/C","student_top_inst/Core_cpu/u_core_top/u_perf_counters/commit_o_reg[55]/R","setup"
1104,-0.510,5.000,5.167,8,"student_top_inst/Core_cpu/u_core_top/u_dcache/u_tag_bank/mem_q_reg/CLKBWRCLK","student_top_inst/Core_cpu/u_core_top/scoreboard_q_reg[5][exception_cause][1]/CE","setup"
1105,-0.510,5.000,5.167,8,"student_top_inst/Core_cpu/u_core_top/u_dcache/u_tag_bank/mem_q_reg/CLKBWRCLK","student_top_inst/Core_cpu/u_core_top/scoreboard_q_reg[5][exception_cause][3]/CE","setup"
1106,-0.510,5.000,5.167,8,"student_top_inst/Core_cpu/u_core_top/u_dcache/u_tag_bank/mem_q_reg/CLKBWRCLK","student_top_inst/Core_cpu/u_core_top/scoreboard_q_reg[5][exception_tval][23]/CE","setup"
1107,-0.510,5.000,5.167,8,"student_top_inst/Core_cpu/u_core_top/u_dcache/u_tag_bank/mem_q_reg/CLKBWRCLK","student_top_inst/Core_cpu/u_core_top/scoreboard_q_reg[5][exception_valid]/CE","setup"
1108,-0.510,5.000,5.400,9,"student_top_inst/Core_cpu/u_core_top/u_dcache/u_tag_bank/mem_q_reg/CLKBWRCLK","student_top_inst/Core_cpu/u_core_top/scoreboard_q_reg[7][result][18]/D","setup"
1109,-0.509,5.000,5.403,10,"student_top_inst/Core_cpu/u_core_top/u_dcache/u_tag_bank/mem_q_reg/CLKBWRCLK","student_top_inst/Core_cpu/u_core_top/scoreboard_q_reg[5][result][31]/D","setup"
1110,-0.509,5.000,5.203,10,"student_top_inst/Core_cpu/u_core_top/scoreboard_q_reg[3][fu][1]/C","student_top_inst/Core_cpu/u_core_top/scoreboard_q_reg[0][exception_tval][0]/CE","setup"
1111,-0.509,5.000,5.203,10,"student_top_inst/Core_cpu/u_core_top/scoreboard_q_reg[3][fu][1]/C","student_top_inst/Core_cpu/u_core_top/scoreboard_q_reg[0][exception_tval][14]/CE","setup"
1112,-0.509,5.000,5.203,10,"student_top_inst/Core_cpu/u_core_top/scoreboard_q_reg[3][fu][1]/C","student_top_inst/Core_cpu/u_core_top/scoreboard_q_reg[0][exception_tval][5]/CE","setup"
1113,-0.509,5.000,5.203,10,"student_top_inst/Core_cpu/u_core_top/scoreboard_q_reg[3][fu][1]/C","student_top_inst/Core_cpu/u_core_top/scoreboard_q_reg[0][exception_tval][7]/CE","setup"
1114,-0.508,5.000,5.401,9,"student_top_inst/Core_cpu/u_core_top/u_dcache/u_tag_bank/mem_q_reg/CLKBWRCLK","student_top_inst/Core_cpu/u_core_top/scoreboard_q_reg[6][result][8]/D","setup"
1115,-0.507,5.000,4.918,0,"student_top_inst/cpu_rst_sync_reg/C","student_top_inst/Core_cpu/u_core_top/u_perf_counters/commit_o_reg[32]/R","setup"
1116,-0.507,5.000,4.918,0,"student_top_inst/cpu_rst_sync_reg/C","student_top_inst/Core_cpu/u_core_top/u_perf_counters/commit_o_reg[33]/R","setup"
1117,-0.507,5.000,4.918,0,"student_top_inst/cpu_rst_sync_reg/C","student_top_inst/Core_cpu/u_core_top/u_perf_counters/commit_o_reg[34]/R","setup"
1118,-0.507,5.000,4.918,0,"student_top_inst/cpu_rst_sync_reg/C","student_top_inst/Core_cpu/u_core_top/u_perf_counters/commit_o_reg[35]/R","setup"
1119,-0.506,5.000,5.100,9,"student_top_inst/Core_cpu/u_core_top/scoreboard_q_reg[3][fu][1]/C","student_top_inst/Core_cpu/u_core_top/scoreboard_q_reg[1][result][0]/R","setup"
1120,-0.506,5.000,5.100,9,"student_top_inst/Core_cpu/u_core_top/scoreboard_q_reg[3][fu][1]/C","student_top_inst/Core_cpu/u_core_top/scoreboard_q_reg[1][result][2]/R","setup"
1121,-0.506,5.000,5.100,9,"student_top_inst/Core_cpu/u_core_top/scoreboard_q_reg[3][fu][1]/C","student_top_inst/Core_cpu/u_core_top/scoreboard_q_reg[1][result][5]/R","setup"
1122,-0.506,5.000,5.100,9,"student_top_inst/Core_cpu/u_core_top/scoreboard_q_reg[3][fu][1]/C","student_top_inst/Core_cpu/u_core_top/scoreboard_q_reg[1][result][6]/R","setup"
1123,-0.504,5.000,5.100,9,"student_top_inst/Core_cpu/u_core_top/scoreboard_q_reg[3][fu][1]/C","student_top_inst/Core_cpu/u_core_top/scoreboard_q_reg[1][result][10]/R","setup"
1124,-0.504,5.000,5.100,9,"student_top_inst/Core_cpu/u_core_top/scoreboard_q_reg[3][fu][1]/C","student_top_inst/Core_cpu/u_core_top/scoreboard_q_reg[1][result][28]/R","setup"
1125,-0.504,5.000,5.100,9,"student_top_inst/Core_cpu/u_core_top/scoreboard_q_reg[3][fu][1]/C","student_top_inst/Core_cpu/u_core_top/scoreboard_q_reg[1][result][7]/R","setup"
1126,-0.504,5.000,5.100,9,"student_top_inst/Core_cpu/u_core_top/scoreboard_q_reg[3][fu][1]/C","student_top_inst/Core_cpu/u_core_top/scoreboard_q_reg[1][result][8]/R","setup"
1127,-0.503,5.000,5.396,11,"student_top_inst/Core_cpu/u_core_top/store_head_q_reg[1]/C","student_top_inst/Core_cpu/u_core_top/load_q_reg[1][forward_data][6]/D","setup"
1128,-0.503,5.000,5.199,10,"student_top_inst/Core_cpu/u_core_top/scoreboard_q_reg[3][fu][1]/C","student_top_inst/Core_cpu/u_core_top/scoreboard_q_reg[0][exception_tval][16]/CE","setup"
1129,-0.503,5.000,5.199,10,"student_top_inst/Core_cpu/u_core_top/scoreboard_q_reg[3][fu][1]/C","student_top_inst/Core_cpu/u_core_top/scoreboard_q_reg[0][exception_tval][22]/CE","setup"
1130,-0.503,5.000,5.199,10,"student_top_inst/Core_cpu/u_core_top/scoreboard_q_reg[3][fu][1]/C","student_top_inst/Core_cpu/u_core_top/scoreboard_q_reg[0][exception_tval][23]/CE","setup"
1131,-0.503,5.000,5.199,10,"student_top_inst/Core_cpu/u_core_top/scoreboard_q_reg[3][fu][1]/C","student_top_inst/Core_cpu/u_core_top/scoreboard_q_reg[0][exception_tval][31]/CE","setup"
1132,-0.503,5.000,5.167,9,"student_top_inst/Core_cpu/u_core_top/u_dcache/u_tag_bank/mem_q_reg/CLKBWRCLK","student_top_inst/Core_cpu/u_core_top/load_active_meta_q_reg[forward_mask][0]/CE","setup"
1133,-0.503,5.000,5.167,9,"student_top_inst/Core_cpu/u_core_top/u_dcache/u_tag_bank/mem_q_reg/CLKBWRCLK","student_top_inst/Core_cpu/u_core_top/load_active_meta_q_reg[forward_mask][2]/CE","setup"
1134,-0.503,5.000,5.167,9,"student_top_inst/Core_cpu/u_core_top/u_dcache/u_tag_bank/mem_q_reg/CLKBWRCLK","student_top_inst/Core_cpu/u_core_top/load_active_meta_q_reg[trans_id][1]/CE","setup"
1135,-0.502,5.000,5.165,8,"student_top_inst/Core_cpu/u_core_top/u_dcache/u_tag_bank/mem_q_reg/CLKBWRCLK","student_top_inst/Core_cpu/u_core_top/scoreboard_q_reg[4][exception_tval][23]/CE","setup"
1136,-0.502,5.000,5.165,8,"student_top_inst/Core_cpu/u_core_top/u_dcache/u_tag_bank/mem_q_reg/CLKBWRCLK","student_top_inst/Core_cpu/u_core_top/scoreboard_q_reg[4][exception_tval][24]/CE","setup"
1137,-0.502,5.000,5.165,8,"student_top_inst/Core_cpu/u_core_top/u_dcache/u_tag_bank/mem_q_reg/CLKBWRCLK","student_top_inst/Core_cpu/u_core_top/scoreboard_q_reg[4][exception_tval][30]/CE","setup"
1138,-0.502,5.000,5.165,8,"student_top_inst/Core_cpu/u_core_top/u_dcache/u_tag_bank/mem_q_reg/CLKBWRCLK","student_top_inst/Core_cpu/u_core_top/scoreboard_q_reg[4][exception_tval][31]/CE","setup"
1139,-0.502,5.000,5.164,7,"student_top_inst/Core_cpu/u_core_top/u_dcache/u_tag_bank/mem_q_reg/CLKBWRCLK","student_top_inst/Core_cpu/u_core_top/scoreboard_q_reg[1][result][1]/CE","setup"
1140,-0.502,5.000,5.427,10,"student_top_inst/Core_cpu/u_core_top/u_dcache/u_tag_bank/mem_q_reg/CLKBWRCLK","student_top_inst/Core_cpu/u_core_top/scoreboard_q_reg[5][result][28]/D","setup"
1141,-0.500,5.000,4.984,7,"student_top_inst/Core_cpu/u_core_top/u_dcache/u_tag_bank/mem_q_reg/CLKBWRCLK","student_top_inst/Core_cpu/u_core_top/u_dcache/g_data_bank[0].u_data_bank/mem_q_reg_0/ADDRBWRADDR[10]","setup"
1142,-0.500,5.000,5.394,10,"student_top_inst/Core_cpu/u_core_top/u_dcache/u_tag_bank/mem_q_reg/CLKBWRCLK","student_top_inst/Core_cpu/u_core_top/scoreboard_q_reg[3][result][23]/D","setup"
1143,-0.499,5.000,4.956,8,"student_top_inst/Core_cpu/u_core_top/scoreboard_q_reg[3][fu][1]/C","student_top_inst/Core_cpu/u_core_top/u_muldiv/u_div/U0/i_synth/i_has_input_skid.i_2to1/gen_has_z_tready.reg1_b_tdata_reg[2]/CE","setup"
1144,-0.499,5.000,4.956,8,"student_top_inst/Core_cpu/u_core_top/scoreboard_q_reg[3][fu][1]/C","student_top_inst/Core_cpu/u_core_top/u_muldiv/u_div/U0/i_synth/i_has_input_skid.i_2to1/gen_has_z_tready.reg1_b_tdata_reg[3]/CE","setup"
1145,-0.499,5.000,4.956,8,"student_top_inst/Core_cpu/u_core_top/scoreboard_q_reg[3][fu][1]/C","student_top_inst/Core_cpu/u_core_top/u_muldiv/u_div/U0/i_synth/i_has_input_skid.i_2to1/gen_has_z_tready.reg1_b_tdata_reg[9]/CE","setup"
1146,-0.499,5.000,4.738,0,"student_top_inst/cpu_rst_sync_reg/C","student_top_inst/Core_cpu/u_core_top/u_perf_counters/commit_o_reg[60]/R","setup"
1147,-0.499,5.000,4.738,0,"student_top_inst/cpu_rst_sync_reg/C","student_top_inst/Core_cpu/u_core_top/u_perf_counters/commit_o_reg[61]/R","setup"
1148,-0.499,5.000,4.738,0,"student_top_inst/cpu_rst_sync_reg/C","student_top_inst/Core_cpu/u_core_top/u_perf_counters/commit_o_reg[62]/R","setup"
1149,-0.499,5.000,4.738,0,"student_top_inst/cpu_rst_sync_reg/C","student_top_inst/Core_cpu/u_core_top/u_perf_counters/commit_o_reg[63]/R","setup"
1150,-0.498,5.000,4.738,0,"student_top_inst/cpu_rst_sync_reg/C","student_top_inst/Core_cpu/u_core_top/u_perf_counters/commit_o_reg[56]/R","setup"
1151,-0.498,5.000,4.738,0,"student_top_inst/cpu_rst_sync_reg/C","student_top_inst/Core_cpu/u_core_top/u_perf_counters/commit_o_reg[57]/R","setup"
1152,-0.498,5.000,4.738,0,"student_top_inst/cpu_rst_sync_reg/C","student_top_inst/Core_cpu/u_core_top/u_perf_counters/commit_o_reg[58]/R","setup"
1153,-0.498,5.000,4.738,0,"student_top_inst/cpu_rst_sync_reg/C","student_top_inst/Core_cpu/u_core_top/u_perf_counters/commit_o_reg[59]/R","setup"
1154,-0.496,5.000,5.194,10,"student_top_inst/Core_cpu/u_core_top/scoreboard_q_reg[3][fu][1]/C","student_top_inst/Core_cpu/u_core_top/scoreboard_q_reg[0][exception_tval][13]/CE","setup"
1155,-0.496,5.000,5.194,10,"student_top_inst/Core_cpu/u_core_top/scoreboard_q_reg[3][fu][1]/C","student_top_inst/Core_cpu/u_core_top/scoreboard_q_reg[0][exception_tval][24]/CE","setup"
1156,-0.496,5.000,5.194,10,"student_top_inst/Core_cpu/u_core_top/scoreboard_q_reg[3][fu][1]/C","student_top_inst/Core_cpu/u_core_top/scoreboard_q_reg[0][exception_tval][27]/CE","setup"
1157,-0.496,5.000,5.194,10,"student_top_inst/Core_cpu/u_core_top/scoreboard_q_reg[3][fu][1]/C","student_top_inst/Core_cpu/u_core_top/scoreboard_q_reg[0][exception_tval][29]/CE","setup"
1158,-0.496,5.000,5.430,9,"student_top_inst/Core_cpu/u_core_top/u_dcache/u_tag_bank/mem_q_reg/CLKBWRCLK","student_top_inst/Core_cpu/u_core_top/exec_q_reg[op2][2]/D","setup"
1159,-0.495,5.000,5.155,7,"student_top_inst/Core_cpu/u_core_top/u_dcache/u_tag_bank/mem_q_reg/CLKBWRCLK","student_top_inst/Core_cpu/u_core_top/scoreboard_q_reg[3][pc][8]/CE","setup"
1160,-0.495,5.000,5.155,7,"student_top_inst/Core_cpu/u_core_top/u_dcache/u_tag_bank/mem_q_reg/CLKBWRCLK","student_top_inst/Core_cpu/u_core_top/scoreboard_q_reg[3][rd][4]/CE","setup"
1161,-0.495,5.000,4.956,0,"student_top_inst/cpu_rst_sync_reg/C","student_top_inst/Core_cpu/u_core_top/exec_mem_addr_q_reg[20]/R","setup"
1162,-0.495,5.000,4.956,0,"student_top_inst/cpu_rst_sync_reg/C","student_top_inst/Core_cpu/u_core_top/exec_mem_addr_q_reg[21]/R","setup"
1163,-0.495,5.000,4.956,0,"student_top_inst/cpu_rst_sync_reg/C","student_top_inst/Core_cpu/u_core_top/exec_mem_addr_q_reg[22]/R","setup"
1164,-0.495,5.000,4.956,0,"student_top_inst/cpu_rst_sync_reg/C","student_top_inst/Core_cpu/u_core_top/exec_mem_addr_q_reg[23]/R","setup"
1165,-0.494,5.000,4.950,8,"student_top_inst/Core_cpu/u_core_top/scoreboard_q_reg[3][fu][1]/C","student_top_inst/Core_cpu/u_core_top/u_muldiv/u_div/U0/i_synth/i_has_input_skid.i_2to1/gen_has_z_tready.reg1_b_tdata_reg[14]/CE","setup"
1166,-0.494,5.000,4.950,8,"student_top_inst/Core_cpu/u_core_top/scoreboard_q_reg[3][fu][1]/C","student_top_inst/Core_cpu/u_core_top/u_muldiv/u_div/U0/i_synth/i_has_input_skid.i_2to1/gen_has_z_tready.reg1_b_tdata_reg[15]/CE","setup"
1167,-0.493,5.000,5.280,0,"student_top_inst/Core_cpu/u_core_top/u_dmem_regslice/req_addr_q_reg[3]/C","student_top_inst/mem_bridge/dram_adapter/dram/U0/inst_blk_mem_gen/gnbram.gnativebmg.native_blk_mem_gen/valid.cstr/ramloop[11].ram.r/prim_init.ram/DEVICE_7SERIES.NO_BMM_INFO.SP.SIMPLE_PRIM36.ram/ADDRARDADDR[4]","setup"
1168,-0.493,5.000,4.950,8,"student_top_inst/Core_cpu/u_core_top/scoreboard_q_reg[3][fu][1]/C","student_top_inst/Core_cpu/u_core_top/u_muldiv/u_div/U0/i_synth/i_has_input_skid.i_2to1/gen_has_z_tready.reg1_b_tdata_reg[6]/CE","setup"
1169,-0.493,5.000,4.950,8,"student_top_inst/Core_cpu/u_core_top/scoreboard_q_reg[3][fu][1]/C","student_top_inst/Core_cpu/u_core_top/u_muldiv/u_div/U0/i_synth/i_has_input_skid.i_2to1/gen_has_z_tready.reg1_b_tdata_reg[7]/CE","setup"
1170,-0.491,5.000,5.457,12,"student_top_inst/Core_cpu/u_core_top/store_head_q_reg[1]/C","student_top_inst/Core_cpu/u_core_top/load_active_meta_q_reg[forward_data][12]/D","setup"
1171,-0.491,5.000,5.188,10,"student_top_inst/Core_cpu/u_core_top/scoreboard_q_reg[3][fu][1]/C","student_top_inst/Core_cpu/u_core_top/scoreboard_q_reg[1][exception_tval][13]/CE","setup"
1172,-0.491,5.000,5.188,10,"student_top_inst/Core_cpu/u_core_top/scoreboard_q_reg[3][fu][1]/C","student_top_inst/Core_cpu/u_core_top/scoreboard_q_reg[1][exception_tval][15]/CE","setup"
1173,-0.491,5.000,5.188,10,"student_top_inst/Core_cpu/u_core_top/scoreboard_q_reg[3][fu][1]/C","student_top_inst/Core_cpu/u_core_top/scoreboard_q_reg[1][exception_tval][1]/CE","setup"
1174,-0.491,5.000,5.188,10,"student_top_inst/Core_cpu/u_core_top/scoreboard_q_reg[3][fu][1]/C","student_top_inst/Core_cpu/u_core_top/scoreboard_q_reg[1][exception_tval][2]/CE","setup"
1175,-0.490,5.000,5.453,12,"student_top_inst/Core_cpu/u_core_top/store_head_q_reg[1]/C","student_top_inst/Core_cpu/u_core_top/load_active_meta_q_reg[forward_data][8]/D","setup"
1176,-0.490,5.000,5.390,10,"student_top_inst/Core_cpu/u_core_top/u_dcache/u_tag_bank/mem_q_reg/CLKBWRCLK","student_top_inst/Core_cpu/u_core_top/exec_q_reg[op1][25]/D","setup"
1177,-0.488,5.000,5.080,7,"student_top_inst/Core_cpu/u_core_top/u_dcache/u_tag_bank/mem_q_reg/CLKBWRCLK","student_top_inst/Core_cpu/u_core_top/scoreboard_q_reg[2][csr_addr][2]/CE","setup"
1178,-0.488,5.000,5.080,7,"student_top_inst/Core_cpu/u_core_top/u_dcache/u_tag_bank/mem_q_reg/CLKBWRCLK","student_top_inst/Core_cpu/u_core_top/scoreboard_q_reg[2][pc][27]/CE","setup"
1179,-0.488,5.000,5.383,10,"student_top_inst/Core_cpu/u_core_top/u_dcache/u_tag_bank/mem_q_reg/CLKBWRCLK","student_top_inst/Core_cpu/u_core_top/scoreboard_q_reg[0][result][31]/D","setup"
1180,-0.488,5.000,5.226,0,"student_top_inst/Core_cpu/u_core_top/u_dmem_regslice/req_addr_q_reg[3]/C","student_top_inst/mem_bridge/dram_adapter/dram/U0/inst_blk_mem_gen/gnbram.gnativebmg.native_blk_mem_gen/valid.cstr/ramloop[13].ram.r/prim_init.ram/DEVICE_7SERIES.NO_BMM_INFO.SP.SIMPLE_PRIM36.ram/ADDRARDADDR[4]","setup"
1181,-0.488,5.000,5.152,8,"student_top_inst/Core_cpu/u_core_top/u_dcache/u_tag_bank/mem_q_reg/CLKBWRCLK","student_top_inst/Core_cpu/u_core_top/exec_q_reg[uop][imm][10]/CE","setup"
1182,-0.488,5.000,5.152,8,"student_top_inst/Core_cpu/u_core_top/u_dcache/u_tag_bank/mem_q_reg/CLKBWRCLK","student_top_inst/Core_cpu/u_core_top/exec_q_reg[uop][instr][4]/CE","setup"
1183,-0.488,5.000,5.152,8,"student_top_inst/Core_cpu/u_core_top/u_dcache/u_tag_bank/mem_q_reg/CLKBWRCLK","student_top_inst/Core_cpu/u_core_top/exec_q_reg[uop][instr][5]/CE","setup"
1184,-0.488,5.000,5.180,9,"student_top_inst/Core_cpu/u_core_top/scoreboard_q_reg[3][fu][1]/C","student_top_inst/Core_cpu/u_core_top/scoreboard_q_reg[0][rd][1]/CE","setup"
1185,-0.487,5.000,5.410,10,"student_top_inst/Core_cpu/u_core_top/u_dcache/u_tag_bank/mem_q_reg/CLKBWRCLK","student_top_inst/Core_cpu/u_core_top/scoreboard_q_reg[4][result][24]/D","setup"
1186,-0.487,5.000,5.079,8,"student_top_inst/Core_cpu/u_core_top/u_dcache/u_tag_bank/mem_q_reg/CLKBWRCLK","student_top_inst/Core_cpu/u_core_top/u_dcache/g_data_bank[0].u_data_bank/mem_q_reg_1/ENBWREN","setup"
1187,-0.487,5.000,5.315,8,"student_top_inst/Core_cpu/u_core_top/u_dcache/u_tag_bank/mem_q_reg/CLKBWRCLK","student_top_inst/Core_cpu/u_core_top/scoreboard_q_reg[2][exception_tval][30]/D","setup"
1188,-0.487,5.000,5.149,7,"student_top_inst/Core_cpu/u_core_top/u_dcache/u_tag_bank/mem_q_reg/CLKBWRCLK","student_top_inst/Core_cpu/u_core_top/scoreboard_q_reg[1][result][3]/CE","setup"
1189,-0.487,5.000,5.149,7,"student_top_inst/Core_cpu/u_core_top/u_dcache/u_tag_bank/mem_q_reg/CLKBWRCLK","student_top_inst/Core_cpu/u_core_top/scoreboard_q_reg[1][result][4]/CE","setup"
1190,-0.486,5.000,5.040,7,"student_top_inst/Core_cpu/u_core_top/u_dcache/u_tag_bank/mem_q_reg/CLKBWRCLK","student_top_inst/Core_cpu/u_core_top/scoreboard_q_reg[7][result][12]/R","setup"
1191,-0.486,5.000,5.040,7,"student_top_inst/Core_cpu/u_core_top/u_dcache/u_tag_bank/mem_q_reg/CLKBWRCLK","student_top_inst/Core_cpu/u_core_top/scoreboard_q_reg[7][result][18]/R","setup"
1192,-0.486,5.000,5.040,7,"student_top_inst/Core_cpu/u_core_top/u_dcache/u_tag_bank/mem_q_reg/CLKBWRCLK","student_top_inst/Core_cpu/u_core_top/scoreboard_q_reg[7][result][26]/R","setup"
1193,-0.486,5.000,5.040,7,"student_top_inst/Core_cpu/u_core_top/u_dcache/u_tag_bank/mem_q_reg/CLKBWRCLK","student_top_inst/Core_cpu/u_core_top/scoreboard_q_reg[7][result][31]/R","setup"
1194,-0.486,5.000,5.385,9,"student_top_inst/Core_cpu/u_core_top/u_dcache/u_tag_bank/mem_q_reg/CLKBWRCLK","student_top_inst/Core_cpu/u_core_top/scoreboard_q_reg[1][result][8]/D","setup"
1195,-0.486,5.000,5.385,10,"student_top_inst/Core_cpu/u_core_top/u_dcache/u_tag_bank/mem_q_reg/CLKBWRCLK","student_top_inst/Core_cpu/u_core_top/exec_q_reg[op2][20]/D","setup"
1196,-0.485,5.000,5.080,7,"student_top_inst/Core_cpu/u_core_top/u_dcache/u_tag_bank/mem_q_reg/CLKBWRCLK","student_top_inst/Core_cpu/u_core_top/scoreboard_q_reg[3][csr_addr][10]/CE","setup"
1197,-0.485,5.000,5.080,7,"student_top_inst/Core_cpu/u_core_top/u_dcache/u_tag_bank/mem_q_reg/CLKBWRCLK","student_top_inst/Core_cpu/u_core_top/scoreboard_q_reg[3][pc][10]/CE","setup"
1198,-0.485,5.000,5.177,9,"student_top_inst/Core_cpu/u_core_top/u_dcache/u_tag_bank/mem_q_reg/CLKBWRCLK","student_top_inst/Core_cpu/u_core_top/load_active_meta_q_reg[forward_data][12]/CE","setup"
1199,-0.485,5.000,5.177,9,"student_top_inst/Core_cpu/u_core_top/u_dcache/u_tag_bank/mem_q_reg/CLKBWRCLK","student_top_inst/Core_cpu/u_core_top/load_active_meta_q_reg[forward_data][23]/CE","setup"
1200,-0.485,5.000,5.177,9,"student_top_inst/Core_cpu/u_core_top/u_dcache/u_tag_bank/mem_q_reg/CLKBWRCLK","student_top_inst/Core_cpu/u_core_top/load_active_meta_q_reg[forward_data][6]/CE","setup"
1201,-0.485,5.000,5.179,9,"student_top_inst/Core_cpu/u_core_top/scoreboard_q_reg[3][fu][1]/C","student_top_inst/Core_cpu/u_core_top/scoreboard_q_reg[6][pc][19]/CE","setup"
1202,-0.485,5.000,5.179,9,"student_top_inst/Core_cpu/u_core_top/scoreboard_q_reg[3][fu][1]/C","student_top_inst/Core_cpu/u_core_top/scoreboard_q_reg[6][rd][4]/CE","setup"
1203,-0.484,5.000,5.384,9,"student_top_inst/Core_cpu/u_core_top/u_dcache/u_tag_bank/mem_q_reg/CLKBWRCLK","student_top_inst/Core_cpu/u_core_top/scoreboard_q_reg[2][result][14]/D","setup"
1204,-0.484,5.000,5.039,7,"student_top_inst/Core_cpu/u_core_top/u_dcache/u_tag_bank/mem_q_reg/CLKBWRCLK","student_top_inst/Core_cpu/u_core_top/scoreboard_q_reg[4][result][28]/R","setup"
1205,-0.484,5.000,5.039,7,"student_top_inst/Core_cpu/u_core_top/u_dcache/u_tag_bank/mem_q_reg/CLKBWRCLK","student_top_inst/Core_cpu/u_core_top/scoreboard_q_reg[4][result][3]/R","setup"
1206,-0.484,5.000,5.384,10,"student_top_inst/Core_cpu/u_core_top/u_dcache/u_tag_bank/mem_q_reg/CLKBWRCLK","student_top_inst/Core_cpu/u_core_top/exec_q_reg[op1][27]/D","setup"
1207,-0.484,5.000,5.447,12,"student_top_inst/Core_cpu/u_core_top/store_head_q_reg[1]/C","student_top_inst/Core_cpu/u_core_top/load_active_meta_q_reg[forward_data][15]/D","setup"
1208,-0.484,5.000,5.312,8,"student_top_inst/Core_cpu/u_core_top/u_dcache/u_tag_bank/mem_q_reg/CLKBWRCLK","student_top_inst/Core_cpu/u_core_top/scoreboard_q_reg[2][exception_tval][14]/D","setup"
1209,-0.484,5.000,5.375,10,"student_top_inst/Core_cpu/u_core_top/u_dcache/u_tag_bank/mem_q_reg/CLKBWRCLK","student_top_inst/Core_cpu/u_core_top/scoreboard_q_reg[7][result][31]/D","setup"
1210,-0.483,5.000,5.043,7,"student_top_inst/Core_cpu/u_core_top/u_dcache/u_tag_bank/mem_q_reg/CLKBWRCLK","student_top_inst/Core_cpu/u_core_top/scoreboard_q_reg[3][result][2]/R","setup"
1211,-0.482,5.000,5.415,9,"student_top_inst/Core_cpu/u_core_top/u_dcache/u_tag_bank/mem_q_reg/CLKBWRCLK","student_top_inst/Core_cpu/u_core_top/exec_q_reg[op2][5]/D","setup"
1212,-0.482,5.000,5.200,10,"student_top_inst/Core_cpu/u_core_top/scoreboard_q_reg[3][fu][1]/C","student_top_inst/Core_cpu/u_core_top/scoreboard_q_reg[0][exception_tval][15]/CE","setup"
1213,-0.482,5.000,5.200,10,"student_top_inst/Core_cpu/u_core_top/scoreboard_q_reg[3][fu][1]/C","student_top_inst/Core_cpu/u_core_top/scoreboard_q_reg[0][exception_tval][1]/CE","setup"
1214,-0.482,5.000,5.200,10,"student_top_inst/Core_cpu/u_core_top/scoreboard_q_reg[3][fu][1]/C","student_top_inst/Core_cpu/u_core_top/scoreboard_q_reg[0][exception_tval][25]/CE","setup"
1215,-0.482,5.000,5.200,10,"student_top_inst/Core_cpu/u_core_top/scoreboard_q_reg[3][fu][1]/C","student_top_inst/Core_cpu/u_core_top/scoreboard_q_reg[0][exception_tval][26]/CE","setup"
1216,-0.482,5.000,4.965,7,"student_top_inst/Core_cpu/u_core_top/u_dcache/u_tag_bank/mem_q_reg/CLKBWRCLK","student_top_inst/Core_cpu/u_core_top/u_dcache/g_data_bank[0].u_data_bank/mem_q_reg_0/ADDRBWRADDR[9]","setup"
1217,-0.482,5.000,5.049,0,"student_top_inst/Core_cpu/u_core_top/u_dmem_regslice/req_addr_q_reg[5]/C","student_top_inst/mem_bridge/dram_adapter/dram/U0/inst_blk_mem_gen/gnbram.gnativebmg.native_blk_mem_gen/valid.cstr/ramloop[45].ram.r/prim_init.ram/DEVICE_7SERIES.NO_BMM_INFO.SP.SIMPLE_PRIM36.ram/ADDRARDADDR[6]","setup"
1218,-0.481,5.000,5.373,9,"student_top_inst/Core_cpu/u_core_top/u_dcache/u_tag_bank/mem_q_reg/CLKBWRCLK","student_top_inst/Core_cpu/u_core_top/scoreboard_q_reg[0][result][20]/D","setup"
1219,-0.481,5.000,5.405,9,"student_top_inst/Core_cpu/u_core_top/u_dcache/u_tag_bank/mem_q_reg/CLKBWRCLK","student_top_inst/Core_cpu/u_core_top/scoreboard_q_reg[5][result][12]/D","setup"
1220,-0.481,5.000,5.374,10,"student_top_inst/Core_cpu/u_core_top/u_dcache/u_tag_bank/mem_q_reg/CLKBWRCLK","student_top_inst/Core_cpu/u_core_top/scoreboard_q_reg[0][result][24]/D","setup"
1221,-0.481,5.000,5.098,9,"student_top_inst/Core_cpu/u_core_top/scoreboard_q_reg[3][fu][1]/C","student_top_inst/Core_cpu/u_core_top/scoreboard_q_reg[0][result][3]/R","setup"
1222,-0.480,5.000,4.959,7,"student_top_inst/Core_cpu/u_core_top/u_dcache/u_tag_bank/mem_q_reg/CLKBWRCLK","student_top_inst/Core_cpu/u_core_top/u_dcache/g_data_bank[2].u_data_bank/mem_q_reg_0/ADDRBWRADDR[5]","setup"
1223,-0.480,5.000,5.079,7,"student_top_inst/Core_cpu/u_core_top/u_dcache/u_tag_bank/mem_q_reg/CLKBWRCLK","student_top_inst/Core_cpu/u_core_top/scoreboard_q_reg[3][csr_addr][9]/CE","setup"
1224,-0.480,5.000,5.079,7,"student_top_inst/Core_cpu/u_core_top/u_dcache/u_tag_bank/mem_q_reg/CLKBWRCLK","student_top_inst/Core_cpu/u_core_top/scoreboard_q_reg[3][rd][0]/CE","setup"
1225,-0.480,5.000,5.137,7,"student_top_inst/Core_cpu/u_core_top/u_dcache/u_tag_bank/mem_q_reg/CLKBWRCLK","student_top_inst/Core_cpu/u_core_top/scoreboard_q_reg[3][csr_src][0]/CE","setup"
1226,-0.480,5.000,5.137,7,"student_top_inst/Core_cpu/u_core_top/u_dcache/u_tag_bank/mem_q_reg/CLKBWRCLK","student_top_inst/Core_cpu/u_core_top/scoreboard_q_reg[3][csr_src][10]/CE","setup"
1227,-0.480,5.000,5.137,7,"student_top_inst/Core_cpu/u_core_top/u_dcache/u_tag_bank/mem_q_reg/CLKBWRCLK","student_top_inst/Core_cpu/u_core_top/scoreboard_q_reg[3][csr_src][12]/CE","setup"
1228,-0.480,5.000,5.137,7,"student_top_inst/Core_cpu/u_core_top/u_dcache/u_tag_bank/mem_q_reg/CLKBWRCLK","student_top_inst/Core_cpu/u_core_top/scoreboard_q_reg[3][csr_src][15]/CE","setup"
1229,-0.480,5.000,5.137,7,"student_top_inst/Core_cpu/u_core_top/u_dcache/u_tag_bank/mem_q_reg/CLKBWRCLK","student_top_inst/Core_cpu/u_core_top/scoreboard_q_reg[3][csr_src][26]/CE","setup"
1230,-0.480,5.000,5.137,7,"student_top_inst/Core_cpu/u_core_top/u_dcache/u_tag_bank/mem_q_reg/CLKBWRCLK","student_top_inst/Core_cpu/u_core_top/scoreboard_q_reg[3][csr_src][30]/CE","setup"
1231,-0.480,5.000,5.137,7,"student_top_inst/Core_cpu/u_core_top/u_dcache/u_tag_bank/mem_q_reg/CLKBWRCLK","student_top_inst/Core_cpu/u_core_top/scoreboard_q_reg[3][csr_src][4]/CE","setup"
1232,-0.479,5.000,5.411,9,"student_top_inst/Core_cpu/u_core_top/u_dcache/u_tag_bank/mem_q_reg/CLKBWRCLK","student_top_inst/Core_cpu/u_core_top/exec_q_reg[op1][10]/D","setup"
1233,-0.479,5.000,5.144,8,"student_top_inst/Core_cpu/u_core_top/u_dcache/u_tag_bank/mem_q_reg/CLKBWRCLK","student_top_inst/Core_cpu/u_core_top/exec_q_reg[op1][0]/CE","setup"
1234,-0.479,5.000,5.144,8,"student_top_inst/Core_cpu/u_core_top/u_dcache/u_tag_bank/mem_q_reg/CLKBWRCLK","student_top_inst/Core_cpu/u_core_top/exec_q_reg[op1][25]/CE","setup"
1235,-0.479,5.000,5.144,8,"student_top_inst/Core_cpu/u_core_top/u_dcache/u_tag_bank/mem_q_reg/CLKBWRCLK","student_top_inst/Core_cpu/u_core_top/exec_q_reg[op2][7]/CE","setup"
1236,-0.479,5.000,5.144,8,"student_top_inst/Core_cpu/u_core_top/u_dcache/u_tag_bank/mem_q_reg/CLKBWRCLK","student_top_inst/Core_cpu/u_core_top/exec_q_reg[op1][17]/CE","setup"
1237,-0.479,5.000,5.144,8,"student_top_inst/Core_cpu/u_core_top/u_dcache/u_tag_bank/mem_q_reg/CLKBWRCLK","student_top_inst/Core_cpu/u_core_top/exec_q_reg[op2][20]/CE","setup"
1238,-0.479,5.000,5.039,7,"student_top_inst/Core_cpu/u_core_top/u_dcache/u_tag_bank/mem_q_reg/CLKBWRCLK","student_top_inst/Core_cpu/u_core_top/scoreboard_q_reg[2][result][15]/R","setup"
1239,-0.479,5.000,5.039,7,"student_top_inst/Core_cpu/u_core_top/u_dcache/u_tag_bank/mem_q_reg/CLKBWRCLK","student_top_inst/Core_cpu/u_core_top/scoreboard_q_reg[2][result][25]/R","setup"
1240,-0.479,5.000,5.039,7,"student_top_inst/Core_cpu/u_core_top/u_dcache/u_tag_bank/mem_q_reg/CLKBWRCLK","student_top_inst/Core_cpu/u_core_top/scoreboard_q_reg[2][result][29]/R","setup"
1241,-0.479,5.000,5.039,7,"student_top_inst/Core_cpu/u_core_top/u_dcache/u_tag_bank/mem_q_reg/CLKBWRCLK","student_top_inst/Core_cpu/u_core_top/scoreboard_q_reg[2][result][8]/R","setup"
1242,-0.478,5.000,5.092,9,"student_top_inst/Core_cpu/u_core_top/scoreboard_q_reg[3][fu][1]/C","student_top_inst/Core_cpu/u_core_top/scoreboard_q_reg[6][result][10]/R","setup"
1243,-0.478,5.000,5.092,9,"student_top_inst/Core_cpu/u_core_top/scoreboard_q_reg[3][fu][1]/C","student_top_inst/Core_cpu/u_core_top/scoreboard_q_reg[6][result][18]/R","setup"
1244,-0.478,5.000,5.092,9,"student_top_inst/Core_cpu/u_core_top/scoreboard_q_reg[3][fu][1]/C","student_top_inst/Core_cpu/u_core_top/scoreboard_q_reg[6][result][25]/R","setup"
1245,-0.478,5.000,5.092,9,"student_top_inst/Core_cpu/u_core_top/scoreboard_q_reg[3][fu][1]/C","student_top_inst/Core_cpu/u_core_top/scoreboard_q_reg[6][result][31]/R","setup"
1246,-0.478,5.000,5.142,8,"student_top_inst/Core_cpu/u_core_top/u_dcache/u_tag_bank/mem_q_reg/CLKBWRCLK","student_top_inst/Core_cpu/u_core_top/exec_q_reg[op1][12]/CE","setup"
1247,-0.478,5.000,5.142,8,"student_top_inst/Core_cpu/u_core_top/u_dcache/u_tag_bank/mem_q_reg/CLKBWRCLK","student_top_inst/Core_cpu/u_core_top/exec_q_reg[op1][24]/CE","setup"
1248,-0.478,5.000,5.142,8,"student_top_inst/Core_cpu/u_core_top/u_dcache/u_tag_bank/mem_q_reg/CLKBWRCLK","student_top_inst/Core_cpu/u_core_top/exec_q_reg[uop][imm][21]/CE","setup"
1249,-0.478,5.000,5.142,8,"student_top_inst/Core_cpu/u_core_top/u_dcache/u_tag_bank/mem_q_reg/CLKBWRCLK","student_top_inst/Core_cpu/u_core_top/exec_q_reg[uop][pc][23]/CE","setup"
1250,-0.478,5.000,5.376,9,"student_top_inst/Core_cpu/u_core_top/u_dcache/u_tag_bank/mem_q_reg/CLKBWRCLK","student_top_inst/Core_cpu/u_core_top/scoreboard_q_reg[1][result][9]/D","setup"
1251,-0.476,5.000,4.936,8,"student_top_inst/Core_cpu/u_core_top/scoreboard_q_reg[3][fu][1]/C","student_top_inst/Core_cpu/u_core_top/u_muldiv/u_div/U0/i_synth/i_has_input_skid.i_2to1/gen_has_z_tready.reg1_a_tdata_reg[24]/CE","setup"
1252,-0.476,5.000,4.936,8,"student_top_inst/Core_cpu/u_core_top/scoreboard_q_reg[3][fu][1]/C","student_top_inst/Core_cpu/u_core_top/u_muldiv/u_div/U0/i_synth/i_has_input_skid.i_2to1/gen_has_z_tready.reg1_a_tdata_reg[25]/CE","setup"
1253,-0.475,5.000,4.954,7,"student_top_inst/Core_cpu/u_core_top/u_dcache/u_tag_bank/mem_q_reg/CLKBWRCLK","student_top_inst/Core_cpu/u_core_top/u_dcache/g_data_bank[2].u_data_bank/mem_q_reg_0/ADDRBWRADDR[10]","setup"
1254,-0.474,5.000,5.372,9,"student_top_inst/Core_cpu/u_core_top/u_dcache/u_tag_bank/mem_q_reg/CLKBWRCLK","student_top_inst/Core_cpu/u_core_top/scoreboard_q_reg[1][result][28]/D","setup"
1255,-0.474,5.000,5.029,7,"student_top_inst/Core_cpu/u_core_top/u_dcache/u_tag_bank/mem_q_reg/CLKBWRCLK","student_top_inst/Core_cpu/u_core_top/scoreboard_q_reg[5][result][13]/R","setup"
1256,-0.474,5.000,5.029,7,"student_top_inst/Core_cpu/u_core_top/u_dcache/u_tag_bank/mem_q_reg/CLKBWRCLK","student_top_inst/Core_cpu/u_core_top/scoreboard_q_reg[5][result][15]/R","setup"
1257,-0.474,5.000,5.029,7,"student_top_inst/Core_cpu/u_core_top/u_dcache/u_tag_bank/mem_q_reg/CLKBWRCLK","student_top_inst/Core_cpu/u_core_top/scoreboard_q_reg[5][result][21]/R","setup"
1258,-0.474,5.000,5.029,7,"student_top_inst/Core_cpu/u_core_top/u_dcache/u_tag_bank/mem_q_reg/CLKBWRCLK","student_top_inst/Core_cpu/u_core_top/scoreboard_q_reg[5][result][22]/R","setup"
1259,-0.473,5.000,5.367,8,"student_top_inst/Core_cpu/u_core_top/u_dcache/u_tag_bank/mem_q_reg/CLKBWRCLK","student_top_inst/Core_cpu/u_core_top/scoreboard_q_reg[3][result][4]/D","setup"
1260,-0.473,5.000,5.158,7,"student_top_inst/Core_cpu/u_core_top/u_dcache/u_tag_bank/mem_q_reg/CLKBWRCLK","student_top_inst/Core_cpu/u_core_top/scoreboard_q_reg[3][result][15]/CE","setup"
1261,-0.473,5.000,5.158,7,"student_top_inst/Core_cpu/u_core_top/u_dcache/u_tag_bank/mem_q_reg/CLKBWRCLK","student_top_inst/Core_cpu/u_core_top/scoreboard_q_reg[3][result][25]/CE","setup"
1262,-0.473,5.000,5.158,7,"student_top_inst/Core_cpu/u_core_top/u_dcache/u_tag_bank/mem_q_reg/CLKBWRCLK","student_top_inst/Core_cpu/u_core_top/scoreboard_q_reg[3][result][29]/CE","setup"
1263,-0.473,5.000,5.158,7,"student_top_inst/Core_cpu/u_core_top/u_dcache/u_tag_bank/mem_q_reg/CLKBWRCLK","student_top_inst/Core_cpu/u_core_top/scoreboard_q_reg[3][result][8]/CE","setup"
1264,-0.473,5.000,5.367,9,"student_top_inst/Core_cpu/u_core_top/u_dcache/u_tag_bank/mem_q_reg/CLKBWRCLK","student_top_inst/Core_cpu/u_core_top/scoreboard_q_reg[2][result][20]/D","setup"
1265,-0.472,5.000,5.365,8,"student_top_inst/Core_cpu/u_core_top/u_dcache/u_tag_bank/mem_q_reg/CLKBWRCLK","student_top_inst/Core_cpu/u_core_top/scoreboard_q_reg[7][result][2]/D","setup"
1266,-0.472,5.000,5.136,8,"student_top_inst/Core_cpu/u_core_top/u_dcache/u_tag_bank/mem_q_reg/CLKBWRCLK","student_top_inst/Core_cpu/u_core_top/exec_q_reg[op1][4]/CE","setup"
1267,-0.472,5.000,5.136,8,"student_top_inst/Core_cpu/u_core_top/u_dcache/u_tag_bank/mem_q_reg/CLKBWRCLK","student_top_inst/Core_cpu/u_core_top/exec_q_reg[op2][8]/CE","setup"
1268,-0.471,5.000,5.124,7,"student_top_inst/Core_cpu/u_core_top/u_dcache/u_tag_bank/mem_q_reg/CLKBWRCLK","student_top_inst/Core_cpu/u_core_top/scoreboard_q_reg[3][csr_addr][0]/CE","setup"
1269,-0.471,5.000,5.124,7,"student_top_inst/Core_cpu/u_core_top/u_dcache/u_tag_bank/mem_q_reg/CLKBWRCLK","student_top_inst/Core_cpu/u_core_top/scoreboard_q_reg[3][csr_addr][8]/CE","setup"
1270,-0.471,5.000,5.124,7,"student_top_inst/Core_cpu/u_core_top/u_dcache/u_tag_bank/mem_q_reg/CLKBWRCLK","student_top_inst/Core_cpu/u_core_top/scoreboard_q_reg[3][pc][11]/CE","setup"
1271,-0.471,5.000,5.124,7,"student_top_inst/Core_cpu/u_core_top/u_dcache/u_tag_bank/mem_q_reg/CLKBWRCLK","student_top_inst/Core_cpu/u_core_top/scoreboard_q_reg[3][rd][1]/CE","setup"
1272,-0.471,5.000,5.124,7,"student_top_inst/Core_cpu/u_core_top/u_dcache/u_tag_bank/mem_q_reg/CLKBWRCLK","student_top_inst/Core_cpu/u_core_top/scoreboard_q_reg[3][rd][2]/CE","setup"
1273,-0.471,5.000,5.134,8,"student_top_inst/Core_cpu/u_core_top/u_dcache/u_tag_bank/mem_q_reg/CLKBWRCLK","student_top_inst/Core_cpu/u_core_top/exec_q_reg[op1][16]/CE","setup"
1274,-0.471,5.000,5.134,8,"student_top_inst/Core_cpu/u_core_top/u_dcache/u_tag_bank/mem_q_reg/CLKBWRCLK","student_top_inst/Core_cpu/u_core_top/exec_q_reg[op2][31]/CE","setup"
1275,-0.471,5.000,5.134,8,"student_top_inst/Core_cpu/u_core_top/u_dcache/u_tag_bank/mem_q_reg/CLKBWRCLK","student_top_inst/Core_cpu/u_core_top/exec_q_reg[uop][pc][17]/CE","setup"
1276,-0.471,5.000,5.134,8,"student_top_inst/Core_cpu/u_core_top/u_dcache/u_tag_bank/mem_q_reg/CLKBWRCLK","student_top_inst/Core_cpu/u_core_top/exec_q_reg[uop][pc][3]/CE","setup"
1277,-0.471,5.000,5.134,8,"student_top_inst/Core_cpu/u_core_top/u_dcache/u_tag_bank/mem_q_reg/CLKBWRCLK","student_top_inst/Core_cpu/u_core_top/exec_q_reg[uop][pc][8]/CE","setup"
1278,-0.471,5.000,5.167,9,"student_top_inst/Core_cpu/u_core_top/scoreboard_q_reg[3][fu][1]/C","student_top_inst/Core_cpu/u_core_top/scoreboard_q_reg[0][link_addr][25]/CE","setup"
1279,-0.471,5.000,5.167,9,"student_top_inst/Core_cpu/u_core_top/scoreboard_q_reg[3][fu][1]/C","student_top_inst/Core_cpu/u_core_top/scoreboard_q_reg[0][link_addr][26]/CE","setup"
1280,-0.471,5.000,5.167,9,"student_top_inst/Core_cpu/u_core_top/scoreboard_q_reg[3][fu][1]/C","student_top_inst/Core_cpu/u_core_top/scoreboard_q_reg[0][link_addr][27]/CE","setup"
1281,-0.471,5.000,5.167,9,"student_top_inst/Core_cpu/u_core_top/scoreboard_q_reg[3][fu][1]/C","student_top_inst/Core_cpu/u_core_top/scoreboard_q_reg[0][link_addr][28]/CE","setup"
1282,-0.470,5.000,5.193,10,"student_top_inst/Core_cpu/u_core_top/scoreboard_q_reg[3][fu][1]/C","student_top_inst/Core_cpu/u_core_top/scoreboard_q_reg[0][exception_tval][11]/CE","setup"
1283,-0.470,5.000,5.391,9,"student_top_inst/Core_cpu/u_core_top/u_dcache/u_tag_bank/mem_q_reg/CLKBWRCLK","student_top_inst/Core_cpu/u_core_top/scoreboard_q_reg[6][result][12]/D","setup"
1284,-0.470,5.000,5.159,9,"student_top_inst/Core_cpu/u_core_top/u_dcache/u_tag_bank/mem_q_reg/CLKBWRCLK","student_top_inst/Core_cpu/u_core_top/load_active_meta_q_reg[forward_data][0]/CE","setup"
1285,-0.470,5.000,5.159,9,"student_top_inst/Core_cpu/u_core_top/u_dcache/u_tag_bank/mem_q_reg/CLKBWRCLK","student_top_inst/Core_cpu/u_core_top/load_active_meta_q_reg[forward_data][15]/CE","setup"
1286,-0.470,5.000,5.159,9,"student_top_inst/Core_cpu/u_core_top/u_dcache/u_tag_bank/mem_q_reg/CLKBWRCLK","student_top_inst/Core_cpu/u_core_top/load_active_meta_q_reg[forward_data][29]/CE","setup"
1287,-0.470,5.000,5.159,9,"student_top_inst/Core_cpu/u_core_top/u_dcache/u_tag_bank/mem_q_reg/CLKBWRCLK","student_top_inst/Core_cpu/u_core_top/load_active_meta_q_reg[forward_data][31]/CE","setup"
1288,-0.469,5.000,5.367,9,"student_top_inst/Core_cpu/u_core_top/u_dcache/u_tag_bank/mem_q_reg/CLKBWRCLK","student_top_inst/Core_cpu/u_core_top/scoreboard_q_reg[2][result][28]/D","setup"
1289,-0.469,5.000,5.128,7,"student_top_inst/Core_cpu/u_core_top/u_dcache/u_tag_bank/mem_q_reg/CLKBWRCLK","student_top_inst/Core_cpu/u_core_top/scoreboard_q_reg[3][result][0]/CE","setup"
1290,-0.469,5.000,5.128,7,"student_top_inst/Core_cpu/u_core_top/u_dcache/u_tag_bank/mem_q_reg/CLKBWRCLK","student_top_inst/Core_cpu/u_core_top/scoreboard_q_reg[3][result][1]/CE","setup"
1291,-0.469,5.000,5.128,7,"student_top_inst/Core_cpu/u_core_top/u_dcache/u_tag_bank/mem_q_reg/CLKBWRCLK","student_top_inst/Core_cpu/u_core_top/scoreboard_q_reg[3][result][3]/CE","setup"
1292,-0.469,5.000,5.128,7,"student_top_inst/Core_cpu/u_core_top/u_dcache/u_tag_bank/mem_q_reg/CLKBWRCLK","student_top_inst/Core_cpu/u_core_top/scoreboard_q_reg[3][result][4]/CE","setup"
1293,-0.469,5.000,5.398,9,"student_top_inst/Core_cpu/u_core_top/u_dcache/u_tag_bank/mem_q_reg/CLKBWRCLK","student_top_inst/Core_cpu/u_core_top/exec_q_reg[op1][3]/D","setup"
1294,-0.469,5.000,5.162,7,"student_top_inst/Core_cpu/u_core_top/u_dcache/u_tag_bank/mem_q_reg/CLKBWRCLK","student_top_inst/Core_cpu/u_core_top/id_uop_q_reg[pc][24]/CE","setup"
1295,-0.469,5.000,5.162,7,"student_top_inst/Core_cpu/u_core_top/u_dcache/u_tag_bank/mem_q_reg/CLKBWRCLK","student_top_inst/Core_cpu/u_core_top/id_uop_q_reg[pc][25]/CE","setup"
1296,-0.469,5.000,5.162,7,"student_top_inst/Core_cpu/u_core_top/u_dcache/u_tag_bank/mem_q_reg/CLKBWRCLK","student_top_inst/Core_cpu/u_core_top/id_uop_q_reg[pc][26]/CE","setup"
1297,-0.469,5.000,5.162,7,"student_top_inst/Core_cpu/u_core_top/u_dcache/u_tag_bank/mem_q_reg/CLKBWRCLK","student_top_inst/Core_cpu/u_core_top/id_uop_q_reg[pc][27]/CE","setup"
1298,-0.469,5.000,5.162,7,"student_top_inst/Core_cpu/u_core_top/u_dcache/u_tag_bank/mem_q_reg/CLKBWRCLK","student_top_inst/Core_cpu/u_core_top/id_uop_q_reg[pc][28]/CE","setup"
1299,-0.469,5.000,5.162,7,"student_top_inst/Core_cpu/u_core_top/u_dcache/u_tag_bank/mem_q_reg/CLKBWRCLK","student_top_inst/Core_cpu/u_core_top/id_uop_q_reg[pc][29]/CE","setup"
1300,-0.468,5.000,5.364,8,"student_top_inst/Core_cpu/u_core_top/u_dcache/u_tag_bank/mem_q_reg/CLKBWRCLK","student_top_inst/Core_cpu/u_core_top/scoreboard_q_reg[1][result][5]/D","setup"
1301,-0.468,5.000,5.391,8,"student_top_inst/Core_cpu/u_core_top/u_dcache/u_tag_bank/mem_q_reg/CLKBWRCLK","student_top_inst/Core_cpu/u_core_top/scoreboard_q_reg[7][result][4]/D","setup"
1302,-0.468,5.000,5.391,11,"student_top_inst/Core_cpu/u_core_top/store_head_q_reg[1]/C","student_top_inst/Core_cpu/u_core_top/load_q_reg[1][forward_data][3]/D","setup"
1303,-0.467,5.000,5.153,8,"student_top_inst/Core_cpu/u_core_top/u_dcache/u_tag_bank/mem_q_reg/CLKBWRCLK","student_top_inst/Core_cpu/u_core_top/exec_mem_addr_q_reg[20]/CE","setup"
1304,-0.467,5.000,5.153,8,"student_top_inst/Core_cpu/u_core_top/u_dcache/u_tag_bank/mem_q_reg/CLKBWRCLK","student_top_inst/Core_cpu/u_core_top/exec_mem_addr_q_reg[21]/CE","setup"
1305,-0.467,5.000,5.153,8,"student_top_inst/Core_cpu/u_core_top/u_dcache/u_tag_bank/mem_q_reg/CLKBWRCLK","student_top_inst/Core_cpu/u_core_top/exec_mem_addr_q_reg[22]/CE","setup"
1306,-0.467,5.000,5.153,8,"student_top_inst/Core_cpu/u_core_top/u_dcache/u_tag_bank/mem_q_reg/CLKBWRCLK","student_top_inst/Core_cpu/u_core_top/exec_mem_addr_q_reg[23]/CE","setup"
1307,-0.467,5.000,5.027,7,"student_top_inst/Core_cpu/u_core_top/u_dcache/u_tag_bank/mem_q_reg/CLKBWRCLK","student_top_inst/Core_cpu/u_core_top/scoreboard_q_reg[1][csr_src][0]/R","setup"
1308,-0.467,5.000,5.027,7,"student_top_inst/Core_cpu/u_core_top/u_dcache/u_tag_bank/mem_q_reg/CLKBWRCLK","student_top_inst/Core_cpu/u_core_top/scoreboard_q_reg[1][csr_src][12]/R","setup"
1309,-0.467,5.000,5.027,7,"student_top_inst/Core_cpu/u_core_top/u_dcache/u_tag_bank/mem_q_reg/CLKBWRCLK","student_top_inst/Core_cpu/u_core_top/scoreboard_q_reg[1][csr_src][29]/R","setup"
1310,-0.467,5.000,5.027,7,"student_top_inst/Core_cpu/u_core_top/u_dcache/u_tag_bank/mem_q_reg/CLKBWRCLK","student_top_inst/Core_cpu/u_core_top/scoreboard_q_reg[1][csr_src][9]/R","setup"
1311,-0.467,5.000,5.162,10,"student_top_inst/Core_cpu/u_core_top/scoreboard_q_reg[3][fu][1]/C","student_top_inst/Core_cpu/u_core_top/scoreboard_q_reg[1][exception_tval][0]/CE","setup"
1312,-0.467,5.000,5.162,10,"student_top_inst/Core_cpu/u_core_top/scoreboard_q_reg[3][fu][1]/C","student_top_inst/Core_cpu/u_core_top/scoreboard_q_reg[1][exception_tval][29]/CE","setup"
1313,-0.467,5.000,5.162,10,"student_top_inst/Core_cpu/u_core_top/scoreboard_q_reg[3][fu][1]/C","student_top_inst/Core_cpu/u_core_top/scoreboard_q_reg[1][exception_tval][30]/CE","setup"
1314,-0.467,5.000,5.081,9,"student_top_inst/Core_cpu/u_core_top/scoreboard_q_reg[3][fu][1]/C","student_top_inst/Core_cpu/u_core_top/scoreboard_q_reg[6][result][16]/R","setup"
1315,-0.467,5.000,5.081,9,"student_top_inst/Core_cpu/u_core_top/scoreboard_q_reg[3][fu][1]/C","student_top_inst/Core_cpu/u_core_top/scoreboard_q_reg[6][result][19]/R","setup"
1316,-0.467,5.000,5.081,9,"student_top_inst/Core_cpu/u_core_top/scoreboard_q_reg[3][fu][1]/C","student_top_inst/Core_cpu/u_core_top/scoreboard_q_reg[6][result][20]/R","setup"
1317,-0.467,5.000,5.081,9,"student_top_inst/Core_cpu/u_core_top/scoreboard_q_reg[3][fu][1]/C","student_top_inst/Core_cpu/u_core_top/scoreboard_q_reg[6][result][21]/R","setup"
1318,-0.466,5.000,5.014,7,"student_top_inst/Core_cpu/u_core_top/u_dcache/u_tag_bank/mem_q_reg/CLKBWRCLK","student_top_inst/Core_cpu/u_core_top/u_dcache/g_data_bank[3].u_data_bank/mem_q_reg_1/ADDRBWRADDR[11]","setup"
1319,-0.465,5.000,5.129,9,"student_top_inst/Core_cpu/u_core_top/u_dcache/u_tag_bank/mem_q_reg/CLKBWRCLK","student_top_inst/Core_cpu/u_core_top/load_active_meta_q_reg[addr][0]/CE","setup"
1320,-0.465,5.000,5.129,9,"student_top_inst/Core_cpu/u_core_top/u_dcache/u_tag_bank/mem_q_reg/CLKBWRCLK","student_top_inst/Core_cpu/u_core_top/load_active_meta_q_reg[size][0]/CE","setup"
1321,-0.465,5.000,5.129,9,"student_top_inst/Core_cpu/u_core_top/u_dcache/u_tag_bank/mem_q_reg/CLKBWRCLK","student_top_inst/Core_cpu/u_core_top/load_active_meta_q_reg[trans_id][0]/CE","setup"
1322,-0.465,5.000,5.129,9,"student_top_inst/Core_cpu/u_core_top/u_dcache/u_tag_bank/mem_q_reg/CLKBWRCLK","student_top_inst/Core_cpu/u_core_top/load_active_meta_q_reg[trans_id][2]/CE","setup"
1323,-0.465,5.000,5.126,7,"student_top_inst/Core_cpu/u_core_top/u_dcache/u_tag_bank/mem_q_reg/CLKBWRCLK","student_top_inst/Core_cpu/u_core_top/scoreboard_q_reg[0][result][26]/CE","setup"
1324,-0.465,5.000,5.126,7,"student_top_inst/Core_cpu/u_core_top/u_dcache/u_tag_bank/mem_q_reg/CLKBWRCLK","student_top_inst/Core_cpu/u_core_top/scoreboard_q_reg[0][result][29]/CE","setup"
1325,-0.465,5.000,5.126,7,"student_top_inst/Core_cpu/u_core_top/u_dcache/u_tag_bank/mem_q_reg/CLKBWRCLK","student_top_inst/Core_cpu/u_core_top/scoreboard_q_reg[0][result][8]/CE","setup"
1326,-0.465,5.000,5.126,7,"student_top_inst/Core_cpu/u_core_top/u_dcache/u_tag_bank/mem_q_reg/CLKBWRCLK","student_top_inst/Core_cpu/u_core_top/scoreboard_q_reg[0][result][9]/CE","setup"
1327,-0.464,5.000,5.182,10,"student_top_inst/Core_cpu/u_core_top/scoreboard_q_reg[3][fu][1]/C","student_top_inst/Core_cpu/u_core_top/scoreboard_q_reg[0][exception_tval][12]/CE","setup"
1328,-0.464,5.000,5.182,10,"student_top_inst/Core_cpu/u_core_top/scoreboard_q_reg[3][fu][1]/C","student_top_inst/Core_cpu/u_core_top/scoreboard_q_reg[0][exception_tval][17]/CE","setup"
1329,-0.464,5.000,5.129,8,"student_top_inst/Core_cpu/u_core_top/u_dcache/u_tag_bank/mem_q_reg/CLKBWRCLK","student_top_inst/Core_cpu/u_core_top/exec_q_reg[op1][30]/CE","setup"
1330,-0.464,5.000,5.129,8,"student_top_inst/Core_cpu/u_core_top/u_dcache/u_tag_bank/mem_q_reg/CLKBWRCLK","student_top_inst/Core_cpu/u_core_top/exec_q_reg[op2][4]/CE","setup"
1331,-0.464,5.000,5.129,8,"student_top_inst/Core_cpu/u_core_top/u_dcache/u_tag_bank/mem_q_reg/CLKBWRCLK","student_top_inst/Core_cpu/u_core_top/exec_q_reg[uop][imm][15]/CE","setup"
1332,-0.463,5.000,5.040,7,"student_top_inst/Core_cpu/u_core_top/u_dcache/u_tag_bank/mem_q_reg/CLKBWRCLK","student_top_inst/Core_cpu/u_core_top/scoreboard_q_reg[7][result][14]/R","setup"
1333,-0.463,5.000,5.040,7,"student_top_inst/Core_cpu/u_core_top/u_dcache/u_tag_bank/mem_q_reg/CLKBWRCLK","student_top_inst/Core_cpu/u_core_top/scoreboard_q_reg[7][result][28]/R","setup"
1334,-0.463,5.000,5.040,7,"student_top_inst/Core_cpu/u_core_top/u_dcache/u_tag_bank/mem_q_reg/CLKBWRCLK","student_top_inst/Core_cpu/u_core_top/scoreboard_q_reg[7][result][9]/R","setup"
1335,-0.463,5.000,5.159,10,"student_top_inst/Core_cpu/u_core_top/scoreboard_q_reg[3][fu][1]/C","student_top_inst/Core_cpu/u_core_top/scoreboard_q_reg[1][exception_cause][0]/CE","setup"
1336,-0.463,5.000,5.159,10,"student_top_inst/Core_cpu/u_core_top/scoreboard_q_reg[3][fu][1]/C","student_top_inst/Core_cpu/u_core_top/scoreboard_q_reg[1][exception_cause][2]/CE","setup"
1337,-0.463,5.000,5.159,10,"student_top_inst/Core_cpu/u_core_top/scoreboard_q_reg[3][fu][1]/C","student_top_inst/Core_cpu/u_core_top/scoreboard_q_reg[1][exception_tval][25]/CE","setup"
1338,-0.463,5.000,5.159,10,"student_top_inst/Core_cpu/u_core_top/scoreboard_q_reg[3][fu][1]/C","student_top_inst/Core_cpu/u_core_top/scoreboard_q_reg[1][exception_tval][27]/CE","setup"
1339,-0.463,5.000,5.099,9,"student_top_inst/Core_cpu/u_core_top/scoreboard_q_reg[3][fu][1]/C","student_top_inst/Core_cpu/u_core_top/scoreboard_q_reg[6][csr_addr][4]/CE","setup"
1340,-0.462,5.000,5.361,9,"student_top_inst/Core_cpu/u_core_top/u_dcache/u_tag_bank/mem_q_reg/CLKBWRCLK","student_top_inst/Core_cpu/u_core_top/scoreboard_q_reg[2][result][23]/D","setup"
1341,-0.462,5.000,5.363,7,"student_top_inst/Core_cpu/u_core_top/commit_ptr_q_reg[2]_rep/C","student_top_inst/Core_cpu/u_core_top/u_csr/mepc_q_reg[30]/D","setup"
1342,-0.462,5.000,5.126,7,"student_top_inst/Core_cpu/u_core_top/u_dcache/u_tag_bank/mem_q_reg/CLKBWRCLK","student_top_inst/Core_cpu/u_core_top/scoreboard_q_reg[2][result][23]/CE","setup"
1343,-0.462,5.000,5.126,7,"student_top_inst/Core_cpu/u_core_top/u_dcache/u_tag_bank/mem_q_reg/CLKBWRCLK","student_top_inst/Core_cpu/u_core_top/scoreboard_q_reg[2][result][26]/CE","setup"
1344,-0.462,5.000,5.126,7,"student_top_inst/Core_cpu/u_core_top/u_dcache/u_tag_bank/mem_q_reg/CLKBWRCLK","student_top_inst/Core_cpu/u_core_top/scoreboard_q_reg[2][result][9]/CE","setup"
1345,-0.462,5.000,5.092,9,"student_top_inst/Core_cpu/u_core_top/scoreboard_q_reg[3][fu][1]/C","student_top_inst/Core_cpu/u_core_top/scoreboard_q_reg[6][csr_addr][6]/CE","setup"
1346,-0.462,5.000,5.092,9,"student_top_inst/Core_cpu/u_core_top/scoreboard_q_reg[3][fu][1]/C","student_top_inst/Core_cpu/u_core_top/scoreboard_q_reg[6][rd][3]/CE","setup"
1347,-0.461,5.000,5.201,0,"student_top_inst/Core_cpu/u_core_top/u_dmem_regslice/req_addr_q_reg[10]/C","student_top_inst/mem_bridge/dram_adapter/dram/U0/inst_blk_mem_gen/gnbram.gnativebmg.native_blk_mem_gen/valid.cstr/ramloop[2].ram.r/prim_init.ram/DEVICE_7SERIES.NO_BMM_INFO.SP.SIMPLE_PRIM36.ram/ADDRARDADDR[11]","setup"
1348,-0.461,5.000,5.394,12,"student_top_inst/Core_cpu/u_core_top/store_head_q_reg[1]/C","student_top_inst/Core_cpu/u_core_top/load_q_reg[0][forward_data][8]/D","setup"
1349,-0.460,5.000,5.118,7,"student_top_inst/Core_cpu/u_core_top/u_dcache/u_tag_bank/mem_q_reg/CLKBWRCLK","student_top_inst/Core_cpu/u_core_top/scoreboard_q_reg[7][result][0]/CE","setup"
1350,-0.460,5.000,5.118,7,"student_top_inst/Core_cpu/u_core_top/u_dcache/u_tag_bank/mem_q_reg/CLKBWRCLK","student_top_inst/Core_cpu/u_core_top/scoreboard_q_reg[7][result][2]/CE","setup"
1351,-0.460,5.000,5.118,7,"student_top_inst/Core_cpu/u_core_top/u_dcache/u_tag_bank/mem_q_reg/CLKBWRCLK","student_top_inst/Core_cpu/u_core_top/scoreboard_q_reg[7][result][3]/CE","setup"
1352,-0.460,5.000,5.118,7,"student_top_inst/Core_cpu/u_core_top/u_dcache/u_tag_bank/mem_q_reg/CLKBWRCLK","student_top_inst/Core_cpu/u_core_top/scoreboard_q_reg[7][result][6]/CE","setup"
1353,-0.460,5.000,5.014,7,"student_top_inst/Core_cpu/u_core_top/u_dcache/u_tag_bank/mem_q_reg/CLKBWRCLK","student_top_inst/Core_cpu/u_core_top/scoreboard_q_reg[2][result][3]/R","setup"
1354,-0.460,5.000,5.014,7,"student_top_inst/Core_cpu/u_core_top/u_dcache/u_tag_bank/mem_q_reg/CLKBWRCLK","student_top_inst/Core_cpu/u_core_top/scoreboard_q_reg[2][result][5]/R","setup"
1355,-0.459,5.000,4.932,7,"student_top_inst/Core_cpu/u_core_top/u_dcache/u_tag_bank/mem_q_reg/CLKBWRCLK","student_top_inst/Core_cpu/u_core_top/u_dcache/g_data_bank[3].u_data_bank/mem_q_reg_0/ADDRBWRADDR[12]","setup"
1356,-0.459,5.000,5.352,10,"student_top_inst/Core_cpu/u_core_top/u_dcache/u_tag_bank/mem_q_reg/CLKBWRCLK","student_top_inst/Core_cpu/u_core_top/scoreboard_q_reg[4][result][31]/D","setup"
1357,-0.459,5.000,5.358,9,"student_top_inst/Core_cpu/u_core_top/u_dcache/u_tag_bank/mem_q_reg/CLKBWRCLK","student_top_inst/Core_cpu/u_core_top/scoreboard_q_reg[2][result][9]/D","setup"
1358,-0.458,5.000,4.942,7,"student_top_inst/Core_cpu/u_core_top/u_dcache/u_tag_bank/mem_q_reg/CLKBWRCLK","student_top_inst/Core_cpu/u_core_top/u_dcache/g_data_bank[0].u_data_bank/mem_q_reg_0/ADDRBWRADDR[5]","setup"
1359,-0.458,5.000,4.936,7,"student_top_inst/Core_cpu/u_core_top/u_dcache/u_tag_bank/mem_q_reg/CLKBWRCLK","student_top_inst/Core_cpu/u_core_top/u_dcache/g_data_bank[2].u_data_bank/mem_q_reg_0/ADDRBWRADDR[14]","setup"
1360,-0.457,5.000,5.013,8,"student_top_inst/Core_cpu/u_core_top/u_dcache/u_tag_bank/mem_q_reg/CLKBWRCLK","student_top_inst/Core_cpu/u_core_top/scoreboard_q_reg[5][csr_src][0]/R","setup"
1361,-0.457,5.000,5.013,8,"student_top_inst/Core_cpu/u_core_top/u_dcache/u_tag_bank/mem_q_reg/CLKBWRCLK","student_top_inst/Core_cpu/u_core_top/scoreboard_q_reg[5][csr_src][24]/R","setup"
1362,-0.457,5.000,5.013,8,"student_top_inst/Core_cpu/u_core_top/u_dcache/u_tag_bank/mem_q_reg/CLKBWRCLK","student_top_inst/Core_cpu/u_core_top/scoreboard_q_reg[5][csr_src][2]/R","setup"
1363,-0.457,5.000,5.013,8,"student_top_inst/Core_cpu/u_core_top/u_dcache/u_tag_bank/mem_q_reg/CLKBWRCLK","student_top_inst/Core_cpu/u_core_top/scoreboard_q_reg[5][csr_src][3]/R","setup"
1364,-0.457,5.000,5.013,8,"student_top_inst/Core_cpu/u_core_top/u_dcache/u_tag_bank/mem_q_reg/CLKBWRCLK","student_top_inst/Core_cpu/u_core_top/scoreboard_q_reg[5][csr_src][4]/R","setup"
1365,-0.457,5.000,5.013,8,"student_top_inst/Core_cpu/u_core_top/u_dcache/u_tag_bank/mem_q_reg/CLKBWRCLK","student_top_inst/Core_cpu/u_core_top/scoreboard_q_reg[5][csr_src][6]/R","setup"
1366,-0.457,5.000,5.144,8,"student_top_inst/Core_cpu/u_core_top/u_dcache/u_tag_bank/mem_q_reg/CLKBWRCLK","student_top_inst/Core_cpu/u_core_top/exec_q_reg[op1][3]/CE","setup"
1367,-0.457,5.000,5.144,8,"student_top_inst/Core_cpu/u_core_top/u_dcache/u_tag_bank/mem_q_reg/CLKBWRCLK","student_top_inst/Core_cpu/u_core_top/exec_q_reg[op2][9]/CE","setup"
1368,-0.457,5.000,5.144,8,"student_top_inst/Core_cpu/u_core_top/u_dcache/u_tag_bank/mem_q_reg/CLKBWRCLK","student_top_inst/Core_cpu/u_core_top/exec_q_reg[uop][imm][29]/CE","setup"
1369,-0.457,5.000,5.038,7,"student_top_inst/Core_cpu/u_core_top/u_dcache/u_tag_bank/mem_q_reg/CLKBWRCLK","student_top_inst/Core_cpu/u_core_top/scoreboard_q_reg[3][result][11]/R","setup"
1370,-0.457,5.000,5.038,7,"student_top_inst/Core_cpu/u_core_top/u_dcache/u_tag_bank/mem_q_reg/CLKBWRCLK","student_top_inst/Core_cpu/u_core_top/scoreboard_q_reg[3][result][26]/R","setup"
1371,-0.457,5.000,5.038,7,"student_top_inst/Core_cpu/u_core_top/u_dcache/u_tag_bank/mem_q_reg/CLKBWRCLK","student_top_inst/Core_cpu/u_core_top/scoreboard_q_reg[3][result][7]/R","setup"
1372,-0.457,5.000,5.115,8,"student_top_inst/Core_cpu/u_core_top/u_dcache/u_tag_bank/mem_q_reg/CLKBWRCLK","student_top_inst/Core_cpu/u_core_top/scoreboard_q_reg[3][exception_cause][1]/CE","setup"
1373,-0.457,5.000,5.115,8,"student_top_inst/Core_cpu/u_core_top/u_dcache/u_tag_bank/mem_q_reg/CLKBWRCLK","student_top_inst/Core_cpu/u_core_top/scoreboard_q_reg[3][exception_tval][17]/CE","setup"
1374,-0.457,5.000,5.391,10,"student_top_inst/Core_cpu/u_core_top/u_dcache/u_tag_bank/mem_q_reg/CLKBWRCLK","student_top_inst/Core_cpu/u_core_top/load_q_reg[0][forward_data][5]/D","setup"
1375,-0.456,5.000,5.385,10,"student_top_inst/Core_cpu/u_core_top/u_dcache/u_tag_bank/mem_q_reg/CLKBWRCLK","student_top_inst/Core_cpu/u_core_top/exec_q_reg[op2][24]/D","setup"
1376,-0.456,5.000,5.315,8,"student_top_inst/Core_cpu/u_core_top/u_dcache/u_tag_bank/mem_q_reg/CLKBWRCLK","student_top_inst/Core_cpu/u_core_top/scoreboard_q_reg[2][exception_cause][0]/D","setup"
1377,-0.455,5.000,5.015,7,"student_top_inst/Core_cpu/u_core_top/u_dcache/u_tag_bank/mem_q_reg/CLKBWRCLK","student_top_inst/Core_cpu/u_core_top/scoreboard_q_reg[2][result][28]/R","setup"
1378,-0.455,5.000,5.346,8,"student_top_inst/Core_cpu/u_core_top/u_dcache/u_tag_bank/mem_q_reg/CLKBWRCLK","student_top_inst/Core_cpu/u_core_top/scoreboard_q_reg[5][result][4]/D","setup"
1379,-0.455,5.000,5.187,0,"student_top_inst/Core_cpu/u_core_top/u_dmem_regslice/req_addr_q_reg[12]/C","student_top_inst/mem_bridge/dram_adapter/dram/U0/inst_blk_mem_gen/gnbram.gnativebmg.native_blk_mem_gen/valid.cstr/ramloop[10].ram.r/prim_init.ram/DEVICE_7SERIES.NO_BMM_INFO.SP.SIMPLE_PRIM36.ram/ADDRARDADDR[13]","setup"
1380,-0.454,5.000,5.133,7,"student_top_inst/Core_cpu/u_core_top/u_dcache/u_tag_bank/mem_q_reg/CLKBWRCLK","student_top_inst/Core_cpu/u_core_top/scoreboard_q_reg[3][pc][5]/CE","setup"
1381,-0.453,5.000,5.334,11,"student_top_inst/Core_cpu/u_core_top/store_head_q_reg[1]/C","student_top_inst/Core_cpu/u_core_top/load_q_reg[1][forward_data][8]/D","setup"
1382,-0.452,5.000,5.311,8,"student_top_inst/Core_cpu/u_core_top/u_dcache/u_tag_bank/mem_q_reg/CLKBWRCLK","student_top_inst/Core_cpu/u_core_top/scoreboard_q_reg[2][exception_tval][11]/D","setup"
1383,-0.452,5.000,5.072,0,"student_top_inst/Core_cpu/u_core_top/u_dmem_regslice/req_addr_q_reg[10]/C","student_top_inst/mem_bridge/dram_adapter/dram/U0/inst_blk_mem_gen/gnbram.gnativebmg.native_blk_mem_gen/valid.cstr/ramloop[3].ram.r/prim_init.ram/DEVICE_7SERIES.NO_BMM_INFO.SP.SIMPLE_PRIM36.ram/ADDRARDADDR[11]","setup"
1384,-0.452,5.000,5.383,9,"student_top_inst/Core_cpu/u_core_top/u_dcache/u_tag_bank/mem_q_reg/CLKBWRCLK","student_top_inst/Core_cpu/u_core_top/scoreboard_q_reg[1][result][18]/D","setup"
1385,-0.451,5.000,5.137,8,"student_top_inst/Core_cpu/u_core_top/u_dcache/u_tag_bank/mem_q_reg/CLKBWRCLK","student_top_inst/Core_cpu/u_core_top/scoreboard_q_reg[4][exception_tval][0]/CE","setup"
1386,-0.451,5.000,5.137,8,"student_top_inst/Core_cpu/u_core_top/u_dcache/u_tag_bank/mem_q_reg/CLKBWRCLK","student_top_inst/Core_cpu/u_core_top/scoreboard_q_reg[4][exception_tval][25]/CE","setup"
1387,-0.451,5.000,5.137,8,"student_top_inst/Core_cpu/u_core_top/u_dcache/u_tag_bank/mem_q_reg/CLKBWRCLK","student_top_inst/Core_cpu/u_core_top/scoreboard_q_reg[4][exception_tval][8]/CE","setup"
1388,-0.451,5.000,5.346,10,"student_top_inst/Core_cpu/u_core_top/u_dcache/u_tag_bank/mem_q_reg/CLKBWRCLK","student_top_inst/Core_cpu/u_core_top/exec_q_reg[op2][28]/D","setup"
1389,-0.450,5.000,5.347,8,"student_top_inst/Core_cpu/u_core_top/u_dcache/u_tag_bank/mem_q_reg/CLKBWRCLK","student_top_inst/Core_cpu/u_core_top/scoreboard_q_reg[1][result][4]/D","setup"
1390,-0.450,5.000,5.344,9,"student_top_inst/Core_cpu/u_core_top/u_dcache/u_tag_bank/mem_q_reg/CLKBWRCLK","student_top_inst/Core_cpu/u_core_top/scoreboard_q_reg[1][result][17]/D","setup"
1391,-0.450,5.000,4.998,7,"student_top_inst/Core_cpu/u_core_top/u_dcache/u_tag_bank/mem_q_reg/CLKBWRCLK","student_top_inst/Core_cpu/u_core_top/u_dcache/g_data_bank[3].u_data_bank/mem_q_reg_1/ADDRBWRADDR[12]","setup"
1392,-0.450,5.000,5.385,10,"student_top_inst/Core_cpu/u_core_top/u_dcache/u_tag_bank/mem_q_reg/CLKBWRCLK","student_top_inst/Core_cpu/u_core_top/exec_mem_addr_q_reg[3]/D","setup"
1393,-0.450,5.000,5.137,8,"student_top_inst/Core_cpu/u_core_top/u_dcache/u_tag_bank/mem_q_reg/CLKBWRCLK","student_top_inst/Core_cpu/u_core_top/exec_q_reg[op2][24]/CE","setup"
1394,-0.450,5.000,5.137,8,"student_top_inst/Core_cpu/u_core_top/u_dcache/u_tag_bank/mem_q_reg/CLKBWRCLK","student_top_inst/Core_cpu/u_core_top/exec_q_reg[op2][27]/CE","setup"
1395,-0.450,5.000,5.137,8,"student_top_inst/Core_cpu/u_core_top/u_dcache/u_tag_bank/mem_q_reg/CLKBWRCLK","student_top_inst/Core_cpu/u_core_top/exec_q_reg[uop][alu_op][0]/CE","setup"
1396,-0.450,5.000,5.137,8,"student_top_inst/Core_cpu/u_core_top/u_dcache/u_tag_bank/mem_q_reg/CLKBWRCLK","student_top_inst/Core_cpu/u_core_top/exec_q_reg[uop][imm][30]/CE","setup"
1397,-0.450,5.000,5.137,8,"student_top_inst/Core_cpu/u_core_top/u_dcache/u_tag_bank/mem_q_reg/CLKBWRCLK","student_top_inst/Core_cpu/u_core_top/exec_q_reg[uop][pc][14]/CE","setup"
1398,-0.450,5.000,5.137,8,"student_top_inst/Core_cpu/u_core_top/u_dcache/u_tag_bank/mem_q_reg/CLKBWRCLK","student_top_inst/Core_cpu/u_core_top/exec_q_reg[uop][pc][18]/CE","setup"
1399,-0.450,5.000,5.147,10,"student_top_inst/Core_cpu/u_core_top/scoreboard_q_reg[3][fu][1]/C","student_top_inst/Core_cpu/u_core_top/scoreboard_q_reg[1][exception_tval][22]/CE","setup"
1400,-0.450,5.000,5.147,10,"student_top_inst/Core_cpu/u_core_top/scoreboard_q_reg[3][fu][1]/C","student_top_inst/Core_cpu/u_core_top/scoreboard_q_reg[1][exception_tval][4]/CE","setup"
1401,-0.450,5.000,5.147,10,"student_top_inst/Core_cpu/u_core_top/scoreboard_q_reg[3][fu][1]/C","student_top_inst/Core_cpu/u_core_top/scoreboard_q_reg[1][exception_tval][8]/CE","setup"
1402,-0.450,5.000,5.147,10,"student_top_inst/Core_cpu/u_core_top/scoreboard_q_reg[3][fu][1]/C","student_top_inst/Core_cpu/u_core_top/scoreboard_q_reg[1][exception_tval][9]/CE","setup"
1403,-0.449,5.000,5.064,7,"student_top_inst/Core_cpu/u_core_top/u_dcache/u_tag_bank/mem_q_reg/CLKBWRCLK","student_top_inst/Core_cpu/u_core_top/scoreboard_q_reg[2][csr_addr][4]/CE","setup"
1404,-0.449,5.000,5.064,7,"student_top_inst/Core_cpu/u_core_top/u_dcache/u_tag_bank/mem_q_reg/CLKBWRCLK","student_top_inst/Core_cpu/u_core_top/scoreboard_q_reg[2][pc][11]/CE","setup"
1405,-0.449,5.000,5.064,7,"student_top_inst/Core_cpu/u_core_top/u_dcache/u_tag_bank/mem_q_reg/CLKBWRCLK","student_top_inst/Core_cpu/u_core_top/scoreboard_q_reg[2][rd][0]/CE","setup"
1406,-0.448,5.000,5.114,7,"student_top_inst/Core_cpu/u_core_top/u_dcache/u_tag_bank/mem_q_reg/CLKBWRCLK","student_top_inst/Core_cpu/u_core_top/id_uop_q_reg[rs2][0]/CE","setup"
1407,-0.448,5.000,5.114,7,"student_top_inst/Core_cpu/u_core_top/u_dcache/u_tag_bank/mem_q_reg/CLKBWRCLK","student_top_inst/Core_cpu/u_core_top/id_uop_q_reg[rs2][1]/CE","setup"
1408,-0.448,5.000,5.140,9,"student_top_inst/Core_cpu/u_core_top/scoreboard_q_reg[3][fu][1]/C","student_top_inst/Core_cpu/u_core_top/scoreboard_q_reg[0][link_addr][13]/CE","setup"
1409,-0.448,5.000,5.140,9,"student_top_inst/Core_cpu/u_core_top/scoreboard_q_reg[3][fu][1]/C","student_top_inst/Core_cpu/u_core_top/scoreboard_q_reg[0][link_addr][14]/CE","setup"
1410,-0.448,5.000,5.140,9,"student_top_inst/Core_cpu/u_core_top/scoreboard_q_reg[3][fu][1]/C","student_top_inst/Core_cpu/u_core_top/scoreboard_q_reg[0][link_addr][15]/CE","setup"
1411,-0.448,5.000,5.140,9,"student_top_inst/Core_cpu/u_core_top/scoreboard_q_reg[3][fu][1]/C","student_top_inst/Core_cpu/u_core_top/scoreboard_q_reg[0][link_addr][16]/CE","setup"
1412,-0.448,5.000,5.413,12,"student_top_inst/Core_cpu/u_core_top/store_head_q_reg[1]/C","student_top_inst/Core_cpu/u_core_top/load_q_reg[0][forward_data][12]/D","setup"
1413,-0.448,5.000,5.106,7,"student_top_inst/Core_cpu/u_core_top/u_dcache/u_tag_bank/mem_q_reg/CLKBWRCLK","student_top_inst/Core_cpu/u_core_top/scoreboard_q_reg[2][csr_src][10]/CE","setup"
1414,-0.448,5.000,5.106,7,"student_top_inst/Core_cpu/u_core_top/u_dcache/u_tag_bank/mem_q_reg/CLKBWRCLK","student_top_inst/Core_cpu/u_core_top/scoreboard_q_reg[2][csr_src][20]/CE","setup"
1415,-0.448,5.000,5.106,7,"student_top_inst/Core_cpu/u_core_top/u_dcache/u_tag_bank/mem_q_reg/CLKBWRCLK","student_top_inst/Core_cpu/u_core_top/scoreboard_q_reg[2][csr_src][26]/CE","setup"
1416,-0.448,5.000,5.106,7,"student_top_inst/Core_cpu/u_core_top/u_dcache/u_tag_bank/mem_q_reg/CLKBWRCLK","student_top_inst/Core_cpu/u_core_top/scoreboard_q_reg[2][csr_src][27]/CE","setup"
1417,-0.448,5.000,5.043,9,"student_top_inst/Core_cpu/u_core_top/scoreboard_q_reg[3][fu][1]/C","student_top_inst/Core_cpu/u_core_top/scoreboard_q_reg[1][result][11]/R","setup"
1418,-0.448,5.000,5.043,9,"student_top_inst/Core_cpu/u_core_top/scoreboard_q_reg[3][fu][1]/C","student_top_inst/Core_cpu/u_core_top/scoreboard_q_reg[1][result][24]/R","setup"
1419,-0.448,5.000,5.043,9,"student_top_inst/Core_cpu/u_core_top/scoreboard_q_reg[3][fu][1]/C","student_top_inst/Core_cpu/u_core_top/scoreboard_q_reg[1][result][9]/R","setup"
1420,-0.447,5.000,5.379,12,"student_top_inst/Core_cpu/u_core_top/store_head_q_reg[1]/C","student_top_inst/Core_cpu/u_core_top/load_q_reg[0][forward_data][3]/D","setup"
1421,-0.447,5.000,5.181,0,"student_top_inst/Core_cpu/u_core_top/u_dmem_regslice/req_addr_q_reg[10]/C","student_top_inst/mem_bridge/dram_adapter/dram/U0/inst_blk_mem_gen/gnbram.gnativebmg.native_blk_mem_gen/valid.cstr/ramloop[10].ram.r/prim_init.ram/DEVICE_7SERIES.NO_BMM_INFO.SP.SIMPLE_PRIM36.ram/ADDRARDADDR[11]","setup"
1422,-0.446,5.000,5.273,8,"student_top_inst/Core_cpu/u_core_top/u_dcache/u_tag_bank/mem_q_reg/CLKBWRCLK","student_top_inst/Core_cpu/u_core_top/scoreboard_q_reg[2][exception_tval][7]/D","setup"
1423,-0.446,5.000,5.041,9,"student_top_inst/Core_cpu/u_core_top/scoreboard_q_reg[3][fu][1]/C","student_top_inst/Core_cpu/u_core_top/scoreboard_q_reg[1][result][27]/R","setup"
1424,-0.446,5.000,5.041,9,"student_top_inst/Core_cpu/u_core_top/scoreboard_q_reg[3][fu][1]/C","student_top_inst/Core_cpu/u_core_top/scoreboard_q_reg[1][result][31]/R","setup"
1425,-0.445,5.000,5.341,9,"student_top_inst/Core_cpu/u_core_top/u_dcache/u_tag_bank/mem_q_reg/CLKBWRCLK","student_top_inst/Core_cpu/u_core_top/scoreboard_q_reg[0][result][9]/D","setup"
1426,-0.445,5.000,5.101,7,"student_top_inst/Core_cpu/u_core_top/u_dcache/u_tag_bank/mem_q_reg/CLKBWRCLK","student_top_inst/Core_cpu/u_core_top/scoreboard_q_reg[2][pc][20]/CE","setup"
1427,-0.445,5.000,5.101,7,"student_top_inst/Core_cpu/u_core_top/u_dcache/u_tag_bank/mem_q_reg/CLKBWRCLK","student_top_inst/Core_cpu/u_core_top/scoreboard_q_reg[2][pc][30]/CE","setup"
1428,-0.445,5.000,5.065,7,"student_top_inst/Core_cpu/u_core_top/u_dcache/u_tag_bank/mem_q_reg/CLKBWRCLK","student_top_inst/Core_cpu/u_core_top/scoreboard_q_reg[3][pc][13]/CE","setup"
1429,-0.445,5.000,5.065,7,"student_top_inst/Core_cpu/u_core_top/u_dcache/u_tag_bank/mem_q_reg/CLKBWRCLK","student_top_inst/Core_cpu/u_core_top/scoreboard_q_reg[3][pc][17]/CE","setup"
1430,-0.444,5.000,5.368,9,"student_top_inst/Core_cpu/u_core_top/u_dcache/u_tag_bank/mem_q_reg/CLKBWRCLK","student_top_inst/Core_cpu/u_core_top/scoreboard_q_reg[6][result][18]/D","setup"
1431,-0.444,5.000,5.107,8,"student_top_inst/Core_cpu/u_core_top/u_dcache/u_tag_bank/mem_q_reg/CLKBWRCLK","student_top_inst/Core_cpu/u_core_top/scoreboard_q_reg[3][exception_tval][16]/CE","setup"
1432,-0.444,5.000,5.107,8,"student_top_inst/Core_cpu/u_core_top/u_dcache/u_tag_bank/mem_q_reg/CLKBWRCLK","student_top_inst/Core_cpu/u_core_top/scoreboard_q_reg[3][exception_tval][23]/CE","setup"
1433,-0.443,5.000,4.922,7,"student_top_inst/Core_cpu/u_core_top/u_dcache/u_tag_bank/mem_q_reg/CLKBWRCLK","student_top_inst/Core_cpu/u_core_top/u_dcache/g_data_bank[2].u_data_bank/mem_q_reg_0/ADDRBWRADDR[9]","setup"
1434,-0.443,5.000,5.162,10,"student_top_inst/Core_cpu/u_core_top/scoreboard_q_reg[3][fu][1]/C","student_top_inst/Core_cpu/u_core_top/scoreboard_q_reg[1][exception_tval][10]/CE","setup"
1435,-0.443,5.000,5.162,10,"student_top_inst/Core_cpu/u_core_top/scoreboard_q_reg[3][fu][1]/C","student_top_inst/Core_cpu/u_core_top/scoreboard_q_reg[1][exception_tval][31]/CE","setup"
1436,-0.443,5.000,5.123,7,"student_top_inst/Core_cpu/u_core_top/u_dcache/u_tag_bank/mem_q_reg/CLKBWRCLK","student_top_inst/Core_cpu/u_core_top/scoreboard_q_reg[2][csr_src][0]/CE","setup"
1437,-0.443,5.000,5.123,7,"student_top_inst/Core_cpu/u_core_top/u_dcache/u_tag_bank/mem_q_reg/CLKBWRCLK","student_top_inst/Core_cpu/u_core_top/scoreboard_q_reg[2][csr_src][14]/CE","setup"
1438,-0.443,5.000,5.123,7,"student_top_inst/Core_cpu/u_core_top/u_dcache/u_tag_bank/mem_q_reg/CLKBWRCLK","student_top_inst/Core_cpu/u_core_top/scoreboard_q_reg[2][csr_src][22]/CE","setup"
1439,-0.443,5.000,5.123,7,"student_top_inst/Core_cpu/u_core_top/u_dcache/u_tag_bank/mem_q_reg/CLKBWRCLK","student_top_inst/Core_cpu/u_core_top/scoreboard_q_reg[2][csr_src][23]/CE","setup"
1440,-0.443,5.000,5.123,7,"student_top_inst/Core_cpu/u_core_top/u_dcache/u_tag_bank/mem_q_reg/CLKBWRCLK","student_top_inst/Core_cpu/u_core_top/scoreboard_q_reg[2][csr_src][25]/CE","setup"
1441,-0.443,5.000,5.123,7,"student_top_inst/Core_cpu/u_core_top/u_dcache/u_tag_bank/mem_q_reg/CLKBWRCLK","student_top_inst/Core_cpu/u_core_top/scoreboard_q_reg[2][csr_src][29]/CE","setup"
1442,-0.443,5.000,5.123,7,"student_top_inst/Core_cpu/u_core_top/u_dcache/u_tag_bank/mem_q_reg/CLKBWRCLK","student_top_inst/Core_cpu/u_core_top/scoreboard_q_reg[2][csr_src][3]/CE","setup"
1443,-0.443,5.000,5.123,7,"student_top_inst/Core_cpu/u_core_top/u_dcache/u_tag_bank/mem_q_reg/CLKBWRCLK","student_top_inst/Core_cpu/u_core_top/scoreboard_q_reg[2][csr_src][7]/CE","setup"
1444,-0.442,5.000,5.344,10,"student_top_inst/Core_cpu/u_core_top/u_dcache/u_tag_bank/mem_q_reg/CLKBWRCLK","student_top_inst/Core_cpu/u_core_top/load_q_reg[0][forward_data][14]/D","setup"
1445,-0.442,5.000,5.372,12,"student_top_inst/Core_cpu/u_core_top/store_head_q_reg[1]/C","student_top_inst/Core_cpu/u_core_top/load_active_meta_q_reg[forward_data][2]/D","setup"
1446,-0.442,5.000,5.099,7,"student_top_inst/Core_cpu/u_core_top/u_dcache/u_tag_bank/mem_q_reg/CLKBWRCLK","student_top_inst/Core_cpu/u_core_top/scoreboard_q_reg[7][result][12]/CE","setup"
1447,-0.442,5.000,5.099,7,"student_top_inst/Core_cpu/u_core_top/u_dcache/u_tag_bank/mem_q_reg/CLKBWRCLK","student_top_inst/Core_cpu/u_core_top/scoreboard_q_reg[7][result][18]/CE","setup"
1448,-0.442,5.000,5.099,7,"student_top_inst/Core_cpu/u_core_top/u_dcache/u_tag_bank/mem_q_reg/CLKBWRCLK","student_top_inst/Core_cpu/u_core_top/scoreboard_q_reg[7][result][26]/CE","setup"
1449,-0.442,5.000,5.099,7,"student_top_inst/Core_cpu/u_core_top/u_dcache/u_tag_bank/mem_q_reg/CLKBWRCLK","student_top_inst/Core_cpu/u_core_top/scoreboard_q_reg[7][result][31]/CE","setup"
1450,-0.441,5.000,5.036,9,"student_top_inst/Core_cpu/u_core_top/scoreboard_q_reg[3][fu][1]/C","student_top_inst/Core_cpu/u_core_top/scoreboard_q_reg[1][result][1]/R","setup"
1451,-0.441,5.000,5.366,10,"student_top_inst/Core_cpu/u_core_top/u_dcache/u_tag_bank/mem_q_reg/CLKBWRCLK","student_top_inst/Core_cpu/u_core_top/scoreboard_q_reg[6][result][31]/D","setup"
1452,-0.440,5.000,5.128,7,"student_top_inst/Core_cpu/u_core_top/u_dcache/u_tag_bank/mem_q_reg/CLKBWRCLK","student_top_inst/Core_cpu/u_core_top/id_uop_q_reg[pc][0]/CE","setup"
1453,-0.440,5.000,5.128,7,"student_top_inst/Core_cpu/u_core_top/u_dcache/u_tag_bank/mem_q_reg/CLKBWRCLK","student_top_inst/Core_cpu/u_core_top/id_uop_q_reg[pc][1]/CE","setup"
1454,-0.440,5.000,5.128,7,"student_top_inst/Core_cpu/u_core_top/u_dcache/u_tag_bank/mem_q_reg/CLKBWRCLK","student_top_inst/Core_cpu/u_core_top/id_uop_q_reg[pc][2]/CE","setup"
1455,-0.440,5.000,5.128,7,"student_top_inst/Core_cpu/u_core_top/u_dcache/u_tag_bank/mem_q_reg/CLKBWRCLK","student_top_inst/Core_cpu/u_core_top/id_uop_q_reg[pc][3]/CE","setup"
1456,-0.440,5.000,5.128,7,"student_top_inst/Core_cpu/u_core_top/u_dcache/u_tag_bank/mem_q_reg/CLKBWRCLK","student_top_inst/Core_cpu/u_core_top/id_uop_q_reg[pc][4]/CE","setup"
1457,-0.440,5.000,5.128,7,"student_top_inst/Core_cpu/u_core_top/u_dcache/u_tag_bank/mem_q_reg/CLKBWRCLK","student_top_inst/Core_cpu/u_core_top/id_uop_q_reg[pc][5]/CE","setup"
1458,-0.440,5.000,5.102,8,"student_top_inst/Core_cpu/u_core_top/u_dcache/u_tag_bank/mem_q_reg/CLKBWRCLK","student_top_inst/Core_cpu/u_core_top/scoreboard_q_reg[3][exception_tval][25]/CE","setup"
1459,-0.440,5.000,5.102,8,"student_top_inst/Core_cpu/u_core_top/u_dcache/u_tag_bank/mem_q_reg/CLKBWRCLK","student_top_inst/Core_cpu/u_core_top/scoreboard_q_reg[3][exception_tval][29]/CE","setup"
1460,-0.439,5.000,5.404,12,"student_top_inst/Core_cpu/u_core_top/store_head_q_reg[1]/C","student_top_inst/Core_cpu/u_core_top/load_q_reg[0][forward_data][10]/D","setup"
1461,-0.439,5.000,5.123,8,"student_top_inst/Core_cpu/u_core_top/u_dcache/u_tag_bank/mem_q_reg/CLKBWRCLK","student_top_inst/Core_cpu/u_core_top/exec_mem_addr_q_reg[16]/CE","setup"
1462,-0.439,5.000,5.123,8,"student_top_inst/Core_cpu/u_core_top/u_dcache/u_tag_bank/mem_q_reg/CLKBWRCLK","student_top_inst/Core_cpu/u_core_top/exec_mem_addr_q_reg[17]/CE","setup"
1463,-0.439,5.000,5.123,8,"student_top_inst/Core_cpu/u_core_top/u_dcache/u_tag_bank/mem_q_reg/CLKBWRCLK","student_top_inst/Core_cpu/u_core_top/exec_mem_addr_q_reg[18]/CE","setup"
1464,-0.439,5.000,5.123,8,"student_top_inst/Core_cpu/u_core_top/u_dcache/u_tag_bank/mem_q_reg/CLKBWRCLK","student_top_inst/Core_cpu/u_core_top/exec_mem_addr_q_reg[19]/CE","setup"
1465,-0.439,5.000,5.371,10,"student_top_inst/Core_cpu/u_core_top/u_dcache/u_tag_bank/mem_q_reg/CLKBWRCLK","student_top_inst/Core_cpu/u_core_top/exec_q_reg[op2][13]/D","setup"
1466,-0.438,5.000,5.121,8,"student_top_inst/Core_cpu/u_core_top/u_dcache/u_tag_bank/mem_q_reg/CLKBWRCLK","student_top_inst/Core_cpu/u_core_top/exec_q_reg[uop][imm][27]/CE","setup"
1467,-0.438,5.000,5.121,8,"student_top_inst/Core_cpu/u_core_top/u_dcache/u_tag_bank/mem_q_reg/CLKBWRCLK","student_top_inst/Core_cpu/u_core_top/exec_q_reg[uop][muldiv_op][2]/CE","setup"
1468,-0.438,5.000,5.121,8,"student_top_inst/Core_cpu/u_core_top/u_dcache/u_tag_bank/mem_q_reg/CLKBWRCLK","student_top_inst/Core_cpu/u_core_top/exec_q_reg[uop][pc][2]/CE","setup"
1469,-0.438,5.000,5.121,8,"student_top_inst/Core_cpu/u_core_top/u_dcache/u_tag_bank/mem_q_reg/CLKBWRCLK","student_top_inst/Core_cpu/u_core_top/exec_q_reg[uop][pc][6]/CE","setup"
1470,-0.438,5.000,5.056,0,"student_top_inst/Core_cpu/u_core_top/u_dmem_regslice/req_addr_q_reg[12]/C","student_top_inst/mem_bridge/dram_adapter/dram/U0/inst_blk_mem_gen/gnbram.gnativebmg.native_blk_mem_gen/valid.cstr/ramloop[3].ram.r/prim_init.ram/DEVICE_7SERIES.NO_BMM_INFO.SP.SIMPLE_PRIM36.ram/ADDRARDADDR[13]","setup"
1471,-0.438,5.000,4.995,7,"student_top_inst/Core_cpu/u_core_top/u_dcache/u_tag_bank/mem_q_reg/CLKBWRCLK","student_top_inst/Core_cpu/u_core_top/scoreboard_q_reg[3][result][13]/R","setup"
1472,-0.438,5.000,4.995,7,"student_top_inst/Core_cpu/u_core_top/u_dcache/u_tag_bank/mem_q_reg/CLKBWRCLK","student_top_inst/Core_cpu/u_core_top/scoreboard_q_reg[3][result][19]/R","setup"
1473,-0.438,5.000,4.995,7,"student_top_inst/Core_cpu/u_core_top/u_dcache/u_tag_bank/mem_q_reg/CLKBWRCLK","student_top_inst/Core_cpu/u_core_top/scoreboard_q_reg[3][result][21]/R","setup"
1474,-0.438,5.000,4.922,7,"student_top_inst/Core_cpu/u_core_top/u_dcache/u_tag_bank/mem_q_reg/CLKBWRCLK","student_top_inst/Core_cpu/u_core_top/u_dcache/g_data_bank[0].u_data_bank/mem_q_reg_0/ADDRBWRADDR[4]","setup"
1475,-0.438,5.000,5.031,9,"student_top_inst/Core_cpu/u_core_top/scoreboard_q_reg[3][fu][1]/C","student_top_inst/Core_cpu/u_core_top/scoreboard_q_reg[0][result][18]/R","setup"
1476,-0.438,5.000,5.031,9,"student_top_inst/Core_cpu/u_core_top/scoreboard_q_reg[3][fu][1]/C","student_top_inst/Core_cpu/u_core_top/scoreboard_q_reg[0][result][23]/R","setup"
1477,-0.438,5.000,5.031,9,"student_top_inst/Core_cpu/u_core_top/scoreboard_q_reg[3][fu][1]/C","student_top_inst/Core_cpu/u_core_top/scoreboard_q_reg[0][result][31]/R","setup"
1478,-0.438,5.000,5.031,9,"student_top_inst/Core_cpu/u_core_top/scoreboard_q_reg[3][fu][1]/C","student_top_inst/Core_cpu/u_core_top/scoreboard_q_reg[0][result][7]/R","setup"
1479,-0.438,5.000,5.369,12,"student_top_inst/Core_cpu/u_core_top/store_head_q_reg[1]/C","student_top_inst/Core_cpu/u_core_top/load_q_reg[0][forward_mask][1]/D","setup"
1480,-0.437,5.000,5.029,9,"student_top_inst/Core_cpu/u_core_top/scoreboard_q_reg[3][fu][1]/C","student_top_inst/Core_cpu/u_core_top/scoreboard_q_reg[6][result][22]/R","setup"
1481,-0.437,5.000,5.029,9,"student_top_inst/Core_cpu/u_core_top/scoreboard_q_reg[3][fu][1]/C","student_top_inst/Core_cpu/u_core_top/scoreboard_q_reg[6][result][29]/R","setup"
1482,-0.437,5.000,5.028,9,"student_top_inst/Core_cpu/u_core_top/scoreboard_q_reg[3][fu][1]/C","student_top_inst/Core_cpu/u_core_top/scoreboard_q_reg[6][result][24]/R","setup"
1483,-0.437,5.000,5.028,9,"student_top_inst/Core_cpu/u_core_top/scoreboard_q_reg[3][fu][1]/C","student_top_inst/Core_cpu/u_core_top/scoreboard_q_reg[6][result][5]/R","setup"
1484,-0.437,5.000,5.028,9,"student_top_inst/Core_cpu/u_core_top/scoreboard_q_reg[3][fu][1]/C","student_top_inst/Core_cpu/u_core_top/scoreboard_q_reg[6][result][6]/R","setup"
1485,-0.437,5.000,5.028,9,"student_top_inst/Core_cpu/u_core_top/scoreboard_q_reg[3][fu][1]/C","student_top_inst/Core_cpu/u_core_top/scoreboard_q_reg[6][result][8]/R","setup"
1486,-0.436,5.000,5.035,9,"student_top_inst/Core_cpu/u_core_top/scoreboard_q_reg[3][fu][1]/C","student_top_inst/Core_cpu/u_core_top/scoreboard_q_reg[1][result][12]/R","setup"
1487,-0.436,5.000,5.333,9,"student_top_inst/Core_cpu/u_core_top/u_dcache/u_tag_bank/mem_q_reg/CLKBWRCLK","student_top_inst/Core_cpu/u_core_top/scoreboard_q_reg[1][result][24]/D","setup"
1488,-0.436,5.000,5.053,9,"student_top_inst/Core_cpu/u_core_top/scoreboard_q_reg[3][fu][1]/C","student_top_inst/Core_cpu/u_core_top/scoreboard_q_reg[1][result][30]/R","setup"
1489,-0.435,5.000,5.158,7,"student_top_inst/Core_cpu/u_core_top/u_dcache/u_tag_bank/mem_q_reg/CLKBWRCLK","student_top_inst/Core_cpu/u_core_top/id_uop_q_reg[alu_op][0]/CE","setup"
1490,-0.435,5.000,5.262,8,"student_top_inst/Core_cpu/u_core_top/u_dcache/u_tag_bank/mem_q_reg/CLKBWRCLK","student_top_inst/Core_cpu/u_core_top/scoreboard_q_reg[7][exception_cause][3]/D","setup"
1491,-0.435,5.000,5.292,8,"student_top_inst/Core_cpu/u_core_top/u_dcache/u_tag_bank/mem_q_reg/CLKBWRCLK","student_top_inst/Core_cpu/u_core_top/scoreboard_q_reg[2][exception_cause][3]/D","setup"
1492,-0.434,5.000,4.945,8,"student_top_inst/Core_cpu/u_core_top/scoreboard_q_reg[3][fu][1]/C","student_top_inst/Core_cpu/u_core_top/u_dcache/g_data_bank[3].u_data_bank/mem_q_reg_0/ADDRARDADDR[5]","setup"
1493,-0.434,5.000,4.651,0,"student_top_inst/cpu_rst_sync_reg/C","student_top_inst/Core_cpu/u_core_top/u_perf_counters/cycle_o_reg[60]/R","setup"
1494,-0.434,5.000,4.651,0,"student_top_inst/cpu_rst_sync_reg/C","student_top_inst/Core_cpu/u_core_top/u_perf_counters/cycle_o_reg[61]/R","setup"
1495,-0.434,5.000,4.651,0,"student_top_inst/cpu_rst_sync_reg/C","student_top_inst/Core_cpu/u_core_top/u_perf_counters/cycle_o_reg[62]/R","setup"
1496,-0.434,5.000,4.651,0,"student_top_inst/cpu_rst_sync_reg/C","student_top_inst/Core_cpu/u_core_top/u_perf_counters/cycle_o_reg[63]/R","setup"
1497,-0.434,5.000,5.100,8,"student_top_inst/Core_cpu/u_core_top/u_dcache/u_tag_bank/mem_q_reg/CLKBWRCLK","student_top_inst/Core_cpu/u_core_top/exec_q_reg[op1][14]/CE","setup"
1498,-0.433,5.000,5.364,12,"student_top_inst/Core_cpu/u_core_top/store_head_q_reg[1]/C","student_top_inst/Core_cpu/u_core_top/load_active_meta_q_reg[forward_data][9]/D","setup"
1499,-0.433,5.000,4.651,0,"student_top_inst/cpu_rst_sync_reg/C","student_top_inst/Core_cpu/u_core_top/u_perf_counters/cycle_o_reg[56]/R","setup"
1500,-0.433,5.000,4.651,0,"student_top_inst/cpu_rst_sync_reg/C","student_top_inst/Core_cpu/u_core_top/u_perf_counters/cycle_o_reg[57]/R","setup"
1501,-0.433,5.000,4.651,0,"student_top_inst/cpu_rst_sync_reg/C","student_top_inst/Core_cpu/u_core_top/u_perf_counters/cycle_o_reg[58]/R","setup"
1502,-0.433,5.000,4.651,0,"student_top_inst/cpu_rst_sync_reg/C","student_top_inst/Core_cpu/u_core_top/u_perf_counters/cycle_o_reg[59]/R","setup"
1503,-0.432,5.000,5.130,9,"student_top_inst/Core_cpu/u_core_top/scoreboard_q_reg[3][fu][1]/C","student_top_inst/Core_cpu/u_core_top/scoreboard_q_reg[0][is_return]/CE","setup"
1504,-0.432,5.000,5.130,9,"student_top_inst/Core_cpu/u_core_top/scoreboard_q_reg[3][fu][1]/C","student_top_inst/Core_cpu/u_core_top/scoreboard_q_reg[0][link_addr][29]/CE","setup"
1505,-0.432,5.000,5.130,9,"student_top_inst/Core_cpu/u_core_top/scoreboard_q_reg[3][fu][1]/C","student_top_inst/Core_cpu/u_core_top/scoreboard_q_reg[0][link_addr][30]/CE","setup"
1506,-0.432,5.000,5.130,9,"student_top_inst/Core_cpu/u_core_top/scoreboard_q_reg[3][fu][1]/C","student_top_inst/Core_cpu/u_core_top/scoreboard_q_reg[0][link_addr][31]/CE","setup"
1507,-0.432,5.000,5.090,7,"student_top_inst/Core_cpu/u_core_top/u_dcache/u_tag_bank/mem_q_reg/CLKBWRCLK","student_top_inst/Core_cpu/u_core_top/scoreboard_q_reg[5][result][0]/CE","setup"
1508,-0.432,5.000,5.090,7,"student_top_inst/Core_cpu/u_core_top/u_dcache/u_tag_bank/mem_q_reg/CLKBWRCLK","student_top_inst/Core_cpu/u_core_top/scoreboard_q_reg[5][result][10]/CE","setup"
1509,-0.432,5.000,5.090,7,"student_top_inst/Core_cpu/u_core_top/u_dcache/u_tag_bank/mem_q_reg/CLKBWRCLK","student_top_inst/Core_cpu/u_core_top/scoreboard_q_reg[5][result][2]/CE","setup"
1510,-0.432,5.000,5.090,7,"student_top_inst/Core_cpu/u_core_top/u_dcache/u_tag_bank/mem_q_reg/CLKBWRCLK","student_top_inst/Core_cpu/u_core_top/scoreboard_q_reg[5][result][7]/CE","setup"
1511,-0.432,5.000,5.328,9,"student_top_inst/Core_cpu/u_core_top/u_dcache/u_tag_bank/mem_q_reg/CLKBWRCLK","student_top_inst/Core_cpu/u_core_top/scoreboard_q_reg[0][result][8]/D","setup"
1512,-0.432,5.000,5.059,0,"student_top_inst/Core_cpu/u_core_top/u_dmem_regslice/req_addr_q_reg[11]/C","student_top_inst/mem_bridge/dram_adapter/dram/U0/inst_blk_mem_gen/gnbram.gnativebmg.native_blk_mem_gen/valid.cstr/ramloop[14].ram.r/prim_init.ram/DEVICE_7SERIES.NO_BMM_INFO.SP.SIMPLE_PRIM36.ram/ADDRARDADDR[12]","setup"
1513,-0.430,5.000,5.120,9,"student_top_inst/Core_cpu/u_core_top/scoreboard_q_reg[3][fu][1]/C","student_top_inst/Core_cpu/u_core_top/scoreboard_q_reg[1][csr_addr][3]/CE","setup"
1514,-0.430,5.000,5.120,9,"student_top_inst/Core_cpu/u_core_top/scoreboard_q_reg[3][fu][1]/C","student_top_inst/Core_cpu/u_core_top/scoreboard_q_reg[1][csr_addr][6]/CE","setup"
1515,-0.430,5.000,5.120,9,"student_top_inst/Core_cpu/u_core_top/scoreboard_q_reg[3][fu][1]/C","student_top_inst/Core_cpu/u_core_top/scoreboard_q_reg[1][csr_addr][9]/CE","setup"
1516,-0.430,5.000,5.120,9,"student_top_inst/Core_cpu/u_core_top/scoreboard_q_reg[3][fu][1]/C","student_top_inst/Core_cpu/u_core_top/scoreboard_q_reg[1][pc][11]/CE","setup"
1517,-0.430,5.000,5.120,9,"student_top_inst/Core_cpu/u_core_top/scoreboard_q_reg[3][fu][1]/C","student_top_inst/Core_cpu/u_core_top/scoreboard_q_reg[1][pc][27]/CE","setup"
1518,-0.430,5.000,5.120,9,"student_top_inst/Core_cpu/u_core_top/scoreboard_q_reg[3][fu][1]/C","student_top_inst/Core_cpu/u_core_top/scoreboard_q_reg[1][pc][3]/CE","setup"
1519,-0.430,5.000,5.120,9,"student_top_inst/Core_cpu/u_core_top/scoreboard_q_reg[3][fu][1]/C","student_top_inst/Core_cpu/u_core_top/scoreboard_q_reg[1][rd][2]/CE","setup"
1520,-0.429,5.000,4.978,7,"student_top_inst/Core_cpu/u_core_top/u_dcache/u_tag_bank/mem_q_reg/CLKBWRCLK","student_top_inst/Core_cpu/u_core_top/u_dcache/g_data_bank[3].u_data_bank/mem_q_reg_1/ADDRBWRADDR[5]","setup"
1521,-0.429,5.000,5.325,8,"student_top_inst/Core_cpu/u_core_top/u_dcache/u_tag_bank/mem_q_reg/CLKBWRCLK","student_top_inst/Core_cpu/u_core_top/scoreboard_q_reg[0][result][4]/D","setup"
1522,-0.428,5.000,5.112,8,"student_top_inst/Core_cpu/u_core_top/u_dcache/u_tag_bank/mem_q_reg/CLKBWRCLK","student_top_inst/Core_cpu/u_core_top/exec_q_reg[uop][fu][0]/CE","setup"
1523,-0.428,5.000,5.112,8,"student_top_inst/Core_cpu/u_core_top/u_dcache/u_tag_bank/mem_q_reg/CLKBWRCLK","student_top_inst/Core_cpu/u_core_top/exec_q_reg[uop][fu][1]/CE","setup"
1524,-0.428,5.000,5.112,8,"student_top_inst/Core_cpu/u_core_top/u_dcache/u_tag_bank/mem_q_reg/CLKBWRCLK","student_top_inst/Core_cpu/u_core_top/exec_q_reg[uop][fu][2]/CE","setup"
1525,-0.428,5.000,5.112,8,"student_top_inst/Core_cpu/u_core_top/u_dcache/u_tag_bank/mem_q_reg/CLKBWRCLK","student_top_inst/Core_cpu/u_core_top/exec_q_reg[uop][imm][28]/CE","setup"
1526,-0.428,5.000,5.112,8,"student_top_inst/Core_cpu/u_core_top/u_dcache/u_tag_bank/mem_q_reg/CLKBWRCLK","student_top_inst/Core_cpu/u_core_top/exec_q_reg[uop][imm][9]/CE","setup"
1527,-0.428,5.000,5.112,8,"student_top_inst/Core_cpu/u_core_top/u_dcache/u_tag_bank/mem_q_reg/CLKBWRCLK","student_top_inst/Core_cpu/u_core_top/exec_q_reg[uop][mem_size][0]/CE","setup"
1528,-0.428,5.000,5.112,8,"student_top_inst/Core_cpu/u_core_top/u_dcache/u_tag_bank/mem_q_reg/CLKBWRCLK","student_top_inst/Core_cpu/u_core_top/exec_q_reg[uop][pred_next_pc][15]/CE","setup"
1529,-0.427,5.000,5.089,8,"student_top_inst/Core_cpu/u_core_top/u_dcache/u_tag_bank/mem_q_reg/CLKBWRCLK","student_top_inst/Core_cpu/u_core_top/exec_q_reg[op1][19]/CE","setup"
1530,-0.427,5.000,5.089,8,"student_top_inst/Core_cpu/u_core_top/u_dcache/u_tag_bank/mem_q_reg/CLKBWRCLK","student_top_inst/Core_cpu/u_core_top/exec_q_reg[op2][19]/CE","setup"
1531,-0.426,5.000,5.324,10,"student_top_inst/Core_cpu/u_core_top/u_dcache/u_tag_bank/mem_q_reg/CLKBWRCLK","student_top_inst/Core_cpu/u_core_top/store_head_q_reg[1]/D","setup"
1532,-0.426,5.000,5.323,9,"student_top_inst/Core_cpu/u_core_top/u_dcache/u_tag_bank/mem_q_reg/CLKBWRCLK","student_top_inst/Core_cpu/u_core_top/scoreboard_q_reg[1][result][31]/D","setup"
1533,-0.426,5.000,5.324,9,"student_top_inst/Core_cpu/u_core_top/u_dcache/u_tag_bank/mem_q_reg/CLKBWRCLK","student_top_inst/Core_cpu/u_core_top/scoreboard_q_reg[2][result][8]/D","setup"
1534,-0.426,5.000,5.324,9,"student_top_inst/Core_cpu/u_core_top/u_dcache/u_tag_bank/mem_q_reg/CLKBWRCLK","student_top_inst/Core_cpu/u_core_top/scoreboard_q_reg[7][result][8]/D","setup"
1535,-0.425,5.000,5.307,9,"student_top_inst/Core_cpu/u_core_top/u_dcache/u_tag_bank/mem_q_reg/CLKBWRCLK","student_top_inst/Core_cpu/u_core_top/u_dmem_regslice/req_write_q_reg/D","setup"
1536,-0.425,5.000,5.091,8,"student_top_inst/Core_cpu/u_core_top/u_dcache/u_tag_bank/mem_q_reg/CLKBWRCLK","student_top_inst/Core_cpu/u_core_top/exec_q_reg[op1][18]/CE","setup"
1537,-0.425,5.000,5.091,8,"student_top_inst/Core_cpu/u_core_top/u_dcache/u_tag_bank/mem_q_reg/CLKBWRCLK","student_top_inst/Core_cpu/u_core_top/exec_q_reg[op2][18]/CE","setup"
1538,-0.425,5.000,5.091,8,"student_top_inst/Core_cpu/u_core_top/u_dcache/u_tag_bank/mem_q_reg/CLKBWRCLK","student_top_inst/Core_cpu/u_core_top/exec_q_reg[uop][imm][3]/CE","setup"
1539,-0.425,5.000,5.091,8,"student_top_inst/Core_cpu/u_core_top/u_dcache/u_tag_bank/mem_q_reg/CLKBWRCLK","student_top_inst/Core_cpu/u_core_top/exec_q_reg[uop][imm][4]/CE","setup"
1540,-0.425,5.000,5.283,8,"student_top_inst/Core_cpu/u_core_top/u_dcache/u_tag_bank/mem_q_reg/CLKBWRCLK","student_top_inst/Core_cpu/u_core_top/scoreboard_q_reg[2][exception_tval][0]/D","setup"
1541,-0.424,5.000,5.322,9,"student_top_inst/Core_cpu/u_core_top/u_dcache/u_tag_bank/mem_q_reg/CLKBWRCLK","student_top_inst/Core_cpu/u_core_top/scoreboard_q_reg[1][result][27]/D","setup"
1542,-0.424,5.000,5.251,8,"student_top_inst/Core_cpu/u_core_top/u_dcache/u_tag_bank/mem_q_reg/CLKBWRCLK","student_top_inst/Core_cpu/u_core_top/scoreboard_q_reg[2][exception_tval][21]/D","setup"
1543,-0.423,5.000,5.385,12,"student_top_inst/Core_cpu/u_core_top/store_head_q_reg[1]/C","student_top_inst/Core_cpu/u_core_top/load_active_meta_q_reg[forward_data][1]/D","setup"
1544,-0.423,5.000,4.979,7,"student_top_inst/Core_cpu/u_core_top/u_dcache/u_tag_bank/mem_q_reg/CLKBWRCLK","student_top_inst/Core_cpu/u_core_top/scoreboard_q_reg[2][result][0]/R","setup"
1545,-0.423,5.000,4.979,7,"student_top_inst/Core_cpu/u_core_top/u_dcache/u_tag_bank/mem_q_reg/CLKBWRCLK","student_top_inst/Core_cpu/u_core_top/scoreboard_q_reg[2][result][1]/R","setup"
1546,-0.423,5.000,4.979,7,"student_top_inst/Core_cpu/u_core_top/u_dcache/u_tag_bank/mem_q_reg/CLKBWRCLK","student_top_inst/Core_cpu/u_core_top/scoreboard_q_reg[2][result][4]/R","setup"
1547,-0.423,5.000,4.979,7,"student_top_inst/Core_cpu/u_core_top/u_dcache/u_tag_bank/mem_q_reg/CLKBWRCLK","student_top_inst/Core_cpu/u_core_top/scoreboard_q_reg[2][result][7]/R","setup"
1548,-0.423,5.000,5.065,8,"student_top_inst/Core_cpu/u_core_top/scoreboard_q_reg[3][fu][1]/C","student_top_inst/Core_cpu/u_core_top/u_muldiv/u_div/U0/i_synth/i_has_input_skid.i_2to1/gen_has_z_tready.reg1_a_tdata_reg[0]/CE","setup"
1549,-0.423,5.000,5.065,8,"student_top_inst/Core_cpu/u_core_top/scoreboard_q_reg[3][fu][1]/C","student_top_inst/Core_cpu/u_core_top/u_muldiv/u_div/U0/i_synth/i_has_input_skid.i_2to1/gen_has_z_tready.reg1_a_tdata_reg[1]/CE","setup"
1550,-0.423,5.000,5.065,8,"student_top_inst/Core_cpu/u_core_top/scoreboard_q_reg[3][fu][1]/C","student_top_inst/Core_cpu/u_core_top/u_muldiv/u_div/U0/i_synth/i_has_input_skid.i_2to1/gen_has_z_tready.reg1_a_tdata_reg[4]/CE","setup"
1551,-0.423,5.000,5.065,8,"student_top_inst/Core_cpu/u_core_top/scoreboard_q_reg[3][fu][1]/C","student_top_inst/Core_cpu/u_core_top/u_muldiv/u_div/U0/i_synth/i_has_input_skid.i_2to1/gen_has_z_tready.reg1_a_tdata_reg[5]/CE","setup"
1552,-0.423,5.000,5.249,8,"student_top_inst/Core_cpu/u_core_top/u_dcache/u_tag_bank/mem_q_reg/CLKBWRCLK","student_top_inst/Core_cpu/u_core_top/scoreboard_q_reg[2][exception_tval][4]/D","setup"
1553,-0.422,5.000,4.896,7,"student_top_inst/Core_cpu/u_core_top/u_dcache/u_tag_bank/mem_q_reg/CLKBWRCLK","student_top_inst/Core_cpu/u_core_top/u_dcache/g_data_bank[3].u_data_bank/mem_q_reg_0/ADDRBWRADDR[10]","setup"
1554,-0.422,5.000,5.319,8,"student_top_inst/Core_cpu/u_core_top/u_dcache/u_tag_bank/mem_q_reg/CLKBWRCLK","student_top_inst/Core_cpu/u_core_top/scoreboard_q_reg[1][result][2]/D","setup"
1555,-0.421,5.000,4.833,0,"student_top_inst/cpu_rst_sync_reg/C","student_top_inst/Core_cpu/u_core_top/u_perf_counters/commit_o_reg[36]/R","setup"
1556,-0.421,5.000,4.833,0,"student_top_inst/cpu_rst_sync_reg/C","student_top_inst/Core_cpu/u_core_top/u_perf_counters/commit_o_reg[37]/R","setup"
1557,-0.421,5.000,4.833,0,"student_top_inst/cpu_rst_sync_reg/C","student_top_inst/Core_cpu/u_core_top/u_perf_counters/commit_o_reg[38]/R","setup"
1558,-0.421,5.000,4.833,0,"student_top_inst/cpu_rst_sync_reg/C","student_top_inst/Core_cpu/u_core_top/u_perf_counters/commit_o_reg[39]/R","setup"
1559,-0.421,5.000,5.322,10,"student_top_inst/Core_cpu/u_core_top/u_dcache/u_tag_bank/mem_q_reg/CLKBWRCLK","student_top_inst/Core_cpu/u_core_top/load_q_reg[0][store_seq_cutoff][0]/D","setup"
1560,-0.421,5.000,5.250,8,"student_top_inst/Core_cpu/u_core_top/u_dcache/u_tag_bank/mem_q_reg/CLKBWRCLK","student_top_inst/Core_cpu/u_core_top/scoreboard_q_reg[2][exception_tval][22]/D","setup"
1561,-0.419,5.000,5.345,9,"student_top_inst/Core_cpu/u_core_top/u_dcache/u_tag_bank/mem_q_reg/CLKBWRCLK","student_top_inst/Core_cpu/u_core_top/scoreboard_q_reg[6][result][21]/D","setup"
1562,-0.419,5.000,4.898,7,"student_top_inst/Core_cpu/u_core_top/u_dcache/u_tag_bank/mem_q_reg/CLKBWRCLK","student_top_inst/Core_cpu/u_core_top/u_dcache/g_data_bank[2].u_data_bank/mem_q_reg_0/ADDRBWRADDR[6]","setup"
1563,-0.419,5.000,5.113,9,"student_top_inst/Core_cpu/u_core_top/scoreboard_q_reg[3][fu][1]/C","student_top_inst/Core_cpu/u_core_top/scoreboard_q_reg[0][link_addr][21]/CE","setup"
1564,-0.419,5.000,5.113,9,"student_top_inst/Core_cpu/u_core_top/scoreboard_q_reg[3][fu][1]/C","student_top_inst/Core_cpu/u_core_top/scoreboard_q_reg[0][link_addr][22]/CE","setup"
1565,-0.419,5.000,5.113,9,"student_top_inst/Core_cpu/u_core_top/scoreboard_q_reg[3][fu][1]/C","student_top_inst/Core_cpu/u_core_top/scoreboard_q_reg[0][link_addr][23]/CE","setup"
1566,-0.419,5.000,5.113,9,"student_top_inst/Core_cpu/u_core_top/scoreboard_q_reg[3][fu][1]/C","student_top_inst/Core_cpu/u_core_top/scoreboard_q_reg[0][link_addr][24]/CE","setup"
1567,-0.418,5.000,5.210,0,"student_top_inst/Core_cpu/u_core_top/u_dmem_regslice/req_addr_q_reg[6]/C","student_top_inst/mem_bridge/dram_adapter/dram/U0/inst_blk_mem_gen/gnbram.gnativebmg.native_blk_mem_gen/valid.cstr/ramloop[5].ram.r/prim_init.ram/DEVICE_7SERIES.NO_BMM_INFO.SP.SIMPLE_PRIM36.ram/ADDRARDADDR[7]","setup"
1568,-0.418,5.000,5.142,7,"student_top_inst/Core_cpu/u_core_top/u_dcache/u_tag_bank/mem_q_reg/CLKBWRCLK","student_top_inst/Core_cpu/u_core_top/id_uop_q_reg[serialize]/CE","setup"
1569,-0.418,5.000,5.142,7,"student_top_inst/Core_cpu/u_core_top/u_dcache/u_tag_bank/mem_q_reg/CLKBWRCLK","student_top_inst/Core_cpu/u_core_top/id_uop_q_reg[uses_rs1]/CE","setup"
1570,-0.418,5.000,5.000,7,"student_top_inst/Core_cpu/u_core_top/u_dcache/u_tag_bank/mem_q_reg/CLKBWRCLK","student_top_inst/Core_cpu/u_core_top/scoreboard_q_reg[3][result][15]/R","setup"
1571,-0.418,5.000,5.000,7,"student_top_inst/Core_cpu/u_core_top/u_dcache/u_tag_bank/mem_q_reg/CLKBWRCLK","student_top_inst/Core_cpu/u_core_top/scoreboard_q_reg[3][result][25]/R","setup"
1572,-0.418,5.000,5.000,7,"student_top_inst/Core_cpu/u_core_top/u_dcache/u_tag_bank/mem_q_reg/CLKBWRCLK","student_top_inst/Core_cpu/u_core_top/scoreboard_q_reg[3][result][29]/R","setup"
1573,-0.418,5.000,5.000,7,"student_top_inst/Core_cpu/u_core_top/u_dcache/u_tag_bank/mem_q_reg/CLKBWRCLK","student_top_inst/Core_cpu/u_core_top/scoreboard_q_reg[3][result][8]/R","setup"
1574,-0.418,5.000,5.156,0,"student_top_inst/Core_cpu/u_core_top/u_dmem_regslice/req_addr_q_reg[2]/C","student_top_inst/mem_bridge/dram_adapter/dram/U0/inst_blk_mem_gen/gnbram.gnativebmg.native_blk_mem_gen/valid.cstr/ramloop[2].ram.r/prim_init.ram/DEVICE_7SERIES.NO_BMM_INFO.SP.SIMPLE_PRIM36.ram/ADDRARDADDR[3]","setup"
1575,-0.418,5.000,5.347,12,"student_top_inst/Core_cpu/u_core_top/store_head_q_reg[1]/C","student_top_inst/Core_cpu/u_core_top/load_active_meta_q_reg[forward_data][5]/D","setup"
1576,-0.417,5.000,5.341,9,"student_top_inst/Core_cpu/u_core_top/u_dcache/u_tag_bank/mem_q_reg/CLKBWRCLK","student_top_inst/Core_cpu/u_core_top/scoreboard_q_reg[6][result][11]/D","setup"
1577,-0.417,5.000,5.073,8,"student_top_inst/Core_cpu/u_core_top/u_dcache/u_tag_bank/mem_q_reg/CLKBWRCLK","student_top_inst/Core_cpu/u_core_top/scoreboard_q_reg[7][exception_valid]/CE","setup"
1578,-0.417,5.000,5.374,9,"student_top_inst/Core_cpu/u_core_top/u_dcache/u_tag_bank/mem_q_reg/CLKBWRCLK","student_top_inst/Core_cpu/u_core_top/u_frontend/u_fetch_queue/head_q_reg[1]/D","setup"
1579,-0.417,5.000,5.341,9,"student_top_inst/Core_cpu/u_core_top/u_dcache/u_tag_bank/mem_q_reg/CLKBWRCLK","student_top_inst/Core_cpu/u_core_top/scoreboard_q_reg[6][result][9]/D","setup"
1580,-0.417,5.000,5.081,8,"student_top_inst/Core_cpu/u_core_top/u_dcache/u_tag_bank/mem_q_reg/CLKBWRCLK","student_top_inst/Core_cpu/u_core_top/scoreboard_q_reg[3][exception_tval][10]/CE","setup"
1581,-0.417,5.000,5.137,9,"student_top_inst/Core_cpu/u_core_top/scoreboard_q_reg[3][fu][1]/C","student_top_inst/Core_cpu/u_core_top/scoreboard_q_reg[1][csr_src][11]/CE","setup"
1582,-0.417,5.000,5.137,9,"student_top_inst/Core_cpu/u_core_top/scoreboard_q_reg[3][fu][1]/C","student_top_inst/Core_cpu/u_core_top/scoreboard_q_reg[1][csr_src][18]/CE","setup"
1583,-0.417,5.000,5.137,9,"student_top_inst/Core_cpu/u_core_top/scoreboard_q_reg[3][fu][1]/C","student_top_inst/Core_cpu/u_core_top/scoreboard_q_reg[1][csr_src][20]/CE","setup"
1584,-0.417,5.000,5.137,9,"student_top_inst/Core_cpu/u_core_top/scoreboard_q_reg[3][fu][1]/C","student_top_inst/Core_cpu/u_core_top/scoreboard_q_reg[1][csr_src][23]/CE","setup"
1585,-0.417,5.000,5.137,9,"student_top_inst/Core_cpu/u_core_top/scoreboard_q_reg[3][fu][1]/C","student_top_inst/Core_cpu/u_core_top/scoreboard_q_reg[1][csr_src][25]/CE","setup"
1586,-0.417,5.000,5.137,9,"student_top_inst/Core_cpu/u_core_top/scoreboard_q_reg[3][fu][1]/C","student_top_inst/Core_cpu/u_core_top/scoreboard_q_reg[1][csr_src][27]/CE","setup"
1587,-0.417,5.000,5.137,9,"student_top_inst/Core_cpu/u_core_top/scoreboard_q_reg[3][fu][1]/C","student_top_inst/Core_cpu/u_core_top/scoreboard_q_reg[1][csr_src][6]/CE","setup"
1588,-0.417,5.000,5.137,9,"student_top_inst/Core_cpu/u_core_top/scoreboard_q_reg[3][fu][1]/C","student_top_inst/Core_cpu/u_core_top/scoreboard_q_reg[1][csr_src][7]/CE","setup"
1589,-0.416,5.000,5.309,9,"student_top_inst/Core_cpu/u_core_top/u_dcache/u_tag_bank/mem_q_reg/CLKBWRCLK","student_top_inst/Core_cpu/u_core_top/scoreboard_q_reg[7][result][20]/D","setup"
1590,-0.416,5.000,5.372,9,"student_top_inst/Core_cpu/u_core_top/u_dcache/u_tag_bank/mem_q_reg/CLKBWRCLK","student_top_inst/Core_cpu/u_core_top/u_frontend/u_fetch_queue/head_q_reg[0]/D","setup"
1591,-0.416,5.000,5.122,8,"student_top_inst/Core_cpu/u_core_top/scoreboard_q_reg[3][fu][1]/C","student_top_inst/Core_cpu/u_core_top/u_muldiv/u_div/U0/i_synth/i_has_input_skid.i_2to1/gen_has_z_tready.reg1_a_tdata_reg[2]/CE","setup"
1592,-0.416,5.000,5.122,8,"student_top_inst/Core_cpu/u_core_top/scoreboard_q_reg[3][fu][1]/C","student_top_inst/Core_cpu/u_core_top/u_muldiv/u_div/U0/i_synth/i_has_input_skid.i_2to1/gen_has_z_tready.reg1_a_tdata_reg[3]/CE","setup"
1593,-0.416,5.000,5.080,9,"student_top_inst/Core_cpu/u_core_top/u_dcache/u_tag_bank/mem_q_reg/CLKBWRCLK","student_top_inst/Core_cpu/u_core_top/load_active_meta_q_reg[addr][1]/CE","setup"
1594,-0.416,5.000,5.080,9,"student_top_inst/Core_cpu/u_core_top/u_dcache/u_tag_bank/mem_q_reg/CLKBWRCLK","student_top_inst/Core_cpu/u_core_top/load_active_meta_q_reg[forward_data][21]/CE","setup"
1595,-0.416,5.000,5.080,9,"student_top_inst/Core_cpu/u_core_top/u_dcache/u_tag_bank/mem_q_reg/CLKBWRCLK","student_top_inst/Core_cpu/u_core_top/load_active_meta_q_reg[forward_data][28]/CE","setup"
1596,-0.416,5.000,5.080,9,"student_top_inst/Core_cpu/u_core_top/u_dcache/u_tag_bank/mem_q_reg/CLKBWRCLK","student_top_inst/Core_cpu/u_core_top/load_active_meta_q_reg[load_unsigned]/CE","setup"
1597,-0.414,5.000,5.306,8,"student_top_inst/Core_cpu/u_core_top/u_dcache/u_tag_bank/mem_q_reg/CLKBWRCLK","student_top_inst/Core_cpu/u_core_top/scoreboard_q_reg[3][result][10]/D","setup"
1598,-0.413,5.000,5.074,7,"student_top_inst/Core_cpu/u_core_top/u_dcache/u_tag_bank/mem_q_reg/CLKBWRCLK","student_top_inst/Core_cpu/u_core_top/scoreboard_q_reg[3][fu][0]/CE","setup"
1599,-0.413,5.000,5.074,7,"student_top_inst/Core_cpu/u_core_top/u_dcache/u_tag_bank/mem_q_reg/CLKBWRCLK","student_top_inst/Core_cpu/u_core_top/scoreboard_q_reg[3][fu][1]/CE","setup"
1600,-0.413,5.000,5.074,7,"student_top_inst/Core_cpu/u_core_top/u_dcache/u_tag_bank/mem_q_reg/CLKBWRCLK","student_top_inst/Core_cpu/u_core_top/scoreboard_q_reg[3][fu][2]/CE","setup"
1601,-0.413,5.000,5.074,7,"student_top_inst/Core_cpu/u_core_top/u_dcache/u_tag_bank/mem_q_reg/CLKBWRCLK","student_top_inst/Core_cpu/u_core_top/scoreboard_q_reg[3][pc][30]/CE","setup"
1602,-0.413,5.000,5.135,9,"student_top_inst/Core_cpu/u_core_top/scoreboard_q_reg[3][fu][1]/C","student_top_inst/Core_cpu/u_core_top/scoreboard_q_reg[1][is_call]/CE","setup"
1603,-0.413,5.000,5.343,9,"student_top_inst/Core_cpu/u_core_top/u_dcache/u_tag_bank/mem_q_reg/CLKBWRCLK","student_top_inst/Core_cpu/u_core_top/exec_q_reg[op1][2]/D","setup"
1604,-0.413,5.000,5.305,9,"student_top_inst/Core_cpu/u_core_top/u_dcache/u_tag_bank/mem_q_reg/CLKBWRCLK","student_top_inst/Core_cpu/u_core_top/scoreboard_q_reg[3][result][17]/D","setup"
1605,-0.412,5.000,5.054,8,"student_top_inst/Core_cpu/u_core_top/u_dcache/u_tag_bank/mem_q_reg/CLKBWRCLK","student_top_inst/Core_cpu/u_core_top/u_dcache/g_data_bank[1].u_data_bank/mem_q_reg_0/ENBWREN","setup"
1606,-0.412,5.000,5.069,9,"student_top_inst/Core_cpu/u_core_top/scoreboard_q_reg[3][fu][1]/C","student_top_inst/Core_cpu/u_core_top/scoreboard_q_reg[6][csr_addr][0]/CE","setup"
1607,-0.412,5.000,5.305,8,"student_top_inst/Core_cpu/u_core_top/u_dcache/u_tag_bank/mem_q_reg/CLKBWRCLK","student_top_inst/Core_cpu/u_core_top/scoreboard_q_reg[2][result][4]/D","setup"
1608,-0.412,5.000,5.207,0,"student_top_inst/Core_cpu/u_core_top/u_dmem_regslice/req_addr_q_reg[6]/C","student_top_inst/mem_bridge/dram_adapter/dram/U0/inst_blk_mem_gen/gnbram.gnativebmg.native_blk_mem_gen/valid.cstr/ramloop[2].ram.r/prim_init.ram/DEVICE_7SERIES.NO_BMM_INFO.SP.SIMPLE_PRIM36.ram/ADDRARDADDR[7]","setup"
1609,-0.411,5.000,4.650,0,"student_top_inst/cpu_rst_sync_reg/C","student_top_inst/Core_cpu/u_core_top/u_perf_counters/commit_o_reg[48]/R","setup"
1610,-0.411,5.000,4.650,0,"student_top_inst/cpu_rst_sync_reg/C","student_top_inst/Core_cpu/u_core_top/u_perf_counters/commit_o_reg[49]/R","setup"
1611,-0.411,5.000,4.650,0,"student_top_inst/cpu_rst_sync_reg/C","student_top_inst/Core_cpu/u_core_top/u_perf_counters/commit_o_reg[50]/R","setup"
1612,-0.411,5.000,4.650,0,"student_top_inst/cpu_rst_sync_reg/C","student_top_inst/Core_cpu/u_core_top/u_perf_counters/commit_o_reg[51]/R","setup"
1613,-0.411,5.000,5.303,11,"student_top_inst/Core_cpu/u_core_top/store_head_q_reg[1]/C","student_top_inst/Core_cpu/u_core_top/load_q_reg[1][forward_data][10]/D","setup"
1614,-0.411,5.000,5.001,9,"student_top_inst/Core_cpu/u_core_top/scoreboard_q_reg[3][fu][1]/C","student_top_inst/Core_cpu/u_core_top/scoreboard_q_reg[0][result][27]/R","setup"
1615,-0.411,5.000,5.001,9,"student_top_inst/Core_cpu/u_core_top/scoreboard_q_reg[3][fu][1]/C","student_top_inst/Core_cpu/u_core_top/scoreboard_q_reg[0][result][28]/R","setup"
1616,-0.411,5.000,5.001,9,"student_top_inst/Core_cpu/u_core_top/scoreboard_q_reg[3][fu][1]/C","student_top_inst/Core_cpu/u_core_top/scoreboard_q_reg[0][result][30]/R","setup"
1617,-0.410,5.000,5.339,9,"student_top_inst/Core_cpu/u_core_top/u_dcache/u_tag_bank/mem_q_reg/CLKBWRCLK","student_top_inst/Core_cpu/u_core_top/scoreboard_q_reg[3][result][8]/D","setup"
1618,-0.410,5.000,5.028,0,"student_top_inst/Core_cpu/u_core_top/u_dmem_regslice/req_addr_q_reg[9]/C","student_top_inst/mem_bridge/dram_adapter/dram/U0/inst_blk_mem_gen/gnbram.gnativebmg.native_blk_mem_gen/valid.cstr/ramloop[8].ram.r/prim_init.ram/DEVICE_7SERIES.NO_BMM_INFO.SP.SIMPLE_PRIM36.ram/ADDRARDADDR[10]","setup"
1619,-0.409,5.000,5.073,7,"student_top_inst/Core_cpu/u_core_top/u_dcache/u_tag_bank/mem_q_reg/CLKBWRCLK","student_top_inst/Core_cpu/u_core_top/scoreboard_q_reg[2][is_call]/CE","setup"
1620,-0.409,5.000,5.300,9,"student_top_inst/Core_cpu/u_core_top/u_dcache/u_tag_bank/mem_q_reg/CLKBWRCLK","student_top_inst/Core_cpu/u_core_top/scoreboard_q_reg[2][result][24]/D","setup"
1621,-0.408,5.000,5.310,9,"student_top_inst/Core_cpu/u_core_top/u_dcache/u_tag_bank/mem_q_reg/CLKBWRCLK","student_top_inst/Core_cpu/u_core_top/exec_q_reg[op2][6]/D","setup"
1622,-0.408,5.000,5.340,10,"student_top_inst/Core_cpu/u_core_top/u_dcache/u_tag_bank/mem_q_reg/CLKBWRCLK","student_top_inst/Core_cpu/u_core_top/exec_q_reg[op2][11]/D","setup"
1623,-0.408,5.000,5.029,9,"student_top_inst/Core_cpu/u_core_top/scoreboard_q_reg[3][fu][1]/C","student_top_inst/Core_cpu/u_core_top/scoreboard_q_reg[1][result][18]/R","setup"
1624,-0.408,5.000,5.029,9,"student_top_inst/Core_cpu/u_core_top/scoreboard_q_reg[3][fu][1]/C","student_top_inst/Core_cpu/u_core_top/scoreboard_q_reg[1][result][25]/R","setup"
1625,-0.408,5.000,5.076,7,"student_top_inst/Core_cpu/u_core_top/u_dcache/u_tag_bank/mem_q_reg/CLKBWRCLK","student_top_inst/Core_cpu/u_core_top/id_uop_q_reg[rs1][1]/CE","setup"
1626,-0.408,5.000,5.339,10,"student_top_inst/Core_cpu/u_core_top/u_dcache/u_tag_bank/mem_q_reg/CLKBWRCLK","student_top_inst/Core_cpu/u_core_top/exec_q_reg[op1][26]/D","setup"
1627,-0.408,5.000,5.004,9,"student_top_inst/Core_cpu/u_core_top/scoreboard_q_reg[3][fu][1]/C","student_top_inst/Core_cpu/u_core_top/scoreboard_q_reg[1][result][13]/R","setup"
1628,-0.408,5.000,5.004,9,"student_top_inst/Core_cpu/u_core_top/scoreboard_q_reg[3][fu][1]/C","student_top_inst/Core_cpu/u_core_top/scoreboard_q_reg[1][result][14]/R","setup"
1629,-0.408,5.000,5.004,9,"student_top_inst/Core_cpu/u_core_top/scoreboard_q_reg[3][fu][1]/C","student_top_inst/Core_cpu/u_core_top/scoreboard_q_reg[1][result][26]/R","setup"
1630,-0.408,5.000,5.310,10,"student_top_inst/Core_cpu/u_core_top/u_dcache/u_tag_bank/mem_q_reg/CLKBWRCLK","student_top_inst/Core_cpu/u_core_top/load_q_reg[0][forward_data][27]/D","setup"
1631,-0.408,5.000,5.070,7,"student_top_inst/Core_cpu/u_core_top/u_dcache/u_tag_bank/mem_q_reg/CLKBWRCLK","student_top_inst/Core_cpu/u_core_top/scoreboard_q_reg[0][result][11]/CE","setup"
1632,-0.408,5.000,5.070,7,"student_top_inst/Core_cpu/u_core_top/u_dcache/u_tag_bank/mem_q_reg/CLKBWRCLK","student_top_inst/Core_cpu/u_core_top/scoreboard_q_reg[0][result][4]/CE","setup"
1633,-0.407,5.000,5.018,9,"student_top_inst/Core_cpu/u_core_top/scoreboard_q_reg[3][fu][1]/C","student_top_inst/Core_cpu/u_core_top/scoreboard_q_reg[6][result][12]/R","setup"
1634,-0.407,5.000,5.018,9,"student_top_inst/Core_cpu/u_core_top/scoreboard_q_reg[3][fu][1]/C","student_top_inst/Core_cpu/u_core_top/scoreboard_q_reg[6][result][23]/R","setup"
1635,-0.407,5.000,5.018,9,"student_top_inst/Core_cpu/u_core_top/scoreboard_q_reg[3][fu][1]/C","student_top_inst/Core_cpu/u_core_top/scoreboard_q_reg[6][result][26]/R","setup"
1636,-0.407,5.000,5.018,9,"student_top_inst/Core_cpu/u_core_top/scoreboard_q_reg[3][fu][1]/C","student_top_inst/Core_cpu/u_core_top/scoreboard_q_reg[6][result][30]/R","setup"
1637,-0.406,5.000,5.250,0,"student_top_inst/Core_cpu/u_core_top/u_dmem_regslice/req_addr_q_reg[4]/C","student_top_inst/mem_bridge/dram_adapter/dram/U0/inst_blk_mem_gen/gnbram.gnativebmg.native_blk_mem_gen/valid.cstr/ramloop[11].ram.r/prim_init.ram/DEVICE_7SERIES.NO_BMM_INFO.SP.SIMPLE_PRIM36.ram/ADDRARDADDR[5]","setup"
1638,-0.405,5.000,5.395,9,"student_top_inst/Core_cpu/u_core_top/u_dcache/u_tag_bank/mem_q_reg/CLKBWRCLK","student_top_inst/Core_cpu/u_core_top/u_frontend/u_fetch_queue/count_q_reg[1]/D","setup"
1639,-0.404,5.000,5.134,0,"student_top_inst/Core_cpu/u_core_top/u_dmem_regslice/req_addr_q_reg[7]/C","student_top_inst/mem_bridge/dram_adapter/dram/U0/inst_blk_mem_gen/gnbram.gnativebmg.native_blk_mem_gen/valid.cstr/ramloop[10].ram.r/prim_init.ram/DEVICE_7SERIES.NO_BMM_INFO.SP.SIMPLE_PRIM36.ram/ADDRARDADDR[8]","setup"
1640,-0.404,5.000,5.299,9,"student_top_inst/Core_cpu/u_core_top/u_dcache/u_tag_bank/mem_q_reg/CLKBWRCLK","student_top_inst/Core_cpu/u_core_top/scoreboard_q_reg[3][result][13]/D","setup"
1641,-0.404,5.000,4.842,0,"student_top_inst/cpu_rst_sync_reg/C","student_top_inst/Core_cpu/u_core_top/branch_kind_reg[0]/R","setup"
1642,-0.404,5.000,5.297,9,"student_top_inst/Core_cpu/u_core_top/u_dcache/u_tag_bank/mem_q_reg/CLKBWRCLK","student_top_inst/Core_cpu/u_core_top/scoreboard_q_reg[3][result][18]/D","setup"
1643,-0.403,5.000,5.101,9,"student_top_inst/Core_cpu/u_core_top/scoreboard_q_reg[3][fu][1]/C","student_top_inst/Core_cpu/u_core_top/scoreboard_q_reg[1][is_return]/CE","setup"
1644,-0.403,5.000,5.305,10,"student_top_inst/Core_cpu/u_core_top/u_dcache/u_tag_bank/mem_q_reg/CLKBWRCLK","student_top_inst/Core_cpu/u_core_top/load_q_reg[0][forward_data][31]/D","setup"
1645,-0.402,5.000,5.018,0,"student_top_inst/Core_cpu/u_core_top/u_dmem_regslice/req_addr_q_reg[7]/C","student_top_inst/mem_bridge/dram_adapter/dram/U0/inst_blk_mem_gen/gnbram.gnativebmg.native_blk_mem_gen/valid.cstr/ramloop[3].ram.r/prim_init.ram/DEVICE_7SERIES.NO_BMM_INFO.SP.SIMPLE_PRIM36.ram/ADDRARDADDR[8]","setup"
1646,-0.402,5.000,4.993,9,"student_top_inst/Core_cpu/u_core_top/scoreboard_q_reg[3][fu][1]/C","student_top_inst/Core_cpu/u_core_top/scoreboard_q_reg[1][result][16]/R","setup"
1647,-0.402,5.000,4.993,9,"student_top_inst/Core_cpu/u_core_top/scoreboard_q_reg[3][fu][1]/C","student_top_inst/Core_cpu/u_core_top/scoreboard_q_reg[1][result][19]/R","setup"
1648,-0.402,5.000,4.995,7,"student_top_inst/Core_cpu/u_core_top/u_dcache/u_tag_bank/mem_q_reg/CLKBWRCLK","student_top_inst/Core_cpu/u_core_top/scoreboard_q_reg[2][pc][14]/CE","setup"
1649,-0.402,5.000,5.063,7,"student_top_inst/Core_cpu/u_core_top/u_dcache/u_tag_bank/mem_q_reg/CLKBWRCLK","student_top_inst/Core_cpu/u_core_top/scoreboard_q_reg[1][result][0]/CE","setup"
1650,-0.402,5.000,5.063,7,"student_top_inst/Core_cpu/u_core_top/u_dcache/u_tag_bank/mem_q_reg/CLKBWRCLK","student_top_inst/Core_cpu/u_core_top/scoreboard_q_reg[1][result][2]/CE","setup"
1651,-0.402,5.000,5.063,7,"student_top_inst/Core_cpu/u_core_top/u_dcache/u_tag_bank/mem_q_reg/CLKBWRCLK","student_top_inst/Core_cpu/u_core_top/scoreboard_q_reg[1][result][5]/CE","setup"
1652,-0.402,5.000,5.063,7,"student_top_inst/Core_cpu/u_core_top/u_dcache/u_tag_bank/mem_q_reg/CLKBWRCLK","student_top_inst/Core_cpu/u_core_top/scoreboard_q_reg[1][result][6]/CE","setup"
1653,-0.401,5.000,4.979,7,"student_top_inst/Core_cpu/u_core_top/u_dcache/u_tag_bank/mem_q_reg/CLKBWRCLK","student_top_inst/Core_cpu/u_core_top/scoreboard_q_reg[4][result][12]/R","setup"
1654,-0.401,5.000,4.979,7,"student_top_inst/Core_cpu/u_core_top/u_dcache/u_tag_bank/mem_q_reg/CLKBWRCLK","student_top_inst/Core_cpu/u_core_top/scoreboard_q_reg[4][result][14]/R","setup"
1655,-0.401,5.000,4.979,7,"student_top_inst/Core_cpu/u_core_top/u_dcache/u_tag_bank/mem_q_reg/CLKBWRCLK","student_top_inst/Core_cpu/u_core_top/scoreboard_q_reg[4][result][17]/R","setup"
1656,-0.401,5.000,4.979,7,"student_top_inst/Core_cpu/u_core_top/u_dcache/u_tag_bank/mem_q_reg/CLKBWRCLK","student_top_inst/Core_cpu/u_core_top/scoreboard_q_reg[4][result][18]/R","setup"
1657,-0.401,5.000,4.954,7,"student_top_inst/Core_cpu/u_core_top/u_dcache/u_tag_bank/mem_q_reg/CLKBWRCLK","student_top_inst/Core_cpu/u_core_top/scoreboard_q_reg[5][result][11]/R","setup"
1658,-0.401,5.000,4.954,7,"student_top_inst/Core_cpu/u_core_top/u_dcache/u_tag_bank/mem_q_reg/CLKBWRCLK","student_top_inst/Core_cpu/u_core_top/scoreboard_q_reg[5][result][3]/R","setup"
1659,-0.401,5.000,4.954,7,"student_top_inst/Core_cpu/u_core_top/u_dcache/u_tag_bank/mem_q_reg/CLKBWRCLK","student_top_inst/Core_cpu/u_core_top/scoreboard_q_reg[5][result][4]/R","setup"
1660,-0.401,5.000,4.954,7,"student_top_inst/Core_cpu/u_core_top/u_dcache/u_tag_bank/mem_q_reg/CLKBWRCLK","student_top_inst/Core_cpu/u_core_top/scoreboard_q_reg[5][result][6]/R","setup"
1661,-0.401,5.000,5.296,9,"student_top_inst/Core_cpu/u_core_top/u_dcache/u_tag_bank/mem_q_reg/CLKBWRCLK","student_top_inst/Core_cpu/u_core_top/scoreboard_q_reg[7][result][19]/D","setup"
1662,-0.401,5.000,5.297,8,"student_top_inst/Core_cpu/u_core_top/u_dcache/u_tag_bank/mem_q_reg/CLKBWRCLK","student_top_inst/Core_cpu/u_core_top/scoreboard_q_reg[2][result][2]/D","setup"
1663,-0.401,5.000,5.132,0,"student_top_inst/Core_cpu/u_core_top/u_dmem_regslice/req_addr_q_reg[5]/C","student_top_inst/mem_bridge/dram_adapter/dram/U0/inst_blk_mem_gen/gnbram.gnativebmg.native_blk_mem_gen/valid.cstr/ramloop[10].ram.r/prim_init.ram/DEVICE_7SERIES.NO_BMM_INFO.SP.SIMPLE_PRIM36.ram/ADDRARDADDR[6]","setup"
1664,-0.400,5.000,5.087,8,"student_top_inst/Core_cpu/u_core_top/u_dcache/u_tag_bank/mem_q_reg/CLKBWRCLK","student_top_inst/Core_cpu/u_core_top/exec_mem_addr_q_reg[28]/CE","setup"
1665,-0.400,5.000,5.087,8,"student_top_inst/Core_cpu/u_core_top/u_dcache/u_tag_bank/mem_q_reg/CLKBWRCLK","student_top_inst/Core_cpu/u_core_top/exec_mem_addr_q_reg[29]/CE","setup"
1666,-0.400,5.000,5.087,8,"student_top_inst/Core_cpu/u_core_top/u_dcache/u_tag_bank/mem_q_reg/CLKBWRCLK","student_top_inst/Core_cpu/u_core_top/exec_mem_addr_q_reg[30]/CE","setup"
1667,-0.400,5.000,5.087,8,"student_top_inst/Core_cpu/u_core_top/u_dcache/u_tag_bank/mem_q_reg/CLKBWRCLK","student_top_inst/Core_cpu/u_core_top/exec_mem_addr_q_reg[31]/CE","setup"
1668,-0.400,5.000,5.058,8,"student_top_inst/Core_cpu/u_core_top/u_dcache/u_tag_bank/mem_q_reg/CLKBWRCLK","student_top_inst/Core_cpu/u_core_top/exec_q_reg[uop][pc][25]/CE","setup"
1669,-0.400,5.000,5.058,8,"student_top_inst/Core_cpu/u_core_top/u_dcache/u_tag_bank/mem_q_reg/CLKBWRCLK","student_top_inst/Core_cpu/u_core_top/exec_q_reg[uop][pc][27]/CE","setup"
1670,-0.400,5.000,5.058,8,"student_top_inst/Core_cpu/u_core_top/u_dcache/u_tag_bank/mem_q_reg/CLKBWRCLK","student_top_inst/Core_cpu/u_core_top/exec_q_reg[uop][pc][30]/CE","setup"
1671,-0.400,5.000,5.058,8,"student_top_inst/Core_cpu/u_core_top/u_dcache/u_tag_bank/mem_q_reg/CLKBWRCLK","student_top_inst/Core_cpu/u_core_top/exec_q_reg[uop][pc][7]/CE","setup"
1672,-0.400,5.000,5.058,8,"student_top_inst/Core_cpu/u_core_top/u_dcache/u_tag_bank/mem_q_reg/CLKBWRCLK","student_top_inst/Core_cpu/u_core_top/exec_q_reg[uop][pc][9]/CE","setup"
1673,-0.400,5.000,5.136,0,"student_top_inst/Core_cpu/u_core_top/u_dmem_regslice/req_addr_q_reg[8]/C","student_top_inst/mem_bridge/dram_adapter/dram/U0/inst_blk_mem_gen/gnbram.gnativebmg.native_blk_mem_gen/valid.cstr/ramloop[13].ram.r/prim_init.ram/DEVICE_7SERIES.NO_BMM_INFO.SP.SIMPLE_PRIM36.ram/ADDRARDADDR[9]","setup"
1674,-0.399,5.000,5.056,7,"student_top_inst/Core_cpu/u_core_top/u_dcache/u_tag_bank/mem_q_reg/CLKBWRCLK","student_top_inst/Core_cpu/u_core_top/scoreboard_q_reg[3][csr_src][11]/CE","setup"
1675,-0.399,5.000,5.056,7,"student_top_inst/Core_cpu/u_core_top/u_dcache/u_tag_bank/mem_q_reg/CLKBWRCLK","student_top_inst/Core_cpu/u_core_top/scoreboard_q_reg[3][csr_src][14]/CE","setup"
1676,-0.399,5.000,5.056,7,"student_top_inst/Core_cpu/u_core_top/u_dcache/u_tag_bank/mem_q_reg/CLKBWRCLK","student_top_inst/Core_cpu/u_core_top/scoreboard_q_reg[3][csr_src][1]/CE","setup"
1677,-0.399,5.000,5.056,7,"student_top_inst/Core_cpu/u_core_top/u_dcache/u_tag_bank/mem_q_reg/CLKBWRCLK","student_top_inst/Core_cpu/u_core_top/scoreboard_q_reg[3][csr_src][24]/CE","setup"
1678,-0.399,5.000,5.056,7,"student_top_inst/Core_cpu/u_core_top/u_dcache/u_tag_bank/mem_q_reg/CLKBWRCLK","student_top_inst/Core_cpu/u_core_top/scoreboard_q_reg[3][csr_src][2]/CE","setup"
1679,-0.399,5.000,5.056,7,"student_top_inst/Core_cpu/u_core_top/u_dcache/u_tag_bank/mem_q_reg/CLKBWRCLK","student_top_inst/Core_cpu/u_core_top/scoreboard_q_reg[3][csr_src][31]/CE","setup"
1680,-0.399,5.000,5.056,7,"student_top_inst/Core_cpu/u_core_top/u_dcache/u_tag_bank/mem_q_reg/CLKBWRCLK","student_top_inst/Core_cpu/u_core_top/scoreboard_q_reg[3][csr_src][5]/CE","setup"
1681,-0.399,5.000,5.056,7,"student_top_inst/Core_cpu/u_core_top/u_dcache/u_tag_bank/mem_q_reg/CLKBWRCLK","student_top_inst/Core_cpu/u_core_top/scoreboard_q_reg[3][csr_src][6]/CE","setup"
1682,-0.399,5.000,4.906,7,"student_top_inst/Core_cpu/u_core_top/u_dcache/u_tag_bank/mem_q_reg/CLKBWRCLK","student_top_inst/Core_cpu/u_core_top/u_dcache/g_data_bank[2].u_data_bank/mem_q_reg_1/ADDRBWRADDR[14]","setup"
1683,-0.399,5.000,5.186,0,"student_top_inst/Core_cpu/u_core_top/u_dmem_regslice/req_addr_q_reg[12]/C","student_top_inst/mem_bridge/dram_adapter/dram/U0/inst_blk_mem_gen/gnbram.gnativebmg.native_blk_mem_gen/valid.cstr/ramloop[11].ram.r/prim_init.ram/DEVICE_7SERIES.NO_BMM_INFO.SP.SIMPLE_PRIM36.ram/ADDRARDADDR[13]","setup"
1684,-0.398,5.000,5.291,9,"student_top_inst/Core_cpu/u_core_top/u_dcache/u_tag_bank/mem_q_reg/CLKBWRCLK","student_top_inst/Core_cpu/u_core_top/scoreboard_q_reg[1][result][20]/D","setup"
1685,-0.398,5.000,5.076,7,"student_top_inst/Core_cpu/u_core_top/u_dcache/u_tag_bank/mem_q_reg/CLKBWRCLK","student_top_inst/Core_cpu/u_core_top/scoreboard_q_reg[5][csr_addr][7]/CE","setup"
1686,-0.398,5.000,5.076,7,"student_top_inst/Core_cpu/u_core_top/u_dcache/u_tag_bank/mem_q_reg/CLKBWRCLK","student_top_inst/Core_cpu/u_core_top/scoreboard_q_reg[5][pc][5]/CE","setup"
1687,-0.398,5.000,5.076,7,"student_top_inst/Core_cpu/u_core_top/u_dcache/u_tag_bank/mem_q_reg/CLKBWRCLK","student_top_inst/Core_cpu/u_core_top/scoreboard_q_reg[5][pc][7]/CE","setup"
1688,-0.398,5.000,5.076,7,"student_top_inst/Core_cpu/u_core_top/u_dcache/u_tag_bank/mem_q_reg/CLKBWRCLK","student_top_inst/Core_cpu/u_core_top/scoreboard_q_reg[5][rd][1]/CE","setup"
1689,-0.398,5.000,5.055,7,"student_top_inst/Core_cpu/u_core_top/u_dcache/u_tag_bank/mem_q_reg/CLKBWRCLK","student_top_inst/Core_cpu/u_core_top/scoreboard_q_reg[3][csr_addr][3]/CE","setup"
1690,-0.398,5.000,5.055,7,"student_top_inst/Core_cpu/u_core_top/u_dcache/u_tag_bank/mem_q_reg/CLKBWRCLK","student_top_inst/Core_cpu/u_core_top/scoreboard_q_reg[3][csr_addr][4]/CE","setup"
1691,-0.398,5.000,5.055,7,"student_top_inst/Core_cpu/u_core_top/u_dcache/u_tag_bank/mem_q_reg/CLKBWRCLK","student_top_inst/Core_cpu/u_core_top/scoreboard_q_reg[3][csr_addr][6]/CE","setup"
1692,-0.398,5.000,5.055,7,"student_top_inst/Core_cpu/u_core_top/u_dcache/u_tag_bank/mem_q_reg/CLKBWRCLK","student_top_inst/Core_cpu/u_core_top/scoreboard_q_reg[3][pc][22]/CE","setup"
1693,-0.396,5.000,4.621,0,"student_top_inst/cpu_rst_sync_reg/C","student_top_inst/Core_cpu/u_core_top/u_muldiv/a_q_reg[20]/R","setup"
1694,-0.396,5.000,4.621,0,"student_top_inst/cpu_rst_sync_reg/C","student_top_inst/Core_cpu/u_core_top/u_muldiv/a_q_reg[21]/R","setup"
1695,-0.396,5.000,4.621,0,"student_top_inst/cpu_rst_sync_reg/C","student_top_inst/Core_cpu/u_core_top/u_muldiv/a_q_reg[22]/R","setup"
1696,-0.396,5.000,5.056,7,"student_top_inst/Core_cpu/u_core_top/u_dcache/u_tag_bank/mem_q_reg/CLKBWRCLK","student_top_inst/Core_cpu/u_core_top/scoreboard_q_reg[3][pc][3]/CE","setup"
1697,-0.396,5.000,5.056,7,"student_top_inst/Core_cpu/u_core_top/u_dcache/u_tag_bank/mem_q_reg/CLKBWRCLK","student_top_inst/Core_cpu/u_core_top/scoreboard_q_reg[3][pc][4]/CE","setup"
1698,-0.396,5.000,5.061,7,"student_top_inst/Core_cpu/u_core_top/u_dcache/u_tag_bank/mem_q_reg/CLKBWRCLK","student_top_inst/Core_cpu/u_core_top/scoreboard_q_reg[1][result][12]/CE","setup"
1699,-0.395,5.000,4.951,7,"student_top_inst/Core_cpu/u_core_top/u_dcache/u_tag_bank/mem_q_reg/CLKBWRCLK","student_top_inst/Core_cpu/u_core_top/scoreboard_q_reg[4][result][10]/R","setup"
1700,-0.395,5.000,4.951,7,"student_top_inst/Core_cpu/u_core_top/u_dcache/u_tag_bank/mem_q_reg/CLKBWRCLK","student_top_inst/Core_cpu/u_core_top/scoreboard_q_reg[4][result][11]/R","setup"
1701,-0.395,5.000,4.951,7,"student_top_inst/Core_cpu/u_core_top/u_dcache/u_tag_bank/mem_q_reg/CLKBWRCLK","student_top_inst/Core_cpu/u_core_top/scoreboard_q_reg[4][result][25]/R","setup"
1702,-0.395,5.000,5.093,10,"student_top_inst/Core_cpu/u_core_top/scoreboard_q_reg[3][fu][1]/C","student_top_inst/Core_cpu/u_core_top/scoreboard_q_reg[0][exception_cause][0]/CE","setup"
1703,-0.395,5.000,5.093,10,"student_top_inst/Core_cpu/u_core_top/scoreboard_q_reg[3][fu][1]/C","student_top_inst/Core_cpu/u_core_top/scoreboard_q_reg[0][exception_cause][3]/CE","setup"
1704,-0.395,5.000,5.093,10,"student_top_inst/Core_cpu/u_core_top/scoreboard_q_reg[3][fu][1]/C","student_top_inst/Core_cpu/u_core_top/scoreboard_q_reg[0][exception_tval][10]/CE","setup"
1705,-0.395,5.000,5.093,10,"student_top_inst/Core_cpu/u_core_top/scoreboard_q_reg[3][fu][1]/C","student_top_inst/Core_cpu/u_core_top/scoreboard_q_reg[0][exception_valid]/CE","setup"
1706,-0.395,5.000,5.063,7,"student_top_inst/Core_cpu/u_core_top/u_dcache/u_tag_bank/mem_q_reg/CLKBWRCLK","student_top_inst/Core_cpu/u_core_top/id_uop_q_reg[rs2][3]/CE","setup"
1707,-0.395,5.000,5.293,9,"student_top_inst/Core_cpu/u_core_top/u_dcache/u_tag_bank/mem_q_reg/CLKBWRCLK","student_top_inst/Core_cpu/u_core_top/scoreboard_q_reg[2][result][29]/D","setup"
1708,-0.395,5.000,4.973,7,"student_top_inst/Core_cpu/u_core_top/u_dcache/u_tag_bank/mem_q_reg/CLKBWRCLK","student_top_inst/Core_cpu/u_core_top/scoreboard_q_reg[5][result][24]/R","setup"
1709,-0.395,5.000,4.973,7,"student_top_inst/Core_cpu/u_core_top/u_dcache/u_tag_bank/mem_q_reg/CLKBWRCLK","student_top_inst/Core_cpu/u_core_top/scoreboard_q_reg[5][result][27]/R","setup"
1710,-0.395,5.000,4.973,7,"student_top_inst/Core_cpu/u_core_top/u_dcache/u_tag_bank/mem_q_reg/CLKBWRCLK","student_top_inst/Core_cpu/u_core_top/scoreboard_q_reg[5][result][28]/R","setup"
1711,-0.394,5.000,5.057,7,"student_top_inst/Core_cpu/u_core_top/u_dcache/u_tag_bank/mem_q_reg/CLKBWRCLK","student_top_inst/Core_cpu/u_core_top/scoreboard_q_reg[3][result][14]/CE","setup"
1712,-0.394,5.000,5.010,9,"student_top_inst/Core_cpu/u_core_top/scoreboard_q_reg[3][fu][1]/C","student_top_inst/Core_cpu/u_core_top/scoreboard_q_reg[1][result][15]/R","setup"
1713,-0.394,5.000,5.010,9,"student_top_inst/Core_cpu/u_core_top/scoreboard_q_reg[3][fu][1]/C","student_top_inst/Core_cpu/u_core_top/scoreboard_q_reg[1][result][21]/R","setup"
1714,-0.394,5.000,5.010,9,"student_top_inst/Core_cpu/u_core_top/scoreboard_q_reg[3][fu][1]/C","student_top_inst/Core_cpu/u_core_top/scoreboard_q_reg[1][result][23]/R","setup"
1715,-0.394,5.000,5.010,9,"student_top_inst/Core_cpu/u_core_top/scoreboard_q_reg[3][fu][1]/C","student_top_inst/Core_cpu/u_core_top/scoreboard_q_reg[1][result][29]/R","setup"
1716,-0.393,5.000,5.286,9,"student_top_inst/Core_cpu/u_core_top/u_dcache/u_tag_bank/mem_q_reg/CLKBWRCLK","student_top_inst/Core_cpu/u_core_top/scoreboard_q_reg[3][result][20]/D","setup"
1717,-0.393,5.000,4.867,7,"student_top_inst/Core_cpu/u_core_top/u_dcache/u_tag_bank/mem_q_reg/CLKBWRCLK","student_top_inst/Core_cpu/u_core_top/u_dcache/g_data_bank[3].u_data_bank/mem_q_reg_0/ADDRBWRADDR[14]","setup"
1718,-0.393,5.000,5.083,9,"student_top_inst/Core_cpu/u_core_top/u_dcache/u_tag_bank/mem_q_reg/CLKBWRCLK","student_top_inst/Core_cpu/u_core_top/load_active_meta_q_reg[forward_data][13]/CE","setup"
1719,-0.393,5.000,5.083,9,"student_top_inst/Core_cpu/u_core_top/u_dcache/u_tag_bank/mem_q_reg/CLKBWRCLK","student_top_inst/Core_cpu/u_core_top/load_active_meta_q_reg[forward_data][14]/CE","setup"
1720,-0.393,5.000,5.083,9,"student_top_inst/Core_cpu/u_core_top/u_dcache/u_tag_bank/mem_q_reg/CLKBWRCLK","student_top_inst/Core_cpu/u_core_top/load_active_meta_q_reg[forward_data][16]/CE","setup"
1721,-0.393,5.000,5.055,7,"student_top_inst/Core_cpu/u_core_top/u_dcache/u_tag_bank/mem_q_reg/CLKBWRCLK","student_top_inst/Core_cpu/u_core_top/scoreboard_q_reg[3][pc][20]/CE","setup"
1722,-0.393,5.000,5.055,7,"student_top_inst/Core_cpu/u_core_top/u_dcache/u_tag_bank/mem_q_reg/CLKBWRCLK","student_top_inst/Core_cpu/u_core_top/scoreboard_q_reg[3][pc][28]/CE","setup"
1723,-0.392,5.000,5.017,0,"student_top_inst/Core_cpu/u_core_top/u_dmem_regslice/req_addr_q_reg[9]/C","student_top_inst/mem_bridge/dram_adapter/dram/U0/inst_blk_mem_gen/gnbram.gnativebmg.native_blk_mem_gen/valid.cstr/ramloop[14].ram.r/prim_init.ram/DEVICE_7SERIES.NO_BMM_INFO.SP.SIMPLE_PRIM36.ram/ADDRARDADDR[10]","setup"
1724,-0.392,5.000,5.327,10,"student_top_inst/Core_cpu/u_core_top/u_dcache/u_tag_bank/mem_q_reg/CLKBWRCLK","student_top_inst/Core_cpu/u_core_top/exec_mem_addr_q_reg[2]/D","setup"
1725,-0.392,5.000,5.292,10,"student_top_inst/Core_cpu/u_core_top/u_dcache/u_tag_bank/mem_q_reg/CLKBWRCLK","student_top_inst/Core_cpu/u_core_top/store_count_q_reg[2]/D","setup"
1726,-0.391,5.000,4.975,8,"student_top_inst/Core_cpu/u_core_top/u_dcache/u_tag_bank/mem_q_reg/CLKBWRCLK","student_top_inst/Core_cpu/u_core_top/u_dcache/g_data_bank[1].u_data_bank/mem_q_reg_1/ENBWREN","setup"
1727,-0.391,5.000,5.048,7,"student_top_inst/Core_cpu/u_core_top/u_dcache/u_tag_bank/mem_q_reg/CLKBWRCLK","student_top_inst/Core_cpu/u_core_top/scoreboard_q_reg[4][csr_addr][8]/CE","setup"
1728,-0.391,5.000,5.048,7,"student_top_inst/Core_cpu/u_core_top/u_dcache/u_tag_bank/mem_q_reg/CLKBWRCLK","student_top_inst/Core_cpu/u_core_top/scoreboard_q_reg[4][pc][2]/CE","setup"
1729,-0.390,5.000,4.869,7,"student_top_inst/Core_cpu/u_core_top/u_dcache/u_tag_bank/mem_q_reg/CLKBWRCLK","student_top_inst/Core_cpu/u_core_top/u_dcache/g_data_bank[2].u_data_bank/mem_q_reg_0/ADDRBWRADDR[4]","setup"
1730,-0.390,5.000,5.048,7,"student_top_inst/Core_cpu/u_core_top/u_dcache/u_tag_bank/mem_q_reg/CLKBWRCLK","student_top_inst/Core_cpu/u_core_top/scoreboard_q_reg[1][result][16]/CE","setup"
1731,-0.390,5.000,5.048,7,"student_top_inst/Core_cpu/u_core_top/u_dcache/u_tag_bank/mem_q_reg/CLKBWRCLK","student_top_inst/Core_cpu/u_core_top/scoreboard_q_reg[1][result][19]/CE","setup"
1732,-0.390,5.000,5.067,7,"student_top_inst/Core_cpu/u_core_top/u_dcache/u_tag_bank/mem_q_reg/CLKBWRCLK","student_top_inst/Core_cpu/u_core_top/scoreboard_q_reg[5][pc][24]/CE","setup"
1733,-0.390,5.000,5.067,7,"student_top_inst/Core_cpu/u_core_top/u_dcache/u_tag_bank/mem_q_reg/CLKBWRCLK","student_top_inst/Core_cpu/u_core_top/scoreboard_q_reg[5][rd][2]/CE","setup"
1734,-0.390,5.000,4.985,9,"student_top_inst/Core_cpu/u_core_top/scoreboard_q_reg[3][fu][1]/C","student_top_inst/Core_cpu/u_core_top/scoreboard_q_reg[0][result][11]/R","setup"
1735,-0.390,5.000,4.985,9,"student_top_inst/Core_cpu/u_core_top/scoreboard_q_reg[3][fu][1]/C","student_top_inst/Core_cpu/u_core_top/scoreboard_q_reg[0][result][4]/R","setup"
1736,-0.390,5.000,5.053,9,"student_top_inst/Core_cpu/u_core_top/u_dcache/u_tag_bank/mem_q_reg/CLKBWRCLK","student_top_inst/Core_cpu/u_core_top/load_active_meta_q_reg[size][1]/CE","setup"
1737,-0.390,5.000,5.327,10,"student_top_inst/Core_cpu/u_core_top/u_dcache/u_tag_bank/mem_q_reg/CLKBWRCLK","student_top_inst/Core_cpu/u_core_top/u_dmem_regslice/req_wstrb_q_reg[2]/D","setup"
1738,-0.389,5.000,5.178,0,"student_top_inst/Core_cpu/u_core_top/u_dmem_regslice/req_addr_q_reg[10]/C","student_top_inst/mem_bridge/dram_adapter/dram/U0/inst_blk_mem_gen/gnbram.gnativebmg.native_blk_mem_gen/valid.cstr/ramloop[11].ram.r/prim_init.ram/DEVICE_7SERIES.NO_BMM_INFO.SP.SIMPLE_PRIM36.ram/ADDRARDADDR[11]","setup"
1739,-0.387,5.000,5.286,10,"student_top_inst/Core_cpu/u_core_top/u_dcache/u_tag_bank/mem_q_reg/CLKBWRCLK","student_top_inst/Core_cpu/u_core_top/store_count_q_reg[0]/D","setup"
1740,-0.387,5.000,5.085,10,"student_top_inst/Core_cpu/u_core_top/scoreboard_q_reg[3][fu][1]/C","student_top_inst/Core_cpu/u_core_top/scoreboard_q_reg[0][exception_tval][8]/CE","setup"
1741,-0.387,5.000,5.085,10,"student_top_inst/Core_cpu/u_core_top/scoreboard_q_reg[3][fu][1]/C","student_top_inst/Core_cpu/u_core_top/scoreboard_q_reg[0][exception_tval][9]/CE","setup"
1742,-0.387,5.000,5.078,9,"student_top_inst/Core_cpu/u_core_top/scoreboard_q_reg[3][fu][1]/C","student_top_inst/Core_cpu/u_core_top/scoreboard_q_reg[6][csr_addr][3]/CE","setup"
1743,-0.387,5.000,5.078,9,"student_top_inst/Core_cpu/u_core_top/scoreboard_q_reg[3][fu][1]/C","student_top_inst/Core_cpu/u_core_top/scoreboard_q_reg[6][pc][22]/CE","setup"
1744,-0.387,5.000,5.078,9,"student_top_inst/Core_cpu/u_core_top/scoreboard_q_reg[3][fu][1]/C","student_top_inst/Core_cpu/u_core_top/scoreboard_q_reg[6][pc][30]/CE","setup"
1745,-0.386,5.000,5.279,10,"student_top_inst/Core_cpu/u_core_top/u_dcache/u_tag_bank/mem_q_reg/CLKBWRCLK","student_top_inst/Core_cpu/u_core_top/scoreboard_q_reg[3][result][30]/D","setup"
1746,-0.386,5.000,5.218,8,"student_top_inst/Core_cpu/u_core_top/u_dcache/u_tag_bank/mem_q_reg/CLKBWRCLK","student_top_inst/Core_cpu/u_core_top/scoreboard_q_reg[5][exception_cause][0]/D","setup"
1747,-0.386,5.000,5.121,0,"student_top_inst/Core_cpu/u_core_top/u_dmem_regslice/req_addr_q_reg[12]/C","student_top_inst/mem_bridge/dram_adapter/dram/U0/inst_blk_mem_gen/gnbram.gnativebmg.native_blk_mem_gen/valid.cstr/ramloop[5].ram.r/prim_init.ram/DEVICE_7SERIES.NO_BMM_INFO.SP.SIMPLE_PRIM36.ram/ADDRARDADDR[13]","setup"
1748,-0.386,5.000,5.284,9,"student_top_inst/Core_cpu/u_core_top/u_dcache/u_tag_bank/mem_q_reg/CLKBWRCLK","student_top_inst/Core_cpu/u_core_top/scoreboard_q_reg[7][result][29]/D","setup"
1749,-0.386,5.000,5.047,7,"student_top_inst/Core_cpu/u_core_top/u_dcache/u_tag_bank/mem_q_reg/CLKBWRCLK","student_top_inst/Core_cpu/u_core_top/scoreboard_q_reg[0][result][0]/CE","setup"
1750,-0.386,5.000,5.047,7,"student_top_inst/Core_cpu/u_core_top/u_dcache/u_tag_bank/mem_q_reg/CLKBWRCLK","student_top_inst/Core_cpu/u_core_top/scoreboard_q_reg[0][result][10]/CE","setup"
1751,-0.386,5.000,5.047,7,"student_top_inst/Core_cpu/u_core_top/u_dcache/u_tag_bank/mem_q_reg/CLKBWRCLK","student_top_inst/Core_cpu/u_core_top/scoreboard_q_reg[0][result][1]/CE","setup"
1752,-0.386,5.000,5.001,9,"student_top_inst/Core_cpu/u_core_top/scoreboard_q_reg[3][fu][1]/C","student_top_inst/Core_cpu/u_core_top/scoreboard_q_reg[0][result][16]/R","setup"
1753,-0.386,5.000,5.001,9,"student_top_inst/Core_cpu/u_core_top/scoreboard_q_reg[3][fu][1]/C","student_top_inst/Core_cpu/u_core_top/scoreboard_q_reg[0][result][19]/R","setup"
1754,-0.386,5.000,5.078,7,"student_top_inst/Core_cpu/u_core_top/u_dcache/u_tag_bank/mem_q_reg/CLKBWRCLK","student_top_inst/Core_cpu/u_core_top/id_uop_q_reg[pred_next_pc][10]/CE","setup"
1755,-0.386,5.000,5.078,7,"student_top_inst/Core_cpu/u_core_top/u_dcache/u_tag_bank/mem_q_reg/CLKBWRCLK","student_top_inst/Core_cpu/u_core_top/id_uop_q_reg[pred_next_pc][11]/CE","setup"
1756,-0.386,5.000,5.078,7,"student_top_inst/Core_cpu/u_core_top/u_dcache/u_tag_bank/mem_q_reg/CLKBWRCLK","student_top_inst/Core_cpu/u_core_top/id_uop_q_reg[pred_next_pc][6]/CE","setup"
1757,-0.386,5.000,5.078,7,"student_top_inst/Core_cpu/u_core_top/u_dcache/u_tag_bank/mem_q_reg/CLKBWRCLK","student_top_inst/Core_cpu/u_core_top/id_uop_q_reg[pred_next_pc][7]/CE","setup"
1758,-0.386,5.000,5.078,7,"student_top_inst/Core_cpu/u_core_top/u_dcache/u_tag_bank/mem_q_reg/CLKBWRCLK","student_top_inst/Core_cpu/u_core_top/id_uop_q_reg[pred_next_pc][8]/CE","setup"
1759,-0.386,5.000,5.078,7,"student_top_inst/Core_cpu/u_core_top/u_dcache/u_tag_bank/mem_q_reg/CLKBWRCLK","student_top_inst/Core_cpu/u_core_top/id_uop_q_reg[pred_next_pc][9]/CE","setup"
1760,-0.386,5.000,5.323,10,"student_top_inst/Core_cpu/u_core_top/u_dcache/u_tag_bank/mem_q_reg/CLKBWRCLK","student_top_inst/Core_cpu/u_core_top/u_dmem_regslice/req_wstrb_q_reg[1]/D","setup"
1761,-0.385,5.000,5.311,9,"student_top_inst/Core_cpu/u_core_top/u_dcache/u_tag_bank/mem_q_reg/CLKBWRCLK","student_top_inst/Core_cpu/u_core_top/scoreboard_q_reg[6][result][20]/D","setup"
1762,-0.385,5.000,4.934,7,"student_top_inst/Core_cpu/u_core_top/u_dcache/u_tag_bank/mem_q_reg/CLKBWRCLK","student_top_inst/Core_cpu/u_core_top/u_dcache/g_data_bank[3].u_data_bank/mem_q_reg_1/ADDRBWRADDR[6]","setup"
1763,-0.385,5.000,5.044,7,"student_top_inst/Core_cpu/u_core_top/u_dcache/u_tag_bank/mem_q_reg/CLKBWRCLK","student_top_inst/Core_cpu/u_core_top/scoreboard_q_reg[1][result][17]/CE","setup"
1764,-0.385,5.000,5.044,7,"student_top_inst/Core_cpu/u_core_top/u_dcache/u_tag_bank/mem_q_reg/CLKBWRCLK","student_top_inst/Core_cpu/u_core_top/scoreboard_q_reg[1][result][20]/CE","setup"
1765,-0.385,5.000,5.044,7,"student_top_inst/Core_cpu/u_core_top/u_dcache/u_tag_bank/mem_q_reg/CLKBWRCLK","student_top_inst/Core_cpu/u_core_top/scoreboard_q_reg[1][result][22]/CE","setup"
1766,-0.385,5.000,5.299,11,"student_top_inst/Core_cpu/u_core_top/store_head_q_reg[1]/C","student_top_inst/Core_cpu/u_core_top/load_q_reg[1][forward_data][15]/D","setup"
1767,-0.384,5.000,4.585,0,"student_top_inst/cpu_rst_sync_reg/C","student_top_inst/Core_cpu/u_core_top/u_muldiv/a_q_reg[0]/R","setup"
1768,-0.384,5.000,4.585,0,"student_top_inst/cpu_rst_sync_reg/C","student_top_inst/Core_cpu/u_core_top/u_muldiv/a_q_reg[28]/R","setup"
1769,-0.384,5.000,5.114,0,"student_top_inst/Core_cpu/u_core_top/u_dmem_regslice/req_addr_q_reg[9]/C","student_top_inst/mem_bridge/dram_adapter/dram/U0/inst_blk_mem_gen/gnbram.gnativebmg.native_blk_mem_gen/valid.cstr/ramloop[10].ram.r/prim_init.ram/DEVICE_7SERIES.NO_BMM_INFO.SP.SIMPLE_PRIM36.ram/ADDRARDADDR[10]","setup"
1770,-0.384,5.000,5.310,9,"student_top_inst/Core_cpu/u_core_top/u_dcache/u_tag_bank/mem_q_reg/CLKBWRCLK","student_top_inst/Core_cpu/u_core_top/scoreboard_q_reg[5][result][29]/D","setup"
1771,-0.384,5.000,4.584,0,"student_top_inst/cpu_rst_sync_reg/C","student_top_inst/Core_cpu/u_core_top/u_muldiv/a_q_reg[30]/R","setup"
1772,-0.384,5.000,5.045,8,"student_top_inst/Core_cpu/u_core_top/u_dcache/u_tag_bank/mem_q_reg/CLKBWRCLK","student_top_inst/Core_cpu/u_core_top/exec_q_reg[op1][15]/CE","setup"
1773,-0.384,5.000,5.045,8,"student_top_inst/Core_cpu/u_core_top/u_dcache/u_tag_bank/mem_q_reg/CLKBWRCLK","student_top_inst/Core_cpu/u_core_top/exec_q_reg[op1][5]/CE","setup"
1774,-0.384,5.000,5.045,8,"student_top_inst/Core_cpu/u_core_top/u_dcache/u_tag_bank/mem_q_reg/CLKBWRCLK","student_top_inst/Core_cpu/u_core_top/exec_q_reg[uop][imm][20]/CE","setup"
1775,-0.384,5.000,5.045,8,"student_top_inst/Core_cpu/u_core_top/u_dcache/u_tag_bank/mem_q_reg/CLKBWRCLK","student_top_inst/Core_cpu/u_core_top/exec_q_reg[uop][imm][5]/CE","setup"
1776,-0.384,5.000,5.045,8,"student_top_inst/Core_cpu/u_core_top/u_dcache/u_tag_bank/mem_q_reg/CLKBWRCLK","student_top_inst/Core_cpu/u_core_top/exec_q_reg[uop][pc][26]/CE","setup"
1777,-0.384,5.000,5.045,8,"student_top_inst/Core_cpu/u_core_top/u_dcache/u_tag_bank/mem_q_reg/CLKBWRCLK","student_top_inst/Core_cpu/u_core_top/exec_q_reg[uop][pc][28]/CE","setup"
1778,-0.383,5.000,5.277,9,"student_top_inst/Core_cpu/u_core_top/u_dcache/u_tag_bank/mem_q_reg/CLKBWRCLK","student_top_inst/Core_cpu/u_core_top/scoreboard_q_reg[3][result][12]/D","setup"
1779,-0.383,5.000,5.318,12,"student_top_inst/Core_cpu/u_core_top/store_head_q_reg[1]/C","student_top_inst/Core_cpu/u_core_top/load_active_meta_q_reg[forward_data][3]/D","setup"
1780,-0.383,5.000,4.962,7,"student_top_inst/Core_cpu/u_core_top/u_dcache/u_tag_bank/mem_q_reg/CLKBWRCLK","student_top_inst/Core_cpu/u_core_top/scoreboard_q_reg[4][result][0]/R","setup"
1781,-0.383,5.000,5.046,8,"student_top_inst/Core_cpu/u_core_top/u_dcache/u_tag_bank/mem_q_reg/CLKBWRCLK","student_top_inst/Core_cpu/u_core_top/exec_q_reg[op1][13]/CE","setup"
1782,-0.383,5.000,5.046,8,"student_top_inst/Core_cpu/u_core_top/u_dcache/u_tag_bank/mem_q_reg/CLKBWRCLK","student_top_inst/Core_cpu/u_core_top/exec_q_reg[op1][1]/CE","setup"
1783,-0.383,5.000,5.046,8,"student_top_inst/Core_cpu/u_core_top/u_dcache/u_tag_bank/mem_q_reg/CLKBWRCLK","student_top_inst/Core_cpu/u_core_top/exec_q_reg[uop][instr][2]/CE","setup"
1784,-0.383,5.000,5.046,8,"student_top_inst/Core_cpu/u_core_top/u_dcache/u_tag_bank/mem_q_reg/CLKBWRCLK","student_top_inst/Core_cpu/u_core_top/exec_q_reg[uop][instr][6]/CE","setup"
1785,-0.382,5.000,5.307,9,"student_top_inst/Core_cpu/u_core_top/u_dcache/u_tag_bank/mem_q_reg/CLKBWRCLK","student_top_inst/Core_cpu/u_core_top/scoreboard_q_reg[0][result][12]/D","setup"
1786,-0.382,5.000,5.063,7,"student_top_inst/Core_cpu/u_core_top/u_dcache/u_tag_bank/mem_q_reg/CLKBWRCLK","student_top_inst/Core_cpu/u_core_top/scoreboard_q_reg[3][csr_addr][1]/CE","setup"
1787,-0.382,5.000,5.063,7,"student_top_inst/Core_cpu/u_core_top/u_dcache/u_tag_bank/mem_q_reg/CLKBWRCLK","student_top_inst/Core_cpu/u_core_top/scoreboard_q_reg[3][pc][6]/CE","setup"
1788,-0.381,5.000,5.044,8,"student_top_inst/Core_cpu/u_core_top/u_dcache/u_tag_bank/mem_q_reg/CLKBWRCLK","student_top_inst/Core_cpu/u_core_top/scoreboard_q_reg[4][exception_tval][13]/CE","setup"
1789,-0.381,5.000,5.044,8,"student_top_inst/Core_cpu/u_core_top/u_dcache/u_tag_bank/mem_q_reg/CLKBWRCLK","student_top_inst/Core_cpu/u_core_top/scoreboard_q_reg[4][exception_tval][15]/CE","setup"
1790,-0.381,5.000,5.044,8,"student_top_inst/Core_cpu/u_core_top/u_dcache/u_tag_bank/mem_q_reg/CLKBWRCLK","student_top_inst/Core_cpu/u_core_top/scoreboard_q_reg[4][exception_tval][9]/CE","setup"
1791,-0.381,5.000,4.974,9,"student_top_inst/Core_cpu/u_core_top/scoreboard_q_reg[3][fu][1]/C","student_top_inst/Core_cpu/u_core_top/scoreboard_q_reg[6][result][27]/R","setup"
1792,-0.381,5.000,4.974,9,"student_top_inst/Core_cpu/u_core_top/scoreboard_q_reg[3][fu][1]/C","student_top_inst/Core_cpu/u_core_top/scoreboard_q_reg[6][result][2]/R","setup"
1793,-0.381,5.000,4.974,9,"student_top_inst/Core_cpu/u_core_top/scoreboard_q_reg[3][fu][1]/C","student_top_inst/Core_cpu/u_core_top/scoreboard_q_reg[6][result][7]/R","setup"
1794,-0.381,5.000,4.876,7,"student_top_inst/Core_cpu/u_core_top/u_dcache/u_tag_bank/mem_q_reg/CLKBWRCLK","student_top_inst/Core_cpu/u_core_top/u_dcache/g_data_bank[1].u_data_bank/mem_q_reg_1/ADDRBWRADDR[12]","setup"
1795,-0.381,5.000,4.854,7,"student_top_inst/Core_cpu/u_core_top/u_dcache/u_tag_bank/mem_q_reg/CLKBWRCLK","student_top_inst/Core_cpu/u_core_top/u_dcache/g_data_bank[3].u_data_bank/mem_q_reg_0/ADDRBWRADDR[5]","setup"
1796,-0.380,5.000,5.042,8,"student_top_inst/Core_cpu/u_core_top/u_dcache/u_tag_bank/mem_q_reg/CLKBWRCLK","student_top_inst/Core_cpu/u_core_top/scoreboard_q_reg[4][exception_cause][2]/CE","setup"
1797,-0.380,5.000,5.042,8,"student_top_inst/Core_cpu/u_core_top/u_dcache/u_tag_bank/mem_q_reg/CLKBWRCLK","student_top_inst/Core_cpu/u_core_top/scoreboard_q_reg[4][exception_tval][22]/CE","setup"
1798,-0.380,5.000,5.042,8,"student_top_inst/Core_cpu/u_core_top/u_dcache/u_tag_bank/mem_q_reg/CLKBWRCLK","student_top_inst/Core_cpu/u_core_top/scoreboard_q_reg[4][exception_tval][27]/CE","setup"
1799,-0.380,5.000,5.042,8,"student_top_inst/Core_cpu/u_core_top/u_dcache/u_tag_bank/mem_q_reg/CLKBWRCLK","student_top_inst/Core_cpu/u_core_top/scoreboard_q_reg[4][exception_tval][2]/CE","setup"
1800,-0.380,5.000,5.040,7,"student_top_inst/Core_cpu/u_core_top/u_dcache/u_tag_bank/mem_q_reg/CLKBWRCLK","student_top_inst/Core_cpu/u_core_top/scoreboard_q_reg[7][result][10]/CE","setup"
1801,-0.380,5.000,5.040,7,"student_top_inst/Core_cpu/u_core_top/u_dcache/u_tag_bank/mem_q_reg/CLKBWRCLK","student_top_inst/Core_cpu/u_core_top/scoreboard_q_reg[7][result][21]/CE","setup"
1802,-0.380,5.000,5.040,7,"student_top_inst/Core_cpu/u_core_top/u_dcache/u_tag_bank/mem_q_reg/CLKBWRCLK","student_top_inst/Core_cpu/u_core_top/scoreboard_q_reg[7][result][30]/CE","setup"
1803,-0.380,5.000,5.040,7,"student_top_inst/Core_cpu/u_core_top/u_dcache/u_tag_bank/mem_q_reg/CLKBWRCLK","student_top_inst/Core_cpu/u_core_top/scoreboard_q_reg[7][result][7]/CE","setup"
1804,-0.379,5.000,5.274,9,"student_top_inst/Core_cpu/u_core_top/u_dcache/u_tag_bank/mem_q_reg/CLKBWRCLK","student_top_inst/Core_cpu/u_core_top/scoreboard_q_reg[0][result][29]/D","setup"
1805,-0.379,5.000,4.895,8,"student_top_inst/Core_cpu/u_core_top/scoreboard_q_reg[3][fu][1]/C","student_top_inst/Core_cpu/u_core_top/u_dcache/g_data_bank[2].u_data_bank/mem_q_reg_0/ADDRARDADDR[5]","setup"
1806,-0.378,5.000,5.046,0,"student_top_inst/Core_cpu/u_core_top/u_dmem_regslice/req_addr_q_reg[4]/C","student_top_inst/mem_bridge/dram_adapter/dram/U0/inst_blk_mem_gen/gnbram.gnativebmg.native_blk_mem_gen/valid.cstr/ramloop[44].ram.r/prim_init.ram/DEVICE_7SERIES.NO_BMM_INFO.SP.SIMPLE_PRIM36.ram/ADDRARDADDR[5]","setup"
1807,-0.378,5.000,5.115,0,"student_top_inst/Core_cpu/u_core_top/u_dmem_regslice/req_addr_q_reg[10]/C","student_top_inst/mem_bridge/dram_adapter/dram/U0/inst_blk_mem_gen/gnbram.gnativebmg.native_blk_mem_gen/valid.cstr/ramloop[5].ram.r/prim_init.ram/DEVICE_7SERIES.NO_BMM_INFO.SP.SIMPLE_PRIM36.ram/ADDRARDADDR[11]","setup"
1808,-0.378,5.000,5.037,7,"student_top_inst/Core_cpu/u_core_top/u_dcache/u_tag_bank/mem_q_reg/CLKBWRCLK","student_top_inst/Core_cpu/u_core_top/scoreboard_q_reg[3][result][12]/CE","setup"
1809,-0.378,5.000,5.037,7,"student_top_inst/Core_cpu/u_core_top/u_dcache/u_tag_bank/mem_q_reg/CLKBWRCLK","student_top_inst/Core_cpu/u_core_top/scoreboard_q_reg[3][result][18]/CE","setup"
1810,-0.378,5.000,5.037,7,"student_top_inst/Core_cpu/u_core_top/u_dcache/u_tag_bank/mem_q_reg/CLKBWRCLK","student_top_inst/Core_cpu/u_core_top/scoreboard_q_reg[3][result][23]/CE","setup"
1811,-0.378,5.000,5.303,9,"student_top_inst/Core_cpu/u_core_top/u_dcache/u_tag_bank/mem_q_reg/CLKBWRCLK","student_top_inst/Core_cpu/u_core_top/scoreboard_q_reg[5][result][18]/D","setup"
1812,-0.378,5.000,5.305,10,"student_top_inst/Core_cpu/u_core_top/u_dcache/u_tag_bank/mem_q_reg/CLKBWRCLK","student_top_inst/Core_cpu/u_core_top/store_committed_q_reg[3]/D","setup"
1813,-0.378,5.000,4.996,9,"student_top_inst/Core_cpu/u_core_top/scoreboard_q_reg[3][fu][1]/C","student_top_inst/Core_cpu/u_core_top/scoreboard_q_reg[0][result][14]/R","setup"
1814,-0.378,5.000,4.996,9,"student_top_inst/Core_cpu/u_core_top/scoreboard_q_reg[3][fu][1]/C","student_top_inst/Core_cpu/u_core_top/scoreboard_q_reg[0][result][15]/R","setup"
1815,-0.378,5.000,4.996,9,"student_top_inst/Core_cpu/u_core_top/scoreboard_q_reg[3][fu][1]/C","student_top_inst/Core_cpu/u_core_top/scoreboard_q_reg[0][result][25]/R","setup"
1816,-0.377,5.000,5.302,9,"student_top_inst/Core_cpu/u_core_top/u_dcache/u_tag_bank/mem_q_reg/CLKBWRCLK","student_top_inst/Core_cpu/u_core_top/scoreboard_q_reg[4][result][8]/D","setup"
1817,-0.377,5.000,5.271,9,"student_top_inst/Core_cpu/u_core_top/u_dcache/u_tag_bank/mem_q_reg/CLKBWRCLK","student_top_inst/Core_cpu/u_core_top/scoreboard_q_reg[5][result][14]/D","setup"
1818,-0.377,5.000,5.070,10,"student_top_inst/Core_cpu/u_core_top/scoreboard_q_reg[3][fu][1]/C","student_top_inst/Core_cpu/u_core_top/scoreboard_q_reg[1][exception_tval][11]/CE","setup"
1819,-0.377,5.000,5.070,10,"student_top_inst/Core_cpu/u_core_top/scoreboard_q_reg[3][fu][1]/C","student_top_inst/Core_cpu/u_core_top/scoreboard_q_reg[1][exception_tval][14]/CE","setup"
1820,-0.377,5.000,5.070,10,"student_top_inst/Core_cpu/u_core_top/scoreboard_q_reg[3][fu][1]/C","student_top_inst/Core_cpu/u_core_top/scoreboard_q_reg[1][exception_valid]/CE","setup"
1821,-0.377,5.000,5.070,9,"student_top_inst/Core_cpu/u_core_top/scoreboard_q_reg[3][fu][1]/C","student_top_inst/Core_cpu/u_core_top/scoreboard_q_reg[0][link_addr][17]/CE","setup"
1822,-0.377,5.000,5.070,9,"student_top_inst/Core_cpu/u_core_top/scoreboard_q_reg[3][fu][1]/C","student_top_inst/Core_cpu/u_core_top/scoreboard_q_reg[0][link_addr][18]/CE","setup"
1823,-0.377,5.000,5.070,9,"student_top_inst/Core_cpu/u_core_top/scoreboard_q_reg[3][fu][1]/C","student_top_inst/Core_cpu/u_core_top/scoreboard_q_reg[0][link_addr][19]/CE","setup"
1824,-0.377,5.000,5.070,9,"student_top_inst/Core_cpu/u_core_top/scoreboard_q_reg[3][fu][1]/C","student_top_inst/Core_cpu/u_core_top/scoreboard_q_reg[0][link_addr][20]/CE","setup"
1825,-0.377,5.000,5.068,9,"student_top_inst/Core_cpu/u_core_top/scoreboard_q_reg[3][fu][1]/C","student_top_inst/Core_cpu/u_core_top/scoreboard_q_reg[0][link_addr][10]/CE","setup"
1826,-0.377,5.000,5.068,9,"student_top_inst/Core_cpu/u_core_top/scoreboard_q_reg[3][fu][1]/C","student_top_inst/Core_cpu/u_core_top/scoreboard_q_reg[0][link_addr][11]/CE","setup"
1827,-0.377,5.000,5.068,9,"student_top_inst/Core_cpu/u_core_top/scoreboard_q_reg[3][fu][1]/C","student_top_inst/Core_cpu/u_core_top/scoreboard_q_reg[0][link_addr][12]/CE","setup"
1828,-0.377,5.000,5.068,9,"student_top_inst/Core_cpu/u_core_top/scoreboard_q_reg[3][fu][1]/C","student_top_inst/Core_cpu/u_core_top/scoreboard_q_reg[0][link_addr][9]/CE","setup"
1829,-0.377,5.000,5.033,7,"student_top_inst/Core_cpu/u_core_top/u_dcache/u_tag_bank/mem_q_reg/CLKBWRCLK","student_top_inst/Core_cpu/u_core_top/scoreboard_q_reg[2][result][3]/CE","setup"
1830,-0.377,5.000,5.033,7,"student_top_inst/Core_cpu/u_core_top/u_dcache/u_tag_bank/mem_q_reg/CLKBWRCLK","student_top_inst/Core_cpu/u_core_top/scoreboard_q_reg[2][result][5]/CE","setup"
1831,-0.376,5.000,5.034,7,"student_top_inst/Core_cpu/u_core_top/u_dcache/u_tag_bank/mem_q_reg/CLKBWRCLK","student_top_inst/Core_cpu/u_core_top/scoreboard_q_reg[2][pc][26]/CE","setup"
1832,-0.376,5.000,5.034,7,"student_top_inst/Core_cpu/u_core_top/u_dcache/u_tag_bank/mem_q_reg/CLKBWRCLK","student_top_inst/Core_cpu/u_core_top/scoreboard_q_reg[2][pc][8]/CE","setup"
1833,-0.376,5.000,5.041,7,"student_top_inst/Core_cpu/u_core_top/u_dcache/u_tag_bank/mem_q_reg/CLKBWRCLK","student_top_inst/Core_cpu/u_core_top/scoreboard_q_reg[2][result][14]/CE","setup"
1834,-0.376,5.000,5.041,7,"student_top_inst/Core_cpu/u_core_top/u_dcache/u_tag_bank/mem_q_reg/CLKBWRCLK","student_top_inst/Core_cpu/u_core_top/scoreboard_q_reg[2][result][31]/CE","setup"
1835,-0.375,5.000,5.271,10,"student_top_inst/Core_cpu/u_core_top/u_dcache/u_tag_bank/mem_q_reg/CLKBWRCLK","student_top_inst/Core_cpu/u_core_top/exec_q_reg[op1][15]/D","setup"
1836,-0.375,5.000,5.279,10,"student_top_inst/Core_cpu/u_core_top/u_dcache/u_tag_bank/mem_q_reg/CLKBWRCLK","student_top_inst/Core_cpu/u_core_top/u_dmem_regslice/req_wdata_q_reg[26]/D","setup"
1837,-0.375,5.000,5.038,7,"student_top_inst/Core_cpu/u_core_top/u_dcache/u_tag_bank/mem_q_reg/CLKBWRCLK","student_top_inst/Core_cpu/u_core_top/id_uop_q_reg[rs1]_rep[0]/CE","setup"
1838,-0.375,5.000,5.038,7,"student_top_inst/Core_cpu/u_core_top/u_dcache/u_tag_bank/mem_q_reg/CLKBWRCLK","student_top_inst/Core_cpu/u_core_top/id_uop_q_reg[rs1]_rep[1]/CE","setup"
1839,-0.375,5.000,5.038,7,"student_top_inst/Core_cpu/u_core_top/u_dcache/u_tag_bank/mem_q_reg/CLKBWRCLK","student_top_inst/Core_cpu/u_core_top/id_uop_q_reg[rs2]_rep[0]/CE","setup"
1840,-0.373,5.000,4.927,7,"student_top_inst/Core_cpu/u_core_top/u_dcache/u_tag_bank/mem_q_reg/CLKBWRCLK","student_top_inst/Core_cpu/u_core_top/u_dcache/g_data_bank[1].u_data_bank/mem_q_reg_0/ADDRBWRADDR[12]","setup"
1841,-0.373,5.000,5.037,8,"student_top_inst/Core_cpu/u_core_top/u_dcache/u_tag_bank/mem_q_reg/CLKBWRCLK","student_top_inst/Core_cpu/u_core_top/exec_q_reg[op2][26]/CE","setup"
1842,-0.373,5.000,5.064,7,"student_top_inst/Core_cpu/u_core_top/u_dcache/u_tag_bank/mem_q_reg/CLKBWRCLK","student_top_inst/Core_cpu/u_core_top/id_uop_q_reg[pc][18]/CE","setup"
1843,-0.373,5.000,5.064,7,"student_top_inst/Core_cpu/u_core_top/u_dcache/u_tag_bank/mem_q_reg/CLKBWRCLK","student_top_inst/Core_cpu/u_core_top/id_uop_q_reg[pc][19]/CE","setup"
1844,-0.373,5.000,5.064,7,"student_top_inst/Core_cpu/u_core_top/u_dcache/u_tag_bank/mem_q_reg/CLKBWRCLK","student_top_inst/Core_cpu/u_core_top/id_uop_q_reg[pc][20]/CE","setup"
1845,-0.373,5.000,5.064,7,"student_top_inst/Core_cpu/u_core_top/u_dcache/u_tag_bank/mem_q_reg/CLKBWRCLK","student_top_inst/Core_cpu/u_core_top/id_uop_q_reg[pc][21]/CE","setup"
1846,-0.373,5.000,5.064,7,"student_top_inst/Core_cpu/u_core_top/u_dcache/u_tag_bank/mem_q_reg/CLKBWRCLK","student_top_inst/Core_cpu/u_core_top/id_uop_q_reg[pc][22]/CE","setup"
1847,-0.373,5.000,5.064,7,"student_top_inst/Core_cpu/u_core_top/u_dcache/u_tag_bank/mem_q_reg/CLKBWRCLK","student_top_inst/Core_cpu/u_core_top/id_uop_q_reg[pc][23]/CE","setup"
1848,-0.373,5.000,4.879,7,"student_top_inst/Core_cpu/u_core_top/u_dcache/u_tag_bank/mem_q_reg/CLKBWRCLK","student_top_inst/Core_cpu/u_core_top/u_dcache/g_data_bank[2].u_data_bank/mem_q_reg_1/ADDRBWRADDR[4]","setup"
1849,-0.373,5.000,5.110,0,"student_top_inst/Core_cpu/u_core_top/u_dmem_regslice/req_addr_q_reg[11]/C","student_top_inst/mem_bridge/dram_adapter/dram/U0/inst_blk_mem_gen/gnbram.gnativebmg.native_blk_mem_gen/valid.cstr/ramloop[13].ram.r/prim_init.ram/DEVICE_7SERIES.NO_BMM_INFO.SP.SIMPLE_PRIM36.ram/ADDRARDADDR[12]","setup"
1850,-0.372,5.000,5.335,10,"student_top_inst/Core_cpu/u_core_top/u_dcache/u_tag_bank/mem_q_reg/CLKBWRCLK","student_top_inst/Core_cpu/u_core_top/u_dmem_regslice/req_addr_q_reg[9]/D","setup"
1851,-0.372,5.000,5.035,7,"student_top_inst/Core_cpu/u_core_top/u_dcache/u_tag_bank/mem_q_reg/CLKBWRCLK","student_top_inst/Core_cpu/u_core_top/scoreboard_q_reg[7][result][25]/CE","setup"
1852,-0.372,5.000,5.035,7,"student_top_inst/Core_cpu/u_core_top/u_dcache/u_tag_bank/mem_q_reg/CLKBWRCLK","student_top_inst/Core_cpu/u_core_top/scoreboard_q_reg[7][result][29]/CE","setup"
1853,-0.372,5.000,5.035,7,"student_top_inst/Core_cpu/u_core_top/u_dcache/u_tag_bank/mem_q_reg/CLKBWRCLK","student_top_inst/Core_cpu/u_core_top/scoreboard_q_reg[7][result][8]/CE","setup"
1854,-0.372,5.000,5.276,10,"student_top_inst/Core_cpu/u_core_top/u_dcache/u_tag_bank/mem_q_reg/CLKBWRCLK","student_top_inst/Core_cpu/u_core_top/u_dmem_regslice/req_wdata_q_reg[23]/D","setup"
1855,-0.371,5.000,4.572,0,"student_top_inst/cpu_rst_sync_reg/C","student_top_inst/Core_cpu/u_core_top/u_muldiv/a_q_reg[29]/R","setup"
1856,-0.371,5.000,4.854,8,"student_top_inst/Core_cpu/u_core_top/scoreboard_q_reg[3][fu][1]/C","student_top_inst/Core_cpu/u_core_top/u_muldiv/u_div/U0/i_synth/i_has_input_skid.i_2to1/gen_has_z_tready.reg1_a_tdata_reg[18]/CE","setup"
1857,-0.371,5.000,5.031,7,"student_top_inst/Core_cpu/u_core_top/u_dcache/u_tag_bank/mem_q_reg/CLKBWRCLK","student_top_inst/Core_cpu/u_core_top/scoreboard_q_reg[0][result][18]/CE","setup"
1858,-0.371,5.000,5.031,7,"student_top_inst/Core_cpu/u_core_top/u_dcache/u_tag_bank/mem_q_reg/CLKBWRCLK","student_top_inst/Core_cpu/u_core_top/scoreboard_q_reg[0][result][23]/CE","setup"
1859,-0.371,5.000,5.031,7,"student_top_inst/Core_cpu/u_core_top/u_dcache/u_tag_bank/mem_q_reg/CLKBWRCLK","student_top_inst/Core_cpu/u_core_top/scoreboard_q_reg[0][result][31]/CE","setup"
1860,-0.371,5.000,5.031,7,"student_top_inst/Core_cpu/u_core_top/u_dcache/u_tag_bank/mem_q_reg/CLKBWRCLK","student_top_inst/Core_cpu/u_core_top/scoreboard_q_reg[0][result][7]/CE","setup"
1861,-0.371,5.000,5.033,8,"student_top_inst/Core_cpu/u_core_top/u_dcache/u_tag_bank/mem_q_reg/CLKBWRCLK","student_top_inst/Core_cpu/u_core_top/exec_q_reg[op1][22]/CE","setup"
1862,-0.371,5.000,5.033,8,"student_top_inst/Core_cpu/u_core_top/u_dcache/u_tag_bank/mem_q_reg/CLKBWRCLK","student_top_inst/Core_cpu/u_core_top/exec_q_reg[op2][22]/CE","setup"
1863,-0.371,5.000,5.033,8,"student_top_inst/Core_cpu/u_core_top/u_dcache/u_tag_bank/mem_q_reg/CLKBWRCLK","student_top_inst/Core_cpu/u_core_top/exec_q_reg[uop][instr][3]/CE","setup"
1864,-0.371,5.000,5.033,8,"student_top_inst/Core_cpu/u_core_top/u_dcache/u_tag_bank/mem_q_reg/CLKBWRCLK","student_top_inst/Core_cpu/u_core_top/exec_q_reg[uop][rs1][1]/CE","setup"
1865,-0.370,5.000,5.263,8,"student_top_inst/Core_cpu/u_core_top/u_dcache/u_tag_bank/mem_q_reg/CLKBWRCLK","student_top_inst/Core_cpu/u_core_top/scoreboard_q_reg[5][result][10]/D","setup"
1866,-0.370,5.000,5.330,10,"student_top_inst/Core_cpu/u_core_top/u_dcache/u_tag_bank/mem_q_reg/CLKBWRCLK","student_top_inst/Core_cpu/u_core_top/u_dmem_regslice/req_addr_q_reg[10]/D","setup"
1867,-0.370,5.000,5.268,9,"student_top_inst/Core_cpu/u_core_top/u_dcache/u_tag_bank/mem_q_reg/CLKBWRCLK","student_top_inst/Core_cpu/u_core_top/scoreboard_q_reg[1][result][14]/D","setup"
1868,-0.370,5.000,4.925,7,"student_top_inst/Core_cpu/u_core_top/u_dcache/u_tag_bank/mem_q_reg/CLKBWRCLK","student_top_inst/Core_cpu/u_core_top/scoreboard_q_reg[7][result][11]/R","setup"
1869,-0.370,5.000,4.925,7,"student_top_inst/Core_cpu/u_core_top/u_dcache/u_tag_bank/mem_q_reg/CLKBWRCLK","student_top_inst/Core_cpu/u_core_top/scoreboard_q_reg[7][result][24]/R","setup"
1870,-0.370,5.000,4.925,7,"student_top_inst/Core_cpu/u_core_top/u_dcache/u_tag_bank/mem_q_reg/CLKBWRCLK","student_top_inst/Core_cpu/u_core_top/scoreboard_q_reg[7][result][27]/R","setup"
1871,-0.369,5.000,5.026,7,"student_top_inst/Core_cpu/u_core_top/u_dcache/u_tag_bank/mem_q_reg/CLKBWRCLK","student_top_inst/Core_cpu/u_core_top/scoreboard_q_reg[7][csr_src][12]/CE","setup"
1872,-0.369,5.000,5.026,7,"student_top_inst/Core_cpu/u_core_top/u_dcache/u_tag_bank/mem_q_reg/CLKBWRCLK","student_top_inst/Core_cpu/u_core_top/scoreboard_q_reg[7][csr_src][20]/CE","setup"
1873,-0.369,5.000,5.026,7,"student_top_inst/Core_cpu/u_core_top/u_dcache/u_tag_bank/mem_q_reg/CLKBWRCLK","student_top_inst/Core_cpu/u_core_top/scoreboard_q_reg[7][csr_src][21]/CE","setup"
1874,-0.369,5.000,5.026,7,"student_top_inst/Core_cpu/u_core_top/u_dcache/u_tag_bank/mem_q_reg/CLKBWRCLK","student_top_inst/Core_cpu/u_core_top/scoreboard_q_reg[7][csr_src][27]/CE","setup"
1875,-0.369,5.000,5.026,7,"student_top_inst/Core_cpu/u_core_top/u_dcache/u_tag_bank/mem_q_reg/CLKBWRCLK","student_top_inst/Core_cpu/u_core_top/scoreboard_q_reg[7][csr_src][28]/CE","setup"
1876,-0.369,5.000,5.026,7,"student_top_inst/Core_cpu/u_core_top/u_dcache/u_tag_bank/mem_q_reg/CLKBWRCLK","student_top_inst/Core_cpu/u_core_top/scoreboard_q_reg[7][csr_src][30]/CE","setup"
1877,-0.369,5.000,5.026,7,"student_top_inst/Core_cpu/u_core_top/u_dcache/u_tag_bank/mem_q_reg/CLKBWRCLK","student_top_inst/Core_cpu/u_core_top/scoreboard_q_reg[7][csr_src][4]/CE","setup"
1878,-0.369,5.000,5.026,7,"student_top_inst/Core_cpu/u_core_top/u_dcache/u_tag_bank/mem_q_reg/CLKBWRCLK","student_top_inst/Core_cpu/u_core_top/scoreboard_q_reg[7][csr_src][8]/CE","setup"
1879,-0.369,5.000,5.197,8,"student_top_inst/Core_cpu/u_core_top/u_dcache/u_tag_bank/mem_q_reg/CLKBWRCLK","student_top_inst/Core_cpu/u_core_top/scoreboard_q_reg[3][exception_tval][14]/D","setup"
1880,-0.369,5.000,4.967,7,"student_top_inst/Core_cpu/u_core_top/u_dcache/u_tag_bank/mem_q_reg/CLKBWRCLK","student_top_inst/Core_cpu/u_core_top/scoreboard_q_reg[3][pc][7]/CE","setup"
1881,-0.369,5.000,5.031,8,"student_top_inst/Core_cpu/u_core_top/u_dcache/u_tag_bank/mem_q_reg/CLKBWRCLK","student_top_inst/Core_cpu/u_core_top/exec_q_reg[op2][10]/CE","setup"
1882,-0.369,5.000,5.031,8,"student_top_inst/Core_cpu/u_core_top/u_dcache/u_tag_bank/mem_q_reg/CLKBWRCLK","student_top_inst/Core_cpu/u_core_top/exec_q_reg[uop][alu_op][1]/CE","setup"
1883,-0.369,5.000,5.031,8,"student_top_inst/Core_cpu/u_core_top/u_dcache/u_tag_bank/mem_q_reg/CLKBWRCLK","student_top_inst/Core_cpu/u_core_top/exec_q_reg[uop][imm][14]/CE","setup"
1884,-0.369,5.000,5.031,8,"student_top_inst/Core_cpu/u_core_top/u_dcache/u_tag_bank/mem_q_reg/CLKBWRCLK","student_top_inst/Core_cpu/u_core_top/exec_q_reg[uop][instr][0]/CE","setup"
1885,-0.368,5.000,5.065,10,"student_top_inst/Core_cpu/u_core_top/scoreboard_q_reg[3][fu][1]/C","student_top_inst/Core_cpu/u_core_top/scoreboard_q_reg[1][exception_tval][12]/CE","setup"
1886,-0.368,5.000,5.065,10,"student_top_inst/Core_cpu/u_core_top/scoreboard_q_reg[3][fu][1]/C","student_top_inst/Core_cpu/u_core_top/scoreboard_q_reg[1][exception_tval][17]/CE","setup"
1887,-0.368,5.000,5.065,10,"student_top_inst/Core_cpu/u_core_top/scoreboard_q_reg[3][fu][1]/C","student_top_inst/Core_cpu/u_core_top/scoreboard_q_reg[1][exception_tval][23]/CE","setup"
1888,-0.368,5.000,5.065,10,"student_top_inst/Core_cpu/u_core_top/scoreboard_q_reg[3][fu][1]/C","student_top_inst/Core_cpu/u_core_top/scoreboard_q_reg[1][exception_tval][24]/CE","setup"
1889,-0.367,5.000,5.263,10,"student_top_inst/Core_cpu/u_core_top/u_dcache/u_tag_bank/mem_q_reg/CLKBWRCLK","student_top_inst/Core_cpu/u_core_top/exec_q_reg[op2][30]/D","setup"
1890,-0.367,5.000,4.921,7,"student_top_inst/Core_cpu/u_core_top/u_dcache/u_tag_bank/mem_q_reg/CLKBWRCLK","student_top_inst/Core_cpu/u_core_top/u_dcache/g_data_bank[1].u_data_bank/mem_q_reg_0/ADDRBWRADDR[14]","setup"
1891,-0.367,5.000,4.866,0,"student_top_inst/cpu_rst_sync_reg/C","student_top_inst/Core_cpu/u_core_top/id_uop_q_reg[alu_op][0]/R","setup"
1892,-0.367,5.000,5.330,12,"student_top_inst/Core_cpu/u_core_top/store_head_q_reg[1]/C","student_top_inst/Core_cpu/u_core_top/load_active_meta_q_reg[forward_data][0]/D","setup"
1893,-0.367,5.000,4.943,7,"student_top_inst/Core_cpu/u_core_top/u_dcache/u_tag_bank/mem_q_reg/CLKBWRCLK","student_top_inst/Core_cpu/u_core_top/scoreboard_q_reg[7][result][1]/R","setup"
1894,-0.367,5.000,4.943,7,"student_top_inst/Core_cpu/u_core_top/u_dcache/u_tag_bank/mem_q_reg/CLKBWRCLK","student_top_inst/Core_cpu/u_core_top/scoreboard_q_reg[7][result][23]/R","setup"
1895,-0.367,5.000,4.943,7,"student_top_inst/Core_cpu/u_core_top/u_dcache/u_tag_bank/mem_q_reg/CLKBWRCLK","student_top_inst/Core_cpu/u_core_top/scoreboard_q_reg[7][result][4]/R","setup"
1896,-0.367,5.000,4.943,7,"student_top_inst/Core_cpu/u_core_top/u_dcache/u_tag_bank/mem_q_reg/CLKBWRCLK","student_top_inst/Core_cpu/u_core_top/scoreboard_q_reg[7][result][5]/R","setup"
1897,-0.367,5.000,5.260,9,"student_top_inst/Core_cpu/u_core_top/u_dcache/u_tag_bank/mem_q_reg/CLKBWRCLK","student_top_inst/Core_cpu/u_core_top/scoreboard_q_reg[5][result][22]/D","setup"
1898,-0.366,5.000,5.299,12,"student_top_inst/Core_cpu/u_core_top/store_head_q_reg[1]/C","student_top_inst/Core_cpu/u_core_top/load_q_reg[0][forward_data][7]/D","setup"
1899,-0.366,5.000,4.936,0,"student_top_inst/Core_cpu/u_core_top/u_dmem_regslice/req_addr_q_reg[10]/C","student_top_inst/mem_bridge/dram_adapter/dram/U0/inst_blk_mem_gen/gnbram.gnativebmg.native_blk_mem_gen/valid.cstr/ramloop[45].ram.r/prim_init.ram/DEVICE_7SERIES.NO_BMM_INFO.SP.SIMPLE_PRIM36.ram/ADDRARDADDR[11]","setup"
1900,-0.366,5.000,5.059,9,"student_top_inst/Core_cpu/u_core_top/scoreboard_q_reg[3][fu][1]/C","student_top_inst/Core_cpu/u_core_top/scoreboard_q_reg[6][csr_addr][10]/CE","setup"
1901,-0.366,5.000,5.059,9,"student_top_inst/Core_cpu/u_core_top/scoreboard_q_reg[3][fu][1]/C","student_top_inst/Core_cpu/u_core_top/scoreboard_q_reg[6][csr_addr][1]/CE","setup"
1902,-0.366,5.000,5.059,9,"student_top_inst/Core_cpu/u_core_top/scoreboard_q_reg[3][fu][1]/C","student_top_inst/Core_cpu/u_core_top/scoreboard_q_reg[6][pc][16]/CE","setup"
1903,-0.366,5.000,5.059,9,"student_top_inst/Core_cpu/u_core_top/scoreboard_q_reg[3][fu][1]/C","student_top_inst/Core_cpu/u_core_top/scoreboard_q_reg[6][pc][21]/CE","setup"
1904,-0.366,5.000,5.059,9,"student_top_inst/Core_cpu/u_core_top/scoreboard_q_reg[3][fu][1]/C","student_top_inst/Core_cpu/u_core_top/scoreboard_q_reg[6][pc][24]/CE","setup"
1905,-0.366,5.000,5.059,9,"student_top_inst/Core_cpu/u_core_top/scoreboard_q_reg[3][fu][1]/C","student_top_inst/Core_cpu/u_core_top/scoreboard_q_reg[6][pc][28]/CE","setup"
1906,-0.366,5.000,5.059,9,"student_top_inst/Core_cpu/u_core_top/scoreboard_q_reg[3][fu][1]/C","student_top_inst/Core_cpu/u_core_top/scoreboard_q_reg[6][rd][1]/CE","setup"
1907,-0.366,5.000,5.059,9,"student_top_inst/Core_cpu/u_core_top/scoreboard_q_reg[3][fu][1]/C","student_top_inst/Core_cpu/u_core_top/scoreboard_q_reg[6][rd][2]/CE","setup"
1908,-0.366,5.000,4.920,7,"student_top_inst/Core_cpu/u_core_top/u_dcache/u_tag_bank/mem_q_reg/CLKBWRCLK","student_top_inst/Core_cpu/u_core_top/scoreboard_q_reg[2][result][11]/R","setup"
1909,-0.366,5.000,4.920,7,"student_top_inst/Core_cpu/u_core_top/u_dcache/u_tag_bank/mem_q_reg/CLKBWRCLK","student_top_inst/Core_cpu/u_core_top/scoreboard_q_reg[2][result][24]/R","setup"
1910,-0.366,5.000,4.920,7,"student_top_inst/Core_cpu/u_core_top/u_dcache/u_tag_bank/mem_q_reg/CLKBWRCLK","student_top_inst/Core_cpu/u_core_top/scoreboard_q_reg[2][result][27]/R","setup"
1911,-0.366,5.000,4.920,7,"student_top_inst/Core_cpu/u_core_top/u_dcache/u_tag_bank/mem_q_reg/CLKBWRCLK","student_top_inst/Core_cpu/u_core_top/scoreboard_q_reg[2][result][6]/R","setup"
1912,-0.365,5.000,5.354,9,"student_top_inst/Core_cpu/u_core_top/u_dcache/u_tag_bank/mem_q_reg/CLKBWRCLK","student_top_inst/Core_cpu/u_core_top/u_frontend/u_fetch_queue/count_q_reg[0]/D","setup"
1913,-0.365,5.000,4.926,7,"student_top_inst/Core_cpu/u_core_top/u_dcache/u_tag_bank/mem_q_reg/CLKBWRCLK","student_top_inst/Core_cpu/u_core_top/scoreboard_q_reg[2][result][23]/R","setup"
1914,-0.365,5.000,4.926,7,"student_top_inst/Core_cpu/u_core_top/u_dcache/u_tag_bank/mem_q_reg/CLKBWRCLK","student_top_inst/Core_cpu/u_core_top/scoreboard_q_reg[2][result][26]/R","setup"
1915,-0.365,5.000,4.926,7,"student_top_inst/Core_cpu/u_core_top/u_dcache/u_tag_bank/mem_q_reg/CLKBWRCLK","student_top_inst/Core_cpu/u_core_top/scoreboard_q_reg[2][result][9]/R","setup"
1916,-0.365,5.000,5.061,9,"student_top_inst/Core_cpu/u_core_top/scoreboard_q_reg[3][fu][1]/C","student_top_inst/Core_cpu/u_core_top/scoreboard_q_reg[1][csr_src][3]/CE","setup"
1917,-0.365,5.000,5.061,9,"student_top_inst/Core_cpu/u_core_top/scoreboard_q_reg[3][fu][1]/C","student_top_inst/Core_cpu/u_core_top/scoreboard_q_reg[1][csr_src][5]/CE","setup"
1918,-0.365,5.000,5.061,9,"student_top_inst/Core_cpu/u_core_top/scoreboard_q_reg[3][fu][1]/C","student_top_inst/Core_cpu/u_core_top/scoreboard_q_reg[1][csr_src][8]/CE","setup"
1919,-0.364,5.000,5.255,10,"student_top_inst/Core_cpu/u_core_top/u_dcache/u_tag_bank/mem_q_reg/CLKBWRCLK","student_top_inst/Core_cpu/u_core_top/scoreboard_q_reg[3][result][24]/D","setup"
1920,-0.364,5.000,5.254,8,"student_top_inst/Core_cpu/u_core_top/u_dcache/u_tag_bank/mem_q_reg/CLKBWRCLK","student_top_inst/Core_cpu/u_core_top/scoreboard_q_reg[5][result][3]/D","setup"
1921,-0.363,5.000,5.110,7,"student_top_inst/Core_cpu/u_core_top/u_dcache/u_tag_bank/mem_q_reg/CLKBWRCLK","student_top_inst/Core_cpu/u_core_top/id_uop_q_reg[pc][10]/CE","setup"
1922,-0.363,5.000,5.110,7,"student_top_inst/Core_cpu/u_core_top/u_dcache/u_tag_bank/mem_q_reg/CLKBWRCLK","student_top_inst/Core_cpu/u_core_top/id_uop_q_reg[pc][11]/CE","setup"
1923,-0.363,5.000,5.110,7,"student_top_inst/Core_cpu/u_core_top/u_dcache/u_tag_bank/mem_q_reg/CLKBWRCLK","student_top_inst/Core_cpu/u_core_top/id_uop_q_reg[pc][6]/CE","setup"
1924,-0.363,5.000,5.110,7,"student_top_inst/Core_cpu/u_core_top/u_dcache/u_tag_bank/mem_q_reg/CLKBWRCLK","student_top_inst/Core_cpu/u_core_top/id_uop_q_reg[pc][7]/CE","setup"
1925,-0.363,5.000,5.110,7,"student_top_inst/Core_cpu/u_core_top/u_dcache/u_tag_bank/mem_q_reg/CLKBWRCLK","student_top_inst/Core_cpu/u_core_top/id_uop_q_reg[pc][8]/CE","setup"
1926,-0.363,5.000,5.110,7,"student_top_inst/Core_cpu/u_core_top/u_dcache/u_tag_bank/mem_q_reg/CLKBWRCLK","student_top_inst/Core_cpu/u_core_top/id_uop_q_reg[pc][9]/CE","setup"
1927,-0.363,5.000,5.289,9,"student_top_inst/Core_cpu/u_core_top/u_dcache/u_tag_bank/mem_q_reg/CLKBWRCLK","student_top_inst/Core_cpu/u_core_top/scoreboard_q_reg[2][result][21]/D","setup"
1928,-0.363,5.000,5.262,9,"student_top_inst/Core_cpu/u_core_top/u_dcache/u_tag_bank/mem_q_reg/CLKBWRCLK","student_top_inst/Core_cpu/u_core_top/scoreboard_q_reg[2][result][31]/D","setup"
1929,-0.362,5.000,5.254,8,"student_top_inst/Core_cpu/u_core_top/u_dcache/u_tag_bank/mem_q_reg/CLKBWRCLK","student_top_inst/Core_cpu/u_core_top/scoreboard_q_reg[7][result][3]/D","setup"
1930,-0.362,5.000,5.353,9,"student_top_inst/Core_cpu/u_core_top/u_dcache/u_tag_bank/mem_q_reg/CLKBWRCLK","student_top_inst/Core_cpu/u_core_top/u_frontend/u_fetch_queue/count_q_reg[2]/D","setup"
1931,-0.362,5.000,4.977,9,"student_top_inst/Core_cpu/u_core_top/scoreboard_q_reg[3][fu][1]/C","student_top_inst/Core_cpu/u_core_top/scoreboard_q_reg[0][result][12]/R","setup"
1932,-0.362,5.000,4.977,9,"student_top_inst/Core_cpu/u_core_top/scoreboard_q_reg[3][fu][1]/C","student_top_inst/Core_cpu/u_core_top/scoreboard_q_reg[0][result][13]/R","setup"
1933,-0.362,5.000,4.977,9,"student_top_inst/Core_cpu/u_core_top/scoreboard_q_reg[3][fu][1]/C","student_top_inst/Core_cpu/u_core_top/scoreboard_q_reg[0][result][21]/R","setup"
1934,-0.362,5.000,4.977,9,"student_top_inst/Core_cpu/u_core_top/scoreboard_q_reg[3][fu][1]/C","student_top_inst/Core_cpu/u_core_top/scoreboard_q_reg[0][result][22]/R","setup"
1935,-0.362,5.000,5.018,7,"student_top_inst/Core_cpu/u_core_top/u_dcache/u_tag_bank/mem_q_reg/CLKBWRCLK","student_top_inst/Core_cpu/u_core_top/scoreboard_q_reg[7][link_addr][12]/CE","setup"
1936,-0.362,5.000,5.018,7,"student_top_inst/Core_cpu/u_core_top/u_dcache/u_tag_bank/mem_q_reg/CLKBWRCLK","student_top_inst/Core_cpu/u_core_top/scoreboard_q_reg[7][link_addr][15]/CE","setup"
1937,-0.362,5.000,5.018,7,"student_top_inst/Core_cpu/u_core_top/u_dcache/u_tag_bank/mem_q_reg/CLKBWRCLK","student_top_inst/Core_cpu/u_core_top/scoreboard_q_reg[7][link_addr][17]/CE","setup"
1938,-0.362,5.000,5.018,7,"student_top_inst/Core_cpu/u_core_top/u_dcache/u_tag_bank/mem_q_reg/CLKBWRCLK","student_top_inst/Core_cpu/u_core_top/scoreboard_q_reg[7][link_addr][23]/CE","setup"
1939,-0.362,5.000,5.018,7,"student_top_inst/Core_cpu/u_core_top/u_dcache/u_tag_bank/mem_q_reg/CLKBWRCLK","student_top_inst/Core_cpu/u_core_top/scoreboard_q_reg[7][link_addr][27]/CE","setup"
1940,-0.362,5.000,5.018,7,"student_top_inst/Core_cpu/u_core_top/u_dcache/u_tag_bank/mem_q_reg/CLKBWRCLK","student_top_inst/Core_cpu/u_core_top/scoreboard_q_reg[7][link_addr][2]/CE","setup"
1941,-0.362,5.000,5.018,7,"student_top_inst/Core_cpu/u_core_top/u_dcache/u_tag_bank/mem_q_reg/CLKBWRCLK","student_top_inst/Core_cpu/u_core_top/scoreboard_q_reg[7][link_addr][9]/CE","setup"
1942,-0.362,5.000,5.018,7,"student_top_inst/Core_cpu/u_core_top/u_dcache/u_tag_bank/mem_q_reg/CLKBWRCLK","student_top_inst/Core_cpu/u_core_top/scoreboard_q_reg[7][pc][24]/CE","setup"
1943,-0.361,5.000,5.284,11,"student_top_inst/Core_cpu/u_core_top/store_head_q_reg[1]/C","student_top_inst/Core_cpu/u_core_top/load_q_reg[1][forward_data][11]/D","setup"
1944,-0.361,5.000,4.909,7,"student_top_inst/Core_cpu/u_core_top/u_dcache/u_tag_bank/mem_q_reg/CLKBWRCLK","student_top_inst/Core_cpu/u_core_top/u_dcache/g_data_bank[3].u_data_bank/mem_q_reg_1/ADDRBWRADDR[8]","setup"
1945,-0.360,5.000,5.021,8,"student_top_inst/Core_cpu/u_core_top/u_dcache/u_tag_bank/mem_q_reg/CLKBWRCLK","student_top_inst/Core_cpu/u_core_top/exec_q_reg[uop][imm][16]/CE","setup"
1946,-0.360,5.000,5.021,8,"student_top_inst/Core_cpu/u_core_top/u_dcache/u_tag_bank/mem_q_reg/CLKBWRCLK","student_top_inst/Core_cpu/u_core_top/exec_q_reg[uop][imm][18]/CE","setup"
1947,-0.360,5.000,5.021,8,"student_top_inst/Core_cpu/u_core_top/u_dcache/u_tag_bank/mem_q_reg/CLKBWRCLK","student_top_inst/Core_cpu/u_core_top/exec_q_reg[uop][imm][22]/CE","setup"
1948,-0.360,5.000,5.021,8,"student_top_inst/Core_cpu/u_core_top/u_dcache/u_tag_bank/mem_q_reg/CLKBWRCLK","student_top_inst/Core_cpu/u_core_top/exec_q_reg[uop][pc][24]/CE","setup"
1949,-0.360,5.000,5.021,8,"student_top_inst/Core_cpu/u_core_top/u_dcache/u_tag_bank/mem_q_reg/CLKBWRCLK","student_top_inst/Core_cpu/u_core_top/exec_q_reg[uop][pc][29]/CE","setup"
1950,-0.360,5.000,5.189,6,"student_top_inst/Core_cpu/u_core_top/commit_ptr_q_reg[2]_rep/C","student_top_inst/Core_cpu/u_core_top/u_csr/mcause_q_reg[24]/D","setup"
1951,-0.360,5.000,5.055,9,"student_top_inst/Core_cpu/u_core_top/scoreboard_q_reg[3][fu][1]/C","student_top_inst/Core_cpu/u_core_top/scoreboard_q_reg[6][csr_src][0]/CE","setup"
1952,-0.360,5.000,5.055,9,"student_top_inst/Core_cpu/u_core_top/scoreboard_q_reg[3][fu][1]/C","student_top_inst/Core_cpu/u_core_top/scoreboard_q_reg[6][csr_src][12]/CE","setup"
1953,-0.360,5.000,5.055,9,"student_top_inst/Core_cpu/u_core_top/scoreboard_q_reg[3][fu][1]/C","student_top_inst/Core_cpu/u_core_top/scoreboard_q_reg[6][csr_src][20]/CE","setup"
1954,-0.360,5.000,5.055,9,"student_top_inst/Core_cpu/u_core_top/scoreboard_q_reg[3][fu][1]/C","student_top_inst/Core_cpu/u_core_top/scoreboard_q_reg[6][csr_src][21]/CE","setup"
1955,-0.360,5.000,5.055,9,"student_top_inst/Core_cpu/u_core_top/scoreboard_q_reg[3][fu][1]/C","student_top_inst/Core_cpu/u_core_top/scoreboard_q_reg[6][csr_src][26]/CE","setup"
1956,-0.360,5.000,5.055,9,"student_top_inst/Core_cpu/u_core_top/scoreboard_q_reg[3][fu][1]/C","student_top_inst/Core_cpu/u_core_top/scoreboard_q_reg[6][csr_src][31]/CE","setup"
1957,-0.360,5.000,5.055,9,"student_top_inst/Core_cpu/u_core_top/scoreboard_q_reg[3][fu][1]/C","student_top_inst/Core_cpu/u_core_top/scoreboard_q_reg[6][csr_src][3]/CE","setup"
1958,-0.360,5.000,5.055,9,"student_top_inst/Core_cpu/u_core_top/scoreboard_q_reg[3][fu][1]/C","student_top_inst/Core_cpu/u_core_top/scoreboard_q_reg[6][csr_src][4]/CE","setup"
1959,-0.359,5.000,5.081,7,"student_top_inst/Core_cpu/u_core_top/u_dcache/u_tag_bank/mem_q_reg/CLKBWRCLK","student_top_inst/Core_cpu/u_core_top/id_uop_q_reg[sys_op][2]/CE","setup"
1960,-0.359,5.000,5.251,9,"student_top_inst/Core_cpu/u_core_top/u_dcache/u_tag_bank/mem_q_reg/CLKBWRCLK","student_top_inst/Core_cpu/u_core_top/scoreboard_q_reg[1][result][19]/D","setup"
1961,-0.358,5.000,5.043,7,"student_top_inst/Core_cpu/u_core_top/u_dcache/u_tag_bank/mem_q_reg/CLKBWRCLK","student_top_inst/Core_cpu/u_core_top/scoreboard_q_reg[2][pc][19]/CE","setup"
1962,-0.358,5.000,5.043,7,"student_top_inst/Core_cpu/u_core_top/u_dcache/u_tag_bank/mem_q_reg/CLKBWRCLK","student_top_inst/Core_cpu/u_core_top/scoreboard_q_reg[2][pc][28]/CE","setup"
1963,-0.358,5.000,5.027,8,"student_top_inst/Core_cpu/u_core_top/u_dcache/u_tag_bank/mem_q_reg/CLKBWRCLK","student_top_inst/Core_cpu/u_core_top/exec_q_reg[uop][muldiv_op][1]/CE","setup"
1964,-0.358,5.000,5.027,8,"student_top_inst/Core_cpu/u_core_top/u_dcache/u_tag_bank/mem_q_reg/CLKBWRCLK","student_top_inst/Core_cpu/u_core_top/exec_q_reg[uop][pred_next_pc][12]/CE","setup"
1965,-0.358,5.000,5.027,8,"student_top_inst/Core_cpu/u_core_top/u_dcache/u_tag_bank/mem_q_reg/CLKBWRCLK","student_top_inst/Core_cpu/u_core_top/exec_q_reg[uop][pred_next_pc][14]/CE","setup"
1966,-0.358,5.000,5.027,8,"student_top_inst/Core_cpu/u_core_top/u_dcache/u_tag_bank/mem_q_reg/CLKBWRCLK","student_top_inst/Core_cpu/u_core_top/exec_q_reg[uop][pred_next_pc][17]/CE","setup"
1967,-0.358,5.000,5.027,8,"student_top_inst/Core_cpu/u_core_top/u_dcache/u_tag_bank/mem_q_reg/CLKBWRCLK","student_top_inst/Core_cpu/u_core_top/exec_q_reg[uop][pred_next_pc][24]/CE","setup"
1968,-0.358,5.000,5.027,8,"student_top_inst/Core_cpu/u_core_top/u_dcache/u_tag_bank/mem_q_reg/CLKBWRCLK","student_top_inst/Core_cpu/u_core_top/exec_q_reg[uop][pred_next_pc][31]/CE","setup"
1969,-0.358,5.000,5.027,8,"student_top_inst/Core_cpu/u_core_top/u_dcache/u_tag_bank/mem_q_reg/CLKBWRCLK","student_top_inst/Core_cpu/u_core_top/exec_q_reg[uop][pred_next_pc][3]/CE","setup"
1970,-0.358,5.000,5.027,8,"student_top_inst/Core_cpu/u_core_top/u_dcache/u_tag_bank/mem_q_reg/CLKBWRCLK","student_top_inst/Core_cpu/u_core_top/exec_q_reg[uop][pred_next_pc][4]/CE","setup"
1971,-0.358,5.000,5.042,7,"student_top_inst/Core_cpu/u_core_top/u_dcache/u_tag_bank/mem_q_reg/CLKBWRCLK","student_top_inst/Core_cpu/u_core_top/id_uop_q_reg[exception_cause][1]/CE","setup"
1972,-0.358,5.000,5.042,7,"student_top_inst/Core_cpu/u_core_top/u_dcache/u_tag_bank/mem_q_reg/CLKBWRCLK","student_top_inst/Core_cpu/u_core_top/id_uop_q_reg[exception_tval][21]/CE","setup"
1973,-0.358,5.000,5.042,7,"student_top_inst/Core_cpu/u_core_top/u_dcache/u_tag_bank/mem_q_reg/CLKBWRCLK","student_top_inst/Core_cpu/u_core_top/id_uop_q_reg[instr][3]/CE","setup"
1974,-0.358,5.000,5.042,7,"student_top_inst/Core_cpu/u_core_top/u_dcache/u_tag_bank/mem_q_reg/CLKBWRCLK","student_top_inst/Core_cpu/u_core_top/id_uop_q_reg[muldiv_op][2]/CE","setup"
1975,-0.358,5.000,5.042,7,"student_top_inst/Core_cpu/u_core_top/u_dcache/u_tag_bank/mem_q_reg/CLKBWRCLK","student_top_inst/Core_cpu/u_core_top/id_uop_q_reg[rd][2]/CE","setup"
1976,-0.358,5.000,5.259,10,"student_top_inst/Core_cpu/u_core_top/u_dcache/u_tag_bank/mem_q_reg/CLKBWRCLK","student_top_inst/Core_cpu/u_core_top/load_q_reg[0][forward_data][9]/D","setup"
1977,-0.357,5.000,5.049,9,"student_top_inst/Core_cpu/u_core_top/scoreboard_q_reg[3][fu][1]/C","student_top_inst/Core_cpu/u_core_top/u_muldiv/u_div/U0/i_synth/i_has_input_skid.i_2to1/gen_has_z_tready.reg1_b_ready_reg/D","setup"
1978,-0.357,5.000,5.282,9,"student_top_inst/Core_cpu/u_core_top/u_dcache/u_tag_bank/mem_q_reg/CLKBWRCLK","student_top_inst/Core_cpu/u_core_top/scoreboard_q_reg[2][result][17]/D","setup"
1979,-0.357,5.000,5.255,9,"student_top_inst/Core_cpu/u_core_top/u_dcache/u_tag_bank/mem_q_reg/CLKBWRCLK","student_top_inst/Core_cpu/u_core_top/scoreboard_q_reg[2][result][15]/D","setup"
1980,-0.357,5.000,5.285,9,"student_top_inst/Core_cpu/u_core_top/u_dcache/u_tag_bank/mem_q_reg/CLKBWRCLK","student_top_inst/Core_cpu/u_core_top/scoreboard_q_reg[1][result][23]/D","setup"
1981,-0.357,5.000,5.256,8,"student_top_inst/Core_cpu/u_core_top/u_dcache/u_tag_bank/mem_q_reg/CLKBWRCLK","student_top_inst/Core_cpu/u_core_top/producer_valid_q_reg[2]/D","setup"
1982,-0.356,5.000,5.188,8,"student_top_inst/Core_cpu/u_core_top/u_dcache/u_tag_bank/mem_q_reg/CLKBWRCLK","student_top_inst/Core_cpu/u_core_top/scoreboard_q_reg[0][exception_tval][30]/D","setup"
1983,-0.356,5.000,5.249,9,"student_top_inst/Core_cpu/u_core_top/u_dcache/u_tag_bank/mem_q_reg/CLKBWRCLK","student_top_inst/Core_cpu/u_core_top/scoreboard_q_reg[5][result][21]/D","setup"
1984,-0.356,5.000,5.050,9,"student_top_inst/Core_cpu/u_core_top/scoreboard_q_reg[3][fu][1]/C","student_top_inst/Core_cpu/u_core_top/scoreboard_q_reg[0][csr_src][10]/CE","setup"
1985,-0.356,5.000,5.050,9,"student_top_inst/Core_cpu/u_core_top/scoreboard_q_reg[3][fu][1]/C","student_top_inst/Core_cpu/u_core_top/scoreboard_q_reg[0][csr_src][25]/CE","setup"
1986,-0.356,5.000,5.050,9,"student_top_inst/Core_cpu/u_core_top/scoreboard_q_reg[3][fu][1]/C","student_top_inst/Core_cpu/u_core_top/scoreboard_q_reg[0][csr_src][26]/CE","setup"
1987,-0.356,5.000,5.050,9,"student_top_inst/Core_cpu/u_core_top/scoreboard_q_reg[3][fu][1]/C","student_top_inst/Core_cpu/u_core_top/scoreboard_q_reg[0][csr_src][8]/CE","setup"
1988,-0.356,5.000,5.050,9,"student_top_inst/Core_cpu/u_core_top/scoreboard_q_reg[3][fu][1]/C","student_top_inst/Core_cpu/u_core_top/scoreboard_q_reg[0][csr_src][9]/CE","setup"
1989,-0.356,5.000,5.291,10,"student_top_inst/Core_cpu/u_core_top/u_dcache/u_tag_bank/mem_q_reg/CLKBWRCLK","student_top_inst/Core_cpu/u_core_top/load_q_reg[0][forward_data][26]/D","setup"
1990,-0.355,5.000,5.034,7,"student_top_inst/Core_cpu/u_core_top/u_dcache/u_tag_bank/mem_q_reg/CLKBWRCLK","student_top_inst/Core_cpu/u_core_top/scoreboard_q_reg[7][result][1]/CE","setup"
1991,-0.355,5.000,5.034,7,"student_top_inst/Core_cpu/u_core_top/u_dcache/u_tag_bank/mem_q_reg/CLKBWRCLK","student_top_inst/Core_cpu/u_core_top/scoreboard_q_reg[7][result][23]/CE","setup"
1992,-0.355,5.000,5.034,7,"student_top_inst/Core_cpu/u_core_top/u_dcache/u_tag_bank/mem_q_reg/CLKBWRCLK","student_top_inst/Core_cpu/u_core_top/scoreboard_q_reg[7][result][4]/CE","setup"
1993,-0.355,5.000,5.034,7,"student_top_inst/Core_cpu/u_core_top/u_dcache/u_tag_bank/mem_q_reg/CLKBWRCLK","student_top_inst/Core_cpu/u_core_top/scoreboard_q_reg[7][result][5]/CE","setup"
1994,-0.355,5.000,5.254,8,"student_top_inst/Core_cpu/u_core_top/u_dcache/u_tag_bank/mem_q_reg/CLKBWRCLK","student_top_inst/Core_cpu/u_core_top/producer_valid_q_reg[7]/D","setup"
1995,-0.354,5.000,5.041,8,"student_top_inst/Core_cpu/u_core_top/u_dcache/u_tag_bank/mem_q_reg/CLKBWRCLK","student_top_inst/Core_cpu/u_core_top/exec_q_reg[op1][21]/CE","setup"
1996,-0.354,5.000,5.041,8,"student_top_inst/Core_cpu/u_core_top/u_dcache/u_tag_bank/mem_q_reg/CLKBWRCLK","student_top_inst/Core_cpu/u_core_top/exec_q_reg[op1][6]/CE","setup"
1997,-0.354,5.000,5.041,8,"student_top_inst/Core_cpu/u_core_top/u_dcache/u_tag_bank/mem_q_reg/CLKBWRCLK","student_top_inst/Core_cpu/u_core_top/exec_q_reg[op1][9]/CE","setup"
1998,-0.354,5.000,5.041,8,"student_top_inst/Core_cpu/u_core_top/u_dcache/u_tag_bank/mem_q_reg/CLKBWRCLK","student_top_inst/Core_cpu/u_core_top/exec_q_reg[uop][imm][0]/CE","setup"
1999,-0.354,5.000,5.183,8,"student_top_inst/Core_cpu/u_core_top/u_dcache/u_tag_bank/mem_q_reg/CLKBWRCLK","student_top_inst/Core_cpu/u_core_top/scoreboard_q_reg[5][exception_tval][21]/D","setup"
2000,-0.353,5.000,5.179,8,"student_top_inst/Core_cpu/u_core_top/u_dcache/u_tag_bank/mem_q_reg/CLKBWRCLK","student_top_inst/Core_cpu/u_core_top/scoreboard_q_reg[7][exception_tval][17]/D","setup"
2001,-0.353,5.000,5.245,9,"student_top_inst/Core_cpu/u_core_top/u_dcache/u_tag_bank/mem_q_reg/CLKBWRCLK","student_top_inst/Core_cpu/u_core_top/scoreboard_q_reg[2][result][27]/D","setup"
2002,-0.353,5.000,4.859,7,"student_top_inst/Core_cpu/u_core_top/u_dcache/u_tag_bank/mem_q_reg/CLKBWRCLK","student_top_inst/Core_cpu/u_core_top/u_dcache/g_data_bank[2].u_data_bank/mem_q_reg_1/ADDRBWRADDR[12]","setup"
2003,-0.352,5.000,5.044,9,"student_top_inst/Core_cpu/u_core_top/scoreboard_q_reg[3][fu][1]/C","student_top_inst/Core_cpu/u_core_top/u_muldiv/u_div/U0/i_synth/i_has_input_skid.i_2to1/gen_has_z_tready.z_valid_reg/D","setup"
2004,-0.352,5.000,5.250,8,"student_top_inst/Core_cpu/u_core_top/u_dcache/u_tag_bank/mem_q_reg/CLKBWRCLK","student_top_inst/Core_cpu/u_core_top/producer_valid_q_reg[26]/D","setup"
2005,-0.352,5.000,5.185,8,"student_top_inst/Core_cpu/u_core_top/u_dcache/u_tag_bank/mem_q_reg/CLKBWRCLK","student_top_inst/Core_cpu/u_core_top/scoreboard_q_reg[0][exception_tval][20]/D","setup"
2006,-0.352,5.000,5.277,8,"student_top_inst/Core_cpu/u_core_top/u_dcache/u_tag_bank/mem_q_reg/CLKBWRCLK","student_top_inst/Core_cpu/u_core_top/scoreboard_q_reg[0][exception_tval][1]/D","setup"
2007,-0.352,5.000,5.181,8,"student_top_inst/Core_cpu/u_core_top/u_dcache/u_tag_bank/mem_q_reg/CLKBWRCLK","student_top_inst/Core_cpu/u_core_top/scoreboard_q_reg[5][exception_tval][3]/D","setup"
2008,-0.351,5.000,5.280,9,"student_top_inst/Core_cpu/u_core_top/u_dcache/u_tag_bank/mem_q_reg/CLKBWRCLK","student_top_inst/Core_cpu/u_core_top/scoreboard_q_reg[1][result][30]/D","setup"
2009,-0.351,5.000,4.910,7,"student_top_inst/Core_cpu/u_core_top/u_dcache/u_tag_bank/mem_q_reg/CLKBWRCLK","student_top_inst/Core_cpu/u_core_top/scoreboard_q_reg[2][result][10]/R","setup"
2010,-0.351,5.000,4.910,7,"student_top_inst/Core_cpu/u_core_top/u_dcache/u_tag_bank/mem_q_reg/CLKBWRCLK","student_top_inst/Core_cpu/u_core_top/scoreboard_q_reg[2][result][2]/R","setup"
2011,-0.351,5.000,4.910,7,"student_top_inst/Core_cpu/u_core_top/u_dcache/u_tag_bank/mem_q_reg/CLKBWRCLK","student_top_inst/Core_cpu/u_core_top/scoreboard_q_reg[2][result][30]/R","setup"
2012,-0.351,5.000,5.248,8,"student_top_inst/Core_cpu/u_core_top/u_dcache/u_tag_bank/mem_q_reg/CLKBWRCLK","student_top_inst/Core_cpu/u_core_top/producer_valid_q_reg[31]/D","setup"
2013,-0.351,5.000,5.287,10,"student_top_inst/Core_cpu/u_core_top/u_dcache/u_tag_bank/mem_q_reg/CLKBWRCLK","student_top_inst/Core_cpu/u_core_top/u_dmem_regslice/req_wdata_q_reg[7]/D","setup"
2014,-0.350,5.000,4.906,7,"student_top_inst/Core_cpu/u_core_top/u_dcache/u_tag_bank/mem_q_reg/CLKBWRCLK","student_top_inst/Core_cpu/u_core_top/scoreboard_q_reg[3][result][12]/R","setup"
2015,-0.350,5.000,4.906,7,"student_top_inst/Core_cpu/u_core_top/u_dcache/u_tag_bank/mem_q_reg/CLKBWRCLK","student_top_inst/Core_cpu/u_core_top/scoreboard_q_reg[3][result][18]/R","setup"
2016,-0.350,5.000,4.906,7,"student_top_inst/Core_cpu/u_core_top/u_dcache/u_tag_bank/mem_q_reg/CLKBWRCLK","student_top_inst/Core_cpu/u_core_top/scoreboard_q_reg[3][result][23]/R","setup"
2017,-0.350,5.000,5.276,8,"student_top_inst/Core_cpu/u_core_top/u_dcache/u_tag_bank/mem_q_reg/CLKBWRCLK","student_top_inst/Core_cpu/u_core_top/scoreboard_q_reg[6][result][3]/D","setup"
2018,-0.349,5.000,4.807,8,"student_top_inst/Core_cpu/u_core_top/scoreboard_q_reg[3][fu][1]/C","student_top_inst/Core_cpu/u_core_top/u_muldiv/u_div/U0/i_synth/i_has_input_skid.i_2to1/gen_has_z_tready.reg1_a_tdata_reg[30]/CE","setup"
2019,-0.349,5.000,4.807,8,"student_top_inst/Core_cpu/u_core_top/scoreboard_q_reg[3][fu][1]/C","student_top_inst/Core_cpu/u_core_top/u_muldiv/u_div/U0/i_synth/i_has_input_skid.i_2to1/gen_has_z_tready.reg1_a_tdata_reg[31]/CE","setup"
2020,-0.349,5.000,5.008,7,"student_top_inst/Core_cpu/u_core_top/u_dcache/u_tag_bank/mem_q_reg/CLKBWRCLK","student_top_inst/Core_cpu/u_core_top/scoreboard_q_reg[7][csr_op][1]/CE","setup"
2021,-0.349,5.000,5.008,7,"student_top_inst/Core_cpu/u_core_top/u_dcache/u_tag_bank/mem_q_reg/CLKBWRCLK","student_top_inst/Core_cpu/u_core_top/scoreboard_q_reg[7][link_addr][0]/CE","setup"
2022,-0.349,5.000,5.008,7,"student_top_inst/Core_cpu/u_core_top/u_dcache/u_tag_bank/mem_q_reg/CLKBWRCLK","student_top_inst/Core_cpu/u_core_top/scoreboard_q_reg[7][pc][21]/CE","setup"
2023,-0.349,5.000,5.008,7,"student_top_inst/Core_cpu/u_core_top/u_dcache/u_tag_bank/mem_q_reg/CLKBWRCLK","student_top_inst/Core_cpu/u_core_top/scoreboard_q_reg[7][pc][28]/CE","setup"
2024,-0.349,5.000,5.008,7,"student_top_inst/Core_cpu/u_core_top/u_dcache/u_tag_bank/mem_q_reg/CLKBWRCLK","student_top_inst/Core_cpu/u_core_top/scoreboard_q_reg[7][pc][5]/CE","setup"
2025,-0.349,5.000,5.008,7,"student_top_inst/Core_cpu/u_core_top/u_dcache/u_tag_bank/mem_q_reg/CLKBWRCLK","student_top_inst/Core_cpu/u_core_top/scoreboard_q_reg[7][pc][8]/CE","setup"
2026,-0.349,5.000,5.008,7,"student_top_inst/Core_cpu/u_core_top/u_dcache/u_tag_bank/mem_q_reg/CLKBWRCLK","student_top_inst/Core_cpu/u_core_top/scoreboard_q_reg[7][rd][4]/CE","setup"
2027,-0.349,5.000,5.040,9,"student_top_inst/Core_cpu/u_core_top/scoreboard_q_reg[3][fu][1]/C","student_top_inst/Core_cpu/u_core_top/scoreboard_q_reg[0][link_addr][5]/CE","setup"
2028,-0.349,5.000,5.040,9,"student_top_inst/Core_cpu/u_core_top/scoreboard_q_reg[3][fu][1]/C","student_top_inst/Core_cpu/u_core_top/scoreboard_q_reg[0][link_addr][6]/CE","setup"
2029,-0.349,5.000,5.040,9,"student_top_inst/Core_cpu/u_core_top/scoreboard_q_reg[3][fu][1]/C","student_top_inst/Core_cpu/u_core_top/scoreboard_q_reg[0][link_addr][7]/CE","setup"
2030,-0.349,5.000,5.040,9,"student_top_inst/Core_cpu/u_core_top/scoreboard_q_reg[3][fu][1]/C","student_top_inst/Core_cpu/u_core_top/scoreboard_q_reg[0][link_addr][8]/CE","setup"
2031,-0.348,5.000,5.241,9,"student_top_inst/Core_cpu/u_core_top/u_dcache/u_tag_bank/mem_q_reg/CLKBWRCLK","student_top_inst/Core_cpu/u_core_top/scoreboard_q_reg[3][result][22]/D","setup"
2032,-0.348,5.000,5.008,8,"student_top_inst/Core_cpu/u_core_top/u_dcache/u_tag_bank/mem_q_reg/CLKBWRCLK","student_top_inst/Core_cpu/u_core_top/exec_q_reg[trans_id][0]/CE","setup"
2033,-0.348,5.000,5.008,8,"student_top_inst/Core_cpu/u_core_top/u_dcache/u_tag_bank/mem_q_reg/CLKBWRCLK","student_top_inst/Core_cpu/u_core_top/exec_q_reg[trans_id][1]/CE","setup"
2034,-0.348,5.000,5.008,8,"student_top_inst/Core_cpu/u_core_top/u_dcache/u_tag_bank/mem_q_reg/CLKBWRCLK","student_top_inst/Core_cpu/u_core_top/exec_q_reg[uop][branch_op][0]/CE","setup"
2035,-0.348,5.000,5.008,8,"student_top_inst/Core_cpu/u_core_top/u_dcache/u_tag_bank/mem_q_reg/CLKBWRCLK","student_top_inst/Core_cpu/u_core_top/exec_q_reg[uop][branch_op][1]/CE","setup"
2036,-0.348,5.000,5.008,8,"student_top_inst/Core_cpu/u_core_top/u_dcache/u_tag_bank/mem_q_reg/CLKBWRCLK","student_top_inst/Core_cpu/u_core_top/exec_q_reg[uop][imm][24]/CE","setup"
2037,-0.348,5.000,5.008,8,"student_top_inst/Core_cpu/u_core_top/u_dcache/u_tag_bank/mem_q_reg/CLKBWRCLK","student_top_inst/Core_cpu/u_core_top/exec_q_reg[uop][imm][8]/CE","setup"
2038,-0.348,5.000,5.008,8,"student_top_inst/Core_cpu/u_core_top/u_dcache/u_tag_bank/mem_q_reg/CLKBWRCLK","student_top_inst/Core_cpu/u_core_top/exec_q_reg[uop][pc][22]/CE","setup"
2039,-0.348,5.000,4.566,0,"student_top_inst/cpu_rst_sync_reg/C","student_top_inst/Core_cpu/u_core_top/u_perf_counters/cycle_o_reg[52]/R","setup"
2040,-0.348,5.000,4.566,0,"student_top_inst/cpu_rst_sync_reg/C","student_top_inst/Core_cpu/u_core_top/u_perf_counters/cycle_o_reg[53]/R","setup"
2041,-0.348,5.000,4.566,0,"student_top_inst/cpu_rst_sync_reg/C","student_top_inst/Core_cpu/u_core_top/u_perf_counters/cycle_o_reg[54]/R","setup"
2042,-0.348,5.000,4.566,0,"student_top_inst/cpu_rst_sync_reg/C","student_top_inst/Core_cpu/u_core_top/u_perf_counters/cycle_o_reg[55]/R","setup"
2043,-0.348,5.000,5.024,7,"student_top_inst/Core_cpu/u_core_top/u_dcache/u_tag_bank/mem_q_reg/CLKBWRCLK","student_top_inst/Core_cpu/u_core_top/scoreboard_q_reg[7][csr_addr][0]/CE","setup"
2044,-0.348,5.000,5.024,7,"student_top_inst/Core_cpu/u_core_top/u_dcache/u_tag_bank/mem_q_reg/CLKBWRCLK","student_top_inst/Core_cpu/u_core_top/scoreboard_q_reg[7][csr_addr][5]/CE","setup"
2045,-0.348,5.000,5.024,7,"student_top_inst/Core_cpu/u_core_top/u_dcache/u_tag_bank/mem_q_reg/CLKBWRCLK","student_top_inst/Core_cpu/u_core_top/scoreboard_q_reg[7][csr_addr][6]/CE","setup"
2046,-0.348,5.000,5.024,7,"student_top_inst/Core_cpu/u_core_top/u_dcache/u_tag_bank/mem_q_reg/CLKBWRCLK","student_top_inst/Core_cpu/u_core_top/scoreboard_q_reg[7][csr_addr][9]/CE","setup"
2047,-0.348,5.000,5.024,7,"student_top_inst/Core_cpu/u_core_top/u_dcache/u_tag_bank/mem_q_reg/CLKBWRCLK","student_top_inst/Core_cpu/u_core_top/scoreboard_q_reg[7][pc][10]/CE","setup"
2048,-0.348,5.000,5.024,7,"student_top_inst/Core_cpu/u_core_top/u_dcache/u_tag_bank/mem_q_reg/CLKBWRCLK","student_top_inst/Core_cpu/u_core_top/scoreboard_q_reg[7][pc][13]/CE","setup"
2049,-0.348,5.000,5.024,7,"student_top_inst/Core_cpu/u_core_top/u_dcache/u_tag_bank/mem_q_reg/CLKBWRCLK","student_top_inst/Core_cpu/u_core_top/scoreboard_q_reg[7][pc][27]/CE","setup"
2050,-0.348,5.000,5.024,7,"student_top_inst/Core_cpu/u_core_top/u_dcache/u_tag_bank/mem_q_reg/CLKBWRCLK","student_top_inst/Core_cpu/u_core_top/scoreboard_q_reg[7][pc][30]/CE","setup"
2051,-0.347,5.000,5.005,7,"student_top_inst/Core_cpu/u_core_top/u_dcache/u_tag_bank/mem_q_reg/CLKBWRCLK","student_top_inst/Core_cpu/u_core_top/scoreboard_q_reg[7][result][16]/CE","setup"
2052,-0.347,5.000,5.005,7,"student_top_inst/Core_cpu/u_core_top/u_dcache/u_tag_bank/mem_q_reg/CLKBWRCLK","student_top_inst/Core_cpu/u_core_top/scoreboard_q_reg[7][result][17]/CE","setup"
2053,-0.347,5.000,5.005,7,"student_top_inst/Core_cpu/u_core_top/u_dcache/u_tag_bank/mem_q_reg/CLKBWRCLK","student_top_inst/Core_cpu/u_core_top/scoreboard_q_reg[7][result][20]/CE","setup"
2054,-0.347,5.000,5.005,7,"student_top_inst/Core_cpu/u_core_top/u_dcache/u_tag_bank/mem_q_reg/CLKBWRCLK","student_top_inst/Core_cpu/u_core_top/scoreboard_q_reg[7][result][22]/CE","setup"
2055,-0.347,5.000,5.009,7,"student_top_inst/Core_cpu/u_core_top/u_dcache/u_tag_bank/mem_q_reg/CLKBWRCLK","student_top_inst/Core_cpu/u_core_top/scoreboard_q_reg[2][is_return]/CE","setup"
2056,-0.347,5.000,5.029,8,"student_top_inst/Core_cpu/u_core_top/u_dcache/u_tag_bank/mem_q_reg/CLKBWRCLK","student_top_inst/Core_cpu/u_core_top/exec_mem_addr_q_reg[10]/CE","setup"
2057,-0.347,5.000,5.029,8,"student_top_inst/Core_cpu/u_core_top/u_dcache/u_tag_bank/mem_q_reg/CLKBWRCLK","student_top_inst/Core_cpu/u_core_top/exec_mem_addr_q_reg[11]/CE","setup"
2058,-0.347,5.000,5.029,8,"student_top_inst/Core_cpu/u_core_top/u_dcache/u_tag_bank/mem_q_reg/CLKBWRCLK","student_top_inst/Core_cpu/u_core_top/exec_mem_addr_q_reg[8]/CE","setup"
2059,-0.347,5.000,5.029,8,"student_top_inst/Core_cpu/u_core_top/u_dcache/u_tag_bank/mem_q_reg/CLKBWRCLK","student_top_inst/Core_cpu/u_core_top/exec_mem_addr_q_reg[9]/CE","setup"
2060,-0.347,5.000,5.005,7,"student_top_inst/Core_cpu/u_core_top/u_dcache/u_tag_bank/mem_q_reg/CLKBWRCLK","student_top_inst/Core_cpu/u_core_top/scoreboard_q_reg[3][csr_src][16]/CE","setup"
2061,-0.347,5.000,5.005,7,"student_top_inst/Core_cpu/u_core_top/u_dcache/u_tag_bank/mem_q_reg/CLKBWRCLK","student_top_inst/Core_cpu/u_core_top/scoreboard_q_reg[3][csr_src][17]/CE","setup"
2062,-0.347,5.000,5.005,7,"student_top_inst/Core_cpu/u_core_top/u_dcache/u_tag_bank/mem_q_reg/CLKBWRCLK","student_top_inst/Core_cpu/u_core_top/scoreboard_q_reg[3][csr_src][19]/CE","setup"
2063,-0.347,5.000,5.005,7,"student_top_inst/Core_cpu/u_core_top/u_dcache/u_tag_bank/mem_q_reg/CLKBWRCLK","student_top_inst/Core_cpu/u_core_top/scoreboard_q_reg[3][csr_src][21]/CE","setup"
2064,-0.347,5.000,5.005,7,"student_top_inst/Core_cpu/u_core_top/u_dcache/u_tag_bank/mem_q_reg/CLKBWRCLK","student_top_inst/Core_cpu/u_core_top/scoreboard_q_reg[3][csr_src][23]/CE","setup"
2065,-0.347,5.000,5.005,7,"student_top_inst/Core_cpu/u_core_top/u_dcache/u_tag_bank/mem_q_reg/CLKBWRCLK","student_top_inst/Core_cpu/u_core_top/scoreboard_q_reg[3][csr_src][27]/CE","setup"
2066,-0.347,5.000,5.005,7,"student_top_inst/Core_cpu/u_core_top/u_dcache/u_tag_bank/mem_q_reg/CLKBWRCLK","student_top_inst/Core_cpu/u_core_top/scoreboard_q_reg[3][csr_src][3]/CE","setup"
2067,-0.347,5.000,5.283,10,"student_top_inst/Core_cpu/u_core_top/u_dcache/u_tag_bank/mem_q_reg/CLKBWRCLK","student_top_inst/Core_cpu/u_core_top/u_dmem_regslice/req_wdata_q_reg[25]/D","setup"
2068,-0.346,5.000,5.132,0,"student_top_inst/Core_cpu/u_core_top/u_dmem_regslice/req_addr_q_reg[7]/C","student_top_inst/mem_bridge/dram_adapter/dram/U0/inst_blk_mem_gen/gnbram.gnativebmg.native_blk_mem_gen/valid.cstr/ramloop[11].ram.r/prim_init.ram/DEVICE_7SERIES.NO_BMM_INFO.SP.SIMPLE_PRIM36.ram/ADDRARDADDR[8]","setup"
2069,-0.346,5.000,5.035,7,"student_top_inst/Core_cpu/u_core_top/u_dcache/u_tag_bank/mem_q_reg/CLKBWRCLK","student_top_inst/Core_cpu/u_core_top/id_uop_q_reg[pred_next_pc][12]/CE","setup"
2070,-0.346,5.000,5.035,7,"student_top_inst/Core_cpu/u_core_top/u_dcache/u_tag_bank/mem_q_reg/CLKBWRCLK","student_top_inst/Core_cpu/u_core_top/id_uop_q_reg[pred_next_pc][13]/CE","setup"
2071,-0.346,5.000,5.035,7,"student_top_inst/Core_cpu/u_core_top/u_dcache/u_tag_bank/mem_q_reg/CLKBWRCLK","student_top_inst/Core_cpu/u_core_top/id_uop_q_reg[pred_next_pc][14]/CE","setup"
2072,-0.346,5.000,5.035,7,"student_top_inst/Core_cpu/u_core_top/u_dcache/u_tag_bank/mem_q_reg/CLKBWRCLK","student_top_inst/Core_cpu/u_core_top/id_uop_q_reg[pred_next_pc][15]/CE","setup"
2073,-0.346,5.000,5.035,7,"student_top_inst/Core_cpu/u_core_top/u_dcache/u_tag_bank/mem_q_reg/CLKBWRCLK","student_top_inst/Core_cpu/u_core_top/id_uop_q_reg[pred_next_pc][16]/CE","setup"
2074,-0.346,5.000,5.035,7,"student_top_inst/Core_cpu/u_core_top/u_dcache/u_tag_bank/mem_q_reg/CLKBWRCLK","student_top_inst/Core_cpu/u_core_top/id_uop_q_reg[pred_next_pc][17]/CE","setup"
2075,-0.346,5.000,5.043,9,"student_top_inst/Core_cpu/u_core_top/scoreboard_q_reg[3][fu][1]/C","student_top_inst/Core_cpu/u_core_top/scoreboard_q_reg[6][csr_src][10]/CE","setup"
2076,-0.346,5.000,5.043,9,"student_top_inst/Core_cpu/u_core_top/scoreboard_q_reg[3][fu][1]/C","student_top_inst/Core_cpu/u_core_top/scoreboard_q_reg[6][csr_src][11]/CE","setup"
2077,-0.346,5.000,5.043,9,"student_top_inst/Core_cpu/u_core_top/scoreboard_q_reg[3][fu][1]/C","student_top_inst/Core_cpu/u_core_top/scoreboard_q_reg[6][csr_src][13]/CE","setup"
2078,-0.346,5.000,5.043,9,"student_top_inst/Core_cpu/u_core_top/scoreboard_q_reg[3][fu][1]/C","student_top_inst/Core_cpu/u_core_top/scoreboard_q_reg[6][csr_src][14]/CE","setup"
2079,-0.346,5.000,5.043,9,"student_top_inst/Core_cpu/u_core_top/scoreboard_q_reg[3][fu][1]/C","student_top_inst/Core_cpu/u_core_top/scoreboard_q_reg[6][csr_src][18]/CE","setup"
2080,-0.346,5.000,5.043,9,"student_top_inst/Core_cpu/u_core_top/scoreboard_q_reg[3][fu][1]/C","student_top_inst/Core_cpu/u_core_top/scoreboard_q_reg[6][csr_src][22]/CE","setup"
2081,-0.346,5.000,5.043,9,"student_top_inst/Core_cpu/u_core_top/scoreboard_q_reg[3][fu][1]/C","student_top_inst/Core_cpu/u_core_top/scoreboard_q_reg[6][csr_src][5]/CE","setup"
2082,-0.346,5.000,5.043,9,"student_top_inst/Core_cpu/u_core_top/scoreboard_q_reg[3][fu][1]/C","student_top_inst/Core_cpu/u_core_top/scoreboard_q_reg[6][csr_src][6]/CE","setup"
2083,-0.346,5.000,5.238,9,"student_top_inst/Core_cpu/u_core_top/u_dcache/u_tag_bank/mem_q_reg/CLKBWRCLK","student_top_inst/Core_cpu/u_core_top/scoreboard_q_reg[2][result][11]/D","setup"
2084,-0.346,5.000,5.270,10,"student_top_inst/Core_cpu/u_core_top/u_dcache/u_tag_bank/mem_q_reg/CLKBWRCLK","student_top_inst/Core_cpu/u_core_top/u_dmem_regslice/req_wdata_q_reg[16]/D","setup"
2085,-0.346,5.000,4.925,7,"student_top_inst/Core_cpu/u_core_top/u_dcache/u_tag_bank/mem_q_reg/CLKBWRCLK","student_top_inst/Core_cpu/u_core_top/scoreboard_q_reg[4][result][16]/R","setup"
2086,-0.346,5.000,4.925,7,"student_top_inst/Core_cpu/u_core_top/u_dcache/u_tag_bank/mem_q_reg/CLKBWRCLK","student_top_inst/Core_cpu/u_core_top/scoreboard_q_reg[4][result][21]/R","setup"
2087,-0.346,5.000,4.925,7,"student_top_inst/Core_cpu/u_core_top/u_dcache/u_tag_bank/mem_q_reg/CLKBWRCLK","student_top_inst/Core_cpu/u_core_top/scoreboard_q_reg[4][result][29]/R","setup"
2088,-0.345,5.000,5.009,7,"student_top_inst/Core_cpu/u_core_top/u_dcache/u_tag_bank/mem_q_reg/CLKBWRCLK","student_top_inst/Core_cpu/u_core_top/scoreboard_q_reg[3][csr_src][18]/CE","setup"
2089,-0.345,5.000,5.009,7,"student_top_inst/Core_cpu/u_core_top/u_dcache/u_tag_bank/mem_q_reg/CLKBWRCLK","student_top_inst/Core_cpu/u_core_top/scoreboard_q_reg[3][csr_src][22]/CE","setup"
2090,-0.345,5.000,5.308,12,"student_top_inst/Core_cpu/u_core_top/store_head_q_reg[1]/C","student_top_inst/Core_cpu/u_core_top/load_q_reg[0][forward_data][11]/D","setup"
2091,-0.345,5.000,4.844,5,"student_top_inst/mem_bridge/dram_adapter/dram/U0/inst_blk_mem_gen/gnbram.gnativebmg.native_blk_mem_gen/valid.cstr/ramloop[10].ram.r/prim_init.ram/DEVICE_7SERIES.NO_BMM_INFO.SP.SIMPLE_PRIM36.ram/CLKARDCLK","student_top_inst/Core_cpu/u_core_top/u_dmem_regslice/resp_rdata_q_reg[1]/D","setup"
2092,-0.345,5.000,5.043,9,"student_top_inst/Core_cpu/u_core_top/scoreboard_q_reg[3][fu][1]/C","student_top_inst/Core_cpu/u_core_top/scoreboard_q_reg[1][csr_src][0]/CE","setup"
2093,-0.345,5.000,5.043,9,"student_top_inst/Core_cpu/u_core_top/scoreboard_q_reg[3][fu][1]/C","student_top_inst/Core_cpu/u_core_top/scoreboard_q_reg[1][csr_src][12]/CE","setup"
2094,-0.345,5.000,5.043,9,"student_top_inst/Core_cpu/u_core_top/scoreboard_q_reg[3][fu][1]/C","student_top_inst/Core_cpu/u_core_top/scoreboard_q_reg[1][csr_src][29]/CE","setup"
2095,-0.345,5.000,5.043,9,"student_top_inst/Core_cpu/u_core_top/scoreboard_q_reg[3][fu][1]/C","student_top_inst/Core_cpu/u_core_top/scoreboard_q_reg[1][csr_src][9]/CE","setup"
2096,-0.344,5.000,5.238,8,"student_top_inst/Core_cpu/u_core_top/u_dcache/u_tag_bank/mem_q_reg/CLKBWRCLK","student_top_inst/Core_cpu/u_core_top/scoreboard_q_reg[3][result][0]/D","setup"
2097,-0.344,5.000,5.243,8,"student_top_inst/Core_cpu/u_core_top/u_dcache/u_tag_bank/mem_q_reg/CLKBWRCLK","student_top_inst/Core_cpu/u_core_top/scoreboard_q_reg[1][result][10]/D","setup"
2098,-0.344,5.000,4.999,7,"student_top_inst/Core_cpu/u_core_top/u_dcache/u_tag_bank/mem_q_reg/CLKBWRCLK","student_top_inst/Core_cpu/u_core_top/scoreboard_q_reg[2][csr_src][11]/CE","setup"
2099,-0.344,5.000,4.999,7,"student_top_inst/Core_cpu/u_core_top/u_dcache/u_tag_bank/mem_q_reg/CLKBWRCLK","student_top_inst/Core_cpu/u_core_top/scoreboard_q_reg[2][csr_src][2]/CE","setup"
2100,-0.344,5.000,4.999,7,"student_top_inst/Core_cpu/u_core_top/u_dcache/u_tag_bank/mem_q_reg/CLKBWRCLK","student_top_inst/Core_cpu/u_core_top/scoreboard_q_reg[2][csr_src][31]/CE","setup"
2101,-0.344,5.000,4.999,7,"student_top_inst/Core_cpu/u_core_top/u_dcache/u_tag_bank/mem_q_reg/CLKBWRCLK","student_top_inst/Core_cpu/u_core_top/scoreboard_q_reg[2][csr_src][5]/CE","setup"
2102,-0.344,5.000,4.999,7,"student_top_inst/Core_cpu/u_core_top/u_dcache/u_tag_bank/mem_q_reg/CLKBWRCLK","student_top_inst/Core_cpu/u_core_top/scoreboard_q_reg[2][csr_src][6]/CE","setup"
2103,-0.343,5.000,4.997,7,"student_top_inst/Core_cpu/u_core_top/u_dcache/u_tag_bank/mem_q_reg/CLKBWRCLK","student_top_inst/Core_cpu/u_core_top/scoreboard_q_reg[2][csr_addr][7]/CE","setup"
2104,-0.343,5.000,4.997,7,"student_top_inst/Core_cpu/u_core_top/u_dcache/u_tag_bank/mem_q_reg/CLKBWRCLK","student_top_inst/Core_cpu/u_core_top/scoreboard_q_reg[2][csr_addr][9]/CE","setup"
2105,-0.343,5.000,4.997,7,"student_top_inst/Core_cpu/u_core_top/u_dcache/u_tag_bank/mem_q_reg/CLKBWRCLK","student_top_inst/Core_cpu/u_core_top/scoreboard_q_reg[2][pc][6]/CE","setup"
2106,-0.343,5.000,4.997,7,"student_top_inst/Core_cpu/u_core_top/u_dcache/u_tag_bank/mem_q_reg/CLKBWRCLK","student_top_inst/Core_cpu/u_core_top/scoreboard_q_reg[2][rd][1]/CE","setup"
2107,-0.343,5.000,4.997,7,"student_top_inst/Core_cpu/u_core_top/u_dcache/u_tag_bank/mem_q_reg/CLKBWRCLK","student_top_inst/Core_cpu/u_core_top/scoreboard_q_reg[2][rd][2]/CE","setup"
2108,-0.343,5.000,5.281,10,"student_top_inst/Core_cpu/u_core_top/u_dcache/u_tag_bank/mem_q_reg/CLKBWRCLK","student_top_inst/Core_cpu/u_core_top/u_dmem_regslice/req_wstrb_q_reg[3]/D","setup"
2109,-0.343,5.000,5.004,7,"student_top_inst/Core_cpu/u_core_top/u_dcache/u_tag_bank/mem_q_reg/CLKBWRCLK","student_top_inst/Core_cpu/u_core_top/scoreboard_q_reg[3][csr_src][13]/CE","setup"
2110,-0.343,5.000,5.004,7,"student_top_inst/Core_cpu/u_core_top/u_dcache/u_tag_bank/mem_q_reg/CLKBWRCLK","student_top_inst/Core_cpu/u_core_top/scoreboard_q_reg[3][csr_src][20]/CE","setup"
2111,-0.343,5.000,5.004,7,"student_top_inst/Core_cpu/u_core_top/u_dcache/u_tag_bank/mem_q_reg/CLKBWRCLK","student_top_inst/Core_cpu/u_core_top/scoreboard_q_reg[3][csr_src][25]/CE","setup"
2112,-0.343,5.000,5.004,7,"student_top_inst/Core_cpu/u_core_top/u_dcache/u_tag_bank/mem_q_reg/CLKBWRCLK","student_top_inst/Core_cpu/u_core_top/scoreboard_q_reg[3][csr_src][28]/CE","setup"
2113,-0.343,5.000,5.004,7,"student_top_inst/Core_cpu/u_core_top/u_dcache/u_tag_bank/mem_q_reg/CLKBWRCLK","student_top_inst/Core_cpu/u_core_top/scoreboard_q_reg[3][csr_src][29]/CE","setup"
2114,-0.343,5.000,5.004,7,"student_top_inst/Core_cpu/u_core_top/u_dcache/u_tag_bank/mem_q_reg/CLKBWRCLK","student_top_inst/Core_cpu/u_core_top/scoreboard_q_reg[3][csr_src][7]/CE","setup"
2115,-0.343,5.000,5.004,7,"student_top_inst/Core_cpu/u_core_top/u_dcache/u_tag_bank/mem_q_reg/CLKBWRCLK","student_top_inst/Core_cpu/u_core_top/scoreboard_q_reg[3][csr_src][8]/CE","setup"
2116,-0.343,5.000,5.004,7,"student_top_inst/Core_cpu/u_core_top/u_dcache/u_tag_bank/mem_q_reg/CLKBWRCLK","student_top_inst/Core_cpu/u_core_top/scoreboard_q_reg[3][csr_src][9]/CE","setup"
2117,-0.343,5.000,5.266,10,"student_top_inst/Core_cpu/u_core_top/u_dcache/u_tag_bank/mem_q_reg/CLKBWRCLK","student_top_inst/Core_cpu/u_core_top/u_dmem_regslice/req_addr_q_reg[23]/D","setup"
2118,-0.343,5.000,4.898,7,"student_top_inst/Core_cpu/u_core_top/u_dcache/u_tag_bank/mem_q_reg/CLKBWRCLK","student_top_inst/Core_cpu/u_core_top/scoreboard_q_reg[3][result][30]/R","setup"
2119,-0.342,5.000,5.280,10,"student_top_inst/Core_cpu/u_core_top/u_dcache/u_tag_bank/mem_q_reg/CLKBWRCLK","student_top_inst/Core_cpu/u_core_top/u_dmem_regslice/req_wdata_q_reg[29]/D","setup"
2120,-0.342,5.000,5.268,9,"student_top_inst/Core_cpu/u_core_top/u_dcache/u_tag_bank/mem_q_reg/CLKBWRCLK","student_top_inst/Core_cpu/u_core_top/scoreboard_q_reg[5][result][8]/D","setup"
2121,-0.342,5.000,5.234,9,"student_top_inst/Core_cpu/u_core_top/u_dcache/u_tag_bank/mem_q_reg/CLKBWRCLK","student_top_inst/Core_cpu/u_core_top/scoreboard_q_reg[4][result][20]/D","setup"
2122,-0.341,5.000,5.038,9,"student_top_inst/Core_cpu/u_core_top/scoreboard_q_reg[3][fu][1]/C","student_top_inst/Core_cpu/u_core_top/scoreboard_q_reg[6][csr_addr][11]/CE","setup"
2123,-0.341,5.000,5.038,9,"student_top_inst/Core_cpu/u_core_top/scoreboard_q_reg[3][fu][1]/C","student_top_inst/Core_cpu/u_core_top/scoreboard_q_reg[6][csr_addr][5]/CE","setup"
2124,-0.341,5.000,5.038,9,"student_top_inst/Core_cpu/u_core_top/scoreboard_q_reg[3][fu][1]/C","student_top_inst/Core_cpu/u_core_top/scoreboard_q_reg[6][csr_addr][8]/CE","setup"
2125,-0.341,5.000,5.038,9,"student_top_inst/Core_cpu/u_core_top/scoreboard_q_reg[3][fu][1]/C","student_top_inst/Core_cpu/u_core_top/scoreboard_q_reg[6][pc][26]/CE","setup"
2126,-0.341,5.000,5.038,9,"student_top_inst/Core_cpu/u_core_top/scoreboard_q_reg[3][fu][1]/C","student_top_inst/Core_cpu/u_core_top/scoreboard_q_reg[6][pc][29]/CE","setup"
2127,-0.341,5.000,5.238,8,"student_top_inst/Core_cpu/u_core_top/u_dcache/u_tag_bank/mem_q_reg/CLKBWRCLK","student_top_inst/Core_cpu/u_core_top/scoreboard_q_reg[2][result][10]/D","setup"
2128,-0.341,5.000,5.169,8,"student_top_inst/Core_cpu/u_core_top/u_dcache/u_tag_bank/mem_q_reg/CLKBWRCLK","student_top_inst/Core_cpu/u_core_top/scoreboard_q_reg[3][exception_tval][28]/D","setup"
2129,-0.341,5.000,4.860,8,"student_top_inst/Core_cpu/u_core_top/scoreboard_q_reg[3][fu][1]/C","student_top_inst/Core_cpu/u_core_top/u_dcache/g_data_bank[0].u_data_bank/mem_q_reg_0/ADDRARDADDR[7]","setup"
2130,-0.341,5.000,5.235,8,"student_top_inst/Core_cpu/u_core_top/u_dcache/u_tag_bank/mem_q_reg/CLKBWRCLK","student_top_inst/Core_cpu/u_core_top/scoreboard_q_reg[0][exception_tval][0]/D","setup"
2131,-0.340,5.000,5.242,7,"student_top_inst/Core_cpu/u_core_top/commit_ptr_q_reg[2]_rep/C","student_top_inst/Core_cpu/u_core_top/u_csr/mtval_q_reg[26]/D","setup"
2132,-0.340,5.000,5.129,0,"student_top_inst/Core_cpu/u_core_top/u_dmem_regslice/req_addr_q_reg[6]/C","student_top_inst/mem_bridge/dram_adapter/dram/U0/inst_blk_mem_gen/gnbram.gnativebmg.native_blk_mem_gen/valid.cstr/ramloop[10].ram.r/prim_init.ram/DEVICE_7SERIES.NO_BMM_INFO.SP.SIMPLE_PRIM36.ram/ADDRARDADDR[7]","setup"
2133,-0.340,5.000,5.275,10,"student_top_inst/Core_cpu/u_core_top/u_dcache/u_tag_bank/mem_q_reg/CLKBWRCLK","student_top_inst/Core_cpu/u_core_top/u_dmem_regslice/req_wdata_q_reg[19]/D","setup"
2134,-0.339,5.000,5.263,11,"student_top_inst/Core_cpu/u_core_top/store_head_q_reg[1]/C","student_top_inst/Core_cpu/u_core_top/load_q_reg[1][forward_data][12]/D","setup"
2135,-0.338,5.000,5.026,7,"student_top_inst/Core_cpu/u_core_top/u_dcache/u_tag_bank/mem_q_reg/CLKBWRCLK","student_top_inst/Core_cpu/u_core_top/id_uop_q_reg[pred_next_pc][18]/CE","setup"
2136,-0.338,5.000,5.026,7,"student_top_inst/Core_cpu/u_core_top/u_dcache/u_tag_bank/mem_q_reg/CLKBWRCLK","student_top_inst/Core_cpu/u_core_top/id_uop_q_reg[pred_next_pc][19]/CE","setup"
2137,-0.338,5.000,5.026,7,"student_top_inst/Core_cpu/u_core_top/u_dcache/u_tag_bank/mem_q_reg/CLKBWRCLK","student_top_inst/Core_cpu/u_core_top/id_uop_q_reg[pred_next_pc][20]/CE","setup"
2138,-0.338,5.000,5.026,7,"student_top_inst/Core_cpu/u_core_top/u_dcache/u_tag_bank/mem_q_reg/CLKBWRCLK","student_top_inst/Core_cpu/u_core_top/id_uop_q_reg[pred_next_pc][21]/CE","setup"
2139,-0.338,5.000,5.026,7,"student_top_inst/Core_cpu/u_core_top/u_dcache/u_tag_bank/mem_q_reg/CLKBWRCLK","student_top_inst/Core_cpu/u_core_top/id_uop_q_reg[pred_next_pc][22]/CE","setup"
2140,-0.338,5.000,5.026,7,"student_top_inst/Core_cpu/u_core_top/u_dcache/u_tag_bank/mem_q_reg/CLKBWRCLK","student_top_inst/Core_cpu/u_core_top/id_uop_q_reg[pred_next_pc][23]/CE","setup"
2141,-0.338,5.000,5.071,0,"student_top_inst/Core_cpu/u_core_top/u_dmem_regslice/req_addr_q_reg[7]/C","student_top_inst/mem_bridge/dram_adapter/dram/U0/inst_blk_mem_gen/gnbram.gnativebmg.native_blk_mem_gen/valid.cstr/ramloop[5].ram.r/prim_init.ram/DEVICE_7SERIES.NO_BMM_INFO.SP.SIMPLE_PRIM36.ram/ADDRARDADDR[8]","setup"
2142,-0.338,5.000,5.028,9,"student_top_inst/Core_cpu/u_core_top/scoreboard_q_reg[3][fu][1]/C","student_top_inst/Core_cpu/u_core_top/scoreboard_q_reg[1][csr_addr][10]/CE","setup"
2143,-0.338,5.000,5.028,9,"student_top_inst/Core_cpu/u_core_top/scoreboard_q_reg[3][fu][1]/C","student_top_inst/Core_cpu/u_core_top/scoreboard_q_reg[1][csr_addr][7]/CE","setup"
2144,-0.338,5.000,5.028,9,"student_top_inst/Core_cpu/u_core_top/scoreboard_q_reg[3][fu][1]/C","student_top_inst/Core_cpu/u_core_top/scoreboard_q_reg[1][pc][16]/CE","setup"
2145,-0.338,5.000,5.028,9,"student_top_inst/Core_cpu/u_core_top/scoreboard_q_reg[3][fu][1]/C","student_top_inst/Core_cpu/u_core_top/scoreboard_q_reg[1][rd][0]/CE","setup"
2146,-0.338,5.000,5.028,9,"student_top_inst/Core_cpu/u_core_top/scoreboard_q_reg[3][fu][1]/C","student_top_inst/Core_cpu/u_core_top/scoreboard_q_reg[1][rd][1]/CE","setup"
2147,-0.338,5.000,5.130,0,"student_top_inst/Core_cpu/u_core_top/u_dmem_regslice/req_addr_q_reg[4]/C","student_top_inst/mem_bridge/dram_adapter/dram/U0/inst_blk_mem_gen/gnbram.gnativebmg.native_blk_mem_gen/valid.cstr/ramloop[5].ram.r/prim_init.ram/DEVICE_7SERIES.NO_BMM_INFO.SP.SIMPLE_PRIM36.ram/ADDRARDADDR[5]","setup"
2148,-0.338,5.000,5.233,9,"student_top_inst/Core_cpu/u_core_top/u_dcache/u_tag_bank/mem_q_reg/CLKBWRCLK","student_top_inst/Core_cpu/u_core_top/scoreboard_q_reg[0][result][18]/D","setup"
2149,-0.337,5.000,4.833,0,"student_top_inst/cpu_rst_sync_reg/C","student_top_inst/Core_cpu/u_core_top/id_uop_q_reg[branch_op][0]/R","setup"
2150,-0.337,5.000,4.833,0,"student_top_inst/cpu_rst_sync_reg/C","student_top_inst/Core_cpu/u_core_top/id_uop_q_reg[branch_op][1]/R","setup"
2151,-0.337,5.000,4.833,0,"student_top_inst/cpu_rst_sync_reg/C","student_top_inst/Core_cpu/u_core_top/id_uop_q_reg[exception_tval][13]/R","setup"
2152,-0.337,5.000,4.833,0,"student_top_inst/cpu_rst_sync_reg/C","student_top_inst/Core_cpu/u_core_top/id_uop_q_reg[exception_tval][8]/R","setup"
2153,-0.337,5.000,4.833,0,"student_top_inst/cpu_rst_sync_reg/C","student_top_inst/Core_cpu/u_core_top/id_uop_q_reg[exception_tval][9]/R","setup"
2154,-0.337,5.000,4.833,0,"student_top_inst/cpu_rst_sync_reg/C","student_top_inst/Core_cpu/u_core_top/id_uop_q_reg[imm][12]/R","setup"
2155,-0.337,5.000,4.833,0,"student_top_inst/cpu_rst_sync_reg/C","student_top_inst/Core_cpu/u_core_top/id_uop_q_reg[imm][1]/R","setup"
2156,-0.337,5.000,4.833,0,"student_top_inst/cpu_rst_sync_reg/C","student_top_inst/Core_cpu/u_core_top/id_uop_q_reg[imm][6]/R","setup"
2157,-0.337,5.000,5.299,12,"student_top_inst/Core_cpu/u_core_top/store_head_q_reg[1]/C","student_top_inst/Core_cpu/u_core_top/load_active_meta_q_reg[forward_data][4]/D","setup"
2158,-0.337,5.000,5.273,10,"student_top_inst/Core_cpu/u_core_top/u_dcache/u_tag_bank/mem_q_reg/CLKBWRCLK","student_top_inst/Core_cpu/u_core_top/u_dmem_regslice/req_wdata_q_reg[31]/D","setup"
2159,-0.337,5.000,5.265,8,"student_top_inst/Core_cpu/u_core_top/u_dcache/u_tag_bank/mem_q_reg/CLKBWRCLK","student_top_inst/Core_cpu/u_core_top/producer_valid_q_reg[25]/D","setup"
2160,-0.336,5.000,4.748,0,"student_top_inst/cpu_rst_sync_reg/C","student_top_inst/Core_cpu/u_core_top/u_perf_counters/commit_o_reg[40]/R","setup"
2161,-0.336,5.000,4.748,0,"student_top_inst/cpu_rst_sync_reg/C","student_top_inst/Core_cpu/u_core_top/u_perf_counters/commit_o_reg[41]/R","setup"
2162,-0.336,5.000,4.748,0,"student_top_inst/cpu_rst_sync_reg/C","student_top_inst/Core_cpu/u_core_top/u_perf_counters/commit_o_reg[42]/R","setup"
2163,-0.336,5.000,4.748,0,"student_top_inst/cpu_rst_sync_reg/C","student_top_inst/Core_cpu/u_core_top/u_perf_counters/commit_o_reg[43]/R","setup"
2164,-0.336,5.000,5.035,9,"student_top_inst/Core_cpu/u_core_top/scoreboard_q_reg[3][fu][1]/C","student_top_inst/Core_cpu/u_core_top/scoreboard_q_reg[6][link_addr][12]/CE","setup"
2165,-0.336,5.000,5.035,9,"student_top_inst/Core_cpu/u_core_top/scoreboard_q_reg[3][fu][1]/C","student_top_inst/Core_cpu/u_core_top/scoreboard_q_reg[6][link_addr][24]/CE","setup"
2166,-0.336,5.000,5.035,9,"student_top_inst/Core_cpu/u_core_top/scoreboard_q_reg[3][fu][1]/C","student_top_inst/Core_cpu/u_core_top/scoreboard_q_reg[6][link_addr][2]/CE","setup"
2167,-0.336,5.000,5.035,9,"student_top_inst/Core_cpu/u_core_top/scoreboard_q_reg[3][fu][1]/C","student_top_inst/Core_cpu/u_core_top/scoreboard_q_reg[6][link_addr][31]/CE","setup"
2168,-0.336,5.000,5.035,9,"student_top_inst/Core_cpu/u_core_top/scoreboard_q_reg[3][fu][1]/C","student_top_inst/Core_cpu/u_core_top/scoreboard_q_reg[6][link_addr][4]/CE","setup"
2169,-0.336,5.000,5.035,9,"student_top_inst/Core_cpu/u_core_top/scoreboard_q_reg[3][fu][1]/C","student_top_inst/Core_cpu/u_core_top/scoreboard_q_reg[6][link_addr][7]/CE","setup"
2170,-0.336,5.000,5.035,9,"student_top_inst/Core_cpu/u_core_top/scoreboard_q_reg[3][fu][1]/C","student_top_inst/Core_cpu/u_core_top/scoreboard_q_reg[6][link_addr][9]/CE","setup"
2171,-0.336,5.000,5.035,9,"student_top_inst/Core_cpu/u_core_top/scoreboard_q_reg[3][fu][1]/C","student_top_inst/Core_cpu/u_core_top/scoreboard_q_reg[6][writes_rd]/CE","setup"
2172,-0.336,5.000,5.002,7,"student_top_inst/Core_cpu/u_core_top/u_dcache/u_tag_bank/mem_q_reg/CLKBWRCLK","student_top_inst/Core_cpu/u_core_top/scoreboard_q_reg[2][pc][25]/CE","setup"
2173,-0.335,5.000,5.232,8,"student_top_inst/Core_cpu/u_core_top/u_dcache/u_tag_bank/mem_q_reg/CLKBWRCLK","student_top_inst/Core_cpu/u_core_top/scoreboard_q_reg[1][result][6]/D","setup"
2174,-0.335,5.000,4.831,0,"student_top_inst/cpu_rst_sync_reg/C","student_top_inst/Core_cpu/u_core_top/id_uop_q_reg[exception_tval][24]/R","setup"
2175,-0.335,5.000,4.831,0,"student_top_inst/cpu_rst_sync_reg/C","student_top_inst/Core_cpu/u_core_top/id_uop_q_reg[exception_tval][26]/R","setup"
2176,-0.335,5.000,4.831,0,"student_top_inst/cpu_rst_sync_reg/C","student_top_inst/Core_cpu/u_core_top/id_uop_q_reg[fu][0]/R","setup"
2177,-0.335,5.000,4.831,0,"student_top_inst/cpu_rst_sync_reg/C","student_top_inst/Core_cpu/u_core_top/id_uop_q_reg[imm][13]/R","setup"
2178,-0.335,5.000,4.831,0,"student_top_inst/cpu_rst_sync_reg/C","student_top_inst/Core_cpu/u_core_top/id_uop_q_reg[imm][17]/R","setup"
2179,-0.335,5.000,4.831,0,"student_top_inst/cpu_rst_sync_reg/C","student_top_inst/Core_cpu/u_core_top/id_uop_q_reg[is_jal]/R","setup"
2180,-0.335,5.000,4.831,0,"student_top_inst/cpu_rst_sync_reg/C","student_top_inst/Core_cpu/u_core_top/id_uop_q_reg[rd][1]/R","setup"
2181,-0.335,5.000,4.831,0,"student_top_inst/cpu_rst_sync_reg/C","student_top_inst/Core_cpu/u_core_top/id_uop_q_reg[rd][3]/R","setup"
2182,-0.335,5.000,4.552,0,"student_top_inst/cpu_rst_sync_reg/C","student_top_inst/Core_cpu/u_core_top/u_perf_counters/cycle_o_reg[44]/R","setup"
2183,-0.335,5.000,4.552,0,"student_top_inst/cpu_rst_sync_reg/C","student_top_inst/Core_cpu/u_core_top/u_perf_counters/cycle_o_reg[45]/R","setup"
2184,-0.335,5.000,4.552,0,"student_top_inst/cpu_rst_sync_reg/C","student_top_inst/Core_cpu/u_core_top/u_perf_counters/cycle_o_reg[46]/R","setup"
2185,-0.335,5.000,4.552,0,"student_top_inst/cpu_rst_sync_reg/C","student_top_inst/Core_cpu/u_core_top/u_perf_counters/cycle_o_reg[47]/R","setup"
2186,-0.335,5.000,5.236,7,"student_top_inst/Core_cpu/u_core_top/commit_ptr_q_reg[2]_rep/C","student_top_inst/Core_cpu/u_core_top/u_csr/mepc_q_reg[26]/D","setup"
2187,-0.335,5.000,5.264,9,"student_top_inst/Core_cpu/u_core_top/u_dcache/u_tag_bank/mem_q_reg/CLKBWRCLK","student_top_inst/Core_cpu/u_core_top/scoreboard_q_reg[0][result][15]/D","setup"
2188,-0.335,5.000,4.990,7,"student_top_inst/Core_cpu/u_core_top/u_dcache/u_tag_bank/mem_q_reg/CLKBWRCLK","student_top_inst/Core_cpu/u_core_top/scoreboard_q_reg[2][csr_src][12]/CE","setup"
2189,-0.335,5.000,4.990,7,"student_top_inst/Core_cpu/u_core_top/u_dcache/u_tag_bank/mem_q_reg/CLKBWRCLK","student_top_inst/Core_cpu/u_core_top/scoreboard_q_reg[2][csr_src][13]/CE","setup"
2190,-0.335,5.000,4.990,7,"student_top_inst/Core_cpu/u_core_top/u_dcache/u_tag_bank/mem_q_reg/CLKBWRCLK","student_top_inst/Core_cpu/u_core_top/scoreboard_q_reg[2][csr_src][15]/CE","setup"
2191,-0.335,5.000,4.990,7,"student_top_inst/Core_cpu/u_core_top/u_dcache/u_tag_bank/mem_q_reg/CLKBWRCLK","student_top_inst/Core_cpu/u_core_top/scoreboard_q_reg[2][csr_src][16]/CE","setup"
2192,-0.335,5.000,4.990,7,"student_top_inst/Core_cpu/u_core_top/u_dcache/u_tag_bank/mem_q_reg/CLKBWRCLK","student_top_inst/Core_cpu/u_core_top/scoreboard_q_reg[2][csr_src][17]/CE","setup"
2193,-0.335,5.000,4.990,7,"student_top_inst/Core_cpu/u_core_top/u_dcache/u_tag_bank/mem_q_reg/CLKBWRCLK","student_top_inst/Core_cpu/u_core_top/scoreboard_q_reg[2][csr_src][1]/CE","setup"
2194,-0.335,5.000,4.990,7,"student_top_inst/Core_cpu/u_core_top/u_dcache/u_tag_bank/mem_q_reg/CLKBWRCLK","student_top_inst/Core_cpu/u_core_top/scoreboard_q_reg[2][csr_src][4]/CE","setup"
2195,-0.334,5.000,5.227,9,"student_top_inst/Core_cpu/u_core_top/u_dcache/u_tag_bank/mem_q_reg/CLKBWRCLK","student_top_inst/Core_cpu/u_core_top/scoreboard_q_reg[4][result][19]/D","setup"
2196,-0.334,5.000,5.016,7,"student_top_inst/Core_cpu/u_core_top/u_dcache/u_tag_bank/mem_q_reg/CLKBWRCLK","student_top_inst/Core_cpu/u_core_top/scoreboard_q_reg[2][result][16]/CE","setup"
2197,-0.334,5.000,5.016,7,"student_top_inst/Core_cpu/u_core_top/u_dcache/u_tag_bank/mem_q_reg/CLKBWRCLK","student_top_inst/Core_cpu/u_core_top/scoreboard_q_reg[2][result][17]/CE","setup"
2198,-0.334,5.000,5.016,7,"student_top_inst/Core_cpu/u_core_top/u_dcache/u_tag_bank/mem_q_reg/CLKBWRCLK","student_top_inst/Core_cpu/u_core_top/scoreboard_q_reg[2][result][21]/CE","setup"
2199,-0.334,5.000,5.016,7,"student_top_inst/Core_cpu/u_core_top/u_dcache/u_tag_bank/mem_q_reg/CLKBWRCLK","student_top_inst/Core_cpu/u_core_top/scoreboard_q_reg[2][result][22]/CE","setup"
2200,-0.334,5.000,5.234,7,"student_top_inst/Core_cpu/u_core_top/commit_ptr_q_reg[2]_rep/C","student_top_inst/Core_cpu/u_core_top/u_csr/mtval_q_reg[28]/D","setup"
2201,-0.333,5.000,5.265,9,"student_top_inst/Core_cpu/u_core_top/u_dcache/u_tag_bank/mem_q_reg/CLKBWRCLK","student_top_inst/Core_cpu/u_core_top/scoreboard_q_reg[1][result][25]/D","setup"
2202,-0.333,5.000,5.231,9,"student_top_inst/Core_cpu/u_core_top/u_dcache/u_tag_bank/mem_q_reg/CLKBWRCLK","student_top_inst/Core_cpu/u_core_top/scoreboard_q_reg[2][result][26]/D","setup"
2203,-0.333,5.000,5.259,9,"student_top_inst/Core_cpu/u_core_top/u_dcache/u_tag_bank/mem_q_reg/CLKBWRCLK","student_top_inst/Core_cpu/u_core_top/scoreboard_q_reg[6][result][17]/D","setup"
2204,-0.333,5.000,5.023,9,"student_top_inst/Core_cpu/u_core_top/scoreboard_q_reg[3][fu][1]/C","student_top_inst/Core_cpu/u_core_top/scoreboard_q_reg[1][csr_addr][0]/CE","setup"
2205,-0.333,5.000,5.023,9,"student_top_inst/Core_cpu/u_core_top/scoreboard_q_reg[3][fu][1]/C","student_top_inst/Core_cpu/u_core_top/scoreboard_q_reg[1][csr_addr][11]/CE","setup"
2206,-0.333,5.000,5.023,9,"student_top_inst/Core_cpu/u_core_top/scoreboard_q_reg[3][fu][1]/C","student_top_inst/Core_cpu/u_core_top/scoreboard_q_reg[1][csr_addr][1]/CE","setup"
2207,-0.333,5.000,5.023,9,"student_top_inst/Core_cpu/u_core_top/scoreboard_q_reg[3][fu][1]/C","student_top_inst/Core_cpu/u_core_top/scoreboard_q_reg[1][csr_addr][4]/CE","setup"
2208,-0.333,5.000,5.023,9,"student_top_inst/Core_cpu/u_core_top/scoreboard_q_reg[3][fu][1]/C","student_top_inst/Core_cpu/u_core_top/scoreboard_q_reg[1][csr_addr][5]/CE","setup"
2209,-0.333,5.000,5.023,9,"student_top_inst/Core_cpu/u_core_top/scoreboard_q_reg[3][fu][1]/C","student_top_inst/Core_cpu/u_core_top/scoreboard_q_reg[1][csr_addr][8]/CE","setup"
2210,-0.333,5.000,5.023,9,"student_top_inst/Core_cpu/u_core_top/scoreboard_q_reg[3][fu][1]/C","student_top_inst/Core_cpu/u_core_top/scoreboard_q_reg[1][csr_op][0]/CE","setup"
2211,-0.333,5.000,5.023,9,"student_top_inst/Core_cpu/u_core_top/scoreboard_q_reg[3][fu][1]/C","student_top_inst/Core_cpu/u_core_top/scoreboard_q_reg[1][rd][3]/CE","setup"
2212,-0.333,5.000,5.014,8,"student_top_inst/Core_cpu/u_core_top/u_dcache/u_tag_bank/mem_q_reg/CLKBWRCLK","student_top_inst/Core_cpu/u_core_top/exec_mem_addr_q_reg[0]/CE","setup"
2213,-0.333,5.000,5.014,8,"student_top_inst/Core_cpu/u_core_top/u_dcache/u_tag_bank/mem_q_reg/CLKBWRCLK","student_top_inst/Core_cpu/u_core_top/exec_mem_addr_q_reg[1]/CE","setup"
2214,-0.333,5.000,5.014,8,"student_top_inst/Core_cpu/u_core_top/u_dcache/u_tag_bank/mem_q_reg/CLKBWRCLK","student_top_inst/Core_cpu/u_core_top/exec_mem_addr_q_reg[2]/CE","setup"
2215,-0.333,5.000,5.014,8,"student_top_inst/Core_cpu/u_core_top/u_dcache/u_tag_bank/mem_q_reg/CLKBWRCLK","student_top_inst/Core_cpu/u_core_top/exec_mem_addr_q_reg[3]/CE","setup"
2216,-0.332,5.000,5.257,8,"student_top_inst/Core_cpu/u_core_top/u_dcache/u_tag_bank/mem_q_reg/CLKBWRCLK","student_top_inst/Core_cpu/u_core_top/scoreboard_q_reg[0][result][2]/D","setup"
2217,-0.331,5.000,5.241,11,"student_top_inst/Core_cpu/u_core_top/store_head_q_reg[1]/C","student_top_inst/Core_cpu/u_core_top/load_q_reg[1][forward_mask][1]/D","setup"
2218,-0.331,5.000,5.229,8,"student_top_inst/Core_cpu/u_core_top/u_dcache/u_tag_bank/mem_q_reg/CLKBWRCLK","student_top_inst/Core_cpu/u_core_top/scoreboard_q_reg[0][occupied]/D","setup"
2219,-0.331,5.000,5.228,9,"student_top_inst/Core_cpu/u_core_top/u_dcache/u_tag_bank/mem_q_reg/CLKBWRCLK","student_top_inst/Core_cpu/u_core_top/scoreboard_q_reg[2][result][25]/D","setup"
2220,-0.331,5.000,5.229,9,"student_top_inst/Core_cpu/u_core_top/u_dcache/u_tag_bank/mem_q_reg/CLKBWRCLK","student_top_inst/Core_cpu/u_core_top/exec_q_reg[op1][1]/D","setup"
2221,-0.331,5.000,4.850,8,"student_top_inst/Core_cpu/u_core_top/scoreboard_q_reg[3][fu][1]/C","student_top_inst/Core_cpu/u_core_top/u_dcache/g_data_bank[0].u_data_bank/mem_q_reg_0/ADDRARDADDR[6]","setup"
2222,-0.331,5.000,4.992,8,"student_top_inst/Core_cpu/u_core_top/u_dcache/u_tag_bank/mem_q_reg/CLKBWRCLK","student_top_inst/Core_cpu/u_core_top/exec_q_reg[op2][17]/CE","setup"
2223,-0.331,5.000,4.992,8,"student_top_inst/Core_cpu/u_core_top/u_dcache/u_tag_bank/mem_q_reg/CLKBWRCLK","student_top_inst/Core_cpu/u_core_top/exec_q_reg[op2][28]/CE","setup"
2224,-0.331,5.000,4.992,8,"student_top_inst/Core_cpu/u_core_top/u_dcache/u_tag_bank/mem_q_reg/CLKBWRCLK","student_top_inst/Core_cpu/u_core_top/exec_q_reg[op2][30]/CE","setup"
2225,-0.331,5.000,4.992,8,"student_top_inst/Core_cpu/u_core_top/u_dcache/u_tag_bank/mem_q_reg/CLKBWRCLK","student_top_inst/Core_cpu/u_core_top/exec_q_reg[uop][alu_op][2]/CE","setup"
2226,-0.331,5.000,4.992,8,"student_top_inst/Core_cpu/u_core_top/u_dcache/u_tag_bank/mem_q_reg/CLKBWRCLK","student_top_inst/Core_cpu/u_core_top/exec_q_reg[uop][imm][12]/CE","setup"
2227,-0.331,5.000,4.992,8,"student_top_inst/Core_cpu/u_core_top/u_dcache/u_tag_bank/mem_q_reg/CLKBWRCLK","student_top_inst/Core_cpu/u_core_top/exec_q_reg[uop][imm][6]/CE","setup"
2228,-0.331,5.000,4.992,8,"student_top_inst/Core_cpu/u_core_top/u_dcache/u_tag_bank/mem_q_reg/CLKBWRCLK","student_top_inst/Core_cpu/u_core_top/exec_q_reg[uop][mem_size][1]/CE","setup"
2229,-0.331,5.000,5.193,8,"student_top_inst/Core_cpu/u_core_top/u_dcache/u_tag_bank/mem_q_reg/CLKBWRCLK","student_top_inst/Core_cpu/u_core_top/scoreboard_q_reg[5][exception_tval][7]/D","setup"
2230,-0.330,5.000,5.255,10,"student_top_inst/Core_cpu/u_core_top/u_dcache/u_tag_bank/mem_q_reg/CLKBWRCLK","student_top_inst/Core_cpu/u_core_top/u_dmem_regslice/req_wdata_q_reg[15]/D","setup"
2231,-0.330,5.000,5.224,9,"student_top_inst/Core_cpu/u_core_top/u_dcache/u_tag_bank/mem_q_reg/CLKBWRCLK","student_top_inst/Core_cpu/u_core_top/scoreboard_q_reg[5][result][9]/D","setup"
2232,-0.330,5.000,4.836,7,"student_top_inst/Core_cpu/u_core_top/u_dcache/u_tag_bank/mem_q_reg/CLKBWRCLK","student_top_inst/Core_cpu/u_core_top/u_dcache/g_data_bank[2].u_data_bank/mem_q_reg_1/ADDRBWRADDR[10]","setup"
2233,-0.330,5.000,5.190,8,"student_top_inst/Core_cpu/u_core_top/u_dcache/u_tag_bank/mem_q_reg/CLKBWRCLK","student_top_inst/Core_cpu/u_core_top/scoreboard_q_reg[2][exception_tval][6]/D","setup"
2234,-0.330,5.000,5.192,8,"student_top_inst/Core_cpu/u_core_top/u_dcache/u_tag_bank/mem_q_reg/CLKBWRCLK","student_top_inst/Core_cpu/u_core_top/scoreboard_q_reg[5][exception_tval][6]/D","setup"
2235,-0.329,5.000,5.253,10,"student_top_inst/Core_cpu/u_core_top/u_dcache/u_tag_bank/mem_q_reg/CLKBWRCLK","student_top_inst/Core_cpu/u_core_top/u_dmem_regslice/req_wdata_q_reg[21]/D","setup"
2236,-0.329,5.000,5.232,10,"student_top_inst/Core_cpu/u_core_top/u_dcache/u_tag_bank/mem_q_reg/CLKBWRCLK","student_top_inst/Core_cpu/u_core_top/load_q_reg[0][store_seq_cutoff][1]/D","setup"
2237,-0.329,5.000,5.189,8,"student_top_inst/Core_cpu/u_core_top/u_dcache/u_tag_bank/mem_q_reg/CLKBWRCLK","student_top_inst/Core_cpu/u_core_top/scoreboard_q_reg[2][exception_cause][2]/D","setup"
2238,-0.329,5.000,4.944,0,"student_top_inst/Core_cpu/u_core_top/u_dmem_regslice/req_addr_q_reg[11]/C","student_top_inst/mem_bridge/dram_adapter/dram/U0/inst_blk_mem_gen/gnbram.gnativebmg.native_blk_mem_gen/valid.cstr/ramloop[12].ram.r/prim_init.ram/DEVICE_7SERIES.NO_BMM_INFO.SP.SIMPLE_PRIM36.ram/ADDRARDADDR[12]","setup"
2239,-0.328,5.000,5.021,9,"student_top_inst/Core_cpu/u_core_top/scoreboard_q_reg[3][fu][1]/C","student_top_inst/Core_cpu/u_core_top/scoreboard_q_reg[0][csr_addr][3]/CE","setup"
2240,-0.328,5.000,5.021,9,"student_top_inst/Core_cpu/u_core_top/scoreboard_q_reg[3][fu][1]/C","student_top_inst/Core_cpu/u_core_top/scoreboard_q_reg[0][pc][20]/CE","setup"
2241,-0.328,5.000,5.021,9,"student_top_inst/Core_cpu/u_core_top/scoreboard_q_reg[3][fu][1]/C","student_top_inst/Core_cpu/u_core_top/scoreboard_q_reg[0][pc][29]/CE","setup"
2242,-0.328,5.000,5.021,9,"student_top_inst/Core_cpu/u_core_top/scoreboard_q_reg[3][fu][1]/C","student_top_inst/Core_cpu/u_core_top/scoreboard_q_reg[0][rd][0]/CE","setup"
2243,-0.328,5.000,5.021,9,"student_top_inst/Core_cpu/u_core_top/scoreboard_q_reg[3][fu][1]/C","student_top_inst/Core_cpu/u_core_top/scoreboard_q_reg[0][rd][3]/CE","setup"
2244,-0.327,5.000,4.988,7,"student_top_inst/Core_cpu/u_core_top/u_dcache/u_tag_bank/mem_q_reg/CLKBWRCLK","student_top_inst/Core_cpu/u_core_top/scoreboard_q_reg[4][csr_addr][11]/CE","setup"
2245,-0.327,5.000,4.988,7,"student_top_inst/Core_cpu/u_core_top/u_dcache/u_tag_bank/mem_q_reg/CLKBWRCLK","student_top_inst/Core_cpu/u_core_top/scoreboard_q_reg[4][csr_op][0]/CE","setup"
2246,-0.327,5.000,4.988,7,"student_top_inst/Core_cpu/u_core_top/u_dcache/u_tag_bank/mem_q_reg/CLKBWRCLK","student_top_inst/Core_cpu/u_core_top/scoreboard_q_reg[4][is_return]/CE","setup"
2247,-0.327,5.000,4.988,7,"student_top_inst/Core_cpu/u_core_top/u_dcache/u_tag_bank/mem_q_reg/CLKBWRCLK","student_top_inst/Core_cpu/u_core_top/scoreboard_q_reg[4][link_addr][15]/CE","setup"
2248,-0.327,5.000,4.988,7,"student_top_inst/Core_cpu/u_core_top/u_dcache/u_tag_bank/mem_q_reg/CLKBWRCLK","student_top_inst/Core_cpu/u_core_top/scoreboard_q_reg[4][pc][21]/CE","setup"
2249,-0.327,5.000,4.988,7,"student_top_inst/Core_cpu/u_core_top/u_dcache/u_tag_bank/mem_q_reg/CLKBWRCLK","student_top_inst/Core_cpu/u_core_top/scoreboard_q_reg[4][pc][9]/CE","setup"
2250,-0.327,5.000,5.227,10,"student_top_inst/Core_cpu/u_core_top/u_dcache/u_tag_bank/mem_q_reg/CLKBWRCLK","student_top_inst/Core_cpu/u_core_top/load_q_reg[0][forward_data][22]/D","setup"
2251,-0.327,5.000,5.221,8,"student_top_inst/Core_cpu/u_core_top/u_dcache/u_tag_bank/mem_q_reg/CLKBWRCLK","student_top_inst/Core_cpu/u_core_top/scoreboard_q_reg[1][done]/D","setup"
2252,-0.327,5.000,4.991,7,"student_top_inst/Core_cpu/u_core_top/u_dcache/u_tag_bank/mem_q_reg/CLKBWRCLK","student_top_inst/Core_cpu/u_core_top/scoreboard_q_reg[1][result][13]/CE","setup"
2253,-0.327,5.000,4.991,7,"student_top_inst/Core_cpu/u_core_top/u_dcache/u_tag_bank/mem_q_reg/CLKBWRCLK","student_top_inst/Core_cpu/u_core_top/scoreboard_q_reg[1][result][14]/CE","setup"
2254,-0.327,5.000,4.991,7,"student_top_inst/Core_cpu/u_core_top/u_dcache/u_tag_bank/mem_q_reg/CLKBWRCLK","student_top_inst/Core_cpu/u_core_top/scoreboard_q_reg[1][result][26]/CE","setup"
2255,-0.326,5.000,5.223,9,"student_top_inst/Core_cpu/u_core_top/u_dcache/u_tag_bank/mem_q_reg/CLKBWRCLK","student_top_inst/Core_cpu/u_core_top/scoreboard_q_reg[7][result][25]/D","setup"
2256,-0.326,5.000,4.883,7,"student_top_inst/Core_cpu/u_core_top/u_dcache/u_tag_bank/mem_q_reg/CLKBWRCLK","student_top_inst/Core_cpu/u_core_top/scoreboard_q_reg[2][result][12]/R","setup"
2257,-0.326,5.000,4.883,7,"student_top_inst/Core_cpu/u_core_top/u_dcache/u_tag_bank/mem_q_reg/CLKBWRCLK","student_top_inst/Core_cpu/u_core_top/scoreboard_q_reg[2][result][13]/R","setup"
2258,-0.326,5.000,4.883,7,"student_top_inst/Core_cpu/u_core_top/u_dcache/u_tag_bank/mem_q_reg/CLKBWRCLK","student_top_inst/Core_cpu/u_core_top/scoreboard_q_reg[2][result][18]/R","setup"
2259,-0.326,5.000,5.289,12,"student_top_inst/Core_cpu/u_core_top/store_head_q_reg[1]/C","student_top_inst/Core_cpu/u_core_top/load_q_reg[0][forward_data][4]/D","setup"
2260,-0.326,5.000,4.989,8,"student_top_inst/Core_cpu/u_core_top/u_dcache/u_tag_bank/mem_q_reg/CLKBWRCLK","student_top_inst/Core_cpu/u_core_top/scoreboard_q_reg[3][exception_tval][22]/CE","setup"
2261,-0.326,5.000,4.989,8,"student_top_inst/Core_cpu/u_core_top/u_dcache/u_tag_bank/mem_q_reg/CLKBWRCLK","student_top_inst/Core_cpu/u_core_top/scoreboard_q_reg[3][exception_tval][24]/CE","setup"
2262,-0.326,5.000,4.989,8,"student_top_inst/Core_cpu/u_core_top/u_dcache/u_tag_bank/mem_q_reg/CLKBWRCLK","student_top_inst/Core_cpu/u_core_top/scoreboard_q_reg[3][exception_tval][8]/CE","setup"
2263,-0.326,5.000,4.989,8,"student_top_inst/Core_cpu/u_core_top/u_dcache/u_tag_bank/mem_q_reg/CLKBWRCLK","student_top_inst/Core_cpu/u_core_top/scoreboard_q_reg[3][exception_tval][9]/CE","setup"
2264,-0.326,5.000,4.985,7,"student_top_inst/Core_cpu/u_core_top/u_dcache/u_tag_bank/mem_q_reg/CLKBWRCLK","student_top_inst/Core_cpu/u_core_top/scoreboard_q_reg[5][link_addr][14]/CE","setup"
2265,-0.326,5.000,4.985,7,"student_top_inst/Core_cpu/u_core_top/u_dcache/u_tag_bank/mem_q_reg/CLKBWRCLK","student_top_inst/Core_cpu/u_core_top/scoreboard_q_reg[5][link_addr][20]/CE","setup"
2266,-0.326,5.000,4.985,7,"student_top_inst/Core_cpu/u_core_top/u_dcache/u_tag_bank/mem_q_reg/CLKBWRCLK","student_top_inst/Core_cpu/u_core_top/scoreboard_q_reg[5][link_addr][23]/CE","setup"
2267,-0.326,5.000,4.985,7,"student_top_inst/Core_cpu/u_core_top/u_dcache/u_tag_bank/mem_q_reg/CLKBWRCLK","student_top_inst/Core_cpu/u_core_top/scoreboard_q_reg[5][link_addr][24]/CE","setup"
2268,-0.326,5.000,4.985,7,"student_top_inst/Core_cpu/u_core_top/u_dcache/u_tag_bank/mem_q_reg/CLKBWRCLK","student_top_inst/Core_cpu/u_core_top/scoreboard_q_reg[5][pc][0]/CE","setup"
2269,-0.326,5.000,5.256,9,"student_top_inst/Core_cpu/u_core_top/u_dcache/u_tag_bank/mem_q_reg/CLKBWRCLK","student_top_inst/Core_cpu/u_core_top/exec_q_reg[op1][6]/D","setup"
2270,-0.325,5.000,5.182,6,"student_top_inst/Core_cpu/u_core_top/commit_ptr_q_reg[2]_rep/C","student_top_inst/Core_cpu/u_core_top/u_csr/mtvec_q_reg[8]/D","setup"
2271,-0.324,5.000,4.984,7,"student_top_inst/Core_cpu/u_core_top/u_dcache/u_tag_bank/mem_q_reg/CLKBWRCLK","student_top_inst/Core_cpu/u_core_top/scoreboard_q_reg[2][link_addr][12]/CE","setup"
2272,-0.324,5.000,4.984,7,"student_top_inst/Core_cpu/u_core_top/u_dcache/u_tag_bank/mem_q_reg/CLKBWRCLK","student_top_inst/Core_cpu/u_core_top/scoreboard_q_reg[2][link_addr][14]/CE","setup"
2273,-0.324,5.000,4.984,7,"student_top_inst/Core_cpu/u_core_top/u_dcache/u_tag_bank/mem_q_reg/CLKBWRCLK","student_top_inst/Core_cpu/u_core_top/scoreboard_q_reg[2][link_addr][20]/CE","setup"
2274,-0.324,5.000,4.984,7,"student_top_inst/Core_cpu/u_core_top/u_dcache/u_tag_bank/mem_q_reg/CLKBWRCLK","student_top_inst/Core_cpu/u_core_top/scoreboard_q_reg[2][link_addr][7]/CE","setup"
2275,-0.324,5.000,4.984,8,"student_top_inst/Core_cpu/u_core_top/u_dcache/u_tag_bank/mem_q_reg/CLKBWRCLK","student_top_inst/Core_cpu/u_core_top/exec_q_reg[uop][imm][13]/CE","setup"
2276,-0.324,5.000,4.984,8,"student_top_inst/Core_cpu/u_core_top/u_dcache/u_tag_bank/mem_q_reg/CLKBWRCLK","student_top_inst/Core_cpu/u_core_top/exec_q_reg[uop][pc][0]/CE","setup"
2277,-0.324,5.000,4.984,8,"student_top_inst/Core_cpu/u_core_top/u_dcache/u_tag_bank/mem_q_reg/CLKBWRCLK","student_top_inst/Core_cpu/u_core_top/exec_q_reg[uop][pc][10]/CE","setup"
2278,-0.324,5.000,4.984,8,"student_top_inst/Core_cpu/u_core_top/u_dcache/u_tag_bank/mem_q_reg/CLKBWRCLK","student_top_inst/Core_cpu/u_core_top/exec_q_reg[uop][pc][13]/CE","setup"
2279,-0.324,5.000,4.984,8,"student_top_inst/Core_cpu/u_core_top/u_dcache/u_tag_bank/mem_q_reg/CLKBWRCLK","student_top_inst/Core_cpu/u_core_top/exec_q_reg[uop][pc][15]/CE","setup"
2280,-0.324,5.000,4.984,8,"student_top_inst/Core_cpu/u_core_top/u_dcache/u_tag_bank/mem_q_reg/CLKBWRCLK","student_top_inst/Core_cpu/u_core_top/exec_q_reg[uop][pc][16]/CE","setup"
2281,-0.324,5.000,4.984,8,"student_top_inst/Core_cpu/u_core_top/u_dcache/u_tag_bank/mem_q_reg/CLKBWRCLK","student_top_inst/Core_cpu/u_core_top/exec_q_reg[uop][pc][4]/CE","setup"
2282,-0.323,5.000,5.286,10,"student_top_inst/Core_cpu/u_core_top/u_dcache/u_tag_bank/mem_q_reg/CLKBWRCLK","student_top_inst/Core_cpu/u_core_top/u_dmem_regslice/req_addr_q_reg[7]/D","setup"
2283,-0.323,5.000,4.891,0,"student_top_inst/Core_cpu/u_core_top/u_dmem_regslice/req_addr_q_reg[2]/C","student_top_inst/mem_bridge/dram_adapter/dram/U0/inst_blk_mem_gen/gnbram.gnativebmg.native_blk_mem_gen/valid.cstr/ramloop[45].ram.r/prim_init.ram/DEVICE_7SERIES.NO_BMM_INFO.SP.SIMPLE_PRIM36.ram/ADDRARDADDR[3]","setup"
2284,-0.323,5.000,5.247,10,"student_top_inst/Core_cpu/u_core_top/u_dcache/u_tag_bank/mem_q_reg/CLKBWRCLK","student_top_inst/Core_cpu/u_core_top/u_dmem_regslice/req_wdata_q_reg[28]/D","setup"
2285,-0.323,5.000,5.167,0,"student_top_inst/Core_cpu/u_core_top/u_dmem_regslice/req_addr_q_reg[13]/C","student_top_inst/mem_bridge/dram_adapter/dram/U0/inst_blk_mem_gen/gnbram.gnativebmg.native_blk_mem_gen/valid.cstr/ramloop[11].ram.r/prim_init.ram/DEVICE_7SERIES.NO_BMM_INFO.SP.SIMPLE_PRIM36.ram/ADDRARDADDR[14]","setup"
2286,-0.323,5.000,4.878,7,"student_top_inst/Core_cpu/u_core_top/u_dcache/u_tag_bank/mem_q_reg/CLKBWRCLK","student_top_inst/Core_cpu/u_core_top/scoreboard_q_reg[3][result][16]/R","setup"
2287,-0.323,5.000,4.878,7,"student_top_inst/Core_cpu/u_core_top/u_dcache/u_tag_bank/mem_q_reg/CLKBWRCLK","student_top_inst/Core_cpu/u_core_top/scoreboard_q_reg[3][result][17]/R","setup"
2288,-0.323,5.000,4.878,7,"student_top_inst/Core_cpu/u_core_top/u_dcache/u_tag_bank/mem_q_reg/CLKBWRCLK","student_top_inst/Core_cpu/u_core_top/scoreboard_q_reg[3][result][20]/R","setup"
2289,-0.323,5.000,4.878,7,"student_top_inst/Core_cpu/u_core_top/u_dcache/u_tag_bank/mem_q_reg/CLKBWRCLK","student_top_inst/Core_cpu/u_core_top/scoreboard_q_reg[3][result][22]/R","setup"
2290,-0.322,5.000,4.980,7,"student_top_inst/Core_cpu/u_core_top/u_dcache/u_tag_bank/mem_q_reg/CLKBWRCLK","student_top_inst/Core_cpu/u_core_top/scoreboard_q_reg[3][result][16]/CE","setup"
2291,-0.322,5.000,4.980,7,"student_top_inst/Core_cpu/u_core_top/u_dcache/u_tag_bank/mem_q_reg/CLKBWRCLK","student_top_inst/Core_cpu/u_core_top/scoreboard_q_reg[3][result][17]/CE","setup"
2292,-0.322,5.000,4.980,7,"student_top_inst/Core_cpu/u_core_top/u_dcache/u_tag_bank/mem_q_reg/CLKBWRCLK","student_top_inst/Core_cpu/u_core_top/scoreboard_q_reg[3][result][20]/CE","setup"
2293,-0.322,5.000,4.980,7,"student_top_inst/Core_cpu/u_core_top/u_dcache/u_tag_bank/mem_q_reg/CLKBWRCLK","student_top_inst/Core_cpu/u_core_top/scoreboard_q_reg[3][result][22]/CE","setup"
2294,-0.322,5.000,5.284,10,"student_top_inst/Core_cpu/u_core_top/u_dcache/u_tag_bank/mem_q_reg/CLKBWRCLK","student_top_inst/Core_cpu/u_core_top/u_dmem_regslice/req_addr_q_reg[8]/D","setup"
2295,-0.322,5.000,5.223,10,"student_top_inst/Core_cpu/u_core_top/u_dcache/u_tag_bank/mem_q_reg/CLKBWRCLK","student_top_inst/Core_cpu/u_core_top/load_q_reg[0][forward_data][24]/D","setup"
2296,-0.321,5.000,5.001,7,"student_top_inst/Core_cpu/u_core_top/u_dcache/u_tag_bank/mem_q_reg/CLKBWRCLK","student_top_inst/Core_cpu/u_core_top/scoreboard_q_reg[7][csr_src][11]/CE","setup"
2297,-0.321,5.000,5.001,7,"student_top_inst/Core_cpu/u_core_top/u_dcache/u_tag_bank/mem_q_reg/CLKBWRCLK","student_top_inst/Core_cpu/u_core_top/scoreboard_q_reg[7][csr_src][16]/CE","setup"
2298,-0.321,5.000,5.001,7,"student_top_inst/Core_cpu/u_core_top/u_dcache/u_tag_bank/mem_q_reg/CLKBWRCLK","student_top_inst/Core_cpu/u_core_top/scoreboard_q_reg[7][csr_src][18]/CE","setup"
2299,-0.321,5.000,5.001,7,"student_top_inst/Core_cpu/u_core_top/u_dcache/u_tag_bank/mem_q_reg/CLKBWRCLK","student_top_inst/Core_cpu/u_core_top/scoreboard_q_reg[7][csr_src][23]/CE","setup"
2300,-0.321,5.000,5.001,7,"student_top_inst/Core_cpu/u_core_top/u_dcache/u_tag_bank/mem_q_reg/CLKBWRCLK","student_top_inst/Core_cpu/u_core_top/scoreboard_q_reg[7][csr_src][25]/CE","setup"
2301,-0.321,5.000,5.001,7,"student_top_inst/Core_cpu/u_core_top/u_dcache/u_tag_bank/mem_q_reg/CLKBWRCLK","student_top_inst/Core_cpu/u_core_top/scoreboard_q_reg[7][csr_src][29]/CE","setup"
2302,-0.321,5.000,5.001,7,"student_top_inst/Core_cpu/u_core_top/u_dcache/u_tag_bank/mem_q_reg/CLKBWRCLK","student_top_inst/Core_cpu/u_core_top/scoreboard_q_reg[7][csr_src][7]/CE","setup"
2303,-0.321,5.000,5.001,7,"student_top_inst/Core_cpu/u_core_top/u_dcache/u_tag_bank/mem_q_reg/CLKBWRCLK","student_top_inst/Core_cpu/u_core_top/scoreboard_q_reg[7][csr_src][9]/CE","setup"
2304,-0.321,5.000,5.063,7,"student_top_inst/Core_cpu/u_core_top/u_dcache/u_tag_bank/mem_q_reg/CLKBWRCLK","student_top_inst/Core_cpu/u_core_top/id_uop_q_reg[exception_valid]/CE","setup"
2305,-0.320,5.000,4.757,0,"student_top_inst/cpu_rst_sync_reg/C","student_top_inst/Core_cpu/u_core_top/id_uop_q_reg[exception_tval][10]/R","setup"
2306,-0.320,5.000,4.757,0,"student_top_inst/cpu_rst_sync_reg/C","student_top_inst/Core_cpu/u_core_top/id_uop_q_reg[exception_tval][11]/R","setup"
2307,-0.320,5.000,4.757,0,"student_top_inst/cpu_rst_sync_reg/C","student_top_inst/Core_cpu/u_core_top/id_uop_q_reg[exception_tval][12]/R","setup"
2308,-0.320,5.000,4.757,0,"student_top_inst/cpu_rst_sync_reg/C","student_top_inst/Core_cpu/u_core_top/id_uop_q_reg[exception_tval][17]/R","setup"
2309,-0.320,5.000,4.757,0,"student_top_inst/cpu_rst_sync_reg/C","student_top_inst/Core_cpu/u_core_top/id_uop_q_reg[exception_tval][18]/R","setup"
2310,-0.320,5.000,4.757,0,"student_top_inst/cpu_rst_sync_reg/C","student_top_inst/Core_cpu/u_core_top/id_uop_q_reg[exception_tval][23]/R","setup"
2311,-0.320,5.000,4.757,0,"student_top_inst/cpu_rst_sync_reg/C","student_top_inst/Core_cpu/u_core_top/id_uop_q_reg[exception_tval][2]/R","setup"
2312,-0.320,5.000,5.256,12,"student_top_inst/Core_cpu/u_core_top/store_head_q_reg[1]/C","student_top_inst/Core_cpu/u_core_top/load_active_meta_q_reg[forward_mask][1]/D","setup"
2313,-0.320,5.000,5.218,9,"student_top_inst/Core_cpu/u_core_top/u_dcache/u_tag_bank/mem_q_reg/CLKBWRCLK","student_top_inst/Core_cpu/u_core_top/scoreboard_q_reg[0][result][11]/D","setup"
2314,-0.320,5.000,5.217,8,"student_top_inst/Core_cpu/u_core_top/u_dcache/u_tag_bank/mem_q_reg/CLKBWRCLK","student_top_inst/Core_cpu/u_core_top/producer_valid_q_reg[24]/D","setup"
2315,-0.320,5.000,5.244,10,"student_top_inst/Core_cpu/u_core_top/u_dcache/u_tag_bank/mem_q_reg/CLKBWRCLK","student_top_inst/Core_cpu/u_core_top/u_dmem_regslice/req_wdata_q_reg[22]/D","setup"
2316,-0.320,5.000,4.913,9,"student_top_inst/Core_cpu/u_core_top/scoreboard_q_reg[3][fu][1]/C","student_top_inst/Core_cpu/u_core_top/scoreboard_q_reg[0][result][26]/R","setup"
2317,-0.320,5.000,4.913,9,"student_top_inst/Core_cpu/u_core_top/scoreboard_q_reg[3][fu][1]/C","student_top_inst/Core_cpu/u_core_top/scoreboard_q_reg[0][result][29]/R","setup"
2318,-0.320,5.000,4.913,9,"student_top_inst/Core_cpu/u_core_top/scoreboard_q_reg[3][fu][1]/C","student_top_inst/Core_cpu/u_core_top/scoreboard_q_reg[0][result][8]/R","setup"
2319,-0.320,5.000,4.913,9,"student_top_inst/Core_cpu/u_core_top/scoreboard_q_reg[3][fu][1]/C","student_top_inst/Core_cpu/u_core_top/scoreboard_q_reg[0][result][9]/R","setup"
2320,-0.320,5.000,5.225,10,"student_top_inst/Core_cpu/u_core_top/u_dcache/u_tag_bank/mem_q_reg/CLKBWRCLK","student_top_inst/Core_cpu/u_core_top/u_dmem_regslice/req_wdata_q_reg[5]/D","setup"
2321,-0.319,5.000,5.243,9,"student_top_inst/Core_cpu/u_core_top/u_dcache/u_tag_bank/mem_q_reg/CLKBWRCLK","student_top_inst/Core_cpu/u_core_top/scoreboard_q_reg[7][result][9]/D","setup"
2322,-0.319,5.000,4.986,7,"student_top_inst/Core_cpu/u_core_top/u_dcache/u_tag_bank/mem_q_reg/CLKBWRCLK","student_top_inst/Core_cpu/u_core_top/scoreboard_q_reg[2][link_addr][3]/CE","setup"
2323,-0.319,5.000,5.146,8,"student_top_inst/Core_cpu/u_core_top/u_dcache/u_tag_bank/mem_q_reg/CLKBWRCLK","student_top_inst/Core_cpu/u_core_top/scoreboard_q_reg[7][exception_tval][5]/D","setup"
2324,-0.319,5.000,5.217,9,"student_top_inst/Core_cpu/u_core_top/u_dcache/u_tag_bank/mem_q_reg/CLKBWRCLK","student_top_inst/Core_cpu/u_core_top/scoreboard_q_reg[1][result][11]/D","setup"
2325,-0.319,5.000,4.825,7,"student_top_inst/Core_cpu/u_core_top/u_dcache/u_tag_bank/mem_q_reg/CLKBWRCLK","student_top_inst/Core_cpu/u_core_top/u_dcache/g_data_bank[2].u_data_bank/mem_q_reg_1/ADDRBWRADDR[11]","setup"
2326,-0.319,5.000,5.242,10,"student_top_inst/Core_cpu/u_core_top/u_dcache/u_tag_bank/mem_q_reg/CLKBWRCLK","student_top_inst/Core_cpu/u_core_top/u_dmem_regslice/req_wdata_q_reg[27]/D","setup"
2327,-0.319,5.000,5.255,10,"student_top_inst/Core_cpu/u_core_top/u_dcache/u_tag_bank/mem_q_reg/CLKBWRCLK","student_top_inst/Core_cpu/u_core_top/u_dmem_regslice/req_wdata_q_reg[12]/D","setup"
2328,-0.318,5.000,5.170,0,"student_top_inst/Core_cpu/u_core_top/u_dmem_regslice/req_addr_q_reg[4]/C","student_top_inst/mem_bridge/dram_adapter/dram/U0/inst_blk_mem_gen/gnbram.gnativebmg.native_blk_mem_gen/valid.cstr/ramloop[1].ram.r/prim_init.ram/DEVICE_7SERIES.NO_BMM_INFO.SP.SIMPLE_PRIM36.ram/ADDRARDADDR[5]","setup"
2329,-0.318,5.000,5.243,9,"student_top_inst/Core_cpu/u_core_top/u_dcache/u_tag_bank/mem_q_reg/CLKBWRCLK","student_top_inst/Core_cpu/u_core_top/scoreboard_q_reg[4][result][18]/D","setup"
2330,-0.317,5.000,5.014,9,"student_top_inst/Core_cpu/u_core_top/scoreboard_q_reg[3][fu][1]/C","student_top_inst/Core_cpu/u_core_top/scoreboard_q_reg[1][pc][28]/CE","setup"
2331,-0.317,5.000,5.014,9,"student_top_inst/Core_cpu/u_core_top/scoreboard_q_reg[3][fu][1]/C","student_top_inst/Core_cpu/u_core_top/scoreboard_q_reg[1][pc][29]/CE","setup"
2332,-0.317,5.000,5.014,9,"student_top_inst/Core_cpu/u_core_top/scoreboard_q_reg[3][fu][1]/C","student_top_inst/Core_cpu/u_core_top/scoreboard_q_reg[1][pc][5]/CE","setup"
2333,-0.317,5.000,5.014,9,"student_top_inst/Core_cpu/u_core_top/scoreboard_q_reg[3][fu][1]/C","student_top_inst/Core_cpu/u_core_top/scoreboard_q_reg[1][pc][8]/CE","setup"
2334,-0.317,5.000,4.981,7,"student_top_inst/Core_cpu/u_core_top/u_dcache/u_tag_bank/mem_q_reg/CLKBWRCLK","student_top_inst/Core_cpu/u_core_top/scoreboard_q_reg[2][link_addr][29]/CE","setup"
2335,-0.317,5.000,4.981,7,"student_top_inst/Core_cpu/u_core_top/u_dcache/u_tag_bank/mem_q_reg/CLKBWRCLK","student_top_inst/Core_cpu/u_core_top/scoreboard_q_reg[2][link_addr][30]/CE","setup"
2336,-0.317,5.000,4.981,7,"student_top_inst/Core_cpu/u_core_top/u_dcache/u_tag_bank/mem_q_reg/CLKBWRCLK","student_top_inst/Core_cpu/u_core_top/scoreboard_q_reg[2][writes_rd]/CE","setup"
2337,-0.317,5.000,5.209,11,"student_top_inst/Core_cpu/u_core_top/store_head_q_reg[1]/C","student_top_inst/Core_cpu/u_core_top/load_q_reg[1][forward_data][13]/D","setup"
2338,-0.317,5.000,5.011,9,"student_top_inst/Core_cpu/u_core_top/scoreboard_q_reg[3][fu][1]/C","student_top_inst/Core_cpu/u_core_top/scoreboard_q_reg[6][fu][0]/CE","setup"
2339,-0.317,5.000,5.011,9,"student_top_inst/Core_cpu/u_core_top/scoreboard_q_reg[3][fu][1]/C","student_top_inst/Core_cpu/u_core_top/scoreboard_q_reg[6][fu][1]/CE","setup"
2340,-0.317,5.000,5.011,9,"student_top_inst/Core_cpu/u_core_top/scoreboard_q_reg[3][fu][1]/C","student_top_inst/Core_cpu/u_core_top/scoreboard_q_reg[6][sys_op][2]/CE","setup"
2341,-0.317,5.000,5.028,5,"student_top_inst/mem_bridge/dram_adapter/dram/U0/inst_blk_mem_gen/gnbram.gnativebmg.native_blk_mem_gen/valid.cstr/has_mux_a.A/no_softecc_norm_sel2.has_mem_regs.WITHOUT_ECC_PIPE.ce_pri.sel_pipe_d1_reg[2]/C","student_top_inst/Core_cpu/u_core_top/u_dmem_regslice/resp_rdata_q_reg[8]/D","setup"
2342,-0.317,5.000,5.178,8,"student_top_inst/Core_cpu/u_core_top/u_dcache/u_tag_bank/mem_q_reg/CLKBWRCLK","student_top_inst/Core_cpu/u_core_top/scoreboard_q_reg[5][exception_tval][20]/D","setup"
2343,-0.317,5.000,4.979,7,"student_top_inst/Core_cpu/u_core_top/u_dcache/u_tag_bank/mem_q_reg/CLKBWRCLK","student_top_inst/Core_cpu/u_core_top/scoreboard_q_reg[7][link_addr][30]/CE","setup"
2344,-0.317,5.000,4.979,7,"student_top_inst/Core_cpu/u_core_top/u_dcache/u_tag_bank/mem_q_reg/CLKBWRCLK","student_top_inst/Core_cpu/u_core_top/scoreboard_q_reg[7][pc][0]/CE","setup"
2345,-0.317,5.000,4.979,7,"student_top_inst/Core_cpu/u_core_top/u_dcache/u_tag_bank/mem_q_reg/CLKBWRCLK","student_top_inst/Core_cpu/u_core_top/scoreboard_q_reg[7][pc][19]/CE","setup"
2346,-0.317,5.000,4.942,0,"student_top_inst/Core_cpu/u_core_top/u_dmem_regslice/req_addr_q_reg[6]/C","student_top_inst/mem_bridge/dram_adapter/dram/U0/inst_blk_mem_gen/gnbram.gnativebmg.native_blk_mem_gen/valid.cstr/ramloop[45].ram.r/prim_init.ram/DEVICE_7SERIES.NO_BMM_INFO.SP.SIMPLE_PRIM36.ram/ADDRARDADDR[7]","setup"
2347,-0.317,5.000,4.800,7,"student_top_inst/Core_cpu/u_core_top/u_dcache/u_tag_bank/mem_q_reg/CLKBWRCLK","student_top_inst/Core_cpu/u_core_top/u_dcache/g_data_bank[0].u_data_bank/mem_q_reg_0/ADDRBWRADDR[7]","setup"
2348,-0.317,5.000,5.222,10,"student_top_inst/Core_cpu/u_core_top/u_dcache/u_tag_bank/mem_q_reg/CLKBWRCLK","student_top_inst/Core_cpu/u_core_top/u_dmem_regslice/req_wdata_q_reg[18]/D","setup"
2349,-0.317,5.000,5.240,8,"student_top_inst/Core_cpu/u_core_top/u_dcache/u_tag_bank/mem_q_reg/CLKBWRCLK","student_top_inst/Core_cpu/u_core_top/scoreboard_q_reg[4][result][4]/D","setup"
2350,-0.316,5.000,4.865,7,"student_top_inst/Core_cpu/u_core_top/u_dcache/u_tag_bank/mem_q_reg/CLKBWRCLK","student_top_inst/Core_cpu/u_core_top/u_dcache/g_data_bank[3].u_data_bank/mem_q_reg_1/ADDRBWRADDR[9]","setup"
2351,-0.316,5.000,5.240,10,"student_top_inst/Core_cpu/u_core_top/u_dcache/u_tag_bank/mem_q_reg/CLKBWRCLK","student_top_inst/Core_cpu/u_core_top/u_dmem_regslice/req_wdata_q_reg[9]/D","setup"
2352,-0.316,5.000,5.176,8,"student_top_inst/Core_cpu/u_core_top/u_dcache/u_tag_bank/mem_q_reg/CLKBWRCLK","student_top_inst/Core_cpu/u_core_top/scoreboard_q_reg[5][exception_tval][11]/D","setup"
2353,-0.316,5.000,5.253,10,"student_top_inst/Core_cpu/u_core_top/u_dcache/u_tag_bank/mem_q_reg/CLKBWRCLK","student_top_inst/Core_cpu/u_core_top/u_dmem_regslice/req_wdata_q_reg[20]/D","setup"
2354,-0.315,5.000,5.142,8,"student_top_inst/Core_cpu/u_core_top/u_dcache/u_tag_bank/mem_q_reg/CLKBWRCLK","student_top_inst/Core_cpu/u_core_top/scoreboard_q_reg[7][exception_tval][28]/D","setup"
2355,-0.315,5.000,5.012,9,"student_top_inst/Core_cpu/u_core_top/scoreboard_q_reg[3][fu][1]/C","student_top_inst/Core_cpu/u_core_top/scoreboard_q_reg[1][csr_src][14]/CE","setup"
2356,-0.315,5.000,5.012,9,"student_top_inst/Core_cpu/u_core_top/scoreboard_q_reg[3][fu][1]/C","student_top_inst/Core_cpu/u_core_top/scoreboard_q_reg[1][csr_src][19]/CE","setup"
2357,-0.315,5.000,5.012,9,"student_top_inst/Core_cpu/u_core_top/scoreboard_q_reg[3][fu][1]/C","student_top_inst/Core_cpu/u_core_top/scoreboard_q_reg[1][csr_src][2]/CE","setup"
2358,-0.315,5.000,5.012,9,"student_top_inst/Core_cpu/u_core_top/scoreboard_q_reg[3][fu][1]/C","student_top_inst/Core_cpu/u_core_top/scoreboard_q_reg[1][csr_src][30]/CE","setup"
2359,-0.315,5.000,5.012,9,"student_top_inst/Core_cpu/u_core_top/scoreboard_q_reg[3][fu][1]/C","student_top_inst/Core_cpu/u_core_top/scoreboard_q_reg[1][csr_src][31]/CE","setup"
2360,-0.314,5.000,5.278,12,"student_top_inst/Core_cpu/u_core_top/store_head_q_reg[1]/C","student_top_inst/Core_cpu/u_core_top/load_q_reg[0][forward_data][6]/D","setup"
2361,-0.313,5.000,4.873,7,"student_top_inst/Core_cpu/u_core_top/u_dcache/u_tag_bank/mem_q_reg/CLKBWRCLK","student_top_inst/Core_cpu/u_core_top/scoreboard_q_reg[3][result][14]/R","setup"
2362,-0.313,5.000,5.212,10,"student_top_inst/Core_cpu/u_core_top/u_dcache/u_tag_bank/mem_q_reg/CLKBWRCLK","student_top_inst/Core_cpu/u_core_top/store_committed_q_reg[2]/D","setup"
2363,-0.313,5.000,5.237,10,"student_top_inst/Core_cpu/u_core_top/u_dcache/u_tag_bank/mem_q_reg/CLKBWRCLK","student_top_inst/Core_cpu/u_core_top/u_dmem_regslice/req_wdata_q_reg[30]/D","setup"
2364,-0.313,5.000,5.278,12,"student_top_inst/Core_cpu/u_core_top/store_head_q_reg[1]/C","student_top_inst/Core_cpu/u_core_top/load_active_meta_q_reg[forward_data][14]/D","setup"
2365,-0.313,5.000,5.201,8,"student_top_inst/Core_cpu/u_core_top/u_dcache/u_tag_bank/mem_q_reg/CLKBWRCLK","student_top_inst/Core_cpu/u_core_top/scoreboard_q_reg[2][exception_tval][9]/D","setup"
2366,-0.312,5.000,5.274,10,"student_top_inst/Core_cpu/u_core_top/u_dcache/u_tag_bank/mem_q_reg/CLKBWRCLK","student_top_inst/Core_cpu/u_core_top/u_dmem_regslice/req_addr_q_reg[2]/D","setup"
2367,-0.312,5.000,4.866,7,"student_top_inst/Core_cpu/u_core_top/u_dcache/u_tag_bank/mem_q_reg/CLKBWRCLK","student_top_inst/Core_cpu/u_core_top/u_dcache/g_data_bank[1].u_data_bank/mem_q_reg_0/ADDRBWRADDR[5]","setup"
2368,-0.312,5.000,5.239,9,"student_top_inst/Core_cpu/u_core_top/u_dcache/u_tag_bank/mem_q_reg/CLKBWRCLK","student_top_inst/Core_cpu/u_core_top/scoreboard_q_reg[3][result][15]/D","setup"
2369,-0.312,5.000,4.991,7,"student_top_inst/Core_cpu/u_core_top/u_dcache/u_tag_bank/mem_q_reg/CLKBWRCLK","student_top_inst/Core_cpu/u_core_top/scoreboard_q_reg[2][csr_src][18]/CE","setup"
2370,-0.312,5.000,4.991,7,"student_top_inst/Core_cpu/u_core_top/u_dcache/u_tag_bank/mem_q_reg/CLKBWRCLK","student_top_inst/Core_cpu/u_core_top/scoreboard_q_reg[2][csr_src][19]/CE","setup"
2371,-0.312,5.000,4.991,7,"student_top_inst/Core_cpu/u_core_top/u_dcache/u_tag_bank/mem_q_reg/CLKBWRCLK","student_top_inst/Core_cpu/u_core_top/scoreboard_q_reg[2][csr_src][21]/CE","setup"
2372,-0.312,5.000,4.991,7,"student_top_inst/Core_cpu/u_core_top/u_dcache/u_tag_bank/mem_q_reg/CLKBWRCLK","student_top_inst/Core_cpu/u_core_top/scoreboard_q_reg[2][csr_src][24]/CE","setup"
2373,-0.312,5.000,4.991,7,"student_top_inst/Core_cpu/u_core_top/u_dcache/u_tag_bank/mem_q_reg/CLKBWRCLK","student_top_inst/Core_cpu/u_core_top/scoreboard_q_reg[2][csr_src][28]/CE","setup"
2374,-0.312,5.000,4.991,7,"student_top_inst/Core_cpu/u_core_top/u_dcache/u_tag_bank/mem_q_reg/CLKBWRCLK","student_top_inst/Core_cpu/u_core_top/scoreboard_q_reg[2][csr_src][30]/CE","setup"
2375,-0.312,5.000,4.991,7,"student_top_inst/Core_cpu/u_core_top/u_dcache/u_tag_bank/mem_q_reg/CLKBWRCLK","student_top_inst/Core_cpu/u_core_top/scoreboard_q_reg[2][csr_src][8]/CE","setup"
2376,-0.312,5.000,4.991,7,"student_top_inst/Core_cpu/u_core_top/u_dcache/u_tag_bank/mem_q_reg/CLKBWRCLK","student_top_inst/Core_cpu/u_core_top/scoreboard_q_reg[2][csr_src][9]/CE","setup"
2377,-0.311,5.000,5.238,9,"student_top_inst/Core_cpu/u_core_top/u_dcache/u_tag_bank/mem_q_reg/CLKBWRCLK","student_top_inst/Core_cpu/u_core_top/scoreboard_q_reg[0][result][22]/D","setup"
2378,-0.311,5.000,5.237,9,"student_top_inst/Core_cpu/u_core_top/u_dcache/u_tag_bank/mem_q_reg/CLKBWRCLK","student_top_inst/Core_cpu/u_core_top/scoreboard_q_reg[3][result][11]/D","setup"
2379,-0.311,5.000,5.203,9,"student_top_inst/Core_cpu/u_core_top/u_dcache/u_tag_bank/mem_q_reg/CLKBWRCLK","student_top_inst/Core_cpu/u_core_top/scoreboard_q_reg[7][result][17]/D","setup"
2380,-0.311,5.000,5.199,8,"student_top_inst/Core_cpu/u_core_top/u_dcache/u_tag_bank/mem_q_reg/CLKBWRCLK","student_top_inst/Core_cpu/u_core_top/scoreboard_q_reg[2][exception_cause][1]/D","setup"
2381,-0.310,5.000,5.272,10,"student_top_inst/Core_cpu/u_core_top/u_dcache/u_tag_bank/mem_q_reg/CLKBWRCLK","student_top_inst/Core_cpu/u_core_top/u_dmem_regslice/req_addr_q_reg[11]/D","setup"
2382,-0.310,5.000,5.271,10,"student_top_inst/Core_cpu/u_core_top/u_dcache/u_tag_bank/mem_q_reg/CLKBWRCLK","student_top_inst/Core_cpu/u_core_top/u_dmem_regslice/req_addr_q_reg[3]/D","setup"
2383,-0.310,5.000,5.135,6,"student_top_inst/Core_cpu/u_core_top/commit_ptr_q_reg[2]_rep/C","student_top_inst/Core_cpu/u_core_top/u_csr/mtvec_q_reg[2]/D","setup"
2384,-0.310,5.000,4.992,7,"student_top_inst/Core_cpu/u_core_top/u_dcache/u_tag_bank/mem_q_reg/CLKBWRCLK","student_top_inst/Core_cpu/u_core_top/scoreboard_q_reg[2][link_addr][13]/CE","setup"
2385,-0.310,5.000,4.992,7,"student_top_inst/Core_cpu/u_core_top/u_dcache/u_tag_bank/mem_q_reg/CLKBWRCLK","student_top_inst/Core_cpu/u_core_top/scoreboard_q_reg[2][link_addr][6]/CE","setup"
2386,-0.310,5.000,4.990,7,"student_top_inst/Core_cpu/u_core_top/u_dcache/u_tag_bank/mem_q_reg/CLKBWRCLK","student_top_inst/Core_cpu/u_core_top/scoreboard_q_reg[7][result][14]/CE","setup"
2387,-0.310,5.000,4.990,7,"student_top_inst/Core_cpu/u_core_top/u_dcache/u_tag_bank/mem_q_reg/CLKBWRCLK","student_top_inst/Core_cpu/u_core_top/scoreboard_q_reg[7][result][28]/CE","setup"
2388,-0.310,5.000,4.990,7,"student_top_inst/Core_cpu/u_core_top/u_dcache/u_tag_bank/mem_q_reg/CLKBWRCLK","student_top_inst/Core_cpu/u_core_top/scoreboard_q_reg[7][result][9]/CE","setup"
2389,-0.310,5.000,4.829,8,"student_top_inst/Core_cpu/u_core_top/scoreboard_q_reg[3][fu][1]/C","student_top_inst/Core_cpu/u_core_top/u_dcache/g_data_bank[0].u_data_bank/mem_q_reg_0/ADDRARDADDR[5]","setup"
2390,-0.310,5.000,4.967,7,"student_top_inst/Core_cpu/u_core_top/u_dcache/u_tag_bank/mem_q_reg/CLKBWRCLK","student_top_inst/Core_cpu/u_core_top/scoreboard_q_reg[7][pc][18]/CE","setup"
2391,-0.310,5.000,4.967,7,"student_top_inst/Core_cpu/u_core_top/u_dcache/u_tag_bank/mem_q_reg/CLKBWRCLK","student_top_inst/Core_cpu/u_core_top/scoreboard_q_reg[7][pc][25]/CE","setup"
2392,-0.310,5.000,4.967,7,"student_top_inst/Core_cpu/u_core_top/u_dcache/u_tag_bank/mem_q_reg/CLKBWRCLK","student_top_inst/Core_cpu/u_core_top/scoreboard_q_reg[7][pc][29]/CE","setup"
2393,-0.310,5.000,4.967,7,"student_top_inst/Core_cpu/u_core_top/u_dcache/u_tag_bank/mem_q_reg/CLKBWRCLK","student_top_inst/Core_cpu/u_core_top/scoreboard_q_reg[7][rd][1]/CE","setup"
2394,-0.310,5.000,5.239,9,"student_top_inst/Core_cpu/u_core_top/u_dcache/u_tag_bank/mem_q_reg/CLKBWRCLK","student_top_inst/Core_cpu/u_core_top/scoreboard_q_reg[3][result][29]/D","setup"
2395,-0.310,5.000,4.549,0,"student_top_inst/cpu_rst_sync_reg/C","student_top_inst/Core_cpu/u_core_top/u_perf_counters/commit_o_reg[44]/R","setup"
2396,-0.310,5.000,4.549,0,"student_top_inst/cpu_rst_sync_reg/C","student_top_inst/Core_cpu/u_core_top/u_perf_counters/commit_o_reg[45]/R","setup"
2397,-0.310,5.000,4.549,0,"student_top_inst/cpu_rst_sync_reg/C","student_top_inst/Core_cpu/u_core_top/u_perf_counters/commit_o_reg[46]/R","setup"
2398,-0.310,5.000,4.549,0,"student_top_inst/cpu_rst_sync_reg/C","student_top_inst/Core_cpu/u_core_top/u_perf_counters/commit_o_reg[47]/R","setup"
2399,-0.310,5.000,4.925,0,"student_top_inst/Core_cpu/u_core_top/u_dmem_regslice/req_addr_q_reg[5]/C","student_top_inst/mem_bridge/dram_adapter/dram/U0/inst_blk_mem_gen/gnbram.gnativebmg.native_blk_mem_gen/valid.cstr/ramloop[12].ram.r/prim_init.ram/DEVICE_7SERIES.NO_BMM_INFO.SP.SIMPLE_PRIM36.ram/ADDRARDADDR[6]","setup"
2400,-0.309,5.000,5.207,8,"student_top_inst/Core_cpu/u_core_top/u_dcache/u_tag_bank/mem_q_reg/CLKBWRCLK","student_top_inst/Core_cpu/u_core_top/scoreboard_q_reg[3][result][2]/D","setup"
2401,-0.309,5.000,5.205,8,"student_top_inst/Core_cpu/u_core_top/u_dcache/u_tag_bank/mem_q_reg/CLKBWRCLK","student_top_inst/Core_cpu/u_core_top/scoreboard_q_reg[5][done]/D","setup"
2402,-0.309,5.000,5.222,11,"student_top_inst/Core_cpu/u_core_top/store_head_q_reg[1]/C","student_top_inst/Core_cpu/u_core_top/load_q_reg[1][forward_data][2]/D","setup"
2403,-0.309,5.000,5.271,10,"student_top_inst/Core_cpu/u_core_top/u_dcache/u_tag_bank/mem_q_reg/CLKBWRCLK","student_top_inst/Core_cpu/u_core_top/u_dmem_regslice/req_addr_q_reg[5]/D","setup"
2404,-0.308,5.000,4.970,7,"student_top_inst/Core_cpu/u_core_top/u_dcache/u_tag_bank/mem_q_reg/CLKBWRCLK","student_top_inst/Core_cpu/u_core_top/scoreboard_q_reg[7][link_addr][13]/CE","setup"
2405,-0.308,5.000,4.970,7,"student_top_inst/Core_cpu/u_core_top/u_dcache/u_tag_bank/mem_q_reg/CLKBWRCLK","student_top_inst/Core_cpu/u_core_top/scoreboard_q_reg[7][link_addr][19]/CE","setup"
2406,-0.308,5.000,4.970,7,"student_top_inst/Core_cpu/u_core_top/u_dcache/u_tag_bank/mem_q_reg/CLKBWRCLK","student_top_inst/Core_cpu/u_core_top/scoreboard_q_reg[7][link_addr][24]/CE","setup"
2407,-0.308,5.000,4.970,7,"student_top_inst/Core_cpu/u_core_top/u_dcache/u_tag_bank/mem_q_reg/CLKBWRCLK","student_top_inst/Core_cpu/u_core_top/scoreboard_q_reg[7][link_addr][26]/CE","setup"
2408,-0.307,5.000,5.235,9,"student_top_inst/Core_cpu/u_core_top/u_dcache/u_tag_bank/mem_q_reg/CLKBWRCLK","student_top_inst/Core_cpu/u_core_top/scoreboard_q_reg[3][result][25]/D","setup"
2409,-0.307,5.000,5.016,7,"student_top_inst/Core_cpu/u_core_top/scoreboard_q_reg[3][fu][1]/C","student_top_inst/Core_cpu/u_core_top/u_frontend/u_branch_predictor/ras_q_reg[1][21]/CE","setup"
2410,-0.307,5.000,5.016,7,"student_top_inst/Core_cpu/u_core_top/scoreboard_q_reg[3][fu][1]/C","student_top_inst/Core_cpu/u_core_top/u_frontend/u_branch_predictor/ras_q_reg[1][23]/CE","setup"
2411,-0.307,5.000,5.016,7,"student_top_inst/Core_cpu/u_core_top/scoreboard_q_reg[3][fu][1]/C","student_top_inst/Core_cpu/u_core_top/u_frontend/u_branch_predictor/ras_q_reg[1][29]/CE","setup"
2412,-0.307,5.000,5.197,11,"student_top_inst/Core_cpu/u_core_top/store_head_q_reg[1]/C","student_top_inst/Core_cpu/u_core_top/load_q_reg[1][forward_data][5]/D","setup"
2413,-0.307,5.000,5.010,9,"student_top_inst/Core_cpu/u_core_top/scoreboard_q_reg[3][fu][1]/C","student_top_inst/Core_cpu/u_core_top/scoreboard_q_reg[6][link_addr][5]/CE","setup"
2414,-0.307,5.000,5.010,9,"student_top_inst/Core_cpu/u_core_top/scoreboard_q_reg[3][fu][1]/C","student_top_inst/Core_cpu/u_core_top/scoreboard_q_reg[6][pc][11]/CE","setup"
2415,-0.307,5.000,4.976,7,"student_top_inst/Core_cpu/u_core_top/u_dcache/u_tag_bank/mem_q_reg/CLKBWRCLK","student_top_inst/Core_cpu/u_core_top/scoreboard_q_reg[3][pc][18]/CE","setup"
2416,-0.307,5.000,4.976,7,"student_top_inst/Core_cpu/u_core_top/u_dcache/u_tag_bank/mem_q_reg/CLKBWRCLK","student_top_inst/Core_cpu/u_core_top/scoreboard_q_reg[3][writes_rd]/CE","setup"
2417,-0.306,5.000,4.978,0,"student_top_inst/Core_cpu/u_core_top/u_dmem_regslice/req_addr_q_reg[6]/C","student_top_inst/mem_bridge/dram_adapter/dram/U0/inst_blk_mem_gen/gnbram.gnativebmg.native_blk_mem_gen/valid.cstr/ramloop[12].ram.r/prim_init.ram/DEVICE_7SERIES.NO_BMM_INFO.SP.SIMPLE_PRIM36.ram/ADDRARDADDR[7]","setup"
2418,-0.306,5.000,5.206,10,"student_top_inst/Core_cpu/u_core_top/u_dcache/u_tag_bank/mem_q_reg/CLKBWRCLK","student_top_inst/Core_cpu/u_core_top/load_q_reg[0][addr][20]/D","setup"
2419,-0.306,5.000,5.207,7,"student_top_inst/Core_cpu/u_core_top/commit_ptr_q_reg[2]_rep/C","student_top_inst/Core_cpu/u_core_top/u_csr/mcause_q_reg[2]/D","setup"
2420,-0.306,5.000,5.027,9,"student_top_inst/Core_cpu/u_core_top/scoreboard_q_reg[3][fu][1]/C","student_top_inst/Core_cpu/u_core_top/u_muldiv/u_div/U0/i_synth/i_has_input_skid.i_2to1/gen_has_z_tready.reg1_a_ready_reg/D","setup"
2421,-0.305,5.000,4.779,7,"student_top_inst/Core_cpu/u_core_top/u_dcache/u_tag_bank/mem_q_reg/CLKBWRCLK","student_top_inst/Core_cpu/u_core_top/u_dcache/g_data_bank[3].u_data_bank/mem_q_reg_0/ADDRBWRADDR[9]","setup"
2422,-0.305,5.000,4.824,8,"student_top_inst/Core_cpu/u_core_top/scoreboard_q_reg[3][fu][1]/C","student_top_inst/Core_cpu/u_core_top/u_dcache/g_data_bank[0].u_data_bank/mem_q_reg_0/ADDRARDADDR[14]","setup"
2423,-0.305,5.000,4.986,7,"student_top_inst/Core_cpu/u_core_top/u_dcache/u_tag_bank/mem_q_reg/CLKBWRCLK","student_top_inst/Core_cpu/u_core_top/scoreboard_q_reg[7][link_addr][14]/CE","setup"
2424,-0.305,5.000,4.986,7,"student_top_inst/Core_cpu/u_core_top/u_dcache/u_tag_bank/mem_q_reg/CLKBWRCLK","student_top_inst/Core_cpu/u_core_top/scoreboard_q_reg[7][pc][20]/CE","setup"
2425,-0.305,5.000,4.986,7,"student_top_inst/Core_cpu/u_core_top/u_dcache/u_tag_bank/mem_q_reg/CLKBWRCLK","student_top_inst/Core_cpu/u_core_top/scoreboard_q_reg[7][pc][26]/CE","setup"
2426,-0.305,5.000,4.986,7,"student_top_inst/Core_cpu/u_core_top/u_dcache/u_tag_bank/mem_q_reg/CLKBWRCLK","student_top_inst/Core_cpu/u_core_top/scoreboard_q_reg[7][rd][3]/CE","setup"
2427,-0.304,5.000,5.131,8,"student_top_inst/Core_cpu/u_core_top/u_dcache/u_tag_bank/mem_q_reg/CLKBWRCLK","student_top_inst/Core_cpu/u_core_top/scoreboard_q_reg[7][exception_tval][4]/D","setup"
2428,-0.304,5.000,4.988,7,"student_top_inst/Core_cpu/u_core_top/u_dcache/u_tag_bank/mem_q_reg/CLKBWRCLK","student_top_inst/Core_cpu/u_core_top/scoreboard_q_reg[4][link_addr][12]/CE","setup"
2429,-0.304,5.000,4.988,7,"student_top_inst/Core_cpu/u_core_top/u_dcache/u_tag_bank/mem_q_reg/CLKBWRCLK","student_top_inst/Core_cpu/u_core_top/scoreboard_q_reg[4][link_addr][29]/CE","setup"
2430,-0.304,5.000,4.988,7,"student_top_inst/Core_cpu/u_core_top/u_dcache/u_tag_bank/mem_q_reg/CLKBWRCLK","student_top_inst/Core_cpu/u_core_top/scoreboard_q_reg[4][link_addr][30]/CE","setup"
2431,-0.304,5.000,4.988,7,"student_top_inst/Core_cpu/u_core_top/u_dcache/u_tag_bank/mem_q_reg/CLKBWRCLK","student_top_inst/Core_cpu/u_core_top/scoreboard_q_reg[4][link_addr][6]/CE","setup"
2432,-0.304,5.000,4.988,7,"student_top_inst/Core_cpu/u_core_top/u_dcache/u_tag_bank/mem_q_reg/CLKBWRCLK","student_top_inst/Core_cpu/u_core_top/scoreboard_q_reg[4][link_addr][8]/CE","setup"
2433,-0.304,5.000,4.988,7,"student_top_inst/Core_cpu/u_core_top/u_dcache/u_tag_bank/mem_q_reg/CLKBWRCLK","student_top_inst/Core_cpu/u_core_top/scoreboard_q_reg[4][pc][14]/CE","setup"
2434,-0.304,5.000,4.988,7,"student_top_inst/Core_cpu/u_core_top/u_dcache/u_tag_bank/mem_q_reg/CLKBWRCLK","student_top_inst/Core_cpu/u_core_top/scoreboard_q_reg[4][pc][17]/CE","setup"
2435,-0.304,5.000,4.988,7,"student_top_inst/Core_cpu/u_core_top/u_dcache/u_tag_bank/mem_q_reg/CLKBWRCLK","student_top_inst/Core_cpu/u_core_top/scoreboard_q_reg[4][pc][6]/CE","setup"
2436,-0.304,5.000,4.882,7,"student_top_inst/Core_cpu/u_core_top/u_dcache/u_tag_bank/mem_q_reg/CLKBWRCLK","student_top_inst/Core_cpu/u_core_top/scoreboard_q_reg[4][result][24]/R","setup"
2437,-0.304,5.000,4.882,7,"student_top_inst/Core_cpu/u_core_top/u_dcache/u_tag_bank/mem_q_reg/CLKBWRCLK","student_top_inst/Core_cpu/u_core_top/scoreboard_q_reg[4][result][4]/R","setup"
2438,-0.304,5.000,4.882,7,"student_top_inst/Core_cpu/u_core_top/u_dcache/u_tag_bank/mem_q_reg/CLKBWRCLK","student_top_inst/Core_cpu/u_core_top/scoreboard_q_reg[4][result][6]/R","setup"
2439,-0.304,5.000,4.882,7,"student_top_inst/Core_cpu/u_core_top/u_dcache/u_tag_bank/mem_q_reg/CLKBWRCLK","student_top_inst/Core_cpu/u_core_top/scoreboard_q_reg[4][result][8]/R","setup"
2440,-0.304,5.000,5.205,10,"student_top_inst/Core_cpu/u_core_top/u_dcache/u_tag_bank/mem_q_reg/CLKBWRCLK","student_top_inst/Core_cpu/u_core_top/load_q_reg[0][addr][1]/D","setup"
2441,-0.304,5.000,4.987,8,"student_top_inst/Core_cpu/u_core_top/u_dcache/u_tag_bank/mem_q_reg/CLKBWRCLK","student_top_inst/Core_cpu/u_core_top/exec_mem_addr_q_reg[12]/CE","setup"
2442,-0.304,5.000,4.987,8,"student_top_inst/Core_cpu/u_core_top/u_dcache/u_tag_bank/mem_q_reg/CLKBWRCLK","student_top_inst/Core_cpu/u_core_top/exec_mem_addr_q_reg[13]/CE","setup"
2443,-0.304,5.000,4.987,8,"student_top_inst/Core_cpu/u_core_top/u_dcache/u_tag_bank/mem_q_reg/CLKBWRCLK","student_top_inst/Core_cpu/u_core_top/exec_mem_addr_q_reg[14]/CE","setup"
2444,-0.304,5.000,4.987,8,"student_top_inst/Core_cpu/u_core_top/u_dcache/u_tag_bank/mem_q_reg/CLKBWRCLK","student_top_inst/Core_cpu/u_core_top/exec_mem_addr_q_reg[15]/CE","setup"
2445,-0.304,5.000,5.266,12,"student_top_inst/Core_cpu/u_core_top/store_head_q_reg[1]/C","student_top_inst/Core_cpu/u_core_top/load_q_reg[0][forward_data][1]/D","setup"
2446,-0.304,5.000,5.202,8,"student_top_inst/Core_cpu/u_core_top/u_dcache/u_tag_bank/mem_q_reg/CLKBWRCLK","student_top_inst/Core_cpu/u_core_top/producer_valid_q_reg[15]/D","setup"
2447,-0.304,5.000,5.135,8,"student_top_inst/Core_cpu/u_core_top/u_dcache/u_tag_bank/mem_q_reg/CLKBWRCLK","student_top_inst/Core_cpu/u_core_top/scoreboard_q_reg[3][exception_cause][0]/D","setup"
2448,-0.304,5.000,5.239,10,"student_top_inst/Core_cpu/u_core_top/u_dcache/u_tag_bank/mem_q_reg/CLKBWRCLK","student_top_inst/Core_cpu/u_core_top/u_dmem_regslice/req_wdata_q_reg[13]/D","setup"
2449,-0.304,5.000,5.132,8,"student_top_inst/Core_cpu/u_core_top/u_dcache/u_tag_bank/mem_q_reg/CLKBWRCLK","student_top_inst/Core_cpu/u_core_top/scoreboard_q_reg[3][exception_tval][5]/D","setup"
2450,-0.303,5.000,4.761,8,"student_top_inst/Core_cpu/u_core_top/scoreboard_q_reg[3][fu][1]/C","student_top_inst/Core_cpu/u_core_top/u_muldiv/u_div/U0/i_synth/i_has_input_skid.i_2to1/gen_has_z_tready.reg1_a_tdata_reg[20]/CE","setup"
2451,-0.303,5.000,4.761,8,"student_top_inst/Core_cpu/u_core_top/scoreboard_q_reg[3][fu][1]/C","student_top_inst/Core_cpu/u_core_top/u_muldiv/u_div/U0/i_synth/i_has_input_skid.i_2to1/gen_has_z_tready.reg1_a_tdata_reg[21]/CE","setup"
2452,-0.303,5.000,4.760,8,"student_top_inst/Core_cpu/u_core_top/scoreboard_q_reg[3][fu][1]/C","student_top_inst/Core_cpu/u_core_top/u_muldiv/u_div/U0/i_synth/i_has_input_skid.i_2to1/gen_has_z_tready.reg1_a_tdata_reg[15]/CE","setup"
2453,-0.303,5.000,4.893,9,"student_top_inst/Core_cpu/u_core_top/scoreboard_q_reg[3][fu][1]/C","student_top_inst/Core_cpu/u_core_top/scoreboard_q_reg[0][result][17]/R","setup"
2454,-0.303,5.000,4.893,9,"student_top_inst/Core_cpu/u_core_top/scoreboard_q_reg[3][fu][1]/C","student_top_inst/Core_cpu/u_core_top/scoreboard_q_reg[0][result][20]/R","setup"
2455,-0.303,5.000,4.893,9,"student_top_inst/Core_cpu/u_core_top/scoreboard_q_reg[3][fu][1]/C","student_top_inst/Core_cpu/u_core_top/scoreboard_q_reg[0][result][24]/R","setup"
2456,-0.303,5.000,5.204,7,"student_top_inst/Core_cpu/u_core_top/commit_ptr_q_reg[2]_rep/C","student_top_inst/Core_cpu/u_core_top/u_csr/mepc_q_reg[28]/D","setup"
2457,-0.302,5.000,4.966,7,"student_top_inst/Core_cpu/u_core_top/u_dcache/u_tag_bank/mem_q_reg/CLKBWRCLK","student_top_inst/Core_cpu/u_core_top/scoreboard_q_reg[5][link_addr][31]/CE","setup"
2458,-0.302,5.000,4.966,7,"student_top_inst/Core_cpu/u_core_top/u_dcache/u_tag_bank/mem_q_reg/CLKBWRCLK","student_top_inst/Core_cpu/u_core_top/scoreboard_q_reg[5][pc][19]/CE","setup"
2459,-0.302,5.000,4.966,7,"student_top_inst/Core_cpu/u_core_top/u_dcache/u_tag_bank/mem_q_reg/CLKBWRCLK","student_top_inst/Core_cpu/u_core_top/scoreboard_q_reg[5][pc][1]/CE","setup"
2460,-0.302,5.000,4.966,7,"student_top_inst/Core_cpu/u_core_top/u_dcache/u_tag_bank/mem_q_reg/CLKBWRCLK","student_top_inst/Core_cpu/u_core_top/scoreboard_q_reg[5][pc][21]/CE","setup"
2461,-0.302,5.000,5.201,8,"student_top_inst/Core_cpu/u_core_top/u_dcache/u_tag_bank/mem_q_reg/CLKBWRCLK","student_top_inst/Core_cpu/u_core_top/producer_valid_q_reg[14]/D","setup"
2462,-0.302,5.000,5.194,8,"student_top_inst/Core_cpu/u_core_top/u_dcache/u_tag_bank/mem_q_reg/CLKBWRCLK","student_top_inst/Core_cpu/u_core_top/scoreboard_q_reg[5][result][2]/D","setup"
2463,-0.302,5.000,5.199,8,"student_top_inst/Core_cpu/u_core_top/u_dcache/u_tag_bank/mem_q_reg/CLKBWRCLK","student_top_inst/Core_cpu/u_core_top/scoreboard_q_reg[1][result][0]/D","setup"
2464,-0.301,5.000,5.128,8,"student_top_inst/Core_cpu/u_core_top/u_dcache/u_tag_bank/mem_q_reg/CLKBWRCLK","student_top_inst/Core_cpu/u_core_top/scoreboard_q_reg[7][exception_tval][30]/D","setup"
2465,-0.301,5.000,4.774,7,"student_top_inst/Core_cpu/u_core_top/u_dcache/u_tag_bank/mem_q_reg/CLKBWRCLK","student_top_inst/Core_cpu/u_core_top/u_dcache/g_data_bank[3].u_data_bank/mem_q_reg_0/ADDRBWRADDR[11]","setup"
2466,-0.301,5.000,5.237,10,"student_top_inst/Core_cpu/u_core_top/u_dcache/u_tag_bank/mem_q_reg/CLKBWRCLK","student_top_inst/Core_cpu/u_core_top/u_dmem_regslice/req_wdata_q_reg[1]/D","setup"
2467,-0.301,5.000,4.858,7,"student_top_inst/Core_cpu/u_core_top/u_dcache/u_tag_bank/mem_q_reg/CLKBWRCLK","student_top_inst/Core_cpu/u_core_top/scoreboard_q_reg[4][result][2]/R","setup"
2468,-0.301,5.000,4.858,7,"student_top_inst/Core_cpu/u_core_top/u_dcache/u_tag_bank/mem_q_reg/CLKBWRCLK","student_top_inst/Core_cpu/u_core_top/scoreboard_q_reg[4][result][5]/R","setup"
2469,-0.301,5.000,4.858,7,"student_top_inst/Core_cpu/u_core_top/u_dcache/u_tag_bank/mem_q_reg/CLKBWRCLK","student_top_inst/Core_cpu/u_core_top/scoreboard_q_reg[4][result][7]/R","setup"
2470,-0.301,5.000,5.194,9,"student_top_inst/Core_cpu/u_core_top/u_dcache/u_tag_bank/mem_q_reg/CLKBWRCLK","student_top_inst/Core_cpu/u_core_top/scoreboard_q_reg[1][result][22]/D","setup"
2471,-0.300,5.000,5.128,8,"student_top_inst/Core_cpu/u_core_top/u_dcache/u_tag_bank/mem_q_reg/CLKBWRCLK","student_top_inst/Core_cpu/u_core_top/scoreboard_q_reg[3][exception_tval][20]/D","setup"
2472,-0.300,5.000,4.985,7,"student_top_inst/Core_cpu/u_core_top/u_dcache/u_tag_bank/mem_q_reg/CLKBWRCLK","student_top_inst/Core_cpu/u_core_top/scoreboard_q_reg[0][result][3]/CE","setup"
2473,-0.300,5.000,5.195,8,"student_top_inst/Core_cpu/u_core_top/u_dcache/u_tag_bank/mem_q_reg/CLKBWRCLK","student_top_inst/Core_cpu/u_core_top/scoreboard_q_reg[0][result][10]/D","setup"
2474,-0.299,5.000,4.963,9,"student_top_inst/Core_cpu/u_core_top/u_dcache/u_tag_bank/mem_q_reg/CLKBWRCLK","student_top_inst/Core_cpu/u_core_top/load_active_meta_q_reg[forward_data][25]/CE","setup"
2475,-0.299,5.000,4.963,9,"student_top_inst/Core_cpu/u_core_top/u_dcache/u_tag_bank/mem_q_reg/CLKBWRCLK","student_top_inst/Core_cpu/u_core_top/load_active_meta_q_reg[forward_data][5]/CE","setup"
2476,-0.299,5.000,4.963,9,"student_top_inst/Core_cpu/u_core_top/u_dcache/u_tag_bank/mem_q_reg/CLKBWRCLK","student_top_inst/Core_cpu/u_core_top/load_active_meta_q_reg[forward_data][9]/CE","setup"
2477,-0.299,5.000,4.878,7,"student_top_inst/Core_cpu/u_core_top/u_dcache/u_tag_bank/mem_q_reg/CLKBWRCLK","student_top_inst/Core_cpu/u_core_top/scoreboard_q_reg[4][result][27]/R","setup"
2478,-0.299,5.000,5.126,6,"student_top_inst/Core_cpu/u_core_top/commit_ptr_q_reg[2]_rep/C","student_top_inst/Core_cpu/u_core_top/u_csr/mscratch_q_reg[8]/D","setup"
2479,-0.298,5.000,4.916,0,"student_top_inst/Core_cpu/u_core_top/u_dmem_regslice/req_addr_q_reg[3]/C","student_top_inst/mem_bridge/dram_adapter/dram/U0/inst_blk_mem_gen/gnbram.gnativebmg.native_blk_mem_gen/valid.cstr/ramloop[3].ram.r/prim_init.ram/DEVICE_7SERIES.NO_BMM_INFO.SP.SIMPLE_PRIM36.ram/ADDRARDADDR[4]","setup"
2480,-0.298,5.000,5.210,11,"student_top_inst/Core_cpu/u_core_top/store_head_q_reg[1]/C","student_top_inst/Core_cpu/u_core_top/load_q_reg[1][forward_data][9]/D","setup"
2481,-0.298,5.000,4.961,7,"student_top_inst/Core_cpu/u_core_top/u_dcache/u_tag_bank/mem_q_reg/CLKBWRCLK","student_top_inst/Core_cpu/u_core_top/scoreboard_q_reg[2][result][28]/CE","setup"
2482,-0.298,5.000,5.195,10,"student_top_inst/Core_cpu/u_core_top/u_dcache/u_tag_bank/mem_q_reg/CLKBWRCLK","student_top_inst/Core_cpu/u_core_top/store_q_reg[1][valid]/D","setup"
2483,-0.298,5.000,4.953,7,"student_top_inst/Core_cpu/u_core_top/u_dcache/u_tag_bank/mem_q_reg/CLKBWRCLK","student_top_inst/Core_cpu/u_core_top/scoreboard_q_reg[7][csr_src][15]/CE","setup"
2484,-0.298,5.000,4.953,7,"student_top_inst/Core_cpu/u_core_top/u_dcache/u_tag_bank/mem_q_reg/CLKBWRCLK","student_top_inst/Core_cpu/u_core_top/scoreboard_q_reg[7][csr_src][22]/CE","setup"
2485,-0.298,5.000,4.953,7,"student_top_inst/Core_cpu/u_core_top/u_dcache/u_tag_bank/mem_q_reg/CLKBWRCLK","student_top_inst/Core_cpu/u_core_top/scoreboard_q_reg[7][csr_src][24]/CE","setup"
2486,-0.298,5.000,4.953,7,"student_top_inst/Core_cpu/u_core_top/u_dcache/u_tag_bank/mem_q_reg/CLKBWRCLK","student_top_inst/Core_cpu/u_core_top/scoreboard_q_reg[7][csr_src][2]/CE","setup"
2487,-0.298,5.000,4.953,7,"student_top_inst/Core_cpu/u_core_top/u_dcache/u_tag_bank/mem_q_reg/CLKBWRCLK","student_top_inst/Core_cpu/u_core_top/scoreboard_q_reg[7][csr_src][31]/CE","setup"
2488,-0.298,5.000,4.953,7,"student_top_inst/Core_cpu/u_core_top/u_dcache/u_tag_bank/mem_q_reg/CLKBWRCLK","student_top_inst/Core_cpu/u_core_top/scoreboard_q_reg[7][csr_src][3]/CE","setup"
2489,-0.298,5.000,4.953,7,"student_top_inst/Core_cpu/u_core_top/u_dcache/u_tag_bank/mem_q_reg/CLKBWRCLK","student_top_inst/Core_cpu/u_core_top/scoreboard_q_reg[7][csr_src][5]/CE","setup"
2490,-0.298,5.000,4.953,7,"student_top_inst/Core_cpu/u_core_top/u_dcache/u_tag_bank/mem_q_reg/CLKBWRCLK","student_top_inst/Core_cpu/u_core_top/scoreboard_q_reg[7][csr_src][6]/CE","setup"
2491,-0.297,5.000,4.757,0,"student_top_inst/cpu_rst_sync_reg/C","student_top_inst/Core_cpu/u_core_top/exec_q_reg[op2][15]/R","setup"
2492,-0.297,5.000,5.224,8,"student_top_inst/Core_cpu/u_core_top/u_dcache/u_tag_bank/mem_q_reg/CLKBWRCLK","student_top_inst/Core_cpu/u_core_top/producer_valid_q_reg[8]/D","setup"
2493,-0.297,5.000,4.954,7,"student_top_inst/Core_cpu/u_core_top/u_dcache/u_tag_bank/mem_q_reg/CLKBWRCLK","student_top_inst/Core_cpu/u_core_top/scoreboard_q_reg[4][csr_addr][7]/CE","setup"
2494,-0.297,5.000,4.954,7,"student_top_inst/Core_cpu/u_core_top/u_dcache/u_tag_bank/mem_q_reg/CLKBWRCLK","student_top_inst/Core_cpu/u_core_top/scoreboard_q_reg[4][link_addr][11]/CE","setup"
2495,-0.297,5.000,4.954,7,"student_top_inst/Core_cpu/u_core_top/u_dcache/u_tag_bank/mem_q_reg/CLKBWRCLK","student_top_inst/Core_cpu/u_core_top/scoreboard_q_reg[4][pc][16]/CE","setup"
2496,-0.297,5.000,4.954,7,"student_top_inst/Core_cpu/u_core_top/u_dcache/u_tag_bank/mem_q_reg/CLKBWRCLK","student_top_inst/Core_cpu/u_core_top/scoreboard_q_reg[4][rd][4]/CE","setup"
2497,-0.297,5.000,5.190,8,"student_top_inst/Core_cpu/u_core_top/u_dcache/u_tag_bank/mem_q_reg/CLKBWRCLK","student_top_inst/Core_cpu/u_core_top/scoreboard_q_reg[3][result][6]/D","setup"
2498,-0.297,5.000,5.220,8,"student_top_inst/Core_cpu/u_core_top/u_dcache/u_tag_bank/mem_q_reg/CLKBWRCLK","student_top_inst/Core_cpu/u_core_top/scoreboard_q_reg[6][result][10]/D","setup"
2499,-0.297,5.000,5.092,0,"student_top_inst/Core_cpu/u_core_top/u_dmem_regslice/req_addr_q_reg[5]/C","student_top_inst/mem_bridge/dram_adapter/dram/U0/inst_blk_mem_gen/gnbram.gnativebmg.native_blk_mem_gen/valid.cstr/ramloop[1].ram.r/prim_init.ram/DEVICE_7SERIES.NO_BMM_INFO.SP.SIMPLE_PRIM36.ram/ADDRARDADDR[6]","setup"
2500,-0.296,5.000,4.788,5,"student_top_inst/mem_bridge/dram_adapter/dram/U0/inst_blk_mem_gen/gnbram.gnativebmg.native_blk_mem_gen/valid.cstr/ramloop[10].ram.r/prim_init.ram/DEVICE_7SERIES.NO_BMM_INFO.SP.SIMPLE_PRIM36.ram/CLKARDCLK","student_top_inst/Core_cpu/u_core_top/u_dmem_regslice/resp_rdata_q_reg[4]/D","setup"
2501,-0.296,5.000,4.991,9,"student_top_inst/Core_cpu/u_core_top/scoreboard_q_reg[3][fu][1]/C","student_top_inst/Core_cpu/u_core_top/scoreboard_q_reg[0][pc][7]/CE","setup"
2502,-0.296,5.000,4.991,9,"student_top_inst/Core_cpu/u_core_top/scoreboard_q_reg[3][fu][1]/C","student_top_inst/Core_cpu/u_core_top/scoreboard_q_reg[0][rd][4]/CE","setup"
2503,-0.296,5.000,4.977,7,"student_top_inst/Core_cpu/u_core_top/u_dcache/u_tag_bank/mem_q_reg/CLKBWRCLK","student_top_inst/Core_cpu/u_core_top/scoreboard_q_reg[6][result][16]/CE","setup"
2504,-0.296,5.000,4.977,7,"student_top_inst/Core_cpu/u_core_top/u_dcache/u_tag_bank/mem_q_reg/CLKBWRCLK","student_top_inst/Core_cpu/u_core_top/scoreboard_q_reg[6][result][19]/CE","setup"
2505,-0.296,5.000,4.977,7,"student_top_inst/Core_cpu/u_core_top/u_dcache/u_tag_bank/mem_q_reg/CLKBWRCLK","student_top_inst/Core_cpu/u_core_top/scoreboard_q_reg[6][result][20]/CE","setup"
2506,-0.296,5.000,4.977,7,"student_top_inst/Core_cpu/u_core_top/u_dcache/u_tag_bank/mem_q_reg/CLKBWRCLK","student_top_inst/Core_cpu/u_core_top/scoreboard_q_reg[6][result][21]/CE","setup"
2507,-0.295,5.000,5.221,10,"student_top_inst/Core_cpu/u_core_top/u_dcache/u_tag_bank/mem_q_reg/CLKBWRCLK","student_top_inst/Core_cpu/u_core_top/exec_q_reg[op2][15]/D","setup"
2508,-0.295,5.000,5.193,8,"student_top_inst/Core_cpu/u_core_top/u_dcache/u_tag_bank/mem_q_reg/CLKBWRCLK","student_top_inst/Core_cpu/u_core_top/producer_valid_q_reg[10]/D","setup"
2509,-0.295,5.000,4.959,7,"student_top_inst/Core_cpu/u_core_top/u_dcache/u_tag_bank/mem_q_reg/CLKBWRCLK","student_top_inst/Core_cpu/u_core_top/scoreboard_q_reg[1][result][10]/CE","setup"
2510,-0.295,5.000,4.959,7,"student_top_inst/Core_cpu/u_core_top/u_dcache/u_tag_bank/mem_q_reg/CLKBWRCLK","student_top_inst/Core_cpu/u_core_top/scoreboard_q_reg[1][result][28]/CE","setup"
2511,-0.295,5.000,4.959,7,"student_top_inst/Core_cpu/u_core_top/u_dcache/u_tag_bank/mem_q_reg/CLKBWRCLK","student_top_inst/Core_cpu/u_core_top/scoreboard_q_reg[1][result][7]/CE","setup"
2512,-0.295,5.000,4.959,7,"student_top_inst/Core_cpu/u_core_top/u_dcache/u_tag_bank/mem_q_reg/CLKBWRCLK","student_top_inst/Core_cpu/u_core_top/scoreboard_q_reg[1][result][8]/CE","setup"
2513,-0.295,5.000,5.014,7,"student_top_inst/Core_cpu/u_core_top/u_dcache/u_tag_bank/mem_q_reg/CLKBWRCLK","student_top_inst/Core_cpu/u_core_top/id_uop_q_reg[csr_addr][4]/CE","setup"
2514,-0.295,5.000,5.014,7,"student_top_inst/Core_cpu/u_core_top/u_dcache/u_tag_bank/mem_q_reg/CLKBWRCLK","student_top_inst/Core_cpu/u_core_top/id_uop_q_reg[csr_addr][5]/CE","setup"
2515,-0.295,5.000,5.014,7,"student_top_inst/Core_cpu/u_core_top/u_dcache/u_tag_bank/mem_q_reg/CLKBWRCLK","student_top_inst/Core_cpu/u_core_top/id_uop_q_reg[exception_tval][19]/CE","setup"
2516,-0.295,5.000,5.014,7,"student_top_inst/Core_cpu/u_core_top/u_dcache/u_tag_bank/mem_q_reg/CLKBWRCLK","student_top_inst/Core_cpu/u_core_top/id_uop_q_reg[exception_tval][6]/CE","setup"
2517,-0.295,5.000,5.014,7,"student_top_inst/Core_cpu/u_core_top/u_dcache/u_tag_bank/mem_q_reg/CLKBWRCLK","student_top_inst/Core_cpu/u_core_top/id_uop_q_reg[load_unsigned]/CE","setup"
2518,-0.295,5.000,5.176,11,"student_top_inst/Core_cpu/u_core_top/store_head_q_reg[1]/C","student_top_inst/Core_cpu/u_core_top/load_q_reg[1][forward_data][7]/D","setup"
2519,-0.294,5.000,5.079,0,"student_top_inst/Core_cpu/u_core_top/u_dmem_regslice/req_addr_q_reg[8]/C","student_top_inst/mem_bridge/dram_adapter/dram/U0/inst_blk_mem_gen/gnbram.gnativebmg.native_blk_mem_gen/valid.cstr/ramloop[11].ram.r/prim_init.ram/DEVICE_7SERIES.NO_BMM_INFO.SP.SIMPLE_PRIM36.ram/ADDRARDADDR[9]","setup"
2520,-0.294,5.000,4.991,9,"student_top_inst/Core_cpu/u_core_top/scoreboard_q_reg[3][fu][1]/C","student_top_inst/Core_cpu/u_core_top/scoreboard_q_reg[0][csr_src][12]/CE","setup"
2521,-0.294,5.000,4.991,9,"student_top_inst/Core_cpu/u_core_top/scoreboard_q_reg[3][fu][1]/C","student_top_inst/Core_cpu/u_core_top/scoreboard_q_reg[0][csr_src][13]/CE","setup"
2522,-0.294,5.000,4.991,9,"student_top_inst/Core_cpu/u_core_top/scoreboard_q_reg[3][fu][1]/C","student_top_inst/Core_cpu/u_core_top/scoreboard_q_reg[0][csr_src][18]/CE","setup"
2523,-0.294,5.000,4.991,9,"student_top_inst/Core_cpu/u_core_top/scoreboard_q_reg[3][fu][1]/C","student_top_inst/Core_cpu/u_core_top/scoreboard_q_reg[0][csr_src][21]/CE","setup"
2524,-0.294,5.000,4.991,9,"student_top_inst/Core_cpu/u_core_top/scoreboard_q_reg[3][fu][1]/C","student_top_inst/Core_cpu/u_core_top/scoreboard_q_reg[0][csr_src][27]/CE","setup"
2525,-0.294,5.000,4.991,9,"student_top_inst/Core_cpu/u_core_top/scoreboard_q_reg[3][fu][1]/C","student_top_inst/Core_cpu/u_core_top/scoreboard_q_reg[0][csr_src][29]/CE","setup"
2526,-0.294,5.000,4.954,7,"student_top_inst/Core_cpu/u_core_top/u_dcache/u_tag_bank/mem_q_reg/CLKBWRCLK","student_top_inst/Core_cpu/u_core_top/scoreboard_q_reg[3][csr_addr][2]/CE","setup"
2527,-0.294,5.000,4.954,7,"student_top_inst/Core_cpu/u_core_top/u_dcache/u_tag_bank/mem_q_reg/CLKBWRCLK","student_top_inst/Core_cpu/u_core_top/scoreboard_q_reg[3][csr_addr][5]/CE","setup"
2528,-0.294,5.000,4.954,7,"student_top_inst/Core_cpu/u_core_top/u_dcache/u_tag_bank/mem_q_reg/CLKBWRCLK","student_top_inst/Core_cpu/u_core_top/scoreboard_q_reg[3][pc][15]/CE","setup"
2529,-0.294,5.000,4.974,7,"student_top_inst/Core_cpu/u_core_top/u_dcache/u_tag_bank/mem_q_reg/CLKBWRCLK","student_top_inst/Core_cpu/u_core_top/scoreboard_q_reg[3][pc][21]/CE","setup"
2530,-0.294,5.000,4.974,7,"student_top_inst/Core_cpu/u_core_top/u_dcache/u_tag_bank/mem_q_reg/CLKBWRCLK","student_top_inst/Core_cpu/u_core_top/scoreboard_q_reg[3][pc][24]/CE","setup"
2531,-0.294,5.000,4.974,7,"student_top_inst/Core_cpu/u_core_top/u_dcache/u_tag_bank/mem_q_reg/CLKBWRCLK","student_top_inst/Core_cpu/u_core_top/scoreboard_q_reg[3][pc][26]/CE","setup"
2532,-0.294,5.000,4.974,7,"student_top_inst/Core_cpu/u_core_top/u_dcache/u_tag_bank/mem_q_reg/CLKBWRCLK","student_top_inst/Core_cpu/u_core_top/scoreboard_q_reg[3][pc][29]/CE","setup"
2533,-0.294,5.000,4.974,7,"student_top_inst/Core_cpu/u_core_top/u_dcache/u_tag_bank/mem_q_reg/CLKBWRCLK","student_top_inst/Core_cpu/u_core_top/scoreboard_q_reg[3][pc][2]/CE","setup"
2534,-0.294,5.000,4.954,7,"student_top_inst/Core_cpu/u_core_top/u_dcache/u_tag_bank/mem_q_reg/CLKBWRCLK","student_top_inst/Core_cpu/u_core_top/scoreboard_q_reg[4][csr_addr][2]/CE","setup"
2535,-0.294,5.000,4.954,7,"student_top_inst/Core_cpu/u_core_top/u_dcache/u_tag_bank/mem_q_reg/CLKBWRCLK","student_top_inst/Core_cpu/u_core_top/scoreboard_q_reg[4][link_addr][18]/CE","setup"
2536,-0.294,5.000,4.954,7,"student_top_inst/Core_cpu/u_core_top/u_dcache/u_tag_bank/mem_q_reg/CLKBWRCLK","student_top_inst/Core_cpu/u_core_top/scoreboard_q_reg[4][pc][12]/CE","setup"
2537,-0.294,5.000,4.954,7,"student_top_inst/Core_cpu/u_core_top/u_dcache/u_tag_bank/mem_q_reg/CLKBWRCLK","student_top_inst/Core_cpu/u_core_top/scoreboard_q_reg[4][pc][13]/CE","setup"
2538,-0.294,5.000,5.124,8,"student_top_inst/Core_cpu/u_core_top/u_dcache/u_tag_bank/mem_q_reg/CLKBWRCLK","student_top_inst/Core_cpu/u_core_top/scoreboard_q_reg[5][exception_tval][14]/D","setup"
2539,-0.293,5.000,4.959,7,"student_top_inst/Core_cpu/u_core_top/u_dcache/u_tag_bank/mem_q_reg/CLKBWRCLK","student_top_inst/Core_cpu/u_core_top/id_uop_q_reg[imm][21]/CE","setup"
2540,-0.293,5.000,4.959,7,"student_top_inst/Core_cpu/u_core_top/u_dcache/u_tag_bank/mem_q_reg/CLKBWRCLK","student_top_inst/Core_cpu/u_core_top/id_uop_q_reg[imm][22]/CE","setup"
2541,-0.293,5.000,4.959,7,"student_top_inst/Core_cpu/u_core_top/u_dcache/u_tag_bank/mem_q_reg/CLKBWRCLK","student_top_inst/Core_cpu/u_core_top/id_uop_q_reg[is_jalr]/CE","setup"
2542,-0.293,5.000,4.959,7,"student_top_inst/Core_cpu/u_core_top/u_dcache/u_tag_bank/mem_q_reg/CLKBWRCLK","student_top_inst/Core_cpu/u_core_top/id_uop_q_reg[rs2][2]/CE","setup"
2543,-0.293,5.000,4.959,7,"student_top_inst/Core_cpu/u_core_top/u_dcache/u_tag_bank/mem_q_reg/CLKBWRCLK","student_top_inst/Core_cpu/u_core_top/id_uop_q_reg[rs2]_rep[4]/CE","setup"
2544,-0.293,5.000,4.959,7,"student_top_inst/Core_cpu/u_core_top/u_dcache/u_tag_bank/mem_q_reg/CLKBWRCLK","student_top_inst/Core_cpu/u_core_top/id_uop_q_reg[uses_rs2]/CE","setup"
2545,-0.293,5.000,4.981,9,"student_top_inst/Core_cpu/u_core_top/u_dcache/u_tag_bank/mem_q_reg/CLKBWRCLK","student_top_inst/Core_cpu/u_core_top/load_active_meta_q_reg[forward_data][17]/CE","setup"
2546,-0.293,5.000,4.981,9,"student_top_inst/Core_cpu/u_core_top/u_dcache/u_tag_bank/mem_q_reg/CLKBWRCLK","student_top_inst/Core_cpu/u_core_top/load_active_meta_q_reg[forward_data][24]/CE","setup"
2547,-0.293,5.000,4.981,9,"student_top_inst/Core_cpu/u_core_top/u_dcache/u_tag_bank/mem_q_reg/CLKBWRCLK","student_top_inst/Core_cpu/u_core_top/load_active_meta_q_reg[forward_data][8]/CE","setup"
2548,-0.292,5.000,5.124,8,"student_top_inst/Core_cpu/u_core_top/u_dcache/u_tag_bank/mem_q_reg/CLKBWRCLK","student_top_inst/Core_cpu/u_core_top/scoreboard_q_reg[5][exception_tval][30]/D","setup"
2549,-0.292,5.000,5.015,7,"student_top_inst/Core_cpu/u_core_top/u_dcache/u_tag_bank/mem_q_reg/CLKBWRCLK","student_top_inst/Core_cpu/u_core_top/id_uop_q_reg[alu_op][1]/CE","setup"
2550,-0.292,5.000,5.015,7,"student_top_inst/Core_cpu/u_core_top/u_dcache/u_tag_bank/mem_q_reg/CLKBWRCLK","student_top_inst/Core_cpu/u_core_top/id_uop_q_reg[exception_cause][3]/CE","setup"
2551,-0.292,5.000,5.254,10,"student_top_inst/Core_cpu/u_core_top/u_dcache/u_tag_bank/mem_q_reg/CLKBWRCLK","student_top_inst/Core_cpu/u_core_top/u_dmem_regslice/req_addr_q_reg[12]/D","setup"
2552,-0.292,5.000,4.972,7,"student_top_inst/Core_cpu/u_core_top/u_dcache/u_tag_bank/mem_q_reg/CLKBWRCLK","student_top_inst/Core_cpu/u_core_top/scoreboard_q_reg[6][result][0]/CE","setup"
2553,-0.292,5.000,4.972,7,"student_top_inst/Core_cpu/u_core_top/u_dcache/u_tag_bank/mem_q_reg/CLKBWRCLK","student_top_inst/Core_cpu/u_core_top/scoreboard_q_reg[6][result][28]/CE","setup"
2554,-0.292,5.000,4.972,7,"student_top_inst/Core_cpu/u_core_top/u_dcache/u_tag_bank/mem_q_reg/CLKBWRCLK","student_top_inst/Core_cpu/u_core_top/scoreboard_q_reg[6][result][4]/CE","setup"
2555,-0.292,5.000,4.972,7,"student_top_inst/Core_cpu/u_core_top/u_dcache/u_tag_bank/mem_q_reg/CLKBWRCLK","student_top_inst/Core_cpu/u_core_top/scoreboard_q_reg[6][result][9]/CE","setup"
2556,-0.292,5.000,5.252,10,"student_top_inst/Core_cpu/u_core_top/u_dcache/u_tag_bank/mem_q_reg/CLKBWRCLK","student_top_inst/Core_cpu/u_core_top/u_dmem_regslice/req_addr_q_reg[18]/D","setup"
2557,-0.291,5.000,5.106,6,"student_top_inst/Core_cpu/u_core_top/commit_ptr_q_reg[2]_rep/C","student_top_inst/Core_cpu/u_core_top/u_csr/mscratch_q_reg[2]/D","setup"
2558,-0.291,5.000,4.957,7,"student_top_inst/Core_cpu/u_core_top/u_dcache/u_tag_bank/mem_q_reg/CLKBWRCLK","student_top_inst/Core_cpu/u_core_top/scoreboard_q_reg[4][pc][25]/CE","setup"
2559,-0.291,5.000,5.214,9,"student_top_inst/Core_cpu/u_core_top/u_dcache/u_tag_bank/mem_q_reg/CLKBWRCLK","student_top_inst/Core_cpu/u_core_top/scoreboard_q_reg[2][result][16]/D","setup"
2560,-0.290,5.000,5.180,8,"student_top_inst/Core_cpu/u_core_top/u_dcache/u_tag_bank/mem_q_reg/CLKBWRCLK","student_top_inst/Core_cpu/u_core_top/scoreboard_q_reg[1][exception_tval][21]/D","setup"
2561,-0.290,5.000,5.187,8,"student_top_inst/Core_cpu/u_core_top/u_dcache/u_tag_bank/mem_q_reg/CLKBWRCLK","student_top_inst/Core_cpu/u_core_top/scoreboard_q_reg[0][done]/D","setup"
2562,-0.290,5.000,4.980,7,"student_top_inst/Core_cpu/u_core_top/u_dcache/u_tag_bank/mem_q_reg/CLKBWRCLK","student_top_inst/Core_cpu/u_core_top/id_uop_q_reg[pred_next_pc][0]/CE","setup"
2563,-0.290,5.000,4.980,7,"student_top_inst/Core_cpu/u_core_top/u_dcache/u_tag_bank/mem_q_reg/CLKBWRCLK","student_top_inst/Core_cpu/u_core_top/id_uop_q_reg[pred_next_pc][1]/CE","setup"
2564,-0.290,5.000,4.980,7,"student_top_inst/Core_cpu/u_core_top/u_dcache/u_tag_bank/mem_q_reg/CLKBWRCLK","student_top_inst/Core_cpu/u_core_top/id_uop_q_reg[pred_next_pc][2]/CE","setup"
2565,-0.290,5.000,4.980,7,"student_top_inst/Core_cpu/u_core_top/u_dcache/u_tag_bank/mem_q_reg/CLKBWRCLK","student_top_inst/Core_cpu/u_core_top/id_uop_q_reg[pred_next_pc][3]/CE","setup"
2566,-0.290,5.000,4.980,7,"student_top_inst/Core_cpu/u_core_top/u_dcache/u_tag_bank/mem_q_reg/CLKBWRCLK","student_top_inst/Core_cpu/u_core_top/id_uop_q_reg[pred_next_pc][4]/CE","setup"
2567,-0.290,5.000,4.980,7,"student_top_inst/Core_cpu/u_core_top/u_dcache/u_tag_bank/mem_q_reg/CLKBWRCLK","student_top_inst/Core_cpu/u_core_top/id_uop_q_reg[pred_next_pc][5]/CE","setup"
2568,-0.290,5.000,5.192,10,"student_top_inst/Core_cpu/u_core_top/u_dcache/u_tag_bank/mem_q_reg/CLKBWRCLK","student_top_inst/Core_cpu/u_core_top/u_dmem_regslice/req_addr_q_reg[17]/D","setup"
2569,-0.289,5.000,5.220,12,"student_top_inst/Core_cpu/u_core_top/store_head_q_reg[1]/C","student_top_inst/Core_cpu/u_core_top/load_active_meta_q_reg[forward_data][28]/D","setup"
2570,-0.289,5.000,5.121,8,"student_top_inst/Core_cpu/u_core_top/u_dcache/u_tag_bank/mem_q_reg/CLKBWRCLK","student_top_inst/Core_cpu/u_core_top/scoreboard_q_reg[5][exception_tval][17]/D","setup"
2571,-0.289,5.000,5.114,6,"student_top_inst/Core_cpu/u_core_top/commit_ptr_q_reg[2]_rep/C","student_top_inst/Core_cpu/u_core_top/u_csr/mcause_q_reg[26]/D","setup"
2572,-0.289,5.000,5.009,7,"student_top_inst/Core_cpu/u_core_top/u_dcache/u_tag_bank/mem_q_reg/CLKBWRCLK","student_top_inst/Core_cpu/u_core_top/id_uop_q_reg[csr_addr][2]/CE","setup"
2573,-0.289,5.000,5.009,7,"student_top_inst/Core_cpu/u_core_top/u_dcache/u_tag_bank/mem_q_reg/CLKBWRCLK","student_top_inst/Core_cpu/u_core_top/id_uop_q_reg[csr_addr][3]/CE","setup"
2574,-0.289,5.000,5.009,7,"student_top_inst/Core_cpu/u_core_top/u_dcache/u_tag_bank/mem_q_reg/CLKBWRCLK","student_top_inst/Core_cpu/u_core_top/id_uop_q_reg[csr_op][0]/CE","setup"
2575,-0.289,5.000,5.009,7,"student_top_inst/Core_cpu/u_core_top/u_dcache/u_tag_bank/mem_q_reg/CLKBWRCLK","student_top_inst/Core_cpu/u_core_top/id_uop_q_reg[csr_op][1]/CE","setup"
2576,-0.289,5.000,5.009,7,"student_top_inst/Core_cpu/u_core_top/u_dcache/u_tag_bank/mem_q_reg/CLKBWRCLK","student_top_inst/Core_cpu/u_core_top/id_uop_q_reg[exception_cause][0]/CE","setup"
2577,-0.289,5.000,5.132,0,"student_top_inst/Core_cpu/u_core_top/u_dmem_regslice/req_addr_q_reg[6]/C","student_top_inst/mem_bridge/dram_adapter/dram/U0/inst_blk_mem_gen/gnbram.gnativebmg.native_blk_mem_gen/valid.cstr/ramloop[15].ram.r/prim_init.ram/DEVICE_7SERIES.NO_BMM_INFO.SP.SIMPLE_PRIM36.ram/ADDRARDADDR[7]","setup"
2578,-0.288,5.000,4.948,7,"student_top_inst/Core_cpu/u_core_top/u_dcache/u_tag_bank/mem_q_reg/CLKBWRCLK","student_top_inst/Core_cpu/u_core_top/scoreboard_q_reg[3][result][13]/CE","setup"
2579,-0.288,5.000,4.948,7,"student_top_inst/Core_cpu/u_core_top/u_dcache/u_tag_bank/mem_q_reg/CLKBWRCLK","student_top_inst/Core_cpu/u_core_top/scoreboard_q_reg[3][result][19]/CE","setup"
2580,-0.288,5.000,4.948,7,"student_top_inst/Core_cpu/u_core_top/u_dcache/u_tag_bank/mem_q_reg/CLKBWRCLK","student_top_inst/Core_cpu/u_core_top/scoreboard_q_reg[3][result][21]/CE","setup"
2581,-0.288,5.000,4.973,7,"student_top_inst/Core_cpu/u_core_top/u_dcache/u_tag_bank/mem_q_reg/CLKBWRCLK","student_top_inst/Core_cpu/u_core_top/scoreboard_q_reg[1][result][30]/CE","setup"
2582,-0.288,5.000,4.762,7,"student_top_inst/Core_cpu/u_core_top/u_dcache/u_tag_bank/mem_q_reg/CLKBWRCLK","student_top_inst/Core_cpu/u_core_top/u_dcache/g_data_bank[3].u_data_bank/mem_q_reg_0/ADDRBWRADDR[6]","setup"
2583,-0.288,5.000,5.182,8,"student_top_inst/Core_cpu/u_core_top/u_dcache/u_tag_bank/mem_q_reg/CLKBWRCLK","student_top_inst/Core_cpu/u_core_top/scoreboard_q_reg[2][result][0]/D","setup"
2584,-0.288,5.000,5.181,9,"student_top_inst/Core_cpu/u_core_top/u_dcache/u_tag_bank/mem_q_reg/CLKBWRCLK","student_top_inst/Core_cpu/u_core_top/scoreboard_q_reg[7][result][16]/D","setup"
2585,-0.287,5.000,4.969,7,"student_top_inst/Core_cpu/u_core_top/u_dcache/u_tag_bank/mem_q_reg/CLKBWRCLK","student_top_inst/Core_cpu/u_core_top/scoreboard_q_reg[5][result][19]/CE","setup"
2586,-0.287,5.000,4.794,7,"student_top_inst/Core_cpu/u_core_top/u_dcache/u_tag_bank/mem_q_reg/CLKBWRCLK","student_top_inst/Core_cpu/u_core_top/u_dcache/g_data_bank[2].u_data_bank/mem_q_reg_1/ADDRBWRADDR[5]","setup"
2587,-0.287,5.000,5.197,7,"student_top_inst/Core_cpu/u_core_top/commit_ptr_q_reg[2]_rep/C","student_top_inst/Core_cpu/u_core_top/u_csr/mstatus_q_reg[30]/D","setup"
2588,-0.287,5.000,5.249,12,"student_top_inst/Core_cpu/u_core_top/store_head_q_reg[1]/C","student_top_inst/Core_cpu/u_core_top/load_active_meta_q_reg[forward_data][22]/D","setup"
2589,-0.286,5.000,5.181,8,"student_top_inst/Core_cpu/u_core_top/u_dcache/u_tag_bank/mem_q_reg/CLKBWRCLK","student_top_inst/Core_cpu/u_core_top/scoreboard_q_reg[7][result][10]/D","setup"
2590,-0.286,5.000,4.866,7,"student_top_inst/Core_cpu/u_core_top/u_dcache/u_tag_bank/mem_q_reg/CLKBWRCLK","student_top_inst/Core_cpu/u_core_top/scoreboard_q_reg[4][result][1]/R","setup"
2591,-0.286,5.000,5.214,9,"student_top_inst/Core_cpu/u_core_top/u_dcache/u_tag_bank/mem_q_reg/CLKBWRCLK","student_top_inst/Core_cpu/u_core_top/scoreboard_q_reg[1][result][29]/D","setup"
2592,-0.286,5.000,4.965,7,"student_top_inst/Core_cpu/u_core_top/u_dcache/u_tag_bank/mem_q_reg/CLKBWRCLK","student_top_inst/Core_cpu/u_core_top/scoreboard_q_reg[3][csr_addr][11]/CE","setup"
2593,-0.286,5.000,4.965,7,"student_top_inst/Core_cpu/u_core_top/u_dcache/u_tag_bank/mem_q_reg/CLKBWRCLK","student_top_inst/Core_cpu/u_core_top/scoreboard_q_reg[3][csr_op][1]/CE","setup"
2594,-0.286,5.000,4.965,7,"student_top_inst/Core_cpu/u_core_top/u_dcache/u_tag_bank/mem_q_reg/CLKBWRCLK","student_top_inst/Core_cpu/u_core_top/scoreboard_q_reg[3][pc][12]/CE","setup"
2595,-0.286,5.000,4.965,7,"student_top_inst/Core_cpu/u_core_top/u_dcache/u_tag_bank/mem_q_reg/CLKBWRCLK","student_top_inst/Core_cpu/u_core_top/scoreboard_q_reg[3][pc][16]/CE","setup"
2596,-0.285,5.000,5.184,10,"student_top_inst/Core_cpu/u_core_top/u_dcache/u_tag_bank/mem_q_reg/CLKBWRCLK","student_top_inst/Core_cpu/u_core_top/load_q_reg[0][addr][29]/D","setup"
2597,-0.285,5.000,5.187,7,"student_top_inst/Core_cpu/u_core_top/commit_ptr_q_reg[2]_rep/C","student_top_inst/Core_cpu/u_core_top/u_csr/mtval_q_reg[16]/D","setup"
2598,-0.285,5.000,5.118,8,"student_top_inst/Core_cpu/u_core_top/u_dcache/u_tag_bank/mem_q_reg/CLKBWRCLK","student_top_inst/Core_cpu/u_core_top/scoreboard_q_reg[0][exception_tval][3]/D","setup"
2599,-0.285,5.000,4.945,8,"student_top_inst/Core_cpu/u_core_top/u_dcache/u_tag_bank/mem_q_reg/CLKBWRCLK","student_top_inst/Core_cpu/u_core_top/exec_q_reg[op2][16]/CE","setup"
2600,-0.285,5.000,4.945,8,"student_top_inst/Core_cpu/u_core_top/u_dcache/u_tag_bank/mem_q_reg/CLKBWRCLK","student_top_inst/Core_cpu/u_core_top/exec_q_reg[op2][21]/CE","setup"
2601,-0.285,5.000,4.945,8,"student_top_inst/Core_cpu/u_core_top/u_dcache/u_tag_bank/mem_q_reg/CLKBWRCLK","student_top_inst/Core_cpu/u_core_top/exec_q_reg[uop][imm][26]/CE","setup"
2602,-0.285,5.000,4.945,8,"student_top_inst/Core_cpu/u_core_top/u_dcache/u_tag_bank/mem_q_reg/CLKBWRCLK","student_top_inst/Core_cpu/u_core_top/exec_q_reg[uop][pred_next_pc][29]/CE","setup"
2603,-0.285,5.000,4.945,8,"student_top_inst/Core_cpu/u_core_top/u_dcache/u_tag_bank/mem_q_reg/CLKBWRCLK","student_top_inst/Core_cpu/u_core_top/exec_q_reg[uop][rd][1]/CE","setup"
2604,-0.285,5.000,4.945,8,"student_top_inst/Core_cpu/u_core_top/u_dcache/u_tag_bank/mem_q_reg/CLKBWRCLK","student_top_inst/Core_cpu/u_core_top/exec_q_reg[uop][rd][3]/CE","setup"
2605,-0.284,5.000,4.947,7,"student_top_inst/Core_cpu/u_core_top/u_dcache/u_tag_bank/mem_q_reg/CLKBWRCLK","student_top_inst/Core_cpu/u_core_top/scoreboard_q_reg[3][is_call]/CE","setup"
2606,-0.284,5.000,4.839,7,"student_top_inst/Core_cpu/u_core_top/u_dcache/u_tag_bank/mem_q_reg/CLKBWRCLK","student_top_inst/Core_cpu/u_core_top/scoreboard_q_reg[4][result][19]/R","setup"
2607,-0.284,5.000,4.839,7,"student_top_inst/Core_cpu/u_core_top/u_dcache/u_tag_bank/mem_q_reg/CLKBWRCLK","student_top_inst/Core_cpu/u_core_top/scoreboard_q_reg[4][result][20]/R","setup"
2608,-0.284,5.000,4.839,7,"student_top_inst/Core_cpu/u_core_top/u_dcache/u_tag_bank/mem_q_reg/CLKBWRCLK","student_top_inst/Core_cpu/u_core_top/scoreboard_q_reg[4][result][22]/R","setup"
2609,-0.284,5.000,4.839,7,"student_top_inst/Core_cpu/u_core_top/u_dcache/u_tag_bank/mem_q_reg/CLKBWRCLK","student_top_inst/Core_cpu/u_core_top/scoreboard_q_reg[4][result][9]/R","setup"
2610,-0.284,5.000,5.179,9,"student_top_inst/Core_cpu/u_core_top/u_dcache/u_tag_bank/mem_q_reg/CLKBWRCLK","student_top_inst/Core_cpu/u_core_top/scoreboard_q_reg[2][result][12]/D","setup"
2611,-0.284,5.000,5.209,9,"student_top_inst/Core_cpu/u_core_top/u_dcache/u_tag_bank/mem_q_reg/CLKBWRCLK","student_top_inst/Core_cpu/u_core_top/scoreboard_q_reg[4][result][17]/D","setup"
2612,-0.284,5.000,4.948,7,"student_top_inst/Core_cpu/u_core_top/u_dcache/u_tag_bank/mem_q_reg/CLKBWRCLK","student_top_inst/Core_cpu/u_core_top/id_uop_q_reg[exception_tval][22]/CE","setup"
2613,-0.284,5.000,4.948,7,"student_top_inst/Core_cpu/u_core_top/u_dcache/u_tag_bank/mem_q_reg/CLKBWRCLK","student_top_inst/Core_cpu/u_core_top/id_uop_q_reg[exception_tval][28]/CE","setup"
2614,-0.284,5.000,4.948,7,"student_top_inst/Core_cpu/u_core_top/u_dcache/u_tag_bank/mem_q_reg/CLKBWRCLK","student_top_inst/Core_cpu/u_core_top/id_uop_q_reg[exception_tval][31]/CE","setup"
2615,-0.284,5.000,4.948,7,"student_top_inst/Core_cpu/u_core_top/u_dcache/u_tag_bank/mem_q_reg/CLKBWRCLK","student_top_inst/Core_cpu/u_core_top/id_uop_q_reg[fu][2]/CE","setup"
2616,-0.284,5.000,4.948,7,"student_top_inst/Core_cpu/u_core_top/u_dcache/u_tag_bank/mem_q_reg/CLKBWRCLK","student_top_inst/Core_cpu/u_core_top/id_uop_q_reg[rd][0]/CE","setup"
2617,-0.284,5.000,4.941,7,"student_top_inst/Core_cpu/u_core_top/u_dcache/u_tag_bank/mem_q_reg/CLKBWRCLK","student_top_inst/Core_cpu/u_core_top/scoreboard_q_reg[2][result][11]/CE","setup"
2618,-0.284,5.000,4.941,7,"student_top_inst/Core_cpu/u_core_top/u_dcache/u_tag_bank/mem_q_reg/CLKBWRCLK","student_top_inst/Core_cpu/u_core_top/scoreboard_q_reg[2][result][24]/CE","setup"
2619,-0.284,5.000,4.941,7,"student_top_inst/Core_cpu/u_core_top/u_dcache/u_tag_bank/mem_q_reg/CLKBWRCLK","student_top_inst/Core_cpu/u_core_top/scoreboard_q_reg[2][result][27]/CE","setup"
2620,-0.284,5.000,4.941,7,"student_top_inst/Core_cpu/u_core_top/u_dcache/u_tag_bank/mem_q_reg/CLKBWRCLK","student_top_inst/Core_cpu/u_core_top/scoreboard_q_reg[2][result][6]/CE","setup"
2621,-0.284,5.000,4.837,7,"student_top_inst/Core_cpu/u_core_top/u_dcache/u_tag_bank/mem_q_reg/CLKBWRCLK","student_top_inst/Core_cpu/u_core_top/u_dcache/g_data_bank[1].u_data_bank/mem_q_reg_0/ADDRBWRADDR[10]","setup"
2622,-0.284,5.000,5.187,10,"student_top_inst/Core_cpu/u_core_top/u_dcache/u_tag_bank/mem_q_reg/CLKBWRCLK","student_top_inst/Core_cpu/u_core_top/u_dmem_regslice/req_addr_q_reg[16]/D","setup"
2623,-0.283,5.000,5.183,10,"student_top_inst/Core_cpu/u_core_top/u_dcache/u_tag_bank/mem_q_reg/CLKBWRCLK","student_top_inst/Core_cpu/u_core_top/load_q_reg[0][addr][24]/D","setup"
2624,-0.283,5.000,5.009,9,"student_top_inst/Core_cpu/u_core_top/scoreboard_q_reg[3][fu][1]/C","student_top_inst/Core_cpu/u_core_top/scoreboard_q_reg[0][is_call]/CE","setup"
2625,-0.283,5.000,5.021,0,"student_top_inst/Core_cpu/u_core_top/u_dmem_regslice/req_addr_q_reg[12]/C","student_top_inst/mem_bridge/dram_adapter/dram/U0/inst_blk_mem_gen/gnbram.gnativebmg.native_blk_mem_gen/valid.cstr/ramloop[2].ram.r/prim_init.ram/DEVICE_7SERIES.NO_BMM_INFO.SP.SIMPLE_PRIM36.ram/ADDRARDADDR[13]","setup"
2626,-0.283,5.000,5.177,8,"student_top_inst/Core_cpu/u_core_top/u_dcache/u_tag_bank/mem_q_reg/CLKBWRCLK","student_top_inst/Core_cpu/u_core_top/producer_valid_q_reg[29]/D","setup"
2627,-0.282,5.000,5.176,9,"student_top_inst/Core_cpu/u_core_top/u_dcache/u_tag_bank/mem_q_reg/CLKBWRCLK","student_top_inst/Core_cpu/u_core_top/scoreboard_q_reg[7][result][15]/D","setup"
2628,-0.282,5.000,5.216,10,"student_top_inst/Core_cpu/u_core_top/u_dcache/u_tag_bank/mem_q_reg/CLKBWRCLK","student_top_inst/Core_cpu/u_core_top/load_q_reg[0][store_seq_cutoff][3]/D","setup"
2629,-0.282,5.000,4.947,7,"student_top_inst/Core_cpu/u_core_top/u_dcache/u_tag_bank/mem_q_reg/CLKBWRCLK","student_top_inst/Core_cpu/u_core_top/id_uop_q_reg[rs1][3]/CE","setup"
2630,-0.282,5.000,4.947,7,"student_top_inst/Core_cpu/u_core_top/u_dcache/u_tag_bank/mem_q_reg/CLKBWRCLK","student_top_inst/Core_cpu/u_core_top/id_uop_q_reg[rs1]_rep[2]/CE","setup"
2631,-0.282,5.000,4.947,7,"student_top_inst/Core_cpu/u_core_top/u_dcache/u_tag_bank/mem_q_reg/CLKBWRCLK","student_top_inst/Core_cpu/u_core_top/id_uop_q_reg[rs1]_rep[3]/CE","setup"
2632,-0.282,5.000,4.947,7,"student_top_inst/Core_cpu/u_core_top/u_dcache/u_tag_bank/mem_q_reg/CLKBWRCLK","student_top_inst/Core_cpu/u_core_top/id_uop_q_reg[rs2]_rep[2]/CE","setup"
2633,-0.282,5.000,4.947,7,"student_top_inst/Core_cpu/u_core_top/u_dcache/u_tag_bank/mem_q_reg/CLKBWRCLK","student_top_inst/Core_cpu/u_core_top/id_uop_q_reg[rs2]_rep[3]/CE","setup"
2634,-0.282,5.000,5.180,8,"student_top_inst/Core_cpu/u_core_top/u_dcache/u_tag_bank/mem_q_reg/CLKBWRCLK","student_top_inst/Core_cpu/u_core_top/producer_valid_q_reg[9]/D","setup"
2635,-0.281,5.000,4.937,7,"student_top_inst/Core_cpu/u_core_top/u_dcache/u_tag_bank/mem_q_reg/CLKBWRCLK","student_top_inst/Core_cpu/u_core_top/scoreboard_q_reg[7][csr_src][0]/CE","setup"
2636,-0.281,5.000,4.937,7,"student_top_inst/Core_cpu/u_core_top/u_dcache/u_tag_bank/mem_q_reg/CLKBWRCLK","student_top_inst/Core_cpu/u_core_top/scoreboard_q_reg[7][csr_src][10]/CE","setup"
2637,-0.281,5.000,4.937,7,"student_top_inst/Core_cpu/u_core_top/u_dcache/u_tag_bank/mem_q_reg/CLKBWRCLK","student_top_inst/Core_cpu/u_core_top/scoreboard_q_reg[7][csr_src][13]/CE","setup"
2638,-0.281,5.000,4.937,7,"student_top_inst/Core_cpu/u_core_top/u_dcache/u_tag_bank/mem_q_reg/CLKBWRCLK","student_top_inst/Core_cpu/u_core_top/scoreboard_q_reg[7][csr_src][14]/CE","setup"
2639,-0.281,5.000,4.937,7,"student_top_inst/Core_cpu/u_core_top/u_dcache/u_tag_bank/mem_q_reg/CLKBWRCLK","student_top_inst/Core_cpu/u_core_top/scoreboard_q_reg[7][csr_src][17]/CE","setup"
2640,-0.281,5.000,4.937,7,"student_top_inst/Core_cpu/u_core_top/u_dcache/u_tag_bank/mem_q_reg/CLKBWRCLK","student_top_inst/Core_cpu/u_core_top/scoreboard_q_reg[7][csr_src][19]/CE","setup"
2641,-0.281,5.000,4.937,7,"student_top_inst/Core_cpu/u_core_top/u_dcache/u_tag_bank/mem_q_reg/CLKBWRCLK","student_top_inst/Core_cpu/u_core_top/scoreboard_q_reg[7][csr_src][1]/CE","setup"
2642,-0.281,5.000,4.937,7,"student_top_inst/Core_cpu/u_core_top/u_dcache/u_tag_bank/mem_q_reg/CLKBWRCLK","student_top_inst/Core_cpu/u_core_top/scoreboard_q_reg[7][csr_src][26]/CE","setup"
2643,-0.281,5.000,5.211,9,"student_top_inst/Core_cpu/u_core_top/u_dcache/u_tag_bank/mem_q_reg/CLKBWRCLK","student_top_inst/Core_cpu/u_core_top/scoreboard_q_reg[0][result][25]/D","setup"
2644,-0.281,5.000,4.977,9,"student_top_inst/Core_cpu/u_core_top/scoreboard_q_reg[3][fu][1]/C","student_top_inst/Core_cpu/u_core_top/scoreboard_q_reg[1][csr_src][10]/CE","setup"
2645,-0.281,5.000,4.977,9,"student_top_inst/Core_cpu/u_core_top/scoreboard_q_reg[3][fu][1]/C","student_top_inst/Core_cpu/u_core_top/scoreboard_q_reg[1][csr_src][15]/CE","setup"
2646,-0.281,5.000,4.977,9,"student_top_inst/Core_cpu/u_core_top/scoreboard_q_reg[3][fu][1]/C","student_top_inst/Core_cpu/u_core_top/scoreboard_q_reg[1][csr_src][17]/CE","setup"
2647,-0.281,5.000,4.977,9,"student_top_inst/Core_cpu/u_core_top/scoreboard_q_reg[3][fu][1]/C","student_top_inst/Core_cpu/u_core_top/scoreboard_q_reg[1][csr_src][1]/CE","setup"
2648,-0.281,5.000,4.977,9,"student_top_inst/Core_cpu/u_core_top/scoreboard_q_reg[3][fu][1]/C","student_top_inst/Core_cpu/u_core_top/scoreboard_q_reg[1][csr_src][26]/CE","setup"
2649,-0.281,5.000,4.977,9,"student_top_inst/Core_cpu/u_core_top/scoreboard_q_reg[3][fu][1]/C","student_top_inst/Core_cpu/u_core_top/scoreboard_q_reg[1][csr_src][28]/CE","setup"
2650,-0.281,5.000,4.977,9,"student_top_inst/Core_cpu/u_core_top/scoreboard_q_reg[3][fu][1]/C","student_top_inst/Core_cpu/u_core_top/scoreboard_q_reg[1][csr_src][4]/CE","setup"
2651,-0.281,5.000,4.872,9,"student_top_inst/Core_cpu/u_core_top/scoreboard_q_reg[3][fu][1]/C","student_top_inst/Core_cpu/u_core_top/scoreboard_q_reg[1][result][17]/R","setup"
2652,-0.281,5.000,4.872,9,"student_top_inst/Core_cpu/u_core_top/scoreboard_q_reg[3][fu][1]/C","student_top_inst/Core_cpu/u_core_top/scoreboard_q_reg[1][result][20]/R","setup"
2653,-0.281,5.000,4.872,9,"student_top_inst/Core_cpu/u_core_top/scoreboard_q_reg[3][fu][1]/C","student_top_inst/Core_cpu/u_core_top/scoreboard_q_reg[1][result][22]/R","setup"
2654,-0.280,5.000,5.113,8,"student_top_inst/Core_cpu/u_core_top/u_dcache/u_tag_bank/mem_q_reg/CLKBWRCLK","student_top_inst/Core_cpu/u_core_top/scoreboard_q_reg[0][exception_cause][2]/D","setup"
2655,-0.280,5.000,4.991,5,"student_top_inst/mem_bridge/dram_adapter/dram/U0/inst_blk_mem_gen/gnbram.gnativebmg.native_blk_mem_gen/valid.cstr/has_mux_a.A/no_softecc_norm_sel2.has_mem_regs.WITHOUT_ECC_PIPE.ce_pri.sel_pipe_d1_reg[2]/C","student_top_inst/Core_cpu/u_core_top/u_dmem_regslice/resp_rdata_q_reg[22]/D","setup"
2656,-0.279,5.000,4.943,7,"student_top_inst/Core_cpu/u_core_top/u_dcache/u_tag_bank/mem_q_reg/CLKBWRCLK","student_top_inst/Core_cpu/u_core_top/id_uop_q_reg[exception_tval][14]/CE","setup"
2657,-0.279,5.000,4.943,7,"student_top_inst/Core_cpu/u_core_top/u_dcache/u_tag_bank/mem_q_reg/CLKBWRCLK","student_top_inst/Core_cpu/u_core_top/id_uop_q_reg[imm][3]/CE","setup"
2658,-0.279,5.000,4.943,7,"student_top_inst/Core_cpu/u_core_top/u_dcache/u_tag_bank/mem_q_reg/CLKBWRCLK","student_top_inst/Core_cpu/u_core_top/id_uop_q_reg[imm][8]/CE","setup"
2659,-0.279,5.000,4.943,7,"student_top_inst/Core_cpu/u_core_top/u_dcache/u_tag_bank/mem_q_reg/CLKBWRCLK","student_top_inst/Core_cpu/u_core_top/id_uop_q_reg[instr][2]/CE","setup"
2660,-0.279,5.000,4.943,7,"student_top_inst/Core_cpu/u_core_top/u_dcache/u_tag_bank/mem_q_reg/CLKBWRCLK","student_top_inst/Core_cpu/u_core_top/id_uop_q_reg[instr][5]/CE","setup"
2661,-0.279,5.000,4.943,7,"student_top_inst/Core_cpu/u_core_top/u_dcache/u_tag_bank/mem_q_reg/CLKBWRCLK","student_top_inst/Core_cpu/u_core_top/id_uop_q_reg[instr][6]/CE","setup"
2662,-0.279,5.000,4.943,7,"student_top_inst/Core_cpu/u_core_top/u_dcache/u_tag_bank/mem_q_reg/CLKBWRCLK","student_top_inst/Core_cpu/u_core_top/id_uop_q_reg[muldiv_op][1]/CE","setup"
2663,-0.279,5.000,4.943,7,"student_top_inst/Core_cpu/u_core_top/u_dcache/u_tag_bank/mem_q_reg/CLKBWRCLK","student_top_inst/Core_cpu/u_core_top/id_uop_q_reg[rd][4]/CE","setup"
2664,-0.279,5.000,4.759,8,"student_top_inst/Core_cpu/u_core_top/scoreboard_q_reg[3][fu][1]/C","student_top_inst/Core_cpu/u_core_top/u_muldiv/u_div/U0/i_synth/i_has_input_skid.i_2to1/gen_has_z_tready.reg1_a_tdata_reg[10]/CE","setup"
2665,-0.279,5.000,4.759,8,"student_top_inst/Core_cpu/u_core_top/scoreboard_q_reg[3][fu][1]/C","student_top_inst/Core_cpu/u_core_top/u_muldiv/u_div/U0/i_synth/i_has_input_skid.i_2to1/gen_has_z_tready.reg1_a_tdata_reg[11]/CE","setup"
2666,-0.279,5.000,4.759,8,"student_top_inst/Core_cpu/u_core_top/scoreboard_q_reg[3][fu][1]/C","student_top_inst/Core_cpu/u_core_top/u_muldiv/u_div/U0/i_synth/i_has_input_skid.i_2to1/gen_has_z_tready.reg1_a_tdata_reg[12]/CE","setup"
2667,-0.279,5.000,4.759,8,"student_top_inst/Core_cpu/u_core_top/scoreboard_q_reg[3][fu][1]/C","student_top_inst/Core_cpu/u_core_top/u_muldiv/u_div/U0/i_synth/i_has_input_skid.i_2to1/gen_has_z_tready.reg1_a_tdata_reg[13]/CE","setup"
2668,-0.279,5.000,4.759,8,"student_top_inst/Core_cpu/u_core_top/scoreboard_q_reg[3][fu][1]/C","student_top_inst/Core_cpu/u_core_top/u_muldiv/u_div/U0/i_synth/i_has_input_skid.i_2to1/gen_has_z_tready.reg1_a_tdata_reg[14]/CE","setup"
2669,-0.279,5.000,4.759,8,"student_top_inst/Core_cpu/u_core_top/scoreboard_q_reg[3][fu][1]/C","student_top_inst/Core_cpu/u_core_top/u_muldiv/u_div/U0/i_synth/i_has_input_skid.i_2to1/gen_has_z_tready.reg1_a_tdata_reg[19]/CE","setup"
2670,-0.279,5.000,4.759,8,"student_top_inst/Core_cpu/u_core_top/scoreboard_q_reg[3][fu][1]/C","student_top_inst/Core_cpu/u_core_top/u_muldiv/u_div/U0/i_synth/i_has_input_skid.i_2to1/gen_has_z_tready.reg1_a_tdata_reg[28]/CE","setup"
2671,-0.279,5.000,4.759,8,"student_top_inst/Core_cpu/u_core_top/scoreboard_q_reg[3][fu][1]/C","student_top_inst/Core_cpu/u_core_top/u_muldiv/u_div/U0/i_synth/i_has_input_skid.i_2to1/gen_has_z_tready.reg1_a_tdata_reg[29]/CE","setup"
2672,-0.279,5.000,5.173,8,"student_top_inst/Core_cpu/u_core_top/u_dcache/u_tag_bank/mem_q_reg/CLKBWRCLK","student_top_inst/Core_cpu/u_core_top/scoreboard_q_reg[4][result][10]/D","setup"
2673,-0.279,5.000,4.968,7,"student_top_inst/Core_cpu/u_core_top/u_dcache/u_tag_bank/mem_q_reg/CLKBWRCLK","student_top_inst/Core_cpu/u_core_top/id_uop_q_reg[rs1][2]/CE","setup"
2674,-0.279,5.000,5.212,10,"student_top_inst/Core_cpu/u_core_top/u_dcache/u_tag_bank/mem_q_reg/CLKBWRCLK","student_top_inst/Core_cpu/u_core_top/load_q_reg[0][forward_data][23]/D","setup"
2675,-0.278,5.000,5.169,8,"student_top_inst/Core_cpu/u_core_top/u_dcache/u_tag_bank/mem_q_reg/CLKBWRCLK","student_top_inst/Core_cpu/u_core_top/scoreboard_q_reg[2][exception_tval][17]/D","setup"
2676,-0.278,5.000,5.201,9,"student_top_inst/Core_cpu/u_core_top/u_dcache/u_tag_bank/mem_q_reg/CLKBWRCLK","student_top_inst/Core_cpu/u_core_top/scoreboard_q_reg[4][result][12]/D","setup"
2677,-0.278,5.000,4.973,9,"student_top_inst/Core_cpu/u_core_top/scoreboard_q_reg[3][fu][1]/C","student_top_inst/Core_cpu/u_core_top/scoreboard_q_reg[1][rd][4]/CE","setup"
2678,-0.278,5.000,5.170,9,"student_top_inst/Core_cpu/u_core_top/u_dcache/u_tag_bank/mem_q_reg/CLKBWRCLK","student_top_inst/Core_cpu/u_core_top/scoreboard_q_reg[7][result][12]/D","setup"
2679,-0.278,5.000,5.212,10,"student_top_inst/Core_cpu/u_core_top/u_dcache/u_tag_bank/mem_q_reg/CLKBWRCLK","student_top_inst/Core_cpu/u_core_top/load_q_reg[0][store_seq_cutoff][4]/D","setup"
2680,-0.278,5.000,5.102,6,"student_top_inst/Core_cpu/u_core_top/commit_ptr_q_reg[2]_rep/C","student_top_inst/Core_cpu/u_core_top/u_csr/mtvec_q_reg[4]/D","setup"
2681,-0.278,5.000,4.936,7,"student_top_inst/Core_cpu/u_core_top/u_dcache/u_tag_bank/mem_q_reg/CLKBWRCLK","student_top_inst/Core_cpu/u_core_top/scoreboard_q_reg[3][result][10]/CE","setup"
2682,-0.278,5.000,4.936,7,"student_top_inst/Core_cpu/u_core_top/u_dcache/u_tag_bank/mem_q_reg/CLKBWRCLK","student_top_inst/Core_cpu/u_core_top/scoreboard_q_reg[3][result][5]/CE","setup"
2683,-0.278,5.000,4.936,7,"student_top_inst/Core_cpu/u_core_top/u_dcache/u_tag_bank/mem_q_reg/CLKBWRCLK","student_top_inst/Core_cpu/u_core_top/scoreboard_q_reg[3][result][6]/CE","setup"
2684,-0.278,5.000,5.205,8,"student_top_inst/Core_cpu/u_core_top/u_dcache/u_tag_bank/mem_q_reg/CLKBWRCLK","student_top_inst/Core_cpu/u_core_top/producer_valid_q_reg[6]/D","setup"
2685,-0.277,5.000,4.855,7,"student_top_inst/Core_cpu/u_core_top/u_dcache/u_tag_bank/mem_q_reg/CLKBWRCLK","student_top_inst/Core_cpu/u_core_top/scoreboard_q_reg[4][result][13]/R","setup"
2686,-0.277,5.000,4.855,7,"student_top_inst/Core_cpu/u_core_top/u_dcache/u_tag_bank/mem_q_reg/CLKBWRCLK","student_top_inst/Core_cpu/u_core_top/scoreboard_q_reg[4][result][15]/R","setup"
2687,-0.277,5.000,5.175,8,"student_top_inst/Core_cpu/u_core_top/u_dcache/u_tag_bank/mem_q_reg/CLKBWRCLK","student_top_inst/Core_cpu/u_core_top/producer_valid_q_reg[3]/D","setup"
2688,-0.277,5.000,5.205,8,"student_top_inst/Core_cpu/u_core_top/u_dcache/u_tag_bank/mem_q_reg/CLKBWRCLK","student_top_inst/Core_cpu/u_core_top/scoreboard_q_reg[0][result][6]/D","setup"
2689,-0.276,5.000,5.167,8,"student_top_inst/Core_cpu/u_core_top/u_dcache/u_tag_bank/mem_q_reg/CLKBWRCLK","student_top_inst/Core_cpu/u_core_top/scoreboard_q_reg[2][exception_tval][3]/D","setup"
2690,-0.276,5.000,5.169,8,"student_top_inst/Core_cpu/u_core_top/u_dcache/u_tag_bank/mem_q_reg/CLKBWRCLK","student_top_inst/Core_cpu/u_core_top/scoreboard_q_reg[5][result][0]/D","setup"
2691,-0.276,5.000,4.963,9,"student_top_inst/Core_cpu/u_core_top/u_dcache/u_tag_bank/mem_q_reg/CLKBWRCLK","student_top_inst/Core_cpu/u_core_top/load_active_meta_q_reg[forward_data][18]/CE","setup"
2692,-0.276,5.000,4.963,9,"student_top_inst/Core_cpu/u_core_top/u_dcache/u_tag_bank/mem_q_reg/CLKBWRCLK","student_top_inst/Core_cpu/u_core_top/load_active_meta_q_reg[forward_data][19]/CE","setup"
2693,-0.276,5.000,4.963,9,"student_top_inst/Core_cpu/u_core_top/u_dcache/u_tag_bank/mem_q_reg/CLKBWRCLK","student_top_inst/Core_cpu/u_core_top/load_active_meta_q_reg[forward_data][20]/CE","setup"
2694,-0.276,5.000,4.963,9,"student_top_inst/Core_cpu/u_core_top/u_dcache/u_tag_bank/mem_q_reg/CLKBWRCLK","student_top_inst/Core_cpu/u_core_top/load_active_meta_q_reg[forward_data][4]/CE","setup"
2695,-0.276,5.000,4.960,7,"student_top_inst/Core_cpu/u_core_top/u_dcache/u_tag_bank/mem_q_reg/CLKBWRCLK","student_top_inst/Core_cpu/u_core_top/scoreboard_q_reg[1][result][15]/CE","setup"
2696,-0.276,5.000,4.960,7,"student_top_inst/Core_cpu/u_core_top/u_dcache/u_tag_bank/mem_q_reg/CLKBWRCLK","student_top_inst/Core_cpu/u_core_top/scoreboard_q_reg[1][result][21]/CE","setup"
2697,-0.276,5.000,4.960,7,"student_top_inst/Core_cpu/u_core_top/u_dcache/u_tag_bank/mem_q_reg/CLKBWRCLK","student_top_inst/Core_cpu/u_core_top/scoreboard_q_reg[1][result][23]/CE","setup"
2698,-0.276,5.000,4.960,7,"student_top_inst/Core_cpu/u_core_top/u_dcache/u_tag_bank/mem_q_reg/CLKBWRCLK","student_top_inst/Core_cpu/u_core_top/scoreboard_q_reg[1][result][29]/CE","setup"
2699,-0.276,5.000,5.099,6,"student_top_inst/Core_cpu/u_core_top/commit_ptr_q_reg[2]_rep/C","student_top_inst/Core_cpu/u_core_top/u_csr/mcause_q_reg[8]/D","setup"
2700,-0.275,5.000,5.173,8,"student_top_inst/Core_cpu/u_core_top/u_dcache/u_tag_bank/mem_q_reg/CLKBWRCLK","student_top_inst/Core_cpu/u_core_top/producer_valid_q_reg[5]/D","setup"
2701,-0.274,5.000,4.934,8,"student_top_inst/Core_cpu/u_core_top/u_dcache/u_tag_bank/mem_q_reg/CLKBWRCLK","student_top_inst/Core_cpu/u_core_top/exec_q_reg[uop][imm][17]/CE","setup"
2702,-0.274,5.000,4.934,8,"student_top_inst/Core_cpu/u_core_top/u_dcache/u_tag_bank/mem_q_reg/CLKBWRCLK","student_top_inst/Core_cpu/u_core_top/exec_q_reg[uop][imm][31]/CE","setup"
2703,-0.274,5.000,4.934,8,"student_top_inst/Core_cpu/u_core_top/u_dcache/u_tag_bank/mem_q_reg/CLKBWRCLK","student_top_inst/Core_cpu/u_core_top/exec_q_reg[uop][rd][4]/CE","setup"
2704,-0.274,5.000,4.934,8,"student_top_inst/Core_cpu/u_core_top/u_dcache/u_tag_bank/mem_q_reg/CLKBWRCLK","student_top_inst/Core_cpu/u_core_top/exec_q_reg[uop][rs1][0]/CE","setup"
2705,-0.274,5.000,4.934,8,"student_top_inst/Core_cpu/u_core_top/u_dcache/u_tag_bank/mem_q_reg/CLKBWRCLK","student_top_inst/Core_cpu/u_core_top/exec_q_reg[uop][rs1][3]/CE","setup"
2706,-0.274,5.000,4.934,8,"student_top_inst/Core_cpu/u_core_top/u_dcache/u_tag_bank/mem_q_reg/CLKBWRCLK","student_top_inst/Core_cpu/u_core_top/exec_q_reg[uop][rs1][4]/CE","setup"
2707,-0.274,5.000,5.228,10,"student_top_inst/Core_cpu/u_core_top/u_dcache/u_tag_bank/mem_q_reg/CLKBWRCLK","student_top_inst/Core_cpu/u_core_top/u_dmem_regslice/req_addr_q_reg[4]/D","setup"
2708,-0.274,5.000,5.166,9,"student_top_inst/Core_cpu/u_core_top/u_dcache/u_tag_bank/mem_q_reg/CLKBWRCLK","student_top_inst/Core_cpu/u_core_top/scoreboard_q_reg[5][result][15]/D","setup"
2709,-0.274,5.000,5.173,10,"student_top_inst/Core_cpu/u_core_top/u_dcache/u_tag_bank/mem_q_reg/CLKBWRCLK","student_top_inst/Core_cpu/u_core_top/load_q_reg[0][forward_data][21]/D","setup"
2710,-0.273,5.000,5.166,9,"student_top_inst/Core_cpu/u_core_top/u_dcache/u_tag_bank/mem_q_reg/CLKBWRCLK","student_top_inst/Core_cpu/u_core_top/scoreboard_q_reg[3][result][16]/D","setup"
2711,-0.273,5.000,5.008,0,"student_top_inst/Core_cpu/u_core_top/u_dmem_regslice/req_addr_q_reg[3]/C","student_top_inst/mem_bridge/dram_adapter/dram/U0/inst_blk_mem_gen/gnbram.gnativebmg.native_blk_mem_gen/valid.cstr/ramloop[5].ram.r/prim_init.ram/DEVICE_7SERIES.NO_BMM_INFO.SP.SIMPLE_PRIM36.ram/ADDRARDADDR[4]","setup"
2712,-0.273,5.000,5.205,12,"student_top_inst/Core_cpu/u_core_top/store_head_q_reg[1]/C","student_top_inst/Core_cpu/u_core_top/load_q_reg[0][forward_data][2]/D","setup"
2713,-0.273,5.000,5.166,8,"student_top_inst/Core_cpu/u_core_top/u_dcache/u_tag_bank/mem_q_reg/CLKBWRCLK","student_top_inst/Core_cpu/u_core_top/scoreboard_q_reg[3][result][5]/D","setup"
2714,-0.273,5.000,4.938,7,"student_top_inst/Core_cpu/u_core_top/u_dcache/u_tag_bank/mem_q_reg/CLKBWRCLK","student_top_inst/Core_cpu/u_core_top/id_uop_q_reg[imm][15]/CE","setup"
2715,-0.273,5.000,4.938,7,"student_top_inst/Core_cpu/u_core_top/u_dcache/u_tag_bank/mem_q_reg/CLKBWRCLK","student_top_inst/Core_cpu/u_core_top/id_uop_q_reg[imm][16]/CE","setup"
2716,-0.273,5.000,4.938,7,"student_top_inst/Core_cpu/u_core_top/u_dcache/u_tag_bank/mem_q_reg/CLKBWRCLK","student_top_inst/Core_cpu/u_core_top/id_uop_q_reg[imm][19]/CE","setup"
2717,-0.273,5.000,4.938,7,"student_top_inst/Core_cpu/u_core_top/u_dcache/u_tag_bank/mem_q_reg/CLKBWRCLK","student_top_inst/Core_cpu/u_core_top/id_uop_q_reg[instr][4]/CE","setup"
2718,-0.273,5.000,4.938,7,"student_top_inst/Core_cpu/u_core_top/u_dcache/u_tag_bank/mem_q_reg/CLKBWRCLK","student_top_inst/Core_cpu/u_core_top/id_uop_q_reg[rs1][0]/CE","setup"
2719,-0.273,5.000,4.938,7,"student_top_inst/Core_cpu/u_core_top/u_dcache/u_tag_bank/mem_q_reg/CLKBWRCLK","student_top_inst/Core_cpu/u_core_top/id_uop_q_reg[rs2][4]/CE","setup"
2720,-0.273,5.000,5.107,8,"student_top_inst/Core_cpu/u_core_top/u_dcache/u_tag_bank/mem_q_reg/CLKBWRCLK","student_top_inst/Core_cpu/u_core_top/scoreboard_q_reg[7][exception_tval][9]/D","setup"
2721,-0.273,5.000,5.167,8,"student_top_inst/Core_cpu/u_core_top/u_dcache/u_tag_bank/mem_q_reg/CLKBWRCLK","student_top_inst/Core_cpu/u_core_top/scoreboard_q_reg[3][result][1]/D","setup"
2722,-0.272,5.000,4.967,9,"student_top_inst/Core_cpu/u_core_top/scoreboard_q_reg[3][fu][1]/C","student_top_inst/Core_cpu/u_core_top/scoreboard_q_reg[1][fu][0]/CE","setup"
2723,-0.272,5.000,4.967,9,"student_top_inst/Core_cpu/u_core_top/scoreboard_q_reg[3][fu][1]/C","student_top_inst/Core_cpu/u_core_top/scoreboard_q_reg[1][pc][17]/CE","setup"
2724,-0.272,5.000,4.967,9,"student_top_inst/Core_cpu/u_core_top/scoreboard_q_reg[3][fu][1]/C","student_top_inst/Core_cpu/u_core_top/scoreboard_q_reg[1][pc][6]/CE","setup"
2725,-0.272,5.000,4.927,7,"student_top_inst/Core_cpu/u_core_top/u_dcache/u_tag_bank/mem_q_reg/CLKBWRCLK","student_top_inst/Core_cpu/u_core_top/scoreboard_q_reg[7][csr_addr][11]/CE","setup"
2726,-0.272,5.000,4.927,7,"student_top_inst/Core_cpu/u_core_top/u_dcache/u_tag_bank/mem_q_reg/CLKBWRCLK","student_top_inst/Core_cpu/u_core_top/scoreboard_q_reg[7][csr_addr][2]/CE","setup"
2727,-0.272,5.000,4.927,7,"student_top_inst/Core_cpu/u_core_top/u_dcache/u_tag_bank/mem_q_reg/CLKBWRCLK","student_top_inst/Core_cpu/u_core_top/scoreboard_q_reg[7][link_addr][29]/CE","setup"
2728,-0.272,5.000,4.927,7,"student_top_inst/Core_cpu/u_core_top/u_dcache/u_tag_bank/mem_q_reg/CLKBWRCLK","student_top_inst/Core_cpu/u_core_top/scoreboard_q_reg[7][pc][22]/CE","setup"
2729,-0.272,5.000,4.927,7,"student_top_inst/Core_cpu/u_core_top/u_dcache/u_tag_bank/mem_q_reg/CLKBWRCLK","student_top_inst/Core_cpu/u_core_top/scoreboard_q_reg[7][rd][2]/CE","setup"
2730,-0.272,5.000,4.931,7,"student_top_inst/Core_cpu/u_core_top/u_dcache/u_tag_bank/mem_q_reg/CLKBWRCLK","student_top_inst/Core_cpu/u_core_top/scoreboard_q_reg[6][result][22]/CE","setup"
2731,-0.272,5.000,4.931,7,"student_top_inst/Core_cpu/u_core_top/u_dcache/u_tag_bank/mem_q_reg/CLKBWRCLK","student_top_inst/Core_cpu/u_core_top/scoreboard_q_reg[6][result][29]/CE","setup"
2732,-0.272,5.000,5.197,9,"student_top_inst/Core_cpu/u_core_top/u_dcache/u_tag_bank/mem_q_reg/CLKBWRCLK","student_top_inst/Core_cpu/u_core_top/scoreboard_q_reg[6][result][19]/D","setup"
2733,-0.272,5.000,5.169,9,"student_top_inst/Core_cpu/u_core_top/u_dcache/u_tag_bank/mem_q_reg/CLKBWRCLK","student_top_inst/Core_cpu/u_core_top/scoreboard_q_reg[2][result][30]/D","setup"
2734,-0.271,5.000,4.969,9,"student_top_inst/Core_cpu/u_core_top/scoreboard_q_reg[3][fu][1]/C","student_top_inst/Core_cpu/u_core_top/scoreboard_q_reg[6][csr_src][17]/CE","setup"
2735,-0.271,5.000,4.969,9,"student_top_inst/Core_cpu/u_core_top/scoreboard_q_reg[3][fu][1]/C","student_top_inst/Core_cpu/u_core_top/scoreboard_q_reg[6][csr_src][19]/CE","setup"
2736,-0.271,5.000,4.969,9,"student_top_inst/Core_cpu/u_core_top/scoreboard_q_reg[3][fu][1]/C","student_top_inst/Core_cpu/u_core_top/scoreboard_q_reg[6][csr_src][28]/CE","setup"
2737,-0.271,5.000,4.969,9,"student_top_inst/Core_cpu/u_core_top/scoreboard_q_reg[3][fu][1]/C","student_top_inst/Core_cpu/u_core_top/scoreboard_q_reg[6][csr_src][8]/CE","setup"
2738,-0.271,5.000,5.195,9,"student_top_inst/Core_cpu/u_core_top/u_dcache/u_tag_bank/mem_q_reg/CLKBWRCLK","student_top_inst/Core_cpu/u_core_top/scoreboard_q_reg[5][result][19]/D","setup"
2739,-0.271,5.000,5.101,8,"student_top_inst/Core_cpu/u_core_top/u_dcache/u_tag_bank/mem_q_reg/CLKBWRCLK","student_top_inst/Core_cpu/u_core_top/scoreboard_q_reg[7][exception_tval][3]/D","setup"
2740,-0.271,5.000,5.226,10,"student_top_inst/Core_cpu/u_core_top/u_dcache/u_tag_bank/mem_q_reg/CLKBWRCLK","student_top_inst/Core_cpu/u_core_top/u_dmem_regslice/req_addr_q_reg[6]/D","setup"
2741,-0.270,5.000,4.827,7,"student_top_inst/Core_cpu/u_core_top/u_dcache/u_tag_bank/mem_q_reg/CLKBWRCLK","student_top_inst/Core_cpu/u_core_top/scoreboard_q_reg[2][result][19]/R","setup"
2742,-0.270,5.000,4.827,7,"student_top_inst/Core_cpu/u_core_top/u_dcache/u_tag_bank/mem_q_reg/CLKBWRCLK","student_top_inst/Core_cpu/u_core_top/scoreboard_q_reg[2][result][20]/R","setup"
2743,-0.270,5.000,4.993,7,"student_top_inst/Core_cpu/u_core_top/u_dcache/u_tag_bank/mem_q_reg/CLKBWRCLK","student_top_inst/Core_cpu/u_core_top/id_uop_q_reg[branch_op][2]/CE","setup"
2744,-0.270,5.000,4.993,7,"student_top_inst/Core_cpu/u_core_top/u_dcache/u_tag_bank/mem_q_reg/CLKBWRCLK","student_top_inst/Core_cpu/u_core_top/id_uop_q_reg[csr_addr][10]/CE","setup"
2745,-0.270,5.000,4.993,7,"student_top_inst/Core_cpu/u_core_top/u_dcache/u_tag_bank/mem_q_reg/CLKBWRCLK","student_top_inst/Core_cpu/u_core_top/id_uop_q_reg[csr_imm]/CE","setup"
2746,-0.270,5.000,4.993,7,"student_top_inst/Core_cpu/u_core_top/u_dcache/u_tag_bank/mem_q_reg/CLKBWRCLK","student_top_inst/Core_cpu/u_core_top/id_uop_q_reg[imm][10]/CE","setup"
2747,-0.270,5.000,4.993,7,"student_top_inst/Core_cpu/u_core_top/u_dcache/u_tag_bank/mem_q_reg/CLKBWRCLK","student_top_inst/Core_cpu/u_core_top/id_uop_q_reg[imm][25]/CE","setup"
2748,-0.270,5.000,4.993,7,"student_top_inst/Core_cpu/u_core_top/u_dcache/u_tag_bank/mem_q_reg/CLKBWRCLK","student_top_inst/Core_cpu/u_core_top/id_uop_q_reg[imm][26]/CE","setup"
2749,-0.270,5.000,4.993,7,"student_top_inst/Core_cpu/u_core_top/u_dcache/u_tag_bank/mem_q_reg/CLKBWRCLK","student_top_inst/Core_cpu/u_core_top/id_uop_q_reg[imm][29]/CE","setup"
2750,-0.270,5.000,4.993,7,"student_top_inst/Core_cpu/u_core_top/u_dcache/u_tag_bank/mem_q_reg/CLKBWRCLK","student_top_inst/Core_cpu/u_core_top/id_uop_q_reg[imm][30]/CE","setup"
2751,-0.270,5.000,4.993,7,"student_top_inst/Core_cpu/u_core_top/u_dcache/u_tag_bank/mem_q_reg/CLKBWRCLK","student_top_inst/Core_cpu/u_core_top/id_uop_q_reg[imm][4]/CE","setup"
2752,-0.270,5.000,4.993,7,"student_top_inst/Core_cpu/u_core_top/u_dcache/u_tag_bank/mem_q_reg/CLKBWRCLK","student_top_inst/Core_cpu/u_core_top/id_uop_q_reg[imm][9]/CE","setup"
2753,-0.270,5.000,4.993,7,"student_top_inst/Core_cpu/u_core_top/u_dcache/u_tag_bank/mem_q_reg/CLKBWRCLK","student_top_inst/Core_cpu/u_core_top/id_uop_q_reg[sys_op][0]/CE","setup"
2754,-0.270,5.000,4.993,7,"student_top_inst/Core_cpu/u_core_top/u_dcache/u_tag_bank/mem_q_reg/CLKBWRCLK","student_top_inst/Core_cpu/u_core_top/id_uop_q_reg[sys_op][1]/CE","setup"
2755,-0.270,5.000,4.957,5,"student_top_inst/mem_bridge/dram_adapter/dram/U0/inst_blk_mem_gen/gnbram.gnativebmg.native_blk_mem_gen/valid.cstr/has_mux_a.A/no_softecc_norm_sel2.has_mem_regs.WITHOUT_ECC_PIPE.ce_pri.sel_pipe_d1_reg[2]/C","student_top_inst/Core_cpu/u_core_top/u_dmem_regslice/resp_rdata_q_reg[3]/D","setup"
2756,-0.270,5.000,4.954,7,"student_top_inst/Core_cpu/u_core_top/u_dcache/u_tag_bank/mem_q_reg/CLKBWRCLK","student_top_inst/Core_cpu/u_core_top/scoreboard_q_reg[0][result][2]/CE","setup"
2757,-0.270,5.000,4.954,7,"student_top_inst/Core_cpu/u_core_top/u_dcache/u_tag_bank/mem_q_reg/CLKBWRCLK","student_top_inst/Core_cpu/u_core_top/scoreboard_q_reg[0][result][5]/CE","setup"
2758,-0.270,5.000,4.954,7,"student_top_inst/Core_cpu/u_core_top/u_dcache/u_tag_bank/mem_q_reg/CLKBWRCLK","student_top_inst/Core_cpu/u_core_top/scoreboard_q_reg[0][result][6]/CE","setup"
2759,-0.269,5.000,5.103,8,"student_top_inst/Core_cpu/u_core_top/u_dcache/u_tag_bank/mem_q_reg/CLKBWRCLK","student_top_inst/Core_cpu/u_core_top/scoreboard_q_reg[7][exception_tval][2]/D","setup"
2760,-0.269,5.000,5.169,10,"student_top_inst/Core_cpu/u_core_top/u_dcache/u_tag_bank/mem_q_reg/CLKBWRCLK","student_top_inst/Core_cpu/u_core_top/load_q_reg[0][forward_data][20]/D","setup"
2761,-0.268,5.000,5.233,11,"student_top_inst/Core_cpu/u_core_top/store_head_q_reg[1]/C","student_top_inst/Core_cpu/u_core_top/load_q_reg[0][forward_data][16]/D","setup"
2762,-0.268,5.000,4.771,7,"student_top_inst/Core_cpu/u_core_top/u_dcache/u_tag_bank/mem_q_reg/CLKBWRCLK","student_top_inst/Core_cpu/u_core_top/u_dcache/g_data_bank[0].u_data_bank/mem_q_reg_1/ADDRBWRADDR[14]","setup"
2763,-0.268,5.000,5.055,0,"student_top_inst/Core_cpu/u_core_top/u_dmem_regslice/req_addr_q_reg[11]/C","student_top_inst/mem_bridge/dram_adapter/dram/U0/inst_blk_mem_gen/gnbram.gnativebmg.native_blk_mem_gen/valid.cstr/ramloop[11].ram.r/prim_init.ram/DEVICE_7SERIES.NO_BMM_INFO.SP.SIMPLE_PRIM36.ram/ADDRARDADDR[12]","setup"
2764,-0.268,5.000,4.960,9,"student_top_inst/Core_cpu/u_core_top/scoreboard_q_reg[3][fu][1]/C","student_top_inst/Core_cpu/u_core_top/scoreboard_q_reg[0][link_addr][1]/CE","setup"
2765,-0.268,5.000,4.960,9,"student_top_inst/Core_cpu/u_core_top/scoreboard_q_reg[3][fu][1]/C","student_top_inst/Core_cpu/u_core_top/scoreboard_q_reg[0][link_addr][2]/CE","setup"
2766,-0.268,5.000,4.960,9,"student_top_inst/Core_cpu/u_core_top/scoreboard_q_reg[3][fu][1]/C","student_top_inst/Core_cpu/u_core_top/scoreboard_q_reg[0][link_addr][3]/CE","setup"
2767,-0.268,5.000,4.960,9,"student_top_inst/Core_cpu/u_core_top/scoreboard_q_reg[3][fu][1]/C","student_top_inst/Core_cpu/u_core_top/scoreboard_q_reg[0][link_addr][4]/CE","setup"
2768,-0.268,5.000,5.164,8,"student_top_inst/Core_cpu/u_core_top/u_dcache/u_tag_bank/mem_q_reg/CLKBWRCLK","student_top_inst/Core_cpu/u_core_top/scoreboard_q_reg[1][result][1]/D","setup"
2769,-0.267,5.000,5.097,8,"student_top_inst/Core_cpu/u_core_top/u_dcache/u_tag_bank/mem_q_reg/CLKBWRCLK","student_top_inst/Core_cpu/u_core_top/scoreboard_q_reg[7][exception_tval][14]/D","setup"
2770,-0.267,5.000,4.880,9,"student_top_inst/Core_cpu/u_core_top/scoreboard_q_reg[3][fu][1]/C","student_top_inst/Core_cpu/u_core_top/scoreboard_q_reg[6][result][0]/R","setup"
2771,-0.267,5.000,4.880,9,"student_top_inst/Core_cpu/u_core_top/scoreboard_q_reg[3][fu][1]/C","student_top_inst/Core_cpu/u_core_top/scoreboard_q_reg[6][result][28]/R","setup"
2772,-0.267,5.000,4.880,9,"student_top_inst/Core_cpu/u_core_top/scoreboard_q_reg[3][fu][1]/C","student_top_inst/Core_cpu/u_core_top/scoreboard_q_reg[6][result][4]/R","setup"
2773,-0.267,5.000,4.880,9,"student_top_inst/Core_cpu/u_core_top/scoreboard_q_reg[3][fu][1]/C","student_top_inst/Core_cpu/u_core_top/scoreboard_q_reg[6][result][9]/R","setup"
2774,-0.267,5.000,5.096,8,"student_top_inst/Core_cpu/u_core_top/u_dcache/u_tag_bank/mem_q_reg/CLKBWRCLK","student_top_inst/Core_cpu/u_core_top/scoreboard_q_reg[3][exception_tval][7]/D","setup"
2775,-0.267,5.000,5.101,8,"student_top_inst/Core_cpu/u_core_top/u_dcache/u_tag_bank/mem_q_reg/CLKBWRCLK","student_top_inst/Core_cpu/u_core_top/scoreboard_q_reg[3][exception_tval][30]/D","setup"
2776,-0.267,5.000,5.160,9,"student_top_inst/Core_cpu/u_core_top/u_dcache/u_tag_bank/mem_q_reg/CLKBWRCLK","student_top_inst/Core_cpu/u_core_top/scoreboard_q_reg[5][result][20]/D","setup"
2777,-0.266,5.000,5.100,8,"student_top_inst/Core_cpu/u_core_top/u_dcache/u_tag_bank/mem_q_reg/CLKBWRCLK","student_top_inst/Core_cpu/u_core_top/scoreboard_q_reg[7][exception_tval][15]/D","setup"
2778,-0.266,5.000,5.099,8,"student_top_inst/Core_cpu/u_core_top/u_dcache/u_tag_bank/mem_q_reg/CLKBWRCLK","student_top_inst/Core_cpu/u_core_top/scoreboard_q_reg[7][exception_tval][18]/D","setup"
2779,-0.266,5.000,4.922,7,"student_top_inst/Core_cpu/u_core_top/u_dcache/u_tag_bank/mem_q_reg/CLKBWRCLK","student_top_inst/Core_cpu/u_core_top/scoreboard_q_reg[5][csr_addr][10]/CE","setup"
2780,-0.266,5.000,4.922,7,"student_top_inst/Core_cpu/u_core_top/u_dcache/u_tag_bank/mem_q_reg/CLKBWRCLK","student_top_inst/Core_cpu/u_core_top/scoreboard_q_reg[5][csr_addr][1]/CE","setup"
2781,-0.266,5.000,4.922,7,"student_top_inst/Core_cpu/u_core_top/u_dcache/u_tag_bank/mem_q_reg/CLKBWRCLK","student_top_inst/Core_cpu/u_core_top/scoreboard_q_reg[5][csr_addr][2]/CE","setup"
2782,-0.266,5.000,4.922,7,"student_top_inst/Core_cpu/u_core_top/u_dcache/u_tag_bank/mem_q_reg/CLKBWRCLK","student_top_inst/Core_cpu/u_core_top/scoreboard_q_reg[5][csr_addr][8]/CE","setup"
2783,-0.266,5.000,4.922,7,"student_top_inst/Core_cpu/u_core_top/u_dcache/u_tag_bank/mem_q_reg/CLKBWRCLK","student_top_inst/Core_cpu/u_core_top/scoreboard_q_reg[5][pc][13]/CE","setup"
2784,-0.266,5.000,4.922,7,"student_top_inst/Core_cpu/u_core_top/u_dcache/u_tag_bank/mem_q_reg/CLKBWRCLK","student_top_inst/Core_cpu/u_core_top/scoreboard_q_reg[5][pc][17]/CE","setup"
2785,-0.266,5.000,4.922,7,"student_top_inst/Core_cpu/u_core_top/u_dcache/u_tag_bank/mem_q_reg/CLKBWRCLK","student_top_inst/Core_cpu/u_core_top/scoreboard_q_reg[5][rd][4]/CE","setup"
2786,-0.266,5.000,5.188,8,"student_top_inst/Core_cpu/u_core_top/u_dcache/u_tag_bank/mem_q_reg/CLKBWRCLK","student_top_inst/Core_cpu/u_core_top/scoreboard_q_reg[1][exception_tval][28]/D","setup"
2787,-0.266,5.000,5.009,7,"student_top_inst/Core_cpu/u_core_top/u_dcache/u_tag_bank/mem_q_reg/CLKBWRCLK","student_top_inst/Core_cpu/u_core_top/id_uop_q_reg[exception_tval][4]/CE","setup"
2788,-0.266,5.000,5.009,7,"student_top_inst/Core_cpu/u_core_top/u_dcache/u_tag_bank/mem_q_reg/CLKBWRCLK","student_top_inst/Core_cpu/u_core_top/id_uop_q_reg[mem_size][0]/CE","setup"
2789,-0.266,5.000,5.009,7,"student_top_inst/Core_cpu/u_core_top/u_dcache/u_tag_bank/mem_q_reg/CLKBWRCLK","student_top_inst/Core_cpu/u_core_top/id_uop_q_reg[mem_size][1]/CE","setup"
2790,-0.266,5.000,5.160,8,"student_top_inst/Core_cpu/u_core_top/u_dcache/u_tag_bank/mem_q_reg/CLKBWRCLK","student_top_inst/Core_cpu/u_core_top/scoreboard_q_reg[4][result][5]/D","setup"
2791,-0.265,5.000,4.923,7,"student_top_inst/Core_cpu/u_core_top/u_dcache/u_tag_bank/mem_q_reg/CLKBWRCLK","student_top_inst/Core_cpu/u_core_top/scoreboard_q_reg[3][result][30]/CE","setup"
2792,-0.265,5.000,4.985,7,"student_top_inst/Core_cpu/u_core_top/u_dcache/u_tag_bank/mem_q_reg/CLKBWRCLK","student_top_inst/Core_cpu/u_core_top/id_uop_q_reg[branch_op][0]/CE","setup"
2793,-0.265,5.000,4.985,7,"student_top_inst/Core_cpu/u_core_top/u_dcache/u_tag_bank/mem_q_reg/CLKBWRCLK","student_top_inst/Core_cpu/u_core_top/id_uop_q_reg[branch_op][1]/CE","setup"
2794,-0.265,5.000,4.985,7,"student_top_inst/Core_cpu/u_core_top/u_dcache/u_tag_bank/mem_q_reg/CLKBWRCLK","student_top_inst/Core_cpu/u_core_top/id_uop_q_reg[exception_tval][13]/CE","setup"
2795,-0.265,5.000,4.985,7,"student_top_inst/Core_cpu/u_core_top/u_dcache/u_tag_bank/mem_q_reg/CLKBWRCLK","student_top_inst/Core_cpu/u_core_top/id_uop_q_reg[exception_tval][24]/CE","setup"
2796,-0.265,5.000,4.985,7,"student_top_inst/Core_cpu/u_core_top/u_dcache/u_tag_bank/mem_q_reg/CLKBWRCLK","student_top_inst/Core_cpu/u_core_top/id_uop_q_reg[exception_tval][26]/CE","setup"
2797,-0.265,5.000,4.985,7,"student_top_inst/Core_cpu/u_core_top/u_dcache/u_tag_bank/mem_q_reg/CLKBWRCLK","student_top_inst/Core_cpu/u_core_top/id_uop_q_reg[exception_tval][8]/CE","setup"
2798,-0.265,5.000,4.985,7,"student_top_inst/Core_cpu/u_core_top/u_dcache/u_tag_bank/mem_q_reg/CLKBWRCLK","student_top_inst/Core_cpu/u_core_top/id_uop_q_reg[exception_tval][9]/CE","setup"
2799,-0.265,5.000,4.985,7,"student_top_inst/Core_cpu/u_core_top/u_dcache/u_tag_bank/mem_q_reg/CLKBWRCLK","student_top_inst/Core_cpu/u_core_top/id_uop_q_reg[fu][0]/CE","setup"
2800,-0.265,5.000,4.985,7,"student_top_inst/Core_cpu/u_core_top/u_dcache/u_tag_bank/mem_q_reg/CLKBWRCLK","student_top_inst/Core_cpu/u_core_top/id_uop_q_reg[imm][12]/CE","setup"
2801,-0.265,5.000,4.985,7,"student_top_inst/Core_cpu/u_core_top/u_dcache/u_tag_bank/mem_q_reg/CLKBWRCLK","student_top_inst/Core_cpu/u_core_top/id_uop_q_reg[imm][13]/CE","setup"
2802,-0.265,5.000,4.985,7,"student_top_inst/Core_cpu/u_core_top/u_dcache/u_tag_bank/mem_q_reg/CLKBWRCLK","student_top_inst/Core_cpu/u_core_top/id_uop_q_reg[imm][17]/CE","setup"
2803,-0.265,5.000,4.985,7,"student_top_inst/Core_cpu/u_core_top/u_dcache/u_tag_bank/mem_q_reg/CLKBWRCLK","student_top_inst/Core_cpu/u_core_top/id_uop_q_reg[imm][1]/CE","setup"
2804,-0.265,5.000,4.985,7,"student_top_inst/Core_cpu/u_core_top/u_dcache/u_tag_bank/mem_q_reg/CLKBWRCLK","student_top_inst/Core_cpu/u_core_top/id_uop_q_reg[imm][6]/CE","setup"
2805,-0.265,5.000,4.985,7,"student_top_inst/Core_cpu/u_core_top/u_dcache/u_tag_bank/mem_q_reg/CLKBWRCLK","student_top_inst/Core_cpu/u_core_top/id_uop_q_reg[is_jal]/CE","setup"
2806,-0.265,5.000,4.985,7,"student_top_inst/Core_cpu/u_core_top/u_dcache/u_tag_bank/mem_q_reg/CLKBWRCLK","student_top_inst/Core_cpu/u_core_top/id_uop_q_reg[rd][1]/CE","setup"
2807,-0.265,5.000,4.985,7,"student_top_inst/Core_cpu/u_core_top/u_dcache/u_tag_bank/mem_q_reg/CLKBWRCLK","student_top_inst/Core_cpu/u_core_top/id_uop_q_reg[rd][3]/CE","setup"
2808,-0.265,5.000,5.169,10,"student_top_inst/Core_cpu/u_core_top/u_dcache/u_tag_bank/mem_q_reg/CLKBWRCLK","student_top_inst/Core_cpu/u_core_top/u_dmem_regslice/req_addr_q_reg[15]/D","setup"
2809,-0.264,5.000,5.156,8,"student_top_inst/Core_cpu/u_core_top/u_dcache/u_tag_bank/mem_q_reg/CLKBWRCLK","student_top_inst/Core_cpu/u_core_top/scoreboard_q_reg[2][result][5]/D","setup"
2810,-0.264,5.000,4.958,9,"student_top_inst/Core_cpu/u_core_top/scoreboard_q_reg[3][fu][1]/C","student_top_inst/Core_cpu/u_core_top/scoreboard_q_reg[0][csr_src][0]/CE","setup"
2811,-0.264,5.000,4.958,9,"student_top_inst/Core_cpu/u_core_top/scoreboard_q_reg[3][fu][1]/C","student_top_inst/Core_cpu/u_core_top/scoreboard_q_reg[0][csr_src][16]/CE","setup"
2812,-0.264,5.000,4.958,9,"student_top_inst/Core_cpu/u_core_top/scoreboard_q_reg[3][fu][1]/C","student_top_inst/Core_cpu/u_core_top/scoreboard_q_reg[0][csr_src][20]/CE","setup"
2813,-0.264,5.000,4.958,9,"student_top_inst/Core_cpu/u_core_top/scoreboard_q_reg[3][fu][1]/C","student_top_inst/Core_cpu/u_core_top/scoreboard_q_reg[0][csr_src][22]/CE","setup"
2814,-0.264,5.000,4.958,9,"student_top_inst/Core_cpu/u_core_top/scoreboard_q_reg[3][fu][1]/C","student_top_inst/Core_cpu/u_core_top/scoreboard_q_reg[0][csr_src][23]/CE","setup"
2815,-0.264,5.000,4.958,9,"student_top_inst/Core_cpu/u_core_top/scoreboard_q_reg[3][fu][1]/C","student_top_inst/Core_cpu/u_core_top/scoreboard_q_reg[0][csr_src][28]/CE","setup"
2816,-0.264,5.000,4.958,9,"student_top_inst/Core_cpu/u_core_top/scoreboard_q_reg[3][fu][1]/C","student_top_inst/Core_cpu/u_core_top/scoreboard_q_reg[0][csr_src][3]/CE","setup"
2817,-0.264,5.000,4.958,9,"student_top_inst/Core_cpu/u_core_top/scoreboard_q_reg[3][fu][1]/C","student_top_inst/Core_cpu/u_core_top/scoreboard_q_reg[0][csr_src][4]/CE","setup"
2818,-0.263,5.000,5.092,8,"student_top_inst/Core_cpu/u_core_top/u_dcache/u_tag_bank/mem_q_reg/CLKBWRCLK","student_top_inst/Core_cpu/u_core_top/scoreboard_q_reg[3][exception_tval][3]/D","setup"
2819,-0.263,5.000,5.142,7,"student_top_inst/Core_cpu/u_core_top/commit_ptr_q_reg[2]_rep/C","student_top_inst/Core_cpu/u_core_top/u_csr/mstatus_q_reg[12]/D","setup"
2820,-0.263,5.000,5.156,9,"student_top_inst/Core_cpu/u_core_top/u_dcache/u_tag_bank/mem_q_reg/CLKBWRCLK","student_top_inst/Core_cpu/u_core_top/scoreboard_q_reg[6][result][29]/D","setup"
2821,-0.263,5.000,4.926,7,"student_top_inst/Core_cpu/u_core_top/u_dcache/u_tag_bank/mem_q_reg/CLKBWRCLK","student_top_inst/Core_cpu/u_core_top/scoreboard_q_reg[2][result][15]/CE","setup"
2822,-0.263,5.000,4.926,7,"student_top_inst/Core_cpu/u_core_top/u_dcache/u_tag_bank/mem_q_reg/CLKBWRCLK","student_top_inst/Core_cpu/u_core_top/scoreboard_q_reg[2][result][25]/CE","setup"
2823,-0.263,5.000,4.926,7,"student_top_inst/Core_cpu/u_core_top/u_dcache/u_tag_bank/mem_q_reg/CLKBWRCLK","student_top_inst/Core_cpu/u_core_top/scoreboard_q_reg[2][result][29]/CE","setup"
2824,-0.263,5.000,4.926,7,"student_top_inst/Core_cpu/u_core_top/u_dcache/u_tag_bank/mem_q_reg/CLKBWRCLK","student_top_inst/Core_cpu/u_core_top/scoreboard_q_reg[2][result][8]/CE","setup"
2825,-0.263,5.000,5.164,7,"student_top_inst/Core_cpu/u_core_top/commit_ptr_q_reg[2]_rep/C","student_top_inst/Core_cpu/u_core_top/u_csr/mepc_q_reg[8]/D","setup"
2826,-0.263,5.000,5.155,8,"student_top_inst/Core_cpu/u_core_top/u_dcache/u_tag_bank/mem_q_reg/CLKBWRCLK","student_top_inst/Core_cpu/u_core_top/scoreboard_q_reg[1][exception_cause][1]/D","setup"
2827,-0.261,5.000,4.983,7,"student_top_inst/Core_cpu/u_core_top/u_dcache/u_tag_bank/mem_q_reg/CLKBWRCLK","student_top_inst/Core_cpu/u_core_top/id_uop_q_reg[alu_op][3]/CE","setup"
2828,-0.261,5.000,4.983,7,"student_top_inst/Core_cpu/u_core_top/u_dcache/u_tag_bank/mem_q_reg/CLKBWRCLK","student_top_inst/Core_cpu/u_core_top/id_uop_q_reg[imm][0]/CE","setup"
2829,-0.261,5.000,4.983,7,"student_top_inst/Core_cpu/u_core_top/u_dcache/u_tag_bank/mem_q_reg/CLKBWRCLK","student_top_inst/Core_cpu/u_core_top/id_uop_q_reg[imm][11]/CE","setup"
2830,-0.261,5.000,5.090,8,"student_top_inst/Core_cpu/u_core_top/u_dcache/u_tag_bank/mem_q_reg/CLKBWRCLK","student_top_inst/Core_cpu/u_core_top/scoreboard_q_reg[3][exception_tval][6]/D","setup"
2831,-0.261,5.000,4.876,9,"student_top_inst/Core_cpu/u_core_top/scoreboard_q_reg[3][fu][1]/C","student_top_inst/Core_cpu/u_core_top/scoreboard_q_reg[6][result][13]/R","setup"
2832,-0.261,5.000,4.876,9,"student_top_inst/Core_cpu/u_core_top/scoreboard_q_reg[3][fu][1]/C","student_top_inst/Core_cpu/u_core_top/scoreboard_q_reg[6][result][14]/R","setup"
2833,-0.261,5.000,4.876,9,"student_top_inst/Core_cpu/u_core_top/scoreboard_q_reg[3][fu][1]/C","student_top_inst/Core_cpu/u_core_top/scoreboard_q_reg[6][result][15]/R","setup"
2834,-0.261,5.000,4.876,9,"student_top_inst/Core_cpu/u_core_top/scoreboard_q_reg[3][fu][1]/C","student_top_inst/Core_cpu/u_core_top/scoreboard_q_reg[6][result][17]/R","setup"
2835,-0.261,5.000,5.192,10,"student_top_inst/Core_cpu/u_core_top/u_dcache/u_tag_bank/mem_q_reg/CLKBWRCLK","student_top_inst/Core_cpu/u_core_top/load_q_reg[0][addr][12]/D","setup"
2836,-0.261,5.000,4.945,7,"student_top_inst/Core_cpu/u_core_top/u_dcache/u_tag_bank/mem_q_reg/CLKBWRCLK","student_top_inst/Core_cpu/u_core_top/scoreboard_q_reg[3][result][11]/CE","setup"
2837,-0.261,5.000,4.945,7,"student_top_inst/Core_cpu/u_core_top/u_dcache/u_tag_bank/mem_q_reg/CLKBWRCLK","student_top_inst/Core_cpu/u_core_top/scoreboard_q_reg[3][result][26]/CE","setup"
2838,-0.261,5.000,4.945,7,"student_top_inst/Core_cpu/u_core_top/u_dcache/u_tag_bank/mem_q_reg/CLKBWRCLK","student_top_inst/Core_cpu/u_core_top/scoreboard_q_reg[3][result][7]/CE","setup"
2839,-0.261,5.000,5.155,9,"student_top_inst/Core_cpu/u_core_top/u_dcache/u_tag_bank/mem_q_reg/CLKBWRCLK","student_top_inst/Core_cpu/u_core_top/scoreboard_q_reg[3][result][19]/D","setup"
2840,-0.261,5.000,4.969,7,"student_top_inst/Core_cpu/u_core_top/scoreboard_q_reg[3][fu][1]/C","student_top_inst/Core_cpu/u_core_top/u_frontend/u_branch_predictor/ras_q_reg[7][21]/CE","setup"
2841,-0.261,5.000,4.969,7,"student_top_inst/Core_cpu/u_core_top/scoreboard_q_reg[3][fu][1]/C","student_top_inst/Core_cpu/u_core_top/u_frontend/u_branch_predictor/ras_q_reg[7][23]/CE","setup"
2842,-0.261,5.000,4.969,7,"student_top_inst/Core_cpu/u_core_top/scoreboard_q_reg[3][fu][1]/C","student_top_inst/Core_cpu/u_core_top/u_frontend/u_branch_predictor/ras_q_reg[7][29]/CE","setup"
2843,-0.261,5.000,5.156,8,"student_top_inst/Core_cpu/u_core_top/u_dcache/u_tag_bank/mem_q_reg/CLKBWRCLK","student_top_inst/Core_cpu/u_core_top/scoreboard_q_reg[4][result][2]/D","setup"
2844,-0.260,5.000,5.197,10,"student_top_inst/Core_cpu/u_core_top/u_dcache/u_tag_bank/mem_q_reg/CLKBWRCLK","student_top_inst/Core_cpu/u_core_top/u_dmem_regslice/req_addr_q_reg[0]/D","setup"
2845,-0.260,5.000,4.918,7,"student_top_inst/Core_cpu/u_core_top/u_dcache/u_tag_bank/mem_q_reg/CLKBWRCLK","student_top_inst/Core_cpu/u_core_top/scoreboard_q_reg[6][result][24]/CE","setup"
2846,-0.260,5.000,4.918,7,"student_top_inst/Core_cpu/u_core_top/u_dcache/u_tag_bank/mem_q_reg/CLKBWRCLK","student_top_inst/Core_cpu/u_core_top/scoreboard_q_reg[6][result][5]/CE","setup"
2847,-0.260,5.000,4.918,7,"student_top_inst/Core_cpu/u_core_top/u_dcache/u_tag_bank/mem_q_reg/CLKBWRCLK","student_top_inst/Core_cpu/u_core_top/scoreboard_q_reg[6][result][6]/CE","setup"
2848,-0.260,5.000,4.918,7,"student_top_inst/Core_cpu/u_core_top/u_dcache/u_tag_bank/mem_q_reg/CLKBWRCLK","student_top_inst/Core_cpu/u_core_top/scoreboard_q_reg[6][result][8]/CE","setup"
2849,-0.260,5.000,5.188,8,"student_top_inst/Core_cpu/u_core_top/u_dcache/u_tag_bank/mem_q_reg/CLKBWRCLK","student_top_inst/Core_cpu/u_core_top/scoreboard_q_reg[7][store_slot_valid]/D","setup"
2850,-0.260,5.000,5.152,8,"student_top_inst/Core_cpu/u_core_top/u_dcache/u_tag_bank/mem_q_reg/CLKBWRCLK","student_top_inst/Core_cpu/u_core_top/scoreboard_q_reg[1][exception_tval][5]/D","setup"
2851,-0.259,5.000,5.196,10,"student_top_inst/Core_cpu/u_core_top/u_dcache/u_tag_bank/mem_q_reg/CLKBWRCLK","student_top_inst/Core_cpu/u_core_top/u_dmem_regslice/req_wdata_q_reg[4]/D","setup"
2852,-0.259,5.000,5.152,8,"student_top_inst/Core_cpu/u_core_top/u_dcache/u_tag_bank/mem_q_reg/CLKBWRCLK","student_top_inst/Core_cpu/u_core_top/scoreboard_q_reg[7][result][0]/D","setup"
2853,-0.259,5.000,4.928,7,"student_top_inst/Core_cpu/u_core_top/u_dcache/u_tag_bank/mem_q_reg/CLKBWRCLK","student_top_inst/Core_cpu/u_core_top/scoreboard_q_reg[4][pc][11]/CE","setup"
2854,-0.259,5.000,4.928,7,"student_top_inst/Core_cpu/u_core_top/u_dcache/u_tag_bank/mem_q_reg/CLKBWRCLK","student_top_inst/Core_cpu/u_core_top/scoreboard_q_reg[4][pc][4]/CE","setup"
2855,-0.259,5.000,5.152,8,"student_top_inst/Core_cpu/u_core_top/u_dcache/u_tag_bank/mem_q_reg/CLKBWRCLK","student_top_inst/Core_cpu/u_core_top/scoreboard_q_reg[0][exception_tval][14]/D","setup"
2856,-0.259,5.000,4.922,8,"student_top_inst/Core_cpu/u_core_top/u_dcache/u_tag_bank/mem_q_reg/CLKBWRCLK","student_top_inst/Core_cpu/u_core_top/exec_q_reg[trans_id][2]/CE","setup"
2857,-0.259,5.000,4.922,8,"student_top_inst/Core_cpu/u_core_top/u_dcache/u_tag_bank/mem_q_reg/CLKBWRCLK","student_top_inst/Core_cpu/u_core_top/exec_q_reg[uop][pc][11]/CE","setup"
2858,-0.259,5.000,4.922,8,"student_top_inst/Core_cpu/u_core_top/u_dcache/u_tag_bank/mem_q_reg/CLKBWRCLK","student_top_inst/Core_cpu/u_core_top/exec_q_reg[uop][pc][12]/CE","setup"
2859,-0.259,5.000,4.922,8,"student_top_inst/Core_cpu/u_core_top/u_dcache/u_tag_bank/mem_q_reg/CLKBWRCLK","student_top_inst/Core_cpu/u_core_top/exec_q_reg[uop][pc][21]/CE","setup"
2860,-0.259,5.000,4.922,8,"student_top_inst/Core_cpu/u_core_top/u_dcache/u_tag_bank/mem_q_reg/CLKBWRCLK","student_top_inst/Core_cpu/u_core_top/exec_q_reg[uop][pc][31]/CE","setup"
2861,-0.259,5.000,4.922,8,"student_top_inst/Core_cpu/u_core_top/u_dcache/u_tag_bank/mem_q_reg/CLKBWRCLK","student_top_inst/Core_cpu/u_core_top/exec_q_reg[uop][pred_next_pc][19]/CE","setup"
2862,-0.259,5.000,4.952,9,"student_top_inst/Core_cpu/u_core_top/scoreboard_q_reg[3][fu][1]/C","student_top_inst/Core_cpu/u_core_top/scoreboard_q_reg[0][csr_op][1]/CE","setup"
2863,-0.258,5.000,4.988,0,"student_top_inst/Core_cpu/u_core_top/u_dmem_regslice/req_addr_q_reg[8]/C","student_top_inst/mem_bridge/dram_adapter/dram/U0/inst_blk_mem_gen/gnbram.gnativebmg.native_blk_mem_gen/valid.cstr/ramloop[10].ram.r/prim_init.ram/DEVICE_7SERIES.NO_BMM_INFO.SP.SIMPLE_PRIM36.ram/ADDRARDADDR[9]","setup"
2864,-0.258,5.000,5.190,10,"student_top_inst/Core_cpu/u_core_top/u_dcache/u_tag_bank/mem_q_reg/CLKBWRCLK","student_top_inst/Core_cpu/u_core_top/load_q_reg[0][addr][16]/D","setup"
2865,-0.258,5.000,4.918,7,"student_top_inst/Core_cpu/u_core_top/u_dcache/u_tag_bank/mem_q_reg/CLKBWRCLK","student_top_inst/Core_cpu/u_core_top/scoreboard_q_reg[3][sys_op][0]/CE","setup"
2866,-0.258,5.000,4.918,7,"student_top_inst/Core_cpu/u_core_top/u_dcache/u_tag_bank/mem_q_reg/CLKBWRCLK","student_top_inst/Core_cpu/u_core_top/scoreboard_q_reg[3][sys_op][1]/CE","setup"
2867,-0.258,5.000,4.918,7,"student_top_inst/Core_cpu/u_core_top/u_dcache/u_tag_bank/mem_q_reg/CLKBWRCLK","student_top_inst/Core_cpu/u_core_top/scoreboard_q_reg[3][sys_op][2]/CE","setup"
2868,-0.258,5.000,4.812,7,"student_top_inst/Core_cpu/u_core_top/u_dcache/u_tag_bank/mem_q_reg/CLKBWRCLK","student_top_inst/Core_cpu/u_core_top/scoreboard_q_reg[3][result][24]/R","setup"
2869,-0.258,5.000,4.812,7,"student_top_inst/Core_cpu/u_core_top/u_dcache/u_tag_bank/mem_q_reg/CLKBWRCLK","student_top_inst/Core_cpu/u_core_top/scoreboard_q_reg[3][result][9]/R","setup"
2870,-0.258,5.000,4.918,7,"student_top_inst/Core_cpu/u_core_top/u_dcache/u_tag_bank/mem_q_reg/CLKBWRCLK","student_top_inst/Core_cpu/u_core_top/scoreboard_q_reg[2][result][12]/CE","setup"
2871,-0.258,5.000,4.918,7,"student_top_inst/Core_cpu/u_core_top/u_dcache/u_tag_bank/mem_q_reg/CLKBWRCLK","student_top_inst/Core_cpu/u_core_top/scoreboard_q_reg[2][result][13]/CE","setup"
2872,-0.258,5.000,4.918,7,"student_top_inst/Core_cpu/u_core_top/u_dcache/u_tag_bank/mem_q_reg/CLKBWRCLK","student_top_inst/Core_cpu/u_core_top/scoreboard_q_reg[2][result][18]/CE","setup"
2873,-0.258,5.000,4.945,8,"student_top_inst/Core_cpu/u_core_top/u_dcache/u_tag_bank/mem_q_reg/CLKBWRCLK","student_top_inst/Core_cpu/u_core_top/exec_q_reg[uop][is_jalr]/CE","setup"
2874,-0.258,5.000,4.945,8,"student_top_inst/Core_cpu/u_core_top/u_dcache/u_tag_bank/mem_q_reg/CLKBWRCLK","student_top_inst/Core_cpu/u_core_top/exec_q_reg[uop][load_unsigned]/CE","setup"
2875,-0.258,5.000,4.945,8,"student_top_inst/Core_cpu/u_core_top/u_dcache/u_tag_bank/mem_q_reg/CLKBWRCLK","student_top_inst/Core_cpu/u_core_top/exec_q_reg[uop][muldiv_op][0]/CE","setup"
2876,-0.258,5.000,4.945,8,"student_top_inst/Core_cpu/u_core_top/u_dcache/u_tag_bank/mem_q_reg/CLKBWRCLK","student_top_inst/Core_cpu/u_core_top/exec_q_reg[uop][pred_next_pc][13]/CE","setup"
2877,-0.258,5.000,4.945,8,"student_top_inst/Core_cpu/u_core_top/u_dcache/u_tag_bank/mem_q_reg/CLKBWRCLK","student_top_inst/Core_cpu/u_core_top/exec_q_reg[uop][pred_next_pc][22]/CE","setup"
2878,-0.258,5.000,4.945,8,"student_top_inst/Core_cpu/u_core_top/u_dcache/u_tag_bank/mem_q_reg/CLKBWRCLK","student_top_inst/Core_cpu/u_core_top/exec_q_reg[uop][pred_next_pc][25]/CE","setup"
2879,-0.257,5.000,4.981,9,"student_top_inst/Core_cpu/u_core_top/scoreboard_q_reg[3][fu][1]/C","student_top_inst/Core_cpu/u_core_top/scoreboard_q_reg[6][csr_src][15]/CE","setup"
2880,-0.256,5.000,4.988,7,"student_top_inst/Core_cpu/u_core_top/scoreboard_q_reg[3][fu][1]/C","student_top_inst/Core_cpu/u_core_top/u_frontend/u_branch_predictor/ras_q_reg[0][21]/CE","setup"
2881,-0.256,5.000,4.988,7,"student_top_inst/Core_cpu/u_core_top/scoreboard_q_reg[3][fu][1]/C","student_top_inst/Core_cpu/u_core_top/u_frontend/u_branch_predictor/ras_q_reg[0][23]/CE","setup"
2882,-0.256,5.000,4.988,7,"student_top_inst/Core_cpu/u_core_top/scoreboard_q_reg[3][fu][1]/C","student_top_inst/Core_cpu/u_core_top/u_frontend/u_branch_predictor/ras_q_reg[0][29]/CE","setup"
2883,-0.256,5.000,5.161,10,"student_top_inst/Core_cpu/u_core_top/u_dcache/u_tag_bank/mem_q_reg/CLKBWRCLK","student_top_inst/Core_cpu/u_core_top/u_dmem_regslice/req_wdata_q_reg[0]/D","setup"
2884,-0.256,5.000,4.912,7,"student_top_inst/Core_cpu/u_core_top/u_dcache/u_tag_bank/mem_q_reg/CLKBWRCLK","student_top_inst/Core_cpu/u_core_top/scoreboard_q_reg[7][csr_addr][10]/CE","setup"
2885,-0.256,5.000,4.912,7,"student_top_inst/Core_cpu/u_core_top/u_dcache/u_tag_bank/mem_q_reg/CLKBWRCLK","student_top_inst/Core_cpu/u_core_top/scoreboard_q_reg[7][pc][11]/CE","setup"
2886,-0.256,5.000,4.912,7,"student_top_inst/Core_cpu/u_core_top/u_dcache/u_tag_bank/mem_q_reg/CLKBWRCLK","student_top_inst/Core_cpu/u_core_top/scoreboard_q_reg[7][pc][2]/CE","setup"
2887,-0.256,5.000,4.912,7,"student_top_inst/Core_cpu/u_core_top/u_dcache/u_tag_bank/mem_q_reg/CLKBWRCLK","student_top_inst/Core_cpu/u_core_top/scoreboard_q_reg[7][pc][6]/CE","setup"
2888,-0.256,5.000,4.912,7,"student_top_inst/Core_cpu/u_core_top/u_dcache/u_tag_bank/mem_q_reg/CLKBWRCLK","student_top_inst/Core_cpu/u_core_top/scoreboard_q_reg[7][pc][7]/CE","setup"
2889,-0.256,5.000,4.943,7,"student_top_inst/Core_cpu/u_core_top/u_dcache/u_tag_bank/mem_q_reg/CLKBWRCLK","student_top_inst/Core_cpu/u_core_top/id_uop_q_reg[csr_addr][1]/CE","setup"
2890,-0.256,5.000,4.943,7,"student_top_inst/Core_cpu/u_core_top/u_dcache/u_tag_bank/mem_q_reg/CLKBWRCLK","student_top_inst/Core_cpu/u_core_top/id_uop_q_reg[csr_addr][6]/CE","setup"
2891,-0.256,5.000,4.943,7,"student_top_inst/Core_cpu/u_core_top/u_dcache/u_tag_bank/mem_q_reg/CLKBWRCLK","student_top_inst/Core_cpu/u_core_top/id_uop_q_reg[imm][23]/CE","setup"
2892,-0.256,5.000,4.943,7,"student_top_inst/Core_cpu/u_core_top/u_dcache/u_tag_bank/mem_q_reg/CLKBWRCLK","student_top_inst/Core_cpu/u_core_top/id_uop_q_reg[imm][24]/CE","setup"
2893,-0.256,5.000,4.943,7,"student_top_inst/Core_cpu/u_core_top/u_dcache/u_tag_bank/mem_q_reg/CLKBWRCLK","student_top_inst/Core_cpu/u_core_top/id_uop_q_reg[imm][27]/CE","setup"
2894,-0.256,5.000,4.943,7,"student_top_inst/Core_cpu/u_core_top/u_dcache/u_tag_bank/mem_q_reg/CLKBWRCLK","student_top_inst/Core_cpu/u_core_top/id_uop_q_reg[imm][28]/CE","setup"
2895,-0.256,5.000,4.943,7,"student_top_inst/Core_cpu/u_core_top/u_dcache/u_tag_bank/mem_q_reg/CLKBWRCLK","student_top_inst/Core_cpu/u_core_top/id_uop_q_reg[rs2]_rep[1]/CE","setup"
2896,-0.256,5.000,4.953,9,"student_top_inst/Core_cpu/u_core_top/scoreboard_q_reg[3][fu][1]/C","student_top_inst/Core_cpu/u_core_top/scoreboard_q_reg[6][pc][13]/CE","setup"
2897,-0.256,5.000,4.953,9,"student_top_inst/Core_cpu/u_core_top/scoreboard_q_reg[3][fu][1]/C","student_top_inst/Core_cpu/u_core_top/scoreboard_q_reg[6][pc][27]/CE","setup"
2898,-0.256,5.000,5.088,8,"student_top_inst/Core_cpu/u_core_top/u_dcache/u_tag_bank/mem_q_reg/CLKBWRCLK","student_top_inst/Core_cpu/u_core_top/scoreboard_q_reg[5][exception_tval][0]/D","setup"
2899,-0.255,5.000,5.155,10,"student_top_inst/Core_cpu/u_core_top/u_dcache/u_tag_bank/mem_q_reg/CLKBWRCLK","student_top_inst/Core_cpu/u_core_top/store_count_q_reg[1]/D","setup"
2900,-0.255,5.000,5.159,10,"student_top_inst/Core_cpu/u_core_top/u_dcache/u_tag_bank/mem_q_reg/CLKBWRCLK","student_top_inst/Core_cpu/u_core_top/u_dmem_regslice/req_wdata_q_reg[14]/D","setup"
2901,-0.255,5.000,4.918,7,"student_top_inst/Core_cpu/u_core_top/u_dcache/u_tag_bank/mem_q_reg/CLKBWRCLK","student_top_inst/Core_cpu/u_core_top/scoreboard_q_reg[1][result][11]/CE","setup"
2902,-0.255,5.000,4.918,7,"student_top_inst/Core_cpu/u_core_top/u_dcache/u_tag_bank/mem_q_reg/CLKBWRCLK","student_top_inst/Core_cpu/u_core_top/scoreboard_q_reg[1][result][24]/CE","setup"
2903,-0.255,5.000,4.918,7,"student_top_inst/Core_cpu/u_core_top/u_dcache/u_tag_bank/mem_q_reg/CLKBWRCLK","student_top_inst/Core_cpu/u_core_top/scoreboard_q_reg[1][result][9]/CE","setup"
2904,-0.255,5.000,4.728,7,"student_top_inst/Core_cpu/u_core_top/u_dcache/u_tag_bank/mem_q_reg/CLKBWRCLK","student_top_inst/Core_cpu/u_core_top/u_dcache/g_data_bank[3].u_data_bank/mem_q_reg_0/ADDRBWRADDR[4]","setup"
2905,-0.254,5.000,4.750,7,"student_top_inst/Core_cpu/u_core_top/u_dcache/u_tag_bank/mem_q_reg/CLKBWRCLK","student_top_inst/Core_cpu/u_core_top/u_dcache/g_data_bank[1].u_data_bank/mem_q_reg_1/ADDRBWRADDR[14]","setup"
2906,-0.254,5.000,5.147,8,"student_top_inst/Core_cpu/u_core_top/u_dcache/u_tag_bank/mem_q_reg/CLKBWRCLK","student_top_inst/Core_cpu/u_core_top/scoreboard_q_reg[0][exception_tval][28]/D","setup"
2907,-0.254,5.000,5.178,9,"student_top_inst/Core_cpu/u_core_top/u_dcache/u_tag_bank/mem_q_reg/CLKBWRCLK","student_top_inst/Core_cpu/u_core_top/scoreboard_q_reg[4][result][15]/D","setup"
2908,-0.254,5.000,4.770,8,"student_top_inst/Core_cpu/u_core_top/scoreboard_q_reg[3][fu][1]/C","student_top_inst/Core_cpu/u_core_top/u_dcache/g_data_bank[2].u_data_bank/mem_q_reg_0/ADDRARDADDR[7]","setup"
2909,-0.254,5.000,5.086,8,"student_top_inst/Core_cpu/u_core_top/u_dcache/u_tag_bank/mem_q_reg/CLKBWRCLK","student_top_inst/Core_cpu/u_core_top/scoreboard_q_reg[5][exception_tval][5]/D","setup"
2910,-0.254,5.000,4.912,7,"student_top_inst/Core_cpu/u_core_top/u_dcache/u_tag_bank/mem_q_reg/CLKBWRCLK","student_top_inst/Core_cpu/u_core_top/scoreboard_q_reg[5][result][16]/CE","setup"
2911,-0.254,5.000,4.912,7,"student_top_inst/Core_cpu/u_core_top/u_dcache/u_tag_bank/mem_q_reg/CLKBWRCLK","student_top_inst/Core_cpu/u_core_top/scoreboard_q_reg[5][result][17]/CE","setup"
2912,-0.254,5.000,4.912,7,"student_top_inst/Core_cpu/u_core_top/u_dcache/u_tag_bank/mem_q_reg/CLKBWRCLK","student_top_inst/Core_cpu/u_core_top/scoreboard_q_reg[5][result][20]/CE","setup"
2913,-0.253,5.000,5.119,8,"student_top_inst/Core_cpu/u_core_top/u_dcache/u_tag_bank/mem_q_reg/CLKBWRCLK","student_top_inst/Core_cpu/u_core_top/scoreboard_q_reg[3][exception_tval][4]/D","setup"
2914,-0.253,5.000,5.179,9,"student_top_inst/Core_cpu/u_core_top/u_dcache/u_tag_bank/mem_q_reg/CLKBWRCLK","student_top_inst/Core_cpu/u_core_top/scoreboard_q_reg[6][result][15]/D","setup"
2915,-0.253,5.000,4.760,0,"student_top_inst/Core_cpu/u_core_top/u_dmem_regslice/req_addr_q_reg[13]/C","student_top_inst/mem_bridge/dram_adapter/dram/U0/inst_blk_mem_gen/gnbram.gnativebmg.native_blk_mem_gen/valid.cstr/ramloop[26].ram.r/prim_init.ram/DEVICE_7SERIES.NO_BMM_INFO.SP.SIMPLE_PRIM36.ram/ADDRARDADDR[14]","setup"
2916,-0.253,5.000,5.086,8,"student_top_inst/Core_cpu/u_core_top/u_dcache/u_tag_bank/mem_q_reg/CLKBWRCLK","student_top_inst/Core_cpu/u_core_top/scoreboard_q_reg[5][exception_tval][4]/D","setup"
2917,-0.253,5.000,5.181,9,"student_top_inst/Core_cpu/u_core_top/u_dcache/u_tag_bank/mem_q_reg/CLKBWRCLK","student_top_inst/Core_cpu/u_core_top/scoreboard_q_reg[0][result][14]/D","setup"
2918,-0.252,5.000,5.118,8,"student_top_inst/Core_cpu/u_core_top/u_dcache/u_tag_bank/mem_q_reg/CLKBWRCLK","student_top_inst/Core_cpu/u_core_top/scoreboard_q_reg[3][exception_tval][18]/D","setup"
2919,-0.252,5.000,5.183,10,"student_top_inst/Core_cpu/u_core_top/u_dcache/u_tag_bank/mem_q_reg/CLKBWRCLK","student_top_inst/Core_cpu/u_core_top/load_q_reg[0][addr][31]/D","setup"
2920,-0.252,5.000,4.940,7,"student_top_inst/Core_cpu/u_core_top/u_dcache/u_tag_bank/mem_q_reg/CLKBWRCLK","student_top_inst/Core_cpu/u_core_top/id_uop_q_reg[pred_next_pc][24]/CE","setup"
2921,-0.252,5.000,4.940,7,"student_top_inst/Core_cpu/u_core_top/u_dcache/u_tag_bank/mem_q_reg/CLKBWRCLK","student_top_inst/Core_cpu/u_core_top/id_uop_q_reg[pred_next_pc][25]/CE","setup"
2922,-0.252,5.000,4.940,7,"student_top_inst/Core_cpu/u_core_top/u_dcache/u_tag_bank/mem_q_reg/CLKBWRCLK","student_top_inst/Core_cpu/u_core_top/id_uop_q_reg[pred_next_pc][26]/CE","setup"
2923,-0.252,5.000,4.940,7,"student_top_inst/Core_cpu/u_core_top/u_dcache/u_tag_bank/mem_q_reg/CLKBWRCLK","student_top_inst/Core_cpu/u_core_top/id_uop_q_reg[pred_next_pc][27]/CE","setup"
2924,-0.252,5.000,4.940,7,"student_top_inst/Core_cpu/u_core_top/u_dcache/u_tag_bank/mem_q_reg/CLKBWRCLK","student_top_inst/Core_cpu/u_core_top/id_uop_q_reg[pred_next_pc][28]/CE","setup"
2925,-0.252,5.000,4.940,7,"student_top_inst/Core_cpu/u_core_top/u_dcache/u_tag_bank/mem_q_reg/CLKBWRCLK","student_top_inst/Core_cpu/u_core_top/id_uop_q_reg[pred_next_pc][29]/CE","setup"
2926,-0.252,5.000,4.914,7,"student_top_inst/Core_cpu/u_core_top/u_dcache/u_tag_bank/mem_q_reg/CLKBWRCLK","student_top_inst/Core_cpu/u_core_top/scoreboard_q_reg[5][csr_addr][11]/CE","setup"
2927,-0.252,5.000,4.914,7,"student_top_inst/Core_cpu/u_core_top/u_dcache/u_tag_bank/mem_q_reg/CLKBWRCLK","student_top_inst/Core_cpu/u_core_top/scoreboard_q_reg[5][csr_addr][9]/CE","setup"
2928,-0.252,5.000,4.914,7,"student_top_inst/Core_cpu/u_core_top/u_dcache/u_tag_bank/mem_q_reg/CLKBWRCLK","student_top_inst/Core_cpu/u_core_top/scoreboard_q_reg[5][link_addr][1]/CE","setup"
2929,-0.252,5.000,4.914,7,"student_top_inst/Core_cpu/u_core_top/u_dcache/u_tag_bank/mem_q_reg/CLKBWRCLK","student_top_inst/Core_cpu/u_core_top/scoreboard_q_reg[5][link_addr][21]/CE","setup"
2930,-0.252,5.000,4.914,7,"student_top_inst/Core_cpu/u_core_top/u_dcache/u_tag_bank/mem_q_reg/CLKBWRCLK","student_top_inst/Core_cpu/u_core_top/scoreboard_q_reg[5][link_addr][25]/CE","setup"
2931,-0.252,5.000,4.914,7,"student_top_inst/Core_cpu/u_core_top/u_dcache/u_tag_bank/mem_q_reg/CLKBWRCLK","student_top_inst/Core_cpu/u_core_top/scoreboard_q_reg[5][link_addr][7]/CE","setup"
2932,-0.252,5.000,4.914,7,"student_top_inst/Core_cpu/u_core_top/u_dcache/u_tag_bank/mem_q_reg/CLKBWRCLK","student_top_inst/Core_cpu/u_core_top/scoreboard_q_reg[5][link_addr][8]/CE","setup"
2933,-0.252,5.000,5.140,8,"student_top_inst/Core_cpu/u_core_top/u_dcache/u_tag_bank/mem_q_reg/CLKBWRCLK","student_top_inst/Core_cpu/u_core_top/scoreboard_q_reg[2][exception_tval][18]/D","setup"
2934,-0.252,5.000,4.912,7,"student_top_inst/Core_cpu/u_core_top/u_dcache/u_tag_bank/mem_q_reg/CLKBWRCLK","student_top_inst/Core_cpu/u_core_top/scoreboard_q_reg[2][pc][18]/CE","setup"
2935,-0.252,5.000,4.912,7,"student_top_inst/Core_cpu/u_core_top/u_dcache/u_tag_bank/mem_q_reg/CLKBWRCLK","student_top_inst/Core_cpu/u_core_top/scoreboard_q_reg[2][pc][21]/CE","setup"
2936,-0.252,5.000,4.912,7,"student_top_inst/Core_cpu/u_core_top/u_dcache/u_tag_bank/mem_q_reg/CLKBWRCLK","student_top_inst/Core_cpu/u_core_top/scoreboard_q_reg[2][pc][24]/CE","setup"
2937,-0.251,5.000,4.805,7,"student_top_inst/Core_cpu/u_core_top/u_dcache/u_tag_bank/mem_q_reg/CLKBWRCLK","student_top_inst/Core_cpu/u_core_top/u_dcache/g_data_bank[1].u_data_bank/mem_q_reg_0/ADDRBWRADDR[9]","setup"
2938,-0.251,5.000,4.800,7,"student_top_inst/Core_cpu/u_core_top/u_dcache/u_tag_bank/mem_q_reg/CLKBWRCLK","student_top_inst/Core_cpu/u_core_top/u_dcache/g_data_bank[3].u_data_bank/mem_q_reg_1/ADDRBWRADDR[7]","setup"
2939,-0.251,5.000,5.175,9,"student_top_inst/Core_cpu/u_core_top/u_dcache/u_tag_bank/mem_q_reg/CLKBWRCLK","student_top_inst/Core_cpu/u_core_top/scoreboard_q_reg[6][result][16]/D","setup"
2940,-0.251,5.000,5.127,7,"student_top_inst/Core_cpu/u_core_top/commit_ptr_q_reg[2]_rep/C","student_top_inst/Core_cpu/u_core_top/u_csr/mtval_q_reg[2]/D","setup"
2941,-0.251,5.000,5.138,8,"student_top_inst/Core_cpu/u_core_top/u_dcache/u_tag_bank/mem_q_reg/CLKBWRCLK","student_top_inst/Core_cpu/u_core_top/scoreboard_q_reg[2][exception_tval][5]/D","setup"
2942,-0.250,5.000,5.146,8,"student_top_inst/Core_cpu/u_core_top/u_dcache/u_tag_bank/mem_q_reg/CLKBWRCLK","student_top_inst/Core_cpu/u_core_top/scoreboard_q_reg[0][exception_tval][23]/D","setup"
2943,-0.250,5.000,4.931,7,"student_top_inst/Core_cpu/u_core_top/u_dcache/u_tag_bank/mem_q_reg/CLKBWRCLK","student_top_inst/Core_cpu/u_core_top/scoreboard_q_reg[3][result][27]/CE","setup"
2944,-0.250,5.000,4.931,7,"student_top_inst/Core_cpu/u_core_top/u_dcache/u_tag_bank/mem_q_reg/CLKBWRCLK","student_top_inst/Core_cpu/u_core_top/scoreboard_q_reg[3][result][28]/CE","setup"
2945,-0.250,5.000,4.931,7,"student_top_inst/Core_cpu/u_core_top/u_dcache/u_tag_bank/mem_q_reg/CLKBWRCLK","student_top_inst/Core_cpu/u_core_top/scoreboard_q_reg[3][result][31]/CE","setup"
2946,-0.250,5.000,4.753,7,"student_top_inst/Core_cpu/u_core_top/u_dcache/u_tag_bank/mem_q_reg/CLKBWRCLK","student_top_inst/Core_cpu/u_core_top/u_dcache/g_data_bank[0].u_data_bank/mem_q_reg_1/ADDRBWRADDR[12]","setup"
2947,-0.250,5.000,5.145,9,"student_top_inst/Core_cpu/u_core_top/u_dcache/u_tag_bank/mem_q_reg/CLKBWRCLK","student_top_inst/Core_cpu/u_core_top/scoreboard_q_reg[7][result][13]/D","setup"
2948,-0.250,5.000,5.083,6,"student_top_inst/Core_cpu/u_core_top/commit_ptr_q_reg[2]_rep/C","student_top_inst/Core_cpu/u_core_top/u_csr/mcause_q_reg[28]/D","setup"
2949,-0.249,5.000,4.905,7,"student_top_inst/Core_cpu/u_core_top/u_dcache/u_tag_bank/mem_q_reg/CLKBWRCLK","student_top_inst/Core_cpu/u_core_top/scoreboard_q_reg[2][csr_addr][0]/CE","setup"
2950,-0.249,5.000,4.905,7,"student_top_inst/Core_cpu/u_core_top/u_dcache/u_tag_bank/mem_q_reg/CLKBWRCLK","student_top_inst/Core_cpu/u_core_top/scoreboard_q_reg[2][csr_addr][10]/CE","setup"
2951,-0.249,5.000,4.905,7,"student_top_inst/Core_cpu/u_core_top/u_dcache/u_tag_bank/mem_q_reg/CLKBWRCLK","student_top_inst/Core_cpu/u_core_top/scoreboard_q_reg[2][pc][5]/CE","setup"
2952,-0.249,5.000,4.905,7,"student_top_inst/Core_cpu/u_core_top/u_dcache/u_tag_bank/mem_q_reg/CLKBWRCLK","student_top_inst/Core_cpu/u_core_top/scoreboard_q_reg[2][rd][3]/CE","setup"
2953,-0.249,5.000,4.905,7,"student_top_inst/Core_cpu/u_core_top/u_dcache/u_tag_bank/mem_q_reg/CLKBWRCLK","student_top_inst/Core_cpu/u_core_top/scoreboard_q_reg[2][rd][4]/CE","setup"
2954,-0.249,5.000,4.803,7,"student_top_inst/Core_cpu/u_core_top/u_dcache/u_tag_bank/mem_q_reg/CLKBWRCLK","student_top_inst/Core_cpu/u_core_top/u_dcache/g_data_bank[1].u_data_bank/mem_q_reg_0/ADDRBWRADDR[11]","setup"
2955,-0.249,5.000,5.061,6,"student_top_inst/Core_cpu/u_core_top/commit_ptr_q_reg[2]_rep/C","student_top_inst/Core_cpu/u_core_top/u_csr/mtvec_q_reg[28]/D","setup"
2956,-0.249,5.000,5.083,8,"student_top_inst/Core_cpu/u_core_top/u_dcache/u_tag_bank/mem_q_reg/CLKBWRCLK","student_top_inst/Core_cpu/u_core_top/scoreboard_q_reg[3][exception_tval][21]/D","setup"
2957,-0.249,5.000,4.936,7,"student_top_inst/Core_cpu/u_core_top/u_dcache/u_tag_bank/mem_q_reg/CLKBWRCLK","student_top_inst/Core_cpu/u_core_top/id_uop_q_reg[pc][30]/CE","setup"
2958,-0.249,5.000,4.936,7,"student_top_inst/Core_cpu/u_core_top/u_dcache/u_tag_bank/mem_q_reg/CLKBWRCLK","student_top_inst/Core_cpu/u_core_top/id_uop_q_reg[pc][31]/CE","setup"
2959,-0.249,5.000,4.936,7,"student_top_inst/Core_cpu/u_core_top/u_dcache/u_tag_bank/mem_q_reg/CLKBWRCLK","student_top_inst/Core_cpu/u_core_top/id_uop_q_reg[pred_next_pc][30]/CE","setup"
2960,-0.249,5.000,4.936,7,"student_top_inst/Core_cpu/u_core_top/u_dcache/u_tag_bank/mem_q_reg/CLKBWRCLK","student_top_inst/Core_cpu/u_core_top/id_uop_q_reg[pred_next_pc][31]/CE","setup"
2961,-0.249,5.000,5.114,8,"student_top_inst/Core_cpu/u_core_top/u_dcache/u_tag_bank/mem_q_reg/CLKBWRCLK","student_top_inst/Core_cpu/u_core_top/scoreboard_q_reg[3][exception_tval][0]/D","setup"
2962,-0.249,5.000,4.752,7,"student_top_inst/Core_cpu/u_core_top/u_dcache/u_tag_bank/mem_q_reg/CLKBWRCLK","student_top_inst/Core_cpu/u_core_top/u_dcache/g_data_bank[0].u_data_bank/mem_q_reg_1/ADDRBWRADDR[4]","setup"
2963,-0.249,5.000,4.984,0,"student_top_inst/Core_cpu/u_core_top/u_dmem_regslice/req_addr_q_reg[7]/C","student_top_inst/mem_bridge/dram_adapter/dram/U0/inst_blk_mem_gen/gnbram.gnativebmg.native_blk_mem_gen/valid.cstr/ramloop[2].ram.r/prim_init.ram/DEVICE_7SERIES.NO_BMM_INFO.SP.SIMPLE_PRIM36.ram/ADDRARDADDR[8]","setup"
2964,-0.248,5.000,4.905,7,"student_top_inst/Core_cpu/u_core_top/u_dcache/u_tag_bank/mem_q_reg/CLKBWRCLK","student_top_inst/Core_cpu/u_core_top/scoreboard_q_reg[3][result][24]/CE","setup"
2965,-0.248,5.000,4.905,7,"student_top_inst/Core_cpu/u_core_top/u_dcache/u_tag_bank/mem_q_reg/CLKBWRCLK","student_top_inst/Core_cpu/u_core_top/scoreboard_q_reg[3][result][9]/CE","setup"
2966,-0.248,5.000,5.112,8,"student_top_inst/Core_cpu/u_core_top/u_dcache/u_tag_bank/mem_q_reg/CLKBWRCLK","student_top_inst/Core_cpu/u_core_top/scoreboard_q_reg[3][exception_cause][2]/D","setup"
2967,-0.247,5.000,4.907,7,"student_top_inst/Core_cpu/u_core_top/u_dcache/u_tag_bank/mem_q_reg/CLKBWRCLK","student_top_inst/Core_cpu/u_core_top/scoreboard_q_reg[7][result][13]/CE","setup"
2968,-0.247,5.000,4.907,7,"student_top_inst/Core_cpu/u_core_top/u_dcache/u_tag_bank/mem_q_reg/CLKBWRCLK","student_top_inst/Core_cpu/u_core_top/scoreboard_q_reg[7][result][15]/CE","setup"
2969,-0.247,5.000,4.907,7,"student_top_inst/Core_cpu/u_core_top/u_dcache/u_tag_bank/mem_q_reg/CLKBWRCLK","student_top_inst/Core_cpu/u_core_top/scoreboard_q_reg[7][result][19]/CE","setup"
2970,-0.247,5.000,5.168,11,"student_top_inst/Core_cpu/u_core_top/store_head_q_reg[1]/C","student_top_inst/Core_cpu/u_core_top/load_q_reg[1][forward_data][4]/D","setup"
2971,-0.247,5.000,4.800,7,"student_top_inst/Core_cpu/u_core_top/u_dcache/u_tag_bank/mem_q_reg/CLKBWRCLK","student_top_inst/Core_cpu/u_core_top/u_dcache/g_data_bank[1].u_data_bank/mem_q_reg_0/ADDRBWRADDR[8]","setup"
2972,-0.247,5.000,4.978,7,"student_top_inst/Core_cpu/u_core_top/scoreboard_q_reg[3][fu][1]/C","student_top_inst/Core_cpu/u_core_top/u_frontend/u_branch_predictor/ras_q_reg[4][27]/CE","setup"
2973,-0.247,5.000,4.978,7,"student_top_inst/Core_cpu/u_core_top/scoreboard_q_reg[3][fu][1]/C","student_top_inst/Core_cpu/u_core_top/u_frontend/u_branch_predictor/ras_q_reg[4][29]/CE","setup"
2974,-0.246,5.000,4.824,7,"student_top_inst/Core_cpu/u_core_top/u_dcache/u_tag_bank/mem_q_reg/CLKBWRCLK","student_top_inst/Core_cpu/u_core_top/scoreboard_q_reg[5][result][23]/R","setup"
2975,-0.246,5.000,4.824,7,"student_top_inst/Core_cpu/u_core_top/u_dcache/u_tag_bank/mem_q_reg/CLKBWRCLK","student_top_inst/Core_cpu/u_core_top/scoreboard_q_reg[5][result][26]/R","setup"
2976,-0.246,5.000,4.824,7,"student_top_inst/Core_cpu/u_core_top/u_dcache/u_tag_bank/mem_q_reg/CLKBWRCLK","student_top_inst/Core_cpu/u_core_top/scoreboard_q_reg[5][result][30]/R","setup"
2977,-0.246,5.000,5.143,10,"student_top_inst/Core_cpu/u_core_top/u_dcache/u_tag_bank/mem_q_reg/CLKBWRCLK","student_top_inst/Core_cpu/u_core_top/store_q_reg[0][valid]/D","setup"
2978,-0.246,5.000,5.145,9,"student_top_inst/Core_cpu/u_core_top/u_dcache/u_tag_bank/mem_q_reg/CLKBWRCLK","student_top_inst/Core_cpu/u_core_top/scoreboard_q_reg[1][result][26]/D","setup"
2979,-0.245,5.000,5.171,9,"student_top_inst/Core_cpu/u_core_top/u_dcache/u_tag_bank/mem_q_reg/CLKBWRCLK","student_top_inst/Core_cpu/u_core_top/scoreboard_q_reg[0][result][19]/D","setup"
2980,-0.245,5.000,5.136,9,"student_top_inst/Core_cpu/u_core_top/u_dcache/u_tag_bank/mem_q_reg/CLKBWRCLK","student_top_inst/Core_cpu/u_core_top/scoreboard_q_reg[5][result][11]/D","setup"
2981,-0.245,5.000,5.070,6,"student_top_inst/Core_cpu/u_core_top/commit_ptr_q_reg[2]_rep/C","student_top_inst/Core_cpu/u_core_top/u_csr/mcause_q_reg[30]/D","setup"
2982,-0.244,5.000,5.176,8,"student_top_inst/Core_cpu/u_core_top/u_dcache/u_tag_bank/mem_q_reg/CLKBWRCLK","student_top_inst/Core_cpu/u_core_top/producer_valid_q_reg[18]/D","setup"
2983,-0.244,5.000,5.175,12,"student_top_inst/Core_cpu/u_core_top/store_head_q_reg[1]/C","student_top_inst/Core_cpu/u_core_top/load_active_meta_q_reg[forward_mask][0]/D","setup"
2984,-0.243,5.000,4.997,8,"student_top_inst/Core_cpu/u_core_top/scoreboard_q_reg[3][fu][1]/C","student_top_inst/Core_cpu/u_core_top/u_dcache/g_data_bank[0].u_data_bank/mem_q_reg_0/DIADI[12]","setup"
2985,-0.243,5.000,4.928,7,"student_top_inst/Core_cpu/u_core_top/u_dcache/u_tag_bank/mem_q_reg/CLKBWRCLK","student_top_inst/Core_cpu/u_core_top/id_uop_q_reg[pc][12]/CE","setup"
2986,-0.243,5.000,4.928,7,"student_top_inst/Core_cpu/u_core_top/u_dcache/u_tag_bank/mem_q_reg/CLKBWRCLK","student_top_inst/Core_cpu/u_core_top/id_uop_q_reg[pc][13]/CE","setup"
2987,-0.243,5.000,4.928,7,"student_top_inst/Core_cpu/u_core_top/u_dcache/u_tag_bank/mem_q_reg/CLKBWRCLK","student_top_inst/Core_cpu/u_core_top/id_uop_q_reg[pc][14]/CE","setup"
2988,-0.243,5.000,4.928,7,"student_top_inst/Core_cpu/u_core_top/u_dcache/u_tag_bank/mem_q_reg/CLKBWRCLK","student_top_inst/Core_cpu/u_core_top/id_uop_q_reg[pc][15]/CE","setup"
2989,-0.243,5.000,4.928,7,"student_top_inst/Core_cpu/u_core_top/u_dcache/u_tag_bank/mem_q_reg/CLKBWRCLK","student_top_inst/Core_cpu/u_core_top/id_uop_q_reg[pc][16]/CE","setup"
2990,-0.243,5.000,4.928,7,"student_top_inst/Core_cpu/u_core_top/u_dcache/u_tag_bank/mem_q_reg/CLKBWRCLK","student_top_inst/Core_cpu/u_core_top/id_uop_q_reg[pc][17]/CE","setup"
2991,-0.243,5.000,5.134,8,"student_top_inst/Core_cpu/u_core_top/u_dcache/u_tag_bank/mem_q_reg/CLKBWRCLK","student_top_inst/Core_cpu/u_core_top/scoreboard_q_reg[2][exception_tval][1]/D","setup"
2992,-0.243,5.000,5.175,12,"student_top_inst/Core_cpu/u_core_top/store_head_q_reg[1]/C","student_top_inst/Core_cpu/u_core_top/load_q_reg[0][forward_data][0]/D","setup"
2993,-0.242,5.000,4.797,7,"student_top_inst/Core_cpu/u_core_top/u_dcache/u_tag_bank/mem_q_reg/CLKBWRCLK","student_top_inst/Core_cpu/u_core_top/scoreboard_q_reg[5][result][0]/R","setup"
2994,-0.242,5.000,4.797,7,"student_top_inst/Core_cpu/u_core_top/u_dcache/u_tag_bank/mem_q_reg/CLKBWRCLK","student_top_inst/Core_cpu/u_core_top/scoreboard_q_reg[5][result][10]/R","setup"
2995,-0.242,5.000,4.797,7,"student_top_inst/Core_cpu/u_core_top/u_dcache/u_tag_bank/mem_q_reg/CLKBWRCLK","student_top_inst/Core_cpu/u_core_top/scoreboard_q_reg[5][result][2]/R","setup"
2996,-0.242,5.000,4.797,7,"student_top_inst/Core_cpu/u_core_top/u_dcache/u_tag_bank/mem_q_reg/CLKBWRCLK","student_top_inst/Core_cpu/u_core_top/scoreboard_q_reg[5][result][7]/R","setup"
2997,-0.242,5.000,4.942,9,"student_top_inst/Core_cpu/u_core_top/scoreboard_q_reg[3][fu][1]/C","student_top_inst/Core_cpu/u_core_top/scoreboard_q_reg[6][link_addr][28]/CE","setup"
2998,-0.242,5.000,4.942,9,"student_top_inst/Core_cpu/u_core_top/scoreboard_q_reg[3][fu][1]/C","student_top_inst/Core_cpu/u_core_top/scoreboard_q_reg[6][link_addr][3]/CE","setup"
2999,-0.242,5.000,4.942,9,"student_top_inst/Core_cpu/u_core_top/scoreboard_q_reg[3][fu][1]/C","student_top_inst/Core_cpu/u_core_top/scoreboard_q_reg[6][pc][25]/CE","setup"
3000,-0.242,5.000,4.942,9,"student_top_inst/Core_cpu/u_core_top/scoreboard_q_reg[3][fu][1]/C","student_top_inst/Core_cpu/u_core_top/scoreboard_q_reg[6][pc][4]/CE","setup"
3001,-0.242,5.000,5.137,9,"student_top_inst/Core_cpu/u_core_top/u_dcache/u_tag_bank/mem_q_reg/CLKBWRCLK","student_top_inst/Core_cpu/u_core_top/scoreboard_q_reg[2][result][18]/D","setup"
3002,-0.242,5.000,4.901,7,"student_top_inst/Core_cpu/u_core_top/u_dcache/u_tag_bank/mem_q_reg/CLKBWRCLK","student_top_inst/Core_cpu/u_core_top/scoreboard_q_reg[7][link_addr][31]/CE","setup"
3003,-0.242,5.000,4.901,7,"student_top_inst/Core_cpu/u_core_top/u_dcache/u_tag_bank/mem_q_reg/CLKBWRCLK","student_top_inst/Core_cpu/u_core_top/scoreboard_q_reg[7][link_addr][3]/CE","setup"
3004,-0.242,5.000,4.901,7,"student_top_inst/Core_cpu/u_core_top/u_dcache/u_tag_bank/mem_q_reg/CLKBWRCLK","student_top_inst/Core_cpu/u_core_top/scoreboard_q_reg[7][link_addr][7]/CE","setup"
3005,-0.242,5.000,4.901,7,"student_top_inst/Core_cpu/u_core_top/u_dcache/u_tag_bank/mem_q_reg/CLKBWRCLK","student_top_inst/Core_cpu/u_core_top/scoreboard_q_reg[7][pc][3]/CE","setup"
3006,-0.242,5.000,4.901,7,"student_top_inst/Core_cpu/u_core_top/u_dcache/u_tag_bank/mem_q_reg/CLKBWRCLK","student_top_inst/Core_cpu/u_core_top/scoreboard_q_reg[7][sys_op][0]/CE","setup"
3007,-0.242,5.000,4.901,7,"student_top_inst/Core_cpu/u_core_top/u_dcache/u_tag_bank/mem_q_reg/CLKBWRCLK","student_top_inst/Core_cpu/u_core_top/scoreboard_q_reg[7][sys_op][1]/CE","setup"
3008,-0.242,5.000,4.901,7,"student_top_inst/Core_cpu/u_core_top/u_dcache/u_tag_bank/mem_q_reg/CLKBWRCLK","student_top_inst/Core_cpu/u_core_top/scoreboard_q_reg[7][sys_op][2]/CE","setup"
3009,-0.242,5.000,4.901,7,"student_top_inst/Core_cpu/u_core_top/u_dcache/u_tag_bank/mem_q_reg/CLKBWRCLK","student_top_inst/Core_cpu/u_core_top/scoreboard_q_reg[7][writes_rd]/CE","setup"
3010,-0.242,5.000,5.132,8,"student_top_inst/Core_cpu/u_core_top/u_dcache/u_tag_bank/mem_q_reg/CLKBWRCLK","student_top_inst/Core_cpu/u_core_top/scoreboard_q_reg[2][exception_tval][27]/D","setup"
3011,-0.242,5.000,5.168,8,"student_top_inst/Core_cpu/u_core_top/u_dcache/u_tag_bank/mem_q_reg/CLKBWRCLK","student_top_inst/Core_cpu/u_core_top/producer_valid_q_reg[12]/D","setup"
3012,-0.242,5.000,4.903,7,"student_top_inst/Core_cpu/u_core_top/u_dcache/u_tag_bank/mem_q_reg/CLKBWRCLK","student_top_inst/Core_cpu/u_core_top/scoreboard_q_reg[4][fu][2]/CE","setup"
3013,-0.242,5.000,4.903,7,"student_top_inst/Core_cpu/u_core_top/u_dcache/u_tag_bank/mem_q_reg/CLKBWRCLK","student_top_inst/Core_cpu/u_core_top/scoreboard_q_reg[4][sys_op][0]/CE","setup"
3014,-0.242,5.000,4.903,7,"student_top_inst/Core_cpu/u_core_top/u_dcache/u_tag_bank/mem_q_reg/CLKBWRCLK","student_top_inst/Core_cpu/u_core_top/scoreboard_q_reg[4][sys_op][1]/CE","setup"
3015,-0.242,5.000,4.903,7,"student_top_inst/Core_cpu/u_core_top/u_dcache/u_tag_bank/mem_q_reg/CLKBWRCLK","student_top_inst/Core_cpu/u_core_top/scoreboard_q_reg[4][sys_op][2]/CE","setup"
3016,-0.242,5.000,5.134,11,"student_top_inst/Core_cpu/u_core_top/store_head_q_reg[1]/C","student_top_inst/Core_cpu/u_core_top/load_q_reg[1][forward_data][14]/D","setup"
3017,-0.241,5.000,5.141,10,"student_top_inst/Core_cpu/u_core_top/u_dcache/u_tag_bank/mem_q_reg/CLKBWRCLK","student_top_inst/Core_cpu/u_core_top/load_q_reg[0][store_seq_cutoff][2]/D","setup"
3018,-0.241,5.000,4.922,8,"student_top_inst/Core_cpu/u_core_top/u_dcache/u_tag_bank/mem_q_reg/CLKBWRCLK","student_top_inst/Core_cpu/u_core_top/exec_mem_addr_q_reg[4]/CE","setup"
3019,-0.241,5.000,4.922,8,"student_top_inst/Core_cpu/u_core_top/u_dcache/u_tag_bank/mem_q_reg/CLKBWRCLK","student_top_inst/Core_cpu/u_core_top/exec_mem_addr_q_reg[5]/CE","setup"
3020,-0.241,5.000,4.922,8,"student_top_inst/Core_cpu/u_core_top/u_dcache/u_tag_bank/mem_q_reg/CLKBWRCLK","student_top_inst/Core_cpu/u_core_top/exec_mem_addr_q_reg[6]/CE","setup"
3021,-0.241,5.000,4.922,8,"student_top_inst/Core_cpu/u_core_top/u_dcache/u_tag_bank/mem_q_reg/CLKBWRCLK","student_top_inst/Core_cpu/u_core_top/exec_mem_addr_q_reg[7]/CE","setup"
3022,-0.241,5.000,5.142,10,"student_top_inst/Core_cpu/u_core_top/u_dcache/u_tag_bank/mem_q_reg/CLKBWRCLK","student_top_inst/Core_cpu/u_core_top/load_q_reg[0][forward_data][18]/D","setup"
3023,-0.241,5.000,5.146,10,"student_top_inst/Core_cpu/u_core_top/u_dcache/u_tag_bank/mem_q_reg/CLKBWRCLK","student_top_inst/Core_cpu/u_core_top/u_dmem_regslice/req_wdata_q_reg[11]/D","setup"
3024,-0.240,5.000,5.162,9,"student_top_inst/Core_cpu/u_core_top/u_dcache/u_tag_bank/mem_q_reg/CLKBWRCLK","student_top_inst/Core_cpu/u_core_top/scoreboard_q_reg[7][result][14]/D","setup"
3025,-0.240,5.000,5.144,10,"student_top_inst/Core_cpu/u_core_top/u_dcache/u_tag_bank/mem_q_reg/CLKBWRCLK","student_top_inst/Core_cpu/u_core_top/u_dmem_regslice/req_wdata_q_reg[17]/D","setup"
3026,-0.240,5.000,5.134,8,"student_top_inst/Core_cpu/u_core_top/u_dcache/u_tag_bank/mem_q_reg/CLKBWRCLK","student_top_inst/Core_cpu/u_core_top/scoreboard_q_reg[0][exception_tval][18]/D","setup"
3027,-0.240,5.000,5.141,10,"student_top_inst/Core_cpu/u_core_top/u_dcache/u_tag_bank/mem_q_reg/CLKBWRCLK","student_top_inst/Core_cpu/u_core_top/load_q_reg[0][store_seq_cutoff][6]/D","setup"
3028,-0.239,5.000,4.901,8,"student_top_inst/Core_cpu/u_core_top/u_dcache/u_tag_bank/mem_q_reg/CLKBWRCLK","student_top_inst/Core_cpu/u_core_top/exec_q_reg[uop][branch_op][2]/CE","setup"
3029,-0.239,5.000,4.901,8,"student_top_inst/Core_cpu/u_core_top/u_dcache/u_tag_bank/mem_q_reg/CLKBWRCLK","student_top_inst/Core_cpu/u_core_top/exec_q_reg[uop][pred_next_pc][9]/CE","setup"
3030,-0.239,5.000,4.901,8,"student_top_inst/Core_cpu/u_core_top/u_dcache/u_tag_bank/mem_q_reg/CLKBWRCLK","student_top_inst/Core_cpu/u_core_top/exec_q_reg[uop][rd][0]/CE","setup"
3031,-0.239,5.000,4.901,8,"student_top_inst/Core_cpu/u_core_top/u_dcache/u_tag_bank/mem_q_reg/CLKBWRCLK","student_top_inst/Core_cpu/u_core_top/exec_q_reg[uop][rd][2]/CE","setup"
3032,-0.239,5.000,4.878,8,"student_top_inst/Core_cpu/u_core_top/scoreboard_q_reg[3][fu][1]/C","student_top_inst/Core_cpu/u_core_top/u_muldiv/u_div/U0/i_synth/i_has_input_skid.i_2to1/gen_has_z_tready.reg2_b_valid_reg/D","setup"
3033,-0.239,5.000,5.166,8,"student_top_inst/Core_cpu/u_core_top/u_dcache/u_tag_bank/mem_q_reg/CLKBWRCLK","student_top_inst/Core_cpu/u_core_top/producer_valid_q_reg[13]/D","setup"
3034,-0.239,5.000,4.456,0,"student_top_inst/cpu_rst_sync_reg/C","student_top_inst/Core_cpu/u_core_top/u_perf_counters/cycle_o_reg[48]/R","setup"
3035,-0.239,5.000,4.456,0,"student_top_inst/cpu_rst_sync_reg/C","student_top_inst/Core_cpu/u_core_top/u_perf_counters/cycle_o_reg[49]/R","setup"
3036,-0.239,5.000,4.456,0,"student_top_inst/cpu_rst_sync_reg/C","student_top_inst/Core_cpu/u_core_top/u_perf_counters/cycle_o_reg[50]/R","setup"
3037,-0.239,5.000,4.456,0,"student_top_inst/cpu_rst_sync_reg/C","student_top_inst/Core_cpu/u_core_top/u_perf_counters/cycle_o_reg[51]/R","setup"
3038,-0.239,5.000,4.964,9,"student_top_inst/Core_cpu/u_core_top/scoreboard_q_reg[3][fu][1]/C","student_top_inst/Core_cpu/u_core_top/scoreboard_q_reg[6][pc][5]/CE","setup"
3039,-0.239,5.000,4.760,8,"student_top_inst/Core_cpu/u_core_top/scoreboard_q_reg[3][fu][1]/C","student_top_inst/Core_cpu/u_core_top/u_dcache/g_data_bank[2].u_data_bank/mem_q_reg_1/ADDRARDADDR[5]","setup"
3040,-0.238,5.000,4.983,7,"student_top_inst/Core_cpu/u_core_top/u_dcache/u_tag_bank/mem_q_reg/CLKBWRCLK","student_top_inst/Core_cpu/u_core_top/id_uop_q_reg[exception_tval][1]/CE","setup"
3041,-0.238,5.000,4.787,7,"student_top_inst/Core_cpu/u_core_top/u_dcache/u_tag_bank/mem_q_reg/CLKBWRCLK","student_top_inst/Core_cpu/u_core_top/u_dcache/g_data_bank[3].u_data_bank/mem_q_reg_1/ADDRBWRADDR[13]","setup"
3042,-0.238,5.000,5.135,8,"student_top_inst/Core_cpu/u_core_top/u_dcache/u_tag_bank/mem_q_reg/CLKBWRCLK","student_top_inst/Core_cpu/u_core_top/producer_valid_q_reg[27]/D","setup"
3043,-0.238,5.000,4.930,9,"student_top_inst/Core_cpu/u_core_top/scoreboard_q_reg[3][fu][1]/C","student_top_inst/Core_cpu/u_core_top/scoreboard_q_reg[0][csr_src][11]/CE","setup"
3044,-0.238,5.000,4.930,9,"student_top_inst/Core_cpu/u_core_top/scoreboard_q_reg[3][fu][1]/C","student_top_inst/Core_cpu/u_core_top/scoreboard_q_reg[0][csr_src][14]/CE","setup"
3045,-0.238,5.000,4.930,9,"student_top_inst/Core_cpu/u_core_top/scoreboard_q_reg[3][fu][1]/C","student_top_inst/Core_cpu/u_core_top/scoreboard_q_reg[0][csr_src][15]/CE","setup"
3046,-0.238,5.000,4.930,9,"student_top_inst/Core_cpu/u_core_top/scoreboard_q_reg[3][fu][1]/C","student_top_inst/Core_cpu/u_core_top/scoreboard_q_reg[0][csr_src][17]/CE","setup"
3047,-0.238,5.000,4.930,9,"student_top_inst/Core_cpu/u_core_top/scoreboard_q_reg[3][fu][1]/C","student_top_inst/Core_cpu/u_core_top/scoreboard_q_reg[0][csr_src][19]/CE","setup"
3048,-0.238,5.000,4.930,9,"student_top_inst/Core_cpu/u_core_top/scoreboard_q_reg[3][fu][1]/C","student_top_inst/Core_cpu/u_core_top/scoreboard_q_reg[0][csr_src][1]/CE","setup"
3049,-0.238,5.000,4.930,9,"student_top_inst/Core_cpu/u_core_top/scoreboard_q_reg[3][fu][1]/C","student_top_inst/Core_cpu/u_core_top/scoreboard_q_reg[0][csr_src][24]/CE","setup"
3050,-0.238,5.000,4.930,9,"student_top_inst/Core_cpu/u_core_top/scoreboard_q_reg[3][fu][1]/C","student_top_inst/Core_cpu/u_core_top/scoreboard_q_reg[0][csr_src][2]/CE","setup"
3051,-0.238,5.000,4.930,9,"student_top_inst/Core_cpu/u_core_top/scoreboard_q_reg[3][fu][1]/C","student_top_inst/Core_cpu/u_core_top/scoreboard_q_reg[0][csr_src][30]/CE","setup"
3052,-0.238,5.000,4.930,9,"student_top_inst/Core_cpu/u_core_top/scoreboard_q_reg[3][fu][1]/C","student_top_inst/Core_cpu/u_core_top/scoreboard_q_reg[0][csr_src][31]/CE","setup"
3053,-0.238,5.000,4.930,9,"student_top_inst/Core_cpu/u_core_top/scoreboard_q_reg[3][fu][1]/C","student_top_inst/Core_cpu/u_core_top/scoreboard_q_reg[0][csr_src][5]/CE","setup"
3054,-0.238,5.000,4.930,9,"student_top_inst/Core_cpu/u_core_top/scoreboard_q_reg[3][fu][1]/C","student_top_inst/Core_cpu/u_core_top/scoreboard_q_reg[0][csr_src][6]/CE","setup"
3055,-0.238,5.000,4.930,9,"student_top_inst/Core_cpu/u_core_top/scoreboard_q_reg[3][fu][1]/C","student_top_inst/Core_cpu/u_core_top/scoreboard_q_reg[0][csr_src][7]/CE","setup"
3056,-0.237,5.000,5.138,10,"student_top_inst/Core_cpu/u_core_top/u_dcache/u_tag_bank/mem_q_reg/CLKBWRCLK","student_top_inst/Core_cpu/u_core_top/load_q_reg[0][forward_data][17]/D","setup"
3057,-0.237,5.000,5.165,10,"student_top_inst/Core_cpu/u_core_top/u_dcache/u_tag_bank/mem_q_reg/CLKBWRCLK","student_top_inst/Core_cpu/u_core_top/store_q_reg[2][valid]/D","setup"
3058,-0.236,5.000,4.815,7,"student_top_inst/Core_cpu/u_core_top/u_dcache/u_tag_bank/mem_q_reg/CLKBWRCLK","student_top_inst/Core_cpu/u_core_top/scoreboard_q_reg[5][result][12]/R","setup"
3059,-0.236,5.000,4.815,7,"student_top_inst/Core_cpu/u_core_top/u_dcache/u_tag_bank/mem_q_reg/CLKBWRCLK","student_top_inst/Core_cpu/u_core_top/scoreboard_q_reg[5][result][18]/R","setup"
3060,-0.236,5.000,4.815,7,"student_top_inst/Core_cpu/u_core_top/u_dcache/u_tag_bank/mem_q_reg/CLKBWRCLK","student_top_inst/Core_cpu/u_core_top/scoreboard_q_reg[5][result][29]/R","setup"
3061,-0.236,5.000,4.815,7,"student_top_inst/Core_cpu/u_core_top/u_dcache/u_tag_bank/mem_q_reg/CLKBWRCLK","student_top_inst/Core_cpu/u_core_top/scoreboard_q_reg[5][result][8]/R","setup"
3062,-0.236,5.000,5.165,10,"student_top_inst/Core_cpu/u_core_top/u_dcache/u_tag_bank/mem_q_reg/CLKBWRCLK","student_top_inst/Core_cpu/u_core_top/store_q_reg[3][valid]/D","setup"
3063,-0.236,5.000,5.154,8,"student_top_inst/Core_cpu/u_core_top/u_dcache/u_tag_bank/mem_q_reg/CLKBWRCLK","student_top_inst/Core_cpu/u_core_top/scoreboard_q_reg[2][exception_tval][12]/D","setup"
3064,-0.236,5.000,5.156,8,"student_top_inst/Core_cpu/u_core_top/u_dcache/u_tag_bank/mem_q_reg/CLKBWRCLK","student_top_inst/Core_cpu/u_core_top/scoreboard_q_reg[2][exception_tval][28]/D","setup"
3065,-0.236,5.000,5.134,8,"student_top_inst/Core_cpu/u_core_top/u_dcache/u_tag_bank/mem_q_reg/CLKBWRCLK","student_top_inst/Core_cpu/u_core_top/producer_valid_q_reg[28]/D","setup"
3066,-0.236,5.000,4.932,9,"student_top_inst/Core_cpu/u_core_top/scoreboard_q_reg[3][fu][1]/C","student_top_inst/Core_cpu/u_core_top/scoreboard_q_reg[6][csr_op][0]/CE","setup"
3067,-0.236,5.000,4.932,9,"student_top_inst/Core_cpu/u_core_top/scoreboard_q_reg[3][fu][1]/C","student_top_inst/Core_cpu/u_core_top/scoreboard_q_reg[6][fu][2]/CE","setup"
3068,-0.236,5.000,4.932,9,"student_top_inst/Core_cpu/u_core_top/scoreboard_q_reg[3][fu][1]/C","student_top_inst/Core_cpu/u_core_top/scoreboard_q_reg[6][link_addr][11]/CE","setup"
3069,-0.236,5.000,4.932,9,"student_top_inst/Core_cpu/u_core_top/scoreboard_q_reg[3][fu][1]/C","student_top_inst/Core_cpu/u_core_top/scoreboard_q_reg[6][pc][12]/CE","setup"
3070,-0.236,5.000,4.932,9,"student_top_inst/Core_cpu/u_core_top/scoreboard_q_reg[3][fu][1]/C","student_top_inst/Core_cpu/u_core_top/scoreboard_q_reg[6][pc][14]/CE","setup"
3071,-0.236,5.000,4.932,9,"student_top_inst/Core_cpu/u_core_top/scoreboard_q_reg[3][fu][1]/C","student_top_inst/Core_cpu/u_core_top/scoreboard_q_reg[6][pc][17]/CE","setup"
3072,-0.236,5.000,4.932,9,"student_top_inst/Core_cpu/u_core_top/scoreboard_q_reg[3][fu][1]/C","student_top_inst/Core_cpu/u_core_top/scoreboard_q_reg[6][pc][31]/CE","setup"
3073,-0.236,5.000,4.932,9,"student_top_inst/Core_cpu/u_core_top/scoreboard_q_reg[3][fu][1]/C","student_top_inst/Core_cpu/u_core_top/scoreboard_q_reg[6][rd][0]/CE","setup"
3074,-0.236,5.000,4.924,7,"student_top_inst/Core_cpu/u_core_top/u_dcache/u_tag_bank/mem_q_reg/CLKBWRCLK","student_top_inst/Core_cpu/u_core_top/scoreboard_q_reg[3][pc][25]/CE","setup"
3075,-0.236,5.000,5.069,8,"student_top_inst/Core_cpu/u_core_top/u_dcache/u_tag_bank/mem_q_reg/CLKBWRCLK","student_top_inst/Core_cpu/u_core_top/scoreboard_q_reg[5][exception_tval][15]/D","setup"
3076,-0.235,5.000,5.067,8,"student_top_inst/Core_cpu/u_core_top/u_dcache/u_tag_bank/mem_q_reg/CLKBWRCLK","student_top_inst/Core_cpu/u_core_top/scoreboard_q_reg[5][exception_tval][18]/D","setup"
3077,-0.235,5.000,5.320,1,"student_top_inst/Core_cpu/u_core_top/u_dmem_regslice/req_addr_q_reg[1]/C","student_top_inst/mem_bridge/dram_adapter/dram/U0/inst_blk_mem_gen/gnbram.gnativebmg.native_blk_mem_gen/valid.cstr/ramloop[0].ram.r/prim_init.ram/DEVICE_7SERIES.NO_BMM_INFO.SP.SIMPLE_PRIM36.ram/DIADI[6]","setup"
3078,-0.235,5.000,5.156,10,"student_top_inst/Core_cpu/u_core_top/u_dcache/u_tag_bank/mem_q_reg/CLKBWRCLK","student_top_inst/Core_cpu/u_core_top/u_dmem_regslice/req_addr_q_reg[26]/D","setup"
3079,-0.235,5.000,5.158,10,"student_top_inst/Core_cpu/u_core_top/u_dcache/u_tag_bank/mem_q_reg/CLKBWRCLK","student_top_inst/Core_cpu/u_core_top/u_dmem_regslice/req_addr_q_reg[24]/D","setup"
3080,-0.235,5.000,4.892,7,"student_top_inst/Core_cpu/u_core_top/u_dcache/u_tag_bank/mem_q_reg/CLKBWRCLK","student_top_inst/Core_cpu/u_core_top/scoreboard_q_reg[2][csr_addr][5]/CE","setup"
3081,-0.235,5.000,4.892,7,"student_top_inst/Core_cpu/u_core_top/u_dcache/u_tag_bank/mem_q_reg/CLKBWRCLK","student_top_inst/Core_cpu/u_core_top/scoreboard_q_reg[2][pc][1]/CE","setup"
3082,-0.235,5.000,4.892,7,"student_top_inst/Core_cpu/u_core_top/u_dcache/u_tag_bank/mem_q_reg/CLKBWRCLK","student_top_inst/Core_cpu/u_core_top/scoreboard_q_reg[2][pc][3]/CE","setup"
3083,-0.235,5.000,4.892,7,"student_top_inst/Core_cpu/u_core_top/u_dcache/u_tag_bank/mem_q_reg/CLKBWRCLK","student_top_inst/Core_cpu/u_core_top/scoreboard_q_reg[2][pc][4]/CE","setup"
3084,-0.235,5.000,4.674,0,"student_top_inst/cpu_rst_sync_reg/C","student_top_inst/Core_cpu/u_core_top/exec_q_reg[op2][26]/R","setup"
3085,-0.234,5.000,5.129,9,"student_top_inst/Core_cpu/u_core_top/u_dcache/u_tag_bank/mem_q_reg/CLKBWRCLK","student_top_inst/Core_cpu/u_core_top/scoreboard_q_reg[2][result][19]/D","setup"
3086,-0.234,5.000,5.099,8,"student_top_inst/Core_cpu/u_core_top/u_dcache/u_tag_bank/mem_q_reg/CLKBWRCLK","student_top_inst/Core_cpu/u_core_top/scoreboard_q_reg[5][exception_tval][22]/D","setup"
3087,-0.234,5.000,4.729,7,"student_top_inst/Core_cpu/u_core_top/u_dcache/u_tag_bank/mem_q_reg/CLKBWRCLK","student_top_inst/Core_cpu/u_core_top/u_dcache/g_data_bank[1].u_data_bank/mem_q_reg_1/ADDRBWRADDR[11]","setup"
3088,-0.234,5.000,4.787,7,"student_top_inst/Core_cpu/u_core_top/u_dcache/u_tag_bank/mem_q_reg/CLKBWRCLK","student_top_inst/Core_cpu/u_core_top/u_dcache/g_data_bank[1].u_data_bank/mem_q_reg_0/ADDRBWRADDR[7]","setup"
3089,-0.233,5.000,5.152,8,"student_top_inst/Core_cpu/u_core_top/u_dcache/u_tag_bank/mem_q_reg/CLKBWRCLK","student_top_inst/Core_cpu/u_core_top/scoreboard_q_reg[2][exception_tval][19]/D","setup"
3090,-0.233,5.000,4.911,7,"student_top_inst/Core_cpu/u_core_top/u_dcache/u_tag_bank/mem_q_reg/CLKBWRCLK","student_top_inst/Core_cpu/u_core_top/scoreboard_q_reg[4][link_addr][20]/CE","setup"
3091,-0.233,5.000,5.098,8,"student_top_inst/Core_cpu/u_core_top/u_dcache/u_tag_bank/mem_q_reg/CLKBWRCLK","student_top_inst/Core_cpu/u_core_top/scoreboard_q_reg[5][exception_cause][2]/D","setup"
3092,-0.232,5.000,5.156,10,"student_top_inst/Core_cpu/u_core_top/u_dcache/u_tag_bank/mem_q_reg/CLKBWRCLK","student_top_inst/Core_cpu/u_core_top/u_dmem_regslice/req_addr_q_reg[13]/D","setup"
3093,-0.232,5.000,4.930,9,"student_top_inst/Core_cpu/u_core_top/scoreboard_q_reg[3][fu][1]/C","student_top_inst/Core_cpu/u_core_top/scoreboard_q_reg[6][csr_src][1]/CE","setup"
3094,-0.232,5.000,4.930,9,"student_top_inst/Core_cpu/u_core_top/scoreboard_q_reg[3][fu][1]/C","student_top_inst/Core_cpu/u_core_top/scoreboard_q_reg[6][csr_src][23]/CE","setup"
3095,-0.232,5.000,4.930,9,"student_top_inst/Core_cpu/u_core_top/scoreboard_q_reg[3][fu][1]/C","student_top_inst/Core_cpu/u_core_top/scoreboard_q_reg[6][csr_src][27]/CE","setup"
3096,-0.232,5.000,4.930,9,"student_top_inst/Core_cpu/u_core_top/scoreboard_q_reg[3][fu][1]/C","student_top_inst/Core_cpu/u_core_top/scoreboard_q_reg[6][csr_src][2]/CE","setup"
3097,-0.232,5.000,4.900,7,"student_top_inst/Core_cpu/u_core_top/u_dcache/u_tag_bank/mem_q_reg/CLKBWRCLK","student_top_inst/Core_cpu/u_core_top/scoreboard_q_reg[4][link_addr][31]/CE","setup"
3098,-0.232,5.000,4.900,7,"student_top_inst/Core_cpu/u_core_top/u_dcache/u_tag_bank/mem_q_reg/CLKBWRCLK","student_top_inst/Core_cpu/u_core_top/scoreboard_q_reg[4][link_addr][5]/CE","setup"
3099,-0.232,5.000,4.900,7,"student_top_inst/Core_cpu/u_core_top/u_dcache/u_tag_bank/mem_q_reg/CLKBWRCLK","student_top_inst/Core_cpu/u_core_top/scoreboard_q_reg[4][pc][19]/CE","setup"
3100,-0.232,5.000,4.900,7,"student_top_inst/Core_cpu/u_core_top/u_dcache/u_tag_bank/mem_q_reg/CLKBWRCLK","student_top_inst/Core_cpu/u_core_top/scoreboard_q_reg[4][pc][23]/CE","setup"
3101,-0.232,5.000,4.900,7,"student_top_inst/Core_cpu/u_core_top/u_dcache/u_tag_bank/mem_q_reg/CLKBWRCLK","student_top_inst/Core_cpu/u_core_top/scoreboard_q_reg[4][pc][27]/CE","setup"
3102,-0.232,5.000,5.152,8,"student_top_inst/Core_cpu/u_core_top/u_dcache/u_tag_bank/mem_q_reg/CLKBWRCLK","student_top_inst/Core_cpu/u_core_top/scoreboard_q_reg[2][exception_tval][26]/D","setup"
3103,-0.231,5.000,5.154,10,"student_top_inst/Core_cpu/u_core_top/u_dcache/u_tag_bank/mem_q_reg/CLKBWRCLK","student_top_inst/Core_cpu/u_core_top/u_dmem_regslice/req_addr_q_reg[14]/D","setup"
3104,-0.231,5.000,5.056,6,"student_top_inst/Core_cpu/u_core_top/commit_ptr_q_reg[2]_rep/C","student_top_inst/Core_cpu/u_core_top/u_csr/mcause_q_reg[11]/D","setup"
3105,-0.231,5.000,4.846,0,"student_top_inst/Core_cpu/u_core_top/u_dmem_regslice/req_addr_q_reg[2]/C","student_top_inst/mem_bridge/dram_adapter/dram/U0/inst_blk_mem_gen/gnbram.gnativebmg.native_blk_mem_gen/valid.cstr/ramloop[12].ram.r/prim_init.ram/DEVICE_7SERIES.NO_BMM_INFO.SP.SIMPLE_PRIM36.ram/ADDRARDADDR[3]","setup"
3106,-0.231,5.000,5.092,8,"student_top_inst/Core_cpu/u_core_top/u_dcache/u_tag_bank/mem_q_reg/CLKBWRCLK","student_top_inst/Core_cpu/u_core_top/scoreboard_q_reg[7][exception_cause][0]/D","setup"
3107,-0.230,5.000,5.162,10,"student_top_inst/Core_cpu/u_core_top/u_dcache/u_tag_bank/mem_q_reg/CLKBWRCLK","student_top_inst/Core_cpu/u_core_top/load_q_reg[0][forward_mask][2]/D","setup"
3108,-0.230,5.000,5.053,6,"student_top_inst/Core_cpu/u_core_top/commit_ptr_q_reg[2]_rep/C","student_top_inst/Core_cpu/u_core_top/u_csr/mtvec_q_reg[6]/D","setup"
3109,-0.230,5.000,4.927,9,"student_top_inst/Core_cpu/u_core_top/scoreboard_q_reg[3][fu][1]/C","student_top_inst/Core_cpu/u_core_top/scoreboard_q_reg[1][csr_src][13]/CE","setup"
3110,-0.230,5.000,4.927,9,"student_top_inst/Core_cpu/u_core_top/scoreboard_q_reg[3][fu][1]/C","student_top_inst/Core_cpu/u_core_top/scoreboard_q_reg[1][csr_src][16]/CE","setup"
3111,-0.230,5.000,4.927,9,"student_top_inst/Core_cpu/u_core_top/scoreboard_q_reg[3][fu][1]/C","student_top_inst/Core_cpu/u_core_top/scoreboard_q_reg[1][csr_src][21]/CE","setup"
3112,-0.230,5.000,4.927,9,"student_top_inst/Core_cpu/u_core_top/scoreboard_q_reg[3][fu][1]/C","student_top_inst/Core_cpu/u_core_top/scoreboard_q_reg[1][csr_src][22]/CE","setup"
3113,-0.230,5.000,4.927,9,"student_top_inst/Core_cpu/u_core_top/scoreboard_q_reg[3][fu][1]/C","student_top_inst/Core_cpu/u_core_top/scoreboard_q_reg[1][csr_src][24]/CE","setup"
3114,-0.229,5.000,4.887,7,"student_top_inst/Core_cpu/u_core_top/u_dcache/u_tag_bank/mem_q_reg/CLKBWRCLK","student_top_inst/Core_cpu/u_core_top/scoreboard_q_reg[5][result][1]/CE","setup"
3115,-0.229,5.000,4.887,7,"student_top_inst/Core_cpu/u_core_top/u_dcache/u_tag_bank/mem_q_reg/CLKBWRCLK","student_top_inst/Core_cpu/u_core_top/scoreboard_q_reg[5][result][5]/CE","setup"
3116,-0.228,5.000,5.015,0,"student_top_inst/Core_cpu/u_core_top/u_dmem_regslice/req_addr_q_reg[3]/C","student_top_inst/mem_bridge/dram_adapter/dram/U0/inst_blk_mem_gen/gnbram.gnativebmg.native_blk_mem_gen/valid.cstr/ramloop[15].ram.r/prim_init.ram/DEVICE_7SERIES.NO_BMM_INFO.SP.SIMPLE_PRIM36.ram/ADDRARDADDR[4]","setup"
3117,-0.228,5.000,4.890,7,"student_top_inst/Core_cpu/u_core_top/u_dcache/u_tag_bank/mem_q_reg/CLKBWRCLK","student_top_inst/Core_cpu/u_core_top/scoreboard_q_reg[4][link_addr][1]/CE","setup"
3118,-0.228,5.000,4.890,7,"student_top_inst/Core_cpu/u_core_top/u_dcache/u_tag_bank/mem_q_reg/CLKBWRCLK","student_top_inst/Core_cpu/u_core_top/scoreboard_q_reg[4][link_addr][28]/CE","setup"
3119,-0.228,5.000,4.890,7,"student_top_inst/Core_cpu/u_core_top/u_dcache/u_tag_bank/mem_q_reg/CLKBWRCLK","student_top_inst/Core_cpu/u_core_top/scoreboard_q_reg[4][link_addr][7]/CE","setup"
3120,-0.228,5.000,4.890,7,"student_top_inst/Core_cpu/u_core_top/u_dcache/u_tag_bank/mem_q_reg/CLKBWRCLK","student_top_inst/Core_cpu/u_core_top/scoreboard_q_reg[4][link_addr][9]/CE","setup"
3121,-0.228,5.000,4.890,7,"student_top_inst/Core_cpu/u_core_top/u_dcache/u_tag_bank/mem_q_reg/CLKBWRCLK","student_top_inst/Core_cpu/u_core_top/scoreboard_q_reg[4][pc][24]/CE","setup"
3122,-0.228,5.000,5.155,8,"student_top_inst/Core_cpu/u_core_top/u_dcache/u_tag_bank/mem_q_reg/CLKBWRCLK","student_top_inst/Core_cpu/u_core_top/scoreboard_q_reg[0][exception_tval][17]/D","setup"
3123,-0.228,5.000,5.189,12,"student_top_inst/Core_cpu/u_core_top/store_head_q_reg[1]/C","student_top_inst/Core_cpu/u_core_top/load_active_meta_q_reg[forward_data][17]/D","setup"
3124,-0.227,5.000,4.663,0,"student_top_inst/cpu_rst_sync_reg/C","student_top_inst/Core_cpu/u_core_top/id_uop_q_reg[csr_addr][0]/R","setup"
3125,-0.227,5.000,4.663,0,"student_top_inst/cpu_rst_sync_reg/C","student_top_inst/Core_cpu/u_core_top/id_uop_q_reg[exception_tval][20]/R","setup"
3126,-0.227,5.000,4.663,0,"student_top_inst/cpu_rst_sync_reg/C","student_top_inst/Core_cpu/u_core_top/id_uop_q_reg[exception_tval][29]/R","setup"
3127,-0.227,5.000,4.663,0,"student_top_inst/cpu_rst_sync_reg/C","student_top_inst/Core_cpu/u_core_top/id_uop_q_reg[exception_tval][3]/R","setup"
3128,-0.227,5.000,5.152,11,"student_top_inst/Core_cpu/u_core_top/store_head_q_reg[1]/C","student_top_inst/Core_cpu/u_core_top/load_q_reg[1][forward_mask][0]/D","setup"
3129,-0.227,5.000,5.050,6,"student_top_inst/Core_cpu/u_core_top/commit_ptr_q_reg[2]_rep/C","student_top_inst/Core_cpu/u_core_top/u_csr/mscratch_q_reg[12]/D","setup"
3130,-0.227,5.000,4.711,7,"student_top_inst/Core_cpu/u_core_top/u_dcache/u_tag_bank/mem_q_reg/CLKBWRCLK","student_top_inst/Core_cpu/u_core_top/u_dcache/g_data_bank[0].u_data_bank/mem_q_reg_0/ADDRBWRADDR[13]","setup"
3131,-0.227,5.000,4.886,7,"student_top_inst/Core_cpu/u_core_top/u_dcache/u_tag_bank/mem_q_reg/CLKBWRCLK","student_top_inst/Core_cpu/u_core_top/scoreboard_q_reg[5][result][14]/CE","setup"
3132,-0.227,5.000,4.886,7,"student_top_inst/Core_cpu/u_core_top/u_dcache/u_tag_bank/mem_q_reg/CLKBWRCLK","student_top_inst/Core_cpu/u_core_top/scoreboard_q_reg[5][result][25]/CE","setup"
3133,-0.227,5.000,4.886,7,"student_top_inst/Core_cpu/u_core_top/u_dcache/u_tag_bank/mem_q_reg/CLKBWRCLK","student_top_inst/Core_cpu/u_core_top/scoreboard_q_reg[5][result][31]/CE","setup"
3134,-0.227,5.000,4.886,7,"student_top_inst/Core_cpu/u_core_top/u_dcache/u_tag_bank/mem_q_reg/CLKBWRCLK","student_top_inst/Core_cpu/u_core_top/scoreboard_q_reg[5][result][9]/CE","setup"
3135,-0.226,5.000,5.118,8,"student_top_inst/Core_cpu/u_core_top/u_dcache/u_tag_bank/mem_q_reg/CLKBWRCLK","student_top_inst/Core_cpu/u_core_top/scoreboard_q_reg[1][exception_tval][3]/D","setup"
3136,-0.226,5.000,5.152,9,"student_top_inst/Core_cpu/u_core_top/u_dcache/u_tag_bank/mem_q_reg/CLKBWRCLK","student_top_inst/Core_cpu/u_core_top/scoreboard_q_reg[2][result][22]/D","setup"
3137,-0.226,5.000,5.124,9,"student_top_inst/Core_cpu/u_core_top/u_dcache/u_tag_bank/mem_q_reg/CLKBWRCLK","student_top_inst/Core_cpu/u_core_top/exec_q_reg[op2][10]/D","setup"
3138,-0.226,5.000,4.884,7,"student_top_inst/Core_cpu/u_core_top/u_dcache/u_tag_bank/mem_q_reg/CLKBWRCLK","student_top_inst/Core_cpu/u_core_top/scoreboard_q_reg[7][result][11]/CE","setup"
3139,-0.226,5.000,4.884,7,"student_top_inst/Core_cpu/u_core_top/u_dcache/u_tag_bank/mem_q_reg/CLKBWRCLK","student_top_inst/Core_cpu/u_core_top/scoreboard_q_reg[7][result][24]/CE","setup"
3140,-0.226,5.000,4.884,7,"student_top_inst/Core_cpu/u_core_top/u_dcache/u_tag_bank/mem_q_reg/CLKBWRCLK","student_top_inst/Core_cpu/u_core_top/scoreboard_q_reg[7][result][27]/CE","setup"
3141,-0.226,5.000,5.102,7,"student_top_inst/Core_cpu/u_core_top/commit_ptr_q_reg[2]_rep/C","student_top_inst/Core_cpu/u_core_top/u_csr/mepc_q_reg[2]/D","setup"
3142,-0.226,5.000,4.924,9,"student_top_inst/Core_cpu/u_core_top/scoreboard_q_reg[3][fu][1]/C","student_top_inst/Core_cpu/u_core_top/scoreboard_q_reg[6][csr_src][16]/CE","setup"
3143,-0.226,5.000,4.924,9,"student_top_inst/Core_cpu/u_core_top/scoreboard_q_reg[3][fu][1]/C","student_top_inst/Core_cpu/u_core_top/scoreboard_q_reg[6][csr_src][24]/CE","setup"
3144,-0.226,5.000,4.924,9,"student_top_inst/Core_cpu/u_core_top/scoreboard_q_reg[3][fu][1]/C","student_top_inst/Core_cpu/u_core_top/scoreboard_q_reg[6][csr_src][25]/CE","setup"
3145,-0.226,5.000,4.924,9,"student_top_inst/Core_cpu/u_core_top/scoreboard_q_reg[3][fu][1]/C","student_top_inst/Core_cpu/u_core_top/scoreboard_q_reg[6][csr_src][29]/CE","setup"
3146,-0.226,5.000,4.924,9,"student_top_inst/Core_cpu/u_core_top/scoreboard_q_reg[3][fu][1]/C","student_top_inst/Core_cpu/u_core_top/scoreboard_q_reg[6][csr_src][30]/CE","setup"
3147,-0.226,5.000,4.924,9,"student_top_inst/Core_cpu/u_core_top/scoreboard_q_reg[3][fu][1]/C","student_top_inst/Core_cpu/u_core_top/scoreboard_q_reg[6][csr_src][7]/CE","setup"
3148,-0.226,5.000,4.924,9,"student_top_inst/Core_cpu/u_core_top/scoreboard_q_reg[3][fu][1]/C","student_top_inst/Core_cpu/u_core_top/scoreboard_q_reg[6][csr_src][9]/CE","setup"
3149,-0.226,5.000,4.905,7,"student_top_inst/Core_cpu/u_core_top/u_dcache/u_tag_bank/mem_q_reg/CLKBWRCLK","student_top_inst/Core_cpu/u_core_top/scoreboard_q_reg[6][result][12]/CE","setup"
3150,-0.226,5.000,4.905,7,"student_top_inst/Core_cpu/u_core_top/u_dcache/u_tag_bank/mem_q_reg/CLKBWRCLK","student_top_inst/Core_cpu/u_core_top/scoreboard_q_reg[6][result][23]/CE","setup"
3151,-0.226,5.000,4.905,7,"student_top_inst/Core_cpu/u_core_top/u_dcache/u_tag_bank/mem_q_reg/CLKBWRCLK","student_top_inst/Core_cpu/u_core_top/scoreboard_q_reg[6][result][26]/CE","setup"
3152,-0.226,5.000,4.905,7,"student_top_inst/Core_cpu/u_core_top/u_dcache/u_tag_bank/mem_q_reg/CLKBWRCLK","student_top_inst/Core_cpu/u_core_top/scoreboard_q_reg[6][result][30]/CE","setup"
3153,-0.226,5.000,4.907,7,"student_top_inst/Core_cpu/u_core_top/u_dcache/u_tag_bank/mem_q_reg/CLKBWRCLK","student_top_inst/Core_cpu/u_core_top/scoreboard_q_reg[6][result][10]/CE","setup"
3154,-0.226,5.000,4.907,7,"student_top_inst/Core_cpu/u_core_top/u_dcache/u_tag_bank/mem_q_reg/CLKBWRCLK","student_top_inst/Core_cpu/u_core_top/scoreboard_q_reg[6][result][18]/CE","setup"
3155,-0.226,5.000,4.907,7,"student_top_inst/Core_cpu/u_core_top/u_dcache/u_tag_bank/mem_q_reg/CLKBWRCLK","student_top_inst/Core_cpu/u_core_top/scoreboard_q_reg[6][result][25]/CE","setup"
3156,-0.226,5.000,4.907,7,"student_top_inst/Core_cpu/u_core_top/u_dcache/u_tag_bank/mem_q_reg/CLKBWRCLK","student_top_inst/Core_cpu/u_core_top/scoreboard_q_reg[6][result][31]/CE","setup"
3157,-0.225,5.000,5.118,8,"student_top_inst/Core_cpu/u_core_top/u_dcache/u_tag_bank/mem_q_reg/CLKBWRCLK","student_top_inst/Core_cpu/u_core_top/scoreboard_q_reg[4][result][3]/D","setup"
3158,-0.225,5.000,5.121,8,"student_top_inst/Core_cpu/u_core_top/u_dcache/u_tag_bank/mem_q_reg/CLKBWRCLK","student_top_inst/Core_cpu/u_core_top/scoreboard_q_reg[0][result][1]/D","setup"
3159,-0.225,5.000,4.884,7,"student_top_inst/Core_cpu/u_core_top/u_dcache/u_tag_bank/mem_q_reg/CLKBWRCLK","student_top_inst/Core_cpu/u_core_top/scoreboard_q_reg[0][pc][18]/CE","setup"
3160,-0.225,5.000,4.884,7,"student_top_inst/Core_cpu/u_core_top/u_dcache/u_tag_bank/mem_q_reg/CLKBWRCLK","student_top_inst/Core_cpu/u_core_top/scoreboard_q_reg[0][pc][21]/CE","setup"
3161,-0.225,5.000,4.884,7,"student_top_inst/Core_cpu/u_core_top/u_dcache/u_tag_bank/mem_q_reg/CLKBWRCLK","student_top_inst/Core_cpu/u_core_top/scoreboard_q_reg[0][pc][23]/CE","setup"
3162,-0.225,5.000,4.884,7,"student_top_inst/Core_cpu/u_core_top/u_dcache/u_tag_bank/mem_q_reg/CLKBWRCLK","student_top_inst/Core_cpu/u_core_top/scoreboard_q_reg[0][rd][2]/CE","setup"
3163,-0.224,5.000,5.123,9,"student_top_inst/Core_cpu/u_core_top/u_dcache/u_tag_bank/mem_q_reg/CLKBWRCLK","student_top_inst/Core_cpu/u_core_top/scoreboard_q_reg[1][result][13]/D","setup"
3164,-0.223,5.000,5.145,10,"student_top_inst/Core_cpu/u_core_top/u_dcache/u_tag_bank/mem_q_reg/CLKBWRCLK","student_top_inst/Core_cpu/u_core_top/u_dmem_regslice/req_addr_q_reg[21]/D","setup"
3165,-0.223,5.000,5.116,9,"student_top_inst/Core_cpu/u_core_top/u_dcache/u_tag_bank/mem_q_reg/CLKBWRCLK","student_top_inst/Core_cpu/u_core_top/scoreboard_q_reg[5][result][13]/D","setup"
3166,-0.223,5.000,4.961,0,"student_top_inst/Core_cpu/u_core_top/u_dmem_regslice/req_addr_q_reg[3]/C","student_top_inst/mem_bridge/dram_adapter/dram/U0/inst_blk_mem_gen/gnbram.gnativebmg.native_blk_mem_gen/valid.cstr/ramloop[2].ram.r/prim_init.ram/DEVICE_7SERIES.NO_BMM_INFO.SP.SIMPLE_PRIM36.ram/ADDRARDADDR[4]","setup"
3167,-0.223,5.000,5.100,7,"student_top_inst/Core_cpu/u_core_top/commit_ptr_q_reg[2]_rep/C","student_top_inst/Core_cpu/u_core_top/u_csr/mepc_q_reg[29]/D","setup"
3168,-0.222,5.000,5.147,8,"student_top_inst/Core_cpu/u_core_top/u_dcache/u_tag_bank/mem_q_reg/CLKBWRCLK","student_top_inst/Core_cpu/u_core_top/scoreboard_q_reg[6][result][1]/D","setup"
3169,-0.222,5.000,5.143,10,"student_top_inst/Core_cpu/u_core_top/u_dcache/u_tag_bank/mem_q_reg/CLKBWRCLK","student_top_inst/Core_cpu/u_core_top/u_dmem_regslice/req_addr_q_reg[28]/D","setup"
3170,-0.222,5.000,5.149,7,"student_top_inst/Core_cpu/u_core_top/commit_ptr_q_reg[2]_rep/C","student_top_inst/Core_cpu/u_core_top/u_csr/mepc_q_reg[20]/D","setup"
3171,-0.222,5.000,4.720,0,"student_top_inst/cpu_rst_sync_reg/C","student_top_inst/Core_cpu/u_core_top/id_uop_q_reg[sys_op][2]/R","setup"
3172,-0.222,5.000,5.056,8,"student_top_inst/Core_cpu/u_core_top/u_dcache/u_tag_bank/mem_q_reg/CLKBWRCLK","student_top_inst/Core_cpu/u_core_top/scoreboard_q_reg[0][exception_tval][19]/D","setup"
3173,-0.221,5.000,4.877,7,"student_top_inst/Core_cpu/u_core_top/u_dcache/u_tag_bank/mem_q_reg/CLKBWRCLK","student_top_inst/Core_cpu/u_core_top/scoreboard_q_reg[2][link_addr][28]/CE","setup"
3174,-0.221,5.000,4.877,7,"student_top_inst/Core_cpu/u_core_top/u_dcache/u_tag_bank/mem_q_reg/CLKBWRCLK","student_top_inst/Core_cpu/u_core_top/scoreboard_q_reg[2][link_addr][2]/CE","setup"
3175,-0.221,5.000,4.877,7,"student_top_inst/Core_cpu/u_core_top/u_dcache/u_tag_bank/mem_q_reg/CLKBWRCLK","student_top_inst/Core_cpu/u_core_top/scoreboard_q_reg[2][pc][15]/CE","setup"
3176,-0.221,5.000,4.877,7,"student_top_inst/Core_cpu/u_core_top/u_dcache/u_tag_bank/mem_q_reg/CLKBWRCLK","student_top_inst/Core_cpu/u_core_top/scoreboard_q_reg[2][pc][29]/CE","setup"
3177,-0.220,5.000,5.101,7,"student_top_inst/Core_cpu/u_core_top/commit_ptr_q_reg[2]_rep/C","student_top_inst/Core_cpu/u_core_top/u_csr/mstatus_q_reg[27]/D","setup"
3178,-0.220,5.000,5.100,7,"student_top_inst/Core_cpu/u_core_top/commit_ptr_q_reg[2]_rep/C","student_top_inst/Core_cpu/u_core_top/u_csr/mstatus_q_reg[28]/D","setup"
3179,-0.220,5.000,5.118,8,"student_top_inst/Core_cpu/u_core_top/u_dcache/u_tag_bank/mem_q_reg/CLKBWRCLK","student_top_inst/Core_cpu/u_core_top/producer_valid_q_reg[11]/D","setup"
3180,-0.220,5.000,4.717,0,"student_top_inst/cpu_rst_sync_reg/C","student_top_inst/Core_cpu/u_core_top/u_frontend/pending_pc_q_reg[12]/R","setup"
3181,-0.220,5.000,4.717,0,"student_top_inst/cpu_rst_sync_reg/C","student_top_inst/Core_cpu/u_core_top/u_frontend/pending_pc_q_reg[13]/R","setup"
3182,-0.219,5.000,5.154,10,"student_top_inst/Core_cpu/u_core_top/u_dcache/u_tag_bank/mem_q_reg/CLKBWRCLK","student_top_inst/Core_cpu/u_core_top/load_q_reg[0][store_seq_cutoff][5]/D","setup"
3183,-0.219,5.000,4.950,7,"student_top_inst/Core_cpu/u_core_top/scoreboard_q_reg[3][fu][1]/C","student_top_inst/Core_cpu/u_core_top/u_frontend/u_branch_predictor/ras_q_reg[2][21]/CE","setup"
3184,-0.219,5.000,4.950,7,"student_top_inst/Core_cpu/u_core_top/scoreboard_q_reg[3][fu][1]/C","student_top_inst/Core_cpu/u_core_top/u_frontend/u_branch_predictor/ras_q_reg[2][23]/CE","setup"
3185,-0.219,5.000,4.950,7,"student_top_inst/Core_cpu/u_core_top/scoreboard_q_reg[3][fu][1]/C","student_top_inst/Core_cpu/u_core_top/u_frontend/u_branch_predictor/ras_q_reg[2][29]/CE","setup"
3186,-0.219,5.000,4.784,0,"student_top_inst/Core_cpu/u_core_top/u_dmem_regslice/req_addr_q_reg[5]/C","student_top_inst/mem_bridge/dram_adapter/dram/U0/inst_blk_mem_gen/gnbram.gnativebmg.native_blk_mem_gen/valid.cstr/ramloop[42].ram.r/prim_init.ram/DEVICE_7SERIES.NO_BMM_INFO.SP.SIMPLE_PRIM36.ram/ADDRARDADDR[6]","setup"
3187,-0.218,5.000,5.042,6,"student_top_inst/Core_cpu/u_core_top/commit_ptr_q_reg[2]_rep/C","student_top_inst/Core_cpu/u_core_top/u_csr/mtvec_q_reg[30]/D","setup"
3188,-0.218,5.000,5.153,10,"student_top_inst/Core_cpu/u_core_top/u_dcache/u_tag_bank/mem_q_reg/CLKBWRCLK","student_top_inst/Core_cpu/u_core_top/exec_mem_addr_q_reg[1]/D","setup"
3189,-0.218,5.000,5.116,10,"student_top_inst/Core_cpu/u_core_top/u_dcache/u_tag_bank/mem_q_reg/CLKBWRCLK","student_top_inst/Core_cpu/u_core_top/load_q_reg[0][addr][28]/D","setup"
3190,-0.218,5.000,5.112,8,"student_top_inst/Core_cpu/u_core_top/u_dcache/u_tag_bank/mem_q_reg/CLKBWRCLK","student_top_inst/Core_cpu/u_core_top/scoreboard_q_reg[6][result][2]/D","setup"
3191,-0.218,5.000,4.701,7,"student_top_inst/Core_cpu/u_core_top/u_dcache/u_tag_bank/mem_q_reg/CLKBWRCLK","student_top_inst/Core_cpu/u_core_top/u_dcache/g_data_bank[0].u_data_bank/mem_q_reg_0/ADDRBWRADDR[8]","setup"
3192,-0.218,5.000,5.122,10,"student_top_inst/Core_cpu/u_core_top/u_dcache/u_tag_bank/mem_q_reg/CLKBWRCLK","student_top_inst/Core_cpu/u_core_top/u_dmem_regslice/req_wdata_q_reg[6]/D","setup"
3193,-0.217,5.000,5.120,7,"student_top_inst/Core_cpu/u_core_top/commit_ptr_q_reg[2]_rep/C","student_top_inst/Core_cpu/u_core_top/u_csr/mtval_q_reg[30]/D","setup"
3194,-0.217,5.000,5.141,11,"student_top_inst/Core_cpu/u_core_top/store_head_q_reg[1]/C","student_top_inst/Core_cpu/u_core_top/load_q_reg[1][forward_data][1]/D","setup"
3195,-0.217,5.000,5.152,10,"student_top_inst/Core_cpu/u_core_top/u_dcache/u_tag_bank/mem_q_reg/CLKBWRCLK","student_top_inst/Core_cpu/u_core_top/u_dmem_regslice/req_addr_q_reg[1]/D","setup"
3196,-0.217,5.000,4.898,7,"student_top_inst/Core_cpu/u_core_top/u_dcache/u_tag_bank/mem_q_reg/CLKBWRCLK","student_top_inst/Core_cpu/u_core_top/scoreboard_q_reg[5][result][23]/CE","setup"
3197,-0.217,5.000,4.898,7,"student_top_inst/Core_cpu/u_core_top/u_dcache/u_tag_bank/mem_q_reg/CLKBWRCLK","student_top_inst/Core_cpu/u_core_top/scoreboard_q_reg[5][result][26]/CE","setup"
3198,-0.217,5.000,4.898,7,"student_top_inst/Core_cpu/u_core_top/u_dcache/u_tag_bank/mem_q_reg/CLKBWRCLK","student_top_inst/Core_cpu/u_core_top/scoreboard_q_reg[5][result][30]/CE","setup"
3199,-0.217,5.000,4.948,7,"student_top_inst/Core_cpu/u_core_top/scoreboard_q_reg[3][fu][1]/C","student_top_inst/Core_cpu/u_core_top/u_frontend/u_branch_predictor/ras_q_reg[3][21]/CE","setup"
3200,-0.217,5.000,4.948,7,"student_top_inst/Core_cpu/u_core_top/scoreboard_q_reg[3][fu][1]/C","student_top_inst/Core_cpu/u_core_top/u_frontend/u_branch_predictor/ras_q_reg[3][23]/CE","setup"
3201,-0.217,5.000,4.948,7,"student_top_inst/Core_cpu/u_core_top/scoreboard_q_reg[3][fu][1]/C","student_top_inst/Core_cpu/u_core_top/u_frontend/u_branch_predictor/ras_q_reg[3][24]/CE","setup"
3202,-0.217,5.000,4.948,7,"student_top_inst/Core_cpu/u_core_top/scoreboard_q_reg[3][fu][1]/C","student_top_inst/Core_cpu/u_core_top/u_frontend/u_branch_predictor/ras_q_reg[3][25]/CE","setup"
3203,-0.217,5.000,4.948,7,"student_top_inst/Core_cpu/u_core_top/scoreboard_q_reg[3][fu][1]/C","student_top_inst/Core_cpu/u_core_top/u_frontend/u_branch_predictor/ras_q_reg[3][27]/CE","setup"
3204,-0.217,5.000,4.948,7,"student_top_inst/Core_cpu/u_core_top/scoreboard_q_reg[3][fu][1]/C","student_top_inst/Core_cpu/u_core_top/u_frontend/u_branch_predictor/ras_q_reg[3][28]/CE","setup"
3205,-0.217,5.000,4.948,7,"student_top_inst/Core_cpu/u_core_top/scoreboard_q_reg[3][fu][1]/C","student_top_inst/Core_cpu/u_core_top/u_frontend/u_branch_predictor/ras_q_reg[3][29]/CE","setup"
3206,-0.217,5.000,4.948,7,"student_top_inst/Core_cpu/u_core_top/scoreboard_q_reg[3][fu][1]/C","student_top_inst/Core_cpu/u_core_top/u_frontend/u_branch_predictor/ras_q_reg[3][31]/CE","setup"
3207,-0.216,5.000,4.902,7,"student_top_inst/Core_cpu/u_core_top/u_dcache/u_tag_bank/mem_q_reg/CLKBWRCLK","student_top_inst/Core_cpu/u_core_top/scoreboard_q_reg[0][result][14]/CE","setup"
3208,-0.216,5.000,4.902,7,"student_top_inst/Core_cpu/u_core_top/u_dcache/u_tag_bank/mem_q_reg/CLKBWRCLK","student_top_inst/Core_cpu/u_core_top/scoreboard_q_reg[0][result][15]/CE","setup"
3209,-0.216,5.000,4.902,7,"student_top_inst/Core_cpu/u_core_top/u_dcache/u_tag_bank/mem_q_reg/CLKBWRCLK","student_top_inst/Core_cpu/u_core_top/scoreboard_q_reg[0][result][25]/CE","setup"
3210,-0.216,5.000,5.145,10,"student_top_inst/Core_cpu/u_core_top/u_dcache/u_tag_bank/mem_q_reg/CLKBWRCLK","student_top_inst/Core_cpu/u_core_top/load_q_reg[0][addr][19]/D","setup"
3211,-0.216,5.000,5.115,10,"student_top_inst/Core_cpu/u_core_top/u_dcache/u_tag_bank/mem_q_reg/CLKBWRCLK","student_top_inst/Core_cpu/u_core_top/load_q_reg[0][addr][18]/D","setup"
3212,-0.216,5.000,5.092,7,"student_top_inst/Core_cpu/u_core_top/commit_ptr_q_reg[2]_rep/C","student_top_inst/Core_cpu/u_core_top/u_csr/mepc_q_reg[27]/D","setup"
3213,-0.216,5.000,5.140,8,"student_top_inst/Core_cpu/u_core_top/u_dcache/u_tag_bank/mem_q_reg/CLKBWRCLK","student_top_inst/Core_cpu/u_core_top/scoreboard_q_reg[0][exception_tval][15]/D","setup"
3214,-0.216,5.000,5.142,8,"student_top_inst/Core_cpu/u_core_top/u_dcache/u_tag_bank/mem_q_reg/CLKBWRCLK","student_top_inst/Core_cpu/u_core_top/scoreboard_q_reg[0][exception_tval][26]/D","setup"
3215,-0.215,5.000,5.108,9,"student_top_inst/Core_cpu/u_core_top/u_dcache/u_tag_bank/mem_q_reg/CLKBWRCLK","student_top_inst/Core_cpu/u_core_top/scoreboard_q_reg[4][result][9]/D","setup"
3216,-0.215,5.000,4.802,8,"student_top_inst/Core_cpu/u_core_top/scoreboard_q_reg[3][fu][1]/C","student_top_inst/Core_cpu/u_core_top/u_dcache/g_data_bank[1].u_data_bank/mem_q_reg_0/ADDRARDADDR[12]","setup"
3217,-0.215,5.000,4.694,7,"student_top_inst/Core_cpu/u_core_top/u_dcache/u_tag_bank/mem_q_reg/CLKBWRCLK","student_top_inst/Core_cpu/u_core_top/u_dcache/g_data_bank[2].u_data_bank/mem_q_reg_0/ADDRBWRADDR[8]","setup"
3218,-0.215,5.000,4.898,7,"student_top_inst/Core_cpu/u_core_top/u_dcache/u_tag_bank/mem_q_reg/CLKBWRCLK","student_top_inst/Core_cpu/u_core_top/scoreboard_q_reg[0][result][16]/CE","setup"
3219,-0.215,5.000,4.898,7,"student_top_inst/Core_cpu/u_core_top/u_dcache/u_tag_bank/mem_q_reg/CLKBWRCLK","student_top_inst/Core_cpu/u_core_top/scoreboard_q_reg[0][result][19]/CE","setup"
3220,-0.215,5.000,5.119,10,"student_top_inst/Core_cpu/u_core_top/u_dcache/u_tag_bank/mem_q_reg/CLKBWRCLK","student_top_inst/Core_cpu/u_core_top/u_dmem_regslice/req_wdata_q_reg[3]/D","setup"
3221,-0.214,5.000,4.797,8,"student_top_inst/Core_cpu/u_core_top/scoreboard_q_reg[3][fu][1]/C","student_top_inst/Core_cpu/u_core_top/u_dcache/g_data_bank[3].u_data_bank/mem_q_reg_1/ADDRARDADDR[14]","setup"
3222,-0.214,5.000,5.108,8,"student_top_inst/Core_cpu/u_core_top/u_dcache/u_tag_bank/mem_q_reg/CLKBWRCLK","student_top_inst/Core_cpu/u_core_top/scoreboard_q_reg[0][exception_tval][4]/D","setup"
3223,-0.214,5.000,4.907,9,"student_top_inst/Core_cpu/u_core_top/scoreboard_q_reg[3][fu][1]/C","student_top_inst/Core_cpu/u_core_top/scoreboard_q_reg[0][csr_addr][0]/CE","setup"
3224,-0.214,5.000,4.907,9,"student_top_inst/Core_cpu/u_core_top/scoreboard_q_reg[3][fu][1]/C","student_top_inst/Core_cpu/u_core_top/scoreboard_q_reg[0][csr_addr][10]/CE","setup"
3225,-0.214,5.000,4.907,9,"student_top_inst/Core_cpu/u_core_top/scoreboard_q_reg[3][fu][1]/C","student_top_inst/Core_cpu/u_core_top/scoreboard_q_reg[0][csr_addr][11]/CE","setup"
3226,-0.214,5.000,4.907,9,"student_top_inst/Core_cpu/u_core_top/scoreboard_q_reg[3][fu][1]/C","student_top_inst/Core_cpu/u_core_top/scoreboard_q_reg[0][csr_addr][1]/CE","setup"
3227,-0.214,5.000,4.907,9,"student_top_inst/Core_cpu/u_core_top/scoreboard_q_reg[3][fu][1]/C","student_top_inst/Core_cpu/u_core_top/scoreboard_q_reg[0][csr_addr][6]/CE","setup"
3228,-0.214,5.000,4.907,9,"student_top_inst/Core_cpu/u_core_top/scoreboard_q_reg[3][fu][1]/C","student_top_inst/Core_cpu/u_core_top/scoreboard_q_reg[0][csr_addr][7]/CE","setup"
3229,-0.214,5.000,4.907,9,"student_top_inst/Core_cpu/u_core_top/scoreboard_q_reg[3][fu][1]/C","student_top_inst/Core_cpu/u_core_top/scoreboard_q_reg[0][pc][22]/CE","setup"
3230,-0.214,5.000,5.108,8,"student_top_inst/Core_cpu/u_core_top/u_dcache/u_tag_bank/mem_q_reg/CLKBWRCLK","student_top_inst/Core_cpu/u_core_top/scoreboard_q_reg[1][exception_tval][25]/D","setup"
3231,-0.214,5.000,5.150,10,"student_top_inst/Core_cpu/u_core_top/u_dcache/u_tag_bank/mem_q_reg/CLKBWRCLK","student_top_inst/Core_cpu/u_core_top/u_dmem_regslice/req_wdata_q_reg[24]/D","setup"
3232,-0.213,5.000,4.871,7,"student_top_inst/Core_cpu/u_core_top/u_dcache/u_tag_bank/mem_q_reg/CLKBWRCLK","student_top_inst/Core_cpu/u_core_top/scoreboard_q_reg[5][result][13]/CE","setup"
3233,-0.213,5.000,4.871,7,"student_top_inst/Core_cpu/u_core_top/u_dcache/u_tag_bank/mem_q_reg/CLKBWRCLK","student_top_inst/Core_cpu/u_core_top/scoreboard_q_reg[5][result][15]/CE","setup"
3234,-0.213,5.000,4.871,7,"student_top_inst/Core_cpu/u_core_top/u_dcache/u_tag_bank/mem_q_reg/CLKBWRCLK","student_top_inst/Core_cpu/u_core_top/scoreboard_q_reg[5][result][21]/CE","setup"
3235,-0.213,5.000,4.871,7,"student_top_inst/Core_cpu/u_core_top/u_dcache/u_tag_bank/mem_q_reg/CLKBWRCLK","student_top_inst/Core_cpu/u_core_top/scoreboard_q_reg[5][result][22]/CE","setup"
3236,-0.213,5.000,4.795,8,"student_top_inst/Core_cpu/u_core_top/scoreboard_q_reg[3][fu][1]/C","student_top_inst/Core_cpu/u_core_top/u_dcache/g_data_bank[3].u_data_bank/mem_q_reg_1/ADDRARDADDR[5]","setup"
3237,-0.212,5.000,5.150,10,"student_top_inst/Core_cpu/u_core_top/exec_mem_addr_q_reg[6]/C","student_top_inst/Core_cpu/u_core_top/load_active_meta_q_reg[forward_data][21]/D","setup"
3238,-0.212,5.000,5.109,8,"student_top_inst/Core_cpu/u_core_top/u_dcache/u_tag_bank/mem_q_reg/CLKBWRCLK","student_top_inst/Core_cpu/u_core_top/scoreboard_q_reg[2][done]/D","setup"
3239,-0.212,5.000,4.674,0,"student_top_inst/cpu_rst_sync_reg/C","student_top_inst/Core_cpu/u_core_top/exec_q_reg[op1][3]/R","setup"
3240,-0.212,5.000,4.674,0,"student_top_inst/cpu_rst_sync_reg/C","student_top_inst/Core_cpu/u_core_top/exec_q_reg[op2][9]/R","setup"
3241,-0.212,5.000,4.674,0,"student_top_inst/cpu_rst_sync_reg/C","student_top_inst/Core_cpu/u_core_top/exec_q_reg[uop][imm][29]/R","setup"
3242,-0.212,5.000,5.138,8,"student_top_inst/Core_cpu/u_core_top/u_dcache/u_tag_bank/mem_q_reg/CLKBWRCLK","student_top_inst/Core_cpu/u_core_top/scoreboard_q_reg[0][exception_tval][25]/D","setup"
3243,-0.211,5.000,5.135,10,"student_top_inst/Core_cpu/u_core_top/u_dcache/u_tag_bank/mem_q_reg/CLKBWRCLK","student_top_inst/Core_cpu/u_core_top/u_dmem_regslice/req_addr_q_reg[19]/D","setup"
3244,-0.211,5.000,5.040,8,"student_top_inst/Core_cpu/u_core_top/u_dcache/u_tag_bank/mem_q_reg/CLKBWRCLK","student_top_inst/Core_cpu/u_core_top/scoreboard_q_reg[3][exception_cause][3]/D","setup"
3245,-0.210,5.000,4.872,7,"student_top_inst/Core_cpu/u_core_top/u_dcache/u_tag_bank/mem_q_reg/CLKBWRCLK","student_top_inst/Core_cpu/u_core_top/scoreboard_q_reg[4][result][30]/CE","setup"
3246,-0.210,5.000,5.037,6,"student_top_inst/Core_cpu/u_core_top/commit_ptr_q_reg[2]_rep/C","student_top_inst/Core_cpu/u_core_top/u_csr/mscratch_q_reg[26]/D","setup"
3247,-0.210,5.000,4.764,7,"student_top_inst/Core_cpu/u_core_top/u_dcache/u_tag_bank/mem_q_reg/CLKBWRCLK","student_top_inst/Core_cpu/u_core_top/u_dcache/g_data_bank[1].u_data_bank/mem_q_reg_0/ADDRBWRADDR[6]","setup"
3248,-0.210,5.000,5.101,8,"student_top_inst/Core_cpu/u_core_top/u_dcache/u_tag_bank/mem_q_reg/CLKBWRCLK","student_top_inst/Core_cpu/u_core_top/scoreboard_q_reg[5][result][6]/D","setup"
3249,-0.209,5.000,4.868,7,"student_top_inst/Core_cpu/u_core_top/u_dcache/u_tag_bank/mem_q_reg/CLKBWRCLK","student_top_inst/Core_cpu/u_core_top/scoreboard_q_reg[2][link_addr][22]/CE","setup"
3250,-0.209,5.000,4.868,7,"student_top_inst/Core_cpu/u_core_top/u_dcache/u_tag_bank/mem_q_reg/CLKBWRCLK","student_top_inst/Core_cpu/u_core_top/scoreboard_q_reg[2][link_addr][8]/CE","setup"
3251,-0.209,5.000,4.868,7,"student_top_inst/Core_cpu/u_core_top/u_dcache/u_tag_bank/mem_q_reg/CLKBWRCLK","student_top_inst/Core_cpu/u_core_top/scoreboard_q_reg[2][link_addr][9]/CE","setup"
3252,-0.209,5.000,4.868,7,"student_top_inst/Core_cpu/u_core_top/u_dcache/u_tag_bank/mem_q_reg/CLKBWRCLK","student_top_inst/Core_cpu/u_core_top/scoreboard_q_reg[2][pc][10]/CE","setup"
3253,-0.209,5.000,5.134,8,"student_top_inst/Core_cpu/u_core_top/u_dcache/u_tag_bank/mem_q_reg/CLKBWRCLK","student_top_inst/Core_cpu/u_core_top/producer_valid_q_reg[1]/D","setup"
3254,-0.208,5.000,5.035,6,"student_top_inst/Core_cpu/u_core_top/commit_ptr_q_reg[2]_rep/C","student_top_inst/Core_cpu/u_core_top/u_csr/mscratch_q_reg[30]/D","setup"
3255,-0.208,5.000,5.132,10,"student_top_inst/Core_cpu/u_core_top/u_dcache/u_tag_bank/mem_q_reg/CLKBWRCLK","student_top_inst/Core_cpu/u_core_top/u_dmem_regslice/req_addr_q_reg[27]/D","setup"
3256,-0.208,5.000,5.134,8,"student_top_inst/Core_cpu/u_core_top/u_dcache/u_tag_bank/mem_q_reg/CLKBWRCLK","student_top_inst/Core_cpu/u_core_top/producer_valid_q_reg[30]/D","setup"
3257,-0.207,5.000,4.894,5,"student_top_inst/mem_bridge/dram_adapter/dram/U0/inst_blk_mem_gen/gnbram.gnativebmg.native_blk_mem_gen/valid.cstr/has_mux_a.A/no_softecc_norm_sel2.has_mem_regs.WITHOUT_ECC_PIPE.ce_pri.sel_pipe_d1_reg[2]/C","student_top_inst/Core_cpu/u_core_top/u_dmem_regslice/resp_rdata_q_reg[7]/D","setup"
3258,-0.207,5.000,5.135,7,"student_top_inst/Core_cpu/u_core_top/commit_ptr_q_reg[2]_rep/C","student_top_inst/Core_cpu/u_core_top/u_csr/mepc_q_reg[24]/D","setup"
3259,-0.207,5.000,5.103,8,"student_top_inst/Core_cpu/u_core_top/u_dcache/u_tag_bank/mem_q_reg/CLKBWRCLK","student_top_inst/Core_cpu/u_core_top/scoreboard_q_reg[0][result][0]/D","setup"
3260,-0.207,5.000,4.885,7,"student_top_inst/Core_cpu/u_core_top/u_dcache/u_tag_bank/mem_q_reg/CLKBWRCLK","student_top_inst/Core_cpu/u_core_top/scoreboard_q_reg[2][csr_addr][11]/CE","setup"
3261,-0.207,5.000,4.885,7,"student_top_inst/Core_cpu/u_core_top/u_dcache/u_tag_bank/mem_q_reg/CLKBWRCLK","student_top_inst/Core_cpu/u_core_top/scoreboard_q_reg[2][csr_addr][1]/CE","setup"
3262,-0.207,5.000,4.885,7,"student_top_inst/Core_cpu/u_core_top/u_dcache/u_tag_bank/mem_q_reg/CLKBWRCLK","student_top_inst/Core_cpu/u_core_top/scoreboard_q_reg[2][csr_addr][3]/CE","setup"
3263,-0.207,5.000,4.885,7,"student_top_inst/Core_cpu/u_core_top/u_dcache/u_tag_bank/mem_q_reg/CLKBWRCLK","student_top_inst/Core_cpu/u_core_top/scoreboard_q_reg[2][csr_addr][6]/CE","setup"
3264,-0.207,5.000,4.885,7,"student_top_inst/Core_cpu/u_core_top/u_dcache/u_tag_bank/mem_q_reg/CLKBWRCLK","student_top_inst/Core_cpu/u_core_top/scoreboard_q_reg[2][csr_addr][8]/CE","setup"
3265,-0.207,5.000,4.885,7,"student_top_inst/Core_cpu/u_core_top/u_dcache/u_tag_bank/mem_q_reg/CLKBWRCLK","student_top_inst/Core_cpu/u_core_top/scoreboard_q_reg[2][pc][13]/CE","setup"
3266,-0.207,5.000,4.885,7,"student_top_inst/Core_cpu/u_core_top/u_dcache/u_tag_bank/mem_q_reg/CLKBWRCLK","student_top_inst/Core_cpu/u_core_top/scoreboard_q_reg[2][pc][2]/CE","setup"
3267,-0.207,5.000,4.885,7,"student_top_inst/Core_cpu/u_core_top/u_dcache/u_tag_bank/mem_q_reg/CLKBWRCLK","student_top_inst/Core_cpu/u_core_top/scoreboard_q_reg[2][pc][31]/CE","setup"
3268,-0.207,5.000,5.104,8,"student_top_inst/Core_cpu/u_core_top/u_dcache/u_tag_bank/mem_q_reg/CLKBWRCLK","student_top_inst/Core_cpu/u_core_top/scoreboard_q_reg[6][done]/D","setup"
3269,-0.206,5.000,4.895,7,"student_top_inst/Core_cpu/u_core_top/u_dcache/u_tag_bank/mem_q_reg/CLKBWRCLK","student_top_inst/Core_cpu/u_core_top/scoreboard_q_reg[1][result][18]/CE","setup"
3270,-0.206,5.000,4.895,7,"student_top_inst/Core_cpu/u_core_top/u_dcache/u_tag_bank/mem_q_reg/CLKBWRCLK","student_top_inst/Core_cpu/u_core_top/scoreboard_q_reg[1][result][25]/CE","setup"
3271,-0.206,5.000,5.096,8,"student_top_inst/Core_cpu/u_core_top/u_dcache/u_tag_bank/mem_q_reg/CLKBWRCLK","student_top_inst/Core_cpu/u_core_top/scoreboard_q_reg[2][exception_tval][13]/D","setup"
3272,-0.206,5.000,4.406,0,"student_top_inst/cpu_rst_sync_reg/C","student_top_inst/Core_cpu/u_core_top/u_muldiv/a_q_reg[24]/R","setup"
3273,-0.206,5.000,4.406,0,"student_top_inst/cpu_rst_sync_reg/C","student_top_inst/Core_cpu/u_core_top/u_muldiv/a_q_reg[25]/R","setup"
3274,-0.206,5.000,4.406,0,"student_top_inst/cpu_rst_sync_reg/C","student_top_inst/Core_cpu/u_core_top/u_muldiv/a_q_reg[26]/R","setup"
3275,-0.206,5.000,4.406,0,"student_top_inst/cpu_rst_sync_reg/C","student_top_inst/Core_cpu/u_core_top/u_muldiv/a_q_reg[27]/R","setup"
3276,-0.206,5.000,5.099,9,"student_top_inst/Core_cpu/u_core_top/u_dcache/u_tag_bank/mem_q_reg/CLKBWRCLK","student_top_inst/Core_cpu/u_core_top/scoreboard_q_reg[7][result][11]/D","setup"
3277,-0.205,5.000,4.812,8,"student_top_inst/Core_cpu/u_core_top/scoreboard_q_reg[3][fu][1]/C","student_top_inst/Core_cpu/u_core_top/u_dcache/g_data_bank[0].u_data_bank/mem_q_reg_0/ENARDEN","setup"
3278,-0.205,5.000,5.094,8,"student_top_inst/Core_cpu/u_core_top/u_dcache/u_tag_bank/mem_q_reg/CLKBWRCLK","student_top_inst/Core_cpu/u_core_top/scoreboard_q_reg[2][exception_tval][24]/D","setup"
3279,-0.205,5.000,4.883,7,"student_top_inst/Core_cpu/u_core_top/u_dcache/u_tag_bank/mem_q_reg/CLKBWRCLK","student_top_inst/Core_cpu/u_core_top/scoreboard_q_reg[5][is_call]/CE","setup"
3280,-0.205,5.000,4.883,7,"student_top_inst/Core_cpu/u_core_top/u_dcache/u_tag_bank/mem_q_reg/CLKBWRCLK","student_top_inst/Core_cpu/u_core_top/scoreboard_q_reg[5][is_return]/CE","setup"
3281,-0.205,5.000,4.883,7,"student_top_inst/Core_cpu/u_core_top/u_dcache/u_tag_bank/mem_q_reg/CLKBWRCLK","student_top_inst/Core_cpu/u_core_top/scoreboard_q_reg[5][link_addr][15]/CE","setup"
3282,-0.205,5.000,4.883,7,"student_top_inst/Core_cpu/u_core_top/u_dcache/u_tag_bank/mem_q_reg/CLKBWRCLK","student_top_inst/Core_cpu/u_core_top/scoreboard_q_reg[5][pc][16]/CE","setup"
3283,-0.205,5.000,4.883,7,"student_top_inst/Core_cpu/u_core_top/u_dcache/u_tag_bank/mem_q_reg/CLKBWRCLK","student_top_inst/Core_cpu/u_core_top/scoreboard_q_reg[5][pc][26]/CE","setup"
3284,-0.205,5.000,4.883,7,"student_top_inst/Core_cpu/u_core_top/u_dcache/u_tag_bank/mem_q_reg/CLKBWRCLK","student_top_inst/Core_cpu/u_core_top/scoreboard_q_reg[5][pc][2]/CE","setup"
3285,-0.205,5.000,4.883,7,"student_top_inst/Core_cpu/u_core_top/u_dcache/u_tag_bank/mem_q_reg/CLKBWRCLK","student_top_inst/Core_cpu/u_core_top/scoreboard_q_reg[5][rd][3]/CE","setup"
3286,-0.205,5.000,4.728,7,"student_top_inst/Core_cpu/u_core_top/u_dcache/u_tag_bank/mem_q_reg/CLKBWRCLK","student_top_inst/Core_cpu/u_core_top/u_dcache/u_tag_bank/mem_q_reg/ADDRBWRADDR[12]","setup"
3287,-0.205,5.000,4.887,7,"student_top_inst/Core_cpu/u_core_top/u_dcache/u_tag_bank/mem_q_reg/CLKBWRCLK","student_top_inst/Core_cpu/u_core_top/scoreboard_q_reg[7][is_call]/CE","setup"
3288,-0.205,5.000,4.887,7,"student_top_inst/Core_cpu/u_core_top/u_dcache/u_tag_bank/mem_q_reg/CLKBWRCLK","student_top_inst/Core_cpu/u_core_top/scoreboard_q_reg[7][is_return]/CE","setup"
3289,-0.205,5.000,4.887,7,"student_top_inst/Core_cpu/u_core_top/u_dcache/u_tag_bank/mem_q_reg/CLKBWRCLK","student_top_inst/Core_cpu/u_core_top/scoreboard_q_reg[7][link_addr][10]/CE","setup"
3290,-0.205,5.000,4.887,7,"student_top_inst/Core_cpu/u_core_top/u_dcache/u_tag_bank/mem_q_reg/CLKBWRCLK","student_top_inst/Core_cpu/u_core_top/scoreboard_q_reg[7][link_addr][6]/CE","setup"
3291,-0.205,5.000,4.887,7,"student_top_inst/Core_cpu/u_core_top/u_dcache/u_tag_bank/mem_q_reg/CLKBWRCLK","student_top_inst/Core_cpu/u_core_top/scoreboard_q_reg[7][pc][4]/CE","setup"
3292,-0.204,5.000,4.663,0,"student_top_inst/cpu_rst_sync_reg/C","student_top_inst/Core_cpu/u_core_top/id_uop_q_reg[csr_addr][11]/R","setup"
3293,-0.204,5.000,4.663,0,"student_top_inst/cpu_rst_sync_reg/C","student_top_inst/Core_cpu/u_core_top/id_uop_q_reg[csr_addr][9]/R","setup"
3294,-0.204,5.000,4.663,0,"student_top_inst/cpu_rst_sync_reg/C","student_top_inst/Core_cpu/u_core_top/id_uop_q_reg[exception_tval][25]/R","setup"
3295,-0.204,5.000,4.663,0,"student_top_inst/cpu_rst_sync_reg/C","student_top_inst/Core_cpu/u_core_top/id_uop_q_reg[fu][1]/R","setup"
3296,-0.204,5.000,4.702,0,"student_top_inst/cpu_rst_sync_reg/C","student_top_inst/Core_cpu/u_core_top/id_uop_q_reg[alu_op][3]/R","setup"
3297,-0.204,5.000,4.702,0,"student_top_inst/cpu_rst_sync_reg/C","student_top_inst/Core_cpu/u_core_top/id_uop_q_reg[imm][0]/R","setup"
3298,-0.204,5.000,4.702,0,"student_top_inst/cpu_rst_sync_reg/C","student_top_inst/Core_cpu/u_core_top/id_uop_q_reg[imm][11]/R","setup"
3299,-0.204,5.000,4.820,0,"student_top_inst/Core_cpu/u_core_top/u_dmem_regslice/req_addr_q_reg[8]/C","student_top_inst/mem_bridge/dram_adapter/dram/U0/inst_blk_mem_gen/gnbram.gnativebmg.native_blk_mem_gen/valid.cstr/ramloop[3].ram.r/prim_init.ram/DEVICE_7SERIES.NO_BMM_INFO.SP.SIMPLE_PRIM36.ram/ADDRARDADDR[9]","setup"
3300,-0.204,5.000,4.683,7,"student_top_inst/Core_cpu/u_core_top/u_dcache/u_tag_bank/mem_q_reg/CLKBWRCLK","student_top_inst/Core_cpu/u_core_top/u_dcache/g_data_bank[2].u_data_bank/mem_q_reg_0/ADDRBWRADDR[7]","setup"
3301,-0.204,5.000,5.289,1,"student_top_inst/Core_cpu/u_core_top/u_dmem_regslice/req_addr_q_reg[0]/C","student_top_inst/mem_bridge/dram_adapter/dram/U0/inst_blk_mem_gen/gnbram.gnativebmg.native_blk_mem_gen/valid.cstr/ramloop[9].ram.r/prim_init.ram/DEVICE_7SERIES.NO_BMM_INFO.SP.SIMPLE_PRIM36.ram/DIADI[2]","setup"
3302,-0.204,5.000,4.912,7,"student_top_inst/Core_cpu/u_core_top/scoreboard_q_reg[3][fu][1]/C","student_top_inst/Core_cpu/u_core_top/u_frontend/u_branch_predictor/ras_q_reg[2][28]/CE","setup"
3303,-0.204,5.000,4.885,7,"student_top_inst/Core_cpu/u_core_top/u_dcache/u_tag_bank/mem_q_reg/CLKBWRCLK","student_top_inst/Core_cpu/u_core_top/scoreboard_q_reg[5][result][12]/CE","setup"
3304,-0.204,5.000,4.885,7,"student_top_inst/Core_cpu/u_core_top/u_dcache/u_tag_bank/mem_q_reg/CLKBWRCLK","student_top_inst/Core_cpu/u_core_top/scoreboard_q_reg[5][result][18]/CE","setup"
3305,-0.204,5.000,4.885,7,"student_top_inst/Core_cpu/u_core_top/u_dcache/u_tag_bank/mem_q_reg/CLKBWRCLK","student_top_inst/Core_cpu/u_core_top/scoreboard_q_reg[5][result][29]/CE","setup"
3306,-0.204,5.000,4.885,7,"student_top_inst/Core_cpu/u_core_top/u_dcache/u_tag_bank/mem_q_reg/CLKBWRCLK","student_top_inst/Core_cpu/u_core_top/scoreboard_q_reg[5][result][8]/CE","setup"
3307,-0.203,5.000,5.098,8,"student_top_inst/Core_cpu/u_core_top/u_dcache/u_tag_bank/mem_q_reg/CLKBWRCLK","student_top_inst/Core_cpu/u_core_top/scoreboard_q_reg[3][store_slot_valid]/D","setup"
3308,-0.203,5.000,4.896,9,"student_top_inst/Core_cpu/u_core_top/scoreboard_q_reg[3][fu][1]/C","student_top_inst/Core_cpu/u_core_top/scoreboard_q_reg[1][csr_addr][2]/CE","setup"
3309,-0.203,5.000,4.896,9,"student_top_inst/Core_cpu/u_core_top/scoreboard_q_reg[3][fu][1]/C","student_top_inst/Core_cpu/u_core_top/scoreboard_q_reg[1][link_addr][11]/CE","setup"
3310,-0.203,5.000,4.896,9,"student_top_inst/Core_cpu/u_core_top/scoreboard_q_reg[3][fu][1]/C","student_top_inst/Core_cpu/u_core_top/scoreboard_q_reg[1][link_addr][1]/CE","setup"
3311,-0.203,5.000,4.896,9,"student_top_inst/Core_cpu/u_core_top/scoreboard_q_reg[3][fu][1]/C","student_top_inst/Core_cpu/u_core_top/scoreboard_q_reg[1][link_addr][21]/CE","setup"
3312,-0.203,5.000,4.896,9,"student_top_inst/Core_cpu/u_core_top/scoreboard_q_reg[3][fu][1]/C","student_top_inst/Core_cpu/u_core_top/scoreboard_q_reg[1][link_addr][7]/CE","setup"
3313,-0.203,5.000,4.896,9,"student_top_inst/Core_cpu/u_core_top/scoreboard_q_reg[3][fu][1]/C","student_top_inst/Core_cpu/u_core_top/scoreboard_q_reg[1][pc][12]/CE","setup"
3314,-0.202,5.000,5.083,7,"student_top_inst/Core_cpu/u_core_top/commit_ptr_q_reg[2]_rep/C","student_top_inst/Core_cpu/u_core_top/u_csr/mstatus_q_reg[4]/D","setup"
3315,-0.202,5.000,5.096,8,"student_top_inst/Core_cpu/u_core_top/u_dcache/u_tag_bank/mem_q_reg/CLKBWRCLK","student_top_inst/Core_cpu/u_core_top/scoreboard_q_reg[0][exception_tval][2]/D","setup"
3316,-0.202,5.000,4.861,7,"student_top_inst/Core_cpu/u_core_top/u_dcache/u_tag_bank/mem_q_reg/CLKBWRCLK","student_top_inst/Core_cpu/u_core_top/scoreboard_q_reg[4][csr_addr][1]/CE","setup"
3317,-0.202,5.000,4.861,7,"student_top_inst/Core_cpu/u_core_top/u_dcache/u_tag_bank/mem_q_reg/CLKBWRCLK","student_top_inst/Core_cpu/u_core_top/scoreboard_q_reg[4][csr_op][1]/CE","setup"
3318,-0.202,5.000,4.861,7,"student_top_inst/Core_cpu/u_core_top/u_dcache/u_tag_bank/mem_q_reg/CLKBWRCLK","student_top_inst/Core_cpu/u_core_top/scoreboard_q_reg[4][fu][1]/CE","setup"
3319,-0.202,5.000,4.861,7,"student_top_inst/Core_cpu/u_core_top/u_dcache/u_tag_bank/mem_q_reg/CLKBWRCLK","student_top_inst/Core_cpu/u_core_top/scoreboard_q_reg[4][rd][0]/CE","setup"
3320,-0.202,5.000,4.861,7,"student_top_inst/Core_cpu/u_core_top/u_dcache/u_tag_bank/mem_q_reg/CLKBWRCLK","student_top_inst/Core_cpu/u_core_top/scoreboard_q_reg[4][rd][1]/CE","setup"
3321,-0.202,5.000,4.864,7,"student_top_inst/Core_cpu/u_core_top/u_dcache/u_tag_bank/mem_q_reg/CLKBWRCLK","student_top_inst/Core_cpu/u_core_top/scoreboard_q_reg[2][result][10]/CE","setup"
3322,-0.202,5.000,4.864,7,"student_top_inst/Core_cpu/u_core_top/u_dcache/u_tag_bank/mem_q_reg/CLKBWRCLK","student_top_inst/Core_cpu/u_core_top/scoreboard_q_reg[2][result][2]/CE","setup"
3323,-0.202,5.000,4.864,7,"student_top_inst/Core_cpu/u_core_top/u_dcache/u_tag_bank/mem_q_reg/CLKBWRCLK","student_top_inst/Core_cpu/u_core_top/scoreboard_q_reg[2][result][30]/CE","setup"
3324,-0.201,5.000,4.849,8,"student_top_inst/Core_cpu/u_core_top/scoreboard_q_reg[3][fu][1]/C","student_top_inst/Core_cpu/u_core_top/u_muldiv/u_div/U0/i_synth/i_has_input_skid.i_2to1/gen_has_z_tready.reg2_a_valid_reg/D","setup"
3325,-0.201,5.000,5.045,6,"student_top_inst/Core_cpu/u_core_top/commit_ptr_q_reg[2]_rep/C","student_top_inst/Core_cpu/u_core_top/u_csr/mscratch_q_reg[23]/D","setup"
3326,-0.201,5.000,5.100,10,"student_top_inst/Core_cpu/u_core_top/u_dcache/u_tag_bank/mem_q_reg/CLKBWRCLK","student_top_inst/Core_cpu/u_core_top/load_q_reg[0][size][1]/D","setup"
3327,-0.201,5.000,4.756,7,"student_top_inst/Core_cpu/u_core_top/u_dcache/u_tag_bank/mem_q_reg/CLKBWRCLK","student_top_inst/Core_cpu/u_core_top/scoreboard_q_reg[5][result][1]/R","setup"
3328,-0.201,5.000,4.756,7,"student_top_inst/Core_cpu/u_core_top/u_dcache/u_tag_bank/mem_q_reg/CLKBWRCLK","student_top_inst/Core_cpu/u_core_top/scoreboard_q_reg[5][result][5]/R","setup"
3329,-0.201,5.000,4.780,7,"student_top_inst/Core_cpu/u_core_top/u_dcache/u_tag_bank/mem_q_reg/CLKBWRCLK","student_top_inst/Core_cpu/u_core_top/scoreboard_q_reg[5][result][19]/R","setup"
3330,-0.201,5.000,5.025,6,"student_top_inst/Core_cpu/u_core_top/commit_ptr_q_reg[2]_rep/C","student_top_inst/Core_cpu/u_core_top/u_csr/mcause_q_reg[31]/D","setup"
3331,-0.200,5.000,5.060,8,"student_top_inst/Core_cpu/u_core_top/u_dcache/u_tag_bank/mem_q_reg/CLKBWRCLK","student_top_inst/Core_cpu/u_core_top/scoreboard_q_reg[7][exception_tval][21]/D","setup"
3332,-0.200,5.000,5.099,10,"student_top_inst/Core_cpu/u_core_top/u_dcache/u_tag_bank/mem_q_reg/CLKBWRCLK","student_top_inst/Core_cpu/u_core_top/load_active_q_reg/D","setup"
3333,-0.200,5.000,5.097,8,"student_top_inst/Core_cpu/u_core_top/u_dcache/u_tag_bank/mem_q_reg/CLKBWRCLK","student_top_inst/Core_cpu/u_core_top/scoreboard_q_reg[2][occupied]/D","setup"
3334,-0.199,5.000,5.098,10,"student_top_inst/Core_cpu/u_core_top/u_dcache/u_tag_bank/mem_q_reg/CLKBWRCLK","student_top_inst/Core_cpu/u_core_top/load_q_reg[0][addr][0]/D","setup"
3335,-0.199,5.000,5.058,8,"student_top_inst/Core_cpu/u_core_top/u_dcache/u_tag_bank/mem_q_reg/CLKBWRCLK","student_top_inst/Core_cpu/u_core_top/scoreboard_q_reg[7][exception_tval][0]/D","setup"
3336,-0.199,5.000,4.887,7,"student_top_inst/Core_cpu/u_core_top/u_dcache/u_tag_bank/mem_q_reg/CLKBWRCLK","student_top_inst/Core_cpu/u_core_top/scoreboard_count_q_reg[0]/CE","setup"
3337,-0.198,5.000,5.097,10,"student_top_inst/Core_cpu/u_core_top/u_dcache/u_tag_bank/mem_q_reg/CLKBWRCLK","student_top_inst/Core_cpu/u_core_top/load_q_reg[0][addr][22]/D","setup"
3338,-0.198,5.000,5.131,10,"student_top_inst/Core_cpu/u_core_top/u_dcache/u_tag_bank/mem_q_reg/CLKBWRCLK","student_top_inst/Core_cpu/u_core_top/load_q_reg[0][size][0]/D","setup"
3339,-0.198,5.000,5.090,9,"student_top_inst/Core_cpu/u_core_top/u_dcache/u_tag_bank/mem_q_reg/CLKBWRCLK","student_top_inst/Core_cpu/u_core_top/scoreboard_q_reg[5][result][17]/D","setup"
3340,-0.197,5.000,4.928,7,"student_top_inst/Core_cpu/u_core_top/scoreboard_q_reg[3][fu][1]/C","student_top_inst/Core_cpu/u_core_top/u_frontend/u_branch_predictor/ras_q_reg[2][18]/CE","setup"
3341,-0.197,5.000,4.928,7,"student_top_inst/Core_cpu/u_core_top/scoreboard_q_reg[3][fu][1]/C","student_top_inst/Core_cpu/u_core_top/u_frontend/u_branch_predictor/ras_q_reg[2][24]/CE","setup"
3342,-0.197,5.000,4.928,7,"student_top_inst/Core_cpu/u_core_top/scoreboard_q_reg[3][fu][1]/C","student_top_inst/Core_cpu/u_core_top/u_frontend/u_branch_predictor/ras_q_reg[2][25]/CE","setup"
3343,-0.197,5.000,4.928,7,"student_top_inst/Core_cpu/u_core_top/scoreboard_q_reg[3][fu][1]/C","student_top_inst/Core_cpu/u_core_top/u_frontend/u_branch_predictor/ras_q_reg[2][27]/CE","setup"
3344,-0.197,5.000,5.130,10,"student_top_inst/Core_cpu/u_core_top/u_dcache/u_tag_bank/mem_q_reg/CLKBWRCLK","student_top_inst/Core_cpu/u_core_top/load_q_reg[0][addr][26]/D","setup"
3345,-0.197,5.000,4.857,7,"student_top_inst/Core_cpu/u_core_top/u_dcache/u_tag_bank/mem_q_reg/CLKBWRCLK","student_top_inst/Core_cpu/u_core_top/scoreboard_q_reg[2][fu][0]/CE","setup"
3346,-0.197,5.000,4.857,7,"student_top_inst/Core_cpu/u_core_top/u_dcache/u_tag_bank/mem_q_reg/CLKBWRCLK","student_top_inst/Core_cpu/u_core_top/scoreboard_q_reg[2][fu][1]/CE","setup"
3347,-0.197,5.000,4.857,7,"student_top_inst/Core_cpu/u_core_top/u_dcache/u_tag_bank/mem_q_reg/CLKBWRCLK","student_top_inst/Core_cpu/u_core_top/scoreboard_q_reg[2][fu][2]/CE","setup"
3348,-0.197,5.000,4.857,7,"student_top_inst/Core_cpu/u_core_top/u_dcache/u_tag_bank/mem_q_reg/CLKBWRCLK","student_top_inst/Core_cpu/u_core_top/scoreboard_q_reg[2][link_addr][21]/CE","setup"
3349,-0.196,5.000,5.029,8,"student_top_inst/Core_cpu/u_core_top/u_dcache/u_tag_bank/mem_q_reg/CLKBWRCLK","student_top_inst/Core_cpu/u_core_top/scoreboard_q_reg[5][exception_tval][28]/D","setup"
3350,-0.196,5.000,5.126,10,"student_top_inst/Core_cpu/u_core_top/u_dcache/u_tag_bank/mem_q_reg/CLKBWRCLK","student_top_inst/Core_cpu/u_core_top/load_q_reg[0][addr][27]/D","setup"
3351,-0.196,5.000,4.699,7,"student_top_inst/Core_cpu/u_core_top/u_dcache/u_tag_bank/mem_q_reg/CLKBWRCLK","student_top_inst/Core_cpu/u_core_top/u_dcache/g_data_bank[0].u_data_bank/mem_q_reg_1/ADDRBWRADDR[11]","setup"
3352,-0.196,5.000,5.094,8,"student_top_inst/Core_cpu/u_core_top/u_dcache/u_tag_bank/mem_q_reg/CLKBWRCLK","student_top_inst/Core_cpu/u_core_top/scoreboard_q_reg[7][exception_tval][12]/D","setup"
3353,-0.195,5.000,5.092,8,"student_top_inst/Core_cpu/u_core_top/u_dcache/u_tag_bank/mem_q_reg/CLKBWRCLK","student_top_inst/Core_cpu/u_core_top/scoreboard_q_reg[7][exception_tval][19]/D","setup"
3354,-0.195,5.000,5.095,10,"student_top_inst/Core_cpu/u_core_top/u_dcache/u_tag_bank/mem_q_reg/CLKBWRCLK","student_top_inst/Core_cpu/u_core_top/load_q_reg[0][store_seq_cutoff][7]/D","setup"
3355,-0.195,5.000,4.903,7,"student_top_inst/Core_cpu/u_core_top/scoreboard_q_reg[3][fu][1]/C","student_top_inst/Core_cpu/u_core_top/u_frontend/u_branch_predictor/ras_q_reg[4][21]/CE","setup"
3356,-0.195,5.000,4.903,7,"student_top_inst/Core_cpu/u_core_top/scoreboard_q_reg[3][fu][1]/C","student_top_inst/Core_cpu/u_core_top/u_frontend/u_branch_predictor/ras_q_reg[4][23]/CE","setup"
3357,-0.195,5.000,4.903,7,"student_top_inst/Core_cpu/u_core_top/scoreboard_q_reg[3][fu][1]/C","student_top_inst/Core_cpu/u_core_top/u_frontend/u_branch_predictor/ras_q_reg[4][24]/CE","setup"
3358,-0.195,5.000,4.903,7,"student_top_inst/Core_cpu/u_core_top/scoreboard_q_reg[3][fu][1]/C","student_top_inst/Core_cpu/u_core_top/u_frontend/u_branch_predictor/ras_q_reg[4][25]/CE","setup"
3359,-0.195,5.000,5.125,12,"student_top_inst/Core_cpu/u_core_top/store_head_q_reg[1]/C","student_top_inst/Core_cpu/u_core_top/load_q_reg[0][forward_mask][0]/D","setup"
3360,-0.195,5.000,5.116,8,"student_top_inst/Core_cpu/u_core_top/u_dcache/u_tag_bank/mem_q_reg/CLKBWRCLK","student_top_inst/Core_cpu/u_core_top/scoreboard_q_reg[7][result][1]/D","setup"
3361,-0.193,5.000,5.026,8,"student_top_inst/Core_cpu/u_core_top/u_dcache/u_tag_bank/mem_q_reg/CLKBWRCLK","student_top_inst/Core_cpu/u_core_top/scoreboard_q_reg[5][exception_tval][16]/D","setup"
3362,-0.193,5.000,4.879,7,"student_top_inst/Core_cpu/u_core_top/u_dcache/u_tag_bank/mem_q_reg/CLKBWRCLK","student_top_inst/Core_cpu/u_core_top/scoreboard_q_reg[4][link_addr][26]/CE","setup"
3363,-0.193,5.000,4.879,7,"student_top_inst/Core_cpu/u_core_top/u_dcache/u_tag_bank/mem_q_reg/CLKBWRCLK","student_top_inst/Core_cpu/u_core_top/scoreboard_q_reg[4][link_addr][2]/CE","setup"
3364,-0.193,5.000,4.879,7,"student_top_inst/Core_cpu/u_core_top/u_dcache/u_tag_bank/mem_q_reg/CLKBWRCLK","student_top_inst/Core_cpu/u_core_top/scoreboard_q_reg[4][pc][22]/CE","setup"
3365,-0.193,5.000,4.879,7,"student_top_inst/Core_cpu/u_core_top/u_dcache/u_tag_bank/mem_q_reg/CLKBWRCLK","student_top_inst/Core_cpu/u_core_top/scoreboard_q_reg[4][pc][31]/CE","setup"
3366,-0.193,5.000,4.879,7,"student_top_inst/Core_cpu/u_core_top/u_dcache/u_tag_bank/mem_q_reg/CLKBWRCLK","student_top_inst/Core_cpu/u_core_top/scoreboard_q_reg[4][pc][8]/CE","setup"
3367,-0.193,5.000,5.093,10,"student_top_inst/Core_cpu/u_core_top/u_dcache/u_tag_bank/mem_q_reg/CLKBWRCLK","student_top_inst/Core_cpu/u_core_top/load_q_reg[0][trans_id][0]/D","setup"
3368,-0.193,5.000,5.087,8,"student_top_inst/Core_cpu/u_core_top/u_dcache/u_tag_bank/mem_q_reg/CLKBWRCLK","student_top_inst/Core_cpu/u_core_top/scoreboard_q_reg[7][done]/D","setup"
3369,-0.193,5.000,4.674,8,"student_top_inst/Core_cpu/u_core_top/scoreboard_q_reg[3][fu][1]/C","student_top_inst/Core_cpu/u_core_top/u_muldiv/u_div/U0/i_synth/i_has_input_skid.i_2to1/gen_has_z_tready.reg1_a_tdata_reg[22]/CE","setup"
3370,-0.193,5.000,4.674,8,"student_top_inst/Core_cpu/u_core_top/scoreboard_q_reg[3][fu][1]/C","student_top_inst/Core_cpu/u_core_top/u_muldiv/u_div/U0/i_synth/i_has_input_skid.i_2to1/gen_has_z_tready.reg1_a_tdata_reg[23]/CE","setup"
3371,-0.193,5.000,4.674,8,"student_top_inst/Core_cpu/u_core_top/scoreboard_q_reg[3][fu][1]/C","student_top_inst/Core_cpu/u_core_top/u_muldiv/u_div/U0/i_synth/i_has_input_skid.i_2to1/gen_has_z_tready.reg1_a_tdata_reg[26]/CE","setup"
3372,-0.193,5.000,4.674,8,"student_top_inst/Core_cpu/u_core_top/scoreboard_q_reg[3][fu][1]/C","student_top_inst/Core_cpu/u_core_top/u_muldiv/u_div/U0/i_synth/i_has_input_skid.i_2to1/gen_has_z_tready.reg1_a_tdata_reg[27]/CE","setup"
3373,-0.193,5.000,4.674,8,"student_top_inst/Core_cpu/u_core_top/scoreboard_q_reg[3][fu][1]/C","student_top_inst/Core_cpu/u_core_top/u_muldiv/u_div/U0/i_synth/i_has_input_skid.i_2to1/gen_has_z_tready.reg1_a_tdata_reg[6]/CE","setup"
3374,-0.193,5.000,4.674,8,"student_top_inst/Core_cpu/u_core_top/scoreboard_q_reg[3][fu][1]/C","student_top_inst/Core_cpu/u_core_top/u_muldiv/u_div/U0/i_synth/i_has_input_skid.i_2to1/gen_has_z_tready.reg1_a_tdata_reg[7]/CE","setup"
3375,-0.193,5.000,4.674,8,"student_top_inst/Core_cpu/u_core_top/scoreboard_q_reg[3][fu][1]/C","student_top_inst/Core_cpu/u_core_top/u_muldiv/u_div/U0/i_synth/i_has_input_skid.i_2to1/gen_has_z_tready.reg1_a_tdata_reg[8]/CE","setup"
3376,-0.193,5.000,4.674,8,"student_top_inst/Core_cpu/u_core_top/scoreboard_q_reg[3][fu][1]/C","student_top_inst/Core_cpu/u_core_top/u_muldiv/u_div/U0/i_synth/i_has_input_skid.i_2to1/gen_has_z_tready.reg1_a_tdata_reg[9]/CE","setup"
3377,-0.193,5.000,4.853,7,"student_top_inst/Core_cpu/u_core_top/u_dcache/u_tag_bank/mem_q_reg/CLKBWRCLK","student_top_inst/Core_cpu/u_core_top/scoreboard_q_reg[2][result][19]/CE","setup"
3378,-0.193,5.000,4.853,7,"student_top_inst/Core_cpu/u_core_top/u_dcache/u_tag_bank/mem_q_reg/CLKBWRCLK","student_top_inst/Core_cpu/u_core_top/scoreboard_q_reg[2][result][20]/CE","setup"
3379,-0.193,5.000,4.915,7,"student_top_inst/Core_cpu/u_core_top/u_dcache/u_tag_bank/mem_q_reg/CLKBWRCLK","student_top_inst/Core_cpu/u_core_top/id_uop_q_reg[alu_op][2]/CE","setup"
3380,-0.193,5.000,4.915,7,"student_top_inst/Core_cpu/u_core_top/u_dcache/u_tag_bank/mem_q_reg/CLKBWRCLK","student_top_inst/Core_cpu/u_core_top/id_uop_q_reg[csr_addr][7]/CE","setup"
3381,-0.193,5.000,4.915,7,"student_top_inst/Core_cpu/u_core_top/u_dcache/u_tag_bank/mem_q_reg/CLKBWRCLK","student_top_inst/Core_cpu/u_core_top/id_uop_q_reg[csr_addr][8]/CE","setup"
3382,-0.193,5.000,4.915,7,"student_top_inst/Core_cpu/u_core_top/u_dcache/u_tag_bank/mem_q_reg/CLKBWRCLK","student_top_inst/Core_cpu/u_core_top/id_uop_q_reg[exception_tval][0]/CE","setup"
3383,-0.193,5.000,4.915,7,"student_top_inst/Core_cpu/u_core_top/u_dcache/u_tag_bank/mem_q_reg/CLKBWRCLK","student_top_inst/Core_cpu/u_core_top/id_uop_q_reg[exception_tval][27]/CE","setup"
3384,-0.193,5.000,4.915,7,"student_top_inst/Core_cpu/u_core_top/u_dcache/u_tag_bank/mem_q_reg/CLKBWRCLK","student_top_inst/Core_cpu/u_core_top/id_uop_q_reg[exception_tval][30]/CE","setup"
3385,-0.193,5.000,4.915,7,"student_top_inst/Core_cpu/u_core_top/u_dcache/u_tag_bank/mem_q_reg/CLKBWRCLK","student_top_inst/Core_cpu/u_core_top/id_uop_q_reg[exception_tval][5]/CE","setup"
3386,-0.193,5.000,4.915,7,"student_top_inst/Core_cpu/u_core_top/u_dcache/u_tag_bank/mem_q_reg/CLKBWRCLK","student_top_inst/Core_cpu/u_core_top/id_uop_q_reg[exception_tval][7]/CE","setup"
3387,-0.193,5.000,4.915,7,"student_top_inst/Core_cpu/u_core_top/u_dcache/u_tag_bank/mem_q_reg/CLKBWRCLK","student_top_inst/Core_cpu/u_core_top/id_uop_q_reg[imm][14]/CE","setup"
3388,-0.193,5.000,4.915,7,"student_top_inst/Core_cpu/u_core_top/u_dcache/u_tag_bank/mem_q_reg/CLKBWRCLK","student_top_inst/Core_cpu/u_core_top/id_uop_q_reg[imm][20]/CE","setup"
3389,-0.193,5.000,4.915,7,"student_top_inst/Core_cpu/u_core_top/u_dcache/u_tag_bank/mem_q_reg/CLKBWRCLK","student_top_inst/Core_cpu/u_core_top/id_uop_q_reg[imm][31]/CE","setup"
3390,-0.193,5.000,4.915,7,"student_top_inst/Core_cpu/u_core_top/u_dcache/u_tag_bank/mem_q_reg/CLKBWRCLK","student_top_inst/Core_cpu/u_core_top/id_uop_q_reg[imm][5]/CE","setup"
3391,-0.193,5.000,4.915,7,"student_top_inst/Core_cpu/u_core_top/u_dcache/u_tag_bank/mem_q_reg/CLKBWRCLK","student_top_inst/Core_cpu/u_core_top/id_uop_q_reg[instr][0]/CE","setup"
3392,-0.193,5.000,4.915,7,"student_top_inst/Core_cpu/u_core_top/u_dcache/u_tag_bank/mem_q_reg/CLKBWRCLK","student_top_inst/Core_cpu/u_core_top/id_uop_q_reg[instr][1]/CE","setup"
3393,-0.193,5.000,4.915,7,"student_top_inst/Core_cpu/u_core_top/u_dcache/u_tag_bank/mem_q_reg/CLKBWRCLK","student_top_inst/Core_cpu/u_core_top/id_uop_q_reg[muldiv_op][0]/CE","setup"
3394,-0.193,5.000,4.915,7,"student_top_inst/Core_cpu/u_core_top/u_dcache/u_tag_bank/mem_q_reg/CLKBWRCLK","student_top_inst/Core_cpu/u_core_top/id_uop_q_reg[writes_rd]/CE","setup"
3395,-0.192,5.000,5.097,7,"student_top_inst/Core_cpu/u_core_top/commit_ptr_q_reg[2]_rep/C","student_top_inst/Core_cpu/u_core_top/u_csr/mcause_q_reg[4]/D","setup"
3396,-0.192,5.000,4.850,7,"student_top_inst/Core_cpu/u_core_top/u_dcache/u_tag_bank/mem_q_reg/CLKBWRCLK","student_top_inst/Core_cpu/u_core_top/scoreboard_q_reg[7][csr_addr][1]/CE","setup"
3397,-0.192,5.000,4.850,7,"student_top_inst/Core_cpu/u_core_top/u_dcache/u_tag_bank/mem_q_reg/CLKBWRCLK","student_top_inst/Core_cpu/u_core_top/scoreboard_q_reg[7][csr_op][0]/CE","setup"
3398,-0.192,5.000,4.850,7,"student_top_inst/Core_cpu/u_core_top/u_dcache/u_tag_bank/mem_q_reg/CLKBWRCLK","student_top_inst/Core_cpu/u_core_top/scoreboard_q_reg[7][link_addr][25]/CE","setup"
3399,-0.192,5.000,4.850,7,"student_top_inst/Core_cpu/u_core_top/u_dcache/u_tag_bank/mem_q_reg/CLKBWRCLK","student_top_inst/Core_cpu/u_core_top/scoreboard_q_reg[7][link_addr][4]/CE","setup"
3400,-0.192,5.000,4.850,7,"student_top_inst/Core_cpu/u_core_top/u_dcache/u_tag_bank/mem_q_reg/CLKBWRCLK","student_top_inst/Core_cpu/u_core_top/scoreboard_q_reg[7][pc][12]/CE","setup"
3401,-0.192,5.000,4.850,7,"student_top_inst/Core_cpu/u_core_top/u_dcache/u_tag_bank/mem_q_reg/CLKBWRCLK","student_top_inst/Core_cpu/u_core_top/scoreboard_q_reg[7][pc][14]/CE","setup"
3402,-0.192,5.000,4.850,7,"student_top_inst/Core_cpu/u_core_top/u_dcache/u_tag_bank/mem_q_reg/CLKBWRCLK","student_top_inst/Core_cpu/u_core_top/scoreboard_q_reg[7][pc][17]/CE","setup"
3403,-0.192,5.000,4.850,7,"student_top_inst/Core_cpu/u_core_top/u_dcache/u_tag_bank/mem_q_reg/CLKBWRCLK","student_top_inst/Core_cpu/u_core_top/scoreboard_q_reg[7][pc][1]/CE","setup"
3404,-0.192,5.000,5.007,6,"student_top_inst/Core_cpu/u_core_top/commit_ptr_q_reg[2]_rep/C","student_top_inst/Core_cpu/u_core_top/u_csr/mscratch_q_reg[4]/D","setup"
3405,-0.191,5.000,4.770,7,"student_top_inst/Core_cpu/u_core_top/u_dcache/u_tag_bank/mem_q_reg/CLKBWRCLK","student_top_inst/Core_cpu/u_core_top/scoreboard_q_reg[2][result][16]/R","setup"
3406,-0.191,5.000,4.770,7,"student_top_inst/Core_cpu/u_core_top/u_dcache/u_tag_bank/mem_q_reg/CLKBWRCLK","student_top_inst/Core_cpu/u_core_top/scoreboard_q_reg[2][result][17]/R","setup"
3407,-0.191,5.000,4.770,7,"student_top_inst/Core_cpu/u_core_top/u_dcache/u_tag_bank/mem_q_reg/CLKBWRCLK","student_top_inst/Core_cpu/u_core_top/scoreboard_q_reg[2][result][21]/R","setup"
3408,-0.191,5.000,4.770,7,"student_top_inst/Core_cpu/u_core_top/u_dcache/u_tag_bank/mem_q_reg/CLKBWRCLK","student_top_inst/Core_cpu/u_core_top/scoreboard_q_reg[2][result][22]/R","setup"
3409,-0.191,5.000,5.023,6,"student_top_inst/Core_cpu/u_core_top/commit_ptr_q_reg[2]_rep/C","student_top_inst/Core_cpu/u_core_top/u_csr/mtvec_q_reg[21]/D","setup"
3410,-0.191,5.000,5.084,8,"student_top_inst/Core_cpu/u_core_top/u_dcache/u_tag_bank/mem_q_reg/CLKBWRCLK","student_top_inst/Core_cpu/u_core_top/scoreboard_q_reg[1][exception_tval][20]/D","setup"
3411,-0.191,5.000,5.093,7,"student_top_inst/Core_cpu/u_core_top/commit_ptr_q_reg[2]_rep/C","student_top_inst/Core_cpu/u_core_top/u_csr/mepc_q_reg[16]/D","setup"
3412,-0.191,5.000,5.092,10,"student_top_inst/Core_cpu/u_core_top/u_dcache/u_tag_bank/mem_q_reg/CLKBWRCLK","student_top_inst/Core_cpu/u_core_top/load_q_reg[0][addr][9]/D","setup"
3413,-0.191,5.000,4.923,7,"student_top_inst/Core_cpu/u_core_top/scoreboard_q_reg[3][fu][1]/C","student_top_inst/Core_cpu/u_core_top/u_frontend/u_branch_predictor/ras_q_reg[1][17]/CE","setup"
3414,-0.191,5.000,4.923,7,"student_top_inst/Core_cpu/u_core_top/scoreboard_q_reg[3][fu][1]/C","student_top_inst/Core_cpu/u_core_top/u_frontend/u_branch_predictor/ras_q_reg[1][30]/CE","setup"
3415,-0.191,5.000,4.923,7,"student_top_inst/Core_cpu/u_core_top/scoreboard_q_reg[3][fu][1]/C","student_top_inst/Core_cpu/u_core_top/u_frontend/u_branch_predictor/ras_q_reg[1][31]/CE","setup"
3416,-0.191,5.000,5.116,9,"student_top_inst/Core_cpu/u_core_top/u_dcache/u_tag_bank/mem_q_reg/CLKBWRCLK","student_top_inst/Core_cpu/u_core_top/scoreboard_q_reg[6][result][25]/D","setup"
3417,-0.191,5.000,5.081,8,"student_top_inst/Core_cpu/u_core_top/u_dcache/u_tag_bank/mem_q_reg/CLKBWRCLK","student_top_inst/Core_cpu/u_core_top/scoreboard_q_reg[2][exception_tval][8]/D","setup"
3418,-0.191,5.000,4.874,7,"student_top_inst/Core_cpu/u_core_top/u_dcache/u_tag_bank/mem_q_reg/CLKBWRCLK","student_top_inst/Core_cpu/u_core_top/scoreboard_q_reg[2][link_addr][5]/CE","setup"
3419,-0.191,5.000,4.986,0,"student_top_inst/Core_cpu/u_core_top/u_dmem_regslice/req_addr_q_reg[3]/C","student_top_inst/mem_bridge/dram_adapter/dram/U0/inst_blk_mem_gen/gnbram.gnativebmg.native_blk_mem_gen/valid.cstr/ramloop[1].ram.r/prim_init.ram/DEVICE_7SERIES.NO_BMM_INFO.SP.SIMPLE_PRIM36.ram/ADDRARDADDR[4]","setup"
3420,-0.191,5.000,4.849,7,"student_top_inst/Core_cpu/u_core_top/u_dcache/u_tag_bank/mem_q_reg/CLKBWRCLK","student_top_inst/Core_cpu/u_core_top/scoreboard_q_reg[5][csr_addr][0]/CE","setup"
3421,-0.191,5.000,4.849,7,"student_top_inst/Core_cpu/u_core_top/u_dcache/u_tag_bank/mem_q_reg/CLKBWRCLK","student_top_inst/Core_cpu/u_core_top/scoreboard_q_reg[5][csr_addr][5]/CE","setup"
3422,-0.191,5.000,4.849,7,"student_top_inst/Core_cpu/u_core_top/u_dcache/u_tag_bank/mem_q_reg/CLKBWRCLK","student_top_inst/Core_cpu/u_core_top/scoreboard_q_reg[5][csr_addr][6]/CE","setup"
3423,-0.191,5.000,4.849,7,"student_top_inst/Core_cpu/u_core_top/u_dcache/u_tag_bank/mem_q_reg/CLKBWRCLK","student_top_inst/Core_cpu/u_core_top/scoreboard_q_reg[5][link_addr][18]/CE","setup"
3424,-0.191,5.000,4.849,7,"student_top_inst/Core_cpu/u_core_top/u_dcache/u_tag_bank/mem_q_reg/CLKBWRCLK","student_top_inst/Core_cpu/u_core_top/scoreboard_q_reg[5][link_addr][19]/CE","setup"
3425,-0.191,5.000,4.849,7,"student_top_inst/Core_cpu/u_core_top/u_dcache/u_tag_bank/mem_q_reg/CLKBWRCLK","student_top_inst/Core_cpu/u_core_top/scoreboard_q_reg[5][link_addr][30]/CE","setup"
3426,-0.191,5.000,4.849,7,"student_top_inst/Core_cpu/u_core_top/u_dcache/u_tag_bank/mem_q_reg/CLKBWRCLK","student_top_inst/Core_cpu/u_core_top/scoreboard_q_reg[5][pc][23]/CE","setup"
3427,-0.191,5.000,4.849,7,"student_top_inst/Core_cpu/u_core_top/u_dcache/u_tag_bank/mem_q_reg/CLKBWRCLK","student_top_inst/Core_cpu/u_core_top/scoreboard_q_reg[5][pc][25]/CE","setup"
3428,-0.191,5.000,4.850,7,"student_top_inst/Core_cpu/u_core_top/u_dcache/u_tag_bank/mem_q_reg/CLKBWRCLK","student_top_inst/Core_cpu/u_core_top/scoreboard_q_reg[2][link_addr][0]/CE","setup"
3429,-0.191,5.000,4.850,7,"student_top_inst/Core_cpu/u_core_top/u_dcache/u_tag_bank/mem_q_reg/CLKBWRCLK","student_top_inst/Core_cpu/u_core_top/scoreboard_q_reg[2][link_addr][15]/CE","setup"
3430,-0.191,5.000,4.850,7,"student_top_inst/Core_cpu/u_core_top/u_dcache/u_tag_bank/mem_q_reg/CLKBWRCLK","student_top_inst/Core_cpu/u_core_top/scoreboard_q_reg[2][link_addr][16]/CE","setup"
3431,-0.191,5.000,4.850,7,"student_top_inst/Core_cpu/u_core_top/u_dcache/u_tag_bank/mem_q_reg/CLKBWRCLK","student_top_inst/Core_cpu/u_core_top/scoreboard_q_reg[2][pc][0]/CE","setup"
3432,-0.190,5.000,5.098,7,"student_top_inst/Core_cpu/u_core_top/commit_ptr_q_reg[2]_rep/C","student_top_inst/Core_cpu/u_core_top/u_csr/mstatus_q_reg[8]/D","setup"
3433,-0.190,5.000,4.873,7,"student_top_inst/Core_cpu/u_core_top/u_dcache/u_tag_bank/mem_q_reg/CLKBWRCLK","student_top_inst/Core_cpu/u_core_top/scoreboard_q_reg[2][csr_op][1]/CE","setup"
3434,-0.190,5.000,4.873,7,"student_top_inst/Core_cpu/u_core_top/u_dcache/u_tag_bank/mem_q_reg/CLKBWRCLK","student_top_inst/Core_cpu/u_core_top/scoreboard_q_reg[2][link_addr][10]/CE","setup"
3435,-0.190,5.000,4.873,7,"student_top_inst/Core_cpu/u_core_top/u_dcache/u_tag_bank/mem_q_reg/CLKBWRCLK","student_top_inst/Core_cpu/u_core_top/scoreboard_q_reg[2][pc][7]/CE","setup"
3436,-0.190,5.000,5.090,7,"student_top_inst/Core_cpu/u_core_top/commit_ptr_q_reg[2]_rep/C","student_top_inst/Core_cpu/u_core_top/u_csr/mtval_q_reg[9]/D","setup"
3437,-0.190,5.000,5.120,10,"student_top_inst/Core_cpu/u_core_top/u_dcache/u_tag_bank/mem_q_reg/CLKBWRCLK","student_top_inst/Core_cpu/u_core_top/load_q_reg[0][addr][2]/D","setup"
3438,-0.190,5.000,4.846,7,"student_top_inst/Core_cpu/u_core_top/u_dcache/u_tag_bank/mem_q_reg/CLKBWRCLK","student_top_inst/Core_cpu/u_core_top/scoreboard_q_reg[2][link_addr][11]/CE","setup"
3439,-0.190,5.000,4.846,7,"student_top_inst/Core_cpu/u_core_top/u_dcache/u_tag_bank/mem_q_reg/CLKBWRCLK","student_top_inst/Core_cpu/u_core_top/scoreboard_q_reg[2][link_addr][25]/CE","setup"
3440,-0.190,5.000,4.846,7,"student_top_inst/Core_cpu/u_core_top/u_dcache/u_tag_bank/mem_q_reg/CLKBWRCLK","student_top_inst/Core_cpu/u_core_top/scoreboard_q_reg[2][pc][12]/CE","setup"
3441,-0.190,5.000,4.846,7,"student_top_inst/Core_cpu/u_core_top/u_dcache/u_tag_bank/mem_q_reg/CLKBWRCLK","student_top_inst/Core_cpu/u_core_top/scoreboard_q_reg[2][pc][16]/CE","setup"
3442,-0.190,5.000,4.846,7,"student_top_inst/Core_cpu/u_core_top/u_dcache/u_tag_bank/mem_q_reg/CLKBWRCLK","student_top_inst/Core_cpu/u_core_top/scoreboard_q_reg[2][pc][17]/CE","setup"
3443,-0.190,5.000,4.846,7,"student_top_inst/Core_cpu/u_core_top/u_dcache/u_tag_bank/mem_q_reg/CLKBWRCLK","student_top_inst/Core_cpu/u_core_top/scoreboard_q_reg[2][pc][22]/CE","setup"
3444,-0.190,5.000,4.846,7,"student_top_inst/Core_cpu/u_core_top/u_dcache/u_tag_bank/mem_q_reg/CLKBWRCLK","student_top_inst/Core_cpu/u_core_top/scoreboard_q_reg[2][pc][23]/CE","setup"
3445,-0.190,5.000,4.849,7,"student_top_inst/Core_cpu/u_core_top/u_dcache/u_tag_bank/mem_q_reg/CLKBWRCLK","student_top_inst/Core_cpu/u_core_top/scoreboard_q_reg[5][csr_op][1]/CE","setup"
3446,-0.190,5.000,4.849,7,"student_top_inst/Core_cpu/u_core_top/u_dcache/u_tag_bank/mem_q_reg/CLKBWRCLK","student_top_inst/Core_cpu/u_core_top/scoreboard_q_reg[5][link_addr][0]/CE","setup"
3447,-0.190,5.000,4.849,7,"student_top_inst/Core_cpu/u_core_top/u_dcache/u_tag_bank/mem_q_reg/CLKBWRCLK","student_top_inst/Core_cpu/u_core_top/scoreboard_q_reg[5][link_addr][12]/CE","setup"
3448,-0.190,5.000,4.849,7,"student_top_inst/Core_cpu/u_core_top/u_dcache/u_tag_bank/mem_q_reg/CLKBWRCLK","student_top_inst/Core_cpu/u_core_top/scoreboard_q_reg[5][link_addr][16]/CE","setup"
3449,-0.190,5.000,4.849,7,"student_top_inst/Core_cpu/u_core_top/u_dcache/u_tag_bank/mem_q_reg/CLKBWRCLK","student_top_inst/Core_cpu/u_core_top/scoreboard_q_reg[5][link_addr][2]/CE","setup"
3450,-0.190,5.000,4.849,7,"student_top_inst/Core_cpu/u_core_top/u_dcache/u_tag_bank/mem_q_reg/CLKBWRCLK","student_top_inst/Core_cpu/u_core_top/scoreboard_q_reg[5][link_addr][5]/CE","setup"
3451,-0.190,5.000,4.849,7,"student_top_inst/Core_cpu/u_core_top/u_dcache/u_tag_bank/mem_q_reg/CLKBWRCLK","student_top_inst/Core_cpu/u_core_top/scoreboard_q_reg[5][pc][12]/CE","setup"
3452,-0.190,5.000,4.849,7,"student_top_inst/Core_cpu/u_core_top/u_dcache/u_tag_bank/mem_q_reg/CLKBWRCLK","student_top_inst/Core_cpu/u_core_top/scoreboard_q_reg[5][sys_op][0]/CE","setup"
3453,-0.190,5.000,4.807,0,"student_top_inst/Core_cpu/u_core_top/u_dmem_regslice/req_addr_q_reg[10]/C","student_top_inst/mem_bridge/dram_adapter/dram/U0/inst_blk_mem_gen/gnbram.gnativebmg.native_blk_mem_gen/valid.cstr/ramloop[12].ram.r/prim_init.ram/DEVICE_7SERIES.NO_BMM_INFO.SP.SIMPLE_PRIM36.ram/ADDRARDADDR[11]","setup"
3454,-0.190,5.000,5.027,6,"student_top_inst/Core_cpu/u_core_top/commit_ptr_q_reg[2]_rep/C","student_top_inst/Core_cpu/u_core_top/u_csr/mtvec_q_reg[19]/D","setup"
3455,-0.190,5.000,5.118,7,"student_top_inst/Core_cpu/u_core_top/commit_ptr_q_reg[2]_rep/C","student_top_inst/Core_cpu/u_core_top/u_csr/mtval_q_reg[8]/D","setup"
3456,-0.189,5.000,5.089,7,"student_top_inst/Core_cpu/u_core_top/commit_ptr_q_reg[2]_rep/C","student_top_inst/Core_cpu/u_core_top/u_csr/mepc_q_reg[9]/D","setup"
3457,-0.189,5.000,5.079,8,"student_top_inst/Core_cpu/u_core_top/u_dcache/u_tag_bank/mem_q_reg/CLKBWRCLK","student_top_inst/Core_cpu/u_core_top/scoreboard_q_reg[2][exception_valid]/D","setup"
3458,-0.189,5.000,4.874,7,"student_top_inst/Core_cpu/u_core_top/u_dcache/u_tag_bank/mem_q_reg/CLKBWRCLK","student_top_inst/Core_cpu/u_core_top/scoreboard_q_reg[5][link_addr][28]/CE","setup"
3459,-0.189,5.000,4.874,7,"student_top_inst/Core_cpu/u_core_top/u_dcache/u_tag_bank/mem_q_reg/CLKBWRCLK","student_top_inst/Core_cpu/u_core_top/scoreboard_q_reg[5][pc][15]/CE","setup"
3460,-0.189,5.000,4.874,7,"student_top_inst/Core_cpu/u_core_top/u_dcache/u_tag_bank/mem_q_reg/CLKBWRCLK","student_top_inst/Core_cpu/u_core_top/scoreboard_q_reg[5][pc][6]/CE","setup"
3461,-0.188,5.000,4.852,7,"student_top_inst/Core_cpu/u_core_top/u_dcache/u_tag_bank/mem_q_reg/CLKBWRCLK","student_top_inst/Core_cpu/u_core_top/id_uop_q_reg[exception_tval][15]/CE","setup"
3462,-0.188,5.000,4.852,7,"student_top_inst/Core_cpu/u_core_top/u_dcache/u_tag_bank/mem_q_reg/CLKBWRCLK","student_top_inst/Core_cpu/u_core_top/id_uop_q_reg[exception_tval][16]/CE","setup"
3463,-0.188,5.000,4.852,7,"student_top_inst/Core_cpu/u_core_top/u_dcache/u_tag_bank/mem_q_reg/CLKBWRCLK","student_top_inst/Core_cpu/u_core_top/id_uop_q_reg[imm][18]/CE","setup"
3464,-0.188,5.000,4.852,7,"student_top_inst/Core_cpu/u_core_top/u_dcache/u_tag_bank/mem_q_reg/CLKBWRCLK","student_top_inst/Core_cpu/u_core_top/id_uop_q_reg[imm][2]/CE","setup"
3465,-0.188,5.000,4.852,7,"student_top_inst/Core_cpu/u_core_top/u_dcache/u_tag_bank/mem_q_reg/CLKBWRCLK","student_top_inst/Core_cpu/u_core_top/id_uop_q_reg[imm][7]/CE","setup"
3466,-0.188,5.000,4.852,7,"student_top_inst/Core_cpu/u_core_top/u_dcache/u_tag_bank/mem_q_reg/CLKBWRCLK","student_top_inst/Core_cpu/u_core_top/id_uop_q_reg[rs1][4]/CE","setup"
3467,-0.188,5.000,4.852,7,"student_top_inst/Core_cpu/u_core_top/u_dcache/u_tag_bank/mem_q_reg/CLKBWRCLK","student_top_inst/Core_cpu/u_core_top/id_uop_q_reg[rs1]_rep[4]/CE","setup"
3468,-0.188,5.000,5.086,8,"student_top_inst/Core_cpu/u_core_top/u_dcache/u_tag_bank/mem_q_reg/CLKBWRCLK","student_top_inst/Core_cpu/u_core_top/scoreboard_q_reg[7][exception_tval][29]/D","setup"
3469,-0.188,5.000,4.756,0,"student_top_inst/Core_cpu/u_core_top/u_dmem_regslice/req_addr_q_reg[12]/C","student_top_inst/mem_bridge/dram_adapter/dram/U0/inst_blk_mem_gen/gnbram.gnativebmg.native_blk_mem_gen/valid.cstr/ramloop[45].ram.r/prim_init.ram/DEVICE_7SERIES.NO_BMM_INFO.SP.SIMPLE_PRIM36.ram/ADDRARDADDR[13]","setup"
3470,-0.188,5.000,5.066,7,"student_top_inst/Core_cpu/u_core_top/commit_ptr_q_reg[2]_rep/C","student_top_inst/Core_cpu/u_core_top/u_csr/mstatus_q_reg[2]/D","setup"
3471,-0.188,5.000,4.847,7,"student_top_inst/Core_cpu/u_core_top/u_dcache/u_tag_bank/mem_q_reg/CLKBWRCLK","student_top_inst/Core_cpu/u_core_top/scoreboard_q_reg[2][result][0]/CE","setup"
3472,-0.188,5.000,4.847,7,"student_top_inst/Core_cpu/u_core_top/u_dcache/u_tag_bank/mem_q_reg/CLKBWRCLK","student_top_inst/Core_cpu/u_core_top/scoreboard_q_reg[2][result][1]/CE","setup"
3473,-0.188,5.000,4.847,7,"student_top_inst/Core_cpu/u_core_top/u_dcache/u_tag_bank/mem_q_reg/CLKBWRCLK","student_top_inst/Core_cpu/u_core_top/scoreboard_q_reg[2][result][4]/CE","setup"
3474,-0.188,5.000,4.847,7,"student_top_inst/Core_cpu/u_core_top/u_dcache/u_tag_bank/mem_q_reg/CLKBWRCLK","student_top_inst/Core_cpu/u_core_top/scoreboard_q_reg[2][result][7]/CE","setup"
3475,-0.187,5.000,5.081,9,"student_top_inst/Core_cpu/u_core_top/u_dcache/u_tag_bank/mem_q_reg/CLKBWRCLK","student_top_inst/Core_cpu/u_core_top/scoreboard_q_reg[4][result][25]/D","setup"
3476,-0.187,5.000,4.704,8,"student_top_inst/Core_cpu/u_core_top/scoreboard_q_reg[3][fu][1]/C","student_top_inst/Core_cpu/u_core_top/u_dcache/g_data_bank[2].u_data_bank/mem_q_reg_0/ADDRARDADDR[6]","setup"
3477,-0.187,5.000,5.067,7,"student_top_inst/Core_cpu/u_core_top/commit_ptr_q_reg[2]_rep/C","student_top_inst/Core_cpu/u_core_top/u_csr/mstatus_q_reg[6]/D","setup"
3478,-0.187,5.000,5.145,8,"student_top_inst/Core_cpu/u_core_top/u_dcache/u_tag_bank/mem_q_reg/CLKBWRCLK","student_top_inst/Core_cpu/u_core_top/id_valid_q_reg/D","setup"
3479,-0.187,5.000,5.152,12,"student_top_inst/Core_cpu/u_core_top/store_head_q_reg[1]/C","student_top_inst/Core_cpu/u_core_top/load_active_meta_q_reg[forward_data][31]/D","setup"
3480,-0.187,5.000,4.847,7,"student_top_inst/Core_cpu/u_core_top/u_dcache/u_tag_bank/mem_q_reg/CLKBWRCLK","student_top_inst/Core_cpu/u_core_top/id_uop_q_reg[csr_addr][0]/CE","setup"
3481,-0.187,5.000,4.847,7,"student_top_inst/Core_cpu/u_core_top/u_dcache/u_tag_bank/mem_q_reg/CLKBWRCLK","student_top_inst/Core_cpu/u_core_top/id_uop_q_reg[exception_tval][20]/CE","setup"
3482,-0.187,5.000,4.847,7,"student_top_inst/Core_cpu/u_core_top/u_dcache/u_tag_bank/mem_q_reg/CLKBWRCLK","student_top_inst/Core_cpu/u_core_top/id_uop_q_reg[exception_tval][29]/CE","setup"
3483,-0.187,5.000,4.847,7,"student_top_inst/Core_cpu/u_core_top/u_dcache/u_tag_bank/mem_q_reg/CLKBWRCLK","student_top_inst/Core_cpu/u_core_top/id_uop_q_reg[exception_tval][3]/CE","setup"
3484,-0.186,5.000,5.152,11,"student_top_inst/Core_cpu/u_core_top/store_head_q_reg[1]/C","student_top_inst/Core_cpu/u_core_top/load_active_meta_q_reg[forward_data][16]/D","setup"
3485,-0.186,5.000,5.018,8,"student_top_inst/Core_cpu/u_core_top/u_dcache/u_tag_bank/mem_q_reg/CLKBWRCLK","student_top_inst/Core_cpu/u_core_top/scoreboard_q_reg[7][exception_tval][22]/D","setup"
3486,-0.185,5.000,4.886,9,"student_top_inst/Core_cpu/u_core_top/scoreboard_q_reg[3][fu][1]/C","student_top_inst/Core_cpu/u_core_top/scoreboard_q_reg[1][link_addr][13]/CE","setup"
3487,-0.185,5.000,4.886,9,"student_top_inst/Core_cpu/u_core_top/scoreboard_q_reg[3][fu][1]/C","student_top_inst/Core_cpu/u_core_top/scoreboard_q_reg[1][link_addr][26]/CE","setup"
3488,-0.185,5.000,4.886,9,"student_top_inst/Core_cpu/u_core_top/scoreboard_q_reg[3][fu][1]/C","student_top_inst/Core_cpu/u_core_top/scoreboard_q_reg[1][link_addr][2]/CE","setup"
3489,-0.185,5.000,4.886,9,"student_top_inst/Core_cpu/u_core_top/scoreboard_q_reg[3][fu][1]/C","student_top_inst/Core_cpu/u_core_top/scoreboard_q_reg[1][link_addr][3]/CE","setup"
3490,-0.185,5.000,5.112,8,"student_top_inst/Core_cpu/u_core_top/u_dcache/u_tag_bank/mem_q_reg/CLKBWRCLK","student_top_inst/Core_cpu/u_core_top/producer_valid_q_reg[4]/D","setup"
3491,-0.184,5.000,5.082,8,"student_top_inst/Core_cpu/u_core_top/u_dcache/u_tag_bank/mem_q_reg/CLKBWRCLK","student_top_inst/Core_cpu/u_core_top/scoreboard_q_reg[7][exception_tval][1]/D","setup"
3492,-0.184,5.000,4.879,9,"student_top_inst/Core_cpu/u_core_top/scoreboard_q_reg[3][fu][1]/C","student_top_inst/Core_cpu/u_core_top/scoreboard_q_reg[0][pc][24]/CE","setup"
3493,-0.184,5.000,5.082,10,"student_top_inst/Core_cpu/u_core_top/u_dcache/u_tag_bank/mem_q_reg/CLKBWRCLK","student_top_inst/Core_cpu/u_core_top/load_q_reg[0][addr][23]/D","setup"
3494,-0.184,5.000,4.672,0,"student_top_inst/mem_bridge/dram_adapter/read_valid_d1_reg/C","student_top_inst/mem_bridge/dram_adapter/dram/U0/inst_blk_mem_gen/gnbram.gnativebmg.native_blk_mem_gen/valid.cstr/ramloop[17].ram.r/prim_init.ram/DEVICE_7SERIES.NO_BMM_INFO.SP.SIMPLE_PRIM36.ram/REGCEAREGCE","setup"
3495,-0.183,5.000,5.114,10,"student_top_inst/Core_cpu/u_core_top/u_dcache/u_tag_bank/mem_q_reg/CLKBWRCLK","student_top_inst/Core_cpu/u_core_top/load_q_reg[0][addr][8]/D","setup"
3496,-0.183,5.000,5.075,8,"student_top_inst/Core_cpu/u_core_top/u_dcache/u_tag_bank/mem_q_reg/CLKBWRCLK","student_top_inst/Core_cpu/u_core_top/scoreboard_q_reg[2][result][6]/D","setup"
3497,-0.183,5.000,5.077,9,"student_top_inst/Core_cpu/u_core_top/u_dcache/u_tag_bank/mem_q_reg/CLKBWRCLK","student_top_inst/Core_cpu/u_core_top/scoreboard_q_reg[2][result][13]/D","setup"
3498,-0.182,5.000,5.113,10,"student_top_inst/Core_cpu/u_core_top/u_dcache/u_tag_bank/mem_q_reg/CLKBWRCLK","student_top_inst/Core_cpu/u_core_top/load_q_reg[0][addr][4]/D","setup"
3499,-0.182,5.000,5.014,8,"student_top_inst/Core_cpu/u_core_top/u_dcache/u_tag_bank/mem_q_reg/CLKBWRCLK","student_top_inst/Core_cpu/u_core_top/scoreboard_q_reg[7][exception_cause][2]/D","setup"
3500,-0.182,5.000,5.075,8,"student_top_inst/Core_cpu/u_core_top/u_dcache/u_tag_bank/mem_q_reg/CLKBWRCLK","student_top_inst/Core_cpu/u_core_top/scoreboard_q_reg[7][result][6]/D","setup"
3501,-0.181,5.000,4.702,0,"student_top_inst/cpu_rst_sync_reg/C","student_top_inst/Core_cpu/u_core_top/id_uop_q_reg[exception_tval][1]/R","setup"
3502,-0.181,5.000,4.889,7,"student_top_inst/Core_cpu/u_core_top/scoreboard_q_reg[3][fu][1]/C","student_top_inst/Core_cpu/u_core_top/u_frontend/u_branch_predictor/ras_q_reg[0][18]/CE","setup"
3503,-0.181,5.000,5.077,8,"student_top_inst/Core_cpu/u_core_top/u_dcache/u_tag_bank/mem_q_reg/CLKBWRCLK","student_top_inst/Core_cpu/u_core_top/scoreboard_q_reg[3][exception_tval][2]/D","setup"
3504,-0.181,5.000,5.074,8,"student_top_inst/Core_cpu/u_core_top/u_dcache/u_tag_bank/mem_q_reg/CLKBWRCLK","student_top_inst/Core_cpu/u_core_top/scoreboard_q_reg[3][done]/D","setup"
3505,-0.181,5.000,4.804,0,"student_top_inst/Core_cpu/u_core_top/u_dmem_regslice/req_addr_q_reg[4]/C","student_top_inst/mem_bridge/dram_adapter/dram/U0/inst_blk_mem_gen/gnbram.gnativebmg.native_blk_mem_gen/valid.cstr/ramloop[42].ram.r/prim_init.ram/DEVICE_7SERIES.NO_BMM_INFO.SP.SIMPLE_PRIM36.ram/ADDRARDADDR[5]","setup"
3506,-0.181,5.000,4.842,7,"student_top_inst/Core_cpu/u_core_top/u_dcache/u_tag_bank/mem_q_reg/CLKBWRCLK","student_top_inst/Core_cpu/u_core_top/scoreboard_q_reg[3][csr_op][0]/CE","setup"
3507,-0.181,5.000,4.842,7,"student_top_inst/Core_cpu/u_core_top/u_dcache/u_tag_bank/mem_q_reg/CLKBWRCLK","student_top_inst/Core_cpu/u_core_top/scoreboard_q_reg[3][pc][27]/CE","setup"
3508,-0.180,5.000,5.081,10,"student_top_inst/Core_cpu/u_core_top/u_dcache/u_tag_bank/mem_q_reg/CLKBWRCLK","student_top_inst/Core_cpu/u_core_top/load_q_reg[0][trans_id][1]/D","setup"
3509,-0.180,5.000,5.007,6,"student_top_inst/Core_cpu/u_core_top/commit_ptr_q_reg[2]_rep/C","student_top_inst/Core_cpu/u_core_top/u_csr/mscratch_q_reg[6]/D","setup"
3510,-0.180,5.000,4.733,7,"student_top_inst/Core_cpu/u_core_top/u_dcache/u_tag_bank/mem_q_reg/CLKBWRCLK","student_top_inst/Core_cpu/u_core_top/u_dcache/g_data_bank[1].u_data_bank/mem_q_reg_0/ADDRBWRADDR[13]","setup"
3511,-0.179,5.000,5.072,9,"student_top_inst/Core_cpu/u_core_top/u_dcache/u_tag_bank/mem_q_reg/CLKBWRCLK","student_top_inst/Core_cpu/u_core_top/scoreboard_q_reg[1][result][16]/D","setup"
3512,-0.179,5.000,4.889,7,"student_top_inst/Core_cpu/u_core_top/scoreboard_q_reg[3][fu][1]/C","student_top_inst/Core_cpu/u_core_top/u_frontend/u_branch_predictor/ras_q_reg[4][28]/CE","setup"
3513,-0.179,5.000,4.889,7,"student_top_inst/Core_cpu/u_core_top/scoreboard_q_reg[3][fu][1]/C","student_top_inst/Core_cpu/u_core_top/u_frontend/u_branch_predictor/ras_q_reg[4][31]/CE","setup"
3514,-0.179,5.000,5.106,8,"student_top_inst/Core_cpu/u_core_top/u_dcache/u_tag_bank/mem_q_reg/CLKBWRCLK","student_top_inst/Core_cpu/u_core_top/scoreboard_q_reg[0][result][5]/D","setup"
3515,-0.179,5.000,4.896,5,"student_top_inst/mem_bridge/dram_adapter/dram/U0/inst_blk_mem_gen/gnbram.gnativebmg.native_blk_mem_gen/valid.cstr/has_mux_a.A/no_softecc_norm_sel2.has_mem_regs.WITHOUT_ECC_PIPE.ce_pri.sel_pipe_d1_reg[2]/C","student_top_inst/Core_cpu/u_core_top/u_dmem_regslice/resp_rdata_q_reg[15]/D","setup"
3516,-0.178,5.000,4.994,6,"student_top_inst/Core_cpu/u_core_top/commit_ptr_q_reg[2]_rep/C","student_top_inst/Core_cpu/u_core_top/u_csr/mscratch_q_reg[20]/D","setup"
3517,-0.178,5.000,4.999,6,"student_top_inst/Core_cpu/u_core_top/commit_ptr_q_reg[2]_rep/C","student_top_inst/Core_cpu/u_core_top/u_csr/mcause_q_reg[20]/D","setup"
3518,-0.177,5.000,5.073,8,"student_top_inst/Core_cpu/u_core_top/u_dcache/u_tag_bank/mem_q_reg/CLKBWRCLK","student_top_inst/Core_cpu/u_core_top/scoreboard_q_reg[7][store_slot][1]/D","setup"
3519,-0.177,5.000,5.109,10,"student_top_inst/Core_cpu/u_core_top/u_dcache/u_tag_bank/mem_q_reg/CLKBWRCLK","student_top_inst/Core_cpu/u_core_top/load_q_reg[0][trans_id][2]/D","setup"
3520,-0.177,5.000,5.013,6,"student_top_inst/Core_cpu/u_core_top/commit_ptr_q_reg[2]_rep/C","student_top_inst/Core_cpu/u_core_top/u_csr/mtvec_q_reg[27]/D","setup"
3521,-0.177,5.000,4.879,9,"student_top_inst/Core_cpu/u_core_top/scoreboard_q_reg[3][fu][1]/C","student_top_inst/Core_cpu/u_core_top/scoreboard_q_reg[1][link_addr][0]/CE","setup"
3522,-0.177,5.000,4.879,9,"student_top_inst/Core_cpu/u_core_top/scoreboard_q_reg[3][fu][1]/C","student_top_inst/Core_cpu/u_core_top/scoreboard_q_reg[1][link_addr][12]/CE","setup"
3523,-0.177,5.000,4.879,9,"student_top_inst/Core_cpu/u_core_top/scoreboard_q_reg[3][fu][1]/C","student_top_inst/Core_cpu/u_core_top/scoreboard_q_reg[1][link_addr][22]/CE","setup"
3524,-0.177,5.000,4.879,9,"student_top_inst/Core_cpu/u_core_top/scoreboard_q_reg[3][fu][1]/C","student_top_inst/Core_cpu/u_core_top/scoreboard_q_reg[1][link_addr][23]/CE","setup"
3525,-0.177,5.000,5.071,8,"student_top_inst/Core_cpu/u_core_top/u_dcache/u_tag_bank/mem_q_reg/CLKBWRCLK","student_top_inst/Core_cpu/u_core_top/scoreboard_q_reg[2][result][1]/D","setup"
3526,-0.177,5.000,5.101,10,"student_top_inst/Core_cpu/u_core_top/store_head_q_reg[1]/C","student_top_inst/Core_cpu/u_core_top/load_q_reg[1][forward_data][16]/D","setup"
3527,-0.176,5.000,5.078,10,"student_top_inst/Core_cpu/u_core_top/u_dcache/u_tag_bank/mem_q_reg/CLKBWRCLK","student_top_inst/Core_cpu/u_core_top/load_q_reg[0][forward_data][19]/D","setup"
3528,-0.176,5.000,4.791,0,"student_top_inst/Core_cpu/u_core_top/u_dmem_regslice/req_addr_q_reg[12]/C","student_top_inst/mem_bridge/dram_adapter/dram/U0/inst_blk_mem_gen/gnbram.gnativebmg.native_blk_mem_gen/valid.cstr/ramloop[12].ram.r/prim_init.ram/DEVICE_7SERIES.NO_BMM_INFO.SP.SIMPLE_PRIM36.ram/ADDRARDADDR[13]","setup"
3529,-0.176,5.000,5.013,6,"student_top_inst/Core_cpu/u_core_top/commit_ptr_q_reg[2]_rep/C","student_top_inst/Core_cpu/u_core_top/u_csr/mcause_q_reg[9]/D","setup"
3530,-0.176,5.000,4.835,7,"student_top_inst/Core_cpu/u_core_top/u_dcache/u_tag_bank/mem_q_reg/CLKBWRCLK","student_top_inst/Core_cpu/u_core_top/scoreboard_q_reg[5][csr_src][0]/CE","setup"
3531,-0.176,5.000,4.835,7,"student_top_inst/Core_cpu/u_core_top/u_dcache/u_tag_bank/mem_q_reg/CLKBWRCLK","student_top_inst/Core_cpu/u_core_top/scoreboard_q_reg[5][csr_src][24]/CE","setup"
3532,-0.176,5.000,4.835,7,"student_top_inst/Core_cpu/u_core_top/u_dcache/u_tag_bank/mem_q_reg/CLKBWRCLK","student_top_inst/Core_cpu/u_core_top/scoreboard_q_reg[5][csr_src][2]/CE","setup"
3533,-0.176,5.000,4.835,7,"student_top_inst/Core_cpu/u_core_top/u_dcache/u_tag_bank/mem_q_reg/CLKBWRCLK","student_top_inst/Core_cpu/u_core_top/scoreboard_q_reg[5][csr_src][3]/CE","setup"
3534,-0.176,5.000,4.835,7,"student_top_inst/Core_cpu/u_core_top/u_dcache/u_tag_bank/mem_q_reg/CLKBWRCLK","student_top_inst/Core_cpu/u_core_top/scoreboard_q_reg[5][csr_src][4]/CE","setup"
3535,-0.176,5.000,4.835,7,"student_top_inst/Core_cpu/u_core_top/u_dcache/u_tag_bank/mem_q_reg/CLKBWRCLK","student_top_inst/Core_cpu/u_core_top/scoreboard_q_reg[5][csr_src][6]/CE","setup"
3536,-0.175,5.000,4.681,7,"student_top_inst/Core_cpu/u_core_top/u_dcache/u_tag_bank/mem_q_reg/CLKBWRCLK","student_top_inst/Core_cpu/u_core_top/u_dcache/g_data_bank[2].u_data_bank/mem_q_reg_1/ADDRBWRADDR[6]","setup"
3537,-0.175,5.000,4.838,7,"student_top_inst/Core_cpu/u_core_top/u_dcache/u_tag_bank/mem_q_reg/CLKBWRCLK","student_top_inst/Core_cpu/u_core_top/scoreboard_q_reg[4][csr_src][11]/CE","setup"
3538,-0.175,5.000,4.838,7,"student_top_inst/Core_cpu/u_core_top/u_dcache/u_tag_bank/mem_q_reg/CLKBWRCLK","student_top_inst/Core_cpu/u_core_top/scoreboard_q_reg[4][csr_src][12]/CE","setup"
3539,-0.175,5.000,4.838,7,"student_top_inst/Core_cpu/u_core_top/u_dcache/u_tag_bank/mem_q_reg/CLKBWRCLK","student_top_inst/Core_cpu/u_core_top/scoreboard_q_reg[4][csr_src][15]/CE","setup"
3540,-0.175,5.000,4.838,7,"student_top_inst/Core_cpu/u_core_top/u_dcache/u_tag_bank/mem_q_reg/CLKBWRCLK","student_top_inst/Core_cpu/u_core_top/scoreboard_q_reg[4][csr_src][16]/CE","setup"
3541,-0.175,5.000,4.838,7,"student_top_inst/Core_cpu/u_core_top/u_dcache/u_tag_bank/mem_q_reg/CLKBWRCLK","student_top_inst/Core_cpu/u_core_top/scoreboard_q_reg[4][csr_src][19]/CE","setup"
3542,-0.175,5.000,4.838,7,"student_top_inst/Core_cpu/u_core_top/u_dcache/u_tag_bank/mem_q_reg/CLKBWRCLK","student_top_inst/Core_cpu/u_core_top/scoreboard_q_reg[4][csr_src][23]/CE","setup"
3543,-0.175,5.000,4.838,7,"student_top_inst/Core_cpu/u_core_top/u_dcache/u_tag_bank/mem_q_reg/CLKBWRCLK","student_top_inst/Core_cpu/u_core_top/scoreboard_q_reg[4][csr_src][24]/CE","setup"
3544,-0.175,5.000,4.838,7,"student_top_inst/Core_cpu/u_core_top/u_dcache/u_tag_bank/mem_q_reg/CLKBWRCLK","student_top_inst/Core_cpu/u_core_top/scoreboard_q_reg[4][csr_src][25]/CE","setup"
3545,-0.175,5.000,4.838,7,"student_top_inst/Core_cpu/u_core_top/u_dcache/u_tag_bank/mem_q_reg/CLKBWRCLK","student_top_inst/Core_cpu/u_core_top/scoreboard_q_reg[4][csr_src][27]/CE","setup"
3546,-0.175,5.000,4.838,7,"student_top_inst/Core_cpu/u_core_top/u_dcache/u_tag_bank/mem_q_reg/CLKBWRCLK","student_top_inst/Core_cpu/u_core_top/scoreboard_q_reg[4][csr_src][28]/CE","setup"
3547,-0.175,5.000,4.838,7,"student_top_inst/Core_cpu/u_core_top/u_dcache/u_tag_bank/mem_q_reg/CLKBWRCLK","student_top_inst/Core_cpu/u_core_top/scoreboard_q_reg[4][csr_src][29]/CE","setup"
3548,-0.175,5.000,4.838,7,"student_top_inst/Core_cpu/u_core_top/u_dcache/u_tag_bank/mem_q_reg/CLKBWRCLK","student_top_inst/Core_cpu/u_core_top/scoreboard_q_reg[4][csr_src][2]/CE","setup"
3549,-0.175,5.000,4.838,7,"student_top_inst/Core_cpu/u_core_top/u_dcache/u_tag_bank/mem_q_reg/CLKBWRCLK","student_top_inst/Core_cpu/u_core_top/scoreboard_q_reg[4][csr_src][30]/CE","setup"
3550,-0.175,5.000,4.838,7,"student_top_inst/Core_cpu/u_core_top/u_dcache/u_tag_bank/mem_q_reg/CLKBWRCLK","student_top_inst/Core_cpu/u_core_top/scoreboard_q_reg[4][csr_src][7]/CE","setup"
3551,-0.175,5.000,4.838,7,"student_top_inst/Core_cpu/u_core_top/u_dcache/u_tag_bank/mem_q_reg/CLKBWRCLK","student_top_inst/Core_cpu/u_core_top/scoreboard_q_reg[4][csr_src][8]/CE","setup"
3552,-0.175,5.000,4.838,7,"student_top_inst/Core_cpu/u_core_top/u_dcache/u_tag_bank/mem_q_reg/CLKBWRCLK","student_top_inst/Core_cpu/u_core_top/scoreboard_q_reg[4][csr_src][9]/CE","setup"
3553,-0.175,5.000,4.855,7,"student_top_inst/Core_cpu/u_core_top/u_dcache/u_tag_bank/mem_q_reg/CLKBWRCLK","student_top_inst/Core_cpu/u_core_top/scoreboard_q_reg[5][csr_addr][3]/CE","setup"
3554,-0.175,5.000,4.855,7,"student_top_inst/Core_cpu/u_core_top/u_dcache/u_tag_bank/mem_q_reg/CLKBWRCLK","student_top_inst/Core_cpu/u_core_top/scoreboard_q_reg[5][csr_addr][4]/CE","setup"
3555,-0.175,5.000,4.855,7,"student_top_inst/Core_cpu/u_core_top/u_dcache/u_tag_bank/mem_q_reg/CLKBWRCLK","student_top_inst/Core_cpu/u_core_top/scoreboard_q_reg[5][pc][11]/CE","setup"
3556,-0.175,5.000,4.855,7,"student_top_inst/Core_cpu/u_core_top/u_dcache/u_tag_bank/mem_q_reg/CLKBWRCLK","student_top_inst/Core_cpu/u_core_top/scoreboard_q_reg[5][pc][14]/CE","setup"
3557,-0.175,5.000,4.855,7,"student_top_inst/Core_cpu/u_core_top/u_dcache/u_tag_bank/mem_q_reg/CLKBWRCLK","student_top_inst/Core_cpu/u_core_top/scoreboard_q_reg[5][pc][22]/CE","setup"
3558,-0.175,5.000,4.855,7,"student_top_inst/Core_cpu/u_core_top/u_dcache/u_tag_bank/mem_q_reg/CLKBWRCLK","student_top_inst/Core_cpu/u_core_top/scoreboard_q_reg[5][pc][3]/CE","setup"
3559,-0.175,5.000,4.855,7,"student_top_inst/Core_cpu/u_core_top/u_dcache/u_tag_bank/mem_q_reg/CLKBWRCLK","student_top_inst/Core_cpu/u_core_top/scoreboard_q_reg[5][pc][4]/CE","setup"
3560,-0.175,5.000,4.855,7,"student_top_inst/Core_cpu/u_core_top/u_dcache/u_tag_bank/mem_q_reg/CLKBWRCLK","student_top_inst/Core_cpu/u_core_top/scoreboard_q_reg[5][pc][8]/CE","setup"
3561,-0.175,5.000,4.862,7,"student_top_inst/Core_cpu/u_core_top/u_dcache/u_tag_bank/mem_q_reg/CLKBWRCLK","student_top_inst/Core_cpu/u_core_top/scoreboard_count_q_reg[1]/CE","setup"
3562,-0.175,5.000,4.862,7,"student_top_inst/Core_cpu/u_core_top/u_dcache/u_tag_bank/mem_q_reg/CLKBWRCLK","student_top_inst/Core_cpu/u_core_top/scoreboard_count_q_reg[2]/CE","setup"
3563,-0.175,5.000,4.862,7,"student_top_inst/Core_cpu/u_core_top/u_dcache/u_tag_bank/mem_q_reg/CLKBWRCLK","student_top_inst/Core_cpu/u_core_top/scoreboard_count_q_reg[3]/CE","setup"
3564,-0.174,5.000,5.070,8,"student_top_inst/Core_cpu/u_core_top/u_dcache/u_tag_bank/mem_q_reg/CLKBWRCLK","student_top_inst/Core_cpu/u_core_top/scoreboard_q_reg[7][store_slot][0]/D","setup"
3565,-0.174,5.000,4.840,8,"student_top_inst/Core_cpu/u_core_top/u_dcache/u_tag_bank/mem_q_reg/CLKBWRCLK","student_top_inst/Core_cpu/u_core_top/exec_q_reg[uop][is_jal]/CE","setup"
3566,-0.174,5.000,4.840,8,"student_top_inst/Core_cpu/u_core_top/u_dcache/u_tag_bank/mem_q_reg/CLKBWRCLK","student_top_inst/Core_cpu/u_core_top/exec_q_reg[uop][pred_next_pc][0]/CE","setup"
3567,-0.174,5.000,4.840,8,"student_top_inst/Core_cpu/u_core_top/u_dcache/u_tag_bank/mem_q_reg/CLKBWRCLK","student_top_inst/Core_cpu/u_core_top/exec_q_reg[uop][pred_next_pc][18]/CE","setup"
3568,-0.174,5.000,4.840,8,"student_top_inst/Core_cpu/u_core_top/u_dcache/u_tag_bank/mem_q_reg/CLKBWRCLK","student_top_inst/Core_cpu/u_core_top/exec_q_reg[uop][pred_next_pc][26]/CE","setup"
3569,-0.174,5.000,4.840,8,"student_top_inst/Core_cpu/u_core_top/u_dcache/u_tag_bank/mem_q_reg/CLKBWRCLK","student_top_inst/Core_cpu/u_core_top/exec_q_reg[uop][pred_next_pc][28]/CE","setup"
3570,-0.174,5.000,4.840,8,"student_top_inst/Core_cpu/u_core_top/u_dcache/u_tag_bank/mem_q_reg/CLKBWRCLK","student_top_inst/Core_cpu/u_core_top/exec_q_reg[uop][pred_next_pc][5]/CE","setup"
3571,-0.174,5.000,4.840,8,"student_top_inst/Core_cpu/u_core_top/u_dcache/u_tag_bank/mem_q_reg/CLKBWRCLK","student_top_inst/Core_cpu/u_core_top/exec_q_reg[uop][pred_next_pc][6]/CE","setup"
3572,-0.174,5.000,4.840,8,"student_top_inst/Core_cpu/u_core_top/u_dcache/u_tag_bank/mem_q_reg/CLKBWRCLK","student_top_inst/Core_cpu/u_core_top/exec_q_reg[uop][pred_next_pc][8]/CE","setup"
3573,-0.174,5.000,5.065,8,"student_top_inst/Core_cpu/u_core_top/u_dcache/u_tag_bank/mem_q_reg/CLKBWRCLK","student_top_inst/Core_cpu/u_core_top/scoreboard_q_reg[2][exception_tval][29]/D","setup"
3574,-0.174,5.000,5.258,1,"student_top_inst/Core_cpu/u_core_top/u_dmem_regslice/req_addr_q_reg[0]/C","student_top_inst/mem_bridge/dram_adapter/dram/U0/inst_blk_mem_gen/gnbram.gnativebmg.native_blk_mem_gen/valid.cstr/ramloop[0].ram.r/prim_init.ram/DEVICE_7SERIES.NO_BMM_INFO.SP.SIMPLE_PRIM36.ram/DIADI[2]","setup"
3575,-0.173,5.000,4.900,9,"student_top_inst/Core_cpu/u_core_top/scoreboard_q_reg[3][fu][1]/C","student_top_inst/Core_cpu/u_core_top/scoreboard_q_reg[6][pc][10]/CE","setup"
3576,-0.173,5.000,4.900,9,"student_top_inst/Core_cpu/u_core_top/scoreboard_q_reg[3][fu][1]/C","student_top_inst/Core_cpu/u_core_top/scoreboard_q_reg[6][pc][23]/CE","setup"
3577,-0.173,5.000,5.025,0,"student_top_inst/Core_cpu/u_core_top/u_dmem_regslice/req_addr_q_reg[13]/C","student_top_inst/mem_bridge/dram_adapter/dram/U0/inst_blk_mem_gen/gnbram.gnativebmg.native_blk_mem_gen/valid.cstr/ramloop[1].ram.r/prim_init.ram/DEVICE_7SERIES.NO_BMM_INFO.SP.SIMPLE_PRIM36.ram/ADDRARDADDR[14]","setup"
3578,-0.172,5.000,4.833,7,"student_top_inst/Core_cpu/u_core_top/u_dcache/u_tag_bank/mem_q_reg/CLKBWRCLK","student_top_inst/Core_cpu/u_core_top/id_uop_q_reg[exception_tval][10]/CE","setup"
3579,-0.172,5.000,4.833,7,"student_top_inst/Core_cpu/u_core_top/u_dcache/u_tag_bank/mem_q_reg/CLKBWRCLK","student_top_inst/Core_cpu/u_core_top/id_uop_q_reg[exception_tval][11]/CE","setup"
3580,-0.172,5.000,4.833,7,"student_top_inst/Core_cpu/u_core_top/u_dcache/u_tag_bank/mem_q_reg/CLKBWRCLK","student_top_inst/Core_cpu/u_core_top/id_uop_q_reg[exception_tval][12]/CE","setup"
3581,-0.172,5.000,4.833,7,"student_top_inst/Core_cpu/u_core_top/u_dcache/u_tag_bank/mem_q_reg/CLKBWRCLK","student_top_inst/Core_cpu/u_core_top/id_uop_q_reg[exception_tval][17]/CE","setup"
3582,-0.172,5.000,4.833,7,"student_top_inst/Core_cpu/u_core_top/u_dcache/u_tag_bank/mem_q_reg/CLKBWRCLK","student_top_inst/Core_cpu/u_core_top/id_uop_q_reg[exception_tval][18]/CE","setup"
3583,-0.172,5.000,4.833,7,"student_top_inst/Core_cpu/u_core_top/u_dcache/u_tag_bank/mem_q_reg/CLKBWRCLK","student_top_inst/Core_cpu/u_core_top/id_uop_q_reg[exception_tval][23]/CE","setup"
3584,-0.172,5.000,4.833,7,"student_top_inst/Core_cpu/u_core_top/u_dcache/u_tag_bank/mem_q_reg/CLKBWRCLK","student_top_inst/Core_cpu/u_core_top/id_uop_q_reg[exception_tval][2]/CE","setup"
3585,-0.172,5.000,5.065,9,"student_top_inst/Core_cpu/u_core_top/u_dcache/u_tag_bank/mem_q_reg/CLKBWRCLK","student_top_inst/Core_cpu/u_core_top/scoreboard_q_reg[4][result][22]/D","setup"
3586,-0.172,5.000,5.002,6,"student_top_inst/Core_cpu/u_core_top/commit_ptr_q_reg[2]_rep/C","student_top_inst/Core_cpu/u_core_top/u_csr/mtvec_q_reg[12]/D","setup"
3587,-0.172,5.000,5.063,8,"student_top_inst/Core_cpu/u_core_top/u_dcache/u_tag_bank/mem_q_reg/CLKBWRCLK","student_top_inst/Core_cpu/u_core_top/scoreboard_q_reg[2][exception_tval][31]/D","setup"
3588,-0.172,5.000,5.005,8,"student_top_inst/Core_cpu/u_core_top/u_dcache/u_tag_bank/mem_q_reg/CLKBWRCLK","student_top_inst/Core_cpu/u_core_top/scoreboard_q_reg[5][exception_tval][19]/D","setup"
3589,-0.172,5.000,5.005,8,"student_top_inst/Core_cpu/u_core_top/u_dcache/u_tag_bank/mem_q_reg/CLKBWRCLK","student_top_inst/Core_cpu/u_core_top/scoreboard_q_reg[5][exception_tval][2]/D","setup"
3590,-0.171,5.000,5.069,8,"student_top_inst/Core_cpu/u_core_top/u_dcache/u_tag_bank/mem_q_reg/CLKBWRCLK","student_top_inst/Core_cpu/u_core_top/scoreboard_q_reg[3][exception_tval][16]/D","setup"
3591,-0.171,5.000,5.096,8,"student_top_inst/Core_cpu/u_core_top/u_dcache/u_tag_bank/mem_q_reg/CLKBWRCLK","student_top_inst/Core_cpu/u_core_top/scoreboard_q_reg[3][store_slot][1]/D","setup"
3592,-0.171,5.000,4.897,9,"student_top_inst/Core_cpu/u_core_top/scoreboard_q_reg[3][fu][1]/C","student_top_inst/Core_cpu/u_core_top/scoreboard_q_reg[1][link_addr][31]/CE","setup"
3593,-0.171,5.000,4.897,9,"student_top_inst/Core_cpu/u_core_top/scoreboard_q_reg[3][fu][1]/C","student_top_inst/Core_cpu/u_core_top/scoreboard_q_reg[1][pc][14]/CE","setup"
3594,-0.171,5.000,4.785,9,"student_top_inst/Core_cpu/u_core_top/scoreboard_q_reg[3][fu][1]/C","student_top_inst/Core_cpu/u_core_top/scoreboard_q_reg[6][result][11]/R","setup"
3595,-0.171,5.000,4.785,9,"student_top_inst/Core_cpu/u_core_top/scoreboard_q_reg[3][fu][1]/C","student_top_inst/Core_cpu/u_core_top/scoreboard_q_reg[6][result][1]/R","setup"
3596,-0.171,5.000,4.785,9,"student_top_inst/Core_cpu/u_core_top/scoreboard_q_reg[3][fu][1]/C","student_top_inst/Core_cpu/u_core_top/scoreboard_q_reg[6][result][3]/R","setup"
3597,-0.170,5.000,4.852,7,"student_top_inst/Core_cpu/u_core_top/u_dcache/u_tag_bank/mem_q_reg/CLKBWRCLK","student_top_inst/Core_cpu/u_core_top/scoreboard_q_reg[6][result][11]/CE","setup"
3598,-0.170,5.000,4.852,7,"student_top_inst/Core_cpu/u_core_top/u_dcache/u_tag_bank/mem_q_reg/CLKBWRCLK","student_top_inst/Core_cpu/u_core_top/scoreboard_q_reg[6][result][1]/CE","setup"
3599,-0.170,5.000,4.852,7,"student_top_inst/Core_cpu/u_core_top/u_dcache/u_tag_bank/mem_q_reg/CLKBWRCLK","student_top_inst/Core_cpu/u_core_top/scoreboard_q_reg[6][result][3]/CE","setup"
3600,-0.170,5.000,4.837,7,"student_top_inst/Core_cpu/u_core_top/u_dcache/u_tag_bank/mem_q_reg/CLKBWRCLK","student_top_inst/Core_cpu/u_core_top/scoreboard_q_reg[4][link_addr][17]/CE","setup"
3601,-0.170,5.000,4.837,7,"student_top_inst/Core_cpu/u_core_top/u_dcache/u_tag_bank/mem_q_reg/CLKBWRCLK","student_top_inst/Core_cpu/u_core_top/scoreboard_q_reg[4][link_addr][25]/CE","setup"
3602,-0.170,5.000,4.837,7,"student_top_inst/Core_cpu/u_core_top/u_dcache/u_tag_bank/mem_q_reg/CLKBWRCLK","student_top_inst/Core_cpu/u_core_top/scoreboard_q_reg[4][link_addr][3]/CE","setup"
3603,-0.170,5.000,4.837,7,"student_top_inst/Core_cpu/u_core_top/u_dcache/u_tag_bank/mem_q_reg/CLKBWRCLK","student_top_inst/Core_cpu/u_core_top/scoreboard_q_reg[4][pc][0]/CE","setup"
3604,-0.169,5.000,4.828,7,"student_top_inst/Core_cpu/u_core_top/u_dcache/u_tag_bank/mem_q_reg/CLKBWRCLK","student_top_inst/Core_cpu/u_core_top/scoreboard_q_reg[4][link_addr][4]/CE","setup"
3605,-0.169,5.000,4.828,7,"student_top_inst/Core_cpu/u_core_top/u_dcache/u_tag_bank/mem_q_reg/CLKBWRCLK","student_top_inst/Core_cpu/u_core_top/scoreboard_q_reg[4][pc][10]/CE","setup"
3606,-0.169,5.000,4.828,7,"student_top_inst/Core_cpu/u_core_top/u_dcache/u_tag_bank/mem_q_reg/CLKBWRCLK","student_top_inst/Core_cpu/u_core_top/scoreboard_q_reg[4][pc][28]/CE","setup"
3607,-0.169,5.000,4.828,7,"student_top_inst/Core_cpu/u_core_top/u_dcache/u_tag_bank/mem_q_reg/CLKBWRCLK","student_top_inst/Core_cpu/u_core_top/scoreboard_q_reg[4][rd][2]/CE","setup"
3608,-0.169,5.000,4.828,7,"student_top_inst/Core_cpu/u_core_top/u_dcache/u_tag_bank/mem_q_reg/CLKBWRCLK","student_top_inst/Core_cpu/u_core_top/scoreboard_q_reg[4][rd][3]/CE","setup"
3609,-0.169,5.000,5.067,8,"student_top_inst/Core_cpu/u_core_top/u_dcache/u_tag_bank/mem_q_reg/CLKBWRCLK","student_top_inst/Core_cpu/u_core_top/scoreboard_q_reg[3][exception_tval][19]/D","setup"
3610,-0.169,5.000,4.665,7,"student_top_inst/Core_cpu/u_core_top/u_dcache/u_tag_bank/mem_q_reg/CLKBWRCLK","student_top_inst/Core_cpu/u_core_top/u_dcache/g_data_bank[1].u_data_bank/mem_q_reg_1/ADDRBWRADDR[10]","setup"
3611,-0.169,5.000,4.902,0,"student_top_inst/Core_cpu/u_core_top/u_dmem_regslice/req_addr_q_reg[9]/C","student_top_inst/mem_bridge/dram_adapter/dram/U0/inst_blk_mem_gen/gnbram.gnativebmg.native_blk_mem_gen/valid.cstr/ramloop[5].ram.r/prim_init.ram/DEVICE_7SERIES.NO_BMM_INFO.SP.SIMPLE_PRIM36.ram/ADDRARDADDR[10]","setup"
3612,-0.169,5.000,5.065,8,"student_top_inst/Core_cpu/u_core_top/u_dcache/u_tag_bank/mem_q_reg/CLKBWRCLK","student_top_inst/Core_cpu/u_core_top/scoreboard_q_reg[0][exception_tval][10]/D","setup"
3613,-0.168,5.000,5.049,7,"student_top_inst/Core_cpu/u_core_top/commit_ptr_q_reg[2]_rep/C","student_top_inst/Core_cpu/u_core_top/u_csr/mstatus_q_reg[11]/D","setup"
3614,-0.168,5.000,5.067,10,"student_top_inst/Core_cpu/u_core_top/u_dcache/u_tag_bank/mem_q_reg/CLKBWRCLK","student_top_inst/Core_cpu/u_core_top/load_q_reg[0][addr][30]/D","setup"
3615,-0.168,5.000,4.864,9,"student_top_inst/Core_cpu/u_core_top/scoreboard_q_reg[3][fu][1]/C","student_top_inst/Core_cpu/u_core_top/scoreboard_q_reg[6][sys_op][0]/CE","setup"
3616,-0.168,5.000,4.864,9,"student_top_inst/Core_cpu/u_core_top/scoreboard_q_reg[3][fu][1]/C","student_top_inst/Core_cpu/u_core_top/scoreboard_q_reg[6][sys_op][1]/CE","setup"
3617,-0.167,5.000,4.825,7,"student_top_inst/Core_cpu/u_core_top/u_dcache/u_tag_bank/mem_q_reg/CLKBWRCLK","student_top_inst/Core_cpu/u_core_top/scoreboard_q_reg[4][result][23]/CE","setup"
3618,-0.167,5.000,4.825,7,"student_top_inst/Core_cpu/u_core_top/u_dcache/u_tag_bank/mem_q_reg/CLKBWRCLK","student_top_inst/Core_cpu/u_core_top/scoreboard_q_reg[4][result][26]/CE","setup"
3619,-0.167,5.000,4.825,7,"student_top_inst/Core_cpu/u_core_top/u_dcache/u_tag_bank/mem_q_reg/CLKBWRCLK","student_top_inst/Core_cpu/u_core_top/scoreboard_q_reg[4][result][31]/CE","setup"
3620,-0.167,5.000,5.060,8,"student_top_inst/Core_cpu/u_core_top/u_dcache/u_tag_bank/mem_q_reg/CLKBWRCLK","student_top_inst/Core_cpu/u_core_top/scoreboard_q_reg[7][exception_tval][16]/D","setup"
3621,-0.167,5.000,4.852,7,"student_top_inst/Core_cpu/u_core_top/u_dcache/u_tag_bank/mem_q_reg/CLKBWRCLK","student_top_inst/Core_cpu/u_core_top/scoreboard_q_reg[1][link_addr][18]/CE","setup"
3622,-0.167,5.000,4.852,7,"student_top_inst/Core_cpu/u_core_top/u_dcache/u_tag_bank/mem_q_reg/CLKBWRCLK","student_top_inst/Core_cpu/u_core_top/scoreboard_q_reg[1][link_addr][28]/CE","setup"
3623,-0.167,5.000,4.852,7,"student_top_inst/Core_cpu/u_core_top/u_dcache/u_tag_bank/mem_q_reg/CLKBWRCLK","student_top_inst/Core_cpu/u_core_top/scoreboard_q_reg[1][link_addr][8]/CE","setup"
3624,-0.166,5.000,5.133,12,"student_top_inst/Core_cpu/u_core_top/store_head_q_reg[1]/C","student_top_inst/Core_cpu/u_core_top/load_active_meta_q_reg[forward_data][26]/D","setup"
3625,-0.166,5.000,5.058,8,"student_top_inst/Core_cpu/u_core_top/u_dcache/u_tag_bank/mem_q_reg/CLKBWRCLK","student_top_inst/Core_cpu/u_core_top/scoreboard_q_reg[7][exception_tval][20]/D","setup"
3626,-0.166,5.000,4.824,7,"student_top_inst/Core_cpu/u_core_top/u_dcache/u_tag_bank/mem_q_reg/CLKBWRCLK","student_top_inst/Core_cpu/u_core_top/scoreboard_q_reg[5][csr_src][13]/CE","setup"
3627,-0.166,5.000,4.824,7,"student_top_inst/Core_cpu/u_core_top/u_dcache/u_tag_bank/mem_q_reg/CLKBWRCLK","student_top_inst/Core_cpu/u_core_top/scoreboard_q_reg[5][csr_src][17]/CE","setup"
3628,-0.166,5.000,4.824,7,"student_top_inst/Core_cpu/u_core_top/u_dcache/u_tag_bank/mem_q_reg/CLKBWRCLK","student_top_inst/Core_cpu/u_core_top/scoreboard_q_reg[5][csr_src][1]/CE","setup"
3629,-0.164,5.000,4.832,7,"student_top_inst/Core_cpu/u_core_top/u_dcache/u_tag_bank/mem_q_reg/CLKBWRCLK","student_top_inst/Core_cpu/u_core_top/scoreboard_q_reg[4][link_addr][0]/CE","setup"
3630,-0.164,5.000,4.832,7,"student_top_inst/Core_cpu/u_core_top/u_dcache/u_tag_bank/mem_q_reg/CLKBWRCLK","student_top_inst/Core_cpu/u_core_top/scoreboard_q_reg[4][link_addr][13]/CE","setup"
3631,-0.164,5.000,4.832,7,"student_top_inst/Core_cpu/u_core_top/u_dcache/u_tag_bank/mem_q_reg/CLKBWRCLK","student_top_inst/Core_cpu/u_core_top/scoreboard_q_reg[4][link_addr][14]/CE","setup"
3632,-0.164,5.000,4.832,7,"student_top_inst/Core_cpu/u_core_top/u_dcache/u_tag_bank/mem_q_reg/CLKBWRCLK","student_top_inst/Core_cpu/u_core_top/scoreboard_q_reg[4][link_addr][16]/CE","setup"
3633,-0.164,5.000,4.832,7,"student_top_inst/Core_cpu/u_core_top/u_dcache/u_tag_bank/mem_q_reg/CLKBWRCLK","student_top_inst/Core_cpu/u_core_top/scoreboard_q_reg[4][link_addr][23]/CE","setup"
3634,-0.164,5.000,4.832,7,"student_top_inst/Core_cpu/u_core_top/u_dcache/u_tag_bank/mem_q_reg/CLKBWRCLK","student_top_inst/Core_cpu/u_core_top/scoreboard_q_reg[4][pc][1]/CE","setup"
3635,-0.164,5.000,4.832,7,"student_top_inst/Core_cpu/u_core_top/u_dcache/u_tag_bank/mem_q_reg/CLKBWRCLK","student_top_inst/Core_cpu/u_core_top/scoreboard_q_reg[4][pc][30]/CE","setup"
3636,-0.164,5.000,5.058,8,"student_top_inst/Core_cpu/u_core_top/u_dcache/u_tag_bank/mem_q_reg/CLKBWRCLK","student_top_inst/Core_cpu/u_core_top/scoreboard_q_reg[0][exception_tval][5]/D","setup"
3637,-0.164,5.000,4.847,7,"student_top_inst/Core_cpu/u_core_top/u_dcache/u_tag_bank/mem_q_reg/CLKBWRCLK","student_top_inst/Core_cpu/u_core_top/id_uop_q_reg[csr_addr][11]/CE","setup"
3638,-0.164,5.000,4.847,7,"student_top_inst/Core_cpu/u_core_top/u_dcache/u_tag_bank/mem_q_reg/CLKBWRCLK","student_top_inst/Core_cpu/u_core_top/id_uop_q_reg[csr_addr][9]/CE","setup"
3639,-0.164,5.000,4.847,7,"student_top_inst/Core_cpu/u_core_top/u_dcache/u_tag_bank/mem_q_reg/CLKBWRCLK","student_top_inst/Core_cpu/u_core_top/id_uop_q_reg[exception_tval][25]/CE","setup"
3640,-0.164,5.000,4.847,7,"student_top_inst/Core_cpu/u_core_top/u_dcache/u_tag_bank/mem_q_reg/CLKBWRCLK","student_top_inst/Core_cpu/u_core_top/id_uop_q_reg[fu][1]/CE","setup"
3641,-0.163,5.000,4.682,8,"student_top_inst/Core_cpu/u_core_top/scoreboard_q_reg[3][fu][1]/C","student_top_inst/Core_cpu/u_core_top/u_dcache/g_data_bank[0].u_data_bank/mem_q_reg_0/ADDRARDADDR[12]","setup"
3642,-0.163,5.000,4.823,7,"student_top_inst/Core_cpu/u_core_top/u_dcache/u_tag_bank/mem_q_reg/CLKBWRCLK","student_top_inst/Core_cpu/u_core_top/scoreboard_q_reg[4][csr_addr][0]/CE","setup"
3643,-0.163,5.000,4.823,7,"student_top_inst/Core_cpu/u_core_top/u_dcache/u_tag_bank/mem_q_reg/CLKBWRCLK","student_top_inst/Core_cpu/u_core_top/scoreboard_q_reg[4][csr_addr][10]/CE","setup"
3644,-0.163,5.000,4.823,7,"student_top_inst/Core_cpu/u_core_top/u_dcache/u_tag_bank/mem_q_reg/CLKBWRCLK","student_top_inst/Core_cpu/u_core_top/scoreboard_q_reg[4][csr_addr][3]/CE","setup"
3645,-0.163,5.000,4.823,7,"student_top_inst/Core_cpu/u_core_top/u_dcache/u_tag_bank/mem_q_reg/CLKBWRCLK","student_top_inst/Core_cpu/u_core_top/scoreboard_q_reg[4][csr_addr][4]/CE","setup"
3646,-0.163,5.000,4.823,7,"student_top_inst/Core_cpu/u_core_top/u_dcache/u_tag_bank/mem_q_reg/CLKBWRCLK","student_top_inst/Core_cpu/u_core_top/scoreboard_q_reg[4][csr_addr][5]/CE","setup"
3647,-0.163,5.000,4.823,7,"student_top_inst/Core_cpu/u_core_top/u_dcache/u_tag_bank/mem_q_reg/CLKBWRCLK","student_top_inst/Core_cpu/u_core_top/scoreboard_q_reg[4][csr_addr][6]/CE","setup"
3648,-0.163,5.000,4.823,7,"student_top_inst/Core_cpu/u_core_top/u_dcache/u_tag_bank/mem_q_reg/CLKBWRCLK","student_top_inst/Core_cpu/u_core_top/scoreboard_q_reg[4][is_call]/CE","setup"
3649,-0.162,5.000,4.678,8,"student_top_inst/Core_cpu/u_core_top/scoreboard_q_reg[3][fu][1]/C","student_top_inst/Core_cpu/u_core_top/u_dcache/g_data_bank[2].u_data_bank/mem_q_reg_0/ADDRARDADDR[14]","setup"
3650,-0.162,5.000,5.089,8,"student_top_inst/Core_cpu/u_core_top/u_dcache/u_tag_bank/mem_q_reg/CLKBWRCLK","student_top_inst/Core_cpu/u_core_top/scoreboard_q_reg[0][exception_tval][12]/D","setup"
3651,-0.162,5.000,5.100,10,"student_top_inst/Core_cpu/u_core_top/exec_mem_addr_q_reg[6]/C","student_top_inst/Core_cpu/u_core_top/load_active_meta_q_reg[forward_data][25]/D","setup"
3652,-0.162,5.000,5.057,8,"student_top_inst/Core_cpu/u_core_top/u_dcache/u_tag_bank/mem_q_reg/CLKBWRCLK","student_top_inst/Core_cpu/u_core_top/scoreboard_q_reg[4][exception_tval][18]/D","setup"
3653,-0.162,5.000,5.056,8,"student_top_inst/Core_cpu/u_core_top/u_dcache/u_tag_bank/mem_q_reg/CLKBWRCLK","student_top_inst/Core_cpu/u_core_top/scoreboard_q_reg[0][exception_tval][7]/D","setup"
3654,-0.161,5.000,4.976,6,"student_top_inst/Core_cpu/u_core_top/commit_ptr_q_reg[2]_rep/C","student_top_inst/Core_cpu/u_core_top/u_csr/mcause_q_reg[12]/D","setup"
3655,-0.160,5.000,4.820,7,"student_top_inst/Core_cpu/u_core_top/u_dcache/u_tag_bank/mem_q_reg/CLKBWRCLK","student_top_inst/Core_cpu/u_core_top/scoreboard_q_reg[4][result][2]/CE","setup"
3656,-0.160,5.000,4.820,7,"student_top_inst/Core_cpu/u_core_top/u_dcache/u_tag_bank/mem_q_reg/CLKBWRCLK","student_top_inst/Core_cpu/u_core_top/scoreboard_q_reg[4][result][5]/CE","setup"
3657,-0.160,5.000,4.820,7,"student_top_inst/Core_cpu/u_core_top/u_dcache/u_tag_bank/mem_q_reg/CLKBWRCLK","student_top_inst/Core_cpu/u_core_top/scoreboard_q_reg[4][result][7]/CE","setup"
3658,-0.160,5.000,5.058,10,"student_top_inst/Core_cpu/u_core_top/u_dcache/u_tag_bank/mem_q_reg/CLKBWRCLK","student_top_inst/Core_cpu/u_core_top/load_q_reg[0][addr][3]/D","setup"
3659,-0.159,5.000,4.682,7,"student_top_inst/Core_cpu/u_core_top/u_dcache/u_tag_bank/mem_q_reg/CLKBWRCLK","student_top_inst/Core_cpu/u_core_top/u_dcache/u_tag_bank/mem_q_reg/ADDRBWRADDR[4]","setup"
3660,-0.159,5.000,5.059,7,"student_top_inst/Core_cpu/u_core_top/commit_ptr_q_reg[2]_rep/C","student_top_inst/Core_cpu/u_core_top/u_csr/mtval_q_reg[20]/D","setup"
3661,-0.158,5.000,5.087,10,"student_top_inst/Core_cpu/u_core_top/u_dcache/u_tag_bank/mem_q_reg/CLKBWRCLK","student_top_inst/Core_cpu/u_core_top/load_q_reg[0][addr][14]/D","setup"
3662,-0.158,5.000,5.057,10,"student_top_inst/Core_cpu/u_core_top/u_dcache/u_tag_bank/mem_q_reg/CLKBWRCLK","student_top_inst/Core_cpu/u_core_top/load_q_reg[0][addr][17]/D","setup"
3663,-0.157,5.000,5.091,10,"student_top_inst/Core_cpu/u_core_top/u_dcache/u_tag_bank/mem_q_reg/CLKBWRCLK","student_top_inst/Core_cpu/u_core_top/load_q_reg[0][forward_data][29]/D","setup"
3664,-0.157,5.000,4.839,7,"student_top_inst/Core_cpu/u_core_top/u_dcache/u_tag_bank/mem_q_reg/CLKBWRCLK","student_top_inst/Core_cpu/u_core_top/scoreboard_q_reg[6][result][13]/CE","setup"
3665,-0.157,5.000,4.839,7,"student_top_inst/Core_cpu/u_core_top/u_dcache/u_tag_bank/mem_q_reg/CLKBWRCLK","student_top_inst/Core_cpu/u_core_top/scoreboard_q_reg[6][result][14]/CE","setup"
3666,-0.157,5.000,4.839,7,"student_top_inst/Core_cpu/u_core_top/u_dcache/u_tag_bank/mem_q_reg/CLKBWRCLK","student_top_inst/Core_cpu/u_core_top/scoreboard_q_reg[6][result][15]/CE","setup"
3667,-0.157,5.000,4.839,7,"student_top_inst/Core_cpu/u_core_top/u_dcache/u_tag_bank/mem_q_reg/CLKBWRCLK","student_top_inst/Core_cpu/u_core_top/scoreboard_q_reg[6][result][17]/CE","setup"
3668,-0.157,5.000,5.083,9,"student_top_inst/Core_cpu/u_core_top/u_dcache/u_tag_bank/mem_q_reg/CLKBWRCLK","student_top_inst/Core_cpu/u_core_top/scoreboard_q_reg[0][result][13]/D","setup"
3669,-0.157,5.000,4.879,9,"student_top_inst/Core_cpu/u_core_top/scoreboard_q_reg[3][fu][1]/C","student_top_inst/Core_cpu/u_core_top/scoreboard_q_reg[0][csr_addr][5]/CE","setup"
3670,-0.156,5.000,4.814,7,"student_top_inst/Core_cpu/u_core_top/u_dcache/u_tag_bank/mem_q_reg/CLKBWRCLK","student_top_inst/Core_cpu/u_core_top/scoreboard_q_reg[0][result][27]/CE","setup"
3671,-0.156,5.000,4.814,7,"student_top_inst/Core_cpu/u_core_top/u_dcache/u_tag_bank/mem_q_reg/CLKBWRCLK","student_top_inst/Core_cpu/u_core_top/scoreboard_q_reg[0][result][28]/CE","setup"
3672,-0.156,5.000,4.814,7,"student_top_inst/Core_cpu/u_core_top/u_dcache/u_tag_bank/mem_q_reg/CLKBWRCLK","student_top_inst/Core_cpu/u_core_top/scoreboard_q_reg[0][result][30]/CE","setup"
3673,-0.156,5.000,4.815,7,"student_top_inst/Core_cpu/u_core_top/u_dcache/u_tag_bank/mem_q_reg/CLKBWRCLK","student_top_inst/Core_cpu/u_core_top/scoreboard_q_reg[4][result][10]/CE","setup"
3674,-0.156,5.000,4.815,7,"student_top_inst/Core_cpu/u_core_top/u_dcache/u_tag_bank/mem_q_reg/CLKBWRCLK","student_top_inst/Core_cpu/u_core_top/scoreboard_q_reg[4][result][11]/CE","setup"
3675,-0.156,5.000,4.815,7,"student_top_inst/Core_cpu/u_core_top/u_dcache/u_tag_bank/mem_q_reg/CLKBWRCLK","student_top_inst/Core_cpu/u_core_top/scoreboard_q_reg[4][result][25]/CE","setup"
3676,-0.156,5.000,4.895,5,"student_top_inst/mem_bridge/dram_adapter/dram/U0/inst_blk_mem_gen/gnbram.gnativebmg.native_blk_mem_gen/valid.cstr/has_mux_a.A/no_softecc_norm_sel2.has_mem_regs.WITHOUT_ECC_PIPE.ce_pri.sel_pipe_d1_reg[2]/C","student_top_inst/Core_cpu/u_core_top/u_dmem_regslice/resp_rdata_q_reg[16]/D","setup"
3677,-0.155,5.000,5.050,8,"student_top_inst/Core_cpu/u_core_top/u_dcache/u_tag_bank/mem_q_reg/CLKBWRCLK","student_top_inst/Core_cpu/u_core_top/scoreboard_q_reg[1][exception_tval][0]/D","setup"
3678,-0.155,5.000,5.085,10,"student_top_inst/Core_cpu/u_core_top/u_dcache/u_tag_bank/mem_q_reg/CLKBWRCLK","student_top_inst/Core_cpu/u_core_top/load_q_reg[0][addr][21]/D","setup"
3679,-0.155,5.000,4.950,0,"student_top_inst/Core_cpu/u_core_top/u_dmem_regslice/req_addr_q_reg[12]/C","student_top_inst/mem_bridge/dram_adapter/dram/U0/inst_blk_mem_gen/gnbram.gnativebmg.native_blk_mem_gen/valid.cstr/ramloop[1].ram.r/prim_init.ram/DEVICE_7SERIES.NO_BMM_INFO.SP.SIMPLE_PRIM36.ram/ADDRARDADDR[13]","setup"
3680,-0.154,5.000,5.066,11,"student_top_inst/Core_cpu/u_core_top/store_head_q_reg[1]/C","student_top_inst/Core_cpu/u_core_top/load_q_reg[1][forward_data][0]/D","setup"
3681,-0.154,5.000,5.093,9,"student_top_inst/Core_cpu/u_core_top/exec_q_reg[op2][15]/C","student_top_inst/Core_cpu/u_core_top/scoreboard_q_reg[6][exception_tval][29]/D","setup"
3682,-0.154,5.000,4.862,7,"student_top_inst/Core_cpu/u_core_top/scoreboard_q_reg[3][fu][1]/C","student_top_inst/Core_cpu/u_core_top/u_frontend/u_branch_predictor/ras_q_reg[6][21]/CE","setup"
3683,-0.154,5.000,4.862,7,"student_top_inst/Core_cpu/u_core_top/scoreboard_q_reg[3][fu][1]/C","student_top_inst/Core_cpu/u_core_top/u_frontend/u_branch_predictor/ras_q_reg[6][23]/CE","setup"
3684,-0.154,5.000,4.862,7,"student_top_inst/Core_cpu/u_core_top/scoreboard_q_reg[3][fu][1]/C","student_top_inst/Core_cpu/u_core_top/u_frontend/u_branch_predictor/ras_q_reg[6][24]/CE","setup"
3685,-0.154,5.000,4.862,7,"student_top_inst/Core_cpu/u_core_top/scoreboard_q_reg[3][fu][1]/C","student_top_inst/Core_cpu/u_core_top/u_frontend/u_branch_predictor/ras_q_reg[6][29]/CE","setup"
3686,-0.154,5.000,5.090,10,"student_top_inst/Core_cpu/u_core_top/u_dcache/u_tag_bank/mem_q_reg/CLKBWRCLK","student_top_inst/Core_cpu/u_core_top/load_q_reg[0][forward_mask][3]/D","setup"
3687,-0.154,5.000,5.090,10,"student_top_inst/Core_cpu/u_core_top/u_dcache/u_tag_bank/mem_q_reg/CLKBWRCLK","student_top_inst/Core_cpu/u_core_top/u_dmem_regslice/req_addr_q_reg[31]/D","setup"
3688,-0.154,5.000,4.719,0,"student_top_inst/Core_cpu/u_core_top/u_dmem_regslice/req_addr_q_reg[7]/C","student_top_inst/mem_bridge/dram_adapter/dram/U0/inst_blk_mem_gen/gnbram.gnativebmg.native_blk_mem_gen/valid.cstr/ramloop[45].ram.r/prim_init.ram/DEVICE_7SERIES.NO_BMM_INFO.SP.SIMPLE_PRIM36.ram/ADDRARDADDR[8]","setup"
3689,-0.153,5.000,5.046,9,"student_top_inst/Core_cpu/u_core_top/u_dcache/u_tag_bank/mem_q_reg/CLKBWRCLK","student_top_inst/Core_cpu/u_core_top/scoreboard_q_reg[7][result][22]/D","setup"
3690,-0.153,5.000,4.656,7,"student_top_inst/Core_cpu/u_core_top/u_dcache/u_tag_bank/mem_q_reg/CLKBWRCLK","student_top_inst/Core_cpu/u_core_top/u_dcache/g_data_bank[0].u_data_bank/mem_q_reg_1/ADDRBWRADDR[10]","setup"
3691,-0.153,5.000,4.839,7,"student_top_inst/Core_cpu/u_core_top/u_dcache/u_tag_bank/mem_q_reg/CLKBWRCLK","student_top_inst/Core_cpu/u_core_top/scoreboard_q_reg[2][link_addr][17]/CE","setup"
3692,-0.153,5.000,4.839,7,"student_top_inst/Core_cpu/u_core_top/u_dcache/u_tag_bank/mem_q_reg/CLKBWRCLK","student_top_inst/Core_cpu/u_core_top/scoreboard_q_reg[2][link_addr][31]/CE","setup"
3693,-0.153,5.000,4.839,7,"student_top_inst/Core_cpu/u_core_top/u_dcache/u_tag_bank/mem_q_reg/CLKBWRCLK","student_top_inst/Core_cpu/u_core_top/scoreboard_q_reg[2][pc][9]/CE","setup"
3694,-0.153,5.000,4.839,7,"student_top_inst/Core_cpu/u_core_top/u_dcache/u_tag_bank/mem_q_reg/CLKBWRCLK","student_top_inst/Core_cpu/u_core_top/scoreboard_q_reg[2][sys_op][0]/CE","setup"
3695,-0.153,5.000,4.839,7,"student_top_inst/Core_cpu/u_core_top/u_dcache/u_tag_bank/mem_q_reg/CLKBWRCLK","student_top_inst/Core_cpu/u_core_top/scoreboard_q_reg[2][sys_op][1]/CE","setup"
3696,-0.153,5.000,4.839,7,"student_top_inst/Core_cpu/u_core_top/u_dcache/u_tag_bank/mem_q_reg/CLKBWRCLK","student_top_inst/Core_cpu/u_core_top/scoreboard_q_reg[2][sys_op][2]/CE","setup"
3697,-0.153,5.000,4.977,6,"student_top_inst/Core_cpu/u_core_top/commit_ptr_q_reg[2]_rep/C","student_top_inst/Core_cpu/u_core_top/u_csr/mcause_q_reg[25]/D","setup"
3698,-0.153,5.000,5.089,10,"student_top_inst/Core_cpu/u_core_top/u_dcache/u_tag_bank/mem_q_reg/CLKBWRCLK","student_top_inst/Core_cpu/u_core_top/u_dmem_regslice/req_addr_q_reg[29]/D","setup"
3699,-0.153,5.000,4.815,7,"student_top_inst/Core_cpu/u_core_top/u_dcache/u_tag_bank/mem_q_reg/CLKBWRCLK","student_top_inst/Core_cpu/u_core_top/scoreboard_q_reg[4][link_addr][10]/CE","setup"
3700,-0.153,5.000,4.815,7,"student_top_inst/Core_cpu/u_core_top/u_dcache/u_tag_bank/mem_q_reg/CLKBWRCLK","student_top_inst/Core_cpu/u_core_top/scoreboard_q_reg[4][pc][15]/CE","setup"
3701,-0.153,5.000,4.815,7,"student_top_inst/Core_cpu/u_core_top/u_dcache/u_tag_bank/mem_q_reg/CLKBWRCLK","student_top_inst/Core_cpu/u_core_top/scoreboard_q_reg[4][pc][18]/CE","setup"
3702,-0.153,5.000,4.815,7,"student_top_inst/Core_cpu/u_core_top/u_dcache/u_tag_bank/mem_q_reg/CLKBWRCLK","student_top_inst/Core_cpu/u_core_top/scoreboard_q_reg[4][pc][3]/CE","setup"
3703,-0.153,5.000,4.815,7,"student_top_inst/Core_cpu/u_core_top/u_dcache/u_tag_bank/mem_q_reg/CLKBWRCLK","student_top_inst/Core_cpu/u_core_top/scoreboard_q_reg[4][pc][7]/CE","setup"
3704,-0.152,5.000,4.883,7,"student_top_inst/Core_cpu/u_core_top/scoreboard_q_reg[3][fu][1]/C","student_top_inst/Core_cpu/u_core_top/u_frontend/u_branch_predictor/ras_q_reg[5][21]/CE","setup"
3705,-0.152,5.000,4.883,7,"student_top_inst/Core_cpu/u_core_top/scoreboard_q_reg[3][fu][1]/C","student_top_inst/Core_cpu/u_core_top/u_frontend/u_branch_predictor/ras_q_reg[5][23]/CE","setup"
3706,-0.152,5.000,4.883,7,"student_top_inst/Core_cpu/u_core_top/scoreboard_q_reg[3][fu][1]/C","student_top_inst/Core_cpu/u_core_top/u_frontend/u_branch_predictor/ras_q_reg[5][24]/CE","setup"
3707,-0.152,5.000,4.883,7,"student_top_inst/Core_cpu/u_core_top/scoreboard_q_reg[3][fu][1]/C","student_top_inst/Core_cpu/u_core_top/u_frontend/u_branch_predictor/ras_q_reg[5][25]/CE","setup"
3708,-0.152,5.000,4.883,7,"student_top_inst/Core_cpu/u_core_top/scoreboard_q_reg[3][fu][1]/C","student_top_inst/Core_cpu/u_core_top/u_frontend/u_branch_predictor/ras_q_reg[5][27]/CE","setup"
3709,-0.152,5.000,4.883,7,"student_top_inst/Core_cpu/u_core_top/scoreboard_q_reg[3][fu][1]/C","student_top_inst/Core_cpu/u_core_top/u_frontend/u_branch_predictor/ras_q_reg[5][28]/CE","setup"
3710,-0.152,5.000,4.883,7,"student_top_inst/Core_cpu/u_core_top/scoreboard_q_reg[3][fu][1]/C","student_top_inst/Core_cpu/u_core_top/u_frontend/u_branch_predictor/ras_q_reg[5][29]/CE","setup"
3711,-0.152,5.000,4.883,7,"student_top_inst/Core_cpu/u_core_top/scoreboard_q_reg[3][fu][1]/C","student_top_inst/Core_cpu/u_core_top/u_frontend/u_branch_predictor/ras_q_reg[5][31]/CE","setup"
3712,-0.152,5.000,4.708,7,"student_top_inst/Core_cpu/u_core_top/u_dcache/u_tag_bank/mem_q_reg/CLKBWRCLK","student_top_inst/Core_cpu/u_core_top/scoreboard_q_reg[5][result][14]/R","setup"
3713,-0.152,5.000,4.708,7,"student_top_inst/Core_cpu/u_core_top/u_dcache/u_tag_bank/mem_q_reg/CLKBWRCLK","student_top_inst/Core_cpu/u_core_top/scoreboard_q_reg[5][result][25]/R","setup"
3714,-0.152,5.000,4.708,7,"student_top_inst/Core_cpu/u_core_top/u_dcache/u_tag_bank/mem_q_reg/CLKBWRCLK","student_top_inst/Core_cpu/u_core_top/scoreboard_q_reg[5][result][31]/R","setup"
3715,-0.152,5.000,4.708,7,"student_top_inst/Core_cpu/u_core_top/u_dcache/u_tag_bank/mem_q_reg/CLKBWRCLK","student_top_inst/Core_cpu/u_core_top/scoreboard_q_reg[5][result][9]/R","setup"
3716,-0.151,5.000,4.857,7,"student_top_inst/Core_cpu/u_core_top/scoreboard_q_reg[3][fu][1]/C","student_top_inst/Core_cpu/u_core_top/u_frontend/u_branch_predictor/ras_q_reg[4][17]/CE","setup"
3717,-0.151,5.000,4.857,7,"student_top_inst/Core_cpu/u_core_top/scoreboard_q_reg[3][fu][1]/C","student_top_inst/Core_cpu/u_core_top/u_frontend/u_branch_predictor/ras_q_reg[4][18]/CE","setup"
3718,-0.151,5.000,5.030,7,"student_top_inst/Core_cpu/u_core_top/commit_ptr_q_reg[2]_rep/C","student_top_inst/Core_cpu/u_core_top/u_csr/mstatus_q_reg[13]/D","setup"
3719,-0.151,5.000,4.830,7,"student_top_inst/Core_cpu/u_core_top/u_dcache/u_tag_bank/mem_q_reg/CLKBWRCLK","student_top_inst/Core_cpu/u_core_top/scoreboard_q_reg[7][csr_addr][7]/CE","setup"
3720,-0.151,5.000,4.830,7,"student_top_inst/Core_cpu/u_core_top/u_dcache/u_tag_bank/mem_q_reg/CLKBWRCLK","student_top_inst/Core_cpu/u_core_top/scoreboard_q_reg[7][link_addr][20]/CE","setup"
3721,-0.151,5.000,4.830,7,"student_top_inst/Core_cpu/u_core_top/u_dcache/u_tag_bank/mem_q_reg/CLKBWRCLK","student_top_inst/Core_cpu/u_core_top/scoreboard_q_reg[7][link_addr][28]/CE","setup"
3722,-0.151,5.000,4.830,7,"student_top_inst/Core_cpu/u_core_top/u_dcache/u_tag_bank/mem_q_reg/CLKBWRCLK","student_top_inst/Core_cpu/u_core_top/scoreboard_q_reg[7][link_addr][5]/CE","setup"
3723,-0.151,5.000,4.830,7,"student_top_inst/Core_cpu/u_core_top/u_dcache/u_tag_bank/mem_q_reg/CLKBWRCLK","student_top_inst/Core_cpu/u_core_top/scoreboard_q_reg[7][pc][15]/CE","setup"
3724,-0.151,5.000,4.830,7,"student_top_inst/Core_cpu/u_core_top/u_dcache/u_tag_bank/mem_q_reg/CLKBWRCLK","student_top_inst/Core_cpu/u_core_top/scoreboard_q_reg[7][pc][16]/CE","setup"
3725,-0.151,5.000,4.830,7,"student_top_inst/Core_cpu/u_core_top/u_dcache/u_tag_bank/mem_q_reg/CLKBWRCLK","student_top_inst/Core_cpu/u_core_top/scoreboard_q_reg[7][pc][23]/CE","setup"
3726,-0.150,5.000,4.945,0,"student_top_inst/Core_cpu/u_core_top/u_dmem_regslice/req_addr_q_reg[6]/C","student_top_inst/mem_bridge/dram_adapter/dram/U0/inst_blk_mem_gen/gnbram.gnativebmg.native_blk_mem_gen/valid.cstr/ramloop[13].ram.r/prim_init.ram/DEVICE_7SERIES.NO_BMM_INFO.SP.SIMPLE_PRIM36.ram/ADDRARDADDR[7]","setup"
3727,-0.150,5.000,4.977,6,"student_top_inst/Core_cpu/u_core_top/commit_ptr_q_reg[2]_rep/C","student_top_inst/Core_cpu/u_core_top/u_csr/mscratch_q_reg[3]/D","setup"
3728,-0.150,5.000,4.834,7,"student_top_inst/Core_cpu/u_core_top/u_dcache/u_tag_bank/mem_q_reg/CLKBWRCLK","student_top_inst/Core_cpu/u_core_top/scoreboard_q_reg[5][link_addr][13]/CE","setup"
3729,-0.150,5.000,4.834,7,"student_top_inst/Core_cpu/u_core_top/u_dcache/u_tag_bank/mem_q_reg/CLKBWRCLK","student_top_inst/Core_cpu/u_core_top/scoreboard_q_reg[5][link_addr][17]/CE","setup"
3730,-0.150,5.000,4.834,7,"student_top_inst/Core_cpu/u_core_top/u_dcache/u_tag_bank/mem_q_reg/CLKBWRCLK","student_top_inst/Core_cpu/u_core_top/scoreboard_q_reg[5][link_addr][4]/CE","setup"
3731,-0.150,5.000,4.834,7,"student_top_inst/Core_cpu/u_core_top/u_dcache/u_tag_bank/mem_q_reg/CLKBWRCLK","student_top_inst/Core_cpu/u_core_top/scoreboard_q_reg[5][sys_op][1]/CE","setup"
3732,-0.150,5.000,4.834,7,"student_top_inst/Core_cpu/u_core_top/u_dcache/u_tag_bank/mem_q_reg/CLKBWRCLK","student_top_inst/Core_cpu/u_core_top/scoreboard_q_reg[5][sys_op][2]/CE","setup"
3733,-0.150,5.000,5.112,11,"student_top_inst/Core_cpu/u_core_top/store_head_q_reg[1]/C","student_top_inst/Core_cpu/u_core_top/load_active_meta_q_reg[forward_data][20]/D","setup"
3734,-0.149,5.000,4.885,0,"student_top_inst/Core_cpu/u_core_top/u_dmem_regslice/req_addr_q_reg[9]/C","student_top_inst/mem_bridge/dram_adapter/dram/U0/inst_blk_mem_gen/gnbram.gnativebmg.native_blk_mem_gen/valid.cstr/ramloop[2].ram.r/prim_init.ram/DEVICE_7SERIES.NO_BMM_INFO.SP.SIMPLE_PRIM36.ram/ADDRARDADDR[10]","setup"
3735,-0.148,5.000,4.810,7,"student_top_inst/Core_cpu/u_core_top/u_dcache/u_tag_bank/mem_q_reg/CLKBWRCLK","student_top_inst/Core_cpu/u_core_top/scoreboard_q_reg[4][csr_src][13]/CE","setup"
3736,-0.148,5.000,4.810,7,"student_top_inst/Core_cpu/u_core_top/u_dcache/u_tag_bank/mem_q_reg/CLKBWRCLK","student_top_inst/Core_cpu/u_core_top/scoreboard_q_reg[4][csr_src][14]/CE","setup"
3737,-0.148,5.000,4.810,7,"student_top_inst/Core_cpu/u_core_top/u_dcache/u_tag_bank/mem_q_reg/CLKBWRCLK","student_top_inst/Core_cpu/u_core_top/scoreboard_q_reg[4][csr_src][20]/CE","setup"
3738,-0.148,5.000,4.810,7,"student_top_inst/Core_cpu/u_core_top/u_dcache/u_tag_bank/mem_q_reg/CLKBWRCLK","student_top_inst/Core_cpu/u_core_top/scoreboard_q_reg[4][csr_src][21]/CE","setup"
3739,-0.148,5.000,4.810,7,"student_top_inst/Core_cpu/u_core_top/u_dcache/u_tag_bank/mem_q_reg/CLKBWRCLK","student_top_inst/Core_cpu/u_core_top/scoreboard_q_reg[4][csr_src][22]/CE","setup"
3740,-0.148,5.000,4.810,7,"student_top_inst/Core_cpu/u_core_top/u_dcache/u_tag_bank/mem_q_reg/CLKBWRCLK","student_top_inst/Core_cpu/u_core_top/scoreboard_q_reg[4][csr_src][26]/CE","setup"
3741,-0.148,5.000,4.810,7,"student_top_inst/Core_cpu/u_core_top/u_dcache/u_tag_bank/mem_q_reg/CLKBWRCLK","student_top_inst/Core_cpu/u_core_top/scoreboard_q_reg[4][csr_src][31]/CE","setup"
3742,-0.148,5.000,4.810,7,"student_top_inst/Core_cpu/u_core_top/u_dcache/u_tag_bank/mem_q_reg/CLKBWRCLK","student_top_inst/Core_cpu/u_core_top/scoreboard_q_reg[4][csr_src][6]/CE","setup"
3743,-0.148,5.000,4.864,9,"student_top_inst/Core_cpu/u_core_top/scoreboard_q_reg[3][fu][1]/C","student_top_inst/Core_cpu/u_core_top/scoreboard_q_reg[6][csr_op][1]/CE","setup"
3744,-0.148,5.000,4.864,9,"student_top_inst/Core_cpu/u_core_top/scoreboard_q_reg[3][fu][1]/C","student_top_inst/Core_cpu/u_core_top/scoreboard_q_reg[6][is_call]/CE","setup"
3745,-0.148,5.000,4.864,9,"student_top_inst/Core_cpu/u_core_top/scoreboard_q_reg[3][fu][1]/C","student_top_inst/Core_cpu/u_core_top/scoreboard_q_reg[6][is_return]/CE","setup"
3746,-0.148,5.000,4.864,9,"student_top_inst/Core_cpu/u_core_top/scoreboard_q_reg[3][fu][1]/C","student_top_inst/Core_cpu/u_core_top/scoreboard_q_reg[6][pc][18]/CE","setup"
3747,-0.148,5.000,4.864,9,"student_top_inst/Core_cpu/u_core_top/scoreboard_q_reg[3][fu][1]/C","student_top_inst/Core_cpu/u_core_top/scoreboard_q_reg[6][pc][20]/CE","setup"
3748,-0.148,5.000,4.864,9,"student_top_inst/Core_cpu/u_core_top/scoreboard_q_reg[3][fu][1]/C","student_top_inst/Core_cpu/u_core_top/scoreboard_q_reg[6][pc][2]/CE","setup"
3749,-0.148,5.000,4.864,9,"student_top_inst/Core_cpu/u_core_top/scoreboard_q_reg[3][fu][1]/C","student_top_inst/Core_cpu/u_core_top/scoreboard_q_reg[6][pc][7]/CE","setup"
3750,-0.148,5.000,4.811,7,"student_top_inst/Core_cpu/u_core_top/u_dcache/u_tag_bank/mem_q_reg/CLKBWRCLK","student_top_inst/Core_cpu/u_core_top/scoreboard_q_reg[4][link_addr][21]/CE","setup"
3751,-0.148,5.000,4.811,7,"student_top_inst/Core_cpu/u_core_top/u_dcache/u_tag_bank/mem_q_reg/CLKBWRCLK","student_top_inst/Core_cpu/u_core_top/scoreboard_q_reg[4][link_addr][22]/CE","setup"
3752,-0.148,5.000,4.811,7,"student_top_inst/Core_cpu/u_core_top/u_dcache/u_tag_bank/mem_q_reg/CLKBWRCLK","student_top_inst/Core_cpu/u_core_top/scoreboard_q_reg[4][link_addr][27]/CE","setup"
3753,-0.148,5.000,4.811,7,"student_top_inst/Core_cpu/u_core_top/u_dcache/u_tag_bank/mem_q_reg/CLKBWRCLK","student_top_inst/Core_cpu/u_core_top/scoreboard_q_reg[4][pc][20]/CE","setup"
3754,-0.147,5.000,4.763,0,"student_top_inst/Core_cpu/u_core_top/u_dmem_regslice/req_addr_q_reg[9]/C","student_top_inst/mem_bridge/dram_adapter/dram/U0/inst_blk_mem_gen/gnbram.gnativebmg.native_blk_mem_gen/valid.cstr/ramloop[3].ram.r/prim_init.ram/DEVICE_7SERIES.NO_BMM_INFO.SP.SIMPLE_PRIM36.ram/ADDRARDADDR[10]","setup"
3755,-0.147,5.000,4.625,7,"student_top_inst/Core_cpu/u_core_top/u_dcache/u_tag_bank/mem_q_reg/CLKBWRCLK","student_top_inst/Core_cpu/u_core_top/u_dcache/g_data_bank[2].u_data_bank/mem_q_reg_0/ADDRBWRADDR[13]","setup"
3756,-0.146,5.000,4.805,7,"student_top_inst/Core_cpu/u_core_top/u_dcache/u_tag_bank/mem_q_reg/CLKBWRCLK","student_top_inst/Core_cpu/u_core_top/scoreboard_q_reg[7][csr_addr][3]/CE","setup"
3757,-0.146,5.000,4.805,7,"student_top_inst/Core_cpu/u_core_top/u_dcache/u_tag_bank/mem_q_reg/CLKBWRCLK","student_top_inst/Core_cpu/u_core_top/scoreboard_q_reg[7][csr_addr][4]/CE","setup"
3758,-0.146,5.000,4.805,7,"student_top_inst/Core_cpu/u_core_top/u_dcache/u_tag_bank/mem_q_reg/CLKBWRCLK","student_top_inst/Core_cpu/u_core_top/scoreboard_q_reg[7][link_addr][18]/CE","setup"
3759,-0.146,5.000,4.805,7,"student_top_inst/Core_cpu/u_core_top/u_dcache/u_tag_bank/mem_q_reg/CLKBWRCLK","student_top_inst/Core_cpu/u_core_top/scoreboard_q_reg[7][link_addr][1]/CE","setup"
3760,-0.146,5.000,4.805,7,"student_top_inst/Core_cpu/u_core_top/u_dcache/u_tag_bank/mem_q_reg/CLKBWRCLK","student_top_inst/Core_cpu/u_core_top/scoreboard_q_reg[7][link_addr][21]/CE","setup"
3761,-0.146,5.000,4.805,7,"student_top_inst/Core_cpu/u_core_top/u_dcache/u_tag_bank/mem_q_reg/CLKBWRCLK","student_top_inst/Core_cpu/u_core_top/scoreboard_q_reg[7][link_addr][22]/CE","setup"
3762,-0.146,5.000,4.805,7,"student_top_inst/Core_cpu/u_core_top/u_dcache/u_tag_bank/mem_q_reg/CLKBWRCLK","student_top_inst/Core_cpu/u_core_top/scoreboard_q_reg[7][link_addr][8]/CE","setup"
3763,-0.146,5.000,4.805,7,"student_top_inst/Core_cpu/u_core_top/u_dcache/u_tag_bank/mem_q_reg/CLKBWRCLK","student_top_inst/Core_cpu/u_core_top/scoreboard_q_reg[7][pc][9]/CE","setup"
3764,-0.146,5.000,5.025,7,"student_top_inst/Core_cpu/u_core_top/commit_ptr_q_reg[2]_rep/C","student_top_inst/Core_cpu/u_core_top/u_csr/mstatus_q_reg[26]/D","setup"
3765,-0.146,5.000,5.047,10,"student_top_inst/Core_cpu/u_core_top/u_dcache/u_tag_bank/mem_q_reg/CLKBWRCLK","student_top_inst/Core_cpu/u_core_top/load_q_reg[0][addr][10]/D","setup"
3766,-0.145,5.000,5.038,9,"student_top_inst/Core_cpu/u_core_top/u_dcache/u_tag_bank/mem_q_reg/CLKBWRCLK","student_top_inst/Core_cpu/u_core_top/scoreboard_q_reg[5][result][25]/D","setup"
3767,-0.145,5.000,4.997,0,"student_top_inst/Core_cpu/u_core_top/u_dmem_regslice/req_addr_q_reg[6]/C","student_top_inst/mem_bridge/dram_adapter/dram/U0/inst_blk_mem_gen/gnbram.gnativebmg.native_blk_mem_gen/valid.cstr/ramloop[1].ram.r/prim_init.ram/DEVICE_7SERIES.NO_BMM_INFO.SP.SIMPLE_PRIM36.ram/ADDRARDADDR[7]","setup"
3768,-0.145,5.000,4.637,0,"student_top_inst/Core_cpu/u_core_top/u_dmem_regslice/req_addr_q_reg[13]/C","student_top_inst/mem_bridge/dram_adapter/dram/U0/inst_blk_mem_gen/gnbram.gnativebmg.native_blk_mem_gen/valid.cstr/ramloop[17].ram.r/prim_init.ram/DEVICE_7SERIES.NO_BMM_INFO.SP.SIMPLE_PRIM36.ram/ADDRARDADDR[14]","setup"
3769,-0.145,5.000,4.619,7,"student_top_inst/Core_cpu/u_core_top/u_dcache/u_tag_bank/mem_q_reg/CLKBWRCLK","student_top_inst/Core_cpu/u_core_top/u_dcache/g_data_bank[3].u_data_bank/mem_q_reg_0/ADDRBWRADDR[8]","setup"
3770,-0.145,5.000,4.808,7,"student_top_inst/Core_cpu/u_core_top/u_dcache/u_tag_bank/mem_q_reg/CLKBWRCLK","student_top_inst/Core_cpu/u_core_top/scoreboard_q_reg[1][result][27]/CE","setup"
3771,-0.145,5.000,4.808,7,"student_top_inst/Core_cpu/u_core_top/u_dcache/u_tag_bank/mem_q_reg/CLKBWRCLK","student_top_inst/Core_cpu/u_core_top/scoreboard_q_reg[1][result][31]/CE","setup"
3772,-0.145,5.000,5.040,8,"student_top_inst/Core_cpu/u_core_top/u_dcache/u_tag_bank/mem_q_reg/CLKBWRCLK","student_top_inst/Core_cpu/u_core_top/scoreboard_q_reg[1][exception_cause][0]/D","setup"
3773,-0.145,5.000,5.045,10,"student_top_inst/Core_cpu/u_core_top/u_dcache/u_tag_bank/mem_q_reg/CLKBWRCLK","student_top_inst/Core_cpu/u_core_top/load_q_reg[0][addr][11]/D","setup"
3774,-0.144,5.000,4.640,7,"student_top_inst/Core_cpu/u_core_top/u_dcache/u_tag_bank/mem_q_reg/CLKBWRCLK","student_top_inst/Core_cpu/u_core_top/u_dcache/g_data_bank[1].u_data_bank/mem_q_reg_1/ADDRBWRADDR[9]","setup"
3775,-0.144,5.000,5.067,8,"student_top_inst/Core_cpu/u_core_top/u_dcache/u_tag_bank/mem_q_reg/CLKBWRCLK","student_top_inst/Core_cpu/u_core_top/scoreboard_q_reg[7][result][5]/D","setup"
3776,-0.144,5.000,5.056,7,"student_top_inst/Core_cpu/u_core_top/commit_ptr_q_reg[2]_rep/C","student_top_inst/Core_cpu/u_core_top/u_csr/mstatus_q_reg[9]/D","setup"
3777,-0.143,5.000,4.968,6,"student_top_inst/Core_cpu/u_core_top/commit_ptr_q_reg[2]_rep/C","student_top_inst/Core_cpu/u_core_top/u_csr/mscratch_q_reg[11]/D","setup"
3778,-0.143,5.000,4.851,7,"student_top_inst/Core_cpu/u_core_top/scoreboard_q_reg[3][fu][1]/C","student_top_inst/Core_cpu/u_core_top/u_frontend/u_branch_predictor/ras_q_reg[1][18]/CE","setup"
3779,-0.143,5.000,4.851,7,"student_top_inst/Core_cpu/u_core_top/scoreboard_q_reg[3][fu][1]/C","student_top_inst/Core_cpu/u_core_top/u_frontend/u_branch_predictor/ras_q_reg[1][24]/CE","setup"
3780,-0.143,5.000,4.851,7,"student_top_inst/Core_cpu/u_core_top/scoreboard_q_reg[3][fu][1]/C","student_top_inst/Core_cpu/u_core_top/u_frontend/u_branch_predictor/ras_q_reg[1][25]/CE","setup"
3781,-0.143,5.000,4.851,7,"student_top_inst/Core_cpu/u_core_top/scoreboard_q_reg[3][fu][1]/C","student_top_inst/Core_cpu/u_core_top/u_frontend/u_branch_predictor/ras_q_reg[1][27]/CE","setup"
3782,-0.143,5.000,4.851,7,"student_top_inst/Core_cpu/u_core_top/scoreboard_q_reg[3][fu][1]/C","student_top_inst/Core_cpu/u_core_top/u_frontend/u_branch_predictor/ras_q_reg[1][28]/CE","setup"
3783,-0.143,5.000,5.038,8,"student_top_inst/Core_cpu/u_core_top/u_dcache/u_tag_bank/mem_q_reg/CLKBWRCLK","student_top_inst/Core_cpu/u_core_top/scoreboard_q_reg[1][exception_cause][2]/D","setup"
3784,-0.143,5.000,4.824,7,"student_top_inst/Core_cpu/u_core_top/u_dcache/u_tag_bank/mem_q_reg/CLKBWRCLK","student_top_inst/Core_cpu/u_core_top/scoreboard_q_reg[4][link_addr][24]/CE","setup"
3785,-0.143,5.000,4.824,7,"student_top_inst/Core_cpu/u_core_top/u_dcache/u_tag_bank/mem_q_reg/CLKBWRCLK","student_top_inst/Core_cpu/u_core_top/scoreboard_q_reg[4][pc][26]/CE","setup"
3786,-0.143,5.000,4.824,7,"student_top_inst/Core_cpu/u_core_top/u_dcache/u_tag_bank/mem_q_reg/CLKBWRCLK","student_top_inst/Core_cpu/u_core_top/scoreboard_q_reg[4][pc][29]/CE","setup"
3787,-0.143,5.000,4.824,7,"student_top_inst/Core_cpu/u_core_top/u_dcache/u_tag_bank/mem_q_reg/CLKBWRCLK","student_top_inst/Core_cpu/u_core_top/scoreboard_q_reg[4][pc][5]/CE","setup"
3788,-0.142,5.000,5.040,8,"student_top_inst/Core_cpu/u_core_top/u_dcache/u_tag_bank/mem_q_reg/CLKBWRCLK","student_top_inst/Core_cpu/u_core_top/scoreboard_q_reg[0][exception_tval][9]/D","setup"
3789,-0.142,5.000,5.041,9,"student_top_inst/Core_cpu/u_core_top/u_dcache/u_tag_bank/mem_q_reg/CLKBWRCLK","student_top_inst/Core_cpu/u_core_top/exec_q_reg[op2][7]/D","setup"
3790,-0.142,5.000,5.057,1,"student_top_inst/Core_cpu/u_core_top/u_dmem_regslice/req_addr_q_reg[1]/C","student_top_inst/mem_bridge/dram_adapter/dram/U0/inst_blk_mem_gen/gnbram.gnativebmg.native_blk_mem_gen/valid.cstr/ramloop[6].ram.r/prim_init.ram/DEVICE_7SERIES.NO_BMM_INFO.SP.SIMPLE_PRIM36.ram/DIADI[0]","setup"
3791,-0.141,5.000,4.985,0,"student_top_inst/Core_cpu/u_core_top/u_dmem_regslice/req_addr_q_reg[4]/C","student_top_inst/mem_bridge/dram_adapter/dram/U0/inst_blk_mem_gen/gnbram.gnativebmg.native_blk_mem_gen/valid.cstr/ramloop[15].ram.r/prim_init.ram/DEVICE_7SERIES.NO_BMM_INFO.SP.SIMPLE_PRIM36.ram/ADDRARDADDR[5]","setup"
3792,-0.141,5.000,5.035,9,"student_top_inst/Core_cpu/u_core_top/u_dcache/u_tag_bank/mem_q_reg/CLKBWRCLK","student_top_inst/Core_cpu/u_core_top/scoreboard_q_reg[6][result][22]/D","setup"
3793,-0.141,5.000,5.065,9,"student_top_inst/Core_cpu/u_core_top/u_dcache/u_tag_bank/mem_q_reg/CLKBWRCLK","student_top_inst/Core_cpu/u_core_top/scoreboard_q_reg[4][result][14]/D","setup"
3794,-0.141,5.000,5.036,8,"student_top_inst/Core_cpu/u_core_top/u_dcache/u_tag_bank/mem_q_reg/CLKBWRCLK","student_top_inst/Core_cpu/u_core_top/scoreboard_q_reg[1][exception_tval][27]/D","setup"
3795,-0.141,5.000,4.976,6,"student_top_inst/Core_cpu/u_core_top/commit_ptr_q_reg[2]_rep/C","student_top_inst/Core_cpu/u_core_top/u_csr/mcause_q_reg[10]/D","setup"
3796,-0.141,5.000,4.938,0,"student_top_inst/Core_cpu/u_core_top/u_dmem_regslice/req_addr_q_reg[10]/C","student_top_inst/mem_bridge/dram_adapter/dram/U0/inst_blk_mem_gen/gnbram.gnativebmg.native_blk_mem_gen/valid.cstr/ramloop[1].ram.r/prim_init.ram/DEVICE_7SERIES.NO_BMM_INFO.SP.SIMPLE_PRIM36.ram/ADDRARDADDR[11]","setup"
3797,-0.140,5.000,4.753,0,"student_top_inst/Core_cpu/u_core_top/u_dmem_regslice/req_addr_q_reg[7]/C","student_top_inst/mem_bridge/dram_adapter/dram/U0/inst_blk_mem_gen/gnbram.gnativebmg.native_blk_mem_gen/valid.cstr/ramloop[12].ram.r/prim_init.ram/DEVICE_7SERIES.NO_BMM_INFO.SP.SIMPLE_PRIM36.ram/ADDRARDADDR[8]","setup"
3798,-0.140,5.000,4.842,9,"student_top_inst/Core_cpu/u_core_top/scoreboard_q_reg[3][fu][1]/C","student_top_inst/Core_cpu/u_core_top/scoreboard_q_reg[6][link_addr][0]/CE","setup"
3799,-0.140,5.000,4.842,9,"student_top_inst/Core_cpu/u_core_top/scoreboard_q_reg[3][fu][1]/C","student_top_inst/Core_cpu/u_core_top/scoreboard_q_reg[6][link_addr][10]/CE","setup"
3800,-0.140,5.000,4.842,9,"student_top_inst/Core_cpu/u_core_top/scoreboard_q_reg[3][fu][1]/C","student_top_inst/Core_cpu/u_core_top/scoreboard_q_reg[6][link_addr][14]/CE","setup"
3801,-0.140,5.000,4.842,9,"student_top_inst/Core_cpu/u_core_top/scoreboard_q_reg[3][fu][1]/C","student_top_inst/Core_cpu/u_core_top/scoreboard_q_reg[6][link_addr][17]/CE","setup"
3802,-0.140,5.000,4.842,9,"student_top_inst/Core_cpu/u_core_top/scoreboard_q_reg[3][fu][1]/C","student_top_inst/Core_cpu/u_core_top/scoreboard_q_reg[6][link_addr][19]/CE","setup"
3803,-0.140,5.000,4.842,9,"student_top_inst/Core_cpu/u_core_top/scoreboard_q_reg[3][fu][1]/C","student_top_inst/Core_cpu/u_core_top/scoreboard_q_reg[6][link_addr][21]/CE","setup"
3804,-0.140,5.000,4.842,9,"student_top_inst/Core_cpu/u_core_top/scoreboard_q_reg[3][fu][1]/C","student_top_inst/Core_cpu/u_core_top/scoreboard_q_reg[6][link_addr][6]/CE","setup"
3805,-0.140,5.000,4.842,9,"student_top_inst/Core_cpu/u_core_top/scoreboard_q_reg[3][fu][1]/C","student_top_inst/Core_cpu/u_core_top/scoreboard_q_reg[6][pc][8]/CE","setup"
3806,-0.140,5.000,4.575,0,"student_top_inst/cpu_rst_sync_reg/C","student_top_inst/Core_cpu/u_core_top/exec_q_reg[uop][imm][17]/R","setup"
3807,-0.140,5.000,4.575,0,"student_top_inst/cpu_rst_sync_reg/C","student_top_inst/Core_cpu/u_core_top/exec_q_reg[uop][imm][31]/R","setup"
3808,-0.140,5.000,4.575,0,"student_top_inst/cpu_rst_sync_reg/C","student_top_inst/Core_cpu/u_core_top/exec_q_reg[uop][rd][4]/R","setup"
3809,-0.140,5.000,4.575,0,"student_top_inst/cpu_rst_sync_reg/C","student_top_inst/Core_cpu/u_core_top/exec_q_reg[uop][rs1][0]/R","setup"
3810,-0.140,5.000,4.575,0,"student_top_inst/cpu_rst_sync_reg/C","student_top_inst/Core_cpu/u_core_top/exec_q_reg[uop][rs1][3]/R","setup"
3811,-0.140,5.000,4.575,0,"student_top_inst/cpu_rst_sync_reg/C","student_top_inst/Core_cpu/u_core_top/exec_q_reg[uop][rs1][4]/R","setup"
3812,-0.140,5.000,5.070,10,"student_top_inst/Core_cpu/u_core_top/u_dcache/u_tag_bank/mem_q_reg/CLKBWRCLK","student_top_inst/Core_cpu/u_core_top/load_q_reg[0][forward_data][25]/D","setup"
3813,-0.139,5.000,5.039,8,"student_top_inst/Core_cpu/u_core_top/u_dcache/u_tag_bank/mem_q_reg/CLKBWRCLK","student_top_inst/Core_cpu/u_core_top/scoreboard_q_reg[1][exception_tval][19]/D","setup"
3814,-0.139,5.000,5.101,12,"student_top_inst/Core_cpu/u_core_top/store_head_q_reg[1]/C","student_top_inst/Core_cpu/u_core_top/load_active_meta_q_reg[forward_data][19]/D","setup"
3815,-0.139,5.000,5.032,9,"student_top_inst/Core_cpu/u_core_top/u_dcache/u_tag_bank/mem_q_reg/CLKBWRCLK","student_top_inst/Core_cpu/u_core_top/scoreboard_q_reg[4][result][11]/D","setup"
3816,-0.139,5.000,5.037,8,"student_top_inst/Core_cpu/u_core_top/u_dcache/u_tag_bank/mem_q_reg/CLKBWRCLK","student_top_inst/Core_cpu/u_core_top/scoreboard_q_reg[0][exception_tval][8]/D","setup"
3817,-0.138,5.000,4.819,7,"student_top_inst/Core_cpu/u_core_top/u_dcache/u_tag_bank/mem_q_reg/CLKBWRCLK","student_top_inst/Core_cpu/u_core_top/scoreboard_q_reg[5][csr_op][0]/CE","setup"
3818,-0.138,5.000,4.819,7,"student_top_inst/Core_cpu/u_core_top/u_dcache/u_tag_bank/mem_q_reg/CLKBWRCLK","student_top_inst/Core_cpu/u_core_top/scoreboard_q_reg[5][link_addr][10]/CE","setup"
3819,-0.138,5.000,4.819,7,"student_top_inst/Core_cpu/u_core_top/u_dcache/u_tag_bank/mem_q_reg/CLKBWRCLK","student_top_inst/Core_cpu/u_core_top/scoreboard_q_reg[5][link_addr][11]/CE","setup"
3820,-0.138,5.000,4.819,7,"student_top_inst/Core_cpu/u_core_top/u_dcache/u_tag_bank/mem_q_reg/CLKBWRCLK","student_top_inst/Core_cpu/u_core_top/scoreboard_q_reg[5][link_addr][3]/CE","setup"
3821,-0.138,5.000,4.819,7,"student_top_inst/Core_cpu/u_core_top/u_dcache/u_tag_bank/mem_q_reg/CLKBWRCLK","student_top_inst/Core_cpu/u_core_top/scoreboard_q_reg[5][link_addr][9]/CE","setup"
3822,-0.138,5.000,4.819,7,"student_top_inst/Core_cpu/u_core_top/u_dcache/u_tag_bank/mem_q_reg/CLKBWRCLK","student_top_inst/Core_cpu/u_core_top/scoreboard_q_reg[5][pc][20]/CE","setup"
3823,-0.138,5.000,4.819,7,"student_top_inst/Core_cpu/u_core_top/u_dcache/u_tag_bank/mem_q_reg/CLKBWRCLK","student_top_inst/Core_cpu/u_core_top/scoreboard_q_reg[5][pc][27]/CE","setup"
3824,-0.138,5.000,4.819,7,"student_top_inst/Core_cpu/u_core_top/u_dcache/u_tag_bank/mem_q_reg/CLKBWRCLK","student_top_inst/Core_cpu/u_core_top/scoreboard_q_reg[5][rd][0]/CE","setup"
3825,-0.138,5.000,4.720,8,"student_top_inst/Core_cpu/u_core_top/scoreboard_q_reg[3][fu][1]/C","student_top_inst/Core_cpu/u_core_top/u_dcache/g_data_bank[3].u_data_bank/mem_q_reg_1/ADDRARDADDR[6]","setup"
3826,-0.138,5.000,4.823,7,"student_top_inst/Core_cpu/u_core_top/u_dcache/u_tag_bank/mem_q_reg/CLKBWRCLK","student_top_inst/Core_cpu/u_core_top/scoreboard_q_reg[4][csr_src][0]/CE","setup"
3827,-0.138,5.000,4.823,7,"student_top_inst/Core_cpu/u_core_top/u_dcache/u_tag_bank/mem_q_reg/CLKBWRCLK","student_top_inst/Core_cpu/u_core_top/scoreboard_q_reg[4][csr_src][10]/CE","setup"
3828,-0.138,5.000,4.823,7,"student_top_inst/Core_cpu/u_core_top/u_dcache/u_tag_bank/mem_q_reg/CLKBWRCLK","student_top_inst/Core_cpu/u_core_top/scoreboard_q_reg[4][csr_src][17]/CE","setup"
3829,-0.138,5.000,4.823,7,"student_top_inst/Core_cpu/u_core_top/u_dcache/u_tag_bank/mem_q_reg/CLKBWRCLK","student_top_inst/Core_cpu/u_core_top/scoreboard_q_reg[4][csr_src][18]/CE","setup"
3830,-0.138,5.000,4.823,7,"student_top_inst/Core_cpu/u_core_top/u_dcache/u_tag_bank/mem_q_reg/CLKBWRCLK","student_top_inst/Core_cpu/u_core_top/scoreboard_q_reg[4][csr_src][1]/CE","setup"
3831,-0.138,5.000,4.823,7,"student_top_inst/Core_cpu/u_core_top/u_dcache/u_tag_bank/mem_q_reg/CLKBWRCLK","student_top_inst/Core_cpu/u_core_top/scoreboard_q_reg[4][csr_src][3]/CE","setup"
3832,-0.138,5.000,4.823,7,"student_top_inst/Core_cpu/u_core_top/u_dcache/u_tag_bank/mem_q_reg/CLKBWRCLK","student_top_inst/Core_cpu/u_core_top/scoreboard_q_reg[4][csr_src][4]/CE","setup"
3833,-0.138,5.000,4.823,7,"student_top_inst/Core_cpu/u_core_top/u_dcache/u_tag_bank/mem_q_reg/CLKBWRCLK","student_top_inst/Core_cpu/u_core_top/scoreboard_q_reg[4][csr_src][5]/CE","setup"
3834,-0.137,5.000,5.032,8,"student_top_inst/Core_cpu/u_core_top/u_dcache/u_tag_bank/mem_q_reg/CLKBWRCLK","student_top_inst/Core_cpu/u_core_top/scoreboard_q_reg[4][done]/D","setup"
3835,-0.137,5.000,5.029,8,"student_top_inst/Core_cpu/u_core_top/u_dcache/u_tag_bank/mem_q_reg/CLKBWRCLK","student_top_inst/Core_cpu/u_core_top/scoreboard_q_reg[6][result][5]/D","setup"
3836,-0.137,5.000,5.067,7,"student_top_inst/Core_cpu/u_core_top/commit_ptr_q_reg[2]_rep/C","student_top_inst/Core_cpu/u_core_top/u_csr/mtval_q_reg[12]/D","setup"
3837,-0.137,5.000,4.819,7,"student_top_inst/Core_cpu/u_core_top/u_dcache/u_tag_bank/mem_q_reg/CLKBWRCLK","student_top_inst/Core_cpu/u_core_top/scoreboard_q_reg[4][result][0]/CE","setup"
3838,-0.137,5.000,4.643,7,"student_top_inst/Core_cpu/u_core_top/u_dcache/u_tag_bank/mem_q_reg/CLKBWRCLK","student_top_inst/Core_cpu/u_core_top/u_dcache/g_data_bank[2].u_data_bank/mem_q_reg_1/ADDRBWRADDR[8]","setup"
3839,-0.137,5.000,5.059,10,"student_top_inst/Core_cpu/u_core_top/u_dcache/u_tag_bank/mem_q_reg/CLKBWRCLK","student_top_inst/Core_cpu/u_core_top/u_dmem_regslice/req_wdata_q_reg[8]/D","setup"
3840,-0.137,5.000,5.068,12,"student_top_inst/Core_cpu/u_core_top/store_head_q_reg[1]/C","student_top_inst/Core_cpu/u_core_top/load_active_meta_q_reg[forward_data][30]/D","setup"
3841,-0.137,5.000,4.834,9,"student_top_inst/Core_cpu/u_core_top/scoreboard_q_reg[3][fu][1]/C","student_top_inst/Core_cpu/u_core_top/scoreboard_q_reg[6][link_addr][1]/CE","setup"
3842,-0.137,5.000,4.834,9,"student_top_inst/Core_cpu/u_core_top/scoreboard_q_reg[3][fu][1]/C","student_top_inst/Core_cpu/u_core_top/scoreboard_q_reg[6][link_addr][8]/CE","setup"
3843,-0.137,5.000,4.834,9,"student_top_inst/Core_cpu/u_core_top/scoreboard_q_reg[3][fu][1]/C","student_top_inst/Core_cpu/u_core_top/scoreboard_q_reg[6][pc][3]/CE","setup"
3844,-0.137,5.000,4.834,9,"student_top_inst/Core_cpu/u_core_top/scoreboard_q_reg[3][fu][1]/C","student_top_inst/Core_cpu/u_core_top/scoreboard_q_reg[6][pc][6]/CE","setup"
3845,-0.137,5.000,4.834,9,"student_top_inst/Core_cpu/u_core_top/scoreboard_q_reg[3][fu][1]/C","student_top_inst/Core_cpu/u_core_top/scoreboard_q_reg[6][pc][9]/CE","setup"
3846,-0.136,5.000,5.061,9,"student_top_inst/Core_cpu/u_core_top/u_dcache/u_tag_bank/mem_q_reg/CLKBWRCLK","student_top_inst/Core_cpu/u_core_top/scoreboard_q_reg[0][result][16]/D","setup"
3847,-0.136,5.000,4.608,0,"student_top_inst/cpu_rst_sync_reg/C","student_top_inst/Core_cpu/u_core_top/u_frontend/u_branch_predictor/valid_q_reg[0]/R","setup"
3848,-0.136,5.000,4.802,7,"student_top_inst/Core_cpu/u_core_top/u_dcache/u_tag_bank/mem_q_reg/CLKBWRCLK","student_top_inst/Core_cpu/u_core_top/scoreboard_q_reg[3][link_addr][10]/CE","setup"
3849,-0.136,5.000,4.802,7,"student_top_inst/Core_cpu/u_core_top/u_dcache/u_tag_bank/mem_q_reg/CLKBWRCLK","student_top_inst/Core_cpu/u_core_top/scoreboard_q_reg[3][link_addr][12]/CE","setup"
3850,-0.136,5.000,4.802,7,"student_top_inst/Core_cpu/u_core_top/u_dcache/u_tag_bank/mem_q_reg/CLKBWRCLK","student_top_inst/Core_cpu/u_core_top/scoreboard_q_reg[3][link_addr][25]/CE","setup"
3851,-0.136,5.000,4.802,7,"student_top_inst/Core_cpu/u_core_top/u_dcache/u_tag_bank/mem_q_reg/CLKBWRCLK","student_top_inst/Core_cpu/u_core_top/scoreboard_q_reg[3][link_addr][2]/CE","setup"
3852,-0.136,5.000,4.971,6,"student_top_inst/Core_cpu/u_core_top/commit_ptr_q_reg[2]_rep/C","student_top_inst/Core_cpu/u_core_top/u_csr/mscratch_q_reg[28]/D","setup"
3853,-0.136,5.000,5.064,7,"student_top_inst/Core_cpu/u_core_top/commit_ptr_q_reg[2]_rep/C","student_top_inst/Core_cpu/u_core_top/u_csr/mtval_q_reg[7]/D","setup"
3854,-0.136,5.000,5.033,8,"student_top_inst/Core_cpu/u_core_top/u_dcache/u_tag_bank/mem_q_reg/CLKBWRCLK","student_top_inst/Core_cpu/u_core_top/scoreboard_q_reg[3][exception_tval][29]/D","setup"
3855,-0.135,5.000,5.040,10,"student_top_inst/Core_cpu/u_core_top/u_dcache/u_tag_bank/mem_q_reg/CLKBWRCLK","student_top_inst/Core_cpu/u_core_top/u_dmem_regslice/req_wdata_q_reg[10]/D","setup"
3856,-0.135,5.000,4.871,0,"student_top_inst/Core_cpu/u_core_top/u_dmem_regslice/req_addr_q_reg[8]/C","student_top_inst/mem_bridge/dram_adapter/dram/U0/inst_blk_mem_gen/gnbram.gnativebmg.native_blk_mem_gen/valid.cstr/ramloop[2].ram.r/prim_init.ram/DEVICE_7SERIES.NO_BMM_INFO.SP.SIMPLE_PRIM36.ram/ADDRARDADDR[9]","setup"
3857,-0.135,5.000,4.828,9,"student_top_inst/Core_cpu/u_core_top/scoreboard_q_reg[3][fu][1]/C","student_top_inst/Core_cpu/u_core_top/scoreboard_q_reg[1][csr_op][1]/CE","setup"
3858,-0.135,5.000,4.828,9,"student_top_inst/Core_cpu/u_core_top/scoreboard_q_reg[3][fu][1]/C","student_top_inst/Core_cpu/u_core_top/scoreboard_q_reg[1][pc][18]/CE","setup"
3859,-0.135,5.000,4.828,9,"student_top_inst/Core_cpu/u_core_top/scoreboard_q_reg[3][fu][1]/C","student_top_inst/Core_cpu/u_core_top/scoreboard_q_reg[1][pc][26]/CE","setup"
3860,-0.135,5.000,4.828,9,"student_top_inst/Core_cpu/u_core_top/scoreboard_q_reg[3][fu][1]/C","student_top_inst/Core_cpu/u_core_top/scoreboard_q_reg[1][pc][7]/CE","setup"
3861,-0.135,5.000,4.828,9,"student_top_inst/Core_cpu/u_core_top/scoreboard_q_reg[3][fu][1]/C","student_top_inst/Core_cpu/u_core_top/scoreboard_q_reg[1][sys_op][0]/CE","setup"
3862,-0.134,5.000,4.921,0,"student_top_inst/Core_cpu/u_core_top/u_dmem_regslice/req_addr_q_reg[12]/C","student_top_inst/mem_bridge/dram_adapter/dram/U0/inst_blk_mem_gen/gnbram.gnativebmg.native_blk_mem_gen/valid.cstr/ramloop[15].ram.r/prim_init.ram/DEVICE_7SERIES.NO_BMM_INFO.SP.SIMPLE_PRIM36.ram/ADDRARDADDR[13]","setup"
3863,-0.134,5.000,4.653,8,"student_top_inst/Core_cpu/u_core_top/scoreboard_q_reg[3][fu][1]/C","student_top_inst/Core_cpu/u_core_top/u_dcache/g_data_bank[0].u_data_bank/mem_q_reg_0/ADDRARDADDR[13]","setup"
3864,-0.133,5.000,4.601,1,"student_top_inst/cpu_rst_sync_reg/C","student_top_inst/Core_cpu/u_core_top/u_csr/mcause_q_reg[20]/R","setup"
3865,-0.133,5.000,4.601,1,"student_top_inst/cpu_rst_sync_reg/C","student_top_inst/Core_cpu/u_core_top/u_csr/mcause_q_reg[22]/R","setup"
3866,-0.133,5.000,4.601,1,"student_top_inst/cpu_rst_sync_reg/C","student_top_inst/Core_cpu/u_core_top/u_csr/mcause_q_reg[25]/R","setup"
3867,-0.133,5.000,4.601,1,"student_top_inst/cpu_rst_sync_reg/C","student_top_inst/Core_cpu/u_core_top/u_csr/mcause_q_reg[31]/R","setup"
3868,-0.133,5.000,5.052,8,"student_top_inst/Core_cpu/u_core_top/u_dcache/u_tag_bank/mem_q_reg/CLKBWRCLK","student_top_inst/Core_cpu/u_core_top/scoreboard_q_reg[2][exception_tval][10]/D","setup"
3869,-0.133,5.000,5.054,8,"student_top_inst/Core_cpu/u_core_top/u_dcache/u_tag_bank/mem_q_reg/CLKBWRCLK","student_top_inst/Core_cpu/u_core_top/scoreboard_q_reg[2][exception_tval][25]/D","setup"
3870,-0.133,5.000,4.842,7,"student_top_inst/Core_cpu/u_core_top/scoreboard_q_reg[3][fu][1]/C","student_top_inst/Core_cpu/u_core_top/u_frontend/u_branch_predictor/ras_q_reg[0][24]/CE","setup"
3871,-0.133,5.000,4.842,7,"student_top_inst/Core_cpu/u_core_top/scoreboard_q_reg[3][fu][1]/C","student_top_inst/Core_cpu/u_core_top/u_frontend/u_branch_predictor/ras_q_reg[0][25]/CE","setup"
3872,-0.133,5.000,4.842,7,"student_top_inst/Core_cpu/u_core_top/scoreboard_q_reg[3][fu][1]/C","student_top_inst/Core_cpu/u_core_top/u_frontend/u_branch_predictor/ras_q_reg[0][27]/CE","setup"
3873,-0.133,5.000,4.842,7,"student_top_inst/Core_cpu/u_core_top/scoreboard_q_reg[3][fu][1]/C","student_top_inst/Core_cpu/u_core_top/u_frontend/u_branch_predictor/ras_q_reg[0][28]/CE","setup"
3874,-0.133,5.000,4.867,0,"student_top_inst/Core_cpu/u_core_top/u_dmem_regslice/req_addr_q_reg[5]/C","student_top_inst/mem_bridge/dram_adapter/dram/U0/inst_blk_mem_gen/gnbram.gnativebmg.native_blk_mem_gen/valid.cstr/ramloop[5].ram.r/prim_init.ram/DEVICE_7SERIES.NO_BMM_INFO.SP.SIMPLE_PRIM36.ram/ADDRARDADDR[6]","setup"
3875,-0.131,5.000,4.956,6,"student_top_inst/Core_cpu/u_core_top/commit_ptr_q_reg[2]_rep/C","student_top_inst/Core_cpu/u_core_top/u_csr/mscratch_q_reg[14]/D","setup"
3876,-0.131,5.000,4.864,7,"student_top_inst/Core_cpu/u_core_top/scoreboard_q_reg[3][fu][1]/C","student_top_inst/Core_cpu/u_core_top/u_frontend/u_branch_predictor/ras_q_reg[6][25]/CE","setup"
3877,-0.131,5.000,4.864,7,"student_top_inst/Core_cpu/u_core_top/scoreboard_q_reg[3][fu][1]/C","student_top_inst/Core_cpu/u_core_top/u_frontend/u_branch_predictor/ras_q_reg[6][27]/CE","setup"
3878,-0.131,5.000,4.864,7,"student_top_inst/Core_cpu/u_core_top/scoreboard_q_reg[3][fu][1]/C","student_top_inst/Core_cpu/u_core_top/u_frontend/u_branch_predictor/ras_q_reg[6][28]/CE","setup"
3879,-0.131,5.000,4.864,7,"student_top_inst/Core_cpu/u_core_top/scoreboard_q_reg[3][fu][1]/C","student_top_inst/Core_cpu/u_core_top/u_frontend/u_branch_predictor/ras_q_reg[6][31]/CE","setup"
3880,-0.131,5.000,4.965,6,"student_top_inst/Core_cpu/u_core_top/commit_ptr_q_reg[2]_rep/C","student_top_inst/Core_cpu/u_core_top/u_csr/mtvec_q_reg[24]/D","setup"
3881,-0.130,5.000,4.810,7,"student_top_inst/Core_cpu/u_core_top/u_dcache/u_tag_bank/mem_q_reg/CLKBWRCLK","student_top_inst/Core_cpu/u_core_top/scoreboard_q_reg[7][csr_addr][8]/CE","setup"
3882,-0.130,5.000,4.810,7,"student_top_inst/Core_cpu/u_core_top/u_dcache/u_tag_bank/mem_q_reg/CLKBWRCLK","student_top_inst/Core_cpu/u_core_top/scoreboard_q_reg[7][fu][0]/CE","setup"
3883,-0.130,5.000,4.810,7,"student_top_inst/Core_cpu/u_core_top/u_dcache/u_tag_bank/mem_q_reg/CLKBWRCLK","student_top_inst/Core_cpu/u_core_top/scoreboard_q_reg[7][fu][1]/CE","setup"
3884,-0.130,5.000,4.810,7,"student_top_inst/Core_cpu/u_core_top/u_dcache/u_tag_bank/mem_q_reg/CLKBWRCLK","student_top_inst/Core_cpu/u_core_top/scoreboard_q_reg[7][fu][2]/CE","setup"
3885,-0.130,5.000,4.810,7,"student_top_inst/Core_cpu/u_core_top/u_dcache/u_tag_bank/mem_q_reg/CLKBWRCLK","student_top_inst/Core_cpu/u_core_top/scoreboard_q_reg[7][link_addr][11]/CE","setup"
3886,-0.130,5.000,4.810,7,"student_top_inst/Core_cpu/u_core_top/u_dcache/u_tag_bank/mem_q_reg/CLKBWRCLK","student_top_inst/Core_cpu/u_core_top/scoreboard_q_reg[7][link_addr][16]/CE","setup"
3887,-0.130,5.000,4.810,7,"student_top_inst/Core_cpu/u_core_top/u_dcache/u_tag_bank/mem_q_reg/CLKBWRCLK","student_top_inst/Core_cpu/u_core_top/scoreboard_q_reg[7][pc][31]/CE","setup"
3888,-0.130,5.000,4.810,7,"student_top_inst/Core_cpu/u_core_top/u_dcache/u_tag_bank/mem_q_reg/CLKBWRCLK","student_top_inst/Core_cpu/u_core_top/scoreboard_q_reg[7][rd][0]/CE","setup"
3889,-0.130,5.000,5.050,8,"student_top_inst/Core_cpu/u_core_top/u_dcache/u_tag_bank/mem_q_reg/CLKBWRCLK","student_top_inst/Core_cpu/u_core_top/scoreboard_q_reg[2][exception_tval][15]/D","setup"
3890,-0.130,5.000,5.020,8,"student_top_inst/Core_cpu/u_core_top/u_dcache/u_tag_bank/mem_q_reg/CLKBWRCLK","student_top_inst/Core_cpu/u_core_top/scoreboard_q_reg[1][exception_cause][3]/D","setup"
3891,-0.130,5.000,4.654,7,"student_top_inst/Core_cpu/u_core_top/u_dcache/u_tag_bank/mem_q_reg/CLKBWRCLK","student_top_inst/Core_cpu/u_core_top/u_dcache/u_tag_bank/mem_q_reg/ADDRBWRADDR[14]","setup"
3892,-0.130,5.000,5.051,8,"student_top_inst/Core_cpu/u_core_top/u_dcache/u_tag_bank/mem_q_reg/CLKBWRCLK","student_top_inst/Core_cpu/u_core_top/scoreboard_q_reg[1][exception_tval][18]/D","setup"
3893,-0.130,5.000,5.053,8,"student_top_inst/Core_cpu/u_core_top/u_dcache/u_tag_bank/mem_q_reg/CLKBWRCLK","student_top_inst/Core_cpu/u_core_top/scoreboard_q_reg[1][exception_tval][7]/D","setup"
3894,-0.129,5.000,5.026,8,"student_top_inst/Core_cpu/u_core_top/u_dcache/u_tag_bank/mem_q_reg/CLKBWRCLK","student_top_inst/Core_cpu/u_core_top/scoreboard_q_reg[4][exception_tval][10]/D","setup"
3895,-0.129,5.000,5.050,8,"student_top_inst/Core_cpu/u_core_top/u_dcache/u_tag_bank/mem_q_reg/CLKBWRCLK","student_top_inst/Core_cpu/u_core_top/scoreboard_q_reg[2][exception_tval][23]/D","setup"
3896,-0.128,5.000,5.024,8,"student_top_inst/Core_cpu/u_core_top/u_dcache/u_tag_bank/mem_q_reg/CLKBWRCLK","student_top_inst/Core_cpu/u_core_top/scoreboard_q_reg[4][exception_tval][16]/D","setup"
3897,-0.128,5.000,4.955,6,"student_top_inst/Core_cpu/u_core_top/commit_ptr_q_reg[2]_rep/C","student_top_inst/Core_cpu/u_core_top/u_csr/mtvec_q_reg[9]/D","setup"
3898,-0.128,5.000,4.696,0,"student_top_inst/Core_cpu/u_core_top/u_dmem_regslice/req_addr_q_reg[3]/C","student_top_inst/mem_bridge/dram_adapter/dram/U0/inst_blk_mem_gen/gnbram.gnativebmg.native_blk_mem_gen/valid.cstr/ramloop[45].ram.r/prim_init.ram/DEVICE_7SERIES.NO_BMM_INFO.SP.SIMPLE_PRIM36.ram/ADDRARDADDR[4]","setup"
3899,-0.127,5.000,5.053,9,"student_top_inst/Core_cpu/u_core_top/u_dcache/u_tag_bank/mem_q_reg/CLKBWRCLK","student_top_inst/Core_cpu/u_core_top/scoreboard_q_reg[1][result][15]/D","setup"
3900,-0.127,5.000,4.636,8,"student_top_inst/Core_cpu/u_core_top/scoreboard_q_reg[3][fu][1]/C","student_top_inst/Core_cpu/u_core_top/u_dcache/g_data_bank[1].u_data_bank/mem_q_reg_1/ADDRARDADDR[5]","setup"
3901,-0.127,5.000,4.633,7,"student_top_inst/Core_cpu/u_core_top/u_dcache/u_tag_bank/mem_q_reg/CLKBWRCLK","student_top_inst/Core_cpu/u_core_top/u_dcache/g_data_bank[2].u_data_bank/mem_q_reg_1/ADDRBWRADDR[9]","setup"
3902,-0.126,5.000,5.002,7,"student_top_inst/Core_cpu/u_core_top/commit_ptr_q_reg[2]_rep/C","student_top_inst/Core_cpu/u_core_top/u_csr/mtval_q_reg[10]/D","setup"
3903,-0.126,5.000,5.019,9,"student_top_inst/Core_cpu/u_core_top/u_dcache/u_tag_bank/mem_q_reg/CLKBWRCLK","student_top_inst/Core_cpu/u_core_top/scoreboard_q_reg[5][result][16]/D","setup"
3904,-0.126,5.000,5.018,8,"student_top_inst/Core_cpu/u_core_top/u_dcache/u_tag_bank/mem_q_reg/CLKBWRCLK","student_top_inst/Core_cpu/u_core_top/scoreboard_q_reg[1][exception_valid]/D","setup"
3905,-0.126,5.000,5.055,8,"student_top_inst/Core_cpu/u_core_top/u_dcache/u_tag_bank/mem_q_reg/CLKBWRCLK","student_top_inst/Core_cpu/u_core_top/scoreboard_q_reg[5][store_slot][0]/D","setup"
3906,-0.126,5.000,5.049,8,"student_top_inst/Core_cpu/u_core_top/u_dcache/u_tag_bank/mem_q_reg/CLKBWRCLK","student_top_inst/Core_cpu/u_core_top/scoreboard_q_reg[1][exception_tval][6]/D","setup"
3907,-0.126,5.000,5.037,7,"student_top_inst/Core_cpu/u_core_top/commit_ptr_q_reg[2]_rep/C","student_top_inst/Core_cpu/u_core_top/u_csr/mstatus_q_reg[5]/D","setup"
3908,-0.126,5.000,4.808,7,"student_top_inst/Core_cpu/u_core_top/u_dcache/u_tag_bank/mem_q_reg/CLKBWRCLK","student_top_inst/Core_cpu/u_core_top/scoreboard_q_reg[4][result][16]/CE","setup"
3909,-0.126,5.000,4.808,7,"student_top_inst/Core_cpu/u_core_top/u_dcache/u_tag_bank/mem_q_reg/CLKBWRCLK","student_top_inst/Core_cpu/u_core_top/scoreboard_q_reg[4][result][21]/CE","setup"
3910,-0.126,5.000,4.808,7,"student_top_inst/Core_cpu/u_core_top/u_dcache/u_tag_bank/mem_q_reg/CLKBWRCLK","student_top_inst/Core_cpu/u_core_top/scoreboard_q_reg[4][result][29]/CE","setup"
3911,-0.125,5.000,5.004,7,"student_top_inst/Core_cpu/u_core_top/commit_ptr_q_reg[2]_rep/C","student_top_inst/Core_cpu/u_core_top/u_csr/mstatus_q_reg[24]/D","setup"
3912,-0.125,5.000,4.826,9,"student_top_inst/Core_cpu/u_core_top/scoreboard_q_reg[3][fu][1]/C","student_top_inst/Core_cpu/u_core_top/scoreboard_q_reg[1][pc][15]/CE","setup"
3913,-0.125,5.000,4.826,9,"student_top_inst/Core_cpu/u_core_top/scoreboard_q_reg[3][fu][1]/C","student_top_inst/Core_cpu/u_core_top/scoreboard_q_reg[1][pc][21]/CE","setup"
3914,-0.125,5.000,4.826,9,"student_top_inst/Core_cpu/u_core_top/scoreboard_q_reg[3][fu][1]/C","student_top_inst/Core_cpu/u_core_top/scoreboard_q_reg[1][pc][24]/CE","setup"
3915,-0.125,5.000,4.826,9,"student_top_inst/Core_cpu/u_core_top/scoreboard_q_reg[3][fu][1]/C","student_top_inst/Core_cpu/u_core_top/scoreboard_q_reg[1][pc][25]/CE","setup"
3916,-0.125,5.000,4.826,9,"student_top_inst/Core_cpu/u_core_top/scoreboard_q_reg[3][fu][1]/C","student_top_inst/Core_cpu/u_core_top/scoreboard_q_reg[1][pc][2]/CE","setup"
3917,-0.125,5.000,4.826,9,"student_top_inst/Core_cpu/u_core_top/scoreboard_q_reg[3][fu][1]/C","student_top_inst/Core_cpu/u_core_top/scoreboard_q_reg[1][pc][30]/CE","setup"
3918,-0.125,5.000,4.826,9,"student_top_inst/Core_cpu/u_core_top/scoreboard_q_reg[3][fu][1]/C","student_top_inst/Core_cpu/u_core_top/scoreboard_q_reg[1][pc][31]/CE","setup"
3919,-0.124,5.000,4.913,0,"student_top_inst/Core_cpu/u_core_top/u_dmem_regslice/req_addr_q_reg[10]/C","student_top_inst/mem_bridge/dram_adapter/dram/U0/inst_blk_mem_gen/gnbram.gnativebmg.native_blk_mem_gen/valid.cstr/ramloop[15].ram.r/prim_init.ram/DEVICE_7SERIES.NO_BMM_INFO.SP.SIMPLE_PRIM36.ram/ADDRARDADDR[11]","setup"
3920,-0.124,5.000,4.807,7,"student_top_inst/Core_cpu/u_core_top/u_dcache/u_tag_bank/mem_q_reg/CLKBWRCLK","student_top_inst/Core_cpu/u_core_top/scoreboard_q_reg[0][result][12]/CE","setup"
3921,-0.124,5.000,4.807,7,"student_top_inst/Core_cpu/u_core_top/u_dcache/u_tag_bank/mem_q_reg/CLKBWRCLK","student_top_inst/Core_cpu/u_core_top/scoreboard_q_reg[0][result][13]/CE","setup"
3922,-0.124,5.000,4.807,7,"student_top_inst/Core_cpu/u_core_top/u_dcache/u_tag_bank/mem_q_reg/CLKBWRCLK","student_top_inst/Core_cpu/u_core_top/scoreboard_q_reg[0][result][21]/CE","setup"
3923,-0.124,5.000,4.807,7,"student_top_inst/Core_cpu/u_core_top/u_dcache/u_tag_bank/mem_q_reg/CLKBWRCLK","student_top_inst/Core_cpu/u_core_top/scoreboard_q_reg[0][result][22]/CE","setup"
3924,-0.123,5.000,5.021,10,"student_top_inst/Core_cpu/u_core_top/u_dcache/u_tag_bank/mem_q_reg/CLKBWRCLK","student_top_inst/Core_cpu/u_core_top/store_committed_q_reg[0]/D","setup"
3925,-0.122,5.000,5.020,8,"student_top_inst/Core_cpu/u_core_top/u_dcache/u_tag_bank/mem_q_reg/CLKBWRCLK","student_top_inst/Core_cpu/u_core_top/scoreboard_q_reg[5][occupied]/D","setup"
3926,-0.121,5.000,5.056,10,"student_top_inst/Core_cpu/u_core_top/u_dcache/u_tag_bank/mem_q_reg/CLKBWRCLK","student_top_inst/Core_cpu/u_core_top/exec_mem_addr_q_reg[0]/D","setup"
3927,-0.121,5.000,4.851,7,"student_top_inst/Core_cpu/u_core_top/scoreboard_q_reg[3][fu][1]/C","student_top_inst/Core_cpu/u_core_top/u_frontend/u_branch_predictor/ras_q_reg[3][17]/CE","setup"
3928,-0.121,5.000,4.851,7,"student_top_inst/Core_cpu/u_core_top/scoreboard_q_reg[3][fu][1]/C","student_top_inst/Core_cpu/u_core_top/u_frontend/u_branch_predictor/ras_q_reg[3][18]/CE","setup"
3929,-0.121,5.000,4.777,7,"student_top_inst/Core_cpu/u_core_top/u_dcache/u_tag_bank/mem_q_reg/CLKBWRCLK","student_top_inst/Core_cpu/u_core_top/scoreboard_q_reg[5][result][11]/CE","setup"
3930,-0.121,5.000,4.777,7,"student_top_inst/Core_cpu/u_core_top/u_dcache/u_tag_bank/mem_q_reg/CLKBWRCLK","student_top_inst/Core_cpu/u_core_top/scoreboard_q_reg[5][result][3]/CE","setup"
3931,-0.121,5.000,4.777,7,"student_top_inst/Core_cpu/u_core_top/u_dcache/u_tag_bank/mem_q_reg/CLKBWRCLK","student_top_inst/Core_cpu/u_core_top/scoreboard_q_reg[5][result][4]/CE","setup"
3932,-0.121,5.000,4.777,7,"student_top_inst/Core_cpu/u_core_top/u_dcache/u_tag_bank/mem_q_reg/CLKBWRCLK","student_top_inst/Core_cpu/u_core_top/scoreboard_q_reg[5][result][6]/CE","setup"
3933,-0.121,5.000,4.616,7,"student_top_inst/Core_cpu/u_core_top/u_dcache/u_tag_bank/mem_q_reg/CLKBWRCLK","student_top_inst/Core_cpu/u_core_top/u_dcache/g_data_bank[1].u_data_bank/mem_q_reg_1/ADDRBWRADDR[5]","setup"
3934,-0.120,5.000,5.045,9,"student_top_inst/Core_cpu/u_core_top/u_dcache/u_tag_bank/mem_q_reg/CLKBWRCLK","student_top_inst/Core_cpu/u_core_top/scoreboard_q_reg[6][result][14]/D","setup"
3935,-0.120,5.000,4.997,7,"student_top_inst/Core_cpu/u_core_top/commit_ptr_q_reg[2]_rep/C","student_top_inst/Core_cpu/u_core_top/u_csr/mtval_q_reg[27]/D","setup"
3936,-0.120,5.000,5.021,7,"student_top_inst/Core_cpu/u_core_top/commit_ptr_q_reg[2]_rep/C","student_top_inst/Core_cpu/u_core_top/u_csr/mtval_q_reg[24]/D","setup"
3937,-0.120,5.000,4.615,7,"student_top_inst/Core_cpu/u_core_top/u_dcache/u_tag_bank/mem_q_reg/CLKBWRCLK","student_top_inst/Core_cpu/u_core_top/u_dcache/g_data_bank[1].u_data_bank/mem_q_reg_1/ADDRBWRADDR[6]","setup"
3938,-0.120,5.000,4.586,1,"student_top_inst/cpu_rst_sync_reg/C","student_top_inst/Core_cpu/u_core_top/u_csr/mcause_q_reg[13]/R","setup"
3939,-0.120,5.000,4.586,1,"student_top_inst/cpu_rst_sync_reg/C","student_top_inst/Core_cpu/u_core_top/u_csr/mcause_q_reg[14]/R","setup"
3940,-0.120,5.000,4.586,1,"student_top_inst/cpu_rst_sync_reg/C","student_top_inst/Core_cpu/u_core_top/u_csr/mcause_q_reg[16]/R","setup"
3941,-0.120,5.000,4.586,1,"student_top_inst/cpu_rst_sync_reg/C","student_top_inst/Core_cpu/u_core_top/u_csr/mcause_q_reg[7]/R","setup"
3942,-0.119,5.000,4.781,0,"student_top_inst/Core_cpu/u_core_top/u_dmem_regslice/req_addr_q_reg[4]/C","student_top_inst/mem_bridge/dram_adapter/dram/U0/inst_blk_mem_gen/gnbram.gnativebmg.native_blk_mem_gen/valid.cstr/ramloop[37].ram.r/prim_init.ram/DEVICE_7SERIES.NO_BMM_INFO.SP.SIMPLE_PRIM36.ram/ADDRARDADDR[5]","setup"
3943,-0.119,5.000,4.823,9,"student_top_inst/Core_cpu/u_core_top/scoreboard_q_reg[3][fu][1]/C","student_top_inst/Core_cpu/u_core_top/scoreboard_q_reg[1][link_addr][4]/CE","setup"
3944,-0.119,5.000,4.823,9,"student_top_inst/Core_cpu/u_core_top/scoreboard_q_reg[3][fu][1]/C","student_top_inst/Core_cpu/u_core_top/scoreboard_q_reg[1][link_addr][5]/CE","setup"
3945,-0.119,5.000,4.823,9,"student_top_inst/Core_cpu/u_core_top/scoreboard_q_reg[3][fu][1]/C","student_top_inst/Core_cpu/u_core_top/scoreboard_q_reg[1][link_addr][6]/CE","setup"
3946,-0.119,5.000,4.823,9,"student_top_inst/Core_cpu/u_core_top/scoreboard_q_reg[3][fu][1]/C","student_top_inst/Core_cpu/u_core_top/scoreboard_q_reg[1][link_addr][9]/CE","setup"
3947,-0.119,5.000,4.823,9,"student_top_inst/Core_cpu/u_core_top/scoreboard_q_reg[3][fu][1]/C","student_top_inst/Core_cpu/u_core_top/scoreboard_q_reg[1][pc][13]/CE","setup"
3948,-0.119,5.000,4.822,9,"student_top_inst/Core_cpu/u_core_top/scoreboard_q_reg[3][fu][1]/C","student_top_inst/Core_cpu/u_core_top/scoreboard_q_reg[0][sys_op][2]/CE","setup"
3949,-0.119,5.000,5.050,8,"student_top_inst/Core_cpu/u_core_top/u_dcache/u_tag_bank/mem_q_reg/CLKBWRCLK","student_top_inst/Core_cpu/u_core_top/scoreboard_count_q_reg[3]/D","setup"
3950,-0.119,5.000,4.779,7,"student_top_inst/Core_cpu/u_core_top/u_dcache/u_tag_bank/mem_q_reg/CLKBWRCLK","student_top_inst/Core_cpu/u_core_top/scoreboard_q_reg[6][result][27]/CE","setup"
3951,-0.119,5.000,4.779,7,"student_top_inst/Core_cpu/u_core_top/u_dcache/u_tag_bank/mem_q_reg/CLKBWRCLK","student_top_inst/Core_cpu/u_core_top/scoreboard_q_reg[6][result][2]/CE","setup"
3952,-0.119,5.000,4.779,7,"student_top_inst/Core_cpu/u_core_top/u_dcache/u_tag_bank/mem_q_reg/CLKBWRCLK","student_top_inst/Core_cpu/u_core_top/scoreboard_q_reg[6][result][7]/CE","setup"
3953,-0.119,5.000,4.775,7,"student_top_inst/Core_cpu/u_core_top/u_dcache/u_tag_bank/mem_q_reg/CLKBWRCLK","student_top_inst/Core_cpu/u_core_top/scoreboard_q_reg[5][csr_src][10]/CE","setup"
3954,-0.119,5.000,4.775,7,"student_top_inst/Core_cpu/u_core_top/u_dcache/u_tag_bank/mem_q_reg/CLKBWRCLK","student_top_inst/Core_cpu/u_core_top/scoreboard_q_reg[5][csr_src][20]/CE","setup"
3955,-0.119,5.000,4.775,7,"student_top_inst/Core_cpu/u_core_top/u_dcache/u_tag_bank/mem_q_reg/CLKBWRCLK","student_top_inst/Core_cpu/u_core_top/scoreboard_q_reg[5][csr_src][21]/CE","setup"
3956,-0.119,5.000,4.775,7,"student_top_inst/Core_cpu/u_core_top/u_dcache/u_tag_bank/mem_q_reg/CLKBWRCLK","student_top_inst/Core_cpu/u_core_top/scoreboard_q_reg[5][csr_src][22]/CE","setup"
3957,-0.119,5.000,4.775,7,"student_top_inst/Core_cpu/u_core_top/u_dcache/u_tag_bank/mem_q_reg/CLKBWRCLK","student_top_inst/Core_cpu/u_core_top/scoreboard_q_reg[5][csr_src][23]/CE","setup"
3958,-0.119,5.000,4.775,7,"student_top_inst/Core_cpu/u_core_top/u_dcache/u_tag_bank/mem_q_reg/CLKBWRCLK","student_top_inst/Core_cpu/u_core_top/scoreboard_q_reg[5][csr_src][26]/CE","setup"
3959,-0.119,5.000,4.775,7,"student_top_inst/Core_cpu/u_core_top/u_dcache/u_tag_bank/mem_q_reg/CLKBWRCLK","student_top_inst/Core_cpu/u_core_top/scoreboard_q_reg[5][csr_src][27]/CE","setup"
3960,-0.119,5.000,4.775,7,"student_top_inst/Core_cpu/u_core_top/u_dcache/u_tag_bank/mem_q_reg/CLKBWRCLK","student_top_inst/Core_cpu/u_core_top/scoreboard_q_reg[5][csr_src][28]/CE","setup"
3961,-0.119,5.000,5.015,8,"student_top_inst/Core_cpu/u_core_top/u_dcache/u_tag_bank/mem_q_reg/CLKBWRCLK","student_top_inst/Core_cpu/u_core_top/scoreboard_q_reg[0][exception_tval][31]/D","setup"
3962,-0.118,5.000,4.856,0,"student_top_inst/Core_cpu/u_core_top/u_dmem_regslice/req_addr_q_reg[12]/C","student_top_inst/mem_bridge/dram_adapter/dram/U0/inst_blk_mem_gen/gnbram.gnativebmg.native_blk_mem_gen/valid.cstr/ramloop[13].ram.r/prim_init.ram/DEVICE_7SERIES.NO_BMM_INFO.SP.SIMPLE_PRIM36.ram/ADDRARDADDR[13]","setup"
3963,-0.118,5.000,5.015,8,"student_top_inst/Core_cpu/u_core_top/u_dcache/u_tag_bank/mem_q_reg/CLKBWRCLK","student_top_inst/Core_cpu/u_core_top/scoreboard_q_reg[4][exception_tval][15]/D","setup"
3964,-0.118,5.000,4.913,0,"student_top_inst/Core_cpu/u_core_top/u_dmem_regslice/req_addr_q_reg[11]/C","student_top_inst/mem_bridge/dram_adapter/dram/U0/inst_blk_mem_gen/gnbram.gnativebmg.native_blk_mem_gen/valid.cstr/ramloop[1].ram.r/prim_init.ram/DEVICE_7SERIES.NO_BMM_INFO.SP.SIMPLE_PRIM36.ram/ADDRARDADDR[12]","setup"
3965,-0.118,5.000,4.871,8,"student_top_inst/Core_cpu/u_core_top/scoreboard_q_reg[3][fu][1]/C","student_top_inst/Core_cpu/u_core_top/u_dcache/g_data_bank[0].u_data_bank/mem_q_reg_0/DIADI[4]","setup"
3966,-0.117,5.000,5.013,8,"student_top_inst/Core_cpu/u_core_top/u_dcache/u_tag_bank/mem_q_reg/CLKBWRCLK","student_top_inst/Core_cpu/u_core_top/scoreboard_q_reg[0][exception_tval][16]/D","setup"
3967,-0.117,5.000,5.012,8,"student_top_inst/Core_cpu/u_core_top/u_dcache/u_tag_bank/mem_q_reg/CLKBWRCLK","student_top_inst/Core_cpu/u_core_top/scoreboard_q_reg[0][exception_tval][22]/D","setup"
3968,-0.117,5.000,5.016,8,"student_top_inst/Core_cpu/u_core_top/u_dcache/u_tag_bank/mem_q_reg/CLKBWRCLK","student_top_inst/Core_cpu/u_core_top/scoreboard_q_reg[1][result][7]/D","setup"
3969,-0.116,5.000,4.703,8,"student_top_inst/Core_cpu/u_core_top/scoreboard_q_reg[3][fu][1]/C","student_top_inst/Core_cpu/u_core_top/u_dcache/g_data_bank[1].u_data_bank/mem_q_reg_0/ADDRARDADDR[10]","setup"
3970,-0.116,5.000,4.589,7,"student_top_inst/Core_cpu/u_core_top/u_dcache/u_tag_bank/mem_q_reg/CLKBWRCLK","student_top_inst/Core_cpu/u_core_top/u_dcache/g_data_bank[3].u_data_bank/mem_q_reg_0/ADDRBWRADDR[7]","setup"
3971,-0.116,5.000,5.013,8,"student_top_inst/Core_cpu/u_core_top/u_dcache/u_tag_bank/mem_q_reg/CLKBWRCLK","student_top_inst/Core_cpu/u_core_top/scoreboard_q_reg[0][exception_tval][13]/D","setup"
3972,-0.116,5.000,5.012,8,"student_top_inst/Core_cpu/u_core_top/u_dcache/u_tag_bank/mem_q_reg/CLKBWRCLK","student_top_inst/Core_cpu/u_core_top/scoreboard_q_reg[0][exception_tval][24]/D","setup"
3973,-0.115,5.000,4.825,10,"student_top_inst/Core_cpu/u_core_top/exec_q_reg[uop][muldiv_op][2]/C","student_top_inst/Core_cpu/u_core_top/u_muldiv/u_mul/U0/i_mult/gLUT.gLUT_speed.iLUT/NxM_mult.pp_gen_pipeline.pp_gen_loop[16].b_is_even.pp_out_reg_reg[16][33]/D","setup"
3974,-0.114,5.000,4.610,0,"student_top_inst/cpu_rst_sync_reg/C","student_top_inst/Core_cpu/u_core_top/id_uop_q_reg[csr_addr][2]/R","setup"
3975,-0.114,5.000,4.610,0,"student_top_inst/cpu_rst_sync_reg/C","student_top_inst/Core_cpu/u_core_top/id_uop_q_reg[csr_addr][3]/R","setup"
3976,-0.114,5.000,4.610,0,"student_top_inst/cpu_rst_sync_reg/C","student_top_inst/Core_cpu/u_core_top/id_uop_q_reg[csr_op][0]/R","setup"
3977,-0.114,5.000,4.610,0,"student_top_inst/cpu_rst_sync_reg/C","student_top_inst/Core_cpu/u_core_top/id_uop_q_reg[csr_op][1]/R","setup"
3978,-0.114,5.000,4.610,0,"student_top_inst/cpu_rst_sync_reg/C","student_top_inst/Core_cpu/u_core_top/id_uop_q_reg[exception_cause][0]/R","setup"
3979,-0.114,5.000,5.012,8,"student_top_inst/Core_cpu/u_core_top/u_dcache/u_tag_bank/mem_q_reg/CLKBWRCLK","student_top_inst/Core_cpu/u_core_top/scoreboard_q_reg[4][exception_tval][13]/D","setup"
3980,-0.113,5.000,5.016,10,"student_top_inst/Core_cpu/u_core_top/u_dcache/u_tag_bank/mem_q_reg/CLKBWRCLK","student_top_inst/Core_cpu/u_core_top/u_dmem_regslice/req_wdata_q_reg[2]/D","setup"
3981,-0.113,5.000,4.560,0,"student_top_inst/cpu_rst_sync_reg/C","student_top_inst/Core_cpu/u_core_top/u_frontend/pending_pred_next_q_reg[16]/R","setup"
3982,-0.113,5.000,4.560,0,"student_top_inst/cpu_rst_sync_reg/C","student_top_inst/Core_cpu/u_core_top/u_frontend/pending_pred_next_q_reg[25]/R","setup"
3983,-0.113,5.000,4.995,7,"student_top_inst/Core_cpu/u_core_top/commit_ptr_q_reg[2]_rep/C","student_top_inst/Core_cpu/u_core_top/u_csr/mstatus_q_reg[21]/D","setup"
3984,-0.113,5.000,4.499,0,"student_top_inst/cpu_rst_sync_reg/C","student_top_inst/Core_cpu/u_core_top/u_csr/mtval_q_reg[15]/R","setup"
3985,-0.113,5.000,4.499,0,"student_top_inst/cpu_rst_sync_reg/C","student_top_inst/Core_cpu/u_core_top/u_csr/mtval_q_reg[16]/R","setup"
3986,-0.113,5.000,4.499,0,"student_top_inst/cpu_rst_sync_reg/C","student_top_inst/Core_cpu/u_core_top/u_csr/mtval_q_reg[29]/R","setup"
3987,-0.113,5.000,4.499,0,"student_top_inst/cpu_rst_sync_reg/C","student_top_inst/Core_cpu/u_core_top/u_csr/mtval_q_reg[30]/R","setup"
3988,-0.113,5.000,5.039,7,"student_top_inst/Core_cpu/u_core_top/commit_ptr_q_reg[2]_rep/C","student_top_inst/Core_cpu/u_core_top/u_csr/mepc_q_reg[22]/D","setup"
3989,-0.113,5.000,4.695,8,"student_top_inst/Core_cpu/u_core_top/scoreboard_q_reg[3][fu][1]/C","student_top_inst/Core_cpu/u_core_top/u_dcache/g_data_bank[3].u_data_bank/mem_q_reg_1/ADDRARDADDR[7]","setup"
3990,-0.113,5.000,4.624,8,"student_top_inst/Core_cpu/u_core_top/scoreboard_q_reg[3][fu][1]/C","student_top_inst/Core_cpu/u_core_top/u_dcache/g_data_bank[3].u_data_bank/mem_q_reg_0/ADDRARDADDR[7]","setup"
3991,-0.113,5.000,4.608,7,"student_top_inst/Core_cpu/u_core_top/u_dcache/u_tag_bank/mem_q_reg/CLKBWRCLK","student_top_inst/Core_cpu/u_core_top/u_dcache/g_data_bank[1].u_data_bank/mem_q_reg_1/ADDRBWRADDR[4]","setup"
3992,-0.112,5.000,4.806,9,"student_top_inst/Core_cpu/u_core_top/scoreboard_q_reg[3][fu][1]/C","student_top_inst/Core_cpu/u_core_top/scoreboard_q_reg[0][fu][0]/CE","setup"
3993,-0.112,5.000,4.806,9,"student_top_inst/Core_cpu/u_core_top/scoreboard_q_reg[3][fu][1]/C","student_top_inst/Core_cpu/u_core_top/scoreboard_q_reg[0][fu][2]/CE","setup"
3994,-0.112,5.000,4.806,9,"student_top_inst/Core_cpu/u_core_top/scoreboard_q_reg[3][fu][1]/C","student_top_inst/Core_cpu/u_core_top/scoreboard_q_reg[0][pc][12]/CE","setup"
3995,-0.112,5.000,4.806,9,"student_top_inst/Core_cpu/u_core_top/scoreboard_q_reg[3][fu][1]/C","student_top_inst/Core_cpu/u_core_top/scoreboard_q_reg[0][pc][5]/CE","setup"
3996,-0.112,5.000,4.806,9,"student_top_inst/Core_cpu/u_core_top/scoreboard_q_reg[3][fu][1]/C","student_top_inst/Core_cpu/u_core_top/scoreboard_q_reg[0][pc][6]/CE","setup"
3997,-0.111,5.000,4.819,7,"student_top_inst/Core_cpu/u_core_top/scoreboard_q_reg[3][fu][1]/C","student_top_inst/Core_cpu/u_core_top/u_frontend/u_branch_predictor/ras_q_reg[7][18]/CE","setup"
3998,-0.111,5.000,5.040,8,"student_top_inst/Core_cpu/u_core_top/u_dcache/u_tag_bank/mem_q_reg/CLKBWRCLK","student_top_inst/Core_cpu/u_core_top/scoreboard_q_reg[0][exception_tval][11]/D","setup"
3999,-0.111,5.000,4.994,7,"student_top_inst/Core_cpu/u_core_top/commit_ptr_q_reg[2]_rep/C","student_top_inst/Core_cpu/u_core_top/u_csr/mstatus_q_reg[29]/D","setup"
4000,-0.111,5.000,4.496,0,"student_top_inst/cpu_rst_sync_reg/C","student_top_inst/Core_cpu/u_core_top/u_csr/mscratch_q_reg[12]/R","setup"
4001,-0.111,5.000,4.571,7,"student_top_inst/Core_cpu/u_core_top/scoreboard_q_reg[3][fu][1]/C","student_top_inst/Core_cpu/u_core_top/u_muldiv/b_q_reg[20]/CE","setup"
4002,-0.111,5.000,4.571,7,"student_top_inst/Core_cpu/u_core_top/scoreboard_q_reg[3][fu][1]/C","student_top_inst/Core_cpu/u_core_top/u_muldiv/b_q_reg[23]/CE","setup"
4003,-0.110,5.000,4.850,0,"student_top_inst/Core_cpu/u_core_top/u_dmem_regslice/req_addr_q_reg[10]/C","student_top_inst/mem_bridge/dram_adapter/dram/U0/inst_blk_mem_gen/gnbram.gnativebmg.native_blk_mem_gen/valid.cstr/ramloop[13].ram.r/prim_init.ram/DEVICE_7SERIES.NO_BMM_INFO.SP.SIMPLE_PRIM36.ram/ADDRARDADDR[11]","setup"
4004,-0.110,5.000,5.010,7,"student_top_inst/Core_cpu/u_core_top/commit_ptr_q_reg[2]_rep/C","student_top_inst/Core_cpu/u_core_top/u_csr/mtval_q_reg[3]/D","setup"
4005,-0.109,5.000,5.036,8,"student_top_inst/Core_cpu/u_core_top/u_dcache/u_tag_bank/mem_q_reg/CLKBWRCLK","student_top_inst/Core_cpu/u_core_top/scoreboard_q_reg[5][store_slot][1]/D","setup"
4006,-0.108,5.000,5.001,8,"student_top_inst/Core_cpu/u_core_top/u_dcache/u_tag_bank/mem_q_reg/CLKBWRCLK","student_top_inst/Core_cpu/u_core_top/scoreboard_q_reg[5][result][5]/D","setup"
4007,-0.108,5.000,4.795,5,"student_top_inst/mem_bridge/dram_adapter/dram/U0/inst_blk_mem_gen/gnbram.gnativebmg.native_blk_mem_gen/valid.cstr/has_mux_a.A/no_softecc_norm_sel2.has_mem_regs.WITHOUT_ECC_PIPE.ce_pri.sel_pipe_d1_reg[2]/C","student_top_inst/Core_cpu/u_core_top/u_dmem_regslice/resp_rdata_q_reg[5]/D","setup"
4008,-0.108,5.000,4.807,9,"student_top_inst/Core_cpu/u_core_top/scoreboard_q_reg[3][fu][1]/C","student_top_inst/Core_cpu/u_core_top/scoreboard_q_reg[6][link_addr][13]/CE","setup"
4009,-0.108,5.000,4.807,9,"student_top_inst/Core_cpu/u_core_top/scoreboard_q_reg[3][fu][1]/C","student_top_inst/Core_cpu/u_core_top/scoreboard_q_reg[6][link_addr][15]/CE","setup"
4010,-0.108,5.000,4.807,9,"student_top_inst/Core_cpu/u_core_top/scoreboard_q_reg[3][fu][1]/C","student_top_inst/Core_cpu/u_core_top/scoreboard_q_reg[6][link_addr][18]/CE","setup"
4011,-0.108,5.000,4.807,9,"student_top_inst/Core_cpu/u_core_top/scoreboard_q_reg[3][fu][1]/C","student_top_inst/Core_cpu/u_core_top/scoreboard_q_reg[6][link_addr][25]/CE","setup"
4012,-0.108,5.000,4.807,9,"student_top_inst/Core_cpu/u_core_top/scoreboard_q_reg[3][fu][1]/C","student_top_inst/Core_cpu/u_core_top/scoreboard_q_reg[6][link_addr][27]/CE","setup"
4013,-0.108,5.000,4.807,9,"student_top_inst/Core_cpu/u_core_top/scoreboard_q_reg[3][fu][1]/C","student_top_inst/Core_cpu/u_core_top/scoreboard_q_reg[6][pc][15]/CE","setup"
4014,-0.108,5.000,4.807,9,"student_top_inst/Core_cpu/u_core_top/scoreboard_q_reg[3][fu][1]/C","student_top_inst/Core_cpu/u_core_top/scoreboard_q_reg[6][pc][1]/CE","setup"
4015,-0.108,5.000,4.845,0,"student_top_inst/Core_cpu/u_core_top/u_dmem_regslice/req_addr_q_reg[11]/C","student_top_inst/mem_bridge/dram_adapter/dram/U0/inst_blk_mem_gen/gnbram.gnativebmg.native_blk_mem_gen/valid.cstr/ramloop[2].ram.r/prim_init.ram/DEVICE_7SERIES.NO_BMM_INFO.SP.SIMPLE_PRIM36.ram/ADDRARDADDR[12]","setup"
4016,-0.108,5.000,4.619,8,"student_top_inst/Core_cpu/u_core_top/scoreboard_q_reg[3][fu][1]/C","student_top_inst/Core_cpu/u_core_top/u_dcache/g_data_bank[3].u_data_bank/mem_q_reg_0/ADDRARDADDR[14]","setup"
4017,-0.108,5.000,4.858,8,"student_top_inst/Core_cpu/u_core_top/scoreboard_q_reg[3][fu][1]/C","student_top_inst/Core_cpu/u_core_top/u_dcache/g_data_bank[2].u_data_bank/mem_q_reg_0/DIADI[12]","setup"
4018,-0.107,5.000,4.858,8,"student_top_inst/Core_cpu/u_core_top/scoreboard_q_reg[3][fu][1]/C","student_top_inst/Core_cpu/u_core_top/u_dcache/g_data_bank[2].u_data_bank/mem_q_reg_0/DIADI[4]","setup"
4019,-0.107,5.000,4.805,9,"student_top_inst/Core_cpu/u_core_top/scoreboard_q_reg[3][fu][1]/C","student_top_inst/Core_cpu/u_core_top/scoreboard_q_reg[0][csr_addr][9]/CE","setup"
4020,-0.107,5.000,4.805,9,"student_top_inst/Core_cpu/u_core_top/scoreboard_q_reg[3][fu][1]/C","student_top_inst/Core_cpu/u_core_top/scoreboard_q_reg[0][pc][9]/CE","setup"
4021,-0.107,5.000,4.933,6,"student_top_inst/Core_cpu/u_core_top/commit_ptr_q_reg[2]_rep/C","student_top_inst/Core_cpu/u_core_top/u_csr/mscratch_q_reg[9]/D","setup"
4022,-0.106,5.000,5.047,9,"student_top_inst/Core_cpu/u_core_top/exec_q_reg[op2][15]/C","student_top_inst/Core_cpu/u_core_top/scoreboard_q_reg[6][exception_tval][19]/D","setup"
4023,-0.106,5.000,4.795,7,"student_top_inst/Core_cpu/u_core_top/u_dcache/u_tag_bank/mem_q_reg/CLKBWRCLK","student_top_inst/Core_cpu/u_core_top/scoreboard_q_reg[3][link_addr][13]/CE","setup"
4024,-0.106,5.000,4.795,7,"student_top_inst/Core_cpu/u_core_top/u_dcache/u_tag_bank/mem_q_reg/CLKBWRCLK","student_top_inst/Core_cpu/u_core_top/scoreboard_q_reg[3][link_addr][17]/CE","setup"
4025,-0.106,5.000,4.795,7,"student_top_inst/Core_cpu/u_core_top/u_dcache/u_tag_bank/mem_q_reg/CLKBWRCLK","student_top_inst/Core_cpu/u_core_top/scoreboard_q_reg[3][link_addr][19]/CE","setup"
4026,-0.106,5.000,4.795,7,"student_top_inst/Core_cpu/u_core_top/u_dcache/u_tag_bank/mem_q_reg/CLKBWRCLK","student_top_inst/Core_cpu/u_core_top/scoreboard_q_reg[3][link_addr][24]/CE","setup"
4027,-0.106,5.000,4.795,7,"student_top_inst/Core_cpu/u_core_top/u_dcache/u_tag_bank/mem_q_reg/CLKBWRCLK","student_top_inst/Core_cpu/u_core_top/scoreboard_q_reg[3][link_addr][27]/CE","setup"
4028,-0.106,5.000,4.795,7,"student_top_inst/Core_cpu/u_core_top/u_dcache/u_tag_bank/mem_q_reg/CLKBWRCLK","student_top_inst/Core_cpu/u_core_top/scoreboard_q_reg[3][link_addr][5]/CE","setup"
4029,-0.106,5.000,4.795,7,"student_top_inst/Core_cpu/u_core_top/u_dcache/u_tag_bank/mem_q_reg/CLKBWRCLK","student_top_inst/Core_cpu/u_core_top/scoreboard_q_reg[3][link_addr][6]/CE","setup"
4030,-0.106,5.000,4.795,7,"student_top_inst/Core_cpu/u_core_top/u_dcache/u_tag_bank/mem_q_reg/CLKBWRCLK","student_top_inst/Core_cpu/u_core_top/scoreboard_q_reg[3][link_addr][7]/CE","setup"
4031,-0.105,5.000,5.001,8,"student_top_inst/Core_cpu/u_core_top/u_dcache/u_tag_bank/mem_q_reg/CLKBWRCLK","student_top_inst/Core_cpu/u_core_top/producer_valid_q_reg[19]/D","setup"
4032,-0.104,5.000,4.608,7,"student_top_inst/Core_cpu/u_core_top/u_dcache/u_tag_bank/mem_q_reg/CLKBWRCLK","student_top_inst/Core_cpu/u_core_top/u_dcache/g_data_bank[0].u_data_bank/mem_q_reg_1/ADDRBWRADDR[5]","setup"
4033,-0.103,5.000,5.066,12,"student_top_inst/Core_cpu/u_core_top/store_head_q_reg[1]/C","student_top_inst/Core_cpu/u_core_top/load_active_meta_q_reg[forward_data][24]/D","setup"
4034,-0.103,5.000,4.671,0,"student_top_inst/Core_cpu/u_core_top/u_dmem_regslice/req_addr_q_reg[10]/C","student_top_inst/mem_bridge/dram_adapter/dram/U0/inst_blk_mem_gen/gnbram.gnativebmg.native_blk_mem_gen/valid.cstr/ramloop[42].ram.r/prim_init.ram/DEVICE_7SERIES.NO_BMM_INFO.SP.SIMPLE_PRIM36.ram/ADDRARDADDR[11]","setup"
4035,-0.103,5.000,5.029,9,"student_top_inst/Core_cpu/u_core_top/u_dcache/u_tag_bank/mem_q_reg/CLKBWRCLK","student_top_inst/Core_cpu/u_core_top/scoreboard_q_reg[4][result][29]/D","setup"
4036,-0.103,5.000,4.833,7,"student_top_inst/Core_cpu/u_core_top/scoreboard_q_reg[3][fu][1]/C","student_top_inst/Core_cpu/u_core_top/u_frontend/u_branch_predictor/ras_q_reg[1][19]/CE","setup"
4037,-0.103,5.000,4.833,7,"student_top_inst/Core_cpu/u_core_top/scoreboard_q_reg[3][fu][1]/C","student_top_inst/Core_cpu/u_core_top/u_frontend/u_branch_predictor/ras_q_reg[1][26]/CE","setup"
4038,-0.102,5.000,4.621,8,"student_top_inst/Core_cpu/u_core_top/scoreboard_q_reg[3][fu][1]/C","student_top_inst/Core_cpu/u_core_top/u_dcache/g_data_bank[0].u_data_bank/mem_q_reg_1/ADDRARDADDR[5]","setup"
4039,-0.102,5.000,4.621,8,"student_top_inst/Core_cpu/u_core_top/scoreboard_q_reg[3][fu][1]/C","student_top_inst/Core_cpu/u_core_top/u_dcache/g_data_bank[0].u_data_bank/mem_q_reg_0/ADDRARDADDR[4]","setup"
4040,-0.102,5.000,5.024,10,"student_top_inst/Core_cpu/u_core_top/u_dcache/u_tag_bank/mem_q_reg/CLKBWRCLK","student_top_inst/Core_cpu/u_core_top/u_dmem_regslice/req_addr_q_reg[30]/D","setup"
4041,-0.102,5.000,5.028,8,"student_top_inst/Core_cpu/u_core_top/u_dcache/u_tag_bank/mem_q_reg/CLKBWRCLK","student_top_inst/Core_cpu/u_core_top/scoreboard_q_reg[5][exception_tval][25]/D","setup"
4042,-0.102,5.000,4.937,6,"student_top_inst/Core_cpu/u_core_top/commit_ptr_q_reg[2]_rep/C","student_top_inst/Core_cpu/u_core_top/u_csr/mscratch_q_reg[18]/D","setup"
4043,-0.101,5.000,4.854,9,"student_top_inst/Core_cpu/u_core_top/scoreboard_q_reg[3][fu][1]/C","student_top_inst/Core_cpu/u_core_top/scoreboard_q_reg[0][link_addr][0]/CE","setup"
4044,-0.101,5.000,4.994,8,"student_top_inst/Core_cpu/u_core_top/u_dcache/u_tag_bank/mem_q_reg/CLKBWRCLK","student_top_inst/Core_cpu/u_core_top/scoreboard_q_reg[5][result][7]/D","setup"
4045,-0.101,5.000,4.618,0,"student_top_inst/cpu_rst_sync_reg/C","student_top_inst/Core_cpu/u_core_top/id_uop_q_reg[exception_valid]/R","setup"
4046,-0.100,5.000,4.999,10,"student_top_inst/Core_cpu/u_core_top/u_dcache/u_tag_bank/mem_q_reg/CLKBWRCLK","student_top_inst/Core_cpu/u_core_top/load_q_reg[0][addr][25]/D","setup"
4047,-0.098,5.000,4.976,7,"student_top_inst/Core_cpu/u_core_top/commit_ptr_q_reg[2]_rep/C","student_top_inst/Core_cpu/u_core_top/u_csr/mepc_q_reg[6]/D","setup"
4048,-0.098,5.000,5.020,8,"student_top_inst/Core_cpu/u_core_top/u_dcache/u_tag_bank/mem_q_reg/CLKBWRCLK","student_top_inst/Core_cpu/u_core_top/scoreboard_q_reg[3][exception_tval][26]/D","setup"
4049,-0.098,5.000,4.891,0,"student_top_inst/Core_cpu/u_core_top/u_dmem_regslice/req_addr_q_reg[7]/C","student_top_inst/mem_bridge/dram_adapter/dram/U0/inst_blk_mem_gen/gnbram.gnativebmg.native_blk_mem_gen/valid.cstr/ramloop[1].ram.r/prim_init.ram/DEVICE_7SERIES.NO_BMM_INFO.SP.SIMPLE_PRIM36.ram/ADDRARDADDR[8]","setup"
4050,-0.098,5.000,4.997,10,"student_top_inst/Core_cpu/u_core_top/u_dcache/u_tag_bank/mem_q_reg/CLKBWRCLK","student_top_inst/Core_cpu/u_core_top/load_q_reg[0][forward_data][30]/D","setup"
4051,-0.098,5.000,5.024,8,"student_top_inst/Core_cpu/u_core_top/u_dcache/u_tag_bank/mem_q_reg/CLKBWRCLK","student_top_inst/Core_cpu/u_core_top/scoreboard_q_reg[5][exception_tval][12]/D","setup"
4052,-0.098,5.000,5.027,10,"student_top_inst/Core_cpu/u_core_top/u_dcache/u_tag_bank/mem_q_reg/CLKBWRCLK","student_top_inst/Core_cpu/u_core_top/load_count_q_reg[0]/D","setup"
4053,-0.098,5.000,4.974,7,"student_top_inst/Core_cpu/u_core_top/commit_ptr_q_reg[2]_rep/C","student_top_inst/Core_cpu/u_core_top/u_csr/mepc_q_reg[4]/D","setup"
4054,-0.097,5.000,5.182,1,"student_top_inst/Core_cpu/u_core_top/u_dmem_regslice/req_addr_q_reg[1]/C","student_top_inst/mem_bridge/dram_adapter/dram/U0/inst_blk_mem_gen/gnbram.gnativebmg.native_blk_mem_gen/valid.cstr/ramloop[1].ram.r/prim_init.ram/DEVICE_7SERIES.NO_BMM_INFO.SP.SIMPLE_PRIM36.ram/DIADI[6]","setup"
4055,-0.097,5.000,4.977,7,"student_top_inst/Core_cpu/u_core_top/commit_ptr_q_reg[2]_rep/C","student_top_inst/Core_cpu/u_core_top/u_csr/mstatus_q_reg[0]/D","setup"
4056,-0.097,5.000,5.028,9,"student_top_inst/Core_cpu/u_core_top/u_dcache/u_tag_bank/mem_q_reg/CLKBWRCLK","student_top_inst/Core_cpu/u_core_top/exec_q_reg[op1][7]/D","setup"
4057,-0.096,5.000,4.823,9,"student_top_inst/Core_cpu/u_core_top/scoreboard_q_reg[3][fu][1]/C","student_top_inst/Core_cpu/u_core_top/scoreboard_q_reg[1][link_addr][14]/CE","setup"
4058,-0.096,5.000,4.823,9,"student_top_inst/Core_cpu/u_core_top/scoreboard_q_reg[3][fu][1]/C","student_top_inst/Core_cpu/u_core_top/scoreboard_q_reg[1][link_addr][16]/CE","setup"
4059,-0.096,5.000,4.823,9,"student_top_inst/Core_cpu/u_core_top/scoreboard_q_reg[3][fu][1]/C","student_top_inst/Core_cpu/u_core_top/scoreboard_q_reg[1][link_addr][17]/CE","setup"
4060,-0.096,5.000,4.823,9,"student_top_inst/Core_cpu/u_core_top/scoreboard_q_reg[3][fu][1]/C","student_top_inst/Core_cpu/u_core_top/scoreboard_q_reg[1][pc][4]/CE","setup"
4061,-0.096,5.000,4.754,7,"student_top_inst/Core_cpu/u_core_top/u_dcache/u_tag_bank/mem_q_reg/CLKBWRCLK","student_top_inst/Core_cpu/u_core_top/scoreboard_q_reg[4][result][19]/CE","setup"
4062,-0.096,5.000,4.754,7,"student_top_inst/Core_cpu/u_core_top/u_dcache/u_tag_bank/mem_q_reg/CLKBWRCLK","student_top_inst/Core_cpu/u_core_top/scoreboard_q_reg[4][result][20]/CE","setup"
4063,-0.096,5.000,4.754,7,"student_top_inst/Core_cpu/u_core_top/u_dcache/u_tag_bank/mem_q_reg/CLKBWRCLK","student_top_inst/Core_cpu/u_core_top/scoreboard_q_reg[4][result][22]/CE","setup"
4064,-0.096,5.000,4.754,7,"student_top_inst/Core_cpu/u_core_top/u_dcache/u_tag_bank/mem_q_reg/CLKBWRCLK","student_top_inst/Core_cpu/u_core_top/scoreboard_q_reg[4][result][9]/CE","setup"
4065,-0.096,5.000,4.974,7,"student_top_inst/Core_cpu/u_core_top/commit_ptr_q_reg[2]_rep/C","student_top_inst/Core_cpu/u_core_top/u_csr/mstatus_q_reg[31]/D","setup"
4066,-0.095,5.000,4.807,5,"student_top_inst/mem_bridge/dram_adapter/dram/U0/inst_blk_mem_gen/gnbram.gnativebmg.native_blk_mem_gen/valid.cstr/has_mux_a.A/no_softecc_norm_sel2.has_mem_regs.WITHOUT_ECC_PIPE.ce_pri.sel_pipe_d1_reg[2]/C","student_top_inst/Core_cpu/u_core_top/u_dmem_regslice/resp_rdata_q_reg[14]/D","setup"
4067,-0.095,5.000,4.988,8,"student_top_inst/Core_cpu/u_core_top/u_dcache/u_tag_bank/mem_q_reg/CLKBWRCLK","student_top_inst/Core_cpu/u_core_top/scoreboard_q_reg[7][exception_tval][25]/D","setup"
4068,-0.095,5.000,4.632,5,"student_top_inst/Core_cpu/u_core_top/u_dmem_regslice/req_addr_q_reg[18]/C","student_top_inst/mem_bridge/dram_adapter/dram/U0/inst_blk_mem_gen/gnbram.gnativebmg.native_blk_mem_gen/valid.cstr/ramloop[23].ram.r/prim_init.ram/DEVICE_7SERIES.NO_BMM_INFO.SP.SIMPLE_PRIM36.ram/ENARDEN","setup"
4069,-0.095,5.000,4.568,7,"student_top_inst/Core_cpu/u_core_top/u_dcache/u_tag_bank/mem_q_reg/CLKBWRCLK","student_top_inst/Core_cpu/u_core_top/u_dcache/g_data_bank[3].u_data_bank/mem_q_reg_0/ADDRBWRADDR[13]","setup"
4070,-0.094,5.000,5.016,8,"student_top_inst/Core_cpu/u_core_top/u_dcache/u_tag_bank/mem_q_reg/CLKBWRCLK","student_top_inst/Core_cpu/u_core_top/scoreboard_q_reg[3][exception_tval][12]/D","setup"
4071,-0.094,5.000,4.988,8,"student_top_inst/Core_cpu/u_core_top/u_dcache/u_tag_bank/mem_q_reg/CLKBWRCLK","student_top_inst/Core_cpu/u_core_top/scoreboard_q_reg[1][exception_tval][29]/D","setup"
4072,-0.094,5.000,5.057,12,"student_top_inst/Core_cpu/u_core_top/store_head_q_reg[1]/C","student_top_inst/Core_cpu/u_core_top/load_q_reg[0][forward_data][28]/D","setup"
4073,-0.094,5.000,4.793,9,"student_top_inst/Core_cpu/u_core_top/scoreboard_q_reg[3][fu][1]/C","student_top_inst/Core_cpu/u_core_top/scoreboard_q_reg[0][pc][26]/CE","setup"
4074,-0.093,5.000,4.601,0,"student_top_inst/mem_bridge/dram_adapter/read_valid_d1_reg/C","student_top_inst/mem_bridge/dram_adapter/dram/U0/inst_blk_mem_gen/gnbram.gnativebmg.native_blk_mem_gen/valid.cstr/ramloop[25].ram.r/prim_init.ram/DEVICE_7SERIES.NO_BMM_INFO.SP.SIMPLE_PRIM36.ram/REGCEAREGCE","setup"
4075,-0.093,5.000,4.757,8,"student_top_inst/Core_cpu/u_core_top/u_dcache/u_tag_bank/mem_q_reg/CLKBWRCLK","student_top_inst/Core_cpu/u_core_top/exec_q_reg[uop][pred_next_pc][10]/CE","setup"
4076,-0.093,5.000,4.757,8,"student_top_inst/Core_cpu/u_core_top/u_dcache/u_tag_bank/mem_q_reg/CLKBWRCLK","student_top_inst/Core_cpu/u_core_top/exec_q_reg[uop][pred_next_pc][11]/CE","setup"
4077,-0.093,5.000,4.757,8,"student_top_inst/Core_cpu/u_core_top/u_dcache/u_tag_bank/mem_q_reg/CLKBWRCLK","student_top_inst/Core_cpu/u_core_top/exec_q_reg[uop][pred_next_pc][23]/CE","setup"
4078,-0.093,5.000,4.757,8,"student_top_inst/Core_cpu/u_core_top/u_dcache/u_tag_bank/mem_q_reg/CLKBWRCLK","student_top_inst/Core_cpu/u_core_top/exec_q_reg[uop][pred_next_pc][2]/CE","setup"
4079,-0.093,5.000,4.757,8,"student_top_inst/Core_cpu/u_core_top/u_dcache/u_tag_bank/mem_q_reg/CLKBWRCLK","student_top_inst/Core_cpu/u_core_top/exec_q_reg[uop][pred_next_pc][30]/CE","setup"
4080,-0.092,5.000,4.989,8,"student_top_inst/Core_cpu/u_core_top/u_dcache/u_tag_bank/mem_q_reg/CLKBWRCLK","student_top_inst/Core_cpu/u_core_top/scoreboard_q_reg[0][exception_tval][27]/D","setup"
4081,-0.092,5.000,4.749,7,"student_top_inst/Core_cpu/u_core_top/u_dcache/u_tag_bank/mem_q_reg/CLKBWRCLK","student_top_inst/Core_cpu/u_core_top/scoreboard_q_reg[2][csr_op][0]/CE","setup"
4082,-0.092,5.000,4.818,9,"student_top_inst/Core_cpu/u_core_top/scoreboard_q_reg[3][fu][1]/C","student_top_inst/Core_cpu/u_core_top/scoreboard_q_reg[6][link_addr][16]/CE","setup"
4083,-0.092,5.000,4.818,9,"student_top_inst/Core_cpu/u_core_top/scoreboard_q_reg[3][fu][1]/C","student_top_inst/Core_cpu/u_core_top/scoreboard_q_reg[6][link_addr][20]/CE","setup"
4084,-0.092,5.000,4.818,9,"student_top_inst/Core_cpu/u_core_top/scoreboard_q_reg[3][fu][1]/C","student_top_inst/Core_cpu/u_core_top/scoreboard_q_reg[6][link_addr][22]/CE","setup"
4085,-0.092,5.000,4.818,9,"student_top_inst/Core_cpu/u_core_top/scoreboard_q_reg[3][fu][1]/C","student_top_inst/Core_cpu/u_core_top/scoreboard_q_reg[6][link_addr][23]/CE","setup"
4086,-0.092,5.000,4.818,9,"student_top_inst/Core_cpu/u_core_top/scoreboard_q_reg[3][fu][1]/C","student_top_inst/Core_cpu/u_core_top/scoreboard_q_reg[6][link_addr][26]/CE","setup"
4087,-0.092,5.000,4.818,9,"student_top_inst/Core_cpu/u_core_top/scoreboard_q_reg[3][fu][1]/C","student_top_inst/Core_cpu/u_core_top/scoreboard_q_reg[6][link_addr][29]/CE","setup"
4088,-0.092,5.000,4.818,9,"student_top_inst/Core_cpu/u_core_top/scoreboard_q_reg[3][fu][1]/C","student_top_inst/Core_cpu/u_core_top/scoreboard_q_reg[6][link_addr][30]/CE","setup"
4089,-0.092,5.000,4.818,9,"student_top_inst/Core_cpu/u_core_top/scoreboard_q_reg[3][fu][1]/C","student_top_inst/Core_cpu/u_core_top/scoreboard_q_reg[6][pc][0]/CE","setup"
4090,-0.092,5.000,5.017,8,"student_top_inst/Core_cpu/u_core_top/u_dcache/u_tag_bank/mem_q_reg/CLKBWRCLK","student_top_inst/Core_cpu/u_core_top/scoreboard_q_reg[4][result][6]/D","setup"
4091,-0.092,5.000,4.985,8,"student_top_inst/Core_cpu/u_core_top/u_dcache/u_tag_bank/mem_q_reg/CLKBWRCLK","student_top_inst/Core_cpu/u_core_top/scoreboard_q_reg[7][exception_tval][23]/D","setup"
4092,-0.092,5.000,4.925,6,"student_top_inst/Core_cpu/u_core_top/commit_ptr_q_reg[2]_rep/C","student_top_inst/Core_cpu/u_core_top/u_csr/mcause_q_reg[27]/D","setup"
4093,-0.092,5.000,4.716,6,"student_top_inst/Core_cpu/u_core_top/u_dmem_regslice/req_addr_q_reg[18]/C","student_top_inst/mem_bridge/dram_adapter/dram/U0/inst_blk_mem_gen/gnbram.gnativebmg.native_blk_mem_gen/valid.cstr/ramloop[44].ram.r/prim_init.ram/DEVICE_7SERIES.NO_BMM_INFO.SP.SIMPLE_PRIM36.ram/WEA[0]","setup"
4094,-0.091,5.000,4.594,0,"student_top_inst/mem_bridge/dram_adapter/read_valid_d1_reg/C","student_top_inst/mem_bridge/dram_adapter/dram/U0/inst_blk_mem_gen/gnbram.gnativebmg.native_blk_mem_gen/valid.cstr/ramloop[26].ram.r/prim_init.ram/DEVICE_7SERIES.NO_BMM_INFO.SP.SIMPLE_PRIM36.ram/REGCEAREGCE","setup"
4095,-0.091,5.000,4.610,0,"student_top_inst/cpu_rst_sync_reg/C","student_top_inst/Core_cpu/u_core_top/id_uop_q_reg[exception_tval][4]/R","setup"
4096,-0.091,5.000,4.610,0,"student_top_inst/cpu_rst_sync_reg/C","student_top_inst/Core_cpu/u_core_top/id_uop_q_reg[mem_size][0]/R","setup"
4097,-0.091,5.000,4.610,0,"student_top_inst/cpu_rst_sync_reg/C","student_top_inst/Core_cpu/u_core_top/id_uop_q_reg[mem_size][1]/R","setup"
4098,-0.091,5.000,4.986,8,"student_top_inst/Core_cpu/u_core_top/u_dcache/u_tag_bank/mem_q_reg/CLKBWRCLK","student_top_inst/Core_cpu/u_core_top/scoreboard_q_reg[7][result][7]/D","setup"
4099,-0.091,5.000,4.815,9,"student_top_inst/Core_cpu/u_core_top/scoreboard_q_reg[3][fu][1]/C","student_top_inst/Core_cpu/u_core_top/scoreboard_q_reg[1][link_addr][27]/CE","setup"
4100,-0.091,5.000,4.815,9,"student_top_inst/Core_cpu/u_core_top/scoreboard_q_reg[3][fu][1]/C","student_top_inst/Core_cpu/u_core_top/scoreboard_q_reg[1][link_addr][29]/CE","setup"
4101,-0.091,5.000,4.815,9,"student_top_inst/Core_cpu/u_core_top/scoreboard_q_reg[3][fu][1]/C","student_top_inst/Core_cpu/u_core_top/scoreboard_q_reg[1][link_addr][30]/CE","setup"
4102,-0.091,5.000,4.815,9,"student_top_inst/Core_cpu/u_core_top/scoreboard_q_reg[3][fu][1]/C","student_top_inst/Core_cpu/u_core_top/scoreboard_q_reg[1][pc][0]/CE","setup"
4103,-0.091,5.000,4.815,9,"student_top_inst/Core_cpu/u_core_top/scoreboard_q_reg[3][fu][1]/C","student_top_inst/Core_cpu/u_core_top/scoreboard_q_reg[1][pc][10]/CE","setup"
4104,-0.090,5.000,5.024,10,"student_top_inst/Core_cpu/u_core_top/u_dcache/u_tag_bank/mem_q_reg/CLKBWRCLK","student_top_inst/Core_cpu/u_core_top/u_dmem_regslice/req_addr_q_reg[20]/D","setup"
4105,-0.090,5.000,4.979,8,"student_top_inst/Core_cpu/u_core_top/u_dcache/u_tag_bank/mem_q_reg/CLKBWRCLK","student_top_inst/Core_cpu/u_core_top/scoreboard_q_reg[7][exception_tval][26]/D","setup"
4106,-0.090,5.000,4.560,0,"student_top_inst/cpu_rst_sync_reg/C","student_top_inst/Core_cpu/u_core_top/u_frontend/pending_pred_next_q_reg[22]/R","setup"
4107,-0.090,5.000,4.560,0,"student_top_inst/cpu_rst_sync_reg/C","student_top_inst/Core_cpu/u_core_top/u_frontend/pending_pred_next_q_reg[31]/R","setup"
4108,-0.090,5.000,4.835,8,"student_top_inst/Core_cpu/u_core_top/scoreboard_q_reg[3][fu][1]/C","student_top_inst/Core_cpu/u_core_top/u_dcache/g_data_bank[3].u_data_bank/mem_q_reg_0/DIADI[4]","setup"
4109,-0.090,5.000,4.969,7,"student_top_inst/Core_cpu/u_core_top/commit_ptr_q_reg[2]_rep/C","student_top_inst/Core_cpu/u_core_top/u_csr/mstatus_q_reg[23]/D","setup"
4110,-0.090,5.000,4.771,7,"student_top_inst/Core_cpu/u_core_top/u_dcache/u_tag_bank/mem_q_reg/CLKBWRCLK","student_top_inst/Core_cpu/u_core_top/scoreboard_q_reg[5][result][24]/CE","setup"
4111,-0.090,5.000,4.771,7,"student_top_inst/Core_cpu/u_core_top/u_dcache/u_tag_bank/mem_q_reg/CLKBWRCLK","student_top_inst/Core_cpu/u_core_top/scoreboard_q_reg[5][result][27]/CE","setup"
4112,-0.090,5.000,4.771,7,"student_top_inst/Core_cpu/u_core_top/u_dcache/u_tag_bank/mem_q_reg/CLKBWRCLK","student_top_inst/Core_cpu/u_core_top/scoreboard_q_reg[5][result][28]/CE","setup"
4113,-0.090,5.000,4.814,9,"student_top_inst/Core_cpu/u_core_top/scoreboard_q_reg[3][fu][1]/C","student_top_inst/Core_cpu/u_core_top/scoreboard_q_reg[1][link_addr][15]/CE","setup"
4114,-0.090,5.000,4.814,9,"student_top_inst/Core_cpu/u_core_top/scoreboard_q_reg[3][fu][1]/C","student_top_inst/Core_cpu/u_core_top/scoreboard_q_reg[1][pc][1]/CE","setup"
4115,-0.090,5.000,4.814,9,"student_top_inst/Core_cpu/u_core_top/scoreboard_q_reg[3][fu][1]/C","student_top_inst/Core_cpu/u_core_top/scoreboard_q_reg[1][pc][22]/CE","setup"
4116,-0.090,5.000,4.814,9,"student_top_inst/Core_cpu/u_core_top/scoreboard_q_reg[3][fu][1]/C","student_top_inst/Core_cpu/u_core_top/scoreboard_q_reg[1][pc][23]/CE","setup"
4117,-0.089,5.000,5.017,8,"student_top_inst/Core_cpu/u_core_top/u_dcache/u_tag_bank/mem_q_reg/CLKBWRCLK","student_top_inst/Core_cpu/u_core_top/scoreboard_q_reg[7][exception_tval][13]/D","setup"
4118,-0.089,5.000,5.019,8,"student_top_inst/Core_cpu/u_core_top/u_dcache/u_tag_bank/mem_q_reg/CLKBWRCLK","student_top_inst/Core_cpu/u_core_top/scoreboard_q_reg[7][exception_tval][31]/D","setup"
4119,-0.089,5.000,4.843,9,"student_top_inst/Core_cpu/u_core_top/scoreboard_q_reg[3][fu][1]/C","student_top_inst/Core_cpu/u_core_top/scoreboard_q_reg[0][pc][11]/CE","setup"
4120,-0.089,5.000,4.986,8,"student_top_inst/Core_cpu/u_core_top/u_dcache/u_tag_bank/mem_q_reg/CLKBWRCLK","student_top_inst/Core_cpu/u_core_top/scoreboard_q_reg[3][exception_tval][23]/D","setup"
4121,-0.089,5.000,4.977,8,"student_top_inst/Core_cpu/u_core_top/u_dcache/u_tag_bank/mem_q_reg/CLKBWRCLK","student_top_inst/Core_cpu/u_core_top/scoreboard_q_reg[7][exception_tval][6]/D","setup"
4122,-0.089,5.000,5.018,9,"student_top_inst/Core_cpu/u_core_top/exec_mem_addr_q_reg[6]/C","student_top_inst/Core_cpu/u_core_top/load_q_reg[1][forward_data][25]/D","setup"
4123,-0.089,5.000,4.612,7,"student_top_inst/Core_cpu/u_core_top/u_dcache/u_tag_bank/mem_q_reg/CLKBWRCLK","student_top_inst/Core_cpu/u_core_top/u_dcache/u_tag_bank/mem_q_reg/ADDRBWRADDR[10]","setup"
4124,-0.089,5.000,5.168,1,"student_top_inst/Core_cpu/u_core_top/u_dmem_regslice/req_addr_q_reg[1]/C","student_top_inst/mem_bridge/dram_adapter/dram/U0/inst_blk_mem_gen/gnbram.gnativebmg.native_blk_mem_gen/valid.cstr/ramloop[4].ram.r/prim_init.ram/DEVICE_7SERIES.NO_BMM_INFO.SP.SIMPLE_PRIM36.ram/DIADI[6]","setup"
4125,-0.088,5.000,4.816,7,"student_top_inst/Core_cpu/u_core_top/scoreboard_q_reg[3][fu][1]/C","student_top_inst/Core_cpu/u_core_top/u_frontend/u_branch_predictor/ras_q_reg[1][10]/CE","setup"
4126,-0.088,5.000,4.816,7,"student_top_inst/Core_cpu/u_core_top/scoreboard_q_reg[3][fu][1]/C","student_top_inst/Core_cpu/u_core_top/u_frontend/u_branch_predictor/ras_q_reg[1][13]/CE","setup"
4127,-0.088,5.000,4.816,7,"student_top_inst/Core_cpu/u_core_top/scoreboard_q_reg[3][fu][1]/C","student_top_inst/Core_cpu/u_core_top/u_frontend/u_branch_predictor/ras_q_reg[1][6]/CE","setup"
4128,-0.088,5.000,4.816,7,"student_top_inst/Core_cpu/u_core_top/scoreboard_q_reg[3][fu][1]/C","student_top_inst/Core_cpu/u_core_top/u_frontend/u_branch_predictor/ras_q_reg[1][8]/CE","setup"
4129,-0.088,5.000,4.816,7,"student_top_inst/Core_cpu/u_core_top/scoreboard_q_reg[3][fu][1]/C","student_top_inst/Core_cpu/u_core_top/u_frontend/u_branch_predictor/ras_q_reg[2][10]/CE","setup"
4130,-0.088,5.000,4.816,7,"student_top_inst/Core_cpu/u_core_top/scoreboard_q_reg[3][fu][1]/C","student_top_inst/Core_cpu/u_core_top/u_frontend/u_branch_predictor/ras_q_reg[2][13]/CE","setup"
4131,-0.088,5.000,4.816,7,"student_top_inst/Core_cpu/u_core_top/scoreboard_q_reg[3][fu][1]/C","student_top_inst/Core_cpu/u_core_top/u_frontend/u_branch_predictor/ras_q_reg[2][17]/CE","setup"
4132,-0.088,5.000,4.816,7,"student_top_inst/Core_cpu/u_core_top/scoreboard_q_reg[3][fu][1]/C","student_top_inst/Core_cpu/u_core_top/u_frontend/u_branch_predictor/ras_q_reg[2][20]/CE","setup"
4133,-0.088,5.000,4.816,7,"student_top_inst/Core_cpu/u_core_top/scoreboard_q_reg[3][fu][1]/C","student_top_inst/Core_cpu/u_core_top/u_frontend/u_branch_predictor/ras_q_reg[2][30]/CE","setup"
4134,-0.088,5.000,4.816,7,"student_top_inst/Core_cpu/u_core_top/scoreboard_q_reg[3][fu][1]/C","student_top_inst/Core_cpu/u_core_top/u_frontend/u_branch_predictor/ras_q_reg[2][31]/CE","setup"
4135,-0.088,5.000,4.816,7,"student_top_inst/Core_cpu/u_core_top/scoreboard_q_reg[3][fu][1]/C","student_top_inst/Core_cpu/u_core_top/u_frontend/u_branch_predictor/ras_q_reg[2][6]/CE","setup"
4136,-0.088,5.000,4.816,7,"student_top_inst/Core_cpu/u_core_top/scoreboard_q_reg[3][fu][1]/C","student_top_inst/Core_cpu/u_core_top/u_frontend/u_branch_predictor/ras_q_reg[2][8]/CE","setup"
4137,-0.088,5.000,4.604,8,"student_top_inst/Core_cpu/u_core_top/scoreboard_q_reg[3][fu][1]/C","student_top_inst/Core_cpu/u_core_top/u_dcache/g_data_bank[2].u_data_bank/mem_q_reg_0/ADDRARDADDR[12]","setup"
4138,-0.088,5.000,4.985,8,"student_top_inst/Core_cpu/u_core_top/u_dcache/u_tag_bank/mem_q_reg/CLKBWRCLK","student_top_inst/Core_cpu/u_core_top/scoreboard_q_reg[0][exception_tval][29]/D","setup"
4139,-0.088,5.000,4.979,8,"student_top_inst/Core_cpu/u_core_top/u_dcache/u_tag_bank/mem_q_reg/CLKBWRCLK","student_top_inst/Core_cpu/u_core_top/scoreboard_q_reg[3][exception_valid]/D","setup"
4140,-0.087,5.000,5.022,10,"student_top_inst/Core_cpu/u_core_top/u_dcache/u_tag_bank/mem_q_reg/CLKBWRCLK","student_top_inst/Core_cpu/u_core_top/u_dmem_regslice/req_addr_q_reg[22]/D","setup"
4141,-0.086,5.000,5.015,8,"student_top_inst/Core_cpu/u_core_top/u_dcache/u_tag_bank/mem_q_reg/CLKBWRCLK","student_top_inst/Core_cpu/u_core_top/scoreboard_q_reg[7][exception_tval][24]/D","setup"
4142,-0.086,5.000,4.985,9,"student_top_inst/Core_cpu/u_core_top/u_dcache/u_tag_bank/mem_q_reg/CLKBWRCLK","student_top_inst/Core_cpu/u_core_top/store_head_q_reg[0]/D","setup"
4143,-0.086,5.000,4.768,7,"student_top_inst/Core_cpu/u_core_top/u_dcache/u_tag_bank/mem_q_reg/CLKBWRCLK","student_top_inst/Core_cpu/u_core_top/scoreboard_q_reg[2][link_addr][24]/CE","setup"
4144,-0.086,5.000,4.768,7,"student_top_inst/Core_cpu/u_core_top/u_dcache/u_tag_bank/mem_q_reg/CLKBWRCLK","student_top_inst/Core_cpu/u_core_top/scoreboard_q_reg[2][link_addr][26]/CE","setup"
4145,-0.086,5.000,4.768,7,"student_top_inst/Core_cpu/u_core_top/u_dcache/u_tag_bank/mem_q_reg/CLKBWRCLK","student_top_inst/Core_cpu/u_core_top/scoreboard_q_reg[2][link_addr][27]/CE","setup"
4146,-0.086,5.000,4.768,7,"student_top_inst/Core_cpu/u_core_top/u_dcache/u_tag_bank/mem_q_reg/CLKBWRCLK","student_top_inst/Core_cpu/u_core_top/scoreboard_q_reg[2][link_addr][4]/CE","setup"
4147,-0.086,5.000,4.906,6,"student_top_inst/Core_cpu/u_core_top/commit_ptr_q_reg[2]_rep/C","student_top_inst/Core_cpu/u_core_top/u_csr/mcause_q_reg[13]/D","setup"
4148,-0.085,5.000,5.015,8,"student_top_inst/Core_cpu/u_core_top/u_dcache/u_tag_bank/mem_q_reg/CLKBWRCLK","student_top_inst/Core_cpu/u_core_top/scoreboard_q_reg[7][exception_tval][27]/D","setup"
4149,-0.085,5.000,4.921,6,"student_top_inst/Core_cpu/u_core_top/commit_ptr_q_reg[2]_rep/C","student_top_inst/Core_cpu/u_core_top/u_csr/mscratch_q_reg[24]/D","setup"
4150,-0.084,5.000,4.975,8,"student_top_inst/Core_cpu/u_core_top/u_dcache/u_tag_bank/mem_q_reg/CLKBWRCLK","student_top_inst/Core_cpu/u_core_top/scoreboard_q_reg[3][exception_tval][11]/D","setup"
4151,-0.084,5.000,5.007,8,"student_top_inst/Core_cpu/u_core_top/u_dcache/u_tag_bank/mem_q_reg/CLKBWRCLK","student_top_inst/Core_cpu/u_core_top/scoreboard_q_reg[6][result][4]/D","setup"
4152,-0.084,5.000,4.950,6,"student_top_inst/Core_cpu/u_core_top/commit_ptr_q_reg[2]_rep/C","student_top_inst/Core_cpu/u_core_top/u_csr/mtvec_q_reg[13]/D","setup"
4153,-0.083,5.000,4.787,5,"student_top_inst/Core_cpu/u_core_top/u_dmem_regslice/req_addr_q_reg[18]/C","student_top_inst/mem_bridge/dram_adapter/dram/U0/inst_blk_mem_gen/gnbram.gnativebmg.native_blk_mem_gen/valid.cstr/ramloop[57].ram.r/prim_init.ram/DEVICE_7SERIES.NO_BMM_INFO.SP.SIMPLE_PRIM36.ram/ENARDEN","setup"
4154,-0.083,5.000,4.997,11,"student_top_inst/Core_cpu/u_core_top/store_head_q_reg[1]/C","student_top_inst/Core_cpu/u_core_top/load_q_reg[1][forward_data][17]/D","setup"
4155,-0.082,5.000,4.971,8,"student_top_inst/Core_cpu/u_core_top/u_dcache/u_tag_bank/mem_q_reg/CLKBWRCLK","student_top_inst/Core_cpu/u_core_top/scoreboard_q_reg[7][exception_tval][7]/D","setup"
4156,-0.082,5.000,4.986,9,"student_top_inst/Core_cpu/u_core_top/u_dcache/u_tag_bank/mem_q_reg/CLKBWRCLK","student_top_inst/Core_cpu/u_core_top/load_active_meta_q_reg[forward_data][27]/D","setup"
4157,-0.082,5.000,4.867,0,"student_top_inst/Core_cpu/u_core_top/u_dmem_regslice/req_addr_q_reg[7]/C","student_top_inst/mem_bridge/dram_adapter/dram/U0/inst_blk_mem_gen/gnbram.gnativebmg.native_blk_mem_gen/valid.cstr/ramloop[15].ram.r/prim_init.ram/DEVICE_7SERIES.NO_BMM_INFO.SP.SIMPLE_PRIM36.ram/ADDRARDADDR[8]","setup"
4158,-0.081,5.000,4.744,7,"student_top_inst/Core_cpu/u_core_top/u_dcache/u_tag_bank/mem_q_reg/CLKBWRCLK","student_top_inst/Core_cpu/u_core_top/scoreboard_q_reg[3][link_addr][11]/CE","setup"
4159,-0.081,5.000,4.744,7,"student_top_inst/Core_cpu/u_core_top/u_dcache/u_tag_bank/mem_q_reg/CLKBWRCLK","student_top_inst/Core_cpu/u_core_top/scoreboard_q_reg[3][link_addr][1]/CE","setup"
4160,-0.081,5.000,4.744,7,"student_top_inst/Core_cpu/u_core_top/u_dcache/u_tag_bank/mem_q_reg/CLKBWRCLK","student_top_inst/Core_cpu/u_core_top/scoreboard_q_reg[3][pc][14]/CE","setup"
4161,-0.081,5.000,4.744,7,"student_top_inst/Core_cpu/u_core_top/u_dcache/u_tag_bank/mem_q_reg/CLKBWRCLK","student_top_inst/Core_cpu/u_core_top/scoreboard_q_reg[3][pc][31]/CE","setup"
4162,-0.081,5.000,4.744,7,"student_top_inst/Core_cpu/u_core_top/u_dcache/u_tag_bank/mem_q_reg/CLKBWRCLK","student_top_inst/Core_cpu/u_core_top/scoreboard_q_reg[3][pc][9]/CE","setup"
4163,-0.080,5.000,5.004,9,"student_top_inst/Core_cpu/u_core_top/u_dcache/u_tag_bank/mem_q_reg/CLKBWRCLK","student_top_inst/Core_cpu/u_core_top/scoreboard_q_reg[4][result][16]/D","setup"
4164,-0.080,5.000,4.952,4,"student_top_inst/Core_cpu/u_core_top/id_uop_q_reg[rs1][3]/C","student_top_inst/Core_cpu/u_core_top/scoreboard_q_reg[5][csr_src][6]/D","setup"
4165,-0.080,5.000,4.991,8,"student_top_inst/Core_cpu/u_core_top/exec_mem_addr_q_reg[6]/C","student_top_inst/Core_cpu/u_core_top/load_q_reg[1][forward_mask][2]/D","setup"
4166,-0.080,5.000,4.662,8,"student_top_inst/Core_cpu/u_core_top/scoreboard_q_reg[3][fu][1]/C","student_top_inst/Core_cpu/u_core_top/u_dcache/g_data_bank[3].u_data_bank/mem_q_reg_1/ADDRARDADDR[11]","setup"
4167,-0.080,5.000,4.833,0,"student_top_inst/mem_bridge/dram_adapter/read_valid_d1_reg/C","student_top_inst/mem_bridge/dram_adapter/dram/U0/inst_blk_mem_gen/gnbram.gnativebmg.native_blk_mem_gen/valid.cstr/ramloop[28].ram.r/prim_init.ram/DEVICE_7SERIES.NO_BMM_INFO.SP.SIMPLE_PRIM36.ram/REGCEAREGCE","setup"
4168,-0.079,5.000,4.979,10,"student_top_inst/Core_cpu/u_core_top/u_dcache/u_tag_bank/mem_q_reg/CLKBWRCLK","student_top_inst/Core_cpu/u_core_top/load_q_reg[0][addr][5]/D","setup"
4169,-0.079,5.000,4.736,7,"student_top_inst/Core_cpu/u_core_top/u_dcache/u_tag_bank/mem_q_reg/CLKBWRCLK","student_top_inst/Core_cpu/u_core_top/scoreboard_q_reg[5][link_addr][22]/CE","setup"
4170,-0.079,5.000,4.736,7,"student_top_inst/Core_cpu/u_core_top/u_dcache/u_tag_bank/mem_q_reg/CLKBWRCLK","student_top_inst/Core_cpu/u_core_top/scoreboard_q_reg[5][link_addr][6]/CE","setup"
4171,-0.079,5.000,4.736,7,"student_top_inst/Core_cpu/u_core_top/u_dcache/u_tag_bank/mem_q_reg/CLKBWRCLK","student_top_inst/Core_cpu/u_core_top/scoreboard_q_reg[5][pc][18]/CE","setup"
4172,-0.079,5.000,4.736,7,"student_top_inst/Core_cpu/u_core_top/u_dcache/u_tag_bank/mem_q_reg/CLKBWRCLK","student_top_inst/Core_cpu/u_core_top/scoreboard_q_reg[5][pc][28]/CE","setup"
4173,-0.079,5.000,4.736,7,"student_top_inst/Core_cpu/u_core_top/u_dcache/u_tag_bank/mem_q_reg/CLKBWRCLK","student_top_inst/Core_cpu/u_core_top/scoreboard_q_reg[5][pc][29]/CE","setup"
4174,-0.079,5.000,4.736,7,"student_top_inst/Core_cpu/u_core_top/u_dcache/u_tag_bank/mem_q_reg/CLKBWRCLK","student_top_inst/Core_cpu/u_core_top/scoreboard_q_reg[5][pc][30]/CE","setup"
4175,-0.079,5.000,4.736,7,"student_top_inst/Core_cpu/u_core_top/u_dcache/u_tag_bank/mem_q_reg/CLKBWRCLK","student_top_inst/Core_cpu/u_core_top/scoreboard_q_reg[5][pc][31]/CE","setup"
4176,-0.079,5.000,4.736,7,"student_top_inst/Core_cpu/u_core_top/u_dcache/u_tag_bank/mem_q_reg/CLKBWRCLK","student_top_inst/Core_cpu/u_core_top/scoreboard_q_reg[5][pc][9]/CE","setup"
4177,-0.079,5.000,4.893,6,"student_top_inst/Core_cpu/u_core_top/commit_ptr_q_reg[2]_rep/C","student_top_inst/Core_cpu/u_core_top/u_csr/mscratch_q_reg[13]/D","setup"
4178,-0.079,5.000,4.786,7,"student_top_inst/Core_cpu/u_core_top/scoreboard_q_reg[3][fu][1]/C","student_top_inst/Core_cpu/u_core_top/u_frontend/u_branch_predictor/ras_q_reg[7][15]/CE","setup"
4179,-0.079,5.000,4.786,7,"student_top_inst/Core_cpu/u_core_top/scoreboard_q_reg[3][fu][1]/C","student_top_inst/Core_cpu/u_core_top/u_frontend/u_branch_predictor/ras_q_reg[7][20]/CE","setup"
4180,-0.079,5.000,4.539,7,"student_top_inst/Core_cpu/u_core_top/scoreboard_q_reg[3][fu][1]/C","student_top_inst/Core_cpu/u_core_top/u_muldiv/a_q_reg[24]/CE","setup"
4181,-0.079,5.000,4.539,7,"student_top_inst/Core_cpu/u_core_top/scoreboard_q_reg[3][fu][1]/C","student_top_inst/Core_cpu/u_core_top/u_muldiv/a_q_reg[25]/CE","setup"
4182,-0.079,5.000,4.539,7,"student_top_inst/Core_cpu/u_core_top/scoreboard_q_reg[3][fu][1]/C","student_top_inst/Core_cpu/u_core_top/u_muldiv/a_q_reg[26]/CE","setup"
4183,-0.079,5.000,4.539,7,"student_top_inst/Core_cpu/u_core_top/scoreboard_q_reg[3][fu][1]/C","student_top_inst/Core_cpu/u_core_top/u_muldiv/a_q_reg[27]/CE","setup"
4184,-0.077,5.000,4.767,8,"student_top_inst/Core_cpu/u_core_top/scoreboard_q_reg[3][fu][1]/C","student_top_inst/Core_cpu/u_core_top/u_muldiv/u_div/U0/i_synth/i_has_input_skid.i_2to1/gen_has_z_tready.reg1_b_valid_reg/D","setup"
4185,-0.077,5.000,4.985,7,"student_top_inst/Core_cpu/u_core_top/commit_ptr_q_reg[2]_rep/C","student_top_inst/Core_cpu/u_core_top/u_csr/mtval_q_reg[4]/D","setup"
4186,-0.076,5.000,4.980,8,"student_top_inst/Core_cpu/u_core_top/u_dcache/u_tag_bank/mem_q_reg/CLKBWRCLK","student_top_inst/Core_cpu/u_core_top/scoreboard_q_reg[6][exception_tval][31]/D","setup"
4187,-0.076,5.000,4.587,8,"student_top_inst/Core_cpu/u_core_top/scoreboard_q_reg[3][fu][1]/C","student_top_inst/Core_cpu/u_core_top/u_dcache/g_data_bank[3].u_data_bank/mem_q_reg_0/ADDRARDADDR[9]","setup"
4188,-0.076,5.000,4.910,6,"student_top_inst/Core_cpu/u_core_top/commit_ptr_q_reg[2]_rep/C","student_top_inst/Core_cpu/u_core_top/u_csr/mcause_q_reg[23]/D","setup"
4189,-0.076,5.000,4.585,8,"student_top_inst/Core_cpu/u_core_top/scoreboard_q_reg[3][fu][1]/C","student_top_inst/Core_cpu/u_core_top/u_dcache/g_data_bank[1].u_data_bank/mem_q_reg_1/ADDRARDADDR[14]","setup"
4190,-0.076,5.000,4.595,8,"student_top_inst/Core_cpu/u_core_top/scoreboard_q_reg[3][fu][1]/C","student_top_inst/Core_cpu/u_core_top/u_dcache/g_data_bank[0].u_data_bank/mem_q_reg_0/ADDRARDADDR[10]","setup"
4191,-0.076,5.000,4.961,5,"student_top_inst/Core_cpu/u_core_top/u_dmem_regslice/req_addr_q_reg[18]/C","student_top_inst/mem_bridge/dram_adapter/dram/U0/inst_blk_mem_gen/gnbram.gnativebmg.native_blk_mem_gen/valid.cstr/ramloop[1].ram.r/prim_init.ram/DEVICE_7SERIES.NO_BMM_INFO.SP.SIMPLE_PRIM36.ram/ENARDEN","setup"
4192,-0.075,5.000,4.990,11,"student_top_inst/Core_cpu/u_core_top/store_head_q_reg[1]/C","student_top_inst/Core_cpu/u_core_top/load_q_reg[1][forward_data][22]/D","setup"
4193,-0.075,5.000,4.662,8,"student_top_inst/Core_cpu/u_core_top/scoreboard_q_reg[3][fu][1]/C","student_top_inst/Core_cpu/u_core_top/u_dcache/g_data_bank[1].u_data_bank/mem_q_reg_0/ADDRARDADDR[11]","setup"
4194,-0.075,5.000,4.971,8,"student_top_inst/Core_cpu/u_core_top/u_dcache/u_tag_bank/mem_q_reg/CLKBWRCLK","student_top_inst/Core_cpu/u_core_top/scoreboard_q_reg[5][exception_tval][29]/D","setup"
4195,-0.075,5.000,4.951,7,"student_top_inst/Core_cpu/u_core_top/commit_ptr_q_reg[2]_rep/C","student_top_inst/Core_cpu/u_core_top/u_csr/mtval_q_reg[19]/D","setup"
4196,-0.074,5.000,4.912,6,"student_top_inst/Core_cpu/u_core_top/commit_ptr_q_reg[2]_rep/C","student_top_inst/Core_cpu/u_core_top/u_csr/mscratch_q_reg[31]/D","setup"
4197,-0.074,5.000,5.000,8,"student_top_inst/Core_cpu/u_core_top/u_dcache/u_tag_bank/mem_q_reg/CLKBWRCLK","student_top_inst/Core_cpu/u_core_top/scoreboard_q_reg[5][store_slot_valid]/D","setup"
4198,-0.073,5.000,5.001,8,"student_top_inst/Core_cpu/u_core_top/u_dcache/u_tag_bank/mem_q_reg/CLKBWRCLK","student_top_inst/Core_cpu/u_core_top/scoreboard_q_reg[1][exception_tval][31]/D","setup"
4199,-0.073,5.000,4.968,8,"student_top_inst/Core_cpu/u_core_top/u_dcache/u_tag_bank/mem_q_reg/CLKBWRCLK","student_top_inst/Core_cpu/u_core_top/scoreboard_q_reg[5][exception_tval][1]/D","setup"
4200,-0.073,5.000,4.803,7,"student_top_inst/Core_cpu/u_core_top/scoreboard_q_reg[3][fu][1]/C","student_top_inst/Core_cpu/u_core_top/u_frontend/u_branch_predictor/ras_q_reg[1][15]/CE","setup"
4201,-0.073,5.000,4.803,7,"student_top_inst/Core_cpu/u_core_top/scoreboard_q_reg[3][fu][1]/C","student_top_inst/Core_cpu/u_core_top/u_frontend/u_branch_predictor/ras_q_reg[1][16]/CE","setup"
4202,-0.073,5.000,4.803,7,"student_top_inst/Core_cpu/u_core_top/scoreboard_q_reg[3][fu][1]/C","student_top_inst/Core_cpu/u_core_top/u_frontend/u_branch_predictor/ras_q_reg[1][20]/CE","setup"
4203,-0.073,5.000,4.803,7,"student_top_inst/Core_cpu/u_core_top/scoreboard_q_reg[3][fu][1]/C","student_top_inst/Core_cpu/u_core_top/u_frontend/u_branch_predictor/ras_q_reg[1][22]/CE","setup"
4204,-0.073,5.000,4.803,7,"student_top_inst/Core_cpu/u_core_top/scoreboard_q_reg[3][fu][1]/C","student_top_inst/Core_cpu/u_core_top/u_frontend/u_branch_predictor/ras_q_reg[1][3]/CE","setup"
4205,-0.073,5.000,4.941,6,"student_top_inst/Core_cpu/u_core_top/commit_ptr_q_reg[2]_rep/C","student_top_inst/Core_cpu/u_core_top/u_csr/mtvec_q_reg[14]/D","setup"
4206,-0.073,5.000,4.969,8,"student_top_inst/Core_cpu/u_core_top/u_dcache/u_tag_bank/mem_q_reg/CLKBWRCLK","student_top_inst/Core_cpu/u_core_top/scoreboard_q_reg[5][exception_tval][31]/D","setup"
4207,-0.073,5.000,4.894,6,"student_top_inst/Core_cpu/u_core_top/commit_ptr_q_reg[2]_rep/C","student_top_inst/Core_cpu/u_core_top/u_csr/mcause_q_reg[6]/D","setup"
4208,-0.073,5.000,4.771,9,"student_top_inst/Core_cpu/u_core_top/scoreboard_q_reg[3][fu][1]/C","student_top_inst/Core_cpu/u_core_top/scoreboard_q_reg[0][fu][1]/CE","setup"
4209,-0.073,5.000,4.771,9,"student_top_inst/Core_cpu/u_core_top/scoreboard_q_reg[3][fu][1]/C","student_top_inst/Core_cpu/u_core_top/scoreboard_q_reg[0][pc][14]/CE","setup"
4210,-0.073,5.000,4.771,9,"student_top_inst/Core_cpu/u_core_top/scoreboard_q_reg[3][fu][1]/C","student_top_inst/Core_cpu/u_core_top/scoreboard_q_reg[0][pc][28]/CE","setup"
4211,-0.073,5.000,4.771,9,"student_top_inst/Core_cpu/u_core_top/scoreboard_q_reg[3][fu][1]/C","student_top_inst/Core_cpu/u_core_top/scoreboard_q_reg[0][sys_op][1]/CE","setup"
4212,-0.073,5.000,4.888,6,"student_top_inst/Core_cpu/u_core_top/commit_ptr_q_reg[2]_rep/C","student_top_inst/Core_cpu/u_core_top/u_csr/mscratch_q_reg[27]/D","setup"
4213,-0.072,5.000,5.000,8,"student_top_inst/Core_cpu/u_core_top/u_dcache/u_tag_bank/mem_q_reg/CLKBWRCLK","student_top_inst/Core_cpu/u_core_top/scoreboard_q_reg[1][exception_tval][10]/D","setup"
4214,-0.072,5.000,4.660,8,"student_top_inst/Core_cpu/u_core_top/scoreboard_q_reg[3][fu][1]/C","student_top_inst/Core_cpu/u_core_top/u_dcache/g_data_bank[1].u_data_bank/mem_q_reg_0/ADDRARDADDR[6]","setup"
4215,-0.072,5.000,4.773,9,"student_top_inst/Core_cpu/u_core_top/scoreboard_q_reg[3][fu][1]/C","student_top_inst/Core_cpu/u_core_top/scoreboard_q_reg[1][link_addr][19]/CE","setup"
4216,-0.072,5.000,4.773,9,"student_top_inst/Core_cpu/u_core_top/scoreboard_q_reg[3][fu][1]/C","student_top_inst/Core_cpu/u_core_top/scoreboard_q_reg[1][pc][19]/CE","setup"
4217,-0.071,5.000,4.967,8,"student_top_inst/Core_cpu/u_core_top/u_dcache/u_tag_bank/mem_q_reg/CLKBWRCLK","student_top_inst/Core_cpu/u_core_top/scoreboard_q_reg[5][exception_tval][10]/D","setup"
4218,-0.071,5.000,4.953,7,"student_top_inst/Core_cpu/u_core_top/commit_ptr_q_reg[2]_rep/C","student_top_inst/Core_cpu/u_core_top/u_csr/mstatus_q_reg[15]/D","setup"
4219,-0.071,5.000,4.915,6,"student_top_inst/Core_cpu/u_core_top/commit_ptr_q_reg[2]_rep/C","student_top_inst/Core_cpu/u_core_top/u_csr/mtvec_q_reg[31]/D","setup"
4220,-0.071,5.000,4.898,6,"student_top_inst/Core_cpu/u_core_top/commit_ptr_q_reg[2]_rep/C","student_top_inst/Core_cpu/u_core_top/u_csr/mcause_q_reg[19]/D","setup"
4221,-0.071,5.000,4.858,0,"student_top_inst/Core_cpu/u_core_top/u_dmem_regslice/req_addr_q_reg[2]/C","student_top_inst/mem_bridge/dram_adapter/dram/U0/inst_blk_mem_gen/gnbram.gnativebmg.native_blk_mem_gen/valid.cstr/ramloop[11].ram.r/prim_init.ram/DEVICE_7SERIES.NO_BMM_INFO.SP.SIMPLE_PRIM36.ram/ADDRARDADDR[3]","setup"
4222,-0.070,5.000,4.806,0,"student_top_inst/Core_cpu/u_core_top/u_dmem_regslice/req_addr_q_reg[7]/C","student_top_inst/mem_bridge/dram_adapter/dram/U0/inst_blk_mem_gen/gnbram.gnativebmg.native_blk_mem_gen/valid.cstr/ramloop[13].ram.r/prim_init.ram/DEVICE_7SERIES.NO_BMM_INFO.SP.SIMPLE_PRIM36.ram/ADDRARDADDR[8]","setup"
4223,-0.070,5.000,4.875,2,"student_top_inst/cpu_rst_sync_reg/C","student_top_inst/Core_cpu/u_core_top/u_csr/mstatus_q_reg[3]/D","setup"
4224,-0.070,5.000,4.865,0,"student_top_inst/Core_cpu/u_core_top/u_dmem_regslice/req_addr_q_reg[4]/C","student_top_inst/mem_bridge/dram_adapter/dram/U0/inst_blk_mem_gen/gnbram.gnativebmg.native_blk_mem_gen/valid.cstr/ramloop[13].ram.r/prim_init.ram/DEVICE_7SERIES.NO_BMM_INFO.SP.SIMPLE_PRIM36.ram/ADDRARDADDR[5]","setup"
4225,-0.070,5.000,4.731,8,"student_top_inst/Core_cpu/u_core_top/u_dcache/u_tag_bank/mem_q_reg/CLKBWRCLK","student_top_inst/Core_cpu/u_core_top/exec_q_reg[uop][pred_next_pc][16]/CE","setup"
4226,-0.070,5.000,4.731,8,"student_top_inst/Core_cpu/u_core_top/u_dcache/u_tag_bank/mem_q_reg/CLKBWRCLK","student_top_inst/Core_cpu/u_core_top/exec_q_reg[uop][pred_next_pc][1]/CE","setup"
4227,-0.070,5.000,4.731,8,"student_top_inst/Core_cpu/u_core_top/u_dcache/u_tag_bank/mem_q_reg/CLKBWRCLK","student_top_inst/Core_cpu/u_core_top/exec_q_reg[uop][pred_next_pc][20]/CE","setup"
4228,-0.070,5.000,4.731,8,"student_top_inst/Core_cpu/u_core_top/u_dcache/u_tag_bank/mem_q_reg/CLKBWRCLK","student_top_inst/Core_cpu/u_core_top/exec_q_reg[uop][pred_next_pc][21]/CE","setup"
4229,-0.070,5.000,4.731,8,"student_top_inst/Core_cpu/u_core_top/u_dcache/u_tag_bank/mem_q_reg/CLKBWRCLK","student_top_inst/Core_cpu/u_core_top/exec_q_reg[uop][pred_next_pc][27]/CE","setup"
4230,-0.070,5.000,4.731,8,"student_top_inst/Core_cpu/u_core_top/u_dcache/u_tag_bank/mem_q_reg/CLKBWRCLK","student_top_inst/Core_cpu/u_core_top/exec_q_reg[uop][pred_next_pc][7]/CE","setup"
4231,-0.069,5.000,4.556,5,"student_top_inst/mem_bridge/dram_adapter/dram/U0/inst_blk_mem_gen/gnbram.gnativebmg.native_blk_mem_gen/valid.cstr/ramloop[5].ram.r/prim_init.ram/DEVICE_7SERIES.NO_BMM_INFO.SP.SIMPLE_PRIM36.ram/CLKARDCLK","student_top_inst/Core_cpu/u_core_top/u_dmem_regslice/resp_rdata_q_reg[6]/D","setup"
4232,-0.068,5.000,4.969,7,"student_top_inst/Core_cpu/u_core_top/commit_ptr_q_reg[2]_rep/C","student_top_inst/Core_cpu/u_core_top/u_csr/mepc_q_reg[7]/D","setup"
4233,-0.068,5.000,4.613,5,"student_top_inst/Core_cpu/u_core_top/u_dmem_regslice/req_addr_q_reg[18]/C","student_top_inst/mem_bridge/dram_adapter/dram/U0/inst_blk_mem_gen/gnbram.gnativebmg.native_blk_mem_gen/valid.cstr/ramloop[25].ram.r/prim_init.ram/DEVICE_7SERIES.NO_BMM_INFO.SP.SIMPLE_PRIM36.ram/ENARDEN","setup"
4234,-0.068,5.000,4.679,0,"student_top_inst/Core_cpu/u_core_top/u_dmem_regslice/req_addr_q_reg[11]/C","student_top_inst/mem_bridge/dram_adapter/dram/U0/inst_blk_mem_gen/gnbram.gnativebmg.native_blk_mem_gen/valid.cstr/ramloop[44].ram.r/prim_init.ram/DEVICE_7SERIES.NO_BMM_INFO.SP.SIMPLE_PRIM36.ram/ADDRARDADDR[12]","setup"
4235,-0.068,5.000,4.965,8,"student_top_inst/Core_cpu/u_core_top/u_dcache/u_tag_bank/mem_q_reg/CLKBWRCLK","student_top_inst/Core_cpu/u_core_top/scoreboard_q_reg[3][exception_tval][25]/D","setup"
4236,-0.067,5.000,4.754,5,"student_top_inst/mem_bridge/dram_adapter/dram/U0/inst_blk_mem_gen/gnbram.gnativebmg.native_blk_mem_gen/valid.cstr/has_mux_a.A/no_softecc_norm_sel2.has_mem_regs.WITHOUT_ECC_PIPE.ce_pri.sel_pipe_d1_reg[2]/C","student_top_inst/Core_cpu/u_core_top/u_dmem_regslice/resp_rdata_q_reg[21]/D","setup"
4237,-0.067,5.000,4.578,8,"student_top_inst/Core_cpu/u_core_top/scoreboard_q_reg[3][fu][1]/C","student_top_inst/Core_cpu/u_core_top/u_dcache/g_data_bank[3].u_data_bank/mem_q_reg_0/ADDRARDADDR[6]","setup"
4238,-0.067,5.000,4.768,9,"student_top_inst/Core_cpu/u_core_top/scoreboard_q_reg[3][fu][1]/C","student_top_inst/Core_cpu/u_core_top/scoreboard_q_reg[0][pc][15]/CE","setup"
4239,-0.067,5.000,4.768,9,"student_top_inst/Core_cpu/u_core_top/scoreboard_q_reg[3][fu][1]/C","student_top_inst/Core_cpu/u_core_top/scoreboard_q_reg[0][pc][1]/CE","setup"
4240,-0.067,5.000,4.965,8,"student_top_inst/Core_cpu/u_core_top/u_dcache/u_tag_bank/mem_q_reg/CLKBWRCLK","student_top_inst/Core_cpu/u_core_top/scoreboard_q_reg[3][exception_tval][22]/D","setup"
4241,-0.067,5.000,4.964,8,"student_top_inst/Core_cpu/u_core_top/u_dcache/u_tag_bank/mem_q_reg/CLKBWRCLK","student_top_inst/Core_cpu/u_core_top/scoreboard_q_reg[1][exception_tval][22]/D","setup"
4242,-0.066,5.000,4.722,7,"student_top_inst/Core_cpu/u_core_top/u_dcache/u_tag_bank/mem_q_reg/CLKBWRCLK","student_top_inst/Core_cpu/u_core_top/scoreboard_q_reg[5][csr_src][14]/CE","setup"
4243,-0.066,5.000,4.722,7,"student_top_inst/Core_cpu/u_core_top/u_dcache/u_tag_bank/mem_q_reg/CLKBWRCLK","student_top_inst/Core_cpu/u_core_top/scoreboard_q_reg[5][csr_src][19]/CE","setup"
4244,-0.066,5.000,4.722,7,"student_top_inst/Core_cpu/u_core_top/u_dcache/u_tag_bank/mem_q_reg/CLKBWRCLK","student_top_inst/Core_cpu/u_core_top/scoreboard_q_reg[5][csr_src][25]/CE","setup"
4245,-0.066,5.000,4.722,7,"student_top_inst/Core_cpu/u_core_top/u_dcache/u_tag_bank/mem_q_reg/CLKBWRCLK","student_top_inst/Core_cpu/u_core_top/scoreboard_q_reg[5][csr_src][29]/CE","setup"
4246,-0.066,5.000,4.722,7,"student_top_inst/Core_cpu/u_core_top/u_dcache/u_tag_bank/mem_q_reg/CLKBWRCLK","student_top_inst/Core_cpu/u_core_top/scoreboard_q_reg[5][csr_src][30]/CE","setup"
4247,-0.066,5.000,4.722,7,"student_top_inst/Core_cpu/u_core_top/u_dcache/u_tag_bank/mem_q_reg/CLKBWRCLK","student_top_inst/Core_cpu/u_core_top/scoreboard_q_reg[5][csr_src][5]/CE","setup"
4248,-0.066,5.000,4.722,7,"student_top_inst/Core_cpu/u_core_top/u_dcache/u_tag_bank/mem_q_reg/CLKBWRCLK","student_top_inst/Core_cpu/u_core_top/scoreboard_q_reg[5][csr_src][7]/CE","setup"
4249,-0.066,5.000,4.722,7,"student_top_inst/Core_cpu/u_core_top/u_dcache/u_tag_bank/mem_q_reg/CLKBWRCLK","student_top_inst/Core_cpu/u_core_top/scoreboard_q_reg[5][csr_src][9]/CE","setup"
4250,-0.066,5.000,4.785,5,"student_top_inst/mem_bridge/dram_adapter/dram/U0/inst_blk_mem_gen/gnbram.gnativebmg.native_blk_mem_gen/valid.cstr/has_mux_a.A/no_softecc_norm_sel2.has_mem_regs.WITHOUT_ECC_PIPE.ce_pri.sel_pipe_d1_reg[2]/C","student_top_inst/Core_cpu/u_core_top/u_dmem_regslice/resp_rdata_q_reg[23]/D","setup"
4251,-0.066,5.000,4.963,8,"student_top_inst/Core_cpu/u_core_top/u_dcache/u_tag_bank/mem_q_reg/CLKBWRCLK","student_top_inst/Core_cpu/u_core_top/scoreboard_q_reg[3][exception_tval][24]/D","setup"
4252,-0.065,5.000,4.581,8,"student_top_inst/Core_cpu/u_core_top/scoreboard_q_reg[3][fu][1]/C","student_top_inst/Core_cpu/u_core_top/u_dcache/g_data_bank[2].u_data_bank/mem_q_reg_0/ADDRARDADDR[8]","setup"
4253,-0.065,5.000,4.969,7,"student_top_inst/Core_cpu/u_core_top/commit_ptr_q_reg[2]_rep/C","student_top_inst/Core_cpu/u_core_top/u_csr/mepc_q_reg[21]/D","setup"
4254,-0.064,5.000,4.571,7,"student_top_inst/Core_cpu/u_core_top/u_dcache/u_tag_bank/mem_q_reg/CLKBWRCLK","student_top_inst/Core_cpu/u_core_top/u_dcache/g_data_bank[2].u_data_bank/mem_q_reg_1/ADDRBWRADDR[13]","setup"
4255,-0.064,5.000,4.956,8,"student_top_inst/Core_cpu/u_core_top/u_dcache/u_tag_bank/mem_q_reg/CLKBWRCLK","student_top_inst/Core_cpu/u_core_top/scoreboard_q_reg[1][exception_tval][11]/D","setup"
4256,-0.064,5.000,4.955,8,"student_top_inst/Core_cpu/u_core_top/u_dcache/u_tag_bank/mem_q_reg/CLKBWRCLK","student_top_inst/Core_cpu/u_core_top/scoreboard_q_reg[1][exception_tval][14]/D","setup"
4257,-0.063,5.000,4.742,7,"student_top_inst/Core_cpu/u_core_top/u_dcache/u_tag_bank/mem_q_reg/CLKBWRCLK","student_top_inst/Core_cpu/u_core_top/scoreboard_q_reg[5][csr_src][11]/CE","setup"
4258,-0.063,5.000,4.742,7,"student_top_inst/Core_cpu/u_core_top/u_dcache/u_tag_bank/mem_q_reg/CLKBWRCLK","student_top_inst/Core_cpu/u_core_top/scoreboard_q_reg[5][csr_src][12]/CE","setup"
4259,-0.063,5.000,4.742,7,"student_top_inst/Core_cpu/u_core_top/u_dcache/u_tag_bank/mem_q_reg/CLKBWRCLK","student_top_inst/Core_cpu/u_core_top/scoreboard_q_reg[5][csr_src][15]/CE","setup"
4260,-0.063,5.000,4.742,7,"student_top_inst/Core_cpu/u_core_top/u_dcache/u_tag_bank/mem_q_reg/CLKBWRCLK","student_top_inst/Core_cpu/u_core_top/scoreboard_q_reg[5][csr_src][16]/CE","setup"
4261,-0.063,5.000,4.742,7,"student_top_inst/Core_cpu/u_core_top/u_dcache/u_tag_bank/mem_q_reg/CLKBWRCLK","student_top_inst/Core_cpu/u_core_top/scoreboard_q_reg[5][csr_src][18]/CE","setup"
4262,-0.063,5.000,4.742,7,"student_top_inst/Core_cpu/u_core_top/u_dcache/u_tag_bank/mem_q_reg/CLKBWRCLK","student_top_inst/Core_cpu/u_core_top/scoreboard_q_reg[5][csr_src][31]/CE","setup"
4263,-0.063,5.000,4.742,7,"student_top_inst/Core_cpu/u_core_top/u_dcache/u_tag_bank/mem_q_reg/CLKBWRCLK","student_top_inst/Core_cpu/u_core_top/scoreboard_q_reg[5][csr_src][8]/CE","setup"
4264,-0.063,5.000,5.023,12,"student_top_inst/Core_cpu/u_core_top/store_head_q_reg[1]/C","student_top_inst/Core_cpu/u_core_top/load_active_meta_q_reg[forward_data][18]/D","setup"
4265,-0.063,5.000,4.770,7,"student_top_inst/Core_cpu/u_core_top/scoreboard_q_reg[3][fu][1]/C","student_top_inst/Core_cpu/u_core_top/u_frontend/u_branch_predictor/ras_q_reg[4][15]/CE","setup"
4266,-0.063,5.000,4.770,7,"student_top_inst/Core_cpu/u_core_top/scoreboard_q_reg[3][fu][1]/C","student_top_inst/Core_cpu/u_core_top/u_frontend/u_branch_predictor/ras_q_reg[4][30]/CE","setup"
4267,-0.062,5.000,4.772,9,"student_top_inst/Core_cpu/u_core_top/exec_q_reg[uop][muldiv_op][2]/C","student_top_inst/Core_cpu/u_core_top/u_muldiv/u_mul/U0/i_mult/gLUT.gLUT_speed.iLUT/NxM_mult.pp_gen_pipeline.pp_gen_loop[16].b_is_even.pp_out_reg_reg[16][29]/D","setup"
4268,-0.062,5.000,4.904,6,"student_top_inst/Core_cpu/u_core_top/commit_ptr_q_reg[2]_rep/C","student_top_inst/Core_cpu/u_core_top/u_csr/mtvec_q_reg[15]/D","setup"
4269,-0.062,5.000,4.720,7,"student_top_inst/Core_cpu/u_core_top/u_dcache/u_tag_bank/mem_q_reg/CLKBWRCLK","student_top_inst/Core_cpu/u_core_top/scoreboard_q_reg[4][result][28]/CE","setup"
4270,-0.062,5.000,4.720,7,"student_top_inst/Core_cpu/u_core_top/u_dcache/u_tag_bank/mem_q_reg/CLKBWRCLK","student_top_inst/Core_cpu/u_core_top/scoreboard_q_reg[4][result][3]/CE","setup"
4271,-0.061,5.000,4.957,8,"student_top_inst/Core_cpu/u_core_top/u_dcache/u_tag_bank/mem_q_reg/CLKBWRCLK","student_top_inst/Core_cpu/u_core_top/scoreboard_q_reg[1][exception_tval][12]/D","setup"
4272,-0.061,5.000,4.956,8,"student_top_inst/Core_cpu/u_core_top/u_dcache/u_tag_bank/mem_q_reg/CLKBWRCLK","student_top_inst/Core_cpu/u_core_top/scoreboard_q_reg[1][exception_tval][17]/D","setup"
4273,-0.061,5.000,4.885,6,"student_top_inst/Core_cpu/u_core_top/commit_ptr_q_reg[2]_rep/C","student_top_inst/Core_cpu/u_core_top/u_csr/mcause_q_reg[29]/D","setup"
4274,-0.060,5.000,4.992,10,"student_top_inst/Core_cpu/u_core_top/u_dcache/u_tag_bank/mem_q_reg/CLKBWRCLK","student_top_inst/Core_cpu/u_core_top/load_q_reg[0][load_unsigned]/D","setup"
4275,-0.060,5.000,4.770,10,"student_top_inst/Core_cpu/u_core_top/exec_q_reg[uop][muldiv_op][2]/C","student_top_inst/Core_cpu/u_core_top/u_muldiv/u_mul/U0/i_mult/gLUT.gLUT_speed.iLUT/NxM_mult.pp_gen_pipeline.pp_gen_loop[16].b_is_even.pp_out_reg_reg[16][32]/D","setup"
4276,-0.060,5.000,4.770,10,"student_top_inst/Core_cpu/u_core_top/exec_q_reg[uop][muldiv_op][2]/C","student_top_inst/Core_cpu/u_core_top/u_muldiv/u_mul/U0/i_mult/gLUT.gLUT_speed.iLUT/NxM_mult.pp_gen_pipeline.pp_gen_loop[16].b_is_even.pp_out_reg_reg[16][34]/D","setup"
4277,-0.060,5.000,4.957,8,"student_top_inst/Core_cpu/u_core_top/u_dcache/u_tag_bank/mem_q_reg/CLKBWRCLK","student_top_inst/Core_cpu/u_core_top/scoreboard_q_reg[4][exception_tval][17]/D","setup"
4278,-0.060,5.000,4.521,7,"student_top_inst/Core_cpu/u_core_top/scoreboard_q_reg[3][fu][1]/C","student_top_inst/Core_cpu/u_core_top/u_muldiv/b_q_reg[21]/CE","setup"
4279,-0.060,5.000,4.521,7,"student_top_inst/Core_cpu/u_core_top/scoreboard_q_reg[3][fu][1]/C","student_top_inst/Core_cpu/u_core_top/u_muldiv/b_q_reg[22]/CE","setup"
4280,-0.060,5.000,4.626,0,"student_top_inst/Core_cpu/u_core_top/u_dmem_regslice/req_addr_q_reg[2]/C","student_top_inst/mem_bridge/dram_adapter/dram/U0/inst_blk_mem_gen/gnbram.gnativebmg.native_blk_mem_gen/valid.cstr/ramloop[42].ram.r/prim_init.ram/DEVICE_7SERIES.NO_BMM_INFO.SP.SIMPLE_PRIM36.ram/ADDRARDADDR[3]","setup"
4281,-0.058,5.000,4.924,6,"student_top_inst/Core_cpu/u_core_top/commit_ptr_q_reg[2]_rep/C","student_top_inst/Core_cpu/u_core_top/u_csr/mtvec_q_reg[10]/D","setup"
4282,-0.058,5.000,4.955,8,"student_top_inst/Core_cpu/u_core_top/u_dcache/u_tag_bank/mem_q_reg/CLKBWRCLK","student_top_inst/Core_cpu/u_core_top/scoreboard_q_reg[4][exception_tval][1]/D","setup"
4283,-0.058,5.000,4.577,8,"student_top_inst/Core_cpu/u_core_top/scoreboard_q_reg[3][fu][1]/C","student_top_inst/Core_cpu/u_core_top/u_dcache/g_data_bank[0].u_data_bank/mem_q_reg_0/ADDRARDADDR[9]","setup"
4284,-0.058,5.000,4.902,0,"student_top_inst/Core_cpu/u_core_top/u_dmem_regslice/req_addr_q_reg[13]/C","student_top_inst/mem_bridge/dram_adapter/dram/U0/inst_blk_mem_gen/gnbram.gnativebmg.native_blk_mem_gen/valid.cstr/ramloop[15].ram.r/prim_init.ram/DEVICE_7SERIES.NO_BMM_INFO.SP.SIMPLE_PRIM36.ram/ADDRARDADDR[14]","setup"
4285,-0.058,5.000,4.966,7,"student_top_inst/Core_cpu/u_core_top/commit_ptr_q_reg[2]_rep/C","student_top_inst/Core_cpu/u_core_top/u_csr/mtval_q_reg[21]/D","setup"
4286,-0.057,5.000,4.518,7,"student_top_inst/Core_cpu/u_core_top/scoreboard_q_reg[3][fu][1]/C","student_top_inst/Core_cpu/u_core_top/u_muldiv/b_q_reg[24]/CE","setup"
4287,-0.057,5.000,4.518,7,"student_top_inst/Core_cpu/u_core_top/scoreboard_q_reg[3][fu][1]/C","student_top_inst/Core_cpu/u_core_top/u_muldiv/b_q_reg[25]/CE","setup"
4288,-0.057,5.000,4.518,7,"student_top_inst/Core_cpu/u_core_top/scoreboard_q_reg[3][fu][1]/C","student_top_inst/Core_cpu/u_core_top/u_muldiv/b_q_reg[28]/CE","setup"
4289,-0.057,5.000,4.518,7,"student_top_inst/Core_cpu/u_core_top/scoreboard_q_reg[3][fu][1]/C","student_top_inst/Core_cpu/u_core_top/u_muldiv/b_q_reg[31]/CE","setup"
4290,-0.057,5.000,4.518,7,"student_top_inst/Core_cpu/u_core_top/scoreboard_q_reg[3][fu][1]/C","student_top_inst/Core_cpu/u_core_top/u_muldiv/op_q_reg[1]/CE","setup"
4291,-0.057,5.000,4.740,7,"student_top_inst/Core_cpu/u_core_top/u_dcache/u_tag_bank/mem_q_reg/CLKBWRCLK","student_top_inst/Core_cpu/u_core_top/scoreboard_q_reg[4][csr_addr][9]/CE","setup"
4292,-0.057,5.000,4.740,7,"student_top_inst/Core_cpu/u_core_top/u_dcache/u_tag_bank/mem_q_reg/CLKBWRCLK","student_top_inst/Core_cpu/u_core_top/scoreboard_q_reg[4][fu][0]/CE","setup"
4293,-0.057,5.000,4.740,7,"student_top_inst/Core_cpu/u_core_top/u_dcache/u_tag_bank/mem_q_reg/CLKBWRCLK","student_top_inst/Core_cpu/u_core_top/scoreboard_q_reg[4][link_addr][19]/CE","setup"
4294,-0.057,5.000,4.740,7,"student_top_inst/Core_cpu/u_core_top/u_dcache/u_tag_bank/mem_q_reg/CLKBWRCLK","student_top_inst/Core_cpu/u_core_top/scoreboard_q_reg[4][writes_rd]/CE","setup"
4295,-0.057,5.000,4.576,8,"student_top_inst/Core_cpu/u_core_top/scoreboard_q_reg[3][fu][1]/C","student_top_inst/Core_cpu/u_core_top/u_dcache/g_data_bank[0].u_data_bank/mem_q_reg_0/ADDRARDADDR[11]","setup"
4296,-0.057,5.000,4.958,7,"student_top_inst/Core_cpu/u_core_top/commit_ptr_q_reg[2]_rep/C","student_top_inst/Core_cpu/u_core_top/u_csr/mepc_q_reg[12]/D","setup"
4297,-0.057,5.000,4.763,7,"student_top_inst/Core_cpu/u_core_top/scoreboard_q_reg[3][fu][1]/C","student_top_inst/Core_cpu/u_core_top/u_frontend/u_branch_predictor/ras_q_reg[6][18]/CE","setup"
4298,-0.057,5.000,4.772,5,"student_top_inst/Core_cpu/u_core_top/u_dmem_regslice/req_addr_q_reg[18]/C","student_top_inst/mem_bridge/dram_adapter/dram/U0/inst_blk_mem_gen/gnbram.gnativebmg.native_blk_mem_gen/valid.cstr/ramloop[28].ram.r/prim_init.ram/DEVICE_7SERIES.NO_BMM_INFO.SP.SIMPLE_PRIM36.ram/ENARDEN","setup"
4299,-0.057,5.000,4.522,1,"student_top_inst/cpu_rst_sync_reg/C","student_top_inst/Core_cpu/u_core_top/u_csr/mcause_q_reg[23]/R","setup"
4300,-0.057,5.000,4.522,1,"student_top_inst/cpu_rst_sync_reg/C","student_top_inst/Core_cpu/u_core_top/u_csr/mcause_q_reg[24]/R","setup"
4301,-0.056,5.000,4.867,6,"student_top_inst/Core_cpu/u_core_top/commit_ptr_q_reg[2]_rep/C","student_top_inst/Core_cpu/u_core_top/u_csr/mcause_q_reg[14]/D","setup"
4302,-0.055,5.000,4.937,7,"student_top_inst/Core_cpu/u_core_top/commit_ptr_q_reg[2]_rep/C","student_top_inst/Core_cpu/u_core_top/u_csr/mstatus_q_reg[14]/D","setup"
4303,-0.055,5.000,4.982,8,"student_top_inst/Core_cpu/u_core_top/u_dcache/u_tag_bank/mem_q_reg/CLKBWRCLK","student_top_inst/Core_cpu/u_core_top/scoreboard_q_reg[5][exception_tval][8]/D","setup"
4304,-0.054,5.000,4.620,0,"student_top_inst/Core_cpu/u_core_top/u_dmem_regslice/req_addr_q_reg[9]/C","student_top_inst/mem_bridge/dram_adapter/dram/U0/inst_blk_mem_gen/gnbram.gnativebmg.native_blk_mem_gen/valid.cstr/ramloop[45].ram.r/prim_init.ram/DEVICE_7SERIES.NO_BMM_INFO.SP.SIMPLE_PRIM36.ram/ADDRARDADDR[10]","setup"
4305,-0.054,5.000,4.677,0,"student_top_inst/Core_cpu/u_core_top/u_dmem_regslice/req_addr_q_reg[6]/C","student_top_inst/mem_bridge/dram_adapter/dram/U0/inst_blk_mem_gen/gnbram.gnativebmg.native_blk_mem_gen/valid.cstr/ramloop[42].ram.r/prim_init.ram/DEVICE_7SERIES.NO_BMM_INFO.SP.SIMPLE_PRIM36.ram/ADDRARDADDR[7]","setup"
4306,-0.054,5.000,4.981,8,"student_top_inst/Core_cpu/u_core_top/u_dcache/u_tag_bank/mem_q_reg/CLKBWRCLK","student_top_inst/Core_cpu/u_core_top/scoreboard_q_reg[5][exception_tval][26]/D","setup"
4307,-0.054,5.000,4.905,0,"student_top_inst/Core_cpu/u_core_top/u_dmem_regslice/req_addr_q_reg[4]/C","student_top_inst/mem_bridge/dram_adapter/dram/U0/inst_blk_mem_gen/gnbram.gnativebmg.native_blk_mem_gen/valid.cstr/ramloop[0].ram.r/prim_init.ram/DEVICE_7SERIES.NO_BMM_INFO.SP.SIMPLE_PRIM36.ram/ADDRARDADDR[5]","setup"
4308,-0.053,5.000,4.950,8,"student_top_inst/Core_cpu/u_core_top/u_dcache/u_tag_bank/mem_q_reg/CLKBWRCLK","student_top_inst/Core_cpu/u_core_top/scoreboard_q_reg[3][exception_tval][13]/D","setup"
4309,-0.053,5.000,4.931,7,"student_top_inst/Core_cpu/u_core_top/commit_ptr_q_reg[2]_rep/C","student_top_inst/Core_cpu/u_core_top/u_csr/mtval_q_reg[25]/D","setup"
4310,-0.053,5.000,4.760,7,"student_top_inst/Core_cpu/u_core_top/scoreboard_q_reg[3][fu][1]/C","student_top_inst/Core_cpu/u_core_top/u_frontend/u_branch_predictor/ras_q_reg[5][16]/CE","setup"
4311,-0.053,5.000,4.760,7,"student_top_inst/Core_cpu/u_core_top/scoreboard_q_reg[3][fu][1]/C","student_top_inst/Core_cpu/u_core_top/u_frontend/u_branch_predictor/ras_q_reg[5][19]/CE","setup"
4312,-0.053,5.000,4.760,7,"student_top_inst/Core_cpu/u_core_top/scoreboard_q_reg[3][fu][1]/C","student_top_inst/Core_cpu/u_core_top/u_frontend/u_branch_predictor/ras_q_reg[5][22]/CE","setup"
4313,-0.053,5.000,4.760,7,"student_top_inst/Core_cpu/u_core_top/scoreboard_q_reg[3][fu][1]/C","student_top_inst/Core_cpu/u_core_top/u_frontend/u_branch_predictor/ras_q_reg[5][26]/CE","setup"
4314,-0.053,5.000,4.760,7,"student_top_inst/Core_cpu/u_core_top/scoreboard_q_reg[3][fu][1]/C","student_top_inst/Core_cpu/u_core_top/u_frontend/u_branch_predictor/ras_q_reg[5][30]/CE","setup"
4315,-0.052,5.000,4.948,8,"student_top_inst/Core_cpu/u_core_top/u_dcache/u_tag_bank/mem_q_reg/CLKBWRCLK","student_top_inst/Core_cpu/u_core_top/scoreboard_q_reg[3][exception_tval][15]/D","setup"
4316,-0.052,5.000,4.949,8,"student_top_inst/Core_cpu/u_core_top/u_dcache/u_tag_bank/mem_q_reg/CLKBWRCLK","student_top_inst/Core_cpu/u_core_top/scoreboard_q_reg[3][exception_tval][1]/D","setup"
4317,-0.052,5.000,4.944,8,"student_top_inst/Core_cpu/u_core_top/u_dcache/u_tag_bank/mem_q_reg/CLKBWRCLK","student_top_inst/Core_cpu/u_core_top/scoreboard_q_reg[5][exception_cause][1]/D","setup"
4318,-0.052,5.000,4.764,5,"student_top_inst/mem_bridge/dram_adapter/dram/U0/inst_blk_mem_gen/gnbram.gnativebmg.native_blk_mem_gen/valid.cstr/has_mux_a.A/no_softecc_norm_sel2.has_mem_regs.WITHOUT_ECC_PIPE.ce_pri.sel_pipe_d1_reg[2]/C","student_top_inst/Core_cpu/u_core_top/u_dmem_regslice/resp_rdata_q_reg[12]/D","setup"
4319,-0.052,5.000,4.491,0,"student_top_inst/cpu_rst_sync_reg/C","student_top_inst/Core_cpu/u_core_top/exec_q_reg[op1][12]/R","setup"
4320,-0.052,5.000,4.491,0,"student_top_inst/cpu_rst_sync_reg/C","student_top_inst/Core_cpu/u_core_top/exec_q_reg[op1][24]/R","setup"
4321,-0.052,5.000,4.491,0,"student_top_inst/cpu_rst_sync_reg/C","student_top_inst/Core_cpu/u_core_top/exec_q_reg[uop][imm][21]/R","setup"
4322,-0.052,5.000,4.491,0,"student_top_inst/cpu_rst_sync_reg/C","student_top_inst/Core_cpu/u_core_top/exec_q_reg[uop][pc][23]/R","setup"
4323,-0.052,5.000,4.950,8,"student_top_inst/Core_cpu/u_core_top/u_dcache/u_tag_bank/mem_q_reg/CLKBWRCLK","student_top_inst/Core_cpu/u_core_top/scoreboard_q_reg[7][occupied]/D","setup"
4324,-0.051,5.000,4.979,7,"student_top_inst/Core_cpu/u_core_top/commit_ptr_q_reg[2]_rep/C","student_top_inst/Core_cpu/u_core_top/u_csr/mepc_q_reg[14]/D","setup"
4325,-0.051,5.000,4.944,8,"student_top_inst/Core_cpu/u_core_top/u_dcache/u_tag_bank/mem_q_reg/CLKBWRCLK","student_top_inst/Core_cpu/u_core_top/scoreboard_q_reg[0][exception_tval][21]/D","setup"
4326,-0.050,5.000,4.942,8,"student_top_inst/Core_cpu/u_core_top/u_dcache/u_tag_bank/mem_q_reg/CLKBWRCLK","student_top_inst/Core_cpu/u_core_top/scoreboard_q_reg[0][exception_tval][6]/D","setup"
4327,-0.050,5.000,4.942,8,"student_top_inst/Core_cpu/u_core_top/u_dcache/u_tag_bank/mem_q_reg/CLKBWRCLK","student_top_inst/Core_cpu/u_core_top/scoreboard_q_reg[5][exception_cause][3]/D","setup"
4328,-0.050,5.000,4.941,8,"student_top_inst/Core_cpu/u_core_top/u_dcache/u_tag_bank/mem_q_reg/CLKBWRCLK","student_top_inst/Core_cpu/u_core_top/scoreboard_q_reg[5][exception_tval][23]/D","setup"
4329,-0.050,5.000,4.708,7,"student_top_inst/Core_cpu/u_core_top/u_dcache/u_tag_bank/mem_q_reg/CLKBWRCLK","student_top_inst/Core_cpu/u_core_top/scoreboard_q_reg[0][result][17]/CE","setup"
4330,-0.050,5.000,4.708,7,"student_top_inst/Core_cpu/u_core_top/u_dcache/u_tag_bank/mem_q_reg/CLKBWRCLK","student_top_inst/Core_cpu/u_core_top/scoreboard_q_reg[0][result][20]/CE","setup"
4331,-0.050,5.000,4.708,7,"student_top_inst/Core_cpu/u_core_top/u_dcache/u_tag_bank/mem_q_reg/CLKBWRCLK","student_top_inst/Core_cpu/u_core_top/scoreboard_q_reg[0][result][24]/CE","setup"
4332,-0.050,5.000,4.946,8,"student_top_inst/Core_cpu/u_core_top/u_dcache/u_tag_bank/mem_q_reg/CLKBWRCLK","student_top_inst/Core_cpu/u_core_top/scoreboard_q_reg[6][occupied]/D","setup"
4333,-0.050,5.000,4.978,7,"student_top_inst/Core_cpu/u_core_top/commit_ptr_q_reg[2]_rep/C","student_top_inst/Core_cpu/u_core_top/u_csr/mepc_q_reg[18]/D","setup"
4334,-0.049,5.000,4.974,11,"student_top_inst/Core_cpu/u_core_top/store_head_q_reg[1]/C","student_top_inst/Core_cpu/u_core_top/load_q_reg[1][forward_data][31]/D","setup"
4335,-0.049,5.000,4.980,7,"student_top_inst/Core_cpu/u_core_top/commit_ptr_q_reg[2]_rep/C","student_top_inst/Core_cpu/u_core_top/u_csr/mtval_q_reg[5]/D","setup"
4336,-0.049,5.000,4.589,5,"student_top_inst/Core_cpu/u_core_top/u_dmem_regslice/req_addr_q_reg[18]/C","student_top_inst/mem_bridge/dram_adapter/dram/U0/inst_blk_mem_gen/gnbram.gnativebmg.native_blk_mem_gen/valid.cstr/ramloop[27].ram.r/prim_init.ram/DEVICE_7SERIES.NO_BMM_INFO.SP.SIMPLE_PRIM36.ram/ENARDEN","setup"
4337,-0.049,5.000,4.838,0,"student_top_inst/Core_cpu/u_core_top/u_dmem_regslice/req_addr_q_reg[4]/C","student_top_inst/mem_bridge/dram_adapter/dram/U0/inst_blk_mem_gen/gnbram.gnativebmg.native_blk_mem_gen/valid.cstr/ramloop[10].ram.r/prim_init.ram/DEVICE_7SERIES.NO_BMM_INFO.SP.SIMPLE_PRIM36.ram/ADDRARDADDR[5]","setup"
4338,-0.049,5.000,4.942,8,"student_top_inst/Core_cpu/u_core_top/u_dcache/u_tag_bank/mem_q_reg/CLKBWRCLK","student_top_inst/Core_cpu/u_core_top/scoreboard_q_reg[0][exception_cause][1]/D","setup"
4339,-0.049,5.000,4.660,0,"student_top_inst/Core_cpu/u_core_top/u_dmem_regslice/req_addr_q_reg[5]/C","student_top_inst/mem_bridge/dram_adapter/dram/U0/inst_blk_mem_gen/gnbram.gnativebmg.native_blk_mem_gen/valid.cstr/ramloop[44].ram.r/prim_init.ram/DEVICE_7SERIES.NO_BMM_INFO.SP.SIMPLE_PRIM36.ram/ADDRARDADDR[6]","setup"
4340,-0.049,5.000,4.940,8,"student_top_inst/Core_cpu/u_core_top/u_dcache/u_tag_bank/mem_q_reg/CLKBWRCLK","student_top_inst/Core_cpu/u_core_top/scoreboard_q_reg[5][exception_valid]/D","setup"
4341,-0.048,5.000,4.874,6,"student_top_inst/Core_cpu/u_core_top/commit_ptr_q_reg[2]_rep/C","student_top_inst/Core_cpu/u_core_top/u_csr/mscratch_q_reg[15]/D","setup"
4342,-0.048,5.000,4.569,8,"student_top_inst/Core_cpu/u_core_top/scoreboard_q_reg[3][fu][1]/C","student_top_inst/Core_cpu/u_core_top/u_dcache/g_data_bank[2].u_data_bank/mem_q_reg_1/ADDRARDADDR[14]","setup"
4343,-0.048,5.000,4.942,8,"student_top_inst/Core_cpu/u_core_top/u_dcache/u_tag_bank/mem_q_reg/CLKBWRCLK","student_top_inst/Core_cpu/u_core_top/scoreboard_q_reg[4][exception_tval][6]/D","setup"
4344,-0.048,5.000,5.127,1,"student_top_inst/Core_cpu/u_core_top/u_dmem_regslice/req_addr_q_reg[0]/C","student_top_inst/mem_bridge/dram_adapter/dram/U0/inst_blk_mem_gen/gnbram.gnativebmg.native_blk_mem_gen/valid.cstr/ramloop[4].ram.r/prim_init.ram/DEVICE_7SERIES.NO_BMM_INFO.SP.SIMPLE_PRIM36.ram/DIADI[2]","setup"
4345,-0.047,5.000,4.961,11,"student_top_inst/Core_cpu/u_core_top/store_head_q_reg[1]/C","student_top_inst/Core_cpu/u_core_top/load_q_reg[1][forward_data][28]/D","setup"
4346,-0.046,5.000,4.755,7,"student_top_inst/Core_cpu/u_core_top/scoreboard_q_reg[3][fu][1]/C","student_top_inst/Core_cpu/u_core_top/u_frontend/u_branch_predictor/ras_q_reg[3][30]/CE","setup"
4347,-0.046,5.000,4.508,7,"student_top_inst/Core_cpu/u_core_top/scoreboard_q_reg[3][fu][1]/C","student_top_inst/Core_cpu/u_core_top/u_muldiv/b_q_reg[17]/CE","setup"
4348,-0.046,5.000,4.508,7,"student_top_inst/Core_cpu/u_core_top/scoreboard_q_reg[3][fu][1]/C","student_top_inst/Core_cpu/u_core_top/u_muldiv/b_q_reg[29]/CE","setup"
4349,-0.046,5.000,4.569,7,"student_top_inst/Core_cpu/u_core_top/u_dcache/u_tag_bank/mem_q_reg/CLKBWRCLK","student_top_inst/Core_cpu/u_core_top/u_dcache/u_tag_bank/mem_q_reg/ADDRBWRADDR[5]","setup"
4350,-0.045,5.000,4.713,0,"student_top_inst/Core_cpu/u_core_top/u_dmem_regslice/req_addr_q_reg[6]/C","student_top_inst/mem_bridge/dram_adapter/dram/U0/inst_blk_mem_gen/gnbram.gnativebmg.native_blk_mem_gen/valid.cstr/ramloop[44].ram.r/prim_init.ram/DEVICE_7SERIES.NO_BMM_INFO.SP.SIMPLE_PRIM36.ram/ADDRARDADDR[7]","setup"
4351,-0.045,5.000,4.755,9,"student_top_inst/Core_cpu/u_core_top/exec_q_reg[uop][muldiv_op][2]/C","student_top_inst/Core_cpu/u_core_top/u_muldiv/u_mul/U0/i_mult/gLUT.gLUT_speed.iLUT/NxM_mult.pp_gen_pipeline.pp_gen_loop[16].b_is_even.pp_out_reg_reg[16][31]/D","setup"
4352,-0.045,5.000,4.798,8,"student_top_inst/Core_cpu/u_core_top/scoreboard_q_reg[3][fu][1]/C","student_top_inst/Core_cpu/u_core_top/u_dcache/g_data_bank[0].u_data_bank/mem_q_reg_0/DIADI[5]","setup"
4353,-0.045,5.000,5.124,1,"student_top_inst/Core_cpu/u_core_top/u_dmem_regslice/req_addr_q_reg[1]/C","student_top_inst/mem_bridge/dram_adapter/dram/U0/inst_blk_mem_gen/gnbram.gnativebmg.native_blk_mem_gen/valid.cstr/ramloop[7].ram.r/prim_init.ram/DEVICE_7SERIES.NO_BMM_INFO.SP.SIMPLE_PRIM36.ram/DIADI[6]","setup"
4354,-0.045,5.000,4.954,7,"student_top_inst/Core_cpu/u_core_top/commit_ptr_q_reg[2]_rep/C","student_top_inst/Core_cpu/u_core_top/u_csr/mstatus_q_reg[19]/D","setup"
4355,-0.044,5.000,4.926,7,"student_top_inst/Core_cpu/u_core_top/commit_ptr_q_reg[2]_rep/C","student_top_inst/Core_cpu/u_core_top/u_csr/mstatus_q_reg[20]/D","setup"
4356,-0.044,5.000,4.839,0,"student_top_inst/Core_cpu/u_core_top/u_dmem_regslice/req_addr_q_reg[2]/C","student_top_inst/mem_bridge/dram_adapter/dram/U0/inst_blk_mem_gen/gnbram.gnativebmg.native_blk_mem_gen/valid.cstr/ramloop[1].ram.r/prim_init.ram/DEVICE_7SERIES.NO_BMM_INFO.SP.SIMPLE_PRIM36.ram/ADDRARDADDR[3]","setup"
4357,-0.043,5.000,4.979,8,"student_top_inst/Core_cpu/u_core_top/u_dcache/u_tag_bank/mem_q_reg/CLKBWRCLK","student_top_inst/Core_cpu/u_core_top/scoreboard_q_reg[6][exception_cause][1]/D","setup"
4358,-0.043,5.000,4.724,7,"student_top_inst/Core_cpu/u_core_top/u_dcache/u_tag_bank/mem_q_reg/CLKBWRCLK","student_top_inst/Core_cpu/u_core_top/scoreboard_q_reg[4][result][12]/CE","setup"
4359,-0.043,5.000,4.724,7,"student_top_inst/Core_cpu/u_core_top/u_dcache/u_tag_bank/mem_q_reg/CLKBWRCLK","student_top_inst/Core_cpu/u_core_top/scoreboard_q_reg[4][result][14]/CE","setup"
4360,-0.043,5.000,4.724,7,"student_top_inst/Core_cpu/u_core_top/u_dcache/u_tag_bank/mem_q_reg/CLKBWRCLK","student_top_inst/Core_cpu/u_core_top/scoreboard_q_reg[4][result][17]/CE","setup"
4361,-0.043,5.000,4.724,7,"student_top_inst/Core_cpu/u_core_top/u_dcache/u_tag_bank/mem_q_reg/CLKBWRCLK","student_top_inst/Core_cpu/u_core_top/scoreboard_q_reg[4][result][18]/CE","setup"
4362,-0.043,5.000,4.546,7,"student_top_inst/Core_cpu/u_core_top/u_dcache/u_tag_bank/mem_q_reg/CLKBWRCLK","student_top_inst/Core_cpu/u_core_top/u_dcache/g_data_bank[0].u_data_bank/mem_q_reg_1/ADDRBWRADDR[6]","setup"
4363,-0.043,5.000,4.507,1,"student_top_inst/cpu_rst_sync_reg/C","student_top_inst/Core_cpu/u_core_top/u_csr/mcause_q_reg[10]/R","setup"
4364,-0.043,5.000,4.507,1,"student_top_inst/cpu_rst_sync_reg/C","student_top_inst/Core_cpu/u_core_top/u_csr/mcause_q_reg[19]/R","setup"
4365,-0.043,5.000,4.507,1,"student_top_inst/cpu_rst_sync_reg/C","student_top_inst/Core_cpu/u_core_top/u_csr/mcause_q_reg[28]/R","setup"
4366,-0.043,5.000,4.918,7,"student_top_inst/Core_cpu/u_core_top/commit_ptr_q_reg[2]_rep/C","student_top_inst/Core_cpu/u_core_top/u_csr/mtval_q_reg[23]/D","setup"
4367,-0.043,5.000,4.879,6,"student_top_inst/Core_cpu/u_core_top/commit_ptr_q_reg[2]_rep/C","student_top_inst/Core_cpu/u_core_top/u_csr/mscratch_q_reg[21]/D","setup"
4368,-0.042,5.000,4.966,9,"student_top_inst/Core_cpu/u_core_top/u_dcache/u_tag_bank/mem_q_reg/CLKBWRCLK","student_top_inst/Core_cpu/u_core_top/scoreboard_q_reg[6][result][13]/D","setup"
4369,-0.042,5.000,4.937,8,"student_top_inst/Core_cpu/u_core_top/u_dcache/u_tag_bank/mem_q_reg/CLKBWRCLK","student_top_inst/Core_cpu/u_core_top/scoreboard_q_reg[1][exception_tval][30]/D","setup"
4370,-0.042,5.000,4.808,7,"student_top_inst/Core_cpu/u_core_top/scoreboard_q_reg[3][fu][1]/C","student_top_inst/Core_cpu/u_core_top/u_frontend/u_branch_predictor/ras_q_reg[6][19]/CE","setup"
4371,-0.042,5.000,4.808,7,"student_top_inst/Core_cpu/u_core_top/scoreboard_q_reg[3][fu][1]/C","student_top_inst/Core_cpu/u_core_top/u_frontend/u_branch_predictor/ras_q_reg[6][26]/CE","setup"
4372,-0.041,5.000,4.723,7,"student_top_inst/Core_cpu/u_core_top/u_dcache/u_tag_bank/mem_q_reg/CLKBWRCLK","student_top_inst/Core_cpu/u_core_top/scoreboard_q_reg[4][result][27]/CE","setup"
4373,-0.041,5.000,4.706,7,"student_top_inst/Core_cpu/u_core_top/u_dcache/u_tag_bank/mem_q_reg/CLKBWRCLK","student_top_inst/Core_cpu/u_core_top/scoreboard_q_reg[3][link_addr][16]/CE","setup"
4374,-0.041,5.000,4.706,7,"student_top_inst/Core_cpu/u_core_top/u_dcache/u_tag_bank/mem_q_reg/CLKBWRCLK","student_top_inst/Core_cpu/u_core_top/scoreboard_q_reg[3][link_addr][20]/CE","setup"
4375,-0.041,5.000,4.706,7,"student_top_inst/Core_cpu/u_core_top/u_dcache/u_tag_bank/mem_q_reg/CLKBWRCLK","student_top_inst/Core_cpu/u_core_top/scoreboard_q_reg[3][link_addr][21]/CE","setup"
4376,-0.041,5.000,4.706,7,"student_top_inst/Core_cpu/u_core_top/u_dcache/u_tag_bank/mem_q_reg/CLKBWRCLK","student_top_inst/Core_cpu/u_core_top/scoreboard_q_reg[3][link_addr][3]/CE","setup"
4377,-0.041,5.000,4.706,7,"student_top_inst/Core_cpu/u_core_top/u_dcache/u_tag_bank/mem_q_reg/CLKBWRCLK","student_top_inst/Core_cpu/u_core_top/scoreboard_q_reg[3][link_addr][4]/CE","setup"
4378,-0.041,5.000,4.706,7,"student_top_inst/Core_cpu/u_core_top/u_dcache/u_tag_bank/mem_q_reg/CLKBWRCLK","student_top_inst/Core_cpu/u_core_top/scoreboard_q_reg[3][link_addr][8]/CE","setup"
4379,-0.041,5.000,5.000,8,"student_top_inst/Core_cpu/u_core_top/u_dcache/u_tag_bank/mem_q_reg/CLKBWRCLK","student_top_inst/Core_cpu/u_core_top/u_dcache/lookup_store_data_q_reg[11]/D","setup"
4380,-0.041,5.000,4.938,8,"student_top_inst/Core_cpu/u_core_top/u_dcache/u_tag_bank/mem_q_reg/CLKBWRCLK","student_top_inst/Core_cpu/u_core_top/scoreboard_q_reg[3][exception_tval][31]/D","setup"
4381,-0.040,5.000,4.536,4,"student_top_inst/Core_cpu/u_core_top/u_dcache/u_tag_bank/mem_q_reg/CLKBWRCLK","student_top_inst/Core_cpu/u_core_top/u_dcache/g_data_bank[0].u_data_bank/mem_q_reg_0/WEA[0]","setup"
4382,-0.040,5.000,4.606,0,"student_top_inst/Core_cpu/u_core_top/u_dmem_regslice/req_addr_q_reg[8]/C","student_top_inst/mem_bridge/dram_adapter/dram/U0/inst_blk_mem_gen/gnbram.gnativebmg.native_blk_mem_gen/valid.cstr/ramloop[45].ram.r/prim_init.ram/DEVICE_7SERIES.NO_BMM_INFO.SP.SIMPLE_PRIM36.ram/ADDRARDADDR[9]","setup"
4383,-0.040,5.000,5.125,1,"student_top_inst/Core_cpu/u_core_top/u_dmem_regslice/req_addr_q_reg[0]/C","student_top_inst/mem_bridge/dram_adapter/dram/U0/inst_blk_mem_gen/gnbram.gnativebmg.native_blk_mem_gen/valid.cstr/ramloop[1].ram.r/prim_init.ram/DEVICE_7SERIES.NO_BMM_INFO.SP.SIMPLE_PRIM36.ram/DIADI[2]","setup"
4384,-0.039,5.000,4.999,11,"student_top_inst/Core_cpu/u_core_top/exec_q_reg[op2][15]/C","student_top_inst/Core_cpu/u_core_top/branch_miss_reg/D","setup"
4385,-0.039,5.000,4.725,7,"student_top_inst/Core_cpu/u_core_top/u_dcache/u_tag_bank/mem_q_reg/CLKBWRCLK","student_top_inst/Core_cpu/u_core_top/scoreboard_q_reg[3][pc][19]/CE","setup"
4386,-0.039,5.000,4.725,7,"student_top_inst/Core_cpu/u_core_top/u_dcache/u_tag_bank/mem_q_reg/CLKBWRCLK","student_top_inst/Core_cpu/u_core_top/scoreboard_q_reg[3][pc][1]/CE","setup"
4387,-0.039,5.000,4.725,7,"student_top_inst/Core_cpu/u_core_top/u_dcache/u_tag_bank/mem_q_reg/CLKBWRCLK","student_top_inst/Core_cpu/u_core_top/scoreboard_q_reg[3][pc][23]/CE","setup"
4388,-0.039,5.000,4.862,6,"student_top_inst/Core_cpu/u_core_top/commit_ptr_q_reg[2]_rep/C","student_top_inst/Core_cpu/u_core_top/u_csr/mcause_q_reg[16]/D","setup"
4389,-0.038,5.000,4.768,7,"student_top_inst/Core_cpu/u_core_top/scoreboard_q_reg[3][fu][1]/C","student_top_inst/Core_cpu/u_core_top/u_frontend/u_branch_predictor/ras_q_reg[5][17]/CE","setup"
4390,-0.038,5.000,4.768,7,"student_top_inst/Core_cpu/u_core_top/scoreboard_q_reg[3][fu][1]/C","student_top_inst/Core_cpu/u_core_top/u_frontend/u_branch_predictor/ras_q_reg[5][18]/CE","setup"
4391,-0.038,5.000,4.935,8,"student_top_inst/Core_cpu/u_core_top/u_dcache/u_tag_bank/mem_q_reg/CLKBWRCLK","student_top_inst/Core_cpu/u_core_top/scoreboard_q_reg[3][exception_tval][27]/D","setup"
4392,-0.038,5.000,4.936,10,"student_top_inst/Core_cpu/u_core_top/u_dcache/u_tag_bank/mem_q_reg/CLKBWRCLK","student_top_inst/Core_cpu/u_core_top/store_committed_q_reg[1]/D","setup"
4393,-0.038,5.000,4.541,7,"student_top_inst/Core_cpu/u_core_top/u_dcache/u_tag_bank/mem_q_reg/CLKBWRCLK","student_top_inst/Core_cpu/u_core_top/u_dcache/g_data_bank[0].u_data_bank/mem_q_reg_1/ADDRBWRADDR[8]","setup"
4394,-0.038,5.000,4.625,8,"student_top_inst/Core_cpu/u_core_top/scoreboard_q_reg[3][fu][1]/C","student_top_inst/Core_cpu/u_core_top/u_dcache/g_data_bank[1].u_data_bank/mem_q_reg_0/ADDRARDADDR[7]","setup"
4395,-0.037,5.000,4.943,7,"student_top_inst/Core_cpu/u_core_top/commit_ptr_q_reg[2]_rep/C","student_top_inst/Core_cpu/u_core_top/u_csr/mtval_q_reg[31]/D","setup"
4396,-0.037,5.000,4.751,5,"student_top_inst/Core_cpu/u_core_top/u_dmem_regslice/req_addr_q_reg[18]/C","student_top_inst/mem_bridge/dram_adapter/dram/U0/inst_blk_mem_gen/gnbram.gnativebmg.native_blk_mem_gen/valid.cstr/ramloop[6].ram.r/prim_init.ram/DEVICE_7SERIES.NO_BMM_INFO.SP.SIMPLE_PRIM36.ram/ENARDEN","setup"
4397,-0.036,5.000,4.651,0,"student_top_inst/Core_cpu/u_core_top/u_dmem_regslice/req_addr_q_reg[3]/C","student_top_inst/mem_bridge/dram_adapter/dram/U0/inst_blk_mem_gen/gnbram.gnativebmg.native_blk_mem_gen/valid.cstr/ramloop[12].ram.r/prim_init.ram/DEVICE_7SERIES.NO_BMM_INFO.SP.SIMPLE_PRIM36.ram/ADDRARDADDR[4]","setup"
4398,-0.036,5.000,4.743,7,"student_top_inst/Core_cpu/u_core_top/scoreboard_q_reg[3][fu][1]/C","student_top_inst/Core_cpu/u_core_top/u_frontend/u_branch_predictor/ras_q_reg[0][15]/CE","setup"
4399,-0.036,5.000,4.743,7,"student_top_inst/Core_cpu/u_core_top/scoreboard_q_reg[3][fu][1]/C","student_top_inst/Core_cpu/u_core_top/u_frontend/u_branch_predictor/ras_q_reg[0][17]/CE","setup"
4400,-0.036,5.000,4.743,7,"student_top_inst/Core_cpu/u_core_top/scoreboard_q_reg[3][fu][1]/C","student_top_inst/Core_cpu/u_core_top/u_frontend/u_branch_predictor/ras_q_reg[0][20]/CE","setup"
4401,-0.036,5.000,4.743,7,"student_top_inst/Core_cpu/u_core_top/scoreboard_q_reg[3][fu][1]/C","student_top_inst/Core_cpu/u_core_top/u_frontend/u_branch_predictor/ras_q_reg[0][30]/CE","setup"
4402,-0.036,5.000,4.743,7,"student_top_inst/Core_cpu/u_core_top/scoreboard_q_reg[3][fu][1]/C","student_top_inst/Core_cpu/u_core_top/u_frontend/u_branch_predictor/ras_q_reg[0][31]/CE","setup"
4403,-0.036,5.000,4.743,7,"student_top_inst/Core_cpu/u_core_top/scoreboard_q_reg[3][fu][1]/C","student_top_inst/Core_cpu/u_core_top/u_frontend/u_branch_predictor/ras_q_reg[0][8]/CE","setup"
4404,-0.036,5.000,4.552,8,"student_top_inst/Core_cpu/u_core_top/scoreboard_q_reg[3][fu][1]/C","student_top_inst/Core_cpu/u_core_top/u_dcache/g_data_bank[2].u_data_bank/mem_q_reg_0/ADDRARDADDR[11]","setup"
4405,-0.036,5.000,4.741,7,"student_top_inst/Core_cpu/u_core_top/scoreboard_q_reg[3][fu][1]/C","student_top_inst/Core_cpu/u_core_top/u_frontend/u_branch_predictor/ras_q_reg[7][10]/CE","setup"
4406,-0.036,5.000,4.741,7,"student_top_inst/Core_cpu/u_core_top/scoreboard_q_reg[3][fu][1]/C","student_top_inst/Core_cpu/u_core_top/u_frontend/u_branch_predictor/ras_q_reg[7][13]/CE","setup"
4407,-0.036,5.000,4.741,7,"student_top_inst/Core_cpu/u_core_top/scoreboard_q_reg[3][fu][1]/C","student_top_inst/Core_cpu/u_core_top/u_frontend/u_branch_predictor/ras_q_reg[7][8]/CE","setup"
4408,-0.036,5.000,4.557,8,"student_top_inst/Core_cpu/u_core_top/scoreboard_q_reg[3][fu][1]/C","student_top_inst/Core_cpu/u_core_top/u_dcache/g_data_bank[2].u_data_bank/mem_q_reg_1/ADDRARDADDR[7]","setup"
4409,-0.036,5.000,4.935,10,"student_top_inst/Core_cpu/u_core_top/u_dcache/u_tag_bank/mem_q_reg/CLKBWRCLK","student_top_inst/Core_cpu/u_core_top/load_q_reg[0][addr][13]/D","setup"
4410,-0.036,5.000,4.916,7,"student_top_inst/Core_cpu/u_core_top/commit_ptr_q_reg[2]_rep/C","student_top_inst/Core_cpu/u_core_top/u_csr/mstatus_q_reg[10]/D","setup"
4411,-0.036,5.000,4.913,7,"student_top_inst/Core_cpu/u_core_top/commit_ptr_q_reg[2]_rep/C","student_top_inst/Core_cpu/u_core_top/u_csr/mepc_q_reg[11]/D","setup"
4412,-0.035,5.000,4.873,6,"student_top_inst/Core_cpu/u_core_top/commit_ptr_q_reg[2]_rep/C","student_top_inst/Core_cpu/u_core_top/u_csr/mtvec_q_reg[11]/D","setup"
4413,-0.035,5.000,4.933,10,"student_top_inst/Core_cpu/u_core_top/u_dcache/u_tag_bank/mem_q_reg/CLKBWRCLK","student_top_inst/Core_cpu/u_core_top/load_q_reg[0][addr][15]/D","setup"
4414,-0.034,5.000,4.495,7,"student_top_inst/Core_cpu/u_core_top/scoreboard_q_reg[3][fu][1]/C","student_top_inst/Core_cpu/u_core_top/u_muldiv/b_q_reg[16]/CE","setup"
4415,-0.034,5.000,4.495,7,"student_top_inst/Core_cpu/u_core_top/scoreboard_q_reg[3][fu][1]/C","student_top_inst/Core_cpu/u_core_top/u_muldiv/b_q_reg[18]/CE","setup"
4416,-0.034,5.000,4.495,7,"student_top_inst/Core_cpu/u_core_top/scoreboard_q_reg[3][fu][1]/C","student_top_inst/Core_cpu/u_core_top/u_muldiv/b_q_reg[19]/CE","setup"
4417,-0.034,5.000,4.746,5,"student_top_inst/mem_bridge/dram_adapter/dram/U0/inst_blk_mem_gen/gnbram.gnativebmg.native_blk_mem_gen/valid.cstr/has_mux_a.A/no_softecc_norm_sel2.has_mem_regs.WITHOUT_ECC_PIPE.ce_pri.sel_pipe_d1_reg[2]/C","student_top_inst/Core_cpu/u_core_top/u_dmem_regslice/resp_rdata_q_reg[20]/D","setup"
4418,-0.033,5.000,4.493,7,"student_top_inst/Core_cpu/u_core_top/scoreboard_q_reg[3][fu][1]/C","student_top_inst/Core_cpu/u_core_top/u_muldiv/b_q_reg[10]/CE","setup"
4419,-0.033,5.000,4.493,7,"student_top_inst/Core_cpu/u_core_top/scoreboard_q_reg[3][fu][1]/C","student_top_inst/Core_cpu/u_core_top/u_muldiv/b_q_reg[11]/CE","setup"
4420,-0.033,5.000,4.493,7,"student_top_inst/Core_cpu/u_core_top/scoreboard_q_reg[3][fu][1]/C","student_top_inst/Core_cpu/u_core_top/u_muldiv/b_q_reg[8]/CE","setup"
4421,-0.033,5.000,4.493,7,"student_top_inst/Core_cpu/u_core_top/scoreboard_q_reg[3][fu][1]/C","student_top_inst/Core_cpu/u_core_top/u_muldiv/b_q_reg[9]/CE","setup"
4422,-0.033,5.000,4.959,8,"student_top_inst/Core_cpu/u_core_top/u_dcache/u_tag_bank/mem_q_reg/CLKBWRCLK","student_top_inst/Core_cpu/u_core_top/scoreboard_q_reg[4][exception_valid]/D","setup"
4423,-0.032,5.000,4.827,0,"student_top_inst/Core_cpu/u_core_top/u_dmem_regslice/req_addr_q_reg[5]/C","student_top_inst/mem_bridge/dram_adapter/dram/U0/inst_blk_mem_gen/gnbram.gnativebmg.native_blk_mem_gen/valid.cstr/ramloop[0].ram.r/prim_init.ram/DEVICE_7SERIES.NO_BMM_INFO.SP.SIMPLE_PRIM36.ram/ADDRARDADDR[6]","setup"
4424,-0.030,5.000,4.997,11,"student_top_inst/Core_cpu/u_core_top/store_head_q_reg[1]/C","student_top_inst/Core_cpu/u_core_top/load_active_meta_q_reg[forward_data][23]/D","setup"
4425,-0.030,5.000,4.926,8,"student_top_inst/Core_cpu/u_core_top/u_dcache/u_tag_bank/mem_q_reg/CLKBWRCLK","student_top_inst/Core_cpu/u_core_top/scoreboard_q_reg[4][exception_tval][12]/D","setup"
4426,-0.030,5.000,4.814,0,"student_top_inst/Core_cpu/u_core_top/u_dmem_regslice/req_addr_q_reg[8]/C","student_top_inst/mem_bridge/dram_adapter/dram/U0/inst_blk_mem_gen/gnbram.gnativebmg.native_blk_mem_gen/valid.cstr/ramloop[15].ram.r/prim_init.ram/DEVICE_7SERIES.NO_BMM_INFO.SP.SIMPLE_PRIM36.ram/ADDRARDADDR[9]","setup"
4427,-0.030,5.000,4.995,10,"student_top_inst/Core_cpu/u_core_top/scoreboard_q_reg[3][fu][1]/C","student_top_inst/Core_cpu/u_core_top/scoreboard_q_reg[6][store_slot][0]/D","setup"
4428,-0.029,5.000,4.955,8,"student_top_inst/Core_cpu/u_core_top/u_dcache/u_tag_bank/mem_q_reg/CLKBWRCLK","student_top_inst/Core_cpu/u_core_top/scoreboard_q_reg[4][exception_tval][21]/D","setup"
4429,-0.029,5.000,4.933,8,"student_top_inst/Core_cpu/u_core_top/u_dcache/u_tag_bank/mem_q_reg/CLKBWRCLK","student_top_inst/Core_cpu/u_core_top/scoreboard_q_reg[6][exception_tval][15]/D","setup"
4430,-0.029,5.000,4.491,0,"student_top_inst/cpu_rst_sync_reg/C","student_top_inst/Core_cpu/u_core_top/exec_q_reg[op2][24]/R","setup"
4431,-0.029,5.000,4.491,0,"student_top_inst/cpu_rst_sync_reg/C","student_top_inst/Core_cpu/u_core_top/exec_q_reg[op2][27]/R","setup"
4432,-0.029,5.000,4.491,0,"student_top_inst/cpu_rst_sync_reg/C","student_top_inst/Core_cpu/u_core_top/exec_q_reg[uop][alu_op][0]/R","setup"
4433,-0.029,5.000,4.491,0,"student_top_inst/cpu_rst_sync_reg/C","student_top_inst/Core_cpu/u_core_top/exec_q_reg[uop][imm][30]/R","setup"
4434,-0.029,5.000,4.491,0,"student_top_inst/cpu_rst_sync_reg/C","student_top_inst/Core_cpu/u_core_top/exec_q_reg[uop][pc][14]/R","setup"
4435,-0.029,5.000,4.491,0,"student_top_inst/cpu_rst_sync_reg/C","student_top_inst/Core_cpu/u_core_top/exec_q_reg[uop][pc][18]/R","setup"
4436,-0.029,5.000,4.941,11,"student_top_inst/Core_cpu/u_core_top/store_head_q_reg[1]/C","student_top_inst/Core_cpu/u_core_top/load_q_reg[1][forward_data][26]/D","setup"
4437,-0.028,5.000,4.524,7,"student_top_inst/Core_cpu/u_core_top/u_dcache/u_tag_bank/mem_q_reg/CLKBWRCLK","student_top_inst/Core_cpu/u_core_top/u_dcache/g_data_bank[1].u_data_bank/mem_q_reg_1/ADDRBWRADDR[8]","setup"
4438,-0.028,5.000,4.736,7,"student_top_inst/Core_cpu/u_core_top/scoreboard_q_reg[3][fu][1]/C","student_top_inst/Core_cpu/u_core_top/u_frontend/u_branch_predictor/ras_q_reg[6][20]/CE","setup"
4439,-0.028,5.000,4.905,7,"student_top_inst/Core_cpu/u_core_top/commit_ptr_q_reg[2]_rep/C","student_top_inst/Core_cpu/u_core_top/u_csr/mepc_q_reg[31]/D","setup"
4440,-0.027,5.000,4.615,8,"student_top_inst/Core_cpu/u_core_top/scoreboard_q_reg[3][fu][1]/C","student_top_inst/Core_cpu/u_core_top/u_dcache/g_data_bank[1].u_data_bank/mem_q_reg_0/ADDRARDADDR[8]","setup"
4441,-0.027,5.000,4.957,10,"student_top_inst/Core_cpu/u_core_top/u_dcache/u_tag_bank/mem_q_reg/CLKBWRCLK","student_top_inst/Core_cpu/u_core_top/load_count_q_reg[1]/D","setup"
4442,-0.027,5.000,4.886,4,"student_top_inst/Core_cpu/u_core_top/id_uop_q_reg[rs1][3]/C","student_top_inst/Core_cpu/u_core_top/scoreboard_q_reg[2][csr_src][10]/D","setup"
4443,-0.027,5.000,4.922,8,"student_top_inst/Core_cpu/u_core_top/u_dcache/u_tag_bank/mem_q_reg/CLKBWRCLK","student_top_inst/Core_cpu/u_core_top/scoreboard_q_reg[4][result][7]/D","setup"
4444,-0.027,5.000,4.923,8,"student_top_inst/Core_cpu/u_core_top/u_dcache/u_tag_bank/mem_q_reg/CLKBWRCLK","student_top_inst/Core_cpu/u_core_top/scoreboard_q_reg[1][exception_tval][4]/D","setup"
4445,-0.027,5.000,4.755,7,"student_top_inst/Core_cpu/u_core_top/scoreboard_q_reg[3][fu][1]/C","student_top_inst/Core_cpu/u_core_top/u_frontend/u_branch_predictor/ras_q_reg[4][10]/CE","setup"
4446,-0.027,5.000,4.755,7,"student_top_inst/Core_cpu/u_core_top/scoreboard_q_reg[3][fu][1]/C","student_top_inst/Core_cpu/u_core_top/u_frontend/u_branch_predictor/ras_q_reg[4][16]/CE","setup"
4447,-0.027,5.000,4.755,7,"student_top_inst/Core_cpu/u_core_top/scoreboard_q_reg[3][fu][1]/C","student_top_inst/Core_cpu/u_core_top/u_frontend/u_branch_predictor/ras_q_reg[4][20]/CE","setup"
4448,-0.027,5.000,4.755,7,"student_top_inst/Core_cpu/u_core_top/scoreboard_q_reg[3][fu][1]/C","student_top_inst/Core_cpu/u_core_top/u_frontend/u_branch_predictor/ras_q_reg[4][3]/CE","setup"
4449,-0.027,5.000,4.755,7,"student_top_inst/Core_cpu/u_core_top/scoreboard_q_reg[3][fu][1]/C","student_top_inst/Core_cpu/u_core_top/u_frontend/u_branch_predictor/ras_q_reg[4][8]/CE","setup"
4450,-0.026,5.000,4.919,8,"student_top_inst/Core_cpu/u_core_top/u_dcache/u_tag_bank/mem_q_reg/CLKBWRCLK","student_top_inst/Core_cpu/u_core_top/scoreboard_q_reg[5][result][1]/D","setup"
4451,-0.026,5.000,4.923,8,"student_top_inst/Core_cpu/u_core_top/u_dcache/u_tag_bank/mem_q_reg/CLKBWRCLK","student_top_inst/Core_cpu/u_core_top/scoreboard_q_reg[4][exception_tval][24]/D","setup"
4452,-0.026,5.000,4.920,8,"student_top_inst/Core_cpu/u_core_top/u_dcache/u_tag_bank/mem_q_reg/CLKBWRCLK","student_top_inst/Core_cpu/u_core_top/scoreboard_q_reg[4][exception_cause][1]/D","setup"
4453,-0.025,5.000,4.921,8,"student_top_inst/Core_cpu/u_core_top/u_dcache/u_tag_bank/mem_q_reg/CLKBWRCLK","student_top_inst/Core_cpu/u_core_top/scoreboard_q_reg[1][exception_tval][24]/D","setup"
4454,-0.025,5.000,4.607,6,"student_top_inst/Core_cpu/u_core_top/u_dmem_regslice/req_addr_q_reg[18]/C","student_top_inst/mem_bridge/dram_adapter/dram/U0/inst_blk_mem_gen/gnbram.gnativebmg.native_blk_mem_gen/valid.cstr/ramloop[45].ram.r/prim_init.ram/DEVICE_7SERIES.NO_BMM_INFO.SP.SIMPLE_PRIM36.ram/WEA[0]","setup"
4455,-0.025,5.000,5.008,8,"student_top_inst/Core_cpu/u_core_top/u_dcache/u_tag_bank/mem_q_reg/CLKBWRCLK","student_top_inst/Core_cpu/u_core_top/u_dcache/lookup_store_data_q_reg[19]/D","setup"
4456,-0.024,5.000,4.950,8,"student_top_inst/Core_cpu/u_core_top/u_dcache/u_tag_bank/mem_q_reg/CLKBWRCLK","student_top_inst/Core_cpu/u_core_top/scoreboard_q_reg[5][exception_tval][13]/D","setup"
4457,-0.024,5.000,4.873,6,"student_top_inst/Core_cpu/u_core_top/commit_ptr_q_reg[2]_rep/C","student_top_inst/Core_cpu/u_core_top/u_csr/mtvec_q_reg[5]/D","setup"
4458,-0.023,5.000,4.867,6,"student_top_inst/Core_cpu/u_core_top/commit_ptr_q_reg[2]_rep/C","student_top_inst/Core_cpu/u_core_top/u_csr/mtvec_q_reg[25]/D","setup"
4459,-0.023,5.000,4.729,7,"student_top_inst/Core_cpu/u_core_top/scoreboard_q_reg[3][fu][1]/C","student_top_inst/Core_cpu/u_core_top/u_frontend/u_branch_predictor/ras_q_reg[5][10]/CE","setup"
4460,-0.023,5.000,4.729,7,"student_top_inst/Core_cpu/u_core_top/scoreboard_q_reg[3][fu][1]/C","student_top_inst/Core_cpu/u_core_top/u_frontend/u_branch_predictor/ras_q_reg[5][15]/CE","setup"
4461,-0.023,5.000,4.729,7,"student_top_inst/Core_cpu/u_core_top/scoreboard_q_reg[3][fu][1]/C","student_top_inst/Core_cpu/u_core_top/u_frontend/u_branch_predictor/ras_q_reg[5][20]/CE","setup"
4462,-0.023,5.000,4.729,7,"student_top_inst/Core_cpu/u_core_top/scoreboard_q_reg[3][fu][1]/C","student_top_inst/Core_cpu/u_core_top/u_frontend/u_branch_predictor/ras_q_reg[5][3]/CE","setup"
4463,-0.023,5.000,4.729,7,"student_top_inst/Core_cpu/u_core_top/scoreboard_q_reg[3][fu][1]/C","student_top_inst/Core_cpu/u_core_top/u_frontend/u_branch_predictor/ras_q_reg[5][8]/CE","setup"
4464,-0.023,5.000,4.916,8,"student_top_inst/Core_cpu/u_core_top/u_dcache/u_tag_bank/mem_q_reg/CLKBWRCLK","student_top_inst/Core_cpu/u_core_top/scoreboard_q_reg[6][result][6]/D","setup"
4465,-0.023,5.000,4.489,1,"student_top_inst/cpu_rst_sync_reg/C","student_top_inst/Core_cpu/u_core_top/u_csr/mcause_q_reg[9]/R","setup"
4466,-0.022,5.000,4.838,8,"student_top_inst/Core_cpu/u_core_top/scoreboard_q_reg[3][fu][1]/C","student_top_inst/Core_cpu/u_core_top/u_dcache/g_data_bank[3].u_data_bank/mem_q_reg_1/DIADI[4]","setup"
4467,-0.022,5.000,4.528,7,"student_top_inst/Core_cpu/u_core_top/u_dcache/u_tag_bank/mem_q_reg/CLKBWRCLK","student_top_inst/Core_cpu/u_core_top/u_dcache/g_data_bank[2].u_data_bank/mem_q_reg_1/ADDRBWRADDR[7]","setup"
4468,-0.022,5.000,4.918,8,"student_top_inst/Core_cpu/u_core_top/u_dcache/u_tag_bank/mem_q_reg/CLKBWRCLK","student_top_inst/Core_cpu/u_core_top/scoreboard_q_reg[1][exception_tval][23]/D","setup"
4469,-0.021,5.000,4.482,7,"student_top_inst/Core_cpu/u_core_top/scoreboard_q_reg[3][fu][1]/C","student_top_inst/Core_cpu/u_core_top/u_muldiv/a_q_reg[29]/CE","setup"
4470,-0.021,5.000,4.948,8,"student_top_inst/Core_cpu/u_core_top/u_dcache/u_tag_bank/mem_q_reg/CLKBWRCLK","student_top_inst/Core_cpu/u_core_top/scoreboard_q_reg[5][exception_tval][24]/D","setup"
4471,-0.021,5.000,4.847,6,"student_top_inst/Core_cpu/u_core_top/commit_ptr_q_reg[2]_rep/C","student_top_inst/Core_cpu/u_core_top/u_csr/mtvec_q_reg[23]/D","setup"
4472,-0.021,5.000,4.736,5,"student_top_inst/Core_cpu/u_core_top/u_dmem_regslice/req_addr_q_reg[18]/C","student_top_inst/mem_bridge/dram_adapter/dram/U0/inst_blk_mem_gen/gnbram.gnativebmg.native_blk_mem_gen/valid.cstr/ramloop[30].ram.r/prim_init.ram/DEVICE_7SERIES.NO_BMM_INFO.SP.SIMPLE_PRIM36.ram/ENARDEN","setup"
4473,-0.021,5.000,4.719,9,"student_top_inst/Core_cpu/u_core_top/scoreboard_q_reg[3][fu][1]/C","student_top_inst/Core_cpu/u_core_top/scoreboard_q_reg[0][csr_addr][2]/CE","setup"
4474,-0.021,5.000,4.719,9,"student_top_inst/Core_cpu/u_core_top/scoreboard_q_reg[3][fu][1]/C","student_top_inst/Core_cpu/u_core_top/scoreboard_q_reg[0][csr_addr][4]/CE","setup"
4475,-0.021,5.000,4.719,9,"student_top_inst/Core_cpu/u_core_top/scoreboard_q_reg[3][fu][1]/C","student_top_inst/Core_cpu/u_core_top/scoreboard_q_reg[0][pc][19]/CE","setup"
4476,-0.021,5.000,4.719,9,"student_top_inst/Core_cpu/u_core_top/scoreboard_q_reg[3][fu][1]/C","student_top_inst/Core_cpu/u_core_top/scoreboard_q_reg[0][pc][27]/CE","setup"
4477,-0.021,5.000,4.719,9,"student_top_inst/Core_cpu/u_core_top/scoreboard_q_reg[3][fu][1]/C","student_top_inst/Core_cpu/u_core_top/scoreboard_q_reg[0][pc][4]/CE","setup"
4478,-0.021,5.000,4.719,9,"student_top_inst/Core_cpu/u_core_top/scoreboard_q_reg[3][fu][1]/C","student_top_inst/Core_cpu/u_core_top/scoreboard_q_reg[0][pc][8]/CE","setup"
4479,-0.021,5.000,4.709,7,"student_top_inst/Core_cpu/u_core_top/u_dcache/u_tag_bank/mem_q_reg/CLKBWRCLK","student_top_inst/Core_cpu/u_core_top/scoreboard_q_reg[3][link_addr][14]/CE","setup"
4480,-0.021,5.000,4.709,7,"student_top_inst/Core_cpu/u_core_top/u_dcache/u_tag_bank/mem_q_reg/CLKBWRCLK","student_top_inst/Core_cpu/u_core_top/scoreboard_q_reg[3][link_addr][15]/CE","setup"
4481,-0.021,5.000,4.709,7,"student_top_inst/Core_cpu/u_core_top/u_dcache/u_tag_bank/mem_q_reg/CLKBWRCLK","student_top_inst/Core_cpu/u_core_top/scoreboard_q_reg[3][link_addr][22]/CE","setup"
4482,-0.021,5.000,4.709,7,"student_top_inst/Core_cpu/u_core_top/u_dcache/u_tag_bank/mem_q_reg/CLKBWRCLK","student_top_inst/Core_cpu/u_core_top/scoreboard_q_reg[3][link_addr][28]/CE","setup"
4483,-0.021,5.000,4.709,7,"student_top_inst/Core_cpu/u_core_top/u_dcache/u_tag_bank/mem_q_reg/CLKBWRCLK","student_top_inst/Core_cpu/u_core_top/scoreboard_q_reg[3][link_addr][30]/CE","setup"
4484,-0.021,5.000,4.709,7,"student_top_inst/Core_cpu/u_core_top/u_dcache/u_tag_bank/mem_q_reg/CLKBWRCLK","student_top_inst/Core_cpu/u_core_top/scoreboard_q_reg[3][link_addr][31]/CE","setup"
4485,-0.021,5.000,4.709,7,"student_top_inst/Core_cpu/u_core_top/u_dcache/u_tag_bank/mem_q_reg/CLKBWRCLK","student_top_inst/Core_cpu/u_core_top/scoreboard_q_reg[3][link_addr][9]/CE","setup"
4486,-0.021,5.000,4.709,7,"student_top_inst/Core_cpu/u_core_top/u_dcache/u_tag_bank/mem_q_reg/CLKBWRCLK","student_top_inst/Core_cpu/u_core_top/scoreboard_q_reg[3][pc][0]/CE","setup"
4487,-0.021,5.000,4.929,7,"student_top_inst/Core_cpu/u_core_top/commit_ptr_q_reg[2]_rep/C","student_top_inst/Core_cpu/u_core_top/u_csr/mtval_q_reg[11]/D","setup"
4488,-0.021,5.000,4.867,0,"student_top_inst/Core_cpu/u_core_top/u_dmem_regslice/req_addr_q_reg[6]/C","student_top_inst/mem_bridge/dram_adapter/dram/U0/inst_blk_mem_gen/gnbram.gnativebmg.native_blk_mem_gen/valid.cstr/ramloop[7].ram.r/prim_init.ram/DEVICE_7SERIES.NO_BMM_INFO.SP.SIMPLE_PRIM36.ram/ADDRARDADDR[7]","setup"
4489,-0.020,5.000,4.545,5,"student_top_inst/Core_cpu/u_core_top/u_dmem_regslice/req_addr_q_reg[18]/C","student_top_inst/mem_bridge/dram_adapter/dram/U0/inst_blk_mem_gen/gnbram.gnativebmg.native_blk_mem_gen/valid.cstr/ramloop[17].ram.r/prim_init.ram/DEVICE_7SERIES.NO_BMM_INFO.SP.SIMPLE_PRIM36.ram/ENARDEN","setup"
4490,-0.020,5.000,4.987,11,"student_top_inst/Core_cpu/u_core_top/store_head_q_reg[1]/C","student_top_inst/Core_cpu/u_core_top/load_active_meta_q_reg[forward_mask][3]/D","setup"
4491,-0.019,5.000,4.863,6,"student_top_inst/Core_cpu/u_core_top/commit_ptr_q_reg[2]_rep/C","student_top_inst/Core_cpu/u_core_top/u_csr/mtvec_q_reg[20]/D","setup"
4492,-0.018,5.000,4.785,7,"student_top_inst/Core_cpu/u_core_top/scoreboard_q_reg[3][fu][1]/C","student_top_inst/Core_cpu/u_core_top/u_frontend/u_branch_predictor/ras_q_reg[0][19]/CE","setup"
4493,-0.018,5.000,4.785,7,"student_top_inst/Core_cpu/u_core_top/scoreboard_q_reg[3][fu][1]/C","student_top_inst/Core_cpu/u_core_top/u_frontend/u_branch_predictor/ras_q_reg[0][26]/CE","setup"
4494,-0.018,5.000,4.750,7,"student_top_inst/Core_cpu/u_core_top/scoreboard_q_reg[3][fu][1]/C","student_top_inst/Core_cpu/u_core_top/u_frontend/u_branch_predictor/ras_q_reg[7][24]/CE","setup"
4495,-0.018,5.000,4.750,7,"student_top_inst/Core_cpu/u_core_top/scoreboard_q_reg[3][fu][1]/C","student_top_inst/Core_cpu/u_core_top/u_frontend/u_branch_predictor/ras_q_reg[7][25]/CE","setup"
4496,-0.018,5.000,4.750,7,"student_top_inst/Core_cpu/u_core_top/scoreboard_q_reg[3][fu][1]/C","student_top_inst/Core_cpu/u_core_top/u_frontend/u_branch_predictor/ras_q_reg[7][27]/CE","setup"
4497,-0.018,5.000,4.903,5,"student_top_inst/Core_cpu/u_core_top/u_dmem_regslice/req_addr_q_reg[18]/C","student_top_inst/mem_bridge/dram_adapter/dram/U0/inst_blk_mem_gen/gnbram.gnativebmg.native_blk_mem_gen/valid.cstr/ramloop[9].ram.r/prim_init.ram/DEVICE_7SERIES.NO_BMM_INFO.SP.SIMPLE_PRIM36.ram/ENARDEN","setup"
4498,-0.017,5.000,4.982,10,"student_top_inst/Core_cpu/u_core_top/scoreboard_q_reg[3][fu][1]/C","student_top_inst/Core_cpu/u_core_top/scoreboard_q_reg[0][store_slot][0]/D","setup"
4499,-0.017,5.000,4.901,5,"student_top_inst/Core_cpu/u_core_top/u_dmem_regslice/req_addr_q_reg[18]/C","student_top_inst/mem_bridge/dram_adapter/dram/U0/inst_blk_mem_gen/gnbram.gnativebmg.native_blk_mem_gen/valid.cstr/ramloop[0].ram.r/prim_init.ram/DEVICE_7SERIES.NO_BMM_INFO.SP.SIMPLE_PRIM36.ram/ENARDEN","setup"
4500,-0.016,5.000,4.556,5,"student_top_inst/Core_cpu/u_core_top/u_dmem_regslice/req_addr_q_reg[18]/C","student_top_inst/mem_bridge/dram_adapter/dram/U0/inst_blk_mem_gen/gnbram.gnativebmg.native_blk_mem_gen/valid.cstr/ramloop[26].ram.r/prim_init.ram/DEVICE_7SERIES.NO_BMM_INFO.SP.SIMPLE_PRIM36.ram/ENARDEN","setup"
4501,-0.016,5.000,4.850,6,"student_top_inst/Core_cpu/u_core_top/commit_ptr_q_reg[2]_rep/C","student_top_inst/Core_cpu/u_core_top/u_csr/mcause_q_reg[18]/D","setup"
4502,-0.016,5.000,4.508,4,"student_top_inst/Core_cpu/u_core_top/u_dcache/u_tag_bank/mem_q_reg/CLKBWRCLK","student_top_inst/Core_cpu/u_core_top/u_dcache/g_data_bank[2].u_data_bank/mem_q_reg_0/WEA[0]","setup"
4503,-0.016,5.000,4.483,1,"student_top_inst/cpu_rst_sync_reg/C","student_top_inst/Core_cpu/u_core_top/u_csr/mcause_q_reg[17]/R","setup"
4504,-0.016,5.000,4.483,1,"student_top_inst/cpu_rst_sync_reg/C","student_top_inst/Core_cpu/u_core_top/u_csr/mcause_q_reg[18]/R","setup"
4505,-0.016,5.000,4.483,1,"student_top_inst/cpu_rst_sync_reg/C","student_top_inst/Core_cpu/u_core_top/u_csr/mcause_q_reg[21]/R","setup"
4506,-0.016,5.000,4.483,1,"student_top_inst/cpu_rst_sync_reg/C","student_top_inst/Core_cpu/u_core_top/u_csr/mcause_q_reg[26]/R","setup"
4507,-0.016,5.000,4.483,1,"student_top_inst/cpu_rst_sync_reg/C","student_top_inst/Core_cpu/u_core_top/u_csr/mcause_q_reg[27]/R","setup"
4508,-0.016,5.000,4.483,1,"student_top_inst/cpu_rst_sync_reg/C","student_top_inst/Core_cpu/u_core_top/u_csr/mcause_q_reg[29]/R","setup"
4509,-0.015,5.000,4.769,8,"student_top_inst/Core_cpu/u_core_top/scoreboard_q_reg[3][fu][1]/C","student_top_inst/Core_cpu/u_core_top/u_dcache/g_data_bank[0].u_data_bank/mem_q_reg_0/DIADI[14]","setup"
4510,-0.014,5.000,4.937,8,"student_top_inst/Core_cpu/u_core_top/u_dcache/u_tag_bank/mem_q_reg/CLKBWRCLK","student_top_inst/Core_cpu/u_core_top/scoreboard_q_reg[4][exception_tval][11]/D","setup"
4511,-0.013,5.000,4.642,6,"student_top_inst/Core_cpu/u_core_top/u_dmem_regslice/req_addr_q_reg[18]/C","student_top_inst/mem_bridge/dram_adapter/dram/U0/inst_blk_mem_gen/gnbram.gnativebmg.native_blk_mem_gen/valid.cstr/ramloop[34].ram.r/prim_init.ram/DEVICE_7SERIES.NO_BMM_INFO.SP.SIMPLE_PRIM36.ram/WEA[0]","setup"
4512,-0.013,5.000,4.907,8,"student_top_inst/Core_cpu/u_core_top/u_dcache/u_tag_bank/mem_q_reg/CLKBWRCLK","student_top_inst/Core_cpu/u_core_top/issue_ptr_q_reg[2]/D","setup"
4513,-0.013,5.000,4.743,7,"student_top_inst/Core_cpu/u_core_top/scoreboard_q_reg[3][fu][1]/C","student_top_inst/Core_cpu/u_core_top/u_frontend/u_branch_predictor/ras_q_reg[6][15]/CE","setup"
4514,-0.013,5.000,4.743,7,"student_top_inst/Core_cpu/u_core_top/scoreboard_q_reg[3][fu][1]/C","student_top_inst/Core_cpu/u_core_top/u_frontend/u_branch_predictor/ras_q_reg[6][30]/CE","setup"
4515,-0.013,5.000,4.743,7,"student_top_inst/Core_cpu/u_core_top/scoreboard_q_reg[3][fu][1]/C","student_top_inst/Core_cpu/u_core_top/u_frontend/u_branch_predictor/ras_q_reg[6][3]/CE","setup"
4516,-0.013,5.000,4.580,0,"student_top_inst/Core_cpu/u_core_top/u_dmem_regslice/req_addr_q_reg[11]/C","student_top_inst/mem_bridge/dram_adapter/dram/U0/inst_blk_mem_gen/gnbram.gnativebmg.native_blk_mem_gen/valid.cstr/ramloop[45].ram.r/prim_init.ram/DEVICE_7SERIES.NO_BMM_INFO.SP.SIMPLE_PRIM36.ram/ADDRARDADDR[12]","setup"
4517,-0.012,5.000,4.908,8,"student_top_inst/Core_cpu/u_core_top/u_dcache/u_tag_bank/mem_q_reg/CLKBWRCLK","student_top_inst/Core_cpu/u_core_top/scoreboard_q_reg[1][exception_tval][13]/D","setup"
4518,-0.012,5.000,4.941,10,"student_top_inst/Core_cpu/u_core_top/u_dcache/u_tag_bank/mem_q_reg/CLKBWRCLK","student_top_inst/Core_cpu/u_core_top/load_q_reg[0][addr][6]/D","setup"
4519,-0.012,5.000,4.699,5,"student_top_inst/mem_bridge/dram_adapter/dram/U0/inst_blk_mem_gen/gnbram.gnativebmg.native_blk_mem_gen/valid.cstr/has_mux_a.A/no_softecc_norm_sel2.has_mem_regs.WITHOUT_ECC_PIPE.ce_pri.sel_pipe_d1_reg[2]/C","student_top_inst/Core_cpu/u_core_top/u_dmem_regslice/resp_rdata_q_reg[13]/D","setup"
4520,-0.012,5.000,4.907,8,"student_top_inst/Core_cpu/u_core_top/u_dcache/u_tag_bank/mem_q_reg/CLKBWRCLK","student_top_inst/Core_cpu/u_core_top/scoreboard_q_reg[1][exception_tval][15]/D","setup"
4521,-0.012,5.000,4.904,11,"student_top_inst/Core_cpu/u_core_top/store_head_q_reg[1]/C","student_top_inst/Core_cpu/u_core_top/load_q_reg[1][forward_data][18]/D","setup"
4522,-0.011,5.000,4.916,8,"student_top_inst/Core_cpu/u_core_top/u_dcache/u_tag_bank/mem_q_reg/CLKBWRCLK","student_top_inst/Core_cpu/u_core_top/scoreboard_q_reg[6][exception_tval][17]/D","setup"
4523,-0.011,5.000,4.494,7,"student_top_inst/Core_cpu/u_core_top/scoreboard_q_reg[3][fu][1]/C","student_top_inst/Core_cpu/u_core_top/u_muldiv/b_q_reg[12]/CE","setup"
4524,-0.011,5.000,4.494,7,"student_top_inst/Core_cpu/u_core_top/scoreboard_q_reg[3][fu][1]/C","student_top_inst/Core_cpu/u_core_top/u_muldiv/b_q_reg[5]/CE","setup"
4525,-0.011,5.000,4.494,7,"student_top_inst/Core_cpu/u_core_top/scoreboard_q_reg[3][fu][1]/C","student_top_inst/Core_cpu/u_core_top/u_muldiv/b_q_reg[6]/CE","setup"
4526,-0.011,5.000,4.935,8,"student_top_inst/Core_cpu/u_core_top/u_dcache/u_tag_bank/mem_q_reg/CLKBWRCLK","student_top_inst/Core_cpu/u_core_top/scoreboard_q_reg[4][exception_tval][14]/D","setup"
4527,-0.011,5.000,4.515,7,"student_top_inst/Core_cpu/u_core_top/u_dcache/u_tag_bank/mem_q_reg/CLKBWRCLK","student_top_inst/Core_cpu/u_core_top/u_dcache/g_data_bank[0].u_data_bank/mem_q_reg_1/ADDRBWRADDR[9]","setup"
4528,-0.011,5.000,4.946,8,"student_top_inst/Core_cpu/u_core_top/u_dcache/u_tag_bank/mem_q_reg/CLKBWRCLK","student_top_inst/Core_cpu/u_core_top/scoreboard_q_reg[6][exception_tval][11]/D","setup"
4529,-0.011,5.000,4.970,8,"student_top_inst/Core_cpu/u_core_top/u_dcache/u_tag_bank/mem_q_reg/CLKBWRCLK","student_top_inst/Core_cpu/u_core_top/u_dcache/req_addr_q_reg[2]/D","setup"
4530,-0.010,5.000,4.634,6,"student_top_inst/Core_cpu/u_core_top/u_dmem_regslice/req_addr_q_reg[18]/C","student_top_inst/mem_bridge/dram_adapter/dram/U0/inst_blk_mem_gen/gnbram.gnativebmg.native_blk_mem_gen/valid.cstr/ramloop[40].ram.r/prim_init.ram/DEVICE_7SERIES.NO_BMM_INFO.SP.SIMPLE_PRIM36.ram/WEA[0]","setup"
4531,-0.010,5.000,4.944,8,"student_top_inst/Core_cpu/u_core_top/u_dcache/u_tag_bank/mem_q_reg/CLKBWRCLK","student_top_inst/Core_cpu/u_core_top/scoreboard_q_reg[6][exception_tval][10]/D","setup"
4532,-0.010,5.000,4.890,7,"student_top_inst/Core_cpu/u_core_top/commit_ptr_q_reg[2]_rep/C","student_top_inst/Core_cpu/u_core_top/u_csr/mstatus_q_reg[16]/D","setup"
4533,-0.009,5.000,4.592,8,"student_top_inst/Core_cpu/u_core_top/scoreboard_q_reg[3][fu][1]/C","student_top_inst/Core_cpu/u_core_top/u_dcache/g_data_bank[3].u_data_bank/mem_q_reg_1/ADDRARDADDR[13]","setup"
4534,-0.009,5.000,4.830,8,"student_top_inst/Core_cpu/u_core_top/scoreboard_q_reg[3][fu][1]/C","student_top_inst/Core_cpu/u_core_top/u_dcache/g_data_bank[1].u_data_bank/mem_q_reg_0/DIADI[4]","setup"
4535,-0.009,5.000,4.903,8,"student_top_inst/Core_cpu/u_core_top/u_dcache/u_tag_bank/mem_q_reg/CLKBWRCLK","student_top_inst/Core_cpu/u_core_top/scoreboard_q_reg[2][result][7]/D","setup"
4536,-0.009,5.000,4.492,7,"student_top_inst/Core_cpu/u_core_top/scoreboard_q_reg[3][fu][1]/C","student_top_inst/Core_cpu/u_core_top/u_muldiv/b_q_reg[26]/CE","setup"
4537,-0.009,5.000,4.492,7,"student_top_inst/Core_cpu/u_core_top/scoreboard_q_reg[3][fu][1]/C","student_top_inst/Core_cpu/u_core_top/u_muldiv/b_q_reg[27]/CE","setup"
4538,-0.009,5.000,4.492,7,"student_top_inst/Core_cpu/u_core_top/scoreboard_q_reg[3][fu][1]/C","student_top_inst/Core_cpu/u_core_top/u_muldiv/b_q_reg[30]/CE","setup"
4539,-0.009,5.000,4.528,8,"student_top_inst/Core_cpu/u_core_top/scoreboard_q_reg[3][fu][1]/C","student_top_inst/Core_cpu/u_core_top/u_dcache/g_data_bank[0].u_data_bank/mem_q_reg_0/ADDRARDADDR[8]","setup"
4540,-0.009,5.000,4.939,10,"student_top_inst/Core_cpu/u_core_top/u_dcache/u_tag_bank/mem_q_reg/CLKBWRCLK","student_top_inst/Core_cpu/u_core_top/load_q_reg[0][addr][7]/D","setup"
4541,-0.009,5.000,4.833,6,"student_top_inst/Core_cpu/u_core_top/commit_ptr_q_reg[2]_rep/C","student_top_inst/Core_cpu/u_core_top/u_csr/mtvec_q_reg[16]/D","setup"
4542,-0.008,5.000,4.719,8,"student_top_inst/Core_cpu/u_core_top/exec_q_reg[uop][muldiv_op][2]/C","student_top_inst/Core_cpu/u_core_top/u_muldiv/u_mul/U0/i_mult/gLUT.gLUT_speed.iLUT/NxM_mult.pp_gen_pipeline.pp_gen_loop[16].b_is_even.pp_out_reg_reg[16][25]/D","setup"
4543,-0.008,5.000,4.737,7,"student_top_inst/Core_cpu/u_core_top/scoreboard_q_reg[3][fu][1]/C","student_top_inst/Core_cpu/u_core_top/u_frontend/u_branch_predictor/ras_q_reg[6][16]/CE","setup"
4544,-0.008,5.000,4.737,7,"student_top_inst/Core_cpu/u_core_top/scoreboard_q_reg[3][fu][1]/C","student_top_inst/Core_cpu/u_core_top/u_frontend/u_branch_predictor/ras_q_reg[6][17]/CE","setup"
4545,-0.008,5.000,4.529,8,"student_top_inst/Core_cpu/u_core_top/scoreboard_q_reg[3][fu][1]/C","student_top_inst/Core_cpu/u_core_top/u_dcache/g_data_bank[2].u_data_bank/mem_q_reg_1/ADDRARDADDR[6]","setup"
4546,-0.007,5.000,4.717,9,"student_top_inst/Core_cpu/u_core_top/exec_q_reg[uop][muldiv_op][2]/C","student_top_inst/Core_cpu/u_core_top/u_muldiv/u_mul/U0/i_mult/gLUT.gLUT_speed.iLUT/NxM_mult.pp_gen_pipeline.pp_gen_loop[16].b_is_even.pp_out_reg_reg[16][28]/D","setup"
4547,-0.007,5.000,4.717,9,"student_top_inst/Core_cpu/u_core_top/exec_q_reg[uop][muldiv_op][2]/C","student_top_inst/Core_cpu/u_core_top/u_muldiv/u_mul/U0/i_mult/gLUT.gLUT_speed.iLUT/NxM_mult.pp_gen_pipeline.pp_gen_loop[16].b_is_even.pp_out_reg_reg[16][30]/D","setup"
4548,-0.007,5.000,4.906,8,"student_top_inst/Core_cpu/u_core_top/u_dcache/u_tag_bank/mem_q_reg/CLKBWRCLK","student_top_inst/Core_cpu/u_core_top/scoreboard_q_reg[7][exception_tval][8]/D","setup"
4549,-0.007,5.000,4.911,1,"student_top_inst/Core_cpu/u_core_top/u_dmem_regslice/req_addr_q_reg[0]/C","student_top_inst/mem_bridge/dram_adapter/dram/U0/inst_blk_mem_gen/gnbram.gnativebmg.native_blk_mem_gen/valid.cstr/ramloop[34].ram.r/prim_init.ram/DEVICE_7SERIES.NO_BMM_INFO.SP.SIMPLE_PRIM36.ram/DIADI[4]","setup"
4550,-0.005,5.000,4.933,8,"student_top_inst/Core_cpu/u_core_top/u_dcache/u_tag_bank/mem_q_reg/CLKBWRCLK","student_top_inst/Core_cpu/u_core_top/scoreboard_q_reg[3][result][7]/D","setup"
4551,-0.005,5.000,4.941,8,"student_top_inst/Core_cpu/u_core_top/u_dcache/u_tag_bank/mem_q_reg/CLKBWRCLK","student_top_inst/Core_cpu/u_core_top/scoreboard_q_reg[6][exception_tval][9]/D","setup"
4552,-0.004,5.000,4.975,9,"student_top_inst/Core_cpu/u_core_top/exec_q_reg[op2][15]/C","student_top_inst/Core_cpu/u_core_top/scoreboard_q_reg[6][exception_tval][26]/D","setup"
4553,-0.004,5.000,4.903,8,"student_top_inst/Core_cpu/u_core_top/u_dcache/u_tag_bank/mem_q_reg/CLKBWRCLK","student_top_inst/Core_cpu/u_core_top/scoreboard_q_reg[7][exception_tval][10]/D","setup"
4554,-0.003,5.000,4.966,10,"student_top_inst/Core_cpu/u_core_top/scoreboard_q_reg[3][fu][1]/C","student_top_inst/Core_cpu/u_core_top/scoreboard_q_reg[6][store_slot_valid]/D","setup"
4555,-0.003,5.000,4.790,0,"student_top_inst/Core_cpu/u_core_top/u_dmem_regslice/req_addr_q_reg[11]/C","student_top_inst/mem_bridge/dram_adapter/dram/U0/inst_blk_mem_gen/gnbram.gnativebmg.native_blk_mem_gen/valid.cstr/ramloop[15].ram.r/prim_init.ram/DEVICE_7SERIES.NO_BMM_INFO.SP.SIMPLE_PRIM36.ram/ADDRARDADDR[12]","setup"
4556,-0.003,5.000,4.735,7,"student_top_inst/Core_cpu/u_core_top/scoreboard_q_reg[3][fu][1]/C","student_top_inst/Core_cpu/u_core_top/u_frontend/u_branch_predictor/ras_q_reg[7][28]/CE","setup"
4557,-0.002,5.000,4.697,9,"student_top_inst/Core_cpu/u_core_top/scoreboard_q_reg[3][fu][1]/C","student_top_inst/Core_cpu/u_core_top/scoreboard_q_reg[1][fu][1]/CE","setup"
4558,-0.002,5.000,4.697,9,"student_top_inst/Core_cpu/u_core_top/scoreboard_q_reg[3][fu][1]/C","student_top_inst/Core_cpu/u_core_top/scoreboard_q_reg[1][fu][2]/CE","setup"
4559,-0.002,5.000,4.697,9,"student_top_inst/Core_cpu/u_core_top/scoreboard_q_reg[3][fu][1]/C","student_top_inst/Core_cpu/u_core_top/scoreboard_q_reg[1][pc][9]/CE","setup"
4560,-0.002,5.000,4.697,9,"student_top_inst/Core_cpu/u_core_top/scoreboard_q_reg[3][fu][1]/C","student_top_inst/Core_cpu/u_core_top/scoreboard_q_reg[1][sys_op][1]/CE","setup"
4561,-0.002,5.000,4.697,9,"student_top_inst/Core_cpu/u_core_top/scoreboard_q_reg[3][fu][1]/C","student_top_inst/Core_cpu/u_core_top/scoreboard_q_reg[1][sys_op][2]/CE","setup"
4562,-0.001,5.000,4.517,8,"student_top_inst/Core_cpu/u_core_top/scoreboard_q_reg[3][fu][1]/C","student_top_inst/Core_cpu/u_core_top/u_dcache/g_data_bank[2].u_data_bank/mem_q_reg_0/ADDRARDADDR[9]","setup"
4563,-0.001,5.000,4.937,8,"student_top_inst/Core_cpu/u_core_top/u_dcache/u_tag_bank/mem_q_reg/CLKBWRCLK","student_top_inst/Core_cpu/u_core_top/scoreboard_q_reg[6][exception_tval][2]/D","setup"
4564,-0.001,5.000,4.660,7,"student_top_inst/Core_cpu/u_core_top/u_dcache/u_tag_bank/mem_q_reg/CLKBWRCLK","student_top_inst/Core_cpu/u_core_top/scoreboard_q_reg[2][link_addr][18]/CE","setup"
4565,-0.001,5.000,4.660,7,"student_top_inst/Core_cpu/u_core_top/u_dcache/u_tag_bank/mem_q_reg/CLKBWRCLK","student_top_inst/Core_cpu/u_core_top/scoreboard_q_reg[2][link_addr][19]/CE","setup"
4566,-0.001,5.000,4.660,7,"student_top_inst/Core_cpu/u_core_top/u_dcache/u_tag_bank/mem_q_reg/CLKBWRCLK","student_top_inst/Core_cpu/u_core_top/scoreboard_q_reg[2][link_addr][1]/CE","setup"
4567,-0.001,5.000,4.660,7,"student_top_inst/Core_cpu/u_core_top/u_dcache/u_tag_bank/mem_q_reg/CLKBWRCLK","student_top_inst/Core_cpu/u_core_top/scoreboard_q_reg[2][link_addr][23]/CE","setup"
