rank,slack_ns,requirement_ns,datapath_delay_ns,logic_levels,path_group,startpoint,end_point,start_clock,end_clock
"1","0.056","0.000","0.217","0","","student_top_inst/Core_cpu/u_dcache/req_tag_q_reg[3]/C","student_top_inst/Core_cpu/u_dcache/tag_way1_q_reg_0_63_3_5/RAMA/I","clk_out2_pll","clk_out2_pll"
"2","0.056","0.000","0.217","0","","student_top_inst/Core_cpu/u_dcache/req_tag_q_reg[3]/C","student_top_inst/Core_cpu/u_dcache/tag_way1_q_reg_0_63_3_5/RAMA/I","clk_out2_pll","clk_out2_pll"
"3","0.067","0.000","0.286","0","","virtual_seg_50_d2_reg[31]/C","twin_controller_inst/status_buffer_reg[3][7]/D","clk_out1_pll","clk_out1_pll"
"4","0.067","0.000","0.286","0","","virtual_seg_50_d2_reg[31]/C","twin_controller_inst/status_buffer_reg[3][7]/D","clk_out1_pll","clk_out1_pll"
"5","0.073","0.000","0.235","0","","student_top_inst/Core_cpu/u_core/u_bpu/update_target_q_reg[22]/C","student_top_inst/Core_cpu/u_core/u_bpu/btb_target_q_reg_r2_128_191_21_23/RAMB/I","clk_out2_pll","clk_out2_pll"
"6","0.073","0.000","0.235","0","","student_top_inst/Core_cpu/u_core/u_bpu/update_target_q_reg[22]/C","student_top_inst/Core_cpu/u_core/u_bpu/btb_target_q_reg_r2_128_191_21_23/RAMB/I","clk_out2_pll","clk_out2_pll"
"7","0.073","0.000","0.291","0","","student_top_inst/Core_cpu/u_core/u_bpu/update_pc_q_reg[6]_rep/C","student_top_inst/Core_cpu/u_core/u_bpu/btb_target_q_reg_r1_0_63_0_2/RAMA/WADR4","clk_out2_pll","clk_out2_pll"
"8","0.073","0.000","0.291","0","","student_top_inst/Core_cpu/u_core/u_bpu/update_pc_q_reg[6]_rep/C","student_top_inst/Core_cpu/u_core/u_bpu/btb_target_q_reg_r1_0_63_0_2/RAMA/WADR4","clk_out2_pll","clk_out2_pll"
"9","0.073","0.000","0.291","0","","student_top_inst/Core_cpu/u_core/u_bpu/update_pc_q_reg[6]_rep/C","student_top_inst/Core_cpu/u_core/u_bpu/btb_target_q_reg_r1_0_63_0_2/RAMB/WADR4","clk_out2_pll","clk_out2_pll"
"10","0.073","0.000","0.291","0","","student_top_inst/Core_cpu/u_core/u_bpu/update_pc_q_reg[6]_rep/C","student_top_inst/Core_cpu/u_core/u_bpu/btb_target_q_reg_r1_0_63_0_2/RAMB/WADR4","clk_out2_pll","clk_out2_pll"
"11","0.073","0.000","0.291","0","","student_top_inst/Core_cpu/u_core/u_bpu/update_pc_q_reg[6]_rep/C","student_top_inst/Core_cpu/u_core/u_bpu/btb_target_q_reg_r1_0_63_0_2/RAMC/WADR4","clk_out2_pll","clk_out2_pll"
"12","0.073","0.000","0.291","0","","student_top_inst/Core_cpu/u_core/u_bpu/update_pc_q_reg[6]_rep/C","student_top_inst/Core_cpu/u_core/u_bpu/btb_target_q_reg_r1_0_63_0_2/RAMC/WADR4","clk_out2_pll","clk_out2_pll"
"13","0.073","0.000","0.291","0","","student_top_inst/Core_cpu/u_core/u_bpu/update_pc_q_reg[6]_rep/C","student_top_inst/Core_cpu/u_core/u_bpu/btb_target_q_reg_r1_0_63_0_2/RAMD/WADR4","clk_out2_pll","clk_out2_pll"
"14","0.073","0.000","0.291","0","","student_top_inst/Core_cpu/u_core/u_bpu/update_pc_q_reg[6]_rep/C","student_top_inst/Core_cpu/u_core/u_bpu/btb_target_q_reg_r1_0_63_0_2/RAMD/WADR4","clk_out2_pll","clk_out2_pll"
"15","0.074","0.000","0.216","0","","student_top_inst/Core_cpu/u_dcache/req_tag_q_reg[11]/C","student_top_inst/Core_cpu/u_dcache/tag_way0_q_reg_0_63_9_11/RAMC/I","clk_out2_pll","clk_out2_pll"
"16","0.074","0.000","0.216","0","","student_top_inst/Core_cpu/u_dcache/req_tag_q_reg[11]/C","student_top_inst/Core_cpu/u_dcache/tag_way0_q_reg_0_63_9_11/RAMC/I","clk_out2_pll","clk_out2_pll"
"17","0.078","0.000","0.218","0","","student_top_inst/Core_cpu/u_dcache/req_tag_q_reg[14]/C","student_top_inst/Core_cpu/u_dcache/tag_way0_q_reg_0_63_12_14/RAMC/I","clk_out2_pll","clk_out2_pll"
"18","0.078","0.000","0.218","0","","student_top_inst/Core_cpu/u_dcache/req_tag_q_reg[14]/C","student_top_inst/Core_cpu/u_dcache/tag_way0_q_reg_0_63_12_14/RAMC/I","clk_out2_pll","clk_out2_pll"
"19","0.078","0.000","0.220","0","","student_top_inst/Core_cpu/u_dcache/req_tag_q_reg[8]/C","student_top_inst/Core_cpu/u_dcache/tag_way0_q_reg_0_63_6_8/RAMC/I","clk_out2_pll","clk_out2_pll"
"20","0.078","0.000","0.220","0","","student_top_inst/Core_cpu/u_dcache/req_tag_q_reg[8]/C","student_top_inst/Core_cpu/u_dcache/tag_way0_q_reg_0_63_6_8/RAMC/I","clk_out2_pll","clk_out2_pll"
"21","0.080","0.000","0.204","0","","student_top_inst/Core_cpu/u_dcache/req_tag_q_reg[4]/C","student_top_inst/Core_cpu/u_dcache/tag_way1_q_reg_64_127_3_5/RAMB/I","clk_out2_pll","clk_out2_pll"
"22","0.080","0.000","0.204","0","","student_top_inst/Core_cpu/u_dcache/req_tag_q_reg[4]/C","student_top_inst/Core_cpu/u_dcache/tag_way1_q_reg_64_127_3_5/RAMB/I","clk_out2_pll","clk_out2_pll"
"23","0.081","0.000","0.225","0","","student_top_inst/Core_cpu/u_dcache/req_tag_q_reg[8]/C","student_top_inst/Core_cpu/u_dcache/tag_way1_q_reg_64_127_6_8/RAMC/I","clk_out2_pll","clk_out2_pll"
"24","0.081","0.000","0.225","0","","student_top_inst/Core_cpu/u_dcache/req_tag_q_reg[8]/C","student_top_inst/Core_cpu/u_dcache/tag_way1_q_reg_64_127_6_8/RAMC/I","clk_out2_pll","clk_out2_pll"
"25","0.083","0.000","0.286","1","","student_top_inst/Core_cpu/u_core/u_backend/u_dispatch/mem_entry_q_reg[2][uop][imm_s][23]/C","student_top_inst/Core_cpu/u_core/u_backend/u_dispatch/mem_entry_q_reg[1][uop][imm_s][23]/D","clk_out2_pll","clk_out2_pll"
"26","0.083","0.000","0.286","1","","student_top_inst/Core_cpu/u_core/u_backend/u_dispatch/mem_entry_q_reg[2][uop][imm_s][23]/C","student_top_inst/Core_cpu/u_core/u_backend/u_dispatch/mem_entry_q_reg[1][uop][imm_s][23]/D","clk_out2_pll","clk_out2_pll"
"27","0.085","0.000","0.183","1","","student_top_inst/Core_cpu/u_core/u_backend/u_execute/mem_req_addr_q_reg[1][1]/C","student_top_inst/Core_cpu/u_core/u_backend/u_execute/mem_req_addr_q_reg[0][1]/D","clk_out2_pll","clk_out2_pll"
"28","0.085","0.000","0.183","1","","student_top_inst/Core_cpu/u_core/u_backend/u_execute/mem_req_addr_q_reg[1][1]/C","student_top_inst/Core_cpu/u_core/u_backend/u_execute/mem_req_addr_q_reg[0][1]/D","clk_out2_pll","clk_out2_pll"
"29","0.085","0.000","0.230","0","","student_top_inst/Core_cpu/u_dcache/req_tag_q_reg[6]/C","student_top_inst/Core_cpu/u_dcache/tag_way1_q_reg_64_127_6_8/RAMA/I","clk_out2_pll","clk_out2_pll"
"30","0.085","0.000","0.230","0","","student_top_inst/Core_cpu/u_dcache/req_tag_q_reg[6]/C","student_top_inst/Core_cpu/u_dcache/tag_way1_q_reg_64_127_6_8/RAMA/I","clk_out2_pll","clk_out2_pll"
"31","0.085","0.000","0.361","0","","student_top_inst/Core_cpu/u_dcache/req_tag_q_reg[3]/C","student_top_inst/Core_cpu/u_dcache/tag_way1_q_reg_0_63_3_5/RAMA/I","clk_out2_pll","clk_out2_pll"
"32","0.085","0.000","0.361","0","","student_top_inst/Core_cpu/u_dcache/req_tag_q_reg[3]/C","student_top_inst/Core_cpu/u_dcache/tag_way1_q_reg_0_63_3_5/RAMA/I","clk_out2_pll","clk_out2_pll"
"33","0.085","0.000","0.284","0","","student_top_inst/Core_cpu/u_core/u_bpu/update_pc_q_reg[6]_rep/C","student_top_inst/Core_cpu/u_core/u_bpu/btb_target_q_reg_r1_128_191_9_11/RAMA/WADR4","clk_out2_pll","clk_out2_pll"
"34","0.085","0.000","0.284","0","","student_top_inst/Core_cpu/u_core/u_bpu/update_pc_q_reg[6]_rep/C","student_top_inst/Core_cpu/u_core/u_bpu/btb_target_q_reg_r1_128_191_9_11/RAMA/WADR4","clk_out2_pll","clk_out2_pll"
"35","0.085","0.000","0.284","0","","student_top_inst/Core_cpu/u_core/u_bpu/update_pc_q_reg[6]_rep/C","student_top_inst/Core_cpu/u_core/u_bpu/btb_target_q_reg_r1_128_191_9_11/RAMB/WADR4","clk_out2_pll","clk_out2_pll"
"36","0.085","0.000","0.284","0","","student_top_inst/Core_cpu/u_core/u_bpu/update_pc_q_reg[6]_rep/C","student_top_inst/Core_cpu/u_core/u_bpu/btb_target_q_reg_r1_128_191_9_11/RAMB/WADR4","clk_out2_pll","clk_out2_pll"
"37","0.085","0.000","0.284","0","","student_top_inst/Core_cpu/u_core/u_bpu/update_pc_q_reg[6]_rep/C","student_top_inst/Core_cpu/u_core/u_bpu/btb_target_q_reg_r1_128_191_9_11/RAMC/WADR4","clk_out2_pll","clk_out2_pll"
"38","0.085","0.000","0.284","0","","student_top_inst/Core_cpu/u_core/u_bpu/update_pc_q_reg[6]_rep/C","student_top_inst/Core_cpu/u_core/u_bpu/btb_target_q_reg_r1_128_191_9_11/RAMC/WADR4","clk_out2_pll","clk_out2_pll"
"39","0.085","0.000","0.284","0","","student_top_inst/Core_cpu/u_core/u_bpu/update_pc_q_reg[6]_rep/C","student_top_inst/Core_cpu/u_core/u_bpu/btb_target_q_reg_r1_128_191_9_11/RAMD/WADR4","clk_out2_pll","clk_out2_pll"
"40","0.085","0.000","0.284","0","","student_top_inst/Core_cpu/u_core/u_bpu/update_pc_q_reg[6]_rep/C","student_top_inst/Core_cpu/u_core/u_bpu/btb_target_q_reg_r1_128_191_9_11/RAMD/WADR4","clk_out2_pll","clk_out2_pll"
"41","0.086","0.000","0.229","0","","student_top_inst/Core_cpu/u_dcache/req_tag_q_reg[13]/C","student_top_inst/Core_cpu/u_dcache/tag_way0_q_reg_0_63_12_14/RAMB/I","clk_out2_pll","clk_out2_pll"
"42","0.086","0.000","0.229","0","","student_top_inst/Core_cpu/u_dcache/req_tag_q_reg[13]/C","student_top_inst/Core_cpu/u_dcache/tag_way0_q_reg_0_63_12_14/RAMB/I","clk_out2_pll","clk_out2_pll"
"43","0.086","0.000","0.229","0","","student_top_inst/Core_cpu/u_dcache/req_tag_q_reg[6]/C","student_top_inst/Core_cpu/u_dcache/tag_way0_q_reg_0_63_6_8/RAMA/I","clk_out2_pll","clk_out2_pll"
"44","0.086","0.000","0.229","0","","student_top_inst/Core_cpu/u_dcache/req_tag_q_reg[6]/C","student_top_inst/Core_cpu/u_dcache/tag_way0_q_reg_0_63_6_8/RAMA/I","clk_out2_pll","clk_out2_pll"
"45","0.086","0.000","0.229","0","","student_top_inst/Core_cpu/u_dcache/req_tag_q_reg[13]/C","student_top_inst/Core_cpu/u_dcache/tag_way0_q_reg_64_127_12_14/RAMB/I","clk_out2_pll","clk_out2_pll"
"46","0.086","0.000","0.229","0","","student_top_inst/Core_cpu/u_dcache/req_tag_q_reg[13]/C","student_top_inst/Core_cpu/u_dcache/tag_way0_q_reg_64_127_12_14/RAMB/I","clk_out2_pll","clk_out2_pll"
"47","0.086","0.000","0.190","0","","student_top_inst/Core_cpu/u_dcache/req_tag_q_reg[15]/C","student_top_inst/Core_cpu/u_dcache/tag_way0_q_reg_64_127_15_17/RAMA/I","clk_out2_pll","clk_out2_pll"
"48","0.086","0.000","0.190","0","","student_top_inst/Core_cpu/u_dcache/req_tag_q_reg[15]/C","student_top_inst/Core_cpu/u_dcache/tag_way0_q_reg_64_127_15_17/RAMA/I","clk_out2_pll","clk_out2_pll"
"49","0.087","0.000","0.248","0","","student_top_inst/Core_cpu/u_core/u_bpu/update_return_pc_q_reg[0]/C","student_top_inst/Core_cpu/u_core/u_bpu/ras_q_reg_0_7_0_5/RAMA/I","clk_out2_pll","clk_out2_pll"
"50","0.087","0.000","0.248","0","","student_top_inst/Core_cpu/u_core/u_bpu/update_return_pc_q_reg[0]/C","student_top_inst/Core_cpu/u_core/u_bpu/ras_q_reg_0_7_0_5/RAMA/I","clk_out2_pll","clk_out2_pll"
"51","0.088","0.000","0.244","0","","student_top_inst/Core_cpu/u_core/u_bpu/update_target_q_reg[31]/C","student_top_inst/Core_cpu/u_core/u_bpu/btb_tag_q_reg_r1_64_127_21_21/RAMC/I","clk_out2_pll","clk_out2_pll"
"52","0.088","0.000","0.244","0","","student_top_inst/Core_cpu/u_core/u_bpu/update_target_q_reg[31]/C","student_top_inst/Core_cpu/u_core/u_bpu/btb_tag_q_reg_r1_64_127_21_21/RAMC/I","clk_out2_pll","clk_out2_pll"
"53","0.089","0.000","0.196","0","","student_top_inst/Core_cpu/u_dcache/req_tag_q_reg[4]/C","student_top_inst/Core_cpu/u_dcache/tag_way0_q_reg_0_63_3_5/RAMB/I","clk_out2_pll","clk_out2_pll"
"54","0.089","0.000","0.196","0","","student_top_inst/Core_cpu/u_dcache/req_tag_q_reg[4]/C","student_top_inst/Core_cpu/u_dcache/tag_way0_q_reg_0_63_3_5/RAMB/I","clk_out2_pll","clk_out2_pll"
"55","0.092","0.000","0.190","1","","student_top_inst/Core_cpu/u_core/u_backend/u_execute/mem_probe_uop_q_reg[uop][imm_s][29]/C","student_top_inst/Core_cpu/u_core/u_backend/u_execute/mem_req_uop_q_reg[0][uop][imm_s][29]/D","clk_out2_pll","clk_out2_pll"
"56","0.092","0.000","0.190","1","","student_top_inst/Core_cpu/u_core/u_backend/u_execute/mem_probe_uop_q_reg[uop][imm_s][29]/C","student_top_inst/Core_cpu/u_core/u_backend/u_execute/mem_req_uop_q_reg[0][uop][imm_s][29]/D","clk_out2_pll","clk_out2_pll"
"57","0.093","0.000","0.303","1","","student_top_inst/Core_cpu/u_core/u_backend/u_execute/mem_req_addr_q_reg[1][1]/C","student_top_inst/Core_cpu/u_core/u_backend/u_execute/mem_req_addr_q_reg[0][1]/D","clk_out2_pll","clk_out2_pll"
"58","0.093","0.000","0.303","1","","student_top_inst/Core_cpu/u_core/u_backend/u_execute/mem_req_addr_q_reg[1][1]/C","student_top_inst/Core_cpu/u_core/u_backend/u_execute/mem_req_addr_q_reg[0][1]/D","clk_out2_pll","clk_out2_pll"
"59","0.093","0.000","0.191","1","","student_top_inst/Core_cpu/u_core/u_backend/u_execute/mem_probe_uop_q_reg[uop][imm_s][0]/C","student_top_inst/Core_cpu/u_core/u_backend/u_execute/mem_req_uop_q_reg[0][uop][imm_s][0]/D","clk_out2_pll","clk_out2_pll"
"60","0.093","0.000","0.191","1","","student_top_inst/Core_cpu/u_core/u_backend/u_execute/mem_probe_uop_q_reg[uop][imm_s][0]/C","student_top_inst/Core_cpu/u_core/u_backend/u_execute/mem_req_uop_q_reg[0][uop][imm_s][0]/D","clk_out2_pll","clk_out2_pll"
"61","0.093","0.000","0.297","1","","student_top_inst/Core_cpu/u_core/u_backend/u_dispatch/mem_entry_q_reg[2][uop][imm_s][31]/C","student_top_inst/Core_cpu/u_core/u_backend/u_dispatch/mem_entry_q_reg[1][uop][imm_s][31]/D","clk_out2_pll","clk_out2_pll"
"62","0.093","0.000","0.297","1","","student_top_inst/Core_cpu/u_core/u_backend/u_dispatch/mem_entry_q_reg[2][uop][imm_s][31]/C","student_top_inst/Core_cpu/u_core/u_backend/u_dispatch/mem_entry_q_reg[1][uop][imm_s][31]/D","clk_out2_pll","clk_out2_pll"
"63","0.094","0.000","0.200","0","","student_top_inst/Core_cpu/u_dcache/req_tag_q_reg[19]/C","student_top_inst/Core_cpu/u_dcache/tag_way1_q_reg_64_127_18_19/RAMB/I","clk_out2_pll","clk_out2_pll"
"64","0.094","0.000","0.200","0","","student_top_inst/Core_cpu/u_dcache/req_tag_q_reg[19]/C","student_top_inst/Core_cpu/u_dcache/tag_way1_q_reg_64_127_18_19/RAMB/I","clk_out2_pll","clk_out2_pll"
"65","0.095","0.000","0.332","0","","student_top_inst/Core_cpu/u_core/u_bpu/update_pc_q_reg[5]_rep/C","student_top_inst/Core_cpu/u_core/u_bpu/btb_target_q_reg_r1_128_191_0_2/RAMA/WADR3","clk_out2_pll","clk_out2_pll"
"66","0.095","0.000","0.332","0","","student_top_inst/Core_cpu/u_core/u_bpu/update_pc_q_reg[5]_rep/C","student_top_inst/Core_cpu/u_core/u_bpu/btb_target_q_reg_r1_128_191_0_2/RAMA/WADR3","clk_out2_pll","clk_out2_pll"
"67","0.095","0.000","0.332","0","","student_top_inst/Core_cpu/u_core/u_bpu/update_pc_q_reg[5]_rep/C","student_top_inst/Core_cpu/u_core/u_bpu/btb_target_q_reg_r1_128_191_0_2/RAMB/WADR3","clk_out2_pll","clk_out2_pll"
"68","0.095","0.000","0.332","0","","student_top_inst/Core_cpu/u_core/u_bpu/update_pc_q_reg[5]_rep/C","student_top_inst/Core_cpu/u_core/u_bpu/btb_target_q_reg_r1_128_191_0_2/RAMB/WADR3","clk_out2_pll","clk_out2_pll"
"69","0.095","0.000","0.332","0","","student_top_inst/Core_cpu/u_core/u_bpu/update_pc_q_reg[5]_rep/C","student_top_inst/Core_cpu/u_core/u_bpu/btb_target_q_reg_r1_128_191_0_2/RAMC/WADR3","clk_out2_pll","clk_out2_pll"
"70","0.095","0.000","0.332","0","","student_top_inst/Core_cpu/u_core/u_bpu/update_pc_q_reg[5]_rep/C","student_top_inst/Core_cpu/u_core/u_bpu/btb_target_q_reg_r1_128_191_0_2/RAMC/WADR3","clk_out2_pll","clk_out2_pll"
"71","0.095","0.000","0.332","0","","student_top_inst/Core_cpu/u_core/u_bpu/update_pc_q_reg[5]_rep/C","student_top_inst/Core_cpu/u_core/u_bpu/btb_target_q_reg_r1_128_191_0_2/RAMD/WADR3","clk_out2_pll","clk_out2_pll"
"72","0.095","0.000","0.332","0","","student_top_inst/Core_cpu/u_core/u_bpu/update_pc_q_reg[5]_rep/C","student_top_inst/Core_cpu/u_core/u_bpu/btb_target_q_reg_r1_128_191_0_2/RAMD/WADR3","clk_out2_pll","clk_out2_pll"
"73","0.095","0.000","0.363","1","","student_top_inst/Core_cpu/u_core/u_backend/u_execute/mem_req_uop_q_reg[0][rob_idx][4]/C","student_top_inst/Core_cpu/u_core/u_backend/complete_rob_idx_reg[2][4]/D","clk_out2_pll","clk_out2_pll"
"74","0.095","0.000","0.363","1","","student_top_inst/Core_cpu/u_core/u_backend/u_execute/mem_req_uop_q_reg[0][rob_idx][4]/C","student_top_inst/Core_cpu/u_core/u_backend/complete_rob_idx_reg[2][4]/D","clk_out2_pll","clk_out2_pll"
"75","0.096","0.000","0.327","0","","student_top_inst/Core_cpu/u_core/u_backend/u_execute/mem_req_uop_q_reg[0][rob_idx][4]/C","student_top_inst/Core_cpu/u_core/u_backend/u_execute/load_meta_uop_q_reg[1][rob_idx][4]/D","clk_out2_pll","clk_out2_pll"
"76","0.096","0.000","0.327","0","","student_top_inst/Core_cpu/u_core/u_backend/u_execute/mem_req_uop_q_reg[0][rob_idx][4]/C","student_top_inst/Core_cpu/u_core/u_backend/u_execute/load_meta_uop_q_reg[1][rob_idx][4]/D","clk_out2_pll","clk_out2_pll"
"77","0.096","0.000","0.203","0","","student_top_inst/Core_cpu/u_dcache/req_tag_q_reg[2]/C","student_top_inst/Core_cpu/u_dcache/tag_way0_q_reg_64_127_0_2/RAMC/I","clk_out2_pll","clk_out2_pll"
"78","0.096","0.000","0.203","0","","student_top_inst/Core_cpu/u_dcache/req_tag_q_reg[2]/C","student_top_inst/Core_cpu/u_dcache/tag_way0_q_reg_64_127_0_2/RAMC/I","clk_out2_pll","clk_out2_pll"
"79","0.097","0.000","0.206","0","","student_top_inst/Core_cpu/u_dcache/req_tag_q_reg[7]/C","student_top_inst/Core_cpu/u_dcache/tag_way0_q_reg_0_63_6_8/RAMB/I","clk_out2_pll","clk_out2_pll"
"80","0.097","0.000","0.206","0","","student_top_inst/Core_cpu/u_dcache/req_tag_q_reg[7]/C","student_top_inst/Core_cpu/u_dcache/tag_way0_q_reg_0_63_6_8/RAMB/I","clk_out2_pll","clk_out2_pll"
"81","0.098","0.000","0.258","0","","student_top_inst/Core_cpu/u_core/u_bpu/update_pc_q_reg[12]/C","student_top_inst/Core_cpu/u_core/u_bpu/btb_tag_q_reg_r1_64_127_0_2/RAMC/I","clk_out2_pll","clk_out2_pll"
"82","0.098","0.000","0.258","0","","student_top_inst/Core_cpu/u_core/u_bpu/update_pc_q_reg[12]/C","student_top_inst/Core_cpu/u_core/u_bpu/btb_tag_q_reg_r1_64_127_0_2/RAMC/I","clk_out2_pll","clk_out2_pll"
"83","0.099","0.000","0.259","0","","student_top_inst/Core_cpu/u_dcache/req_tag_q_reg[3]/C","student_top_inst/Core_cpu/u_dcache/tag_way0_q_reg_64_127_3_5/RAMA/I","clk_out2_pll","clk_out2_pll"
"84","0.099","0.000","0.259","0","","student_top_inst/Core_cpu/u_dcache/req_tag_q_reg[3]/C","student_top_inst/Core_cpu/u_dcache/tag_way0_q_reg_64_127_3_5/RAMA/I","clk_out2_pll","clk_out2_pll"
"85","0.100","0.000","0.260","0","","student_top_inst/Core_cpu/u_core/u_bpu/update_pc_q_reg[28]/C","student_top_inst/Core_cpu/u_core/u_bpu/btb_tag_q_reg_r2_0_63_18_20/RAMA/I","clk_out2_pll","clk_out2_pll"
"86","0.100","0.000","0.260","0","","student_top_inst/Core_cpu/u_core/u_bpu/update_pc_q_reg[28]/C","student_top_inst/Core_cpu/u_core/u_bpu/btb_tag_q_reg_r2_0_63_18_20/RAMA/I","clk_out2_pll","clk_out2_pll"
"87","0.100","0.000","0.259","0","","student_top_inst/Core_cpu/u_core/u_bpu/update_pc_q_reg[28]/C","student_top_inst/Core_cpu/u_core/u_bpu/btb_tag_q_reg_r2_128_191_18_20/RAMA/I","clk_out2_pll","clk_out2_pll"
"88","0.100","0.000","0.259","0","","student_top_inst/Core_cpu/u_core/u_bpu/update_pc_q_reg[28]/C","student_top_inst/Core_cpu/u_core/u_bpu/btb_tag_q_reg_r2_128_191_18_20/RAMA/I","clk_out2_pll","clk_out2_pll"
"89","0.100","0.000","0.310","1","","student_top_inst/Core_cpu/u_core/u_backend/u_execute/mem_probe_uop_q_reg[uop][imm_s][29]/C","student_top_inst/Core_cpu/u_core/u_backend/u_execute/mem_req_uop_q_reg[0][uop][imm_s][29]/D","clk_out2_pll","clk_out2_pll"
"90","0.100","0.000","0.310","1","","student_top_inst/Core_cpu/u_core/u_backend/u_execute/mem_probe_uop_q_reg[uop][imm_s][29]/C","student_top_inst/Core_cpu/u_core/u_backend/u_execute/mem_req_uop_q_reg[0][uop][imm_s][29]/D","clk_out2_pll","clk_out2_pll"
"91","0.101","0.000","0.333","0","","student_top_inst/Core_cpu/u_core/u_bpu/ras_count_q_reg[2]/C","student_top_inst/Core_cpu/u_core/u_bpu/ras_q_reg_0_7_6_11/RAMA/WADR2","clk_out2_pll","clk_out2_pll"
"92","0.101","0.000","0.333","0","","student_top_inst/Core_cpu/u_core/u_bpu/ras_count_q_reg[2]/C","student_top_inst/Core_cpu/u_core/u_bpu/ras_q_reg_0_7_6_11/RAMA/WADR2","clk_out2_pll","clk_out2_pll"
"93","0.101","0.000","0.333","0","","student_top_inst/Core_cpu/u_core/u_bpu/ras_count_q_reg[2]/C","student_top_inst/Core_cpu/u_core/u_bpu/ras_q_reg_0_7_6_11/RAMA_D1/WADR2","clk_out2_pll","clk_out2_pll"
"94","0.101","0.000","0.333","0","","student_top_inst/Core_cpu/u_core/u_bpu/ras_count_q_reg[2]/C","student_top_inst/Core_cpu/u_core/u_bpu/ras_q_reg_0_7_6_11/RAMA_D1/WADR2","clk_out2_pll","clk_out2_pll"
"95","0.101","0.000","0.333","0","","student_top_inst/Core_cpu/u_core/u_bpu/ras_count_q_reg[2]/C","student_top_inst/Core_cpu/u_core/u_bpu/ras_q_reg_0_7_6_11/RAMB/WADR2","clk_out2_pll","clk_out2_pll"
"96","0.101","0.000","0.333","0","","student_top_inst/Core_cpu/u_core/u_bpu/ras_count_q_reg[2]/C","student_top_inst/Core_cpu/u_core/u_bpu/ras_q_reg_0_7_6_11/RAMB/WADR2","clk_out2_pll","clk_out2_pll"
"97","0.101","0.000","0.333","0","","student_top_inst/Core_cpu/u_core/u_bpu/ras_count_q_reg[2]/C","student_top_inst/Core_cpu/u_core/u_bpu/ras_q_reg_0_7_6_11/RAMB_D1/WADR2","clk_out2_pll","clk_out2_pll"
"98","0.101","0.000","0.333","0","","student_top_inst/Core_cpu/u_core/u_bpu/ras_count_q_reg[2]/C","student_top_inst/Core_cpu/u_core/u_bpu/ras_q_reg_0_7_6_11/RAMB_D1/WADR2","clk_out2_pll","clk_out2_pll"
"99","0.101","0.000","0.333","0","","student_top_inst/Core_cpu/u_core/u_bpu/ras_count_q_reg[2]/C","student_top_inst/Core_cpu/u_core/u_bpu/ras_q_reg_0_7_6_11/RAMC/WADR2","clk_out2_pll","clk_out2_pll"
"100","0.101","0.000","0.333","0","","student_top_inst/Core_cpu/u_core/u_bpu/ras_count_q_reg[2]/C","student_top_inst/Core_cpu/u_core/u_bpu/ras_q_reg_0_7_6_11/RAMC/WADR2","clk_out2_pll","clk_out2_pll"
"101","0.101","0.000","0.333","0","","student_top_inst/Core_cpu/u_core/u_bpu/ras_count_q_reg[2]/C","student_top_inst/Core_cpu/u_core/u_bpu/ras_q_reg_0_7_6_11/RAMC_D1/WADR2","clk_out2_pll","clk_out2_pll"
"102","0.101","0.000","0.333","0","","student_top_inst/Core_cpu/u_core/u_bpu/ras_count_q_reg[2]/C","student_top_inst/Core_cpu/u_core/u_bpu/ras_q_reg_0_7_6_11/RAMC_D1/WADR2","clk_out2_pll","clk_out2_pll"
"103","0.101","0.000","0.333","0","","student_top_inst/Core_cpu/u_core/u_bpu/ras_count_q_reg[2]/C","student_top_inst/Core_cpu/u_core/u_bpu/ras_q_reg_0_7_6_11/RAMD/ADR2","clk_out2_pll","clk_out2_pll"
"104","0.101","0.000","0.333","0","","student_top_inst/Core_cpu/u_core/u_bpu/ras_count_q_reg[2]/C","student_top_inst/Core_cpu/u_core/u_bpu/ras_q_reg_0_7_6_11/RAMD/ADR2","clk_out2_pll","clk_out2_pll"
"105","0.101","0.000","0.333","0","","student_top_inst/Core_cpu/u_core/u_bpu/ras_count_q_reg[2]/C","student_top_inst/Core_cpu/u_core/u_bpu/ras_q_reg_0_7_6_11/RAMD_D1/ADR2","clk_out2_pll","clk_out2_pll"
"106","0.101","0.000","0.333","0","","student_top_inst/Core_cpu/u_core/u_bpu/ras_count_q_reg[2]/C","student_top_inst/Core_cpu/u_core/u_bpu/ras_q_reg_0_7_6_11/RAMD_D1/ADR2","clk_out2_pll","clk_out2_pll"
"107","0.102","0.000","0.272","0","","student_top_inst/Core_cpu/u_core/u_bpu/update_pc_q_reg[7]_rep/C","student_top_inst/Core_cpu/u_core/u_bpu/btb_uncond_q_reg_r2_0_127_0_0/DP.HIGH/WADR5","clk_out2_pll","clk_out2_pll"
"108","0.102","0.000","0.272","0","","student_top_inst/Core_cpu/u_core/u_bpu/update_pc_q_reg[7]_rep/C","student_top_inst/Core_cpu/u_core/u_bpu/btb_uncond_q_reg_r2_0_127_0_0/DP.HIGH/WADR5","clk_out2_pll","clk_out2_pll"
"109","0.102","0.000","0.272","0","","student_top_inst/Core_cpu/u_core/u_bpu/update_pc_q_reg[7]_rep/C","student_top_inst/Core_cpu/u_core/u_bpu/btb_uncond_q_reg_r2_0_127_0_0/DP.LOW/WADR5","clk_out2_pll","clk_out2_pll"
"110","0.102","0.000","0.272","0","","student_top_inst/Core_cpu/u_core/u_bpu/update_pc_q_reg[7]_rep/C","student_top_inst/Core_cpu/u_core/u_bpu/btb_uncond_q_reg_r2_0_127_0_0/DP.LOW/WADR5","clk_out2_pll","clk_out2_pll"
"111","0.102","0.000","0.272","0","","student_top_inst/Core_cpu/u_core/u_bpu/update_pc_q_reg[7]_rep/C","student_top_inst/Core_cpu/u_core/u_bpu/btb_uncond_q_reg_r2_0_127_0_0/SP.HIGH/WADR5","clk_out2_pll","clk_out2_pll"
"112","0.102","0.000","0.272","0","","student_top_inst/Core_cpu/u_core/u_bpu/update_pc_q_reg[7]_rep/C","student_top_inst/Core_cpu/u_core/u_bpu/btb_uncond_q_reg_r2_0_127_0_0/SP.HIGH/WADR5","clk_out2_pll","clk_out2_pll"
"113","0.102","0.000","0.272","0","","student_top_inst/Core_cpu/u_core/u_bpu/update_pc_q_reg[7]_rep/C","student_top_inst/Core_cpu/u_core/u_bpu/btb_uncond_q_reg_r2_0_127_0_0/SP.LOW/WADR5","clk_out2_pll","clk_out2_pll"
"114","0.102","0.000","0.272","0","","student_top_inst/Core_cpu/u_core/u_bpu/update_pc_q_reg[7]_rep/C","student_top_inst/Core_cpu/u_core/u_bpu/btb_uncond_q_reg_r2_0_127_0_0/SP.LOW/WADR5","clk_out2_pll","clk_out2_pll"
"115","0.103","0.000","0.312","1","","student_top_inst/Core_cpu/u_core/u_backend/u_execute/mem_probe_uop_q_reg[uop][imm_s][0]/C","student_top_inst/Core_cpu/u_core/u_backend/u_execute/mem_req_uop_q_reg[0][uop][imm_s][0]/D","clk_out2_pll","clk_out2_pll"
"116","0.103","0.000","0.312","1","","student_top_inst/Core_cpu/u_core/u_backend/u_execute/mem_probe_uop_q_reg[uop][imm_s][0]/C","student_top_inst/Core_cpu/u_core/u_backend/u_execute/mem_req_uop_q_reg[0][uop][imm_s][0]/D","clk_out2_pll","clk_out2_pll"
"117","0.104","0.000","0.263","0","","student_top_inst/Core_cpu/u_core/u_bpu/update_pc_q_reg[12]/C","student_top_inst/Core_cpu/u_core/u_bpu/btb_tag_q_reg_r1_128_191_0_2/RAMC/I","clk_out2_pll","clk_out2_pll"
"118","0.104","0.000","0.263","0","","student_top_inst/Core_cpu/u_core/u_bpu/update_pc_q_reg[12]/C","student_top_inst/Core_cpu/u_core/u_bpu/btb_tag_q_reg_r1_128_191_0_2/RAMC/I","clk_out2_pll","clk_out2_pll"
"119","0.105","0.000","0.360","0","","student_top_inst/Core_cpu/u_dcache/req_tag_q_reg[11]/C","student_top_inst/Core_cpu/u_dcache/tag_way0_q_reg_0_63_9_11/RAMC/I","clk_out2_pll","clk_out2_pll"
"120","0.105","0.000","0.360","0","","student_top_inst/Core_cpu/u_dcache/req_tag_q_reg[11]/C","student_top_inst/Core_cpu/u_dcache/tag_way0_q_reg_0_63_9_11/RAMC/I","clk_out2_pll","clk_out2_pll"
"121","0.105","0.000","0.268","0","","student_top_inst/Core_cpu/u_core/u_bpu/update_pc_q_reg[29]/C","student_top_inst/Core_cpu/u_core/u_bpu/btb_tag_q_reg_r2_0_63_18_20/RAMB/I","clk_out2_pll","clk_out2_pll"
"122","0.105","0.000","0.268","0","","student_top_inst/Core_cpu/u_core/u_bpu/update_pc_q_reg[29]/C","student_top_inst/Core_cpu/u_core/u_bpu/btb_tag_q_reg_r2_0_63_18_20/RAMB/I","clk_out2_pll","clk_out2_pll"
"123","0.106","0.000","0.155","0","","virtual_seg_50_d1_reg[16]/C","virtual_seg_50_d2_reg[16]/D","clk_out1_pll","clk_out1_pll"
"124","0.106","0.000","0.155","0","","virtual_seg_50_d1_reg[16]/C","virtual_seg_50_d2_reg[16]/D","clk_out1_pll","clk_out1_pll"
"125","0.106","0.000","0.155","0","","virtual_seg_50_d1_reg[28]/C","virtual_seg_50_d2_reg[28]/D","clk_out1_pll","clk_out1_pll"
"126","0.106","0.000","0.155","0","","virtual_seg_50_d1_reg[28]/C","virtual_seg_50_d2_reg[28]/D","clk_out1_pll","clk_out1_pll"
"127","0.106","0.000","0.155","0","","student_top_inst/Core_cpu/u_core/u_backend/u_execute/u_muldiv/u_div/U0/i_synth/i_nonzero_fract.i_synth/i_algo_r2_or_lutmult.i_nonzero_fract.i_sdivider/i_sdivider.divider_blk/div_loop[29].quot_gen.quot_reg.i_div1.quot_out/opt_has_pipe.first_q_reg[4]/C","student_top_inst/Core_cpu/u_core/u_backend/u_execute/u_muldiv/u_div/U0/i_synth/i_nonzero_fract.i_synth/i_algo_r2_or_lutmult.i_nonzero_fract.i_sdivider/i_sdivider.divider_blk/div_loop[30].quot_gen.quot_reg.i_div1.quot_out/opt_has_pipe.first_q_reg[5]/D","clk_out2_pll","clk_out2_pll"
"128","0.106","0.000","0.155","0","","student_top_inst/Core_cpu/u_core/u_backend/u_execute/u_muldiv/u_div/U0/i_synth/i_nonzero_fract.i_synth/i_algo_r2_or_lutmult.i_nonzero_fract.i_sdivider/i_sdivider.divider_blk/div_loop[29].quot_gen.quot_reg.i_div1.quot_out/opt_has_pipe.first_q_reg[4]/C","student_top_inst/Core_cpu/u_core/u_backend/u_execute/u_muldiv/u_div/U0/i_synth/i_nonzero_fract.i_synth/i_algo_r2_or_lutmult.i_nonzero_fract.i_sdivider/i_sdivider.divider_blk/div_loop[30].quot_gen.quot_reg.i_div1.quot_out/opt_has_pipe.first_q_reg[5]/D","clk_out2_pll","clk_out2_pll"
"129","0.106","0.000","0.155","0","","student_top_inst/mem_bridge/seg_wdata_cnt_d1_reg[8]/C","student_top_inst/mem_bridge/seg_wdata_cnt_d2_reg[8]/D","clk_out1_pll","clk_out1_pll"
"130","0.106","0.000","0.155","0","","student_top_inst/mem_bridge/seg_wdata_cnt_d1_reg[8]/C","student_top_inst/mem_bridge/seg_wdata_cnt_d2_reg[8]/D","clk_out1_pll","clk_out1_pll"
"131","0.106","0.000","0.155","0","","student_top_inst/virtual_sw_cpu_d1_reg[5]/C","student_top_inst/virtual_sw_cpu_d2_reg[5]/D","clk_out2_pll","clk_out2_pll"
"132","0.106","0.000","0.155","0","","student_top_inst/virtual_sw_cpu_d1_reg[5]/C","student_top_inst/virtual_sw_cpu_d2_reg[5]/D","clk_out2_pll","clk_out2_pll"
"133","0.106","0.000","0.155","0","","virtual_seg_50_d1_reg[35]/C","virtual_seg_50_d2_reg[35]/D","clk_out1_pll","clk_out1_pll"
"134","0.106","0.000","0.155","0","","virtual_seg_50_d1_reg[35]/C","virtual_seg_50_d2_reg[35]/D","clk_out1_pll","clk_out1_pll"
"135","0.106","0.000","0.155","0","","virtual_seg_50_d1_reg[36]/C","virtual_seg_50_d2_reg[36]/D","clk_out1_pll","clk_out1_pll"
"136","0.106","0.000","0.155","0","","virtual_seg_50_d1_reg[36]/C","virtual_seg_50_d2_reg[36]/D","clk_out1_pll","clk_out1_pll"
"137","0.106","0.000","0.155","0","","virtual_seg_50_d1_reg[37]/C","virtual_seg_50_d2_reg[37]/D","clk_out1_pll","clk_out1_pll"
"138","0.106","0.000","0.155","0","","virtual_seg_50_d1_reg[37]/C","virtual_seg_50_d2_reg[37]/D","clk_out1_pll","clk_out1_pll"
"139","0.106","0.000","0.155","0","","virtual_seg_50_d1_reg[38]/C","virtual_seg_50_d2_reg[38]/D","clk_out1_pll","clk_out1_pll"
"140","0.106","0.000","0.155","0","","virtual_seg_50_d1_reg[38]/C","virtual_seg_50_d2_reg[38]/D","clk_out1_pll","clk_out1_pll"
"141","0.106","0.000","0.155","0","","virtual_seg_50_d1_reg[3]/C","virtual_seg_50_d2_reg[3]/D","clk_out1_pll","clk_out1_pll"
"142","0.106","0.000","0.155","0","","virtual_seg_50_d1_reg[3]/C","virtual_seg_50_d2_reg[3]/D","clk_out1_pll","clk_out1_pll"
"143","0.107","0.000","0.249","0","","student_top_inst/Core_cpu/u_core/u_bpu/update_target_q_reg[17]/C","student_top_inst/Core_cpu/u_core/u_bpu/btb_target_q_reg_r1_128_191_15_17/RAMC/I","clk_out2_pll","clk_out2_pll"
"144","0.107","0.000","0.249","0","","student_top_inst/Core_cpu/u_core/u_bpu/update_target_q_reg[17]/C","student_top_inst/Core_cpu/u_core/u_bpu/btb_target_q_reg_r1_128_191_15_17/RAMC/I","clk_out2_pll","clk_out2_pll"
"145","0.107","0.000","0.265","0","","student_top_inst/Core_cpu/u_core/u_bpu/update_pc_q_reg[30]/C","student_top_inst/Core_cpu/u_core/u_bpu/btb_tag_q_reg_r2_64_127_18_20/RAMC/I","clk_out2_pll","clk_out2_pll"
"146","0.107","0.000","0.265","0","","student_top_inst/Core_cpu/u_core/u_bpu/update_pc_q_reg[30]/C","student_top_inst/Core_cpu/u_core/u_bpu/btb_tag_q_reg_r2_64_127_18_20/RAMC/I","clk_out2_pll","clk_out2_pll"
"147","0.107","0.000","0.379","0","","student_top_inst/Core_cpu/u_core/u_bpu/update_taken_q_reg_rep__4/C","student_top_inst/Core_cpu/u_core/u_bpu/local_hist_q_reg[131][0]/D","clk_out2_pll","clk_out2_pll"
"148","0.107","0.000","0.379","0","","student_top_inst/Core_cpu/u_core/u_bpu/update_taken_q_reg_rep__4/C","student_top_inst/Core_cpu/u_core/u_bpu/local_hist_q_reg[131][0]/D","clk_out2_pll","clk_out2_pll"
"149","0.108","0.000","0.155","0","","rst_50m_meta_reg/C","rst_50m_sync_reg/D","clk_out1_pll","clk_out1_pll"
"150","0.108","0.000","0.155","0","","rst_50m_meta_reg/C","rst_50m_sync_reg/D","clk_out1_pll","clk_out1_pll"
"151","0.108","0.000","0.155","0","","student_top_inst/mem_bridge/counter_inst/cnt_enable_cnt_d1_reg/C","student_top_inst/mem_bridge/counter_inst/cnt_enable_cnt_d2_reg/D","clk_out1_pll","clk_out1_pll"
"152","0.108","0.000","0.155","0","","student_top_inst/mem_bridge/counter_inst/cnt_enable_cnt_d1_reg/C","student_top_inst/mem_bridge/counter_inst/cnt_enable_cnt_d2_reg/D","clk_out1_pll","clk_out1_pll"
"153","0.108","0.000","0.155","0","","student_top_inst/mem_bridge/counter_inst/cnt_gray_cpu_d1_reg[16]/C","student_top_inst/mem_bridge/counter_inst/cnt_gray_cpu_d2_reg[16]/D","clk_out2_pll","clk_out2_pll"
"154","0.108","0.000","0.155","0","","student_top_inst/mem_bridge/counter_inst/cnt_gray_cpu_d1_reg[16]/C","student_top_inst/mem_bridge/counter_inst/cnt_gray_cpu_d2_reg[16]/D","clk_out2_pll","clk_out2_pll"
"155","0.108","0.000","0.155","0","","student_top_inst/mem_bridge/counter_inst/cnt_gray_cpu_d1_reg[18]/C","student_top_inst/mem_bridge/counter_inst/cnt_gray_cpu_d2_reg[18]/D","clk_out2_pll","clk_out2_pll"
"156","0.108","0.000","0.155","0","","student_top_inst/mem_bridge/counter_inst/cnt_gray_cpu_d1_reg[18]/C","student_top_inst/mem_bridge/counter_inst/cnt_gray_cpu_d2_reg[18]/D","clk_out2_pll","clk_out2_pll"
"157","0.108","0.000","0.155","0","","student_top_inst/mem_bridge/seg_wdata_cnt_d1_reg[31]/C","student_top_inst/mem_bridge/seg_wdata_cnt_d2_reg[31]/D","clk_out1_pll","clk_out1_pll"
"158","0.108","0.000","0.155","0","","student_top_inst/mem_bridge/seg_wdata_cnt_d1_reg[31]/C","student_top_inst/mem_bridge/seg_wdata_cnt_d2_reg[31]/D","clk_out1_pll","clk_out1_pll"
"159","0.108","0.000","0.155","0","","student_top_inst/virtual_key_cpu_d1_reg[7]/C","student_top_inst/virtual_key_cpu_d2_reg[7]/D","clk_out2_pll","clk_out2_pll"
"160","0.108","0.000","0.155","0","","student_top_inst/virtual_key_cpu_d1_reg[7]/C","student_top_inst/virtual_key_cpu_d2_reg[7]/D","clk_out2_pll","clk_out2_pll"
"161","0.108","0.000","0.155","0","","student_top_inst/virtual_sw_cpu_d1_reg[1]/C","student_top_inst/virtual_sw_cpu_d2_reg[1]/D","clk_out2_pll","clk_out2_pll"
"162","0.108","0.000","0.155","0","","student_top_inst/virtual_sw_cpu_d1_reg[1]/C","student_top_inst/virtual_sw_cpu_d2_reg[1]/D","clk_out2_pll","clk_out2_pll"
"163","0.108","0.000","0.155","0","","student_top_inst/virtual_sw_cpu_d1_reg[21]/C","student_top_inst/virtual_sw_cpu_d2_reg[21]/D","clk_out2_pll","clk_out2_pll"
"164","0.108","0.000","0.155","0","","student_top_inst/virtual_sw_cpu_d1_reg[21]/C","student_top_inst/virtual_sw_cpu_d2_reg[21]/D","clk_out2_pll","clk_out2_pll"
"165","0.108","0.000","0.155","0","","student_top_inst/virtual_sw_cpu_d1_reg[22]/C","student_top_inst/virtual_sw_cpu_d2_reg[22]/D","clk_out2_pll","clk_out2_pll"
"166","0.108","0.000","0.155","0","","student_top_inst/virtual_sw_cpu_d1_reg[22]/C","student_top_inst/virtual_sw_cpu_d2_reg[22]/D","clk_out2_pll","clk_out2_pll"
"167","0.108","0.000","0.155","0","","student_top_inst/virtual_sw_cpu_d1_reg[39]/C","student_top_inst/virtual_sw_cpu_d2_reg[39]/D","clk_out2_pll","clk_out2_pll"
"168","0.108","0.000","0.155","0","","student_top_inst/virtual_sw_cpu_d1_reg[39]/C","student_top_inst/virtual_sw_cpu_d2_reg[39]/D","clk_out2_pll","clk_out2_pll"
"169","0.108","0.000","0.155","0","","student_top_inst/virtual_sw_cpu_d1_reg[54]/C","student_top_inst/virtual_sw_cpu_d2_reg[54]/D","clk_out2_pll","clk_out2_pll"
"170","0.108","0.000","0.155","0","","student_top_inst/virtual_sw_cpu_d1_reg[54]/C","student_top_inst/virtual_sw_cpu_d2_reg[54]/D","clk_out2_pll","clk_out2_pll"
"171","0.108","0.000","0.155","0","","virtual_led_50_d1_reg[10]/C","virtual_led_50_d2_reg[10]/D","clk_out1_pll","clk_out1_pll"
"172","0.108","0.000","0.155","0","","virtual_led_50_d1_reg[10]/C","virtual_led_50_d2_reg[10]/D","clk_out1_pll","clk_out1_pll"
"173","0.108","0.000","0.155","0","","virtual_led_50_d1_reg[14]/C","virtual_led_50_d2_reg[14]/D","clk_out1_pll","clk_out1_pll"
"174","0.108","0.000","0.155","0","","virtual_led_50_d1_reg[14]/C","virtual_led_50_d2_reg[14]/D","clk_out1_pll","clk_out1_pll"
"175","0.108","0.000","0.155","0","","virtual_led_50_d1_reg[19]/C","virtual_led_50_d2_reg[19]/D","clk_out1_pll","clk_out1_pll"
"176","0.108","0.000","0.155","0","","virtual_led_50_d1_reg[19]/C","virtual_led_50_d2_reg[19]/D","clk_out1_pll","clk_out1_pll"
"177","0.108","0.000","0.155","0","","virtual_led_50_d1_reg[25]/C","virtual_led_50_d2_reg[25]/D","clk_out1_pll","clk_out1_pll"
"178","0.108","0.000","0.155","0","","virtual_led_50_d1_reg[25]/C","virtual_led_50_d2_reg[25]/D","clk_out1_pll","clk_out1_pll"
"179","0.108","0.000","0.155","0","","virtual_led_50_d1_reg[29]/C","virtual_led_50_d2_reg[29]/D","clk_out1_pll","clk_out1_pll"
"180","0.108","0.000","0.155","0","","virtual_led_50_d1_reg[29]/C","virtual_led_50_d2_reg[29]/D","clk_out1_pll","clk_out1_pll"
"181","0.108","0.000","0.155","0","","virtual_led_50_d1_reg[3]/C","virtual_led_50_d2_reg[3]/D","clk_out1_pll","clk_out1_pll"
"182","0.108","0.000","0.155","0","","virtual_led_50_d1_reg[3]/C","virtual_led_50_d2_reg[3]/D","clk_out1_pll","clk_out1_pll"
"183","0.108","0.000","0.155","0","","virtual_seg_50_d1_reg[14]/C","virtual_seg_50_d2_reg[14]/D","clk_out1_pll","clk_out1_pll"
"184","0.108","0.000","0.155","0","","virtual_seg_50_d1_reg[14]/C","virtual_seg_50_d2_reg[14]/D","clk_out1_pll","clk_out1_pll"
"185","0.108","0.000","0.155","0","","virtual_seg_50_d1_reg[25]/C","virtual_seg_50_d2_reg[25]/D","clk_out1_pll","clk_out1_pll"
"186","0.108","0.000","0.155","0","","virtual_seg_50_d1_reg[25]/C","virtual_seg_50_d2_reg[25]/D","clk_out1_pll","clk_out1_pll"
"187","0.108","0.000","0.155","0","","student_top_inst/Core_cpu/u_core/u_backend/u_execute/u_muldiv/u_div/U0/i_synth/i_nonzero_fract.i_synth/i_algo_r2_or_lutmult.i_nonzero_fract.i_sdivider/i_sdivider.divider_blk/div_loop[29].quot_gen.quot_reg.i_div1.quot_out/opt_has_pipe.first_q_reg[6]/C","student_top_inst/Core_cpu/u_core/u_backend/u_execute/u_muldiv/u_div/U0/i_synth/i_nonzero_fract.i_synth/i_algo_r2_or_lutmult.i_nonzero_fract.i_sdivider/i_sdivider.divider_blk/div_loop[30].quot_gen.quot_reg.i_div1.quot_out/opt_has_pipe.first_q_reg[7]/D","clk_out2_pll","clk_out2_pll"
"188","0.108","0.000","0.155","0","","student_top_inst/Core_cpu/u_core/u_backend/u_execute/u_muldiv/u_div/U0/i_synth/i_nonzero_fract.i_synth/i_algo_r2_or_lutmult.i_nonzero_fract.i_sdivider/i_sdivider.divider_blk/div_loop[29].quot_gen.quot_reg.i_div1.quot_out/opt_has_pipe.first_q_reg[6]/C","student_top_inst/Core_cpu/u_core/u_backend/u_execute/u_muldiv/u_div/U0/i_synth/i_nonzero_fract.i_synth/i_algo_r2_or_lutmult.i_nonzero_fract.i_sdivider/i_sdivider.divider_blk/div_loop[30].quot_gen.quot_reg.i_div1.quot_out/opt_has_pipe.first_q_reg[7]/D","clk_out2_pll","clk_out2_pll"
"189","0.108","0.000","0.155","0","","student_top_inst/mem_bridge/counter_inst/cnt_gray_cpu_d1_reg[26]/C","student_top_inst/mem_bridge/counter_inst/cnt_gray_cpu_d2_reg[26]/D","clk_out2_pll","clk_out2_pll"
"190","0.108","0.000","0.155","0","","student_top_inst/mem_bridge/counter_inst/cnt_gray_cpu_d1_reg[26]/C","student_top_inst/mem_bridge/counter_inst/cnt_gray_cpu_d2_reg[26]/D","clk_out2_pll","clk_out2_pll"
"191","0.108","0.000","0.155","0","","student_top_inst/mem_bridge/counter_inst/cnt_gray_cpu_d1_reg[27]/C","student_top_inst/mem_bridge/counter_inst/cnt_gray_cpu_d2_reg[27]/D","clk_out2_pll","clk_out2_pll"
"192","0.108","0.000","0.155","0","","student_top_inst/mem_bridge/counter_inst/cnt_gray_cpu_d1_reg[27]/C","student_top_inst/mem_bridge/counter_inst/cnt_gray_cpu_d2_reg[27]/D","clk_out2_pll","clk_out2_pll"
"193","0.108","0.000","0.155","0","","student_top_inst/mem_bridge/counter_inst/cnt_gray_cpu_d1_reg[28]/C","student_top_inst/mem_bridge/counter_inst/cnt_gray_cpu_d2_reg[28]/D","clk_out2_pll","clk_out2_pll"
"194","0.108","0.000","0.155","0","","student_top_inst/mem_bridge/counter_inst/cnt_gray_cpu_d1_reg[28]/C","student_top_inst/mem_bridge/counter_inst/cnt_gray_cpu_d2_reg[28]/D","clk_out2_pll","clk_out2_pll"
"195","0.108","0.000","0.155","0","","student_top_inst/mem_bridge/counter_inst/cnt_gray_cpu_d1_reg[29]/C","student_top_inst/mem_bridge/counter_inst/cnt_gray_cpu_d2_reg[29]/D","clk_out2_pll","clk_out2_pll"
"196","0.108","0.000","0.155","0","","student_top_inst/mem_bridge/counter_inst/cnt_gray_cpu_d1_reg[29]/C","student_top_inst/mem_bridge/counter_inst/cnt_gray_cpu_d2_reg[29]/D","clk_out2_pll","clk_out2_pll"
"197","0.108","0.000","0.155","0","","student_top_inst/mem_bridge/counter_inst/cnt_gray_cpu_d1_reg[30]/C","student_top_inst/mem_bridge/counter_inst/cnt_gray_cpu_d2_reg[30]/D","clk_out2_pll","clk_out2_pll"
"198","0.108","0.000","0.155","0","","student_top_inst/mem_bridge/counter_inst/cnt_gray_cpu_d1_reg[30]/C","student_top_inst/mem_bridge/counter_inst/cnt_gray_cpu_d2_reg[30]/D","clk_out2_pll","clk_out2_pll"
"199","0.108","0.000","0.155","0","","student_top_inst/mem_bridge/seg_wdata_cnt_d1_reg[0]/C","student_top_inst/mem_bridge/seg_wdata_cnt_d2_reg[0]/D","clk_out1_pll","clk_out1_pll"
"200","0.108","0.000","0.155","0","","student_top_inst/mem_bridge/seg_wdata_cnt_d1_reg[0]/C","student_top_inst/mem_bridge/seg_wdata_cnt_d2_reg[0]/D","clk_out1_pll","clk_out1_pll"
"201","0.108","0.000","0.155","0","","student_top_inst/mem_bridge/seg_wdata_cnt_d1_reg[10]/C","student_top_inst/mem_bridge/seg_wdata_cnt_d2_reg[10]/D","clk_out1_pll","clk_out1_pll"
"202","0.108","0.000","0.155","0","","student_top_inst/mem_bridge/seg_wdata_cnt_d1_reg[10]/C","student_top_inst/mem_bridge/seg_wdata_cnt_d2_reg[10]/D","clk_out1_pll","clk_out1_pll"
"203","0.108","0.000","0.155","0","","student_top_inst/mem_bridge/seg_wdata_cnt_d1_reg[11]/C","student_top_inst/mem_bridge/seg_wdata_cnt_d2_reg[11]/D","clk_out1_pll","clk_out1_pll"
"204","0.108","0.000","0.155","0","","student_top_inst/mem_bridge/seg_wdata_cnt_d1_reg[11]/C","student_top_inst/mem_bridge/seg_wdata_cnt_d2_reg[11]/D","clk_out1_pll","clk_out1_pll"
"205","0.108","0.000","0.155","0","","student_top_inst/mem_bridge/seg_wdata_cnt_d1_reg[28]/C","student_top_inst/mem_bridge/seg_wdata_cnt_d2_reg[28]/D","clk_out1_pll","clk_out1_pll"
"206","0.108","0.000","0.155","0","","student_top_inst/mem_bridge/seg_wdata_cnt_d1_reg[28]/C","student_top_inst/mem_bridge/seg_wdata_cnt_d2_reg[28]/D","clk_out1_pll","clk_out1_pll"
"207","0.108","0.000","0.155","0","","student_top_inst/mem_bridge/seg_wdata_cnt_d1_reg[5]/C","student_top_inst/mem_bridge/seg_wdata_cnt_d2_reg[5]/D","clk_out1_pll","clk_out1_pll"
"208","0.108","0.000","0.155","0","","student_top_inst/mem_bridge/seg_wdata_cnt_d1_reg[5]/C","student_top_inst/mem_bridge/seg_wdata_cnt_d2_reg[5]/D","clk_out1_pll","clk_out1_pll"
"209","0.108","0.000","0.155","0","","student_top_inst/virtual_sw_cpu_d1_reg[10]/C","student_top_inst/virtual_sw_cpu_d2_reg[10]/D","clk_out2_pll","clk_out2_pll"
"210","0.108","0.000","0.155","0","","student_top_inst/virtual_sw_cpu_d1_reg[10]/C","student_top_inst/virtual_sw_cpu_d2_reg[10]/D","clk_out2_pll","clk_out2_pll"
"211","0.108","0.000","0.155","0","","student_top_inst/virtual_sw_cpu_d1_reg[14]/C","student_top_inst/virtual_sw_cpu_d2_reg[14]/D","clk_out2_pll","clk_out2_pll"
"212","0.108","0.000","0.155","0","","student_top_inst/virtual_sw_cpu_d1_reg[14]/C","student_top_inst/virtual_sw_cpu_d2_reg[14]/D","clk_out2_pll","clk_out2_pll"
"213","0.108","0.000","0.155","0","","student_top_inst/virtual_sw_cpu_d1_reg[26]/C","student_top_inst/virtual_sw_cpu_d2_reg[26]/D","clk_out2_pll","clk_out2_pll"
"214","0.108","0.000","0.155","0","","student_top_inst/virtual_sw_cpu_d1_reg[26]/C","student_top_inst/virtual_sw_cpu_d2_reg[26]/D","clk_out2_pll","clk_out2_pll"
"215","0.108","0.000","0.155","0","","student_top_inst/virtual_sw_cpu_d1_reg[30]/C","student_top_inst/virtual_sw_cpu_d2_reg[30]/D","clk_out2_pll","clk_out2_pll"
"216","0.108","0.000","0.155","0","","student_top_inst/virtual_sw_cpu_d1_reg[30]/C","student_top_inst/virtual_sw_cpu_d2_reg[30]/D","clk_out2_pll","clk_out2_pll"
"217","0.108","0.000","0.155","0","","student_top_inst/virtual_sw_cpu_d1_reg[40]/C","student_top_inst/virtual_sw_cpu_d2_reg[40]/D","clk_out2_pll","clk_out2_pll"
"218","0.108","0.000","0.155","0","","student_top_inst/virtual_sw_cpu_d1_reg[40]/C","student_top_inst/virtual_sw_cpu_d2_reg[40]/D","clk_out2_pll","clk_out2_pll"
"219","0.108","0.000","0.155","0","","student_top_inst/virtual_sw_cpu_d1_reg[44]/C","student_top_inst/virtual_sw_cpu_d2_reg[44]/D","clk_out2_pll","clk_out2_pll"
"220","0.108","0.000","0.155","0","","student_top_inst/virtual_sw_cpu_d1_reg[44]/C","student_top_inst/virtual_sw_cpu_d2_reg[44]/D","clk_out2_pll","clk_out2_pll"
"221","0.108","0.000","0.155","0","","student_top_inst/virtual_sw_cpu_d1_reg[57]/C","student_top_inst/virtual_sw_cpu_d2_reg[57]/D","clk_out2_pll","clk_out2_pll"
"222","0.108","0.000","0.155","0","","student_top_inst/virtual_sw_cpu_d1_reg[57]/C","student_top_inst/virtual_sw_cpu_d2_reg[57]/D","clk_out2_pll","clk_out2_pll"
"223","0.108","0.000","0.155","0","","student_top_inst/virtual_sw_cpu_d1_reg[60]/C","student_top_inst/virtual_sw_cpu_d2_reg[60]/D","clk_out2_pll","clk_out2_pll"
"224","0.108","0.000","0.155","0","","student_top_inst/virtual_sw_cpu_d1_reg[60]/C","student_top_inst/virtual_sw_cpu_d2_reg[60]/D","clk_out2_pll","clk_out2_pll"
"225","0.108","0.000","0.155","0","","student_top_inst/virtual_sw_cpu_d1_reg[62]/C","student_top_inst/virtual_sw_cpu_d2_reg[62]/D","clk_out2_pll","clk_out2_pll"
"226","0.108","0.000","0.155","0","","student_top_inst/virtual_sw_cpu_d1_reg[62]/C","student_top_inst/virtual_sw_cpu_d2_reg[62]/D","clk_out2_pll","clk_out2_pll"
"227","0.108","0.000","0.155","0","","student_top_inst/virtual_sw_cpu_d1_reg[8]/C","student_top_inst/virtual_sw_cpu_d2_reg[8]/D","clk_out2_pll","clk_out2_pll"
"228","0.108","0.000","0.155","0","","student_top_inst/virtual_sw_cpu_d1_reg[8]/C","student_top_inst/virtual_sw_cpu_d2_reg[8]/D","clk_out2_pll","clk_out2_pll"
"229","0.108","0.000","0.155","0","","virtual_led_50_d1_reg[15]/C","virtual_led_50_d2_reg[15]/D","clk_out1_pll","clk_out1_pll"
"230","0.108","0.000","0.155","0","","virtual_led_50_d1_reg[15]/C","virtual_led_50_d2_reg[15]/D","clk_out1_pll","clk_out1_pll"
"231","0.108","0.000","0.155","0","","virtual_led_50_d1_reg[5]/C","virtual_led_50_d2_reg[5]/D","clk_out1_pll","clk_out1_pll"
"232","0.108","0.000","0.155","0","","virtual_led_50_d1_reg[5]/C","virtual_led_50_d2_reg[5]/D","clk_out1_pll","clk_out1_pll"
"233","0.108","0.000","0.155","0","","virtual_seg_50_d1_reg[17]/C","virtual_seg_50_d2_reg[17]/D","clk_out1_pll","clk_out1_pll"
"234","0.108","0.000","0.155","0","","virtual_seg_50_d1_reg[17]/C","virtual_seg_50_d2_reg[17]/D","clk_out1_pll","clk_out1_pll"
"235","0.108","0.000","0.155","0","","virtual_seg_50_d1_reg[27]/C","virtual_seg_50_d2_reg[27]/D","clk_out1_pll","clk_out1_pll"
"236","0.108","0.000","0.155","0","","virtual_seg_50_d1_reg[27]/C","virtual_seg_50_d2_reg[27]/D","clk_out1_pll","clk_out1_pll"
"237","0.108","0.000","0.155","0","","virtual_seg_50_d1_reg[30]/C","virtual_seg_50_d2_reg[30]/D","clk_out1_pll","clk_out1_pll"
"238","0.108","0.000","0.155","0","","virtual_seg_50_d1_reg[30]/C","virtual_seg_50_d2_reg[30]/D","clk_out1_pll","clk_out1_pll"
"239","0.108","0.000","0.155","0","","virtual_seg_50_d1_reg[32]/C","virtual_seg_50_d2_reg[32]/D","clk_out1_pll","clk_out1_pll"
"240","0.108","0.000","0.155","0","","virtual_seg_50_d1_reg[32]/C","virtual_seg_50_d2_reg[32]/D","clk_out1_pll","clk_out1_pll"
"241","0.108","0.000","0.155","0","","virtual_seg_50_d1_reg[33]/C","virtual_seg_50_d2_reg[33]/D","clk_out1_pll","clk_out1_pll"
"242","0.108","0.000","0.155","0","","virtual_seg_50_d1_reg[33]/C","virtual_seg_50_d2_reg[33]/D","clk_out1_pll","clk_out1_pll"
"243","0.108","0.000","0.155","0","","student_top_inst/mem_bridge/counter_inst/cnt_gray_cpu_d1_reg[2]/C","student_top_inst/mem_bridge/counter_inst/cnt_gray_cpu_d2_reg[2]/D","clk_out2_pll","clk_out2_pll"
"244","0.108","0.000","0.155","0","","student_top_inst/mem_bridge/counter_inst/cnt_gray_cpu_d1_reg[2]/C","student_top_inst/mem_bridge/counter_inst/cnt_gray_cpu_d2_reg[2]/D","clk_out2_pll","clk_out2_pll"
"245","0.108","0.000","0.155","0","","student_top_inst/mem_bridge/counter_inst/cnt_gray_cpu_d1_reg[4]/C","student_top_inst/mem_bridge/counter_inst/cnt_gray_cpu_d2_reg[4]/D","clk_out2_pll","clk_out2_pll"
"246","0.108","0.000","0.155","0","","student_top_inst/mem_bridge/counter_inst/cnt_gray_cpu_d1_reg[4]/C","student_top_inst/mem_bridge/counter_inst/cnt_gray_cpu_d2_reg[4]/D","clk_out2_pll","clk_out2_pll"
"247","0.108","0.000","0.155","0","","student_top_inst/mem_bridge/counter_inst/cnt_gray_cpu_d1_reg[5]/C","student_top_inst/mem_bridge/counter_inst/cnt_gray_cpu_d2_reg[5]/D","clk_out2_pll","clk_out2_pll"
"248","0.108","0.000","0.155","0","","student_top_inst/mem_bridge/counter_inst/cnt_gray_cpu_d1_reg[5]/C","student_top_inst/mem_bridge/counter_inst/cnt_gray_cpu_d2_reg[5]/D","clk_out2_pll","clk_out2_pll"
"249","0.108","0.000","0.155","0","","student_top_inst/mem_bridge/seg_wdata_cnt_d1_reg[18]/C","student_top_inst/mem_bridge/seg_wdata_cnt_d2_reg[18]/D","clk_out1_pll","clk_out1_pll"
"250","0.108","0.000","0.155","0","","student_top_inst/mem_bridge/seg_wdata_cnt_d1_reg[18]/C","student_top_inst/mem_bridge/seg_wdata_cnt_d2_reg[18]/D","clk_out1_pll","clk_out1_pll"
"251","0.108","0.000","0.155","0","","student_top_inst/mem_bridge/seg_wdata_cnt_d1_reg[20]/C","student_top_inst/mem_bridge/seg_wdata_cnt_d2_reg[20]/D","clk_out1_pll","clk_out1_pll"
"252","0.108","0.000","0.155","0","","student_top_inst/mem_bridge/seg_wdata_cnt_d1_reg[20]/C","student_top_inst/mem_bridge/seg_wdata_cnt_d2_reg[20]/D","clk_out1_pll","clk_out1_pll"
"253","0.108","0.000","0.155","0","","student_top_inst/virtual_key_cpu_d1_reg[0]/C","student_top_inst/virtual_key_cpu_d2_reg[0]/D","clk_out2_pll","clk_out2_pll"
"254","0.108","0.000","0.155","0","","student_top_inst/virtual_key_cpu_d1_reg[0]/C","student_top_inst/virtual_key_cpu_d2_reg[0]/D","clk_out2_pll","clk_out2_pll"
"255","0.108","0.000","0.155","0","","student_top_inst/virtual_key_cpu_d1_reg[3]/C","student_top_inst/virtual_key_cpu_d2_reg[3]/D","clk_out2_pll","clk_out2_pll"
"256","0.108","0.000","0.155","0","","student_top_inst/virtual_key_cpu_d1_reg[3]/C","student_top_inst/virtual_key_cpu_d2_reg[3]/D","clk_out2_pll","clk_out2_pll"
"257","0.108","0.000","0.155","0","","student_top_inst/virtual_key_cpu_d1_reg[6]/C","student_top_inst/virtual_key_cpu_d2_reg[6]/D","clk_out2_pll","clk_out2_pll"
"258","0.108","0.000","0.155","0","","student_top_inst/virtual_key_cpu_d1_reg[6]/C","student_top_inst/virtual_key_cpu_d2_reg[6]/D","clk_out2_pll","clk_out2_pll"
"259","0.108","0.000","0.155","0","","student_top_inst/virtual_sw_cpu_d1_reg[32]/C","student_top_inst/virtual_sw_cpu_d2_reg[32]/D","clk_out2_pll","clk_out2_pll"
"260","0.108","0.000","0.155","0","","student_top_inst/virtual_sw_cpu_d1_reg[32]/C","student_top_inst/virtual_sw_cpu_d2_reg[32]/D","clk_out2_pll","clk_out2_pll"
"261","0.108","0.000","0.155","0","","virtual_led_50_d1_reg[0]/C","virtual_led_50_d2_reg[0]/D","clk_out1_pll","clk_out1_pll"
"262","0.108","0.000","0.155","0","","virtual_led_50_d1_reg[0]/C","virtual_led_50_d2_reg[0]/D","clk_out1_pll","clk_out1_pll"
"263","0.108","0.000","0.155","0","","virtual_led_50_d1_reg[16]/C","virtual_led_50_d2_reg[16]/D","clk_out1_pll","clk_out1_pll"
"264","0.108","0.000","0.155","0","","virtual_led_50_d1_reg[16]/C","virtual_led_50_d2_reg[16]/D","clk_out1_pll","clk_out1_pll"
"265","0.108","0.000","0.155","0","","virtual_seg_50_d1_reg[12]/C","virtual_seg_50_d2_reg[12]/D","clk_out1_pll","clk_out1_pll"
"266","0.108","0.000","0.155","0","","virtual_seg_50_d1_reg[12]/C","virtual_seg_50_d2_reg[12]/D","clk_out1_pll","clk_out1_pll"
"267","0.108","0.000","0.155","0","","virtual_seg_50_d1_reg[15]/C","virtual_seg_50_d2_reg[15]/D","clk_out1_pll","clk_out1_pll"
"268","0.108","0.000","0.155","0","","virtual_seg_50_d1_reg[15]/C","virtual_seg_50_d2_reg[15]/D","clk_out1_pll","clk_out1_pll"
"269","0.108","0.000","0.155","0","","virtual_seg_50_d1_reg[18]/C","virtual_seg_50_d2_reg[18]/D","clk_out1_pll","clk_out1_pll"
"270","0.108","0.000","0.155","0","","virtual_seg_50_d1_reg[18]/C","virtual_seg_50_d2_reg[18]/D","clk_out1_pll","clk_out1_pll"
"271","0.108","0.000","0.155","0","","virtual_seg_50_d1_reg[20]/C","virtual_seg_50_d2_reg[20]/D","clk_out1_pll","clk_out1_pll"
"272","0.108","0.000","0.155","0","","virtual_seg_50_d1_reg[20]/C","virtual_seg_50_d2_reg[20]/D","clk_out1_pll","clk_out1_pll"
"273","0.108","0.000","0.155","0","","virtual_seg_50_d1_reg[21]/C","virtual_seg_50_d2_reg[21]/D","clk_out1_pll","clk_out1_pll"
"274","0.108","0.000","0.155","0","","virtual_seg_50_d1_reg[21]/C","virtual_seg_50_d2_reg[21]/D","clk_out1_pll","clk_out1_pll"
"275","0.108","0.000","0.155","0","","virtual_seg_50_d1_reg[22]/C","virtual_seg_50_d2_reg[22]/D","clk_out1_pll","clk_out1_pll"
"276","0.108","0.000","0.155","0","","virtual_seg_50_d1_reg[22]/C","virtual_seg_50_d2_reg[22]/D","clk_out1_pll","clk_out1_pll"
"277","0.108","0.000","0.155","0","","virtual_seg_50_d1_reg[2]/C","virtual_seg_50_d2_reg[2]/D","clk_out1_pll","clk_out1_pll"
"278","0.108","0.000","0.155","0","","virtual_seg_50_d1_reg[2]/C","virtual_seg_50_d2_reg[2]/D","clk_out1_pll","clk_out1_pll"
"279","0.108","0.000","0.155","0","","virtual_seg_50_d1_reg[4]/C","virtual_seg_50_d2_reg[4]/D","clk_out1_pll","clk_out1_pll"
"280","0.108","0.000","0.155","0","","virtual_seg_50_d1_reg[4]/C","virtual_seg_50_d2_reg[4]/D","clk_out1_pll","clk_out1_pll"
"281","0.108","0.000","0.415","0","","student_top_inst/Core_cpu/u_core/u_bpu/update_pc_q_reg[3]_rep/C","student_top_inst/Core_cpu/u_core/u_bpu/btb_target_q_reg_r2_192_255_3_5/RAMA/WADR1","clk_out2_pll","clk_out2_pll"
"282","0.108","0.000","0.415","0","","student_top_inst/Core_cpu/u_core/u_bpu/update_pc_q_reg[3]_rep/C","student_top_inst/Core_cpu/u_core/u_bpu/btb_target_q_reg_r2_192_255_3_5/RAMA/WADR1","clk_out2_pll","clk_out2_pll"
"283","0.108","0.000","0.415","0","","student_top_inst/Core_cpu/u_core/u_bpu/update_pc_q_reg[3]_rep/C","student_top_inst/Core_cpu/u_core/u_bpu/btb_target_q_reg_r2_192_255_3_5/RAMB/WADR1","clk_out2_pll","clk_out2_pll"
"284","0.108","0.000","0.415","0","","student_top_inst/Core_cpu/u_core/u_bpu/update_pc_q_reg[3]_rep/C","student_top_inst/Core_cpu/u_core/u_bpu/btb_target_q_reg_r2_192_255_3_5/RAMB/WADR1","clk_out2_pll","clk_out2_pll"
"285","0.108","0.000","0.415","0","","student_top_inst/Core_cpu/u_core/u_bpu/update_pc_q_reg[3]_rep/C","student_top_inst/Core_cpu/u_core/u_bpu/btb_target_q_reg_r2_192_255_3_5/RAMC/WADR1","clk_out2_pll","clk_out2_pll"
"286","0.108","0.000","0.415","0","","student_top_inst/Core_cpu/u_core/u_bpu/update_pc_q_reg[3]_rep/C","student_top_inst/Core_cpu/u_core/u_bpu/btb_target_q_reg_r2_192_255_3_5/RAMC/WADR1","clk_out2_pll","clk_out2_pll"
"287","0.108","0.000","0.415","0","","student_top_inst/Core_cpu/u_core/u_bpu/update_pc_q_reg[3]_rep/C","student_top_inst/Core_cpu/u_core/u_bpu/btb_target_q_reg_r2_192_255_3_5/RAMD/WADR1","clk_out2_pll","clk_out2_pll"
"288","0.108","0.000","0.415","0","","student_top_inst/Core_cpu/u_core/u_bpu/update_pc_q_reg[3]_rep/C","student_top_inst/Core_cpu/u_core/u_bpu/btb_target_q_reg_r2_192_255_3_5/RAMD/WADR1","clk_out2_pll","clk_out2_pll"
"289","0.108","0.000","0.270","0","","student_top_inst/Core_cpu/u_core/u_bpu/update_target_q_reg[21]/C","student_top_inst/Core_cpu/u_core/u_bpu/btb_target_q_reg_r2_128_191_21_23/RAMA/I","clk_out2_pll","clk_out2_pll"
"290","0.108","0.000","0.270","0","","student_top_inst/Core_cpu/u_core/u_bpu/update_target_q_reg[21]/C","student_top_inst/Core_cpu/u_core/u_bpu/btb_target_q_reg_r2_128_191_21_23/RAMA/I","clk_out2_pll","clk_out2_pll"
"291","0.109","0.000","0.158","0","","virtual_seg_50_d1_reg[6]/C","virtual_seg_50_d2_reg[6]/D","clk_out1_pll","clk_out1_pll"
"292","0.109","0.000","0.158","0","","virtual_seg_50_d1_reg[6]/C","virtual_seg_50_d2_reg[6]/D","clk_out1_pll","clk_out1_pll"
"293","0.109","0.000","0.158","0","","student_top_inst/Core_cpu/u_core/u_backend/u_execute/u_muldiv/u_div/U0/i_synth/i_nonzero_fract.i_synth/i_algo_r2_or_lutmult.i_nonzero_fract.i_sdivider/i_sdivider.divider_blk/div_loop[1].num_stages.numerator_gen.del_numer/opt_has_pipe.first_q_reg[19]/C","student_top_inst/Core_cpu/u_core/u_backend/u_execute/u_muldiv/u_div/U0/i_synth/i_nonzero_fract.i_synth/i_algo_r2_or_lutmult.i_nonzero_fract.i_sdivider/i_sdivider.divider_blk/div_loop[2].num_stages.numerator_gen.del_numer/opt_has_pipe.first_q_reg[19]/D","clk_out2_pll","clk_out2_pll"
"294","0.109","0.000","0.158","0","","student_top_inst/Core_cpu/u_core/u_backend/u_execute/u_muldiv/u_div/U0/i_synth/i_nonzero_fract.i_synth/i_algo_r2_or_lutmult.i_nonzero_fract.i_sdivider/i_sdivider.divider_blk/div_loop[1].num_stages.numerator_gen.del_numer/opt_has_pipe.first_q_reg[19]/C","student_top_inst/Core_cpu/u_core/u_backend/u_execute/u_muldiv/u_div/U0/i_synth/i_nonzero_fract.i_synth/i_algo_r2_or_lutmult.i_nonzero_fract.i_sdivider/i_sdivider.divider_blk/div_loop[2].num_stages.numerator_gen.del_numer/opt_has_pipe.first_q_reg[19]/D","clk_out2_pll","clk_out2_pll"
"295","0.110","0.000","0.344","0","","twin_controller_inst/key_reg[1]/C","twin_controller_inst/status_buffer_reg[5][1]/D","clk_out1_pll","clk_out1_pll"
"296","0.110","0.000","0.344","0","","twin_controller_inst/key_reg[1]/C","twin_controller_inst/status_buffer_reg[5][1]/D","clk_out1_pll","clk_out1_pll"
"297","0.110","0.000","0.157","0","","virtual_led_50_d1_reg[8]/C","virtual_led_50_d2_reg[8]/D","clk_out1_pll","clk_out1_pll"
"298","0.110","0.000","0.157","0","","virtual_led_50_d1_reg[8]/C","virtual_led_50_d2_reg[8]/D","clk_out1_pll","clk_out1_pll"
"299","0.110","0.000","0.157","0","","student_top_inst/Core_cpu/u_core/u_backend/u_execute/u_muldiv/u_div/U0/i_synth/i_nonzero_fract.i_synth/i_algo_r2_or_lutmult.i_nonzero_fract.i_sdivider/i_sdivider.divider_blk/div_loop[20].num_stages.numerator_gen.del_numer/opt_has_pipe.first_q_reg[10]/C","student_top_inst/Core_cpu/u_core/u_backend/u_execute/u_muldiv/u_div/U0/i_synth/i_nonzero_fract.i_synth/i_algo_r2_or_lutmult.i_nonzero_fract.i_sdivider/i_sdivider.divider_blk/div_loop[21].num_stages.numerator_gen.del_numer/opt_has_pipe.first_q_reg[10]/D","clk_out2_pll","clk_out2_pll"
"300","0.110","0.000","0.157","0","","student_top_inst/Core_cpu/u_core/u_backend/u_execute/u_muldiv/u_div/U0/i_synth/i_nonzero_fract.i_synth/i_algo_r2_or_lutmult.i_nonzero_fract.i_sdivider/i_sdivider.divider_blk/div_loop[20].num_stages.numerator_gen.del_numer/opt_has_pipe.first_q_reg[10]/C","student_top_inst/Core_cpu/u_core/u_backend/u_execute/u_muldiv/u_div/U0/i_synth/i_nonzero_fract.i_synth/i_algo_r2_or_lutmult.i_nonzero_fract.i_sdivider/i_sdivider.divider_blk/div_loop[21].num_stages.numerator_gen.del_numer/opt_has_pipe.first_q_reg[10]/D","clk_out2_pll","clk_out2_pll"
"301","0.110","0.000","0.288","1","","student_top_inst/Core_cpu/u_core/u_backend/u_dispatch/mem_entry_q_reg[2][uop][imm_i][27]/C","student_top_inst/Core_cpu/u_core/u_backend/u_dispatch/mem_entry_q_reg[1][uop][imm_i][27]/D","clk_out2_pll","clk_out2_pll"
"302","0.110","0.000","0.288","1","","student_top_inst/Core_cpu/u_core/u_backend/u_dispatch/mem_entry_q_reg[2][uop][imm_i][27]/C","student_top_inst/Core_cpu/u_core/u_backend/u_dispatch/mem_entry_q_reg[1][uop][imm_i][27]/D","clk_out2_pll","clk_out2_pll"
"303","0.110","0.000","0.349","0","","twin_controller_inst/key_reg[5]/C","twin_controller_inst/status_buffer_reg[5][5]/D","clk_out1_pll","clk_out1_pll"
"304","0.110","0.000","0.349","0","","twin_controller_inst/key_reg[5]/C","twin_controller_inst/status_buffer_reg[5][5]/D","clk_out1_pll","clk_out1_pll"
"305","0.111","0.000","0.209","1","","student_top_inst/Core_cpu/u_core/u_backend/u_execute/mem_req_store_data_q_reg[1][5]/C","student_top_inst/Core_cpu/u_core/u_backend/u_execute/mem_req_store_data_q_reg[0][5]/D","clk_out2_pll","clk_out2_pll"
"306","0.111","0.000","0.209","1","","student_top_inst/Core_cpu/u_core/u_backend/u_execute/mem_req_store_data_q_reg[1][5]/C","student_top_inst/Core_cpu/u_core/u_backend/u_execute/mem_req_store_data_q_reg[0][5]/D","clk_out2_pll","clk_out2_pll"
"307","0.111","0.000","0.209","1","","student_top_inst/Core_cpu/u_core/u_backend/u_execute/mem_req_uop_q_reg[1][uop][imm_s][17]/C","student_top_inst/Core_cpu/u_core/u_backend/u_execute/mem_req_uop_q_reg[0][uop][imm_s][17]/D","clk_out2_pll","clk_out2_pll"
"308","0.111","0.000","0.209","1","","student_top_inst/Core_cpu/u_core/u_backend/u_execute/mem_req_uop_q_reg[1][uop][imm_s][17]/C","student_top_inst/Core_cpu/u_core/u_backend/u_execute/mem_req_uop_q_reg[0][uop][imm_s][17]/D","clk_out2_pll","clk_out2_pll"
"309","0.111","0.000","0.209","1","","student_top_inst/Core_cpu/u_core/u_backend/u_execute/u_muldiv/active_uop_q_reg[uop][exception_cause][0]/C","student_top_inst/Core_cpu/u_core/u_backend/complete_exception_cause_reg[3][0]/D","clk_out2_pll","clk_out2_pll"
"310","0.111","0.000","0.209","1","","student_top_inst/Core_cpu/u_core/u_backend/u_execute/u_muldiv/active_uop_q_reg[uop][exception_cause][0]/C","student_top_inst/Core_cpu/u_core/u_backend/complete_exception_cause_reg[3][0]/D","clk_out2_pll","clk_out2_pll"
"311","0.111","0.000","0.209","1","","student_top_inst/Core_cpu/u_core/u_backend/u_execute/mem_req_addr_q_reg[1][12]/C","student_top_inst/Core_cpu/u_core/u_backend/u_execute/mem_req_addr_q_reg[0][12]/D","clk_out2_pll","clk_out2_pll"
"312","0.111","0.000","0.209","1","","student_top_inst/Core_cpu/u_core/u_backend/u_execute/mem_req_addr_q_reg[1][12]/C","student_top_inst/Core_cpu/u_core/u_backend/u_execute/mem_req_addr_q_reg[0][12]/D","clk_out2_pll","clk_out2_pll"
"313","0.111","0.000","0.209","1","","student_top_inst/Core_cpu/u_core/u_backend/u_execute/mem_req_store_data_q_reg[1][19]/C","student_top_inst/Core_cpu/u_core/u_backend/u_execute/mem_req_store_data_q_reg[0][19]/D","clk_out2_pll","clk_out2_pll"
"314","0.111","0.000","0.209","1","","student_top_inst/Core_cpu/u_core/u_backend/u_execute/mem_req_store_data_q_reg[1][19]/C","student_top_inst/Core_cpu/u_core/u_backend/u_execute/mem_req_store_data_q_reg[0][19]/D","clk_out2_pll","clk_out2_pll"
"315","0.111","0.000","0.209","1","","student_top_inst/Core_cpu/u_core/u_backend/u_execute/u_muldiv/u_div/U0/i_synth/i_has_input_skid.i_2to1/gen_has_z_tready.reg1_b_tdata_reg[10]/C","student_top_inst/Core_cpu/u_core/u_backend/u_execute/u_muldiv/u_div/U0/i_synth/i_has_input_skid.i_2to1/gen_has_z_tready.reg2_b_tdata_reg[10]/D","clk_out2_pll","clk_out2_pll"
"316","0.111","0.000","0.209","1","","student_top_inst/Core_cpu/u_core/u_backend/u_execute/u_muldiv/u_div/U0/i_synth/i_has_input_skid.i_2to1/gen_has_z_tready.reg1_b_tdata_reg[10]/C","student_top_inst/Core_cpu/u_core/u_backend/u_execute/u_muldiv/u_div/U0/i_synth/i_has_input_skid.i_2to1/gen_has_z_tready.reg2_b_tdata_reg[10]/D","clk_out2_pll","clk_out2_pll"
"317","0.111","0.000","0.209","1","","student_top_inst/Core_cpu/u_core/u_backend/u_execute/u_muldiv/u_div/U0/i_synth/i_has_input_skid.i_2to1/gen_has_z_tready.reg1_b_tdata_reg[16]/C","student_top_inst/Core_cpu/u_core/u_backend/u_execute/u_muldiv/u_div/U0/i_synth/i_has_input_skid.i_2to1/gen_has_z_tready.reg2_b_tdata_reg[16]/D","clk_out2_pll","clk_out2_pll"
"318","0.111","0.000","0.209","1","","student_top_inst/Core_cpu/u_core/u_backend/u_execute/u_muldiv/u_div/U0/i_synth/i_has_input_skid.i_2to1/gen_has_z_tready.reg1_b_tdata_reg[16]/C","student_top_inst/Core_cpu/u_core/u_backend/u_execute/u_muldiv/u_div/U0/i_synth/i_has_input_skid.i_2to1/gen_has_z_tready.reg2_b_tdata_reg[16]/D","clk_out2_pll","clk_out2_pll"
"319","0.111","0.000","0.209","1","","student_top_inst/Core_cpu/u_core/u_backend/u_execute/mem_req_uop_q_reg[1][alloc_prd]/C","student_top_inst/Core_cpu/u_core/u_backend/u_execute/mem_req_uop_q_reg[0][alloc_prd]/D","clk_out2_pll","clk_out2_pll"
"320","0.111","0.000","0.209","1","","student_top_inst/Core_cpu/u_core/u_backend/u_execute/mem_req_uop_q_reg[1][alloc_prd]/C","student_top_inst/Core_cpu/u_core/u_backend/u_execute/mem_req_uop_q_reg[0][alloc_prd]/D","clk_out2_pll","clk_out2_pll"
"321","0.111","0.000","0.209","1","","student_top_inst/Core_cpu/u_core/u_backend/u_execute/mem_req_uop_q_reg[1][uop][csr_addr][0]/C","student_top_inst/Core_cpu/u_core/u_backend/u_execute/mem_req_uop_q_reg[0][uop][csr_addr][0]/D","clk_out2_pll","clk_out2_pll"
"322","0.111","0.000","0.209","1","","student_top_inst/Core_cpu/u_core/u_backend/u_execute/mem_req_uop_q_reg[1][uop][csr_addr][0]/C","student_top_inst/Core_cpu/u_core/u_backend/u_execute/mem_req_uop_q_reg[0][uop][csr_addr][0]/D","clk_out2_pll","clk_out2_pll"
"323","0.111","0.000","0.362","1","","student_top_inst/Core_cpu/u_core/u_backend/u_execute/mem_req_uop_q_reg[1][uop][imm_i][6]/C","student_top_inst/Core_cpu/u_core/u_backend/u_execute/mem_req_uop_q_reg[0][uop][imm_i][6]/D","clk_out2_pll","clk_out2_pll"
"324","0.111","0.000","0.362","1","","student_top_inst/Core_cpu/u_core/u_backend/u_execute/mem_req_uop_q_reg[1][uop][imm_i][6]/C","student_top_inst/Core_cpu/u_core/u_backend/u_execute/mem_req_uop_q_reg[0][uop][imm_i][6]/D","clk_out2_pll","clk_out2_pll"
"325","0.111","0.000","0.155","0","","student_top_inst/mem_bridge/counter_inst/cnt_gray_cpu_d1_reg[19]/C","student_top_inst/mem_bridge/counter_inst/cnt_gray_cpu_d2_reg[19]/D","clk_out2_pll","clk_out2_pll"
"326","0.111","0.000","0.155","0","","student_top_inst/mem_bridge/counter_inst/cnt_gray_cpu_d1_reg[19]/C","student_top_inst/mem_bridge/counter_inst/cnt_gray_cpu_d2_reg[19]/D","clk_out2_pll","clk_out2_pll"
"327","0.111","0.000","0.155","0","","student_top_inst/mem_bridge/seg_wdata_cnt_d1_reg[26]/C","student_top_inst/mem_bridge/seg_wdata_cnt_d2_reg[26]/D","clk_out1_pll","clk_out1_pll"
"328","0.111","0.000","0.155","0","","student_top_inst/mem_bridge/seg_wdata_cnt_d1_reg[26]/C","student_top_inst/mem_bridge/seg_wdata_cnt_d2_reg[26]/D","clk_out1_pll","clk_out1_pll"
"329","0.111","0.000","0.155","0","","student_top_inst/virtual_sw_cpu_d1_reg[23]/C","student_top_inst/virtual_sw_cpu_d2_reg[23]/D","clk_out2_pll","clk_out2_pll"
"330","0.111","0.000","0.155","0","","student_top_inst/virtual_sw_cpu_d1_reg[23]/C","student_top_inst/virtual_sw_cpu_d2_reg[23]/D","clk_out2_pll","clk_out2_pll"
"331","0.111","0.000","0.155","0","","student_top_inst/virtual_sw_cpu_d1_reg[33]/C","student_top_inst/virtual_sw_cpu_d2_reg[33]/D","clk_out2_pll","clk_out2_pll"
"332","0.111","0.000","0.155","0","","student_top_inst/virtual_sw_cpu_d1_reg[33]/C","student_top_inst/virtual_sw_cpu_d2_reg[33]/D","clk_out2_pll","clk_out2_pll"
"333","0.111","0.000","0.155","0","","student_top_inst/virtual_sw_cpu_d1_reg[53]/C","student_top_inst/virtual_sw_cpu_d2_reg[53]/D","clk_out2_pll","clk_out2_pll"
"334","0.111","0.000","0.155","0","","student_top_inst/virtual_sw_cpu_d1_reg[53]/C","student_top_inst/virtual_sw_cpu_d2_reg[53]/D","clk_out2_pll","clk_out2_pll"
"335","0.111","0.000","0.155","0","","virtual_led_50_d1_reg[12]/C","virtual_led_50_d2_reg[12]/D","clk_out1_pll","clk_out1_pll"
"336","0.111","0.000","0.155","0","","virtual_led_50_d1_reg[12]/C","virtual_led_50_d2_reg[12]/D","clk_out1_pll","clk_out1_pll"
"337","0.111","0.000","0.155","0","","virtual_led_50_d1_reg[22]/C","virtual_led_50_d2_reg[22]/D","clk_out1_pll","clk_out1_pll"
"338","0.111","0.000","0.155","0","","virtual_led_50_d1_reg[22]/C","virtual_led_50_d2_reg[22]/D","clk_out1_pll","clk_out1_pll"
"339","0.111","0.000","0.155","0","","virtual_led_50_d1_reg[27]/C","virtual_led_50_d2_reg[27]/D","clk_out1_pll","clk_out1_pll"
"340","0.111","0.000","0.155","0","","virtual_led_50_d1_reg[27]/C","virtual_led_50_d2_reg[27]/D","clk_out1_pll","clk_out1_pll"
"341","0.111","0.000","0.155","0","","virtual_seg_50_d1_reg[8]/C","virtual_seg_50_d2_reg[8]/D","clk_out1_pll","clk_out1_pll"
"342","0.111","0.000","0.155","0","","virtual_seg_50_d1_reg[8]/C","virtual_seg_50_d2_reg[8]/D","clk_out1_pll","clk_out1_pll"
"343","0.111","0.000","0.155","0","","student_top_inst/mem_bridge/counter_inst/cnt_gray_cpu_d1_reg[31]/C","student_top_inst/mem_bridge/counter_inst/cnt_gray_cpu_d2_reg[31]/D","clk_out2_pll","clk_out2_pll"
"344","0.111","0.000","0.155","0","","student_top_inst/mem_bridge/counter_inst/cnt_gray_cpu_d1_reg[31]/C","student_top_inst/mem_bridge/counter_inst/cnt_gray_cpu_d2_reg[31]/D","clk_out2_pll","clk_out2_pll"
"345","0.111","0.000","0.155","0","","student_top_inst/mem_bridge/seg_wdata_cnt_d1_reg[13]/C","student_top_inst/mem_bridge/seg_wdata_cnt_d2_reg[13]/D","clk_out1_pll","clk_out1_pll"
"346","0.111","0.000","0.155","0","","student_top_inst/mem_bridge/seg_wdata_cnt_d1_reg[13]/C","student_top_inst/mem_bridge/seg_wdata_cnt_d2_reg[13]/D","clk_out1_pll","clk_out1_pll"
"347","0.111","0.000","0.155","0","","student_top_inst/mem_bridge/seg_wdata_cnt_d1_reg[3]/C","student_top_inst/mem_bridge/seg_wdata_cnt_d2_reg[3]/D","clk_out1_pll","clk_out1_pll"
"348","0.111","0.000","0.155","0","","student_top_inst/mem_bridge/seg_wdata_cnt_d1_reg[3]/C","student_top_inst/mem_bridge/seg_wdata_cnt_d2_reg[3]/D","clk_out1_pll","clk_out1_pll"
"349","0.111","0.000","0.155","0","","student_top_inst/mem_bridge/seg_wdata_cnt_d1_reg[9]/C","student_top_inst/mem_bridge/seg_wdata_cnt_d2_reg[9]/D","clk_out1_pll","clk_out1_pll"
"350","0.111","0.000","0.155","0","","student_top_inst/mem_bridge/seg_wdata_cnt_d1_reg[9]/C","student_top_inst/mem_bridge/seg_wdata_cnt_d2_reg[9]/D","clk_out1_pll","clk_out1_pll"
"351","0.111","0.000","0.155","0","","student_top_inst/virtual_sw_cpu_d1_reg[28]/C","student_top_inst/virtual_sw_cpu_d2_reg[28]/D","clk_out2_pll","clk_out2_pll"
"352","0.111","0.000","0.155","0","","student_top_inst/virtual_sw_cpu_d1_reg[28]/C","student_top_inst/virtual_sw_cpu_d2_reg[28]/D","clk_out2_pll","clk_out2_pll"
"353","0.111","0.000","0.155","0","","student_top_inst/virtual_sw_cpu_d1_reg[31]/C","student_top_inst/virtual_sw_cpu_d2_reg[31]/D","clk_out2_pll","clk_out2_pll"
"354","0.111","0.000","0.155","0","","student_top_inst/virtual_sw_cpu_d1_reg[31]/C","student_top_inst/virtual_sw_cpu_d2_reg[31]/D","clk_out2_pll","clk_out2_pll"
"355","0.111","0.000","0.155","0","","student_top_inst/virtual_sw_cpu_d1_reg[34]/C","student_top_inst/virtual_sw_cpu_d2_reg[34]/D","clk_out2_pll","clk_out2_pll"
"356","0.111","0.000","0.155","0","","student_top_inst/virtual_sw_cpu_d1_reg[34]/C","student_top_inst/virtual_sw_cpu_d2_reg[34]/D","clk_out2_pll","clk_out2_pll"
"357","0.111","0.000","0.155","0","","student_top_inst/virtual_sw_cpu_d1_reg[42]/C","student_top_inst/virtual_sw_cpu_d2_reg[42]/D","clk_out2_pll","clk_out2_pll"
"358","0.111","0.000","0.155","0","","student_top_inst/virtual_sw_cpu_d1_reg[42]/C","student_top_inst/virtual_sw_cpu_d2_reg[42]/D","clk_out2_pll","clk_out2_pll"
"359","0.111","0.000","0.155","0","","student_top_inst/virtual_sw_cpu_d1_reg[61]/C","student_top_inst/virtual_sw_cpu_d2_reg[61]/D","clk_out2_pll","clk_out2_pll"
"360","0.111","0.000","0.155","0","","student_top_inst/virtual_sw_cpu_d1_reg[61]/C","student_top_inst/virtual_sw_cpu_d2_reg[61]/D","clk_out2_pll","clk_out2_pll"
"361","0.111","0.000","0.155","0","","student_top_inst/virtual_sw_cpu_d1_reg[63]/C","student_top_inst/virtual_sw_cpu_d2_reg[63]/D","clk_out2_pll","clk_out2_pll"
"362","0.111","0.000","0.155","0","","student_top_inst/virtual_sw_cpu_d1_reg[63]/C","student_top_inst/virtual_sw_cpu_d2_reg[63]/D","clk_out2_pll","clk_out2_pll"
"363","0.111","0.000","0.155","0","","virtual_led_50_d1_reg[6]/C","virtual_led_50_d2_reg[6]/D","clk_out1_pll","clk_out1_pll"
"364","0.111","0.000","0.155","0","","virtual_led_50_d1_reg[6]/C","virtual_led_50_d2_reg[6]/D","clk_out1_pll","clk_out1_pll"
"365","0.111","0.000","0.155","0","","virtual_seg_50_d1_reg[11]/C","virtual_seg_50_d2_reg[11]/D","clk_out1_pll","clk_out1_pll"
"366","0.111","0.000","0.155","0","","virtual_seg_50_d1_reg[11]/C","virtual_seg_50_d2_reg[11]/D","clk_out1_pll","clk_out1_pll"
"367","0.111","0.000","0.155","0","","virtual_seg_50_d1_reg[1]/C","virtual_seg_50_d2_reg[1]/D","clk_out1_pll","clk_out1_pll"
"368","0.111","0.000","0.155","0","","virtual_seg_50_d1_reg[1]/C","virtual_seg_50_d2_reg[1]/D","clk_out1_pll","clk_out1_pll"
"369","0.111","0.000","0.155","0","","student_top_inst/mem_bridge/counter_inst/cnt_gray_cpu_d1_reg[3]/C","student_top_inst/mem_bridge/counter_inst/cnt_gray_cpu_d2_reg[3]/D","clk_out2_pll","clk_out2_pll"
"370","0.111","0.000","0.155","0","","student_top_inst/mem_bridge/counter_inst/cnt_gray_cpu_d1_reg[3]/C","student_top_inst/mem_bridge/counter_inst/cnt_gray_cpu_d2_reg[3]/D","clk_out2_pll","clk_out2_pll"
"371","0.111","0.000","0.155","0","","student_top_inst/mem_bridge/counter_inst/cnt_gray_cpu_d1_reg[6]/C","student_top_inst/mem_bridge/counter_inst/cnt_gray_cpu_d2_reg[6]/D","clk_out2_pll","clk_out2_pll"
"372","0.111","0.000","0.155","0","","student_top_inst/mem_bridge/counter_inst/cnt_gray_cpu_d1_reg[6]/C","student_top_inst/mem_bridge/counter_inst/cnt_gray_cpu_d2_reg[6]/D","clk_out2_pll","clk_out2_pll"
"373","0.111","0.000","0.155","0","","student_top_inst/virtual_sw_cpu_d1_reg[0]/C","student_top_inst/virtual_sw_cpu_d2_reg[0]/D","clk_out2_pll","clk_out2_pll"
"374","0.111","0.000","0.155","0","","student_top_inst/virtual_sw_cpu_d1_reg[0]/C","student_top_inst/virtual_sw_cpu_d2_reg[0]/D","clk_out2_pll","clk_out2_pll"
"375","0.111","0.000","0.155","0","","student_top_inst/virtual_sw_cpu_d1_reg[6]/C","student_top_inst/virtual_sw_cpu_d2_reg[6]/D","clk_out2_pll","clk_out2_pll"
"376","0.111","0.000","0.155","0","","student_top_inst/virtual_sw_cpu_d1_reg[6]/C","student_top_inst/virtual_sw_cpu_d2_reg[6]/D","clk_out2_pll","clk_out2_pll"
"377","0.111","0.000","0.155","0","","virtual_led_50_d1_reg[20]/C","virtual_led_50_d2_reg[20]/D","clk_out1_pll","clk_out1_pll"
"378","0.111","0.000","0.155","0","","virtual_led_50_d1_reg[20]/C","virtual_led_50_d2_reg[20]/D","clk_out1_pll","clk_out1_pll"
"379","0.111","0.000","0.155","0","","virtual_led_50_d1_reg[2]/C","virtual_led_50_d2_reg[2]/D","clk_out1_pll","clk_out1_pll"
"380","0.111","0.000","0.155","0","","virtual_led_50_d1_reg[2]/C","virtual_led_50_d2_reg[2]/D","clk_out1_pll","clk_out1_pll"
"381","0.111","0.000","0.155","0","","virtual_seg_50_d1_reg[13]/C","virtual_seg_50_d2_reg[13]/D","clk_out1_pll","clk_out1_pll"
"382","0.111","0.000","0.155","0","","virtual_seg_50_d1_reg[13]/C","virtual_seg_50_d2_reg[13]/D","clk_out1_pll","clk_out1_pll"
"383","0.111","0.000","0.155","0","","virtual_seg_50_d1_reg[26]/C","virtual_seg_50_d2_reg[26]/D","clk_out1_pll","clk_out1_pll"
"384","0.111","0.000","0.155","0","","virtual_seg_50_d1_reg[26]/C","virtual_seg_50_d2_reg[26]/D","clk_out1_pll","clk_out1_pll"
"385","0.111","0.000","0.155","0","","virtual_seg_50_d1_reg[5]/C","virtual_seg_50_d2_reg[5]/D","clk_out1_pll","clk_out1_pll"
"386","0.111","0.000","0.155","0","","virtual_seg_50_d1_reg[5]/C","virtual_seg_50_d2_reg[5]/D","clk_out1_pll","clk_out1_pll"
"387","0.111","0.000","0.268","0","","student_top_inst/Core_cpu/u_core/u_bpu/update_pc_q_reg[30]/C","student_top_inst/Core_cpu/u_core/u_bpu/btb_tag_q_reg_r2_0_63_18_20/RAMC/I","clk_out2_pll","clk_out2_pll"
"388","0.111","0.000","0.268","0","","student_top_inst/Core_cpu/u_core/u_bpu/update_pc_q_reg[30]/C","student_top_inst/Core_cpu/u_core/u_bpu/btb_tag_q_reg_r2_0_63_18_20/RAMC/I","clk_out2_pll","clk_out2_pll"
"389","0.111","0.000","0.218","1","","student_top_inst/Core_cpu/u_core/u_backend/u_execute/mem_probe_uop_q_reg[uop][alu_op][3]/C","student_top_inst/Core_cpu/u_core/u_backend/u_execute/mem_req_uop_q_reg[1][uop][alu_op][3]/D","clk_out2_pll","clk_out2_pll"
"390","0.111","0.000","0.218","1","","student_top_inst/Core_cpu/u_core/u_backend/u_execute/mem_probe_uop_q_reg[uop][alu_op][3]/C","student_top_inst/Core_cpu/u_core/u_backend/u_execute/mem_req_uop_q_reg[1][uop][alu_op][3]/D","clk_out2_pll","clk_out2_pll"
"391","0.112","0.000","0.219","1","","student_top_inst/Core_cpu/u_core/u_backend/u_dispatch/mem_entry_q_reg[0][uop][imm_i][11]/C","student_top_inst/Core_cpu/u_core/u_backend/u_mem_iq/entry_q_reg[2][uop][imm_i][11]/D","clk_out2_pll","clk_out2_pll"
"392","0.112","0.000","0.219","1","","student_top_inst/Core_cpu/u_core/u_backend/u_dispatch/mem_entry_q_reg[0][uop][imm_i][11]/C","student_top_inst/Core_cpu/u_core/u_backend/u_mem_iq/entry_q_reg[2][uop][imm_i][11]/D","clk_out2_pll","clk_out2_pll"
"393","0.112","0.000","0.184","1","","student_top_inst/Core_cpu/u_core/u_backend/u_execute/load_meta_uop_q_reg[1][prd][1]/C","student_top_inst/Core_cpu/u_core/u_backend/u_execute/load_meta_uop_q_reg[0][prd][1]/D","clk_out2_pll","clk_out2_pll"
"394","0.112","0.000","0.184","1","","student_top_inst/Core_cpu/u_core/u_backend/u_execute/load_meta_uop_q_reg[1][prd][1]/C","student_top_inst/Core_cpu/u_core/u_backend/u_execute/load_meta_uop_q_reg[0][prd][1]/D","clk_out2_pll","clk_out2_pll"
"395","0.112","0.000","0.184","1","","student_top_inst/Core_cpu/u_core/u_backend/u_execute/load_meta_uop_q_reg[1][uop][exception_cause][1]/C","student_top_inst/Core_cpu/u_core/u_backend/u_execute/load_meta_uop_q_reg[0][uop][exception_cause][1]/D","clk_out2_pll","clk_out2_pll"
"396","0.112","0.000","0.184","1","","student_top_inst/Core_cpu/u_core/u_backend/u_execute/load_meta_uop_q_reg[1][uop][exception_cause][1]/C","student_top_inst/Core_cpu/u_core/u_backend/u_execute/load_meta_uop_q_reg[0][uop][exception_cause][1]/D","clk_out2_pll","clk_out2_pll"
"397","0.112","0.000","0.184","1","","student_top_inst/Core_cpu/u_core/u_backend/u_execute/load_meta_uop_q_reg[1][prd][5]/C","student_top_inst/Core_cpu/u_core/u_backend/u_execute/load_meta_uop_q_reg[0][prd][5]/D","clk_out2_pll","clk_out2_pll"
"398","0.112","0.000","0.184","1","","student_top_inst/Core_cpu/u_core/u_backend/u_execute/load_meta_uop_q_reg[1][prd][5]/C","student_top_inst/Core_cpu/u_core/u_backend/u_execute/load_meta_uop_q_reg[0][prd][5]/D","clk_out2_pll","clk_out2_pll"
"399","0.112","0.000","0.184","1","","student_top_inst/Core_cpu/u_core/u_backend/u_execute/mem_req_uop_q_reg[1][prd][4]/C","student_top_inst/Core_cpu/u_core/u_backend/u_execute/mem_req_uop_q_reg[0][prd][4]/D","clk_out2_pll","clk_out2_pll"
"400","0.112","0.000","0.184","1","","student_top_inst/Core_cpu/u_core/u_backend/u_execute/mem_req_uop_q_reg[1][prd][4]/C","student_top_inst/Core_cpu/u_core/u_backend/u_execute/mem_req_uop_q_reg[0][prd][4]/D","clk_out2_pll","clk_out2_pll"
"401","0.112","0.000","0.183","1","","student_top_inst/Core_cpu/u_core/u_backend/u_execute/mem_req_uop_q_reg[0][uop][is_jalr]/C","student_top_inst/Core_cpu/u_core/u_backend/complete_branch_miss_reg[2]/D","clk_out2_pll","clk_out2_pll"
"402","0.112","0.000","0.183","1","","student_top_inst/Core_cpu/u_core/u_backend/u_execute/mem_req_uop_q_reg[0][uop][is_jalr]/C","student_top_inst/Core_cpu/u_core/u_backend/complete_branch_miss_reg[2]/D","clk_out2_pll","clk_out2_pll"
"403","0.112","0.000","0.156","0","","virtual_led_50_d1_reg[18]/C","virtual_led_50_d2_reg[18]/D","clk_out1_pll","clk_out1_pll"
"404","0.112","0.000","0.156","0","","virtual_led_50_d1_reg[18]/C","virtual_led_50_d2_reg[18]/D","clk_out1_pll","clk_out1_pll"
"405","0.112","0.000","0.156","0","","virtual_seg_50_d1_reg[34]/C","virtual_seg_50_d2_reg[34]/D","clk_out1_pll","clk_out1_pll"
"406","0.112","0.000","0.156","0","","virtual_seg_50_d1_reg[34]/C","virtual_seg_50_d2_reg[34]/D","clk_out1_pll","clk_out1_pll"
"407","0.112","0.000","0.219","1","","student_top_inst/Core_cpu/u_core/u_backend/u_execute/mem_probe_uop_q_reg[uop][is_jalr]/C","student_top_inst/Core_cpu/u_core/u_backend/u_execute/mem_req_uop_q_reg[1][uop][is_jalr]/D","clk_out2_pll","clk_out2_pll"
"408","0.112","0.000","0.219","1","","student_top_inst/Core_cpu/u_core/u_backend/u_execute/mem_probe_uop_q_reg[uop][is_jalr]/C","student_top_inst/Core_cpu/u_core/u_backend/u_execute/mem_req_uop_q_reg[1][uop][is_jalr]/D","clk_out2_pll","clk_out2_pll"
"409","0.112","0.000","0.219","1","","student_top_inst/Core_cpu/u_core/u_backend/u_execute/mem_probe_uop_q_reg[uop][pc][18]/C","student_top_inst/Core_cpu/u_core/u_backend/u_execute/mem_req_uop_q_reg[1][uop][pc][18]/D","clk_out2_pll","clk_out2_pll"
"410","0.112","0.000","0.219","1","","student_top_inst/Core_cpu/u_core/u_backend/u_execute/mem_probe_uop_q_reg[uop][pc][18]/C","student_top_inst/Core_cpu/u_core/u_backend/u_execute/mem_req_uop_q_reg[1][uop][pc][18]/D","clk_out2_pll","clk_out2_pll"
"411","0.113","0.000","0.211","1","","student_top_inst/Core_cpu/u_core/u_backend/u_execute/u_muldiv/u_div/U0/i_synth/i_nonzero_fract.i_synth/i_algo_r2_or_lutmult.i_nonzero_fract.i_sdivider/i_sdivider.divider_blk/div_loop[30].quot_gen.quot_reg.i_div1.quot_out/opt_has_pipe.first_q_reg[4]/C","student_top_inst/Core_cpu/u_core/u_backend/u_execute/u_muldiv/u_div/U0/i_synth/i_nonzero_fract.i_synth/i_algo_r2_or_lutmult.i_nonzero_fract.i_sdivider/i_sdivider.divider_blk/reg_quot_out.reg_quot/opt_has_pipe.first_q_reg[6]/D","clk_out2_pll","clk_out2_pll"
"412","0.113","0.000","0.211","1","","student_top_inst/Core_cpu/u_core/u_backend/u_execute/u_muldiv/u_div/U0/i_synth/i_nonzero_fract.i_synth/i_algo_r2_or_lutmult.i_nonzero_fract.i_sdivider/i_sdivider.divider_blk/div_loop[30].quot_gen.quot_reg.i_div1.quot_out/opt_has_pipe.first_q_reg[4]/C","student_top_inst/Core_cpu/u_core/u_backend/u_execute/u_muldiv/u_div/U0/i_synth/i_nonzero_fract.i_synth/i_algo_r2_or_lutmult.i_nonzero_fract.i_sdivider/i_sdivider.divider_blk/reg_quot_out.reg_quot/opt_has_pipe.first_q_reg[6]/D","clk_out2_pll","clk_out2_pll"
"413","0.113","0.000","0.211","1","","student_top_inst/Core_cpu/u_core/u_backend/u_execute/mem_req_uop_q_reg[1][uop][imm_i][11]/C","student_top_inst/Core_cpu/u_core/u_backend/u_execute/mem_req_uop_q_reg[0][uop][imm_i][11]/D","clk_out2_pll","clk_out2_pll"
"414","0.113","0.000","0.211","1","","student_top_inst/Core_cpu/u_core/u_backend/u_execute/mem_req_uop_q_reg[1][uop][imm_i][11]/C","student_top_inst/Core_cpu/u_core/u_backend/u_execute/mem_req_uop_q_reg[0][uop][imm_i][11]/D","clk_out2_pll","clk_out2_pll"
"415","0.113","0.000","0.211","1","","student_top_inst/Core_cpu/u_core/u_backend/u_execute/mem_req_uop_q_reg[1][uop][csr_addr][5]/C","student_top_inst/Core_cpu/u_core/u_backend/u_execute/mem_req_uop_q_reg[0][uop][csr_addr][5]/D","clk_out2_pll","clk_out2_pll"
"416","0.113","0.000","0.211","1","","student_top_inst/Core_cpu/u_core/u_backend/u_execute/mem_req_uop_q_reg[1][uop][csr_addr][5]/C","student_top_inst/Core_cpu/u_core/u_backend/u_execute/mem_req_uop_q_reg[0][uop][csr_addr][5]/D","clk_out2_pll","clk_out2_pll"
"417","0.113","0.000","0.211","1","","twin_controller_inst/tx_data_reg[2]/C","uart_inst/tx_shift_reg[3]/D","clk_out1_pll","clk_out1_pll"
"418","0.113","0.000","0.211","1","","twin_controller_inst/tx_data_reg[2]/C","uart_inst/tx_shift_reg[3]/D","clk_out1_pll","clk_out1_pll"
"419","0.113","0.000","0.160","0","","virtual_led_50_d1_reg[11]/C","virtual_led_50_d2_reg[11]/D","clk_out1_pll","clk_out1_pll"
"420","0.113","0.000","0.160","0","","virtual_led_50_d1_reg[11]/C","virtual_led_50_d2_reg[11]/D","clk_out1_pll","clk_out1_pll"
"421","0.113","0.000","0.160","0","","virtual_led_50_d1_reg[17]/C","virtual_led_50_d2_reg[17]/D","clk_out1_pll","clk_out1_pll"
"422","0.113","0.000","0.160","0","","virtual_led_50_d1_reg[17]/C","virtual_led_50_d2_reg[17]/D","clk_out1_pll","clk_out1_pll"
"423","0.113","0.000","0.160","0","","virtual_seg_50_d1_reg[23]/C","virtual_seg_50_d2_reg[23]/D","clk_out1_pll","clk_out1_pll"
"424","0.113","0.000","0.160","0","","virtual_seg_50_d1_reg[23]/C","virtual_seg_50_d2_reg[23]/D","clk_out1_pll","clk_out1_pll"
"425","0.113","0.000","0.160","0","","virtual_seg_50_d1_reg[24]/C","virtual_seg_50_d2_reg[24]/D","clk_out1_pll","clk_out1_pll"
"426","0.113","0.000","0.160","0","","virtual_seg_50_d1_reg[24]/C","virtual_seg_50_d2_reg[24]/D","clk_out1_pll","clk_out1_pll"
"427","0.113","0.000","0.160","0","","virtual_seg_50_d1_reg[31]/C","virtual_seg_50_d2_reg[31]/D","clk_out1_pll","clk_out1_pll"
"428","0.113","0.000","0.160","0","","virtual_seg_50_d1_reg[31]/C","virtual_seg_50_d2_reg[31]/D","clk_out1_pll","clk_out1_pll"
"429","0.113","0.000","0.160","0","","student_top_inst/Core_cpu/u_core/u_backend/u_execute/u_muldiv/u_mul/U0/i_mult/gLUT.gLUT_speed.iLUT/NxM_mult.pp_gen_pipeline.pp_gen_loop[16].b_is_even.pp_out_reg_reg[16][32]/C","student_top_inst/Core_cpu/u_core/u_backend/u_execute/u_muldiv/u_mul/U0/i_mult/gLUT.gLUT_speed.iLUT/NxM_mult.stage_2_add.stage_2_pipeline.s2_add_out_reg[4][32]/D","clk_out2_pll","clk_out2_pll"
"430","0.113","0.000","0.160","0","","student_top_inst/Core_cpu/u_core/u_backend/u_execute/u_muldiv/u_mul/U0/i_mult/gLUT.gLUT_speed.iLUT/NxM_mult.pp_gen_pipeline.pp_gen_loop[16].b_is_even.pp_out_reg_reg[16][32]/C","student_top_inst/Core_cpu/u_core/u_backend/u_execute/u_muldiv/u_mul/U0/i_mult/gLUT.gLUT_speed.iLUT/NxM_mult.stage_2_add.stage_2_pipeline.s2_add_out_reg[4][32]/D","clk_out2_pll","clk_out2_pll"
"431","0.113","0.000","0.497","1","","student_top_inst/Core_cpu/u_core/u_backend/u_dispatch/mem_entry_q_reg[2][uop][imm_i][9]/C","student_top_inst/Core_cpu/u_core/u_backend/u_dispatch/mem_entry_q_reg[1][uop][imm_i][9]/D","clk_out2_pll","clk_out2_pll"
"432","0.113","0.000","0.497","1","","student_top_inst/Core_cpu/u_core/u_backend/u_dispatch/mem_entry_q_reg[2][uop][imm_i][9]/C","student_top_inst/Core_cpu/u_core/u_backend/u_dispatch/mem_entry_q_reg[1][uop][imm_i][9]/D","clk_out2_pll","clk_out2_pll"
"433","0.113","0.000","0.184","1","","student_top_inst/Core_cpu/u_core/u_backend/u_execute/mem_req_uop_q_reg[1][uop][pc][3]/C","student_top_inst/Core_cpu/u_core/u_backend/u_execute/mem_req_uop_q_reg[0][uop][pc][3]/D","clk_out2_pll","clk_out2_pll"
"434","0.113","0.000","0.184","1","","student_top_inst/Core_cpu/u_core/u_backend/u_execute/mem_req_uop_q_reg[1][uop][pc][3]/C","student_top_inst/Core_cpu/u_core/u_backend/u_execute/mem_req_uop_q_reg[0][uop][pc][3]/D","clk_out2_pll","clk_out2_pll"
"435","0.113","0.000","0.184","1","","student_top_inst/Core_cpu/u_core/u_backend/u_execute/mem_req_uop_q_reg[1][uop][imm_s][7]/C","student_top_inst/Core_cpu/u_core/u_backend/u_execute/mem_req_uop_q_reg[0][uop][imm_s][7]/D","clk_out2_pll","clk_out2_pll"
"436","0.113","0.000","0.184","1","","student_top_inst/Core_cpu/u_core/u_backend/u_execute/mem_req_uop_q_reg[1][uop][imm_s][7]/C","student_top_inst/Core_cpu/u_core/u_backend/u_execute/mem_req_uop_q_reg[0][uop][imm_s][7]/D","clk_out2_pll","clk_out2_pll"
"437","0.113","0.000","0.184","1","","student_top_inst/Core_cpu/u_core/u_backend/u_execute/mem_req_uop_q_reg[1][uop][imm_i][29]/C","student_top_inst/Core_cpu/u_core/u_backend/u_execute/mem_req_uop_q_reg[0][uop][imm_i][29]/D","clk_out2_pll","clk_out2_pll"
"438","0.113","0.000","0.184","1","","student_top_inst/Core_cpu/u_core/u_backend/u_execute/mem_req_uop_q_reg[1][uop][imm_i][29]/C","student_top_inst/Core_cpu/u_core/u_backend/u_execute/mem_req_uop_q_reg[0][uop][imm_i][29]/D","clk_out2_pll","clk_out2_pll"
"439","0.115","0.000","0.319","1","","student_top_inst/Core_cpu/u_core/u_backend/u_dispatch/mem_entry_q_reg[1][uop][imm_s][9]/C","student_top_inst/Core_cpu/u_core/u_backend/u_dispatch/mem_entry_q_reg[0][uop][imm_s][9]/D","clk_out2_pll","clk_out2_pll"
"440","0.115","0.000","0.319","1","","student_top_inst/Core_cpu/u_core/u_backend/u_dispatch/mem_entry_q_reg[1][uop][imm_s][9]/C","student_top_inst/Core_cpu/u_core/u_backend/u_dispatch/mem_entry_q_reg[0][uop][imm_s][9]/D","clk_out2_pll","clk_out2_pll"
"441","0.115","0.000","0.482","0","","student_top_inst/Core_cpu/u_core/u_bpu/update_pc_q_reg[6]_rep/C","student_top_inst/Core_cpu/u_core/u_bpu/btb_target_q_reg_r1_0_63_0_2/RAMA/WADR4","clk_out2_pll","clk_out2_pll"
"442","0.115","0.000","0.482","0","","student_top_inst/Core_cpu/u_core/u_bpu/update_pc_q_reg[6]_rep/C","student_top_inst/Core_cpu/u_core/u_bpu/btb_target_q_reg_r1_0_63_0_2/RAMA/WADR4","clk_out2_pll","clk_out2_pll"
"443","0.115","0.000","0.482","0","","student_top_inst/Core_cpu/u_core/u_bpu/update_pc_q_reg[6]_rep/C","student_top_inst/Core_cpu/u_core/u_bpu/btb_target_q_reg_r1_0_63_0_2/RAMB/WADR4","clk_out2_pll","clk_out2_pll"
"444","0.115","0.000","0.482","0","","student_top_inst/Core_cpu/u_core/u_bpu/update_pc_q_reg[6]_rep/C","student_top_inst/Core_cpu/u_core/u_bpu/btb_target_q_reg_r1_0_63_0_2/RAMB/WADR4","clk_out2_pll","clk_out2_pll"
"445","0.115","0.000","0.482","0","","student_top_inst/Core_cpu/u_core/u_bpu/update_pc_q_reg[6]_rep/C","student_top_inst/Core_cpu/u_core/u_bpu/btb_target_q_reg_r1_0_63_0_2/RAMC/WADR4","clk_out2_pll","clk_out2_pll"
"446","0.115","0.000","0.482","0","","student_top_inst/Core_cpu/u_core/u_bpu/update_pc_q_reg[6]_rep/C","student_top_inst/Core_cpu/u_core/u_bpu/btb_target_q_reg_r1_0_63_0_2/RAMC/WADR4","clk_out2_pll","clk_out2_pll"
"447","0.115","0.000","0.482","0","","student_top_inst/Core_cpu/u_core/u_bpu/update_pc_q_reg[6]_rep/C","student_top_inst/Core_cpu/u_core/u_bpu/btb_target_q_reg_r1_0_63_0_2/RAMD/WADR4","clk_out2_pll","clk_out2_pll"
"448","0.115","0.000","0.482","0","","student_top_inst/Core_cpu/u_core/u_bpu/update_pc_q_reg[6]_rep/C","student_top_inst/Core_cpu/u_core/u_bpu/btb_target_q_reg_r1_0_63_0_2/RAMD/WADR4","clk_out2_pll","clk_out2_pll"
"449","0.115","0.000","0.162","0","","student_top_inst/Core_cpu/u_core/u_backend/u_execute/u_muldiv/u_div/U0/i_synth/i_nonzero_fract.i_synth/i_algo_r2_or_lutmult.i_nonzero_fract.i_sdivider/i_sdivider.divider_blk/div_loop[1].divisor_gen.divisor_dc1.del_divisor_msbs/opt_has_pipe.first_q_reg[6]/C","student_top_inst/Core_cpu/u_core/u_backend/u_execute/u_muldiv/u_div/U0/i_synth/i_nonzero_fract.i_synth/i_algo_r2_or_lutmult.i_nonzero_fract.i_sdivider/i_sdivider.divider_blk/div_loop[2].divisor_gen.divisor_dc1.del_divisor_msbs/opt_has_pipe.first_q_reg[6]/D","clk_out2_pll","clk_out2_pll"
"450","0.115","0.000","0.162","0","","student_top_inst/Core_cpu/u_core/u_backend/u_execute/u_muldiv/u_div/U0/i_synth/i_nonzero_fract.i_synth/i_algo_r2_or_lutmult.i_nonzero_fract.i_sdivider/i_sdivider.divider_blk/div_loop[1].divisor_gen.divisor_dc1.del_divisor_msbs/opt_has_pipe.first_q_reg[6]/C","student_top_inst/Core_cpu/u_core/u_backend/u_execute/u_muldiv/u_div/U0/i_synth/i_nonzero_fract.i_synth/i_algo_r2_or_lutmult.i_nonzero_fract.i_sdivider/i_sdivider.divider_blk/div_loop[2].divisor_gen.divisor_dc1.del_divisor_msbs/opt_has_pipe.first_q_reg[6]/D","clk_out2_pll","clk_out2_pll"
"451","0.115","0.000","0.230","1","","student_top_inst/Core_cpu/u_core/u_backend/u_execute/mem_req_uop_q_reg[1][uop][pc][5]/C","student_top_inst/Core_cpu/u_core/u_backend/u_execute/mem_req_uop_q_reg[0][uop][pc][5]/D","clk_out2_pll","clk_out2_pll"
"452","0.115","0.000","0.230","1","","student_top_inst/Core_cpu/u_core/u_backend/u_execute/mem_req_uop_q_reg[1][uop][pc][5]/C","student_top_inst/Core_cpu/u_core/u_backend/u_execute/mem_req_uop_q_reg[0][uop][pc][5]/D","clk_out2_pll","clk_out2_pll"
"453","0.116","0.000","0.391","0","","student_top_inst/Core_cpu/u_core/u_bpu/update_target_q_reg[22]/C","student_top_inst/Core_cpu/u_core/u_bpu/btb_target_q_reg_r2_128_191_21_23/RAMB/I","clk_out2_pll","clk_out2_pll"
"454","0.116","0.000","0.391","0","","student_top_inst/Core_cpu/u_core/u_bpu/update_target_q_reg[22]/C","student_top_inst/Core_cpu/u_core/u_bpu/btb_target_q_reg_r2_128_191_21_23/RAMB/I","clk_out2_pll","clk_out2_pll"
"455","0.116","0.000","0.280","0","","student_top_inst/Core_cpu/u_core/u_bpu/update_pc_q_reg[29]/C","student_top_inst/Core_cpu/u_core/u_bpu/btb_tag_q_reg_r2_64_127_18_20/RAMB/I","clk_out2_pll","clk_out2_pll"
"456","0.116","0.000","0.280","0","","student_top_inst/Core_cpu/u_core/u_bpu/update_pc_q_reg[29]/C","student_top_inst/Core_cpu/u_core/u_bpu/btb_tag_q_reg_r2_64_127_18_20/RAMB/I","clk_out2_pll","clk_out2_pll"
"457","0.116","0.000","0.320","1","","student_top_inst/Core_cpu/u_core/u_backend/u_dispatch/mem_entry_q_reg[1][uop][csr_addr][1]/C","student_top_inst/Core_cpu/u_core/u_backend/u_dispatch/mem_entry_q_reg[0][uop][csr_addr][1]/D","clk_out2_pll","clk_out2_pll"
"458","0.116","0.000","0.320","1","","student_top_inst/Core_cpu/u_core/u_backend/u_dispatch/mem_entry_q_reg[1][uop][csr_addr][1]/C","student_top_inst/Core_cpu/u_core/u_backend/u_dispatch/mem_entry_q_reg[0][uop][csr_addr][1]/D","clk_out2_pll","clk_out2_pll"
"459","0.118","0.000","0.216","1","","student_top_inst/Core_cpu/u_core/u_backend/u_execute/mem_probe_store_data_q_reg[11]/C","student_top_inst/Core_cpu/u_core/u_backend/u_execute/mem_req_store_data_q_reg[0][11]/D","clk_out2_pll","clk_out2_pll"
"460","0.118","0.000","0.216","1","","student_top_inst/Core_cpu/u_core/u_backend/u_execute/mem_probe_store_data_q_reg[11]/C","student_top_inst/Core_cpu/u_core/u_backend/u_execute/mem_req_store_data_q_reg[0][11]/D","clk_out2_pll","clk_out2_pll"
"461","0.118","0.000","0.216","1","","student_top_inst/Core_cpu/u_core/u_backend/u_execute/mem_probe_uop_q_reg[uop][exception_cause][3]/C","student_top_inst/Core_cpu/u_core/u_backend/u_execute/mem_req_uop_q_reg[0][uop][exception_cause][3]/D","clk_out2_pll","clk_out2_pll"
"462","0.118","0.000","0.216","1","","student_top_inst/Core_cpu/u_core/u_backend/u_execute/mem_probe_uop_q_reg[uop][exception_cause][3]/C","student_top_inst/Core_cpu/u_core/u_backend/u_execute/mem_req_uop_q_reg[0][uop][exception_cause][3]/D","clk_out2_pll","clk_out2_pll"
"463","0.118","0.000","0.216","1","","student_top_inst/Core_cpu/u_core/u_backend/u_dispatch/mem_entry_q_reg[3][uop][imm_s][4]/C","student_top_inst/Core_cpu/u_core/u_backend/u_dispatch/mem_entry_q_reg[2][uop][imm_s][4]/D","clk_out2_pll","clk_out2_pll"
"464","0.118","0.000","0.216","1","","student_top_inst/Core_cpu/u_core/u_backend/u_dispatch/mem_entry_q_reg[3][uop][imm_s][4]/C","student_top_inst/Core_cpu/u_core/u_backend/u_dispatch/mem_entry_q_reg[2][uop][imm_s][4]/D","clk_out2_pll","clk_out2_pll"
"465","0.118","0.000","0.216","1","","student_top_inst/Core_cpu/u_core/u_backend/u_execute/mem_probe_store_data_q_reg[1]/C","student_top_inst/Core_cpu/u_core/u_backend/u_execute/mem_req_store_data_q_reg[0][1]/D","clk_out2_pll","clk_out2_pll"
"466","0.118","0.000","0.216","1","","student_top_inst/Core_cpu/u_core/u_backend/u_execute/mem_probe_store_data_q_reg[1]/C","student_top_inst/Core_cpu/u_core/u_backend/u_execute/mem_req_store_data_q_reg[0][1]/D","clk_out2_pll","clk_out2_pll"
"467","0.118","0.000","0.216","1","","student_top_inst/Core_cpu/u_core/u_backend/u_execute/mem_probe_uop_q_reg[uop][pc][11]/C","student_top_inst/Core_cpu/u_core/u_backend/u_execute/mem_req_uop_q_reg[1][uop][pc][11]/D","clk_out2_pll","clk_out2_pll"
"468","0.118","0.000","0.216","1","","student_top_inst/Core_cpu/u_core/u_backend/u_execute/mem_probe_uop_q_reg[uop][pc][11]/C","student_top_inst/Core_cpu/u_core/u_backend/u_execute/mem_req_uop_q_reg[1][uop][pc][11]/D","clk_out2_pll","clk_out2_pll"
"469","0.119","0.000","0.217","1","","student_top_inst/Core_cpu/u_core/u_backend/u_dispatch/mem_entry_q_reg[2][uop][imm_i][24]/C","student_top_inst/Core_cpu/u_core/u_backend/u_dispatch/mem_entry_q_reg[1][uop][imm_i][24]/D","clk_out2_pll","clk_out2_pll"
"470","0.119","0.000","0.217","1","","student_top_inst/Core_cpu/u_core/u_backend/u_dispatch/mem_entry_q_reg[2][uop][imm_i][24]/C","student_top_inst/Core_cpu/u_core/u_backend/u_dispatch/mem_entry_q_reg[1][uop][imm_i][24]/D","clk_out2_pll","clk_out2_pll"
"471","0.119","0.000","0.217","1","","student_top_inst/Core_cpu/u_core/u_backend/u_dispatch/mem_entry_q_reg[2][uop][imm_s][13]/C","student_top_inst/Core_cpu/u_core/u_backend/u_dispatch/mem_entry_q_reg[1][uop][imm_s][13]/D","clk_out2_pll","clk_out2_pll"
"472","0.119","0.000","0.217","1","","student_top_inst/Core_cpu/u_core/u_backend/u_dispatch/mem_entry_q_reg[2][uop][imm_s][13]/C","student_top_inst/Core_cpu/u_core/u_backend/u_dispatch/mem_entry_q_reg[1][uop][imm_s][13]/D","clk_out2_pll","clk_out2_pll"
"473","0.119","0.000","0.217","1","","student_top_inst/Core_cpu/u_core/u_backend/u_execute/mem_probe_uop_q_reg[uop][is_csr]/C","student_top_inst/Core_cpu/u_core/u_backend/u_execute/mem_req_uop_q_reg[0][uop][is_csr]/D","clk_out2_pll","clk_out2_pll"
"474","0.119","0.000","0.217","1","","student_top_inst/Core_cpu/u_core/u_backend/u_execute/mem_probe_uop_q_reg[uop][is_csr]/C","student_top_inst/Core_cpu/u_core/u_backend/u_execute/mem_req_uop_q_reg[0][uop][is_csr]/D","clk_out2_pll","clk_out2_pll"
"475","0.119","0.000","0.191","1","","student_top_inst/Core_cpu/u_core/u_backend/u_execute/mem_probe_uop_q_reg[uop][imm_i][23]/C","student_top_inst/Core_cpu/u_core/u_backend/u_execute/mem_req_uop_q_reg[0][uop][imm_i][23]/D","clk_out2_pll","clk_out2_pll"
"476","0.119","0.000","0.191","1","","student_top_inst/Core_cpu/u_core/u_backend/u_execute/mem_probe_uop_q_reg[uop][imm_i][23]/C","student_top_inst/Core_cpu/u_core/u_backend/u_execute/mem_req_uop_q_reg[0][uop][imm_i][23]/D","clk_out2_pll","clk_out2_pll"
"477","0.119","0.000","0.190","1","","student_top_inst/Core_cpu/u_core/u_backend/u_execute/mem_probe_uop_q_reg[uop][alu_op][2]/C","student_top_inst/Core_cpu/u_core/u_backend/u_execute/mem_req_uop_q_reg[0][uop][alu_op][2]/D","clk_out2_pll","clk_out2_pll"
"478","0.119","0.000","0.190","1","","student_top_inst/Core_cpu/u_core/u_backend/u_execute/mem_probe_uop_q_reg[uop][alu_op][2]/C","student_top_inst/Core_cpu/u_core/u_backend/u_execute/mem_req_uop_q_reg[0][uop][alu_op][2]/D","clk_out2_pll","clk_out2_pll"
"479","0.120","0.000","0.218","1","","student_top_inst/Core_cpu/u_core/u_backend/u_execute/mem_probe_uop_q_reg[uop][pc][26]/C","student_top_inst/Core_cpu/u_core/u_backend/u_execute/mem_req_uop_q_reg[0][uop][pc][26]/D","clk_out2_pll","clk_out2_pll"
"480","0.120","0.000","0.218","1","","student_top_inst/Core_cpu/u_core/u_backend/u_execute/mem_probe_uop_q_reg[uop][pc][26]/C","student_top_inst/Core_cpu/u_core/u_backend/u_execute/mem_req_uop_q_reg[0][uop][pc][26]/D","clk_out2_pll","clk_out2_pll"
"481","0.120","0.000","0.375","0","","student_top_inst/Core_cpu/u_dcache/req_tag_q_reg[8]/C","student_top_inst/Core_cpu/u_dcache/tag_way0_q_reg_0_63_6_8/RAMC/I","clk_out2_pll","clk_out2_pll"
"482","0.120","0.000","0.375","0","","student_top_inst/Core_cpu/u_dcache/req_tag_q_reg[8]/C","student_top_inst/Core_cpu/u_dcache/tag_way0_q_reg_0_63_6_8/RAMC/I","clk_out2_pll","clk_out2_pll"
"483","0.121","0.000","0.219","1","","student_top_inst/Core_cpu/u_core/u_backend/u_dispatch/mem_entry_q_reg[2][uop][imm_i][8]/C","student_top_inst/Core_cpu/u_core/u_backend/u_dispatch/mem_entry_q_reg[1][uop][imm_i][8]/D","clk_out2_pll","clk_out2_pll"
"484","0.121","0.000","0.219","1","","student_top_inst/Core_cpu/u_core/u_backend/u_dispatch/mem_entry_q_reg[2][uop][imm_i][8]/C","student_top_inst/Core_cpu/u_core/u_backend/u_dispatch/mem_entry_q_reg[1][uop][imm_i][8]/D","clk_out2_pll","clk_out2_pll"
"485","0.121","0.000","0.282","0","","student_top_inst/Core_cpu/u_dcache/req_tag_q_reg[13]/C","student_top_inst/Core_cpu/u_dcache/tag_way1_q_reg_64_127_12_14/RAMB/I","clk_out2_pll","clk_out2_pll"
"486","0.121","0.000","0.282","0","","student_top_inst/Core_cpu/u_dcache/req_tag_q_reg[13]/C","student_top_inst/Core_cpu/u_dcache/tag_way1_q_reg_64_127_12_14/RAMB/I","clk_out2_pll","clk_out2_pll"
"487","0.122","0.000","0.281","0","","student_top_inst/Core_cpu/u_dcache/req_tag_q_reg[12]/C","student_top_inst/Core_cpu/u_dcache/tag_way1_q_reg_0_63_12_14/RAMA/I","clk_out2_pll","clk_out2_pll"
"488","0.122","0.000","0.281","0","","student_top_inst/Core_cpu/u_dcache/req_tag_q_reg[12]/C","student_top_inst/Core_cpu/u_dcache/tag_way1_q_reg_0_63_12_14/RAMA/I","clk_out2_pll","clk_out2_pll"
"489","0.122","0.000","0.278","0","","student_top_inst/Core_cpu/u_core/u_bpu/update_return_pc_q_reg[18]/C","student_top_inst/Core_cpu/u_core/u_bpu/ras_q_reg_0_7_18_23/RAMA/I","clk_out2_pll","clk_out2_pll"
"490","0.122","0.000","0.278","0","","student_top_inst/Core_cpu/u_core/u_bpu/update_return_pc_q_reg[18]/C","student_top_inst/Core_cpu/u_core/u_bpu/ras_q_reg_0_7_18_23/RAMA/I","clk_out2_pll","clk_out2_pll"
"491","0.122","0.000","0.220","1","","student_top_inst/Core_cpu/u_core/u_backend/u_store_buffer/entry_q_reg[7][addr][13]/C","student_top_inst/Core_cpu/u_core/u_backend/u_store_buffer/entry_q_reg[3][addr][13]/D","clk_out2_pll","clk_out2_pll"
"492","0.122","0.000","0.220","1","","student_top_inst/Core_cpu/u_core/u_backend/u_store_buffer/entry_q_reg[7][addr][13]/C","student_top_inst/Core_cpu/u_core/u_backend/u_store_buffer/entry_q_reg[3][addr][13]/D","clk_out2_pll","clk_out2_pll"
"493","0.123","0.000","0.266","0","","student_top_inst/Core_cpu/u_dcache/req_tag_q_reg[9]/C","student_top_inst/Core_cpu/u_dcache/tag_way0_q_reg_64_127_9_11/RAMA/I","clk_out2_pll","clk_out2_pll"
"494","0.123","0.000","0.266","0","","student_top_inst/Core_cpu/u_dcache/req_tag_q_reg[9]/C","student_top_inst/Core_cpu/u_dcache/tag_way0_q_reg_64_127_9_11/RAMA/I","clk_out2_pll","clk_out2_pll"
"495","0.123","0.000","0.145","0","","student_top_inst/Core_cpu/u_core/u_backend/u_execute/u_muldiv/u_div/U0/i_synth/i_nonzero_fract.i_synth/i_algo_r2_or_lutmult.i_nonzero_fract.i_sdivider/i_sdivider.divider_blk/div_loop[17].quot_gen.quot_reg.i_div1.quot_out/opt_has_pipe.first_q_reg[7]/C","student_top_inst/Core_cpu/u_core/u_backend/u_execute/u_muldiv/u_div/U0/i_synth/i_nonzero_fract.i_synth/i_algo_r2_or_lutmult.i_nonzero_fract.i_sdivider/i_sdivider.divider_blk/div_loop[18].quot_gen.quot_reg.i_div1.quot_out/opt_has_pipe.first_q_reg[8]/D","clk_out2_pll","clk_out2_pll"
"496","0.123","0.000","0.145","0","","student_top_inst/Core_cpu/u_core/u_backend/u_execute/u_muldiv/u_div/U0/i_synth/i_nonzero_fract.i_synth/i_algo_r2_or_lutmult.i_nonzero_fract.i_sdivider/i_sdivider.divider_blk/div_loop[17].quot_gen.quot_reg.i_div1.quot_out/opt_has_pipe.first_q_reg[7]/C","student_top_inst/Core_cpu/u_core/u_backend/u_execute/u_muldiv/u_div/U0/i_synth/i_nonzero_fract.i_synth/i_algo_r2_or_lutmult.i_nonzero_fract.i_sdivider/i_sdivider.divider_blk/div_loop[18].quot_gen.quot_reg.i_div1.quot_out/opt_has_pipe.first_q_reg[8]/D","clk_out2_pll","clk_out2_pll"
"497","0.123","0.000","0.247","0","","student_top_inst/Core_cpu/u_dcache/req_tag_q_reg[4]/C","student_top_inst/Core_cpu/u_dcache/tag_way1_q_reg_0_63_3_5/RAMB/I","clk_out2_pll","clk_out2_pll"
"498","0.123","0.000","0.247","0","","student_top_inst/Core_cpu/u_dcache/req_tag_q_reg[4]/C","student_top_inst/Core_cpu/u_dcache/tag_way1_q_reg_0_63_3_5/RAMB/I","clk_out2_pll","clk_out2_pll"
"499","0.123","0.000","0.170","0","","student_top_inst/Core_cpu/u_core/u_backend/u_execute/u_muldiv/u_div/U0/i_synth/i_nonzero_fract.i_synth/i_algo_r2_or_lutmult.i_nonzero_fract.i_sdivider/i_sdivider.divider_blk/div_loop[12].adder_gen.reg_req.adsu_mod/add1/no_pipelining.the_addsub/i_q_simple.qreg/opt_has_pipe.first_q_reg[32]/C","student_top_inst/Core_cpu/u_core/u_backend/u_execute/u_muldiv/u_div/U0/i_synth/i_nonzero_fract.i_synth/i_algo_r2_or_lutmult.i_nonzero_fract.i_sdivider/i_sdivider.divider_blk/div_loop[13].quot_gen.quot_reg.i_div1.quot_out/opt_has_pipe.first_q_reg[0]/D","clk_out2_pll","clk_out2_pll"
"500","0.123","0.000","0.170","0","","student_top_inst/Core_cpu/u_core/u_backend/u_execute/u_muldiv/u_div/U0/i_synth/i_nonzero_fract.i_synth/i_algo_r2_or_lutmult.i_nonzero_fract.i_sdivider/i_sdivider.divider_blk/div_loop[12].adder_gen.reg_req.adsu_mod/add1/no_pipelining.the_addsub/i_q_simple.qreg/opt_has_pipe.first_q_reg[32]/C","student_top_inst/Core_cpu/u_core/u_backend/u_execute/u_muldiv/u_div/U0/i_synth/i_nonzero_fract.i_synth/i_algo_r2_or_lutmult.i_nonzero_fract.i_sdivider/i_sdivider.divider_blk/div_loop[13].quot_gen.quot_reg.i_div1.quot_out/opt_has_pipe.first_q_reg[0]/D","clk_out2_pll","clk_out2_pll"
