Copyright 1986-2022 Xilinx, Inc. All Rights Reserved. Copyright 2022-2023 Advanced Micro Devices, Inc. All Rights Reserved.
-----------------------------------------------------------------------------------------------------------------------------------------------------------------------------------------------------------------------
| Tool Version : Vivado v.2023.2 (win64) Build 4029153 Fri Oct 13 20:14:34 MDT 2023
| Date         : Sat Jul 11 23:32:42 2026
| Host         : LAPTOP-6CG4KN49 running 64-bit major release  (build 9200)
| Command      : report_methodology -file E:/Resources/03_competitions/26_03_jcs/2607round/superScalar/fpga/build/digital_twin_srcWithMext/exported_reports/commit_c24d8588372f_100mhz_routed_20260711/methodology.rpt
| Design       : top
| Device       : xc7k325tffg900-2
| Speed File   : -2
| Design State : Fully Routed
-----------------------------------------------------------------------------------------------------------------------------------------------------------------------------------------------------------------------

Report Methodology

Table of Contents
-----------------
1. REPORT SUMMARY
2. REPORT DETAILS

1. REPORT SUMMARY
-----------------
            Netlist: netlist
          Floorplan: checkpoint_top_routed
      Design limits: <entire design considered>
             Max violations: <unlimited>
             Violations found: 1217
+-----------+----------+-------------------------------------------------------------------------------------------------------+------------+
| Rule      | Severity | Description                                                                                           | Violations |
+-----------+----------+-------------------------------------------------------------------------------------------------------+------------+
| HPDR-2    | Warning  | Port pin INOUT inconsistency                                                                          | 205        |
| SYNTH-5   | Warning  | Mapped onto distributed RAM because of timing constraints                                             | 8          |
| TIMING-16 | Warning  | Large setup violation                                                                                 | 1000       |
| TIMING-28 | Warning  | Auto-derived clock referenced by a timing constraint                                                  | 2          |
| TIMING-47 | Warning  | False path, asynchronous clock group or max delay datapath only constraint between synchronous clocks | 2          |
+-----------+----------+-------------------------------------------------------------------------------------------------------+------------+

2. REPORT DETAILS
-----------------
HPDR-2#1 Warning
Port pin INOUT inconsistency  
Hierarchical port(pin) student_top_inst/Core_cpu/u_core/dromAccess\\.exReadAddr[0] direction INOUT is not consistent with the directions of the cell pins/ports found at that level of the netlist hierarchy. Please review the design and consider changing the port(pin) direction. Both drivers and loads were expected for the net (student_top_inst/Core_cpu/u_core_n_4033) connected to this hierarchical pin/port, but both were not found.
Related violations: <none>

HPDR-2#2 Warning
Port pin INOUT inconsistency  
Hierarchical port(pin) student_top_inst/Core_cpu/u_core/dromAccess\\.exReadAddr[10] direction INOUT is not consistent with the directions of the cell pins/ports found at that level of the netlist hierarchy. Please review the design and consider changing the port(pin) direction. Both drivers and loads were expected for the net (student_top_inst/Core_cpu/u_core_n_4023) connected to this hierarchical pin/port, but both were not found.
Related violations: <none>

HPDR-2#3 Warning
Port pin INOUT inconsistency  
Hierarchical port(pin) student_top_inst/Core_cpu/u_core/dromAccess\\.exReadAddr[11] direction INOUT is not consistent with the directions of the cell pins/ports found at that level of the netlist hierarchy. Please review the design and consider changing the port(pin) direction. Both drivers and loads were expected for the net (student_top_inst/Core_cpu/u_core_n_4022) connected to this hierarchical pin/port, but both were not found.
Related violations: <none>

HPDR-2#4 Warning
Port pin INOUT inconsistency  
Hierarchical port(pin) student_top_inst/Core_cpu/u_core/dromAccess\\.exReadAddr[12] direction INOUT is not consistent with the directions of the cell pins/ports found at that level of the netlist hierarchy. Please review the design and consider changing the port(pin) direction. Both drivers and loads were expected for the net (student_top_inst/Core_cpu/u_core_n_4021) connected to this hierarchical pin/port, but both were not found.
Related violations: <none>

HPDR-2#5 Warning
Port pin INOUT inconsistency  
Hierarchical port(pin) student_top_inst/Core_cpu/u_core/dromAccess\\.exReadAddr[13] direction INOUT is not consistent with the directions of the cell pins/ports found at that level of the netlist hierarchy. Please review the design and consider changing the port(pin) direction. Both drivers and loads were expected for the net (student_top_inst/Core_cpu/u_core_n_4020) connected to this hierarchical pin/port, but both were not found.
Related violations: <none>

HPDR-2#6 Warning
Port pin INOUT inconsistency  
Hierarchical port(pin) student_top_inst/Core_cpu/u_core/dromAccess\\.exReadAddr[14] direction INOUT is not consistent with the directions of the cell pins/ports found at that level of the netlist hierarchy. Please review the design and consider changing the port(pin) direction. Both drivers and loads were expected for the net (student_top_inst/Core_cpu/u_core_n_4019) connected to this hierarchical pin/port, but both were not found.
Related violations: <none>

HPDR-2#7 Warning
Port pin INOUT inconsistency  
Hierarchical port(pin) student_top_inst/Core_cpu/u_core/dromAccess\\.exReadAddr[15] direction INOUT is not consistent with the directions of the cell pins/ports found at that level of the netlist hierarchy. Please review the design and consider changing the port(pin) direction. Both drivers and loads were expected for the net (student_top_inst/Core_cpu/u_core_n_4018) connected to this hierarchical pin/port, but both were not found.
Related violations: <none>

HPDR-2#8 Warning
Port pin INOUT inconsistency  
Hierarchical port(pin) student_top_inst/Core_cpu/u_core/dromAccess\\.exReadAddr[16] direction INOUT is not consistent with the directions of the cell pins/ports found at that level of the netlist hierarchy. Please review the design and consider changing the port(pin) direction. Both drivers and loads were expected for the net (student_top_inst/Core_cpu/u_core_n_4017) connected to this hierarchical pin/port, but both were not found.
Related violations: <none>

HPDR-2#9 Warning
Port pin INOUT inconsistency  
Hierarchical port(pin) student_top_inst/Core_cpu/u_core/dromAccess\\.exReadAddr[17] direction INOUT is not consistent with the directions of the cell pins/ports found at that level of the netlist hierarchy. Please review the design and consider changing the port(pin) direction. Both drivers and loads were expected for the net (student_top_inst/Core_cpu/u_core_n_4016) connected to this hierarchical pin/port, but both were not found.
Related violations: <none>

HPDR-2#10 Warning
Port pin INOUT inconsistency  
Hierarchical port(pin) student_top_inst/Core_cpu/u_core/dromAccess\\.exReadAddr[18] direction INOUT is not consistent with the directions of the cell pins/ports found at that level of the netlist hierarchy. Please review the design and consider changing the port(pin) direction. Both drivers and loads were expected for the net (student_top_inst/Core_cpu/u_core_n_4015) connected to this hierarchical pin/port, but both were not found.
Related violations: <none>

HPDR-2#11 Warning
Port pin INOUT inconsistency  
Hierarchical port(pin) student_top_inst/Core_cpu/u_core/dromAccess\\.exReadAddr[19] direction INOUT is not consistent with the directions of the cell pins/ports found at that level of the netlist hierarchy. Please review the design and consider changing the port(pin) direction. Both drivers and loads were expected for the net (student_top_inst/Core_cpu/u_core_n_4014) connected to this hierarchical pin/port, but both were not found.
Related violations: <none>

HPDR-2#12 Warning
Port pin INOUT inconsistency  
Hierarchical port(pin) student_top_inst/Core_cpu/u_core/dromAccess\\.exReadAddr[1] direction INOUT is not consistent with the directions of the cell pins/ports found at that level of the netlist hierarchy. Please review the design and consider changing the port(pin) direction. Both drivers and loads were expected for the net (student_top_inst/Core_cpu/u_core_n_4032) connected to this hierarchical pin/port, but both were not found.
Related violations: <none>

HPDR-2#13 Warning
Port pin INOUT inconsistency  
Hierarchical port(pin) student_top_inst/Core_cpu/u_core/dromAccess\\.exReadAddr[20] direction INOUT is not consistent with the directions of the cell pins/ports found at that level of the netlist hierarchy. Please review the design and consider changing the port(pin) direction. Both drivers and loads were expected for the net (student_top_inst/Core_cpu/u_core_n_4013) connected to this hierarchical pin/port, but both were not found.
Related violations: <none>

HPDR-2#14 Warning
Port pin INOUT inconsistency  
Hierarchical port(pin) student_top_inst/Core_cpu/u_core/dromAccess\\.exReadAddr[21] direction INOUT is not consistent with the directions of the cell pins/ports found at that level of the netlist hierarchy. Please review the design and consider changing the port(pin) direction. Both drivers and loads were expected for the net (student_top_inst/Core_cpu/u_core_n_4012) connected to this hierarchical pin/port, but both were not found.
Related violations: <none>

HPDR-2#15 Warning
Port pin INOUT inconsistency  
Hierarchical port(pin) student_top_inst/Core_cpu/u_core/dromAccess\\.exReadAddr[22] direction INOUT is not consistent with the directions of the cell pins/ports found at that level of the netlist hierarchy. Please review the design and consider changing the port(pin) direction. Both drivers and loads were expected for the net (student_top_inst/Core_cpu/u_core_n_4011) connected to this hierarchical pin/port, but both were not found.
Related violations: <none>

HPDR-2#16 Warning
Port pin INOUT inconsistency  
Hierarchical port(pin) student_top_inst/Core_cpu/u_core/dromAccess\\.exReadAddr[23] direction INOUT is not consistent with the directions of the cell pins/ports found at that level of the netlist hierarchy. Please review the design and consider changing the port(pin) direction. Both drivers and loads were expected for the net (student_top_inst/Core_cpu/u_core_n_4010) connected to this hierarchical pin/port, but both were not found.
Related violations: <none>

HPDR-2#17 Warning
Port pin INOUT inconsistency  
Hierarchical port(pin) student_top_inst/Core_cpu/u_core/dromAccess\\.exReadAddr[24] direction INOUT is not consistent with the directions of the cell pins/ports found at that level of the netlist hierarchy. Please review the design and consider changing the port(pin) direction. Both drivers and loads were expected for the net (student_top_inst/Core_cpu/u_core_n_4009) connected to this hierarchical pin/port, but both were not found.
Related violations: <none>

HPDR-2#18 Warning
Port pin INOUT inconsistency  
Hierarchical port(pin) student_top_inst/Core_cpu/u_core/dromAccess\\.exReadAddr[25] direction INOUT is not consistent with the directions of the cell pins/ports found at that level of the netlist hierarchy. Please review the design and consider changing the port(pin) direction. Both drivers and loads were expected for the net (student_top_inst/Core_cpu/u_core_n_4008) connected to this hierarchical pin/port, but both were not found.
Related violations: <none>

HPDR-2#19 Warning
Port pin INOUT inconsistency  
Hierarchical port(pin) student_top_inst/Core_cpu/u_core/dromAccess\\.exReadAddr[26] direction INOUT is not consistent with the directions of the cell pins/ports found at that level of the netlist hierarchy. Please review the design and consider changing the port(pin) direction. Both drivers and loads were expected for the net (student_top_inst/Core_cpu/u_core_n_4007) connected to this hierarchical pin/port, but both were not found.
Related violations: <none>

HPDR-2#20 Warning
Port pin INOUT inconsistency  
Hierarchical port(pin) student_top_inst/Core_cpu/u_core/dromAccess\\.exReadAddr[27] direction INOUT is not consistent with the directions of the cell pins/ports found at that level of the netlist hierarchy. Please review the design and consider changing the port(pin) direction. Both drivers and loads were expected for the net (student_top_inst/Core_cpu/u_core_n_4006) connected to this hierarchical pin/port, but both were not found.
Related violations: <none>

HPDR-2#21 Warning
Port pin INOUT inconsistency  
Hierarchical port(pin) student_top_inst/Core_cpu/u_core/dromAccess\\.exReadAddr[28] direction INOUT is not consistent with the directions of the cell pins/ports found at that level of the netlist hierarchy. Please review the design and consider changing the port(pin) direction. Both drivers and loads were expected for the net (student_top_inst/Core_cpu/u_core_n_4005) connected to this hierarchical pin/port, but both were not found.
Related violations: <none>

HPDR-2#22 Warning
Port pin INOUT inconsistency  
Hierarchical port(pin) student_top_inst/Core_cpu/u_core/dromAccess\\.exReadAddr[29] direction INOUT is not consistent with the directions of the cell pins/ports found at that level of the netlist hierarchy. Please review the design and consider changing the port(pin) direction. Both drivers and loads were expected for the net (student_top_inst/Core_cpu/u_core_n_4004) connected to this hierarchical pin/port, but both were not found.
Related violations: <none>

HPDR-2#23 Warning
Port pin INOUT inconsistency  
Hierarchical port(pin) student_top_inst/Core_cpu/u_core/dromAccess\\.exReadAddr[2] direction INOUT is not consistent with the directions of the cell pins/ports found at that level of the netlist hierarchy. Please review the design and consider changing the port(pin) direction. Both drivers and loads were expected for the net (student_top_inst/Core_cpu/u_core_n_4031) connected to this hierarchical pin/port, but both were not found.
Related violations: <none>

HPDR-2#24 Warning
Port pin INOUT inconsistency  
Hierarchical port(pin) student_top_inst/Core_cpu/u_core/dromAccess\\.exReadAddr[30] direction INOUT is not consistent with the directions of the cell pins/ports found at that level of the netlist hierarchy. Please review the design and consider changing the port(pin) direction. Both drivers and loads were expected for the net (student_top_inst/Core_cpu/u_core_n_4003) connected to this hierarchical pin/port, but both were not found.
Related violations: <none>

HPDR-2#25 Warning
Port pin INOUT inconsistency  
Hierarchical port(pin) student_top_inst/Core_cpu/u_core/dromAccess\\.exReadAddr[31] direction INOUT is not consistent with the directions of the cell pins/ports found at that level of the netlist hierarchy. Please review the design and consider changing the port(pin) direction. Both drivers and loads were expected for the net (student_top_inst/Core_cpu/u_core_n_4002) connected to this hierarchical pin/port, but both were not found.
Related violations: <none>

HPDR-2#26 Warning
Port pin INOUT inconsistency  
Hierarchical port(pin) student_top_inst/Core_cpu/u_core/dromAccess\\.exReadAddr[3] direction INOUT is not consistent with the directions of the cell pins/ports found at that level of the netlist hierarchy. Please review the design and consider changing the port(pin) direction. Both drivers and loads were expected for the net (student_top_inst/Core_cpu/u_core_n_4030) connected to this hierarchical pin/port, but both were not found.
Related violations: <none>

HPDR-2#27 Warning
Port pin INOUT inconsistency  
Hierarchical port(pin) student_top_inst/Core_cpu/u_core/dromAccess\\.exReadAddr[4] direction INOUT is not consistent with the directions of the cell pins/ports found at that level of the netlist hierarchy. Please review the design and consider changing the port(pin) direction. Both drivers and loads were expected for the net (student_top_inst/Core_cpu/u_core_n_4029) connected to this hierarchical pin/port, but both were not found.
Related violations: <none>

HPDR-2#28 Warning
Port pin INOUT inconsistency  
Hierarchical port(pin) student_top_inst/Core_cpu/u_core/dromAccess\\.exReadAddr[5] direction INOUT is not consistent with the directions of the cell pins/ports found at that level of the netlist hierarchy. Please review the design and consider changing the port(pin) direction. Both drivers and loads were expected for the net (student_top_inst/Core_cpu/u_core_n_4028) connected to this hierarchical pin/port, but both were not found.
Related violations: <none>

HPDR-2#29 Warning
Port pin INOUT inconsistency  
Hierarchical port(pin) student_top_inst/Core_cpu/u_core/dromAccess\\.exReadAddr[6] direction INOUT is not consistent with the directions of the cell pins/ports found at that level of the netlist hierarchy. Please review the design and consider changing the port(pin) direction. Both drivers and loads were expected for the net (student_top_inst/Core_cpu/u_core_n_4027) connected to this hierarchical pin/port, but both were not found.
Related violations: <none>

HPDR-2#30 Warning
Port pin INOUT inconsistency  
Hierarchical port(pin) student_top_inst/Core_cpu/u_core/dromAccess\\.exReadAddr[7] direction INOUT is not consistent with the directions of the cell pins/ports found at that level of the netlist hierarchy. Please review the design and consider changing the port(pin) direction. Both drivers and loads were expected for the net (student_top_inst/Core_cpu/u_core_n_4026) connected to this hierarchical pin/port, but both were not found.
Related violations: <none>

HPDR-2#31 Warning
Port pin INOUT inconsistency  
Hierarchical port(pin) student_top_inst/Core_cpu/u_core/dromAccess\\.exReadAddr[8] direction INOUT is not consistent with the directions of the cell pins/ports found at that level of the netlist hierarchy. Please review the design and consider changing the port(pin) direction. Both drivers and loads were expected for the net (student_top_inst/Core_cpu/u_core_n_4025) connected to this hierarchical pin/port, but both were not found.
Related violations: <none>

HPDR-2#32 Warning
Port pin INOUT inconsistency  
Hierarchical port(pin) student_top_inst/Core_cpu/u_core/dromAccess\\.exReadAddr[9] direction INOUT is not consistent with the directions of the cell pins/ports found at that level of the netlist hierarchy. Please review the design and consider changing the port(pin) direction. Both drivers and loads were expected for the net (student_top_inst/Core_cpu/u_core_n_4024) connected to this hierarchical pin/port, but both were not found.
Related violations: <none>

HPDR-2#33 Warning
Port pin INOUT inconsistency  
Hierarchical port(pin) student_top_inst/Core_cpu/u_core/dromAccess\\.exReadCacheable direction INOUT is not consistent with the directions of the cell pins/ports found at that level of the netlist hierarchy. Please review the design and consider changing the port(pin) direction. Both drivers and loads were expected for the net (student_top_inst/Core_cpu/u_core_n_4034) connected to this hierarchical pin/port, but both were not found.
Related violations: <none>

HPDR-2#34 Warning
Port pin INOUT inconsistency  
Hierarchical port(pin) student_top_inst/Core_cpu/u_core/dromAccess\\.exReadEn direction INOUT is not consistent with the directions of the cell pins/ports found at that level of the netlist hierarchy. Please review the design and consider changing the port(pin) direction. Both drivers and loads were expected for the net (student_top_inst/Core_cpu/u_core_n_4001) connected to this hierarchical pin/port, but both were not found.
Related violations: <none>

HPDR-2#35 Warning
Port pin INOUT inconsistency  
Hierarchical port(pin) student_top_inst/Core_cpu/u_core/dromAccess\\.storeWriteAddr[0] direction INOUT is not consistent with the directions of the cell pins/ports found at that level of the netlist hierarchy. Please review the design and consider changing the port(pin) direction. Both drivers and loads were expected for the net (student_top_inst/Core_cpu/u_core_n_4067) connected to this hierarchical pin/port, but both were not found.
Related violations: <none>

HPDR-2#36 Warning
Port pin INOUT inconsistency  
Hierarchical port(pin) student_top_inst/Core_cpu/u_core/dromAccess\\.storeWriteAddr[10] direction INOUT is not consistent with the directions of the cell pins/ports found at that level of the netlist hierarchy. Please review the design and consider changing the port(pin) direction. Both drivers and loads were expected for the net (student_top_inst/Core_cpu/u_core_n_4057) connected to this hierarchical pin/port, but both were not found.
Related violations: <none>

HPDR-2#37 Warning
Port pin INOUT inconsistency  
Hierarchical port(pin) student_top_inst/Core_cpu/u_core/dromAccess\\.storeWriteAddr[11] direction INOUT is not consistent with the directions of the cell pins/ports found at that level of the netlist hierarchy. Please review the design and consider changing the port(pin) direction. Both drivers and loads were expected for the net (student_top_inst/Core_cpu/u_core_n_4056) connected to this hierarchical pin/port, but both were not found.
Related violations: <none>

HPDR-2#38 Warning
Port pin INOUT inconsistency  
Hierarchical port(pin) student_top_inst/Core_cpu/u_core/dromAccess\\.storeWriteAddr[12] direction INOUT is not consistent with the directions of the cell pins/ports found at that level of the netlist hierarchy. Please review the design and consider changing the port(pin) direction. Both drivers and loads were expected for the net (student_top_inst/Core_cpu/u_core_n_4055) connected to this hierarchical pin/port, but both were not found.
Related violations: <none>

HPDR-2#39 Warning
Port pin INOUT inconsistency  
Hierarchical port(pin) student_top_inst/Core_cpu/u_core/dromAccess\\.storeWriteAddr[13] direction INOUT is not consistent with the directions of the cell pins/ports found at that level of the netlist hierarchy. Please review the design and consider changing the port(pin) direction. Both drivers and loads were expected for the net (student_top_inst/Core_cpu/u_core_n_4054) connected to this hierarchical pin/port, but both were not found.
Related violations: <none>

HPDR-2#40 Warning
Port pin INOUT inconsistency  
Hierarchical port(pin) student_top_inst/Core_cpu/u_core/dromAccess\\.storeWriteAddr[14] direction INOUT is not consistent with the directions of the cell pins/ports found at that level of the netlist hierarchy. Please review the design and consider changing the port(pin) direction. Both drivers and loads were expected for the net (student_top_inst/Core_cpu/u_core_n_4053) connected to this hierarchical pin/port, but both were not found.
Related violations: <none>

HPDR-2#41 Warning
Port pin INOUT inconsistency  
Hierarchical port(pin) student_top_inst/Core_cpu/u_core/dromAccess\\.storeWriteAddr[15] direction INOUT is not consistent with the directions of the cell pins/ports found at that level of the netlist hierarchy. Please review the design and consider changing the port(pin) direction. Both drivers and loads were expected for the net (student_top_inst/Core_cpu/u_core_n_4052) connected to this hierarchical pin/port, but both were not found.
Related violations: <none>

HPDR-2#42 Warning
Port pin INOUT inconsistency  
Hierarchical port(pin) student_top_inst/Core_cpu/u_core/dromAccess\\.storeWriteAddr[16] direction INOUT is not consistent with the directions of the cell pins/ports found at that level of the netlist hierarchy. Please review the design and consider changing the port(pin) direction. Both drivers and loads were expected for the net (student_top_inst/Core_cpu/u_core_n_4051) connected to this hierarchical pin/port, but both were not found.
Related violations: <none>

HPDR-2#43 Warning
Port pin INOUT inconsistency  
Hierarchical port(pin) student_top_inst/Core_cpu/u_core/dromAccess\\.storeWriteAddr[17] direction INOUT is not consistent with the directions of the cell pins/ports found at that level of the netlist hierarchy. Please review the design and consider changing the port(pin) direction. Both drivers and loads were expected for the net (student_top_inst/Core_cpu/u_core_n_4050) connected to this hierarchical pin/port, but both were not found.
Related violations: <none>

HPDR-2#44 Warning
Port pin INOUT inconsistency  
Hierarchical port(pin) student_top_inst/Core_cpu/u_core/dromAccess\\.storeWriteAddr[18] direction INOUT is not consistent with the directions of the cell pins/ports found at that level of the netlist hierarchy. Please review the design and consider changing the port(pin) direction. Both drivers and loads were expected for the net (student_top_inst/Core_cpu/u_core_n_4049) connected to this hierarchical pin/port, but both were not found.
Related violations: <none>

HPDR-2#45 Warning
Port pin INOUT inconsistency  
Hierarchical port(pin) student_top_inst/Core_cpu/u_core/dromAccess\\.storeWriteAddr[19] direction INOUT is not consistent with the directions of the cell pins/ports found at that level of the netlist hierarchy. Please review the design and consider changing the port(pin) direction. Both drivers and loads were expected for the net (student_top_inst/Core_cpu/u_core_n_4048) connected to this hierarchical pin/port, but both were not found.
Related violations: <none>

HPDR-2#46 Warning
Port pin INOUT inconsistency  
Hierarchical port(pin) student_top_inst/Core_cpu/u_core/dromAccess\\.storeWriteAddr[1] direction INOUT is not consistent with the directions of the cell pins/ports found at that level of the netlist hierarchy. Please review the design and consider changing the port(pin) direction. Both drivers and loads were expected for the net (student_top_inst/Core_cpu/u_core_n_4066) connected to this hierarchical pin/port, but both were not found.
Related violations: <none>

HPDR-2#47 Warning
Port pin INOUT inconsistency  
Hierarchical port(pin) student_top_inst/Core_cpu/u_core/dromAccess\\.storeWriteAddr[20] direction INOUT is not consistent with the directions of the cell pins/ports found at that level of the netlist hierarchy. Please review the design and consider changing the port(pin) direction. Both drivers and loads were expected for the net (student_top_inst/Core_cpu/u_core_n_4047) connected to this hierarchical pin/port, but both were not found.
Related violations: <none>

HPDR-2#48 Warning
Port pin INOUT inconsistency  
Hierarchical port(pin) student_top_inst/Core_cpu/u_core/dromAccess\\.storeWriteAddr[21] direction INOUT is not consistent with the directions of the cell pins/ports found at that level of the netlist hierarchy. Please review the design and consider changing the port(pin) direction. Both drivers and loads were expected for the net (student_top_inst/Core_cpu/u_core_n_4046) connected to this hierarchical pin/port, but both were not found.
Related violations: <none>

HPDR-2#49 Warning
Port pin INOUT inconsistency  
Hierarchical port(pin) student_top_inst/Core_cpu/u_core/dromAccess\\.storeWriteAddr[22] direction INOUT is not consistent with the directions of the cell pins/ports found at that level of the netlist hierarchy. Please review the design and consider changing the port(pin) direction. Both drivers and loads were expected for the net (student_top_inst/Core_cpu/u_core_n_4045) connected to this hierarchical pin/port, but both were not found.
Related violations: <none>

HPDR-2#50 Warning
Port pin INOUT inconsistency  
Hierarchical port(pin) student_top_inst/Core_cpu/u_core/dromAccess\\.storeWriteAddr[23] direction INOUT is not consistent with the directions of the cell pins/ports found at that level of the netlist hierarchy. Please review the design and consider changing the port(pin) direction. Both drivers and loads were expected for the net (student_top_inst/Core_cpu/u_core_n_4044) connected to this hierarchical pin/port, but both were not found.
Related violations: <none>

HPDR-2#51 Warning
Port pin INOUT inconsistency  
Hierarchical port(pin) student_top_inst/Core_cpu/u_core/dromAccess\\.storeWriteAddr[24] direction INOUT is not consistent with the directions of the cell pins/ports found at that level of the netlist hierarchy. Please review the design and consider changing the port(pin) direction. Both drivers and loads were expected for the net (student_top_inst/Core_cpu/u_core_n_4043) connected to this hierarchical pin/port, but both were not found.
Related violations: <none>

HPDR-2#52 Warning
Port pin INOUT inconsistency  
Hierarchical port(pin) student_top_inst/Core_cpu/u_core/dromAccess\\.storeWriteAddr[25] direction INOUT is not consistent with the directions of the cell pins/ports found at that level of the netlist hierarchy. Please review the design and consider changing the port(pin) direction. Both drivers and loads were expected for the net (student_top_inst/Core_cpu/u_core_n_4042) connected to this hierarchical pin/port, but both were not found.
Related violations: <none>

HPDR-2#53 Warning
Port pin INOUT inconsistency  
Hierarchical port(pin) student_top_inst/Core_cpu/u_core/dromAccess\\.storeWriteAddr[26] direction INOUT is not consistent with the directions of the cell pins/ports found at that level of the netlist hierarchy. Please review the design and consider changing the port(pin) direction. Both drivers and loads were expected for the net (student_top_inst/Core_cpu/u_core_n_4041) connected to this hierarchical pin/port, but both were not found.
Related violations: <none>

HPDR-2#54 Warning
Port pin INOUT inconsistency  
Hierarchical port(pin) student_top_inst/Core_cpu/u_core/dromAccess\\.storeWriteAddr[27] direction INOUT is not consistent with the directions of the cell pins/ports found at that level of the netlist hierarchy. Please review the design and consider changing the port(pin) direction. Both drivers and loads were expected for the net (student_top_inst/Core_cpu/u_core_n_4040) connected to this hierarchical pin/port, but both were not found.
Related violations: <none>

HPDR-2#55 Warning
Port pin INOUT inconsistency  
Hierarchical port(pin) student_top_inst/Core_cpu/u_core/dromAccess\\.storeWriteAddr[28] direction INOUT is not consistent with the directions of the cell pins/ports found at that level of the netlist hierarchy. Please review the design and consider changing the port(pin) direction. Both drivers and loads were expected for the net (student_top_inst/Core_cpu/u_core_n_4039) connected to this hierarchical pin/port, but both were not found.
Related violations: <none>

HPDR-2#56 Warning
Port pin INOUT inconsistency  
Hierarchical port(pin) student_top_inst/Core_cpu/u_core/dromAccess\\.storeWriteAddr[29] direction INOUT is not consistent with the directions of the cell pins/ports found at that level of the netlist hierarchy. Please review the design and consider changing the port(pin) direction. Both drivers and loads were expected for the net (student_top_inst/Core_cpu/u_core_n_4038) connected to this hierarchical pin/port, but both were not found.
Related violations: <none>

HPDR-2#57 Warning
Port pin INOUT inconsistency  
Hierarchical port(pin) student_top_inst/Core_cpu/u_core/dromAccess\\.storeWriteAddr[2] direction INOUT is not consistent with the directions of the cell pins/ports found at that level of the netlist hierarchy. Please review the design and consider changing the port(pin) direction. Both drivers and loads were expected for the net (student_top_inst/Core_cpu/u_core_n_4065) connected to this hierarchical pin/port, but both were not found.
Related violations: <none>

HPDR-2#58 Warning
Port pin INOUT inconsistency  
Hierarchical port(pin) student_top_inst/Core_cpu/u_core/dromAccess\\.storeWriteAddr[30] direction INOUT is not consistent with the directions of the cell pins/ports found at that level of the netlist hierarchy. Please review the design and consider changing the port(pin) direction. Both drivers and loads were expected for the net (student_top_inst/Core_cpu/u_core_n_4037) connected to this hierarchical pin/port, but both were not found.
Related violations: <none>

HPDR-2#59 Warning
Port pin INOUT inconsistency  
Hierarchical port(pin) student_top_inst/Core_cpu/u_core/dromAccess\\.storeWriteAddr[31] direction INOUT is not consistent with the directions of the cell pins/ports found at that level of the netlist hierarchy. Please review the design and consider changing the port(pin) direction. Both drivers and loads were expected for the net (student_top_inst/Core_cpu/u_core_n_4036) connected to this hierarchical pin/port, but both were not found.
Related violations: <none>

HPDR-2#60 Warning
Port pin INOUT inconsistency  
Hierarchical port(pin) student_top_inst/Core_cpu/u_core/dromAccess\\.storeWriteAddr[3] direction INOUT is not consistent with the directions of the cell pins/ports found at that level of the netlist hierarchy. Please review the design and consider changing the port(pin) direction. Both drivers and loads were expected for the net (student_top_inst/Core_cpu/u_core_n_4064) connected to this hierarchical pin/port, but both were not found.
Related violations: <none>

HPDR-2#61 Warning
Port pin INOUT inconsistency  
Hierarchical port(pin) student_top_inst/Core_cpu/u_core/dromAccess\\.storeWriteAddr[4] direction INOUT is not consistent with the directions of the cell pins/ports found at that level of the netlist hierarchy. Please review the design and consider changing the port(pin) direction. Both drivers and loads were expected for the net (student_top_inst/Core_cpu/u_core_n_4063) connected to this hierarchical pin/port, but both were not found.
Related violations: <none>

HPDR-2#62 Warning
Port pin INOUT inconsistency  
Hierarchical port(pin) student_top_inst/Core_cpu/u_core/dromAccess\\.storeWriteAddr[5] direction INOUT is not consistent with the directions of the cell pins/ports found at that level of the netlist hierarchy. Please review the design and consider changing the port(pin) direction. Both drivers and loads were expected for the net (student_top_inst/Core_cpu/u_core_n_4062) connected to this hierarchical pin/port, but both were not found.
Related violations: <none>

HPDR-2#63 Warning
Port pin INOUT inconsistency  
Hierarchical port(pin) student_top_inst/Core_cpu/u_core/dromAccess\\.storeWriteAddr[6] direction INOUT is not consistent with the directions of the cell pins/ports found at that level of the netlist hierarchy. Please review the design and consider changing the port(pin) direction. Both drivers and loads were expected for the net (student_top_inst/Core_cpu/u_core_n_4061) connected to this hierarchical pin/port, but both were not found.
Related violations: <none>

HPDR-2#64 Warning
Port pin INOUT inconsistency  
Hierarchical port(pin) student_top_inst/Core_cpu/u_core/dromAccess\\.storeWriteAddr[7] direction INOUT is not consistent with the directions of the cell pins/ports found at that level of the netlist hierarchy. Please review the design and consider changing the port(pin) direction. Both drivers and loads were expected for the net (student_top_inst/Core_cpu/u_core_n_4060) connected to this hierarchical pin/port, but both were not found.
Related violations: <none>

HPDR-2#65 Warning
Port pin INOUT inconsistency  
Hierarchical port(pin) student_top_inst/Core_cpu/u_core/dromAccess\\.storeWriteAddr[8] direction INOUT is not consistent with the directions of the cell pins/ports found at that level of the netlist hierarchy. Please review the design and consider changing the port(pin) direction. Both drivers and loads were expected for the net (student_top_inst/Core_cpu/u_core_n_4059) connected to this hierarchical pin/port, but both were not found.
Related violations: <none>

HPDR-2#66 Warning
Port pin INOUT inconsistency  
Hierarchical port(pin) student_top_inst/Core_cpu/u_core/dromAccess\\.storeWriteAddr[9] direction INOUT is not consistent with the directions of the cell pins/ports found at that level of the netlist hierarchy. Please review the design and consider changing the port(pin) direction. Both drivers and loads were expected for the net (student_top_inst/Core_cpu/u_core_n_4058) connected to this hierarchical pin/port, but both were not found.
Related violations: <none>

HPDR-2#67 Warning
Port pin INOUT inconsistency  
Hierarchical port(pin) student_top_inst/Core_cpu/u_core/dromAccess\\.storeWriteData[0] direction INOUT is not consistent with the directions of the cell pins/ports found at that level of the netlist hierarchy. Please review the design and consider changing the port(pin) direction. Both drivers and loads were expected for the net (student_top_inst/Core_cpu/u_core_n_4099) connected to this hierarchical pin/port, but both were not found.
Related violations: <none>

HPDR-2#68 Warning
Port pin INOUT inconsistency  
Hierarchical port(pin) student_top_inst/Core_cpu/u_core/dromAccess\\.storeWriteData[10] direction INOUT is not consistent with the directions of the cell pins/ports found at that level of the netlist hierarchy. Please review the design and consider changing the port(pin) direction. Both drivers and loads were expected for the net (student_top_inst/Core_cpu/u_core_n_4089) connected to this hierarchical pin/port, but both were not found.
Related violations: <none>

HPDR-2#69 Warning
Port pin INOUT inconsistency  
Hierarchical port(pin) student_top_inst/Core_cpu/u_core/dromAccess\\.storeWriteData[11] direction INOUT is not consistent with the directions of the cell pins/ports found at that level of the netlist hierarchy. Please review the design and consider changing the port(pin) direction. Both drivers and loads were expected for the net (student_top_inst/Core_cpu/u_core_n_4088) connected to this hierarchical pin/port, but both were not found.
Related violations: <none>

HPDR-2#70 Warning
Port pin INOUT inconsistency  
Hierarchical port(pin) student_top_inst/Core_cpu/u_core/dromAccess\\.storeWriteData[12] direction INOUT is not consistent with the directions of the cell pins/ports found at that level of the netlist hierarchy. Please review the design and consider changing the port(pin) direction. Both drivers and loads were expected for the net (student_top_inst/Core_cpu/u_core_n_4087) connected to this hierarchical pin/port, but both were not found.
Related violations: <none>

HPDR-2#71 Warning
Port pin INOUT inconsistency  
Hierarchical port(pin) student_top_inst/Core_cpu/u_core/dromAccess\\.storeWriteData[13] direction INOUT is not consistent with the directions of the cell pins/ports found at that level of the netlist hierarchy. Please review the design and consider changing the port(pin) direction. Both drivers and loads were expected for the net (student_top_inst/Core_cpu/u_core_n_4086) connected to this hierarchical pin/port, but both were not found.
Related violations: <none>

HPDR-2#72 Warning
Port pin INOUT inconsistency  
Hierarchical port(pin) student_top_inst/Core_cpu/u_core/dromAccess\\.storeWriteData[14] direction INOUT is not consistent with the directions of the cell pins/ports found at that level of the netlist hierarchy. Please review the design and consider changing the port(pin) direction. Both drivers and loads were expected for the net (student_top_inst/Core_cpu/u_core_n_4085) connected to this hierarchical pin/port, but both were not found.
Related violations: <none>

HPDR-2#73 Warning
Port pin INOUT inconsistency  
Hierarchical port(pin) student_top_inst/Core_cpu/u_core/dromAccess\\.storeWriteData[15] direction INOUT is not consistent with the directions of the cell pins/ports found at that level of the netlist hierarchy. Please review the design and consider changing the port(pin) direction. Both drivers and loads were expected for the net (student_top_inst/Core_cpu/u_core_n_4084) connected to this hierarchical pin/port, but both were not found.
Related violations: <none>

HPDR-2#74 Warning
Port pin INOUT inconsistency  
Hierarchical port(pin) student_top_inst/Core_cpu/u_core/dromAccess\\.storeWriteData[16] direction INOUT is not consistent with the directions of the cell pins/ports found at that level of the netlist hierarchy. Please review the design and consider changing the port(pin) direction. Both drivers and loads were expected for the net (student_top_inst/Core_cpu/u_core_n_4083) connected to this hierarchical pin/port, but both were not found.
Related violations: <none>

HPDR-2#75 Warning
Port pin INOUT inconsistency  
Hierarchical port(pin) student_top_inst/Core_cpu/u_core/dromAccess\\.storeWriteData[17] direction INOUT is not consistent with the directions of the cell pins/ports found at that level of the netlist hierarchy. Please review the design and consider changing the port(pin) direction. Both drivers and loads were expected for the net (student_top_inst/Core_cpu/u_core_n_4082) connected to this hierarchical pin/port, but both were not found.
Related violations: <none>

HPDR-2#76 Warning
Port pin INOUT inconsistency  
Hierarchical port(pin) student_top_inst/Core_cpu/u_core/dromAccess\\.storeWriteData[18] direction INOUT is not consistent with the directions of the cell pins/ports found at that level of the netlist hierarchy. Please review the design and consider changing the port(pin) direction. Both drivers and loads were expected for the net (student_top_inst/Core_cpu/u_core_n_4081) connected to this hierarchical pin/port, but both were not found.
Related violations: <none>

HPDR-2#77 Warning
Port pin INOUT inconsistency  
Hierarchical port(pin) student_top_inst/Core_cpu/u_core/dromAccess\\.storeWriteData[19] direction INOUT is not consistent with the directions of the cell pins/ports found at that level of the netlist hierarchy. Please review the design and consider changing the port(pin) direction. Both drivers and loads were expected for the net (student_top_inst/Core_cpu/u_core_n_4080) connected to this hierarchical pin/port, but both were not found.
Related violations: <none>

HPDR-2#78 Warning
Port pin INOUT inconsistency  
Hierarchical port(pin) student_top_inst/Core_cpu/u_core/dromAccess\\.storeWriteData[1] direction INOUT is not consistent with the directions of the cell pins/ports found at that level of the netlist hierarchy. Please review the design and consider changing the port(pin) direction. Both drivers and loads were expected for the net (student_top_inst/Core_cpu/u_core_n_4098) connected to this hierarchical pin/port, but both were not found.
Related violations: <none>

HPDR-2#79 Warning
Port pin INOUT inconsistency  
Hierarchical port(pin) student_top_inst/Core_cpu/u_core/dromAccess\\.storeWriteData[20] direction INOUT is not consistent with the directions of the cell pins/ports found at that level of the netlist hierarchy. Please review the design and consider changing the port(pin) direction. Both drivers and loads were expected for the net (student_top_inst/Core_cpu/u_core_n_4079) connected to this hierarchical pin/port, but both were not found.
Related violations: <none>

HPDR-2#80 Warning
Port pin INOUT inconsistency  
Hierarchical port(pin) student_top_inst/Core_cpu/u_core/dromAccess\\.storeWriteData[21] direction INOUT is not consistent with the directions of the cell pins/ports found at that level of the netlist hierarchy. Please review the design and consider changing the port(pin) direction. Both drivers and loads were expected for the net (student_top_inst/Core_cpu/u_core_n_4078) connected to this hierarchical pin/port, but both were not found.
Related violations: <none>

HPDR-2#81 Warning
Port pin INOUT inconsistency  
Hierarchical port(pin) student_top_inst/Core_cpu/u_core/dromAccess\\.storeWriteData[22] direction INOUT is not consistent with the directions of the cell pins/ports found at that level of the netlist hierarchy. Please review the design and consider changing the port(pin) direction. Both drivers and loads were expected for the net (student_top_inst/Core_cpu/u_core_n_4077) connected to this hierarchical pin/port, but both were not found.
Related violations: <none>

HPDR-2#82 Warning
Port pin INOUT inconsistency  
Hierarchical port(pin) student_top_inst/Core_cpu/u_core/dromAccess\\.storeWriteData[23] direction INOUT is not consistent with the directions of the cell pins/ports found at that level of the netlist hierarchy. Please review the design and consider changing the port(pin) direction. Both drivers and loads were expected for the net (student_top_inst/Core_cpu/u_core_n_4076) connected to this hierarchical pin/port, but both were not found.
Related violations: <none>

HPDR-2#83 Warning
Port pin INOUT inconsistency  
Hierarchical port(pin) student_top_inst/Core_cpu/u_core/dromAccess\\.storeWriteData[24] direction INOUT is not consistent with the directions of the cell pins/ports found at that level of the netlist hierarchy. Please review the design and consider changing the port(pin) direction. Both drivers and loads were expected for the net (student_top_inst/Core_cpu/u_core_n_4075) connected to this hierarchical pin/port, but both were not found.
Related violations: <none>

HPDR-2#84 Warning
Port pin INOUT inconsistency  
Hierarchical port(pin) student_top_inst/Core_cpu/u_core/dromAccess\\.storeWriteData[25] direction INOUT is not consistent with the directions of the cell pins/ports found at that level of the netlist hierarchy. Please review the design and consider changing the port(pin) direction. Both drivers and loads were expected for the net (student_top_inst/Core_cpu/u_core_n_4074) connected to this hierarchical pin/port, but both were not found.
Related violations: <none>

HPDR-2#85 Warning
Port pin INOUT inconsistency  
Hierarchical port(pin) student_top_inst/Core_cpu/u_core/dromAccess\\.storeWriteData[26] direction INOUT is not consistent with the directions of the cell pins/ports found at that level of the netlist hierarchy. Please review the design and consider changing the port(pin) direction. Both drivers and loads were expected for the net (student_top_inst/Core_cpu/u_core_n_4073) connected to this hierarchical pin/port, but both were not found.
Related violations: <none>

HPDR-2#86 Warning
Port pin INOUT inconsistency  
Hierarchical port(pin) student_top_inst/Core_cpu/u_core/dromAccess\\.storeWriteData[27] direction INOUT is not consistent with the directions of the cell pins/ports found at that level of the netlist hierarchy. Please review the design and consider changing the port(pin) direction. Both drivers and loads were expected for the net (student_top_inst/Core_cpu/u_core_n_4072) connected to this hierarchical pin/port, but both were not found.
Related violations: <none>

HPDR-2#87 Warning
Port pin INOUT inconsistency  
Hierarchical port(pin) student_top_inst/Core_cpu/u_core/dromAccess\\.storeWriteData[28] direction INOUT is not consistent with the directions of the cell pins/ports found at that level of the netlist hierarchy. Please review the design and consider changing the port(pin) direction. Both drivers and loads were expected for the net (student_top_inst/Core_cpu/u_core_n_4071) connected to this hierarchical pin/port, but both were not found.
Related violations: <none>

HPDR-2#88 Warning
Port pin INOUT inconsistency  
Hierarchical port(pin) student_top_inst/Core_cpu/u_core/dromAccess\\.storeWriteData[29] direction INOUT is not consistent with the directions of the cell pins/ports found at that level of the netlist hierarchy. Please review the design and consider changing the port(pin) direction. Both drivers and loads were expected for the net (student_top_inst/Core_cpu/u_core_n_4070) connected to this hierarchical pin/port, but both were not found.
Related violations: <none>

HPDR-2#89 Warning
Port pin INOUT inconsistency  
Hierarchical port(pin) student_top_inst/Core_cpu/u_core/dromAccess\\.storeWriteData[2] direction INOUT is not consistent with the directions of the cell pins/ports found at that level of the netlist hierarchy. Please review the design and consider changing the port(pin) direction. Both drivers and loads were expected for the net (student_top_inst/Core_cpu/u_core_n_4097) connected to this hierarchical pin/port, but both were not found.
Related violations: <none>

HPDR-2#90 Warning
Port pin INOUT inconsistency  
Hierarchical port(pin) student_top_inst/Core_cpu/u_core/dromAccess\\.storeWriteData[30] direction INOUT is not consistent with the directions of the cell pins/ports found at that level of the netlist hierarchy. Please review the design and consider changing the port(pin) direction. Both drivers and loads were expected for the net (student_top_inst/Core_cpu/u_core_n_4069) connected to this hierarchical pin/port, but both were not found.
Related violations: <none>

HPDR-2#91 Warning
Port pin INOUT inconsistency  
Hierarchical port(pin) student_top_inst/Core_cpu/u_core/dromAccess\\.storeWriteData[31] direction INOUT is not consistent with the directions of the cell pins/ports found at that level of the netlist hierarchy. Please review the design and consider changing the port(pin) direction. Both drivers and loads were expected for the net (student_top_inst/Core_cpu/u_core_n_4068) connected to this hierarchical pin/port, but both were not found.
Related violations: <none>

HPDR-2#92 Warning
Port pin INOUT inconsistency  
Hierarchical port(pin) student_top_inst/Core_cpu/u_core/dromAccess\\.storeWriteData[3] direction INOUT is not consistent with the directions of the cell pins/ports found at that level of the netlist hierarchy. Please review the design and consider changing the port(pin) direction. Both drivers and loads were expected for the net (student_top_inst/Core_cpu/u_core_n_4096) connected to this hierarchical pin/port, but both were not found.
Related violations: <none>

HPDR-2#93 Warning
Port pin INOUT inconsistency  
Hierarchical port(pin) student_top_inst/Core_cpu/u_core/dromAccess\\.storeWriteData[4] direction INOUT is not consistent with the directions of the cell pins/ports found at that level of the netlist hierarchy. Please review the design and consider changing the port(pin) direction. Both drivers and loads were expected for the net (student_top_inst/Core_cpu/u_core_n_4095) connected to this hierarchical pin/port, but both were not found.
Related violations: <none>

HPDR-2#94 Warning
Port pin INOUT inconsistency  
Hierarchical port(pin) student_top_inst/Core_cpu/u_core/dromAccess\\.storeWriteData[5] direction INOUT is not consistent with the directions of the cell pins/ports found at that level of the netlist hierarchy. Please review the design and consider changing the port(pin) direction. Both drivers and loads were expected for the net (student_top_inst/Core_cpu/u_core_n_4094) connected to this hierarchical pin/port, but both were not found.
Related violations: <none>

HPDR-2#95 Warning
Port pin INOUT inconsistency  
Hierarchical port(pin) student_top_inst/Core_cpu/u_core/dromAccess\\.storeWriteData[6] direction INOUT is not consistent with the directions of the cell pins/ports found at that level of the netlist hierarchy. Please review the design and consider changing the port(pin) direction. Both drivers and loads were expected for the net (student_top_inst/Core_cpu/u_core_n_4093) connected to this hierarchical pin/port, but both were not found.
Related violations: <none>

HPDR-2#96 Warning
Port pin INOUT inconsistency  
Hierarchical port(pin) student_top_inst/Core_cpu/u_core/dromAccess\\.storeWriteData[7] direction INOUT is not consistent with the directions of the cell pins/ports found at that level of the netlist hierarchy. Please review the design and consider changing the port(pin) direction. Both drivers and loads were expected for the net (student_top_inst/Core_cpu/u_core_n_4092) connected to this hierarchical pin/port, but both were not found.
Related violations: <none>

HPDR-2#97 Warning
Port pin INOUT inconsistency  
Hierarchical port(pin) student_top_inst/Core_cpu/u_core/dromAccess\\.storeWriteData[8] direction INOUT is not consistent with the directions of the cell pins/ports found at that level of the netlist hierarchy. Please review the design and consider changing the port(pin) direction. Both drivers and loads were expected for the net (student_top_inst/Core_cpu/u_core_n_4091) connected to this hierarchical pin/port, but both were not found.
Related violations: <none>

HPDR-2#98 Warning
Port pin INOUT inconsistency  
Hierarchical port(pin) student_top_inst/Core_cpu/u_core/dromAccess\\.storeWriteData[9] direction INOUT is not consistent with the directions of the cell pins/ports found at that level of the netlist hierarchy. Please review the design and consider changing the port(pin) direction. Both drivers and loads were expected for the net (student_top_inst/Core_cpu/u_core_n_4090) connected to this hierarchical pin/port, but both were not found.
Related violations: <none>

HPDR-2#99 Warning
Port pin INOUT inconsistency  
Hierarchical port(pin) student_top_inst/Core_cpu/u_core/dromAccess\\.storeWriteEn direction INOUT is not consistent with the directions of the cell pins/ports found at that level of the netlist hierarchy. Please review the design and consider changing the port(pin) direction. Both drivers and loads were expected for the net (student_top_inst/Core_cpu/u_core_n_4035) connected to this hierarchical pin/port, but both were not found.
Related violations: <none>

HPDR-2#100 Warning
Port pin INOUT inconsistency  
Hierarchical port(pin) student_top_inst/Core_cpu/u_core/dromAccess\\.storeWriteMask[0] direction INOUT is not consistent with the directions of the cell pins/ports found at that level of the netlist hierarchy. Please review the design and consider changing the port(pin) direction. Both drivers and loads were expected for the net (student_top_inst/Core_cpu/u_core_n_4103) connected to this hierarchical pin/port, but both were not found.
Related violations: <none>

HPDR-2#101 Warning
Port pin INOUT inconsistency  
Hierarchical port(pin) student_top_inst/Core_cpu/u_core/dromAccess\\.storeWriteMask[1] direction INOUT is not consistent with the directions of the cell pins/ports found at that level of the netlist hierarchy. Please review the design and consider changing the port(pin) direction. Both drivers and loads were expected for the net (student_top_inst/Core_cpu/u_core_n_4102) connected to this hierarchical pin/port, but both were not found.
Related violations: <none>

HPDR-2#102 Warning
Port pin INOUT inconsistency  
Hierarchical port(pin) student_top_inst/Core_cpu/u_core/dromAccess\\.storeWriteMask[2] direction INOUT is not consistent with the directions of the cell pins/ports found at that level of the netlist hierarchy. Please review the design and consider changing the port(pin) direction. Both drivers and loads were expected for the net (student_top_inst/Core_cpu/u_core_n_4101) connected to this hierarchical pin/port, but both were not found.
Related violations: <none>

HPDR-2#103 Warning
Port pin INOUT inconsistency  
Hierarchical port(pin) student_top_inst/Core_cpu/u_core/dromAccess\\.storeWriteMask[3] direction INOUT is not consistent with the directions of the cell pins/ports found at that level of the netlist hierarchy. Please review the design and consider changing the port(pin) direction. Both drivers and loads were expected for the net (student_top_inst/Core_cpu/u_core_n_4100) connected to this hierarchical pin/port, but both were not found.
Related violations: <none>

HPDR-2#104 Warning
Port pin INOUT inconsistency  
Hierarchical port(pin) student_top_inst/Core_cpu/u_core/u_backend/dmem\\.exReadAddr[0] direction INOUT is not consistent with the directions of the cell pins/ports found at that level of the netlist hierarchy. Please review the design and consider changing the port(pin) direction. Both drivers and loads were expected for the net (student_top_inst/Core_cpu/u_core/u_backend/dmem\\.exReadAddr[0]) connected to this hierarchical pin/port, but both were not found.
Related violations: <none>

HPDR-2#105 Warning
Port pin INOUT inconsistency  
Hierarchical port(pin) student_top_inst/Core_cpu/u_core/u_backend/dmem\\.exReadAddr[10] direction INOUT is not consistent with the directions of the cell pins/ports found at that level of the netlist hierarchy. Please review the design and consider changing the port(pin) direction. Both drivers and loads were expected for the net (student_top_inst/Core_cpu/u_core/u_backend/dmem\\.exReadAddr[10]) connected to this hierarchical pin/port, but both were not found.
Related violations: <none>

HPDR-2#106 Warning
Port pin INOUT inconsistency  
Hierarchical port(pin) student_top_inst/Core_cpu/u_core/u_backend/dmem\\.exReadAddr[11] direction INOUT is not consistent with the directions of the cell pins/ports found at that level of the netlist hierarchy. Please review the design and consider changing the port(pin) direction. Both drivers and loads were expected for the net (student_top_inst/Core_cpu/u_core/u_backend/dmem\\.exReadAddr[11]) connected to this hierarchical pin/port, but both were not found.
Related violations: <none>

HPDR-2#107 Warning
Port pin INOUT inconsistency  
Hierarchical port(pin) student_top_inst/Core_cpu/u_core/u_backend/dmem\\.exReadAddr[12] direction INOUT is not consistent with the directions of the cell pins/ports found at that level of the netlist hierarchy. Please review the design and consider changing the port(pin) direction. Both drivers and loads were expected for the net (student_top_inst/Core_cpu/u_core/u_backend/dmem\\.exReadAddr[12]) connected to this hierarchical pin/port, but both were not found.
Related violations: <none>

HPDR-2#108 Warning
Port pin INOUT inconsistency  
Hierarchical port(pin) student_top_inst/Core_cpu/u_core/u_backend/dmem\\.exReadAddr[13] direction INOUT is not consistent with the directions of the cell pins/ports found at that level of the netlist hierarchy. Please review the design and consider changing the port(pin) direction. Both drivers and loads were expected for the net (student_top_inst/Core_cpu/u_core/u_backend/dmem\\.exReadAddr[13]) connected to this hierarchical pin/port, but both were not found.
Related violations: <none>

HPDR-2#109 Warning
Port pin INOUT inconsistency  
Hierarchical port(pin) student_top_inst/Core_cpu/u_core/u_backend/dmem\\.exReadAddr[14] direction INOUT is not consistent with the directions of the cell pins/ports found at that level of the netlist hierarchy. Please review the design and consider changing the port(pin) direction. Both drivers and loads were expected for the net (student_top_inst/Core_cpu/u_core/u_backend/dmem\\.exReadAddr[14]) connected to this hierarchical pin/port, but both were not found.
Related violations: <none>

HPDR-2#110 Warning
Port pin INOUT inconsistency  
Hierarchical port(pin) student_top_inst/Core_cpu/u_core/u_backend/dmem\\.exReadAddr[15] direction INOUT is not consistent with the directions of the cell pins/ports found at that level of the netlist hierarchy. Please review the design and consider changing the port(pin) direction. Both drivers and loads were expected for the net (student_top_inst/Core_cpu/u_core/u_backend/dmem\\.exReadAddr[15]) connected to this hierarchical pin/port, but both were not found.
Related violations: <none>

HPDR-2#111 Warning
Port pin INOUT inconsistency  
Hierarchical port(pin) student_top_inst/Core_cpu/u_core/u_backend/dmem\\.exReadAddr[16] direction INOUT is not consistent with the directions of the cell pins/ports found at that level of the netlist hierarchy. Please review the design and consider changing the port(pin) direction. Both drivers and loads were expected for the net (student_top_inst/Core_cpu/u_core/u_backend/dmem\\.exReadAddr[16]) connected to this hierarchical pin/port, but both were not found.
Related violations: <none>

HPDR-2#112 Warning
Port pin INOUT inconsistency  
Hierarchical port(pin) student_top_inst/Core_cpu/u_core/u_backend/dmem\\.exReadAddr[17] direction INOUT is not consistent with the directions of the cell pins/ports found at that level of the netlist hierarchy. Please review the design and consider changing the port(pin) direction. Both drivers and loads were expected for the net (student_top_inst/Core_cpu/u_core/u_backend/dmem\\.exReadAddr[17]) connected to this hierarchical pin/port, but both were not found.
Related violations: <none>

HPDR-2#113 Warning
Port pin INOUT inconsistency  
Hierarchical port(pin) student_top_inst/Core_cpu/u_core/u_backend/dmem\\.exReadAddr[18] direction INOUT is not consistent with the directions of the cell pins/ports found at that level of the netlist hierarchy. Please review the design and consider changing the port(pin) direction. Both drivers and loads were expected for the net (student_top_inst/Core_cpu/u_core/u_backend/dmem\\.exReadAddr[18]) connected to this hierarchical pin/port, but both were not found.
Related violations: <none>

HPDR-2#114 Warning
Port pin INOUT inconsistency  
Hierarchical port(pin) student_top_inst/Core_cpu/u_core/u_backend/dmem\\.exReadAddr[19] direction INOUT is not consistent with the directions of the cell pins/ports found at that level of the netlist hierarchy. Please review the design and consider changing the port(pin) direction. Both drivers and loads were expected for the net (student_top_inst/Core_cpu/u_core/u_backend/dmem\\.exReadAddr[19]) connected to this hierarchical pin/port, but both were not found.
Related violations: <none>

HPDR-2#115 Warning
Port pin INOUT inconsistency  
Hierarchical port(pin) student_top_inst/Core_cpu/u_core/u_backend/dmem\\.exReadAddr[1] direction INOUT is not consistent with the directions of the cell pins/ports found at that level of the netlist hierarchy. Please review the design and consider changing the port(pin) direction. Both drivers and loads were expected for the net (student_top_inst/Core_cpu/u_core/u_backend/dmem\\.exReadAddr[1]) connected to this hierarchical pin/port, but both were not found.
Related violations: <none>

HPDR-2#116 Warning
Port pin INOUT inconsistency  
Hierarchical port(pin) student_top_inst/Core_cpu/u_core/u_backend/dmem\\.exReadAddr[20] direction INOUT is not consistent with the directions of the cell pins/ports found at that level of the netlist hierarchy. Please review the design and consider changing the port(pin) direction. Both drivers and loads were expected for the net (student_top_inst/Core_cpu/u_core/u_backend/dmem\\.exReadAddr[20]) connected to this hierarchical pin/port, but both were not found.
Related violations: <none>

HPDR-2#117 Warning
Port pin INOUT inconsistency  
Hierarchical port(pin) student_top_inst/Core_cpu/u_core/u_backend/dmem\\.exReadAddr[21] direction INOUT is not consistent with the directions of the cell pins/ports found at that level of the netlist hierarchy. Please review the design and consider changing the port(pin) direction. Both drivers and loads were expected for the net (student_top_inst/Core_cpu/u_core/u_backend/dmem\\.exReadAddr[21]) connected to this hierarchical pin/port, but both were not found.
Related violations: <none>

HPDR-2#118 Warning
Port pin INOUT inconsistency  
Hierarchical port(pin) student_top_inst/Core_cpu/u_core/u_backend/dmem\\.exReadAddr[22] direction INOUT is not consistent with the directions of the cell pins/ports found at that level of the netlist hierarchy. Please review the design and consider changing the port(pin) direction. Both drivers and loads were expected for the net (student_top_inst/Core_cpu/u_core/u_backend/dmem\\.exReadAddr[22]) connected to this hierarchical pin/port, but both were not found.
Related violations: <none>

HPDR-2#119 Warning
Port pin INOUT inconsistency  
Hierarchical port(pin) student_top_inst/Core_cpu/u_core/u_backend/dmem\\.exReadAddr[23] direction INOUT is not consistent with the directions of the cell pins/ports found at that level of the netlist hierarchy. Please review the design and consider changing the port(pin) direction. Both drivers and loads were expected for the net (student_top_inst/Core_cpu/u_core/u_backend/dmem\\.exReadAddr[23]) connected to this hierarchical pin/port, but both were not found.
Related violations: <none>

HPDR-2#120 Warning
Port pin INOUT inconsistency  
Hierarchical port(pin) student_top_inst/Core_cpu/u_core/u_backend/dmem\\.exReadAddr[24] direction INOUT is not consistent with the directions of the cell pins/ports found at that level of the netlist hierarchy. Please review the design and consider changing the port(pin) direction. Both drivers and loads were expected for the net (student_top_inst/Core_cpu/u_core/u_backend/dmem\\.exReadAddr[24]) connected to this hierarchical pin/port, but both were not found.
Related violations: <none>

HPDR-2#121 Warning
Port pin INOUT inconsistency  
Hierarchical port(pin) student_top_inst/Core_cpu/u_core/u_backend/dmem\\.exReadAddr[25] direction INOUT is not consistent with the directions of the cell pins/ports found at that level of the netlist hierarchy. Please review the design and consider changing the port(pin) direction. Both drivers and loads were expected for the net (student_top_inst/Core_cpu/u_core/u_backend/dmem\\.exReadAddr[25]) connected to this hierarchical pin/port, but both were not found.
Related violations: <none>

HPDR-2#122 Warning
Port pin INOUT inconsistency  
Hierarchical port(pin) student_top_inst/Core_cpu/u_core/u_backend/dmem\\.exReadAddr[26] direction INOUT is not consistent with the directions of the cell pins/ports found at that level of the netlist hierarchy. Please review the design and consider changing the port(pin) direction. Both drivers and loads were expected for the net (student_top_inst/Core_cpu/u_core/u_backend/dmem\\.exReadAddr[26]) connected to this hierarchical pin/port, but both were not found.
Related violations: <none>

HPDR-2#123 Warning
Port pin INOUT inconsistency  
Hierarchical port(pin) student_top_inst/Core_cpu/u_core/u_backend/dmem\\.exReadAddr[27] direction INOUT is not consistent with the directions of the cell pins/ports found at that level of the netlist hierarchy. Please review the design and consider changing the port(pin) direction. Both drivers and loads were expected for the net (student_top_inst/Core_cpu/u_core/u_backend/dmem\\.exReadAddr[27]) connected to this hierarchical pin/port, but both were not found.
Related violations: <none>

HPDR-2#124 Warning
Port pin INOUT inconsistency  
Hierarchical port(pin) student_top_inst/Core_cpu/u_core/u_backend/dmem\\.exReadAddr[28] direction INOUT is not consistent with the directions of the cell pins/ports found at that level of the netlist hierarchy. Please review the design and consider changing the port(pin) direction. Both drivers and loads were expected for the net (student_top_inst/Core_cpu/u_core/u_backend/dmem\\.exReadAddr[28]) connected to this hierarchical pin/port, but both were not found.
Related violations: <none>

HPDR-2#125 Warning
Port pin INOUT inconsistency  
Hierarchical port(pin) student_top_inst/Core_cpu/u_core/u_backend/dmem\\.exReadAddr[29] direction INOUT is not consistent with the directions of the cell pins/ports found at that level of the netlist hierarchy. Please review the design and consider changing the port(pin) direction. Both drivers and loads were expected for the net (student_top_inst/Core_cpu/u_core/u_backend/dmem\\.exReadAddr[29]) connected to this hierarchical pin/port, but both were not found.
Related violations: <none>

HPDR-2#126 Warning
Port pin INOUT inconsistency  
Hierarchical port(pin) student_top_inst/Core_cpu/u_core/u_backend/dmem\\.exReadAddr[2] direction INOUT is not consistent with the directions of the cell pins/ports found at that level of the netlist hierarchy. Please review the design and consider changing the port(pin) direction. Both drivers and loads were expected for the net (student_top_inst/Core_cpu/u_core/u_backend/dmem\\.exReadAddr[2]) connected to this hierarchical pin/port, but both were not found.
Related violations: <none>

HPDR-2#127 Warning
Port pin INOUT inconsistency  
Hierarchical port(pin) student_top_inst/Core_cpu/u_core/u_backend/dmem\\.exReadAddr[30] direction INOUT is not consistent with the directions of the cell pins/ports found at that level of the netlist hierarchy. Please review the design and consider changing the port(pin) direction. Both drivers and loads were expected for the net (student_top_inst/Core_cpu/u_core/u_backend/dmem\\.exReadAddr[30]) connected to this hierarchical pin/port, but both were not found.
Related violations: <none>

HPDR-2#128 Warning
Port pin INOUT inconsistency  
Hierarchical port(pin) student_top_inst/Core_cpu/u_core/u_backend/dmem\\.exReadAddr[31] direction INOUT is not consistent with the directions of the cell pins/ports found at that level of the netlist hierarchy. Please review the design and consider changing the port(pin) direction. Both drivers and loads were expected for the net (student_top_inst/Core_cpu/u_core/u_backend/dmem\\.exReadAddr[31]) connected to this hierarchical pin/port, but both were not found.
Related violations: <none>

HPDR-2#129 Warning
Port pin INOUT inconsistency  
Hierarchical port(pin) student_top_inst/Core_cpu/u_core/u_backend/dmem\\.exReadAddr[3] direction INOUT is not consistent with the directions of the cell pins/ports found at that level of the netlist hierarchy. Please review the design and consider changing the port(pin) direction. Both drivers and loads were expected for the net (student_top_inst/Core_cpu/u_core/u_backend/dmem\\.exReadAddr[3]) connected to this hierarchical pin/port, but both were not found.
Related violations: <none>

HPDR-2#130 Warning
Port pin INOUT inconsistency  
Hierarchical port(pin) student_top_inst/Core_cpu/u_core/u_backend/dmem\\.exReadAddr[4] direction INOUT is not consistent with the directions of the cell pins/ports found at that level of the netlist hierarchy. Please review the design and consider changing the port(pin) direction. Both drivers and loads were expected for the net (student_top_inst/Core_cpu/u_core/u_backend/dmem\\.exReadAddr[4]) connected to this hierarchical pin/port, but both were not found.
Related violations: <none>

HPDR-2#131 Warning
Port pin INOUT inconsistency  
Hierarchical port(pin) student_top_inst/Core_cpu/u_core/u_backend/dmem\\.exReadAddr[5] direction INOUT is not consistent with the directions of the cell pins/ports found at that level of the netlist hierarchy. Please review the design and consider changing the port(pin) direction. Both drivers and loads were expected for the net (student_top_inst/Core_cpu/u_core/u_backend/dmem\\.exReadAddr[5]) connected to this hierarchical pin/port, but both were not found.
Related violations: <none>

HPDR-2#132 Warning
Port pin INOUT inconsistency  
Hierarchical port(pin) student_top_inst/Core_cpu/u_core/u_backend/dmem\\.exReadAddr[6] direction INOUT is not consistent with the directions of the cell pins/ports found at that level of the netlist hierarchy. Please review the design and consider changing the port(pin) direction. Both drivers and loads were expected for the net (student_top_inst/Core_cpu/u_core/u_backend/dmem\\.exReadAddr[6]) connected to this hierarchical pin/port, but both were not found.
Related violations: <none>

HPDR-2#133 Warning
Port pin INOUT inconsistency  
Hierarchical port(pin) student_top_inst/Core_cpu/u_core/u_backend/dmem\\.exReadAddr[7] direction INOUT is not consistent with the directions of the cell pins/ports found at that level of the netlist hierarchy. Please review the design and consider changing the port(pin) direction. Both drivers and loads were expected for the net (student_top_inst/Core_cpu/u_core/u_backend/dmem\\.exReadAddr[7]) connected to this hierarchical pin/port, but both were not found.
Related violations: <none>

HPDR-2#134 Warning
Port pin INOUT inconsistency  
Hierarchical port(pin) student_top_inst/Core_cpu/u_core/u_backend/dmem\\.exReadAddr[8] direction INOUT is not consistent with the directions of the cell pins/ports found at that level of the netlist hierarchy. Please review the design and consider changing the port(pin) direction. Both drivers and loads were expected for the net (student_top_inst/Core_cpu/u_core/u_backend/dmem\\.exReadAddr[8]) connected to this hierarchical pin/port, but both were not found.
Related violations: <none>

HPDR-2#135 Warning
Port pin INOUT inconsistency  
Hierarchical port(pin) student_top_inst/Core_cpu/u_core/u_backend/dmem\\.exReadAddr[9] direction INOUT is not consistent with the directions of the cell pins/ports found at that level of the netlist hierarchy. Please review the design and consider changing the port(pin) direction. Both drivers and loads were expected for the net (student_top_inst/Core_cpu/u_core/u_backend/dmem\\.exReadAddr[9]) connected to this hierarchical pin/port, but both were not found.
Related violations: <none>

HPDR-2#136 Warning
Port pin INOUT inconsistency  
Hierarchical port(pin) student_top_inst/Core_cpu/u_core/u_backend/dmem\\.exReadCacheable direction INOUT is not consistent with the directions of the cell pins/ports found at that level of the netlist hierarchy. Please review the design and consider changing the port(pin) direction. Both drivers and loads were expected for the net (student_top_inst/Core_cpu/u_core/u_backend/dmem\\.exReadCacheable) connected to this hierarchical pin/port, but both were not found.
Related violations: <none>

HPDR-2#137 Warning
Port pin INOUT inconsistency  
Hierarchical port(pin) student_top_inst/Core_cpu/u_core/u_backend/dmem\\.exReadEn direction INOUT is not consistent with the directions of the cell pins/ports found at that level of the netlist hierarchy. Please review the design and consider changing the port(pin) direction. Both drivers and loads were expected for the net (student_top_inst/Core_cpu/u_core/u_backend/dmem\\.exReadEn) connected to this hierarchical pin/port, but both were not found.
Related violations: <none>

HPDR-2#138 Warning
Port pin INOUT inconsistency  
Hierarchical port(pin) student_top_inst/Core_cpu/u_core/u_backend/dmem\\.storeWriteAddr[0] direction INOUT is not consistent with the directions of the cell pins/ports found at that level of the netlist hierarchy. Please review the design and consider changing the port(pin) direction. Both drivers and loads were expected for the net (student_top_inst/Core_cpu/u_core/u_backend/dmem\\.storeWriteAddr[0]) connected to this hierarchical pin/port, but both were not found.
Related violations: <none>

HPDR-2#139 Warning
Port pin INOUT inconsistency  
Hierarchical port(pin) student_top_inst/Core_cpu/u_core/u_backend/dmem\\.storeWriteAddr[10] direction INOUT is not consistent with the directions of the cell pins/ports found at that level of the netlist hierarchy. Please review the design and consider changing the port(pin) direction. Both drivers and loads were expected for the net (student_top_inst/Core_cpu/u_core/u_backend/dmem\\.storeWriteAddr[10]) connected to this hierarchical pin/port, but both were not found.
Related violations: <none>

HPDR-2#140 Warning
Port pin INOUT inconsistency  
Hierarchical port(pin) student_top_inst/Core_cpu/u_core/u_backend/dmem\\.storeWriteAddr[11] direction INOUT is not consistent with the directions of the cell pins/ports found at that level of the netlist hierarchy. Please review the design and consider changing the port(pin) direction. Both drivers and loads were expected for the net (student_top_inst/Core_cpu/u_core/u_backend/dmem\\.storeWriteAddr[11]) connected to this hierarchical pin/port, but both were not found.
Related violations: <none>

HPDR-2#141 Warning
Port pin INOUT inconsistency  
Hierarchical port(pin) student_top_inst/Core_cpu/u_core/u_backend/dmem\\.storeWriteAddr[12] direction INOUT is not consistent with the directions of the cell pins/ports found at that level of the netlist hierarchy. Please review the design and consider changing the port(pin) direction. Both drivers and loads were expected for the net (student_top_inst/Core_cpu/u_core/u_backend/dmem\\.storeWriteAddr[12]) connected to this hierarchical pin/port, but both were not found.
Related violations: <none>

HPDR-2#142 Warning
Port pin INOUT inconsistency  
Hierarchical port(pin) student_top_inst/Core_cpu/u_core/u_backend/dmem\\.storeWriteAddr[13] direction INOUT is not consistent with the directions of the cell pins/ports found at that level of the netlist hierarchy. Please review the design and consider changing the port(pin) direction. Both drivers and loads were expected for the net (student_top_inst/Core_cpu/u_core/u_backend/dmem\\.storeWriteAddr[13]) connected to this hierarchical pin/port, but both were not found.
Related violations: <none>

HPDR-2#143 Warning
Port pin INOUT inconsistency  
Hierarchical port(pin) student_top_inst/Core_cpu/u_core/u_backend/dmem\\.storeWriteAddr[14] direction INOUT is not consistent with the directions of the cell pins/ports found at that level of the netlist hierarchy. Please review the design and consider changing the port(pin) direction. Both drivers and loads were expected for the net (student_top_inst/Core_cpu/u_core/u_backend/dmem\\.storeWriteAddr[14]) connected to this hierarchical pin/port, but both were not found.
Related violations: <none>

HPDR-2#144 Warning
Port pin INOUT inconsistency  
Hierarchical port(pin) student_top_inst/Core_cpu/u_core/u_backend/dmem\\.storeWriteAddr[15] direction INOUT is not consistent with the directions of the cell pins/ports found at that level of the netlist hierarchy. Please review the design and consider changing the port(pin) direction. Both drivers and loads were expected for the net (student_top_inst/Core_cpu/u_core/u_backend/dmem\\.storeWriteAddr[15]) connected to this hierarchical pin/port, but both were not found.
Related violations: <none>

HPDR-2#145 Warning
Port pin INOUT inconsistency  
Hierarchical port(pin) student_top_inst/Core_cpu/u_core/u_backend/dmem\\.storeWriteAddr[16] direction INOUT is not consistent with the directions of the cell pins/ports found at that level of the netlist hierarchy. Please review the design and consider changing the port(pin) direction. Both drivers and loads were expected for the net (student_top_inst/Core_cpu/u_core/u_backend/dmem\\.storeWriteAddr[16]) connected to this hierarchical pin/port, but both were not found.
Related violations: <none>

HPDR-2#146 Warning
Port pin INOUT inconsistency  
Hierarchical port(pin) student_top_inst/Core_cpu/u_core/u_backend/dmem\\.storeWriteAddr[17] direction INOUT is not consistent with the directions of the cell pins/ports found at that level of the netlist hierarchy. Please review the design and consider changing the port(pin) direction. Both drivers and loads were expected for the net (student_top_inst/Core_cpu/u_core/u_backend/dmem\\.storeWriteAddr[17]) connected to this hierarchical pin/port, but both were not found.
Related violations: <none>

HPDR-2#147 Warning
Port pin INOUT inconsistency  
Hierarchical port(pin) student_top_inst/Core_cpu/u_core/u_backend/dmem\\.storeWriteAddr[18] direction INOUT is not consistent with the directions of the cell pins/ports found at that level of the netlist hierarchy. Please review the design and consider changing the port(pin) direction. Both drivers and loads were expected for the net (student_top_inst/Core_cpu/u_core/u_backend/dmem\\.storeWriteAddr[18]) connected to this hierarchical pin/port, but both were not found.
Related violations: <none>

HPDR-2#148 Warning
Port pin INOUT inconsistency  
Hierarchical port(pin) student_top_inst/Core_cpu/u_core/u_backend/dmem\\.storeWriteAddr[19] direction INOUT is not consistent with the directions of the cell pins/ports found at that level of the netlist hierarchy. Please review the design and consider changing the port(pin) direction. Both drivers and loads were expected for the net (student_top_inst/Core_cpu/u_core/u_backend/dmem\\.storeWriteAddr[19]) connected to this hierarchical pin/port, but both were not found.
Related violations: <none>

HPDR-2#149 Warning
Port pin INOUT inconsistency  
Hierarchical port(pin) student_top_inst/Core_cpu/u_core/u_backend/dmem\\.storeWriteAddr[1] direction INOUT is not consistent with the directions of the cell pins/ports found at that level of the netlist hierarchy. Please review the design and consider changing the port(pin) direction. Both drivers and loads were expected for the net (student_top_inst/Core_cpu/u_core/u_backend/dmem\\.storeWriteAddr[1]) connected to this hierarchical pin/port, but both were not found.
Related violations: <none>

HPDR-2#150 Warning
Port pin INOUT inconsistency  
Hierarchical port(pin) student_top_inst/Core_cpu/u_core/u_backend/dmem\\.storeWriteAddr[20] direction INOUT is not consistent with the directions of the cell pins/ports found at that level of the netlist hierarchy. Please review the design and consider changing the port(pin) direction. Both drivers and loads were expected for the net (student_top_inst/Core_cpu/u_core/u_backend/dmem\\.storeWriteAddr[20]) connected to this hierarchical pin/port, but both were not found.
Related violations: <none>

HPDR-2#151 Warning
Port pin INOUT inconsistency  
Hierarchical port(pin) student_top_inst/Core_cpu/u_core/u_backend/dmem\\.storeWriteAddr[21] direction INOUT is not consistent with the directions of the cell pins/ports found at that level of the netlist hierarchy. Please review the design and consider changing the port(pin) direction. Both drivers and loads were expected for the net (student_top_inst/Core_cpu/u_core/u_backend/dmem\\.storeWriteAddr[21]) connected to this hierarchical pin/port, but both were not found.
Related violations: <none>

HPDR-2#152 Warning
Port pin INOUT inconsistency  
Hierarchical port(pin) student_top_inst/Core_cpu/u_core/u_backend/dmem\\.storeWriteAddr[22] direction INOUT is not consistent with the directions of the cell pins/ports found at that level of the netlist hierarchy. Please review the design and consider changing the port(pin) direction. Both drivers and loads were expected for the net (student_top_inst/Core_cpu/u_core/u_backend/dmem\\.storeWriteAddr[22]) connected to this hierarchical pin/port, but both were not found.
Related violations: <none>

HPDR-2#153 Warning
Port pin INOUT inconsistency  
Hierarchical port(pin) student_top_inst/Core_cpu/u_core/u_backend/dmem\\.storeWriteAddr[23] direction INOUT is not consistent with the directions of the cell pins/ports found at that level of the netlist hierarchy. Please review the design and consider changing the port(pin) direction. Both drivers and loads were expected for the net (student_top_inst/Core_cpu/u_core/u_backend/dmem\\.storeWriteAddr[23]) connected to this hierarchical pin/port, but both were not found.
Related violations: <none>

HPDR-2#154 Warning
Port pin INOUT inconsistency  
Hierarchical port(pin) student_top_inst/Core_cpu/u_core/u_backend/dmem\\.storeWriteAddr[24] direction INOUT is not consistent with the directions of the cell pins/ports found at that level of the netlist hierarchy. Please review the design and consider changing the port(pin) direction. Both drivers and loads were expected for the net (student_top_inst/Core_cpu/u_core/u_backend/dmem\\.storeWriteAddr[24]) connected to this hierarchical pin/port, but both were not found.
Related violations: <none>

HPDR-2#155 Warning
Port pin INOUT inconsistency  
Hierarchical port(pin) student_top_inst/Core_cpu/u_core/u_backend/dmem\\.storeWriteAddr[25] direction INOUT is not consistent with the directions of the cell pins/ports found at that level of the netlist hierarchy. Please review the design and consider changing the port(pin) direction. Both drivers and loads were expected for the net (student_top_inst/Core_cpu/u_core/u_backend/dmem\\.storeWriteAddr[25]) connected to this hierarchical pin/port, but both were not found.
Related violations: <none>

HPDR-2#156 Warning
Port pin INOUT inconsistency  
Hierarchical port(pin) student_top_inst/Core_cpu/u_core/u_backend/dmem\\.storeWriteAddr[26] direction INOUT is not consistent with the directions of the cell pins/ports found at that level of the netlist hierarchy. Please review the design and consider changing the port(pin) direction. Both drivers and loads were expected for the net (student_top_inst/Core_cpu/u_core/u_backend/dmem\\.storeWriteAddr[26]) connected to this hierarchical pin/port, but both were not found.
Related violations: <none>

HPDR-2#157 Warning
Port pin INOUT inconsistency  
Hierarchical port(pin) student_top_inst/Core_cpu/u_core/u_backend/dmem\\.storeWriteAddr[27] direction INOUT is not consistent with the directions of the cell pins/ports found at that level of the netlist hierarchy. Please review the design and consider changing the port(pin) direction. Both drivers and loads were expected for the net (student_top_inst/Core_cpu/u_core/u_backend/dmem\\.storeWriteAddr[27]) connected to this hierarchical pin/port, but both were not found.
Related violations: <none>

HPDR-2#158 Warning
Port pin INOUT inconsistency  
Hierarchical port(pin) student_top_inst/Core_cpu/u_core/u_backend/dmem\\.storeWriteAddr[28] direction INOUT is not consistent with the directions of the cell pins/ports found at that level of the netlist hierarchy. Please review the design and consider changing the port(pin) direction. Both drivers and loads were expected for the net (student_top_inst/Core_cpu/u_core/u_backend/dmem\\.storeWriteAddr[28]) connected to this hierarchical pin/port, but both were not found.
Related violations: <none>

HPDR-2#159 Warning
Port pin INOUT inconsistency  
Hierarchical port(pin) student_top_inst/Core_cpu/u_core/u_backend/dmem\\.storeWriteAddr[29] direction INOUT is not consistent with the directions of the cell pins/ports found at that level of the netlist hierarchy. Please review the design and consider changing the port(pin) direction. Both drivers and loads were expected for the net (student_top_inst/Core_cpu/u_core/u_backend/dmem\\.storeWriteAddr[29]) connected to this hierarchical pin/port, but both were not found.
Related violations: <none>

HPDR-2#160 Warning
Port pin INOUT inconsistency  
Hierarchical port(pin) student_top_inst/Core_cpu/u_core/u_backend/dmem\\.storeWriteAddr[2] direction INOUT is not consistent with the directions of the cell pins/ports found at that level of the netlist hierarchy. Please review the design and consider changing the port(pin) direction. Both drivers and loads were expected for the net (student_top_inst/Core_cpu/u_core/u_backend/dmem\\.storeWriteAddr[2]) connected to this hierarchical pin/port, but both were not found.
Related violations: <none>

HPDR-2#161 Warning
Port pin INOUT inconsistency  
Hierarchical port(pin) student_top_inst/Core_cpu/u_core/u_backend/dmem\\.storeWriteAddr[30] direction INOUT is not consistent with the directions of the cell pins/ports found at that level of the netlist hierarchy. Please review the design and consider changing the port(pin) direction. Both drivers and loads were expected for the net (student_top_inst/Core_cpu/u_core/u_backend/dmem\\.storeWriteAddr[30]) connected to this hierarchical pin/port, but both were not found.
Related violations: <none>

HPDR-2#162 Warning
Port pin INOUT inconsistency  
Hierarchical port(pin) student_top_inst/Core_cpu/u_core/u_backend/dmem\\.storeWriteAddr[31] direction INOUT is not consistent with the directions of the cell pins/ports found at that level of the netlist hierarchy. Please review the design and consider changing the port(pin) direction. Both drivers and loads were expected for the net (student_top_inst/Core_cpu/u_core/u_backend/dmem\\.storeWriteAddr[31]) connected to this hierarchical pin/port, but both were not found.
Related violations: <none>

HPDR-2#163 Warning
Port pin INOUT inconsistency  
Hierarchical port(pin) student_top_inst/Core_cpu/u_core/u_backend/dmem\\.storeWriteAddr[3] direction INOUT is not consistent with the directions of the cell pins/ports found at that level of the netlist hierarchy. Please review the design and consider changing the port(pin) direction. Both drivers and loads were expected for the net (student_top_inst/Core_cpu/u_core/u_backend/dmem\\.storeWriteAddr[3]) connected to this hierarchical pin/port, but both were not found.
Related violations: <none>

HPDR-2#164 Warning
Port pin INOUT inconsistency  
Hierarchical port(pin) student_top_inst/Core_cpu/u_core/u_backend/dmem\\.storeWriteAddr[4] direction INOUT is not consistent with the directions of the cell pins/ports found at that level of the netlist hierarchy. Please review the design and consider changing the port(pin) direction. Both drivers and loads were expected for the net (student_top_inst/Core_cpu/u_core/u_backend/dmem\\.storeWriteAddr[4]) connected to this hierarchical pin/port, but both were not found.
Related violations: <none>

HPDR-2#165 Warning
Port pin INOUT inconsistency  
Hierarchical port(pin) student_top_inst/Core_cpu/u_core/u_backend/dmem\\.storeWriteAddr[5] direction INOUT is not consistent with the directions of the cell pins/ports found at that level of the netlist hierarchy. Please review the design and consider changing the port(pin) direction. Both drivers and loads were expected for the net (student_top_inst/Core_cpu/u_core/u_backend/dmem\\.storeWriteAddr[5]) connected to this hierarchical pin/port, but both were not found.
Related violations: <none>

HPDR-2#166 Warning
Port pin INOUT inconsistency  
Hierarchical port(pin) student_top_inst/Core_cpu/u_core/u_backend/dmem\\.storeWriteAddr[6] direction INOUT is not consistent with the directions of the cell pins/ports found at that level of the netlist hierarchy. Please review the design and consider changing the port(pin) direction. Both drivers and loads were expected for the net (student_top_inst/Core_cpu/u_core/u_backend/dmem\\.storeWriteAddr[6]) connected to this hierarchical pin/port, but both were not found.
Related violations: <none>

HPDR-2#167 Warning
Port pin INOUT inconsistency  
Hierarchical port(pin) student_top_inst/Core_cpu/u_core/u_backend/dmem\\.storeWriteAddr[7] direction INOUT is not consistent with the directions of the cell pins/ports found at that level of the netlist hierarchy. Please review the design and consider changing the port(pin) direction. Both drivers and loads were expected for the net (student_top_inst/Core_cpu/u_core/u_backend/dmem\\.storeWriteAddr[7]) connected to this hierarchical pin/port, but both were not found.
Related violations: <none>

HPDR-2#168 Warning
Port pin INOUT inconsistency  
Hierarchical port(pin) student_top_inst/Core_cpu/u_core/u_backend/dmem\\.storeWriteAddr[8] direction INOUT is not consistent with the directions of the cell pins/ports found at that level of the netlist hierarchy. Please review the design and consider changing the port(pin) direction. Both drivers and loads were expected for the net (student_top_inst/Core_cpu/u_core/u_backend/dmem\\.storeWriteAddr[8]) connected to this hierarchical pin/port, but both were not found.
Related violations: <none>

HPDR-2#169 Warning
Port pin INOUT inconsistency  
Hierarchical port(pin) student_top_inst/Core_cpu/u_core/u_backend/dmem\\.storeWriteAddr[9] direction INOUT is not consistent with the directions of the cell pins/ports found at that level of the netlist hierarchy. Please review the design and consider changing the port(pin) direction. Both drivers and loads were expected for the net (student_top_inst/Core_cpu/u_core/u_backend/dmem\\.storeWriteAddr[9]) connected to this hierarchical pin/port, but both were not found.
Related violations: <none>

HPDR-2#170 Warning
Port pin INOUT inconsistency  
Hierarchical port(pin) student_top_inst/Core_cpu/u_core/u_backend/dmem\\.storeWriteData[0] direction INOUT is not consistent with the directions of the cell pins/ports found at that level of the netlist hierarchy. Please review the design and consider changing the port(pin) direction. Both drivers and loads were expected for the net (student_top_inst/Core_cpu/u_core/u_backend/dmem\\.storeWriteData[0]) connected to this hierarchical pin/port, but both were not found.
Related violations: <none>

HPDR-2#171 Warning
Port pin INOUT inconsistency  
Hierarchical port(pin) student_top_inst/Core_cpu/u_core/u_backend/dmem\\.storeWriteData[10] direction INOUT is not consistent with the directions of the cell pins/ports found at that level of the netlist hierarchy. Please review the design and consider changing the port(pin) direction. Both drivers and loads were expected for the net (student_top_inst/Core_cpu/u_core/u_backend/dmem\\.storeWriteData[10]) connected to this hierarchical pin/port, but both were not found.
Related violations: <none>

HPDR-2#172 Warning
Port pin INOUT inconsistency  
Hierarchical port(pin) student_top_inst/Core_cpu/u_core/u_backend/dmem\\.storeWriteData[11] direction INOUT is not consistent with the directions of the cell pins/ports found at that level of the netlist hierarchy. Please review the design and consider changing the port(pin) direction. Both drivers and loads were expected for the net (student_top_inst/Core_cpu/u_core/u_backend/dmem\\.storeWriteData[11]) connected to this hierarchical pin/port, but both were not found.
Related violations: <none>

HPDR-2#173 Warning
Port pin INOUT inconsistency  
Hierarchical port(pin) student_top_inst/Core_cpu/u_core/u_backend/dmem\\.storeWriteData[12] direction INOUT is not consistent with the directions of the cell pins/ports found at that level of the netlist hierarchy. Please review the design and consider changing the port(pin) direction. Both drivers and loads were expected for the net (student_top_inst/Core_cpu/u_core/u_backend/dmem\\.storeWriteData[12]) connected to this hierarchical pin/port, but both were not found.
Related violations: <none>

HPDR-2#174 Warning
Port pin INOUT inconsistency  
Hierarchical port(pin) student_top_inst/Core_cpu/u_core/u_backend/dmem\\.storeWriteData[13] direction INOUT is not consistent with the directions of the cell pins/ports found at that level of the netlist hierarchy. Please review the design and consider changing the port(pin) direction. Both drivers and loads were expected for the net (student_top_inst/Core_cpu/u_core/u_backend/dmem\\.storeWriteData[13]) connected to this hierarchical pin/port, but both were not found.
Related violations: <none>

HPDR-2#175 Warning
Port pin INOUT inconsistency  
Hierarchical port(pin) student_top_inst/Core_cpu/u_core/u_backend/dmem\\.storeWriteData[14] direction INOUT is not consistent with the directions of the cell pins/ports found at that level of the netlist hierarchy. Please review the design and consider changing the port(pin) direction. Both drivers and loads were expected for the net (student_top_inst/Core_cpu/u_core/u_backend/dmem\\.storeWriteData[14]) connected to this hierarchical pin/port, but both were not found.
Related violations: <none>

HPDR-2#176 Warning
Port pin INOUT inconsistency  
Hierarchical port(pin) student_top_inst/Core_cpu/u_core/u_backend/dmem\\.storeWriteData[15] direction INOUT is not consistent with the directions of the cell pins/ports found at that level of the netlist hierarchy. Please review the design and consider changing the port(pin) direction. Both drivers and loads were expected for the net (student_top_inst/Core_cpu/u_core/u_backend/dmem\\.storeWriteData[15]) connected to this hierarchical pin/port, but both were not found.
Related violations: <none>

HPDR-2#177 Warning
Port pin INOUT inconsistency  
Hierarchical port(pin) student_top_inst/Core_cpu/u_core/u_backend/dmem\\.storeWriteData[16] direction INOUT is not consistent with the directions of the cell pins/ports found at that level of the netlist hierarchy. Please review the design and consider changing the port(pin) direction. Both drivers and loads were expected for the net (student_top_inst/Core_cpu/u_core/u_backend/dmem\\.storeWriteData[16]) connected to this hierarchical pin/port, but both were not found.
Related violations: <none>

HPDR-2#178 Warning
Port pin INOUT inconsistency  
Hierarchical port(pin) student_top_inst/Core_cpu/u_core/u_backend/dmem\\.storeWriteData[17] direction INOUT is not consistent with the directions of the cell pins/ports found at that level of the netlist hierarchy. Please review the design and consider changing the port(pin) direction. Both drivers and loads were expected for the net (student_top_inst/Core_cpu/u_core/u_backend/dmem\\.storeWriteData[17]) connected to this hierarchical pin/port, but both were not found.
Related violations: <none>

HPDR-2#179 Warning
Port pin INOUT inconsistency  
Hierarchical port(pin) student_top_inst/Core_cpu/u_core/u_backend/dmem\\.storeWriteData[18] direction INOUT is not consistent with the directions of the cell pins/ports found at that level of the netlist hierarchy. Please review the design and consider changing the port(pin) direction. Both drivers and loads were expected for the net (student_top_inst/Core_cpu/u_core/u_backend/dmem\\.storeWriteData[18]) connected to this hierarchical pin/port, but both were not found.
Related violations: <none>

HPDR-2#180 Warning
Port pin INOUT inconsistency  
Hierarchical port(pin) student_top_inst/Core_cpu/u_core/u_backend/dmem\\.storeWriteData[19] direction INOUT is not consistent with the directions of the cell pins/ports found at that level of the netlist hierarchy. Please review the design and consider changing the port(pin) direction. Both drivers and loads were expected for the net (student_top_inst/Core_cpu/u_core/u_backend/dmem\\.storeWriteData[19]) connected to this hierarchical pin/port, but both were not found.
Related violations: <none>

HPDR-2#181 Warning
Port pin INOUT inconsistency  
Hierarchical port(pin) student_top_inst/Core_cpu/u_core/u_backend/dmem\\.storeWriteData[1] direction INOUT is not consistent with the directions of the cell pins/ports found at that level of the netlist hierarchy. Please review the design and consider changing the port(pin) direction. Both drivers and loads were expected for the net (student_top_inst/Core_cpu/u_core/u_backend/dmem\\.storeWriteData[1]) connected to this hierarchical pin/port, but both were not found.
Related violations: <none>

HPDR-2#182 Warning
Port pin INOUT inconsistency  
Hierarchical port(pin) student_top_inst/Core_cpu/u_core/u_backend/dmem\\.storeWriteData[20] direction INOUT is not consistent with the directions of the cell pins/ports found at that level of the netlist hierarchy. Please review the design and consider changing the port(pin) direction. Both drivers and loads were expected for the net (student_top_inst/Core_cpu/u_core/u_backend/dmem\\.storeWriteData[20]) connected to this hierarchical pin/port, but both were not found.
Related violations: <none>

HPDR-2#183 Warning
Port pin INOUT inconsistency  
Hierarchical port(pin) student_top_inst/Core_cpu/u_core/u_backend/dmem\\.storeWriteData[21] direction INOUT is not consistent with the directions of the cell pins/ports found at that level of the netlist hierarchy. Please review the design and consider changing the port(pin) direction. Both drivers and loads were expected for the net (student_top_inst/Core_cpu/u_core/u_backend/dmem\\.storeWriteData[21]) connected to this hierarchical pin/port, but both were not found.
Related violations: <none>

HPDR-2#184 Warning
Port pin INOUT inconsistency  
Hierarchical port(pin) student_top_inst/Core_cpu/u_core/u_backend/dmem\\.storeWriteData[22] direction INOUT is not consistent with the directions of the cell pins/ports found at that level of the netlist hierarchy. Please review the design and consider changing the port(pin) direction. Both drivers and loads were expected for the net (student_top_inst/Core_cpu/u_core/u_backend/dmem\\.storeWriteData[22]) connected to this hierarchical pin/port, but both were not found.
Related violations: <none>

HPDR-2#185 Warning
Port pin INOUT inconsistency  
Hierarchical port(pin) student_top_inst/Core_cpu/u_core/u_backend/dmem\\.storeWriteData[23] direction INOUT is not consistent with the directions of the cell pins/ports found at that level of the netlist hierarchy. Please review the design and consider changing the port(pin) direction. Both drivers and loads were expected for the net (student_top_inst/Core_cpu/u_core/u_backend/dmem\\.storeWriteData[23]) connected to this hierarchical pin/port, but both were not found.
Related violations: <none>

HPDR-2#186 Warning
Port pin INOUT inconsistency  
Hierarchical port(pin) student_top_inst/Core_cpu/u_core/u_backend/dmem\\.storeWriteData[24] direction INOUT is not consistent with the directions of the cell pins/ports found at that level of the netlist hierarchy. Please review the design and consider changing the port(pin) direction. Both drivers and loads were expected for the net (student_top_inst/Core_cpu/u_core/u_backend/dmem\\.storeWriteData[24]) connected to this hierarchical pin/port, but both were not found.
Related violations: <none>

HPDR-2#187 Warning
Port pin INOUT inconsistency  
Hierarchical port(pin) student_top_inst/Core_cpu/u_core/u_backend/dmem\\.storeWriteData[25] direction INOUT is not consistent with the directions of the cell pins/ports found at that level of the netlist hierarchy. Please review the design and consider changing the port(pin) direction. Both drivers and loads were expected for the net (student_top_inst/Core_cpu/u_core/u_backend/dmem\\.storeWriteData[25]) connected to this hierarchical pin/port, but both were not found.
Related violations: <none>

HPDR-2#188 Warning
Port pin INOUT inconsistency  
Hierarchical port(pin) student_top_inst/Core_cpu/u_core/u_backend/dmem\\.storeWriteData[26] direction INOUT is not consistent with the directions of the cell pins/ports found at that level of the netlist hierarchy. Please review the design and consider changing the port(pin) direction. Both drivers and loads were expected for the net (student_top_inst/Core_cpu/u_core/u_backend/dmem\\.storeWriteData[26]) connected to this hierarchical pin/port, but both were not found.
Related violations: <none>

HPDR-2#189 Warning
Port pin INOUT inconsistency  
Hierarchical port(pin) student_top_inst/Core_cpu/u_core/u_backend/dmem\\.storeWriteData[27] direction INOUT is not consistent with the directions of the cell pins/ports found at that level of the netlist hierarchy. Please review the design and consider changing the port(pin) direction. Both drivers and loads were expected for the net (student_top_inst/Core_cpu/u_core/u_backend/dmem\\.storeWriteData[27]) connected to this hierarchical pin/port, but both were not found.
Related violations: <none>

HPDR-2#190 Warning
Port pin INOUT inconsistency  
Hierarchical port(pin) student_top_inst/Core_cpu/u_core/u_backend/dmem\\.storeWriteData[28] direction INOUT is not consistent with the directions of the cell pins/ports found at that level of the netlist hierarchy. Please review the design and consider changing the port(pin) direction. Both drivers and loads were expected for the net (student_top_inst/Core_cpu/u_core/u_backend/dmem\\.storeWriteData[28]) connected to this hierarchical pin/port, but both were not found.
Related violations: <none>

HPDR-2#191 Warning
Port pin INOUT inconsistency  
Hierarchical port(pin) student_top_inst/Core_cpu/u_core/u_backend/dmem\\.storeWriteData[29] direction INOUT is not consistent with the directions of the cell pins/ports found at that level of the netlist hierarchy. Please review the design and consider changing the port(pin) direction. Both drivers and loads were expected for the net (student_top_inst/Core_cpu/u_core/u_backend/dmem\\.storeWriteData[29]) connected to this hierarchical pin/port, but both were not found.
Related violations: <none>

HPDR-2#192 Warning
Port pin INOUT inconsistency  
Hierarchical port(pin) student_top_inst/Core_cpu/u_core/u_backend/dmem\\.storeWriteData[2] direction INOUT is not consistent with the directions of the cell pins/ports found at that level of the netlist hierarchy. Please review the design and consider changing the port(pin) direction. Both drivers and loads were expected for the net (student_top_inst/Core_cpu/u_core/u_backend/dmem\\.storeWriteData[2]) connected to this hierarchical pin/port, but both were not found.
Related violations: <none>

HPDR-2#193 Warning
Port pin INOUT inconsistency  
Hierarchical port(pin) student_top_inst/Core_cpu/u_core/u_backend/dmem\\.storeWriteData[30] direction INOUT is not consistent with the directions of the cell pins/ports found at that level of the netlist hierarchy. Please review the design and consider changing the port(pin) direction. Both drivers and loads were expected for the net (student_top_inst/Core_cpu/u_core/u_backend/dmem\\.storeWriteData[30]) connected to this hierarchical pin/port, but both were not found.
Related violations: <none>

HPDR-2#194 Warning
Port pin INOUT inconsistency  
Hierarchical port(pin) student_top_inst/Core_cpu/u_core/u_backend/dmem\\.storeWriteData[31] direction INOUT is not consistent with the directions of the cell pins/ports found at that level of the netlist hierarchy. Please review the design and consider changing the port(pin) direction. Both drivers and loads were expected for the net (student_top_inst/Core_cpu/u_core/u_backend/dmem\\.storeWriteData[31]) connected to this hierarchical pin/port, but both were not found.
Related violations: <none>

HPDR-2#195 Warning
Port pin INOUT inconsistency  
Hierarchical port(pin) student_top_inst/Core_cpu/u_core/u_backend/dmem\\.storeWriteData[3] direction INOUT is not consistent with the directions of the cell pins/ports found at that level of the netlist hierarchy. Please review the design and consider changing the port(pin) direction. Both drivers and loads were expected for the net (student_top_inst/Core_cpu/u_core/u_backend/dmem\\.storeWriteData[3]) connected to this hierarchical pin/port, but both were not found.
Related violations: <none>

HPDR-2#196 Warning
Port pin INOUT inconsistency  
Hierarchical port(pin) student_top_inst/Core_cpu/u_core/u_backend/dmem\\.storeWriteData[4] direction INOUT is not consistent with the directions of the cell pins/ports found at that level of the netlist hierarchy. Please review the design and consider changing the port(pin) direction. Both drivers and loads were expected for the net (student_top_inst/Core_cpu/u_core/u_backend/dmem\\.storeWriteData[4]) connected to this hierarchical pin/port, but both were not found.
Related violations: <none>

HPDR-2#197 Warning
Port pin INOUT inconsistency  
Hierarchical port(pin) student_top_inst/Core_cpu/u_core/u_backend/dmem\\.storeWriteData[5] direction INOUT is not consistent with the directions of the cell pins/ports found at that level of the netlist hierarchy. Please review the design and consider changing the port(pin) direction. Both drivers and loads were expected for the net (student_top_inst/Core_cpu/u_core/u_backend/dmem\\.storeWriteData[5]) connected to this hierarchical pin/port, but both were not found.
Related violations: <none>

HPDR-2#198 Warning
Port pin INOUT inconsistency  
Hierarchical port(pin) student_top_inst/Core_cpu/u_core/u_backend/dmem\\.storeWriteData[6] direction INOUT is not consistent with the directions of the cell pins/ports found at that level of the netlist hierarchy. Please review the design and consider changing the port(pin) direction. Both drivers and loads were expected for the net (student_top_inst/Core_cpu/u_core/u_backend/dmem\\.storeWriteData[6]) connected to this hierarchical pin/port, but both were not found.
Related violations: <none>

HPDR-2#199 Warning
Port pin INOUT inconsistency  
Hierarchical port(pin) student_top_inst/Core_cpu/u_core/u_backend/dmem\\.storeWriteData[7] direction INOUT is not consistent with the directions of the cell pins/ports found at that level of the netlist hierarchy. Please review the design and consider changing the port(pin) direction. Both drivers and loads were expected for the net (student_top_inst/Core_cpu/u_core/u_backend/dmem\\.storeWriteData[7]) connected to this hierarchical pin/port, but both were not found.
Related violations: <none>

HPDR-2#200 Warning
Port pin INOUT inconsistency  
Hierarchical port(pin) student_top_inst/Core_cpu/u_core/u_backend/dmem\\.storeWriteData[8] direction INOUT is not consistent with the directions of the cell pins/ports found at that level of the netlist hierarchy. Please review the design and consider changing the port(pin) direction. Both drivers and loads were expected for the net (student_top_inst/Core_cpu/u_core/u_backend/dmem\\.storeWriteData[8]) connected to this hierarchical pin/port, but both were not found.
Related violations: <none>

HPDR-2#201 Warning
Port pin INOUT inconsistency  
Hierarchical port(pin) student_top_inst/Core_cpu/u_core/u_backend/dmem\\.storeWriteData[9] direction INOUT is not consistent with the directions of the cell pins/ports found at that level of the netlist hierarchy. Please review the design and consider changing the port(pin) direction. Both drivers and loads were expected for the net (student_top_inst/Core_cpu/u_core/u_backend/dmem\\.storeWriteData[9]) connected to this hierarchical pin/port, but both were not found.
Related violations: <none>

HPDR-2#202 Warning
Port pin INOUT inconsistency  
Hierarchical port(pin) student_top_inst/Core_cpu/u_core/u_backend/dmem\\.storeWriteMask[0] direction INOUT is not consistent with the directions of the cell pins/ports found at that level of the netlist hierarchy. Please review the design and consider changing the port(pin) direction. Both drivers and loads were expected for the net (student_top_inst/Core_cpu/u_core/u_backend/dmem\\.storeWriteMask[0]) connected to this hierarchical pin/port, but both were not found.
Related violations: <none>

HPDR-2#203 Warning
Port pin INOUT inconsistency  
Hierarchical port(pin) student_top_inst/Core_cpu/u_core/u_backend/dmem\\.storeWriteMask[1] direction INOUT is not consistent with the directions of the cell pins/ports found at that level of the netlist hierarchy. Please review the design and consider changing the port(pin) direction. Both drivers and loads were expected for the net (student_top_inst/Core_cpu/u_core/u_backend/dmem\\.storeWriteMask[1]) connected to this hierarchical pin/port, but both were not found.
Related violations: <none>

HPDR-2#204 Warning
Port pin INOUT inconsistency  
Hierarchical port(pin) student_top_inst/Core_cpu/u_core/u_backend/dmem\\.storeWriteMask[2] direction INOUT is not consistent with the directions of the cell pins/ports found at that level of the netlist hierarchy. Please review the design and consider changing the port(pin) direction. Both drivers and loads were expected for the net (student_top_inst/Core_cpu/u_core/u_backend/dmem\\.storeWriteMask[2]) connected to this hierarchical pin/port, but both were not found.
Related violations: <none>

HPDR-2#205 Warning
Port pin INOUT inconsistency  
Hierarchical port(pin) student_top_inst/Core_cpu/u_core/u_backend/dmem\\.storeWriteMask[3] direction INOUT is not consistent with the directions of the cell pins/ports found at that level of the netlist hierarchy. Please review the design and consider changing the port(pin) direction. Both drivers and loads were expected for the net (student_top_inst/Core_cpu/u_core/u_backend/dmem\\.storeWriteMask[3]) connected to this hierarchical pin/port, but both were not found.
Related violations: <none>

SYNTH-5#1 Warning
Mapped onto distributed RAM because of timing constraints  
The instance student_top_inst/Core_cpu/u_core/u_bpu/btb_return_q_reg_r1_0_127_0_0 is implemented as distributed LUT RAM for the following reason: The timing constraints suggest that the chosen mapping will yield a better timing.
Related violations: <none>

SYNTH-5#2 Warning
Mapped onto distributed RAM because of timing constraints  
The instance student_top_inst/Core_cpu/u_core/u_bpu/btb_return_q_reg_r1_128_255_0_0 is implemented as distributed LUT RAM for the following reason: The timing constraints suggest that the chosen mapping will yield a better timing.
Related violations: <none>

SYNTH-5#3 Warning
Mapped onto distributed RAM because of timing constraints  
The instance student_top_inst/Core_cpu/u_core/u_bpu/btb_return_q_reg_r2_0_127_0_0 is implemented as distributed LUT RAM for the following reason: The timing constraints suggest that the chosen mapping will yield a better timing.
Related violations: <none>

SYNTH-5#4 Warning
Mapped onto distributed RAM because of timing constraints  
The instance student_top_inst/Core_cpu/u_core/u_bpu/btb_return_q_reg_r2_128_255_0_0 is implemented as distributed LUT RAM for the following reason: The timing constraints suggest that the chosen mapping will yield a better timing.
Related violations: <none>

SYNTH-5#5 Warning
Mapped onto distributed RAM because of timing constraints  
The instance student_top_inst/Core_cpu/u_core/u_bpu/btb_uncond_q_reg_r1_0_127_0_0 is implemented as distributed LUT RAM for the following reason: The timing constraints suggest that the chosen mapping will yield a better timing.
Related violations: <none>

SYNTH-5#6 Warning
Mapped onto distributed RAM because of timing constraints  
The instance student_top_inst/Core_cpu/u_core/u_bpu/btb_uncond_q_reg_r1_128_255_0_0 is implemented as distributed LUT RAM for the following reason: The timing constraints suggest that the chosen mapping will yield a better timing.
Related violations: <none>

SYNTH-5#7 Warning
Mapped onto distributed RAM because of timing constraints  
The instance student_top_inst/Core_cpu/u_core/u_bpu/btb_uncond_q_reg_r2_0_127_0_0 is implemented as distributed LUT RAM for the following reason: The timing constraints suggest that the chosen mapping will yield a better timing.
Related violations: <none>

SYNTH-5#8 Warning
Mapped onto distributed RAM because of timing constraints  
The instance student_top_inst/Core_cpu/u_core/u_bpu/btb_uncond_q_reg_r2_128_255_0_0 is implemented as distributed LUT RAM for the following reason: The timing constraints suggest that the chosen mapping will yield a better timing.
Related violations: <none>

TIMING-16#1 Warning
Large setup violation  
There is a large setup violation of -1.182 ns between student_top_inst/Core_cpu/u_core/u_backend/u_rename/srat_q_reg[21][5]/C (clocked by clk_out2_pll) and student_top_inst/Core_cpu/u_core/u_backend/dispatch_buffer_count_q_reg[2]/D (clocked by clk_out2_pll). Large setup violations at the end of those stages might be difficult to fix during the post-placement implementation flow and could be the result of non-optimal XDC constraints or non-optimal design architecture
Related violations: <none>

TIMING-16#2 Warning
Large setup violation  
There is a large setup violation of -1.207 ns between student_top_inst/Core_cpu/u_core/u_backend/u_rename/srat_q_reg[21][5]/C (clocked by clk_out2_pll) and student_top_inst/Core_cpu/u_core/u_backend/dispatch_buffer_entry_q_reg[1][uop][imm_i][1]/D (clocked by clk_out2_pll). Large setup violations at the end of those stages might be difficult to fix during the post-placement implementation flow and could be the result of non-optimal XDC constraints or non-optimal design architecture
Related violations: <none>

TIMING-16#3 Warning
Large setup violation  
There is a large setup violation of -1.222 ns between student_top_inst/Core_cpu/u_core/u_backend/u_rename/srat_q_reg[21][5]/C (clocked by clk_out2_pll) and student_top_inst/Core_cpu/u_core/u_backend/dispatch_buffer_entry_q_reg[1][uop][imm_b][4]/D (clocked by clk_out2_pll). Large setup violations at the end of those stages might be difficult to fix during the post-placement implementation flow and could be the result of non-optimal XDC constraints or non-optimal design architecture
Related violations: <none>

TIMING-16#4 Warning
Large setup violation  
There is a large setup violation of -1.224 ns between student_top_inst/Core_cpu/u_core/u_backend/u_rename/srat_q_reg[21][5]/C (clocked by clk_out2_pll) and student_top_inst/Core_cpu/u_core/u_backend/dispatch_buffer_entry_q_reg[0][uop][csr_zimm][3]/D (clocked by clk_out2_pll). Large setup violations at the end of those stages might be difficult to fix during the post-placement implementation flow and could be the result of non-optimal XDC constraints or non-optimal design architecture
Related violations: <none>

TIMING-16#5 Warning
Large setup violation  
There is a large setup violation of -1.226 ns between student_top_inst/Core_cpu/u_core/u_backend/u_rename/srat_q_reg[21][5]/C (clocked by clk_out2_pll) and student_top_inst/Core_cpu/u_core/u_backend/dispatch_buffer_entry_q_reg[0][uop][csr_imm]/D (clocked by clk_out2_pll). Large setup violations at the end of those stages might be difficult to fix during the post-placement implementation flow and could be the result of non-optimal XDC constraints or non-optimal design architecture
Related violations: <none>

TIMING-16#6 Warning
Large setup violation  
There is a large setup violation of -1.229 ns between student_top_inst/Core_cpu/u_core/u_backend/u_rename/srat_q_reg[21][5]/C (clocked by clk_out2_pll) and student_top_inst/Core_cpu/u_core/u_backend/dispatch_buffer_entry_q_reg[0][uop][branch_op][0]/D (clocked by clk_out2_pll). Large setup violations at the end of those stages might be difficult to fix during the post-placement implementation flow and could be the result of non-optimal XDC constraints or non-optimal design architecture
Related violations: <none>

TIMING-16#7 Warning
Large setup violation  
There is a large setup violation of -1.230 ns between student_top_inst/Core_cpu/u_core/u_backend/u_rename/srat_q_reg[21][5]/C (clocked by clk_out2_pll) and student_top_inst/Core_cpu/u_core/u_backend/dispatch_buffer_entry_q_reg[0][prs2][0]/D (clocked by clk_out2_pll). Large setup violations at the end of those stages might be difficult to fix during the post-placement implementation flow and could be the result of non-optimal XDC constraints or non-optimal design architecture
Related violations: <none>

TIMING-16#8 Warning
Large setup violation  
There is a large setup violation of -1.236 ns between student_top_inst/Core_cpu/u_core/u_backend/u_rename/srat_q_reg[21][5]/C (clocked by clk_out2_pll) and student_top_inst/Core_cpu/u_core/u_backend/dispatch_buffer_entry_q_reg[1][uop][imm_b][17]/D (clocked by clk_out2_pll). Large setup violations at the end of those stages might be difficult to fix during the post-placement implementation flow and could be the result of non-optimal XDC constraints or non-optimal design architecture
Related violations: <none>

TIMING-16#9 Warning
Large setup violation  
There is a large setup violation of -1.242 ns between student_top_inst/Core_cpu/u_core/u_backend/u_rename/srat_q_reg[21][5]/C (clocked by clk_out2_pll) and student_top_inst/Core_cpu/u_core/u_backend/dispatch_buffer_entry_q_reg[0][uop][imm_i][8]/D (clocked by clk_out2_pll). Large setup violations at the end of those stages might be difficult to fix during the post-placement implementation flow and could be the result of non-optimal XDC constraints or non-optimal design architecture
Related violations: <none>

TIMING-16#10 Warning
Large setup violation  
There is a large setup violation of -1.254 ns between student_top_inst/Core_cpu/u_core/u_backend/u_rename/srat_q_reg[21][5]/C (clocked by clk_out2_pll) and student_top_inst/Core_cpu/u_core/u_backend/dispatch_buffer_entry_q_reg[1][uop][imm_b][16]/D (clocked by clk_out2_pll). Large setup violations at the end of those stages might be difficult to fix during the post-placement implementation flow and could be the result of non-optimal XDC constraints or non-optimal design architecture
Related violations: <none>

TIMING-16#11 Warning
Large setup violation  
There is a large setup violation of -1.257 ns between student_top_inst/Core_cpu/u_core/u_backend/u_rename/srat_q_reg[21][5]/C (clocked by clk_out2_pll) and student_top_inst/Core_cpu/u_core/u_backend/dispatch_buffer_entry_q_reg[0][uop][branch_op][1]/D (clocked by clk_out2_pll). Large setup violations at the end of those stages might be difficult to fix during the post-placement implementation flow and could be the result of non-optimal XDC constraints or non-optimal design architecture
Related violations: <none>

TIMING-16#12 Warning
Large setup violation  
There is a large setup violation of -1.259 ns between student_top_inst/Core_cpu/u_core/u_backend/u_rename/srat_q_reg[21][5]/C (clocked by clk_out2_pll) and student_top_inst/Core_cpu/u_core/u_backend/dispatch_buffer_entry_q_reg[0][uop][imm_u][28]/D (clocked by clk_out2_pll). Large setup violations at the end of those stages might be difficult to fix during the post-placement implementation flow and could be the result of non-optimal XDC constraints or non-optimal design architecture
Related violations: <none>

TIMING-16#13 Warning
Large setup violation  
There is a large setup violation of -1.260 ns between student_top_inst/Core_cpu/u_core/u_backend/u_rename/srat_q_reg[21][5]/C (clocked by clk_out2_pll) and student_top_inst/Core_cpu/u_core/u_backend/dispatch_buffer_entry_q_reg[0][uop][imm_s][8]/D (clocked by clk_out2_pll). Large setup violations at the end of those stages might be difficult to fix during the post-placement implementation flow and could be the result of non-optimal XDC constraints or non-optimal design architecture
Related violations: <none>

TIMING-16#14 Warning
Large setup violation  
There is a large setup violation of -1.265 ns between student_top_inst/Core_cpu/u_core/u_backend/u_rename/srat_q_reg[21][5]/C (clocked by clk_out2_pll) and student_top_inst/Core_cpu/u_core/u_backend/dispatch_buffer_entry_q_reg[1][prd][1]/D (clocked by clk_out2_pll). Large setup violations at the end of those stages might be difficult to fix during the post-placement implementation flow and could be the result of non-optimal XDC constraints or non-optimal design architecture
Related violations: <none>

TIMING-16#15 Warning
Large setup violation  
There is a large setup violation of -1.286 ns between student_top_inst/Core_cpu/u_core/u_backend/u_rename/srat_q_reg[13][2]/C (clocked by clk_out2_pll) and student_top_inst/Core_cpu/u_core/u_backend/dispatch_buffer_entry_q_reg[0][uop][imm_j][23]/D (clocked by clk_out2_pll). Large setup violations at the end of those stages might be difficult to fix during the post-placement implementation flow and could be the result of non-optimal XDC constraints or non-optimal design architecture
Related violations: <none>

TIMING-16#16 Warning
Large setup violation  
There is a large setup violation of -1.302 ns between student_top_inst/Core_cpu/u_core/u_backend/u_rename/srat_q_reg[21][5]/C (clocked by clk_out2_pll) and student_top_inst/Core_cpu/u_core/u_backend/dispatch_buffer_entry_q_reg[0][uop][is_store]/D (clocked by clk_out2_pll). Large setup violations at the end of those stages might be difficult to fix during the post-placement implementation flow and could be the result of non-optimal XDC constraints or non-optimal design architecture
Related violations: <none>

TIMING-16#17 Warning
Large setup violation  
There is a large setup violation of -1.303 ns between student_top_inst/Core_cpu/u_core/u_backend/u_rename/srat_q_reg[21][5]/C (clocked by clk_out2_pll) and student_top_inst/Core_cpu/u_core/u_backend/dispatch_buffer_entry_q_reg[0][uop][csr_zimm][2]/D (clocked by clk_out2_pll). Large setup violations at the end of those stages might be difficult to fix during the post-placement implementation flow and could be the result of non-optimal XDC constraints or non-optimal design architecture
Related violations: <none>

TIMING-16#18 Warning
Large setup violation  
There is a large setup violation of -1.307 ns between student_top_inst/Core_cpu/u_core/u_backend/u_rename/srat_q_reg[21][5]/C (clocked by clk_out2_pll) and student_top_inst/Core_cpu/u_core/u_backend/dispatch_buffer_count_q_reg[0]/D (clocked by clk_out2_pll). Large setup violations at the end of those stages might be difficult to fix during the post-placement implementation flow and could be the result of non-optimal XDC constraints or non-optimal design architecture
Related violations: <none>

TIMING-16#19 Warning
Large setup violation  
There is a large setup violation of -1.308 ns between student_top_inst/Core_cpu/u_core/u_backend/u_rename/srat_q_reg[21][5]/C (clocked by clk_out2_pll) and student_top_inst/Core_cpu/u_core/u_backend/dispatch_buffer_entry_q_reg[0][uop][rs1][2]/D (clocked by clk_out2_pll). Large setup violations at the end of those stages might be difficult to fix during the post-placement implementation flow and could be the result of non-optimal XDC constraints or non-optimal design architecture
Related violations: <none>

TIMING-16#20 Warning
Large setup violation  
There is a large setup violation of -1.313 ns between student_top_inst/Core_cpu/u_core/u_backend/u_rename/srat_q_reg[21][5]/C (clocked by clk_out2_pll) and student_top_inst/Core_cpu/u_core/u_backend/dispatch_buffer_entry_q_reg[1][prs2][3]/D (clocked by clk_out2_pll). Large setup violations at the end of those stages might be difficult to fix during the post-placement implementation flow and could be the result of non-optimal XDC constraints or non-optimal design architecture
Related violations: <none>

TIMING-16#21 Warning
Large setup violation  
There is a large setup violation of -1.317 ns between student_top_inst/Core_cpu/u_core/u_backend/u_rename/srat_q_reg[21][5]/C (clocked by clk_out2_pll) and student_top_inst/Core_cpu/u_core/u_backend/dispatch_buffer_entry_q_reg[1][uop][imm_b][9]/D (clocked by clk_out2_pll). Large setup violations at the end of those stages might be difficult to fix during the post-placement implementation flow and could be the result of non-optimal XDC constraints or non-optimal design architecture
Related violations: <none>

TIMING-16#22 Warning
Large setup violation  
There is a large setup violation of -1.318 ns between student_top_inst/Core_cpu/u_core/u_backend/u_rename/srat_q_reg[21][5]/C (clocked by clk_out2_pll) and student_top_inst/Core_cpu/u_core/u_backend/dispatch_buffer_entry_q_reg[0][uop][imm_s][5]/D (clocked by clk_out2_pll). Large setup violations at the end of those stages might be difficult to fix during the post-placement implementation flow and could be the result of non-optimal XDC constraints or non-optimal design architecture
Related violations: <none>

TIMING-16#23 Warning
Large setup violation  
There is a large setup violation of -1.318 ns between student_top_inst/Core_cpu/u_core/u_backend/u_rename/srat_q_reg[21][5]/C (clocked by clk_out2_pll) and student_top_inst/Core_cpu/u_core/u_backend/dispatch_buffer_entry_q_reg[1][uop][imm_b][8]/D (clocked by clk_out2_pll). Large setup violations at the end of those stages might be difficult to fix during the post-placement implementation flow and could be the result of non-optimal XDC constraints or non-optimal design architecture
Related violations: <none>

TIMING-16#24 Warning
Large setup violation  
There is a large setup violation of -1.319 ns between student_top_inst/Core_cpu/u_core/u_backend/u_rename/srat_q_reg[21][5]/C (clocked by clk_out2_pll) and student_top_inst/Core_cpu/u_core/u_backend/dispatch_buffer_entry_q_reg[0][prs2][5]/D (clocked by clk_out2_pll). Large setup violations at the end of those stages might be difficult to fix during the post-placement implementation flow and could be the result of non-optimal XDC constraints or non-optimal design architecture
Related violations: <none>

TIMING-16#25 Warning
Large setup violation  
There is a large setup violation of -1.321 ns between student_top_inst/Core_cpu/u_core/u_backend/u_rename/srat_q_reg[21][5]/C (clocked by clk_out2_pll) and student_top_inst/Core_cpu/u_core/u_backend/dispatch_buffer_entry_q_reg[1][uop][csr_addr][5]/D (clocked by clk_out2_pll). Large setup violations at the end of those stages might be difficult to fix during the post-placement implementation flow and could be the result of non-optimal XDC constraints or non-optimal design architecture
Related violations: <none>

TIMING-16#26 Warning
Large setup violation  
There is a large setup violation of -1.322 ns between student_top_inst/Core_cpu/u_core/u_backend/u_rename/srat_q_reg[21][5]/C (clocked by clk_out2_pll) and student_top_inst/Core_cpu/u_core/u_backend/dispatch_buffer_entry_q_reg[0][prd][4]/D (clocked by clk_out2_pll). Large setup violations at the end of those stages might be difficult to fix during the post-placement implementation flow and could be the result of non-optimal XDC constraints or non-optimal design architecture
Related violations: <none>

TIMING-16#27 Warning
Large setup violation  
There is a large setup violation of -1.323 ns between student_top_inst/Core_cpu/u_core/u_backend/u_rename/srat_q_reg[21][5]/C (clocked by clk_out2_pll) and student_top_inst/Core_cpu/u_core/u_backend/dispatch_buffer_entry_q_reg[1][prs2][4]/D (clocked by clk_out2_pll). Large setup violations at the end of those stages might be difficult to fix during the post-placement implementation flow and could be the result of non-optimal XDC constraints or non-optimal design architecture
Related violations: <none>

TIMING-16#28 Warning
Large setup violation  
There is a large setup violation of -1.325 ns between student_top_inst/Core_cpu/u_core/u_backend/u_rename/srat_q_reg[21][5]/C (clocked by clk_out2_pll) and student_top_inst/Core_cpu/u_core/u_backend/dispatch_buffer_entry_q_reg[1][uop][branch_op][0]/D (clocked by clk_out2_pll). Large setup violations at the end of those stages might be difficult to fix during the post-placement implementation flow and could be the result of non-optimal XDC constraints or non-optimal design architecture
Related violations: <none>

TIMING-16#29 Warning
Large setup violation  
There is a large setup violation of -1.329 ns between student_top_inst/Core_cpu/u_core/u_backend/u_rename/srat_q_reg[21][5]/C (clocked by clk_out2_pll) and student_top_inst/Core_cpu/u_core/u_backend/dispatch_buffer_entry_q_reg[1][prs1][3]/D (clocked by clk_out2_pll). Large setup violations at the end of those stages might be difficult to fix during the post-placement implementation flow and could be the result of non-optimal XDC constraints or non-optimal design architecture
Related violations: <none>

TIMING-16#30 Warning
Large setup violation  
There is a large setup violation of -1.329 ns between student_top_inst/Core_cpu/u_core/u_backend/u_rename/srat_q_reg[21][5]/C (clocked by clk_out2_pll) and student_top_inst/Core_cpu/u_core/u_backend/dispatch_buffer_entry_q_reg[1][uop][csr_imm]/D (clocked by clk_out2_pll). Large setup violations at the end of those stages might be difficult to fix during the post-placement implementation flow and could be the result of non-optimal XDC constraints or non-optimal design architecture
Related violations: <none>

TIMING-16#31 Warning
Large setup violation  
There is a large setup violation of -1.331 ns between student_top_inst/Core_cpu/u_core/u_backend/u_rename/srat_q_reg[21][5]/C (clocked by clk_out2_pll) and student_top_inst/Core_cpu/u_core/u_backend/dispatch_buffer_entry_q_reg[1][uop][imm_b][10]/D (clocked by clk_out2_pll). Large setup violations at the end of those stages might be difficult to fix during the post-placement implementation flow and could be the result of non-optimal XDC constraints or non-optimal design architecture
Related violations: <none>

TIMING-16#32 Warning
Large setup violation  
There is a large setup violation of -1.333 ns between student_top_inst/Core_cpu/u_core/u_backend/u_rename/srat_q_reg[21][5]/C (clocked by clk_out2_pll) and student_top_inst/Core_cpu/u_core/u_backend/dispatch_buffer_entry_q_reg[1][prs2][0]/D (clocked by clk_out2_pll). Large setup violations at the end of those stages might be difficult to fix during the post-placement implementation flow and could be the result of non-optimal XDC constraints or non-optimal design architecture
Related violations: <none>

TIMING-16#33 Warning
Large setup violation  
There is a large setup violation of -1.334 ns between student_top_inst/Core_cpu/u_core/u_backend/u_rename/srat_q_reg[21][5]/C (clocked by clk_out2_pll) and student_top_inst/Core_cpu/u_core/u_backend/dispatch_buffer_entry_q_reg[1][uop][exception_cause][3]/D (clocked by clk_out2_pll). Large setup violations at the end of those stages might be difficult to fix during the post-placement implementation flow and could be the result of non-optimal XDC constraints or non-optimal design architecture
Related violations: <none>

TIMING-16#34 Warning
Large setup violation  
There is a large setup violation of -1.336 ns between student_top_inst/Core_cpu/u_core/u_backend/u_rename/srat_q_reg[21][5]/C (clocked by clk_out2_pll) and student_top_inst/Core_cpu/u_core/u_backend/dispatch_buffer_entry_q_reg[1][prs1][2]/D (clocked by clk_out2_pll). Large setup violations at the end of those stages might be difficult to fix during the post-placement implementation flow and could be the result of non-optimal XDC constraints or non-optimal design architecture
Related violations: <none>

TIMING-16#35 Warning
Large setup violation  
There is a large setup violation of -1.337 ns between student_top_inst/Core_cpu/u_core/u_backend/u_rename/srat_q_reg[21][5]/C (clocked by clk_out2_pll) and student_top_inst/Core_cpu/u_core/u_backend/dispatch_buffer_entry_q_reg[1][prs1][1]/D (clocked by clk_out2_pll). Large setup violations at the end of those stages might be difficult to fix during the post-placement implementation flow and could be the result of non-optimal XDC constraints or non-optimal design architecture
Related violations: <none>

TIMING-16#36 Warning
Large setup violation  
There is a large setup violation of -1.340 ns between student_top_inst/Core_cpu/u_core/u_backend/u_rename/srat_q_reg[21][5]/C (clocked by clk_out2_pll) and student_top_inst/Core_cpu/u_core/u_backend/dispatch_buffer_entry_q_reg[1][uop][imm_b][3]/D (clocked by clk_out2_pll). Large setup violations at the end of those stages might be difficult to fix during the post-placement implementation flow and could be the result of non-optimal XDC constraints or non-optimal design architecture
Related violations: <none>

TIMING-16#37 Warning
Large setup violation  
There is a large setup violation of -1.344 ns between student_top_inst/Core_cpu/u_core/u_backend/u_rename/srat_q_reg[21][5]/C (clocked by clk_out2_pll) and student_top_inst/Core_cpu/u_core/u_backend/dispatch_buffer_entry_q_reg[0][uop][csr_op][1]/D (clocked by clk_out2_pll). Large setup violations at the end of those stages might be difficult to fix during the post-placement implementation flow and could be the result of non-optimal XDC constraints or non-optimal design architecture
Related violations: <none>

TIMING-16#38 Warning
Large setup violation  
There is a large setup violation of -1.345 ns between student_top_inst/Core_cpu/u_core/u_backend/u_rename/srat_q_reg[21][5]/C (clocked by clk_out2_pll) and student_top_inst/Core_cpu/u_core/u_backend/dispatch_buffer_entry_q_reg[0][uop][pred_target][17]/D (clocked by clk_out2_pll). Large setup violations at the end of those stages might be difficult to fix during the post-placement implementation flow and could be the result of non-optimal XDC constraints or non-optimal design architecture
Related violations: <none>

TIMING-16#39 Warning
Large setup violation  
There is a large setup violation of -1.346 ns between student_top_inst/Core_cpu/u_core/u_backend/u_rename/srat_q_reg[21][5]/C (clocked by clk_out2_pll) and student_top_inst/Core_cpu/u_core/u_backend/dispatch_buffer_entry_q_reg[0][prs1][2]/D (clocked by clk_out2_pll). Large setup violations at the end of those stages might be difficult to fix during the post-placement implementation flow and could be the result of non-optimal XDC constraints or non-optimal design architecture
Related violations: <none>

TIMING-16#40 Warning
Large setup violation  
There is a large setup violation of -1.346 ns between student_top_inst/Core_cpu/u_core/u_backend/u_rename/srat_q_reg[21][5]/C (clocked by clk_out2_pll) and student_top_inst/Core_cpu/u_core/u_backend/dispatch_buffer_entry_q_reg[0][uop][pred_taken]/D (clocked by clk_out2_pll). Large setup violations at the end of those stages might be difficult to fix during the post-placement implementation flow and could be the result of non-optimal XDC constraints or non-optimal design architecture
Related violations: <none>

TIMING-16#41 Warning
Large setup violation  
There is a large setup violation of -1.347 ns between student_top_inst/Core_cpu/u_core/u_backend/u_rename/srat_q_reg[21][5]/C (clocked by clk_out2_pll) and student_top_inst/Core_cpu/u_core/u_backend/dispatch_buffer_entry_q_reg[0][prs1][1]/D (clocked by clk_out2_pll). Large setup violations at the end of those stages might be difficult to fix during the post-placement implementation flow and could be the result of non-optimal XDC constraints or non-optimal design architecture
Related violations: <none>

TIMING-16#42 Warning
Large setup violation  
There is a large setup violation of -1.347 ns between student_top_inst/Core_cpu/u_core/u_backend/u_rename/srat_q_reg[21][5]/C (clocked by clk_out2_pll) and student_top_inst/Core_cpu/u_core/u_backend/dispatch_buffer_entry_q_reg[1][prd][2]/D (clocked by clk_out2_pll). Large setup violations at the end of those stages might be difficult to fix during the post-placement implementation flow and could be the result of non-optimal XDC constraints or non-optimal design architecture
Related violations: <none>

TIMING-16#43 Warning
Large setup violation  
There is a large setup violation of -1.348 ns between student_top_inst/Core_cpu/u_core/u_backend/u_rename/srat_q_reg[21][5]/C (clocked by clk_out2_pll) and student_top_inst/Core_cpu/u_core/u_backend/dispatch_buffer_entry_q_reg[1][uop][branch_op][1]/D (clocked by clk_out2_pll). Large setup violations at the end of those stages might be difficult to fix during the post-placement implementation flow and could be the result of non-optimal XDC constraints or non-optimal design architecture
Related violations: <none>

TIMING-16#44 Warning
Large setup violation  
There is a large setup violation of -1.352 ns between student_top_inst/Core_cpu/u_core/u_backend/u_rename/srat_q_reg[21][5]/C (clocked by clk_out2_pll) and student_top_inst/Core_cpu/u_core/u_backend/dispatch_buffer_entry_q_reg[1][uop][exception]/D (clocked by clk_out2_pll). Large setup violations at the end of those stages might be difficult to fix during the post-placement implementation flow and could be the result of non-optimal XDC constraints or non-optimal design architecture
Related violations: <none>

TIMING-16#45 Warning
Large setup violation  
There is a large setup violation of -1.355 ns between student_top_inst/Core_cpu/u_core/u_backend/u_rename/srat_q_reg[21][5]/C (clocked by clk_out2_pll) and student_top_inst/Core_cpu/u_core/u_backend/dispatch_buffer_entry_q_reg[1][uop][imm_i][6]/D (clocked by clk_out2_pll). Large setup violations at the end of those stages might be difficult to fix during the post-placement implementation flow and could be the result of non-optimal XDC constraints or non-optimal design architecture
Related violations: <none>

TIMING-16#46 Warning
Large setup violation  
There is a large setup violation of -1.358 ns between student_top_inst/Core_cpu/u_core/u_backend/u_rename/srat_q_reg[21][5]/C (clocked by clk_out2_pll) and student_top_inst/Core_cpu/u_core/u_backend/dispatch_buffer_entry_q_reg[1][uop][imm_i][31]/D (clocked by clk_out2_pll). Large setup violations at the end of those stages might be difficult to fix during the post-placement implementation flow and could be the result of non-optimal XDC constraints or non-optimal design architecture
Related violations: <none>

TIMING-16#47 Warning
Large setup violation  
There is a large setup violation of -1.359 ns between student_top_inst/Core_cpu/u_core/u_backend/u_rename/srat_q_reg[21][5]/C (clocked by clk_out2_pll) and student_top_inst/Core_cpu/u_core/u_backend/dispatch_buffer_entry_q_reg[0][uop][csr_zimm][4]/D (clocked by clk_out2_pll). Large setup violations at the end of those stages might be difficult to fix during the post-placement implementation flow and could be the result of non-optimal XDC constraints or non-optimal design architecture
Related violations: <none>

TIMING-16#48 Warning
Large setup violation  
There is a large setup violation of -1.360 ns between student_top_inst/Core_cpu/u_core/u_backend/u_rename/srat_q_reg[21][5]/C (clocked by clk_out2_pll) and student_top_inst/Core_cpu/u_core/u_backend/dispatch_buffer_entry_q_reg[0][uop][imm_b][3]/D (clocked by clk_out2_pll). Large setup violations at the end of those stages might be difficult to fix during the post-placement implementation flow and could be the result of non-optimal XDC constraints or non-optimal design architecture
Related violations: <none>

TIMING-16#49 Warning
Large setup violation  
There is a large setup violation of -1.361 ns between student_top_inst/Core_cpu/u_core/u_backend/u_rename/srat_q_reg[21][5]/C (clocked by clk_out2_pll) and student_top_inst/Core_cpu/u_core/u_backend/dispatch_buffer_entry_q_reg[0][uop][imm_i][24]/D (clocked by clk_out2_pll). Large setup violations at the end of those stages might be difficult to fix during the post-placement implementation flow and could be the result of non-optimal XDC constraints or non-optimal design architecture
Related violations: <none>

TIMING-16#50 Warning
Large setup violation  
There is a large setup violation of -1.361 ns between student_top_inst/Core_cpu/u_core/u_backend/u_rename/srat_q_reg[21][5]/C (clocked by clk_out2_pll) and student_top_inst/Core_cpu/u_core/u_backend/dispatch_buffer_entry_q_reg[0][uop][inst][25]/D (clocked by clk_out2_pll). Large setup violations at the end of those stages might be difficult to fix during the post-placement implementation flow and could be the result of non-optimal XDC constraints or non-optimal design architecture
Related violations: <none>

TIMING-16#51 Warning
Large setup violation  
There is a large setup violation of -1.361 ns between student_top_inst/Core_cpu/u_core/u_backend/u_rename/srat_q_reg[21][5]/C (clocked by clk_out2_pll) and student_top_inst/Core_cpu/u_core/u_backend/dispatch_buffer_entry_q_reg[1][uop][exception_cause][1]/D (clocked by clk_out2_pll). Large setup violations at the end of those stages might be difficult to fix during the post-placement implementation flow and could be the result of non-optimal XDC constraints or non-optimal design architecture
Related violations: <none>

TIMING-16#52 Warning
Large setup violation  
There is a large setup violation of -1.362 ns between student_top_inst/Core_cpu/u_core/u_backend/u_rename/srat_q_reg[21][5]/C (clocked by clk_out2_pll) and student_top_inst/Core_cpu/u_core/u_backend/dispatch_buffer_entry_q_reg[0][uop][csr_zimm][1]/D (clocked by clk_out2_pll). Large setup violations at the end of those stages might be difficult to fix during the post-placement implementation flow and could be the result of non-optimal XDC constraints or non-optimal design architecture
Related violations: <none>

TIMING-16#53 Warning
Large setup violation  
There is a large setup violation of -1.366 ns between student_top_inst/Core_cpu/u_core/u_backend/u_rename/srat_q_reg[21][5]/C (clocked by clk_out2_pll) and student_top_inst/Core_cpu/u_core/u_backend/dispatch_buffer_entry_q_reg[1][uop][csr_addr][3]/D (clocked by clk_out2_pll). Large setup violations at the end of those stages might be difficult to fix during the post-placement implementation flow and could be the result of non-optimal XDC constraints or non-optimal design architecture
Related violations: <none>

TIMING-16#54 Warning
Large setup violation  
There is a large setup violation of -1.368 ns between student_top_inst/Core_cpu/u_core/u_backend/u_rename/srat_q_reg[21][5]/C (clocked by clk_out2_pll) and student_top_inst/Core_cpu/u_core/u_backend/dispatch_buffer_entry_q_reg[0][uop][inst][26]/D (clocked by clk_out2_pll). Large setup violations at the end of those stages might be difficult to fix during the post-placement implementation flow and could be the result of non-optimal XDC constraints or non-optimal design architecture
Related violations: <none>

TIMING-16#55 Warning
Large setup violation  
There is a large setup violation of -1.370 ns between student_top_inst/Core_cpu/u_core/u_backend/u_rename/srat_q_reg[21][5]/C (clocked by clk_out2_pll) and student_top_inst/Core_cpu/u_core/u_backend/dispatch_buffer_entry_q_reg[0][uop][branch_op][2]/D (clocked by clk_out2_pll). Large setup violations at the end of those stages might be difficult to fix during the post-placement implementation flow and could be the result of non-optimal XDC constraints or non-optimal design architecture
Related violations: <none>

TIMING-16#56 Warning
Large setup violation  
There is a large setup violation of -1.372 ns between student_top_inst/Core_cpu/u_core/u_backend/u_rename/srat_q_reg[21][5]/C (clocked by clk_out2_pll) and student_top_inst/Core_cpu/u_core/u_backend/dispatch_buffer_entry_q_reg[0][uop][imm_i][6]/D (clocked by clk_out2_pll). Large setup violations at the end of those stages might be difficult to fix during the post-placement implementation flow and could be the result of non-optimal XDC constraints or non-optimal design architecture
Related violations: <none>

TIMING-16#57 Warning
Large setup violation  
There is a large setup violation of -1.374 ns between student_top_inst/Core_cpu/u_core/u_backend/u_rename/srat_q_reg[21][5]/C (clocked by clk_out2_pll) and student_top_inst/Core_cpu/u_core/u_backend/dispatch_buffer_entry_q_reg[0][uop][imm_u][17]/D (clocked by clk_out2_pll). Large setup violations at the end of those stages might be difficult to fix during the post-placement implementation flow and could be the result of non-optimal XDC constraints or non-optimal design architecture
Related violations: <none>

TIMING-16#58 Warning
Large setup violation  
There is a large setup violation of -1.374 ns between student_top_inst/Core_cpu/u_core/u_backend/u_rename/srat_q_reg[21][5]/C (clocked by clk_out2_pll) and student_top_inst/Core_cpu/u_core/u_backend/dispatch_buffer_entry_q_reg[0][uop][imm_u][27]/D (clocked by clk_out2_pll). Large setup violations at the end of those stages might be difficult to fix during the post-placement implementation flow and could be the result of non-optimal XDC constraints or non-optimal design architecture
Related violations: <none>

TIMING-16#59 Warning
Large setup violation  
There is a large setup violation of -1.382 ns between student_top_inst/Core_cpu/u_core/u_backend/u_rename/srat_q_reg[21][5]/C (clocked by clk_out2_pll) and student_top_inst/Core_cpu/u_core/u_backend/dispatch_buffer_entry_q_reg[0][uop][imm_u][15]/D (clocked by clk_out2_pll). Large setup violations at the end of those stages might be difficult to fix during the post-placement implementation flow and could be the result of non-optimal XDC constraints or non-optimal design architecture
Related violations: <none>

TIMING-16#60 Warning
Large setup violation  
There is a large setup violation of -1.383 ns between student_top_inst/Core_cpu/u_core/u_backend/u_rename/srat_q_reg[21][5]/C (clocked by clk_out2_pll) and student_top_inst/Core_cpu/u_core/u_backend/dispatch_buffer_entry_q_reg[1][uop][imm_j][11]/D (clocked by clk_out2_pll). Large setup violations at the end of those stages might be difficult to fix during the post-placement implementation flow and could be the result of non-optimal XDC constraints or non-optimal design architecture
Related violations: <none>

TIMING-16#61 Warning
Large setup violation  
There is a large setup violation of -1.386 ns between student_top_inst/Core_cpu/u_core/u_backend/u_rename/srat_q_reg[21][5]/C (clocked by clk_out2_pll) and student_top_inst/Core_cpu/u_core/u_backend/dispatch_buffer_entry_q_reg[0][uop][imm_b][28]/D (clocked by clk_out2_pll). Large setup violations at the end of those stages might be difficult to fix during the post-placement implementation flow and could be the result of non-optimal XDC constraints or non-optimal design architecture
Related violations: <none>

TIMING-16#62 Warning
Large setup violation  
There is a large setup violation of -1.390 ns between student_top_inst/Core_cpu/u_core/u_backend/u_rename/srat_q_reg[21][5]/C (clocked by clk_out2_pll) and student_top_inst/Core_cpu/u_core/u_backend/dispatch_buffer_entry_q_reg[0][uop][pc][24]/D (clocked by clk_out2_pll). Large setup violations at the end of those stages might be difficult to fix during the post-placement implementation flow and could be the result of non-optimal XDC constraints or non-optimal design architecture
Related violations: <none>

TIMING-16#63 Warning
Large setup violation  
There is a large setup violation of -1.393 ns between student_top_inst/Core_cpu/u_core/u_backend/u_execute/mem_req_count_q_reg[1]/C (clocked by clk_out2_pll) and student_top_inst/Core_cpu/storeWriteAddr_q_reg[1]/CE (clocked by clk_out2_pll). Large setup violations at the end of those stages might be difficult to fix during the post-placement implementation flow and could be the result of non-optimal XDC constraints or non-optimal design architecture
Related violations: <none>

TIMING-16#64 Warning
Large setup violation  
There is a large setup violation of -1.393 ns between student_top_inst/Core_cpu/u_core/u_backend/u_execute/mem_req_count_q_reg[1]/C (clocked by clk_out2_pll) and student_top_inst/Core_cpu/storeWriteAddr_q_reg[9]/CE (clocked by clk_out2_pll). Large setup violations at the end of those stages might be difficult to fix during the post-placement implementation flow and could be the result of non-optimal XDC constraints or non-optimal design architecture
Related violations: <none>

TIMING-16#65 Warning
Large setup violation  
There is a large setup violation of -1.396 ns between student_top_inst/Core_cpu/u_core/u_backend/u_rename/srat_q_reg[21][5]/C (clocked by clk_out2_pll) and student_top_inst/Core_cpu/u_core/u_backend/dispatch_buffer_entry_q_reg[0][prs2][3]/D (clocked by clk_out2_pll). Large setup violations at the end of those stages might be difficult to fix during the post-placement implementation flow and could be the result of non-optimal XDC constraints or non-optimal design architecture
Related violations: <none>

TIMING-16#66 Warning
Large setup violation  
There is a large setup violation of -1.398 ns between student_top_inst/Core_cpu/u_core/u_backend/u_rename/srat_q_reg[21][5]/C (clocked by clk_out2_pll) and student_top_inst/Core_cpu/u_core/u_backend/dispatch_buffer_entry_q_reg[1][uop][imm_j][10]/D (clocked by clk_out2_pll). Large setup violations at the end of those stages might be difficult to fix during the post-placement implementation flow and could be the result of non-optimal XDC constraints or non-optimal design architecture
Related violations: <none>

TIMING-16#67 Warning
Large setup violation  
There is a large setup violation of -1.399 ns between student_top_inst/Core_cpu/u_core/u_backend/u_rename/srat_q_reg[21][5]/C (clocked by clk_out2_pll) and student_top_inst/Core_cpu/u_core/u_backend/dispatch_buffer_entry_q_reg[0][uop][inst][6]/D (clocked by clk_out2_pll). Large setup violations at the end of those stages might be difficult to fix during the post-placement implementation flow and could be the result of non-optimal XDC constraints or non-optimal design architecture
Related violations: <none>

TIMING-16#68 Warning
Large setup violation  
There is a large setup violation of -1.399 ns between student_top_inst/Core_cpu/u_core/u_backend/u_rename/srat_q_reg[21][5]/C (clocked by clk_out2_pll) and student_top_inst/Core_cpu/u_core/u_backend/dispatch_buffer_entry_q_reg[0][uop][tube][0]/D (clocked by clk_out2_pll). Large setup violations at the end of those stages might be difficult to fix during the post-placement implementation flow and could be the result of non-optimal XDC constraints or non-optimal design architecture
Related violations: <none>

TIMING-16#69 Warning
Large setup violation  
There is a large setup violation of -1.399 ns between student_top_inst/Core_cpu/u_core/u_backend/u_rename/srat_q_reg[21][5]/C (clocked by clk_out2_pll) and student_top_inst/Core_cpu/u_core/u_backend/dispatch_buffer_entry_q_reg[1][uop][imm_i][2]/D (clocked by clk_out2_pll). Large setup violations at the end of those stages might be difficult to fix during the post-placement implementation flow and could be the result of non-optimal XDC constraints or non-optimal design architecture
Related violations: <none>

TIMING-16#70 Warning
Large setup violation  
There is a large setup violation of -1.399 ns between student_top_inst/Core_cpu/u_core/u_backend/u_rename/srat_q_reg[21][5]/C (clocked by clk_out2_pll) and student_top_inst/Core_cpu/u_core/u_backend/dispatch_buffer_entry_q_reg[1][uop][imm_i][4]/D (clocked by clk_out2_pll). Large setup violations at the end of those stages might be difficult to fix during the post-placement implementation flow and could be the result of non-optimal XDC constraints or non-optimal design architecture
Related violations: <none>

TIMING-16#71 Warning
Large setup violation  
There is a large setup violation of -1.402 ns between student_top_inst/Core_cpu/u_core/u_backend/u_rename/srat_q_reg[21][5]/C (clocked by clk_out2_pll) and student_top_inst/Core_cpu/u_core/u_backend/dispatch_buffer_entry_q_reg[0][uop][imm_s][9]/D (clocked by clk_out2_pll). Large setup violations at the end of those stages might be difficult to fix during the post-placement implementation flow and could be the result of non-optimal XDC constraints or non-optimal design architecture
Related violations: <none>

TIMING-16#72 Warning
Large setup violation  
There is a large setup violation of -1.402 ns between student_top_inst/Core_cpu/u_core/u_backend/u_rename/srat_q_reg[21][5]/C (clocked by clk_out2_pll) and student_top_inst/Core_cpu/u_core/u_backend/dispatch_buffer_entry_q_reg[1][uop][imm_b][1]/D (clocked by clk_out2_pll). Large setup violations at the end of those stages might be difficult to fix during the post-placement implementation flow and could be the result of non-optimal XDC constraints or non-optimal design architecture
Related violations: <none>

TIMING-16#73 Warning
Large setup violation  
There is a large setup violation of -1.403 ns between student_top_inst/Core_cpu/u_core/u_backend/u_rename/srat_q_reg[21][5]/C (clocked by clk_out2_pll) and student_top_inst/Core_cpu/u_core/u_backend/dispatch_buffer_entry_q_reg[0][uop][exception]/D (clocked by clk_out2_pll). Large setup violations at the end of those stages might be difficult to fix during the post-placement implementation flow and could be the result of non-optimal XDC constraints or non-optimal design architecture
Related violations: <none>

TIMING-16#74 Warning
Large setup violation  
There is a large setup violation of -1.404 ns between student_top_inst/Core_cpu/u_core/u_backend/u_rename/srat_q_reg[21][5]/C (clocked by clk_out2_pll) and student_top_inst/Core_cpu/u_core/u_backend/dispatch_buffer_entry_q_reg[0][uop][imm_u][24]/D (clocked by clk_out2_pll). Large setup violations at the end of those stages might be difficult to fix during the post-placement implementation flow and could be the result of non-optimal XDC constraints or non-optimal design architecture
Related violations: <none>

TIMING-16#75 Warning
Large setup violation  
There is a large setup violation of -1.407 ns between student_top_inst/Core_cpu/u_core/u_backend/u_execute/mem_req_count_q_reg[1]/C (clocked by clk_out2_pll) and student_top_inst/Core_cpu/storeWriteAddr_q_reg[16]/CE (clocked by clk_out2_pll). Large setup violations at the end of those stages might be difficult to fix during the post-placement implementation flow and could be the result of non-optimal XDC constraints or non-optimal design architecture
Related violations: <none>

TIMING-16#76 Warning
Large setup violation  
There is a large setup violation of -1.407 ns between student_top_inst/Core_cpu/u_core/u_backend/u_execute/mem_req_count_q_reg[1]/C (clocked by clk_out2_pll) and student_top_inst/Core_cpu/storeWriteAddr_q_reg[19]/CE (clocked by clk_out2_pll). Large setup violations at the end of those stages might be difficult to fix during the post-placement implementation flow and could be the result of non-optimal XDC constraints or non-optimal design architecture
Related violations: <none>

TIMING-16#77 Warning
Large setup violation  
There is a large setup violation of -1.407 ns between student_top_inst/Core_cpu/u_core/u_backend/u_execute/mem_req_count_q_reg[1]/C (clocked by clk_out2_pll) and student_top_inst/Core_cpu/storeWriteAddr_q_reg[20]/CE (clocked by clk_out2_pll). Large setup violations at the end of those stages might be difficult to fix during the post-placement implementation flow and could be the result of non-optimal XDC constraints or non-optimal design architecture
Related violations: <none>

TIMING-16#78 Warning
Large setup violation  
There is a large setup violation of -1.407 ns between student_top_inst/Core_cpu/u_core/u_backend/u_execute/mem_req_count_q_reg[1]/C (clocked by clk_out2_pll) and student_top_inst/Core_cpu/storeWriteAddr_q_reg[25]/CE (clocked by clk_out2_pll). Large setup violations at the end of those stages might be difficult to fix during the post-placement implementation flow and could be the result of non-optimal XDC constraints or non-optimal design architecture
Related violations: <none>

TIMING-16#79 Warning
Large setup violation  
There is a large setup violation of -1.407 ns between student_top_inst/Core_cpu/u_core/u_backend/u_rename/srat_q_reg[21][5]/C (clocked by clk_out2_pll) and student_top_inst/Core_cpu/u_core/u_backend/dispatch_buffer_entry_q_reg[1][prd][4]/D (clocked by clk_out2_pll). Large setup violations at the end of those stages might be difficult to fix during the post-placement implementation flow and could be the result of non-optimal XDC constraints or non-optimal design architecture
Related violations: <none>

TIMING-16#80 Warning
Large setup violation  
There is a large setup violation of -1.408 ns between student_top_inst/Core_cpu/u_core/u_backend/u_rename/srat_q_reg[21][5]/C (clocked by clk_out2_pll) and student_top_inst/Core_cpu/u_core/u_backend/dispatch_buffer_entry_q_reg[0][prd][0]/D (clocked by clk_out2_pll). Large setup violations at the end of those stages might be difficult to fix during the post-placement implementation flow and could be the result of non-optimal XDC constraints or non-optimal design architecture
Related violations: <none>

TIMING-16#81 Warning
Large setup violation  
There is a large setup violation of -1.408 ns between student_top_inst/Core_cpu/u_core/u_backend/u_rename/srat_q_reg[21][5]/C (clocked by clk_out2_pll) and student_top_inst/Core_cpu/u_core/u_backend/dispatch_buffer_entry_q_reg[0][uop][imm_s][7]/D (clocked by clk_out2_pll). Large setup violations at the end of those stages might be difficult to fix during the post-placement implementation flow and could be the result of non-optimal XDC constraints or non-optimal design architecture
Related violations: <none>

TIMING-16#82 Warning
Large setup violation  
There is a large setup violation of -1.408 ns between student_top_inst/Core_cpu/u_core/u_backend/u_rename/srat_q_reg[21][5]/C (clocked by clk_out2_pll) and student_top_inst/Core_cpu/u_core/u_backend/dispatch_buffer_entry_q_reg[1][prs2][1]/D (clocked by clk_out2_pll). Large setup violations at the end of those stages might be difficult to fix during the post-placement implementation flow and could be the result of non-optimal XDC constraints or non-optimal design architecture
Related violations: <none>

TIMING-16#83 Warning
Large setup violation  
There is a large setup violation of -1.409 ns between student_top_inst/Core_cpu/u_core/u_backend/u_rename/srat_q_reg[21][5]/C (clocked by clk_out2_pll) and student_top_inst/Core_cpu/u_core/u_backend/dispatch_buffer_entry_q_reg[0][prd][5]/D (clocked by clk_out2_pll). Large setup violations at the end of those stages might be difficult to fix during the post-placement implementation flow and could be the result of non-optimal XDC constraints or non-optimal design architecture
Related violations: <none>

TIMING-16#84 Warning
Large setup violation  
There is a large setup violation of -1.409 ns between student_top_inst/Core_cpu/u_core/u_backend/u_rename/srat_q_reg[21][5]/C (clocked by clk_out2_pll) and student_top_inst/Core_cpu/u_core/u_backend/dispatch_buffer_entry_q_reg[1][prs1][5]/D (clocked by clk_out2_pll). Large setup violations at the end of those stages might be difficult to fix during the post-placement implementation flow and could be the result of non-optimal XDC constraints or non-optimal design architecture
Related violations: <none>

TIMING-16#85 Warning
Large setup violation  
There is a large setup violation of -1.410 ns between student_top_inst/Core_cpu/u_core/u_backend/u_rename/srat_q_reg[21][5]/C (clocked by clk_out2_pll) and student_top_inst/Core_cpu/u_core/u_backend/dispatch_buffer_entry_q_reg[0][uop][imm_i][7]/D (clocked by clk_out2_pll). Large setup violations at the end of those stages might be difficult to fix during the post-placement implementation flow and could be the result of non-optimal XDC constraints or non-optimal design architecture
Related violations: <none>

TIMING-16#86 Warning
Large setup violation  
There is a large setup violation of -1.410 ns between student_top_inst/Core_cpu/u_core/u_backend/u_rename/srat_q_reg[21][5]/C (clocked by clk_out2_pll) and student_top_inst/Core_cpu/u_core/u_backend/dispatch_buffer_entry_q_reg[0][uop][imm_s][25]/D (clocked by clk_out2_pll). Large setup violations at the end of those stages might be difficult to fix during the post-placement implementation flow and could be the result of non-optimal XDC constraints or non-optimal design architecture
Related violations: <none>

TIMING-16#87 Warning
Large setup violation  
There is a large setup violation of -1.410 ns between student_top_inst/Core_cpu/u_core/u_backend/u_rename/srat_q_reg[21][5]/C (clocked by clk_out2_pll) and student_top_inst/Core_cpu/u_core/u_backend/dispatch_buffer_entry_q_reg[1][uop][imm_b][19]/D (clocked by clk_out2_pll). Large setup violations at the end of those stages might be difficult to fix during the post-placement implementation flow and could be the result of non-optimal XDC constraints or non-optimal design architecture
Related violations: <none>

TIMING-16#88 Warning
Large setup violation  
There is a large setup violation of -1.412 ns between student_top_inst/Core_cpu/u_core/u_backend/u_rename/srat_q_reg[21][5]/C (clocked by clk_out2_pll) and student_top_inst/Core_cpu/u_core/u_backend/dispatch_buffer_entry_q_reg[0][prd][3]/D (clocked by clk_out2_pll). Large setup violations at the end of those stages might be difficult to fix during the post-placement implementation flow and could be the result of non-optimal XDC constraints or non-optimal design architecture
Related violations: <none>

TIMING-16#89 Warning
Large setup violation  
There is a large setup violation of -1.413 ns between student_top_inst/Core_cpu/u_core/u_backend/u_rename/srat_q_reg[21][5]/C (clocked by clk_out2_pll) and student_top_inst/Core_cpu/u_core/u_backend/dispatch_buffer_entry_q_reg[1][uop][imm_b][7]/D (clocked by clk_out2_pll). Large setup violations at the end of those stages might be difficult to fix during the post-placement implementation flow and could be the result of non-optimal XDC constraints or non-optimal design architecture
Related violations: <none>

TIMING-16#90 Warning
Large setup violation  
There is a large setup violation of -1.414 ns between student_top_inst/Core_cpu/u_core/u_backend/u_rename/srat_q_reg[21][5]/C (clocked by clk_out2_pll) and student_top_inst/Core_cpu/u_core/u_backend/dispatch_buffer_entry_q_reg[0][uop][pc][13]/D (clocked by clk_out2_pll). Large setup violations at the end of those stages might be difficult to fix during the post-placement implementation flow and could be the result of non-optimal XDC constraints or non-optimal design architecture
Related violations: <none>

TIMING-16#91 Warning
Large setup violation  
There is a large setup violation of -1.415 ns between student_top_inst/Core_cpu/u_core/u_backend/u_rename/srat_q_reg[21][5]/C (clocked by clk_out2_pll) and student_top_inst/Core_cpu/u_core/u_backend/dispatch_buffer_entry_q_reg[0][prs1][0]/D (clocked by clk_out2_pll). Large setup violations at the end of those stages might be difficult to fix during the post-placement implementation flow and could be the result of non-optimal XDC constraints or non-optimal design architecture
Related violations: <none>

TIMING-16#92 Warning
Large setup violation  
There is a large setup violation of -1.416 ns between student_top_inst/Core_cpu/u_core/u_backend/u_rename/srat_q_reg[21][5]/C (clocked by clk_out2_pll) and student_top_inst/Core_cpu/u_core/u_backend/dispatch_buffer_entry_q_reg[0][prd][2]/D (clocked by clk_out2_pll). Large setup violations at the end of those stages might be difficult to fix during the post-placement implementation flow and could be the result of non-optimal XDC constraints or non-optimal design architecture
Related violations: <none>

TIMING-16#93 Warning
Large setup violation  
There is a large setup violation of -1.417 ns between student_top_inst/Core_cpu/u_core/u_backend/u_rename/srat_q_reg[21][5]/C (clocked by clk_out2_pll) and student_top_inst/Core_cpu/u_core/u_backend/dispatch_buffer_entry_q_reg[0][uop][imm_b][8]/D (clocked by clk_out2_pll). Large setup violations at the end of those stages might be difficult to fix during the post-placement implementation flow and could be the result of non-optimal XDC constraints or non-optimal design architecture
Related violations: <none>

TIMING-16#94 Warning
Large setup violation  
There is a large setup violation of -1.417 ns between student_top_inst/Core_cpu/u_core/u_backend/u_rename/srat_q_reg[21][5]/C (clocked by clk_out2_pll) and student_top_inst/Core_cpu/u_core/u_backend/dispatch_buffer_entry_q_reg[0][uop][imm_i][5]/D (clocked by clk_out2_pll). Large setup violations at the end of those stages might be difficult to fix during the post-placement implementation flow and could be the result of non-optimal XDC constraints or non-optimal design architecture
Related violations: <none>

TIMING-16#95 Warning
Large setup violation  
There is a large setup violation of -1.421 ns between student_top_inst/Core_cpu/u_core/u_backend/u_rename/srat_q_reg[21][5]/C (clocked by clk_out2_pll) and student_top_inst/Core_cpu/u_core/u_backend/dispatch_buffer_entry_q_reg[1][uop][imm_j][12]/D (clocked by clk_out2_pll). Large setup violations at the end of those stages might be difficult to fix during the post-placement implementation flow and could be the result of non-optimal XDC constraints or non-optimal design architecture
Related violations: <none>

TIMING-16#96 Warning
Large setup violation  
There is a large setup violation of -1.421 ns between student_top_inst/Core_cpu/u_core/u_backend/u_rename/srat_q_reg[21][5]/C (clocked by clk_out2_pll) and student_top_inst/Core_cpu/u_core/u_backend/dispatch_buffer_entry_q_reg[1][uop][imm_j][15]/D (clocked by clk_out2_pll). Large setup violations at the end of those stages might be difficult to fix during the post-placement implementation flow and could be the result of non-optimal XDC constraints or non-optimal design architecture
Related violations: <none>

TIMING-16#97 Warning
Large setup violation  
There is a large setup violation of -1.422 ns between student_top_inst/Core_cpu/u_core/u_backend/u_rename/srat_q_reg[21][5]/C (clocked by clk_out2_pll) and student_top_inst/Core_cpu/u_core/u_backend/dispatch_buffer_entry_q_reg[1][uop][csr_addr][8]/D (clocked by clk_out2_pll). Large setup violations at the end of those stages might be difficult to fix during the post-placement implementation flow and could be the result of non-optimal XDC constraints or non-optimal design architecture
Related violations: <none>

TIMING-16#98 Warning
Large setup violation  
There is a large setup violation of -1.422 ns between student_top_inst/Core_cpu/u_core/u_backend/u_rename/srat_q_reg[21][5]/C (clocked by clk_out2_pll) and student_top_inst/Core_cpu/u_core/u_backend/dispatch_buffer_entry_q_reg[1][uop][imm_b][13]/D (clocked by clk_out2_pll). Large setup violations at the end of those stages might be difficult to fix during the post-placement implementation flow and could be the result of non-optimal XDC constraints or non-optimal design architecture
Related violations: <none>

TIMING-16#99 Warning
Large setup violation  
There is a large setup violation of -1.422 ns between student_top_inst/Core_cpu/u_core/u_backend/u_rename/srat_q_reg[21][5]/C (clocked by clk_out2_pll) and student_top_inst/Core_cpu/u_core/u_backend/dispatch_buffer_entry_q_reg[1][uop][imm_i][0]/D (clocked by clk_out2_pll). Large setup violations at the end of those stages might be difficult to fix during the post-placement implementation flow and could be the result of non-optimal XDC constraints or non-optimal design architecture
Related violations: <none>

TIMING-16#100 Warning
Large setup violation  
There is a large setup violation of -1.425 ns between student_top_inst/Core_cpu/u_core/u_backend/u_rename/srat_q_reg[21][5]/C (clocked by clk_out2_pll) and student_top_inst/Core_cpu/u_core/u_backend/dispatch_buffer_entry_q_reg[0][uop][pc][31]/D (clocked by clk_out2_pll). Large setup violations at the end of those stages might be difficult to fix during the post-placement implementation flow and could be the result of non-optimal XDC constraints or non-optimal design architecture
Related violations: <none>

TIMING-16#101 Warning
Large setup violation  
There is a large setup violation of -1.425 ns between student_top_inst/Core_cpu/u_core/u_backend/u_rename/srat_q_reg[21][5]/C (clocked by clk_out2_pll) and student_top_inst/Core_cpu/u_core/u_backend/dispatch_buffer_entry_q_reg[1][uop][imm_b][18]/D (clocked by clk_out2_pll). Large setup violations at the end of those stages might be difficult to fix during the post-placement implementation flow and could be the result of non-optimal XDC constraints or non-optimal design architecture
Related violations: <none>

TIMING-16#102 Warning
Large setup violation  
There is a large setup violation of -1.426 ns between student_top_inst/Core_cpu/u_core/u_backend/u_rename/srat_q_reg[21][5]/C (clocked by clk_out2_pll) and student_top_inst/Core_cpu/u_core/u_backend/dispatch_buffer_entry_q_reg[1][uop][imm_i][22]/D (clocked by clk_out2_pll). Large setup violations at the end of those stages might be difficult to fix during the post-placement implementation flow and could be the result of non-optimal XDC constraints or non-optimal design architecture
Related violations: <none>

TIMING-16#103 Warning
Large setup violation  
There is a large setup violation of -1.428 ns between student_top_inst/Core_cpu/u_core/u_backend/u_rename/srat_q_reg[21][5]/C (clocked by clk_out2_pll) and student_top_inst/Core_cpu/u_core/u_backend/dispatch_buffer_entry_q_reg[1][prd][0]/D (clocked by clk_out2_pll). Large setup violations at the end of those stages might be difficult to fix during the post-placement implementation flow and could be the result of non-optimal XDC constraints or non-optimal design architecture
Related violations: <none>

TIMING-16#104 Warning
Large setup violation  
There is a large setup violation of -1.431 ns between student_top_inst/Core_cpu/u_core/u_backend/u_rename/srat_q_reg[21][5]/C (clocked by clk_out2_pll) and student_top_inst/Core_cpu/u_core/u_backend/dispatch_buffer_entry_q_reg[0][uop][csr_op][0]/D (clocked by clk_out2_pll). Large setup violations at the end of those stages might be difficult to fix during the post-placement implementation flow and could be the result of non-optimal XDC constraints or non-optimal design architecture
Related violations: <none>

TIMING-16#105 Warning
Large setup violation  
There is a large setup violation of -1.432 ns between student_top_inst/Core_cpu/u_core/u_backend/u_rename/srat_q_reg[21][5]/C (clocked by clk_out2_pll) and student_top_inst/Core_cpu/u_core/u_backend/dispatch_buffer_entry_q_reg[0][prs2][2]/D (clocked by clk_out2_pll). Large setup violations at the end of those stages might be difficult to fix during the post-placement implementation flow and could be the result of non-optimal XDC constraints or non-optimal design architecture
Related violations: <none>

TIMING-16#106 Warning
Large setup violation  
There is a large setup violation of -1.434 ns between student_top_inst/Core_cpu/u_core/u_backend/u_rename/srat_q_reg[21][5]/C (clocked by clk_out2_pll) and student_top_inst/Core_cpu/u_core/u_backend/dispatch_buffer_entry_q_reg[0][uop][pc][0]/D (clocked by clk_out2_pll). Large setup violations at the end of those stages might be difficult to fix during the post-placement implementation flow and could be the result of non-optimal XDC constraints or non-optimal design architecture
Related violations: <none>

TIMING-16#107 Warning
Large setup violation  
There is a large setup violation of -1.434 ns between student_top_inst/Core_cpu/u_core/u_backend/u_rename/srat_q_reg[21][5]/C (clocked by clk_out2_pll) and student_top_inst/Core_cpu/u_core/u_backend/dispatch_buffer_entry_q_reg[0][uop][pc][14]/D (clocked by clk_out2_pll). Large setup violations at the end of those stages might be difficult to fix during the post-placement implementation flow and could be the result of non-optimal XDC constraints or non-optimal design architecture
Related violations: <none>

TIMING-16#108 Warning
Large setup violation  
There is a large setup violation of -1.435 ns between student_top_inst/Core_cpu/u_core/u_backend/u_rename/srat_q_reg[21][5]/C (clocked by clk_out2_pll) and student_top_inst/Core_cpu/u_core/u_backend/dispatch_buffer_entry_q_reg[1][uop][imm_b][25]/D (clocked by clk_out2_pll). Large setup violations at the end of those stages might be difficult to fix during the post-placement implementation flow and could be the result of non-optimal XDC constraints or non-optimal design architecture
Related violations: <none>

TIMING-16#109 Warning
Large setup violation  
There is a large setup violation of -1.435 ns between student_top_inst/Core_cpu/u_core/u_backend/u_rename/srat_q_reg[21][5]/C (clocked by clk_out2_pll) and student_top_inst/Core_cpu/u_core/u_backend/dispatch_buffer_entry_q_reg[1][uop][imm_j][14]/D (clocked by clk_out2_pll). Large setup violations at the end of those stages might be difficult to fix during the post-placement implementation flow and could be the result of non-optimal XDC constraints or non-optimal design architecture
Related violations: <none>

TIMING-16#110 Warning
Large setup violation  
There is a large setup violation of -1.436 ns between student_top_inst/Core_cpu/u_core/u_backend/u_rename/srat_q_reg[21][5]/C (clocked by clk_out2_pll) and student_top_inst/Core_cpu/u_core/u_backend/dispatch_buffer_entry_q_reg[0][uop][imm_s][6]/D (clocked by clk_out2_pll). Large setup violations at the end of those stages might be difficult to fix during the post-placement implementation flow and could be the result of non-optimal XDC constraints or non-optimal design architecture
Related violations: <none>

TIMING-16#111 Warning
Large setup violation  
There is a large setup violation of -1.436 ns between student_top_inst/Core_cpu/u_core/u_backend/u_rename/srat_q_reg[21][5]/C (clocked by clk_out2_pll) and student_top_inst/Core_cpu/u_core/u_backend/dispatch_buffer_entry_q_reg[1][uop][imm_b][12]/D (clocked by clk_out2_pll). Large setup violations at the end of those stages might be difficult to fix during the post-placement implementation flow and could be the result of non-optimal XDC constraints or non-optimal design architecture
Related violations: <none>

TIMING-16#112 Warning
Large setup violation  
There is a large setup violation of -1.440 ns between student_top_inst/Core_cpu/u_core/u_backend/u_rename/srat_q_reg[21][5]/C (clocked by clk_out2_pll) and student_top_inst/Core_cpu/u_core/u_backend/dispatch_buffer_entry_q_reg[1][uop][imm_i][30]/D (clocked by clk_out2_pll). Large setup violations at the end of those stages might be difficult to fix during the post-placement implementation flow and could be the result of non-optimal XDC constraints or non-optimal design architecture
Related violations: <none>

TIMING-16#113 Warning
Large setup violation  
There is a large setup violation of -1.443 ns between student_top_inst/Core_cpu/u_core/u_backend/u_rename/srat_q_reg[21][5]/C (clocked by clk_out2_pll) and student_top_inst/Core_cpu/u_core/u_backend/dispatch_buffer_entry_q_reg[0][prs2][1]/D (clocked by clk_out2_pll). Large setup violations at the end of those stages might be difficult to fix during the post-placement implementation flow and could be the result of non-optimal XDC constraints or non-optimal design architecture
Related violations: <none>

TIMING-16#114 Warning
Large setup violation  
There is a large setup violation of -1.443 ns between student_top_inst/Core_cpu/u_core/u_backend/u_rename/srat_q_reg[21][5]/C (clocked by clk_out2_pll) and student_top_inst/Core_cpu/u_core/u_backend/dispatch_buffer_entry_q_reg[1][uop][csr_addr][4]/D (clocked by clk_out2_pll). Large setup violations at the end of those stages might be difficult to fix during the post-placement implementation flow and could be the result of non-optimal XDC constraints or non-optimal design architecture
Related violations: <none>

TIMING-16#115 Warning
Large setup violation  
There is a large setup violation of -1.444 ns between student_top_inst/Core_cpu/u_core/u_backend/u_rename/srat_q_reg[21][5]/C (clocked by clk_out2_pll) and student_top_inst/Core_cpu/u_core/u_backend/dispatch_buffer_entry_q_reg[1][uop][imm_i][21]/D (clocked by clk_out2_pll). Large setup violations at the end of those stages might be difficult to fix during the post-placement implementation flow and could be the result of non-optimal XDC constraints or non-optimal design architecture
Related violations: <none>

TIMING-16#116 Warning
Large setup violation  
There is a large setup violation of -1.445 ns between student_top_inst/Core_cpu/u_core/u_backend/u_rename/srat_q_reg[13][2]/C (clocked by clk_out2_pll) and student_top_inst/Core_cpu/u_core/u_backend/dispatch_buffer_entry_q_reg[0][uop][imm_i][25]/D (clocked by clk_out2_pll). Large setup violations at the end of those stages might be difficult to fix during the post-placement implementation flow and could be the result of non-optimal XDC constraints or non-optimal design architecture
Related violations: <none>

TIMING-16#117 Warning
Large setup violation  
There is a large setup violation of -1.445 ns between student_top_inst/Core_cpu/u_core/u_backend/u_rename/srat_q_reg[21][5]/C (clocked by clk_out2_pll) and student_top_inst/Core_cpu/u_core/u_backend/dispatch_buffer_entry_q_reg[0][uop][imm_b][9]/D (clocked by clk_out2_pll). Large setup violations at the end of those stages might be difficult to fix during the post-placement implementation flow and could be the result of non-optimal XDC constraints or non-optimal design architecture
Related violations: <none>

TIMING-16#118 Warning
Large setup violation  
There is a large setup violation of -1.445 ns between student_top_inst/Core_cpu/u_core/u_backend/u_rename/srat_q_reg[21][5]/C (clocked by clk_out2_pll) and student_top_inst/Core_cpu/u_core/u_backend/dispatch_buffer_entry_q_reg[0][uop][pred_target][24]/D (clocked by clk_out2_pll). Large setup violations at the end of those stages might be difficult to fix during the post-placement implementation flow and could be the result of non-optimal XDC constraints or non-optimal design architecture
Related violations: <none>

TIMING-16#119 Warning
Large setup violation  
There is a large setup violation of -1.445 ns between student_top_inst/Core_cpu/u_core/u_backend/u_rename/srat_q_reg[21][5]/C (clocked by clk_out2_pll) and student_top_inst/Core_cpu/u_core/u_backend/dispatch_buffer_entry_q_reg[1][uop][imm_i][28]/D (clocked by clk_out2_pll). Large setup violations at the end of those stages might be difficult to fix during the post-placement implementation flow and could be the result of non-optimal XDC constraints or non-optimal design architecture
Related violations: <none>

TIMING-16#120 Warning
Large setup violation  
There is a large setup violation of -1.446 ns between student_top_inst/Core_cpu/u_core/u_backend/u_rename/srat_q_reg[21][5]/C (clocked by clk_out2_pll) and student_top_inst/Core_cpu/u_core/u_backend/dispatch_buffer_entry_q_reg[0][prs1][3]/D (clocked by clk_out2_pll). Large setup violations at the end of those stages might be difficult to fix during the post-placement implementation flow and could be the result of non-optimal XDC constraints or non-optimal design architecture
Related violations: <none>

TIMING-16#121 Warning
Large setup violation  
There is a large setup violation of -1.448 ns between student_top_inst/Core_cpu/u_core/u_backend/u_rename/srat_q_reg[21][5]/C (clocked by clk_out2_pll) and student_top_inst/Core_cpu/u_core/u_backend/dispatch_buffer_entry_q_reg[1][uop][imm_j][16]/D (clocked by clk_out2_pll). Large setup violations at the end of those stages might be difficult to fix during the post-placement implementation flow and could be the result of non-optimal XDC constraints or non-optimal design architecture
Related violations: <none>

TIMING-16#122 Warning
Large setup violation  
There is a large setup violation of -1.449 ns between student_top_inst/Core_cpu/u_core/u_backend/u_rename/srat_q_reg[21][5]/C (clocked by clk_out2_pll) and student_top_inst/Core_cpu/u_core/u_backend/dispatch_buffer_entry_q_reg[1][uop][imm_b][15]/D (clocked by clk_out2_pll). Large setup violations at the end of those stages might be difficult to fix during the post-placement implementation flow and could be the result of non-optimal XDC constraints or non-optimal design architecture
Related violations: <none>

TIMING-16#123 Warning
Large setup violation  
There is a large setup violation of -1.450 ns between student_top_inst/Core_cpu/u_core/u_backend/u_rename/srat_q_reg[21][5]/C (clocked by clk_out2_pll) and student_top_inst/Core_cpu/u_core/u_backend/dispatch_buffer_entry_q_reg[1][uop][imm_b][23]/D (clocked by clk_out2_pll). Large setup violations at the end of those stages might be difficult to fix during the post-placement implementation flow and could be the result of non-optimal XDC constraints or non-optimal design architecture
Related violations: <none>

TIMING-16#124 Warning
Large setup violation  
There is a large setup violation of -1.451 ns between student_top_inst/Core_cpu/u_core/u_backend/u_rename/srat_q_reg[21][5]/C (clocked by clk_out2_pll) and student_top_inst/Core_cpu/u_core/u_backend/dispatch_buffer_entry_q_reg[1][uop][imm_b][24]/D (clocked by clk_out2_pll). Large setup violations at the end of those stages might be difficult to fix during the post-placement implementation flow and could be the result of non-optimal XDC constraints or non-optimal design architecture
Related violations: <none>

TIMING-16#125 Warning
Large setup violation  
There is a large setup violation of -1.452 ns between student_top_inst/Core_cpu/u_core/u_backend/u_rename/srat_q_reg[21][5]/C (clocked by clk_out2_pll) and student_top_inst/Core_cpu/u_core/u_backend/dispatch_buffer_entry_q_reg[0][uop][imm_s][3]/D (clocked by clk_out2_pll). Large setup violations at the end of those stages might be difficult to fix during the post-placement implementation flow and could be the result of non-optimal XDC constraints or non-optimal design architecture
Related violations: <none>

TIMING-16#126 Warning
Large setup violation  
There is a large setup violation of -1.454 ns between student_top_inst/Core_cpu/u_core/u_backend/u_rename/srat_q_reg[13][2]/C (clocked by clk_out2_pll) and student_top_inst/Core_cpu/u_core/u_backend/dispatch_buffer_entry_q_reg[0][uop][exception_cause][3]/D (clocked by clk_out2_pll). Large setup violations at the end of those stages might be difficult to fix during the post-placement implementation flow and could be the result of non-optimal XDC constraints or non-optimal design architecture
Related violations: <none>

TIMING-16#127 Warning
Large setup violation  
There is a large setup violation of -1.455 ns between student_top_inst/Core_cpu/u_core/u_backend/u_rename/srat_q_reg[21][5]/C (clocked by clk_out2_pll) and student_top_inst/Core_cpu/u_core/u_backend/dispatch_buffer_entry_q_reg[0][uop][pc][23]/D (clocked by clk_out2_pll). Large setup violations at the end of those stages might be difficult to fix during the post-placement implementation flow and could be the result of non-optimal XDC constraints or non-optimal design architecture
Related violations: <none>

TIMING-16#128 Warning
Large setup violation  
There is a large setup violation of -1.455 ns between student_top_inst/Core_cpu/u_core/u_backend/u_rename/srat_q_reg[21][5]/C (clocked by clk_out2_pll) and student_top_inst/Core_cpu/u_core/u_backend/dispatch_buffer_entry_q_reg[0][uop][pred_target][18]/D (clocked by clk_out2_pll). Large setup violations at the end of those stages might be difficult to fix during the post-placement implementation flow and could be the result of non-optimal XDC constraints or non-optimal design architecture
Related violations: <none>

TIMING-16#129 Warning
Large setup violation  
There is a large setup violation of -1.456 ns between student_top_inst/Core_cpu/u_core/u_backend/u_rename/srat_q_reg[21][5]/C (clocked by clk_out2_pll) and student_top_inst/Core_cpu/u_core/u_backend/dispatch_buffer_entry_q_reg[1][uop][imm_i][29]/D (clocked by clk_out2_pll). Large setup violations at the end of those stages might be difficult to fix during the post-placement implementation flow and could be the result of non-optimal XDC constraints or non-optimal design architecture
Related violations: <none>

TIMING-16#130 Warning
Large setup violation  
There is a large setup violation of -1.458 ns between student_top_inst/Core_cpu/u_core/u_backend/u_execute/mem_req_count_q_reg[1]/C (clocked by clk_out2_pll) and student_top_inst/Core_cpu/storeWriteAddr_q_reg[15]/CE (clocked by clk_out2_pll). Large setup violations at the end of those stages might be difficult to fix during the post-placement implementation flow and could be the result of non-optimal XDC constraints or non-optimal design architecture
Related violations: <none>

TIMING-16#131 Warning
Large setup violation  
There is a large setup violation of -1.458 ns between student_top_inst/Core_cpu/u_core/u_backend/u_execute/mem_req_count_q_reg[1]/C (clocked by clk_out2_pll) and student_top_inst/Core_cpu/storeWriteAddr_q_reg[27]/CE (clocked by clk_out2_pll). Large setup violations at the end of those stages might be difficult to fix during the post-placement implementation flow and could be the result of non-optimal XDC constraints or non-optimal design architecture
Related violations: <none>

TIMING-16#132 Warning
Large setup violation  
There is a large setup violation of -1.460 ns between student_top_inst/Core_cpu/u_core/u_backend/u_rename/srat_q_reg[21][5]/C (clocked by clk_out2_pll) and student_top_inst/Core_cpu/u_core/u_backend/dispatch_buffer_entry_q_reg[0][uop][imm_u][30]/D (clocked by clk_out2_pll). Large setup violations at the end of those stages might be difficult to fix during the post-placement implementation flow and could be the result of non-optimal XDC constraints or non-optimal design architecture
Related violations: <none>

TIMING-16#133 Warning
Large setup violation  
There is a large setup violation of -1.461 ns between student_top_inst/Core_cpu/u_core/u_backend/u_rename/srat_q_reg[21][5]/C (clocked by clk_out2_pll) and student_top_inst/Core_cpu/u_core/u_backend/dispatch_buffer_entry_q_reg[0][uop][inst][30]/D (clocked by clk_out2_pll). Large setup violations at the end of those stages might be difficult to fix during the post-placement implementation flow and could be the result of non-optimal XDC constraints or non-optimal design architecture
Related violations: <none>

TIMING-16#134 Warning
Large setup violation  
There is a large setup violation of -1.462 ns between student_top_inst/Core_cpu/u_core/u_backend/u_rename/srat_q_reg[21][5]/C (clocked by clk_out2_pll) and student_top_inst/Core_cpu/u_core/u_backend/dispatch_buffer_entry_q_reg[1][uop][imm_b][14]/D (clocked by clk_out2_pll). Large setup violations at the end of those stages might be difficult to fix during the post-placement implementation flow and could be the result of non-optimal XDC constraints or non-optimal design architecture
Related violations: <none>

TIMING-16#135 Warning
Large setup violation  
There is a large setup violation of -1.463 ns between student_top_inst/Core_cpu/u_core/u_backend/u_rename/srat_q_reg[21][5]/C (clocked by clk_out2_pll) and student_top_inst/Core_cpu/u_core/u_backend/dispatch_buffer_entry_q_reg[1][uop][imm_i][27]/D (clocked by clk_out2_pll). Large setup violations at the end of those stages might be difficult to fix during the post-placement implementation flow and could be the result of non-optimal XDC constraints or non-optimal design architecture
Related violations: <none>

TIMING-16#136 Warning
Large setup violation  
There is a large setup violation of -1.464 ns between student_top_inst/Core_cpu/u_core/u_backend/u_rename/srat_q_reg[13][2]/C (clocked by clk_out2_pll) and student_top_inst/Core_cpu/u_core/u_backend/dispatch_buffer_entry_q_reg[0][uop][imm_j][13]/D (clocked by clk_out2_pll). Large setup violations at the end of those stages might be difficult to fix during the post-placement implementation flow and could be the result of non-optimal XDC constraints or non-optimal design architecture
Related violations: <none>

TIMING-16#137 Warning
Large setup violation  
There is a large setup violation of -1.464 ns between student_top_inst/Core_cpu/u_core/u_backend/u_rename/srat_q_reg[21][5]/C (clocked by clk_out2_pll) and student_top_inst/Core_cpu/u_core/u_backend/dispatch_buffer_entry_q_reg[1][uop][csr_addr][1]/D (clocked by clk_out2_pll). Large setup violations at the end of those stages might be difficult to fix during the post-placement implementation flow and could be the result of non-optimal XDC constraints or non-optimal design architecture
Related violations: <none>

TIMING-16#138 Warning
Large setup violation  
There is a large setup violation of -1.464 ns between student_top_inst/Core_cpu/u_core/u_backend/u_rename/srat_q_reg[21][5]/C (clocked by clk_out2_pll) and student_top_inst/Core_cpu/u_core/u_backend/dispatch_buffer_entry_q_reg[1][uop][csr_op][1]/D (clocked by clk_out2_pll). Large setup violations at the end of those stages might be difficult to fix during the post-placement implementation flow and could be the result of non-optimal XDC constraints or non-optimal design architecture
Related violations: <none>

TIMING-16#139 Warning
Large setup violation  
There is a large setup violation of -1.465 ns between student_top_inst/Core_cpu/u_core/u_backend/u_rename/srat_q_reg[21][5]/C (clocked by clk_out2_pll) and student_top_inst/Core_cpu/u_core/u_backend/dispatch_buffer_entry_q_reg[1][old_prd][1]/D (clocked by clk_out2_pll). Large setup violations at the end of those stages might be difficult to fix during the post-placement implementation flow and could be the result of non-optimal XDC constraints or non-optimal design architecture
Related violations: <none>

TIMING-16#140 Warning
Large setup violation  
There is a large setup violation of -1.466 ns between student_top_inst/Core_cpu/u_core/u_backend/u_rename/srat_q_reg[21][5]/C (clocked by clk_out2_pll) and student_top_inst/Core_cpu/u_core/u_backend/dispatch_buffer_entry_q_reg[1][uop][branch_op][2]/D (clocked by clk_out2_pll). Large setup violations at the end of those stages might be difficult to fix during the post-placement implementation flow and could be the result of non-optimal XDC constraints or non-optimal design architecture
Related violations: <none>

TIMING-16#141 Warning
Large setup violation  
There is a large setup violation of -1.466 ns between student_top_inst/Core_cpu/u_core/u_backend/u_rename/srat_q_reg[21][5]/C (clocked by clk_out2_pll) and student_top_inst/Core_cpu/u_core/u_backend/dispatch_buffer_entry_q_reg[1][uop][branch_op][3]/D (clocked by clk_out2_pll). Large setup violations at the end of those stages might be difficult to fix during the post-placement implementation flow and could be the result of non-optimal XDC constraints or non-optimal design architecture
Related violations: <none>

TIMING-16#142 Warning
Large setup violation  
There is a large setup violation of -1.466 ns between student_top_inst/Core_cpu/u_core/u_backend/u_rename/srat_q_reg[21][5]/C (clocked by clk_out2_pll) and student_top_inst/Core_cpu/u_core/u_backend/dispatch_buffer_entry_q_reg[1][uop][imm_b][6]/D (clocked by clk_out2_pll). Large setup violations at the end of those stages might be difficult to fix during the post-placement implementation flow and could be the result of non-optimal XDC constraints or non-optimal design architecture
Related violations: <none>

TIMING-16#143 Warning
Large setup violation  
There is a large setup violation of -1.467 ns between student_top_inst/Core_cpu/u_core/u_backend/u_rename/srat_q_reg[21][5]/C (clocked by clk_out2_pll) and student_top_inst/Core_cpu/u_core/u_backend/dispatch_buffer_entry_q_reg[1][prs1][0]/D (clocked by clk_out2_pll). Large setup violations at the end of those stages might be difficult to fix during the post-placement implementation flow and could be the result of non-optimal XDC constraints or non-optimal design architecture
Related violations: <none>

TIMING-16#144 Warning
Large setup violation  
There is a large setup violation of -1.467 ns between student_top_inst/Core_cpu/u_core/u_backend/u_rename/srat_q_reg[21][5]/C (clocked by clk_out2_pll) and student_top_inst/Core_cpu/u_core/u_backend/dispatch_buffer_entry_q_reg[1][uop][csr_op][0]/D (clocked by clk_out2_pll). Large setup violations at the end of those stages might be difficult to fix during the post-placement implementation flow and could be the result of non-optimal XDC constraints or non-optimal design architecture
Related violations: <none>

TIMING-16#145 Warning
Large setup violation  
There is a large setup violation of -1.468 ns between student_top_inst/Core_cpu/u_core/u_backend/u_rename/srat_q_reg[21][5]/C (clocked by clk_out2_pll) and student_top_inst/Core_cpu/u_core/u_backend/dispatch_buffer_entry_q_reg[1][uop][imm_b][22]/D (clocked by clk_out2_pll). Large setup violations at the end of those stages might be difficult to fix during the post-placement implementation flow and could be the result of non-optimal XDC constraints or non-optimal design architecture
Related violations: <none>

TIMING-16#146 Warning
Large setup violation  
There is a large setup violation of -1.469 ns between student_top_inst/Core_cpu/u_core/u_backend/u_rename/srat_q_reg[21][5]/C (clocked by clk_out2_pll) and student_top_inst/Core_cpu/u_core/u_backend/dispatch_buffer_entry_q_reg[0][uop][branch_op][3]/D (clocked by clk_out2_pll). Large setup violations at the end of those stages might be difficult to fix during the post-placement implementation flow and could be the result of non-optimal XDC constraints or non-optimal design architecture
Related violations: <none>

TIMING-16#147 Warning
Large setup violation  
There is a large setup violation of -1.470 ns between student_top_inst/Core_cpu/u_core/u_backend/u_rename/srat_q_reg[13][2]/C (clocked by clk_out2_pll) and student_top_inst/Core_cpu/u_core/u_backend/dispatch_buffer_entry_q_reg[0][uop][imm_j][4]/D (clocked by clk_out2_pll). Large setup violations at the end of those stages might be difficult to fix during the post-placement implementation flow and could be the result of non-optimal XDC constraints or non-optimal design architecture
Related violations: <none>

TIMING-16#148 Warning
Large setup violation  
There is a large setup violation of -1.470 ns between student_top_inst/Core_cpu/u_core/u_backend/u_rename/srat_q_reg[21][5]/C (clocked by clk_out2_pll) and student_top_inst/Core_cpu/u_core/u_backend/dispatch_buffer_entry_q_reg[0][uop][inst][27]/D (clocked by clk_out2_pll). Large setup violations at the end of those stages might be difficult to fix during the post-placement implementation flow and could be the result of non-optimal XDC constraints or non-optimal design architecture
Related violations: <none>

TIMING-16#149 Warning
Large setup violation  
There is a large setup violation of -1.471 ns between student_top_inst/Core_cpu/u_core/u_backend/u_rename/srat_q_reg[21][5]/C (clocked by clk_out2_pll) and student_top_inst/Core_cpu/u_core/u_backend/dispatch_buffer_entry_q_reg[0][uop][inst][28]/D (clocked by clk_out2_pll). Large setup violations at the end of those stages might be difficult to fix during the post-placement implementation flow and could be the result of non-optimal XDC constraints or non-optimal design architecture
Related violations: <none>

TIMING-16#150 Warning
Large setup violation  
There is a large setup violation of -1.471 ns between student_top_inst/Core_cpu/u_core/u_backend/u_rename/srat_q_reg[21][5]/C (clocked by clk_out2_pll) and student_top_inst/Core_cpu/u_core/u_backend/dispatch_buffer_entry_q_reg[1][prs1][4]/D (clocked by clk_out2_pll). Large setup violations at the end of those stages might be difficult to fix during the post-placement implementation flow and could be the result of non-optimal XDC constraints or non-optimal design architecture
Related violations: <none>

TIMING-16#151 Warning
Large setup violation  
There is a large setup violation of -1.471 ns between student_top_inst/Core_cpu/u_core/u_backend/u_rename/srat_q_reg[21][5]/C (clocked by clk_out2_pll) and student_top_inst/Core_cpu/u_core/u_backend/dispatch_buffer_entry_q_reg[1][uop][alu_op][0]/D (clocked by clk_out2_pll). Large setup violations at the end of those stages might be difficult to fix during the post-placement implementation flow and could be the result of non-optimal XDC constraints or non-optimal design architecture
Related violations: <none>

TIMING-16#152 Warning
Large setup violation  
There is a large setup violation of -1.473 ns between student_top_inst/Core_cpu/u_core/u_backend/u_rename/srat_q_reg[13][2]/C (clocked by clk_out2_pll) and student_top_inst/Core_cpu/u_core/u_backend/dispatch_buffer_entry_q_reg[0][uop][imm_j][25]/D (clocked by clk_out2_pll). Large setup violations at the end of those stages might be difficult to fix during the post-placement implementation flow and could be the result of non-optimal XDC constraints or non-optimal design architecture
Related violations: <none>

TIMING-16#153 Warning
Large setup violation  
There is a large setup violation of -1.474 ns between student_top_inst/Core_cpu/u_core/u_backend/u_rename/srat_q_reg[21][5]/C (clocked by clk_out2_pll) and student_top_inst/Core_cpu/u_core/u_backend/dispatch_buffer_entry_q_reg[0][prs1][5]/D (clocked by clk_out2_pll). Large setup violations at the end of those stages might be difficult to fix during the post-placement implementation flow and could be the result of non-optimal XDC constraints or non-optimal design architecture
Related violations: <none>

TIMING-16#154 Warning
Large setup violation  
There is a large setup violation of -1.474 ns between student_top_inst/Core_cpu/u_core/u_backend/u_rename/srat_q_reg[21][5]/C (clocked by clk_out2_pll) and student_top_inst/Core_cpu/u_core/u_backend/dispatch_buffer_entry_q_reg[0][uop][imm_i][0]/D (clocked by clk_out2_pll). Large setup violations at the end of those stages might be difficult to fix during the post-placement implementation flow and could be the result of non-optimal XDC constraints or non-optimal design architecture
Related violations: <none>

TIMING-16#155 Warning
Large setup violation  
There is a large setup violation of -1.476 ns between student_top_inst/Core_cpu/u_core/u_backend/u_rename/srat_q_reg[21][5]/C (clocked by clk_out2_pll) and student_top_inst/Core_cpu/u_core/u_backend/dispatch_buffer_entry_q_reg[0][uop][imm_b][10]/D (clocked by clk_out2_pll). Large setup violations at the end of those stages might be difficult to fix during the post-placement implementation flow and could be the result of non-optimal XDC constraints or non-optimal design architecture
Related violations: <none>

TIMING-16#156 Warning
Large setup violation  
There is a large setup violation of -1.476 ns between student_top_inst/Core_cpu/u_core/u_backend/u_rename/srat_q_reg[21][5]/C (clocked by clk_out2_pll) and student_top_inst/Core_cpu/u_core/u_backend/dispatch_buffer_entry_q_reg[0][uop][imm_s][10]/D (clocked by clk_out2_pll). Large setup violations at the end of those stages might be difficult to fix during the post-placement implementation flow and could be the result of non-optimal XDC constraints or non-optimal design architecture
Related violations: <none>

TIMING-16#157 Warning
Large setup violation  
There is a large setup violation of -1.476 ns between student_top_inst/Core_cpu/u_core/u_backend/u_rename/srat_q_reg[21][5]/C (clocked by clk_out2_pll) and student_top_inst/Core_cpu/u_core/u_backend/dispatch_buffer_entry_q_reg[0][uop][imm_u][21]/D (clocked by clk_out2_pll). Large setup violations at the end of those stages might be difficult to fix during the post-placement implementation flow and could be the result of non-optimal XDC constraints or non-optimal design architecture
Related violations: <none>

TIMING-16#158 Warning
Large setup violation  
There is a large setup violation of -1.477 ns between student_top_inst/Core_cpu/u_core/u_backend/u_rename/srat_q_reg[21][5]/C (clocked by clk_out2_pll) and student_top_inst/Core_cpu/u_core/u_backend/dispatch_buffer_entry_q_reg[0][uop][is_branch]/D (clocked by clk_out2_pll). Large setup violations at the end of those stages might be difficult to fix during the post-placement implementation flow and could be the result of non-optimal XDC constraints or non-optimal design architecture
Related violations: <none>

TIMING-16#159 Warning
Large setup violation  
There is a large setup violation of -1.477 ns between student_top_inst/Core_cpu/u_core/u_backend/u_rename/srat_q_reg[21][5]/C (clocked by clk_out2_pll) and student_top_inst/Core_cpu/u_core/u_backend/dispatch_buffer_entry_q_reg[0][uop][mem_size][0]/D (clocked by clk_out2_pll). Large setup violations at the end of those stages might be difficult to fix during the post-placement implementation flow and could be the result of non-optimal XDC constraints or non-optimal design architecture
Related violations: <none>

TIMING-16#160 Warning
Large setup violation  
There is a large setup violation of -1.478 ns between student_top_inst/Core_cpu/u_core/u_backend/u_rename/srat_q_reg[21][5]/C (clocked by clk_out2_pll) and student_top_inst/Core_cpu/u_core/u_backend/dispatch_buffer_entry_q_reg[0][uop][pred_target][27]/D (clocked by clk_out2_pll). Large setup violations at the end of those stages might be difficult to fix during the post-placement implementation flow and could be the result of non-optimal XDC constraints or non-optimal design architecture
Related violations: <none>

TIMING-16#161 Warning
Large setup violation  
There is a large setup violation of -1.481 ns between student_top_inst/Core_cpu/u_core/u_backend/u_execute/mem_req_count_q_reg[1]/C (clocked by clk_out2_pll) and student_top_inst/Core_cpu/storeWriteAddr_q_reg[12]/CE (clocked by clk_out2_pll). Large setup violations at the end of those stages might be difficult to fix during the post-placement implementation flow and could be the result of non-optimal XDC constraints or non-optimal design architecture
Related violations: <none>

TIMING-16#162 Warning
Large setup violation  
There is a large setup violation of -1.481 ns between student_top_inst/Core_cpu/u_core/u_backend/u_execute/mem_req_count_q_reg[1]/C (clocked by clk_out2_pll) and student_top_inst/Core_cpu/storeWriteAddr_q_reg[13]/CE (clocked by clk_out2_pll). Large setup violations at the end of those stages might be difficult to fix during the post-placement implementation flow and could be the result of non-optimal XDC constraints or non-optimal design architecture
Related violations: <none>

TIMING-16#163 Warning
Large setup violation  
There is a large setup violation of -1.481 ns between student_top_inst/Core_cpu/u_core/u_backend/u_execute/mem_req_count_q_reg[1]/C (clocked by clk_out2_pll) and student_top_inst/Core_cpu/storeWriteAddr_q_reg[21]/CE (clocked by clk_out2_pll). Large setup violations at the end of those stages might be difficult to fix during the post-placement implementation flow and could be the result of non-optimal XDC constraints or non-optimal design architecture
Related violations: <none>

TIMING-16#164 Warning
Large setup violation  
There is a large setup violation of -1.481 ns between student_top_inst/Core_cpu/u_core/u_backend/u_execute/mem_req_count_q_reg[1]/C (clocked by clk_out2_pll) and student_top_inst/Core_cpu/storeWriteAddr_q_reg[7]/CE (clocked by clk_out2_pll). Large setup violations at the end of those stages might be difficult to fix during the post-placement implementation flow and could be the result of non-optimal XDC constraints or non-optimal design architecture
Related violations: <none>

TIMING-16#165 Warning
Large setup violation  
There is a large setup violation of -1.483 ns between student_top_inst/Core_cpu/u_core/u_backend/u_rename/srat_q_reg[21][5]/C (clocked by clk_out2_pll) and student_top_inst/Core_cpu/u_core/u_backend/dispatch_buffer_entry_q_reg[1][uop][imm_i][7]/D (clocked by clk_out2_pll). Large setup violations at the end of those stages might be difficult to fix during the post-placement implementation flow and could be the result of non-optimal XDC constraints or non-optimal design architecture
Related violations: <none>

TIMING-16#166 Warning
Large setup violation  
There is a large setup violation of -1.486 ns between student_top_inst/Core_cpu/u_core/u_backend/u_rename/srat_q_reg[21][5]/C (clocked by clk_out2_pll) and student_top_inst/Core_cpu/u_core/u_backend/dispatch_buffer_entry_q_reg[1][uop][imm_i][8]/D (clocked by clk_out2_pll). Large setup violations at the end of those stages might be difficult to fix during the post-placement implementation flow and could be the result of non-optimal XDC constraints or non-optimal design architecture
Related violations: <none>

TIMING-16#167 Warning
Large setup violation  
There is a large setup violation of -1.487 ns between student_top_inst/Core_cpu/u_core/u_backend/u_rename/srat_q_reg[21][5]/C (clocked by clk_out2_pll) and student_top_inst/Core_cpu/u_core/u_backend/dispatch_buffer_entry_q_reg[0][uop][imm_i][30]/D (clocked by clk_out2_pll). Large setup violations at the end of those stages might be difficult to fix during the post-placement implementation flow and could be the result of non-optimal XDC constraints or non-optimal design architecture
Related violations: <none>

TIMING-16#168 Warning
Large setup violation  
There is a large setup violation of -1.488 ns between student_top_inst/Core_cpu/u_core/u_backend/u_rename/srat_q_reg[21][5]/C (clocked by clk_out2_pll) and student_top_inst/Core_cpu/u_core/u_backend/dispatch_buffer_entry_q_reg[1][prd][3]/D (clocked by clk_out2_pll). Large setup violations at the end of those stages might be difficult to fix during the post-placement implementation flow and could be the result of non-optimal XDC constraints or non-optimal design architecture
Related violations: <none>

TIMING-16#169 Warning
Large setup violation  
There is a large setup violation of -1.488 ns between student_top_inst/Core_cpu/u_core/u_backend/u_rename/srat_q_reg[21][5]/C (clocked by clk_out2_pll) and student_top_inst/Core_cpu/u_core/u_backend/dispatch_buffer_entry_q_reg[1][uop][csr_addr][10]/D (clocked by clk_out2_pll). Large setup violations at the end of those stages might be difficult to fix during the post-placement implementation flow and could be the result of non-optimal XDC constraints or non-optimal design architecture
Related violations: <none>

TIMING-16#170 Warning
Large setup violation  
There is a large setup violation of -1.489 ns between student_top_inst/Core_cpu/u_core/u_backend/u_rename/srat_q_reg[21][5]/C (clocked by clk_out2_pll) and student_top_inst/Core_cpu/u_core/u_backend/dispatch_buffer_entry_q_reg[0][uop][imm_b][11]/D (clocked by clk_out2_pll). Large setup violations at the end of those stages might be difficult to fix during the post-placement implementation flow and could be the result of non-optimal XDC constraints or non-optimal design architecture
Related violations: <none>

TIMING-16#171 Warning
Large setup violation  
There is a large setup violation of -1.489 ns between student_top_inst/Core_cpu/u_core/u_backend/u_rename/srat_q_reg[21][5]/C (clocked by clk_out2_pll) and student_top_inst/Core_cpu/u_core/u_backend/dispatch_buffer_entry_q_reg[1][uop][csr_addr][0]/D (clocked by clk_out2_pll). Large setup violations at the end of those stages might be difficult to fix during the post-placement implementation flow and could be the result of non-optimal XDC constraints or non-optimal design architecture
Related violations: <none>

TIMING-16#172 Warning
Large setup violation  
There is a large setup violation of -1.489 ns between student_top_inst/Core_cpu/u_core/u_backend/u_rename/srat_q_reg[21][5]/C (clocked by clk_out2_pll) and student_top_inst/Core_cpu/u_core/u_backend/dispatch_buffer_entry_q_reg[1][uop][imm_b][5]/D (clocked by clk_out2_pll). Large setup violations at the end of those stages might be difficult to fix during the post-placement implementation flow and could be the result of non-optimal XDC constraints or non-optimal design architecture
Related violations: <none>

TIMING-16#173 Warning
Large setup violation  
There is a large setup violation of -1.490 ns between student_top_inst/Core_cpu/u_core/u_backend/u_rename/srat_q_reg[13][2]/C (clocked by clk_out2_pll) and student_top_inst/Core_cpu/u_core/u_backend/dispatch_buffer_entry_q_reg[0][uop][imm_j][28]/D (clocked by clk_out2_pll). Large setup violations at the end of those stages might be difficult to fix during the post-placement implementation flow and could be the result of non-optimal XDC constraints or non-optimal design architecture
Related violations: <none>

TIMING-16#174 Warning
Large setup violation  
There is a large setup violation of -1.490 ns between student_top_inst/Core_cpu/u_core/u_backend/u_rename/srat_q_reg[21][5]/C (clocked by clk_out2_pll) and student_top_inst/Core_cpu/u_core/u_backend/dispatch_buffer_entry_q_reg[0][uop][imm_i][28]/D (clocked by clk_out2_pll). Large setup violations at the end of those stages might be difficult to fix during the post-placement implementation flow and could be the result of non-optimal XDC constraints or non-optimal design architecture
Related violations: <none>

TIMING-16#175 Warning
Large setup violation  
There is a large setup violation of -1.492 ns between student_top_inst/Core_cpu/u_core/u_backend/u_rename/srat_q_reg[21][5]/C (clocked by clk_out2_pll) and student_top_inst/Core_cpu/u_core/u_backend/dispatch_buffer_entry_q_reg[0][uop][imm_s][15]/D (clocked by clk_out2_pll). Large setup violations at the end of those stages might be difficult to fix during the post-placement implementation flow and could be the result of non-optimal XDC constraints or non-optimal design architecture
Related violations: <none>

TIMING-16#176 Warning
Large setup violation  
There is a large setup violation of -1.493 ns between student_top_inst/Core_cpu/u_core/u_backend/u_rename/srat_q_reg[21][5]/C (clocked by clk_out2_pll) and student_top_inst/Core_cpu/u_core/u_backend/dispatch_buffer_entry_q_reg[1][uop][imm_b][29]/D (clocked by clk_out2_pll). Large setup violations at the end of those stages might be difficult to fix during the post-placement implementation flow and could be the result of non-optimal XDC constraints or non-optimal design architecture
Related violations: <none>

TIMING-16#177 Warning
Large setup violation  
There is a large setup violation of -1.493 ns between student_top_inst/Core_cpu/u_core/u_backend/u_rename/srat_q_reg[21][5]/C (clocked by clk_out2_pll) and student_top_inst/Core_cpu/u_core/u_backend/dispatch_buffer_entry_q_reg[1][uop][imm_b][2]/D (clocked by clk_out2_pll). Large setup violations at the end of those stages might be difficult to fix during the post-placement implementation flow and could be the result of non-optimal XDC constraints or non-optimal design architecture
Related violations: <none>

TIMING-16#178 Warning
Large setup violation  
There is a large setup violation of -1.495 ns between student_top_inst/Core_cpu/u_core/u_backend/u_execute/mem_req_count_q_reg[1]/C (clocked by clk_out2_pll) and student_top_inst/Core_cpu/storeWriteAddr_q_reg[17]/CE (clocked by clk_out2_pll). Large setup violations at the end of those stages might be difficult to fix during the post-placement implementation flow and could be the result of non-optimal XDC constraints or non-optimal design architecture
Related violations: <none>

TIMING-16#179 Warning
Large setup violation  
There is a large setup violation of -1.495 ns between student_top_inst/Core_cpu/u_core/u_backend/u_execute/mem_req_count_q_reg[1]/C (clocked by clk_out2_pll) and student_top_inst/Core_cpu/storeWriteAddr_q_reg[23]/CE (clocked by clk_out2_pll). Large setup violations at the end of those stages might be difficult to fix during the post-placement implementation flow and could be the result of non-optimal XDC constraints or non-optimal design architecture
Related violations: <none>

TIMING-16#180 Warning
Large setup violation  
There is a large setup violation of -1.495 ns between student_top_inst/Core_cpu/u_core/u_backend/u_execute/mem_req_count_q_reg[1]/C (clocked by clk_out2_pll) and student_top_inst/Core_cpu/storeWriteAddr_q_reg[5]/CE (clocked by clk_out2_pll). Large setup violations at the end of those stages might be difficult to fix during the post-placement implementation flow and could be the result of non-optimal XDC constraints or non-optimal design architecture
Related violations: <none>

TIMING-16#181 Warning
Large setup violation  
There is a large setup violation of -1.495 ns between student_top_inst/Core_cpu/u_core/u_backend/u_execute/mem_req_count_q_reg[1]/C (clocked by clk_out2_pll) and student_top_inst/Core_cpu/storeWriteAddr_q_reg[8]/CE (clocked by clk_out2_pll). Large setup violations at the end of those stages might be difficult to fix during the post-placement implementation flow and could be the result of non-optimal XDC constraints or non-optimal design architecture
Related violations: <none>

TIMING-16#182 Warning
Large setup violation  
There is a large setup violation of -1.495 ns between student_top_inst/Core_cpu/u_core/u_backend/u_rename/srat_q_reg[21][5]/C (clocked by clk_out2_pll) and student_top_inst/Core_cpu/u_core/u_backend/dispatch_buffer_entry_q_reg[0][uop][pred_target][20]/D (clocked by clk_out2_pll). Large setup violations at the end of those stages might be difficult to fix during the post-placement implementation flow and could be the result of non-optimal XDC constraints or non-optimal design architecture
Related violations: <none>

TIMING-16#183 Warning
Large setup violation  
There is a large setup violation of -1.496 ns between student_top_inst/Core_cpu/u_core/u_backend/u_rename/srat_q_reg[21][5]/C (clocked by clk_out2_pll) and student_top_inst/Core_cpu/u_core/u_backend/dispatch_buffer_entry_q_reg[0][uop][inst][11]/D (clocked by clk_out2_pll). Large setup violations at the end of those stages might be difficult to fix during the post-placement implementation flow and could be the result of non-optimal XDC constraints or non-optimal design architecture
Related violations: <none>

TIMING-16#184 Warning
Large setup violation  
There is a large setup violation of -1.496 ns between student_top_inst/Core_cpu/u_core/u_backend/u_rename/srat_q_reg[21][5]/C (clocked by clk_out2_pll) and student_top_inst/Core_cpu/u_core/u_backend/dispatch_buffer_entry_q_reg[1][old_prd][5]/D (clocked by clk_out2_pll). Large setup violations at the end of those stages might be difficult to fix during the post-placement implementation flow and could be the result of non-optimal XDC constraints or non-optimal design architecture
Related violations: <none>

TIMING-16#185 Warning
Large setup violation  
There is a large setup violation of -1.498 ns between student_top_inst/Core_cpu/u_core/u_backend/u_rename/srat_q_reg[21][5]/C (clocked by clk_out2_pll) and student_top_inst/Core_cpu/u_core/u_backend/dispatch_buffer_entry_q_reg[0][uop][imm_i][16]/D (clocked by clk_out2_pll). Large setup violations at the end of those stages might be difficult to fix during the post-placement implementation flow and could be the result of non-optimal XDC constraints or non-optimal design architecture
Related violations: <none>

TIMING-16#186 Warning
Large setup violation  
There is a large setup violation of -1.498 ns between student_top_inst/Core_cpu/u_core/u_backend/u_rename/srat_q_reg[21][5]/C (clocked by clk_out2_pll) and student_top_inst/Core_cpu/u_core/u_backend/dispatch_buffer_entry_q_reg[0][uop][inst][10]/D (clocked by clk_out2_pll). Large setup violations at the end of those stages might be difficult to fix during the post-placement implementation flow and could be the result of non-optimal XDC constraints or non-optimal design architecture
Related violations: <none>

TIMING-16#187 Warning
Large setup violation  
There is a large setup violation of -1.499 ns between student_top_inst/Core_cpu/u_core/u_backend/u_rename/srat_q_reg[21][5]/C (clocked by clk_out2_pll) and student_top_inst/Core_cpu/u_core/u_backend/dispatch_buffer_entry_q_reg[0][uop][inst][29]/D (clocked by clk_out2_pll). Large setup violations at the end of those stages might be difficult to fix during the post-placement implementation flow and could be the result of non-optimal XDC constraints or non-optimal design architecture
Related violations: <none>

TIMING-16#188 Warning
Large setup violation  
There is a large setup violation of -1.500 ns between student_top_inst/Core_cpu/u_core/u_backend/u_execute/mem_req_count_q_reg[1]/C (clocked by clk_out2_pll) and student_top_inst/Core_cpu/storeWriteAddr_q_reg[31]/CE (clocked by clk_out2_pll). Large setup violations at the end of those stages might be difficult to fix during the post-placement implementation flow and could be the result of non-optimal XDC constraints or non-optimal design architecture
Related violations: <none>

TIMING-16#189 Warning
Large setup violation  
There is a large setup violation of -1.500 ns between student_top_inst/Core_cpu/u_core/u_backend/u_execute/mem_req_count_q_reg[1]/C (clocked by clk_out2_pll) and student_top_inst/Core_cpu/storeWriteMask_q_reg[0]/CE (clocked by clk_out2_pll). Large setup violations at the end of those stages might be difficult to fix during the post-placement implementation flow and could be the result of non-optimal XDC constraints or non-optimal design architecture
Related violations: <none>

TIMING-16#190 Warning
Large setup violation  
There is a large setup violation of -1.500 ns between student_top_inst/Core_cpu/u_core/u_backend/u_execute/mem_req_count_q_reg[1]/C (clocked by clk_out2_pll) and student_top_inst/Core_cpu/storeWriteMask_q_reg[1]/CE (clocked by clk_out2_pll). Large setup violations at the end of those stages might be difficult to fix during the post-placement implementation flow and could be the result of non-optimal XDC constraints or non-optimal design architecture
Related violations: <none>

TIMING-16#191 Warning
Large setup violation  
There is a large setup violation of -1.500 ns between student_top_inst/Core_cpu/u_core/u_backend/u_execute/mem_req_count_q_reg[1]/C (clocked by clk_out2_pll) and student_top_inst/Core_cpu/storeWriteMask_q_reg[3]/CE (clocked by clk_out2_pll). Large setup violations at the end of those stages might be difficult to fix during the post-placement implementation flow and could be the result of non-optimal XDC constraints or non-optimal design architecture
Related violations: <none>

TIMING-16#192 Warning
Large setup violation  
There is a large setup violation of -1.500 ns between student_top_inst/Core_cpu/u_core/u_backend/u_rename/srat_q_reg[21][5]/C (clocked by clk_out2_pll) and student_top_inst/Core_cpu/u_core/u_backend/dispatch_buffer_entry_q_reg[1][uop][csr_addr][6]/D (clocked by clk_out2_pll). Large setup violations at the end of those stages might be difficult to fix during the post-placement implementation flow and could be the result of non-optimal XDC constraints or non-optimal design architecture
Related violations: <none>

TIMING-16#193 Warning
Large setup violation  
There is a large setup violation of -1.501 ns between student_top_inst/Core_cpu/u_core/u_backend/u_rename/srat_q_reg[13][2]/C (clocked by clk_out2_pll) and student_top_inst/Core_cpu/u_core/u_backend/dispatch_buffer_entry_q_reg[0][uop][imm_j][16]/D (clocked by clk_out2_pll). Large setup violations at the end of those stages might be difficult to fix during the post-placement implementation flow and could be the result of non-optimal XDC constraints or non-optimal design architecture
Related violations: <none>

TIMING-16#194 Warning
Large setup violation  
There is a large setup violation of -1.501 ns between student_top_inst/Core_cpu/u_core/u_backend/u_rename/srat_q_reg[21][5]/C (clocked by clk_out2_pll) and student_top_inst/Core_cpu/u_core/u_backend/dispatch_buffer_entry_q_reg[1][old_prd][2]/D (clocked by clk_out2_pll). Large setup violations at the end of those stages might be difficult to fix during the post-placement implementation flow and could be the result of non-optimal XDC constraints or non-optimal design architecture
Related violations: <none>

TIMING-16#195 Warning
Large setup violation  
There is a large setup violation of -1.502 ns between student_top_inst/Core_cpu/u_core/u_backend/u_rename/srat_q_reg[21][5]/C (clocked by clk_out2_pll) and student_top_inst/Core_cpu/u_core/u_backend/dispatch_buffer_entry_q_reg[0][uop][imm_s][27]/D (clocked by clk_out2_pll). Large setup violations at the end of those stages might be difficult to fix during the post-placement implementation flow and could be the result of non-optimal XDC constraints or non-optimal design architecture
Related violations: <none>

TIMING-16#196 Warning
Large setup violation  
There is a large setup violation of -1.502 ns between student_top_inst/Core_cpu/u_core/u_backend/u_rename/srat_q_reg[21][5]/C (clocked by clk_out2_pll) and student_top_inst/Core_cpu/u_core/u_backend/dispatch_buffer_entry_q_reg[0][uop][pred_target][23]/D (clocked by clk_out2_pll). Large setup violations at the end of those stages might be difficult to fix during the post-placement implementation flow and could be the result of non-optimal XDC constraints or non-optimal design architecture
Related violations: <none>

TIMING-16#197 Warning
Large setup violation  
There is a large setup violation of -1.504 ns between student_top_inst/Core_cpu/u_core/u_backend/u_rename/srat_q_reg[21][5]/C (clocked by clk_out2_pll) and student_top_inst/Core_cpu/u_core/u_backend/dispatch_buffer_entry_q_reg[0][uop][alu_op][1]/D (clocked by clk_out2_pll). Large setup violations at the end of those stages might be difficult to fix during the post-placement implementation flow and could be the result of non-optimal XDC constraints or non-optimal design architecture
Related violations: <none>

TIMING-16#198 Warning
Large setup violation  
There is a large setup violation of -1.505 ns between student_top_inst/Core_cpu/u_core/u_backend/u_rename/srat_q_reg[13][2]/C (clocked by clk_out2_pll) and student_top_inst/Core_cpu/u_core/u_backend/dispatch_buffer_entry_q_reg[0][uop][imm_j][5]/D (clocked by clk_out2_pll). Large setup violations at the end of those stages might be difficult to fix during the post-placement implementation flow and could be the result of non-optimal XDC constraints or non-optimal design architecture
Related violations: <none>

TIMING-16#199 Warning
Large setup violation  
There is a large setup violation of -1.505 ns between student_top_inst/Core_cpu/u_core/u_backend/u_rename/srat_q_reg[21][5]/C (clocked by clk_out2_pll) and student_top_inst/Core_cpu/u_core/u_backend/dispatch_buffer_entry_q_reg[0][uop][inst][15]/D (clocked by clk_out2_pll). Large setup violations at the end of those stages might be difficult to fix during the post-placement implementation flow and could be the result of non-optimal XDC constraints or non-optimal design architecture
Related violations: <none>

TIMING-16#200 Warning
Large setup violation  
There is a large setup violation of -1.505 ns between student_top_inst/Core_cpu/u_core/u_backend/u_rename/srat_q_reg[21][5]/C (clocked by clk_out2_pll) and student_top_inst/Core_cpu/u_core/u_backend/dispatch_buffer_entry_q_reg[0][uop][pc][26]/D (clocked by clk_out2_pll). Large setup violations at the end of those stages might be difficult to fix during the post-placement implementation flow and could be the result of non-optimal XDC constraints or non-optimal design architecture
Related violations: <none>

TIMING-16#201 Warning
Large setup violation  
There is a large setup violation of -1.505 ns between student_top_inst/Core_cpu/u_core/u_backend/u_rename/srat_q_reg[21][5]/C (clocked by clk_out2_pll) and student_top_inst/Core_cpu/u_core/u_backend/dispatch_buffer_entry_q_reg[0][uop][pred_target][29]/D (clocked by clk_out2_pll). Large setup violations at the end of those stages might be difficult to fix during the post-placement implementation flow and could be the result of non-optimal XDC constraints or non-optimal design architecture
Related violations: <none>

TIMING-16#202 Warning
Large setup violation  
There is a large setup violation of -1.506 ns between student_top_inst/Core_cpu/u_core/u_backend/u_rename/srat_q_reg[21][5]/C (clocked by clk_out2_pll) and student_top_inst/Core_cpu/u_core/u_backend/dispatch_buffer_entry_q_reg[0][uop][pred_target][28]/D (clocked by clk_out2_pll). Large setup violations at the end of those stages might be difficult to fix during the post-placement implementation flow and could be the result of non-optimal XDC constraints or non-optimal design architecture
Related violations: <none>

TIMING-16#203 Warning
Large setup violation  
There is a large setup violation of -1.507 ns between student_top_inst/Core_cpu/u_core/u_backend/u_rename/srat_q_reg[21][5]/C (clocked by clk_out2_pll) and student_top_inst/Core_cpu/u_core/u_backend/dispatch_buffer_entry_q_reg[0][uop][inst][17]/D (clocked by clk_out2_pll). Large setup violations at the end of those stages might be difficult to fix during the post-placement implementation flow and could be the result of non-optimal XDC constraints or non-optimal design architecture
Related violations: <none>

TIMING-16#204 Warning
Large setup violation  
There is a large setup violation of -1.507 ns between student_top_inst/Core_cpu/u_core/u_backend/u_rename/srat_q_reg[21][5]/C (clocked by clk_out2_pll) and student_top_inst/Core_cpu/u_core/u_backend/dispatch_buffer_entry_q_reg[1][uop][imm_j][13]/D (clocked by clk_out2_pll). Large setup violations at the end of those stages might be difficult to fix during the post-placement implementation flow and could be the result of non-optimal XDC constraints or non-optimal design architecture
Related violations: <none>

TIMING-16#205 Warning
Large setup violation  
There is a large setup violation of -1.508 ns between student_top_inst/Core_cpu/u_core/u_backend/u_rename/srat_q_reg[21][5]/C (clocked by clk_out2_pll) and student_top_inst/Core_cpu/u_core/u_backend/dispatch_buffer_entry_q_reg[0][uop][inst][13]/D (clocked by clk_out2_pll). Large setup violations at the end of those stages might be difficult to fix during the post-placement implementation flow and could be the result of non-optimal XDC constraints or non-optimal design architecture
Related violations: <none>

TIMING-16#206 Warning
Large setup violation  
There is a large setup violation of -1.509 ns between student_top_inst/Core_cpu/u_core/u_backend/u_rename/srat_q_reg[21][5]/C (clocked by clk_out2_pll) and student_top_inst/Core_cpu/u_core/u_backend/dispatch_buffer_entry_q_reg[1][uop][imm_b][28]/D (clocked by clk_out2_pll). Large setup violations at the end of those stages might be difficult to fix during the post-placement implementation flow and could be the result of non-optimal XDC constraints or non-optimal design architecture
Related violations: <none>

TIMING-16#207 Warning
Large setup violation  
There is a large setup violation of -1.510 ns between student_top_inst/Core_cpu/u_core/u_backend/u_rename/srat_q_reg[21][5]/C (clocked by clk_out2_pll) and student_top_inst/Core_cpu/u_core/u_backend/dispatch_buffer_entry_q_reg[0][uop][imm_b][2]/D (clocked by clk_out2_pll). Large setup violations at the end of those stages might be difficult to fix during the post-placement implementation flow and could be the result of non-optimal XDC constraints or non-optimal design architecture
Related violations: <none>

TIMING-16#208 Warning
Large setup violation  
There is a large setup violation of -1.512 ns between student_top_inst/Core_cpu/u_core/u_backend/u_rename/srat_q_reg[21][5]/C (clocked by clk_out2_pll) and student_top_inst/Core_cpu/u_core/u_backend/dispatch_buffer_entry_q_reg[0][uop][imm_s][1]/D (clocked by clk_out2_pll). Large setup violations at the end of those stages might be difficult to fix during the post-placement implementation flow and could be the result of non-optimal XDC constraints or non-optimal design architecture
Related violations: <none>

TIMING-16#209 Warning
Large setup violation  
There is a large setup violation of -1.514 ns between student_top_inst/Core_cpu/u_core/u_backend/u_rename/srat_q_reg[21][5]/C (clocked by clk_out2_pll) and student_top_inst/Core_cpu/u_core/u_backend/dispatch_buffer_entry_q_reg[0][uop][inst][4]/D (clocked by clk_out2_pll). Large setup violations at the end of those stages might be difficult to fix during the post-placement implementation flow and could be the result of non-optimal XDC constraints or non-optimal design architecture
Related violations: <none>

TIMING-16#210 Warning
Large setup violation  
There is a large setup violation of -1.515 ns between student_top_inst/Core_cpu/u_core/u_backend/u_rename/srat_q_reg[21][5]/C (clocked by clk_out2_pll) and student_top_inst/Core_cpu/u_core/u_backend/dispatch_buffer_entry_q_reg[0][uop][inst][19]/D (clocked by clk_out2_pll). Large setup violations at the end of those stages might be difficult to fix during the post-placement implementation flow and could be the result of non-optimal XDC constraints or non-optimal design architecture
Related violations: <none>

TIMING-16#211 Warning
Large setup violation  
There is a large setup violation of -1.515 ns between student_top_inst/Core_cpu/u_core/u_backend/u_rename/srat_q_reg[21][5]/C (clocked by clk_out2_pll) and student_top_inst/Core_cpu/u_core/u_backend/dispatch_buffer_entry_q_reg[1][old_prd][3]/D (clocked by clk_out2_pll). Large setup violations at the end of those stages might be difficult to fix during the post-placement implementation flow and could be the result of non-optimal XDC constraints or non-optimal design architecture
Related violations: <none>

TIMING-16#212 Warning
Large setup violation  
There is a large setup violation of -1.515 ns between student_top_inst/Core_cpu/u_core/u_backend/u_rename/srat_q_reg[21][5]/C (clocked by clk_out2_pll) and student_top_inst/Core_cpu/u_core/u_backend/dispatch_buffer_entry_q_reg[1][old_prd][4]/D (clocked by clk_out2_pll). Large setup violations at the end of those stages might be difficult to fix during the post-placement implementation flow and could be the result of non-optimal XDC constraints or non-optimal design architecture
Related violations: <none>

TIMING-16#213 Warning
Large setup violation  
There is a large setup violation of -1.519 ns between student_top_inst/Core_cpu/u_core/u_backend/u_execute/mem_req_count_q_reg[1]/C (clocked by clk_out2_pll) and student_top_inst/Core_cpu/storeWriteAddr_q_reg[2]/CE (clocked by clk_out2_pll). Large setup violations at the end of those stages might be difficult to fix during the post-placement implementation flow and could be the result of non-optimal XDC constraints or non-optimal design architecture
Related violations: <none>

TIMING-16#214 Warning
Large setup violation  
There is a large setup violation of -1.519 ns between student_top_inst/Core_cpu/u_core/u_backend/u_rename/srat_q_reg[21][5]/C (clocked by clk_out2_pll) and student_top_inst/Core_cpu/u_core/u_backend/dispatch_buffer_entry_q_reg[0][uop][imm_u][25]/D (clocked by clk_out2_pll). Large setup violations at the end of those stages might be difficult to fix during the post-placement implementation flow and could be the result of non-optimal XDC constraints or non-optimal design architecture
Related violations: <none>

TIMING-16#215 Warning
Large setup violation  
There is a large setup violation of -1.521 ns between student_top_inst/Core_cpu/u_core/u_backend/u_rename/srat_q_reg[21][5]/C (clocked by clk_out2_pll) and student_top_inst/Core_cpu/u_core/u_backend/dispatch_buffer_entry_q_reg[0][uop][imm_i][9]/D (clocked by clk_out2_pll). Large setup violations at the end of those stages might be difficult to fix during the post-placement implementation flow and could be the result of non-optimal XDC constraints or non-optimal design architecture
Related violations: <none>

TIMING-16#216 Warning
Large setup violation  
There is a large setup violation of -1.521 ns between student_top_inst/Core_cpu/u_core/u_backend/u_rename/srat_q_reg[21][5]/C (clocked by clk_out2_pll) and student_top_inst/Core_cpu/u_core/u_backend/dispatch_buffer_entry_q_reg[0][uop][imm_u][29]/D (clocked by clk_out2_pll). Large setup violations at the end of those stages might be difficult to fix during the post-placement implementation flow and could be the result of non-optimal XDC constraints or non-optimal design architecture
Related violations: <none>

TIMING-16#217 Warning
Large setup violation  
There is a large setup violation of -1.521 ns between student_top_inst/Core_cpu/u_core/u_backend/u_rename/srat_q_reg[21][5]/C (clocked by clk_out2_pll) and student_top_inst/Core_cpu/u_core/u_backend/dispatch_buffer_entry_q_reg[1][uop][imm_i][3]/D (clocked by clk_out2_pll). Large setup violations at the end of those stages might be difficult to fix during the post-placement implementation flow and could be the result of non-optimal XDC constraints or non-optimal design architecture
Related violations: <none>

TIMING-16#218 Warning
Large setup violation  
There is a large setup violation of -1.523 ns between student_top_inst/Core_cpu/u_core/u_backend/u_rename/srat_q_reg[21][5]/C (clocked by clk_out2_pll) and student_top_inst/Core_cpu/u_core/u_backend/dispatch_buffer_entry_q_reg[0][uop][alu_op][0]/D (clocked by clk_out2_pll). Large setup violations at the end of those stages might be difficult to fix during the post-placement implementation flow and could be the result of non-optimal XDC constraints or non-optimal design architecture
Related violations: <none>

TIMING-16#219 Warning
Large setup violation  
There is a large setup violation of -1.523 ns between student_top_inst/Core_cpu/u_core/u_backend/u_rename/srat_q_reg[21][5]/C (clocked by clk_out2_pll) and student_top_inst/Core_cpu/u_core/u_backend/dispatch_buffer_entry_q_reg[0][uop][imm_i][10]/D (clocked by clk_out2_pll). Large setup violations at the end of those stages might be difficult to fix during the post-placement implementation flow and could be the result of non-optimal XDC constraints or non-optimal design architecture
Related violations: <none>

TIMING-16#220 Warning
Large setup violation  
There is a large setup violation of -1.523 ns between student_top_inst/Core_cpu/u_core/u_backend/u_rename/srat_q_reg[21][5]/C (clocked by clk_out2_pll) and student_top_inst/Core_cpu/u_core/u_backend/dispatch_buffer_entry_q_reg[1][uop][csr_addr][2]/D (clocked by clk_out2_pll). Large setup violations at the end of those stages might be difficult to fix during the post-placement implementation flow and could be the result of non-optimal XDC constraints or non-optimal design architecture
Related violations: <none>

TIMING-16#221 Warning
Large setup violation  
There is a large setup violation of -1.524 ns between student_top_inst/Core_cpu/u_core/u_backend/u_rename/srat_q_reg[21][5]/C (clocked by clk_out2_pll) and student_top_inst/Core_cpu/u_core/u_backend/dispatch_buffer_entry_q_reg[1][uop][alu_op][3]/D (clocked by clk_out2_pll). Large setup violations at the end of those stages might be difficult to fix during the post-placement implementation flow and could be the result of non-optimal XDC constraints or non-optimal design architecture
Related violations: <none>

TIMING-16#222 Warning
Large setup violation  
There is a large setup violation of -1.526 ns between student_top_inst/Core_cpu/u_core/u_backend/u_rename/srat_q_reg[21][5]/C (clocked by clk_out2_pll) and student_top_inst/Core_cpu/u_core/u_backend/dispatch_buffer_entry_q_reg[0][uop][pc][22]/D (clocked by clk_out2_pll). Large setup violations at the end of those stages might be difficult to fix during the post-placement implementation flow and could be the result of non-optimal XDC constraints or non-optimal design architecture
Related violations: <none>

TIMING-16#223 Warning
Large setup violation  
There is a large setup violation of -1.526 ns between student_top_inst/Core_cpu/u_core/u_backend/u_rename/srat_q_reg[21][5]/C (clocked by clk_out2_pll) and student_top_inst/Core_cpu/u_core/u_backend/dispatch_buffer_entry_q_reg[0][uop][pc][3]/D (clocked by clk_out2_pll). Large setup violations at the end of those stages might be difficult to fix during the post-placement implementation flow and could be the result of non-optimal XDC constraints or non-optimal design architecture
Related violations: <none>

TIMING-16#224 Warning
Large setup violation  
There is a large setup violation of -1.527 ns between student_top_inst/Core_cpu/u_core/u_backend/u_rename/srat_q_reg[13][2]/C (clocked by clk_out2_pll) and student_top_inst/Core_cpu/u_core/u_backend/dispatch_buffer_entry_q_reg[0][uop][imm_s][16]/D (clocked by clk_out2_pll). Large setup violations at the end of those stages might be difficult to fix during the post-placement implementation flow and could be the result of non-optimal XDC constraints or non-optimal design architecture
Related violations: <none>

TIMING-16#225 Warning
Large setup violation  
There is a large setup violation of -1.527 ns between student_top_inst/Core_cpu/u_core/u_backend/u_rename/srat_q_reg[21][5]/C (clocked by clk_out2_pll) and student_top_inst/Core_cpu/u_core/u_backend/dispatch_buffer_entry_q_reg[0][uop][imm_s][18]/D (clocked by clk_out2_pll). Large setup violations at the end of those stages might be difficult to fix during the post-placement implementation flow and could be the result of non-optimal XDC constraints or non-optimal design architecture
Related violations: <none>

TIMING-16#226 Warning
Large setup violation  
There is a large setup violation of -1.528 ns between student_top_inst/Core_cpu/u_core/u_backend/u_rename/srat_q_reg[21][5]/C (clocked by clk_out2_pll) and student_top_inst/Core_cpu/u_core/u_backend/dispatch_buffer_entry_q_reg[0][uop][pred_target][1]/D (clocked by clk_out2_pll). Large setup violations at the end of those stages might be difficult to fix during the post-placement implementation flow and could be the result of non-optimal XDC constraints or non-optimal design architecture
Related violations: <none>

TIMING-16#227 Warning
Large setup violation  
There is a large setup violation of -1.529 ns between student_top_inst/Core_cpu/u_core/u_backend/u_rename/srat_q_reg[21][5]/C (clocked by clk_out2_pll) and student_top_inst/Core_cpu/u_core/u_backend/dispatch_buffer_entry_q_reg[0][uop][pc][20]/D (clocked by clk_out2_pll). Large setup violations at the end of those stages might be difficult to fix during the post-placement implementation flow and could be the result of non-optimal XDC constraints or non-optimal design architecture
Related violations: <none>

TIMING-16#228 Warning
Large setup violation  
There is a large setup violation of -1.529 ns between student_top_inst/Core_cpu/u_core/u_backend/u_rename/srat_q_reg[21][5]/C (clocked by clk_out2_pll) and student_top_inst/Core_cpu/u_core/u_backend/dispatch_buffer_entry_q_reg[1][uop][alu_op][1]/D (clocked by clk_out2_pll). Large setup violations at the end of those stages might be difficult to fix during the post-placement implementation flow and could be the result of non-optimal XDC constraints or non-optimal design architecture
Related violations: <none>

TIMING-16#229 Warning
Large setup violation  
There is a large setup violation of -1.530 ns between student_top_inst/Core_cpu/u_core/u_backend/u_rename/srat_q_reg[13][2]/C (clocked by clk_out2_pll) and student_top_inst/Core_cpu/u_core/u_backend/dispatch_buffer_entry_q_reg[0][uop][imm_j][18]/D (clocked by clk_out2_pll). Large setup violations at the end of those stages might be difficult to fix during the post-placement implementation flow and could be the result of non-optimal XDC constraints or non-optimal design architecture
Related violations: <none>

TIMING-16#230 Warning
Large setup violation  
There is a large setup violation of -1.532 ns between student_top_inst/Core_cpu/u_core/u_backend/u_rename/srat_q_reg[13][2]/C (clocked by clk_out2_pll) and student_top_inst/Core_cpu/u_core/u_backend/dispatch_buffer_entry_q_reg[0][uop][imm_j][24]/D (clocked by clk_out2_pll). Large setup violations at the end of those stages might be difficult to fix during the post-placement implementation flow and could be the result of non-optimal XDC constraints or non-optimal design architecture
Related violations: <none>

TIMING-16#231 Warning
Large setup violation  
There is a large setup violation of -1.535 ns between student_top_inst/Core_cpu/u_core/u_backend/u_rename/srat_q_reg[13][2]/C (clocked by clk_out2_pll) and student_top_inst/Core_cpu/u_core/u_backend/dispatch_buffer_entry_q_reg[0][uop][imm_b][4]/D (clocked by clk_out2_pll). Large setup violations at the end of those stages might be difficult to fix during the post-placement implementation flow and could be the result of non-optimal XDC constraints or non-optimal design architecture
Related violations: <none>

TIMING-16#232 Warning
Large setup violation  
There is a large setup violation of -1.535 ns between student_top_inst/Core_cpu/u_core/u_backend/u_rename/srat_q_reg[21][5]/C (clocked by clk_out2_pll) and student_top_inst/Core_cpu/u_core/u_backend/dispatch_buffer_entry_q_reg[0][uop][pc][25]/D (clocked by clk_out2_pll). Large setup violations at the end of those stages might be difficult to fix during the post-placement implementation flow and could be the result of non-optimal XDC constraints or non-optimal design architecture
Related violations: <none>

TIMING-16#233 Warning
Large setup violation  
There is a large setup violation of -1.535 ns between student_top_inst/Core_cpu/u_core/u_backend/u_rename/srat_q_reg[21][5]/C (clocked by clk_out2_pll) and student_top_inst/Core_cpu/u_core/u_backend/dispatch_buffer_entry_q_reg[0][uop][pred_target][22]/D (clocked by clk_out2_pll). Large setup violations at the end of those stages might be difficult to fix during the post-placement implementation flow and could be the result of non-optimal XDC constraints or non-optimal design architecture
Related violations: <none>

TIMING-16#234 Warning
Large setup violation  
There is a large setup violation of -1.537 ns between student_top_inst/Core_cpu/u_core/u_backend/u_execute/mem_req_count_q_reg[1]/C (clocked by clk_out2_pll) and student_top_inst/Core_cpu/storeWriteData_q_reg[12]/CE (clocked by clk_out2_pll). Large setup violations at the end of those stages might be difficult to fix during the post-placement implementation flow and could be the result of non-optimal XDC constraints or non-optimal design architecture
Related violations: <none>

TIMING-16#235 Warning
Large setup violation  
There is a large setup violation of -1.537 ns between student_top_inst/Core_cpu/u_core/u_backend/u_execute/mem_req_count_q_reg[1]/C (clocked by clk_out2_pll) and student_top_inst/Core_cpu/storeWriteData_q_reg[13]/CE (clocked by clk_out2_pll). Large setup violations at the end of those stages might be difficult to fix during the post-placement implementation flow and could be the result of non-optimal XDC constraints or non-optimal design architecture
Related violations: <none>

TIMING-16#236 Warning
Large setup violation  
There is a large setup violation of -1.537 ns between student_top_inst/Core_cpu/u_core/u_backend/u_execute/mem_req_count_q_reg[1]/C (clocked by clk_out2_pll) and student_top_inst/Core_cpu/storeWriteData_q_reg[14]/CE (clocked by clk_out2_pll). Large setup violations at the end of those stages might be difficult to fix during the post-placement implementation flow and could be the result of non-optimal XDC constraints or non-optimal design architecture
Related violations: <none>

TIMING-16#237 Warning
Large setup violation  
There is a large setup violation of -1.537 ns between student_top_inst/Core_cpu/u_core/u_backend/u_execute/mem_req_count_q_reg[1]/C (clocked by clk_out2_pll) and student_top_inst/Core_cpu/storeWriteData_q_reg[15]/CE (clocked by clk_out2_pll). Large setup violations at the end of those stages might be difficult to fix during the post-placement implementation flow and could be the result of non-optimal XDC constraints or non-optimal design architecture
Related violations: <none>

TIMING-16#238 Warning
Large setup violation  
There is a large setup violation of -1.538 ns between student_top_inst/Core_cpu/u_core/u_backend/u_rename/srat_q_reg[21][5]/C (clocked by clk_out2_pll) and student_top_inst/Core_cpu/u_core/u_backend/dispatch_buffer_entry_q_reg[0][old_prd][0]/D (clocked by clk_out2_pll). Large setup violations at the end of those stages might be difficult to fix during the post-placement implementation flow and could be the result of non-optimal XDC constraints or non-optimal design architecture
Related violations: <none>

TIMING-16#239 Warning
Large setup violation  
There is a large setup violation of -1.540 ns between student_top_inst/Core_cpu/u_core/u_backend/u_rename/srat_q_reg[21][5]/C (clocked by clk_out2_pll) and student_top_inst/Core_cpu/u_core/u_backend/dispatch_buffer_entry_q_reg[1][uop][imm_b][27]/D (clocked by clk_out2_pll). Large setup violations at the end of those stages might be difficult to fix during the post-placement implementation flow and could be the result of non-optimal XDC constraints or non-optimal design architecture
Related violations: <none>

TIMING-16#240 Warning
Large setup violation  
There is a large setup violation of -1.540 ns between student_top_inst/Core_cpu/u_core/u_backend/u_rename/srat_q_reg[21][5]/C (clocked by clk_out2_pll) and student_top_inst/Core_cpu/u_core/u_backend/dispatch_buffer_entry_q_reg[1][uop][imm_i][20]/D (clocked by clk_out2_pll). Large setup violations at the end of those stages might be difficult to fix during the post-placement implementation flow and could be the result of non-optimal XDC constraints or non-optimal design architecture
Related violations: <none>

TIMING-16#241 Warning
Large setup violation  
There is a large setup violation of -1.542 ns between student_top_inst/Core_cpu/u_core/u_backend/u_rename/srat_q_reg[21][5]/C (clocked by clk_out2_pll) and student_top_inst/Core_cpu/u_core/u_backend/dispatch_buffer_entry_q_reg[0][uop][pred_target][15]/D (clocked by clk_out2_pll). Large setup violations at the end of those stages might be difficult to fix during the post-placement implementation flow and could be the result of non-optimal XDC constraints or non-optimal design architecture
Related violations: <none>

TIMING-16#242 Warning
Large setup violation  
There is a large setup violation of -1.542 ns between student_top_inst/Core_cpu/u_core/u_backend/u_rename/srat_q_reg[21][5]/C (clocked by clk_out2_pll) and student_top_inst/Core_cpu/u_core/u_backend/dispatch_buffer_entry_q_reg[0][uop][pred_target][9]/D (clocked by clk_out2_pll). Large setup violations at the end of those stages might be difficult to fix during the post-placement implementation flow and could be the result of non-optimal XDC constraints or non-optimal design architecture
Related violations: <none>

TIMING-16#243 Warning
Large setup violation  
There is a large setup violation of -1.544 ns between student_top_inst/Core_cpu/u_core/u_backend/u_rename/srat_q_reg[21][5]/C (clocked by clk_out2_pll) and student_top_inst/Core_cpu/u_core/u_backend/dispatch_buffer_entry_q_reg[0][uop][imm_b][22]/D (clocked by clk_out2_pll). Large setup violations at the end of those stages might be difficult to fix during the post-placement implementation flow and could be the result of non-optimal XDC constraints or non-optimal design architecture
Related violations: <none>

TIMING-16#244 Warning
Large setup violation  
There is a large setup violation of -1.545 ns between student_top_inst/Core_cpu/u_core/u_backend/u_rename/srat_q_reg[13][2]/C (clocked by clk_out2_pll) and student_top_inst/Core_cpu/u_core/u_backend/dispatch_buffer_entry_q_reg[0][uop][imm_s][19]/D (clocked by clk_out2_pll). Large setup violations at the end of those stages might be difficult to fix during the post-placement implementation flow and could be the result of non-optimal XDC constraints or non-optimal design architecture
Related violations: <none>

TIMING-16#245 Warning
Large setup violation  
There is a large setup violation of -1.546 ns between student_top_inst/Core_cpu/u_core/u_backend/u_rename/srat_q_reg[21][5]/C (clocked by clk_out2_pll) and student_top_inst/Core_cpu/u_core/u_backend/dispatch_buffer_entry_q_reg[0][uop][csr_addr][1]/D (clocked by clk_out2_pll). Large setup violations at the end of those stages might be difficult to fix during the post-placement implementation flow and could be the result of non-optimal XDC constraints or non-optimal design architecture
Related violations: <none>

TIMING-16#246 Warning
Large setup violation  
There is a large setup violation of -1.547 ns between student_top_inst/Core_cpu/u_core/u_backend/u_rename/srat_q_reg[21][5]/C (clocked by clk_out2_pll) and student_top_inst/Core_cpu/u_core/u_backend/dispatch_buffer_entry_q_reg[0][uop][imm_b][20]/D (clocked by clk_out2_pll). Large setup violations at the end of those stages might be difficult to fix during the post-placement implementation flow and could be the result of non-optimal XDC constraints or non-optimal design architecture
Related violations: <none>

TIMING-16#247 Warning
Large setup violation  
There is a large setup violation of -1.547 ns between student_top_inst/Core_cpu/u_core/u_backend/u_rename/srat_q_reg[21][5]/C (clocked by clk_out2_pll) and student_top_inst/Core_cpu/u_core/u_backend/dispatch_buffer_entry_q_reg[0][uop][pred_target][7]/D (clocked by clk_out2_pll). Large setup violations at the end of those stages might be difficult to fix during the post-placement implementation flow and could be the result of non-optimal XDC constraints or non-optimal design architecture
Related violations: <none>

TIMING-16#248 Warning
Large setup violation  
There is a large setup violation of -1.548 ns between student_top_inst/Core_cpu/u_core/u_backend/u_rename/srat_q_reg[21][5]/C (clocked by clk_out2_pll) and student_top_inst/Core_cpu/u_core/u_backend/dispatch_buffer_entry_q_reg[0][prs2][4]/D (clocked by clk_out2_pll). Large setup violations at the end of those stages might be difficult to fix during the post-placement implementation flow and could be the result of non-optimal XDC constraints or non-optimal design architecture
Related violations: <none>

TIMING-16#249 Warning
Large setup violation  
There is a large setup violation of -1.551 ns between student_top_inst/Core_cpu/u_core/u_backend/u_rename/srat_q_reg[21][5]/C (clocked by clk_out2_pll) and student_top_inst/Core_cpu/u_core/u_backend/dispatch_buffer_entry_q_reg[0][prd][1]/D (clocked by clk_out2_pll). Large setup violations at the end of those stages might be difficult to fix during the post-placement implementation flow and could be the result of non-optimal XDC constraints or non-optimal design architecture
Related violations: <none>

TIMING-16#250 Warning
Large setup violation  
There is a large setup violation of -1.551 ns between student_top_inst/Core_cpu/u_core/u_backend/u_rename/srat_q_reg[21][5]/C (clocked by clk_out2_pll) and student_top_inst/Core_cpu/u_core/u_backend/dispatch_buffer_entry_q_reg[0][uop][is_jalr]/D (clocked by clk_out2_pll). Large setup violations at the end of those stages might be difficult to fix during the post-placement implementation flow and could be the result of non-optimal XDC constraints or non-optimal design architecture
Related violations: <none>

TIMING-16#251 Warning
Large setup violation  
There is a large setup violation of -1.551 ns between student_top_inst/Core_cpu/u_core/u_backend/u_rename/srat_q_reg[21][5]/C (clocked by clk_out2_pll) and student_top_inst/Core_cpu/u_core/u_backend/dispatch_buffer_entry_q_reg[0][uop][mem_size][1]/D (clocked by clk_out2_pll). Large setup violations at the end of those stages might be difficult to fix during the post-placement implementation flow and could be the result of non-optimal XDC constraints or non-optimal design architecture
Related violations: <none>

TIMING-16#252 Warning
Large setup violation  
There is a large setup violation of -1.551 ns between student_top_inst/Core_cpu/u_core/u_backend/u_rename/srat_q_reg[21][5]/C (clocked by clk_out2_pll) and student_top_inst/Core_cpu/u_core/u_backend/dispatch_buffer_entry_q_reg[0][uop][pc][11]/D (clocked by clk_out2_pll). Large setup violations at the end of those stages might be difficult to fix during the post-placement implementation flow and could be the result of non-optimal XDC constraints or non-optimal design architecture
Related violations: <none>

TIMING-16#253 Warning
Large setup violation  
There is a large setup violation of -1.551 ns between student_top_inst/Core_cpu/u_core/u_backend/u_rename/srat_q_reg[21][5]/C (clocked by clk_out2_pll) and student_top_inst/Core_cpu/u_core/u_backend/dispatch_buffer_entry_q_reg[0][uop][pc][17]/D (clocked by clk_out2_pll). Large setup violations at the end of those stages might be difficult to fix during the post-placement implementation flow and could be the result of non-optimal XDC constraints or non-optimal design architecture
Related violations: <none>

TIMING-16#254 Warning
Large setup violation  
There is a large setup violation of -1.554 ns between student_top_inst/Core_cpu/u_core/u_backend/u_rename/srat_q_reg[21][5]/C (clocked by clk_out2_pll) and student_top_inst/Core_cpu/u_core/u_backend/dispatch_buffer_entry_q_reg[0][uop][imm_u][12]/D (clocked by clk_out2_pll). Large setup violations at the end of those stages might be difficult to fix during the post-placement implementation flow and could be the result of non-optimal XDC constraints or non-optimal design architecture
Related violations: <none>

TIMING-16#255 Warning
Large setup violation  
There is a large setup violation of -1.554 ns between student_top_inst/Core_cpu/u_core/u_backend/u_rename/srat_q_reg[21][5]/C (clocked by clk_out2_pll) and student_top_inst/Core_cpu/u_core/u_backend/dispatch_buffer_entry_q_reg[1][uop][imm_i][19]/D (clocked by clk_out2_pll). Large setup violations at the end of those stages might be difficult to fix during the post-placement implementation flow and could be the result of non-optimal XDC constraints or non-optimal design architecture
Related violations: <none>

TIMING-16#256 Warning
Large setup violation  
There is a large setup violation of -1.555 ns between student_top_inst/Core_cpu/u_core/u_backend/u_rename/srat_q_reg[21][5]/C (clocked by clk_out2_pll) and student_top_inst/Core_cpu/u_core/u_backend/dispatch_buffer_entry_q_reg[1][uop][exception_cause][0]/D (clocked by clk_out2_pll). Large setup violations at the end of those stages might be difficult to fix during the post-placement implementation flow and could be the result of non-optimal XDC constraints or non-optimal design architecture
Related violations: <none>

TIMING-16#257 Warning
Large setup violation  
There is a large setup violation of -1.555 ns between student_top_inst/Core_cpu/u_core/u_backend/u_rename/srat_q_reg[21][5]/C (clocked by clk_out2_pll) and student_top_inst/Core_cpu/u_core/u_backend/dispatch_buffer_entry_q_reg[1][uop][imm_b][26]/D (clocked by clk_out2_pll). Large setup violations at the end of those stages might be difficult to fix during the post-placement implementation flow and could be the result of non-optimal XDC constraints or non-optimal design architecture
Related violations: <none>

TIMING-16#258 Warning
Large setup violation  
There is a large setup violation of -1.556 ns between student_top_inst/Core_cpu/u_core/u_backend/u_rename/srat_q_reg[21][5]/C (clocked by clk_out2_pll) and student_top_inst/Core_cpu/u_core/u_backend/dispatch_buffer_entry_q_reg[0][uop][imm_u][13]/D (clocked by clk_out2_pll). Large setup violations at the end of those stages might be difficult to fix during the post-placement implementation flow and could be the result of non-optimal XDC constraints or non-optimal design architecture
Related violations: <none>

TIMING-16#259 Warning
Large setup violation  
There is a large setup violation of -1.557 ns between student_top_inst/Core_cpu/u_core/u_backend/u_rename/srat_q_reg[21][5]/C (clocked by clk_out2_pll) and student_top_inst/Core_cpu/u_core/u_backend/dispatch_buffer_entry_q_reg[0][uop][inst][1]/D (clocked by clk_out2_pll). Large setup violations at the end of those stages might be difficult to fix during the post-placement implementation flow and could be the result of non-optimal XDC constraints or non-optimal design architecture
Related violations: <none>

TIMING-16#260 Warning
Large setup violation  
There is a large setup violation of -1.557 ns between student_top_inst/Core_cpu/u_core/u_backend/u_rename/srat_q_reg[21][5]/C (clocked by clk_out2_pll) and student_top_inst/Core_cpu/u_core/u_backend/dispatch_buffer_entry_q_reg[0][uop][pc][21]/D (clocked by clk_out2_pll). Large setup violations at the end of those stages might be difficult to fix during the post-placement implementation flow and could be the result of non-optimal XDC constraints or non-optimal design architecture
Related violations: <none>

TIMING-16#261 Warning
Large setup violation  
There is a large setup violation of -1.557 ns between student_top_inst/Core_cpu/u_core/u_backend/u_rename/srat_q_reg[21][5]/C (clocked by clk_out2_pll) and student_top_inst/Core_cpu/u_core/u_backend/dispatch_buffer_entry_q_reg[0][uop][pred_target][19]/D (clocked by clk_out2_pll). Large setup violations at the end of those stages might be difficult to fix during the post-placement implementation flow and could be the result of non-optimal XDC constraints or non-optimal design architecture
Related violations: <none>

TIMING-16#262 Warning
Large setup violation  
There is a large setup violation of -1.557 ns between student_top_inst/Core_cpu/u_core/u_backend/u_rename/srat_q_reg[21][5]/C (clocked by clk_out2_pll) and student_top_inst/Core_cpu/u_core/u_backend/dispatch_buffer_entry_q_reg[1][uop][imm_i][9]/D (clocked by clk_out2_pll). Large setup violations at the end of those stages might be difficult to fix during the post-placement implementation flow and could be the result of non-optimal XDC constraints or non-optimal design architecture
Related violations: <none>

TIMING-16#263 Warning
Large setup violation  
There is a large setup violation of -1.558 ns between student_top_inst/Core_cpu/u_core/u_backend/u_rename/srat_q_reg[21][5]/C (clocked by clk_out2_pll) and student_top_inst/Core_cpu/u_core/u_backend/dispatch_buffer_entry_q_reg[1][uop][imm_b][11]/D (clocked by clk_out2_pll). Large setup violations at the end of those stages might be difficult to fix during the post-placement implementation flow and could be the result of non-optimal XDC constraints or non-optimal design architecture
Related violations: <none>

TIMING-16#264 Warning
Large setup violation  
There is a large setup violation of -1.559 ns between student_top_inst/Core_cpu/u_core/u_backend/u_rename/srat_q_reg[21][5]/C (clocked by clk_out2_pll) and student_top_inst/Core_cpu/u_core/u_backend/dispatch_buffer_entry_q_reg[0][uop][pred_target][21]/D (clocked by clk_out2_pll). Large setup violations at the end of those stages might be difficult to fix during the post-placement implementation flow and could be the result of non-optimal XDC constraints or non-optimal design architecture
Related violations: <none>

TIMING-16#265 Warning
Large setup violation  
There is a large setup violation of -1.560 ns between student_top_inst/Core_cpu/u_core/u_backend/u_rename/srat_q_reg[21][5]/C (clocked by clk_out2_pll) and student_top_inst/Core_cpu/u_core/u_backend/dispatch_buffer_entry_q_reg[0][uop][alu_op][2]/D (clocked by clk_out2_pll). Large setup violations at the end of those stages might be difficult to fix during the post-placement implementation flow and could be the result of non-optimal XDC constraints or non-optimal design architecture
Related violations: <none>

TIMING-16#266 Warning
Large setup violation  
There is a large setup violation of -1.561 ns between student_top_inst/Core_cpu/u_core/u_backend/u_rename/srat_q_reg[21][5]/C (clocked by clk_out2_pll) and student_top_inst/Core_cpu/u_core/u_backend/dispatch_buffer_entry_q_reg[0][uop][pc][12]/D (clocked by clk_out2_pll). Large setup violations at the end of those stages might be difficult to fix during the post-placement implementation flow and could be the result of non-optimal XDC constraints or non-optimal design architecture
Related violations: <none>

TIMING-16#267 Warning
Large setup violation  
There is a large setup violation of -1.561 ns between student_top_inst/Core_cpu/u_core/u_backend/u_rename/srat_q_reg[21][5]/C (clocked by clk_out2_pll) and student_top_inst/Core_cpu/u_core/u_backend/dispatch_buffer_entry_q_reg[1][prd][5]/D (clocked by clk_out2_pll). Large setup violations at the end of those stages might be difficult to fix during the post-placement implementation flow and could be the result of non-optimal XDC constraints or non-optimal design architecture
Related violations: <none>

TIMING-16#268 Warning
Large setup violation  
There is a large setup violation of -1.562 ns between student_top_inst/Core_cpu/u_core/u_backend/u_rename/srat_q_reg[21][5]/C (clocked by clk_out2_pll) and student_top_inst/Core_cpu/u_core/u_backend/dispatch_buffer_entry_q_reg[0][prs1][4]/D (clocked by clk_out2_pll). Large setup violations at the end of those stages might be difficult to fix during the post-placement implementation flow and could be the result of non-optimal XDC constraints or non-optimal design architecture
Related violations: <none>

TIMING-16#269 Warning
Large setup violation  
There is a large setup violation of -1.562 ns between student_top_inst/Core_cpu/u_core/u_backend/u_rename/srat_q_reg[21][5]/C (clocked by clk_out2_pll) and student_top_inst/Core_cpu/u_core/u_backend/dispatch_buffer_entry_q_reg[0][uop][pred_target][3]/D (clocked by clk_out2_pll). Large setup violations at the end of those stages might be difficult to fix during the post-placement implementation flow and could be the result of non-optimal XDC constraints or non-optimal design architecture
Related violations: <none>

TIMING-16#270 Warning
Large setup violation  
There is a large setup violation of -1.562 ns between student_top_inst/Core_cpu/u_core/u_backend/u_rename/srat_q_reg[21][5]/C (clocked by clk_out2_pll) and student_top_inst/Core_cpu/u_core/u_backend/dispatch_buffer_entry_q_reg[1][prs2][5]/D (clocked by clk_out2_pll). Large setup violations at the end of those stages might be difficult to fix during the post-placement implementation flow and could be the result of non-optimal XDC constraints or non-optimal design architecture
Related violations: <none>

TIMING-16#271 Warning
Large setup violation  
There is a large setup violation of -1.563 ns between student_top_inst/Core_cpu/u_core/u_backend/u_rename/srat_q_reg[13][2]/C (clocked by clk_out2_pll) and student_top_inst/Core_cpu/u_core/u_backend/dispatch_buffer_entry_q_reg[0][uop][imm_j][2]/D (clocked by clk_out2_pll). Large setup violations at the end of those stages might be difficult to fix during the post-placement implementation flow and could be the result of non-optimal XDC constraints or non-optimal design architecture
Related violations: <none>

TIMING-16#272 Warning
Large setup violation  
There is a large setup violation of -1.564 ns between student_top_inst/Core_cpu/u_core/u_backend/u_rename/srat_q_reg[13][2]/C (clocked by clk_out2_pll) and student_top_inst/Core_cpu/u_core/u_backend/dispatch_buffer_entry_q_reg[0][uop][imm_j][1]/D (clocked by clk_out2_pll). Large setup violations at the end of those stages might be difficult to fix during the post-placement implementation flow and could be the result of non-optimal XDC constraints or non-optimal design architecture
Related violations: <none>

TIMING-16#273 Warning
Large setup violation  
There is a large setup violation of -1.564 ns between student_top_inst/Core_cpu/u_core/u_backend/u_rename/srat_q_reg[21][5]/C (clocked by clk_out2_pll) and student_top_inst/Core_cpu/u_core/u_backend/dispatch_buffer_entry_q_reg[0][uop][imm_i][4]/D (clocked by clk_out2_pll). Large setup violations at the end of those stages might be difficult to fix during the post-placement implementation flow and could be the result of non-optimal XDC constraints or non-optimal design architecture
Related violations: <none>

TIMING-16#274 Warning
Large setup violation  
There is a large setup violation of -1.564 ns between student_top_inst/Core_cpu/u_core/u_backend/u_rename/srat_q_reg[21][5]/C (clocked by clk_out2_pll) and student_top_inst/Core_cpu/u_core/u_backend/dispatch_buffer_entry_q_reg[1][uop][imm_b][31]/D (clocked by clk_out2_pll). Large setup violations at the end of those stages might be difficult to fix during the post-placement implementation flow and could be the result of non-optimal XDC constraints or non-optimal design architecture
Related violations: <none>

TIMING-16#275 Warning
Large setup violation  
There is a large setup violation of -1.565 ns between student_top_inst/Core_cpu/u_core/u_backend/u_rename/srat_q_reg[21][5]/C (clocked by clk_out2_pll) and student_top_inst/Core_cpu/u_core/u_backend/dispatch_buffer_entry_q_reg[0][uop][imm_i][3]/D (clocked by clk_out2_pll). Large setup violations at the end of those stages might be difficult to fix during the post-placement implementation flow and could be the result of non-optimal XDC constraints or non-optimal design architecture
Related violations: <none>

TIMING-16#276 Warning
Large setup violation  
There is a large setup violation of -1.566 ns between student_top_inst/Core_cpu/u_core/u_backend/u_rename/srat_q_reg[21][5]/C (clocked by clk_out2_pll) and student_top_inst/Core_cpu/u_core/u_backend/dispatch_buffer_entry_q_reg[0][uop][is_csr]/D (clocked by clk_out2_pll). Large setup violations at the end of those stages might be difficult to fix during the post-placement implementation flow and could be the result of non-optimal XDC constraints or non-optimal design architecture
Related violations: <none>

TIMING-16#277 Warning
Large setup violation  
There is a large setup violation of -1.567 ns between student_top_inst/Core_cpu/u_core/u_backend/u_rename/srat_q_reg[21][5]/C (clocked by clk_out2_pll) and student_top_inst/Core_cpu/u_core/u_backend/dispatch_buffer_entry_q_reg[0][uop][pred_target][16]/D (clocked by clk_out2_pll). Large setup violations at the end of those stages might be difficult to fix during the post-placement implementation flow and could be the result of non-optimal XDC constraints or non-optimal design architecture
Related violations: <none>

TIMING-16#278 Warning
Large setup violation  
There is a large setup violation of -1.568 ns between student_top_inst/Core_cpu/u_core/u_backend/u_rename/srat_q_reg[21][5]/C (clocked by clk_out2_pll) and student_top_inst/Core_cpu/u_core/u_backend/dispatch_buffer_entry_q_reg[0][uop][muldiv_op][2]/D (clocked by clk_out2_pll). Large setup violations at the end of those stages might be difficult to fix during the post-placement implementation flow and could be the result of non-optimal XDC constraints or non-optimal design architecture
Related violations: <none>

TIMING-16#279 Warning
Large setup violation  
There is a large setup violation of -1.568 ns between student_top_inst/Core_cpu/u_core/u_backend/u_rename/srat_q_reg[21][5]/C (clocked by clk_out2_pll) and student_top_inst/Core_cpu/u_core/u_backend/dispatch_buffer_entry_q_reg[1][uop][csr_addr][11]/D (clocked by clk_out2_pll). Large setup violations at the end of those stages might be difficult to fix during the post-placement implementation flow and could be the result of non-optimal XDC constraints or non-optimal design architecture
Related violations: <none>

TIMING-16#280 Warning
Large setup violation  
There is a large setup violation of -1.569 ns between student_top_inst/Core_cpu/u_core/u_backend/u_rename/srat_q_reg[21][5]/C (clocked by clk_out2_pll) and student_top_inst/Core_cpu/u_core/u_backend/dispatch_buffer_entry_q_reg[0][uop][imm_b][5]/D (clocked by clk_out2_pll). Large setup violations at the end of those stages might be difficult to fix during the post-placement implementation flow and could be the result of non-optimal XDC constraints or non-optimal design architecture
Related violations: <none>

TIMING-16#281 Warning
Large setup violation  
There is a large setup violation of -1.570 ns between student_top_inst/Core_cpu/u_core/u_backend/u_rename/srat_q_reg[13][2]/C (clocked by clk_out2_pll) and student_top_inst/Core_cpu/u_core/u_backend/dispatch_buffer_entry_q_reg[0][uop][imm_j][20]/D (clocked by clk_out2_pll). Large setup violations at the end of those stages might be difficult to fix during the post-placement implementation flow and could be the result of non-optimal XDC constraints or non-optimal design architecture
Related violations: <none>

TIMING-16#282 Warning
Large setup violation  
There is a large setup violation of -1.571 ns between student_top_inst/Core_cpu/u_core/u_backend/u_rename/srat_q_reg[21][5]/C (clocked by clk_out2_pll) and student_top_inst/Core_cpu/u_core/u_backend/dispatch_buffer_entry_q_reg[0][uop][opcode][0]/D (clocked by clk_out2_pll). Large setup violations at the end of those stages might be difficult to fix during the post-placement implementation flow and could be the result of non-optimal XDC constraints or non-optimal design architecture
Related violations: <none>

TIMING-16#283 Warning
Large setup violation  
There is a large setup violation of -1.571 ns between student_top_inst/Core_cpu/u_core/u_backend/u_rename/srat_q_reg[21][5]/C (clocked by clk_out2_pll) and student_top_inst/Core_cpu/u_core/u_backend/dispatch_buffer_entry_q_reg[1][uop][imm_i][12]/D (clocked by clk_out2_pll). Large setup violations at the end of those stages might be difficult to fix during the post-placement implementation flow and could be the result of non-optimal XDC constraints or non-optimal design architecture
Related violations: <none>

TIMING-16#284 Warning
Large setup violation  
There is a large setup violation of -1.572 ns between student_top_inst/Core_cpu/u_core/u_backend/u_rename/srat_q_reg[21][5]/C (clocked by clk_out2_pll) and student_top_inst/Core_cpu/u_core/u_backend/dispatch_buffer_entry_q_reg[0][uop][opcode][2]/D (clocked by clk_out2_pll). Large setup violations at the end of those stages might be difficult to fix during the post-placement implementation flow and could be the result of non-optimal XDC constraints or non-optimal design architecture
Related violations: <none>

TIMING-16#285 Warning
Large setup violation  
There is a large setup violation of -1.572 ns between student_top_inst/Core_cpu/u_core/u_backend/u_rename/srat_q_reg[21][5]/C (clocked by clk_out2_pll) and student_top_inst/Core_cpu/u_core/u_backend/dispatch_buffer_entry_q_reg[0][uop][tube][1]/D (clocked by clk_out2_pll). Large setup violations at the end of those stages might be difficult to fix during the post-placement implementation flow and could be the result of non-optimal XDC constraints or non-optimal design architecture
Related violations: <none>

TIMING-16#286 Warning
Large setup violation  
There is a large setup violation of -1.573 ns between student_top_inst/Core_cpu/u_core/u_backend/u_rename/srat_q_reg[21][5]/C (clocked by clk_out2_pll) and student_top_inst/Core_cpu/u_core/u_backend/dispatch_buffer_entry_q_reg[1][uop][imm_i][5]/D (clocked by clk_out2_pll). Large setup violations at the end of those stages might be difficult to fix during the post-placement implementation flow and could be the result of non-optimal XDC constraints or non-optimal design architecture
Related violations: <none>

TIMING-16#287 Warning
Large setup violation  
There is a large setup violation of -1.574 ns between student_top_inst/Core_cpu/u_core/u_backend/u_rename/srat_q_reg[21][5]/C (clocked by clk_out2_pll) and student_top_inst/Core_cpu/u_core/u_backend/dispatch_buffer_entry_q_reg[1][old_prd][0]/D (clocked by clk_out2_pll). Large setup violations at the end of those stages might be difficult to fix during the post-placement implementation flow and could be the result of non-optimal XDC constraints or non-optimal design architecture
Related violations: <none>

TIMING-16#288 Warning
Large setup violation  
There is a large setup violation of -1.575 ns between student_top_inst/Core_cpu/u_core/u_backend/u_rename/srat_q_reg[21][5]/C (clocked by clk_out2_pll) and student_top_inst/Core_cpu/u_core/u_backend/dispatch_buffer_entry_q_reg[1][prs2][2]/D (clocked by clk_out2_pll). Large setup violations at the end of those stages might be difficult to fix during the post-placement implementation flow and could be the result of non-optimal XDC constraints or non-optimal design architecture
Related violations: <none>

TIMING-16#289 Warning
Large setup violation  
There is a large setup violation of -1.577 ns between student_top_inst/Core_cpu/u_core/u_backend/u_rename/srat_q_reg[13][2]/C (clocked by clk_out2_pll) and student_top_inst/Core_cpu/u_core/u_backend/dispatch_buffer_entry_q_reg[0][uop][imm_i][17]/D (clocked by clk_out2_pll). Large setup violations at the end of those stages might be difficult to fix during the post-placement implementation flow and could be the result of non-optimal XDC constraints or non-optimal design architecture
Related violations: <none>

TIMING-16#290 Warning
Large setup violation  
There is a large setup violation of -1.578 ns between student_top_inst/Core_cpu/u_core/u_backend/u_rename/srat_q_reg[13][2]/C (clocked by clk_out2_pll) and student_top_inst/Core_cpu/u_core/u_backend/dispatch_buffer_entry_q_reg[0][uop][imm_i][20]/D (clocked by clk_out2_pll). Large setup violations at the end of those stages might be difficult to fix during the post-placement implementation flow and could be the result of non-optimal XDC constraints or non-optimal design architecture
Related violations: <none>

TIMING-16#291 Warning
Large setup violation  
There is a large setup violation of -1.578 ns between student_top_inst/Core_cpu/u_core/u_backend/u_rename/srat_q_reg[13][2]/C (clocked by clk_out2_pll) and student_top_inst/Core_cpu/u_core/u_backend/dispatch_buffer_entry_q_reg[0][uop][imm_j][30]/D (clocked by clk_out2_pll). Large setup violations at the end of those stages might be difficult to fix during the post-placement implementation flow and could be the result of non-optimal XDC constraints or non-optimal design architecture
Related violations: <none>

TIMING-16#292 Warning
Large setup violation  
There is a large setup violation of -1.578 ns between student_top_inst/Core_cpu/u_core/u_backend/u_rename/srat_q_reg[13][2]/C (clocked by clk_out2_pll) and student_top_inst/Core_cpu/u_core/u_backend/dispatch_buffer_entry_q_reg[0][uop][imm_u][31]/D (clocked by clk_out2_pll). Large setup violations at the end of those stages might be difficult to fix during the post-placement implementation flow and could be the result of non-optimal XDC constraints or non-optimal design architecture
Related violations: <none>

TIMING-16#293 Warning
Large setup violation  
There is a large setup violation of -1.578 ns between student_top_inst/Core_cpu/u_core/u_backend/u_rename/srat_q_reg[21][5]/C (clocked by clk_out2_pll) and student_top_inst/Core_cpu/u_core/u_backend/dispatch_buffer_entry_q_reg[0][alloc_prd]/D (clocked by clk_out2_pll). Large setup violations at the end of those stages might be difficult to fix during the post-placement implementation flow and could be the result of non-optimal XDC constraints or non-optimal design architecture
Related violations: <none>

TIMING-16#294 Warning
Large setup violation  
There is a large setup violation of -1.581 ns between student_top_inst/Core_cpu/u_core/u_backend/u_rename/srat_q_reg[21][5]/C (clocked by clk_out2_pll) and student_top_inst/Core_cpu/u_core/u_backend/dispatch_buffer_entry_q_reg[0][uop][muldiv_op][0]/D (clocked by clk_out2_pll). Large setup violations at the end of those stages might be difficult to fix during the post-placement implementation flow and could be the result of non-optimal XDC constraints or non-optimal design architecture
Related violations: <none>

TIMING-16#295 Warning
Large setup violation  
There is a large setup violation of -1.581 ns between student_top_inst/Core_cpu/u_core/u_backend/u_rename/srat_q_reg[21][5]/C (clocked by clk_out2_pll) and student_top_inst/Core_cpu/u_core/u_backend/dispatch_buffer_entry_q_reg[0][uop][muldiv_op][3]/D (clocked by clk_out2_pll). Large setup violations at the end of those stages might be difficult to fix during the post-placement implementation flow and could be the result of non-optimal XDC constraints or non-optimal design architecture
Related violations: <none>

TIMING-16#296 Warning
Large setup violation  
There is a large setup violation of -1.582 ns between student_top_inst/Core_cpu/u_core/u_backend/u_rename/srat_q_reg[21][5]/C (clocked by clk_out2_pll) and student_top_inst/Core_cpu/u_core/u_backend/dispatch_buffer_entry_q_reg[0][uop][inst][8]/D (clocked by clk_out2_pll). Large setup violations at the end of those stages might be difficult to fix during the post-placement implementation flow and could be the result of non-optimal XDC constraints or non-optimal design architecture
Related violations: <none>

TIMING-16#297 Warning
Large setup violation  
There is a large setup violation of -1.582 ns between student_top_inst/Core_cpu/u_core/u_backend/u_rename/srat_q_reg[21][5]/C (clocked by clk_out2_pll) and student_top_inst/Core_cpu/u_core/u_backend/dispatch_buffer_entry_q_reg[1][uop][imm_b][30]/D (clocked by clk_out2_pll). Large setup violations at the end of those stages might be difficult to fix during the post-placement implementation flow and could be the result of non-optimal XDC constraints or non-optimal design architecture
Related violations: <none>

TIMING-16#298 Warning
Large setup violation  
There is a large setup violation of -1.584 ns between student_top_inst/Core_cpu/u_core/u_backend/u_rename/srat_q_reg[21][5]/C (clocked by clk_out2_pll) and student_top_inst/Core_cpu/u_core/u_backend/dispatch_buffer_entry_q_reg[1][uop][imm_i][11]/D (clocked by clk_out2_pll). Large setup violations at the end of those stages might be difficult to fix during the post-placement implementation flow and could be the result of non-optimal XDC constraints or non-optimal design architecture
Related violations: <none>

TIMING-16#299 Warning
Large setup violation  
There is a large setup violation of -1.585 ns between student_top_inst/Core_cpu/u_core/u_backend/u_rename/srat_q_reg[13][2]/C (clocked by clk_out2_pll) and student_top_inst/Core_cpu/u_core/u_backend/dispatch_buffer_entry_q_reg[0][uop][imm_i][22]/D (clocked by clk_out2_pll). Large setup violations at the end of those stages might be difficult to fix during the post-placement implementation flow and could be the result of non-optimal XDC constraints or non-optimal design architecture
Related violations: <none>

TIMING-16#300 Warning
Large setup violation  
There is a large setup violation of -1.585 ns between student_top_inst/Core_cpu/u_core/u_backend/u_rename/srat_q_reg[21][5]/C (clocked by clk_out2_pll) and student_top_inst/Core_cpu/u_core/u_backend/dispatch_buffer_entry_q_reg[0][old_prd][1]/D (clocked by clk_out2_pll). Large setup violations at the end of those stages might be difficult to fix during the post-placement implementation flow and could be the result of non-optimal XDC constraints or non-optimal design architecture
Related violations: <none>

TIMING-16#301 Warning
Large setup violation  
There is a large setup violation of -1.585 ns between student_top_inst/Core_cpu/u_core/u_backend/u_rename/srat_q_reg[21][5]/C (clocked by clk_out2_pll) and student_top_inst/Core_cpu/u_core/u_backend/dispatch_buffer_entry_q_reg[0][uop][csr_addr][3]/D (clocked by clk_out2_pll). Large setup violations at the end of those stages might be difficult to fix during the post-placement implementation flow and could be the result of non-optimal XDC constraints or non-optimal design architecture
Related violations: <none>

TIMING-16#302 Warning
Large setup violation  
There is a large setup violation of -1.585 ns between student_top_inst/Core_cpu/u_core/u_backend/u_rename/srat_q_reg[21][5]/C (clocked by clk_out2_pll) and student_top_inst/Core_cpu/u_core/u_backend/dispatch_buffer_entry_q_reg[0][uop][imm_b][1]/D (clocked by clk_out2_pll). Large setup violations at the end of those stages might be difficult to fix during the post-placement implementation flow and could be the result of non-optimal XDC constraints or non-optimal design architecture
Related violations: <none>

TIMING-16#303 Warning
Large setup violation  
There is a large setup violation of -1.585 ns between student_top_inst/Core_cpu/u_core/u_backend/u_rename/srat_q_reg[21][5]/C (clocked by clk_out2_pll) and student_top_inst/Core_cpu/u_core/u_backend/dispatch_buffer_entry_q_reg[0][uop][imm_b][6]/D (clocked by clk_out2_pll). Large setup violations at the end of those stages might be difficult to fix during the post-placement implementation flow and could be the result of non-optimal XDC constraints or non-optimal design architecture
Related violations: <none>

TIMING-16#304 Warning
Large setup violation  
There is a large setup violation of -1.585 ns between student_top_inst/Core_cpu/u_core/u_backend/u_rename/srat_q_reg[21][5]/C (clocked by clk_out2_pll) and student_top_inst/Core_cpu/u_core/u_backend/dispatch_buffer_entry_q_reg[0][uop][imm_i][26]/D (clocked by clk_out2_pll). Large setup violations at the end of those stages might be difficult to fix during the post-placement implementation flow and could be the result of non-optimal XDC constraints or non-optimal design architecture
Related violations: <none>

TIMING-16#305 Warning
Large setup violation  
There is a large setup violation of -1.585 ns between student_top_inst/Core_cpu/u_core/u_backend/u_rob/retire_stage_valid_q_reg[1]/C (clocked by clk_out2_pll) and student_top_inst/Core_cpu/storeWriteAddr_q_reg[10]/CE (clocked by clk_out2_pll). Large setup violations at the end of those stages might be difficult to fix during the post-placement implementation flow and could be the result of non-optimal XDC constraints or non-optimal design architecture
Related violations: <none>

TIMING-16#306 Warning
Large setup violation  
There is a large setup violation of -1.585 ns between student_top_inst/Core_cpu/u_core/u_backend/u_rob/retire_stage_valid_q_reg[1]/C (clocked by clk_out2_pll) and student_top_inst/Core_cpu/storeWriteAddr_q_reg[18]/CE (clocked by clk_out2_pll). Large setup violations at the end of those stages might be difficult to fix during the post-placement implementation flow and could be the result of non-optimal XDC constraints or non-optimal design architecture
Related violations: <none>

TIMING-16#307 Warning
Large setup violation  
There is a large setup violation of -1.587 ns between student_top_inst/Core_cpu/u_core/u_backend/u_rename/srat_q_reg[21][5]/C (clocked by clk_out2_pll) and student_top_inst/Core_cpu/u_core/u_backend/dispatch_buffer_entry_q_reg[0][uop][pred_target][11]/D (clocked by clk_out2_pll). Large setup violations at the end of those stages might be difficult to fix during the post-placement implementation flow and could be the result of non-optimal XDC constraints or non-optimal design architecture
Related violations: <none>

TIMING-16#308 Warning
Large setup violation  
There is a large setup violation of -1.589 ns between student_top_inst/Core_cpu/u_core/u_backend/u_execute/mem_req_count_q_reg[1]/C (clocked by clk_out2_pll) and student_top_inst/Core_cpu/storeWriteAddr_q_reg[24]/CE (clocked by clk_out2_pll). Large setup violations at the end of those stages might be difficult to fix during the post-placement implementation flow and could be the result of non-optimal XDC constraints or non-optimal design architecture
Related violations: <none>

TIMING-16#309 Warning
Large setup violation  
There is a large setup violation of -1.589 ns between student_top_inst/Core_cpu/u_core/u_backend/u_rename/srat_q_reg[21][5]/C (clocked by clk_out2_pll) and student_top_inst/Core_cpu/u_core/u_backend/dispatch_buffer_entry_q_reg[0][uop][pred_target][8]/D (clocked by clk_out2_pll). Large setup violations at the end of those stages might be difficult to fix during the post-placement implementation flow and could be the result of non-optimal XDC constraints or non-optimal design architecture
Related violations: <none>

TIMING-16#310 Warning
Large setup violation  
There is a large setup violation of -1.590 ns between student_top_inst/Core_cpu/u_core/u_backend/u_execute/mem_req_count_q_reg[1]/C (clocked by clk_out2_pll) and student_top_inst/Core_cpu/storeWriteAddr_q_reg[14]/CE (clocked by clk_out2_pll). Large setup violations at the end of those stages might be difficult to fix during the post-placement implementation flow and could be the result of non-optimal XDC constraints or non-optimal design architecture
Related violations: <none>

TIMING-16#311 Warning
Large setup violation  
There is a large setup violation of -1.590 ns between student_top_inst/Core_cpu/u_core/u_backend/u_execute/mem_req_count_q_reg[1]/C (clocked by clk_out2_pll) and student_top_inst/Core_cpu/storeWriteAddr_q_reg[29]/CE (clocked by clk_out2_pll). Large setup violations at the end of those stages might be difficult to fix during the post-placement implementation flow and could be the result of non-optimal XDC constraints or non-optimal design architecture
Related violations: <none>

TIMING-16#312 Warning
Large setup violation  
There is a large setup violation of -1.590 ns between student_top_inst/Core_cpu/u_core/u_backend/u_execute/mem_req_count_q_reg[1]/C (clocked by clk_out2_pll) and student_top_inst/Core_cpu/storeWriteAddr_q_reg[3]/CE (clocked by clk_out2_pll). Large setup violations at the end of those stages might be difficult to fix during the post-placement implementation flow and could be the result of non-optimal XDC constraints or non-optimal design architecture
Related violations: <none>

TIMING-16#313 Warning
Large setup violation  
There is a large setup violation of -1.590 ns between student_top_inst/Core_cpu/u_core/u_backend/u_execute/mem_req_count_q_reg[1]/C (clocked by clk_out2_pll) and student_top_inst/Core_cpu/storeWriteAddr_q_reg[4]/CE (clocked by clk_out2_pll). Large setup violations at the end of those stages might be difficult to fix during the post-placement implementation flow and could be the result of non-optimal XDC constraints or non-optimal design architecture
Related violations: <none>

TIMING-16#314 Warning
Large setup violation  
There is a large setup violation of -1.590 ns between student_top_inst/Core_cpu/u_core/u_backend/u_rename/srat_q_reg[13][2]/C (clocked by clk_out2_pll) and student_top_inst/Core_cpu/u_core/u_backend/dispatch_buffer_entry_q_reg[0][uop][imm_b][14]/D (clocked by clk_out2_pll). Large setup violations at the end of those stages might be difficult to fix during the post-placement implementation flow and could be the result of non-optimal XDC constraints or non-optimal design architecture
Related violations: <none>

TIMING-16#315 Warning
Large setup violation  
There is a large setup violation of -1.590 ns between student_top_inst/Core_cpu/u_core/u_backend/u_rename/srat_q_reg[21][5]/C (clocked by clk_out2_pll) and student_top_inst/Core_cpu/u_core/u_backend/dispatch_buffer_entry_q_reg[0][uop][csr_addr][8]/D (clocked by clk_out2_pll). Large setup violations at the end of those stages might be difficult to fix during the post-placement implementation flow and could be the result of non-optimal XDC constraints or non-optimal design architecture
Related violations: <none>

TIMING-16#316 Warning
Large setup violation  
There is a large setup violation of -1.590 ns between student_top_inst/Core_cpu/u_core/u_backend/u_rename/srat_q_reg[21][5]/C (clocked by clk_out2_pll) and student_top_inst/Core_cpu/u_core/u_backend/dispatch_buffer_entry_q_reg[0][uop][pred_target][0]/D (clocked by clk_out2_pll). Large setup violations at the end of those stages might be difficult to fix during the post-placement implementation flow and could be the result of non-optimal XDC constraints or non-optimal design architecture
Related violations: <none>

TIMING-16#317 Warning
Large setup violation  
There is a large setup violation of -1.591 ns between student_top_inst/Core_cpu/u_core/u_backend/u_rename/srat_q_reg[21][5]/C (clocked by clk_out2_pll) and student_top_inst/Core_cpu/u_core/u_backend/dispatch_buffer_entry_q_reg[1][alloc_prd]/D (clocked by clk_out2_pll). Large setup violations at the end of those stages might be difficult to fix during the post-placement implementation flow and could be the result of non-optimal XDC constraints or non-optimal design architecture
Related violations: <none>

TIMING-16#318 Warning
Large setup violation  
There is a large setup violation of -1.592 ns between student_top_inst/Core_cpu/u_core/u_backend/u_rename/srat_q_reg[13][2]/C (clocked by clk_out2_pll) and student_top_inst/Core_cpu/u_core/u_backend/dispatch_buffer_entry_q_reg[0][uop][imm_j][10]/D (clocked by clk_out2_pll). Large setup violations at the end of those stages might be difficult to fix during the post-placement implementation flow and could be the result of non-optimal XDC constraints or non-optimal design architecture
Related violations: <none>

TIMING-16#319 Warning
Large setup violation  
There is a large setup violation of -1.592 ns between student_top_inst/Core_cpu/u_core/u_backend/u_rename/srat_q_reg[13][2]/C (clocked by clk_out2_pll) and student_top_inst/Core_cpu/u_core/u_backend/dispatch_buffer_entry_q_reg[0][uop][imm_j][31]/D (clocked by clk_out2_pll). Large setup violations at the end of those stages might be difficult to fix during the post-placement implementation flow and could be the result of non-optimal XDC constraints or non-optimal design architecture
Related violations: <none>

TIMING-16#320 Warning
Large setup violation  
There is a large setup violation of -1.592 ns between student_top_inst/Core_cpu/u_core/u_backend/u_rename/srat_q_reg[13][2]/C (clocked by clk_out2_pll) and student_top_inst/Core_cpu/u_core/u_backend/dispatch_buffer_entry_q_reg[0][uop][imm_j][6]/D (clocked by clk_out2_pll). Large setup violations at the end of those stages might be difficult to fix during the post-placement implementation flow and could be the result of non-optimal XDC constraints or non-optimal design architecture
Related violations: <none>

TIMING-16#321 Warning
Large setup violation  
There is a large setup violation of -1.592 ns between student_top_inst/Core_cpu/u_core/u_backend/u_rename/srat_q_reg[21][5]/C (clocked by clk_out2_pll) and student_top_inst/Core_cpu/u_core/u_backend/dispatch_buffer_entry_q_reg[0][uop][pred_target][4]/D (clocked by clk_out2_pll). Large setup violations at the end of those stages might be difficult to fix during the post-placement implementation flow and could be the result of non-optimal XDC constraints or non-optimal design architecture
Related violations: <none>

TIMING-16#322 Warning
Large setup violation  
There is a large setup violation of -1.594 ns between student_top_inst/Core_cpu/u_core/u_backend/u_rename/srat_q_reg[21][5]/C (clocked by clk_out2_pll) and student_top_inst/Core_cpu/u_core/u_backend/dispatch_buffer_entry_q_reg[0][uop][inst][23]/D (clocked by clk_out2_pll). Large setup violations at the end of those stages might be difficult to fix during the post-placement implementation flow and could be the result of non-optimal XDC constraints or non-optimal design architecture
Related violations: <none>

TIMING-16#323 Warning
Large setup violation  
There is a large setup violation of -1.595 ns between student_top_inst/Core_cpu/u_core/u_backend/u_rename/srat_q_reg[21][5]/C (clocked by clk_out2_pll) and student_top_inst/Core_cpu/u_core/u_backend/dispatch_buffer_entry_q_reg[0][uop][inst][22]/D (clocked by clk_out2_pll). Large setup violations at the end of those stages might be difficult to fix during the post-placement implementation flow and could be the result of non-optimal XDC constraints or non-optimal design architecture
Related violations: <none>

TIMING-16#324 Warning
Large setup violation  
There is a large setup violation of -1.595 ns between student_top_inst/Core_cpu/u_core/u_backend/u_rename/srat_q_reg[21][5]/C (clocked by clk_out2_pll) and student_top_inst/Core_cpu/u_core/u_backend/dispatch_buffer_entry_q_reg[0][uop][opcode][5]/D (clocked by clk_out2_pll). Large setup violations at the end of those stages might be difficult to fix during the post-placement implementation flow and could be the result of non-optimal XDC constraints or non-optimal design architecture
Related violations: <none>

TIMING-16#325 Warning
Large setup violation  
There is a large setup violation of -1.596 ns between student_top_inst/Core_cpu/u_core/u_backend/u_rename/srat_q_reg[21][5]/C (clocked by clk_out2_pll) and student_top_inst/Core_cpu/u_core/u_backend/dispatch_buffer_entry_q_reg[0][uop][inst][3]/D (clocked by clk_out2_pll). Large setup violations at the end of those stages might be difficult to fix during the post-placement implementation flow and could be the result of non-optimal XDC constraints or non-optimal design architecture
Related violations: <none>

TIMING-16#326 Warning
Large setup violation  
There is a large setup violation of -1.598 ns between student_top_inst/Core_cpu/u_core/u_backend/u_rename/srat_q_reg[13][2]/C (clocked by clk_out2_pll) and student_top_inst/Core_cpu/u_core/u_backend/dispatch_buffer_entry_q_reg[0][uop][imm_s][30]/D (clocked by clk_out2_pll). Large setup violations at the end of those stages might be difficult to fix during the post-placement implementation flow and could be the result of non-optimal XDC constraints or non-optimal design architecture
Related violations: <none>

TIMING-16#327 Warning
Large setup violation  
There is a large setup violation of -1.598 ns between student_top_inst/Core_cpu/u_core/u_backend/u_rename/srat_q_reg[21][5]/C (clocked by clk_out2_pll) and student_top_inst/Core_cpu/u_core/u_backend/dispatch_buffer_entry_q_reg[0][uop][csr_addr][9]/D (clocked by clk_out2_pll). Large setup violations at the end of those stages might be difficult to fix during the post-placement implementation flow and could be the result of non-optimal XDC constraints or non-optimal design architecture
Related violations: <none>

TIMING-16#328 Warning
Large setup violation  
There is a large setup violation of -1.598 ns between student_top_inst/Core_cpu/u_core/u_backend/u_rename/srat_q_reg[21][5]/C (clocked by clk_out2_pll) and student_top_inst/Core_cpu/u_core/u_backend/dispatch_buffer_entry_q_reg[0][uop][pred_target][2]/D (clocked by clk_out2_pll). Large setup violations at the end of those stages might be difficult to fix during the post-placement implementation flow and could be the result of non-optimal XDC constraints or non-optimal design architecture
Related violations: <none>

TIMING-16#329 Warning
Large setup violation  
There is a large setup violation of -1.599 ns between student_top_inst/Core_cpu/u_core/u_backend/u_execute/mem_req_count_q_reg[1]/C (clocked by clk_out2_pll) and student_top_inst/Core_cpu/storeWriteAddr_q_reg[26]/CE (clocked by clk_out2_pll). Large setup violations at the end of those stages might be difficult to fix during the post-placement implementation flow and could be the result of non-optimal XDC constraints or non-optimal design architecture
Related violations: <none>

TIMING-16#330 Warning
Large setup violation  
There is a large setup violation of -1.599 ns between student_top_inst/Core_cpu/u_core/u_backend/u_execute/mem_req_count_q_reg[1]/C (clocked by clk_out2_pll) and student_top_inst/Core_cpu/storeWriteData_q_reg[2]/CE (clocked by clk_out2_pll). Large setup violations at the end of those stages might be difficult to fix during the post-placement implementation flow and could be the result of non-optimal XDC constraints or non-optimal design architecture
Related violations: <none>

TIMING-16#331 Warning
Large setup violation  
There is a large setup violation of -1.599 ns between student_top_inst/Core_cpu/u_core/u_backend/u_execute/mem_req_count_q_reg[1]/C (clocked by clk_out2_pll) and student_top_inst/Core_cpu/storeWriteData_q_reg[3]/CE (clocked by clk_out2_pll). Large setup violations at the end of those stages might be difficult to fix during the post-placement implementation flow and could be the result of non-optimal XDC constraints or non-optimal design architecture
Related violations: <none>

TIMING-16#332 Warning
Large setup violation  
There is a large setup violation of -1.599 ns between student_top_inst/Core_cpu/u_core/u_backend/u_execute/mem_req_count_q_reg[1]/C (clocked by clk_out2_pll) and student_top_inst/Core_cpu/storeWriteMask_q_reg[2]/CE (clocked by clk_out2_pll). Large setup violations at the end of those stages might be difficult to fix during the post-placement implementation flow and could be the result of non-optimal XDC constraints or non-optimal design architecture
Related violations: <none>

TIMING-16#333 Warning
Large setup violation  
There is a large setup violation of -1.599 ns between student_top_inst/Core_cpu/u_core/u_backend/u_rename/srat_q_reg[13][2]/C (clocked by clk_out2_pll) and student_top_inst/Core_cpu/u_core/u_backend/dispatch_buffer_entry_q_reg[0][uop][imm_s][12]/D (clocked by clk_out2_pll). Large setup violations at the end of those stages might be difficult to fix during the post-placement implementation flow and could be the result of non-optimal XDC constraints or non-optimal design architecture
Related violations: <none>

TIMING-16#334 Warning
Large setup violation  
There is a large setup violation of -1.601 ns between student_top_inst/Core_cpu/u_core/u_backend/u_rename/srat_q_reg[21][5]/C (clocked by clk_out2_pll) and student_top_inst/Core_cpu/u_core/u_backend/dispatch_buffer_entry_q_reg[0][uop][inst][18]/D (clocked by clk_out2_pll). Large setup violations at the end of those stages might be difficult to fix during the post-placement implementation flow and could be the result of non-optimal XDC constraints or non-optimal design architecture
Related violations: <none>

TIMING-16#335 Warning
Large setup violation  
There is a large setup violation of -1.601 ns between student_top_inst/Core_cpu/u_core/u_backend/u_rename/srat_q_reg[21][5]/C (clocked by clk_out2_pll) and student_top_inst/Core_cpu/u_core/u_backend/dispatch_buffer_entry_q_reg[0][uop][inst][24]/D (clocked by clk_out2_pll). Large setup violations at the end of those stages might be difficult to fix during the post-placement implementation flow and could be the result of non-optimal XDC constraints or non-optimal design architecture
Related violations: <none>

TIMING-16#336 Warning
Large setup violation  
There is a large setup violation of -1.601 ns between student_top_inst/Core_cpu/u_core/u_backend/u_rename/srat_q_reg[21][5]/C (clocked by clk_out2_pll) and student_top_inst/Core_cpu/u_core/u_backend/dispatch_buffer_entry_q_reg[0][uop][pred_target][10]/D (clocked by clk_out2_pll). Large setup violations at the end of those stages might be difficult to fix during the post-placement implementation flow and could be the result of non-optimal XDC constraints or non-optimal design architecture
Related violations: <none>

TIMING-16#337 Warning
Large setup violation  
There is a large setup violation of -1.604 ns between student_top_inst/Core_cpu/u_core/u_backend/u_rename/srat_q_reg[21][5]/C (clocked by clk_out2_pll) and student_top_inst/Core_cpu/u_core/u_backend/dispatch_buffer_entry_q_reg[0][uop][imm_j][29]/D (clocked by clk_out2_pll). Large setup violations at the end of those stages might be difficult to fix during the post-placement implementation flow and could be the result of non-optimal XDC constraints or non-optimal design architecture
Related violations: <none>

TIMING-16#338 Warning
Large setup violation  
There is a large setup violation of -1.604 ns between student_top_inst/Core_cpu/u_core/u_backend/u_rename/srat_q_reg[21][5]/C (clocked by clk_out2_pll) and student_top_inst/Core_cpu/u_core/u_backend/dispatch_buffer_entry_q_reg[0][uop][rs1][3]/D (clocked by clk_out2_pll). Large setup violations at the end of those stages might be difficult to fix during the post-placement implementation flow and could be the result of non-optimal XDC constraints or non-optimal design architecture
Related violations: <none>

TIMING-16#339 Warning
Large setup violation  
There is a large setup violation of -1.605 ns between student_top_inst/Core_cpu/u_core/u_backend/u_rename/srat_q_reg[13][2]/C (clocked by clk_out2_pll) and student_top_inst/Core_cpu/u_core/u_backend/dispatch_buffer_entry_q_reg[0][uop][imm_i][13]/D (clocked by clk_out2_pll). Large setup violations at the end of those stages might be difficult to fix during the post-placement implementation flow and could be the result of non-optimal XDC constraints or non-optimal design architecture
Related violations: <none>

TIMING-16#340 Warning
Large setup violation  
There is a large setup violation of -1.605 ns between student_top_inst/Core_cpu/u_core/u_backend/u_rename/srat_q_reg[21][5]/C (clocked by clk_out2_pll) and student_top_inst/Core_cpu/u_core/u_backend/dispatch_buffer_entry_q_reg[0][uop][imm_u][26]/D (clocked by clk_out2_pll). Large setup violations at the end of those stages might be difficult to fix during the post-placement implementation flow and could be the result of non-optimal XDC constraints or non-optimal design architecture
Related violations: <none>

TIMING-16#341 Warning
Large setup violation  
There is a large setup violation of -1.605 ns between student_top_inst/Core_cpu/u_core/u_backend/u_rename/srat_q_reg[21][5]/C (clocked by clk_out2_pll) and student_top_inst/Core_cpu/u_core/u_backend/dispatch_buffer_entry_q_reg[0][uop][is_ecall]/D (clocked by clk_out2_pll). Large setup violations at the end of those stages might be difficult to fix during the post-placement implementation flow and could be the result of non-optimal XDC constraints or non-optimal design architecture
Related violations: <none>

TIMING-16#342 Warning
Large setup violation  
There is a large setup violation of -1.605 ns between student_top_inst/Core_cpu/u_core/u_backend/u_rename/srat_q_reg[21][5]/C (clocked by clk_out2_pll) and student_top_inst/Core_cpu/u_core/u_backend/dispatch_buffer_entry_q_reg[0][uop][rd][2]/D (clocked by clk_out2_pll). Large setup violations at the end of those stages might be difficult to fix during the post-placement implementation flow and could be the result of non-optimal XDC constraints or non-optimal design architecture
Related violations: <none>

TIMING-16#343 Warning
Large setup violation  
There is a large setup violation of -1.606 ns between student_top_inst/Core_cpu/u_core/u_backend/u_rename/srat_q_reg[21][5]/C (clocked by clk_out2_pll) and student_top_inst/Core_cpu/u_core/u_backend/dispatch_buffer_entry_q_reg[0][uop][imm_j][17]/D (clocked by clk_out2_pll). Large setup violations at the end of those stages might be difficult to fix during the post-placement implementation flow and could be the result of non-optimal XDC constraints or non-optimal design architecture
Related violations: <none>

TIMING-16#344 Warning
Large setup violation  
There is a large setup violation of -1.607 ns between student_top_inst/Core_cpu/u_core/u_backend/u_rename/srat_q_reg[21][5]/C (clocked by clk_out2_pll) and student_top_inst/Core_cpu/u_core/u_backend/dispatch_buffer_entry_q_reg[1][uop][imm_i][10]/D (clocked by clk_out2_pll). Large setup violations at the end of those stages might be difficult to fix during the post-placement implementation flow and could be the result of non-optimal XDC constraints or non-optimal design architecture
Related violations: <none>

TIMING-16#345 Warning
Large setup violation  
There is a large setup violation of -1.608 ns between student_top_inst/Core_cpu/u_core/u_backend/u_rename/srat_q_reg[21][5]/C (clocked by clk_out2_pll) and student_top_inst/Core_cpu/u_core/u_backend/dispatch_buffer_entry_q_reg[0][uop][imm_b][7]/D (clocked by clk_out2_pll). Large setup violations at the end of those stages might be difficult to fix during the post-placement implementation flow and could be the result of non-optimal XDC constraints or non-optimal design architecture
Related violations: <none>

TIMING-16#346 Warning
Large setup violation  
There is a large setup violation of -1.608 ns between student_top_inst/Core_cpu/u_core/u_backend/u_rename/srat_q_reg[21][5]/C (clocked by clk_out2_pll) and student_top_inst/Core_cpu/u_core/u_backend/dispatch_buffer_entry_q_reg[0][uop][pc][9]/D (clocked by clk_out2_pll). Large setup violations at the end of those stages might be difficult to fix during the post-placement implementation flow and could be the result of non-optimal XDC constraints or non-optimal design architecture
Related violations: <none>

TIMING-16#347 Warning
Large setup violation  
There is a large setup violation of -1.609 ns between student_top_inst/Core_cpu/u_core/u_backend/u_rename/srat_q_reg[21][5]/C (clocked by clk_out2_pll) and student_top_inst/Core_cpu/u_core/u_backend/dispatch_buffer_entry_q_reg[0][old_prd][2]/D (clocked by clk_out2_pll). Large setup violations at the end of those stages might be difficult to fix during the post-placement implementation flow and could be the result of non-optimal XDC constraints or non-optimal design architecture
Related violations: <none>

TIMING-16#348 Warning
Large setup violation  
There is a large setup violation of -1.610 ns between student_top_inst/Core_cpu/u_core/u_backend/u_execute/mem_req_count_q_reg[1]/C (clocked by clk_out2_pll) and student_top_inst/Core_cpu/storeWriteData_q_reg[0]/CE (clocked by clk_out2_pll). Large setup violations at the end of those stages might be difficult to fix during the post-placement implementation flow and could be the result of non-optimal XDC constraints or non-optimal design architecture
Related violations: <none>

TIMING-16#349 Warning
Large setup violation  
There is a large setup violation of -1.610 ns between student_top_inst/Core_cpu/u_core/u_backend/u_execute/mem_req_count_q_reg[1]/C (clocked by clk_out2_pll) and student_top_inst/Core_cpu/storeWriteData_q_reg[1]/CE (clocked by clk_out2_pll). Large setup violations at the end of those stages might be difficult to fix during the post-placement implementation flow and could be the result of non-optimal XDC constraints or non-optimal design architecture
Related violations: <none>

TIMING-16#350 Warning
Large setup violation  
There is a large setup violation of -1.610 ns between student_top_inst/Core_cpu/u_core/u_backend/u_rename/srat_q_reg[21][5]/C (clocked by clk_out2_pll) and student_top_inst/Core_cpu/u_core/u_backend/dispatch_buffer_entry_q_reg[0][uop][pred_target][5]/D (clocked by clk_out2_pll). Large setup violations at the end of those stages might be difficult to fix during the post-placement implementation flow and could be the result of non-optimal XDC constraints or non-optimal design architecture
Related violations: <none>

TIMING-16#351 Warning
Large setup violation  
There is a large setup violation of -1.611 ns between student_top_inst/Core_cpu/u_core/u_backend/u_rename/srat_q_reg[21][5]/C (clocked by clk_out2_pll) and student_top_inst/Core_cpu/u_core/u_backend/dispatch_buffer_entry_q_reg[1][uop][csr_addr][7]/D (clocked by clk_out2_pll). Large setup violations at the end of those stages might be difficult to fix during the post-placement implementation flow and could be the result of non-optimal XDC constraints or non-optimal design architecture
Related violations: <none>

TIMING-16#352 Warning
Large setup violation  
There is a large setup violation of -1.612 ns between student_top_inst/Core_cpu/u_core/u_backend/u_rename/srat_q_reg[21][5]/C (clocked by clk_out2_pll) and student_top_inst/Core_cpu/u_core/u_backend/dispatch_buffer_entry_q_reg[0][uop][rs1][0]/D (clocked by clk_out2_pll). Large setup violations at the end of those stages might be difficult to fix during the post-placement implementation flow and could be the result of non-optimal XDC constraints or non-optimal design architecture
Related violations: <none>

TIMING-16#353 Warning
Large setup violation  
There is a large setup violation of -1.613 ns between student_top_inst/Core_cpu/u_core/u_backend/u_rename/srat_q_reg[21][5]/C (clocked by clk_out2_pll) and student_top_inst/Core_cpu/u_core/u_backend/dispatch_buffer_entry_q_reg[0][old_prd][4]/D (clocked by clk_out2_pll). Large setup violations at the end of those stages might be difficult to fix during the post-placement implementation flow and could be the result of non-optimal XDC constraints or non-optimal design architecture
Related violations: <none>

TIMING-16#354 Warning
Large setup violation  
There is a large setup violation of -1.614 ns between student_top_inst/Core_cpu/u_core/u_backend/u_execute/mem_req_count_q_reg[1]/C (clocked by clk_out2_pll) and student_top_inst/Core_cpu/storeWriteData_q_reg[16]/CE (clocked by clk_out2_pll). Large setup violations at the end of those stages might be difficult to fix during the post-placement implementation flow and could be the result of non-optimal XDC constraints or non-optimal design architecture
Related violations: <none>

TIMING-16#355 Warning
Large setup violation  
There is a large setup violation of -1.614 ns between student_top_inst/Core_cpu/u_core/u_backend/u_execute/mem_req_count_q_reg[1]/C (clocked by clk_out2_pll) and student_top_inst/Core_cpu/storeWriteData_q_reg[28]/CE (clocked by clk_out2_pll). Large setup violations at the end of those stages might be difficult to fix during the post-placement implementation flow and could be the result of non-optimal XDC constraints or non-optimal design architecture
Related violations: <none>

TIMING-16#356 Warning
Large setup violation  
There is a large setup violation of -1.614 ns between student_top_inst/Core_cpu/u_core/u_backend/u_execute/mem_req_count_q_reg[1]/C (clocked by clk_out2_pll) and student_top_inst/Core_cpu/storeWriteData_q_reg[29]/CE (clocked by clk_out2_pll). Large setup violations at the end of those stages might be difficult to fix during the post-placement implementation flow and could be the result of non-optimal XDC constraints or non-optimal design architecture
Related violations: <none>

TIMING-16#357 Warning
Large setup violation  
There is a large setup violation of -1.614 ns between student_top_inst/Core_cpu/u_core/u_backend/u_execute/mem_req_count_q_reg[1]/C (clocked by clk_out2_pll) and student_top_inst/Core_cpu/storeWriteData_q_reg[7]/CE (clocked by clk_out2_pll). Large setup violations at the end of those stages might be difficult to fix during the post-placement implementation flow and could be the result of non-optimal XDC constraints or non-optimal design architecture
Related violations: <none>

TIMING-16#358 Warning
Large setup violation  
There is a large setup violation of -1.614 ns between student_top_inst/Core_cpu/u_core/u_backend/u_rename/srat_q_reg[21][5]/C (clocked by clk_out2_pll) and student_top_inst/Core_cpu/u_core/u_backend/dispatch_buffer_entry_q_reg[0][uop][imm_u][18]/D (clocked by clk_out2_pll). Large setup violations at the end of those stages might be difficult to fix during the post-placement implementation flow and could be the result of non-optimal XDC constraints or non-optimal design architecture
Related violations: <none>

TIMING-16#359 Warning
Large setup violation  
There is a large setup violation of -1.614 ns between student_top_inst/Core_cpu/u_core/u_backend/u_rename/srat_q_reg[21][5]/C (clocked by clk_out2_pll) and student_top_inst/Core_cpu/u_core/u_backend/dispatch_buffer_entry_q_reg[0][uop][pc][16]/D (clocked by clk_out2_pll). Large setup violations at the end of those stages might be difficult to fix during the post-placement implementation flow and could be the result of non-optimal XDC constraints or non-optimal design architecture
Related violations: <none>

TIMING-16#360 Warning
Large setup violation  
There is a large setup violation of -1.614 ns between student_top_inst/Core_cpu/u_core/u_backend/u_rename/srat_q_reg[21][5]/C (clocked by clk_out2_pll) and student_top_inst/Core_cpu/u_core/u_backend/dispatch_buffer_entry_q_reg[0][uop][rd][0]/D (clocked by clk_out2_pll). Large setup violations at the end of those stages might be difficult to fix during the post-placement implementation flow and could be the result of non-optimal XDC constraints or non-optimal design architecture
Related violations: <none>

TIMING-16#361 Warning
Large setup violation  
There is a large setup violation of -1.614 ns between student_top_inst/Core_cpu/u_core/u_backend/u_rename/srat_q_reg[21][5]/C (clocked by clk_out2_pll) and student_top_inst/Core_cpu/u_core/u_backend/dispatch_buffer_entry_q_reg[0][uop][rd][1]/D (clocked by clk_out2_pll). Large setup violations at the end of those stages might be difficult to fix during the post-placement implementation flow and could be the result of non-optimal XDC constraints or non-optimal design architecture
Related violations: <none>

TIMING-16#362 Warning
Large setup violation  
There is a large setup violation of -1.615 ns between student_top_inst/Core_cpu/u_core/u_backend/u_rename/srat_q_reg[21][5]/C (clocked by clk_out2_pll) and student_top_inst/Core_cpu/u_core/u_backend/dispatch_buffer_entry_q_reg[0][uop][alu_op][3]/D (clocked by clk_out2_pll). Large setup violations at the end of those stages might be difficult to fix during the post-placement implementation flow and could be the result of non-optimal XDC constraints or non-optimal design architecture
Related violations: <none>

TIMING-16#363 Warning
Large setup violation  
There is a large setup violation of -1.615 ns between student_top_inst/Core_cpu/u_core/u_backend/u_rename/srat_q_reg[21][5]/C (clocked by clk_out2_pll) and student_top_inst/Core_cpu/u_core/u_backend/dispatch_buffer_entry_q_reg[0][uop][imm_b][18]/D (clocked by clk_out2_pll). Large setup violations at the end of those stages might be difficult to fix during the post-placement implementation flow and could be the result of non-optimal XDC constraints or non-optimal design architecture
Related violations: <none>

TIMING-16#364 Warning
Large setup violation  
There is a large setup violation of -1.616 ns between student_top_inst/Core_cpu/u_core/u_backend/u_rename/srat_q_reg[21][5]/C (clocked by clk_out2_pll) and student_top_inst/Core_cpu/u_core/u_backend/dispatch_buffer_entry_q_reg[0][old_prd][5]/D (clocked by clk_out2_pll). Large setup violations at the end of those stages might be difficult to fix during the post-placement implementation flow and could be the result of non-optimal XDC constraints or non-optimal design architecture
Related violations: <none>

TIMING-16#365 Warning
Large setup violation  
There is a large setup violation of -1.617 ns between student_top_inst/Core_cpu/u_core/u_backend/u_rename/srat_q_reg[13][2]/C (clocked by clk_out2_pll) and student_top_inst/Core_cpu/u_core/u_backend/dispatch_buffer_entry_q_reg[0][uop][imm_j][7]/D (clocked by clk_out2_pll). Large setup violations at the end of those stages might be difficult to fix during the post-placement implementation flow and could be the result of non-optimal XDC constraints or non-optimal design architecture
Related violations: <none>

TIMING-16#366 Warning
Large setup violation  
There is a large setup violation of -1.618 ns between student_top_inst/Core_cpu/u_core/u_backend/u_rename/srat_q_reg[13][2]/C (clocked by clk_out2_pll) and student_top_inst/Core_cpu/u_core/u_backend/dispatch_buffer_entry_q_reg[0][uop][imm_b][19]/D (clocked by clk_out2_pll). Large setup violations at the end of those stages might be difficult to fix during the post-placement implementation flow and could be the result of non-optimal XDC constraints or non-optimal design architecture
Related violations: <none>

TIMING-16#367 Warning
Large setup violation  
There is a large setup violation of -1.619 ns between student_top_inst/Core_cpu/u_core/u_backend/u_rename/srat_q_reg[21][5]/C (clocked by clk_out2_pll) and student_top_inst/Core_cpu/u_core/u_backend/dispatch_buffer_entry_q_reg[0][uop][pc][7]/D (clocked by clk_out2_pll). Large setup violations at the end of those stages might be difficult to fix during the post-placement implementation flow and could be the result of non-optimal XDC constraints or non-optimal design architecture
Related violations: <none>

TIMING-16#368 Warning
Large setup violation  
There is a large setup violation of -1.620 ns between student_top_inst/Core_cpu/u_core/u_backend/u_rename/srat_q_reg[21][5]/C (clocked by clk_out2_pll) and student_top_inst/Core_cpu/u_core/u_backend/dispatch_buffer_entry_q_reg[0][uop][is_mret]/D (clocked by clk_out2_pll). Large setup violations at the end of those stages might be difficult to fix during the post-placement implementation flow and could be the result of non-optimal XDC constraints or non-optimal design architecture
Related violations: <none>

TIMING-16#369 Warning
Large setup violation  
There is a large setup violation of -1.621 ns between student_top_inst/Core_cpu/u_core/u_backend/u_rename/srat_q_reg[21][5]/C (clocked by clk_out2_pll) and student_top_inst/Core_cpu/u_core/u_backend/dispatch_buffer_entry_q_reg[0][uop][csr_addr][0]/D (clocked by clk_out2_pll). Large setup violations at the end of those stages might be difficult to fix during the post-placement implementation flow and could be the result of non-optimal XDC constraints or non-optimal design architecture
Related violations: <none>

TIMING-16#370 Warning
Large setup violation  
There is a large setup violation of -1.622 ns between student_top_inst/Core_cpu/u_core/u_backend/u_rename/srat_q_reg[13][2]/C (clocked by clk_out2_pll) and student_top_inst/Core_cpu/u_core/u_backend/dispatch_buffer_entry_q_reg[0][uop][imm_s][4]/D (clocked by clk_out2_pll). Large setup violations at the end of those stages might be difficult to fix during the post-placement implementation flow and could be the result of non-optimal XDC constraints or non-optimal design architecture
Related violations: <none>

TIMING-16#371 Warning
Large setup violation  
There is a large setup violation of -1.623 ns between student_top_inst/Core_cpu/u_core/u_backend/u_execute/mem_req_count_q_reg[1]/C (clocked by clk_out2_pll) and student_top_inst/Core_cpu/storeWriteData_q_reg[21]/CE (clocked by clk_out2_pll). Large setup violations at the end of those stages might be difficult to fix during the post-placement implementation flow and could be the result of non-optimal XDC constraints or non-optimal design architecture
Related violations: <none>

TIMING-16#372 Warning
Large setup violation  
There is a large setup violation of -1.623 ns between student_top_inst/Core_cpu/u_core/u_backend/u_execute/mem_req_count_q_reg[1]/C (clocked by clk_out2_pll) and student_top_inst/Core_cpu/storeWriteData_q_reg[22]/CE (clocked by clk_out2_pll). Large setup violations at the end of those stages might be difficult to fix during the post-placement implementation flow and could be the result of non-optimal XDC constraints or non-optimal design architecture
Related violations: <none>

TIMING-16#373 Warning
Large setup violation  
There is a large setup violation of -1.623 ns between student_top_inst/Core_cpu/u_core/u_backend/u_execute/mem_req_count_q_reg[1]/C (clocked by clk_out2_pll) and student_top_inst/Core_cpu/storeWriteData_q_reg[8]/CE (clocked by clk_out2_pll). Large setup violations at the end of those stages might be difficult to fix during the post-placement implementation flow and could be the result of non-optimal XDC constraints or non-optimal design architecture
Related violations: <none>

TIMING-16#374 Warning
Large setup violation  
There is a large setup violation of -1.623 ns between student_top_inst/Core_cpu/u_core/u_backend/u_execute/mem_req_count_q_reg[1]/C (clocked by clk_out2_pll) and student_top_inst/Core_cpu/storeWriteData_q_reg[9]/CE (clocked by clk_out2_pll). Large setup violations at the end of those stages might be difficult to fix during the post-placement implementation flow and could be the result of non-optimal XDC constraints or non-optimal design architecture
Related violations: <none>

TIMING-16#375 Warning
Large setup violation  
There is a large setup violation of -1.623 ns between student_top_inst/Core_cpu/u_core/u_backend/u_rob/retire_stage_valid_q_reg[1]/C (clocked by clk_out2_pll) and student_top_inst/Core_cpu/storeWriteAddr_q_reg[28]/CE (clocked by clk_out2_pll). Large setup violations at the end of those stages might be difficult to fix during the post-placement implementation flow and could be the result of non-optimal XDC constraints or non-optimal design architecture
Related violations: <none>

TIMING-16#376 Warning
Large setup violation  
There is a large setup violation of -1.624 ns between student_top_inst/Core_cpu/u_core/u_backend/u_rename/srat_q_reg[21][5]/C (clocked by clk_out2_pll) and student_top_inst/Core_cpu/u_core/u_backend/dispatch_buffer_entry_q_reg[0][uop][pred_target][31]/D (clocked by clk_out2_pll). Large setup violations at the end of those stages might be difficult to fix during the post-placement implementation flow and could be the result of non-optimal XDC constraints or non-optimal design architecture
Related violations: <none>

TIMING-16#377 Warning
Large setup violation  
There is a large setup violation of -1.625 ns between student_top_inst/Core_cpu/u_core/u_backend/u_rename/srat_q_reg[21][5]/C (clocked by clk_out2_pll) and student_top_inst/Core_cpu/u_core/u_backend/dispatch_buffer_entry_q_reg[0][uop][pc][15]/D (clocked by clk_out2_pll). Large setup violations at the end of those stages might be difficult to fix during the post-placement implementation flow and could be the result of non-optimal XDC constraints or non-optimal design architecture
Related violations: <none>

TIMING-16#378 Warning
Large setup violation  
There is a large setup violation of -1.627 ns between student_top_inst/Core_cpu/u_core/u_backend/u_rename/srat_q_reg[21][5]/C (clocked by clk_out2_pll) and student_top_inst/Core_cpu/u_core/u_backend/dispatch_buffer_entry_q_reg[0][uop][imm_i][11]/D (clocked by clk_out2_pll). Large setup violations at the end of those stages might be difficult to fix during the post-placement implementation flow and could be the result of non-optimal XDC constraints or non-optimal design architecture
Related violations: <none>

TIMING-16#379 Warning
Large setup violation  
There is a large setup violation of -1.628 ns between student_top_inst/Core_cpu/u_core/u_backend/u_rename/srat_q_reg[13][2]/C (clocked by clk_out2_pll) and student_top_inst/Core_cpu/u_core/u_backend/dispatch_buffer_entry_q_reg[0][uop][imm_j][21]/D (clocked by clk_out2_pll). Large setup violations at the end of those stages might be difficult to fix during the post-placement implementation flow and could be the result of non-optimal XDC constraints or non-optimal design architecture
Related violations: <none>

TIMING-16#380 Warning
Large setup violation  
There is a large setup violation of -1.628 ns between student_top_inst/Core_cpu/u_core/u_backend/u_rename/srat_q_reg[21][5]/C (clocked by clk_out2_pll) and student_top_inst/Core_cpu/u_core/u_backend/dispatch_buffer_entry_q_reg[0][uop][imm_b][15]/D (clocked by clk_out2_pll). Large setup violations at the end of those stages might be difficult to fix during the post-placement implementation flow and could be the result of non-optimal XDC constraints or non-optimal design architecture
Related violations: <none>

TIMING-16#381 Warning
Large setup violation  
There is a large setup violation of -1.629 ns between student_top_inst/Core_cpu/u_core/u_backend/u_rename/srat_q_reg[21][5]/C (clocked by clk_out2_pll) and student_top_inst/Core_cpu/u_core/u_backend/dispatch_buffer_entry_q_reg[0][uop][imm_s][0]/D (clocked by clk_out2_pll). Large setup violations at the end of those stages might be difficult to fix during the post-placement implementation flow and could be the result of non-optimal XDC constraints or non-optimal design architecture
Related violations: <none>

TIMING-16#382 Warning
Large setup violation  
There is a large setup violation of -1.629 ns between student_top_inst/Core_cpu/u_core/u_backend/u_rename/srat_q_reg[21][5]/C (clocked by clk_out2_pll) and student_top_inst/Core_cpu/u_core/u_backend/dispatch_buffer_entry_q_reg[0][uop][pred_target][25]/D (clocked by clk_out2_pll). Large setup violations at the end of those stages might be difficult to fix during the post-placement implementation flow and could be the result of non-optimal XDC constraints or non-optimal design architecture
Related violations: <none>

TIMING-16#383 Warning
Large setup violation  
There is a large setup violation of -1.629 ns between student_top_inst/Core_cpu/u_core/u_backend/u_rename/srat_q_reg[21][5]/C (clocked by clk_out2_pll) and student_top_inst/Core_cpu/u_core/u_backend/dispatch_buffer_entry_q_reg[1][uop][imm_i][26]/D (clocked by clk_out2_pll). Large setup violations at the end of those stages might be difficult to fix during the post-placement implementation flow and could be the result of non-optimal XDC constraints or non-optimal design architecture
Related violations: <none>

TIMING-16#384 Warning
Large setup violation  
There is a large setup violation of -1.630 ns between student_top_inst/Core_cpu/u_core/u_backend/u_rename/srat_q_reg[13][2]/C (clocked by clk_out2_pll) and student_top_inst/Core_cpu/u_core/u_backend/dispatch_buffer_entry_q_reg[0][uop][imm_j][26]/D (clocked by clk_out2_pll). Large setup violations at the end of those stages might be difficult to fix during the post-placement implementation flow and could be the result of non-optimal XDC constraints or non-optimal design architecture
Related violations: <none>

TIMING-16#385 Warning
Large setup violation  
There is a large setup violation of -1.630 ns between student_top_inst/Core_cpu/u_core/u_backend/u_rename/srat_q_reg[21][5]/C (clocked by clk_out2_pll) and student_top_inst/Core_cpu/u_core/u_backend/dispatch_buffer_entry_q_reg[0][uop][pc][2]/D (clocked by clk_out2_pll). Large setup violations at the end of those stages might be difficult to fix during the post-placement implementation flow and could be the result of non-optimal XDC constraints or non-optimal design architecture
Related violations: <none>

TIMING-16#386 Warning
Large setup violation  
There is a large setup violation of -1.630 ns between student_top_inst/Core_cpu/u_core/u_backend/u_rename/srat_q_reg[21][5]/C (clocked by clk_out2_pll) and student_top_inst/Core_cpu/u_core/u_backend/dispatch_buffer_entry_q_reg[0][uop][pred_target][14]/D (clocked by clk_out2_pll). Large setup violations at the end of those stages might be difficult to fix during the post-placement implementation flow and could be the result of non-optimal XDC constraints or non-optimal design architecture
Related violations: <none>

TIMING-16#387 Warning
Large setup violation  
There is a large setup violation of -1.630 ns between student_top_inst/Core_cpu/u_core/u_backend/u_rename/srat_q_reg[21][5]/C (clocked by clk_out2_pll) and student_top_inst/Core_cpu/u_core/u_backend/dispatch_buffer_entry_q_reg[1][uop][imm_i][24]/D (clocked by clk_out2_pll). Large setup violations at the end of those stages might be difficult to fix during the post-placement implementation flow and could be the result of non-optimal XDC constraints or non-optimal design architecture
Related violations: <none>

TIMING-16#388 Warning
Large setup violation  
There is a large setup violation of -1.631 ns between student_top_inst/Core_cpu/u_core/u_backend/u_execute/mem_req_count_q_reg[1]/C (clocked by clk_out2_pll) and student_top_inst/Core_cpu/storeWriteData_q_reg[10]/CE (clocked by clk_out2_pll). Large setup violations at the end of those stages might be difficult to fix during the post-placement implementation flow and could be the result of non-optimal XDC constraints or non-optimal design architecture
Related violations: <none>

TIMING-16#389 Warning
Large setup violation  
There is a large setup violation of -1.631 ns between student_top_inst/Core_cpu/u_core/u_backend/u_execute/mem_req_count_q_reg[1]/C (clocked by clk_out2_pll) and student_top_inst/Core_cpu/storeWriteData_q_reg[11]/CE (clocked by clk_out2_pll). Large setup violations at the end of those stages might be difficult to fix during the post-placement implementation flow and could be the result of non-optimal XDC constraints or non-optimal design architecture
Related violations: <none>

TIMING-16#390 Warning
Large setup violation  
There is a large setup violation of -1.631 ns between student_top_inst/Core_cpu/u_core/u_backend/u_execute/mem_req_count_q_reg[1]/C (clocked by clk_out2_pll) and student_top_inst/Core_cpu/storeWriteData_q_reg[26]/CE (clocked by clk_out2_pll). Large setup violations at the end of those stages might be difficult to fix during the post-placement implementation flow and could be the result of non-optimal XDC constraints or non-optimal design architecture
Related violations: <none>

TIMING-16#391 Warning
Large setup violation  
There is a large setup violation of -1.631 ns between student_top_inst/Core_cpu/u_core/u_backend/u_execute/mem_req_count_q_reg[1]/C (clocked by clk_out2_pll) and student_top_inst/Core_cpu/storeWriteData_q_reg[27]/CE (clocked by clk_out2_pll). Large setup violations at the end of those stages might be difficult to fix during the post-placement implementation flow and could be the result of non-optimal XDC constraints or non-optimal design architecture
Related violations: <none>

TIMING-16#392 Warning
Large setup violation  
There is a large setup violation of -1.631 ns between student_top_inst/Core_cpu/u_core/u_backend/u_rename/srat_q_reg[21][5]/C (clocked by clk_out2_pll) and student_top_inst/Core_cpu/u_core/u_backend/dispatch_buffer_entry_q_reg[0][uop][inst][5]/D (clocked by clk_out2_pll). Large setup violations at the end of those stages might be difficult to fix during the post-placement implementation flow and could be the result of non-optimal XDC constraints or non-optimal design architecture
Related violations: <none>

TIMING-16#393 Warning
Large setup violation  
There is a large setup violation of -1.633 ns between student_top_inst/Core_cpu/u_core/u_backend/u_execute/mem_req_count_q_reg[1]/C (clocked by clk_out2_pll) and student_top_inst/Core_cpu/storeWriteAddr_q_reg[0]/CE (clocked by clk_out2_pll). Large setup violations at the end of those stages might be difficult to fix during the post-placement implementation flow and could be the result of non-optimal XDC constraints or non-optimal design architecture
Related violations: <none>

TIMING-16#394 Warning
Large setup violation  
There is a large setup violation of -1.633 ns between student_top_inst/Core_cpu/u_core/u_backend/u_rename/srat_q_reg[21][5]/C (clocked by clk_out2_pll) and student_top_inst/Core_cpu/u_core/u_backend/dispatch_buffer_entry_q_reg[0][uop][csr_zimm][0]/D (clocked by clk_out2_pll). Large setup violations at the end of those stages might be difficult to fix during the post-placement implementation flow and could be the result of non-optimal XDC constraints or non-optimal design architecture
Related violations: <none>

TIMING-16#395 Warning
Large setup violation  
There is a large setup violation of -1.634 ns between student_top_inst/Core_cpu/u_core/u_backend/u_rename/srat_q_reg[21][5]/C (clocked by clk_out2_pll) and student_top_inst/Core_cpu/u_core/u_backend/dispatch_buffer_entry_q_reg[0][uop][inst][7]/D (clocked by clk_out2_pll). Large setup violations at the end of those stages might be difficult to fix during the post-placement implementation flow and could be the result of non-optimal XDC constraints or non-optimal design architecture
Related violations: <none>

TIMING-16#396 Warning
Large setup violation  
There is a large setup violation of -1.635 ns between student_top_inst/Core_cpu/u_core/u_backend/u_rename/srat_q_reg[13][2]/C (clocked by clk_out2_pll) and student_top_inst/Core_cpu/u_core/u_backend/dispatch_buffer_entry_q_reg[0][uop][imm_j][12]/D (clocked by clk_out2_pll). Large setup violations at the end of those stages might be difficult to fix during the post-placement implementation flow and could be the result of non-optimal XDC constraints or non-optimal design architecture
Related violations: <none>

TIMING-16#397 Warning
Large setup violation  
There is a large setup violation of -1.635 ns between student_top_inst/Core_cpu/u_core/u_backend/u_rename/srat_q_reg[21][5]/C (clocked by clk_out2_pll) and student_top_inst/Core_cpu/u_core/u_backend/dispatch_buffer_entry_q_reg[0][uop][pred_target][6]/D (clocked by clk_out2_pll). Large setup violations at the end of those stages might be difficult to fix during the post-placement implementation flow and could be the result of non-optimal XDC constraints or non-optimal design architecture
Related violations: <none>

TIMING-16#398 Warning
Large setup violation  
There is a large setup violation of -1.636 ns between student_top_inst/Core_cpu/u_core/u_backend/u_rename/srat_q_reg[21][5]/C (clocked by clk_out2_pll) and student_top_inst/Core_cpu/u_core/u_backend/dispatch_buffer_entry_q_reg[0][uop][csr_addr][7]/D (clocked by clk_out2_pll). Large setup violations at the end of those stages might be difficult to fix during the post-placement implementation flow and could be the result of non-optimal XDC constraints or non-optimal design architecture
Related violations: <none>

TIMING-16#399 Warning
Large setup violation  
There is a large setup violation of -1.637 ns between student_top_inst/Core_cpu/u_core/u_backend/u_execute/mem_req_count_q_reg[1]/C (clocked by clk_out2_pll) and student_top_inst/Core_cpu/storeWriteData_q_reg[19]/CE (clocked by clk_out2_pll). Large setup violations at the end of those stages might be difficult to fix during the post-placement implementation flow and could be the result of non-optimal XDC constraints or non-optimal design architecture
Related violations: <none>

TIMING-16#400 Warning
Large setup violation  
There is a large setup violation of -1.637 ns between student_top_inst/Core_cpu/u_core/u_backend/u_execute/mem_req_count_q_reg[1]/C (clocked by clk_out2_pll) and student_top_inst/Core_cpu/storeWriteData_q_reg[20]/CE (clocked by clk_out2_pll). Large setup violations at the end of those stages might be difficult to fix during the post-placement implementation flow and could be the result of non-optimal XDC constraints or non-optimal design architecture
Related violations: <none>

TIMING-16#401 Warning
Large setup violation  
There is a large setup violation of -1.637 ns between student_top_inst/Core_cpu/u_core/u_backend/u_execute/mem_req_count_q_reg[1]/C (clocked by clk_out2_pll) and student_top_inst/Core_cpu/storeWriteData_q_reg[5]/CE (clocked by clk_out2_pll). Large setup violations at the end of those stages might be difficult to fix during the post-placement implementation flow and could be the result of non-optimal XDC constraints or non-optimal design architecture
Related violations: <none>

TIMING-16#402 Warning
Large setup violation  
There is a large setup violation of -1.637 ns between student_top_inst/Core_cpu/u_core/u_backend/u_execute/mem_req_count_q_reg[1]/C (clocked by clk_out2_pll) and student_top_inst/Core_cpu/storeWriteData_q_reg[6]/CE (clocked by clk_out2_pll). Large setup violations at the end of those stages might be difficult to fix during the post-placement implementation flow and could be the result of non-optimal XDC constraints or non-optimal design architecture
Related violations: <none>

TIMING-16#403 Warning
Large setup violation  
There is a large setup violation of -1.637 ns between student_top_inst/Core_cpu/u_core/u_backend/u_rename/srat_q_reg[21][5]/C (clocked by clk_out2_pll) and student_top_inst/Core_cpu/u_core/u_backend/dispatch_buffer_entry_q_reg[0][uop][imm_u][16]/D (clocked by clk_out2_pll). Large setup violations at the end of those stages might be difficult to fix during the post-placement implementation flow and could be the result of non-optimal XDC constraints or non-optimal design architecture
Related violations: <none>

TIMING-16#404 Warning
Large setup violation  
There is a large setup violation of -1.637 ns between student_top_inst/Core_cpu/u_core/u_backend/u_rename/srat_q_reg[21][5]/C (clocked by clk_out2_pll) and student_top_inst/Core_cpu/u_core/u_backend/dispatch_buffer_entry_q_reg[0][uop][imm_u][22]/D (clocked by clk_out2_pll). Large setup violations at the end of those stages might be difficult to fix during the post-placement implementation flow and could be the result of non-optimal XDC constraints or non-optimal design architecture
Related violations: <none>

TIMING-16#405 Warning
Large setup violation  
There is a large setup violation of -1.637 ns between student_top_inst/Core_cpu/u_core/u_backend/u_rename/srat_q_reg[21][5]/C (clocked by clk_out2_pll) and student_top_inst/Core_cpu/u_core/u_backend/dispatch_buffer_entry_q_reg[0][uop][mem_signed]/D (clocked by clk_out2_pll). Large setup violations at the end of those stages might be difficult to fix during the post-placement implementation flow and could be the result of non-optimal XDC constraints or non-optimal design architecture
Related violations: <none>

TIMING-16#406 Warning
Large setup violation  
There is a large setup violation of -1.637 ns between student_top_inst/Core_cpu/u_core/u_backend/u_rename/srat_q_reg[21][5]/C (clocked by clk_out2_pll) and student_top_inst/Core_cpu/u_core/u_backend/dispatch_buffer_entry_q_reg[0][uop][opcode][1]/D (clocked by clk_out2_pll). Large setup violations at the end of those stages might be difficult to fix during the post-placement implementation flow and could be the result of non-optimal XDC constraints or non-optimal design architecture
Related violations: <none>

TIMING-16#407 Warning
Large setup violation  
There is a large setup violation of -1.637 ns between student_top_inst/Core_cpu/u_core/u_backend/u_rename/srat_q_reg[21][5]/C (clocked by clk_out2_pll) and student_top_inst/Core_cpu/u_core/u_backend/dispatch_buffer_entry_q_reg[1][uop][imm_i][14]/D (clocked by clk_out2_pll). Large setup violations at the end of those stages might be difficult to fix during the post-placement implementation flow and could be the result of non-optimal XDC constraints or non-optimal design architecture
Related violations: <none>

TIMING-16#408 Warning
Large setup violation  
There is a large setup violation of -1.638 ns between student_top_inst/Core_cpu/u_core/u_backend/u_rename/srat_q_reg[21][5]/C (clocked by clk_out2_pll) and student_top_inst/Core_cpu/u_core/u_backend/dispatch_buffer_entry_q_reg[0][uop][imm_j][14]/D (clocked by clk_out2_pll). Large setup violations at the end of those stages might be difficult to fix during the post-placement implementation flow and could be the result of non-optimal XDC constraints or non-optimal design architecture
Related violations: <none>

TIMING-16#409 Warning
Large setup violation  
There is a large setup violation of -1.638 ns between student_top_inst/Core_cpu/u_core/u_backend/u_rename/srat_q_reg[21][5]/C (clocked by clk_out2_pll) and student_top_inst/Core_cpu/u_core/u_backend/dispatch_buffer_entry_q_reg[0][uop][opcode][3]/D (clocked by clk_out2_pll). Large setup violations at the end of those stages might be difficult to fix during the post-placement implementation flow and could be the result of non-optimal XDC constraints or non-optimal design architecture
Related violations: <none>

TIMING-16#410 Warning
Large setup violation  
There is a large setup violation of -1.639 ns between student_top_inst/Core_cpu/u_core/u_backend/u_rename/srat_q_reg[13][2]/C (clocked by clk_out2_pll) and student_top_inst/Core_cpu/u_core/u_backend/dispatch_buffer_entry_q_reg[0][uop][imm_i][12]/D (clocked by clk_out2_pll). Large setup violations at the end of those stages might be difficult to fix during the post-placement implementation flow and could be the result of non-optimal XDC constraints or non-optimal design architecture
Related violations: <none>

TIMING-16#411 Warning
Large setup violation  
There is a large setup violation of -1.639 ns between student_top_inst/Core_cpu/u_core/u_backend/u_rename/srat_q_reg[13][2]/C (clocked by clk_out2_pll) and student_top_inst/Core_cpu/u_core/u_backend/dispatch_buffer_entry_q_reg[0][uop][imm_i][19]/D (clocked by clk_out2_pll). Large setup violations at the end of those stages might be difficult to fix during the post-placement implementation flow and could be the result of non-optimal XDC constraints or non-optimal design architecture
Related violations: <none>

TIMING-16#412 Warning
Large setup violation  
There is a large setup violation of -1.639 ns between student_top_inst/Core_cpu/u_core/u_backend/u_rename/srat_q_reg[21][5]/C (clocked by clk_out2_pll) and student_top_inst/Core_cpu/u_core/u_backend/dispatch_buffer_entry_q_reg[0][uop][imm_j][11]/D (clocked by clk_out2_pll). Large setup violations at the end of those stages might be difficult to fix during the post-placement implementation flow and could be the result of non-optimal XDC constraints or non-optimal design architecture
Related violations: <none>

TIMING-16#413 Warning
Large setup violation  
There is a large setup violation of -1.640 ns between student_top_inst/Core_cpu/u_core/u_backend/u_rename/srat_q_reg[21][5]/C (clocked by clk_out2_pll) and student_top_inst/Core_cpu/u_core/u_backend/dispatch_buffer_entry_q_reg[0][uop][csr_addr][10]/D (clocked by clk_out2_pll). Large setup violations at the end of those stages might be difficult to fix during the post-placement implementation flow and could be the result of non-optimal XDC constraints or non-optimal design architecture
Related violations: <none>

TIMING-16#414 Warning
Large setup violation  
There is a large setup violation of -1.640 ns between student_top_inst/Core_cpu/u_core/u_backend/u_rename/srat_q_reg[21][5]/C (clocked by clk_out2_pll) and student_top_inst/Core_cpu/u_core/u_backend/dispatch_buffer_entry_q_reg[0][uop][inst][20]/D (clocked by clk_out2_pll). Large setup violations at the end of those stages might be difficult to fix during the post-placement implementation flow and could be the result of non-optimal XDC constraints or non-optimal design architecture
Related violations: <none>

TIMING-16#415 Warning
Large setup violation  
There is a large setup violation of -1.641 ns between student_top_inst/Core_cpu/u_core/u_backend/u_rename/srat_q_reg[21][5]/C (clocked by clk_out2_pll) and student_top_inst/Core_cpu/u_core/u_backend/dispatch_buffer_entry_q_reg[0][uop][csr_addr][4]/D (clocked by clk_out2_pll). Large setup violations at the end of those stages might be difficult to fix during the post-placement implementation flow and could be the result of non-optimal XDC constraints or non-optimal design architecture
Related violations: <none>

TIMING-16#416 Warning
Large setup violation  
There is a large setup violation of -1.641 ns between student_top_inst/Core_cpu/u_core/u_backend/u_rename/srat_q_reg[21][5]/C (clocked by clk_out2_pll) and student_top_inst/Core_cpu/u_core/u_backend/dispatch_buffer_entry_q_reg[0][uop][imm_i][21]/D (clocked by clk_out2_pll). Large setup violations at the end of those stages might be difficult to fix during the post-placement implementation flow and could be the result of non-optimal XDC constraints or non-optimal design architecture
Related violations: <none>

TIMING-16#417 Warning
Large setup violation  
There is a large setup violation of -1.643 ns between student_top_inst/Core_cpu/u_core/u_backend/u_rename/srat_q_reg[21][5]/C (clocked by clk_out2_pll) and student_top_inst/Core_cpu/u_core/u_backend/dispatch_buffer_entry_q_reg[0][uop][exception_cause][0]/D (clocked by clk_out2_pll). Large setup violations at the end of those stages might be difficult to fix during the post-placement implementation flow and could be the result of non-optimal XDC constraints or non-optimal design architecture
Related violations: <none>

TIMING-16#418 Warning
Large setup violation  
There is a large setup violation of -1.643 ns between student_top_inst/Core_cpu/u_core/u_backend/u_rename/srat_q_reg[21][5]/C (clocked by clk_out2_pll) and student_top_inst/Core_cpu/u_core/u_backend/dispatch_buffer_entry_q_reg[0][uop][exception_cause][1]/D (clocked by clk_out2_pll). Large setup violations at the end of those stages might be difficult to fix during the post-placement implementation flow and could be the result of non-optimal XDC constraints or non-optimal design architecture
Related violations: <none>

TIMING-16#419 Warning
Large setup violation  
There is a large setup violation of -1.643 ns between student_top_inst/Core_cpu/u_core/u_backend/u_rename/srat_q_reg[21][5]/C (clocked by clk_out2_pll) and student_top_inst/Core_cpu/u_core/u_backend/dispatch_buffer_entry_q_reg[0][uop][imm_u][23]/D (clocked by clk_out2_pll). Large setup violations at the end of those stages might be difficult to fix during the post-placement implementation flow and could be the result of non-optimal XDC constraints or non-optimal design architecture
Related violations: <none>

TIMING-16#420 Warning
Large setup violation  
There is a large setup violation of -1.643 ns between student_top_inst/Core_cpu/u_core/u_backend/u_rename/srat_q_reg[21][5]/C (clocked by clk_out2_pll) and student_top_inst/Core_cpu/u_core/u_backend/dispatch_buffer_entry_q_reg[1][uop][imm_i][25]/D (clocked by clk_out2_pll). Large setup violations at the end of those stages might be difficult to fix during the post-placement implementation flow and could be the result of non-optimal XDC constraints or non-optimal design architecture
Related violations: <none>

TIMING-16#421 Warning
Large setup violation  
There is a large setup violation of -1.644 ns between student_top_inst/Core_cpu/u_core/u_backend/u_rename/srat_q_reg[21][5]/C (clocked by clk_out2_pll) and student_top_inst/Core_cpu/u_core/u_backend/dispatch_buffer_entry_q_reg[0][uop][pc][18]/D (clocked by clk_out2_pll). Large setup violations at the end of those stages might be difficult to fix during the post-placement implementation flow and could be the result of non-optimal XDC constraints or non-optimal design architecture
Related violations: <none>

TIMING-16#422 Warning
Large setup violation  
There is a large setup violation of -1.645 ns between student_top_inst/Core_cpu/u_core/u_backend/u_rename/srat_q_reg[21][5]/C (clocked by clk_out2_pll) and student_top_inst/Core_cpu/u_core/u_backend/dispatch_buffer_entry_q_reg[0][uop][imm_u][20]/D (clocked by clk_out2_pll). Large setup violations at the end of those stages might be difficult to fix during the post-placement implementation flow and could be the result of non-optimal XDC constraints or non-optimal design architecture
Related violations: <none>

TIMING-16#423 Warning
Large setup violation  
There is a large setup violation of -1.645 ns between student_top_inst/Core_cpu/u_core/u_backend/u_rename/srat_q_reg[21][5]/C (clocked by clk_out2_pll) and student_top_inst/Core_cpu/u_core/u_backend/dispatch_buffer_entry_q_reg[0][uop][opcode][4]/D (clocked by clk_out2_pll). Large setup violations at the end of those stages might be difficult to fix during the post-placement implementation flow and could be the result of non-optimal XDC constraints or non-optimal design architecture
Related violations: <none>

TIMING-16#424 Warning
Large setup violation  
There is a large setup violation of -1.646 ns between student_top_inst/Core_cpu/u_core/u_backend/u_rename/srat_q_reg[21][5]/C (clocked by clk_out2_pll) and student_top_inst/Core_cpu/u_core/u_backend/dispatch_buffer_entry_q_reg[0][uop][pc][10]/D (clocked by clk_out2_pll). Large setup violations at the end of those stages might be difficult to fix during the post-placement implementation flow and could be the result of non-optimal XDC constraints or non-optimal design architecture
Related violations: <none>

TIMING-16#425 Warning
Large setup violation  
There is a large setup violation of -1.647 ns between student_top_inst/Core_cpu/u_core/u_backend/u_rename/srat_q_reg[13][2]/C (clocked by clk_out2_pll) and student_top_inst/Core_cpu/u_core/u_backend/dispatch_buffer_entry_q_reg[0][uop][imm_j][19]/D (clocked by clk_out2_pll). Large setup violations at the end of those stages might be difficult to fix during the post-placement implementation flow and could be the result of non-optimal XDC constraints or non-optimal design architecture
Related violations: <none>

TIMING-16#426 Warning
Large setup violation  
There is a large setup violation of -1.647 ns between student_top_inst/Core_cpu/u_core/u_backend/u_rename/srat_q_reg[21][5]/C (clocked by clk_out2_pll) and student_top_inst/Core_cpu/u_core/u_backend/dispatch_buffer_entry_q_reg[0][uop][csr_addr][5]/D (clocked by clk_out2_pll). Large setup violations at the end of those stages might be difficult to fix during the post-placement implementation flow and could be the result of non-optimal XDC constraints or non-optimal design architecture
Related violations: <none>

TIMING-16#427 Warning
Large setup violation  
There is a large setup violation of -1.647 ns between student_top_inst/Core_cpu/u_core/u_backend/u_rename/srat_q_reg[21][5]/C (clocked by clk_out2_pll) and student_top_inst/Core_cpu/u_core/u_backend/dispatch_buffer_entry_q_reg[0][uop][imm_i][2]/D (clocked by clk_out2_pll). Large setup violations at the end of those stages might be difficult to fix during the post-placement implementation flow and could be the result of non-optimal XDC constraints or non-optimal design architecture
Related violations: <none>

TIMING-16#428 Warning
Large setup violation  
There is a large setup violation of -1.648 ns between student_top_inst/Core_cpu/u_core/u_backend/u_rename/srat_q_reg[13][2]/C (clocked by clk_out2_pll) and student_top_inst/Core_cpu/u_core/u_backend/dispatch_buffer_entry_q_reg[0][uop][imm_i][23]/D (clocked by clk_out2_pll). Large setup violations at the end of those stages might be difficult to fix during the post-placement implementation flow and could be the result of non-optimal XDC constraints or non-optimal design architecture
Related violations: <none>

TIMING-16#429 Warning
Large setup violation  
There is a large setup violation of -1.648 ns between student_top_inst/Core_cpu/u_core/u_backend/u_rename/srat_q_reg[13][2]/C (clocked by clk_out2_pll) and student_top_inst/Core_cpu/u_core/u_backend/dispatch_buffer_entry_q_reg[0][uop][imm_s][22]/D (clocked by clk_out2_pll). Large setup violations at the end of those stages might be difficult to fix during the post-placement implementation flow and could be the result of non-optimal XDC constraints or non-optimal design architecture
Related violations: <none>

TIMING-16#430 Warning
Large setup violation  
There is a large setup violation of -1.648 ns between student_top_inst/Core_cpu/u_core/u_backend/u_rename/srat_q_reg[13][2]/C (clocked by clk_out2_pll) and student_top_inst/Core_cpu/u_core/u_backend/dispatch_buffer_entry_q_reg[0][uop][imm_s][26]/D (clocked by clk_out2_pll). Large setup violations at the end of those stages might be difficult to fix during the post-placement implementation flow and could be the result of non-optimal XDC constraints or non-optimal design architecture
Related violations: <none>

TIMING-16#431 Warning
Large setup violation  
There is a large setup violation of -1.648 ns between student_top_inst/Core_cpu/u_core/u_backend/u_rename/srat_q_reg[21][5]/C (clocked by clk_out2_pll) and student_top_inst/Core_cpu/u_core/u_backend/dispatch_buffer_entry_q_reg[1][uop][imm_i][23]/D (clocked by clk_out2_pll). Large setup violations at the end of those stages might be difficult to fix during the post-placement implementation flow and could be the result of non-optimal XDC constraints or non-optimal design architecture
Related violations: <none>

TIMING-16#432 Warning
Large setup violation  
There is a large setup violation of -1.649 ns between student_top_inst/Core_cpu/u_core/u_backend/u_rename/srat_q_reg[21][5]/C (clocked by clk_out2_pll) and student_top_inst/Core_cpu/u_core/u_backend/dispatch_buffer_entry_q_reg[0][uop][muldiv_op][1]/D (clocked by clk_out2_pll). Large setup violations at the end of those stages might be difficult to fix during the post-placement implementation flow and could be the result of non-optimal XDC constraints or non-optimal design architecture
Related violations: <none>

TIMING-16#433 Warning
Large setup violation  
There is a large setup violation of -1.650 ns between student_top_inst/Core_cpu/u_core/u_backend/u_rename/srat_q_reg[21][5]/C (clocked by clk_out2_pll) and student_top_inst/Core_cpu/u_core/u_backend/dispatch_buffer_entry_q_reg[1][uop][imm_b][21]/D (clocked by clk_out2_pll). Large setup violations at the end of those stages might be difficult to fix during the post-placement implementation flow and could be the result of non-optimal XDC constraints or non-optimal design architecture
Related violations: <none>

TIMING-16#434 Warning
Large setup violation  
There is a large setup violation of -1.651 ns between student_top_inst/Core_cpu/u_core/u_backend/u_rename/srat_q_reg[13][2]/C (clocked by clk_out2_pll) and student_top_inst/Core_cpu/u_core/u_backend/dispatch_buffer_entry_q_reg[0][uop][imm_j][9]/D (clocked by clk_out2_pll). Large setup violations at the end of those stages might be difficult to fix during the post-placement implementation flow and could be the result of non-optimal XDC constraints or non-optimal design architecture
Related violations: <none>

TIMING-16#435 Warning
Large setup violation  
There is a large setup violation of -1.652 ns between student_top_inst/Core_cpu/u_core/u_backend/u_rename/srat_q_reg[21][5]/C (clocked by clk_out2_pll) and student_top_inst/Core_cpu/u_core/u_backend/dispatch_buffer_entry_q_reg[0][uop][imm_b][31]/D (clocked by clk_out2_pll). Large setup violations at the end of those stages might be difficult to fix during the post-placement implementation flow and could be the result of non-optimal XDC constraints or non-optimal design architecture
Related violations: <none>

TIMING-16#436 Warning
Large setup violation  
There is a large setup violation of -1.652 ns between student_top_inst/Core_cpu/u_core/u_backend/u_rename/srat_q_reg[21][5]/C (clocked by clk_out2_pll) and student_top_inst/Core_cpu/u_core/u_backend/dispatch_buffer_entry_q_reg[0][uop][pc][8]/D (clocked by clk_out2_pll). Large setup violations at the end of those stages might be difficult to fix during the post-placement implementation flow and could be the result of non-optimal XDC constraints or non-optimal design architecture
Related violations: <none>

TIMING-16#437 Warning
Large setup violation  
There is a large setup violation of -1.653 ns between student_top_inst/Core_cpu/u_core/u_backend/u_rename/srat_q_reg[21][5]/C (clocked by clk_out2_pll) and student_top_inst/Core_cpu/u_core/u_backend/dispatch_buffer_entry_q_reg[0][uop][inst][14]/D (clocked by clk_out2_pll). Large setup violations at the end of those stages might be difficult to fix during the post-placement implementation flow and could be the result of non-optimal XDC constraints or non-optimal design architecture
Related violations: <none>

TIMING-16#438 Warning
Large setup violation  
There is a large setup violation of -1.655 ns between student_top_inst/Core_cpu/u_core/u_backend/u_rename/srat_q_reg[21][5]/C (clocked by clk_out2_pll) and student_top_inst/Core_cpu/u_core/u_backend/dispatch_buffer_entry_q_reg[0][uop][imm_u][14]/D (clocked by clk_out2_pll). Large setup violations at the end of those stages might be difficult to fix during the post-placement implementation flow and could be the result of non-optimal XDC constraints or non-optimal design architecture
Related violations: <none>

TIMING-16#439 Warning
Large setup violation  
There is a large setup violation of -1.655 ns between student_top_inst/Core_cpu/u_core/u_backend/u_rename/srat_q_reg[21][5]/C (clocked by clk_out2_pll) and student_top_inst/Core_cpu/u_core/u_backend/dispatch_buffer_entry_q_reg[0][uop][pc][1]/D (clocked by clk_out2_pll). Large setup violations at the end of those stages might be difficult to fix during the post-placement implementation flow and could be the result of non-optimal XDC constraints or non-optimal design architecture
Related violations: <none>

TIMING-16#440 Warning
Large setup violation  
There is a large setup violation of -1.655 ns between student_top_inst/Core_cpu/u_core/u_backend/u_rename/srat_q_reg[21][5]/C (clocked by clk_out2_pll) and student_top_inst/Core_cpu/u_core/u_backend/dispatch_buffer_entry_q_reg[1][uop][imm_i][13]/D (clocked by clk_out2_pll). Large setup violations at the end of those stages might be difficult to fix during the post-placement implementation flow and could be the result of non-optimal XDC constraints or non-optimal design architecture
Related violations: <none>

TIMING-16#441 Warning
Large setup violation  
There is a large setup violation of -1.656 ns between student_top_inst/Core_cpu/u_core/u_backend/u_rename/srat_q_reg[21][5]/C (clocked by clk_out2_pll) and student_top_inst/Core_cpu/u_core/u_backend/dispatch_buffer_entry_q_reg[1][uop][alu_op][2]/D (clocked by clk_out2_pll). Large setup violations at the end of those stages might be difficult to fix during the post-placement implementation flow and could be the result of non-optimal XDC constraints or non-optimal design architecture
Related violations: <none>

TIMING-16#442 Warning
Large setup violation  
There is a large setup violation of -1.657 ns between student_top_inst/Core_cpu/u_core/u_backend/u_rename/srat_q_reg[21][5]/C (clocked by clk_out2_pll) and student_top_inst/Core_cpu/u_core/u_backend/dispatch_buffer_entry_q_reg[0][uop][rd][3]/D (clocked by clk_out2_pll). Large setup violations at the end of those stages might be difficult to fix during the post-placement implementation flow and could be the result of non-optimal XDC constraints or non-optimal design architecture
Related violations: <none>

TIMING-16#443 Warning
Large setup violation  
There is a large setup violation of -1.658 ns between student_top_inst/Core_cpu/u_core/u_backend/u_rename/srat_q_reg[13][2]/C (clocked by clk_out2_pll) and student_top_inst/Core_cpu/u_core/u_backend/dispatch_buffer_entry_q_reg[0][uop][imm_i][31]/D (clocked by clk_out2_pll). Large setup violations at the end of those stages might be difficult to fix during the post-placement implementation flow and could be the result of non-optimal XDC constraints or non-optimal design architecture
Related violations: <none>

TIMING-16#444 Warning
Large setup violation  
There is a large setup violation of -1.658 ns between student_top_inst/Core_cpu/u_core/u_backend/u_rename/srat_q_reg[13][2]/C (clocked by clk_out2_pll) and student_top_inst/Core_cpu/u_core/u_backend/dispatch_buffer_entry_q_reg[0][uop][inst][12]/D (clocked by clk_out2_pll). Large setup violations at the end of those stages might be difficult to fix during the post-placement implementation flow and could be the result of non-optimal XDC constraints or non-optimal design architecture
Related violations: <none>

TIMING-16#445 Warning
Large setup violation  
There is a large setup violation of -1.658 ns between student_top_inst/Core_cpu/u_core/u_backend/u_rename/srat_q_reg[21][5]/C (clocked by clk_out2_pll) and student_top_inst/Core_cpu/u_core/u_backend/dispatch_buffer_entry_q_reg[0][uop][is_load]/D (clocked by clk_out2_pll). Large setup violations at the end of those stages might be difficult to fix during the post-placement implementation flow and could be the result of non-optimal XDC constraints or non-optimal design architecture
Related violations: <none>

TIMING-16#446 Warning
Large setup violation  
There is a large setup violation of -1.659 ns between student_top_inst/Core_cpu/u_core/u_backend/u_rename/srat_q_reg[21][5]/C (clocked by clk_out2_pll) and student_top_inst/Core_cpu/u_core/u_backend/dispatch_buffer_entry_q_reg[0][old_prd][3]/D (clocked by clk_out2_pll). Large setup violations at the end of those stages might be difficult to fix during the post-placement implementation flow and could be the result of non-optimal XDC constraints or non-optimal design architecture
Related violations: <none>

TIMING-16#447 Warning
Large setup violation  
There is a large setup violation of -1.659 ns between student_top_inst/Core_cpu/u_core/u_backend/u_rename/srat_q_reg[21][5]/C (clocked by clk_out2_pll) and student_top_inst/Core_cpu/u_core/u_backend/dispatch_buffer_entry_q_reg[0][uop][pc][19]/D (clocked by clk_out2_pll). Large setup violations at the end of those stages might be difficult to fix during the post-placement implementation flow and could be the result of non-optimal XDC constraints or non-optimal design architecture
Related violations: <none>

TIMING-16#448 Warning
Large setup violation  
There is a large setup violation of -1.659 ns between student_top_inst/Core_cpu/u_core/u_backend/u_rename/srat_q_reg[21][5]/C (clocked by clk_out2_pll) and student_top_inst/Core_cpu/u_core/u_backend/dispatch_buffer_entry_q_reg[0][uop][pc][27]/D (clocked by clk_out2_pll). Large setup violations at the end of those stages might be difficult to fix during the post-placement implementation flow and could be the result of non-optimal XDC constraints or non-optimal design architecture
Related violations: <none>

TIMING-16#449 Warning
Large setup violation  
There is a large setup violation of -1.660 ns between student_top_inst/Core_cpu/u_core/u_backend/u_rename/srat_q_reg[21][5]/C (clocked by clk_out2_pll) and student_top_inst/Core_cpu/u_core/u_backend/dispatch_buffer_entry_q_reg[0][uop][inst][2]/D (clocked by clk_out2_pll). Large setup violations at the end of those stages might be difficult to fix during the post-placement implementation flow and could be the result of non-optimal XDC constraints or non-optimal design architecture
Related violations: <none>

TIMING-16#450 Warning
Large setup violation  
There is a large setup violation of -1.661 ns between student_top_inst/Core_cpu/u_core/u_backend/u_rename/srat_q_reg[21][5]/C (clocked by clk_out2_pll) and student_top_inst/Core_cpu/u_core/u_backend/dispatch_buffer_entry_q_reg[0][uop][inst][0]/D (clocked by clk_out2_pll). Large setup violations at the end of those stages might be difficult to fix during the post-placement implementation flow and could be the result of non-optimal XDC constraints or non-optimal design architecture
Related violations: <none>

TIMING-16#451 Warning
Large setup violation  
There is a large setup violation of -1.662 ns between student_top_inst/Core_cpu/u_core/u_backend/u_rename/srat_q_reg[21][5]/C (clocked by clk_out2_pll) and student_top_inst/Core_cpu/u_core/u_backend/dispatch_buffer_entry_q_reg[0][uop][is_jal]/D (clocked by clk_out2_pll). Large setup violations at the end of those stages might be difficult to fix during the post-placement implementation flow and could be the result of non-optimal XDC constraints or non-optimal design architecture
Related violations: <none>

TIMING-16#452 Warning
Large setup violation  
There is a large setup violation of -1.663 ns between student_top_inst/Core_cpu/u_core/u_backend/u_rename/srat_q_reg[21][5]/C (clocked by clk_out2_pll) and student_top_inst/Core_cpu/u_core/u_backend/dispatch_buffer_entry_q_reg[0][uop][pc][4]/D (clocked by clk_out2_pll). Large setup violations at the end of those stages might be difficult to fix during the post-placement implementation flow and could be the result of non-optimal XDC constraints or non-optimal design architecture
Related violations: <none>

TIMING-16#453 Warning
Large setup violation  
There is a large setup violation of -1.663 ns between student_top_inst/Core_cpu/u_core/u_backend/u_rename/srat_q_reg[21][5]/C (clocked by clk_out2_pll) and student_top_inst/Core_cpu/u_core/u_backend/dispatch_buffer_entry_q_reg[0][uop][pred_target][13]/D (clocked by clk_out2_pll). Large setup violations at the end of those stages might be difficult to fix during the post-placement implementation flow and could be the result of non-optimal XDC constraints or non-optimal design architecture
Related violations: <none>

TIMING-16#454 Warning
Large setup violation  
There is a large setup violation of -1.665 ns between student_top_inst/Core_cpu/u_core/u_backend/u_rename/srat_q_reg[21][5]/C (clocked by clk_out2_pll) and student_top_inst/Core_cpu/u_core/u_backend/dispatch_buffer_entry_q_reg[0][uop][pc][6]/D (clocked by clk_out2_pll). Large setup violations at the end of those stages might be difficult to fix during the post-placement implementation flow and could be the result of non-optimal XDC constraints or non-optimal design architecture
Related violations: <none>

TIMING-16#455 Warning
Large setup violation  
There is a large setup violation of -1.666 ns between student_top_inst/Core_cpu/u_core/u_backend/u_rename/srat_q_reg[21][5]/C (clocked by clk_out2_pll) and student_top_inst/Core_cpu/u_core/u_backend/dispatch_buffer_entry_q_reg[0][uop][pc][29]/D (clocked by clk_out2_pll). Large setup violations at the end of those stages might be difficult to fix during the post-placement implementation flow and could be the result of non-optimal XDC constraints or non-optimal design architecture
Related violations: <none>

TIMING-16#456 Warning
Large setup violation  
There is a large setup violation of -1.666 ns between student_top_inst/Core_cpu/u_core/u_backend/u_rename/srat_q_reg[21][5]/C (clocked by clk_out2_pll) and student_top_inst/Core_cpu/u_core/u_backend/dispatch_buffer_entry_q_reg[0][uop][pc][5]/D (clocked by clk_out2_pll). Large setup violations at the end of those stages might be difficult to fix during the post-placement implementation flow and could be the result of non-optimal XDC constraints or non-optimal design architecture
Related violations: <none>

TIMING-16#457 Warning
Large setup violation  
There is a large setup violation of -1.667 ns between student_top_inst/Core_cpu/u_core/u_backend/u_rename/srat_q_reg[13][2]/C (clocked by clk_out2_pll) and student_top_inst/Core_cpu/u_core/u_backend/dispatch_buffer_entry_q_reg[0][uop][imm_j][22]/D (clocked by clk_out2_pll). Large setup violations at the end of those stages might be difficult to fix during the post-placement implementation flow and could be the result of non-optimal XDC constraints or non-optimal design architecture
Related violations: <none>

TIMING-16#458 Warning
Large setup violation  
There is a large setup violation of -1.667 ns between student_top_inst/Core_cpu/u_core/u_backend/u_rename/srat_q_reg[21][5]/C (clocked by clk_out2_pll) and student_top_inst/Core_cpu/u_core/u_backend/dispatch_buffer_entry_q_reg[0][uop][imm_s][24]/D (clocked by clk_out2_pll). Large setup violations at the end of those stages might be difficult to fix during the post-placement implementation flow and could be the result of non-optimal XDC constraints or non-optimal design architecture
Related violations: <none>

TIMING-16#459 Warning
Large setup violation  
There is a large setup violation of -1.668 ns between student_top_inst/Core_cpu/u_core/u_backend/u_rename/srat_q_reg[21][5]/C (clocked by clk_out2_pll) and student_top_inst/Core_cpu/u_core/u_backend/dispatch_buffer_entry_q_reg[0][uop][imm_s][23]/D (clocked by clk_out2_pll). Large setup violations at the end of those stages might be difficult to fix during the post-placement implementation flow and could be the result of non-optimal XDC constraints or non-optimal design architecture
Related violations: <none>

TIMING-16#460 Warning
Large setup violation  
There is a large setup violation of -1.668 ns between student_top_inst/Core_cpu/u_core/u_backend/u_rename/srat_q_reg[21][5]/C (clocked by clk_out2_pll) and student_top_inst/Core_cpu/u_core/u_backend/dispatch_buffer_entry_q_reg[1][uop][imm_b][20]/D (clocked by clk_out2_pll). Large setup violations at the end of those stages might be difficult to fix during the post-placement implementation flow and could be the result of non-optimal XDC constraints or non-optimal design architecture
Related violations: <none>

TIMING-16#461 Warning
Large setup violation  
There is a large setup violation of -1.669 ns between student_top_inst/Core_cpu/u_core/u_backend/u_rename/srat_q_reg[13][2]/C (clocked by clk_out2_pll) and student_top_inst/Core_cpu/u_core/u_backend/dispatch_buffer_entry_q_reg[0][uop][imm_s][13]/D (clocked by clk_out2_pll). Large setup violations at the end of those stages might be difficult to fix during the post-placement implementation flow and could be the result of non-optimal XDC constraints or non-optimal design architecture
Related violations: <none>

TIMING-16#462 Warning
Large setup violation  
There is a large setup violation of -1.671 ns between student_top_inst/Core_cpu/u_core/u_backend/u_rename/srat_q_reg[13][2]/C (clocked by clk_out2_pll) and student_top_inst/Core_cpu/u_core/u_backend/dispatch_buffer_entry_q_reg[0][uop][imm_j][27]/D (clocked by clk_out2_pll). Large setup violations at the end of those stages might be difficult to fix during the post-placement implementation flow and could be the result of non-optimal XDC constraints or non-optimal design architecture
Related violations: <none>

TIMING-16#463 Warning
Large setup violation  
There is a large setup violation of -1.673 ns between student_top_inst/Core_cpu/u_core/u_backend/u_rename/srat_q_reg[13][2]/C (clocked by clk_out2_pll) and student_top_inst/Core_cpu/u_core/u_backend/dispatch_buffer_entry_q_reg[0][uop][imm_i][15]/D (clocked by clk_out2_pll). Large setup violations at the end of those stages might be difficult to fix during the post-placement implementation flow and could be the result of non-optimal XDC constraints or non-optimal design architecture
Related violations: <none>

TIMING-16#464 Warning
Large setup violation  
There is a large setup violation of -1.673 ns between student_top_inst/Core_cpu/u_core/u_backend/u_rename/srat_q_reg[13][2]/C (clocked by clk_out2_pll) and student_top_inst/Core_cpu/u_core/u_backend/dispatch_buffer_entry_q_reg[0][uop][imm_i][18]/D (clocked by clk_out2_pll). Large setup violations at the end of those stages might be difficult to fix during the post-placement implementation flow and could be the result of non-optimal XDC constraints or non-optimal design architecture
Related violations: <none>

TIMING-16#465 Warning
Large setup violation  
There is a large setup violation of -1.673 ns between student_top_inst/Core_cpu/u_core/u_backend/u_rename/srat_q_reg[21][5]/C (clocked by clk_out2_pll) and student_top_inst/Core_cpu/u_core/u_backend/dispatch_buffer_entry_q_reg[0][uop][pred_target][12]/D (clocked by clk_out2_pll). Large setup violations at the end of those stages might be difficult to fix during the post-placement implementation flow and could be the result of non-optimal XDC constraints or non-optimal design architecture
Related violations: <none>

TIMING-16#466 Warning
Large setup violation  
There is a large setup violation of -1.673 ns between student_top_inst/Core_cpu/u_core/u_backend/u_rename/srat_q_reg[21][5]/C (clocked by clk_out2_pll) and student_top_inst/Core_cpu/u_core/u_backend/dispatch_buffer_entry_q_reg[0][uop][rs1][1]/D (clocked by clk_out2_pll). Large setup violations at the end of those stages might be difficult to fix during the post-placement implementation flow and could be the result of non-optimal XDC constraints or non-optimal design architecture
Related violations: <none>

TIMING-16#467 Warning
Large setup violation  
There is a large setup violation of -1.674 ns between student_top_inst/Core_cpu/u_core/u_backend/u_rename/srat_q_reg[21][5]/C (clocked by clk_out2_pll) and student_top_inst/Core_cpu/u_core/u_backend/dispatch_buffer_entry_q_reg[1][uop][imm_i][18]/D (clocked by clk_out2_pll). Large setup violations at the end of those stages might be difficult to fix during the post-placement implementation flow and could be the result of non-optimal XDC constraints or non-optimal design architecture
Related violations: <none>

TIMING-16#468 Warning
Large setup violation  
There is a large setup violation of -1.675 ns between student_top_inst/Core_cpu/u_core/u_backend/u_rename/srat_q_reg[21][5]/C (clocked by clk_out2_pll) and student_top_inst/Core_cpu/u_core/u_backend/dispatch_buffer_entry_q_reg[0][uop][pc][30]/D (clocked by clk_out2_pll). Large setup violations at the end of those stages might be difficult to fix during the post-placement implementation flow and could be the result of non-optimal XDC constraints or non-optimal design architecture
Related violations: <none>

TIMING-16#469 Warning
Large setup violation  
There is a large setup violation of -1.676 ns between student_top_inst/Core_cpu/u_core/u_backend/u_rename/srat_q_reg[21][5]/C (clocked by clk_out2_pll) and student_top_inst/Core_cpu/u_core/u_backend/dispatch_buffer_entry_q_reg[0][uop][pc][28]/D (clocked by clk_out2_pll). Large setup violations at the end of those stages might be difficult to fix during the post-placement implementation flow and could be the result of non-optimal XDC constraints or non-optimal design architecture
Related violations: <none>

TIMING-16#470 Warning
Large setup violation  
There is a large setup violation of -1.677 ns between student_top_inst/Core_cpu/u_core/u_backend/u_rename/srat_q_reg[21][5]/C (clocked by clk_out2_pll) and student_top_inst/Core_cpu/u_core/u_backend/dispatch_buffer_entry_q_reg[0][uop][csr_addr][6]/D (clocked by clk_out2_pll). Large setup violations at the end of those stages might be difficult to fix during the post-placement implementation flow and could be the result of non-optimal XDC constraints or non-optimal design architecture
Related violations: <none>

TIMING-16#471 Warning
Large setup violation  
There is a large setup violation of -1.677 ns between student_top_inst/Core_cpu/u_core/u_backend/u_rob/retire_stage_valid_q_reg[1]/C (clocked by clk_out2_pll) and student_top_inst/Core_cpu/storeWriteAddr_q_reg[22]/CE (clocked by clk_out2_pll). Large setup violations at the end of those stages might be difficult to fix during the post-placement implementation flow and could be the result of non-optimal XDC constraints or non-optimal design architecture
Related violations: <none>

TIMING-16#472 Warning
Large setup violation  
There is a large setup violation of -1.678 ns between student_top_inst/Core_cpu/u_core/u_backend/u_rename/srat_q_reg[13][2]/C (clocked by clk_out2_pll) and student_top_inst/Core_cpu/u_core/u_backend/dispatch_buffer_entry_q_reg[0][uop][imm_b][29]/D (clocked by clk_out2_pll). Large setup violations at the end of those stages might be difficult to fix during the post-placement implementation flow and could be the result of non-optimal XDC constraints or non-optimal design architecture
Related violations: <none>

TIMING-16#473 Warning
Large setup violation  
There is a large setup violation of -1.680 ns between student_top_inst/Core_cpu/u_core/u_backend/u_rename/srat_q_reg[21][5]/C (clocked by clk_out2_pll) and student_top_inst/Core_cpu/u_core/u_backend/dispatch_buffer_entry_q_reg[0][uop][rs1][4]/D (clocked by clk_out2_pll). Large setup violations at the end of those stages might be difficult to fix during the post-placement implementation flow and could be the result of non-optimal XDC constraints or non-optimal design architecture
Related violations: <none>

TIMING-16#474 Warning
Large setup violation  
There is a large setup violation of -1.680 ns between student_top_inst/Core_cpu/u_core/u_backend/u_rename/srat_q_reg[21][5]/C (clocked by clk_out2_pll) and student_top_inst/Core_cpu/u_core/u_backend/dispatch_buffer_entry_q_reg[1][uop][csr_addr][9]/D (clocked by clk_out2_pll). Large setup violations at the end of those stages might be difficult to fix during the post-placement implementation flow and could be the result of non-optimal XDC constraints or non-optimal design architecture
Related violations: <none>

TIMING-16#475 Warning
Large setup violation  
There is a large setup violation of -1.681 ns between student_top_inst/Core_cpu/u_core/u_backend/u_rename/srat_q_reg[13][2]/C (clocked by clk_out2_pll) and student_top_inst/Core_cpu/u_core/u_backend/dispatch_buffer_entry_q_reg[0][uop][imm_b][16]/D (clocked by clk_out2_pll). Large setup violations at the end of those stages might be difficult to fix during the post-placement implementation flow and could be the result of non-optimal XDC constraints or non-optimal design architecture
Related violations: <none>

TIMING-16#476 Warning
Large setup violation  
There is a large setup violation of -1.681 ns between student_top_inst/Core_cpu/u_core/u_backend/u_rename/srat_q_reg[21][5]/C (clocked by clk_out2_pll) and student_top_inst/Core_cpu/u_core/u_backend/dispatch_buffer_entry_q_reg[0][uop][inst][21]/D (clocked by clk_out2_pll). Large setup violations at the end of those stages might be difficult to fix during the post-placement implementation flow and could be the result of non-optimal XDC constraints or non-optimal design architecture
Related violations: <none>

TIMING-16#477 Warning
Large setup violation  
There is a large setup violation of -1.683 ns between student_top_inst/Core_cpu/u_core/u_backend/u_rename/srat_q_reg[21][5]/C (clocked by clk_out2_pll) and student_top_inst/Core_cpu/u_core/u_backend/dispatch_buffer_entry_q_reg[0][uop][inst][16]/D (clocked by clk_out2_pll). Large setup violations at the end of those stages might be difficult to fix during the post-placement implementation flow and could be the result of non-optimal XDC constraints or non-optimal design architecture
Related violations: <none>

TIMING-16#478 Warning
Large setup violation  
There is a large setup violation of -1.684 ns between student_top_inst/Core_cpu/u_core/u_backend/u_rename/srat_q_reg[21][5]/C (clocked by clk_out2_pll) and student_top_inst/Core_cpu/u_core/u_backend/dispatch_buffer_entry_q_reg[1][uop][imm_i][16]/D (clocked by clk_out2_pll). Large setup violations at the end of those stages might be difficult to fix during the post-placement implementation flow and could be the result of non-optimal XDC constraints or non-optimal design architecture
Related violations: <none>

TIMING-16#479 Warning
Large setup violation  
There is a large setup violation of -1.687 ns between student_top_inst/Core_cpu/u_core/u_backend/u_rename/srat_q_reg[21][5]/C (clocked by clk_out2_pll) and student_top_inst/Core_cpu/u_core/u_backend/dispatch_buffer_entry_q_reg[0][uop][imm_j][15]/D (clocked by clk_out2_pll). Large setup violations at the end of those stages might be difficult to fix during the post-placement implementation flow and could be the result of non-optimal XDC constraints or non-optimal design architecture
Related violations: <none>

TIMING-16#480 Warning
Large setup violation  
There is a large setup violation of -1.688 ns between student_top_inst/Core_cpu/u_core/u_backend/u_execute/mem_req_count_q_reg[1]/C (clocked by clk_out2_pll) and student_top_inst/Core_cpu/storeWriteData_q_reg[23]/CE (clocked by clk_out2_pll). Large setup violations at the end of those stages might be difficult to fix during the post-placement implementation flow and could be the result of non-optimal XDC constraints or non-optimal design architecture
Related violations: <none>

TIMING-16#481 Warning
Large setup violation  
There is a large setup violation of -1.688 ns between student_top_inst/Core_cpu/u_core/u_backend/u_execute/mem_req_count_q_reg[1]/C (clocked by clk_out2_pll) and student_top_inst/Core_cpu/storeWriteData_q_reg[30]/CE (clocked by clk_out2_pll). Large setup violations at the end of those stages might be difficult to fix during the post-placement implementation flow and could be the result of non-optimal XDC constraints or non-optimal design architecture
Related violations: <none>

TIMING-16#482 Warning
Large setup violation  
There is a large setup violation of -1.688 ns between student_top_inst/Core_cpu/u_core/u_backend/u_execute/mem_req_count_q_reg[1]/C (clocked by clk_out2_pll) and student_top_inst/Core_cpu/storeWriteData_q_reg[31]/CE (clocked by clk_out2_pll). Large setup violations at the end of those stages might be difficult to fix during the post-placement implementation flow and could be the result of non-optimal XDC constraints or non-optimal design architecture
Related violations: <none>

TIMING-16#483 Warning
Large setup violation  
There is a large setup violation of -1.688 ns between student_top_inst/Core_cpu/u_core/u_backend/u_execute/mem_req_count_q_reg[1]/C (clocked by clk_out2_pll) and student_top_inst/Core_cpu/storeWriteData_q_reg[4]/CE (clocked by clk_out2_pll). Large setup violations at the end of those stages might be difficult to fix during the post-placement implementation flow and could be the result of non-optimal XDC constraints or non-optimal design architecture
Related violations: <none>

TIMING-16#484 Warning
Large setup violation  
There is a large setup violation of -1.688 ns between student_top_inst/Core_cpu/u_core/u_backend/u_rename/srat_q_reg[21][5]/C (clocked by clk_out2_pll) and student_top_inst/Core_cpu/u_core/u_backend/dispatch_buffer_entry_q_reg[1][uop][imm_i][17]/D (clocked by clk_out2_pll). Large setup violations at the end of those stages might be difficult to fix during the post-placement implementation flow and could be the result of non-optimal XDC constraints or non-optimal design architecture
Related violations: <none>

TIMING-16#485 Warning
Large setup violation  
There is a large setup violation of -1.689 ns between student_top_inst/Core_cpu/u_core/u_backend/u_rename/srat_q_reg[21][5]/C (clocked by clk_out2_pll) and student_top_inst/Core_cpu/u_core/u_backend/dispatch_buffer_entry_q_reg[0][uop][pred_target][30]/D (clocked by clk_out2_pll). Large setup violations at the end of those stages might be difficult to fix during the post-placement implementation flow and could be the result of non-optimal XDC constraints or non-optimal design architecture
Related violations: <none>

TIMING-16#486 Warning
Large setup violation  
There is a large setup violation of -1.691 ns between student_top_inst/Core_cpu/u_core/u_backend/u_rename/srat_q_reg[21][5]/C (clocked by clk_out2_pll) and student_top_inst/Core_cpu/u_core/u_backend/dispatch_buffer_entry_q_reg[0][uop][opcode][6]/D (clocked by clk_out2_pll). Large setup violations at the end of those stages might be difficult to fix during the post-placement implementation flow and could be the result of non-optimal XDC constraints or non-optimal design architecture
Related violations: <none>

TIMING-16#487 Warning
Large setup violation  
There is a large setup violation of -1.695 ns between student_top_inst/Core_cpu/u_core/u_backend/u_rename/srat_q_reg[21][5]/C (clocked by clk_out2_pll) and student_top_inst/Core_cpu/u_core/u_backend/dispatch_buffer_entry_q_reg[0][uop][rd][4]/D (clocked by clk_out2_pll). Large setup violations at the end of those stages might be difficult to fix during the post-placement implementation flow and could be the result of non-optimal XDC constraints or non-optimal design architecture
Related violations: <none>

TIMING-16#488 Warning
Large setup violation  
There is a large setup violation of -1.696 ns between student_top_inst/Core_cpu/u_core/u_backend/u_rename/srat_q_reg[13][2]/C (clocked by clk_out2_pll) and student_top_inst/Core_cpu/u_core/u_backend/dispatch_buffer_entry_q_reg[0][uop][imm_i][29]/D (clocked by clk_out2_pll). Large setup violations at the end of those stages might be difficult to fix during the post-placement implementation flow and could be the result of non-optimal XDC constraints or non-optimal design architecture
Related violations: <none>

TIMING-16#489 Warning
Large setup violation  
There is a large setup violation of -1.697 ns between student_top_inst/Core_cpu/u_core/u_backend/u_rename/srat_q_reg[21][5]/C (clocked by clk_out2_pll) and student_top_inst/Core_cpu/u_core/u_backend/dispatch_buffer_entry_q_reg[1][uop][imm_i][15]/D (clocked by clk_out2_pll). Large setup violations at the end of those stages might be difficult to fix during the post-placement implementation flow and could be the result of non-optimal XDC constraints or non-optimal design architecture
Related violations: <none>

TIMING-16#490 Warning
Large setup violation  
There is a large setup violation of -1.699 ns between student_top_inst/Core_cpu/u_core/u_backend/u_rename/srat_q_reg[13][2]/C (clocked by clk_out2_pll) and student_top_inst/Core_cpu/u_core/u_backend/dispatch_buffer_entry_q_reg[0][uop][imm_b][26]/D (clocked by clk_out2_pll). Large setup violations at the end of those stages might be difficult to fix during the post-placement implementation flow and could be the result of non-optimal XDC constraints or non-optimal design architecture
Related violations: <none>

TIMING-16#491 Warning
Large setup violation  
There is a large setup violation of -1.700 ns between student_top_inst/Core_cpu/u_core/u_backend/u_rob/retire_stage_valid_q_reg[1]/C (clocked by clk_out2_pll) and student_top_inst/Core_cpu/storeWriteAddr_q_reg[11]/CE (clocked by clk_out2_pll). Large setup violations at the end of those stages might be difficult to fix during the post-placement implementation flow and could be the result of non-optimal XDC constraints or non-optimal design architecture
Related violations: <none>

TIMING-16#492 Warning
Large setup violation  
There is a large setup violation of -1.700 ns between student_top_inst/Core_cpu/u_core/u_backend/u_rob/retire_stage_valid_q_reg[1]/C (clocked by clk_out2_pll) and student_top_inst/Core_cpu/storeWriteAddr_q_reg[30]/CE (clocked by clk_out2_pll). Large setup violations at the end of those stages might be difficult to fix during the post-placement implementation flow and could be the result of non-optimal XDC constraints or non-optimal design architecture
Related violations: <none>

TIMING-16#493 Warning
Large setup violation  
There is a large setup violation of -1.700 ns between student_top_inst/Core_cpu/u_core/u_backend/u_rob/retire_stage_valid_q_reg[1]/C (clocked by clk_out2_pll) and student_top_inst/Core_cpu/storeWriteAddr_q_reg[6]/CE (clocked by clk_out2_pll). Large setup violations at the end of those stages might be difficult to fix during the post-placement implementation flow and could be the result of non-optimal XDC constraints or non-optimal design architecture
Related violations: <none>

TIMING-16#494 Warning
Large setup violation  
There is a large setup violation of -1.701 ns between student_top_inst/Core_cpu/u_core/u_backend/u_rename/srat_q_reg[13][2]/C (clocked by clk_out2_pll) and student_top_inst/Core_cpu/u_core/u_backend/dispatch_buffer_entry_q_reg[0][uop][imm_b][12]/D (clocked by clk_out2_pll). Large setup violations at the end of those stages might be difficult to fix during the post-placement implementation flow and could be the result of non-optimal XDC constraints or non-optimal design architecture
Related violations: <none>

TIMING-16#495 Warning
Large setup violation  
There is a large setup violation of -1.701 ns between student_top_inst/Core_cpu/u_core/u_backend/u_rename/srat_q_reg[13][2]/C (clocked by clk_out2_pll) and student_top_inst/Core_cpu/u_core/u_backend/dispatch_buffer_entry_q_reg[0][uop][imm_b][25]/D (clocked by clk_out2_pll). Large setup violations at the end of those stages might be difficult to fix during the post-placement implementation flow and could be the result of non-optimal XDC constraints or non-optimal design architecture
Related violations: <none>

TIMING-16#496 Warning
Large setup violation  
There is a large setup violation of -1.703 ns between student_top_inst/Core_cpu/u_core/u_backend/u_rename/srat_q_reg[13][2]/C (clocked by clk_out2_pll) and student_top_inst/Core_cpu/u_core/u_backend/dispatch_buffer_entry_q_reg[0][uop][imm_b][30]/D (clocked by clk_out2_pll). Large setup violations at the end of those stages might be difficult to fix during the post-placement implementation flow and could be the result of non-optimal XDC constraints or non-optimal design architecture
Related violations: <none>

TIMING-16#497 Warning
Large setup violation  
There is a large setup violation of -1.706 ns between student_top_inst/Core_cpu/u_core/u_backend/u_rename/srat_q_reg[13][2]/C (clocked by clk_out2_pll) and student_top_inst/Core_cpu/u_core/u_backend/dispatch_buffer_entry_q_reg[0][uop][imm_b][23]/D (clocked by clk_out2_pll). Large setup violations at the end of those stages might be difficult to fix during the post-placement implementation flow and could be the result of non-optimal XDC constraints or non-optimal design architecture
Related violations: <none>

TIMING-16#498 Warning
Large setup violation  
There is a large setup violation of -1.713 ns between student_top_inst/Core_cpu/u_core/u_backend/u_rename/srat_q_reg[13][2]/C (clocked by clk_out2_pll) and student_top_inst/Core_cpu/u_core/u_backend/dispatch_buffer_entry_q_reg[0][uop][imm_s][17]/D (clocked by clk_out2_pll). Large setup violations at the end of those stages might be difficult to fix during the post-placement implementation flow and could be the result of non-optimal XDC constraints or non-optimal design architecture
Related violations: <none>

TIMING-16#499 Warning
Large setup violation  
There is a large setup violation of -1.713 ns between student_top_inst/Core_cpu/u_core/u_backend/u_rename/srat_q_reg[21][5]/C (clocked by clk_out2_pll) and student_top_inst/Core_cpu/u_core/u_backend/dispatch_buffer_entry_q_reg[0][uop][imm_u][19]/D (clocked by clk_out2_pll). Large setup violations at the end of those stages might be difficult to fix during the post-placement implementation flow and could be the result of non-optimal XDC constraints or non-optimal design architecture
Related violations: <none>

TIMING-16#500 Warning
Large setup violation  
There is a large setup violation of -1.721 ns between student_top_inst/Core_cpu/u_core/u_backend/u_execute/mem_req_count_q_reg[1]/C (clocked by clk_out2_pll) and student_top_inst/Core_cpu/storeWriteData_q_reg[17]/CE (clocked by clk_out2_pll). Large setup violations at the end of those stages might be difficult to fix during the post-placement implementation flow and could be the result of non-optimal XDC constraints or non-optimal design architecture
Related violations: <none>

TIMING-16#501 Warning
Large setup violation  
There is a large setup violation of -1.721 ns between student_top_inst/Core_cpu/u_core/u_backend/u_execute/mem_req_count_q_reg[1]/C (clocked by clk_out2_pll) and student_top_inst/Core_cpu/storeWriteData_q_reg[18]/CE (clocked by clk_out2_pll). Large setup violations at the end of those stages might be difficult to fix during the post-placement implementation flow and could be the result of non-optimal XDC constraints or non-optimal design architecture
Related violations: <none>

TIMING-16#502 Warning
Large setup violation  
There is a large setup violation of -1.721 ns between student_top_inst/Core_cpu/u_core/u_backend/u_execute/mem_req_count_q_reg[1]/C (clocked by clk_out2_pll) and student_top_inst/Core_cpu/storeWriteData_q_reg[24]/CE (clocked by clk_out2_pll). Large setup violations at the end of those stages might be difficult to fix during the post-placement implementation flow and could be the result of non-optimal XDC constraints or non-optimal design architecture
Related violations: <none>

TIMING-16#503 Warning
Large setup violation  
There is a large setup violation of -1.721 ns between student_top_inst/Core_cpu/u_core/u_backend/u_execute/mem_req_count_q_reg[1]/C (clocked by clk_out2_pll) and student_top_inst/Core_cpu/storeWriteData_q_reg[25]/CE (clocked by clk_out2_pll). Large setup violations at the end of those stages might be difficult to fix during the post-placement implementation flow and could be the result of non-optimal XDC constraints or non-optimal design architecture
Related violations: <none>

TIMING-16#504 Warning
Large setup violation  
There is a large setup violation of -1.724 ns between student_top_inst/Core_cpu/u_core/u_backend/u_rename/srat_q_reg[13][2]/C (clocked by clk_out2_pll) and student_top_inst/Core_cpu/u_core/u_backend/dispatch_buffer_entry_q_reg[0][uop][imm_j][8]/D (clocked by clk_out2_pll). Large setup violations at the end of those stages might be difficult to fix during the post-placement implementation flow and could be the result of non-optimal XDC constraints or non-optimal design architecture
Related violations: <none>

TIMING-16#505 Warning
Large setup violation  
There is a large setup violation of -1.728 ns between student_top_inst/Core_cpu/u_core/u_backend/u_rename/srat_q_reg[13][2]/C (clocked by clk_out2_pll) and student_top_inst/Core_cpu/u_core/u_backend/dispatch_buffer_entry_q_reg[0][uop][imm_b][13]/D (clocked by clk_out2_pll). Large setup violations at the end of those stages might be difficult to fix during the post-placement implementation flow and could be the result of non-optimal XDC constraints or non-optimal design architecture
Related violations: <none>

TIMING-16#506 Warning
Large setup violation  
There is a large setup violation of -1.728 ns between student_top_inst/Core_cpu/u_core/u_backend/u_rename/srat_q_reg[13][2]/C (clocked by clk_out2_pll) and student_top_inst/Core_cpu/u_core/u_backend/dispatch_buffer_entry_q_reg[0][uop][imm_b][17]/D (clocked by clk_out2_pll). Large setup violations at the end of those stages might be difficult to fix during the post-placement implementation flow and could be the result of non-optimal XDC constraints or non-optimal design architecture
Related violations: <none>

TIMING-16#507 Warning
Large setup violation  
There is a large setup violation of -1.735 ns between student_top_inst/Core_cpu/u_core/u_backend/u_rename/srat_q_reg[13][2]/C (clocked by clk_out2_pll) and student_top_inst/Core_cpu/u_core/u_backend/dispatch_buffer_entry_q_reg[0][uop][imm_b][24]/D (clocked by clk_out2_pll). Large setup violations at the end of those stages might be difficult to fix during the post-placement implementation flow and could be the result of non-optimal XDC constraints or non-optimal design architecture
Related violations: <none>

TIMING-16#508 Warning
Large setup violation  
There is a large setup violation of -1.736 ns between student_top_inst/Core_cpu/u_core/u_backend/u_rename/srat_q_reg[13][2]/C (clocked by clk_out2_pll) and student_top_inst/Core_cpu/u_core/u_backend/dispatch_buffer_entry_q_reg[0][uop][imm_b][27]/D (clocked by clk_out2_pll). Large setup violations at the end of those stages might be difficult to fix during the post-placement implementation flow and could be the result of non-optimal XDC constraints or non-optimal design architecture
Related violations: <none>

TIMING-16#509 Warning
Large setup violation  
There is a large setup violation of -1.744 ns between student_top_inst/Core_cpu/u_core/u_backend/u_rename/srat_q_reg[21][5]/C (clocked by clk_out2_pll) and student_top_inst/Core_cpu/u_core/u_backend/dispatch_buffer_entry_q_reg[0][uop][csr_addr][2]/D (clocked by clk_out2_pll). Large setup violations at the end of those stages might be difficult to fix during the post-placement implementation flow and could be the result of non-optimal XDC constraints or non-optimal design architecture
Related violations: <none>

TIMING-16#510 Warning
Large setup violation  
There is a large setup violation of -1.745 ns between student_top_inst/Core_cpu/u_core/u_backend/u_rename/srat_q_reg[21][5]/C (clocked by clk_out2_pll) and student_top_inst/Core_cpu/u_core/u_backend/dispatch_buffer_entry_q_reg[0][uop][csr_addr][11]/D (clocked by clk_out2_pll). Large setup violations at the end of those stages might be difficult to fix during the post-placement implementation flow and could be the result of non-optimal XDC constraints or non-optimal design architecture
Related violations: <none>

TIMING-16#511 Warning
Large setup violation  
There is a large setup violation of -1.749 ns between student_top_inst/Core_cpu/u_core/u_backend/u_rename/srat_q_reg[13][2]/C (clocked by clk_out2_pll) and student_top_inst/Core_cpu/u_core/u_backend/dispatch_buffer_entry_q_reg[0][uop][imm_j][3]/D (clocked by clk_out2_pll). Large setup violations at the end of those stages might be difficult to fix during the post-placement implementation flow and could be the result of non-optimal XDC constraints or non-optimal design architecture
Related violations: <none>

TIMING-16#512 Warning
Large setup violation  
There is a large setup violation of -1.756 ns between student_top_inst/Core_cpu/u_core/u_backend/u_rename/srat_q_reg[13][2]/C (clocked by clk_out2_pll) and student_top_inst/Core_cpu/u_core/u_backend/dispatch_buffer_entry_q_reg[0][uop][imm_i][14]/D (clocked by clk_out2_pll). Large setup violations at the end of those stages might be difficult to fix during the post-placement implementation flow and could be the result of non-optimal XDC constraints or non-optimal design architecture
Related violations: <none>

TIMING-16#513 Warning
Large setup violation  
There is a large setup violation of -1.756 ns between student_top_inst/Core_cpu/u_core/u_backend/u_rename/srat_q_reg[21][5]/C (clocked by clk_out2_pll) and student_top_inst/Core_cpu/u_core/u_backend/dispatch_buffer_entry_q_reg[0][uop][pred_target][26]/D (clocked by clk_out2_pll). Large setup violations at the end of those stages might be difficult to fix during the post-placement implementation flow and could be the result of non-optimal XDC constraints or non-optimal design architecture
Related violations: <none>

TIMING-16#514 Warning
Large setup violation  
There is a large setup violation of -1.758 ns between student_top_inst/Core_cpu/u_core/u_backend/u_rename/srat_q_reg[21][5]/C (clocked by clk_out2_pll) and student_top_inst/Core_cpu/u_core/u_backend/dispatch_buffer_entry_q_reg[0][uop][inst][31]/D (clocked by clk_out2_pll). Large setup violations at the end of those stages might be difficult to fix during the post-placement implementation flow and could be the result of non-optimal XDC constraints or non-optimal design architecture
Related violations: <none>

TIMING-16#515 Warning
Large setup violation  
There is a large setup violation of -1.761 ns between student_top_inst/Core_cpu/u_core/u_backend/u_rename/srat_q_reg[21][5]/C (clocked by clk_out2_pll) and student_top_inst/Core_cpu/u_core/u_backend/dispatch_buffer_entry_q_reg[0][uop][imm_s][29]/D (clocked by clk_out2_pll). Large setup violations at the end of those stages might be difficult to fix during the post-placement implementation flow and could be the result of non-optimal XDC constraints or non-optimal design architecture
Related violations: <none>

TIMING-16#516 Warning
Large setup violation  
There is a large setup violation of -1.762 ns between student_top_inst/Core_cpu/u_core/u_backend/u_rename/srat_q_reg[21][5]/C (clocked by clk_out2_pll) and student_top_inst/Core_cpu/u_core/u_backend/dispatch_buffer_entry_q_reg[0][uop][imm_s][20]/D (clocked by clk_out2_pll). Large setup violations at the end of those stages might be difficult to fix during the post-placement implementation flow and could be the result of non-optimal XDC constraints or non-optimal design architecture
Related violations: <none>

TIMING-16#517 Warning
Large setup violation  
There is a large setup violation of -1.765 ns between student_top_inst/Core_cpu/u_core/u_backend/u_rename/srat_q_reg[21][5]/C (clocked by clk_out2_pll) and student_top_inst/Core_cpu/u_core/u_backend/dispatch_buffer_entry_q_reg[0][uop][imm_s][11]/D (clocked by clk_out2_pll). Large setup violations at the end of those stages might be difficult to fix during the post-placement implementation flow and could be the result of non-optimal XDC constraints or non-optimal design architecture
Related violations: <none>

TIMING-16#518 Warning
Large setup violation  
There is a large setup violation of -1.766 ns between student_top_inst/Core_cpu/u_core/u_backend/u_rename/srat_q_reg[21][5]/C (clocked by clk_out2_pll) and student_top_inst/Core_cpu/u_core/u_backend/dispatch_buffer_entry_q_reg[0][uop][imm_i][27]/D (clocked by clk_out2_pll). Large setup violations at the end of those stages might be difficult to fix during the post-placement implementation flow and could be the result of non-optimal XDC constraints or non-optimal design architecture
Related violations: <none>

TIMING-16#519 Warning
Large setup violation  
There is a large setup violation of -1.770 ns between student_top_inst/Core_cpu/u_core/u_backend/u_rename/srat_q_reg[21][5]/C (clocked by clk_out2_pll) and student_top_inst/Core_cpu/u_core/u_backend/dispatch_buffer_entry_q_reg[0][uop][imm_i][1]/D (clocked by clk_out2_pll). Large setup violations at the end of those stages might be difficult to fix during the post-placement implementation flow and could be the result of non-optimal XDC constraints or non-optimal design architecture
Related violations: <none>

TIMING-16#520 Warning
Large setup violation  
There is a large setup violation of -1.785 ns between student_top_inst/Core_cpu/u_core/u_backend/u_rename/srat_q_reg[21][5]/C (clocked by clk_out2_pll) and student_top_inst/Core_cpu/u_core/u_backend/dispatch_buffer_entry_q_reg[0][uop][imm_s][31]/D (clocked by clk_out2_pll). Large setup violations at the end of those stages might be difficult to fix during the post-placement implementation flow and could be the result of non-optimal XDC constraints or non-optimal design architecture
Related violations: <none>

TIMING-16#521 Warning
Large setup violation  
There is a large setup violation of -1.799 ns between student_top_inst/Core_cpu/u_core/u_backend/u_rename/srat_q_reg[13][2]/C (clocked by clk_out2_pll) and student_top_inst/Core_cpu/u_core/u_backend/dispatch_buffer_entry_q_reg[0][uop][imm_b][21]/D (clocked by clk_out2_pll). Large setup violations at the end of those stages might be difficult to fix during the post-placement implementation flow and could be the result of non-optimal XDC constraints or non-optimal design architecture
Related violations: <none>

TIMING-16#522 Warning
Large setup violation  
There is a large setup violation of -1.805 ns between student_top_inst/Core_cpu/u_core/u_backend/u_rename/srat_q_reg[21][5]/C (clocked by clk_out2_pll) and student_top_inst/Core_cpu/u_core/u_backend/dispatch_buffer_entry_q_reg[0][uop][imm_b][10]/CE (clocked by clk_out2_pll). Large setup violations at the end of those stages might be difficult to fix during the post-placement implementation flow and could be the result of non-optimal XDC constraints or non-optimal design architecture
Related violations: <none>

TIMING-16#523 Warning
Large setup violation  
There is a large setup violation of -1.805 ns between student_top_inst/Core_cpu/u_core/u_backend/u_rename/srat_q_reg[21][5]/C (clocked by clk_out2_pll) and student_top_inst/Core_cpu/u_core/u_backend/dispatch_buffer_entry_q_reg[0][uop][imm_s][10]/CE (clocked by clk_out2_pll). Large setup violations at the end of those stages might be difficult to fix during the post-placement implementation flow and could be the result of non-optimal XDC constraints or non-optimal design architecture
Related violations: <none>

TIMING-16#524 Warning
Large setup violation  
There is a large setup violation of -1.818 ns between student_top_inst/Core_cpu/u_core/u_backend/u_rename/srat_q_reg[21][5]/C (clocked by clk_out2_pll) and student_top_inst/Core_cpu/u_core/u_backend/dispatch_buffer_entry_q_reg[0][uop][tube][0]/CE (clocked by clk_out2_pll). Large setup violations at the end of those stages might be difficult to fix during the post-placement implementation flow and could be the result of non-optimal XDC constraints or non-optimal design architecture
Related violations: <none>

TIMING-16#525 Warning
Large setup violation  
There is a large setup violation of -1.828 ns between student_top_inst/Core_cpu/u_core/u_backend/u_rename/srat_q_reg[21][5]/C (clocked by clk_out2_pll) and student_top_inst/Core_cpu/u_core/u_backend/dispatch_buffer_entry_q_reg[0][uop][pc][26]/CE (clocked by clk_out2_pll). Large setup violations at the end of those stages might be difficult to fix during the post-placement implementation flow and could be the result of non-optimal XDC constraints or non-optimal design architecture
Related violations: <none>

TIMING-16#526 Warning
Large setup violation  
There is a large setup violation of -1.828 ns between student_top_inst/Core_cpu/u_core/u_backend/u_rename/srat_q_reg[21][5]/C (clocked by clk_out2_pll) and student_top_inst/Core_cpu/u_core/u_backend/dispatch_buffer_entry_q_reg[0][uop][pred_target][23]/CE (clocked by clk_out2_pll). Large setup violations at the end of those stages might be difficult to fix during the post-placement implementation flow and could be the result of non-optimal XDC constraints or non-optimal design architecture
Related violations: <none>

TIMING-16#527 Warning
Large setup violation  
There is a large setup violation of -1.830 ns between student_top_inst/Core_cpu/u_core/u_backend/u_rename/srat_q_reg[21][5]/C (clocked by clk_out2_pll) and student_top_inst/Core_cpu/u_core/u_backend/dispatch_buffer_entry_q_reg[0][uop][pred_target][10]/CE (clocked by clk_out2_pll). Large setup violations at the end of those stages might be difficult to fix during the post-placement implementation flow and could be the result of non-optimal XDC constraints or non-optimal design architecture
Related violations: <none>

TIMING-16#528 Warning
Large setup violation  
There is a large setup violation of -1.830 ns between student_top_inst/Core_cpu/u_core/u_backend/u_rename/srat_q_reg[21][5]/C (clocked by clk_out2_pll) and student_top_inst/Core_cpu/u_core/u_backend/dispatch_buffer_entry_q_reg[0][uop][pred_target][2]/CE (clocked by clk_out2_pll). Large setup violations at the end of those stages might be difficult to fix during the post-placement implementation flow and could be the result of non-optimal XDC constraints or non-optimal design architecture
Related violations: <none>

TIMING-16#529 Warning
Large setup violation  
There is a large setup violation of -1.830 ns between student_top_inst/Core_cpu/u_core/u_backend/u_rename/srat_q_reg[21][5]/C (clocked by clk_out2_pll) and student_top_inst/Core_cpu/u_core/u_backend/dispatch_buffer_entry_q_reg[0][uop][pred_target][7]/CE (clocked by clk_out2_pll). Large setup violations at the end of those stages might be difficult to fix during the post-placement implementation flow and could be the result of non-optimal XDC constraints or non-optimal design architecture
Related violations: <none>

TIMING-16#530 Warning
Large setup violation  
There is a large setup violation of -1.835 ns between student_top_inst/Core_cpu/u_core/u_backend/u_rename/srat_q_reg[21][5]/C (clocked by clk_out2_pll) and student_top_inst/Core_cpu/u_core/u_backend/dispatch_buffer_entry_q_reg[0][uop][imm_b][20]/CE (clocked by clk_out2_pll). Large setup violations at the end of those stages might be difficult to fix during the post-placement implementation flow and could be the result of non-optimal XDC constraints or non-optimal design architecture
Related violations: <none>

TIMING-16#531 Warning
Large setup violation  
There is a large setup violation of -1.835 ns between student_top_inst/Core_cpu/u_core/u_backend/u_rename/srat_q_reg[21][5]/C (clocked by clk_out2_pll) and student_top_inst/Core_cpu/u_core/u_backend/dispatch_buffer_entry_q_reg[0][uop][imm_b][22]/CE (clocked by clk_out2_pll). Large setup violations at the end of those stages might be difficult to fix during the post-placement implementation flow and could be the result of non-optimal XDC constraints or non-optimal design architecture
Related violations: <none>

TIMING-16#532 Warning
Large setup violation  
There is a large setup violation of -1.835 ns between student_top_inst/Core_cpu/u_core/u_backend/u_rename/srat_q_reg[21][5]/C (clocked by clk_out2_pll) and student_top_inst/Core_cpu/u_core/u_backend/dispatch_buffer_entry_q_reg[0][uop][imm_b][5]/CE (clocked by clk_out2_pll). Large setup violations at the end of those stages might be difficult to fix during the post-placement implementation flow and could be the result of non-optimal XDC constraints or non-optimal design architecture
Related violations: <none>

TIMING-16#533 Warning
Large setup violation  
There is a large setup violation of -1.840 ns between student_top_inst/Core_cpu/u_core/u_backend/u_rename/srat_q_reg[21][5]/C (clocked by clk_out2_pll) and student_top_inst/Core_cpu/u_core/u_backend/dispatch_buffer_entry_q_reg[0][uop][imm_b][6]/CE (clocked by clk_out2_pll). Large setup violations at the end of those stages might be difficult to fix during the post-placement implementation flow and could be the result of non-optimal XDC constraints or non-optimal design architecture
Related violations: <none>

TIMING-16#534 Warning
Large setup violation  
There is a large setup violation of -1.840 ns between student_top_inst/Core_cpu/u_core/u_backend/u_rename/srat_q_reg[21][5]/C (clocked by clk_out2_pll) and student_top_inst/Core_cpu/u_core/u_backend/dispatch_buffer_entry_q_reg[1][prd][3]/CE (clocked by clk_out2_pll). Large setup violations at the end of those stages might be difficult to fix during the post-placement implementation flow and could be the result of non-optimal XDC constraints or non-optimal design architecture
Related violations: <none>

TIMING-16#535 Warning
Large setup violation  
There is a large setup violation of -1.847 ns between student_top_inst/Core_cpu/u_core/u_backend/u_rename/srat_q_reg[21][5]/C (clocked by clk_out2_pll) and student_top_inst/Core_cpu/u_core/u_backend/dispatch_buffer_entry_q_reg[1][uop][csr_zimm][4]/D (clocked by clk_out2_pll). Large setup violations at the end of those stages might be difficult to fix during the post-placement implementation flow and could be the result of non-optimal XDC constraints or non-optimal design architecture
Related violations: <none>

TIMING-16#536 Warning
Large setup violation  
There is a large setup violation of -1.849 ns between student_top_inst/Core_cpu/u_core/u_backend/u_rename/srat_q_reg[21][5]/C (clocked by clk_out2_pll) and student_top_inst/Core_cpu/u_core/u_backend/dispatch_buffer_entry_q_reg[1][uop][imm_b][8]/CE (clocked by clk_out2_pll). Large setup violations at the end of those stages might be difficult to fix during the post-placement implementation flow and could be the result of non-optimal XDC constraints or non-optimal design architecture
Related violations: <none>

TIMING-16#537 Warning
Large setup violation  
There is a large setup violation of -1.849 ns between student_top_inst/Core_cpu/u_core/u_backend/u_rename/srat_q_reg[21][5]/C (clocked by clk_out2_pll) and student_top_inst/Core_cpu/u_core/u_backend/dispatch_buffer_entry_q_reg[1][uop][imm_b][9]/CE (clocked by clk_out2_pll). Large setup violations at the end of those stages might be difficult to fix during the post-placement implementation flow and could be the result of non-optimal XDC constraints or non-optimal design architecture
Related violations: <none>

TIMING-16#538 Warning
Large setup violation  
There is a large setup violation of -1.851 ns between student_top_inst/Core_cpu/u_core/u_backend/u_rename/srat_q_reg[21][5]/C (clocked by clk_out2_pll) and student_top_inst/Core_cpu/u_core/u_backend/dispatch_buffer_entry_q_reg[0][uop][alu_op][0]/CE (clocked by clk_out2_pll). Large setup violations at the end of those stages might be difficult to fix during the post-placement implementation flow and could be the result of non-optimal XDC constraints or non-optimal design architecture
Related violations: <none>

TIMING-16#539 Warning
Large setup violation  
There is a large setup violation of -1.851 ns between student_top_inst/Core_cpu/u_core/u_backend/u_rename/srat_q_reg[21][5]/C (clocked by clk_out2_pll) and student_top_inst/Core_cpu/u_core/u_backend/dispatch_buffer_entry_q_reg[0][uop][is_load]/CE (clocked by clk_out2_pll). Large setup violations at the end of those stages might be difficult to fix during the post-placement implementation flow and could be the result of non-optimal XDC constraints or non-optimal design architecture
Related violations: <none>

TIMING-16#540 Warning
Large setup violation  
There is a large setup violation of -1.856 ns between student_top_inst/Core_cpu/u_core/u_backend/u_rename/srat_q_reg[21][5]/C (clocked by clk_out2_pll) and student_top_inst/Core_cpu/u_core/u_backend/dispatch_buffer_entry_q_reg[1][uop][csr_zimm][1]/D (clocked by clk_out2_pll). Large setup violations at the end of those stages might be difficult to fix during the post-placement implementation flow and could be the result of non-optimal XDC constraints or non-optimal design architecture
Related violations: <none>

TIMING-16#541 Warning
Large setup violation  
There is a large setup violation of -1.870 ns between student_top_inst/Core_cpu/u_core/u_backend/u_rename/srat_q_reg[21][5]/C (clocked by clk_out2_pll) and student_top_inst/Core_cpu/u_core/u_backend/dispatch_buffer_entry_q_reg[0][uop][imm_i][30]/CE (clocked by clk_out2_pll). Large setup violations at the end of those stages might be difficult to fix during the post-placement implementation flow and could be the result of non-optimal XDC constraints or non-optimal design architecture
Related violations: <none>

TIMING-16#542 Warning
Large setup violation  
There is a large setup violation of -1.870 ns between student_top_inst/Core_cpu/u_core/u_backend/u_rename/srat_q_reg[21][5]/C (clocked by clk_out2_pll) and student_top_inst/Core_cpu/u_core/u_backend/dispatch_buffer_entry_q_reg[0][uop][imm_s][8]/CE (clocked by clk_out2_pll). Large setup violations at the end of those stages might be difficult to fix during the post-placement implementation flow and could be the result of non-optimal XDC constraints or non-optimal design architecture
Related violations: <none>

TIMING-16#543 Warning
Large setup violation  
There is a large setup violation of -1.870 ns between student_top_inst/Core_cpu/u_core/u_backend/u_rename/srat_q_reg[21][5]/C (clocked by clk_out2_pll) and student_top_inst/Core_cpu/u_core/u_backend/dispatch_buffer_entry_q_reg[0][uop][imm_u][28]/CE (clocked by clk_out2_pll). Large setup violations at the end of those stages might be difficult to fix during the post-placement implementation flow and could be the result of non-optimal XDC constraints or non-optimal design architecture
Related violations: <none>

TIMING-16#544 Warning
Large setup violation  
There is a large setup violation of -1.876 ns between student_top_inst/Core_cpu/u_core/u_backend/u_rename/srat_q_reg[21][5]/C (clocked by clk_out2_pll) and student_top_inst/Core_cpu/u_core/u_backend/dispatch_buffer_entry_q_reg[1][uop][csr_zimm][0]/D (clocked by clk_out2_pll). Large setup violations at the end of those stages might be difficult to fix during the post-placement implementation flow and could be the result of non-optimal XDC constraints or non-optimal design architecture
Related violations: <none>

TIMING-16#545 Warning
Large setup violation  
There is a large setup violation of -1.877 ns between student_top_inst/Core_cpu/u_core/u_backend/u_rename/srat_q_reg[21][5]/C (clocked by clk_out2_pll) and student_top_inst/Core_cpu/u_core/u_backend/dispatch_buffer_entry_q_reg[0][uop][imm_s][28]/D (clocked by clk_out2_pll). Large setup violations at the end of those stages might be difficult to fix during the post-placement implementation flow and could be the result of non-optimal XDC constraints or non-optimal design architecture
Related violations: <none>

TIMING-16#546 Warning
Large setup violation  
There is a large setup violation of -1.878 ns between student_top_inst/Core_cpu/u_core/u_backend/u_rename/srat_q_reg[21][5]/C (clocked by clk_out2_pll) and student_top_inst/Core_cpu/u_core/u_backend/dispatch_buffer_entry_q_reg[0][uop][imm_s][14]/D (clocked by clk_out2_pll). Large setup violations at the end of those stages might be difficult to fix during the post-placement implementation flow and could be the result of non-optimal XDC constraints or non-optimal design architecture
Related violations: <none>

TIMING-16#547 Warning
Large setup violation  
There is a large setup violation of -1.887 ns between student_top_inst/Core_cpu/u_core/u_backend/u_rename/srat_q_reg[21][5]/C (clocked by clk_out2_pll) and student_top_inst/Core_cpu/u_core/u_backend/dispatch_buffer_entry_q_reg[0][uop][imm_b][18]/CE (clocked by clk_out2_pll). Large setup violations at the end of those stages might be difficult to fix during the post-placement implementation flow and could be the result of non-optimal XDC constraints or non-optimal design architecture
Related violations: <none>

TIMING-16#548 Warning
Large setup violation  
There is a large setup violation of -1.891 ns between student_top_inst/Core_cpu/u_core/u_backend/u_rename/srat_q_reg[13][2]/C (clocked by clk_out2_pll) and student_top_inst/Core_cpu/u_core/u_backend/dispatch_buffer_entry_q_reg[0][uop][imm_b][16]/CE (clocked by clk_out2_pll). Large setup violations at the end of those stages might be difficult to fix during the post-placement implementation flow and could be the result of non-optimal XDC constraints or non-optimal design architecture
Related violations: <none>

TIMING-16#549 Warning
Large setup violation  
There is a large setup violation of -1.891 ns between student_top_inst/Core_cpu/u_core/u_backend/u_rename/srat_q_reg[13][2]/C (clocked by clk_out2_pll) and student_top_inst/Core_cpu/u_core/u_backend/dispatch_buffer_entry_q_reg[0][uop][imm_b][29]/CE (clocked by clk_out2_pll). Large setup violations at the end of those stages might be difficult to fix during the post-placement implementation flow and could be the result of non-optimal XDC constraints or non-optimal design architecture
Related violations: <none>

TIMING-16#550 Warning
Large setup violation  
There is a large setup violation of -1.894 ns between student_top_inst/Core_cpu/u_core/u_backend/u_rename/srat_q_reg[21][5]/C (clocked by clk_out2_pll) and student_top_inst/Core_cpu/u_core/u_backend/dispatch_buffer_entry_q_reg[0][uop][inst][9]/D (clocked by clk_out2_pll). Large setup violations at the end of those stages might be difficult to fix during the post-placement implementation flow and could be the result of non-optimal XDC constraints or non-optimal design architecture
Related violations: <none>

TIMING-16#551 Warning
Large setup violation  
There is a large setup violation of -1.896 ns between student_top_inst/Core_cpu/u_core/u_backend/u_rename/srat_q_reg[21][5]/C (clocked by clk_out2_pll) and student_top_inst/Core_cpu/u_core/u_backend/dispatch_buffer_entry_q_reg[0][uop][imm_s][2]/D (clocked by clk_out2_pll). Large setup violations at the end of those stages might be difficult to fix during the post-placement implementation flow and could be the result of non-optimal XDC constraints or non-optimal design architecture
Related violations: <none>

TIMING-16#552 Warning
Large setup violation  
There is a large setup violation of -1.898 ns between student_top_inst/Core_cpu/u_core/u_backend/u_rename/srat_q_reg[21][5]/C (clocked by clk_out2_pll) and student_top_inst/Core_cpu/u_core/u_backend/dispatch_buffer_entry_q_reg[0][uop][imm_s][21]/D (clocked by clk_out2_pll). Large setup violations at the end of those stages might be difficult to fix during the post-placement implementation flow and could be the result of non-optimal XDC constraints or non-optimal design architecture
Related violations: <none>

TIMING-16#553 Warning
Large setup violation  
There is a large setup violation of -1.911 ns between student_top_inst/Core_cpu/u_core/u_backend/u_rename/srat_q_reg[21][5]/C (clocked by clk_out2_pll) and student_top_inst/Core_cpu/u_core/u_backend/dispatch_buffer_entry_q_reg[0][uop][is_serial]/D (clocked by clk_out2_pll). Large setup violations at the end of those stages might be difficult to fix during the post-placement implementation flow and could be the result of non-optimal XDC constraints or non-optimal design architecture
Related violations: <none>

TIMING-16#554 Warning
Large setup violation  
There is a large setup violation of -1.912 ns between student_top_inst/Core_cpu/u_core/u_backend/u_rename/srat_q_reg[21][5]/C (clocked by clk_out2_pll) and student_top_inst/Core_cpu/u_core/u_backend/dispatch_buffer_entry_q_reg[0][uop][inst][27]/CE (clocked by clk_out2_pll). Large setup violations at the end of those stages might be difficult to fix during the post-placement implementation flow and could be the result of non-optimal XDC constraints or non-optimal design architecture
Related violations: <none>

TIMING-16#555 Warning
Large setup violation  
There is a large setup violation of -1.912 ns between student_top_inst/Core_cpu/u_core/u_backend/u_rename/srat_q_reg[21][5]/C (clocked by clk_out2_pll) and student_top_inst/Core_cpu/u_core/u_backend/dispatch_buffer_entry_q_reg[0][uop][muldiv_op][2]/CE (clocked by clk_out2_pll). Large setup violations at the end of those stages might be difficult to fix during the post-placement implementation flow and could be the result of non-optimal XDC constraints or non-optimal design architecture
Related violations: <none>

TIMING-16#556 Warning
Large setup violation  
There is a large setup violation of -1.916 ns between student_top_inst/Core_cpu/u_core/u_backend/u_rename/srat_q_reg[21][5]/C (clocked by clk_out2_pll) and student_top_inst/Core_cpu/u_core/u_backend/dispatch_buffer_entry_q_reg[0][uop][imm_b][3]/CE (clocked by clk_out2_pll). Large setup violations at the end of those stages might be difficult to fix during the post-placement implementation flow and could be the result of non-optimal XDC constraints or non-optimal design architecture
Related violations: <none>

TIMING-16#557 Warning
Large setup violation  
There is a large setup violation of -1.916 ns between student_top_inst/Core_cpu/u_core/u_backend/u_rename/srat_q_reg[21][5]/C (clocked by clk_out2_pll) and student_top_inst/Core_cpu/u_core/u_backend/dispatch_buffer_entry_q_reg[0][uop][imm_s][5]/CE (clocked by clk_out2_pll). Large setup violations at the end of those stages might be difficult to fix during the post-placement implementation flow and could be the result of non-optimal XDC constraints or non-optimal design architecture
Related violations: <none>

TIMING-16#558 Warning
Large setup violation  
There is a large setup violation of -1.916 ns between student_top_inst/Core_cpu/u_core/u_backend/u_rename/srat_q_reg[21][5]/C (clocked by clk_out2_pll) and student_top_inst/Core_cpu/u_core/u_backend/dispatch_buffer_entry_q_reg[0][uop][imm_u][25]/CE (clocked by clk_out2_pll). Large setup violations at the end of those stages might be difficult to fix during the post-placement implementation flow and could be the result of non-optimal XDC constraints or non-optimal design architecture
Related violations: <none>

TIMING-16#559 Warning
Large setup violation  
There is a large setup violation of -1.918 ns between student_top_inst/Core_cpu/u_core/u_backend/u_rename/srat_q_reg[21][5]/C (clocked by clk_out2_pll) and student_top_inst/Core_cpu/u_core/u_backend/dispatch_buffer_entry_q_reg[0][prs2][1]/CE (clocked by clk_out2_pll). Large setup violations at the end of those stages might be difficult to fix during the post-placement implementation flow and could be the result of non-optimal XDC constraints or non-optimal design architecture
Related violations: <none>

TIMING-16#560 Warning
Large setup violation  
There is a large setup violation of -1.918 ns between student_top_inst/Core_cpu/u_core/u_backend/u_rename/srat_q_reg[21][5]/C (clocked by clk_out2_pll) and student_top_inst/Core_cpu/u_core/u_backend/dispatch_buffer_entry_q_reg[0][uop][csr_zimm][2]/CE (clocked by clk_out2_pll). Large setup violations at the end of those stages might be difficult to fix during the post-placement implementation flow and could be the result of non-optimal XDC constraints or non-optimal design architecture
Related violations: <none>

TIMING-16#561 Warning
Large setup violation  
There is a large setup violation of -1.918 ns between student_top_inst/Core_cpu/u_core/u_backend/u_rename/srat_q_reg[21][5]/C (clocked by clk_out2_pll) and student_top_inst/Core_cpu/u_core/u_backend/dispatch_buffer_entry_q_reg[0][uop][is_store]/CE (clocked by clk_out2_pll). Large setup violations at the end of those stages might be difficult to fix during the post-placement implementation flow and could be the result of non-optimal XDC constraints or non-optimal design architecture
Related violations: <none>

TIMING-16#562 Warning
Large setup violation  
There is a large setup violation of -1.919 ns between student_top_inst/Core_cpu/u_core/u_backend/u_rename/srat_q_reg[21][5]/C (clocked by clk_out2_pll) and student_top_inst/Core_cpu/u_core/u_backend/dispatch_buffer_entry_q_reg[1][old_prd][0]/CE (clocked by clk_out2_pll). Large setup violations at the end of those stages might be difficult to fix during the post-placement implementation flow and could be the result of non-optimal XDC constraints or non-optimal design architecture
Related violations: <none>

TIMING-16#563 Warning
Large setup violation  
There is a large setup violation of -1.919 ns between student_top_inst/Core_cpu/u_core/u_backend/u_rename/srat_q_reg[21][5]/C (clocked by clk_out2_pll) and student_top_inst/Core_cpu/u_core/u_backend/dispatch_buffer_entry_q_reg[1][uop][csr_addr][8]/CE (clocked by clk_out2_pll). Large setup violations at the end of those stages might be difficult to fix during the post-placement implementation flow and could be the result of non-optimal XDC constraints or non-optimal design architecture
Related violations: <none>

TIMING-16#564 Warning
Large setup violation  
There is a large setup violation of -1.922 ns between student_top_inst/Core_cpu/u_core/u_backend/u_rename/srat_q_reg[21][5]/C (clocked by clk_out2_pll) and student_top_inst/Core_cpu/u_core/u_backend/dispatch_buffer_entry_q_reg[0][uop][alu_op][1]/CE (clocked by clk_out2_pll). Large setup violations at the end of those stages might be difficult to fix during the post-placement implementation flow and could be the result of non-optimal XDC constraints or non-optimal design architecture
Related violations: <none>

TIMING-16#565 Warning
Large setup violation  
There is a large setup violation of -1.922 ns between student_top_inst/Core_cpu/u_core/u_backend/u_rename/srat_q_reg[21][5]/C (clocked by clk_out2_pll) and student_top_inst/Core_cpu/u_core/u_backend/dispatch_buffer_entry_q_reg[0][uop][opcode][0]/CE (clocked by clk_out2_pll). Large setup violations at the end of those stages might be difficult to fix during the post-placement implementation flow and could be the result of non-optimal XDC constraints or non-optimal design architecture
Related violations: <none>

TIMING-16#566 Warning
Large setup violation  
There is a large setup violation of -1.924 ns between student_top_inst/Core_cpu/u_core/u_backend/u_rename/srat_q_reg[21][5]/C (clocked by clk_out2_pll) and student_top_inst/Core_cpu/u_core/u_backend/dispatch_buffer_entry_q_reg[0][uop][pc][24]/CE (clocked by clk_out2_pll). Large setup violations at the end of those stages might be difficult to fix during the post-placement implementation flow and could be the result of non-optimal XDC constraints or non-optimal design architecture
Related violations: <none>

TIMING-16#567 Warning
Large setup violation  
There is a large setup violation of -1.928 ns between student_top_inst/Core_cpu/u_core/u_backend/u_rename/srat_q_reg[21][5]/C (clocked by clk_out2_pll) and student_top_inst/Core_cpu/u_core/u_backend/dispatch_buffer_entry_q_reg[0][uop][pc][18]/CE (clocked by clk_out2_pll). Large setup violations at the end of those stages might be difficult to fix during the post-placement implementation flow and could be the result of non-optimal XDC constraints or non-optimal design architecture
Related violations: <none>

TIMING-16#568 Warning
Large setup violation  
There is a large setup violation of -1.928 ns between student_top_inst/Core_cpu/u_core/u_backend/u_rename/srat_q_reg[21][5]/C (clocked by clk_out2_pll) and student_top_inst/Core_cpu/u_core/u_backend/dispatch_buffer_entry_q_reg[0][uop][pred_target][3]/CE (clocked by clk_out2_pll). Large setup violations at the end of those stages might be difficult to fix during the post-placement implementation flow and could be the result of non-optimal XDC constraints or non-optimal design architecture
Related violations: <none>

TIMING-16#569 Warning
Large setup violation  
There is a large setup violation of -1.928 ns between student_top_inst/Core_cpu/u_core/u_backend/u_rename/srat_q_reg[21][5]/C (clocked by clk_out2_pll) and student_top_inst/Core_cpu/u_core/u_backend/dispatch_buffer_entry_q_reg[1][uop][csr_zimm][3]/D (clocked by clk_out2_pll). Large setup violations at the end of those stages might be difficult to fix during the post-placement implementation flow and could be the result of non-optimal XDC constraints or non-optimal design architecture
Related violations: <none>

TIMING-16#570 Warning
Large setup violation  
There is a large setup violation of -1.932 ns between student_top_inst/Core_cpu/u_core/u_backend/u_rename/srat_q_reg[21][5]/C (clocked by clk_out2_pll) and student_top_inst/Core_cpu/u_core/u_backend/dispatch_buffer_entry_q_reg[0][uop][csr_addr][6]/CE (clocked by clk_out2_pll). Large setup violations at the end of those stages might be difficult to fix during the post-placement implementation flow and could be the result of non-optimal XDC constraints or non-optimal design architecture
Related violations: <none>

TIMING-16#571 Warning
Large setup violation  
There is a large setup violation of -1.932 ns between student_top_inst/Core_cpu/u_core/u_backend/u_rename/srat_q_reg[21][5]/C (clocked by clk_out2_pll) and student_top_inst/Core_cpu/u_core/u_backend/dispatch_buffer_entry_q_reg[0][uop][tube][1]/CE (clocked by clk_out2_pll). Large setup violations at the end of those stages might be difficult to fix during the post-placement implementation flow and could be the result of non-optimal XDC constraints or non-optimal design architecture
Related violations: <none>

TIMING-16#572 Warning
Large setup violation  
There is a large setup violation of -1.936 ns between student_top_inst/Core_cpu/u_core/u_backend/u_rename/srat_q_reg[21][5]/C (clocked by clk_out2_pll) and student_top_inst/Core_cpu/u_core/u_backend/dispatch_buffer_entry_q_reg[1][uop][csr_zimm][2]/D (clocked by clk_out2_pll). Large setup violations at the end of those stages might be difficult to fix during the post-placement implementation flow and could be the result of non-optimal XDC constraints or non-optimal design architecture
Related violations: <none>

TIMING-16#573 Warning
Large setup violation  
There is a large setup violation of -1.937 ns between student_top_inst/Core_cpu/u_core/u_backend/u_rename/srat_q_reg[21][5]/C (clocked by clk_out2_pll) and student_top_inst/Core_cpu/u_core/u_backend/dispatch_buffer_entry_q_reg[0][uop][is_jalr]/CE (clocked by clk_out2_pll). Large setup violations at the end of those stages might be difficult to fix during the post-placement implementation flow and could be the result of non-optimal XDC constraints or non-optimal design architecture
Related violations: <none>

TIMING-16#574 Warning
Large setup violation  
There is a large setup violation of -1.937 ns between student_top_inst/Core_cpu/u_core/u_backend/u_rename/srat_q_reg[21][5]/C (clocked by clk_out2_pll) and student_top_inst/Core_cpu/u_core/u_backend/dispatch_buffer_entry_q_reg[0][uop][mem_size][1]/CE (clocked by clk_out2_pll). Large setup violations at the end of those stages might be difficult to fix during the post-placement implementation flow and could be the result of non-optimal XDC constraints or non-optimal design architecture
Related violations: <none>

TIMING-16#575 Warning
Large setup violation  
There is a large setup violation of -1.939 ns between student_top_inst/Core_cpu/u_core/u_backend/u_rename/srat_q_reg[21][5]/C (clocked by clk_out2_pll) and student_top_inst/Core_cpu/u_core/u_backend/dispatch_buffer_entry_q_reg[0][uop][imm_s][7]/CE (clocked by clk_out2_pll). Large setup violations at the end of those stages might be difficult to fix during the post-placement implementation flow and could be the result of non-optimal XDC constraints or non-optimal design architecture
Related violations: <none>

TIMING-16#576 Warning
Large setup violation  
There is a large setup violation of -1.939 ns between student_top_inst/Core_cpu/u_core/u_backend/u_rename/srat_q_reg[21][5]/C (clocked by clk_out2_pll) and student_top_inst/Core_cpu/u_core/u_backend/dispatch_buffer_entry_q_reg[0][uop][imm_u][26]/CE (clocked by clk_out2_pll). Large setup violations at the end of those stages might be difficult to fix during the post-placement implementation flow and could be the result of non-optimal XDC constraints or non-optimal design architecture
Related violations: <none>

TIMING-16#577 Warning
Large setup violation  
There is a large setup violation of -1.939 ns between student_top_inst/Core_cpu/u_core/u_backend/u_rename/srat_q_reg[21][5]/C (clocked by clk_out2_pll) and student_top_inst/Core_cpu/u_core/u_backend/dispatch_buffer_entry_q_reg[0][uop][pc][8]/CE (clocked by clk_out2_pll). Large setup violations at the end of those stages might be difficult to fix during the post-placement implementation flow and could be the result of non-optimal XDC constraints or non-optimal design architecture
Related violations: <none>

TIMING-16#578 Warning
Large setup violation  
There is a large setup violation of -1.940 ns between student_top_inst/Core_cpu/u_core/u_backend/u_rename/srat_q_reg[21][5]/C (clocked by clk_out2_pll) and student_top_inst/Core_cpu/u_core/u_backend/dispatch_buffer_entry_q_reg[0][uop][imm_u][30]/CE (clocked by clk_out2_pll). Large setup violations at the end of those stages might be difficult to fix during the post-placement implementation flow and could be the result of non-optimal XDC constraints or non-optimal design architecture
Related violations: <none>

TIMING-16#579 Warning
Large setup violation  
There is a large setup violation of -1.940 ns between student_top_inst/Core_cpu/u_core/u_backend/u_rename/srat_q_reg[21][5]/C (clocked by clk_out2_pll) and student_top_inst/Core_cpu/u_core/u_backend/dispatch_buffer_entry_q_reg[0][uop][inst][30]/CE (clocked by clk_out2_pll). Large setup violations at the end of those stages might be difficult to fix during the post-placement implementation flow and could be the result of non-optimal XDC constraints or non-optimal design architecture
Related violations: <none>

TIMING-16#580 Warning
Large setup violation  
There is a large setup violation of -1.940 ns between student_top_inst/Core_cpu/u_core/u_backend/u_rename/srat_q_reg[21][5]/C (clocked by clk_out2_pll) and student_top_inst/Core_cpu/u_core/u_backend/dispatch_buffer_entry_q_reg[1][uop][csr_zimm][0]/CE (clocked by clk_out2_pll). Large setup violations at the end of those stages might be difficult to fix during the post-placement implementation flow and could be the result of non-optimal XDC constraints or non-optimal design architecture
Related violations: <none>

TIMING-16#581 Warning
Large setup violation  
There is a large setup violation of -1.942 ns between student_top_inst/Core_cpu/u_core/u_backend/u_rename/srat_q_reg[21][5]/C (clocked by clk_out2_pll) and student_top_inst/Core_cpu/u_core/u_backend/dispatch_buffer_entry_q_reg[0][uop][muldiv_op][0]/CE (clocked by clk_out2_pll). Large setup violations at the end of those stages might be difficult to fix during the post-placement implementation flow and could be the result of non-optimal XDC constraints or non-optimal design architecture
Related violations: <none>

TIMING-16#582 Warning
Large setup violation  
There is a large setup violation of -1.944 ns between student_top_inst/Core_cpu/u_core/u_backend/u_rename/srat_q_reg[21][5]/C (clocked by clk_out2_pll) and student_top_inst/Core_cpu/u_core/u_backend/dispatch_buffer_entry_q_reg[0][uop][exception]/CE (clocked by clk_out2_pll). Large setup violations at the end of those stages might be difficult to fix during the post-placement implementation flow and could be the result of non-optimal XDC constraints or non-optimal design architecture
Related violations: <none>

TIMING-16#583 Warning
Large setup violation  
There is a large setup violation of -1.944 ns between student_top_inst/Core_cpu/u_core/u_backend/u_rename/srat_q_reg[21][5]/C (clocked by clk_out2_pll) and student_top_inst/Core_cpu/u_core/u_backend/dispatch_buffer_entry_q_reg[1][prs2][4]/CE (clocked by clk_out2_pll). Large setup violations at the end of those stages might be difficult to fix during the post-placement implementation flow and could be the result of non-optimal XDC constraints or non-optimal design architecture
Related violations: <none>

TIMING-16#584 Warning
Large setup violation  
There is a large setup violation of -1.946 ns between student_top_inst/Core_cpu/u_core/u_backend/u_rename/srat_q_reg[21][5]/C (clocked by clk_out2_pll) and student_top_inst/Core_cpu/u_core/u_backend/dispatch_buffer_entry_q_reg[0][uop][imm_s][25]/CE (clocked by clk_out2_pll). Large setup violations at the end of those stages might be difficult to fix during the post-placement implementation flow and could be the result of non-optimal XDC constraints or non-optimal design architecture
Related violations: <none>

TIMING-16#585 Warning
Large setup violation  
There is a large setup violation of -1.946 ns between student_top_inst/Core_cpu/u_core/u_backend/u_rename/srat_q_reg[21][5]/C (clocked by clk_out2_pll) and student_top_inst/Core_cpu/u_core/u_backend/dispatch_buffer_entry_q_reg[0][uop][imm_u][27]/CE (clocked by clk_out2_pll). Large setup violations at the end of those stages might be difficult to fix during the post-placement implementation flow and could be the result of non-optimal XDC constraints or non-optimal design architecture
Related violations: <none>

TIMING-16#586 Warning
Large setup violation  
There is a large setup violation of -1.946 ns between student_top_inst/Core_cpu/u_core/u_backend/u_rename/srat_q_reg[21][5]/C (clocked by clk_out2_pll) and student_top_inst/Core_cpu/u_core/u_backend/dispatch_buffer_entry_q_reg[0][uop][opcode][6]/CE (clocked by clk_out2_pll). Large setup violations at the end of those stages might be difficult to fix during the post-placement implementation flow and could be the result of non-optimal XDC constraints or non-optimal design architecture
Related violations: <none>

TIMING-16#587 Warning
Large setup violation  
There is a large setup violation of -1.948 ns between student_top_inst/Core_cpu/u_core/u_backend/u_rename/srat_q_reg[21][5]/C (clocked by clk_out2_pll) and student_top_inst/Core_cpu/u_core/u_backend/dispatch_buffer_entry_q_reg[0][uop][imm_i][7]/CE (clocked by clk_out2_pll). Large setup violations at the end of those stages might be difficult to fix during the post-placement implementation flow and could be the result of non-optimal XDC constraints or non-optimal design architecture
Related violations: <none>

TIMING-16#588 Warning
Large setup violation  
There is a large setup violation of -1.949 ns between student_top_inst/Core_cpu/u_core/u_backend/u_rename/srat_q_reg[21][5]/C (clocked by clk_out2_pll) and student_top_inst/Core_cpu/u_core/u_backend/dispatch_buffer_entry_q_reg[1][prs1][4]/CE (clocked by clk_out2_pll). Large setup violations at the end of those stages might be difficult to fix during the post-placement implementation flow and could be the result of non-optimal XDC constraints or non-optimal design architecture
Related violations: <none>

TIMING-16#589 Warning
Large setup violation  
There is a large setup violation of -1.949 ns between student_top_inst/Core_cpu/u_core/u_backend/u_rename/srat_q_reg[21][5]/C (clocked by clk_out2_pll) and student_top_inst/Core_cpu/u_core/u_backend/dispatch_buffer_entry_q_reg[1][uop][alu_op][0]/CE (clocked by clk_out2_pll). Large setup violations at the end of those stages might be difficult to fix during the post-placement implementation flow and could be the result of non-optimal XDC constraints or non-optimal design architecture
Related violations: <none>

TIMING-16#590 Warning
Large setup violation  
There is a large setup violation of -1.950 ns between student_top_inst/Core_cpu/u_core/u_backend/u_rename/srat_q_reg[21][5]/C (clocked by clk_out2_pll) and student_top_inst/Core_cpu/u_core/u_backend/dispatch_buffer_entry_q_reg[0][uop][pc][29]/CE (clocked by clk_out2_pll). Large setup violations at the end of those stages might be difficult to fix during the post-placement implementation flow and could be the result of non-optimal XDC constraints or non-optimal design architecture
Related violations: <none>

TIMING-16#591 Warning
Large setup violation  
There is a large setup violation of -1.950 ns between student_top_inst/Core_cpu/u_core/u_backend/u_rename/srat_q_reg[21][5]/C (clocked by clk_out2_pll) and student_top_inst/Core_cpu/u_core/u_backend/dispatch_buffer_entry_q_reg[0][uop][pc][6]/CE (clocked by clk_out2_pll). Large setup violations at the end of those stages might be difficult to fix during the post-placement implementation flow and could be the result of non-optimal XDC constraints or non-optimal design architecture
Related violations: <none>

TIMING-16#592 Warning
Large setup violation  
There is a large setup violation of -1.950 ns between student_top_inst/Core_cpu/u_core/u_backend/u_rename/srat_q_reg[21][5]/C (clocked by clk_out2_pll) and student_top_inst/Core_cpu/u_core/u_backend/dispatch_buffer_entry_q_reg[1][uop][imm_b][10]/CE (clocked by clk_out2_pll). Large setup violations at the end of those stages might be difficult to fix during the post-placement implementation flow and could be the result of non-optimal XDC constraints or non-optimal design architecture
Related violations: <none>

TIMING-16#593 Warning
Large setup violation  
There is a large setup violation of -1.950 ns between student_top_inst/Core_cpu/u_core/u_backend/u_rename/srat_q_reg[21][5]/C (clocked by clk_out2_pll) and student_top_inst/Core_cpu/u_core/u_backend/dispatch_buffer_entry_q_reg[1][uop][imm_b][14]/CE (clocked by clk_out2_pll). Large setup violations at the end of those stages might be difficult to fix during the post-placement implementation flow and could be the result of non-optimal XDC constraints or non-optimal design architecture
Related violations: <none>

TIMING-16#594 Warning
Large setup violation  
There is a large setup violation of -1.950 ns between student_top_inst/Core_cpu/u_core/u_backend/u_rename/srat_q_reg[21][5]/C (clocked by clk_out2_pll) and student_top_inst/Core_cpu/u_core/u_backend/dispatch_buffer_entry_q_reg[1][uop][imm_b][15]/CE (clocked by clk_out2_pll). Large setup violations at the end of those stages might be difficult to fix during the post-placement implementation flow and could be the result of non-optimal XDC constraints or non-optimal design architecture
Related violations: <none>

TIMING-16#595 Warning
Large setup violation  
There is a large setup violation of -1.951 ns between student_top_inst/Core_cpu/u_core/u_backend/u_rename/srat_q_reg[21][5]/C (clocked by clk_out2_pll) and student_top_inst/Core_cpu/u_core/u_backend/dispatch_buffer_entry_q_reg[0][uop][is_csr]/CE (clocked by clk_out2_pll). Large setup violations at the end of those stages might be difficult to fix during the post-placement implementation flow and could be the result of non-optimal XDC constraints or non-optimal design architecture
Related violations: <none>

TIMING-16#596 Warning
Large setup violation  
There is a large setup violation of -1.951 ns between student_top_inst/Core_cpu/u_core/u_backend/u_rename/srat_q_reg[21][5]/C (clocked by clk_out2_pll) and student_top_inst/Core_cpu/u_core/u_backend/dispatch_buffer_entry_q_reg[1][prd][0]/CE (clocked by clk_out2_pll). Large setup violations at the end of those stages might be difficult to fix during the post-placement implementation flow and could be the result of non-optimal XDC constraints or non-optimal design architecture
Related violations: <none>

TIMING-16#597 Warning
Large setup violation  
There is a large setup violation of -1.951 ns between student_top_inst/Core_cpu/u_core/u_backend/u_rename/srat_q_reg[21][5]/C (clocked by clk_out2_pll) and student_top_inst/Core_cpu/u_core/u_backend/dispatch_buffer_entry_q_reg[1][prd][1]/CE (clocked by clk_out2_pll). Large setup violations at the end of those stages might be difficult to fix during the post-placement implementation flow and could be the result of non-optimal XDC constraints or non-optimal design architecture
Related violations: <none>

TIMING-16#598 Warning
Large setup violation  
There is a large setup violation of -1.951 ns between student_top_inst/Core_cpu/u_core/u_backend/u_rename/srat_q_reg[21][5]/C (clocked by clk_out2_pll) and student_top_inst/Core_cpu/u_core/u_backend/dispatch_buffer_entry_q_reg[1][uop][imm_i][31]/CE (clocked by clk_out2_pll). Large setup violations at the end of those stages might be difficult to fix during the post-placement implementation flow and could be the result of non-optimal XDC constraints or non-optimal design architecture
Related violations: <none>

TIMING-16#599 Warning
Large setup violation  
There is a large setup violation of -1.951 ns between student_top_inst/Core_cpu/u_core/u_backend/u_rename/srat_q_reg[21][5]/C (clocked by clk_out2_pll) and student_top_inst/Core_cpu/u_core/u_backend/dispatch_buffer_entry_q_reg[1][uop][imm_i][6]/CE (clocked by clk_out2_pll). Large setup violations at the end of those stages might be difficult to fix during the post-placement implementation flow and could be the result of non-optimal XDC constraints or non-optimal design architecture
Related violations: <none>

TIMING-16#600 Warning
Large setup violation  
There is a large setup violation of -1.953 ns between student_top_inst/Core_cpu/u_core/u_backend/u_rename/srat_q_reg[21][5]/C (clocked by clk_out2_pll) and student_top_inst/Core_cpu/u_core/u_backend/dispatch_buffer_entry_q_reg[0][uop][imm_b][1]/CE (clocked by clk_out2_pll). Large setup violations at the end of those stages might be difficult to fix during the post-placement implementation flow and could be the result of non-optimal XDC constraints or non-optimal design architecture
Related violations: <none>

TIMING-16#601 Warning
Large setup violation  
There is a large setup violation of -1.953 ns between student_top_inst/Core_cpu/u_core/u_backend/u_rename/srat_q_reg[21][5]/C (clocked by clk_out2_pll) and student_top_inst/Core_cpu/u_core/u_backend/dispatch_buffer_entry_q_reg[0][uop][imm_b][7]/CE (clocked by clk_out2_pll). Large setup violations at the end of those stages might be difficult to fix during the post-placement implementation flow and could be the result of non-optimal XDC constraints or non-optimal design architecture
Related violations: <none>

TIMING-16#602 Warning
Large setup violation  
There is a large setup violation of -1.953 ns between student_top_inst/Core_cpu/u_core/u_backend/u_rename/srat_q_reg[21][5]/C (clocked by clk_out2_pll) and student_top_inst/Core_cpu/u_core/u_backend/dispatch_buffer_entry_q_reg[0][uop][is_branch]/CE (clocked by clk_out2_pll). Large setup violations at the end of those stages might be difficult to fix during the post-placement implementation flow and could be the result of non-optimal XDC constraints or non-optimal design architecture
Related violations: <none>

TIMING-16#603 Warning
Large setup violation  
There is a large setup violation of -1.953 ns between student_top_inst/Core_cpu/u_core/u_backend/u_rename/srat_q_reg[21][5]/C (clocked by clk_out2_pll) and student_top_inst/Core_cpu/u_core/u_backend/dispatch_buffer_entry_q_reg[0][uop][mem_size][0]/CE (clocked by clk_out2_pll). Large setup violations at the end of those stages might be difficult to fix during the post-placement implementation flow and could be the result of non-optimal XDC constraints or non-optimal design architecture
Related violations: <none>

TIMING-16#604 Warning
Large setup violation  
There is a large setup violation of -1.953 ns between student_top_inst/Core_cpu/u_core/u_backend/u_rename/srat_q_reg[21][5]/C (clocked by clk_out2_pll) and student_top_inst/Core_cpu/u_core/u_backend/dispatch_buffer_entry_q_reg[0][uop][pred_target][5]/CE (clocked by clk_out2_pll). Large setup violations at the end of those stages might be difficult to fix during the post-placement implementation flow and could be the result of non-optimal XDC constraints or non-optimal design architecture
Related violations: <none>

TIMING-16#605 Warning
Large setup violation  
There is a large setup violation of -1.954 ns between student_top_inst/Core_cpu/u_core/u_backend/u_rename/srat_q_reg[21][5]/C (clocked by clk_out2_pll) and student_top_inst/Core_cpu/u_core/u_backend/dispatch_buffer_entry_q_reg[1][uop][csr_op][1]/CE (clocked by clk_out2_pll). Large setup violations at the end of those stages might be difficult to fix during the post-placement implementation flow and could be the result of non-optimal XDC constraints or non-optimal design architecture
Related violations: <none>

TIMING-16#606 Warning
Large setup violation  
There is a large setup violation of -1.958 ns between student_top_inst/Core_cpu/u_core/u_backend/u_rename/srat_q_reg[21][5]/C (clocked by clk_out2_pll) and student_top_inst/Core_cpu/u_core/u_backend/dispatch_buffer_entry_q_reg[1][prs2][3]/CE (clocked by clk_out2_pll). Large setup violations at the end of those stages might be difficult to fix during the post-placement implementation flow and could be the result of non-optimal XDC constraints or non-optimal design architecture
Related violations: <none>

TIMING-16#607 Warning
Large setup violation  
There is a large setup violation of -1.959 ns between student_top_inst/Core_cpu/u_core/u_backend/u_rename/srat_q_reg[21][5]/C (clocked by clk_out2_pll) and student_top_inst/Core_cpu/u_core/u_backend/dispatch_buffer_entry_q_reg[1][prd][4]/CE (clocked by clk_out2_pll). Large setup violations at the end of those stages might be difficult to fix during the post-placement implementation flow and could be the result of non-optimal XDC constraints or non-optimal design architecture
Related violations: <none>

TIMING-16#608 Warning
Large setup violation  
There is a large setup violation of -1.962 ns between student_top_inst/Core_cpu/u_core/u_backend/u_rename/srat_q_reg[21][5]/C (clocked by clk_out2_pll) and student_top_inst/Core_cpu/u_core/u_backend/dispatch_buffer_entry_q_reg[0][uop][pc][20]/CE (clocked by clk_out2_pll). Large setup violations at the end of those stages might be difficult to fix during the post-placement implementation flow and could be the result of non-optimal XDC constraints or non-optimal design architecture
Related violations: <none>

TIMING-16#609 Warning
Large setup violation  
There is a large setup violation of -1.962 ns between student_top_inst/Core_cpu/u_core/u_backend/u_rename/srat_q_reg[21][5]/C (clocked by clk_out2_pll) and student_top_inst/Core_cpu/u_core/u_backend/dispatch_buffer_entry_q_reg[0][uop][pred_target][1]/CE (clocked by clk_out2_pll). Large setup violations at the end of those stages might be difficult to fix during the post-placement implementation flow and could be the result of non-optimal XDC constraints or non-optimal design architecture
Related violations: <none>

TIMING-16#610 Warning
Large setup violation  
There is a large setup violation of -1.962 ns between student_top_inst/Core_cpu/u_core/u_backend/u_rename/srat_q_reg[21][5]/C (clocked by clk_out2_pll) and student_top_inst/Core_cpu/u_core/u_backend/dispatch_buffer_entry_q_reg[1][uop][csr_imm]/CE (clocked by clk_out2_pll). Large setup violations at the end of those stages might be difficult to fix during the post-placement implementation flow and could be the result of non-optimal XDC constraints or non-optimal design architecture
Related violations: <none>

TIMING-16#611 Warning
Large setup violation  
There is a large setup violation of -1.963 ns between student_top_inst/Core_cpu/u_core/u_backend/u_rename/srat_q_reg[21][5]/C (clocked by clk_out2_pll) and student_top_inst/Core_cpu/u_core/u_backend/dispatch_buffer_entry_q_reg[0][uop][alu_op][2]/CE (clocked by clk_out2_pll). Large setup violations at the end of those stages might be difficult to fix during the post-placement implementation flow and could be the result of non-optimal XDC constraints or non-optimal design architecture
Related violations: <none>

TIMING-16#612 Warning
Large setup violation  
There is a large setup violation of -1.963 ns between student_top_inst/Core_cpu/u_core/u_backend/u_rename/srat_q_reg[21][5]/C (clocked by clk_out2_pll) and student_top_inst/Core_cpu/u_core/u_backend/dispatch_buffer_entry_q_reg[0][uop][inst][28]/CE (clocked by clk_out2_pll). Large setup violations at the end of those stages might be difficult to fix during the post-placement implementation flow and could be the result of non-optimal XDC constraints or non-optimal design architecture
Related violations: <none>

TIMING-16#613 Warning
Large setup violation  
There is a large setup violation of -1.963 ns between student_top_inst/Core_cpu/u_core/u_backend/u_rename/srat_q_reg[21][5]/C (clocked by clk_out2_pll) and student_top_inst/Core_cpu/u_core/u_backend/dispatch_buffer_entry_q_reg[0][uop][pc][15]/CE (clocked by clk_out2_pll). Large setup violations at the end of those stages might be difficult to fix during the post-placement implementation flow and could be the result of non-optimal XDC constraints or non-optimal design architecture
Related violations: <none>

TIMING-16#614 Warning
Large setup violation  
There is a large setup violation of -1.963 ns between student_top_inst/Core_cpu/u_core/u_backend/u_rename/srat_q_reg[21][5]/C (clocked by clk_out2_pll) and student_top_inst/Core_cpu/u_core/u_backend/dispatch_buffer_entry_q_reg[0][uop][pred_target][31]/CE (clocked by clk_out2_pll). Large setup violations at the end of those stages might be difficult to fix during the post-placement implementation flow and could be the result of non-optimal XDC constraints or non-optimal design architecture
Related violations: <none>

TIMING-16#615 Warning
Large setup violation  
There is a large setup violation of -1.964 ns between student_top_inst/Core_cpu/u_core/u_backend/u_rename/srat_q_reg[21][5]/C (clocked by clk_out2_pll) and student_top_inst/Core_cpu/u_core/u_backend/dispatch_buffer_entry_q_reg[0][alloc_prd]/CE (clocked by clk_out2_pll). Large setup violations at the end of those stages might be difficult to fix during the post-placement implementation flow and could be the result of non-optimal XDC constraints or non-optimal design architecture
Related violations: <none>

TIMING-16#616 Warning
Large setup violation  
There is a large setup violation of -1.964 ns between student_top_inst/Core_cpu/u_core/u_backend/u_rename/srat_q_reg[21][5]/C (clocked by clk_out2_pll) and student_top_inst/Core_cpu/u_core/u_backend/dispatch_buffer_entry_q_reg[0][uop][pc][16]/CE (clocked by clk_out2_pll). Large setup violations at the end of those stages might be difficult to fix during the post-placement implementation flow and could be the result of non-optimal XDC constraints or non-optimal design architecture
Related violations: <none>

TIMING-16#617 Warning
Large setup violation  
There is a large setup violation of -1.964 ns between student_top_inst/Core_cpu/u_core/u_backend/u_rename/srat_q_reg[21][5]/C (clocked by clk_out2_pll) and student_top_inst/Core_cpu/u_core/u_backend/dispatch_buffer_entry_q_reg[0][uop][pc][4]/CE (clocked by clk_out2_pll). Large setup violations at the end of those stages might be difficult to fix during the post-placement implementation flow and could be the result of non-optimal XDC constraints or non-optimal design architecture
Related violations: <none>

TIMING-16#618 Warning
Large setup violation  
There is a large setup violation of -1.967 ns between student_top_inst/Core_cpu/u_core/u_backend/u_rename/srat_q_reg[21][5]/C (clocked by clk_out2_pll) and student_top_inst/Core_cpu/u_core/u_backend/dispatch_buffer_entry_q_reg[1][prd][2]/CE (clocked by clk_out2_pll). Large setup violations at the end of those stages might be difficult to fix during the post-placement implementation flow and could be the result of non-optimal XDC constraints or non-optimal design architecture
Related violations: <none>

TIMING-16#619 Warning
Large setup violation  
There is a large setup violation of -1.973 ns between student_top_inst/Core_cpu/u_core/u_backend/u_rename/srat_q_reg[21][5]/C (clocked by clk_out2_pll) and student_top_inst/Core_cpu/u_core/u_backend/dispatch_buffer_entry_q_reg[0][uop][imm_b][11]/CE (clocked by clk_out2_pll). Large setup violations at the end of those stages might be difficult to fix during the post-placement implementation flow and could be the result of non-optimal XDC constraints or non-optimal design architecture
Related violations: <none>

TIMING-16#620 Warning
Large setup violation  
There is a large setup violation of -1.973 ns between student_top_inst/Core_cpu/u_core/u_backend/u_rename/srat_q_reg[21][5]/C (clocked by clk_out2_pll) and student_top_inst/Core_cpu/u_core/u_backend/dispatch_buffer_entry_q_reg[0][uop][imm_b][9]/CE (clocked by clk_out2_pll). Large setup violations at the end of those stages might be difficult to fix during the post-placement implementation flow and could be the result of non-optimal XDC constraints or non-optimal design architecture
Related violations: <none>

TIMING-16#621 Warning
Large setup violation  
There is a large setup violation of -1.973 ns between student_top_inst/Core_cpu/u_core/u_backend/u_rename/srat_q_reg[21][5]/C (clocked by clk_out2_pll) and student_top_inst/Core_cpu/u_core/u_backend/dispatch_buffer_entry_q_reg[0][uop][imm_i][5]/CE (clocked by clk_out2_pll). Large setup violations at the end of those stages might be difficult to fix during the post-placement implementation flow and could be the result of non-optimal XDC constraints or non-optimal design architecture
Related violations: <none>

TIMING-16#622 Warning
Large setup violation  
There is a large setup violation of -1.973 ns between student_top_inst/Core_cpu/u_core/u_backend/u_rename/srat_q_reg[21][5]/C (clocked by clk_out2_pll) and student_top_inst/Core_cpu/u_core/u_backend/dispatch_buffer_entry_q_reg[0][uop][imm_j][14]/CE (clocked by clk_out2_pll). Large setup violations at the end of those stages might be difficult to fix during the post-placement implementation flow and could be the result of non-optimal XDC constraints or non-optimal design architecture
Related violations: <none>

TIMING-16#623 Warning
Large setup violation  
There is a large setup violation of -1.973 ns between student_top_inst/Core_cpu/u_core/u_backend/u_rename/srat_q_reg[21][5]/C (clocked by clk_out2_pll) and student_top_inst/Core_cpu/u_core/u_backend/dispatch_buffer_entry_q_reg[1][uop][imm_b][16]/CE (clocked by clk_out2_pll). Large setup violations at the end of those stages might be difficult to fix during the post-placement implementation flow and could be the result of non-optimal XDC constraints or non-optimal design architecture
Related violations: <none>

TIMING-16#624 Warning
Large setup violation  
There is a large setup violation of -1.973 ns between student_top_inst/Core_cpu/u_core/u_backend/u_rename/srat_q_reg[21][5]/C (clocked by clk_out2_pll) and student_top_inst/Core_cpu/u_core/u_backend/dispatch_buffer_entry_q_reg[1][uop][imm_b][17]/CE (clocked by clk_out2_pll). Large setup violations at the end of those stages might be difficult to fix during the post-placement implementation flow and could be the result of non-optimal XDC constraints or non-optimal design architecture
Related violations: <none>

TIMING-16#625 Warning
Large setup violation  
There is a large setup violation of -1.981 ns between student_top_inst/Core_cpu/u_core/u_backend/u_rename/srat_q_reg[13][2]/C (clocked by clk_out2_pll) and student_top_inst/Core_cpu/u_core/u_backend/dispatch_buffer_entry_q_reg[0][uop][imm_b][14]/CE (clocked by clk_out2_pll). Large setup violations at the end of those stages might be difficult to fix during the post-placement implementation flow and could be the result of non-optimal XDC constraints or non-optimal design architecture
Related violations: <none>

TIMING-16#626 Warning
Large setup violation  
There is a large setup violation of -1.981 ns between student_top_inst/Core_cpu/u_core/u_backend/u_rename/srat_q_reg[13][2]/C (clocked by clk_out2_pll) and student_top_inst/Core_cpu/u_core/u_backend/dispatch_buffer_entry_q_reg[0][uop][imm_b][4]/CE (clocked by clk_out2_pll). Large setup violations at the end of those stages might be difficult to fix during the post-placement implementation flow and could be the result of non-optimal XDC constraints or non-optimal design architecture
Related violations: <none>

TIMING-16#627 Warning
Large setup violation  
There is a large setup violation of -1.981 ns between student_top_inst/Core_cpu/u_core/u_backend/u_rename/srat_q_reg[13][2]/C (clocked by clk_out2_pll) and student_top_inst/Core_cpu/u_core/u_backend/dispatch_buffer_entry_q_reg[0][uop][imm_j][22]/CE (clocked by clk_out2_pll). Large setup violations at the end of those stages might be difficult to fix during the post-placement implementation flow and could be the result of non-optimal XDC constraints or non-optimal design architecture
Related violations: <none>

TIMING-16#628 Warning
Large setup violation  
There is a large setup violation of -1.981 ns between student_top_inst/Core_cpu/u_core/u_backend/u_rename/srat_q_reg[13][2]/C (clocked by clk_out2_pll) and student_top_inst/Core_cpu/u_core/u_backend/dispatch_buffer_entry_q_reg[0][uop][imm_j][27]/CE (clocked by clk_out2_pll). Large setup violations at the end of those stages might be difficult to fix during the post-placement implementation flow and could be the result of non-optimal XDC constraints or non-optimal design architecture
Related violations: <none>

TIMING-16#629 Warning
Large setup violation  
There is a large setup violation of -1.987 ns between student_top_inst/Core_cpu/u_core/u_backend/u_rename/srat_q_reg[13][2]/C (clocked by clk_out2_pll) and student_top_inst/Core_cpu/u_core/u_backend/dispatch_buffer_entry_q_reg[0][uop][imm_b][24]/CE (clocked by clk_out2_pll). Large setup violations at the end of those stages might be difficult to fix during the post-placement implementation flow and could be the result of non-optimal XDC constraints or non-optimal design architecture
Related violations: <none>

TIMING-16#630 Warning
Large setup violation  
There is a large setup violation of -1.987 ns between student_top_inst/Core_cpu/u_core/u_backend/u_rename/srat_q_reg[13][2]/C (clocked by clk_out2_pll) and student_top_inst/Core_cpu/u_core/u_backend/dispatch_buffer_entry_q_reg[0][uop][imm_b][27]/CE (clocked by clk_out2_pll). Large setup violations at the end of those stages might be difficult to fix during the post-placement implementation flow and could be the result of non-optimal XDC constraints or non-optimal design architecture
Related violations: <none>

TIMING-16#631 Warning
Large setup violation  
There is a large setup violation of -1.987 ns between student_top_inst/Core_cpu/u_core/u_backend/u_rename/srat_q_reg[21][5]/C (clocked by clk_out2_pll) and student_top_inst/Core_cpu/u_core/u_backend/dispatch_buffer_entry_q_reg[0][uop][pred_target][0]/CE (clocked by clk_out2_pll). Large setup violations at the end of those stages might be difficult to fix during the post-placement implementation flow and could be the result of non-optimal XDC constraints or non-optimal design architecture
Related violations: <none>

TIMING-16#632 Warning
Large setup violation  
There is a large setup violation of -1.987 ns between student_top_inst/Core_cpu/u_core/u_backend/u_rename/srat_q_reg[21][5]/C (clocked by clk_out2_pll) and student_top_inst/Core_cpu/u_core/u_backend/dispatch_buffer_entry_q_reg[0][uop][pred_target][11]/CE (clocked by clk_out2_pll). Large setup violations at the end of those stages might be difficult to fix during the post-placement implementation flow and could be the result of non-optimal XDC constraints or non-optimal design architecture
Related violations: <none>

TIMING-16#633 Warning
Large setup violation  
There is a large setup violation of -1.987 ns between student_top_inst/Core_cpu/u_core/u_backend/u_rename/srat_q_reg[21][5]/C (clocked by clk_out2_pll) and student_top_inst/Core_cpu/u_core/u_backend/dispatch_buffer_entry_q_reg[0][uop][pred_target][21]/CE (clocked by clk_out2_pll). Large setup violations at the end of those stages might be difficult to fix during the post-placement implementation flow and could be the result of non-optimal XDC constraints or non-optimal design architecture
Related violations: <none>

TIMING-16#634 Warning
Large setup violation  
There is a large setup violation of -1.989 ns between student_top_inst/Core_cpu/u_core/u_backend/u_rename/srat_q_reg[21][5]/C (clocked by clk_out2_pll) and student_top_inst/Core_cpu/u_core/u_backend/dispatch_buffer_entry_q_reg[0][prs1][4]/CE (clocked by clk_out2_pll). Large setup violations at the end of those stages might be difficult to fix during the post-placement implementation flow and could be the result of non-optimal XDC constraints or non-optimal design architecture
Related violations: <none>

TIMING-16#635 Warning
Large setup violation  
There is a large setup violation of -1.989 ns between student_top_inst/Core_cpu/u_core/u_backend/u_rename/srat_q_reg[21][5]/C (clocked by clk_out2_pll) and student_top_inst/Core_cpu/u_core/u_backend/dispatch_buffer_entry_q_reg[0][uop][pred_target][16]/CE (clocked by clk_out2_pll). Large setup violations at the end of those stages might be difficult to fix during the post-placement implementation flow and could be the result of non-optimal XDC constraints or non-optimal design architecture
Related violations: <none>

TIMING-16#636 Warning
Large setup violation  
There is a large setup violation of -1.990 ns between student_top_inst/Core_cpu/u_core/u_backend/u_rename/srat_q_reg[21][5]/C (clocked by clk_out2_pll) and student_top_inst/Core_cpu/u_core/u_backend/dispatch_buffer_entry_q_reg[0][uop][imm_b][15]/CE (clocked by clk_out2_pll). Large setup violations at the end of those stages might be difficult to fix during the post-placement implementation flow and could be the result of non-optimal XDC constraints or non-optimal design architecture
Related violations: <none>

TIMING-16#637 Warning
Large setup violation  
There is a large setup violation of -1.990 ns between student_top_inst/Core_cpu/u_core/u_backend/u_rename/srat_q_reg[21][5]/C (clocked by clk_out2_pll) and student_top_inst/Core_cpu/u_core/u_backend/dispatch_buffer_entry_q_reg[0][uop][imm_b][8]/CE (clocked by clk_out2_pll). Large setup violations at the end of those stages might be difficult to fix during the post-placement implementation flow and could be the result of non-optimal XDC constraints or non-optimal design architecture
Related violations: <none>

TIMING-16#638 Warning
Large setup violation  
There is a large setup violation of -1.995 ns between student_top_inst/Core_cpu/u_core/u_backend/u_rename/srat_q_reg[21][5]/C (clocked by clk_out2_pll) and student_top_inst/Core_cpu/u_core/u_backend/dispatch_buffer_entry_q_reg[0][uop][tube][2]/D (clocked by clk_out2_pll). Large setup violations at the end of those stages might be difficult to fix during the post-placement implementation flow and could be the result of non-optimal XDC constraints or non-optimal design architecture
Related violations: <none>

TIMING-16#639 Warning
Large setup violation  
There is a large setup violation of -1.996 ns between student_top_inst/Core_cpu/u_core/u_backend/u_rename/srat_q_reg[21][5]/C (clocked by clk_out2_pll) and student_top_inst/Core_cpu/u_core/u_backend/dispatch_buffer_entry_q_reg[0][old_prd][0]/CE (clocked by clk_out2_pll). Large setup violations at the end of those stages might be difficult to fix during the post-placement implementation flow and could be the result of non-optimal XDC constraints or non-optimal design architecture
Related violations: <none>

TIMING-16#640 Warning
Large setup violation  
There is a large setup violation of -1.996 ns between student_top_inst/Core_cpu/u_core/u_backend/u_rename/srat_q_reg[21][5]/C (clocked by clk_out2_pll) and student_top_inst/Core_cpu/u_core/u_backend/dispatch_buffer_entry_q_reg[0][uop][pc][25]/CE (clocked by clk_out2_pll). Large setup violations at the end of those stages might be difficult to fix during the post-placement implementation flow and could be the result of non-optimal XDC constraints or non-optimal design architecture
Related violations: <none>

TIMING-16#641 Warning
Large setup violation  
There is a large setup violation of -1.997 ns between student_top_inst/Core_cpu/u_core/u_backend/u_rename/srat_q_reg[21][5]/C (clocked by clk_out2_pll) and student_top_inst/Core_cpu/u_core/u_backend/dispatch_buffer_entry_q_reg[0][prs1][3]/CE (clocked by clk_out2_pll). Large setup violations at the end of those stages might be difficult to fix during the post-placement implementation flow and could be the result of non-optimal XDC constraints or non-optimal design architecture
Related violations: <none>

TIMING-16#642 Warning
Large setup violation  
There is a large setup violation of -1.997 ns between student_top_inst/Core_cpu/u_core/u_backend/u_rename/srat_q_reg[21][5]/C (clocked by clk_out2_pll) and student_top_inst/Core_cpu/u_core/u_backend/dispatch_buffer_entry_q_reg[0][uop][pred_target][24]/CE (clocked by clk_out2_pll). Large setup violations at the end of those stages might be difficult to fix during the post-placement implementation flow and could be the result of non-optimal XDC constraints or non-optimal design architecture
Related violations: <none>

TIMING-16#643 Warning
Large setup violation  
There is a large setup violation of -1.998 ns between student_top_inst/Core_cpu/u_core/u_backend/u_rename/srat_q_reg[21][5]/C (clocked by clk_out2_pll) and student_top_inst/Core_cpu/u_core/u_backend/dispatch_buffer_entry_q_reg[0][uop][pc][13]/CE (clocked by clk_out2_pll). Large setup violations at the end of those stages might be difficult to fix during the post-placement implementation flow and could be the result of non-optimal XDC constraints or non-optimal design architecture
Related violations: <none>

TIMING-16#644 Warning
Large setup violation  
There is a large setup violation of -2.007 ns between student_top_inst/Core_cpu/u_core/u_backend/u_rename/srat_q_reg[13][2]/C (clocked by clk_out2_pll) and student_top_inst/Core_cpu/u_core/u_backend/dispatch_buffer_entry_q_reg[0][uop][imm_j][20]/CE (clocked by clk_out2_pll). Large setup violations at the end of those stages might be difficult to fix during the post-placement implementation flow and could be the result of non-optimal XDC constraints or non-optimal design architecture
Related violations: <none>

TIMING-16#645 Warning
Large setup violation  
There is a large setup violation of -2.007 ns between student_top_inst/Core_cpu/u_core/u_backend/u_rename/srat_q_reg[13][2]/C (clocked by clk_out2_pll) and student_top_inst/Core_cpu/u_core/u_backend/dispatch_buffer_entry_q_reg[0][uop][imm_s][16]/CE (clocked by clk_out2_pll). Large setup violations at the end of those stages might be difficult to fix during the post-placement implementation flow and could be the result of non-optimal XDC constraints or non-optimal design architecture
Related violations: <none>

TIMING-16#646 Warning
Large setup violation  
There is a large setup violation of -2.007 ns between student_top_inst/Core_cpu/u_core/u_backend/u_rename/srat_q_reg[13][2]/C (clocked by clk_out2_pll) and student_top_inst/Core_cpu/u_core/u_backend/dispatch_buffer_entry_q_reg[0][uop][imm_s][4]/CE (clocked by clk_out2_pll). Large setup violations at the end of those stages might be difficult to fix during the post-placement implementation flow and could be the result of non-optimal XDC constraints or non-optimal design architecture
Related violations: <none>

TIMING-16#647 Warning
Large setup violation  
There is a large setup violation of -2.008 ns between student_top_inst/Core_cpu/u_core/u_backend/u_rename/srat_q_reg[21][5]/C (clocked by clk_out2_pll) and student_top_inst/Core_cpu/u_core/u_backend/dispatch_buffer_entry_q_reg[0][uop][csr_addr][9]/CE (clocked by clk_out2_pll). Large setup violations at the end of those stages might be difficult to fix during the post-placement implementation flow and could be the result of non-optimal XDC constraints or non-optimal design architecture
Related violations: <none>

TIMING-16#648 Warning
Large setup violation  
There is a large setup violation of -2.008 ns between student_top_inst/Core_cpu/u_core/u_backend/u_rename/srat_q_reg[21][5]/C (clocked by clk_out2_pll) and student_top_inst/Core_cpu/u_core/u_backend/dispatch_buffer_entry_q_reg[0][uop][opcode][4]/CE (clocked by clk_out2_pll). Large setup violations at the end of those stages might be difficult to fix during the post-placement implementation flow and could be the result of non-optimal XDC constraints or non-optimal design architecture
Related violations: <none>

TIMING-16#649 Warning
Large setup violation  
There is a large setup violation of -2.009 ns between student_top_inst/Core_cpu/u_core/u_backend/u_rename/srat_q_reg[21][5]/C (clocked by clk_out2_pll) and student_top_inst/Core_cpu/u_core/u_backend/dispatch_buffer_entry_q_reg[0][uop][branch_op][1]/CE (clocked by clk_out2_pll). Large setup violations at the end of those stages might be difficult to fix during the post-placement implementation flow and could be the result of non-optimal XDC constraints or non-optimal design architecture
Related violations: <none>

TIMING-16#650 Warning
Large setup violation  
There is a large setup violation of -2.009 ns between student_top_inst/Core_cpu/u_core/u_backend/u_rename/srat_q_reg[21][5]/C (clocked by clk_out2_pll) and student_top_inst/Core_cpu/u_core/u_backend/dispatch_buffer_entry_q_reg[0][uop][branch_op][2]/CE (clocked by clk_out2_pll). Large setup violations at the end of those stages might be difficult to fix during the post-placement implementation flow and could be the result of non-optimal XDC constraints or non-optimal design architecture
Related violations: <none>

TIMING-16#651 Warning
Large setup violation  
There is a large setup violation of -2.009 ns between student_top_inst/Core_cpu/u_core/u_backend/u_rename/srat_q_reg[21][5]/C (clocked by clk_out2_pll) and student_top_inst/Core_cpu/u_core/u_backend/dispatch_buffer_entry_q_reg[0][uop][imm_i][24]/CE (clocked by clk_out2_pll). Large setup violations at the end of those stages might be difficult to fix during the post-placement implementation flow and could be the result of non-optimal XDC constraints or non-optimal design architecture
Related violations: <none>

TIMING-16#652 Warning
Large setup violation  
There is a large setup violation of -2.010 ns between student_top_inst/Core_cpu/u_core/u_backend/u_rename/srat_q_reg[21][5]/C (clocked by clk_out2_pll) and student_top_inst/Core_cpu/u_core/u_backend/dispatch_buffer_entry_q_reg[0][uop][csr_addr][5]/CE (clocked by clk_out2_pll). Large setup violations at the end of those stages might be difficult to fix during the post-placement implementation flow and could be the result of non-optimal XDC constraints or non-optimal design architecture
Related violations: <none>

TIMING-16#653 Warning
Large setup violation  
There is a large setup violation of -2.010 ns between student_top_inst/Core_cpu/u_core/u_backend/u_rename/srat_q_reg[21][5]/C (clocked by clk_out2_pll) and student_top_inst/Core_cpu/u_core/u_backend/dispatch_buffer_entry_q_reg[0][uop][muldiv_op][1]/CE (clocked by clk_out2_pll). Large setup violations at the end of those stages might be difficult to fix during the post-placement implementation flow and could be the result of non-optimal XDC constraints or non-optimal design architecture
Related violations: <none>

TIMING-16#654 Warning
Large setup violation  
There is a large setup violation of -2.016 ns between student_top_inst/Core_cpu/u_core/u_backend/u_rename/srat_q_reg[13][2]/C (clocked by clk_out2_pll) and student_top_inst/Core_cpu/u_core/u_backend/dispatch_buffer_entry_q_reg[0][uop][imm_b][12]/CE (clocked by clk_out2_pll). Large setup violations at the end of those stages might be difficult to fix during the post-placement implementation flow and could be the result of non-optimal XDC constraints or non-optimal design architecture
Related violations: <none>

TIMING-16#655 Warning
Large setup violation  
There is a large setup violation of -2.016 ns between student_top_inst/Core_cpu/u_core/u_backend/u_rename/srat_q_reg[13][2]/C (clocked by clk_out2_pll) and student_top_inst/Core_cpu/u_core/u_backend/dispatch_buffer_entry_q_reg[0][uop][imm_b][25]/CE (clocked by clk_out2_pll). Large setup violations at the end of those stages might be difficult to fix during the post-placement implementation flow and could be the result of non-optimal XDC constraints or non-optimal design architecture
Related violations: <none>

TIMING-16#656 Warning
Large setup violation  
There is a large setup violation of -2.016 ns between student_top_inst/Core_cpu/u_core/u_backend/u_rename/srat_q_reg[13][2]/C (clocked by clk_out2_pll) and student_top_inst/Core_cpu/u_core/u_backend/dispatch_buffer_entry_q_reg[0][uop][imm_b][26]/CE (clocked by clk_out2_pll). Large setup violations at the end of those stages might be difficult to fix during the post-placement implementation flow and could be the result of non-optimal XDC constraints or non-optimal design architecture
Related violations: <none>

TIMING-16#657 Warning
Large setup violation  
There is a large setup violation of -2.016 ns between student_top_inst/Core_cpu/u_core/u_backend/u_rename/srat_q_reg[21][5]/C (clocked by clk_out2_pll) and student_top_inst/Core_cpu/u_core/u_backend/dispatch_buffer_entry_q_reg[0][uop][pred_target][15]/CE (clocked by clk_out2_pll). Large setup violations at the end of those stages might be difficult to fix during the post-placement implementation flow and could be the result of non-optimal XDC constraints or non-optimal design architecture
Related violations: <none>

TIMING-16#658 Warning
Large setup violation  
There is a large setup violation of -2.016 ns between student_top_inst/Core_cpu/u_core/u_backend/u_rename/srat_q_reg[21][5]/C (clocked by clk_out2_pll) and student_top_inst/Core_cpu/u_core/u_backend/dispatch_buffer_entry_q_reg[0][uop][pred_target][9]/CE (clocked by clk_out2_pll). Large setup violations at the end of those stages might be difficult to fix during the post-placement implementation flow and could be the result of non-optimal XDC constraints or non-optimal design architecture
Related violations: <none>

TIMING-16#659 Warning
Large setup violation  
There is a large setup violation of -2.017 ns between student_top_inst/Core_cpu/u_core/u_backend/u_rename/srat_q_reg[21][5]/C (clocked by clk_out2_pll) and student_top_inst/Core_cpu/u_core/u_backend/dispatch_buffer_entry_q_reg[0][prd][3]/CE (clocked by clk_out2_pll). Large setup violations at the end of those stages might be difficult to fix during the post-placement implementation flow and could be the result of non-optimal XDC constraints or non-optimal design architecture
Related violations: <none>

TIMING-16#660 Warning
Large setup violation  
There is a large setup violation of -2.017 ns between student_top_inst/Core_cpu/u_core/u_backend/u_rename/srat_q_reg[21][5]/C (clocked by clk_out2_pll) and student_top_inst/Core_cpu/u_core/u_backend/dispatch_buffer_entry_q_reg[0][prd][5]/CE (clocked by clk_out2_pll). Large setup violations at the end of those stages might be difficult to fix during the post-placement implementation flow and could be the result of non-optimal XDC constraints or non-optimal design architecture
Related violations: <none>

TIMING-16#661 Warning
Large setup violation  
There is a large setup violation of -2.017 ns between student_top_inst/Core_cpu/u_core/u_backend/u_rename/srat_q_reg[21][5]/C (clocked by clk_out2_pll) and student_top_inst/Core_cpu/u_core/u_backend/dispatch_buffer_entry_q_reg[0][uop][csr_zimm][4]/CE (clocked by clk_out2_pll). Large setup violations at the end of those stages might be difficult to fix during the post-placement implementation flow and could be the result of non-optimal XDC constraints or non-optimal design architecture
Related violations: <none>

TIMING-16#662 Warning
Large setup violation  
There is a large setup violation of -2.018 ns between student_top_inst/Core_cpu/u_core/u_backend/u_rename/srat_q_reg[21][5]/C (clocked by clk_out2_pll) and student_top_inst/Core_cpu/u_core/u_backend/dispatch_buffer_entry_q_reg[0][uop][pred_target][19]/CE (clocked by clk_out2_pll). Large setup violations at the end of those stages might be difficult to fix during the post-placement implementation flow and could be the result of non-optimal XDC constraints or non-optimal design architecture
Related violations: <none>

TIMING-16#663 Warning
Large setup violation  
There is a large setup violation of -2.018 ns between student_top_inst/Core_cpu/u_core/u_backend/u_rename/srat_q_reg[21][5]/C (clocked by clk_out2_pll) and student_top_inst/Core_cpu/u_core/u_backend/dispatch_buffer_entry_q_reg[0][uop][pred_target][20]/CE (clocked by clk_out2_pll). Large setup violations at the end of those stages might be difficult to fix during the post-placement implementation flow and could be the result of non-optimal XDC constraints or non-optimal design architecture
Related violations: <none>

TIMING-16#664 Warning
Large setup violation  
There is a large setup violation of -2.020 ns between student_top_inst/Core_cpu/u_core/u_backend/u_rename/srat_q_reg[21][5]/C (clocked by clk_out2_pll) and student_top_inst/Core_cpu/u_core/u_backend/dispatch_buffer_entry_q_reg[1][uop][imm_b][4]/CE (clocked by clk_out2_pll). Large setup violations at the end of those stages might be difficult to fix during the post-placement implementation flow and could be the result of non-optimal XDC constraints or non-optimal design architecture
Related violations: <none>

TIMING-16#665 Warning
Large setup violation  
There is a large setup violation of -2.021 ns between student_top_inst/Core_cpu/u_core/u_backend/u_rename/srat_q_reg[21][5]/C (clocked by clk_out2_pll) and student_top_inst/Core_cpu/u_core/u_backend/dispatch_buffer_entry_q_reg[0][prd][4]/CE (clocked by clk_out2_pll). Large setup violations at the end of those stages might be difficult to fix during the post-placement implementation flow and could be the result of non-optimal XDC constraints or non-optimal design architecture
Related violations: <none>

TIMING-16#666 Warning
Large setup violation  
There is a large setup violation of -2.021 ns between student_top_inst/Core_cpu/u_core/u_backend/u_rename/srat_q_reg[21][5]/C (clocked by clk_out2_pll) and student_top_inst/Core_cpu/u_core/u_backend/dispatch_buffer_entry_q_reg[0][prs2][5]/CE (clocked by clk_out2_pll). Large setup violations at the end of those stages might be difficult to fix during the post-placement implementation flow and could be the result of non-optimal XDC constraints or non-optimal design architecture
Related violations: <none>

TIMING-16#667 Warning
Large setup violation  
There is a large setup violation of -2.021 ns between student_top_inst/Core_cpu/u_core/u_backend/u_rename/srat_q_reg[21][5]/C (clocked by clk_out2_pll) and student_top_inst/Core_cpu/u_core/u_backend/dispatch_buffer_entry_q_reg[0][uop][csr_op][1]/CE (clocked by clk_out2_pll). Large setup violations at the end of those stages might be difficult to fix during the post-placement implementation flow and could be the result of non-optimal XDC constraints or non-optimal design architecture
Related violations: <none>

TIMING-16#668 Warning
Large setup violation  
There is a large setup violation of -2.021 ns between student_top_inst/Core_cpu/u_core/u_backend/u_rename/srat_q_reg[21][5]/C (clocked by clk_out2_pll) and student_top_inst/Core_cpu/u_core/u_backend/dispatch_buffer_entry_q_reg[0][uop][imm_i][10]/CE (clocked by clk_out2_pll). Large setup violations at the end of those stages might be difficult to fix during the post-placement implementation flow and could be the result of non-optimal XDC constraints or non-optimal design architecture
Related violations: <none>

TIMING-16#669 Warning
Large setup violation  
There is a large setup violation of -2.021 ns between student_top_inst/Core_cpu/u_core/u_backend/u_rename/srat_q_reg[21][5]/C (clocked by clk_out2_pll) and student_top_inst/Core_cpu/u_core/u_backend/dispatch_buffer_entry_q_reg[0][uop][imm_s][6]/CE (clocked by clk_out2_pll). Large setup violations at the end of those stages might be difficult to fix during the post-placement implementation flow and could be the result of non-optimal XDC constraints or non-optimal design architecture
Related violations: <none>

TIMING-16#670 Warning
Large setup violation  
There is a large setup violation of -2.021 ns between student_top_inst/Core_cpu/u_core/u_backend/u_rename/srat_q_reg[21][5]/C (clocked by clk_out2_pll) and student_top_inst/Core_cpu/u_core/u_backend/dispatch_buffer_entry_q_reg[0][uop][pred_target][4]/CE (clocked by clk_out2_pll). Large setup violations at the end of those stages might be difficult to fix during the post-placement implementation flow and could be the result of non-optimal XDC constraints or non-optimal design architecture
Related violations: <none>

TIMING-16#671 Warning
Large setup violation  
There is a large setup violation of -2.021 ns between student_top_inst/Core_cpu/u_core/u_backend/u_rename/srat_q_reg[21][5]/C (clocked by clk_out2_pll) and student_top_inst/Core_cpu/u_core/u_backend/dispatch_buffer_entry_q_reg[0][uop][pred_target][8]/CE (clocked by clk_out2_pll). Large setup violations at the end of those stages might be difficult to fix during the post-placement implementation flow and could be the result of non-optimal XDC constraints or non-optimal design architecture
Related violations: <none>

TIMING-16#672 Warning
Large setup violation  
There is a large setup violation of -2.024 ns between student_top_inst/Core_cpu/u_core/u_backend/u_rename/srat_q_reg[21][5]/C (clocked by clk_out2_pll) and student_top_inst/Core_cpu/u_core/u_backend/dispatch_buffer_entry_q_reg[1][uop][branch_op][2]/CE (clocked by clk_out2_pll). Large setup violations at the end of those stages might be difficult to fix during the post-placement implementation flow and could be the result of non-optimal XDC constraints or non-optimal design architecture
Related violations: <none>

TIMING-16#673 Warning
Large setup violation  
There is a large setup violation of -2.024 ns between student_top_inst/Core_cpu/u_core/u_backend/u_rename/srat_q_reg[21][5]/C (clocked by clk_out2_pll) and student_top_inst/Core_cpu/u_core/u_backend/dispatch_buffer_entry_q_reg[1][uop][csr_addr][5]/CE (clocked by clk_out2_pll). Large setup violations at the end of those stages might be difficult to fix during the post-placement implementation flow and could be the result of non-optimal XDC constraints or non-optimal design architecture
Related violations: <none>

TIMING-16#674 Warning
Large setup violation  
There is a large setup violation of -2.025 ns between student_top_inst/Core_cpu/u_core/u_backend/u_rename/srat_q_reg[21][5]/C (clocked by clk_out2_pll) and student_top_inst/Core_cpu/u_core/u_backend/dispatch_buffer_entry_q_reg[1][uop][csr_zimm][4]/CE (clocked by clk_out2_pll). Large setup violations at the end of those stages might be difficult to fix during the post-placement implementation flow and could be the result of non-optimal XDC constraints or non-optimal design architecture
Related violations: <none>

TIMING-16#675 Warning
Large setup violation  
There is a large setup violation of -2.027 ns between student_top_inst/Core_cpu/u_core/u_backend/u_rename/srat_q_reg[21][5]/C (clocked by clk_out2_pll) and student_top_inst/Core_cpu/u_core/u_backend/dispatch_buffer_entry_q_reg[0][uop][is_ecall]/CE (clocked by clk_out2_pll). Large setup violations at the end of those stages might be difficult to fix during the post-placement implementation flow and could be the result of non-optimal XDC constraints or non-optimal design architecture
Related violations: <none>

TIMING-16#676 Warning
Large setup violation  
There is a large setup violation of -2.027 ns between student_top_inst/Core_cpu/u_core/u_backend/u_rename/srat_q_reg[21][5]/C (clocked by clk_out2_pll) and student_top_inst/Core_cpu/u_core/u_backend/dispatch_buffer_entry_q_reg[1][uop][branch_op][0]/CE (clocked by clk_out2_pll). Large setup violations at the end of those stages might be difficult to fix during the post-placement implementation flow and could be the result of non-optimal XDC constraints or non-optimal design architecture
Related violations: <none>

TIMING-16#677 Warning
Large setup violation  
There is a large setup violation of -2.029 ns between student_top_inst/Core_cpu/u_core/u_backend/u_rename/srat_q_reg[21][5]/C (clocked by clk_out2_pll) and student_top_inst/Core_cpu/u_core/u_backend/dispatch_buffer_entry_q_reg[0][uop][opcode][3]/CE (clocked by clk_out2_pll). Large setup violations at the end of those stages might be difficult to fix during the post-placement implementation flow and could be the result of non-optimal XDC constraints or non-optimal design architecture
Related violations: <none>

TIMING-16#678 Warning
Large setup violation  
There is a large setup violation of -2.029 ns between student_top_inst/Core_cpu/u_core/u_backend/u_rename/srat_q_reg[21][5]/C (clocked by clk_out2_pll) and student_top_inst/Core_cpu/u_core/u_backend/dispatch_buffer_entry_q_reg[1][old_prd][1]/CE (clocked by clk_out2_pll). Large setup violations at the end of those stages might be difficult to fix during the post-placement implementation flow and could be the result of non-optimal XDC constraints or non-optimal design architecture
Related violations: <none>

TIMING-16#679 Warning
Large setup violation  
There is a large setup violation of -2.029 ns between student_top_inst/Core_cpu/u_core/u_backend/u_rename/srat_q_reg[21][5]/C (clocked by clk_out2_pll) and student_top_inst/Core_cpu/u_core/u_backend/dispatch_buffer_entry_q_reg[1][uop][csr_addr][1]/CE (clocked by clk_out2_pll). Large setup violations at the end of those stages might be difficult to fix during the post-placement implementation flow and could be the result of non-optimal XDC constraints or non-optimal design architecture
Related violations: <none>

TIMING-16#680 Warning
Large setup violation  
There is a large setup violation of -2.031 ns between student_top_inst/Core_cpu/u_core/u_backend/u_rename/srat_q_reg[21][5]/C (clocked by clk_out2_pll) and student_top_inst/Core_cpu/u_core/u_backend/dispatch_buffer_entry_q_reg[0][uop][csr_addr][0]/CE (clocked by clk_out2_pll). Large setup violations at the end of those stages might be difficult to fix during the post-placement implementation flow and could be the result of non-optimal XDC constraints or non-optimal design architecture
Related violations: <none>

TIMING-16#681 Warning
Large setup violation  
There is a large setup violation of -2.031 ns between student_top_inst/Core_cpu/u_core/u_backend/u_rename/srat_q_reg[21][5]/C (clocked by clk_out2_pll) and student_top_inst/Core_cpu/u_core/u_backend/dispatch_buffer_entry_q_reg[0][uop][imm_i][6]/CE (clocked by clk_out2_pll). Large setup violations at the end of those stages might be difficult to fix during the post-placement implementation flow and could be the result of non-optimal XDC constraints or non-optimal design architecture
Related violations: <none>

TIMING-16#682 Warning
Large setup violation  
There is a large setup violation of -2.031 ns between student_top_inst/Core_cpu/u_core/u_backend/u_rename/srat_q_reg[21][5]/C (clocked by clk_out2_pll) and student_top_inst/Core_cpu/u_core/u_backend/dispatch_buffer_entry_q_reg[0][uop][inst][10]/CE (clocked by clk_out2_pll). Large setup violations at the end of those stages might be difficult to fix during the post-placement implementation flow and could be the result of non-optimal XDC constraints or non-optimal design architecture
Related violations: <none>

TIMING-16#683 Warning
Large setup violation  
There is a large setup violation of -2.031 ns between student_top_inst/Core_cpu/u_core/u_backend/u_rename/srat_q_reg[21][5]/C (clocked by clk_out2_pll) and student_top_inst/Core_cpu/u_core/u_backend/dispatch_buffer_entry_q_reg[0][uop][inst][11]/CE (clocked by clk_out2_pll). Large setup violations at the end of those stages might be difficult to fix during the post-placement implementation flow and could be the result of non-optimal XDC constraints or non-optimal design architecture
Related violations: <none>

TIMING-16#684 Warning
Large setup violation  
There is a large setup violation of -2.031 ns between student_top_inst/Core_cpu/u_core/u_backend/u_rename/srat_q_reg[21][5]/C (clocked by clk_out2_pll) and student_top_inst/Core_cpu/u_core/u_backend/dispatch_buffer_entry_q_reg[0][uop][inst][26]/CE (clocked by clk_out2_pll). Large setup violations at the end of those stages might be difficult to fix during the post-placement implementation flow and could be the result of non-optimal XDC constraints or non-optimal design architecture
Related violations: <none>

TIMING-16#685 Warning
Large setup violation  
There is a large setup violation of -2.033 ns between student_top_inst/Core_cpu/u_core/u_backend/u_rename/srat_q_reg[21][5]/C (clocked by clk_out2_pll) and student_top_inst/Core_cpu/u_core/u_backend/dispatch_buffer_entry_q_reg[0][old_prd][5]/CE (clocked by clk_out2_pll). Large setup violations at the end of those stages might be difficult to fix during the post-placement implementation flow and could be the result of non-optimal XDC constraints or non-optimal design architecture
Related violations: <none>

TIMING-16#686 Warning
Large setup violation  
There is a large setup violation of -2.033 ns between student_top_inst/Core_cpu/u_core/u_backend/u_rename/srat_q_reg[21][5]/C (clocked by clk_out2_pll) and student_top_inst/Core_cpu/u_core/u_backend/dispatch_buffer_entry_q_reg[0][uop][alu_op][3]/CE (clocked by clk_out2_pll). Large setup violations at the end of those stages might be difficult to fix during the post-placement implementation flow and could be the result of non-optimal XDC constraints or non-optimal design architecture
Related violations: <none>

TIMING-16#687 Warning
Large setup violation  
There is a large setup violation of -2.033 ns between student_top_inst/Core_cpu/u_core/u_backend/u_rename/srat_q_reg[21][5]/C (clocked by clk_out2_pll) and student_top_inst/Core_cpu/u_core/u_backend/dispatch_buffer_entry_q_reg[0][uop][csr_addr][1]/CE (clocked by clk_out2_pll). Large setup violations at the end of those stages might be difficult to fix during the post-placement implementation flow and could be the result of non-optimal XDC constraints or non-optimal design architecture
Related violations: <none>

TIMING-16#688 Warning
Large setup violation  
There is a large setup violation of -2.035 ns between student_top_inst/Core_cpu/u_core/u_backend/u_rename/srat_q_reg[21][5]/C (clocked by clk_out2_pll) and student_top_inst/Core_cpu/u_core/u_backend/dispatch_buffer_entry_q_reg[0][uop][csr_addr][7]/CE (clocked by clk_out2_pll). Large setup violations at the end of those stages might be difficult to fix during the post-placement implementation flow and could be the result of non-optimal XDC constraints or non-optimal design architecture
Related violations: <none>

TIMING-16#689 Warning
Large setup violation  
There is a large setup violation of -2.035 ns between student_top_inst/Core_cpu/u_core/u_backend/u_rename/srat_q_reg[21][5]/C (clocked by clk_out2_pll) and student_top_inst/Core_cpu/u_core/u_backend/dispatch_buffer_entry_q_reg[0][uop][csr_addr][8]/CE (clocked by clk_out2_pll). Large setup violations at the end of those stages might be difficult to fix during the post-placement implementation flow and could be the result of non-optimal XDC constraints or non-optimal design architecture
Related violations: <none>

TIMING-16#690 Warning
Large setup violation  
There is a large setup violation of -2.037 ns between student_top_inst/Core_cpu/u_core/u_backend/u_rename/srat_q_reg[21][5]/C (clocked by clk_out2_pll) and student_top_inst/Core_cpu/u_core/u_backend/dispatch_buffer_entry_q_reg[1][uop][csr_op][0]/CE (clocked by clk_out2_pll). Large setup violations at the end of those stages might be difficult to fix during the post-placement implementation flow and could be the result of non-optimal XDC constraints or non-optimal design architecture
Related violations: <none>

TIMING-16#691 Warning
Large setup violation  
There is a large setup violation of -2.039 ns between student_top_inst/Core_cpu/u_core/u_backend/u_rename/srat_q_reg[21][5]/C (clocked by clk_out2_pll) and student_top_inst/Core_cpu/u_core/u_backend/dispatch_buffer_entry_q_reg[0][prd][0]/CE (clocked by clk_out2_pll). Large setup violations at the end of those stages might be difficult to fix during the post-placement implementation flow and could be the result of non-optimal XDC constraints or non-optimal design architecture
Related violations: <none>

TIMING-16#692 Warning
Large setup violation  
There is a large setup violation of -2.039 ns between student_top_inst/Core_cpu/u_core/u_backend/u_rename/srat_q_reg[21][5]/C (clocked by clk_out2_pll) and student_top_inst/Core_cpu/u_core/u_backend/dispatch_buffer_entry_q_reg[0][uop][csr_imm]/CE (clocked by clk_out2_pll). Large setup violations at the end of those stages might be difficult to fix during the post-placement implementation flow and could be the result of non-optimal XDC constraints or non-optimal design architecture
Related violations: <none>

TIMING-16#693 Warning
Large setup violation  
There is a large setup violation of -2.039 ns between student_top_inst/Core_cpu/u_core/u_backend/u_rename/srat_q_reg[21][5]/C (clocked by clk_out2_pll) and student_top_inst/Core_cpu/u_core/u_backend/dispatch_buffer_entry_q_reg[0][uop][csr_zimm][3]/CE (clocked by clk_out2_pll). Large setup violations at the end of those stages might be difficult to fix during the post-placement implementation flow and could be the result of non-optimal XDC constraints or non-optimal design architecture
Related violations: <none>

TIMING-16#694 Warning
Large setup violation  
There is a large setup violation of -2.039 ns between student_top_inst/Core_cpu/u_core/u_backend/u_rename/srat_q_reg[21][5]/C (clocked by clk_out2_pll) and student_top_inst/Core_cpu/u_core/u_backend/dispatch_buffer_entry_q_reg[1][prs2][2]/CE (clocked by clk_out2_pll). Large setup violations at the end of those stages might be difficult to fix during the post-placement implementation flow and could be the result of non-optimal XDC constraints or non-optimal design architecture
Related violations: <none>

TIMING-16#695 Warning
Large setup violation  
There is a large setup violation of -2.040 ns between student_top_inst/Core_cpu/u_core/u_backend/u_rename/srat_q_reg[21][5]/C (clocked by clk_out2_pll) and student_top_inst/Core_cpu/u_core/u_backend/dispatch_buffer_entry_q_reg[0][uop][exception_cause][0]/CE (clocked by clk_out2_pll). Large setup violations at the end of those stages might be difficult to fix during the post-placement implementation flow and could be the result of non-optimal XDC constraints or non-optimal design architecture
Related violations: <none>

TIMING-16#696 Warning
Large setup violation  
There is a large setup violation of -2.040 ns between student_top_inst/Core_cpu/u_core/u_backend/u_rename/srat_q_reg[21][5]/C (clocked by clk_out2_pll) and student_top_inst/Core_cpu/u_core/u_backend/dispatch_buffer_entry_q_reg[0][uop][exception_cause][1]/CE (clocked by clk_out2_pll). Large setup violations at the end of those stages might be difficult to fix during the post-placement implementation flow and could be the result of non-optimal XDC constraints or non-optimal design architecture
Related violations: <none>

TIMING-16#697 Warning
Large setup violation  
There is a large setup violation of -2.040 ns between student_top_inst/Core_cpu/u_core/u_backend/u_rename/srat_q_reg[21][5]/C (clocked by clk_out2_pll) and student_top_inst/Core_cpu/u_core/u_backend/dispatch_buffer_entry_q_reg[0][uop][imm_j][11]/CE (clocked by clk_out2_pll). Large setup violations at the end of those stages might be difficult to fix during the post-placement implementation flow and could be the result of non-optimal XDC constraints or non-optimal design architecture
Related violations: <none>

TIMING-16#698 Warning
Large setup violation  
There is a large setup violation of -2.040 ns between student_top_inst/Core_cpu/u_core/u_backend/u_rename/srat_q_reg[21][5]/C (clocked by clk_out2_pll) and student_top_inst/Core_cpu/u_core/u_backend/dispatch_buffer_entry_q_reg[0][uop][imm_j][15]/CE (clocked by clk_out2_pll). Large setup violations at the end of those stages might be difficult to fix during the post-placement implementation flow and could be the result of non-optimal XDC constraints or non-optimal design architecture
Related violations: <none>

TIMING-16#699 Warning
Large setup violation  
There is a large setup violation of -2.040 ns between student_top_inst/Core_cpu/u_core/u_backend/u_rename/srat_q_reg[21][5]/C (clocked by clk_out2_pll) and student_top_inst/Core_cpu/u_core/u_backend/dispatch_buffer_entry_q_reg[0][uop][imm_s][3]/CE (clocked by clk_out2_pll). Large setup violations at the end of those stages might be difficult to fix during the post-placement implementation flow and could be the result of non-optimal XDC constraints or non-optimal design architecture
Related violations: <none>

TIMING-16#700 Warning
Large setup violation  
There is a large setup violation of -2.040 ns between student_top_inst/Core_cpu/u_core/u_backend/u_rename/srat_q_reg[21][5]/C (clocked by clk_out2_pll) and student_top_inst/Core_cpu/u_core/u_backend/dispatch_buffer_entry_q_reg[0][uop][imm_s][9]/CE (clocked by clk_out2_pll). Large setup violations at the end of those stages might be difficult to fix during the post-placement implementation flow and could be the result of non-optimal XDC constraints or non-optimal design architecture
Related violations: <none>

TIMING-16#701 Warning
Large setup violation  
There is a large setup violation of -2.041 ns between student_top_inst/Core_cpu/u_core/u_backend/u_rename/srat_q_reg[21][5]/C (clocked by clk_out2_pll) and student_top_inst/Core_cpu/u_core/u_backend/dispatch_buffer_entry_q_reg[0][uop][pc][10]/CE (clocked by clk_out2_pll). Large setup violations at the end of those stages might be difficult to fix during the post-placement implementation flow and could be the result of non-optimal XDC constraints or non-optimal design architecture
Related violations: <none>

TIMING-16#702 Warning
Large setup violation  
There is a large setup violation of -2.041 ns between student_top_inst/Core_cpu/u_core/u_backend/u_rename/srat_q_reg[21][5]/C (clocked by clk_out2_pll) and student_top_inst/Core_cpu/u_core/u_backend/dispatch_buffer_entry_q_reg[0][uop][pred_target][26]/CE (clocked by clk_out2_pll). Large setup violations at the end of those stages might be difficult to fix during the post-placement implementation flow and could be the result of non-optimal XDC constraints or non-optimal design architecture
Related violations: <none>

TIMING-16#703 Warning
Large setup violation  
There is a large setup violation of -2.044 ns between student_top_inst/Core_cpu/u_core/u_backend/u_rename/srat_q_reg[21][5]/C (clocked by clk_out2_pll) and student_top_inst/Core_cpu/u_core/u_backend/dispatch_buffer_entry_q_reg[1][uop][imm_b][6]/CE (clocked by clk_out2_pll). Large setup violations at the end of those stages might be difficult to fix during the post-placement implementation flow and could be the result of non-optimal XDC constraints or non-optimal design architecture
Related violations: <none>

TIMING-16#704 Warning
Large setup violation  
There is a large setup violation of -2.045 ns between student_top_inst/Core_cpu/u_core/u_backend/u_rename/srat_q_reg[13][2]/C (clocked by clk_out2_pll) and student_top_inst/Core_cpu/u_core/u_backend/dispatch_buffer_entry_q_reg[0][uop][exception_cause][3]/CE (clocked by clk_out2_pll). Large setup violations at the end of those stages might be difficult to fix during the post-placement implementation flow and could be the result of non-optimal XDC constraints or non-optimal design architecture
Related violations: <none>

TIMING-16#705 Warning
Large setup violation  
There is a large setup violation of -2.045 ns between student_top_inst/Core_cpu/u_core/u_backend/u_rename/srat_q_reg[13][2]/C (clocked by clk_out2_pll) and student_top_inst/Core_cpu/u_core/u_backend/dispatch_buffer_entry_q_reg[0][uop][imm_j][10]/CE (clocked by clk_out2_pll). Large setup violations at the end of those stages might be difficult to fix during the post-placement implementation flow and could be the result of non-optimal XDC constraints or non-optimal design architecture
Related violations: <none>

TIMING-16#706 Warning
Large setup violation  
There is a large setup violation of -2.045 ns between student_top_inst/Core_cpu/u_core/u_backend/u_rename/srat_q_reg[13][2]/C (clocked by clk_out2_pll) and student_top_inst/Core_cpu/u_core/u_backend/dispatch_buffer_entry_q_reg[0][uop][imm_j][8]/CE (clocked by clk_out2_pll). Large setup violations at the end of those stages might be difficult to fix during the post-placement implementation flow and could be the result of non-optimal XDC constraints or non-optimal design architecture
Related violations: <none>

TIMING-16#707 Warning
Large setup violation  
There is a large setup violation of -2.045 ns between student_top_inst/Core_cpu/u_core/u_backend/u_rename/srat_q_reg[13][2]/C (clocked by clk_out2_pll) and student_top_inst/Core_cpu/u_core/u_backend/dispatch_buffer_entry_q_reg[0][uop][imm_u][31]/CE (clocked by clk_out2_pll). Large setup violations at the end of those stages might be difficult to fix during the post-placement implementation flow and could be the result of non-optimal XDC constraints or non-optimal design architecture
Related violations: <none>

TIMING-16#708 Warning
Large setup violation  
There is a large setup violation of -2.045 ns between student_top_inst/Core_cpu/u_core/u_backend/u_rename/srat_q_reg[13][2]/C (clocked by clk_out2_pll) and student_top_inst/Core_cpu/u_core/u_backend/dispatch_buffer_entry_q_reg[0][uop][inst][12]/CE (clocked by clk_out2_pll). Large setup violations at the end of those stages might be difficult to fix during the post-placement implementation flow and could be the result of non-optimal XDC constraints or non-optimal design architecture
Related violations: <none>

TIMING-16#709 Warning
Large setup violation  
There is a large setup violation of -2.047 ns between student_top_inst/Core_cpu/u_core/u_backend/u_rename/srat_q_reg[21][5]/C (clocked by clk_out2_pll) and student_top_inst/Core_cpu/u_core/u_backend/dispatch_buffer_entry_q_reg[1][uop][branch_op][1]/CE (clocked by clk_out2_pll). Large setup violations at the end of those stages might be difficult to fix during the post-placement implementation flow and could be the result of non-optimal XDC constraints or non-optimal design architecture
Related violations: <none>

TIMING-16#710 Warning
Large setup violation  
There is a large setup violation of -2.049 ns between student_top_inst/Core_cpu/u_core/u_backend/u_rename/srat_q_reg[21][5]/C (clocked by clk_out2_pll) and student_top_inst/Core_cpu/u_core/u_backend/dispatch_buffer_entry_q_reg[1][uop][imm_i][29]/CE (clocked by clk_out2_pll). Large setup violations at the end of those stages might be difficult to fix during the post-placement implementation flow and could be the result of non-optimal XDC constraints or non-optimal design architecture
Related violations: <none>

TIMING-16#711 Warning
Large setup violation  
There is a large setup violation of -2.049 ns between student_top_inst/Core_cpu/u_core/u_backend/u_rename/srat_q_reg[21][5]/C (clocked by clk_out2_pll) and student_top_inst/Core_cpu/u_core/u_backend/dispatch_buffer_entry_q_reg[1][uop][imm_i][30]/CE (clocked by clk_out2_pll). Large setup violations at the end of those stages might be difficult to fix during the post-placement implementation flow and could be the result of non-optimal XDC constraints or non-optimal design architecture
Related violations: <none>

TIMING-16#712 Warning
Large setup violation  
There is a large setup violation of -2.050 ns between student_top_inst/Core_cpu/u_core/u_backend/u_rename/srat_q_reg[21][5]/C (clocked by clk_out2_pll) and student_top_inst/Core_cpu/u_core/u_backend/dispatch_buffer_entry_q_reg[0][uop][inst][25]/CE (clocked by clk_out2_pll). Large setup violations at the end of those stages might be difficult to fix during the post-placement implementation flow and could be the result of non-optimal XDC constraints or non-optimal design architecture
Related violations: <none>

TIMING-16#713 Warning
Large setup violation  
There is a large setup violation of -2.051 ns between student_top_inst/Core_cpu/u_core/u_backend/u_rename/srat_q_reg[21][5]/C (clocked by clk_out2_pll) and student_top_inst/Core_cpu/u_core/u_backend/dispatch_buffer_entry_q_reg[1][uop][exception]/CE (clocked by clk_out2_pll). Large setup violations at the end of those stages might be difficult to fix during the post-placement implementation flow and could be the result of non-optimal XDC constraints or non-optimal design architecture
Related violations: <none>

TIMING-16#714 Warning
Large setup violation  
There is a large setup violation of -2.052 ns between student_top_inst/Core_cpu/u_core/u_backend/u_rename/srat_q_reg[13][2]/C (clocked by clk_out2_pll) and student_top_inst/Core_cpu/u_core/u_backend/dispatch_buffer_entry_q_reg[0][uop][imm_i][19]/CE (clocked by clk_out2_pll). Large setup violations at the end of those stages might be difficult to fix during the post-placement implementation flow and could be the result of non-optimal XDC constraints or non-optimal design architecture
Related violations: <none>

TIMING-16#715 Warning
Large setup violation  
There is a large setup violation of -2.052 ns between student_top_inst/Core_cpu/u_core/u_backend/u_rename/srat_q_reg[21][5]/C (clocked by clk_out2_pll) and student_top_inst/Core_cpu/u_core/u_backend/dispatch_buffer_entry_q_reg[1][prs1][1]/CE (clocked by clk_out2_pll). Large setup violations at the end of those stages might be difficult to fix during the post-placement implementation flow and could be the result of non-optimal XDC constraints or non-optimal design architecture
Related violations: <none>

TIMING-16#716 Warning
Large setup violation  
There is a large setup violation of -2.052 ns between student_top_inst/Core_cpu/u_core/u_backend/u_rename/srat_q_reg[21][5]/C (clocked by clk_out2_pll) and student_top_inst/Core_cpu/u_core/u_backend/dispatch_buffer_entry_q_reg[1][prs1][2]/CE (clocked by clk_out2_pll). Large setup violations at the end of those stages might be difficult to fix during the post-placement implementation flow and could be the result of non-optimal XDC constraints or non-optimal design architecture
Related violations: <none>

TIMING-16#717 Warning
Large setup violation  
There is a large setup violation of -2.055 ns between student_top_inst/Core_cpu/u_core/u_backend/u_rename/srat_q_reg[13][2]/C (clocked by clk_out2_pll) and student_top_inst/Core_cpu/u_core/u_backend/dispatch_buffer_entry_q_reg[0][uop][imm_i][17]/CE (clocked by clk_out2_pll). Large setup violations at the end of those stages might be difficult to fix during the post-placement implementation flow and could be the result of non-optimal XDC constraints or non-optimal design architecture
Related violations: <none>

TIMING-16#718 Warning
Large setup violation  
There is a large setup violation of -2.055 ns between student_top_inst/Core_cpu/u_core/u_backend/u_rename/srat_q_reg[21][5]/C (clocked by clk_out2_pll) and student_top_inst/Core_cpu/u_core/u_backend/dispatch_buffer_entry_q_reg[0][uop][imm_b][31]/CE (clocked by clk_out2_pll). Large setup violations at the end of those stages might be difficult to fix during the post-placement implementation flow and could be the result of non-optimal XDC constraints or non-optimal design architecture
Related violations: <none>

TIMING-16#719 Warning
Large setup violation  
There is a large setup violation of -2.055 ns between student_top_inst/Core_cpu/u_core/u_backend/u_rename/srat_q_reg[21][5]/C (clocked by clk_out2_pll) and student_top_inst/Core_cpu/u_core/u_backend/dispatch_buffer_entry_q_reg[0][uop][pc][1]/CE (clocked by clk_out2_pll). Large setup violations at the end of those stages might be difficult to fix during the post-placement implementation flow and could be the result of non-optimal XDC constraints or non-optimal design architecture
Related violations: <none>

TIMING-16#720 Warning
Large setup violation  
There is a large setup violation of -2.055 ns between student_top_inst/Core_cpu/u_core/u_backend/u_rename/srat_q_reg[21][5]/C (clocked by clk_out2_pll) and student_top_inst/Core_cpu/u_core/u_backend/dispatch_buffer_entry_q_reg[1][uop][csr_zimm][2]/CE (clocked by clk_out2_pll). Large setup violations at the end of those stages might be difficult to fix during the post-placement implementation flow and could be the result of non-optimal XDC constraints or non-optimal design architecture
Related violations: <none>

TIMING-16#721 Warning
Large setup violation  
There is a large setup violation of -2.056 ns between student_top_inst/Core_cpu/u_core/u_backend/u_rename/srat_q_reg[21][5]/C (clocked by clk_out2_pll) and student_top_inst/Core_cpu/u_core/u_backend/dispatch_buffer_entry_q_reg[0][uop][csr_addr][4]/CE (clocked by clk_out2_pll). Large setup violations at the end of those stages might be difficult to fix during the post-placement implementation flow and could be the result of non-optimal XDC constraints or non-optimal design architecture
Related violations: <none>

TIMING-16#722 Warning
Large setup violation  
There is a large setup violation of -2.056 ns between student_top_inst/Core_cpu/u_core/u_backend/u_rename/srat_q_reg[21][5]/C (clocked by clk_out2_pll) and student_top_inst/Core_cpu/u_core/u_backend/dispatch_buffer_entry_q_reg[0][uop][inst][7]/CE (clocked by clk_out2_pll). Large setup violations at the end of those stages might be difficult to fix during the post-placement implementation flow and could be the result of non-optimal XDC constraints or non-optimal design architecture
Related violations: <none>

TIMING-16#723 Warning
Large setup violation  
There is a large setup violation of -2.056 ns between student_top_inst/Core_cpu/u_core/u_backend/u_rename/srat_q_reg[21][5]/C (clocked by clk_out2_pll) and student_top_inst/Core_cpu/u_core/u_backend/dispatch_buffer_entry_q_reg[0][uop][rs1][0]/CE (clocked by clk_out2_pll). Large setup violations at the end of those stages might be difficult to fix during the post-placement implementation flow and could be the result of non-optimal XDC constraints or non-optimal design architecture
Related violations: <none>

TIMING-16#724 Warning
Large setup violation  
There is a large setup violation of -2.058 ns between student_top_inst/Core_cpu/u_core/u_backend/u_rename/srat_q_reg[21][5]/C (clocked by clk_out2_pll) and student_top_inst/Core_cpu/u_core/u_backend/dispatch_buffer_entry_q_reg[0][uop][imm_b][2]/CE (clocked by clk_out2_pll). Large setup violations at the end of those stages might be difficult to fix during the post-placement implementation flow and could be the result of non-optimal XDC constraints or non-optimal design architecture
Related violations: <none>

TIMING-16#725 Warning
Large setup violation  
There is a large setup violation of -2.058 ns between student_top_inst/Core_cpu/u_core/u_backend/u_rename/srat_q_reg[21][5]/C (clocked by clk_out2_pll) and student_top_inst/Core_cpu/u_core/u_backend/dispatch_buffer_entry_q_reg[0][uop][imm_i][8]/CE (clocked by clk_out2_pll). Large setup violations at the end of those stages might be difficult to fix during the post-placement implementation flow and could be the result of non-optimal XDC constraints or non-optimal design architecture
Related violations: <none>

TIMING-16#726 Warning
Large setup violation  
There is a large setup violation of -2.058 ns between student_top_inst/Core_cpu/u_core/u_backend/u_rename/srat_q_reg[21][5]/C (clocked by clk_out2_pll) and student_top_inst/Core_cpu/u_core/u_backend/dispatch_buffer_entry_q_reg[1][uop][csr_addr][0]/CE (clocked by clk_out2_pll). Large setup violations at the end of those stages might be difficult to fix during the post-placement implementation flow and could be the result of non-optimal XDC constraints or non-optimal design architecture
Related violations: <none>

TIMING-16#727 Warning
Large setup violation  
There is a large setup violation of -2.058 ns between student_top_inst/Core_cpu/u_core/u_backend/u_rename/srat_q_reg[21][5]/C (clocked by clk_out2_pll) and student_top_inst/Core_cpu/u_core/u_backend/dispatch_buffer_entry_q_reg[1][uop][csr_addr][10]/CE (clocked by clk_out2_pll). Large setup violations at the end of those stages might be difficult to fix during the post-placement implementation flow and could be the result of non-optimal XDC constraints or non-optimal design architecture
Related violations: <none>

TIMING-16#728 Warning
Large setup violation  
There is a large setup violation of -2.059 ns between student_top_inst/Core_cpu/u_core/u_backend/u_rename/srat_q_reg[21][5]/C (clocked by clk_out2_pll) and student_top_inst/Core_cpu/u_core/u_backend/dispatch_buffer_entry_q_reg[1][prs1][0]/CE (clocked by clk_out2_pll). Large setup violations at the end of those stages might be difficult to fix during the post-placement implementation flow and could be the result of non-optimal XDC constraints or non-optimal design architecture
Related violations: <none>

TIMING-16#729 Warning
Large setup violation  
There is a large setup violation of -2.059 ns between student_top_inst/Core_cpu/u_core/u_backend/u_rename/srat_q_reg[21][5]/C (clocked by clk_out2_pll) and student_top_inst/Core_cpu/u_core/u_backend/dispatch_buffer_entry_q_reg[1][uop][branch_op][3]/CE (clocked by clk_out2_pll). Large setup violations at the end of those stages might be difficult to fix during the post-placement implementation flow and could be the result of non-optimal XDC constraints or non-optimal design architecture
Related violations: <none>

TIMING-16#730 Warning
Large setup violation  
There is a large setup violation of -2.062 ns between student_top_inst/Core_cpu/u_core/u_backend/u_rename/srat_q_reg[21][5]/C (clocked by clk_out2_pll) and student_top_inst/Core_cpu/u_core/u_backend/dispatch_buffer_entry_q_reg[0][uop][pc][2]/CE (clocked by clk_out2_pll). Large setup violations at the end of those stages might be difficult to fix during the post-placement implementation flow and could be the result of non-optimal XDC constraints or non-optimal design architecture
Related violations: <none>

TIMING-16#731 Warning
Large setup violation  
There is a large setup violation of -2.062 ns between student_top_inst/Core_cpu/u_core/u_backend/u_rename/srat_q_reg[21][5]/C (clocked by clk_out2_pll) and student_top_inst/Core_cpu/u_core/u_backend/dispatch_buffer_entry_q_reg[0][uop][pred_target][14]/CE (clocked by clk_out2_pll). Large setup violations at the end of those stages might be difficult to fix during the post-placement implementation flow and could be the result of non-optimal XDC constraints or non-optimal design architecture
Related violations: <none>

TIMING-16#732 Warning
Large setup violation  
There is a large setup violation of -2.062 ns between student_top_inst/Core_cpu/u_core/u_backend/u_rename/srat_q_reg[21][5]/C (clocked by clk_out2_pll) and student_top_inst/Core_cpu/u_core/u_backend/dispatch_buffer_entry_q_reg[0][uop][pred_target][25]/CE (clocked by clk_out2_pll). Large setup violations at the end of those stages might be difficult to fix during the post-placement implementation flow and could be the result of non-optimal XDC constraints or non-optimal design architecture
Related violations: <none>

TIMING-16#733 Warning
Large setup violation  
There is a large setup violation of -2.062 ns between student_top_inst/Core_cpu/u_core/u_backend/u_rename/srat_q_reg[21][5]/C (clocked by clk_out2_pll) and student_top_inst/Core_cpu/u_core/u_backend/dispatch_buffer_entry_q_reg[1][prd][5]/CE (clocked by clk_out2_pll). Large setup violations at the end of those stages might be difficult to fix during the post-placement implementation flow and could be the result of non-optimal XDC constraints or non-optimal design architecture
Related violations: <none>

TIMING-16#734 Warning
Large setup violation  
There is a large setup violation of -2.062 ns between student_top_inst/Core_cpu/u_core/u_backend/u_rename/srat_q_reg[21][5]/C (clocked by clk_out2_pll) and student_top_inst/Core_cpu/u_core/u_backend/dispatch_buffer_entry_q_reg[1][prs2][5]/CE (clocked by clk_out2_pll). Large setup violations at the end of those stages might be difficult to fix during the post-placement implementation flow and could be the result of non-optimal XDC constraints or non-optimal design architecture
Related violations: <none>

TIMING-16#735 Warning
Large setup violation  
There is a large setup violation of -2.063 ns between student_top_inst/Core_cpu/u_core/u_backend/u_rename/srat_q_reg[21][5]/C (clocked by clk_out2_pll) and student_top_inst/Core_cpu/u_core/u_backend/dispatch_buffer_entry_q_reg[1][uop][imm_b][30]/CE (clocked by clk_out2_pll). Large setup violations at the end of those stages might be difficult to fix during the post-placement implementation flow and could be the result of non-optimal XDC constraints or non-optimal design architecture
Related violations: <none>

TIMING-16#736 Warning
Large setup violation  
There is a large setup violation of -2.063 ns between student_top_inst/Core_cpu/u_core/u_backend/u_rename/srat_q_reg[21][5]/C (clocked by clk_out2_pll) and student_top_inst/Core_cpu/u_core/u_backend/dispatch_buffer_entry_q_reg[1][uop][imm_b][31]/CE (clocked by clk_out2_pll). Large setup violations at the end of those stages might be difficult to fix during the post-placement implementation flow and could be the result of non-optimal XDC constraints or non-optimal design architecture
Related violations: <none>

TIMING-16#737 Warning
Large setup violation  
There is a large setup violation of -2.065 ns between student_top_inst/Core_cpu/u_core/u_backend/u_rename/srat_q_reg[21][5]/C (clocked by clk_out2_pll) and student_top_inst/Core_cpu/u_core/u_backend/dispatch_buffer_entry_q_reg[1][old_prd][2]/CE (clocked by clk_out2_pll). Large setup violations at the end of those stages might be difficult to fix during the post-placement implementation flow and could be the result of non-optimal XDC constraints or non-optimal design architecture
Related violations: <none>

TIMING-16#738 Warning
Large setup violation  
There is a large setup violation of -2.068 ns between student_top_inst/Core_cpu/u_core/u_backend/u_rename/srat_q_reg[21][5]/C (clocked by clk_out2_pll) and student_top_inst/Core_cpu/u_core/u_backend/dispatch_buffer_entry_q_reg[0][uop][pred_target][12]/CE (clocked by clk_out2_pll). Large setup violations at the end of those stages might be difficult to fix during the post-placement implementation flow and could be the result of non-optimal XDC constraints or non-optimal design architecture
Related violations: <none>

TIMING-16#739 Warning
Large setup violation  
There is a large setup violation of -2.070 ns between student_top_inst/Core_cpu/u_core/u_backend/u_rename/srat_q_reg[21][5]/C (clocked by clk_out2_pll) and student_top_inst/Core_cpu/u_core/u_backend/dispatch_buffer_entry_q_reg[1][prs1][3]/CE (clocked by clk_out2_pll). Large setup violations at the end of those stages might be difficult to fix during the post-placement implementation flow and could be the result of non-optimal XDC constraints or non-optimal design architecture
Related violations: <none>

TIMING-16#740 Warning
Large setup violation  
There is a large setup violation of -2.070 ns between student_top_inst/Core_cpu/u_core/u_backend/u_rename/srat_q_reg[21][5]/C (clocked by clk_out2_pll) and student_top_inst/Core_cpu/u_core/u_backend/dispatch_buffer_entry_q_reg[1][prs2][0]/CE (clocked by clk_out2_pll). Large setup violations at the end of those stages might be difficult to fix during the post-placement implementation flow and could be the result of non-optimal XDC constraints or non-optimal design architecture
Related violations: <none>

TIMING-16#741 Warning
Large setup violation  
There is a large setup violation of -2.071 ns between student_top_inst/Core_cpu/u_core/u_backend/u_rename/srat_q_reg[21][5]/C (clocked by clk_out2_pll) and student_top_inst/Core_cpu/u_core/u_backend/dispatch_buffer_entry_q_reg[0][uop][inst][13]/CE (clocked by clk_out2_pll). Large setup violations at the end of those stages might be difficult to fix during the post-placement implementation flow and could be the result of non-optimal XDC constraints or non-optimal design architecture
Related violations: <none>

TIMING-16#742 Warning
Large setup violation  
There is a large setup violation of -2.071 ns between student_top_inst/Core_cpu/u_core/u_backend/u_rename/srat_q_reg[21][5]/C (clocked by clk_out2_pll) and student_top_inst/Core_cpu/u_core/u_backend/dispatch_buffer_entry_q_reg[0][uop][inst][17]/CE (clocked by clk_out2_pll). Large setup violations at the end of those stages might be difficult to fix during the post-placement implementation flow and could be the result of non-optimal XDC constraints or non-optimal design architecture
Related violations: <none>

TIMING-16#743 Warning
Large setup violation  
There is a large setup violation of -2.071 ns between student_top_inst/Core_cpu/u_core/u_backend/u_rename/srat_q_reg[21][5]/C (clocked by clk_out2_pll) and student_top_inst/Core_cpu/u_core/u_backend/dispatch_buffer_entry_q_reg[0][uop][inst][20]/CE (clocked by clk_out2_pll). Large setup violations at the end of those stages might be difficult to fix during the post-placement implementation flow and could be the result of non-optimal XDC constraints or non-optimal design architecture
Related violations: <none>

TIMING-16#744 Warning
Large setup violation  
There is a large setup violation of -2.071 ns between student_top_inst/Core_cpu/u_core/u_backend/u_rename/srat_q_reg[21][5]/C (clocked by clk_out2_pll) and student_top_inst/Core_cpu/u_core/u_backend/dispatch_buffer_entry_q_reg[1][uop][imm_b][12]/CE (clocked by clk_out2_pll). Large setup violations at the end of those stages might be difficult to fix during the post-placement implementation flow and could be the result of non-optimal XDC constraints or non-optimal design architecture
Related violations: <none>

TIMING-16#745 Warning
Large setup violation  
There is a large setup violation of -2.071 ns between student_top_inst/Core_cpu/u_core/u_backend/u_rename/srat_q_reg[21][5]/C (clocked by clk_out2_pll) and student_top_inst/Core_cpu/u_core/u_backend/dispatch_buffer_entry_q_reg[1][uop][imm_b][13]/CE (clocked by clk_out2_pll). Large setup violations at the end of those stages might be difficult to fix during the post-placement implementation flow and could be the result of non-optimal XDC constraints or non-optimal design architecture
Related violations: <none>

TIMING-16#746 Warning
Large setup violation  
There is a large setup violation of -2.071 ns between student_top_inst/Core_cpu/u_core/u_backend/u_rename/srat_q_reg[21][5]/C (clocked by clk_out2_pll) and student_top_inst/Core_cpu/u_core/u_backend/dispatch_buffer_entry_q_reg[1][uop][imm_j][14]/CE (clocked by clk_out2_pll). Large setup violations at the end of those stages might be difficult to fix during the post-placement implementation flow and could be the result of non-optimal XDC constraints or non-optimal design architecture
Related violations: <none>

TIMING-16#747 Warning
Large setup violation  
There is a large setup violation of -2.073 ns between student_top_inst/Core_cpu/u_core/u_backend/u_rename/srat_q_reg[21][5]/C (clocked by clk_out2_pll) and student_top_inst/Core_cpu/u_core/u_backend/dispatch_buffer_entry_q_reg[0][uop][inst][18]/CE (clocked by clk_out2_pll). Large setup violations at the end of those stages might be difficult to fix during the post-placement implementation flow and could be the result of non-optimal XDC constraints or non-optimal design architecture
Related violations: <none>

TIMING-16#748 Warning
Large setup violation  
There is a large setup violation of -2.073 ns between student_top_inst/Core_cpu/u_core/u_backend/u_rename/srat_q_reg[21][5]/C (clocked by clk_out2_pll) and student_top_inst/Core_cpu/u_core/u_backend/dispatch_buffer_entry_q_reg[0][uop][inst][24]/CE (clocked by clk_out2_pll). Large setup violations at the end of those stages might be difficult to fix during the post-placement implementation flow and could be the result of non-optimal XDC constraints or non-optimal design architecture
Related violations: <none>

TIMING-16#749 Warning
Large setup violation  
There is a large setup violation of -2.073 ns between student_top_inst/Core_cpu/u_core/u_backend/u_rename/srat_q_reg[21][5]/C (clocked by clk_out2_pll) and student_top_inst/Core_cpu/u_core/u_backend/dispatch_buffer_entry_q_reg[0][uop][inst][3]/CE (clocked by clk_out2_pll). Large setup violations at the end of those stages might be difficult to fix during the post-placement implementation flow and could be the result of non-optimal XDC constraints or non-optimal design architecture
Related violations: <none>

TIMING-16#750 Warning
Large setup violation  
There is a large setup violation of -2.073 ns between student_top_inst/Core_cpu/u_core/u_backend/u_rename/srat_q_reg[21][5]/C (clocked by clk_out2_pll) and student_top_inst/Core_cpu/u_core/u_backend/dispatch_buffer_entry_q_reg[0][uop][inst][8]/CE (clocked by clk_out2_pll). Large setup violations at the end of those stages might be difficult to fix during the post-placement implementation flow and could be the result of non-optimal XDC constraints or non-optimal design architecture
Related violations: <none>

TIMING-16#751 Warning
Large setup violation  
There is a large setup violation of -2.073 ns between student_top_inst/Core_cpu/u_core/u_backend/u_rename/srat_q_reg[21][5]/C (clocked by clk_out2_pll) and student_top_inst/Core_cpu/u_core/u_backend/dispatch_buffer_entry_q_reg[0][uop][pc][28]/CE (clocked by clk_out2_pll). Large setup violations at the end of those stages might be difficult to fix during the post-placement implementation flow and could be the result of non-optimal XDC constraints or non-optimal design architecture
Related violations: <none>

TIMING-16#752 Warning
Large setup violation  
There is a large setup violation of -2.073 ns between student_top_inst/Core_cpu/u_core/u_backend/u_rename/srat_q_reg[21][5]/C (clocked by clk_out2_pll) and student_top_inst/Core_cpu/u_core/u_backend/dispatch_buffer_entry_q_reg[0][uop][pc][30]/CE (clocked by clk_out2_pll). Large setup violations at the end of those stages might be difficult to fix during the post-placement implementation flow and could be the result of non-optimal XDC constraints or non-optimal design architecture
Related violations: <none>

TIMING-16#753 Warning
Large setup violation  
There is a large setup violation of -2.075 ns between student_top_inst/Core_cpu/u_core/u_backend/u_rename/srat_q_reg[13][2]/C (clocked by clk_out2_pll) and student_top_inst/Core_cpu/u_core/u_backend/dispatch_buffer_entry_q_reg[0][uop][imm_b][23]/CE (clocked by clk_out2_pll). Large setup violations at the end of those stages might be difficult to fix during the post-placement implementation flow and could be the result of non-optimal XDC constraints or non-optimal design architecture
Related violations: <none>

TIMING-16#754 Warning
Large setup violation  
There is a large setup violation of -2.075 ns between student_top_inst/Core_cpu/u_core/u_backend/u_rename/srat_q_reg[13][2]/C (clocked by clk_out2_pll) and student_top_inst/Core_cpu/u_core/u_backend/dispatch_buffer_entry_q_reg[0][uop][imm_b][30]/CE (clocked by clk_out2_pll). Large setup violations at the end of those stages might be difficult to fix during the post-placement implementation flow and could be the result of non-optimal XDC constraints or non-optimal design architecture
Related violations: <none>

TIMING-16#755 Warning
Large setup violation  
There is a large setup violation of -2.075 ns between student_top_inst/Core_cpu/u_core/u_backend/u_rename/srat_q_reg[21][5]/C (clocked by clk_out2_pll) and student_top_inst/Core_cpu/u_core/u_backend/dispatch_buffer_entry_q_reg[0][uop][imm_s][0]/CE (clocked by clk_out2_pll). Large setup violations at the end of those stages might be difficult to fix during the post-placement implementation flow and could be the result of non-optimal XDC constraints or non-optimal design architecture
Related violations: <none>

TIMING-16#756 Warning
Large setup violation  
There is a large setup violation of -2.075 ns between student_top_inst/Core_cpu/u_core/u_backend/u_rename/srat_q_reg[21][5]/C (clocked by clk_out2_pll) and student_top_inst/Core_cpu/u_core/u_backend/dispatch_buffer_entry_q_reg[0][uop][imm_s][1]/CE (clocked by clk_out2_pll). Large setup violations at the end of those stages might be difficult to fix during the post-placement implementation flow and could be the result of non-optimal XDC constraints or non-optimal design architecture
Related violations: <none>

TIMING-16#757 Warning
Large setup violation  
There is a large setup violation of -2.075 ns between student_top_inst/Core_cpu/u_core/u_backend/u_rename/srat_q_reg[21][5]/C (clocked by clk_out2_pll) and student_top_inst/Core_cpu/u_core/u_backend/dispatch_buffer_entry_q_reg[0][uop][imm_u][20]/CE (clocked by clk_out2_pll). Large setup violations at the end of those stages might be difficult to fix during the post-placement implementation flow and could be the result of non-optimal XDC constraints or non-optimal design architecture
Related violations: <none>

TIMING-16#758 Warning
Large setup violation  
There is a large setup violation of -2.075 ns between student_top_inst/Core_cpu/u_core/u_backend/u_rename/srat_q_reg[21][5]/C (clocked by clk_out2_pll) and student_top_inst/Core_cpu/u_core/u_backend/dispatch_buffer_entry_q_reg[0][uop][imm_u][23]/CE (clocked by clk_out2_pll). Large setup violations at the end of those stages might be difficult to fix during the post-placement implementation flow and could be the result of non-optimal XDC constraints or non-optimal design architecture
Related violations: <none>

TIMING-16#759 Warning
Large setup violation  
There is a large setup violation of -2.079 ns between student_top_inst/Core_cpu/u_core/u_backend/u_rename/srat_q_reg[21][5]/C (clocked by clk_out2_pll) and student_top_inst/Core_cpu/u_core/u_backend/dispatch_buffer_entry_q_reg[0][uop][csr_zimm][0]/CE (clocked by clk_out2_pll). Large setup violations at the end of those stages might be difficult to fix during the post-placement implementation flow and could be the result of non-optimal XDC constraints or non-optimal design architecture
Related violations: <none>

TIMING-16#760 Warning
Large setup violation  
There is a large setup violation of -2.079 ns between student_top_inst/Core_cpu/u_core/u_backend/u_rename/srat_q_reg[21][5]/C (clocked by clk_out2_pll) and student_top_inst/Core_cpu/u_core/u_backend/dispatch_buffer_entry_q_reg[0][uop][inst][1]/CE (clocked by clk_out2_pll). Large setup violations at the end of those stages might be difficult to fix during the post-placement implementation flow and could be the result of non-optimal XDC constraints or non-optimal design architecture
Related violations: <none>

TIMING-16#761 Warning
Large setup violation  
There is a large setup violation of -2.079 ns between student_top_inst/Core_cpu/u_core/u_backend/u_rename/srat_q_reg[21][5]/C (clocked by clk_out2_pll) and student_top_inst/Core_cpu/u_core/u_backend/dispatch_buffer_entry_q_reg[0][uop][mem_signed]/CE (clocked by clk_out2_pll). Large setup violations at the end of those stages might be difficult to fix during the post-placement implementation flow and could be the result of non-optimal XDC constraints or non-optimal design architecture
Related violations: <none>

TIMING-16#762 Warning
Large setup violation  
There is a large setup violation of -2.079 ns between student_top_inst/Core_cpu/u_core/u_backend/u_rename/srat_q_reg[21][5]/C (clocked by clk_out2_pll) and student_top_inst/Core_cpu/u_core/u_backend/dispatch_buffer_entry_q_reg[0][uop][opcode][1]/CE (clocked by clk_out2_pll). Large setup violations at the end of those stages might be difficult to fix during the post-placement implementation flow and could be the result of non-optimal XDC constraints or non-optimal design architecture
Related violations: <none>

TIMING-16#763 Warning
Large setup violation  
There is a large setup violation of -2.079 ns between student_top_inst/Core_cpu/u_core/u_backend/u_rename/srat_q_reg[21][5]/C (clocked by clk_out2_pll) and student_top_inst/Core_cpu/u_core/u_backend/dispatch_buffer_entry_q_reg[0][uop][opcode][2]/CE (clocked by clk_out2_pll). Large setup violations at the end of those stages might be difficult to fix during the post-placement implementation flow and could be the result of non-optimal XDC constraints or non-optimal design architecture
Related violations: <none>

TIMING-16#764 Warning
Large setup violation  
There is a large setup violation of -2.081 ns between student_top_inst/Core_cpu/u_core/u_backend/u_rename/srat_q_reg[21][5]/C (clocked by clk_out2_pll) and student_top_inst/Core_cpu/u_core/u_backend/dispatch_buffer_entry_q_reg[1][uop][alu_op][2]/CE (clocked by clk_out2_pll). Large setup violations at the end of those stages might be difficult to fix during the post-placement implementation flow and could be the result of non-optimal XDC constraints or non-optimal design architecture
Related violations: <none>

TIMING-16#765 Warning
Large setup violation  
There is a large setup violation of -2.082 ns between student_top_inst/Core_cpu/u_core/u_backend/u_rename/srat_q_reg[21][5]/C (clocked by clk_out2_pll) and student_top_inst/Core_cpu/u_core/u_backend/dispatch_buffer_entry_q_reg[0][uop][imm_i][28]/CE (clocked by clk_out2_pll). Large setup violations at the end of those stages might be difficult to fix during the post-placement implementation flow and could be the result of non-optimal XDC constraints or non-optimal design architecture
Related violations: <none>

TIMING-16#766 Warning
Large setup violation  
There is a large setup violation of -2.082 ns between student_top_inst/Core_cpu/u_core/u_backend/u_rename/srat_q_reg[21][5]/C (clocked by clk_out2_pll) and student_top_inst/Core_cpu/u_core/u_backend/dispatch_buffer_entry_q_reg[0][uop][imm_u][15]/CE (clocked by clk_out2_pll). Large setup violations at the end of those stages might be difficult to fix during the post-placement implementation flow and could be the result of non-optimal XDC constraints or non-optimal design architecture
Related violations: <none>

TIMING-16#767 Warning
Large setup violation  
There is a large setup violation of -2.082 ns between student_top_inst/Core_cpu/u_core/u_backend/u_rename/srat_q_reg[21][5]/C (clocked by clk_out2_pll) and student_top_inst/Core_cpu/u_core/u_backend/dispatch_buffer_entry_q_reg[0][uop][rd][3]/CE (clocked by clk_out2_pll). Large setup violations at the end of those stages might be difficult to fix during the post-placement implementation flow and could be the result of non-optimal XDC constraints or non-optimal design architecture
Related violations: <none>

TIMING-16#768 Warning
Large setup violation  
There is a large setup violation of -2.082 ns between student_top_inst/Core_cpu/u_core/u_backend/u_rename/srat_q_reg[21][5]/C (clocked by clk_out2_pll) and student_top_inst/Core_cpu/u_core/u_backend/dispatch_buffer_entry_q_reg[0][uop][rd][4]/CE (clocked by clk_out2_pll). Large setup violations at the end of those stages might be difficult to fix during the post-placement implementation flow and could be the result of non-optimal XDC constraints or non-optimal design architecture
Related violations: <none>

TIMING-16#769 Warning
Large setup violation  
There is a large setup violation of -2.082 ns between student_top_inst/Core_cpu/u_core/u_backend/u_rename/srat_q_reg[21][5]/C (clocked by clk_out2_pll) and student_top_inst/Core_cpu/u_core/u_backend/dispatch_buffer_entry_q_reg[1][uop][csr_addr][3]/CE (clocked by clk_out2_pll). Large setup violations at the end of those stages might be difficult to fix during the post-placement implementation flow and could be the result of non-optimal XDC constraints or non-optimal design architecture
Related violations: <none>

TIMING-16#770 Warning
Large setup violation  
There is a large setup violation of -2.082 ns between student_top_inst/Core_cpu/u_core/u_backend/u_rename/srat_q_reg[21][5]/C (clocked by clk_out2_pll) and student_top_inst/Core_cpu/u_core/u_backend/dispatch_buffer_entry_q_reg[1][uop][csr_zimm][3]/CE (clocked by clk_out2_pll). Large setup violations at the end of those stages might be difficult to fix during the post-placement implementation flow and could be the result of non-optimal XDC constraints or non-optimal design architecture
Related violations: <none>

TIMING-16#771 Warning
Large setup violation  
There is a large setup violation of -2.084 ns between student_top_inst/Core_cpu/u_core/u_backend/u_rename/srat_q_reg[21][5]/C (clocked by clk_out2_pll) and student_top_inst/Core_cpu/u_core/u_backend/dispatch_buffer_entry_q_reg[0][uop][imm_u][12]/CE (clocked by clk_out2_pll). Large setup violations at the end of those stages might be difficult to fix during the post-placement implementation flow and could be the result of non-optimal XDC constraints or non-optimal design architecture
Related violations: <none>

TIMING-16#772 Warning
Large setup violation  
There is a large setup violation of -2.084 ns between student_top_inst/Core_cpu/u_core/u_backend/u_rename/srat_q_reg[21][5]/C (clocked by clk_out2_pll) and student_top_inst/Core_cpu/u_core/u_backend/dispatch_buffer_entry_q_reg[0][uop][imm_u][13]/CE (clocked by clk_out2_pll). Large setup violations at the end of those stages might be difficult to fix during the post-placement implementation flow and could be the result of non-optimal XDC constraints or non-optimal design architecture
Related violations: <none>

TIMING-16#773 Warning
Large setup violation  
There is a large setup violation of -2.086 ns between student_top_inst/Core_cpu/u_core/u_backend/u_rename/srat_q_reg[13][2]/C (clocked by clk_out2_pll) and student_top_inst/Core_cpu/u_core/u_backend/dispatch_buffer_entry_q_reg[0][uop][imm_j][13]/CE (clocked by clk_out2_pll). Large setup violations at the end of those stages might be difficult to fix during the post-placement implementation flow and could be the result of non-optimal XDC constraints or non-optimal design architecture
Related violations: <none>

TIMING-16#774 Warning
Large setup violation  
There is a large setup violation of -2.088 ns between student_top_inst/Core_cpu/u_core/u_backend/u_rename/srat_q_reg[21][5]/C (clocked by clk_out2_pll) and student_top_inst/Core_cpu/u_core/u_backend/dispatch_buffer_entry_q_reg[0][uop][is_jal]/CE (clocked by clk_out2_pll). Large setup violations at the end of those stages might be difficult to fix during the post-placement implementation flow and could be the result of non-optimal XDC constraints or non-optimal design architecture
Related violations: <none>

TIMING-16#775 Warning
Large setup violation  
There is a large setup violation of -2.088 ns between student_top_inst/Core_cpu/u_core/u_backend/u_rename/srat_q_reg[21][5]/C (clocked by clk_out2_pll) and student_top_inst/Core_cpu/u_core/u_backend/dispatch_buffer_entry_q_reg[0][uop][rs1][1]/CE (clocked by clk_out2_pll). Large setup violations at the end of those stages might be difficult to fix during the post-placement implementation flow and could be the result of non-optimal XDC constraints or non-optimal design architecture
Related violations: <none>

TIMING-16#776 Warning
Large setup violation  
There is a large setup violation of -2.091 ns between student_top_inst/Core_cpu/u_core/u_backend/u_rename/srat_q_reg[21][5]/C (clocked by clk_out2_pll) and student_top_inst/Core_cpu/u_core/u_backend/dispatch_buffer_entry_q_reg[0][prd][1]/CE (clocked by clk_out2_pll). Large setup violations at the end of those stages might be difficult to fix during the post-placement implementation flow and could be the result of non-optimal XDC constraints or non-optimal design architecture
Related violations: <none>

TIMING-16#777 Warning
Large setup violation  
There is a large setup violation of -2.091 ns between student_top_inst/Core_cpu/u_core/u_backend/u_rename/srat_q_reg[21][5]/C (clocked by clk_out2_pll) and student_top_inst/Core_cpu/u_core/u_backend/dispatch_buffer_entry_q_reg[0][uop][branch_op][3]/CE (clocked by clk_out2_pll). Large setup violations at the end of those stages might be difficult to fix during the post-placement implementation flow and could be the result of non-optimal XDC constraints or non-optimal design architecture
Related violations: <none>

TIMING-16#778 Warning
Large setup violation  
There is a large setup violation of -2.091 ns between student_top_inst/Core_cpu/u_core/u_backend/u_rename/srat_q_reg[21][5]/C (clocked by clk_out2_pll) and student_top_inst/Core_cpu/u_core/u_backend/dispatch_buffer_entry_q_reg[0][uop][rd][0]/CE (clocked by clk_out2_pll). Large setup violations at the end of those stages might be difficult to fix during the post-placement implementation flow and could be the result of non-optimal XDC constraints or non-optimal design architecture
Related violations: <none>

TIMING-16#779 Warning
Large setup violation  
There is a large setup violation of -2.091 ns between student_top_inst/Core_cpu/u_core/u_backend/u_rename/srat_q_reg[21][5]/C (clocked by clk_out2_pll) and student_top_inst/Core_cpu/u_core/u_backend/dispatch_buffer_entry_q_reg[0][uop][rd][1]/CE (clocked by clk_out2_pll). Large setup violations at the end of those stages might be difficult to fix during the post-placement implementation flow and could be the result of non-optimal XDC constraints or non-optimal design architecture
Related violations: <none>

TIMING-16#780 Warning
Large setup violation  
There is a large setup violation of -2.091 ns between student_top_inst/Core_cpu/u_core/u_backend/u_rename/srat_q_reg[21][5]/C (clocked by clk_out2_pll) and student_top_inst/Core_cpu/u_core/u_backend/dispatch_buffer_entry_q_reg[1][uop][imm_b][5]/CE (clocked by clk_out2_pll). Large setup violations at the end of those stages might be difficult to fix during the post-placement implementation flow and could be the result of non-optimal XDC constraints or non-optimal design architecture
Related violations: <none>

TIMING-16#781 Warning
Large setup violation  
There is a large setup violation of -2.091 ns between student_top_inst/Core_cpu/u_core/u_backend/u_rename/srat_q_reg[21][5]/C (clocked by clk_out2_pll) and student_top_inst/Core_cpu/u_core/u_backend/dispatch_buffer_entry_q_reg[1][uop][imm_j][11]/CE (clocked by clk_out2_pll). Large setup violations at the end of those stages might be difficult to fix during the post-placement implementation flow and could be the result of non-optimal XDC constraints or non-optimal design architecture
Related violations: <none>

TIMING-16#782 Warning
Large setup violation  
There is a large setup violation of -2.092 ns between student_top_inst/Core_cpu/u_core/u_backend/u_rename/srat_q_reg[21][5]/C (clocked by clk_out2_pll) and student_top_inst/Core_cpu/u_core/u_backend/dispatch_buffer_entry_q_reg[0][prd][2]/CE (clocked by clk_out2_pll). Large setup violations at the end of those stages might be difficult to fix during the post-placement implementation flow and could be the result of non-optimal XDC constraints or non-optimal design architecture
Related violations: <none>

TIMING-16#783 Warning
Large setup violation  
There is a large setup violation of -2.092 ns between student_top_inst/Core_cpu/u_core/u_backend/u_rename/srat_q_reg[21][5]/C (clocked by clk_out2_pll) and student_top_inst/Core_cpu/u_core/u_backend/dispatch_buffer_entry_q_reg[0][prs1][0]/CE (clocked by clk_out2_pll). Large setup violations at the end of those stages might be difficult to fix during the post-placement implementation flow and could be the result of non-optimal XDC constraints or non-optimal design architecture
Related violations: <none>

TIMING-16#784 Warning
Large setup violation  
There is a large setup violation of -2.092 ns between student_top_inst/Core_cpu/u_core/u_backend/u_rename/srat_q_reg[21][5]/C (clocked by clk_out2_pll) and student_top_inst/Core_cpu/u_core/u_backend/dispatch_buffer_entry_q_reg[0][prs2][4]/CE (clocked by clk_out2_pll). Large setup violations at the end of those stages might be difficult to fix during the post-placement implementation flow and could be the result of non-optimal XDC constraints or non-optimal design architecture
Related violations: <none>

TIMING-16#785 Warning
Large setup violation  
There is a large setup violation of -2.093 ns between student_top_inst/Core_cpu/u_core/u_backend/u_rename/srat_q_reg[21][5]/C (clocked by clk_out2_pll) and student_top_inst/Core_cpu/u_core/u_backend/dispatch_buffer_entry_q_reg[1][uop][imm_b][20]/CE (clocked by clk_out2_pll). Large setup violations at the end of those stages might be difficult to fix during the post-placement implementation flow and could be the result of non-optimal XDC constraints or non-optimal design architecture
Related violations: <none>

TIMING-16#786 Warning
Large setup violation  
There is a large setup violation of -2.093 ns between student_top_inst/Core_cpu/u_core/u_backend/u_rename/srat_q_reg[21][5]/C (clocked by clk_out2_pll) and student_top_inst/Core_cpu/u_core/u_backend/dispatch_buffer_entry_q_reg[1][uop][imm_b][21]/CE (clocked by clk_out2_pll). Large setup violations at the end of those stages might be difficult to fix during the post-placement implementation flow and could be the result of non-optimal XDC constraints or non-optimal design architecture
Related violations: <none>

TIMING-16#787 Warning
Large setup violation  
There is a large setup violation of -2.093 ns between student_top_inst/Core_cpu/u_core/u_backend/u_rename/srat_q_reg[21][5]/C (clocked by clk_out2_pll) and student_top_inst/Core_cpu/u_core/u_backend/dispatch_buffer_entry_q_reg[1][uop][imm_b][7]/CE (clocked by clk_out2_pll). Large setup violations at the end of those stages might be difficult to fix during the post-placement implementation flow and could be the result of non-optimal XDC constraints or non-optimal design architecture
Related violations: <none>

TIMING-16#788 Warning
Large setup violation  
There is a large setup violation of -2.093 ns between student_top_inst/Core_cpu/u_core/u_backend/u_rename/srat_q_reg[21][5]/C (clocked by clk_out2_pll) and student_top_inst/Core_cpu/u_core/u_backend/dispatch_buffer_entry_q_reg[1][uop][imm_i][0]/CE (clocked by clk_out2_pll). Large setup violations at the end of those stages might be difficult to fix during the post-placement implementation flow and could be the result of non-optimal XDC constraints or non-optimal design architecture
Related violations: <none>

TIMING-16#789 Warning
Large setup violation  
There is a large setup violation of -2.094 ns between student_top_inst/Core_cpu/u_core/u_backend/u_rename/srat_q_reg[21][5]/C (clocked by clk_out2_pll) and student_top_inst/Core_cpu/u_core/u_backend/dispatch_buffer_entry_q_reg[0][old_prd][4]/CE (clocked by clk_out2_pll). Large setup violations at the end of those stages might be difficult to fix during the post-placement implementation flow and could be the result of non-optimal XDC constraints or non-optimal design architecture
Related violations: <none>

TIMING-16#790 Warning
Large setup violation  
There is a large setup violation of -2.094 ns between student_top_inst/Core_cpu/u_core/u_backend/u_rename/srat_q_reg[21][5]/C (clocked by clk_out2_pll) and student_top_inst/Core_cpu/u_core/u_backend/dispatch_buffer_entry_q_reg[0][uop][inst][16]/CE (clocked by clk_out2_pll). Large setup violations at the end of those stages might be difficult to fix during the post-placement implementation flow and could be the result of non-optimal XDC constraints or non-optimal design architecture
Related violations: <none>

TIMING-16#791 Warning
Large setup violation  
There is a large setup violation of -2.094 ns between student_top_inst/Core_cpu/u_core/u_backend/u_rename/srat_q_reg[21][5]/C (clocked by clk_out2_pll) and student_top_inst/Core_cpu/u_core/u_backend/dispatch_buffer_entry_q_reg[0][uop][opcode][5]/CE (clocked by clk_out2_pll). Large setup violations at the end of those stages might be difficult to fix during the post-placement implementation flow and could be the result of non-optimal XDC constraints or non-optimal design architecture
Related violations: <none>

TIMING-16#792 Warning
Large setup violation  
There is a large setup violation of -2.095 ns between student_top_inst/Core_cpu/u_core/u_backend/u_rename/srat_q_reg[21][5]/C (clocked by clk_out2_pll) and student_top_inst/Core_cpu/u_core/u_backend/dispatch_buffer_entry_q_reg[0][uop][csr_addr][10]/CE (clocked by clk_out2_pll). Large setup violations at the end of those stages might be difficult to fix during the post-placement implementation flow and could be the result of non-optimal XDC constraints or non-optimal design architecture
Related violations: <none>

TIMING-16#793 Warning
Large setup violation  
There is a large setup violation of -2.095 ns between student_top_inst/Core_cpu/u_core/u_backend/u_rename/srat_q_reg[21][5]/C (clocked by clk_out2_pll) and student_top_inst/Core_cpu/u_core/u_backend/dispatch_buffer_entry_q_reg[0][uop][tube][2]/CE (clocked by clk_out2_pll). Large setup violations at the end of those stages might be difficult to fix during the post-placement implementation flow and could be the result of non-optimal XDC constraints or non-optimal design architecture
Related violations: <none>

TIMING-16#794 Warning
Large setup violation  
There is a large setup violation of -2.096 ns between student_top_inst/Core_cpu/u_core/u_backend/u_rename/srat_q_reg[21][5]/C (clocked by clk_out2_pll) and student_top_inst/Core_cpu/u_core/u_backend/dispatch_buffer_entry_q_reg[1][uop][imm_b][22]/CE (clocked by clk_out2_pll). Large setup violations at the end of those stages might be difficult to fix during the post-placement implementation flow and could be the result of non-optimal XDC constraints or non-optimal design architecture
Related violations: <none>

TIMING-16#795 Warning
Large setup violation  
There is a large setup violation of -2.096 ns between student_top_inst/Core_cpu/u_core/u_backend/u_rename/srat_q_reg[21][5]/C (clocked by clk_out2_pll) and student_top_inst/Core_cpu/u_core/u_backend/dispatch_buffer_entry_q_reg[1][uop][imm_b][23]/CE (clocked by clk_out2_pll). Large setup violations at the end of those stages might be difficult to fix during the post-placement implementation flow and could be the result of non-optimal XDC constraints or non-optimal design architecture
Related violations: <none>

TIMING-16#796 Warning
Large setup violation  
There is a large setup violation of -2.096 ns between student_top_inst/Core_cpu/u_core/u_backend/u_rename/srat_q_reg[21][5]/C (clocked by clk_out2_pll) and student_top_inst/Core_cpu/u_core/u_backend/dispatch_buffer_entry_q_reg[1][uop][imm_b][24]/CE (clocked by clk_out2_pll). Large setup violations at the end of those stages might be difficult to fix during the post-placement implementation flow and could be the result of non-optimal XDC constraints or non-optimal design architecture
Related violations: <none>

TIMING-16#797 Warning
Large setup violation  
There is a large setup violation of -2.096 ns between student_top_inst/Core_cpu/u_core/u_backend/u_rename/srat_q_reg[21][5]/C (clocked by clk_out2_pll) and student_top_inst/Core_cpu/u_core/u_backend/dispatch_buffer_entry_q_reg[1][uop][imm_b][25]/CE (clocked by clk_out2_pll). Large setup violations at the end of those stages might be difficult to fix during the post-placement implementation flow and could be the result of non-optimal XDC constraints or non-optimal design architecture
Related violations: <none>

TIMING-16#798 Warning
Large setup violation  
There is a large setup violation of -2.096 ns between student_top_inst/Core_cpu/u_core/u_backend/u_rename/srat_q_reg[21][5]/C (clocked by clk_out2_pll) and student_top_inst/Core_cpu/u_core/u_backend/dispatch_buffer_entry_q_reg[1][uop][imm_i][1]/CE (clocked by clk_out2_pll). Large setup violations at the end of those stages might be difficult to fix during the post-placement implementation flow and could be the result of non-optimal XDC constraints or non-optimal design architecture
Related violations: <none>

TIMING-16#799 Warning
Large setup violation  
There is a large setup violation of -2.097 ns between student_top_inst/Core_cpu/u_core/u_backend/u_rename/srat_q_reg[21][5]/C (clocked by clk_out2_pll) and student_top_inst/Core_cpu/u_core/u_backend/dispatch_buffer_entry_q_reg[0][uop][imm_i][16]/CE (clocked by clk_out2_pll). Large setup violations at the end of those stages might be difficult to fix during the post-placement implementation flow and could be the result of non-optimal XDC constraints or non-optimal design architecture
Related violations: <none>

TIMING-16#800 Warning
Large setup violation  
There is a large setup violation of -2.097 ns between student_top_inst/Core_cpu/u_core/u_backend/u_rename/srat_q_reg[21][5]/C (clocked by clk_out2_pll) and student_top_inst/Core_cpu/u_core/u_backend/dispatch_buffer_entry_q_reg[0][uop][imm_i][1]/CE (clocked by clk_out2_pll). Large setup violations at the end of those stages might be difficult to fix during the post-placement implementation flow and could be the result of non-optimal XDC constraints or non-optimal design architecture
Related violations: <none>

TIMING-16#801 Warning
Large setup violation  
There is a large setup violation of -2.097 ns between student_top_inst/Core_cpu/u_core/u_backend/u_rename/srat_q_reg[21][5]/C (clocked by clk_out2_pll) and student_top_inst/Core_cpu/u_core/u_backend/dispatch_buffer_entry_q_reg[0][uop][imm_i][26]/CE (clocked by clk_out2_pll). Large setup violations at the end of those stages might be difficult to fix during the post-placement implementation flow and could be the result of non-optimal XDC constraints or non-optimal design architecture
Related violations: <none>

TIMING-16#802 Warning
Large setup violation  
There is a large setup violation of -2.097 ns between student_top_inst/Core_cpu/u_core/u_backend/u_rename/srat_q_reg[21][5]/C (clocked by clk_out2_pll) and student_top_inst/Core_cpu/u_core/u_backend/dispatch_buffer_entry_q_reg[0][uop][imm_i][2]/CE (clocked by clk_out2_pll). Large setup violations at the end of those stages might be difficult to fix during the post-placement implementation flow and could be the result of non-optimal XDC constraints or non-optimal design architecture
Related violations: <none>

TIMING-16#803 Warning
Large setup violation  
There is a large setup violation of -2.097 ns between student_top_inst/Core_cpu/u_core/u_backend/u_rename/srat_q_reg[21][5]/C (clocked by clk_out2_pll) and student_top_inst/Core_cpu/u_core/u_backend/dispatch_buffer_entry_q_reg[0][uop][imm_u][14]/CE (clocked by clk_out2_pll). Large setup violations at the end of those stages might be difficult to fix during the post-placement implementation flow and could be the result of non-optimal XDC constraints or non-optimal design architecture
Related violations: <none>

TIMING-16#804 Warning
Large setup violation  
There is a large setup violation of -2.097 ns between student_top_inst/Core_cpu/u_core/u_backend/u_rename/srat_q_reg[21][5]/C (clocked by clk_out2_pll) and student_top_inst/Core_cpu/u_core/u_backend/dispatch_buffer_entry_q_reg[0][uop][imm_u][19]/CE (clocked by clk_out2_pll). Large setup violations at the end of those stages might be difficult to fix during the post-placement implementation flow and could be the result of non-optimal XDC constraints or non-optimal design architecture
Related violations: <none>

TIMING-16#805 Warning
Large setup violation  
There is a large setup violation of -2.097 ns between student_top_inst/Core_cpu/u_core/u_backend/u_rename/srat_q_reg[21][5]/C (clocked by clk_out2_pll) and student_top_inst/Core_cpu/u_core/u_backend/dispatch_buffer_entry_q_reg[0][uop][pred_taken]/CE (clocked by clk_out2_pll). Large setup violations at the end of those stages might be difficult to fix during the post-placement implementation flow and could be the result of non-optimal XDC constraints or non-optimal design architecture
Related violations: <none>

TIMING-16#806 Warning
Large setup violation  
There is a large setup violation of -2.097 ns between student_top_inst/Core_cpu/u_core/u_backend/u_rename/srat_q_reg[21][5]/C (clocked by clk_out2_pll) and student_top_inst/Core_cpu/u_core/u_backend/dispatch_buffer_entry_q_reg[0][uop][pred_target][17]/CE (clocked by clk_out2_pll). Large setup violations at the end of those stages might be difficult to fix during the post-placement implementation flow and could be the result of non-optimal XDC constraints or non-optimal design architecture
Related violations: <none>

TIMING-16#807 Warning
Large setup violation  
There is a large setup violation of -2.097 ns between student_top_inst/Core_cpu/u_core/u_backend/u_rename/srat_q_reg[21][5]/C (clocked by clk_out2_pll) and student_top_inst/Core_cpu/u_core/u_backend/dispatch_buffer_entry_q_reg[0][uop][pred_target][27]/CE (clocked by clk_out2_pll). Large setup violations at the end of those stages might be difficult to fix during the post-placement implementation flow and could be the result of non-optimal XDC constraints or non-optimal design architecture
Related violations: <none>

TIMING-16#808 Warning
Large setup violation  
There is a large setup violation of -2.099 ns between student_top_inst/Core_cpu/u_core/u_backend/u_rename/srat_q_reg[13][2]/C (clocked by clk_out2_pll) and student_top_inst/Core_cpu/u_core/u_backend/dispatch_buffer_entry_q_reg[0][uop][imm_b][13]/CE (clocked by clk_out2_pll). Large setup violations at the end of those stages might be difficult to fix during the post-placement implementation flow and could be the result of non-optimal XDC constraints or non-optimal design architecture
Related violations: <none>

TIMING-16#809 Warning
Large setup violation  
There is a large setup violation of -2.099 ns between student_top_inst/Core_cpu/u_core/u_backend/u_rename/srat_q_reg[13][2]/C (clocked by clk_out2_pll) and student_top_inst/Core_cpu/u_core/u_backend/dispatch_buffer_entry_q_reg[0][uop][imm_b][17]/CE (clocked by clk_out2_pll). Large setup violations at the end of those stages might be difficult to fix during the post-placement implementation flow and could be the result of non-optimal XDC constraints or non-optimal design architecture
Related violations: <none>

TIMING-16#810 Warning
Large setup violation  
There is a large setup violation of -2.100 ns between student_top_inst/Core_cpu/u_core/u_backend/u_rename/srat_q_reg[13][2]/C (clocked by clk_out2_pll) and student_top_inst/Core_cpu/u_core/u_backend/dispatch_buffer_entry_q_reg[0][uop][imm_i][14]/CE (clocked by clk_out2_pll). Large setup violations at the end of those stages might be difficult to fix during the post-placement implementation flow and could be the result of non-optimal XDC constraints or non-optimal design architecture
Related violations: <none>

TIMING-16#811 Warning
Large setup violation  
There is a large setup violation of -2.100 ns between student_top_inst/Core_cpu/u_core/u_backend/u_rename/srat_q_reg[13][2]/C (clocked by clk_out2_pll) and student_top_inst/Core_cpu/u_core/u_backend/dispatch_buffer_entry_q_reg[0][uop][imm_j][23]/CE (clocked by clk_out2_pll). Large setup violations at the end of those stages might be difficult to fix during the post-placement implementation flow and could be the result of non-optimal XDC constraints or non-optimal design architecture
Related violations: <none>

TIMING-16#812 Warning
Large setup violation  
There is a large setup violation of -2.100 ns between student_top_inst/Core_cpu/u_core/u_backend/u_rename/srat_q_reg[13][2]/C (clocked by clk_out2_pll) and student_top_inst/Core_cpu/u_core/u_backend/dispatch_buffer_entry_q_reg[0][uop][imm_j][25]/CE (clocked by clk_out2_pll). Large setup violations at the end of those stages might be difficult to fix during the post-placement implementation flow and could be the result of non-optimal XDC constraints or non-optimal design architecture
Related violations: <none>

TIMING-16#813 Warning
Large setup violation  
There is a large setup violation of -2.100 ns between student_top_inst/Core_cpu/u_core/u_backend/u_rename/srat_q_reg[13][2]/C (clocked by clk_out2_pll) and student_top_inst/Core_cpu/u_core/u_backend/dispatch_buffer_entry_q_reg[0][uop][imm_j][4]/CE (clocked by clk_out2_pll). Large setup violations at the end of those stages might be difficult to fix during the post-placement implementation flow and could be the result of non-optimal XDC constraints or non-optimal design architecture
Related violations: <none>

TIMING-16#814 Warning
Large setup violation  
There is a large setup violation of -2.101 ns between student_top_inst/Core_cpu/u_core/u_backend/u_rename/srat_q_reg[13][2]/C (clocked by clk_out2_pll) and student_top_inst/Core_cpu/u_core/u_backend/dispatch_buffer_entry_q_reg[0][uop][imm_i][22]/CE (clocked by clk_out2_pll). Large setup violations at the end of those stages might be difficult to fix during the post-placement implementation flow and could be the result of non-optimal XDC constraints or non-optimal design architecture
Related violations: <none>

TIMING-16#815 Warning
Large setup violation  
There is a large setup violation of -2.101 ns between student_top_inst/Core_cpu/u_core/u_backend/u_rename/srat_q_reg[13][2]/C (clocked by clk_out2_pll) and student_top_inst/Core_cpu/u_core/u_backend/dispatch_buffer_entry_q_reg[0][uop][imm_i][25]/CE (clocked by clk_out2_pll). Large setup violations at the end of those stages might be difficult to fix during the post-placement implementation flow and could be the result of non-optimal XDC constraints or non-optimal design architecture
Related violations: <none>

TIMING-16#816 Warning
Large setup violation  
There is a large setup violation of -2.102 ns between student_top_inst/Core_cpu/u_core/u_backend/u_rename/srat_q_reg[21][5]/C (clocked by clk_out2_pll) and student_top_inst/Core_cpu/u_core/u_backend/dispatch_buffer_entry_q_reg[0][uop][imm_u][16]/CE (clocked by clk_out2_pll). Large setup violations at the end of those stages might be difficult to fix during the post-placement implementation flow and could be the result of non-optimal XDC constraints or non-optimal design architecture
Related violations: <none>

TIMING-16#817 Warning
Large setup violation  
There is a large setup violation of -2.102 ns between student_top_inst/Core_cpu/u_core/u_backend/u_rename/srat_q_reg[21][5]/C (clocked by clk_out2_pll) and student_top_inst/Core_cpu/u_core/u_backend/dispatch_buffer_entry_q_reg[0][uop][imm_u][22]/CE (clocked by clk_out2_pll). Large setup violations at the end of those stages might be difficult to fix during the post-placement implementation flow and could be the result of non-optimal XDC constraints or non-optimal design architecture
Related violations: <none>

TIMING-16#818 Warning
Large setup violation  
There is a large setup violation of -2.102 ns between student_top_inst/Core_cpu/u_core/u_backend/u_rename/srat_q_reg[21][5]/C (clocked by clk_out2_pll) and student_top_inst/Core_cpu/u_core/u_backend/dispatch_buffer_entry_q_reg[0][uop][inst][19]/CE (clocked by clk_out2_pll). Large setup violations at the end of those stages might be difficult to fix during the post-placement implementation flow and could be the result of non-optimal XDC constraints or non-optimal design architecture
Related violations: <none>

TIMING-16#819 Warning
Large setup violation  
There is a large setup violation of -2.102 ns between student_top_inst/Core_cpu/u_core/u_backend/u_rename/srat_q_reg[21][5]/C (clocked by clk_out2_pll) and student_top_inst/Core_cpu/u_core/u_backend/dispatch_buffer_entry_q_reg[0][uop][inst][21]/CE (clocked by clk_out2_pll). Large setup violations at the end of those stages might be difficult to fix during the post-placement implementation flow and could be the result of non-optimal XDC constraints or non-optimal design architecture
Related violations: <none>

TIMING-16#820 Warning
Large setup violation  
There is a large setup violation of -2.102 ns between student_top_inst/Core_cpu/u_core/u_backend/u_rename/srat_q_reg[21][5]/C (clocked by clk_out2_pll) and student_top_inst/Core_cpu/u_core/u_backend/dispatch_buffer_entry_q_reg[0][uop][inst][4]/CE (clocked by clk_out2_pll). Large setup violations at the end of those stages might be difficult to fix during the post-placement implementation flow and could be the result of non-optimal XDC constraints or non-optimal design architecture
Related violations: <none>

TIMING-16#821 Warning
Large setup violation  
There is a large setup violation of -2.102 ns between student_top_inst/Core_cpu/u_core/u_backend/u_rename/srat_q_reg[21][5]/C (clocked by clk_out2_pll) and student_top_inst/Core_cpu/u_core/u_backend/dispatch_buffer_entry_q_reg[0][uop][inst][5]/CE (clocked by clk_out2_pll). Large setup violations at the end of those stages might be difficult to fix during the post-placement implementation flow and could be the result of non-optimal XDC constraints or non-optimal design architecture
Related violations: <none>

TIMING-16#822 Warning
Large setup violation  
There is a large setup violation of -2.103 ns between student_top_inst/Core_cpu/u_core/u_backend/u_rename/srat_q_reg[21][5]/C (clocked by clk_out2_pll) and student_top_inst/Core_cpu/u_core/u_backend/dispatch_buffer_entry_q_reg[0][uop][pc][0]/CE (clocked by clk_out2_pll). Large setup violations at the end of those stages might be difficult to fix during the post-placement implementation flow and could be the result of non-optimal XDC constraints or non-optimal design architecture
Related violations: <none>

TIMING-16#823 Warning
Large setup violation  
There is a large setup violation of -2.103 ns between student_top_inst/Core_cpu/u_core/u_backend/u_rename/srat_q_reg[21][5]/C (clocked by clk_out2_pll) and student_top_inst/Core_cpu/u_core/u_backend/dispatch_buffer_entry_q_reg[0][uop][pc][14]/CE (clocked by clk_out2_pll). Large setup violations at the end of those stages might be difficult to fix during the post-placement implementation flow and could be the result of non-optimal XDC constraints or non-optimal design architecture
Related violations: <none>

TIMING-16#824 Warning
Large setup violation  
There is a large setup violation of -2.104 ns between student_top_inst/Core_cpu/u_core/u_backend/u_rename/srat_q_reg[21][5]/C (clocked by clk_out2_pll) and student_top_inst/Core_cpu/u_core/u_backend/dispatch_buffer_entry_q_reg[1][uop][csr_addr][9]/CE (clocked by clk_out2_pll). Large setup violations at the end of those stages might be difficult to fix during the post-placement implementation flow and could be the result of non-optimal XDC constraints or non-optimal design architecture
Related violations: <none>

TIMING-16#825 Warning
Large setup violation  
There is a large setup violation of -2.106 ns between student_top_inst/Core_cpu/u_core/u_backend/u_rename/srat_q_reg[13][2]/C (clocked by clk_out2_pll) and student_top_inst/Core_cpu/u_core/u_backend/dispatch_buffer_entry_q_reg[0][uop][imm_b][19]/CE (clocked by clk_out2_pll). Large setup violations at the end of those stages might be difficult to fix during the post-placement implementation flow and could be the result of non-optimal XDC constraints or non-optimal design architecture
Related violations: <none>

TIMING-16#826 Warning
Large setup violation  
There is a large setup violation of -2.106 ns between student_top_inst/Core_cpu/u_core/u_backend/u_rename/srat_q_reg[13][2]/C (clocked by clk_out2_pll) and student_top_inst/Core_cpu/u_core/u_backend/dispatch_buffer_entry_q_reg[0][uop][imm_i][13]/CE (clocked by clk_out2_pll). Large setup violations at the end of those stages might be difficult to fix during the post-placement implementation flow and could be the result of non-optimal XDC constraints or non-optimal design architecture
Related violations: <none>

TIMING-16#827 Warning
Large setup violation  
There is a large setup violation of -2.106 ns between student_top_inst/Core_cpu/u_core/u_backend/u_rename/srat_q_reg[13][2]/C (clocked by clk_out2_pll) and student_top_inst/Core_cpu/u_core/u_backend/dispatch_buffer_entry_q_reg[0][uop][imm_j][3]/CE (clocked by clk_out2_pll). Large setup violations at the end of those stages might be difficult to fix during the post-placement implementation flow and could be the result of non-optimal XDC constraints or non-optimal design architecture
Related violations: <none>

TIMING-16#828 Warning
Large setup violation  
There is a large setup violation of -2.106 ns between student_top_inst/Core_cpu/u_core/u_backend/u_rename/srat_q_reg[13][2]/C (clocked by clk_out2_pll) and student_top_inst/Core_cpu/u_core/u_backend/dispatch_buffer_entry_q_reg[0][uop][imm_j][7]/CE (clocked by clk_out2_pll). Large setup violations at the end of those stages might be difficult to fix during the post-placement implementation flow and could be the result of non-optimal XDC constraints or non-optimal design architecture
Related violations: <none>

TIMING-16#829 Warning
Large setup violation  
There is a large setup violation of -2.109 ns between student_top_inst/Core_cpu/u_core/u_backend/u_rename/srat_q_reg[21][5]/C (clocked by clk_out2_pll) and student_top_inst/Core_cpu/u_core/u_backend/dispatch_buffer_entry_q_reg[0][uop][imm_i][11]/CE (clocked by clk_out2_pll). Large setup violations at the end of those stages might be difficult to fix during the post-placement implementation flow and could be the result of non-optimal XDC constraints or non-optimal design architecture
Related violations: <none>

TIMING-16#830 Warning
Large setup violation  
There is a large setup violation of -2.109 ns between student_top_inst/Core_cpu/u_core/u_backend/u_rename/srat_q_reg[21][5]/C (clocked by clk_out2_pll) and student_top_inst/Core_cpu/u_core/u_backend/dispatch_buffer_entry_q_reg[0][uop][imm_i][3]/CE (clocked by clk_out2_pll). Large setup violations at the end of those stages might be difficult to fix during the post-placement implementation flow and could be the result of non-optimal XDC constraints or non-optimal design architecture
Related violations: <none>

TIMING-16#831 Warning
Large setup violation  
There is a large setup violation of -2.109 ns between student_top_inst/Core_cpu/u_core/u_backend/u_rename/srat_q_reg[21][5]/C (clocked by clk_out2_pll) and student_top_inst/Core_cpu/u_core/u_backend/dispatch_buffer_entry_q_reg[0][uop][imm_i][4]/CE (clocked by clk_out2_pll). Large setup violations at the end of those stages might be difficult to fix during the post-placement implementation flow and could be the result of non-optimal XDC constraints or non-optimal design architecture
Related violations: <none>

TIMING-16#832 Warning
Large setup violation  
There is a large setup violation of -2.109 ns between student_top_inst/Core_cpu/u_core/u_backend/u_rename/srat_q_reg[21][5]/C (clocked by clk_out2_pll) and student_top_inst/Core_cpu/u_core/u_backend/dispatch_buffer_entry_q_reg[0][uop][imm_s][15]/CE (clocked by clk_out2_pll). Large setup violations at the end of those stages might be difficult to fix during the post-placement implementation flow and could be the result of non-optimal XDC constraints or non-optimal design architecture
Related violations: <none>

TIMING-16#833 Warning
Large setup violation  
There is a large setup violation of -2.109 ns between student_top_inst/Core_cpu/u_core/u_backend/u_rename/srat_q_reg[21][5]/C (clocked by clk_out2_pll) and student_top_inst/Core_cpu/u_core/u_backend/dispatch_buffer_entry_q_reg[0][uop][imm_u][18]/CE (clocked by clk_out2_pll). Large setup violations at the end of those stages might be difficult to fix during the post-placement implementation flow and could be the result of non-optimal XDC constraints or non-optimal design architecture
Related violations: <none>

TIMING-16#834 Warning
Large setup violation  
There is a large setup violation of -2.109 ns between student_top_inst/Core_cpu/u_core/u_backend/u_rename/srat_q_reg[21][5]/C (clocked by clk_out2_pll) and student_top_inst/Core_cpu/u_core/u_backend/dispatch_buffer_entry_q_reg[0][uop][pc][22]/CE (clocked by clk_out2_pll). Large setup violations at the end of those stages might be difficult to fix during the post-placement implementation flow and could be the result of non-optimal XDC constraints or non-optimal design architecture
Related violations: <none>

TIMING-16#835 Warning
Large setup violation  
There is a large setup violation of -2.109 ns between student_top_inst/Core_cpu/u_core/u_backend/u_rename/srat_q_reg[21][5]/C (clocked by clk_out2_pll) and student_top_inst/Core_cpu/u_core/u_backend/dispatch_buffer_entry_q_reg[0][uop][pc][3]/CE (clocked by clk_out2_pll). Large setup violations at the end of those stages might be difficult to fix during the post-placement implementation flow and could be the result of non-optimal XDC constraints or non-optimal design architecture
Related violations: <none>

TIMING-16#836 Warning
Large setup violation  
There is a large setup violation of -2.110 ns between student_top_inst/Core_cpu/u_core/u_backend/u_rename/srat_q_reg[21][5]/C (clocked by clk_out2_pll) and student_top_inst/Core_cpu/u_core/u_backend/dispatch_buffer_entry_q_reg[1][uop][imm_b][3]/CE (clocked by clk_out2_pll). Large setup violations at the end of those stages might be difficult to fix during the post-placement implementation flow and could be the result of non-optimal XDC constraints or non-optimal design architecture
Related violations: <none>

TIMING-16#837 Warning
Large setup violation  
There is a large setup violation of -2.110 ns between student_top_inst/Core_cpu/u_core/u_backend/u_rename/srat_q_reg[21][5]/C (clocked by clk_out2_pll) and student_top_inst/Core_cpu/u_core/u_backend/dispatch_buffer_entry_q_reg[1][uop][imm_i][11]/CE (clocked by clk_out2_pll). Large setup violations at the end of those stages might be difficult to fix during the post-placement implementation flow and could be the result of non-optimal XDC constraints or non-optimal design architecture
Related violations: <none>

TIMING-16#838 Warning
Large setup violation  
There is a large setup violation of -2.110 ns between student_top_inst/Core_cpu/u_core/u_backend/u_rename/srat_q_reg[21][5]/C (clocked by clk_out2_pll) and student_top_inst/Core_cpu/u_core/u_backend/dispatch_buffer_entry_q_reg[1][uop][imm_i][12]/CE (clocked by clk_out2_pll). Large setup violations at the end of those stages might be difficult to fix during the post-placement implementation flow and could be the result of non-optimal XDC constraints or non-optimal design architecture
Related violations: <none>

TIMING-16#839 Warning
Large setup violation  
There is a large setup violation of -2.111 ns between student_top_inst/Core_cpu/u_core/u_backend/u_rename/srat_q_reg[21][5]/C (clocked by clk_out2_pll) and student_top_inst/Core_cpu/u_core/u_backend/dispatch_buffer_entry_q_reg[0][uop][csr_addr][3]/CE (clocked by clk_out2_pll). Large setup violations at the end of those stages might be difficult to fix during the post-placement implementation flow and could be the result of non-optimal XDC constraints or non-optimal design architecture
Related violations: <none>

TIMING-16#840 Warning
Large setup violation  
There is a large setup violation of -2.111 ns between student_top_inst/Core_cpu/u_core/u_backend/u_rename/srat_q_reg[21][5]/C (clocked by clk_out2_pll) and student_top_inst/Core_cpu/u_core/u_backend/dispatch_buffer_entry_q_reg[0][uop][inst][15]/CE (clocked by clk_out2_pll). Large setup violations at the end of those stages might be difficult to fix during the post-placement implementation flow and could be the result of non-optimal XDC constraints or non-optimal design architecture
Related violations: <none>

TIMING-16#841 Warning
Large setup violation  
There is a large setup violation of -2.111 ns between student_top_inst/Core_cpu/u_core/u_backend/u_rename/srat_q_reg[21][5]/C (clocked by clk_out2_pll) and student_top_inst/Core_cpu/u_core/u_backend/dispatch_buffer_entry_q_reg[1][uop][imm_i][21]/CE (clocked by clk_out2_pll). Large setup violations at the end of those stages might be difficult to fix during the post-placement implementation flow and could be the result of non-optimal XDC constraints or non-optimal design architecture
Related violations: <none>

TIMING-16#842 Warning
Large setup violation  
There is a large setup violation of -2.111 ns between student_top_inst/Core_cpu/u_core/u_backend/u_rename/srat_q_reg[21][5]/C (clocked by clk_out2_pll) and student_top_inst/Core_cpu/u_core/u_backend/dispatch_buffer_entry_q_reg[1][uop][imm_i][22]/CE (clocked by clk_out2_pll). Large setup violations at the end of those stages might be difficult to fix during the post-placement implementation flow and could be the result of non-optimal XDC constraints or non-optimal design architecture
Related violations: <none>

TIMING-16#843 Warning
Large setup violation  
There is a large setup violation of -2.114 ns between student_top_inst/Core_cpu/u_core/u_backend/u_rename/srat_q_reg[21][5]/C (clocked by clk_out2_pll) and student_top_inst/Core_cpu/u_core/u_backend/dispatch_buffer_entry_q_reg[0][uop][imm_s][27]/CE (clocked by clk_out2_pll). Large setup violations at the end of those stages might be difficult to fix during the post-placement implementation flow and could be the result of non-optimal XDC constraints or non-optimal design architecture
Related violations: <none>

TIMING-16#844 Warning
Large setup violation  
There is a large setup violation of -2.114 ns between student_top_inst/Core_cpu/u_core/u_backend/u_rename/srat_q_reg[21][5]/C (clocked by clk_out2_pll) and student_top_inst/Core_cpu/u_core/u_backend/dispatch_buffer_entry_q_reg[0][uop][imm_u][21]/CE (clocked by clk_out2_pll). Large setup violations at the end of those stages might be difficult to fix during the post-placement implementation flow and could be the result of non-optimal XDC constraints or non-optimal design architecture
Related violations: <none>

TIMING-16#845 Warning
Large setup violation  
There is a large setup violation of -2.114 ns between student_top_inst/Core_cpu/u_core/u_backend/u_rename/srat_q_reg[21][5]/C (clocked by clk_out2_pll) and student_top_inst/Core_cpu/u_core/u_backend/dispatch_buffer_entry_q_reg[0][uop][inst][6]/CE (clocked by clk_out2_pll). Large setup violations at the end of those stages might be difficult to fix during the post-placement implementation flow and could be the result of non-optimal XDC constraints or non-optimal design architecture
Related violations: <none>

TIMING-16#846 Warning
Large setup violation  
There is a large setup violation of -2.115 ns between student_top_inst/Core_cpu/u_core/u_backend/u_rename/srat_q_reg[21][5]/C (clocked by clk_out2_pll) and student_top_inst/Core_cpu/u_core/u_backend/dispatch_buffer_entry_q_reg[0][uop][is_mret]/CE (clocked by clk_out2_pll). Large setup violations at the end of those stages might be difficult to fix during the post-placement implementation flow and could be the result of non-optimal XDC constraints or non-optimal design architecture
Related violations: <none>

TIMING-16#847 Warning
Large setup violation  
There is a large setup violation of -2.115 ns between student_top_inst/Core_cpu/u_core/u_backend/u_rename/srat_q_reg[21][5]/C (clocked by clk_out2_pll) and student_top_inst/Core_cpu/u_core/u_backend/dispatch_buffer_entry_q_reg[0][uop][pc][7]/CE (clocked by clk_out2_pll). Large setup violations at the end of those stages might be difficult to fix during the post-placement implementation flow and could be the result of non-optimal XDC constraints or non-optimal design architecture
Related violations: <none>

TIMING-16#848 Warning
Large setup violation  
There is a large setup violation of -2.118 ns between student_top_inst/Core_cpu/u_core/u_backend/u_rename/srat_q_reg[21][5]/C (clocked by clk_out2_pll) and student_top_inst/Core_cpu/u_core/u_backend/dispatch_buffer_entry_q_reg[0][uop][csr_addr][11]/CE (clocked by clk_out2_pll). Large setup violations at the end of those stages might be difficult to fix during the post-placement implementation flow and could be the result of non-optimal XDC constraints or non-optimal design architecture
Related violations: <none>

TIMING-16#849 Warning
Large setup violation  
There is a large setup violation of -2.118 ns between student_top_inst/Core_cpu/u_core/u_backend/u_rename/srat_q_reg[21][5]/C (clocked by clk_out2_pll) and student_top_inst/Core_cpu/u_core/u_backend/dispatch_buffer_entry_q_reg[0][uop][csr_addr][2]/CE (clocked by clk_out2_pll). Large setup violations at the end of those stages might be difficult to fix during the post-placement implementation flow and could be the result of non-optimal XDC constraints or non-optimal design architecture
Related violations: <none>

TIMING-16#850 Warning
Large setup violation  
There is a large setup violation of -2.119 ns between student_top_inst/Core_cpu/u_core/u_backend/u_rename/srat_q_reg[21][5]/C (clocked by clk_out2_pll) and student_top_inst/Core_cpu/u_core/u_backend/dispatch_buffer_entry_q_reg[0][uop][rs1][2]/CE (clocked by clk_out2_pll). Large setup violations at the end of those stages might be difficult to fix during the post-placement implementation flow and could be the result of non-optimal XDC constraints or non-optimal design architecture
Related violations: <none>

TIMING-16#851 Warning
Large setup violation  
There is a large setup violation of -2.122 ns between student_top_inst/Core_cpu/u_core/u_backend/u_rename/srat_q_reg[21][5]/C (clocked by clk_out2_pll) and student_top_inst/Core_cpu/u_core/u_backend/dispatch_buffer_entry_q_reg[0][uop][pred_target][30]/CE (clocked by clk_out2_pll). Large setup violations at the end of those stages might be difficult to fix during the post-placement implementation flow and could be the result of non-optimal XDC constraints or non-optimal design architecture
Related violations: <none>

TIMING-16#852 Warning
Large setup violation  
There is a large setup violation of -2.123 ns between student_top_inst/Core_cpu/u_core/u_backend/u_rename/srat_q_reg[21][5]/C (clocked by clk_out2_pll) and student_top_inst/Core_cpu/u_core/u_backend/dispatch_buffer_entry_q_reg[0][uop][imm_u][29]/CE (clocked by clk_out2_pll). Large setup violations at the end of those stages might be difficult to fix during the post-placement implementation flow and could be the result of non-optimal XDC constraints or non-optimal design architecture
Related violations: <none>

TIMING-16#853 Warning
Large setup violation  
There is a large setup violation of -2.124 ns between student_top_inst/Core_cpu/u_core/u_backend/u_rename/srat_q_reg[21][5]/C (clocked by clk_out2_pll) and student_top_inst/Core_cpu/u_core/u_backend/dispatch_buffer_entry_q_reg[1][uop][csr_addr][4]/CE (clocked by clk_out2_pll). Large setup violations at the end of those stages might be difficult to fix during the post-placement implementation flow and could be the result of non-optimal XDC constraints or non-optimal design architecture
Related violations: <none>

TIMING-16#854 Warning
Large setup violation  
There is a large setup violation of -2.125 ns between student_top_inst/Core_cpu/u_core/u_backend/u_rename/srat_q_reg[21][5]/C (clocked by clk_out2_pll) and student_top_inst/Core_cpu/u_core/u_backend/dispatch_buffer_entry_q_reg[1][uop][csr_zimm][1]/CE (clocked by clk_out2_pll). Large setup violations at the end of those stages might be difficult to fix during the post-placement implementation flow and could be the result of non-optimal XDC constraints or non-optimal design architecture
Related violations: <none>

TIMING-16#855 Warning
Large setup violation  
There is a large setup violation of -2.126 ns between student_top_inst/Core_cpu/u_core/u_backend/u_rename/srat_q_reg[21][5]/C (clocked by clk_out2_pll) and student_top_inst/Core_cpu/u_core/u_backend/dispatch_buffer_entry_q_reg[0][prs1][1]/CE (clocked by clk_out2_pll). Large setup violations at the end of those stages might be difficult to fix during the post-placement implementation flow and could be the result of non-optimal XDC constraints or non-optimal design architecture
Related violations: <none>

TIMING-16#856 Warning
Large setup violation  
There is a large setup violation of -2.126 ns between student_top_inst/Core_cpu/u_core/u_backend/u_rename/srat_q_reg[21][5]/C (clocked by clk_out2_pll) and student_top_inst/Core_cpu/u_core/u_backend/dispatch_buffer_entry_q_reg[0][prs1][2]/CE (clocked by clk_out2_pll). Large setup violations at the end of those stages might be difficult to fix during the post-placement implementation flow and could be the result of non-optimal XDC constraints or non-optimal design architecture
Related violations: <none>

TIMING-16#857 Warning
Large setup violation  
There is a large setup violation of -2.126 ns between student_top_inst/Core_cpu/u_core/u_backend/u_rename/srat_q_reg[21][5]/C (clocked by clk_out2_pll) and student_top_inst/Core_cpu/u_core/u_backend/dispatch_buffer_entry_q_reg[0][prs2][3]/CE (clocked by clk_out2_pll). Large setup violations at the end of those stages might be difficult to fix during the post-placement implementation flow and could be the result of non-optimal XDC constraints or non-optimal design architecture
Related violations: <none>

TIMING-16#858 Warning
Large setup violation  
There is a large setup violation of -2.127 ns between student_top_inst/Core_cpu/u_core/u_backend/u_rename/srat_q_reg[21][5]/C (clocked by clk_out2_pll) and student_top_inst/Core_cpu/u_core/u_backend/dispatch_buffer_entry_q_reg[0][old_prd][1]/CE (clocked by clk_out2_pll). Large setup violations at the end of those stages might be difficult to fix during the post-placement implementation flow and could be the result of non-optimal XDC constraints or non-optimal design architecture
Related violations: <none>

TIMING-16#859 Warning
Large setup violation  
There is a large setup violation of -2.127 ns between student_top_inst/Core_cpu/u_core/u_backend/u_rename/srat_q_reg[21][5]/C (clocked by clk_out2_pll) and student_top_inst/Core_cpu/u_core/u_backend/dispatch_buffer_entry_q_reg[0][uop][pred_target][6]/CE (clocked by clk_out2_pll). Large setup violations at the end of those stages might be difficult to fix during the post-placement implementation flow and could be the result of non-optimal XDC constraints or non-optimal design architecture
Related violations: <none>

TIMING-16#860 Warning
Large setup violation  
There is a large setup violation of -2.127 ns between student_top_inst/Core_cpu/u_core/u_backend/u_rename/srat_q_reg[21][5]/C (clocked by clk_out2_pll) and student_top_inst/Core_cpu/u_core/u_backend/dispatch_buffer_entry_q_reg[1][alloc_prd]/CE (clocked by clk_out2_pll). Large setup violations at the end of those stages might be difficult to fix during the post-placement implementation flow and could be the result of non-optimal XDC constraints or non-optimal design architecture
Related violations: <none>

TIMING-16#861 Warning
Large setup violation  
There is a large setup violation of -2.128 ns between student_top_inst/Core_cpu/u_core/u_backend/u_rename/srat_q_reg[21][5]/C (clocked by clk_out2_pll) and student_top_inst/Core_cpu/u_core/u_backend/dispatch_buffer_entry_q_reg[0][old_prd][2]/CE (clocked by clk_out2_pll). Large setup violations at the end of those stages might be difficult to fix during the post-placement implementation flow and could be the result of non-optimal XDC constraints or non-optimal design architecture
Related violations: <none>

TIMING-16#862 Warning
Large setup violation  
There is a large setup violation of -2.128 ns between student_top_inst/Core_cpu/u_core/u_backend/u_rename/srat_q_reg[21][5]/C (clocked by clk_out2_pll) and student_top_inst/Core_cpu/u_core/u_backend/dispatch_buffer_entry_q_reg[0][uop][pc][9]/CE (clocked by clk_out2_pll). Large setup violations at the end of those stages might be difficult to fix during the post-placement implementation flow and could be the result of non-optimal XDC constraints or non-optimal design architecture
Related violations: <none>

TIMING-16#863 Warning
Large setup violation  
There is a large setup violation of -2.131 ns between student_top_inst/Core_cpu/u_core/u_backend/u_rename/srat_q_reg[21][5]/C (clocked by clk_out2_pll) and student_top_inst/Core_cpu/u_core/u_backend/dispatch_buffer_entry_q_reg[0][prs2][0]/CE (clocked by clk_out2_pll). Large setup violations at the end of those stages might be difficult to fix during the post-placement implementation flow and could be the result of non-optimal XDC constraints or non-optimal design architecture
Related violations: <none>

TIMING-16#864 Warning
Large setup violation  
There is a large setup violation of -2.131 ns between student_top_inst/Core_cpu/u_core/u_backend/u_rename/srat_q_reg[21][5]/C (clocked by clk_out2_pll) and student_top_inst/Core_cpu/u_core/u_backend/dispatch_buffer_entry_q_reg[0][uop][branch_op][0]/CE (clocked by clk_out2_pll). Large setup violations at the end of those stages might be difficult to fix during the post-placement implementation flow and could be the result of non-optimal XDC constraints or non-optimal design architecture
Related violations: <none>

TIMING-16#865 Warning
Large setup violation  
There is a large setup violation of -2.131 ns between student_top_inst/Core_cpu/u_core/u_backend/u_rename/srat_q_reg[21][5]/C (clocked by clk_out2_pll) and student_top_inst/Core_cpu/u_core/u_backend/dispatch_buffer_entry_q_reg[0][uop][csr_zimm][1]/CE (clocked by clk_out2_pll). Large setup violations at the end of those stages might be difficult to fix during the post-placement implementation flow and could be the result of non-optimal XDC constraints or non-optimal design architecture
Related violations: <none>

TIMING-16#866 Warning
Large setup violation  
There is a large setup violation of -2.133 ns between student_top_inst/Core_cpu/u_core/u_backend/u_rename/srat_q_reg[13][2]/C (clocked by clk_out2_pll) and student_top_inst/Core_cpu/u_core/u_backend/dispatch_buffer_entry_q_reg[0][uop][imm_j][16]/CE (clocked by clk_out2_pll). Large setup violations at the end of those stages might be difficult to fix during the post-placement implementation flow and could be the result of non-optimal XDC constraints or non-optimal design architecture
Related violations: <none>

TIMING-16#867 Warning
Large setup violation  
There is a large setup violation of -2.133 ns between student_top_inst/Core_cpu/u_core/u_backend/u_rename/srat_q_reg[13][2]/C (clocked by clk_out2_pll) and student_top_inst/Core_cpu/u_core/u_backend/dispatch_buffer_entry_q_reg[0][uop][imm_j][5]/CE (clocked by clk_out2_pll). Large setup violations at the end of those stages might be difficult to fix during the post-placement implementation flow and could be the result of non-optimal XDC constraints or non-optimal design architecture
Related violations: <none>

TIMING-16#868 Warning
Large setup violation  
There is a large setup violation of -2.133 ns between student_top_inst/Core_cpu/u_core/u_backend/u_rename/srat_q_reg[13][2]/C (clocked by clk_out2_pll) and student_top_inst/Core_cpu/u_core/u_backend/dispatch_buffer_entry_q_reg[0][uop][imm_s][22]/CE (clocked by clk_out2_pll). Large setup violations at the end of those stages might be difficult to fix during the post-placement implementation flow and could be the result of non-optimal XDC constraints or non-optimal design architecture
Related violations: <none>

TIMING-16#869 Warning
Large setup violation  
There is a large setup violation of -2.135 ns between student_top_inst/Core_cpu/u_core/u_backend/u_rename/srat_q_reg[21][5]/C (clocked by clk_out2_pll) and student_top_inst/Core_cpu/u_core/u_backend/dispatch_buffer_entry_q_reg[0][uop][pred_target][28]/CE (clocked by clk_out2_pll). Large setup violations at the end of those stages might be difficult to fix during the post-placement implementation flow and could be the result of non-optimal XDC constraints or non-optimal design architecture
Related violations: <none>

TIMING-16#870 Warning
Large setup violation  
There is a large setup violation of -2.135 ns between student_top_inst/Core_cpu/u_core/u_backend/u_rename/srat_q_reg[21][5]/C (clocked by clk_out2_pll) and student_top_inst/Core_cpu/u_core/u_backend/dispatch_buffer_entry_q_reg[0][uop][pred_target][29]/CE (clocked by clk_out2_pll). Large setup violations at the end of those stages might be difficult to fix during the post-placement implementation flow and could be the result of non-optimal XDC constraints or non-optimal design architecture
Related violations: <none>

TIMING-16#871 Warning
Large setup violation  
There is a large setup violation of -2.136 ns between student_top_inst/Core_cpu/u_core/u_backend/u_rename/srat_q_reg[21][5]/C (clocked by clk_out2_pll) and student_top_inst/Core_cpu/u_core/u_backend/dispatch_buffer_entry_q_reg[0][uop][imm_b][28]/CE (clocked by clk_out2_pll). Large setup violations at the end of those stages might be difficult to fix during the post-placement implementation flow and could be the result of non-optimal XDC constraints or non-optimal design architecture
Related violations: <none>

TIMING-16#872 Warning
Large setup violation  
There is a large setup violation of -2.136 ns between student_top_inst/Core_cpu/u_core/u_backend/u_rename/srat_q_reg[21][5]/C (clocked by clk_out2_pll) and student_top_inst/Core_cpu/u_core/u_backend/dispatch_buffer_entry_q_reg[0][uop][imm_j][17]/CE (clocked by clk_out2_pll). Large setup violations at the end of those stages might be difficult to fix during the post-placement implementation flow and could be the result of non-optimal XDC constraints or non-optimal design architecture
Related violations: <none>

TIMING-16#873 Warning
Large setup violation  
There is a large setup violation of -2.136 ns between student_top_inst/Core_cpu/u_core/u_backend/u_rename/srat_q_reg[21][5]/C (clocked by clk_out2_pll) and student_top_inst/Core_cpu/u_core/u_backend/dispatch_buffer_entry_q_reg[0][uop][imm_j][29]/CE (clocked by clk_out2_pll). Large setup violations at the end of those stages might be difficult to fix during the post-placement implementation flow and could be the result of non-optimal XDC constraints or non-optimal design architecture
Related violations: <none>

TIMING-16#874 Warning
Large setup violation  
There is a large setup violation of -2.137 ns between student_top_inst/Core_cpu/u_core/u_backend/u_rename/srat_q_reg[13][2]/C (clocked by clk_out2_pll) and student_top_inst/Core_cpu/u_core/u_backend/dispatch_buffer_entry_q_reg[0][uop][imm_i][23]/CE (clocked by clk_out2_pll). Large setup violations at the end of those stages might be difficult to fix during the post-placement implementation flow and could be the result of non-optimal XDC constraints or non-optimal design architecture
Related violations: <none>

TIMING-16#875 Warning
Large setup violation  
There is a large setup violation of -2.137 ns between student_top_inst/Core_cpu/u_core/u_backend/u_rename/srat_q_reg[13][2]/C (clocked by clk_out2_pll) and student_top_inst/Core_cpu/u_core/u_backend/dispatch_buffer_entry_q_reg[0][uop][imm_s][26]/CE (clocked by clk_out2_pll). Large setup violations at the end of those stages might be difficult to fix during the post-placement implementation flow and could be the result of non-optimal XDC constraints or non-optimal design architecture
Related violations: <none>

TIMING-16#876 Warning
Large setup violation  
There is a large setup violation of -2.137 ns between student_top_inst/Core_cpu/u_core/u_backend/u_rename/srat_q_reg[21][5]/C (clocked by clk_out2_pll) and student_top_inst/Core_cpu/u_core/u_backend/dispatch_buffer_entry_q_reg[1][uop][imm_b][1]/CE (clocked by clk_out2_pll). Large setup violations at the end of those stages might be difficult to fix during the post-placement implementation flow and could be the result of non-optimal XDC constraints or non-optimal design architecture
Related violations: <none>

TIMING-16#877 Warning
Large setup violation  
There is a large setup violation of -2.137 ns between student_top_inst/Core_cpu/u_core/u_backend/u_rename/srat_q_reg[21][5]/C (clocked by clk_out2_pll) and student_top_inst/Core_cpu/u_core/u_backend/dispatch_buffer_entry_q_reg[1][uop][imm_i][4]/CE (clocked by clk_out2_pll). Large setup violations at the end of those stages might be difficult to fix during the post-placement implementation flow and could be the result of non-optimal XDC constraints or non-optimal design architecture
Related violations: <none>

TIMING-16#878 Warning
Large setup violation  
There is a large setup violation of -2.138 ns between student_top_inst/Core_cpu/u_core/u_backend/u_rename/srat_q_reg[21][5]/C (clocked by clk_out2_pll) and student_top_inst/Core_cpu/u_core/u_backend/dispatch_buffer_entry_q_reg[0][prs1][5]/CE (clocked by clk_out2_pll). Large setup violations at the end of those stages might be difficult to fix during the post-placement implementation flow and could be the result of non-optimal XDC constraints or non-optimal design architecture
Related violations: <none>

TIMING-16#879 Warning
Large setup violation  
There is a large setup violation of -2.139 ns between student_top_inst/Core_cpu/u_core/u_backend/u_rename/srat_q_reg[21][5]/C (clocked by clk_out2_pll) and student_top_inst/Core_cpu/u_core/u_backend/dispatch_buffer_entry_q_reg[0][uop][is_serial]/CE (clocked by clk_out2_pll). Large setup violations at the end of those stages might be difficult to fix during the post-placement implementation flow and could be the result of non-optimal XDC constraints or non-optimal design architecture
Related violations: <none>

TIMING-16#880 Warning
Large setup violation  
There is a large setup violation of -2.140 ns between student_top_inst/Core_cpu/u_core/u_backend/u_rename/srat_q_reg[21][5]/C (clocked by clk_out2_pll) and student_top_inst/Core_cpu/u_core/u_backend/dispatch_buffer_entry_q_reg[0][uop][imm_i][0]/CE (clocked by clk_out2_pll). Large setup violations at the end of those stages might be difficult to fix during the post-placement implementation flow and could be the result of non-optimal XDC constraints or non-optimal design architecture
Related violations: <none>

TIMING-16#881 Warning
Large setup violation  
There is a large setup violation of -2.140 ns between student_top_inst/Core_cpu/u_core/u_backend/u_rename/srat_q_reg[21][5]/C (clocked by clk_out2_pll) and student_top_inst/Core_cpu/u_core/u_backend/dispatch_buffer_entry_q_reg[0][uop][imm_i][21]/CE (clocked by clk_out2_pll). Large setup violations at the end of those stages might be difficult to fix during the post-placement implementation flow and could be the result of non-optimal XDC constraints or non-optimal design architecture
Related violations: <none>

TIMING-16#882 Warning
Large setup violation  
There is a large setup violation of -2.140 ns between student_top_inst/Core_cpu/u_core/u_backend/u_rename/srat_q_reg[21][5]/C (clocked by clk_out2_pll) and student_top_inst/Core_cpu/u_core/u_backend/dispatch_buffer_entry_q_reg[0][uop][imm_i][9]/CE (clocked by clk_out2_pll). Large setup violations at the end of those stages might be difficult to fix during the post-placement implementation flow and could be the result of non-optimal XDC constraints or non-optimal design architecture
Related violations: <none>

TIMING-16#883 Warning
Large setup violation  
There is a large setup violation of -2.140 ns between student_top_inst/Core_cpu/u_core/u_backend/u_rename/srat_q_reg[21][5]/C (clocked by clk_out2_pll) and student_top_inst/Core_cpu/u_core/u_backend/dispatch_buffer_entry_q_reg[0][uop][imm_s][18]/CE (clocked by clk_out2_pll). Large setup violations at the end of those stages might be difficult to fix during the post-placement implementation flow and could be the result of non-optimal XDC constraints or non-optimal design architecture
Related violations: <none>

TIMING-16#884 Warning
Large setup violation  
There is a large setup violation of -2.140 ns between student_top_inst/Core_cpu/u_core/u_backend/u_rename/srat_q_reg[21][5]/C (clocked by clk_out2_pll) and student_top_inst/Core_cpu/u_core/u_backend/dispatch_buffer_entry_q_reg[0][uop][imm_u][17]/CE (clocked by clk_out2_pll). Large setup violations at the end of those stages might be difficult to fix during the post-placement implementation flow and could be the result of non-optimal XDC constraints or non-optimal design architecture
Related violations: <none>

TIMING-16#885 Warning
Large setup violation  
There is a large setup violation of -2.141 ns between student_top_inst/Core_cpu/u_core/u_backend/u_rename/srat_q_reg[21][5]/C (clocked by clk_out2_pll) and student_top_inst/Core_cpu/u_core/u_backend/dispatch_buffer_entry_q_reg[1][uop][imm_b][26]/CE (clocked by clk_out2_pll). Large setup violations at the end of those stages might be difficult to fix during the post-placement implementation flow and could be the result of non-optimal XDC constraints or non-optimal design architecture
Related violations: <none>

TIMING-16#886 Warning
Large setup violation  
There is a large setup violation of -2.141 ns between student_top_inst/Core_cpu/u_core/u_backend/u_rename/srat_q_reg[21][5]/C (clocked by clk_out2_pll) and student_top_inst/Core_cpu/u_core/u_backend/dispatch_buffer_entry_q_reg[1][uop][imm_b][27]/CE (clocked by clk_out2_pll). Large setup violations at the end of those stages might be difficult to fix during the post-placement implementation flow and could be the result of non-optimal XDC constraints or non-optimal design architecture
Related violations: <none>

TIMING-16#887 Warning
Large setup violation  
There is a large setup violation of -2.141 ns between student_top_inst/Core_cpu/u_core/u_backend/u_rename/srat_q_reg[21][5]/C (clocked by clk_out2_pll) and student_top_inst/Core_cpu/u_core/u_backend/dispatch_buffer_entry_q_reg[1][uop][imm_j][15]/CE (clocked by clk_out2_pll). Large setup violations at the end of those stages might be difficult to fix during the post-placement implementation flow and could be the result of non-optimal XDC constraints or non-optimal design architecture
Related violations: <none>

TIMING-16#888 Warning
Large setup violation  
There is a large setup violation of -2.143 ns between student_top_inst/Core_cpu/u_core/u_backend/u_rename/srat_q_reg[21][5]/C (clocked by clk_out2_pll) and student_top_inst/Core_cpu/u_core/u_backend/dispatch_buffer_entry_q_reg[0][uop][pc][5]/CE (clocked by clk_out2_pll). Large setup violations at the end of those stages might be difficult to fix during the post-placement implementation flow and could be the result of non-optimal XDC constraints or non-optimal design architecture
Related violations: <none>

TIMING-16#889 Warning
Large setup violation  
There is a large setup violation of -2.143 ns between student_top_inst/Core_cpu/u_core/u_backend/u_rename/srat_q_reg[21][5]/C (clocked by clk_out2_pll) and student_top_inst/Core_cpu/u_core/u_backend/dispatch_buffer_entry_q_reg[0][uop][pred_target][13]/CE (clocked by clk_out2_pll). Large setup violations at the end of those stages might be difficult to fix during the post-placement implementation flow and could be the result of non-optimal XDC constraints or non-optimal design architecture
Related violations: <none>

TIMING-16#890 Warning
Large setup violation  
There is a large setup violation of -2.144 ns between student_top_inst/Core_cpu/u_core/u_backend/u_rename/srat_q_reg[21][5]/C (clocked by clk_out2_pll) and student_top_inst/Core_cpu/u_core/u_backend/dispatch_buffer_entry_q_reg[0][uop][imm_u][24]/CE (clocked by clk_out2_pll). Large setup violations at the end of those stages might be difficult to fix during the post-placement implementation flow and could be the result of non-optimal XDC constraints or non-optimal design architecture
Related violations: <none>

TIMING-16#891 Warning
Large setup violation  
There is a large setup violation of -2.144 ns between student_top_inst/Core_cpu/u_core/u_backend/u_rename/srat_q_reg[21][5]/C (clocked by clk_out2_pll) and student_top_inst/Core_cpu/u_core/u_backend/dispatch_buffer_entry_q_reg[0][uop][inst][29]/CE (clocked by clk_out2_pll). Large setup violations at the end of those stages might be difficult to fix during the post-placement implementation flow and could be the result of non-optimal XDC constraints or non-optimal design architecture
Related violations: <none>

TIMING-16#892 Warning
Large setup violation  
There is a large setup violation of -2.145 ns between student_top_inst/Core_cpu/u_core/u_backend/u_rename/srat_q_reg[21][5]/C (clocked by clk_out2_pll) and student_top_inst/Core_cpu/u_core/u_backend/dispatch_buffer_entry_q_reg[0][uop][pc][12]/CE (clocked by clk_out2_pll). Large setup violations at the end of those stages might be difficult to fix during the post-placement implementation flow and could be the result of non-optimal XDC constraints or non-optimal design architecture
Related violations: <none>

TIMING-16#893 Warning
Large setup violation  
There is a large setup violation of -2.145 ns between student_top_inst/Core_cpu/u_core/u_backend/u_rename/srat_q_reg[21][5]/C (clocked by clk_out2_pll) and student_top_inst/Core_cpu/u_core/u_backend/dispatch_buffer_entry_q_reg[0][uop][pc][21]/CE (clocked by clk_out2_pll). Large setup violations at the end of those stages might be difficult to fix during the post-placement implementation flow and could be the result of non-optimal XDC constraints or non-optimal design architecture
Related violations: <none>

TIMING-16#894 Warning
Large setup violation  
There is a large setup violation of -2.145 ns between student_top_inst/Core_cpu/u_core/u_backend/u_rename/srat_q_reg[21][5]/C (clocked by clk_out2_pll) and student_top_inst/Core_cpu/u_core/u_backend/dispatch_buffer_entry_q_reg[0][uop][pc][31]/CE (clocked by clk_out2_pll). Large setup violations at the end of those stages might be difficult to fix during the post-placement implementation flow and could be the result of non-optimal XDC constraints or non-optimal design architecture
Related violations: <none>

TIMING-16#895 Warning
Large setup violation  
There is a large setup violation of -2.145 ns between student_top_inst/Core_cpu/u_core/u_backend/u_rename/srat_q_reg[21][5]/C (clocked by clk_out2_pll) and student_top_inst/Core_cpu/u_core/u_backend/dispatch_buffer_entry_q_reg[1][uop][exception_cause][1]/CE (clocked by clk_out2_pll). Large setup violations at the end of those stages might be difficult to fix during the post-placement implementation flow and could be the result of non-optimal XDC constraints or non-optimal design architecture
Related violations: <none>

TIMING-16#896 Warning
Large setup violation  
There is a large setup violation of -2.146 ns between student_top_inst/Core_cpu/u_core/u_backend/u_rename/srat_q_reg[13][2]/C (clocked by clk_out2_pll) and student_top_inst/Core_cpu/u_core/u_backend/dispatch_buffer_entry_q_reg[0][uop][imm_j][1]/CE (clocked by clk_out2_pll). Large setup violations at the end of those stages might be difficult to fix during the post-placement implementation flow and could be the result of non-optimal XDC constraints or non-optimal design architecture
Related violations: <none>

TIMING-16#897 Warning
Large setup violation  
There is a large setup violation of -2.151 ns between student_top_inst/Core_cpu/u_core/u_backend/u_rename/srat_q_reg[21][5]/C (clocked by clk_out2_pll) and student_top_inst/Core_cpu/u_core/u_backend/dispatch_buffer_entry_q_reg[1][uop][imm_i][27]/CE (clocked by clk_out2_pll). Large setup violations at the end of those stages might be difficult to fix during the post-placement implementation flow and could be the result of non-optimal XDC constraints or non-optimal design architecture
Related violations: <none>

TIMING-16#898 Warning
Large setup violation  
There is a large setup violation of -2.151 ns between student_top_inst/Core_cpu/u_core/u_backend/u_rename/srat_q_reg[21][5]/C (clocked by clk_out2_pll) and student_top_inst/Core_cpu/u_core/u_backend/dispatch_buffer_entry_q_reg[1][uop][imm_i][28]/CE (clocked by clk_out2_pll). Large setup violations at the end of those stages might be difficult to fix during the post-placement implementation flow and could be the result of non-optimal XDC constraints or non-optimal design architecture
Related violations: <none>

TIMING-16#899 Warning
Large setup violation  
There is a large setup violation of -2.153 ns between student_top_inst/Core_cpu/u_core/u_backend/u_rename/srat_q_reg[21][5]/C (clocked by clk_out2_pll) and student_top_inst/Core_cpu/u_core/u_backend/dispatch_buffer_entry_q_reg[1][uop][alu_op][3]/CE (clocked by clk_out2_pll). Large setup violations at the end of those stages might be difficult to fix during the post-placement implementation flow and could be the result of non-optimal XDC constraints or non-optimal design architecture
Related violations: <none>

TIMING-16#900 Warning
Large setup violation  
There is a large setup violation of -2.153 ns between student_top_inst/Core_cpu/u_core/u_backend/u_rename/srat_q_reg[21][5]/C (clocked by clk_out2_pll) and student_top_inst/Core_cpu/u_core/u_backend/dispatch_buffer_entry_q_reg[1][uop][csr_addr][2]/CE (clocked by clk_out2_pll). Large setup violations at the end of those stages might be difficult to fix during the post-placement implementation flow and could be the result of non-optimal XDC constraints or non-optimal design architecture
Related violations: <none>

TIMING-16#901 Warning
Large setup violation  
There is a large setup violation of -2.154 ns between student_top_inst/Core_cpu/u_core/u_backend/u_rename/srat_q_reg[13][2]/C (clocked by clk_out2_pll) and student_top_inst/Core_cpu/u_core/u_backend/dispatch_buffer_entry_q_reg[0][uop][imm_i][29]/CE (clocked by clk_out2_pll). Large setup violations at the end of those stages might be difficult to fix during the post-placement implementation flow and could be the result of non-optimal XDC constraints or non-optimal design architecture
Related violations: <none>

TIMING-16#902 Warning
Large setup violation  
There is a large setup violation of -2.154 ns between student_top_inst/Core_cpu/u_core/u_backend/u_rename/srat_q_reg[13][2]/C (clocked by clk_out2_pll) and student_top_inst/Core_cpu/u_core/u_backend/dispatch_buffer_entry_q_reg[0][uop][imm_j][28]/CE (clocked by clk_out2_pll). Large setup violations at the end of those stages might be difficult to fix during the post-placement implementation flow and could be the result of non-optimal XDC constraints or non-optimal design architecture
Related violations: <none>

TIMING-16#903 Warning
Large setup violation  
There is a large setup violation of -2.154 ns between student_top_inst/Core_cpu/u_core/u_backend/u_rename/srat_q_reg[13][2]/C (clocked by clk_out2_pll) and student_top_inst/Core_cpu/u_core/u_backend/dispatch_buffer_entry_q_reg[0][uop][imm_j][2]/CE (clocked by clk_out2_pll). Large setup violations at the end of those stages might be difficult to fix during the post-placement implementation flow and could be the result of non-optimal XDC constraints or non-optimal design architecture
Related violations: <none>

TIMING-16#904 Warning
Large setup violation  
There is a large setup violation of -2.155 ns between student_top_inst/Core_cpu/u_core/u_backend/u_rename/srat_q_reg[21][5]/C (clocked by clk_out2_pll) and student_top_inst/Core_cpu/u_core/u_backend/dispatch_buffer_entry_q_reg[0][uop][pc][11]/CE (clocked by clk_out2_pll). Large setup violations at the end of those stages might be difficult to fix during the post-placement implementation flow and could be the result of non-optimal XDC constraints or non-optimal design architecture
Related violations: <none>

TIMING-16#905 Warning
Large setup violation  
There is a large setup violation of -2.155 ns between student_top_inst/Core_cpu/u_core/u_backend/u_rename/srat_q_reg[21][5]/C (clocked by clk_out2_pll) and student_top_inst/Core_cpu/u_core/u_backend/dispatch_buffer_entry_q_reg[0][uop][pc][17]/CE (clocked by clk_out2_pll). Large setup violations at the end of those stages might be difficult to fix during the post-placement implementation flow and could be the result of non-optimal XDC constraints or non-optimal design architecture
Related violations: <none>

TIMING-16#906 Warning
Large setup violation  
There is a large setup violation of -2.155 ns between student_top_inst/Core_cpu/u_core/u_backend/u_rename/srat_q_reg[21][5]/C (clocked by clk_out2_pll) and student_top_inst/Core_cpu/u_core/u_backend/dispatch_buffer_entry_q_reg[0][uop][pc][19]/CE (clocked by clk_out2_pll). Large setup violations at the end of those stages might be difficult to fix during the post-placement implementation flow and could be the result of non-optimal XDC constraints or non-optimal design architecture
Related violations: <none>

TIMING-16#907 Warning
Large setup violation  
There is a large setup violation of -2.156 ns between student_top_inst/Core_cpu/u_core/u_backend/u_rename/srat_q_reg[21][5]/C (clocked by clk_out2_pll) and student_top_inst/Core_cpu/u_core/u_backend/dispatch_buffer_entry_q_reg[1][uop][imm_b][18]/CE (clocked by clk_out2_pll). Large setup violations at the end of those stages might be difficult to fix during the post-placement implementation flow and could be the result of non-optimal XDC constraints or non-optimal design architecture
Related violations: <none>

TIMING-16#908 Warning
Large setup violation  
There is a large setup violation of -2.156 ns between student_top_inst/Core_cpu/u_core/u_backend/u_rename/srat_q_reg[21][5]/C (clocked by clk_out2_pll) and student_top_inst/Core_cpu/u_core/u_backend/dispatch_buffer_entry_q_reg[1][uop][imm_b][19]/CE (clocked by clk_out2_pll). Large setup violations at the end of those stages might be difficult to fix during the post-placement implementation flow and could be the result of non-optimal XDC constraints or non-optimal design architecture
Related violations: <none>

TIMING-16#909 Warning
Large setup violation  
There is a large setup violation of -2.156 ns between student_top_inst/Core_cpu/u_core/u_backend/u_rename/srat_q_reg[21][5]/C (clocked by clk_out2_pll) and student_top_inst/Core_cpu/u_core/u_backend/dispatch_buffer_entry_q_reg[1][uop][imm_b][28]/CE (clocked by clk_out2_pll). Large setup violations at the end of those stages might be difficult to fix during the post-placement implementation flow and could be the result of non-optimal XDC constraints or non-optimal design architecture
Related violations: <none>

TIMING-16#910 Warning
Large setup violation  
There is a large setup violation of -2.156 ns between student_top_inst/Core_cpu/u_core/u_backend/u_rename/srat_q_reg[21][5]/C (clocked by clk_out2_pll) and student_top_inst/Core_cpu/u_core/u_backend/dispatch_buffer_entry_q_reg[1][uop][imm_b][29]/CE (clocked by clk_out2_pll). Large setup violations at the end of those stages might be difficult to fix during the post-placement implementation flow and could be the result of non-optimal XDC constraints or non-optimal design architecture
Related violations: <none>

TIMING-16#911 Warning
Large setup violation  
There is a large setup violation of -2.156 ns between student_top_inst/Core_cpu/u_core/u_backend/u_rename/srat_q_reg[21][5]/C (clocked by clk_out2_pll) and student_top_inst/Core_cpu/u_core/u_backend/dispatch_buffer_entry_q_reg[1][uop][imm_j][12]/CE (clocked by clk_out2_pll). Large setup violations at the end of those stages might be difficult to fix during the post-placement implementation flow and could be the result of non-optimal XDC constraints or non-optimal design architecture
Related violations: <none>

TIMING-16#912 Warning
Large setup violation  
There is a large setup violation of -2.162 ns between student_top_inst/Core_cpu/u_core/u_backend/u_rename/srat_q_reg[13][2]/C (clocked by clk_out2_pll) and student_top_inst/Core_cpu/u_core/u_backend/dispatch_buffer_entry_q_reg[0][uop][imm_i][15]/CE (clocked by clk_out2_pll). Large setup violations at the end of those stages might be difficult to fix during the post-placement implementation flow and could be the result of non-optimal XDC constraints or non-optimal design architecture
Related violations: <none>

TIMING-16#913 Warning
Large setup violation  
There is a large setup violation of -2.162 ns between student_top_inst/Core_cpu/u_core/u_backend/u_rename/srat_q_reg[13][2]/C (clocked by clk_out2_pll) and student_top_inst/Core_cpu/u_core/u_backend/dispatch_buffer_entry_q_reg[0][uop][imm_i][18]/CE (clocked by clk_out2_pll). Large setup violations at the end of those stages might be difficult to fix during the post-placement implementation flow and could be the result of non-optimal XDC constraints or non-optimal design architecture
Related violations: <none>

TIMING-16#914 Warning
Large setup violation  
There is a large setup violation of -2.162 ns between student_top_inst/Core_cpu/u_core/u_backend/u_rename/srat_q_reg[13][2]/C (clocked by clk_out2_pll) and student_top_inst/Core_cpu/u_core/u_backend/dispatch_buffer_entry_q_reg[0][uop][imm_s][13]/CE (clocked by clk_out2_pll). Large setup violations at the end of those stages might be difficult to fix during the post-placement implementation flow and could be the result of non-optimal XDC constraints or non-optimal design architecture
Related violations: <none>

TIMING-16#915 Warning
Large setup violation  
There is a large setup violation of -2.165 ns between student_top_inst/Core_cpu/u_core/u_backend/u_rename/srat_q_reg[13][2]/C (clocked by clk_out2_pll) and student_top_inst/Core_cpu/u_core/u_backend/dispatch_buffer_entry_q_reg[0][uop][imm_i][12]/CE (clocked by clk_out2_pll). Large setup violations at the end of those stages might be difficult to fix during the post-placement implementation flow and could be the result of non-optimal XDC constraints or non-optimal design architecture
Related violations: <none>

TIMING-16#916 Warning
Large setup violation  
There is a large setup violation of -2.166 ns between student_top_inst/Core_cpu/u_core/u_backend/u_rename/srat_q_reg[21][5]/C (clocked by clk_out2_pll) and student_top_inst/Core_cpu/u_core/u_backend/dispatch_buffer_entry_q_reg[0][old_prd][3]/CE (clocked by clk_out2_pll). Large setup violations at the end of those stages might be difficult to fix during the post-placement implementation flow and could be the result of non-optimal XDC constraints or non-optimal design architecture
Related violations: <none>

TIMING-16#917 Warning
Large setup violation  
There is a large setup violation of -2.166 ns between student_top_inst/Core_cpu/u_core/u_backend/u_rename/srat_q_reg[21][5]/C (clocked by clk_out2_pll) and student_top_inst/Core_cpu/u_core/u_backend/dispatch_buffer_entry_q_reg[0][uop][muldiv_op][3]/CE (clocked by clk_out2_pll). Large setup violations at the end of those stages might be difficult to fix during the post-placement implementation flow and could be the result of non-optimal XDC constraints or non-optimal design architecture
Related violations: <none>

TIMING-16#918 Warning
Large setup violation  
There is a large setup violation of -2.166 ns between student_top_inst/Core_cpu/u_core/u_backend/u_rename/srat_q_reg[21][5]/C (clocked by clk_out2_pll) and student_top_inst/Core_cpu/u_core/u_backend/dispatch_buffer_entry_q_reg[0][uop][pc][27]/CE (clocked by clk_out2_pll). Large setup violations at the end of those stages might be difficult to fix during the post-placement implementation flow and could be the result of non-optimal XDC constraints or non-optimal design architecture
Related violations: <none>

TIMING-16#919 Warning
Large setup violation  
There is a large setup violation of -2.166 ns between student_top_inst/Core_cpu/u_core/u_backend/u_rename/srat_q_reg[21][5]/C (clocked by clk_out2_pll) and student_top_inst/Core_cpu/u_core/u_backend/dispatch_buffer_entry_q_reg[1][uop][alu_op][1]/CE (clocked by clk_out2_pll). Large setup violations at the end of those stages might be difficult to fix during the post-placement implementation flow and could be the result of non-optimal XDC constraints or non-optimal design architecture
Related violations: <none>

TIMING-16#920 Warning
Large setup violation  
There is a large setup violation of -2.166 ns between student_top_inst/Core_cpu/u_core/u_backend/u_rename/srat_q_reg[21][5]/C (clocked by clk_out2_pll) and student_top_inst/Core_cpu/u_core/u_backend/dispatch_buffer_entry_q_reg[1][uop][csr_addr][11]/CE (clocked by clk_out2_pll). Large setup violations at the end of those stages might be difficult to fix during the post-placement implementation flow and could be the result of non-optimal XDC constraints or non-optimal design architecture
Related violations: <none>

TIMING-16#921 Warning
Large setup violation  
There is a large setup violation of -2.167 ns between student_top_inst/Core_cpu/u_core/u_backend/u_rename/srat_q_reg[21][5]/C (clocked by clk_out2_pll) and student_top_inst/Core_cpu/u_core/u_backend/dispatch_buffer_entry_q_reg[0][uop][rd][2]/CE (clocked by clk_out2_pll). Large setup violations at the end of those stages might be difficult to fix during the post-placement implementation flow and could be the result of non-optimal XDC constraints or non-optimal design architecture
Related violations: <none>

TIMING-16#922 Warning
Large setup violation  
There is a large setup violation of -2.167 ns between student_top_inst/Core_cpu/u_core/u_backend/u_rename/srat_q_reg[21][5]/C (clocked by clk_out2_pll) and student_top_inst/Core_cpu/u_core/u_backend/dispatch_buffer_entry_q_reg[0][uop][rs1][3]/CE (clocked by clk_out2_pll). Large setup violations at the end of those stages might be difficult to fix during the post-placement implementation flow and could be the result of non-optimal XDC constraints or non-optimal design architecture
Related violations: <none>

TIMING-16#923 Warning
Large setup violation  
There is a large setup violation of -2.167 ns between student_top_inst/Core_cpu/u_core/u_backend/u_rename/srat_q_reg[21][5]/C (clocked by clk_out2_pll) and student_top_inst/Core_cpu/u_core/u_backend/dispatch_buffer_entry_q_reg[0][uop][rs1][4]/CE (clocked by clk_out2_pll). Large setup violations at the end of those stages might be difficult to fix during the post-placement implementation flow and could be the result of non-optimal XDC constraints or non-optimal design architecture
Related violations: <none>

TIMING-16#924 Warning
Large setup violation  
There is a large setup violation of -2.169 ns between student_top_inst/Core_cpu/u_core/u_backend/u_rename/srat_q_reg[13][2]/C (clocked by clk_out2_pll) and student_top_inst/Core_cpu/u_core/u_backend/dispatch_buffer_entry_q_reg[0][uop][imm_i][31]/CE (clocked by clk_out2_pll). Large setup violations at the end of those stages might be difficult to fix during the post-placement implementation flow and could be the result of non-optimal XDC constraints or non-optimal design architecture
Related violations: <none>

TIMING-16#925 Warning
Large setup violation  
There is a large setup violation of -2.173 ns between student_top_inst/Core_cpu/u_core/u_backend/u_rename/srat_q_reg[21][5]/C (clocked by clk_out2_pll) and student_top_inst/Core_cpu/u_core/u_backend/dispatch_buffer_entry_q_reg[0][uop][inst][22]/CE (clocked by clk_out2_pll). Large setup violations at the end of those stages might be difficult to fix during the post-placement implementation flow and could be the result of non-optimal XDC constraints or non-optimal design architecture
Related violations: <none>

TIMING-16#926 Warning
Large setup violation  
There is a large setup violation of -2.173 ns between student_top_inst/Core_cpu/u_core/u_backend/u_rename/srat_q_reg[21][5]/C (clocked by clk_out2_pll) and student_top_inst/Core_cpu/u_core/u_backend/dispatch_buffer_entry_q_reg[0][uop][inst][23]/CE (clocked by clk_out2_pll). Large setup violations at the end of those stages might be difficult to fix during the post-placement implementation flow and could be the result of non-optimal XDC constraints or non-optimal design architecture
Related violations: <none>

TIMING-16#927 Warning
Large setup violation  
There is a large setup violation of -2.174 ns between student_top_inst/Core_cpu/u_core/u_backend/u_rename/srat_q_reg[13][2]/C (clocked by clk_out2_pll) and student_top_inst/Core_cpu/u_core/u_backend/dispatch_buffer_entry_q_reg[0][uop][imm_i][20]/CE (clocked by clk_out2_pll). Large setup violations at the end of those stages might be difficult to fix during the post-placement implementation flow and could be the result of non-optimal XDC constraints or non-optimal design architecture
Related violations: <none>

TIMING-16#928 Warning
Large setup violation  
There is a large setup violation of -2.174 ns between student_top_inst/Core_cpu/u_core/u_backend/u_rename/srat_q_reg[21][5]/C (clocked by clk_out2_pll) and student_top_inst/Core_cpu/u_core/u_backend/dispatch_buffer_entry_q_reg[1][uop][imm_b][2]/CE (clocked by clk_out2_pll). Large setup violations at the end of those stages might be difficult to fix during the post-placement implementation flow and could be the result of non-optimal XDC constraints or non-optimal design architecture
Related violations: <none>

TIMING-16#929 Warning
Large setup violation  
There is a large setup violation of -2.179 ns between student_top_inst/Core_cpu/u_core/u_backend/u_rename/srat_q_reg[13][2]/C (clocked by clk_out2_pll) and student_top_inst/Core_cpu/u_core/u_backend/dispatch_buffer_entry_q_reg[0][uop][imm_s][19]/CE (clocked by clk_out2_pll). Large setup violations at the end of those stages might be difficult to fix during the post-placement implementation flow and could be the result of non-optimal XDC constraints or non-optimal design architecture
Related violations: <none>

TIMING-16#930 Warning
Large setup violation  
There is a large setup violation of -2.179 ns between student_top_inst/Core_cpu/u_core/u_backend/u_rename/srat_q_reg[21][5]/C (clocked by clk_out2_pll) and student_top_inst/Core_cpu/u_core/u_backend/dispatch_buffer_entry_q_reg[1][uop][imm_i][13]/CE (clocked by clk_out2_pll). Large setup violations at the end of those stages might be difficult to fix during the post-placement implementation flow and could be the result of non-optimal XDC constraints or non-optimal design architecture
Related violations: <none>

TIMING-16#931 Warning
Large setup violation  
There is a large setup violation of -2.179 ns between student_top_inst/Core_cpu/u_core/u_backend/u_rename/srat_q_reg[21][5]/C (clocked by clk_out2_pll) and student_top_inst/Core_cpu/u_core/u_backend/dispatch_buffer_entry_q_reg[1][uop][imm_i][14]/CE (clocked by clk_out2_pll). Large setup violations at the end of those stages might be difficult to fix during the post-placement implementation flow and could be the result of non-optimal XDC constraints or non-optimal design architecture
Related violations: <none>

TIMING-16#932 Warning
Large setup violation  
There is a large setup violation of -2.181 ns between student_top_inst/Core_cpu/u_core/u_backend/u_rename/srat_q_reg[13][2]/C (clocked by clk_out2_pll) and student_top_inst/Core_cpu/u_core/u_backend/dispatch_buffer_entry_q_reg[0][uop][imm_j][18]/CE (clocked by clk_out2_pll). Large setup violations at the end of those stages might be difficult to fix during the post-placement implementation flow and could be the result of non-optimal XDC constraints or non-optimal design architecture
Related violations: <none>

TIMING-16#933 Warning
Large setup violation  
There is a large setup violation of -2.181 ns between student_top_inst/Core_cpu/u_core/u_backend/u_rename/srat_q_reg[13][2]/C (clocked by clk_out2_pll) and student_top_inst/Core_cpu/u_core/u_backend/dispatch_buffer_entry_q_reg[0][uop][imm_j][19]/CE (clocked by clk_out2_pll). Large setup violations at the end of those stages might be difficult to fix during the post-placement implementation flow and could be the result of non-optimal XDC constraints or non-optimal design architecture
Related violations: <none>

TIMING-16#934 Warning
Large setup violation  
There is a large setup violation of -2.181 ns between student_top_inst/Core_cpu/u_core/u_backend/u_rename/srat_q_reg[13][2]/C (clocked by clk_out2_pll) and student_top_inst/Core_cpu/u_core/u_backend/dispatch_buffer_entry_q_reg[0][uop][imm_j][24]/CE (clocked by clk_out2_pll). Large setup violations at the end of those stages might be difficult to fix during the post-placement implementation flow and could be the result of non-optimal XDC constraints or non-optimal design architecture
Related violations: <none>

TIMING-16#935 Warning
Large setup violation  
There is a large setup violation of -2.181 ns between student_top_inst/Core_cpu/u_core/u_backend/u_rename/srat_q_reg[13][2]/C (clocked by clk_out2_pll) and student_top_inst/Core_cpu/u_core/u_backend/dispatch_buffer_entry_q_reg[0][uop][imm_j][9]/CE (clocked by clk_out2_pll). Large setup violations at the end of those stages might be difficult to fix during the post-placement implementation flow and could be the result of non-optimal XDC constraints or non-optimal design architecture
Related violations: <none>

TIMING-16#936 Warning
Large setup violation  
There is a large setup violation of -2.183 ns between student_top_inst/Core_cpu/u_core/u_backend/u_rename/srat_q_reg[21][5]/C (clocked by clk_out2_pll) and student_top_inst/Core_cpu/u_core/u_backend/dispatch_buffer_entry_q_reg[0][uop][pred_target][22]/CE (clocked by clk_out2_pll). Large setup violations at the end of those stages might be difficult to fix during the post-placement implementation flow and could be the result of non-optimal XDC constraints or non-optimal design architecture
Related violations: <none>

TIMING-16#937 Warning
Large setup violation  
There is a large setup violation of -2.184 ns between student_top_inst/Core_cpu/u_core/u_backend/u_rename/srat_q_reg[13][2]/C (clocked by clk_out2_pll) and student_top_inst/Core_cpu/u_core/u_backend/dispatch_buffer_entry_q_reg[0][uop][imm_b][21]/CE (clocked by clk_out2_pll). Large setup violations at the end of those stages might be difficult to fix during the post-placement implementation flow and could be the result of non-optimal XDC constraints or non-optimal design architecture
Related violations: <none>

TIMING-16#938 Warning
Large setup violation  
There is a large setup violation of -2.185 ns between student_top_inst/Core_cpu/u_core/u_backend/u_rename/srat_q_reg[13][2]/C (clocked by clk_out2_pll) and student_top_inst/Core_cpu/u_core/u_backend/dispatch_buffer_entry_q_reg[0][uop][imm_s][12]/CE (clocked by clk_out2_pll). Large setup violations at the end of those stages might be difficult to fix during the post-placement implementation flow and could be the result of non-optimal XDC constraints or non-optimal design architecture
Related violations: <none>

TIMING-16#939 Warning
Large setup violation  
There is a large setup violation of -2.185 ns between student_top_inst/Core_cpu/u_core/u_backend/u_rename/srat_q_reg[13][2]/C (clocked by clk_out2_pll) and student_top_inst/Core_cpu/u_core/u_backend/dispatch_buffer_entry_q_reg[0][uop][imm_s][30]/CE (clocked by clk_out2_pll). Large setup violations at the end of those stages might be difficult to fix during the post-placement implementation flow and could be the result of non-optimal XDC constraints or non-optimal design architecture
Related violations: <none>

TIMING-16#940 Warning
Large setup violation  
There is a large setup violation of -2.185 ns between student_top_inst/Core_cpu/u_core/u_backend/u_rename/srat_q_reg[21][5]/C (clocked by clk_out2_pll) and student_top_inst/Core_cpu/u_core/u_backend/dispatch_buffer_entry_q_reg[1][uop][csr_addr][7]/CE (clocked by clk_out2_pll). Large setup violations at the end of those stages might be difficult to fix during the post-placement implementation flow and could be the result of non-optimal XDC constraints or non-optimal design architecture
Related violations: <none>

TIMING-16#941 Warning
Large setup violation  
There is a large setup violation of -2.190 ns between student_top_inst/Core_cpu/u_core/u_backend/u_rename/srat_q_reg[21][5]/C (clocked by clk_out2_pll) and student_top_inst/Core_cpu/u_core/u_backend/dispatch_buffer_entry_q_reg[0][uop][inst][0]/CE (clocked by clk_out2_pll). Large setup violations at the end of those stages might be difficult to fix during the post-placement implementation flow and could be the result of non-optimal XDC constraints or non-optimal design architecture
Related violations: <none>

TIMING-16#942 Warning
Large setup violation  
There is a large setup violation of -2.190 ns between student_top_inst/Core_cpu/u_core/u_backend/u_rename/srat_q_reg[21][5]/C (clocked by clk_out2_pll) and student_top_inst/Core_cpu/u_core/u_backend/dispatch_buffer_entry_q_reg[0][uop][inst][2]/CE (clocked by clk_out2_pll). Large setup violations at the end of those stages might be difficult to fix during the post-placement implementation flow and could be the result of non-optimal XDC constraints or non-optimal design architecture
Related violations: <none>

TIMING-16#943 Warning
Large setup violation  
There is a large setup violation of -2.196 ns between student_top_inst/Core_cpu/u_core/u_backend/u_rename/srat_q_reg[21][5]/C (clocked by clk_out2_pll) and student_top_inst/Core_cpu/u_core/u_backend/dispatch_buffer_entry_q_reg[1][uop][exception_cause][0]/CE (clocked by clk_out2_pll). Large setup violations at the end of those stages might be difficult to fix during the post-placement implementation flow and could be the result of non-optimal XDC constraints or non-optimal design architecture
Related violations: <none>

TIMING-16#944 Warning
Large setup violation  
There is a large setup violation of -2.197 ns between student_top_inst/Core_cpu/u_core/u_backend/u_rename/srat_q_reg[21][5]/C (clocked by clk_out2_pll) and student_top_inst/Core_cpu/u_core/u_backend/dispatch_buffer_entry_q_reg[1][uop][exception_cause][3]/CE (clocked by clk_out2_pll). Large setup violations at the end of those stages might be difficult to fix during the post-placement implementation flow and could be the result of non-optimal XDC constraints or non-optimal design architecture
Related violations: <none>

TIMING-16#945 Warning
Large setup violation  
There is a large setup violation of -2.197 ns between student_top_inst/Core_cpu/u_core/u_backend/u_rename/srat_q_reg[21][5]/C (clocked by clk_out2_pll) and student_top_inst/Core_cpu/u_core/u_backend/dispatch_buffer_entry_q_reg[1][uop][imm_i][15]/CE (clocked by clk_out2_pll). Large setup violations at the end of those stages might be difficult to fix during the post-placement implementation flow and could be the result of non-optimal XDC constraints or non-optimal design architecture
Related violations: <none>

TIMING-16#946 Warning
Large setup violation  
There is a large setup violation of -2.197 ns between student_top_inst/Core_cpu/u_core/u_backend/u_rename/srat_q_reg[21][5]/C (clocked by clk_out2_pll) and student_top_inst/Core_cpu/u_core/u_backend/dispatch_buffer_entry_q_reg[1][uop][imm_i][16]/CE (clocked by clk_out2_pll). Large setup violations at the end of those stages might be difficult to fix during the post-placement implementation flow and could be the result of non-optimal XDC constraints or non-optimal design architecture
Related violations: <none>

TIMING-16#947 Warning
Large setup violation  
There is a large setup violation of -2.197 ns between student_top_inst/Core_cpu/u_core/u_backend/u_rename/srat_q_reg[21][5]/C (clocked by clk_out2_pll) and student_top_inst/Core_cpu/u_core/u_backend/dispatch_buffer_entry_q_reg[1][uop][imm_i][2]/CE (clocked by clk_out2_pll). Large setup violations at the end of those stages might be difficult to fix during the post-placement implementation flow and could be the result of non-optimal XDC constraints or non-optimal design architecture
Related violations: <none>

TIMING-16#948 Warning
Large setup violation  
There is a large setup violation of -2.197 ns between student_top_inst/Core_cpu/u_core/u_backend/u_rename/srat_q_reg[21][5]/C (clocked by clk_out2_pll) and student_top_inst/Core_cpu/u_core/u_backend/dispatch_buffer_entry_q_reg[1][uop][imm_i][7]/CE (clocked by clk_out2_pll). Large setup violations at the end of those stages might be difficult to fix during the post-placement implementation flow and could be the result of non-optimal XDC constraints or non-optimal design architecture
Related violations: <none>

TIMING-16#949 Warning
Large setup violation  
There is a large setup violation of -2.197 ns between student_top_inst/Core_cpu/u_core/u_backend/u_rename/srat_q_reg[21][5]/C (clocked by clk_out2_pll) and student_top_inst/Core_cpu/u_core/u_backend/dispatch_buffer_entry_q_reg[1][uop][imm_j][10]/CE (clocked by clk_out2_pll). Large setup violations at the end of those stages might be difficult to fix during the post-placement implementation flow and could be the result of non-optimal XDC constraints or non-optimal design architecture
Related violations: <none>

TIMING-16#950 Warning
Large setup violation  
There is a large setup violation of -2.197 ns between student_top_inst/Core_cpu/u_core/u_backend/u_rename/srat_q_reg[21][5]/C (clocked by clk_out2_pll) and student_top_inst/Core_cpu/u_core/u_backend/dispatch_buffer_entry_q_reg[1][uop][imm_j][16]/CE (clocked by clk_out2_pll). Large setup violations at the end of those stages might be difficult to fix during the post-placement implementation flow and could be the result of non-optimal XDC constraints or non-optimal design architecture
Related violations: <none>

TIMING-16#951 Warning
Large setup violation  
There is a large setup violation of -2.199 ns between student_top_inst/Core_cpu/u_core/u_backend/u_rename/srat_q_reg[21][5]/C (clocked by clk_out2_pll) and student_top_inst/Core_cpu/u_core/u_backend/dispatch_buffer_entry_q_reg[1][uop][imm_i][23]/CE (clocked by clk_out2_pll). Large setup violations at the end of those stages might be difficult to fix during the post-placement implementation flow and could be the result of non-optimal XDC constraints or non-optimal design architecture
Related violations: <none>

TIMING-16#952 Warning
Large setup violation  
There is a large setup violation of -2.199 ns between student_top_inst/Core_cpu/u_core/u_backend/u_rename/srat_q_reg[21][5]/C (clocked by clk_out2_pll) and student_top_inst/Core_cpu/u_core/u_backend/dispatch_buffer_entry_q_reg[1][uop][imm_i][24]/CE (clocked by clk_out2_pll). Large setup violations at the end of those stages might be difficult to fix during the post-placement implementation flow and could be the result of non-optimal XDC constraints or non-optimal design architecture
Related violations: <none>

TIMING-16#953 Warning
Large setup violation  
There is a large setup violation of -2.199 ns between student_top_inst/Core_cpu/u_core/u_backend/u_rename/srat_q_reg[21][5]/C (clocked by clk_out2_pll) and student_top_inst/Core_cpu/u_core/u_backend/dispatch_buffer_entry_q_reg[1][uop][imm_i][25]/CE (clocked by clk_out2_pll). Large setup violations at the end of those stages might be difficult to fix during the post-placement implementation flow and could be the result of non-optimal XDC constraints or non-optimal design architecture
Related violations: <none>

TIMING-16#954 Warning
Large setup violation  
There is a large setup violation of -2.199 ns between student_top_inst/Core_cpu/u_core/u_backend/u_rename/srat_q_reg[21][5]/C (clocked by clk_out2_pll) and student_top_inst/Core_cpu/u_core/u_backend/dispatch_buffer_entry_q_reg[1][uop][imm_i][26]/CE (clocked by clk_out2_pll). Large setup violations at the end of those stages might be difficult to fix during the post-placement implementation flow and could be the result of non-optimal XDC constraints or non-optimal design architecture
Related violations: <none>

TIMING-16#955 Warning
Large setup violation  
There is a large setup violation of -2.204 ns between student_top_inst/Core_cpu/u_core/u_backend/u_rename/srat_q_reg[21][5]/C (clocked by clk_out2_pll) and student_top_inst/Core_cpu/u_core/u_backend/dispatch_buffer_entry_q_reg[1][prs1][5]/CE (clocked by clk_out2_pll). Large setup violations at the end of those stages might be difficult to fix during the post-placement implementation flow and could be the result of non-optimal XDC constraints or non-optimal design architecture
Related violations: <none>

TIMING-16#956 Warning
Large setup violation  
There is a large setup violation of -2.204 ns between student_top_inst/Core_cpu/u_core/u_backend/u_rename/srat_q_reg[21][5]/C (clocked by clk_out2_pll) and student_top_inst/Core_cpu/u_core/u_backend/dispatch_buffer_entry_q_reg[1][prs2][1]/CE (clocked by clk_out2_pll). Large setup violations at the end of those stages might be difficult to fix during the post-placement implementation flow and could be the result of non-optimal XDC constraints or non-optimal design architecture
Related violations: <none>

TIMING-16#957 Warning
Large setup violation  
There is a large setup violation of -2.205 ns between student_top_inst/Core_cpu/u_core/u_backend/u_rename/srat_q_reg[21][5]/C (clocked by clk_out2_pll) and student_top_inst/Core_cpu/u_core/u_backend/dispatch_buffer_entry_q_reg[1][uop][csr_addr][6]/CE (clocked by clk_out2_pll). Large setup violations at the end of those stages might be difficult to fix during the post-placement implementation flow and could be the result of non-optimal XDC constraints or non-optimal design architecture
Related violations: <none>

TIMING-16#958 Warning
Large setup violation  
There is a large setup violation of -2.205 ns between student_top_inst/Core_cpu/u_core/u_backend/u_rename/srat_q_reg[21][5]/C (clocked by clk_out2_pll) and student_top_inst/Core_cpu/u_core/u_backend/dispatch_buffer_entry_q_reg[1][uop][imm_i][10]/CE (clocked by clk_out2_pll). Large setup violations at the end of those stages might be difficult to fix during the post-placement implementation flow and could be the result of non-optimal XDC constraints or non-optimal design architecture
Related violations: <none>

TIMING-16#959 Warning
Large setup violation  
There is a large setup violation of -2.205 ns between student_top_inst/Core_cpu/u_core/u_backend/u_rename/srat_q_reg[21][5]/C (clocked by clk_out2_pll) and student_top_inst/Core_cpu/u_core/u_backend/dispatch_buffer_entry_q_reg[1][uop][imm_i][19]/CE (clocked by clk_out2_pll). Large setup violations at the end of those stages might be difficult to fix during the post-placement implementation flow and could be the result of non-optimal XDC constraints or non-optimal design architecture
Related violations: <none>

TIMING-16#960 Warning
Large setup violation  
There is a large setup violation of -2.205 ns between student_top_inst/Core_cpu/u_core/u_backend/u_rename/srat_q_reg[21][5]/C (clocked by clk_out2_pll) and student_top_inst/Core_cpu/u_core/u_backend/dispatch_buffer_entry_q_reg[1][uop][imm_i][20]/CE (clocked by clk_out2_pll). Large setup violations at the end of those stages might be difficult to fix during the post-placement implementation flow and could be the result of non-optimal XDC constraints or non-optimal design architecture
Related violations: <none>

TIMING-16#961 Warning
Large setup violation  
There is a large setup violation of -2.205 ns between student_top_inst/Core_cpu/u_core/u_backend/u_rename/srat_q_reg[21][5]/C (clocked by clk_out2_pll) and student_top_inst/Core_cpu/u_core/u_backend/dispatch_buffer_entry_q_reg[1][uop][imm_i][8]/CE (clocked by clk_out2_pll). Large setup violations at the end of those stages might be difficult to fix during the post-placement implementation flow and could be the result of non-optimal XDC constraints or non-optimal design architecture
Related violations: <none>

TIMING-16#962 Warning
Large setup violation  
There is a large setup violation of -2.205 ns between student_top_inst/Core_cpu/u_core/u_backend/u_rename/srat_q_reg[21][5]/C (clocked by clk_out2_pll) and student_top_inst/Core_cpu/u_core/u_backend/dispatch_buffer_entry_q_reg[1][uop][imm_i][9]/CE (clocked by clk_out2_pll). Large setup violations at the end of those stages might be difficult to fix during the post-placement implementation flow and could be the result of non-optimal XDC constraints or non-optimal design architecture
Related violations: <none>

TIMING-16#963 Warning
Large setup violation  
There is a large setup violation of -2.207 ns between student_top_inst/Core_cpu/u_core/u_backend/u_rename/srat_q_reg[13][2]/C (clocked by clk_out2_pll) and student_top_inst/Core_cpu/u_core/u_backend/dispatch_buffer_entry_q_reg[0][uop][imm_j][31]/CE (clocked by clk_out2_pll). Large setup violations at the end of those stages might be difficult to fix during the post-placement implementation flow and could be the result of non-optimal XDC constraints or non-optimal design architecture
Related violations: <none>

TIMING-16#964 Warning
Large setup violation  
There is a large setup violation of -2.207 ns between student_top_inst/Core_cpu/u_core/u_backend/u_rename/srat_q_reg[13][2]/C (clocked by clk_out2_pll) and student_top_inst/Core_cpu/u_core/u_backend/dispatch_buffer_entry_q_reg[0][uop][imm_j][6]/CE (clocked by clk_out2_pll). Large setup violations at the end of those stages might be difficult to fix during the post-placement implementation flow and could be the result of non-optimal XDC constraints or non-optimal design architecture
Related violations: <none>

TIMING-16#965 Warning
Large setup violation  
There is a large setup violation of -2.207 ns between student_top_inst/Core_cpu/u_core/u_backend/u_rename/srat_q_reg[13][2]/C (clocked by clk_out2_pll) and student_top_inst/Core_cpu/u_core/u_backend/dispatch_buffer_entry_q_reg[0][uop][imm_s][17]/CE (clocked by clk_out2_pll). Large setup violations at the end of those stages might be difficult to fix during the post-placement implementation flow and could be the result of non-optimal XDC constraints or non-optimal design architecture
Related violations: <none>

TIMING-16#966 Warning
Large setup violation  
There is a large setup violation of -2.214 ns between student_top_inst/Core_cpu/u_core/u_backend/u_rename/srat_q_reg[13][2]/C (clocked by clk_out2_pll) and student_top_inst/Core_cpu/u_core/u_backend/dispatch_buffer_entry_q_reg[0][uop][imm_j][21]/CE (clocked by clk_out2_pll). Large setup violations at the end of those stages might be difficult to fix during the post-placement implementation flow and could be the result of non-optimal XDC constraints or non-optimal design architecture
Related violations: <none>

TIMING-16#967 Warning
Large setup violation  
There is a large setup violation of -2.214 ns between student_top_inst/Core_cpu/u_core/u_backend/u_rename/srat_q_reg[13][2]/C (clocked by clk_out2_pll) and student_top_inst/Core_cpu/u_core/u_backend/dispatch_buffer_entry_q_reg[0][uop][imm_j][26]/CE (clocked by clk_out2_pll). Large setup violations at the end of those stages might be difficult to fix during the post-placement implementation flow and could be the result of non-optimal XDC constraints or non-optimal design architecture
Related violations: <none>

TIMING-16#968 Warning
Large setup violation  
There is a large setup violation of -2.214 ns between student_top_inst/Core_cpu/u_core/u_backend/u_rename/srat_q_reg[13][2]/C (clocked by clk_out2_pll) and student_top_inst/Core_cpu/u_core/u_backend/dispatch_buffer_entry_q_reg[0][uop][imm_j][30]/CE (clocked by clk_out2_pll). Large setup violations at the end of those stages might be difficult to fix during the post-placement implementation flow and could be the result of non-optimal XDC constraints or non-optimal design architecture
Related violations: <none>

TIMING-16#969 Warning
Large setup violation  
There is a large setup violation of -2.231 ns between student_top_inst/Core_cpu/u_core/u_backend/u_rename/srat_q_reg[21][5]/C (clocked by clk_out2_pll) and student_top_inst/Core_cpu/u_core/u_backend/dispatch_buffer_entry_q_reg[0][uop][pc][23]/CE (clocked by clk_out2_pll). Large setup violations at the end of those stages might be difficult to fix during the post-placement implementation flow and could be the result of non-optimal XDC constraints or non-optimal design architecture
Related violations: <none>

TIMING-16#970 Warning
Large setup violation  
There is a large setup violation of -2.231 ns between student_top_inst/Core_cpu/u_core/u_backend/u_rename/srat_q_reg[21][5]/C (clocked by clk_out2_pll) and student_top_inst/Core_cpu/u_core/u_backend/dispatch_buffer_entry_q_reg[0][uop][pred_target][18]/CE (clocked by clk_out2_pll). Large setup violations at the end of those stages might be difficult to fix during the post-placement implementation flow and could be the result of non-optimal XDC constraints or non-optimal design architecture
Related violations: <none>

TIMING-16#971 Warning
Large setup violation  
There is a large setup violation of -2.233 ns between student_top_inst/Core_cpu/u_core/u_backend/u_rename/srat_q_reg[21][5]/C (clocked by clk_out2_pll) and student_top_inst/Core_cpu/u_core/u_backend/dispatch_buffer_entry_q_reg[1][uop][imm_b][11]/CE (clocked by clk_out2_pll). Large setup violations at the end of those stages might be difficult to fix during the post-placement implementation flow and could be the result of non-optimal XDC constraints or non-optimal design architecture
Related violations: <none>

TIMING-16#972 Warning
Large setup violation  
There is a large setup violation of -2.233 ns between student_top_inst/Core_cpu/u_core/u_backend/u_rename/srat_q_reg[21][5]/C (clocked by clk_out2_pll) and student_top_inst/Core_cpu/u_core/u_backend/dispatch_buffer_entry_q_reg[1][uop][imm_i][17]/CE (clocked by clk_out2_pll). Large setup violations at the end of those stages might be difficult to fix during the post-placement implementation flow and could be the result of non-optimal XDC constraints or non-optimal design architecture
Related violations: <none>

TIMING-16#973 Warning
Large setup violation  
There is a large setup violation of -2.233 ns between student_top_inst/Core_cpu/u_core/u_backend/u_rename/srat_q_reg[21][5]/C (clocked by clk_out2_pll) and student_top_inst/Core_cpu/u_core/u_backend/dispatch_buffer_entry_q_reg[1][uop][imm_i][18]/CE (clocked by clk_out2_pll). Large setup violations at the end of those stages might be difficult to fix during the post-placement implementation flow and could be the result of non-optimal XDC constraints or non-optimal design architecture
Related violations: <none>

TIMING-16#974 Warning
Large setup violation  
There is a large setup violation of -2.233 ns between student_top_inst/Core_cpu/u_core/u_backend/u_rename/srat_q_reg[21][5]/C (clocked by clk_out2_pll) and student_top_inst/Core_cpu/u_core/u_backend/dispatch_buffer_entry_q_reg[1][uop][imm_i][5]/CE (clocked by clk_out2_pll). Large setup violations at the end of those stages might be difficult to fix during the post-placement implementation flow and could be the result of non-optimal XDC constraints or non-optimal design architecture
Related violations: <none>

TIMING-16#975 Warning
Large setup violation  
There is a large setup violation of -2.235 ns between student_top_inst/Core_cpu/u_core/u_backend/u_rename/srat_q_reg[21][5]/C (clocked by clk_out2_pll) and student_top_inst/Core_cpu/u_core/u_backend/dispatch_buffer_entry_q_reg[1][old_prd][5]/CE (clocked by clk_out2_pll). Large setup violations at the end of those stages might be difficult to fix during the post-placement implementation flow and could be the result of non-optimal XDC constraints or non-optimal design architecture
Related violations: <none>

TIMING-16#976 Warning
Large setup violation  
There is a large setup violation of -2.248 ns between student_top_inst/Core_cpu/u_core/u_backend/u_rename/srat_q_reg[21][5]/C (clocked by clk_out2_pll) and student_top_inst/Core_cpu/u_core/u_backend/dispatch_buffer_entry_q_reg[0][prs2][2]/CE (clocked by clk_out2_pll). Large setup violations at the end of those stages might be difficult to fix during the post-placement implementation flow and could be the result of non-optimal XDC constraints or non-optimal design architecture
Related violations: <none>

TIMING-16#977 Warning
Large setup violation  
There is a large setup violation of -2.248 ns between student_top_inst/Core_cpu/u_core/u_backend/u_rename/srat_q_reg[21][5]/C (clocked by clk_out2_pll) and student_top_inst/Core_cpu/u_core/u_backend/dispatch_buffer_entry_q_reg[0][uop][csr_op][0]/CE (clocked by clk_out2_pll). Large setup violations at the end of those stages might be difficult to fix during the post-placement implementation flow and could be the result of non-optimal XDC constraints or non-optimal design architecture
Related violations: <none>

TIMING-16#978 Warning
Large setup violation  
There is a large setup violation of -2.261 ns between student_top_inst/Core_cpu/u_core/u_backend/u_rename/srat_q_reg[21][5]/C (clocked by clk_out2_pll) and student_top_inst/Core_cpu/u_core/u_backend/dispatch_buffer_entry_q_reg[1][old_prd][3]/CE (clocked by clk_out2_pll). Large setup violations at the end of those stages might be difficult to fix during the post-placement implementation flow and could be the result of non-optimal XDC constraints or non-optimal design architecture
Related violations: <none>

TIMING-16#979 Warning
Large setup violation  
There is a large setup violation of -2.261 ns between student_top_inst/Core_cpu/u_core/u_backend/u_rename/srat_q_reg[21][5]/C (clocked by clk_out2_pll) and student_top_inst/Core_cpu/u_core/u_backend/dispatch_buffer_entry_q_reg[1][old_prd][4]/CE (clocked by clk_out2_pll). Large setup violations at the end of those stages might be difficult to fix during the post-placement implementation flow and could be the result of non-optimal XDC constraints or non-optimal design architecture
Related violations: <none>

TIMING-16#980 Warning
Large setup violation  
There is a large setup violation of -2.279 ns between student_top_inst/Core_cpu/u_core/u_backend/u_rename/srat_q_reg[21][5]/C (clocked by clk_out2_pll) and student_top_inst/Core_cpu/u_core/u_backend/dispatch_buffer_entry_q_reg[0][uop][inst][14]/CE (clocked by clk_out2_pll). Large setup violations at the end of those stages might be difficult to fix during the post-placement implementation flow and could be the result of non-optimal XDC constraints or non-optimal design architecture
Related violations: <none>

TIMING-16#981 Warning
Large setup violation  
There is a large setup violation of -2.279 ns between student_top_inst/Core_cpu/u_core/u_backend/u_rename/srat_q_reg[21][5]/C (clocked by clk_out2_pll) and student_top_inst/Core_cpu/u_core/u_backend/dispatch_buffer_entry_q_reg[0][uop][inst][31]/CE (clocked by clk_out2_pll). Large setup violations at the end of those stages might be difficult to fix during the post-placement implementation flow and could be the result of non-optimal XDC constraints or non-optimal design architecture
Related violations: <none>

TIMING-16#982 Warning
Large setup violation  
There is a large setup violation of -2.281 ns between student_top_inst/Core_cpu/u_core/u_backend/u_rename/srat_q_reg[21][5]/C (clocked by clk_out2_pll) and student_top_inst/Core_cpu/u_core/u_backend/dispatch_buffer_entry_q_reg[0][uop][imm_s][23]/CE (clocked by clk_out2_pll). Large setup violations at the end of those stages might be difficult to fix during the post-placement implementation flow and could be the result of non-optimal XDC constraints or non-optimal design architecture
Related violations: <none>

TIMING-16#983 Warning
Large setup violation  
There is a large setup violation of -2.281 ns between student_top_inst/Core_cpu/u_core/u_backend/u_rename/srat_q_reg[21][5]/C (clocked by clk_out2_pll) and student_top_inst/Core_cpu/u_core/u_backend/dispatch_buffer_entry_q_reg[0][uop][imm_s][24]/CE (clocked by clk_out2_pll). Large setup violations at the end of those stages might be difficult to fix during the post-placement implementation flow and could be the result of non-optimal XDC constraints or non-optimal design architecture
Related violations: <none>

TIMING-16#984 Warning
Large setup violation  
There is a large setup violation of -2.282 ns between student_top_inst/Core_cpu/u_core/u_backend/u_rename/srat_q_reg[13][2]/C (clocked by clk_out2_pll) and student_top_inst/Core_cpu/u_core/u_backend/dispatch_buffer_entry_q_reg[0][uop][imm_j][12]/CE (clocked by clk_out2_pll). Large setup violations at the end of those stages might be difficult to fix during the post-placement implementation flow and could be the result of non-optimal XDC constraints or non-optimal design architecture
Related violations: <none>

TIMING-16#985 Warning
Large setup violation  
There is a large setup violation of -2.287 ns between student_top_inst/Core_cpu/u_core/u_backend/u_rename/srat_q_reg[21][5]/C (clocked by clk_out2_pll) and student_top_inst/Core_cpu/u_core/u_backend/dispatch_buffer_entry_q_reg[1][uop][imm_i][3]/CE (clocked by clk_out2_pll). Large setup violations at the end of those stages might be difficult to fix during the post-placement implementation flow and could be the result of non-optimal XDC constraints or non-optimal design architecture
Related violations: <none>

TIMING-16#986 Warning
Large setup violation  
There is a large setup violation of -2.287 ns between student_top_inst/Core_cpu/u_core/u_backend/u_rename/srat_q_reg[21][5]/C (clocked by clk_out2_pll) and student_top_inst/Core_cpu/u_core/u_backend/dispatch_buffer_entry_q_reg[1][uop][imm_j][13]/CE (clocked by clk_out2_pll). Large setup violations at the end of those stages might be difficult to fix during the post-placement implementation flow and could be the result of non-optimal XDC constraints or non-optimal design architecture
Related violations: <none>

TIMING-16#987 Warning
Large setup violation  
There is a large setup violation of -2.332 ns between student_top_inst/Core_cpu/u_core/u_backend/u_rename/srat_q_reg[21][5]/C (clocked by clk_out2_pll) and student_top_inst/Core_cpu/u_core/u_backend/dispatch_buffer_entry_q_reg[0][uop][imm_i][27]/CE (clocked by clk_out2_pll). Large setup violations at the end of those stages might be difficult to fix during the post-placement implementation flow and could be the result of non-optimal XDC constraints or non-optimal design architecture
Related violations: <none>

TIMING-16#988 Warning
Large setup violation  
There is a large setup violation of -2.332 ns between student_top_inst/Core_cpu/u_core/u_backend/u_rename/srat_q_reg[21][5]/C (clocked by clk_out2_pll) and student_top_inst/Core_cpu/u_core/u_backend/dispatch_buffer_entry_q_reg[0][uop][imm_s][11]/CE (clocked by clk_out2_pll). Large setup violations at the end of those stages might be difficult to fix during the post-placement implementation flow and could be the result of non-optimal XDC constraints or non-optimal design architecture
Related violations: <none>

TIMING-16#989 Warning
Large setup violation  
There is a large setup violation of -2.332 ns between student_top_inst/Core_cpu/u_core/u_backend/u_rename/srat_q_reg[21][5]/C (clocked by clk_out2_pll) and student_top_inst/Core_cpu/u_core/u_backend/dispatch_buffer_entry_q_reg[0][uop][imm_s][21]/CE (clocked by clk_out2_pll). Large setup violations at the end of those stages might be difficult to fix during the post-placement implementation flow and could be the result of non-optimal XDC constraints or non-optimal design architecture
Related violations: <none>

TIMING-16#990 Warning
Large setup violation  
There is a large setup violation of -2.344 ns between student_top_inst/Core_cpu/u_core/u_backend/u_rename/srat_q_reg[21][5]/C (clocked by clk_out2_pll) and student_top_inst/Core_cpu/u_core/u_backend/dispatch_buffer_entry_q_reg[0][uop][imm_s][14]/CE (clocked by clk_out2_pll). Large setup violations at the end of those stages might be difficult to fix during the post-placement implementation flow and could be the result of non-optimal XDC constraints or non-optimal design architecture
Related violations: <none>

TIMING-16#991 Warning
Large setup violation  
There is a large setup violation of -2.344 ns between student_top_inst/Core_cpu/u_core/u_backend/u_rename/srat_q_reg[21][5]/C (clocked by clk_out2_pll) and student_top_inst/Core_cpu/u_core/u_backend/dispatch_buffer_entry_q_reg[0][uop][imm_s][28]/CE (clocked by clk_out2_pll). Large setup violations at the end of those stages might be difficult to fix during the post-placement implementation flow and could be the result of non-optimal XDC constraints or non-optimal design architecture
Related violations: <none>

TIMING-16#992 Warning
Large setup violation  
There is a large setup violation of -2.345 ns between student_top_inst/Core_cpu/u_core/u_backend/u_rename/srat_q_reg[21][5]/C (clocked by clk_out2_pll) and student_top_inst/Core_cpu/u_core/u_backend/dispatch_buffer_entry_q_reg[0][uop][inst][9]/CE (clocked by clk_out2_pll). Large setup violations at the end of those stages might be difficult to fix during the post-placement implementation flow and could be the result of non-optimal XDC constraints or non-optimal design architecture
Related violations: <none>

TIMING-16#993 Warning
Large setup violation  
There is a large setup violation of -2.352 ns between student_top_inst/Core_cpu/u_core/u_backend/u_rename/srat_q_reg[21][5]/C (clocked by clk_out2_pll) and student_top_inst/Core_cpu/u_core/u_backend/dispatch_buffer_entry_q_reg[0][uop][imm_s][20]/CE (clocked by clk_out2_pll). Large setup violations at the end of those stages might be difficult to fix during the post-placement implementation flow and could be the result of non-optimal XDC constraints or non-optimal design architecture
Related violations: <none>

TIMING-16#994 Warning
Large setup violation  
There is a large setup violation of -2.352 ns between student_top_inst/Core_cpu/u_core/u_backend/u_rename/srat_q_reg[21][5]/C (clocked by clk_out2_pll) and student_top_inst/Core_cpu/u_core/u_backend/dispatch_buffer_entry_q_reg[0][uop][imm_s][29]/CE (clocked by clk_out2_pll). Large setup violations at the end of those stages might be difficult to fix during the post-placement implementation flow and could be the result of non-optimal XDC constraints or non-optimal design architecture
Related violations: <none>

TIMING-16#995 Warning
Large setup violation  
There is a large setup violation of -2.352 ns between student_top_inst/Core_cpu/u_core/u_backend/u_rename/srat_q_reg[21][5]/C (clocked by clk_out2_pll) and student_top_inst/Core_cpu/u_core/u_backend/dispatch_buffer_entry_q_reg[0][uop][imm_s][2]/CE (clocked by clk_out2_pll). Large setup violations at the end of those stages might be difficult to fix during the post-placement implementation flow and could be the result of non-optimal XDC constraints or non-optimal design architecture
Related violations: <none>

TIMING-16#996 Warning
Large setup violation  
There is a large setup violation of -2.404 ns between student_top_inst/Core_cpu/u_core/u_backend/u_rename/srat_q_reg[21][5]/C (clocked by clk_out2_pll) and student_top_inst/Core_cpu/u_core/u_backend/dispatch_buffer_entry_q_reg[0][uop][imm_s][31]/CE (clocked by clk_out2_pll). Large setup violations at the end of those stages might be difficult to fix during the post-placement implementation flow and could be the result of non-optimal XDC constraints or non-optimal design architecture
Related violations: <none>

TIMING-16#997 Warning
Large setup violation  
There is a large setup violation of -2.555 ns between student_top_inst/Core_cpu/u_core/u_backend/u_rename/srat_q_reg[21][5]/C (clocked by clk_out2_pll) and student_top_inst/Core_cpu/u_core/u_backend/dispatch_buffer_entry_q_reg[0][src1_ready]/D (clocked by clk_out2_pll). Large setup violations at the end of those stages might be difficult to fix during the post-placement implementation flow and could be the result of non-optimal XDC constraints or non-optimal design architecture
Related violations: <none>

TIMING-16#998 Warning
Large setup violation  
There is a large setup violation of -2.567 ns between student_top_inst/Core_cpu/u_core/u_backend/u_rename/srat_q_reg[13][2]/C (clocked by clk_out2_pll) and student_top_inst/Core_cpu/u_core/u_backend/dispatch_buffer_entry_q_reg[1][src2_ready]/D (clocked by clk_out2_pll). Large setup violations at the end of those stages might be difficult to fix during the post-placement implementation flow and could be the result of non-optimal XDC constraints or non-optimal design architecture
Related violations: <none>

TIMING-16#999 Warning
Large setup violation  
There is a large setup violation of -2.682 ns between student_top_inst/Core_cpu/u_core/u_backend/u_rename/srat_q_reg[13][2]/C (clocked by clk_out2_pll) and student_top_inst/Core_cpu/u_core/u_backend/dispatch_buffer_entry_q_reg[0][src2_ready]/D (clocked by clk_out2_pll). Large setup violations at the end of those stages might be difficult to fix during the post-placement implementation flow and could be the result of non-optimal XDC constraints or non-optimal design architecture
Related violations: <none>

TIMING-16#1000 Warning
Large setup violation  
There is a large setup violation of -2.832 ns between student_top_inst/Core_cpu/u_core/u_backend/u_rename/srat_q_reg[21][5]/C (clocked by clk_out2_pll) and student_top_inst/Core_cpu/u_core/u_backend/dispatch_buffer_entry_q_reg[1][src1_ready]/D (clocked by clk_out2_pll). Large setup violations at the end of those stages might be difficult to fix during the post-placement implementation flow and could be the result of non-optimal XDC constraints or non-optimal design architecture
Related violations: <none>

TIMING-28#1 Warning
Auto-derived clock referenced by a timing constraint  
The auto-derived clock clk_out1_pll is referenced by name inside timing constraint (see constraint position 3 in the Timing Constraint window in Vivado IDE). It is recommended to reference an auto-derived clock by the pin name attached to the clock: get_clocks -of_objects [get_pins pll_inst/inst/mmcm_adv_inst/CLKOUT0]
Related violations: <none>

TIMING-28#2 Warning
Auto-derived clock referenced by a timing constraint  
The auto-derived clock clk_out2_pll is referenced by name inside timing constraint (see constraint position 3 in the Timing Constraint window in Vivado IDE). It is recommended to reference an auto-derived clock by the pin name attached to the clock: get_clocks -of_objects [get_pins pll_inst/inst/mmcm_adv_inst/CLKOUT1]
Related violations: <none>

TIMING-47#1 Warning
False path, asynchronous clock group or max delay datapath only constraint between synchronous clocks  
A Clock Group timing constraint is set between synchronous clocks clk_out1_pll and clk_out2_pll (see constraint position 3 in the Timing Constraint window in Vivado IDE). Masking entire synchronous clock domains via  set_false_path, set_clock_groups or set_max_delay -datapath_only may result in failure in hardware.
Related violations: <none>

TIMING-47#2 Warning
False path, asynchronous clock group or max delay datapath only constraint between synchronous clocks  
A Clock Group timing constraint is set between synchronous clocks clk_out2_pll and clk_out1_pll (see constraint position 3 in the Timing Constraint window in Vivado IDE). Masking entire synchronous clock domains via  set_false_path, set_clock_groups or set_max_delay -datapath_only may result in failure in hardware.
Related violations: <none>


