Copyright 1986-2022 Xilinx, Inc. All Rights Reserved. Copyright 2022-2023 Advanced Micro Devices, Inc. All Rights Reserved.
---------------------------------------------------------------------------------------------------------------------------------------------
| Tool Version : Vivado v.2023.2 (win64) Build 4029153 Fri Oct 13 20:14:34 MDT 2023
| Date         : Sat Jul 11 22:27:23 2026
| Host         : LAPTOP-6CG4KN49 running 64-bit major release  (build 9200)
| Command      : report_control_sets -verbose -file top_control_sets_placed.rpt
| Design       : top
| Device       : xc7k325t
---------------------------------------------------------------------------------------------------------------------------------------------

Control Set Information

Table of Contents
-----------------
1. Summary
2. Histogram
3. Flip-Flop Distribution
4. Detailed Control Set Information

1. Summary
----------

+----------------------------------------------------------+-------+
|                          Status                          | Count |
+----------------------------------------------------------+-------+
| Total control sets                                       |   496 |
|    Minimum number of control sets                        |   496 |
|    Addition due to synthesis replication                 |     0 |
|    Addition due to physical synthesis replication        |     0 |
| Unused register locations in slices containing registers |   926 |
+----------------------------------------------------------+-------+
* Control sets can be merged at opt_design using control_set_merge or merge_equivalent_drivers
** Run report_qor_suggestions for automated merging and remapping suggestions


2. Histogram
------------

+--------------------+-------+
|       Fanout       | Count |
+--------------------+-------+
| Total control sets |   496 |
| >= 0 to < 4        |    14 |
| >= 4 to < 6        |    18 |
| >= 6 to < 8        |   102 |
| >= 8 to < 10       |    12 |
| >= 10 to < 12      |     5 |
| >= 12 to < 14      |     5 |
| >= 14 to < 16      |     1 |
| >= 16              |   339 |
+--------------------+-------+
* Control sets can be remapped at either synth_design or opt_design


3. Flip-Flop Distribution
-------------------------

+--------------+-----------------------+------------------------+-----------------+--------------+
| Clock Enable | Synchronous Set/Reset | Asynchronous Set/Reset | Total Registers | Total Slices |
+--------------+-----------------------+------------------------+-----------------+--------------+
| No           | No                    | No                     |            2262 |          851 |
| No           | No                    | Yes                    |            2514 |         1148 |
| No           | Yes                   | No                     |             463 |          148 |
| Yes          | No                    | No                     |           19003 |         9472 |
| Yes          | No                    | Yes                    |            1593 |          828 |
| Yes          | Yes                   | No                     |            1751 |          856 |
+--------------+-----------------------+------------------------+-----------------+--------------+


4. Detailed Control Set Information
-----------------------------------

+-------------------------+--------------------------------------------------------------------------------------------------------------------------------------------------+-----------------------------------------------------------------------------------------------------------------+------------------+----------------+--------------+
|       Clock Signal      |                                                                   Enable Signal                                                                  |                                                 Set/Reset Signal                                                | Slice Load Count | Bel Load Count | Bels / Slice |
+-------------------------+--------------------------------------------------------------------------------------------------------------------------------------------------+-----------------------------------------------------------------------------------------------------------------+------------------+----------------+--------------+
|  pll_inst/inst/clk_out2 | student_top_inst/Core_cpu/u_core/u_backend/u_rob/entry_q[20][csr_wdata][31]_i_1_n_0                                                              | student_top_inst/Core_cpu/u_core/u_backend/u_rob/entry_q[20][redirect_pc][15]_i_1_n_0                           |                1 |              1 |         1.00 |
|  pll_inst/inst/clk_out2 | student_top_inst/Core_cpu/u_core/u_backend/u_rob/entry_q[25][exception_cause][31]_i_2_n_0                                                        | student_top_inst/Core_cpu/u_core/u_backend/u_rob/entry_q[25][csr_wdata][20]_i_1_n_0                             |                1 |              1 |         1.00 |
|  pll_inst/inst/clk_out1 | uart_inst/tx_i_1_n_0                                                                                                                             | rst_50m_sync                                                                                                    |                1 |              1 |         1.00 |
|  pll_inst/inst/clk_out2 | student_top_inst/Core_cpu/u_core/u_backend/u_rob/entry_q[19][csr_wdata][28]_i_1_n_0                                                              | student_top_inst/Core_cpu/u_core/u_backend/u_rob/entry_q[19][csr_addr][6]_i_1_n_0                               |                1 |              1 |         1.00 |
|  pll_inst/inst/clk_out2 | student_top_inst/Core_cpu/u_core/u_backend/u_rob/entry_q[18][csr_wdata][31]_i_1_n_0                                                              | student_top_inst/Core_cpu/u_core/u_backend/u_rob/entry_q[18][csr_addr][7]_i_1_n_0                               |                1 |              2 |         2.00 |
|  pll_inst/inst/clk_out2 | student_top_inst/Core_cpu/u_core/u_backend/u_rob/entry_q[15][csr_wdata][31]_i_1_n_0                                                              | student_top_inst/Core_cpu/u_core/u_backend/u_rob/entry_q[15][csr_addr][11]_i_1_n_0                              |                1 |              2 |         2.00 |
|  pll_inst/inst/clk_out2 | student_top_inst/Core_cpu/u_core/u_backend/u_rob/entry_q[29][csr_wdata][31]_i_1_n_0                                                              | student_top_inst/Core_cpu/u_core/u_backend/u_rob/entry_q[29][csr_addr][10]_i_1_n_0                              |                1 |              2 |         2.00 |
|  pll_inst/inst/clk_out2 | student_top_inst/Core_cpu/u_core/u_backend/u_rob/entry_q[27][exception_cause][31]_i_2_n_0                                                        | student_top_inst/Core_cpu/u_core/u_backend/u_rob/entry_q[27][redirect_pc][24]_i_1_n_0                           |                1 |              2 |         2.00 |
|  pll_inst/inst/clk_out2 | student_top_inst/Core_cpu/u_core/u_backend/u_rob/entry_q[26][exception_cause][31]_i_2_n_0                                                        | student_top_inst/Core_cpu/u_core/u_backend/u_rob/entry_q[26][csr_addr][5]_i_1_n_0                               |                2 |              2 |         1.00 |
|  pll_inst/inst/clk_out2 | student_top_inst/Core_cpu/u_core/u_backend/u_rob/entry_q[3][csr_wdata][31]_i_1_n_0                                                               | student_top_inst/Core_cpu/u_core/u_backend/u_rob/entry_q[3][csr_addr][10]_i_1_n_0                               |                1 |              2 |         2.00 |
|  pll_inst/inst/clk_out2 |                                                                                                                                                  | student_top_inst_i_1_n_0                                                                                        |                1 |              2 |         2.00 |
|  pll_inst/inst/clk_out2 | student_top_inst/Core_cpu/u_core/u_backend/u_rob/entry_q[24][exception_cause][31]_i_2_n_0                                                        | student_top_inst/Core_cpu/u_core/u_backend/u_rob/entry_q[24][csr_addr][7]_i_1_n_0                               |                2 |              3 |         1.50 |
|  pll_inst/inst/clk_out2 | student_top_inst/Core_cpu/u_core/u_backend/u_rob/entry_q[28][exception_cause][31]_i_2_n_0                                                        | student_top_inst/Core_cpu/u_core/u_backend/u_rob/entry_q[28][csr_wdata][20]_i_1_n_0                             |                3 |              3 |         1.00 |
|  pll_inst/inst/clk_out2 | student_top_inst/Core_cpu/u_core/u_backend/u_rob/entry_q[30][exception_cause][31]_i_2_n_0                                                        | student_top_inst/Core_cpu/u_core/u_backend/u_rob/entry_q[30][redirect_pc][20]_i_1_n_0                           |                1 |              3 |         3.00 |
|  pll_inst/inst/clk_out2 | student_top_inst/Core_cpu/u_core/u_backend/u_rob/entry_q[3][csr_wdata][31]_i_1_n_0                                                               | student_top_inst/Core_cpu/u_core/u_backend/u_rob/entry_q[3][redirect_pc][10]_i_1_n_0                            |                2 |              4 |         2.00 |
|  pll_inst/inst/clk_out2 | student_top_inst/Core_cpu/u_dcache/refill_issue_count_q[3]_i_1_n_0                                                                               | student_top_inst/cpu_rst_sync                                                                                   |                1 |              4 |         4.00 |
|  pll_inst/inst/clk_out1 | uart_inst/rx_bit_cnt                                                                                                                             | rst_50m_sync                                                                                                    |                1 |              4 |         4.00 |
|  pll_inst/inst/clk_out1 | uart_inst/tx_bit_cnt                                                                                                                             | rst_50m_sync                                                                                                    |                1 |              4 |         4.00 |
|  pll_inst/inst/clk_out2 | student_top_inst/Core_cpu/u_core/u_backend/dispatch_buffer_entry_q[2][uop][imm_j][19]_i_1_n_0                                                    | student_top_inst/Core_cpu/u_core/u_backend/dispatch_buffer_entry_q[2][uop][imm_j][4]_i_1_n_0                    |                2 |              4 |         2.00 |
|  pll_inst/inst/clk_out2 | student_top_inst/Core_cpu/u_core/u_backend/dispatch_buffer_entry_q[2][uop][imm_j][19]_i_1_n_0                                                    | student_top_inst/Core_cpu/u_core/u_backend/dispatch_buffer_entry_q[2][uop][imm_j][11]_i_1_n_0                   |                2 |              4 |         2.00 |
|  pll_inst/inst/clk_out2 | student_top_inst/Core_cpu/u_core/u_backend/dispatch_buffer_entry_q[2][uop][imm_j][19]_i_1_n_0                                                    | student_top_inst/Core_cpu/u_core/u_backend/dispatch_buffer_entry_q[2][uop][imm_j][3]_i_1_n_0                    |                2 |              4 |         2.00 |
|  pll_inst/inst/clk_out2 | student_top_inst/Core_cpu/u_core/u_backend/u_commit/p_0_in[12]                                                                                   | student_top_inst/cpu_rst_sync                                                                                   |                2 |              4 |         2.00 |
|  pll_inst/inst/clk_out2 | student_top_inst/Core_cpu/u_core/u_backend/dispatch_buffer_entry_q[2][uop][imm_j][19]_i_1_n_0                                                    | student_top_inst/Core_cpu/u_core/u_backend/dispatch_buffer_entry_q[2][uop][imm_j][1]_i_1_n_0                    |                1 |              4 |         4.00 |
|  pll_inst/inst/clk_out2 | student_top_inst/Core_cpu/u_core/u_bpu/ras_count_q                                                                                               | student_top_inst/cpu_rst_sync                                                                                   |                2 |              4 |         2.00 |
|  pll_inst/inst/clk_out2 | student_top_inst/Core_cpu/u_core/u_backend/u_rob/entry_q[0][csr_wdata][31]_i_1_n_0                                                               | student_top_inst/Core_cpu/u_core/u_backend/u_rob/entry_q[0][csr_addr][9]_i_1_n_0                                |                2 |              4 |         2.00 |
|  pll_inst/inst/clk_out2 | student_top_inst/mem_bridge/dram_req_valid                                                                                                       |                                                                                                                 |                4 |              4 |         1.00 |
|  pll_inst/inst/clk_out2 | student_top_inst/mem_bridge/dram_adapter/read_valid_d1                                                                                           |                                                                                                                 |                3 |              4 |         1.33 |
|  pll_inst/inst/clk_out2 | student_top_inst/Core_cpu/u_core/u_backend/dispatch_buffer_entry_q[2][uop][imm_j][19]_i_1_n_0                                                    | student_top_inst/Core_cpu/u_core/u_backend/dispatch_buffer_entry_q[2][uop][imm_j][2]_i_1_n_0                    |                3 |              4 |         1.33 |
|  pll_inst/inst/clk_out2 | student_top_inst/Core_cpu/u_core/u_backend/u_rob/entry_q[6][csr_wdata][31]_i_1_n_0                                                               | student_top_inst/Core_cpu/u_core/u_backend/u_rob/entry_q[6][redirect_pc][7]_i_1_n_0                             |                2 |              4 |         2.00 |
|  pll_inst/inst/clk_out1 | twin_controller_inst/send_cnt[4]_i_1_n_0                                                                                                         | rst_50m_sync                                                                                                    |                1 |              5 |         5.00 |
|  pll_inst/inst/clk_out2 | student_top_inst/Core_cpu/u_core/u_backend/u_rob/entry_q[5][csr_wdata][31]_i_1_n_0                                                               | student_top_inst/Core_cpu/u_core/u_backend/u_rob/entry_q[5][csr_addr][11]_i_1_n_0                               |                3 |              5 |         1.67 |
|  pll_inst/inst/clk_out2 | student_top_inst/Core_cpu/u_core/u_backend/u_rob/entry_q[9][csr_wdata][31]_i_1_n_0                                                               | student_top_inst/Core_cpu/u_core/u_backend/u_rob/entry_q[9][csr_addr][10]_i_1_n_0                               |                3 |              5 |         1.67 |
|  pll_inst/inst/clk_out2 | student_top_inst/Core_cpu/u_core/u_backend/u_rename/srat_q[4][5]_i_1_n_0                                                                         | student_top_inst/cpu_rst_sync                                                                                   |                5 |              6 |         1.20 |
|  pll_inst/inst/clk_out2 | student_top_inst/Core_cpu/u_core/u_backend/u_rename/srat_q[3][5]_i_1_n_0                                                                         | student_top_inst/cpu_rst_sync                                                                                   |                4 |              6 |         1.50 |
|  pll_inst/inst/clk_out2 | student_top_inst/Core_cpu/u_core/u_backend/u_rename/arat_q[24][5]_i_1_n_0                                                                        | student_top_inst/cpu_rst_sync                                                                                   |                2 |              6 |         3.00 |
|  pll_inst/inst/clk_out2 | student_top_inst/Core_cpu/u_core/u_backend/u_rename/srat_q[7][5]_i_1_n_0                                                                         | student_top_inst/cpu_rst_sync                                                                                   |                4 |              6 |         1.50 |
|  pll_inst/inst/clk_out2 | student_top_inst/Core_cpu/u_core/u_backend/u_rename/srat_q[9][5]_i_1_n_0                                                                         | student_top_inst/cpu_rst_sync                                                                                   |                4 |              6 |         1.50 |
|  pll_inst/inst/clk_out2 | student_top_inst/Core_cpu/u_core/u_backend/u_rename/srat_q[5][5]_i_1_n_0                                                                         | student_top_inst/cpu_rst_sync                                                                                   |                5 |              6 |         1.20 |
|  pll_inst/inst/clk_out2 | student_top_inst/Core_cpu/u_core/u_backend/u_rename/srat_q[8][5]_i_1_n_0                                                                         | student_top_inst/cpu_rst_sync                                                                                   |                3 |              6 |         2.00 |
|  pll_inst/inst/clk_out2 | student_top_inst/Core_cpu/u_core/u_backend/u_rename/srat_q[6][5]_i_1_n_0                                                                         | student_top_inst/cpu_rst_sync                                                                                   |                4 |              6 |         1.50 |
|  pll_inst/inst/clk_out2 | student_top_inst/Core_cpu/u_core/u_backend/dispatch_buffer_entry_q[2][uop][imm_j][19]_i_1_n_0                                                    | student_top_inst/Core_cpu/u_core/u_backend/dispatch_buffer_entry_q[2][uop][imm_j][10]_i_1_n_0                   |                2 |              6 |         3.00 |
|  pll_inst/inst/clk_out2 | student_top_inst/Core_cpu/u_core/u_backend/dispatch_buffer_entry_q[2][uop][imm_j][19]_i_1_n_0                                                    | student_top_inst/Core_cpu/u_core/u_backend/dispatch_buffer_entry_q[2][uop][imm_j][5]_i_1_n_0                    |                3 |              6 |         2.00 |
|  pll_inst/inst/clk_out2 | student_top_inst/Core_cpu/u_core/u_backend/u_rename/arat_q[28][5]_i_1_n_0                                                                        | student_top_inst/cpu_rst_sync                                                                                   |                3 |              6 |         2.00 |
|  pll_inst/inst/clk_out2 | student_top_inst/Core_cpu/u_core/u_backend/dispatch_buffer_entry_q[2][uop][imm_j][19]_i_1_n_0                                                    | student_top_inst/Core_cpu/u_core/u_backend/dispatch_buffer_entry_q[2][uop][imm_j][7]_i_1_n_0                    |                3 |              6 |         2.00 |
|  pll_inst/inst/clk_out2 | student_top_inst/Core_cpu/u_core/u_backend/dispatch_buffer_entry_q[2][uop][imm_j][19]_i_1_n_0                                                    | student_top_inst/Core_cpu/u_core/u_backend/dispatch_buffer_entry_q[2][uop][imm_j][6]_i_1_n_0                    |                2 |              6 |         3.00 |
|  pll_inst/inst/clk_out2 | student_top_inst/Core_cpu/u_core/u_backend/dispatch_buffer_entry_q[2][uop][imm_j][19]_i_1_n_0                                                    | student_top_inst/Core_cpu/u_core/u_backend/dispatch_buffer_entry_q[2][uop][imm_j][8]_i_1_n_0                    |                2 |              6 |         3.00 |
|  pll_inst/inst/clk_out2 | student_top_inst/Core_cpu/u_core/u_backend/dispatch_buffer_entry_q[2][uop][imm_j][19]_i_1_n_0                                                    | student_top_inst/Core_cpu/u_core/u_backend/dispatch_buffer_entry_q[2][uop][imm_j][9]_i_1_n_0                    |                2 |              6 |         3.00 |
|  pll_inst/inst/clk_out2 | student_top_inst/Core_cpu/u_core/u_backend/u_rename/arat_q[20][5]_i_1_n_0                                                                        | student_top_inst/cpu_rst_sync                                                                                   |                3 |              6 |         2.00 |
|  pll_inst/inst/clk_out2 | student_top_inst/Core_cpu/u_core/u_backend/u_rename/arat_q[22][5]_i_1_n_0                                                                        | student_top_inst/cpu_rst_sync                                                                                   |                3 |              6 |         2.00 |
|  pll_inst/inst/clk_out2 | student_top_inst/Core_cpu/u_core/u_backend/u_rename/arat_q[25][5]_i_1_n_0                                                                        | student_top_inst/cpu_rst_sync                                                                                   |                3 |              6 |         2.00 |
|  pll_inst/inst/clk_out2 | student_top_inst/Core_cpu/u_core/u_backend/u_rename/srat_q[31][5]_i_1_n_0                                                                        | student_top_inst/cpu_rst_sync                                                                                   |                3 |              6 |         2.00 |
|  pll_inst/inst/clk_out2 | student_top_inst/Core_cpu/u_core/u_backend/u_rename/srat_q[28][5]_i_1_n_0                                                                        | student_top_inst/cpu_rst_sync                                                                                   |                3 |              6 |         2.00 |
|  pll_inst/inst/clk_out2 | student_top_inst/Core_cpu/u_core/u_backend/u_rename/srat_q[30][5]_i_1_n_0                                                                        | student_top_inst/cpu_rst_sync                                                                                   |                5 |              6 |         1.20 |
|  pll_inst/inst/clk_out2 | student_top_inst/Core_cpu/u_core/u_backend/u_rename/srat_q[2][5]_i_1_n_0                                                                         | student_top_inst/cpu_rst_sync                                                                                   |                3 |              6 |         2.00 |
|  pll_inst/inst/clk_out2 | student_top_inst/Core_cpu/u_core/u_backend/u_rename/srat_q[27][5]_i_1_n_0                                                                        | student_top_inst/cpu_rst_sync                                                                                   |                4 |              6 |         1.50 |
|  pll_inst/inst/clk_out2 | student_top_inst/Core_cpu/u_core/u_backend/u_rename/srat_q[29][5]_i_1_n_0                                                                        | student_top_inst/cpu_rst_sync                                                                                   |                4 |              6 |         1.50 |
|  pll_inst/inst/clk_out2 | student_top_inst/Core_cpu/u_core/u_backend/u_rename/srat_q[25][5]_i_1_n_0                                                                        | student_top_inst/cpu_rst_sync                                                                                   |                4 |              6 |         1.50 |
|  pll_inst/inst/clk_out2 | student_top_inst/Core_cpu/u_core/u_backend/u_rename/srat_q[22][5]_i_1_n_0                                                                        | student_top_inst/cpu_rst_sync                                                                                   |                5 |              6 |         1.20 |
|  pll_inst/inst/clk_out2 | student_top_inst/Core_cpu/u_core/u_backend/u_rename/srat_q[23][5]_i_1_n_0                                                                        | student_top_inst/cpu_rst_sync                                                                                   |                3 |              6 |         2.00 |
|  pll_inst/inst/clk_out2 | student_top_inst/Core_cpu/u_core/u_backend/u_rename/srat_q[24][5]_i_1_n_0                                                                        | student_top_inst/cpu_rst_sync                                                                                   |                3 |              6 |         2.00 |
|  pll_inst/inst/clk_out2 | student_top_inst/Core_cpu/u_core/u_backend/u_rename/srat_q[21][5]_i_1_n_0                                                                        | student_top_inst/cpu_rst_sync                                                                                   |                5 |              6 |         1.20 |
|  pll_inst/inst/clk_out2 | student_top_inst/Core_cpu/u_core/u_backend/u_rename/srat_q[20][5]_i_1_n_0                                                                        | student_top_inst/cpu_rst_sync                                                                                   |                5 |              6 |         1.20 |
|  pll_inst/inst/clk_out2 | student_top_inst/Core_cpu/u_core/u_backend/u_rename/srat_q[19][5]_i_1_n_0                                                                        | student_top_inst/cpu_rst_sync                                                                                   |                4 |              6 |         1.50 |
|  pll_inst/inst/clk_out2 | student_top_inst/Core_cpu/u_core/u_backend/u_rename/srat_q[18][5]_i_1_n_0                                                                        | student_top_inst/cpu_rst_sync                                                                                   |                6 |              6 |         1.00 |
|  pll_inst/inst/clk_out2 | student_top_inst/Core_cpu/u_core/u_backend/u_rename/srat_q[17][5]_i_1_n_0                                                                        | student_top_inst/cpu_rst_sync                                                                                   |                5 |              6 |         1.20 |
|  pll_inst/inst/clk_out2 | student_top_inst/Core_cpu/u_core/u_backend/u_rename/srat_q[1][5]_i_1_n_0                                                                         | student_top_inst/cpu_rst_sync                                                                                   |                6 |              6 |         1.00 |
|  pll_inst/inst/clk_out2 | student_top_inst/Core_cpu/u_core/u_backend/u_rename/srat_q[14][5]_i_1_n_0                                                                        | student_top_inst/cpu_rst_sync                                                                                   |                3 |              6 |         2.00 |
|  pll_inst/inst/clk_out2 | student_top_inst/Core_cpu/u_core/u_backend/u_rename/srat_q[11][5]_i_1_n_0                                                                        | student_top_inst/cpu_rst_sync                                                                                   |                4 |              6 |         1.50 |
|  pll_inst/inst/clk_out2 | student_top_inst/Core_cpu/u_core/u_backend/u_rename/srat_q[16][5]_i_1_n_0                                                                        | student_top_inst/cpu_rst_sync                                                                                   |                4 |              6 |         1.50 |
|  pll_inst/inst/clk_out2 | student_top_inst/Core_cpu/u_core/u_backend/u_rename/srat_q[13][5]_i_1_n_0                                                                        | student_top_inst/cpu_rst_sync                                                                                   |                6 |              6 |         1.00 |
|  pll_inst/inst/clk_out2 | student_top_inst/Core_cpu/u_core/u_backend/u_rename/srat_q[10][5]_i_1_n_0                                                                        | student_top_inst/cpu_rst_sync                                                                                   |                5 |              6 |         1.20 |
|  pll_inst/inst/clk_out2 | student_top_inst/Core_cpu/u_core/u_backend/u_rename/srat_q[12][5]_i_1_n_0                                                                        | student_top_inst/cpu_rst_sync                                                                                   |                4 |              6 |         1.50 |
|  pll_inst/inst/clk_out2 | student_top_inst/Core_cpu/u_core/u_backend/u_rename/srat_q[15][5]_i_1_n_0                                                                        | student_top_inst/cpu_rst_sync                                                                                   |                4 |              6 |         1.50 |
|  pll_inst/inst/clk_out2 | student_top_inst/Core_cpu/u_core/u_backend/u_rename/arat_q[8][5]_i_1_n_0                                                                         | student_top_inst/cpu_rst_sync                                                                                   |                3 |              6 |         2.00 |
|  pll_inst/inst/clk_out2 | student_top_inst/Core_cpu/u_core/u_backend/u_rename/arat_q[7][5]_i_1_n_0                                                                         | student_top_inst/cpu_rst_sync                                                                                   |                2 |              6 |         3.00 |
|  pll_inst/inst/clk_out2 | student_top_inst/Core_cpu/u_core/u_backend/u_rename/arat_q[9][5]_i_1_n_0                                                                         | student_top_inst/cpu_rst_sync                                                                                   |                2 |              6 |         3.00 |
|  pll_inst/inst/clk_out2 | student_top_inst/Core_cpu/u_core/u_backend/u_rename/arat_q[6][5]_i_1_n_0                                                                         | student_top_inst/cpu_rst_sync                                                                                   |                4 |              6 |         1.50 |
|  pll_inst/inst/clk_out2 | student_top_inst/Core_cpu/u_core/u_backend/u_rename/arat_q[5][5]_i_1_n_0                                                                         | student_top_inst/cpu_rst_sync                                                                                   |                3 |              6 |         2.00 |
|  pll_inst/inst/clk_out2 | student_top_inst/Core_cpu/u_core/u_backend/u_rename/arat_q[23][5]_i_1_n_0                                                                        | student_top_inst/cpu_rst_sync                                                                                   |                2 |              6 |         3.00 |
|  pll_inst/inst/clk_out2 | student_top_inst/Core_cpu/u_core/u_backend/u_rename/arat_q[3][5]_i_1_n_0                                                                         | student_top_inst/cpu_rst_sync                                                                                   |                3 |              6 |         2.00 |
|  pll_inst/inst/clk_out2 | student_top_inst/Core_cpu/u_core/u_backend/u_rename/arat_q[27][5]_i_1_n_0                                                                        | student_top_inst/cpu_rst_sync                                                                                   |                3 |              6 |         2.00 |
|  pll_inst/inst/clk_out2 | student_top_inst/Core_cpu/u_core/u_backend/u_rename/arat_q[26][5]_i_1_n_0                                                                        | student_top_inst/cpu_rst_sync                                                                                   |                3 |              6 |         2.00 |
|  pll_inst/inst/clk_out2 | student_top_inst/Core_cpu/u_core/u_backend/u_int_iq/u_active_queue/entry_q[1][uop][imm_j][31]_i_1_n_0                                            | student_top_inst/Core_cpu/u_core/u_backend/u_int_iq/u_active_queue/entry_q[1][uop][exception_cause][20]_i_1_n_0 |                3 |              6 |         2.00 |
|  pll_inst/inst/clk_out2 | student_top_inst/Core_cpu/u_core/u_backend/u_rename/arat_q[21][5]_i_1_n_0                                                                        | student_top_inst/cpu_rst_sync                                                                                   |                2 |              6 |         3.00 |
|  pll_inst/inst/clk_out2 | student_top_inst/Core_cpu/u_core/u_backend/u_rename/arat_q[1][5]_i_1_n_0                                                                         | student_top_inst/cpu_rst_sync                                                                                   |                3 |              6 |         2.00 |
|  pll_inst/inst/clk_out2 | student_top_inst/Core_cpu/u_core/u_backend/u_rename/arat_q[19][5]_i_1_n_0                                                                        | student_top_inst/cpu_rst_sync                                                                                   |                2 |              6 |         3.00 |
|  pll_inst/inst/clk_out2 | student_top_inst/Core_cpu/u_core/u_backend/u_rename/arat_q[13][5]_i_1_n_0                                                                        | student_top_inst/cpu_rst_sync                                                                                   |                3 |              6 |         2.00 |
|  pll_inst/inst/clk_out2 | student_top_inst/Core_cpu/u_core/u_backend/u_rename/arat_q[11][5]_i_1_n_0                                                                        | student_top_inst/cpu_rst_sync                                                                                   |                3 |              6 |         2.00 |
|  pll_inst/inst/clk_out2 | student_top_inst/Core_cpu/u_core/u_backend/u_rename/srat_q[26][5]_i_1_n_0                                                                        | student_top_inst/cpu_rst_sync                                                                                   |                6 |              6 |         1.00 |
|  pll_inst/inst/clk_out2 | student_top_inst/Core_cpu/u_core/u_backend/u_rename/arat_q[10][5]_i_1_n_0                                                                        | student_top_inst/cpu_rst_sync                                                                                   |                3 |              6 |         2.00 |
|  pll_inst/inst/clk_out2 | student_top_inst/Core_cpu/u_core/u_backend/u_rename/arat_q[29][5]_i_1_n_0                                                                        | student_top_inst/cpu_rst_sync                                                                                   |                2 |              6 |         3.00 |
|  pll_inst/inst/clk_out2 | student_top_inst/Core_cpu/u_core/u_backend/u_rename/arat_q[4][5]_i_1_n_0                                                                         | student_top_inst/cpu_rst_sync                                                                                   |                3 |              6 |         2.00 |
|  pll_inst/inst/clk_out2 | student_top_inst/Core_cpu/u_core/u_backend/u_rename/arat_q[2][5]_i_1_n_0                                                                         | student_top_inst/cpu_rst_sync                                                                                   |                3 |              6 |         2.00 |
|  pll_inst/inst/clk_out2 | student_top_inst/Core_cpu/u_core/u_backend/u_rename/arat_q[30][5]_i_1_n_0                                                                        | student_top_inst/cpu_rst_sync                                                                                   |                2 |              6 |         3.00 |
|  pll_inst/inst/clk_out2 | student_top_inst/Core_cpu/u_core/u_backend/u_rename/arat_q[17][5]_i_1_n_0                                                                        | student_top_inst/cpu_rst_sync                                                                                   |                2 |              6 |         3.00 |
|  pll_inst/inst/clk_out2 | student_top_inst/Core_cpu/u_core/u_backend/u_rename/arat_q[15][5]_i_1_n_0                                                                        | student_top_inst/cpu_rst_sync                                                                                   |                3 |              6 |         2.00 |
|  pll_inst/inst/clk_out2 | student_top_inst/Core_cpu/u_core/u_backend/u_rename/arat_q[12][5]_i_1_n_0                                                                        | student_top_inst/cpu_rst_sync                                                                                   |                3 |              6 |         2.00 |
|  pll_inst/inst/clk_out2 | student_top_inst/Core_cpu/u_core/u_backend/u_rename/arat_q[18][5]_i_1_n_0                                                                        | student_top_inst/cpu_rst_sync                                                                                   |                2 |              6 |         3.00 |
|  pll_inst/inst/clk_out2 | student_top_inst/Core_cpu/u_core/u_backend/u_rename/arat_q[16][5]_i_1_n_0                                                                        | student_top_inst/cpu_rst_sync                                                                                   |                2 |              6 |         3.00 |
|  pll_inst/inst/clk_out2 | student_top_inst/Core_cpu/u_core/u_backend/u_rename/arat_q[31][5]_i_1_n_0                                                                        | student_top_inst/cpu_rst_sync                                                                                   |                2 |              6 |         3.00 |
|  pll_inst/inst/clk_out2 | student_top_inst/Core_cpu/u_core/u_backend/u_rename/arat_q[14][5]_i_1_n_0                                                                        | student_top_inst/cpu_rst_sync                                                                                   |                2 |              6 |         3.00 |
|  pll_inst/inst/clk_out2 | student_top_inst/Core_cpu/u_core/u_backend/u_rob/entry_q408_out                                                                                  |                                                                                                                 |                4 |              7 |         1.75 |
|  pll_inst/inst/clk_out2 | student_top_inst/Core_cpu/u_core/u_backend/u_rob/entry_q435_out                                                                                  |                                                                                                                 |                3 |              7 |         2.33 |
|  pll_inst/inst/clk_out2 | student_top_inst/Core_cpu/u_core/u_backend/u_rob/entry_q483_out                                                                                  |                                                                                                                 |                2 |              7 |         3.50 |
|  pll_inst/inst/clk_out2 | student_top_inst/Core_cpu/u_core/u_backend/u_rob/entry_q402_out                                                                                  |                                                                                                                 |                2 |              7 |         3.50 |
|  pll_inst/inst/clk_out2 | student_top_inst/Core_cpu/u_core/u_backend/u_rob/entry_q489_out                                                                                  |                                                                                                                 |                4 |              7 |         1.75 |
|  pll_inst/inst/clk_out2 | student_top_inst/Core_cpu/u_core/u_backend/u_rob/entry_q468_out                                                                                  |                                                                                                                 |                3 |              7 |         2.33 |
|  pll_inst/inst/clk_out2 | student_top_inst/Core_cpu/u_core/u_backend/u_rob/entry_q480_out                                                                                  |                                                                                                                 |                4 |              7 |         1.75 |
|  pll_inst/inst/clk_out2 | student_top_inst/Core_cpu/u_core/u_backend/u_rob/entry_q414_out                                                                                  |                                                                                                                 |                4 |              7 |         1.75 |
|  pll_inst/inst/clk_out2 | student_top_inst/Core_cpu/u_core/u_backend/u_rob/entry_q486_out                                                                                  |                                                                                                                 |                3 |              7 |         2.33 |
|  pll_inst/inst/clk_out2 | student_top_inst/Core_cpu/u_core/u_backend/u_rob/entry_q465_out                                                                                  |                                                                                                                 |                3 |              7 |         2.33 |
|  pll_inst/inst/clk_out2 | student_top_inst/Core_cpu/u_core/u_backend/u_rob/entry_q453_out                                                                                  |                                                                                                                 |                2 |              7 |         3.50 |
|  pll_inst/inst/clk_out2 | student_top_inst/Core_cpu/u_core/u_backend/u_rob/entry_q450_out                                                                                  |                                                                                                                 |                2 |              7 |         3.50 |
|  pll_inst/inst/clk_out2 | student_top_inst/Core_cpu/u_core/u_backend/u_rob/entry_q423_out                                                                                  |                                                                                                                 |                4 |              7 |         1.75 |
|  pll_inst/inst/clk_out2 | student_top_inst/Core_cpu/u_core/u_backend/u_rob/entry_q420_out                                                                                  |                                                                                                                 |                2 |              7 |         3.50 |
|  pll_inst/inst/clk_out2 | student_top_inst/Core_cpu/u_core/u_backend/u_rob/entry_q462_out                                                                                  |                                                                                                                 |                3 |              7 |         2.33 |
|  pll_inst/inst/clk_out2 | student_top_inst/Core_cpu/u_core/u_backend/u_rob/entry_q492_out                                                                                  |                                                                                                                 |                3 |              7 |         2.33 |
|  pll_inst/inst/clk_out2 | student_top_inst/Core_cpu/u_core/u_backend/u_rob/entry_q432_out                                                                                  |                                                                                                                 |                5 |              7 |         1.40 |
|  pll_inst/inst/clk_out2 | student_top_inst/Core_cpu/u_core/u_backend/u_rob/entry_q426_out                                                                                  |                                                                                                                 |                2 |              7 |         3.50 |
|  pll_inst/inst/clk_out2 | student_top_inst/Core_cpu/u_core/u_backend/u_rob/entry_q459_out                                                                                  |                                                                                                                 |                6 |              7 |         1.17 |
|  pll_inst/inst/clk_out2 | student_top_inst/Core_cpu/u_core/u_backend/u_rob/entry_q[0][csr_wdata][31]_i_1_n_0                                                               | student_top_inst/Core_cpu/u_core/u_backend/u_rob/entry_q[0][redirect_pc][12]_i_1_n_0                            |                3 |              7 |         2.33 |
|  pll_inst/inst/clk_out2 | student_top_inst/Core_cpu/u_core/u_backend/u_rob/entry_q477_out                                                                                  |                                                                                                                 |                2 |              7 |         3.50 |
|  pll_inst/inst/clk_out2 | student_top_inst/Core_cpu/u_core/u_backend/u_rob/entry_q444_out                                                                                  |                                                                                                                 |                3 |              7 |         2.33 |
|  pll_inst/inst/clk_out2 | student_top_inst/Core_cpu/u_core/u_backend/u_rob/entry_q405_out                                                                                  |                                                                                                                 |                4 |              7 |         1.75 |
|  pll_inst/inst/clk_out2 | student_top_inst/Core_cpu/u_core/u_backend/u_rob/entry_q471_out                                                                                  |                                                                                                                 |                3 |              7 |         2.33 |
|  pll_inst/inst/clk_out2 | student_top_inst/Core_cpu/u_core/u_backend/u_rob/entry_q495_out                                                                                  |                                                                                                                 |                4 |              7 |         1.75 |
|  pll_inst/inst/clk_out2 | student_top_inst/Core_cpu/u_core/u_backend/u_rob/entry_q438_out                                                                                  |                                                                                                                 |                2 |              7 |         3.50 |
|  pll_inst/inst/clk_out2 | student_top_inst/Core_cpu/u_core/u_backend/u_rob/entry_q429_out                                                                                  |                                                                                                                 |                3 |              7 |         2.33 |
|  pll_inst/inst/clk_out2 | student_top_inst/Core_cpu/u_core/u_backend/u_rob/entry_q456_out                                                                                  |                                                                                                                 |                5 |              7 |         1.40 |
|  pll_inst/inst/clk_out2 | student_top_inst/Core_cpu/u_core/u_backend/u_rob/entry_q447_out                                                                                  |                                                                                                                 |                5 |              7 |         1.40 |
|  pll_inst/inst/clk_out2 | student_top_inst/Core_cpu/u_core/u_backend/u_rob/entry_q441_out                                                                                  |                                                                                                                 |                3 |              7 |         2.33 |
|  pll_inst/inst/clk_out2 | student_top_inst/Core_cpu/u_core/u_backend/u_rob/entry_q411_out                                                                                  |                                                                                                                 |                2 |              7 |         3.50 |
|  pll_inst/inst/clk_out2 | student_top_inst/Core_cpu/u_core/u_backend/u_rob/entry_q[6][csr_wdata][31]_i_1_n_0                                                               | student_top_inst/Core_cpu/u_core/u_backend/u_rob/entry_q[6][csr_addr][10]_i_1_n_0                               |                2 |              7 |         3.50 |
|  pll_inst/inst/clk_out2 | student_top_inst/Core_cpu/u_core/u_backend/u_rob/entry_q417_out                                                                                  |                                                                                                                 |                5 |              7 |         1.40 |
|  pll_inst/inst/clk_out1 | uart_inst/rx_data[7]_i_1_n_0                                                                                                                     | rst_50m_sync                                                                                                    |                2 |              8 |         4.00 |
|  pll_inst/inst/clk_out1 | twin_controller_inst/tx_start_i_1_n_0                                                                                                            | rst_50m_sync                                                                                                    |                5 |              8 |         1.60 |
|  pll_inst/inst/clk_out1 | uart_inst/rx_shift                                                                                                                               | rst_50m_sync                                                                                                    |                1 |              8 |         8.00 |
|  pll_inst/inst/clk_out2 | student_top_inst/Core_cpu/u_core/u_backend/u_mul_iq/u_queue/p_380_out                                                                            |                                                                                                                 |                8 |              8 |         1.00 |
|  pll_inst/inst/clk_out2 | student_top_inst/Core_cpu/u_core/u_backend/u_dispatch/p_263_out                                                                                  |                                                                                                                 |                4 |              8 |         2.00 |
|  pll_inst/inst/clk_out2 | student_top_inst/Core_cpu/u_core/u_backend/u_int_iq/u_cold_queue/p_384_out                                                                       |                                                                                                                 |                5 |              8 |         1.60 |
|  pll_inst/inst/clk_out2 | student_top_inst/Core_cpu/u_core/u_backend/u_rob/entry_q[8][csr_wdata][31]_i_1_n_0                                                               | student_top_inst/Core_cpu/u_core/u_backend/u_rob/entry_q[8][csr_addr][10]_i_1_n_0                               |                4 |              8 |         2.00 |
|  pll_inst/inst/clk_out2 | student_top_inst/Core_cpu/u_core/u_backend/u_mem_iq/denied_slot_q[2]_i_1_n_0                                                                     |                                                                                                                 |                2 |              8 |         4.00 |
|  pll_inst/inst/clk_out2 | student_top_inst/Core_cpu/u_core/u_backend/u_rob/entry_q[23][csr_wdata][31]_i_1_n_0                                                              | student_top_inst/Core_cpu/u_core/u_backend/u_rob/entry_q[23][csr_addr][11]_i_1_n_0                              |                4 |              9 |         2.25 |
|  pll_inst/inst/clk_out2 | student_top_inst/Core_cpu/u_core/u_backend/dispatch_buffer_entry_q[1][uop][imm_j][29]_i_1_n_0                                                    | student_top_inst/Core_cpu/u_core/u_backend/dispatch_buffer_entry_q[1][uop][imm_j][31]_i_1_n_0                   |                4 |              9 |         2.25 |
|  pll_inst/inst/clk_out1 | uart_inst/tx_shift                                                                                                                               | rst_50m_sync                                                                                                    |                2 |              9 |         4.50 |
|  pll_inst/inst/clk_out2 | student_top_inst/Core_cpu/u_core/u_bpu/ghr_q                                                                                                     | student_top_inst/cpu_rst_sync                                                                                   |                2 |              9 |         4.50 |
|  pll_inst/inst/clk_out2 | student_top_inst/Core_cpu/u_core/u_backend/u_int_iq/u_active_queue/entry_q[2][uop][imm_j][31]_i_1_n_0                                            | student_top_inst/Core_cpu/u_core/u_backend/u_int_iq/u_active_queue/entry_q[2][uop][exception_cause][30]_i_1_n_0 |                6 |             10 |         1.67 |
|  pll_inst/inst/clk_out2 | student_top_inst/Core_cpu/u_core/u_backend/u_mem_iq/probe_slot_q                                                                                 |                                                                                                                 |                4 |             10 |         2.50 |
|  pll_inst/inst/clk_out2 | student_top_inst/Core_cpu/u_core/u_backend/u_rob/entry_q[24][exception_cause][31]_i_2_n_0                                                        | student_top_inst/Core_cpu/u_core/u_backend/u_rob/entry_q[24][csr_wdata][29]_i_1_n_0                             |                4 |             10 |         2.50 |
|  pll_inst/inst/clk_out2 | student_top_inst/Core_cpu/u_core/u_backend/u_rob/entry_q[15][csr_wdata][31]_i_1_n_0                                                              | student_top_inst/Core_cpu/u_core/u_backend/u_rob/entry_q[15][redirect_pc][30]_i_1_n_0                           |                4 |             11 |         2.75 |
|  pll_inst/inst/clk_out2 | student_top_inst/Core_cpu/u_core/u_backend/u_int_iq/u_active_queue/entry_q[3][uop][imm_j][31]_i_1_n_0                                            | student_top_inst/Core_cpu/u_core/u_backend/u_int_iq/u_active_queue/entry_q[3][uop][exception_cause][6]_i_1_n_0  |                6 |             11 |         1.83 |
|  pll_inst/inst/clk_out2 | student_top_inst/Core_cpu/u_dcache/refill_resp_count_q[3]_i_1_n_0                                                                                | student_top_inst/cpu_rst_sync                                                                                   |                8 |             12 |         1.50 |
|  pll_inst/inst/clk_out2 | student_top_inst/Core_cpu/u_core/u_backend/u_rob/entry_q[23][csr_wdata][31]_i_1_n_0                                                              | student_top_inst/Core_cpu/u_core/u_backend/u_rob/entry_q[23][csr_wdata][24]_i_1_n_0                             |                7 |             12 |         1.71 |
|  pll_inst/inst/clk_out1 | uart_inst/rx_cnt                                                                                                                                 | rst_50m_sync                                                                                                    |                2 |             13 |         6.50 |
|  pll_inst/inst/clk_out1 | uart_inst/rx_ready_i_1_n_0                                                                                                                       | rst_50m_sync                                                                                                    |                4 |             13 |         3.25 |
|  pll_inst/inst/clk_out1 | uart_inst/tx_cnt                                                                                                                                 | rst_50m_sync                                                                                                    |                4 |             13 |         3.25 |
|  pll_inst/inst/clk_out2 | student_top_inst/Core_cpu/u_core/u_backend/u_int_iq/u_active_queue/entry_q[6][uop][imm_j][31]_i_1_n_0                                            | student_top_inst/Core_cpu/u_core/u_backend/u_int_iq/u_active_queue/entry_q[6][uop][exception_cause][27]_i_1_n_0 |                2 |             15 |         7.50 |
|  pll_inst/inst/clk_out2 | student_top_inst/Core_cpu/u_core/u_backend/u_rob/entry_q[19][csr_wdata][28]_i_1_n_0                                                              | student_top_inst/Core_cpu/u_core/u_backend/u_rob/entry_q[19][csr_wdata][31]_i_1_n_0                             |                8 |             16 |         2.00 |
|  pll_inst/inst/clk_out2 | student_top_inst/Core_cpu/u_core/u_bpu/btb_uncond_q_reg_r1_0_127_0_0_i_1_n_0                                                                     |                                                                                                                 |                4 |             16 |         4.00 |
|  pll_inst/inst/clk_out1 |                                                                                                                                                  | student_top_inst/mem_bridge/counter_inst/cnt_1ms[0]_i_1_n_0                                                     |                4 |             16 |         4.00 |
|  pll_inst/inst/clk_out2 | student_top_inst/Core_cpu/u_core/u_bpu/btb_uncond_q_reg_r1_128_255_0_0_i_1_n_0                                                                   |                                                                                                                 |                4 |             16 |         4.00 |
|  pll_inst/inst/clk_out2 | student_top_inst/Core_cpu/u_core/u_backend/u_int_iq/u_active_queue/entry_q[0][src1_ready]_i_1_n_0                                                |                                                                                                                 |               13 |             16 |         1.23 |
|  pll_inst/inst/clk_out2 | student_top_inst/Core_cpu/u_core/u_backend/u_execute/u_muldiv/mul_uop_q[0][uop][exception]_i_1_n_0                                               |                                                                                                                 |               10 |             20 |         2.00 |
|  pll_inst/inst/clk_out2 | student_top_inst/Core_cpu/u_core/u_backend/u_execute/u_muldiv/active_op_q1                                                                       |                                                                                                                 |                7 |             20 |         2.86 |
|  pll_inst/inst/clk_out2 | student_top_inst/Core_cpu/u_core/u_backend/u_rob/entry_q[16][csr_wdata][31]_i_2_n_0                                                              |                                                                                                                 |               12 |             21 |         1.75 |
|  pll_inst/inst/clk_out2 | student_top_inst/Core_cpu/u_core/u_backend/u_rob/entry_q[16][csr_wdata][31]_i_2_n_0                                                              | student_top_inst/Core_cpu/u_core/u_backend/u_rob/entry_q[16][redirect_pc][30]_i_1_n_0                           |                9 |             23 |         2.56 |
|  pll_inst/inst/clk_out2 | student_top_inst/Core_cpu/u_core/u_backend/u_int_iq/u_active_queue/entry_q[4][uop][imm_j][31]_i_1_n_0                                            | student_top_inst/Core_cpu/u_core/u_backend/u_int_iq/u_active_queue/entry_q[4][uop][imm_j][0]_i_1_n_0            |               12 |             27 |         2.25 |
|  pll_inst/inst/clk_out2 |                                                                                                                                                  | student_top_inst/Core_cpu/u_core/u_backend/u_execute/wb_exception_cause_q[1][31]_i_1_n_0                        |               12 |             28 |         2.33 |
|  pll_inst/inst/clk_out2 | student_top_inst/Core_cpu/u_core/u_backend/u_commit/p_0_in[31]                                                                                   | student_top_inst/cpu_rst_sync                                                                                   |               21 |             28 |         1.33 |
|  pll_inst/inst/clk_out2 | student_top_inst/Core_cpu/u_dcache/tag_way0_q_reg_64_127_0_2_i_1_n_0                                                                             |                                                                                                                 |                7 |             28 |         4.00 |
|  pll_inst/inst/clk_out2 | student_top_inst/Core_cpu/u_dcache/tag_way1_q_reg_64_127_0_2_i_1_n_0                                                                             |                                                                                                                 |                7 |             28 |         4.00 |
|  pll_inst/inst/clk_out2 | student_top_inst/Core_cpu/u_dcache/tag_way1_q_reg_0_63_0_2_i_1_n_0                                                                               |                                                                                                                 |                7 |             28 |         4.00 |
|  pll_inst/inst/clk_out2 | student_top_inst/Core_cpu/u_dcache/tag_way0_q_reg_0_63_0_2_i_1_n_0                                                                               |                                                                                                                 |                7 |             28 |         4.00 |
|  pll_inst/inst/clk_out2 |                                                                                                                                                  | student_top_inst/Core_cpu/u_core/u_backend/u_execute/wb_exception_cause_q[0][31]_i_1_n_0                        |               13 |             28 |         2.15 |
|  pll_inst/inst/clk_out2 | student_top_inst/Core_cpu/u_core/u_backend/u_int_iq/u_active_queue/entry_q[5][uop][imm_j][31]_i_1_n_0                                            | student_top_inst/Core_cpu/u_core/u_backend/u_int_iq/u_active_queue/entry_q[5][uop][imm_j][0]_i_1_n_0            |                7 |             30 |         4.29 |
|  pll_inst/inst/clk_out2 | student_top_inst/Core_cpu/u_core/u_backend/u_rob/entry_q[31][csr_wdata][31]_i_2_n_0                                                              | student_top_inst/Core_cpu/u_core/u_backend/u_rob/entry_q[31][csr_wdata][31]_i_1_n_0                             |               17 |             31 |         1.82 |
|  pll_inst/inst/clk_out2 | student_top_inst/Core_cpu/u_core/u_backend/u_commit/pmpcfg0_q[31]_i_1_n_0                                                                        | student_top_inst/cpu_rst_sync                                                                                   |               17 |             32 |         1.88 |
|  pll_inst/inst/clk_out2 | student_top_inst/Core_cpu/u_core/u_backend/u_commit/satp_q[31]_i_1_n_0                                                                           | student_top_inst/cpu_rst_sync                                                                                   |               26 |             32 |         1.23 |
|  pll_inst/inst/clk_out2 | student_top_inst/Core_cpu/u_core/u_backend/u_commit/scounteren_q[31]_i_1_n_0                                                                     | student_top_inst/cpu_rst_sync                                                                                   |               25 |             32 |         1.28 |
|  pll_inst/inst/clk_out2 | student_top_inst/Core_cpu/u_core/u_backend/u_commit/stvec_q[31]_i_1_n_0                                                                          | student_top_inst/cpu_rst_sync                                                                                   |               20 |             32 |         1.60 |
|  pll_inst/inst/clk_out2 | student_top_inst/Core_cpu/u_core/u_backend/u_execute/u_prf/regs_q[12][31]_i_1_n_0                                                                |                                                                                                                 |               20 |             32 |         1.60 |
|  pll_inst/inst/clk_out2 | student_top_inst/Core_cpu/u_core/u_backend/u_execute/u_prf/regs_q[13][31]_i_1_n_0                                                                |                                                                                                                 |               17 |             32 |         1.88 |
|  pll_inst/inst/clk_out2 | student_top_inst/Core_cpu/u_core/u_backend/u_execute/u_prf/regs_q[10][31]_i_1_n_0                                                                |                                                                                                                 |               21 |             32 |         1.52 |
|  pll_inst/inst/clk_out2 | student_top_inst/Core_cpu/u_core/u_backend/u_execute/u_prf/regs_q[11][31]_i_1_n_0                                                                |                                                                                                                 |               21 |             32 |         1.52 |
|  pll_inst/inst/clk_out2 | student_top_inst/Core_cpu/u_core/u_backend/u_execute/u_prf/regs_q[32][31]_i_1_n_0                                                                |                                                                                                                 |               23 |             32 |         1.39 |
|  pll_inst/inst/clk_out2 | student_top_inst/Core_cpu/u_core/u_backend/u_execute/u_prf/regs_q[33][31]_i_1_n_0                                                                |                                                                                                                 |               19 |             32 |         1.68 |
|  pll_inst/inst/clk_out2 | student_top_inst/Core_cpu/u_core/u_backend/u_execute/u_prf/regs_q[14][31]_i_1_n_0                                                                |                                                                                                                 |               17 |             32 |         1.88 |
|  pll_inst/inst/clk_out2 | student_top_inst/Core_cpu/u_core/u_backend/u_execute/u_prf/regs_q[15][31]_i_1_n_0                                                                |                                                                                                                 |               20 |             32 |         1.60 |
|  pll_inst/inst/clk_out2 | student_top_inst/Core_cpu/u_core/u_backend/u_execute/u_prf/regs_q[16][31]_i_1_n_0                                                                |                                                                                                                 |               18 |             32 |         1.78 |
|  pll_inst/inst/clk_out2 | student_top_inst/Core_cpu/u_core/u_backend/u_execute/u_prf/regs_q[17][31]_i_1_n_0                                                                |                                                                                                                 |               29 |             32 |         1.10 |
|  pll_inst/inst/clk_out2 | student_top_inst/Core_cpu/u_core/u_backend/u_execute/u_prf/regs_q[18][31]_i_1_n_0                                                                |                                                                                                                 |               21 |             32 |         1.52 |
|  pll_inst/inst/clk_out2 | student_top_inst/Core_cpu/u_core/u_backend/u_execute/u_prf/regs_q[19][31]_i_1_n_0                                                                |                                                                                                                 |               18 |             32 |         1.78 |
|  pll_inst/inst/clk_out2 | student_top_inst/Core_cpu/u_core/u_backend/u_execute/u_prf/regs_q[1][31]_i_1_n_0                                                                 |                                                                                                                 |               18 |             32 |         1.78 |
|  pll_inst/inst/clk_out2 | student_top_inst/Core_cpu/u_core/u_backend/u_execute/u_prf/regs_q[20][31]_i_1_n_0                                                                |                                                                                                                 |               19 |             32 |         1.68 |
|  pll_inst/inst/clk_out2 | student_top_inst/Core_cpu/u_core/u_backend/u_execute/u_prf/regs_q[21][31]_i_1_n_0                                                                |                                                                                                                 |               18 |             32 |         1.78 |
|  pll_inst/inst/clk_out2 | student_top_inst/Core_cpu/u_core/u_backend/u_execute/u_prf/regs_q[22][31]_i_1_n_0                                                                |                                                                                                                 |               18 |             32 |         1.78 |
|  pll_inst/inst/clk_out2 | student_top_inst/Core_cpu/u_core/u_backend/u_execute/u_prf/regs_q[23][31]_i_1_n_0                                                                |                                                                                                                 |               18 |             32 |         1.78 |
|  pll_inst/inst/clk_out2 | student_top_inst/Core_cpu/u_core/u_backend/u_execute/u_prf/regs_q[24][31]_i_1_n_0                                                                |                                                                                                                 |               18 |             32 |         1.78 |
|  pll_inst/inst/clk_out2 | student_top_inst/Core_cpu/u_core/u_backend/u_execute/u_prf/regs_q[25][31]_i_1_n_0                                                                |                                                                                                                 |               18 |             32 |         1.78 |
|  pll_inst/inst/clk_out2 | student_top_inst/Core_cpu/u_core/u_backend/u_execute/u_prf/regs_q[26][31]_i_1_n_0                                                                |                                                                                                                 |               19 |             32 |         1.68 |
|  pll_inst/inst/clk_out2 | student_top_inst/Core_cpu/u_core/u_backend/u_execute/u_prf/regs_q[27][31]_i_1_n_0                                                                |                                                                                                                 |               31 |             32 |         1.03 |
|  pll_inst/inst/clk_out2 | student_top_inst/Core_cpu/u_core/u_backend/u_execute/u_prf/regs_q[28][31]_i_1_n_0                                                                |                                                                                                                 |               22 |             32 |         1.45 |
|  pll_inst/inst/clk_out2 | student_top_inst/Core_cpu/u_core/u_backend/u_execute/u_prf/regs_q[29][31]_i_1_n_0                                                                |                                                                                                                 |               20 |             32 |         1.60 |
|  pll_inst/inst/clk_out2 | student_top_inst/Core_cpu/u_core/u_backend/u_execute/u_prf/regs_q[2][31]_i_1_n_0                                                                 |                                                                                                                 |               19 |             32 |         1.68 |
|  pll_inst/inst/clk_out2 | student_top_inst/Core_cpu/u_core/u_backend/u_execute/u_prf/regs_q[30][31]_i_1_n_0                                                                |                                                                                                                 |               20 |             32 |         1.60 |
|  pll_inst/inst/clk_out2 | student_top_inst/Core_cpu/u_core/u_backend/u_execute/u_prf/regs_q[31][31]_i_1_n_0                                                                |                                                                                                                 |               19 |             32 |         1.68 |
|  pll_inst/inst/clk_out2 | student_top_inst/Core_cpu/u_core/u_backend/u_execute/u_prf/regs_q[52][31]_i_1_n_0                                                                |                                                                                                                 |               21 |             32 |         1.52 |
|  pll_inst/inst/clk_out2 | student_top_inst/Core_cpu/u_core/u_backend/u_execute/u_prf/regs_q[53][31]_i_1_n_0                                                                |                                                                                                                 |               18 |             32 |         1.78 |
|  pll_inst/inst/clk_out2 | student_top_inst/Core_cpu/u_core/u_backend/u_execute/u_prf/regs_q[34][31]_i_1_n_0                                                                |                                                                                                                 |               27 |             32 |         1.19 |
|  pll_inst/inst/clk_out2 | student_top_inst/Core_cpu/u_core/u_backend/u_execute/u_prf/regs_q[36][31]_i_1_n_0                                                                |                                                                                                                 |               22 |             32 |         1.45 |
|  pll_inst/inst/clk_out2 | student_top_inst/Core_cpu/u_core/u_backend/u_execute/u_prf/regs_q[37][31]_i_1_n_0                                                                |                                                                                                                 |               20 |             32 |         1.60 |
|  pll_inst/inst/clk_out2 | student_top_inst/Core_cpu/u_core/u_backend/u_execute/u_prf/regs_q[38][31]_i_1_n_0                                                                |                                                                                                                 |               15 |             32 |         2.13 |
|  pll_inst/inst/clk_out2 | student_top_inst/Core_cpu/u_core/u_backend/u_execute/u_prf/regs_q[39][31]_i_1_n_0                                                                |                                                                                                                 |               19 |             32 |         1.68 |
|  pll_inst/inst/clk_out2 | student_top_inst/Core_cpu/u_core/u_backend/u_execute/u_prf/regs_q[3][31]_i_1_n_0                                                                 |                                                                                                                 |               20 |             32 |         1.60 |
|  pll_inst/inst/clk_out2 | student_top_inst/Core_cpu/u_core/u_backend/u_execute/u_prf/regs_q[40][31]_i_1_n_0                                                                |                                                                                                                 |               19 |             32 |         1.68 |
|  pll_inst/inst/clk_out2 | student_top_inst/Core_cpu/u_core/u_backend/u_execute/u_prf/regs_q[41][31]_i_1_n_0                                                                |                                                                                                                 |               17 |             32 |         1.88 |
|  pll_inst/inst/clk_out2 | student_top_inst/Core_cpu/u_core/u_backend/u_execute/u_prf/regs_q[42][31]_i_1_n_0                                                                |                                                                                                                 |               17 |             32 |         1.88 |
|  pll_inst/inst/clk_out2 | student_top_inst/Core_cpu/u_core/u_backend/u_execute/u_prf/regs_q[43][31]_i_1_n_0                                                                |                                                                                                                 |               19 |             32 |         1.68 |
|  pll_inst/inst/clk_out2 | student_top_inst/Core_cpu/u_core/u_backend/u_execute/u_prf/regs_q[44][31]_i_1_n_0                                                                |                                                                                                                 |               21 |             32 |         1.52 |
|  pll_inst/inst/clk_out2 | student_top_inst/Core_cpu/u_core/u_backend/u_execute/u_prf/regs_q[45][31]_i_1_n_0                                                                |                                                                                                                 |               20 |             32 |         1.60 |
|  pll_inst/inst/clk_out2 | student_top_inst/Core_cpu/u_core/u_backend/u_execute/u_prf/regs_q[46][31]_i_1_n_0                                                                |                                                                                                                 |               16 |             32 |         2.00 |
|  pll_inst/inst/clk_out2 | student_top_inst/Core_cpu/u_core/u_backend/u_execute/u_prf/regs_q[47][31]_i_1_n_0                                                                |                                                                                                                 |               20 |             32 |         1.60 |
|  pll_inst/inst/clk_out2 | student_top_inst/Core_cpu/u_core/u_backend/u_execute/u_prf/regs_q[48][31]_i_1_n_0                                                                |                                                                                                                 |               22 |             32 |         1.45 |
|  pll_inst/inst/clk_out2 | student_top_inst/Core_cpu/u_core/u_backend/u_execute/u_prf/regs_q[49][31]_i_1_n_0                                                                |                                                                                                                 |               21 |             32 |         1.52 |
|  pll_inst/inst/clk_out2 | student_top_inst/Core_cpu/u_core/u_backend/u_execute/u_prf/regs_q[4][31]_i_1_n_0                                                                 |                                                                                                                 |               22 |             32 |         1.45 |
|  pll_inst/inst/clk_out2 | student_top_inst/Core_cpu/u_core/u_backend/u_execute/u_prf/regs_q[50][31]_i_1_n_0                                                                |                                                                                                                 |               20 |             32 |         1.60 |
|  pll_inst/inst/clk_out2 | student_top_inst/Core_cpu/u_core/u_backend/u_execute/u_prf/regs_q[51][31]_i_1_n_0                                                                |                                                                                                                 |               19 |             32 |         1.68 |
|  pll_inst/inst/clk_out2 | student_top_inst/Core_cpu/u_core/u_backend/u_execute/u_prf/regs_q[54][31]_i_1_n_0                                                                |                                                                                                                 |               19 |             32 |         1.68 |
|  pll_inst/inst/clk_out2 | student_top_inst/Core_cpu/u_core/u_backend/u_execute/u_prf/regs_q[55][31]_i_1_n_0                                                                |                                                                                                                 |               23 |             32 |         1.39 |
|  pll_inst/inst/clk_out2 | student_top_inst/Core_cpu/u_core/u_backend/u_execute/u_prf/regs_q[56][31]_i_1_n_0                                                                |                                                                                                                 |               20 |             32 |         1.60 |
|  pll_inst/inst/clk_out2 | student_top_inst/Core_cpu/u_core/u_backend/u_execute/u_prf/regs_q[57][31]_i_1_n_0                                                                |                                                                                                                 |               15 |             32 |         2.13 |
|  pll_inst/inst/clk_out2 | student_top_inst/Core_cpu/u_core/u_backend/u_execute/u_prf/regs_q[58][31]_i_1_n_0                                                                |                                                                                                                 |               19 |             32 |         1.68 |
|  pll_inst/inst/clk_out2 | student_top_inst/Core_cpu/u_core/u_backend/u_execute/u_prf/regs_q[59][31]_i_1_n_0                                                                |                                                                                                                 |               15 |             32 |         2.13 |
|  pll_inst/inst/clk_out2 | student_top_inst/Core_cpu/u_core/u_backend/u_execute/u_prf/regs_q[5][31]_i_1_n_0                                                                 |                                                                                                                 |               19 |             32 |         1.68 |
|  pll_inst/inst/clk_out2 | student_top_inst/Core_cpu/u_core/u_backend/u_execute/u_prf/regs_q[60][31]_i_1_n_0                                                                |                                                                                                                 |               21 |             32 |         1.52 |
|  pll_inst/inst/clk_out2 | student_top_inst/Core_cpu/u_core/u_backend/u_execute/u_prf/regs_q[61][31]_i_1_n_0                                                                |                                                                                                                 |               18 |             32 |         1.78 |
|  pll_inst/inst/clk_out2 | student_top_inst/Core_cpu/u_core/u_backend/u_execute/u_prf/regs_q[63][31]_i_1_n_0                                                                |                                                                                                                 |               18 |             32 |         1.78 |
|  pll_inst/inst/clk_out2 | student_top_inst/Core_cpu/u_core/u_backend/u_execute/u_prf/regs_q[62][31]_i_1_n_0                                                                |                                                                                                                 |               18 |             32 |         1.78 |
|  pll_inst/inst/clk_out2 | student_top_inst/Core_cpu/u_core/u_backend/u_execute/u_prf/regs_q[6][31]_i_1_n_0                                                                 |                                                                                                                 |               26 |             32 |         1.23 |
|  pll_inst/inst/clk_out2 | student_top_inst/Core_cpu/u_core/u_backend/u_execute/u_prf/regs_q[7][31]_i_1_n_0                                                                 |                                                                                                                 |               17 |             32 |         1.88 |
|  pll_inst/inst/clk_out2 | student_top_inst/Core_cpu/u_core/u_backend/u_execute/u_prf/regs_q[8][31]_i_1_n_0                                                                 |                                                                                                                 |               25 |             32 |         1.28 |
|  pll_inst/inst/clk_out2 | student_top_inst/Core_cpu/u_core/u_backend/u_execute/u_prf/regs_q[9][31]_i_1_n_0                                                                 |                                                                                                                 |               22 |             32 |         1.45 |
|  pll_inst/inst/clk_out2 | student_top_inst/Core_cpu/u_core/u_backend/u_execute/load_meta_uop_q                                                                             |                                                                                                                 |               11 |             32 |         2.91 |
|  pll_inst/inst/clk_out2 | student_top_inst/Core_cpu/u_core/u_backend/u_execute/load_meta_uop_q[0][uop][mem_signed]_i_1_n_0                                                 |                                                                                                                 |               10 |             32 |         3.20 |
|  pll_inst/inst/clk_out2 | student_top_inst/Core_cpu/u_core/u_backend/u_mul_iq/u_queue/entry_q[0][prs2][5]_i_1_n_0                                                          |                                                                                                                 |               18 |             32 |         1.78 |
|  pll_inst/inst/clk_out2 | student_top_inst/Core_cpu/u_core/u_backend/u_mul_iq/u_queue/entry_q[1][prs2][5]_i_1_n_0                                                          |                                                                                                                 |               18 |             32 |         1.78 |
|  pll_inst/inst/clk_out2 | student_top_inst/Core_cpu/u_core/u_backend/u_mul_iq/u_queue/entry_q[3][prs2][5]_i_1_n_0                                                          |                                                                                                                 |               15 |             32 |         2.13 |
|  pll_inst/inst/clk_out2 | student_top_inst/Core_cpu/u_core/u_backend/u_mul_iq/u_queue/entry_q[2][prs2][5]_i_1_n_0                                                          |                                                                                                                 |               21 |             32 |         1.52 |
|  pll_inst/inst/clk_out2 | student_top_inst/Core_cpu/u_core/u_backend/u_execute/u_prf/regs_q[35][31]_i_1_n_0                                                                |                                                                                                                 |               22 |             32 |         1.45 |
|  pll_inst/inst/clk_out2 | student_top_inst/Core_cpu/u_core/u_backend/u_rob/entry_q[0][csr_wdata][31]_i_1_n_0                                                               | student_top_inst/Core_cpu/u_core/u_backend/u_rob/entry_q[0][exception_cause][31]_i_1_n_0                        |               15 |             32 |         2.13 |
|  pll_inst/inst/clk_out2 | student_top_inst/Core_cpu/u_core/u_backend/u_rob/entry_q[0][result][31]_i_1_n_0                                                                  |                                                                                                                 |               20 |             32 |         1.60 |
|  pll_inst/inst/clk_out2 | student_top_inst/Core_cpu/u_core/u_backend/u_rob/entry_q[10][csr_wdata][31]_i_1_n_0                                                              | student_top_inst/Core_cpu/u_core/u_backend/u_rob/entry_q[10][exception_cause][31]_i_1_n_0                       |               15 |             32 |         2.13 |
|  pll_inst/inst/clk_out2 | student_top_inst/Core_cpu/u_core/u_backend/u_rob/entry_q[10][result][31]_i_1_n_0                                                                 |                                                                                                                 |               21 |             32 |         1.52 |
|  pll_inst/inst/clk_out2 | student_top_inst/Core_cpu/u_core/u_backend/u_rob/entry_q[11][csr_wdata][31]_i_1_n_0                                                              | student_top_inst/Core_cpu/u_core/u_backend/u_rob/entry_q[11][exception_cause][31]_i_1_n_0                       |               14 |             32 |         2.29 |
|  pll_inst/inst/clk_out2 | student_top_inst/Core_cpu/u_core/u_backend/u_rob/entry_q[11][result][31]_i_1_n_0                                                                 |                                                                                                                 |               12 |             32 |         2.67 |
|  pll_inst/inst/clk_out2 | student_top_inst/Core_cpu/u_core/u_backend/u_rob/entry_q[12][csr_wdata][31]_i_1_n_0                                                              | student_top_inst/Core_cpu/u_core/u_backend/u_rob/entry_q[12][exception_cause][31]_i_1_n_0                       |               17 |             32 |         1.88 |
|  pll_inst/inst/clk_out2 | student_top_inst/Core_cpu/u_core/u_backend/u_rob/entry_q[12][result][31]_i_1_n_0                                                                 |                                                                                                                 |               14 |             32 |         2.29 |
|  pll_inst/inst/clk_out2 | student_top_inst/Core_cpu/u_core/u_backend/u_rob/entry_q[13][csr_wdata][31]_i_1_n_0                                                              | student_top_inst/Core_cpu/u_core/u_backend/u_rob/entry_q[13][exception_cause][31]_i_1_n_0                       |               20 |             32 |         1.60 |
|  pll_inst/inst/clk_out2 | student_top_inst/Core_cpu/u_core/u_backend/u_rob/entry_q[13][result][31]_i_1_n_0                                                                 |                                                                                                                 |               15 |             32 |         2.13 |
|  pll_inst/inst/clk_out2 | student_top_inst/Core_cpu/u_core/u_backend/u_rob/entry_q[14][csr_wdata][31]_i_2_n_0                                                              | student_top_inst/Core_cpu/u_core/u_backend/u_rob/entry_q[14][csr_wdata][31]_i_1_n_0                             |               14 |             32 |         2.29 |
|  pll_inst/inst/clk_out2 | student_top_inst/Core_cpu/u_core/u_backend/u_rob/entry_q[14][csr_wdata][31]_i_2_n_0                                                              | student_top_inst/Core_cpu/u_core/u_backend/u_rob/entry_q[14][exception_cause][31]_i_1_n_0                       |               20 |             32 |         1.60 |
|  pll_inst/inst/clk_out2 | student_top_inst/Core_cpu/u_core/u_backend/u_rob/entry_q[14][result][31]_i_1_n_0                                                                 |                                                                                                                 |               18 |             32 |         1.78 |
|  pll_inst/inst/clk_out2 | student_top_inst/Core_cpu/u_core/u_backend/u_rob/entry_q[15][csr_wdata][31]_i_1_n_0                                                              | student_top_inst/Core_cpu/u_core/u_backend/u_rob/entry_q[15][exception_cause][31]_i_1_n_0                       |               18 |             32 |         1.78 |
|  pll_inst/inst/clk_out2 | student_top_inst/Core_cpu/u_core/u_backend/u_rob/entry_q[15][result][31]_i_1_n_0                                                                 |                                                                                                                 |               19 |             32 |         1.68 |
|  pll_inst/inst/clk_out2 | student_top_inst/Core_cpu/u_core/u_backend/u_rob/entry_q[16][csr_wdata][31]_i_2_n_0                                                              | student_top_inst/Core_cpu/u_core/u_backend/u_rob/entry_q[16][csr_wdata][31]_i_1_n_0                             |               14 |             32 |         2.29 |
|  pll_inst/inst/clk_out2 | student_top_inst/Core_cpu/u_core/u_backend/u_rob/entry_q[16][csr_wdata][31]_i_2_n_0                                                              | student_top_inst/Core_cpu/u_core/u_backend/u_rob/entry_q[16][exception_cause][31]_i_1_n_0                       |               19 |             32 |         1.68 |
|  pll_inst/inst/clk_out2 | student_top_inst/Core_cpu/u_core/u_backend/u_rob/entry_q[16][result][31]_i_1_n_0                                                                 |                                                                                                                 |               11 |             32 |         2.91 |
|  pll_inst/inst/clk_out2 | student_top_inst/Core_cpu/u_core/u_backend/u_rob/entry_q[17][csr_wdata][31]_i_1_n_0                                                              | student_top_inst/Core_cpu/u_core/u_backend/u_rob/entry_q[17][exception_cause][31]_i_1_n_0                       |               20 |             32 |         1.60 |
|  pll_inst/inst/clk_out2 | student_top_inst/Core_cpu/u_core/u_backend/u_rob/entry_q[17][result][31]_i_1_n_0                                                                 |                                                                                                                 |               19 |             32 |         1.68 |
|  pll_inst/inst/clk_out2 | student_top_inst/Core_cpu/u_core/u_backend/u_rob/entry_q[18][csr_wdata][31]_i_1_n_0                                                              | student_top_inst/Core_cpu/u_core/u_backend/u_rob/entry_q[18][exception_cause][31]_i_1_n_0                       |               19 |             32 |         1.68 |
|  pll_inst/inst/clk_out2 | student_top_inst/Core_cpu/u_core/u_backend/u_rob/entry_q[18][result][31]_i_1_n_0                                                                 |                                                                                                                 |               20 |             32 |         1.60 |
|  pll_inst/inst/clk_out2 | student_top_inst/Core_cpu/u_core/u_backend/u_rob/entry_q[19][csr_wdata][28]_i_1_n_0                                                              | student_top_inst/Core_cpu/u_core/u_backend/u_rob/entry_q[19][exception_cause][31]_i_1_n_0                       |               23 |             32 |         1.39 |
|  pll_inst/inst/clk_out2 | student_top_inst/Core_cpu/u_core/u_backend/u_rob/entry_q[19][result][31]_i_1_n_0                                                                 |                                                                                                                 |               22 |             32 |         1.45 |
|  pll_inst/inst/clk_out2 | student_top_inst/Core_cpu/u_core/u_backend/u_rob/entry_q[1][csr_wdata][30]_i_1_n_0                                                               | student_top_inst/Core_cpu/u_core/u_backend/u_rob/entry_q[1][exception_cause][31]_i_1_n_0                        |               25 |             32 |         1.28 |
|  pll_inst/inst/clk_out2 | student_top_inst/Core_cpu/u_core/u_backend/u_rob/entry_q[1][result][31]_i_1_n_0                                                                  |                                                                                                                 |               25 |             32 |         1.28 |
|  pll_inst/inst/clk_out2 | student_top_inst/Core_cpu/u_core/u_backend/u_execute/u_muldiv/u_div/U0/i_synth/i_has_input_skid.i_2to1/p_4_in                                    |                                                                                                                 |                6 |             32 |         5.33 |
|  pll_inst/inst/clk_out2 | student_top_inst/Core_cpu/u_core/u_backend/u_rob/entry_q[20][csr_wdata][31]_i_1_n_0                                                              | student_top_inst/Core_cpu/u_core/u_backend/u_rob/entry_q[20][exception_cause][31]_i_1_n_0                       |               19 |             32 |         1.68 |
|  pll_inst/inst/clk_out2 | student_top_inst/Core_cpu/u_core/u_backend/u_rob/entry_q[20][result][31]_i_1_n_0                                                                 |                                                                                                                 |               16 |             32 |         2.00 |
|  pll_inst/inst/clk_out2 | student_top_inst/Core_cpu/u_core/u_backend/u_rob/entry_q[21][exception_cause][31]_i_2_n_0                                                        | student_top_inst/Core_cpu/u_core/u_backend/u_rob/entry_q[21][exception_cause][31]_i_1_n_0                       |               18 |             32 |         1.78 |
|  pll_inst/inst/clk_out2 | student_top_inst/Core_cpu/u_core/u_backend/u_rob/entry_q[21][result][31]_i_1_n_0                                                                 |                                                                                                                 |               16 |             32 |         2.00 |
|  pll_inst/inst/clk_out2 | student_top_inst/Core_cpu/u_core/u_backend/u_rob/entry_q[22][csr_wdata][31]_i_1_n_0                                                              | student_top_inst/Core_cpu/u_core/u_backend/u_rob/entry_q[22][exception_cause][31]_i_1_n_0                       |               16 |             32 |         2.00 |
|  pll_inst/inst/clk_out2 | student_top_inst/Core_cpu/u_core/u_backend/u_rob/entry_q[25][result][31]_i_1_n_0                                                                 |                                                                                                                 |               13 |             32 |         2.46 |
|  pll_inst/inst/clk_out2 | student_top_inst/Core_cpu/u_core/u_backend/u_rob/entry_q[22][result][31]_i_1_n_0                                                                 |                                                                                                                 |               16 |             32 |         2.00 |
|  pll_inst/inst/clk_out2 | student_top_inst/Core_cpu/u_core/u_backend/u_rob/entry_q[23][csr_wdata][31]_i_1_n_0                                                              | student_top_inst/Core_cpu/u_core/u_backend/u_rob/entry_q[23][exception_cause][31]_i_1_n_0                       |               19 |             32 |         1.68 |
|  pll_inst/inst/clk_out2 | student_top_inst/Core_cpu/u_core/u_backend/u_rob/entry_q[23][result][31]_i_1_n_0                                                                 |                                                                                                                 |               14 |             32 |         2.29 |
|  pll_inst/inst/clk_out1 | student_top_inst/mem_bridge/counter_inst/cnt_ms_bin[0]_i_1_n_0                                                                                   | student_top_inst/cnt_rst_sync                                                                                   |                8 |             32 |         4.00 |
|  pll_inst/inst/clk_out2 | student_top_inst/Core_cpu/u_core/u_backend/u_rob/entry_q[24][exception_cause][31]_i_2_n_0                                                        | student_top_inst/Core_cpu/u_core/u_backend/u_rob/entry_q[24][exception_cause][31]_i_1_n_0                       |               19 |             32 |         1.68 |
|  pll_inst/inst/clk_out2 | student_top_inst/Core_cpu/u_core/u_backend/u_rob/entry_q[24][result][31]_i_1_n_0                                                                 |                                                                                                                 |               16 |             32 |         2.00 |
|  pll_inst/inst/clk_out2 |                                                                                                                                                  | student_top_inst/mem_bridge/mmio_resp_rdata_q[31]_i_1_n_0                                                       |               15 |             32 |         2.13 |
|  pll_inst/inst/clk_out2 | student_top_inst/Core_cpu/u_core/u_backend/u_rob/entry_q[25][exception_cause][31]_i_2_n_0                                                        | student_top_inst/Core_cpu/u_core/u_backend/u_rob/entry_q[25][exception_cause][31]_i_1_n_0                       |               17 |             32 |         1.88 |
|  pll_inst/inst/clk_out2 | student_top_inst/Core_cpu/u_core/u_backend/u_rob/entry_q[28][result][31]_i_1_n_0                                                                 |                                                                                                                 |               15 |             32 |         2.13 |
|  pll_inst/inst/clk_out2 | student_top_inst/mem_bridge/led_q[31]_i_1_n_0                                                                                                    | student_top_inst/cpu_rst_sync                                                                                   |                7 |             32 |         4.57 |
|  pll_inst/inst/clk_out2 | student_top_inst/Core_cpu/u_core/u_backend/u_rob/entry_q[26][exception_cause][31]_i_2_n_0                                                        | student_top_inst/Core_cpu/u_core/u_backend/u_rob/entry_q[26][exception_cause][31]_i_1_n_0                       |               14 |             32 |         2.29 |
|  pll_inst/inst/clk_out2 | student_top_inst/Core_cpu/u_core/u_backend/u_rob/entry_q[26][result][31]_i_1_n_0                                                                 |                                                                                                                 |               17 |             32 |         1.88 |
|  pll_inst/inst/clk_out2 | student_top_inst/Core_cpu/u_core/u_backend/u_rob/entry_q[27][exception_cause][31]_i_2_n_0                                                        | student_top_inst/Core_cpu/u_core/u_backend/u_rob/entry_q[27][csr_wdata][31]_i_1_n_0                             |               11 |             32 |         2.91 |
|  pll_inst/inst/clk_out2 | student_top_inst/Core_cpu/u_core/u_backend/u_rob/entry_q[27][exception_cause][31]_i_2_n_0                                                        | student_top_inst/Core_cpu/u_core/u_backend/u_rob/entry_q[27][exception_cause][31]_i_1_n_0                       |               17 |             32 |         1.88 |
|  pll_inst/inst/clk_out2 | student_top_inst/mem_bridge/seg_wdata_q[31]_i_1_n_0                                                                                              | student_top_inst/cpu_rst_sync                                                                                   |                6 |             32 |         5.33 |
|  pll_inst/inst/clk_out2 | student_top_inst/Core_cpu/u_core/u_backend/u_rob/entry_q[27][result][31]_i_1_n_0                                                                 |                                                                                                                 |               16 |             32 |         2.00 |
|  pll_inst/inst/clk_out2 | student_top_inst/Core_cpu/u_dcache/cpu_read_hold_valid_q                                                                                         | student_top_inst/cpu_rst_sync                                                                                   |               16 |             32 |         2.00 |
|  pll_inst/inst/clk_out2 | student_top_inst/Core_cpu/u_core/u_backend/u_rob/entry_q[28][exception_cause][31]_i_2_n_0                                                        | student_top_inst/Core_cpu/u_core/u_backend/u_rob/entry_q[28][exception_cause][31]_i_1_n_0                       |               17 |             32 |         1.88 |
|  pll_inst/inst/clk_out2 | student_top_inst/Core_cpu/u_dcache/cpu_resp_valid_i_1_n_0                                                                                        | student_top_inst/cpu_rst_sync                                                                                   |               25 |             32 |         1.28 |
|  pll_inst/inst/clk_out2 | student_top_inst/Core_cpu/u_core/u_backend/u_rob/entry_q[29][csr_wdata][31]_i_1_n_0                                                              | student_top_inst/Core_cpu/u_core/u_backend/u_rob/entry_q[29][exception_cause][31]_i_1_n_0                       |               16 |             32 |         2.00 |
|  pll_inst/inst/clk_out2 | student_top_inst/Core_cpu/u_core/u_backend/u_rob/entry_q[29][result][31]_i_1_n_0                                                                 |                                                                                                                 |               13 |             32 |         2.46 |
|  pll_inst/inst/clk_out2 | student_top_inst/Core_cpu/u_core/u_backend/u_rob/entry_q[2][csr_wdata][31]_i_1_n_0                                                               | student_top_inst/Core_cpu/u_core/u_backend/u_rob/entry_q[2][exception_cause][31]_i_1_n_0                        |               23 |             32 |         1.39 |
|  pll_inst/inst/clk_out2 | student_top_inst/Core_cpu/u_core/u_backend/u_rob/entry_q[2][result][31]_i_1_n_0                                                                  |                                                                                                                 |               18 |             32 |         1.78 |
|  pll_inst/inst/clk_out2 | student_top_inst/Core_cpu/u_core/u_backend/u_rob/entry_q[30][exception_cause][31]_i_2_n_0                                                        | student_top_inst/Core_cpu/u_core/u_backend/u_rob/entry_q[30][exception_cause][31]_i_1_n_0                       |               17 |             32 |         1.88 |
|  pll_inst/inst/clk_out2 | student_top_inst/Core_cpu/u_dcache/writeback_data_q[31]_i_1_n_0                                                                                  |                                                                                                                 |               19 |             32 |         1.68 |
|  pll_inst/inst/clk_out2 | student_top_inst/Core_cpu/u_core/u_backend/u_rob/entry_q[30][result][31]_i_1_n_0                                                                 |                                                                                                                 |               15 |             32 |         2.13 |
|  pll_inst/inst/clk_out2 | student_top_inst/Core_cpu/u_core/u_backend/u_commit/mcause_q[31]_i_1_n_0                                                                         | student_top_inst/cpu_rst_sync                                                                                   |               17 |             32 |         1.88 |
|  pll_inst/inst/clk_out2 | student_top_inst/Core_cpu/u_core/u_backend/u_rob/entry_q[5][csr_wdata][31]_i_1_n_0                                                               | student_top_inst/Core_cpu/u_core/u_backend/u_rob/entry_q[5][exception_cause][31]_i_1_n_0                        |               12 |             32 |         2.67 |
|  pll_inst/inst/clk_out2 | student_top_inst/Core_cpu/u_core/u_backend/u_commit/mcounteren_q[31]_i_1_n_0                                                                     | student_top_inst/cpu_rst_sync                                                                                   |               20 |             32 |         1.60 |
|  pll_inst/inst/clk_out2 | student_top_inst/Core_cpu/u_core/u_backend/u_rob/entry_q[31][csr_wdata][31]_i_2_n_0                                                              | student_top_inst/Core_cpu/u_core/u_backend/u_rob/entry_q[31][exception_cause][31]_i_1_n_0                       |               22 |             32 |         1.45 |
|  pll_inst/inst/clk_out2 | student_top_inst/Core_cpu/u_core/u_backend/u_rob/entry_q[31][result][31]_i_1_n_0                                                                 |                                                                                                                 |               19 |             32 |         1.68 |
|  pll_inst/inst/clk_out2 | student_top_inst/Core_cpu/u_core/u_backend/u_commit/medeleg_q[31]_i_1_n_0                                                                        | student_top_inst/cpu_rst_sync                                                                                   |               20 |             32 |         1.60 |
|  pll_inst/inst/clk_out2 | student_top_inst/Core_cpu/u_core/u_backend/u_commit/mepc_q[31]_i_1_n_0                                                                           | student_top_inst/cpu_rst_sync                                                                                   |               25 |             32 |         1.28 |
|  pll_inst/inst/clk_out2 | student_top_inst/Core_cpu/u_core/u_backend/u_rob/entry_q[3][csr_wdata][31]_i_1_n_0                                                               | student_top_inst/Core_cpu/u_core/u_backend/u_rob/entry_q[3][exception_cause][31]_i_1_n_0                        |               16 |             32 |         2.00 |
|  pll_inst/inst/clk_out2 | student_top_inst/Core_cpu/u_core/u_backend/u_rob/entry_q[3][result][31]_i_1_n_0                                                                  |                                                                                                                 |               16 |             32 |         2.00 |
|  pll_inst/inst/clk_out2 | student_top_inst/Core_cpu/u_core/u_backend/u_rob/entry_q[4][csr_wdata][31]_i_2_n_0                                                               | student_top_inst/Core_cpu/u_core/u_backend/u_rob/entry_q[4][csr_wdata][31]_i_1_n_0                              |               13 |             32 |         2.46 |
|  pll_inst/inst/clk_out2 | student_top_inst/Core_cpu/u_core/u_backend/u_rob/entry_q[4][csr_wdata][31]_i_2_n_0                                                               | student_top_inst/Core_cpu/u_core/u_backend/u_rob/entry_q[4][exception_cause][31]_i_1_n_0                        |               20 |             32 |         1.60 |
|  pll_inst/inst/clk_out2 | student_top_inst/Core_cpu/u_core/u_backend/u_rob/entry_q[4][result][31]_i_1_n_0                                                                  |                                                                                                                 |               12 |             32 |         2.67 |
|  pll_inst/inst/clk_out2 | student_top_inst/Core_cpu/u_core/u_backend/u_rob/entry_q[5][result][31]_i_1_n_0                                                                  |                                                                                                                 |               16 |             32 |         2.00 |
|  pll_inst/inst/clk_out2 | student_top_inst/Core_cpu/u_core/u_backend/u_commit/mideleg_q[31]_i_1_n_0                                                                        | student_top_inst/cpu_rst_sync                                                                                   |               20 |             32 |         1.60 |
|  pll_inst/inst/clk_out2 | student_top_inst/Core_cpu/u_core/u_backend/u_rob/entry_q[6][csr_wdata][31]_i_1_n_0                                                               | student_top_inst/Core_cpu/u_core/u_backend/u_rob/entry_q[6][exception_cause][31]_i_1_n_0                        |               14 |             32 |         2.29 |
|  pll_inst/inst/clk_out2 | student_top_inst/Core_cpu/u_core/u_backend/u_commit/mie_q[31]_i_1_n_0                                                                            | student_top_inst/cpu_rst_sync                                                                                   |               22 |             32 |         1.45 |
|  pll_inst/inst/clk_out2 | student_top_inst/Core_cpu/u_core/u_backend/u_rob/entry_q[6][result][31]_i_1_n_0                                                                  |                                                                                                                 |               12 |             32 |         2.67 |
|  pll_inst/inst/clk_out2 | student_top_inst/Core_cpu/u_core/u_backend/u_rob/entry_q[7][csr_wdata][31]_i_1_n_0                                                               | student_top_inst/Core_cpu/u_core/u_backend/u_rob/entry_q[7][exception_cause][31]_i_1_n_0                        |               13 |             32 |         2.46 |
|  pll_inst/inst/clk_out2 | student_top_inst/Core_cpu/u_core/u_backend/u_rob/entry_q[7][result][31]_i_1_n_0                                                                  |                                                                                                                 |                9 |             32 |         3.56 |
|  pll_inst/inst/clk_out2 | student_top_inst/Core_cpu/u_core/u_backend/u_rob/entry_q[8][csr_wdata][31]_i_1_n_0                                                               | student_top_inst/Core_cpu/u_core/u_backend/u_rob/entry_q[8][exception_cause][31]_i_1_n_0                        |               17 |             32 |         1.88 |
|  pll_inst/inst/clk_out2 | student_top_inst/Core_cpu/u_core/u_backend/u_commit/mscratch_q[31]_i_1_n_0                                                                       | student_top_inst/cpu_rst_sync                                                                                   |               24 |             32 |         1.33 |
|  pll_inst/inst/clk_out2 | student_top_inst/Core_cpu/u_core/u_backend/u_rob/entry_q[8][result][31]_i_1_n_0                                                                  |                                                                                                                 |               17 |             32 |         1.88 |
|  pll_inst/inst/clk_out2 | student_top_inst/Core_cpu/u_core/u_backend/u_commit/mtval_q[31]_i_1_n_0                                                                          | student_top_inst/cpu_rst_sync                                                                                   |               14 |             32 |         2.29 |
|  pll_inst/inst/clk_out2 | student_top_inst/Core_cpu/u_core/u_backend/u_rob/entry_q[9][csr_wdata][31]_i_1_n_0                                                               | student_top_inst/Core_cpu/u_core/u_backend/u_rob/entry_q[9][exception_cause][31]_i_1_n_0                        |               16 |             32 |         2.00 |
|  pll_inst/inst/clk_out2 | student_top_inst/Core_cpu/u_core/u_backend/u_rob/entry_q[9][result][31]_i_1_n_0                                                                  |                                                                                                                 |                9 |             32 |         3.56 |
|  pll_inst/inst/clk_out2 | student_top_inst/Core_cpu/u_core/u_backend/u_store_buffer/entry_q[0][data][31]_i_1_n_0                                                           |                                                                                                                 |               28 |             32 |         1.14 |
|  pll_inst/inst/clk_out2 | student_top_inst/Core_cpu/u_core/u_pc_gen/pc_q[31]_i_1_n_0                                                                                       | student_top_inst/cpu_rst_sync                                                                                   |               13 |             32 |         2.46 |
|  pll_inst/inst/clk_out2 | student_top_inst/Core_cpu/u_core/u_backend/u_commit/mtvec_q[31]_i_1_n_0                                                                          | student_top_inst/cpu_rst_sync                                                                                   |               16 |             32 |         2.00 |
|  pll_inst/inst/clk_out2 | student_top_inst/Core_cpu/u_core/u_backend/u_commit/pmpaddr0_q[31]_i_1_n_0                                                                       | student_top_inst/cpu_rst_sync                                                                                   |               18 |             32 |         1.78 |
|  pll_inst/inst/clk_out2 | student_top_inst/Core_cpu/exReadData_q[31]_i_1_n_0                                                                                               | student_top_inst/cpu_rst_sync                                                                                   |               10 |             32 |         3.20 |
|  pll_inst/inst/clk_out2 | student_top_inst/Core_cpu/u_core/u_fetch/pc_q[31]_i_1_n_0                                                                                        | student_top_inst/cpu_rst_sync                                                                                   |                8 |             32 |         4.00 |
|  pll_inst/inst/clk_out2 | student_top_inst/Core_cpu/u_core/u_backend/u_execute/u_muldiv/u_div/U0/i_synth/i_has_input_skid.i_2to1/gen_has_z_tready.reg1_a_tdata[31]_i_1_n_0 |                                                                                                                 |                7 |             32 |         4.57 |
|  pll_inst/inst/clk_out2 | student_top_inst/Core_cpu/u_core/u_backend/u_execute/u_muldiv/u_div/U0/i_synth/i_has_input_skid.i_2to1/gen_has_z_tready.reg1_b_tdata[31]_i_1_n_0 |                                                                                                                 |                7 |             32 |         4.57 |
|  pll_inst/inst/clk_out2 | student_top_inst/Core_cpu/u_core/u_backend/u_execute/u_muldiv/u_div/U0/i_synth/i_has_input_skid.i_2to1/p_12_in                                   |                                                                                                                 |                5 |             32 |         6.40 |
|  pll_inst/inst/clk_out2 | student_top_inst/Core_cpu/u_core/u_backend/u_int_iq/u_active_queue/entry_q[0][uop][imm_j][31]_i_1_n_0                                            | student_top_inst/Core_cpu/u_core/u_backend/u_int_iq/u_active_queue/entry_q[0][uop][exception_cause][31]_i_1_n_0 |               11 |             36 |         3.27 |
|  pll_inst/inst/clk_out2 | student_top_inst/Core_cpu/u_core/u_backend/u_rob/entry_q[27][exception_cause][31]_i_2_n_0                                                        |                                                                                                                 |               22 |             42 |         1.91 |
|  pll_inst/inst/clk_out2 | student_top_inst/Core_cpu/u_dcache/data_write_valid_q0                                                                                           | student_top_inst/cpu_rst_sync                                                                                   |               29 |             43 |         1.48 |
|  pll_inst/inst/clk_out2 | student_top_inst/Core_cpu/u_dcache/data_way1_q_reg_0_63_0_2_i_4_n_0                                                                              |                                                                                                                 |               11 |             44 |         4.00 |
|  pll_inst/inst/clk_out2 | student_top_inst/Core_cpu/u_dcache/data_way0_q_reg_192_255_0_2_i_1_n_0                                                                           |                                                                                                                 |               11 |             44 |         4.00 |
|  pll_inst/inst/clk_out2 | student_top_inst/Core_cpu/u_dcache/data_way1_q_reg_832_895_0_2_i_1_n_0                                                                           |                                                                                                                 |               11 |             44 |         4.00 |
|  pll_inst/inst/clk_out2 | student_top_inst/Core_cpu/u_dcache/data_way0_q_reg_0_63_0_2_i_1_n_0                                                                              |                                                                                                                 |               11 |             44 |         4.00 |
|  pll_inst/inst/clk_out2 | student_top_inst/Core_cpu/u_core/u_backend/u_rob/entry_q[31][csr_wdata][31]_i_2_n_0                                                              |                                                                                                                 |               25 |             44 |         1.76 |
|  pll_inst/inst/clk_out2 | student_top_inst/Core_cpu/u_dcache/data_way0_q_reg_128_191_0_2_i_1_n_0                                                                           |                                                                                                                 |               11 |             44 |         4.00 |
|  pll_inst/inst/clk_out2 | student_top_inst/Core_cpu/u_dcache/data_way1_q_reg_128_191_0_2_i_1_n_0                                                                           |                                                                                                                 |               11 |             44 |         4.00 |
|  pll_inst/inst/clk_out2 | student_top_inst/Core_cpu/u_dcache/data_way1_q_reg_192_255_0_2_i_1_n_0                                                                           |                                                                                                                 |               11 |             44 |         4.00 |
|  pll_inst/inst/clk_out2 | student_top_inst/Core_cpu/u_dcache/data_way1_q_reg_256_319_0_2_i_1_n_0                                                                           |                                                                                                                 |               11 |             44 |         4.00 |
|  pll_inst/inst/clk_out2 | student_top_inst/Core_cpu/u_dcache/data_way1_q_reg_960_1023_0_2_i_1_n_0                                                                          |                                                                                                                 |               11 |             44 |         4.00 |
|  pll_inst/inst/clk_out2 | student_top_inst/Core_cpu/u_dcache/data_way1_q_reg_320_383_0_2_i_1_n_0                                                                           |                                                                                                                 |               11 |             44 |         4.00 |
|  pll_inst/inst/clk_out2 | student_top_inst/Core_cpu/u_dcache/data_way0_q_reg_320_383_0_2_i_1_n_0                                                                           |                                                                                                                 |               11 |             44 |         4.00 |
|  pll_inst/inst/clk_out2 | student_top_inst/Core_cpu/u_dcache/data_way1_q_reg_384_447_0_2_i_1_n_0                                                                           |                                                                                                                 |               11 |             44 |         4.00 |
|  pll_inst/inst/clk_out2 | student_top_inst/Core_cpu/u_dcache/data_way1_q_reg_448_511_0_2_i_1_n_0                                                                           |                                                                                                                 |               11 |             44 |         4.00 |
|  pll_inst/inst/clk_out2 | student_top_inst/Core_cpu/u_dcache/data_way1_q_reg_576_639_0_2_i_1_n_0                                                                           |                                                                                                                 |               11 |             44 |         4.00 |
|  pll_inst/inst/clk_out2 | student_top_inst/Core_cpu/u_dcache/data_way1_q_reg_512_575_0_2_i_1_n_0                                                                           |                                                                                                                 |               11 |             44 |         4.00 |
|  pll_inst/inst/clk_out2 | student_top_inst/Core_cpu/u_dcache/data_way1_q_reg_896_959_0_2_i_1_n_0                                                                           |                                                                                                                 |               11 |             44 |         4.00 |
|  pll_inst/inst/clk_out2 | student_top_inst/Core_cpu/u_core/u_backend/u_rob/entry_q[4][csr_wdata][31]_i_2_n_0                                                               |                                                                                                                 |               29 |             44 |         1.52 |
|  pll_inst/inst/clk_out2 | student_top_inst/Core_cpu/u_dcache/data_way0_q_reg_256_319_0_2_i_1_n_0                                                                           |                                                                                                                 |               11 |             44 |         4.00 |
|  pll_inst/inst/clk_out2 | student_top_inst/Core_cpu/u_core/u_bpu/ras_q_reg_0_7_0_5_i_1_n_0                                                                                 |                                                                                                                 |                6 |             44 |         7.33 |
|  pll_inst/inst/clk_out2 | student_top_inst/Core_cpu/u_dcache/data_way0_q_reg_448_511_0_2_i_1_n_0                                                                           |                                                                                                                 |               11 |             44 |         4.00 |
|  pll_inst/inst/clk_out2 | student_top_inst/Core_cpu/u_core/u_backend/u_rob/entry_q[14][csr_wdata][31]_i_2_n_0                                                              |                                                                                                                 |               29 |             44 |         1.52 |
|  pll_inst/inst/clk_out2 | student_top_inst/Core_cpu/u_dcache/data_way0_q_reg_384_447_0_2_i_1_n_0                                                                           |                                                                                                                 |               11 |             44 |         4.00 |
|  pll_inst/inst/clk_out2 | student_top_inst/Core_cpu/u_dcache/data_way0_q_reg_576_639_0_2_i_1_n_0                                                                           |                                                                                                                 |               11 |             44 |         4.00 |
|  pll_inst/inst/clk_out2 | student_top_inst/Core_cpu/u_dcache/data_way0_q_reg_512_575_0_2_i_1_n_0                                                                           |                                                                                                                 |               11 |             44 |         4.00 |
|  pll_inst/inst/clk_out2 | student_top_inst/Core_cpu/u_dcache/data_way1_q_reg_640_703_0_2_i_1_n_0                                                                           |                                                                                                                 |               11 |             44 |         4.00 |
|  pll_inst/inst/clk_out2 | student_top_inst/Core_cpu/u_dcache/data_way1_q_reg_64_127_0_2_i_1_n_0                                                                            |                                                                                                                 |               11 |             44 |         4.00 |
|  pll_inst/inst/clk_out2 | student_top_inst/Core_cpu/u_dcache/data_way1_q_reg_768_831_0_2_i_1_n_0                                                                           |                                                                                                                 |               11 |             44 |         4.00 |
|  pll_inst/inst/clk_out2 | student_top_inst/Core_cpu/u_dcache/data_way1_q_reg_704_767_0_2_i_1_n_0                                                                           |                                                                                                                 |               11 |             44 |         4.00 |
|  pll_inst/inst/clk_out2 | student_top_inst/Core_cpu/u_dcache/data_way0_q_reg_704_767_0_2_i_1_n_0                                                                           |                                                                                                                 |               11 |             44 |         4.00 |
|  pll_inst/inst/clk_out2 | student_top_inst/Core_cpu/u_dcache/data_way0_q_reg_64_127_0_2_i_1_n_0                                                                            |                                                                                                                 |               11 |             44 |         4.00 |
|  pll_inst/inst/clk_out2 | student_top_inst/Core_cpu/u_dcache/data_way0_q_reg_640_703_0_2_i_1_n_0                                                                           |                                                                                                                 |               11 |             44 |         4.00 |
|  pll_inst/inst/clk_out2 | student_top_inst/Core_cpu/u_dcache/data_way0_q_reg_768_831_0_2_i_1_n_0                                                                           |                                                                                                                 |               11 |             44 |         4.00 |
|  pll_inst/inst/clk_out2 | student_top_inst/Core_cpu/u_dcache/data_way0_q_reg_896_959_0_2_i_1_n_0                                                                           |                                                                                                                 |               11 |             44 |         4.00 |
|  pll_inst/inst/clk_out2 | student_top_inst/Core_cpu/u_dcache/data_way0_q_reg_832_895_0_2_i_1_n_0                                                                           |                                                                                                                 |               11 |             44 |         4.00 |
|  pll_inst/inst/clk_out2 | student_top_inst/Core_cpu/u_dcache/data_way0_q_reg_960_1023_0_2_i_1_n_0                                                                          |                                                                                                                 |               11 |             44 |         4.00 |
|  pll_inst/inst/clk_out2 | student_top_inst/Core_cpu/u_core/u_backend/u_store_buffer/entry_q[4][rob_idx][4]_i_1_n_0                                                         |                                                                                                                 |               36 |             47 |         1.31 |
|  pll_inst/inst/clk_out2 | student_top_inst/Core_cpu/u_core/u_backend/u_store_buffer/entry_q[0][addr][31]_i_1_n_0                                                           |                                                                                                                 |               37 |             47 |         1.27 |
|  pll_inst/inst/clk_out2 | student_top_inst/Core_cpu/u_core/u_backend/u_store_buffer/entry_q[7][rob_idx][4]_i_2_n_0                                                         | student_top_inst/Core_cpu/u_core/u_backend/u_store_buffer/entry_q[7][rob_idx][4]_i_1_n_0                        |               21 |             47 |         2.24 |
|  pll_inst/inst/clk_out2 | student_top_inst/Core_cpu/u_core/u_backend/u_store_buffer/entry_q[6][rob_idx][4]_i_1_n_0                                                         |                                                                                                                 |               20 |             47 |         2.35 |
|  pll_inst/inst/clk_out2 | student_top_inst/Core_cpu/u_core/u_backend/u_store_buffer/entry_q[1][rob_idx][4]_i_1_n_0                                                         |                                                                                                                 |               38 |             47 |         1.24 |
|  pll_inst/inst/clk_out2 | student_top_inst/Core_cpu/u_core/u_backend/u_store_buffer/entry_q[5][rob_idx][4]_i_1_n_0                                                         |                                                                                                                 |               23 |             47 |         2.04 |
|  pll_inst/inst/clk_out2 | student_top_inst/Core_cpu/u_core/u_backend/u_store_buffer/entry_q[3][rob_idx][4]_i_1_n_0                                                         |                                                                                                                 |               40 |             47 |         1.17 |
|  pll_inst/inst/clk_out2 | student_top_inst/Core_cpu/u_core/u_backend/u_store_buffer/entry_q[2][rob_idx][4]_i_1_n_0                                                         |                                                                                                                 |               36 |             47 |         1.31 |
|  pll_inst/inst/clk_out2 | student_top_inst/Core_cpu/u_core/u_backend/u_rob/entry_q[23][csr_wdata][31]_i_1_n_0                                                              |                                                                                                                 |               26 |             52 |         2.00 |
|  pll_inst/inst/clk_out2 | student_top_inst/Core_cpu/u_core/u_backend/u_rob/entry_q[19][csr_wdata][28]_i_1_n_0                                                              |                                                                                                                 |               35 |             59 |         1.69 |
|  pll_inst/inst/clk_out2 | student_top_inst/Core_cpu/u_core/u_backend/u_rob/entry_q[15][csr_wdata][31]_i_1_n_0                                                              |                                                                                                                 |               37 |             63 |         1.70 |
|  pll_inst/inst/clk_out2 | student_top_inst/Core_cpu/u_core/u_backend/u_rob/entry_q[24][exception_cause][31]_i_2_n_0                                                        |                                                                                                                 |               44 |             63 |         1.43 |
|  pll_inst/inst/clk_out2 | student_top_inst/Core_cpu/u_core/u_backend/u_rob/entry_q[0][csr_wdata][31]_i_1_n_0                                                               |                                                                                                                 |               39 |             65 |         1.67 |
|  pll_inst/inst/clk_out2 | student_top_inst/Core_cpu/u_core/u_backend/u_rob/entry_q[6][csr_wdata][31]_i_1_n_0                                                               |                                                                                                                 |               29 |             65 |         2.24 |
|  pll_inst/inst/clk_out2 | student_top_inst/Core_cpu/u_core/u_backend/u_execute/mem_req_store_data_valid_q                                                                  |                                                                                                                 |               36 |             66 |         1.83 |
|  pll_inst/inst/clk_out2 | student_top_inst/Core_cpu/u_core/u_fetch/pred_taken_q                                                                                            | student_top_inst/cpu_rst_sync                                                                                   |               22 |             68 |         3.09 |
|  pll_inst/inst/clk_out2 | student_top_inst/Core_cpu/storeWritePending                                                                                                      | student_top_inst/cpu_rst_sync                                                                                   |               23 |             68 |         2.96 |
|  pll_inst/inst/clk_out2 | student_top_inst/Core_cpu/u_core/u_backend/u_rob/entry_q[8][csr_wdata][31]_i_1_n_0                                                               |                                                                                                                 |               37 |             68 |         1.84 |
|  pll_inst/inst/clk_out2 | student_top_inst/Core_cpu/u_core/u_backend/u_rob/entry_q[3][csr_wdata][31]_i_1_n_0                                                               |                                                                                                                 |               43 |             70 |         1.63 |
|  pll_inst/inst/clk_out2 | student_top_inst/Core_cpu/u_core/u_backend/u_rob/entry_q[5][csr_wdata][31]_i_1_n_0                                                               |                                                                                                                 |               33 |             71 |         2.15 |
|  pll_inst/inst/clk_out2 | student_top_inst/Core_cpu/u_core/u_backend/u_rob/entry_q[9][csr_wdata][31]_i_1_n_0                                                               |                                                                                                                 |               43 |             71 |         1.65 |
|  pll_inst/inst/clk_out1 |                                                                                                                                                  | student_top_inst/cnt_rst_sync                                                                                   |               14 |             71 |         5.07 |
|  pll_inst/inst/clk_out2 | student_top_inst/Core_cpu/u_core/u_backend/u_rob/entry_q[28][exception_cause][31]_i_2_n_0                                                        |                                                                                                                 |               46 |             73 |         1.59 |
|  pll_inst/inst/clk_out2 | student_top_inst/Core_cpu/u_core/u_backend/u_rob/entry_q[30][exception_cause][31]_i_2_n_0                                                        |                                                                                                                 |               42 |             73 |         1.74 |
|  pll_inst/inst/clk_out2 | student_top_inst/Core_cpu/u_core/u_backend/u_rob/entry_q[18][csr_wdata][31]_i_1_n_0                                                              |                                                                                                                 |               40 |             73 |         1.83 |
|  pll_inst/inst/clk_out2 | student_top_inst/Core_cpu/u_core/u_backend/u_rob/entry_q[2][csr_wdata][31]_i_1_n_0                                                               |                                                                                                                 |               43 |             73 |         1.70 |
|  pll_inst/inst/clk_out2 | student_top_inst/Core_cpu/u_core/u_backend/u_rob/entry_q[29][csr_wdata][31]_i_1_n_0                                                              |                                                                                                                 |               38 |             74 |         1.95 |
|  pll_inst/inst/clk_out2 | student_top_inst/Core_cpu/u_core/u_backend/u_rob/entry_q[20][csr_wdata][31]_i_1_n_0                                                              |                                                                                                                 |               37 |             74 |         2.00 |
|  pll_inst/inst/clk_out2 | student_top_inst/Core_cpu/u_core/u_backend/u_rob/entry_q[26][exception_cause][31]_i_2_n_0                                                        |                                                                                                                 |               48 |             74 |         1.54 |
|  pll_inst/inst/clk_out2 | student_top_inst/Core_cpu/u_core/u_backend/u_rob/entry_q[11][csr_wdata][31]_i_1_n_0                                                              |                                                                                                                 |               41 |             75 |         1.83 |
|  pll_inst/inst/clk_out2 | student_top_inst/Core_cpu/u_core/u_backend/u_rob/entry_q[1][csr_wdata][30]_i_1_n_0                                                               |                                                                                                                 |               55 |             75 |         1.36 |
|  pll_inst/inst/clk_out2 | student_top_inst/Core_cpu/u_core/u_backend/u_rob/entry_q[13][csr_wdata][31]_i_1_n_0                                                              |                                                                                                                 |               41 |             75 |         1.83 |
|  pll_inst/inst/clk_out2 | student_top_inst/Core_cpu/u_core/u_backend/u_rob/entry_q[25][exception_cause][31]_i_2_n_0                                                        |                                                                                                                 |               37 |             75 |         2.03 |
|  pll_inst/inst/clk_out2 | student_top_inst/Core_cpu/u_core/u_backend/dispatch_buffer_entry_q[2][uop][imm_j][19]_i_1_n_0                                                    | student_top_inst/Core_cpu/u_core/u_backend/dispatch_buffer_entry_q[2][uop][imm_j][31]_i_1_n_0                   |               30 |             76 |         2.53 |
|  pll_inst/inst/clk_out2 | student_top_inst/Core_cpu/u_core/u_backend/u_rob/entry_q[12][csr_wdata][31]_i_1_n_0                                                              |                                                                                                                 |               42 |             76 |         1.81 |
|  pll_inst/inst/clk_out2 | student_top_inst/Core_cpu/u_core/u_backend/u_rob/entry_q[21][exception_cause][31]_i_2_n_0                                                        |                                                                                                                 |               36 |             76 |         2.11 |
|  pll_inst/inst/clk_out2 | student_top_inst/Core_cpu/u_core/u_backend/u_rob/entry_q[7][csr_wdata][31]_i_1_n_0                                                               |                                                                                                                 |               33 |             76 |         2.30 |
|  pll_inst/inst/clk_out2 | student_top_inst/Core_cpu/u_core/u_backend/u_rob/entry_q[10][csr_wdata][31]_i_1_n_0                                                              |                                                                                                                 |               41 |             76 |         1.85 |
|  pll_inst/inst/clk_out2 | student_top_inst/Core_cpu/u_core/u_backend/u_rob/entry_q[17][csr_wdata][31]_i_1_n_0                                                              |                                                                                                                 |               46 |             76 |         1.65 |
|  pll_inst/inst/clk_out2 | student_top_inst/Core_cpu/u_core/u_backend/u_rob/entry_q[22][csr_wdata][31]_i_1_n_0                                                              |                                                                                                                 |               38 |             76 |         2.00 |
|  pll_inst/inst/clk_out2 |                                                                                                                                                  | student_top_inst/Core_cpu/u_core/u_backend/u_execute/load_resp_complete                                         |               38 |             77 |         2.03 |
|  pll_inst/inst/clk_out1 |                                                                                                                                                  | rst_50m_sync                                                                                                    |               29 |             84 |         2.90 |
|  pll_inst/inst/clk_out2 | student_top_inst/Core_cpu/u_core/u_backend/u_execute/u_muldiv/active_uop_q                                                                       |                                                                                                                 |               58 |            118 |         2.03 |
|  pll_inst/inst/clk_out2 | student_top_inst/Core_cpu/u_core/u_backend/u_rob/entry_q[0][uop][pred_target][31]_i_1_n_0                                                        |                                                                                                                 |               55 |            122 |         2.22 |
|  pll_inst/inst/clk_out2 | student_top_inst/Core_cpu/u_core/u_backend/u_rob/entry_q[11][uop][pred_target][31]_i_1_n_0                                                       |                                                                                                                 |               41 |            122 |         2.98 |
|  pll_inst/inst/clk_out2 | student_top_inst/Core_cpu/u_core/u_backend/u_rob/entry_q[15][uop][pred_target][31]_i_1_n_0                                                       |                                                                                                                 |               53 |            122 |         2.30 |
|  pll_inst/inst/clk_out2 | student_top_inst/Core_cpu/u_core/u_backend/u_rob/entry_q[10][uop][pred_target][31]_i_1_n_0                                                       |                                                                                                                 |               44 |            122 |         2.77 |
|  pll_inst/inst/clk_out2 | student_top_inst/Core_cpu/u_core/u_backend/u_rob/entry_q[21][uop][pred_target][31]_i_1_n_0                                                       |                                                                                                                 |               46 |            122 |         2.65 |
|  pll_inst/inst/clk_out2 | student_top_inst/Core_cpu/u_core/u_backend/u_rob/entry_q[16][uop][pred_target][31]_i_1_n_0                                                       |                                                                                                                 |               56 |            122 |         2.18 |
|  pll_inst/inst/clk_out2 | student_top_inst/Core_cpu/u_core/u_backend/u_rob/entry_q[12][uop][pred_target][31]_i_1_n_0                                                       |                                                                                                                 |               50 |            122 |         2.44 |
|  pll_inst/inst/clk_out2 | student_top_inst/Core_cpu/u_core/u_backend/u_rob/entry_q[1][uop][pred_target][31]_i_1_n_0                                                        |                                                                                                                 |               47 |            122 |         2.60 |
|  pll_inst/inst/clk_out2 | student_top_inst/Core_cpu/u_core/u_backend/u_rob/entry_q[2][uop][pred_target][31]_i_1_n_0                                                        |                                                                                                                 |               51 |            122 |         2.39 |
|  pll_inst/inst/clk_out2 | student_top_inst/Core_cpu/u_core/u_backend/u_rob/entry_q[17][uop][pred_target][31]_i_1_n_0                                                       |                                                                                                                 |               51 |            122 |         2.39 |
|  pll_inst/inst/clk_out2 | student_top_inst/Core_cpu/u_core/u_backend/u_rob/entry_q[29][uop][pred_target][31]_i_1_n_0                                                       |                                                                                                                 |               45 |            122 |         2.71 |
|  pll_inst/inst/clk_out2 | student_top_inst/Core_cpu/u_core/u_backend/u_rob/entry_q[30][uop][pred_target][31]_i_1_n_0                                                       |                                                                                                                 |               42 |            122 |         2.90 |
|  pll_inst/inst/clk_out2 | student_top_inst/Core_cpu/u_core/u_backend/u_rob/entry_q[14][uop][pred_target][31]_i_1_n_0                                                       |                                                                                                                 |               53 |            122 |         2.30 |
|  pll_inst/inst/clk_out2 | student_top_inst/Core_cpu/u_core/u_backend/u_rob/entry_q[6][uop][pred_target][31]_i_1_n_0                                                        |                                                                                                                 |               40 |            122 |         3.05 |
|  pll_inst/inst/clk_out2 | student_top_inst/Core_cpu/u_core/u_backend/u_rob/entry_q[23][uop][pred_target][31]_i_1_n_0                                                       |                                                                                                                 |               55 |            122 |         2.22 |
|  pll_inst/inst/clk_out2 | student_top_inst/Core_cpu/u_core/u_backend/u_rob/entry_q[20][uop][pred_target][31]_i_1_n_0                                                       |                                                                                                                 |               42 |            122 |         2.90 |
|  pll_inst/inst/clk_out2 | student_top_inst/Core_cpu/u_core/u_backend/u_rob/entry_q[22][uop][pred_target][31]_i_1_n_0                                                       |                                                                                                                 |               50 |            122 |         2.44 |
|  pll_inst/inst/clk_out2 | student_top_inst/Core_cpu/u_core/u_backend/u_rob/entry_q[31][uop][pred_target][31]_i_1_n_0                                                       |                                                                                                                 |               45 |            122 |         2.71 |
|  pll_inst/inst/clk_out2 | student_top_inst/Core_cpu/u_core/u_backend/u_rob/entry_q[26][uop][pred_target][31]_i_1_n_0                                                       |                                                                                                                 |               44 |            122 |         2.77 |
|  pll_inst/inst/clk_out2 | student_top_inst/Core_cpu/u_core/u_backend/u_rob/entry_q[5][uop][pred_target][31]_i_1_n_0                                                        |                                                                                                                 |               51 |            122 |         2.39 |
|  pll_inst/inst/clk_out2 | student_top_inst/Core_cpu/u_core/u_backend/u_rob/entry_q[25][uop][pred_target][31]_i_1_n_0                                                       |                                                                                                                 |               46 |            122 |         2.65 |
|  pll_inst/inst/clk_out2 | student_top_inst/Core_cpu/u_core/u_backend/u_rob/entry_q[3][uop][pred_target][31]_i_1_n_0                                                        |                                                                                                                 |               53 |            122 |         2.30 |
|  pll_inst/inst/clk_out2 | student_top_inst/Core_cpu/u_core/u_backend/u_rob/entry_q[8][uop][pred_target][31]_i_1_n_0                                                        |                                                                                                                 |               43 |            122 |         2.84 |
|  pll_inst/inst/clk_out2 | student_top_inst/Core_cpu/u_core/u_backend/u_rob/entry_q[9][uop][pred_target][31]_i_1_n_0                                                        |                                                                                                                 |               38 |            122 |         3.21 |
|  pll_inst/inst/clk_out2 | student_top_inst/Core_cpu/u_core/u_backend/u_rob/entry_q[27][uop][pred_target][31]_i_1_n_0                                                       |                                                                                                                 |               39 |            122 |         3.13 |
|  pll_inst/inst/clk_out2 | student_top_inst/Core_cpu/u_core/u_backend/u_rob/entry_q[13][uop][pred_target][31]_i_1_n_0                                                       |                                                                                                                 |               53 |            122 |         2.30 |
|  pll_inst/inst/clk_out2 | student_top_inst/Core_cpu/u_core/u_backend/u_rob/entry_q[18][uop][pred_target][31]_i_1_n_0                                                       |                                                                                                                 |               55 |            122 |         2.22 |
|  pll_inst/inst/clk_out2 | student_top_inst/Core_cpu/u_core/u_backend/u_rob/entry_q[4][uop][pred_target][31]_i_1_n_0                                                        |                                                                                                                 |               42 |            122 |         2.90 |
|  pll_inst/inst/clk_out2 | student_top_inst/Core_cpu/u_core/u_backend/u_rob/entry_q[24][uop][pred_target][31]_i_1_n_0                                                       |                                                                                                                 |               46 |            122 |         2.65 |
|  pll_inst/inst/clk_out2 | student_top_inst/Core_cpu/u_core/u_backend/u_rob/entry_q[28][uop][pred_target][31]_i_1_n_0                                                       |                                                                                                                 |               48 |            122 |         2.54 |
|  pll_inst/inst/clk_out2 | student_top_inst/Core_cpu/u_core/u_backend/u_rob/entry_q[19][uop][pred_target][31]_i_1_n_0                                                       |                                                                                                                 |               51 |            122 |         2.39 |
|  pll_inst/inst/clk_out2 | student_top_inst/Core_cpu/u_core/u_backend/u_rob/entry_q474_out                                                                                  |                                                                                                                 |               45 |            129 |         2.87 |
|  pll_inst/inst/clk_out2 | student_top_inst/Core_cpu/u_dcache/cpu_req_ready_INST_0_i_3_n_0                                                                                  | student_top_inst/cpu_rst_sync                                                                                   |               83 |            143 |         1.72 |
|  pll_inst/inst/clk_out2 | student_top_inst/Core_cpu/u_core/u_bpu/btb_tag_q_reg_r1_192_255_0_2_i_1_n_0                                                                      |                                                                                                                 |               36 |            144 |         4.00 |
|  pll_inst/inst/clk_out2 | student_top_inst/Core_cpu/u_core/u_bpu/btb_tag_q_reg_r1_64_127_0_2_i_1_n_0                                                                       |                                                                                                                 |               36 |            144 |         4.00 |
|  pll_inst/inst/clk_out2 | student_top_inst/Core_cpu/u_core/u_bpu/btb_tag_q_reg_r1_128_191_0_2_i_1_n_0                                                                      |                                                                                                                 |               36 |            144 |         4.00 |
|  pll_inst/inst/clk_out2 | student_top_inst/Core_cpu/u_core/u_bpu/btb_tag_q_reg_r1_0_63_0_2_i_1_n_0                                                                         |                                                                                                                 |               36 |            144 |         4.00 |
|  pll_inst/inst/clk_out1 | twin_controller_inst/p_4_out                                                                                                                     | rst_50m_sync                                                                                                    |               41 |            144 |         3.51 |
|  pll_inst/inst/clk_out1 |                                                                                                                                                  | student_top_inst_i_1_n_0                                                                                        |               33 |            148 |         4.48 |
|  pll_inst/inst/clk_out2 | student_top_inst/Core_cpu/u_core/u_backend/u_mem_iq/entry_q[2][prs2][5]_i_1_n_0                                                                  |                                                                                                                 |               75 |            180 |         2.40 |
|  pll_inst/inst/clk_out2 | student_top_inst/Core_cpu/u_core/u_backend/u_mem_iq/entry_q205_out                                                                               |                                                                                                                 |               80 |            180 |         2.25 |
|  pll_inst/inst/clk_out2 | student_top_inst/Core_cpu/u_core/u_backend/u_mem_iq/entry_q212_out                                                                               |                                                                                                                 |              131 |            180 |         1.37 |
|  pll_inst/inst/clk_out2 | student_top_inst/Core_cpu/u_core/u_backend/u_dispatch/mem_entry_q[0][uop][pc][31]_i_1_n_0                                                        |                                                                                                                 |               59 |            180 |         3.05 |
|  pll_inst/inst/clk_out2 | student_top_inst/Core_cpu/u_core/u_backend/u_dispatch/mem_entry_q148_out                                                                         |                                                                                                                 |               72 |            180 |         2.50 |
|  pll_inst/inst/clk_out2 | student_top_inst/Core_cpu/u_core/u_backend/u_dispatch/mem_entry_q142_out                                                                         |                                                                                                                 |               57 |            180 |         3.16 |
|  pll_inst/inst/clk_out2 | student_top_inst/Core_cpu/u_core/u_backend/u_mem_iq/entry_q191_out                                                                               |                                                                                                                 |               73 |            180 |         2.47 |
|  pll_inst/inst/clk_out2 | student_top_inst/Core_cpu/u_core/u_backend/u_mem_iq/entry_q[4][prs2][5]_i_1_n_0                                                                  |                                                                                                                 |               68 |            180 |         2.65 |
|  pll_inst/inst/clk_out2 | student_top_inst/Core_cpu/u_core/u_backend/u_dispatch/mem_entry_q145_out                                                                         |                                                                                                                 |               91 |            180 |         1.98 |
|  pll_inst/inst/clk_out2 | student_top_inst/Core_cpu/u_core/u_backend/dispatch_buffer_entry_q[2][uop][imm_j][19]_i_1_n_0                                                    |                                                                                                                 |               73 |            204 |         2.79 |
|  pll_inst/inst/clk_out2 | student_top_inst/Core_cpu/u_core/u_backend/u_store_buffer/entry_q[7][data][31]_i_1_n_0                                                           |                                                                                                                 |              158 |            224 |         1.42 |
|  pll_inst/inst/clk_out2 | student_top_inst/Core_cpu/u_core/u_backend/u_execute/mem_req_addr_q[0][31]_i_1_n_0                                                               |                                                                                                                 |              101 |            227 |         2.25 |
|  pll_inst/inst/clk_out2 | student_top_inst/Core_cpu/u_core/u_backend/u_execute/mem_req_uop_q                                                                               |                                                                                                                 |               68 |            227 |         3.34 |
|  pll_inst/inst/clk_out2 | student_top_inst/Core_cpu/u_core/u_backend/u_execute/mem_probe_uop_q                                                                             |                                                                                                                 |              104 |            258 |         2.48 |
|  pll_inst/inst/clk_out2 | student_top_inst/Core_cpu/u_core/u_backend/u_int_iq/u_cold_queue/entry_q[1][prs2][5]_i_1_n_0                                                     |                                                                                                                 |              168 |            292 |         1.74 |
|  pll_inst/inst/clk_out2 | student_top_inst/Core_cpu/u_core/u_backend/u_int_iq/u_active_queue/entry_q[7][uop][imm_j][31]_i_1_n_0                                            |                                                                                                                 |              132 |            292 |         2.21 |
|  pll_inst/inst/clk_out2 | student_top_inst/Core_cpu/u_core/u_backend/u_int_iq/u_active_queue/entry_q[6][uop][imm_j][31]_i_1_n_0                                            |                                                                                                                 |              166 |            292 |         1.76 |
|  pll_inst/inst/clk_out2 | student_top_inst/Core_cpu/u_core/u_backend/u_int_iq/u_cold_queue/entry_q[0][prs1][5]_i_1_n_0                                                     |                                                                                                                 |              124 |            292 |         2.35 |
|  pll_inst/inst/clk_out2 | student_top_inst/Core_cpu/u_core/u_backend/u_int_iq/u_cold_queue/entry_q[3][prs2][5]_i_1_n_0                                                     |                                                                                                                 |              183 |            292 |         1.60 |
|  pll_inst/inst/clk_out2 | student_top_inst/Core_cpu/u_core/u_backend/u_int_iq/u_cold_queue/entry_q[2][prs2][5]_i_1_n_0                                                     |                                                                                                                 |              190 |            292 |         1.54 |
|  pll_inst/inst/clk_out2 | student_top_inst/Core_cpu/u_core/u_backend/u_int_iq/u_active_queue/entry_q[5][uop][imm_j][31]_i_1_n_0                                            |                                                                                                                 |              179 |            301 |         1.68 |
|  pll_inst/inst/clk_out2 | student_top_inst/Core_cpu/u_core/u_backend/u_int_iq/u_active_queue/entry_q[0][uop][imm_j][31]_i_1_n_0                                            |                                                                                                                 |              199 |            301 |         1.51 |
|  pll_inst/inst/clk_out2 | student_top_inst/Core_cpu/u_core/u_backend/u_int_iq/u_active_queue/entry_q[4][uop][imm_j][31]_i_1_n_0                                            |                                                                                                                 |              213 |            307 |         1.44 |
|  pll_inst/inst/clk_out2 | student_top_inst/Core_cpu/u_core/u_backend/u_int_iq/u_active_queue/entry_q[3][uop][imm_j][31]_i_1_n_0                                            |                                                                                                                 |              186 |            324 |         1.74 |
|  pll_inst/inst/clk_out2 | student_top_inst/Core_cpu/u_core/u_backend/u_int_iq/u_active_queue/entry_q[2][uop][imm_j][31]_i_1_n_0                                            |                                                                                                                 |              220 |            326 |         1.48 |
|  pll_inst/inst/clk_out2 | student_top_inst/Core_cpu/u_core/u_backend/dispatch_buffer_entry_q[1][uop][imm_j][29]_i_1_n_0                                                    |                                                                                                                 |              140 |            327 |         2.34 |
|  pll_inst/inst/clk_out2 | student_top_inst/Core_cpu/u_core/u_backend/u_int_iq/u_active_queue/entry_q[1][uop][imm_j][31]_i_1_n_0                                            |                                                                                                                 |              220 |            330 |         1.50 |
|  pll_inst/inst/clk_out2 | student_top_inst/Core_cpu/u_core/u_backend/dispatch_buffer_entry_q                                                                               |                                                                                                                 |               81 |            336 |         4.15 |
|  pll_inst/inst/clk_out2 | student_top_inst/Core_cpu/u_core/u_backend/dispatch_buffer_entry_q[0][alloc_prd]_i_1_n_0                                                         |                                                                                                                 |              170 |            336 |         1.98 |
|  pll_inst/inst/clk_out2 | student_top_inst/Core_cpu/u_core/u_backend/u_rob/p_875_out                                                                                       |                                                                                                                 |              242 |            544 |         2.25 |
|  pll_inst/inst/clk_out2 | student_top_inst/Core_cpu/u_core/u_fetch_buffer/u_fifo/p_5_out                                                                                   |                                                                                                                 |              327 |            776 |         2.37 |
|  pll_inst/inst/clk_out2 |                                                                                                                                                  |                                                                                                                 |              851 |           2263 |         2.66 |
|  pll_inst/inst/clk_out2 |                                                                                                                                                  | student_top_inst/cpu_rst_sync                                                                                   |             1137 |           2491 |         2.19 |
+-------------------------+--------------------------------------------------------------------------------------------------------------------------------------------------+-----------------------------------------------------------------------------------------------------------------+------------------+----------------+--------------+


