Copyright 1986-2022 Xilinx, Inc. All Rights Reserved. Copyright 2022-2023 Advanced Micro Devices, Inc. All Rights Reserved.
------------------------------------------------------------------------------------------------------------------------------------------------------------------------------------------------------
| Tool Version : Vivado v.2023.2 (win64) Build 4029153 Fri Oct 13 20:14:34 MDT 2023
| Date         : Sat Jul 11 19:07:33 2026
| Host         : LAPTOP-6CG4KN49 running 64-bit major release  (build 9200)
| Command      : report_timing_summary -max_paths 10 -report_unconstrained -file top_timing_summary_routed.rpt -pb top_timing_summary_routed.pb -rpx top_timing_summary_routed.rpx -warn_on_violation
| Design       : top
| Device       : 7k325t-ffg900
| Speed File   : -2  PRODUCTION 1.12 2017-02-17
| Design State : Routed
------------------------------------------------------------------------------------------------------------------------------------------------------------------------------------------------------

Timing Summary Report

------------------------------------------------------------------------------------------------
| Timer Settings
| --------------
------------------------------------------------------------------------------------------------

  Enable Multi Corner Analysis               :  Yes
  Enable Pessimism Removal                   :  Yes
  Pessimism Removal Resolution               :  Nearest Common Node
  Enable Input Delay Default Clock           :  No
  Enable Preset / Clear Arcs                 :  No
  Disable Flight Delays                      :  No
  Ignore I/O Paths                           :  No
  Timing Early Launch at Borrowing Latches   :  No
  Borrow Time for Max Delay Exceptions       :  Yes
  Merge Timing Exceptions                    :  Yes
  Inter-SLR Compensation                     :  Conservative

  Corner  Analyze    Analyze    
  Name    Max Paths  Min Paths  
  ------  ---------  ---------  
  Slow    Yes        Yes        
  Fast    Yes        Yes        


------------------------------------------------------------------------------------------------
| Report Methodology
| ------------------
------------------------------------------------------------------------------------------------

Rule       Severity  Description                                                                                            Violations  
---------  --------  -----------------------------------------------------------------------------------------------------  ----------  
HPDR-2     Warning   Port pin INOUT inconsistency                                                                           205         
SYNTH-5    Warning   Mapped onto distributed RAM because of timing constraints                                              8           
TIMING-16  Warning   Large setup violation                                                                                  1000        
TIMING-28  Warning   Auto-derived clock referenced by a timing constraint                                                   2           
TIMING-47  Warning   False path, asynchronous clock group or max delay datapath only constraint between synchronous clocks  2           

Note: This report is based on the most recent report_methodology run and may not be up-to-date. Run report_methodology on the current design for the latest report.



check_timing report

Table of Contents
-----------------
1. checking no_clock (0)
2. checking constant_clock (0)
3. checking pulse_width_clock (0)
4. checking unconstrained_internal_endpoints (0)
5. checking no_input_delay (1)
6. checking no_output_delay (69)
7. checking multiple_clock (0)
8. checking generated_clocks (0)
9. checking loops (0)
10. checking partial_input_delay (0)
11. checking partial_output_delay (0)
12. checking latch_loops (0)

1. checking no_clock (0)
------------------------
 There are 0 register/latch pins with no clock.


2. checking constant_clock (0)
------------------------------
 There are 0 register/latch pins with constant_clock.


3. checking pulse_width_clock (0)
---------------------------------
 There are 0 register/latch pins which need pulse_width check


4. checking unconstrained_internal_endpoints (0)
------------------------------------------------
 There are 0 pins that are not constrained for maximum delay.

 There are 0 pins that are not constrained for maximum delay due to constant clock.


5. checking no_input_delay (1)
------------------------------
 There is 1 input port with no input delay specified. (HIGH)

 There are 0 input ports with no input delay but user has a false path constraint.


6. checking no_output_delay (69)
--------------------------------
 There are 69 ports with no output delay specified. (HIGH)

 There are 0 ports with no output delay but user has a false path constraint

 There are 0 ports with no output delay but with a timing clock defined on it or propagating through it


7. checking multiple_clock (0)
------------------------------
 There are 0 register/latch pins with multiple clocks.


8. checking generated_clocks (0)
--------------------------------
 There are 0 generated clocks that are not connected to a clock source.


9. checking loops (0)
---------------------
 There are 0 combinational loops in the design.


10. checking partial_input_delay (0)
------------------------------------
 There are 0 input ports with partial input delay specified.


11. checking partial_output_delay (0)
-------------------------------------
 There are 0 ports with partial output delay specified.


12. checking latch_loops (0)
----------------------------
 There are 0 combinational latch loops in the design through latch input



------------------------------------------------------------------------------------------------
| Design Timing Summary
| ---------------------
------------------------------------------------------------------------------------------------

    WNS(ns)      TNS(ns)  TNS Failing Endpoints  TNS Total Endpoints      WHS(ns)      THS(ns)  THS Failing Endpoints  THS Total Endpoints     WPWS(ns)     TPWS(ns)  TPWS Failing Endpoints  TPWS Total Endpoints  
    -------      -------  ---------------------  -------------------      -------      -------  ---------------------  -------------------     --------     --------  ----------------------  --------------------  
     -4.495  -127382.055                  47536                82679        0.056        0.000                      0                82679        1.100        0.000                       0                 33861  


Timing constraints are not met.


------------------------------------------------------------------------------------------------
| Clock Summary
| -------------
------------------------------------------------------------------------------------------------

Clock           Waveform(ns)         Period(ns)      Frequency(MHz)
-----           ------------         ----------      --------------
i_sys_clk_p     {0.000 2.500}        5.000           200.000         
  clk_out1_pll  {0.000 10.000}       20.000          50.000          
  clk_out2_pll  {0.000 5.000}        10.000          100.000         
  clkfbout_pll  {0.000 2.500}        5.000           200.000         


------------------------------------------------------------------------------------------------
| Intra Clock Table
| -----------------
------------------------------------------------------------------------------------------------

Clock               WNS(ns)      TNS(ns)  TNS Failing Endpoints  TNS Total Endpoints      WHS(ns)      THS(ns)  THS Failing Endpoints  THS Total Endpoints     WPWS(ns)     TPWS(ns)  TPWS Failing Endpoints  TPWS Total Endpoints  
-----               -------      -------  ---------------------  -------------------      -------      -------  ---------------------  -------------------     --------     --------  ----------------------  --------------------  
i_sys_clk_p                                                                                                                                                       1.100        0.000                       0                     1  
  clk_out1_pll       16.581        0.000                      0                  885        0.067        0.000                      0                  885        9.600        0.000                       0                   583  
  clk_out2_pll       -4.495  -127382.055                  47536                73199        0.056        0.000                      0                73199        4.232        0.000                       0                 33274  
  clkfbout_pll                                                                                                                                                    3.592        0.000                       0                     3  


------------------------------------------------------------------------------------------------
| Inter Clock Table
| -----------------
------------------------------------------------------------------------------------------------

From Clock    To Clock          WNS(ns)      TNS(ns)  TNS Failing Endpoints  TNS Total Endpoints      WHS(ns)      THS(ns)  THS Failing Endpoints  THS Total Endpoints  
----------    --------          -------      -------  ---------------------  -------------------      -------      -------  ---------------------  -------------------  


------------------------------------------------------------------------------------------------
| Other Path Groups Table
| -----------------------
------------------------------------------------------------------------------------------------

Path Group         From Clock         To Clock               WNS(ns)      TNS(ns)  TNS Failing Endpoints  TNS Total Endpoints      WHS(ns)      THS(ns)  THS Failing Endpoints  THS Total Endpoints  
----------         ----------         --------               -------      -------  ---------------------  -------------------      -------      -------  ---------------------  -------------------  
**async_default**  clk_out1_pll       clk_out1_pll            17.636        0.000                      0                  319        0.312        0.000                      0                  319  
**async_default**  clk_out2_pll       clk_out2_pll             5.070        0.000                      0                 8276        0.217        0.000                      0                 8276  


------------------------------------------------------------------------------------------------
| User Ignored Path Table
| -----------------------
------------------------------------------------------------------------------------------------

Path Group    From Clock    To Clock    
----------    ----------    --------    
(none)        clk_out2_pll  clk_out1_pll  
(none)        clk_out1_pll  clk_out2_pll  


------------------------------------------------------------------------------------------------
| Unconstrained Path Table
| ------------------------
------------------------------------------------------------------------------------------------

Path Group    From Clock    To Clock    
----------    ----------    --------    
(none)        clk_out1_pll                
(none)        clk_out2_pll                
(none)        clkfbout_pll                
(none)                      clk_out1_pll  


------------------------------------------------------------------------------------------------
| Timing Details
| --------------
------------------------------------------------------------------------------------------------


---------------------------------------------------------------------------------------------------
From Clock:  i_sys_clk_p
  To Clock:  i_sys_clk_p

Setup :           NA  Failing Endpoints,  Worst Slack           NA  ,  Total Violation           NA
Hold  :           NA  Failing Endpoints,  Worst Slack           NA  ,  Total Violation           NA
PW    :            0  Failing Endpoints,  Worst Slack        1.100ns,  Total Violation        0.000ns
---------------------------------------------------------------------------------------------------


Pulse Width Checks
--------------------------------------------------------------------------------------
Clock Name:         i_sys_clk_p
Waveform(ns):       { 0.000 2.500 }
Period(ns):         5.000
Sources:            { i_sys_clk_p }

Check Type        Corner  Lib Pin            Reference Pin  Required(ns)  Actual(ns)  Slack(ns)  Location         Pin
Min Period        n/a     MMCME2_ADV/CLKIN1  n/a            1.071         5.000       3.929      MMCME2_ADV_X1Y1  pll_inst/inst/mmcm_adv_inst/CLKIN1
Max Period        n/a     MMCME2_ADV/CLKIN1  n/a            100.000       5.000       95.000     MMCME2_ADV_X1Y1  pll_inst/inst/mmcm_adv_inst/CLKIN1
Low Pulse Width   Slow    MMCME2_ADV/CLKIN1  n/a            1.400         2.500       1.100      MMCME2_ADV_X1Y1  pll_inst/inst/mmcm_adv_inst/CLKIN1
Low Pulse Width   Fast    MMCME2_ADV/CLKIN1  n/a            1.400         2.500       1.100      MMCME2_ADV_X1Y1  pll_inst/inst/mmcm_adv_inst/CLKIN1
High Pulse Width  Slow    MMCME2_ADV/CLKIN1  n/a            1.400         2.500       1.100      MMCME2_ADV_X1Y1  pll_inst/inst/mmcm_adv_inst/CLKIN1
High Pulse Width  Fast    MMCME2_ADV/CLKIN1  n/a            1.400         2.500       1.100      MMCME2_ADV_X1Y1  pll_inst/inst/mmcm_adv_inst/CLKIN1



---------------------------------------------------------------------------------------------------
From Clock:  clk_out1_pll
  To Clock:  clk_out1_pll

Setup :            0  Failing Endpoints,  Worst Slack       16.581ns,  Total Violation        0.000ns
Hold  :            0  Failing Endpoints,  Worst Slack        0.067ns,  Total Violation        0.000ns
PW    :            0  Failing Endpoints,  Worst Slack        9.600ns,  Total Violation        0.000ns
---------------------------------------------------------------------------------------------------


Max Delay Paths
--------------------------------------------------------------------------------------
Slack (MET) :             16.581ns  (required time - arrival time)
  Source:                 uart_inst/rx_data_reg[6]/C
                            (rising edge-triggered cell FDCE clocked by clk_out1_pll  {rise@0.000ns fall@10.000ns period=20.000ns})
  Destination:            twin_controller_inst/status_buffer_reg[15][7]/CE
                            (rising edge-triggered cell FDCE clocked by clk_out1_pll  {rise@0.000ns fall@10.000ns period=20.000ns})
  Path Group:             clk_out1_pll
  Path Type:              Setup (Max at Slow Process Corner)
  Requirement:            20.000ns  (clk_out1_pll rise@20.000ns - clk_out1_pll rise@0.000ns)
  Data Path Delay:        2.901ns  (logic 0.379ns (13.063%)  route 2.522ns (86.938%))
  Logic Levels:           2  (LUT5=1 LUT6=1)
  Clock Path Skew:        -0.150ns (DCD - SCD + CPR)
    Destination Clock Delay (DCD):    -1.677ns = ( 18.323 - 20.000 ) 
    Source Clock Delay      (SCD):    -2.221ns
    Clock Pessimism Removal (CPR):    -0.695ns
  Clock Uncertainty:      0.074ns  ((TSJ^2 + DJ^2)^1/2) / 2 + PE
    Total System Jitter     (TSJ):    0.071ns
    Discrete Jitter          (DJ):    0.129ns
    Phase Error              (PE):    0.000ns

    Location             Delay type                Incr(ns)  Path(ns)    Netlist Resource(s)
  -------------------------------------------------------------------    -------------------
                         (clock clk_out1_pll rise edge)
                                                      0.000     0.000 r  
    AD12                                              0.000     0.000 r  i_sys_clk_p (IN)
                         net (fo=0)                   0.000     0.000    pll_inst/inst/clk_in1_p
    AD12                 IBUFDS (Prop_ibufds_I_O)     0.906     0.906 r  pll_inst/inst/clkin1_ibufgds/O
                         net (fo=1, routed)           1.081     1.987    pll_inst/inst/clk_in1_pll
    MMCME2_ADV_X1Y1      MMCME2_ADV (Prop_mmcme2_adv_CLKIN1_CLKOUT0)
                                                     -7.786    -5.799 r  pll_inst/inst/mmcm_adv_inst/CLKOUT0
                         net (fo=1, routed)           2.130    -3.669    pll_inst/inst/clk_out1_pll
    BUFGCTRL_X0Y1        BUFG (Prop_bufg_I_O)         0.093    -3.576 r  pll_inst/inst/clkout1_buf/O
                         net (fo=581, routed)         1.355    -2.221    uart_inst/clk
    SLICE_X5Y196         FDCE                                         r  uart_inst/rx_data_reg[6]/C
  -------------------------------------------------------------------    -------------------
    SLICE_X5Y196         FDCE (Prop_fdce_C_Q)         0.204    -2.017 f  uart_inst/rx_data_reg[6]/Q
                         net (fo=17, routed)          0.845    -1.173    twin_controller_inst/rx_data[6]
    SLICE_X5Y198         LUT6 (Prop_lut6_I3_O)        0.124    -1.049 r  twin_controller_inst/status_buffer[0][7]_i_2/O
                         net (fo=2, routed)           0.520    -0.529    twin_controller_inst/status_buffer[0][7]_i_2_n_0
    SLICE_X5Y201         LUT5 (Prop_lut5_I2_O)        0.051    -0.478 r  twin_controller_inst/status_buffer[0][7]_i_1/O
                         net (fo=144, routed)         1.158     0.680    twin_controller_inst/p_4_out
    SLICE_X4Y202         FDCE                                         r  twin_controller_inst/status_buffer_reg[15][7]/CE
  -------------------------------------------------------------------    -------------------

                         (clock clk_out1_pll rise edge)
                                                     20.000    20.000 r  
    AD12                                              0.000    20.000 r  i_sys_clk_p (IN)
                         net (fo=0)                   0.000    20.000    pll_inst/inst/clk_in1_p
    AD12                 IBUFDS (Prop_ibufds_I_O)     0.803    20.803 r  pll_inst/inst/clkin1_ibufgds/O
                         net (fo=1, routed)           0.986    21.789    pll_inst/inst/clk_in1_pll
    MMCME2_ADV_X1Y1      MMCME2_ADV (Prop_mmcme2_adv_CLKIN1_CLKOUT0)
                                                     -6.759    15.030 r  pll_inst/inst/mmcm_adv_inst/CLKOUT0
                         net (fo=1, routed)           2.005    17.035    pll_inst/inst/clk_out1_pll
    BUFGCTRL_X0Y1        BUFG (Prop_bufg_I_O)         0.083    17.118 r  pll_inst/inst/clkout1_buf/O
                         net (fo=581, routed)         1.205    18.323    twin_controller_inst/clk
    SLICE_X4Y202         FDCE                                         r  twin_controller_inst/status_buffer_reg[15][7]/C
                         clock pessimism             -0.695    17.629    
                         clock uncertainty           -0.074    17.555    
    SLICE_X4Y202         FDCE (Setup_fdce_C_CE)      -0.294    17.261    twin_controller_inst/status_buffer_reg[15][7]
  -------------------------------------------------------------------
                         required time                         17.261    
                         arrival time                          -0.680    
  -------------------------------------------------------------------
                         slack                                 16.581    

Slack (MET) :             16.581ns  (required time - arrival time)
  Source:                 uart_inst/rx_data_reg[6]/C
                            (rising edge-triggered cell FDCE clocked by clk_out1_pll  {rise@0.000ns fall@10.000ns period=20.000ns})
  Destination:            twin_controller_inst/status_buffer_reg[1][3]/CE
                            (rising edge-triggered cell FDCE clocked by clk_out1_pll  {rise@0.000ns fall@10.000ns period=20.000ns})
  Path Group:             clk_out1_pll
  Path Type:              Setup (Max at Slow Process Corner)
  Requirement:            20.000ns  (clk_out1_pll rise@20.000ns - clk_out1_pll rise@0.000ns)
  Data Path Delay:        2.901ns  (logic 0.379ns (13.063%)  route 2.522ns (86.938%))
  Logic Levels:           2  (LUT5=1 LUT6=1)
  Clock Path Skew:        -0.150ns (DCD - SCD + CPR)
    Destination Clock Delay (DCD):    -1.677ns = ( 18.323 - 20.000 ) 
    Source Clock Delay      (SCD):    -2.221ns
    Clock Pessimism Removal (CPR):    -0.695ns
  Clock Uncertainty:      0.074ns  ((TSJ^2 + DJ^2)^1/2) / 2 + PE
    Total System Jitter     (TSJ):    0.071ns
    Discrete Jitter          (DJ):    0.129ns
    Phase Error              (PE):    0.000ns

    Location             Delay type                Incr(ns)  Path(ns)    Netlist Resource(s)
  -------------------------------------------------------------------    -------------------
                         (clock clk_out1_pll rise edge)
                                                      0.000     0.000 r  
    AD12                                              0.000     0.000 r  i_sys_clk_p (IN)
                         net (fo=0)                   0.000     0.000    pll_inst/inst/clk_in1_p
    AD12                 IBUFDS (Prop_ibufds_I_O)     0.906     0.906 r  pll_inst/inst/clkin1_ibufgds/O
                         net (fo=1, routed)           1.081     1.987    pll_inst/inst/clk_in1_pll
    MMCME2_ADV_X1Y1      MMCME2_ADV (Prop_mmcme2_adv_CLKIN1_CLKOUT0)
                                                     -7.786    -5.799 r  pll_inst/inst/mmcm_adv_inst/CLKOUT0
                         net (fo=1, routed)           2.130    -3.669    pll_inst/inst/clk_out1_pll
    BUFGCTRL_X0Y1        BUFG (Prop_bufg_I_O)         0.093    -3.576 r  pll_inst/inst/clkout1_buf/O
                         net (fo=581, routed)         1.355    -2.221    uart_inst/clk
    SLICE_X5Y196         FDCE                                         r  uart_inst/rx_data_reg[6]/C
  -------------------------------------------------------------------    -------------------
    SLICE_X5Y196         FDCE (Prop_fdce_C_Q)         0.204    -2.017 f  uart_inst/rx_data_reg[6]/Q
                         net (fo=17, routed)          0.845    -1.173    twin_controller_inst/rx_data[6]
    SLICE_X5Y198         LUT6 (Prop_lut6_I3_O)        0.124    -1.049 r  twin_controller_inst/status_buffer[0][7]_i_2/O
                         net (fo=2, routed)           0.520    -0.529    twin_controller_inst/status_buffer[0][7]_i_2_n_0
    SLICE_X5Y201         LUT5 (Prop_lut5_I2_O)        0.051    -0.478 r  twin_controller_inst/status_buffer[0][7]_i_1/O
                         net (fo=144, routed)         1.158     0.680    twin_controller_inst/p_4_out
    SLICE_X4Y202         FDCE                                         r  twin_controller_inst/status_buffer_reg[1][3]/CE
  -------------------------------------------------------------------    -------------------

                         (clock clk_out1_pll rise edge)
                                                     20.000    20.000 r  
    AD12                                              0.000    20.000 r  i_sys_clk_p (IN)
                         net (fo=0)                   0.000    20.000    pll_inst/inst/clk_in1_p
    AD12                 IBUFDS (Prop_ibufds_I_O)     0.803    20.803 r  pll_inst/inst/clkin1_ibufgds/O
                         net (fo=1, routed)           0.986    21.789    pll_inst/inst/clk_in1_pll
    MMCME2_ADV_X1Y1      MMCME2_ADV (Prop_mmcme2_adv_CLKIN1_CLKOUT0)
                                                     -6.759    15.030 r  pll_inst/inst/mmcm_adv_inst/CLKOUT0
                         net (fo=1, routed)           2.005    17.035    pll_inst/inst/clk_out1_pll
    BUFGCTRL_X0Y1        BUFG (Prop_bufg_I_O)         0.083    17.118 r  pll_inst/inst/clkout1_buf/O
                         net (fo=581, routed)         1.205    18.323    twin_controller_inst/clk
    SLICE_X4Y202         FDCE                                         r  twin_controller_inst/status_buffer_reg[1][3]/C
                         clock pessimism             -0.695    17.629    
                         clock uncertainty           -0.074    17.555    
    SLICE_X4Y202         FDCE (Setup_fdce_C_CE)      -0.294    17.261    twin_controller_inst/status_buffer_reg[1][3]
  -------------------------------------------------------------------
                         required time                         17.261    
                         arrival time                          -0.680    
  -------------------------------------------------------------------
                         slack                                 16.581    

Slack (MET) :             16.581ns  (required time - arrival time)
  Source:                 uart_inst/rx_data_reg[6]/C
                            (rising edge-triggered cell FDCE clocked by clk_out1_pll  {rise@0.000ns fall@10.000ns period=20.000ns})
  Destination:            twin_controller_inst/status_buffer_reg[3][3]/CE
                            (rising edge-triggered cell FDCE clocked by clk_out1_pll  {rise@0.000ns fall@10.000ns period=20.000ns})
  Path Group:             clk_out1_pll
  Path Type:              Setup (Max at Slow Process Corner)
  Requirement:            20.000ns  (clk_out1_pll rise@20.000ns - clk_out1_pll rise@0.000ns)
  Data Path Delay:        2.901ns  (logic 0.379ns (13.063%)  route 2.522ns (86.938%))
  Logic Levels:           2  (LUT5=1 LUT6=1)
  Clock Path Skew:        -0.150ns (DCD - SCD + CPR)
    Destination Clock Delay (DCD):    -1.677ns = ( 18.323 - 20.000 ) 
    Source Clock Delay      (SCD):    -2.221ns
    Clock Pessimism Removal (CPR):    -0.695ns
  Clock Uncertainty:      0.074ns  ((TSJ^2 + DJ^2)^1/2) / 2 + PE
    Total System Jitter     (TSJ):    0.071ns
    Discrete Jitter          (DJ):    0.129ns
    Phase Error              (PE):    0.000ns

    Location             Delay type                Incr(ns)  Path(ns)    Netlist Resource(s)
  -------------------------------------------------------------------    -------------------
                         (clock clk_out1_pll rise edge)
                                                      0.000     0.000 r  
    AD12                                              0.000     0.000 r  i_sys_clk_p (IN)
                         net (fo=0)                   0.000     0.000    pll_inst/inst/clk_in1_p
    AD12                 IBUFDS (Prop_ibufds_I_O)     0.906     0.906 r  pll_inst/inst/clkin1_ibufgds/O
                         net (fo=1, routed)           1.081     1.987    pll_inst/inst/clk_in1_pll
    MMCME2_ADV_X1Y1      MMCME2_ADV (Prop_mmcme2_adv_CLKIN1_CLKOUT0)
                                                     -7.786    -5.799 r  pll_inst/inst/mmcm_adv_inst/CLKOUT0
                         net (fo=1, routed)           2.130    -3.669    pll_inst/inst/clk_out1_pll
    BUFGCTRL_X0Y1        BUFG (Prop_bufg_I_O)         0.093    -3.576 r  pll_inst/inst/clkout1_buf/O
                         net (fo=581, routed)         1.355    -2.221    uart_inst/clk
    SLICE_X5Y196         FDCE                                         r  uart_inst/rx_data_reg[6]/C
  -------------------------------------------------------------------    -------------------
    SLICE_X5Y196         FDCE (Prop_fdce_C_Q)         0.204    -2.017 f  uart_inst/rx_data_reg[6]/Q
                         net (fo=17, routed)          0.845    -1.173    twin_controller_inst/rx_data[6]
    SLICE_X5Y198         LUT6 (Prop_lut6_I3_O)        0.124    -1.049 r  twin_controller_inst/status_buffer[0][7]_i_2/O
                         net (fo=2, routed)           0.520    -0.529    twin_controller_inst/status_buffer[0][7]_i_2_n_0
    SLICE_X5Y201         LUT5 (Prop_lut5_I2_O)        0.051    -0.478 r  twin_controller_inst/status_buffer[0][7]_i_1/O
                         net (fo=144, routed)         1.158     0.680    twin_controller_inst/p_4_out
    SLICE_X4Y202         FDCE                                         r  twin_controller_inst/status_buffer_reg[3][3]/CE
  -------------------------------------------------------------------    -------------------

                         (clock clk_out1_pll rise edge)
                                                     20.000    20.000 r  
    AD12                                              0.000    20.000 r  i_sys_clk_p (IN)
                         net (fo=0)                   0.000    20.000    pll_inst/inst/clk_in1_p
    AD12                 IBUFDS (Prop_ibufds_I_O)     0.803    20.803 r  pll_inst/inst/clkin1_ibufgds/O
                         net (fo=1, routed)           0.986    21.789    pll_inst/inst/clk_in1_pll
    MMCME2_ADV_X1Y1      MMCME2_ADV (Prop_mmcme2_adv_CLKIN1_CLKOUT0)
                                                     -6.759    15.030 r  pll_inst/inst/mmcm_adv_inst/CLKOUT0
                         net (fo=1, routed)           2.005    17.035    pll_inst/inst/clk_out1_pll
    BUFGCTRL_X0Y1        BUFG (Prop_bufg_I_O)         0.083    17.118 r  pll_inst/inst/clkout1_buf/O
                         net (fo=581, routed)         1.205    18.323    twin_controller_inst/clk
    SLICE_X4Y202         FDCE                                         r  twin_controller_inst/status_buffer_reg[3][3]/C
                         clock pessimism             -0.695    17.629    
                         clock uncertainty           -0.074    17.555    
    SLICE_X4Y202         FDCE (Setup_fdce_C_CE)      -0.294    17.261    twin_controller_inst/status_buffer_reg[3][3]
  -------------------------------------------------------------------
                         required time                         17.261    
                         arrival time                          -0.680    
  -------------------------------------------------------------------
                         slack                                 16.581    

Slack (MET) :             16.581ns  (required time - arrival time)
  Source:                 uart_inst/rx_data_reg[6]/C
                            (rising edge-triggered cell FDCE clocked by clk_out1_pll  {rise@0.000ns fall@10.000ns period=20.000ns})
  Destination:            twin_controller_inst/status_buffer_reg[4][3]/CE
                            (rising edge-triggered cell FDCE clocked by clk_out1_pll  {rise@0.000ns fall@10.000ns period=20.000ns})
  Path Group:             clk_out1_pll
  Path Type:              Setup (Max at Slow Process Corner)
  Requirement:            20.000ns  (clk_out1_pll rise@20.000ns - clk_out1_pll rise@0.000ns)
  Data Path Delay:        2.901ns  (logic 0.379ns (13.063%)  route 2.522ns (86.938%))
  Logic Levels:           2  (LUT5=1 LUT6=1)
  Clock Path Skew:        -0.150ns (DCD - SCD + CPR)
    Destination Clock Delay (DCD):    -1.677ns = ( 18.323 - 20.000 ) 
    Source Clock Delay      (SCD):    -2.221ns
    Clock Pessimism Removal (CPR):    -0.695ns
  Clock Uncertainty:      0.074ns  ((TSJ^2 + DJ^2)^1/2) / 2 + PE
    Total System Jitter     (TSJ):    0.071ns
    Discrete Jitter          (DJ):    0.129ns
    Phase Error              (PE):    0.000ns

    Location             Delay type                Incr(ns)  Path(ns)    Netlist Resource(s)
  -------------------------------------------------------------------    -------------------
                         (clock clk_out1_pll rise edge)
                                                      0.000     0.000 r  
    AD12                                              0.000     0.000 r  i_sys_clk_p (IN)
                         net (fo=0)                   0.000     0.000    pll_inst/inst/clk_in1_p
    AD12                 IBUFDS (Prop_ibufds_I_O)     0.906     0.906 r  pll_inst/inst/clkin1_ibufgds/O
                         net (fo=1, routed)           1.081     1.987    pll_inst/inst/clk_in1_pll
    MMCME2_ADV_X1Y1      MMCME2_ADV (Prop_mmcme2_adv_CLKIN1_CLKOUT0)
                                                     -7.786    -5.799 r  pll_inst/inst/mmcm_adv_inst/CLKOUT0
                         net (fo=1, routed)           2.130    -3.669    pll_inst/inst/clk_out1_pll
    BUFGCTRL_X0Y1        BUFG (Prop_bufg_I_O)         0.093    -3.576 r  pll_inst/inst/clkout1_buf/O
                         net (fo=581, routed)         1.355    -2.221    uart_inst/clk
    SLICE_X5Y196         FDCE                                         r  uart_inst/rx_data_reg[6]/C
  -------------------------------------------------------------------    -------------------
    SLICE_X5Y196         FDCE (Prop_fdce_C_Q)         0.204    -2.017 f  uart_inst/rx_data_reg[6]/Q
                         net (fo=17, routed)          0.845    -1.173    twin_controller_inst/rx_data[6]
    SLICE_X5Y198         LUT6 (Prop_lut6_I3_O)        0.124    -1.049 r  twin_controller_inst/status_buffer[0][7]_i_2/O
                         net (fo=2, routed)           0.520    -0.529    twin_controller_inst/status_buffer[0][7]_i_2_n_0
    SLICE_X5Y201         LUT5 (Prop_lut5_I2_O)        0.051    -0.478 r  twin_controller_inst/status_buffer[0][7]_i_1/O
                         net (fo=144, routed)         1.158     0.680    twin_controller_inst/p_4_out
    SLICE_X4Y202         FDCE                                         r  twin_controller_inst/status_buffer_reg[4][3]/CE
  -------------------------------------------------------------------    -------------------

                         (clock clk_out1_pll rise edge)
                                                     20.000    20.000 r  
    AD12                                              0.000    20.000 r  i_sys_clk_p (IN)
                         net (fo=0)                   0.000    20.000    pll_inst/inst/clk_in1_p
    AD12                 IBUFDS (Prop_ibufds_I_O)     0.803    20.803 r  pll_inst/inst/clkin1_ibufgds/O
                         net (fo=1, routed)           0.986    21.789    pll_inst/inst/clk_in1_pll
    MMCME2_ADV_X1Y1      MMCME2_ADV (Prop_mmcme2_adv_CLKIN1_CLKOUT0)
                                                     -6.759    15.030 r  pll_inst/inst/mmcm_adv_inst/CLKOUT0
                         net (fo=1, routed)           2.005    17.035    pll_inst/inst/clk_out1_pll
    BUFGCTRL_X0Y1        BUFG (Prop_bufg_I_O)         0.083    17.118 r  pll_inst/inst/clkout1_buf/O
                         net (fo=581, routed)         1.205    18.323    twin_controller_inst/clk
    SLICE_X4Y202         FDCE                                         r  twin_controller_inst/status_buffer_reg[4][3]/C
                         clock pessimism             -0.695    17.629    
                         clock uncertainty           -0.074    17.555    
    SLICE_X4Y202         FDCE (Setup_fdce_C_CE)      -0.294    17.261    twin_controller_inst/status_buffer_reg[4][3]
  -------------------------------------------------------------------
                         required time                         17.261    
                         arrival time                          -0.680    
  -------------------------------------------------------------------
                         slack                                 16.581    

Slack (MET) :             16.581ns  (required time - arrival time)
  Source:                 uart_inst/rx_data_reg[6]/C
                            (rising edge-triggered cell FDCE clocked by clk_out1_pll  {rise@0.000ns fall@10.000ns period=20.000ns})
  Destination:            twin_controller_inst/status_buffer_reg[5][5]/CE
                            (rising edge-triggered cell FDCE clocked by clk_out1_pll  {rise@0.000ns fall@10.000ns period=20.000ns})
  Path Group:             clk_out1_pll
  Path Type:              Setup (Max at Slow Process Corner)
  Requirement:            20.000ns  (clk_out1_pll rise@20.000ns - clk_out1_pll rise@0.000ns)
  Data Path Delay:        2.901ns  (logic 0.379ns (13.063%)  route 2.522ns (86.938%))
  Logic Levels:           2  (LUT5=1 LUT6=1)
  Clock Path Skew:        -0.150ns (DCD - SCD + CPR)
    Destination Clock Delay (DCD):    -1.677ns = ( 18.323 - 20.000 ) 
    Source Clock Delay      (SCD):    -2.221ns
    Clock Pessimism Removal (CPR):    -0.695ns
  Clock Uncertainty:      0.074ns  ((TSJ^2 + DJ^2)^1/2) / 2 + PE
    Total System Jitter     (TSJ):    0.071ns
    Discrete Jitter          (DJ):    0.129ns
    Phase Error              (PE):    0.000ns

    Location             Delay type                Incr(ns)  Path(ns)    Netlist Resource(s)
  -------------------------------------------------------------------    -------------------
                         (clock clk_out1_pll rise edge)
                                                      0.000     0.000 r  
    AD12                                              0.000     0.000 r  i_sys_clk_p (IN)
                         net (fo=0)                   0.000     0.000    pll_inst/inst/clk_in1_p
    AD12                 IBUFDS (Prop_ibufds_I_O)     0.906     0.906 r  pll_inst/inst/clkin1_ibufgds/O
                         net (fo=1, routed)           1.081     1.987    pll_inst/inst/clk_in1_pll
    MMCME2_ADV_X1Y1      MMCME2_ADV (Prop_mmcme2_adv_CLKIN1_CLKOUT0)
                                                     -7.786    -5.799 r  pll_inst/inst/mmcm_adv_inst/CLKOUT0
                         net (fo=1, routed)           2.130    -3.669    pll_inst/inst/clk_out1_pll
    BUFGCTRL_X0Y1        BUFG (Prop_bufg_I_O)         0.093    -3.576 r  pll_inst/inst/clkout1_buf/O
                         net (fo=581, routed)         1.355    -2.221    uart_inst/clk
    SLICE_X5Y196         FDCE                                         r  uart_inst/rx_data_reg[6]/C
  -------------------------------------------------------------------    -------------------
    SLICE_X5Y196         FDCE (Prop_fdce_C_Q)         0.204    -2.017 f  uart_inst/rx_data_reg[6]/Q
                         net (fo=17, routed)          0.845    -1.173    twin_controller_inst/rx_data[6]
    SLICE_X5Y198         LUT6 (Prop_lut6_I3_O)        0.124    -1.049 r  twin_controller_inst/status_buffer[0][7]_i_2/O
                         net (fo=2, routed)           0.520    -0.529    twin_controller_inst/status_buffer[0][7]_i_2_n_0
    SLICE_X5Y201         LUT5 (Prop_lut5_I2_O)        0.051    -0.478 r  twin_controller_inst/status_buffer[0][7]_i_1/O
                         net (fo=144, routed)         1.158     0.680    twin_controller_inst/p_4_out
    SLICE_X4Y202         FDCE                                         r  twin_controller_inst/status_buffer_reg[5][5]/CE
  -------------------------------------------------------------------    -------------------

                         (clock clk_out1_pll rise edge)
                                                     20.000    20.000 r  
    AD12                                              0.000    20.000 r  i_sys_clk_p (IN)
                         net (fo=0)                   0.000    20.000    pll_inst/inst/clk_in1_p
    AD12                 IBUFDS (Prop_ibufds_I_O)     0.803    20.803 r  pll_inst/inst/clkin1_ibufgds/O
                         net (fo=1, routed)           0.986    21.789    pll_inst/inst/clk_in1_pll
    MMCME2_ADV_X1Y1      MMCME2_ADV (Prop_mmcme2_adv_CLKIN1_CLKOUT0)
                                                     -6.759    15.030 r  pll_inst/inst/mmcm_adv_inst/CLKOUT0
                         net (fo=1, routed)           2.005    17.035    pll_inst/inst/clk_out1_pll
    BUFGCTRL_X0Y1        BUFG (Prop_bufg_I_O)         0.083    17.118 r  pll_inst/inst/clkout1_buf/O
                         net (fo=581, routed)         1.205    18.323    twin_controller_inst/clk
    SLICE_X4Y202         FDCE                                         r  twin_controller_inst/status_buffer_reg[5][5]/C
                         clock pessimism             -0.695    17.629    
                         clock uncertainty           -0.074    17.555    
    SLICE_X4Y202         FDCE (Setup_fdce_C_CE)      -0.294    17.261    twin_controller_inst/status_buffer_reg[5][5]
  -------------------------------------------------------------------
                         required time                         17.261    
                         arrival time                          -0.680    
  -------------------------------------------------------------------
                         slack                                 16.581    

Slack (MET) :             16.581ns  (required time - arrival time)
  Source:                 uart_inst/rx_data_reg[6]/C
                            (rising edge-triggered cell FDCE clocked by clk_out1_pll  {rise@0.000ns fall@10.000ns period=20.000ns})
  Destination:            twin_controller_inst/status_buffer_reg[6][5]/CE
                            (rising edge-triggered cell FDCE clocked by clk_out1_pll  {rise@0.000ns fall@10.000ns period=20.000ns})
  Path Group:             clk_out1_pll
  Path Type:              Setup (Max at Slow Process Corner)
  Requirement:            20.000ns  (clk_out1_pll rise@20.000ns - clk_out1_pll rise@0.000ns)
  Data Path Delay:        2.901ns  (logic 0.379ns (13.063%)  route 2.522ns (86.938%))
  Logic Levels:           2  (LUT5=1 LUT6=1)
  Clock Path Skew:        -0.150ns (DCD - SCD + CPR)
    Destination Clock Delay (DCD):    -1.677ns = ( 18.323 - 20.000 ) 
    Source Clock Delay      (SCD):    -2.221ns
    Clock Pessimism Removal (CPR):    -0.695ns
  Clock Uncertainty:      0.074ns  ((TSJ^2 + DJ^2)^1/2) / 2 + PE
    Total System Jitter     (TSJ):    0.071ns
    Discrete Jitter          (DJ):    0.129ns
    Phase Error              (PE):    0.000ns

    Location             Delay type                Incr(ns)  Path(ns)    Netlist Resource(s)
  -------------------------------------------------------------------    -------------------
                         (clock clk_out1_pll rise edge)
                                                      0.000     0.000 r  
    AD12                                              0.000     0.000 r  i_sys_clk_p (IN)
                         net (fo=0)                   0.000     0.000    pll_inst/inst/clk_in1_p
    AD12                 IBUFDS (Prop_ibufds_I_O)     0.906     0.906 r  pll_inst/inst/clkin1_ibufgds/O
                         net (fo=1, routed)           1.081     1.987    pll_inst/inst/clk_in1_pll
    MMCME2_ADV_X1Y1      MMCME2_ADV (Prop_mmcme2_adv_CLKIN1_CLKOUT0)
                                                     -7.786    -5.799 r  pll_inst/inst/mmcm_adv_inst/CLKOUT0
                         net (fo=1, routed)           2.130    -3.669    pll_inst/inst/clk_out1_pll
    BUFGCTRL_X0Y1        BUFG (Prop_bufg_I_O)         0.093    -3.576 r  pll_inst/inst/clkout1_buf/O
                         net (fo=581, routed)         1.355    -2.221    uart_inst/clk
    SLICE_X5Y196         FDCE                                         r  uart_inst/rx_data_reg[6]/C
  -------------------------------------------------------------------    -------------------
    SLICE_X5Y196         FDCE (Prop_fdce_C_Q)         0.204    -2.017 f  uart_inst/rx_data_reg[6]/Q
                         net (fo=17, routed)          0.845    -1.173    twin_controller_inst/rx_data[6]
    SLICE_X5Y198         LUT6 (Prop_lut6_I3_O)        0.124    -1.049 r  twin_controller_inst/status_buffer[0][7]_i_2/O
                         net (fo=2, routed)           0.520    -0.529    twin_controller_inst/status_buffer[0][7]_i_2_n_0
    SLICE_X5Y201         LUT5 (Prop_lut5_I2_O)        0.051    -0.478 r  twin_controller_inst/status_buffer[0][7]_i_1/O
                         net (fo=144, routed)         1.158     0.680    twin_controller_inst/p_4_out
    SLICE_X4Y202         FDCE                                         r  twin_controller_inst/status_buffer_reg[6][5]/CE
  -------------------------------------------------------------------    -------------------

                         (clock clk_out1_pll rise edge)
                                                     20.000    20.000 r  
    AD12                                              0.000    20.000 r  i_sys_clk_p (IN)
                         net (fo=0)                   0.000    20.000    pll_inst/inst/clk_in1_p
    AD12                 IBUFDS (Prop_ibufds_I_O)     0.803    20.803 r  pll_inst/inst/clkin1_ibufgds/O
                         net (fo=1, routed)           0.986    21.789    pll_inst/inst/clk_in1_pll
    MMCME2_ADV_X1Y1      MMCME2_ADV (Prop_mmcme2_adv_CLKIN1_CLKOUT0)
                                                     -6.759    15.030 r  pll_inst/inst/mmcm_adv_inst/CLKOUT0
                         net (fo=1, routed)           2.005    17.035    pll_inst/inst/clk_out1_pll
    BUFGCTRL_X0Y1        BUFG (Prop_bufg_I_O)         0.083    17.118 r  pll_inst/inst/clkout1_buf/O
                         net (fo=581, routed)         1.205    18.323    twin_controller_inst/clk
    SLICE_X4Y202         FDCE                                         r  twin_controller_inst/status_buffer_reg[6][5]/C
                         clock pessimism             -0.695    17.629    
                         clock uncertainty           -0.074    17.555    
    SLICE_X4Y202         FDCE (Setup_fdce_C_CE)      -0.294    17.261    twin_controller_inst/status_buffer_reg[6][5]
  -------------------------------------------------------------------
                         required time                         17.261    
                         arrival time                          -0.680    
  -------------------------------------------------------------------
                         slack                                 16.581    

Slack (MET) :             16.581ns  (required time - arrival time)
  Source:                 uart_inst/rx_data_reg[6]/C
                            (rising edge-triggered cell FDCE clocked by clk_out1_pll  {rise@0.000ns fall@10.000ns period=20.000ns})
  Destination:            twin_controller_inst/status_buffer_reg[7][5]/CE
                            (rising edge-triggered cell FDCE clocked by clk_out1_pll  {rise@0.000ns fall@10.000ns period=20.000ns})
  Path Group:             clk_out1_pll
  Path Type:              Setup (Max at Slow Process Corner)
  Requirement:            20.000ns  (clk_out1_pll rise@20.000ns - clk_out1_pll rise@0.000ns)
  Data Path Delay:        2.901ns  (logic 0.379ns (13.063%)  route 2.522ns (86.938%))
  Logic Levels:           2  (LUT5=1 LUT6=1)
  Clock Path Skew:        -0.150ns (DCD - SCD + CPR)
    Destination Clock Delay (DCD):    -1.677ns = ( 18.323 - 20.000 ) 
    Source Clock Delay      (SCD):    -2.221ns
    Clock Pessimism Removal (CPR):    -0.695ns
  Clock Uncertainty:      0.074ns  ((TSJ^2 + DJ^2)^1/2) / 2 + PE
    Total System Jitter     (TSJ):    0.071ns
    Discrete Jitter          (DJ):    0.129ns
    Phase Error              (PE):    0.000ns

    Location             Delay type                Incr(ns)  Path(ns)    Netlist Resource(s)
  -------------------------------------------------------------------    -------------------
                         (clock clk_out1_pll rise edge)
                                                      0.000     0.000 r  
    AD12                                              0.000     0.000 r  i_sys_clk_p (IN)
                         net (fo=0)                   0.000     0.000    pll_inst/inst/clk_in1_p
    AD12                 IBUFDS (Prop_ibufds_I_O)     0.906     0.906 r  pll_inst/inst/clkin1_ibufgds/O
                         net (fo=1, routed)           1.081     1.987    pll_inst/inst/clk_in1_pll
    MMCME2_ADV_X1Y1      MMCME2_ADV (Prop_mmcme2_adv_CLKIN1_CLKOUT0)
                                                     -7.786    -5.799 r  pll_inst/inst/mmcm_adv_inst/CLKOUT0
                         net (fo=1, routed)           2.130    -3.669    pll_inst/inst/clk_out1_pll
    BUFGCTRL_X0Y1        BUFG (Prop_bufg_I_O)         0.093    -3.576 r  pll_inst/inst/clkout1_buf/O
                         net (fo=581, routed)         1.355    -2.221    uart_inst/clk
    SLICE_X5Y196         FDCE                                         r  uart_inst/rx_data_reg[6]/C
  -------------------------------------------------------------------    -------------------
    SLICE_X5Y196         FDCE (Prop_fdce_C_Q)         0.204    -2.017 f  uart_inst/rx_data_reg[6]/Q
                         net (fo=17, routed)          0.845    -1.173    twin_controller_inst/rx_data[6]
    SLICE_X5Y198         LUT6 (Prop_lut6_I3_O)        0.124    -1.049 r  twin_controller_inst/status_buffer[0][7]_i_2/O
                         net (fo=2, routed)           0.520    -0.529    twin_controller_inst/status_buffer[0][7]_i_2_n_0
    SLICE_X5Y201         LUT5 (Prop_lut5_I2_O)        0.051    -0.478 r  twin_controller_inst/status_buffer[0][7]_i_1/O
                         net (fo=144, routed)         1.158     0.680    twin_controller_inst/p_4_out
    SLICE_X4Y202         FDCE                                         r  twin_controller_inst/status_buffer_reg[7][5]/CE
  -------------------------------------------------------------------    -------------------

                         (clock clk_out1_pll rise edge)
                                                     20.000    20.000 r  
    AD12                                              0.000    20.000 r  i_sys_clk_p (IN)
                         net (fo=0)                   0.000    20.000    pll_inst/inst/clk_in1_p
    AD12                 IBUFDS (Prop_ibufds_I_O)     0.803    20.803 r  pll_inst/inst/clkin1_ibufgds/O
                         net (fo=1, routed)           0.986    21.789    pll_inst/inst/clk_in1_pll
    MMCME2_ADV_X1Y1      MMCME2_ADV (Prop_mmcme2_adv_CLKIN1_CLKOUT0)
                                                     -6.759    15.030 r  pll_inst/inst/mmcm_adv_inst/CLKOUT0
                         net (fo=1, routed)           2.005    17.035    pll_inst/inst/clk_out1_pll
    BUFGCTRL_X0Y1        BUFG (Prop_bufg_I_O)         0.083    17.118 r  pll_inst/inst/clkout1_buf/O
                         net (fo=581, routed)         1.205    18.323    twin_controller_inst/clk
    SLICE_X4Y202         FDCE                                         r  twin_controller_inst/status_buffer_reg[7][5]/C
                         clock pessimism             -0.695    17.629    
                         clock uncertainty           -0.074    17.555    
    SLICE_X4Y202         FDCE (Setup_fdce_C_CE)      -0.294    17.261    twin_controller_inst/status_buffer_reg[7][5]
  -------------------------------------------------------------------
                         required time                         17.261    
                         arrival time                          -0.680    
  -------------------------------------------------------------------
                         slack                                 16.581    

Slack (MET) :             16.581ns  (required time - arrival time)
  Source:                 uart_inst/rx_data_reg[6]/C
                            (rising edge-triggered cell FDCE clocked by clk_out1_pll  {rise@0.000ns fall@10.000ns period=20.000ns})
  Destination:            twin_controller_inst/status_buffer_reg[9][5]/CE
                            (rising edge-triggered cell FDCE clocked by clk_out1_pll  {rise@0.000ns fall@10.000ns period=20.000ns})
  Path Group:             clk_out1_pll
  Path Type:              Setup (Max at Slow Process Corner)
  Requirement:            20.000ns  (clk_out1_pll rise@20.000ns - clk_out1_pll rise@0.000ns)
  Data Path Delay:        2.901ns  (logic 0.379ns (13.063%)  route 2.522ns (86.938%))
  Logic Levels:           2  (LUT5=1 LUT6=1)
  Clock Path Skew:        -0.150ns (DCD - SCD + CPR)
    Destination Clock Delay (DCD):    -1.677ns = ( 18.323 - 20.000 ) 
    Source Clock Delay      (SCD):    -2.221ns
    Clock Pessimism Removal (CPR):    -0.695ns
  Clock Uncertainty:      0.074ns  ((TSJ^2 + DJ^2)^1/2) / 2 + PE
    Total System Jitter     (TSJ):    0.071ns
    Discrete Jitter          (DJ):    0.129ns
    Phase Error              (PE):    0.000ns

    Location             Delay type                Incr(ns)  Path(ns)    Netlist Resource(s)
  -------------------------------------------------------------------    -------------------
                         (clock clk_out1_pll rise edge)
                                                      0.000     0.000 r  
    AD12                                              0.000     0.000 r  i_sys_clk_p (IN)
                         net (fo=0)                   0.000     0.000    pll_inst/inst/clk_in1_p
    AD12                 IBUFDS (Prop_ibufds_I_O)     0.906     0.906 r  pll_inst/inst/clkin1_ibufgds/O
                         net (fo=1, routed)           1.081     1.987    pll_inst/inst/clk_in1_pll
    MMCME2_ADV_X1Y1      MMCME2_ADV (Prop_mmcme2_adv_CLKIN1_CLKOUT0)
                                                     -7.786    -5.799 r  pll_inst/inst/mmcm_adv_inst/CLKOUT0
                         net (fo=1, routed)           2.130    -3.669    pll_inst/inst/clk_out1_pll
    BUFGCTRL_X0Y1        BUFG (Prop_bufg_I_O)         0.093    -3.576 r  pll_inst/inst/clkout1_buf/O
                         net (fo=581, routed)         1.355    -2.221    uart_inst/clk
    SLICE_X5Y196         FDCE                                         r  uart_inst/rx_data_reg[6]/C
  -------------------------------------------------------------------    -------------------
    SLICE_X5Y196         FDCE (Prop_fdce_C_Q)         0.204    -2.017 f  uart_inst/rx_data_reg[6]/Q
                         net (fo=17, routed)          0.845    -1.173    twin_controller_inst/rx_data[6]
    SLICE_X5Y198         LUT6 (Prop_lut6_I3_O)        0.124    -1.049 r  twin_controller_inst/status_buffer[0][7]_i_2/O
                         net (fo=2, routed)           0.520    -0.529    twin_controller_inst/status_buffer[0][7]_i_2_n_0
    SLICE_X5Y201         LUT5 (Prop_lut5_I2_O)        0.051    -0.478 r  twin_controller_inst/status_buffer[0][7]_i_1/O
                         net (fo=144, routed)         1.158     0.680    twin_controller_inst/p_4_out
    SLICE_X4Y202         FDCE                                         r  twin_controller_inst/status_buffer_reg[9][5]/CE
  -------------------------------------------------------------------    -------------------

                         (clock clk_out1_pll rise edge)
                                                     20.000    20.000 r  
    AD12                                              0.000    20.000 r  i_sys_clk_p (IN)
                         net (fo=0)                   0.000    20.000    pll_inst/inst/clk_in1_p
    AD12                 IBUFDS (Prop_ibufds_I_O)     0.803    20.803 r  pll_inst/inst/clkin1_ibufgds/O
                         net (fo=1, routed)           0.986    21.789    pll_inst/inst/clk_in1_pll
    MMCME2_ADV_X1Y1      MMCME2_ADV (Prop_mmcme2_adv_CLKIN1_CLKOUT0)
                                                     -6.759    15.030 r  pll_inst/inst/mmcm_adv_inst/CLKOUT0
                         net (fo=1, routed)           2.005    17.035    pll_inst/inst/clk_out1_pll
    BUFGCTRL_X0Y1        BUFG (Prop_bufg_I_O)         0.083    17.118 r  pll_inst/inst/clkout1_buf/O
                         net (fo=581, routed)         1.205    18.323    twin_controller_inst/clk
    SLICE_X4Y202         FDCE                                         r  twin_controller_inst/status_buffer_reg[9][5]/C
                         clock pessimism             -0.695    17.629    
                         clock uncertainty           -0.074    17.555    
    SLICE_X4Y202         FDCE (Setup_fdce_C_CE)      -0.294    17.261    twin_controller_inst/status_buffer_reg[9][5]
  -------------------------------------------------------------------
                         required time                         17.261    
                         arrival time                          -0.680    
  -------------------------------------------------------------------
                         slack                                 16.581    

Slack (MET) :             16.692ns  (required time - arrival time)
  Source:                 uart_inst/rx_data_reg[6]/C
                            (rising edge-triggered cell FDCE clocked by clk_out1_pll  {rise@0.000ns fall@10.000ns period=20.000ns})
  Destination:            twin_controller_inst/status_buffer_reg[11][2]/CE
                            (rising edge-triggered cell FDCE clocked by clk_out1_pll  {rise@0.000ns fall@10.000ns period=20.000ns})
  Path Group:             clk_out1_pll
  Path Type:              Setup (Max at Slow Process Corner)
  Requirement:            20.000ns  (clk_out1_pll rise@20.000ns - clk_out1_pll rise@0.000ns)
  Data Path Delay:        2.814ns  (logic 0.379ns (13.470%)  route 2.435ns (86.530%))
  Logic Levels:           2  (LUT5=1 LUT6=1)
  Clock Path Skew:        -0.150ns (DCD - SCD + CPR)
    Destination Clock Delay (DCD):    -1.677ns = ( 18.323 - 20.000 ) 
    Source Clock Delay      (SCD):    -2.221ns
    Clock Pessimism Removal (CPR):    -0.695ns
  Clock Uncertainty:      0.074ns  ((TSJ^2 + DJ^2)^1/2) / 2 + PE
    Total System Jitter     (TSJ):    0.071ns
    Discrete Jitter          (DJ):    0.129ns
    Phase Error              (PE):    0.000ns

    Location             Delay type                Incr(ns)  Path(ns)    Netlist Resource(s)
  -------------------------------------------------------------------    -------------------
                         (clock clk_out1_pll rise edge)
                                                      0.000     0.000 r  
    AD12                                              0.000     0.000 r  i_sys_clk_p (IN)
                         net (fo=0)                   0.000     0.000    pll_inst/inst/clk_in1_p
    AD12                 IBUFDS (Prop_ibufds_I_O)     0.906     0.906 r  pll_inst/inst/clkin1_ibufgds/O
                         net (fo=1, routed)           1.081     1.987    pll_inst/inst/clk_in1_pll
    MMCME2_ADV_X1Y1      MMCME2_ADV (Prop_mmcme2_adv_CLKIN1_CLKOUT0)
                                                     -7.786    -5.799 r  pll_inst/inst/mmcm_adv_inst/CLKOUT0
                         net (fo=1, routed)           2.130    -3.669    pll_inst/inst/clk_out1_pll
    BUFGCTRL_X0Y1        BUFG (Prop_bufg_I_O)         0.093    -3.576 r  pll_inst/inst/clkout1_buf/O
                         net (fo=581, routed)         1.355    -2.221    uart_inst/clk
    SLICE_X5Y196         FDCE                                         r  uart_inst/rx_data_reg[6]/C
  -------------------------------------------------------------------    -------------------
    SLICE_X5Y196         FDCE (Prop_fdce_C_Q)         0.204    -2.017 f  uart_inst/rx_data_reg[6]/Q
                         net (fo=17, routed)          0.845    -1.173    twin_controller_inst/rx_data[6]
    SLICE_X5Y198         LUT6 (Prop_lut6_I3_O)        0.124    -1.049 r  twin_controller_inst/status_buffer[0][7]_i_2/O
                         net (fo=2, routed)           0.520    -0.529    twin_controller_inst/status_buffer[0][7]_i_2_n_0
    SLICE_X5Y201         LUT5 (Prop_lut5_I2_O)        0.051    -0.478 r  twin_controller_inst/status_buffer[0][7]_i_1/O
                         net (fo=144, routed)         1.070     0.592    twin_controller_inst/p_4_out
    SLICE_X6Y203         FDCE                                         r  twin_controller_inst/status_buffer_reg[11][2]/CE
  -------------------------------------------------------------------    -------------------

                         (clock clk_out1_pll rise edge)
                                                     20.000    20.000 r  
    AD12                                              0.000    20.000 r  i_sys_clk_p (IN)
                         net (fo=0)                   0.000    20.000    pll_inst/inst/clk_in1_p
    AD12                 IBUFDS (Prop_ibufds_I_O)     0.803    20.803 r  pll_inst/inst/clkin1_ibufgds/O
                         net (fo=1, routed)           0.986    21.789    pll_inst/inst/clk_in1_pll
    MMCME2_ADV_X1Y1      MMCME2_ADV (Prop_mmcme2_adv_CLKIN1_CLKOUT0)
                                                     -6.759    15.030 r  pll_inst/inst/mmcm_adv_inst/CLKOUT0
                         net (fo=1, routed)           2.005    17.035    pll_inst/inst/clk_out1_pll
    BUFGCTRL_X0Y1        BUFG (Prop_bufg_I_O)         0.083    17.118 r  pll_inst/inst/clkout1_buf/O
                         net (fo=581, routed)         1.205    18.323    twin_controller_inst/clk
    SLICE_X6Y203         FDCE                                         r  twin_controller_inst/status_buffer_reg[11][2]/C
                         clock pessimism             -0.695    17.629    
                         clock uncertainty           -0.074    17.555    
    SLICE_X6Y203         FDCE (Setup_fdce_C_CE)      -0.271    17.284    twin_controller_inst/status_buffer_reg[11][2]
  -------------------------------------------------------------------
                         required time                         17.284    
                         arrival time                          -0.592    
  -------------------------------------------------------------------
                         slack                                 16.692    

Slack (MET) :             16.692ns  (required time - arrival time)
  Source:                 uart_inst/rx_data_reg[6]/C
                            (rising edge-triggered cell FDCE clocked by clk_out1_pll  {rise@0.000ns fall@10.000ns period=20.000ns})
  Destination:            twin_controller_inst/status_buffer_reg[12][5]/CE
                            (rising edge-triggered cell FDCE clocked by clk_out1_pll  {rise@0.000ns fall@10.000ns period=20.000ns})
  Path Group:             clk_out1_pll
  Path Type:              Setup (Max at Slow Process Corner)
  Requirement:            20.000ns  (clk_out1_pll rise@20.000ns - clk_out1_pll rise@0.000ns)
  Data Path Delay:        2.814ns  (logic 0.379ns (13.470%)  route 2.435ns (86.530%))
  Logic Levels:           2  (LUT5=1 LUT6=1)
  Clock Path Skew:        -0.150ns (DCD - SCD + CPR)
    Destination Clock Delay (DCD):    -1.677ns = ( 18.323 - 20.000 ) 
    Source Clock Delay      (SCD):    -2.221ns
    Clock Pessimism Removal (CPR):    -0.695ns
  Clock Uncertainty:      0.074ns  ((TSJ^2 + DJ^2)^1/2) / 2 + PE
    Total System Jitter     (TSJ):    0.071ns
    Discrete Jitter          (DJ):    0.129ns
    Phase Error              (PE):    0.000ns

    Location             Delay type                Incr(ns)  Path(ns)    Netlist Resource(s)
  -------------------------------------------------------------------    -------------------
                         (clock clk_out1_pll rise edge)
                                                      0.000     0.000 r  
    AD12                                              0.000     0.000 r  i_sys_clk_p (IN)
                         net (fo=0)                   0.000     0.000    pll_inst/inst/clk_in1_p
    AD12                 IBUFDS (Prop_ibufds_I_O)     0.906     0.906 r  pll_inst/inst/clkin1_ibufgds/O
                         net (fo=1, routed)           1.081     1.987    pll_inst/inst/clk_in1_pll
    MMCME2_ADV_X1Y1      MMCME2_ADV (Prop_mmcme2_adv_CLKIN1_CLKOUT0)
                                                     -7.786    -5.799 r  pll_inst/inst/mmcm_adv_inst/CLKOUT0
                         net (fo=1, routed)           2.130    -3.669    pll_inst/inst/clk_out1_pll
    BUFGCTRL_X0Y1        BUFG (Prop_bufg_I_O)         0.093    -3.576 r  pll_inst/inst/clkout1_buf/O
                         net (fo=581, routed)         1.355    -2.221    uart_inst/clk
    SLICE_X5Y196         FDCE                                         r  uart_inst/rx_data_reg[6]/C
  -------------------------------------------------------------------    -------------------
    SLICE_X5Y196         FDCE (Prop_fdce_C_Q)         0.204    -2.017 f  uart_inst/rx_data_reg[6]/Q
                         net (fo=17, routed)          0.845    -1.173    twin_controller_inst/rx_data[6]
    SLICE_X5Y198         LUT6 (Prop_lut6_I3_O)        0.124    -1.049 r  twin_controller_inst/status_buffer[0][7]_i_2/O
                         net (fo=2, routed)           0.520    -0.529    twin_controller_inst/status_buffer[0][7]_i_2_n_0
    SLICE_X5Y201         LUT5 (Prop_lut5_I2_O)        0.051    -0.478 r  twin_controller_inst/status_buffer[0][7]_i_1/O
                         net (fo=144, routed)         1.070     0.592    twin_controller_inst/p_4_out
    SLICE_X6Y203         FDCE                                         r  twin_controller_inst/status_buffer_reg[12][5]/CE
  -------------------------------------------------------------------    -------------------

                         (clock clk_out1_pll rise edge)
                                                     20.000    20.000 r  
    AD12                                              0.000    20.000 r  i_sys_clk_p (IN)
                         net (fo=0)                   0.000    20.000    pll_inst/inst/clk_in1_p
    AD12                 IBUFDS (Prop_ibufds_I_O)     0.803    20.803 r  pll_inst/inst/clkin1_ibufgds/O
                         net (fo=1, routed)           0.986    21.789    pll_inst/inst/clk_in1_pll
    MMCME2_ADV_X1Y1      MMCME2_ADV (Prop_mmcme2_adv_CLKIN1_CLKOUT0)
                                                     -6.759    15.030 r  pll_inst/inst/mmcm_adv_inst/CLKOUT0
                         net (fo=1, routed)           2.005    17.035    pll_inst/inst/clk_out1_pll
    BUFGCTRL_X0Y1        BUFG (Prop_bufg_I_O)         0.083    17.118 r  pll_inst/inst/clkout1_buf/O
                         net (fo=581, routed)         1.205    18.323    twin_controller_inst/clk
    SLICE_X6Y203         FDCE                                         r  twin_controller_inst/status_buffer_reg[12][5]/C
                         clock pessimism             -0.695    17.629    
                         clock uncertainty           -0.074    17.555    
    SLICE_X6Y203         FDCE (Setup_fdce_C_CE)      -0.271    17.284    twin_controller_inst/status_buffer_reg[12][5]
  -------------------------------------------------------------------
                         required time                         17.284    
                         arrival time                          -0.592    
  -------------------------------------------------------------------
                         slack                                 16.692    





Min Delay Paths
--------------------------------------------------------------------------------------
Slack (MET) :             0.067ns  (arrival time - required time)
  Source:                 virtual_seg_50_d2_reg[31]/C
                            (rising edge-triggered cell FDCE clocked by clk_out1_pll  {rise@0.000ns fall@10.000ns period=20.000ns})
  Destination:            twin_controller_inst/status_buffer_reg[3][7]/D
                            (rising edge-triggered cell FDCE clocked by clk_out1_pll  {rise@0.000ns fall@10.000ns period=20.000ns})
  Path Group:             clk_out1_pll
  Path Type:              Hold (Min at Fast Process Corner)
  Requirement:            0.000ns  (clk_out1_pll rise@0.000ns - clk_out1_pll rise@0.000ns)
  Data Path Delay:        0.286ns  (logic 0.091ns (31.787%)  route 0.195ns (68.214%))
  Logic Levels:           0  
  Clock Path Skew:        0.214ns (DCD - SCD - CPR)
    Destination Clock Delay (DCD):    -0.609ns
    Source Clock Delay      (SCD):    -0.573ns
    Clock Pessimism Removal (CPR):    -0.251ns

    Location             Delay type                Incr(ns)  Path(ns)    Netlist Resource(s)
  -------------------------------------------------------------------    -------------------
                         (clock clk_out1_pll rise edge)
                                                      0.000     0.000 r  
    AD12                                              0.000     0.000 r  i_sys_clk_p (IN)
                         net (fo=0)                   0.000     0.000    pll_inst/inst/clk_in1_p
    AD12                 IBUFDS (Prop_ibufds_I_O)     0.388     0.388 r  pll_inst/inst/clkin1_ibufgds/O
                         net (fo=1, routed)           0.503     0.891    pll_inst/inst/clk_in1_pll
    MMCME2_ADV_X1Y1      MMCME2_ADV (Prop_mmcme2_adv_CLKIN1_CLKOUT0)
                                                     -3.040    -2.149 r  pll_inst/inst/mmcm_adv_inst/CLKOUT0
                         net (fo=1, routed)           0.940    -1.209    pll_inst/inst/clk_out1_pll
    BUFGCTRL_X0Y1        BUFG (Prop_bufg_I_O)         0.026    -1.183 r  pll_inst/inst/clkout1_buf/O
                         net (fo=581, routed)         0.610    -0.573    w_clk_50Mhz
    SLICE_X4Y200         FDCE                                         r  virtual_seg_50_d2_reg[31]/C
  -------------------------------------------------------------------    -------------------
    SLICE_X4Y200         FDCE (Prop_fdce_C_Q)         0.091    -0.482 r  virtual_seg_50_d2_reg[31]/Q
                         net (fo=1, routed)           0.195    -0.286    twin_controller_inst/seg[31]
    SLICE_X4Y199         FDCE                                         r  twin_controller_inst/status_buffer_reg[3][7]/D
  -------------------------------------------------------------------    -------------------

                         (clock clk_out1_pll rise edge)
                                                      0.000     0.000 r  
    AD12                                              0.000     0.000 r  i_sys_clk_p (IN)
                         net (fo=0)                   0.000     0.000    pll_inst/inst/clk_in1_p
    AD12                 IBUFDS (Prop_ibufds_I_O)     0.470     0.470 r  pll_inst/inst/clkin1_ibufgds/O
                         net (fo=1, routed)           0.553     1.023    pll_inst/inst/clk_in1_pll
    MMCME2_ADV_X1Y1      MMCME2_ADV (Prop_mmcme2_adv_CLKIN1_CLKOUT0)
                                                     -3.493    -2.470 r  pll_inst/inst/mmcm_adv_inst/CLKOUT0
                         net (fo=1, routed)           1.007    -1.463    pll_inst/inst/clk_out1_pll
    BUFGCTRL_X0Y1        BUFG (Prop_bufg_I_O)         0.030    -1.433 r  pll_inst/inst/clkout1_buf/O
                         net (fo=581, routed)         0.824    -0.609    twin_controller_inst/clk
    SLICE_X4Y199         FDCE                                         r  twin_controller_inst/status_buffer_reg[3][7]/C
                         clock pessimism              0.251    -0.359    
    SLICE_X4Y199         FDCE (Hold_fdce_C_D)         0.005    -0.354    twin_controller_inst/status_buffer_reg[3][7]
  -------------------------------------------------------------------
                         required time                          0.354    
                         arrival time                          -0.286    
  -------------------------------------------------------------------
                         slack                                  0.067    

Slack (MET) :             0.106ns  (arrival time - required time)
  Source:                 virtual_seg_50_d1_reg[16]/C
                            (rising edge-triggered cell FDCE clocked by clk_out1_pll  {rise@0.000ns fall@10.000ns period=20.000ns})
  Destination:            virtual_seg_50_d2_reg[16]/D
                            (rising edge-triggered cell FDCE clocked by clk_out1_pll  {rise@0.000ns fall@10.000ns period=20.000ns})
  Path Group:             clk_out1_pll
  Path Type:              Hold (Min at Fast Process Corner)
  Requirement:            0.000ns  (clk_out1_pll rise@0.000ns - clk_out1_pll rise@0.000ns)
  Data Path Delay:        0.155ns  (logic 0.100ns (64.566%)  route 0.055ns (35.434%))
  Logic Levels:           0  
  Clock Path Skew:        0.000ns (DCD - SCD - CPR)
    Destination Clock Delay (DCD):    -0.620ns
    Source Clock Delay      (SCD):    -0.575ns
    Clock Pessimism Removal (CPR):    -0.046ns

    Location             Delay type                Incr(ns)  Path(ns)    Netlist Resource(s)
  -------------------------------------------------------------------    -------------------
                         (clock clk_out1_pll rise edge)
                                                      0.000     0.000 r  
    AD12                                              0.000     0.000 r  i_sys_clk_p (IN)
                         net (fo=0)                   0.000     0.000    pll_inst/inst/clk_in1_p
    AD12                 IBUFDS (Prop_ibufds_I_O)     0.388     0.388 r  pll_inst/inst/clkin1_ibufgds/O
                         net (fo=1, routed)           0.503     0.891    pll_inst/inst/clk_in1_pll
    MMCME2_ADV_X1Y1      MMCME2_ADV (Prop_mmcme2_adv_CLKIN1_CLKOUT0)
                                                     -3.040    -2.149 r  pll_inst/inst/mmcm_adv_inst/CLKOUT0
                         net (fo=1, routed)           0.940    -1.209    pll_inst/inst/clk_out1_pll
    BUFGCTRL_X0Y1        BUFG (Prop_bufg_I_O)         0.026    -1.183 r  pll_inst/inst/clkout1_buf/O
                         net (fo=581, routed)         0.608    -0.575    w_clk_50Mhz
    SLICE_X5Y208         FDCE                                         r  virtual_seg_50_d1_reg[16]/C
  -------------------------------------------------------------------    -------------------
    SLICE_X5Y208         FDCE (Prop_fdce_C_Q)         0.100    -0.475 r  virtual_seg_50_d1_reg[16]/Q
                         net (fo=1, routed)           0.055    -0.420    virtual_seg_50_d1[16]
    SLICE_X5Y208         FDCE                                         r  virtual_seg_50_d2_reg[16]/D
  -------------------------------------------------------------------    -------------------

                         (clock clk_out1_pll rise edge)
                                                      0.000     0.000 r  
    AD12                                              0.000     0.000 r  i_sys_clk_p (IN)
                         net (fo=0)                   0.000     0.000    pll_inst/inst/clk_in1_p
    AD12                 IBUFDS (Prop_ibufds_I_O)     0.470     0.470 r  pll_inst/inst/clkin1_ibufgds/O
                         net (fo=1, routed)           0.553     1.023    pll_inst/inst/clk_in1_pll
    MMCME2_ADV_X1Y1      MMCME2_ADV (Prop_mmcme2_adv_CLKIN1_CLKOUT0)
                                                     -3.493    -2.470 r  pll_inst/inst/mmcm_adv_inst/CLKOUT0
                         net (fo=1, routed)           1.007    -1.463    pll_inst/inst/clk_out1_pll
    BUFGCTRL_X0Y1        BUFG (Prop_bufg_I_O)         0.030    -1.433 r  pll_inst/inst/clkout1_buf/O
                         net (fo=581, routed)         0.813    -0.620    w_clk_50Mhz
    SLICE_X5Y208         FDCE                                         r  virtual_seg_50_d2_reg[16]/C
                         clock pessimism              0.046    -0.575    
    SLICE_X5Y208         FDCE (Hold_fdce_C_D)         0.049    -0.526    virtual_seg_50_d2_reg[16]
  -------------------------------------------------------------------
                         required time                          0.526    
                         arrival time                          -0.420    
  -------------------------------------------------------------------
                         slack                                  0.106    

Slack (MET) :             0.106ns  (arrival time - required time)
  Source:                 virtual_seg_50_d1_reg[28]/C
                            (rising edge-triggered cell FDCE clocked by clk_out1_pll  {rise@0.000ns fall@10.000ns period=20.000ns})
  Destination:            virtual_seg_50_d2_reg[28]/D
                            (rising edge-triggered cell FDCE clocked by clk_out1_pll  {rise@0.000ns fall@10.000ns period=20.000ns})
  Path Group:             clk_out1_pll
  Path Type:              Hold (Min at Fast Process Corner)
  Requirement:            0.000ns  (clk_out1_pll rise@0.000ns - clk_out1_pll rise@0.000ns)
  Data Path Delay:        0.155ns  (logic 0.100ns (64.566%)  route 0.055ns (35.434%))
  Logic Levels:           0  
  Clock Path Skew:        0.000ns (DCD - SCD - CPR)
    Destination Clock Delay (DCD):    -0.650ns
    Source Clock Delay      (SCD):    -0.605ns
    Clock Pessimism Removal (CPR):    -0.046ns

    Location             Delay type                Incr(ns)  Path(ns)    Netlist Resource(s)
  -------------------------------------------------------------------    -------------------
                         (clock clk_out1_pll rise edge)
                                                      0.000     0.000 r  
    AD12                                              0.000     0.000 r  i_sys_clk_p (IN)
                         net (fo=0)                   0.000     0.000    pll_inst/inst/clk_in1_p
    AD12                 IBUFDS (Prop_ibufds_I_O)     0.388     0.388 r  pll_inst/inst/clkin1_ibufgds/O
                         net (fo=1, routed)           0.503     0.891    pll_inst/inst/clk_in1_pll
    MMCME2_ADV_X1Y1      MMCME2_ADV (Prop_mmcme2_adv_CLKIN1_CLKOUT0)
                                                     -3.040    -2.149 r  pll_inst/inst/mmcm_adv_inst/CLKOUT0
                         net (fo=1, routed)           0.940    -1.209    pll_inst/inst/clk_out1_pll
    BUFGCTRL_X0Y1        BUFG (Prop_bufg_I_O)         0.026    -1.183 r  pll_inst/inst/clkout1_buf/O
                         net (fo=581, routed)         0.578    -0.605    w_clk_50Mhz
    SLICE_X11Y206        FDCE                                         r  virtual_seg_50_d1_reg[28]/C
  -------------------------------------------------------------------    -------------------
    SLICE_X11Y206        FDCE (Prop_fdce_C_Q)         0.100    -0.505 r  virtual_seg_50_d1_reg[28]/Q
                         net (fo=1, routed)           0.055    -0.450    virtual_seg_50_d1[28]
    SLICE_X11Y206        FDCE                                         r  virtual_seg_50_d2_reg[28]/D
  -------------------------------------------------------------------    -------------------

                         (clock clk_out1_pll rise edge)
                                                      0.000     0.000 r  
    AD12                                              0.000     0.000 r  i_sys_clk_p (IN)
                         net (fo=0)                   0.000     0.000    pll_inst/inst/clk_in1_p
    AD12                 IBUFDS (Prop_ibufds_I_O)     0.470     0.470 r  pll_inst/inst/clkin1_ibufgds/O
                         net (fo=1, routed)           0.553     1.023    pll_inst/inst/clk_in1_pll
    MMCME2_ADV_X1Y1      MMCME2_ADV (Prop_mmcme2_adv_CLKIN1_CLKOUT0)
                                                     -3.493    -2.470 r  pll_inst/inst/mmcm_adv_inst/CLKOUT0
                         net (fo=1, routed)           1.007    -1.463    pll_inst/inst/clk_out1_pll
    BUFGCTRL_X0Y1        BUFG (Prop_bufg_I_O)         0.030    -1.433 r  pll_inst/inst/clkout1_buf/O
                         net (fo=581, routed)         0.783    -0.650    w_clk_50Mhz
    SLICE_X11Y206        FDCE                                         r  virtual_seg_50_d2_reg[28]/C
                         clock pessimism              0.046    -0.605    
    SLICE_X11Y206        FDCE (Hold_fdce_C_D)         0.049    -0.556    virtual_seg_50_d2_reg[28]
  -------------------------------------------------------------------
                         required time                          0.556    
                         arrival time                          -0.450    
  -------------------------------------------------------------------
                         slack                                  0.106    

Slack (MET) :             0.106ns  (arrival time - required time)
  Source:                 student_top_inst/mem_bridge/seg_wdata_cnt_d1_reg[8]/C
                            (rising edge-triggered cell FDRE clocked by clk_out1_pll  {rise@0.000ns fall@10.000ns period=20.000ns})
  Destination:            student_top_inst/mem_bridge/seg_wdata_cnt_d2_reg[8]/D
                            (rising edge-triggered cell FDRE clocked by clk_out1_pll  {rise@0.000ns fall@10.000ns period=20.000ns})
  Path Group:             clk_out1_pll
  Path Type:              Hold (Min at Fast Process Corner)
  Requirement:            0.000ns  (clk_out1_pll rise@0.000ns - clk_out1_pll rise@0.000ns)
  Data Path Delay:        0.155ns  (logic 0.100ns (64.566%)  route 0.055ns (35.434%))
  Logic Levels:           0  
  Clock Path Skew:        0.000ns (DCD - SCD - CPR)
    Destination Clock Delay (DCD):    -0.640ns
    Source Clock Delay      (SCD):    -0.591ns
    Clock Pessimism Removal (CPR):    -0.050ns

    Location             Delay type                Incr(ns)  Path(ns)    Netlist Resource(s)
  -------------------------------------------------------------------    -------------------
                         (clock clk_out1_pll rise edge)
                                                      0.000     0.000 r  
    AD12                                              0.000     0.000 r  i_sys_clk_p (IN)
                         net (fo=0)                   0.000     0.000    pll_inst/inst/clk_in1_p
    AD12                 IBUFDS (Prop_ibufds_I_O)     0.388     0.388 r  pll_inst/inst/clkin1_ibufgds/O
                         net (fo=1, routed)           0.503     0.891    pll_inst/inst/clk_in1_pll
    MMCME2_ADV_X1Y1      MMCME2_ADV (Prop_mmcme2_adv_CLKIN1_CLKOUT0)
                                                     -3.040    -2.149 r  pll_inst/inst/mmcm_adv_inst/CLKOUT0
                         net (fo=1, routed)           0.940    -1.209    pll_inst/inst/clk_out1_pll
    BUFGCTRL_X0Y1        BUFG (Prop_bufg_I_O)         0.026    -1.183 r  pll_inst/inst/clkout1_buf/O
                         net (fo=581, routed)         0.592    -0.591    student_top_inst/mem_bridge/cnt_clk
    SLICE_X11Y199        FDRE                                         r  student_top_inst/mem_bridge/seg_wdata_cnt_d1_reg[8]/C
  -------------------------------------------------------------------    -------------------
    SLICE_X11Y199        FDRE (Prop_fdre_C_Q)         0.100    -0.491 r  student_top_inst/mem_bridge/seg_wdata_cnt_d1_reg[8]/Q
                         net (fo=1, routed)           0.055    -0.436    student_top_inst/mem_bridge/seg_wdata_cnt_d1[8]
    SLICE_X11Y199        FDRE                                         r  student_top_inst/mem_bridge/seg_wdata_cnt_d2_reg[8]/D
  -------------------------------------------------------------------    -------------------

                         (clock clk_out1_pll rise edge)
                                                      0.000     0.000 r  
    AD12                                              0.000     0.000 r  i_sys_clk_p (IN)
                         net (fo=0)                   0.000     0.000    pll_inst/inst/clk_in1_p
    AD12                 IBUFDS (Prop_ibufds_I_O)     0.470     0.470 r  pll_inst/inst/clkin1_ibufgds/O
                         net (fo=1, routed)           0.553     1.023    pll_inst/inst/clk_in1_pll
    MMCME2_ADV_X1Y1      MMCME2_ADV (Prop_mmcme2_adv_CLKIN1_CLKOUT0)
                                                     -3.493    -2.470 r  pll_inst/inst/mmcm_adv_inst/CLKOUT0
                         net (fo=1, routed)           1.007    -1.463    pll_inst/inst/clk_out1_pll
    BUFGCTRL_X0Y1        BUFG (Prop_bufg_I_O)         0.030    -1.433 r  pll_inst/inst/clkout1_buf/O
                         net (fo=581, routed)         0.793    -0.640    student_top_inst/mem_bridge/cnt_clk
    SLICE_X11Y199        FDRE                                         r  student_top_inst/mem_bridge/seg_wdata_cnt_d2_reg[8]/C
                         clock pessimism              0.050    -0.591    
    SLICE_X11Y199        FDRE (Hold_fdre_C_D)         0.049    -0.542    student_top_inst/mem_bridge/seg_wdata_cnt_d2_reg[8]
  -------------------------------------------------------------------
                         required time                          0.542    
                         arrival time                          -0.436    
  -------------------------------------------------------------------
                         slack                                  0.106    

Slack (MET) :             0.106ns  (arrival time - required time)
  Source:                 virtual_seg_50_d1_reg[35]/C
                            (rising edge-triggered cell FDCE clocked by clk_out1_pll  {rise@0.000ns fall@10.000ns period=20.000ns})
  Destination:            virtual_seg_50_d2_reg[35]/D
                            (rising edge-triggered cell FDCE clocked by clk_out1_pll  {rise@0.000ns fall@10.000ns period=20.000ns})
  Path Group:             clk_out1_pll
  Path Type:              Hold (Min at Fast Process Corner)
  Requirement:            0.000ns  (clk_out1_pll rise@0.000ns - clk_out1_pll rise@0.000ns)
  Data Path Delay:        0.155ns  (logic 0.100ns (64.566%)  route 0.055ns (35.434%))
  Logic Levels:           0  
  Clock Path Skew:        0.000ns (DCD - SCD - CPR)
    Destination Clock Delay (DCD):    -0.617ns
    Source Clock Delay      (SCD):    -0.572ns
    Clock Pessimism Removal (CPR):    -0.046ns

    Location             Delay type                Incr(ns)  Path(ns)    Netlist Resource(s)
  -------------------------------------------------------------------    -------------------
                         (clock clk_out1_pll rise edge)
                                                      0.000     0.000 r  
    AD12                                              0.000     0.000 r  i_sys_clk_p (IN)
                         net (fo=0)                   0.000     0.000    pll_inst/inst/clk_in1_p
    AD12                 IBUFDS (Prop_ibufds_I_O)     0.388     0.388 r  pll_inst/inst/clkin1_ibufgds/O
                         net (fo=1, routed)           0.503     0.891    pll_inst/inst/clk_in1_pll
    MMCME2_ADV_X1Y1      MMCME2_ADV (Prop_mmcme2_adv_CLKIN1_CLKOUT0)
                                                     -3.040    -2.149 r  pll_inst/inst/mmcm_adv_inst/CLKOUT0
                         net (fo=1, routed)           0.940    -1.209    pll_inst/inst/clk_out1_pll
    BUFGCTRL_X0Y1        BUFG (Prop_bufg_I_O)         0.026    -1.183 r  pll_inst/inst/clkout1_buf/O
                         net (fo=581, routed)         0.611    -0.572    w_clk_50Mhz
    SLICE_X3Y202         FDCE                                         r  virtual_seg_50_d1_reg[35]/C
  -------------------------------------------------------------------    -------------------
    SLICE_X3Y202         FDCE (Prop_fdce_C_Q)         0.100    -0.472 r  virtual_seg_50_d1_reg[35]/Q
                         net (fo=1, routed)           0.055    -0.417    virtual_seg_50_d1[35]
    SLICE_X3Y202         FDCE                                         r  virtual_seg_50_d2_reg[35]/D
  -------------------------------------------------------------------    -------------------

                         (clock clk_out1_pll rise edge)
                                                      0.000     0.000 r  
    AD12                                              0.000     0.000 r  i_sys_clk_p (IN)
                         net (fo=0)                   0.000     0.000    pll_inst/inst/clk_in1_p
    AD12                 IBUFDS (Prop_ibufds_I_O)     0.470     0.470 r  pll_inst/inst/clkin1_ibufgds/O
                         net (fo=1, routed)           0.553     1.023    pll_inst/inst/clk_in1_pll
    MMCME2_ADV_X1Y1      MMCME2_ADV (Prop_mmcme2_adv_CLKIN1_CLKOUT0)
                                                     -3.493    -2.470 r  pll_inst/inst/mmcm_adv_inst/CLKOUT0
                         net (fo=1, routed)           1.007    -1.463    pll_inst/inst/clk_out1_pll
    BUFGCTRL_X0Y1        BUFG (Prop_bufg_I_O)         0.030    -1.433 r  pll_inst/inst/clkout1_buf/O
                         net (fo=581, routed)         0.816    -0.617    w_clk_50Mhz
    SLICE_X3Y202         FDCE                                         r  virtual_seg_50_d2_reg[35]/C
                         clock pessimism              0.046    -0.572    
    SLICE_X3Y202         FDCE (Hold_fdce_C_D)         0.049    -0.523    virtual_seg_50_d2_reg[35]
  -------------------------------------------------------------------
                         required time                          0.523    
                         arrival time                          -0.417    
  -------------------------------------------------------------------
                         slack                                  0.106    

Slack (MET) :             0.106ns  (arrival time - required time)
  Source:                 virtual_seg_50_d1_reg[36]/C
                            (rising edge-triggered cell FDCE clocked by clk_out1_pll  {rise@0.000ns fall@10.000ns period=20.000ns})
  Destination:            virtual_seg_50_d2_reg[36]/D
                            (rising edge-triggered cell FDCE clocked by clk_out1_pll  {rise@0.000ns fall@10.000ns period=20.000ns})
  Path Group:             clk_out1_pll
  Path Type:              Hold (Min at Fast Process Corner)
  Requirement:            0.000ns  (clk_out1_pll rise@0.000ns - clk_out1_pll rise@0.000ns)
  Data Path Delay:        0.155ns  (logic 0.100ns (64.566%)  route 0.055ns (35.434%))
  Logic Levels:           0  
  Clock Path Skew:        0.000ns (DCD - SCD - CPR)
    Destination Clock Delay (DCD):    -0.618ns
    Source Clock Delay      (SCD):    -0.573ns
    Clock Pessimism Removal (CPR):    -0.046ns

    Location             Delay type                Incr(ns)  Path(ns)    Netlist Resource(s)
  -------------------------------------------------------------------    -------------------
                         (clock clk_out1_pll rise edge)
                                                      0.000     0.000 r  
    AD12                                              0.000     0.000 r  i_sys_clk_p (IN)
                         net (fo=0)                   0.000     0.000    pll_inst/inst/clk_in1_p
    AD12                 IBUFDS (Prop_ibufds_I_O)     0.388     0.388 r  pll_inst/inst/clkin1_ibufgds/O
                         net (fo=1, routed)           0.503     0.891    pll_inst/inst/clk_in1_pll
    MMCME2_ADV_X1Y1      MMCME2_ADV (Prop_mmcme2_adv_CLKIN1_CLKOUT0)
                                                     -3.040    -2.149 r  pll_inst/inst/mmcm_adv_inst/CLKOUT0
                         net (fo=1, routed)           0.940    -1.209    pll_inst/inst/clk_out1_pll
    BUFGCTRL_X0Y1        BUFG (Prop_bufg_I_O)         0.026    -1.183 r  pll_inst/inst/clkout1_buf/O
                         net (fo=581, routed)         0.610    -0.573    w_clk_50Mhz
    SLICE_X5Y202         FDCE                                         r  virtual_seg_50_d1_reg[36]/C
  -------------------------------------------------------------------    -------------------
    SLICE_X5Y202         FDCE (Prop_fdce_C_Q)         0.100    -0.473 r  virtual_seg_50_d1_reg[36]/Q
                         net (fo=1, routed)           0.055    -0.418    virtual_seg_50_d1[36]
    SLICE_X5Y202         FDCE                                         r  virtual_seg_50_d2_reg[36]/D
  -------------------------------------------------------------------    -------------------

                         (clock clk_out1_pll rise edge)
                                                      0.000     0.000 r  
    AD12                                              0.000     0.000 r  i_sys_clk_p (IN)
                         net (fo=0)                   0.000     0.000    pll_inst/inst/clk_in1_p
    AD12                 IBUFDS (Prop_ibufds_I_O)     0.470     0.470 r  pll_inst/inst/clkin1_ibufgds/O
                         net (fo=1, routed)           0.553     1.023    pll_inst/inst/clk_in1_pll
    MMCME2_ADV_X1Y1      MMCME2_ADV (Prop_mmcme2_adv_CLKIN1_CLKOUT0)
                                                     -3.493    -2.470 r  pll_inst/inst/mmcm_adv_inst/CLKOUT0
                         net (fo=1, routed)           1.007    -1.463    pll_inst/inst/clk_out1_pll
    BUFGCTRL_X0Y1        BUFG (Prop_bufg_I_O)         0.030    -1.433 r  pll_inst/inst/clkout1_buf/O
                         net (fo=581, routed)         0.815    -0.618    w_clk_50Mhz
    SLICE_X5Y202         FDCE                                         r  virtual_seg_50_d2_reg[36]/C
                         clock pessimism              0.046    -0.573    
    SLICE_X5Y202         FDCE (Hold_fdce_C_D)         0.049    -0.524    virtual_seg_50_d2_reg[36]
  -------------------------------------------------------------------
                         required time                          0.524    
                         arrival time                          -0.418    
  -------------------------------------------------------------------
                         slack                                  0.106    

Slack (MET) :             0.106ns  (arrival time - required time)
  Source:                 virtual_seg_50_d1_reg[37]/C
                            (rising edge-triggered cell FDCE clocked by clk_out1_pll  {rise@0.000ns fall@10.000ns period=20.000ns})
  Destination:            virtual_seg_50_d2_reg[37]/D
                            (rising edge-triggered cell FDCE clocked by clk_out1_pll  {rise@0.000ns fall@10.000ns period=20.000ns})
  Path Group:             clk_out1_pll
  Path Type:              Hold (Min at Fast Process Corner)
  Requirement:            0.000ns  (clk_out1_pll rise@0.000ns - clk_out1_pll rise@0.000ns)
  Data Path Delay:        0.155ns  (logic 0.100ns (64.566%)  route 0.055ns (35.434%))
  Logic Levels:           0  
  Clock Path Skew:        0.000ns (DCD - SCD - CPR)
    Destination Clock Delay (DCD):    -0.618ns
    Source Clock Delay      (SCD):    -0.573ns
    Clock Pessimism Removal (CPR):    -0.046ns

    Location             Delay type                Incr(ns)  Path(ns)    Netlist Resource(s)
  -------------------------------------------------------------------    -------------------
                         (clock clk_out1_pll rise edge)
                                                      0.000     0.000 r  
    AD12                                              0.000     0.000 r  i_sys_clk_p (IN)
                         net (fo=0)                   0.000     0.000    pll_inst/inst/clk_in1_p
    AD12                 IBUFDS (Prop_ibufds_I_O)     0.388     0.388 r  pll_inst/inst/clkin1_ibufgds/O
                         net (fo=1, routed)           0.503     0.891    pll_inst/inst/clk_in1_pll
    MMCME2_ADV_X1Y1      MMCME2_ADV (Prop_mmcme2_adv_CLKIN1_CLKOUT0)
                                                     -3.040    -2.149 r  pll_inst/inst/mmcm_adv_inst/CLKOUT0
                         net (fo=1, routed)           0.940    -1.209    pll_inst/inst/clk_out1_pll
    BUFGCTRL_X0Y1        BUFG (Prop_bufg_I_O)         0.026    -1.183 r  pll_inst/inst/clkout1_buf/O
                         net (fo=581, routed)         0.610    -0.573    w_clk_50Mhz
    SLICE_X3Y205         FDCE                                         r  virtual_seg_50_d1_reg[37]/C
  -------------------------------------------------------------------    -------------------
    SLICE_X3Y205         FDCE (Prop_fdce_C_Q)         0.100    -0.473 r  virtual_seg_50_d1_reg[37]/Q
                         net (fo=1, routed)           0.055    -0.418    virtual_seg_50_d1[37]
    SLICE_X3Y205         FDCE                                         r  virtual_seg_50_d2_reg[37]/D
  -------------------------------------------------------------------    -------------------

                         (clock clk_out1_pll rise edge)
                                                      0.000     0.000 r  
    AD12                                              0.000     0.000 r  i_sys_clk_p (IN)
                         net (fo=0)                   0.000     0.000    pll_inst/inst/clk_in1_p
    AD12                 IBUFDS (Prop_ibufds_I_O)     0.470     0.470 r  pll_inst/inst/clkin1_ibufgds/O
                         net (fo=1, routed)           0.553     1.023    pll_inst/inst/clk_in1_pll
    MMCME2_ADV_X1Y1      MMCME2_ADV (Prop_mmcme2_adv_CLKIN1_CLKOUT0)
                                                     -3.493    -2.470 r  pll_inst/inst/mmcm_adv_inst/CLKOUT0
                         net (fo=1, routed)           1.007    -1.463    pll_inst/inst/clk_out1_pll
    BUFGCTRL_X0Y1        BUFG (Prop_bufg_I_O)         0.030    -1.433 r  pll_inst/inst/clkout1_buf/O
                         net (fo=581, routed)         0.815    -0.618    w_clk_50Mhz
    SLICE_X3Y205         FDCE                                         r  virtual_seg_50_d2_reg[37]/C
                         clock pessimism              0.046    -0.573    
    SLICE_X3Y205         FDCE (Hold_fdce_C_D)         0.049    -0.524    virtual_seg_50_d2_reg[37]
  -------------------------------------------------------------------
                         required time                          0.524    
                         arrival time                          -0.418    
  -------------------------------------------------------------------
                         slack                                  0.106    

Slack (MET) :             0.106ns  (arrival time - required time)
  Source:                 virtual_seg_50_d1_reg[38]/C
                            (rising edge-triggered cell FDCE clocked by clk_out1_pll  {rise@0.000ns fall@10.000ns period=20.000ns})
  Destination:            virtual_seg_50_d2_reg[38]/D
                            (rising edge-triggered cell FDCE clocked by clk_out1_pll  {rise@0.000ns fall@10.000ns period=20.000ns})
  Path Group:             clk_out1_pll
  Path Type:              Hold (Min at Fast Process Corner)
  Requirement:            0.000ns  (clk_out1_pll rise@0.000ns - clk_out1_pll rise@0.000ns)
  Data Path Delay:        0.155ns  (logic 0.100ns (64.566%)  route 0.055ns (35.434%))
  Logic Levels:           0  
  Clock Path Skew:        0.000ns (DCD - SCD - CPR)
    Destination Clock Delay (DCD):    -0.619ns
    Source Clock Delay      (SCD):    -0.574ns
    Clock Pessimism Removal (CPR):    -0.046ns

    Location             Delay type                Incr(ns)  Path(ns)    Netlist Resource(s)
  -------------------------------------------------------------------    -------------------
                         (clock clk_out1_pll rise edge)
                                                      0.000     0.000 r  
    AD12                                              0.000     0.000 r  i_sys_clk_p (IN)
                         net (fo=0)                   0.000     0.000    pll_inst/inst/clk_in1_p
    AD12                 IBUFDS (Prop_ibufds_I_O)     0.388     0.388 r  pll_inst/inst/clkin1_ibufgds/O
                         net (fo=1, routed)           0.503     0.891    pll_inst/inst/clk_in1_pll
    MMCME2_ADV_X1Y1      MMCME2_ADV (Prop_mmcme2_adv_CLKIN1_CLKOUT0)
                                                     -3.040    -2.149 r  pll_inst/inst/mmcm_adv_inst/CLKOUT0
                         net (fo=1, routed)           0.940    -1.209    pll_inst/inst/clk_out1_pll
    BUFGCTRL_X0Y1        BUFG (Prop_bufg_I_O)         0.026    -1.183 r  pll_inst/inst/clkout1_buf/O
                         net (fo=581, routed)         0.609    -0.574    w_clk_50Mhz
    SLICE_X7Y206         FDCE                                         r  virtual_seg_50_d1_reg[38]/C
  -------------------------------------------------------------------    -------------------
    SLICE_X7Y206         FDCE (Prop_fdce_C_Q)         0.100    -0.474 r  virtual_seg_50_d1_reg[38]/Q
                         net (fo=1, routed)           0.055    -0.419    virtual_seg_50_d1[38]
    SLICE_X7Y206         FDCE                                         r  virtual_seg_50_d2_reg[38]/D
  -------------------------------------------------------------------    -------------------

                         (clock clk_out1_pll rise edge)
                                                      0.000     0.000 r  
    AD12                                              0.000     0.000 r  i_sys_clk_p (IN)
                         net (fo=0)                   0.000     0.000    pll_inst/inst/clk_in1_p
    AD12                 IBUFDS (Prop_ibufds_I_O)     0.470     0.470 r  pll_inst/inst/clkin1_ibufgds/O
                         net (fo=1, routed)           0.553     1.023    pll_inst/inst/clk_in1_pll
    MMCME2_ADV_X1Y1      MMCME2_ADV (Prop_mmcme2_adv_CLKIN1_CLKOUT0)
                                                     -3.493    -2.470 r  pll_inst/inst/mmcm_adv_inst/CLKOUT0
                         net (fo=1, routed)           1.007    -1.463    pll_inst/inst/clk_out1_pll
    BUFGCTRL_X0Y1        BUFG (Prop_bufg_I_O)         0.030    -1.433 r  pll_inst/inst/clkout1_buf/O
                         net (fo=581, routed)         0.814    -0.619    w_clk_50Mhz
    SLICE_X7Y206         FDCE                                         r  virtual_seg_50_d2_reg[38]/C
                         clock pessimism              0.046    -0.574    
    SLICE_X7Y206         FDCE (Hold_fdce_C_D)         0.049    -0.525    virtual_seg_50_d2_reg[38]
  -------------------------------------------------------------------
                         required time                          0.525    
                         arrival time                          -0.419    
  -------------------------------------------------------------------
                         slack                                  0.106    

Slack (MET) :             0.106ns  (arrival time - required time)
  Source:                 virtual_seg_50_d1_reg[3]/C
                            (rising edge-triggered cell FDCE clocked by clk_out1_pll  {rise@0.000ns fall@10.000ns period=20.000ns})
  Destination:            virtual_seg_50_d2_reg[3]/D
                            (rising edge-triggered cell FDCE clocked by clk_out1_pll  {rise@0.000ns fall@10.000ns period=20.000ns})
  Path Group:             clk_out1_pll
  Path Type:              Hold (Min at Fast Process Corner)
  Requirement:            0.000ns  (clk_out1_pll rise@0.000ns - clk_out1_pll rise@0.000ns)
  Data Path Delay:        0.155ns  (logic 0.100ns (64.566%)  route 0.055ns (35.434%))
  Logic Levels:           0  
  Clock Path Skew:        0.000ns (DCD - SCD - CPR)
    Destination Clock Delay (DCD):    -0.619ns
    Source Clock Delay      (SCD):    -0.574ns
    Clock Pessimism Removal (CPR):    -0.046ns

    Location             Delay type                Incr(ns)  Path(ns)    Netlist Resource(s)
  -------------------------------------------------------------------    -------------------
                         (clock clk_out1_pll rise edge)
                                                      0.000     0.000 r  
    AD12                                              0.000     0.000 r  i_sys_clk_p (IN)
                         net (fo=0)                   0.000     0.000    pll_inst/inst/clk_in1_p
    AD12                 IBUFDS (Prop_ibufds_I_O)     0.388     0.388 r  pll_inst/inst/clkin1_ibufgds/O
                         net (fo=1, routed)           0.503     0.891    pll_inst/inst/clk_in1_pll
    MMCME2_ADV_X1Y1      MMCME2_ADV (Prop_mmcme2_adv_CLKIN1_CLKOUT0)
                                                     -3.040    -2.149 r  pll_inst/inst/mmcm_adv_inst/CLKOUT0
                         net (fo=1, routed)           0.940    -1.209    pll_inst/inst/clk_out1_pll
    BUFGCTRL_X0Y1        BUFG (Prop_bufg_I_O)         0.026    -1.183 r  pll_inst/inst/clkout1_buf/O
                         net (fo=581, routed)         0.609    -0.574    w_clk_50Mhz
    SLICE_X5Y206         FDCE                                         r  virtual_seg_50_d1_reg[3]/C
  -------------------------------------------------------------------    -------------------
    SLICE_X5Y206         FDCE (Prop_fdce_C_Q)         0.100    -0.474 r  virtual_seg_50_d1_reg[3]/Q
                         net (fo=1, routed)           0.055    -0.419    virtual_seg_50_d1[3]
    SLICE_X5Y206         FDCE                                         r  virtual_seg_50_d2_reg[3]/D
  -------------------------------------------------------------------    -------------------

                         (clock clk_out1_pll rise edge)
                                                      0.000     0.000 r  
    AD12                                              0.000     0.000 r  i_sys_clk_p (IN)
                         net (fo=0)                   0.000     0.000    pll_inst/inst/clk_in1_p
    AD12                 IBUFDS (Prop_ibufds_I_O)     0.470     0.470 r  pll_inst/inst/clkin1_ibufgds/O
                         net (fo=1, routed)           0.553     1.023    pll_inst/inst/clk_in1_pll
    MMCME2_ADV_X1Y1      MMCME2_ADV (Prop_mmcme2_adv_CLKIN1_CLKOUT0)
                                                     -3.493    -2.470 r  pll_inst/inst/mmcm_adv_inst/CLKOUT0
                         net (fo=1, routed)           1.007    -1.463    pll_inst/inst/clk_out1_pll
    BUFGCTRL_X0Y1        BUFG (Prop_bufg_I_O)         0.030    -1.433 r  pll_inst/inst/clkout1_buf/O
                         net (fo=581, routed)         0.814    -0.619    w_clk_50Mhz
    SLICE_X5Y206         FDCE                                         r  virtual_seg_50_d2_reg[3]/C
                         clock pessimism              0.046    -0.574    
    SLICE_X5Y206         FDCE (Hold_fdce_C_D)         0.049    -0.525    virtual_seg_50_d2_reg[3]
  -------------------------------------------------------------------
                         required time                          0.525    
                         arrival time                          -0.419    
  -------------------------------------------------------------------
                         slack                                  0.106    

Slack (MET) :             0.108ns  (arrival time - required time)
  Source:                 rst_50m_meta_reg/C
                            (rising edge-triggered cell FDPE clocked by clk_out1_pll  {rise@0.000ns fall@10.000ns period=20.000ns})
  Destination:            rst_50m_sync_reg/D
                            (rising edge-triggered cell FDPE clocked by clk_out1_pll  {rise@0.000ns fall@10.000ns period=20.000ns})
  Path Group:             clk_out1_pll
  Path Type:              Hold (Min at Fast Process Corner)
  Requirement:            0.000ns  (clk_out1_pll rise@0.000ns - clk_out1_pll rise@0.000ns)
  Data Path Delay:        0.155ns  (logic 0.100ns (64.566%)  route 0.055ns (35.434%))
  Logic Levels:           0  
  Clock Path Skew:        0.000ns (DCD - SCD - CPR)
    Destination Clock Delay (DCD):    -0.609ns
    Source Clock Delay      (SCD):    -0.559ns
    Clock Pessimism Removal (CPR):    -0.051ns

    Location             Delay type                Incr(ns)  Path(ns)    Netlist Resource(s)
  -------------------------------------------------------------------    -------------------
                         (clock clk_out1_pll rise edge)
                                                      0.000     0.000 r  
    AD12                                              0.000     0.000 r  i_sys_clk_p (IN)
                         net (fo=0)                   0.000     0.000    pll_inst/inst/clk_in1_p
    AD12                 IBUFDS (Prop_ibufds_I_O)     0.388     0.388 r  pll_inst/inst/clkin1_ibufgds/O
                         net (fo=1, routed)           0.503     0.891    pll_inst/inst/clk_in1_pll
    MMCME2_ADV_X1Y1      MMCME2_ADV (Prop_mmcme2_adv_CLKIN1_CLKOUT0)
                                                     -3.040    -2.149 r  pll_inst/inst/mmcm_adv_inst/CLKOUT0
                         net (fo=1, routed)           0.940    -1.209    pll_inst/inst/clk_out1_pll
    BUFGCTRL_X0Y1        BUFG (Prop_bufg_I_O)         0.026    -1.183 r  pll_inst/inst/clkout1_buf/O
                         net (fo=581, routed)         0.624    -0.559    w_clk_50Mhz
    SLICE_X3Y193         FDPE                                         r  rst_50m_meta_reg/C
  -------------------------------------------------------------------    -------------------
    SLICE_X3Y193         FDPE (Prop_fdpe_C_Q)         0.100    -0.459 r  rst_50m_meta_reg/Q
                         net (fo=1, routed)           0.055    -0.404    rst_50m_meta
    SLICE_X3Y193         FDPE                                         r  rst_50m_sync_reg/D
  -------------------------------------------------------------------    -------------------

                         (clock clk_out1_pll rise edge)
                                                      0.000     0.000 r  
    AD12                                              0.000     0.000 r  i_sys_clk_p (IN)
                         net (fo=0)                   0.000     0.000    pll_inst/inst/clk_in1_p
    AD12                 IBUFDS (Prop_ibufds_I_O)     0.470     0.470 r  pll_inst/inst/clkin1_ibufgds/O
                         net (fo=1, routed)           0.553     1.023    pll_inst/inst/clk_in1_pll
    MMCME2_ADV_X1Y1      MMCME2_ADV (Prop_mmcme2_adv_CLKIN1_CLKOUT0)
                                                     -3.493    -2.470 r  pll_inst/inst/mmcm_adv_inst/CLKOUT0
                         net (fo=1, routed)           1.007    -1.463    pll_inst/inst/clk_out1_pll
    BUFGCTRL_X0Y1        BUFG (Prop_bufg_I_O)         0.030    -1.433 r  pll_inst/inst/clkout1_buf/O
                         net (fo=581, routed)         0.824    -0.609    w_clk_50Mhz
    SLICE_X3Y193         FDPE                                         r  rst_50m_sync_reg/C
                         clock pessimism              0.051    -0.559    
    SLICE_X3Y193         FDPE (Hold_fdpe_C_D)         0.047    -0.512    rst_50m_sync_reg
  -------------------------------------------------------------------
                         required time                          0.512    
                         arrival time                          -0.404    
  -------------------------------------------------------------------
                         slack                                  0.108    





Pulse Width Checks
--------------------------------------------------------------------------------------
Clock Name:         clk_out1_pll
Waveform(ns):       { 0.000 10.000 }
Period(ns):         20.000
Sources:            { pll_inst/inst/mmcm_adv_inst/CLKOUT0 }

Check Type        Corner  Lib Pin             Reference Pin  Required(ns)  Actual(ns)  Slack(ns)  Location         Pin
Min Period        n/a     BUFG/I              n/a            1.408         20.000      18.591     BUFGCTRL_X0Y1    pll_inst/inst/clkout1_buf/I
Min Period        n/a     MMCME2_ADV/CLKOUT0  n/a            1.071         20.000      18.929     MMCME2_ADV_X1Y1  pll_inst/inst/mmcm_adv_inst/CLKOUT0
Min Period        n/a     FDPE/C              n/a            0.750         20.000      19.250     SLICE_X3Y193     rst_50m_sync_reg/C
Min Period        n/a     FDCE/C              n/a            0.750         20.000      19.250     SLICE_X7Y206     virtual_led_50_d2_reg[0]/C
Min Period        n/a     FDCE/C              n/a            0.750         20.000      19.250     SLICE_X11Y206    virtual_led_50_d2_reg[10]/C
Min Period        n/a     FDCE/C              n/a            0.750         20.000      19.250     SLICE_X4Y207     virtual_led_50_d2_reg[11]/C
Min Period        n/a     FDCE/C              n/a            0.750         20.000      19.250     SLICE_X11Y206    virtual_led_50_d2_reg[12]/C
Min Period        n/a     FDCE/C              n/a            0.750         20.000      19.250     SLICE_X2Y204     virtual_led_50_d2_reg[13]/C
Min Period        n/a     FDCE/C              n/a            0.750         20.000      19.250     SLICE_X11Y206    virtual_led_50_d2_reg[14]/C
Min Period        n/a     FDCE/C              n/a            0.750         20.000      19.250     SLICE_X3Y202     virtual_led_50_d2_reg[15]/C
Max Period        n/a     MMCME2_ADV/CLKOUT0  n/a            213.360       20.000      193.360    MMCME2_ADV_X1Y1  pll_inst/inst/mmcm_adv_inst/CLKOUT0
Low Pulse Width   Slow    FDPE/C              n/a            0.400         10.000      9.600      SLICE_X3Y193     rst_50m_sync_reg/C
Low Pulse Width   Fast    FDPE/C              n/a            0.400         10.000      9.600      SLICE_X3Y193     rst_50m_sync_reg/C
Low Pulse Width   Slow    FDCE/C              n/a            0.400         10.000      9.600      SLICE_X7Y206     virtual_led_50_d2_reg[0]/C
Low Pulse Width   Fast    FDCE/C              n/a            0.400         10.000      9.600      SLICE_X7Y206     virtual_led_50_d2_reg[0]/C
Low Pulse Width   Slow    FDCE/C              n/a            0.400         10.000      9.600      SLICE_X11Y206    virtual_led_50_d2_reg[10]/C
Low Pulse Width   Fast    FDCE/C              n/a            0.400         10.000      9.600      SLICE_X11Y206    virtual_led_50_d2_reg[10]/C
Low Pulse Width   Slow    FDCE/C              n/a            0.400         10.000      9.600      SLICE_X4Y207     virtual_led_50_d2_reg[11]/C
Low Pulse Width   Fast    FDCE/C              n/a            0.400         10.000      9.600      SLICE_X4Y207     virtual_led_50_d2_reg[11]/C
Low Pulse Width   Slow    FDCE/C              n/a            0.400         10.000      9.600      SLICE_X11Y206    virtual_led_50_d2_reg[12]/C
Low Pulse Width   Fast    FDCE/C              n/a            0.400         10.000      9.600      SLICE_X11Y206    virtual_led_50_d2_reg[12]/C
High Pulse Width  Slow    FDPE/C              n/a            0.350         10.000      9.650      SLICE_X3Y193     rst_50m_meta_reg/C
High Pulse Width  Fast    FDPE/C              n/a            0.350         10.000      9.650      SLICE_X3Y193     rst_50m_meta_reg/C
High Pulse Width  Slow    FDPE/C              n/a            0.350         10.000      9.650      SLICE_X3Y193     rst_50m_sync_reg/C
High Pulse Width  Fast    FDPE/C              n/a            0.350         10.000      9.650      SLICE_X3Y193     rst_50m_sync_reg/C
High Pulse Width  Slow    FDCE/C              n/a            0.350         10.000      9.650      SLICE_X7Y206     virtual_led_50_d1_reg[0]/C
High Pulse Width  Fast    FDCE/C              n/a            0.350         10.000      9.650      SLICE_X7Y206     virtual_led_50_d1_reg[0]/C
High Pulse Width  Slow    FDCE/C              n/a            0.350         10.000      9.650      SLICE_X11Y206    virtual_led_50_d1_reg[10]/C
High Pulse Width  Fast    FDCE/C              n/a            0.350         10.000      9.650      SLICE_X11Y206    virtual_led_50_d1_reg[10]/C
High Pulse Width  Slow    FDCE/C              n/a            0.350         10.000      9.650      SLICE_X4Y207     virtual_led_50_d1_reg[11]/C
High Pulse Width  Fast    FDCE/C              n/a            0.350         10.000      9.650      SLICE_X4Y207     virtual_led_50_d1_reg[11]/C



---------------------------------------------------------------------------------------------------
From Clock:  clk_out2_pll
  To Clock:  clk_out2_pll

Setup :        47536  Failing Endpoints,  Worst Slack       -4.495ns,  Total Violation  -127382.053ns
Hold  :            0  Failing Endpoints,  Worst Slack        0.056ns,  Total Violation        0.000ns
PW    :            0  Failing Endpoints,  Worst Slack        4.232ns,  Total Violation        0.000ns
---------------------------------------------------------------------------------------------------


Max Delay Paths
--------------------------------------------------------------------------------------
Slack (VIOLATED) :        -4.495ns  (required time - arrival time)
  Source:                 student_top_inst/Core_cpu/u_core/u_backend/complete_prd_reg[1][0]/C
                            (rising edge-triggered cell FDRE clocked by clk_out2_pll  {rise@0.000ns fall@5.000ns period=10.000ns})
  Destination:            student_top_inst/Core_cpu/u_core/u_backend/u_execute/u_prf/regs_q_reg[27][14]/CE
                            (rising edge-triggered cell FDRE clocked by clk_out2_pll  {rise@0.000ns fall@5.000ns period=10.000ns})
  Path Group:             clk_out2_pll
  Path Type:              Setup (Max at Slow Process Corner)
  Requirement:            10.000ns  (clk_out2_pll rise@10.000ns - clk_out2_pll rise@0.000ns)
  Data Path Delay:        14.037ns  (logic 1.976ns (14.077%)  route 12.061ns (85.923%))
  Logic Levels:           30  (CARRY4=4 LUT2=2 LUT4=5 LUT5=4 LUT6=14 MUXF8=1)
  Clock Path Skew:        -0.213ns (DCD - SCD + CPR)
    Destination Clock Delay (DCD):    -1.605ns = ( 8.395 - 10.000 ) 
    Source Clock Delay      (SCD):    -2.043ns
    Clock Pessimism Removal (CPR):    -0.652ns
  Clock Uncertainty:      0.066ns  ((TSJ^2 + DJ^2)^1/2) / 2 + PE
    Total System Jitter     (TSJ):    0.071ns
    Discrete Jitter          (DJ):    0.112ns
    Phase Error              (PE):    0.000ns

    Location             Delay type                Incr(ns)  Path(ns)    Netlist Resource(s)
  -------------------------------------------------------------------    -------------------
                         (clock clk_out2_pll rise edge)
                                                      0.000     0.000 r  
    AD12                                              0.000     0.000 r  i_sys_clk_p (IN)
                         net (fo=0)                   0.000     0.000    pll_inst/inst/clk_in1_p
    AD12                 IBUFDS (Prop_ibufds_I_O)     0.906     0.906 r  pll_inst/inst/clkin1_ibufgds/O
                         net (fo=1, routed)           1.081     1.987    pll_inst/inst/clk_in1_pll
    MMCME2_ADV_X1Y1      MMCME2_ADV (Prop_mmcme2_adv_CLKIN1_CLKOUT1)
                                                     -7.786    -5.799 r  pll_inst/inst/mmcm_adv_inst/CLKOUT1
                         net (fo=1, routed)           2.130    -3.669    pll_inst/inst/clk_out2_pll
    BUFGCTRL_X0Y0        BUFG (Prop_bufg_I_O)         0.093    -3.576 r  pll_inst/inst/clkout2_buf/O
                         net (fo=33272, routed)       1.533    -2.043    student_top_inst/Core_cpu/u_core/u_backend/clk
    SLICE_X56Y301        FDRE                                         r  student_top_inst/Core_cpu/u_core/u_backend/complete_prd_reg[1][0]/C
  -------------------------------------------------------------------    -------------------
    SLICE_X56Y301        FDRE (Prop_fdre_C_Q)         0.259    -1.784 r  student_top_inst/Core_cpu/u_core/u_backend/complete_prd_reg[1][0]/Q
                         net (fo=93, routed)          1.121    -0.664    student_top_inst/Core_cpu/u_core/u_backend/u_mem_iq/wakeup_phy_i[1][0]
    SLICE_X71Y287        LUT6 (Prop_lut6_I4_O)        0.043    -0.621 f  student_top_inst/Core_cpu/u_core/u_backend/u_mem_iq/issue_slot_o[2]_INST_0_i_63/O
                         net (fo=1, routed)           0.355    -0.266    student_top_inst/Core_cpu/u_core/u_backend/u_mem_iq/issue_slot_o[2]_INST_0_i_63_n_0
    SLICE_X71Y287        LUT6 (Prop_lut6_I4_O)        0.043    -0.223 r  student_top_inst/Core_cpu/u_core/u_backend/u_mem_iq/issue_slot_o[2]_INST_0_i_25/O
                         net (fo=2, routed)           0.472     0.249    student_top_inst/Core_cpu/u_core/u_backend/u_mem_iq/issue_slot_o[2]_INST_0_i_25_n_0
    SLICE_X72Y275        LUT5 (Prop_lut5_I4_O)        0.043     0.292 r  student_top_inst/Core_cpu/u_core/u_backend/u_mem_iq/issue_slot_o[2]_INST_0_i_11/O
                         net (fo=3, routed)           0.487     0.780    student_top_inst/Core_cpu/u_core/u_backend/u_mem_iq/issue_slot_o[2]_INST_0_i_11_n_0
    SLICE_X73Y263        LUT6 (Prop_lut6_I5_O)        0.043     0.823 f  student_top_inst/Core_cpu/u_core/u_backend/u_mem_iq/issue_slot_o[2]_INST_0_i_3/O
                         net (fo=6, routed)           0.568     1.391    student_top_inst/Core_cpu/u_core/u_backend/u_mem_iq/issue_slot_o[2]_INST_0_i_3_n_0
    SLICE_X72Y259        LUT5 (Prop_lut5_I3_O)        0.043     1.434 f  student_top_inst/Core_cpu/u_core/u_backend/u_mem_iq/issue_age_o[0]_INST_0_i_5/O
                         net (fo=4, routed)           0.326     1.760    student_top_inst/Core_cpu/u_core/u_backend/u_mem_iq/issue_age_o[0]_INST_0_i_5_n_0
    SLICE_X72Y258        LUT4 (Prop_lut4_I0_O)        0.043     1.803 r  student_top_inst/Core_cpu/u_core/u_backend/u_mem_iq/issue_uop_o[0][uop][is_jalr]_INST_0_i_7/O
                         net (fo=17, routed)          0.489     2.292    student_top_inst/Core_cpu/u_core/u_backend/u_mem_iq/issue_uop_o[0][uop][is_jalr]_INST_0_i_7_n_0
    SLICE_X69Y259        LUT6 (Prop_lut6_I1_O)        0.043     2.335 r  student_top_inst/Core_cpu/u_core/u_backend/u_mem_iq/issue_uop_o[0][prs2][2]_INST_0_i_4/O
                         net (fo=1, routed)           0.265     2.600    student_top_inst/Core_cpu/u_core/u_backend/u_mem_iq/issue_uop_o[0][prs2][2]_INST_0_i_4_n_0
    SLICE_X68Y259        LUT6 (Prop_lut6_I5_O)        0.043     2.643 f  student_top_inst/Core_cpu/u_core/u_backend/u_mem_iq/issue_uop_o[0][prs2][2]_INST_0_i_3/O
                         net (fo=1, routed)           0.334     2.977    student_top_inst/Core_cpu/u_core/u_backend/u_mem_iq/issue_uop_o[0][prs2][2]_INST_0_i_3_n_0
    SLICE_X68Y259        LUT5 (Prop_lut5_I4_O)        0.043     3.020 r  student_top_inst/Core_cpu/u_core/u_backend/u_mem_iq/issue_uop_o[0][prs2][2]_INST_0_i_2/O
                         net (fo=1, routed)           0.335     3.355    student_top_inst/Core_cpu/u_core/u_backend/u_mem_iq/issue_uop_o[0][prs2][2]_INST_0_i_2_n_0
    SLICE_X66Y257        LUT6 (Prop_lut6_I2_O)        0.043     3.398 r  student_top_inst/Core_cpu/u_core/u_backend/u_mem_iq/issue_uop_o[0][prs2][2]_INST_0_i_1/O
                         net (fo=1, routed)           0.190     3.588    student_top_inst/Core_cpu/u_core/u_backend/u_mem_iq/issue_uop_o[0][prs2][2]_INST_0_i_1_n_0
    SLICE_X64Y257        LUT6 (Prop_lut6_I2_O)        0.043     3.631 r  student_top_inst/Core_cpu/u_core/u_backend/u_mem_iq/issue_uop_o[0][prs2][2]_INST_0/O
                         net (fo=128, routed)         0.699     4.330    student_top_inst/Core_cpu/u_core/u_backend/u_execute/u_prf/raddr_i[5][2]
    SLICE_X48Y260        MUXF8 (Prop_muxf8_S_O)       0.141     4.471 r  student_top_inst/Core_cpu/u_core/u_backend/u_execute/u_prf/rdata_o[5][2]_INST_0_i_1/O
                         net (fo=1, routed)           0.753     5.225    student_top_inst/Core_cpu/u_core/u_backend/u_execute/u_prf/rdata_o[5][2]_INST_0_i_1_n_0
    SLICE_X50Y249        LUT6 (Prop_lut6_I0_O)        0.126     5.351 r  student_top_inst/Core_cpu/u_core/u_backend/u_execute/u_prf/rdata_o[5][2]_INST_0/O
                         net (fo=5, routed)           0.411     5.761    student_top_inst/Core_cpu/u_core/u_backend/u_execute/prf_rdata[5][2]
    SLICE_X50Y245        LUT4 (Prop_lut4_I0_O)        0.043     5.804 r  student_top_inst/Core_cpu/u_core/u_backend/u_execute/complete_result_o[2][2]_INST_0_i_27/O
                         net (fo=1, routed)           0.294     6.099    student_top_inst/Core_cpu/u_core/u_backend/u_execute/complete_result_o[2][2]_INST_0_i_27_n_0
    SLICE_X50Y241        LUT6 (Prop_lut6_I0_O)        0.043     6.142 r  student_top_inst/Core_cpu/u_core/u_backend/u_execute/complete_result_o[2][2]_INST_0_i_19/O
                         net (fo=120, routed)         0.610     6.752    student_top_inst/Core_cpu/u_core/u_backend/u_execute/complete_result_o[2][2]_INST_0_i_19_n_0
    SLICE_X52Y243        LUT4 (Prop_lut4_I2_O)        0.043     6.795 r  student_top_inst/Core_cpu/u_core/u_backend/u_execute/complete_result_o[2][0]_INST_0_i_74/O
                         net (fo=1, routed)           0.000     6.795    student_top_inst/Core_cpu/u_core/u_backend/u_execute/complete_result_o[2][0]_INST_0_i_74_n_0
    SLICE_X52Y243        CARRY4 (Prop_carry4_S[1]_CO[3])
                                                      0.256     7.051 r  student_top_inst/Core_cpu/u_core/u_backend/u_execute/complete_result_o[2][0]_INST_0_i_52/CO[3]
                         net (fo=1, routed)           0.000     7.051    student_top_inst/Core_cpu/u_core/u_backend/u_execute/complete_result_o[2][0]_INST_0_i_52_n_0
    SLICE_X52Y244        CARRY4 (Prop_carry4_CI_CO[3])
                                                      0.054     7.105 r  student_top_inst/Core_cpu/u_core/u_backend/u_execute/complete_result_o[2][0]_INST_0_i_35/CO[3]
                         net (fo=1, routed)           0.000     7.105    student_top_inst/Core_cpu/u_core/u_backend/u_execute/complete_result_o[2][0]_INST_0_i_35_n_0
    SLICE_X52Y245        CARRY4 (Prop_carry4_CI_CO[3])
                                                      0.054     7.159 r  student_top_inst/Core_cpu/u_core/u_backend/u_execute/complete_result_o[2][0]_INST_0_i_18/CO[3]
                         net (fo=1, routed)           0.000     7.159    student_top_inst/Core_cpu/u_core/u_backend/u_execute/complete_result_o[2][0]_INST_0_i_18_n_0
    SLICE_X52Y246        CARRY4 (Prop_carry4_CI_CO[3])
                                                      0.054     7.213 f  student_top_inst/Core_cpu/u_core/u_backend/u_execute/complete_result_o[2][0]_INST_0_i_15/CO[3]
                         net (fo=1, routed)           0.327     7.540    student_top_inst/Core_cpu/u_core/u_backend/u_execute/data3
    SLICE_X52Y247        LUT2 (Prop_lut2_I1_O)        0.043     7.583 f  student_top_inst/Core_cpu/u_core/u_backend/u_execute/complete_result_o[2][0]_INST_0_i_11/O
                         net (fo=2, routed)           0.202     7.784    student_top_inst/Core_cpu/u_core/u_backend/u_execute/complete_result_o[2][0]_INST_0_i_11_n_0
    SLICE_X52Y247        LUT6 (Prop_lut6_I2_O)        0.043     7.827 r  student_top_inst/Core_cpu/u_core/u_backend/u_execute/complete_exception_o[2]_INST_0_i_11/O
                         net (fo=1, routed)           0.106     7.933    student_top_inst/Core_cpu/u_core/u_backend/u_execute/complete_exception_o[2]_INST_0_i_11_n_0
    SLICE_X52Y247        LUT6 (Prop_lut6_I3_O)        0.043     7.976 r  student_top_inst/Core_cpu/u_core/u_backend/u_execute/complete_exception_o[2]_INST_0_i_7/O
                         net (fo=1, routed)           0.339     8.315    student_top_inst/Core_cpu/u_core/u_backend/u_execute/complete_exception_o[2]_INST_0_i_7_n_0
    SLICE_X53Y247        LUT4 (Prop_lut4_I3_O)        0.043     8.358 r  student_top_inst/Core_cpu/u_core/u_backend/u_execute/complete_exception_o[2]_INST_0_i_4/O
                         net (fo=1, routed)           0.263     8.621    student_top_inst/Core_cpu/u_core/u_backend/u_execute/complete_exception_o[2]_INST_0_i_4_n_0
    SLICE_X54Y247        LUT4 (Prop_lut4_I1_O)        0.043     8.664 r  student_top_inst/Core_cpu/u_core/u_backend/u_execute/complete_exception_o[2]_INST_0_i_2/O
                         net (fo=3, routed)           0.205     8.870    student_top_inst/Core_cpu/u_core/u_backend/u_execute/complete_exception_o[2]_INST_0_i_2_n_0
    SLICE_X54Y249        LUT5 (Prop_lut5_I0_O)        0.043     8.913 f  student_top_inst/Core_cpu/u_core/u_backend/u_execute/complete_exception_o[2]_INST_0_i_1/O
                         net (fo=5, routed)           0.300     9.212    student_top_inst/Core_cpu/u_core/u_backend/u_execute/complete_exception_o[2]_INST_0_i_1_n_0
    SLICE_X56Y252        LUT6 (Prop_lut6_I4_O)        0.043     9.255 r  student_top_inst/Core_cpu/u_core/u_backend/u_execute/u_prf_i_2/O
                         net (fo=50, routed)          0.383     9.639    student_top_inst/Core_cpu/u_core/u_backend/u_execute/u_prf/we_i[2]
    SLICE_X54Y251        LUT2 (Prop_lut2_I1_O)        0.043     9.682 r  student_top_inst/Core_cpu/u_core/u_backend/u_execute/u_prf/regs_q[40][30]_i_3/O
                         net (fo=114, routed)         0.848    10.530    student_top_inst/Core_cpu/u_core/u_backend/u_execute/u_prf/regs_q[40][30]_i_3_n_0
    SLICE_X48Y266        LUT6 (Prop_lut6_I0_O)        0.043    10.573 r  student_top_inst/Core_cpu/u_core/u_backend/u_execute/u_prf/regs_q[27][31]_i_5/O
                         net (fo=1, routed)           0.423    10.996    student_top_inst/Core_cpu/u_core/u_backend/u_execute/u_prf/regs_q[27][31]_i_5_n_0
    SLICE_X41Y266        LUT6 (Prop_lut6_I2_O)        0.043    11.039 r  student_top_inst/Core_cpu/u_core/u_backend/u_execute/u_prf/regs_q[27][31]_i_1/O
                         net (fo=32, routed)          0.956    11.994    student_top_inst/Core_cpu/u_core/u_backend/u_execute/u_prf/regs_q[27][31]_i_1_n_0
    SLICE_X14Y263        FDRE                                         r  student_top_inst/Core_cpu/u_core/u_backend/u_execute/u_prf/regs_q_reg[27][14]/CE
  -------------------------------------------------------------------    -------------------

                         (clock clk_out2_pll rise edge)
                                                     10.000    10.000 r  
    AD12                                              0.000    10.000 r  i_sys_clk_p (IN)
                         net (fo=0)                   0.000    10.000    pll_inst/inst/clk_in1_p
    AD12                 IBUFDS (Prop_ibufds_I_O)     0.803    10.803 r  pll_inst/inst/clkin1_ibufgds/O
                         net (fo=1, routed)           0.986    11.789    pll_inst/inst/clk_in1_pll
    MMCME2_ADV_X1Y1      MMCME2_ADV (Prop_mmcme2_adv_CLKIN1_CLKOUT1)
                                                     -6.759     5.030 r  pll_inst/inst/mmcm_adv_inst/CLKOUT1
                         net (fo=1, routed)           2.005     7.035    pll_inst/inst/clk_out2_pll
    BUFGCTRL_X0Y0        BUFG (Prop_bufg_I_O)         0.083     7.118 r  pll_inst/inst/clkout2_buf/O
                         net (fo=33272, routed)       1.277     8.395    student_top_inst/Core_cpu/u_core/u_backend/u_execute/u_prf/clk
    SLICE_X14Y263        FDRE                                         r  student_top_inst/Core_cpu/u_core/u_backend/u_execute/u_prf/regs_q_reg[27][14]/C
                         clock pessimism             -0.652     7.744    
                         clock uncertainty           -0.066     7.677    
    SLICE_X14Y263        FDRE (Setup_fdre_C_CE)      -0.178     7.499    student_top_inst/Core_cpu/u_core/u_backend/u_execute/u_prf/regs_q_reg[27][14]
  -------------------------------------------------------------------
                         required time                          7.499    
                         arrival time                         -11.994    
  -------------------------------------------------------------------
                         slack                                 -4.495    

Slack (VIOLATED) :        -4.472ns  (required time - arrival time)
  Source:                 student_top_inst/Core_cpu/u_core/u_backend/u_rename/srat_q_reg[15][0]/C
                            (rising edge-triggered cell FDPE clocked by clk_out2_pll  {rise@0.000ns fall@5.000ns period=10.000ns})
  Destination:            student_top_inst/Core_cpu/u_core/u_backend/u_int_iq/u_queue/entry_q_reg[0][src2_ready]/D
                            (rising edge-triggered cell FDRE clocked by clk_out2_pll  {rise@0.000ns fall@5.000ns period=10.000ns})
  Path Group:             clk_out2_pll
  Path Type:              Setup (Max at Slow Process Corner)
  Requirement:            10.000ns  (clk_out2_pll rise@10.000ns - clk_out2_pll rise@0.000ns)
  Data Path Delay:        14.351ns  (logic 1.556ns (10.843%)  route 12.795ns (89.157%))
  Logic Levels:           31  (LUT2=3 LUT3=2 LUT4=1 LUT5=6 LUT6=19)
  Clock Path Skew:        -0.089ns (DCD - SCD + CPR)
    Destination Clock Delay (DCD):    -1.488ns = ( 8.512 - 10.000 ) 
    Source Clock Delay      (SCD):    -2.020ns
    Clock Pessimism Removal (CPR):    -0.622ns
  Clock Uncertainty:      0.066ns  ((TSJ^2 + DJ^2)^1/2) / 2 + PE
    Total System Jitter     (TSJ):    0.071ns
    Discrete Jitter          (DJ):    0.112ns
    Phase Error              (PE):    0.000ns

    Location             Delay type                Incr(ns)  Path(ns)    Netlist Resource(s)
  -------------------------------------------------------------------    -------------------
                         (clock clk_out2_pll rise edge)
                                                      0.000     0.000 r  
    AD12                                              0.000     0.000 r  i_sys_clk_p (IN)
                         net (fo=0)                   0.000     0.000    pll_inst/inst/clk_in1_p
    AD12                 IBUFDS (Prop_ibufds_I_O)     0.906     0.906 r  pll_inst/inst/clkin1_ibufgds/O
                         net (fo=1, routed)           1.081     1.987    pll_inst/inst/clk_in1_pll
    MMCME2_ADV_X1Y1      MMCME2_ADV (Prop_mmcme2_adv_CLKIN1_CLKOUT1)
                                                     -7.786    -5.799 r  pll_inst/inst/mmcm_adv_inst/CLKOUT1
                         net (fo=1, routed)           2.130    -3.669    pll_inst/inst/clk_out2_pll
    BUFGCTRL_X0Y0        BUFG (Prop_bufg_I_O)         0.093    -3.576 r  pll_inst/inst/clkout2_buf/O
                         net (fo=33272, routed)       1.556    -2.020    student_top_inst/Core_cpu/u_core/u_backend/u_rename/clk
    SLICE_X109Y343       FDPE                                         r  student_top_inst/Core_cpu/u_core/u_backend/u_rename/srat_q_reg[15][0]/C
  -------------------------------------------------------------------    -------------------
    SLICE_X109Y343       FDPE (Prop_fdpe_C_Q)         0.223    -1.797 r  student_top_inst/Core_cpu/u_core/u_backend/u_rename/srat_q_reg[15][0]/Q
                         net (fo=28, routed)          0.442    -1.356    student_top_inst/Core_cpu/u_core/u_backend/u_free_list/live_map_i[15][0]
    SLICE_X108Y345       LUT3 (Prop_lut3_I2_O)        0.043    -1.313 f  student_top_inst/Core_cpu/u_core/u_backend/u_free_list/alloc_valid_o[1]_INST_0_i_96/O
                         net (fo=7, routed)           0.838    -0.475    student_top_inst/Core_cpu/u_core/u_backend/u_free_list/alloc_valid_o[1]_INST_0_i_96_n_0
    SLICE_X94Y337        LUT6 (Prop_lut6_I3_O)        0.043    -0.432 f  student_top_inst/Core_cpu/u_core/u_backend/u_free_list/alloc_phy_o[1][2]_INST_0_i_84/O
                         net (fo=1, routed)           0.503     0.071    student_top_inst/Core_cpu/u_core/u_backend/u_free_list/alloc_phy_o[1][2]_INST_0_i_84_n_0
    SLICE_X98Y335        LUT5 (Prop_lut5_I4_O)        0.043     0.114 f  student_top_inst/Core_cpu/u_core/u_backend/u_free_list/alloc_phy_o[1][2]_INST_0_i_42/O
                         net (fo=2, routed)           0.435     0.549    student_top_inst/Core_cpu/u_core/u_backend/u_free_list/alloc_phy_o[1][2]_INST_0_i_42_n_0
    SLICE_X94Y332        LUT6 (Prop_lut6_I3_O)        0.043     0.592 r  student_top_inst/Core_cpu/u_core/u_backend/u_free_list/alloc_phy_o[0][3]_INST_0_i_23/O
                         net (fo=1, routed)           0.545     1.137    student_top_inst/Core_cpu/u_core/u_backend/u_free_list/alloc_phy_o[0][3]_INST_0_i_23_n_0
    SLICE_X101Y331       LUT6 (Prop_lut6_I0_O)        0.043     1.180 r  student_top_inst/Core_cpu/u_core/u_backend/u_free_list/alloc_phy_o[0][3]_INST_0_i_16/O
                         net (fo=10, routed)          0.493     1.673    student_top_inst/Core_cpu/u_core/u_backend/u_free_list/alloc_phy_o[0][3]_INST_0_i_16_n_0
    SLICE_X104Y331       LUT6 (Prop_lut6_I2_O)        0.043     1.716 r  student_top_inst/Core_cpu/u_core/u_backend/u_free_list/alloc_phy_o[0][4]_INST_0_i_8/O
                         net (fo=6, routed)           0.407     2.123    student_top_inst/Core_cpu/u_core/u_backend/u_free_list/alloc_phy_o[0][4]_INST_0_i_8_n_0
    SLICE_X108Y334       LUT6 (Prop_lut6_I2_O)        0.043     2.166 f  student_top_inst/Core_cpu/u_core/u_backend/u_free_list/alloc_phy_o[0][3]_INST_0_i_12/O
                         net (fo=10, routed)          0.275     2.442    student_top_inst/Core_cpu/u_core/u_backend/u_free_list/alloc_phy_o[0][3]_INST_0_i_12_n_0
    SLICE_X108Y334       LUT5 (Prop_lut5_I3_O)        0.043     2.485 r  student_top_inst/Core_cpu/u_core/u_backend/u_free_list/free_q[34]_i_8/O
                         net (fo=9, routed)           0.351     2.836    student_top_inst/Core_cpu/u_core/u_backend/u_free_list/free_q[34]_i_8_n_0
    SLICE_X110Y334       LUT4 (Prop_lut4_I2_O)        0.043     2.879 r  student_top_inst/Core_cpu/u_core/u_backend/u_free_list/alloc_phy_o[0][0]_INST_0_i_21/O
                         net (fo=10, routed)          0.377     3.256    student_top_inst/Core_cpu/u_core/u_backend/u_free_list/alloc_phy_o[0][0]_INST_0_i_21_n_0
    SLICE_X110Y334       LUT3 (Prop_lut3_I0_O)        0.043     3.299 f  student_top_inst/Core_cpu/u_core/u_backend/u_free_list/alloc_phy_o[0][1]_INST_0_i_20/O
                         net (fo=5, routed)           0.215     3.514    student_top_inst/Core_cpu/u_core/u_backend/u_free_list/alloc_phy_o[0][1]_INST_0_i_20_n_0
    SLICE_X110Y332       LUT2 (Prop_lut2_I0_O)        0.043     3.557 f  student_top_inst/Core_cpu/u_core/u_backend/u_free_list/alloc_phy_o[0][0]_INST_0_i_17/O
                         net (fo=3, routed)           0.542     4.099    student_top_inst/Core_cpu/u_core/u_backend/u_free_list/alloc_phy_o[0][0]_INST_0_i_17_n_0
    SLICE_X110Y330       LUT6 (Prop_lut6_I0_O)        0.043     4.142 f  student_top_inst/Core_cpu/u_core/u_backend/u_free_list/alloc_phy_o[0][0]_INST_0_i_11/O
                         net (fo=1, routed)           0.272     4.414    student_top_inst/Core_cpu/u_core/u_backend/u_free_list/alloc_phy_o[0][0]_INST_0_i_11_n_0
    SLICE_X110Y328       LUT6 (Prop_lut6_I4_O)        0.043     4.457 f  student_top_inst/Core_cpu/u_core/u_backend/u_free_list/alloc_phy_o[0][0]_INST_0_i_2/O
                         net (fo=1, routed)           0.363     4.820    student_top_inst/Core_cpu/u_core/u_backend/u_free_list/alloc_phy_o[0][0]_INST_0_i_2_n_0
    SLICE_X108Y327       LUT6 (Prop_lut6_I1_O)        0.043     4.863 f  student_top_inst/Core_cpu/u_core/u_backend/u_free_list/alloc_phy_o[0][0]_INST_0/O
                         net (fo=83, routed)          0.495     5.359    student_top_inst/Core_cpu/u_core/u_backend/u_free_list/alloc_phy_o[0][0]
    SLICE_X104Y326       LUT6 (Prop_lut6_I2_O)        0.043     5.402 f  student_top_inst/Core_cpu/u_core/u_backend/u_free_list/alloc_phy_o[1][4]_INST_0_i_24/O
                         net (fo=4, routed)           0.406     5.807    student_top_inst/Core_cpu/u_core/u_backend/u_free_list/alloc_phy_o[1][4]_INST_0_i_24_n_0
    SLICE_X103Y327       LUT6 (Prop_lut6_I4_O)        0.043     5.850 f  student_top_inst/Core_cpu/u_core/u_backend/u_free_list/alloc_phy_o[1][2]_INST_0_i_18/O
                         net (fo=6, routed)           0.209     6.060    student_top_inst/Core_cpu/u_core/u_backend/u_free_list/alloc_phy_o[1][2]_INST_0_i_18_n_0
    SLICE_X102Y326       LUT6 (Prop_lut6_I5_O)        0.043     6.103 r  student_top_inst/Core_cpu/u_core/u_backend/u_free_list/alloc_phy_o[1][3]_INST_0_i_7/O
                         net (fo=5, routed)           0.131     6.234    student_top_inst/Core_cpu/u_core/u_backend/u_free_list/alloc_phy_o[1][3]_INST_0_i_7_n_0
    SLICE_X102Y326       LUT5 (Prop_lut5_I2_O)        0.043     6.277 f  student_top_inst/Core_cpu/u_core/u_backend/u_free_list/alloc_phy_o[1][5]_INST_0_i_19/O
                         net (fo=6, routed)           0.253     6.530    student_top_inst/Core_cpu/u_core/u_backend/u_free_list/alloc_phy_o[1][5]_INST_0_i_19_n_0
    SLICE_X103Y325       LUT6 (Prop_lut6_I5_O)        0.043     6.573 r  student_top_inst/Core_cpu/u_core/u_backend/u_free_list/alloc_phy_o[1][5]_INST_0_i_10/O
                         net (fo=9, routed)           0.324     6.897    student_top_inst/Core_cpu/u_core/u_backend/u_free_list/alloc_phy_o[1][5]_INST_0_i_10_n_0
    SLICE_X102Y324       LUT5 (Prop_lut5_I1_O)        0.043     6.940 r  student_top_inst/Core_cpu/u_core/u_backend/u_free_list/alloc_phy_o[1][5]_INST_0_i_9/O
                         net (fo=3, routed)           0.279     7.219    student_top_inst/Core_cpu/u_core/u_backend/u_free_list/alloc_phy_o[1][5]_INST_0_i_9_n_0
    SLICE_X103Y323       LUT2 (Prop_lut2_I1_O)        0.043     7.262 f  student_top_inst/Core_cpu/u_core/u_backend/u_free_list/alloc_phy_o[1][5]_INST_0_i_3/O
                         net (fo=6, routed)           0.526     7.788    student_top_inst/Core_cpu/u_core/u_backend/u_free_list/alloc_phy_o[1][5]_INST_0_i_3_n_0
    SLICE_X104Y323       LUT6 (Prop_lut6_I4_O)        0.043     7.831 f  student_top_inst/Core_cpu/u_core/u_backend/u_free_list/alloc_phy_o[1][0]_INST_0_i_3/O
                         net (fo=1, routed)           0.361     8.192    student_top_inst/Core_cpu/u_core/u_backend/u_free_list/alloc_phy_o[1][0]_INST_0_i_3_n_0
    SLICE_X104Y322       LUT6 (Prop_lut6_I2_O)        0.043     8.235 r  student_top_inst/Core_cpu/u_core/u_backend/u_free_list/alloc_phy_o[1][0]_INST_0/O
                         net (fo=76, routed)          0.591     8.825    student_top_inst/Core_cpu/u_core/u_backend/u_busy/mark_busy_phy_i[1][0]
    SLICE_X105Y316       LUT6 (Prop_lut6_I1_O)        0.043     8.868 r  student_top_inst/Core_cpu/u_core/u_backend/u_busy/query_src2_ready_o[1]_INST_0_i_51/O
                         net (fo=1, routed)           0.419     9.288    student_top_inst/Core_cpu/u_core/u_backend/u_busy/query_src2_ready_o[1]_INST_0_i_51_n_0
    SLICE_X103Y311       LUT2 (Prop_lut2_I0_O)        0.043     9.331 r  student_top_inst/Core_cpu/u_core/u_backend/u_busy/query_src2_ready_o[1]_INST_0_i_25/O
                         net (fo=1, routed)           0.240     9.571    student_top_inst/Core_cpu/u_core/u_backend/u_busy/query_src2_ready_o[1]_INST_0_i_25_n_0
    SLICE_X103Y309       LUT6 (Prop_lut6_I4_O)        0.043     9.614 f  student_top_inst/Core_cpu/u_core/u_backend/u_busy/query_src2_ready_o[1]_INST_0_i_5/O
                         net (fo=1, routed)           0.374     9.987    student_top_inst/Core_cpu/u_core/u_backend/u_busy/query_src2_ready_o[1]_INST_0_i_5_n_0
    SLICE_X103Y304       LUT6 (Prop_lut6_I5_O)        0.043    10.030 r  student_top_inst/Core_cpu/u_core/u_backend/u_busy/query_src2_ready_o[1]_INST_0/O
                         net (fo=1, routed)           0.300    10.331    student_top_inst/Core_cpu/u_core/u_backend/u_rename/busy_query_src2_ready_i[1]
    SLICE_X103Y302       LUT6 (Prop_lut6_I0_O)        0.043    10.374 r  student_top_inst/Core_cpu/u_core/u_backend/u_rename/out_uop_o[1][src2_ready]_INST_0/O
                         net (fo=3, routed)           0.415    10.789    student_top_inst/Core_cpu/u_core/u_backend/u_int_iq/u_queue/push_uop_i[1][src2_ready]
    SLICE_X95Y307        LUT5 (Prop_lut5_I4_O)        0.043    10.832 f  student_top_inst/Core_cpu/u_core/u_backend/u_int_iq/u_queue/entry_q[0][src2_ready]_i_10/O
                         net (fo=2, routed)           0.526    11.358    student_top_inst/Core_cpu/u_core/u_backend/u_int_iq/u_queue/entry_q[0][src2_ready]_i_10_n_0
    SLICE_X78Y311        LUT5 (Prop_lut5_I0_O)        0.043    11.401 f  student_top_inst/Core_cpu/u_core/u_backend/u_int_iq/u_queue/entry_q[0][src2_ready]_i_4/O
                         net (fo=7, routed)           0.886    12.287    student_top_inst/Core_cpu/u_core/u_backend/u_int_iq/u_queue/entry_q[0][src2_ready]_i_4_n_0
    SLICE_X49Y304        LUT6 (Prop_lut6_I4_O)        0.043    12.330 r  student_top_inst/Core_cpu/u_core/u_backend/u_int_iq/u_queue/entry_q[0][src2_ready]_i_1/O
                         net (fo=1, routed)           0.000    12.330    student_top_inst/Core_cpu/u_core/u_backend/u_int_iq/u_queue/next_entry[0][src2_ready]
    SLICE_X49Y304        FDRE                                         r  student_top_inst/Core_cpu/u_core/u_backend/u_int_iq/u_queue/entry_q_reg[0][src2_ready]/D
  -------------------------------------------------------------------    -------------------

                         (clock clk_out2_pll rise edge)
                                                     10.000    10.000 r  
    AD12                                              0.000    10.000 r  i_sys_clk_p (IN)
                         net (fo=0)                   0.000    10.000    pll_inst/inst/clk_in1_p
    AD12                 IBUFDS (Prop_ibufds_I_O)     0.803    10.803 r  pll_inst/inst/clkin1_ibufgds/O
                         net (fo=1, routed)           0.986    11.789    pll_inst/inst/clk_in1_pll
    MMCME2_ADV_X1Y1      MMCME2_ADV (Prop_mmcme2_adv_CLKIN1_CLKOUT1)
                                                     -6.759     5.030 r  pll_inst/inst/mmcm_adv_inst/CLKOUT1
                         net (fo=1, routed)           2.005     7.035    pll_inst/inst/clk_out2_pll
    BUFGCTRL_X0Y0        BUFG (Prop_bufg_I_O)         0.083     7.118 r  pll_inst/inst/clkout2_buf/O
                         net (fo=33272, routed)       1.394     8.512    student_top_inst/Core_cpu/u_core/u_backend/u_int_iq/u_queue/clk
    SLICE_X49Y304        FDRE                                         r  student_top_inst/Core_cpu/u_core/u_backend/u_int_iq/u_queue/entry_q_reg[0][src2_ready]/C
                         clock pessimism             -0.622     7.891    
                         clock uncertainty           -0.066     7.824    
    SLICE_X49Y304        FDRE (Setup_fdre_C_D)        0.034     7.858    student_top_inst/Core_cpu/u_core/u_backend/u_int_iq/u_queue/entry_q_reg[0][src2_ready]
  -------------------------------------------------------------------
                         required time                          7.858    
                         arrival time                         -12.330    
  -------------------------------------------------------------------
                         slack                                 -4.472    

Slack (VIOLATED) :        -4.453ns  (required time - arrival time)
  Source:                 student_top_inst/Core_cpu/u_core/u_backend/complete_prd_reg[1][0]/C
                            (rising edge-triggered cell FDRE clocked by clk_out2_pll  {rise@0.000ns fall@5.000ns period=10.000ns})
  Destination:            student_top_inst/Core_cpu/u_core/u_backend/u_execute/u_prf/regs_q_reg[61][18]/CE
                            (rising edge-triggered cell FDRE clocked by clk_out2_pll  {rise@0.000ns fall@5.000ns period=10.000ns})
  Path Group:             clk_out2_pll
  Path Type:              Setup (Max at Slow Process Corner)
  Requirement:            10.000ns  (clk_out2_pll rise@10.000ns - clk_out2_pll rise@0.000ns)
  Data Path Delay:        13.989ns  (logic 2.019ns (14.433%)  route 11.970ns (85.567%))
  Logic Levels:           31  (CARRY4=4 LUT2=2 LUT3=2 LUT4=5 LUT5=4 LUT6=13 MUXF8=1)
  Clock Path Skew:        -0.219ns (DCD - SCD + CPR)
    Destination Clock Delay (DCD):    -1.611ns = ( 8.389 - 10.000 ) 
    Source Clock Delay      (SCD):    -2.043ns
    Clock Pessimism Removal (CPR):    -0.652ns
  Clock Uncertainty:      0.066ns  ((TSJ^2 + DJ^2)^1/2) / 2 + PE
    Total System Jitter     (TSJ):    0.071ns
    Discrete Jitter          (DJ):    0.112ns
    Phase Error              (PE):    0.000ns

    Location             Delay type                Incr(ns)  Path(ns)    Netlist Resource(s)
  -------------------------------------------------------------------    -------------------
                         (clock clk_out2_pll rise edge)
                                                      0.000     0.000 r  
    AD12                                              0.000     0.000 r  i_sys_clk_p (IN)
                         net (fo=0)                   0.000     0.000    pll_inst/inst/clk_in1_p
    AD12                 IBUFDS (Prop_ibufds_I_O)     0.906     0.906 r  pll_inst/inst/clkin1_ibufgds/O
                         net (fo=1, routed)           1.081     1.987    pll_inst/inst/clk_in1_pll
    MMCME2_ADV_X1Y1      MMCME2_ADV (Prop_mmcme2_adv_CLKIN1_CLKOUT1)
                                                     -7.786    -5.799 r  pll_inst/inst/mmcm_adv_inst/CLKOUT1
                         net (fo=1, routed)           2.130    -3.669    pll_inst/inst/clk_out2_pll
    BUFGCTRL_X0Y0        BUFG (Prop_bufg_I_O)         0.093    -3.576 r  pll_inst/inst/clkout2_buf/O
                         net (fo=33272, routed)       1.533    -2.043    student_top_inst/Core_cpu/u_core/u_backend/clk
    SLICE_X56Y301        FDRE                                         r  student_top_inst/Core_cpu/u_core/u_backend/complete_prd_reg[1][0]/C
  -------------------------------------------------------------------    -------------------
    SLICE_X56Y301        FDRE (Prop_fdre_C_Q)         0.259    -1.784 r  student_top_inst/Core_cpu/u_core/u_backend/complete_prd_reg[1][0]/Q
                         net (fo=93, routed)          1.121    -0.664    student_top_inst/Core_cpu/u_core/u_backend/u_mem_iq/wakeup_phy_i[1][0]
    SLICE_X71Y287        LUT6 (Prop_lut6_I4_O)        0.043    -0.621 f  student_top_inst/Core_cpu/u_core/u_backend/u_mem_iq/issue_slot_o[2]_INST_0_i_63/O
                         net (fo=1, routed)           0.355    -0.266    student_top_inst/Core_cpu/u_core/u_backend/u_mem_iq/issue_slot_o[2]_INST_0_i_63_n_0
    SLICE_X71Y287        LUT6 (Prop_lut6_I4_O)        0.043    -0.223 r  student_top_inst/Core_cpu/u_core/u_backend/u_mem_iq/issue_slot_o[2]_INST_0_i_25/O
                         net (fo=2, routed)           0.472     0.249    student_top_inst/Core_cpu/u_core/u_backend/u_mem_iq/issue_slot_o[2]_INST_0_i_25_n_0
    SLICE_X72Y275        LUT5 (Prop_lut5_I4_O)        0.043     0.292 r  student_top_inst/Core_cpu/u_core/u_backend/u_mem_iq/issue_slot_o[2]_INST_0_i_11/O
                         net (fo=3, routed)           0.487     0.780    student_top_inst/Core_cpu/u_core/u_backend/u_mem_iq/issue_slot_o[2]_INST_0_i_11_n_0
    SLICE_X73Y263        LUT6 (Prop_lut6_I5_O)        0.043     0.823 f  student_top_inst/Core_cpu/u_core/u_backend/u_mem_iq/issue_slot_o[2]_INST_0_i_3/O
                         net (fo=6, routed)           0.568     1.391    student_top_inst/Core_cpu/u_core/u_backend/u_mem_iq/issue_slot_o[2]_INST_0_i_3_n_0
    SLICE_X72Y259        LUT5 (Prop_lut5_I3_O)        0.043     1.434 f  student_top_inst/Core_cpu/u_core/u_backend/u_mem_iq/issue_age_o[0]_INST_0_i_5/O
                         net (fo=4, routed)           0.326     1.760    student_top_inst/Core_cpu/u_core/u_backend/u_mem_iq/issue_age_o[0]_INST_0_i_5_n_0
    SLICE_X72Y258        LUT4 (Prop_lut4_I0_O)        0.043     1.803 r  student_top_inst/Core_cpu/u_core/u_backend/u_mem_iq/issue_uop_o[0][uop][is_jalr]_INST_0_i_7/O
                         net (fo=17, routed)          0.489     2.292    student_top_inst/Core_cpu/u_core/u_backend/u_mem_iq/issue_uop_o[0][uop][is_jalr]_INST_0_i_7_n_0
    SLICE_X69Y259        LUT6 (Prop_lut6_I1_O)        0.043     2.335 r  student_top_inst/Core_cpu/u_core/u_backend/u_mem_iq/issue_uop_o[0][prs2][2]_INST_0_i_4/O
                         net (fo=1, routed)           0.265     2.600    student_top_inst/Core_cpu/u_core/u_backend/u_mem_iq/issue_uop_o[0][prs2][2]_INST_0_i_4_n_0
    SLICE_X68Y259        LUT6 (Prop_lut6_I5_O)        0.043     2.643 f  student_top_inst/Core_cpu/u_core/u_backend/u_mem_iq/issue_uop_o[0][prs2][2]_INST_0_i_3/O
                         net (fo=1, routed)           0.334     2.977    student_top_inst/Core_cpu/u_core/u_backend/u_mem_iq/issue_uop_o[0][prs2][2]_INST_0_i_3_n_0
    SLICE_X68Y259        LUT5 (Prop_lut5_I4_O)        0.043     3.020 r  student_top_inst/Core_cpu/u_core/u_backend/u_mem_iq/issue_uop_o[0][prs2][2]_INST_0_i_2/O
                         net (fo=1, routed)           0.335     3.355    student_top_inst/Core_cpu/u_core/u_backend/u_mem_iq/issue_uop_o[0][prs2][2]_INST_0_i_2_n_0
    SLICE_X66Y257        LUT6 (Prop_lut6_I2_O)        0.043     3.398 r  student_top_inst/Core_cpu/u_core/u_backend/u_mem_iq/issue_uop_o[0][prs2][2]_INST_0_i_1/O
                         net (fo=1, routed)           0.190     3.588    student_top_inst/Core_cpu/u_core/u_backend/u_mem_iq/issue_uop_o[0][prs2][2]_INST_0_i_1_n_0
    SLICE_X64Y257        LUT6 (Prop_lut6_I2_O)        0.043     3.631 r  student_top_inst/Core_cpu/u_core/u_backend/u_mem_iq/issue_uop_o[0][prs2][2]_INST_0/O
                         net (fo=128, routed)         0.699     4.330    student_top_inst/Core_cpu/u_core/u_backend/u_execute/u_prf/raddr_i[5][2]
    SLICE_X48Y260        MUXF8 (Prop_muxf8_S_O)       0.141     4.471 r  student_top_inst/Core_cpu/u_core/u_backend/u_execute/u_prf/rdata_o[5][2]_INST_0_i_1/O
                         net (fo=1, routed)           0.753     5.225    student_top_inst/Core_cpu/u_core/u_backend/u_execute/u_prf/rdata_o[5][2]_INST_0_i_1_n_0
    SLICE_X50Y249        LUT6 (Prop_lut6_I0_O)        0.126     5.351 r  student_top_inst/Core_cpu/u_core/u_backend/u_execute/u_prf/rdata_o[5][2]_INST_0/O
                         net (fo=5, routed)           0.411     5.761    student_top_inst/Core_cpu/u_core/u_backend/u_execute/prf_rdata[5][2]
    SLICE_X50Y245        LUT4 (Prop_lut4_I0_O)        0.043     5.804 r  student_top_inst/Core_cpu/u_core/u_backend/u_execute/complete_result_o[2][2]_INST_0_i_27/O
                         net (fo=1, routed)           0.294     6.099    student_top_inst/Core_cpu/u_core/u_backend/u_execute/complete_result_o[2][2]_INST_0_i_27_n_0
    SLICE_X50Y241        LUT6 (Prop_lut6_I0_O)        0.043     6.142 r  student_top_inst/Core_cpu/u_core/u_backend/u_execute/complete_result_o[2][2]_INST_0_i_19/O
                         net (fo=120, routed)         0.610     6.752    student_top_inst/Core_cpu/u_core/u_backend/u_execute/complete_result_o[2][2]_INST_0_i_19_n_0
    SLICE_X52Y243        LUT4 (Prop_lut4_I2_O)        0.043     6.795 r  student_top_inst/Core_cpu/u_core/u_backend/u_execute/complete_result_o[2][0]_INST_0_i_74/O
                         net (fo=1, routed)           0.000     6.795    student_top_inst/Core_cpu/u_core/u_backend/u_execute/complete_result_o[2][0]_INST_0_i_74_n_0
    SLICE_X52Y243        CARRY4 (Prop_carry4_S[1]_CO[3])
                                                      0.256     7.051 r  student_top_inst/Core_cpu/u_core/u_backend/u_execute/complete_result_o[2][0]_INST_0_i_52/CO[3]
                         net (fo=1, routed)           0.000     7.051    student_top_inst/Core_cpu/u_core/u_backend/u_execute/complete_result_o[2][0]_INST_0_i_52_n_0
    SLICE_X52Y244        CARRY4 (Prop_carry4_CI_CO[3])
                                                      0.054     7.105 r  student_top_inst/Core_cpu/u_core/u_backend/u_execute/complete_result_o[2][0]_INST_0_i_35/CO[3]
                         net (fo=1, routed)           0.000     7.105    student_top_inst/Core_cpu/u_core/u_backend/u_execute/complete_result_o[2][0]_INST_0_i_35_n_0
    SLICE_X52Y245        CARRY4 (Prop_carry4_CI_CO[3])
                                                      0.054     7.159 r  student_top_inst/Core_cpu/u_core/u_backend/u_execute/complete_result_o[2][0]_INST_0_i_18/CO[3]
                         net (fo=1, routed)           0.000     7.159    student_top_inst/Core_cpu/u_core/u_backend/u_execute/complete_result_o[2][0]_INST_0_i_18_n_0
    SLICE_X52Y246        CARRY4 (Prop_carry4_CI_CO[3])
                                                      0.054     7.213 f  student_top_inst/Core_cpu/u_core/u_backend/u_execute/complete_result_o[2][0]_INST_0_i_15/CO[3]
                         net (fo=1, routed)           0.327     7.540    student_top_inst/Core_cpu/u_core/u_backend/u_execute/data3
    SLICE_X52Y247        LUT2 (Prop_lut2_I1_O)        0.043     7.583 f  student_top_inst/Core_cpu/u_core/u_backend/u_execute/complete_result_o[2][0]_INST_0_i_11/O
                         net (fo=2, routed)           0.202     7.784    student_top_inst/Core_cpu/u_core/u_backend/u_execute/complete_result_o[2][0]_INST_0_i_11_n_0
    SLICE_X52Y247        LUT6 (Prop_lut6_I2_O)        0.043     7.827 r  student_top_inst/Core_cpu/u_core/u_backend/u_execute/complete_exception_o[2]_INST_0_i_11/O
                         net (fo=1, routed)           0.106     7.933    student_top_inst/Core_cpu/u_core/u_backend/u_execute/complete_exception_o[2]_INST_0_i_11_n_0
    SLICE_X52Y247        LUT6 (Prop_lut6_I3_O)        0.043     7.976 r  student_top_inst/Core_cpu/u_core/u_backend/u_execute/complete_exception_o[2]_INST_0_i_7/O
                         net (fo=1, routed)           0.339     8.315    student_top_inst/Core_cpu/u_core/u_backend/u_execute/complete_exception_o[2]_INST_0_i_7_n_0
    SLICE_X53Y247        LUT4 (Prop_lut4_I3_O)        0.043     8.358 r  student_top_inst/Core_cpu/u_core/u_backend/u_execute/complete_exception_o[2]_INST_0_i_4/O
                         net (fo=1, routed)           0.263     8.621    student_top_inst/Core_cpu/u_core/u_backend/u_execute/complete_exception_o[2]_INST_0_i_4_n_0
    SLICE_X54Y247        LUT4 (Prop_lut4_I1_O)        0.043     8.664 r  student_top_inst/Core_cpu/u_core/u_backend/u_execute/complete_exception_o[2]_INST_0_i_2/O
                         net (fo=3, routed)           0.205     8.870    student_top_inst/Core_cpu/u_core/u_backend/u_execute/complete_exception_o[2]_INST_0_i_2_n_0
    SLICE_X54Y249        LUT5 (Prop_lut5_I0_O)        0.043     8.913 f  student_top_inst/Core_cpu/u_core/u_backend/u_execute/complete_exception_o[2]_INST_0_i_1/O
                         net (fo=5, routed)           0.300     9.212    student_top_inst/Core_cpu/u_core/u_backend/u_execute/complete_exception_o[2]_INST_0_i_1_n_0
    SLICE_X56Y252        LUT6 (Prop_lut6_I4_O)        0.043     9.255 r  student_top_inst/Core_cpu/u_core/u_backend/u_execute/u_prf_i_2/O
                         net (fo=50, routed)          0.383     9.639    student_top_inst/Core_cpu/u_core/u_backend/u_execute/u_prf/we_i[2]
    SLICE_X54Y251        LUT2 (Prop_lut2_I1_O)        0.043     9.682 r  student_top_inst/Core_cpu/u_core/u_backend/u_execute/u_prf/regs_q[40][30]_i_3/O
                         net (fo=114, routed)         0.287     9.969    student_top_inst/Core_cpu/u_core/u_backend/u_execute/u_prf/regs_q[40][30]_i_3_n_0
    SLICE_X55Y253        LUT3 (Prop_lut3_I0_O)        0.043    10.012 f  student_top_inst/Core_cpu/u_core/u_backend/u_execute/u_prf/regs_q[56][31]_i_6/O
                         net (fo=3, routed)           0.836    10.848    student_top_inst/Core_cpu/u_core/u_backend/u_execute/u_prf/regs_q[56][31]_i_6_n_0
    SLICE_X44Y266        LUT6 (Prop_lut6_I5_O)        0.043    10.891 r  student_top_inst/Core_cpu/u_core/u_backend/u_execute/u_prf/regs_q[61][31]_i_5/O
                         net (fo=1, routed)           0.315    11.206    student_top_inst/Core_cpu/u_core/u_backend/u_execute/u_prf/regs_q[61][31]_i_5_n_0
    SLICE_X34Y266        LUT3 (Prop_lut3_I2_O)        0.043    11.249 r  student_top_inst/Core_cpu/u_core/u_backend/u_execute/u_prf/regs_q[61][31]_i_1/O
                         net (fo=32, routed)          0.697    11.946    student_top_inst/Core_cpu/u_core/u_backend/u_execute/u_prf/regs_q[61][31]_i_1_n_0
    SLICE_X22Y267        FDRE                                         r  student_top_inst/Core_cpu/u_core/u_backend/u_execute/u_prf/regs_q_reg[61][18]/CE
  -------------------------------------------------------------------    -------------------

                         (clock clk_out2_pll rise edge)
                                                     10.000    10.000 r  
    AD12                                              0.000    10.000 r  i_sys_clk_p (IN)
                         net (fo=0)                   0.000    10.000    pll_inst/inst/clk_in1_p
    AD12                 IBUFDS (Prop_ibufds_I_O)     0.803    10.803 r  pll_inst/inst/clkin1_ibufgds/O
                         net (fo=1, routed)           0.986    11.789    pll_inst/inst/clk_in1_pll
    MMCME2_ADV_X1Y1      MMCME2_ADV (Prop_mmcme2_adv_CLKIN1_CLKOUT1)
                                                     -6.759     5.030 r  pll_inst/inst/mmcm_adv_inst/CLKOUT1
                         net (fo=1, routed)           2.005     7.035    pll_inst/inst/clk_out2_pll
    BUFGCTRL_X0Y0        BUFG (Prop_bufg_I_O)         0.083     7.118 r  pll_inst/inst/clkout2_buf/O
                         net (fo=33272, routed)       1.271     8.389    student_top_inst/Core_cpu/u_core/u_backend/u_execute/u_prf/clk
    SLICE_X22Y267        FDRE                                         r  student_top_inst/Core_cpu/u_core/u_backend/u_execute/u_prf/regs_q_reg[61][18]/C
                         clock pessimism             -0.652     7.738    
                         clock uncertainty           -0.066     7.671    
    SLICE_X22Y267        FDRE (Setup_fdre_C_CE)      -0.178     7.493    student_top_inst/Core_cpu/u_core/u_backend/u_execute/u_prf/regs_q_reg[61][18]
  -------------------------------------------------------------------
                         required time                          7.493    
                         arrival time                         -11.946    
  -------------------------------------------------------------------
                         slack                                 -4.453    

Slack (VIOLATED) :        -4.453ns  (required time - arrival time)
  Source:                 student_top_inst/Core_cpu/u_core/u_backend/complete_prd_reg[1][0]/C
                            (rising edge-triggered cell FDRE clocked by clk_out2_pll  {rise@0.000ns fall@5.000ns period=10.000ns})
  Destination:            student_top_inst/Core_cpu/u_core/u_backend/u_execute/u_prf/regs_q_reg[61][24]/CE
                            (rising edge-triggered cell FDRE clocked by clk_out2_pll  {rise@0.000ns fall@5.000ns period=10.000ns})
  Path Group:             clk_out2_pll
  Path Type:              Setup (Max at Slow Process Corner)
  Requirement:            10.000ns  (clk_out2_pll rise@10.000ns - clk_out2_pll rise@0.000ns)
  Data Path Delay:        13.989ns  (logic 2.019ns (14.433%)  route 11.970ns (85.567%))
  Logic Levels:           31  (CARRY4=4 LUT2=2 LUT3=2 LUT4=5 LUT5=4 LUT6=13 MUXF8=1)
  Clock Path Skew:        -0.219ns (DCD - SCD + CPR)
    Destination Clock Delay (DCD):    -1.611ns = ( 8.389 - 10.000 ) 
    Source Clock Delay      (SCD):    -2.043ns
    Clock Pessimism Removal (CPR):    -0.652ns
  Clock Uncertainty:      0.066ns  ((TSJ^2 + DJ^2)^1/2) / 2 + PE
    Total System Jitter     (TSJ):    0.071ns
    Discrete Jitter          (DJ):    0.112ns
    Phase Error              (PE):    0.000ns

    Location             Delay type                Incr(ns)  Path(ns)    Netlist Resource(s)
  -------------------------------------------------------------------    -------------------
                         (clock clk_out2_pll rise edge)
                                                      0.000     0.000 r  
    AD12                                              0.000     0.000 r  i_sys_clk_p (IN)
                         net (fo=0)                   0.000     0.000    pll_inst/inst/clk_in1_p
    AD12                 IBUFDS (Prop_ibufds_I_O)     0.906     0.906 r  pll_inst/inst/clkin1_ibufgds/O
                         net (fo=1, routed)           1.081     1.987    pll_inst/inst/clk_in1_pll
    MMCME2_ADV_X1Y1      MMCME2_ADV (Prop_mmcme2_adv_CLKIN1_CLKOUT1)
                                                     -7.786    -5.799 r  pll_inst/inst/mmcm_adv_inst/CLKOUT1
                         net (fo=1, routed)           2.130    -3.669    pll_inst/inst/clk_out2_pll
    BUFGCTRL_X0Y0        BUFG (Prop_bufg_I_O)         0.093    -3.576 r  pll_inst/inst/clkout2_buf/O
                         net (fo=33272, routed)       1.533    -2.043    student_top_inst/Core_cpu/u_core/u_backend/clk
    SLICE_X56Y301        FDRE                                         r  student_top_inst/Core_cpu/u_core/u_backend/complete_prd_reg[1][0]/C
  -------------------------------------------------------------------    -------------------
    SLICE_X56Y301        FDRE (Prop_fdre_C_Q)         0.259    -1.784 r  student_top_inst/Core_cpu/u_core/u_backend/complete_prd_reg[1][0]/Q
                         net (fo=93, routed)          1.121    -0.664    student_top_inst/Core_cpu/u_core/u_backend/u_mem_iq/wakeup_phy_i[1][0]
    SLICE_X71Y287        LUT6 (Prop_lut6_I4_O)        0.043    -0.621 f  student_top_inst/Core_cpu/u_core/u_backend/u_mem_iq/issue_slot_o[2]_INST_0_i_63/O
                         net (fo=1, routed)           0.355    -0.266    student_top_inst/Core_cpu/u_core/u_backend/u_mem_iq/issue_slot_o[2]_INST_0_i_63_n_0
    SLICE_X71Y287        LUT6 (Prop_lut6_I4_O)        0.043    -0.223 r  student_top_inst/Core_cpu/u_core/u_backend/u_mem_iq/issue_slot_o[2]_INST_0_i_25/O
                         net (fo=2, routed)           0.472     0.249    student_top_inst/Core_cpu/u_core/u_backend/u_mem_iq/issue_slot_o[2]_INST_0_i_25_n_0
    SLICE_X72Y275        LUT5 (Prop_lut5_I4_O)        0.043     0.292 r  student_top_inst/Core_cpu/u_core/u_backend/u_mem_iq/issue_slot_o[2]_INST_0_i_11/O
                         net (fo=3, routed)           0.487     0.780    student_top_inst/Core_cpu/u_core/u_backend/u_mem_iq/issue_slot_o[2]_INST_0_i_11_n_0
    SLICE_X73Y263        LUT6 (Prop_lut6_I5_O)        0.043     0.823 f  student_top_inst/Core_cpu/u_core/u_backend/u_mem_iq/issue_slot_o[2]_INST_0_i_3/O
                         net (fo=6, routed)           0.568     1.391    student_top_inst/Core_cpu/u_core/u_backend/u_mem_iq/issue_slot_o[2]_INST_0_i_3_n_0
    SLICE_X72Y259        LUT5 (Prop_lut5_I3_O)        0.043     1.434 f  student_top_inst/Core_cpu/u_core/u_backend/u_mem_iq/issue_age_o[0]_INST_0_i_5/O
                         net (fo=4, routed)           0.326     1.760    student_top_inst/Core_cpu/u_core/u_backend/u_mem_iq/issue_age_o[0]_INST_0_i_5_n_0
    SLICE_X72Y258        LUT4 (Prop_lut4_I0_O)        0.043     1.803 r  student_top_inst/Core_cpu/u_core/u_backend/u_mem_iq/issue_uop_o[0][uop][is_jalr]_INST_0_i_7/O
                         net (fo=17, routed)          0.489     2.292    student_top_inst/Core_cpu/u_core/u_backend/u_mem_iq/issue_uop_o[0][uop][is_jalr]_INST_0_i_7_n_0
    SLICE_X69Y259        LUT6 (Prop_lut6_I1_O)        0.043     2.335 r  student_top_inst/Core_cpu/u_core/u_backend/u_mem_iq/issue_uop_o[0][prs2][2]_INST_0_i_4/O
                         net (fo=1, routed)           0.265     2.600    student_top_inst/Core_cpu/u_core/u_backend/u_mem_iq/issue_uop_o[0][prs2][2]_INST_0_i_4_n_0
    SLICE_X68Y259        LUT6 (Prop_lut6_I5_O)        0.043     2.643 f  student_top_inst/Core_cpu/u_core/u_backend/u_mem_iq/issue_uop_o[0][prs2][2]_INST_0_i_3/O
                         net (fo=1, routed)           0.334     2.977    student_top_inst/Core_cpu/u_core/u_backend/u_mem_iq/issue_uop_o[0][prs2][2]_INST_0_i_3_n_0
    SLICE_X68Y259        LUT5 (Prop_lut5_I4_O)        0.043     3.020 r  student_top_inst/Core_cpu/u_core/u_backend/u_mem_iq/issue_uop_o[0][prs2][2]_INST_0_i_2/O
                         net (fo=1, routed)           0.335     3.355    student_top_inst/Core_cpu/u_core/u_backend/u_mem_iq/issue_uop_o[0][prs2][2]_INST_0_i_2_n_0
    SLICE_X66Y257        LUT6 (Prop_lut6_I2_O)        0.043     3.398 r  student_top_inst/Core_cpu/u_core/u_backend/u_mem_iq/issue_uop_o[0][prs2][2]_INST_0_i_1/O
                         net (fo=1, routed)           0.190     3.588    student_top_inst/Core_cpu/u_core/u_backend/u_mem_iq/issue_uop_o[0][prs2][2]_INST_0_i_1_n_0
    SLICE_X64Y257        LUT6 (Prop_lut6_I2_O)        0.043     3.631 r  student_top_inst/Core_cpu/u_core/u_backend/u_mem_iq/issue_uop_o[0][prs2][2]_INST_0/O
                         net (fo=128, routed)         0.699     4.330    student_top_inst/Core_cpu/u_core/u_backend/u_execute/u_prf/raddr_i[5][2]
    SLICE_X48Y260        MUXF8 (Prop_muxf8_S_O)       0.141     4.471 r  student_top_inst/Core_cpu/u_core/u_backend/u_execute/u_prf/rdata_o[5][2]_INST_0_i_1/O
                         net (fo=1, routed)           0.753     5.225    student_top_inst/Core_cpu/u_core/u_backend/u_execute/u_prf/rdata_o[5][2]_INST_0_i_1_n_0
    SLICE_X50Y249        LUT6 (Prop_lut6_I0_O)        0.126     5.351 r  student_top_inst/Core_cpu/u_core/u_backend/u_execute/u_prf/rdata_o[5][2]_INST_0/O
                         net (fo=5, routed)           0.411     5.761    student_top_inst/Core_cpu/u_core/u_backend/u_execute/prf_rdata[5][2]
    SLICE_X50Y245        LUT4 (Prop_lut4_I0_O)        0.043     5.804 r  student_top_inst/Core_cpu/u_core/u_backend/u_execute/complete_result_o[2][2]_INST_0_i_27/O
                         net (fo=1, routed)           0.294     6.099    student_top_inst/Core_cpu/u_core/u_backend/u_execute/complete_result_o[2][2]_INST_0_i_27_n_0
    SLICE_X50Y241        LUT6 (Prop_lut6_I0_O)        0.043     6.142 r  student_top_inst/Core_cpu/u_core/u_backend/u_execute/complete_result_o[2][2]_INST_0_i_19/O
                         net (fo=120, routed)         0.610     6.752    student_top_inst/Core_cpu/u_core/u_backend/u_execute/complete_result_o[2][2]_INST_0_i_19_n_0
    SLICE_X52Y243        LUT4 (Prop_lut4_I2_O)        0.043     6.795 r  student_top_inst/Core_cpu/u_core/u_backend/u_execute/complete_result_o[2][0]_INST_0_i_74/O
                         net (fo=1, routed)           0.000     6.795    student_top_inst/Core_cpu/u_core/u_backend/u_execute/complete_result_o[2][0]_INST_0_i_74_n_0
    SLICE_X52Y243        CARRY4 (Prop_carry4_S[1]_CO[3])
                                                      0.256     7.051 r  student_top_inst/Core_cpu/u_core/u_backend/u_execute/complete_result_o[2][0]_INST_0_i_52/CO[3]
                         net (fo=1, routed)           0.000     7.051    student_top_inst/Core_cpu/u_core/u_backend/u_execute/complete_result_o[2][0]_INST_0_i_52_n_0
    SLICE_X52Y244        CARRY4 (Prop_carry4_CI_CO[3])
                                                      0.054     7.105 r  student_top_inst/Core_cpu/u_core/u_backend/u_execute/complete_result_o[2][0]_INST_0_i_35/CO[3]
                         net (fo=1, routed)           0.000     7.105    student_top_inst/Core_cpu/u_core/u_backend/u_execute/complete_result_o[2][0]_INST_0_i_35_n_0
    SLICE_X52Y245        CARRY4 (Prop_carry4_CI_CO[3])
                                                      0.054     7.159 r  student_top_inst/Core_cpu/u_core/u_backend/u_execute/complete_result_o[2][0]_INST_0_i_18/CO[3]
                         net (fo=1, routed)           0.000     7.159    student_top_inst/Core_cpu/u_core/u_backend/u_execute/complete_result_o[2][0]_INST_0_i_18_n_0
    SLICE_X52Y246        CARRY4 (Prop_carry4_CI_CO[3])
                                                      0.054     7.213 f  student_top_inst/Core_cpu/u_core/u_backend/u_execute/complete_result_o[2][0]_INST_0_i_15/CO[3]
                         net (fo=1, routed)           0.327     7.540    student_top_inst/Core_cpu/u_core/u_backend/u_execute/data3
    SLICE_X52Y247        LUT2 (Prop_lut2_I1_O)        0.043     7.583 f  student_top_inst/Core_cpu/u_core/u_backend/u_execute/complete_result_o[2][0]_INST_0_i_11/O
                         net (fo=2, routed)           0.202     7.784    student_top_inst/Core_cpu/u_core/u_backend/u_execute/complete_result_o[2][0]_INST_0_i_11_n_0
    SLICE_X52Y247        LUT6 (Prop_lut6_I2_O)        0.043     7.827 r  student_top_inst/Core_cpu/u_core/u_backend/u_execute/complete_exception_o[2]_INST_0_i_11/O
                         net (fo=1, routed)           0.106     7.933    student_top_inst/Core_cpu/u_core/u_backend/u_execute/complete_exception_o[2]_INST_0_i_11_n_0
    SLICE_X52Y247        LUT6 (Prop_lut6_I3_O)        0.043     7.976 r  student_top_inst/Core_cpu/u_core/u_backend/u_execute/complete_exception_o[2]_INST_0_i_7/O
                         net (fo=1, routed)           0.339     8.315    student_top_inst/Core_cpu/u_core/u_backend/u_execute/complete_exception_o[2]_INST_0_i_7_n_0
    SLICE_X53Y247        LUT4 (Prop_lut4_I3_O)        0.043     8.358 r  student_top_inst/Core_cpu/u_core/u_backend/u_execute/complete_exception_o[2]_INST_0_i_4/O
                         net (fo=1, routed)           0.263     8.621    student_top_inst/Core_cpu/u_core/u_backend/u_execute/complete_exception_o[2]_INST_0_i_4_n_0
    SLICE_X54Y247        LUT4 (Prop_lut4_I1_O)        0.043     8.664 r  student_top_inst/Core_cpu/u_core/u_backend/u_execute/complete_exception_o[2]_INST_0_i_2/O
                         net (fo=3, routed)           0.205     8.870    student_top_inst/Core_cpu/u_core/u_backend/u_execute/complete_exception_o[2]_INST_0_i_2_n_0
    SLICE_X54Y249        LUT5 (Prop_lut5_I0_O)        0.043     8.913 f  student_top_inst/Core_cpu/u_core/u_backend/u_execute/complete_exception_o[2]_INST_0_i_1/O
                         net (fo=5, routed)           0.300     9.212    student_top_inst/Core_cpu/u_core/u_backend/u_execute/complete_exception_o[2]_INST_0_i_1_n_0
    SLICE_X56Y252        LUT6 (Prop_lut6_I4_O)        0.043     9.255 r  student_top_inst/Core_cpu/u_core/u_backend/u_execute/u_prf_i_2/O
                         net (fo=50, routed)          0.383     9.639    student_top_inst/Core_cpu/u_core/u_backend/u_execute/u_prf/we_i[2]
    SLICE_X54Y251        LUT2 (Prop_lut2_I1_O)        0.043     9.682 r  student_top_inst/Core_cpu/u_core/u_backend/u_execute/u_prf/regs_q[40][30]_i_3/O
                         net (fo=114, routed)         0.287     9.969    student_top_inst/Core_cpu/u_core/u_backend/u_execute/u_prf/regs_q[40][30]_i_3_n_0
    SLICE_X55Y253        LUT3 (Prop_lut3_I0_O)        0.043    10.012 f  student_top_inst/Core_cpu/u_core/u_backend/u_execute/u_prf/regs_q[56][31]_i_6/O
                         net (fo=3, routed)           0.836    10.848    student_top_inst/Core_cpu/u_core/u_backend/u_execute/u_prf/regs_q[56][31]_i_6_n_0
    SLICE_X44Y266        LUT6 (Prop_lut6_I5_O)        0.043    10.891 r  student_top_inst/Core_cpu/u_core/u_backend/u_execute/u_prf/regs_q[61][31]_i_5/O
                         net (fo=1, routed)           0.315    11.206    student_top_inst/Core_cpu/u_core/u_backend/u_execute/u_prf/regs_q[61][31]_i_5_n_0
    SLICE_X34Y266        LUT3 (Prop_lut3_I2_O)        0.043    11.249 r  student_top_inst/Core_cpu/u_core/u_backend/u_execute/u_prf/regs_q[61][31]_i_1/O
                         net (fo=32, routed)          0.697    11.946    student_top_inst/Core_cpu/u_core/u_backend/u_execute/u_prf/regs_q[61][31]_i_1_n_0
    SLICE_X22Y267        FDRE                                         r  student_top_inst/Core_cpu/u_core/u_backend/u_execute/u_prf/regs_q_reg[61][24]/CE
  -------------------------------------------------------------------    -------------------

                         (clock clk_out2_pll rise edge)
                                                     10.000    10.000 r  
    AD12                                              0.000    10.000 r  i_sys_clk_p (IN)
                         net (fo=0)                   0.000    10.000    pll_inst/inst/clk_in1_p
    AD12                 IBUFDS (Prop_ibufds_I_O)     0.803    10.803 r  pll_inst/inst/clkin1_ibufgds/O
                         net (fo=1, routed)           0.986    11.789    pll_inst/inst/clk_in1_pll
    MMCME2_ADV_X1Y1      MMCME2_ADV (Prop_mmcme2_adv_CLKIN1_CLKOUT1)
                                                     -6.759     5.030 r  pll_inst/inst/mmcm_adv_inst/CLKOUT1
                         net (fo=1, routed)           2.005     7.035    pll_inst/inst/clk_out2_pll
    BUFGCTRL_X0Y0        BUFG (Prop_bufg_I_O)         0.083     7.118 r  pll_inst/inst/clkout2_buf/O
                         net (fo=33272, routed)       1.271     8.389    student_top_inst/Core_cpu/u_core/u_backend/u_execute/u_prf/clk
    SLICE_X22Y267        FDRE                                         r  student_top_inst/Core_cpu/u_core/u_backend/u_execute/u_prf/regs_q_reg[61][24]/C
                         clock pessimism             -0.652     7.738    
                         clock uncertainty           -0.066     7.671    
    SLICE_X22Y267        FDRE (Setup_fdre_C_CE)      -0.178     7.493    student_top_inst/Core_cpu/u_core/u_backend/u_execute/u_prf/regs_q_reg[61][24]
  -------------------------------------------------------------------
                         required time                          7.493    
                         arrival time                         -11.946    
  -------------------------------------------------------------------
                         slack                                 -4.453    

Slack (VIOLATED) :        -4.448ns  (required time - arrival time)
  Source:                 student_top_inst/Core_cpu/u_core/u_backend/u_rename/srat_q_reg[15][0]/C
                            (rising edge-triggered cell FDPE clocked by clk_out2_pll  {rise@0.000ns fall@5.000ns period=10.000ns})
  Destination:            student_top_inst/Core_cpu/u_core/u_backend/u_int_iq/u_queue/entry_q_reg[0][uop][imm_b][16]/S
                            (rising edge-triggered cell FDSE clocked by clk_out2_pll  {rise@0.000ns fall@5.000ns period=10.000ns})
  Path Group:             clk_out2_pll
  Path Type:              Setup (Max at Slow Process Corner)
  Requirement:            10.000ns  (clk_out2_pll rise@10.000ns - clk_out2_pll rise@0.000ns)
  Data Path Delay:        13.994ns  (logic 1.470ns (10.505%)  route 12.524ns (89.495%))
  Logic Levels:           29  (LUT2=2 LUT3=3 LUT4=3 LUT5=6 LUT6=15)
  Clock Path Skew:        -0.084ns (DCD - SCD + CPR)
    Destination Clock Delay (DCD):    -1.483ns = ( 8.517 - 10.000 ) 
    Source Clock Delay      (SCD):    -2.020ns
    Clock Pessimism Removal (CPR):    -0.622ns
  Clock Uncertainty:      0.066ns  ((TSJ^2 + DJ^2)^1/2) / 2 + PE
    Total System Jitter     (TSJ):    0.071ns
    Discrete Jitter          (DJ):    0.112ns
    Phase Error              (PE):    0.000ns

    Location             Delay type                Incr(ns)  Path(ns)    Netlist Resource(s)
  -------------------------------------------------------------------    -------------------
                         (clock clk_out2_pll rise edge)
                                                      0.000     0.000 r  
    AD12                                              0.000     0.000 r  i_sys_clk_p (IN)
                         net (fo=0)                   0.000     0.000    pll_inst/inst/clk_in1_p
    AD12                 IBUFDS (Prop_ibufds_I_O)     0.906     0.906 r  pll_inst/inst/clkin1_ibufgds/O
                         net (fo=1, routed)           1.081     1.987    pll_inst/inst/clk_in1_pll
    MMCME2_ADV_X1Y1      MMCME2_ADV (Prop_mmcme2_adv_CLKIN1_CLKOUT1)
                                                     -7.786    -5.799 r  pll_inst/inst/mmcm_adv_inst/CLKOUT1
                         net (fo=1, routed)           2.130    -3.669    pll_inst/inst/clk_out2_pll
    BUFGCTRL_X0Y0        BUFG (Prop_bufg_I_O)         0.093    -3.576 r  pll_inst/inst/clkout2_buf/O
                         net (fo=33272, routed)       1.556    -2.020    student_top_inst/Core_cpu/u_core/u_backend/u_rename/clk
    SLICE_X109Y343       FDPE                                         r  student_top_inst/Core_cpu/u_core/u_backend/u_rename/srat_q_reg[15][0]/C
  -------------------------------------------------------------------    -------------------
    SLICE_X109Y343       FDPE (Prop_fdpe_C_Q)         0.223    -1.797 r  student_top_inst/Core_cpu/u_core/u_backend/u_rename/srat_q_reg[15][0]/Q
                         net (fo=28, routed)          0.442    -1.356    student_top_inst/Core_cpu/u_core/u_backend/u_free_list/live_map_i[15][0]
    SLICE_X108Y345       LUT3 (Prop_lut3_I2_O)        0.043    -1.313 f  student_top_inst/Core_cpu/u_core/u_backend/u_free_list/alloc_valid_o[1]_INST_0_i_96/O
                         net (fo=7, routed)           0.838    -0.475    student_top_inst/Core_cpu/u_core/u_backend/u_free_list/alloc_valid_o[1]_INST_0_i_96_n_0
    SLICE_X94Y337        LUT6 (Prop_lut6_I3_O)        0.043    -0.432 f  student_top_inst/Core_cpu/u_core/u_backend/u_free_list/alloc_phy_o[1][2]_INST_0_i_84/O
                         net (fo=1, routed)           0.503     0.071    student_top_inst/Core_cpu/u_core/u_backend/u_free_list/alloc_phy_o[1][2]_INST_0_i_84_n_0
    SLICE_X98Y335        LUT5 (Prop_lut5_I4_O)        0.043     0.114 f  student_top_inst/Core_cpu/u_core/u_backend/u_free_list/alloc_phy_o[1][2]_INST_0_i_42/O
                         net (fo=2, routed)           0.435     0.549    student_top_inst/Core_cpu/u_core/u_backend/u_free_list/alloc_phy_o[1][2]_INST_0_i_42_n_0
    SLICE_X94Y332        LUT6 (Prop_lut6_I3_O)        0.043     0.592 r  student_top_inst/Core_cpu/u_core/u_backend/u_free_list/alloc_phy_o[0][3]_INST_0_i_23/O
                         net (fo=1, routed)           0.545     1.137    student_top_inst/Core_cpu/u_core/u_backend/u_free_list/alloc_phy_o[0][3]_INST_0_i_23_n_0
    SLICE_X101Y331       LUT6 (Prop_lut6_I0_O)        0.043     1.180 r  student_top_inst/Core_cpu/u_core/u_backend/u_free_list/alloc_phy_o[0][3]_INST_0_i_16/O
                         net (fo=10, routed)          0.493     1.673    student_top_inst/Core_cpu/u_core/u_backend/u_free_list/alloc_phy_o[0][3]_INST_0_i_16_n_0
    SLICE_X104Y331       LUT6 (Prop_lut6_I2_O)        0.043     1.716 r  student_top_inst/Core_cpu/u_core/u_backend/u_free_list/alloc_phy_o[0][4]_INST_0_i_8/O
                         net (fo=6, routed)           0.407     2.123    student_top_inst/Core_cpu/u_core/u_backend/u_free_list/alloc_phy_o[0][4]_INST_0_i_8_n_0
    SLICE_X108Y334       LUT6 (Prop_lut6_I2_O)        0.043     2.166 f  student_top_inst/Core_cpu/u_core/u_backend/u_free_list/alloc_phy_o[0][3]_INST_0_i_12/O
                         net (fo=10, routed)          0.275     2.442    student_top_inst/Core_cpu/u_core/u_backend/u_free_list/alloc_phy_o[0][3]_INST_0_i_12_n_0
    SLICE_X108Y334       LUT5 (Prop_lut5_I3_O)        0.043     2.485 r  student_top_inst/Core_cpu/u_core/u_backend/u_free_list/free_q[34]_i_8/O
                         net (fo=9, routed)           0.351     2.836    student_top_inst/Core_cpu/u_core/u_backend/u_free_list/free_q[34]_i_8_n_0
    SLICE_X110Y334       LUT4 (Prop_lut4_I2_O)        0.043     2.879 r  student_top_inst/Core_cpu/u_core/u_backend/u_free_list/alloc_phy_o[0][0]_INST_0_i_21/O
                         net (fo=10, routed)          0.377     3.256    student_top_inst/Core_cpu/u_core/u_backend/u_free_list/alloc_phy_o[0][0]_INST_0_i_21_n_0
    SLICE_X110Y334       LUT3 (Prop_lut3_I0_O)        0.043     3.299 f  student_top_inst/Core_cpu/u_core/u_backend/u_free_list/alloc_phy_o[0][1]_INST_0_i_20/O
                         net (fo=5, routed)           0.215     3.514    student_top_inst/Core_cpu/u_core/u_backend/u_free_list/alloc_phy_o[0][1]_INST_0_i_20_n_0
    SLICE_X110Y332       LUT2 (Prop_lut2_I0_O)        0.043     3.557 f  student_top_inst/Core_cpu/u_core/u_backend/u_free_list/alloc_phy_o[0][0]_INST_0_i_17/O
                         net (fo=3, routed)           0.542     4.099    student_top_inst/Core_cpu/u_core/u_backend/u_free_list/alloc_phy_o[0][0]_INST_0_i_17_n_0
    SLICE_X110Y330       LUT6 (Prop_lut6_I0_O)        0.043     4.142 f  student_top_inst/Core_cpu/u_core/u_backend/u_free_list/alloc_phy_o[0][0]_INST_0_i_11/O
                         net (fo=1, routed)           0.272     4.414    student_top_inst/Core_cpu/u_core/u_backend/u_free_list/alloc_phy_o[0][0]_INST_0_i_11_n_0
    SLICE_X110Y328       LUT6 (Prop_lut6_I4_O)        0.043     4.457 f  student_top_inst/Core_cpu/u_core/u_backend/u_free_list/alloc_phy_o[0][0]_INST_0_i_2/O
                         net (fo=1, routed)           0.363     4.820    student_top_inst/Core_cpu/u_core/u_backend/u_free_list/alloc_phy_o[0][0]_INST_0_i_2_n_0
    SLICE_X108Y327       LUT6 (Prop_lut6_I1_O)        0.043     4.863 f  student_top_inst/Core_cpu/u_core/u_backend/u_free_list/alloc_phy_o[0][0]_INST_0/O
                         net (fo=83, routed)          0.495     5.359    student_top_inst/Core_cpu/u_core/u_backend/u_free_list/alloc_phy_o[0][0]
    SLICE_X104Y326       LUT6 (Prop_lut6_I2_O)        0.043     5.402 f  student_top_inst/Core_cpu/u_core/u_backend/u_free_list/alloc_phy_o[1][4]_INST_0_i_24/O
                         net (fo=4, routed)           0.406     5.807    student_top_inst/Core_cpu/u_core/u_backend/u_free_list/alloc_phy_o[1][4]_INST_0_i_24_n_0
    SLICE_X103Y327       LUT6 (Prop_lut6_I4_O)        0.043     5.850 f  student_top_inst/Core_cpu/u_core/u_backend/u_free_list/alloc_phy_o[1][2]_INST_0_i_18/O
                         net (fo=6, routed)           0.209     6.060    student_top_inst/Core_cpu/u_core/u_backend/u_free_list/alloc_phy_o[1][2]_INST_0_i_18_n_0
    SLICE_X102Y326       LUT6 (Prop_lut6_I5_O)        0.043     6.103 r  student_top_inst/Core_cpu/u_core/u_backend/u_free_list/alloc_phy_o[1][3]_INST_0_i_7/O
                         net (fo=5, routed)           0.131     6.234    student_top_inst/Core_cpu/u_core/u_backend/u_free_list/alloc_phy_o[1][3]_INST_0_i_7_n_0
    SLICE_X102Y326       LUT5 (Prop_lut5_I2_O)        0.043     6.277 f  student_top_inst/Core_cpu/u_core/u_backend/u_free_list/alloc_phy_o[1][5]_INST_0_i_19/O
                         net (fo=6, routed)           0.253     6.530    student_top_inst/Core_cpu/u_core/u_backend/u_free_list/alloc_phy_o[1][5]_INST_0_i_19_n_0
    SLICE_X103Y325       LUT6 (Prop_lut6_I5_O)        0.043     6.573 r  student_top_inst/Core_cpu/u_core/u_backend/u_free_list/alloc_phy_o[1][5]_INST_0_i_10/O
                         net (fo=9, routed)           0.250     6.822    student_top_inst/Core_cpu/u_core/u_backend/u_free_list/alloc_phy_o[1][5]_INST_0_i_10_n_0
    SLICE_X104Y325       LUT6 (Prop_lut6_I3_O)        0.043     6.865 r  student_top_inst/Core_cpu/u_core/u_backend/u_free_list/alloc_valid_o[1]_INST_0_i_22/O
                         net (fo=3, routed)           0.200     7.066    student_top_inst/Core_cpu/u_core/u_backend/u_free_list/alloc_valid_o[1]_INST_0_i_22_n_0
    SLICE_X105Y324       LUT6 (Prop_lut6_I3_O)        0.043     7.109 r  student_top_inst/Core_cpu/u_core/u_backend/u_free_list/alloc_valid_o[1]_INST_0_i_8/O
                         net (fo=9, routed)           0.370     7.479    student_top_inst/Core_cpu/u_core/u_backend/u_free_list/alloc_valid_o[1]_INST_0_i_8_n_0
    SLICE_X107Y322       LUT5 (Prop_lut5_I1_O)        0.043     7.522 f  student_top_inst/Core_cpu/u_core/u_backend/u_free_list/alloc_valid_o[1]_INST_0_i_2/O
                         net (fo=2, routed)           0.254     7.776    student_top_inst/Core_cpu/u_core/u_backend/u_free_list/alloc_valid_o[1]_INST_0_i_2_n_0
    SLICE_X106Y321       LUT3 (Prop_lut3_I1_O)        0.043     7.819 r  student_top_inst/Core_cpu/u_core/u_backend/u_free_list/alloc_valid_o[1]_INST_0/O
                         net (fo=5, routed)           0.347     8.166    student_top_inst/Core_cpu/u_core/u_backend/u_rename/free_alloc_valid_i[1]
    SLICE_X107Y315       LUT5 (Prop_lut5_I1_O)        0.043     8.209 r  student_top_inst/Core_cpu/u_core/u_backend/u_rename/out_valid_o[1]_INST_0/O
                         net (fo=4, routed)           0.723     8.931    student_top_inst/Core_cpu/u_core/u_backend/u_dispatch/in_valid_i[1]
    SLICE_X79Y320        LUT4 (Prop_lut4_I2_O)        0.043     8.974 r  student_top_inst/Core_cpu/u_core/u_backend/u_dispatch/int_valid_o[1]_INST_0/O
                         net (fo=1, routed)           0.442     9.416    student_top_inst/Core_cpu/u_core/u_backend/u_int_iq/u_queue/push_valid_i[1]
    SLICE_X68Y325        LUT2 (Prop_lut2_I0_O)        0.043     9.459 r  student_top_inst/Core_cpu/u_core/u_backend/u_int_iq/u_queue/entry_q[6][uop][csr_addr][11]_i_4/O
                         net (fo=772, routed)         0.360     9.819    student_top_inst/Core_cpu/u_core/u_backend/u_int_iq/u_queue/p_0_in485_in
    SLICE_X66Y324        LUT5 (Prop_lut5_I0_O)        0.043     9.862 r  student_top_inst/Core_cpu/u_core/u_backend/u_int_iq/u_queue/entry_q[0][uop][csr_addr][11]_i_4/O
                         net (fo=57, routed)          0.486    10.348    student_top_inst/Core_cpu/u_core/u_backend/u_int_iq/u_queue/entry_q[0][uop][csr_addr][11]_i_4_n_0
    SLICE_X58Y324        LUT4 (Prop_lut4_I3_O)        0.043    10.391 r  student_top_inst/Core_cpu/u_core/u_backend/u_int_iq/u_queue/entry_q[0][uop][csr_addr][11]_i_1/O
                         net (fo=346, routed)         0.568    10.959    student_top_inst/Core_cpu/u_core/u_backend/u_int_iq/u_queue/entry_q[0][uop][csr_addr][11]_i_1_n_0
    SLICE_X52Y327        LUT6 (Prop_lut6_I5_O)        0.043    11.002 r  student_top_inst/Core_cpu/u_core/u_backend/u_int_iq/u_queue/entry_q[0][uop][imm_j][31]_i_1/O
                         net (fo=54, routed)          0.972    11.974    student_top_inst/Core_cpu/u_core/u_backend/u_int_iq/u_queue/entry_q[0][uop][imm_j][31]_i_1_n_0
    SLICE_X25Y334        FDSE                                         r  student_top_inst/Core_cpu/u_core/u_backend/u_int_iq/u_queue/entry_q_reg[0][uop][imm_b][16]/S
  -------------------------------------------------------------------    -------------------

                         (clock clk_out2_pll rise edge)
                                                     10.000    10.000 r  
    AD12                                              0.000    10.000 r  i_sys_clk_p (IN)
                         net (fo=0)                   0.000    10.000    pll_inst/inst/clk_in1_p
    AD12                 IBUFDS (Prop_ibufds_I_O)     0.803    10.803 r  pll_inst/inst/clkin1_ibufgds/O
                         net (fo=1, routed)           0.986    11.789    pll_inst/inst/clk_in1_pll
    MMCME2_ADV_X1Y1      MMCME2_ADV (Prop_mmcme2_adv_CLKIN1_CLKOUT1)
                                                     -6.759     5.030 r  pll_inst/inst/mmcm_adv_inst/CLKOUT1
                         net (fo=1, routed)           2.005     7.035    pll_inst/inst/clk_out2_pll
    BUFGCTRL_X0Y0        BUFG (Prop_bufg_I_O)         0.083     7.118 r  pll_inst/inst/clkout2_buf/O
                         net (fo=33272, routed)       1.399     8.517    student_top_inst/Core_cpu/u_core/u_backend/u_int_iq/u_queue/clk
    SLICE_X25Y334        FDSE                                         r  student_top_inst/Core_cpu/u_core/u_backend/u_int_iq/u_queue/entry_q_reg[0][uop][imm_b][16]/C
                         clock pessimism             -0.622     7.896    
                         clock uncertainty           -0.066     7.829    
    SLICE_X25Y334        FDSE (Setup_fdse_C_S)       -0.304     7.525    student_top_inst/Core_cpu/u_core/u_backend/u_int_iq/u_queue/entry_q_reg[0][uop][imm_b][16]
  -------------------------------------------------------------------
                         required time                          7.525    
                         arrival time                         -11.974    
  -------------------------------------------------------------------
                         slack                                 -4.448    

Slack (VIOLATED) :        -4.448ns  (required time - arrival time)
  Source:                 student_top_inst/Core_cpu/u_core/u_backend/u_rename/srat_q_reg[15][0]/C
                            (rising edge-triggered cell FDPE clocked by clk_out2_pll  {rise@0.000ns fall@5.000ns period=10.000ns})
  Destination:            student_top_inst/Core_cpu/u_core/u_backend/u_int_iq/u_queue/entry_q_reg[0][uop][imm_b][26]/S
                            (rising edge-triggered cell FDSE clocked by clk_out2_pll  {rise@0.000ns fall@5.000ns period=10.000ns})
  Path Group:             clk_out2_pll
  Path Type:              Setup (Max at Slow Process Corner)
  Requirement:            10.000ns  (clk_out2_pll rise@10.000ns - clk_out2_pll rise@0.000ns)
  Data Path Delay:        13.994ns  (logic 1.470ns (10.505%)  route 12.524ns (89.495%))
  Logic Levels:           29  (LUT2=2 LUT3=3 LUT4=3 LUT5=6 LUT6=15)
  Clock Path Skew:        -0.084ns (DCD - SCD + CPR)
    Destination Clock Delay (DCD):    -1.483ns = ( 8.517 - 10.000 ) 
    Source Clock Delay      (SCD):    -2.020ns
    Clock Pessimism Removal (CPR):    -0.622ns
  Clock Uncertainty:      0.066ns  ((TSJ^2 + DJ^2)^1/2) / 2 + PE
    Total System Jitter     (TSJ):    0.071ns
    Discrete Jitter          (DJ):    0.112ns
    Phase Error              (PE):    0.000ns

    Location             Delay type                Incr(ns)  Path(ns)    Netlist Resource(s)
  -------------------------------------------------------------------    -------------------
                         (clock clk_out2_pll rise edge)
                                                      0.000     0.000 r  
    AD12                                              0.000     0.000 r  i_sys_clk_p (IN)
                         net (fo=0)                   0.000     0.000    pll_inst/inst/clk_in1_p
    AD12                 IBUFDS (Prop_ibufds_I_O)     0.906     0.906 r  pll_inst/inst/clkin1_ibufgds/O
                         net (fo=1, routed)           1.081     1.987    pll_inst/inst/clk_in1_pll
    MMCME2_ADV_X1Y1      MMCME2_ADV (Prop_mmcme2_adv_CLKIN1_CLKOUT1)
                                                     -7.786    -5.799 r  pll_inst/inst/mmcm_adv_inst/CLKOUT1
                         net (fo=1, routed)           2.130    -3.669    pll_inst/inst/clk_out2_pll
    BUFGCTRL_X0Y0        BUFG (Prop_bufg_I_O)         0.093    -3.576 r  pll_inst/inst/clkout2_buf/O
                         net (fo=33272, routed)       1.556    -2.020    student_top_inst/Core_cpu/u_core/u_backend/u_rename/clk
    SLICE_X109Y343       FDPE                                         r  student_top_inst/Core_cpu/u_core/u_backend/u_rename/srat_q_reg[15][0]/C
  -------------------------------------------------------------------    -------------------
    SLICE_X109Y343       FDPE (Prop_fdpe_C_Q)         0.223    -1.797 r  student_top_inst/Core_cpu/u_core/u_backend/u_rename/srat_q_reg[15][0]/Q
                         net (fo=28, routed)          0.442    -1.356    student_top_inst/Core_cpu/u_core/u_backend/u_free_list/live_map_i[15][0]
    SLICE_X108Y345       LUT3 (Prop_lut3_I2_O)        0.043    -1.313 f  student_top_inst/Core_cpu/u_core/u_backend/u_free_list/alloc_valid_o[1]_INST_0_i_96/O
                         net (fo=7, routed)           0.838    -0.475    student_top_inst/Core_cpu/u_core/u_backend/u_free_list/alloc_valid_o[1]_INST_0_i_96_n_0
    SLICE_X94Y337        LUT6 (Prop_lut6_I3_O)        0.043    -0.432 f  student_top_inst/Core_cpu/u_core/u_backend/u_free_list/alloc_phy_o[1][2]_INST_0_i_84/O
                         net (fo=1, routed)           0.503     0.071    student_top_inst/Core_cpu/u_core/u_backend/u_free_list/alloc_phy_o[1][2]_INST_0_i_84_n_0
    SLICE_X98Y335        LUT5 (Prop_lut5_I4_O)        0.043     0.114 f  student_top_inst/Core_cpu/u_core/u_backend/u_free_list/alloc_phy_o[1][2]_INST_0_i_42/O
                         net (fo=2, routed)           0.435     0.549    student_top_inst/Core_cpu/u_core/u_backend/u_free_list/alloc_phy_o[1][2]_INST_0_i_42_n_0
    SLICE_X94Y332        LUT6 (Prop_lut6_I3_O)        0.043     0.592 r  student_top_inst/Core_cpu/u_core/u_backend/u_free_list/alloc_phy_o[0][3]_INST_0_i_23/O
                         net (fo=1, routed)           0.545     1.137    student_top_inst/Core_cpu/u_core/u_backend/u_free_list/alloc_phy_o[0][3]_INST_0_i_23_n_0
    SLICE_X101Y331       LUT6 (Prop_lut6_I0_O)        0.043     1.180 r  student_top_inst/Core_cpu/u_core/u_backend/u_free_list/alloc_phy_o[0][3]_INST_0_i_16/O
                         net (fo=10, routed)          0.493     1.673    student_top_inst/Core_cpu/u_core/u_backend/u_free_list/alloc_phy_o[0][3]_INST_0_i_16_n_0
    SLICE_X104Y331       LUT6 (Prop_lut6_I2_O)        0.043     1.716 r  student_top_inst/Core_cpu/u_core/u_backend/u_free_list/alloc_phy_o[0][4]_INST_0_i_8/O
                         net (fo=6, routed)           0.407     2.123    student_top_inst/Core_cpu/u_core/u_backend/u_free_list/alloc_phy_o[0][4]_INST_0_i_8_n_0
    SLICE_X108Y334       LUT6 (Prop_lut6_I2_O)        0.043     2.166 f  student_top_inst/Core_cpu/u_core/u_backend/u_free_list/alloc_phy_o[0][3]_INST_0_i_12/O
                         net (fo=10, routed)          0.275     2.442    student_top_inst/Core_cpu/u_core/u_backend/u_free_list/alloc_phy_o[0][3]_INST_0_i_12_n_0
    SLICE_X108Y334       LUT5 (Prop_lut5_I3_O)        0.043     2.485 r  student_top_inst/Core_cpu/u_core/u_backend/u_free_list/free_q[34]_i_8/O
                         net (fo=9, routed)           0.351     2.836    student_top_inst/Core_cpu/u_core/u_backend/u_free_list/free_q[34]_i_8_n_0
    SLICE_X110Y334       LUT4 (Prop_lut4_I2_O)        0.043     2.879 r  student_top_inst/Core_cpu/u_core/u_backend/u_free_list/alloc_phy_o[0][0]_INST_0_i_21/O
                         net (fo=10, routed)          0.377     3.256    student_top_inst/Core_cpu/u_core/u_backend/u_free_list/alloc_phy_o[0][0]_INST_0_i_21_n_0
    SLICE_X110Y334       LUT3 (Prop_lut3_I0_O)        0.043     3.299 f  student_top_inst/Core_cpu/u_core/u_backend/u_free_list/alloc_phy_o[0][1]_INST_0_i_20/O
                         net (fo=5, routed)           0.215     3.514    student_top_inst/Core_cpu/u_core/u_backend/u_free_list/alloc_phy_o[0][1]_INST_0_i_20_n_0
    SLICE_X110Y332       LUT2 (Prop_lut2_I0_O)        0.043     3.557 f  student_top_inst/Core_cpu/u_core/u_backend/u_free_list/alloc_phy_o[0][0]_INST_0_i_17/O
                         net (fo=3, routed)           0.542     4.099    student_top_inst/Core_cpu/u_core/u_backend/u_free_list/alloc_phy_o[0][0]_INST_0_i_17_n_0
    SLICE_X110Y330       LUT6 (Prop_lut6_I0_O)        0.043     4.142 f  student_top_inst/Core_cpu/u_core/u_backend/u_free_list/alloc_phy_o[0][0]_INST_0_i_11/O
                         net (fo=1, routed)           0.272     4.414    student_top_inst/Core_cpu/u_core/u_backend/u_free_list/alloc_phy_o[0][0]_INST_0_i_11_n_0
    SLICE_X110Y328       LUT6 (Prop_lut6_I4_O)        0.043     4.457 f  student_top_inst/Core_cpu/u_core/u_backend/u_free_list/alloc_phy_o[0][0]_INST_0_i_2/O
                         net (fo=1, routed)           0.363     4.820    student_top_inst/Core_cpu/u_core/u_backend/u_free_list/alloc_phy_o[0][0]_INST_0_i_2_n_0
    SLICE_X108Y327       LUT6 (Prop_lut6_I1_O)        0.043     4.863 f  student_top_inst/Core_cpu/u_core/u_backend/u_free_list/alloc_phy_o[0][0]_INST_0/O
                         net (fo=83, routed)          0.495     5.359    student_top_inst/Core_cpu/u_core/u_backend/u_free_list/alloc_phy_o[0][0]
    SLICE_X104Y326       LUT6 (Prop_lut6_I2_O)        0.043     5.402 f  student_top_inst/Core_cpu/u_core/u_backend/u_free_list/alloc_phy_o[1][4]_INST_0_i_24/O
                         net (fo=4, routed)           0.406     5.807    student_top_inst/Core_cpu/u_core/u_backend/u_free_list/alloc_phy_o[1][4]_INST_0_i_24_n_0
    SLICE_X103Y327       LUT6 (Prop_lut6_I4_O)        0.043     5.850 f  student_top_inst/Core_cpu/u_core/u_backend/u_free_list/alloc_phy_o[1][2]_INST_0_i_18/O
                         net (fo=6, routed)           0.209     6.060    student_top_inst/Core_cpu/u_core/u_backend/u_free_list/alloc_phy_o[1][2]_INST_0_i_18_n_0
    SLICE_X102Y326       LUT6 (Prop_lut6_I5_O)        0.043     6.103 r  student_top_inst/Core_cpu/u_core/u_backend/u_free_list/alloc_phy_o[1][3]_INST_0_i_7/O
                         net (fo=5, routed)           0.131     6.234    student_top_inst/Core_cpu/u_core/u_backend/u_free_list/alloc_phy_o[1][3]_INST_0_i_7_n_0
    SLICE_X102Y326       LUT5 (Prop_lut5_I2_O)        0.043     6.277 f  student_top_inst/Core_cpu/u_core/u_backend/u_free_list/alloc_phy_o[1][5]_INST_0_i_19/O
                         net (fo=6, routed)           0.253     6.530    student_top_inst/Core_cpu/u_core/u_backend/u_free_list/alloc_phy_o[1][5]_INST_0_i_19_n_0
    SLICE_X103Y325       LUT6 (Prop_lut6_I5_O)        0.043     6.573 r  student_top_inst/Core_cpu/u_core/u_backend/u_free_list/alloc_phy_o[1][5]_INST_0_i_10/O
                         net (fo=9, routed)           0.250     6.822    student_top_inst/Core_cpu/u_core/u_backend/u_free_list/alloc_phy_o[1][5]_INST_0_i_10_n_0
    SLICE_X104Y325       LUT6 (Prop_lut6_I3_O)        0.043     6.865 r  student_top_inst/Core_cpu/u_core/u_backend/u_free_list/alloc_valid_o[1]_INST_0_i_22/O
                         net (fo=3, routed)           0.200     7.066    student_top_inst/Core_cpu/u_core/u_backend/u_free_list/alloc_valid_o[1]_INST_0_i_22_n_0
    SLICE_X105Y324       LUT6 (Prop_lut6_I3_O)        0.043     7.109 r  student_top_inst/Core_cpu/u_core/u_backend/u_free_list/alloc_valid_o[1]_INST_0_i_8/O
                         net (fo=9, routed)           0.370     7.479    student_top_inst/Core_cpu/u_core/u_backend/u_free_list/alloc_valid_o[1]_INST_0_i_8_n_0
    SLICE_X107Y322       LUT5 (Prop_lut5_I1_O)        0.043     7.522 f  student_top_inst/Core_cpu/u_core/u_backend/u_free_list/alloc_valid_o[1]_INST_0_i_2/O
                         net (fo=2, routed)           0.254     7.776    student_top_inst/Core_cpu/u_core/u_backend/u_free_list/alloc_valid_o[1]_INST_0_i_2_n_0
    SLICE_X106Y321       LUT3 (Prop_lut3_I1_O)        0.043     7.819 r  student_top_inst/Core_cpu/u_core/u_backend/u_free_list/alloc_valid_o[1]_INST_0/O
                         net (fo=5, routed)           0.347     8.166    student_top_inst/Core_cpu/u_core/u_backend/u_rename/free_alloc_valid_i[1]
    SLICE_X107Y315       LUT5 (Prop_lut5_I1_O)        0.043     8.209 r  student_top_inst/Core_cpu/u_core/u_backend/u_rename/out_valid_o[1]_INST_0/O
                         net (fo=4, routed)           0.723     8.931    student_top_inst/Core_cpu/u_core/u_backend/u_dispatch/in_valid_i[1]
    SLICE_X79Y320        LUT4 (Prop_lut4_I2_O)        0.043     8.974 r  student_top_inst/Core_cpu/u_core/u_backend/u_dispatch/int_valid_o[1]_INST_0/O
                         net (fo=1, routed)           0.442     9.416    student_top_inst/Core_cpu/u_core/u_backend/u_int_iq/u_queue/push_valid_i[1]
    SLICE_X68Y325        LUT2 (Prop_lut2_I0_O)        0.043     9.459 r  student_top_inst/Core_cpu/u_core/u_backend/u_int_iq/u_queue/entry_q[6][uop][csr_addr][11]_i_4/O
                         net (fo=772, routed)         0.360     9.819    student_top_inst/Core_cpu/u_core/u_backend/u_int_iq/u_queue/p_0_in485_in
    SLICE_X66Y324        LUT5 (Prop_lut5_I0_O)        0.043     9.862 r  student_top_inst/Core_cpu/u_core/u_backend/u_int_iq/u_queue/entry_q[0][uop][csr_addr][11]_i_4/O
                         net (fo=57, routed)          0.486    10.348    student_top_inst/Core_cpu/u_core/u_backend/u_int_iq/u_queue/entry_q[0][uop][csr_addr][11]_i_4_n_0
    SLICE_X58Y324        LUT4 (Prop_lut4_I3_O)        0.043    10.391 r  student_top_inst/Core_cpu/u_core/u_backend/u_int_iq/u_queue/entry_q[0][uop][csr_addr][11]_i_1/O
                         net (fo=346, routed)         0.568    10.959    student_top_inst/Core_cpu/u_core/u_backend/u_int_iq/u_queue/entry_q[0][uop][csr_addr][11]_i_1_n_0
    SLICE_X52Y327        LUT6 (Prop_lut6_I5_O)        0.043    11.002 r  student_top_inst/Core_cpu/u_core/u_backend/u_int_iq/u_queue/entry_q[0][uop][imm_j][31]_i_1/O
                         net (fo=54, routed)          0.972    11.974    student_top_inst/Core_cpu/u_core/u_backend/u_int_iq/u_queue/entry_q[0][uop][imm_j][31]_i_1_n_0
    SLICE_X25Y334        FDSE                                         r  student_top_inst/Core_cpu/u_core/u_backend/u_int_iq/u_queue/entry_q_reg[0][uop][imm_b][26]/S
  -------------------------------------------------------------------    -------------------

                         (clock clk_out2_pll rise edge)
                                                     10.000    10.000 r  
    AD12                                              0.000    10.000 r  i_sys_clk_p (IN)
                         net (fo=0)                   0.000    10.000    pll_inst/inst/clk_in1_p
    AD12                 IBUFDS (Prop_ibufds_I_O)     0.803    10.803 r  pll_inst/inst/clkin1_ibufgds/O
                         net (fo=1, routed)           0.986    11.789    pll_inst/inst/clk_in1_pll
    MMCME2_ADV_X1Y1      MMCME2_ADV (Prop_mmcme2_adv_CLKIN1_CLKOUT1)
                                                     -6.759     5.030 r  pll_inst/inst/mmcm_adv_inst/CLKOUT1
                         net (fo=1, routed)           2.005     7.035    pll_inst/inst/clk_out2_pll
    BUFGCTRL_X0Y0        BUFG (Prop_bufg_I_O)         0.083     7.118 r  pll_inst/inst/clkout2_buf/O
                         net (fo=33272, routed)       1.399     8.517    student_top_inst/Core_cpu/u_core/u_backend/u_int_iq/u_queue/clk
    SLICE_X25Y334        FDSE                                         r  student_top_inst/Core_cpu/u_core/u_backend/u_int_iq/u_queue/entry_q_reg[0][uop][imm_b][26]/C
                         clock pessimism             -0.622     7.896    
                         clock uncertainty           -0.066     7.829    
    SLICE_X25Y334        FDSE (Setup_fdse_C_S)       -0.304     7.525    student_top_inst/Core_cpu/u_core/u_backend/u_int_iq/u_queue/entry_q_reg[0][uop][imm_b][26]
  -------------------------------------------------------------------
                         required time                          7.525    
                         arrival time                         -11.974    
  -------------------------------------------------------------------
                         slack                                 -4.448    

Slack (VIOLATED) :        -4.440ns  (required time - arrival time)
  Source:                 student_top_inst/Core_cpu/u_core/u_backend/complete_prd_reg[1][0]/C
                            (rising edge-triggered cell FDRE clocked by clk_out2_pll  {rise@0.000ns fall@5.000ns period=10.000ns})
  Destination:            student_top_inst/Core_cpu/u_core/u_backend/u_execute/u_prf/regs_q_reg[27][7]/CE
                            (rising edge-triggered cell FDRE clocked by clk_out2_pll  {rise@0.000ns fall@5.000ns period=10.000ns})
  Path Group:             clk_out2_pll
  Path Type:              Setup (Max at Slow Process Corner)
  Requirement:            10.000ns  (clk_out2_pll rise@10.000ns - clk_out2_pll rise@0.000ns)
  Data Path Delay:        13.962ns  (logic 1.976ns (14.153%)  route 11.986ns (85.847%))
  Logic Levels:           30  (CARRY4=4 LUT2=2 LUT4=5 LUT5=4 LUT6=14 MUXF8=1)
  Clock Path Skew:        -0.211ns (DCD - SCD + CPR)
    Destination Clock Delay (DCD):    -1.603ns = ( 8.397 - 10.000 ) 
    Source Clock Delay      (SCD):    -2.043ns
    Clock Pessimism Removal (CPR):    -0.652ns
  Clock Uncertainty:      0.066ns  ((TSJ^2 + DJ^2)^1/2) / 2 + PE
    Total System Jitter     (TSJ):    0.071ns
    Discrete Jitter          (DJ):    0.112ns
    Phase Error              (PE):    0.000ns

    Location             Delay type                Incr(ns)  Path(ns)    Netlist Resource(s)
  -------------------------------------------------------------------    -------------------
                         (clock clk_out2_pll rise edge)
                                                      0.000     0.000 r  
    AD12                                              0.000     0.000 r  i_sys_clk_p (IN)
                         net (fo=0)                   0.000     0.000    pll_inst/inst/clk_in1_p
    AD12                 IBUFDS (Prop_ibufds_I_O)     0.906     0.906 r  pll_inst/inst/clkin1_ibufgds/O
                         net (fo=1, routed)           1.081     1.987    pll_inst/inst/clk_in1_pll
    MMCME2_ADV_X1Y1      MMCME2_ADV (Prop_mmcme2_adv_CLKIN1_CLKOUT1)
                                                     -7.786    -5.799 r  pll_inst/inst/mmcm_adv_inst/CLKOUT1
                         net (fo=1, routed)           2.130    -3.669    pll_inst/inst/clk_out2_pll
    BUFGCTRL_X0Y0        BUFG (Prop_bufg_I_O)         0.093    -3.576 r  pll_inst/inst/clkout2_buf/O
                         net (fo=33272, routed)       1.533    -2.043    student_top_inst/Core_cpu/u_core/u_backend/clk
    SLICE_X56Y301        FDRE                                         r  student_top_inst/Core_cpu/u_core/u_backend/complete_prd_reg[1][0]/C
  -------------------------------------------------------------------    -------------------
    SLICE_X56Y301        FDRE (Prop_fdre_C_Q)         0.259    -1.784 r  student_top_inst/Core_cpu/u_core/u_backend/complete_prd_reg[1][0]/Q
                         net (fo=93, routed)          1.121    -0.664    student_top_inst/Core_cpu/u_core/u_backend/u_mem_iq/wakeup_phy_i[1][0]
    SLICE_X71Y287        LUT6 (Prop_lut6_I4_O)        0.043    -0.621 f  student_top_inst/Core_cpu/u_core/u_backend/u_mem_iq/issue_slot_o[2]_INST_0_i_63/O
                         net (fo=1, routed)           0.355    -0.266    student_top_inst/Core_cpu/u_core/u_backend/u_mem_iq/issue_slot_o[2]_INST_0_i_63_n_0
    SLICE_X71Y287        LUT6 (Prop_lut6_I4_O)        0.043    -0.223 r  student_top_inst/Core_cpu/u_core/u_backend/u_mem_iq/issue_slot_o[2]_INST_0_i_25/O
                         net (fo=2, routed)           0.472     0.249    student_top_inst/Core_cpu/u_core/u_backend/u_mem_iq/issue_slot_o[2]_INST_0_i_25_n_0
    SLICE_X72Y275        LUT5 (Prop_lut5_I4_O)        0.043     0.292 r  student_top_inst/Core_cpu/u_core/u_backend/u_mem_iq/issue_slot_o[2]_INST_0_i_11/O
                         net (fo=3, routed)           0.487     0.780    student_top_inst/Core_cpu/u_core/u_backend/u_mem_iq/issue_slot_o[2]_INST_0_i_11_n_0
    SLICE_X73Y263        LUT6 (Prop_lut6_I5_O)        0.043     0.823 f  student_top_inst/Core_cpu/u_core/u_backend/u_mem_iq/issue_slot_o[2]_INST_0_i_3/O
                         net (fo=6, routed)           0.568     1.391    student_top_inst/Core_cpu/u_core/u_backend/u_mem_iq/issue_slot_o[2]_INST_0_i_3_n_0
    SLICE_X72Y259        LUT5 (Prop_lut5_I3_O)        0.043     1.434 f  student_top_inst/Core_cpu/u_core/u_backend/u_mem_iq/issue_age_o[0]_INST_0_i_5/O
                         net (fo=4, routed)           0.326     1.760    student_top_inst/Core_cpu/u_core/u_backend/u_mem_iq/issue_age_o[0]_INST_0_i_5_n_0
    SLICE_X72Y258        LUT4 (Prop_lut4_I0_O)        0.043     1.803 r  student_top_inst/Core_cpu/u_core/u_backend/u_mem_iq/issue_uop_o[0][uop][is_jalr]_INST_0_i_7/O
                         net (fo=17, routed)          0.489     2.292    student_top_inst/Core_cpu/u_core/u_backend/u_mem_iq/issue_uop_o[0][uop][is_jalr]_INST_0_i_7_n_0
    SLICE_X69Y259        LUT6 (Prop_lut6_I1_O)        0.043     2.335 r  student_top_inst/Core_cpu/u_core/u_backend/u_mem_iq/issue_uop_o[0][prs2][2]_INST_0_i_4/O
                         net (fo=1, routed)           0.265     2.600    student_top_inst/Core_cpu/u_core/u_backend/u_mem_iq/issue_uop_o[0][prs2][2]_INST_0_i_4_n_0
    SLICE_X68Y259        LUT6 (Prop_lut6_I5_O)        0.043     2.643 f  student_top_inst/Core_cpu/u_core/u_backend/u_mem_iq/issue_uop_o[0][prs2][2]_INST_0_i_3/O
                         net (fo=1, routed)           0.334     2.977    student_top_inst/Core_cpu/u_core/u_backend/u_mem_iq/issue_uop_o[0][prs2][2]_INST_0_i_3_n_0
    SLICE_X68Y259        LUT5 (Prop_lut5_I4_O)        0.043     3.020 r  student_top_inst/Core_cpu/u_core/u_backend/u_mem_iq/issue_uop_o[0][prs2][2]_INST_0_i_2/O
                         net (fo=1, routed)           0.335     3.355    student_top_inst/Core_cpu/u_core/u_backend/u_mem_iq/issue_uop_o[0][prs2][2]_INST_0_i_2_n_0
    SLICE_X66Y257        LUT6 (Prop_lut6_I2_O)        0.043     3.398 r  student_top_inst/Core_cpu/u_core/u_backend/u_mem_iq/issue_uop_o[0][prs2][2]_INST_0_i_1/O
                         net (fo=1, routed)           0.190     3.588    student_top_inst/Core_cpu/u_core/u_backend/u_mem_iq/issue_uop_o[0][prs2][2]_INST_0_i_1_n_0
    SLICE_X64Y257        LUT6 (Prop_lut6_I2_O)        0.043     3.631 r  student_top_inst/Core_cpu/u_core/u_backend/u_mem_iq/issue_uop_o[0][prs2][2]_INST_0/O
                         net (fo=128, routed)         0.699     4.330    student_top_inst/Core_cpu/u_core/u_backend/u_execute/u_prf/raddr_i[5][2]
    SLICE_X48Y260        MUXF8 (Prop_muxf8_S_O)       0.141     4.471 r  student_top_inst/Core_cpu/u_core/u_backend/u_execute/u_prf/rdata_o[5][2]_INST_0_i_1/O
                         net (fo=1, routed)           0.753     5.225    student_top_inst/Core_cpu/u_core/u_backend/u_execute/u_prf/rdata_o[5][2]_INST_0_i_1_n_0
    SLICE_X50Y249        LUT6 (Prop_lut6_I0_O)        0.126     5.351 r  student_top_inst/Core_cpu/u_core/u_backend/u_execute/u_prf/rdata_o[5][2]_INST_0/O
                         net (fo=5, routed)           0.411     5.761    student_top_inst/Core_cpu/u_core/u_backend/u_execute/prf_rdata[5][2]
    SLICE_X50Y245        LUT4 (Prop_lut4_I0_O)        0.043     5.804 r  student_top_inst/Core_cpu/u_core/u_backend/u_execute/complete_result_o[2][2]_INST_0_i_27/O
                         net (fo=1, routed)           0.294     6.099    student_top_inst/Core_cpu/u_core/u_backend/u_execute/complete_result_o[2][2]_INST_0_i_27_n_0
    SLICE_X50Y241        LUT6 (Prop_lut6_I0_O)        0.043     6.142 r  student_top_inst/Core_cpu/u_core/u_backend/u_execute/complete_result_o[2][2]_INST_0_i_19/O
                         net (fo=120, routed)         0.610     6.752    student_top_inst/Core_cpu/u_core/u_backend/u_execute/complete_result_o[2][2]_INST_0_i_19_n_0
    SLICE_X52Y243        LUT4 (Prop_lut4_I2_O)        0.043     6.795 r  student_top_inst/Core_cpu/u_core/u_backend/u_execute/complete_result_o[2][0]_INST_0_i_74/O
                         net (fo=1, routed)           0.000     6.795    student_top_inst/Core_cpu/u_core/u_backend/u_execute/complete_result_o[2][0]_INST_0_i_74_n_0
    SLICE_X52Y243        CARRY4 (Prop_carry4_S[1]_CO[3])
                                                      0.256     7.051 r  student_top_inst/Core_cpu/u_core/u_backend/u_execute/complete_result_o[2][0]_INST_0_i_52/CO[3]
                         net (fo=1, routed)           0.000     7.051    student_top_inst/Core_cpu/u_core/u_backend/u_execute/complete_result_o[2][0]_INST_0_i_52_n_0
    SLICE_X52Y244        CARRY4 (Prop_carry4_CI_CO[3])
                                                      0.054     7.105 r  student_top_inst/Core_cpu/u_core/u_backend/u_execute/complete_result_o[2][0]_INST_0_i_35/CO[3]
                         net (fo=1, routed)           0.000     7.105    student_top_inst/Core_cpu/u_core/u_backend/u_execute/complete_result_o[2][0]_INST_0_i_35_n_0
    SLICE_X52Y245        CARRY4 (Prop_carry4_CI_CO[3])
                                                      0.054     7.159 r  student_top_inst/Core_cpu/u_core/u_backend/u_execute/complete_result_o[2][0]_INST_0_i_18/CO[3]
                         net (fo=1, routed)           0.000     7.159    student_top_inst/Core_cpu/u_core/u_backend/u_execute/complete_result_o[2][0]_INST_0_i_18_n_0
    SLICE_X52Y246        CARRY4 (Prop_carry4_CI_CO[3])
                                                      0.054     7.213 f  student_top_inst/Core_cpu/u_core/u_backend/u_execute/complete_result_o[2][0]_INST_0_i_15/CO[3]
                         net (fo=1, routed)           0.327     7.540    student_top_inst/Core_cpu/u_core/u_backend/u_execute/data3
    SLICE_X52Y247        LUT2 (Prop_lut2_I1_O)        0.043     7.583 f  student_top_inst/Core_cpu/u_core/u_backend/u_execute/complete_result_o[2][0]_INST_0_i_11/O
                         net (fo=2, routed)           0.202     7.784    student_top_inst/Core_cpu/u_core/u_backend/u_execute/complete_result_o[2][0]_INST_0_i_11_n_0
    SLICE_X52Y247        LUT6 (Prop_lut6_I2_O)        0.043     7.827 r  student_top_inst/Core_cpu/u_core/u_backend/u_execute/complete_exception_o[2]_INST_0_i_11/O
                         net (fo=1, routed)           0.106     7.933    student_top_inst/Core_cpu/u_core/u_backend/u_execute/complete_exception_o[2]_INST_0_i_11_n_0
    SLICE_X52Y247        LUT6 (Prop_lut6_I3_O)        0.043     7.976 r  student_top_inst/Core_cpu/u_core/u_backend/u_execute/complete_exception_o[2]_INST_0_i_7/O
                         net (fo=1, routed)           0.339     8.315    student_top_inst/Core_cpu/u_core/u_backend/u_execute/complete_exception_o[2]_INST_0_i_7_n_0
    SLICE_X53Y247        LUT4 (Prop_lut4_I3_O)        0.043     8.358 r  student_top_inst/Core_cpu/u_core/u_backend/u_execute/complete_exception_o[2]_INST_0_i_4/O
                         net (fo=1, routed)           0.263     8.621    student_top_inst/Core_cpu/u_core/u_backend/u_execute/complete_exception_o[2]_INST_0_i_4_n_0
    SLICE_X54Y247        LUT4 (Prop_lut4_I1_O)        0.043     8.664 r  student_top_inst/Core_cpu/u_core/u_backend/u_execute/complete_exception_o[2]_INST_0_i_2/O
                         net (fo=3, routed)           0.205     8.870    student_top_inst/Core_cpu/u_core/u_backend/u_execute/complete_exception_o[2]_INST_0_i_2_n_0
    SLICE_X54Y249        LUT5 (Prop_lut5_I0_O)        0.043     8.913 f  student_top_inst/Core_cpu/u_core/u_backend/u_execute/complete_exception_o[2]_INST_0_i_1/O
                         net (fo=5, routed)           0.300     9.212    student_top_inst/Core_cpu/u_core/u_backend/u_execute/complete_exception_o[2]_INST_0_i_1_n_0
    SLICE_X56Y252        LUT6 (Prop_lut6_I4_O)        0.043     9.255 r  student_top_inst/Core_cpu/u_core/u_backend/u_execute/u_prf_i_2/O
                         net (fo=50, routed)          0.383     9.639    student_top_inst/Core_cpu/u_core/u_backend/u_execute/u_prf/we_i[2]
    SLICE_X54Y251        LUT2 (Prop_lut2_I1_O)        0.043     9.682 r  student_top_inst/Core_cpu/u_core/u_backend/u_execute/u_prf/regs_q[40][30]_i_3/O
                         net (fo=114, routed)         0.848    10.530    student_top_inst/Core_cpu/u_core/u_backend/u_execute/u_prf/regs_q[40][30]_i_3_n_0
    SLICE_X48Y266        LUT6 (Prop_lut6_I0_O)        0.043    10.573 r  student_top_inst/Core_cpu/u_core/u_backend/u_execute/u_prf/regs_q[27][31]_i_5/O
                         net (fo=1, routed)           0.423    10.996    student_top_inst/Core_cpu/u_core/u_backend/u_execute/u_prf/regs_q[27][31]_i_5_n_0
    SLICE_X41Y266        LUT6 (Prop_lut6_I2_O)        0.043    11.039 r  student_top_inst/Core_cpu/u_core/u_backend/u_execute/u_prf/regs_q[27][31]_i_1/O
                         net (fo=32, routed)          0.880    11.918    student_top_inst/Core_cpu/u_core/u_backend/u_execute/u_prf/regs_q[27][31]_i_1_n_0
    SLICE_X15Y259        FDRE                                         r  student_top_inst/Core_cpu/u_core/u_backend/u_execute/u_prf/regs_q_reg[27][7]/CE
  -------------------------------------------------------------------    -------------------

                         (clock clk_out2_pll rise edge)
                                                     10.000    10.000 r  
    AD12                                              0.000    10.000 r  i_sys_clk_p (IN)
                         net (fo=0)                   0.000    10.000    pll_inst/inst/clk_in1_p
    AD12                 IBUFDS (Prop_ibufds_I_O)     0.803    10.803 r  pll_inst/inst/clkin1_ibufgds/O
                         net (fo=1, routed)           0.986    11.789    pll_inst/inst/clk_in1_pll
    MMCME2_ADV_X1Y1      MMCME2_ADV (Prop_mmcme2_adv_CLKIN1_CLKOUT1)
                                                     -6.759     5.030 r  pll_inst/inst/mmcm_adv_inst/CLKOUT1
                         net (fo=1, routed)           2.005     7.035    pll_inst/inst/clk_out2_pll
    BUFGCTRL_X0Y0        BUFG (Prop_bufg_I_O)         0.083     7.118 r  pll_inst/inst/clkout2_buf/O
                         net (fo=33272, routed)       1.279     8.397    student_top_inst/Core_cpu/u_core/u_backend/u_execute/u_prf/clk
    SLICE_X15Y259        FDRE                                         r  student_top_inst/Core_cpu/u_core/u_backend/u_execute/u_prf/regs_q_reg[27][7]/C
                         clock pessimism             -0.652     7.746    
                         clock uncertainty           -0.066     7.679    
    SLICE_X15Y259        FDRE (Setup_fdre_C_CE)      -0.201     7.478    student_top_inst/Core_cpu/u_core/u_backend/u_execute/u_prf/regs_q_reg[27][7]
  -------------------------------------------------------------------
                         required time                          7.478    
                         arrival time                         -11.918    
  -------------------------------------------------------------------
                         slack                                 -4.440    

Slack (VIOLATED) :        -4.433ns  (required time - arrival time)
  Source:                 student_top_inst/Core_cpu/u_core/u_backend/complete_prd_reg[1][0]/C
                            (rising edge-triggered cell FDRE clocked by clk_out2_pll  {rise@0.000ns fall@5.000ns period=10.000ns})
  Destination:            student_top_inst/Core_cpu/u_core/u_backend/u_execute/u_prf/regs_q_reg[8][20]/CE
                            (rising edge-triggered cell FDRE clocked by clk_out2_pll  {rise@0.000ns fall@5.000ns period=10.000ns})
  Path Group:             clk_out2_pll
  Path Type:              Setup (Max at Slow Process Corner)
  Requirement:            10.000ns  (clk_out2_pll rise@10.000ns - clk_out2_pll rise@0.000ns)
  Data Path Delay:        13.866ns  (logic 2.019ns (14.561%)  route 11.847ns (85.439%))
  Logic Levels:           31  (CARRY4=4 LUT2=2 LUT3=1 LUT4=5 LUT5=5 LUT6=13 MUXF8=1)
  Clock Path Skew:        -0.299ns (DCD - SCD + CPR)
    Destination Clock Delay (DCD):    -1.691ns = ( 8.309 - 10.000 ) 
    Source Clock Delay      (SCD):    -2.043ns
    Clock Pessimism Removal (CPR):    -0.652ns
  Clock Uncertainty:      0.066ns  ((TSJ^2 + DJ^2)^1/2) / 2 + PE
    Total System Jitter     (TSJ):    0.071ns
    Discrete Jitter          (DJ):    0.112ns
    Phase Error              (PE):    0.000ns

    Location             Delay type                Incr(ns)  Path(ns)    Netlist Resource(s)
  -------------------------------------------------------------------    -------------------
                         (clock clk_out2_pll rise edge)
                                                      0.000     0.000 r  
    AD12                                              0.000     0.000 r  i_sys_clk_p (IN)
                         net (fo=0)                   0.000     0.000    pll_inst/inst/clk_in1_p
    AD12                 IBUFDS (Prop_ibufds_I_O)     0.906     0.906 r  pll_inst/inst/clkin1_ibufgds/O
                         net (fo=1, routed)           1.081     1.987    pll_inst/inst/clk_in1_pll
    MMCME2_ADV_X1Y1      MMCME2_ADV (Prop_mmcme2_adv_CLKIN1_CLKOUT1)
                                                     -7.786    -5.799 r  pll_inst/inst/mmcm_adv_inst/CLKOUT1
                         net (fo=1, routed)           2.130    -3.669    pll_inst/inst/clk_out2_pll
    BUFGCTRL_X0Y0        BUFG (Prop_bufg_I_O)         0.093    -3.576 r  pll_inst/inst/clkout2_buf/O
                         net (fo=33272, routed)       1.533    -2.043    student_top_inst/Core_cpu/u_core/u_backend/clk
    SLICE_X56Y301        FDRE                                         r  student_top_inst/Core_cpu/u_core/u_backend/complete_prd_reg[1][0]/C
  -------------------------------------------------------------------    -------------------
    SLICE_X56Y301        FDRE (Prop_fdre_C_Q)         0.259    -1.784 r  student_top_inst/Core_cpu/u_core/u_backend/complete_prd_reg[1][0]/Q
                         net (fo=93, routed)          1.121    -0.664    student_top_inst/Core_cpu/u_core/u_backend/u_mem_iq/wakeup_phy_i[1][0]
    SLICE_X71Y287        LUT6 (Prop_lut6_I4_O)        0.043    -0.621 f  student_top_inst/Core_cpu/u_core/u_backend/u_mem_iq/issue_slot_o[2]_INST_0_i_63/O
                         net (fo=1, routed)           0.355    -0.266    student_top_inst/Core_cpu/u_core/u_backend/u_mem_iq/issue_slot_o[2]_INST_0_i_63_n_0
    SLICE_X71Y287        LUT6 (Prop_lut6_I4_O)        0.043    -0.223 r  student_top_inst/Core_cpu/u_core/u_backend/u_mem_iq/issue_slot_o[2]_INST_0_i_25/O
                         net (fo=2, routed)           0.472     0.249    student_top_inst/Core_cpu/u_core/u_backend/u_mem_iq/issue_slot_o[2]_INST_0_i_25_n_0
    SLICE_X72Y275        LUT5 (Prop_lut5_I4_O)        0.043     0.292 r  student_top_inst/Core_cpu/u_core/u_backend/u_mem_iq/issue_slot_o[2]_INST_0_i_11/O
                         net (fo=3, routed)           0.487     0.780    student_top_inst/Core_cpu/u_core/u_backend/u_mem_iq/issue_slot_o[2]_INST_0_i_11_n_0
    SLICE_X73Y263        LUT6 (Prop_lut6_I5_O)        0.043     0.823 f  student_top_inst/Core_cpu/u_core/u_backend/u_mem_iq/issue_slot_o[2]_INST_0_i_3/O
                         net (fo=6, routed)           0.568     1.391    student_top_inst/Core_cpu/u_core/u_backend/u_mem_iq/issue_slot_o[2]_INST_0_i_3_n_0
    SLICE_X72Y259        LUT5 (Prop_lut5_I3_O)        0.043     1.434 f  student_top_inst/Core_cpu/u_core/u_backend/u_mem_iq/issue_age_o[0]_INST_0_i_5/O
                         net (fo=4, routed)           0.326     1.760    student_top_inst/Core_cpu/u_core/u_backend/u_mem_iq/issue_age_o[0]_INST_0_i_5_n_0
    SLICE_X72Y258        LUT4 (Prop_lut4_I0_O)        0.043     1.803 r  student_top_inst/Core_cpu/u_core/u_backend/u_mem_iq/issue_uop_o[0][uop][is_jalr]_INST_0_i_7/O
                         net (fo=17, routed)          0.489     2.292    student_top_inst/Core_cpu/u_core/u_backend/u_mem_iq/issue_uop_o[0][uop][is_jalr]_INST_0_i_7_n_0
    SLICE_X69Y259        LUT6 (Prop_lut6_I1_O)        0.043     2.335 r  student_top_inst/Core_cpu/u_core/u_backend/u_mem_iq/issue_uop_o[0][prs2][2]_INST_0_i_4/O
                         net (fo=1, routed)           0.265     2.600    student_top_inst/Core_cpu/u_core/u_backend/u_mem_iq/issue_uop_o[0][prs2][2]_INST_0_i_4_n_0
    SLICE_X68Y259        LUT6 (Prop_lut6_I5_O)        0.043     2.643 f  student_top_inst/Core_cpu/u_core/u_backend/u_mem_iq/issue_uop_o[0][prs2][2]_INST_0_i_3/O
                         net (fo=1, routed)           0.334     2.977    student_top_inst/Core_cpu/u_core/u_backend/u_mem_iq/issue_uop_o[0][prs2][2]_INST_0_i_3_n_0
    SLICE_X68Y259        LUT5 (Prop_lut5_I4_O)        0.043     3.020 r  student_top_inst/Core_cpu/u_core/u_backend/u_mem_iq/issue_uop_o[0][prs2][2]_INST_0_i_2/O
                         net (fo=1, routed)           0.335     3.355    student_top_inst/Core_cpu/u_core/u_backend/u_mem_iq/issue_uop_o[0][prs2][2]_INST_0_i_2_n_0
    SLICE_X66Y257        LUT6 (Prop_lut6_I2_O)        0.043     3.398 r  student_top_inst/Core_cpu/u_core/u_backend/u_mem_iq/issue_uop_o[0][prs2][2]_INST_0_i_1/O
                         net (fo=1, routed)           0.190     3.588    student_top_inst/Core_cpu/u_core/u_backend/u_mem_iq/issue_uop_o[0][prs2][2]_INST_0_i_1_n_0
    SLICE_X64Y257        LUT6 (Prop_lut6_I2_O)        0.043     3.631 r  student_top_inst/Core_cpu/u_core/u_backend/u_mem_iq/issue_uop_o[0][prs2][2]_INST_0/O
                         net (fo=128, routed)         0.699     4.330    student_top_inst/Core_cpu/u_core/u_backend/u_execute/u_prf/raddr_i[5][2]
    SLICE_X48Y260        MUXF8 (Prop_muxf8_S_O)       0.141     4.471 r  student_top_inst/Core_cpu/u_core/u_backend/u_execute/u_prf/rdata_o[5][2]_INST_0_i_1/O
                         net (fo=1, routed)           0.753     5.225    student_top_inst/Core_cpu/u_core/u_backend/u_execute/u_prf/rdata_o[5][2]_INST_0_i_1_n_0
    SLICE_X50Y249        LUT6 (Prop_lut6_I0_O)        0.126     5.351 r  student_top_inst/Core_cpu/u_core/u_backend/u_execute/u_prf/rdata_o[5][2]_INST_0/O
                         net (fo=5, routed)           0.411     5.761    student_top_inst/Core_cpu/u_core/u_backend/u_execute/prf_rdata[5][2]
    SLICE_X50Y245        LUT4 (Prop_lut4_I0_O)        0.043     5.804 r  student_top_inst/Core_cpu/u_core/u_backend/u_execute/complete_result_o[2][2]_INST_0_i_27/O
                         net (fo=1, routed)           0.294     6.099    student_top_inst/Core_cpu/u_core/u_backend/u_execute/complete_result_o[2][2]_INST_0_i_27_n_0
    SLICE_X50Y241        LUT6 (Prop_lut6_I0_O)        0.043     6.142 r  student_top_inst/Core_cpu/u_core/u_backend/u_execute/complete_result_o[2][2]_INST_0_i_19/O
                         net (fo=120, routed)         0.610     6.752    student_top_inst/Core_cpu/u_core/u_backend/u_execute/complete_result_o[2][2]_INST_0_i_19_n_0
    SLICE_X52Y243        LUT4 (Prop_lut4_I2_O)        0.043     6.795 r  student_top_inst/Core_cpu/u_core/u_backend/u_execute/complete_result_o[2][0]_INST_0_i_74/O
                         net (fo=1, routed)           0.000     6.795    student_top_inst/Core_cpu/u_core/u_backend/u_execute/complete_result_o[2][0]_INST_0_i_74_n_0
    SLICE_X52Y243        CARRY4 (Prop_carry4_S[1]_CO[3])
                                                      0.256     7.051 r  student_top_inst/Core_cpu/u_core/u_backend/u_execute/complete_result_o[2][0]_INST_0_i_52/CO[3]
                         net (fo=1, routed)           0.000     7.051    student_top_inst/Core_cpu/u_core/u_backend/u_execute/complete_result_o[2][0]_INST_0_i_52_n_0
    SLICE_X52Y244        CARRY4 (Prop_carry4_CI_CO[3])
                                                      0.054     7.105 r  student_top_inst/Core_cpu/u_core/u_backend/u_execute/complete_result_o[2][0]_INST_0_i_35/CO[3]
                         net (fo=1, routed)           0.000     7.105    student_top_inst/Core_cpu/u_core/u_backend/u_execute/complete_result_o[2][0]_INST_0_i_35_n_0
    SLICE_X52Y245        CARRY4 (Prop_carry4_CI_CO[3])
                                                      0.054     7.159 r  student_top_inst/Core_cpu/u_core/u_backend/u_execute/complete_result_o[2][0]_INST_0_i_18/CO[3]
                         net (fo=1, routed)           0.000     7.159    student_top_inst/Core_cpu/u_core/u_backend/u_execute/complete_result_o[2][0]_INST_0_i_18_n_0
    SLICE_X52Y246        CARRY4 (Prop_carry4_CI_CO[3])
                                                      0.054     7.213 f  student_top_inst/Core_cpu/u_core/u_backend/u_execute/complete_result_o[2][0]_INST_0_i_15/CO[3]
                         net (fo=1, routed)           0.327     7.540    student_top_inst/Core_cpu/u_core/u_backend/u_execute/data3
    SLICE_X52Y247        LUT2 (Prop_lut2_I1_O)        0.043     7.583 f  student_top_inst/Core_cpu/u_core/u_backend/u_execute/complete_result_o[2][0]_INST_0_i_11/O
                         net (fo=2, routed)           0.202     7.784    student_top_inst/Core_cpu/u_core/u_backend/u_execute/complete_result_o[2][0]_INST_0_i_11_n_0
    SLICE_X52Y247        LUT6 (Prop_lut6_I2_O)        0.043     7.827 r  student_top_inst/Core_cpu/u_core/u_backend/u_execute/complete_exception_o[2]_INST_0_i_11/O
                         net (fo=1, routed)           0.106     7.933    student_top_inst/Core_cpu/u_core/u_backend/u_execute/complete_exception_o[2]_INST_0_i_11_n_0
    SLICE_X52Y247        LUT6 (Prop_lut6_I3_O)        0.043     7.976 r  student_top_inst/Core_cpu/u_core/u_backend/u_execute/complete_exception_o[2]_INST_0_i_7/O
                         net (fo=1, routed)           0.339     8.315    student_top_inst/Core_cpu/u_core/u_backend/u_execute/complete_exception_o[2]_INST_0_i_7_n_0
    SLICE_X53Y247        LUT4 (Prop_lut4_I3_O)        0.043     8.358 r  student_top_inst/Core_cpu/u_core/u_backend/u_execute/complete_exception_o[2]_INST_0_i_4/O
                         net (fo=1, routed)           0.263     8.621    student_top_inst/Core_cpu/u_core/u_backend/u_execute/complete_exception_o[2]_INST_0_i_4_n_0
    SLICE_X54Y247        LUT4 (Prop_lut4_I1_O)        0.043     8.664 r  student_top_inst/Core_cpu/u_core/u_backend/u_execute/complete_exception_o[2]_INST_0_i_2/O
                         net (fo=3, routed)           0.205     8.870    student_top_inst/Core_cpu/u_core/u_backend/u_execute/complete_exception_o[2]_INST_0_i_2_n_0
    SLICE_X54Y249        LUT5 (Prop_lut5_I0_O)        0.043     8.913 f  student_top_inst/Core_cpu/u_core/u_backend/u_execute/complete_exception_o[2]_INST_0_i_1/O
                         net (fo=5, routed)           0.300     9.212    student_top_inst/Core_cpu/u_core/u_backend/u_execute/complete_exception_o[2]_INST_0_i_1_n_0
    SLICE_X56Y252        LUT6 (Prop_lut6_I4_O)        0.043     9.255 r  student_top_inst/Core_cpu/u_core/u_backend/u_execute/u_prf_i_2/O
                         net (fo=50, routed)          0.383     9.639    student_top_inst/Core_cpu/u_core/u_backend/u_execute/u_prf/we_i[2]
    SLICE_X54Y251        LUT2 (Prop_lut2_I1_O)        0.043     9.682 r  student_top_inst/Core_cpu/u_core/u_backend/u_execute/u_prf/regs_q[40][30]_i_3/O
                         net (fo=114, routed)         0.373    10.055    student_top_inst/Core_cpu/u_core/u_backend/u_execute/u_prf/regs_q[40][30]_i_3_n_0
    SLICE_X58Y256        LUT3 (Prop_lut3_I0_O)        0.043    10.098 f  student_top_inst/Core_cpu/u_core/u_backend/u_execute/u_prf/regs_q[14][31]_i_7/O
                         net (fo=36, routed)          0.650    10.747    student_top_inst/Core_cpu/u_core/u_backend/u_execute/u_prf/regs_q[14][31]_i_7_n_0
    SLICE_X60Y271        LUT5 (Prop_lut5_I0_O)        0.043    10.790 f  student_top_inst/Core_cpu/u_core/u_backend/u_execute/u_prf/regs_q[8][31]_i_3/O
                         net (fo=33, routed)          0.536    11.326    student_top_inst/Core_cpu/u_core/u_backend/u_execute/u_prf/regs_q[8][31]_i_3_n_0
    SLICE_X62Y274        LUT6 (Prop_lut6_I0_O)        0.043    11.369 r  student_top_inst/Core_cpu/u_core/u_backend/u_execute/u_prf/regs_q[8][31]_i_1/O
                         net (fo=32, routed)          0.454    11.823    student_top_inst/Core_cpu/u_core/u_backend/u_execute/u_prf/regs_q[8][31]_i_1_n_0
    SLICE_X64Y272        FDRE                                         r  student_top_inst/Core_cpu/u_core/u_backend/u_execute/u_prf/regs_q_reg[8][20]/CE
  -------------------------------------------------------------------    -------------------

                         (clock clk_out2_pll rise edge)
                                                     10.000    10.000 r  
    AD12                                              0.000    10.000 r  i_sys_clk_p (IN)
                         net (fo=0)                   0.000    10.000    pll_inst/inst/clk_in1_p
    AD12                 IBUFDS (Prop_ibufds_I_O)     0.803    10.803 r  pll_inst/inst/clkin1_ibufgds/O
                         net (fo=1, routed)           0.986    11.789    pll_inst/inst/clk_in1_pll
    MMCME2_ADV_X1Y1      MMCME2_ADV (Prop_mmcme2_adv_CLKIN1_CLKOUT1)
                                                     -6.759     5.030 r  pll_inst/inst/mmcm_adv_inst/CLKOUT1
                         net (fo=1, routed)           2.005     7.035    pll_inst/inst/clk_out2_pll
    BUFGCTRL_X0Y0        BUFG (Prop_bufg_I_O)         0.083     7.118 r  pll_inst/inst/clkout2_buf/O
                         net (fo=33272, routed)       1.191     8.309    student_top_inst/Core_cpu/u_core/u_backend/u_execute/u_prf/clk
    SLICE_X64Y272        FDRE                                         r  student_top_inst/Core_cpu/u_core/u_backend/u_execute/u_prf/regs_q_reg[8][20]/C
                         clock pessimism             -0.652     7.658    
                         clock uncertainty           -0.066     7.591    
    SLICE_X64Y272        FDRE (Setup_fdre_C_CE)      -0.201     7.390    student_top_inst/Core_cpu/u_core/u_backend/u_execute/u_prf/regs_q_reg[8][20]
  -------------------------------------------------------------------
                         required time                          7.390    
                         arrival time                         -11.823    
  -------------------------------------------------------------------
                         slack                                 -4.433    

Slack (VIOLATED) :        -4.433ns  (required time - arrival time)
  Source:                 student_top_inst/Core_cpu/u_core/u_backend/complete_prd_reg[1][0]/C
                            (rising edge-triggered cell FDRE clocked by clk_out2_pll  {rise@0.000ns fall@5.000ns period=10.000ns})
  Destination:            student_top_inst/Core_cpu/u_core/u_backend/u_execute/u_prf/regs_q_reg[8][3]/CE
                            (rising edge-triggered cell FDRE clocked by clk_out2_pll  {rise@0.000ns fall@5.000ns period=10.000ns})
  Path Group:             clk_out2_pll
  Path Type:              Setup (Max at Slow Process Corner)
  Requirement:            10.000ns  (clk_out2_pll rise@10.000ns - clk_out2_pll rise@0.000ns)
  Data Path Delay:        13.866ns  (logic 2.019ns (14.561%)  route 11.847ns (85.439%))
  Logic Levels:           31  (CARRY4=4 LUT2=2 LUT3=1 LUT4=5 LUT5=5 LUT6=13 MUXF8=1)
  Clock Path Skew:        -0.299ns (DCD - SCD + CPR)
    Destination Clock Delay (DCD):    -1.691ns = ( 8.309 - 10.000 ) 
    Source Clock Delay      (SCD):    -2.043ns
    Clock Pessimism Removal (CPR):    -0.652ns
  Clock Uncertainty:      0.066ns  ((TSJ^2 + DJ^2)^1/2) / 2 + PE
    Total System Jitter     (TSJ):    0.071ns
    Discrete Jitter          (DJ):    0.112ns
    Phase Error              (PE):    0.000ns

    Location             Delay type                Incr(ns)  Path(ns)    Netlist Resource(s)
  -------------------------------------------------------------------    -------------------
                         (clock clk_out2_pll rise edge)
                                                      0.000     0.000 r  
    AD12                                              0.000     0.000 r  i_sys_clk_p (IN)
                         net (fo=0)                   0.000     0.000    pll_inst/inst/clk_in1_p
    AD12                 IBUFDS (Prop_ibufds_I_O)     0.906     0.906 r  pll_inst/inst/clkin1_ibufgds/O
                         net (fo=1, routed)           1.081     1.987    pll_inst/inst/clk_in1_pll
    MMCME2_ADV_X1Y1      MMCME2_ADV (Prop_mmcme2_adv_CLKIN1_CLKOUT1)
                                                     -7.786    -5.799 r  pll_inst/inst/mmcm_adv_inst/CLKOUT1
                         net (fo=1, routed)           2.130    -3.669    pll_inst/inst/clk_out2_pll
    BUFGCTRL_X0Y0        BUFG (Prop_bufg_I_O)         0.093    -3.576 r  pll_inst/inst/clkout2_buf/O
                         net (fo=33272, routed)       1.533    -2.043    student_top_inst/Core_cpu/u_core/u_backend/clk
    SLICE_X56Y301        FDRE                                         r  student_top_inst/Core_cpu/u_core/u_backend/complete_prd_reg[1][0]/C
  -------------------------------------------------------------------    -------------------
    SLICE_X56Y301        FDRE (Prop_fdre_C_Q)         0.259    -1.784 r  student_top_inst/Core_cpu/u_core/u_backend/complete_prd_reg[1][0]/Q
                         net (fo=93, routed)          1.121    -0.664    student_top_inst/Core_cpu/u_core/u_backend/u_mem_iq/wakeup_phy_i[1][0]
    SLICE_X71Y287        LUT6 (Prop_lut6_I4_O)        0.043    -0.621 f  student_top_inst/Core_cpu/u_core/u_backend/u_mem_iq/issue_slot_o[2]_INST_0_i_63/O
                         net (fo=1, routed)           0.355    -0.266    student_top_inst/Core_cpu/u_core/u_backend/u_mem_iq/issue_slot_o[2]_INST_0_i_63_n_0
    SLICE_X71Y287        LUT6 (Prop_lut6_I4_O)        0.043    -0.223 r  student_top_inst/Core_cpu/u_core/u_backend/u_mem_iq/issue_slot_o[2]_INST_0_i_25/O
                         net (fo=2, routed)           0.472     0.249    student_top_inst/Core_cpu/u_core/u_backend/u_mem_iq/issue_slot_o[2]_INST_0_i_25_n_0
    SLICE_X72Y275        LUT5 (Prop_lut5_I4_O)        0.043     0.292 r  student_top_inst/Core_cpu/u_core/u_backend/u_mem_iq/issue_slot_o[2]_INST_0_i_11/O
                         net (fo=3, routed)           0.487     0.780    student_top_inst/Core_cpu/u_core/u_backend/u_mem_iq/issue_slot_o[2]_INST_0_i_11_n_0
    SLICE_X73Y263        LUT6 (Prop_lut6_I5_O)        0.043     0.823 f  student_top_inst/Core_cpu/u_core/u_backend/u_mem_iq/issue_slot_o[2]_INST_0_i_3/O
                         net (fo=6, routed)           0.568     1.391    student_top_inst/Core_cpu/u_core/u_backend/u_mem_iq/issue_slot_o[2]_INST_0_i_3_n_0
    SLICE_X72Y259        LUT5 (Prop_lut5_I3_O)        0.043     1.434 f  student_top_inst/Core_cpu/u_core/u_backend/u_mem_iq/issue_age_o[0]_INST_0_i_5/O
                         net (fo=4, routed)           0.326     1.760    student_top_inst/Core_cpu/u_core/u_backend/u_mem_iq/issue_age_o[0]_INST_0_i_5_n_0
    SLICE_X72Y258        LUT4 (Prop_lut4_I0_O)        0.043     1.803 r  student_top_inst/Core_cpu/u_core/u_backend/u_mem_iq/issue_uop_o[0][uop][is_jalr]_INST_0_i_7/O
                         net (fo=17, routed)          0.489     2.292    student_top_inst/Core_cpu/u_core/u_backend/u_mem_iq/issue_uop_o[0][uop][is_jalr]_INST_0_i_7_n_0
    SLICE_X69Y259        LUT6 (Prop_lut6_I1_O)        0.043     2.335 r  student_top_inst/Core_cpu/u_core/u_backend/u_mem_iq/issue_uop_o[0][prs2][2]_INST_0_i_4/O
                         net (fo=1, routed)           0.265     2.600    student_top_inst/Core_cpu/u_core/u_backend/u_mem_iq/issue_uop_o[0][prs2][2]_INST_0_i_4_n_0
    SLICE_X68Y259        LUT6 (Prop_lut6_I5_O)        0.043     2.643 f  student_top_inst/Core_cpu/u_core/u_backend/u_mem_iq/issue_uop_o[0][prs2][2]_INST_0_i_3/O
                         net (fo=1, routed)           0.334     2.977    student_top_inst/Core_cpu/u_core/u_backend/u_mem_iq/issue_uop_o[0][prs2][2]_INST_0_i_3_n_0
    SLICE_X68Y259        LUT5 (Prop_lut5_I4_O)        0.043     3.020 r  student_top_inst/Core_cpu/u_core/u_backend/u_mem_iq/issue_uop_o[0][prs2][2]_INST_0_i_2/O
                         net (fo=1, routed)           0.335     3.355    student_top_inst/Core_cpu/u_core/u_backend/u_mem_iq/issue_uop_o[0][prs2][2]_INST_0_i_2_n_0
    SLICE_X66Y257        LUT6 (Prop_lut6_I2_O)        0.043     3.398 r  student_top_inst/Core_cpu/u_core/u_backend/u_mem_iq/issue_uop_o[0][prs2][2]_INST_0_i_1/O
                         net (fo=1, routed)           0.190     3.588    student_top_inst/Core_cpu/u_core/u_backend/u_mem_iq/issue_uop_o[0][prs2][2]_INST_0_i_1_n_0
    SLICE_X64Y257        LUT6 (Prop_lut6_I2_O)        0.043     3.631 r  student_top_inst/Core_cpu/u_core/u_backend/u_mem_iq/issue_uop_o[0][prs2][2]_INST_0/O
                         net (fo=128, routed)         0.699     4.330    student_top_inst/Core_cpu/u_core/u_backend/u_execute/u_prf/raddr_i[5][2]
    SLICE_X48Y260        MUXF8 (Prop_muxf8_S_O)       0.141     4.471 r  student_top_inst/Core_cpu/u_core/u_backend/u_execute/u_prf/rdata_o[5][2]_INST_0_i_1/O
                         net (fo=1, routed)           0.753     5.225    student_top_inst/Core_cpu/u_core/u_backend/u_execute/u_prf/rdata_o[5][2]_INST_0_i_1_n_0
    SLICE_X50Y249        LUT6 (Prop_lut6_I0_O)        0.126     5.351 r  student_top_inst/Core_cpu/u_core/u_backend/u_execute/u_prf/rdata_o[5][2]_INST_0/O
                         net (fo=5, routed)           0.411     5.761    student_top_inst/Core_cpu/u_core/u_backend/u_execute/prf_rdata[5][2]
    SLICE_X50Y245        LUT4 (Prop_lut4_I0_O)        0.043     5.804 r  student_top_inst/Core_cpu/u_core/u_backend/u_execute/complete_result_o[2][2]_INST_0_i_27/O
                         net (fo=1, routed)           0.294     6.099    student_top_inst/Core_cpu/u_core/u_backend/u_execute/complete_result_o[2][2]_INST_0_i_27_n_0
    SLICE_X50Y241        LUT6 (Prop_lut6_I0_O)        0.043     6.142 r  student_top_inst/Core_cpu/u_core/u_backend/u_execute/complete_result_o[2][2]_INST_0_i_19/O
                         net (fo=120, routed)         0.610     6.752    student_top_inst/Core_cpu/u_core/u_backend/u_execute/complete_result_o[2][2]_INST_0_i_19_n_0
    SLICE_X52Y243        LUT4 (Prop_lut4_I2_O)        0.043     6.795 r  student_top_inst/Core_cpu/u_core/u_backend/u_execute/complete_result_o[2][0]_INST_0_i_74/O
                         net (fo=1, routed)           0.000     6.795    student_top_inst/Core_cpu/u_core/u_backend/u_execute/complete_result_o[2][0]_INST_0_i_74_n_0
    SLICE_X52Y243        CARRY4 (Prop_carry4_S[1]_CO[3])
                                                      0.256     7.051 r  student_top_inst/Core_cpu/u_core/u_backend/u_execute/complete_result_o[2][0]_INST_0_i_52/CO[3]
                         net (fo=1, routed)           0.000     7.051    student_top_inst/Core_cpu/u_core/u_backend/u_execute/complete_result_o[2][0]_INST_0_i_52_n_0
    SLICE_X52Y244        CARRY4 (Prop_carry4_CI_CO[3])
                                                      0.054     7.105 r  student_top_inst/Core_cpu/u_core/u_backend/u_execute/complete_result_o[2][0]_INST_0_i_35/CO[3]
                         net (fo=1, routed)           0.000     7.105    student_top_inst/Core_cpu/u_core/u_backend/u_execute/complete_result_o[2][0]_INST_0_i_35_n_0
    SLICE_X52Y245        CARRY4 (Prop_carry4_CI_CO[3])
                                                      0.054     7.159 r  student_top_inst/Core_cpu/u_core/u_backend/u_execute/complete_result_o[2][0]_INST_0_i_18/CO[3]
                         net (fo=1, routed)           0.000     7.159    student_top_inst/Core_cpu/u_core/u_backend/u_execute/complete_result_o[2][0]_INST_0_i_18_n_0
    SLICE_X52Y246        CARRY4 (Prop_carry4_CI_CO[3])
                                                      0.054     7.213 f  student_top_inst/Core_cpu/u_core/u_backend/u_execute/complete_result_o[2][0]_INST_0_i_15/CO[3]
                         net (fo=1, routed)           0.327     7.540    student_top_inst/Core_cpu/u_core/u_backend/u_execute/data3
    SLICE_X52Y247        LUT2 (Prop_lut2_I1_O)        0.043     7.583 f  student_top_inst/Core_cpu/u_core/u_backend/u_execute/complete_result_o[2][0]_INST_0_i_11/O
                         net (fo=2, routed)           0.202     7.784    student_top_inst/Core_cpu/u_core/u_backend/u_execute/complete_result_o[2][0]_INST_0_i_11_n_0
    SLICE_X52Y247        LUT6 (Prop_lut6_I2_O)        0.043     7.827 r  student_top_inst/Core_cpu/u_core/u_backend/u_execute/complete_exception_o[2]_INST_0_i_11/O
                         net (fo=1, routed)           0.106     7.933    student_top_inst/Core_cpu/u_core/u_backend/u_execute/complete_exception_o[2]_INST_0_i_11_n_0
    SLICE_X52Y247        LUT6 (Prop_lut6_I3_O)        0.043     7.976 r  student_top_inst/Core_cpu/u_core/u_backend/u_execute/complete_exception_o[2]_INST_0_i_7/O
                         net (fo=1, routed)           0.339     8.315    student_top_inst/Core_cpu/u_core/u_backend/u_execute/complete_exception_o[2]_INST_0_i_7_n_0
    SLICE_X53Y247        LUT4 (Prop_lut4_I3_O)        0.043     8.358 r  student_top_inst/Core_cpu/u_core/u_backend/u_execute/complete_exception_o[2]_INST_0_i_4/O
                         net (fo=1, routed)           0.263     8.621    student_top_inst/Core_cpu/u_core/u_backend/u_execute/complete_exception_o[2]_INST_0_i_4_n_0
    SLICE_X54Y247        LUT4 (Prop_lut4_I1_O)        0.043     8.664 r  student_top_inst/Core_cpu/u_core/u_backend/u_execute/complete_exception_o[2]_INST_0_i_2/O
                         net (fo=3, routed)           0.205     8.870    student_top_inst/Core_cpu/u_core/u_backend/u_execute/complete_exception_o[2]_INST_0_i_2_n_0
    SLICE_X54Y249        LUT5 (Prop_lut5_I0_O)        0.043     8.913 f  student_top_inst/Core_cpu/u_core/u_backend/u_execute/complete_exception_o[2]_INST_0_i_1/O
                         net (fo=5, routed)           0.300     9.212    student_top_inst/Core_cpu/u_core/u_backend/u_execute/complete_exception_o[2]_INST_0_i_1_n_0
    SLICE_X56Y252        LUT6 (Prop_lut6_I4_O)        0.043     9.255 r  student_top_inst/Core_cpu/u_core/u_backend/u_execute/u_prf_i_2/O
                         net (fo=50, routed)          0.383     9.639    student_top_inst/Core_cpu/u_core/u_backend/u_execute/u_prf/we_i[2]
    SLICE_X54Y251        LUT2 (Prop_lut2_I1_O)        0.043     9.682 r  student_top_inst/Core_cpu/u_core/u_backend/u_execute/u_prf/regs_q[40][30]_i_3/O
                         net (fo=114, routed)         0.373    10.055    student_top_inst/Core_cpu/u_core/u_backend/u_execute/u_prf/regs_q[40][30]_i_3_n_0
    SLICE_X58Y256        LUT3 (Prop_lut3_I0_O)        0.043    10.098 f  student_top_inst/Core_cpu/u_core/u_backend/u_execute/u_prf/regs_q[14][31]_i_7/O
                         net (fo=36, routed)          0.650    10.747    student_top_inst/Core_cpu/u_core/u_backend/u_execute/u_prf/regs_q[14][31]_i_7_n_0
    SLICE_X60Y271        LUT5 (Prop_lut5_I0_O)        0.043    10.790 f  student_top_inst/Core_cpu/u_core/u_backend/u_execute/u_prf/regs_q[8][31]_i_3/O
                         net (fo=33, routed)          0.536    11.326    student_top_inst/Core_cpu/u_core/u_backend/u_execute/u_prf/regs_q[8][31]_i_3_n_0
    SLICE_X62Y274        LUT6 (Prop_lut6_I0_O)        0.043    11.369 r  student_top_inst/Core_cpu/u_core/u_backend/u_execute/u_prf/regs_q[8][31]_i_1/O
                         net (fo=32, routed)          0.454    11.823    student_top_inst/Core_cpu/u_core/u_backend/u_execute/u_prf/regs_q[8][31]_i_1_n_0
    SLICE_X64Y272        FDRE                                         r  student_top_inst/Core_cpu/u_core/u_backend/u_execute/u_prf/regs_q_reg[8][3]/CE
  -------------------------------------------------------------------    -------------------

                         (clock clk_out2_pll rise edge)
                                                     10.000    10.000 r  
    AD12                                              0.000    10.000 r  i_sys_clk_p (IN)
                         net (fo=0)                   0.000    10.000    pll_inst/inst/clk_in1_p
    AD12                 IBUFDS (Prop_ibufds_I_O)     0.803    10.803 r  pll_inst/inst/clkin1_ibufgds/O
                         net (fo=1, routed)           0.986    11.789    pll_inst/inst/clk_in1_pll
    MMCME2_ADV_X1Y1      MMCME2_ADV (Prop_mmcme2_adv_CLKIN1_CLKOUT1)
                                                     -6.759     5.030 r  pll_inst/inst/mmcm_adv_inst/CLKOUT1
                         net (fo=1, routed)           2.005     7.035    pll_inst/inst/clk_out2_pll
    BUFGCTRL_X0Y0        BUFG (Prop_bufg_I_O)         0.083     7.118 r  pll_inst/inst/clkout2_buf/O
                         net (fo=33272, routed)       1.191     8.309    student_top_inst/Core_cpu/u_core/u_backend/u_execute/u_prf/clk
    SLICE_X64Y272        FDRE                                         r  student_top_inst/Core_cpu/u_core/u_backend/u_execute/u_prf/regs_q_reg[8][3]/C
                         clock pessimism             -0.652     7.658    
                         clock uncertainty           -0.066     7.591    
    SLICE_X64Y272        FDRE (Setup_fdre_C_CE)      -0.201     7.390    student_top_inst/Core_cpu/u_core/u_backend/u_execute/u_prf/regs_q_reg[8][3]
  -------------------------------------------------------------------
                         required time                          7.390    
                         arrival time                         -11.823    
  -------------------------------------------------------------------
                         slack                                 -4.433    

Slack (VIOLATED) :        -4.432ns  (required time - arrival time)
  Source:                 student_top_inst/Core_cpu/u_core/u_backend/u_rename/srat_q_reg[15][0]/C
                            (rising edge-triggered cell FDPE clocked by clk_out2_pll  {rise@0.000ns fall@5.000ns period=10.000ns})
  Destination:            student_top_inst/Core_cpu/u_core/u_backend/u_int_iq/u_queue/entry_q_reg[0][uop][imm_j][25]/S
                            (rising edge-triggered cell FDSE clocked by clk_out2_pll  {rise@0.000ns fall@5.000ns period=10.000ns})
  Path Group:             clk_out2_pll
  Path Type:              Setup (Max at Slow Process Corner)
  Requirement:            10.000ns  (clk_out2_pll rise@10.000ns - clk_out2_pll rise@0.000ns)
  Data Path Delay:        13.972ns  (logic 1.470ns (10.521%)  route 12.502ns (89.479%))
  Logic Levels:           29  (LUT2=2 LUT3=3 LUT4=3 LUT5=6 LUT6=15)
  Clock Path Skew:        -0.090ns (DCD - SCD + CPR)
    Destination Clock Delay (DCD):    -1.489ns = ( 8.511 - 10.000 ) 
    Source Clock Delay      (SCD):    -2.020ns
    Clock Pessimism Removal (CPR):    -0.622ns
  Clock Uncertainty:      0.066ns  ((TSJ^2 + DJ^2)^1/2) / 2 + PE
    Total System Jitter     (TSJ):    0.071ns
    Discrete Jitter          (DJ):    0.112ns
    Phase Error              (PE):    0.000ns

    Location             Delay type                Incr(ns)  Path(ns)    Netlist Resource(s)
  -------------------------------------------------------------------    -------------------
                         (clock clk_out2_pll rise edge)
                                                      0.000     0.000 r  
    AD12                                              0.000     0.000 r  i_sys_clk_p (IN)
                         net (fo=0)                   0.000     0.000    pll_inst/inst/clk_in1_p
    AD12                 IBUFDS (Prop_ibufds_I_O)     0.906     0.906 r  pll_inst/inst/clkin1_ibufgds/O
                         net (fo=1, routed)           1.081     1.987    pll_inst/inst/clk_in1_pll
    MMCME2_ADV_X1Y1      MMCME2_ADV (Prop_mmcme2_adv_CLKIN1_CLKOUT1)
                                                     -7.786    -5.799 r  pll_inst/inst/mmcm_adv_inst/CLKOUT1
                         net (fo=1, routed)           2.130    -3.669    pll_inst/inst/clk_out2_pll
    BUFGCTRL_X0Y0        BUFG (Prop_bufg_I_O)         0.093    -3.576 r  pll_inst/inst/clkout2_buf/O
                         net (fo=33272, routed)       1.556    -2.020    student_top_inst/Core_cpu/u_core/u_backend/u_rename/clk
    SLICE_X109Y343       FDPE                                         r  student_top_inst/Core_cpu/u_core/u_backend/u_rename/srat_q_reg[15][0]/C
  -------------------------------------------------------------------    -------------------
    SLICE_X109Y343       FDPE (Prop_fdpe_C_Q)         0.223    -1.797 r  student_top_inst/Core_cpu/u_core/u_backend/u_rename/srat_q_reg[15][0]/Q
                         net (fo=28, routed)          0.442    -1.356    student_top_inst/Core_cpu/u_core/u_backend/u_free_list/live_map_i[15][0]
    SLICE_X108Y345       LUT3 (Prop_lut3_I2_O)        0.043    -1.313 f  student_top_inst/Core_cpu/u_core/u_backend/u_free_list/alloc_valid_o[1]_INST_0_i_96/O
                         net (fo=7, routed)           0.838    -0.475    student_top_inst/Core_cpu/u_core/u_backend/u_free_list/alloc_valid_o[1]_INST_0_i_96_n_0
    SLICE_X94Y337        LUT6 (Prop_lut6_I3_O)        0.043    -0.432 f  student_top_inst/Core_cpu/u_core/u_backend/u_free_list/alloc_phy_o[1][2]_INST_0_i_84/O
                         net (fo=1, routed)           0.503     0.071    student_top_inst/Core_cpu/u_core/u_backend/u_free_list/alloc_phy_o[1][2]_INST_0_i_84_n_0
    SLICE_X98Y335        LUT5 (Prop_lut5_I4_O)        0.043     0.114 f  student_top_inst/Core_cpu/u_core/u_backend/u_free_list/alloc_phy_o[1][2]_INST_0_i_42/O
                         net (fo=2, routed)           0.435     0.549    student_top_inst/Core_cpu/u_core/u_backend/u_free_list/alloc_phy_o[1][2]_INST_0_i_42_n_0
    SLICE_X94Y332        LUT6 (Prop_lut6_I3_O)        0.043     0.592 r  student_top_inst/Core_cpu/u_core/u_backend/u_free_list/alloc_phy_o[0][3]_INST_0_i_23/O
                         net (fo=1, routed)           0.545     1.137    student_top_inst/Core_cpu/u_core/u_backend/u_free_list/alloc_phy_o[0][3]_INST_0_i_23_n_0
    SLICE_X101Y331       LUT6 (Prop_lut6_I0_O)        0.043     1.180 r  student_top_inst/Core_cpu/u_core/u_backend/u_free_list/alloc_phy_o[0][3]_INST_0_i_16/O
                         net (fo=10, routed)          0.493     1.673    student_top_inst/Core_cpu/u_core/u_backend/u_free_list/alloc_phy_o[0][3]_INST_0_i_16_n_0
    SLICE_X104Y331       LUT6 (Prop_lut6_I2_O)        0.043     1.716 r  student_top_inst/Core_cpu/u_core/u_backend/u_free_list/alloc_phy_o[0][4]_INST_0_i_8/O
                         net (fo=6, routed)           0.407     2.123    student_top_inst/Core_cpu/u_core/u_backend/u_free_list/alloc_phy_o[0][4]_INST_0_i_8_n_0
    SLICE_X108Y334       LUT6 (Prop_lut6_I2_O)        0.043     2.166 f  student_top_inst/Core_cpu/u_core/u_backend/u_free_list/alloc_phy_o[0][3]_INST_0_i_12/O
                         net (fo=10, routed)          0.275     2.442    student_top_inst/Core_cpu/u_core/u_backend/u_free_list/alloc_phy_o[0][3]_INST_0_i_12_n_0
    SLICE_X108Y334       LUT5 (Prop_lut5_I3_O)        0.043     2.485 r  student_top_inst/Core_cpu/u_core/u_backend/u_free_list/free_q[34]_i_8/O
                         net (fo=9, routed)           0.351     2.836    student_top_inst/Core_cpu/u_core/u_backend/u_free_list/free_q[34]_i_8_n_0
    SLICE_X110Y334       LUT4 (Prop_lut4_I2_O)        0.043     2.879 r  student_top_inst/Core_cpu/u_core/u_backend/u_free_list/alloc_phy_o[0][0]_INST_0_i_21/O
                         net (fo=10, routed)          0.377     3.256    student_top_inst/Core_cpu/u_core/u_backend/u_free_list/alloc_phy_o[0][0]_INST_0_i_21_n_0
    SLICE_X110Y334       LUT3 (Prop_lut3_I0_O)        0.043     3.299 f  student_top_inst/Core_cpu/u_core/u_backend/u_free_list/alloc_phy_o[0][1]_INST_0_i_20/O
                         net (fo=5, routed)           0.215     3.514    student_top_inst/Core_cpu/u_core/u_backend/u_free_list/alloc_phy_o[0][1]_INST_0_i_20_n_0
    SLICE_X110Y332       LUT2 (Prop_lut2_I0_O)        0.043     3.557 f  student_top_inst/Core_cpu/u_core/u_backend/u_free_list/alloc_phy_o[0][0]_INST_0_i_17/O
                         net (fo=3, routed)           0.542     4.099    student_top_inst/Core_cpu/u_core/u_backend/u_free_list/alloc_phy_o[0][0]_INST_0_i_17_n_0
    SLICE_X110Y330       LUT6 (Prop_lut6_I0_O)        0.043     4.142 f  student_top_inst/Core_cpu/u_core/u_backend/u_free_list/alloc_phy_o[0][0]_INST_0_i_11/O
                         net (fo=1, routed)           0.272     4.414    student_top_inst/Core_cpu/u_core/u_backend/u_free_list/alloc_phy_o[0][0]_INST_0_i_11_n_0
    SLICE_X110Y328       LUT6 (Prop_lut6_I4_O)        0.043     4.457 f  student_top_inst/Core_cpu/u_core/u_backend/u_free_list/alloc_phy_o[0][0]_INST_0_i_2/O
                         net (fo=1, routed)           0.363     4.820    student_top_inst/Core_cpu/u_core/u_backend/u_free_list/alloc_phy_o[0][0]_INST_0_i_2_n_0
    SLICE_X108Y327       LUT6 (Prop_lut6_I1_O)        0.043     4.863 f  student_top_inst/Core_cpu/u_core/u_backend/u_free_list/alloc_phy_o[0][0]_INST_0/O
                         net (fo=83, routed)          0.495     5.359    student_top_inst/Core_cpu/u_core/u_backend/u_free_list/alloc_phy_o[0][0]
    SLICE_X104Y326       LUT6 (Prop_lut6_I2_O)        0.043     5.402 f  student_top_inst/Core_cpu/u_core/u_backend/u_free_list/alloc_phy_o[1][4]_INST_0_i_24/O
                         net (fo=4, routed)           0.406     5.807    student_top_inst/Core_cpu/u_core/u_backend/u_free_list/alloc_phy_o[1][4]_INST_0_i_24_n_0
    SLICE_X103Y327       LUT6 (Prop_lut6_I4_O)        0.043     5.850 f  student_top_inst/Core_cpu/u_core/u_backend/u_free_list/alloc_phy_o[1][2]_INST_0_i_18/O
                         net (fo=6, routed)           0.209     6.060    student_top_inst/Core_cpu/u_core/u_backend/u_free_list/alloc_phy_o[1][2]_INST_0_i_18_n_0
    SLICE_X102Y326       LUT6 (Prop_lut6_I5_O)        0.043     6.103 r  student_top_inst/Core_cpu/u_core/u_backend/u_free_list/alloc_phy_o[1][3]_INST_0_i_7/O
                         net (fo=5, routed)           0.131     6.234    student_top_inst/Core_cpu/u_core/u_backend/u_free_list/alloc_phy_o[1][3]_INST_0_i_7_n_0
    SLICE_X102Y326       LUT5 (Prop_lut5_I2_O)        0.043     6.277 f  student_top_inst/Core_cpu/u_core/u_backend/u_free_list/alloc_phy_o[1][5]_INST_0_i_19/O
                         net (fo=6, routed)           0.253     6.530    student_top_inst/Core_cpu/u_core/u_backend/u_free_list/alloc_phy_o[1][5]_INST_0_i_19_n_0
    SLICE_X103Y325       LUT6 (Prop_lut6_I5_O)        0.043     6.573 r  student_top_inst/Core_cpu/u_core/u_backend/u_free_list/alloc_phy_o[1][5]_INST_0_i_10/O
                         net (fo=9, routed)           0.250     6.822    student_top_inst/Core_cpu/u_core/u_backend/u_free_list/alloc_phy_o[1][5]_INST_0_i_10_n_0
    SLICE_X104Y325       LUT6 (Prop_lut6_I3_O)        0.043     6.865 r  student_top_inst/Core_cpu/u_core/u_backend/u_free_list/alloc_valid_o[1]_INST_0_i_22/O
                         net (fo=3, routed)           0.200     7.066    student_top_inst/Core_cpu/u_core/u_backend/u_free_list/alloc_valid_o[1]_INST_0_i_22_n_0
    SLICE_X105Y324       LUT6 (Prop_lut6_I3_O)        0.043     7.109 r  student_top_inst/Core_cpu/u_core/u_backend/u_free_list/alloc_valid_o[1]_INST_0_i_8/O
                         net (fo=9, routed)           0.370     7.479    student_top_inst/Core_cpu/u_core/u_backend/u_free_list/alloc_valid_o[1]_INST_0_i_8_n_0
    SLICE_X107Y322       LUT5 (Prop_lut5_I1_O)        0.043     7.522 f  student_top_inst/Core_cpu/u_core/u_backend/u_free_list/alloc_valid_o[1]_INST_0_i_2/O
                         net (fo=2, routed)           0.254     7.776    student_top_inst/Core_cpu/u_core/u_backend/u_free_list/alloc_valid_o[1]_INST_0_i_2_n_0
    SLICE_X106Y321       LUT3 (Prop_lut3_I1_O)        0.043     7.819 r  student_top_inst/Core_cpu/u_core/u_backend/u_free_list/alloc_valid_o[1]_INST_0/O
                         net (fo=5, routed)           0.347     8.166    student_top_inst/Core_cpu/u_core/u_backend/u_rename/free_alloc_valid_i[1]
    SLICE_X107Y315       LUT5 (Prop_lut5_I1_O)        0.043     8.209 r  student_top_inst/Core_cpu/u_core/u_backend/u_rename/out_valid_o[1]_INST_0/O
                         net (fo=4, routed)           0.723     8.931    student_top_inst/Core_cpu/u_core/u_backend/u_dispatch/in_valid_i[1]
    SLICE_X79Y320        LUT4 (Prop_lut4_I2_O)        0.043     8.974 r  student_top_inst/Core_cpu/u_core/u_backend/u_dispatch/int_valid_o[1]_INST_0/O
                         net (fo=1, routed)           0.442     9.416    student_top_inst/Core_cpu/u_core/u_backend/u_int_iq/u_queue/push_valid_i[1]
    SLICE_X68Y325        LUT2 (Prop_lut2_I0_O)        0.043     9.459 r  student_top_inst/Core_cpu/u_core/u_backend/u_int_iq/u_queue/entry_q[6][uop][csr_addr][11]_i_4/O
                         net (fo=772, routed)         0.360     9.819    student_top_inst/Core_cpu/u_core/u_backend/u_int_iq/u_queue/p_0_in485_in
    SLICE_X66Y324        LUT5 (Prop_lut5_I0_O)        0.043     9.862 r  student_top_inst/Core_cpu/u_core/u_backend/u_int_iq/u_queue/entry_q[0][uop][csr_addr][11]_i_4/O
                         net (fo=57, routed)          0.486    10.348    student_top_inst/Core_cpu/u_core/u_backend/u_int_iq/u_queue/entry_q[0][uop][csr_addr][11]_i_4_n_0
    SLICE_X58Y324        LUT4 (Prop_lut4_I3_O)        0.043    10.391 r  student_top_inst/Core_cpu/u_core/u_backend/u_int_iq/u_queue/entry_q[0][uop][csr_addr][11]_i_1/O
                         net (fo=346, routed)         0.568    10.959    student_top_inst/Core_cpu/u_core/u_backend/u_int_iq/u_queue/entry_q[0][uop][csr_addr][11]_i_1_n_0
    SLICE_X52Y327        LUT6 (Prop_lut6_I5_O)        0.043    11.002 r  student_top_inst/Core_cpu/u_core/u_backend/u_int_iq/u_queue/entry_q[0][uop][imm_j][31]_i_1/O
                         net (fo=54, routed)          0.950    11.952    student_top_inst/Core_cpu/u_core/u_backend/u_int_iq/u_queue/entry_q[0][uop][imm_j][31]_i_1_n_0
    SLICE_X24Y328        FDSE                                         r  student_top_inst/Core_cpu/u_core/u_backend/u_int_iq/u_queue/entry_q_reg[0][uop][imm_j][25]/S
  -------------------------------------------------------------------    -------------------

                         (clock clk_out2_pll rise edge)
                                                     10.000    10.000 r  
    AD12                                              0.000    10.000 r  i_sys_clk_p (IN)
                         net (fo=0)                   0.000    10.000    pll_inst/inst/clk_in1_p
    AD12                 IBUFDS (Prop_ibufds_I_O)     0.803    10.803 r  pll_inst/inst/clkin1_ibufgds/O
                         net (fo=1, routed)           0.986    11.789    pll_inst/inst/clk_in1_pll
    MMCME2_ADV_X1Y1      MMCME2_ADV (Prop_mmcme2_adv_CLKIN1_CLKOUT1)
                                                     -6.759     5.030 r  pll_inst/inst/mmcm_adv_inst/CLKOUT1
                         net (fo=1, routed)           2.005     7.035    pll_inst/inst/clk_out2_pll
    BUFGCTRL_X0Y0        BUFG (Prop_bufg_I_O)         0.083     7.118 r  pll_inst/inst/clkout2_buf/O
                         net (fo=33272, routed)       1.393     8.511    student_top_inst/Core_cpu/u_core/u_backend/u_int_iq/u_queue/clk
    SLICE_X24Y328        FDSE                                         r  student_top_inst/Core_cpu/u_core/u_backend/u_int_iq/u_queue/entry_q_reg[0][uop][imm_j][25]/C
                         clock pessimism             -0.622     7.890    
                         clock uncertainty           -0.066     7.823    
    SLICE_X24Y328        FDSE (Setup_fdse_C_S)       -0.304     7.519    student_top_inst/Core_cpu/u_core/u_backend/u_int_iq/u_queue/entry_q_reg[0][uop][imm_j][25]
  -------------------------------------------------------------------
                         required time                          7.519    
                         arrival time                         -11.952    
  -------------------------------------------------------------------
                         slack                                 -4.432    





Min Delay Paths
--------------------------------------------------------------------------------------
Slack (MET) :             0.056ns  (arrival time - required time)
  Source:                 student_top_inst/Core_cpu/u_dcache/req_tag_q_reg[3]/C
                            (rising edge-triggered cell FDCE clocked by clk_out2_pll  {rise@0.000ns fall@5.000ns period=10.000ns})
  Destination:            student_top_inst/Core_cpu/u_dcache/tag_way1_q_reg_0_63_3_5/RAMA/I
                            (rising edge-triggered cell RAMD64E clocked by clk_out2_pll  {rise@0.000ns fall@5.000ns period=10.000ns})
  Path Group:             clk_out2_pll
  Path Type:              Hold (Min at Fast Process Corner)
  Requirement:            0.000ns  (clk_out2_pll rise@0.000ns - clk_out2_pll rise@0.000ns)
  Data Path Delay:        0.217ns  (logic 0.100ns (46.154%)  route 0.117ns (53.846%))
  Logic Levels:           0  
  Clock Path Skew:        0.030ns (DCD - SCD - CPR)
    Destination Clock Delay (DCD):    -0.704ns
    Source Clock Delay      (SCD):    -0.657ns
    Clock Pessimism Removal (CPR):    -0.078ns

    Location             Delay type                Incr(ns)  Path(ns)    Netlist Resource(s)
  -------------------------------------------------------------------    -------------------
                         (clock clk_out2_pll rise edge)
                                                      0.000     0.000 r  
    AD12                                              0.000     0.000 r  i_sys_clk_p (IN)
                         net (fo=0)                   0.000     0.000    pll_inst/inst/clk_in1_p
    AD12                 IBUFDS (Prop_ibufds_I_O)     0.388     0.388 r  pll_inst/inst/clkin1_ibufgds/O
                         net (fo=1, routed)           0.503     0.891    pll_inst/inst/clk_in1_pll
    MMCME2_ADV_X1Y1      MMCME2_ADV (Prop_mmcme2_adv_CLKIN1_CLKOUT1)
                                                     -3.040    -2.149 r  pll_inst/inst/mmcm_adv_inst/CLKOUT1
                         net (fo=1, routed)           0.940    -1.209    pll_inst/inst/clk_out2_pll
    BUFGCTRL_X0Y0        BUFG (Prop_bufg_I_O)         0.026    -1.183 r  pll_inst/inst/clkout2_buf/O
                         net (fo=33272, routed)       0.526    -0.657    student_top_inst/Core_cpu/u_dcache/clk
    SLICE_X51Y214        FDCE                                         r  student_top_inst/Core_cpu/u_dcache/req_tag_q_reg[3]/C
  -------------------------------------------------------------------    -------------------
    SLICE_X51Y214        FDCE (Prop_fdce_C_Q)         0.100    -0.557 r  student_top_inst/Core_cpu/u_dcache/req_tag_q_reg[3]/Q
                         net (fo=4, routed)           0.117    -0.440    student_top_inst/Core_cpu/u_dcache/tag_way1_q_reg_0_63_3_5/DIA
    SLICE_X52Y214        RAMD64E                                      r  student_top_inst/Core_cpu/u_dcache/tag_way1_q_reg_0_63_3_5/RAMA/I
  -------------------------------------------------------------------    -------------------

                         (clock clk_out2_pll rise edge)
                                                      0.000     0.000 r  
    AD12                                              0.000     0.000 r  i_sys_clk_p (IN)
                         net (fo=0)                   0.000     0.000    pll_inst/inst/clk_in1_p
    AD12                 IBUFDS (Prop_ibufds_I_O)     0.470     0.470 r  pll_inst/inst/clkin1_ibufgds/O
                         net (fo=1, routed)           0.553     1.023    pll_inst/inst/clk_in1_pll
    MMCME2_ADV_X1Y1      MMCME2_ADV (Prop_mmcme2_adv_CLKIN1_CLKOUT1)
                                                     -3.493    -2.470 r  pll_inst/inst/mmcm_adv_inst/CLKOUT1
                         net (fo=1, routed)           1.007    -1.463    pll_inst/inst/clk_out2_pll
    BUFGCTRL_X0Y0        BUFG (Prop_bufg_I_O)         0.030    -1.433 r  pll_inst/inst/clkout2_buf/O
                         net (fo=33272, routed)       0.729    -0.704    student_top_inst/Core_cpu/u_dcache/tag_way1_q_reg_0_63_3_5/WCLK
    SLICE_X52Y214        RAMD64E                                      r  student_top_inst/Core_cpu/u_dcache/tag_way1_q_reg_0_63_3_5/RAMA/CLK
                         clock pessimism              0.078    -0.627    
    SLICE_X52Y214        RAMD64E (Hold_ramd64e_CLK_I)
                                                      0.131    -0.496    student_top_inst/Core_cpu/u_dcache/tag_way1_q_reg_0_63_3_5/RAMA
  -------------------------------------------------------------------
                         required time                          0.496    
                         arrival time                          -0.440    
  -------------------------------------------------------------------
                         slack                                  0.056    

Slack (MET) :             0.073ns  (arrival time - required time)
  Source:                 student_top_inst/Core_cpu/u_core/u_bpu/update_target_q_reg[22]/C
                            (rising edge-triggered cell FDRE clocked by clk_out2_pll  {rise@0.000ns fall@5.000ns period=10.000ns})
  Destination:            student_top_inst/Core_cpu/u_core/u_bpu/btb_target_q_reg_r2_128_191_21_23/RAMB/I
                            (rising edge-triggered cell RAMD64E clocked by clk_out2_pll  {rise@0.000ns fall@5.000ns period=10.000ns})
  Path Group:             clk_out2_pll
  Path Type:              Hold (Min at Fast Process Corner)
  Requirement:            0.000ns  (clk_out2_pll rise@0.000ns - clk_out2_pll rise@0.000ns)
  Data Path Delay:        0.235ns  (logic 0.118ns (50.264%)  route 0.117ns (49.736%))
  Logic Levels:           0  
  Clock Path Skew:        0.030ns (DCD - SCD - CPR)
    Destination Clock Delay (DCD):    -0.563ns
    Source Clock Delay      (SCD):    -0.536ns
    Clock Pessimism Removal (CPR):    -0.058ns

    Location             Delay type                Incr(ns)  Path(ns)    Netlist Resource(s)
  -------------------------------------------------------------------    -------------------
                         (clock clk_out2_pll rise edge)
                                                      0.000     0.000 r  
    AD12                                              0.000     0.000 r  i_sys_clk_p (IN)
                         net (fo=0)                   0.000     0.000    pll_inst/inst/clk_in1_p
    AD12                 IBUFDS (Prop_ibufds_I_O)     0.388     0.388 r  pll_inst/inst/clkin1_ibufgds/O
                         net (fo=1, routed)           0.503     0.891    pll_inst/inst/clk_in1_pll
    MMCME2_ADV_X1Y1      MMCME2_ADV (Prop_mmcme2_adv_CLKIN1_CLKOUT1)
                                                     -3.040    -2.149 r  pll_inst/inst/mmcm_adv_inst/CLKOUT1
                         net (fo=1, routed)           0.940    -1.209    pll_inst/inst/clk_out2_pll
    BUFGCTRL_X0Y0        BUFG (Prop_bufg_I_O)         0.026    -1.183 r  pll_inst/inst/clkout2_buf/O
                         net (fo=33272, routed)       0.647    -0.536    student_top_inst/Core_cpu/u_core/u_bpu/clk
    SLICE_X134Y278       FDRE                                         r  student_top_inst/Core_cpu/u_core/u_bpu/update_target_q_reg[22]/C
  -------------------------------------------------------------------    -------------------
    SLICE_X134Y278       FDRE (Prop_fdre_C_Q)         0.118    -0.418 r  student_top_inst/Core_cpu/u_core/u_bpu/update_target_q_reg[22]/Q
                         net (fo=8, routed)           0.117    -0.301    student_top_inst/Core_cpu/u_core/u_bpu/btb_target_q_reg_r2_128_191_21_23/DIB
    SLICE_X132Y278       RAMD64E                                      r  student_top_inst/Core_cpu/u_core/u_bpu/btb_target_q_reg_r2_128_191_21_23/RAMB/I
  -------------------------------------------------------------------    -------------------

                         (clock clk_out2_pll rise edge)
                                                      0.000     0.000 r  
    AD12                                              0.000     0.000 r  i_sys_clk_p (IN)
                         net (fo=0)                   0.000     0.000    pll_inst/inst/clk_in1_p
    AD12                 IBUFDS (Prop_ibufds_I_O)     0.470     0.470 r  pll_inst/inst/clkin1_ibufgds/O
                         net (fo=1, routed)           0.553     1.023    pll_inst/inst/clk_in1_pll
    MMCME2_ADV_X1Y1      MMCME2_ADV (Prop_mmcme2_adv_CLKIN1_CLKOUT1)
                                                     -3.493    -2.470 r  pll_inst/inst/mmcm_adv_inst/CLKOUT1
                         net (fo=1, routed)           1.007    -1.463    pll_inst/inst/clk_out2_pll
    BUFGCTRL_X0Y0        BUFG (Prop_bufg_I_O)         0.030    -1.433 r  pll_inst/inst/clkout2_buf/O
                         net (fo=33272, routed)       0.870    -0.563    student_top_inst/Core_cpu/u_core/u_bpu/btb_target_q_reg_r2_128_191_21_23/WCLK
    SLICE_X132Y278       RAMD64E                                      r  student_top_inst/Core_cpu/u_core/u_bpu/btb_target_q_reg_r2_128_191_21_23/RAMB/CLK
                         clock pessimism              0.058    -0.506    
    SLICE_X132Y278       RAMD64E (Hold_ramd64e_CLK_I)
                                                      0.132    -0.374    student_top_inst/Core_cpu/u_core/u_bpu/btb_target_q_reg_r2_128_191_21_23/RAMB
  -------------------------------------------------------------------
                         required time                          0.374    
                         arrival time                          -0.301    
  -------------------------------------------------------------------
                         slack                                  0.073    

Slack (MET) :             0.073ns  (arrival time - required time)
  Source:                 student_top_inst/Core_cpu/u_core/u_bpu/update_pc_q_reg[6]_rep/C
                            (rising edge-triggered cell FDRE clocked by clk_out2_pll  {rise@0.000ns fall@5.000ns period=10.000ns})
  Destination:            student_top_inst/Core_cpu/u_core/u_bpu/btb_target_q_reg_r1_0_63_0_2/RAMA/WADR4
                            (rising edge-triggered cell RAMD64E clocked by clk_out2_pll  {rise@0.000ns fall@5.000ns period=10.000ns})
  Path Group:             clk_out2_pll
  Path Type:              Hold (Min at Fast Process Corner)
  Requirement:            0.000ns  (clk_out2_pll rise@0.000ns - clk_out2_pll rise@0.000ns)
  Data Path Delay:        0.291ns  (logic 0.100ns (34.375%)  route 0.191ns (65.625%))
  Logic Levels:           0  
  Clock Path Skew:        0.033ns (DCD - SCD - CPR)
    Destination Clock Delay (DCD):    -0.557ns
    Source Clock Delay      (SCD):    -0.533ns
    Clock Pessimism Removal (CPR):    -0.058ns

    Location             Delay type                Incr(ns)  Path(ns)    Netlist Resource(s)
  -------------------------------------------------------------------    -------------------
                         (clock clk_out2_pll rise edge)
                                                      0.000     0.000 r  
    AD12                                              0.000     0.000 r  i_sys_clk_p (IN)
                         net (fo=0)                   0.000     0.000    pll_inst/inst/clk_in1_p
    AD12                 IBUFDS (Prop_ibufds_I_O)     0.388     0.388 r  pll_inst/inst/clkin1_ibufgds/O
                         net (fo=1, routed)           0.503     0.891    pll_inst/inst/clk_in1_pll
    MMCME2_ADV_X1Y1      MMCME2_ADV (Prop_mmcme2_adv_CLKIN1_CLKOUT1)
                                                     -3.040    -2.149 r  pll_inst/inst/mmcm_adv_inst/CLKOUT1
                         net (fo=1, routed)           0.940    -1.209    pll_inst/inst/clk_out2_pll
    BUFGCTRL_X0Y0        BUFG (Prop_bufg_I_O)         0.026    -1.183 r  pll_inst/inst/clkout2_buf/O
                         net (fo=33272, routed)       0.650    -0.533    student_top_inst/Core_cpu/u_core/u_bpu/clk
    SLICE_X123Y260       FDRE                                         r  student_top_inst/Core_cpu/u_core/u_bpu/update_pc_q_reg[6]_rep/C
  -------------------------------------------------------------------    -------------------
    SLICE_X123Y260       FDRE (Prop_fdre_C_Q)         0.100    -0.433 r  student_top_inst/Core_cpu/u_core/u_bpu/update_pc_q_reg[6]_rep/Q
                         net (fo=768, routed)         0.191    -0.242    student_top_inst/Core_cpu/u_core/u_bpu/btb_target_q_reg_r1_0_63_0_2/ADDRD4
    SLICE_X126Y260       RAMD64E                                      r  student_top_inst/Core_cpu/u_core/u_bpu/btb_target_q_reg_r1_0_63_0_2/RAMA/WADR4
  -------------------------------------------------------------------    -------------------

                         (clock clk_out2_pll rise edge)
                                                      0.000     0.000 r  
    AD12                                              0.000     0.000 r  i_sys_clk_p (IN)
                         net (fo=0)                   0.000     0.000    pll_inst/inst/clk_in1_p
    AD12                 IBUFDS (Prop_ibufds_I_O)     0.470     0.470 r  pll_inst/inst/clkin1_ibufgds/O
                         net (fo=1, routed)           0.553     1.023    pll_inst/inst/clk_in1_pll
    MMCME2_ADV_X1Y1      MMCME2_ADV (Prop_mmcme2_adv_CLKIN1_CLKOUT1)
                                                     -3.493    -2.470 r  pll_inst/inst/mmcm_adv_inst/CLKOUT1
                         net (fo=1, routed)           1.007    -1.463    pll_inst/inst/clk_out2_pll
    BUFGCTRL_X0Y0        BUFG (Prop_bufg_I_O)         0.030    -1.433 r  pll_inst/inst/clkout2_buf/O
                         net (fo=33272, routed)       0.876    -0.557    student_top_inst/Core_cpu/u_core/u_bpu/btb_target_q_reg_r1_0_63_0_2/WCLK
    SLICE_X126Y260       RAMD64E                                      r  student_top_inst/Core_cpu/u_core/u_bpu/btb_target_q_reg_r1_0_63_0_2/RAMA/CLK
                         clock pessimism              0.058    -0.500    
    SLICE_X126Y260       RAMD64E (Hold_ramd64e_CLK_WADR4)
                                                      0.185    -0.315    student_top_inst/Core_cpu/u_core/u_bpu/btb_target_q_reg_r1_0_63_0_2/RAMA
  -------------------------------------------------------------------
                         required time                          0.315    
                         arrival time                          -0.242    
  -------------------------------------------------------------------
                         slack                                  0.073    

Slack (MET) :             0.073ns  (arrival time - required time)
  Source:                 student_top_inst/Core_cpu/u_core/u_bpu/update_pc_q_reg[6]_rep/C
                            (rising edge-triggered cell FDRE clocked by clk_out2_pll  {rise@0.000ns fall@5.000ns period=10.000ns})
  Destination:            student_top_inst/Core_cpu/u_core/u_bpu/btb_target_q_reg_r1_0_63_0_2/RAMB/WADR4
                            (rising edge-triggered cell RAMD64E clocked by clk_out2_pll  {rise@0.000ns fall@5.000ns period=10.000ns})
  Path Group:             clk_out2_pll
  Path Type:              Hold (Min at Fast Process Corner)
  Requirement:            0.000ns  (clk_out2_pll rise@0.000ns - clk_out2_pll rise@0.000ns)
  Data Path Delay:        0.291ns  (logic 0.100ns (34.375%)  route 0.191ns (65.625%))
  Logic Levels:           0  
  Clock Path Skew:        0.033ns (DCD - SCD - CPR)
    Destination Clock Delay (DCD):    -0.557ns
    Source Clock Delay      (SCD):    -0.533ns
    Clock Pessimism Removal (CPR):    -0.058ns

    Location             Delay type                Incr(ns)  Path(ns)    Netlist Resource(s)
  -------------------------------------------------------------------    -------------------
                         (clock clk_out2_pll rise edge)
                                                      0.000     0.000 r  
    AD12                                              0.000     0.000 r  i_sys_clk_p (IN)
                         net (fo=0)                   0.000     0.000    pll_inst/inst/clk_in1_p
    AD12                 IBUFDS (Prop_ibufds_I_O)     0.388     0.388 r  pll_inst/inst/clkin1_ibufgds/O
                         net (fo=1, routed)           0.503     0.891    pll_inst/inst/clk_in1_pll
    MMCME2_ADV_X1Y1      MMCME2_ADV (Prop_mmcme2_adv_CLKIN1_CLKOUT1)
                                                     -3.040    -2.149 r  pll_inst/inst/mmcm_adv_inst/CLKOUT1
                         net (fo=1, routed)           0.940    -1.209    pll_inst/inst/clk_out2_pll
    BUFGCTRL_X0Y0        BUFG (Prop_bufg_I_O)         0.026    -1.183 r  pll_inst/inst/clkout2_buf/O
                         net (fo=33272, routed)       0.650    -0.533    student_top_inst/Core_cpu/u_core/u_bpu/clk
    SLICE_X123Y260       FDRE                                         r  student_top_inst/Core_cpu/u_core/u_bpu/update_pc_q_reg[6]_rep/C
  -------------------------------------------------------------------    -------------------
    SLICE_X123Y260       FDRE (Prop_fdre_C_Q)         0.100    -0.433 r  student_top_inst/Core_cpu/u_core/u_bpu/update_pc_q_reg[6]_rep/Q
                         net (fo=768, routed)         0.191    -0.242    student_top_inst/Core_cpu/u_core/u_bpu/btb_target_q_reg_r1_0_63_0_2/ADDRD4
    SLICE_X126Y260       RAMD64E                                      r  student_top_inst/Core_cpu/u_core/u_bpu/btb_target_q_reg_r1_0_63_0_2/RAMB/WADR4
  -------------------------------------------------------------------    -------------------

                         (clock clk_out2_pll rise edge)
                                                      0.000     0.000 r  
    AD12                                              0.000     0.000 r  i_sys_clk_p (IN)
                         net (fo=0)                   0.000     0.000    pll_inst/inst/clk_in1_p
    AD12                 IBUFDS (Prop_ibufds_I_O)     0.470     0.470 r  pll_inst/inst/clkin1_ibufgds/O
                         net (fo=1, routed)           0.553     1.023    pll_inst/inst/clk_in1_pll
    MMCME2_ADV_X1Y1      MMCME2_ADV (Prop_mmcme2_adv_CLKIN1_CLKOUT1)
                                                     -3.493    -2.470 r  pll_inst/inst/mmcm_adv_inst/CLKOUT1
                         net (fo=1, routed)           1.007    -1.463    pll_inst/inst/clk_out2_pll
    BUFGCTRL_X0Y0        BUFG (Prop_bufg_I_O)         0.030    -1.433 r  pll_inst/inst/clkout2_buf/O
                         net (fo=33272, routed)       0.876    -0.557    student_top_inst/Core_cpu/u_core/u_bpu/btb_target_q_reg_r1_0_63_0_2/WCLK
    SLICE_X126Y260       RAMD64E                                      r  student_top_inst/Core_cpu/u_core/u_bpu/btb_target_q_reg_r1_0_63_0_2/RAMB/CLK
                         clock pessimism              0.058    -0.500    
    SLICE_X126Y260       RAMD64E (Hold_ramd64e_CLK_WADR4)
                                                      0.185    -0.315    student_top_inst/Core_cpu/u_core/u_bpu/btb_target_q_reg_r1_0_63_0_2/RAMB
  -------------------------------------------------------------------
                         required time                          0.315    
                         arrival time                          -0.242    
  -------------------------------------------------------------------
                         slack                                  0.073    

Slack (MET) :             0.073ns  (arrival time - required time)
  Source:                 student_top_inst/Core_cpu/u_core/u_bpu/update_pc_q_reg[6]_rep/C
                            (rising edge-triggered cell FDRE clocked by clk_out2_pll  {rise@0.000ns fall@5.000ns period=10.000ns})
  Destination:            student_top_inst/Core_cpu/u_core/u_bpu/btb_target_q_reg_r1_0_63_0_2/RAMC/WADR4
                            (rising edge-triggered cell RAMD64E clocked by clk_out2_pll  {rise@0.000ns fall@5.000ns period=10.000ns})
  Path Group:             clk_out2_pll
  Path Type:              Hold (Min at Fast Process Corner)
  Requirement:            0.000ns  (clk_out2_pll rise@0.000ns - clk_out2_pll rise@0.000ns)
  Data Path Delay:        0.291ns  (logic 0.100ns (34.375%)  route 0.191ns (65.625%))
  Logic Levels:           0  
  Clock Path Skew:        0.033ns (DCD - SCD - CPR)
    Destination Clock Delay (DCD):    -0.557ns
    Source Clock Delay      (SCD):    -0.533ns
    Clock Pessimism Removal (CPR):    -0.058ns

    Location             Delay type                Incr(ns)  Path(ns)    Netlist Resource(s)
  -------------------------------------------------------------------    -------------------
                         (clock clk_out2_pll rise edge)
                                                      0.000     0.000 r  
    AD12                                              0.000     0.000 r  i_sys_clk_p (IN)
                         net (fo=0)                   0.000     0.000    pll_inst/inst/clk_in1_p
    AD12                 IBUFDS (Prop_ibufds_I_O)     0.388     0.388 r  pll_inst/inst/clkin1_ibufgds/O
                         net (fo=1, routed)           0.503     0.891    pll_inst/inst/clk_in1_pll
    MMCME2_ADV_X1Y1      MMCME2_ADV (Prop_mmcme2_adv_CLKIN1_CLKOUT1)
                                                     -3.040    -2.149 r  pll_inst/inst/mmcm_adv_inst/CLKOUT1
                         net (fo=1, routed)           0.940    -1.209    pll_inst/inst/clk_out2_pll
    BUFGCTRL_X0Y0        BUFG (Prop_bufg_I_O)         0.026    -1.183 r  pll_inst/inst/clkout2_buf/O
                         net (fo=33272, routed)       0.650    -0.533    student_top_inst/Core_cpu/u_core/u_bpu/clk
    SLICE_X123Y260       FDRE                                         r  student_top_inst/Core_cpu/u_core/u_bpu/update_pc_q_reg[6]_rep/C
  -------------------------------------------------------------------    -------------------
    SLICE_X123Y260       FDRE (Prop_fdre_C_Q)         0.100    -0.433 r  student_top_inst/Core_cpu/u_core/u_bpu/update_pc_q_reg[6]_rep/Q
                         net (fo=768, routed)         0.191    -0.242    student_top_inst/Core_cpu/u_core/u_bpu/btb_target_q_reg_r1_0_63_0_2/ADDRD4
    SLICE_X126Y260       RAMD64E                                      r  student_top_inst/Core_cpu/u_core/u_bpu/btb_target_q_reg_r1_0_63_0_2/RAMC/WADR4
  -------------------------------------------------------------------    -------------------

                         (clock clk_out2_pll rise edge)
                                                      0.000     0.000 r  
    AD12                                              0.000     0.000 r  i_sys_clk_p (IN)
                         net (fo=0)                   0.000     0.000    pll_inst/inst/clk_in1_p
    AD12                 IBUFDS (Prop_ibufds_I_O)     0.470     0.470 r  pll_inst/inst/clkin1_ibufgds/O
                         net (fo=1, routed)           0.553     1.023    pll_inst/inst/clk_in1_pll
    MMCME2_ADV_X1Y1      MMCME2_ADV (Prop_mmcme2_adv_CLKIN1_CLKOUT1)
                                                     -3.493    -2.470 r  pll_inst/inst/mmcm_adv_inst/CLKOUT1
                         net (fo=1, routed)           1.007    -1.463    pll_inst/inst/clk_out2_pll
    BUFGCTRL_X0Y0        BUFG (Prop_bufg_I_O)         0.030    -1.433 r  pll_inst/inst/clkout2_buf/O
                         net (fo=33272, routed)       0.876    -0.557    student_top_inst/Core_cpu/u_core/u_bpu/btb_target_q_reg_r1_0_63_0_2/WCLK
    SLICE_X126Y260       RAMD64E                                      r  student_top_inst/Core_cpu/u_core/u_bpu/btb_target_q_reg_r1_0_63_0_2/RAMC/CLK
                         clock pessimism              0.058    -0.500    
    SLICE_X126Y260       RAMD64E (Hold_ramd64e_CLK_WADR4)
                                                      0.185    -0.315    student_top_inst/Core_cpu/u_core/u_bpu/btb_target_q_reg_r1_0_63_0_2/RAMC
  -------------------------------------------------------------------
                         required time                          0.315    
                         arrival time                          -0.242    
  -------------------------------------------------------------------
                         slack                                  0.073    

Slack (MET) :             0.073ns  (arrival time - required time)
  Source:                 student_top_inst/Core_cpu/u_core/u_bpu/update_pc_q_reg[6]_rep/C
                            (rising edge-triggered cell FDRE clocked by clk_out2_pll  {rise@0.000ns fall@5.000ns period=10.000ns})
  Destination:            student_top_inst/Core_cpu/u_core/u_bpu/btb_target_q_reg_r1_0_63_0_2/RAMD/WADR4
                            (rising edge-triggered cell RAMD64E clocked by clk_out2_pll  {rise@0.000ns fall@5.000ns period=10.000ns})
  Path Group:             clk_out2_pll
  Path Type:              Hold (Min at Fast Process Corner)
  Requirement:            0.000ns  (clk_out2_pll rise@0.000ns - clk_out2_pll rise@0.000ns)
  Data Path Delay:        0.291ns  (logic 0.100ns (34.375%)  route 0.191ns (65.625%))
  Logic Levels:           0  
  Clock Path Skew:        0.033ns (DCD - SCD - CPR)
    Destination Clock Delay (DCD):    -0.557ns
    Source Clock Delay      (SCD):    -0.533ns
    Clock Pessimism Removal (CPR):    -0.058ns

    Location             Delay type                Incr(ns)  Path(ns)    Netlist Resource(s)
  -------------------------------------------------------------------    -------------------
                         (clock clk_out2_pll rise edge)
                                                      0.000     0.000 r  
    AD12                                              0.000     0.000 r  i_sys_clk_p (IN)
                         net (fo=0)                   0.000     0.000    pll_inst/inst/clk_in1_p
    AD12                 IBUFDS (Prop_ibufds_I_O)     0.388     0.388 r  pll_inst/inst/clkin1_ibufgds/O
                         net (fo=1, routed)           0.503     0.891    pll_inst/inst/clk_in1_pll
    MMCME2_ADV_X1Y1      MMCME2_ADV (Prop_mmcme2_adv_CLKIN1_CLKOUT1)
                                                     -3.040    -2.149 r  pll_inst/inst/mmcm_adv_inst/CLKOUT1
                         net (fo=1, routed)           0.940    -1.209    pll_inst/inst/clk_out2_pll
    BUFGCTRL_X0Y0        BUFG (Prop_bufg_I_O)         0.026    -1.183 r  pll_inst/inst/clkout2_buf/O
                         net (fo=33272, routed)       0.650    -0.533    student_top_inst/Core_cpu/u_core/u_bpu/clk
    SLICE_X123Y260       FDRE                                         r  student_top_inst/Core_cpu/u_core/u_bpu/update_pc_q_reg[6]_rep/C
  -------------------------------------------------------------------    -------------------
    SLICE_X123Y260       FDRE (Prop_fdre_C_Q)         0.100    -0.433 r  student_top_inst/Core_cpu/u_core/u_bpu/update_pc_q_reg[6]_rep/Q
                         net (fo=768, routed)         0.191    -0.242    student_top_inst/Core_cpu/u_core/u_bpu/btb_target_q_reg_r1_0_63_0_2/ADDRD4
    SLICE_X126Y260       RAMD64E                                      r  student_top_inst/Core_cpu/u_core/u_bpu/btb_target_q_reg_r1_0_63_0_2/RAMD/WADR4
  -------------------------------------------------------------------    -------------------

                         (clock clk_out2_pll rise edge)
                                                      0.000     0.000 r  
    AD12                                              0.000     0.000 r  i_sys_clk_p (IN)
                         net (fo=0)                   0.000     0.000    pll_inst/inst/clk_in1_p
    AD12                 IBUFDS (Prop_ibufds_I_O)     0.470     0.470 r  pll_inst/inst/clkin1_ibufgds/O
                         net (fo=1, routed)           0.553     1.023    pll_inst/inst/clk_in1_pll
    MMCME2_ADV_X1Y1      MMCME2_ADV (Prop_mmcme2_adv_CLKIN1_CLKOUT1)
                                                     -3.493    -2.470 r  pll_inst/inst/mmcm_adv_inst/CLKOUT1
                         net (fo=1, routed)           1.007    -1.463    pll_inst/inst/clk_out2_pll
    BUFGCTRL_X0Y0        BUFG (Prop_bufg_I_O)         0.030    -1.433 r  pll_inst/inst/clkout2_buf/O
                         net (fo=33272, routed)       0.876    -0.557    student_top_inst/Core_cpu/u_core/u_bpu/btb_target_q_reg_r1_0_63_0_2/WCLK
    SLICE_X126Y260       RAMD64E                                      r  student_top_inst/Core_cpu/u_core/u_bpu/btb_target_q_reg_r1_0_63_0_2/RAMD/CLK
                         clock pessimism              0.058    -0.500    
    SLICE_X126Y260       RAMD64E (Hold_ramd64e_CLK_WADR4)
                                                      0.185    -0.315    student_top_inst/Core_cpu/u_core/u_bpu/btb_target_q_reg_r1_0_63_0_2/RAMD
  -------------------------------------------------------------------
                         required time                          0.315    
                         arrival time                          -0.242    
  -------------------------------------------------------------------
                         slack                                  0.073    

Slack (MET) :             0.074ns  (arrival time - required time)
  Source:                 student_top_inst/Core_cpu/u_dcache/req_tag_q_reg[11]/C
                            (rising edge-triggered cell FDCE clocked by clk_out2_pll  {rise@0.000ns fall@5.000ns period=10.000ns})
  Destination:            student_top_inst/Core_cpu/u_dcache/tag_way0_q_reg_0_63_9_11/RAMC/I
                            (rising edge-triggered cell RAMD64E clocked by clk_out2_pll  {rise@0.000ns fall@5.000ns period=10.000ns})
  Path Group:             clk_out2_pll
  Path Type:              Hold (Min at Fast Process Corner)
  Requirement:            0.000ns  (clk_out2_pll rise@0.000ns - clk_out2_pll rise@0.000ns)
  Data Path Delay:        0.216ns  (logic 0.100ns (46.257%)  route 0.116ns (53.743%))
  Logic Levels:           0  
  Clock Path Skew:        0.013ns (DCD - SCD - CPR)
    Destination Clock Delay (DCD):    -0.671ns
    Source Clock Delay      (SCD):    -0.624ns
    Clock Pessimism Removal (CPR):    -0.061ns

    Location             Delay type                Incr(ns)  Path(ns)    Netlist Resource(s)
  -------------------------------------------------------------------    -------------------
                         (clock clk_out2_pll rise edge)
                                                      0.000     0.000 r  
    AD12                                              0.000     0.000 r  i_sys_clk_p (IN)
                         net (fo=0)                   0.000     0.000    pll_inst/inst/clk_in1_p
    AD12                 IBUFDS (Prop_ibufds_I_O)     0.388     0.388 r  pll_inst/inst/clkin1_ibufgds/O
                         net (fo=1, routed)           0.503     0.891    pll_inst/inst/clk_in1_pll
    MMCME2_ADV_X1Y1      MMCME2_ADV (Prop_mmcme2_adv_CLKIN1_CLKOUT1)
                                                     -3.040    -2.149 r  pll_inst/inst/mmcm_adv_inst/CLKOUT1
                         net (fo=1, routed)           0.940    -1.209    pll_inst/inst/clk_out2_pll
    BUFGCTRL_X0Y0        BUFG (Prop_bufg_I_O)         0.026    -1.183 r  pll_inst/inst/clkout2_buf/O
                         net (fo=33272, routed)       0.559    -0.624    student_top_inst/Core_cpu/u_dcache/clk
    SLICE_X49Y212        FDCE                                         r  student_top_inst/Core_cpu/u_dcache/req_tag_q_reg[11]/C
  -------------------------------------------------------------------    -------------------
    SLICE_X49Y212        FDCE (Prop_fdce_C_Q)         0.100    -0.524 r  student_top_inst/Core_cpu/u_dcache/req_tag_q_reg[11]/Q
                         net (fo=4, routed)           0.116    -0.407    student_top_inst/Core_cpu/u_dcache/tag_way0_q_reg_0_63_9_11/DIC
    SLICE_X46Y212        RAMD64E                                      r  student_top_inst/Core_cpu/u_dcache/tag_way0_q_reg_0_63_9_11/RAMC/I
  -------------------------------------------------------------------    -------------------

                         (clock clk_out2_pll rise edge)
                                                      0.000     0.000 r  
    AD12                                              0.000     0.000 r  i_sys_clk_p (IN)
                         net (fo=0)                   0.000     0.000    pll_inst/inst/clk_in1_p
    AD12                 IBUFDS (Prop_ibufds_I_O)     0.470     0.470 r  pll_inst/inst/clkin1_ibufgds/O
                         net (fo=1, routed)           0.553     1.023    pll_inst/inst/clk_in1_pll
    MMCME2_ADV_X1Y1      MMCME2_ADV (Prop_mmcme2_adv_CLKIN1_CLKOUT1)
                                                     -3.493    -2.470 r  pll_inst/inst/mmcm_adv_inst/CLKOUT1
                         net (fo=1, routed)           1.007    -1.463    pll_inst/inst/clk_out2_pll
    BUFGCTRL_X0Y0        BUFG (Prop_bufg_I_O)         0.030    -1.433 r  pll_inst/inst/clkout2_buf/O
                         net (fo=33272, routed)       0.762    -0.671    student_top_inst/Core_cpu/u_dcache/tag_way0_q_reg_0_63_9_11/WCLK
    SLICE_X46Y212        RAMD64E                                      r  student_top_inst/Core_cpu/u_dcache/tag_way0_q_reg_0_63_9_11/RAMC/CLK
                         clock pessimism              0.061    -0.611    
    SLICE_X46Y212        RAMD64E (Hold_ramd64e_CLK_I)
                                                      0.129    -0.482    student_top_inst/Core_cpu/u_dcache/tag_way0_q_reg_0_63_9_11/RAMC
  -------------------------------------------------------------------
                         required time                          0.482    
                         arrival time                          -0.407    
  -------------------------------------------------------------------
                         slack                                  0.074    

Slack (MET) :             0.078ns  (arrival time - required time)
  Source:                 student_top_inst/Core_cpu/u_dcache/req_tag_q_reg[14]/C
                            (rising edge-triggered cell FDCE clocked by clk_out2_pll  {rise@0.000ns fall@5.000ns period=10.000ns})
  Destination:            student_top_inst/Core_cpu/u_dcache/tag_way0_q_reg_0_63_12_14/RAMC/I
                            (rising edge-triggered cell RAMD64E clocked by clk_out2_pll  {rise@0.000ns fall@5.000ns period=10.000ns})
  Path Group:             clk_out2_pll
  Path Type:              Hold (Min at Fast Process Corner)
  Requirement:            0.000ns  (clk_out2_pll rise@0.000ns - clk_out2_pll rise@0.000ns)
  Data Path Delay:        0.218ns  (logic 0.118ns (54.036%)  route 0.100ns (45.964%))
  Logic Levels:           0  
  Clock Path Skew:        0.011ns (DCD - SCD - CPR)
    Destination Clock Delay (DCD):    -0.707ns
    Source Clock Delay      (SCD):    -0.658ns
    Clock Pessimism Removal (CPR):    -0.061ns

    Location             Delay type                Incr(ns)  Path(ns)    Netlist Resource(s)
  -------------------------------------------------------------------    -------------------
                         (clock clk_out2_pll rise edge)
                                                      0.000     0.000 r  
    AD12                                              0.000     0.000 r  i_sys_clk_p (IN)
                         net (fo=0)                   0.000     0.000    pll_inst/inst/clk_in1_p
    AD12                 IBUFDS (Prop_ibufds_I_O)     0.388     0.388 r  pll_inst/inst/clkin1_ibufgds/O
                         net (fo=1, routed)           0.503     0.891    pll_inst/inst/clk_in1_pll
    MMCME2_ADV_X1Y1      MMCME2_ADV (Prop_mmcme2_adv_CLKIN1_CLKOUT1)
                                                     -3.040    -2.149 r  pll_inst/inst/mmcm_adv_inst/CLKOUT1
                         net (fo=1, routed)           0.940    -1.209    pll_inst/inst/clk_out2_pll
    BUFGCTRL_X0Y0        BUFG (Prop_bufg_I_O)         0.026    -1.183 r  pll_inst/inst/clkout2_buf/O
                         net (fo=33272, routed)       0.525    -0.658    student_top_inst/Core_cpu/u_dcache/clk
    SLICE_X54Y215        FDCE                                         r  student_top_inst/Core_cpu/u_dcache/req_tag_q_reg[14]/C
  -------------------------------------------------------------------    -------------------
    SLICE_X54Y215        FDCE (Prop_fdce_C_Q)         0.118    -0.540 r  student_top_inst/Core_cpu/u_dcache/req_tag_q_reg[14]/Q
                         net (fo=4, routed)           0.100    -0.439    student_top_inst/Core_cpu/u_dcache/tag_way0_q_reg_0_63_12_14/DIC
    SLICE_X56Y216        RAMD64E                                      r  student_top_inst/Core_cpu/u_dcache/tag_way0_q_reg_0_63_12_14/RAMC/I
  -------------------------------------------------------------------    -------------------

                         (clock clk_out2_pll rise edge)
                                                      0.000     0.000 r  
    AD12                                              0.000     0.000 r  i_sys_clk_p (IN)
                         net (fo=0)                   0.000     0.000    pll_inst/inst/clk_in1_p
    AD12                 IBUFDS (Prop_ibufds_I_O)     0.470     0.470 r  pll_inst/inst/clkin1_ibufgds/O
                         net (fo=1, routed)           0.553     1.023    pll_inst/inst/clk_in1_pll
    MMCME2_ADV_X1Y1      MMCME2_ADV (Prop_mmcme2_adv_CLKIN1_CLKOUT1)
                                                     -3.493    -2.470 r  pll_inst/inst/mmcm_adv_inst/CLKOUT1
                         net (fo=1, routed)           1.007    -1.463    pll_inst/inst/clk_out2_pll
    BUFGCTRL_X0Y0        BUFG (Prop_bufg_I_O)         0.030    -1.433 r  pll_inst/inst/clkout2_buf/O
                         net (fo=33272, routed)       0.726    -0.707    student_top_inst/Core_cpu/u_dcache/tag_way0_q_reg_0_63_12_14/WCLK
    SLICE_X56Y216        RAMD64E                                      r  student_top_inst/Core_cpu/u_dcache/tag_way0_q_reg_0_63_12_14/RAMC/CLK
                         clock pessimism              0.061    -0.647    
    SLICE_X56Y216        RAMD64E (Hold_ramd64e_CLK_I)
                                                      0.129    -0.518    student_top_inst/Core_cpu/u_dcache/tag_way0_q_reg_0_63_12_14/RAMC
  -------------------------------------------------------------------
                         required time                          0.518    
                         arrival time                          -0.439    
  -------------------------------------------------------------------
                         slack                                  0.078    

Slack (MET) :             0.078ns  (arrival time - required time)
  Source:                 student_top_inst/Core_cpu/u_dcache/req_tag_q_reg[8]/C
                            (rising edge-triggered cell FDCE clocked by clk_out2_pll  {rise@0.000ns fall@5.000ns period=10.000ns})
  Destination:            student_top_inst/Core_cpu/u_dcache/tag_way0_q_reg_0_63_6_8/RAMC/I
                            (rising edge-triggered cell RAMD64E clocked by clk_out2_pll  {rise@0.000ns fall@5.000ns period=10.000ns})
  Path Group:             clk_out2_pll
  Path Type:              Hold (Min at Fast Process Corner)
  Requirement:            0.000ns  (clk_out2_pll rise@0.000ns - clk_out2_pll rise@0.000ns)
  Data Path Delay:        0.220ns  (logic 0.118ns (53.521%)  route 0.102ns (46.479%))
  Logic Levels:           0  
  Clock Path Skew:        0.013ns (DCD - SCD - CPR)
    Destination Clock Delay (DCD):    -0.704ns
    Source Clock Delay      (SCD):    -0.657ns
    Clock Pessimism Removal (CPR):    -0.061ns

    Location             Delay type                Incr(ns)  Path(ns)    Netlist Resource(s)
  -------------------------------------------------------------------    -------------------
                         (clock clk_out2_pll rise edge)
                                                      0.000     0.000 r  
    AD12                                              0.000     0.000 r  i_sys_clk_p (IN)
                         net (fo=0)                   0.000     0.000    pll_inst/inst/clk_in1_p
    AD12                 IBUFDS (Prop_ibufds_I_O)     0.388     0.388 r  pll_inst/inst/clkin1_ibufgds/O
                         net (fo=1, routed)           0.503     0.891    pll_inst/inst/clk_in1_pll
    MMCME2_ADV_X1Y1      MMCME2_ADV (Prop_mmcme2_adv_CLKIN1_CLKOUT1)
                                                     -3.040    -2.149 r  pll_inst/inst/mmcm_adv_inst/CLKOUT1
                         net (fo=1, routed)           0.940    -1.209    pll_inst/inst/clk_out2_pll
    BUFGCTRL_X0Y0        BUFG (Prop_bufg_I_O)         0.026    -1.183 r  pll_inst/inst/clkout2_buf/O
                         net (fo=33272, routed)       0.526    -0.657    student_top_inst/Core_cpu/u_dcache/clk
    SLICE_X54Y212        FDCE                                         r  student_top_inst/Core_cpu/u_dcache/req_tag_q_reg[8]/C
  -------------------------------------------------------------------    -------------------
    SLICE_X54Y212        FDCE (Prop_fdce_C_Q)         0.118    -0.539 r  student_top_inst/Core_cpu/u_dcache/req_tag_q_reg[8]/Q
                         net (fo=4, routed)           0.102    -0.436    student_top_inst/Core_cpu/u_dcache/tag_way0_q_reg_0_63_6_8/DIC
    SLICE_X56Y212        RAMD64E                                      r  student_top_inst/Core_cpu/u_dcache/tag_way0_q_reg_0_63_6_8/RAMC/I
  -------------------------------------------------------------------    -------------------

                         (clock clk_out2_pll rise edge)
                                                      0.000     0.000 r  
    AD12                                              0.000     0.000 r  i_sys_clk_p (IN)
                         net (fo=0)                   0.000     0.000    pll_inst/inst/clk_in1_p
    AD12                 IBUFDS (Prop_ibufds_I_O)     0.470     0.470 r  pll_inst/inst/clkin1_ibufgds/O
                         net (fo=1, routed)           0.553     1.023    pll_inst/inst/clk_in1_pll
    MMCME2_ADV_X1Y1      MMCME2_ADV (Prop_mmcme2_adv_CLKIN1_CLKOUT1)
                                                     -3.493    -2.470 r  pll_inst/inst/mmcm_adv_inst/CLKOUT1
                         net (fo=1, routed)           1.007    -1.463    pll_inst/inst/clk_out2_pll
    BUFGCTRL_X0Y0        BUFG (Prop_bufg_I_O)         0.030    -1.433 r  pll_inst/inst/clkout2_buf/O
                         net (fo=33272, routed)       0.729    -0.704    student_top_inst/Core_cpu/u_dcache/tag_way0_q_reg_0_63_6_8/WCLK
    SLICE_X56Y212        RAMD64E                                      r  student_top_inst/Core_cpu/u_dcache/tag_way0_q_reg_0_63_6_8/RAMC/CLK
                         clock pessimism              0.061    -0.644    
    SLICE_X56Y212        RAMD64E (Hold_ramd64e_CLK_I)
                                                      0.129    -0.515    student_top_inst/Core_cpu/u_dcache/tag_way0_q_reg_0_63_6_8/RAMC
  -------------------------------------------------------------------
                         required time                          0.515    
                         arrival time                          -0.436    
  -------------------------------------------------------------------
                         slack                                  0.078    

Slack (MET) :             0.080ns  (arrival time - required time)
  Source:                 student_top_inst/Core_cpu/u_dcache/req_tag_q_reg[4]/C
                            (rising edge-triggered cell FDCE clocked by clk_out2_pll  {rise@0.000ns fall@5.000ns period=10.000ns})
  Destination:            student_top_inst/Core_cpu/u_dcache/tag_way1_q_reg_64_127_3_5/RAMB/I
                            (rising edge-triggered cell RAMD64E clocked by clk_out2_pll  {rise@0.000ns fall@5.000ns period=10.000ns})
  Path Group:             clk_out2_pll
  Path Type:              Hold (Min at Fast Process Corner)
  Requirement:            0.000ns  (clk_out2_pll rise@0.000ns - clk_out2_pll rise@0.000ns)
  Data Path Delay:        0.204ns  (logic 0.091ns (44.705%)  route 0.113ns (55.295%))
  Logic Levels:           0  
  Clock Path Skew:        0.030ns (DCD - SCD - CPR)
    Destination Clock Delay (DCD):    -0.704ns
    Source Clock Delay      (SCD):    -0.657ns
    Clock Pessimism Removal (CPR):    -0.078ns

    Location             Delay type                Incr(ns)  Path(ns)    Netlist Resource(s)
  -------------------------------------------------------------------    -------------------
                         (clock clk_out2_pll rise edge)
                                                      0.000     0.000 r  
    AD12                                              0.000     0.000 r  i_sys_clk_p (IN)
                         net (fo=0)                   0.000     0.000    pll_inst/inst/clk_in1_p
    AD12                 IBUFDS (Prop_ibufds_I_O)     0.388     0.388 r  pll_inst/inst/clkin1_ibufgds/O
                         net (fo=1, routed)           0.503     0.891    pll_inst/inst/clk_in1_pll
    MMCME2_ADV_X1Y1      MMCME2_ADV (Prop_mmcme2_adv_CLKIN1_CLKOUT1)
                                                     -3.040    -2.149 r  pll_inst/inst/mmcm_adv_inst/CLKOUT1
                         net (fo=1, routed)           0.940    -1.209    pll_inst/inst/clk_out2_pll
    BUFGCTRL_X0Y0        BUFG (Prop_bufg_I_O)         0.026    -1.183 r  pll_inst/inst/clkout2_buf/O
                         net (fo=33272, routed)       0.526    -0.657    student_top_inst/Core_cpu/u_dcache/clk
    SLICE_X51Y213        FDCE                                         r  student_top_inst/Core_cpu/u_dcache/req_tag_q_reg[4]/C
  -------------------------------------------------------------------    -------------------
    SLICE_X51Y213        FDCE (Prop_fdce_C_Q)         0.091    -0.566 r  student_top_inst/Core_cpu/u_dcache/req_tag_q_reg[4]/Q
                         net (fo=4, routed)           0.113    -0.453    student_top_inst/Core_cpu/u_dcache/tag_way1_q_reg_64_127_3_5/DIB
    SLICE_X52Y213        RAMD64E                                      r  student_top_inst/Core_cpu/u_dcache/tag_way1_q_reg_64_127_3_5/RAMB/I
  -------------------------------------------------------------------    -------------------

                         (clock clk_out2_pll rise edge)
                                                      0.000     0.000 r  
    AD12                                              0.000     0.000 r  i_sys_clk_p (IN)
                         net (fo=0)                   0.000     0.000    pll_inst/inst/clk_in1_p
    AD12                 IBUFDS (Prop_ibufds_I_O)     0.470     0.470 r  pll_inst/inst/clkin1_ibufgds/O
                         net (fo=1, routed)           0.553     1.023    pll_inst/inst/clk_in1_pll
    MMCME2_ADV_X1Y1      MMCME2_ADV (Prop_mmcme2_adv_CLKIN1_CLKOUT1)
                                                     -3.493    -2.470 r  pll_inst/inst/mmcm_adv_inst/CLKOUT1
                         net (fo=1, routed)           1.007    -1.463    pll_inst/inst/clk_out2_pll
    BUFGCTRL_X0Y0        BUFG (Prop_bufg_I_O)         0.030    -1.433 r  pll_inst/inst/clkout2_buf/O
                         net (fo=33272, routed)       0.729    -0.704    student_top_inst/Core_cpu/u_dcache/tag_way1_q_reg_64_127_3_5/WCLK
    SLICE_X52Y213        RAMD64E                                      r  student_top_inst/Core_cpu/u_dcache/tag_way1_q_reg_64_127_3_5/RAMB/CLK
                         clock pessimism              0.078    -0.627    
    SLICE_X52Y213        RAMD64E (Hold_ramd64e_CLK_I)
                                                      0.094    -0.533    student_top_inst/Core_cpu/u_dcache/tag_way1_q_reg_64_127_3_5/RAMB
  -------------------------------------------------------------------
                         required time                          0.533    
                         arrival time                          -0.453    
  -------------------------------------------------------------------
                         slack                                  0.080    





Pulse Width Checks
--------------------------------------------------------------------------------------
Clock Name:         clk_out2_pll
Waveform(ns):       { 0.000 5.000 }
Period(ns):         10.000
Sources:            { pll_inst/inst/mmcm_adv_inst/CLKOUT1 }

Check Type        Corner  Lib Pin             Reference Pin  Required(ns)  Actual(ns)  Slack(ns)  Location         Pin
Min Period        n/a     RAMB36E1/CLKARDCLK  n/a            1.839         10.000      8.161      RAMB36_X5Y54     student_top_inst/Mem_IROM/U0/inst_blk_mem_gen/gnbram.gnativebmg.native_blk_mem_gen/valid.cstr/ramloop[0].ram.r/prim_init.ram/DEVICE_7SERIES.NO_BMM_INFO.TRUE_DP.SIMPLE_PRIM36.ram/CLKARDCLK
Min Period        n/a     RAMB36E1/CLKBWRCLK  n/a            1.839         10.000      8.161      RAMB36_X5Y54     student_top_inst/Mem_IROM/U0/inst_blk_mem_gen/gnbram.gnativebmg.native_blk_mem_gen/valid.cstr/ramloop[0].ram.r/prim_init.ram/DEVICE_7SERIES.NO_BMM_INFO.TRUE_DP.SIMPLE_PRIM36.ram/CLKBWRCLK
Min Period        n/a     RAMB36E1/CLKARDCLK  n/a            1.839         10.000      8.161      RAMB36_X5Y53     student_top_inst/Mem_IROM/U0/inst_blk_mem_gen/gnbram.gnativebmg.native_blk_mem_gen/valid.cstr/ramloop[1].ram.r/prim_init.ram/DEVICE_7SERIES.NO_BMM_INFO.TRUE_DP.SIMPLE_PRIM36.ram/CLKARDCLK
Min Period        n/a     RAMB36E1/CLKBWRCLK  n/a            1.839         10.000      8.161      RAMB36_X5Y53     student_top_inst/Mem_IROM/U0/inst_blk_mem_gen/gnbram.gnativebmg.native_blk_mem_gen/valid.cstr/ramloop[1].ram.r/prim_init.ram/DEVICE_7SERIES.NO_BMM_INFO.TRUE_DP.SIMPLE_PRIM36.ram/CLKBWRCLK
Min Period        n/a     RAMB36E1/CLKARDCLK  n/a            1.839         10.000      8.161      RAMB36_X4Y49     student_top_inst/Mem_IROM/U0/inst_blk_mem_gen/gnbram.gnativebmg.native_blk_mem_gen/valid.cstr/ramloop[2].ram.r/prim_init.ram/DEVICE_7SERIES.NO_BMM_INFO.TRUE_DP.SIMPLE_PRIM36.ram/CLKARDCLK
Min Period        n/a     RAMB36E1/CLKBWRCLK  n/a            1.839         10.000      8.161      RAMB36_X4Y49     student_top_inst/Mem_IROM/U0/inst_blk_mem_gen/gnbram.gnativebmg.native_blk_mem_gen/valid.cstr/ramloop[2].ram.r/prim_init.ram/DEVICE_7SERIES.NO_BMM_INFO.TRUE_DP.SIMPLE_PRIM36.ram/CLKBWRCLK
Min Period        n/a     RAMB36E1/CLKARDCLK  n/a            1.839         10.000      8.161      RAMB36_X5Y49     student_top_inst/Mem_IROM/U0/inst_blk_mem_gen/gnbram.gnativebmg.native_blk_mem_gen/valid.cstr/ramloop[3].ram.r/prim_init.ram/DEVICE_7SERIES.NO_BMM_INFO.TRUE_DP.SIMPLE_PRIM36.ram/CLKARDCLK
Min Period        n/a     RAMB36E1/CLKBWRCLK  n/a            1.839         10.000      8.161      RAMB36_X5Y49     student_top_inst/Mem_IROM/U0/inst_blk_mem_gen/gnbram.gnativebmg.native_blk_mem_gen/valid.cstr/ramloop[3].ram.r/prim_init.ram/DEVICE_7SERIES.NO_BMM_INFO.TRUE_DP.SIMPLE_PRIM36.ram/CLKBWRCLK
Min Period        n/a     RAMB36E1/CLKARDCLK  n/a            1.839         10.000      8.161      RAMB36_X2Y20     student_top_inst/mem_bridge/dram_adapter/dram/U0/inst_blk_mem_gen/gnbram.gnativebmg.native_blk_mem_gen/valid.cstr/ramloop[0].ram.r/prim_init.ram/DEVICE_7SERIES.NO_BMM_INFO.SP.SIMPLE_PRIM36.ram/CLKARDCLK
Min Period        n/a     RAMB36E1/CLKBWRCLK  n/a            1.839         10.000      8.161      RAMB36_X2Y20     student_top_inst/mem_bridge/dram_adapter/dram/U0/inst_blk_mem_gen/gnbram.gnativebmg.native_blk_mem_gen/valid.cstr/ramloop[0].ram.r/prim_init.ram/DEVICE_7SERIES.NO_BMM_INFO.SP.SIMPLE_PRIM36.ram/CLKBWRCLK
Max Period        n/a     MMCME2_ADV/CLKOUT1  n/a            213.360       10.000      203.360    MMCME2_ADV_X1Y1  pll_inst/inst/mmcm_adv_inst/CLKOUT1
Low Pulse Width   Slow    RAMD64E/CLK         n/a            0.768         5.000       4.232      SLICE_X120Y261   student_top_inst/Core_cpu/u_core/u_bpu/btb_return_q_reg_r1_0_127_0_0/DP.HIGH/CLK
Low Pulse Width   Fast    RAMD64E/CLK         n/a            0.768         5.000       4.232      SLICE_X120Y261   student_top_inst/Core_cpu/u_core/u_bpu/btb_return_q_reg_r1_0_127_0_0/DP.HIGH/CLK
Low Pulse Width   Slow    RAMD64E/CLK         n/a            0.768         5.000       4.232      SLICE_X120Y261   student_top_inst/Core_cpu/u_core/u_bpu/btb_return_q_reg_r1_0_127_0_0/DP.LOW/CLK
Low Pulse Width   Fast    RAMD64E/CLK         n/a            0.768         5.000       4.232      SLICE_X120Y261   student_top_inst/Core_cpu/u_core/u_bpu/btb_return_q_reg_r1_0_127_0_0/DP.LOW/CLK
Low Pulse Width   Slow    RAMD64E/CLK         n/a            0.768         5.000       4.232      SLICE_X120Y261   student_top_inst/Core_cpu/u_core/u_bpu/btb_return_q_reg_r1_0_127_0_0/SP.HIGH/CLK
Low Pulse Width   Fast    RAMD64E/CLK         n/a            0.768         5.000       4.232      SLICE_X120Y261   student_top_inst/Core_cpu/u_core/u_bpu/btb_return_q_reg_r1_0_127_0_0/SP.HIGH/CLK
Low Pulse Width   Slow    RAMD64E/CLK         n/a            0.768         5.000       4.232      SLICE_X120Y261   student_top_inst/Core_cpu/u_core/u_bpu/btb_return_q_reg_r1_0_127_0_0/SP.LOW/CLK
Low Pulse Width   Fast    RAMD64E/CLK         n/a            0.768         5.000       4.232      SLICE_X120Y261   student_top_inst/Core_cpu/u_core/u_bpu/btb_return_q_reg_r1_0_127_0_0/SP.LOW/CLK
Low Pulse Width   Slow    RAMD64E/CLK         n/a            0.768         5.000       4.232      SLICE_X118Y260   student_top_inst/Core_cpu/u_core/u_bpu/btb_return_q_reg_r1_128_255_0_0/DP.HIGH/CLK
Low Pulse Width   Fast    RAMD64E/CLK         n/a            0.768         5.000       4.232      SLICE_X118Y260   student_top_inst/Core_cpu/u_core/u_bpu/btb_return_q_reg_r1_128_255_0_0/DP.HIGH/CLK
High Pulse Width  Slow    RAMD64E/CLK         n/a            0.768         5.000       4.232      SLICE_X120Y261   student_top_inst/Core_cpu/u_core/u_bpu/btb_return_q_reg_r1_0_127_0_0/DP.HIGH/CLK
High Pulse Width  Fast    RAMD64E/CLK         n/a            0.768         5.000       4.232      SLICE_X120Y261   student_top_inst/Core_cpu/u_core/u_bpu/btb_return_q_reg_r1_0_127_0_0/DP.HIGH/CLK
High Pulse Width  Slow    RAMD64E/CLK         n/a            0.768         5.000       4.232      SLICE_X120Y261   student_top_inst/Core_cpu/u_core/u_bpu/btb_return_q_reg_r1_0_127_0_0/DP.LOW/CLK
High Pulse Width  Fast    RAMD64E/CLK         n/a            0.768         5.000       4.232      SLICE_X120Y261   student_top_inst/Core_cpu/u_core/u_bpu/btb_return_q_reg_r1_0_127_0_0/DP.LOW/CLK
High Pulse Width  Slow    RAMD64E/CLK         n/a            0.768         5.000       4.232      SLICE_X120Y261   student_top_inst/Core_cpu/u_core/u_bpu/btb_return_q_reg_r1_0_127_0_0/SP.HIGH/CLK
High Pulse Width  Fast    RAMD64E/CLK         n/a            0.768         5.000       4.232      SLICE_X120Y261   student_top_inst/Core_cpu/u_core/u_bpu/btb_return_q_reg_r1_0_127_0_0/SP.HIGH/CLK
High Pulse Width  Slow    RAMD64E/CLK         n/a            0.768         5.000       4.232      SLICE_X120Y261   student_top_inst/Core_cpu/u_core/u_bpu/btb_return_q_reg_r1_0_127_0_0/SP.LOW/CLK
High Pulse Width  Fast    RAMD64E/CLK         n/a            0.768         5.000       4.232      SLICE_X120Y261   student_top_inst/Core_cpu/u_core/u_bpu/btb_return_q_reg_r1_0_127_0_0/SP.LOW/CLK
High Pulse Width  Slow    RAMD64E/CLK         n/a            0.768         5.000       4.232      SLICE_X118Y260   student_top_inst/Core_cpu/u_core/u_bpu/btb_return_q_reg_r1_128_255_0_0/DP.HIGH/CLK
High Pulse Width  Fast    RAMD64E/CLK         n/a            0.768         5.000       4.232      SLICE_X118Y260   student_top_inst/Core_cpu/u_core/u_bpu/btb_return_q_reg_r1_128_255_0_0/DP.HIGH/CLK



---------------------------------------------------------------------------------------------------
From Clock:  clkfbout_pll
  To Clock:  clkfbout_pll

Setup :           NA  Failing Endpoints,  Worst Slack           NA  ,  Total Violation           NA
Hold  :           NA  Failing Endpoints,  Worst Slack           NA  ,  Total Violation           NA
PW    :            0  Failing Endpoints,  Worst Slack        3.592ns,  Total Violation        0.000ns
---------------------------------------------------------------------------------------------------


Pulse Width Checks
--------------------------------------------------------------------------------------
Clock Name:         clkfbout_pll
Waveform(ns):       { 0.000 2.500 }
Period(ns):         5.000
Sources:            { pll_inst/inst/mmcm_adv_inst/CLKFBOUT }

Check Type  Corner  Lib Pin              Reference Pin  Required(ns)  Actual(ns)  Slack(ns)  Location         Pin
Min Period  n/a     BUFG/I               n/a            1.408         5.000       3.591      BUFGCTRL_X0Y2    pll_inst/inst/clkf_buf/I
Min Period  n/a     MMCME2_ADV/CLKFBOUT  n/a            1.071         5.000       3.929      MMCME2_ADV_X1Y1  pll_inst/inst/mmcm_adv_inst/CLKFBOUT
Min Period  n/a     MMCME2_ADV/CLKFBIN   n/a            1.071         5.000       3.929      MMCME2_ADV_X1Y1  pll_inst/inst/mmcm_adv_inst/CLKFBIN
Max Period  n/a     MMCME2_ADV/CLKFBIN   n/a            100.000       5.000       95.000     MMCME2_ADV_X1Y1  pll_inst/inst/mmcm_adv_inst/CLKFBIN
Max Period  n/a     MMCME2_ADV/CLKFBOUT  n/a            213.360       5.000       208.360    MMCME2_ADV_X1Y1  pll_inst/inst/mmcm_adv_inst/CLKFBOUT



---------------------------------------------------------------------------------------------------
Path Group:  **async_default**
From Clock:  clk_out1_pll
  To Clock:  clk_out1_pll

Setup :            0  Failing Endpoints,  Worst Slack       17.636ns,  Total Violation        0.000ns
Hold  :            0  Failing Endpoints,  Worst Slack        0.312ns,  Total Violation        0.000ns
---------------------------------------------------------------------------------------------------


Max Delay Paths
--------------------------------------------------------------------------------------
Slack (MET) :             17.636ns  (required time - arrival time)
  Source:                 rst_50m_sync_reg/C
                            (rising edge-triggered cell FDPE clocked by clk_out1_pll  {rise@0.000ns fall@10.000ns period=20.000ns})
  Destination:            twin_controller_inst/status_buffer_reg[15][2]/CLR
                            (recovery check against rising-edge clock clk_out1_pll  {rise@0.000ns fall@10.000ns period=20.000ns})
  Path Group:             **async_default**
  Path Type:              Recovery (Max at Slow Process Corner)
  Requirement:            20.000ns  (clk_out1_pll rise@20.000ns - clk_out1_pll rise@0.000ns)
  Data Path Delay:        1.791ns  (logic 0.204ns (11.392%)  route 1.587ns (88.608%))
  Logic Levels:           0  
  Clock Path Skew:        -0.205ns (DCD - SCD + CPR)
    Destination Clock Delay (DCD):    -1.732ns = ( 18.268 - 20.000 ) 
    Source Clock Delay      (SCD):    -2.221ns
    Clock Pessimism Removal (CPR):    -0.695ns
  Clock Uncertainty:      0.074ns  ((TSJ^2 + DJ^2)^1/2) / 2 + PE
    Total System Jitter     (TSJ):    0.071ns
    Discrete Jitter          (DJ):    0.129ns
    Phase Error              (PE):    0.000ns

    Location             Delay type                Incr(ns)  Path(ns)    Netlist Resource(s)
  -------------------------------------------------------------------    -------------------
                         (clock clk_out1_pll rise edge)
                                                      0.000     0.000 r  
    AD12                                              0.000     0.000 r  i_sys_clk_p (IN)
                         net (fo=0)                   0.000     0.000    pll_inst/inst/clk_in1_p
    AD12                 IBUFDS (Prop_ibufds_I_O)     0.906     0.906 r  pll_inst/inst/clkin1_ibufgds/O
                         net (fo=1, routed)           1.081     1.987    pll_inst/inst/clk_in1_pll
    MMCME2_ADV_X1Y1      MMCME2_ADV (Prop_mmcme2_adv_CLKIN1_CLKOUT0)
                                                     -7.786    -5.799 r  pll_inst/inst/mmcm_adv_inst/CLKOUT0
                         net (fo=1, routed)           2.130    -3.669    pll_inst/inst/clk_out1_pll
    BUFGCTRL_X0Y1        BUFG (Prop_bufg_I_O)         0.093    -3.576 r  pll_inst/inst/clkout1_buf/O
                         net (fo=581, routed)         1.355    -2.221    w_clk_50Mhz
    SLICE_X3Y193         FDPE                                         r  rst_50m_sync_reg/C
  -------------------------------------------------------------------    -------------------
    SLICE_X3Y193         FDPE (Prop_fdpe_C_Q)         0.204    -2.017 f  rst_50m_sync_reg/Q
                         net (fo=314, routed)         1.587    -0.431    twin_controller_inst/tx_start_i_2_n_0
    SLICE_X9Y206         FDCE                                         f  twin_controller_inst/status_buffer_reg[15][2]/CLR
  -------------------------------------------------------------------    -------------------

                         (clock clk_out1_pll rise edge)
                                                     20.000    20.000 r  
    AD12                                              0.000    20.000 r  i_sys_clk_p (IN)
                         net (fo=0)                   0.000    20.000    pll_inst/inst/clk_in1_p
    AD12                 IBUFDS (Prop_ibufds_I_O)     0.803    20.803 r  pll_inst/inst/clkin1_ibufgds/O
                         net (fo=1, routed)           0.986    21.789    pll_inst/inst/clk_in1_pll
    MMCME2_ADV_X1Y1      MMCME2_ADV (Prop_mmcme2_adv_CLKIN1_CLKOUT0)
                                                     -6.759    15.030 r  pll_inst/inst/mmcm_adv_inst/CLKOUT0
                         net (fo=1, routed)           2.005    17.035    pll_inst/inst/clk_out1_pll
    BUFGCTRL_X0Y1        BUFG (Prop_bufg_I_O)         0.083    17.118 r  pll_inst/inst/clkout1_buf/O
                         net (fo=581, routed)         1.150    18.268    twin_controller_inst/clk
    SLICE_X9Y206         FDCE                                         r  twin_controller_inst/status_buffer_reg[15][2]/C
                         clock pessimism             -0.695    17.574    
                         clock uncertainty           -0.074    17.500    
    SLICE_X9Y206         FDCE (Recov_fdce_C_CLR)     -0.295    17.205    twin_controller_inst/status_buffer_reg[15][2]
  -------------------------------------------------------------------
                         required time                         17.205    
                         arrival time                           0.431    
  -------------------------------------------------------------------
                         slack                                 17.636    

Slack (MET) :             17.636ns  (required time - arrival time)
  Source:                 rst_50m_sync_reg/C
                            (rising edge-triggered cell FDPE clocked by clk_out1_pll  {rise@0.000ns fall@10.000ns period=20.000ns})
  Destination:            twin_controller_inst/status_buffer_reg[15][4]/CLR
                            (recovery check against rising-edge clock clk_out1_pll  {rise@0.000ns fall@10.000ns period=20.000ns})
  Path Group:             **async_default**
  Path Type:              Recovery (Max at Slow Process Corner)
  Requirement:            20.000ns  (clk_out1_pll rise@20.000ns - clk_out1_pll rise@0.000ns)
  Data Path Delay:        1.791ns  (logic 0.204ns (11.392%)  route 1.587ns (88.608%))
  Logic Levels:           0  
  Clock Path Skew:        -0.205ns (DCD - SCD + CPR)
    Destination Clock Delay (DCD):    -1.732ns = ( 18.268 - 20.000 ) 
    Source Clock Delay      (SCD):    -2.221ns
    Clock Pessimism Removal (CPR):    -0.695ns
  Clock Uncertainty:      0.074ns  ((TSJ^2 + DJ^2)^1/2) / 2 + PE
    Total System Jitter     (TSJ):    0.071ns
    Discrete Jitter          (DJ):    0.129ns
    Phase Error              (PE):    0.000ns

    Location             Delay type                Incr(ns)  Path(ns)    Netlist Resource(s)
  -------------------------------------------------------------------    -------------------
                         (clock clk_out1_pll rise edge)
                                                      0.000     0.000 r  
    AD12                                              0.000     0.000 r  i_sys_clk_p (IN)
                         net (fo=0)                   0.000     0.000    pll_inst/inst/clk_in1_p
    AD12                 IBUFDS (Prop_ibufds_I_O)     0.906     0.906 r  pll_inst/inst/clkin1_ibufgds/O
                         net (fo=1, routed)           1.081     1.987    pll_inst/inst/clk_in1_pll
    MMCME2_ADV_X1Y1      MMCME2_ADV (Prop_mmcme2_adv_CLKIN1_CLKOUT0)
                                                     -7.786    -5.799 r  pll_inst/inst/mmcm_adv_inst/CLKOUT0
                         net (fo=1, routed)           2.130    -3.669    pll_inst/inst/clk_out1_pll
    BUFGCTRL_X0Y1        BUFG (Prop_bufg_I_O)         0.093    -3.576 r  pll_inst/inst/clkout1_buf/O
                         net (fo=581, routed)         1.355    -2.221    w_clk_50Mhz
    SLICE_X3Y193         FDPE                                         r  rst_50m_sync_reg/C
  -------------------------------------------------------------------    -------------------
    SLICE_X3Y193         FDPE (Prop_fdpe_C_Q)         0.204    -2.017 f  rst_50m_sync_reg/Q
                         net (fo=314, routed)         1.587    -0.431    twin_controller_inst/tx_start_i_2_n_0
    SLICE_X9Y206         FDCE                                         f  twin_controller_inst/status_buffer_reg[15][4]/CLR
  -------------------------------------------------------------------    -------------------

                         (clock clk_out1_pll rise edge)
                                                     20.000    20.000 r  
    AD12                                              0.000    20.000 r  i_sys_clk_p (IN)
                         net (fo=0)                   0.000    20.000    pll_inst/inst/clk_in1_p
    AD12                 IBUFDS (Prop_ibufds_I_O)     0.803    20.803 r  pll_inst/inst/clkin1_ibufgds/O
                         net (fo=1, routed)           0.986    21.789    pll_inst/inst/clk_in1_pll
    MMCME2_ADV_X1Y1      MMCME2_ADV (Prop_mmcme2_adv_CLKIN1_CLKOUT0)
                                                     -6.759    15.030 r  pll_inst/inst/mmcm_adv_inst/CLKOUT0
                         net (fo=1, routed)           2.005    17.035    pll_inst/inst/clk_out1_pll
    BUFGCTRL_X0Y1        BUFG (Prop_bufg_I_O)         0.083    17.118 r  pll_inst/inst/clkout1_buf/O
                         net (fo=581, routed)         1.150    18.268    twin_controller_inst/clk
    SLICE_X9Y206         FDCE                                         r  twin_controller_inst/status_buffer_reg[15][4]/C
                         clock pessimism             -0.695    17.574    
                         clock uncertainty           -0.074    17.500    
    SLICE_X9Y206         FDCE (Recov_fdce_C_CLR)     -0.295    17.205    twin_controller_inst/status_buffer_reg[15][4]
  -------------------------------------------------------------------
                         required time                         17.205    
                         arrival time                           0.431    
  -------------------------------------------------------------------
                         slack                                 17.636    

Slack (MET) :             17.636ns  (required time - arrival time)
  Source:                 rst_50m_sync_reg/C
                            (rising edge-triggered cell FDPE clocked by clk_out1_pll  {rise@0.000ns fall@10.000ns period=20.000ns})
  Destination:            twin_controller_inst/status_buffer_reg[15][6]/CLR
                            (recovery check against rising-edge clock clk_out1_pll  {rise@0.000ns fall@10.000ns period=20.000ns})
  Path Group:             **async_default**
  Path Type:              Recovery (Max at Slow Process Corner)
  Requirement:            20.000ns  (clk_out1_pll rise@20.000ns - clk_out1_pll rise@0.000ns)
  Data Path Delay:        1.791ns  (logic 0.204ns (11.392%)  route 1.587ns (88.608%))
  Logic Levels:           0  
  Clock Path Skew:        -0.205ns (DCD - SCD + CPR)
    Destination Clock Delay (DCD):    -1.732ns = ( 18.268 - 20.000 ) 
    Source Clock Delay      (SCD):    -2.221ns
    Clock Pessimism Removal (CPR):    -0.695ns
  Clock Uncertainty:      0.074ns  ((TSJ^2 + DJ^2)^1/2) / 2 + PE
    Total System Jitter     (TSJ):    0.071ns
    Discrete Jitter          (DJ):    0.129ns
    Phase Error              (PE):    0.000ns

    Location             Delay type                Incr(ns)  Path(ns)    Netlist Resource(s)
  -------------------------------------------------------------------    -------------------
                         (clock clk_out1_pll rise edge)
                                                      0.000     0.000 r  
    AD12                                              0.000     0.000 r  i_sys_clk_p (IN)
                         net (fo=0)                   0.000     0.000    pll_inst/inst/clk_in1_p
    AD12                 IBUFDS (Prop_ibufds_I_O)     0.906     0.906 r  pll_inst/inst/clkin1_ibufgds/O
                         net (fo=1, routed)           1.081     1.987    pll_inst/inst/clk_in1_pll
    MMCME2_ADV_X1Y1      MMCME2_ADV (Prop_mmcme2_adv_CLKIN1_CLKOUT0)
                                                     -7.786    -5.799 r  pll_inst/inst/mmcm_adv_inst/CLKOUT0
                         net (fo=1, routed)           2.130    -3.669    pll_inst/inst/clk_out1_pll
    BUFGCTRL_X0Y1        BUFG (Prop_bufg_I_O)         0.093    -3.576 r  pll_inst/inst/clkout1_buf/O
                         net (fo=581, routed)         1.355    -2.221    w_clk_50Mhz
    SLICE_X3Y193         FDPE                                         r  rst_50m_sync_reg/C
  -------------------------------------------------------------------    -------------------
    SLICE_X3Y193         FDPE (Prop_fdpe_C_Q)         0.204    -2.017 f  rst_50m_sync_reg/Q
                         net (fo=314, routed)         1.587    -0.431    twin_controller_inst/tx_start_i_2_n_0
    SLICE_X9Y206         FDCE                                         f  twin_controller_inst/status_buffer_reg[15][6]/CLR
  -------------------------------------------------------------------    -------------------

                         (clock clk_out1_pll rise edge)
                                                     20.000    20.000 r  
    AD12                                              0.000    20.000 r  i_sys_clk_p (IN)
                         net (fo=0)                   0.000    20.000    pll_inst/inst/clk_in1_p
    AD12                 IBUFDS (Prop_ibufds_I_O)     0.803    20.803 r  pll_inst/inst/clkin1_ibufgds/O
                         net (fo=1, routed)           0.986    21.789    pll_inst/inst/clk_in1_pll
    MMCME2_ADV_X1Y1      MMCME2_ADV (Prop_mmcme2_adv_CLKIN1_CLKOUT0)
                                                     -6.759    15.030 r  pll_inst/inst/mmcm_adv_inst/CLKOUT0
                         net (fo=1, routed)           2.005    17.035    pll_inst/inst/clk_out1_pll
    BUFGCTRL_X0Y1        BUFG (Prop_bufg_I_O)         0.083    17.118 r  pll_inst/inst/clkout1_buf/O
                         net (fo=581, routed)         1.150    18.268    twin_controller_inst/clk
    SLICE_X9Y206         FDCE                                         r  twin_controller_inst/status_buffer_reg[15][6]/C
                         clock pessimism             -0.695    17.574    
                         clock uncertainty           -0.074    17.500    
    SLICE_X9Y206         FDCE (Recov_fdce_C_CLR)     -0.295    17.205    twin_controller_inst/status_buffer_reg[15][6]
  -------------------------------------------------------------------
                         required time                         17.205    
                         arrival time                           0.431    
  -------------------------------------------------------------------
                         slack                                 17.636    

Slack (MET) :             17.636ns  (required time - arrival time)
  Source:                 rst_50m_sync_reg/C
                            (rising edge-triggered cell FDPE clocked by clk_out1_pll  {rise@0.000ns fall@10.000ns period=20.000ns})
  Destination:            twin_controller_inst/status_buffer_reg[3][4]/CLR
                            (recovery check against rising-edge clock clk_out1_pll  {rise@0.000ns fall@10.000ns period=20.000ns})
  Path Group:             **async_default**
  Path Type:              Recovery (Max at Slow Process Corner)
  Requirement:            20.000ns  (clk_out1_pll rise@20.000ns - clk_out1_pll rise@0.000ns)
  Data Path Delay:        1.791ns  (logic 0.204ns (11.392%)  route 1.587ns (88.608%))
  Logic Levels:           0  
  Clock Path Skew:        -0.205ns (DCD - SCD + CPR)
    Destination Clock Delay (DCD):    -1.732ns = ( 18.268 - 20.000 ) 
    Source Clock Delay      (SCD):    -2.221ns
    Clock Pessimism Removal (CPR):    -0.695ns
  Clock Uncertainty:      0.074ns  ((TSJ^2 + DJ^2)^1/2) / 2 + PE
    Total System Jitter     (TSJ):    0.071ns
    Discrete Jitter          (DJ):    0.129ns
    Phase Error              (PE):    0.000ns

    Location             Delay type                Incr(ns)  Path(ns)    Netlist Resource(s)
  -------------------------------------------------------------------    -------------------
                         (clock clk_out1_pll rise edge)
                                                      0.000     0.000 r  
    AD12                                              0.000     0.000 r  i_sys_clk_p (IN)
                         net (fo=0)                   0.000     0.000    pll_inst/inst/clk_in1_p
    AD12                 IBUFDS (Prop_ibufds_I_O)     0.906     0.906 r  pll_inst/inst/clkin1_ibufgds/O
                         net (fo=1, routed)           1.081     1.987    pll_inst/inst/clk_in1_pll
    MMCME2_ADV_X1Y1      MMCME2_ADV (Prop_mmcme2_adv_CLKIN1_CLKOUT0)
                                                     -7.786    -5.799 r  pll_inst/inst/mmcm_adv_inst/CLKOUT0
                         net (fo=1, routed)           2.130    -3.669    pll_inst/inst/clk_out1_pll
    BUFGCTRL_X0Y1        BUFG (Prop_bufg_I_O)         0.093    -3.576 r  pll_inst/inst/clkout1_buf/O
                         net (fo=581, routed)         1.355    -2.221    w_clk_50Mhz
    SLICE_X3Y193         FDPE                                         r  rst_50m_sync_reg/C
  -------------------------------------------------------------------    -------------------
    SLICE_X3Y193         FDPE (Prop_fdpe_C_Q)         0.204    -2.017 f  rst_50m_sync_reg/Q
                         net (fo=314, routed)         1.587    -0.431    twin_controller_inst/tx_start_i_2_n_0
    SLICE_X9Y206         FDCE                                         f  twin_controller_inst/status_buffer_reg[3][4]/CLR
  -------------------------------------------------------------------    -------------------

                         (clock clk_out1_pll rise edge)
                                                     20.000    20.000 r  
    AD12                                              0.000    20.000 r  i_sys_clk_p (IN)
                         net (fo=0)                   0.000    20.000    pll_inst/inst/clk_in1_p
    AD12                 IBUFDS (Prop_ibufds_I_O)     0.803    20.803 r  pll_inst/inst/clkin1_ibufgds/O
                         net (fo=1, routed)           0.986    21.789    pll_inst/inst/clk_in1_pll
    MMCME2_ADV_X1Y1      MMCME2_ADV (Prop_mmcme2_adv_CLKIN1_CLKOUT0)
                                                     -6.759    15.030 r  pll_inst/inst/mmcm_adv_inst/CLKOUT0
                         net (fo=1, routed)           2.005    17.035    pll_inst/inst/clk_out1_pll
    BUFGCTRL_X0Y1        BUFG (Prop_bufg_I_O)         0.083    17.118 r  pll_inst/inst/clkout1_buf/O
                         net (fo=581, routed)         1.150    18.268    twin_controller_inst/clk
    SLICE_X9Y206         FDCE                                         r  twin_controller_inst/status_buffer_reg[3][4]/C
                         clock pessimism             -0.695    17.574    
                         clock uncertainty           -0.074    17.500    
    SLICE_X9Y206         FDCE (Recov_fdce_C_CLR)     -0.295    17.205    twin_controller_inst/status_buffer_reg[3][4]
  -------------------------------------------------------------------
                         required time                         17.205    
                         arrival time                           0.431    
  -------------------------------------------------------------------
                         slack                                 17.636    

Slack (MET) :             17.807ns  (required time - arrival time)
  Source:                 rst_50m_sync_reg/C
                            (rising edge-triggered cell FDPE clocked by clk_out1_pll  {rise@0.000ns fall@10.000ns period=20.000ns})
  Destination:            twin_controller_inst/status_buffer_reg[10][6]/CLR
                            (recovery check against rising-edge clock clk_out1_pll  {rise@0.000ns fall@10.000ns period=20.000ns})
  Path Group:             **async_default**
  Path Type:              Recovery (Max at Slow Process Corner)
  Requirement:            20.000ns  (clk_out1_pll rise@20.000ns - clk_out1_pll rise@0.000ns)
  Data Path Delay:        1.620ns  (logic 0.204ns (12.590%)  route 1.416ns (87.410%))
  Logic Levels:           0  
  Clock Path Skew:        -0.204ns (DCD - SCD + CPR)
    Destination Clock Delay (DCD):    -1.731ns = ( 18.269 - 20.000 ) 
    Source Clock Delay      (SCD):    -2.221ns
    Clock Pessimism Removal (CPR):    -0.695ns
  Clock Uncertainty:      0.074ns  ((TSJ^2 + DJ^2)^1/2) / 2 + PE
    Total System Jitter     (TSJ):    0.071ns
    Discrete Jitter          (DJ):    0.129ns
    Phase Error              (PE):    0.000ns

    Location             Delay type                Incr(ns)  Path(ns)    Netlist Resource(s)
  -------------------------------------------------------------------    -------------------
                         (clock clk_out1_pll rise edge)
                                                      0.000     0.000 r  
    AD12                                              0.000     0.000 r  i_sys_clk_p (IN)
                         net (fo=0)                   0.000     0.000    pll_inst/inst/clk_in1_p
    AD12                 IBUFDS (Prop_ibufds_I_O)     0.906     0.906 r  pll_inst/inst/clkin1_ibufgds/O
                         net (fo=1, routed)           1.081     1.987    pll_inst/inst/clk_in1_pll
    MMCME2_ADV_X1Y1      MMCME2_ADV (Prop_mmcme2_adv_CLKIN1_CLKOUT0)
                                                     -7.786    -5.799 r  pll_inst/inst/mmcm_adv_inst/CLKOUT0
                         net (fo=1, routed)           2.130    -3.669    pll_inst/inst/clk_out1_pll
    BUFGCTRL_X0Y1        BUFG (Prop_bufg_I_O)         0.093    -3.576 r  pll_inst/inst/clkout1_buf/O
                         net (fo=581, routed)         1.355    -2.221    w_clk_50Mhz
    SLICE_X3Y193         FDPE                                         r  rst_50m_sync_reg/C
  -------------------------------------------------------------------    -------------------
    SLICE_X3Y193         FDPE (Prop_fdpe_C_Q)         0.204    -2.017 f  rst_50m_sync_reg/Q
                         net (fo=314, routed)         1.416    -0.601    twin_controller_inst/tx_start_i_2_n_0
    SLICE_X9Y204         FDCE                                         f  twin_controller_inst/status_buffer_reg[10][6]/CLR
  -------------------------------------------------------------------    -------------------

                         (clock clk_out1_pll rise edge)
                                                     20.000    20.000 r  
    AD12                                              0.000    20.000 r  i_sys_clk_p (IN)
                         net (fo=0)                   0.000    20.000    pll_inst/inst/clk_in1_p
    AD12                 IBUFDS (Prop_ibufds_I_O)     0.803    20.803 r  pll_inst/inst/clkin1_ibufgds/O
                         net (fo=1, routed)           0.986    21.789    pll_inst/inst/clk_in1_pll
    MMCME2_ADV_X1Y1      MMCME2_ADV (Prop_mmcme2_adv_CLKIN1_CLKOUT0)
                                                     -6.759    15.030 r  pll_inst/inst/mmcm_adv_inst/CLKOUT0
                         net (fo=1, routed)           2.005    17.035    pll_inst/inst/clk_out1_pll
    BUFGCTRL_X0Y1        BUFG (Prop_bufg_I_O)         0.083    17.118 r  pll_inst/inst/clkout1_buf/O
                         net (fo=581, routed)         1.151    18.269    twin_controller_inst/clk
    SLICE_X9Y204         FDCE                                         r  twin_controller_inst/status_buffer_reg[10][6]/C
                         clock pessimism             -0.695    17.575    
                         clock uncertainty           -0.074    17.501    
    SLICE_X9Y204         FDCE (Recov_fdce_C_CLR)     -0.295    17.206    twin_controller_inst/status_buffer_reg[10][6]
  -------------------------------------------------------------------
                         required time                         17.206    
                         arrival time                           0.601    
  -------------------------------------------------------------------
                         slack                                 17.807    

Slack (MET) :             17.807ns  (required time - arrival time)
  Source:                 rst_50m_sync_reg/C
                            (rising edge-triggered cell FDPE clocked by clk_out1_pll  {rise@0.000ns fall@10.000ns period=20.000ns})
  Destination:            twin_controller_inst/status_buffer_reg[11][6]/CLR
                            (recovery check against rising-edge clock clk_out1_pll  {rise@0.000ns fall@10.000ns period=20.000ns})
  Path Group:             **async_default**
  Path Type:              Recovery (Max at Slow Process Corner)
  Requirement:            20.000ns  (clk_out1_pll rise@20.000ns - clk_out1_pll rise@0.000ns)
  Data Path Delay:        1.620ns  (logic 0.204ns (12.590%)  route 1.416ns (87.410%))
  Logic Levels:           0  
  Clock Path Skew:        -0.204ns (DCD - SCD + CPR)
    Destination Clock Delay (DCD):    -1.731ns = ( 18.269 - 20.000 ) 
    Source Clock Delay      (SCD):    -2.221ns
    Clock Pessimism Removal (CPR):    -0.695ns
  Clock Uncertainty:      0.074ns  ((TSJ^2 + DJ^2)^1/2) / 2 + PE
    Total System Jitter     (TSJ):    0.071ns
    Discrete Jitter          (DJ):    0.129ns
    Phase Error              (PE):    0.000ns

    Location             Delay type                Incr(ns)  Path(ns)    Netlist Resource(s)
  -------------------------------------------------------------------    -------------------
                         (clock clk_out1_pll rise edge)
                                                      0.000     0.000 r  
    AD12                                              0.000     0.000 r  i_sys_clk_p (IN)
                         net (fo=0)                   0.000     0.000    pll_inst/inst/clk_in1_p
    AD12                 IBUFDS (Prop_ibufds_I_O)     0.906     0.906 r  pll_inst/inst/clkin1_ibufgds/O
                         net (fo=1, routed)           1.081     1.987    pll_inst/inst/clk_in1_pll
    MMCME2_ADV_X1Y1      MMCME2_ADV (Prop_mmcme2_adv_CLKIN1_CLKOUT0)
                                                     -7.786    -5.799 r  pll_inst/inst/mmcm_adv_inst/CLKOUT0
                         net (fo=1, routed)           2.130    -3.669    pll_inst/inst/clk_out1_pll
    BUFGCTRL_X0Y1        BUFG (Prop_bufg_I_O)         0.093    -3.576 r  pll_inst/inst/clkout1_buf/O
                         net (fo=581, routed)         1.355    -2.221    w_clk_50Mhz
    SLICE_X3Y193         FDPE                                         r  rst_50m_sync_reg/C
  -------------------------------------------------------------------    -------------------
    SLICE_X3Y193         FDPE (Prop_fdpe_C_Q)         0.204    -2.017 f  rst_50m_sync_reg/Q
                         net (fo=314, routed)         1.416    -0.601    twin_controller_inst/tx_start_i_2_n_0
    SLICE_X9Y204         FDCE                                         f  twin_controller_inst/status_buffer_reg[11][6]/CLR
  -------------------------------------------------------------------    -------------------

                         (clock clk_out1_pll rise edge)
                                                     20.000    20.000 r  
    AD12                                              0.000    20.000 r  i_sys_clk_p (IN)
                         net (fo=0)                   0.000    20.000    pll_inst/inst/clk_in1_p
    AD12                 IBUFDS (Prop_ibufds_I_O)     0.803    20.803 r  pll_inst/inst/clkin1_ibufgds/O
                         net (fo=1, routed)           0.986    21.789    pll_inst/inst/clk_in1_pll
    MMCME2_ADV_X1Y1      MMCME2_ADV (Prop_mmcme2_adv_CLKIN1_CLKOUT0)
                                                     -6.759    15.030 r  pll_inst/inst/mmcm_adv_inst/CLKOUT0
                         net (fo=1, routed)           2.005    17.035    pll_inst/inst/clk_out1_pll
    BUFGCTRL_X0Y1        BUFG (Prop_bufg_I_O)         0.083    17.118 r  pll_inst/inst/clkout1_buf/O
                         net (fo=581, routed)         1.151    18.269    twin_controller_inst/clk
    SLICE_X9Y204         FDCE                                         r  twin_controller_inst/status_buffer_reg[11][6]/C
                         clock pessimism             -0.695    17.575    
                         clock uncertainty           -0.074    17.501    
    SLICE_X9Y204         FDCE (Recov_fdce_C_CLR)     -0.295    17.206    twin_controller_inst/status_buffer_reg[11][6]
  -------------------------------------------------------------------
                         required time                         17.206    
                         arrival time                           0.601    
  -------------------------------------------------------------------
                         slack                                 17.807    

Slack (MET) :             17.807ns  (required time - arrival time)
  Source:                 rst_50m_sync_reg/C
                            (rising edge-triggered cell FDPE clocked by clk_out1_pll  {rise@0.000ns fall@10.000ns period=20.000ns})
  Destination:            twin_controller_inst/status_buffer_reg[5][0]/CLR
                            (recovery check against rising-edge clock clk_out1_pll  {rise@0.000ns fall@10.000ns period=20.000ns})
  Path Group:             **async_default**
  Path Type:              Recovery (Max at Slow Process Corner)
  Requirement:            20.000ns  (clk_out1_pll rise@20.000ns - clk_out1_pll rise@0.000ns)
  Data Path Delay:        1.620ns  (logic 0.204ns (12.590%)  route 1.416ns (87.410%))
  Logic Levels:           0  
  Clock Path Skew:        -0.204ns (DCD - SCD + CPR)
    Destination Clock Delay (DCD):    -1.731ns = ( 18.269 - 20.000 ) 
    Source Clock Delay      (SCD):    -2.221ns
    Clock Pessimism Removal (CPR):    -0.695ns
  Clock Uncertainty:      0.074ns  ((TSJ^2 + DJ^2)^1/2) / 2 + PE
    Total System Jitter     (TSJ):    0.071ns
    Discrete Jitter          (DJ):    0.129ns
    Phase Error              (PE):    0.000ns

    Location             Delay type                Incr(ns)  Path(ns)    Netlist Resource(s)
  -------------------------------------------------------------------    -------------------
                         (clock clk_out1_pll rise edge)
                                                      0.000     0.000 r  
    AD12                                              0.000     0.000 r  i_sys_clk_p (IN)
                         net (fo=0)                   0.000     0.000    pll_inst/inst/clk_in1_p
    AD12                 IBUFDS (Prop_ibufds_I_O)     0.906     0.906 r  pll_inst/inst/clkin1_ibufgds/O
                         net (fo=1, routed)           1.081     1.987    pll_inst/inst/clk_in1_pll
    MMCME2_ADV_X1Y1      MMCME2_ADV (Prop_mmcme2_adv_CLKIN1_CLKOUT0)
                                                     -7.786    -5.799 r  pll_inst/inst/mmcm_adv_inst/CLKOUT0
                         net (fo=1, routed)           2.130    -3.669    pll_inst/inst/clk_out1_pll
    BUFGCTRL_X0Y1        BUFG (Prop_bufg_I_O)         0.093    -3.576 r  pll_inst/inst/clkout1_buf/O
                         net (fo=581, routed)         1.355    -2.221    w_clk_50Mhz
    SLICE_X3Y193         FDPE                                         r  rst_50m_sync_reg/C
  -------------------------------------------------------------------    -------------------
    SLICE_X3Y193         FDPE (Prop_fdpe_C_Q)         0.204    -2.017 f  rst_50m_sync_reg/Q
                         net (fo=314, routed)         1.416    -0.601    twin_controller_inst/tx_start_i_2_n_0
    SLICE_X9Y204         FDCE                                         f  twin_controller_inst/status_buffer_reg[5][0]/CLR
  -------------------------------------------------------------------    -------------------

                         (clock clk_out1_pll rise edge)
                                                     20.000    20.000 r  
    AD12                                              0.000    20.000 r  i_sys_clk_p (IN)
                         net (fo=0)                   0.000    20.000    pll_inst/inst/clk_in1_p
    AD12                 IBUFDS (Prop_ibufds_I_O)     0.803    20.803 r  pll_inst/inst/clkin1_ibufgds/O
                         net (fo=1, routed)           0.986    21.789    pll_inst/inst/clk_in1_pll
    MMCME2_ADV_X1Y1      MMCME2_ADV (Prop_mmcme2_adv_CLKIN1_CLKOUT0)
                                                     -6.759    15.030 r  pll_inst/inst/mmcm_adv_inst/CLKOUT0
                         net (fo=1, routed)           2.005    17.035    pll_inst/inst/clk_out1_pll
    BUFGCTRL_X0Y1        BUFG (Prop_bufg_I_O)         0.083    17.118 r  pll_inst/inst/clkout1_buf/O
                         net (fo=581, routed)         1.151    18.269    twin_controller_inst/clk
    SLICE_X9Y204         FDCE                                         r  twin_controller_inst/status_buffer_reg[5][0]/C
                         clock pessimism             -0.695    17.575    
                         clock uncertainty           -0.074    17.501    
    SLICE_X9Y204         FDCE (Recov_fdce_C_CLR)     -0.295    17.206    twin_controller_inst/status_buffer_reg[5][0]
  -------------------------------------------------------------------
                         required time                         17.206    
                         arrival time                           0.601    
  -------------------------------------------------------------------
                         slack                                 17.807    

Slack (MET) :             17.807ns  (required time - arrival time)
  Source:                 rst_50m_sync_reg/C
                            (rising edge-triggered cell FDPE clocked by clk_out1_pll  {rise@0.000ns fall@10.000ns period=20.000ns})
  Destination:            twin_controller_inst/status_buffer_reg[5][2]/CLR
                            (recovery check against rising-edge clock clk_out1_pll  {rise@0.000ns fall@10.000ns period=20.000ns})
  Path Group:             **async_default**
  Path Type:              Recovery (Max at Slow Process Corner)
  Requirement:            20.000ns  (clk_out1_pll rise@20.000ns - clk_out1_pll rise@0.000ns)
  Data Path Delay:        1.620ns  (logic 0.204ns (12.590%)  route 1.416ns (87.410%))
  Logic Levels:           0  
  Clock Path Skew:        -0.204ns (DCD - SCD + CPR)
    Destination Clock Delay (DCD):    -1.731ns = ( 18.269 - 20.000 ) 
    Source Clock Delay      (SCD):    -2.221ns
    Clock Pessimism Removal (CPR):    -0.695ns
  Clock Uncertainty:      0.074ns  ((TSJ^2 + DJ^2)^1/2) / 2 + PE
    Total System Jitter     (TSJ):    0.071ns
    Discrete Jitter          (DJ):    0.129ns
    Phase Error              (PE):    0.000ns

    Location             Delay type                Incr(ns)  Path(ns)    Netlist Resource(s)
  -------------------------------------------------------------------    -------------------
                         (clock clk_out1_pll rise edge)
                                                      0.000     0.000 r  
    AD12                                              0.000     0.000 r  i_sys_clk_p (IN)
                         net (fo=0)                   0.000     0.000    pll_inst/inst/clk_in1_p
    AD12                 IBUFDS (Prop_ibufds_I_O)     0.906     0.906 r  pll_inst/inst/clkin1_ibufgds/O
                         net (fo=1, routed)           1.081     1.987    pll_inst/inst/clk_in1_pll
    MMCME2_ADV_X1Y1      MMCME2_ADV (Prop_mmcme2_adv_CLKIN1_CLKOUT0)
                                                     -7.786    -5.799 r  pll_inst/inst/mmcm_adv_inst/CLKOUT0
                         net (fo=1, routed)           2.130    -3.669    pll_inst/inst/clk_out1_pll
    BUFGCTRL_X0Y1        BUFG (Prop_bufg_I_O)         0.093    -3.576 r  pll_inst/inst/clkout1_buf/O
                         net (fo=581, routed)         1.355    -2.221    w_clk_50Mhz
    SLICE_X3Y193         FDPE                                         r  rst_50m_sync_reg/C
  -------------------------------------------------------------------    -------------------
    SLICE_X3Y193         FDPE (Prop_fdpe_C_Q)         0.204    -2.017 f  rst_50m_sync_reg/Q
                         net (fo=314, routed)         1.416    -0.601    twin_controller_inst/tx_start_i_2_n_0
    SLICE_X9Y204         FDCE                                         f  twin_controller_inst/status_buffer_reg[5][2]/CLR
  -------------------------------------------------------------------    -------------------

                         (clock clk_out1_pll rise edge)
                                                     20.000    20.000 r  
    AD12                                              0.000    20.000 r  i_sys_clk_p (IN)
                         net (fo=0)                   0.000    20.000    pll_inst/inst/clk_in1_p
    AD12                 IBUFDS (Prop_ibufds_I_O)     0.803    20.803 r  pll_inst/inst/clkin1_ibufgds/O
                         net (fo=1, routed)           0.986    21.789    pll_inst/inst/clk_in1_pll
    MMCME2_ADV_X1Y1      MMCME2_ADV (Prop_mmcme2_adv_CLKIN1_CLKOUT0)
                                                     -6.759    15.030 r  pll_inst/inst/mmcm_adv_inst/CLKOUT0
                         net (fo=1, routed)           2.005    17.035    pll_inst/inst/clk_out1_pll
    BUFGCTRL_X0Y1        BUFG (Prop_bufg_I_O)         0.083    17.118 r  pll_inst/inst/clkout1_buf/O
                         net (fo=581, routed)         1.151    18.269    twin_controller_inst/clk
    SLICE_X9Y204         FDCE                                         r  twin_controller_inst/status_buffer_reg[5][2]/C
                         clock pessimism             -0.695    17.575    
                         clock uncertainty           -0.074    17.501    
    SLICE_X9Y204         FDCE (Recov_fdce_C_CLR)     -0.295    17.206    twin_controller_inst/status_buffer_reg[5][2]
  -------------------------------------------------------------------
                         required time                         17.206    
                         arrival time                           0.601    
  -------------------------------------------------------------------
                         slack                                 17.807    

Slack (MET) :             17.818ns  (required time - arrival time)
  Source:                 rst_50m_sync_reg/C
                            (rising edge-triggered cell FDPE clocked by clk_out1_pll  {rise@0.000ns fall@10.000ns period=20.000ns})
  Destination:            twin_controller_inst/status_buffer_reg[15][7]/CLR
                            (recovery check against rising-edge clock clk_out1_pll  {rise@0.000ns fall@10.000ns period=20.000ns})
  Path Group:             **async_default**
  Path Type:              Recovery (Max at Slow Process Corner)
  Requirement:            20.000ns  (clk_out1_pll rise@20.000ns - clk_out1_pll rise@0.000ns)
  Data Path Delay:        1.663ns  (logic 0.204ns (12.265%)  route 1.459ns (87.735%))
  Logic Levels:           0  
  Clock Path Skew:        -0.150ns (DCD - SCD + CPR)
    Destination Clock Delay (DCD):    -1.677ns = ( 18.323 - 20.000 ) 
    Source Clock Delay      (SCD):    -2.221ns
    Clock Pessimism Removal (CPR):    -0.695ns
  Clock Uncertainty:      0.074ns  ((TSJ^2 + DJ^2)^1/2) / 2 + PE
    Total System Jitter     (TSJ):    0.071ns
    Discrete Jitter          (DJ):    0.129ns
    Phase Error              (PE):    0.000ns

    Location             Delay type                Incr(ns)  Path(ns)    Netlist Resource(s)
  -------------------------------------------------------------------    -------------------
                         (clock clk_out1_pll rise edge)
                                                      0.000     0.000 r  
    AD12                                              0.000     0.000 r  i_sys_clk_p (IN)
                         net (fo=0)                   0.000     0.000    pll_inst/inst/clk_in1_p
    AD12                 IBUFDS (Prop_ibufds_I_O)     0.906     0.906 r  pll_inst/inst/clkin1_ibufgds/O
                         net (fo=1, routed)           1.081     1.987    pll_inst/inst/clk_in1_pll
    MMCME2_ADV_X1Y1      MMCME2_ADV (Prop_mmcme2_adv_CLKIN1_CLKOUT0)
                                                     -7.786    -5.799 r  pll_inst/inst/mmcm_adv_inst/CLKOUT0
                         net (fo=1, routed)           2.130    -3.669    pll_inst/inst/clk_out1_pll
    BUFGCTRL_X0Y1        BUFG (Prop_bufg_I_O)         0.093    -3.576 r  pll_inst/inst/clkout1_buf/O
                         net (fo=581, routed)         1.355    -2.221    w_clk_50Mhz
    SLICE_X3Y193         FDPE                                         r  rst_50m_sync_reg/C
  -------------------------------------------------------------------    -------------------
    SLICE_X3Y193         FDPE (Prop_fdpe_C_Q)         0.204    -2.017 f  rst_50m_sync_reg/Q
                         net (fo=314, routed)         1.459    -0.558    twin_controller_inst/tx_start_i_2_n_0
    SLICE_X4Y202         FDCE                                         f  twin_controller_inst/status_buffer_reg[15][7]/CLR
  -------------------------------------------------------------------    -------------------

                         (clock clk_out1_pll rise edge)
                                                     20.000    20.000 r  
    AD12                                              0.000    20.000 r  i_sys_clk_p (IN)
                         net (fo=0)                   0.000    20.000    pll_inst/inst/clk_in1_p
    AD12                 IBUFDS (Prop_ibufds_I_O)     0.803    20.803 r  pll_inst/inst/clkin1_ibufgds/O
                         net (fo=1, routed)           0.986    21.789    pll_inst/inst/clk_in1_pll
    MMCME2_ADV_X1Y1      MMCME2_ADV (Prop_mmcme2_adv_CLKIN1_CLKOUT0)
                                                     -6.759    15.030 r  pll_inst/inst/mmcm_adv_inst/CLKOUT0
                         net (fo=1, routed)           2.005    17.035    pll_inst/inst/clk_out1_pll
    BUFGCTRL_X0Y1        BUFG (Prop_bufg_I_O)         0.083    17.118 r  pll_inst/inst/clkout1_buf/O
                         net (fo=581, routed)         1.205    18.323    twin_controller_inst/clk
    SLICE_X4Y202         FDCE                                         r  twin_controller_inst/status_buffer_reg[15][7]/C
                         clock pessimism             -0.695    17.629    
                         clock uncertainty           -0.074    17.555    
    SLICE_X4Y202         FDCE (Recov_fdce_C_CLR)     -0.295    17.260    twin_controller_inst/status_buffer_reg[15][7]
  -------------------------------------------------------------------
                         required time                         17.260    
                         arrival time                           0.558    
  -------------------------------------------------------------------
                         slack                                 17.818    

Slack (MET) :             17.818ns  (required time - arrival time)
  Source:                 rst_50m_sync_reg/C
                            (rising edge-triggered cell FDPE clocked by clk_out1_pll  {rise@0.000ns fall@10.000ns period=20.000ns})
  Destination:            twin_controller_inst/status_buffer_reg[1][3]/CLR
                            (recovery check against rising-edge clock clk_out1_pll  {rise@0.000ns fall@10.000ns period=20.000ns})
  Path Group:             **async_default**
  Path Type:              Recovery (Max at Slow Process Corner)
  Requirement:            20.000ns  (clk_out1_pll rise@20.000ns - clk_out1_pll rise@0.000ns)
  Data Path Delay:        1.663ns  (logic 0.204ns (12.265%)  route 1.459ns (87.735%))
  Logic Levels:           0  
  Clock Path Skew:        -0.150ns (DCD - SCD + CPR)
    Destination Clock Delay (DCD):    -1.677ns = ( 18.323 - 20.000 ) 
    Source Clock Delay      (SCD):    -2.221ns
    Clock Pessimism Removal (CPR):    -0.695ns
  Clock Uncertainty:      0.074ns  ((TSJ^2 + DJ^2)^1/2) / 2 + PE
    Total System Jitter     (TSJ):    0.071ns
    Discrete Jitter          (DJ):    0.129ns
    Phase Error              (PE):    0.000ns

    Location             Delay type                Incr(ns)  Path(ns)    Netlist Resource(s)
  -------------------------------------------------------------------    -------------------
                         (clock clk_out1_pll rise edge)
                                                      0.000     0.000 r  
    AD12                                              0.000     0.000 r  i_sys_clk_p (IN)
                         net (fo=0)                   0.000     0.000    pll_inst/inst/clk_in1_p
    AD12                 IBUFDS (Prop_ibufds_I_O)     0.906     0.906 r  pll_inst/inst/clkin1_ibufgds/O
                         net (fo=1, routed)           1.081     1.987    pll_inst/inst/clk_in1_pll
    MMCME2_ADV_X1Y1      MMCME2_ADV (Prop_mmcme2_adv_CLKIN1_CLKOUT0)
                                                     -7.786    -5.799 r  pll_inst/inst/mmcm_adv_inst/CLKOUT0
                         net (fo=1, routed)           2.130    -3.669    pll_inst/inst/clk_out1_pll
    BUFGCTRL_X0Y1        BUFG (Prop_bufg_I_O)         0.093    -3.576 r  pll_inst/inst/clkout1_buf/O
                         net (fo=581, routed)         1.355    -2.221    w_clk_50Mhz
    SLICE_X3Y193         FDPE                                         r  rst_50m_sync_reg/C
  -------------------------------------------------------------------    -------------------
    SLICE_X3Y193         FDPE (Prop_fdpe_C_Q)         0.204    -2.017 f  rst_50m_sync_reg/Q
                         net (fo=314, routed)         1.459    -0.558    twin_controller_inst/tx_start_i_2_n_0
    SLICE_X4Y202         FDCE                                         f  twin_controller_inst/status_buffer_reg[1][3]/CLR
  -------------------------------------------------------------------    -------------------

                         (clock clk_out1_pll rise edge)
                                                     20.000    20.000 r  
    AD12                                              0.000    20.000 r  i_sys_clk_p (IN)
                         net (fo=0)                   0.000    20.000    pll_inst/inst/clk_in1_p
    AD12                 IBUFDS (Prop_ibufds_I_O)     0.803    20.803 r  pll_inst/inst/clkin1_ibufgds/O
                         net (fo=1, routed)           0.986    21.789    pll_inst/inst/clk_in1_pll
    MMCME2_ADV_X1Y1      MMCME2_ADV (Prop_mmcme2_adv_CLKIN1_CLKOUT0)
                                                     -6.759    15.030 r  pll_inst/inst/mmcm_adv_inst/CLKOUT0
                         net (fo=1, routed)           2.005    17.035    pll_inst/inst/clk_out1_pll
    BUFGCTRL_X0Y1        BUFG (Prop_bufg_I_O)         0.083    17.118 r  pll_inst/inst/clkout1_buf/O
                         net (fo=581, routed)         1.205    18.323    twin_controller_inst/clk
    SLICE_X4Y202         FDCE                                         r  twin_controller_inst/status_buffer_reg[1][3]/C
                         clock pessimism             -0.695    17.629    
                         clock uncertainty           -0.074    17.555    
    SLICE_X4Y202         FDCE (Recov_fdce_C_CLR)     -0.295    17.260    twin_controller_inst/status_buffer_reg[1][3]
  -------------------------------------------------------------------
                         required time                         17.260    
                         arrival time                           0.558    
  -------------------------------------------------------------------
                         slack                                 17.818    





Min Delay Paths
--------------------------------------------------------------------------------------
Slack (MET) :             0.312ns  (arrival time - required time)
  Source:                 rst_50m_sync_reg/C
                            (rising edge-triggered cell FDPE clocked by clk_out1_pll  {rise@0.000ns fall@10.000ns period=20.000ns})
  Destination:            uart_inst/rx_ready_cnt_reg[12]/CLR
                            (removal check against rising-edge clock clk_out1_pll  {rise@0.000ns fall@10.000ns period=20.000ns})
  Path Group:             **async_default**
  Path Type:              Removal (Min at Fast Process Corner)
  Requirement:            0.000ns  (clk_out1_pll rise@0.000ns - clk_out1_pll rise@0.000ns)
  Data Path Delay:        0.255ns  (logic 0.091ns (35.714%)  route 0.164ns (64.286%))
  Logic Levels:           0  
  Clock Path Skew:        0.031ns (DCD - SCD - CPR)
    Destination Clock Delay (DCD):    -0.610ns
    Source Clock Delay      (SCD):    -0.559ns
    Clock Pessimism Removal (CPR):    -0.083ns

    Location             Delay type                Incr(ns)  Path(ns)    Netlist Resource(s)
  -------------------------------------------------------------------    -------------------
                         (clock clk_out1_pll rise edge)
                                                      0.000     0.000 r  
    AD12                                              0.000     0.000 r  i_sys_clk_p (IN)
                         net (fo=0)                   0.000     0.000    pll_inst/inst/clk_in1_p
    AD12                 IBUFDS (Prop_ibufds_I_O)     0.388     0.388 r  pll_inst/inst/clkin1_ibufgds/O
                         net (fo=1, routed)           0.503     0.891    pll_inst/inst/clk_in1_pll
    MMCME2_ADV_X1Y1      MMCME2_ADV (Prop_mmcme2_adv_CLKIN1_CLKOUT0)
                                                     -3.040    -2.149 r  pll_inst/inst/mmcm_adv_inst/CLKOUT0
                         net (fo=1, routed)           0.940    -1.209    pll_inst/inst/clk_out1_pll
    BUFGCTRL_X0Y1        BUFG (Prop_bufg_I_O)         0.026    -1.183 r  pll_inst/inst/clkout1_buf/O
                         net (fo=581, routed)         0.624    -0.559    w_clk_50Mhz
    SLICE_X3Y193         FDPE                                         r  rst_50m_sync_reg/C
  -------------------------------------------------------------------    -------------------
    SLICE_X3Y193         FDPE (Prop_fdpe_C_Q)         0.091    -0.468 f  rst_50m_sync_reg/Q
                         net (fo=314, routed)         0.164    -0.304    uart_inst/rst_n
    SLICE_X6Y193         FDCE                                         f  uart_inst/rx_ready_cnt_reg[12]/CLR
  -------------------------------------------------------------------    -------------------

                         (clock clk_out1_pll rise edge)
                                                      0.000     0.000 r  
    AD12                                              0.000     0.000 r  i_sys_clk_p (IN)
                         net (fo=0)                   0.000     0.000    pll_inst/inst/clk_in1_p
    AD12                 IBUFDS (Prop_ibufds_I_O)     0.470     0.470 r  pll_inst/inst/clkin1_ibufgds/O
                         net (fo=1, routed)           0.553     1.023    pll_inst/inst/clk_in1_pll
    MMCME2_ADV_X1Y1      MMCME2_ADV (Prop_mmcme2_adv_CLKIN1_CLKOUT0)
                                                     -3.493    -2.470 r  pll_inst/inst/mmcm_adv_inst/CLKOUT0
                         net (fo=1, routed)           1.007    -1.463    pll_inst/inst/clk_out1_pll
    BUFGCTRL_X0Y1        BUFG (Prop_bufg_I_O)         0.030    -1.433 r  pll_inst/inst/clkout1_buf/O
                         net (fo=581, routed)         0.823    -0.610    uart_inst/clk
    SLICE_X6Y193         FDCE                                         r  uart_inst/rx_ready_cnt_reg[12]/C
                         clock pessimism              0.083    -0.528    
    SLICE_X6Y193         FDCE (Remov_fdce_C_CLR)     -0.088    -0.616    uart_inst/rx_ready_cnt_reg[12]
  -------------------------------------------------------------------
                         required time                          0.616    
                         arrival time                          -0.304    
  -------------------------------------------------------------------
                         slack                                  0.312    

Slack (MET) :             0.321ns  (arrival time - required time)
  Source:                 rst_50m_sync_reg/C
                            (rising edge-triggered cell FDPE clocked by clk_out1_pll  {rise@0.000ns fall@10.000ns period=20.000ns})
  Destination:            twin_controller_inst/status_buffer_reg[2][5]/CLR
                            (removal check against rising-edge clock clk_out1_pll  {rise@0.000ns fall@10.000ns period=20.000ns})
  Path Group:             **async_default**
  Path Type:              Removal (Min at Fast Process Corner)
  Requirement:            0.000ns  (clk_out1_pll rise@0.000ns - clk_out1_pll rise@0.000ns)
  Data Path Delay:        0.405ns  (logic 0.091ns (22.460%)  route 0.314ns (77.540%))
  Logic Levels:           0  
  Clock Path Skew:        0.191ns (DCD - SCD - CPR)
    Destination Clock Delay (DCD):    -0.618ns
    Source Clock Delay      (SCD):    -0.559ns
    Clock Pessimism Removal (CPR):    -0.251ns

    Location             Delay type                Incr(ns)  Path(ns)    Netlist Resource(s)
  -------------------------------------------------------------------    -------------------
                         (clock clk_out1_pll rise edge)
                                                      0.000     0.000 r  
    AD12                                              0.000     0.000 r  i_sys_clk_p (IN)
                         net (fo=0)                   0.000     0.000    pll_inst/inst/clk_in1_p
    AD12                 IBUFDS (Prop_ibufds_I_O)     0.388     0.388 r  pll_inst/inst/clkin1_ibufgds/O
                         net (fo=1, routed)           0.503     0.891    pll_inst/inst/clk_in1_pll
    MMCME2_ADV_X1Y1      MMCME2_ADV (Prop_mmcme2_adv_CLKIN1_CLKOUT0)
                                                     -3.040    -2.149 r  pll_inst/inst/mmcm_adv_inst/CLKOUT0
                         net (fo=1, routed)           0.940    -1.209    pll_inst/inst/clk_out1_pll
    BUFGCTRL_X0Y1        BUFG (Prop_bufg_I_O)         0.026    -1.183 r  pll_inst/inst/clkout1_buf/O
                         net (fo=581, routed)         0.624    -0.559    w_clk_50Mhz
    SLICE_X3Y193         FDPE                                         r  rst_50m_sync_reg/C
  -------------------------------------------------------------------    -------------------
    SLICE_X3Y193         FDPE (Prop_fdpe_C_Q)         0.091    -0.468 f  rst_50m_sync_reg/Q
                         net (fo=314, routed)         0.314    -0.153    twin_controller_inst/tx_start_i_2_n_0
    SLICE_X5Y201         FDCE                                         f  twin_controller_inst/status_buffer_reg[2][5]/CLR
  -------------------------------------------------------------------    -------------------

                         (clock clk_out1_pll rise edge)
                                                      0.000     0.000 r  
    AD12                                              0.000     0.000 r  i_sys_clk_p (IN)
                         net (fo=0)                   0.000     0.000    pll_inst/inst/clk_in1_p
    AD12                 IBUFDS (Prop_ibufds_I_O)     0.470     0.470 r  pll_inst/inst/clkin1_ibufgds/O
                         net (fo=1, routed)           0.553     1.023    pll_inst/inst/clk_in1_pll
    MMCME2_ADV_X1Y1      MMCME2_ADV (Prop_mmcme2_adv_CLKIN1_CLKOUT0)
                                                     -3.493    -2.470 r  pll_inst/inst/mmcm_adv_inst/CLKOUT0
                         net (fo=1, routed)           1.007    -1.463    pll_inst/inst/clk_out1_pll
    BUFGCTRL_X0Y1        BUFG (Prop_bufg_I_O)         0.030    -1.433 r  pll_inst/inst/clkout1_buf/O
                         net (fo=581, routed)         0.815    -0.618    twin_controller_inst/clk
    SLICE_X5Y201         FDCE                                         r  twin_controller_inst/status_buffer_reg[2][5]/C
                         clock pessimism              0.251    -0.368    
    SLICE_X5Y201         FDCE (Remov_fdce_C_CLR)     -0.107    -0.475    twin_controller_inst/status_buffer_reg[2][5]
  -------------------------------------------------------------------
                         required time                          0.475    
                         arrival time                          -0.153    
  -------------------------------------------------------------------
                         slack                                  0.321    

Slack (MET) :             0.321ns  (arrival time - required time)
  Source:                 rst_50m_sync_reg/C
                            (rising edge-triggered cell FDPE clocked by clk_out1_pll  {rise@0.000ns fall@10.000ns period=20.000ns})
  Destination:            twin_controller_inst/status_buffer_reg[9][0]/CLR
                            (removal check against rising-edge clock clk_out1_pll  {rise@0.000ns fall@10.000ns period=20.000ns})
  Path Group:             **async_default**
  Path Type:              Removal (Min at Fast Process Corner)
  Requirement:            0.000ns  (clk_out1_pll rise@0.000ns - clk_out1_pll rise@0.000ns)
  Data Path Delay:        0.405ns  (logic 0.091ns (22.460%)  route 0.314ns (77.540%))
  Logic Levels:           0  
  Clock Path Skew:        0.191ns (DCD - SCD - CPR)
    Destination Clock Delay (DCD):    -0.618ns
    Source Clock Delay      (SCD):    -0.559ns
    Clock Pessimism Removal (CPR):    -0.251ns

    Location             Delay type                Incr(ns)  Path(ns)    Netlist Resource(s)
  -------------------------------------------------------------------    -------------------
                         (clock clk_out1_pll rise edge)
                                                      0.000     0.000 r  
    AD12                                              0.000     0.000 r  i_sys_clk_p (IN)
                         net (fo=0)                   0.000     0.000    pll_inst/inst/clk_in1_p
    AD12                 IBUFDS (Prop_ibufds_I_O)     0.388     0.388 r  pll_inst/inst/clkin1_ibufgds/O
                         net (fo=1, routed)           0.503     0.891    pll_inst/inst/clk_in1_pll
    MMCME2_ADV_X1Y1      MMCME2_ADV (Prop_mmcme2_adv_CLKIN1_CLKOUT0)
                                                     -3.040    -2.149 r  pll_inst/inst/mmcm_adv_inst/CLKOUT0
                         net (fo=1, routed)           0.940    -1.209    pll_inst/inst/clk_out1_pll
    BUFGCTRL_X0Y1        BUFG (Prop_bufg_I_O)         0.026    -1.183 r  pll_inst/inst/clkout1_buf/O
                         net (fo=581, routed)         0.624    -0.559    w_clk_50Mhz
    SLICE_X3Y193         FDPE                                         r  rst_50m_sync_reg/C
  -------------------------------------------------------------------    -------------------
    SLICE_X3Y193         FDPE (Prop_fdpe_C_Q)         0.091    -0.468 f  rst_50m_sync_reg/Q
                         net (fo=314, routed)         0.314    -0.153    twin_controller_inst/tx_start_i_2_n_0
    SLICE_X5Y201         FDCE                                         f  twin_controller_inst/status_buffer_reg[9][0]/CLR
  -------------------------------------------------------------------    -------------------

                         (clock clk_out1_pll rise edge)
                                                      0.000     0.000 r  
    AD12                                              0.000     0.000 r  i_sys_clk_p (IN)
                         net (fo=0)                   0.000     0.000    pll_inst/inst/clk_in1_p
    AD12                 IBUFDS (Prop_ibufds_I_O)     0.470     0.470 r  pll_inst/inst/clkin1_ibufgds/O
                         net (fo=1, routed)           0.553     1.023    pll_inst/inst/clk_in1_pll
    MMCME2_ADV_X1Y1      MMCME2_ADV (Prop_mmcme2_adv_CLKIN1_CLKOUT0)
                                                     -3.493    -2.470 r  pll_inst/inst/mmcm_adv_inst/CLKOUT0
                         net (fo=1, routed)           1.007    -1.463    pll_inst/inst/clk_out1_pll
    BUFGCTRL_X0Y1        BUFG (Prop_bufg_I_O)         0.030    -1.433 r  pll_inst/inst/clkout1_buf/O
                         net (fo=581, routed)         0.815    -0.618    twin_controller_inst/clk
    SLICE_X5Y201         FDCE                                         r  twin_controller_inst/status_buffer_reg[9][0]/C
                         clock pessimism              0.251    -0.368    
    SLICE_X5Y201         FDCE (Remov_fdce_C_CLR)     -0.107    -0.475    twin_controller_inst/status_buffer_reg[9][0]
  -------------------------------------------------------------------
                         required time                          0.475    
                         arrival time                          -0.153    
  -------------------------------------------------------------------
                         slack                                  0.321    

Slack (MET) :             0.323ns  (arrival time - required time)
  Source:                 rst_50m_sync_reg/C
                            (rising edge-triggered cell FDPE clocked by clk_out1_pll  {rise@0.000ns fall@10.000ns period=20.000ns})
  Destination:            twin_controller_inst/status_buffer_reg[6][3]/CLR
                            (removal check against rising-edge clock clk_out1_pll  {rise@0.000ns fall@10.000ns period=20.000ns})
  Path Group:             **async_default**
  Path Type:              Removal (Min at Fast Process Corner)
  Requirement:            0.000ns  (clk_out1_pll rise@0.000ns - clk_out1_pll rise@0.000ns)
  Data Path Delay:        0.407ns  (logic 0.091ns (22.344%)  route 0.316ns (77.656%))
  Logic Levels:           0  
  Clock Path Skew:        0.191ns (DCD - SCD - CPR)
    Destination Clock Delay (DCD):    -0.618ns
    Source Clock Delay      (SCD):    -0.559ns
    Clock Pessimism Removal (CPR):    -0.251ns

    Location             Delay type                Incr(ns)  Path(ns)    Netlist Resource(s)
  -------------------------------------------------------------------    -------------------
                         (clock clk_out1_pll rise edge)
                                                      0.000     0.000 r  
    AD12                                              0.000     0.000 r  i_sys_clk_p (IN)
                         net (fo=0)                   0.000     0.000    pll_inst/inst/clk_in1_p
    AD12                 IBUFDS (Prop_ibufds_I_O)     0.388     0.388 r  pll_inst/inst/clkin1_ibufgds/O
                         net (fo=1, routed)           0.503     0.891    pll_inst/inst/clk_in1_pll
    MMCME2_ADV_X1Y1      MMCME2_ADV (Prop_mmcme2_adv_CLKIN1_CLKOUT0)
                                                     -3.040    -2.149 r  pll_inst/inst/mmcm_adv_inst/CLKOUT0
                         net (fo=1, routed)           0.940    -1.209    pll_inst/inst/clk_out1_pll
    BUFGCTRL_X0Y1        BUFG (Prop_bufg_I_O)         0.026    -1.183 r  pll_inst/inst/clkout1_buf/O
                         net (fo=581, routed)         0.624    -0.559    w_clk_50Mhz
    SLICE_X3Y193         FDPE                                         r  rst_50m_sync_reg/C
  -------------------------------------------------------------------    -------------------
    SLICE_X3Y193         FDPE (Prop_fdpe_C_Q)         0.091    -0.468 f  rst_50m_sync_reg/Q
                         net (fo=314, routed)         0.316    -0.151    twin_controller_inst/tx_start_i_2_n_0
    SLICE_X4Y201         FDCE                                         f  twin_controller_inst/status_buffer_reg[6][3]/CLR
  -------------------------------------------------------------------    -------------------

                         (clock clk_out1_pll rise edge)
                                                      0.000     0.000 r  
    AD12                                              0.000     0.000 r  i_sys_clk_p (IN)
                         net (fo=0)                   0.000     0.000    pll_inst/inst/clk_in1_p
    AD12                 IBUFDS (Prop_ibufds_I_O)     0.470     0.470 r  pll_inst/inst/clkin1_ibufgds/O
                         net (fo=1, routed)           0.553     1.023    pll_inst/inst/clk_in1_pll
    MMCME2_ADV_X1Y1      MMCME2_ADV (Prop_mmcme2_adv_CLKIN1_CLKOUT0)
                                                     -3.493    -2.470 r  pll_inst/inst/mmcm_adv_inst/CLKOUT0
                         net (fo=1, routed)           1.007    -1.463    pll_inst/inst/clk_out1_pll
    BUFGCTRL_X0Y1        BUFG (Prop_bufg_I_O)         0.030    -1.433 r  pll_inst/inst/clkout1_buf/O
                         net (fo=581, routed)         0.815    -0.618    twin_controller_inst/clk
    SLICE_X4Y201         FDCE                                         r  twin_controller_inst/status_buffer_reg[6][3]/C
                         clock pessimism              0.251    -0.368    
    SLICE_X4Y201         FDCE (Remov_fdce_C_CLR)     -0.107    -0.475    twin_controller_inst/status_buffer_reg[6][3]
  -------------------------------------------------------------------
                         required time                          0.475    
                         arrival time                          -0.151    
  -------------------------------------------------------------------
                         slack                                  0.323    

Slack (MET) :             0.342ns  (arrival time - required time)
  Source:                 rst_50m_sync_reg/C
                            (rising edge-triggered cell FDPE clocked by clk_out1_pll  {rise@0.000ns fall@10.000ns period=20.000ns})
  Destination:            twin_controller_inst/key_reg[3]/CLR
                            (removal check against rising-edge clock clk_out1_pll  {rise@0.000ns fall@10.000ns period=20.000ns})
  Path Group:             **async_default**
  Path Type:              Removal (Min at Fast Process Corner)
  Requirement:            0.000ns  (clk_out1_pll rise@0.000ns - clk_out1_pll rise@0.000ns)
  Data Path Delay:        0.266ns  (logic 0.091ns (34.199%)  route 0.175ns (65.801%))
  Logic Levels:           0  
  Clock Path Skew:        0.031ns (DCD - SCD - CPR)
    Destination Clock Delay (DCD):    -0.610ns
    Source Clock Delay      (SCD):    -0.559ns
    Clock Pessimism Removal (CPR):    -0.083ns

    Location             Delay type                Incr(ns)  Path(ns)    Netlist Resource(s)
  -------------------------------------------------------------------    -------------------
                         (clock clk_out1_pll rise edge)
                                                      0.000     0.000 r  
    AD12                                              0.000     0.000 r  i_sys_clk_p (IN)
                         net (fo=0)                   0.000     0.000    pll_inst/inst/clk_in1_p
    AD12                 IBUFDS (Prop_ibufds_I_O)     0.388     0.388 r  pll_inst/inst/clkin1_ibufgds/O
                         net (fo=1, routed)           0.503     0.891    pll_inst/inst/clk_in1_pll
    MMCME2_ADV_X1Y1      MMCME2_ADV (Prop_mmcme2_adv_CLKIN1_CLKOUT0)
                                                     -3.040    -2.149 r  pll_inst/inst/mmcm_adv_inst/CLKOUT0
                         net (fo=1, routed)           0.940    -1.209    pll_inst/inst/clk_out1_pll
    BUFGCTRL_X0Y1        BUFG (Prop_bufg_I_O)         0.026    -1.183 r  pll_inst/inst/clkout1_buf/O
                         net (fo=581, routed)         0.624    -0.559    w_clk_50Mhz
    SLICE_X3Y193         FDPE                                         r  rst_50m_sync_reg/C
  -------------------------------------------------------------------    -------------------
    SLICE_X3Y193         FDPE (Prop_fdpe_C_Q)         0.091    -0.468 f  rst_50m_sync_reg/Q
                         net (fo=314, routed)         0.175    -0.292    twin_controller_inst/tx_start_i_2_n_0
    SLICE_X5Y195         FDCE                                         f  twin_controller_inst/key_reg[3]/CLR
  -------------------------------------------------------------------    -------------------

                         (clock clk_out1_pll rise edge)
                                                      0.000     0.000 r  
    AD12                                              0.000     0.000 r  i_sys_clk_p (IN)
                         net (fo=0)                   0.000     0.000    pll_inst/inst/clk_in1_p
    AD12                 IBUFDS (Prop_ibufds_I_O)     0.470     0.470 r  pll_inst/inst/clkin1_ibufgds/O
                         net (fo=1, routed)           0.553     1.023    pll_inst/inst/clk_in1_pll
    MMCME2_ADV_X1Y1      MMCME2_ADV (Prop_mmcme2_adv_CLKIN1_CLKOUT0)
                                                     -3.493    -2.470 r  pll_inst/inst/mmcm_adv_inst/CLKOUT0
                         net (fo=1, routed)           1.007    -1.463    pll_inst/inst/clk_out1_pll
    BUFGCTRL_X0Y1        BUFG (Prop_bufg_I_O)         0.030    -1.433 r  pll_inst/inst/clkout1_buf/O
                         net (fo=581, routed)         0.823    -0.610    twin_controller_inst/clk
    SLICE_X5Y195         FDCE                                         r  twin_controller_inst/key_reg[3]/C
                         clock pessimism              0.083    -0.528    
    SLICE_X5Y195         FDCE (Remov_fdce_C_CLR)     -0.107    -0.635    twin_controller_inst/key_reg[3]
  -------------------------------------------------------------------
                         required time                          0.635    
                         arrival time                          -0.292    
  -------------------------------------------------------------------
                         slack                                  0.342    

Slack (MET) :             0.342ns  (arrival time - required time)
  Source:                 rst_50m_sync_reg/C
                            (rising edge-triggered cell FDPE clocked by clk_out1_pll  {rise@0.000ns fall@10.000ns period=20.000ns})
  Destination:            twin_controller_inst/key_reg[7]/CLR
                            (removal check against rising-edge clock clk_out1_pll  {rise@0.000ns fall@10.000ns period=20.000ns})
  Path Group:             **async_default**
  Path Type:              Removal (Min at Fast Process Corner)
  Requirement:            0.000ns  (clk_out1_pll rise@0.000ns - clk_out1_pll rise@0.000ns)
  Data Path Delay:        0.266ns  (logic 0.091ns (34.199%)  route 0.175ns (65.801%))
  Logic Levels:           0  
  Clock Path Skew:        0.031ns (DCD - SCD - CPR)
    Destination Clock Delay (DCD):    -0.610ns
    Source Clock Delay      (SCD):    -0.559ns
    Clock Pessimism Removal (CPR):    -0.083ns

    Location             Delay type                Incr(ns)  Path(ns)    Netlist Resource(s)
  -------------------------------------------------------------------    -------------------
                         (clock clk_out1_pll rise edge)
                                                      0.000     0.000 r  
    AD12                                              0.000     0.000 r  i_sys_clk_p (IN)
                         net (fo=0)                   0.000     0.000    pll_inst/inst/clk_in1_p
    AD12                 IBUFDS (Prop_ibufds_I_O)     0.388     0.388 r  pll_inst/inst/clkin1_ibufgds/O
                         net (fo=1, routed)           0.503     0.891    pll_inst/inst/clk_in1_pll
    MMCME2_ADV_X1Y1      MMCME2_ADV (Prop_mmcme2_adv_CLKIN1_CLKOUT0)
                                                     -3.040    -2.149 r  pll_inst/inst/mmcm_adv_inst/CLKOUT0
                         net (fo=1, routed)           0.940    -1.209    pll_inst/inst/clk_out1_pll
    BUFGCTRL_X0Y1        BUFG (Prop_bufg_I_O)         0.026    -1.183 r  pll_inst/inst/clkout1_buf/O
                         net (fo=581, routed)         0.624    -0.559    w_clk_50Mhz
    SLICE_X3Y193         FDPE                                         r  rst_50m_sync_reg/C
  -------------------------------------------------------------------    -------------------
    SLICE_X3Y193         FDPE (Prop_fdpe_C_Q)         0.091    -0.468 f  rst_50m_sync_reg/Q
                         net (fo=314, routed)         0.175    -0.292    twin_controller_inst/tx_start_i_2_n_0
    SLICE_X5Y195         FDCE                                         f  twin_controller_inst/key_reg[7]/CLR
  -------------------------------------------------------------------    -------------------

                         (clock clk_out1_pll rise edge)
                                                      0.000     0.000 r  
    AD12                                              0.000     0.000 r  i_sys_clk_p (IN)
                         net (fo=0)                   0.000     0.000    pll_inst/inst/clk_in1_p
    AD12                 IBUFDS (Prop_ibufds_I_O)     0.470     0.470 r  pll_inst/inst/clkin1_ibufgds/O
                         net (fo=1, routed)           0.553     1.023    pll_inst/inst/clk_in1_pll
    MMCME2_ADV_X1Y1      MMCME2_ADV (Prop_mmcme2_adv_CLKIN1_CLKOUT0)
                                                     -3.493    -2.470 r  pll_inst/inst/mmcm_adv_inst/CLKOUT0
                         net (fo=1, routed)           1.007    -1.463    pll_inst/inst/clk_out1_pll
    BUFGCTRL_X0Y1        BUFG (Prop_bufg_I_O)         0.030    -1.433 r  pll_inst/inst/clkout1_buf/O
                         net (fo=581, routed)         0.823    -0.610    twin_controller_inst/clk
    SLICE_X5Y195         FDCE                                         r  twin_controller_inst/key_reg[7]/C
                         clock pessimism              0.083    -0.528    
    SLICE_X5Y195         FDCE (Remov_fdce_C_CLR)     -0.107    -0.635    twin_controller_inst/key_reg[7]
  -------------------------------------------------------------------
                         required time                          0.635    
                         arrival time                          -0.292    
  -------------------------------------------------------------------
                         slack                                  0.342    

Slack (MET) :             0.342ns  (arrival time - required time)
  Source:                 rst_50m_sync_reg/C
                            (rising edge-triggered cell FDPE clocked by clk_out1_pll  {rise@0.000ns fall@10.000ns period=20.000ns})
  Destination:            twin_controller_inst/sw_reg[11]/CLR
                            (removal check against rising-edge clock clk_out1_pll  {rise@0.000ns fall@10.000ns period=20.000ns})
  Path Group:             **async_default**
  Path Type:              Removal (Min at Fast Process Corner)
  Requirement:            0.000ns  (clk_out1_pll rise@0.000ns - clk_out1_pll rise@0.000ns)
  Data Path Delay:        0.266ns  (logic 0.091ns (34.199%)  route 0.175ns (65.801%))
  Logic Levels:           0  
  Clock Path Skew:        0.031ns (DCD - SCD - CPR)
    Destination Clock Delay (DCD):    -0.610ns
    Source Clock Delay      (SCD):    -0.559ns
    Clock Pessimism Removal (CPR):    -0.083ns

    Location             Delay type                Incr(ns)  Path(ns)    Netlist Resource(s)
  -------------------------------------------------------------------    -------------------
                         (clock clk_out1_pll rise edge)
                                                      0.000     0.000 r  
    AD12                                              0.000     0.000 r  i_sys_clk_p (IN)
                         net (fo=0)                   0.000     0.000    pll_inst/inst/clk_in1_p
    AD12                 IBUFDS (Prop_ibufds_I_O)     0.388     0.388 r  pll_inst/inst/clkin1_ibufgds/O
                         net (fo=1, routed)           0.503     0.891    pll_inst/inst/clk_in1_pll
    MMCME2_ADV_X1Y1      MMCME2_ADV (Prop_mmcme2_adv_CLKIN1_CLKOUT0)
                                                     -3.040    -2.149 r  pll_inst/inst/mmcm_adv_inst/CLKOUT0
                         net (fo=1, routed)           0.940    -1.209    pll_inst/inst/clk_out1_pll
    BUFGCTRL_X0Y1        BUFG (Prop_bufg_I_O)         0.026    -1.183 r  pll_inst/inst/clkout1_buf/O
                         net (fo=581, routed)         0.624    -0.559    w_clk_50Mhz
    SLICE_X3Y193         FDPE                                         r  rst_50m_sync_reg/C
  -------------------------------------------------------------------    -------------------
    SLICE_X3Y193         FDPE (Prop_fdpe_C_Q)         0.091    -0.468 f  rst_50m_sync_reg/Q
                         net (fo=314, routed)         0.175    -0.292    twin_controller_inst/tx_start_i_2_n_0
    SLICE_X5Y195         FDCE                                         f  twin_controller_inst/sw_reg[11]/CLR
  -------------------------------------------------------------------    -------------------

                         (clock clk_out1_pll rise edge)
                                                      0.000     0.000 r  
    AD12                                              0.000     0.000 r  i_sys_clk_p (IN)
                         net (fo=0)                   0.000     0.000    pll_inst/inst/clk_in1_p
    AD12                 IBUFDS (Prop_ibufds_I_O)     0.470     0.470 r  pll_inst/inst/clkin1_ibufgds/O
                         net (fo=1, routed)           0.553     1.023    pll_inst/inst/clk_in1_pll
    MMCME2_ADV_X1Y1      MMCME2_ADV (Prop_mmcme2_adv_CLKIN1_CLKOUT0)
                                                     -3.493    -2.470 r  pll_inst/inst/mmcm_adv_inst/CLKOUT0
                         net (fo=1, routed)           1.007    -1.463    pll_inst/inst/clk_out1_pll
    BUFGCTRL_X0Y1        BUFG (Prop_bufg_I_O)         0.030    -1.433 r  pll_inst/inst/clkout1_buf/O
                         net (fo=581, routed)         0.823    -0.610    twin_controller_inst/clk
    SLICE_X5Y195         FDCE                                         r  twin_controller_inst/sw_reg[11]/C
                         clock pessimism              0.083    -0.528    
    SLICE_X5Y195         FDCE (Remov_fdce_C_CLR)     -0.107    -0.635    twin_controller_inst/sw_reg[11]
  -------------------------------------------------------------------
                         required time                          0.635    
                         arrival time                          -0.292    
  -------------------------------------------------------------------
                         slack                                  0.342    

Slack (MET) :             0.342ns  (arrival time - required time)
  Source:                 rst_50m_sync_reg/C
                            (rising edge-triggered cell FDPE clocked by clk_out1_pll  {rise@0.000ns fall@10.000ns period=20.000ns})
  Destination:            twin_controller_inst/sw_reg[15]/CLR
                            (removal check against rising-edge clock clk_out1_pll  {rise@0.000ns fall@10.000ns period=20.000ns})
  Path Group:             **async_default**
  Path Type:              Removal (Min at Fast Process Corner)
  Requirement:            0.000ns  (clk_out1_pll rise@0.000ns - clk_out1_pll rise@0.000ns)
  Data Path Delay:        0.266ns  (logic 0.091ns (34.199%)  route 0.175ns (65.801%))
  Logic Levels:           0  
  Clock Path Skew:        0.031ns (DCD - SCD - CPR)
    Destination Clock Delay (DCD):    -0.610ns
    Source Clock Delay      (SCD):    -0.559ns
    Clock Pessimism Removal (CPR):    -0.083ns

    Location             Delay type                Incr(ns)  Path(ns)    Netlist Resource(s)
  -------------------------------------------------------------------    -------------------
                         (clock clk_out1_pll rise edge)
                                                      0.000     0.000 r  
    AD12                                              0.000     0.000 r  i_sys_clk_p (IN)
                         net (fo=0)                   0.000     0.000    pll_inst/inst/clk_in1_p
    AD12                 IBUFDS (Prop_ibufds_I_O)     0.388     0.388 r  pll_inst/inst/clkin1_ibufgds/O
                         net (fo=1, routed)           0.503     0.891    pll_inst/inst/clk_in1_pll
    MMCME2_ADV_X1Y1      MMCME2_ADV (Prop_mmcme2_adv_CLKIN1_CLKOUT0)
                                                     -3.040    -2.149 r  pll_inst/inst/mmcm_adv_inst/CLKOUT0
                         net (fo=1, routed)           0.940    -1.209    pll_inst/inst/clk_out1_pll
    BUFGCTRL_X0Y1        BUFG (Prop_bufg_I_O)         0.026    -1.183 r  pll_inst/inst/clkout1_buf/O
                         net (fo=581, routed)         0.624    -0.559    w_clk_50Mhz
    SLICE_X3Y193         FDPE                                         r  rst_50m_sync_reg/C
  -------------------------------------------------------------------    -------------------
    SLICE_X3Y193         FDPE (Prop_fdpe_C_Q)         0.091    -0.468 f  rst_50m_sync_reg/Q
                         net (fo=314, routed)         0.175    -0.292    twin_controller_inst/tx_start_i_2_n_0
    SLICE_X5Y195         FDCE                                         f  twin_controller_inst/sw_reg[15]/CLR
  -------------------------------------------------------------------    -------------------

                         (clock clk_out1_pll rise edge)
                                                      0.000     0.000 r  
    AD12                                              0.000     0.000 r  i_sys_clk_p (IN)
                         net (fo=0)                   0.000     0.000    pll_inst/inst/clk_in1_p
    AD12                 IBUFDS (Prop_ibufds_I_O)     0.470     0.470 r  pll_inst/inst/clkin1_ibufgds/O
                         net (fo=1, routed)           0.553     1.023    pll_inst/inst/clk_in1_pll
    MMCME2_ADV_X1Y1      MMCME2_ADV (Prop_mmcme2_adv_CLKIN1_CLKOUT0)
                                                     -3.493    -2.470 r  pll_inst/inst/mmcm_adv_inst/CLKOUT0
                         net (fo=1, routed)           1.007    -1.463    pll_inst/inst/clk_out1_pll
    BUFGCTRL_X0Y1        BUFG (Prop_bufg_I_O)         0.030    -1.433 r  pll_inst/inst/clkout1_buf/O
                         net (fo=581, routed)         0.823    -0.610    twin_controller_inst/clk
    SLICE_X5Y195         FDCE                                         r  twin_controller_inst/sw_reg[15]/C
                         clock pessimism              0.083    -0.528    
    SLICE_X5Y195         FDCE (Remov_fdce_C_CLR)     -0.107    -0.635    twin_controller_inst/sw_reg[15]
  -------------------------------------------------------------------
                         required time                          0.635    
                         arrival time                          -0.292    
  -------------------------------------------------------------------
                         slack                                  0.342    

Slack (MET) :             0.342ns  (arrival time - required time)
  Source:                 rst_50m_sync_reg/C
                            (rising edge-triggered cell FDPE clocked by clk_out1_pll  {rise@0.000ns fall@10.000ns period=20.000ns})
  Destination:            uart_inst/FSM_sequential_rx_state_reg[1]/CLR
                            (removal check against rising-edge clock clk_out1_pll  {rise@0.000ns fall@10.000ns period=20.000ns})
  Path Group:             **async_default**
  Path Type:              Removal (Min at Fast Process Corner)
  Requirement:            0.000ns  (clk_out1_pll rise@0.000ns - clk_out1_pll rise@0.000ns)
  Data Path Delay:        0.267ns  (logic 0.091ns (34.020%)  route 0.176ns (65.980%))
  Logic Levels:           0  
  Clock Path Skew:        0.013ns (DCD - SCD - CPR)
    Destination Clock Delay (DCD):    -0.610ns
    Source Clock Delay      (SCD):    -0.559ns
    Clock Pessimism Removal (CPR):    -0.065ns

    Location             Delay type                Incr(ns)  Path(ns)    Netlist Resource(s)
  -------------------------------------------------------------------    -------------------
                         (clock clk_out1_pll rise edge)
                                                      0.000     0.000 r  
    AD12                                              0.000     0.000 r  i_sys_clk_p (IN)
                         net (fo=0)                   0.000     0.000    pll_inst/inst/clk_in1_p
    AD12                 IBUFDS (Prop_ibufds_I_O)     0.388     0.388 r  pll_inst/inst/clkin1_ibufgds/O
                         net (fo=1, routed)           0.503     0.891    pll_inst/inst/clk_in1_pll
    MMCME2_ADV_X1Y1      MMCME2_ADV (Prop_mmcme2_adv_CLKIN1_CLKOUT0)
                                                     -3.040    -2.149 r  pll_inst/inst/mmcm_adv_inst/CLKOUT0
                         net (fo=1, routed)           0.940    -1.209    pll_inst/inst/clk_out1_pll
    BUFGCTRL_X0Y1        BUFG (Prop_bufg_I_O)         0.026    -1.183 r  pll_inst/inst/clkout1_buf/O
                         net (fo=581, routed)         0.624    -0.559    w_clk_50Mhz
    SLICE_X3Y193         FDPE                                         r  rst_50m_sync_reg/C
  -------------------------------------------------------------------    -------------------
    SLICE_X3Y193         FDPE (Prop_fdpe_C_Q)         0.091    -0.468 f  rst_50m_sync_reg/Q
                         net (fo=314, routed)         0.176    -0.291    uart_inst/rst_n
    SLICE_X2Y192         FDCE                                         f  uart_inst/FSM_sequential_rx_state_reg[1]/CLR
  -------------------------------------------------------------------    -------------------

                         (clock clk_out1_pll rise edge)
                                                      0.000     0.000 r  
    AD12                                              0.000     0.000 r  i_sys_clk_p (IN)
                         net (fo=0)                   0.000     0.000    pll_inst/inst/clk_in1_p
    AD12                 IBUFDS (Prop_ibufds_I_O)     0.470     0.470 r  pll_inst/inst/clkin1_ibufgds/O
                         net (fo=1, routed)           0.553     1.023    pll_inst/inst/clk_in1_pll
    MMCME2_ADV_X1Y1      MMCME2_ADV (Prop_mmcme2_adv_CLKIN1_CLKOUT0)
                                                     -3.493    -2.470 r  pll_inst/inst/mmcm_adv_inst/CLKOUT0
                         net (fo=1, routed)           1.007    -1.463    pll_inst/inst/clk_out1_pll
    BUFGCTRL_X0Y1        BUFG (Prop_bufg_I_O)         0.030    -1.433 r  pll_inst/inst/clkout1_buf/O
                         net (fo=581, routed)         0.823    -0.610    uart_inst/clk
    SLICE_X2Y192         FDCE                                         r  uart_inst/FSM_sequential_rx_state_reg[1]/C
                         clock pessimism              0.065    -0.546    
    SLICE_X2Y192         FDCE (Remov_fdce_C_CLR)     -0.088    -0.634    uart_inst/FSM_sequential_rx_state_reg[1]
  -------------------------------------------------------------------
                         required time                          0.634    
                         arrival time                          -0.291    
  -------------------------------------------------------------------
                         slack                                  0.342    

Slack (MET) :             0.345ns  (arrival time - required time)
  Source:                 rst_50m_sync_reg/C
                            (rising edge-triggered cell FDPE clocked by clk_out1_pll  {rise@0.000ns fall@10.000ns period=20.000ns})
  Destination:            uart_inst/tx_cnt_reg[4]/CLR
                            (removal check against rising-edge clock clk_out1_pll  {rise@0.000ns fall@10.000ns period=20.000ns})
  Path Group:             **async_default**
  Path Type:              Removal (Min at Fast Process Corner)
  Requirement:            0.000ns  (clk_out1_pll rise@0.000ns - clk_out1_pll rise@0.000ns)
  Data Path Delay:        0.271ns  (logic 0.091ns (33.620%)  route 0.180ns (66.380%))
  Logic Levels:           0  
  Clock Path Skew:        0.014ns (DCD - SCD - CPR)
    Destination Clock Delay (DCD):    -0.609ns
    Source Clock Delay      (SCD):    -0.559ns
    Clock Pessimism Removal (CPR):    -0.065ns

    Location             Delay type                Incr(ns)  Path(ns)    Netlist Resource(s)
  -------------------------------------------------------------------    -------------------
                         (clock clk_out1_pll rise edge)
                                                      0.000     0.000 r  
    AD12                                              0.000     0.000 r  i_sys_clk_p (IN)
                         net (fo=0)                   0.000     0.000    pll_inst/inst/clk_in1_p
    AD12                 IBUFDS (Prop_ibufds_I_O)     0.388     0.388 r  pll_inst/inst/clkin1_ibufgds/O
                         net (fo=1, routed)           0.503     0.891    pll_inst/inst/clk_in1_pll
    MMCME2_ADV_X1Y1      MMCME2_ADV (Prop_mmcme2_adv_CLKIN1_CLKOUT0)
                                                     -3.040    -2.149 r  pll_inst/inst/mmcm_adv_inst/CLKOUT0
                         net (fo=1, routed)           0.940    -1.209    pll_inst/inst/clk_out1_pll
    BUFGCTRL_X0Y1        BUFG (Prop_bufg_I_O)         0.026    -1.183 r  pll_inst/inst/clkout1_buf/O
                         net (fo=581, routed)         0.624    -0.559    w_clk_50Mhz
    SLICE_X3Y193         FDPE                                         r  rst_50m_sync_reg/C
  -------------------------------------------------------------------    -------------------
    SLICE_X3Y193         FDPE (Prop_fdpe_C_Q)         0.091    -0.468 f  rst_50m_sync_reg/Q
                         net (fo=314, routed)         0.180    -0.288    uart_inst/rst_n
    SLICE_X2Y196         FDCE                                         f  uart_inst/tx_cnt_reg[4]/CLR
  -------------------------------------------------------------------    -------------------

                         (clock clk_out1_pll rise edge)
                                                      0.000     0.000 r  
    AD12                                              0.000     0.000 r  i_sys_clk_p (IN)
                         net (fo=0)                   0.000     0.000    pll_inst/inst/clk_in1_p
    AD12                 IBUFDS (Prop_ibufds_I_O)     0.470     0.470 r  pll_inst/inst/clkin1_ibufgds/O
                         net (fo=1, routed)           0.553     1.023    pll_inst/inst/clk_in1_pll
    MMCME2_ADV_X1Y1      MMCME2_ADV (Prop_mmcme2_adv_CLKIN1_CLKOUT0)
                                                     -3.493    -2.470 r  pll_inst/inst/mmcm_adv_inst/CLKOUT0
                         net (fo=1, routed)           1.007    -1.463    pll_inst/inst/clk_out1_pll
    BUFGCTRL_X0Y1        BUFG (Prop_bufg_I_O)         0.030    -1.433 r  pll_inst/inst/clkout1_buf/O
                         net (fo=581, routed)         0.824    -0.609    uart_inst/clk
    SLICE_X2Y196         FDCE                                         r  uart_inst/tx_cnt_reg[4]/C
                         clock pessimism              0.065    -0.545    
    SLICE_X2Y196         FDCE (Remov_fdce_C_CLR)     -0.088    -0.633    uart_inst/tx_cnt_reg[4]
  -------------------------------------------------------------------
                         required time                          0.633    
                         arrival time                          -0.288    
  -------------------------------------------------------------------
                         slack                                  0.345    





---------------------------------------------------------------------------------------------------
Path Group:  **async_default**
From Clock:  clk_out2_pll
  To Clock:  clk_out2_pll

Setup :            0  Failing Endpoints,  Worst Slack        5.070ns,  Total Violation        0.000ns
Hold  :            0  Failing Endpoints,  Worst Slack        0.217ns,  Total Violation        0.000ns
---------------------------------------------------------------------------------------------------


Max Delay Paths
--------------------------------------------------------------------------------------
Slack (MET) :             5.070ns  (required time - arrival time)
  Source:                 student_top_inst/cpu_rst_sync_reg/C
                            (rising edge-triggered cell FDPE clocked by clk_out2_pll  {rise@0.000ns fall@5.000ns period=10.000ns})
  Destination:            student_top_inst/Core_cpu/u_dcache/data_write_data_q_reg[3]/CLR
                            (recovery check against rising-edge clock clk_out2_pll  {rise@0.000ns fall@5.000ns period=10.000ns})
  Path Group:             **async_default**
  Path Type:              Recovery (Max at Slow Process Corner)
  Requirement:            10.000ns  (clk_out2_pll rise@10.000ns - clk_out2_pll rise@0.000ns)
  Data Path Delay:        4.493ns  (logic 0.236ns (5.253%)  route 4.257ns (94.747%))
  Logic Levels:           0  
  Clock Path Skew:        -0.079ns (DCD - SCD + CPR)
    Destination Clock Delay (DCD):    -1.740ns = ( 8.260 - 10.000 ) 
    Source Clock Delay      (SCD):    -2.355ns
    Clock Pessimism Removal (CPR):    -0.695ns
  Clock Uncertainty:      0.066ns  ((TSJ^2 + DJ^2)^1/2) / 2 + PE
    Total System Jitter     (TSJ):    0.071ns
    Discrete Jitter          (DJ):    0.112ns
    Phase Error              (PE):    0.000ns

    Location             Delay type                Incr(ns)  Path(ns)    Netlist Resource(s)
  -------------------------------------------------------------------    -------------------
                         (clock clk_out2_pll rise edge)
                                                      0.000     0.000 r  
    AD12                                              0.000     0.000 r  i_sys_clk_p (IN)
                         net (fo=0)                   0.000     0.000    pll_inst/inst/clk_in1_p
    AD12                 IBUFDS (Prop_ibufds_I_O)     0.906     0.906 r  pll_inst/inst/clkin1_ibufgds/O
                         net (fo=1, routed)           1.081     1.987    pll_inst/inst/clk_in1_pll
    MMCME2_ADV_X1Y1      MMCME2_ADV (Prop_mmcme2_adv_CLKIN1_CLKOUT1)
                                                     -7.786    -5.799 r  pll_inst/inst/mmcm_adv_inst/CLKOUT1
                         net (fo=1, routed)           2.130    -3.669    pll_inst/inst/clk_out2_pll
    BUFGCTRL_X0Y0        BUFG (Prop_bufg_I_O)         0.093    -3.576 r  pll_inst/inst/clkout2_buf/O
                         net (fo=33272, routed)       1.221    -2.355    student_top_inst/w_cpu_clk
    SLICE_X66Y194        FDPE                                         r  student_top_inst/cpu_rst_sync_reg/C
  -------------------------------------------------------------------    -------------------
    SLICE_X66Y194        FDPE (Prop_fdpe_C_Q)         0.236    -2.119 f  student_top_inst/cpu_rst_sync_reg/Q
                         net (fo=8674, routed)        4.257     2.137    student_top_inst/Core_cpu/u_dcache/rst
    SLICE_X24Y210        FDCE                                         f  student_top_inst/Core_cpu/u_dcache/data_write_data_q_reg[3]/CLR
  -------------------------------------------------------------------    -------------------

                         (clock clk_out2_pll rise edge)
                                                     10.000    10.000 r  
    AD12                                              0.000    10.000 r  i_sys_clk_p (IN)
                         net (fo=0)                   0.000    10.000    pll_inst/inst/clk_in1_p
    AD12                 IBUFDS (Prop_ibufds_I_O)     0.803    10.803 r  pll_inst/inst/clkin1_ibufgds/O
                         net (fo=1, routed)           0.986    11.789    pll_inst/inst/clk_in1_pll
    MMCME2_ADV_X1Y1      MMCME2_ADV (Prop_mmcme2_adv_CLKIN1_CLKOUT1)
                                                     -6.759     5.030 r  pll_inst/inst/mmcm_adv_inst/CLKOUT1
                         net (fo=1, routed)           2.005     7.035    pll_inst/inst/clk_out2_pll
    BUFGCTRL_X0Y0        BUFG (Prop_bufg_I_O)         0.083     7.118 r  pll_inst/inst/clkout2_buf/O
                         net (fo=33272, routed)       1.142     8.260    student_top_inst/Core_cpu/u_dcache/clk
    SLICE_X24Y210        FDCE                                         r  student_top_inst/Core_cpu/u_dcache/data_write_data_q_reg[3]/C
                         clock pessimism             -0.695     7.566    
                         clock uncertainty           -0.066     7.499    
    SLICE_X24Y210        FDCE (Recov_fdce_C_CLR)     -0.292     7.207    student_top_inst/Core_cpu/u_dcache/data_write_data_q_reg[3]
  -------------------------------------------------------------------
                         required time                          7.207    
                         arrival time                          -2.137    
  -------------------------------------------------------------------
                         slack                                  5.070    

Slack (MET) :             5.070ns  (required time - arrival time)
  Source:                 student_top_inst/cpu_rst_sync_reg/C
                            (rising edge-triggered cell FDPE clocked by clk_out2_pll  {rise@0.000ns fall@5.000ns period=10.000ns})
  Destination:            student_top_inst/Core_cpu/u_dcache/data_write_data_q_reg[5]/CLR
                            (recovery check against rising-edge clock clk_out2_pll  {rise@0.000ns fall@5.000ns period=10.000ns})
  Path Group:             **async_default**
  Path Type:              Recovery (Max at Slow Process Corner)
  Requirement:            10.000ns  (clk_out2_pll rise@10.000ns - clk_out2_pll rise@0.000ns)
  Data Path Delay:        4.493ns  (logic 0.236ns (5.253%)  route 4.257ns (94.747%))
  Logic Levels:           0  
  Clock Path Skew:        -0.079ns (DCD - SCD + CPR)
    Destination Clock Delay (DCD):    -1.740ns = ( 8.260 - 10.000 ) 
    Source Clock Delay      (SCD):    -2.355ns
    Clock Pessimism Removal (CPR):    -0.695ns
  Clock Uncertainty:      0.066ns  ((TSJ^2 + DJ^2)^1/2) / 2 + PE
    Total System Jitter     (TSJ):    0.071ns
    Discrete Jitter          (DJ):    0.112ns
    Phase Error              (PE):    0.000ns

    Location             Delay type                Incr(ns)  Path(ns)    Netlist Resource(s)
  -------------------------------------------------------------------    -------------------
                         (clock clk_out2_pll rise edge)
                                                      0.000     0.000 r  
    AD12                                              0.000     0.000 r  i_sys_clk_p (IN)
                         net (fo=0)                   0.000     0.000    pll_inst/inst/clk_in1_p
    AD12                 IBUFDS (Prop_ibufds_I_O)     0.906     0.906 r  pll_inst/inst/clkin1_ibufgds/O
                         net (fo=1, routed)           1.081     1.987    pll_inst/inst/clk_in1_pll
    MMCME2_ADV_X1Y1      MMCME2_ADV (Prop_mmcme2_adv_CLKIN1_CLKOUT1)
                                                     -7.786    -5.799 r  pll_inst/inst/mmcm_adv_inst/CLKOUT1
                         net (fo=1, routed)           2.130    -3.669    pll_inst/inst/clk_out2_pll
    BUFGCTRL_X0Y0        BUFG (Prop_bufg_I_O)         0.093    -3.576 r  pll_inst/inst/clkout2_buf/O
                         net (fo=33272, routed)       1.221    -2.355    student_top_inst/w_cpu_clk
    SLICE_X66Y194        FDPE                                         r  student_top_inst/cpu_rst_sync_reg/C
  -------------------------------------------------------------------    -------------------
    SLICE_X66Y194        FDPE (Prop_fdpe_C_Q)         0.236    -2.119 f  student_top_inst/cpu_rst_sync_reg/Q
                         net (fo=8674, routed)        4.257     2.137    student_top_inst/Core_cpu/u_dcache/rst
    SLICE_X24Y210        FDCE                                         f  student_top_inst/Core_cpu/u_dcache/data_write_data_q_reg[5]/CLR
  -------------------------------------------------------------------    -------------------

                         (clock clk_out2_pll rise edge)
                                                     10.000    10.000 r  
    AD12                                              0.000    10.000 r  i_sys_clk_p (IN)
                         net (fo=0)                   0.000    10.000    pll_inst/inst/clk_in1_p
    AD12                 IBUFDS (Prop_ibufds_I_O)     0.803    10.803 r  pll_inst/inst/clkin1_ibufgds/O
                         net (fo=1, routed)           0.986    11.789    pll_inst/inst/clk_in1_pll
    MMCME2_ADV_X1Y1      MMCME2_ADV (Prop_mmcme2_adv_CLKIN1_CLKOUT1)
                                                     -6.759     5.030 r  pll_inst/inst/mmcm_adv_inst/CLKOUT1
                         net (fo=1, routed)           2.005     7.035    pll_inst/inst/clk_out2_pll
    BUFGCTRL_X0Y0        BUFG (Prop_bufg_I_O)         0.083     7.118 r  pll_inst/inst/clkout2_buf/O
                         net (fo=33272, routed)       1.142     8.260    student_top_inst/Core_cpu/u_dcache/clk
    SLICE_X24Y210        FDCE                                         r  student_top_inst/Core_cpu/u_dcache/data_write_data_q_reg[5]/C
                         clock pessimism             -0.695     7.566    
                         clock uncertainty           -0.066     7.499    
    SLICE_X24Y210        FDCE (Recov_fdce_C_CLR)     -0.292     7.207    student_top_inst/Core_cpu/u_dcache/data_write_data_q_reg[5]
  -------------------------------------------------------------------
                         required time                          7.207    
                         arrival time                          -2.137    
  -------------------------------------------------------------------
                         slack                                  5.070    

Slack (MET) :             5.072ns  (required time - arrival time)
  Source:                 student_top_inst/cpu_rst_sync_reg/C
                            (rising edge-triggered cell FDPE clocked by clk_out2_pll  {rise@0.000ns fall@5.000ns period=10.000ns})
  Destination:            student_top_inst/Core_cpu/u_dcache/data_write_data_q_reg[8]/CLR
                            (recovery check against rising-edge clock clk_out2_pll  {rise@0.000ns fall@5.000ns period=10.000ns})
  Path Group:             **async_default**
  Path Type:              Recovery (Max at Slow Process Corner)
  Requirement:            10.000ns  (clk_out2_pll rise@10.000ns - clk_out2_pll rise@0.000ns)
  Data Path Delay:        4.491ns  (logic 0.236ns (5.255%)  route 4.255ns (94.745%))
  Logic Levels:           0  
  Clock Path Skew:        -0.079ns (DCD - SCD + CPR)
    Destination Clock Delay (DCD):    -1.740ns = ( 8.260 - 10.000 ) 
    Source Clock Delay      (SCD):    -2.355ns
    Clock Pessimism Removal (CPR):    -0.695ns
  Clock Uncertainty:      0.066ns  ((TSJ^2 + DJ^2)^1/2) / 2 + PE
    Total System Jitter     (TSJ):    0.071ns
    Discrete Jitter          (DJ):    0.112ns
    Phase Error              (PE):    0.000ns

    Location             Delay type                Incr(ns)  Path(ns)    Netlist Resource(s)
  -------------------------------------------------------------------    -------------------
                         (clock clk_out2_pll rise edge)
                                                      0.000     0.000 r  
    AD12                                              0.000     0.000 r  i_sys_clk_p (IN)
                         net (fo=0)                   0.000     0.000    pll_inst/inst/clk_in1_p
    AD12                 IBUFDS (Prop_ibufds_I_O)     0.906     0.906 r  pll_inst/inst/clkin1_ibufgds/O
                         net (fo=1, routed)           1.081     1.987    pll_inst/inst/clk_in1_pll
    MMCME2_ADV_X1Y1      MMCME2_ADV (Prop_mmcme2_adv_CLKIN1_CLKOUT1)
                                                     -7.786    -5.799 r  pll_inst/inst/mmcm_adv_inst/CLKOUT1
                         net (fo=1, routed)           2.130    -3.669    pll_inst/inst/clk_out2_pll
    BUFGCTRL_X0Y0        BUFG (Prop_bufg_I_O)         0.093    -3.576 r  pll_inst/inst/clkout2_buf/O
                         net (fo=33272, routed)       1.221    -2.355    student_top_inst/w_cpu_clk
    SLICE_X66Y194        FDPE                                         r  student_top_inst/cpu_rst_sync_reg/C
  -------------------------------------------------------------------    -------------------
    SLICE_X66Y194        FDPE (Prop_fdpe_C_Q)         0.236    -2.119 f  student_top_inst/cpu_rst_sync_reg/Q
                         net (fo=8674, routed)        4.255     2.135    student_top_inst/Core_cpu/u_dcache/rst
    SLICE_X25Y210        FDCE                                         f  student_top_inst/Core_cpu/u_dcache/data_write_data_q_reg[8]/CLR
  -------------------------------------------------------------------    -------------------

                         (clock clk_out2_pll rise edge)
                                                     10.000    10.000 r  
    AD12                                              0.000    10.000 r  i_sys_clk_p (IN)
                         net (fo=0)                   0.000    10.000    pll_inst/inst/clk_in1_p
    AD12                 IBUFDS (Prop_ibufds_I_O)     0.803    10.803 r  pll_inst/inst/clkin1_ibufgds/O
                         net (fo=1, routed)           0.986    11.789    pll_inst/inst/clk_in1_pll
    MMCME2_ADV_X1Y1      MMCME2_ADV (Prop_mmcme2_adv_CLKIN1_CLKOUT1)
                                                     -6.759     5.030 r  pll_inst/inst/mmcm_adv_inst/CLKOUT1
                         net (fo=1, routed)           2.005     7.035    pll_inst/inst/clk_out2_pll
    BUFGCTRL_X0Y0        BUFG (Prop_bufg_I_O)         0.083     7.118 r  pll_inst/inst/clkout2_buf/O
                         net (fo=33272, routed)       1.142     8.260    student_top_inst/Core_cpu/u_dcache/clk
    SLICE_X25Y210        FDCE                                         r  student_top_inst/Core_cpu/u_dcache/data_write_data_q_reg[8]/C
                         clock pessimism             -0.695     7.566    
                         clock uncertainty           -0.066     7.499    
    SLICE_X25Y210        FDCE (Recov_fdce_C_CLR)     -0.292     7.207    student_top_inst/Core_cpu/u_dcache/data_write_data_q_reg[8]
  -------------------------------------------------------------------
                         required time                          7.207    
                         arrival time                          -2.135    
  -------------------------------------------------------------------
                         slack                                  5.072    

Slack (MET) :             5.158ns  (required time - arrival time)
  Source:                 student_top_inst/cpu_rst_sync_reg/C
                            (rising edge-triggered cell FDPE clocked by clk_out2_pll  {rise@0.000ns fall@5.000ns period=10.000ns})
  Destination:            student_top_inst/Core_cpu/u_core/u_bpu/local_pht_q_reg[176][1]/CLR
                            (recovery check against rising-edge clock clk_out2_pll  {rise@0.000ns fall@5.000ns period=10.000ns})
  Path Group:             **async_default**
  Path Type:              Recovery (Max at Slow Process Corner)
  Requirement:            10.000ns  (clk_out2_pll rise@10.000ns - clk_out2_pll rise@0.000ns)
  Data Path Delay:        4.389ns  (logic 0.236ns (5.377%)  route 4.153ns (94.623%))
  Logic Levels:           0  
  Clock Path Skew:        -0.094ns (DCD - SCD + CPR)
    Destination Clock Delay (DCD):    -1.768ns = ( 8.232 - 10.000 ) 
    Source Clock Delay      (SCD):    -2.355ns
    Clock Pessimism Removal (CPR):    -0.682ns
  Clock Uncertainty:      0.066ns  ((TSJ^2 + DJ^2)^1/2) / 2 + PE
    Total System Jitter     (TSJ):    0.071ns
    Discrete Jitter          (DJ):    0.112ns
    Phase Error              (PE):    0.000ns

    Location             Delay type                Incr(ns)  Path(ns)    Netlist Resource(s)
  -------------------------------------------------------------------    -------------------
                         (clock clk_out2_pll rise edge)
                                                      0.000     0.000 r  
    AD12                                              0.000     0.000 r  i_sys_clk_p (IN)
                         net (fo=0)                   0.000     0.000    pll_inst/inst/clk_in1_p
    AD12                 IBUFDS (Prop_ibufds_I_O)     0.906     0.906 r  pll_inst/inst/clkin1_ibufgds/O
                         net (fo=1, routed)           1.081     1.987    pll_inst/inst/clk_in1_pll
    MMCME2_ADV_X1Y1      MMCME2_ADV (Prop_mmcme2_adv_CLKIN1_CLKOUT1)
                                                     -7.786    -5.799 r  pll_inst/inst/mmcm_adv_inst/CLKOUT1
                         net (fo=1, routed)           2.130    -3.669    pll_inst/inst/clk_out2_pll
    BUFGCTRL_X0Y0        BUFG (Prop_bufg_I_O)         0.093    -3.576 r  pll_inst/inst/clkout2_buf/O
                         net (fo=33272, routed)       1.221    -2.355    student_top_inst/w_cpu_clk
    SLICE_X66Y194        FDPE                                         r  student_top_inst/cpu_rst_sync_reg/C
  -------------------------------------------------------------------    -------------------
    SLICE_X66Y194        FDPE (Prop_fdpe_C_Q)         0.236    -2.119 f  student_top_inst/cpu_rst_sync_reg/Q
                         net (fo=8674, routed)        4.153     2.034    student_top_inst/Core_cpu/u_core/u_bpu/rst
    SLICE_X109Y195       FDCE                                         f  student_top_inst/Core_cpu/u_core/u_bpu/local_pht_q_reg[176][1]/CLR
  -------------------------------------------------------------------    -------------------

                         (clock clk_out2_pll rise edge)
                                                     10.000    10.000 r  
    AD12                                              0.000    10.000 r  i_sys_clk_p (IN)
                         net (fo=0)                   0.000    10.000    pll_inst/inst/clk_in1_p
    AD12                 IBUFDS (Prop_ibufds_I_O)     0.803    10.803 r  pll_inst/inst/clkin1_ibufgds/O
                         net (fo=1, routed)           0.986    11.789    pll_inst/inst/clk_in1_pll
    MMCME2_ADV_X1Y1      MMCME2_ADV (Prop_mmcme2_adv_CLKIN1_CLKOUT1)
                                                     -6.759     5.030 r  pll_inst/inst/mmcm_adv_inst/CLKOUT1
                         net (fo=1, routed)           2.005     7.035    pll_inst/inst/clk_out2_pll
    BUFGCTRL_X0Y0        BUFG (Prop_bufg_I_O)         0.083     7.118 r  pll_inst/inst/clkout2_buf/O
                         net (fo=33272, routed)       1.114     8.232    student_top_inst/Core_cpu/u_core/u_bpu/clk
    SLICE_X109Y195       FDCE                                         r  student_top_inst/Core_cpu/u_core/u_bpu/local_pht_q_reg[176][1]/C
                         clock pessimism             -0.682     7.551    
                         clock uncertainty           -0.066     7.484    
    SLICE_X109Y195       FDCE (Recov_fdce_C_CLR)     -0.292     7.192    student_top_inst/Core_cpu/u_core/u_bpu/local_pht_q_reg[176][1]
  -------------------------------------------------------------------
                         required time                          7.192    
                         arrival time                          -2.034    
  -------------------------------------------------------------------
                         slack                                  5.158    

Slack (MET) :             5.158ns  (required time - arrival time)
  Source:                 student_top_inst/cpu_rst_sync_reg/C
                            (rising edge-triggered cell FDPE clocked by clk_out2_pll  {rise@0.000ns fall@5.000ns period=10.000ns})
  Destination:            student_top_inst/Core_cpu/u_core/u_bpu/local_pht_q_reg[186][1]/CLR
                            (recovery check against rising-edge clock clk_out2_pll  {rise@0.000ns fall@5.000ns period=10.000ns})
  Path Group:             **async_default**
  Path Type:              Recovery (Max at Slow Process Corner)
  Requirement:            10.000ns  (clk_out2_pll rise@10.000ns - clk_out2_pll rise@0.000ns)
  Data Path Delay:        4.389ns  (logic 0.236ns (5.377%)  route 4.153ns (94.623%))
  Logic Levels:           0  
  Clock Path Skew:        -0.094ns (DCD - SCD + CPR)
    Destination Clock Delay (DCD):    -1.768ns = ( 8.232 - 10.000 ) 
    Source Clock Delay      (SCD):    -2.355ns
    Clock Pessimism Removal (CPR):    -0.682ns
  Clock Uncertainty:      0.066ns  ((TSJ^2 + DJ^2)^1/2) / 2 + PE
    Total System Jitter     (TSJ):    0.071ns
    Discrete Jitter          (DJ):    0.112ns
    Phase Error              (PE):    0.000ns

    Location             Delay type                Incr(ns)  Path(ns)    Netlist Resource(s)
  -------------------------------------------------------------------    -------------------
                         (clock clk_out2_pll rise edge)
                                                      0.000     0.000 r  
    AD12                                              0.000     0.000 r  i_sys_clk_p (IN)
                         net (fo=0)                   0.000     0.000    pll_inst/inst/clk_in1_p
    AD12                 IBUFDS (Prop_ibufds_I_O)     0.906     0.906 r  pll_inst/inst/clkin1_ibufgds/O
                         net (fo=1, routed)           1.081     1.987    pll_inst/inst/clk_in1_pll
    MMCME2_ADV_X1Y1      MMCME2_ADV (Prop_mmcme2_adv_CLKIN1_CLKOUT1)
                                                     -7.786    -5.799 r  pll_inst/inst/mmcm_adv_inst/CLKOUT1
                         net (fo=1, routed)           2.130    -3.669    pll_inst/inst/clk_out2_pll
    BUFGCTRL_X0Y0        BUFG (Prop_bufg_I_O)         0.093    -3.576 r  pll_inst/inst/clkout2_buf/O
                         net (fo=33272, routed)       1.221    -2.355    student_top_inst/w_cpu_clk
    SLICE_X66Y194        FDPE                                         r  student_top_inst/cpu_rst_sync_reg/C
  -------------------------------------------------------------------    -------------------
    SLICE_X66Y194        FDPE (Prop_fdpe_C_Q)         0.236    -2.119 f  student_top_inst/cpu_rst_sync_reg/Q
                         net (fo=8674, routed)        4.153     2.034    student_top_inst/Core_cpu/u_core/u_bpu/rst
    SLICE_X109Y195       FDCE                                         f  student_top_inst/Core_cpu/u_core/u_bpu/local_pht_q_reg[186][1]/CLR
  -------------------------------------------------------------------    -------------------

                         (clock clk_out2_pll rise edge)
                                                     10.000    10.000 r  
    AD12                                              0.000    10.000 r  i_sys_clk_p (IN)
                         net (fo=0)                   0.000    10.000    pll_inst/inst/clk_in1_p
    AD12                 IBUFDS (Prop_ibufds_I_O)     0.803    10.803 r  pll_inst/inst/clkin1_ibufgds/O
                         net (fo=1, routed)           0.986    11.789    pll_inst/inst/clk_in1_pll
    MMCME2_ADV_X1Y1      MMCME2_ADV (Prop_mmcme2_adv_CLKIN1_CLKOUT1)
                                                     -6.759     5.030 r  pll_inst/inst/mmcm_adv_inst/CLKOUT1
                         net (fo=1, routed)           2.005     7.035    pll_inst/inst/clk_out2_pll
    BUFGCTRL_X0Y0        BUFG (Prop_bufg_I_O)         0.083     7.118 r  pll_inst/inst/clkout2_buf/O
                         net (fo=33272, routed)       1.114     8.232    student_top_inst/Core_cpu/u_core/u_bpu/clk
    SLICE_X109Y195       FDCE                                         r  student_top_inst/Core_cpu/u_core/u_bpu/local_pht_q_reg[186][1]/C
                         clock pessimism             -0.682     7.551    
                         clock uncertainty           -0.066     7.484    
    SLICE_X109Y195       FDCE (Recov_fdce_C_CLR)     -0.292     7.192    student_top_inst/Core_cpu/u_core/u_bpu/local_pht_q_reg[186][1]
  -------------------------------------------------------------------
                         required time                          7.192    
                         arrival time                          -2.034    
  -------------------------------------------------------------------
                         slack                                  5.158    

Slack (MET) :             5.183ns  (required time - arrival time)
  Source:                 student_top_inst/cpu_rst_sync_reg/C
                            (rising edge-triggered cell FDPE clocked by clk_out2_pll  {rise@0.000ns fall@5.000ns period=10.000ns})
  Destination:            student_top_inst/Core_cpu/u_core/u_bpu/local_pht_q_reg[177][0]/PRE
                            (recovery check against rising-edge clock clk_out2_pll  {rise@0.000ns fall@5.000ns period=10.000ns})
  Path Group:             **async_default**
  Path Type:              Recovery (Max at Slow Process Corner)
  Requirement:            10.000ns  (clk_out2_pll rise@10.000ns - clk_out2_pll rise@0.000ns)
  Data Path Delay:        4.389ns  (logic 0.236ns (5.377%)  route 4.153ns (94.623%))
  Logic Levels:           0  
  Clock Path Skew:        -0.094ns (DCD - SCD + CPR)
    Destination Clock Delay (DCD):    -1.768ns = ( 8.232 - 10.000 ) 
    Source Clock Delay      (SCD):    -2.355ns
    Clock Pessimism Removal (CPR):    -0.682ns
  Clock Uncertainty:      0.066ns  ((TSJ^2 + DJ^2)^1/2) / 2 + PE
    Total System Jitter     (TSJ):    0.071ns
    Discrete Jitter          (DJ):    0.112ns
    Phase Error              (PE):    0.000ns

    Location             Delay type                Incr(ns)  Path(ns)    Netlist Resource(s)
  -------------------------------------------------------------------    -------------------
                         (clock clk_out2_pll rise edge)
                                                      0.000     0.000 r  
    AD12                                              0.000     0.000 r  i_sys_clk_p (IN)
                         net (fo=0)                   0.000     0.000    pll_inst/inst/clk_in1_p
    AD12                 IBUFDS (Prop_ibufds_I_O)     0.906     0.906 r  pll_inst/inst/clkin1_ibufgds/O
                         net (fo=1, routed)           1.081     1.987    pll_inst/inst/clk_in1_pll
    MMCME2_ADV_X1Y1      MMCME2_ADV (Prop_mmcme2_adv_CLKIN1_CLKOUT1)
                                                     -7.786    -5.799 r  pll_inst/inst/mmcm_adv_inst/CLKOUT1
                         net (fo=1, routed)           2.130    -3.669    pll_inst/inst/clk_out2_pll
    BUFGCTRL_X0Y0        BUFG (Prop_bufg_I_O)         0.093    -3.576 r  pll_inst/inst/clkout2_buf/O
                         net (fo=33272, routed)       1.221    -2.355    student_top_inst/w_cpu_clk
    SLICE_X66Y194        FDPE                                         r  student_top_inst/cpu_rst_sync_reg/C
  -------------------------------------------------------------------    -------------------
    SLICE_X66Y194        FDPE (Prop_fdpe_C_Q)         0.236    -2.119 f  student_top_inst/cpu_rst_sync_reg/Q
                         net (fo=8674, routed)        4.153     2.034    student_top_inst/Core_cpu/u_core/u_bpu/rst
    SLICE_X108Y195       FDPE                                         f  student_top_inst/Core_cpu/u_core/u_bpu/local_pht_q_reg[177][0]/PRE
  -------------------------------------------------------------------    -------------------

                         (clock clk_out2_pll rise edge)
                                                     10.000    10.000 r  
    AD12                                              0.000    10.000 r  i_sys_clk_p (IN)
                         net (fo=0)                   0.000    10.000    pll_inst/inst/clk_in1_p
    AD12                 IBUFDS (Prop_ibufds_I_O)     0.803    10.803 r  pll_inst/inst/clkin1_ibufgds/O
                         net (fo=1, routed)           0.986    11.789    pll_inst/inst/clk_in1_pll
    MMCME2_ADV_X1Y1      MMCME2_ADV (Prop_mmcme2_adv_CLKIN1_CLKOUT1)
                                                     -6.759     5.030 r  pll_inst/inst/mmcm_adv_inst/CLKOUT1
                         net (fo=1, routed)           2.005     7.035    pll_inst/inst/clk_out2_pll
    BUFGCTRL_X0Y0        BUFG (Prop_bufg_I_O)         0.083     7.118 r  pll_inst/inst/clkout2_buf/O
                         net (fo=33272, routed)       1.114     8.232    student_top_inst/Core_cpu/u_core/u_bpu/clk
    SLICE_X108Y195       FDPE                                         r  student_top_inst/Core_cpu/u_core/u_bpu/local_pht_q_reg[177][0]/C
                         clock pessimism             -0.682     7.551    
                         clock uncertainty           -0.066     7.484    
    SLICE_X108Y195       FDPE (Recov_fdpe_C_PRE)     -0.267     7.217    student_top_inst/Core_cpu/u_core/u_bpu/local_pht_q_reg[177][0]
  -------------------------------------------------------------------
                         required time                          7.217    
                         arrival time                          -2.034    
  -------------------------------------------------------------------
                         slack                                  5.183    

Slack (MET) :             5.183ns  (required time - arrival time)
  Source:                 student_top_inst/cpu_rst_sync_reg/C
                            (rising edge-triggered cell FDPE clocked by clk_out2_pll  {rise@0.000ns fall@5.000ns period=10.000ns})
  Destination:            student_top_inst/Core_cpu/u_core/u_bpu/local_pht_q_reg[178][0]/PRE
                            (recovery check against rising-edge clock clk_out2_pll  {rise@0.000ns fall@5.000ns period=10.000ns})
  Path Group:             **async_default**
  Path Type:              Recovery (Max at Slow Process Corner)
  Requirement:            10.000ns  (clk_out2_pll rise@10.000ns - clk_out2_pll rise@0.000ns)
  Data Path Delay:        4.389ns  (logic 0.236ns (5.377%)  route 4.153ns (94.623%))
  Logic Levels:           0  
  Clock Path Skew:        -0.094ns (DCD - SCD + CPR)
    Destination Clock Delay (DCD):    -1.768ns = ( 8.232 - 10.000 ) 
    Source Clock Delay      (SCD):    -2.355ns
    Clock Pessimism Removal (CPR):    -0.682ns
  Clock Uncertainty:      0.066ns  ((TSJ^2 + DJ^2)^1/2) / 2 + PE
    Total System Jitter     (TSJ):    0.071ns
    Discrete Jitter          (DJ):    0.112ns
    Phase Error              (PE):    0.000ns

    Location             Delay type                Incr(ns)  Path(ns)    Netlist Resource(s)
  -------------------------------------------------------------------    -------------------
                         (clock clk_out2_pll rise edge)
                                                      0.000     0.000 r  
    AD12                                              0.000     0.000 r  i_sys_clk_p (IN)
                         net (fo=0)                   0.000     0.000    pll_inst/inst/clk_in1_p
    AD12                 IBUFDS (Prop_ibufds_I_O)     0.906     0.906 r  pll_inst/inst/clkin1_ibufgds/O
                         net (fo=1, routed)           1.081     1.987    pll_inst/inst/clk_in1_pll
    MMCME2_ADV_X1Y1      MMCME2_ADV (Prop_mmcme2_adv_CLKIN1_CLKOUT1)
                                                     -7.786    -5.799 r  pll_inst/inst/mmcm_adv_inst/CLKOUT1
                         net (fo=1, routed)           2.130    -3.669    pll_inst/inst/clk_out2_pll
    BUFGCTRL_X0Y0        BUFG (Prop_bufg_I_O)         0.093    -3.576 r  pll_inst/inst/clkout2_buf/O
                         net (fo=33272, routed)       1.221    -2.355    student_top_inst/w_cpu_clk
    SLICE_X66Y194        FDPE                                         r  student_top_inst/cpu_rst_sync_reg/C
  -------------------------------------------------------------------    -------------------
    SLICE_X66Y194        FDPE (Prop_fdpe_C_Q)         0.236    -2.119 f  student_top_inst/cpu_rst_sync_reg/Q
                         net (fo=8674, routed)        4.153     2.034    student_top_inst/Core_cpu/u_core/u_bpu/rst
    SLICE_X108Y195       FDPE                                         f  student_top_inst/Core_cpu/u_core/u_bpu/local_pht_q_reg[178][0]/PRE
  -------------------------------------------------------------------    -------------------

                         (clock clk_out2_pll rise edge)
                                                     10.000    10.000 r  
    AD12                                              0.000    10.000 r  i_sys_clk_p (IN)
                         net (fo=0)                   0.000    10.000    pll_inst/inst/clk_in1_p
    AD12                 IBUFDS (Prop_ibufds_I_O)     0.803    10.803 r  pll_inst/inst/clkin1_ibufgds/O
                         net (fo=1, routed)           0.986    11.789    pll_inst/inst/clk_in1_pll
    MMCME2_ADV_X1Y1      MMCME2_ADV (Prop_mmcme2_adv_CLKIN1_CLKOUT1)
                                                     -6.759     5.030 r  pll_inst/inst/mmcm_adv_inst/CLKOUT1
                         net (fo=1, routed)           2.005     7.035    pll_inst/inst/clk_out2_pll
    BUFGCTRL_X0Y0        BUFG (Prop_bufg_I_O)         0.083     7.118 r  pll_inst/inst/clkout2_buf/O
                         net (fo=33272, routed)       1.114     8.232    student_top_inst/Core_cpu/u_core/u_bpu/clk
    SLICE_X108Y195       FDPE                                         r  student_top_inst/Core_cpu/u_core/u_bpu/local_pht_q_reg[178][0]/C
                         clock pessimism             -0.682     7.551    
                         clock uncertainty           -0.066     7.484    
    SLICE_X108Y195       FDPE (Recov_fdpe_C_PRE)     -0.267     7.217    student_top_inst/Core_cpu/u_core/u_bpu/local_pht_q_reg[178][0]
  -------------------------------------------------------------------
                         required time                          7.217    
                         arrival time                          -2.034    
  -------------------------------------------------------------------
                         slack                                  5.183    

Slack (MET) :             5.183ns  (required time - arrival time)
  Source:                 student_top_inst/cpu_rst_sync_reg/C
                            (rising edge-triggered cell FDPE clocked by clk_out2_pll  {rise@0.000ns fall@5.000ns period=10.000ns})
  Destination:            student_top_inst/Core_cpu/u_core/u_bpu/local_pht_q_reg[180][0]/PRE
                            (recovery check against rising-edge clock clk_out2_pll  {rise@0.000ns fall@5.000ns period=10.000ns})
  Path Group:             **async_default**
  Path Type:              Recovery (Max at Slow Process Corner)
  Requirement:            10.000ns  (clk_out2_pll rise@10.000ns - clk_out2_pll rise@0.000ns)
  Data Path Delay:        4.389ns  (logic 0.236ns (5.377%)  route 4.153ns (94.623%))
  Logic Levels:           0  
  Clock Path Skew:        -0.094ns (DCD - SCD + CPR)
    Destination Clock Delay (DCD):    -1.768ns = ( 8.232 - 10.000 ) 
    Source Clock Delay      (SCD):    -2.355ns
    Clock Pessimism Removal (CPR):    -0.682ns
  Clock Uncertainty:      0.066ns  ((TSJ^2 + DJ^2)^1/2) / 2 + PE
    Total System Jitter     (TSJ):    0.071ns
    Discrete Jitter          (DJ):    0.112ns
    Phase Error              (PE):    0.000ns

    Location             Delay type                Incr(ns)  Path(ns)    Netlist Resource(s)
  -------------------------------------------------------------------    -------------------
                         (clock clk_out2_pll rise edge)
                                                      0.000     0.000 r  
    AD12                                              0.000     0.000 r  i_sys_clk_p (IN)
                         net (fo=0)                   0.000     0.000    pll_inst/inst/clk_in1_p
    AD12                 IBUFDS (Prop_ibufds_I_O)     0.906     0.906 r  pll_inst/inst/clkin1_ibufgds/O
                         net (fo=1, routed)           1.081     1.987    pll_inst/inst/clk_in1_pll
    MMCME2_ADV_X1Y1      MMCME2_ADV (Prop_mmcme2_adv_CLKIN1_CLKOUT1)
                                                     -7.786    -5.799 r  pll_inst/inst/mmcm_adv_inst/CLKOUT1
                         net (fo=1, routed)           2.130    -3.669    pll_inst/inst/clk_out2_pll
    BUFGCTRL_X0Y0        BUFG (Prop_bufg_I_O)         0.093    -3.576 r  pll_inst/inst/clkout2_buf/O
                         net (fo=33272, routed)       1.221    -2.355    student_top_inst/w_cpu_clk
    SLICE_X66Y194        FDPE                                         r  student_top_inst/cpu_rst_sync_reg/C
  -------------------------------------------------------------------    -------------------
    SLICE_X66Y194        FDPE (Prop_fdpe_C_Q)         0.236    -2.119 f  student_top_inst/cpu_rst_sync_reg/Q
                         net (fo=8674, routed)        4.153     2.034    student_top_inst/Core_cpu/u_core/u_bpu/rst
    SLICE_X108Y195       FDPE                                         f  student_top_inst/Core_cpu/u_core/u_bpu/local_pht_q_reg[180][0]/PRE
  -------------------------------------------------------------------    -------------------

                         (clock clk_out2_pll rise edge)
                                                     10.000    10.000 r  
    AD12                                              0.000    10.000 r  i_sys_clk_p (IN)
                         net (fo=0)                   0.000    10.000    pll_inst/inst/clk_in1_p
    AD12                 IBUFDS (Prop_ibufds_I_O)     0.803    10.803 r  pll_inst/inst/clkin1_ibufgds/O
                         net (fo=1, routed)           0.986    11.789    pll_inst/inst/clk_in1_pll
    MMCME2_ADV_X1Y1      MMCME2_ADV (Prop_mmcme2_adv_CLKIN1_CLKOUT1)
                                                     -6.759     5.030 r  pll_inst/inst/mmcm_adv_inst/CLKOUT1
                         net (fo=1, routed)           2.005     7.035    pll_inst/inst/clk_out2_pll
    BUFGCTRL_X0Y0        BUFG (Prop_bufg_I_O)         0.083     7.118 r  pll_inst/inst/clkout2_buf/O
                         net (fo=33272, routed)       1.114     8.232    student_top_inst/Core_cpu/u_core/u_bpu/clk
    SLICE_X108Y195       FDPE                                         r  student_top_inst/Core_cpu/u_core/u_bpu/local_pht_q_reg[180][0]/C
                         clock pessimism             -0.682     7.551    
                         clock uncertainty           -0.066     7.484    
    SLICE_X108Y195       FDPE (Recov_fdpe_C_PRE)     -0.267     7.217    student_top_inst/Core_cpu/u_core/u_bpu/local_pht_q_reg[180][0]
  -------------------------------------------------------------------
                         required time                          7.217    
                         arrival time                          -2.034    
  -------------------------------------------------------------------
                         slack                                  5.183    

Slack (MET) :             5.183ns  (required time - arrival time)
  Source:                 student_top_inst/cpu_rst_sync_reg/C
                            (rising edge-triggered cell FDPE clocked by clk_out2_pll  {rise@0.000ns fall@5.000ns period=10.000ns})
  Destination:            student_top_inst/Core_cpu/u_core/u_bpu/local_pht_q_reg[184][0]/PRE
                            (recovery check against rising-edge clock clk_out2_pll  {rise@0.000ns fall@5.000ns period=10.000ns})
  Path Group:             **async_default**
  Path Type:              Recovery (Max at Slow Process Corner)
  Requirement:            10.000ns  (clk_out2_pll rise@10.000ns - clk_out2_pll rise@0.000ns)
  Data Path Delay:        4.389ns  (logic 0.236ns (5.377%)  route 4.153ns (94.623%))
  Logic Levels:           0  
  Clock Path Skew:        -0.094ns (DCD - SCD + CPR)
    Destination Clock Delay (DCD):    -1.768ns = ( 8.232 - 10.000 ) 
    Source Clock Delay      (SCD):    -2.355ns
    Clock Pessimism Removal (CPR):    -0.682ns
  Clock Uncertainty:      0.066ns  ((TSJ^2 + DJ^2)^1/2) / 2 + PE
    Total System Jitter     (TSJ):    0.071ns
    Discrete Jitter          (DJ):    0.112ns
    Phase Error              (PE):    0.000ns

    Location             Delay type                Incr(ns)  Path(ns)    Netlist Resource(s)
  -------------------------------------------------------------------    -------------------
                         (clock clk_out2_pll rise edge)
                                                      0.000     0.000 r  
    AD12                                              0.000     0.000 r  i_sys_clk_p (IN)
                         net (fo=0)                   0.000     0.000    pll_inst/inst/clk_in1_p
    AD12                 IBUFDS (Prop_ibufds_I_O)     0.906     0.906 r  pll_inst/inst/clkin1_ibufgds/O
                         net (fo=1, routed)           1.081     1.987    pll_inst/inst/clk_in1_pll
    MMCME2_ADV_X1Y1      MMCME2_ADV (Prop_mmcme2_adv_CLKIN1_CLKOUT1)
                                                     -7.786    -5.799 r  pll_inst/inst/mmcm_adv_inst/CLKOUT1
                         net (fo=1, routed)           2.130    -3.669    pll_inst/inst/clk_out2_pll
    BUFGCTRL_X0Y0        BUFG (Prop_bufg_I_O)         0.093    -3.576 r  pll_inst/inst/clkout2_buf/O
                         net (fo=33272, routed)       1.221    -2.355    student_top_inst/w_cpu_clk
    SLICE_X66Y194        FDPE                                         r  student_top_inst/cpu_rst_sync_reg/C
  -------------------------------------------------------------------    -------------------
    SLICE_X66Y194        FDPE (Prop_fdpe_C_Q)         0.236    -2.119 f  student_top_inst/cpu_rst_sync_reg/Q
                         net (fo=8674, routed)        4.153     2.034    student_top_inst/Core_cpu/u_core/u_bpu/rst
    SLICE_X108Y195       FDPE                                         f  student_top_inst/Core_cpu/u_core/u_bpu/local_pht_q_reg[184][0]/PRE
  -------------------------------------------------------------------    -------------------

                         (clock clk_out2_pll rise edge)
                                                     10.000    10.000 r  
    AD12                                              0.000    10.000 r  i_sys_clk_p (IN)
                         net (fo=0)                   0.000    10.000    pll_inst/inst/clk_in1_p
    AD12                 IBUFDS (Prop_ibufds_I_O)     0.803    10.803 r  pll_inst/inst/clkin1_ibufgds/O
                         net (fo=1, routed)           0.986    11.789    pll_inst/inst/clk_in1_pll
    MMCME2_ADV_X1Y1      MMCME2_ADV (Prop_mmcme2_adv_CLKIN1_CLKOUT1)
                                                     -6.759     5.030 r  pll_inst/inst/mmcm_adv_inst/CLKOUT1
                         net (fo=1, routed)           2.005     7.035    pll_inst/inst/clk_out2_pll
    BUFGCTRL_X0Y0        BUFG (Prop_bufg_I_O)         0.083     7.118 r  pll_inst/inst/clkout2_buf/O
                         net (fo=33272, routed)       1.114     8.232    student_top_inst/Core_cpu/u_core/u_bpu/clk
    SLICE_X108Y195       FDPE                                         r  student_top_inst/Core_cpu/u_core/u_bpu/local_pht_q_reg[184][0]/C
                         clock pessimism             -0.682     7.551    
                         clock uncertainty           -0.066     7.484    
    SLICE_X108Y195       FDPE (Recov_fdpe_C_PRE)     -0.267     7.217    student_top_inst/Core_cpu/u_core/u_bpu/local_pht_q_reg[184][0]
  -------------------------------------------------------------------
                         required time                          7.217    
                         arrival time                          -2.034    
  -------------------------------------------------------------------
                         slack                                  5.183    

Slack (MET) :             5.192ns  (required time - arrival time)
  Source:                 student_top_inst/cpu_rst_sync_reg/C
                            (rising edge-triggered cell FDPE clocked by clk_out2_pll  {rise@0.000ns fall@5.000ns period=10.000ns})
  Destination:            student_top_inst/Core_cpu/u_core/u_bpu/local_pht_q_reg[182][0]/PRE
                            (recovery check against rising-edge clock clk_out2_pll  {rise@0.000ns fall@5.000ns period=10.000ns})
  Path Group:             **async_default**
  Path Type:              Recovery (Max at Slow Process Corner)
  Requirement:            10.000ns  (clk_out2_pll rise@10.000ns - clk_out2_pll rise@0.000ns)
  Data Path Delay:        4.389ns  (logic 0.236ns (5.377%)  route 4.153ns (94.623%))
  Logic Levels:           0  
  Clock Path Skew:        -0.094ns (DCD - SCD + CPR)
    Destination Clock Delay (DCD):    -1.768ns = ( 8.232 - 10.000 ) 
    Source Clock Delay      (SCD):    -2.355ns
    Clock Pessimism Removal (CPR):    -0.682ns
  Clock Uncertainty:      0.066ns  ((TSJ^2 + DJ^2)^1/2) / 2 + PE
    Total System Jitter     (TSJ):    0.071ns
    Discrete Jitter          (DJ):    0.112ns
    Phase Error              (PE):    0.000ns

    Location             Delay type                Incr(ns)  Path(ns)    Netlist Resource(s)
  -------------------------------------------------------------------    -------------------
                         (clock clk_out2_pll rise edge)
                                                      0.000     0.000 r  
    AD12                                              0.000     0.000 r  i_sys_clk_p (IN)
                         net (fo=0)                   0.000     0.000    pll_inst/inst/clk_in1_p
    AD12                 IBUFDS (Prop_ibufds_I_O)     0.906     0.906 r  pll_inst/inst/clkin1_ibufgds/O
                         net (fo=1, routed)           1.081     1.987    pll_inst/inst/clk_in1_pll
    MMCME2_ADV_X1Y1      MMCME2_ADV (Prop_mmcme2_adv_CLKIN1_CLKOUT1)
                                                     -7.786    -5.799 r  pll_inst/inst/mmcm_adv_inst/CLKOUT1
                         net (fo=1, routed)           2.130    -3.669    pll_inst/inst/clk_out2_pll
    BUFGCTRL_X0Y0        BUFG (Prop_bufg_I_O)         0.093    -3.576 r  pll_inst/inst/clkout2_buf/O
                         net (fo=33272, routed)       1.221    -2.355    student_top_inst/w_cpu_clk
    SLICE_X66Y194        FDPE                                         r  student_top_inst/cpu_rst_sync_reg/C
  -------------------------------------------------------------------    -------------------
    SLICE_X66Y194        FDPE (Prop_fdpe_C_Q)         0.236    -2.119 f  student_top_inst/cpu_rst_sync_reg/Q
                         net (fo=8674, routed)        4.153     2.034    student_top_inst/Core_cpu/u_core/u_bpu/rst
    SLICE_X109Y195       FDPE                                         f  student_top_inst/Core_cpu/u_core/u_bpu/local_pht_q_reg[182][0]/PRE
  -------------------------------------------------------------------    -------------------

                         (clock clk_out2_pll rise edge)
                                                     10.000    10.000 r  
    AD12                                              0.000    10.000 r  i_sys_clk_p (IN)
                         net (fo=0)                   0.000    10.000    pll_inst/inst/clk_in1_p
    AD12                 IBUFDS (Prop_ibufds_I_O)     0.803    10.803 r  pll_inst/inst/clkin1_ibufgds/O
                         net (fo=1, routed)           0.986    11.789    pll_inst/inst/clk_in1_pll
    MMCME2_ADV_X1Y1      MMCME2_ADV (Prop_mmcme2_adv_CLKIN1_CLKOUT1)
                                                     -6.759     5.030 r  pll_inst/inst/mmcm_adv_inst/CLKOUT1
                         net (fo=1, routed)           2.005     7.035    pll_inst/inst/clk_out2_pll
    BUFGCTRL_X0Y0        BUFG (Prop_bufg_I_O)         0.083     7.118 r  pll_inst/inst/clkout2_buf/O
                         net (fo=33272, routed)       1.114     8.232    student_top_inst/Core_cpu/u_core/u_bpu/clk
    SLICE_X109Y195       FDPE                                         r  student_top_inst/Core_cpu/u_core/u_bpu/local_pht_q_reg[182][0]/C
                         clock pessimism             -0.682     7.551    
                         clock uncertainty           -0.066     7.484    
    SLICE_X109Y195       FDPE (Recov_fdpe_C_PRE)     -0.258     7.226    student_top_inst/Core_cpu/u_core/u_bpu/local_pht_q_reg[182][0]
  -------------------------------------------------------------------
                         required time                          7.226    
                         arrival time                          -2.034    
  -------------------------------------------------------------------
                         slack                                  5.192    





Min Delay Paths
--------------------------------------------------------------------------------------
Slack (MET) :             0.217ns  (arrival time - required time)
  Source:                 student_top_inst/cpu_rst_sync_reg/C
                            (rising edge-triggered cell FDPE clocked by clk_out2_pll  {rise@0.000ns fall@5.000ns period=10.000ns})
  Destination:            student_top_inst/Core_cpu/u_core/u_bpu/local_hist_q_reg[72][3]/CLR
                            (removal check against rising-edge clock clk_out2_pll  {rise@0.000ns fall@5.000ns period=10.000ns})
  Path Group:             **async_default**
  Path Type:              Removal (Min at Fast Process Corner)
  Requirement:            0.000ns  (clk_out2_pll rise@0.000ns - clk_out2_pll rise@0.000ns)
  Data Path Delay:        0.323ns  (logic 0.107ns (33.145%)  route 0.216ns (66.855%))
  Logic Levels:           0  
  Clock Path Skew:        0.192ns (DCD - SCD - CPR)
    Destination Clock Delay (DCD):    -0.700ns
    Source Clock Delay      (SCD):    -0.642ns
    Clock Pessimism Removal (CPR):    -0.251ns

    Location             Delay type                Incr(ns)  Path(ns)    Netlist Resource(s)
  -------------------------------------------------------------------    -------------------
                         (clock clk_out2_pll rise edge)
                                                      0.000     0.000 r  
    AD12                                              0.000     0.000 r  i_sys_clk_p (IN)
                         net (fo=0)                   0.000     0.000    pll_inst/inst/clk_in1_p
    AD12                 IBUFDS (Prop_ibufds_I_O)     0.388     0.388 r  pll_inst/inst/clkin1_ibufgds/O
                         net (fo=1, routed)           0.503     0.891    pll_inst/inst/clk_in1_pll
    MMCME2_ADV_X1Y1      MMCME2_ADV (Prop_mmcme2_adv_CLKIN1_CLKOUT1)
                                                     -3.040    -2.149 r  pll_inst/inst/mmcm_adv_inst/CLKOUT1
                         net (fo=1, routed)           0.940    -1.209    pll_inst/inst/clk_out2_pll
    BUFGCTRL_X0Y0        BUFG (Prop_bufg_I_O)         0.026    -1.183 r  pll_inst/inst/clkout2_buf/O
                         net (fo=33272, routed)       0.541    -0.642    student_top_inst/w_cpu_clk
    SLICE_X66Y194        FDPE                                         r  student_top_inst/cpu_rst_sync_reg/C
  -------------------------------------------------------------------    -------------------
    SLICE_X66Y194        FDPE (Prop_fdpe_C_Q)         0.107    -0.535 f  student_top_inst/cpu_rst_sync_reg/Q
                         net (fo=8674, routed)        0.216    -0.319    student_top_inst/Core_cpu/u_core/u_bpu/rst
    SLICE_X66Y202        FDCE                                         f  student_top_inst/Core_cpu/u_core/u_bpu/local_hist_q_reg[72][3]/CLR
  -------------------------------------------------------------------    -------------------

                         (clock clk_out2_pll rise edge)
                                                      0.000     0.000 r  
    AD12                                              0.000     0.000 r  i_sys_clk_p (IN)
                         net (fo=0)                   0.000     0.000    pll_inst/inst/clk_in1_p
    AD12                 IBUFDS (Prop_ibufds_I_O)     0.470     0.470 r  pll_inst/inst/clkin1_ibufgds/O
                         net (fo=1, routed)           0.553     1.023    pll_inst/inst/clk_in1_pll
    MMCME2_ADV_X1Y1      MMCME2_ADV (Prop_mmcme2_adv_CLKIN1_CLKOUT1)
                                                     -3.493    -2.470 r  pll_inst/inst/mmcm_adv_inst/CLKOUT1
                         net (fo=1, routed)           1.007    -1.463    pll_inst/inst/clk_out2_pll
    BUFGCTRL_X0Y0        BUFG (Prop_bufg_I_O)         0.030    -1.433 r  pll_inst/inst/clkout2_buf/O
                         net (fo=33272, routed)       0.733    -0.700    student_top_inst/Core_cpu/u_core/u_bpu/clk
    SLICE_X66Y202        FDCE                                         r  student_top_inst/Core_cpu/u_core/u_bpu/local_hist_q_reg[72][3]/C
                         clock pessimism              0.251    -0.450    
    SLICE_X66Y202        FDCE (Remov_fdce_C_CLR)     -0.086    -0.536    student_top_inst/Core_cpu/u_core/u_bpu/local_hist_q_reg[72][3]
  -------------------------------------------------------------------
                         required time                          0.536    
                         arrival time                          -0.319    
  -------------------------------------------------------------------
                         slack                                  0.217    

Slack (MET) :             0.236ns  (arrival time - required time)
  Source:                 student_top_inst/cpu_rst_sync_reg/C
                            (rising edge-triggered cell FDPE clocked by clk_out2_pll  {rise@0.000ns fall@5.000ns period=10.000ns})
  Destination:            student_top_inst/Core_cpu/u_core/u_bpu/local_hist_q_reg[66][0]/CLR
                            (removal check against rising-edge clock clk_out2_pll  {rise@0.000ns fall@5.000ns period=10.000ns})
  Path Group:             **async_default**
  Path Type:              Removal (Min at Fast Process Corner)
  Requirement:            0.000ns  (clk_out2_pll rise@0.000ns - clk_out2_pll rise@0.000ns)
  Data Path Delay:        0.323ns  (logic 0.107ns (33.145%)  route 0.216ns (66.855%))
  Logic Levels:           0  
  Clock Path Skew:        0.192ns (DCD - SCD - CPR)
    Destination Clock Delay (DCD):    -0.700ns
    Source Clock Delay      (SCD):    -0.642ns
    Clock Pessimism Removal (CPR):    -0.251ns

    Location             Delay type                Incr(ns)  Path(ns)    Netlist Resource(s)
  -------------------------------------------------------------------    -------------------
                         (clock clk_out2_pll rise edge)
                                                      0.000     0.000 r  
    AD12                                              0.000     0.000 r  i_sys_clk_p (IN)
                         net (fo=0)                   0.000     0.000    pll_inst/inst/clk_in1_p
    AD12                 IBUFDS (Prop_ibufds_I_O)     0.388     0.388 r  pll_inst/inst/clkin1_ibufgds/O
                         net (fo=1, routed)           0.503     0.891    pll_inst/inst/clk_in1_pll
    MMCME2_ADV_X1Y1      MMCME2_ADV (Prop_mmcme2_adv_CLKIN1_CLKOUT1)
                                                     -3.040    -2.149 r  pll_inst/inst/mmcm_adv_inst/CLKOUT1
                         net (fo=1, routed)           0.940    -1.209    pll_inst/inst/clk_out2_pll
    BUFGCTRL_X0Y0        BUFG (Prop_bufg_I_O)         0.026    -1.183 r  pll_inst/inst/clkout2_buf/O
                         net (fo=33272, routed)       0.541    -0.642    student_top_inst/w_cpu_clk
    SLICE_X66Y194        FDPE                                         r  student_top_inst/cpu_rst_sync_reg/C
  -------------------------------------------------------------------    -------------------
    SLICE_X66Y194        FDPE (Prop_fdpe_C_Q)         0.107    -0.535 f  student_top_inst/cpu_rst_sync_reg/Q
                         net (fo=8674, routed)        0.216    -0.319    student_top_inst/Core_cpu/u_core/u_bpu/rst
    SLICE_X67Y202        FDCE                                         f  student_top_inst/Core_cpu/u_core/u_bpu/local_hist_q_reg[66][0]/CLR
  -------------------------------------------------------------------    -------------------

                         (clock clk_out2_pll rise edge)
                                                      0.000     0.000 r  
    AD12                                              0.000     0.000 r  i_sys_clk_p (IN)
                         net (fo=0)                   0.000     0.000    pll_inst/inst/clk_in1_p
    AD12                 IBUFDS (Prop_ibufds_I_O)     0.470     0.470 r  pll_inst/inst/clkin1_ibufgds/O
                         net (fo=1, routed)           0.553     1.023    pll_inst/inst/clk_in1_pll
    MMCME2_ADV_X1Y1      MMCME2_ADV (Prop_mmcme2_adv_CLKIN1_CLKOUT1)
                                                     -3.493    -2.470 r  pll_inst/inst/mmcm_adv_inst/CLKOUT1
                         net (fo=1, routed)           1.007    -1.463    pll_inst/inst/clk_out2_pll
    BUFGCTRL_X0Y0        BUFG (Prop_bufg_I_O)         0.030    -1.433 r  pll_inst/inst/clkout2_buf/O
                         net (fo=33272, routed)       0.733    -0.700    student_top_inst/Core_cpu/u_core/u_bpu/clk
    SLICE_X67Y202        FDCE                                         r  student_top_inst/Core_cpu/u_core/u_bpu/local_hist_q_reg[66][0]/C
                         clock pessimism              0.251    -0.450    
    SLICE_X67Y202        FDCE (Remov_fdce_C_CLR)     -0.105    -0.555    student_top_inst/Core_cpu/u_core/u_bpu/local_hist_q_reg[66][0]
  -------------------------------------------------------------------
                         required time                          0.555    
                         arrival time                          -0.319    
  -------------------------------------------------------------------
                         slack                                  0.236    

Slack (MET) :             0.236ns  (arrival time - required time)
  Source:                 student_top_inst/cpu_rst_sync_reg/C
                            (rising edge-triggered cell FDPE clocked by clk_out2_pll  {rise@0.000ns fall@5.000ns period=10.000ns})
  Destination:            student_top_inst/Core_cpu/u_core/u_bpu/local_hist_q_reg[66][1]/CLR
                            (removal check against rising-edge clock clk_out2_pll  {rise@0.000ns fall@5.000ns period=10.000ns})
  Path Group:             **async_default**
  Path Type:              Removal (Min at Fast Process Corner)
  Requirement:            0.000ns  (clk_out2_pll rise@0.000ns - clk_out2_pll rise@0.000ns)
  Data Path Delay:        0.323ns  (logic 0.107ns (33.145%)  route 0.216ns (66.855%))
  Logic Levels:           0  
  Clock Path Skew:        0.192ns (DCD - SCD - CPR)
    Destination Clock Delay (DCD):    -0.700ns
    Source Clock Delay      (SCD):    -0.642ns
    Clock Pessimism Removal (CPR):    -0.251ns

    Location             Delay type                Incr(ns)  Path(ns)    Netlist Resource(s)
  -------------------------------------------------------------------    -------------------
                         (clock clk_out2_pll rise edge)
                                                      0.000     0.000 r  
    AD12                                              0.000     0.000 r  i_sys_clk_p (IN)
                         net (fo=0)                   0.000     0.000    pll_inst/inst/clk_in1_p
    AD12                 IBUFDS (Prop_ibufds_I_O)     0.388     0.388 r  pll_inst/inst/clkin1_ibufgds/O
                         net (fo=1, routed)           0.503     0.891    pll_inst/inst/clk_in1_pll
    MMCME2_ADV_X1Y1      MMCME2_ADV (Prop_mmcme2_adv_CLKIN1_CLKOUT1)
                                                     -3.040    -2.149 r  pll_inst/inst/mmcm_adv_inst/CLKOUT1
                         net (fo=1, routed)           0.940    -1.209    pll_inst/inst/clk_out2_pll
    BUFGCTRL_X0Y0        BUFG (Prop_bufg_I_O)         0.026    -1.183 r  pll_inst/inst/clkout2_buf/O
                         net (fo=33272, routed)       0.541    -0.642    student_top_inst/w_cpu_clk
    SLICE_X66Y194        FDPE                                         r  student_top_inst/cpu_rst_sync_reg/C
  -------------------------------------------------------------------    -------------------
    SLICE_X66Y194        FDPE (Prop_fdpe_C_Q)         0.107    -0.535 f  student_top_inst/cpu_rst_sync_reg/Q
                         net (fo=8674, routed)        0.216    -0.319    student_top_inst/Core_cpu/u_core/u_bpu/rst
    SLICE_X67Y202        FDCE                                         f  student_top_inst/Core_cpu/u_core/u_bpu/local_hist_q_reg[66][1]/CLR
  -------------------------------------------------------------------    -------------------

                         (clock clk_out2_pll rise edge)
                                                      0.000     0.000 r  
    AD12                                              0.000     0.000 r  i_sys_clk_p (IN)
                         net (fo=0)                   0.000     0.000    pll_inst/inst/clk_in1_p
    AD12                 IBUFDS (Prop_ibufds_I_O)     0.470     0.470 r  pll_inst/inst/clkin1_ibufgds/O
                         net (fo=1, routed)           0.553     1.023    pll_inst/inst/clk_in1_pll
    MMCME2_ADV_X1Y1      MMCME2_ADV (Prop_mmcme2_adv_CLKIN1_CLKOUT1)
                                                     -3.493    -2.470 r  pll_inst/inst/mmcm_adv_inst/CLKOUT1
                         net (fo=1, routed)           1.007    -1.463    pll_inst/inst/clk_out2_pll
    BUFGCTRL_X0Y0        BUFG (Prop_bufg_I_O)         0.030    -1.433 r  pll_inst/inst/clkout2_buf/O
                         net (fo=33272, routed)       0.733    -0.700    student_top_inst/Core_cpu/u_core/u_bpu/clk
    SLICE_X67Y202        FDCE                                         r  student_top_inst/Core_cpu/u_core/u_bpu/local_hist_q_reg[66][1]/C
                         clock pessimism              0.251    -0.450    
    SLICE_X67Y202        FDCE (Remov_fdce_C_CLR)     -0.105    -0.555    student_top_inst/Core_cpu/u_core/u_bpu/local_hist_q_reg[66][1]
  -------------------------------------------------------------------
                         required time                          0.555    
                         arrival time                          -0.319    
  -------------------------------------------------------------------
                         slack                                  0.236    

Slack (MET) :             0.236ns  (arrival time - required time)
  Source:                 student_top_inst/cpu_rst_sync_reg/C
                            (rising edge-triggered cell FDPE clocked by clk_out2_pll  {rise@0.000ns fall@5.000ns period=10.000ns})
  Destination:            student_top_inst/Core_cpu/u_core/u_bpu/local_hist_q_reg[66][2]/CLR
                            (removal check against rising-edge clock clk_out2_pll  {rise@0.000ns fall@5.000ns period=10.000ns})
  Path Group:             **async_default**
  Path Type:              Removal (Min at Fast Process Corner)
  Requirement:            0.000ns  (clk_out2_pll rise@0.000ns - clk_out2_pll rise@0.000ns)
  Data Path Delay:        0.323ns  (logic 0.107ns (33.145%)  route 0.216ns (66.855%))
  Logic Levels:           0  
  Clock Path Skew:        0.192ns (DCD - SCD - CPR)
    Destination Clock Delay (DCD):    -0.700ns
    Source Clock Delay      (SCD):    -0.642ns
    Clock Pessimism Removal (CPR):    -0.251ns

    Location             Delay type                Incr(ns)  Path(ns)    Netlist Resource(s)
  -------------------------------------------------------------------    -------------------
                         (clock clk_out2_pll rise edge)
                                                      0.000     0.000 r  
    AD12                                              0.000     0.000 r  i_sys_clk_p (IN)
                         net (fo=0)                   0.000     0.000    pll_inst/inst/clk_in1_p
    AD12                 IBUFDS (Prop_ibufds_I_O)     0.388     0.388 r  pll_inst/inst/clkin1_ibufgds/O
                         net (fo=1, routed)           0.503     0.891    pll_inst/inst/clk_in1_pll
    MMCME2_ADV_X1Y1      MMCME2_ADV (Prop_mmcme2_adv_CLKIN1_CLKOUT1)
                                                     -3.040    -2.149 r  pll_inst/inst/mmcm_adv_inst/CLKOUT1
                         net (fo=1, routed)           0.940    -1.209    pll_inst/inst/clk_out2_pll
    BUFGCTRL_X0Y0        BUFG (Prop_bufg_I_O)         0.026    -1.183 r  pll_inst/inst/clkout2_buf/O
                         net (fo=33272, routed)       0.541    -0.642    student_top_inst/w_cpu_clk
    SLICE_X66Y194        FDPE                                         r  student_top_inst/cpu_rst_sync_reg/C
  -------------------------------------------------------------------    -------------------
    SLICE_X66Y194        FDPE (Prop_fdpe_C_Q)         0.107    -0.535 f  student_top_inst/cpu_rst_sync_reg/Q
                         net (fo=8674, routed)        0.216    -0.319    student_top_inst/Core_cpu/u_core/u_bpu/rst
    SLICE_X67Y202        FDCE                                         f  student_top_inst/Core_cpu/u_core/u_bpu/local_hist_q_reg[66][2]/CLR
  -------------------------------------------------------------------    -------------------

                         (clock clk_out2_pll rise edge)
                                                      0.000     0.000 r  
    AD12                                              0.000     0.000 r  i_sys_clk_p (IN)
                         net (fo=0)                   0.000     0.000    pll_inst/inst/clk_in1_p
    AD12                 IBUFDS (Prop_ibufds_I_O)     0.470     0.470 r  pll_inst/inst/clkin1_ibufgds/O
                         net (fo=1, routed)           0.553     1.023    pll_inst/inst/clk_in1_pll
    MMCME2_ADV_X1Y1      MMCME2_ADV (Prop_mmcme2_adv_CLKIN1_CLKOUT1)
                                                     -3.493    -2.470 r  pll_inst/inst/mmcm_adv_inst/CLKOUT1
                         net (fo=1, routed)           1.007    -1.463    pll_inst/inst/clk_out2_pll
    BUFGCTRL_X0Y0        BUFG (Prop_bufg_I_O)         0.030    -1.433 r  pll_inst/inst/clkout2_buf/O
                         net (fo=33272, routed)       0.733    -0.700    student_top_inst/Core_cpu/u_core/u_bpu/clk
    SLICE_X67Y202        FDCE                                         r  student_top_inst/Core_cpu/u_core/u_bpu/local_hist_q_reg[66][2]/C
                         clock pessimism              0.251    -0.450    
    SLICE_X67Y202        FDCE (Remov_fdce_C_CLR)     -0.105    -0.555    student_top_inst/Core_cpu/u_core/u_bpu/local_hist_q_reg[66][2]
  -------------------------------------------------------------------
                         required time                          0.555    
                         arrival time                          -0.319    
  -------------------------------------------------------------------
                         slack                                  0.236    

Slack (MET) :             0.236ns  (arrival time - required time)
  Source:                 student_top_inst/cpu_rst_sync_reg/C
                            (rising edge-triggered cell FDPE clocked by clk_out2_pll  {rise@0.000ns fall@5.000ns period=10.000ns})
  Destination:            student_top_inst/Core_cpu/u_core/u_bpu/local_hist_q_reg[66][3]/CLR
                            (removal check against rising-edge clock clk_out2_pll  {rise@0.000ns fall@5.000ns period=10.000ns})
  Path Group:             **async_default**
  Path Type:              Removal (Min at Fast Process Corner)
  Requirement:            0.000ns  (clk_out2_pll rise@0.000ns - clk_out2_pll rise@0.000ns)
  Data Path Delay:        0.323ns  (logic 0.107ns (33.145%)  route 0.216ns (66.855%))
  Logic Levels:           0  
  Clock Path Skew:        0.192ns (DCD - SCD - CPR)
    Destination Clock Delay (DCD):    -0.700ns
    Source Clock Delay      (SCD):    -0.642ns
    Clock Pessimism Removal (CPR):    -0.251ns

    Location             Delay type                Incr(ns)  Path(ns)    Netlist Resource(s)
  -------------------------------------------------------------------    -------------------
                         (clock clk_out2_pll rise edge)
                                                      0.000     0.000 r  
    AD12                                              0.000     0.000 r  i_sys_clk_p (IN)
                         net (fo=0)                   0.000     0.000    pll_inst/inst/clk_in1_p
    AD12                 IBUFDS (Prop_ibufds_I_O)     0.388     0.388 r  pll_inst/inst/clkin1_ibufgds/O
                         net (fo=1, routed)           0.503     0.891    pll_inst/inst/clk_in1_pll
    MMCME2_ADV_X1Y1      MMCME2_ADV (Prop_mmcme2_adv_CLKIN1_CLKOUT1)
                                                     -3.040    -2.149 r  pll_inst/inst/mmcm_adv_inst/CLKOUT1
                         net (fo=1, routed)           0.940    -1.209    pll_inst/inst/clk_out2_pll
    BUFGCTRL_X0Y0        BUFG (Prop_bufg_I_O)         0.026    -1.183 r  pll_inst/inst/clkout2_buf/O
                         net (fo=33272, routed)       0.541    -0.642    student_top_inst/w_cpu_clk
    SLICE_X66Y194        FDPE                                         r  student_top_inst/cpu_rst_sync_reg/C
  -------------------------------------------------------------------    -------------------
    SLICE_X66Y194        FDPE (Prop_fdpe_C_Q)         0.107    -0.535 f  student_top_inst/cpu_rst_sync_reg/Q
                         net (fo=8674, routed)        0.216    -0.319    student_top_inst/Core_cpu/u_core/u_bpu/rst
    SLICE_X67Y202        FDCE                                         f  student_top_inst/Core_cpu/u_core/u_bpu/local_hist_q_reg[66][3]/CLR
  -------------------------------------------------------------------    -------------------

                         (clock clk_out2_pll rise edge)
                                                      0.000     0.000 r  
    AD12                                              0.000     0.000 r  i_sys_clk_p (IN)
                         net (fo=0)                   0.000     0.000    pll_inst/inst/clk_in1_p
    AD12                 IBUFDS (Prop_ibufds_I_O)     0.470     0.470 r  pll_inst/inst/clkin1_ibufgds/O
                         net (fo=1, routed)           0.553     1.023    pll_inst/inst/clk_in1_pll
    MMCME2_ADV_X1Y1      MMCME2_ADV (Prop_mmcme2_adv_CLKIN1_CLKOUT1)
                                                     -3.493    -2.470 r  pll_inst/inst/mmcm_adv_inst/CLKOUT1
                         net (fo=1, routed)           1.007    -1.463    pll_inst/inst/clk_out2_pll
    BUFGCTRL_X0Y0        BUFG (Prop_bufg_I_O)         0.030    -1.433 r  pll_inst/inst/clkout2_buf/O
                         net (fo=33272, routed)       0.733    -0.700    student_top_inst/Core_cpu/u_core/u_bpu/clk
    SLICE_X67Y202        FDCE                                         r  student_top_inst/Core_cpu/u_core/u_bpu/local_hist_q_reg[66][3]/C
                         clock pessimism              0.251    -0.450    
    SLICE_X67Y202        FDCE (Remov_fdce_C_CLR)     -0.105    -0.555    student_top_inst/Core_cpu/u_core/u_bpu/local_hist_q_reg[66][3]
  -------------------------------------------------------------------
                         required time                          0.555    
                         arrival time                          -0.319    
  -------------------------------------------------------------------
                         slack                                  0.236    

Slack (MET) :             0.236ns  (arrival time - required time)
  Source:                 student_top_inst/cpu_rst_sync_reg/C
                            (rising edge-triggered cell FDPE clocked by clk_out2_pll  {rise@0.000ns fall@5.000ns period=10.000ns})
  Destination:            student_top_inst/Core_cpu/u_core/u_bpu/local_hist_q_reg[66][4]/CLR
                            (removal check against rising-edge clock clk_out2_pll  {rise@0.000ns fall@5.000ns period=10.000ns})
  Path Group:             **async_default**
  Path Type:              Removal (Min at Fast Process Corner)
  Requirement:            0.000ns  (clk_out2_pll rise@0.000ns - clk_out2_pll rise@0.000ns)
  Data Path Delay:        0.323ns  (logic 0.107ns (33.145%)  route 0.216ns (66.855%))
  Logic Levels:           0  
  Clock Path Skew:        0.192ns (DCD - SCD - CPR)
    Destination Clock Delay (DCD):    -0.700ns
    Source Clock Delay      (SCD):    -0.642ns
    Clock Pessimism Removal (CPR):    -0.251ns

    Location             Delay type                Incr(ns)  Path(ns)    Netlist Resource(s)
  -------------------------------------------------------------------    -------------------
                         (clock clk_out2_pll rise edge)
                                                      0.000     0.000 r  
    AD12                                              0.000     0.000 r  i_sys_clk_p (IN)
                         net (fo=0)                   0.000     0.000    pll_inst/inst/clk_in1_p
    AD12                 IBUFDS (Prop_ibufds_I_O)     0.388     0.388 r  pll_inst/inst/clkin1_ibufgds/O
                         net (fo=1, routed)           0.503     0.891    pll_inst/inst/clk_in1_pll
    MMCME2_ADV_X1Y1      MMCME2_ADV (Prop_mmcme2_adv_CLKIN1_CLKOUT1)
                                                     -3.040    -2.149 r  pll_inst/inst/mmcm_adv_inst/CLKOUT1
                         net (fo=1, routed)           0.940    -1.209    pll_inst/inst/clk_out2_pll
    BUFGCTRL_X0Y0        BUFG (Prop_bufg_I_O)         0.026    -1.183 r  pll_inst/inst/clkout2_buf/O
                         net (fo=33272, routed)       0.541    -0.642    student_top_inst/w_cpu_clk
    SLICE_X66Y194        FDPE                                         r  student_top_inst/cpu_rst_sync_reg/C
  -------------------------------------------------------------------    -------------------
    SLICE_X66Y194        FDPE (Prop_fdpe_C_Q)         0.107    -0.535 f  student_top_inst/cpu_rst_sync_reg/Q
                         net (fo=8674, routed)        0.216    -0.319    student_top_inst/Core_cpu/u_core/u_bpu/rst
    SLICE_X67Y202        FDCE                                         f  student_top_inst/Core_cpu/u_core/u_bpu/local_hist_q_reg[66][4]/CLR
  -------------------------------------------------------------------    -------------------

                         (clock clk_out2_pll rise edge)
                                                      0.000     0.000 r  
    AD12                                              0.000     0.000 r  i_sys_clk_p (IN)
                         net (fo=0)                   0.000     0.000    pll_inst/inst/clk_in1_p
    AD12                 IBUFDS (Prop_ibufds_I_O)     0.470     0.470 r  pll_inst/inst/clkin1_ibufgds/O
                         net (fo=1, routed)           0.553     1.023    pll_inst/inst/clk_in1_pll
    MMCME2_ADV_X1Y1      MMCME2_ADV (Prop_mmcme2_adv_CLKIN1_CLKOUT1)
                                                     -3.493    -2.470 r  pll_inst/inst/mmcm_adv_inst/CLKOUT1
                         net (fo=1, routed)           1.007    -1.463    pll_inst/inst/clk_out2_pll
    BUFGCTRL_X0Y0        BUFG (Prop_bufg_I_O)         0.030    -1.433 r  pll_inst/inst/clkout2_buf/O
                         net (fo=33272, routed)       0.733    -0.700    student_top_inst/Core_cpu/u_core/u_bpu/clk
    SLICE_X67Y202        FDCE                                         r  student_top_inst/Core_cpu/u_core/u_bpu/local_hist_q_reg[66][4]/C
                         clock pessimism              0.251    -0.450    
    SLICE_X67Y202        FDCE (Remov_fdce_C_CLR)     -0.105    -0.555    student_top_inst/Core_cpu/u_core/u_bpu/local_hist_q_reg[66][4]
  -------------------------------------------------------------------
                         required time                          0.555    
                         arrival time                          -0.319    
  -------------------------------------------------------------------
                         slack                                  0.236    

Slack (MET) :             0.276ns  (arrival time - required time)
  Source:                 student_top_inst/cpu_rst_sync_reg/C
                            (rising edge-triggered cell FDPE clocked by clk_out2_pll  {rise@0.000ns fall@5.000ns period=10.000ns})
  Destination:            student_top_inst/Core_cpu/u_dcache/valid_q_reg[0][10]/CLR
                            (removal check against rising-edge clock clk_out2_pll  {rise@0.000ns fall@5.000ns period=10.000ns})
  Path Group:             **async_default**
  Path Type:              Removal (Min at Fast Process Corner)
  Requirement:            0.000ns  (clk_out2_pll rise@0.000ns - clk_out2_pll rise@0.000ns)
  Data Path Delay:        0.383ns  (logic 0.107ns (27.972%)  route 0.276ns (72.028%))
  Logic Levels:           0  
  Clock Path Skew:        0.193ns (DCD - SCD - CPR)
    Destination Clock Delay (DCD):    -0.699ns
    Source Clock Delay      (SCD):    -0.642ns
    Clock Pessimism Removal (CPR):    -0.251ns

    Location             Delay type                Incr(ns)  Path(ns)    Netlist Resource(s)
  -------------------------------------------------------------------    -------------------
                         (clock clk_out2_pll rise edge)
                                                      0.000     0.000 r  
    AD12                                              0.000     0.000 r  i_sys_clk_p (IN)
                         net (fo=0)                   0.000     0.000    pll_inst/inst/clk_in1_p
    AD12                 IBUFDS (Prop_ibufds_I_O)     0.388     0.388 r  pll_inst/inst/clkin1_ibufgds/O
                         net (fo=1, routed)           0.503     0.891    pll_inst/inst/clk_in1_pll
    MMCME2_ADV_X1Y1      MMCME2_ADV (Prop_mmcme2_adv_CLKIN1_CLKOUT1)
                                                     -3.040    -2.149 r  pll_inst/inst/mmcm_adv_inst/CLKOUT1
                         net (fo=1, routed)           0.940    -1.209    pll_inst/inst/clk_out2_pll
    BUFGCTRL_X0Y0        BUFG (Prop_bufg_I_O)         0.026    -1.183 r  pll_inst/inst/clkout2_buf/O
                         net (fo=33272, routed)       0.541    -0.642    student_top_inst/w_cpu_clk
    SLICE_X66Y194        FDPE                                         r  student_top_inst/cpu_rst_sync_reg/C
  -------------------------------------------------------------------    -------------------
    SLICE_X66Y194        FDPE (Prop_fdpe_C_Q)         0.107    -0.535 f  student_top_inst/cpu_rst_sync_reg/Q
                         net (fo=8674, routed)        0.276    -0.259    student_top_inst/Core_cpu/u_dcache/rst
    SLICE_X58Y202        FDCE                                         f  student_top_inst/Core_cpu/u_dcache/valid_q_reg[0][10]/CLR
  -------------------------------------------------------------------    -------------------

                         (clock clk_out2_pll rise edge)
                                                      0.000     0.000 r  
    AD12                                              0.000     0.000 r  i_sys_clk_p (IN)
                         net (fo=0)                   0.000     0.000    pll_inst/inst/clk_in1_p
    AD12                 IBUFDS (Prop_ibufds_I_O)     0.470     0.470 r  pll_inst/inst/clkin1_ibufgds/O
                         net (fo=1, routed)           0.553     1.023    pll_inst/inst/clk_in1_pll
    MMCME2_ADV_X1Y1      MMCME2_ADV (Prop_mmcme2_adv_CLKIN1_CLKOUT1)
                                                     -3.493    -2.470 r  pll_inst/inst/mmcm_adv_inst/CLKOUT1
                         net (fo=1, routed)           1.007    -1.463    pll_inst/inst/clk_out2_pll
    BUFGCTRL_X0Y0        BUFG (Prop_bufg_I_O)         0.030    -1.433 r  pll_inst/inst/clkout2_buf/O
                         net (fo=33272, routed)       0.734    -0.699    student_top_inst/Core_cpu/u_dcache/clk
    SLICE_X58Y202        FDCE                                         r  student_top_inst/Core_cpu/u_dcache/valid_q_reg[0][10]/C
                         clock pessimism              0.251    -0.449    
    SLICE_X58Y202        FDCE (Remov_fdce_C_CLR)     -0.086    -0.535    student_top_inst/Core_cpu/u_dcache/valid_q_reg[0][10]
  -------------------------------------------------------------------
                         required time                          0.535    
                         arrival time                          -0.259    
  -------------------------------------------------------------------
                         slack                                  0.276    

Slack (MET) :             0.276ns  (arrival time - required time)
  Source:                 student_top_inst/cpu_rst_sync_reg/C
                            (rising edge-triggered cell FDPE clocked by clk_out2_pll  {rise@0.000ns fall@5.000ns period=10.000ns})
  Destination:            student_top_inst/Core_cpu/u_dcache/valid_q_reg[0][11]/CLR
                            (removal check against rising-edge clock clk_out2_pll  {rise@0.000ns fall@5.000ns period=10.000ns})
  Path Group:             **async_default**
  Path Type:              Removal (Min at Fast Process Corner)
  Requirement:            0.000ns  (clk_out2_pll rise@0.000ns - clk_out2_pll rise@0.000ns)
  Data Path Delay:        0.383ns  (logic 0.107ns (27.972%)  route 0.276ns (72.028%))
  Logic Levels:           0  
  Clock Path Skew:        0.193ns (DCD - SCD - CPR)
    Destination Clock Delay (DCD):    -0.699ns
    Source Clock Delay      (SCD):    -0.642ns
    Clock Pessimism Removal (CPR):    -0.251ns

    Location             Delay type                Incr(ns)  Path(ns)    Netlist Resource(s)
  -------------------------------------------------------------------    -------------------
                         (clock clk_out2_pll rise edge)
                                                      0.000     0.000 r  
    AD12                                              0.000     0.000 r  i_sys_clk_p (IN)
                         net (fo=0)                   0.000     0.000    pll_inst/inst/clk_in1_p
    AD12                 IBUFDS (Prop_ibufds_I_O)     0.388     0.388 r  pll_inst/inst/clkin1_ibufgds/O
                         net (fo=1, routed)           0.503     0.891    pll_inst/inst/clk_in1_pll
    MMCME2_ADV_X1Y1      MMCME2_ADV (Prop_mmcme2_adv_CLKIN1_CLKOUT1)
                                                     -3.040    -2.149 r  pll_inst/inst/mmcm_adv_inst/CLKOUT1
                         net (fo=1, routed)           0.940    -1.209    pll_inst/inst/clk_out2_pll
    BUFGCTRL_X0Y0        BUFG (Prop_bufg_I_O)         0.026    -1.183 r  pll_inst/inst/clkout2_buf/O
                         net (fo=33272, routed)       0.541    -0.642    student_top_inst/w_cpu_clk
    SLICE_X66Y194        FDPE                                         r  student_top_inst/cpu_rst_sync_reg/C
  -------------------------------------------------------------------    -------------------
    SLICE_X66Y194        FDPE (Prop_fdpe_C_Q)         0.107    -0.535 f  student_top_inst/cpu_rst_sync_reg/Q
                         net (fo=8674, routed)        0.276    -0.259    student_top_inst/Core_cpu/u_dcache/rst
    SLICE_X58Y202        FDCE                                         f  student_top_inst/Core_cpu/u_dcache/valid_q_reg[0][11]/CLR
  -------------------------------------------------------------------    -------------------

                         (clock clk_out2_pll rise edge)
                                                      0.000     0.000 r  
    AD12                                              0.000     0.000 r  i_sys_clk_p (IN)
                         net (fo=0)                   0.000     0.000    pll_inst/inst/clk_in1_p
    AD12                 IBUFDS (Prop_ibufds_I_O)     0.470     0.470 r  pll_inst/inst/clkin1_ibufgds/O
                         net (fo=1, routed)           0.553     1.023    pll_inst/inst/clk_in1_pll
    MMCME2_ADV_X1Y1      MMCME2_ADV (Prop_mmcme2_adv_CLKIN1_CLKOUT1)
                                                     -3.493    -2.470 r  pll_inst/inst/mmcm_adv_inst/CLKOUT1
                         net (fo=1, routed)           1.007    -1.463    pll_inst/inst/clk_out2_pll
    BUFGCTRL_X0Y0        BUFG (Prop_bufg_I_O)         0.030    -1.433 r  pll_inst/inst/clkout2_buf/O
                         net (fo=33272, routed)       0.734    -0.699    student_top_inst/Core_cpu/u_dcache/clk
    SLICE_X58Y202        FDCE                                         r  student_top_inst/Core_cpu/u_dcache/valid_q_reg[0][11]/C
                         clock pessimism              0.251    -0.449    
    SLICE_X58Y202        FDCE (Remov_fdce_C_CLR)     -0.086    -0.535    student_top_inst/Core_cpu/u_dcache/valid_q_reg[0][11]
  -------------------------------------------------------------------
                         required time                          0.535    
                         arrival time                          -0.259    
  -------------------------------------------------------------------
                         slack                                  0.276    

Slack (MET) :             0.276ns  (arrival time - required time)
  Source:                 student_top_inst/cpu_rst_sync_reg/C
                            (rising edge-triggered cell FDPE clocked by clk_out2_pll  {rise@0.000ns fall@5.000ns period=10.000ns})
  Destination:            student_top_inst/Core_cpu/u_dcache/valid_q_reg[0][9]/CLR
                            (removal check against rising-edge clock clk_out2_pll  {rise@0.000ns fall@5.000ns period=10.000ns})
  Path Group:             **async_default**
  Path Type:              Removal (Min at Fast Process Corner)
  Requirement:            0.000ns  (clk_out2_pll rise@0.000ns - clk_out2_pll rise@0.000ns)
  Data Path Delay:        0.383ns  (logic 0.107ns (27.972%)  route 0.276ns (72.028%))
  Logic Levels:           0  
  Clock Path Skew:        0.193ns (DCD - SCD - CPR)
    Destination Clock Delay (DCD):    -0.699ns
    Source Clock Delay      (SCD):    -0.642ns
    Clock Pessimism Removal (CPR):    -0.251ns

    Location             Delay type                Incr(ns)  Path(ns)    Netlist Resource(s)
  -------------------------------------------------------------------    -------------------
                         (clock clk_out2_pll rise edge)
                                                      0.000     0.000 r  
    AD12                                              0.000     0.000 r  i_sys_clk_p (IN)
                         net (fo=0)                   0.000     0.000    pll_inst/inst/clk_in1_p
    AD12                 IBUFDS (Prop_ibufds_I_O)     0.388     0.388 r  pll_inst/inst/clkin1_ibufgds/O
                         net (fo=1, routed)           0.503     0.891    pll_inst/inst/clk_in1_pll
    MMCME2_ADV_X1Y1      MMCME2_ADV (Prop_mmcme2_adv_CLKIN1_CLKOUT1)
                                                     -3.040    -2.149 r  pll_inst/inst/mmcm_adv_inst/CLKOUT1
                         net (fo=1, routed)           0.940    -1.209    pll_inst/inst/clk_out2_pll
    BUFGCTRL_X0Y0        BUFG (Prop_bufg_I_O)         0.026    -1.183 r  pll_inst/inst/clkout2_buf/O
                         net (fo=33272, routed)       0.541    -0.642    student_top_inst/w_cpu_clk
    SLICE_X66Y194        FDPE                                         r  student_top_inst/cpu_rst_sync_reg/C
  -------------------------------------------------------------------    -------------------
    SLICE_X66Y194        FDPE (Prop_fdpe_C_Q)         0.107    -0.535 f  student_top_inst/cpu_rst_sync_reg/Q
                         net (fo=8674, routed)        0.276    -0.259    student_top_inst/Core_cpu/u_dcache/rst
    SLICE_X58Y202        FDCE                                         f  student_top_inst/Core_cpu/u_dcache/valid_q_reg[0][9]/CLR
  -------------------------------------------------------------------    -------------------

                         (clock clk_out2_pll rise edge)
                                                      0.000     0.000 r  
    AD12                                              0.000     0.000 r  i_sys_clk_p (IN)
                         net (fo=0)                   0.000     0.000    pll_inst/inst/clk_in1_p
    AD12                 IBUFDS (Prop_ibufds_I_O)     0.470     0.470 r  pll_inst/inst/clkin1_ibufgds/O
                         net (fo=1, routed)           0.553     1.023    pll_inst/inst/clk_in1_pll
    MMCME2_ADV_X1Y1      MMCME2_ADV (Prop_mmcme2_adv_CLKIN1_CLKOUT1)
                                                     -3.493    -2.470 r  pll_inst/inst/mmcm_adv_inst/CLKOUT1
                         net (fo=1, routed)           1.007    -1.463    pll_inst/inst/clk_out2_pll
    BUFGCTRL_X0Y0        BUFG (Prop_bufg_I_O)         0.030    -1.433 r  pll_inst/inst/clkout2_buf/O
                         net (fo=33272, routed)       0.734    -0.699    student_top_inst/Core_cpu/u_dcache/clk
    SLICE_X58Y202        FDCE                                         r  student_top_inst/Core_cpu/u_dcache/valid_q_reg[0][9]/C
                         clock pessimism              0.251    -0.449    
    SLICE_X58Y202        FDCE (Remov_fdce_C_CLR)     -0.086    -0.535    student_top_inst/Core_cpu/u_dcache/valid_q_reg[0][9]
  -------------------------------------------------------------------
                         required time                          0.535    
                         arrival time                          -0.259    
  -------------------------------------------------------------------
                         slack                                  0.276    

Slack (MET) :             0.295ns  (arrival time - required time)
  Source:                 student_top_inst/cpu_rst_sync_reg/C
                            (rising edge-triggered cell FDPE clocked by clk_out2_pll  {rise@0.000ns fall@5.000ns period=10.000ns})
  Destination:            student_top_inst/Core_cpu/u_dcache/valid_q_reg[0][8]/CLR
                            (removal check against rising-edge clock clk_out2_pll  {rise@0.000ns fall@5.000ns period=10.000ns})
  Path Group:             **async_default**
  Path Type:              Removal (Min at Fast Process Corner)
  Requirement:            0.000ns  (clk_out2_pll rise@0.000ns - clk_out2_pll rise@0.000ns)
  Data Path Delay:        0.383ns  (logic 0.107ns (27.972%)  route 0.276ns (72.028%))
  Logic Levels:           0  
  Clock Path Skew:        0.193ns (DCD - SCD - CPR)
    Destination Clock Delay (DCD):    -0.699ns
    Source Clock Delay      (SCD):    -0.642ns
    Clock Pessimism Removal (CPR):    -0.251ns

    Location             Delay type                Incr(ns)  Path(ns)    Netlist Resource(s)
  -------------------------------------------------------------------    -------------------
                         (clock clk_out2_pll rise edge)
                                                      0.000     0.000 r  
    AD12                                              0.000     0.000 r  i_sys_clk_p (IN)
                         net (fo=0)                   0.000     0.000    pll_inst/inst/clk_in1_p
    AD12                 IBUFDS (Prop_ibufds_I_O)     0.388     0.388 r  pll_inst/inst/clkin1_ibufgds/O
                         net (fo=1, routed)           0.503     0.891    pll_inst/inst/clk_in1_pll
    MMCME2_ADV_X1Y1      MMCME2_ADV (Prop_mmcme2_adv_CLKIN1_CLKOUT1)
                                                     -3.040    -2.149 r  pll_inst/inst/mmcm_adv_inst/CLKOUT1
                         net (fo=1, routed)           0.940    -1.209    pll_inst/inst/clk_out2_pll
    BUFGCTRL_X0Y0        BUFG (Prop_bufg_I_O)         0.026    -1.183 r  pll_inst/inst/clkout2_buf/O
                         net (fo=33272, routed)       0.541    -0.642    student_top_inst/w_cpu_clk
    SLICE_X66Y194        FDPE                                         r  student_top_inst/cpu_rst_sync_reg/C
  -------------------------------------------------------------------    -------------------
    SLICE_X66Y194        FDPE (Prop_fdpe_C_Q)         0.107    -0.535 f  student_top_inst/cpu_rst_sync_reg/Q
                         net (fo=8674, routed)        0.276    -0.259    student_top_inst/Core_cpu/u_dcache/rst
    SLICE_X59Y202        FDCE                                         f  student_top_inst/Core_cpu/u_dcache/valid_q_reg[0][8]/CLR
  -------------------------------------------------------------------    -------------------

                         (clock clk_out2_pll rise edge)
                                                      0.000     0.000 r  
    AD12                                              0.000     0.000 r  i_sys_clk_p (IN)
                         net (fo=0)                   0.000     0.000    pll_inst/inst/clk_in1_p
    AD12                 IBUFDS (Prop_ibufds_I_O)     0.470     0.470 r  pll_inst/inst/clkin1_ibufgds/O
                         net (fo=1, routed)           0.553     1.023    pll_inst/inst/clk_in1_pll
    MMCME2_ADV_X1Y1      MMCME2_ADV (Prop_mmcme2_adv_CLKIN1_CLKOUT1)
                                                     -3.493    -2.470 r  pll_inst/inst/mmcm_adv_inst/CLKOUT1
                         net (fo=1, routed)           1.007    -1.463    pll_inst/inst/clk_out2_pll
    BUFGCTRL_X0Y0        BUFG (Prop_bufg_I_O)         0.030    -1.433 r  pll_inst/inst/clkout2_buf/O
                         net (fo=33272, routed)       0.734    -0.699    student_top_inst/Core_cpu/u_dcache/clk
    SLICE_X59Y202        FDCE                                         r  student_top_inst/Core_cpu/u_dcache/valid_q_reg[0][8]/C
                         clock pessimism              0.251    -0.449    
    SLICE_X59Y202        FDCE (Remov_fdce_C_CLR)     -0.105    -0.554    student_top_inst/Core_cpu/u_dcache/valid_q_reg[0][8]
  -------------------------------------------------------------------
                         required time                          0.554    
                         arrival time                          -0.259    
  -------------------------------------------------------------------
                         slack                                  0.295    





--------------------------------------------------------------------------------------
Path Group:  (none)
From Clock:  clk_out2_pll
  To Clock:  clk_out1_pll

Max Delay            65 Endpoints
Min Delay            65 Endpoints
--------------------------------------------------------------------------------------


Max Delay Paths
--------------------------------------------------------------------------------------
Slack:                    inf
  Source:                 student_top_inst/mem_bridge/led_q_reg[29]/C
                            (rising edge-triggered cell FDRE clocked by clk_out2_pll  {rise@0.000ns fall@5.000ns period=10.000ns})
  Destination:            virtual_led_50_d1_reg[29]/D
                            (rising edge-triggered cell FDCE clocked by clk_out1_pll  {rise@0.000ns fall@10.000ns period=20.000ns})
  Path Group:             (none)
  Path Type:              Setup (Max at Fast Process Corner)
  Data Path Delay:        0.875ns  (logic 0.124ns (14.169%)  route 0.751ns (85.831%))
  Logic Levels:           0  
  Clock Path Skew:        0.083ns (DCD - SCD + CPR)
    Destination Clock Delay (DCD):    -0.574ns
    Source Clock Delay      (SCD):    -0.656ns
    Clock Pessimism Removal (CPR):    0.000ns
  Clock Uncertainty:      0.194ns  ((TSJ^2 + DJ^2)^1/2) / 2 + PE
    Total System Jitter     (TSJ):    0.071ns
    Discrete Jitter          (DJ):    0.129ns
    Phase Error              (PE):    0.120ns
  Timing Exception:       Asynchronous Clock Groups

    Location             Delay type                Incr(ns)  Path(ns)    Netlist Resource(s)
  -------------------------------------------------------------------    -------------------
                         (clock clk_out2_pll rise edge)
                                                      0.000     0.000 r  
    AD12                                              0.000     0.000 r  i_sys_clk_p (IN)
                         net (fo=0)                   0.000     0.000    pll_inst/inst/clk_in1_p
    AD12                 IBUFDS (Prop_ibufds_I_O)     0.470     0.470 r  pll_inst/inst/clkin1_ibufgds/O
                         net (fo=1, routed)           0.553     1.023    pll_inst/inst/clk_in1_pll
    MMCME2_ADV_X1Y1      MMCME2_ADV (Prop_mmcme2_adv_CLKIN1_CLKOUT1)
                                                     -3.493    -2.470 r  pll_inst/inst/mmcm_adv_inst/CLKOUT1
                         net (fo=1, routed)           1.007    -1.463    pll_inst/inst/clk_out2_pll
    BUFGCTRL_X0Y0        BUFG (Prop_bufg_I_O)         0.030    -1.433 r  pll_inst/inst/clkout2_buf/O
                         net (fo=33272, routed)       0.777    -0.656    student_top_inst/mem_bridge/clk
    SLICE_X25Y204        FDRE                                         r  student_top_inst/mem_bridge/led_q_reg[29]/C
  -------------------------------------------------------------------    -------------------
    SLICE_X25Y204        FDRE (Prop_fdre_C_Q)         0.124    -0.532 r  student_top_inst/mem_bridge/led_q_reg[29]/Q
                         net (fo=2, routed)           0.751     0.219    virtual_led_OBUF[29]
    SLICE_X1Y207         FDCE                                         r  virtual_led_50_d1_reg[29]/D
  -------------------------------------------------------------------    -------------------

                         (clock clk_out1_pll rise edge)
                                                      0.000     0.000 r  
    AD12                                              0.000     0.000 r  i_sys_clk_p (IN)
                         net (fo=0)                   0.000     0.000    pll_inst/inst/clk_in1_p
    AD12                 IBUFDS (Prop_ibufds_I_O)     0.388     0.388 r  pll_inst/inst/clkin1_ibufgds/O
                         net (fo=1, routed)           0.503     0.891    pll_inst/inst/clk_in1_pll
    MMCME2_ADV_X1Y1      MMCME2_ADV (Prop_mmcme2_adv_CLKIN1_CLKOUT0)
                                                     -3.040    -2.149 r  pll_inst/inst/mmcm_adv_inst/CLKOUT0
                         net (fo=1, routed)           0.940    -1.209    pll_inst/inst/clk_out1_pll
    BUFGCTRL_X0Y1        BUFG (Prop_bufg_I_O)         0.026    -1.183 r  pll_inst/inst/clkout1_buf/O
                         net (fo=581, routed)         0.609    -0.574    w_clk_50Mhz
    SLICE_X1Y207         FDCE                                         r  virtual_led_50_d1_reg[29]/C

Slack:                    inf
  Source:                 student_top_inst/mem_bridge/led_q_reg[27]/C
                            (rising edge-triggered cell FDRE clocked by clk_out2_pll  {rise@0.000ns fall@5.000ns period=10.000ns})
  Destination:            virtual_led_50_d1_reg[27]/D
                            (rising edge-triggered cell FDCE clocked by clk_out1_pll  {rise@0.000ns fall@10.000ns period=20.000ns})
  Path Group:             (none)
  Path Type:              Setup (Max at Fast Process Corner)
  Data Path Delay:        0.818ns  (logic 0.124ns (15.152%)  route 0.694ns (84.848%))
  Logic Levels:           0  
  Clock Path Skew:        0.085ns (DCD - SCD + CPR)
    Destination Clock Delay (DCD):    -0.575ns
    Source Clock Delay      (SCD):    -0.659ns
    Clock Pessimism Removal (CPR):    0.000ns
  Clock Uncertainty:      0.194ns  ((TSJ^2 + DJ^2)^1/2) / 2 + PE
    Total System Jitter     (TSJ):    0.071ns
    Discrete Jitter          (DJ):    0.129ns
    Phase Error              (PE):    0.120ns
  Timing Exception:       Asynchronous Clock Groups

    Location             Delay type                Incr(ns)  Path(ns)    Netlist Resource(s)
  -------------------------------------------------------------------    -------------------
                         (clock clk_out2_pll rise edge)
                                                      0.000     0.000 r  
    AD12                                              0.000     0.000 r  i_sys_clk_p (IN)
                         net (fo=0)                   0.000     0.000    pll_inst/inst/clk_in1_p
    AD12                 IBUFDS (Prop_ibufds_I_O)     0.470     0.470 r  pll_inst/inst/clkin1_ibufgds/O
                         net (fo=1, routed)           0.553     1.023    pll_inst/inst/clk_in1_pll
    MMCME2_ADV_X1Y1      MMCME2_ADV (Prop_mmcme2_adv_CLKIN1_CLKOUT1)
                                                     -3.493    -2.470 r  pll_inst/inst/mmcm_adv_inst/CLKOUT1
                         net (fo=1, routed)           1.007    -1.463    pll_inst/inst/clk_out2_pll
    BUFGCTRL_X0Y0        BUFG (Prop_bufg_I_O)         0.030    -1.433 r  pll_inst/inst/clkout2_buf/O
                         net (fo=33272, routed)       0.774    -0.659    student_top_inst/mem_bridge/clk
    SLICE_X34Y204        FDRE                                         r  student_top_inst/mem_bridge/led_q_reg[27]/C
  -------------------------------------------------------------------    -------------------
    SLICE_X34Y204        FDRE (Prop_fdre_C_Q)         0.124    -0.535 r  student_top_inst/mem_bridge/led_q_reg[27]/Q
                         net (fo=2, routed)           0.694     0.159    virtual_led_OBUF[27]
    SLICE_X5Y208         FDCE                                         r  virtual_led_50_d1_reg[27]/D
  -------------------------------------------------------------------    -------------------

                         (clock clk_out1_pll rise edge)
                                                      0.000     0.000 r  
    AD12                                              0.000     0.000 r  i_sys_clk_p (IN)
                         net (fo=0)                   0.000     0.000    pll_inst/inst/clk_in1_p
    AD12                 IBUFDS (Prop_ibufds_I_O)     0.388     0.388 r  pll_inst/inst/clkin1_ibufgds/O
                         net (fo=1, routed)           0.503     0.891    pll_inst/inst/clk_in1_pll
    MMCME2_ADV_X1Y1      MMCME2_ADV (Prop_mmcme2_adv_CLKIN1_CLKOUT0)
                                                     -3.040    -2.149 r  pll_inst/inst/mmcm_adv_inst/CLKOUT0
                         net (fo=1, routed)           0.940    -1.209    pll_inst/inst/clk_out1_pll
    BUFGCTRL_X0Y1        BUFG (Prop_bufg_I_O)         0.026    -1.183 r  pll_inst/inst/clkout1_buf/O
                         net (fo=581, routed)         0.608    -0.575    w_clk_50Mhz
    SLICE_X5Y208         FDCE                                         r  virtual_led_50_d1_reg[27]/C

Slack:                    inf
  Source:                 student_top_inst/mem_bridge/led_q_reg[6]/C
                            (rising edge-triggered cell FDRE clocked by clk_out2_pll  {rise@0.000ns fall@5.000ns period=10.000ns})
  Destination:            virtual_led_50_d1_reg[6]/D
                            (rising edge-triggered cell FDCE clocked by clk_out1_pll  {rise@0.000ns fall@10.000ns period=20.000ns})
  Path Group:             (none)
  Path Type:              Setup (Max at Fast Process Corner)
  Data Path Delay:        0.794ns  (logic 0.124ns (15.618%)  route 0.670ns (84.382%))
  Logic Levels:           0  
  Clock Path Skew:        0.080ns (DCD - SCD + CPR)
    Destination Clock Delay (DCD):    -0.573ns
    Source Clock Delay      (SCD):    -0.652ns
    Clock Pessimism Removal (CPR):    0.000ns
  Clock Uncertainty:      0.194ns  ((TSJ^2 + DJ^2)^1/2) / 2 + PE
    Total System Jitter     (TSJ):    0.071ns
    Discrete Jitter          (DJ):    0.129ns
    Phase Error              (PE):    0.120ns
  Timing Exception:       Asynchronous Clock Groups

    Location             Delay type                Incr(ns)  Path(ns)    Netlist Resource(s)
  -------------------------------------------------------------------    -------------------
                         (clock clk_out2_pll rise edge)
                                                      0.000     0.000 r  
    AD12                                              0.000     0.000 r  i_sys_clk_p (IN)
                         net (fo=0)                   0.000     0.000    pll_inst/inst/clk_in1_p
    AD12                 IBUFDS (Prop_ibufds_I_O)     0.470     0.470 r  pll_inst/inst/clkin1_ibufgds/O
                         net (fo=1, routed)           0.553     1.023    pll_inst/inst/clk_in1_pll
    MMCME2_ADV_X1Y1      MMCME2_ADV (Prop_mmcme2_adv_CLKIN1_CLKOUT1)
                                                     -3.493    -2.470 r  pll_inst/inst/mmcm_adv_inst/CLKOUT1
                         net (fo=1, routed)           1.007    -1.463    pll_inst/inst/clk_out2_pll
    BUFGCTRL_X0Y0        BUFG (Prop_bufg_I_O)         0.030    -1.433 r  pll_inst/inst/clkout2_buf/O
                         net (fo=33272, routed)       0.781    -0.652    student_top_inst/mem_bridge/clk
    SLICE_X36Y196        FDRE                                         r  student_top_inst/mem_bridge/led_q_reg[6]/C
  -------------------------------------------------------------------    -------------------
    SLICE_X36Y196        FDRE (Prop_fdre_C_Q)         0.124    -0.528 r  student_top_inst/mem_bridge/led_q_reg[6]/Q
                         net (fo=2, routed)           0.670     0.142    virtual_led_OBUF[6]
    SLICE_X5Y202         FDCE                                         r  virtual_led_50_d1_reg[6]/D
  -------------------------------------------------------------------    -------------------

                         (clock clk_out1_pll rise edge)
                                                      0.000     0.000 r  
    AD12                                              0.000     0.000 r  i_sys_clk_p (IN)
                         net (fo=0)                   0.000     0.000    pll_inst/inst/clk_in1_p
    AD12                 IBUFDS (Prop_ibufds_I_O)     0.388     0.388 r  pll_inst/inst/clkin1_ibufgds/O
                         net (fo=1, routed)           0.503     0.891    pll_inst/inst/clk_in1_pll
    MMCME2_ADV_X1Y1      MMCME2_ADV (Prop_mmcme2_adv_CLKIN1_CLKOUT0)
                                                     -3.040    -2.149 r  pll_inst/inst/mmcm_adv_inst/CLKOUT0
                         net (fo=1, routed)           0.940    -1.209    pll_inst/inst/clk_out1_pll
    BUFGCTRL_X0Y1        BUFG (Prop_bufg_I_O)         0.026    -1.183 r  pll_inst/inst/clkout1_buf/O
                         net (fo=581, routed)         0.610    -0.573    w_clk_50Mhz
    SLICE_X5Y202         FDCE                                         r  virtual_led_50_d1_reg[6]/C

Slack:                    inf
  Source:                 student_top_inst/mem_bridge/led_q_reg[18]/C
                            (rising edge-triggered cell FDRE clocked by clk_out2_pll  {rise@0.000ns fall@5.000ns period=10.000ns})
  Destination:            virtual_led_50_d1_reg[18]/D
                            (rising edge-triggered cell FDCE clocked by clk_out1_pll  {rise@0.000ns fall@10.000ns period=20.000ns})
  Path Group:             (none)
  Path Type:              Setup (Max at Fast Process Corner)
  Data Path Delay:        0.790ns  (logic 0.124ns (15.702%)  route 0.666ns (84.298%))
  Logic Levels:           0  
  Clock Path Skew:        0.085ns (DCD - SCD + CPR)
    Destination Clock Delay (DCD):    -0.575ns
    Source Clock Delay      (SCD):    -0.659ns
    Clock Pessimism Removal (CPR):    0.000ns
  Clock Uncertainty:      0.194ns  ((TSJ^2 + DJ^2)^1/2) / 2 + PE
    Total System Jitter     (TSJ):    0.071ns
    Discrete Jitter          (DJ):    0.129ns
    Phase Error              (PE):    0.120ns
  Timing Exception:       Asynchronous Clock Groups

    Location             Delay type                Incr(ns)  Path(ns)    Netlist Resource(s)
  -------------------------------------------------------------------    -------------------
                         (clock clk_out2_pll rise edge)
                                                      0.000     0.000 r  
    AD12                                              0.000     0.000 r  i_sys_clk_p (IN)
                         net (fo=0)                   0.000     0.000    pll_inst/inst/clk_in1_p
    AD12                 IBUFDS (Prop_ibufds_I_O)     0.470     0.470 r  pll_inst/inst/clkin1_ibufgds/O
                         net (fo=1, routed)           0.553     1.023    pll_inst/inst/clk_in1_pll
    MMCME2_ADV_X1Y1      MMCME2_ADV (Prop_mmcme2_adv_CLKIN1_CLKOUT1)
                                                     -3.493    -2.470 r  pll_inst/inst/mmcm_adv_inst/CLKOUT1
                         net (fo=1, routed)           1.007    -1.463    pll_inst/inst/clk_out2_pll
    BUFGCTRL_X0Y0        BUFG (Prop_bufg_I_O)         0.030    -1.433 r  pll_inst/inst/clkout2_buf/O
                         net (fo=33272, routed)       0.774    -0.659    student_top_inst/mem_bridge/clk
    SLICE_X35Y204        FDRE                                         r  student_top_inst/mem_bridge/led_q_reg[18]/C
  -------------------------------------------------------------------    -------------------
    SLICE_X35Y204        FDRE (Prop_fdre_C_Q)         0.124    -0.535 r  student_top_inst/mem_bridge/led_q_reg[18]/Q
                         net (fo=2, routed)           0.666     0.130    virtual_led_OBUF[18]
    SLICE_X4Y207         FDCE                                         r  virtual_led_50_d1_reg[18]/D
  -------------------------------------------------------------------    -------------------

                         (clock clk_out1_pll rise edge)
                                                      0.000     0.000 r  
    AD12                                              0.000     0.000 r  i_sys_clk_p (IN)
                         net (fo=0)                   0.000     0.000    pll_inst/inst/clk_in1_p
    AD12                 IBUFDS (Prop_ibufds_I_O)     0.388     0.388 r  pll_inst/inst/clkin1_ibufgds/O
                         net (fo=1, routed)           0.503     0.891    pll_inst/inst/clk_in1_pll
    MMCME2_ADV_X1Y1      MMCME2_ADV (Prop_mmcme2_adv_CLKIN1_CLKOUT0)
                                                     -3.040    -2.149 r  pll_inst/inst/mmcm_adv_inst/CLKOUT0
                         net (fo=1, routed)           0.940    -1.209    pll_inst/inst/clk_out1_pll
    BUFGCTRL_X0Y1        BUFG (Prop_bufg_I_O)         0.026    -1.183 r  pll_inst/inst/clkout1_buf/O
                         net (fo=581, routed)         0.608    -0.575    w_clk_50Mhz
    SLICE_X4Y207         FDCE                                         r  virtual_led_50_d1_reg[18]/C

Slack:                    inf
  Source:                 student_top_inst/mem_bridge/led_q_reg[15]/C
                            (rising edge-triggered cell FDRE clocked by clk_out2_pll  {rise@0.000ns fall@5.000ns period=10.000ns})
  Destination:            virtual_led_50_d1_reg[15]/D
                            (rising edge-triggered cell FDCE clocked by clk_out1_pll  {rise@0.000ns fall@10.000ns period=20.000ns})
  Path Group:             (none)
  Path Type:              Setup (Max at Fast Process Corner)
  Data Path Delay:        0.774ns  (logic 0.124ns (16.030%)  route 0.650ns (83.970%))
  Logic Levels:           0  
  Clock Path Skew:        0.081ns (DCD - SCD + CPR)
    Destination Clock Delay (DCD):    -0.572ns
    Source Clock Delay      (SCD):    -0.652ns
    Clock Pessimism Removal (CPR):    0.000ns
  Clock Uncertainty:      0.194ns  ((TSJ^2 + DJ^2)^1/2) / 2 + PE
    Total System Jitter     (TSJ):    0.071ns
    Discrete Jitter          (DJ):    0.129ns
    Phase Error              (PE):    0.120ns
  Timing Exception:       Asynchronous Clock Groups

    Location             Delay type                Incr(ns)  Path(ns)    Netlist Resource(s)
  -------------------------------------------------------------------    -------------------
                         (clock clk_out2_pll rise edge)
                                                      0.000     0.000 r  
    AD12                                              0.000     0.000 r  i_sys_clk_p (IN)
                         net (fo=0)                   0.000     0.000    pll_inst/inst/clk_in1_p
    AD12                 IBUFDS (Prop_ibufds_I_O)     0.470     0.470 r  pll_inst/inst/clkin1_ibufgds/O
                         net (fo=1, routed)           0.553     1.023    pll_inst/inst/clk_in1_pll
    MMCME2_ADV_X1Y1      MMCME2_ADV (Prop_mmcme2_adv_CLKIN1_CLKOUT1)
                                                     -3.493    -2.470 r  pll_inst/inst/mmcm_adv_inst/CLKOUT1
                         net (fo=1, routed)           1.007    -1.463    pll_inst/inst/clk_out2_pll
    BUFGCTRL_X0Y0        BUFG (Prop_bufg_I_O)         0.030    -1.433 r  pll_inst/inst/clkout2_buf/O
                         net (fo=33272, routed)       0.781    -0.652    student_top_inst/mem_bridge/clk
    SLICE_X36Y196        FDRE                                         r  student_top_inst/mem_bridge/led_q_reg[15]/C
  -------------------------------------------------------------------    -------------------
    SLICE_X36Y196        FDRE (Prop_fdre_C_Q)         0.124    -0.528 r  student_top_inst/mem_bridge/led_q_reg[15]/Q
                         net (fo=2, routed)           0.650     0.121    virtual_led_OBUF[15]
    SLICE_X3Y202         FDCE                                         r  virtual_led_50_d1_reg[15]/D
  -------------------------------------------------------------------    -------------------

                         (clock clk_out1_pll rise edge)
                                                      0.000     0.000 r  
    AD12                                              0.000     0.000 r  i_sys_clk_p (IN)
                         net (fo=0)                   0.000     0.000    pll_inst/inst/clk_in1_p
    AD12                 IBUFDS (Prop_ibufds_I_O)     0.388     0.388 r  pll_inst/inst/clkin1_ibufgds/O
                         net (fo=1, routed)           0.503     0.891    pll_inst/inst/clk_in1_pll
    MMCME2_ADV_X1Y1      MMCME2_ADV (Prop_mmcme2_adv_CLKIN1_CLKOUT0)
                                                     -3.040    -2.149 r  pll_inst/inst/mmcm_adv_inst/CLKOUT0
                         net (fo=1, routed)           0.940    -1.209    pll_inst/inst/clk_out1_pll
    BUFGCTRL_X0Y1        BUFG (Prop_bufg_I_O)         0.026    -1.183 r  pll_inst/inst/clkout1_buf/O
                         net (fo=581, routed)         0.611    -0.572    w_clk_50Mhz
    SLICE_X3Y202         FDCE                                         r  virtual_led_50_d1_reg[15]/C

Slack:                    inf
  Source:                 student_top_inst/mem_bridge/led_q_reg[7]/C
                            (rising edge-triggered cell FDRE clocked by clk_out2_pll  {rise@0.000ns fall@5.000ns period=10.000ns})
  Destination:            virtual_led_50_d1_reg[7]/D
                            (rising edge-triggered cell FDCE clocked by clk_out1_pll  {rise@0.000ns fall@10.000ns period=20.000ns})
  Path Group:             (none)
  Path Type:              Setup (Max at Fast Process Corner)
  Data Path Delay:        0.775ns  (logic 0.124ns (15.996%)  route 0.651ns (84.004%))
  Logic Levels:           0  
  Clock Path Skew:        0.098ns (DCD - SCD + CPR)
    Destination Clock Delay (DCD):    -0.558ns
    Source Clock Delay      (SCD):    -0.655ns
    Clock Pessimism Removal (CPR):    0.000ns
  Clock Uncertainty:      0.194ns  ((TSJ^2 + DJ^2)^1/2) / 2 + PE
    Total System Jitter     (TSJ):    0.071ns
    Discrete Jitter          (DJ):    0.129ns
    Phase Error              (PE):    0.120ns
  Timing Exception:       Asynchronous Clock Groups

    Location             Delay type                Incr(ns)  Path(ns)    Netlist Resource(s)
  -------------------------------------------------------------------    -------------------
                         (clock clk_out2_pll rise edge)
                                                      0.000     0.000 r  
    AD12                                              0.000     0.000 r  i_sys_clk_p (IN)
                         net (fo=0)                   0.000     0.000    pll_inst/inst/clk_in1_p
    AD12                 IBUFDS (Prop_ibufds_I_O)     0.470     0.470 r  pll_inst/inst/clkin1_ibufgds/O
                         net (fo=1, routed)           0.553     1.023    pll_inst/inst/clk_in1_pll
    MMCME2_ADV_X1Y1      MMCME2_ADV (Prop_mmcme2_adv_CLKIN1_CLKOUT1)
                                                     -3.493    -2.470 r  pll_inst/inst/mmcm_adv_inst/CLKOUT1
                         net (fo=1, routed)           1.007    -1.463    pll_inst/inst/clk_out2_pll
    BUFGCTRL_X0Y0        BUFG (Prop_bufg_I_O)         0.030    -1.433 r  pll_inst/inst/clkout2_buf/O
                         net (fo=33272, routed)       0.778    -0.655    student_top_inst/mem_bridge/clk
    SLICE_X26Y200        FDRE                                         r  student_top_inst/mem_bridge/led_q_reg[7]/C
  -------------------------------------------------------------------    -------------------
    SLICE_X26Y200        FDRE (Prop_fdre_C_Q)         0.124    -0.531 r  student_top_inst/mem_bridge/led_q_reg[7]/Q
                         net (fo=2, routed)           0.651     0.120    virtual_led_OBUF[7]
    SLICE_X2Y199         FDCE                                         r  virtual_led_50_d1_reg[7]/D
  -------------------------------------------------------------------    -------------------

                         (clock clk_out1_pll rise edge)
                                                      0.000     0.000 r  
    AD12                                              0.000     0.000 r  i_sys_clk_p (IN)
                         net (fo=0)                   0.000     0.000    pll_inst/inst/clk_in1_p
    AD12                 IBUFDS (Prop_ibufds_I_O)     0.388     0.388 r  pll_inst/inst/clkin1_ibufgds/O
                         net (fo=1, routed)           0.503     0.891    pll_inst/inst/clk_in1_pll
    MMCME2_ADV_X1Y1      MMCME2_ADV (Prop_mmcme2_adv_CLKIN1_CLKOUT0)
                                                     -3.040    -2.149 r  pll_inst/inst/mmcm_adv_inst/CLKOUT0
                         net (fo=1, routed)           0.940    -1.209    pll_inst/inst/clk_out1_pll
    BUFGCTRL_X0Y1        BUFG (Prop_bufg_I_O)         0.026    -1.183 r  pll_inst/inst/clkout1_buf/O
                         net (fo=581, routed)         0.625    -0.558    w_clk_50Mhz
    SLICE_X2Y199         FDCE                                         r  virtual_led_50_d1_reg[7]/C

Slack:                    inf
  Source:                 student_top_inst/mem_bridge/led_q_reg[28]/C
                            (rising edge-triggered cell FDRE clocked by clk_out2_pll  {rise@0.000ns fall@5.000ns period=10.000ns})
  Destination:            virtual_led_50_d1_reg[28]/D
                            (rising edge-triggered cell FDCE clocked by clk_out1_pll  {rise@0.000ns fall@10.000ns period=20.000ns})
  Path Group:             (none)
  Path Type:              Setup (Max at Fast Process Corner)
  Data Path Delay:        0.774ns  (logic 0.124ns (16.012%)  route 0.650ns (83.988%))
  Logic Levels:           0  
  Clock Path Skew:        0.084ns (DCD - SCD + CPR)
    Destination Clock Delay (DCD):    -0.574ns
    Source Clock Delay      (SCD):    -0.657ns
    Clock Pessimism Removal (CPR):    0.000ns
  Clock Uncertainty:      0.194ns  ((TSJ^2 + DJ^2)^1/2) / 2 + PE
    Total System Jitter     (TSJ):    0.071ns
    Discrete Jitter          (DJ):    0.129ns
    Phase Error              (PE):    0.120ns
  Timing Exception:       Asynchronous Clock Groups

    Location             Delay type                Incr(ns)  Path(ns)    Netlist Resource(s)
  -------------------------------------------------------------------    -------------------
                         (clock clk_out2_pll rise edge)
                                                      0.000     0.000 r  
    AD12                                              0.000     0.000 r  i_sys_clk_p (IN)
                         net (fo=0)                   0.000     0.000    pll_inst/inst/clk_in1_p
    AD12                 IBUFDS (Prop_ibufds_I_O)     0.470     0.470 r  pll_inst/inst/clkin1_ibufgds/O
                         net (fo=1, routed)           0.553     1.023    pll_inst/inst/clk_in1_pll
    MMCME2_ADV_X1Y1      MMCME2_ADV (Prop_mmcme2_adv_CLKIN1_CLKOUT1)
                                                     -3.493    -2.470 r  pll_inst/inst/mmcm_adv_inst/CLKOUT1
                         net (fo=1, routed)           1.007    -1.463    pll_inst/inst/clk_out2_pll
    BUFGCTRL_X0Y0        BUFG (Prop_bufg_I_O)         0.030    -1.433 r  pll_inst/inst/clkout2_buf/O
                         net (fo=33272, routed)       0.776    -0.657    student_top_inst/mem_bridge/clk
    SLICE_X31Y205        FDRE                                         r  student_top_inst/mem_bridge/led_q_reg[28]/C
  -------------------------------------------------------------------    -------------------
    SLICE_X31Y205        FDRE (Prop_fdre_C_Q)         0.124    -0.533 r  student_top_inst/mem_bridge/led_q_reg[28]/Q
                         net (fo=2, routed)           0.650     0.117    virtual_led_OBUF[28]
    SLICE_X2Y209         FDCE                                         r  virtual_led_50_d1_reg[28]/D
  -------------------------------------------------------------------    -------------------

                         (clock clk_out1_pll rise edge)
                                                      0.000     0.000 r  
    AD12                                              0.000     0.000 r  i_sys_clk_p (IN)
                         net (fo=0)                   0.000     0.000    pll_inst/inst/clk_in1_p
    AD12                 IBUFDS (Prop_ibufds_I_O)     0.388     0.388 r  pll_inst/inst/clkin1_ibufgds/O
                         net (fo=1, routed)           0.503     0.891    pll_inst/inst/clk_in1_pll
    MMCME2_ADV_X1Y1      MMCME2_ADV (Prop_mmcme2_adv_CLKIN1_CLKOUT0)
                                                     -3.040    -2.149 r  pll_inst/inst/mmcm_adv_inst/CLKOUT0
                         net (fo=1, routed)           0.940    -1.209    pll_inst/inst/clk_out1_pll
    BUFGCTRL_X0Y1        BUFG (Prop_bufg_I_O)         0.026    -1.183 r  pll_inst/inst/clkout1_buf/O
                         net (fo=581, routed)         0.609    -0.574    w_clk_50Mhz
    SLICE_X2Y209         FDCE                                         r  virtual_led_50_d1_reg[28]/C

Slack:                    inf
  Source:                 student_top_inst/mem_bridge/led_q_reg[17]/C
                            (rising edge-triggered cell FDRE clocked by clk_out2_pll  {rise@0.000ns fall@5.000ns period=10.000ns})
  Destination:            virtual_led_50_d1_reg[17]/D
                            (rising edge-triggered cell FDCE clocked by clk_out1_pll  {rise@0.000ns fall@10.000ns period=20.000ns})
  Path Group:             (none)
  Path Type:              Setup (Max at Fast Process Corner)
  Data Path Delay:        0.772ns  (logic 0.124ns (16.054%)  route 0.648ns (83.946%))
  Logic Levels:           0  
  Clock Path Skew:        0.082ns (DCD - SCD + CPR)
    Destination Clock Delay (DCD):    -0.575ns
    Source Clock Delay      (SCD):    -0.656ns
    Clock Pessimism Removal (CPR):    0.000ns
  Clock Uncertainty:      0.194ns  ((TSJ^2 + DJ^2)^1/2) / 2 + PE
    Total System Jitter     (TSJ):    0.071ns
    Discrete Jitter          (DJ):    0.129ns
    Phase Error              (PE):    0.120ns
  Timing Exception:       Asynchronous Clock Groups

    Location             Delay type                Incr(ns)  Path(ns)    Netlist Resource(s)
  -------------------------------------------------------------------    -------------------
                         (clock clk_out2_pll rise edge)
                                                      0.000     0.000 r  
    AD12                                              0.000     0.000 r  i_sys_clk_p (IN)
                         net (fo=0)                   0.000     0.000    pll_inst/inst/clk_in1_p
    AD12                 IBUFDS (Prop_ibufds_I_O)     0.470     0.470 r  pll_inst/inst/clkin1_ibufgds/O
                         net (fo=1, routed)           0.553     1.023    pll_inst/inst/clk_in1_pll
    MMCME2_ADV_X1Y1      MMCME2_ADV (Prop_mmcme2_adv_CLKIN1_CLKOUT1)
                                                     -3.493    -2.470 r  pll_inst/inst/mmcm_adv_inst/CLKOUT1
                         net (fo=1, routed)           1.007    -1.463    pll_inst/inst/clk_out2_pll
    BUFGCTRL_X0Y0        BUFG (Prop_bufg_I_O)         0.030    -1.433 r  pll_inst/inst/clkout2_buf/O
                         net (fo=33272, routed)       0.777    -0.656    student_top_inst/mem_bridge/clk
    SLICE_X24Y205        FDRE                                         r  student_top_inst/mem_bridge/led_q_reg[17]/C
  -------------------------------------------------------------------    -------------------
    SLICE_X24Y205        FDRE (Prop_fdre_C_Q)         0.124    -0.532 r  student_top_inst/mem_bridge/led_q_reg[17]/Q
                         net (fo=2, routed)           0.648     0.116    virtual_led_OBUF[17]
    SLICE_X4Y209         FDCE                                         r  virtual_led_50_d1_reg[17]/D
  -------------------------------------------------------------------    -------------------

                         (clock clk_out1_pll rise edge)
                                                      0.000     0.000 r  
    AD12                                              0.000     0.000 r  i_sys_clk_p (IN)
                         net (fo=0)                   0.000     0.000    pll_inst/inst/clk_in1_p
    AD12                 IBUFDS (Prop_ibufds_I_O)     0.388     0.388 r  pll_inst/inst/clkin1_ibufgds/O
                         net (fo=1, routed)           0.503     0.891    pll_inst/inst/clk_in1_pll
    MMCME2_ADV_X1Y1      MMCME2_ADV (Prop_mmcme2_adv_CLKIN1_CLKOUT0)
                                                     -3.040    -2.149 r  pll_inst/inst/mmcm_adv_inst/CLKOUT0
                         net (fo=1, routed)           0.940    -1.209    pll_inst/inst/clk_out1_pll
    BUFGCTRL_X0Y1        BUFG (Prop_bufg_I_O)         0.026    -1.183 r  pll_inst/inst/clkout1_buf/O
                         net (fo=581, routed)         0.608    -0.575    w_clk_50Mhz
    SLICE_X4Y209         FDCE                                         r  virtual_led_50_d1_reg[17]/C

Slack:                    inf
  Source:                 student_top_inst/mem_bridge/led_q_reg[23]/C
                            (rising edge-triggered cell FDRE clocked by clk_out2_pll  {rise@0.000ns fall@5.000ns period=10.000ns})
  Destination:            virtual_led_50_d1_reg[23]/D
                            (rising edge-triggered cell FDCE clocked by clk_out1_pll  {rise@0.000ns fall@10.000ns period=20.000ns})
  Path Group:             (none)
  Path Type:              Setup (Max at Fast Process Corner)
  Data Path Delay:        0.770ns  (logic 0.124ns (16.114%)  route 0.646ns (83.886%))
  Logic Levels:           0  
  Clock Path Skew:        0.083ns (DCD - SCD + CPR)
    Destination Clock Delay (DCD):    -0.574ns
    Source Clock Delay      (SCD):    -0.656ns
    Clock Pessimism Removal (CPR):    0.000ns
  Clock Uncertainty:      0.194ns  ((TSJ^2 + DJ^2)^1/2) / 2 + PE
    Total System Jitter     (TSJ):    0.071ns
    Discrete Jitter          (DJ):    0.129ns
    Phase Error              (PE):    0.120ns
  Timing Exception:       Asynchronous Clock Groups

    Location             Delay type                Incr(ns)  Path(ns)    Netlist Resource(s)
  -------------------------------------------------------------------    -------------------
                         (clock clk_out2_pll rise edge)
                                                      0.000     0.000 r  
    AD12                                              0.000     0.000 r  i_sys_clk_p (IN)
                         net (fo=0)                   0.000     0.000    pll_inst/inst/clk_in1_p
    AD12                 IBUFDS (Prop_ibufds_I_O)     0.470     0.470 r  pll_inst/inst/clkin1_ibufgds/O
                         net (fo=1, routed)           0.553     1.023    pll_inst/inst/clk_in1_pll
    MMCME2_ADV_X1Y1      MMCME2_ADV (Prop_mmcme2_adv_CLKIN1_CLKOUT1)
                                                     -3.493    -2.470 r  pll_inst/inst/mmcm_adv_inst/CLKOUT1
                         net (fo=1, routed)           1.007    -1.463    pll_inst/inst/clk_out2_pll
    BUFGCTRL_X0Y0        BUFG (Prop_bufg_I_O)         0.030    -1.433 r  pll_inst/inst/clkout2_buf/O
                         net (fo=33272, routed)       0.777    -0.656    student_top_inst/mem_bridge/clk
    SLICE_X25Y203        FDRE                                         r  student_top_inst/mem_bridge/led_q_reg[23]/C
  -------------------------------------------------------------------    -------------------
    SLICE_X25Y203        FDRE (Prop_fdre_C_Q)         0.124    -0.532 r  student_top_inst/mem_bridge/led_q_reg[23]/Q
                         net (fo=2, routed)           0.646     0.113    virtual_led_OBUF[23]
    SLICE_X2Y208         FDCE                                         r  virtual_led_50_d1_reg[23]/D
  -------------------------------------------------------------------    -------------------

                         (clock clk_out1_pll rise edge)
                                                      0.000     0.000 r  
    AD12                                              0.000     0.000 r  i_sys_clk_p (IN)
                         net (fo=0)                   0.000     0.000    pll_inst/inst/clk_in1_p
    AD12                 IBUFDS (Prop_ibufds_I_O)     0.388     0.388 r  pll_inst/inst/clkin1_ibufgds/O
                         net (fo=1, routed)           0.503     0.891    pll_inst/inst/clk_in1_pll
    MMCME2_ADV_X1Y1      MMCME2_ADV (Prop_mmcme2_adv_CLKIN1_CLKOUT0)
                                                     -3.040    -2.149 r  pll_inst/inst/mmcm_adv_inst/CLKOUT0
                         net (fo=1, routed)           0.940    -1.209    pll_inst/inst/clk_out1_pll
    BUFGCTRL_X0Y1        BUFG (Prop_bufg_I_O)         0.026    -1.183 r  pll_inst/inst/clkout1_buf/O
                         net (fo=581, routed)         0.609    -0.574    w_clk_50Mhz
    SLICE_X2Y208         FDCE                                         r  virtual_led_50_d1_reg[23]/C

Slack:                    inf
  Source:                 student_top_inst/mem_bridge/led_q_reg[8]/C
                            (rising edge-triggered cell FDRE clocked by clk_out2_pll  {rise@0.000ns fall@5.000ns period=10.000ns})
  Destination:            virtual_led_50_d1_reg[8]/D
                            (rising edge-triggered cell FDCE clocked by clk_out1_pll  {rise@0.000ns fall@10.000ns period=20.000ns})
  Path Group:             (none)
  Path Type:              Setup (Max at Fast Process Corner)
  Data Path Delay:        0.767ns  (logic 0.124ns (16.172%)  route 0.643ns (83.828%))
  Logic Levels:           0  
  Clock Path Skew:        0.082ns (DCD - SCD + CPR)
    Destination Clock Delay (DCD):    -0.575ns
    Source Clock Delay      (SCD):    -0.656ns
    Clock Pessimism Removal (CPR):    0.000ns
  Clock Uncertainty:      0.194ns  ((TSJ^2 + DJ^2)^1/2) / 2 + PE
    Total System Jitter     (TSJ):    0.071ns
    Discrete Jitter          (DJ):    0.129ns
    Phase Error              (PE):    0.120ns
  Timing Exception:       Asynchronous Clock Groups

    Location             Delay type                Incr(ns)  Path(ns)    Netlist Resource(s)
  -------------------------------------------------------------------    -------------------
                         (clock clk_out2_pll rise edge)
                                                      0.000     0.000 r  
    AD12                                              0.000     0.000 r  i_sys_clk_p (IN)
                         net (fo=0)                   0.000     0.000    pll_inst/inst/clk_in1_p
    AD12                 IBUFDS (Prop_ibufds_I_O)     0.470     0.470 r  pll_inst/inst/clkin1_ibufgds/O
                         net (fo=1, routed)           0.553     1.023    pll_inst/inst/clk_in1_pll
    MMCME2_ADV_X1Y1      MMCME2_ADV (Prop_mmcme2_adv_CLKIN1_CLKOUT1)
                                                     -3.493    -2.470 r  pll_inst/inst/mmcm_adv_inst/CLKOUT1
                         net (fo=1, routed)           1.007    -1.463    pll_inst/inst/clk_out2_pll
    BUFGCTRL_X0Y0        BUFG (Prop_bufg_I_O)         0.030    -1.433 r  pll_inst/inst/clkout2_buf/O
                         net (fo=33272, routed)       0.777    -0.656    student_top_inst/mem_bridge/clk
    SLICE_X25Y204        FDRE                                         r  student_top_inst/mem_bridge/led_q_reg[8]/C
  -------------------------------------------------------------------    -------------------
    SLICE_X25Y204        FDRE (Prop_fdre_C_Q)         0.124    -0.532 r  student_top_inst/mem_bridge/led_q_reg[8]/Q
                         net (fo=2, routed)           0.643     0.110    virtual_led_OBUF[8]
    SLICE_X4Y207         FDCE                                         r  virtual_led_50_d1_reg[8]/D
  -------------------------------------------------------------------    -------------------

                         (clock clk_out1_pll rise edge)
                                                      0.000     0.000 r  
    AD12                                              0.000     0.000 r  i_sys_clk_p (IN)
                         net (fo=0)                   0.000     0.000    pll_inst/inst/clk_in1_p
    AD12                 IBUFDS (Prop_ibufds_I_O)     0.388     0.388 r  pll_inst/inst/clkin1_ibufgds/O
                         net (fo=1, routed)           0.503     0.891    pll_inst/inst/clk_in1_pll
    MMCME2_ADV_X1Y1      MMCME2_ADV (Prop_mmcme2_adv_CLKIN1_CLKOUT0)
                                                     -3.040    -2.149 r  pll_inst/inst/mmcm_adv_inst/CLKOUT0
                         net (fo=1, routed)           0.940    -1.209    pll_inst/inst/clk_out1_pll
    BUFGCTRL_X0Y1        BUFG (Prop_bufg_I_O)         0.026    -1.183 r  pll_inst/inst/clkout1_buf/O
                         net (fo=581, routed)         0.608    -0.575    w_clk_50Mhz
    SLICE_X4Y207         FDCE                                         r  virtual_led_50_d1_reg[8]/C





Min Delay Paths
--------------------------------------------------------------------------------------
Slack:                    inf
  Source:                 student_top_inst/mem_bridge/seg_wdata_q_reg[24]/C
                            (rising edge-triggered cell FDRE clocked by clk_out2_pll  {rise@0.000ns fall@5.000ns period=10.000ns})
  Destination:            student_top_inst/mem_bridge/seg_wdata_cnt_d1_reg[24]/D
                            (rising edge-triggered cell FDRE clocked by clk_out1_pll  {rise@0.000ns fall@10.000ns period=20.000ns})
  Path Group:             (none)
  Path Type:              Hold (Min at Slow Process Corner)
  Data Path Delay:        0.452ns  (logic 0.178ns (39.386%)  route 0.274ns (60.614%))
  Logic Levels:           0  
  Clock Path Skew:        -0.559ns (DCD - SCD - CPR)
    Destination Clock Delay (DCD):    -2.276ns
    Source Clock Delay      (SCD):    -1.718ns
    Clock Pessimism Removal (CPR):    -0.000ns
  Clock Uncertainty:      0.194ns  ((TSJ^2 + DJ^2)^1/2) / 2 + PE
    Total System Jitter     (TSJ):    0.071ns
    Discrete Jitter          (DJ):    0.129ns
    Phase Error              (PE):    0.120ns
  Timing Exception:       Asynchronous Clock Groups

    Location             Delay type                Incr(ns)  Path(ns)    Netlist Resource(s)
  -------------------------------------------------------------------    -------------------
                         (clock clk_out2_pll rise edge)
                                                      0.000     0.000 r  
    AD12                                              0.000     0.000 r  i_sys_clk_p (IN)
                         net (fo=0)                   0.000     0.000    pll_inst/inst/clk_in1_p
    AD12                 IBUFDS (Prop_ibufds_I_O)     0.803     0.803 r  pll_inst/inst/clkin1_ibufgds/O
                         net (fo=1, routed)           0.986     1.789    pll_inst/inst/clk_in1_pll
    MMCME2_ADV_X1Y1      MMCME2_ADV (Prop_mmcme2_adv_CLKIN1_CLKOUT1)
                                                     -6.759    -4.970 r  pll_inst/inst/mmcm_adv_inst/CLKOUT1
                         net (fo=1, routed)           2.005    -2.965    pll_inst/inst/clk_out2_pll
    BUFGCTRL_X0Y0        BUFG (Prop_bufg_I_O)         0.083    -2.882 r  pll_inst/inst/clkout2_buf/O
                         net (fo=33272, routed)       1.164    -1.718    student_top_inst/mem_bridge/clk
    SLICE_X23Y197        FDRE                                         r  student_top_inst/mem_bridge/seg_wdata_q_reg[24]/C
  -------------------------------------------------------------------    -------------------
    SLICE_X23Y197        FDRE (Prop_fdre_C_Q)         0.178    -1.540 r  student_top_inst/mem_bridge/seg_wdata_q_reg[24]/Q
                         net (fo=2, routed)           0.274    -1.266    student_top_inst/mem_bridge/seg_wdata_q_reg_n_0_[24]
    SLICE_X14Y197        FDRE                                         r  student_top_inst/mem_bridge/seg_wdata_cnt_d1_reg[24]/D
  -------------------------------------------------------------------    -------------------

                         (clock clk_out1_pll rise edge)
                                                      0.000     0.000 r  
    AD12                                              0.000     0.000 r  i_sys_clk_p (IN)
                         net (fo=0)                   0.000     0.000    pll_inst/inst/clk_in1_p
    AD12                 IBUFDS (Prop_ibufds_I_O)     0.906     0.906 r  pll_inst/inst/clkin1_ibufgds/O
                         net (fo=1, routed)           1.081     1.987    pll_inst/inst/clk_in1_pll
    MMCME2_ADV_X1Y1      MMCME2_ADV (Prop_mmcme2_adv_CLKIN1_CLKOUT0)
                                                     -7.786    -5.799 r  pll_inst/inst/mmcm_adv_inst/CLKOUT0
                         net (fo=1, routed)           2.130    -3.669    pll_inst/inst/clk_out1_pll
    BUFGCTRL_X0Y1        BUFG (Prop_bufg_I_O)         0.093    -3.576 r  pll_inst/inst/clkout1_buf/O
                         net (fo=581, routed)         1.300    -2.276    student_top_inst/mem_bridge/cnt_clk
    SLICE_X14Y197        FDRE                                         r  student_top_inst/mem_bridge/seg_wdata_cnt_d1_reg[24]/C

Slack:                    inf
  Source:                 student_top_inst/mem_bridge/seg_wdata_q_reg[30]/C
                            (rising edge-triggered cell FDRE clocked by clk_out2_pll  {rise@0.000ns fall@5.000ns period=10.000ns})
  Destination:            student_top_inst/mem_bridge/seg_wdata_cnt_d1_reg[30]/D
                            (rising edge-triggered cell FDRE clocked by clk_out1_pll  {rise@0.000ns fall@10.000ns period=20.000ns})
  Path Group:             (none)
  Path Type:              Hold (Min at Slow Process Corner)
  Data Path Delay:        0.516ns  (logic 0.178ns (34.485%)  route 0.338ns (65.515%))
  Logic Levels:           0  
  Clock Path Skew:        -0.559ns (DCD - SCD - CPR)
    Destination Clock Delay (DCD):    -2.276ns
    Source Clock Delay      (SCD):    -1.718ns
    Clock Pessimism Removal (CPR):    -0.000ns
  Clock Uncertainty:      0.194ns  ((TSJ^2 + DJ^2)^1/2) / 2 + PE
    Total System Jitter     (TSJ):    0.071ns
    Discrete Jitter          (DJ):    0.129ns
    Phase Error              (PE):    0.120ns
  Timing Exception:       Asynchronous Clock Groups

    Location             Delay type                Incr(ns)  Path(ns)    Netlist Resource(s)
  -------------------------------------------------------------------    -------------------
                         (clock clk_out2_pll rise edge)
                                                      0.000     0.000 r  
    AD12                                              0.000     0.000 r  i_sys_clk_p (IN)
                         net (fo=0)                   0.000     0.000    pll_inst/inst/clk_in1_p
    AD12                 IBUFDS (Prop_ibufds_I_O)     0.803     0.803 r  pll_inst/inst/clkin1_ibufgds/O
                         net (fo=1, routed)           0.986     1.789    pll_inst/inst/clk_in1_pll
    MMCME2_ADV_X1Y1      MMCME2_ADV (Prop_mmcme2_adv_CLKIN1_CLKOUT1)
                                                     -6.759    -4.970 r  pll_inst/inst/mmcm_adv_inst/CLKOUT1
                         net (fo=1, routed)           2.005    -2.965    pll_inst/inst/clk_out2_pll
    BUFGCTRL_X0Y0        BUFG (Prop_bufg_I_O)         0.083    -2.882 r  pll_inst/inst/clkout2_buf/O
                         net (fo=33272, routed)       1.164    -1.718    student_top_inst/mem_bridge/clk
    SLICE_X23Y197        FDRE                                         r  student_top_inst/mem_bridge/seg_wdata_q_reg[30]/C
  -------------------------------------------------------------------    -------------------
    SLICE_X23Y197        FDRE (Prop_fdre_C_Q)         0.178    -1.540 r  student_top_inst/mem_bridge/seg_wdata_q_reg[30]/Q
                         net (fo=2, routed)           0.338    -1.201    student_top_inst/mem_bridge/seg_wdata_q_reg_n_0_[30]
    SLICE_X15Y197        FDRE                                         r  student_top_inst/mem_bridge/seg_wdata_cnt_d1_reg[30]/D
  -------------------------------------------------------------------    -------------------

                         (clock clk_out1_pll rise edge)
                                                      0.000     0.000 r  
    AD12                                              0.000     0.000 r  i_sys_clk_p (IN)
                         net (fo=0)                   0.000     0.000    pll_inst/inst/clk_in1_p
    AD12                 IBUFDS (Prop_ibufds_I_O)     0.906     0.906 r  pll_inst/inst/clkin1_ibufgds/O
                         net (fo=1, routed)           1.081     1.987    pll_inst/inst/clk_in1_pll
    MMCME2_ADV_X1Y1      MMCME2_ADV (Prop_mmcme2_adv_CLKIN1_CLKOUT0)
                                                     -7.786    -5.799 r  pll_inst/inst/mmcm_adv_inst/CLKOUT0
                         net (fo=1, routed)           2.130    -3.669    pll_inst/inst/clk_out1_pll
    BUFGCTRL_X0Y1        BUFG (Prop_bufg_I_O)         0.093    -3.576 r  pll_inst/inst/clkout1_buf/O
                         net (fo=581, routed)         1.300    -2.276    student_top_inst/mem_bridge/cnt_clk
    SLICE_X15Y197        FDRE                                         r  student_top_inst/mem_bridge/seg_wdata_cnt_d1_reg[30]/C

Slack:                    inf
  Source:                 student_top_inst/mem_bridge/seg_wdata_q_reg[31]/C
                            (rising edge-triggered cell FDRE clocked by clk_out2_pll  {rise@0.000ns fall@5.000ns period=10.000ns})
  Destination:            student_top_inst/mem_bridge/seg_wdata_cnt_d1_reg[31]/D
                            (rising edge-triggered cell FDRE clocked by clk_out1_pll  {rise@0.000ns fall@10.000ns period=20.000ns})
  Path Group:             (none)
  Path Type:              Hold (Min at Slow Process Corner)
  Data Path Delay:        0.520ns  (logic 0.178ns (34.240%)  route 0.342ns (65.760%))
  Logic Levels:           0  
  Clock Path Skew:        -0.559ns (DCD - SCD - CPR)
    Destination Clock Delay (DCD):    -2.276ns
    Source Clock Delay      (SCD):    -1.718ns
    Clock Pessimism Removal (CPR):    -0.000ns
  Clock Uncertainty:      0.194ns  ((TSJ^2 + DJ^2)^1/2) / 2 + PE
    Total System Jitter     (TSJ):    0.071ns
    Discrete Jitter          (DJ):    0.129ns
    Phase Error              (PE):    0.120ns
  Timing Exception:       Asynchronous Clock Groups

    Location             Delay type                Incr(ns)  Path(ns)    Netlist Resource(s)
  -------------------------------------------------------------------    -------------------
                         (clock clk_out2_pll rise edge)
                                                      0.000     0.000 r  
    AD12                                              0.000     0.000 r  i_sys_clk_p (IN)
                         net (fo=0)                   0.000     0.000    pll_inst/inst/clk_in1_p
    AD12                 IBUFDS (Prop_ibufds_I_O)     0.803     0.803 r  pll_inst/inst/clkin1_ibufgds/O
                         net (fo=1, routed)           0.986     1.789    pll_inst/inst/clk_in1_pll
    MMCME2_ADV_X1Y1      MMCME2_ADV (Prop_mmcme2_adv_CLKIN1_CLKOUT1)
                                                     -6.759    -4.970 r  pll_inst/inst/mmcm_adv_inst/CLKOUT1
                         net (fo=1, routed)           2.005    -2.965    pll_inst/inst/clk_out2_pll
    BUFGCTRL_X0Y0        BUFG (Prop_bufg_I_O)         0.083    -2.882 r  pll_inst/inst/clkout2_buf/O
                         net (fo=33272, routed)       1.164    -1.718    student_top_inst/mem_bridge/clk
    SLICE_X23Y196        FDRE                                         r  student_top_inst/mem_bridge/seg_wdata_q_reg[31]/C
  -------------------------------------------------------------------    -------------------
    SLICE_X23Y196        FDRE (Prop_fdre_C_Q)         0.178    -1.540 r  student_top_inst/mem_bridge/seg_wdata_q_reg[31]/Q
                         net (fo=2, routed)           0.342    -1.198    student_top_inst/mem_bridge/seg_wdata_q_reg_n_0_[31]
    SLICE_X15Y195        FDRE                                         r  student_top_inst/mem_bridge/seg_wdata_cnt_d1_reg[31]/D
  -------------------------------------------------------------------    -------------------

                         (clock clk_out1_pll rise edge)
                                                      0.000     0.000 r  
    AD12                                              0.000     0.000 r  i_sys_clk_p (IN)
                         net (fo=0)                   0.000     0.000    pll_inst/inst/clk_in1_p
    AD12                 IBUFDS (Prop_ibufds_I_O)     0.906     0.906 r  pll_inst/inst/clkin1_ibufgds/O
                         net (fo=1, routed)           1.081     1.987    pll_inst/inst/clk_in1_pll
    MMCME2_ADV_X1Y1      MMCME2_ADV (Prop_mmcme2_adv_CLKIN1_CLKOUT0)
                                                     -7.786    -5.799 r  pll_inst/inst/mmcm_adv_inst/CLKOUT0
                         net (fo=1, routed)           2.130    -3.669    pll_inst/inst/clk_out1_pll
    BUFGCTRL_X0Y1        BUFG (Prop_bufg_I_O)         0.093    -3.576 r  pll_inst/inst/clkout1_buf/O
                         net (fo=581, routed)         1.300    -2.276    student_top_inst/mem_bridge/cnt_clk
    SLICE_X15Y195        FDRE                                         r  student_top_inst/mem_bridge/seg_wdata_cnt_d1_reg[31]/C

Slack:                    inf
  Source:                 student_top_inst/mem_bridge/seg_wdata_q_reg[20]/C
                            (rising edge-triggered cell FDRE clocked by clk_out2_pll  {rise@0.000ns fall@5.000ns period=10.000ns})
  Destination:            student_top_inst/mem_bridge/seg_wdata_cnt_d1_reg[20]/D
                            (rising edge-triggered cell FDRE clocked by clk_out1_pll  {rise@0.000ns fall@10.000ns period=20.000ns})
  Path Group:             (none)
  Path Type:              Hold (Min at Slow Process Corner)
  Data Path Delay:        0.525ns  (logic 0.178ns (33.894%)  route 0.347ns (66.106%))
  Logic Levels:           0  
  Clock Path Skew:        -0.560ns (DCD - SCD - CPR)
    Destination Clock Delay (DCD):    -2.277ns
    Source Clock Delay      (SCD):    -1.718ns
    Clock Pessimism Removal (CPR):    -0.000ns
  Clock Uncertainty:      0.194ns  ((TSJ^2 + DJ^2)^1/2) / 2 + PE
    Total System Jitter     (TSJ):    0.071ns
    Discrete Jitter          (DJ):    0.129ns
    Phase Error              (PE):    0.120ns
  Timing Exception:       Asynchronous Clock Groups

    Location             Delay type                Incr(ns)  Path(ns)    Netlist Resource(s)
  -------------------------------------------------------------------    -------------------
                         (clock clk_out2_pll rise edge)
                                                      0.000     0.000 r  
    AD12                                              0.000     0.000 r  i_sys_clk_p (IN)
                         net (fo=0)                   0.000     0.000    pll_inst/inst/clk_in1_p
    AD12                 IBUFDS (Prop_ibufds_I_O)     0.803     0.803 r  pll_inst/inst/clkin1_ibufgds/O
                         net (fo=1, routed)           0.986     1.789    pll_inst/inst/clk_in1_pll
    MMCME2_ADV_X1Y1      MMCME2_ADV (Prop_mmcme2_adv_CLKIN1_CLKOUT1)
                                                     -6.759    -4.970 r  pll_inst/inst/mmcm_adv_inst/CLKOUT1
                         net (fo=1, routed)           2.005    -2.965    pll_inst/inst/clk_out2_pll
    BUFGCTRL_X0Y0        BUFG (Prop_bufg_I_O)         0.083    -2.882 r  pll_inst/inst/clkout2_buf/O
                         net (fo=33272, routed)       1.164    -1.718    student_top_inst/mem_bridge/clk
    SLICE_X23Y194        FDRE                                         r  student_top_inst/mem_bridge/seg_wdata_q_reg[20]/C
  -------------------------------------------------------------------    -------------------
    SLICE_X23Y194        FDRE (Prop_fdre_C_Q)         0.178    -1.540 r  student_top_inst/mem_bridge/seg_wdata_q_reg[20]/Q
                         net (fo=2, routed)           0.347    -1.192    student_top_inst/mem_bridge/seg_wdata_q_reg_n_0_[20]
    SLICE_X13Y192        FDRE                                         r  student_top_inst/mem_bridge/seg_wdata_cnt_d1_reg[20]/D
  -------------------------------------------------------------------    -------------------

                         (clock clk_out1_pll rise edge)
                                                      0.000     0.000 r  
    AD12                                              0.000     0.000 r  i_sys_clk_p (IN)
                         net (fo=0)                   0.000     0.000    pll_inst/inst/clk_in1_p
    AD12                 IBUFDS (Prop_ibufds_I_O)     0.906     0.906 r  pll_inst/inst/clkin1_ibufgds/O
                         net (fo=1, routed)           1.081     1.987    pll_inst/inst/clk_in1_pll
    MMCME2_ADV_X1Y1      MMCME2_ADV (Prop_mmcme2_adv_CLKIN1_CLKOUT0)
                                                     -7.786    -5.799 r  pll_inst/inst/mmcm_adv_inst/CLKOUT0
                         net (fo=1, routed)           2.130    -3.669    pll_inst/inst/clk_out1_pll
    BUFGCTRL_X0Y1        BUFG (Prop_bufg_I_O)         0.093    -3.576 r  pll_inst/inst/clkout1_buf/O
                         net (fo=581, routed)         1.299    -2.277    student_top_inst/mem_bridge/cnt_clk
    SLICE_X13Y192        FDRE                                         r  student_top_inst/mem_bridge/seg_wdata_cnt_d1_reg[20]/C

Slack:                    inf
  Source:                 student_top_inst/mem_bridge/seg_wdata_q_reg[21]/C
                            (rising edge-triggered cell FDRE clocked by clk_out2_pll  {rise@0.000ns fall@5.000ns period=10.000ns})
  Destination:            student_top_inst/mem_bridge/seg_wdata_cnt_d1_reg[21]/D
                            (rising edge-triggered cell FDRE clocked by clk_out1_pll  {rise@0.000ns fall@10.000ns period=20.000ns})
  Path Group:             (none)
  Path Type:              Hold (Min at Slow Process Corner)
  Data Path Delay:        0.529ns  (logic 0.178ns (33.663%)  route 0.351ns (66.337%))
  Logic Levels:           0  
  Clock Path Skew:        -0.559ns (DCD - SCD - CPR)
    Destination Clock Delay (DCD):    -2.277ns
    Source Clock Delay      (SCD):    -1.719ns
    Clock Pessimism Removal (CPR):    -0.000ns
  Clock Uncertainty:      0.194ns  ((TSJ^2 + DJ^2)^1/2) / 2 + PE
    Total System Jitter     (TSJ):    0.071ns
    Discrete Jitter          (DJ):    0.129ns
    Phase Error              (PE):    0.120ns
  Timing Exception:       Asynchronous Clock Groups

    Location             Delay type                Incr(ns)  Path(ns)    Netlist Resource(s)
  -------------------------------------------------------------------    -------------------
                         (clock clk_out2_pll rise edge)
                                                      0.000     0.000 r  
    AD12                                              0.000     0.000 r  i_sys_clk_p (IN)
                         net (fo=0)                   0.000     0.000    pll_inst/inst/clk_in1_p
    AD12                 IBUFDS (Prop_ibufds_I_O)     0.803     0.803 r  pll_inst/inst/clkin1_ibufgds/O
                         net (fo=1, routed)           0.986     1.789    pll_inst/inst/clk_in1_pll
    MMCME2_ADV_X1Y1      MMCME2_ADV (Prop_mmcme2_adv_CLKIN1_CLKOUT1)
                                                     -6.759    -4.970 r  pll_inst/inst/mmcm_adv_inst/CLKOUT1
                         net (fo=1, routed)           2.005    -2.965    pll_inst/inst/clk_out2_pll
    BUFGCTRL_X0Y0        BUFG (Prop_bufg_I_O)         0.083    -2.882 r  pll_inst/inst/clkout2_buf/O
                         net (fo=33272, routed)       1.163    -1.719    student_top_inst/mem_bridge/clk
    SLICE_X23Y192        FDRE                                         r  student_top_inst/mem_bridge/seg_wdata_q_reg[21]/C
  -------------------------------------------------------------------    -------------------
    SLICE_X23Y192        FDRE (Prop_fdre_C_Q)         0.178    -1.541 r  student_top_inst/mem_bridge/seg_wdata_q_reg[21]/Q
                         net (fo=2, routed)           0.351    -1.190    student_top_inst/mem_bridge/seg_wdata_q_reg_n_0_[21]
    SLICE_X12Y192        FDRE                                         r  student_top_inst/mem_bridge/seg_wdata_cnt_d1_reg[21]/D
  -------------------------------------------------------------------    -------------------

                         (clock clk_out1_pll rise edge)
                                                      0.000     0.000 r  
    AD12                                              0.000     0.000 r  i_sys_clk_p (IN)
                         net (fo=0)                   0.000     0.000    pll_inst/inst/clk_in1_p
    AD12                 IBUFDS (Prop_ibufds_I_O)     0.906     0.906 r  pll_inst/inst/clkin1_ibufgds/O
                         net (fo=1, routed)           1.081     1.987    pll_inst/inst/clk_in1_pll
    MMCME2_ADV_X1Y1      MMCME2_ADV (Prop_mmcme2_adv_CLKIN1_CLKOUT0)
                                                     -7.786    -5.799 r  pll_inst/inst/mmcm_adv_inst/CLKOUT0
                         net (fo=1, routed)           2.130    -3.669    pll_inst/inst/clk_out1_pll
    BUFGCTRL_X0Y1        BUFG (Prop_bufg_I_O)         0.093    -3.576 r  pll_inst/inst/clkout1_buf/O
                         net (fo=581, routed)         1.299    -2.277    student_top_inst/mem_bridge/cnt_clk
    SLICE_X12Y192        FDRE                                         r  student_top_inst/mem_bridge/seg_wdata_cnt_d1_reg[21]/C

Slack:                    inf
  Source:                 student_top_inst/mem_bridge/seg_wdata_q_reg[8]/C
                            (rising edge-triggered cell FDRE clocked by clk_out2_pll  {rise@0.000ns fall@5.000ns period=10.000ns})
  Destination:            student_top_inst/mem_bridge/seg_wdata_cnt_d1_reg[8]/D
                            (rising edge-triggered cell FDRE clocked by clk_out1_pll  {rise@0.000ns fall@10.000ns period=20.000ns})
  Path Group:             (none)
  Path Type:              Hold (Min at Slow Process Corner)
  Data Path Delay:        0.570ns  (logic 0.178ns (31.244%)  route 0.392ns (68.756%))
  Logic Levels:           0  
  Clock Path Skew:        -0.559ns (DCD - SCD - CPR)
    Destination Clock Delay (DCD):    -2.276ns
    Source Clock Delay      (SCD):    -1.718ns
    Clock Pessimism Removal (CPR):    -0.000ns
  Clock Uncertainty:      0.194ns  ((TSJ^2 + DJ^2)^1/2) / 2 + PE
    Total System Jitter     (TSJ):    0.071ns
    Discrete Jitter          (DJ):    0.129ns
    Phase Error              (PE):    0.120ns
  Timing Exception:       Asynchronous Clock Groups

    Location             Delay type                Incr(ns)  Path(ns)    Netlist Resource(s)
  -------------------------------------------------------------------    -------------------
                         (clock clk_out2_pll rise edge)
                                                      0.000     0.000 r  
    AD12                                              0.000     0.000 r  i_sys_clk_p (IN)
                         net (fo=0)                   0.000     0.000    pll_inst/inst/clk_in1_p
    AD12                 IBUFDS (Prop_ibufds_I_O)     0.803     0.803 r  pll_inst/inst/clkin1_ibufgds/O
                         net (fo=1, routed)           0.986     1.789    pll_inst/inst/clk_in1_pll
    MMCME2_ADV_X1Y1      MMCME2_ADV (Prop_mmcme2_adv_CLKIN1_CLKOUT1)
                                                     -6.759    -4.970 r  pll_inst/inst/mmcm_adv_inst/CLKOUT1
                         net (fo=1, routed)           2.005    -2.965    pll_inst/inst/clk_out2_pll
    BUFGCTRL_X0Y0        BUFG (Prop_bufg_I_O)         0.083    -2.882 r  pll_inst/inst/clkout2_buf/O
                         net (fo=33272, routed)       1.164    -1.718    student_top_inst/mem_bridge/clk
    SLICE_X23Y199        FDRE                                         r  student_top_inst/mem_bridge/seg_wdata_q_reg[8]/C
  -------------------------------------------------------------------    -------------------
    SLICE_X23Y199        FDRE (Prop_fdre_C_Q)         0.178    -1.540 r  student_top_inst/mem_bridge/seg_wdata_q_reg[8]/Q
                         net (fo=2, routed)           0.392    -1.148    student_top_inst/mem_bridge/seg_wdata_q_reg_n_0_[8]
    SLICE_X11Y199        FDRE                                         r  student_top_inst/mem_bridge/seg_wdata_cnt_d1_reg[8]/D
  -------------------------------------------------------------------    -------------------

                         (clock clk_out1_pll rise edge)
                                                      0.000     0.000 r  
    AD12                                              0.000     0.000 r  i_sys_clk_p (IN)
                         net (fo=0)                   0.000     0.000    pll_inst/inst/clk_in1_p
    AD12                 IBUFDS (Prop_ibufds_I_O)     0.906     0.906 r  pll_inst/inst/clkin1_ibufgds/O
                         net (fo=1, routed)           1.081     1.987    pll_inst/inst/clk_in1_pll
    MMCME2_ADV_X1Y1      MMCME2_ADV (Prop_mmcme2_adv_CLKIN1_CLKOUT0)
                                                     -7.786    -5.799 r  pll_inst/inst/mmcm_adv_inst/CLKOUT0
                         net (fo=1, routed)           2.130    -3.669    pll_inst/inst/clk_out1_pll
    BUFGCTRL_X0Y1        BUFG (Prop_bufg_I_O)         0.093    -3.576 r  pll_inst/inst/clkout1_buf/O
                         net (fo=581, routed)         1.300    -2.276    student_top_inst/mem_bridge/cnt_clk
    SLICE_X11Y199        FDRE                                         r  student_top_inst/mem_bridge/seg_wdata_cnt_d1_reg[8]/C

Slack:                    inf
  Source:                 student_top_inst/mem_bridge/seg_wdata_q_reg[29]/C
                            (rising edge-triggered cell FDRE clocked by clk_out2_pll  {rise@0.000ns fall@5.000ns period=10.000ns})
  Destination:            student_top_inst/mem_bridge/seg_wdata_cnt_d1_reg[29]/D
                            (rising edge-triggered cell FDRE clocked by clk_out1_pll  {rise@0.000ns fall@10.000ns period=20.000ns})
  Path Group:             (none)
  Path Type:              Hold (Min at Slow Process Corner)
  Data Path Delay:        0.579ns  (logic 0.162ns (27.996%)  route 0.417ns (72.004%))
  Logic Levels:           0  
  Clock Path Skew:        -0.559ns (DCD - SCD - CPR)
    Destination Clock Delay (DCD):    -2.276ns
    Source Clock Delay      (SCD):    -1.718ns
    Clock Pessimism Removal (CPR):    -0.000ns
  Clock Uncertainty:      0.194ns  ((TSJ^2 + DJ^2)^1/2) / 2 + PE
    Total System Jitter     (TSJ):    0.071ns
    Discrete Jitter          (DJ):    0.129ns
    Phase Error              (PE):    0.120ns
  Timing Exception:       Asynchronous Clock Groups

    Location             Delay type                Incr(ns)  Path(ns)    Netlist Resource(s)
  -------------------------------------------------------------------    -------------------
                         (clock clk_out2_pll rise edge)
                                                      0.000     0.000 r  
    AD12                                              0.000     0.000 r  i_sys_clk_p (IN)
                         net (fo=0)                   0.000     0.000    pll_inst/inst/clk_in1_p
    AD12                 IBUFDS (Prop_ibufds_I_O)     0.803     0.803 r  pll_inst/inst/clkin1_ibufgds/O
                         net (fo=1, routed)           0.986     1.789    pll_inst/inst/clk_in1_pll
    MMCME2_ADV_X1Y1      MMCME2_ADV (Prop_mmcme2_adv_CLKIN1_CLKOUT1)
                                                     -6.759    -4.970 r  pll_inst/inst/mmcm_adv_inst/CLKOUT1
                         net (fo=1, routed)           2.005    -2.965    pll_inst/inst/clk_out2_pll
    BUFGCTRL_X0Y0        BUFG (Prop_bufg_I_O)         0.083    -2.882 r  pll_inst/inst/clkout2_buf/O
                         net (fo=33272, routed)       1.164    -1.718    student_top_inst/mem_bridge/clk
    SLICE_X23Y194        FDRE                                         r  student_top_inst/mem_bridge/seg_wdata_q_reg[29]/C
  -------------------------------------------------------------------    -------------------
    SLICE_X23Y194        FDRE (Prop_fdre_C_Q)         0.162    -1.556 r  student_top_inst/mem_bridge/seg_wdata_q_reg[29]/Q
                         net (fo=2, routed)           0.417    -1.139    student_top_inst/mem_bridge/seg_wdata_q_reg_n_0_[29]
    SLICE_X14Y197        FDRE                                         r  student_top_inst/mem_bridge/seg_wdata_cnt_d1_reg[29]/D
  -------------------------------------------------------------------    -------------------

                         (clock clk_out1_pll rise edge)
                                                      0.000     0.000 r  
    AD12                                              0.000     0.000 r  i_sys_clk_p (IN)
                         net (fo=0)                   0.000     0.000    pll_inst/inst/clk_in1_p
    AD12                 IBUFDS (Prop_ibufds_I_O)     0.906     0.906 r  pll_inst/inst/clkin1_ibufgds/O
                         net (fo=1, routed)           1.081     1.987    pll_inst/inst/clk_in1_pll
    MMCME2_ADV_X1Y1      MMCME2_ADV (Prop_mmcme2_adv_CLKIN1_CLKOUT0)
                                                     -7.786    -5.799 r  pll_inst/inst/mmcm_adv_inst/CLKOUT0
                         net (fo=1, routed)           2.130    -3.669    pll_inst/inst/clk_out1_pll
    BUFGCTRL_X0Y1        BUFG (Prop_bufg_I_O)         0.093    -3.576 r  pll_inst/inst/clkout1_buf/O
                         net (fo=581, routed)         1.300    -2.276    student_top_inst/mem_bridge/cnt_clk
    SLICE_X14Y197        FDRE                                         r  student_top_inst/mem_bridge/seg_wdata_cnt_d1_reg[29]/C

Slack:                    inf
  Source:                 student_top_inst/mem_bridge/cnt_enable_cfg_q_reg/C
                            (rising edge-triggered cell FDRE clocked by clk_out2_pll  {rise@0.000ns fall@5.000ns period=10.000ns})
  Destination:            student_top_inst/mem_bridge/counter_inst/cnt_enable_cnt_d1_reg/D
                            (rising edge-triggered cell FDRE clocked by clk_out1_pll  {rise@0.000ns fall@10.000ns period=20.000ns})
  Path Group:             (none)
  Path Type:              Hold (Min at Slow Process Corner)
  Data Path Delay:        0.591ns  (logic 0.178ns (30.106%)  route 0.413ns (69.894%))
  Logic Levels:           0  
  Clock Path Skew:        -0.551ns (DCD - SCD - CPR)
    Destination Clock Delay (DCD):    -2.276ns
    Source Clock Delay      (SCD):    -1.726ns
    Clock Pessimism Removal (CPR):    -0.000ns
  Clock Uncertainty:      0.194ns  ((TSJ^2 + DJ^2)^1/2) / 2 + PE
    Total System Jitter     (TSJ):    0.071ns
    Discrete Jitter          (DJ):    0.129ns
    Phase Error              (PE):    0.120ns
  Timing Exception:       Asynchronous Clock Groups

    Location             Delay type                Incr(ns)  Path(ns)    Netlist Resource(s)
  -------------------------------------------------------------------    -------------------
                         (clock clk_out2_pll rise edge)
                                                      0.000     0.000 r  
    AD12                                              0.000     0.000 r  i_sys_clk_p (IN)
                         net (fo=0)                   0.000     0.000    pll_inst/inst/clk_in1_p
    AD12                 IBUFDS (Prop_ibufds_I_O)     0.803     0.803 r  pll_inst/inst/clkin1_ibufgds/O
                         net (fo=1, routed)           0.986     1.789    pll_inst/inst/clk_in1_pll
    MMCME2_ADV_X1Y1      MMCME2_ADV (Prop_mmcme2_adv_CLKIN1_CLKOUT1)
                                                     -6.759    -4.970 r  pll_inst/inst/mmcm_adv_inst/CLKOUT1
                         net (fo=1, routed)           2.005    -2.965    pll_inst/inst/clk_out2_pll
    BUFGCTRL_X0Y0        BUFG (Prop_bufg_I_O)         0.083    -2.882 r  pll_inst/inst/clkout2_buf/O
                         net (fo=33272, routed)       1.156    -1.726    student_top_inst/mem_bridge/clk
    SLICE_X36Y195        FDRE                                         r  student_top_inst/mem_bridge/cnt_enable_cfg_q_reg/C
  -------------------------------------------------------------------    -------------------
    SLICE_X36Y195        FDRE (Prop_fdre_C_Q)         0.178    -1.548 r  student_top_inst/mem_bridge/cnt_enable_cfg_q_reg/Q
                         net (fo=2, routed)           0.413    -1.134    student_top_inst/mem_bridge/counter_inst/cnt_enable_cpu
    SLICE_X15Y195        FDRE                                         r  student_top_inst/mem_bridge/counter_inst/cnt_enable_cnt_d1_reg/D
  -------------------------------------------------------------------    -------------------

                         (clock clk_out1_pll rise edge)
                                                      0.000     0.000 r  
    AD12                                              0.000     0.000 r  i_sys_clk_p (IN)
                         net (fo=0)                   0.000     0.000    pll_inst/inst/clk_in1_p
    AD12                 IBUFDS (Prop_ibufds_I_O)     0.906     0.906 r  pll_inst/inst/clkin1_ibufgds/O
                         net (fo=1, routed)           1.081     1.987    pll_inst/inst/clk_in1_pll
    MMCME2_ADV_X1Y1      MMCME2_ADV (Prop_mmcme2_adv_CLKIN1_CLKOUT0)
                                                     -7.786    -5.799 r  pll_inst/inst/mmcm_adv_inst/CLKOUT0
                         net (fo=1, routed)           2.130    -3.669    pll_inst/inst/clk_out1_pll
    BUFGCTRL_X0Y1        BUFG (Prop_bufg_I_O)         0.093    -3.576 r  pll_inst/inst/clkout1_buf/O
                         net (fo=581, routed)         1.300    -2.276    student_top_inst/mem_bridge/counter_inst/cnt_clk
    SLICE_X15Y195        FDRE                                         r  student_top_inst/mem_bridge/counter_inst/cnt_enable_cnt_d1_reg/C

Slack:                    inf
  Source:                 student_top_inst/mem_bridge/seg_wdata_q_reg[9]/C
                            (rising edge-triggered cell FDRE clocked by clk_out2_pll  {rise@0.000ns fall@5.000ns period=10.000ns})
  Destination:            student_top_inst/mem_bridge/seg_wdata_cnt_d1_reg[9]/D
                            (rising edge-triggered cell FDRE clocked by clk_out1_pll  {rise@0.000ns fall@10.000ns period=20.000ns})
  Path Group:             (none)
  Path Type:              Hold (Min at Slow Process Corner)
  Data Path Delay:        0.596ns  (logic 0.178ns (29.841%)  route 0.418ns (70.159%))
  Logic Levels:           0  
  Clock Path Skew:        -0.551ns (DCD - SCD - CPR)
    Destination Clock Delay (DCD):    -2.276ns
    Source Clock Delay      (SCD):    -1.726ns
    Clock Pessimism Removal (CPR):    -0.000ns
  Clock Uncertainty:      0.194ns  ((TSJ^2 + DJ^2)^1/2) / 2 + PE
    Total System Jitter     (TSJ):    0.071ns
    Discrete Jitter          (DJ):    0.129ns
    Phase Error              (PE):    0.120ns
  Timing Exception:       Asynchronous Clock Groups

    Location             Delay type                Incr(ns)  Path(ns)    Netlist Resource(s)
  -------------------------------------------------------------------    -------------------
                         (clock clk_out2_pll rise edge)
                                                      0.000     0.000 r  
    AD12                                              0.000     0.000 r  i_sys_clk_p (IN)
                         net (fo=0)                   0.000     0.000    pll_inst/inst/clk_in1_p
    AD12                 IBUFDS (Prop_ibufds_I_O)     0.803     0.803 r  pll_inst/inst/clkin1_ibufgds/O
                         net (fo=1, routed)           0.986     1.789    pll_inst/inst/clk_in1_pll
    MMCME2_ADV_X1Y1      MMCME2_ADV (Prop_mmcme2_adv_CLKIN1_CLKOUT1)
                                                     -6.759    -4.970 r  pll_inst/inst/mmcm_adv_inst/CLKOUT1
                         net (fo=1, routed)           2.005    -2.965    pll_inst/inst/clk_out2_pll
    BUFGCTRL_X0Y0        BUFG (Prop_bufg_I_O)         0.083    -2.882 r  pll_inst/inst/clkout2_buf/O
                         net (fo=33272, routed)       1.156    -1.726    student_top_inst/mem_bridge/clk
    SLICE_X36Y197        FDRE                                         r  student_top_inst/mem_bridge/seg_wdata_q_reg[9]/C
  -------------------------------------------------------------------    -------------------
    SLICE_X36Y197        FDRE (Prop_fdre_C_Q)         0.178    -1.548 r  student_top_inst/mem_bridge/seg_wdata_q_reg[9]/Q
                         net (fo=2, routed)           0.418    -1.129    student_top_inst/mem_bridge/seg_wdata_q_reg_n_0_[9]
    SLICE_X15Y199        FDRE                                         r  student_top_inst/mem_bridge/seg_wdata_cnt_d1_reg[9]/D
  -------------------------------------------------------------------    -------------------

                         (clock clk_out1_pll rise edge)
                                                      0.000     0.000 r  
    AD12                                              0.000     0.000 r  i_sys_clk_p (IN)
                         net (fo=0)                   0.000     0.000    pll_inst/inst/clk_in1_p
    AD12                 IBUFDS (Prop_ibufds_I_O)     0.906     0.906 r  pll_inst/inst/clkin1_ibufgds/O
                         net (fo=1, routed)           1.081     1.987    pll_inst/inst/clk_in1_pll
    MMCME2_ADV_X1Y1      MMCME2_ADV (Prop_mmcme2_adv_CLKIN1_CLKOUT0)
                                                     -7.786    -5.799 r  pll_inst/inst/mmcm_adv_inst/CLKOUT0
                         net (fo=1, routed)           2.130    -3.669    pll_inst/inst/clk_out1_pll
    BUFGCTRL_X0Y1        BUFG (Prop_bufg_I_O)         0.093    -3.576 r  pll_inst/inst/clkout1_buf/O
                         net (fo=581, routed)         1.300    -2.276    student_top_inst/mem_bridge/cnt_clk
    SLICE_X15Y199        FDRE                                         r  student_top_inst/mem_bridge/seg_wdata_cnt_d1_reg[9]/C

Slack:                    inf
  Source:                 student_top_inst/mem_bridge/seg_wdata_q_reg[23]/C
                            (rising edge-triggered cell FDRE clocked by clk_out2_pll  {rise@0.000ns fall@5.000ns period=10.000ns})
  Destination:            student_top_inst/mem_bridge/seg_wdata_cnt_d1_reg[23]/D
                            (rising edge-triggered cell FDRE clocked by clk_out1_pll  {rise@0.000ns fall@10.000ns period=20.000ns})
  Path Group:             (none)
  Path Type:              Hold (Min at Slow Process Corner)
  Data Path Delay:        0.593ns  (logic 0.178ns (30.015%)  route 0.415ns (69.985%))
  Logic Levels:           0  
  Clock Path Skew:        -0.560ns (DCD - SCD - CPR)
    Destination Clock Delay (DCD):    -2.278ns
    Source Clock Delay      (SCD):    -1.719ns
    Clock Pessimism Removal (CPR):    -0.000ns
  Clock Uncertainty:      0.194ns  ((TSJ^2 + DJ^2)^1/2) / 2 + PE
    Total System Jitter     (TSJ):    0.071ns
    Discrete Jitter          (DJ):    0.129ns
    Phase Error              (PE):    0.120ns
  Timing Exception:       Asynchronous Clock Groups

    Location             Delay type                Incr(ns)  Path(ns)    Netlist Resource(s)
  -------------------------------------------------------------------    -------------------
                         (clock clk_out2_pll rise edge)
                                                      0.000     0.000 r  
    AD12                                              0.000     0.000 r  i_sys_clk_p (IN)
                         net (fo=0)                   0.000     0.000    pll_inst/inst/clk_in1_p
    AD12                 IBUFDS (Prop_ibufds_I_O)     0.803     0.803 r  pll_inst/inst/clkin1_ibufgds/O
                         net (fo=1, routed)           0.986     1.789    pll_inst/inst/clk_in1_pll
    MMCME2_ADV_X1Y1      MMCME2_ADV (Prop_mmcme2_adv_CLKIN1_CLKOUT1)
                                                     -6.759    -4.970 r  pll_inst/inst/mmcm_adv_inst/CLKOUT1
                         net (fo=1, routed)           2.005    -2.965    pll_inst/inst/clk_out2_pll
    BUFGCTRL_X0Y0        BUFG (Prop_bufg_I_O)         0.083    -2.882 r  pll_inst/inst/clkout2_buf/O
                         net (fo=33272, routed)       1.163    -1.719    student_top_inst/mem_bridge/clk
    SLICE_X23Y192        FDRE                                         r  student_top_inst/mem_bridge/seg_wdata_q_reg[23]/C
  -------------------------------------------------------------------    -------------------
    SLICE_X23Y192        FDRE (Prop_fdre_C_Q)         0.178    -1.541 r  student_top_inst/mem_bridge/seg_wdata_q_reg[23]/Q
                         net (fo=2, routed)           0.415    -1.126    student_top_inst/mem_bridge/seg_wdata_q_reg_n_0_[23]
    SLICE_X13Y191        FDRE                                         r  student_top_inst/mem_bridge/seg_wdata_cnt_d1_reg[23]/D
  -------------------------------------------------------------------    -------------------

                         (clock clk_out1_pll rise edge)
                                                      0.000     0.000 r  
    AD12                                              0.000     0.000 r  i_sys_clk_p (IN)
                         net (fo=0)                   0.000     0.000    pll_inst/inst/clk_in1_p
    AD12                 IBUFDS (Prop_ibufds_I_O)     0.906     0.906 r  pll_inst/inst/clkin1_ibufgds/O
                         net (fo=1, routed)           1.081     1.987    pll_inst/inst/clk_in1_pll
    MMCME2_ADV_X1Y1      MMCME2_ADV (Prop_mmcme2_adv_CLKIN1_CLKOUT0)
                                                     -7.786    -5.799 r  pll_inst/inst/mmcm_adv_inst/CLKOUT0
                         net (fo=1, routed)           2.130    -3.669    pll_inst/inst/clk_out1_pll
    BUFGCTRL_X0Y1        BUFG (Prop_bufg_I_O)         0.093    -3.576 r  pll_inst/inst/clkout1_buf/O
                         net (fo=581, routed)         1.298    -2.278    student_top_inst/mem_bridge/cnt_clk
    SLICE_X13Y191        FDRE                                         r  student_top_inst/mem_bridge/seg_wdata_cnt_d1_reg[23]/C





--------------------------------------------------------------------------------------
Path Group:  (none)
From Clock:  clk_out1_pll
  To Clock:  clk_out2_pll

Max Delay           104 Endpoints
Min Delay           104 Endpoints
--------------------------------------------------------------------------------------


Max Delay Paths
--------------------------------------------------------------------------------------
Slack:                    inf
  Source:                 twin_controller_inst/sw_reg[25]/C
                            (rising edge-triggered cell FDCE clocked by clk_out1_pll  {rise@0.000ns fall@10.000ns period=20.000ns})
  Destination:            student_top_inst/virtual_sw_cpu_d1_reg[25]/D
                            (rising edge-triggered cell FDRE clocked by clk_out2_pll  {rise@0.000ns fall@5.000ns period=10.000ns})
  Path Group:             (none)
  Path Type:              Setup (Max at Fast Process Corner)
  Data Path Delay:        0.856ns  (logic 0.147ns (17.166%)  route 0.709ns (82.834%))
  Logic Levels:           0  
  Clock Path Skew:        0.018ns (DCD - SCD + CPR)
    Destination Clock Delay (DCD):    -0.591ns
    Source Clock Delay      (SCD):    -0.608ns
    Clock Pessimism Removal (CPR):    0.000ns
  Clock Uncertainty:      0.194ns  ((TSJ^2 + DJ^2)^1/2) / 2 + PE
    Total System Jitter     (TSJ):    0.071ns
    Discrete Jitter          (DJ):    0.129ns
    Phase Error              (PE):    0.120ns
  Timing Exception:       Asynchronous Clock Groups

    Location             Delay type                Incr(ns)  Path(ns)    Netlist Resource(s)
  -------------------------------------------------------------------    -------------------
                         (clock clk_out1_pll rise edge)
                                                      0.000     0.000 r  
    AD12                                              0.000     0.000 r  i_sys_clk_p (IN)
                         net (fo=0)                   0.000     0.000    pll_inst/inst/clk_in1_p
    AD12                 IBUFDS (Prop_ibufds_I_O)     0.470     0.470 r  pll_inst/inst/clkin1_ibufgds/O
                         net (fo=1, routed)           0.553     1.023    pll_inst/inst/clk_in1_pll
    MMCME2_ADV_X1Y1      MMCME2_ADV (Prop_mmcme2_adv_CLKIN1_CLKOUT0)
                                                     -3.493    -2.470 r  pll_inst/inst/mmcm_adv_inst/CLKOUT0
                         net (fo=1, routed)           1.007    -1.463    pll_inst/inst/clk_out1_pll
    BUFGCTRL_X0Y1        BUFG (Prop_bufg_I_O)         0.030    -1.433 r  pll_inst/inst/clkout1_buf/O
                         net (fo=581, routed)         0.825    -0.608    twin_controller_inst/clk
    SLICE_X2Y198         FDCE                                         r  twin_controller_inst/sw_reg[25]/C
  -------------------------------------------------------------------    -------------------
    SLICE_X2Y198         FDCE (Prop_fdce_C_Q)         0.147    -0.461 r  twin_controller_inst/sw_reg[25]/Q
                         net (fo=3, routed)           0.709     0.248    student_top_inst/virtual_sw[25]
    SLICE_X12Y197        FDRE                                         r  student_top_inst/virtual_sw_cpu_d1_reg[25]/D
  -------------------------------------------------------------------    -------------------

                         (clock clk_out2_pll rise edge)
                                                      0.000     0.000 r  
    AD12                                              0.000     0.000 r  i_sys_clk_p (IN)
                         net (fo=0)                   0.000     0.000    pll_inst/inst/clk_in1_p
    AD12                 IBUFDS (Prop_ibufds_I_O)     0.388     0.388 r  pll_inst/inst/clkin1_ibufgds/O
                         net (fo=1, routed)           0.503     0.891    pll_inst/inst/clk_in1_pll
    MMCME2_ADV_X1Y1      MMCME2_ADV (Prop_mmcme2_adv_CLKIN1_CLKOUT1)
                                                     -3.040    -2.149 r  pll_inst/inst/mmcm_adv_inst/CLKOUT1
                         net (fo=1, routed)           0.940    -1.209    pll_inst/inst/clk_out2_pll
    BUFGCTRL_X0Y0        BUFG (Prop_bufg_I_O)         0.026    -1.183 r  pll_inst/inst/clkout2_buf/O
                         net (fo=33272, routed)       0.592    -0.591    student_top_inst/w_cpu_clk
    SLICE_X12Y197        FDRE                                         r  student_top_inst/virtual_sw_cpu_d1_reg[25]/C

Slack:                    inf
  Source:                 student_top_inst/mem_bridge/counter_inst/cnt_ms_bin_reg[26]/C
                            (rising edge-triggered cell FDRE clocked by clk_out1_pll  {rise@0.000ns fall@10.000ns period=20.000ns})
  Destination:            student_top_inst/mem_bridge/counter_inst/cnt_gray_cpu_d1_reg[26]/D
                            (rising edge-triggered cell FDRE clocked by clk_out2_pll  {rise@0.000ns fall@5.000ns period=10.000ns})
  Path Group:             (none)
  Path Type:              Setup (Max at Fast Process Corner)
  Data Path Delay:        0.697ns  (logic 0.159ns (22.818%)  route 0.538ns (77.182%))
  Logic Levels:           1  (LUT2=1)
  Clock Path Skew:        0.050ns (DCD - SCD + CPR)
    Destination Clock Delay (DCD):    -0.593ns
    Source Clock Delay      (SCD):    -0.642ns
    Clock Pessimism Removal (CPR):    0.000ns
  Clock Uncertainty:      0.194ns  ((TSJ^2 + DJ^2)^1/2) / 2 + PE
    Total System Jitter     (TSJ):    0.071ns
    Discrete Jitter          (DJ):    0.129ns
    Phase Error              (PE):    0.120ns
  Timing Exception:       Asynchronous Clock Groups

    Location             Delay type                Incr(ns)  Path(ns)    Netlist Resource(s)
  -------------------------------------------------------------------    -------------------
                         (clock clk_out1_pll rise edge)
                                                      0.000     0.000 r  
    AD12                                              0.000     0.000 r  i_sys_clk_p (IN)
                         net (fo=0)                   0.000     0.000    pll_inst/inst/clk_in1_p
    AD12                 IBUFDS (Prop_ibufds_I_O)     0.470     0.470 r  pll_inst/inst/clkin1_ibufgds/O
                         net (fo=1, routed)           0.553     1.023    pll_inst/inst/clk_in1_pll
    MMCME2_ADV_X1Y1      MMCME2_ADV (Prop_mmcme2_adv_CLKIN1_CLKOUT0)
                                                     -3.493    -2.470 r  pll_inst/inst/mmcm_adv_inst/CLKOUT0
                         net (fo=1, routed)           1.007    -1.463    pll_inst/inst/clk_out1_pll
    BUFGCTRL_X0Y1        BUFG (Prop_bufg_I_O)         0.030    -1.433 r  pll_inst/inst/clkout1_buf/O
                         net (fo=581, routed)         0.791    -0.642    student_top_inst/mem_bridge/counter_inst/cnt_clk
    SLICE_X17Y196        FDRE                                         r  student_top_inst/mem_bridge/counter_inst/cnt_ms_bin_reg[26]/C
  -------------------------------------------------------------------    -------------------
    SLICE_X17Y196        FDRE (Prop_fdre_C_Q)         0.124    -0.518 r  student_top_inst/mem_bridge/counter_inst/cnt_ms_bin_reg[26]/Q
                         net (fo=3, routed)           0.308    -0.211    student_top_inst/mem_bridge/counter_inst/cnt_ms_bin_reg__0[26]
    SLICE_X16Y196        LUT2 (Prop_lut2_I1_O)        0.035    -0.176 r  student_top_inst/mem_bridge/counter_inst/cnt_gray_cpu_d1[26]_i_1/O
                         net (fo=1, routed)           0.230     0.054    student_top_inst/mem_bridge/counter_inst/cnt_ms_gray[26]
    SLICE_X21Y197        FDRE                                         r  student_top_inst/mem_bridge/counter_inst/cnt_gray_cpu_d1_reg[26]/D
  -------------------------------------------------------------------    -------------------

                         (clock clk_out2_pll rise edge)
                                                      0.000     0.000 r  
    AD12                                              0.000     0.000 r  i_sys_clk_p (IN)
                         net (fo=0)                   0.000     0.000    pll_inst/inst/clk_in1_p
    AD12                 IBUFDS (Prop_ibufds_I_O)     0.388     0.388 r  pll_inst/inst/clkin1_ibufgds/O
                         net (fo=1, routed)           0.503     0.891    pll_inst/inst/clk_in1_pll
    MMCME2_ADV_X1Y1      MMCME2_ADV (Prop_mmcme2_adv_CLKIN1_CLKOUT1)
                                                     -3.040    -2.149 r  pll_inst/inst/mmcm_adv_inst/CLKOUT1
                         net (fo=1, routed)           0.940    -1.209    pll_inst/inst/clk_out2_pll
    BUFGCTRL_X0Y0        BUFG (Prop_bufg_I_O)         0.026    -1.183 r  pll_inst/inst/clkout2_buf/O
                         net (fo=33272, routed)       0.590    -0.593    student_top_inst/mem_bridge/counter_inst/cpu_clk
    SLICE_X21Y197        FDRE                                         r  student_top_inst/mem_bridge/counter_inst/cnt_gray_cpu_d1_reg[26]/C

Slack:                    inf
  Source:                 student_top_inst/mem_bridge/counter_inst/cnt_ms_bin_reg[18]/C
                            (rising edge-triggered cell FDRE clocked by clk_out1_pll  {rise@0.000ns fall@10.000ns period=20.000ns})
  Destination:            student_top_inst/mem_bridge/counter_inst/cnt_gray_cpu_d1_reg[17]/D
                            (rising edge-triggered cell FDRE clocked by clk_out2_pll  {rise@0.000ns fall@5.000ns period=10.000ns})
  Path Group:             (none)
  Path Type:              Setup (Max at Fast Process Corner)
  Data Path Delay:        0.691ns  (logic 0.161ns (23.306%)  route 0.530ns (76.694%))
  Logic Levels:           1  (LUT2=1)
  Clock Path Skew:        0.051ns (DCD - SCD + CPR)
    Destination Clock Delay (DCD):    -0.592ns
    Source Clock Delay      (SCD):    -0.642ns
    Clock Pessimism Removal (CPR):    0.000ns
  Clock Uncertainty:      0.194ns  ((TSJ^2 + DJ^2)^1/2) / 2 + PE
    Total System Jitter     (TSJ):    0.071ns
    Discrete Jitter          (DJ):    0.129ns
    Phase Error              (PE):    0.120ns
  Timing Exception:       Asynchronous Clock Groups

    Location             Delay type                Incr(ns)  Path(ns)    Netlist Resource(s)
  -------------------------------------------------------------------    -------------------
                         (clock clk_out1_pll rise edge)
                                                      0.000     0.000 r  
    AD12                                              0.000     0.000 r  i_sys_clk_p (IN)
                         net (fo=0)                   0.000     0.000    pll_inst/inst/clk_in1_p
    AD12                 IBUFDS (Prop_ibufds_I_O)     0.470     0.470 r  pll_inst/inst/clkin1_ibufgds/O
                         net (fo=1, routed)           0.553     1.023    pll_inst/inst/clk_in1_pll
    MMCME2_ADV_X1Y1      MMCME2_ADV (Prop_mmcme2_adv_CLKIN1_CLKOUT0)
                                                     -3.493    -2.470 r  pll_inst/inst/mmcm_adv_inst/CLKOUT0
                         net (fo=1, routed)           1.007    -1.463    pll_inst/inst/clk_out1_pll
    BUFGCTRL_X0Y1        BUFG (Prop_bufg_I_O)         0.030    -1.433 r  pll_inst/inst/clkout1_buf/O
                         net (fo=581, routed)         0.791    -0.642    student_top_inst/mem_bridge/counter_inst/cnt_clk
    SLICE_X17Y194        FDRE                                         r  student_top_inst/mem_bridge/counter_inst/cnt_ms_bin_reg[18]/C
  -------------------------------------------------------------------    -------------------
    SLICE_X17Y194        FDRE (Prop_fdre_C_Q)         0.124    -0.518 r  student_top_inst/mem_bridge/counter_inst/cnt_ms_bin_reg[18]/Q
                         net (fo=3, routed)           0.308    -0.211    student_top_inst/mem_bridge/counter_inst/cnt_ms_bin_reg__0[18]
    SLICE_X16Y194        LUT2 (Prop_lut2_I0_O)        0.037    -0.174 r  student_top_inst/mem_bridge/counter_inst/cnt_gray_cpu_d1[17]_i_1/O
                         net (fo=1, routed)           0.222     0.048    student_top_inst/mem_bridge/counter_inst/cnt_ms_gray[17]
    SLICE_X15Y194        FDRE                                         r  student_top_inst/mem_bridge/counter_inst/cnt_gray_cpu_d1_reg[17]/D
  -------------------------------------------------------------------    -------------------

                         (clock clk_out2_pll rise edge)
                                                      0.000     0.000 r  
    AD12                                              0.000     0.000 r  i_sys_clk_p (IN)
                         net (fo=0)                   0.000     0.000    pll_inst/inst/clk_in1_p
    AD12                 IBUFDS (Prop_ibufds_I_O)     0.388     0.388 r  pll_inst/inst/clkin1_ibufgds/O
                         net (fo=1, routed)           0.503     0.891    pll_inst/inst/clk_in1_pll
    MMCME2_ADV_X1Y1      MMCME2_ADV (Prop_mmcme2_adv_CLKIN1_CLKOUT1)
                                                     -3.040    -2.149 r  pll_inst/inst/mmcm_adv_inst/CLKOUT1
                         net (fo=1, routed)           0.940    -1.209    pll_inst/inst/clk_out2_pll
    BUFGCTRL_X0Y0        BUFG (Prop_bufg_I_O)         0.026    -1.183 r  pll_inst/inst/clkout2_buf/O
                         net (fo=33272, routed)       0.591    -0.592    student_top_inst/mem_bridge/counter_inst/cpu_clk
    SLICE_X15Y194        FDRE                                         r  student_top_inst/mem_bridge/counter_inst/cnt_gray_cpu_d1_reg[17]/C

Slack:                    inf
  Source:                 student_top_inst/mem_bridge/counter_inst/cnt_ms_bin_reg[2]/C
                            (rising edge-triggered cell FDRE clocked by clk_out1_pll  {rise@0.000ns fall@10.000ns period=20.000ns})
  Destination:            student_top_inst/mem_bridge/counter_inst/cnt_gray_cpu_d1_reg[1]/D
                            (rising edge-triggered cell FDRE clocked by clk_out2_pll  {rise@0.000ns fall@5.000ns period=10.000ns})
  Path Group:             (none)
  Path Type:              Setup (Max at Fast Process Corner)
  Data Path Delay:        0.688ns  (logic 0.157ns (22.815%)  route 0.531ns (77.185%))
  Logic Levels:           1  (LUT2=1)
  Clock Path Skew:        0.050ns (DCD - SCD + CPR)
    Destination Clock Delay (DCD):    -0.594ns
    Source Clock Delay      (SCD):    -0.643ns
    Clock Pessimism Removal (CPR):    0.000ns
  Clock Uncertainty:      0.194ns  ((TSJ^2 + DJ^2)^1/2) / 2 + PE
    Total System Jitter     (TSJ):    0.071ns
    Discrete Jitter          (DJ):    0.129ns
    Phase Error              (PE):    0.120ns
  Timing Exception:       Asynchronous Clock Groups

    Location             Delay type                Incr(ns)  Path(ns)    Netlist Resource(s)
  -------------------------------------------------------------------    -------------------
                         (clock clk_out1_pll rise edge)
                                                      0.000     0.000 r  
    AD12                                              0.000     0.000 r  i_sys_clk_p (IN)
                         net (fo=0)                   0.000     0.000    pll_inst/inst/clk_in1_p
    AD12                 IBUFDS (Prop_ibufds_I_O)     0.470     0.470 r  pll_inst/inst/clkin1_ibufgds/O
                         net (fo=1, routed)           0.553     1.023    pll_inst/inst/clk_in1_pll
    MMCME2_ADV_X1Y1      MMCME2_ADV (Prop_mmcme2_adv_CLKIN1_CLKOUT0)
                                                     -3.493    -2.470 r  pll_inst/inst/mmcm_adv_inst/CLKOUT0
                         net (fo=1, routed)           1.007    -1.463    pll_inst/inst/clk_out1_pll
    BUFGCTRL_X0Y1        BUFG (Prop_bufg_I_O)         0.030    -1.433 r  pll_inst/inst/clkout1_buf/O
                         net (fo=581, routed)         0.790    -0.643    student_top_inst/mem_bridge/counter_inst/cnt_clk
    SLICE_X17Y190        FDRE                                         r  student_top_inst/mem_bridge/counter_inst/cnt_ms_bin_reg[2]/C
  -------------------------------------------------------------------    -------------------
    SLICE_X17Y190        FDRE (Prop_fdre_C_Q)         0.124    -0.519 r  student_top_inst/mem_bridge/counter_inst/cnt_ms_bin_reg[2]/Q
                         net (fo=3, routed)           0.293    -0.227    student_top_inst/mem_bridge/counter_inst/cnt_ms_bin_reg__0[2]
    SLICE_X18Y190        LUT2 (Prop_lut2_I0_O)        0.033    -0.194 r  student_top_inst/mem_bridge/counter_inst/cnt_gray_cpu_d1[1]_i_1/O
                         net (fo=1, routed)           0.239     0.045    student_top_inst/mem_bridge/counter_inst/cnt_ms_gray[1]
    SLICE_X18Y191        FDRE                                         r  student_top_inst/mem_bridge/counter_inst/cnt_gray_cpu_d1_reg[1]/D
  -------------------------------------------------------------------    -------------------

                         (clock clk_out2_pll rise edge)
                                                      0.000     0.000 r  
    AD12                                              0.000     0.000 r  i_sys_clk_p (IN)
                         net (fo=0)                   0.000     0.000    pll_inst/inst/clk_in1_p
    AD12                 IBUFDS (Prop_ibufds_I_O)     0.388     0.388 r  pll_inst/inst/clkin1_ibufgds/O
                         net (fo=1, routed)           0.503     0.891    pll_inst/inst/clk_in1_pll
    MMCME2_ADV_X1Y1      MMCME2_ADV (Prop_mmcme2_adv_CLKIN1_CLKOUT1)
                                                     -3.040    -2.149 r  pll_inst/inst/mmcm_adv_inst/CLKOUT1
                         net (fo=1, routed)           0.940    -1.209    pll_inst/inst/clk_out2_pll
    BUFGCTRL_X0Y0        BUFG (Prop_bufg_I_O)         0.026    -1.183 r  pll_inst/inst/clkout2_buf/O
                         net (fo=33272, routed)       0.589    -0.594    student_top_inst/mem_bridge/counter_inst/cpu_clk
    SLICE_X18Y191        FDRE                                         r  student_top_inst/mem_bridge/counter_inst/cnt_gray_cpu_d1_reg[1]/C

Slack:                    inf
  Source:                 twin_controller_inst/sw_reg[50]/C
                            (rising edge-triggered cell FDCE clocked by clk_out1_pll  {rise@0.000ns fall@10.000ns period=20.000ns})
  Destination:            student_top_inst/virtual_sw_cpu_d1_reg[50]/D
                            (rising edge-triggered cell FDRE clocked by clk_out2_pll  {rise@0.000ns fall@5.000ns period=10.000ns})
  Path Group:             (none)
  Path Type:              Setup (Max at Fast Process Corner)
  Data Path Delay:        0.643ns  (logic 0.147ns (22.859%)  route 0.496ns (77.141%))
  Logic Levels:           0  
  Clock Path Skew:        0.018ns (DCD - SCD + CPR)
    Destination Clock Delay (DCD):    -0.592ns
    Source Clock Delay      (SCD):    -0.609ns
    Clock Pessimism Removal (CPR):    0.000ns
  Clock Uncertainty:      0.194ns  ((TSJ^2 + DJ^2)^1/2) / 2 + PE
    Total System Jitter     (TSJ):    0.071ns
    Discrete Jitter          (DJ):    0.129ns
    Phase Error              (PE):    0.120ns
  Timing Exception:       Asynchronous Clock Groups

    Location             Delay type                Incr(ns)  Path(ns)    Netlist Resource(s)
  -------------------------------------------------------------------    -------------------
                         (clock clk_out1_pll rise edge)
                                                      0.000     0.000 r  
    AD12                                              0.000     0.000 r  i_sys_clk_p (IN)
                         net (fo=0)                   0.000     0.000    pll_inst/inst/clk_in1_p
    AD12                 IBUFDS (Prop_ibufds_I_O)     0.470     0.470 r  pll_inst/inst/clkin1_ibufgds/O
                         net (fo=1, routed)           0.553     1.023    pll_inst/inst/clk_in1_pll
    MMCME2_ADV_X1Y1      MMCME2_ADV (Prop_mmcme2_adv_CLKIN1_CLKOUT0)
                                                     -3.493    -2.470 r  pll_inst/inst/mmcm_adv_inst/CLKOUT0
                         net (fo=1, routed)           1.007    -1.463    pll_inst/inst/clk_out1_pll
    BUFGCTRL_X0Y1        BUFG (Prop_bufg_I_O)         0.030    -1.433 r  pll_inst/inst/clkout1_buf/O
                         net (fo=581, routed)         0.824    -0.609    twin_controller_inst/clk
    SLICE_X6Y199         FDCE                                         r  twin_controller_inst/sw_reg[50]/C
  -------------------------------------------------------------------    -------------------
    SLICE_X6Y199         FDCE (Prop_fdce_C_Q)         0.147    -0.462 r  twin_controller_inst/sw_reg[50]/Q
                         net (fo=3, routed)           0.496     0.034    student_top_inst/virtual_sw[50]
    SLICE_X10Y194        FDRE                                         r  student_top_inst/virtual_sw_cpu_d1_reg[50]/D
  -------------------------------------------------------------------    -------------------

                         (clock clk_out2_pll rise edge)
                                                      0.000     0.000 r  
    AD12                                              0.000     0.000 r  i_sys_clk_p (IN)
                         net (fo=0)                   0.000     0.000    pll_inst/inst/clk_in1_p
    AD12                 IBUFDS (Prop_ibufds_I_O)     0.388     0.388 r  pll_inst/inst/clkin1_ibufgds/O
                         net (fo=1, routed)           0.503     0.891    pll_inst/inst/clk_in1_pll
    MMCME2_ADV_X1Y1      MMCME2_ADV (Prop_mmcme2_adv_CLKIN1_CLKOUT1)
                                                     -3.040    -2.149 r  pll_inst/inst/mmcm_adv_inst/CLKOUT1
                         net (fo=1, routed)           0.940    -1.209    pll_inst/inst/clk_out2_pll
    BUFGCTRL_X0Y0        BUFG (Prop_bufg_I_O)         0.026    -1.183 r  pll_inst/inst/clkout2_buf/O
                         net (fo=33272, routed)       0.591    -0.592    student_top_inst/w_cpu_clk
    SLICE_X10Y194        FDRE                                         r  student_top_inst/virtual_sw_cpu_d1_reg[50]/C

Slack:                    inf
  Source:                 student_top_inst/mem_bridge/counter_inst/cnt_ms_bin_reg[2]/C
                            (rising edge-triggered cell FDRE clocked by clk_out1_pll  {rise@0.000ns fall@10.000ns period=20.000ns})
  Destination:            student_top_inst/mem_bridge/counter_inst/cnt_gray_cpu_d1_reg[2]/D
                            (rising edge-triggered cell FDRE clocked by clk_out2_pll  {rise@0.000ns fall@5.000ns period=10.000ns})
  Path Group:             (none)
  Path Type:              Setup (Max at Fast Process Corner)
  Data Path Delay:        0.659ns  (logic 0.159ns (24.135%)  route 0.500ns (75.865%))
  Logic Levels:           1  (LUT2=1)
  Clock Path Skew:        0.050ns (DCD - SCD + CPR)
    Destination Clock Delay (DCD):    -0.594ns
    Source Clock Delay      (SCD):    -0.643ns
    Clock Pessimism Removal (CPR):    0.000ns
  Clock Uncertainty:      0.194ns  ((TSJ^2 + DJ^2)^1/2) / 2 + PE
    Total System Jitter     (TSJ):    0.071ns
    Discrete Jitter          (DJ):    0.129ns
    Phase Error              (PE):    0.120ns
  Timing Exception:       Asynchronous Clock Groups

    Location             Delay type                Incr(ns)  Path(ns)    Netlist Resource(s)
  -------------------------------------------------------------------    -------------------
                         (clock clk_out1_pll rise edge)
                                                      0.000     0.000 r  
    AD12                                              0.000     0.000 r  i_sys_clk_p (IN)
                         net (fo=0)                   0.000     0.000    pll_inst/inst/clk_in1_p
    AD12                 IBUFDS (Prop_ibufds_I_O)     0.470     0.470 r  pll_inst/inst/clkin1_ibufgds/O
                         net (fo=1, routed)           0.553     1.023    pll_inst/inst/clk_in1_pll
    MMCME2_ADV_X1Y1      MMCME2_ADV (Prop_mmcme2_adv_CLKIN1_CLKOUT0)
                                                     -3.493    -2.470 r  pll_inst/inst/mmcm_adv_inst/CLKOUT0
                         net (fo=1, routed)           1.007    -1.463    pll_inst/inst/clk_out1_pll
    BUFGCTRL_X0Y1        BUFG (Prop_bufg_I_O)         0.030    -1.433 r  pll_inst/inst/clkout1_buf/O
                         net (fo=581, routed)         0.790    -0.643    student_top_inst/mem_bridge/counter_inst/cnt_clk
    SLICE_X17Y190        FDRE                                         r  student_top_inst/mem_bridge/counter_inst/cnt_ms_bin_reg[2]/C
  -------------------------------------------------------------------    -------------------
    SLICE_X17Y190        FDRE (Prop_fdre_C_Q)         0.124    -0.519 r  student_top_inst/mem_bridge/counter_inst/cnt_ms_bin_reg[2]/Q
                         net (fo=3, routed)           0.345    -0.175    student_top_inst/mem_bridge/counter_inst/cnt_ms_bin_reg__0[2]
    SLICE_X18Y191        LUT2 (Prop_lut2_I1_O)        0.035    -0.140 r  student_top_inst/mem_bridge/counter_inst/cnt_gray_cpu_d1[2]_i_1/O
                         net (fo=1, routed)           0.155     0.015    student_top_inst/mem_bridge/counter_inst/cnt_ms_gray[2]
    SLICE_X19Y191        FDRE                                         r  student_top_inst/mem_bridge/counter_inst/cnt_gray_cpu_d1_reg[2]/D
  -------------------------------------------------------------------    -------------------

                         (clock clk_out2_pll rise edge)
                                                      0.000     0.000 r  
    AD12                                              0.000     0.000 r  i_sys_clk_p (IN)
                         net (fo=0)                   0.000     0.000    pll_inst/inst/clk_in1_p
    AD12                 IBUFDS (Prop_ibufds_I_O)     0.388     0.388 r  pll_inst/inst/clkin1_ibufgds/O
                         net (fo=1, routed)           0.503     0.891    pll_inst/inst/clk_in1_pll
    MMCME2_ADV_X1Y1      MMCME2_ADV (Prop_mmcme2_adv_CLKIN1_CLKOUT1)
                                                     -3.040    -2.149 r  pll_inst/inst/mmcm_adv_inst/CLKOUT1
                         net (fo=1, routed)           0.940    -1.209    pll_inst/inst/clk_out2_pll
    BUFGCTRL_X0Y0        BUFG (Prop_bufg_I_O)         0.026    -1.183 r  pll_inst/inst/clkout2_buf/O
                         net (fo=33272, routed)       0.589    -0.594    student_top_inst/mem_bridge/counter_inst/cpu_clk
    SLICE_X19Y191        FDRE                                         r  student_top_inst/mem_bridge/counter_inst/cnt_gray_cpu_d1_reg[2]/C

Slack:                    inf
  Source:                 twin_controller_inst/sw_reg[27]/C
                            (rising edge-triggered cell FDCE clocked by clk_out1_pll  {rise@0.000ns fall@10.000ns period=20.000ns})
  Destination:            student_top_inst/virtual_sw_cpu_d1_reg[27]/D
                            (rising edge-triggered cell FDRE clocked by clk_out2_pll  {rise@0.000ns fall@5.000ns period=10.000ns})
  Path Group:             (none)
  Path Type:              Setup (Max at Fast Process Corner)
  Data Path Delay:        0.624ns  (logic 0.147ns (23.566%)  route 0.477ns (76.434%))
  Logic Levels:           0  
  Clock Path Skew:        0.019ns (DCD - SCD + CPR)
    Destination Clock Delay (DCD):    -0.591ns
    Source Clock Delay      (SCD):    -0.609ns
    Clock Pessimism Removal (CPR):    0.000ns
  Clock Uncertainty:      0.194ns  ((TSJ^2 + DJ^2)^1/2) / 2 + PE
    Total System Jitter     (TSJ):    0.071ns
    Discrete Jitter          (DJ):    0.129ns
    Phase Error              (PE):    0.120ns
  Timing Exception:       Asynchronous Clock Groups

    Location             Delay type                Incr(ns)  Path(ns)    Netlist Resource(s)
  -------------------------------------------------------------------    -------------------
                         (clock clk_out1_pll rise edge)
                                                      0.000     0.000 r  
    AD12                                              0.000     0.000 r  i_sys_clk_p (IN)
                         net (fo=0)                   0.000     0.000    pll_inst/inst/clk_in1_p
    AD12                 IBUFDS (Prop_ibufds_I_O)     0.470     0.470 r  pll_inst/inst/clkin1_ibufgds/O
                         net (fo=1, routed)           0.553     1.023    pll_inst/inst/clk_in1_pll
    MMCME2_ADV_X1Y1      MMCME2_ADV (Prop_mmcme2_adv_CLKIN1_CLKOUT0)
                                                     -3.493    -2.470 r  pll_inst/inst/mmcm_adv_inst/CLKOUT0
                         net (fo=1, routed)           1.007    -1.463    pll_inst/inst/clk_out1_pll
    BUFGCTRL_X0Y1        BUFG (Prop_bufg_I_O)         0.030    -1.433 r  pll_inst/inst/clkout1_buf/O
                         net (fo=581, routed)         0.824    -0.609    twin_controller_inst/clk
    SLICE_X6Y198         FDCE                                         r  twin_controller_inst/sw_reg[27]/C
  -------------------------------------------------------------------    -------------------
    SLICE_X6Y198         FDCE (Prop_fdce_C_Q)         0.147    -0.462 r  twin_controller_inst/sw_reg[27]/Q
                         net (fo=3, routed)           0.477     0.014    student_top_inst/virtual_sw[27]
    SLICE_X12Y198        FDRE                                         r  student_top_inst/virtual_sw_cpu_d1_reg[27]/D
  -------------------------------------------------------------------    -------------------

                         (clock clk_out2_pll rise edge)
                                                      0.000     0.000 r  
    AD12                                              0.000     0.000 r  i_sys_clk_p (IN)
                         net (fo=0)                   0.000     0.000    pll_inst/inst/clk_in1_p
    AD12                 IBUFDS (Prop_ibufds_I_O)     0.388     0.388 r  pll_inst/inst/clkin1_ibufgds/O
                         net (fo=1, routed)           0.503     0.891    pll_inst/inst/clk_in1_pll
    MMCME2_ADV_X1Y1      MMCME2_ADV (Prop_mmcme2_adv_CLKIN1_CLKOUT1)
                                                     -3.040    -2.149 r  pll_inst/inst/mmcm_adv_inst/CLKOUT1
                         net (fo=1, routed)           0.940    -1.209    pll_inst/inst/clk_out2_pll
    BUFGCTRL_X0Y0        BUFG (Prop_bufg_I_O)         0.026    -1.183 r  pll_inst/inst/clkout2_buf/O
                         net (fo=33272, routed)       0.592    -0.591    student_top_inst/w_cpu_clk
    SLICE_X12Y198        FDRE                                         r  student_top_inst/virtual_sw_cpu_d1_reg[27]/C

Slack:                    inf
  Source:                 student_top_inst/mem_bridge/counter_inst/cnt_ms_bin_reg[22]/C
                            (rising edge-triggered cell FDRE clocked by clk_out1_pll  {rise@0.000ns fall@10.000ns period=20.000ns})
  Destination:            student_top_inst/mem_bridge/counter_inst/cnt_gray_cpu_d1_reg[22]/D
                            (rising edge-triggered cell FDRE clocked by clk_out2_pll  {rise@0.000ns fall@5.000ns period=10.000ns})
  Path Group:             (none)
  Path Type:              Setup (Max at Fast Process Corner)
  Data Path Delay:        0.636ns  (logic 0.159ns (25.002%)  route 0.477ns (74.998%))
  Logic Levels:           1  (LUT2=1)
  Clock Path Skew:        0.051ns (DCD - SCD + CPR)
    Destination Clock Delay (DCD):    -0.592ns
    Source Clock Delay      (SCD):    -0.642ns
    Clock Pessimism Removal (CPR):    0.000ns
  Clock Uncertainty:      0.194ns  ((TSJ^2 + DJ^2)^1/2) / 2 + PE
    Total System Jitter     (TSJ):    0.071ns
    Discrete Jitter          (DJ):    0.129ns
    Phase Error              (PE):    0.120ns
  Timing Exception:       Asynchronous Clock Groups

    Location             Delay type                Incr(ns)  Path(ns)    Netlist Resource(s)
  -------------------------------------------------------------------    -------------------
                         (clock clk_out1_pll rise edge)
                                                      0.000     0.000 r  
    AD12                                              0.000     0.000 r  i_sys_clk_p (IN)
                         net (fo=0)                   0.000     0.000    pll_inst/inst/clk_in1_p
    AD12                 IBUFDS (Prop_ibufds_I_O)     0.470     0.470 r  pll_inst/inst/clkin1_ibufgds/O
                         net (fo=1, routed)           0.553     1.023    pll_inst/inst/clk_in1_pll
    MMCME2_ADV_X1Y1      MMCME2_ADV (Prop_mmcme2_adv_CLKIN1_CLKOUT0)
                                                     -3.493    -2.470 r  pll_inst/inst/mmcm_adv_inst/CLKOUT0
                         net (fo=1, routed)           1.007    -1.463    pll_inst/inst/clk_out1_pll
    BUFGCTRL_X0Y1        BUFG (Prop_bufg_I_O)         0.030    -1.433 r  pll_inst/inst/clkout1_buf/O
                         net (fo=581, routed)         0.791    -0.642    student_top_inst/mem_bridge/counter_inst/cnt_clk
    SLICE_X17Y195        FDRE                                         r  student_top_inst/mem_bridge/counter_inst/cnt_ms_bin_reg[22]/C
  -------------------------------------------------------------------    -------------------
    SLICE_X17Y195        FDRE (Prop_fdre_C_Q)         0.124    -0.518 r  student_top_inst/mem_bridge/counter_inst/cnt_ms_bin_reg[22]/Q
                         net (fo=3, routed)           0.308    -0.210    student_top_inst/mem_bridge/counter_inst/cnt_ms_bin_reg__0[22]
    SLICE_X16Y195        LUT2 (Prop_lut2_I1_O)        0.035    -0.175 r  student_top_inst/mem_bridge/counter_inst/cnt_gray_cpu_d1[22]_i_1/O
                         net (fo=1, routed)           0.169    -0.006    student_top_inst/mem_bridge/counter_inst/cnt_ms_gray[22]
    SLICE_X15Y194        FDRE                                         r  student_top_inst/mem_bridge/counter_inst/cnt_gray_cpu_d1_reg[22]/D
  -------------------------------------------------------------------    -------------------

                         (clock clk_out2_pll rise edge)
                                                      0.000     0.000 r  
    AD12                                              0.000     0.000 r  i_sys_clk_p (IN)
                         net (fo=0)                   0.000     0.000    pll_inst/inst/clk_in1_p
    AD12                 IBUFDS (Prop_ibufds_I_O)     0.388     0.388 r  pll_inst/inst/clkin1_ibufgds/O
                         net (fo=1, routed)           0.503     0.891    pll_inst/inst/clk_in1_pll
    MMCME2_ADV_X1Y1      MMCME2_ADV (Prop_mmcme2_adv_CLKIN1_CLKOUT1)
                                                     -3.040    -2.149 r  pll_inst/inst/mmcm_adv_inst/CLKOUT1
                         net (fo=1, routed)           0.940    -1.209    pll_inst/inst/clk_out2_pll
    BUFGCTRL_X0Y0        BUFG (Prop_bufg_I_O)         0.026    -1.183 r  pll_inst/inst/clkout2_buf/O
                         net (fo=33272, routed)       0.591    -0.592    student_top_inst/mem_bridge/counter_inst/cpu_clk
    SLICE_X15Y194        FDRE                                         r  student_top_inst/mem_bridge/counter_inst/cnt_gray_cpu_d1_reg[22]/C

Slack:                    inf
  Source:                 twin_controller_inst/sw_reg[30]/C
                            (rising edge-triggered cell FDCE clocked by clk_out1_pll  {rise@0.000ns fall@10.000ns period=20.000ns})
  Destination:            student_top_inst/virtual_sw_cpu_d1_reg[30]/D
                            (rising edge-triggered cell FDRE clocked by clk_out2_pll  {rise@0.000ns fall@5.000ns period=10.000ns})
  Path Group:             (none)
  Path Type:              Setup (Max at Fast Process Corner)
  Data Path Delay:        0.611ns  (logic 0.124ns (20.309%)  route 0.487ns (79.691%))
  Logic Levels:           0  
  Clock Path Skew:        0.014ns (DCD - SCD + CPR)
    Destination Clock Delay (DCD):    -0.605ns
    Source Clock Delay      (SCD):    -0.618ns
    Clock Pessimism Removal (CPR):    0.000ns
  Clock Uncertainty:      0.194ns  ((TSJ^2 + DJ^2)^1/2) / 2 + PE
    Total System Jitter     (TSJ):    0.071ns
    Discrete Jitter          (DJ):    0.129ns
    Phase Error              (PE):    0.120ns
  Timing Exception:       Asynchronous Clock Groups

    Location             Delay type                Incr(ns)  Path(ns)    Netlist Resource(s)
  -------------------------------------------------------------------    -------------------
                         (clock clk_out1_pll rise edge)
                                                      0.000     0.000 r  
    AD12                                              0.000     0.000 r  i_sys_clk_p (IN)
                         net (fo=0)                   0.000     0.000    pll_inst/inst/clk_in1_p
    AD12                 IBUFDS (Prop_ibufds_I_O)     0.470     0.470 r  pll_inst/inst/clkin1_ibufgds/O
                         net (fo=1, routed)           0.553     1.023    pll_inst/inst/clk_in1_pll
    MMCME2_ADV_X1Y1      MMCME2_ADV (Prop_mmcme2_adv_CLKIN1_CLKOUT0)
                                                     -3.493    -2.470 r  pll_inst/inst/mmcm_adv_inst/CLKOUT0
                         net (fo=1, routed)           1.007    -1.463    pll_inst/inst/clk_out1_pll
    BUFGCTRL_X0Y1        BUFG (Prop_bufg_I_O)         0.030    -1.433 r  pll_inst/inst/clkout1_buf/O
                         net (fo=581, routed)         0.815    -0.618    twin_controller_inst/clk
    SLICE_X7Y200         FDCE                                         r  twin_controller_inst/sw_reg[30]/C
  -------------------------------------------------------------------    -------------------
    SLICE_X7Y200         FDCE (Prop_fdce_C_Q)         0.124    -0.494 r  twin_controller_inst/sw_reg[30]/Q
                         net (fo=3, routed)           0.487    -0.008    student_top_inst/virtual_sw[30]
    SLICE_X13Y200        FDRE                                         r  student_top_inst/virtual_sw_cpu_d1_reg[30]/D
  -------------------------------------------------------------------    -------------------

                         (clock clk_out2_pll rise edge)
                                                      0.000     0.000 r  
    AD12                                              0.000     0.000 r  i_sys_clk_p (IN)
                         net (fo=0)                   0.000     0.000    pll_inst/inst/clk_in1_p
    AD12                 IBUFDS (Prop_ibufds_I_O)     0.388     0.388 r  pll_inst/inst/clkin1_ibufgds/O
                         net (fo=1, routed)           0.503     0.891    pll_inst/inst/clk_in1_pll
    MMCME2_ADV_X1Y1      MMCME2_ADV (Prop_mmcme2_adv_CLKIN1_CLKOUT1)
                                                     -3.040    -2.149 r  pll_inst/inst/mmcm_adv_inst/CLKOUT1
                         net (fo=1, routed)           0.940    -1.209    pll_inst/inst/clk_out2_pll
    BUFGCTRL_X0Y0        BUFG (Prop_bufg_I_O)         0.026    -1.183 r  pll_inst/inst/clkout2_buf/O
                         net (fo=33272, routed)       0.578    -0.605    student_top_inst/w_cpu_clk
    SLICE_X13Y200        FDRE                                         r  student_top_inst/virtual_sw_cpu_d1_reg[30]/C

Slack:                    inf
  Source:                 twin_controller_inst/sw_reg[57]/C
                            (rising edge-triggered cell FDCE clocked by clk_out1_pll  {rise@0.000ns fall@10.000ns period=20.000ns})
  Destination:            student_top_inst/virtual_sw_cpu_d1_reg[57]/D
                            (rising edge-triggered cell FDRE clocked by clk_out2_pll  {rise@0.000ns fall@5.000ns period=10.000ns})
  Path Group:             (none)
  Path Type:              Setup (Max at Fast Process Corner)
  Data Path Delay:        0.617ns  (logic 0.147ns (23.836%)  route 0.470ns (76.164%))
  Logic Levels:           0  
  Clock Path Skew:        0.049ns (DCD - SCD + CPR)
    Destination Clock Delay (DCD):    -0.592ns
    Source Clock Delay      (SCD):    -0.640ns
    Clock Pessimism Removal (CPR):    0.000ns
  Clock Uncertainty:      0.194ns  ((TSJ^2 + DJ^2)^1/2) / 2 + PE
    Total System Jitter     (TSJ):    0.071ns
    Discrete Jitter          (DJ):    0.129ns
    Phase Error              (PE):    0.120ns
  Timing Exception:       Asynchronous Clock Groups

    Location             Delay type                Incr(ns)  Path(ns)    Netlist Resource(s)
  -------------------------------------------------------------------    -------------------
                         (clock clk_out1_pll rise edge)
                                                      0.000     0.000 r  
    AD12                                              0.000     0.000 r  i_sys_clk_p (IN)
                         net (fo=0)                   0.000     0.000    pll_inst/inst/clk_in1_p
    AD12                 IBUFDS (Prop_ibufds_I_O)     0.470     0.470 r  pll_inst/inst/clkin1_ibufgds/O
                         net (fo=1, routed)           0.553     1.023    pll_inst/inst/clk_in1_pll
    MMCME2_ADV_X1Y1      MMCME2_ADV (Prop_mmcme2_adv_CLKIN1_CLKOUT0)
                                                     -3.493    -2.470 r  pll_inst/inst/mmcm_adv_inst/CLKOUT0
                         net (fo=1, routed)           1.007    -1.463    pll_inst/inst/clk_out1_pll
    BUFGCTRL_X0Y1        BUFG (Prop_bufg_I_O)         0.030    -1.433 r  pll_inst/inst/clkout1_buf/O
                         net (fo=581, routed)         0.793    -0.640    twin_controller_inst/clk
    SLICE_X8Y199         FDCE                                         r  twin_controller_inst/sw_reg[57]/C
  -------------------------------------------------------------------    -------------------
    SLICE_X8Y199         FDCE (Prop_fdce_C_Q)         0.147    -0.493 r  twin_controller_inst/sw_reg[57]/Q
                         net (fo=3, routed)           0.470    -0.024    student_top_inst/virtual_sw[57]
    SLICE_X19Y198        FDRE                                         r  student_top_inst/virtual_sw_cpu_d1_reg[57]/D
  -------------------------------------------------------------------    -------------------

                         (clock clk_out2_pll rise edge)
                                                      0.000     0.000 r  
    AD12                                              0.000     0.000 r  i_sys_clk_p (IN)
                         net (fo=0)                   0.000     0.000    pll_inst/inst/clk_in1_p
    AD12                 IBUFDS (Prop_ibufds_I_O)     0.388     0.388 r  pll_inst/inst/clkin1_ibufgds/O
                         net (fo=1, routed)           0.503     0.891    pll_inst/inst/clk_in1_pll
    MMCME2_ADV_X1Y1      MMCME2_ADV (Prop_mmcme2_adv_CLKIN1_CLKOUT1)
                                                     -3.040    -2.149 r  pll_inst/inst/mmcm_adv_inst/CLKOUT1
                         net (fo=1, routed)           0.940    -1.209    pll_inst/inst/clk_out2_pll
    BUFGCTRL_X0Y0        BUFG (Prop_bufg_I_O)         0.026    -1.183 r  pll_inst/inst/clkout2_buf/O
                         net (fo=33272, routed)       0.591    -0.592    student_top_inst/w_cpu_clk
    SLICE_X19Y198        FDRE                                         r  student_top_inst/virtual_sw_cpu_d1_reg[57]/C





Min Delay Paths
--------------------------------------------------------------------------------------
Slack:                    inf
  Source:                 student_top_inst/mem_bridge/counter_inst/cnt_ms_bin_reg[31]/C
                            (rising edge-triggered cell FDRE clocked by clk_out1_pll  {rise@0.000ns fall@10.000ns period=20.000ns})
  Destination:            student_top_inst/mem_bridge/counter_inst/cnt_gray_cpu_d1_reg[31]/D
                            (rising edge-triggered cell FDRE clocked by clk_out2_pll  {rise@0.000ns fall@5.000ns period=10.000ns})
  Path Group:             (none)
  Path Type:              Hold (Min at Slow Process Corner)
  Data Path Delay:        0.341ns  (logic 0.178ns (52.143%)  route 0.163ns (47.857%))
  Logic Levels:           0  
  Clock Path Skew:        -0.562ns (DCD - SCD - CPR)
    Destination Clock Delay (DCD):    -2.277ns
    Source Clock Delay      (SCD):    -1.716ns
    Clock Pessimism Removal (CPR):    -0.000ns
  Clock Uncertainty:      0.194ns  ((TSJ^2 + DJ^2)^1/2) / 2 + PE
    Total System Jitter     (TSJ):    0.071ns
    Discrete Jitter          (DJ):    0.129ns
    Phase Error              (PE):    0.120ns
  Timing Exception:       Asynchronous Clock Groups

    Location             Delay type                Incr(ns)  Path(ns)    Netlist Resource(s)
  -------------------------------------------------------------------    -------------------
                         (clock clk_out1_pll rise edge)
                                                      0.000     0.000 r  
    AD12                                              0.000     0.000 r  i_sys_clk_p (IN)
                         net (fo=0)                   0.000     0.000    pll_inst/inst/clk_in1_p
    AD12                 IBUFDS (Prop_ibufds_I_O)     0.803     0.803 r  pll_inst/inst/clkin1_ibufgds/O
                         net (fo=1, routed)           0.986     1.789    pll_inst/inst/clk_in1_pll
    MMCME2_ADV_X1Y1      MMCME2_ADV (Prop_mmcme2_adv_CLKIN1_CLKOUT0)
                                                     -6.759    -4.970 r  pll_inst/inst/mmcm_adv_inst/CLKOUT0
                         net (fo=1, routed)           2.005    -2.965    pll_inst/inst/clk_out1_pll
    BUFGCTRL_X0Y1        BUFG (Prop_bufg_I_O)         0.083    -2.882 r  pll_inst/inst/clkout1_buf/O
                         net (fo=581, routed)         1.166    -1.716    student_top_inst/mem_bridge/counter_inst/cnt_clk
    SLICE_X17Y197        FDRE                                         r  student_top_inst/mem_bridge/counter_inst/cnt_ms_bin_reg[31]/C
  -------------------------------------------------------------------    -------------------
    SLICE_X17Y197        FDRE (Prop_fdre_C_Q)         0.178    -1.538 r  student_top_inst/mem_bridge/counter_inst/cnt_ms_bin_reg[31]/Q
                         net (fo=3, routed)           0.163    -1.374    student_top_inst/mem_bridge/counter_inst/cnt_ms_bin_reg[31]
    SLICE_X19Y197        FDRE                                         r  student_top_inst/mem_bridge/counter_inst/cnt_gray_cpu_d1_reg[31]/D
  -------------------------------------------------------------------    -------------------

                         (clock clk_out2_pll rise edge)
                                                      0.000     0.000 r  
    AD12                                              0.000     0.000 r  i_sys_clk_p (IN)
                         net (fo=0)                   0.000     0.000    pll_inst/inst/clk_in1_p
    AD12                 IBUFDS (Prop_ibufds_I_O)     0.906     0.906 r  pll_inst/inst/clkin1_ibufgds/O
                         net (fo=1, routed)           1.081     1.987    pll_inst/inst/clk_in1_pll
    MMCME2_ADV_X1Y1      MMCME2_ADV (Prop_mmcme2_adv_CLKIN1_CLKOUT1)
                                                     -7.786    -5.799 r  pll_inst/inst/mmcm_adv_inst/CLKOUT1
                         net (fo=1, routed)           2.130    -3.669    pll_inst/inst/clk_out2_pll
    BUFGCTRL_X0Y0        BUFG (Prop_bufg_I_O)         0.093    -3.576 r  pll_inst/inst/clkout2_buf/O
                         net (fo=33272, routed)       1.299    -2.277    student_top_inst/mem_bridge/counter_inst/cpu_clk
    SLICE_X19Y197        FDRE                                         r  student_top_inst/mem_bridge/counter_inst/cnt_gray_cpu_d1_reg[31]/C

Slack:                    inf
  Source:                 twin_controller_inst/key_reg[2]/C
                            (rising edge-triggered cell FDCE clocked by clk_out1_pll  {rise@0.000ns fall@10.000ns period=20.000ns})
  Destination:            student_top_inst/virtual_key_cpu_d1_reg[2]/D
                            (rising edge-triggered cell FDRE clocked by clk_out2_pll  {rise@0.000ns fall@5.000ns period=10.000ns})
  Path Group:             (none)
  Path Type:              Hold (Min at Slow Process Corner)
  Data Path Delay:        0.363ns  (logic 0.178ns (49.028%)  route 0.185ns (50.972%))
  Logic Levels:           0  
  Clock Path Skew:        -0.554ns (DCD - SCD - CPR)
    Destination Clock Delay (DCD):    -2.284ns
    Source Clock Delay      (SCD):    -1.731ns
    Clock Pessimism Removal (CPR):    -0.000ns
  Clock Uncertainty:      0.194ns  ((TSJ^2 + DJ^2)^1/2) / 2 + PE
    Total System Jitter     (TSJ):    0.071ns
    Discrete Jitter          (DJ):    0.129ns
    Phase Error              (PE):    0.120ns
  Timing Exception:       Asynchronous Clock Groups

    Location             Delay type                Incr(ns)  Path(ns)    Netlist Resource(s)
  -------------------------------------------------------------------    -------------------
                         (clock clk_out1_pll rise edge)
                                                      0.000     0.000 r  
    AD12                                              0.000     0.000 r  i_sys_clk_p (IN)
                         net (fo=0)                   0.000     0.000    pll_inst/inst/clk_in1_p
    AD12                 IBUFDS (Prop_ibufds_I_O)     0.803     0.803 r  pll_inst/inst/clkin1_ibufgds/O
                         net (fo=1, routed)           0.986     1.789    pll_inst/inst/clk_in1_pll
    MMCME2_ADV_X1Y1      MMCME2_ADV (Prop_mmcme2_adv_CLKIN1_CLKOUT0)
                                                     -6.759    -4.970 r  pll_inst/inst/mmcm_adv_inst/CLKOUT0
                         net (fo=1, routed)           2.005    -2.965    pll_inst/inst/clk_out1_pll
    BUFGCTRL_X0Y1        BUFG (Prop_bufg_I_O)         0.083    -2.882 r  pll_inst/inst/clkout1_buf/O
                         net (fo=581, routed)         1.151    -1.731    twin_controller_inst/clk
    SLICE_X9Y201         FDCE                                         r  twin_controller_inst/key_reg[2]/C
  -------------------------------------------------------------------    -------------------
    SLICE_X9Y201         FDCE (Prop_fdce_C_Q)         0.178    -1.553 r  twin_controller_inst/key_reg[2]/Q
                         net (fo=3, routed)           0.185    -1.368    student_top_inst/virtual_key[2]
    SLICE_X10Y201        FDRE                                         r  student_top_inst/virtual_key_cpu_d1_reg[2]/D
  -------------------------------------------------------------------    -------------------

                         (clock clk_out2_pll rise edge)
                                                      0.000     0.000 r  
    AD12                                              0.000     0.000 r  i_sys_clk_p (IN)
                         net (fo=0)                   0.000     0.000    pll_inst/inst/clk_in1_p
    AD12                 IBUFDS (Prop_ibufds_I_O)     0.906     0.906 r  pll_inst/inst/clkin1_ibufgds/O
                         net (fo=1, routed)           1.081     1.987    pll_inst/inst/clk_in1_pll
    MMCME2_ADV_X1Y1      MMCME2_ADV (Prop_mmcme2_adv_CLKIN1_CLKOUT1)
                                                     -7.786    -5.799 r  pll_inst/inst/mmcm_adv_inst/CLKOUT1
                         net (fo=1, routed)           2.130    -3.669    pll_inst/inst/clk_out2_pll
    BUFGCTRL_X0Y0        BUFG (Prop_bufg_I_O)         0.093    -3.576 r  pll_inst/inst/clkout2_buf/O
                         net (fo=33272, routed)       1.292    -2.284    student_top_inst/w_cpu_clk
    SLICE_X10Y201        FDRE                                         r  student_top_inst/virtual_key_cpu_d1_reg[2]/C

Slack:                    inf
  Source:                 student_top_inst/mem_bridge/counter_inst/cnt_ms_bin_reg[12]/C
                            (rising edge-triggered cell FDRE clocked by clk_out1_pll  {rise@0.000ns fall@10.000ns period=20.000ns})
  Destination:            student_top_inst/mem_bridge/counter_inst/cnt_gray_cpu_d1_reg[12]/D
                            (rising edge-triggered cell FDRE clocked by clk_out2_pll  {rise@0.000ns fall@5.000ns period=10.000ns})
  Path Group:             (none)
  Path Type:              Hold (Min at Slow Process Corner)
  Data Path Delay:        0.365ns  (logic 0.214ns (58.673%)  route 0.151ns (41.327%))
  Logic Levels:           1  (LUT2=1)
  Clock Path Skew:        -0.562ns (DCD - SCD - CPR)
    Destination Clock Delay (DCD):    -2.278ns
    Source Clock Delay      (SCD):    -1.717ns
    Clock Pessimism Removal (CPR):    -0.000ns
  Clock Uncertainty:      0.194ns  ((TSJ^2 + DJ^2)^1/2) / 2 + PE
    Total System Jitter     (TSJ):    0.071ns
    Discrete Jitter          (DJ):    0.129ns
    Phase Error              (PE):    0.120ns
  Timing Exception:       Asynchronous Clock Groups

    Location             Delay type                Incr(ns)  Path(ns)    Netlist Resource(s)
  -------------------------------------------------------------------    -------------------
                         (clock clk_out1_pll rise edge)
                                                      0.000     0.000 r  
    AD12                                              0.000     0.000 r  i_sys_clk_p (IN)
                         net (fo=0)                   0.000     0.000    pll_inst/inst/clk_in1_p
    AD12                 IBUFDS (Prop_ibufds_I_O)     0.803     0.803 r  pll_inst/inst/clkin1_ibufgds/O
                         net (fo=1, routed)           0.986     1.789    pll_inst/inst/clk_in1_pll
    MMCME2_ADV_X1Y1      MMCME2_ADV (Prop_mmcme2_adv_CLKIN1_CLKOUT0)
                                                     -6.759    -4.970 r  pll_inst/inst/mmcm_adv_inst/CLKOUT0
                         net (fo=1, routed)           2.005    -2.965    pll_inst/inst/clk_out1_pll
    BUFGCTRL_X0Y1        BUFG (Prop_bufg_I_O)         0.083    -2.882 r  pll_inst/inst/clkout1_buf/O
                         net (fo=581, routed)         1.165    -1.717    student_top_inst/mem_bridge/counter_inst/cnt_clk
    SLICE_X17Y193        FDRE                                         r  student_top_inst/mem_bridge/counter_inst/cnt_ms_bin_reg[12]/C
  -------------------------------------------------------------------    -------------------
    SLICE_X17Y193        FDRE (Prop_fdre_C_Q)         0.178    -1.539 r  student_top_inst/mem_bridge/counter_inst/cnt_ms_bin_reg[12]/Q
                         net (fo=3, routed)           0.151    -1.388    student_top_inst/mem_bridge/counter_inst/cnt_ms_bin_reg__0[12]
    SLICE_X16Y193        LUT2 (Prop_lut2_I1_O)        0.036    -1.352 r  student_top_inst/mem_bridge/counter_inst/cnt_gray_cpu_d1[12]_i_1/O
                         net (fo=1, routed)           0.000    -1.352    student_top_inst/mem_bridge/counter_inst/cnt_ms_gray[12]
    SLICE_X16Y193        FDRE                                         r  student_top_inst/mem_bridge/counter_inst/cnt_gray_cpu_d1_reg[12]/D
  -------------------------------------------------------------------    -------------------

                         (clock clk_out2_pll rise edge)
                                                      0.000     0.000 r  
    AD12                                              0.000     0.000 r  i_sys_clk_p (IN)
                         net (fo=0)                   0.000     0.000    pll_inst/inst/clk_in1_p
    AD12                 IBUFDS (Prop_ibufds_I_O)     0.906     0.906 r  pll_inst/inst/clkin1_ibufgds/O
                         net (fo=1, routed)           1.081     1.987    pll_inst/inst/clk_in1_pll
    MMCME2_ADV_X1Y1      MMCME2_ADV (Prop_mmcme2_adv_CLKIN1_CLKOUT1)
                                                     -7.786    -5.799 r  pll_inst/inst/mmcm_adv_inst/CLKOUT1
                         net (fo=1, routed)           2.130    -3.669    pll_inst/inst/clk_out2_pll
    BUFGCTRL_X0Y0        BUFG (Prop_bufg_I_O)         0.093    -3.576 r  pll_inst/inst/clkout2_buf/O
                         net (fo=33272, routed)       1.298    -2.278    student_top_inst/mem_bridge/counter_inst/cpu_clk
    SLICE_X16Y193        FDRE                                         r  student_top_inst/mem_bridge/counter_inst/cnt_gray_cpu_d1_reg[12]/C

Slack:                    inf
  Source:                 twin_controller_inst/sw_reg[14]/C
                            (rising edge-triggered cell FDCE clocked by clk_out1_pll  {rise@0.000ns fall@10.000ns period=20.000ns})
  Destination:            student_top_inst/virtual_sw_cpu_d1_reg[14]/D
                            (rising edge-triggered cell FDRE clocked by clk_out2_pll  {rise@0.000ns fall@5.000ns period=10.000ns})
  Path Group:             (none)
  Path Type:              Hold (Min at Slow Process Corner)
  Data Path Delay:        0.385ns  (logic 0.206ns (53.551%)  route 0.179ns (46.449%))
  Logic Levels:           0  
  Clock Path Skew:        -0.546ns (DCD - SCD - CPR)
    Destination Clock Delay (DCD):    -2.276ns
    Source Clock Delay      (SCD):    -1.731ns
    Clock Pessimism Removal (CPR):    -0.000ns
  Clock Uncertainty:      0.194ns  ((TSJ^2 + DJ^2)^1/2) / 2 + PE
    Total System Jitter     (TSJ):    0.071ns
    Discrete Jitter          (DJ):    0.129ns
    Phase Error              (PE):    0.120ns
  Timing Exception:       Asynchronous Clock Groups

    Location             Delay type                Incr(ns)  Path(ns)    Netlist Resource(s)
  -------------------------------------------------------------------    -------------------
                         (clock clk_out1_pll rise edge)
                                                      0.000     0.000 r  
    AD12                                              0.000     0.000 r  i_sys_clk_p (IN)
                         net (fo=0)                   0.000     0.000    pll_inst/inst/clk_in1_p
    AD12                 IBUFDS (Prop_ibufds_I_O)     0.803     0.803 r  pll_inst/inst/clkin1_ibufgds/O
                         net (fo=1, routed)           0.986     1.789    pll_inst/inst/clk_in1_pll
    MMCME2_ADV_X1Y1      MMCME2_ADV (Prop_mmcme2_adv_CLKIN1_CLKOUT0)
                                                     -6.759    -4.970 r  pll_inst/inst/mmcm_adv_inst/CLKOUT0
                         net (fo=1, routed)           2.005    -2.965    pll_inst/inst/clk_out1_pll
    BUFGCTRL_X0Y1        BUFG (Prop_bufg_I_O)         0.083    -2.882 r  pll_inst/inst/clkout1_buf/O
                         net (fo=581, routed)         1.151    -1.731    twin_controller_inst/clk
    SLICE_X8Y201         FDCE                                         r  twin_controller_inst/sw_reg[14]/C
  -------------------------------------------------------------------    -------------------
    SLICE_X8Y201         FDCE (Prop_fdce_C_Q)         0.206    -1.525 r  twin_controller_inst/sw_reg[14]/Q
                         net (fo=3, routed)           0.179    -1.346    student_top_inst/virtual_sw[14]
    SLICE_X9Y199         FDRE                                         r  student_top_inst/virtual_sw_cpu_d1_reg[14]/D
  -------------------------------------------------------------------    -------------------

                         (clock clk_out2_pll rise edge)
                                                      0.000     0.000 r  
    AD12                                              0.000     0.000 r  i_sys_clk_p (IN)
                         net (fo=0)                   0.000     0.000    pll_inst/inst/clk_in1_p
    AD12                 IBUFDS (Prop_ibufds_I_O)     0.906     0.906 r  pll_inst/inst/clkin1_ibufgds/O
                         net (fo=1, routed)           1.081     1.987    pll_inst/inst/clk_in1_pll
    MMCME2_ADV_X1Y1      MMCME2_ADV (Prop_mmcme2_adv_CLKIN1_CLKOUT1)
                                                     -7.786    -5.799 r  pll_inst/inst/mmcm_adv_inst/CLKOUT1
                         net (fo=1, routed)           2.130    -3.669    pll_inst/inst/clk_out2_pll
    BUFGCTRL_X0Y0        BUFG (Prop_bufg_I_O)         0.093    -3.576 r  pll_inst/inst/clkout2_buf/O
                         net (fo=33272, routed)       1.300    -2.276    student_top_inst/w_cpu_clk
    SLICE_X9Y199         FDRE                                         r  student_top_inst/virtual_sw_cpu_d1_reg[14]/C

Slack:                    inf
  Source:                 twin_controller_inst/sw_reg[34]/C
                            (rising edge-triggered cell FDCE clocked by clk_out1_pll  {rise@0.000ns fall@10.000ns period=20.000ns})
  Destination:            student_top_inst/virtual_sw_cpu_d1_reg[34]/D
                            (rising edge-triggered cell FDRE clocked by clk_out2_pll  {rise@0.000ns fall@5.000ns period=10.000ns})
  Path Group:             (none)
  Path Type:              Hold (Min at Slow Process Corner)
  Data Path Delay:        0.371ns  (logic 0.206ns (55.510%)  route 0.165ns (44.490%))
  Logic Levels:           0  
  Clock Path Skew:        -0.561ns (DCD - SCD - CPR)
    Destination Clock Delay (DCD):    -2.276ns
    Source Clock Delay      (SCD):    -1.716ns
    Clock Pessimism Removal (CPR):    -0.000ns
  Clock Uncertainty:      0.194ns  ((TSJ^2 + DJ^2)^1/2) / 2 + PE
    Total System Jitter     (TSJ):    0.071ns
    Discrete Jitter          (DJ):    0.129ns
    Phase Error              (PE):    0.120ns
  Timing Exception:       Asynchronous Clock Groups

    Location             Delay type                Incr(ns)  Path(ns)    Netlist Resource(s)
  -------------------------------------------------------------------    -------------------
                         (clock clk_out1_pll rise edge)
                                                      0.000     0.000 r  
    AD12                                              0.000     0.000 r  i_sys_clk_p (IN)
                         net (fo=0)                   0.000     0.000    pll_inst/inst/clk_in1_p
    AD12                 IBUFDS (Prop_ibufds_I_O)     0.803     0.803 r  pll_inst/inst/clkin1_ibufgds/O
                         net (fo=1, routed)           0.986     1.789    pll_inst/inst/clk_in1_pll
    MMCME2_ADV_X1Y1      MMCME2_ADV (Prop_mmcme2_adv_CLKIN1_CLKOUT0)
                                                     -6.759    -4.970 r  pll_inst/inst/mmcm_adv_inst/CLKOUT0
                         net (fo=1, routed)           2.005    -2.965    pll_inst/inst/clk_out1_pll
    BUFGCTRL_X0Y1        BUFG (Prop_bufg_I_O)         0.083    -2.882 r  pll_inst/inst/clkout1_buf/O
                         net (fo=581, routed)         1.166    -1.716    twin_controller_inst/clk
    SLICE_X8Y199         FDCE                                         r  twin_controller_inst/sw_reg[34]/C
  -------------------------------------------------------------------    -------------------
    SLICE_X8Y199         FDCE (Prop_fdce_C_Q)         0.206    -1.510 r  twin_controller_inst/sw_reg[34]/Q
                         net (fo=3, routed)           0.165    -1.344    student_top_inst/virtual_sw[34]
    SLICE_X9Y199         FDRE                                         r  student_top_inst/virtual_sw_cpu_d1_reg[34]/D
  -------------------------------------------------------------------    -------------------

                         (clock clk_out2_pll rise edge)
                                                      0.000     0.000 r  
    AD12                                              0.000     0.000 r  i_sys_clk_p (IN)
                         net (fo=0)                   0.000     0.000    pll_inst/inst/clk_in1_p
    AD12                 IBUFDS (Prop_ibufds_I_O)     0.906     0.906 r  pll_inst/inst/clkin1_ibufgds/O
                         net (fo=1, routed)           1.081     1.987    pll_inst/inst/clk_in1_pll
    MMCME2_ADV_X1Y1      MMCME2_ADV (Prop_mmcme2_adv_CLKIN1_CLKOUT1)
                                                     -7.786    -5.799 r  pll_inst/inst/mmcm_adv_inst/CLKOUT1
                         net (fo=1, routed)           2.130    -3.669    pll_inst/inst/clk_out2_pll
    BUFGCTRL_X0Y0        BUFG (Prop_bufg_I_O)         0.093    -3.576 r  pll_inst/inst/clkout2_buf/O
                         net (fo=33272, routed)       1.300    -2.276    student_top_inst/w_cpu_clk
    SLICE_X9Y199         FDRE                                         r  student_top_inst/virtual_sw_cpu_d1_reg[34]/C

Slack:                    inf
  Source:                 twin_controller_inst/sw_reg[56]/C
                            (rising edge-triggered cell FDCE clocked by clk_out1_pll  {rise@0.000ns fall@10.000ns period=20.000ns})
  Destination:            student_top_inst/virtual_sw_cpu_d1_reg[56]/D
                            (rising edge-triggered cell FDRE clocked by clk_out2_pll  {rise@0.000ns fall@5.000ns period=10.000ns})
  Path Group:             (none)
  Path Type:              Hold (Min at Slow Process Corner)
  Data Path Delay:        0.386ns  (logic 0.206ns (53.300%)  route 0.180ns (46.700%))
  Logic Levels:           0  
  Clock Path Skew:        -0.554ns (DCD - SCD - CPR)
    Destination Clock Delay (DCD):    -2.284ns
    Source Clock Delay      (SCD):    -1.731ns
    Clock Pessimism Removal (CPR):    -0.000ns
  Clock Uncertainty:      0.194ns  ((TSJ^2 + DJ^2)^1/2) / 2 + PE
    Total System Jitter     (TSJ):    0.071ns
    Discrete Jitter          (DJ):    0.129ns
    Phase Error              (PE):    0.120ns
  Timing Exception:       Asynchronous Clock Groups

    Location             Delay type                Incr(ns)  Path(ns)    Netlist Resource(s)
  -------------------------------------------------------------------    -------------------
                         (clock clk_out1_pll rise edge)
                                                      0.000     0.000 r  
    AD12                                              0.000     0.000 r  i_sys_clk_p (IN)
                         net (fo=0)                   0.000     0.000    pll_inst/inst/clk_in1_p
    AD12                 IBUFDS (Prop_ibufds_I_O)     0.803     0.803 r  pll_inst/inst/clkin1_ibufgds/O
                         net (fo=1, routed)           0.986     1.789    pll_inst/inst/clk_in1_pll
    MMCME2_ADV_X1Y1      MMCME2_ADV (Prop_mmcme2_adv_CLKIN1_CLKOUT0)
                                                     -6.759    -4.970 r  pll_inst/inst/mmcm_adv_inst/CLKOUT0
                         net (fo=1, routed)           2.005    -2.965    pll_inst/inst/clk_out1_pll
    BUFGCTRL_X0Y1        BUFG (Prop_bufg_I_O)         0.083    -2.882 r  pll_inst/inst/clkout1_buf/O
                         net (fo=581, routed)         1.151    -1.731    twin_controller_inst/clk
    SLICE_X8Y202         FDCE                                         r  twin_controller_inst/sw_reg[56]/C
  -------------------------------------------------------------------    -------------------
    SLICE_X8Y202         FDCE (Prop_fdce_C_Q)         0.206    -1.525 r  twin_controller_inst/sw_reg[56]/Q
                         net (fo=3, routed)           0.180    -1.344    student_top_inst/virtual_sw[56]
    SLICE_X10Y202        FDRE                                         r  student_top_inst/virtual_sw_cpu_d1_reg[56]/D
  -------------------------------------------------------------------    -------------------

                         (clock clk_out2_pll rise edge)
                                                      0.000     0.000 r  
    AD12                                              0.000     0.000 r  i_sys_clk_p (IN)
                         net (fo=0)                   0.000     0.000    pll_inst/inst/clk_in1_p
    AD12                 IBUFDS (Prop_ibufds_I_O)     0.906     0.906 r  pll_inst/inst/clkin1_ibufgds/O
                         net (fo=1, routed)           1.081     1.987    pll_inst/inst/clk_in1_pll
    MMCME2_ADV_X1Y1      MMCME2_ADV (Prop_mmcme2_adv_CLKIN1_CLKOUT1)
                                                     -7.786    -5.799 r  pll_inst/inst/mmcm_adv_inst/CLKOUT1
                         net (fo=1, routed)           2.130    -3.669    pll_inst/inst/clk_out2_pll
    BUFGCTRL_X0Y0        BUFG (Prop_bufg_I_O)         0.093    -3.576 r  pll_inst/inst/clkout2_buf/O
                         net (fo=33272, routed)       1.292    -2.284    student_top_inst/w_cpu_clk
    SLICE_X10Y202        FDRE                                         r  student_top_inst/virtual_sw_cpu_d1_reg[56]/C

Slack:                    inf
  Source:                 student_top_inst/mem_bridge/counter_inst/cnt_ms_bin_reg[31]/C
                            (rising edge-triggered cell FDRE clocked by clk_out1_pll  {rise@0.000ns fall@10.000ns period=20.000ns})
  Destination:            student_top_inst/mem_bridge/counter_inst/cnt_gray_cpu_d1_reg[30]/D
                            (rising edge-triggered cell FDRE clocked by clk_out2_pll  {rise@0.000ns fall@5.000ns period=10.000ns})
  Path Group:             (none)
  Path Type:              Hold (Min at Slow Process Corner)
  Data Path Delay:        0.378ns  (logic 0.214ns (56.559%)  route 0.164ns (43.441%))
  Logic Levels:           1  (LUT2=1)
  Clock Path Skew:        -0.562ns (DCD - SCD - CPR)
    Destination Clock Delay (DCD):    -2.277ns
    Source Clock Delay      (SCD):    -1.716ns
    Clock Pessimism Removal (CPR):    -0.000ns
  Clock Uncertainty:      0.194ns  ((TSJ^2 + DJ^2)^1/2) / 2 + PE
    Total System Jitter     (TSJ):    0.071ns
    Discrete Jitter          (DJ):    0.129ns
    Phase Error              (PE):    0.120ns
  Timing Exception:       Asynchronous Clock Groups

    Location             Delay type                Incr(ns)  Path(ns)    Netlist Resource(s)
  -------------------------------------------------------------------    -------------------
                         (clock clk_out1_pll rise edge)
                                                      0.000     0.000 r  
    AD12                                              0.000     0.000 r  i_sys_clk_p (IN)
                         net (fo=0)                   0.000     0.000    pll_inst/inst/clk_in1_p
    AD12                 IBUFDS (Prop_ibufds_I_O)     0.803     0.803 r  pll_inst/inst/clkin1_ibufgds/O
                         net (fo=1, routed)           0.986     1.789    pll_inst/inst/clk_in1_pll
    MMCME2_ADV_X1Y1      MMCME2_ADV (Prop_mmcme2_adv_CLKIN1_CLKOUT0)
                                                     -6.759    -4.970 r  pll_inst/inst/mmcm_adv_inst/CLKOUT0
                         net (fo=1, routed)           2.005    -2.965    pll_inst/inst/clk_out1_pll
    BUFGCTRL_X0Y1        BUFG (Prop_bufg_I_O)         0.083    -2.882 r  pll_inst/inst/clkout1_buf/O
                         net (fo=581, routed)         1.166    -1.716    student_top_inst/mem_bridge/counter_inst/cnt_clk
    SLICE_X17Y197        FDRE                                         r  student_top_inst/mem_bridge/counter_inst/cnt_ms_bin_reg[31]/C
  -------------------------------------------------------------------    -------------------
    SLICE_X17Y197        FDRE (Prop_fdre_C_Q)         0.178    -1.538 r  student_top_inst/mem_bridge/counter_inst/cnt_ms_bin_reg[31]/Q
                         net (fo=3, routed)           0.164    -1.373    student_top_inst/mem_bridge/counter_inst/cnt_ms_bin_reg[31]
    SLICE_X19Y197        LUT2 (Prop_lut2_I0_O)        0.036    -1.337 r  student_top_inst/mem_bridge/counter_inst/cnt_gray_cpu_d1[30]_i_1/O
                         net (fo=1, routed)           0.000    -1.337    student_top_inst/mem_bridge/counter_inst/cnt_ms_gray[30]
    SLICE_X19Y197        FDRE                                         r  student_top_inst/mem_bridge/counter_inst/cnt_gray_cpu_d1_reg[30]/D
  -------------------------------------------------------------------    -------------------

                         (clock clk_out2_pll rise edge)
                                                      0.000     0.000 r  
    AD12                                              0.000     0.000 r  i_sys_clk_p (IN)
                         net (fo=0)                   0.000     0.000    pll_inst/inst/clk_in1_p
    AD12                 IBUFDS (Prop_ibufds_I_O)     0.906     0.906 r  pll_inst/inst/clkin1_ibufgds/O
                         net (fo=1, routed)           1.081     1.987    pll_inst/inst/clk_in1_pll
    MMCME2_ADV_X1Y1      MMCME2_ADV (Prop_mmcme2_adv_CLKIN1_CLKOUT1)
                                                     -7.786    -5.799 r  pll_inst/inst/mmcm_adv_inst/CLKOUT1
                         net (fo=1, routed)           2.130    -3.669    pll_inst/inst/clk_out2_pll
    BUFGCTRL_X0Y0        BUFG (Prop_bufg_I_O)         0.093    -3.576 r  pll_inst/inst/clkout2_buf/O
                         net (fo=33272, routed)       1.299    -2.277    student_top_inst/mem_bridge/counter_inst/cpu_clk
    SLICE_X19Y197        FDRE                                         r  student_top_inst/mem_bridge/counter_inst/cnt_gray_cpu_d1_reg[30]/C

Slack:                    inf
  Source:                 twin_controller_inst/sw_reg[4]/C
                            (rising edge-triggered cell FDCE clocked by clk_out1_pll  {rise@0.000ns fall@10.000ns period=20.000ns})
  Destination:            student_top_inst/virtual_sw_cpu_d1_reg[4]/D
                            (rising edge-triggered cell FDRE clocked by clk_out2_pll  {rise@0.000ns fall@5.000ns period=10.000ns})
  Path Group:             (none)
  Path Type:              Hold (Min at Slow Process Corner)
  Data Path Delay:        0.432ns  (logic 0.178ns (41.246%)  route 0.254ns (58.754%))
  Logic Levels:           0  
  Clock Path Skew:        -0.554ns (DCD - SCD - CPR)
    Destination Clock Delay (DCD):    -2.284ns
    Source Clock Delay      (SCD):    -1.731ns
    Clock Pessimism Removal (CPR):    -0.000ns
  Clock Uncertainty:      0.194ns  ((TSJ^2 + DJ^2)^1/2) / 2 + PE
    Total System Jitter     (TSJ):    0.071ns
    Discrete Jitter          (DJ):    0.129ns
    Phase Error              (PE):    0.120ns
  Timing Exception:       Asynchronous Clock Groups

    Location             Delay type                Incr(ns)  Path(ns)    Netlist Resource(s)
  -------------------------------------------------------------------    -------------------
                         (clock clk_out1_pll rise edge)
                                                      0.000     0.000 r  
    AD12                                              0.000     0.000 r  i_sys_clk_p (IN)
                         net (fo=0)                   0.000     0.000    pll_inst/inst/clk_in1_p
    AD12                 IBUFDS (Prop_ibufds_I_O)     0.803     0.803 r  pll_inst/inst/clkin1_ibufgds/O
                         net (fo=1, routed)           0.986     1.789    pll_inst/inst/clk_in1_pll
    MMCME2_ADV_X1Y1      MMCME2_ADV (Prop_mmcme2_adv_CLKIN1_CLKOUT0)
                                                     -6.759    -4.970 r  pll_inst/inst/mmcm_adv_inst/CLKOUT0
                         net (fo=1, routed)           2.005    -2.965    pll_inst/inst/clk_out1_pll
    BUFGCTRL_X0Y1        BUFG (Prop_bufg_I_O)         0.083    -2.882 r  pll_inst/inst/clkout1_buf/O
                         net (fo=581, routed)         1.151    -1.731    twin_controller_inst/clk
    SLICE_X9Y200         FDCE                                         r  twin_controller_inst/sw_reg[4]/C
  -------------------------------------------------------------------    -------------------
    SLICE_X9Y200         FDCE (Prop_fdce_C_Q)         0.178    -1.553 r  twin_controller_inst/sw_reg[4]/Q
                         net (fo=3, routed)           0.254    -1.299    student_top_inst/virtual_sw[4]
    SLICE_X10Y200        FDRE                                         r  student_top_inst/virtual_sw_cpu_d1_reg[4]/D
  -------------------------------------------------------------------    -------------------

                         (clock clk_out2_pll rise edge)
                                                      0.000     0.000 r  
    AD12                                              0.000     0.000 r  i_sys_clk_p (IN)
                         net (fo=0)                   0.000     0.000    pll_inst/inst/clk_in1_p
    AD12                 IBUFDS (Prop_ibufds_I_O)     0.906     0.906 r  pll_inst/inst/clkin1_ibufgds/O
                         net (fo=1, routed)           1.081     1.987    pll_inst/inst/clk_in1_pll
    MMCME2_ADV_X1Y1      MMCME2_ADV (Prop_mmcme2_adv_CLKIN1_CLKOUT1)
                                                     -7.786    -5.799 r  pll_inst/inst/mmcm_adv_inst/CLKOUT1
                         net (fo=1, routed)           2.130    -3.669    pll_inst/inst/clk_out2_pll
    BUFGCTRL_X0Y0        BUFG (Prop_bufg_I_O)         0.093    -3.576 r  pll_inst/inst/clkout2_buf/O
                         net (fo=33272, routed)       1.292    -2.284    student_top_inst/w_cpu_clk
    SLICE_X10Y200        FDRE                                         r  student_top_inst/virtual_sw_cpu_d1_reg[4]/C

Slack:                    inf
  Source:                 student_top_inst/mem_bridge/counter_inst/cnt_ms_bin_reg[25]/C
                            (rising edge-triggered cell FDRE clocked by clk_out1_pll  {rise@0.000ns fall@10.000ns period=20.000ns})
  Destination:            student_top_inst/mem_bridge/counter_inst/cnt_gray_cpu_d1_reg[24]/D
                            (rising edge-triggered cell FDRE clocked by clk_out2_pll  {rise@0.000ns fall@5.000ns period=10.000ns})
  Path Group:             (none)
  Path Type:              Hold (Min at Slow Process Corner)
  Data Path Delay:        0.420ns  (logic 0.214ns (50.995%)  route 0.206ns (49.005%))
  Logic Levels:           1  (LUT2=1)
  Clock Path Skew:        -0.561ns (DCD - SCD - CPR)
    Destination Clock Delay (DCD):    -2.276ns
    Source Clock Delay      (SCD):    -1.716ns
    Clock Pessimism Removal (CPR):    -0.000ns
  Clock Uncertainty:      0.194ns  ((TSJ^2 + DJ^2)^1/2) / 2 + PE
    Total System Jitter     (TSJ):    0.071ns
    Discrete Jitter          (DJ):    0.129ns
    Phase Error              (PE):    0.120ns
  Timing Exception:       Asynchronous Clock Groups

    Location             Delay type                Incr(ns)  Path(ns)    Netlist Resource(s)
  -------------------------------------------------------------------    -------------------
                         (clock clk_out1_pll rise edge)
                                                      0.000     0.000 r  
    AD12                                              0.000     0.000 r  i_sys_clk_p (IN)
                         net (fo=0)                   0.000     0.000    pll_inst/inst/clk_in1_p
    AD12                 IBUFDS (Prop_ibufds_I_O)     0.803     0.803 r  pll_inst/inst/clkin1_ibufgds/O
                         net (fo=1, routed)           0.986     1.789    pll_inst/inst/clk_in1_pll
    MMCME2_ADV_X1Y1      MMCME2_ADV (Prop_mmcme2_adv_CLKIN1_CLKOUT0)
                                                     -6.759    -4.970 r  pll_inst/inst/mmcm_adv_inst/CLKOUT0
                         net (fo=1, routed)           2.005    -2.965    pll_inst/inst/clk_out1_pll
    BUFGCTRL_X0Y1        BUFG (Prop_bufg_I_O)         0.083    -2.882 r  pll_inst/inst/clkout1_buf/O
                         net (fo=581, routed)         1.166    -1.716    student_top_inst/mem_bridge/counter_inst/cnt_clk
    SLICE_X17Y196        FDRE                                         r  student_top_inst/mem_bridge/counter_inst/cnt_ms_bin_reg[25]/C
  -------------------------------------------------------------------    -------------------
    SLICE_X17Y196        FDRE (Prop_fdre_C_Q)         0.178    -1.538 r  student_top_inst/mem_bridge/counter_inst/cnt_ms_bin_reg[25]/Q
                         net (fo=3, routed)           0.206    -1.332    student_top_inst/mem_bridge/counter_inst/cnt_ms_bin_reg__0[25]
    SLICE_X15Y196        LUT2 (Prop_lut2_I0_O)        0.036    -1.296 r  student_top_inst/mem_bridge/counter_inst/cnt_gray_cpu_d1[24]_i_1/O
                         net (fo=1, routed)           0.000    -1.296    student_top_inst/mem_bridge/counter_inst/cnt_ms_gray[24]
    SLICE_X15Y196        FDRE                                         r  student_top_inst/mem_bridge/counter_inst/cnt_gray_cpu_d1_reg[24]/D
  -------------------------------------------------------------------    -------------------

                         (clock clk_out2_pll rise edge)
                                                      0.000     0.000 r  
    AD12                                              0.000     0.000 r  i_sys_clk_p (IN)
                         net (fo=0)                   0.000     0.000    pll_inst/inst/clk_in1_p
    AD12                 IBUFDS (Prop_ibufds_I_O)     0.906     0.906 r  pll_inst/inst/clkin1_ibufgds/O
                         net (fo=1, routed)           1.081     1.987    pll_inst/inst/clk_in1_pll
    MMCME2_ADV_X1Y1      MMCME2_ADV (Prop_mmcme2_adv_CLKIN1_CLKOUT1)
                                                     -7.786    -5.799 r  pll_inst/inst/mmcm_adv_inst/CLKOUT1
                         net (fo=1, routed)           2.130    -3.669    pll_inst/inst/clk_out2_pll
    BUFGCTRL_X0Y0        BUFG (Prop_bufg_I_O)         0.093    -3.576 r  pll_inst/inst/clkout2_buf/O
                         net (fo=33272, routed)       1.300    -2.276    student_top_inst/mem_bridge/counter_inst/cpu_clk
    SLICE_X15Y196        FDRE                                         r  student_top_inst/mem_bridge/counter_inst/cnt_gray_cpu_d1_reg[24]/C

Slack:                    inf
  Source:                 twin_controller_inst/sw_reg[63]/C
                            (rising edge-triggered cell FDCE clocked by clk_out1_pll  {rise@0.000ns fall@10.000ns period=20.000ns})
  Destination:            student_top_inst/virtual_sw_cpu_d1_reg[63]/D
                            (rising edge-triggered cell FDRE clocked by clk_out2_pll  {rise@0.000ns fall@5.000ns period=10.000ns})
  Path Group:             (none)
  Path Type:              Hold (Min at Slow Process Corner)
  Data Path Delay:        0.429ns  (logic 0.178ns (41.505%)  route 0.251ns (58.495%))
  Logic Levels:           0  
  Clock Path Skew:        -0.561ns (DCD - SCD - CPR)
    Destination Clock Delay (DCD):    -2.276ns
    Source Clock Delay      (SCD):    -1.716ns
    Clock Pessimism Removal (CPR):    -0.000ns
  Clock Uncertainty:      0.194ns  ((TSJ^2 + DJ^2)^1/2) / 2 + PE
    Total System Jitter     (TSJ):    0.071ns
    Discrete Jitter          (DJ):    0.129ns
    Phase Error              (PE):    0.120ns
  Timing Exception:       Asynchronous Clock Groups

    Location             Delay type                Incr(ns)  Path(ns)    Netlist Resource(s)
  -------------------------------------------------------------------    -------------------
                         (clock clk_out1_pll rise edge)
                                                      0.000     0.000 r  
    AD12                                              0.000     0.000 r  i_sys_clk_p (IN)
                         net (fo=0)                   0.000     0.000    pll_inst/inst/clk_in1_p
    AD12                 IBUFDS (Prop_ibufds_I_O)     0.803     0.803 r  pll_inst/inst/clkin1_ibufgds/O
                         net (fo=1, routed)           0.986     1.789    pll_inst/inst/clk_in1_pll
    MMCME2_ADV_X1Y1      MMCME2_ADV (Prop_mmcme2_adv_CLKIN1_CLKOUT0)
                                                     -6.759    -4.970 r  pll_inst/inst/mmcm_adv_inst/CLKOUT0
                         net (fo=1, routed)           2.005    -2.965    pll_inst/inst/clk_out1_pll
    BUFGCTRL_X0Y1        BUFG (Prop_bufg_I_O)         0.083    -2.882 r  pll_inst/inst/clkout1_buf/O
                         net (fo=581, routed)         1.166    -1.716    twin_controller_inst/clk
    SLICE_X9Y198         FDCE                                         r  twin_controller_inst/sw_reg[63]/C
  -------------------------------------------------------------------    -------------------
    SLICE_X9Y198         FDCE (Prop_fdce_C_Q)         0.178    -1.538 r  twin_controller_inst/sw_reg[63]/Q
                         net (fo=3, routed)           0.251    -1.287    student_top_inst/virtual_sw[63]
    SLICE_X11Y198        FDRE                                         r  student_top_inst/virtual_sw_cpu_d1_reg[63]/D
  -------------------------------------------------------------------    -------------------

                         (clock clk_out2_pll rise edge)
                                                      0.000     0.000 r  
    AD12                                              0.000     0.000 r  i_sys_clk_p (IN)
                         net (fo=0)                   0.000     0.000    pll_inst/inst/clk_in1_p
    AD12                 IBUFDS (Prop_ibufds_I_O)     0.906     0.906 r  pll_inst/inst/clkin1_ibufgds/O
                         net (fo=1, routed)           1.081     1.987    pll_inst/inst/clk_in1_pll
    MMCME2_ADV_X1Y1      MMCME2_ADV (Prop_mmcme2_adv_CLKIN1_CLKOUT1)
                                                     -7.786    -5.799 r  pll_inst/inst/mmcm_adv_inst/CLKOUT1
                         net (fo=1, routed)           2.130    -3.669    pll_inst/inst/clk_out2_pll
    BUFGCTRL_X0Y0        BUFG (Prop_bufg_I_O)         0.093    -3.576 r  pll_inst/inst/clkout2_buf/O
                         net (fo=33272, routed)       1.300    -2.276    student_top_inst/w_cpu_clk
    SLICE_X11Y198        FDRE                                         r  student_top_inst/virtual_sw_cpu_d1_reg[63]/C





--------------------------------------------------------------------------------------
Path Group:  (none)
From Clock:  clk_out1_pll
  To Clock:  

Max Delay            37 Endpoints
Min Delay            37 Endpoints
--------------------------------------------------------------------------------------


Max Delay Paths
--------------------------------------------------------------------------------------
Slack:                    inf
  Source:                 student_top_inst/mem_bridge/seg_driver/count_reg[4]/C
                            (rising edge-triggered cell FDCE clocked by clk_out1_pll  {rise@0.000ns fall@10.000ns period=20.000ns})
  Destination:            virtual_seg[11]
                            (output port)
  Path Group:             (none)
  Path Type:              Max at Slow Process Corner
  Data Path Delay:        9.793ns  (logic 3.004ns (30.679%)  route 6.789ns (69.321%))
  Logic Levels:           3  (LUT3=1 LUT4=1 OBUF=1)
  Clock Uncertainty:      0.159ns  ((TSJ^2 + DJ^2)^1/2) / 2 + PE
    Total System Jitter     (TSJ):    0.050ns
    Discrete Jitter          (DJ):    0.129ns
    Phase Error              (PE):    0.090ns

    Location             Delay type                Incr(ns)  Path(ns)    Netlist Resource(s)
  -------------------------------------------------------------------    -------------------
                         (clock clk_out1_pll rise edge)
                                                      0.000     0.000 r  
    AD12                                              0.000     0.000 r  i_sys_clk_p (IN)
                         net (fo=0)                   0.000     0.000    pll_inst/inst/clk_in1_p
    AD12                 IBUFDS (Prop_ibufds_I_O)     0.906     0.906 r  pll_inst/inst/clkin1_ibufgds/O
                         net (fo=1, routed)           1.081     1.987    pll_inst/inst/clk_in1_pll
    MMCME2_ADV_X1Y1      MMCME2_ADV (Prop_mmcme2_adv_CLKIN1_CLKOUT0)
                                                     -7.786    -5.799 r  pll_inst/inst/mmcm_adv_inst/CLKOUT0
                         net (fo=1, routed)           2.130    -3.669    pll_inst/inst/clk_out1_pll
    BUFGCTRL_X0Y1        BUFG (Prop_bufg_I_O)         0.093    -3.576 r  pll_inst/inst/clkout1_buf/O
                         net (fo=581, routed)         1.300    -2.276    student_top_inst/mem_bridge/seg_driver/clk
    SLICE_X12Y196        FDCE                                         r  student_top_inst/mem_bridge/seg_driver/count_reg[4]/C
  -------------------------------------------------------------------    -------------------
    SLICE_X12Y196        FDCE (Prop_fdce_C_Q)         0.236    -2.040 r  student_top_inst/mem_bridge/seg_driver/count_reg[4]/Q
                         net (fo=26, routed)          0.589    -1.451    student_top_inst/mem_bridge/seg_driver/ans[6]
    SLICE_X11Y200        LUT3 (Prop_lut3_I1_O)        0.137    -1.314 r  student_top_inst/mem_bridge/seg_driver/SEG2_i_4/O
                         net (fo=7, routed)           0.763    -0.551    student_top_inst/mem_bridge/seg_driver/SEG2/din[0]
    SLICE_X6Y206         LUT4 (Prop_lut4_I1_O)        0.141    -0.410 r  student_top_inst/mem_bridge/seg_driver/SEG2/dout[1]_INST_0/O
                         net (fo=2, routed)           5.436     5.026    virtual_seg_OBUF[11]
    H11                  OBUF (Prop_obuf_I_O)         2.490     7.517 r  virtual_seg_OBUF[11]_inst/O
                         net (fo=0)                   0.000     7.517    virtual_seg[11]
    H11                                                               r  virtual_seg[11] (OUT)
  -------------------------------------------------------------------    -------------------

Slack:                    inf
  Source:                 student_top_inst/mem_bridge/seg_driver/count_reg[4]/C
                            (rising edge-triggered cell FDCE clocked by clk_out1_pll  {rise@0.000ns fall@10.000ns period=20.000ns})
  Destination:            virtual_seg[14]
                            (output port)
  Path Group:             (none)
  Path Type:              Max at Slow Process Corner
  Data Path Delay:        9.479ns  (logic 2.906ns (30.662%)  route 6.572ns (69.338%))
  Logic Levels:           3  (LUT3=1 LUT4=1 OBUF=1)
  Clock Uncertainty:      0.159ns  ((TSJ^2 + DJ^2)^1/2) / 2 + PE
    Total System Jitter     (TSJ):    0.050ns
    Discrete Jitter          (DJ):    0.129ns
    Phase Error              (PE):    0.090ns

    Location             Delay type                Incr(ns)  Path(ns)    Netlist Resource(s)
  -------------------------------------------------------------------    -------------------
                         (clock clk_out1_pll rise edge)
                                                      0.000     0.000 r  
    AD12                                              0.000     0.000 r  i_sys_clk_p (IN)
                         net (fo=0)                   0.000     0.000    pll_inst/inst/clk_in1_p
    AD12                 IBUFDS (Prop_ibufds_I_O)     0.906     0.906 r  pll_inst/inst/clkin1_ibufgds/O
                         net (fo=1, routed)           1.081     1.987    pll_inst/inst/clk_in1_pll
    MMCME2_ADV_X1Y1      MMCME2_ADV (Prop_mmcme2_adv_CLKIN1_CLKOUT0)
                                                     -7.786    -5.799 r  pll_inst/inst/mmcm_adv_inst/CLKOUT0
                         net (fo=1, routed)           2.130    -3.669    pll_inst/inst/clk_out1_pll
    BUFGCTRL_X0Y1        BUFG (Prop_bufg_I_O)         0.093    -3.576 r  pll_inst/inst/clkout1_buf/O
                         net (fo=581, routed)         1.300    -2.276    student_top_inst/mem_bridge/seg_driver/clk
    SLICE_X12Y196        FDCE                                         r  student_top_inst/mem_bridge/seg_driver/count_reg[4]/C
  -------------------------------------------------------------------    -------------------
    SLICE_X12Y196        FDCE (Prop_fdce_C_Q)         0.236    -2.040 r  student_top_inst/mem_bridge/seg_driver/count_reg[4]/Q
                         net (fo=26, routed)          0.676    -1.364    student_top_inst/mem_bridge/seg_driver/ans[6]
    SLICE_X10Y199        LUT3 (Prop_lut3_I1_O)        0.130    -1.234 r  student_top_inst/mem_bridge/seg_driver/SEG2_i_2/O
                         net (fo=7, routed)           0.664    -0.570    student_top_inst/mem_bridge/seg_driver/SEG2/din[2]
    SLICE_X6Y206         LUT4 (Prop_lut4_I2_O)        0.134    -0.436 r  student_top_inst/mem_bridge/seg_driver/SEG2/dout[4]_INST_0/O
                         net (fo=2, routed)           5.232     4.796    virtual_seg_OBUF[14]
    J11                  OBUF (Prop_obuf_I_O)         2.406     7.202 r  virtual_seg_OBUF[14]_inst/O
                         net (fo=0)                   0.000     7.202    virtual_seg[14]
    J11                                                               r  virtual_seg[14] (OUT)
  -------------------------------------------------------------------    -------------------

Slack:                    inf
  Source:                 student_top_inst/mem_bridge/seg_wdata_cnt_d2_reg[0]/C
                            (rising edge-triggered cell FDRE clocked by clk_out1_pll  {rise@0.000ns fall@10.000ns period=20.000ns})
  Destination:            virtual_seg[1]
                            (output port)
  Path Group:             (none)
  Path Type:              Max at Slow Process Corner
  Data Path Delay:        8.883ns  (logic 2.940ns (33.098%)  route 5.943ns (66.902%))
  Logic Levels:           3  (LUT3=1 LUT4=1 OBUF=1)
  Clock Uncertainty:      0.159ns  ((TSJ^2 + DJ^2)^1/2) / 2 + PE
    Total System Jitter     (TSJ):    0.050ns
    Discrete Jitter          (DJ):    0.129ns
    Phase Error              (PE):    0.090ns

    Location             Delay type                Incr(ns)  Path(ns)    Netlist Resource(s)
  -------------------------------------------------------------------    -------------------
                         (clock clk_out1_pll rise edge)
                                                      0.000     0.000 r  
    AD12                                              0.000     0.000 r  i_sys_clk_p (IN)
                         net (fo=0)                   0.000     0.000    pll_inst/inst/clk_in1_p
    AD12                 IBUFDS (Prop_ibufds_I_O)     0.906     0.906 r  pll_inst/inst/clkin1_ibufgds/O
                         net (fo=1, routed)           1.081     1.987    pll_inst/inst/clk_in1_pll
    MMCME2_ADV_X1Y1      MMCME2_ADV (Prop_mmcme2_adv_CLKIN1_CLKOUT0)
                                                     -7.786    -5.799 r  pll_inst/inst/mmcm_adv_inst/CLKOUT0
                         net (fo=1, routed)           2.130    -3.669    pll_inst/inst/clk_out1_pll
    BUFGCTRL_X0Y1        BUFG (Prop_bufg_I_O)         0.093    -3.576 r  pll_inst/inst/clkout1_buf/O
                         net (fo=581, routed)         1.300    -2.276    student_top_inst/mem_bridge/cnt_clk
    SLICE_X11Y199        FDRE                                         r  student_top_inst/mem_bridge/seg_wdata_cnt_d2_reg[0]/C
  -------------------------------------------------------------------    -------------------
    SLICE_X11Y199        FDRE (Prop_fdre_C_Q)         0.204    -2.072 r  student_top_inst/mem_bridge/seg_wdata_cnt_d2_reg[0]/Q
                         net (fo=1, routed)           0.527    -1.545    student_top_inst/mem_bridge/seg_driver/s[0]
    SLICE_X11Y200        LUT3 (Prop_lut3_I0_O)        0.132    -1.413 r  student_top_inst/mem_bridge/seg_driver/SEG1_i_4/O
                         net (fo=7, routed)           0.712    -0.701    student_top_inst/mem_bridge/seg_driver/SEG1/din[0]
    SLICE_X6Y202         LUT4 (Prop_lut4_I1_O)        0.140    -0.561 r  student_top_inst/mem_bridge/seg_driver/SEG1/dout[1]_INST_0/O
                         net (fo=2, routed)           4.703     4.142    virtual_seg_OBUF[1]
    L15                  OBUF (Prop_obuf_I_O)         2.464     6.606 r  virtual_seg_OBUF[1]_inst/O
                         net (fo=0)                   0.000     6.606    virtual_seg[1]
    L15                                                               r  virtual_seg[1] (OUT)
  -------------------------------------------------------------------    -------------------

Slack:                    inf
  Source:                 student_top_inst/mem_bridge/seg_wdata_cnt_d2_reg[1]/C
                            (rising edge-triggered cell FDRE clocked by clk_out1_pll  {rise@0.000ns fall@10.000ns period=20.000ns})
  Destination:            virtual_seg[4]
                            (output port)
  Path Group:             (none)
  Path Type:              Max at Slow Process Corner
  Data Path Delay:        8.793ns  (logic 2.788ns (31.712%)  route 6.004ns (68.288%))
  Logic Levels:           3  (LUT3=1 LUT4=1 OBUF=1)
  Clock Uncertainty:      0.159ns  ((TSJ^2 + DJ^2)^1/2) / 2 + PE
    Total System Jitter     (TSJ):    0.050ns
    Discrete Jitter          (DJ):    0.129ns
    Phase Error              (PE):    0.090ns

    Location             Delay type                Incr(ns)  Path(ns)    Netlist Resource(s)
  -------------------------------------------------------------------    -------------------
                         (clock clk_out1_pll rise edge)
                                                      0.000     0.000 r  
    AD12                                              0.000     0.000 r  i_sys_clk_p (IN)
                         net (fo=0)                   0.000     0.000    pll_inst/inst/clk_in1_p
    AD12                 IBUFDS (Prop_ibufds_I_O)     0.906     0.906 r  pll_inst/inst/clkin1_ibufgds/O
                         net (fo=1, routed)           1.081     1.987    pll_inst/inst/clk_in1_pll
    MMCME2_ADV_X1Y1      MMCME2_ADV (Prop_mmcme2_adv_CLKIN1_CLKOUT0)
                                                     -7.786    -5.799 r  pll_inst/inst/mmcm_adv_inst/CLKOUT0
                         net (fo=1, routed)           2.130    -3.669    pll_inst/inst/clk_out1_pll
    BUFGCTRL_X0Y1        BUFG (Prop_bufg_I_O)         0.093    -3.576 r  pll_inst/inst/clkout1_buf/O
                         net (fo=581, routed)         1.300    -2.276    student_top_inst/mem_bridge/cnt_clk
    SLICE_X10Y199        FDRE                                         r  student_top_inst/mem_bridge/seg_wdata_cnt_d2_reg[1]/C
  -------------------------------------------------------------------    -------------------
    SLICE_X10Y199        FDRE (Prop_fdre_C_Q)         0.236    -2.040 r  student_top_inst/mem_bridge/seg_wdata_cnt_d2_reg[1]/Q
                         net (fo=1, routed)           0.575    -1.465    student_top_inst/mem_bridge/seg_driver/s[1]
    SLICE_X11Y200        LUT3 (Prop_lut3_I0_O)        0.128    -1.337 r  student_top_inst/mem_bridge/seg_driver/SEG1_i_3/O
                         net (fo=7, routed)           0.718    -0.620    student_top_inst/mem_bridge/seg_driver/SEG1/din[1]
    SLICE_X6Y202         LUT4 (Prop_lut4_I1_O)        0.043    -0.577 r  student_top_inst/mem_bridge/seg_driver/SEG1/dout[4]_INST_0/O
                         net (fo=2, routed)           4.712     4.135    virtual_seg_OBUF[4]
    K16                  OBUF (Prop_obuf_I_O)         2.381     6.516 r  virtual_seg_OBUF[4]_inst/O
                         net (fo=0)                   0.000     6.516    virtual_seg[4]
    K16                                                               r  virtual_seg[4] (OUT)
  -------------------------------------------------------------------    -------------------

Slack:                    inf
  Source:                 student_top_inst/mem_bridge/seg_driver/count_reg[4]/C
                            (rising edge-triggered cell FDCE clocked by clk_out1_pll  {rise@0.000ns fall@10.000ns period=20.000ns})
  Destination:            virtual_seg[13]
                            (output port)
  Path Group:             (none)
  Path Type:              Max at Slow Process Corner
  Data Path Delay:        8.589ns  (logic 3.022ns (35.182%)  route 5.567ns (64.818%))
  Logic Levels:           3  (LUT3=1 LUT4=1 OBUF=1)
  Clock Uncertainty:      0.159ns  ((TSJ^2 + DJ^2)^1/2) / 2 + PE
    Total System Jitter     (TSJ):    0.050ns
    Discrete Jitter          (DJ):    0.129ns
    Phase Error              (PE):    0.090ns

    Location             Delay type                Incr(ns)  Path(ns)    Netlist Resource(s)
  -------------------------------------------------------------------    -------------------
                         (clock clk_out1_pll rise edge)
                                                      0.000     0.000 r  
    AD12                                              0.000     0.000 r  i_sys_clk_p (IN)
                         net (fo=0)                   0.000     0.000    pll_inst/inst/clk_in1_p
    AD12                 IBUFDS (Prop_ibufds_I_O)     0.906     0.906 r  pll_inst/inst/clkin1_ibufgds/O
                         net (fo=1, routed)           1.081     1.987    pll_inst/inst/clk_in1_pll
    MMCME2_ADV_X1Y1      MMCME2_ADV (Prop_mmcme2_adv_CLKIN1_CLKOUT0)
                                                     -7.786    -5.799 r  pll_inst/inst/mmcm_adv_inst/CLKOUT0
                         net (fo=1, routed)           2.130    -3.669    pll_inst/inst/clk_out1_pll
    BUFGCTRL_X0Y1        BUFG (Prop_bufg_I_O)         0.093    -3.576 r  pll_inst/inst/clkout1_buf/O
                         net (fo=581, routed)         1.300    -2.276    student_top_inst/mem_bridge/seg_driver/clk
    SLICE_X12Y196        FDCE                                         r  student_top_inst/mem_bridge/seg_driver/count_reg[4]/C
  -------------------------------------------------------------------    -------------------
    SLICE_X12Y196        FDCE (Prop_fdce_C_Q)         0.236    -2.040 r  student_top_inst/mem_bridge/seg_driver/count_reg[4]/Q
                         net (fo=26, routed)          0.589    -1.451    student_top_inst/mem_bridge/seg_driver/ans[6]
    SLICE_X11Y200        LUT3 (Prop_lut3_I1_O)        0.137    -1.314 r  student_top_inst/mem_bridge/seg_driver/SEG2_i_4/O
                         net (fo=7, routed)           0.759    -0.555    student_top_inst/mem_bridge/seg_driver/SEG2/din[0]
    SLICE_X6Y206         LUT4 (Prop_lut4_I3_O)        0.145    -0.410 r  student_top_inst/mem_bridge/seg_driver/SEG2/dout[3]_INST_0/O
                         net (fo=2, routed)           4.219     3.809    virtual_seg_OBUF[13]
    L11                  OBUF (Prop_obuf_I_O)         2.504     6.312 r  virtual_seg_OBUF[13]_inst/O
                         net (fo=0)                   0.000     6.312    virtual_seg[13]
    L11                                                               r  virtual_seg[13] (OUT)
  -------------------------------------------------------------------    -------------------

Slack:                    inf
  Source:                 student_top_inst/mem_bridge/seg_wdata_cnt_d2_reg[0]/C
                            (rising edge-triggered cell FDRE clocked by clk_out1_pll  {rise@0.000ns fall@10.000ns period=20.000ns})
  Destination:            virtual_seg[3]
                            (output port)
  Path Group:             (none)
  Path Type:              Max at Slow Process Corner
  Data Path Delay:        8.530ns  (logic 2.959ns (34.688%)  route 5.571ns (65.312%))
  Logic Levels:           3  (LUT3=1 LUT4=1 OBUF=1)
  Clock Uncertainty:      0.159ns  ((TSJ^2 + DJ^2)^1/2) / 2 + PE
    Total System Jitter     (TSJ):    0.050ns
    Discrete Jitter          (DJ):    0.129ns
    Phase Error              (PE):    0.090ns

    Location             Delay type                Incr(ns)  Path(ns)    Netlist Resource(s)
  -------------------------------------------------------------------    -------------------
                         (clock clk_out1_pll rise edge)
                                                      0.000     0.000 r  
    AD12                                              0.000     0.000 r  i_sys_clk_p (IN)
                         net (fo=0)                   0.000     0.000    pll_inst/inst/clk_in1_p
    AD12                 IBUFDS (Prop_ibufds_I_O)     0.906     0.906 r  pll_inst/inst/clkin1_ibufgds/O
                         net (fo=1, routed)           1.081     1.987    pll_inst/inst/clk_in1_pll
    MMCME2_ADV_X1Y1      MMCME2_ADV (Prop_mmcme2_adv_CLKIN1_CLKOUT0)
                                                     -7.786    -5.799 r  pll_inst/inst/mmcm_adv_inst/CLKOUT0
                         net (fo=1, routed)           2.130    -3.669    pll_inst/inst/clk_out1_pll
    BUFGCTRL_X0Y1        BUFG (Prop_bufg_I_O)         0.093    -3.576 r  pll_inst/inst/clkout1_buf/O
                         net (fo=581, routed)         1.300    -2.276    student_top_inst/mem_bridge/cnt_clk
    SLICE_X11Y199        FDRE                                         r  student_top_inst/mem_bridge/seg_wdata_cnt_d2_reg[0]/C
  -------------------------------------------------------------------    -------------------
    SLICE_X11Y199        FDRE (Prop_fdre_C_Q)         0.204    -2.072 r  student_top_inst/mem_bridge/seg_wdata_cnt_d2_reg[0]/Q
                         net (fo=1, routed)           0.527    -1.545    student_top_inst/mem_bridge/seg_driver/s[0]
    SLICE_X11Y200        LUT3 (Prop_lut3_I0_O)        0.132    -1.413 r  student_top_inst/mem_bridge/seg_driver/SEG1_i_4/O
                         net (fo=7, routed)           0.708    -0.705    student_top_inst/mem_bridge/seg_driver/SEG1/din[0]
    SLICE_X6Y202         LUT4 (Prop_lut4_I3_O)        0.144    -0.561 r  student_top_inst/mem_bridge/seg_driver/SEG1/dout[3]_INST_0/O
                         net (fo=2, routed)           4.336     3.775    virtual_seg_OBUF[3]
    J16                  OBUF (Prop_obuf_I_O)         2.479     6.254 r  virtual_seg_OBUF[3]_inst/O
                         net (fo=0)                   0.000     6.254    virtual_seg[3]
    J16                                                               r  virtual_seg[3] (OUT)
  -------------------------------------------------------------------    -------------------

Slack:                    inf
  Source:                 student_top_inst/mem_bridge/seg_driver/count_reg[4]/C
                            (rising edge-triggered cell FDCE clocked by clk_out1_pll  {rise@0.000ns fall@10.000ns period=20.000ns})
  Destination:            virtual_seg[21]
                            (output port)
  Path Group:             (none)
  Path Type:              Max at Slow Process Corner
  Data Path Delay:        8.493ns  (logic 2.999ns (35.305%)  route 5.495ns (64.695%))
  Logic Levels:           3  (LUT3=1 LUT4=1 OBUF=1)
  Clock Uncertainty:      0.159ns  ((TSJ^2 + DJ^2)^1/2) / 2 + PE
    Total System Jitter     (TSJ):    0.050ns
    Discrete Jitter          (DJ):    0.129ns
    Phase Error              (PE):    0.090ns

    Location             Delay type                Incr(ns)  Path(ns)    Netlist Resource(s)
  -------------------------------------------------------------------    -------------------
                         (clock clk_out1_pll rise edge)
                                                      0.000     0.000 r  
    AD12                                              0.000     0.000 r  i_sys_clk_p (IN)
                         net (fo=0)                   0.000     0.000    pll_inst/inst/clk_in1_p
    AD12                 IBUFDS (Prop_ibufds_I_O)     0.906     0.906 r  pll_inst/inst/clkin1_ibufgds/O
                         net (fo=1, routed)           1.081     1.987    pll_inst/inst/clk_in1_pll
    MMCME2_ADV_X1Y1      MMCME2_ADV (Prop_mmcme2_adv_CLKIN1_CLKOUT0)
                                                     -7.786    -5.799 r  pll_inst/inst/mmcm_adv_inst/CLKOUT0
                         net (fo=1, routed)           2.130    -3.669    pll_inst/inst/clk_out1_pll
    BUFGCTRL_X0Y1        BUFG (Prop_bufg_I_O)         0.093    -3.576 r  pll_inst/inst/clkout1_buf/O
                         net (fo=581, routed)         1.300    -2.276    student_top_inst/mem_bridge/seg_driver/clk
    SLICE_X12Y196        FDCE                                         r  student_top_inst/mem_bridge/seg_driver/count_reg[4]/C
  -------------------------------------------------------------------    -------------------
    SLICE_X12Y196        FDCE (Prop_fdce_C_Q)         0.236    -2.040 r  student_top_inst/mem_bridge/seg_driver/count_reg[4]/Q
                         net (fo=26, routed)          0.856    -1.184    student_top_inst/mem_bridge/seg_driver/ans[6]
    SLICE_X13Y191        LUT3 (Prop_lut3_I1_O)        0.134    -1.050 f  student_top_inst/mem_bridge/seg_driver/SEG3_i_2/O
                         net (fo=7, routed)           0.618    -0.432    student_top_inst/mem_bridge/seg_driver/SEG3/din[2]
    SLICE_X4Y190         LUT4 (Prop_lut4_I3_O)        0.144    -0.288 r  student_top_inst/mem_bridge/seg_driver/SEG3/dout[1]_INST_0/O
                         net (fo=2, routed)           4.021     3.732    virtual_seg_OBUF[21]
    AG27                 OBUF (Prop_obuf_I_O)         2.485     6.217 r  virtual_seg_OBUF[21]_inst/O
                         net (fo=0)                   0.000     6.217    virtual_seg[21]
    AG27                                                              r  virtual_seg[21] (OUT)
  -------------------------------------------------------------------    -------------------

Slack:                    inf
  Source:                 student_top_inst/mem_bridge/seg_driver/count_reg[4]/C
                            (rising edge-triggered cell FDCE clocked by clk_out1_pll  {rise@0.000ns fall@10.000ns period=20.000ns})
  Destination:            virtual_seg[34]
                            (output port)
  Path Group:             (none)
  Path Type:              Max at Slow Process Corner
  Data Path Delay:        8.477ns  (logic 2.820ns (33.268%)  route 5.657ns (66.732%))
  Logic Levels:           3  (LUT3=1 LUT4=1 OBUF=1)
  Clock Uncertainty:      0.159ns  ((TSJ^2 + DJ^2)^1/2) / 2 + PE
    Total System Jitter     (TSJ):    0.050ns
    Discrete Jitter          (DJ):    0.129ns
    Phase Error              (PE):    0.090ns

    Location             Delay type                Incr(ns)  Path(ns)    Netlist Resource(s)
  -------------------------------------------------------------------    -------------------
                         (clock clk_out1_pll rise edge)
                                                      0.000     0.000 r  
    AD12                                              0.000     0.000 r  i_sys_clk_p (IN)
                         net (fo=0)                   0.000     0.000    pll_inst/inst/clk_in1_p
    AD12                 IBUFDS (Prop_ibufds_I_O)     0.906     0.906 r  pll_inst/inst/clkin1_ibufgds/O
                         net (fo=1, routed)           1.081     1.987    pll_inst/inst/clk_in1_pll
    MMCME2_ADV_X1Y1      MMCME2_ADV (Prop_mmcme2_adv_CLKIN1_CLKOUT0)
                                                     -7.786    -5.799 r  pll_inst/inst/mmcm_adv_inst/CLKOUT0
                         net (fo=1, routed)           2.130    -3.669    pll_inst/inst/clk_out1_pll
    BUFGCTRL_X0Y1        BUFG (Prop_bufg_I_O)         0.093    -3.576 r  pll_inst/inst/clkout1_buf/O
                         net (fo=581, routed)         1.300    -2.276    student_top_inst/mem_bridge/seg_driver/clk
    SLICE_X12Y196        FDCE                                         r  student_top_inst/mem_bridge/seg_driver/count_reg[4]/C
  -------------------------------------------------------------------    -------------------
    SLICE_X12Y196        FDCE (Prop_fdce_C_Q)         0.236    -2.040 r  student_top_inst/mem_bridge/seg_driver/count_reg[4]/Q
                         net (fo=26, routed)          0.578    -1.462    student_top_inst/mem_bridge/seg_driver/ans[6]
    SLICE_X15Y197        LUT3 (Prop_lut3_I1_O)        0.126    -1.336 r  student_top_inst/mem_bridge/seg_driver/SEG4_i_1/O
                         net (fo=7, routed)           0.750    -0.586    student_top_inst/mem_bridge/seg_driver/SEG4/din[3]
    SLICE_X4Y197         LUT4 (Prop_lut4_I0_O)        0.043    -0.543 r  student_top_inst/mem_bridge/seg_driver/SEG4/dout[4]_INST_0/O
                         net (fo=2, routed)           4.329     3.786    virtual_seg_OBUF[34]
    AG30                 OBUF (Prop_obuf_I_O)         2.415     6.201 r  virtual_seg_OBUF[34]_inst/O
                         net (fo=0)                   0.000     6.201    virtual_seg[34]
    AG30                                                              r  virtual_seg[34] (OUT)
  -------------------------------------------------------------------    -------------------

Slack:                    inf
  Source:                 student_top_inst/mem_bridge/seg_driver/count_reg[4]/C
                            (rising edge-triggered cell FDCE clocked by clk_out1_pll  {rise@0.000ns fall@10.000ns period=20.000ns})
  Destination:            virtual_seg[10]
                            (output port)
  Path Group:             (none)
  Path Type:              Max at Slow Process Corner
  Data Path Delay:        8.400ns  (logic 2.895ns (34.460%)  route 5.505ns (65.540%))
  Logic Levels:           3  (LUT3=1 LUT4=1 OBUF=1)
  Clock Uncertainty:      0.159ns  ((TSJ^2 + DJ^2)^1/2) / 2 + PE
    Total System Jitter     (TSJ):    0.050ns
    Discrete Jitter          (DJ):    0.129ns
    Phase Error              (PE):    0.090ns

    Location             Delay type                Incr(ns)  Path(ns)    Netlist Resource(s)
  -------------------------------------------------------------------    -------------------
                         (clock clk_out1_pll rise edge)
                                                      0.000     0.000 r  
    AD12                                              0.000     0.000 r  i_sys_clk_p (IN)
                         net (fo=0)                   0.000     0.000    pll_inst/inst/clk_in1_p
    AD12                 IBUFDS (Prop_ibufds_I_O)     0.906     0.906 r  pll_inst/inst/clkin1_ibufgds/O
                         net (fo=1, routed)           1.081     1.987    pll_inst/inst/clk_in1_pll
    MMCME2_ADV_X1Y1      MMCME2_ADV (Prop_mmcme2_adv_CLKIN1_CLKOUT0)
                                                     -7.786    -5.799 r  pll_inst/inst/mmcm_adv_inst/CLKOUT0
                         net (fo=1, routed)           2.130    -3.669    pll_inst/inst/clk_out1_pll
    BUFGCTRL_X0Y1        BUFG (Prop_bufg_I_O)         0.093    -3.576 r  pll_inst/inst/clkout1_buf/O
                         net (fo=581, routed)         1.300    -2.276    student_top_inst/mem_bridge/seg_driver/clk
    SLICE_X12Y196        FDCE                                         r  student_top_inst/mem_bridge/seg_driver/count_reg[4]/C
  -------------------------------------------------------------------    -------------------
    SLICE_X12Y196        FDCE (Prop_fdce_C_Q)         0.236    -2.040 r  student_top_inst/mem_bridge/seg_driver/count_reg[4]/Q
                         net (fo=26, routed)          0.589    -1.451    student_top_inst/mem_bridge/seg_driver/ans[6]
    SLICE_X11Y200        LUT3 (Prop_lut3_I1_O)        0.137    -1.314 r  student_top_inst/mem_bridge/seg_driver/SEG2_i_4/O
                         net (fo=7, routed)           0.763    -0.551    student_top_inst/mem_bridge/seg_driver/SEG2/din[0]
    SLICE_X6Y206         LUT4 (Prop_lut4_I3_O)        0.137    -0.414 r  student_top_inst/mem_bridge/seg_driver/SEG2/dout[0]_INST_0/O
                         net (fo=2, routed)           4.153     3.739    virtual_seg_OBUF[10]
    J13                  OBUF (Prop_obuf_I_O)         2.385     6.123 r  virtual_seg_OBUF[10]_inst/O
                         net (fo=0)                   0.000     6.123    virtual_seg[10]
    J13                                                               r  virtual_seg[10] (OUT)
  -------------------------------------------------------------------    -------------------

Slack:                    inf
  Source:                 student_top_inst/mem_bridge/seg_driver/count_reg[4]/C
                            (rising edge-triggered cell FDCE clocked by clk_out1_pll  {rise@0.000ns fall@10.000ns period=20.000ns})
  Destination:            virtual_seg[33]
                            (output port)
  Path Group:             (none)
  Path Type:              Max at Slow Process Corner
  Data Path Delay:        8.390ns  (logic 3.031ns (36.121%)  route 5.360ns (63.879%))
  Logic Levels:           3  (LUT3=1 LUT4=1 OBUF=1)
  Clock Uncertainty:      0.159ns  ((TSJ^2 + DJ^2)^1/2) / 2 + PE
    Total System Jitter     (TSJ):    0.050ns
    Discrete Jitter          (DJ):    0.129ns
    Phase Error              (PE):    0.090ns

    Location             Delay type                Incr(ns)  Path(ns)    Netlist Resource(s)
  -------------------------------------------------------------------    -------------------
                         (clock clk_out1_pll rise edge)
                                                      0.000     0.000 r  
    AD12                                              0.000     0.000 r  i_sys_clk_p (IN)
                         net (fo=0)                   0.000     0.000    pll_inst/inst/clk_in1_p
    AD12                 IBUFDS (Prop_ibufds_I_O)     0.906     0.906 r  pll_inst/inst/clkin1_ibufgds/O
                         net (fo=1, routed)           1.081     1.987    pll_inst/inst/clk_in1_pll
    MMCME2_ADV_X1Y1      MMCME2_ADV (Prop_mmcme2_adv_CLKIN1_CLKOUT0)
                                                     -7.786    -5.799 r  pll_inst/inst/mmcm_adv_inst/CLKOUT0
                         net (fo=1, routed)           2.130    -3.669    pll_inst/inst/clk_out1_pll
    BUFGCTRL_X0Y1        BUFG (Prop_bufg_I_O)         0.093    -3.576 r  pll_inst/inst/clkout1_buf/O
                         net (fo=581, routed)         1.300    -2.276    student_top_inst/mem_bridge/seg_driver/clk
    SLICE_X12Y196        FDCE                                         r  student_top_inst/mem_bridge/seg_driver/count_reg[4]/C
  -------------------------------------------------------------------    -------------------
    SLICE_X12Y196        FDCE (Prop_fdce_C_Q)         0.236    -2.040 r  student_top_inst/mem_bridge/seg_driver/count_reg[4]/Q
                         net (fo=26, routed)          0.578    -1.462    student_top_inst/mem_bridge/seg_driver/ans[6]
    SLICE_X15Y197        LUT3 (Prop_lut3_I1_O)        0.134    -1.328 r  student_top_inst/mem_bridge/seg_driver/SEG4_i_2/O
                         net (fo=7, routed)           0.817    -0.511    student_top_inst/mem_bridge/seg_driver/SEG4/din[2]
    SLICE_X4Y197         LUT4 (Prop_lut4_I1_O)        0.147    -0.364 r  student_top_inst/mem_bridge/seg_driver/SEG4/dout[3]_INST_0/O
                         net (fo=2, routed)           3.965     3.600    virtual_seg_OBUF[33]
    AE30                 OBUF (Prop_obuf_I_O)         2.514     6.114 r  virtual_seg_OBUF[33]_inst/O
                         net (fo=0)                   0.000     6.114    virtual_seg[33]
    AE30                                                              r  virtual_seg[33] (OUT)
  -------------------------------------------------------------------    -------------------





Min Delay Paths
--------------------------------------------------------------------------------------
Slack:                    inf
  Source:                 uart_inst/tx_reg/C
                            (rising edge-triggered cell FDPE clocked by clk_out1_pll  {rise@0.000ns fall@10.000ns period=20.000ns})
  Destination:            o_uart_tx
                            (output port)
  Path Group:             (none)
  Path Type:              Min at Fast Process Corner
  Data Path Delay:        2.438ns  (logic 1.524ns (62.493%)  route 0.914ns (37.507%))
  Logic Levels:           1  (OBUF=1)
  Clock Uncertainty:      0.159ns  ((TSJ^2 + DJ^2)^1/2) / 2 + PE
    Total System Jitter     (TSJ):    0.050ns
    Discrete Jitter          (DJ):    0.129ns
    Phase Error              (PE):    0.090ns

    Location             Delay type                Incr(ns)  Path(ns)    Netlist Resource(s)
  -------------------------------------------------------------------    -------------------
                         (clock clk_out1_pll rise edge)
                                                      0.000     0.000 r  
    AD12                                              0.000     0.000 r  i_sys_clk_p (IN)
                         net (fo=0)                   0.000     0.000    pll_inst/inst/clk_in1_p
    AD12                 IBUFDS (Prop_ibufds_I_O)     0.388     0.388 r  pll_inst/inst/clkin1_ibufgds/O
                         net (fo=1, routed)           0.503     0.891    pll_inst/inst/clk_in1_pll
    MMCME2_ADV_X1Y1      MMCME2_ADV (Prop_mmcme2_adv_CLKIN1_CLKOUT0)
                                                     -3.040    -2.149 r  pll_inst/inst/mmcm_adv_inst/CLKOUT0
                         net (fo=1, routed)           0.940    -1.209    pll_inst/inst/clk_out1_pll
    BUFGCTRL_X0Y1        BUFG (Prop_bufg_I_O)         0.026    -1.183 r  pll_inst/inst/clkout1_buf/O
                         net (fo=581, routed)         0.610    -0.573    uart_inst/clk
    SLICE_X0Y205         FDPE                                         r  uart_inst/tx_reg/C
  -------------------------------------------------------------------    -------------------
    SLICE_X0Y205         FDPE (Prop_fdpe_C_Q)         0.100    -0.473 r  uart_inst/tx_reg/Q
                         net (fo=1, routed)           0.914     0.442    o_uart_tx_OBUF
    D17                  OBUF (Prop_obuf_I_O)         1.424     1.865 r  o_uart_tx_OBUF_inst/O
                         net (fo=0)                   0.000     1.865    o_uart_tx
    D17                                                               r  o_uart_tx (OUT)
  -------------------------------------------------------------------    -------------------

Slack:                    inf
  Source:                 student_top_inst/mem_bridge/seg_wdata_cnt_d2_reg[22]/C
                            (rising edge-triggered cell FDRE clocked by clk_out1_pll  {rise@0.000ns fall@10.000ns period=20.000ns})
  Destination:            virtual_seg[20]
                            (output port)
  Path Group:             (none)
  Path Type:              Min at Fast Process Corner
  Data Path Delay:        3.161ns  (logic 1.540ns (48.712%)  route 1.621ns (51.288%))
  Logic Levels:           3  (LUT3=1 LUT4=1 OBUF=1)
  Clock Uncertainty:      0.159ns  ((TSJ^2 + DJ^2)^1/2) / 2 + PE
    Total System Jitter     (TSJ):    0.050ns
    Discrete Jitter          (DJ):    0.129ns
    Phase Error              (PE):    0.090ns

    Location             Delay type                Incr(ns)  Path(ns)    Netlist Resource(s)
  -------------------------------------------------------------------    -------------------
                         (clock clk_out1_pll rise edge)
                                                      0.000     0.000 r  
    AD12                                              0.000     0.000 r  i_sys_clk_p (IN)
                         net (fo=0)                   0.000     0.000    pll_inst/inst/clk_in1_p
    AD12                 IBUFDS (Prop_ibufds_I_O)     0.388     0.388 r  pll_inst/inst/clkin1_ibufgds/O
                         net (fo=1, routed)           0.503     0.891    pll_inst/inst/clk_in1_pll
    MMCME2_ADV_X1Y1      MMCME2_ADV (Prop_mmcme2_adv_CLKIN1_CLKOUT0)
                                                     -3.040    -2.149 r  pll_inst/inst/mmcm_adv_inst/CLKOUT0
                         net (fo=1, routed)           0.940    -1.209    pll_inst/inst/clk_out1_pll
    BUFGCTRL_X0Y1        BUFG (Prop_bufg_I_O)         0.026    -1.183 r  pll_inst/inst/clkout1_buf/O
                         net (fo=581, routed)         0.590    -0.593    student_top_inst/mem_bridge/cnt_clk
    SLICE_X13Y191        FDRE                                         r  student_top_inst/mem_bridge/seg_wdata_cnt_d2_reg[22]/C
  -------------------------------------------------------------------    -------------------
    SLICE_X13Y191        FDRE (Prop_fdre_C_Q)         0.091    -0.502 r  student_top_inst/mem_bridge/seg_wdata_cnt_d2_reg[22]/Q
                         net (fo=1, routed)           0.075    -0.426    student_top_inst/mem_bridge/seg_driver/s[22]
    SLICE_X13Y191        LUT3 (Prop_lut3_I2_O)        0.066    -0.360 r  student_top_inst/mem_bridge/seg_driver/SEG3_i_2/O
                         net (fo=7, routed)           0.345    -0.015    student_top_inst/mem_bridge/seg_driver/SEG3/din[2]
    SLICE_X4Y190         LUT4 (Prop_lut4_I1_O)        0.069     0.054 r  student_top_inst/mem_bridge/seg_driver/SEG3/dout[0]_INST_0/O
                         net (fo=2, routed)           1.201     1.254    virtual_seg_OBUF[20]
    AG28                 OBUF (Prop_obuf_I_O)         1.314     2.568 r  virtual_seg_OBUF[20]_inst/O
                         net (fo=0)                   0.000     2.568    virtual_seg[20]
    AG28                                                              r  virtual_seg[20] (OUT)
  -------------------------------------------------------------------    -------------------

Slack:                    inf
  Source:                 student_top_inst/mem_bridge/seg_wdata_cnt_d2_reg[23]/C
                            (rising edge-triggered cell FDRE clocked by clk_out1_pll  {rise@0.000ns fall@10.000ns period=20.000ns})
  Destination:            virtual_seg[26]
                            (output port)
  Path Group:             (none)
  Path Type:              Min at Fast Process Corner
  Data Path Delay:        3.176ns  (logic 1.516ns (47.740%)  route 1.660ns (52.260%))
  Logic Levels:           3  (LUT3=1 LUT4=1 OBUF=1)
  Clock Uncertainty:      0.159ns  ((TSJ^2 + DJ^2)^1/2) / 2 + PE
    Total System Jitter     (TSJ):    0.050ns
    Discrete Jitter          (DJ):    0.129ns
    Phase Error              (PE):    0.090ns

    Location             Delay type                Incr(ns)  Path(ns)    Netlist Resource(s)
  -------------------------------------------------------------------    -------------------
                         (clock clk_out1_pll rise edge)
                                                      0.000     0.000 r  
    AD12                                              0.000     0.000 r  i_sys_clk_p (IN)
                         net (fo=0)                   0.000     0.000    pll_inst/inst/clk_in1_p
    AD12                 IBUFDS (Prop_ibufds_I_O)     0.388     0.388 r  pll_inst/inst/clkin1_ibufgds/O
                         net (fo=1, routed)           0.503     0.891    pll_inst/inst/clk_in1_pll
    MMCME2_ADV_X1Y1      MMCME2_ADV (Prop_mmcme2_adv_CLKIN1_CLKOUT0)
                                                     -3.040    -2.149 r  pll_inst/inst/mmcm_adv_inst/CLKOUT0
                         net (fo=1, routed)           0.940    -1.209    pll_inst/inst/clk_out1_pll
    BUFGCTRL_X0Y1        BUFG (Prop_bufg_I_O)         0.026    -1.183 r  pll_inst/inst/clkout1_buf/O
                         net (fo=581, routed)         0.590    -0.593    student_top_inst/mem_bridge/cnt_clk
    SLICE_X13Y191        FDRE                                         r  student_top_inst/mem_bridge/seg_wdata_cnt_d2_reg[23]/C
  -------------------------------------------------------------------    -------------------
    SLICE_X13Y191        FDRE (Prop_fdre_C_Q)         0.091    -0.502 r  student_top_inst/mem_bridge/seg_wdata_cnt_d2_reg[23]/Q
                         net (fo=1, routed)           0.113    -0.389    student_top_inst/mem_bridge/seg_driver/s[23]
    SLICE_X13Y191        LUT3 (Prop_lut3_I2_O)        0.064    -0.325 r  student_top_inst/mem_bridge/seg_driver/SEG3_i_1/O
                         net (fo=7, routed)           0.263    -0.062    student_top_inst/mem_bridge/seg_driver/SEG3/din[3]
    SLICE_X4Y190         LUT4 (Prop_lut4_I0_O)        0.028    -0.034 r  student_top_inst/mem_bridge/seg_driver/SEG3/dout[6]_INST_0/O
                         net (fo=2, routed)           1.284     1.250    virtual_seg_OBUF[26]
    AJ26                 OBUF (Prop_obuf_I_O)         1.333     2.584 r  virtual_seg_OBUF[26]_inst/O
                         net (fo=0)                   0.000     2.584    virtual_seg[26]
    AJ26                                                              r  virtual_seg[26] (OUT)
  -------------------------------------------------------------------    -------------------

Slack:                    inf
  Source:                 student_top_inst/mem_bridge/seg_wdata_cnt_d2_reg[29]/C
                            (rising edge-triggered cell FDRE clocked by clk_out1_pll  {rise@0.000ns fall@10.000ns period=20.000ns})
  Destination:            virtual_seg[35]
                            (output port)
  Path Group:             (none)
  Path Type:              Min at Fast Process Corner
  Data Path Delay:        3.210ns  (logic 1.594ns (49.654%)  route 1.616ns (50.346%))
  Logic Levels:           3  (LUT3=1 LUT4=1 OBUF=1)
  Clock Uncertainty:      0.159ns  ((TSJ^2 + DJ^2)^1/2) / 2 + PE
    Total System Jitter     (TSJ):    0.050ns
    Discrete Jitter          (DJ):    0.129ns
    Phase Error              (PE):    0.090ns

    Location             Delay type                Incr(ns)  Path(ns)    Netlist Resource(s)
  -------------------------------------------------------------------    -------------------
                         (clock clk_out1_pll rise edge)
                                                      0.000     0.000 r  
    AD12                                              0.000     0.000 r  i_sys_clk_p (IN)
                         net (fo=0)                   0.000     0.000    pll_inst/inst/clk_in1_p
    AD12                 IBUFDS (Prop_ibufds_I_O)     0.388     0.388 r  pll_inst/inst/clkin1_ibufgds/O
                         net (fo=1, routed)           0.503     0.891    pll_inst/inst/clk_in1_pll
    MMCME2_ADV_X1Y1      MMCME2_ADV (Prop_mmcme2_adv_CLKIN1_CLKOUT0)
                                                     -3.040    -2.149 r  pll_inst/inst/mmcm_adv_inst/CLKOUT0
                         net (fo=1, routed)           0.940    -1.209    pll_inst/inst/clk_out1_pll
    BUFGCTRL_X0Y1        BUFG (Prop_bufg_I_O)         0.026    -1.183 r  pll_inst/inst/clkout1_buf/O
                         net (fo=581, routed)         0.592    -0.591    student_top_inst/mem_bridge/cnt_clk
    SLICE_X14Y197        FDRE                                         r  student_top_inst/mem_bridge/seg_wdata_cnt_d2_reg[29]/C
  -------------------------------------------------------------------    -------------------
    SLICE_X14Y197        FDRE (Prop_fdre_C_Q)         0.107    -0.484 r  student_top_inst/mem_bridge/seg_wdata_cnt_d2_reg[29]/Q
                         net (fo=1, routed)           0.079    -0.405    student_top_inst/mem_bridge/seg_driver/s[29]
    SLICE_X14Y197        LUT3 (Prop_lut3_I2_O)        0.064    -0.341 r  student_top_inst/mem_bridge/seg_driver/SEG4_i_3/O
                         net (fo=7, routed)           0.337    -0.003    student_top_inst/mem_bridge/seg_driver/SEG4/din[1]
    SLICE_X4Y197         LUT4 (Prop_lut4_I2_O)        0.029     0.026 r  student_top_inst/mem_bridge/seg_driver/SEG4/dout[5]_INST_0/O
                         net (fo=2, routed)           1.200     1.226    virtual_seg_OBUF[35]
    AK30                 OBUF (Prop_obuf_I_O)         1.394     2.620 r  virtual_seg_OBUF[35]_inst/O
                         net (fo=0)                   0.000     2.620    virtual_seg[35]
    AK30                                                              r  virtual_seg[35] (OUT)
  -------------------------------------------------------------------    -------------------

Slack:                    inf
  Source:                 student_top_inst/mem_bridge/seg_wdata_cnt_d2_reg[23]/C
                            (rising edge-triggered cell FDRE clocked by clk_out1_pll  {rise@0.000ns fall@10.000ns period=20.000ns})
  Destination:            virtual_seg[25]
                            (output port)
  Path Group:             (none)
  Path Type:              Min at Fast Process Corner
  Data Path Delay:        3.277ns  (logic 1.552ns (47.342%)  route 1.726ns (52.658%))
  Logic Levels:           3  (LUT3=1 LUT4=1 OBUF=1)
  Clock Uncertainty:      0.159ns  ((TSJ^2 + DJ^2)^1/2) / 2 + PE
    Total System Jitter     (TSJ):    0.050ns
    Discrete Jitter          (DJ):    0.129ns
    Phase Error              (PE):    0.090ns

    Location             Delay type                Incr(ns)  Path(ns)    Netlist Resource(s)
  -------------------------------------------------------------------    -------------------
                         (clock clk_out1_pll rise edge)
                                                      0.000     0.000 r  
    AD12                                              0.000     0.000 r  i_sys_clk_p (IN)
                         net (fo=0)                   0.000     0.000    pll_inst/inst/clk_in1_p
    AD12                 IBUFDS (Prop_ibufds_I_O)     0.388     0.388 r  pll_inst/inst/clkin1_ibufgds/O
                         net (fo=1, routed)           0.503     0.891    pll_inst/inst/clk_in1_pll
    MMCME2_ADV_X1Y1      MMCME2_ADV (Prop_mmcme2_adv_CLKIN1_CLKOUT0)
                                                     -3.040    -2.149 r  pll_inst/inst/mmcm_adv_inst/CLKOUT0
                         net (fo=1, routed)           0.940    -1.209    pll_inst/inst/clk_out1_pll
    BUFGCTRL_X0Y1        BUFG (Prop_bufg_I_O)         0.026    -1.183 r  pll_inst/inst/clkout1_buf/O
                         net (fo=581, routed)         0.590    -0.593    student_top_inst/mem_bridge/cnt_clk
    SLICE_X13Y191        FDRE                                         r  student_top_inst/mem_bridge/seg_wdata_cnt_d2_reg[23]/C
  -------------------------------------------------------------------    -------------------
    SLICE_X13Y191        FDRE (Prop_fdre_C_Q)         0.091    -0.502 r  student_top_inst/mem_bridge/seg_wdata_cnt_d2_reg[23]/Q
                         net (fo=1, routed)           0.113    -0.389    student_top_inst/mem_bridge/seg_driver/s[23]
    SLICE_X13Y191        LUT3 (Prop_lut3_I2_O)        0.064    -0.325 r  student_top_inst/mem_bridge/seg_driver/SEG3_i_1/O
                         net (fo=7, routed)           0.265    -0.059    student_top_inst/mem_bridge/seg_driver/SEG3/din[3]
    SLICE_X4Y190         LUT4 (Prop_lut4_I0_O)        0.030    -0.029 r  student_top_inst/mem_bridge/seg_driver/SEG3/dout[5]_INST_0/O
                         net (fo=2, routed)           1.348     1.318    virtual_seg_OBUF[25]
    AH27                 OBUF (Prop_obuf_I_O)         1.367     2.685 r  virtual_seg_OBUF[25]_inst/O
                         net (fo=0)                   0.000     2.685    virtual_seg[25]
    AH27                                                              r  virtual_seg[25] (OUT)
  -------------------------------------------------------------------    -------------------

Slack:                    inf
  Source:                 student_top_inst/mem_bridge/seg_wdata_cnt_d2_reg[29]/C
                            (rising edge-triggered cell FDRE clocked by clk_out1_pll  {rise@0.000ns fall@10.000ns period=20.000ns})
  Destination:            virtual_seg[30]
                            (output port)
  Path Group:             (none)
  Path Type:              Min at Fast Process Corner
  Data Path Delay:        3.291ns  (logic 1.535ns (46.630%)  route 1.757ns (53.370%))
  Logic Levels:           3  (LUT3=1 LUT4=1 OBUF=1)
  Clock Uncertainty:      0.159ns  ((TSJ^2 + DJ^2)^1/2) / 2 + PE
    Total System Jitter     (TSJ):    0.050ns
    Discrete Jitter          (DJ):    0.129ns
    Phase Error              (PE):    0.090ns

    Location             Delay type                Incr(ns)  Path(ns)    Netlist Resource(s)
  -------------------------------------------------------------------    -------------------
                         (clock clk_out1_pll rise edge)
                                                      0.000     0.000 r  
    AD12                                              0.000     0.000 r  i_sys_clk_p (IN)
                         net (fo=0)                   0.000     0.000    pll_inst/inst/clk_in1_p
    AD12                 IBUFDS (Prop_ibufds_I_O)     0.388     0.388 r  pll_inst/inst/clkin1_ibufgds/O
                         net (fo=1, routed)           0.503     0.891    pll_inst/inst/clk_in1_pll
    MMCME2_ADV_X1Y1      MMCME2_ADV (Prop_mmcme2_adv_CLKIN1_CLKOUT0)
                                                     -3.040    -2.149 r  pll_inst/inst/mmcm_adv_inst/CLKOUT0
                         net (fo=1, routed)           0.940    -1.209    pll_inst/inst/clk_out1_pll
    BUFGCTRL_X0Y1        BUFG (Prop_bufg_I_O)         0.026    -1.183 r  pll_inst/inst/clkout1_buf/O
                         net (fo=581, routed)         0.592    -0.591    student_top_inst/mem_bridge/cnt_clk
    SLICE_X14Y197        FDRE                                         r  student_top_inst/mem_bridge/seg_wdata_cnt_d2_reg[29]/C
  -------------------------------------------------------------------    -------------------
    SLICE_X14Y197        FDRE (Prop_fdre_C_Q)         0.107    -0.484 r  student_top_inst/mem_bridge/seg_wdata_cnt_d2_reg[29]/Q
                         net (fo=1, routed)           0.079    -0.405    student_top_inst/mem_bridge/seg_driver/s[29]
    SLICE_X14Y197        LUT3 (Prop_lut3_I2_O)        0.064    -0.341 r  student_top_inst/mem_bridge/seg_driver/SEG4_i_3/O
                         net (fo=7, routed)           0.289    -0.051    student_top_inst/mem_bridge/seg_driver/SEG4/din[1]
    SLICE_X4Y197         LUT4 (Prop_lut4_I2_O)        0.028    -0.023 r  student_top_inst/mem_bridge/seg_driver/SEG4/dout[0]_INST_0/O
                         net (fo=2, routed)           1.388     1.365    virtual_seg_OBUF[30]
    AK26                 OBUF (Prop_obuf_I_O)         1.336     2.701 r  virtual_seg_OBUF[30]_inst/O
                         net (fo=0)                   0.000     2.701    virtual_seg[30]
    AK26                                                              r  virtual_seg[30] (OUT)
  -------------------------------------------------------------------    -------------------

Slack:                    inf
  Source:                 student_top_inst/mem_bridge/seg_wdata_cnt_d2_reg[15]/C
                            (rising edge-triggered cell FDRE clocked by clk_out1_pll  {rise@0.000ns fall@10.000ns period=20.000ns})
  Destination:            virtual_seg[15]
                            (output port)
  Path Group:             (none)
  Path Type:              Min at Fast Process Corner
  Data Path Delay:        3.294ns  (logic 1.559ns (47.324%)  route 1.735ns (52.676%))
  Logic Levels:           3  (LUT3=1 LUT4=1 OBUF=1)
  Clock Uncertainty:      0.159ns  ((TSJ^2 + DJ^2)^1/2) / 2 + PE
    Total System Jitter     (TSJ):    0.050ns
    Discrete Jitter          (DJ):    0.129ns
    Phase Error              (PE):    0.090ns

    Location             Delay type                Incr(ns)  Path(ns)    Netlist Resource(s)
  -------------------------------------------------------------------    -------------------
                         (clock clk_out1_pll rise edge)
                                                      0.000     0.000 r  
    AD12                                              0.000     0.000 r  i_sys_clk_p (IN)
                         net (fo=0)                   0.000     0.000    pll_inst/inst/clk_in1_p
    AD12                 IBUFDS (Prop_ibufds_I_O)     0.388     0.388 r  pll_inst/inst/clkin1_ibufgds/O
                         net (fo=1, routed)           0.503     0.891    pll_inst/inst/clk_in1_pll
    MMCME2_ADV_X1Y1      MMCME2_ADV (Prop_mmcme2_adv_CLKIN1_CLKOUT0)
                                                     -3.040    -2.149 r  pll_inst/inst/mmcm_adv_inst/CLKOUT0
                         net (fo=1, routed)           0.940    -1.209    pll_inst/inst/clk_out1_pll
    BUFGCTRL_X0Y1        BUFG (Prop_bufg_I_O)         0.026    -1.183 r  pll_inst/inst/clkout1_buf/O
                         net (fo=581, routed)         0.592    -0.591    student_top_inst/mem_bridge/cnt_clk
    SLICE_X10Y199        FDRE                                         r  student_top_inst/mem_bridge/seg_wdata_cnt_d2_reg[15]/C
  -------------------------------------------------------------------    -------------------
    SLICE_X10Y199        FDRE (Prop_fdre_C_Q)         0.107    -0.484 r  student_top_inst/mem_bridge/seg_wdata_cnt_d2_reg[15]/Q
                         net (fo=1, routed)           0.079    -0.405    student_top_inst/mem_bridge/seg_driver/s[15]
    SLICE_X10Y199        LUT3 (Prop_lut3_I2_O)        0.064    -0.341 r  student_top_inst/mem_bridge/seg_driver/SEG2_i_1/O
                         net (fo=7, routed)           0.433     0.092    student_top_inst/mem_bridge/seg_driver/SEG2/din[3]
    SLICE_X6Y206         LUT4 (Prop_lut4_I0_O)        0.026     0.118 r  student_top_inst/mem_bridge/seg_driver/SEG2/dout[5]_INST_0/O
                         net (fo=2, routed)           1.223     1.341    virtual_seg_OBUF[15]
    H12                  OBUF (Prop_obuf_I_O)         1.362     2.703 r  virtual_seg_OBUF[15]_inst/O
                         net (fo=0)                   0.000     2.703    virtual_seg[15]
    H12                                                               r  virtual_seg[15] (OUT)
  -------------------------------------------------------------------    -------------------

Slack:                    inf
  Source:                 student_top_inst/mem_bridge/seg_wdata_cnt_d2_reg[6]/C
                            (rising edge-triggered cell FDRE clocked by clk_out1_pll  {rise@0.000ns fall@10.000ns period=20.000ns})
  Destination:            virtual_seg[6]
                            (output port)
  Path Group:             (none)
  Path Type:              Min at Fast Process Corner
  Data Path Delay:        3.295ns  (logic 1.555ns (47.207%)  route 1.740ns (52.793%))
  Logic Levels:           3  (LUT3=1 LUT4=1 OBUF=1)
  Clock Uncertainty:      0.159ns  ((TSJ^2 + DJ^2)^1/2) / 2 + PE
    Total System Jitter     (TSJ):    0.050ns
    Discrete Jitter          (DJ):    0.129ns
    Phase Error              (PE):    0.090ns

    Location             Delay type                Incr(ns)  Path(ns)    Netlist Resource(s)
  -------------------------------------------------------------------    -------------------
                         (clock clk_out1_pll rise edge)
                                                      0.000     0.000 r  
    AD12                                              0.000     0.000 r  i_sys_clk_p (IN)
                         net (fo=0)                   0.000     0.000    pll_inst/inst/clk_in1_p
    AD12                 IBUFDS (Prop_ibufds_I_O)     0.388     0.388 r  pll_inst/inst/clkin1_ibufgds/O
                         net (fo=1, routed)           0.503     0.891    pll_inst/inst/clk_in1_pll
    MMCME2_ADV_X1Y1      MMCME2_ADV (Prop_mmcme2_adv_CLKIN1_CLKOUT0)
                                                     -3.040    -2.149 r  pll_inst/inst/mmcm_adv_inst/CLKOUT0
                         net (fo=1, routed)           0.940    -1.209    pll_inst/inst/clk_out1_pll
    BUFGCTRL_X0Y1        BUFG (Prop_bufg_I_O)         0.026    -1.183 r  pll_inst/inst/clkout1_buf/O
                         net (fo=581, routed)         0.592    -0.591    student_top_inst/mem_bridge/cnt_clk
    SLICE_X10Y197        FDRE                                         r  student_top_inst/mem_bridge/seg_wdata_cnt_d2_reg[6]/C
  -------------------------------------------------------------------    -------------------
    SLICE_X10Y197        FDRE (Prop_fdre_C_Q)         0.107    -0.484 r  student_top_inst/mem_bridge/seg_wdata_cnt_d2_reg[6]/Q
                         net (fo=1, routed)           0.079    -0.405    student_top_inst/mem_bridge/seg_driver/s[6]
    SLICE_X10Y197        LUT3 (Prop_lut3_I2_O)        0.066    -0.339 r  student_top_inst/mem_bridge/seg_driver/SEG1_i_2/O
                         net (fo=7, routed)           0.308    -0.031    student_top_inst/mem_bridge/seg_driver/SEG1/din[2]
    SLICE_X6Y202         LUT4 (Prop_lut4_I2_O)        0.068     0.037 r  student_top_inst/mem_bridge/seg_driver/SEG1/dout[6]_INST_0/O
                         net (fo=2, routed)           1.353     1.390    virtual_seg_OBUF[6]
    L12                  OBUF (Prop_obuf_I_O)         1.314     2.704 r  virtual_seg_OBUF[6]_inst/O
                         net (fo=0)                   0.000     2.704    virtual_seg[6]
    L12                                                               r  virtual_seg[6] (OUT)
  -------------------------------------------------------------------    -------------------

Slack:                    inf
  Source:                 student_top_inst/mem_bridge/seg_wdata_cnt_d2_reg[22]/C
                            (rising edge-triggered cell FDRE clocked by clk_out1_pll  {rise@0.000ns fall@10.000ns period=20.000ns})
  Destination:            virtual_seg[22]
                            (output port)
  Path Group:             (none)
  Path Type:              Min at Fast Process Corner
  Data Path Delay:        3.297ns  (logic 1.537ns (46.616%)  route 1.760ns (53.384%))
  Logic Levels:           3  (LUT3=1 LUT4=1 OBUF=1)
  Clock Uncertainty:      0.159ns  ((TSJ^2 + DJ^2)^1/2) / 2 + PE
    Total System Jitter     (TSJ):    0.050ns
    Discrete Jitter          (DJ):    0.129ns
    Phase Error              (PE):    0.090ns

    Location             Delay type                Incr(ns)  Path(ns)    Netlist Resource(s)
  -------------------------------------------------------------------    -------------------
                         (clock clk_out1_pll rise edge)
                                                      0.000     0.000 r  
    AD12                                              0.000     0.000 r  i_sys_clk_p (IN)
                         net (fo=0)                   0.000     0.000    pll_inst/inst/clk_in1_p
    AD12                 IBUFDS (Prop_ibufds_I_O)     0.388     0.388 r  pll_inst/inst/clkin1_ibufgds/O
                         net (fo=1, routed)           0.503     0.891    pll_inst/inst/clk_in1_pll
    MMCME2_ADV_X1Y1      MMCME2_ADV (Prop_mmcme2_adv_CLKIN1_CLKOUT0)
                                                     -3.040    -2.149 r  pll_inst/inst/mmcm_adv_inst/CLKOUT0
                         net (fo=1, routed)           0.940    -1.209    pll_inst/inst/clk_out1_pll
    BUFGCTRL_X0Y1        BUFG (Prop_bufg_I_O)         0.026    -1.183 r  pll_inst/inst/clkout1_buf/O
                         net (fo=581, routed)         0.590    -0.593    student_top_inst/mem_bridge/cnt_clk
    SLICE_X13Y191        FDRE                                         r  student_top_inst/mem_bridge/seg_wdata_cnt_d2_reg[22]/C
  -------------------------------------------------------------------    -------------------
    SLICE_X13Y191        FDRE (Prop_fdre_C_Q)         0.091    -0.502 r  student_top_inst/mem_bridge/seg_wdata_cnt_d2_reg[22]/Q
                         net (fo=1, routed)           0.075    -0.426    student_top_inst/mem_bridge/seg_driver/s[22]
    SLICE_X13Y191        LUT3 (Prop_lut3_I2_O)        0.066    -0.360 r  student_top_inst/mem_bridge/seg_driver/SEG3_i_2/O
                         net (fo=7, routed)           0.300    -0.061    student_top_inst/mem_bridge/seg_driver/SEG3/din[2]
    SLICE_X4Y190         LUT4 (Prop_lut4_I1_O)        0.069     0.008 r  student_top_inst/mem_bridge/seg_driver/SEG3/dout[2]_INST_0/O
                         net (fo=2, routed)           1.385     1.394    virtual_seg_OBUF[22]
    AF27                 OBUF (Prop_obuf_I_O)         1.311     2.705 r  virtual_seg_OBUF[22]_inst/O
                         net (fo=0)                   0.000     2.705    virtual_seg[22]
    AF27                                                              r  virtual_seg[22] (OUT)
  -------------------------------------------------------------------    -------------------

Slack:                    inf
  Source:                 student_top_inst/mem_bridge/seg_wdata_cnt_d2_reg[7]/C
                            (rising edge-triggered cell FDRE clocked by clk_out1_pll  {rise@0.000ns fall@10.000ns period=20.000ns})
  Destination:            virtual_seg[2]
                            (output port)
  Path Group:             (none)
  Path Type:              Min at Fast Process Corner
  Data Path Delay:        3.306ns  (logic 1.512ns (45.738%)  route 1.794ns (54.262%))
  Logic Levels:           3  (LUT3=1 LUT4=1 OBUF=1)
  Clock Uncertainty:      0.159ns  ((TSJ^2 + DJ^2)^1/2) / 2 + PE
    Total System Jitter     (TSJ):    0.050ns
    Discrete Jitter          (DJ):    0.129ns
    Phase Error              (PE):    0.090ns

    Location             Delay type                Incr(ns)  Path(ns)    Netlist Resource(s)
  -------------------------------------------------------------------    -------------------
                         (clock clk_out1_pll rise edge)
                                                      0.000     0.000 r  
    AD12                                              0.000     0.000 r  i_sys_clk_p (IN)
                         net (fo=0)                   0.000     0.000    pll_inst/inst/clk_in1_p
    AD12                 IBUFDS (Prop_ibufds_I_O)     0.388     0.388 r  pll_inst/inst/clkin1_ibufgds/O
                         net (fo=1, routed)           0.503     0.891    pll_inst/inst/clk_in1_pll
    MMCME2_ADV_X1Y1      MMCME2_ADV (Prop_mmcme2_adv_CLKIN1_CLKOUT0)
                                                     -3.040    -2.149 r  pll_inst/inst/mmcm_adv_inst/CLKOUT0
                         net (fo=1, routed)           0.940    -1.209    pll_inst/inst/clk_out1_pll
    BUFGCTRL_X0Y1        BUFG (Prop_bufg_I_O)         0.026    -1.183 r  pll_inst/inst/clkout1_buf/O
                         net (fo=581, routed)         0.592    -0.591    student_top_inst/mem_bridge/cnt_clk
    SLICE_X10Y197        FDRE                                         r  student_top_inst/mem_bridge/seg_wdata_cnt_d2_reg[7]/C
  -------------------------------------------------------------------    -------------------
    SLICE_X10Y197        FDRE (Prop_fdre_C_Q)         0.107    -0.484 r  student_top_inst/mem_bridge/seg_wdata_cnt_d2_reg[7]/Q
                         net (fo=1, routed)           0.120    -0.363    student_top_inst/mem_bridge/seg_driver/s[7]
    SLICE_X10Y197        LUT3 (Prop_lut3_I2_O)        0.072    -0.291 r  student_top_inst/mem_bridge/seg_driver/SEG1_i_1/O
                         net (fo=7, routed)           0.253    -0.038    student_top_inst/mem_bridge/seg_driver/SEG1/din[3]
    SLICE_X6Y202         LUT4 (Prop_lut4_I0_O)        0.028    -0.010 r  student_top_inst/mem_bridge/seg_driver/SEG1/dout[2]_INST_0/O
                         net (fo=2, routed)           1.421     1.410    virtual_seg_OBUF[2]
    H16                  OBUF (Prop_obuf_I_O)         1.305     2.716 r  virtual_seg_OBUF[2]_inst/O
                         net (fo=0)                   0.000     2.716    virtual_seg[2]
    H16                                                               r  virtual_seg[2] (OUT)
  -------------------------------------------------------------------    -------------------





--------------------------------------------------------------------------------------
Path Group:  (none)
From Clock:  clk_out2_pll
  To Clock:  

Max Delay            32 Endpoints
Min Delay            32 Endpoints
--------------------------------------------------------------------------------------


Max Delay Paths
--------------------------------------------------------------------------------------
Slack:                    inf
  Source:                 student_top_inst/mem_bridge/led_q_reg[16]/C
                            (rising edge-triggered cell FDRE clocked by clk_out2_pll  {rise@0.000ns fall@5.000ns period=10.000ns})
  Destination:            virtual_led[16]
                            (output port)
  Path Group:             (none)
  Path Type:              Max at Slow Process Corner
  Data Path Delay:        5.966ns  (logic 2.623ns (43.966%)  route 3.343ns (56.034%))
  Logic Levels:           1  (OBUF=1)
  Clock Uncertainty:      0.151ns  ((TSJ^2 + DJ^2)^1/2) / 2 + PE
    Total System Jitter     (TSJ):    0.050ns
    Discrete Jitter          (DJ):    0.112ns
    Phase Error              (PE):    0.090ns

    Location             Delay type                Incr(ns)  Path(ns)    Netlist Resource(s)
  -------------------------------------------------------------------    -------------------
                         (clock clk_out2_pll rise edge)
                                                      0.000     0.000 r  
    AD12                                              0.000     0.000 r  i_sys_clk_p (IN)
                         net (fo=0)                   0.000     0.000    pll_inst/inst/clk_in1_p
    AD12                 IBUFDS (Prop_ibufds_I_O)     0.906     0.906 r  pll_inst/inst/clkin1_ibufgds/O
                         net (fo=1, routed)           1.081     1.987    pll_inst/inst/clk_in1_pll
    MMCME2_ADV_X1Y1      MMCME2_ADV (Prop_mmcme2_adv_CLKIN1_CLKOUT1)
                                                     -7.786    -5.799 r  pll_inst/inst/mmcm_adv_inst/CLKOUT1
                         net (fo=1, routed)           2.130    -3.669    pll_inst/inst/clk_out2_pll
    BUFGCTRL_X0Y0        BUFG (Prop_bufg_I_O)         0.093    -3.576 r  pll_inst/inst/clkout2_buf/O
                         net (fo=33272, routed)       1.286    -2.290    student_top_inst/mem_bridge/clk
    SLICE_X26Y203        FDRE                                         r  student_top_inst/mem_bridge/led_q_reg[16]/C
  -------------------------------------------------------------------    -------------------
    SLICE_X26Y203        FDRE (Prop_fdre_C_Q)         0.223    -2.067 r  student_top_inst/mem_bridge/led_q_reg[16]/Q
                         net (fo=2, routed)           3.343     1.276    virtual_led_OBUF[16]
    F12                  OBUF (Prop_obuf_I_O)         2.400     3.676 r  virtual_led_OBUF[16]_inst/O
                         net (fo=0)                   0.000     3.676    virtual_led[16]
    F12                                                               r  virtual_led[16] (OUT)
  -------------------------------------------------------------------    -------------------

Slack:                    inf
  Source:                 student_top_inst/mem_bridge/led_q_reg[25]/C
                            (rising edge-triggered cell FDRE clocked by clk_out2_pll  {rise@0.000ns fall@5.000ns period=10.000ns})
  Destination:            virtual_led[25]
                            (output port)
  Path Group:             (none)
  Path Type:              Max at Slow Process Corner
  Data Path Delay:        5.478ns  (logic 2.630ns (48.006%)  route 2.848ns (51.994%))
  Logic Levels:           1  (OBUF=1)
  Clock Uncertainty:      0.151ns  ((TSJ^2 + DJ^2)^1/2) / 2 + PE
    Total System Jitter     (TSJ):    0.050ns
    Discrete Jitter          (DJ):    0.112ns
    Phase Error              (PE):    0.090ns

    Location             Delay type                Incr(ns)  Path(ns)    Netlist Resource(s)
  -------------------------------------------------------------------    -------------------
                         (clock clk_out2_pll rise edge)
                                                      0.000     0.000 r  
    AD12                                              0.000     0.000 r  i_sys_clk_p (IN)
                         net (fo=0)                   0.000     0.000    pll_inst/inst/clk_in1_p
    AD12                 IBUFDS (Prop_ibufds_I_O)     0.906     0.906 r  pll_inst/inst/clkin1_ibufgds/O
                         net (fo=1, routed)           1.081     1.987    pll_inst/inst/clk_in1_pll
    MMCME2_ADV_X1Y1      MMCME2_ADV (Prop_mmcme2_adv_CLKIN1_CLKOUT1)
                                                     -7.786    -5.799 r  pll_inst/inst/mmcm_adv_inst/CLKOUT1
                         net (fo=1, routed)           2.130    -3.669    pll_inst/inst/clk_out2_pll
    BUFGCTRL_X0Y0        BUFG (Prop_bufg_I_O)         0.093    -3.576 r  pll_inst/inst/clkout2_buf/O
                         net (fo=33272, routed)       1.283    -2.293    student_top_inst/mem_bridge/clk
    SLICE_X31Y205        FDRE                                         r  student_top_inst/mem_bridge/led_q_reg[25]/C
  -------------------------------------------------------------------    -------------------
    SLICE_X31Y205        FDRE (Prop_fdre_C_Q)         0.223    -2.070 r  student_top_inst/mem_bridge/led_q_reg[25]/Q
                         net (fo=2, routed)           2.848     0.778    virtual_led_OBUF[25]
    B23                  OBUF (Prop_obuf_I_O)         2.407     3.185 r  virtual_led_OBUF[25]_inst/O
                         net (fo=0)                   0.000     3.185    virtual_led[25]
    B23                                                               r  virtual_led[25] (OUT)
  -------------------------------------------------------------------    -------------------

Slack:                    inf
  Source:                 student_top_inst/mem_bridge/led_q_reg[5]/C
                            (rising edge-triggered cell FDRE clocked by clk_out2_pll  {rise@0.000ns fall@5.000ns period=10.000ns})
  Destination:            virtual_led[5]
                            (output port)
  Path Group:             (none)
  Path Type:              Max at Slow Process Corner
  Data Path Delay:        5.443ns  (logic 2.611ns (47.969%)  route 2.832ns (52.031%))
  Logic Levels:           1  (OBUF=1)
  Clock Uncertainty:      0.151ns  ((TSJ^2 + DJ^2)^1/2) / 2 + PE
    Total System Jitter     (TSJ):    0.050ns
    Discrete Jitter          (DJ):    0.112ns
    Phase Error              (PE):    0.090ns

    Location             Delay type                Incr(ns)  Path(ns)    Netlist Resource(s)
  -------------------------------------------------------------------    -------------------
                         (clock clk_out2_pll rise edge)
                                                      0.000     0.000 r  
    AD12                                              0.000     0.000 r  i_sys_clk_p (IN)
                         net (fo=0)                   0.000     0.000    pll_inst/inst/clk_in1_p
    AD12                 IBUFDS (Prop_ibufds_I_O)     0.906     0.906 r  pll_inst/inst/clkin1_ibufgds/O
                         net (fo=1, routed)           1.081     1.987    pll_inst/inst/clk_in1_pll
    MMCME2_ADV_X1Y1      MMCME2_ADV (Prop_mmcme2_adv_CLKIN1_CLKOUT1)
                                                     -7.786    -5.799 r  pll_inst/inst/mmcm_adv_inst/CLKOUT1
                         net (fo=1, routed)           2.130    -3.669    pll_inst/inst/clk_out2_pll
    BUFGCTRL_X0Y0        BUFG (Prop_bufg_I_O)         0.093    -3.576 r  pll_inst/inst/clkout2_buf/O
                         net (fo=33272, routed)       1.286    -2.290    student_top_inst/mem_bridge/clk
    SLICE_X24Y202        FDRE                                         r  student_top_inst/mem_bridge/led_q_reg[5]/C
  -------------------------------------------------------------------    -------------------
    SLICE_X24Y202        FDRE (Prop_fdre_C_Q)         0.223    -2.067 r  student_top_inst/mem_bridge/led_q_reg[5]/Q
                         net (fo=2, routed)           2.832     0.765    virtual_led_OBUF[5]
    F26                  OBUF (Prop_obuf_I_O)         2.388     3.153 r  virtual_led_OBUF[5]_inst/O
                         net (fo=0)                   0.000     3.153    virtual_led[5]
    F26                                                               r  virtual_led[5] (OUT)
  -------------------------------------------------------------------    -------------------

Slack:                    inf
  Source:                 student_top_inst/mem_bridge/led_q_reg[17]/C
                            (rising edge-triggered cell FDRE clocked by clk_out2_pll  {rise@0.000ns fall@5.000ns period=10.000ns})
  Destination:            virtual_led[17]
                            (output port)
  Path Group:             (none)
  Path Type:              Max at Slow Process Corner
  Data Path Delay:        5.408ns  (logic 2.601ns (48.083%)  route 2.808ns (51.917%))
  Logic Levels:           1  (OBUF=1)
  Clock Uncertainty:      0.151ns  ((TSJ^2 + DJ^2)^1/2) / 2 + PE
    Total System Jitter     (TSJ):    0.050ns
    Discrete Jitter          (DJ):    0.112ns
    Phase Error              (PE):    0.090ns

    Location             Delay type                Incr(ns)  Path(ns)    Netlist Resource(s)
  -------------------------------------------------------------------    -------------------
                         (clock clk_out2_pll rise edge)
                                                      0.000     0.000 r  
    AD12                                              0.000     0.000 r  i_sys_clk_p (IN)
                         net (fo=0)                   0.000     0.000    pll_inst/inst/clk_in1_p
    AD12                 IBUFDS (Prop_ibufds_I_O)     0.906     0.906 r  pll_inst/inst/clkin1_ibufgds/O
                         net (fo=1, routed)           1.081     1.987    pll_inst/inst/clk_in1_pll
    MMCME2_ADV_X1Y1      MMCME2_ADV (Prop_mmcme2_adv_CLKIN1_CLKOUT1)
                                                     -7.786    -5.799 r  pll_inst/inst/mmcm_adv_inst/CLKOUT1
                         net (fo=1, routed)           2.130    -3.669    pll_inst/inst/clk_out2_pll
    BUFGCTRL_X0Y0        BUFG (Prop_bufg_I_O)         0.093    -3.576 r  pll_inst/inst/clkout2_buf/O
                         net (fo=33272, routed)       1.286    -2.290    student_top_inst/mem_bridge/clk
    SLICE_X24Y205        FDRE                                         r  student_top_inst/mem_bridge/led_q_reg[17]/C
  -------------------------------------------------------------------    -------------------
    SLICE_X24Y205        FDRE (Prop_fdre_C_Q)         0.223    -2.067 r  student_top_inst/mem_bridge/led_q_reg[17]/Q
                         net (fo=2, routed)           2.808     0.741    virtual_led_OBUF[17]
    F23                  OBUF (Prop_obuf_I_O)         2.378     3.118 r  virtual_led_OBUF[17]_inst/O
                         net (fo=0)                   0.000     3.118    virtual_led[17]
    F23                                                               r  virtual_led[17] (OUT)
  -------------------------------------------------------------------    -------------------

Slack:                    inf
  Source:                 student_top_inst/mem_bridge/led_q_reg[18]/C
                            (rising edge-triggered cell FDRE clocked by clk_out2_pll  {rise@0.000ns fall@5.000ns period=10.000ns})
  Destination:            virtual_led[18]
                            (output port)
  Path Group:             (none)
  Path Type:              Max at Slow Process Corner
  Data Path Delay:        5.398ns  (logic 2.620ns (48.534%)  route 2.778ns (51.466%))
  Logic Levels:           1  (OBUF=1)
  Clock Uncertainty:      0.151ns  ((TSJ^2 + DJ^2)^1/2) / 2 + PE
    Total System Jitter     (TSJ):    0.050ns
    Discrete Jitter          (DJ):    0.112ns
    Phase Error              (PE):    0.090ns

    Location             Delay type                Incr(ns)  Path(ns)    Netlist Resource(s)
  -------------------------------------------------------------------    -------------------
                         (clock clk_out2_pll rise edge)
                                                      0.000     0.000 r  
    AD12                                              0.000     0.000 r  i_sys_clk_p (IN)
                         net (fo=0)                   0.000     0.000    pll_inst/inst/clk_in1_p
    AD12                 IBUFDS (Prop_ibufds_I_O)     0.906     0.906 r  pll_inst/inst/clkin1_ibufgds/O
                         net (fo=1, routed)           1.081     1.987    pll_inst/inst/clk_in1_pll
    MMCME2_ADV_X1Y1      MMCME2_ADV (Prop_mmcme2_adv_CLKIN1_CLKOUT1)
                                                     -7.786    -5.799 r  pll_inst/inst/mmcm_adv_inst/CLKOUT1
                         net (fo=1, routed)           2.130    -3.669    pll_inst/inst/clk_out2_pll
    BUFGCTRL_X0Y0        BUFG (Prop_bufg_I_O)         0.093    -3.576 r  pll_inst/inst/clkout2_buf/O
                         net (fo=33272, routed)       1.282    -2.294    student_top_inst/mem_bridge/clk
    SLICE_X35Y204        FDRE                                         r  student_top_inst/mem_bridge/led_q_reg[18]/C
  -------------------------------------------------------------------    -------------------
    SLICE_X35Y204        FDRE (Prop_fdre_C_Q)         0.223    -2.071 r  student_top_inst/mem_bridge/led_q_reg[18]/Q
                         net (fo=2, routed)           2.778     0.707    virtual_led_OBUF[18]
    D23                  OBUF (Prop_obuf_I_O)         2.397     3.103 r  virtual_led_OBUF[18]_inst/O
                         net (fo=0)                   0.000     3.103    virtual_led[18]
    D23                                                               r  virtual_led[18] (OUT)
  -------------------------------------------------------------------    -------------------

Slack:                    inf
  Source:                 student_top_inst/mem_bridge/led_q_reg[24]/C
                            (rising edge-triggered cell FDRE clocked by clk_out2_pll  {rise@0.000ns fall@5.000ns period=10.000ns})
  Destination:            virtual_led[24]
                            (output port)
  Path Group:             (none)
  Path Type:              Max at Slow Process Corner
  Data Path Delay:        5.376ns  (logic 2.704ns (50.289%)  route 2.673ns (49.711%))
  Logic Levels:           1  (OBUF=1)
  Clock Uncertainty:      0.151ns  ((TSJ^2 + DJ^2)^1/2) / 2 + PE
    Total System Jitter     (TSJ):    0.050ns
    Discrete Jitter          (DJ):    0.112ns
    Phase Error              (PE):    0.090ns

    Location             Delay type                Incr(ns)  Path(ns)    Netlist Resource(s)
  -------------------------------------------------------------------    -------------------
                         (clock clk_out2_pll rise edge)
                                                      0.000     0.000 r  
    AD12                                              0.000     0.000 r  i_sys_clk_p (IN)
                         net (fo=0)                   0.000     0.000    pll_inst/inst/clk_in1_p
    AD12                 IBUFDS (Prop_ibufds_I_O)     0.906     0.906 r  pll_inst/inst/clkin1_ibufgds/O
                         net (fo=1, routed)           1.081     1.987    pll_inst/inst/clk_in1_pll
    MMCME2_ADV_X1Y1      MMCME2_ADV (Prop_mmcme2_adv_CLKIN1_CLKOUT1)
                                                     -7.786    -5.799 r  pll_inst/inst/mmcm_adv_inst/CLKOUT1
                         net (fo=1, routed)           2.130    -3.669    pll_inst/inst/clk_out2_pll
    BUFGCTRL_X0Y0        BUFG (Prop_bufg_I_O)         0.093    -3.576 r  pll_inst/inst/clkout2_buf/O
                         net (fo=33272, routed)       1.286    -2.290    student_top_inst/mem_bridge/clk
    SLICE_X25Y205        FDRE                                         r  student_top_inst/mem_bridge/led_q_reg[24]/C
  -------------------------------------------------------------------    -------------------
    SLICE_X25Y205        FDRE (Prop_fdre_C_Q)         0.204    -2.086 r  student_top_inst/mem_bridge/led_q_reg[24]/Q
                         net (fo=2, routed)           2.673     0.586    virtual_led_OBUF[24]
    A23                  OBUF (Prop_obuf_I_O)         2.500     3.086 r  virtual_led_OBUF[24]_inst/O
                         net (fo=0)                   0.000     3.086    virtual_led[24]
    A23                                                               r  virtual_led[24] (OUT)
  -------------------------------------------------------------------    -------------------

Slack:                    inf
  Source:                 student_top_inst/mem_bridge/led_q_reg[31]/C
                            (rising edge-triggered cell FDRE clocked by clk_out2_pll  {rise@0.000ns fall@5.000ns period=10.000ns})
  Destination:            virtual_led[31]
                            (output port)
  Path Group:             (none)
  Path Type:              Max at Slow Process Corner
  Data Path Delay:        5.375ns  (logic 2.717ns (50.551%)  route 2.658ns (49.449%))
  Logic Levels:           1  (OBUF=1)
  Clock Uncertainty:      0.151ns  ((TSJ^2 + DJ^2)^1/2) / 2 + PE
    Total System Jitter     (TSJ):    0.050ns
    Discrete Jitter          (DJ):    0.112ns
    Phase Error              (PE):    0.090ns

    Location             Delay type                Incr(ns)  Path(ns)    Netlist Resource(s)
  -------------------------------------------------------------------    -------------------
                         (clock clk_out2_pll rise edge)
                                                      0.000     0.000 r  
    AD12                                              0.000     0.000 r  i_sys_clk_p (IN)
                         net (fo=0)                   0.000     0.000    pll_inst/inst/clk_in1_p
    AD12                 IBUFDS (Prop_ibufds_I_O)     0.906     0.906 r  pll_inst/inst/clkin1_ibufgds/O
                         net (fo=1, routed)           1.081     1.987    pll_inst/inst/clk_in1_pll
    MMCME2_ADV_X1Y1      MMCME2_ADV (Prop_mmcme2_adv_CLKIN1_CLKOUT1)
                                                     -7.786    -5.799 r  pll_inst/inst/mmcm_adv_inst/CLKOUT1
                         net (fo=1, routed)           2.130    -3.669    pll_inst/inst/clk_out2_pll
    BUFGCTRL_X0Y0        BUFG (Prop_bufg_I_O)         0.093    -3.576 r  pll_inst/inst/clkout2_buf/O
                         net (fo=33272, routed)       1.286    -2.290    student_top_inst/mem_bridge/clk
    SLICE_X24Y205        FDRE                                         r  student_top_inst/mem_bridge/led_q_reg[31]/C
  -------------------------------------------------------------------    -------------------
    SLICE_X24Y205        FDRE (Prop_fdre_C_Q)         0.204    -2.086 r  student_top_inst/mem_bridge/led_q_reg[31]/Q
                         net (fo=2, routed)           2.658     0.572    virtual_led_OBUF[31]
    B27                  OBUF (Prop_obuf_I_O)         2.513     3.085 r  virtual_led_OBUF[31]_inst/O
                         net (fo=0)                   0.000     3.085    virtual_led[31]
    B27                                                               r  virtual_led[31] (OUT)
  -------------------------------------------------------------------    -------------------

Slack:                    inf
  Source:                 student_top_inst/mem_bridge/led_q_reg[3]/C
                            (rising edge-triggered cell FDRE clocked by clk_out2_pll  {rise@0.000ns fall@5.000ns period=10.000ns})
  Destination:            virtual_led[3]
                            (output port)
  Path Group:             (none)
  Path Type:              Max at Slow Process Corner
  Data Path Delay:        5.264ns  (logic 2.616ns (49.700%)  route 2.648ns (50.300%))
  Logic Levels:           1  (OBUF=1)
  Clock Uncertainty:      0.151ns  ((TSJ^2 + DJ^2)^1/2) / 2 + PE
    Total System Jitter     (TSJ):    0.050ns
    Discrete Jitter          (DJ):    0.112ns
    Phase Error              (PE):    0.090ns

    Location             Delay type                Incr(ns)  Path(ns)    Netlist Resource(s)
  -------------------------------------------------------------------    -------------------
                         (clock clk_out2_pll rise edge)
                                                      0.000     0.000 r  
    AD12                                              0.000     0.000 r  i_sys_clk_p (IN)
                         net (fo=0)                   0.000     0.000    pll_inst/inst/clk_in1_p
    AD12                 IBUFDS (Prop_ibufds_I_O)     0.906     0.906 r  pll_inst/inst/clkin1_ibufgds/O
                         net (fo=1, routed)           1.081     1.987    pll_inst/inst/clk_in1_pll
    MMCME2_ADV_X1Y1      MMCME2_ADV (Prop_mmcme2_adv_CLKIN1_CLKOUT1)
                                                     -7.786    -5.799 r  pll_inst/inst/mmcm_adv_inst/CLKOUT1
                         net (fo=1, routed)           2.130    -3.669    pll_inst/inst/clk_out2_pll
    BUFGCTRL_X0Y0        BUFG (Prop_bufg_I_O)         0.093    -3.576 r  pll_inst/inst/clkout2_buf/O
                         net (fo=33272, routed)       1.286    -2.290    student_top_inst/mem_bridge/clk
    SLICE_X25Y204        FDRE                                         r  student_top_inst/mem_bridge/led_q_reg[3]/C
  -------------------------------------------------------------------    -------------------
    SLICE_X25Y204        FDRE (Prop_fdre_C_Q)         0.223    -2.067 r  student_top_inst/mem_bridge/led_q_reg[3]/Q
                         net (fo=2, routed)           2.648     0.580    virtual_led_OBUF[3]
    E25                  OBUF (Prop_obuf_I_O)         2.393     2.973 r  virtual_led_OBUF[3]_inst/O
                         net (fo=0)                   0.000     2.973    virtual_led[3]
    E25                                                               r  virtual_led[3] (OUT)
  -------------------------------------------------------------------    -------------------

Slack:                    inf
  Source:                 student_top_inst/mem_bridge/led_q_reg[26]/C
                            (rising edge-triggered cell FDRE clocked by clk_out2_pll  {rise@0.000ns fall@5.000ns period=10.000ns})
  Destination:            virtual_led[26]
                            (output port)
  Path Group:             (none)
  Path Type:              Max at Slow Process Corner
  Data Path Delay:        5.216ns  (logic 2.654ns (50.887%)  route 2.562ns (49.113%))
  Logic Levels:           1  (OBUF=1)
  Clock Uncertainty:      0.151ns  ((TSJ^2 + DJ^2)^1/2) / 2 + PE
    Total System Jitter     (TSJ):    0.050ns
    Discrete Jitter          (DJ):    0.112ns
    Phase Error              (PE):    0.090ns

    Location             Delay type                Incr(ns)  Path(ns)    Netlist Resource(s)
  -------------------------------------------------------------------    -------------------
                         (clock clk_out2_pll rise edge)
                                                      0.000     0.000 r  
    AD12                                              0.000     0.000 r  i_sys_clk_p (IN)
                         net (fo=0)                   0.000     0.000    pll_inst/inst/clk_in1_p
    AD12                 IBUFDS (Prop_ibufds_I_O)     0.906     0.906 r  pll_inst/inst/clkin1_ibufgds/O
                         net (fo=1, routed)           1.081     1.987    pll_inst/inst/clk_in1_pll
    MMCME2_ADV_X1Y1      MMCME2_ADV (Prop_mmcme2_adv_CLKIN1_CLKOUT1)
                                                     -7.786    -5.799 r  pll_inst/inst/mmcm_adv_inst/CLKOUT1
                         net (fo=1, routed)           2.130    -3.669    pll_inst/inst/clk_out2_pll
    BUFGCTRL_X0Y0        BUFG (Prop_bufg_I_O)         0.093    -3.576 r  pll_inst/inst/clkout2_buf/O
                         net (fo=33272, routed)       1.286    -2.290    student_top_inst/mem_bridge/clk
    SLICE_X24Y204        FDRE                                         r  student_top_inst/mem_bridge/led_q_reg[26]/C
  -------------------------------------------------------------------    -------------------
    SLICE_X24Y204        FDRE (Prop_fdre_C_Q)         0.223    -2.067 r  student_top_inst/mem_bridge/led_q_reg[26]/Q
                         net (fo=2, routed)           2.562     0.495    virtual_led_OBUF[26]
    B24                  OBUF (Prop_obuf_I_O)         2.431     2.926 r  virtual_led_OBUF[26]_inst/O
                         net (fo=0)                   0.000     2.926    virtual_led[26]
    B24                                                               r  virtual_led[26] (OUT)
  -------------------------------------------------------------------    -------------------

Slack:                    inf
  Source:                 student_top_inst/mem_bridge/led_q_reg[30]/C
                            (rising edge-triggered cell FDRE clocked by clk_out2_pll  {rise@0.000ns fall@5.000ns period=10.000ns})
  Destination:            virtual_led[30]
                            (output port)
  Path Group:             (none)
  Path Type:              Max at Slow Process Corner
  Data Path Delay:        5.201ns  (logic 2.726ns (52.414%)  route 2.475ns (47.586%))
  Logic Levels:           1  (OBUF=1)
  Clock Uncertainty:      0.151ns  ((TSJ^2 + DJ^2)^1/2) / 2 + PE
    Total System Jitter     (TSJ):    0.050ns
    Discrete Jitter          (DJ):    0.112ns
    Phase Error              (PE):    0.090ns

    Location             Delay type                Incr(ns)  Path(ns)    Netlist Resource(s)
  -------------------------------------------------------------------    -------------------
                         (clock clk_out2_pll rise edge)
                                                      0.000     0.000 r  
    AD12                                              0.000     0.000 r  i_sys_clk_p (IN)
                         net (fo=0)                   0.000     0.000    pll_inst/inst/clk_in1_p
    AD12                 IBUFDS (Prop_ibufds_I_O)     0.906     0.906 r  pll_inst/inst/clkin1_ibufgds/O
                         net (fo=1, routed)           1.081     1.987    pll_inst/inst/clk_in1_pll
    MMCME2_ADV_X1Y1      MMCME2_ADV (Prop_mmcme2_adv_CLKIN1_CLKOUT1)
                                                     -7.786    -5.799 r  pll_inst/inst/mmcm_adv_inst/CLKOUT1
                         net (fo=1, routed)           2.130    -3.669    pll_inst/inst/clk_out2_pll
    BUFGCTRL_X0Y0        BUFG (Prop_bufg_I_O)         0.093    -3.576 r  pll_inst/inst/clkout2_buf/O
                         net (fo=33272, routed)       1.286    -2.290    student_top_inst/mem_bridge/clk
    SLICE_X24Y205        FDRE                                         r  student_top_inst/mem_bridge/led_q_reg[30]/C
  -------------------------------------------------------------------    -------------------
    SLICE_X24Y205        FDRE (Prop_fdre_C_Q)         0.204    -2.086 r  student_top_inst/mem_bridge/led_q_reg[30]/Q
                         net (fo=2, routed)           2.475     0.389    virtual_led_OBUF[30]
    A27                  OBUF (Prop_obuf_I_O)         2.522     2.911 r  virtual_led_OBUF[30]_inst/O
                         net (fo=0)                   0.000     2.911    virtual_led[30]
    A27                                                               r  virtual_led[30] (OUT)
  -------------------------------------------------------------------    -------------------





Min Delay Paths
--------------------------------------------------------------------------------------
Slack:                    inf
  Source:                 student_top_inst/mem_bridge/led_q_reg[21]/C
                            (rising edge-triggered cell FDRE clocked by clk_out2_pll  {rise@0.000ns fall@5.000ns period=10.000ns})
  Destination:            virtual_led[21]
                            (output port)
  Path Group:             (none)
  Path Type:              Min at Fast Process Corner
  Data Path Delay:        2.329ns  (logic 1.481ns (63.604%)  route 0.848ns (36.396%))
  Logic Levels:           1  (OBUF=1)
  Clock Uncertainty:      0.151ns  ((TSJ^2 + DJ^2)^1/2) / 2 + PE
    Total System Jitter     (TSJ):    0.050ns
    Discrete Jitter          (DJ):    0.112ns
    Phase Error              (PE):    0.090ns

    Location             Delay type                Incr(ns)  Path(ns)    Netlist Resource(s)
  -------------------------------------------------------------------    -------------------
                         (clock clk_out2_pll rise edge)
                                                      0.000     0.000 r  
    AD12                                              0.000     0.000 r  i_sys_clk_p (IN)
                         net (fo=0)                   0.000     0.000    pll_inst/inst/clk_in1_p
    AD12                 IBUFDS (Prop_ibufds_I_O)     0.388     0.388 r  pll_inst/inst/clkin1_ibufgds/O
                         net (fo=1, routed)           0.503     0.891    pll_inst/inst/clk_in1_pll
    MMCME2_ADV_X1Y1      MMCME2_ADV (Prop_mmcme2_adv_CLKIN1_CLKOUT1)
                                                     -3.040    -2.149 r  pll_inst/inst/mmcm_adv_inst/CLKOUT1
                         net (fo=1, routed)           0.940    -1.209    pll_inst/inst/clk_out2_pll
    BUFGCTRL_X0Y0        BUFG (Prop_bufg_I_O)         0.026    -1.183 r  pll_inst/inst/clkout2_buf/O
                         net (fo=33272, routed)       0.572    -0.611    student_top_inst/mem_bridge/clk
    SLICE_X24Y205        FDRE                                         r  student_top_inst/mem_bridge/led_q_reg[21]/C
  -------------------------------------------------------------------    -------------------
    SLICE_X24Y205        FDRE (Prop_fdre_C_Q)         0.091    -0.520 r  student_top_inst/mem_bridge/led_q_reg[21]/Q
                         net (fo=2, routed)           0.848     0.328    virtual_led_OBUF[21]
    D28                  OBUF (Prop_obuf_I_O)         1.390     1.719 r  virtual_led_OBUF[21]_inst/O
                         net (fo=0)                   0.000     1.719    virtual_led[21]
    D28                                                               r  virtual_led[21] (OUT)
  -------------------------------------------------------------------    -------------------

Slack:                    inf
  Source:                 student_top_inst/mem_bridge/led_q_reg[0]/C
                            (rising edge-triggered cell FDRE clocked by clk_out2_pll  {rise@0.000ns fall@5.000ns period=10.000ns})
  Destination:            virtual_led[0]
                            (output port)
  Path Group:             (none)
  Path Type:              Min at Fast Process Corner
  Data Path Delay:        2.334ns  (logic 1.401ns (60.031%)  route 0.933ns (39.969%))
  Logic Levels:           1  (OBUF=1)
  Clock Uncertainty:      0.151ns  ((TSJ^2 + DJ^2)^1/2) / 2 + PE
    Total System Jitter     (TSJ):    0.050ns
    Discrete Jitter          (DJ):    0.112ns
    Phase Error              (PE):    0.090ns

    Location             Delay type                Incr(ns)  Path(ns)    Netlist Resource(s)
  -------------------------------------------------------------------    -------------------
                         (clock clk_out2_pll rise edge)
                                                      0.000     0.000 r  
    AD12                                              0.000     0.000 r  i_sys_clk_p (IN)
                         net (fo=0)                   0.000     0.000    pll_inst/inst/clk_in1_p
    AD12                 IBUFDS (Prop_ibufds_I_O)     0.388     0.388 r  pll_inst/inst/clkin1_ibufgds/O
                         net (fo=1, routed)           0.503     0.891    pll_inst/inst/clk_in1_pll
    MMCME2_ADV_X1Y1      MMCME2_ADV (Prop_mmcme2_adv_CLKIN1_CLKOUT1)
                                                     -3.040    -2.149 r  pll_inst/inst/mmcm_adv_inst/CLKOUT1
                         net (fo=1, routed)           0.940    -1.209    pll_inst/inst/clk_out2_pll
    BUFGCTRL_X0Y0        BUFG (Prop_bufg_I_O)         0.026    -1.183 r  pll_inst/inst/clkout2_buf/O
                         net (fo=33272, routed)       0.572    -0.611    student_top_inst/mem_bridge/clk
    SLICE_X25Y205        FDRE                                         r  student_top_inst/mem_bridge/led_q_reg[0]/C
  -------------------------------------------------------------------    -------------------
    SLICE_X25Y205        FDRE (Prop_fdre_C_Q)         0.100    -0.511 r  student_top_inst/mem_bridge/led_q_reg[0]/Q
                         net (fo=2, routed)           0.933     0.422    virtual_led_OBUF[0]
    G24                  OBUF (Prop_obuf_I_O)         1.301     1.723 r  virtual_led_OBUF[0]_inst/O
                         net (fo=0)                   0.000     1.723    virtual_led[0]
    G24                                                               r  virtual_led[0] (OUT)
  -------------------------------------------------------------------    -------------------

Slack:                    inf
  Source:                 student_top_inst/mem_bridge/led_q_reg[22]/C
                            (rising edge-triggered cell FDRE clocked by clk_out2_pll  {rise@0.000ns fall@5.000ns period=10.000ns})
  Destination:            virtual_led[22]
                            (output port)
  Path Group:             (none)
  Path Type:              Min at Fast Process Corner
  Data Path Delay:        2.335ns  (logic 1.466ns (62.804%)  route 0.868ns (37.196%))
  Logic Levels:           1  (OBUF=1)
  Clock Uncertainty:      0.151ns  ((TSJ^2 + DJ^2)^1/2) / 2 + PE
    Total System Jitter     (TSJ):    0.050ns
    Discrete Jitter          (DJ):    0.112ns
    Phase Error              (PE):    0.090ns

    Location             Delay type                Incr(ns)  Path(ns)    Netlist Resource(s)
  -------------------------------------------------------------------    -------------------
                         (clock clk_out2_pll rise edge)
                                                      0.000     0.000 r  
    AD12                                              0.000     0.000 r  i_sys_clk_p (IN)
                         net (fo=0)                   0.000     0.000    pll_inst/inst/clk_in1_p
    AD12                 IBUFDS (Prop_ibufds_I_O)     0.388     0.388 r  pll_inst/inst/clkin1_ibufgds/O
                         net (fo=1, routed)           0.503     0.891    pll_inst/inst/clk_in1_pll
    MMCME2_ADV_X1Y1      MMCME2_ADV (Prop_mmcme2_adv_CLKIN1_CLKOUT1)
                                                     -3.040    -2.149 r  pll_inst/inst/mmcm_adv_inst/CLKOUT1
                         net (fo=1, routed)           0.940    -1.209    pll_inst/inst/clk_out2_pll
    BUFGCTRL_X0Y0        BUFG (Prop_bufg_I_O)         0.026    -1.183 r  pll_inst/inst/clkout2_buf/O
                         net (fo=33272, routed)       0.572    -0.611    student_top_inst/mem_bridge/clk
    SLICE_X25Y205        FDRE                                         r  student_top_inst/mem_bridge/led_q_reg[22]/C
  -------------------------------------------------------------------    -------------------
    SLICE_X25Y205        FDRE (Prop_fdre_C_Q)         0.100    -0.511 r  student_top_inst/mem_bridge/led_q_reg[22]/Q
                         net (fo=2, routed)           0.868     0.358    virtual_led_OBUF[22]
    C30                  OBUF (Prop_obuf_I_O)         1.366     1.724 r  virtual_led_OBUF[22]_inst/O
                         net (fo=0)                   0.000     1.724    virtual_led[22]
    C30                                                               r  virtual_led[22] (OUT)
  -------------------------------------------------------------------    -------------------

Slack:                    inf
  Source:                 student_top_inst/mem_bridge/led_q_reg[15]/C
                            (rising edge-triggered cell FDRE clocked by clk_out2_pll  {rise@0.000ns fall@5.000ns period=10.000ns})
  Destination:            virtual_led[15]
                            (output port)
  Path Group:             (none)
  Path Type:              Min at Fast Process Corner
  Data Path Delay:        2.334ns  (logic 1.441ns (61.725%)  route 0.893ns (38.275%))
  Logic Levels:           1  (OBUF=1)
  Clock Uncertainty:      0.151ns  ((TSJ^2 + DJ^2)^1/2) / 2 + PE
    Total System Jitter     (TSJ):    0.050ns
    Discrete Jitter          (DJ):    0.112ns
    Phase Error              (PE):    0.090ns

    Location             Delay type                Incr(ns)  Path(ns)    Netlist Resource(s)
  -------------------------------------------------------------------    -------------------
                         (clock clk_out2_pll rise edge)
                                                      0.000     0.000 r  
    AD12                                              0.000     0.000 r  i_sys_clk_p (IN)
                         net (fo=0)                   0.000     0.000    pll_inst/inst/clk_in1_p
    AD12                 IBUFDS (Prop_ibufds_I_O)     0.388     0.388 r  pll_inst/inst/clkin1_ibufgds/O
                         net (fo=1, routed)           0.503     0.891    pll_inst/inst/clk_in1_pll
    MMCME2_ADV_X1Y1      MMCME2_ADV (Prop_mmcme2_adv_CLKIN1_CLKOUT1)
                                                     -3.040    -2.149 r  pll_inst/inst/mmcm_adv_inst/CLKOUT1
                         net (fo=1, routed)           0.940    -1.209    pll_inst/inst/clk_out2_pll
    BUFGCTRL_X0Y0        BUFG (Prop_bufg_I_O)         0.026    -1.183 r  pll_inst/inst/clkout2_buf/O
                         net (fo=33272, routed)       0.580    -0.603    student_top_inst/mem_bridge/clk
    SLICE_X36Y196        FDRE                                         r  student_top_inst/mem_bridge/led_q_reg[15]/C
  -------------------------------------------------------------------    -------------------
    SLICE_X36Y196        FDRE (Prop_fdre_C_Q)         0.100    -0.503 r  student_top_inst/mem_bridge/led_q_reg[15]/Q
                         net (fo=2, routed)           0.893     0.391    virtual_led_OBUF[15]
    G28                  OBUF (Prop_obuf_I_O)         1.341     1.731 r  virtual_led_OBUF[15]_inst/O
                         net (fo=0)                   0.000     1.731    virtual_led[15]
    G28                                                               r  virtual_led[15] (OUT)
  -------------------------------------------------------------------    -------------------

Slack:                    inf
  Source:                 student_top_inst/mem_bridge/led_q_reg[1]/C
                            (rising edge-triggered cell FDRE clocked by clk_out2_pll  {rise@0.000ns fall@5.000ns period=10.000ns})
  Destination:            virtual_led[1]
                            (output port)
  Path Group:             (none)
  Path Type:              Min at Fast Process Corner
  Data Path Delay:        2.341ns  (logic 1.413ns (60.351%)  route 0.928ns (39.649%))
  Logic Levels:           1  (OBUF=1)
  Clock Uncertainty:      0.151ns  ((TSJ^2 + DJ^2)^1/2) / 2 + PE
    Total System Jitter     (TSJ):    0.050ns
    Discrete Jitter          (DJ):    0.112ns
    Phase Error              (PE):    0.090ns

    Location             Delay type                Incr(ns)  Path(ns)    Netlist Resource(s)
  -------------------------------------------------------------------    -------------------
                         (clock clk_out2_pll rise edge)
                                                      0.000     0.000 r  
    AD12                                              0.000     0.000 r  i_sys_clk_p (IN)
                         net (fo=0)                   0.000     0.000    pll_inst/inst/clk_in1_p
    AD12                 IBUFDS (Prop_ibufds_I_O)     0.388     0.388 r  pll_inst/inst/clkin1_ibufgds/O
                         net (fo=1, routed)           0.503     0.891    pll_inst/inst/clk_in1_pll
    MMCME2_ADV_X1Y1      MMCME2_ADV (Prop_mmcme2_adv_CLKIN1_CLKOUT1)
                                                     -3.040    -2.149 r  pll_inst/inst/mmcm_adv_inst/CLKOUT1
                         net (fo=1, routed)           0.940    -1.209    pll_inst/inst/clk_out2_pll
    BUFGCTRL_X0Y0        BUFG (Prop_bufg_I_O)         0.026    -1.183 r  pll_inst/inst/clkout2_buf/O
                         net (fo=33272, routed)       0.573    -0.610    student_top_inst/mem_bridge/clk
    SLICE_X24Y202        FDRE                                         r  student_top_inst/mem_bridge/led_q_reg[1]/C
  -------------------------------------------------------------------    -------------------
    SLICE_X24Y202        FDRE (Prop_fdre_C_Q)         0.100    -0.510 r  student_top_inst/mem_bridge/led_q_reg[1]/Q
                         net (fo=2, routed)           0.928     0.419    virtual_led_OBUF[1]
    E24                  OBUF (Prop_obuf_I_O)         1.313     1.732 r  virtual_led_OBUF[1]_inst/O
                         net (fo=0)                   0.000     1.732    virtual_led[1]
    E24                                                               r  virtual_led[1] (OUT)
  -------------------------------------------------------------------    -------------------

Slack:                    inf
  Source:                 student_top_inst/mem_bridge/led_q_reg[13]/C
                            (rising edge-triggered cell FDRE clocked by clk_out2_pll  {rise@0.000ns fall@5.000ns period=10.000ns})
  Destination:            virtual_led[13]
                            (output port)
  Path Group:             (none)
  Path Type:              Min at Fast Process Corner
  Data Path Delay:        2.354ns  (logic 1.466ns (62.270%)  route 0.888ns (37.730%))
  Logic Levels:           1  (OBUF=1)
  Clock Uncertainty:      0.151ns  ((TSJ^2 + DJ^2)^1/2) / 2 + PE
    Total System Jitter     (TSJ):    0.050ns
    Discrete Jitter          (DJ):    0.112ns
    Phase Error              (PE):    0.090ns

    Location             Delay type                Incr(ns)  Path(ns)    Netlist Resource(s)
  -------------------------------------------------------------------    -------------------
                         (clock clk_out2_pll rise edge)
                                                      0.000     0.000 r  
    AD12                                              0.000     0.000 r  i_sys_clk_p (IN)
                         net (fo=0)                   0.000     0.000    pll_inst/inst/clk_in1_p
    AD12                 IBUFDS (Prop_ibufds_I_O)     0.388     0.388 r  pll_inst/inst/clkin1_ibufgds/O
                         net (fo=1, routed)           0.503     0.891    pll_inst/inst/clk_in1_pll
    MMCME2_ADV_X1Y1      MMCME2_ADV (Prop_mmcme2_adv_CLKIN1_CLKOUT1)
                                                     -3.040    -2.149 r  pll_inst/inst/mmcm_adv_inst/CLKOUT1
                         net (fo=1, routed)           0.940    -1.209    pll_inst/inst/clk_out2_pll
    BUFGCTRL_X0Y0        BUFG (Prop_bufg_I_O)         0.026    -1.183 r  pll_inst/inst/clkout2_buf/O
                         net (fo=33272, routed)       0.572    -0.611    student_top_inst/mem_bridge/clk
    SLICE_X24Y204        FDRE                                         r  student_top_inst/mem_bridge/led_q_reg[13]/C
  -------------------------------------------------------------------    -------------------
    SLICE_X24Y204        FDRE (Prop_fdre_C_Q)         0.100    -0.511 r  student_top_inst/mem_bridge/led_q_reg[13]/Q
                         net (fo=2, routed)           0.888     0.378    virtual_led_OBUF[13]
    C29                  OBUF (Prop_obuf_I_O)         1.366     1.744 r  virtual_led_OBUF[13]_inst/O
                         net (fo=0)                   0.000     1.744    virtual_led[13]
    C29                                                               r  virtual_led[13] (OUT)
  -------------------------------------------------------------------    -------------------

Slack:                    inf
  Source:                 student_top_inst/mem_bridge/led_q_reg[6]/C
                            (rising edge-triggered cell FDRE clocked by clk_out2_pll  {rise@0.000ns fall@5.000ns period=10.000ns})
  Destination:            virtual_led[6]
                            (output port)
  Path Group:             (none)
  Path Type:              Min at Fast Process Corner
  Data Path Delay:        2.347ns  (logic 1.449ns (61.739%)  route 0.898ns (38.261%))
  Logic Levels:           1  (OBUF=1)
  Clock Uncertainty:      0.151ns  ((TSJ^2 + DJ^2)^1/2) / 2 + PE
    Total System Jitter     (TSJ):    0.050ns
    Discrete Jitter          (DJ):    0.112ns
    Phase Error              (PE):    0.090ns

    Location             Delay type                Incr(ns)  Path(ns)    Netlist Resource(s)
  -------------------------------------------------------------------    -------------------
                         (clock clk_out2_pll rise edge)
                                                      0.000     0.000 r  
    AD12                                              0.000     0.000 r  i_sys_clk_p (IN)
                         net (fo=0)                   0.000     0.000    pll_inst/inst/clk_in1_p
    AD12                 IBUFDS (Prop_ibufds_I_O)     0.388     0.388 r  pll_inst/inst/clkin1_ibufgds/O
                         net (fo=1, routed)           0.503     0.891    pll_inst/inst/clk_in1_pll
    MMCME2_ADV_X1Y1      MMCME2_ADV (Prop_mmcme2_adv_CLKIN1_CLKOUT1)
                                                     -3.040    -2.149 r  pll_inst/inst/mmcm_adv_inst/CLKOUT1
                         net (fo=1, routed)           0.940    -1.209    pll_inst/inst/clk_out2_pll
    BUFGCTRL_X0Y0        BUFG (Prop_bufg_I_O)         0.026    -1.183 r  pll_inst/inst/clkout2_buf/O
                         net (fo=33272, routed)       0.580    -0.603    student_top_inst/mem_bridge/clk
    SLICE_X36Y196        FDRE                                         r  student_top_inst/mem_bridge/led_q_reg[6]/C
  -------------------------------------------------------------------    -------------------
    SLICE_X36Y196        FDRE (Prop_fdre_C_Q)         0.100    -0.503 r  student_top_inst/mem_bridge/led_q_reg[6]/Q
                         net (fo=2, routed)           0.898     0.395    virtual_led_OBUF[6]
    G25                  OBUF (Prop_obuf_I_O)         1.349     1.744 r  virtual_led_OBUF[6]_inst/O
                         net (fo=0)                   0.000     1.744    virtual_led[6]
    G25                                                               r  virtual_led[6] (OUT)
  -------------------------------------------------------------------    -------------------

Slack:                    inf
  Source:                 student_top_inst/mem_bridge/led_q_reg[23]/C
                            (rising edge-triggered cell FDRE clocked by clk_out2_pll  {rise@0.000ns fall@5.000ns period=10.000ns})
  Destination:            virtual_led[23]
                            (output port)
  Path Group:             (none)
  Path Type:              Min at Fast Process Corner
  Data Path Delay:        2.357ns  (logic 1.453ns (61.659%)  route 0.904ns (38.341%))
  Logic Levels:           1  (OBUF=1)
  Clock Uncertainty:      0.151ns  ((TSJ^2 + DJ^2)^1/2) / 2 + PE
    Total System Jitter     (TSJ):    0.050ns
    Discrete Jitter          (DJ):    0.112ns
    Phase Error              (PE):    0.090ns

    Location             Delay type                Incr(ns)  Path(ns)    Netlist Resource(s)
  -------------------------------------------------------------------    -------------------
                         (clock clk_out2_pll rise edge)
                                                      0.000     0.000 r  
    AD12                                              0.000     0.000 r  i_sys_clk_p (IN)
                         net (fo=0)                   0.000     0.000    pll_inst/inst/clk_in1_p
    AD12                 IBUFDS (Prop_ibufds_I_O)     0.388     0.388 r  pll_inst/inst/clkin1_ibufgds/O
                         net (fo=1, routed)           0.503     0.891    pll_inst/inst/clk_in1_pll
    MMCME2_ADV_X1Y1      MMCME2_ADV (Prop_mmcme2_adv_CLKIN1_CLKOUT1)
                                                     -3.040    -2.149 r  pll_inst/inst/mmcm_adv_inst/CLKOUT1
                         net (fo=1, routed)           0.940    -1.209    pll_inst/inst/clk_out2_pll
    BUFGCTRL_X0Y0        BUFG (Prop_bufg_I_O)         0.026    -1.183 r  pll_inst/inst/clkout2_buf/O
                         net (fo=33272, routed)       0.572    -0.611    student_top_inst/mem_bridge/clk
    SLICE_X25Y203        FDRE                                         r  student_top_inst/mem_bridge/led_q_reg[23]/C
  -------------------------------------------------------------------    -------------------
    SLICE_X25Y203        FDRE (Prop_fdre_C_Q)         0.100    -0.511 r  student_top_inst/mem_bridge/led_q_reg[23]/Q
                         net (fo=2, routed)           0.904     0.393    virtual_led_OBUF[23]
    E30                  OBUF (Prop_obuf_I_O)         1.353     1.746 r  virtual_led_OBUF[23]_inst/O
                         net (fo=0)                   0.000     1.746    virtual_led[23]
    E30                                                               r  virtual_led[23] (OUT)
  -------------------------------------------------------------------    -------------------

Slack:                    inf
  Source:                 student_top_inst/mem_bridge/led_q_reg[9]/C
                            (rising edge-triggered cell FDRE clocked by clk_out2_pll  {rise@0.000ns fall@5.000ns period=10.000ns})
  Destination:            virtual_led[9]
                            (output port)
  Path Group:             (none)
  Path Type:              Min at Fast Process Corner
  Data Path Delay:        2.405ns  (logic 1.410ns (58.615%)  route 0.995ns (41.385%))
  Logic Levels:           1  (OBUF=1)
  Clock Uncertainty:      0.151ns  ((TSJ^2 + DJ^2)^1/2) / 2 + PE
    Total System Jitter     (TSJ):    0.050ns
    Discrete Jitter          (DJ):    0.112ns
    Phase Error              (PE):    0.090ns

    Location             Delay type                Incr(ns)  Path(ns)    Netlist Resource(s)
  -------------------------------------------------------------------    -------------------
                         (clock clk_out2_pll rise edge)
                                                      0.000     0.000 r  
    AD12                                              0.000     0.000 r  i_sys_clk_p (IN)
                         net (fo=0)                   0.000     0.000    pll_inst/inst/clk_in1_p
    AD12                 IBUFDS (Prop_ibufds_I_O)     0.388     0.388 r  pll_inst/inst/clkin1_ibufgds/O
                         net (fo=1, routed)           0.503     0.891    pll_inst/inst/clk_in1_pll
    MMCME2_ADV_X1Y1      MMCME2_ADV (Prop_mmcme2_adv_CLKIN1_CLKOUT1)
                                                     -3.040    -2.149 r  pll_inst/inst/mmcm_adv_inst/CLKOUT1
                         net (fo=1, routed)           0.940    -1.209    pll_inst/inst/clk_out2_pll
    BUFGCTRL_X0Y0        BUFG (Prop_bufg_I_O)         0.026    -1.183 r  pll_inst/inst/clkout2_buf/O
                         net (fo=33272, routed)       0.571    -0.612    student_top_inst/mem_bridge/clk
    SLICE_X31Y202        FDRE                                         r  student_top_inst/mem_bridge/led_q_reg[9]/C
  -------------------------------------------------------------------    -------------------
    SLICE_X31Y202        FDRE (Prop_fdre_C_Q)         0.100    -0.512 r  student_top_inst/mem_bridge/led_q_reg[9]/Q
                         net (fo=2, routed)           0.995     0.484    virtual_led_OBUF[9]
    E23                  OBUF (Prop_obuf_I_O)         1.310     1.794 r  virtual_led_OBUF[9]_inst/O
                         net (fo=0)                   0.000     1.794    virtual_led[9]
    E23                                                               r  virtual_led[9] (OUT)
  -------------------------------------------------------------------    -------------------

Slack:                    inf
  Source:                 student_top_inst/mem_bridge/led_q_reg[11]/C
                            (rising edge-triggered cell FDRE clocked by clk_out2_pll  {rise@0.000ns fall@5.000ns period=10.000ns})
  Destination:            virtual_led[11]
                            (output port)
  Path Group:             (none)
  Path Type:              Min at Fast Process Corner
  Data Path Delay:        2.424ns  (logic 1.453ns (59.957%)  route 0.971ns (40.043%))
  Logic Levels:           1  (OBUF=1)
  Clock Uncertainty:      0.151ns  ((TSJ^2 + DJ^2)^1/2) / 2 + PE
    Total System Jitter     (TSJ):    0.050ns
    Discrete Jitter          (DJ):    0.112ns
    Phase Error              (PE):    0.090ns

    Location             Delay type                Incr(ns)  Path(ns)    Netlist Resource(s)
  -------------------------------------------------------------------    -------------------
                         (clock clk_out2_pll rise edge)
                                                      0.000     0.000 r  
    AD12                                              0.000     0.000 r  i_sys_clk_p (IN)
                         net (fo=0)                   0.000     0.000    pll_inst/inst/clk_in1_p
    AD12                 IBUFDS (Prop_ibufds_I_O)     0.388     0.388 r  pll_inst/inst/clkin1_ibufgds/O
                         net (fo=1, routed)           0.503     0.891    pll_inst/inst/clk_in1_pll
    MMCME2_ADV_X1Y1      MMCME2_ADV (Prop_mmcme2_adv_CLKIN1_CLKOUT1)
                                                     -3.040    -2.149 r  pll_inst/inst/mmcm_adv_inst/CLKOUT1
                         net (fo=1, routed)           0.940    -1.209    pll_inst/inst/clk_out2_pll
    BUFGCTRL_X0Y0        BUFG (Prop_bufg_I_O)         0.026    -1.183 r  pll_inst/inst/clkout2_buf/O
                         net (fo=33272, routed)       0.572    -0.611    student_top_inst/mem_bridge/clk
    SLICE_X24Y205        FDRE                                         r  student_top_inst/mem_bridge/led_q_reg[11]/C
  -------------------------------------------------------------------    -------------------
    SLICE_X24Y205        FDRE (Prop_fdre_C_Q)         0.100    -0.511 r  student_top_inst/mem_bridge/led_q_reg[11]/Q
                         net (fo=2, routed)           0.971     0.460    virtual_led_OBUF[11]
    C25                  OBUF (Prop_obuf_I_O)         1.353     1.814 r  virtual_led_OBUF[11]_inst/O
                         net (fo=0)                   0.000     1.814    virtual_led[11]
    C25                                                               r  virtual_led[11] (OUT)
  -------------------------------------------------------------------    -------------------





--------------------------------------------------------------------------------------
Path Group:  (none)
From Clock:  clkfbout_pll
  To Clock:  

Max Delay             1 Endpoint
Min Delay             1 Endpoint
--------------------------------------------------------------------------------------


Max Delay Paths
--------------------------------------------------------------------------------------
Slack:                    inf
  Source:                 pll_inst/inst/mmcm_adv_inst/CLKFBOUT
                            (clock source 'clkfbout_pll'  {rise@0.000ns fall@2.500ns period=5.000ns})
  Destination:            pll_inst/inst/mmcm_adv_inst/CLKFBIN
  Path Group:             (none)
  Path Type:              Max at Fast Process Corner
  Data Path Delay:        1.995ns  (logic 0.030ns (1.504%)  route 1.965ns (98.496%))
  Logic Levels:           1  (BUFG=1)
  Clock Uncertainty:      0.134ns  ((TSJ^2 + DJ^2)^1/2) / 2 + PE
    Total System Jitter     (TSJ):    0.050ns
    Discrete Jitter          (DJ):    0.072ns
    Phase Error              (PE):    0.090ns

    Location             Delay type                Incr(ns)  Path(ns)    Netlist Resource(s)
  -------------------------------------------------------------------    -------------------
                         (clock clkfbout_pll fall edge)
                                                      2.500     2.500 f  
    AD12                                              0.000     2.500 f  i_sys_clk_p (IN)
                         net (fo=0)                   0.000     2.500    pll_inst/inst/clk_in1_p
    AD12                 IBUFDS (Prop_ibufds_I_O)     0.470     2.970 f  pll_inst/inst/clkin1_ibufgds/O
                         net (fo=1, routed)           0.553     3.523    pll_inst/inst/clk_in1_pll
  -------------------------------------------------------------------    -------------------
    MMCME2_ADV_X1Y1      MMCME2_ADV (Prop_mmcme2_adv_CLKIN1_CLKFBOUT)
                                                     -3.493     0.030 f  pll_inst/inst/mmcm_adv_inst/CLKFBOUT
                         net (fo=1, routed)           1.007     1.037    pll_inst/inst/clkfbout_pll
    BUFGCTRL_X0Y2        BUFG (Prop_bufg_I_O)         0.030     1.067 f  pll_inst/inst/clkf_buf/O
                         net (fo=1, routed)           0.958     2.025    pll_inst/inst/clkfbout_buf_pll
    MMCME2_ADV_X1Y1      MMCME2_ADV                                   f  pll_inst/inst/mmcm_adv_inst/CLKFBIN
  -------------------------------------------------------------------    -------------------





Min Delay Paths
--------------------------------------------------------------------------------------
Slack:                    inf
  Source:                 pll_inst/inst/mmcm_adv_inst/CLKFBOUT
                            (clock source 'clkfbout_pll'  {rise@0.000ns fall@2.500ns period=5.000ns})
  Destination:            pll_inst/inst/mmcm_adv_inst/CLKFBIN
  Path Group:             (none)
  Path Type:              Min at Slow Process Corner
  Data Path Delay:        3.694ns  (logic 0.083ns (2.247%)  route 3.611ns (97.753%))
  Logic Levels:           1  (BUFG=1)
  Clock Uncertainty:      0.134ns  ((TSJ^2 + DJ^2)^1/2) / 2 + PE
    Total System Jitter     (TSJ):    0.050ns
    Discrete Jitter          (DJ):    0.072ns
    Phase Error              (PE):    0.090ns

    Location             Delay type                Incr(ns)  Path(ns)    Netlist Resource(s)
  -------------------------------------------------------------------    -------------------
                         (clock clkfbout_pll rise edge)
                                                      0.000     0.000 r  
    AD12                                              0.000     0.000 r  i_sys_clk_p (IN)
                         net (fo=0)                   0.000     0.000    pll_inst/inst/clk_in1_p
    AD12                 IBUFDS (Prop_ibufds_I_O)     0.803     0.803 r  pll_inst/inst/clkin1_ibufgds/O
                         net (fo=1, routed)           0.986     1.789    pll_inst/inst/clk_in1_pll
  -------------------------------------------------------------------    -------------------
    MMCME2_ADV_X1Y1      MMCME2_ADV (Prop_mmcme2_adv_CLKIN1_CLKFBOUT)
                                                     -6.759    -4.970 r  pll_inst/inst/mmcm_adv_inst/CLKFBOUT
                         net (fo=1, routed)           2.005    -2.965    pll_inst/inst/clkfbout_pll
    BUFGCTRL_X0Y2        BUFG (Prop_bufg_I_O)         0.083    -2.882 r  pll_inst/inst/clkf_buf/O
                         net (fo=1, routed)           1.606    -1.276    pll_inst/inst/clkfbout_buf_pll
    MMCME2_ADV_X1Y1      MMCME2_ADV                                   r  pll_inst/inst/mmcm_adv_inst/CLKFBIN
  -------------------------------------------------------------------    -------------------





--------------------------------------------------------------------------------------
Path Group:  (none)
From Clock:  
  To Clock:  clk_out1_pll

Max Delay             1 Endpoint
Min Delay             1 Endpoint
--------------------------------------------------------------------------------------


Max Delay Paths
--------------------------------------------------------------------------------------
Slack:                    inf
  Source:                 i_uart_rx
                            (input port)
  Destination:            uart_inst/rx_d0_reg/D
                            (rising edge-triggered cell FDPE clocked by clk_out1_pll  {rise@0.000ns fall@10.000ns period=20.000ns})
  Path Group:             (none)
  Path Type:              Setup (Max at Slow Process Corner)
  Data Path Delay:        3.569ns  (logic 1.533ns (42.958%)  route 2.036ns (57.042%))
  Logic Levels:           1  (IBUF=1)
  Clock Path Skew:        -1.660ns (DCD - SCD + CPR)
    Destination Clock Delay (DCD):    -1.660ns
    Source Clock Delay      (SCD):    0.000ns
    Clock Pessimism Removal (CPR):    0.000ns
  Clock Uncertainty:      0.159ns  ((TSJ^2 + DJ^2)^1/2) / 2 + PE
    Total System Jitter     (TSJ):    0.050ns
    Discrete Jitter          (DJ):    0.129ns
    Phase Error              (PE):    0.090ns

    Location             Delay type                Incr(ns)  Path(ns)    Netlist Resource(s)
  -------------------------------------------------------------------    -------------------
    D18                                               0.000     0.000 r  i_uart_rx (IN)
                         net (fo=0)                   0.000     0.000    i_uart_rx
    D18                  IBUF (Prop_ibuf_I_O)         1.533     1.533 r  i_uart_rx_IBUF_inst/O
                         net (fo=1, routed)           2.036     3.569    uart_inst/rx
    SLICE_X1Y196         FDPE                                         r  uart_inst/rx_d0_reg/D
  -------------------------------------------------------------------    -------------------

                         (clock clk_out1_pll rise edge)
                                                      0.000     0.000 r  
    AD12                                              0.000     0.000 r  i_sys_clk_p (IN)
                         net (fo=0)                   0.000     0.000    pll_inst/inst/clk_in1_p
    AD12                 IBUFDS (Prop_ibufds_I_O)     0.803     0.803 r  pll_inst/inst/clkin1_ibufgds/O
                         net (fo=1, routed)           0.986     1.789    pll_inst/inst/clk_in1_pll
    MMCME2_ADV_X1Y1      MMCME2_ADV (Prop_mmcme2_adv_CLKIN1_CLKOUT0)
                                                     -6.759    -4.970 r  pll_inst/inst/mmcm_adv_inst/CLKOUT0
                         net (fo=1, routed)           2.005    -2.965    pll_inst/inst/clk_out1_pll
    BUFGCTRL_X0Y1        BUFG (Prop_bufg_I_O)         0.083    -2.882 r  pll_inst/inst/clkout1_buf/O
                         net (fo=581, routed)         1.222    -1.660    uart_inst/clk
    SLICE_X1Y196         FDPE                                         r  uart_inst/rx_d0_reg/C





Min Delay Paths
--------------------------------------------------------------------------------------
Slack:                    inf
  Source:                 i_uart_rx
                            (input port)
  Destination:            uart_inst/rx_d0_reg/D
                            (rising edge-triggered cell FDPE clocked by clk_out1_pll  {rise@0.000ns fall@10.000ns period=20.000ns})
  Path Group:             (none)
  Path Type:              Hold (Min at Fast Process Corner)
  Data Path Delay:        1.604ns  (logic 0.458ns (28.529%)  route 1.147ns (71.471%))
  Logic Levels:           1  (IBUF=1)
  Clock Path Skew:        -0.609ns (DCD - SCD - CPR)
    Destination Clock Delay (DCD):    -0.609ns
    Source Clock Delay      (SCD):    0.000ns
    Clock Pessimism Removal (CPR):    -0.000ns

    Location             Delay type                Incr(ns)  Path(ns)    Netlist Resource(s)
  -------------------------------------------------------------------    -------------------
    D18                                               0.000     0.000 r  i_uart_rx (IN)
                         net (fo=0)                   0.000     0.000    i_uart_rx
    D18                  IBUF (Prop_ibuf_I_O)         0.458     0.458 r  i_uart_rx_IBUF_inst/O
                         net (fo=1, routed)           1.147     1.604    uart_inst/rx
    SLICE_X1Y196         FDPE                                         r  uart_inst/rx_d0_reg/D
  -------------------------------------------------------------------    -------------------

                         (clock clk_out1_pll rise edge)
                                                      0.000     0.000 r  
    AD12                                              0.000     0.000 r  i_sys_clk_p (IN)
                         net (fo=0)                   0.000     0.000    pll_inst/inst/clk_in1_p
    AD12                 IBUFDS (Prop_ibufds_I_O)     0.470     0.470 r  pll_inst/inst/clkin1_ibufgds/O
                         net (fo=1, routed)           0.553     1.023    pll_inst/inst/clk_in1_pll
    MMCME2_ADV_X1Y1      MMCME2_ADV (Prop_mmcme2_adv_CLKIN1_CLKOUT0)
                                                     -3.493    -2.470 r  pll_inst/inst/mmcm_adv_inst/CLKOUT0
                         net (fo=1, routed)           1.007    -1.463    pll_inst/inst/clk_out1_pll
    BUFGCTRL_X0Y1        BUFG (Prop_bufg_I_O)         0.030    -1.433 r  pll_inst/inst/clkout1_buf/O
                         net (fo=581, routed)         0.824    -0.609    uart_inst/clk
    SLICE_X1Y196         FDPE                                         r  uart_inst/rx_d0_reg/C





