rank,slack_ns,requirement_ns,datapath_delay_ns,logic_levels,path_group,startpoint,end_point,start_clock,end_clock
"1","-4.495","10.000","14.037","30","","student_top_inst/Core_cpu/u_core/u_backend/complete_prd_reg[1][0]/C","student_top_inst/Core_cpu/u_core/u_backend/u_execute/u_prf/regs_q_reg[27][14]/CE","clk_out2_pll","clk_out2_pll"
"2","-4.495","10.000","14.037","30","","student_top_inst/Core_cpu/u_core/u_backend/complete_prd_reg[1][0]/C","student_top_inst/Core_cpu/u_core/u_backend/u_execute/u_prf/regs_q_reg[27][14]/CE","clk_out2_pll","clk_out2_pll"
"3","-4.495","10.000","14.037","30","","student_top_inst/Core_cpu/u_core/u_backend/complete_prd_reg[1][0]/C","student_top_inst/Core_cpu/u_core/u_backend/u_execute/u_prf/regs_q_reg[27][14]/CE","clk_out2_pll","clk_out2_pll"
"4","-4.495","10.000","14.037","30","","student_top_inst/Core_cpu/u_core/u_backend/complete_prd_reg[1][0]/C","student_top_inst/Core_cpu/u_core/u_backend/u_execute/u_prf/regs_q_reg[27][14]/CE","clk_out2_pll","clk_out2_pll"
"5","-4.495","10.000","14.037","30","","student_top_inst/Core_cpu/u_core/u_backend/complete_prd_reg[1][0]/C","student_top_inst/Core_cpu/u_core/u_backend/u_execute/u_prf/regs_q_reg[27][14]/CE","clk_out2_pll","clk_out2_pll"
"6","-4.495","10.000","14.037","30","","student_top_inst/Core_cpu/u_core/u_backend/complete_prd_reg[1][0]/C","student_top_inst/Core_cpu/u_core/u_backend/u_execute/u_prf/regs_q_reg[27][14]/CE","clk_out2_pll","clk_out2_pll"
"7","-4.495","10.000","14.037","30","","student_top_inst/Core_cpu/u_core/u_backend/complete_prd_reg[1][0]/C","student_top_inst/Core_cpu/u_core/u_backend/u_execute/u_prf/regs_q_reg[27][14]/CE","clk_out2_pll","clk_out2_pll"
"8","-4.495","10.000","14.037","30","","student_top_inst/Core_cpu/u_core/u_backend/complete_prd_reg[1][0]/C","student_top_inst/Core_cpu/u_core/u_backend/u_execute/u_prf/regs_q_reg[27][14]/CE","clk_out2_pll","clk_out2_pll"
"9","-4.495","10.000","14.037","30","","student_top_inst/Core_cpu/u_core/u_backend/complete_prd_reg[1][0]/C","student_top_inst/Core_cpu/u_core/u_backend/u_execute/u_prf/regs_q_reg[27][14]/CE","clk_out2_pll","clk_out2_pll"
"10","-4.495","10.000","14.037","30","","student_top_inst/Core_cpu/u_core/u_backend/complete_prd_reg[1][0]/C","student_top_inst/Core_cpu/u_core/u_backend/u_execute/u_prf/regs_q_reg[27][14]/CE","clk_out2_pll","clk_out2_pll"
"11","-4.495","10.000","14.037","30","","student_top_inst/Core_cpu/u_core/u_backend/complete_prd_reg[1][0]/C","student_top_inst/Core_cpu/u_core/u_backend/u_execute/u_prf/regs_q_reg[27][14]/CE","clk_out2_pll","clk_out2_pll"
"12","-4.495","10.000","14.037","30","","student_top_inst/Core_cpu/u_core/u_backend/complete_prd_reg[1][0]/C","student_top_inst/Core_cpu/u_core/u_backend/u_execute/u_prf/regs_q_reg[27][14]/CE","clk_out2_pll","clk_out2_pll"
"13","-4.495","10.000","14.037","30","","student_top_inst/Core_cpu/u_core/u_backend/complete_prd_reg[1][0]/C","student_top_inst/Core_cpu/u_core/u_backend/u_execute/u_prf/regs_q_reg[27][14]/CE","clk_out2_pll","clk_out2_pll"
"14","-4.495","10.000","14.037","30","","student_top_inst/Core_cpu/u_core/u_backend/complete_prd_reg[1][0]/C","student_top_inst/Core_cpu/u_core/u_backend/u_execute/u_prf/regs_q_reg[27][14]/CE","clk_out2_pll","clk_out2_pll"
"15","-4.495","10.000","14.037","30","","student_top_inst/Core_cpu/u_core/u_backend/complete_prd_reg[1][0]/C","student_top_inst/Core_cpu/u_core/u_backend/u_execute/u_prf/regs_q_reg[27][14]/CE","clk_out2_pll","clk_out2_pll"
"16","-4.495","10.000","14.037","30","","student_top_inst/Core_cpu/u_core/u_backend/complete_prd_reg[1][0]/C","student_top_inst/Core_cpu/u_core/u_backend/u_execute/u_prf/regs_q_reg[27][14]/CE","clk_out2_pll","clk_out2_pll"
"17","-4.495","10.000","14.037","30","","student_top_inst/Core_cpu/u_core/u_backend/complete_prd_reg[1][0]/C","student_top_inst/Core_cpu/u_core/u_backend/u_execute/u_prf/regs_q_reg[27][14]/CE","clk_out2_pll","clk_out2_pll"
"18","-4.495","10.000","14.037","30","","student_top_inst/Core_cpu/u_core/u_backend/complete_prd_reg[1][0]/C","student_top_inst/Core_cpu/u_core/u_backend/u_execute/u_prf/regs_q_reg[27][14]/CE","clk_out2_pll","clk_out2_pll"
"19","-4.495","10.000","14.037","30","","student_top_inst/Core_cpu/u_core/u_backend/complete_prd_reg[1][0]/C","student_top_inst/Core_cpu/u_core/u_backend/u_execute/u_prf/regs_q_reg[27][14]/CE","clk_out2_pll","clk_out2_pll"
"20","-4.495","10.000","14.037","30","","student_top_inst/Core_cpu/u_core/u_backend/complete_prd_reg[1][0]/C","student_top_inst/Core_cpu/u_core/u_backend/u_execute/u_prf/regs_q_reg[27][14]/CE","clk_out2_pll","clk_out2_pll"
"21","-4.495","10.000","14.037","30","","student_top_inst/Core_cpu/u_core/u_backend/complete_prd_reg[1][0]/C","student_top_inst/Core_cpu/u_core/u_backend/u_execute/u_prf/regs_q_reg[27][14]/CE","clk_out2_pll","clk_out2_pll"
"22","-4.495","10.000","14.037","30","","student_top_inst/Core_cpu/u_core/u_backend/complete_prd_reg[1][0]/C","student_top_inst/Core_cpu/u_core/u_backend/u_execute/u_prf/regs_q_reg[27][14]/CE","clk_out2_pll","clk_out2_pll"
"23","-4.495","10.000","14.037","30","","student_top_inst/Core_cpu/u_core/u_backend/complete_prd_reg[1][0]/C","student_top_inst/Core_cpu/u_core/u_backend/u_execute/u_prf/regs_q_reg[27][14]/CE","clk_out2_pll","clk_out2_pll"
"24","-4.495","10.000","14.037","30","","student_top_inst/Core_cpu/u_core/u_backend/complete_prd_reg[1][0]/C","student_top_inst/Core_cpu/u_core/u_backend/u_execute/u_prf/regs_q_reg[27][14]/CE","clk_out2_pll","clk_out2_pll"
"25","-4.495","10.000","14.037","30","","student_top_inst/Core_cpu/u_core/u_backend/complete_prd_reg[1][0]/C","student_top_inst/Core_cpu/u_core/u_backend/u_execute/u_prf/regs_q_reg[27][14]/CE","clk_out2_pll","clk_out2_pll"
"26","-4.495","10.000","14.037","30","","student_top_inst/Core_cpu/u_core/u_backend/complete_prd_reg[1][0]/C","student_top_inst/Core_cpu/u_core/u_backend/u_execute/u_prf/regs_q_reg[27][14]/CE","clk_out2_pll","clk_out2_pll"
"27","-4.495","10.000","14.037","30","","student_top_inst/Core_cpu/u_core/u_backend/complete_prd_reg[1][0]/C","student_top_inst/Core_cpu/u_core/u_backend/u_execute/u_prf/regs_q_reg[27][14]/CE","clk_out2_pll","clk_out2_pll"
"28","-4.495","10.000","14.037","30","","student_top_inst/Core_cpu/u_core/u_backend/complete_prd_reg[1][0]/C","student_top_inst/Core_cpu/u_core/u_backend/u_execute/u_prf/regs_q_reg[27][14]/CE","clk_out2_pll","clk_out2_pll"
"29","-4.495","10.000","14.037","30","","student_top_inst/Core_cpu/u_core/u_backend/complete_prd_reg[1][0]/C","student_top_inst/Core_cpu/u_core/u_backend/u_execute/u_prf/regs_q_reg[27][14]/CE","clk_out2_pll","clk_out2_pll"
"30","-4.495","10.000","14.037","30","","student_top_inst/Core_cpu/u_core/u_backend/complete_prd_reg[1][0]/C","student_top_inst/Core_cpu/u_core/u_backend/u_execute/u_prf/regs_q_reg[27][14]/CE","clk_out2_pll","clk_out2_pll"
"31","-4.495","10.000","14.037","30","","student_top_inst/Core_cpu/u_core/u_backend/complete_prd_reg[1][0]/C","student_top_inst/Core_cpu/u_core/u_backend/u_execute/u_prf/regs_q_reg[27][14]/CE","clk_out2_pll","clk_out2_pll"
"32","-4.495","10.000","14.037","30","","student_top_inst/Core_cpu/u_core/u_backend/complete_prd_reg[1][0]/C","student_top_inst/Core_cpu/u_core/u_backend/u_execute/u_prf/regs_q_reg[27][14]/CE","clk_out2_pll","clk_out2_pll"
"33","-4.495","10.000","14.037","30","","student_top_inst/Core_cpu/u_core/u_backend/complete_prd_reg[1][0]/C","student_top_inst/Core_cpu/u_core/u_backend/u_execute/u_prf/regs_q_reg[27][14]/CE","clk_out2_pll","clk_out2_pll"
"34","-4.495","10.000","14.037","30","","student_top_inst/Core_cpu/u_core/u_backend/complete_prd_reg[1][0]/C","student_top_inst/Core_cpu/u_core/u_backend/u_execute/u_prf/regs_q_reg[27][14]/CE","clk_out2_pll","clk_out2_pll"
"35","-4.495","10.000","14.037","30","","student_top_inst/Core_cpu/u_core/u_backend/complete_prd_reg[1][0]/C","student_top_inst/Core_cpu/u_core/u_backend/u_execute/u_prf/regs_q_reg[27][14]/CE","clk_out2_pll","clk_out2_pll"
"36","-4.495","10.000","14.037","30","","student_top_inst/Core_cpu/u_core/u_backend/complete_prd_reg[1][0]/C","student_top_inst/Core_cpu/u_core/u_backend/u_execute/u_prf/regs_q_reg[27][14]/CE","clk_out2_pll","clk_out2_pll"
"37","-4.495","10.000","14.037","30","","student_top_inst/Core_cpu/u_core/u_backend/complete_prd_reg[1][0]/C","student_top_inst/Core_cpu/u_core/u_backend/u_execute/u_prf/regs_q_reg[27][14]/CE","clk_out2_pll","clk_out2_pll"
"38","-4.495","10.000","14.037","30","","student_top_inst/Core_cpu/u_core/u_backend/complete_prd_reg[1][0]/C","student_top_inst/Core_cpu/u_core/u_backend/u_execute/u_prf/regs_q_reg[27][14]/CE","clk_out2_pll","clk_out2_pll"
"39","-4.495","10.000","14.037","30","","student_top_inst/Core_cpu/u_core/u_backend/complete_prd_reg[1][0]/C","student_top_inst/Core_cpu/u_core/u_backend/u_execute/u_prf/regs_q_reg[27][14]/CE","clk_out2_pll","clk_out2_pll"
"40","-4.495","10.000","14.037","30","","student_top_inst/Core_cpu/u_core/u_backend/complete_prd_reg[1][0]/C","student_top_inst/Core_cpu/u_core/u_backend/u_execute/u_prf/regs_q_reg[27][14]/CE","clk_out2_pll","clk_out2_pll"
"41","-4.495","10.000","14.037","30","","student_top_inst/Core_cpu/u_core/u_backend/complete_prd_reg[1][0]/C","student_top_inst/Core_cpu/u_core/u_backend/u_execute/u_prf/regs_q_reg[27][14]/CE","clk_out2_pll","clk_out2_pll"
"42","-4.495","10.000","14.037","30","","student_top_inst/Core_cpu/u_core/u_backend/complete_prd_reg[1][0]/C","student_top_inst/Core_cpu/u_core/u_backend/u_execute/u_prf/regs_q_reg[27][14]/CE","clk_out2_pll","clk_out2_pll"
"43","-4.495","10.000","14.037","30","","student_top_inst/Core_cpu/u_core/u_backend/complete_prd_reg[1][0]/C","student_top_inst/Core_cpu/u_core/u_backend/u_execute/u_prf/regs_q_reg[27][14]/CE","clk_out2_pll","clk_out2_pll"
"44","-4.495","10.000","14.037","30","","student_top_inst/Core_cpu/u_core/u_backend/complete_prd_reg[1][0]/C","student_top_inst/Core_cpu/u_core/u_backend/u_execute/u_prf/regs_q_reg[27][14]/CE","clk_out2_pll","clk_out2_pll"
"45","-4.495","10.000","14.037","30","","student_top_inst/Core_cpu/u_core/u_backend/complete_prd_reg[1][0]/C","student_top_inst/Core_cpu/u_core/u_backend/u_execute/u_prf/regs_q_reg[27][14]/CE","clk_out2_pll","clk_out2_pll"
"46","-4.495","10.000","14.037","30","","student_top_inst/Core_cpu/u_core/u_backend/complete_prd_reg[1][0]/C","student_top_inst/Core_cpu/u_core/u_backend/u_execute/u_prf/regs_q_reg[27][14]/CE","clk_out2_pll","clk_out2_pll"
"47","-4.495","10.000","14.037","30","","student_top_inst/Core_cpu/u_core/u_backend/complete_prd_reg[1][0]/C","student_top_inst/Core_cpu/u_core/u_backend/u_execute/u_prf/regs_q_reg[27][14]/CE","clk_out2_pll","clk_out2_pll"
"48","-4.495","10.000","14.037","30","","student_top_inst/Core_cpu/u_core/u_backend/complete_prd_reg[1][0]/C","student_top_inst/Core_cpu/u_core/u_backend/u_execute/u_prf/regs_q_reg[27][14]/CE","clk_out2_pll","clk_out2_pll"
"49","-4.495","10.000","14.037","30","","student_top_inst/Core_cpu/u_core/u_backend/complete_prd_reg[1][0]/C","student_top_inst/Core_cpu/u_core/u_backend/u_execute/u_prf/regs_q_reg[27][14]/CE","clk_out2_pll","clk_out2_pll"
"50","-4.495","10.000","14.037","30","","student_top_inst/Core_cpu/u_core/u_backend/complete_prd_reg[1][0]/C","student_top_inst/Core_cpu/u_core/u_backend/u_execute/u_prf/regs_q_reg[27][14]/CE","clk_out2_pll","clk_out2_pll"
"51","-4.495","10.000","14.037","30","","student_top_inst/Core_cpu/u_core/u_backend/complete_prd_reg[1][0]/C","student_top_inst/Core_cpu/u_core/u_backend/u_execute/u_prf/regs_q_reg[27][14]/CE","clk_out2_pll","clk_out2_pll"
"52","-4.495","10.000","14.037","30","","student_top_inst/Core_cpu/u_core/u_backend/complete_prd_reg[1][0]/C","student_top_inst/Core_cpu/u_core/u_backend/u_execute/u_prf/regs_q_reg[27][14]/CE","clk_out2_pll","clk_out2_pll"
"53","-4.495","10.000","14.037","30","","student_top_inst/Core_cpu/u_core/u_backend/complete_prd_reg[1][0]/C","student_top_inst/Core_cpu/u_core/u_backend/u_execute/u_prf/regs_q_reg[27][14]/CE","clk_out2_pll","clk_out2_pll"
"54","-4.495","10.000","14.037","30","","student_top_inst/Core_cpu/u_core/u_backend/complete_prd_reg[1][0]/C","student_top_inst/Core_cpu/u_core/u_backend/u_execute/u_prf/regs_q_reg[27][14]/CE","clk_out2_pll","clk_out2_pll"
"55","-4.495","10.000","14.037","30","","student_top_inst/Core_cpu/u_core/u_backend/complete_prd_reg[1][0]/C","student_top_inst/Core_cpu/u_core/u_backend/u_execute/u_prf/regs_q_reg[27][14]/CE","clk_out2_pll","clk_out2_pll"
"56","-4.495","10.000","14.037","30","","student_top_inst/Core_cpu/u_core/u_backend/complete_prd_reg[1][0]/C","student_top_inst/Core_cpu/u_core/u_backend/u_execute/u_prf/regs_q_reg[27][14]/CE","clk_out2_pll","clk_out2_pll"
"57","-4.495","10.000","14.037","30","","student_top_inst/Core_cpu/u_core/u_backend/complete_prd_reg[1][0]/C","student_top_inst/Core_cpu/u_core/u_backend/u_execute/u_prf/regs_q_reg[27][14]/CE","clk_out2_pll","clk_out2_pll"
"58","-4.495","10.000","14.037","30","","student_top_inst/Core_cpu/u_core/u_backend/complete_prd_reg[1][0]/C","student_top_inst/Core_cpu/u_core/u_backend/u_execute/u_prf/regs_q_reg[27][14]/CE","clk_out2_pll","clk_out2_pll"
"59","-4.495","10.000","14.037","30","","student_top_inst/Core_cpu/u_core/u_backend/complete_prd_reg[1][0]/C","student_top_inst/Core_cpu/u_core/u_backend/u_execute/u_prf/regs_q_reg[27][14]/CE","clk_out2_pll","clk_out2_pll"
"60","-4.495","10.000","14.037","30","","student_top_inst/Core_cpu/u_core/u_backend/complete_prd_reg[1][0]/C","student_top_inst/Core_cpu/u_core/u_backend/u_execute/u_prf/regs_q_reg[27][14]/CE","clk_out2_pll","clk_out2_pll"
"61","-4.495","10.000","14.037","30","","student_top_inst/Core_cpu/u_core/u_backend/complete_prd_reg[1][0]/C","student_top_inst/Core_cpu/u_core/u_backend/u_execute/u_prf/regs_q_reg[27][14]/CE","clk_out2_pll","clk_out2_pll"
"62","-4.495","10.000","14.037","30","","student_top_inst/Core_cpu/u_core/u_backend/complete_prd_reg[1][0]/C","student_top_inst/Core_cpu/u_core/u_backend/u_execute/u_prf/regs_q_reg[27][14]/CE","clk_out2_pll","clk_out2_pll"
"63","-4.495","10.000","14.037","30","","student_top_inst/Core_cpu/u_core/u_backend/complete_prd_reg[1][0]/C","student_top_inst/Core_cpu/u_core/u_backend/u_execute/u_prf/regs_q_reg[27][14]/CE","clk_out2_pll","clk_out2_pll"
"64","-4.495","10.000","14.037","30","","student_top_inst/Core_cpu/u_core/u_backend/complete_prd_reg[1][0]/C","student_top_inst/Core_cpu/u_core/u_backend/u_execute/u_prf/regs_q_reg[27][14]/CE","clk_out2_pll","clk_out2_pll"
"65","-4.495","10.000","14.037","30","","student_top_inst/Core_cpu/u_core/u_backend/complete_prd_reg[1][0]/C","student_top_inst/Core_cpu/u_core/u_backend/u_execute/u_prf/regs_q_reg[27][14]/CE","clk_out2_pll","clk_out2_pll"
"66","-4.495","10.000","14.037","30","","student_top_inst/Core_cpu/u_core/u_backend/complete_prd_reg[1][0]/C","student_top_inst/Core_cpu/u_core/u_backend/u_execute/u_prf/regs_q_reg[27][14]/CE","clk_out2_pll","clk_out2_pll"
"67","-4.495","10.000","14.037","30","","student_top_inst/Core_cpu/u_core/u_backend/complete_prd_reg[1][0]/C","student_top_inst/Core_cpu/u_core/u_backend/u_execute/u_prf/regs_q_reg[27][14]/CE","clk_out2_pll","clk_out2_pll"
"68","-4.495","10.000","14.037","30","","student_top_inst/Core_cpu/u_core/u_backend/complete_prd_reg[1][0]/C","student_top_inst/Core_cpu/u_core/u_backend/u_execute/u_prf/regs_q_reg[27][14]/CE","clk_out2_pll","clk_out2_pll"
"69","-4.495","10.000","14.037","30","","student_top_inst/Core_cpu/u_core/u_backend/complete_prd_reg[1][0]/C","student_top_inst/Core_cpu/u_core/u_backend/u_execute/u_prf/regs_q_reg[27][14]/CE","clk_out2_pll","clk_out2_pll"
"70","-4.495","10.000","14.037","30","","student_top_inst/Core_cpu/u_core/u_backend/complete_prd_reg[1][0]/C","student_top_inst/Core_cpu/u_core/u_backend/u_execute/u_prf/regs_q_reg[27][14]/CE","clk_out2_pll","clk_out2_pll"
"71","-4.495","10.000","14.037","30","","student_top_inst/Core_cpu/u_core/u_backend/complete_prd_reg[1][0]/C","student_top_inst/Core_cpu/u_core/u_backend/u_execute/u_prf/regs_q_reg[27][14]/CE","clk_out2_pll","clk_out2_pll"
"72","-4.495","10.000","14.037","30","","student_top_inst/Core_cpu/u_core/u_backend/complete_prd_reg[1][0]/C","student_top_inst/Core_cpu/u_core/u_backend/u_execute/u_prf/regs_q_reg[27][14]/CE","clk_out2_pll","clk_out2_pll"
"73","-4.495","10.000","14.037","30","","student_top_inst/Core_cpu/u_core/u_backend/complete_prd_reg[1][0]/C","student_top_inst/Core_cpu/u_core/u_backend/u_execute/u_prf/regs_q_reg[27][14]/CE","clk_out2_pll","clk_out2_pll"
"74","-4.495","10.000","14.037","30","","student_top_inst/Core_cpu/u_core/u_backend/complete_prd_reg[1][0]/C","student_top_inst/Core_cpu/u_core/u_backend/u_execute/u_prf/regs_q_reg[27][14]/CE","clk_out2_pll","clk_out2_pll"
"75","-4.495","10.000","14.037","30","","student_top_inst/Core_cpu/u_core/u_backend/complete_prd_reg[1][0]/C","student_top_inst/Core_cpu/u_core/u_backend/u_execute/u_prf/regs_q_reg[27][14]/CE","clk_out2_pll","clk_out2_pll"
"76","-4.495","10.000","14.037","30","","student_top_inst/Core_cpu/u_core/u_backend/complete_prd_reg[1][0]/C","student_top_inst/Core_cpu/u_core/u_backend/u_execute/u_prf/regs_q_reg[27][14]/CE","clk_out2_pll","clk_out2_pll"
"77","-4.495","10.000","14.037","30","","student_top_inst/Core_cpu/u_core/u_backend/complete_prd_reg[1][0]/C","student_top_inst/Core_cpu/u_core/u_backend/u_execute/u_prf/regs_q_reg[27][14]/CE","clk_out2_pll","clk_out2_pll"
"78","-4.495","10.000","14.037","30","","student_top_inst/Core_cpu/u_core/u_backend/complete_prd_reg[1][0]/C","student_top_inst/Core_cpu/u_core/u_backend/u_execute/u_prf/regs_q_reg[27][14]/CE","clk_out2_pll","clk_out2_pll"
"79","-4.495","10.000","14.037","30","","student_top_inst/Core_cpu/u_core/u_backend/complete_prd_reg[1][0]/C","student_top_inst/Core_cpu/u_core/u_backend/u_execute/u_prf/regs_q_reg[27][14]/CE","clk_out2_pll","clk_out2_pll"
"80","-4.495","10.000","14.037","30","","student_top_inst/Core_cpu/u_core/u_backend/complete_prd_reg[1][0]/C","student_top_inst/Core_cpu/u_core/u_backend/u_execute/u_prf/regs_q_reg[27][14]/CE","clk_out2_pll","clk_out2_pll"
"81","-4.495","10.000","14.037","30","","student_top_inst/Core_cpu/u_core/u_backend/complete_prd_reg[1][0]/C","student_top_inst/Core_cpu/u_core/u_backend/u_execute/u_prf/regs_q_reg[27][14]/CE","clk_out2_pll","clk_out2_pll"
"82","-4.495","10.000","14.037","30","","student_top_inst/Core_cpu/u_core/u_backend/complete_prd_reg[1][0]/C","student_top_inst/Core_cpu/u_core/u_backend/u_execute/u_prf/regs_q_reg[27][14]/CE","clk_out2_pll","clk_out2_pll"
"83","-4.495","10.000","14.037","30","","student_top_inst/Core_cpu/u_core/u_backend/complete_prd_reg[1][0]/C","student_top_inst/Core_cpu/u_core/u_backend/u_execute/u_prf/regs_q_reg[27][14]/CE","clk_out2_pll","clk_out2_pll"
"84","-4.495","10.000","14.037","30","","student_top_inst/Core_cpu/u_core/u_backend/complete_prd_reg[1][0]/C","student_top_inst/Core_cpu/u_core/u_backend/u_execute/u_prf/regs_q_reg[27][14]/CE","clk_out2_pll","clk_out2_pll"
"85","-4.495","10.000","14.037","30","","student_top_inst/Core_cpu/u_core/u_backend/complete_prd_reg[1][0]/C","student_top_inst/Core_cpu/u_core/u_backend/u_execute/u_prf/regs_q_reg[27][14]/CE","clk_out2_pll","clk_out2_pll"
"86","-4.495","10.000","14.037","30","","student_top_inst/Core_cpu/u_core/u_backend/complete_prd_reg[1][0]/C","student_top_inst/Core_cpu/u_core/u_backend/u_execute/u_prf/regs_q_reg[27][14]/CE","clk_out2_pll","clk_out2_pll"
"87","-4.495","10.000","14.037","30","","student_top_inst/Core_cpu/u_core/u_backend/complete_prd_reg[1][0]/C","student_top_inst/Core_cpu/u_core/u_backend/u_execute/u_prf/regs_q_reg[27][14]/CE","clk_out2_pll","clk_out2_pll"
"88","-4.495","10.000","14.037","30","","student_top_inst/Core_cpu/u_core/u_backend/complete_prd_reg[1][0]/C","student_top_inst/Core_cpu/u_core/u_backend/u_execute/u_prf/regs_q_reg[27][14]/CE","clk_out2_pll","clk_out2_pll"
"89","-4.495","10.000","14.037","30","","student_top_inst/Core_cpu/u_core/u_backend/complete_prd_reg[1][0]/C","student_top_inst/Core_cpu/u_core/u_backend/u_execute/u_prf/regs_q_reg[27][14]/CE","clk_out2_pll","clk_out2_pll"
"90","-4.495","10.000","14.037","30","","student_top_inst/Core_cpu/u_core/u_backend/complete_prd_reg[1][0]/C","student_top_inst/Core_cpu/u_core/u_backend/u_execute/u_prf/regs_q_reg[27][14]/CE","clk_out2_pll","clk_out2_pll"
"91","-4.495","10.000","14.037","30","","student_top_inst/Core_cpu/u_core/u_backend/complete_prd_reg[1][0]/C","student_top_inst/Core_cpu/u_core/u_backend/u_execute/u_prf/regs_q_reg[27][14]/CE","clk_out2_pll","clk_out2_pll"
"92","-4.495","10.000","14.037","30","","student_top_inst/Core_cpu/u_core/u_backend/complete_prd_reg[1][0]/C","student_top_inst/Core_cpu/u_core/u_backend/u_execute/u_prf/regs_q_reg[27][14]/CE","clk_out2_pll","clk_out2_pll"
"93","-4.495","10.000","14.037","30","","student_top_inst/Core_cpu/u_core/u_backend/complete_prd_reg[1][0]/C","student_top_inst/Core_cpu/u_core/u_backend/u_execute/u_prf/regs_q_reg[27][14]/CE","clk_out2_pll","clk_out2_pll"
"94","-4.495","10.000","14.037","30","","student_top_inst/Core_cpu/u_core/u_backend/complete_prd_reg[1][0]/C","student_top_inst/Core_cpu/u_core/u_backend/u_execute/u_prf/regs_q_reg[27][14]/CE","clk_out2_pll","clk_out2_pll"
"95","-4.495","10.000","14.037","30","","student_top_inst/Core_cpu/u_core/u_backend/complete_prd_reg[1][0]/C","student_top_inst/Core_cpu/u_core/u_backend/u_execute/u_prf/regs_q_reg[27][14]/CE","clk_out2_pll","clk_out2_pll"
"96","-4.495","10.000","14.037","30","","student_top_inst/Core_cpu/u_core/u_backend/complete_prd_reg[1][0]/C","student_top_inst/Core_cpu/u_core/u_backend/u_execute/u_prf/regs_q_reg[27][14]/CE","clk_out2_pll","clk_out2_pll"
"97","-4.495","10.000","14.037","30","","student_top_inst/Core_cpu/u_core/u_backend/complete_prd_reg[1][0]/C","student_top_inst/Core_cpu/u_core/u_backend/u_execute/u_prf/regs_q_reg[27][14]/CE","clk_out2_pll","clk_out2_pll"
"98","-4.495","10.000","14.037","30","","student_top_inst/Core_cpu/u_core/u_backend/complete_prd_reg[1][0]/C","student_top_inst/Core_cpu/u_core/u_backend/u_execute/u_prf/regs_q_reg[27][14]/CE","clk_out2_pll","clk_out2_pll"
"99","-4.495","10.000","14.037","30","","student_top_inst/Core_cpu/u_core/u_backend/complete_prd_reg[1][0]/C","student_top_inst/Core_cpu/u_core/u_backend/u_execute/u_prf/regs_q_reg[27][14]/CE","clk_out2_pll","clk_out2_pll"
"100","-4.495","10.000","14.037","30","","student_top_inst/Core_cpu/u_core/u_backend/complete_prd_reg[1][0]/C","student_top_inst/Core_cpu/u_core/u_backend/u_execute/u_prf/regs_q_reg[27][14]/CE","clk_out2_pll","clk_out2_pll"
"101","-4.472","10.000","14.351","31","","student_top_inst/Core_cpu/u_core/u_backend/u_rename/srat_q_reg[15][0]/C","student_top_inst/Core_cpu/u_core/u_backend/u_int_iq/u_queue/entry_q_reg[0][src2_ready]/D","clk_out2_pll","clk_out2_pll"
"102","-4.472","10.000","14.351","31","","student_top_inst/Core_cpu/u_core/u_backend/u_rename/srat_q_reg[15][0]/C","student_top_inst/Core_cpu/u_core/u_backend/u_int_iq/u_queue/entry_q_reg[0][src2_ready]/D","clk_out2_pll","clk_out2_pll"
"103","-4.472","10.000","14.351","31","","student_top_inst/Core_cpu/u_core/u_backend/u_rename/srat_q_reg[15][0]/C","student_top_inst/Core_cpu/u_core/u_backend/u_int_iq/u_queue/entry_q_reg[0][src2_ready]/D","clk_out2_pll","clk_out2_pll"
"104","-4.472","10.000","14.351","31","","student_top_inst/Core_cpu/u_core/u_backend/u_rename/srat_q_reg[15][0]/C","student_top_inst/Core_cpu/u_core/u_backend/u_int_iq/u_queue/entry_q_reg[0][src2_ready]/D","clk_out2_pll","clk_out2_pll"
"105","-4.460","10.000","14.339","31","","student_top_inst/Core_cpu/u_core/u_backend/u_rename/srat_q_reg[15][0]/C","student_top_inst/Core_cpu/u_core/u_backend/u_int_iq/u_queue/entry_q_reg[0][src2_ready]/D","clk_out2_pll","clk_out2_pll"
"106","-4.460","10.000","14.339","31","","student_top_inst/Core_cpu/u_core/u_backend/u_rename/srat_q_reg[15][0]/C","student_top_inst/Core_cpu/u_core/u_backend/u_int_iq/u_queue/entry_q_reg[0][src2_ready]/D","clk_out2_pll","clk_out2_pll"
"107","-4.460","10.000","14.339","31","","student_top_inst/Core_cpu/u_core/u_backend/u_rename/srat_q_reg[15][0]/C","student_top_inst/Core_cpu/u_core/u_backend/u_int_iq/u_queue/entry_q_reg[0][src2_ready]/D","clk_out2_pll","clk_out2_pll"
"108","-4.460","10.000","14.339","31","","student_top_inst/Core_cpu/u_core/u_backend/u_rename/srat_q_reg[15][0]/C","student_top_inst/Core_cpu/u_core/u_backend/u_int_iq/u_queue/entry_q_reg[0][src2_ready]/D","clk_out2_pll","clk_out2_pll"
"109","-4.453","10.000","13.989","31","","student_top_inst/Core_cpu/u_core/u_backend/complete_prd_reg[1][0]/C","student_top_inst/Core_cpu/u_core/u_backend/u_execute/u_prf/regs_q_reg[61][18]/CE","clk_out2_pll","clk_out2_pll"
"110","-4.453","10.000","13.989","31","","student_top_inst/Core_cpu/u_core/u_backend/complete_prd_reg[1][0]/C","student_top_inst/Core_cpu/u_core/u_backend/u_execute/u_prf/regs_q_reg[61][18]/CE","clk_out2_pll","clk_out2_pll"
"111","-4.453","10.000","13.989","31","","student_top_inst/Core_cpu/u_core/u_backend/complete_prd_reg[1][0]/C","student_top_inst/Core_cpu/u_core/u_backend/u_execute/u_prf/regs_q_reg[61][18]/CE","clk_out2_pll","clk_out2_pll"
"112","-4.453","10.000","13.989","31","","student_top_inst/Core_cpu/u_core/u_backend/complete_prd_reg[1][0]/C","student_top_inst/Core_cpu/u_core/u_backend/u_execute/u_prf/regs_q_reg[61][18]/CE","clk_out2_pll","clk_out2_pll"
"113","-4.453","10.000","13.989","31","","student_top_inst/Core_cpu/u_core/u_backend/complete_prd_reg[1][0]/C","student_top_inst/Core_cpu/u_core/u_backend/u_execute/u_prf/regs_q_reg[61][18]/CE","clk_out2_pll","clk_out2_pll"
"114","-4.453","10.000","13.989","31","","student_top_inst/Core_cpu/u_core/u_backend/complete_prd_reg[1][0]/C","student_top_inst/Core_cpu/u_core/u_backend/u_execute/u_prf/regs_q_reg[61][18]/CE","clk_out2_pll","clk_out2_pll"
"115","-4.453","10.000","13.989","31","","student_top_inst/Core_cpu/u_core/u_backend/complete_prd_reg[1][0]/C","student_top_inst/Core_cpu/u_core/u_backend/u_execute/u_prf/regs_q_reg[61][18]/CE","clk_out2_pll","clk_out2_pll"
"116","-4.453","10.000","13.989","31","","student_top_inst/Core_cpu/u_core/u_backend/complete_prd_reg[1][0]/C","student_top_inst/Core_cpu/u_core/u_backend/u_execute/u_prf/regs_q_reg[61][18]/CE","clk_out2_pll","clk_out2_pll"
"117","-4.453","10.000","13.989","31","","student_top_inst/Core_cpu/u_core/u_backend/complete_prd_reg[1][0]/C","student_top_inst/Core_cpu/u_core/u_backend/u_execute/u_prf/regs_q_reg[61][18]/CE","clk_out2_pll","clk_out2_pll"
"118","-4.453","10.000","13.989","31","","student_top_inst/Core_cpu/u_core/u_backend/complete_prd_reg[1][0]/C","student_top_inst/Core_cpu/u_core/u_backend/u_execute/u_prf/regs_q_reg[61][18]/CE","clk_out2_pll","clk_out2_pll"
"119","-4.453","10.000","13.989","31","","student_top_inst/Core_cpu/u_core/u_backend/complete_prd_reg[1][0]/C","student_top_inst/Core_cpu/u_core/u_backend/u_execute/u_prf/regs_q_reg[61][18]/CE","clk_out2_pll","clk_out2_pll"
"120","-4.453","10.000","13.989","31","","student_top_inst/Core_cpu/u_core/u_backend/complete_prd_reg[1][0]/C","student_top_inst/Core_cpu/u_core/u_backend/u_execute/u_prf/regs_q_reg[61][18]/CE","clk_out2_pll","clk_out2_pll"
"121","-4.453","10.000","13.989","31","","student_top_inst/Core_cpu/u_core/u_backend/complete_prd_reg[1][0]/C","student_top_inst/Core_cpu/u_core/u_backend/u_execute/u_prf/regs_q_reg[61][18]/CE","clk_out2_pll","clk_out2_pll"
"122","-4.453","10.000","13.989","31","","student_top_inst/Core_cpu/u_core/u_backend/complete_prd_reg[1][0]/C","student_top_inst/Core_cpu/u_core/u_backend/u_execute/u_prf/regs_q_reg[61][18]/CE","clk_out2_pll","clk_out2_pll"
"123","-4.453","10.000","13.989","31","","student_top_inst/Core_cpu/u_core/u_backend/complete_prd_reg[1][0]/C","student_top_inst/Core_cpu/u_core/u_backend/u_execute/u_prf/regs_q_reg[61][18]/CE","clk_out2_pll","clk_out2_pll"
"124","-4.453","10.000","13.989","31","","student_top_inst/Core_cpu/u_core/u_backend/complete_prd_reg[1][0]/C","student_top_inst/Core_cpu/u_core/u_backend/u_execute/u_prf/regs_q_reg[61][18]/CE","clk_out2_pll","clk_out2_pll"
"125","-4.453","10.000","13.989","31","","student_top_inst/Core_cpu/u_core/u_backend/complete_prd_reg[1][0]/C","student_top_inst/Core_cpu/u_core/u_backend/u_execute/u_prf/regs_q_reg[61][18]/CE","clk_out2_pll","clk_out2_pll"
"126","-4.453","10.000","13.989","31","","student_top_inst/Core_cpu/u_core/u_backend/complete_prd_reg[1][0]/C","student_top_inst/Core_cpu/u_core/u_backend/u_execute/u_prf/regs_q_reg[61][18]/CE","clk_out2_pll","clk_out2_pll"
"127","-4.453","10.000","13.989","31","","student_top_inst/Core_cpu/u_core/u_backend/complete_prd_reg[1][0]/C","student_top_inst/Core_cpu/u_core/u_backend/u_execute/u_prf/regs_q_reg[61][18]/CE","clk_out2_pll","clk_out2_pll"
"128","-4.453","10.000","13.989","31","","student_top_inst/Core_cpu/u_core/u_backend/complete_prd_reg[1][0]/C","student_top_inst/Core_cpu/u_core/u_backend/u_execute/u_prf/regs_q_reg[61][18]/CE","clk_out2_pll","clk_out2_pll"
"129","-4.453","10.000","13.989","31","","student_top_inst/Core_cpu/u_core/u_backend/complete_prd_reg[1][0]/C","student_top_inst/Core_cpu/u_core/u_backend/u_execute/u_prf/regs_q_reg[61][18]/CE","clk_out2_pll","clk_out2_pll"
"130","-4.453","10.000","13.989","31","","student_top_inst/Core_cpu/u_core/u_backend/complete_prd_reg[1][0]/C","student_top_inst/Core_cpu/u_core/u_backend/u_execute/u_prf/regs_q_reg[61][18]/CE","clk_out2_pll","clk_out2_pll"
"131","-4.453","10.000","13.989","31","","student_top_inst/Core_cpu/u_core/u_backend/complete_prd_reg[1][0]/C","student_top_inst/Core_cpu/u_core/u_backend/u_execute/u_prf/regs_q_reg[61][18]/CE","clk_out2_pll","clk_out2_pll"
"132","-4.453","10.000","13.989","31","","student_top_inst/Core_cpu/u_core/u_backend/complete_prd_reg[1][0]/C","student_top_inst/Core_cpu/u_core/u_backend/u_execute/u_prf/regs_q_reg[61][18]/CE","clk_out2_pll","clk_out2_pll"
"133","-4.453","10.000","13.989","31","","student_top_inst/Core_cpu/u_core/u_backend/complete_prd_reg[1][0]/C","student_top_inst/Core_cpu/u_core/u_backend/u_execute/u_prf/regs_q_reg[61][18]/CE","clk_out2_pll","clk_out2_pll"
"134","-4.453","10.000","13.989","31","","student_top_inst/Core_cpu/u_core/u_backend/complete_prd_reg[1][0]/C","student_top_inst/Core_cpu/u_core/u_backend/u_execute/u_prf/regs_q_reg[61][18]/CE","clk_out2_pll","clk_out2_pll"
"135","-4.453","10.000","13.989","31","","student_top_inst/Core_cpu/u_core/u_backend/complete_prd_reg[1][0]/C","student_top_inst/Core_cpu/u_core/u_backend/u_execute/u_prf/regs_q_reg[61][18]/CE","clk_out2_pll","clk_out2_pll"
"136","-4.453","10.000","13.989","31","","student_top_inst/Core_cpu/u_core/u_backend/complete_prd_reg[1][0]/C","student_top_inst/Core_cpu/u_core/u_backend/u_execute/u_prf/regs_q_reg[61][18]/CE","clk_out2_pll","clk_out2_pll"
"137","-4.453","10.000","13.989","31","","student_top_inst/Core_cpu/u_core/u_backend/complete_prd_reg[1][0]/C","student_top_inst/Core_cpu/u_core/u_backend/u_execute/u_prf/regs_q_reg[61][18]/CE","clk_out2_pll","clk_out2_pll"
"138","-4.453","10.000","13.989","31","","student_top_inst/Core_cpu/u_core/u_backend/complete_prd_reg[1][0]/C","student_top_inst/Core_cpu/u_core/u_backend/u_execute/u_prf/regs_q_reg[61][18]/CE","clk_out2_pll","clk_out2_pll"
"139","-4.453","10.000","13.989","31","","student_top_inst/Core_cpu/u_core/u_backend/complete_prd_reg[1][0]/C","student_top_inst/Core_cpu/u_core/u_backend/u_execute/u_prf/regs_q_reg[61][18]/CE","clk_out2_pll","clk_out2_pll"
"140","-4.453","10.000","13.989","31","","student_top_inst/Core_cpu/u_core/u_backend/complete_prd_reg[1][0]/C","student_top_inst/Core_cpu/u_core/u_backend/u_execute/u_prf/regs_q_reg[61][18]/CE","clk_out2_pll","clk_out2_pll"
"141","-4.453","10.000","13.989","31","","student_top_inst/Core_cpu/u_core/u_backend/complete_prd_reg[1][0]/C","student_top_inst/Core_cpu/u_core/u_backend/u_execute/u_prf/regs_q_reg[61][18]/CE","clk_out2_pll","clk_out2_pll"
"142","-4.453","10.000","13.989","31","","student_top_inst/Core_cpu/u_core/u_backend/complete_prd_reg[1][0]/C","student_top_inst/Core_cpu/u_core/u_backend/u_execute/u_prf/regs_q_reg[61][18]/CE","clk_out2_pll","clk_out2_pll"
"143","-4.453","10.000","13.989","31","","student_top_inst/Core_cpu/u_core/u_backend/complete_prd_reg[1][0]/C","student_top_inst/Core_cpu/u_core/u_backend/u_execute/u_prf/regs_q_reg[61][18]/CE","clk_out2_pll","clk_out2_pll"
"144","-4.453","10.000","13.989","31","","student_top_inst/Core_cpu/u_core/u_backend/complete_prd_reg[1][0]/C","student_top_inst/Core_cpu/u_core/u_backend/u_execute/u_prf/regs_q_reg[61][18]/CE","clk_out2_pll","clk_out2_pll"
"145","-4.453","10.000","13.989","31","","student_top_inst/Core_cpu/u_core/u_backend/complete_prd_reg[1][0]/C","student_top_inst/Core_cpu/u_core/u_backend/u_execute/u_prf/regs_q_reg[61][18]/CE","clk_out2_pll","clk_out2_pll"
"146","-4.453","10.000","13.989","31","","student_top_inst/Core_cpu/u_core/u_backend/complete_prd_reg[1][0]/C","student_top_inst/Core_cpu/u_core/u_backend/u_execute/u_prf/regs_q_reg[61][18]/CE","clk_out2_pll","clk_out2_pll"
"147","-4.453","10.000","13.989","31","","student_top_inst/Core_cpu/u_core/u_backend/complete_prd_reg[1][0]/C","student_top_inst/Core_cpu/u_core/u_backend/u_execute/u_prf/regs_q_reg[61][18]/CE","clk_out2_pll","clk_out2_pll"
"148","-4.453","10.000","13.989","31","","student_top_inst/Core_cpu/u_core/u_backend/complete_prd_reg[1][0]/C","student_top_inst/Core_cpu/u_core/u_backend/u_execute/u_prf/regs_q_reg[61][18]/CE","clk_out2_pll","clk_out2_pll"
"149","-4.453","10.000","13.989","31","","student_top_inst/Core_cpu/u_core/u_backend/complete_prd_reg[1][0]/C","student_top_inst/Core_cpu/u_core/u_backend/u_execute/u_prf/regs_q_reg[61][18]/CE","clk_out2_pll","clk_out2_pll"
"150","-4.453","10.000","13.989","31","","student_top_inst/Core_cpu/u_core/u_backend/complete_prd_reg[1][0]/C","student_top_inst/Core_cpu/u_core/u_backend/u_execute/u_prf/regs_q_reg[61][18]/CE","clk_out2_pll","clk_out2_pll"
"151","-4.453","10.000","13.989","31","","student_top_inst/Core_cpu/u_core/u_backend/complete_prd_reg[1][0]/C","student_top_inst/Core_cpu/u_core/u_backend/u_execute/u_prf/regs_q_reg[61][18]/CE","clk_out2_pll","clk_out2_pll"
"152","-4.453","10.000","13.989","31","","student_top_inst/Core_cpu/u_core/u_backend/complete_prd_reg[1][0]/C","student_top_inst/Core_cpu/u_core/u_backend/u_execute/u_prf/regs_q_reg[61][18]/CE","clk_out2_pll","clk_out2_pll"
"153","-4.453","10.000","13.989","31","","student_top_inst/Core_cpu/u_core/u_backend/complete_prd_reg[1][0]/C","student_top_inst/Core_cpu/u_core/u_backend/u_execute/u_prf/regs_q_reg[61][18]/CE","clk_out2_pll","clk_out2_pll"
"154","-4.453","10.000","13.989","31","","student_top_inst/Core_cpu/u_core/u_backend/complete_prd_reg[1][0]/C","student_top_inst/Core_cpu/u_core/u_backend/u_execute/u_prf/regs_q_reg[61][18]/CE","clk_out2_pll","clk_out2_pll"
"155","-4.453","10.000","13.989","31","","student_top_inst/Core_cpu/u_core/u_backend/complete_prd_reg[1][0]/C","student_top_inst/Core_cpu/u_core/u_backend/u_execute/u_prf/regs_q_reg[61][18]/CE","clk_out2_pll","clk_out2_pll"
"156","-4.453","10.000","13.989","31","","student_top_inst/Core_cpu/u_core/u_backend/complete_prd_reg[1][0]/C","student_top_inst/Core_cpu/u_core/u_backend/u_execute/u_prf/regs_q_reg[61][18]/CE","clk_out2_pll","clk_out2_pll"
"157","-4.453","10.000","13.989","31","","student_top_inst/Core_cpu/u_core/u_backend/complete_prd_reg[1][0]/C","student_top_inst/Core_cpu/u_core/u_backend/u_execute/u_prf/regs_q_reg[61][18]/CE","clk_out2_pll","clk_out2_pll"
"158","-4.453","10.000","13.989","31","","student_top_inst/Core_cpu/u_core/u_backend/complete_prd_reg[1][0]/C","student_top_inst/Core_cpu/u_core/u_backend/u_execute/u_prf/regs_q_reg[61][18]/CE","clk_out2_pll","clk_out2_pll"
"159","-4.453","10.000","13.989","31","","student_top_inst/Core_cpu/u_core/u_backend/complete_prd_reg[1][0]/C","student_top_inst/Core_cpu/u_core/u_backend/u_execute/u_prf/regs_q_reg[61][18]/CE","clk_out2_pll","clk_out2_pll"
"160","-4.453","10.000","13.989","31","","student_top_inst/Core_cpu/u_core/u_backend/complete_prd_reg[1][0]/C","student_top_inst/Core_cpu/u_core/u_backend/u_execute/u_prf/regs_q_reg[61][18]/CE","clk_out2_pll","clk_out2_pll"
"161","-4.453","10.000","13.989","31","","student_top_inst/Core_cpu/u_core/u_backend/complete_prd_reg[1][0]/C","student_top_inst/Core_cpu/u_core/u_backend/u_execute/u_prf/regs_q_reg[61][18]/CE","clk_out2_pll","clk_out2_pll"
"162","-4.453","10.000","13.989","31","","student_top_inst/Core_cpu/u_core/u_backend/complete_prd_reg[1][0]/C","student_top_inst/Core_cpu/u_core/u_backend/u_execute/u_prf/regs_q_reg[61][18]/CE","clk_out2_pll","clk_out2_pll"
"163","-4.453","10.000","13.989","31","","student_top_inst/Core_cpu/u_core/u_backend/complete_prd_reg[1][0]/C","student_top_inst/Core_cpu/u_core/u_backend/u_execute/u_prf/regs_q_reg[61][18]/CE","clk_out2_pll","clk_out2_pll"
"164","-4.453","10.000","13.989","31","","student_top_inst/Core_cpu/u_core/u_backend/complete_prd_reg[1][0]/C","student_top_inst/Core_cpu/u_core/u_backend/u_execute/u_prf/regs_q_reg[61][18]/CE","clk_out2_pll","clk_out2_pll"
"165","-4.453","10.000","13.989","31","","student_top_inst/Core_cpu/u_core/u_backend/complete_prd_reg[1][0]/C","student_top_inst/Core_cpu/u_core/u_backend/u_execute/u_prf/regs_q_reg[61][18]/CE","clk_out2_pll","clk_out2_pll"
"166","-4.453","10.000","13.989","31","","student_top_inst/Core_cpu/u_core/u_backend/complete_prd_reg[1][0]/C","student_top_inst/Core_cpu/u_core/u_backend/u_execute/u_prf/regs_q_reg[61][18]/CE","clk_out2_pll","clk_out2_pll"
"167","-4.453","10.000","13.989","31","","student_top_inst/Core_cpu/u_core/u_backend/complete_prd_reg[1][0]/C","student_top_inst/Core_cpu/u_core/u_backend/u_execute/u_prf/regs_q_reg[61][18]/CE","clk_out2_pll","clk_out2_pll"
"168","-4.453","10.000","13.989","31","","student_top_inst/Core_cpu/u_core/u_backend/complete_prd_reg[1][0]/C","student_top_inst/Core_cpu/u_core/u_backend/u_execute/u_prf/regs_q_reg[61][18]/CE","clk_out2_pll","clk_out2_pll"
"169","-4.453","10.000","13.989","31","","student_top_inst/Core_cpu/u_core/u_backend/complete_prd_reg[1][0]/C","student_top_inst/Core_cpu/u_core/u_backend/u_execute/u_prf/regs_q_reg[61][18]/CE","clk_out2_pll","clk_out2_pll"
"170","-4.453","10.000","13.989","31","","student_top_inst/Core_cpu/u_core/u_backend/complete_prd_reg[1][0]/C","student_top_inst/Core_cpu/u_core/u_backend/u_execute/u_prf/regs_q_reg[61][18]/CE","clk_out2_pll","clk_out2_pll"
"171","-4.453","10.000","13.989","31","","student_top_inst/Core_cpu/u_core/u_backend/complete_prd_reg[1][0]/C","student_top_inst/Core_cpu/u_core/u_backend/u_execute/u_prf/regs_q_reg[61][18]/CE","clk_out2_pll","clk_out2_pll"
"172","-4.453","10.000","13.989","31","","student_top_inst/Core_cpu/u_core/u_backend/complete_prd_reg[1][0]/C","student_top_inst/Core_cpu/u_core/u_backend/u_execute/u_prf/regs_q_reg[61][18]/CE","clk_out2_pll","clk_out2_pll"
"173","-4.453","10.000","13.989","31","","student_top_inst/Core_cpu/u_core/u_backend/complete_prd_reg[1][0]/C","student_top_inst/Core_cpu/u_core/u_backend/u_execute/u_prf/regs_q_reg[61][18]/CE","clk_out2_pll","clk_out2_pll"
"174","-4.453","10.000","13.989","31","","student_top_inst/Core_cpu/u_core/u_backend/complete_prd_reg[1][0]/C","student_top_inst/Core_cpu/u_core/u_backend/u_execute/u_prf/regs_q_reg[61][18]/CE","clk_out2_pll","clk_out2_pll"
"175","-4.453","10.000","13.989","31","","student_top_inst/Core_cpu/u_core/u_backend/complete_prd_reg[1][0]/C","student_top_inst/Core_cpu/u_core/u_backend/u_execute/u_prf/regs_q_reg[61][18]/CE","clk_out2_pll","clk_out2_pll"
"176","-4.453","10.000","13.989","31","","student_top_inst/Core_cpu/u_core/u_backend/complete_prd_reg[1][0]/C","student_top_inst/Core_cpu/u_core/u_backend/u_execute/u_prf/regs_q_reg[61][18]/CE","clk_out2_pll","clk_out2_pll"
"177","-4.453","10.000","13.989","31","","student_top_inst/Core_cpu/u_core/u_backend/complete_prd_reg[1][0]/C","student_top_inst/Core_cpu/u_core/u_backend/u_execute/u_prf/regs_q_reg[61][18]/CE","clk_out2_pll","clk_out2_pll"
"178","-4.453","10.000","13.989","31","","student_top_inst/Core_cpu/u_core/u_backend/complete_prd_reg[1][0]/C","student_top_inst/Core_cpu/u_core/u_backend/u_execute/u_prf/regs_q_reg[61][18]/CE","clk_out2_pll","clk_out2_pll"
"179","-4.453","10.000","13.989","31","","student_top_inst/Core_cpu/u_core/u_backend/complete_prd_reg[1][0]/C","student_top_inst/Core_cpu/u_core/u_backend/u_execute/u_prf/regs_q_reg[61][18]/CE","clk_out2_pll","clk_out2_pll"
"180","-4.453","10.000","13.989","31","","student_top_inst/Core_cpu/u_core/u_backend/complete_prd_reg[1][0]/C","student_top_inst/Core_cpu/u_core/u_backend/u_execute/u_prf/regs_q_reg[61][18]/CE","clk_out2_pll","clk_out2_pll"
"181","-4.453","10.000","13.989","31","","student_top_inst/Core_cpu/u_core/u_backend/complete_prd_reg[1][0]/C","student_top_inst/Core_cpu/u_core/u_backend/u_execute/u_prf/regs_q_reg[61][18]/CE","clk_out2_pll","clk_out2_pll"
"182","-4.453","10.000","13.989","31","","student_top_inst/Core_cpu/u_core/u_backend/complete_prd_reg[1][0]/C","student_top_inst/Core_cpu/u_core/u_backend/u_execute/u_prf/regs_q_reg[61][18]/CE","clk_out2_pll","clk_out2_pll"
"183","-4.453","10.000","13.989","31","","student_top_inst/Core_cpu/u_core/u_backend/complete_prd_reg[1][0]/C","student_top_inst/Core_cpu/u_core/u_backend/u_execute/u_prf/regs_q_reg[61][18]/CE","clk_out2_pll","clk_out2_pll"
"184","-4.453","10.000","13.989","31","","student_top_inst/Core_cpu/u_core/u_backend/complete_prd_reg[1][0]/C","student_top_inst/Core_cpu/u_core/u_backend/u_execute/u_prf/regs_q_reg[61][18]/CE","clk_out2_pll","clk_out2_pll"
"185","-4.453","10.000","13.989","31","","student_top_inst/Core_cpu/u_core/u_backend/complete_prd_reg[1][0]/C","student_top_inst/Core_cpu/u_core/u_backend/u_execute/u_prf/regs_q_reg[61][18]/CE","clk_out2_pll","clk_out2_pll"
"186","-4.453","10.000","13.989","31","","student_top_inst/Core_cpu/u_core/u_backend/complete_prd_reg[1][0]/C","student_top_inst/Core_cpu/u_core/u_backend/u_execute/u_prf/regs_q_reg[61][18]/CE","clk_out2_pll","clk_out2_pll"
"187","-4.453","10.000","13.989","31","","student_top_inst/Core_cpu/u_core/u_backend/complete_prd_reg[1][0]/C","student_top_inst/Core_cpu/u_core/u_backend/u_execute/u_prf/regs_q_reg[61][18]/CE","clk_out2_pll","clk_out2_pll"
"188","-4.453","10.000","13.989","31","","student_top_inst/Core_cpu/u_core/u_backend/complete_prd_reg[1][0]/C","student_top_inst/Core_cpu/u_core/u_backend/u_execute/u_prf/regs_q_reg[61][18]/CE","clk_out2_pll","clk_out2_pll"
"189","-4.453","10.000","13.989","31","","student_top_inst/Core_cpu/u_core/u_backend/complete_prd_reg[1][0]/C","student_top_inst/Core_cpu/u_core/u_backend/u_execute/u_prf/regs_q_reg[61][18]/CE","clk_out2_pll","clk_out2_pll"
"190","-4.453","10.000","13.989","31","","student_top_inst/Core_cpu/u_core/u_backend/complete_prd_reg[1][0]/C","student_top_inst/Core_cpu/u_core/u_backend/u_execute/u_prf/regs_q_reg[61][18]/CE","clk_out2_pll","clk_out2_pll"
"191","-4.453","10.000","13.989","31","","student_top_inst/Core_cpu/u_core/u_backend/complete_prd_reg[1][0]/C","student_top_inst/Core_cpu/u_core/u_backend/u_execute/u_prf/regs_q_reg[61][18]/CE","clk_out2_pll","clk_out2_pll"
"192","-4.453","10.000","13.989","31","","student_top_inst/Core_cpu/u_core/u_backend/complete_prd_reg[1][0]/C","student_top_inst/Core_cpu/u_core/u_backend/u_execute/u_prf/regs_q_reg[61][18]/CE","clk_out2_pll","clk_out2_pll"
"193","-4.453","10.000","13.989","31","","student_top_inst/Core_cpu/u_core/u_backend/complete_prd_reg[1][0]/C","student_top_inst/Core_cpu/u_core/u_backend/u_execute/u_prf/regs_q_reg[61][18]/CE","clk_out2_pll","clk_out2_pll"
"194","-4.453","10.000","13.989","31","","student_top_inst/Core_cpu/u_core/u_backend/complete_prd_reg[1][0]/C","student_top_inst/Core_cpu/u_core/u_backend/u_execute/u_prf/regs_q_reg[61][18]/CE","clk_out2_pll","clk_out2_pll"
"195","-4.453","10.000","13.989","31","","student_top_inst/Core_cpu/u_core/u_backend/complete_prd_reg[1][0]/C","student_top_inst/Core_cpu/u_core/u_backend/u_execute/u_prf/regs_q_reg[61][18]/CE","clk_out2_pll","clk_out2_pll"
"196","-4.453","10.000","13.989","31","","student_top_inst/Core_cpu/u_core/u_backend/complete_prd_reg[1][0]/C","student_top_inst/Core_cpu/u_core/u_backend/u_execute/u_prf/regs_q_reg[61][18]/CE","clk_out2_pll","clk_out2_pll"
"197","-4.453","10.000","13.989","31","","student_top_inst/Core_cpu/u_core/u_backend/complete_prd_reg[1][0]/C","student_top_inst/Core_cpu/u_core/u_backend/u_execute/u_prf/regs_q_reg[61][18]/CE","clk_out2_pll","clk_out2_pll"
"198","-4.453","10.000","13.989","31","","student_top_inst/Core_cpu/u_core/u_backend/complete_prd_reg[1][0]/C","student_top_inst/Core_cpu/u_core/u_backend/u_execute/u_prf/regs_q_reg[61][18]/CE","clk_out2_pll","clk_out2_pll"
"199","-4.453","10.000","13.989","31","","student_top_inst/Core_cpu/u_core/u_backend/complete_prd_reg[1][0]/C","student_top_inst/Core_cpu/u_core/u_backend/u_execute/u_prf/regs_q_reg[61][18]/CE","clk_out2_pll","clk_out2_pll"
"200","-4.453","10.000","13.989","31","","student_top_inst/Core_cpu/u_core/u_backend/complete_prd_reg[1][0]/C","student_top_inst/Core_cpu/u_core/u_backend/u_execute/u_prf/regs_q_reg[61][18]/CE","clk_out2_pll","clk_out2_pll"
"201","-4.453","10.000","13.989","31","","student_top_inst/Core_cpu/u_core/u_backend/complete_prd_reg[1][0]/C","student_top_inst/Core_cpu/u_core/u_backend/u_execute/u_prf/regs_q_reg[61][18]/CE","clk_out2_pll","clk_out2_pll"
"202","-4.453","10.000","13.989","31","","student_top_inst/Core_cpu/u_core/u_backend/complete_prd_reg[1][0]/C","student_top_inst/Core_cpu/u_core/u_backend/u_execute/u_prf/regs_q_reg[61][18]/CE","clk_out2_pll","clk_out2_pll"
"203","-4.453","10.000","13.989","31","","student_top_inst/Core_cpu/u_core/u_backend/complete_prd_reg[1][0]/C","student_top_inst/Core_cpu/u_core/u_backend/u_execute/u_prf/regs_q_reg[61][18]/CE","clk_out2_pll","clk_out2_pll"
"204","-4.453","10.000","13.989","31","","student_top_inst/Core_cpu/u_core/u_backend/complete_prd_reg[1][0]/C","student_top_inst/Core_cpu/u_core/u_backend/u_execute/u_prf/regs_q_reg[61][18]/CE","clk_out2_pll","clk_out2_pll"
"205","-4.453","10.000","13.989","31","","student_top_inst/Core_cpu/u_core/u_backend/complete_prd_reg[1][0]/C","student_top_inst/Core_cpu/u_core/u_backend/u_execute/u_prf/regs_q_reg[61][18]/CE","clk_out2_pll","clk_out2_pll"
"206","-4.453","10.000","13.989","31","","student_top_inst/Core_cpu/u_core/u_backend/complete_prd_reg[1][0]/C","student_top_inst/Core_cpu/u_core/u_backend/u_execute/u_prf/regs_q_reg[61][18]/CE","clk_out2_pll","clk_out2_pll"
"207","-4.453","10.000","13.989","31","","student_top_inst/Core_cpu/u_core/u_backend/complete_prd_reg[1][0]/C","student_top_inst/Core_cpu/u_core/u_backend/u_execute/u_prf/regs_q_reg[61][18]/CE","clk_out2_pll","clk_out2_pll"
"208","-4.453","10.000","13.989","31","","student_top_inst/Core_cpu/u_core/u_backend/complete_prd_reg[1][0]/C","student_top_inst/Core_cpu/u_core/u_backend/u_execute/u_prf/regs_q_reg[61][18]/CE","clk_out2_pll","clk_out2_pll"
"209","-4.453","10.000","13.989","31","","student_top_inst/Core_cpu/u_core/u_backend/complete_prd_reg[1][0]/C","student_top_inst/Core_cpu/u_core/u_backend/u_execute/u_prf/regs_q_reg[61][24]/CE","clk_out2_pll","clk_out2_pll"
"210","-4.453","10.000","13.989","31","","student_top_inst/Core_cpu/u_core/u_backend/complete_prd_reg[1][0]/C","student_top_inst/Core_cpu/u_core/u_backend/u_execute/u_prf/regs_q_reg[61][24]/CE","clk_out2_pll","clk_out2_pll"
"211","-4.453","10.000","13.989","31","","student_top_inst/Core_cpu/u_core/u_backend/complete_prd_reg[1][0]/C","student_top_inst/Core_cpu/u_core/u_backend/u_execute/u_prf/regs_q_reg[61][24]/CE","clk_out2_pll","clk_out2_pll"
"212","-4.453","10.000","13.989","31","","student_top_inst/Core_cpu/u_core/u_backend/complete_prd_reg[1][0]/C","student_top_inst/Core_cpu/u_core/u_backend/u_execute/u_prf/regs_q_reg[61][24]/CE","clk_out2_pll","clk_out2_pll"
"213","-4.453","10.000","13.989","31","","student_top_inst/Core_cpu/u_core/u_backend/complete_prd_reg[1][0]/C","student_top_inst/Core_cpu/u_core/u_backend/u_execute/u_prf/regs_q_reg[61][24]/CE","clk_out2_pll","clk_out2_pll"
"214","-4.453","10.000","13.989","31","","student_top_inst/Core_cpu/u_core/u_backend/complete_prd_reg[1][0]/C","student_top_inst/Core_cpu/u_core/u_backend/u_execute/u_prf/regs_q_reg[61][24]/CE","clk_out2_pll","clk_out2_pll"
"215","-4.453","10.000","13.989","31","","student_top_inst/Core_cpu/u_core/u_backend/complete_prd_reg[1][0]/C","student_top_inst/Core_cpu/u_core/u_backend/u_execute/u_prf/regs_q_reg[61][24]/CE","clk_out2_pll","clk_out2_pll"
"216","-4.453","10.000","13.989","31","","student_top_inst/Core_cpu/u_core/u_backend/complete_prd_reg[1][0]/C","student_top_inst/Core_cpu/u_core/u_backend/u_execute/u_prf/regs_q_reg[61][24]/CE","clk_out2_pll","clk_out2_pll"
"217","-4.453","10.000","13.989","31","","student_top_inst/Core_cpu/u_core/u_backend/complete_prd_reg[1][0]/C","student_top_inst/Core_cpu/u_core/u_backend/u_execute/u_prf/regs_q_reg[61][24]/CE","clk_out2_pll","clk_out2_pll"
"218","-4.453","10.000","13.989","31","","student_top_inst/Core_cpu/u_core/u_backend/complete_prd_reg[1][0]/C","student_top_inst/Core_cpu/u_core/u_backend/u_execute/u_prf/regs_q_reg[61][24]/CE","clk_out2_pll","clk_out2_pll"
"219","-4.453","10.000","13.989","31","","student_top_inst/Core_cpu/u_core/u_backend/complete_prd_reg[1][0]/C","student_top_inst/Core_cpu/u_core/u_backend/u_execute/u_prf/regs_q_reg[61][24]/CE","clk_out2_pll","clk_out2_pll"
"220","-4.453","10.000","13.989","31","","student_top_inst/Core_cpu/u_core/u_backend/complete_prd_reg[1][0]/C","student_top_inst/Core_cpu/u_core/u_backend/u_execute/u_prf/regs_q_reg[61][24]/CE","clk_out2_pll","clk_out2_pll"
"221","-4.453","10.000","13.989","31","","student_top_inst/Core_cpu/u_core/u_backend/complete_prd_reg[1][0]/C","student_top_inst/Core_cpu/u_core/u_backend/u_execute/u_prf/regs_q_reg[61][24]/CE","clk_out2_pll","clk_out2_pll"
"222","-4.453","10.000","13.989","31","","student_top_inst/Core_cpu/u_core/u_backend/complete_prd_reg[1][0]/C","student_top_inst/Core_cpu/u_core/u_backend/u_execute/u_prf/regs_q_reg[61][24]/CE","clk_out2_pll","clk_out2_pll"
"223","-4.453","10.000","13.989","31","","student_top_inst/Core_cpu/u_core/u_backend/complete_prd_reg[1][0]/C","student_top_inst/Core_cpu/u_core/u_backend/u_execute/u_prf/regs_q_reg[61][24]/CE","clk_out2_pll","clk_out2_pll"
"224","-4.453","10.000","13.989","31","","student_top_inst/Core_cpu/u_core/u_backend/complete_prd_reg[1][0]/C","student_top_inst/Core_cpu/u_core/u_backend/u_execute/u_prf/regs_q_reg[61][24]/CE","clk_out2_pll","clk_out2_pll"
"225","-4.453","10.000","13.989","31","","student_top_inst/Core_cpu/u_core/u_backend/complete_prd_reg[1][0]/C","student_top_inst/Core_cpu/u_core/u_backend/u_execute/u_prf/regs_q_reg[61][24]/CE","clk_out2_pll","clk_out2_pll"
"226","-4.453","10.000","13.989","31","","student_top_inst/Core_cpu/u_core/u_backend/complete_prd_reg[1][0]/C","student_top_inst/Core_cpu/u_core/u_backend/u_execute/u_prf/regs_q_reg[61][24]/CE","clk_out2_pll","clk_out2_pll"
"227","-4.453","10.000","13.989","31","","student_top_inst/Core_cpu/u_core/u_backend/complete_prd_reg[1][0]/C","student_top_inst/Core_cpu/u_core/u_backend/u_execute/u_prf/regs_q_reg[61][24]/CE","clk_out2_pll","clk_out2_pll"
"228","-4.453","10.000","13.989","31","","student_top_inst/Core_cpu/u_core/u_backend/complete_prd_reg[1][0]/C","student_top_inst/Core_cpu/u_core/u_backend/u_execute/u_prf/regs_q_reg[61][24]/CE","clk_out2_pll","clk_out2_pll"
"229","-4.453","10.000","13.989","31","","student_top_inst/Core_cpu/u_core/u_backend/complete_prd_reg[1][0]/C","student_top_inst/Core_cpu/u_core/u_backend/u_execute/u_prf/regs_q_reg[61][24]/CE","clk_out2_pll","clk_out2_pll"
"230","-4.453","10.000","13.989","31","","student_top_inst/Core_cpu/u_core/u_backend/complete_prd_reg[1][0]/C","student_top_inst/Core_cpu/u_core/u_backend/u_execute/u_prf/regs_q_reg[61][24]/CE","clk_out2_pll","clk_out2_pll"
"231","-4.453","10.000","13.989","31","","student_top_inst/Core_cpu/u_core/u_backend/complete_prd_reg[1][0]/C","student_top_inst/Core_cpu/u_core/u_backend/u_execute/u_prf/regs_q_reg[61][24]/CE","clk_out2_pll","clk_out2_pll"
"232","-4.453","10.000","13.989","31","","student_top_inst/Core_cpu/u_core/u_backend/complete_prd_reg[1][0]/C","student_top_inst/Core_cpu/u_core/u_backend/u_execute/u_prf/regs_q_reg[61][24]/CE","clk_out2_pll","clk_out2_pll"
"233","-4.453","10.000","13.989","31","","student_top_inst/Core_cpu/u_core/u_backend/complete_prd_reg[1][0]/C","student_top_inst/Core_cpu/u_core/u_backend/u_execute/u_prf/regs_q_reg[61][24]/CE","clk_out2_pll","clk_out2_pll"
"234","-4.453","10.000","13.989","31","","student_top_inst/Core_cpu/u_core/u_backend/complete_prd_reg[1][0]/C","student_top_inst/Core_cpu/u_core/u_backend/u_execute/u_prf/regs_q_reg[61][24]/CE","clk_out2_pll","clk_out2_pll"
"235","-4.453","10.000","13.989","31","","student_top_inst/Core_cpu/u_core/u_backend/complete_prd_reg[1][0]/C","student_top_inst/Core_cpu/u_core/u_backend/u_execute/u_prf/regs_q_reg[61][24]/CE","clk_out2_pll","clk_out2_pll"
"236","-4.453","10.000","13.989","31","","student_top_inst/Core_cpu/u_core/u_backend/complete_prd_reg[1][0]/C","student_top_inst/Core_cpu/u_core/u_backend/u_execute/u_prf/regs_q_reg[61][24]/CE","clk_out2_pll","clk_out2_pll"
"237","-4.453","10.000","13.989","31","","student_top_inst/Core_cpu/u_core/u_backend/complete_prd_reg[1][0]/C","student_top_inst/Core_cpu/u_core/u_backend/u_execute/u_prf/regs_q_reg[61][24]/CE","clk_out2_pll","clk_out2_pll"
"238","-4.453","10.000","13.989","31","","student_top_inst/Core_cpu/u_core/u_backend/complete_prd_reg[1][0]/C","student_top_inst/Core_cpu/u_core/u_backend/u_execute/u_prf/regs_q_reg[61][24]/CE","clk_out2_pll","clk_out2_pll"
"239","-4.453","10.000","13.989","31","","student_top_inst/Core_cpu/u_core/u_backend/complete_prd_reg[1][0]/C","student_top_inst/Core_cpu/u_core/u_backend/u_execute/u_prf/regs_q_reg[61][24]/CE","clk_out2_pll","clk_out2_pll"
"240","-4.453","10.000","13.989","31","","student_top_inst/Core_cpu/u_core/u_backend/complete_prd_reg[1][0]/C","student_top_inst/Core_cpu/u_core/u_backend/u_execute/u_prf/regs_q_reg[61][24]/CE","clk_out2_pll","clk_out2_pll"
"241","-4.453","10.000","13.989","31","","student_top_inst/Core_cpu/u_core/u_backend/complete_prd_reg[1][0]/C","student_top_inst/Core_cpu/u_core/u_backend/u_execute/u_prf/regs_q_reg[61][24]/CE","clk_out2_pll","clk_out2_pll"
"242","-4.453","10.000","13.989","31","","student_top_inst/Core_cpu/u_core/u_backend/complete_prd_reg[1][0]/C","student_top_inst/Core_cpu/u_core/u_backend/u_execute/u_prf/regs_q_reg[61][24]/CE","clk_out2_pll","clk_out2_pll"
"243","-4.453","10.000","13.989","31","","student_top_inst/Core_cpu/u_core/u_backend/complete_prd_reg[1][0]/C","student_top_inst/Core_cpu/u_core/u_backend/u_execute/u_prf/regs_q_reg[61][24]/CE","clk_out2_pll","clk_out2_pll"
"244","-4.453","10.000","13.989","31","","student_top_inst/Core_cpu/u_core/u_backend/complete_prd_reg[1][0]/C","student_top_inst/Core_cpu/u_core/u_backend/u_execute/u_prf/regs_q_reg[61][24]/CE","clk_out2_pll","clk_out2_pll"
"245","-4.453","10.000","13.989","31","","student_top_inst/Core_cpu/u_core/u_backend/complete_prd_reg[1][0]/C","student_top_inst/Core_cpu/u_core/u_backend/u_execute/u_prf/regs_q_reg[61][24]/CE","clk_out2_pll","clk_out2_pll"
"246","-4.453","10.000","13.989","31","","student_top_inst/Core_cpu/u_core/u_backend/complete_prd_reg[1][0]/C","student_top_inst/Core_cpu/u_core/u_backend/u_execute/u_prf/regs_q_reg[61][24]/CE","clk_out2_pll","clk_out2_pll"
"247","-4.453","10.000","13.989","31","","student_top_inst/Core_cpu/u_core/u_backend/complete_prd_reg[1][0]/C","student_top_inst/Core_cpu/u_core/u_backend/u_execute/u_prf/regs_q_reg[61][24]/CE","clk_out2_pll","clk_out2_pll"
"248","-4.453","10.000","13.989","31","","student_top_inst/Core_cpu/u_core/u_backend/complete_prd_reg[1][0]/C","student_top_inst/Core_cpu/u_core/u_backend/u_execute/u_prf/regs_q_reg[61][24]/CE","clk_out2_pll","clk_out2_pll"
"249","-4.453","10.000","13.989","31","","student_top_inst/Core_cpu/u_core/u_backend/complete_prd_reg[1][0]/C","student_top_inst/Core_cpu/u_core/u_backend/u_execute/u_prf/regs_q_reg[61][24]/CE","clk_out2_pll","clk_out2_pll"
"250","-4.453","10.000","13.989","31","","student_top_inst/Core_cpu/u_core/u_backend/complete_prd_reg[1][0]/C","student_top_inst/Core_cpu/u_core/u_backend/u_execute/u_prf/regs_q_reg[61][24]/CE","clk_out2_pll","clk_out2_pll"
"251","-4.453","10.000","13.989","31","","student_top_inst/Core_cpu/u_core/u_backend/complete_prd_reg[1][0]/C","student_top_inst/Core_cpu/u_core/u_backend/u_execute/u_prf/regs_q_reg[61][24]/CE","clk_out2_pll","clk_out2_pll"
"252","-4.453","10.000","13.989","31","","student_top_inst/Core_cpu/u_core/u_backend/complete_prd_reg[1][0]/C","student_top_inst/Core_cpu/u_core/u_backend/u_execute/u_prf/regs_q_reg[61][24]/CE","clk_out2_pll","clk_out2_pll"
"253","-4.453","10.000","13.989","31","","student_top_inst/Core_cpu/u_core/u_backend/complete_prd_reg[1][0]/C","student_top_inst/Core_cpu/u_core/u_backend/u_execute/u_prf/regs_q_reg[61][24]/CE","clk_out2_pll","clk_out2_pll"
"254","-4.453","10.000","13.989","31","","student_top_inst/Core_cpu/u_core/u_backend/complete_prd_reg[1][0]/C","student_top_inst/Core_cpu/u_core/u_backend/u_execute/u_prf/regs_q_reg[61][24]/CE","clk_out2_pll","clk_out2_pll"
"255","-4.453","10.000","13.989","31","","student_top_inst/Core_cpu/u_core/u_backend/complete_prd_reg[1][0]/C","student_top_inst/Core_cpu/u_core/u_backend/u_execute/u_prf/regs_q_reg[61][24]/CE","clk_out2_pll","clk_out2_pll"
"256","-4.453","10.000","13.989","31","","student_top_inst/Core_cpu/u_core/u_backend/complete_prd_reg[1][0]/C","student_top_inst/Core_cpu/u_core/u_backend/u_execute/u_prf/regs_q_reg[61][24]/CE","clk_out2_pll","clk_out2_pll"
"257","-4.453","10.000","13.989","31","","student_top_inst/Core_cpu/u_core/u_backend/complete_prd_reg[1][0]/C","student_top_inst/Core_cpu/u_core/u_backend/u_execute/u_prf/regs_q_reg[61][24]/CE","clk_out2_pll","clk_out2_pll"
"258","-4.453","10.000","13.989","31","","student_top_inst/Core_cpu/u_core/u_backend/complete_prd_reg[1][0]/C","student_top_inst/Core_cpu/u_core/u_backend/u_execute/u_prf/regs_q_reg[61][24]/CE","clk_out2_pll","clk_out2_pll"
"259","-4.453","10.000","13.989","31","","student_top_inst/Core_cpu/u_core/u_backend/complete_prd_reg[1][0]/C","student_top_inst/Core_cpu/u_core/u_backend/u_execute/u_prf/regs_q_reg[61][24]/CE","clk_out2_pll","clk_out2_pll"
"260","-4.453","10.000","13.989","31","","student_top_inst/Core_cpu/u_core/u_backend/complete_prd_reg[1][0]/C","student_top_inst/Core_cpu/u_core/u_backend/u_execute/u_prf/regs_q_reg[61][24]/CE","clk_out2_pll","clk_out2_pll"
"261","-4.453","10.000","13.989","31","","student_top_inst/Core_cpu/u_core/u_backend/complete_prd_reg[1][0]/C","student_top_inst/Core_cpu/u_core/u_backend/u_execute/u_prf/regs_q_reg[61][24]/CE","clk_out2_pll","clk_out2_pll"
"262","-4.453","10.000","13.989","31","","student_top_inst/Core_cpu/u_core/u_backend/complete_prd_reg[1][0]/C","student_top_inst/Core_cpu/u_core/u_backend/u_execute/u_prf/regs_q_reg[61][24]/CE","clk_out2_pll","clk_out2_pll"
"263","-4.453","10.000","13.989","31","","student_top_inst/Core_cpu/u_core/u_backend/complete_prd_reg[1][0]/C","student_top_inst/Core_cpu/u_core/u_backend/u_execute/u_prf/regs_q_reg[61][24]/CE","clk_out2_pll","clk_out2_pll"
"264","-4.453","10.000","13.989","31","","student_top_inst/Core_cpu/u_core/u_backend/complete_prd_reg[1][0]/C","student_top_inst/Core_cpu/u_core/u_backend/u_execute/u_prf/regs_q_reg[61][24]/CE","clk_out2_pll","clk_out2_pll"
"265","-4.453","10.000","13.989","31","","student_top_inst/Core_cpu/u_core/u_backend/complete_prd_reg[1][0]/C","student_top_inst/Core_cpu/u_core/u_backend/u_execute/u_prf/regs_q_reg[61][24]/CE","clk_out2_pll","clk_out2_pll"
"266","-4.453","10.000","13.989","31","","student_top_inst/Core_cpu/u_core/u_backend/complete_prd_reg[1][0]/C","student_top_inst/Core_cpu/u_core/u_backend/u_execute/u_prf/regs_q_reg[61][24]/CE","clk_out2_pll","clk_out2_pll"
"267","-4.453","10.000","13.989","31","","student_top_inst/Core_cpu/u_core/u_backend/complete_prd_reg[1][0]/C","student_top_inst/Core_cpu/u_core/u_backend/u_execute/u_prf/regs_q_reg[61][24]/CE","clk_out2_pll","clk_out2_pll"
"268","-4.453","10.000","13.989","31","","student_top_inst/Core_cpu/u_core/u_backend/complete_prd_reg[1][0]/C","student_top_inst/Core_cpu/u_core/u_backend/u_execute/u_prf/regs_q_reg[61][24]/CE","clk_out2_pll","clk_out2_pll"
"269","-4.453","10.000","13.989","31","","student_top_inst/Core_cpu/u_core/u_backend/complete_prd_reg[1][0]/C","student_top_inst/Core_cpu/u_core/u_backend/u_execute/u_prf/regs_q_reg[61][24]/CE","clk_out2_pll","clk_out2_pll"
"270","-4.453","10.000","13.989","31","","student_top_inst/Core_cpu/u_core/u_backend/complete_prd_reg[1][0]/C","student_top_inst/Core_cpu/u_core/u_backend/u_execute/u_prf/regs_q_reg[61][24]/CE","clk_out2_pll","clk_out2_pll"
"271","-4.453","10.000","13.989","31","","student_top_inst/Core_cpu/u_core/u_backend/complete_prd_reg[1][0]/C","student_top_inst/Core_cpu/u_core/u_backend/u_execute/u_prf/regs_q_reg[61][24]/CE","clk_out2_pll","clk_out2_pll"
"272","-4.453","10.000","13.989","31","","student_top_inst/Core_cpu/u_core/u_backend/complete_prd_reg[1][0]/C","student_top_inst/Core_cpu/u_core/u_backend/u_execute/u_prf/regs_q_reg[61][24]/CE","clk_out2_pll","clk_out2_pll"
"273","-4.453","10.000","13.989","31","","student_top_inst/Core_cpu/u_core/u_backend/complete_prd_reg[1][0]/C","student_top_inst/Core_cpu/u_core/u_backend/u_execute/u_prf/regs_q_reg[61][24]/CE","clk_out2_pll","clk_out2_pll"
"274","-4.453","10.000","13.989","31","","student_top_inst/Core_cpu/u_core/u_backend/complete_prd_reg[1][0]/C","student_top_inst/Core_cpu/u_core/u_backend/u_execute/u_prf/regs_q_reg[61][24]/CE","clk_out2_pll","clk_out2_pll"
"275","-4.453","10.000","13.989","31","","student_top_inst/Core_cpu/u_core/u_backend/complete_prd_reg[1][0]/C","student_top_inst/Core_cpu/u_core/u_backend/u_execute/u_prf/regs_q_reg[61][24]/CE","clk_out2_pll","clk_out2_pll"
"276","-4.453","10.000","13.989","31","","student_top_inst/Core_cpu/u_core/u_backend/complete_prd_reg[1][0]/C","student_top_inst/Core_cpu/u_core/u_backend/u_execute/u_prf/regs_q_reg[61][24]/CE","clk_out2_pll","clk_out2_pll"
"277","-4.453","10.000","13.989","31","","student_top_inst/Core_cpu/u_core/u_backend/complete_prd_reg[1][0]/C","student_top_inst/Core_cpu/u_core/u_backend/u_execute/u_prf/regs_q_reg[61][24]/CE","clk_out2_pll","clk_out2_pll"
"278","-4.453","10.000","13.989","31","","student_top_inst/Core_cpu/u_core/u_backend/complete_prd_reg[1][0]/C","student_top_inst/Core_cpu/u_core/u_backend/u_execute/u_prf/regs_q_reg[61][24]/CE","clk_out2_pll","clk_out2_pll"
"279","-4.453","10.000","13.989","31","","student_top_inst/Core_cpu/u_core/u_backend/complete_prd_reg[1][0]/C","student_top_inst/Core_cpu/u_core/u_backend/u_execute/u_prf/regs_q_reg[61][24]/CE","clk_out2_pll","clk_out2_pll"
"280","-4.453","10.000","13.989","31","","student_top_inst/Core_cpu/u_core/u_backend/complete_prd_reg[1][0]/C","student_top_inst/Core_cpu/u_core/u_backend/u_execute/u_prf/regs_q_reg[61][24]/CE","clk_out2_pll","clk_out2_pll"
"281","-4.453","10.000","13.989","31","","student_top_inst/Core_cpu/u_core/u_backend/complete_prd_reg[1][0]/C","student_top_inst/Core_cpu/u_core/u_backend/u_execute/u_prf/regs_q_reg[61][24]/CE","clk_out2_pll","clk_out2_pll"
"282","-4.453","10.000","13.989","31","","student_top_inst/Core_cpu/u_core/u_backend/complete_prd_reg[1][0]/C","student_top_inst/Core_cpu/u_core/u_backend/u_execute/u_prf/regs_q_reg[61][24]/CE","clk_out2_pll","clk_out2_pll"
"283","-4.453","10.000","13.989","31","","student_top_inst/Core_cpu/u_core/u_backend/complete_prd_reg[1][0]/C","student_top_inst/Core_cpu/u_core/u_backend/u_execute/u_prf/regs_q_reg[61][24]/CE","clk_out2_pll","clk_out2_pll"
"284","-4.453","10.000","13.989","31","","student_top_inst/Core_cpu/u_core/u_backend/complete_prd_reg[1][0]/C","student_top_inst/Core_cpu/u_core/u_backend/u_execute/u_prf/regs_q_reg[61][24]/CE","clk_out2_pll","clk_out2_pll"
"285","-4.453","10.000","13.989","31","","student_top_inst/Core_cpu/u_core/u_backend/complete_prd_reg[1][0]/C","student_top_inst/Core_cpu/u_core/u_backend/u_execute/u_prf/regs_q_reg[61][24]/CE","clk_out2_pll","clk_out2_pll"
"286","-4.453","10.000","13.989","31","","student_top_inst/Core_cpu/u_core/u_backend/complete_prd_reg[1][0]/C","student_top_inst/Core_cpu/u_core/u_backend/u_execute/u_prf/regs_q_reg[61][24]/CE","clk_out2_pll","clk_out2_pll"
"287","-4.453","10.000","13.989","31","","student_top_inst/Core_cpu/u_core/u_backend/complete_prd_reg[1][0]/C","student_top_inst/Core_cpu/u_core/u_backend/u_execute/u_prf/regs_q_reg[61][24]/CE","clk_out2_pll","clk_out2_pll"
"288","-4.453","10.000","13.989","31","","student_top_inst/Core_cpu/u_core/u_backend/complete_prd_reg[1][0]/C","student_top_inst/Core_cpu/u_core/u_backend/u_execute/u_prf/regs_q_reg[61][24]/CE","clk_out2_pll","clk_out2_pll"
"289","-4.453","10.000","13.989","31","","student_top_inst/Core_cpu/u_core/u_backend/complete_prd_reg[1][0]/C","student_top_inst/Core_cpu/u_core/u_backend/u_execute/u_prf/regs_q_reg[61][24]/CE","clk_out2_pll","clk_out2_pll"
"290","-4.453","10.000","13.989","31","","student_top_inst/Core_cpu/u_core/u_backend/complete_prd_reg[1][0]/C","student_top_inst/Core_cpu/u_core/u_backend/u_execute/u_prf/regs_q_reg[61][24]/CE","clk_out2_pll","clk_out2_pll"
"291","-4.453","10.000","13.989","31","","student_top_inst/Core_cpu/u_core/u_backend/complete_prd_reg[1][0]/C","student_top_inst/Core_cpu/u_core/u_backend/u_execute/u_prf/regs_q_reg[61][24]/CE","clk_out2_pll","clk_out2_pll"
"292","-4.453","10.000","13.989","31","","student_top_inst/Core_cpu/u_core/u_backend/complete_prd_reg[1][0]/C","student_top_inst/Core_cpu/u_core/u_backend/u_execute/u_prf/regs_q_reg[61][24]/CE","clk_out2_pll","clk_out2_pll"
"293","-4.453","10.000","13.989","31","","student_top_inst/Core_cpu/u_core/u_backend/complete_prd_reg[1][0]/C","student_top_inst/Core_cpu/u_core/u_backend/u_execute/u_prf/regs_q_reg[61][24]/CE","clk_out2_pll","clk_out2_pll"
"294","-4.453","10.000","13.989","31","","student_top_inst/Core_cpu/u_core/u_backend/complete_prd_reg[1][0]/C","student_top_inst/Core_cpu/u_core/u_backend/u_execute/u_prf/regs_q_reg[61][24]/CE","clk_out2_pll","clk_out2_pll"
"295","-4.453","10.000","13.989","31","","student_top_inst/Core_cpu/u_core/u_backend/complete_prd_reg[1][0]/C","student_top_inst/Core_cpu/u_core/u_backend/u_execute/u_prf/regs_q_reg[61][24]/CE","clk_out2_pll","clk_out2_pll"
"296","-4.453","10.000","13.989","31","","student_top_inst/Core_cpu/u_core/u_backend/complete_prd_reg[1][0]/C","student_top_inst/Core_cpu/u_core/u_backend/u_execute/u_prf/regs_q_reg[61][24]/CE","clk_out2_pll","clk_out2_pll"
"297","-4.453","10.000","13.989","31","","student_top_inst/Core_cpu/u_core/u_backend/complete_prd_reg[1][0]/C","student_top_inst/Core_cpu/u_core/u_backend/u_execute/u_prf/regs_q_reg[61][24]/CE","clk_out2_pll","clk_out2_pll"
"298","-4.453","10.000","13.989","31","","student_top_inst/Core_cpu/u_core/u_backend/complete_prd_reg[1][0]/C","student_top_inst/Core_cpu/u_core/u_backend/u_execute/u_prf/regs_q_reg[61][24]/CE","clk_out2_pll","clk_out2_pll"
"299","-4.453","10.000","13.989","31","","student_top_inst/Core_cpu/u_core/u_backend/complete_prd_reg[1][0]/C","student_top_inst/Core_cpu/u_core/u_backend/u_execute/u_prf/regs_q_reg[61][24]/CE","clk_out2_pll","clk_out2_pll"
"300","-4.453","10.000","13.989","31","","student_top_inst/Core_cpu/u_core/u_backend/complete_prd_reg[1][0]/C","student_top_inst/Core_cpu/u_core/u_backend/u_execute/u_prf/regs_q_reg[61][24]/CE","clk_out2_pll","clk_out2_pll"
"301","-4.453","10.000","13.989","31","","student_top_inst/Core_cpu/u_core/u_backend/complete_prd_reg[1][0]/C","student_top_inst/Core_cpu/u_core/u_backend/u_execute/u_prf/regs_q_reg[61][24]/CE","clk_out2_pll","clk_out2_pll"
"302","-4.453","10.000","13.989","31","","student_top_inst/Core_cpu/u_core/u_backend/complete_prd_reg[1][0]/C","student_top_inst/Core_cpu/u_core/u_backend/u_execute/u_prf/regs_q_reg[61][24]/CE","clk_out2_pll","clk_out2_pll"
"303","-4.453","10.000","13.989","31","","student_top_inst/Core_cpu/u_core/u_backend/complete_prd_reg[1][0]/C","student_top_inst/Core_cpu/u_core/u_backend/u_execute/u_prf/regs_q_reg[61][24]/CE","clk_out2_pll","clk_out2_pll"
"304","-4.453","10.000","13.989","31","","student_top_inst/Core_cpu/u_core/u_backend/complete_prd_reg[1][0]/C","student_top_inst/Core_cpu/u_core/u_backend/u_execute/u_prf/regs_q_reg[61][24]/CE","clk_out2_pll","clk_out2_pll"
"305","-4.453","10.000","13.989","31","","student_top_inst/Core_cpu/u_core/u_backend/complete_prd_reg[1][0]/C","student_top_inst/Core_cpu/u_core/u_backend/u_execute/u_prf/regs_q_reg[61][24]/CE","clk_out2_pll","clk_out2_pll"
"306","-4.453","10.000","13.989","31","","student_top_inst/Core_cpu/u_core/u_backend/complete_prd_reg[1][0]/C","student_top_inst/Core_cpu/u_core/u_backend/u_execute/u_prf/regs_q_reg[61][24]/CE","clk_out2_pll","clk_out2_pll"
"307","-4.453","10.000","13.989","31","","student_top_inst/Core_cpu/u_core/u_backend/complete_prd_reg[1][0]/C","student_top_inst/Core_cpu/u_core/u_backend/u_execute/u_prf/regs_q_reg[61][24]/CE","clk_out2_pll","clk_out2_pll"
"308","-4.453","10.000","13.989","31","","student_top_inst/Core_cpu/u_core/u_backend/complete_prd_reg[1][0]/C","student_top_inst/Core_cpu/u_core/u_backend/u_execute/u_prf/regs_q_reg[61][24]/CE","clk_out2_pll","clk_out2_pll"
"309","-4.448","10.000","13.994","29","","student_top_inst/Core_cpu/u_core/u_backend/u_rename/srat_q_reg[15][0]/C","student_top_inst/Core_cpu/u_core/u_backend/u_int_iq/u_queue/entry_q_reg[0][uop][imm_b][16]/S","clk_out2_pll","clk_out2_pll"
"310","-4.448","10.000","13.994","29","","student_top_inst/Core_cpu/u_core/u_backend/u_rename/srat_q_reg[15][0]/C","student_top_inst/Core_cpu/u_core/u_backend/u_int_iq/u_queue/entry_q_reg[0][uop][imm_b][16]/S","clk_out2_pll","clk_out2_pll"
"311","-4.448","10.000","13.994","29","","student_top_inst/Core_cpu/u_core/u_backend/u_rename/srat_q_reg[15][0]/C","student_top_inst/Core_cpu/u_core/u_backend/u_int_iq/u_queue/entry_q_reg[0][uop][imm_b][26]/S","clk_out2_pll","clk_out2_pll"
"312","-4.448","10.000","13.994","29","","student_top_inst/Core_cpu/u_core/u_backend/u_rename/srat_q_reg[15][0]/C","student_top_inst/Core_cpu/u_core/u_backend/u_int_iq/u_queue/entry_q_reg[0][uop][imm_b][26]/S","clk_out2_pll","clk_out2_pll"
"313","-4.440","10.000","13.962","30","","student_top_inst/Core_cpu/u_core/u_backend/complete_prd_reg[1][0]/C","student_top_inst/Core_cpu/u_core/u_backend/u_execute/u_prf/regs_q_reg[27][7]/CE","clk_out2_pll","clk_out2_pll"
"314","-4.440","10.000","13.962","30","","student_top_inst/Core_cpu/u_core/u_backend/complete_prd_reg[1][0]/C","student_top_inst/Core_cpu/u_core/u_backend/u_execute/u_prf/regs_q_reg[27][7]/CE","clk_out2_pll","clk_out2_pll"
"315","-4.440","10.000","13.962","30","","student_top_inst/Core_cpu/u_core/u_backend/complete_prd_reg[1][0]/C","student_top_inst/Core_cpu/u_core/u_backend/u_execute/u_prf/regs_q_reg[27][7]/CE","clk_out2_pll","clk_out2_pll"
"316","-4.440","10.000","13.962","30","","student_top_inst/Core_cpu/u_core/u_backend/complete_prd_reg[1][0]/C","student_top_inst/Core_cpu/u_core/u_backend/u_execute/u_prf/regs_q_reg[27][7]/CE","clk_out2_pll","clk_out2_pll"
"317","-4.440","10.000","13.962","30","","student_top_inst/Core_cpu/u_core/u_backend/complete_prd_reg[1][0]/C","student_top_inst/Core_cpu/u_core/u_backend/u_execute/u_prf/regs_q_reg[27][7]/CE","clk_out2_pll","clk_out2_pll"
"318","-4.440","10.000","13.962","30","","student_top_inst/Core_cpu/u_core/u_backend/complete_prd_reg[1][0]/C","student_top_inst/Core_cpu/u_core/u_backend/u_execute/u_prf/regs_q_reg[27][7]/CE","clk_out2_pll","clk_out2_pll"
"319","-4.440","10.000","13.962","30","","student_top_inst/Core_cpu/u_core/u_backend/complete_prd_reg[1][0]/C","student_top_inst/Core_cpu/u_core/u_backend/u_execute/u_prf/regs_q_reg[27][7]/CE","clk_out2_pll","clk_out2_pll"
"320","-4.440","10.000","13.962","30","","student_top_inst/Core_cpu/u_core/u_backend/complete_prd_reg[1][0]/C","student_top_inst/Core_cpu/u_core/u_backend/u_execute/u_prf/regs_q_reg[27][7]/CE","clk_out2_pll","clk_out2_pll"
"321","-4.440","10.000","13.962","30","","student_top_inst/Core_cpu/u_core/u_backend/complete_prd_reg[1][0]/C","student_top_inst/Core_cpu/u_core/u_backend/u_execute/u_prf/regs_q_reg[27][7]/CE","clk_out2_pll","clk_out2_pll"
"322","-4.440","10.000","13.962","30","","student_top_inst/Core_cpu/u_core/u_backend/complete_prd_reg[1][0]/C","student_top_inst/Core_cpu/u_core/u_backend/u_execute/u_prf/regs_q_reg[27][7]/CE","clk_out2_pll","clk_out2_pll"
"323","-4.440","10.000","13.962","30","","student_top_inst/Core_cpu/u_core/u_backend/complete_prd_reg[1][0]/C","student_top_inst/Core_cpu/u_core/u_backend/u_execute/u_prf/regs_q_reg[27][7]/CE","clk_out2_pll","clk_out2_pll"
"324","-4.440","10.000","13.962","30","","student_top_inst/Core_cpu/u_core/u_backend/complete_prd_reg[1][0]/C","student_top_inst/Core_cpu/u_core/u_backend/u_execute/u_prf/regs_q_reg[27][7]/CE","clk_out2_pll","clk_out2_pll"
"325","-4.440","10.000","13.962","30","","student_top_inst/Core_cpu/u_core/u_backend/complete_prd_reg[1][0]/C","student_top_inst/Core_cpu/u_core/u_backend/u_execute/u_prf/regs_q_reg[27][7]/CE","clk_out2_pll","clk_out2_pll"
"326","-4.440","10.000","13.962","30","","student_top_inst/Core_cpu/u_core/u_backend/complete_prd_reg[1][0]/C","student_top_inst/Core_cpu/u_core/u_backend/u_execute/u_prf/regs_q_reg[27][7]/CE","clk_out2_pll","clk_out2_pll"
"327","-4.440","10.000","13.962","30","","student_top_inst/Core_cpu/u_core/u_backend/complete_prd_reg[1][0]/C","student_top_inst/Core_cpu/u_core/u_backend/u_execute/u_prf/regs_q_reg[27][7]/CE","clk_out2_pll","clk_out2_pll"
"328","-4.440","10.000","13.962","30","","student_top_inst/Core_cpu/u_core/u_backend/complete_prd_reg[1][0]/C","student_top_inst/Core_cpu/u_core/u_backend/u_execute/u_prf/regs_q_reg[27][7]/CE","clk_out2_pll","clk_out2_pll"
"329","-4.440","10.000","13.962","30","","student_top_inst/Core_cpu/u_core/u_backend/complete_prd_reg[1][0]/C","student_top_inst/Core_cpu/u_core/u_backend/u_execute/u_prf/regs_q_reg[27][7]/CE","clk_out2_pll","clk_out2_pll"
"330","-4.440","10.000","13.962","30","","student_top_inst/Core_cpu/u_core/u_backend/complete_prd_reg[1][0]/C","student_top_inst/Core_cpu/u_core/u_backend/u_execute/u_prf/regs_q_reg[27][7]/CE","clk_out2_pll","clk_out2_pll"
"331","-4.440","10.000","13.962","30","","student_top_inst/Core_cpu/u_core/u_backend/complete_prd_reg[1][0]/C","student_top_inst/Core_cpu/u_core/u_backend/u_execute/u_prf/regs_q_reg[27][7]/CE","clk_out2_pll","clk_out2_pll"
"332","-4.440","10.000","13.962","30","","student_top_inst/Core_cpu/u_core/u_backend/complete_prd_reg[1][0]/C","student_top_inst/Core_cpu/u_core/u_backend/u_execute/u_prf/regs_q_reg[27][7]/CE","clk_out2_pll","clk_out2_pll"
"333","-4.440","10.000","13.962","30","","student_top_inst/Core_cpu/u_core/u_backend/complete_prd_reg[1][0]/C","student_top_inst/Core_cpu/u_core/u_backend/u_execute/u_prf/regs_q_reg[27][7]/CE","clk_out2_pll","clk_out2_pll"
"334","-4.440","10.000","13.962","30","","student_top_inst/Core_cpu/u_core/u_backend/complete_prd_reg[1][0]/C","student_top_inst/Core_cpu/u_core/u_backend/u_execute/u_prf/regs_q_reg[27][7]/CE","clk_out2_pll","clk_out2_pll"
"335","-4.440","10.000","13.962","30","","student_top_inst/Core_cpu/u_core/u_backend/complete_prd_reg[1][0]/C","student_top_inst/Core_cpu/u_core/u_backend/u_execute/u_prf/regs_q_reg[27][7]/CE","clk_out2_pll","clk_out2_pll"
"336","-4.440","10.000","13.962","30","","student_top_inst/Core_cpu/u_core/u_backend/complete_prd_reg[1][0]/C","student_top_inst/Core_cpu/u_core/u_backend/u_execute/u_prf/regs_q_reg[27][7]/CE","clk_out2_pll","clk_out2_pll"
"337","-4.440","10.000","13.962","30","","student_top_inst/Core_cpu/u_core/u_backend/complete_prd_reg[1][0]/C","student_top_inst/Core_cpu/u_core/u_backend/u_execute/u_prf/regs_q_reg[27][7]/CE","clk_out2_pll","clk_out2_pll"
"338","-4.440","10.000","13.962","30","","student_top_inst/Core_cpu/u_core/u_backend/complete_prd_reg[1][0]/C","student_top_inst/Core_cpu/u_core/u_backend/u_execute/u_prf/regs_q_reg[27][7]/CE","clk_out2_pll","clk_out2_pll"
"339","-4.440","10.000","13.962","30","","student_top_inst/Core_cpu/u_core/u_backend/complete_prd_reg[1][0]/C","student_top_inst/Core_cpu/u_core/u_backend/u_execute/u_prf/regs_q_reg[27][7]/CE","clk_out2_pll","clk_out2_pll"
"340","-4.440","10.000","13.962","30","","student_top_inst/Core_cpu/u_core/u_backend/complete_prd_reg[1][0]/C","student_top_inst/Core_cpu/u_core/u_backend/u_execute/u_prf/regs_q_reg[27][7]/CE","clk_out2_pll","clk_out2_pll"
"341","-4.440","10.000","13.962","30","","student_top_inst/Core_cpu/u_core/u_backend/complete_prd_reg[1][0]/C","student_top_inst/Core_cpu/u_core/u_backend/u_execute/u_prf/regs_q_reg[27][7]/CE","clk_out2_pll","clk_out2_pll"
"342","-4.440","10.000","13.962","30","","student_top_inst/Core_cpu/u_core/u_backend/complete_prd_reg[1][0]/C","student_top_inst/Core_cpu/u_core/u_backend/u_execute/u_prf/regs_q_reg[27][7]/CE","clk_out2_pll","clk_out2_pll"
"343","-4.440","10.000","13.962","30","","student_top_inst/Core_cpu/u_core/u_backend/complete_prd_reg[1][0]/C","student_top_inst/Core_cpu/u_core/u_backend/u_execute/u_prf/regs_q_reg[27][7]/CE","clk_out2_pll","clk_out2_pll"
"344","-4.440","10.000","13.962","30","","student_top_inst/Core_cpu/u_core/u_backend/complete_prd_reg[1][0]/C","student_top_inst/Core_cpu/u_core/u_backend/u_execute/u_prf/regs_q_reg[27][7]/CE","clk_out2_pll","clk_out2_pll"
"345","-4.440","10.000","13.962","30","","student_top_inst/Core_cpu/u_core/u_backend/complete_prd_reg[1][0]/C","student_top_inst/Core_cpu/u_core/u_backend/u_execute/u_prf/regs_q_reg[27][7]/CE","clk_out2_pll","clk_out2_pll"
"346","-4.440","10.000","13.962","30","","student_top_inst/Core_cpu/u_core/u_backend/complete_prd_reg[1][0]/C","student_top_inst/Core_cpu/u_core/u_backend/u_execute/u_prf/regs_q_reg[27][7]/CE","clk_out2_pll","clk_out2_pll"
"347","-4.440","10.000","13.962","30","","student_top_inst/Core_cpu/u_core/u_backend/complete_prd_reg[1][0]/C","student_top_inst/Core_cpu/u_core/u_backend/u_execute/u_prf/regs_q_reg[27][7]/CE","clk_out2_pll","clk_out2_pll"
"348","-4.440","10.000","13.962","30","","student_top_inst/Core_cpu/u_core/u_backend/complete_prd_reg[1][0]/C","student_top_inst/Core_cpu/u_core/u_backend/u_execute/u_prf/regs_q_reg[27][7]/CE","clk_out2_pll","clk_out2_pll"
"349","-4.440","10.000","13.962","30","","student_top_inst/Core_cpu/u_core/u_backend/complete_prd_reg[1][0]/C","student_top_inst/Core_cpu/u_core/u_backend/u_execute/u_prf/regs_q_reg[27][7]/CE","clk_out2_pll","clk_out2_pll"
"350","-4.440","10.000","13.962","30","","student_top_inst/Core_cpu/u_core/u_backend/complete_prd_reg[1][0]/C","student_top_inst/Core_cpu/u_core/u_backend/u_execute/u_prf/regs_q_reg[27][7]/CE","clk_out2_pll","clk_out2_pll"
"351","-4.440","10.000","13.962","30","","student_top_inst/Core_cpu/u_core/u_backend/complete_prd_reg[1][0]/C","student_top_inst/Core_cpu/u_core/u_backend/u_execute/u_prf/regs_q_reg[27][7]/CE","clk_out2_pll","clk_out2_pll"
"352","-4.440","10.000","13.962","30","","student_top_inst/Core_cpu/u_core/u_backend/complete_prd_reg[1][0]/C","student_top_inst/Core_cpu/u_core/u_backend/u_execute/u_prf/regs_q_reg[27][7]/CE","clk_out2_pll","clk_out2_pll"
"353","-4.440","10.000","13.962","30","","student_top_inst/Core_cpu/u_core/u_backend/complete_prd_reg[1][0]/C","student_top_inst/Core_cpu/u_core/u_backend/u_execute/u_prf/regs_q_reg[27][7]/CE","clk_out2_pll","clk_out2_pll"
"354","-4.440","10.000","13.962","30","","student_top_inst/Core_cpu/u_core/u_backend/complete_prd_reg[1][0]/C","student_top_inst/Core_cpu/u_core/u_backend/u_execute/u_prf/regs_q_reg[27][7]/CE","clk_out2_pll","clk_out2_pll"
"355","-4.440","10.000","13.962","30","","student_top_inst/Core_cpu/u_core/u_backend/complete_prd_reg[1][0]/C","student_top_inst/Core_cpu/u_core/u_backend/u_execute/u_prf/regs_q_reg[27][7]/CE","clk_out2_pll","clk_out2_pll"
"356","-4.440","10.000","13.962","30","","student_top_inst/Core_cpu/u_core/u_backend/complete_prd_reg[1][0]/C","student_top_inst/Core_cpu/u_core/u_backend/u_execute/u_prf/regs_q_reg[27][7]/CE","clk_out2_pll","clk_out2_pll"
"357","-4.440","10.000","13.962","30","","student_top_inst/Core_cpu/u_core/u_backend/complete_prd_reg[1][0]/C","student_top_inst/Core_cpu/u_core/u_backend/u_execute/u_prf/regs_q_reg[27][7]/CE","clk_out2_pll","clk_out2_pll"
"358","-4.440","10.000","13.962","30","","student_top_inst/Core_cpu/u_core/u_backend/complete_prd_reg[1][0]/C","student_top_inst/Core_cpu/u_core/u_backend/u_execute/u_prf/regs_q_reg[27][7]/CE","clk_out2_pll","clk_out2_pll"
"359","-4.440","10.000","13.962","30","","student_top_inst/Core_cpu/u_core/u_backend/complete_prd_reg[1][0]/C","student_top_inst/Core_cpu/u_core/u_backend/u_execute/u_prf/regs_q_reg[27][7]/CE","clk_out2_pll","clk_out2_pll"
"360","-4.440","10.000","13.962","30","","student_top_inst/Core_cpu/u_core/u_backend/complete_prd_reg[1][0]/C","student_top_inst/Core_cpu/u_core/u_backend/u_execute/u_prf/regs_q_reg[27][7]/CE","clk_out2_pll","clk_out2_pll"
"361","-4.440","10.000","13.962","30","","student_top_inst/Core_cpu/u_core/u_backend/complete_prd_reg[1][0]/C","student_top_inst/Core_cpu/u_core/u_backend/u_execute/u_prf/regs_q_reg[27][7]/CE","clk_out2_pll","clk_out2_pll"
"362","-4.440","10.000","13.962","30","","student_top_inst/Core_cpu/u_core/u_backend/complete_prd_reg[1][0]/C","student_top_inst/Core_cpu/u_core/u_backend/u_execute/u_prf/regs_q_reg[27][7]/CE","clk_out2_pll","clk_out2_pll"
"363","-4.440","10.000","13.962","30","","student_top_inst/Core_cpu/u_core/u_backend/complete_prd_reg[1][0]/C","student_top_inst/Core_cpu/u_core/u_backend/u_execute/u_prf/regs_q_reg[27][7]/CE","clk_out2_pll","clk_out2_pll"
"364","-4.440","10.000","13.962","30","","student_top_inst/Core_cpu/u_core/u_backend/complete_prd_reg[1][0]/C","student_top_inst/Core_cpu/u_core/u_backend/u_execute/u_prf/regs_q_reg[27][7]/CE","clk_out2_pll","clk_out2_pll"
"365","-4.440","10.000","13.962","30","","student_top_inst/Core_cpu/u_core/u_backend/complete_prd_reg[1][0]/C","student_top_inst/Core_cpu/u_core/u_backend/u_execute/u_prf/regs_q_reg[27][7]/CE","clk_out2_pll","clk_out2_pll"
"366","-4.440","10.000","13.962","30","","student_top_inst/Core_cpu/u_core/u_backend/complete_prd_reg[1][0]/C","student_top_inst/Core_cpu/u_core/u_backend/u_execute/u_prf/regs_q_reg[27][7]/CE","clk_out2_pll","clk_out2_pll"
"367","-4.440","10.000","13.962","30","","student_top_inst/Core_cpu/u_core/u_backend/complete_prd_reg[1][0]/C","student_top_inst/Core_cpu/u_core/u_backend/u_execute/u_prf/regs_q_reg[27][7]/CE","clk_out2_pll","clk_out2_pll"
"368","-4.440","10.000","13.962","30","","student_top_inst/Core_cpu/u_core/u_backend/complete_prd_reg[1][0]/C","student_top_inst/Core_cpu/u_core/u_backend/u_execute/u_prf/regs_q_reg[27][7]/CE","clk_out2_pll","clk_out2_pll"
"369","-4.440","10.000","13.962","30","","student_top_inst/Core_cpu/u_core/u_backend/complete_prd_reg[1][0]/C","student_top_inst/Core_cpu/u_core/u_backend/u_execute/u_prf/regs_q_reg[27][7]/CE","clk_out2_pll","clk_out2_pll"
"370","-4.440","10.000","13.962","30","","student_top_inst/Core_cpu/u_core/u_backend/complete_prd_reg[1][0]/C","student_top_inst/Core_cpu/u_core/u_backend/u_execute/u_prf/regs_q_reg[27][7]/CE","clk_out2_pll","clk_out2_pll"
"371","-4.440","10.000","13.962","30","","student_top_inst/Core_cpu/u_core/u_backend/complete_prd_reg[1][0]/C","student_top_inst/Core_cpu/u_core/u_backend/u_execute/u_prf/regs_q_reg[27][7]/CE","clk_out2_pll","clk_out2_pll"
"372","-4.440","10.000","13.962","30","","student_top_inst/Core_cpu/u_core/u_backend/complete_prd_reg[1][0]/C","student_top_inst/Core_cpu/u_core/u_backend/u_execute/u_prf/regs_q_reg[27][7]/CE","clk_out2_pll","clk_out2_pll"
"373","-4.440","10.000","13.962","30","","student_top_inst/Core_cpu/u_core/u_backend/complete_prd_reg[1][0]/C","student_top_inst/Core_cpu/u_core/u_backend/u_execute/u_prf/regs_q_reg[27][7]/CE","clk_out2_pll","clk_out2_pll"
"374","-4.440","10.000","13.962","30","","student_top_inst/Core_cpu/u_core/u_backend/complete_prd_reg[1][0]/C","student_top_inst/Core_cpu/u_core/u_backend/u_execute/u_prf/regs_q_reg[27][7]/CE","clk_out2_pll","clk_out2_pll"
"375","-4.440","10.000","13.962","30","","student_top_inst/Core_cpu/u_core/u_backend/complete_prd_reg[1][0]/C","student_top_inst/Core_cpu/u_core/u_backend/u_execute/u_prf/regs_q_reg[27][7]/CE","clk_out2_pll","clk_out2_pll"
"376","-4.440","10.000","13.962","30","","student_top_inst/Core_cpu/u_core/u_backend/complete_prd_reg[1][0]/C","student_top_inst/Core_cpu/u_core/u_backend/u_execute/u_prf/regs_q_reg[27][7]/CE","clk_out2_pll","clk_out2_pll"
"377","-4.440","10.000","13.962","30","","student_top_inst/Core_cpu/u_core/u_backend/complete_prd_reg[1][0]/C","student_top_inst/Core_cpu/u_core/u_backend/u_execute/u_prf/regs_q_reg[27][7]/CE","clk_out2_pll","clk_out2_pll"
"378","-4.440","10.000","13.962","30","","student_top_inst/Core_cpu/u_core/u_backend/complete_prd_reg[1][0]/C","student_top_inst/Core_cpu/u_core/u_backend/u_execute/u_prf/regs_q_reg[27][7]/CE","clk_out2_pll","clk_out2_pll"
"379","-4.440","10.000","13.962","30","","student_top_inst/Core_cpu/u_core/u_backend/complete_prd_reg[1][0]/C","student_top_inst/Core_cpu/u_core/u_backend/u_execute/u_prf/regs_q_reg[27][7]/CE","clk_out2_pll","clk_out2_pll"
"380","-4.440","10.000","13.962","30","","student_top_inst/Core_cpu/u_core/u_backend/complete_prd_reg[1][0]/C","student_top_inst/Core_cpu/u_core/u_backend/u_execute/u_prf/regs_q_reg[27][7]/CE","clk_out2_pll","clk_out2_pll"
"381","-4.440","10.000","13.962","30","","student_top_inst/Core_cpu/u_core/u_backend/complete_prd_reg[1][0]/C","student_top_inst/Core_cpu/u_core/u_backend/u_execute/u_prf/regs_q_reg[27][7]/CE","clk_out2_pll","clk_out2_pll"
"382","-4.440","10.000","13.962","30","","student_top_inst/Core_cpu/u_core/u_backend/complete_prd_reg[1][0]/C","student_top_inst/Core_cpu/u_core/u_backend/u_execute/u_prf/regs_q_reg[27][7]/CE","clk_out2_pll","clk_out2_pll"
"383","-4.440","10.000","13.962","30","","student_top_inst/Core_cpu/u_core/u_backend/complete_prd_reg[1][0]/C","student_top_inst/Core_cpu/u_core/u_backend/u_execute/u_prf/regs_q_reg[27][7]/CE","clk_out2_pll","clk_out2_pll"
"384","-4.440","10.000","13.962","30","","student_top_inst/Core_cpu/u_core/u_backend/complete_prd_reg[1][0]/C","student_top_inst/Core_cpu/u_core/u_backend/u_execute/u_prf/regs_q_reg[27][7]/CE","clk_out2_pll","clk_out2_pll"
"385","-4.440","10.000","13.962","30","","student_top_inst/Core_cpu/u_core/u_backend/complete_prd_reg[1][0]/C","student_top_inst/Core_cpu/u_core/u_backend/u_execute/u_prf/regs_q_reg[27][7]/CE","clk_out2_pll","clk_out2_pll"
"386","-4.440","10.000","13.962","30","","student_top_inst/Core_cpu/u_core/u_backend/complete_prd_reg[1][0]/C","student_top_inst/Core_cpu/u_core/u_backend/u_execute/u_prf/regs_q_reg[27][7]/CE","clk_out2_pll","clk_out2_pll"
"387","-4.440","10.000","13.962","30","","student_top_inst/Core_cpu/u_core/u_backend/complete_prd_reg[1][0]/C","student_top_inst/Core_cpu/u_core/u_backend/u_execute/u_prf/regs_q_reg[27][7]/CE","clk_out2_pll","clk_out2_pll"
"388","-4.440","10.000","13.962","30","","student_top_inst/Core_cpu/u_core/u_backend/complete_prd_reg[1][0]/C","student_top_inst/Core_cpu/u_core/u_backend/u_execute/u_prf/regs_q_reg[27][7]/CE","clk_out2_pll","clk_out2_pll"
"389","-4.440","10.000","13.962","30","","student_top_inst/Core_cpu/u_core/u_backend/complete_prd_reg[1][0]/C","student_top_inst/Core_cpu/u_core/u_backend/u_execute/u_prf/regs_q_reg[27][7]/CE","clk_out2_pll","clk_out2_pll"
"390","-4.440","10.000","13.962","30","","student_top_inst/Core_cpu/u_core/u_backend/complete_prd_reg[1][0]/C","student_top_inst/Core_cpu/u_core/u_backend/u_execute/u_prf/regs_q_reg[27][7]/CE","clk_out2_pll","clk_out2_pll"
"391","-4.440","10.000","13.962","30","","student_top_inst/Core_cpu/u_core/u_backend/complete_prd_reg[1][0]/C","student_top_inst/Core_cpu/u_core/u_backend/u_execute/u_prf/regs_q_reg[27][7]/CE","clk_out2_pll","clk_out2_pll"
"392","-4.440","10.000","13.962","30","","student_top_inst/Core_cpu/u_core/u_backend/complete_prd_reg[1][0]/C","student_top_inst/Core_cpu/u_core/u_backend/u_execute/u_prf/regs_q_reg[27][7]/CE","clk_out2_pll","clk_out2_pll"
"393","-4.440","10.000","13.962","30","","student_top_inst/Core_cpu/u_core/u_backend/complete_prd_reg[1][0]/C","student_top_inst/Core_cpu/u_core/u_backend/u_execute/u_prf/regs_q_reg[27][7]/CE","clk_out2_pll","clk_out2_pll"
"394","-4.440","10.000","13.962","30","","student_top_inst/Core_cpu/u_core/u_backend/complete_prd_reg[1][0]/C","student_top_inst/Core_cpu/u_core/u_backend/u_execute/u_prf/regs_q_reg[27][7]/CE","clk_out2_pll","clk_out2_pll"
"395","-4.440","10.000","13.962","30","","student_top_inst/Core_cpu/u_core/u_backend/complete_prd_reg[1][0]/C","student_top_inst/Core_cpu/u_core/u_backend/u_execute/u_prf/regs_q_reg[27][7]/CE","clk_out2_pll","clk_out2_pll"
"396","-4.440","10.000","13.962","30","","student_top_inst/Core_cpu/u_core/u_backend/complete_prd_reg[1][0]/C","student_top_inst/Core_cpu/u_core/u_backend/u_execute/u_prf/regs_q_reg[27][7]/CE","clk_out2_pll","clk_out2_pll"
"397","-4.440","10.000","13.962","30","","student_top_inst/Core_cpu/u_core/u_backend/complete_prd_reg[1][0]/C","student_top_inst/Core_cpu/u_core/u_backend/u_execute/u_prf/regs_q_reg[27][7]/CE","clk_out2_pll","clk_out2_pll"
"398","-4.440","10.000","13.962","30","","student_top_inst/Core_cpu/u_core/u_backend/complete_prd_reg[1][0]/C","student_top_inst/Core_cpu/u_core/u_backend/u_execute/u_prf/regs_q_reg[27][7]/CE","clk_out2_pll","clk_out2_pll"
"399","-4.440","10.000","13.962","30","","student_top_inst/Core_cpu/u_core/u_backend/complete_prd_reg[1][0]/C","student_top_inst/Core_cpu/u_core/u_backend/u_execute/u_prf/regs_q_reg[27][7]/CE","clk_out2_pll","clk_out2_pll"
"400","-4.440","10.000","13.962","30","","student_top_inst/Core_cpu/u_core/u_backend/complete_prd_reg[1][0]/C","student_top_inst/Core_cpu/u_core/u_backend/u_execute/u_prf/regs_q_reg[27][7]/CE","clk_out2_pll","clk_out2_pll"
"401","-4.440","10.000","13.962","30","","student_top_inst/Core_cpu/u_core/u_backend/complete_prd_reg[1][0]/C","student_top_inst/Core_cpu/u_core/u_backend/u_execute/u_prf/regs_q_reg[27][7]/CE","clk_out2_pll","clk_out2_pll"
"402","-4.440","10.000","13.962","30","","student_top_inst/Core_cpu/u_core/u_backend/complete_prd_reg[1][0]/C","student_top_inst/Core_cpu/u_core/u_backend/u_execute/u_prf/regs_q_reg[27][7]/CE","clk_out2_pll","clk_out2_pll"
"403","-4.440","10.000","13.962","30","","student_top_inst/Core_cpu/u_core/u_backend/complete_prd_reg[1][0]/C","student_top_inst/Core_cpu/u_core/u_backend/u_execute/u_prf/regs_q_reg[27][7]/CE","clk_out2_pll","clk_out2_pll"
"404","-4.440","10.000","13.962","30","","student_top_inst/Core_cpu/u_core/u_backend/complete_prd_reg[1][0]/C","student_top_inst/Core_cpu/u_core/u_backend/u_execute/u_prf/regs_q_reg[27][7]/CE","clk_out2_pll","clk_out2_pll"
"405","-4.440","10.000","13.962","30","","student_top_inst/Core_cpu/u_core/u_backend/complete_prd_reg[1][0]/C","student_top_inst/Core_cpu/u_core/u_backend/u_execute/u_prf/regs_q_reg[27][7]/CE","clk_out2_pll","clk_out2_pll"
"406","-4.440","10.000","13.962","30","","student_top_inst/Core_cpu/u_core/u_backend/complete_prd_reg[1][0]/C","student_top_inst/Core_cpu/u_core/u_backend/u_execute/u_prf/regs_q_reg[27][7]/CE","clk_out2_pll","clk_out2_pll"
"407","-4.440","10.000","13.962","30","","student_top_inst/Core_cpu/u_core/u_backend/complete_prd_reg[1][0]/C","student_top_inst/Core_cpu/u_core/u_backend/u_execute/u_prf/regs_q_reg[27][7]/CE","clk_out2_pll","clk_out2_pll"
"408","-4.440","10.000","13.962","30","","student_top_inst/Core_cpu/u_core/u_backend/complete_prd_reg[1][0]/C","student_top_inst/Core_cpu/u_core/u_backend/u_execute/u_prf/regs_q_reg[27][7]/CE","clk_out2_pll","clk_out2_pll"
"409","-4.440","10.000","13.962","30","","student_top_inst/Core_cpu/u_core/u_backend/complete_prd_reg[1][0]/C","student_top_inst/Core_cpu/u_core/u_backend/u_execute/u_prf/regs_q_reg[27][7]/CE","clk_out2_pll","clk_out2_pll"
"410","-4.440","10.000","13.962","30","","student_top_inst/Core_cpu/u_core/u_backend/complete_prd_reg[1][0]/C","student_top_inst/Core_cpu/u_core/u_backend/u_execute/u_prf/regs_q_reg[27][7]/CE","clk_out2_pll","clk_out2_pll"
"411","-4.440","10.000","13.962","30","","student_top_inst/Core_cpu/u_core/u_backend/complete_prd_reg[1][0]/C","student_top_inst/Core_cpu/u_core/u_backend/u_execute/u_prf/regs_q_reg[27][7]/CE","clk_out2_pll","clk_out2_pll"
"412","-4.440","10.000","13.962","30","","student_top_inst/Core_cpu/u_core/u_backend/complete_prd_reg[1][0]/C","student_top_inst/Core_cpu/u_core/u_backend/u_execute/u_prf/regs_q_reg[27][7]/CE","clk_out2_pll","clk_out2_pll"
"413","-4.437","10.000","13.982","29","","student_top_inst/Core_cpu/u_core/u_backend/u_rename/srat_q_reg[15][0]/C","student_top_inst/Core_cpu/u_core/u_backend/u_int_iq/u_queue/entry_q_reg[0][uop][imm_b][16]/S","clk_out2_pll","clk_out2_pll"
"414","-4.437","10.000","13.982","29","","student_top_inst/Core_cpu/u_core/u_backend/u_rename/srat_q_reg[15][0]/C","student_top_inst/Core_cpu/u_core/u_backend/u_int_iq/u_queue/entry_q_reg[0][uop][imm_b][16]/S","clk_out2_pll","clk_out2_pll"
"415","-4.437","10.000","13.982","29","","student_top_inst/Core_cpu/u_core/u_backend/u_rename/srat_q_reg[15][0]/C","student_top_inst/Core_cpu/u_core/u_backend/u_int_iq/u_queue/entry_q_reg[0][uop][imm_b][26]/S","clk_out2_pll","clk_out2_pll"
"416","-4.437","10.000","13.982","29","","student_top_inst/Core_cpu/u_core/u_backend/u_rename/srat_q_reg[15][0]/C","student_top_inst/Core_cpu/u_core/u_backend/u_int_iq/u_queue/entry_q_reg[0][uop][imm_b][26]/S","clk_out2_pll","clk_out2_pll"
"417","-4.436","10.000","14.315","31","","student_top_inst/Core_cpu/u_core/u_backend/u_rename/srat_q_reg[15][2]/C","student_top_inst/Core_cpu/u_core/u_backend/u_int_iq/u_queue/entry_q_reg[0][src2_ready]/D","clk_out2_pll","clk_out2_pll"
"418","-4.436","10.000","14.315","31","","student_top_inst/Core_cpu/u_core/u_backend/u_rename/srat_q_reg[15][2]/C","student_top_inst/Core_cpu/u_core/u_backend/u_int_iq/u_queue/entry_q_reg[0][src2_ready]/D","clk_out2_pll","clk_out2_pll"
"419","-4.436","10.000","14.315","31","","student_top_inst/Core_cpu/u_core/u_backend/u_rename/srat_q_reg[15][2]/C","student_top_inst/Core_cpu/u_core/u_backend/u_int_iq/u_queue/entry_q_reg[0][src2_ready]/D","clk_out2_pll","clk_out2_pll"
"420","-4.436","10.000","14.315","31","","student_top_inst/Core_cpu/u_core/u_backend/u_rename/srat_q_reg[15][2]/C","student_top_inst/Core_cpu/u_core/u_backend/u_int_iq/u_queue/entry_q_reg[0][src2_ready]/D","clk_out2_pll","clk_out2_pll"
"421","-4.435","10.000","14.313","31","","student_top_inst/Core_cpu/u_core/u_backend/u_rename/srat_q_reg[15][0]/C","student_top_inst/Core_cpu/u_core/u_backend/u_int_iq/u_queue/entry_q_reg[0][src2_ready]/D","clk_out2_pll","clk_out2_pll"
"422","-4.435","10.000","14.313","31","","student_top_inst/Core_cpu/u_core/u_backend/u_rename/srat_q_reg[15][0]/C","student_top_inst/Core_cpu/u_core/u_backend/u_int_iq/u_queue/entry_q_reg[0][src2_ready]/D","clk_out2_pll","clk_out2_pll"
"423","-4.435","10.000","14.313","31","","student_top_inst/Core_cpu/u_core/u_backend/u_rename/srat_q_reg[15][0]/C","student_top_inst/Core_cpu/u_core/u_backend/u_int_iq/u_queue/entry_q_reg[0][src2_ready]/D","clk_out2_pll","clk_out2_pll"
"424","-4.435","10.000","14.313","31","","student_top_inst/Core_cpu/u_core/u_backend/u_rename/srat_q_reg[15][0]/C","student_top_inst/Core_cpu/u_core/u_backend/u_int_iq/u_queue/entry_q_reg[0][src2_ready]/D","clk_out2_pll","clk_out2_pll"
"425","-4.433","10.000","13.866","31","","student_top_inst/Core_cpu/u_core/u_backend/complete_prd_reg[1][0]/C","student_top_inst/Core_cpu/u_core/u_backend/u_execute/u_prf/regs_q_reg[8][20]/CE","clk_out2_pll","clk_out2_pll"
"426","-4.433","10.000","13.866","31","","student_top_inst/Core_cpu/u_core/u_backend/complete_prd_reg[1][0]/C","student_top_inst/Core_cpu/u_core/u_backend/u_execute/u_prf/regs_q_reg[8][20]/CE","clk_out2_pll","clk_out2_pll"
"427","-4.433","10.000","13.866","31","","student_top_inst/Core_cpu/u_core/u_backend/complete_prd_reg[1][0]/C","student_top_inst/Core_cpu/u_core/u_backend/u_execute/u_prf/regs_q_reg[8][20]/CE","clk_out2_pll","clk_out2_pll"
"428","-4.433","10.000","13.866","31","","student_top_inst/Core_cpu/u_core/u_backend/complete_prd_reg[1][0]/C","student_top_inst/Core_cpu/u_core/u_backend/u_execute/u_prf/regs_q_reg[8][20]/CE","clk_out2_pll","clk_out2_pll"
"429","-4.433","10.000","13.866","31","","student_top_inst/Core_cpu/u_core/u_backend/complete_prd_reg[1][0]/C","student_top_inst/Core_cpu/u_core/u_backend/u_execute/u_prf/regs_q_reg[8][20]/CE","clk_out2_pll","clk_out2_pll"
"430","-4.433","10.000","13.866","31","","student_top_inst/Core_cpu/u_core/u_backend/complete_prd_reg[1][0]/C","student_top_inst/Core_cpu/u_core/u_backend/u_execute/u_prf/regs_q_reg[8][20]/CE","clk_out2_pll","clk_out2_pll"
"431","-4.433","10.000","13.866","31","","student_top_inst/Core_cpu/u_core/u_backend/complete_prd_reg[1][0]/C","student_top_inst/Core_cpu/u_core/u_backend/u_execute/u_prf/regs_q_reg[8][20]/CE","clk_out2_pll","clk_out2_pll"
"432","-4.433","10.000","13.866","31","","student_top_inst/Core_cpu/u_core/u_backend/complete_prd_reg[1][0]/C","student_top_inst/Core_cpu/u_core/u_backend/u_execute/u_prf/regs_q_reg[8][20]/CE","clk_out2_pll","clk_out2_pll"
"433","-4.433","10.000","13.866","31","","student_top_inst/Core_cpu/u_core/u_backend/complete_prd_reg[1][0]/C","student_top_inst/Core_cpu/u_core/u_backend/u_execute/u_prf/regs_q_reg[8][20]/CE","clk_out2_pll","clk_out2_pll"
"434","-4.433","10.000","13.866","31","","student_top_inst/Core_cpu/u_core/u_backend/complete_prd_reg[1][0]/C","student_top_inst/Core_cpu/u_core/u_backend/u_execute/u_prf/regs_q_reg[8][20]/CE","clk_out2_pll","clk_out2_pll"
"435","-4.433","10.000","13.866","31","","student_top_inst/Core_cpu/u_core/u_backend/complete_prd_reg[1][0]/C","student_top_inst/Core_cpu/u_core/u_backend/u_execute/u_prf/regs_q_reg[8][20]/CE","clk_out2_pll","clk_out2_pll"
"436","-4.433","10.000","13.866","31","","student_top_inst/Core_cpu/u_core/u_backend/complete_prd_reg[1][0]/C","student_top_inst/Core_cpu/u_core/u_backend/u_execute/u_prf/regs_q_reg[8][20]/CE","clk_out2_pll","clk_out2_pll"
"437","-4.433","10.000","13.866","31","","student_top_inst/Core_cpu/u_core/u_backend/complete_prd_reg[1][0]/C","student_top_inst/Core_cpu/u_core/u_backend/u_execute/u_prf/regs_q_reg[8][20]/CE","clk_out2_pll","clk_out2_pll"
"438","-4.433","10.000","13.866","31","","student_top_inst/Core_cpu/u_core/u_backend/complete_prd_reg[1][0]/C","student_top_inst/Core_cpu/u_core/u_backend/u_execute/u_prf/regs_q_reg[8][20]/CE","clk_out2_pll","clk_out2_pll"
"439","-4.433","10.000","13.866","31","","student_top_inst/Core_cpu/u_core/u_backend/complete_prd_reg[1][0]/C","student_top_inst/Core_cpu/u_core/u_backend/u_execute/u_prf/regs_q_reg[8][20]/CE","clk_out2_pll","clk_out2_pll"
"440","-4.433","10.000","13.866","31","","student_top_inst/Core_cpu/u_core/u_backend/complete_prd_reg[1][0]/C","student_top_inst/Core_cpu/u_core/u_backend/u_execute/u_prf/regs_q_reg[8][20]/CE","clk_out2_pll","clk_out2_pll"
"441","-4.433","10.000","13.866","31","","student_top_inst/Core_cpu/u_core/u_backend/complete_prd_reg[1][0]/C","student_top_inst/Core_cpu/u_core/u_backend/u_execute/u_prf/regs_q_reg[8][20]/CE","clk_out2_pll","clk_out2_pll"
"442","-4.433","10.000","13.866","31","","student_top_inst/Core_cpu/u_core/u_backend/complete_prd_reg[1][0]/C","student_top_inst/Core_cpu/u_core/u_backend/u_execute/u_prf/regs_q_reg[8][20]/CE","clk_out2_pll","clk_out2_pll"
"443","-4.433","10.000","13.866","31","","student_top_inst/Core_cpu/u_core/u_backend/complete_prd_reg[1][0]/C","student_top_inst/Core_cpu/u_core/u_backend/u_execute/u_prf/regs_q_reg[8][20]/CE","clk_out2_pll","clk_out2_pll"
"444","-4.433","10.000","13.866","31","","student_top_inst/Core_cpu/u_core/u_backend/complete_prd_reg[1][0]/C","student_top_inst/Core_cpu/u_core/u_backend/u_execute/u_prf/regs_q_reg[8][20]/CE","clk_out2_pll","clk_out2_pll"
"445","-4.433","10.000","13.866","31","","student_top_inst/Core_cpu/u_core/u_backend/complete_prd_reg[1][0]/C","student_top_inst/Core_cpu/u_core/u_backend/u_execute/u_prf/regs_q_reg[8][20]/CE","clk_out2_pll","clk_out2_pll"
"446","-4.433","10.000","13.866","31","","student_top_inst/Core_cpu/u_core/u_backend/complete_prd_reg[1][0]/C","student_top_inst/Core_cpu/u_core/u_backend/u_execute/u_prf/regs_q_reg[8][20]/CE","clk_out2_pll","clk_out2_pll"
"447","-4.433","10.000","13.866","31","","student_top_inst/Core_cpu/u_core/u_backend/complete_prd_reg[1][0]/C","student_top_inst/Core_cpu/u_core/u_backend/u_execute/u_prf/regs_q_reg[8][20]/CE","clk_out2_pll","clk_out2_pll"
"448","-4.433","10.000","13.866","31","","student_top_inst/Core_cpu/u_core/u_backend/complete_prd_reg[1][0]/C","student_top_inst/Core_cpu/u_core/u_backend/u_execute/u_prf/regs_q_reg[8][20]/CE","clk_out2_pll","clk_out2_pll"
"449","-4.433","10.000","13.866","31","","student_top_inst/Core_cpu/u_core/u_backend/complete_prd_reg[1][0]/C","student_top_inst/Core_cpu/u_core/u_backend/u_execute/u_prf/regs_q_reg[8][20]/CE","clk_out2_pll","clk_out2_pll"
"450","-4.433","10.000","13.866","31","","student_top_inst/Core_cpu/u_core/u_backend/complete_prd_reg[1][0]/C","student_top_inst/Core_cpu/u_core/u_backend/u_execute/u_prf/regs_q_reg[8][20]/CE","clk_out2_pll","clk_out2_pll"
"451","-4.433","10.000","13.866","31","","student_top_inst/Core_cpu/u_core/u_backend/complete_prd_reg[1][0]/C","student_top_inst/Core_cpu/u_core/u_backend/u_execute/u_prf/regs_q_reg[8][20]/CE","clk_out2_pll","clk_out2_pll"
"452","-4.433","10.000","13.866","31","","student_top_inst/Core_cpu/u_core/u_backend/complete_prd_reg[1][0]/C","student_top_inst/Core_cpu/u_core/u_backend/u_execute/u_prf/regs_q_reg[8][20]/CE","clk_out2_pll","clk_out2_pll"
"453","-4.433","10.000","13.866","31","","student_top_inst/Core_cpu/u_core/u_backend/complete_prd_reg[1][0]/C","student_top_inst/Core_cpu/u_core/u_backend/u_execute/u_prf/regs_q_reg[8][20]/CE","clk_out2_pll","clk_out2_pll"
"454","-4.433","10.000","13.866","31","","student_top_inst/Core_cpu/u_core/u_backend/complete_prd_reg[1][0]/C","student_top_inst/Core_cpu/u_core/u_backend/u_execute/u_prf/regs_q_reg[8][20]/CE","clk_out2_pll","clk_out2_pll"
"455","-4.433","10.000","13.866","31","","student_top_inst/Core_cpu/u_core/u_backend/complete_prd_reg[1][0]/C","student_top_inst/Core_cpu/u_core/u_backend/u_execute/u_prf/regs_q_reg[8][20]/CE","clk_out2_pll","clk_out2_pll"
"456","-4.433","10.000","13.866","31","","student_top_inst/Core_cpu/u_core/u_backend/complete_prd_reg[1][0]/C","student_top_inst/Core_cpu/u_core/u_backend/u_execute/u_prf/regs_q_reg[8][20]/CE","clk_out2_pll","clk_out2_pll"
"457","-4.433","10.000","13.866","31","","student_top_inst/Core_cpu/u_core/u_backend/complete_prd_reg[1][0]/C","student_top_inst/Core_cpu/u_core/u_backend/u_execute/u_prf/regs_q_reg[8][20]/CE","clk_out2_pll","clk_out2_pll"
"458","-4.433","10.000","13.866","31","","student_top_inst/Core_cpu/u_core/u_backend/complete_prd_reg[1][0]/C","student_top_inst/Core_cpu/u_core/u_backend/u_execute/u_prf/regs_q_reg[8][20]/CE","clk_out2_pll","clk_out2_pll"
"459","-4.433","10.000","13.866","31","","student_top_inst/Core_cpu/u_core/u_backend/complete_prd_reg[1][0]/C","student_top_inst/Core_cpu/u_core/u_backend/u_execute/u_prf/regs_q_reg[8][20]/CE","clk_out2_pll","clk_out2_pll"
"460","-4.433","10.000","13.866","31","","student_top_inst/Core_cpu/u_core/u_backend/complete_prd_reg[1][0]/C","student_top_inst/Core_cpu/u_core/u_backend/u_execute/u_prf/regs_q_reg[8][20]/CE","clk_out2_pll","clk_out2_pll"
"461","-4.433","10.000","13.866","31","","student_top_inst/Core_cpu/u_core/u_backend/complete_prd_reg[1][0]/C","student_top_inst/Core_cpu/u_core/u_backend/u_execute/u_prf/regs_q_reg[8][20]/CE","clk_out2_pll","clk_out2_pll"
"462","-4.433","10.000","13.866","31","","student_top_inst/Core_cpu/u_core/u_backend/complete_prd_reg[1][0]/C","student_top_inst/Core_cpu/u_core/u_backend/u_execute/u_prf/regs_q_reg[8][20]/CE","clk_out2_pll","clk_out2_pll"
"463","-4.433","10.000","13.866","31","","student_top_inst/Core_cpu/u_core/u_backend/complete_prd_reg[1][0]/C","student_top_inst/Core_cpu/u_core/u_backend/u_execute/u_prf/regs_q_reg[8][20]/CE","clk_out2_pll","clk_out2_pll"
"464","-4.433","10.000","13.866","31","","student_top_inst/Core_cpu/u_core/u_backend/complete_prd_reg[1][0]/C","student_top_inst/Core_cpu/u_core/u_backend/u_execute/u_prf/regs_q_reg[8][20]/CE","clk_out2_pll","clk_out2_pll"
"465","-4.433","10.000","13.866","31","","student_top_inst/Core_cpu/u_core/u_backend/complete_prd_reg[1][0]/C","student_top_inst/Core_cpu/u_core/u_backend/u_execute/u_prf/regs_q_reg[8][20]/CE","clk_out2_pll","clk_out2_pll"
"466","-4.433","10.000","13.866","31","","student_top_inst/Core_cpu/u_core/u_backend/complete_prd_reg[1][0]/C","student_top_inst/Core_cpu/u_core/u_backend/u_execute/u_prf/regs_q_reg[8][20]/CE","clk_out2_pll","clk_out2_pll"
"467","-4.433","10.000","13.866","31","","student_top_inst/Core_cpu/u_core/u_backend/complete_prd_reg[1][0]/C","student_top_inst/Core_cpu/u_core/u_backend/u_execute/u_prf/regs_q_reg[8][20]/CE","clk_out2_pll","clk_out2_pll"
"468","-4.433","10.000","13.866","31","","student_top_inst/Core_cpu/u_core/u_backend/complete_prd_reg[1][0]/C","student_top_inst/Core_cpu/u_core/u_backend/u_execute/u_prf/regs_q_reg[8][20]/CE","clk_out2_pll","clk_out2_pll"
"469","-4.433","10.000","13.866","31","","student_top_inst/Core_cpu/u_core/u_backend/complete_prd_reg[1][0]/C","student_top_inst/Core_cpu/u_core/u_backend/u_execute/u_prf/regs_q_reg[8][20]/CE","clk_out2_pll","clk_out2_pll"
"470","-4.433","10.000","13.866","31","","student_top_inst/Core_cpu/u_core/u_backend/complete_prd_reg[1][0]/C","student_top_inst/Core_cpu/u_core/u_backend/u_execute/u_prf/regs_q_reg[8][20]/CE","clk_out2_pll","clk_out2_pll"
"471","-4.433","10.000","13.866","31","","student_top_inst/Core_cpu/u_core/u_backend/complete_prd_reg[1][0]/C","student_top_inst/Core_cpu/u_core/u_backend/u_execute/u_prf/regs_q_reg[8][20]/CE","clk_out2_pll","clk_out2_pll"
"472","-4.433","10.000","13.866","31","","student_top_inst/Core_cpu/u_core/u_backend/complete_prd_reg[1][0]/C","student_top_inst/Core_cpu/u_core/u_backend/u_execute/u_prf/regs_q_reg[8][20]/CE","clk_out2_pll","clk_out2_pll"
"473","-4.433","10.000","13.866","31","","student_top_inst/Core_cpu/u_core/u_backend/complete_prd_reg[1][0]/C","student_top_inst/Core_cpu/u_core/u_backend/u_execute/u_prf/regs_q_reg[8][20]/CE","clk_out2_pll","clk_out2_pll"
"474","-4.433","10.000","13.866","31","","student_top_inst/Core_cpu/u_core/u_backend/complete_prd_reg[1][0]/C","student_top_inst/Core_cpu/u_core/u_backend/u_execute/u_prf/regs_q_reg[8][20]/CE","clk_out2_pll","clk_out2_pll"
"475","-4.433","10.000","13.866","31","","student_top_inst/Core_cpu/u_core/u_backend/complete_prd_reg[1][0]/C","student_top_inst/Core_cpu/u_core/u_backend/u_execute/u_prf/regs_q_reg[8][20]/CE","clk_out2_pll","clk_out2_pll"
"476","-4.433","10.000","13.866","31","","student_top_inst/Core_cpu/u_core/u_backend/complete_prd_reg[1][0]/C","student_top_inst/Core_cpu/u_core/u_backend/u_execute/u_prf/regs_q_reg[8][20]/CE","clk_out2_pll","clk_out2_pll"
"477","-4.433","10.000","13.866","31","","student_top_inst/Core_cpu/u_core/u_backend/complete_prd_reg[1][0]/C","student_top_inst/Core_cpu/u_core/u_backend/u_execute/u_prf/regs_q_reg[8][20]/CE","clk_out2_pll","clk_out2_pll"
"478","-4.433","10.000","13.866","31","","student_top_inst/Core_cpu/u_core/u_backend/complete_prd_reg[1][0]/C","student_top_inst/Core_cpu/u_core/u_backend/u_execute/u_prf/regs_q_reg[8][20]/CE","clk_out2_pll","clk_out2_pll"
"479","-4.433","10.000","13.866","31","","student_top_inst/Core_cpu/u_core/u_backend/complete_prd_reg[1][0]/C","student_top_inst/Core_cpu/u_core/u_backend/u_execute/u_prf/regs_q_reg[8][20]/CE","clk_out2_pll","clk_out2_pll"
"480","-4.433","10.000","13.866","31","","student_top_inst/Core_cpu/u_core/u_backend/complete_prd_reg[1][0]/C","student_top_inst/Core_cpu/u_core/u_backend/u_execute/u_prf/regs_q_reg[8][20]/CE","clk_out2_pll","clk_out2_pll"
"481","-4.433","10.000","13.866","31","","student_top_inst/Core_cpu/u_core/u_backend/complete_prd_reg[1][0]/C","student_top_inst/Core_cpu/u_core/u_backend/u_execute/u_prf/regs_q_reg[8][20]/CE","clk_out2_pll","clk_out2_pll"
"482","-4.433","10.000","13.866","31","","student_top_inst/Core_cpu/u_core/u_backend/complete_prd_reg[1][0]/C","student_top_inst/Core_cpu/u_core/u_backend/u_execute/u_prf/regs_q_reg[8][20]/CE","clk_out2_pll","clk_out2_pll"
"483","-4.433","10.000","13.866","31","","student_top_inst/Core_cpu/u_core/u_backend/complete_prd_reg[1][0]/C","student_top_inst/Core_cpu/u_core/u_backend/u_execute/u_prf/regs_q_reg[8][20]/CE","clk_out2_pll","clk_out2_pll"
"484","-4.433","10.000","13.866","31","","student_top_inst/Core_cpu/u_core/u_backend/complete_prd_reg[1][0]/C","student_top_inst/Core_cpu/u_core/u_backend/u_execute/u_prf/regs_q_reg[8][20]/CE","clk_out2_pll","clk_out2_pll"
"485","-4.433","10.000","13.866","31","","student_top_inst/Core_cpu/u_core/u_backend/complete_prd_reg[1][0]/C","student_top_inst/Core_cpu/u_core/u_backend/u_execute/u_prf/regs_q_reg[8][20]/CE","clk_out2_pll","clk_out2_pll"
"486","-4.433","10.000","13.866","31","","student_top_inst/Core_cpu/u_core/u_backend/complete_prd_reg[1][0]/C","student_top_inst/Core_cpu/u_core/u_backend/u_execute/u_prf/regs_q_reg[8][20]/CE","clk_out2_pll","clk_out2_pll"
"487","-4.433","10.000","13.866","31","","student_top_inst/Core_cpu/u_core/u_backend/complete_prd_reg[1][0]/C","student_top_inst/Core_cpu/u_core/u_backend/u_execute/u_prf/regs_q_reg[8][20]/CE","clk_out2_pll","clk_out2_pll"
"488","-4.433","10.000","13.866","31","","student_top_inst/Core_cpu/u_core/u_backend/complete_prd_reg[1][0]/C","student_top_inst/Core_cpu/u_core/u_backend/u_execute/u_prf/regs_q_reg[8][20]/CE","clk_out2_pll","clk_out2_pll"
"489","-4.433","10.000","13.866","31","","student_top_inst/Core_cpu/u_core/u_backend/complete_prd_reg[1][0]/C","student_top_inst/Core_cpu/u_core/u_backend/u_execute/u_prf/regs_q_reg[8][20]/CE","clk_out2_pll","clk_out2_pll"
"490","-4.433","10.000","13.866","31","","student_top_inst/Core_cpu/u_core/u_backend/complete_prd_reg[1][0]/C","student_top_inst/Core_cpu/u_core/u_backend/u_execute/u_prf/regs_q_reg[8][20]/CE","clk_out2_pll","clk_out2_pll"
"491","-4.433","10.000","13.866","31","","student_top_inst/Core_cpu/u_core/u_backend/complete_prd_reg[1][0]/C","student_top_inst/Core_cpu/u_core/u_backend/u_execute/u_prf/regs_q_reg[8][20]/CE","clk_out2_pll","clk_out2_pll"
"492","-4.433","10.000","13.866","31","","student_top_inst/Core_cpu/u_core/u_backend/complete_prd_reg[1][0]/C","student_top_inst/Core_cpu/u_core/u_backend/u_execute/u_prf/regs_q_reg[8][20]/CE","clk_out2_pll","clk_out2_pll"
"493","-4.433","10.000","13.866","31","","student_top_inst/Core_cpu/u_core/u_backend/complete_prd_reg[1][0]/C","student_top_inst/Core_cpu/u_core/u_backend/u_execute/u_prf/regs_q_reg[8][20]/CE","clk_out2_pll","clk_out2_pll"
"494","-4.433","10.000","13.866","31","","student_top_inst/Core_cpu/u_core/u_backend/complete_prd_reg[1][0]/C","student_top_inst/Core_cpu/u_core/u_backend/u_execute/u_prf/regs_q_reg[8][20]/CE","clk_out2_pll","clk_out2_pll"
"495","-4.433","10.000","13.866","31","","student_top_inst/Core_cpu/u_core/u_backend/complete_prd_reg[1][0]/C","student_top_inst/Core_cpu/u_core/u_backend/u_execute/u_prf/regs_q_reg[8][20]/CE","clk_out2_pll","clk_out2_pll"
"496","-4.433","10.000","13.866","31","","student_top_inst/Core_cpu/u_core/u_backend/complete_prd_reg[1][0]/C","student_top_inst/Core_cpu/u_core/u_backend/u_execute/u_prf/regs_q_reg[8][20]/CE","clk_out2_pll","clk_out2_pll"
"497","-4.433","10.000","13.866","31","","student_top_inst/Core_cpu/u_core/u_backend/complete_prd_reg[1][0]/C","student_top_inst/Core_cpu/u_core/u_backend/u_execute/u_prf/regs_q_reg[8][20]/CE","clk_out2_pll","clk_out2_pll"
"498","-4.433","10.000","13.866","31","","student_top_inst/Core_cpu/u_core/u_backend/complete_prd_reg[1][0]/C","student_top_inst/Core_cpu/u_core/u_backend/u_execute/u_prf/regs_q_reg[8][20]/CE","clk_out2_pll","clk_out2_pll"
"499","-4.433","10.000","13.866","31","","student_top_inst/Core_cpu/u_core/u_backend/complete_prd_reg[1][0]/C","student_top_inst/Core_cpu/u_core/u_backend/u_execute/u_prf/regs_q_reg[8][20]/CE","clk_out2_pll","clk_out2_pll"
"500","-4.433","10.000","13.866","31","","student_top_inst/Core_cpu/u_core/u_backend/complete_prd_reg[1][0]/C","student_top_inst/Core_cpu/u_core/u_backend/u_execute/u_prf/regs_q_reg[8][20]/CE","clk_out2_pll","clk_out2_pll"
"501","-4.433","10.000","13.866","31","","student_top_inst/Core_cpu/u_core/u_backend/complete_prd_reg[1][0]/C","student_top_inst/Core_cpu/u_core/u_backend/u_execute/u_prf/regs_q_reg[8][20]/CE","clk_out2_pll","clk_out2_pll"
"502","-4.433","10.000","13.866","31","","student_top_inst/Core_cpu/u_core/u_backend/complete_prd_reg[1][0]/C","student_top_inst/Core_cpu/u_core/u_backend/u_execute/u_prf/regs_q_reg[8][20]/CE","clk_out2_pll","clk_out2_pll"
"503","-4.433","10.000","13.866","31","","student_top_inst/Core_cpu/u_core/u_backend/complete_prd_reg[1][0]/C","student_top_inst/Core_cpu/u_core/u_backend/u_execute/u_prf/regs_q_reg[8][20]/CE","clk_out2_pll","clk_out2_pll"
"504","-4.433","10.000","13.866","31","","student_top_inst/Core_cpu/u_core/u_backend/complete_prd_reg[1][0]/C","student_top_inst/Core_cpu/u_core/u_backend/u_execute/u_prf/regs_q_reg[8][20]/CE","clk_out2_pll","clk_out2_pll"
"505","-4.433","10.000","13.866","31","","student_top_inst/Core_cpu/u_core/u_backend/complete_prd_reg[1][0]/C","student_top_inst/Core_cpu/u_core/u_backend/u_execute/u_prf/regs_q_reg[8][20]/CE","clk_out2_pll","clk_out2_pll"
"506","-4.433","10.000","13.866","31","","student_top_inst/Core_cpu/u_core/u_backend/complete_prd_reg[1][0]/C","student_top_inst/Core_cpu/u_core/u_backend/u_execute/u_prf/regs_q_reg[8][20]/CE","clk_out2_pll","clk_out2_pll"
"507","-4.433","10.000","13.866","31","","student_top_inst/Core_cpu/u_core/u_backend/complete_prd_reg[1][0]/C","student_top_inst/Core_cpu/u_core/u_backend/u_execute/u_prf/regs_q_reg[8][20]/CE","clk_out2_pll","clk_out2_pll"
"508","-4.433","10.000","13.866","31","","student_top_inst/Core_cpu/u_core/u_backend/complete_prd_reg[1][0]/C","student_top_inst/Core_cpu/u_core/u_backend/u_execute/u_prf/regs_q_reg[8][20]/CE","clk_out2_pll","clk_out2_pll"
"509","-4.433","10.000","13.866","31","","student_top_inst/Core_cpu/u_core/u_backend/complete_prd_reg[1][0]/C","student_top_inst/Core_cpu/u_core/u_backend/u_execute/u_prf/regs_q_reg[8][20]/CE","clk_out2_pll","clk_out2_pll"
"510","-4.433","10.000","13.866","31","","student_top_inst/Core_cpu/u_core/u_backend/complete_prd_reg[1][0]/C","student_top_inst/Core_cpu/u_core/u_backend/u_execute/u_prf/regs_q_reg[8][20]/CE","clk_out2_pll","clk_out2_pll"
"511","-4.433","10.000","13.866","31","","student_top_inst/Core_cpu/u_core/u_backend/complete_prd_reg[1][0]/C","student_top_inst/Core_cpu/u_core/u_backend/u_execute/u_prf/regs_q_reg[8][20]/CE","clk_out2_pll","clk_out2_pll"
"512","-4.433","10.000","13.866","31","","student_top_inst/Core_cpu/u_core/u_backend/complete_prd_reg[1][0]/C","student_top_inst/Core_cpu/u_core/u_backend/u_execute/u_prf/regs_q_reg[8][20]/CE","clk_out2_pll","clk_out2_pll"
"513","-4.433","10.000","13.866","31","","student_top_inst/Core_cpu/u_core/u_backend/complete_prd_reg[1][0]/C","student_top_inst/Core_cpu/u_core/u_backend/u_execute/u_prf/regs_q_reg[8][20]/CE","clk_out2_pll","clk_out2_pll"
"514","-4.433","10.000","13.866","31","","student_top_inst/Core_cpu/u_core/u_backend/complete_prd_reg[1][0]/C","student_top_inst/Core_cpu/u_core/u_backend/u_execute/u_prf/regs_q_reg[8][20]/CE","clk_out2_pll","clk_out2_pll"
"515","-4.433","10.000","13.866","31","","student_top_inst/Core_cpu/u_core/u_backend/complete_prd_reg[1][0]/C","student_top_inst/Core_cpu/u_core/u_backend/u_execute/u_prf/regs_q_reg[8][20]/CE","clk_out2_pll","clk_out2_pll"
"516","-4.433","10.000","13.866","31","","student_top_inst/Core_cpu/u_core/u_backend/complete_prd_reg[1][0]/C","student_top_inst/Core_cpu/u_core/u_backend/u_execute/u_prf/regs_q_reg[8][20]/CE","clk_out2_pll","clk_out2_pll"
"517","-4.433","10.000","13.866","31","","student_top_inst/Core_cpu/u_core/u_backend/complete_prd_reg[1][0]/C","student_top_inst/Core_cpu/u_core/u_backend/u_execute/u_prf/regs_q_reg[8][20]/CE","clk_out2_pll","clk_out2_pll"
"518","-4.433","10.000","13.866","31","","student_top_inst/Core_cpu/u_core/u_backend/complete_prd_reg[1][0]/C","student_top_inst/Core_cpu/u_core/u_backend/u_execute/u_prf/regs_q_reg[8][20]/CE","clk_out2_pll","clk_out2_pll"
"519","-4.433","10.000","13.866","31","","student_top_inst/Core_cpu/u_core/u_backend/complete_prd_reg[1][0]/C","student_top_inst/Core_cpu/u_core/u_backend/u_execute/u_prf/regs_q_reg[8][20]/CE","clk_out2_pll","clk_out2_pll"
"520","-4.433","10.000","13.866","31","","student_top_inst/Core_cpu/u_core/u_backend/complete_prd_reg[1][0]/C","student_top_inst/Core_cpu/u_core/u_backend/u_execute/u_prf/regs_q_reg[8][20]/CE","clk_out2_pll","clk_out2_pll"
"521","-4.433","10.000","13.866","31","","student_top_inst/Core_cpu/u_core/u_backend/complete_prd_reg[1][0]/C","student_top_inst/Core_cpu/u_core/u_backend/u_execute/u_prf/regs_q_reg[8][20]/CE","clk_out2_pll","clk_out2_pll"
"522","-4.433","10.000","13.866","31","","student_top_inst/Core_cpu/u_core/u_backend/complete_prd_reg[1][0]/C","student_top_inst/Core_cpu/u_core/u_backend/u_execute/u_prf/regs_q_reg[8][20]/CE","clk_out2_pll","clk_out2_pll"
"523","-4.433","10.000","13.866","31","","student_top_inst/Core_cpu/u_core/u_backend/complete_prd_reg[1][0]/C","student_top_inst/Core_cpu/u_core/u_backend/u_execute/u_prf/regs_q_reg[8][20]/CE","clk_out2_pll","clk_out2_pll"
"524","-4.433","10.000","13.866","31","","student_top_inst/Core_cpu/u_core/u_backend/complete_prd_reg[1][0]/C","student_top_inst/Core_cpu/u_core/u_backend/u_execute/u_prf/regs_q_reg[8][20]/CE","clk_out2_pll","clk_out2_pll"
"525","-4.433","10.000","13.866","31","","student_top_inst/Core_cpu/u_core/u_backend/complete_prd_reg[1][0]/C","student_top_inst/Core_cpu/u_core/u_backend/u_execute/u_prf/regs_q_reg[8][3]/CE","clk_out2_pll","clk_out2_pll"
"526","-4.433","10.000","13.866","31","","student_top_inst/Core_cpu/u_core/u_backend/complete_prd_reg[1][0]/C","student_top_inst/Core_cpu/u_core/u_backend/u_execute/u_prf/regs_q_reg[8][3]/CE","clk_out2_pll","clk_out2_pll"
"527","-4.433","10.000","13.866","31","","student_top_inst/Core_cpu/u_core/u_backend/complete_prd_reg[1][0]/C","student_top_inst/Core_cpu/u_core/u_backend/u_execute/u_prf/regs_q_reg[8][3]/CE","clk_out2_pll","clk_out2_pll"
"528","-4.433","10.000","13.866","31","","student_top_inst/Core_cpu/u_core/u_backend/complete_prd_reg[1][0]/C","student_top_inst/Core_cpu/u_core/u_backend/u_execute/u_prf/regs_q_reg[8][3]/CE","clk_out2_pll","clk_out2_pll"
"529","-4.433","10.000","13.866","31","","student_top_inst/Core_cpu/u_core/u_backend/complete_prd_reg[1][0]/C","student_top_inst/Core_cpu/u_core/u_backend/u_execute/u_prf/regs_q_reg[8][3]/CE","clk_out2_pll","clk_out2_pll"
"530","-4.433","10.000","13.866","31","","student_top_inst/Core_cpu/u_core/u_backend/complete_prd_reg[1][0]/C","student_top_inst/Core_cpu/u_core/u_backend/u_execute/u_prf/regs_q_reg[8][3]/CE","clk_out2_pll","clk_out2_pll"
"531","-4.433","10.000","13.866","31","","student_top_inst/Core_cpu/u_core/u_backend/complete_prd_reg[1][0]/C","student_top_inst/Core_cpu/u_core/u_backend/u_execute/u_prf/regs_q_reg[8][3]/CE","clk_out2_pll","clk_out2_pll"
"532","-4.433","10.000","13.866","31","","student_top_inst/Core_cpu/u_core/u_backend/complete_prd_reg[1][0]/C","student_top_inst/Core_cpu/u_core/u_backend/u_execute/u_prf/regs_q_reg[8][3]/CE","clk_out2_pll","clk_out2_pll"
"533","-4.433","10.000","13.866","31","","student_top_inst/Core_cpu/u_core/u_backend/complete_prd_reg[1][0]/C","student_top_inst/Core_cpu/u_core/u_backend/u_execute/u_prf/regs_q_reg[8][3]/CE","clk_out2_pll","clk_out2_pll"
"534","-4.433","10.000","13.866","31","","student_top_inst/Core_cpu/u_core/u_backend/complete_prd_reg[1][0]/C","student_top_inst/Core_cpu/u_core/u_backend/u_execute/u_prf/regs_q_reg[8][3]/CE","clk_out2_pll","clk_out2_pll"
"535","-4.433","10.000","13.866","31","","student_top_inst/Core_cpu/u_core/u_backend/complete_prd_reg[1][0]/C","student_top_inst/Core_cpu/u_core/u_backend/u_execute/u_prf/regs_q_reg[8][3]/CE","clk_out2_pll","clk_out2_pll"
"536","-4.433","10.000","13.866","31","","student_top_inst/Core_cpu/u_core/u_backend/complete_prd_reg[1][0]/C","student_top_inst/Core_cpu/u_core/u_backend/u_execute/u_prf/regs_q_reg[8][3]/CE","clk_out2_pll","clk_out2_pll"
"537","-4.433","10.000","13.866","31","","student_top_inst/Core_cpu/u_core/u_backend/complete_prd_reg[1][0]/C","student_top_inst/Core_cpu/u_core/u_backend/u_execute/u_prf/regs_q_reg[8][3]/CE","clk_out2_pll","clk_out2_pll"
"538","-4.433","10.000","13.866","31","","student_top_inst/Core_cpu/u_core/u_backend/complete_prd_reg[1][0]/C","student_top_inst/Core_cpu/u_core/u_backend/u_execute/u_prf/regs_q_reg[8][3]/CE","clk_out2_pll","clk_out2_pll"
"539","-4.433","10.000","13.866","31","","student_top_inst/Core_cpu/u_core/u_backend/complete_prd_reg[1][0]/C","student_top_inst/Core_cpu/u_core/u_backend/u_execute/u_prf/regs_q_reg[8][3]/CE","clk_out2_pll","clk_out2_pll"
"540","-4.433","10.000","13.866","31","","student_top_inst/Core_cpu/u_core/u_backend/complete_prd_reg[1][0]/C","student_top_inst/Core_cpu/u_core/u_backend/u_execute/u_prf/regs_q_reg[8][3]/CE","clk_out2_pll","clk_out2_pll"
"541","-4.433","10.000","13.866","31","","student_top_inst/Core_cpu/u_core/u_backend/complete_prd_reg[1][0]/C","student_top_inst/Core_cpu/u_core/u_backend/u_execute/u_prf/regs_q_reg[8][3]/CE","clk_out2_pll","clk_out2_pll"
"542","-4.433","10.000","13.866","31","","student_top_inst/Core_cpu/u_core/u_backend/complete_prd_reg[1][0]/C","student_top_inst/Core_cpu/u_core/u_backend/u_execute/u_prf/regs_q_reg[8][3]/CE","clk_out2_pll","clk_out2_pll"
"543","-4.433","10.000","13.866","31","","student_top_inst/Core_cpu/u_core/u_backend/complete_prd_reg[1][0]/C","student_top_inst/Core_cpu/u_core/u_backend/u_execute/u_prf/regs_q_reg[8][3]/CE","clk_out2_pll","clk_out2_pll"
"544","-4.433","10.000","13.866","31","","student_top_inst/Core_cpu/u_core/u_backend/complete_prd_reg[1][0]/C","student_top_inst/Core_cpu/u_core/u_backend/u_execute/u_prf/regs_q_reg[8][3]/CE","clk_out2_pll","clk_out2_pll"
"545","-4.433","10.000","13.866","31","","student_top_inst/Core_cpu/u_core/u_backend/complete_prd_reg[1][0]/C","student_top_inst/Core_cpu/u_core/u_backend/u_execute/u_prf/regs_q_reg[8][3]/CE","clk_out2_pll","clk_out2_pll"
"546","-4.433","10.000","13.866","31","","student_top_inst/Core_cpu/u_core/u_backend/complete_prd_reg[1][0]/C","student_top_inst/Core_cpu/u_core/u_backend/u_execute/u_prf/regs_q_reg[8][3]/CE","clk_out2_pll","clk_out2_pll"
"547","-4.433","10.000","13.866","31","","student_top_inst/Core_cpu/u_core/u_backend/complete_prd_reg[1][0]/C","student_top_inst/Core_cpu/u_core/u_backend/u_execute/u_prf/regs_q_reg[8][3]/CE","clk_out2_pll","clk_out2_pll"
"548","-4.433","10.000","13.866","31","","student_top_inst/Core_cpu/u_core/u_backend/complete_prd_reg[1][0]/C","student_top_inst/Core_cpu/u_core/u_backend/u_execute/u_prf/regs_q_reg[8][3]/CE","clk_out2_pll","clk_out2_pll"
"549","-4.433","10.000","13.866","31","","student_top_inst/Core_cpu/u_core/u_backend/complete_prd_reg[1][0]/C","student_top_inst/Core_cpu/u_core/u_backend/u_execute/u_prf/regs_q_reg[8][3]/CE","clk_out2_pll","clk_out2_pll"
"550","-4.433","10.000","13.866","31","","student_top_inst/Core_cpu/u_core/u_backend/complete_prd_reg[1][0]/C","student_top_inst/Core_cpu/u_core/u_backend/u_execute/u_prf/regs_q_reg[8][3]/CE","clk_out2_pll","clk_out2_pll"
"551","-4.433","10.000","13.866","31","","student_top_inst/Core_cpu/u_core/u_backend/complete_prd_reg[1][0]/C","student_top_inst/Core_cpu/u_core/u_backend/u_execute/u_prf/regs_q_reg[8][3]/CE","clk_out2_pll","clk_out2_pll"
"552","-4.433","10.000","13.866","31","","student_top_inst/Core_cpu/u_core/u_backend/complete_prd_reg[1][0]/C","student_top_inst/Core_cpu/u_core/u_backend/u_execute/u_prf/regs_q_reg[8][3]/CE","clk_out2_pll","clk_out2_pll"
"553","-4.433","10.000","13.866","31","","student_top_inst/Core_cpu/u_core/u_backend/complete_prd_reg[1][0]/C","student_top_inst/Core_cpu/u_core/u_backend/u_execute/u_prf/regs_q_reg[8][3]/CE","clk_out2_pll","clk_out2_pll"
"554","-4.433","10.000","13.866","31","","student_top_inst/Core_cpu/u_core/u_backend/complete_prd_reg[1][0]/C","student_top_inst/Core_cpu/u_core/u_backend/u_execute/u_prf/regs_q_reg[8][3]/CE","clk_out2_pll","clk_out2_pll"
"555","-4.433","10.000","13.866","31","","student_top_inst/Core_cpu/u_core/u_backend/complete_prd_reg[1][0]/C","student_top_inst/Core_cpu/u_core/u_backend/u_execute/u_prf/regs_q_reg[8][3]/CE","clk_out2_pll","clk_out2_pll"
"556","-4.433","10.000","13.866","31","","student_top_inst/Core_cpu/u_core/u_backend/complete_prd_reg[1][0]/C","student_top_inst/Core_cpu/u_core/u_backend/u_execute/u_prf/regs_q_reg[8][3]/CE","clk_out2_pll","clk_out2_pll"
"557","-4.433","10.000","13.866","31","","student_top_inst/Core_cpu/u_core/u_backend/complete_prd_reg[1][0]/C","student_top_inst/Core_cpu/u_core/u_backend/u_execute/u_prf/regs_q_reg[8][3]/CE","clk_out2_pll","clk_out2_pll"
"558","-4.433","10.000","13.866","31","","student_top_inst/Core_cpu/u_core/u_backend/complete_prd_reg[1][0]/C","student_top_inst/Core_cpu/u_core/u_backend/u_execute/u_prf/regs_q_reg[8][3]/CE","clk_out2_pll","clk_out2_pll"
"559","-4.433","10.000","13.866","31","","student_top_inst/Core_cpu/u_core/u_backend/complete_prd_reg[1][0]/C","student_top_inst/Core_cpu/u_core/u_backend/u_execute/u_prf/regs_q_reg[8][3]/CE","clk_out2_pll","clk_out2_pll"
"560","-4.433","10.000","13.866","31","","student_top_inst/Core_cpu/u_core/u_backend/complete_prd_reg[1][0]/C","student_top_inst/Core_cpu/u_core/u_backend/u_execute/u_prf/regs_q_reg[8][3]/CE","clk_out2_pll","clk_out2_pll"
"561","-4.433","10.000","13.866","31","","student_top_inst/Core_cpu/u_core/u_backend/complete_prd_reg[1][0]/C","student_top_inst/Core_cpu/u_core/u_backend/u_execute/u_prf/regs_q_reg[8][3]/CE","clk_out2_pll","clk_out2_pll"
"562","-4.433","10.000","13.866","31","","student_top_inst/Core_cpu/u_core/u_backend/complete_prd_reg[1][0]/C","student_top_inst/Core_cpu/u_core/u_backend/u_execute/u_prf/regs_q_reg[8][3]/CE","clk_out2_pll","clk_out2_pll"
"563","-4.433","10.000","13.866","31","","student_top_inst/Core_cpu/u_core/u_backend/complete_prd_reg[1][0]/C","student_top_inst/Core_cpu/u_core/u_backend/u_execute/u_prf/regs_q_reg[8][3]/CE","clk_out2_pll","clk_out2_pll"
"564","-4.433","10.000","13.866","31","","student_top_inst/Core_cpu/u_core/u_backend/complete_prd_reg[1][0]/C","student_top_inst/Core_cpu/u_core/u_backend/u_execute/u_prf/regs_q_reg[8][3]/CE","clk_out2_pll","clk_out2_pll"
"565","-4.433","10.000","13.866","31","","student_top_inst/Core_cpu/u_core/u_backend/complete_prd_reg[1][0]/C","student_top_inst/Core_cpu/u_core/u_backend/u_execute/u_prf/regs_q_reg[8][3]/CE","clk_out2_pll","clk_out2_pll"
"566","-4.433","10.000","13.866","31","","student_top_inst/Core_cpu/u_core/u_backend/complete_prd_reg[1][0]/C","student_top_inst/Core_cpu/u_core/u_backend/u_execute/u_prf/regs_q_reg[8][3]/CE","clk_out2_pll","clk_out2_pll"
"567","-4.433","10.000","13.866","31","","student_top_inst/Core_cpu/u_core/u_backend/complete_prd_reg[1][0]/C","student_top_inst/Core_cpu/u_core/u_backend/u_execute/u_prf/regs_q_reg[8][3]/CE","clk_out2_pll","clk_out2_pll"
"568","-4.433","10.000","13.866","31","","student_top_inst/Core_cpu/u_core/u_backend/complete_prd_reg[1][0]/C","student_top_inst/Core_cpu/u_core/u_backend/u_execute/u_prf/regs_q_reg[8][3]/CE","clk_out2_pll","clk_out2_pll"
"569","-4.433","10.000","13.866","31","","student_top_inst/Core_cpu/u_core/u_backend/complete_prd_reg[1][0]/C","student_top_inst/Core_cpu/u_core/u_backend/u_execute/u_prf/regs_q_reg[8][3]/CE","clk_out2_pll","clk_out2_pll"
"570","-4.433","10.000","13.866","31","","student_top_inst/Core_cpu/u_core/u_backend/complete_prd_reg[1][0]/C","student_top_inst/Core_cpu/u_core/u_backend/u_execute/u_prf/regs_q_reg[8][3]/CE","clk_out2_pll","clk_out2_pll"
"571","-4.433","10.000","13.866","31","","student_top_inst/Core_cpu/u_core/u_backend/complete_prd_reg[1][0]/C","student_top_inst/Core_cpu/u_core/u_backend/u_execute/u_prf/regs_q_reg[8][3]/CE","clk_out2_pll","clk_out2_pll"
"572","-4.433","10.000","13.866","31","","student_top_inst/Core_cpu/u_core/u_backend/complete_prd_reg[1][0]/C","student_top_inst/Core_cpu/u_core/u_backend/u_execute/u_prf/regs_q_reg[8][3]/CE","clk_out2_pll","clk_out2_pll"
"573","-4.433","10.000","13.866","31","","student_top_inst/Core_cpu/u_core/u_backend/complete_prd_reg[1][0]/C","student_top_inst/Core_cpu/u_core/u_backend/u_execute/u_prf/regs_q_reg[8][3]/CE","clk_out2_pll","clk_out2_pll"
"574","-4.433","10.000","13.866","31","","student_top_inst/Core_cpu/u_core/u_backend/complete_prd_reg[1][0]/C","student_top_inst/Core_cpu/u_core/u_backend/u_execute/u_prf/regs_q_reg[8][3]/CE","clk_out2_pll","clk_out2_pll"
"575","-4.433","10.000","13.866","31","","student_top_inst/Core_cpu/u_core/u_backend/complete_prd_reg[1][0]/C","student_top_inst/Core_cpu/u_core/u_backend/u_execute/u_prf/regs_q_reg[8][3]/CE","clk_out2_pll","clk_out2_pll"
"576","-4.433","10.000","13.866","31","","student_top_inst/Core_cpu/u_core/u_backend/complete_prd_reg[1][0]/C","student_top_inst/Core_cpu/u_core/u_backend/u_execute/u_prf/regs_q_reg[8][3]/CE","clk_out2_pll","clk_out2_pll"
"577","-4.433","10.000","13.866","31","","student_top_inst/Core_cpu/u_core/u_backend/complete_prd_reg[1][0]/C","student_top_inst/Core_cpu/u_core/u_backend/u_execute/u_prf/regs_q_reg[8][3]/CE","clk_out2_pll","clk_out2_pll"
"578","-4.433","10.000","13.866","31","","student_top_inst/Core_cpu/u_core/u_backend/complete_prd_reg[1][0]/C","student_top_inst/Core_cpu/u_core/u_backend/u_execute/u_prf/regs_q_reg[8][3]/CE","clk_out2_pll","clk_out2_pll"
"579","-4.433","10.000","13.866","31","","student_top_inst/Core_cpu/u_core/u_backend/complete_prd_reg[1][0]/C","student_top_inst/Core_cpu/u_core/u_backend/u_execute/u_prf/regs_q_reg[8][3]/CE","clk_out2_pll","clk_out2_pll"
"580","-4.433","10.000","13.866","31","","student_top_inst/Core_cpu/u_core/u_backend/complete_prd_reg[1][0]/C","student_top_inst/Core_cpu/u_core/u_backend/u_execute/u_prf/regs_q_reg[8][3]/CE","clk_out2_pll","clk_out2_pll"
"581","-4.433","10.000","13.866","31","","student_top_inst/Core_cpu/u_core/u_backend/complete_prd_reg[1][0]/C","student_top_inst/Core_cpu/u_core/u_backend/u_execute/u_prf/regs_q_reg[8][3]/CE","clk_out2_pll","clk_out2_pll"
"582","-4.433","10.000","13.866","31","","student_top_inst/Core_cpu/u_core/u_backend/complete_prd_reg[1][0]/C","student_top_inst/Core_cpu/u_core/u_backend/u_execute/u_prf/regs_q_reg[8][3]/CE","clk_out2_pll","clk_out2_pll"
"583","-4.433","10.000","13.866","31","","student_top_inst/Core_cpu/u_core/u_backend/complete_prd_reg[1][0]/C","student_top_inst/Core_cpu/u_core/u_backend/u_execute/u_prf/regs_q_reg[8][3]/CE","clk_out2_pll","clk_out2_pll"
"584","-4.433","10.000","13.866","31","","student_top_inst/Core_cpu/u_core/u_backend/complete_prd_reg[1][0]/C","student_top_inst/Core_cpu/u_core/u_backend/u_execute/u_prf/regs_q_reg[8][3]/CE","clk_out2_pll","clk_out2_pll"
"585","-4.433","10.000","13.866","31","","student_top_inst/Core_cpu/u_core/u_backend/complete_prd_reg[1][0]/C","student_top_inst/Core_cpu/u_core/u_backend/u_execute/u_prf/regs_q_reg[8][3]/CE","clk_out2_pll","clk_out2_pll"
"586","-4.433","10.000","13.866","31","","student_top_inst/Core_cpu/u_core/u_backend/complete_prd_reg[1][0]/C","student_top_inst/Core_cpu/u_core/u_backend/u_execute/u_prf/regs_q_reg[8][3]/CE","clk_out2_pll","clk_out2_pll"
"587","-4.433","10.000","13.866","31","","student_top_inst/Core_cpu/u_core/u_backend/complete_prd_reg[1][0]/C","student_top_inst/Core_cpu/u_core/u_backend/u_execute/u_prf/regs_q_reg[8][3]/CE","clk_out2_pll","clk_out2_pll"
"588","-4.433","10.000","13.866","31","","student_top_inst/Core_cpu/u_core/u_backend/complete_prd_reg[1][0]/C","student_top_inst/Core_cpu/u_core/u_backend/u_execute/u_prf/regs_q_reg[8][3]/CE","clk_out2_pll","clk_out2_pll"
"589","-4.433","10.000","13.866","31","","student_top_inst/Core_cpu/u_core/u_backend/complete_prd_reg[1][0]/C","student_top_inst/Core_cpu/u_core/u_backend/u_execute/u_prf/regs_q_reg[8][3]/CE","clk_out2_pll","clk_out2_pll"
"590","-4.433","10.000","13.866","31","","student_top_inst/Core_cpu/u_core/u_backend/complete_prd_reg[1][0]/C","student_top_inst/Core_cpu/u_core/u_backend/u_execute/u_prf/regs_q_reg[8][3]/CE","clk_out2_pll","clk_out2_pll"
"591","-4.433","10.000","13.866","31","","student_top_inst/Core_cpu/u_core/u_backend/complete_prd_reg[1][0]/C","student_top_inst/Core_cpu/u_core/u_backend/u_execute/u_prf/regs_q_reg[8][3]/CE","clk_out2_pll","clk_out2_pll"
"592","-4.433","10.000","13.866","31","","student_top_inst/Core_cpu/u_core/u_backend/complete_prd_reg[1][0]/C","student_top_inst/Core_cpu/u_core/u_backend/u_execute/u_prf/regs_q_reg[8][3]/CE","clk_out2_pll","clk_out2_pll"
"593","-4.433","10.000","13.866","31","","student_top_inst/Core_cpu/u_core/u_backend/complete_prd_reg[1][0]/C","student_top_inst/Core_cpu/u_core/u_backend/u_execute/u_prf/regs_q_reg[8][3]/CE","clk_out2_pll","clk_out2_pll"
"594","-4.433","10.000","13.866","31","","student_top_inst/Core_cpu/u_core/u_backend/complete_prd_reg[1][0]/C","student_top_inst/Core_cpu/u_core/u_backend/u_execute/u_prf/regs_q_reg[8][3]/CE","clk_out2_pll","clk_out2_pll"
"595","-4.433","10.000","13.866","31","","student_top_inst/Core_cpu/u_core/u_backend/complete_prd_reg[1][0]/C","student_top_inst/Core_cpu/u_core/u_backend/u_execute/u_prf/regs_q_reg[8][3]/CE","clk_out2_pll","clk_out2_pll"
"596","-4.433","10.000","13.866","31","","student_top_inst/Core_cpu/u_core/u_backend/complete_prd_reg[1][0]/C","student_top_inst/Core_cpu/u_core/u_backend/u_execute/u_prf/regs_q_reg[8][3]/CE","clk_out2_pll","clk_out2_pll"
"597","-4.433","10.000","13.866","31","","student_top_inst/Core_cpu/u_core/u_backend/complete_prd_reg[1][0]/C","student_top_inst/Core_cpu/u_core/u_backend/u_execute/u_prf/regs_q_reg[8][3]/CE","clk_out2_pll","clk_out2_pll"
"598","-4.433","10.000","13.866","31","","student_top_inst/Core_cpu/u_core/u_backend/complete_prd_reg[1][0]/C","student_top_inst/Core_cpu/u_core/u_backend/u_execute/u_prf/regs_q_reg[8][3]/CE","clk_out2_pll","clk_out2_pll"
"599","-4.433","10.000","13.866","31","","student_top_inst/Core_cpu/u_core/u_backend/complete_prd_reg[1][0]/C","student_top_inst/Core_cpu/u_core/u_backend/u_execute/u_prf/regs_q_reg[8][3]/CE","clk_out2_pll","clk_out2_pll"
"600","-4.433","10.000","13.866","31","","student_top_inst/Core_cpu/u_core/u_backend/complete_prd_reg[1][0]/C","student_top_inst/Core_cpu/u_core/u_backend/u_execute/u_prf/regs_q_reg[8][3]/CE","clk_out2_pll","clk_out2_pll"
"601","-4.433","10.000","13.866","31","","student_top_inst/Core_cpu/u_core/u_backend/complete_prd_reg[1][0]/C","student_top_inst/Core_cpu/u_core/u_backend/u_execute/u_prf/regs_q_reg[8][3]/CE","clk_out2_pll","clk_out2_pll"
"602","-4.433","10.000","13.866","31","","student_top_inst/Core_cpu/u_core/u_backend/complete_prd_reg[1][0]/C","student_top_inst/Core_cpu/u_core/u_backend/u_execute/u_prf/regs_q_reg[8][3]/CE","clk_out2_pll","clk_out2_pll"
"603","-4.433","10.000","13.866","31","","student_top_inst/Core_cpu/u_core/u_backend/complete_prd_reg[1][0]/C","student_top_inst/Core_cpu/u_core/u_backend/u_execute/u_prf/regs_q_reg[8][3]/CE","clk_out2_pll","clk_out2_pll"
"604","-4.433","10.000","13.866","31","","student_top_inst/Core_cpu/u_core/u_backend/complete_prd_reg[1][0]/C","student_top_inst/Core_cpu/u_core/u_backend/u_execute/u_prf/regs_q_reg[8][3]/CE","clk_out2_pll","clk_out2_pll"
"605","-4.433","10.000","13.866","31","","student_top_inst/Core_cpu/u_core/u_backend/complete_prd_reg[1][0]/C","student_top_inst/Core_cpu/u_core/u_backend/u_execute/u_prf/regs_q_reg[8][3]/CE","clk_out2_pll","clk_out2_pll"
"606","-4.433","10.000","13.866","31","","student_top_inst/Core_cpu/u_core/u_backend/complete_prd_reg[1][0]/C","student_top_inst/Core_cpu/u_core/u_backend/u_execute/u_prf/regs_q_reg[8][3]/CE","clk_out2_pll","clk_out2_pll"
"607","-4.433","10.000","13.866","31","","student_top_inst/Core_cpu/u_core/u_backend/complete_prd_reg[1][0]/C","student_top_inst/Core_cpu/u_core/u_backend/u_execute/u_prf/regs_q_reg[8][3]/CE","clk_out2_pll","clk_out2_pll"
"608","-4.433","10.000","13.866","31","","student_top_inst/Core_cpu/u_core/u_backend/complete_prd_reg[1][0]/C","student_top_inst/Core_cpu/u_core/u_backend/u_execute/u_prf/regs_q_reg[8][3]/CE","clk_out2_pll","clk_out2_pll"
"609","-4.433","10.000","13.866","31","","student_top_inst/Core_cpu/u_core/u_backend/complete_prd_reg[1][0]/C","student_top_inst/Core_cpu/u_core/u_backend/u_execute/u_prf/regs_q_reg[8][3]/CE","clk_out2_pll","clk_out2_pll"
"610","-4.433","10.000","13.866","31","","student_top_inst/Core_cpu/u_core/u_backend/complete_prd_reg[1][0]/C","student_top_inst/Core_cpu/u_core/u_backend/u_execute/u_prf/regs_q_reg[8][3]/CE","clk_out2_pll","clk_out2_pll"
"611","-4.433","10.000","13.866","31","","student_top_inst/Core_cpu/u_core/u_backend/complete_prd_reg[1][0]/C","student_top_inst/Core_cpu/u_core/u_backend/u_execute/u_prf/regs_q_reg[8][3]/CE","clk_out2_pll","clk_out2_pll"
"612","-4.433","10.000","13.866","31","","student_top_inst/Core_cpu/u_core/u_backend/complete_prd_reg[1][0]/C","student_top_inst/Core_cpu/u_core/u_backend/u_execute/u_prf/regs_q_reg[8][3]/CE","clk_out2_pll","clk_out2_pll"
"613","-4.433","10.000","13.866","31","","student_top_inst/Core_cpu/u_core/u_backend/complete_prd_reg[1][0]/C","student_top_inst/Core_cpu/u_core/u_backend/u_execute/u_prf/regs_q_reg[8][3]/CE","clk_out2_pll","clk_out2_pll"
"614","-4.433","10.000","13.866","31","","student_top_inst/Core_cpu/u_core/u_backend/complete_prd_reg[1][0]/C","student_top_inst/Core_cpu/u_core/u_backend/u_execute/u_prf/regs_q_reg[8][3]/CE","clk_out2_pll","clk_out2_pll"
"615","-4.433","10.000","13.866","31","","student_top_inst/Core_cpu/u_core/u_backend/complete_prd_reg[1][0]/C","student_top_inst/Core_cpu/u_core/u_backend/u_execute/u_prf/regs_q_reg[8][3]/CE","clk_out2_pll","clk_out2_pll"
"616","-4.433","10.000","13.866","31","","student_top_inst/Core_cpu/u_core/u_backend/complete_prd_reg[1][0]/C","student_top_inst/Core_cpu/u_core/u_backend/u_execute/u_prf/regs_q_reg[8][3]/CE","clk_out2_pll","clk_out2_pll"
"617","-4.433","10.000","13.866","31","","student_top_inst/Core_cpu/u_core/u_backend/complete_prd_reg[1][0]/C","student_top_inst/Core_cpu/u_core/u_backend/u_execute/u_prf/regs_q_reg[8][3]/CE","clk_out2_pll","clk_out2_pll"
"618","-4.433","10.000","13.866","31","","student_top_inst/Core_cpu/u_core/u_backend/complete_prd_reg[1][0]/C","student_top_inst/Core_cpu/u_core/u_backend/u_execute/u_prf/regs_q_reg[8][3]/CE","clk_out2_pll","clk_out2_pll"
"619","-4.433","10.000","13.866","31","","student_top_inst/Core_cpu/u_core/u_backend/complete_prd_reg[1][0]/C","student_top_inst/Core_cpu/u_core/u_backend/u_execute/u_prf/regs_q_reg[8][3]/CE","clk_out2_pll","clk_out2_pll"
"620","-4.433","10.000","13.866","31","","student_top_inst/Core_cpu/u_core/u_backend/complete_prd_reg[1][0]/C","student_top_inst/Core_cpu/u_core/u_backend/u_execute/u_prf/regs_q_reg[8][3]/CE","clk_out2_pll","clk_out2_pll"
"621","-4.433","10.000","13.866","31","","student_top_inst/Core_cpu/u_core/u_backend/complete_prd_reg[1][0]/C","student_top_inst/Core_cpu/u_core/u_backend/u_execute/u_prf/regs_q_reg[8][3]/CE","clk_out2_pll","clk_out2_pll"
"622","-4.433","10.000","13.866","31","","student_top_inst/Core_cpu/u_core/u_backend/complete_prd_reg[1][0]/C","student_top_inst/Core_cpu/u_core/u_backend/u_execute/u_prf/regs_q_reg[8][3]/CE","clk_out2_pll","clk_out2_pll"
"623","-4.433","10.000","13.866","31","","student_top_inst/Core_cpu/u_core/u_backend/complete_prd_reg[1][0]/C","student_top_inst/Core_cpu/u_core/u_backend/u_execute/u_prf/regs_q_reg[8][3]/CE","clk_out2_pll","clk_out2_pll"
"624","-4.433","10.000","13.866","31","","student_top_inst/Core_cpu/u_core/u_backend/complete_prd_reg[1][0]/C","student_top_inst/Core_cpu/u_core/u_backend/u_execute/u_prf/regs_q_reg[8][3]/CE","clk_out2_pll","clk_out2_pll"
"625","-4.432","10.000","13.972","29","","student_top_inst/Core_cpu/u_core/u_backend/u_rename/srat_q_reg[15][0]/C","student_top_inst/Core_cpu/u_core/u_backend/u_int_iq/u_queue/entry_q_reg[0][uop][imm_j][25]/S","clk_out2_pll","clk_out2_pll"
"626","-4.432","10.000","13.972","29","","student_top_inst/Core_cpu/u_core/u_backend/u_rename/srat_q_reg[15][0]/C","student_top_inst/Core_cpu/u_core/u_backend/u_int_iq/u_queue/entry_q_reg[0][uop][imm_j][25]/S","clk_out2_pll","clk_out2_pll"
"627","-4.430","10.000","13.970","29","","student_top_inst/Core_cpu/u_core/u_backend/u_rename/srat_q_reg[15][0]/C","student_top_inst/Core_cpu/u_core/u_backend/u_int_iq/u_queue/entry_q_reg[0][uop][imm_s][22]/S","clk_out2_pll","clk_out2_pll"
"628","-4.430","10.000","13.970","29","","student_top_inst/Core_cpu/u_core/u_backend/u_rename/srat_q_reg[15][0]/C","student_top_inst/Core_cpu/u_core/u_backend/u_int_iq/u_queue/entry_q_reg[0][uop][imm_s][22]/S","clk_out2_pll","clk_out2_pll"
"629","-4.425","10.000","14.303","31","","student_top_inst/Core_cpu/u_core/u_backend/u_rename/srat_q_reg[15][0]/C","student_top_inst/Core_cpu/u_core/u_backend/u_int_iq/u_queue/entry_q_reg[0][src1_ready]/D","clk_out2_pll","clk_out2_pll"
"630","-4.425","10.000","14.303","31","","student_top_inst/Core_cpu/u_core/u_backend/u_rename/srat_q_reg[15][0]/C","student_top_inst/Core_cpu/u_core/u_backend/u_int_iq/u_queue/entry_q_reg[0][src1_ready]/D","clk_out2_pll","clk_out2_pll"
"631","-4.425","10.000","14.303","31","","student_top_inst/Core_cpu/u_core/u_backend/u_rename/srat_q_reg[15][0]/C","student_top_inst/Core_cpu/u_core/u_backend/u_int_iq/u_queue/entry_q_reg[0][src1_ready]/D","clk_out2_pll","clk_out2_pll"
"632","-4.425","10.000","14.303","31","","student_top_inst/Core_cpu/u_core/u_backend/u_rename/srat_q_reg[15][0]/C","student_top_inst/Core_cpu/u_core/u_backend/u_int_iq/u_queue/entry_q_reg[0][src1_ready]/D","clk_out2_pll","clk_out2_pll"
"633","-4.425","10.000","14.303","31","","student_top_inst/Core_cpu/u_core/u_backend/u_rename/srat_q_reg[15][2]/C","student_top_inst/Core_cpu/u_core/u_backend/u_int_iq/u_queue/entry_q_reg[0][src2_ready]/D","clk_out2_pll","clk_out2_pll"
"634","-4.425","10.000","14.303","31","","student_top_inst/Core_cpu/u_core/u_backend/u_rename/srat_q_reg[15][2]/C","student_top_inst/Core_cpu/u_core/u_backend/u_int_iq/u_queue/entry_q_reg[0][src2_ready]/D","clk_out2_pll","clk_out2_pll"
"635","-4.425","10.000","14.303","31","","student_top_inst/Core_cpu/u_core/u_backend/u_rename/srat_q_reg[15][2]/C","student_top_inst/Core_cpu/u_core/u_backend/u_int_iq/u_queue/entry_q_reg[0][src2_ready]/D","clk_out2_pll","clk_out2_pll"
"636","-4.425","10.000","14.303","31","","student_top_inst/Core_cpu/u_core/u_backend/u_rename/srat_q_reg[15][2]/C","student_top_inst/Core_cpu/u_core/u_backend/u_int_iq/u_queue/entry_q_reg[0][src2_ready]/D","clk_out2_pll","clk_out2_pll"
"637","-4.424","10.000","14.303","31","","student_top_inst/Core_cpu/u_core/u_backend/u_rename/srat_q_reg[15][1]/C","student_top_inst/Core_cpu/u_core/u_backend/u_int_iq/u_queue/entry_q_reg[0][src2_ready]/D","clk_out2_pll","clk_out2_pll"
"638","-4.424","10.000","14.303","31","","student_top_inst/Core_cpu/u_core/u_backend/u_rename/srat_q_reg[15][1]/C","student_top_inst/Core_cpu/u_core/u_backend/u_int_iq/u_queue/entry_q_reg[0][src2_ready]/D","clk_out2_pll","clk_out2_pll"
"639","-4.424","10.000","14.303","31","","student_top_inst/Core_cpu/u_core/u_backend/u_rename/srat_q_reg[15][1]/C","student_top_inst/Core_cpu/u_core/u_backend/u_int_iq/u_queue/entry_q_reg[0][src2_ready]/D","clk_out2_pll","clk_out2_pll"
"640","-4.424","10.000","14.303","31","","student_top_inst/Core_cpu/u_core/u_backend/u_rename/srat_q_reg[15][1]/C","student_top_inst/Core_cpu/u_core/u_backend/u_int_iq/u_queue/entry_q_reg[0][src2_ready]/D","clk_out2_pll","clk_out2_pll"
"641","-4.424","10.000","14.303","31","","student_top_inst/Core_cpu/u_core/u_backend/u_rename/srat_q_reg[15][0]/C","student_top_inst/Core_cpu/u_core/u_backend/u_int_iq/u_queue/entry_q_reg[0][src2_ready]/D","clk_out2_pll","clk_out2_pll"
"642","-4.424","10.000","14.303","31","","student_top_inst/Core_cpu/u_core/u_backend/u_rename/srat_q_reg[15][0]/C","student_top_inst/Core_cpu/u_core/u_backend/u_int_iq/u_queue/entry_q_reg[0][src2_ready]/D","clk_out2_pll","clk_out2_pll"
"643","-4.424","10.000","14.303","31","","student_top_inst/Core_cpu/u_core/u_backend/u_rename/srat_q_reg[15][0]/C","student_top_inst/Core_cpu/u_core/u_backend/u_int_iq/u_queue/entry_q_reg[0][src2_ready]/D","clk_out2_pll","clk_out2_pll"
"644","-4.424","10.000","14.303","31","","student_top_inst/Core_cpu/u_core/u_backend/u_rename/srat_q_reg[15][0]/C","student_top_inst/Core_cpu/u_core/u_backend/u_int_iq/u_queue/entry_q_reg[0][src2_ready]/D","clk_out2_pll","clk_out2_pll"
"645","-4.424","10.000","13.966","29","","student_top_inst/Core_cpu/u_core/u_backend/u_rename/srat_q_reg[15][0]/C","student_top_inst/Core_cpu/u_core/u_backend/u_int_iq/u_queue/entry_q_reg[0][uop][imm_s][25]/S","clk_out2_pll","clk_out2_pll"
"646","-4.424","10.000","13.966","29","","student_top_inst/Core_cpu/u_core/u_backend/u_rename/srat_q_reg[15][0]/C","student_top_inst/Core_cpu/u_core/u_backend/u_int_iq/u_queue/entry_q_reg[0][uop][imm_s][25]/S","clk_out2_pll","clk_out2_pll"
"647","-4.424","10.000","13.966","29","","student_top_inst/Core_cpu/u_core/u_backend/u_rename/srat_q_reg[15][0]/C","student_top_inst/Core_cpu/u_core/u_backend/u_int_iq/u_queue/entry_q_reg[0][uop][imm_u][31]/S","clk_out2_pll","clk_out2_pll"
"648","-4.424","10.000","13.966","29","","student_top_inst/Core_cpu/u_core/u_backend/u_rename/srat_q_reg[15][0]/C","student_top_inst/Core_cpu/u_core/u_backend/u_int_iq/u_queue/entry_q_reg[0][uop][imm_u][31]/S","clk_out2_pll","clk_out2_pll"
"649","-4.421","10.000","13.960","29","","student_top_inst/Core_cpu/u_core/u_backend/u_rename/srat_q_reg[15][0]/C","student_top_inst/Core_cpu/u_core/u_backend/u_int_iq/u_queue/entry_q_reg[0][uop][imm_j][25]/S","clk_out2_pll","clk_out2_pll"
"650","-4.421","10.000","13.960","29","","student_top_inst/Core_cpu/u_core/u_backend/u_rename/srat_q_reg[15][0]/C","student_top_inst/Core_cpu/u_core/u_backend/u_int_iq/u_queue/entry_q_reg[0][uop][imm_j][25]/S","clk_out2_pll","clk_out2_pll"
"651","-4.419","10.000","13.958","29","","student_top_inst/Core_cpu/u_core/u_backend/u_rename/srat_q_reg[15][0]/C","student_top_inst/Core_cpu/u_core/u_backend/u_int_iq/u_queue/entry_q_reg[0][uop][imm_s][22]/S","clk_out2_pll","clk_out2_pll"
"652","-4.419","10.000","13.958","29","","student_top_inst/Core_cpu/u_core/u_backend/u_rename/srat_q_reg[15][0]/C","student_top_inst/Core_cpu/u_core/u_backend/u_int_iq/u_queue/entry_q_reg[0][uop][imm_s][22]/S","clk_out2_pll","clk_out2_pll"
"653","-4.418","10.000","14.296","31","","student_top_inst/Core_cpu/u_core/u_backend/u_rename/srat_q_reg[15][0]/C","student_top_inst/Core_cpu/u_core/u_backend/u_int_iq/u_queue/entry_q_reg[0][src2_ready]/D","clk_out2_pll","clk_out2_pll"
"654","-4.418","10.000","14.296","31","","student_top_inst/Core_cpu/u_core/u_backend/u_rename/srat_q_reg[15][0]/C","student_top_inst/Core_cpu/u_core/u_backend/u_int_iq/u_queue/entry_q_reg[0][src2_ready]/D","clk_out2_pll","clk_out2_pll"
"655","-4.418","10.000","14.296","31","","student_top_inst/Core_cpu/u_core/u_backend/u_rename/srat_q_reg[15][0]/C","student_top_inst/Core_cpu/u_core/u_backend/u_int_iq/u_queue/entry_q_reg[0][src2_ready]/D","clk_out2_pll","clk_out2_pll"
"656","-4.418","10.000","14.296","31","","student_top_inst/Core_cpu/u_core/u_backend/u_rename/srat_q_reg[15][0]/C","student_top_inst/Core_cpu/u_core/u_backend/u_int_iq/u_queue/entry_q_reg[0][src2_ready]/D","clk_out2_pll","clk_out2_pll"
"657","-4.417","10.000","13.934","30","","student_top_inst/Core_cpu/u_core/u_backend/complete_prd_reg[1][0]/C","student_top_inst/Core_cpu/u_core/u_backend/u_execute/u_prf/regs_q_reg[27][26]/CE","clk_out2_pll","clk_out2_pll"
"658","-4.417","10.000","13.934","30","","student_top_inst/Core_cpu/u_core/u_backend/complete_prd_reg[1][0]/C","student_top_inst/Core_cpu/u_core/u_backend/u_execute/u_prf/regs_q_reg[27][26]/CE","clk_out2_pll","clk_out2_pll"
"659","-4.417","10.000","13.934","30","","student_top_inst/Core_cpu/u_core/u_backend/complete_prd_reg[1][0]/C","student_top_inst/Core_cpu/u_core/u_backend/u_execute/u_prf/regs_q_reg[27][26]/CE","clk_out2_pll","clk_out2_pll"
"660","-4.417","10.000","13.934","30","","student_top_inst/Core_cpu/u_core/u_backend/complete_prd_reg[1][0]/C","student_top_inst/Core_cpu/u_core/u_backend/u_execute/u_prf/regs_q_reg[27][26]/CE","clk_out2_pll","clk_out2_pll"
"661","-4.417","10.000","13.934","30","","student_top_inst/Core_cpu/u_core/u_backend/complete_prd_reg[1][0]/C","student_top_inst/Core_cpu/u_core/u_backend/u_execute/u_prf/regs_q_reg[27][26]/CE","clk_out2_pll","clk_out2_pll"
"662","-4.417","10.000","13.934","30","","student_top_inst/Core_cpu/u_core/u_backend/complete_prd_reg[1][0]/C","student_top_inst/Core_cpu/u_core/u_backend/u_execute/u_prf/regs_q_reg[27][26]/CE","clk_out2_pll","clk_out2_pll"
"663","-4.417","10.000","13.934","30","","student_top_inst/Core_cpu/u_core/u_backend/complete_prd_reg[1][0]/C","student_top_inst/Core_cpu/u_core/u_backend/u_execute/u_prf/regs_q_reg[27][26]/CE","clk_out2_pll","clk_out2_pll"
"664","-4.417","10.000","13.934","30","","student_top_inst/Core_cpu/u_core/u_backend/complete_prd_reg[1][0]/C","student_top_inst/Core_cpu/u_core/u_backend/u_execute/u_prf/regs_q_reg[27][26]/CE","clk_out2_pll","clk_out2_pll"
"665","-4.417","10.000","13.934","30","","student_top_inst/Core_cpu/u_core/u_backend/complete_prd_reg[1][0]/C","student_top_inst/Core_cpu/u_core/u_backend/u_execute/u_prf/regs_q_reg[27][26]/CE","clk_out2_pll","clk_out2_pll"
"666","-4.417","10.000","13.934","30","","student_top_inst/Core_cpu/u_core/u_backend/complete_prd_reg[1][0]/C","student_top_inst/Core_cpu/u_core/u_backend/u_execute/u_prf/regs_q_reg[27][26]/CE","clk_out2_pll","clk_out2_pll"
"667","-4.417","10.000","13.934","30","","student_top_inst/Core_cpu/u_core/u_backend/complete_prd_reg[1][0]/C","student_top_inst/Core_cpu/u_core/u_backend/u_execute/u_prf/regs_q_reg[27][26]/CE","clk_out2_pll","clk_out2_pll"
"668","-4.417","10.000","13.934","30","","student_top_inst/Core_cpu/u_core/u_backend/complete_prd_reg[1][0]/C","student_top_inst/Core_cpu/u_core/u_backend/u_execute/u_prf/regs_q_reg[27][26]/CE","clk_out2_pll","clk_out2_pll"
"669","-4.417","10.000","13.934","30","","student_top_inst/Core_cpu/u_core/u_backend/complete_prd_reg[1][0]/C","student_top_inst/Core_cpu/u_core/u_backend/u_execute/u_prf/regs_q_reg[27][26]/CE","clk_out2_pll","clk_out2_pll"
"670","-4.417","10.000","13.934","30","","student_top_inst/Core_cpu/u_core/u_backend/complete_prd_reg[1][0]/C","student_top_inst/Core_cpu/u_core/u_backend/u_execute/u_prf/regs_q_reg[27][26]/CE","clk_out2_pll","clk_out2_pll"
"671","-4.417","10.000","13.934","30","","student_top_inst/Core_cpu/u_core/u_backend/complete_prd_reg[1][0]/C","student_top_inst/Core_cpu/u_core/u_backend/u_execute/u_prf/regs_q_reg[27][26]/CE","clk_out2_pll","clk_out2_pll"
"672","-4.417","10.000","13.934","30","","student_top_inst/Core_cpu/u_core/u_backend/complete_prd_reg[1][0]/C","student_top_inst/Core_cpu/u_core/u_backend/u_execute/u_prf/regs_q_reg[27][26]/CE","clk_out2_pll","clk_out2_pll"
"673","-4.417","10.000","13.934","30","","student_top_inst/Core_cpu/u_core/u_backend/complete_prd_reg[1][0]/C","student_top_inst/Core_cpu/u_core/u_backend/u_execute/u_prf/regs_q_reg[27][26]/CE","clk_out2_pll","clk_out2_pll"
"674","-4.417","10.000","13.934","30","","student_top_inst/Core_cpu/u_core/u_backend/complete_prd_reg[1][0]/C","student_top_inst/Core_cpu/u_core/u_backend/u_execute/u_prf/regs_q_reg[27][26]/CE","clk_out2_pll","clk_out2_pll"
"675","-4.417","10.000","13.934","30","","student_top_inst/Core_cpu/u_core/u_backend/complete_prd_reg[1][0]/C","student_top_inst/Core_cpu/u_core/u_backend/u_execute/u_prf/regs_q_reg[27][26]/CE","clk_out2_pll","clk_out2_pll"
"676","-4.417","10.000","13.934","30","","student_top_inst/Core_cpu/u_core/u_backend/complete_prd_reg[1][0]/C","student_top_inst/Core_cpu/u_core/u_backend/u_execute/u_prf/regs_q_reg[27][26]/CE","clk_out2_pll","clk_out2_pll"
"677","-4.417","10.000","13.934","30","","student_top_inst/Core_cpu/u_core/u_backend/complete_prd_reg[1][0]/C","student_top_inst/Core_cpu/u_core/u_backend/u_execute/u_prf/regs_q_reg[27][26]/CE","clk_out2_pll","clk_out2_pll"
"678","-4.417","10.000","13.934","30","","student_top_inst/Core_cpu/u_core/u_backend/complete_prd_reg[1][0]/C","student_top_inst/Core_cpu/u_core/u_backend/u_execute/u_prf/regs_q_reg[27][26]/CE","clk_out2_pll","clk_out2_pll"
"679","-4.417","10.000","13.934","30","","student_top_inst/Core_cpu/u_core/u_backend/complete_prd_reg[1][0]/C","student_top_inst/Core_cpu/u_core/u_backend/u_execute/u_prf/regs_q_reg[27][26]/CE","clk_out2_pll","clk_out2_pll"
"680","-4.417","10.000","13.934","30","","student_top_inst/Core_cpu/u_core/u_backend/complete_prd_reg[1][0]/C","student_top_inst/Core_cpu/u_core/u_backend/u_execute/u_prf/regs_q_reg[27][26]/CE","clk_out2_pll","clk_out2_pll"
"681","-4.417","10.000","13.934","30","","student_top_inst/Core_cpu/u_core/u_backend/complete_prd_reg[1][0]/C","student_top_inst/Core_cpu/u_core/u_backend/u_execute/u_prf/regs_q_reg[27][26]/CE","clk_out2_pll","clk_out2_pll"
"682","-4.417","10.000","13.934","30","","student_top_inst/Core_cpu/u_core/u_backend/complete_prd_reg[1][0]/C","student_top_inst/Core_cpu/u_core/u_backend/u_execute/u_prf/regs_q_reg[27][26]/CE","clk_out2_pll","clk_out2_pll"
"683","-4.417","10.000","13.934","30","","student_top_inst/Core_cpu/u_core/u_backend/complete_prd_reg[1][0]/C","student_top_inst/Core_cpu/u_core/u_backend/u_execute/u_prf/regs_q_reg[27][26]/CE","clk_out2_pll","clk_out2_pll"
"684","-4.417","10.000","13.934","30","","student_top_inst/Core_cpu/u_core/u_backend/complete_prd_reg[1][0]/C","student_top_inst/Core_cpu/u_core/u_backend/u_execute/u_prf/regs_q_reg[27][26]/CE","clk_out2_pll","clk_out2_pll"
"685","-4.417","10.000","13.934","30","","student_top_inst/Core_cpu/u_core/u_backend/complete_prd_reg[1][0]/C","student_top_inst/Core_cpu/u_core/u_backend/u_execute/u_prf/regs_q_reg[27][26]/CE","clk_out2_pll","clk_out2_pll"
"686","-4.417","10.000","13.934","30","","student_top_inst/Core_cpu/u_core/u_backend/complete_prd_reg[1][0]/C","student_top_inst/Core_cpu/u_core/u_backend/u_execute/u_prf/regs_q_reg[27][26]/CE","clk_out2_pll","clk_out2_pll"
"687","-4.417","10.000","13.934","30","","student_top_inst/Core_cpu/u_core/u_backend/complete_prd_reg[1][0]/C","student_top_inst/Core_cpu/u_core/u_backend/u_execute/u_prf/regs_q_reg[27][26]/CE","clk_out2_pll","clk_out2_pll"
"688","-4.417","10.000","13.934","30","","student_top_inst/Core_cpu/u_core/u_backend/complete_prd_reg[1][0]/C","student_top_inst/Core_cpu/u_core/u_backend/u_execute/u_prf/regs_q_reg[27][26]/CE","clk_out2_pll","clk_out2_pll"
"689","-4.417","10.000","13.934","30","","student_top_inst/Core_cpu/u_core/u_backend/complete_prd_reg[1][0]/C","student_top_inst/Core_cpu/u_core/u_backend/u_execute/u_prf/regs_q_reg[27][26]/CE","clk_out2_pll","clk_out2_pll"
"690","-4.417","10.000","13.934","30","","student_top_inst/Core_cpu/u_core/u_backend/complete_prd_reg[1][0]/C","student_top_inst/Core_cpu/u_core/u_backend/u_execute/u_prf/regs_q_reg[27][26]/CE","clk_out2_pll","clk_out2_pll"
"691","-4.417","10.000","13.934","30","","student_top_inst/Core_cpu/u_core/u_backend/complete_prd_reg[1][0]/C","student_top_inst/Core_cpu/u_core/u_backend/u_execute/u_prf/regs_q_reg[27][26]/CE","clk_out2_pll","clk_out2_pll"
"692","-4.417","10.000","13.934","30","","student_top_inst/Core_cpu/u_core/u_backend/complete_prd_reg[1][0]/C","student_top_inst/Core_cpu/u_core/u_backend/u_execute/u_prf/regs_q_reg[27][26]/CE","clk_out2_pll","clk_out2_pll"
"693","-4.417","10.000","13.934","30","","student_top_inst/Core_cpu/u_core/u_backend/complete_prd_reg[1][0]/C","student_top_inst/Core_cpu/u_core/u_backend/u_execute/u_prf/regs_q_reg[27][26]/CE","clk_out2_pll","clk_out2_pll"
"694","-4.417","10.000","13.934","30","","student_top_inst/Core_cpu/u_core/u_backend/complete_prd_reg[1][0]/C","student_top_inst/Core_cpu/u_core/u_backend/u_execute/u_prf/regs_q_reg[27][26]/CE","clk_out2_pll","clk_out2_pll"
"695","-4.417","10.000","13.934","30","","student_top_inst/Core_cpu/u_core/u_backend/complete_prd_reg[1][0]/C","student_top_inst/Core_cpu/u_core/u_backend/u_execute/u_prf/regs_q_reg[27][26]/CE","clk_out2_pll","clk_out2_pll"
"696","-4.417","10.000","13.934","30","","student_top_inst/Core_cpu/u_core/u_backend/complete_prd_reg[1][0]/C","student_top_inst/Core_cpu/u_core/u_backend/u_execute/u_prf/regs_q_reg[27][26]/CE","clk_out2_pll","clk_out2_pll"
"697","-4.417","10.000","13.934","30","","student_top_inst/Core_cpu/u_core/u_backend/complete_prd_reg[1][0]/C","student_top_inst/Core_cpu/u_core/u_backend/u_execute/u_prf/regs_q_reg[27][26]/CE","clk_out2_pll","clk_out2_pll"
"698","-4.417","10.000","13.934","30","","student_top_inst/Core_cpu/u_core/u_backend/complete_prd_reg[1][0]/C","student_top_inst/Core_cpu/u_core/u_backend/u_execute/u_prf/regs_q_reg[27][26]/CE","clk_out2_pll","clk_out2_pll"
"699","-4.417","10.000","13.934","30","","student_top_inst/Core_cpu/u_core/u_backend/complete_prd_reg[1][0]/C","student_top_inst/Core_cpu/u_core/u_backend/u_execute/u_prf/regs_q_reg[27][26]/CE","clk_out2_pll","clk_out2_pll"
"700","-4.417","10.000","13.934","30","","student_top_inst/Core_cpu/u_core/u_backend/complete_prd_reg[1][0]/C","student_top_inst/Core_cpu/u_core/u_backend/u_execute/u_prf/regs_q_reg[27][26]/CE","clk_out2_pll","clk_out2_pll"
"701","-4.417","10.000","13.934","30","","student_top_inst/Core_cpu/u_core/u_backend/complete_prd_reg[1][0]/C","student_top_inst/Core_cpu/u_core/u_backend/u_execute/u_prf/regs_q_reg[27][26]/CE","clk_out2_pll","clk_out2_pll"
"702","-4.417","10.000","13.934","30","","student_top_inst/Core_cpu/u_core/u_backend/complete_prd_reg[1][0]/C","student_top_inst/Core_cpu/u_core/u_backend/u_execute/u_prf/regs_q_reg[27][26]/CE","clk_out2_pll","clk_out2_pll"
"703","-4.417","10.000","13.934","30","","student_top_inst/Core_cpu/u_core/u_backend/complete_prd_reg[1][0]/C","student_top_inst/Core_cpu/u_core/u_backend/u_execute/u_prf/regs_q_reg[27][26]/CE","clk_out2_pll","clk_out2_pll"
"704","-4.417","10.000","13.934","30","","student_top_inst/Core_cpu/u_core/u_backend/complete_prd_reg[1][0]/C","student_top_inst/Core_cpu/u_core/u_backend/u_execute/u_prf/regs_q_reg[27][26]/CE","clk_out2_pll","clk_out2_pll"
"705","-4.417","10.000","13.934","30","","student_top_inst/Core_cpu/u_core/u_backend/complete_prd_reg[1][0]/C","student_top_inst/Core_cpu/u_core/u_backend/u_execute/u_prf/regs_q_reg[27][26]/CE","clk_out2_pll","clk_out2_pll"
"706","-4.417","10.000","13.934","30","","student_top_inst/Core_cpu/u_core/u_backend/complete_prd_reg[1][0]/C","student_top_inst/Core_cpu/u_core/u_backend/u_execute/u_prf/regs_q_reg[27][26]/CE","clk_out2_pll","clk_out2_pll"
"707","-4.417","10.000","13.934","30","","student_top_inst/Core_cpu/u_core/u_backend/complete_prd_reg[1][0]/C","student_top_inst/Core_cpu/u_core/u_backend/u_execute/u_prf/regs_q_reg[27][26]/CE","clk_out2_pll","clk_out2_pll"
"708","-4.417","10.000","13.934","30","","student_top_inst/Core_cpu/u_core/u_backend/complete_prd_reg[1][0]/C","student_top_inst/Core_cpu/u_core/u_backend/u_execute/u_prf/regs_q_reg[27][26]/CE","clk_out2_pll","clk_out2_pll"
"709","-4.417","10.000","13.934","30","","student_top_inst/Core_cpu/u_core/u_backend/complete_prd_reg[1][0]/C","student_top_inst/Core_cpu/u_core/u_backend/u_execute/u_prf/regs_q_reg[27][26]/CE","clk_out2_pll","clk_out2_pll"
"710","-4.417","10.000","13.934","30","","student_top_inst/Core_cpu/u_core/u_backend/complete_prd_reg[1][0]/C","student_top_inst/Core_cpu/u_core/u_backend/u_execute/u_prf/regs_q_reg[27][26]/CE","clk_out2_pll","clk_out2_pll"
"711","-4.417","10.000","13.934","30","","student_top_inst/Core_cpu/u_core/u_backend/complete_prd_reg[1][0]/C","student_top_inst/Core_cpu/u_core/u_backend/u_execute/u_prf/regs_q_reg[27][26]/CE","clk_out2_pll","clk_out2_pll"
"712","-4.417","10.000","13.934","30","","student_top_inst/Core_cpu/u_core/u_backend/complete_prd_reg[1][0]/C","student_top_inst/Core_cpu/u_core/u_backend/u_execute/u_prf/regs_q_reg[27][26]/CE","clk_out2_pll","clk_out2_pll"
"713","-4.417","10.000","13.934","30","","student_top_inst/Core_cpu/u_core/u_backend/complete_prd_reg[1][0]/C","student_top_inst/Core_cpu/u_core/u_backend/u_execute/u_prf/regs_q_reg[27][26]/CE","clk_out2_pll","clk_out2_pll"
"714","-4.417","10.000","13.934","30","","student_top_inst/Core_cpu/u_core/u_backend/complete_prd_reg[1][0]/C","student_top_inst/Core_cpu/u_core/u_backend/u_execute/u_prf/regs_q_reg[27][26]/CE","clk_out2_pll","clk_out2_pll"
"715","-4.417","10.000","13.934","30","","student_top_inst/Core_cpu/u_core/u_backend/complete_prd_reg[1][0]/C","student_top_inst/Core_cpu/u_core/u_backend/u_execute/u_prf/regs_q_reg[27][26]/CE","clk_out2_pll","clk_out2_pll"
"716","-4.417","10.000","13.934","30","","student_top_inst/Core_cpu/u_core/u_backend/complete_prd_reg[1][0]/C","student_top_inst/Core_cpu/u_core/u_backend/u_execute/u_prf/regs_q_reg[27][26]/CE","clk_out2_pll","clk_out2_pll"
"717","-4.417","10.000","13.934","30","","student_top_inst/Core_cpu/u_core/u_backend/complete_prd_reg[1][0]/C","student_top_inst/Core_cpu/u_core/u_backend/u_execute/u_prf/regs_q_reg[27][26]/CE","clk_out2_pll","clk_out2_pll"
"718","-4.417","10.000","13.934","30","","student_top_inst/Core_cpu/u_core/u_backend/complete_prd_reg[1][0]/C","student_top_inst/Core_cpu/u_core/u_backend/u_execute/u_prf/regs_q_reg[27][26]/CE","clk_out2_pll","clk_out2_pll"
"719","-4.417","10.000","13.934","30","","student_top_inst/Core_cpu/u_core/u_backend/complete_prd_reg[1][0]/C","student_top_inst/Core_cpu/u_core/u_backend/u_execute/u_prf/regs_q_reg[27][26]/CE","clk_out2_pll","clk_out2_pll"
"720","-4.417","10.000","13.934","30","","student_top_inst/Core_cpu/u_core/u_backend/complete_prd_reg[1][0]/C","student_top_inst/Core_cpu/u_core/u_backend/u_execute/u_prf/regs_q_reg[27][26]/CE","clk_out2_pll","clk_out2_pll"
"721","-4.417","10.000","13.934","30","","student_top_inst/Core_cpu/u_core/u_backend/complete_prd_reg[1][0]/C","student_top_inst/Core_cpu/u_core/u_backend/u_execute/u_prf/regs_q_reg[27][26]/CE","clk_out2_pll","clk_out2_pll"
"722","-4.417","10.000","13.934","30","","student_top_inst/Core_cpu/u_core/u_backend/complete_prd_reg[1][0]/C","student_top_inst/Core_cpu/u_core/u_backend/u_execute/u_prf/regs_q_reg[27][26]/CE","clk_out2_pll","clk_out2_pll"
"723","-4.417","10.000","13.934","30","","student_top_inst/Core_cpu/u_core/u_backend/complete_prd_reg[1][0]/C","student_top_inst/Core_cpu/u_core/u_backend/u_execute/u_prf/regs_q_reg[27][26]/CE","clk_out2_pll","clk_out2_pll"
"724","-4.417","10.000","13.934","30","","student_top_inst/Core_cpu/u_core/u_backend/complete_prd_reg[1][0]/C","student_top_inst/Core_cpu/u_core/u_backend/u_execute/u_prf/regs_q_reg[27][26]/CE","clk_out2_pll","clk_out2_pll"
"725","-4.417","10.000","13.934","30","","student_top_inst/Core_cpu/u_core/u_backend/complete_prd_reg[1][0]/C","student_top_inst/Core_cpu/u_core/u_backend/u_execute/u_prf/regs_q_reg[27][26]/CE","clk_out2_pll","clk_out2_pll"
"726","-4.417","10.000","13.934","30","","student_top_inst/Core_cpu/u_core/u_backend/complete_prd_reg[1][0]/C","student_top_inst/Core_cpu/u_core/u_backend/u_execute/u_prf/regs_q_reg[27][26]/CE","clk_out2_pll","clk_out2_pll"
"727","-4.417","10.000","13.934","30","","student_top_inst/Core_cpu/u_core/u_backend/complete_prd_reg[1][0]/C","student_top_inst/Core_cpu/u_core/u_backend/u_execute/u_prf/regs_q_reg[27][26]/CE","clk_out2_pll","clk_out2_pll"
"728","-4.417","10.000","13.934","30","","student_top_inst/Core_cpu/u_core/u_backend/complete_prd_reg[1][0]/C","student_top_inst/Core_cpu/u_core/u_backend/u_execute/u_prf/regs_q_reg[27][26]/CE","clk_out2_pll","clk_out2_pll"
"729","-4.417","10.000","13.934","30","","student_top_inst/Core_cpu/u_core/u_backend/complete_prd_reg[1][0]/C","student_top_inst/Core_cpu/u_core/u_backend/u_execute/u_prf/regs_q_reg[27][26]/CE","clk_out2_pll","clk_out2_pll"
"730","-4.417","10.000","13.934","30","","student_top_inst/Core_cpu/u_core/u_backend/complete_prd_reg[1][0]/C","student_top_inst/Core_cpu/u_core/u_backend/u_execute/u_prf/regs_q_reg[27][26]/CE","clk_out2_pll","clk_out2_pll"
"731","-4.417","10.000","13.934","30","","student_top_inst/Core_cpu/u_core/u_backend/complete_prd_reg[1][0]/C","student_top_inst/Core_cpu/u_core/u_backend/u_execute/u_prf/regs_q_reg[27][26]/CE","clk_out2_pll","clk_out2_pll"
"732","-4.417","10.000","13.934","30","","student_top_inst/Core_cpu/u_core/u_backend/complete_prd_reg[1][0]/C","student_top_inst/Core_cpu/u_core/u_backend/u_execute/u_prf/regs_q_reg[27][26]/CE","clk_out2_pll","clk_out2_pll"
"733","-4.417","10.000","13.934","30","","student_top_inst/Core_cpu/u_core/u_backend/complete_prd_reg[1][0]/C","student_top_inst/Core_cpu/u_core/u_backend/u_execute/u_prf/regs_q_reg[27][26]/CE","clk_out2_pll","clk_out2_pll"
"734","-4.417","10.000","13.934","30","","student_top_inst/Core_cpu/u_core/u_backend/complete_prd_reg[1][0]/C","student_top_inst/Core_cpu/u_core/u_backend/u_execute/u_prf/regs_q_reg[27][26]/CE","clk_out2_pll","clk_out2_pll"
"735","-4.417","10.000","13.934","30","","student_top_inst/Core_cpu/u_core/u_backend/complete_prd_reg[1][0]/C","student_top_inst/Core_cpu/u_core/u_backend/u_execute/u_prf/regs_q_reg[27][26]/CE","clk_out2_pll","clk_out2_pll"
"736","-4.417","10.000","13.934","30","","student_top_inst/Core_cpu/u_core/u_backend/complete_prd_reg[1][0]/C","student_top_inst/Core_cpu/u_core/u_backend/u_execute/u_prf/regs_q_reg[27][26]/CE","clk_out2_pll","clk_out2_pll"
"737","-4.417","10.000","13.934","30","","student_top_inst/Core_cpu/u_core/u_backend/complete_prd_reg[1][0]/C","student_top_inst/Core_cpu/u_core/u_backend/u_execute/u_prf/regs_q_reg[27][26]/CE","clk_out2_pll","clk_out2_pll"
"738","-4.417","10.000","13.934","30","","student_top_inst/Core_cpu/u_core/u_backend/complete_prd_reg[1][0]/C","student_top_inst/Core_cpu/u_core/u_backend/u_execute/u_prf/regs_q_reg[27][26]/CE","clk_out2_pll","clk_out2_pll"
"739","-4.417","10.000","13.934","30","","student_top_inst/Core_cpu/u_core/u_backend/complete_prd_reg[1][0]/C","student_top_inst/Core_cpu/u_core/u_backend/u_execute/u_prf/regs_q_reg[27][26]/CE","clk_out2_pll","clk_out2_pll"
"740","-4.417","10.000","13.934","30","","student_top_inst/Core_cpu/u_core/u_backend/complete_prd_reg[1][0]/C","student_top_inst/Core_cpu/u_core/u_backend/u_execute/u_prf/regs_q_reg[27][26]/CE","clk_out2_pll","clk_out2_pll"
"741","-4.417","10.000","13.934","30","","student_top_inst/Core_cpu/u_core/u_backend/complete_prd_reg[1][0]/C","student_top_inst/Core_cpu/u_core/u_backend/u_execute/u_prf/regs_q_reg[27][26]/CE","clk_out2_pll","clk_out2_pll"
"742","-4.417","10.000","13.934","30","","student_top_inst/Core_cpu/u_core/u_backend/complete_prd_reg[1][0]/C","student_top_inst/Core_cpu/u_core/u_backend/u_execute/u_prf/regs_q_reg[27][26]/CE","clk_out2_pll","clk_out2_pll"
"743","-4.417","10.000","13.934","30","","student_top_inst/Core_cpu/u_core/u_backend/complete_prd_reg[1][0]/C","student_top_inst/Core_cpu/u_core/u_backend/u_execute/u_prf/regs_q_reg[27][26]/CE","clk_out2_pll","clk_out2_pll"
"744","-4.417","10.000","13.934","30","","student_top_inst/Core_cpu/u_core/u_backend/complete_prd_reg[1][0]/C","student_top_inst/Core_cpu/u_core/u_backend/u_execute/u_prf/regs_q_reg[27][26]/CE","clk_out2_pll","clk_out2_pll"
"745","-4.417","10.000","13.934","30","","student_top_inst/Core_cpu/u_core/u_backend/complete_prd_reg[1][0]/C","student_top_inst/Core_cpu/u_core/u_backend/u_execute/u_prf/regs_q_reg[27][26]/CE","clk_out2_pll","clk_out2_pll"
"746","-4.417","10.000","13.934","30","","student_top_inst/Core_cpu/u_core/u_backend/complete_prd_reg[1][0]/C","student_top_inst/Core_cpu/u_core/u_backend/u_execute/u_prf/regs_q_reg[27][26]/CE","clk_out2_pll","clk_out2_pll"
"747","-4.417","10.000","13.934","30","","student_top_inst/Core_cpu/u_core/u_backend/complete_prd_reg[1][0]/C","student_top_inst/Core_cpu/u_core/u_backend/u_execute/u_prf/regs_q_reg[27][26]/CE","clk_out2_pll","clk_out2_pll"
"748","-4.417","10.000","13.934","30","","student_top_inst/Core_cpu/u_core/u_backend/complete_prd_reg[1][0]/C","student_top_inst/Core_cpu/u_core/u_backend/u_execute/u_prf/regs_q_reg[27][26]/CE","clk_out2_pll","clk_out2_pll"
"749","-4.417","10.000","13.934","30","","student_top_inst/Core_cpu/u_core/u_backend/complete_prd_reg[1][0]/C","student_top_inst/Core_cpu/u_core/u_backend/u_execute/u_prf/regs_q_reg[27][26]/CE","clk_out2_pll","clk_out2_pll"
"750","-4.417","10.000","13.934","30","","student_top_inst/Core_cpu/u_core/u_backend/complete_prd_reg[1][0]/C","student_top_inst/Core_cpu/u_core/u_backend/u_execute/u_prf/regs_q_reg[27][26]/CE","clk_out2_pll","clk_out2_pll"
"751","-4.417","10.000","13.934","30","","student_top_inst/Core_cpu/u_core/u_backend/complete_prd_reg[1][0]/C","student_top_inst/Core_cpu/u_core/u_backend/u_execute/u_prf/regs_q_reg[27][26]/CE","clk_out2_pll","clk_out2_pll"
"752","-4.417","10.000","13.934","30","","student_top_inst/Core_cpu/u_core/u_backend/complete_prd_reg[1][0]/C","student_top_inst/Core_cpu/u_core/u_backend/u_execute/u_prf/regs_q_reg[27][26]/CE","clk_out2_pll","clk_out2_pll"
"753","-4.417","10.000","13.934","30","","student_top_inst/Core_cpu/u_core/u_backend/complete_prd_reg[1][0]/C","student_top_inst/Core_cpu/u_core/u_backend/u_execute/u_prf/regs_q_reg[27][26]/CE","clk_out2_pll","clk_out2_pll"
"754","-4.417","10.000","13.934","30","","student_top_inst/Core_cpu/u_core/u_backend/complete_prd_reg[1][0]/C","student_top_inst/Core_cpu/u_core/u_backend/u_execute/u_prf/regs_q_reg[27][26]/CE","clk_out2_pll","clk_out2_pll"
"755","-4.417","10.000","13.934","30","","student_top_inst/Core_cpu/u_core/u_backend/complete_prd_reg[1][0]/C","student_top_inst/Core_cpu/u_core/u_backend/u_execute/u_prf/regs_q_reg[27][26]/CE","clk_out2_pll","clk_out2_pll"
"756","-4.417","10.000","13.934","30","","student_top_inst/Core_cpu/u_core/u_backend/complete_prd_reg[1][0]/C","student_top_inst/Core_cpu/u_core/u_backend/u_execute/u_prf/regs_q_reg[27][26]/CE","clk_out2_pll","clk_out2_pll"
"757","-4.417","10.000","13.934","30","","student_top_inst/Core_cpu/u_core/u_backend/complete_prd_reg[1][0]/C","student_top_inst/Core_cpu/u_core/u_backend/u_execute/u_prf/regs_q_reg[27][9]/CE","clk_out2_pll","clk_out2_pll"
"758","-4.417","10.000","13.934","30","","student_top_inst/Core_cpu/u_core/u_backend/complete_prd_reg[1][0]/C","student_top_inst/Core_cpu/u_core/u_backend/u_execute/u_prf/regs_q_reg[27][9]/CE","clk_out2_pll","clk_out2_pll"
"759","-4.417","10.000","13.934","30","","student_top_inst/Core_cpu/u_core/u_backend/complete_prd_reg[1][0]/C","student_top_inst/Core_cpu/u_core/u_backend/u_execute/u_prf/regs_q_reg[27][9]/CE","clk_out2_pll","clk_out2_pll"
"760","-4.417","10.000","13.934","30","","student_top_inst/Core_cpu/u_core/u_backend/complete_prd_reg[1][0]/C","student_top_inst/Core_cpu/u_core/u_backend/u_execute/u_prf/regs_q_reg[27][9]/CE","clk_out2_pll","clk_out2_pll"
"761","-4.417","10.000","13.934","30","","student_top_inst/Core_cpu/u_core/u_backend/complete_prd_reg[1][0]/C","student_top_inst/Core_cpu/u_core/u_backend/u_execute/u_prf/regs_q_reg[27][9]/CE","clk_out2_pll","clk_out2_pll"
"762","-4.417","10.000","13.934","30","","student_top_inst/Core_cpu/u_core/u_backend/complete_prd_reg[1][0]/C","student_top_inst/Core_cpu/u_core/u_backend/u_execute/u_prf/regs_q_reg[27][9]/CE","clk_out2_pll","clk_out2_pll"
"763","-4.417","10.000","13.934","30","","student_top_inst/Core_cpu/u_core/u_backend/complete_prd_reg[1][0]/C","student_top_inst/Core_cpu/u_core/u_backend/u_execute/u_prf/regs_q_reg[27][9]/CE","clk_out2_pll","clk_out2_pll"
"764","-4.417","10.000","13.934","30","","student_top_inst/Core_cpu/u_core/u_backend/complete_prd_reg[1][0]/C","student_top_inst/Core_cpu/u_core/u_backend/u_execute/u_prf/regs_q_reg[27][9]/CE","clk_out2_pll","clk_out2_pll"
"765","-4.417","10.000","13.934","30","","student_top_inst/Core_cpu/u_core/u_backend/complete_prd_reg[1][0]/C","student_top_inst/Core_cpu/u_core/u_backend/u_execute/u_prf/regs_q_reg[27][9]/CE","clk_out2_pll","clk_out2_pll"
"766","-4.417","10.000","13.934","30","","student_top_inst/Core_cpu/u_core/u_backend/complete_prd_reg[1][0]/C","student_top_inst/Core_cpu/u_core/u_backend/u_execute/u_prf/regs_q_reg[27][9]/CE","clk_out2_pll","clk_out2_pll"
"767","-4.417","10.000","13.934","30","","student_top_inst/Core_cpu/u_core/u_backend/complete_prd_reg[1][0]/C","student_top_inst/Core_cpu/u_core/u_backend/u_execute/u_prf/regs_q_reg[27][9]/CE","clk_out2_pll","clk_out2_pll"
"768","-4.417","10.000","13.934","30","","student_top_inst/Core_cpu/u_core/u_backend/complete_prd_reg[1][0]/C","student_top_inst/Core_cpu/u_core/u_backend/u_execute/u_prf/regs_q_reg[27][9]/CE","clk_out2_pll","clk_out2_pll"
"769","-4.417","10.000","13.934","30","","student_top_inst/Core_cpu/u_core/u_backend/complete_prd_reg[1][0]/C","student_top_inst/Core_cpu/u_core/u_backend/u_execute/u_prf/regs_q_reg[27][9]/CE","clk_out2_pll","clk_out2_pll"
"770","-4.417","10.000","13.934","30","","student_top_inst/Core_cpu/u_core/u_backend/complete_prd_reg[1][0]/C","student_top_inst/Core_cpu/u_core/u_backend/u_execute/u_prf/regs_q_reg[27][9]/CE","clk_out2_pll","clk_out2_pll"
"771","-4.417","10.000","13.934","30","","student_top_inst/Core_cpu/u_core/u_backend/complete_prd_reg[1][0]/C","student_top_inst/Core_cpu/u_core/u_backend/u_execute/u_prf/regs_q_reg[27][9]/CE","clk_out2_pll","clk_out2_pll"
"772","-4.417","10.000","13.934","30","","student_top_inst/Core_cpu/u_core/u_backend/complete_prd_reg[1][0]/C","student_top_inst/Core_cpu/u_core/u_backend/u_execute/u_prf/regs_q_reg[27][9]/CE","clk_out2_pll","clk_out2_pll"
"773","-4.417","10.000","13.934","30","","student_top_inst/Core_cpu/u_core/u_backend/complete_prd_reg[1][0]/C","student_top_inst/Core_cpu/u_core/u_backend/u_execute/u_prf/regs_q_reg[27][9]/CE","clk_out2_pll","clk_out2_pll"
"774","-4.417","10.000","13.934","30","","student_top_inst/Core_cpu/u_core/u_backend/complete_prd_reg[1][0]/C","student_top_inst/Core_cpu/u_core/u_backend/u_execute/u_prf/regs_q_reg[27][9]/CE","clk_out2_pll","clk_out2_pll"
"775","-4.417","10.000","13.934","30","","student_top_inst/Core_cpu/u_core/u_backend/complete_prd_reg[1][0]/C","student_top_inst/Core_cpu/u_core/u_backend/u_execute/u_prf/regs_q_reg[27][9]/CE","clk_out2_pll","clk_out2_pll"
"776","-4.417","10.000","13.934","30","","student_top_inst/Core_cpu/u_core/u_backend/complete_prd_reg[1][0]/C","student_top_inst/Core_cpu/u_core/u_backend/u_execute/u_prf/regs_q_reg[27][9]/CE","clk_out2_pll","clk_out2_pll"
"777","-4.417","10.000","13.934","30","","student_top_inst/Core_cpu/u_core/u_backend/complete_prd_reg[1][0]/C","student_top_inst/Core_cpu/u_core/u_backend/u_execute/u_prf/regs_q_reg[27][9]/CE","clk_out2_pll","clk_out2_pll"
"778","-4.417","10.000","13.934","30","","student_top_inst/Core_cpu/u_core/u_backend/complete_prd_reg[1][0]/C","student_top_inst/Core_cpu/u_core/u_backend/u_execute/u_prf/regs_q_reg[27][9]/CE","clk_out2_pll","clk_out2_pll"
"779","-4.417","10.000","13.934","30","","student_top_inst/Core_cpu/u_core/u_backend/complete_prd_reg[1][0]/C","student_top_inst/Core_cpu/u_core/u_backend/u_execute/u_prf/regs_q_reg[27][9]/CE","clk_out2_pll","clk_out2_pll"
"780","-4.417","10.000","13.934","30","","student_top_inst/Core_cpu/u_core/u_backend/complete_prd_reg[1][0]/C","student_top_inst/Core_cpu/u_core/u_backend/u_execute/u_prf/regs_q_reg[27][9]/CE","clk_out2_pll","clk_out2_pll"
"781","-4.417","10.000","13.934","30","","student_top_inst/Core_cpu/u_core/u_backend/complete_prd_reg[1][0]/C","student_top_inst/Core_cpu/u_core/u_backend/u_execute/u_prf/regs_q_reg[27][9]/CE","clk_out2_pll","clk_out2_pll"
"782","-4.417","10.000","13.934","30","","student_top_inst/Core_cpu/u_core/u_backend/complete_prd_reg[1][0]/C","student_top_inst/Core_cpu/u_core/u_backend/u_execute/u_prf/regs_q_reg[27][9]/CE","clk_out2_pll","clk_out2_pll"
"783","-4.417","10.000","13.934","30","","student_top_inst/Core_cpu/u_core/u_backend/complete_prd_reg[1][0]/C","student_top_inst/Core_cpu/u_core/u_backend/u_execute/u_prf/regs_q_reg[27][9]/CE","clk_out2_pll","clk_out2_pll"
"784","-4.417","10.000","13.934","30","","student_top_inst/Core_cpu/u_core/u_backend/complete_prd_reg[1][0]/C","student_top_inst/Core_cpu/u_core/u_backend/u_execute/u_prf/regs_q_reg[27][9]/CE","clk_out2_pll","clk_out2_pll"
"785","-4.417","10.000","13.934","30","","student_top_inst/Core_cpu/u_core/u_backend/complete_prd_reg[1][0]/C","student_top_inst/Core_cpu/u_core/u_backend/u_execute/u_prf/regs_q_reg[27][9]/CE","clk_out2_pll","clk_out2_pll"
"786","-4.417","10.000","13.934","30","","student_top_inst/Core_cpu/u_core/u_backend/complete_prd_reg[1][0]/C","student_top_inst/Core_cpu/u_core/u_backend/u_execute/u_prf/regs_q_reg[27][9]/CE","clk_out2_pll","clk_out2_pll"
"787","-4.417","10.000","13.934","30","","student_top_inst/Core_cpu/u_core/u_backend/complete_prd_reg[1][0]/C","student_top_inst/Core_cpu/u_core/u_backend/u_execute/u_prf/regs_q_reg[27][9]/CE","clk_out2_pll","clk_out2_pll"
"788","-4.417","10.000","13.934","30","","student_top_inst/Core_cpu/u_core/u_backend/complete_prd_reg[1][0]/C","student_top_inst/Core_cpu/u_core/u_backend/u_execute/u_prf/regs_q_reg[27][9]/CE","clk_out2_pll","clk_out2_pll"
"789","-4.417","10.000","13.934","30","","student_top_inst/Core_cpu/u_core/u_backend/complete_prd_reg[1][0]/C","student_top_inst/Core_cpu/u_core/u_backend/u_execute/u_prf/regs_q_reg[27][9]/CE","clk_out2_pll","clk_out2_pll"
"790","-4.417","10.000","13.934","30","","student_top_inst/Core_cpu/u_core/u_backend/complete_prd_reg[1][0]/C","student_top_inst/Core_cpu/u_core/u_backend/u_execute/u_prf/regs_q_reg[27][9]/CE","clk_out2_pll","clk_out2_pll"
"791","-4.417","10.000","13.934","30","","student_top_inst/Core_cpu/u_core/u_backend/complete_prd_reg[1][0]/C","student_top_inst/Core_cpu/u_core/u_backend/u_execute/u_prf/regs_q_reg[27][9]/CE","clk_out2_pll","clk_out2_pll"
"792","-4.417","10.000","13.934","30","","student_top_inst/Core_cpu/u_core/u_backend/complete_prd_reg[1][0]/C","student_top_inst/Core_cpu/u_core/u_backend/u_execute/u_prf/regs_q_reg[27][9]/CE","clk_out2_pll","clk_out2_pll"
"793","-4.417","10.000","13.934","30","","student_top_inst/Core_cpu/u_core/u_backend/complete_prd_reg[1][0]/C","student_top_inst/Core_cpu/u_core/u_backend/u_execute/u_prf/regs_q_reg[27][9]/CE","clk_out2_pll","clk_out2_pll"
"794","-4.417","10.000","13.934","30","","student_top_inst/Core_cpu/u_core/u_backend/complete_prd_reg[1][0]/C","student_top_inst/Core_cpu/u_core/u_backend/u_execute/u_prf/regs_q_reg[27][9]/CE","clk_out2_pll","clk_out2_pll"
"795","-4.417","10.000","13.934","30","","student_top_inst/Core_cpu/u_core/u_backend/complete_prd_reg[1][0]/C","student_top_inst/Core_cpu/u_core/u_backend/u_execute/u_prf/regs_q_reg[27][9]/CE","clk_out2_pll","clk_out2_pll"
"796","-4.417","10.000","13.934","30","","student_top_inst/Core_cpu/u_core/u_backend/complete_prd_reg[1][0]/C","student_top_inst/Core_cpu/u_core/u_backend/u_execute/u_prf/regs_q_reg[27][9]/CE","clk_out2_pll","clk_out2_pll"
"797","-4.417","10.000","13.934","30","","student_top_inst/Core_cpu/u_core/u_backend/complete_prd_reg[1][0]/C","student_top_inst/Core_cpu/u_core/u_backend/u_execute/u_prf/regs_q_reg[27][9]/CE","clk_out2_pll","clk_out2_pll"
"798","-4.417","10.000","13.934","30","","student_top_inst/Core_cpu/u_core/u_backend/complete_prd_reg[1][0]/C","student_top_inst/Core_cpu/u_core/u_backend/u_execute/u_prf/regs_q_reg[27][9]/CE","clk_out2_pll","clk_out2_pll"
"799","-4.417","10.000","13.934","30","","student_top_inst/Core_cpu/u_core/u_backend/complete_prd_reg[1][0]/C","student_top_inst/Core_cpu/u_core/u_backend/u_execute/u_prf/regs_q_reg[27][9]/CE","clk_out2_pll","clk_out2_pll"
"800","-4.417","10.000","13.934","30","","student_top_inst/Core_cpu/u_core/u_backend/complete_prd_reg[1][0]/C","student_top_inst/Core_cpu/u_core/u_backend/u_execute/u_prf/regs_q_reg[27][9]/CE","clk_out2_pll","clk_out2_pll"
"801","-4.417","10.000","13.934","30","","student_top_inst/Core_cpu/u_core/u_backend/complete_prd_reg[1][0]/C","student_top_inst/Core_cpu/u_core/u_backend/u_execute/u_prf/regs_q_reg[27][9]/CE","clk_out2_pll","clk_out2_pll"
"802","-4.417","10.000","13.934","30","","student_top_inst/Core_cpu/u_core/u_backend/complete_prd_reg[1][0]/C","student_top_inst/Core_cpu/u_core/u_backend/u_execute/u_prf/regs_q_reg[27][9]/CE","clk_out2_pll","clk_out2_pll"
"803","-4.417","10.000","13.934","30","","student_top_inst/Core_cpu/u_core/u_backend/complete_prd_reg[1][0]/C","student_top_inst/Core_cpu/u_core/u_backend/u_execute/u_prf/regs_q_reg[27][9]/CE","clk_out2_pll","clk_out2_pll"
"804","-4.417","10.000","13.934","30","","student_top_inst/Core_cpu/u_core/u_backend/complete_prd_reg[1][0]/C","student_top_inst/Core_cpu/u_core/u_backend/u_execute/u_prf/regs_q_reg[27][9]/CE","clk_out2_pll","clk_out2_pll"
"805","-4.417","10.000","13.934","30","","student_top_inst/Core_cpu/u_core/u_backend/complete_prd_reg[1][0]/C","student_top_inst/Core_cpu/u_core/u_backend/u_execute/u_prf/regs_q_reg[27][9]/CE","clk_out2_pll","clk_out2_pll"
"806","-4.417","10.000","13.934","30","","student_top_inst/Core_cpu/u_core/u_backend/complete_prd_reg[1][0]/C","student_top_inst/Core_cpu/u_core/u_backend/u_execute/u_prf/regs_q_reg[27][9]/CE","clk_out2_pll","clk_out2_pll"
"807","-4.417","10.000","13.934","30","","student_top_inst/Core_cpu/u_core/u_backend/complete_prd_reg[1][0]/C","student_top_inst/Core_cpu/u_core/u_backend/u_execute/u_prf/regs_q_reg[27][9]/CE","clk_out2_pll","clk_out2_pll"
"808","-4.417","10.000","13.934","30","","student_top_inst/Core_cpu/u_core/u_backend/complete_prd_reg[1][0]/C","student_top_inst/Core_cpu/u_core/u_backend/u_execute/u_prf/regs_q_reg[27][9]/CE","clk_out2_pll","clk_out2_pll"
"809","-4.417","10.000","13.934","30","","student_top_inst/Core_cpu/u_core/u_backend/complete_prd_reg[1][0]/C","student_top_inst/Core_cpu/u_core/u_backend/u_execute/u_prf/regs_q_reg[27][9]/CE","clk_out2_pll","clk_out2_pll"
"810","-4.417","10.000","13.934","30","","student_top_inst/Core_cpu/u_core/u_backend/complete_prd_reg[1][0]/C","student_top_inst/Core_cpu/u_core/u_backend/u_execute/u_prf/regs_q_reg[27][9]/CE","clk_out2_pll","clk_out2_pll"
"811","-4.417","10.000","13.934","30","","student_top_inst/Core_cpu/u_core/u_backend/complete_prd_reg[1][0]/C","student_top_inst/Core_cpu/u_core/u_backend/u_execute/u_prf/regs_q_reg[27][9]/CE","clk_out2_pll","clk_out2_pll"
"812","-4.417","10.000","13.934","30","","student_top_inst/Core_cpu/u_core/u_backend/complete_prd_reg[1][0]/C","student_top_inst/Core_cpu/u_core/u_backend/u_execute/u_prf/regs_q_reg[27][9]/CE","clk_out2_pll","clk_out2_pll"
"813","-4.417","10.000","13.934","30","","student_top_inst/Core_cpu/u_core/u_backend/complete_prd_reg[1][0]/C","student_top_inst/Core_cpu/u_core/u_backend/u_execute/u_prf/regs_q_reg[27][9]/CE","clk_out2_pll","clk_out2_pll"
"814","-4.417","10.000","13.934","30","","student_top_inst/Core_cpu/u_core/u_backend/complete_prd_reg[1][0]/C","student_top_inst/Core_cpu/u_core/u_backend/u_execute/u_prf/regs_q_reg[27][9]/CE","clk_out2_pll","clk_out2_pll"
"815","-4.417","10.000","13.934","30","","student_top_inst/Core_cpu/u_core/u_backend/complete_prd_reg[1][0]/C","student_top_inst/Core_cpu/u_core/u_backend/u_execute/u_prf/regs_q_reg[27][9]/CE","clk_out2_pll","clk_out2_pll"
"816","-4.417","10.000","13.934","30","","student_top_inst/Core_cpu/u_core/u_backend/complete_prd_reg[1][0]/C","student_top_inst/Core_cpu/u_core/u_backend/u_execute/u_prf/regs_q_reg[27][9]/CE","clk_out2_pll","clk_out2_pll"
"817","-4.417","10.000","13.934","30","","student_top_inst/Core_cpu/u_core/u_backend/complete_prd_reg[1][0]/C","student_top_inst/Core_cpu/u_core/u_backend/u_execute/u_prf/regs_q_reg[27][9]/CE","clk_out2_pll","clk_out2_pll"
"818","-4.417","10.000","13.934","30","","student_top_inst/Core_cpu/u_core/u_backend/complete_prd_reg[1][0]/C","student_top_inst/Core_cpu/u_core/u_backend/u_execute/u_prf/regs_q_reg[27][9]/CE","clk_out2_pll","clk_out2_pll"
"819","-4.417","10.000","13.934","30","","student_top_inst/Core_cpu/u_core/u_backend/complete_prd_reg[1][0]/C","student_top_inst/Core_cpu/u_core/u_backend/u_execute/u_prf/regs_q_reg[27][9]/CE","clk_out2_pll","clk_out2_pll"
"820","-4.417","10.000","13.934","30","","student_top_inst/Core_cpu/u_core/u_backend/complete_prd_reg[1][0]/C","student_top_inst/Core_cpu/u_core/u_backend/u_execute/u_prf/regs_q_reg[27][9]/CE","clk_out2_pll","clk_out2_pll"
"821","-4.417","10.000","13.934","30","","student_top_inst/Core_cpu/u_core/u_backend/complete_prd_reg[1][0]/C","student_top_inst/Core_cpu/u_core/u_backend/u_execute/u_prf/regs_q_reg[27][9]/CE","clk_out2_pll","clk_out2_pll"
"822","-4.417","10.000","13.934","30","","student_top_inst/Core_cpu/u_core/u_backend/complete_prd_reg[1][0]/C","student_top_inst/Core_cpu/u_core/u_backend/u_execute/u_prf/regs_q_reg[27][9]/CE","clk_out2_pll","clk_out2_pll"
"823","-4.417","10.000","13.934","30","","student_top_inst/Core_cpu/u_core/u_backend/complete_prd_reg[1][0]/C","student_top_inst/Core_cpu/u_core/u_backend/u_execute/u_prf/regs_q_reg[27][9]/CE","clk_out2_pll","clk_out2_pll"
"824","-4.417","10.000","13.934","30","","student_top_inst/Core_cpu/u_core/u_backend/complete_prd_reg[1][0]/C","student_top_inst/Core_cpu/u_core/u_backend/u_execute/u_prf/regs_q_reg[27][9]/CE","clk_out2_pll","clk_out2_pll"
"825","-4.417","10.000","13.934","30","","student_top_inst/Core_cpu/u_core/u_backend/complete_prd_reg[1][0]/C","student_top_inst/Core_cpu/u_core/u_backend/u_execute/u_prf/regs_q_reg[27][9]/CE","clk_out2_pll","clk_out2_pll"
"826","-4.417","10.000","13.934","30","","student_top_inst/Core_cpu/u_core/u_backend/complete_prd_reg[1][0]/C","student_top_inst/Core_cpu/u_core/u_backend/u_execute/u_prf/regs_q_reg[27][9]/CE","clk_out2_pll","clk_out2_pll"
"827","-4.417","10.000","13.934","30","","student_top_inst/Core_cpu/u_core/u_backend/complete_prd_reg[1][0]/C","student_top_inst/Core_cpu/u_core/u_backend/u_execute/u_prf/regs_q_reg[27][9]/CE","clk_out2_pll","clk_out2_pll"
"828","-4.417","10.000","13.934","30","","student_top_inst/Core_cpu/u_core/u_backend/complete_prd_reg[1][0]/C","student_top_inst/Core_cpu/u_core/u_backend/u_execute/u_prf/regs_q_reg[27][9]/CE","clk_out2_pll","clk_out2_pll"
"829","-4.417","10.000","13.934","30","","student_top_inst/Core_cpu/u_core/u_backend/complete_prd_reg[1][0]/C","student_top_inst/Core_cpu/u_core/u_backend/u_execute/u_prf/regs_q_reg[27][9]/CE","clk_out2_pll","clk_out2_pll"
"830","-4.417","10.000","13.934","30","","student_top_inst/Core_cpu/u_core/u_backend/complete_prd_reg[1][0]/C","student_top_inst/Core_cpu/u_core/u_backend/u_execute/u_prf/regs_q_reg[27][9]/CE","clk_out2_pll","clk_out2_pll"
"831","-4.417","10.000","13.934","30","","student_top_inst/Core_cpu/u_core/u_backend/complete_prd_reg[1][0]/C","student_top_inst/Core_cpu/u_core/u_backend/u_execute/u_prf/regs_q_reg[27][9]/CE","clk_out2_pll","clk_out2_pll"
"832","-4.417","10.000","13.934","30","","student_top_inst/Core_cpu/u_core/u_backend/complete_prd_reg[1][0]/C","student_top_inst/Core_cpu/u_core/u_backend/u_execute/u_prf/regs_q_reg[27][9]/CE","clk_out2_pll","clk_out2_pll"
"833","-4.417","10.000","13.934","30","","student_top_inst/Core_cpu/u_core/u_backend/complete_prd_reg[1][0]/C","student_top_inst/Core_cpu/u_core/u_backend/u_execute/u_prf/regs_q_reg[27][9]/CE","clk_out2_pll","clk_out2_pll"
"834","-4.417","10.000","13.934","30","","student_top_inst/Core_cpu/u_core/u_backend/complete_prd_reg[1][0]/C","student_top_inst/Core_cpu/u_core/u_backend/u_execute/u_prf/regs_q_reg[27][9]/CE","clk_out2_pll","clk_out2_pll"
"835","-4.417","10.000","13.934","30","","student_top_inst/Core_cpu/u_core/u_backend/complete_prd_reg[1][0]/C","student_top_inst/Core_cpu/u_core/u_backend/u_execute/u_prf/regs_q_reg[27][9]/CE","clk_out2_pll","clk_out2_pll"
"836","-4.417","10.000","13.934","30","","student_top_inst/Core_cpu/u_core/u_backend/complete_prd_reg[1][0]/C","student_top_inst/Core_cpu/u_core/u_backend/u_execute/u_prf/regs_q_reg[27][9]/CE","clk_out2_pll","clk_out2_pll"
"837","-4.417","10.000","13.934","30","","student_top_inst/Core_cpu/u_core/u_backend/complete_prd_reg[1][0]/C","student_top_inst/Core_cpu/u_core/u_backend/u_execute/u_prf/regs_q_reg[27][9]/CE","clk_out2_pll","clk_out2_pll"
"838","-4.417","10.000","13.934","30","","student_top_inst/Core_cpu/u_core/u_backend/complete_prd_reg[1][0]/C","student_top_inst/Core_cpu/u_core/u_backend/u_execute/u_prf/regs_q_reg[27][9]/CE","clk_out2_pll","clk_out2_pll"
"839","-4.417","10.000","13.934","30","","student_top_inst/Core_cpu/u_core/u_backend/complete_prd_reg[1][0]/C","student_top_inst/Core_cpu/u_core/u_backend/u_execute/u_prf/regs_q_reg[27][9]/CE","clk_out2_pll","clk_out2_pll"
"840","-4.417","10.000","13.934","30","","student_top_inst/Core_cpu/u_core/u_backend/complete_prd_reg[1][0]/C","student_top_inst/Core_cpu/u_core/u_backend/u_execute/u_prf/regs_q_reg[27][9]/CE","clk_out2_pll","clk_out2_pll"
"841","-4.417","10.000","13.934","30","","student_top_inst/Core_cpu/u_core/u_backend/complete_prd_reg[1][0]/C","student_top_inst/Core_cpu/u_core/u_backend/u_execute/u_prf/regs_q_reg[27][9]/CE","clk_out2_pll","clk_out2_pll"
"842","-4.417","10.000","13.934","30","","student_top_inst/Core_cpu/u_core/u_backend/complete_prd_reg[1][0]/C","student_top_inst/Core_cpu/u_core/u_backend/u_execute/u_prf/regs_q_reg[27][9]/CE","clk_out2_pll","clk_out2_pll"
"843","-4.417","10.000","13.934","30","","student_top_inst/Core_cpu/u_core/u_backend/complete_prd_reg[1][0]/C","student_top_inst/Core_cpu/u_core/u_backend/u_execute/u_prf/regs_q_reg[27][9]/CE","clk_out2_pll","clk_out2_pll"
"844","-4.417","10.000","13.934","30","","student_top_inst/Core_cpu/u_core/u_backend/complete_prd_reg[1][0]/C","student_top_inst/Core_cpu/u_core/u_backend/u_execute/u_prf/regs_q_reg[27][9]/CE","clk_out2_pll","clk_out2_pll"
"845","-4.417","10.000","13.934","30","","student_top_inst/Core_cpu/u_core/u_backend/complete_prd_reg[1][0]/C","student_top_inst/Core_cpu/u_core/u_backend/u_execute/u_prf/regs_q_reg[27][9]/CE","clk_out2_pll","clk_out2_pll"
"846","-4.417","10.000","13.934","30","","student_top_inst/Core_cpu/u_core/u_backend/complete_prd_reg[1][0]/C","student_top_inst/Core_cpu/u_core/u_backend/u_execute/u_prf/regs_q_reg[27][9]/CE","clk_out2_pll","clk_out2_pll"
"847","-4.417","10.000","13.934","30","","student_top_inst/Core_cpu/u_core/u_backend/complete_prd_reg[1][0]/C","student_top_inst/Core_cpu/u_core/u_backend/u_execute/u_prf/regs_q_reg[27][9]/CE","clk_out2_pll","clk_out2_pll"
"848","-4.417","10.000","13.934","30","","student_top_inst/Core_cpu/u_core/u_backend/complete_prd_reg[1][0]/C","student_top_inst/Core_cpu/u_core/u_backend/u_execute/u_prf/regs_q_reg[27][9]/CE","clk_out2_pll","clk_out2_pll"
"849","-4.417","10.000","13.934","30","","student_top_inst/Core_cpu/u_core/u_backend/complete_prd_reg[1][0]/C","student_top_inst/Core_cpu/u_core/u_backend/u_execute/u_prf/regs_q_reg[27][9]/CE","clk_out2_pll","clk_out2_pll"
"850","-4.417","10.000","13.934","30","","student_top_inst/Core_cpu/u_core/u_backend/complete_prd_reg[1][0]/C","student_top_inst/Core_cpu/u_core/u_backend/u_execute/u_prf/regs_q_reg[27][9]/CE","clk_out2_pll","clk_out2_pll"
"851","-4.417","10.000","13.934","30","","student_top_inst/Core_cpu/u_core/u_backend/complete_prd_reg[1][0]/C","student_top_inst/Core_cpu/u_core/u_backend/u_execute/u_prf/regs_q_reg[27][9]/CE","clk_out2_pll","clk_out2_pll"
"852","-4.417","10.000","13.934","30","","student_top_inst/Core_cpu/u_core/u_backend/complete_prd_reg[1][0]/C","student_top_inst/Core_cpu/u_core/u_backend/u_execute/u_prf/regs_q_reg[27][9]/CE","clk_out2_pll","clk_out2_pll"
"853","-4.417","10.000","13.934","30","","student_top_inst/Core_cpu/u_core/u_backend/complete_prd_reg[1][0]/C","student_top_inst/Core_cpu/u_core/u_backend/u_execute/u_prf/regs_q_reg[27][9]/CE","clk_out2_pll","clk_out2_pll"
"854","-4.417","10.000","13.934","30","","student_top_inst/Core_cpu/u_core/u_backend/complete_prd_reg[1][0]/C","student_top_inst/Core_cpu/u_core/u_backend/u_execute/u_prf/regs_q_reg[27][9]/CE","clk_out2_pll","clk_out2_pll"
"855","-4.417","10.000","13.934","30","","student_top_inst/Core_cpu/u_core/u_backend/complete_prd_reg[1][0]/C","student_top_inst/Core_cpu/u_core/u_backend/u_execute/u_prf/regs_q_reg[27][9]/CE","clk_out2_pll","clk_out2_pll"
"856","-4.417","10.000","13.934","30","","student_top_inst/Core_cpu/u_core/u_backend/complete_prd_reg[1][0]/C","student_top_inst/Core_cpu/u_core/u_backend/u_execute/u_prf/regs_q_reg[27][9]/CE","clk_out2_pll","clk_out2_pll"
"857","-4.416","10.000","13.932","30","","student_top_inst/Core_cpu/u_core/u_backend/complete_prd_reg[1][0]/C","student_top_inst/Core_cpu/u_core/u_backend/u_execute/u_prf/regs_q_reg[27][28]/CE","clk_out2_pll","clk_out2_pll"
"858","-4.416","10.000","13.932","30","","student_top_inst/Core_cpu/u_core/u_backend/complete_prd_reg[1][0]/C","student_top_inst/Core_cpu/u_core/u_backend/u_execute/u_prf/regs_q_reg[27][28]/CE","clk_out2_pll","clk_out2_pll"
"859","-4.416","10.000","13.932","30","","student_top_inst/Core_cpu/u_core/u_backend/complete_prd_reg[1][0]/C","student_top_inst/Core_cpu/u_core/u_backend/u_execute/u_prf/regs_q_reg[27][28]/CE","clk_out2_pll","clk_out2_pll"
"860","-4.416","10.000","13.932","30","","student_top_inst/Core_cpu/u_core/u_backend/complete_prd_reg[1][0]/C","student_top_inst/Core_cpu/u_core/u_backend/u_execute/u_prf/regs_q_reg[27][28]/CE","clk_out2_pll","clk_out2_pll"
"861","-4.416","10.000","13.932","30","","student_top_inst/Core_cpu/u_core/u_backend/complete_prd_reg[1][0]/C","student_top_inst/Core_cpu/u_core/u_backend/u_execute/u_prf/regs_q_reg[27][28]/CE","clk_out2_pll","clk_out2_pll"
"862","-4.416","10.000","13.932","30","","student_top_inst/Core_cpu/u_core/u_backend/complete_prd_reg[1][0]/C","student_top_inst/Core_cpu/u_core/u_backend/u_execute/u_prf/regs_q_reg[27][28]/CE","clk_out2_pll","clk_out2_pll"
"863","-4.416","10.000","13.932","30","","student_top_inst/Core_cpu/u_core/u_backend/complete_prd_reg[1][0]/C","student_top_inst/Core_cpu/u_core/u_backend/u_execute/u_prf/regs_q_reg[27][28]/CE","clk_out2_pll","clk_out2_pll"
"864","-4.416","10.000","13.932","30","","student_top_inst/Core_cpu/u_core/u_backend/complete_prd_reg[1][0]/C","student_top_inst/Core_cpu/u_core/u_backend/u_execute/u_prf/regs_q_reg[27][28]/CE","clk_out2_pll","clk_out2_pll"
"865","-4.416","10.000","13.932","30","","student_top_inst/Core_cpu/u_core/u_backend/complete_prd_reg[1][0]/C","student_top_inst/Core_cpu/u_core/u_backend/u_execute/u_prf/regs_q_reg[27][28]/CE","clk_out2_pll","clk_out2_pll"
"866","-4.416","10.000","13.932","30","","student_top_inst/Core_cpu/u_core/u_backend/complete_prd_reg[1][0]/C","student_top_inst/Core_cpu/u_core/u_backend/u_execute/u_prf/regs_q_reg[27][28]/CE","clk_out2_pll","clk_out2_pll"
"867","-4.416","10.000","13.932","30","","student_top_inst/Core_cpu/u_core/u_backend/complete_prd_reg[1][0]/C","student_top_inst/Core_cpu/u_core/u_backend/u_execute/u_prf/regs_q_reg[27][28]/CE","clk_out2_pll","clk_out2_pll"
"868","-4.416","10.000","13.932","30","","student_top_inst/Core_cpu/u_core/u_backend/complete_prd_reg[1][0]/C","student_top_inst/Core_cpu/u_core/u_backend/u_execute/u_prf/regs_q_reg[27][28]/CE","clk_out2_pll","clk_out2_pll"
"869","-4.416","10.000","13.932","30","","student_top_inst/Core_cpu/u_core/u_backend/complete_prd_reg[1][0]/C","student_top_inst/Core_cpu/u_core/u_backend/u_execute/u_prf/regs_q_reg[27][28]/CE","clk_out2_pll","clk_out2_pll"
"870","-4.416","10.000","13.932","30","","student_top_inst/Core_cpu/u_core/u_backend/complete_prd_reg[1][0]/C","student_top_inst/Core_cpu/u_core/u_backend/u_execute/u_prf/regs_q_reg[27][28]/CE","clk_out2_pll","clk_out2_pll"
"871","-4.416","10.000","13.932","30","","student_top_inst/Core_cpu/u_core/u_backend/complete_prd_reg[1][0]/C","student_top_inst/Core_cpu/u_core/u_backend/u_execute/u_prf/regs_q_reg[27][28]/CE","clk_out2_pll","clk_out2_pll"
"872","-4.416","10.000","13.932","30","","student_top_inst/Core_cpu/u_core/u_backend/complete_prd_reg[1][0]/C","student_top_inst/Core_cpu/u_core/u_backend/u_execute/u_prf/regs_q_reg[27][28]/CE","clk_out2_pll","clk_out2_pll"
"873","-4.416","10.000","13.932","30","","student_top_inst/Core_cpu/u_core/u_backend/complete_prd_reg[1][0]/C","student_top_inst/Core_cpu/u_core/u_backend/u_execute/u_prf/regs_q_reg[27][28]/CE","clk_out2_pll","clk_out2_pll"
"874","-4.416","10.000","13.932","30","","student_top_inst/Core_cpu/u_core/u_backend/complete_prd_reg[1][0]/C","student_top_inst/Core_cpu/u_core/u_backend/u_execute/u_prf/regs_q_reg[27][28]/CE","clk_out2_pll","clk_out2_pll"
"875","-4.416","10.000","13.932","30","","student_top_inst/Core_cpu/u_core/u_backend/complete_prd_reg[1][0]/C","student_top_inst/Core_cpu/u_core/u_backend/u_execute/u_prf/regs_q_reg[27][28]/CE","clk_out2_pll","clk_out2_pll"
"876","-4.416","10.000","13.932","30","","student_top_inst/Core_cpu/u_core/u_backend/complete_prd_reg[1][0]/C","student_top_inst/Core_cpu/u_core/u_backend/u_execute/u_prf/regs_q_reg[27][28]/CE","clk_out2_pll","clk_out2_pll"
"877","-4.416","10.000","13.932","30","","student_top_inst/Core_cpu/u_core/u_backend/complete_prd_reg[1][0]/C","student_top_inst/Core_cpu/u_core/u_backend/u_execute/u_prf/regs_q_reg[27][28]/CE","clk_out2_pll","clk_out2_pll"
"878","-4.416","10.000","13.932","30","","student_top_inst/Core_cpu/u_core/u_backend/complete_prd_reg[1][0]/C","student_top_inst/Core_cpu/u_core/u_backend/u_execute/u_prf/regs_q_reg[27][28]/CE","clk_out2_pll","clk_out2_pll"
"879","-4.416","10.000","13.932","30","","student_top_inst/Core_cpu/u_core/u_backend/complete_prd_reg[1][0]/C","student_top_inst/Core_cpu/u_core/u_backend/u_execute/u_prf/regs_q_reg[27][28]/CE","clk_out2_pll","clk_out2_pll"
"880","-4.416","10.000","13.932","30","","student_top_inst/Core_cpu/u_core/u_backend/complete_prd_reg[1][0]/C","student_top_inst/Core_cpu/u_core/u_backend/u_execute/u_prf/regs_q_reg[27][28]/CE","clk_out2_pll","clk_out2_pll"
"881","-4.416","10.000","13.932","30","","student_top_inst/Core_cpu/u_core/u_backend/complete_prd_reg[1][0]/C","student_top_inst/Core_cpu/u_core/u_backend/u_execute/u_prf/regs_q_reg[27][28]/CE","clk_out2_pll","clk_out2_pll"
"882","-4.416","10.000","13.932","30","","student_top_inst/Core_cpu/u_core/u_backend/complete_prd_reg[1][0]/C","student_top_inst/Core_cpu/u_core/u_backend/u_execute/u_prf/regs_q_reg[27][28]/CE","clk_out2_pll","clk_out2_pll"
"883","-4.416","10.000","13.932","30","","student_top_inst/Core_cpu/u_core/u_backend/complete_prd_reg[1][0]/C","student_top_inst/Core_cpu/u_core/u_backend/u_execute/u_prf/regs_q_reg[27][28]/CE","clk_out2_pll","clk_out2_pll"
"884","-4.416","10.000","13.932","30","","student_top_inst/Core_cpu/u_core/u_backend/complete_prd_reg[1][0]/C","student_top_inst/Core_cpu/u_core/u_backend/u_execute/u_prf/regs_q_reg[27][28]/CE","clk_out2_pll","clk_out2_pll"
"885","-4.416","10.000","13.932","30","","student_top_inst/Core_cpu/u_core/u_backend/complete_prd_reg[1][0]/C","student_top_inst/Core_cpu/u_core/u_backend/u_execute/u_prf/regs_q_reg[27][28]/CE","clk_out2_pll","clk_out2_pll"
"886","-4.416","10.000","13.932","30","","student_top_inst/Core_cpu/u_core/u_backend/complete_prd_reg[1][0]/C","student_top_inst/Core_cpu/u_core/u_backend/u_execute/u_prf/regs_q_reg[27][28]/CE","clk_out2_pll","clk_out2_pll"
"887","-4.416","10.000","13.932","30","","student_top_inst/Core_cpu/u_core/u_backend/complete_prd_reg[1][0]/C","student_top_inst/Core_cpu/u_core/u_backend/u_execute/u_prf/regs_q_reg[27][28]/CE","clk_out2_pll","clk_out2_pll"
"888","-4.416","10.000","13.932","30","","student_top_inst/Core_cpu/u_core/u_backend/complete_prd_reg[1][0]/C","student_top_inst/Core_cpu/u_core/u_backend/u_execute/u_prf/regs_q_reg[27][28]/CE","clk_out2_pll","clk_out2_pll"
"889","-4.416","10.000","13.932","30","","student_top_inst/Core_cpu/u_core/u_backend/complete_prd_reg[1][0]/C","student_top_inst/Core_cpu/u_core/u_backend/u_execute/u_prf/regs_q_reg[27][28]/CE","clk_out2_pll","clk_out2_pll"
"890","-4.416","10.000","13.932","30","","student_top_inst/Core_cpu/u_core/u_backend/complete_prd_reg[1][0]/C","student_top_inst/Core_cpu/u_core/u_backend/u_execute/u_prf/regs_q_reg[27][28]/CE","clk_out2_pll","clk_out2_pll"
"891","-4.416","10.000","13.932","30","","student_top_inst/Core_cpu/u_core/u_backend/complete_prd_reg[1][0]/C","student_top_inst/Core_cpu/u_core/u_backend/u_execute/u_prf/regs_q_reg[27][28]/CE","clk_out2_pll","clk_out2_pll"
"892","-4.416","10.000","13.932","30","","student_top_inst/Core_cpu/u_core/u_backend/complete_prd_reg[1][0]/C","student_top_inst/Core_cpu/u_core/u_backend/u_execute/u_prf/regs_q_reg[27][28]/CE","clk_out2_pll","clk_out2_pll"
"893","-4.416","10.000","13.932","30","","student_top_inst/Core_cpu/u_core/u_backend/complete_prd_reg[1][0]/C","student_top_inst/Core_cpu/u_core/u_backend/u_execute/u_prf/regs_q_reg[27][28]/CE","clk_out2_pll","clk_out2_pll"
"894","-4.416","10.000","13.932","30","","student_top_inst/Core_cpu/u_core/u_backend/complete_prd_reg[1][0]/C","student_top_inst/Core_cpu/u_core/u_backend/u_execute/u_prf/regs_q_reg[27][28]/CE","clk_out2_pll","clk_out2_pll"
"895","-4.416","10.000","13.932","30","","student_top_inst/Core_cpu/u_core/u_backend/complete_prd_reg[1][0]/C","student_top_inst/Core_cpu/u_core/u_backend/u_execute/u_prf/regs_q_reg[27][28]/CE","clk_out2_pll","clk_out2_pll"
"896","-4.416","10.000","13.932","30","","student_top_inst/Core_cpu/u_core/u_backend/complete_prd_reg[1][0]/C","student_top_inst/Core_cpu/u_core/u_backend/u_execute/u_prf/regs_q_reg[27][28]/CE","clk_out2_pll","clk_out2_pll"
"897","-4.416","10.000","13.932","30","","student_top_inst/Core_cpu/u_core/u_backend/complete_prd_reg[1][0]/C","student_top_inst/Core_cpu/u_core/u_backend/u_execute/u_prf/regs_q_reg[27][28]/CE","clk_out2_pll","clk_out2_pll"
"898","-4.416","10.000","13.932","30","","student_top_inst/Core_cpu/u_core/u_backend/complete_prd_reg[1][0]/C","student_top_inst/Core_cpu/u_core/u_backend/u_execute/u_prf/regs_q_reg[27][28]/CE","clk_out2_pll","clk_out2_pll"
"899","-4.416","10.000","13.932","30","","student_top_inst/Core_cpu/u_core/u_backend/complete_prd_reg[1][0]/C","student_top_inst/Core_cpu/u_core/u_backend/u_execute/u_prf/regs_q_reg[27][28]/CE","clk_out2_pll","clk_out2_pll"
"900","-4.416","10.000","13.932","30","","student_top_inst/Core_cpu/u_core/u_backend/complete_prd_reg[1][0]/C","student_top_inst/Core_cpu/u_core/u_backend/u_execute/u_prf/regs_q_reg[27][28]/CE","clk_out2_pll","clk_out2_pll"
"901","-4.416","10.000","13.932","30","","student_top_inst/Core_cpu/u_core/u_backend/complete_prd_reg[1][0]/C","student_top_inst/Core_cpu/u_core/u_backend/u_execute/u_prf/regs_q_reg[27][28]/CE","clk_out2_pll","clk_out2_pll"
"902","-4.416","10.000","13.932","30","","student_top_inst/Core_cpu/u_core/u_backend/complete_prd_reg[1][0]/C","student_top_inst/Core_cpu/u_core/u_backend/u_execute/u_prf/regs_q_reg[27][28]/CE","clk_out2_pll","clk_out2_pll"
"903","-4.416","10.000","13.932","30","","student_top_inst/Core_cpu/u_core/u_backend/complete_prd_reg[1][0]/C","student_top_inst/Core_cpu/u_core/u_backend/u_execute/u_prf/regs_q_reg[27][28]/CE","clk_out2_pll","clk_out2_pll"
"904","-4.416","10.000","13.932","30","","student_top_inst/Core_cpu/u_core/u_backend/complete_prd_reg[1][0]/C","student_top_inst/Core_cpu/u_core/u_backend/u_execute/u_prf/regs_q_reg[27][28]/CE","clk_out2_pll","clk_out2_pll"
"905","-4.416","10.000","13.932","30","","student_top_inst/Core_cpu/u_core/u_backend/complete_prd_reg[1][0]/C","student_top_inst/Core_cpu/u_core/u_backend/u_execute/u_prf/regs_q_reg[27][28]/CE","clk_out2_pll","clk_out2_pll"
"906","-4.416","10.000","13.932","30","","student_top_inst/Core_cpu/u_core/u_backend/complete_prd_reg[1][0]/C","student_top_inst/Core_cpu/u_core/u_backend/u_execute/u_prf/regs_q_reg[27][28]/CE","clk_out2_pll","clk_out2_pll"
"907","-4.416","10.000","13.932","30","","student_top_inst/Core_cpu/u_core/u_backend/complete_prd_reg[1][0]/C","student_top_inst/Core_cpu/u_core/u_backend/u_execute/u_prf/regs_q_reg[27][28]/CE","clk_out2_pll","clk_out2_pll"
"908","-4.416","10.000","13.932","30","","student_top_inst/Core_cpu/u_core/u_backend/complete_prd_reg[1][0]/C","student_top_inst/Core_cpu/u_core/u_backend/u_execute/u_prf/regs_q_reg[27][28]/CE","clk_out2_pll","clk_out2_pll"
"909","-4.416","10.000","13.932","30","","student_top_inst/Core_cpu/u_core/u_backend/complete_prd_reg[1][0]/C","student_top_inst/Core_cpu/u_core/u_backend/u_execute/u_prf/regs_q_reg[27][28]/CE","clk_out2_pll","clk_out2_pll"
"910","-4.416","10.000","13.932","30","","student_top_inst/Core_cpu/u_core/u_backend/complete_prd_reg[1][0]/C","student_top_inst/Core_cpu/u_core/u_backend/u_execute/u_prf/regs_q_reg[27][28]/CE","clk_out2_pll","clk_out2_pll"
"911","-4.416","10.000","13.932","30","","student_top_inst/Core_cpu/u_core/u_backend/complete_prd_reg[1][0]/C","student_top_inst/Core_cpu/u_core/u_backend/u_execute/u_prf/regs_q_reg[27][28]/CE","clk_out2_pll","clk_out2_pll"
"912","-4.416","10.000","13.932","30","","student_top_inst/Core_cpu/u_core/u_backend/complete_prd_reg[1][0]/C","student_top_inst/Core_cpu/u_core/u_backend/u_execute/u_prf/regs_q_reg[27][28]/CE","clk_out2_pll","clk_out2_pll"
"913","-4.416","10.000","13.932","30","","student_top_inst/Core_cpu/u_core/u_backend/complete_prd_reg[1][0]/C","student_top_inst/Core_cpu/u_core/u_backend/u_execute/u_prf/regs_q_reg[27][28]/CE","clk_out2_pll","clk_out2_pll"
"914","-4.416","10.000","13.932","30","","student_top_inst/Core_cpu/u_core/u_backend/complete_prd_reg[1][0]/C","student_top_inst/Core_cpu/u_core/u_backend/u_execute/u_prf/regs_q_reg[27][28]/CE","clk_out2_pll","clk_out2_pll"
"915","-4.416","10.000","13.932","30","","student_top_inst/Core_cpu/u_core/u_backend/complete_prd_reg[1][0]/C","student_top_inst/Core_cpu/u_core/u_backend/u_execute/u_prf/regs_q_reg[27][28]/CE","clk_out2_pll","clk_out2_pll"
"916","-4.416","10.000","13.932","30","","student_top_inst/Core_cpu/u_core/u_backend/complete_prd_reg[1][0]/C","student_top_inst/Core_cpu/u_core/u_backend/u_execute/u_prf/regs_q_reg[27][28]/CE","clk_out2_pll","clk_out2_pll"
"917","-4.416","10.000","13.932","30","","student_top_inst/Core_cpu/u_core/u_backend/complete_prd_reg[1][0]/C","student_top_inst/Core_cpu/u_core/u_backend/u_execute/u_prf/regs_q_reg[27][28]/CE","clk_out2_pll","clk_out2_pll"
"918","-4.416","10.000","13.932","30","","student_top_inst/Core_cpu/u_core/u_backend/complete_prd_reg[1][0]/C","student_top_inst/Core_cpu/u_core/u_backend/u_execute/u_prf/regs_q_reg[27][28]/CE","clk_out2_pll","clk_out2_pll"
"919","-4.416","10.000","13.932","30","","student_top_inst/Core_cpu/u_core/u_backend/complete_prd_reg[1][0]/C","student_top_inst/Core_cpu/u_core/u_backend/u_execute/u_prf/regs_q_reg[27][28]/CE","clk_out2_pll","clk_out2_pll"
"920","-4.416","10.000","13.932","30","","student_top_inst/Core_cpu/u_core/u_backend/complete_prd_reg[1][0]/C","student_top_inst/Core_cpu/u_core/u_backend/u_execute/u_prf/regs_q_reg[27][28]/CE","clk_out2_pll","clk_out2_pll"
"921","-4.416","10.000","13.932","30","","student_top_inst/Core_cpu/u_core/u_backend/complete_prd_reg[1][0]/C","student_top_inst/Core_cpu/u_core/u_backend/u_execute/u_prf/regs_q_reg[27][28]/CE","clk_out2_pll","clk_out2_pll"
"922","-4.416","10.000","13.932","30","","student_top_inst/Core_cpu/u_core/u_backend/complete_prd_reg[1][0]/C","student_top_inst/Core_cpu/u_core/u_backend/u_execute/u_prf/regs_q_reg[27][28]/CE","clk_out2_pll","clk_out2_pll"
"923","-4.416","10.000","13.932","30","","student_top_inst/Core_cpu/u_core/u_backend/complete_prd_reg[1][0]/C","student_top_inst/Core_cpu/u_core/u_backend/u_execute/u_prf/regs_q_reg[27][28]/CE","clk_out2_pll","clk_out2_pll"
"924","-4.416","10.000","13.932","30","","student_top_inst/Core_cpu/u_core/u_backend/complete_prd_reg[1][0]/C","student_top_inst/Core_cpu/u_core/u_backend/u_execute/u_prf/regs_q_reg[27][28]/CE","clk_out2_pll","clk_out2_pll"
"925","-4.416","10.000","13.932","30","","student_top_inst/Core_cpu/u_core/u_backend/complete_prd_reg[1][0]/C","student_top_inst/Core_cpu/u_core/u_backend/u_execute/u_prf/regs_q_reg[27][28]/CE","clk_out2_pll","clk_out2_pll"
"926","-4.416","10.000","13.932","30","","student_top_inst/Core_cpu/u_core/u_backend/complete_prd_reg[1][0]/C","student_top_inst/Core_cpu/u_core/u_backend/u_execute/u_prf/regs_q_reg[27][28]/CE","clk_out2_pll","clk_out2_pll"
"927","-4.416","10.000","13.932","30","","student_top_inst/Core_cpu/u_core/u_backend/complete_prd_reg[1][0]/C","student_top_inst/Core_cpu/u_core/u_backend/u_execute/u_prf/regs_q_reg[27][28]/CE","clk_out2_pll","clk_out2_pll"
"928","-4.416","10.000","13.932","30","","student_top_inst/Core_cpu/u_core/u_backend/complete_prd_reg[1][0]/C","student_top_inst/Core_cpu/u_core/u_backend/u_execute/u_prf/regs_q_reg[27][28]/CE","clk_out2_pll","clk_out2_pll"
"929","-4.416","10.000","13.932","30","","student_top_inst/Core_cpu/u_core/u_backend/complete_prd_reg[1][0]/C","student_top_inst/Core_cpu/u_core/u_backend/u_execute/u_prf/regs_q_reg[27][28]/CE","clk_out2_pll","clk_out2_pll"
"930","-4.416","10.000","13.932","30","","student_top_inst/Core_cpu/u_core/u_backend/complete_prd_reg[1][0]/C","student_top_inst/Core_cpu/u_core/u_backend/u_execute/u_prf/regs_q_reg[27][28]/CE","clk_out2_pll","clk_out2_pll"
"931","-4.416","10.000","13.932","30","","student_top_inst/Core_cpu/u_core/u_backend/complete_prd_reg[1][0]/C","student_top_inst/Core_cpu/u_core/u_backend/u_execute/u_prf/regs_q_reg[27][28]/CE","clk_out2_pll","clk_out2_pll"
"932","-4.416","10.000","13.932","30","","student_top_inst/Core_cpu/u_core/u_backend/complete_prd_reg[1][0]/C","student_top_inst/Core_cpu/u_core/u_backend/u_execute/u_prf/regs_q_reg[27][28]/CE","clk_out2_pll","clk_out2_pll"
"933","-4.416","10.000","13.932","30","","student_top_inst/Core_cpu/u_core/u_backend/complete_prd_reg[1][0]/C","student_top_inst/Core_cpu/u_core/u_backend/u_execute/u_prf/regs_q_reg[27][28]/CE","clk_out2_pll","clk_out2_pll"
"934","-4.416","10.000","13.932","30","","student_top_inst/Core_cpu/u_core/u_backend/complete_prd_reg[1][0]/C","student_top_inst/Core_cpu/u_core/u_backend/u_execute/u_prf/regs_q_reg[27][28]/CE","clk_out2_pll","clk_out2_pll"
"935","-4.416","10.000","13.932","30","","student_top_inst/Core_cpu/u_core/u_backend/complete_prd_reg[1][0]/C","student_top_inst/Core_cpu/u_core/u_backend/u_execute/u_prf/regs_q_reg[27][28]/CE","clk_out2_pll","clk_out2_pll"
"936","-4.416","10.000","13.932","30","","student_top_inst/Core_cpu/u_core/u_backend/complete_prd_reg[1][0]/C","student_top_inst/Core_cpu/u_core/u_backend/u_execute/u_prf/regs_q_reg[27][28]/CE","clk_out2_pll","clk_out2_pll"
"937","-4.416","10.000","13.932","30","","student_top_inst/Core_cpu/u_core/u_backend/complete_prd_reg[1][0]/C","student_top_inst/Core_cpu/u_core/u_backend/u_execute/u_prf/regs_q_reg[27][28]/CE","clk_out2_pll","clk_out2_pll"
"938","-4.416","10.000","13.932","30","","student_top_inst/Core_cpu/u_core/u_backend/complete_prd_reg[1][0]/C","student_top_inst/Core_cpu/u_core/u_backend/u_execute/u_prf/regs_q_reg[27][28]/CE","clk_out2_pll","clk_out2_pll"
"939","-4.416","10.000","13.932","30","","student_top_inst/Core_cpu/u_core/u_backend/complete_prd_reg[1][0]/C","student_top_inst/Core_cpu/u_core/u_backend/u_execute/u_prf/regs_q_reg[27][28]/CE","clk_out2_pll","clk_out2_pll"
"940","-4.416","10.000","13.932","30","","student_top_inst/Core_cpu/u_core/u_backend/complete_prd_reg[1][0]/C","student_top_inst/Core_cpu/u_core/u_backend/u_execute/u_prf/regs_q_reg[27][28]/CE","clk_out2_pll","clk_out2_pll"
"941","-4.416","10.000","13.932","30","","student_top_inst/Core_cpu/u_core/u_backend/complete_prd_reg[1][0]/C","student_top_inst/Core_cpu/u_core/u_backend/u_execute/u_prf/regs_q_reg[27][28]/CE","clk_out2_pll","clk_out2_pll"
"942","-4.416","10.000","13.932","30","","student_top_inst/Core_cpu/u_core/u_backend/complete_prd_reg[1][0]/C","student_top_inst/Core_cpu/u_core/u_backend/u_execute/u_prf/regs_q_reg[27][28]/CE","clk_out2_pll","clk_out2_pll"
"943","-4.416","10.000","13.932","30","","student_top_inst/Core_cpu/u_core/u_backend/complete_prd_reg[1][0]/C","student_top_inst/Core_cpu/u_core/u_backend/u_execute/u_prf/regs_q_reg[27][28]/CE","clk_out2_pll","clk_out2_pll"
"944","-4.416","10.000","13.932","30","","student_top_inst/Core_cpu/u_core/u_backend/complete_prd_reg[1][0]/C","student_top_inst/Core_cpu/u_core/u_backend/u_execute/u_prf/regs_q_reg[27][28]/CE","clk_out2_pll","clk_out2_pll"
"945","-4.416","10.000","13.932","30","","student_top_inst/Core_cpu/u_core/u_backend/complete_prd_reg[1][0]/C","student_top_inst/Core_cpu/u_core/u_backend/u_execute/u_prf/regs_q_reg[27][28]/CE","clk_out2_pll","clk_out2_pll"
"946","-4.416","10.000","13.932","30","","student_top_inst/Core_cpu/u_core/u_backend/complete_prd_reg[1][0]/C","student_top_inst/Core_cpu/u_core/u_backend/u_execute/u_prf/regs_q_reg[27][28]/CE","clk_out2_pll","clk_out2_pll"
"947","-4.416","10.000","13.932","30","","student_top_inst/Core_cpu/u_core/u_backend/complete_prd_reg[1][0]/C","student_top_inst/Core_cpu/u_core/u_backend/u_execute/u_prf/regs_q_reg[27][28]/CE","clk_out2_pll","clk_out2_pll"
"948","-4.416","10.000","13.932","30","","student_top_inst/Core_cpu/u_core/u_backend/complete_prd_reg[1][0]/C","student_top_inst/Core_cpu/u_core/u_backend/u_execute/u_prf/regs_q_reg[27][28]/CE","clk_out2_pll","clk_out2_pll"
"949","-4.416","10.000","13.932","30","","student_top_inst/Core_cpu/u_core/u_backend/complete_prd_reg[1][0]/C","student_top_inst/Core_cpu/u_core/u_backend/u_execute/u_prf/regs_q_reg[27][28]/CE","clk_out2_pll","clk_out2_pll"
"950","-4.416","10.000","13.932","30","","student_top_inst/Core_cpu/u_core/u_backend/complete_prd_reg[1][0]/C","student_top_inst/Core_cpu/u_core/u_backend/u_execute/u_prf/regs_q_reg[27][28]/CE","clk_out2_pll","clk_out2_pll"
"951","-4.416","10.000","13.932","30","","student_top_inst/Core_cpu/u_core/u_backend/complete_prd_reg[1][0]/C","student_top_inst/Core_cpu/u_core/u_backend/u_execute/u_prf/regs_q_reg[27][28]/CE","clk_out2_pll","clk_out2_pll"
"952","-4.416","10.000","13.932","30","","student_top_inst/Core_cpu/u_core/u_backend/complete_prd_reg[1][0]/C","student_top_inst/Core_cpu/u_core/u_backend/u_execute/u_prf/regs_q_reg[27][28]/CE","clk_out2_pll","clk_out2_pll"
"953","-4.416","10.000","13.932","30","","student_top_inst/Core_cpu/u_core/u_backend/complete_prd_reg[1][0]/C","student_top_inst/Core_cpu/u_core/u_backend/u_execute/u_prf/regs_q_reg[27][28]/CE","clk_out2_pll","clk_out2_pll"
"954","-4.416","10.000","13.932","30","","student_top_inst/Core_cpu/u_core/u_backend/complete_prd_reg[1][0]/C","student_top_inst/Core_cpu/u_core/u_backend/u_execute/u_prf/regs_q_reg[27][28]/CE","clk_out2_pll","clk_out2_pll"
"955","-4.416","10.000","13.932","30","","student_top_inst/Core_cpu/u_core/u_backend/complete_prd_reg[1][0]/C","student_top_inst/Core_cpu/u_core/u_backend/u_execute/u_prf/regs_q_reg[27][28]/CE","clk_out2_pll","clk_out2_pll"
"956","-4.416","10.000","13.932","30","","student_top_inst/Core_cpu/u_core/u_backend/complete_prd_reg[1][0]/C","student_top_inst/Core_cpu/u_core/u_backend/u_execute/u_prf/regs_q_reg[27][28]/CE","clk_out2_pll","clk_out2_pll"
"957","-4.413","10.000","13.958","29","","student_top_inst/Core_cpu/u_core/u_backend/u_rename/srat_q_reg[15][2]/C","student_top_inst/Core_cpu/u_core/u_backend/u_int_iq/u_queue/entry_q_reg[0][uop][imm_b][16]/S","clk_out2_pll","clk_out2_pll"
"958","-4.413","10.000","13.958","29","","student_top_inst/Core_cpu/u_core/u_backend/u_rename/srat_q_reg[15][2]/C","student_top_inst/Core_cpu/u_core/u_backend/u_int_iq/u_queue/entry_q_reg[0][uop][imm_b][16]/S","clk_out2_pll","clk_out2_pll"
"959","-4.413","10.000","13.958","29","","student_top_inst/Core_cpu/u_core/u_backend/u_rename/srat_q_reg[15][2]/C","student_top_inst/Core_cpu/u_core/u_backend/u_int_iq/u_queue/entry_q_reg[0][uop][imm_b][26]/S","clk_out2_pll","clk_out2_pll"
"960","-4.413","10.000","13.958","29","","student_top_inst/Core_cpu/u_core/u_backend/u_rename/srat_q_reg[15][2]/C","student_top_inst/Core_cpu/u_core/u_backend/u_int_iq/u_queue/entry_q_reg[0][uop][imm_b][26]/S","clk_out2_pll","clk_out2_pll"
"961","-4.412","10.000","14.291","31","","student_top_inst/Core_cpu/u_core/u_backend/u_rename/srat_q_reg[15][1]/C","student_top_inst/Core_cpu/u_core/u_backend/u_int_iq/u_queue/entry_q_reg[0][src2_ready]/D","clk_out2_pll","clk_out2_pll"
"962","-4.412","10.000","14.291","31","","student_top_inst/Core_cpu/u_core/u_backend/u_rename/srat_q_reg[15][1]/C","student_top_inst/Core_cpu/u_core/u_backend/u_int_iq/u_queue/entry_q_reg[0][src2_ready]/D","clk_out2_pll","clk_out2_pll"
"963","-4.412","10.000","14.291","31","","student_top_inst/Core_cpu/u_core/u_backend/u_rename/srat_q_reg[15][1]/C","student_top_inst/Core_cpu/u_core/u_backend/u_int_iq/u_queue/entry_q_reg[0][src2_ready]/D","clk_out2_pll","clk_out2_pll"
"964","-4.412","10.000","14.291","31","","student_top_inst/Core_cpu/u_core/u_backend/u_rename/srat_q_reg[15][1]/C","student_top_inst/Core_cpu/u_core/u_backend/u_int_iq/u_queue/entry_q_reg[0][src2_ready]/D","clk_out2_pll","clk_out2_pll"
"965","-4.412","10.000","13.954","29","","student_top_inst/Core_cpu/u_core/u_backend/u_rename/srat_q_reg[15][0]/C","student_top_inst/Core_cpu/u_core/u_backend/u_int_iq/u_queue/entry_q_reg[0][uop][imm_s][25]/S","clk_out2_pll","clk_out2_pll"
"966","-4.412","10.000","13.954","29","","student_top_inst/Core_cpu/u_core/u_backend/u_rename/srat_q_reg[15][0]/C","student_top_inst/Core_cpu/u_core/u_backend/u_int_iq/u_queue/entry_q_reg[0][uop][imm_s][25]/S","clk_out2_pll","clk_out2_pll"
"967","-4.412","10.000","13.954","29","","student_top_inst/Core_cpu/u_core/u_backend/u_rename/srat_q_reg[15][0]/C","student_top_inst/Core_cpu/u_core/u_backend/u_int_iq/u_queue/entry_q_reg[0][uop][imm_u][31]/S","clk_out2_pll","clk_out2_pll"
"968","-4.412","10.000","13.954","29","","student_top_inst/Core_cpu/u_core/u_backend/u_rename/srat_q_reg[15][0]/C","student_top_inst/Core_cpu/u_core/u_backend/u_int_iq/u_queue/entry_q_reg[0][uop][imm_u][31]/S","clk_out2_pll","clk_out2_pll"
"969","-4.411","10.000","13.957","29","","student_top_inst/Core_cpu/u_core/u_backend/u_rename/srat_q_reg[15][0]/C","student_top_inst/Core_cpu/u_core/u_backend/u_int_iq/u_queue/entry_q_reg[0][uop][imm_b][16]/S","clk_out2_pll","clk_out2_pll"
"970","-4.411","10.000","13.957","29","","student_top_inst/Core_cpu/u_core/u_backend/u_rename/srat_q_reg[15][0]/C","student_top_inst/Core_cpu/u_core/u_backend/u_int_iq/u_queue/entry_q_reg[0][uop][imm_b][16]/S","clk_out2_pll","clk_out2_pll"
"971","-4.411","10.000","13.957","29","","student_top_inst/Core_cpu/u_core/u_backend/u_rename/srat_q_reg[15][0]/C","student_top_inst/Core_cpu/u_core/u_backend/u_int_iq/u_queue/entry_q_reg[0][uop][imm_b][26]/S","clk_out2_pll","clk_out2_pll"
"972","-4.411","10.000","13.957","29","","student_top_inst/Core_cpu/u_core/u_backend/u_rename/srat_q_reg[15][0]/C","student_top_inst/Core_cpu/u_core/u_backend/u_int_iq/u_queue/entry_q_reg[0][uop][imm_b][26]/S","clk_out2_pll","clk_out2_pll"
"973","-4.411","10.000","14.122","31","","student_top_inst/Core_cpu/u_core/u_backend/u_rename/srat_q_reg[15][0]/C","student_top_inst/Core_cpu/u_core/u_backend/u_dispatch/mem_entry_q_reg[3][src2_ready]/D","clk_out2_pll","clk_out2_pll"
"974","-4.411","10.000","14.122","31","","student_top_inst/Core_cpu/u_core/u_backend/u_rename/srat_q_reg[15][0]/C","student_top_inst/Core_cpu/u_core/u_backend/u_dispatch/mem_entry_q_reg[3][src2_ready]/D","clk_out2_pll","clk_out2_pll"
"975","-4.411","10.000","14.122","31","","student_top_inst/Core_cpu/u_core/u_backend/u_rename/srat_q_reg[15][0]/C","student_top_inst/Core_cpu/u_core/u_backend/u_dispatch/mem_entry_q_reg[3][src2_ready]/D","clk_out2_pll","clk_out2_pll"
"976","-4.411","10.000","14.122","31","","student_top_inst/Core_cpu/u_core/u_backend/u_rename/srat_q_reg[15][0]/C","student_top_inst/Core_cpu/u_core/u_backend/u_dispatch/mem_entry_q_reg[3][src2_ready]/D","clk_out2_pll","clk_out2_pll"
"977","-4.409","10.000","14.087","31","","student_top_inst/Core_cpu/u_core/u_backend/u_rename/srat_q_reg[15][0]/C","student_top_inst/Core_cpu/u_core/u_backend/u_dispatch/mem_entry_q_reg[0][src1_ready]/D","clk_out2_pll","clk_out2_pll"
"978","-4.409","10.000","14.087","31","","student_top_inst/Core_cpu/u_core/u_backend/u_rename/srat_q_reg[15][0]/C","student_top_inst/Core_cpu/u_core/u_backend/u_dispatch/mem_entry_q_reg[0][src1_ready]/D","clk_out2_pll","clk_out2_pll"
"979","-4.409","10.000","14.087","31","","student_top_inst/Core_cpu/u_core/u_backend/u_rename/srat_q_reg[15][0]/C","student_top_inst/Core_cpu/u_core/u_backend/u_dispatch/mem_entry_q_reg[0][src1_ready]/D","clk_out2_pll","clk_out2_pll"
"980","-4.409","10.000","14.087","31","","student_top_inst/Core_cpu/u_core/u_backend/u_rename/srat_q_reg[15][0]/C","student_top_inst/Core_cpu/u_core/u_backend/u_dispatch/mem_entry_q_reg[0][src1_ready]/D","clk_out2_pll","clk_out2_pll"
"981","-4.407","10.000","13.927","30","","student_top_inst/Core_cpu/u_core/u_backend/complete_prd_reg[1][0]/C","student_top_inst/Core_cpu/u_core/u_backend/u_execute/u_prf/regs_q_reg[27][6]/CE","clk_out2_pll","clk_out2_pll"
"982","-4.407","10.000","13.927","30","","student_top_inst/Core_cpu/u_core/u_backend/complete_prd_reg[1][0]/C","student_top_inst/Core_cpu/u_core/u_backend/u_execute/u_prf/regs_q_reg[27][6]/CE","clk_out2_pll","clk_out2_pll"
"983","-4.407","10.000","13.927","30","","student_top_inst/Core_cpu/u_core/u_backend/complete_prd_reg[1][0]/C","student_top_inst/Core_cpu/u_core/u_backend/u_execute/u_prf/regs_q_reg[27][6]/CE","clk_out2_pll","clk_out2_pll"
"984","-4.407","10.000","13.927","30","","student_top_inst/Core_cpu/u_core/u_backend/complete_prd_reg[1][0]/C","student_top_inst/Core_cpu/u_core/u_backend/u_execute/u_prf/regs_q_reg[27][6]/CE","clk_out2_pll","clk_out2_pll"
"985","-4.407","10.000","13.927","30","","student_top_inst/Core_cpu/u_core/u_backend/complete_prd_reg[1][0]/C","student_top_inst/Core_cpu/u_core/u_backend/u_execute/u_prf/regs_q_reg[27][6]/CE","clk_out2_pll","clk_out2_pll"
"986","-4.407","10.000","13.927","30","","student_top_inst/Core_cpu/u_core/u_backend/complete_prd_reg[1][0]/C","student_top_inst/Core_cpu/u_core/u_backend/u_execute/u_prf/regs_q_reg[27][6]/CE","clk_out2_pll","clk_out2_pll"
"987","-4.407","10.000","13.927","30","","student_top_inst/Core_cpu/u_core/u_backend/complete_prd_reg[1][0]/C","student_top_inst/Core_cpu/u_core/u_backend/u_execute/u_prf/regs_q_reg[27][6]/CE","clk_out2_pll","clk_out2_pll"
"988","-4.407","10.000","13.927","30","","student_top_inst/Core_cpu/u_core/u_backend/complete_prd_reg[1][0]/C","student_top_inst/Core_cpu/u_core/u_backend/u_execute/u_prf/regs_q_reg[27][6]/CE","clk_out2_pll","clk_out2_pll"
"989","-4.407","10.000","13.927","30","","student_top_inst/Core_cpu/u_core/u_backend/complete_prd_reg[1][0]/C","student_top_inst/Core_cpu/u_core/u_backend/u_execute/u_prf/regs_q_reg[27][6]/CE","clk_out2_pll","clk_out2_pll"
"990","-4.407","10.000","13.927","30","","student_top_inst/Core_cpu/u_core/u_backend/complete_prd_reg[1][0]/C","student_top_inst/Core_cpu/u_core/u_backend/u_execute/u_prf/regs_q_reg[27][6]/CE","clk_out2_pll","clk_out2_pll"
"991","-4.407","10.000","13.927","30","","student_top_inst/Core_cpu/u_core/u_backend/complete_prd_reg[1][0]/C","student_top_inst/Core_cpu/u_core/u_backend/u_execute/u_prf/regs_q_reg[27][6]/CE","clk_out2_pll","clk_out2_pll"
"992","-4.407","10.000","13.927","30","","student_top_inst/Core_cpu/u_core/u_backend/complete_prd_reg[1][0]/C","student_top_inst/Core_cpu/u_core/u_backend/u_execute/u_prf/regs_q_reg[27][6]/CE","clk_out2_pll","clk_out2_pll"
"993","-4.407","10.000","13.927","30","","student_top_inst/Core_cpu/u_core/u_backend/complete_prd_reg[1][0]/C","student_top_inst/Core_cpu/u_core/u_backend/u_execute/u_prf/regs_q_reg[27][6]/CE","clk_out2_pll","clk_out2_pll"
"994","-4.407","10.000","13.927","30","","student_top_inst/Core_cpu/u_core/u_backend/complete_prd_reg[1][0]/C","student_top_inst/Core_cpu/u_core/u_backend/u_execute/u_prf/regs_q_reg[27][6]/CE","clk_out2_pll","clk_out2_pll"
"995","-4.407","10.000","13.927","30","","student_top_inst/Core_cpu/u_core/u_backend/complete_prd_reg[1][0]/C","student_top_inst/Core_cpu/u_core/u_backend/u_execute/u_prf/regs_q_reg[27][6]/CE","clk_out2_pll","clk_out2_pll"
"996","-4.407","10.000","13.927","30","","student_top_inst/Core_cpu/u_core/u_backend/complete_prd_reg[1][0]/C","student_top_inst/Core_cpu/u_core/u_backend/u_execute/u_prf/regs_q_reg[27][6]/CE","clk_out2_pll","clk_out2_pll"
"997","-4.407","10.000","13.927","30","","student_top_inst/Core_cpu/u_core/u_backend/complete_prd_reg[1][0]/C","student_top_inst/Core_cpu/u_core/u_backend/u_execute/u_prf/regs_q_reg[27][6]/CE","clk_out2_pll","clk_out2_pll"
"998","-4.407","10.000","13.927","30","","student_top_inst/Core_cpu/u_core/u_backend/complete_prd_reg[1][0]/C","student_top_inst/Core_cpu/u_core/u_backend/u_execute/u_prf/regs_q_reg[27][6]/CE","clk_out2_pll","clk_out2_pll"
"999","-4.407","10.000","13.927","30","","student_top_inst/Core_cpu/u_core/u_backend/complete_prd_reg[1][0]/C","student_top_inst/Core_cpu/u_core/u_backend/u_execute/u_prf/regs_q_reg[27][6]/CE","clk_out2_pll","clk_out2_pll"
"1000","-4.407","10.000","13.927","30","","student_top_inst/Core_cpu/u_core/u_backend/complete_prd_reg[1][0]/C","student_top_inst/Core_cpu/u_core/u_backend/u_execute/u_prf/regs_q_reg[27][6]/CE","clk_out2_pll","clk_out2_pll"
