
src0:     file format raw irom.coe words
architecture: riscv:rv32, base address 0x80000000
irom words: 3250

Disassembly of section .data:

80000000 <.data>:
80000000:	00138117          	auipc	sp,0x138
80000004:	92810113          	addi	sp,sp,-1752 # 0x80137928
80000008:	3f5010ef          	jal	ra,0x80001bfc
8000000c:	171020ef          	jal	ra,0x8000297c
80000010:	5e5020ef          	jal	ra,0x80002df4
80000014:	249000ef          	jal	ra,0x80000a5c
80000018:	0000006f          	jal	zero,0x80000018
8000001c:	ff010113          	addi	sp,sp,-16
80000020:	00112623          	sw	ra,12(sp)
80000024:	00812423          	sw	s0,8(sp)
80000028:	01010413          	addi	s0,sp,16
8000002c:	802007b7          	lui	a5,0x80200
80000030:	0007a783          	lw	a5,0(a5) # 0x80200000
80000034:	00078513          	addi	a0,a5,0
80000038:	00c12083          	lw	ra,12(sp)
8000003c:	00812403          	lw	s0,8(sp)
80000040:	01010113          	addi	sp,sp,16
80000044:	00008067          	jalr	zero,0(ra)
80000048:	ff010113          	addi	sp,sp,-16
8000004c:	00112623          	sw	ra,12(sp)
80000050:	00812423          	sw	s0,8(sp)
80000054:	01010413          	addi	s0,sp,16
80000058:	802007b7          	lui	a5,0x80200
8000005c:	00478793          	addi	a5,a5,4 # 0x80200004
80000060:	0007a783          	lw	a5,0(a5)
80000064:	00078513          	addi	a0,a5,0
80000068:	00c12083          	lw	ra,12(sp)
8000006c:	00812403          	lw	s0,8(sp)
80000070:	01010113          	addi	sp,sp,16
80000074:	00008067          	jalr	zero,0(ra)
80000078:	fd010113          	addi	sp,sp,-48
8000007c:	02112623          	sw	ra,44(sp)
80000080:	02812423          	sw	s0,40(sp)
80000084:	03010413          	addi	s0,sp,48
80000088:	fca42e23          	sw	a0,-36(s0)
8000008c:	fe042623          	sw	zero,-20(s0)
80000090:	fe042423          	sw	zero,-24(s0)
80000094:	06c0006f          	jal	zero,0x80000100
80000098:	fdc42703          	lw	a4,-36(s0)
8000009c:	ccccd7b7          	lui	a5,0xccccd
800000a0:	ccd78793          	addi	a5,a5,-819 # 0xcccccccd
800000a4:	02f737b3          	mulhu	a5,a4,a5
800000a8:	0037d693          	srli	a3,a5,0x3
800000ac:	00068793          	addi	a5,a3,0
800000b0:	00279793          	slli	a5,a5,0x2
800000b4:	00d787b3          	add	a5,a5,a3
800000b8:	00179793          	slli	a5,a5,0x1
800000bc:	40f707b3          	sub	a5,a4,a5
800000c0:	fef42223          	sw	a5,-28(s0)
800000c4:	fe842783          	lw	a5,-24(s0)
800000c8:	fe442703          	lw	a4,-28(s0)
800000cc:	00f717b3          	sll	a5,a4,a5
800000d0:	fec42703          	lw	a4,-20(s0)
800000d4:	00f767b3          	or	a5,a4,a5
800000d8:	fef42623          	sw	a5,-20(s0)
800000dc:	fdc42703          	lw	a4,-36(s0)
800000e0:	ccccd7b7          	lui	a5,0xccccd
800000e4:	ccd78793          	addi	a5,a5,-819 # 0xcccccccd
800000e8:	02f737b3          	mulhu	a5,a4,a5
800000ec:	0037d793          	srli	a5,a5,0x3
800000f0:	fcf42e23          	sw	a5,-36(s0)
800000f4:	fe842783          	lw	a5,-24(s0)
800000f8:	00478793          	addi	a5,a5,4
800000fc:	fef42423          	sw	a5,-24(s0)
80000100:	fdc42783          	lw	a5,-36(s0)
80000104:	f8079ae3          	bne	a5,zero,0x80000098
80000108:	fec42783          	lw	a5,-20(s0)
8000010c:	00078513          	addi	a0,a5,0
80000110:	02c12083          	lw	ra,44(sp)
80000114:	02812403          	lw	s0,40(sp)
80000118:	03010113          	addi	sp,sp,48
8000011c:	00008067          	jalr	zero,0(ra)
80000120:	fe010113          	addi	sp,sp,-32
80000124:	00112e23          	sw	ra,28(sp)
80000128:	00812c23          	sw	s0,24(sp)
8000012c:	02010413          	addi	s0,sp,32
80000130:	801007b7          	lui	a5,0x80100
80000134:	0007a783          	lw	a5,0(a5) # 0x80100000
80000138:	00078513          	addi	a0,a5,0
8000013c:	f3dff0ef          	jal	ra,0x80000078
80000140:	00050793          	addi	a5,a0,0
80000144:	0ff7f793          	andi	a5,a5,255
80000148:	fef42623          	sw	a5,-20(s0)
8000014c:	801007b7          	lui	a5,0x80100
80000150:	0307a783          	lw	a5,48(a5) # 0x80100030
80000154:	00078513          	addi	a0,a5,0
80000158:	f21ff0ef          	jal	ra,0x80000078
8000015c:	00050793          	addi	a5,a0,0
80000160:	00f7f793          	andi	a5,a5,15
80000164:	fef42423          	sw	a5,-24(s0)
80000168:	fe842783          	lw	a5,-24(s0)
8000016c:	01479693          	slli	a3,a5,0x14
80000170:	fec42783          	lw	a5,-20(s0)
80000174:	01879713          	slli	a4,a5,0x18
80000178:	802007b7          	lui	a5,0x80200
8000017c:	02078793          	addi	a5,a5,32 # 0x80200020
80000180:	00e6e733          	or	a4,a3,a4
80000184:	00e7a023          	sw	a4,0(a5)
80000188:	00000013          	addi	zero,zero,0
8000018c:	01c12083          	lw	ra,28(sp)
80000190:	01812403          	lw	s0,24(sp)
80000194:	02010113          	addi	sp,sp,32
80000198:	00008067          	jalr	zero,0(ra)
8000019c:	fd010113          	addi	sp,sp,-48
800001a0:	02112623          	sw	ra,44(sp)
800001a4:	02812423          	sw	s0,40(sp)
800001a8:	03010413          	addi	s0,sp,48
800001ac:	fca42e23          	sw	a0,-36(s0)
800001b0:	fdc42503          	lw	a0,-36(s0)
800001b4:	ec5ff0ef          	jal	ra,0x80000078
800001b8:	00050713          	addi	a4,a0,0
800001bc:	001007b7          	lui	a5,0x100
800001c0:	fff78793          	addi	a5,a5,-1 # 0xfffff
800001c4:	00f777b3          	and	a5,a4,a5
800001c8:	fef42623          	sw	a5,-20(s0)
800001cc:	802007b7          	lui	a5,0x80200
800001d0:	02078793          	addi	a5,a5,32 # 0x80200020
800001d4:	0007a683          	lw	a3,0(a5)
800001d8:	802007b7          	lui	a5,0x80200
800001dc:	02078793          	addi	a5,a5,32 # 0x80200020
800001e0:	fec42703          	lw	a4,-20(s0)
800001e4:	00e6e733          	or	a4,a3,a4
800001e8:	00e7a023          	sw	a4,0(a5)
800001ec:	00000013          	addi	zero,zero,0
800001f0:	02c12083          	lw	ra,44(sp)
800001f4:	02812403          	lw	s0,40(sp)
800001f8:	03010113          	addi	sp,sp,48
800001fc:	00008067          	jalr	zero,0(ra)
80000200:	fe010113          	addi	sp,sp,-32
80000204:	00112e23          	sw	ra,28(sp)
80000208:	00812c23          	sw	s0,24(sp)
8000020c:	02010413          	addi	s0,sp,32
80000210:	fea42623          	sw	a0,-20(s0)
80000214:	802007b7          	lui	a5,0x80200
80000218:	04078793          	addi	a5,a5,64 # 0x80200040
8000021c:	fec42703          	lw	a4,-20(s0)
80000220:	00e7a023          	sw	a4,0(a5)
80000224:	00000013          	addi	zero,zero,0
80000228:	01c12083          	lw	ra,28(sp)
8000022c:	01812403          	lw	s0,24(sp)
80000230:	02010113          	addi	sp,sp,32
80000234:	00008067          	jalr	zero,0(ra)
80000238:	fe010113          	addi	sp,sp,-32
8000023c:	00112e23          	sw	ra,28(sp)
80000240:	00812c23          	sw	s0,24(sp)
80000244:	02010413          	addi	s0,sp,32
80000248:	fea42623          	sw	a0,-20(s0)
8000024c:	801007b7          	lui	a5,0x80100
80000250:	03c7a703          	lw	a4,60(a5) # 0x8010003c
80000254:	fec42783          	lw	a5,-20(s0)
80000258:	00f76733          	or	a4,a4,a5
8000025c:	801007b7          	lui	a5,0x80100
80000260:	02e7ae23          	sw	a4,60(a5) # 0x8010003c
80000264:	801007b7          	lui	a5,0x80100
80000268:	03c7a783          	lw	a5,60(a5) # 0x8010003c
8000026c:	00078513          	addi	a0,a5,0
80000270:	f91ff0ef          	jal	ra,0x80000200
80000274:	00000013          	addi	zero,zero,0
80000278:	01c12083          	lw	ra,28(sp)
8000027c:	01812403          	lw	s0,24(sp)
80000280:	02010113          	addi	sp,sp,32
80000284:	00008067          	jalr	zero,0(ra)
80000288:	fe010113          	addi	sp,sp,-32
8000028c:	00112e23          	sw	ra,28(sp)
80000290:	00812c23          	sw	s0,24(sp)
80000294:	02010413          	addi	s0,sp,32
80000298:	048877b7          	lui	a5,0x4887
8000029c:	02078713          	addi	a4,a5,32 # 0x4887020
800002a0:	801007b7          	lui	a5,0x80100
800002a4:	03c7a783          	lw	a5,60(a5) # 0x8010003c
800002a8:	00f767b3          	or	a5,a4,a5
800002ac:	fef42623          	sw	a5,-20(s0)
800002b0:	fec42503          	lw	a0,-20(s0)
800002b4:	f4dff0ef          	jal	ra,0x80000200
800002b8:	00000013          	addi	zero,zero,0
800002bc:	01c12083          	lw	ra,28(sp)
800002c0:	01812403          	lw	s0,24(sp)
800002c4:	02010113          	addi	sp,sp,32
800002c8:	00008067          	jalr	zero,0(ra)
800002cc:	fe010113          	addi	sp,sp,-32
800002d0:	00112e23          	sw	ra,28(sp)
800002d4:	00812c23          	sw	s0,24(sp)
800002d8:	02010413          	addi	s0,sp,32
800002dc:	906067b7          	lui	a5,0x90606
800002e0:	09078713          	addi	a4,a5,144 # 0x90606090
800002e4:	801007b7          	lui	a5,0x80100
800002e8:	03c7a783          	lw	a5,60(a5) # 0x8010003c
800002ec:	00f767b3          	or	a5,a4,a5
800002f0:	fef42623          	sw	a5,-20(s0)
800002f4:	fec42503          	lw	a0,-20(s0)
800002f8:	f09ff0ef          	jal	ra,0x80000200
800002fc:	00000013          	addi	zero,zero,0
80000300:	01c12083          	lw	ra,28(sp)
80000304:	01812403          	lw	s0,24(sp)
80000308:	02010113          	addi	sp,sp,32
8000030c:	00008067          	jalr	zero,0(ra)
80000310:	ff010113          	addi	sp,sp,-16
80000314:	00112623          	sw	ra,12(sp)
80000318:	00812423          	sw	s0,8(sp)
8000031c:	01010413          	addi	s0,sp,16
80000320:	802007b7          	lui	a5,0x80200
80000324:	05078793          	addi	a5,a5,80 # 0x80200050
80000328:	80000737          	lui	a4,0x80000
8000032c:	00e7a023          	sw	a4,0(a5)
80000330:	00000013          	addi	zero,zero,0
80000334:	00c12083          	lw	ra,12(sp)
80000338:	00812403          	lw	s0,8(sp)
8000033c:	01010113          	addi	sp,sp,16
80000340:	00008067          	jalr	zero,0(ra)
80000344:	ff010113          	addi	sp,sp,-16
80000348:	00112623          	sw	ra,12(sp)
8000034c:	00812423          	sw	s0,8(sp)
80000350:	01010413          	addi	s0,sp,16
80000354:	802007b7          	lui	a5,0x80200
80000358:	05078793          	addi	a5,a5,80 # 0x80200050
8000035c:	fff00713          	addi	a4,zero,-1
80000360:	00e7a023          	sw	a4,0(a5)
80000364:	00000013          	addi	zero,zero,0
80000368:	00c12083          	lw	ra,12(sp)
8000036c:	00812403          	lw	s0,8(sp)
80000370:	01010113          	addi	sp,sp,16
80000374:	00008067          	jalr	zero,0(ra)
80000378:	ff010113          	addi	sp,sp,-16
8000037c:	00112623          	sw	ra,12(sp)
80000380:	00812423          	sw	s0,8(sp)
80000384:	01010413          	addi	s0,sp,16
80000388:	802007b7          	lui	a5,0x80200
8000038c:	05078793          	addi	a5,a5,80 # 0x80200050
80000390:	0007a783          	lw	a5,0(a5)
80000394:	00078513          	addi	a0,a5,0
80000398:	00c12083          	lw	ra,12(sp)
8000039c:	00812403          	lw	s0,8(sp)
800003a0:	01010113          	addi	sp,sp,16
800003a4:	00008067          	jalr	zero,0(ra)
800003a8:	fd010113          	addi	sp,sp,-48
800003ac:	02112623          	sw	ra,44(sp)
800003b0:	02812423          	sw	s0,40(sp)
800003b4:	03010413          	addi	s0,sp,48
800003b8:	fca42e23          	sw	a0,-36(s0)
800003bc:	fcb42c23          	sw	a1,-40(s0)
800003c0:	fff00793          	addi	a5,zero,-1
800003c4:	fef41723          	sh	a5,-18(s0)
800003c8:	fe042423          	sw	zero,-24(s0)
800003cc:	0880006f          	jal	zero,0x80000454
800003d0:	fe842783          	lw	a5,-24(s0)
800003d4:	fdc42703          	lw	a4,-36(s0)
800003d8:	00f707b3          	add	a5,a4,a5
800003dc:	0007c783          	lbu	a5,0(a5)
800003e0:	00078713          	addi	a4,a5,0
800003e4:	fee45783          	lhu	a5,-18(s0)
800003e8:	00f747b3          	xor	a5,a4,a5
800003ec:	fef41723          	sh	a5,-18(s0)
800003f0:	fe042223          	sw	zero,-28(s0)
800003f4:	0480006f          	jal	zero,0x8000043c
800003f8:	fee45783          	lhu	a5,-18(s0)
800003fc:	0017f793          	andi	a5,a5,1
80000400:	02078263          	beq	a5,zero,0x80000424
80000404:	fee45783          	lhu	a5,-18(s0)
80000408:	0017d793          	srli	a5,a5,0x1
8000040c:	0807c733          	zext.h	a4,a5
80000410:	ffffa7b7          	lui	a5,0xffffa
80000414:	00178793          	addi	a5,a5,1 # 0xffffa001
80000418:	00f747b3          	xor	a5,a4,a5
8000041c:	fef41723          	sh	a5,-18(s0)
80000420:	0100006f          	jal	zero,0x80000430
80000424:	fee45783          	lhu	a5,-18(s0)
80000428:	0017d793          	srli	a5,a5,0x1
8000042c:	fef41723          	sh	a5,-18(s0)
80000430:	fe442783          	lw	a5,-28(s0)
80000434:	00178793          	addi	a5,a5,1
80000438:	fef42223          	sw	a5,-28(s0)
8000043c:	fe442703          	lw	a4,-28(s0)
80000440:	00700793          	addi	a5,zero,7
80000444:	fae7dae3          	bge	a5,a4,0x800003f8
80000448:	fe842783          	lw	a5,-24(s0)
8000044c:	00178793          	addi	a5,a5,1
80000450:	fef42423          	sw	a5,-24(s0)
80000454:	fe842703          	lw	a4,-24(s0)
80000458:	fd842783          	lw	a5,-40(s0)
8000045c:	f6f74ae3          	blt	a4,a5,0x800003d0
80000460:	fee45783          	lhu	a5,-18(s0)
80000464:	00078513          	addi	a0,a5,0
80000468:	02c12083          	lw	ra,44(sp)
8000046c:	02812403          	lw	s0,40(sp)
80000470:	03010113          	addi	sp,sp,48
80000474:	00008067          	jalr	zero,0(ra)
80000478:	fd010113          	addi	sp,sp,-48
8000047c:	02112623          	sw	ra,44(sp)
80000480:	02812423          	sw	s0,40(sp)
80000484:	03010413          	addi	s0,sp,48
80000488:	fca42e23          	sw	a0,-36(s0)
8000048c:	fe042623          	sw	zero,-20(s0)
80000490:	06c0006f          	jal	zero,0x800004fc
80000494:	fec42703          	lw	a4,-20(s0)
80000498:	00070793          	addi	a5,a4,0 # 0x80000000
8000049c:	00479793          	slli	a5,a5,0x4
800004a0:	00e786b3          	add	a3,a5,a4
800004a4:	fdc42703          	lw	a4,-36(s0)
800004a8:	00070793          	addi	a5,a4,0
800004ac:	00179793          	slli	a5,a5,0x1
800004b0:	00e787b3          	add	a5,a5,a4
800004b4:	00379793          	slli	a5,a5,0x3
800004b8:	40e787b3          	sub	a5,a5,a4
800004bc:	00f687b3          	add	a5,a3,a5
800004c0:	01d78713          	addi	a4,a5,29
800004c4:	41f75793          	srai	a5,a4,0x1f
800004c8:	0187d793          	srli	a5,a5,0x18
800004cc:	00f70733          	add	a4,a4,a5
800004d0:	0ff77713          	andi	a4,a4,255
800004d4:	40f707b3          	sub	a5,a4,a5
800004d8:	0ff7f713          	andi	a4,a5,255
800004dc:	801007b7          	lui	a5,0x80100
800004e0:	04078693          	addi	a3,a5,64 # 0x80100040
800004e4:	fec42783          	lw	a5,-20(s0)
800004e8:	00f687b3          	add	a5,a3,a5
800004ec:	00e78023          	sb	a4,0(a5)
800004f0:	fec42783          	lw	a5,-20(s0)
800004f4:	00178793          	addi	a5,a5,1
800004f8:	fef42623          	sw	a5,-20(s0)
800004fc:	fec42703          	lw	a4,-20(s0)
80000500:	000017b7          	lui	a5,0x1
80000504:	f8f748e3          	blt	a4,a5,0x80000494
80000508:	00000013          	addi	zero,zero,0
8000050c:	00000013          	addi	zero,zero,0
80000510:	02c12083          	lw	ra,44(sp)
80000514:	02812403          	lw	s0,40(sp)
80000518:	03010113          	addi	sp,sp,48
8000051c:	00008067          	jalr	zero,0(ra)
80000520:	fe010113          	addi	sp,sp,-32
80000524:	00112e23          	sw	ra,28(sp)
80000528:	00812c23          	sw	s0,24(sp)
8000052c:	02010413          	addi	s0,sp,32
80000530:	fe042623          	sw	zero,-20(s0)
80000534:	1400006f          	jal	zero,0x80000674
80000538:	fec42503          	lw	a0,-20(s0)
8000053c:	f3dff0ef          	jal	ra,0x80000478
80000540:	000015b7          	lui	a1,0x1
80000544:	801007b7          	lui	a5,0x80100
80000548:	04078513          	addi	a0,a5,64 # 0x80100040
8000054c:	e5dff0ef          	jal	ra,0x800003a8
80000550:	00050793          	addi	a5,a0,0
80000554:	fef41523          	sh	a5,-22(s0)
80000558:	fec42703          	lw	a4,-20(s0)
8000055c:	00070793          	addi	a5,a4,0
80000560:	00579793          	slli	a5,a5,0x5
80000564:	40e787b3          	sub	a5,a5,a4
80000568:	00279793          	slli	a5,a5,0x2
8000056c:	40e78733          	sub	a4,a5,a4
80000570:	41f75793          	srai	a5,a4,0x1f
80000574:	0147d793          	srli	a5,a5,0x14
80000578:	00f706b3          	add	a3,a4,a5
8000057c:	00001737          	lui	a4,0x1
80000580:	fff70713          	addi	a4,a4,-1 # 0xfff
80000584:	00e6f733          	and	a4,a3,a4
80000588:	40f707b3          	sub	a5,a4,a5
8000058c:	80100737          	lui	a4,0x80100
80000590:	04070713          	addi	a4,a4,64 # 0x80100040
80000594:	00f70733          	add	a4,a4,a5
80000598:	00074703          	lbu	a4,0(a4)
8000059c:	05a74713          	xori	a4,a4,90
800005a0:	0ff77713          	andi	a4,a4,255
800005a4:	801006b7          	lui	a3,0x80100
800005a8:	04068693          	addi	a3,a3,64 # 0x80100040
800005ac:	00f687b3          	add	a5,a3,a5
800005b0:	00e78023          	sb	a4,0(a5)
800005b4:	000015b7          	lui	a1,0x1
800005b8:	801007b7          	lui	a5,0x80100
800005bc:	04078513          	addi	a0,a5,64 # 0x80100040
800005c0:	de9ff0ef          	jal	ra,0x800003a8
800005c4:	00050793          	addi	a5,a0,0
800005c8:	fef41423          	sh	a5,-24(s0)
800005cc:	fec42703          	lw	a4,-20(s0)
800005d0:	00070793          	addi	a5,a4,0
800005d4:	00579793          	slli	a5,a5,0x5
800005d8:	40e787b3          	sub	a5,a5,a4
800005dc:	00279793          	slli	a5,a5,0x2
800005e0:	40e78733          	sub	a4,a5,a4
800005e4:	41f75793          	srai	a5,a4,0x1f
800005e8:	0147d793          	srli	a5,a5,0x14
800005ec:	00f706b3          	add	a3,a4,a5
800005f0:	00001737          	lui	a4,0x1
800005f4:	fff70713          	addi	a4,a4,-1 # 0xfff
800005f8:	00e6f733          	and	a4,a3,a4
800005fc:	40f707b3          	sub	a5,a4,a5
80000600:	80100737          	lui	a4,0x80100
80000604:	04070713          	addi	a4,a4,64 # 0x80100040
80000608:	00f70733          	add	a4,a4,a5
8000060c:	00074703          	lbu	a4,0(a4)
80000610:	05a74713          	xori	a4,a4,90
80000614:	0ff77713          	andi	a4,a4,255
80000618:	801006b7          	lui	a3,0x80100
8000061c:	04068693          	addi	a3,a3,64 # 0x80100040
80000620:	00f687b3          	add	a5,a3,a5
80000624:	00e78023          	sb	a4,0(a5)
80000628:	000015b7          	lui	a1,0x1
8000062c:	801007b7          	lui	a5,0x80100
80000630:	04078513          	addi	a0,a5,64 # 0x80100040
80000634:	d75ff0ef          	jal	ra,0x800003a8
80000638:	00050793          	addi	a5,a0,0
8000063c:	fef41323          	sh	a5,-26(s0)
80000640:	fea45703          	lhu	a4,-22(s0)
80000644:	fe845783          	lhu	a5,-24(s0)
80000648:	00f71663          	bne	a4,a5,0x80000654
8000064c:	00000793          	addi	a5,zero,0
80000650:	0340006f          	jal	zero,0x80000684
80000654:	fe645703          	lhu	a4,-26(s0)
80000658:	fea45783          	lhu	a5,-22(s0)
8000065c:	00f70663          	beq	a4,a5,0x80000668
80000660:	00000793          	addi	a5,zero,0
80000664:	0200006f          	jal	zero,0x80000684
80000668:	fec42783          	lw	a5,-20(s0)
8000066c:	00178793          	addi	a5,a5,1
80000670:	fef42623          	sw	a5,-20(s0)
80000674:	fec42703          	lw	a4,-20(s0)
80000678:	18f00793          	addi	a5,zero,399
8000067c:	eae7dee3          	bge	a5,a4,0x80000538
80000680:	00100793          	addi	a5,zero,1
80000684:	00078513          	addi	a0,a5,0
80000688:	01c12083          	lw	ra,28(sp)
8000068c:	01812403          	lw	s0,24(sp)
80000690:	02010113          	addi	sp,sp,32
80000694:	00008067          	jalr	zero,0(ra)
80000698:	fe010113          	addi	sp,sp,-32
8000069c:	00112e23          	sw	ra,28(sp)
800006a0:	00812c23          	sw	s0,24(sp)
800006a4:	02010413          	addi	s0,sp,32
800006a8:	fea42623          	sw	a0,-20(s0)
800006ac:	feb42423          	sw	a1,-24(s0)
800006b0:	fec42703          	lw	a4,-20(s0)
800006b4:	00300793          	addi	a5,zero,3
800006b8:	0cf70c63          	beq	a4,a5,0x80000790
800006bc:	fec42703          	lw	a4,-20(s0)
800006c0:	00300793          	addi	a5,zero,3
800006c4:	10e7e463          	bltu	a5,a4,0x800007cc
800006c8:	fec42703          	lw	a4,-20(s0)
800006cc:	00200793          	addi	a5,zero,2
800006d0:	08f70063          	beq	a4,a5,0x80000750
800006d4:	fec42703          	lw	a4,-20(s0)
800006d8:	00200793          	addi	a5,zero,2
800006dc:	0ee7e863          	bltu	a5,a4,0x800007cc
800006e0:	fec42783          	lw	a5,-20(s0)
800006e4:	00078a63          	beq	a5,zero,0x800006f8
800006e8:	fec42703          	lw	a4,-20(s0)
800006ec:	00100793          	addi	a5,zero,1
800006f0:	02f70263          	beq	a4,a5,0x80000714
800006f4:	0d80006f          	jal	zero,0x800007cc
800006f8:	fe842783          	lw	a5,-24(s0)
800006fc:	0017f793          	andi	a5,a5,1
80000700:	00079663          	bne	a5,zero,0x8000070c
80000704:	00100793          	addi	a5,zero,1
80000708:	0c80006f          	jal	zero,0x800007d0
8000070c:	00200793          	addi	a5,zero,2
80000710:	0c00006f          	jal	zero,0x800007d0
80000714:	fe842683          	lw	a3,-24(s0)
80000718:	555557b7          	lui	a5,0x55555
8000071c:	55678793          	addi	a5,a5,1366 # 0x55555556
80000720:	02f69733          	mulh	a4,a3,a5
80000724:	41f6d793          	srai	a5,a3,0x1f
80000728:	40f70733          	sub	a4,a4,a5
8000072c:	00070793          	addi	a5,a4,0
80000730:	00179793          	slli	a5,a5,0x1
80000734:	00e787b3          	add	a5,a5,a4
80000738:	40f68733          	sub	a4,a3,a5
8000073c:	00071663          	bne	a4,zero,0x80000748
80000740:	00200793          	addi	a5,zero,2
80000744:	08c0006f          	jal	zero,0x800007d0
80000748:	00300793          	addi	a5,zero,3
8000074c:	0840006f          	jal	zero,0x800007d0
80000750:	fe842683          	lw	a3,-24(s0)
80000754:	666667b7          	lui	a5,0x66666
80000758:	66778793          	addi	a5,a5,1639 # 0x66666667
8000075c:	02f697b3          	mulh	a5,a3,a5
80000760:	4017d713          	srai	a4,a5,0x1
80000764:	41f6d793          	srai	a5,a3,0x1f
80000768:	40f70733          	sub	a4,a4,a5
8000076c:	00070793          	addi	a5,a4,0
80000770:	00279793          	slli	a5,a5,0x2
80000774:	00e787b3          	add	a5,a5,a4
80000778:	40f68733          	sub	a4,a3,a5
8000077c:	00071663          	bne	a4,zero,0x80000788
80000780:	00300793          	addi	a5,zero,3
80000784:	04c0006f          	jal	zero,0x800007d0
80000788:	00000793          	addi	a5,zero,0
8000078c:	0440006f          	jal	zero,0x800007d0
80000790:	fe842783          	lw	a5,-24(s0)
80000794:	92492737          	lui	a4,0x92492
80000798:	49370713          	addi	a4,a4,1171 # 0x92492493
8000079c:	02e79733          	mulh	a4,a5,a4
800007a0:	00f70733          	add	a4,a4,a5
800007a4:	40275693          	srai	a3,a4,0x2
800007a8:	41f7d713          	srai	a4,a5,0x1f
800007ac:	40e686b3          	sub	a3,a3,a4
800007b0:	00068713          	addi	a4,a3,0
800007b4:	00371713          	slli	a4,a4,0x3
800007b8:	40d70733          	sub	a4,a4,a3
800007bc:	40e786b3          	sub	a3,a5,a4
800007c0:	00d037b3          	sltu	a5,zero,a3
800007c4:	0ff7f793          	andi	a5,a5,255
800007c8:	0080006f          	jal	zero,0x800007d0
800007cc:	00000793          	addi	a5,zero,0
800007d0:	00078513          	addi	a0,a5,0
800007d4:	01c12083          	lw	ra,28(sp)
800007d8:	01812403          	lw	s0,24(sp)
800007dc:	02010113          	addi	sp,sp,32
800007e0:	00008067          	jalr	zero,0(ra)
800007e4:	fc010113          	addi	sp,sp,-64
800007e8:	02112e23          	sw	ra,60(sp)
800007ec:	02812c23          	sw	s0,56(sp)
800007f0:	04010413          	addi	s0,sp,64
800007f4:	fe042623          	sw	zero,-20(s0)
800007f8:	fe042423          	sw	zero,-24(s0)
800007fc:	fe042223          	sw	zero,-28(s0)
80000800:	0940006f          	jal	zero,0x80000894
80000804:	fe042023          	sw	zero,-32(s0)
80000808:	0740006f          	jal	zero,0x8000087c
8000080c:	fec42783          	lw	a5,-20(s0)
80000810:	0ff7f713          	andi	a4,a5,255
80000814:	801017b7          	lui	a5,0x80101
80000818:	04078693          	addi	a3,a5,64 # 0x80101040
8000081c:	fe042783          	lw	a5,-32(s0)
80000820:	00f687b3          	add	a5,a3,a5
80000824:	00e78023          	sb	a4,0(a5)
80000828:	fe042703          	lw	a4,-32(s0)
8000082c:	00070793          	addi	a5,a4,0
80000830:	00479793          	slli	a5,a5,0x4
80000834:	00e787b3          	add	a5,a5,a4
80000838:	01778793          	addi	a5,a5,23
8000083c:	00078593          	addi	a1,a5,0
80000840:	fec42503          	lw	a0,-20(s0)
80000844:	e55ff0ef          	jal	ra,0x80000698
80000848:	00050793          	addi	a5,a0,0
8000084c:	fef42623          	sw	a5,-20(s0)
80000850:	fe042783          	lw	a5,-32(s0)
80000854:	00178793          	addi	a5,a5,1
80000858:	00078713          	addi	a4,a5,0
8000085c:	fec42783          	lw	a5,-20(s0)
80000860:	02f70733          	mul	a4,a4,a5
80000864:	fe842783          	lw	a5,-24(s0)
80000868:	00f707b3          	add	a5,a4,a5
8000086c:	fef42423          	sw	a5,-24(s0)
80000870:	fe042783          	lw	a5,-32(s0)
80000874:	00178793          	addi	a5,a5,1
80000878:	fef42023          	sw	a5,-32(s0)
8000087c:	fe042703          	lw	a4,-32(s0)
80000880:	0ff00793          	addi	a5,zero,255
80000884:	f8e7d4e3          	bge	a5,a4,0x8000080c
80000888:	fe442783          	lw	a5,-28(s0)
8000088c:	00178793          	addi	a5,a5,1
80000890:	fef42223          	sw	a5,-28(s0)
80000894:	fe442703          	lw	a4,-28(s0)
80000898:	000017b7          	lui	a5,0x1
8000089c:	38778793          	addi	a5,a5,903 # 0x1387
800008a0:	f6e7d2e3          	bge	a5,a4,0x80000804
800008a4:	0f7d47b7          	lui	a5,0xf7d4
800008a8:	9a978793          	addi	a5,a5,-1623 # 0xf7d39a9
800008ac:	fcf42623          	sw	a5,-52(s0)
800008b0:	fe842703          	lw	a4,-24(s0)
800008b4:	fcc42783          	lw	a5,-52(s0)
800008b8:	00f70663          	beq	a4,a5,0x800008c4
800008bc:	00000793          	addi	a5,zero,0
800008c0:	0bc0006f          	jal	zero,0x8000097c
800008c4:	00100793          	addi	a5,zero,1
800008c8:	fcf42e23          	sw	a5,-36(s0)
800008cc:	fc042c23          	sw	zero,-40(s0)
800008d0:	fc042a23          	sw	zero,-44(s0)
800008d4:	0800006f          	jal	zero,0x80000954
800008d8:	fc042823          	sw	zero,-48(s0)
800008dc:	0600006f          	jal	zero,0x8000093c
800008e0:	fd042703          	lw	a4,-48(s0)
800008e4:	00070793          	addi	a5,a4,0
800008e8:	00279793          	slli	a5,a5,0x2
800008ec:	00e787b3          	add	a5,a5,a4
800008f0:	00279793          	slli	a5,a5,0x2
800008f4:	40e787b3          	sub	a5,a5,a4
800008f8:	01f78793          	addi	a5,a5,31
800008fc:	00078593          	addi	a1,a5,0
80000900:	fdc42503          	lw	a0,-36(s0)
80000904:	d95ff0ef          	jal	ra,0x80000698
80000908:	00050793          	addi	a5,a0,0
8000090c:	fcf42e23          	sw	a5,-36(s0)
80000910:	fd042783          	lw	a5,-48(s0)
80000914:	00178793          	addi	a5,a5,1
80000918:	00078713          	addi	a4,a5,0
8000091c:	fdc42783          	lw	a5,-36(s0)
80000920:	02f70733          	mul	a4,a4,a5
80000924:	fd842783          	lw	a5,-40(s0)
80000928:	00f707b3          	add	a5,a4,a5
8000092c:	fcf42c23          	sw	a5,-40(s0)
80000930:	fd042783          	lw	a5,-48(s0)
80000934:	00178793          	addi	a5,a5,1
80000938:	fcf42823          	sw	a5,-48(s0)
8000093c:	fd042703          	lw	a4,-48(s0)
80000940:	0ff00793          	addi	a5,zero,255
80000944:	f8e7dee3          	bge	a5,a4,0x800008e0
80000948:	fd442783          	lw	a5,-44(s0)
8000094c:	00178793          	addi	a5,a5,1
80000950:	fcf42a23          	sw	a5,-44(s0)
80000954:	fd442703          	lw	a4,-44(s0)
80000958:	000017b7          	lui	a5,0x1
8000095c:	38778793          	addi	a5,a5,903 # 0x1387
80000960:	f6e7dce3          	bge	a5,a4,0x800008d8
80000964:	fd842703          	lw	a4,-40(s0)
80000968:	fcc42783          	lw	a5,-52(s0)
8000096c:	00f71663          	bne	a4,a5,0x80000978
80000970:	00000793          	addi	a5,zero,0
80000974:	0080006f          	jal	zero,0x8000097c
80000978:	00100793          	addi	a5,zero,1
8000097c:	00078513          	addi	a0,a5,0
80000980:	03c12083          	lw	ra,60(sp)
80000984:	03812403          	lw	s0,56(sp)
80000988:	04010113          	addi	sp,sp,64
8000098c:	00008067          	jalr	zero,0(ra)
80000990:	fe010113          	addi	sp,sp,-32
80000994:	00112e23          	sw	ra,28(sp)
80000998:	00812c23          	sw	s0,24(sp)
8000099c:	02010413          	addi	s0,sp,32
800009a0:	fea42623          	sw	a0,-20(s0)
800009a4:	feb42423          	sw	a1,-24(s0)
800009a8:	fec42223          	sw	a2,-28(s0)
800009ac:	fec42783          	lw	a5,-20(s0)
800009b0:	00078863          	beq	a5,zero,0x800009c0
800009b4:	fe842503          	lw	a0,-24(s0)
800009b8:	881ff0ef          	jal	ra,0x80000238
800009bc:	00c0006f          	jal	zero,0x800009c8
800009c0:	fe442783          	lw	a5,-28(s0)
800009c4:	0007a023          	sw	zero,0(a5)
800009c8:	00000013          	addi	zero,zero,0
800009cc:	01c12083          	lw	ra,28(sp)
800009d0:	01812403          	lw	s0,24(sp)
800009d4:	02010113          	addi	sp,sp,32
800009d8:	00008067          	jalr	zero,0(ra)
800009dc:	ff010113          	addi	sp,sp,-16
800009e0:	00112623          	sw	ra,12(sp)
800009e4:	00812423          	sw	s0,8(sp)
800009e8:	01010413          	addi	s0,sp,16
800009ec:	959ff0ef          	jal	ra,0x80000344
800009f0:	989ff0ef          	jal	ra,0x80000378
800009f4:	00050793          	addi	a5,a0,0
800009f8:	00078513          	addi	a0,a5,0
800009fc:	fa0ff0ef          	jal	ra,0x8000019c
80000a00:	8cdff0ef          	jal	ra,0x800002cc
80000a04:	00000f93          	addi	t6,zero,0
80000a08:	00000013          	addi	zero,zero,0
80000a0c:	00c12083          	lw	ra,12(sp)
80000a10:	00812403          	lw	s0,8(sp)
80000a14:	01010113          	addi	sp,sp,16
80000a18:	00008067          	jalr	zero,0(ra)
80000a1c:	ff010113          	addi	sp,sp,-16
80000a20:	00112623          	sw	ra,12(sp)
80000a24:	00812423          	sw	s0,8(sp)
80000a28:	01010413          	addi	s0,sp,16
80000a2c:	919ff0ef          	jal	ra,0x80000344
80000a30:	949ff0ef          	jal	ra,0x80000378
80000a34:	00050793          	addi	a5,a0,0
80000a38:	00078513          	addi	a0,a5,0
80000a3c:	f60ff0ef          	jal	ra,0x8000019c
80000a40:	849ff0ef          	jal	ra,0x80000288
80000a44:	00100f93          	addi	t6,zero,1
80000a48:	00000013          	addi	zero,zero,0
80000a4c:	00c12083          	lw	ra,12(sp)
80000a50:	00812403          	lw	s0,8(sp)
80000a54:	01010113          	addi	sp,sp,16
80000a58:	00008067          	jalr	zero,0(ra)
80000a5c:	fe010113          	addi	sp,sp,-32
80000a60:	00112e23          	sw	ra,28(sp)
80000a64:	00812c23          	sw	s0,24(sp)
80000a68:	02010413          	addi	s0,sp,32
80000a6c:	00100793          	addi	a5,zero,1
80000a70:	fef42423          	sw	a5,-24(s0)
80000a74:	00100793          	addi	a5,zero,1
80000a78:	fef42623          	sw	a5,-20(s0)
80000a7c:	801007b7          	lui	a5,0x80100
80000a80:	0007a703          	lw	a4,0(a5) # 0x80100000
80000a84:	02500793          	addi	a5,zero,37
80000a88:	00f71e63          	bne	a4,a5,0x80000aa4
80000a8c:	801007b7          	lui	a5,0x80100
80000a90:	0307a703          	lw	a4,48(a5) # 0x80100030
80000a94:	00800793          	addi	a5,zero,8
80000a98:	00f71663          	bne	a4,a5,0x80000aa4
80000a9c:	00100793          	addi	a5,zero,1
80000aa0:	0080006f          	jal	zero,0x80000aa8
80000aa4:	00000793          	addi	a5,zero,0
80000aa8:	fe840713          	addi	a4,s0,-24
80000aac:	00070613          	addi	a2,a4,0
80000ab0:	00100593          	addi	a1,zero,1
80000ab4:	00078513          	addi	a0,a5,0
80000ab8:	ed9ff0ef          	jal	ra,0x80000990
80000abc:	e64ff0ef          	jal	ra,0x80000120
80000ac0:	801007b7          	lui	a5,0x80100
80000ac4:	0387a783          	lw	a5,56(a5) # 0x80100038
80000ac8:	fec42703          	lw	a4,-20(s0)
80000acc:	40f707b3          	sub	a5,a4,a5
80000ad0:	0017b793          	sltiu	a5,a5,1
80000ad4:	0ff7f793          	andi	a5,a5,255
80000ad8:	00078713          	addi	a4,a5,0
80000adc:	fe840793          	addi	a5,s0,-24
80000ae0:	00078613          	addi	a2,a5,0
80000ae4:	00200593          	addi	a1,zero,2
80000ae8:	00070513          	addi	a0,a4,0
80000aec:	ea5ff0ef          	jal	ra,0x80000990
80000af0:	821ff0ef          	jal	ra,0x80000310
80000af4:	600000ef          	jal	ra,0x800010f4
80000af8:	00050713          	addi	a4,a0,0
80000afc:	fe840793          	addi	a5,s0,-24
80000b00:	00078613          	addi	a2,a5,0
80000b04:	10000593          	addi	a1,zero,256
80000b08:	00070513          	addi	a0,a4,0
80000b0c:	e85ff0ef          	jal	ra,0x80000990
80000b10:	411000ef          	jal	ra,0x80001720
80000b14:	00050713          	addi	a4,a0,0
80000b18:	fe840793          	addi	a5,s0,-24
80000b1c:	00078613          	addi	a2,a5,0
80000b20:	20000593          	addi	a1,zero,512
80000b24:	00070513          	addi	a0,a4,0
80000b28:	e69ff0ef          	jal	ra,0x80000990
80000b2c:	714000ef          	jal	ra,0x80001240
80000b30:	00050713          	addi	a4,a0,0
80000b34:	fe840793          	addi	a5,s0,-24
80000b38:	00078613          	addi	a2,a5,0
80000b3c:	000105b7          	lui	a1,0x10
80000b40:	00070513          	addi	a0,a4,0
80000b44:	e4dff0ef          	jal	ra,0x80000990
80000b48:	5ad000ef          	jal	ra,0x800018f4
80000b4c:	00050713          	addi	a4,a0,0
80000b50:	fe840793          	addi	a5,s0,-24
80000b54:	00078613          	addi	a2,a5,0
80000b58:	000205b7          	lui	a1,0x20
80000b5c:	00070513          	addi	a0,a4,0
80000b60:	e31ff0ef          	jal	ra,0x80000990
80000b64:	c81ff0ef          	jal	ra,0x800007e4
80000b68:	00050713          	addi	a4,a0,0
80000b6c:	fe840793          	addi	a5,s0,-24
80000b70:	00078613          	addi	a2,a5,0
80000b74:	010005b7          	lui	a1,0x1000
80000b78:	00070513          	addi	a0,a4,0
80000b7c:	e15ff0ef          	jal	ra,0x80000990
80000b80:	9a1ff0ef          	jal	ra,0x80000520
80000b84:	00050713          	addi	a4,a0,0
80000b88:	fe840793          	addi	a5,s0,-24
80000b8c:	00078613          	addi	a2,a5,0
80000b90:	020005b7          	lui	a1,0x2000
80000b94:	00070513          	addi	a0,a4,0
80000b98:	df9ff0ef          	jal	ra,0x80000990
80000b9c:	fe842783          	lw	a5,-24(s0)
80000ba0:	00078663          	beq	a5,zero,0x80000bac
80000ba4:	e79ff0ef          	jal	ra,0x80000a1c
80000ba8:	0080006f          	jal	zero,0x80000bb0
80000bac:	e31ff0ef          	jal	ra,0x800009dc
80000bb0:	00000793          	addi	a5,zero,0
80000bb4:	00078513          	addi	a0,a5,0
80000bb8:	01c12083          	lw	ra,28(sp)
80000bbc:	01812403          	lw	s0,24(sp)
80000bc0:	02010113          	addi	sp,sp,32
80000bc4:	00008067          	jalr	zero,0(ra)
80000bc8:	fd010113          	addi	sp,sp,-48
80000bcc:	02112623          	sw	ra,44(sp)
80000bd0:	02812423          	sw	s0,40(sp)
80000bd4:	03010413          	addi	s0,sp,48
80000bd8:	fca42e23          	sw	a0,-36(s0)
80000bdc:	fcb42c23          	sw	a1,-40(s0)
80000be0:	fcc42a23          	sw	a2,-44(s0)
80000be4:	fe042623          	sw	zero,-20(s0)
80000be8:	0f80006f          	jal	zero,0x80000ce0
80000bec:	fe042423          	sw	zero,-24(s0)
80000bf0:	0d80006f          	jal	zero,0x80000cc8
80000bf4:	fe042023          	sw	zero,-32(s0)
80000bf8:	fe042223          	sw	zero,-28(s0)
80000bfc:	0800006f          	jal	zero,0x80000c7c
80000c00:	fec42703          	lw	a4,-20(s0)
80000c04:	00070793          	addi	a5,a4,0
80000c08:	00279793          	slli	a5,a5,0x2
80000c0c:	00e787b3          	add	a5,a5,a4
80000c10:	00679793          	slli	a5,a5,0x6
80000c14:	00078713          	addi	a4,a5,0
80000c18:	fdc42783          	lw	a5,-36(s0)
80000c1c:	00e78733          	add	a4,a5,a4
80000c20:	fe442783          	lw	a5,-28(s0)
80000c24:	00279793          	slli	a5,a5,0x2
80000c28:	00f707b3          	add	a5,a4,a5
80000c2c:	0007a683          	lw	a3,0(a5)
80000c30:	fe442703          	lw	a4,-28(s0)
80000c34:	00070793          	addi	a5,a4,0
80000c38:	00279793          	slli	a5,a5,0x2
80000c3c:	00e787b3          	add	a5,a5,a4
80000c40:	00679793          	slli	a5,a5,0x6
80000c44:	00078713          	addi	a4,a5,0
80000c48:	fd842783          	lw	a5,-40(s0)
80000c4c:	00e78733          	add	a4,a5,a4
80000c50:	fe842783          	lw	a5,-24(s0)
80000c54:	00279793          	slli	a5,a5,0x2
80000c58:	00f707b3          	add	a5,a4,a5
80000c5c:	0007a783          	lw	a5,0(a5)
80000c60:	02f687b3          	mul	a5,a3,a5
80000c64:	fe042703          	lw	a4,-32(s0)
80000c68:	00f707b3          	add	a5,a4,a5
80000c6c:	fef42023          	sw	a5,-32(s0)
80000c70:	fe442783          	lw	a5,-28(s0)
80000c74:	00178793          	addi	a5,a5,1
80000c78:	fef42223          	sw	a5,-28(s0)
80000c7c:	fe442703          	lw	a4,-28(s0)
80000c80:	04f00793          	addi	a5,zero,79
80000c84:	f6e7dee3          	bge	a5,a4,0x80000c00
80000c88:	fec42703          	lw	a4,-20(s0)
80000c8c:	00070793          	addi	a5,a4,0
80000c90:	00279793          	slli	a5,a5,0x2
80000c94:	00e787b3          	add	a5,a5,a4
80000c98:	00679793          	slli	a5,a5,0x6
80000c9c:	00078713          	addi	a4,a5,0
80000ca0:	fd442783          	lw	a5,-44(s0)
80000ca4:	00e78733          	add	a4,a5,a4
80000ca8:	fe842783          	lw	a5,-24(s0)
80000cac:	00279793          	slli	a5,a5,0x2
80000cb0:	00f707b3          	add	a5,a4,a5
80000cb4:	fe042703          	lw	a4,-32(s0)
80000cb8:	00e7a023          	sw	a4,0(a5)
80000cbc:	fe842783          	lw	a5,-24(s0)
80000cc0:	00178793          	addi	a5,a5,1
80000cc4:	fef42423          	sw	a5,-24(s0)
80000cc8:	fe842703          	lw	a4,-24(s0)
80000ccc:	04f00793          	addi	a5,zero,79
80000cd0:	f2e7d2e3          	bge	a5,a4,0x80000bf4
80000cd4:	fec42783          	lw	a5,-20(s0)
80000cd8:	00178793          	addi	a5,a5,1
80000cdc:	fef42623          	sw	a5,-20(s0)
80000ce0:	fec42703          	lw	a4,-20(s0)
80000ce4:	04f00793          	addi	a5,zero,79
80000ce8:	f0e7d2e3          	bge	a5,a4,0x80000bec
80000cec:	00000013          	addi	zero,zero,0
80000cf0:	00000013          	addi	zero,zero,0
80000cf4:	02c12083          	lw	ra,44(sp)
80000cf8:	02812403          	lw	s0,40(sp)
80000cfc:	03010113          	addi	sp,sp,48
80000d00:	00008067          	jalr	zero,0(ra)
80000d04:	bd010113          	addi	sp,sp,-1072
80000d08:	42112623          	sw	ra,1068(sp)
80000d0c:	42812423          	sw	s0,1064(sp)
80000d10:	43010413          	addi	s0,sp,1072
80000d14:	ffffa2b7          	lui	t0,0xffffa
80000d18:	00510133          	add	sp,sp,t0
80000d1c:	ffffa7b7          	lui	a5,0xffffa
80000d20:	ff078793          	addi	a5,a5,-16 # 0xffff9ff0
80000d24:	008787b3          	add	a5,a5,s0
80000d28:	bea7a623          	sw	a0,-1044(a5)
80000d2c:	ffffa7b7          	lui	a5,0xffffa
80000d30:	ff078793          	addi	a5,a5,-16 # 0xffff9ff0
80000d34:	008787b3          	add	a5,a5,s0
80000d38:	beb7a423          	sw	a1,-1048(a5)
80000d3c:	ffffa7b7          	lui	a5,0xffffa
80000d40:	ff078793          	addi	a5,a5,-16 # 0xffff9ff0
80000d44:	008787b3          	add	a5,a5,s0
80000d48:	bec7a223          	sw	a2,-1052(a5)
80000d4c:	fe042623          	sw	zero,-20(s0)
80000d50:	0a00006f          	jal	zero,0x80000df0
80000d54:	fe042423          	sw	zero,-24(s0)
80000d58:	0800006f          	jal	zero,0x80000dd8
80000d5c:	fec42703          	lw	a4,-20(s0)
80000d60:	00070793          	addi	a5,a4,0
80000d64:	00279793          	slli	a5,a5,0x2
80000d68:	00e787b3          	add	a5,a5,a4
80000d6c:	00679793          	slli	a5,a5,0x6
80000d70:	00078713          	addi	a4,a5,0
80000d74:	ffffa7b7          	lui	a5,0xffffa
80000d78:	ff078793          	addi	a5,a5,-16 # 0xffff9ff0
80000d7c:	008787b3          	add	a5,a5,s0
80000d80:	be87a783          	lw	a5,-1048(a5)
80000d84:	00e78733          	add	a4,a5,a4
80000d88:	fe842783          	lw	a5,-24(s0)
80000d8c:	00279793          	slli	a5,a5,0x2
80000d90:	00f707b3          	add	a5,a4,a5
80000d94:	0007a683          	lw	a3,0(a5)
80000d98:	ffffa7b7          	lui	a5,0xffffa
80000d9c:	ff078793          	addi	a5,a5,-16 # 0xffff9ff0
80000da0:	00878633          	add	a2,a5,s0
80000da4:	fe842703          	lw	a4,-24(s0)
80000da8:	00070793          	addi	a5,a4,0
80000dac:	00279793          	slli	a5,a5,0x2
80000db0:	00e787b3          	add	a5,a5,a4
80000db4:	00479793          	slli	a5,a5,0x4
80000db8:	fec42703          	lw	a4,-20(s0)
80000dbc:	00e787b3          	add	a5,a5,a4
80000dc0:	00279793          	slli	a5,a5,0x2
80000dc4:	00f607b3          	add	a5,a2,a5
80000dc8:	bed7a823          	sw	a3,-1040(a5)
80000dcc:	fe842783          	lw	a5,-24(s0)
80000dd0:	00178793          	addi	a5,a5,1
80000dd4:	fef42423          	sw	a5,-24(s0)
80000dd8:	fe842703          	lw	a4,-24(s0)
80000ddc:	04f00793          	addi	a5,zero,79
80000de0:	f6e7dee3          	bge	a5,a4,0x80000d5c
80000de4:	fec42783          	lw	a5,-20(s0)
80000de8:	00178793          	addi	a5,a5,1
80000dec:	fef42623          	sw	a5,-20(s0)
80000df0:	fec42703          	lw	a4,-20(s0)
80000df4:	04f00793          	addi	a5,zero,79
80000df8:	f4e7dee3          	bge	a5,a4,0x80000d54
80000dfc:	fe042623          	sw	zero,-20(s0)
80000e00:	1140006f          	jal	zero,0x80000f14
80000e04:	fe042423          	sw	zero,-24(s0)
80000e08:	0f40006f          	jal	zero,0x80000efc
80000e0c:	fe042023          	sw	zero,-32(s0)
80000e10:	fe042223          	sw	zero,-28(s0)
80000e14:	0900006f          	jal	zero,0x80000ea4
80000e18:	fec42703          	lw	a4,-20(s0)
80000e1c:	00070793          	addi	a5,a4,0
80000e20:	00279793          	slli	a5,a5,0x2
80000e24:	00e787b3          	add	a5,a5,a4
80000e28:	00679793          	slli	a5,a5,0x6
80000e2c:	00078713          	addi	a4,a5,0
80000e30:	ffffa7b7          	lui	a5,0xffffa
80000e34:	ff078793          	addi	a5,a5,-16 # 0xffff9ff0
80000e38:	008787b3          	add	a5,a5,s0
80000e3c:	bec7a783          	lw	a5,-1044(a5)
80000e40:	00e78733          	add	a4,a5,a4
80000e44:	fe442783          	lw	a5,-28(s0)
80000e48:	00279793          	slli	a5,a5,0x2
80000e4c:	00f707b3          	add	a5,a4,a5
80000e50:	0007a683          	lw	a3,0(a5)
80000e54:	ffffa7b7          	lui	a5,0xffffa
80000e58:	ff078793          	addi	a5,a5,-16 # 0xffff9ff0
80000e5c:	00878633          	add	a2,a5,s0
80000e60:	fe842703          	lw	a4,-24(s0)
80000e64:	00070793          	addi	a5,a4,0
80000e68:	00279793          	slli	a5,a5,0x2
80000e6c:	00e787b3          	add	a5,a5,a4
80000e70:	00479793          	slli	a5,a5,0x4
80000e74:	fe442703          	lw	a4,-28(s0)
80000e78:	00e787b3          	add	a5,a5,a4
80000e7c:	00279793          	slli	a5,a5,0x2
80000e80:	00f607b3          	add	a5,a2,a5
80000e84:	bf07a783          	lw	a5,-1040(a5)
80000e88:	02f687b3          	mul	a5,a3,a5
80000e8c:	fe042703          	lw	a4,-32(s0)
80000e90:	00f707b3          	add	a5,a4,a5
80000e94:	fef42023          	sw	a5,-32(s0)
80000e98:	fe442783          	lw	a5,-28(s0)
80000e9c:	00178793          	addi	a5,a5,1
80000ea0:	fef42223          	sw	a5,-28(s0)
80000ea4:	fe442703          	lw	a4,-28(s0)
80000ea8:	04f00793          	addi	a5,zero,79
80000eac:	f6e7d6e3          	bge	a5,a4,0x80000e18
80000eb0:	fec42703          	lw	a4,-20(s0)
80000eb4:	00070793          	addi	a5,a4,0
80000eb8:	00279793          	slli	a5,a5,0x2
80000ebc:	00e787b3          	add	a5,a5,a4
80000ec0:	00679793          	slli	a5,a5,0x6
80000ec4:	00078713          	addi	a4,a5,0
80000ec8:	ffffa7b7          	lui	a5,0xffffa
80000ecc:	ff078793          	addi	a5,a5,-16 # 0xffff9ff0
80000ed0:	008787b3          	add	a5,a5,s0
80000ed4:	be47a783          	lw	a5,-1052(a5)
80000ed8:	00e78733          	add	a4,a5,a4
80000edc:	fe842783          	lw	a5,-24(s0)
80000ee0:	00279793          	slli	a5,a5,0x2
80000ee4:	00f707b3          	add	a5,a4,a5
80000ee8:	fe042703          	lw	a4,-32(s0)
80000eec:	00e7a023          	sw	a4,0(a5)
80000ef0:	fe842783          	lw	a5,-24(s0)
80000ef4:	00178793          	addi	a5,a5,1
80000ef8:	fef42423          	sw	a5,-24(s0)
80000efc:	fe842703          	lw	a4,-24(s0)
80000f00:	04f00793          	addi	a5,zero,79
80000f04:	f0e7d4e3          	bge	a5,a4,0x80000e0c
80000f08:	fec42783          	lw	a5,-20(s0)
80000f0c:	00178793          	addi	a5,a5,1
80000f10:	fef42623          	sw	a5,-20(s0)
80000f14:	fec42703          	lw	a4,-20(s0)
80000f18:	04f00793          	addi	a5,zero,79
80000f1c:	eee7d4e3          	bge	a5,a4,0x80000e04
80000f20:	00000013          	addi	zero,zero,0
80000f24:	00000013          	addi	zero,zero,0
80000f28:	000062b7          	lui	t0,0x6
80000f2c:	00510133          	add	sp,sp,t0
80000f30:	42c12083          	lw	ra,1068(sp)
80000f34:	42812403          	lw	s0,1064(sp)
80000f38:	43010113          	addi	sp,sp,1072
80000f3c:	00008067          	jalr	zero,0(ra)
80000f40:	fd010113          	addi	sp,sp,-48
80000f44:	02112623          	sw	ra,44(sp)
80000f48:	02812423          	sw	s0,40(sp)
80000f4c:	03010413          	addi	s0,sp,48
80000f50:	fca42e23          	sw	a0,-36(s0)
80000f54:	fcb42c23          	sw	a1,-40(s0)
80000f58:	fe042623          	sw	zero,-20(s0)
80000f5c:	09c0006f          	jal	zero,0x80000ff8
80000f60:	fe042423          	sw	zero,-24(s0)
80000f64:	07c0006f          	jal	zero,0x80000fe0
80000f68:	fec42703          	lw	a4,-20(s0)
80000f6c:	00070793          	addi	a5,a4,0
80000f70:	00279793          	slli	a5,a5,0x2
80000f74:	00e787b3          	add	a5,a5,a4
80000f78:	00679793          	slli	a5,a5,0x6
80000f7c:	00078713          	addi	a4,a5,0
80000f80:	fdc42783          	lw	a5,-36(s0)
80000f84:	00e78733          	add	a4,a5,a4
80000f88:	fe842783          	lw	a5,-24(s0)
80000f8c:	00279793          	slli	a5,a5,0x2
80000f90:	00f707b3          	add	a5,a4,a5
80000f94:	0007a683          	lw	a3,0(a5)
80000f98:	fec42703          	lw	a4,-20(s0)
80000f9c:	00070793          	addi	a5,a4,0
80000fa0:	00279793          	slli	a5,a5,0x2
80000fa4:	00e787b3          	add	a5,a5,a4
80000fa8:	00679793          	slli	a5,a5,0x6
80000fac:	00078713          	addi	a4,a5,0
80000fb0:	fd842783          	lw	a5,-40(s0)
80000fb4:	00e78733          	add	a4,a5,a4
80000fb8:	fe842783          	lw	a5,-24(s0)
80000fbc:	00279793          	slli	a5,a5,0x2
80000fc0:	00f707b3          	add	a5,a4,a5
80000fc4:	0007a783          	lw	a5,0(a5)
80000fc8:	00f68663          	beq	a3,a5,0x80000fd4
80000fcc:	00000793          	addi	a5,zero,0
80000fd0:	0380006f          	jal	zero,0x80001008
80000fd4:	fe842783          	lw	a5,-24(s0)
80000fd8:	00178793          	addi	a5,a5,1
80000fdc:	fef42423          	sw	a5,-24(s0)
80000fe0:	fe842703          	lw	a4,-24(s0)
80000fe4:	04f00793          	addi	a5,zero,79
80000fe8:	f8e7d0e3          	bge	a5,a4,0x80000f68
80000fec:	fec42783          	lw	a5,-20(s0)
80000ff0:	00178793          	addi	a5,a5,1
80000ff4:	fef42623          	sw	a5,-20(s0)
80000ff8:	fec42703          	lw	a4,-20(s0)
80000ffc:	04f00793          	addi	a5,zero,79
80001000:	f6e7d0e3          	bge	a5,a4,0x80000f60
80001004:	00100793          	addi	a5,zero,1
80001008:	00078513          	addi	a0,a5,0
8000100c:	02c12083          	lw	ra,44(sp)
80001010:	02812403          	lw	s0,40(sp)
80001014:	03010113          	addi	sp,sp,48
80001018:	00008067          	jalr	zero,0(ra)
8000101c:	fd010113          	addi	sp,sp,-48
80001020:	02112623          	sw	ra,44(sp)
80001024:	02812423          	sw	s0,40(sp)
80001028:	03010413          	addi	s0,sp,48
8000102c:	fca42e23          	sw	a0,-36(s0)
80001030:	fcb42c23          	sw	a1,-40(s0)
80001034:	fe042623          	sw	zero,-20(s0)
80001038:	0980006f          	jal	zero,0x800010d0
8000103c:	fe042423          	sw	zero,-24(s0)
80001040:	0780006f          	jal	zero,0x800010b8
80001044:	fec42703          	lw	a4,-20(s0)
80001048:	fe842783          	lw	a5,-24(s0)
8000104c:	02f70733          	mul	a4,a4,a5
80001050:	fd842783          	lw	a5,-40(s0)
80001054:	00f70733          	add	a4,a4,a5
80001058:	fec42683          	lw	a3,-20(s0)
8000105c:	00068793          	addi	a5,a3,0
80001060:	00279793          	slli	a5,a5,0x2
80001064:	00d787b3          	add	a5,a5,a3
80001068:	00679793          	slli	a5,a5,0x6
8000106c:	00078693          	addi	a3,a5,0
80001070:	fdc42783          	lw	a5,-36(s0)
80001074:	00d786b3          	add	a3,a5,a3
80001078:	51eb87b7          	lui	a5,0x51eb8
8000107c:	51f78793          	addi	a5,a5,1311 # 0x51eb851f
80001080:	02f717b3          	mulh	a5,a4,a5
80001084:	4057d613          	srai	a2,a5,0x5
80001088:	41f75793          	srai	a5,a4,0x1f
8000108c:	40f607b3          	sub	a5,a2,a5
80001090:	06400613          	addi	a2,zero,100
80001094:	02c787b3          	mul	a5,a5,a2
80001098:	40f707b3          	sub	a5,a4,a5
8000109c:	fe842703          	lw	a4,-24(s0)
800010a0:	00271713          	slli	a4,a4,0x2
800010a4:	00e68733          	add	a4,a3,a4
800010a8:	00f72023          	sw	a5,0(a4)
800010ac:	fe842783          	lw	a5,-24(s0)
800010b0:	00178793          	addi	a5,a5,1
800010b4:	fef42423          	sw	a5,-24(s0)
800010b8:	fe842703          	lw	a4,-24(s0)
800010bc:	04f00793          	addi	a5,zero,79
800010c0:	f8e7d2e3          	bge	a5,a4,0x80001044
800010c4:	fec42783          	lw	a5,-20(s0)
800010c8:	00178793          	addi	a5,a5,1
800010cc:	fef42623          	sw	a5,-20(s0)
800010d0:	fec42703          	lw	a4,-20(s0)
800010d4:	04f00793          	addi	a5,zero,79
800010d8:	f6e7d2e3          	bge	a5,a4,0x8000103c
800010dc:	00000013          	addi	zero,zero,0
800010e0:	00000013          	addi	zero,zero,0
800010e4:	02c12083          	lw	ra,44(sp)
800010e8:	02812403          	lw	s0,40(sp)
800010ec:	03010113          	addi	sp,sp,48
800010f0:	00008067          	jalr	zero,0(ra)
800010f4:	fe010113          	addi	sp,sp,-32
800010f8:	00112e23          	sw	ra,28(sp)
800010fc:	00812c23          	sw	s0,24(sp)
80001100:	02010413          	addi	s0,sp,32
80001104:	fe042623          	sw	zero,-20(s0)
80001108:	0940006f          	jal	zero,0x8000119c
8000110c:	fec42583          	lw	a1,-20(s0)
80001110:	801017b7          	lui	a5,0x80101
80001114:	14078513          	addi	a0,a5,320 # 0x80101140
80001118:	f05ff0ef          	jal	ra,0x8000101c
8000111c:	fec42783          	lw	a5,-20(s0)
80001120:	00179793          	slli	a5,a5,0x1
80001124:	00078593          	addi	a1,a5,0
80001128:	801077b7          	lui	a5,0x80107
8000112c:	54078513          	addi	a0,a5,1344 # 0x80107540
80001130:	eedff0ef          	jal	ra,0x8000101c
80001134:	8010e7b7          	lui	a5,0x8010e
80001138:	94078613          	addi	a2,a5,-1728 # 0x8010d940
8000113c:	801077b7          	lui	a5,0x80107
80001140:	54078593          	addi	a1,a5,1344 # 0x80107540
80001144:	801017b7          	lui	a5,0x80101
80001148:	14078513          	addi	a0,a5,320 # 0x80101140
8000114c:	a7dff0ef          	jal	ra,0x80000bc8
80001150:	801147b7          	lui	a5,0x80114
80001154:	d4078613          	addi	a2,a5,-704 # 0x80113d40
80001158:	801077b7          	lui	a5,0x80107
8000115c:	54078593          	addi	a1,a5,1344 # 0x80107540
80001160:	801017b7          	lui	a5,0x80101
80001164:	14078513          	addi	a0,a5,320 # 0x80101140
80001168:	b9dff0ef          	jal	ra,0x80000d04
8000116c:	801147b7          	lui	a5,0x80114
80001170:	d4078593          	addi	a1,a5,-704 # 0x80113d40
80001174:	8010e7b7          	lui	a5,0x8010e
80001178:	94078513          	addi	a0,a5,-1728 # 0x8010d940
8000117c:	dc5ff0ef          	jal	ra,0x80000f40
80001180:	00050793          	addi	a5,a0,0
80001184:	00079663          	bne	a5,zero,0x80001190
80001188:	00000793          	addi	a5,zero,0
8000118c:	0200006f          	jal	zero,0x800011ac
80001190:	fec42783          	lw	a5,-20(s0)
80001194:	00178793          	addi	a5,a5,1
80001198:	fef42623          	sw	a5,-20(s0)
8000119c:	fec42703          	lw	a4,-20(s0)
800011a0:	00900793          	addi	a5,zero,9
800011a4:	f6e7d4e3          	bge	a5,a4,0x8000110c
800011a8:	00100793          	addi	a5,zero,1
800011ac:	00078513          	addi	a0,a5,0
800011b0:	01c12083          	lw	ra,28(sp)
800011b4:	01812403          	lw	s0,24(sp)
800011b8:	02010113          	addi	sp,sp,32
800011bc:	00008067          	jalr	zero,0(ra)
800011c0:	fd010113          	addi	sp,sp,-48
800011c4:	02112623          	sw	ra,44(sp)
800011c8:	02812423          	sw	s0,40(sp)
800011cc:	03010413          	addi	s0,sp,48
800011d0:	fca42e23          	sw	a0,-36(s0)
800011d4:	fdc42703          	lw	a4,-36(s0)
800011d8:	00100793          	addi	a5,zero,1
800011dc:	00e7c663          	blt	a5,a4,0x800011e8
800011e0:	00000793          	addi	a5,zero,0
800011e4:	0480006f          	jal	zero,0x8000122c
800011e8:	00200793          	addi	a5,zero,2
800011ec:	fef42623          	sw	a5,-20(s0)
800011f0:	0280006f          	jal	zero,0x80001218
800011f4:	fdc42703          	lw	a4,-36(s0)
800011f8:	fec42783          	lw	a5,-20(s0)
800011fc:	02f767b3          	rem	a5,a4,a5
80001200:	00079663          	bne	a5,zero,0x8000120c
80001204:	00000793          	addi	a5,zero,0
80001208:	0240006f          	jal	zero,0x8000122c
8000120c:	fec42783          	lw	a5,-20(s0)
80001210:	00178793          	addi	a5,a5,1
80001214:	fef42623          	sw	a5,-20(s0)
80001218:	fec42783          	lw	a5,-20(s0)
8000121c:	02f787b3          	mul	a5,a5,a5
80001220:	fdc42703          	lw	a4,-36(s0)
80001224:	fcf758e3          	bge	a4,a5,0x800011f4
80001228:	00100793          	addi	a5,zero,1
8000122c:	00078513          	addi	a0,a5,0
80001230:	02c12083          	lw	ra,44(sp)
80001234:	02812403          	lw	s0,40(sp)
80001238:	03010113          	addi	sp,sp,48
8000123c:	00008067          	jalr	zero,0(ra)
80001240:	fd010113          	addi	sp,sp,-48
80001244:	02112623          	sw	ra,44(sp)
80001248:	02812423          	sw	s0,40(sp)
8000124c:	03010413          	addi	s0,sp,48
80001250:	fe042623          	sw	zero,-20(s0)
80001254:	fe042423          	sw	zero,-24(s0)
80001258:	00200793          	addi	a5,zero,2
8000125c:	fef42223          	sw	a5,-28(s0)
80001260:	02c0006f          	jal	zero,0x8000128c
80001264:	fe442503          	lw	a0,-28(s0)
80001268:	f59ff0ef          	jal	ra,0x800011c0
8000126c:	00050793          	addi	a5,a0,0
80001270:	00078863          	beq	a5,zero,0x80001280
80001274:	fe842783          	lw	a5,-24(s0)
80001278:	00178793          	addi	a5,a5,1
8000127c:	fef42423          	sw	a5,-24(s0)
80001280:	fe442783          	lw	a5,-28(s0)
80001284:	00178793          	addi	a5,a5,1
80001288:	fef42223          	sw	a5,-28(s0)
8000128c:	fe442703          	lw	a4,-28(s0)
80001290:	000057b7          	lui	a5,0x5
80001294:	e2078793          	addi	a5,a5,-480 # 0x4e20
80001298:	fce7d6e3          	bge	a5,a4,0x80001264
8000129c:	fe042023          	sw	zero,-32(s0)
800012a0:	02c0006f          	jal	zero,0x800012cc
800012a4:	8011a7b7          	lui	a5,0x8011a
800012a8:	14078713          	addi	a4,a5,320 # 0x8011a140
800012ac:	fe042783          	lw	a5,-32(s0)
800012b0:	00279793          	slli	a5,a5,0x2
800012b4:	00f707b3          	add	a5,a4,a5
800012b8:	00100713          	addi	a4,zero,1
800012bc:	00e7a023          	sw	a4,0(a5)
800012c0:	fe042783          	lw	a5,-32(s0)
800012c4:	00178793          	addi	a5,a5,1
800012c8:	fef42023          	sw	a5,-32(s0)
800012cc:	fe042703          	lw	a4,-32(s0)
800012d0:	000057b7          	lui	a5,0x5
800012d4:	e2078793          	addi	a5,a5,-480 # 0x4e20
800012d8:	fce7d6e3          	bge	a5,a4,0x800012a4
800012dc:	8011a7b7          	lui	a5,0x8011a
800012e0:	14078793          	addi	a5,a5,320 # 0x8011a140
800012e4:	0007a423          	sw	zero,8(a5)
800012e8:	00200793          	addi	a5,zero,2
800012ec:	fcf42e23          	sw	a5,-36(s0)
800012f0:	0800006f          	jal	zero,0x80001370
800012f4:	8011a7b7          	lui	a5,0x8011a
800012f8:	14078713          	addi	a4,a5,320 # 0x8011a140
800012fc:	fdc42783          	lw	a5,-36(s0)
80001300:	00279793          	slli	a5,a5,0x2
80001304:	00f707b3          	add	a5,a4,a5
80001308:	0007a783          	lw	a5,0(a5)
8000130c:	04078c63          	beq	a5,zero,0x80001364
80001310:	fec42783          	lw	a5,-20(s0)
80001314:	00178793          	addi	a5,a5,1
80001318:	fef42623          	sw	a5,-20(s0)
8000131c:	fdc42783          	lw	a5,-36(s0)
80001320:	00179793          	slli	a5,a5,0x1
80001324:	fcf42c23          	sw	a5,-40(s0)
80001328:	02c0006f          	jal	zero,0x80001354
8000132c:	8011a7b7          	lui	a5,0x8011a
80001330:	14078713          	addi	a4,a5,320 # 0x8011a140
80001334:	fd842783          	lw	a5,-40(s0)
80001338:	00279793          	slli	a5,a5,0x2
8000133c:	00f707b3          	add	a5,a4,a5
80001340:	0007a023          	sw	zero,0(a5)
80001344:	fd842703          	lw	a4,-40(s0)
80001348:	fdc42783          	lw	a5,-36(s0)
8000134c:	00f707b3          	add	a5,a4,a5
80001350:	fcf42c23          	sw	a5,-40(s0)
80001354:	fd842703          	lw	a4,-40(s0)
80001358:	000057b7          	lui	a5,0x5
8000135c:	e2078793          	addi	a5,a5,-480 # 0x4e20
80001360:	fce7d6e3          	bge	a5,a4,0x8000132c
80001364:	fdc42783          	lw	a5,-36(s0)
80001368:	00178793          	addi	a5,a5,1
8000136c:	fcf42e23          	sw	a5,-36(s0)
80001370:	fdc42703          	lw	a4,-36(s0)
80001374:	000057b7          	lui	a5,0x5
80001378:	e2078793          	addi	a5,a5,-480 # 0x4e20
8000137c:	f6e7dce3          	bge	a5,a4,0x800012f4
80001380:	fec42703          	lw	a4,-20(s0)
80001384:	fe842783          	lw	a5,-24(s0)
80001388:	40f707b3          	sub	a5,a4,a5
8000138c:	0017b793          	sltiu	a5,a5,1
80001390:	0ff7f793          	andi	a5,a5,255
80001394:	00078513          	addi	a0,a5,0
80001398:	02c12083          	lw	ra,44(sp)
8000139c:	02812403          	lw	s0,40(sp)
800013a0:	03010113          	addi	sp,sp,48
800013a4:	00008067          	jalr	zero,0(ra)
800013a8:	fd010113          	addi	sp,sp,-48
800013ac:	02112623          	sw	ra,44(sp)
800013b0:	02812423          	sw	s0,40(sp)
800013b4:	03010413          	addi	s0,sp,48
800013b8:	fca42e23          	sw	a0,-36(s0)
800013bc:	fcb42c23          	sw	a1,-40(s0)
800013c0:	fe042623          	sw	zero,-20(s0)
800013c4:	0cc0006f          	jal	zero,0x80001490
800013c8:	fe042423          	sw	zero,-24(s0)
800013cc:	0a00006f          	jal	zero,0x8000146c
800013d0:	fe842783          	lw	a5,-24(s0)
800013d4:	00279793          	slli	a5,a5,0x2
800013d8:	fdc42703          	lw	a4,-36(s0)
800013dc:	00f707b3          	add	a5,a4,a5
800013e0:	0007a703          	lw	a4,0(a5)
800013e4:	fe842783          	lw	a5,-24(s0)
800013e8:	00178793          	addi	a5,a5,1
800013ec:	00279793          	slli	a5,a5,0x2
800013f0:	fdc42683          	lw	a3,-36(s0)
800013f4:	00f687b3          	add	a5,a3,a5
800013f8:	0007a783          	lw	a5,0(a5)
800013fc:	06e7d263          	bge	a5,a4,0x80001460
80001400:	fe842783          	lw	a5,-24(s0)
80001404:	00279793          	slli	a5,a5,0x2
80001408:	fdc42703          	lw	a4,-36(s0)
8000140c:	00f707b3          	add	a5,a4,a5
80001410:	0007a783          	lw	a5,0(a5)
80001414:	fef42223          	sw	a5,-28(s0)
80001418:	fe842783          	lw	a5,-24(s0)
8000141c:	00178793          	addi	a5,a5,1
80001420:	00279793          	slli	a5,a5,0x2
80001424:	fdc42703          	lw	a4,-36(s0)
80001428:	00f70733          	add	a4,a4,a5
8000142c:	fe842783          	lw	a5,-24(s0)
80001430:	00279793          	slli	a5,a5,0x2
80001434:	fdc42683          	lw	a3,-36(s0)
80001438:	00f687b3          	add	a5,a3,a5
8000143c:	00072703          	lw	a4,0(a4)
80001440:	00e7a023          	sw	a4,0(a5)
80001444:	fe842783          	lw	a5,-24(s0)
80001448:	00178793          	addi	a5,a5,1
8000144c:	00279793          	slli	a5,a5,0x2
80001450:	fdc42703          	lw	a4,-36(s0)
80001454:	00f707b3          	add	a5,a4,a5
80001458:	fe442703          	lw	a4,-28(s0)
8000145c:	00e7a023          	sw	a4,0(a5)
80001460:	fe842783          	lw	a5,-24(s0)
80001464:	00178793          	addi	a5,a5,1
80001468:	fef42423          	sw	a5,-24(s0)
8000146c:	fd842783          	lw	a5,-40(s0)
80001470:	fff78713          	addi	a4,a5,-1
80001474:	fec42783          	lw	a5,-20(s0)
80001478:	40f707b3          	sub	a5,a4,a5
8000147c:	fe842703          	lw	a4,-24(s0)
80001480:	f4f748e3          	blt	a4,a5,0x800013d0
80001484:	fec42783          	lw	a5,-20(s0)
80001488:	00178793          	addi	a5,a5,1
8000148c:	fef42623          	sw	a5,-20(s0)
80001490:	fd842783          	lw	a5,-40(s0)
80001494:	fff78793          	addi	a5,a5,-1
80001498:	fec42703          	lw	a4,-20(s0)
8000149c:	f2f746e3          	blt	a4,a5,0x800013c8
800014a0:	00000013          	addi	zero,zero,0
800014a4:	00000013          	addi	zero,zero,0
800014a8:	02c12083          	lw	ra,44(sp)
800014ac:	02812403          	lw	s0,40(sp)
800014b0:	03010113          	addi	sp,sp,48
800014b4:	00008067          	jalr	zero,0(ra)
800014b8:	fd010113          	addi	sp,sp,-48
800014bc:	02112623          	sw	ra,44(sp)
800014c0:	02812423          	sw	s0,40(sp)
800014c4:	03010413          	addi	s0,sp,48
800014c8:	fca42e23          	sw	a0,-36(s0)
800014cc:	fcb42c23          	sw	a1,-40(s0)
800014d0:	fe042623          	sw	zero,-20(s0)
800014d4:	0d80006f          	jal	zero,0x800015ac
800014d8:	fec42783          	lw	a5,-20(s0)
800014dc:	fef42223          	sw	a5,-28(s0)
800014e0:	fec42783          	lw	a5,-20(s0)
800014e4:	00178793          	addi	a5,a5,1
800014e8:	fef42423          	sw	a5,-24(s0)
800014ec:	0440006f          	jal	zero,0x80001530
800014f0:	fe842783          	lw	a5,-24(s0)
800014f4:	00279793          	slli	a5,a5,0x2
800014f8:	fdc42703          	lw	a4,-36(s0)
800014fc:	00f707b3          	add	a5,a4,a5
80001500:	0007a703          	lw	a4,0(a5)
80001504:	fe442783          	lw	a5,-28(s0)
80001508:	00279793          	slli	a5,a5,0x2
8000150c:	fdc42683          	lw	a3,-36(s0)
80001510:	00f687b3          	add	a5,a3,a5
80001514:	0007a783          	lw	a5,0(a5)
80001518:	00f75663          	bge	a4,a5,0x80001524
8000151c:	fe842783          	lw	a5,-24(s0)
80001520:	fef42223          	sw	a5,-28(s0)
80001524:	fe842783          	lw	a5,-24(s0)
80001528:	00178793          	addi	a5,a5,1
8000152c:	fef42423          	sw	a5,-24(s0)
80001530:	fe842703          	lw	a4,-24(s0)
80001534:	fd842783          	lw	a5,-40(s0)
80001538:	faf74ce3          	blt	a4,a5,0x800014f0
8000153c:	fe442703          	lw	a4,-28(s0)
80001540:	fec42783          	lw	a5,-20(s0)
80001544:	04f70e63          	beq	a4,a5,0x800015a0
80001548:	fec42783          	lw	a5,-20(s0)
8000154c:	00279793          	slli	a5,a5,0x2
80001550:	fdc42703          	lw	a4,-36(s0)
80001554:	00f707b3          	add	a5,a4,a5
80001558:	0007a783          	lw	a5,0(a5)
8000155c:	fef42023          	sw	a5,-32(s0)
80001560:	fe442783          	lw	a5,-28(s0)
80001564:	00279793          	slli	a5,a5,0x2
80001568:	fdc42703          	lw	a4,-36(s0)
8000156c:	00f70733          	add	a4,a4,a5
80001570:	fec42783          	lw	a5,-20(s0)
80001574:	00279793          	slli	a5,a5,0x2
80001578:	fdc42683          	lw	a3,-36(s0)
8000157c:	00f687b3          	add	a5,a3,a5
80001580:	00072703          	lw	a4,0(a4)
80001584:	00e7a023          	sw	a4,0(a5)
80001588:	fe442783          	lw	a5,-28(s0)
8000158c:	00279793          	slli	a5,a5,0x2
80001590:	fdc42703          	lw	a4,-36(s0)
80001594:	00f707b3          	add	a5,a4,a5
80001598:	fe042703          	lw	a4,-32(s0)
8000159c:	00e7a023          	sw	a4,0(a5)
800015a0:	fec42783          	lw	a5,-20(s0)
800015a4:	00178793          	addi	a5,a5,1
800015a8:	fef42623          	sw	a5,-20(s0)
800015ac:	fd842783          	lw	a5,-40(s0)
800015b0:	fff78793          	addi	a5,a5,-1
800015b4:	fec42703          	lw	a4,-20(s0)
800015b8:	f2f740e3          	blt	a4,a5,0x800014d8
800015bc:	00000013          	addi	zero,zero,0
800015c0:	00000013          	addi	zero,zero,0
800015c4:	02c12083          	lw	ra,44(sp)
800015c8:	02812403          	lw	s0,40(sp)
800015cc:	03010113          	addi	sp,sp,48
800015d0:	00008067          	jalr	zero,0(ra)
800015d4:	fd010113          	addi	sp,sp,-48
800015d8:	02112623          	sw	ra,44(sp)
800015dc:	02812423          	sw	s0,40(sp)
800015e0:	03010413          	addi	s0,sp,48
800015e4:	fca42e23          	sw	a0,-36(s0)
800015e8:	fcb42c23          	sw	a1,-40(s0)
800015ec:	fcc42a23          	sw	a2,-44(s0)
800015f0:	fe042623          	sw	zero,-20(s0)
800015f4:	0440006f          	jal	zero,0x80001638
800015f8:	fec42783          	lw	a5,-20(s0)
800015fc:	00279793          	slli	a5,a5,0x2
80001600:	fdc42703          	lw	a4,-36(s0)
80001604:	00f707b3          	add	a5,a4,a5
80001608:	0007a703          	lw	a4,0(a5)
8000160c:	fec42783          	lw	a5,-20(s0)
80001610:	00279793          	slli	a5,a5,0x2
80001614:	fd842683          	lw	a3,-40(s0)
80001618:	00f687b3          	add	a5,a3,a5
8000161c:	0007a783          	lw	a5,0(a5)
80001620:	00f70663          	beq	a4,a5,0x8000162c
80001624:	00000793          	addi	a5,zero,0
80001628:	0200006f          	jal	zero,0x80001648
8000162c:	fec42783          	lw	a5,-20(s0)
80001630:	00178793          	addi	a5,a5,1
80001634:	fef42623          	sw	a5,-20(s0)
80001638:	fec42703          	lw	a4,-20(s0)
8000163c:	fd442783          	lw	a5,-44(s0)
80001640:	faf74ce3          	blt	a4,a5,0x800015f8
80001644:	00100793          	addi	a5,zero,1
80001648:	00078513          	addi	a0,a5,0
8000164c:	02c12083          	lw	ra,44(sp)
80001650:	02812403          	lw	s0,40(sp)
80001654:	03010113          	addi	sp,sp,48
80001658:	00008067          	jalr	zero,0(ra)
8000165c:	fd010113          	addi	sp,sp,-48
80001660:	02112623          	sw	ra,44(sp)
80001664:	02812423          	sw	s0,40(sp)
80001668:	03010413          	addi	s0,sp,48
8000166c:	fca42e23          	sw	a0,-36(s0)
80001670:	fcb42c23          	sw	a1,-40(s0)
80001674:	fcc42a23          	sw	a2,-44(s0)
80001678:	fe042623          	sw	zero,-20(s0)
8000167c:	0800006f          	jal	zero,0x800016fc
80001680:	fd842703          	lw	a4,-40(s0)
80001684:	00070793          	addi	a5,a4,0
80001688:	00379793          	slli	a5,a5,0x3
8000168c:	00e787b3          	add	a5,a5,a4
80001690:	00379793          	slli	a5,a5,0x3
80001694:	00e78733          	add	a4,a5,a4
80001698:	fd442783          	lw	a5,-44(s0)
8000169c:	00078693          	addi	a3,a5,0
800016a0:	00579793          	slli	a5,a5,0x5
800016a4:	40f687b3          	sub	a5,a3,a5
800016a8:	00f70733          	add	a4,a4,a5
800016ac:	fec42783          	lw	a5,-20(s0)
800016b0:	00f70733          	add	a4,a4,a5
800016b4:	fec42783          	lw	a5,-20(s0)
800016b8:	00279793          	slli	a5,a5,0x2
800016bc:	fdc42683          	lw	a3,-36(s0)
800016c0:	00f686b3          	add	a3,a3,a5
800016c4:	54f407b7          	lui	a5,0x54f40
800016c8:	dc378793          	addi	a5,a5,-573 # 0x54f3fdc3
800016cc:	02f717b3          	mulh	a5,a4,a5
800016d0:	40c7d613          	srai	a2,a5,0xc
800016d4:	41f75793          	srai	a5,a4,0x1f
800016d8:	40f607b3          	sub	a5,a2,a5
800016dc:	00003637          	lui	a2,0x3
800016e0:	03760613          	addi	a2,a2,55 # 0x3037
800016e4:	02c787b3          	mul	a5,a5,a2
800016e8:	40f707b3          	sub	a5,a4,a5
800016ec:	00f6a023          	sw	a5,0(a3)
800016f0:	fec42783          	lw	a5,-20(s0)
800016f4:	00178793          	addi	a5,a5,1
800016f8:	fef42623          	sw	a5,-20(s0)
800016fc:	fec42703          	lw	a4,-20(s0)
80001700:	fd842783          	lw	a5,-40(s0)
80001704:	f6f74ee3          	blt	a4,a5,0x80001680
80001708:	00000013          	addi	zero,zero,0
8000170c:	00000013          	addi	zero,zero,0
80001710:	02c12083          	lw	ra,44(sp)
80001714:	02812403          	lw	s0,40(sp)
80001718:	03010113          	addi	sp,sp,48
8000171c:	00008067          	jalr	zero,0(ra)
80001720:	fe010113          	addi	sp,sp,-32
80001724:	00112e23          	sw	ra,28(sp)
80001728:	00812c23          	sw	s0,24(sp)
8000172c:	02010413          	addi	s0,sp,32
80001730:	fe042623          	sw	zero,-20(s0)
80001734:	0bc0006f          	jal	zero,0x800017f0
80001738:	fec42603          	lw	a2,-20(s0)
8000173c:	3e800593          	addi	a1,zero,1000
80001740:	8012e7b7          	lui	a5,0x8012e
80001744:	9d478513          	addi	a0,a5,-1580 # 0x8012d9d4
80001748:	f15ff0ef          	jal	ra,0x8000165c
8000174c:	fe042423          	sw	zero,-24(s0)
80001750:	0400006f          	jal	zero,0x80001790
80001754:	8012e7b7          	lui	a5,0x8012e
80001758:	9d478713          	addi	a4,a5,-1580 # 0x8012d9d4
8000175c:	fe842783          	lw	a5,-24(s0)
80001760:	00279793          	slli	a5,a5,0x2
80001764:	00f707b3          	add	a5,a4,a5
80001768:	0007a703          	lw	a4,0(a5)
8000176c:	8012f7b7          	lui	a5,0x8012f
80001770:	97478693          	addi	a3,a5,-1676 # 0x8012e974
80001774:	fe842783          	lw	a5,-24(s0)
80001778:	00279793          	slli	a5,a5,0x2
8000177c:	00f687b3          	add	a5,a3,a5
80001780:	00e7a023          	sw	a4,0(a5)
80001784:	fe842783          	lw	a5,-24(s0)
80001788:	00178793          	addi	a5,a5,1
8000178c:	fef42423          	sw	a5,-24(s0)
80001790:	fe842703          	lw	a4,-24(s0)
80001794:	3e700793          	addi	a5,zero,999
80001798:	fae7dee3          	bge	a5,a4,0x80001754
8000179c:	3e800593          	addi	a1,zero,1000
800017a0:	8012e7b7          	lui	a5,0x8012e
800017a4:	9d478513          	addi	a0,a5,-1580 # 0x8012d9d4
800017a8:	c01ff0ef          	jal	ra,0x800013a8
800017ac:	3e800593          	addi	a1,zero,1000
800017b0:	8012f7b7          	lui	a5,0x8012f
800017b4:	97478513          	addi	a0,a5,-1676 # 0x8012e974
800017b8:	d01ff0ef          	jal	ra,0x800014b8
800017bc:	3e800613          	addi	a2,zero,1000
800017c0:	8012f7b7          	lui	a5,0x8012f
800017c4:	97478593          	addi	a1,a5,-1676 # 0x8012e974
800017c8:	8012e7b7          	lui	a5,0x8012e
800017cc:	9d478513          	addi	a0,a5,-1580 # 0x8012d9d4
800017d0:	e05ff0ef          	jal	ra,0x800015d4
800017d4:	00050793          	addi	a5,a0,0
800017d8:	00079663          	bne	a5,zero,0x800017e4
800017dc:	00000793          	addi	a5,zero,0
800017e0:	0200006f          	jal	zero,0x80001800
800017e4:	fec42783          	lw	a5,-20(s0)
800017e8:	00178793          	addi	a5,a5,1
800017ec:	fef42623          	sw	a5,-20(s0)
800017f0:	fec42703          	lw	a4,-20(s0)
800017f4:	00900793          	addi	a5,zero,9
800017f8:	f4e7d0e3          	bge	a5,a4,0x80001738
800017fc:	00100793          	addi	a5,zero,1
80001800:	00078513          	addi	a0,a5,0
80001804:	01c12083          	lw	ra,28(sp)
80001808:	01812403          	lw	s0,24(sp)
8000180c:	02010113          	addi	sp,sp,32
80001810:	00008067          	jalr	zero,0(ra)
80001814:	ff010113          	addi	sp,sp,-16
80001818:	00112623          	sw	ra,12(sp)
8000181c:	00812423          	sw	s0,8(sp)
80001820:	01010413          	addi	s0,sp,16
80001824:	800037b7          	lui	a5,0x80003
80001828:	19878793          	addi	a5,a5,408 # 0x80003198
8000182c:	30579073          	csrrw	zero,mtvec,a5
80001830:	00000013          	addi	zero,zero,0
80001834:	00c12083          	lw	ra,12(sp)
80001838:	00812403          	lw	s0,8(sp)
8000183c:	01010113          	addi	sp,sp,16
80001840:	00008067          	jalr	zero,0(ra)
80001844:	fd010113          	addi	sp,sp,-48
80001848:	02112623          	sw	ra,44(sp)
8000184c:	02812423          	sw	s0,40(sp)
80001850:	03010413          	addi	s0,sp,48
80001854:	fca42e23          	sw	a0,-36(s0)
80001858:	305027f3          	csrrs	a5,mtvec,zero
8000185c:	fef42623          	sw	a5,-20(s0)
80001860:	800037b7          	lui	a5,0x80003
80001864:	19878793          	addi	a5,a5,408 # 0x80003198
80001868:	fec42703          	lw	a4,-20(s0)
8000186c:	00f71663          	bne	a4,a5,0x80001878
80001870:	00100793          	addi	a5,zero,1
80001874:	0080006f          	jal	zero,0x8000187c
80001878:	00000793          	addi	a5,zero,0
8000187c:	80130737          	lui	a4,0x80130
80001880:	90f72a23          	sw	a5,-1772(a4) # 0x8012f914
80001884:	fdc42783          	lw	a5,-36(s0)
80001888:	0807a703          	lw	a4,128(a5)
8000188c:	801307b7          	lui	a5,0x80130
80001890:	90e7ac23          	sw	a4,-1768(a5) # 0x8012f918
80001894:	fdc42783          	lw	a5,-36(s0)
80001898:	0887a703          	lw	a4,136(a5)
8000189c:	801307b7          	lui	a5,0x80130
800018a0:	90e7ae23          	sw	a4,-1764(a5) # 0x8012f91c
800018a4:	801307b7          	lui	a5,0x80130
800018a8:	9247a783          	lw	a5,-1756(a5) # 0x8012f924
800018ac:	00178713          	addi	a4,a5,1
800018b0:	801307b7          	lui	a5,0x80130
800018b4:	92e7a223          	sw	a4,-1756(a5) # 0x8012f924
800018b8:	fdc42783          	lw	a5,-36(s0)
800018bc:	0887a783          	lw	a5,136(a5)
800018c0:	00478713          	addi	a4,a5,4
800018c4:	fdc42783          	lw	a5,-36(s0)
800018c8:	08e7a423          	sw	a4,136(a5)
800018cc:	fdc42783          	lw	a5,-36(s0)
800018d0:	0887a703          	lw	a4,136(a5)
800018d4:	801307b7          	lui	a5,0x80130
800018d8:	92e7a023          	sw	a4,-1760(a5) # 0x8012f920
800018dc:	fdc42783          	lw	a5,-36(s0)
800018e0:	00078513          	addi	a0,a5,0
800018e4:	02c12083          	lw	ra,44(sp)
800018e8:	02812403          	lw	s0,40(sp)
800018ec:	03010113          	addi	sp,sp,48
800018f0:	00008067          	jalr	zero,0(ra)
800018f4:	f9010113          	addi	sp,sp,-112
800018f8:	06112623          	sw	ra,108(sp)
800018fc:	06812423          	sw	s0,104(sp)
80001900:	06912223          	sw	s1,100(sp)
80001904:	07212023          	sw	s2,96(sp)
80001908:	07010413          	addi	s0,sp,112
8000190c:	00b00793          	addi	a5,zero,11
80001910:	fef42623          	sw	a5,-20(s0)
80001914:	1357a7b7          	lui	a5,0x1357a
80001918:	bdf78793          	addi	a5,a5,-1057 # 0x13579bdf
8000191c:	fef42423          	sw	a5,-24(s0)
80001920:	2468b7b7          	lui	a5,0x2468b
80001924:	ce078793          	addi	a5,a5,-800 # 0x2468ace0
80001928:	fef42223          	sw	a5,-28(s0)
8000192c:	123457b7          	lui	a5,0x12345
80001930:	67878793          	addi	a5,a5,1656 # 0x12345678
80001934:	fef42023          	sw	a5,-32(s0)
80001938:	0000f7b7          	lui	a5,0xf
8000193c:	00f78793          	addi	a5,a5,15 # 0xf00f
80001940:	fcf42e23          	sw	a5,-36(s0)
80001944:	003407b7          	lui	a5,0x340
80001948:	00878793          	addi	a5,a5,8 # 0x340008
8000194c:	fcf42c23          	sw	a5,-40(s0)
80001950:	fe042703          	lw	a4,-32(s0)
80001954:	fdc42783          	lw	a5,-36(s0)
80001958:	00f767b3          	or	a5,a4,a5
8000195c:	fcf42a23          	sw	a5,-44(s0)
80001960:	fd842783          	lw	a5,-40(s0)
80001964:	fff7c793          	xori	a5,a5,-1
80001968:	fd442703          	lw	a4,-44(s0)
8000196c:	00f777b3          	and	a5,a4,a5
80001970:	fcf42823          	sw	a5,-48(s0)
80001974:	fc042623          	sw	zero,-52(s0)
80001978:	fc042423          	sw	zero,-56(s0)
8000197c:	fc042223          	sw	zero,-60(s0)
80001980:	fc042023          	sw	zero,-64(s0)
80001984:	fa042e23          	sw	zero,-68(s0)
80001988:	fa042c23          	sw	zero,-72(s0)
8000198c:	fa042a23          	sw	zero,-76(s0)
80001990:	fa042823          	sw	zero,-80(s0)
80001994:	fa042623          	sw	zero,-84(s0)
80001998:	fa042423          	sw	zero,-88(s0)
8000199c:	fa042223          	sw	zero,-92(s0)
800019a0:	fa042023          	sw	zero,-96(s0)
800019a4:	f8042e23          	sw	zero,-100(s0)
800019a8:	f8042c23          	sw	zero,-104(s0)
800019ac:	801307b7          	lui	a5,0x80130
800019b0:	9007aa23          	sw	zero,-1772(a5) # 0x8012f914
800019b4:	801307b7          	lui	a5,0x80130
800019b8:	9007ac23          	sw	zero,-1768(a5) # 0x8012f918
800019bc:	801307b7          	lui	a5,0x80130
800019c0:	9007ae23          	sw	zero,-1764(a5) # 0x8012f91c
800019c4:	801307b7          	lui	a5,0x80130
800019c8:	9207a023          	sw	zero,-1760(a5) # 0x8012f920
800019cc:	801307b7          	lui	a5,0x80130
800019d0:	9207a223          	sw	zero,-1756(a5) # 0x8012f924
800019d4:	e41ff0ef          	jal	ra,0x80001814
800019d8:	305027f3          	csrrs	a5,mtvec,zero
800019dc:	fcf42623          	sw	a5,-52(s0)
800019e0:	340027f3          	csrrs	a5,mscratch,zero
800019e4:	faf42c23          	sw	a5,-72(s0)
800019e8:	fe042783          	lw	a5,-32(s0)
800019ec:	340797f3          	csrrw	a5,mscratch,a5
800019f0:	faf42823          	sw	a5,-80(s0)
800019f4:	fdc42783          	lw	a5,-36(s0)
800019f8:	3407a7f3          	csrrs	a5,mscratch,a5
800019fc:	faf42623          	sw	a5,-84(s0)
80001a00:	fd842783          	lw	a5,-40(s0)
80001a04:	3407b7f3          	csrrc	a5,mscratch,a5
80001a08:	faf42423          	sw	a5,-88(s0)
80001a0c:	3402d7f3          	csrrwi	a5,mscratch,5
80001a10:	faf42223          	sw	a5,-92(s0)
80001a14:	3401e7f3          	csrrsi	a5,mscratch,3
80001a18:	faf42023          	sw	a5,-96(s0)
80001a1c:	3400f7f3          	csrrci	a5,mscratch,1
80001a20:	f8f42e23          	sw	a5,-100(s0)
80001a24:	340027f3          	csrrs	a5,mscratch,zero
80001a28:	f8f42c23          	sw	a5,-104(s0)
80001a2c:	fb842783          	lw	a5,-72(s0)
80001a30:	34079073          	csrrw	zero,mscratch,a5
80001a34:	340027f3          	csrrs	a5,mscratch,zero
80001a38:	faf42a23          	sw	a5,-76(s0)
80001a3c:	1357a4b7          	lui	s1,0x1357a
80001a40:	bdf48493          	addi	s1,s1,-1057 # 0x13579bdf
80001a44:	2468b937          	lui	s2,0x2468b
80001a48:	ce090913          	addi	s2,s2,-800 # 0x2468ace0
80001a4c:	00000617          	auipc	a2,0x0
80001a50:	00c60613          	addi	a2,a2,12 # 0x80001a58
80001a54:	00000073          	ecall
80001a58:	00000697          	auipc	a3,0x0
80001a5c:	00c68693          	addi	a3,a3,12 # 0x80001a64
80001a60:	00000073          	ecall
80001a64:	00048713          	addi	a4,s1,0
80001a68:	00090793          	addi	a5,s2,0
80001a6c:	fcc42423          	sw	a2,-56(s0)
80001a70:	fcd42223          	sw	a3,-60(s0)
80001a74:	fce42023          	sw	a4,-64(s0)
80001a78:	faf42e23          	sw	a5,-68(s0)
80001a7c:	800037b7          	lui	a5,0x80003
80001a80:	19878793          	addi	a5,a5,408 # 0x80003198
80001a84:	fcc42703          	lw	a4,-52(s0)
80001a88:	00f70663          	beq	a4,a5,0x80001a94
80001a8c:	00000793          	addi	a5,zero,0
80001a90:	1500006f          	jal	zero,0x80001be0
80001a94:	fb042703          	lw	a4,-80(s0)
80001a98:	fb842783          	lw	a5,-72(s0)
80001a9c:	00f70663          	beq	a4,a5,0x80001aa8
80001aa0:	00000793          	addi	a5,zero,0
80001aa4:	13c0006f          	jal	zero,0x80001be0
80001aa8:	fac42703          	lw	a4,-84(s0)
80001aac:	fe042783          	lw	a5,-32(s0)
80001ab0:	00f70663          	beq	a4,a5,0x80001abc
80001ab4:	00000793          	addi	a5,zero,0
80001ab8:	1280006f          	jal	zero,0x80001be0
80001abc:	fa842703          	lw	a4,-88(s0)
80001ac0:	fd442783          	lw	a5,-44(s0)
80001ac4:	00f70663          	beq	a4,a5,0x80001ad0
80001ac8:	00000793          	addi	a5,zero,0
80001acc:	1140006f          	jal	zero,0x80001be0
80001ad0:	fa442703          	lw	a4,-92(s0)
80001ad4:	fd042783          	lw	a5,-48(s0)
80001ad8:	00f70663          	beq	a4,a5,0x80001ae4
80001adc:	00000793          	addi	a5,zero,0
80001ae0:	1000006f          	jal	zero,0x80001be0
80001ae4:	fa042703          	lw	a4,-96(s0)
80001ae8:	00500793          	addi	a5,zero,5
80001aec:	00f70663          	beq	a4,a5,0x80001af8
80001af0:	00000793          	addi	a5,zero,0
80001af4:	0ec0006f          	jal	zero,0x80001be0
80001af8:	f9c42703          	lw	a4,-100(s0)
80001afc:	00700793          	addi	a5,zero,7
80001b00:	00f70663          	beq	a4,a5,0x80001b0c
80001b04:	00000793          	addi	a5,zero,0
80001b08:	0d80006f          	jal	zero,0x80001be0
80001b0c:	f9842703          	lw	a4,-104(s0)
80001b10:	00600793          	addi	a5,zero,6
80001b14:	00f70663          	beq	a4,a5,0x80001b20
80001b18:	00000793          	addi	a5,zero,0
80001b1c:	0c40006f          	jal	zero,0x80001be0
80001b20:	fb442703          	lw	a4,-76(s0)
80001b24:	fb842783          	lw	a5,-72(s0)
80001b28:	00f70663          	beq	a4,a5,0x80001b34
80001b2c:	00000793          	addi	a5,zero,0
80001b30:	0b00006f          	jal	zero,0x80001be0
80001b34:	801307b7          	lui	a5,0x80130
80001b38:	9147a703          	lw	a4,-1772(a5) # 0x8012f914
80001b3c:	00100793          	addi	a5,zero,1
80001b40:	00f70663          	beq	a4,a5,0x80001b4c
80001b44:	00000793          	addi	a5,zero,0
80001b48:	0980006f          	jal	zero,0x80001be0
80001b4c:	801307b7          	lui	a5,0x80130
80001b50:	9247a703          	lw	a4,-1756(a5) # 0x8012f924
80001b54:	00200793          	addi	a5,zero,2
80001b58:	00f70663          	beq	a4,a5,0x80001b64
80001b5c:	00000793          	addi	a5,zero,0
80001b60:	0800006f          	jal	zero,0x80001be0
80001b64:	801307b7          	lui	a5,0x80130
80001b68:	9187a783          	lw	a5,-1768(a5) # 0x8012f918
80001b6c:	fec42703          	lw	a4,-20(s0)
80001b70:	00f70663          	beq	a4,a5,0x80001b7c
80001b74:	00000793          	addi	a5,zero,0
80001b78:	0680006f          	jal	zero,0x80001be0
80001b7c:	801307b7          	lui	a5,0x80130
80001b80:	91c7a783          	lw	a5,-1764(a5) # 0x8012f91c
80001b84:	00478713          	addi	a4,a5,4
80001b88:	801307b7          	lui	a5,0x80130
80001b8c:	9207a783          	lw	a5,-1760(a5) # 0x8012f920
80001b90:	00f70663          	beq	a4,a5,0x80001b9c
80001b94:	00000793          	addi	a5,zero,0
80001b98:	0480006f          	jal	zero,0x80001be0
80001b9c:	801307b7          	lui	a5,0x80130
80001ba0:	9207a783          	lw	a5,-1760(a5) # 0x8012f920
80001ba4:	fc442703          	lw	a4,-60(s0)
80001ba8:	00f70663          	beq	a4,a5,0x80001bb4
80001bac:	00000793          	addi	a5,zero,0
80001bb0:	0300006f          	jal	zero,0x80001be0
80001bb4:	fc042703          	lw	a4,-64(s0)
80001bb8:	fe842783          	lw	a5,-24(s0)
80001bbc:	00f70663          	beq	a4,a5,0x80001bc8
80001bc0:	00000793          	addi	a5,zero,0
80001bc4:	01c0006f          	jal	zero,0x80001be0
80001bc8:	fbc42703          	lw	a4,-68(s0)
80001bcc:	fe442783          	lw	a5,-28(s0)
80001bd0:	00f70663          	beq	a4,a5,0x80001bdc
80001bd4:	00000793          	addi	a5,zero,0
80001bd8:	0080006f          	jal	zero,0x80001be0
80001bdc:	00100793          	addi	a5,zero,1
80001be0:	00078513          	addi	a0,a5,0
80001be4:	06c12083          	lw	ra,108(sp)
80001be8:	06812403          	lw	s0,104(sp)
80001bec:	06412483          	lw	s1,100(sp)
80001bf0:	06012903          	lw	s2,96(sp)
80001bf4:	07010113          	addi	sp,sp,112
80001bf8:	00008067          	jalr	zero,0(ra)
80001bfc:	000fe317          	auipc	t1,0xfe
80001c00:	40c30313          	addi	t1,t1,1036 # 0x80100008
80001c04:	00132c23          	sw	ra,24(t1)
80001c08:	0a4000ef          	jal	ra,0x80001cac
80001c0c:	184000ef          	jal	ra,0x80001d90
80001c10:	34c000ef          	jal	ra,0x80001f5c
80001c14:	468000ef          	jal	ra,0x8000207c
80001c18:	294000ef          	jal	ra,0x80001eac
80001c1c:	1d0000ef          	jal	ra,0x80001dec
80001c20:	4b0000ef          	jal	ra,0x800020d0
80001c24:	55c000ef          	jal	ra,0x80002180
80001c28:	600000ef          	jal	ra,0x80002228
80001c2c:	6ac000ef          	jal	ra,0x800022d8
80001c30:	764000ef          	jal	ra,0x80002394
80001c34:	79c000ef          	jal	ra,0x800023d0
80001c38:	38c000ef          	jal	ra,0x80001fc4
80001c3c:	108000ef          	jal	ra,0x80001d44
80001c40:	218000ef          	jal	ra,0x80001e58
80001c44:	2c4000ef          	jal	ra,0x80001f08
80001c48:	3e8000ef          	jal	ra,0x80002030
80001c4c:	4dc000ef          	jal	ra,0x80002128
80001c50:	588000ef          	jal	ra,0x800021d8
80001c54:	630000ef          	jal	ra,0x80002284
80001c58:	6ec000ef          	jal	ra,0x80002344
80001c5c:	015000ef          	jal	ra,0x80002470
80001c60:	7bc000ef          	jal	ra,0x8000241c
80001c64:	151000ef          	jal	ra,0x800025b4
80001c68:	1d5000ef          	jal	ra,0x8000263c
80001c6c:	059000ef          	jal	ra,0x800024c4
80001c70:	0a5000ef          	jal	ra,0x80002514
80001c74:	0f9000ef          	jal	ra,0x8000256c
80001c78:	231000ef          	jal	ra,0x800026a8
80001c7c:	27d000ef          	jal	ra,0x800026f8
80001c80:	2cd000ef          	jal	ra,0x8000274c
80001c84:	315000ef          	jal	ra,0x80002798
80001c88:	35d000ef          	jal	ra,0x800027e4
80001c8c:	3a5000ef          	jal	ra,0x80002830
80001c90:	3ed000ef          	jal	ra,0x8000287c
80001c94:	435000ef          	jal	ra,0x800028c8
80001c98:	481000ef          	jal	ra,0x80002918
80001c9c:	000fe317          	auipc	t1,0xfe
80001ca0:	36c30313          	addi	t1,t1,876 # 0x80100008
80001ca4:	01832083          	lw	ra,24(t1)
80001ca8:	00008067          	jalr	zero,0(ra)
80001cac:	800002b7          	lui	t0,0x80000
80001cb0:	fff28293          	addi	t0,t0,-1 # 0x7fffffff
80001cb4:	00100313          	addi	t1,zero,1
80001cb8:	006283b3          	add	t2,t0,t1
80001cbc:	80000e37          	lui	t3,0x80000
80001cc0:	07c39663          	bne	t2,t3,0x80001d2c
80001cc4:	fff00293          	addi	t0,zero,-1
80001cc8:	00100313          	addi	t1,zero,1
80001ccc:	006283b3          	add	t2,t0,t1
80001cd0:	04039e63          	bne	t2,zero,0x80001d2c
80001cd4:	123452b7          	lui	t0,0x12345
80001cd8:	67828293          	addi	t0,t0,1656 # 0x12345678
80001cdc:	87654337          	lui	t1,0x87654
80001ce0:	32130313          	addi	t1,t1,801 # 0x87654321
80001ce4:	006283b3          	add	t2,t0,t1
80001ce8:	9999ae37          	lui	t3,0x9999a
80001cec:	999e0e13          	addi	t3,t3,-1639 # 0x99999999
80001cf0:	03c39e63          	bne	t2,t3,0x80001d2c
80001cf4:	9999ae37          	lui	t3,0x9999a
80001cf8:	999e0e13          	addi	t3,t3,-1639 # 0x99999999
80001cfc:	9999aeb7          	lui	t4,0x9999a
80001d00:	999e8e93          	addi	t4,t4,-1639 # 0x99999999
80001d04:	01de0f33          	add	t5,t3,t4
80001d08:	33333fb7          	lui	t6,0x33333
80001d0c:	332f8f93          	addi	t6,t6,818 # 0x33333332
80001d10:	01ff1e63          	bne	t5,t6,0x80001d2c
80001d14:	000fe297          	auipc	t0,0xfe
80001d18:	2ec28293          	addi	t0,t0,748 # 0x80100000
80001d1c:	0002a303          	lw	t1,0(t0)
80001d20:	00130313          	addi	t1,t1,1
80001d24:	0062a023          	sw	t1,0(t0)
80001d28:	00008067          	jalr	zero,0(ra)
80001d2c:	000fe297          	auipc	t0,0xfe
80001d30:	2d828293          	addi	t0,t0,728 # 0x80100004
80001d34:	0002a303          	lw	t1,0(t0)
80001d38:	00130313          	addi	t1,t1,1
80001d3c:	0062a023          	sw	t1,0(t0)
80001d40:	00008067          	jalr	zero,0(ra)
80001d44:	00000293          	addi	t0,zero,0
80001d48:	07b28313          	addi	t1,t0,123
80001d4c:	07b00393          	addi	t2,zero,123
80001d50:	02731463          	bne	t1,t2,0x80001d78
80001d54:	fff00293          	addi	t0,zero,-1
80001d58:	00128313          	addi	t1,t0,1
80001d5c:	00031e63          	bne	t1,zero,0x80001d78
80001d60:	000fe297          	auipc	t0,0xfe
80001d64:	2a028293          	addi	t0,t0,672 # 0x80100000
80001d68:	0002a303          	lw	t1,0(t0)
80001d6c:	00130313          	addi	t1,t1,1
80001d70:	0062a023          	sw	t1,0(t0)
80001d74:	00008067          	jalr	zero,0(ra)
80001d78:	000fe297          	auipc	t0,0xfe
80001d7c:	28c28293          	addi	t0,t0,652 # 0x80100004
80001d80:	0002a303          	lw	t1,0(t0)
80001d84:	00130313          	addi	t1,t1,1
80001d88:	0062a023          	sw	t1,0(t0)
80001d8c:	00008067          	jalr	zero,0(ra)
80001d90:	800002b7          	lui	t0,0x80000
80001d94:	fff28293          	addi	t0,t0,-1 # 0x7fffffff
80001d98:	80000337          	lui	t1,0x80000
80001d9c:	fff30313          	addi	t1,t1,-1 # 0x7fffffff
80001da0:	406283b3          	sub	t2,t0,t1
80001da4:	02039863          	bne	t2,zero,0x80001dd4
80001da8:	00000293          	addi	t0,zero,0
80001dac:	fff00313          	addi	t1,zero,-1
80001db0:	406283b3          	sub	t2,t0,t1
80001db4:	00100e13          	addi	t3,zero,1
80001db8:	01c39e63          	bne	t2,t3,0x80001dd4
80001dbc:	000fe297          	auipc	t0,0xfe
80001dc0:	24428293          	addi	t0,t0,580 # 0x80100000
80001dc4:	0002a303          	lw	t1,0(t0)
80001dc8:	00130313          	addi	t1,t1,1
80001dcc:	0062a023          	sw	t1,0(t0)
80001dd0:	00008067          	jalr	zero,0(ra)
80001dd4:	000fe297          	auipc	t0,0xfe
80001dd8:	23028293          	addi	t0,t0,560 # 0x80100004
80001ddc:	0002a303          	lw	t1,0(t0)
80001de0:	00130313          	addi	t1,t1,1
80001de4:	0062a023          	sw	t1,0(t0)
80001de8:	00008067          	jalr	zero,0(ra)
80001dec:	aaaab2b7          	lui	t0,0xaaaab
80001df0:	aaa28293          	addi	t0,t0,-1366 # 0xaaaaaaaa
80001df4:	55555337          	lui	t1,0x55555
80001df8:	55530313          	addi	t1,t1,1365 # 0x55555555
80001dfc:	0062f3b3          	and	t2,t0,t1
80001e00:	04039063          	bne	t2,zero,0x80001e40
80001e04:	fff00293          	addi	t0,zero,-1
80001e08:	00000313          	addi	t1,zero,0
80001e0c:	0062f3b3          	and	t2,t0,t1
80001e10:	02039863          	bne	t2,zero,0x80001e40
80001e14:	123452b7          	lui	t0,0x12345
80001e18:	67828293          	addi	t0,t0,1656 # 0x12345678
80001e1c:	fff00313          	addi	t1,zero,-1
80001e20:	0062f3b3          	and	t2,t0,t1
80001e24:	00539e63          	bne	t2,t0,0x80001e40
80001e28:	000fe297          	auipc	t0,0xfe
80001e2c:	1d828293          	addi	t0,t0,472 # 0x80100000
80001e30:	0002a303          	lw	t1,0(t0)
80001e34:	00130313          	addi	t1,t1,1
80001e38:	0062a023          	sw	t1,0(t0)
80001e3c:	00008067          	jalr	zero,0(ra)
80001e40:	000fe297          	auipc	t0,0xfe
80001e44:	1c428293          	addi	t0,t0,452 # 0x80100004
80001e48:	0002a303          	lw	t1,0(t0)
80001e4c:	00130313          	addi	t1,t1,1
80001e50:	0062a023          	sw	t1,0(t0)
80001e54:	00008067          	jalr	zero,0(ra)
80001e58:	fff00293          	addi	t0,zero,-1
80001e5c:	70f2f313          	andi	t1,t0,1807
80001e60:	70f00393          	addi	t2,zero,1807
80001e64:	02731863          	bne	t1,t2,0x80001e94
80001e68:	1234b2b7          	lui	t0,0x1234b
80001e6c:	bcd28293          	addi	t0,t0,-1075 # 0x1234abcd
80001e70:	5cb2f313          	andi	t1,t0,1483
80001e74:	1c900393          	addi	t2,zero,457
80001e78:	00731e63          	bne	t1,t2,0x80001e94
80001e7c:	000fe297          	auipc	t0,0xfe
80001e80:	18428293          	addi	t0,t0,388 # 0x80100000
80001e84:	0002a303          	lw	t1,0(t0)
80001e88:	00130313          	addi	t1,t1,1
80001e8c:	0062a023          	sw	t1,0(t0)
80001e90:	00008067          	jalr	zero,0(ra)
80001e94:	000fe297          	auipc	t0,0xfe
80001e98:	17028293          	addi	t0,t0,368 # 0x80100004
80001e9c:	0002a303          	lw	t1,0(t0)
80001ea0:	00130313          	addi	t1,t1,1
80001ea4:	0062a023          	sw	t1,0(t0)
80001ea8:	00008067          	jalr	zero,0(ra)
80001eac:	aaaab2b7          	lui	t0,0xaaaab
80001eb0:	aaa28293          	addi	t0,t0,-1366 # 0xaaaaaaaa
80001eb4:	55555337          	lui	t1,0x55555
80001eb8:	55530313          	addi	t1,t1,1365 # 0x55555555
80001ebc:	0062e3b3          	or	t2,t0,t1
80001ec0:	fff00e13          	addi	t3,zero,-1
80001ec4:	03c39663          	bne	t2,t3,0x80001ef0
80001ec8:	00000293          	addi	t0,zero,0
80001ecc:	00000313          	addi	t1,zero,0
80001ed0:	0062e3b3          	or	t2,t0,t1
80001ed4:	00039e63          	bne	t2,zero,0x80001ef0
80001ed8:	000fe297          	auipc	t0,0xfe
80001edc:	12828293          	addi	t0,t0,296 # 0x80100000
80001ee0:	0002a303          	lw	t1,0(t0)
80001ee4:	00130313          	addi	t1,t1,1
80001ee8:	0062a023          	sw	t1,0(t0)
80001eec:	00008067          	jalr	zero,0(ra)
80001ef0:	000fe297          	auipc	t0,0xfe
80001ef4:	11428293          	addi	t0,t0,276 # 0x80100004
80001ef8:	0002a303          	lw	t1,0(t0)
80001efc:	00130313          	addi	t1,t1,1
80001f00:	0062a023          	sw	t1,0(t0)
80001f04:	00008067          	jalr	zero,0(ra)
80001f08:	00000293          	addi	t0,zero,0
80001f0c:	7f02e313          	ori	t1,t0,2032
80001f10:	7f000393          	addi	t2,zero,2032
80001f14:	02731863          	bne	t1,t2,0x80001f44
80001f18:	aaaa02b7          	lui	t0,0xaaaa0
80001f1c:	7ff2e313          	ori	t1,t0,2047
80001f20:	aaaa03b7          	lui	t2,0xaaaa0
80001f24:	7ff38393          	addi	t2,t2,2047 # 0xaaaa07ff
80001f28:	00731e63          	bne	t1,t2,0x80001f44
80001f2c:	000fe297          	auipc	t0,0xfe
80001f30:	0d428293          	addi	t0,t0,212 # 0x80100000
80001f34:	0002a303          	lw	t1,0(t0)
80001f38:	00130313          	addi	t1,t1,1
80001f3c:	0062a023          	sw	t1,0(t0)
80001f40:	00008067          	jalr	zero,0(ra)
80001f44:	000fe297          	auipc	t0,0xfe
80001f48:	0c028293          	addi	t0,t0,192 # 0x80100004
80001f4c:	0002a303          	lw	t1,0(t0)
80001f50:	00130313          	addi	t1,t1,1
80001f54:	0062a023          	sw	t1,0(t0)
80001f58:	00008067          	jalr	zero,0(ra)
80001f5c:	fff00293          	addi	t0,zero,-1
80001f60:	00000313          	addi	t1,zero,0
80001f64:	0062a3b3          	slt	t2,t0,t1
80001f68:	00100e13          	addi	t3,zero,1
80001f6c:	05c39063          	bne	t2,t3,0x80001fac
80001f70:	07b00293          	addi	t0,zero,123
80001f74:	07b00313          	addi	t1,zero,123
80001f78:	0062a3b3          	slt	t2,t0,t1
80001f7c:	02039863          	bne	t2,zero,0x80001fac
80001f80:	800002b7          	lui	t0,0x80000
80001f84:	fff28293          	addi	t0,t0,-1 # 0x7fffffff
80001f88:	fff00313          	addi	t1,zero,-1
80001f8c:	0062a3b3          	slt	t2,t0,t1
80001f90:	00039e63          	bne	t2,zero,0x80001fac
80001f94:	000fe297          	auipc	t0,0xfe
80001f98:	06c28293          	addi	t0,t0,108 # 0x80100000
80001f9c:	0002a303          	lw	t1,0(t0)
80001fa0:	00130313          	addi	t1,t1,1
80001fa4:	0062a023          	sw	t1,0(t0)
80001fa8:	00008067          	jalr	zero,0(ra)
80001fac:	000fe297          	auipc	t0,0xfe
80001fb0:	05828293          	addi	t0,t0,88 # 0x80100004
80001fb4:	0002a303          	lw	t1,0(t0)
80001fb8:	00130313          	addi	t1,t1,1
80001fbc:	0062a023          	sw	t1,0(t0)
80001fc0:	00008067          	jalr	zero,0(ra)
80001fc4:	fff00293          	addi	t0,zero,-1
80001fc8:	0002a313          	slti	t1,t0,0
80001fcc:	00100393          	addi	t2,zero,1
80001fd0:	04731663          	bne	t1,t2,0x8000201c
80001fd4:	00500293          	addi	t0,zero,5
80001fd8:	00a2a313          	slti	t1,t0,10
80001fdc:	00100393          	addi	t2,zero,1
80001fe0:	02731e63          	bne	t1,t2,0x8000201c
80001fe4:	00500293          	addi	t0,zero,5
80001fe8:	0052a313          	slti	t1,t0,5
80001fec:	00000393          	addi	t2,zero,0
80001ff0:	02731663          	bne	t1,t2,0x8000201c
80001ff4:	00a00293          	addi	t0,zero,10
80001ff8:	0052a313          	slti	t1,t0,5
80001ffc:	00000393          	addi	t2,zero,0
80002000:	00731e63          	bne	t1,t2,0x8000201c
80002004:	000fe297          	auipc	t0,0xfe
80002008:	ffc28293          	addi	t0,t0,-4 # 0x80100000
8000200c:	0002a303          	lw	t1,0(t0)
80002010:	00130313          	addi	t1,t1,1
80002014:	0062a023          	sw	t1,0(t0)
80002018:	00008067          	jalr	zero,0(ra)
8000201c:	000fe297          	auipc	t0,0xfe
80002020:	fe828293          	addi	t0,t0,-24 # 0x80100004
80002024:	0002a303          	lw	t1,0(t0)
80002028:	00130313          	addi	t1,t1,1
8000202c:	0062a023          	sw	t1,0(t0)
80002030:	00000293          	addi	t0,zero,0
80002034:	0012b313          	sltiu	t1,t0,1
80002038:	00100393          	addi	t2,zero,1
8000203c:	02731463          	bne	t1,t2,0x80002064
80002040:	fff00293          	addi	t0,zero,-1
80002044:	fff2b313          	sltiu	t1,t0,-1
80002048:	00031e63          	bne	t1,zero,0x80002064
8000204c:	000fe297          	auipc	t0,0xfe
80002050:	fb428293          	addi	t0,t0,-76 # 0x80100000
80002054:	0002a303          	lw	t1,0(t0)
80002058:	00130313          	addi	t1,t1,1
8000205c:	0062a023          	sw	t1,0(t0)
80002060:	00008067          	jalr	zero,0(ra)
80002064:	000fe297          	auipc	t0,0xfe
80002068:	fa028293          	addi	t0,t0,-96 # 0x80100004
8000206c:	0002a303          	lw	t1,0(t0)
80002070:	00130313          	addi	t1,t1,1
80002074:	0062a023          	sw	t1,0(t0)
80002078:	00008067          	jalr	zero,0(ra)
8000207c:	fff00293          	addi	t0,zero,-1
80002080:	00000313          	addi	t1,zero,0
80002084:	0062b3b3          	sltu	t2,t0,t1
80002088:	02039863          	bne	t2,zero,0x800020b8
8000208c:	00000293          	addi	t0,zero,0
80002090:	00100313          	addi	t1,zero,1
80002094:	0062b3b3          	sltu	t2,t0,t1
80002098:	00100e13          	addi	t3,zero,1
8000209c:	01c39e63          	bne	t2,t3,0x800020b8
800020a0:	000fe297          	auipc	t0,0xfe
800020a4:	f6028293          	addi	t0,t0,-160 # 0x80100000
800020a8:	0002a303          	lw	t1,0(t0)
800020ac:	00130313          	addi	t1,t1,1
800020b0:	0062a023          	sw	t1,0(t0)
800020b4:	00008067          	jalr	zero,0(ra)
800020b8:	000fe297          	auipc	t0,0xfe
800020bc:	f4c28293          	addi	t0,t0,-180 # 0x80100004
800020c0:	0002a303          	lw	t1,0(t0)
800020c4:	00130313          	addi	t1,t1,1
800020c8:	0062a023          	sw	t1,0(t0)
800020cc:	00008067          	jalr	zero,0(ra)
800020d0:	ffff02b7          	lui	t0,0xffff0
800020d4:	00010337          	lui	t1,0x10
800020d8:	fff30313          	addi	t1,t1,-1 # 0xffff
800020dc:	0062c3b3          	xor	t2,t0,t1
800020e0:	fff00e13          	addi	t3,zero,-1
800020e4:	03c39663          	bne	t2,t3,0x80002110
800020e8:	aaaab2b7          	lui	t0,0xaaaab
800020ec:	aaa28293          	addi	t0,t0,-1366 # 0xaaaaaaaa
800020f0:	0052c3b3          	xor	t2,t0,t0
800020f4:	00039e63          	bne	t2,zero,0x80002110
800020f8:	000fe297          	auipc	t0,0xfe
800020fc:	f0828293          	addi	t0,t0,-248 # 0x80100000
80002100:	0002a303          	lw	t1,0(t0)
80002104:	00130313          	addi	t1,t1,1
80002108:	0062a023          	sw	t1,0(t0)
8000210c:	00008067          	jalr	zero,0(ra)
80002110:	000fe297          	auipc	t0,0xfe
80002114:	ef428293          	addi	t0,t0,-268 # 0x80100004
80002118:	0002a303          	lw	t1,0(t0)
8000211c:	00130313          	addi	t1,t1,1
80002120:	0062a023          	sw	t1,0(t0)
80002124:	00008067          	jalr	zero,0(ra)
80002128:	0000b2b7          	lui	t0,0xb
8000212c:	aaa28293          	addi	t0,t0,-1366 # 0xaaaa
80002130:	5552c313          	xori	t1,t0,1365
80002134:	0000b3b7          	lui	t2,0xb
80002138:	fff38393          	addi	t2,t2,-1 # 0xafff
8000213c:	02731663          	bne	t1,t2,0x80002168
80002140:	00400293          	addi	t0,zero,4
80002144:	2342c313          	xori	t1,t0,564
80002148:	23000393          	addi	t2,zero,560
8000214c:	00731e63          	bne	t1,t2,0x80002168
80002150:	000fe297          	auipc	t0,0xfe
80002154:	eb028293          	addi	t0,t0,-336 # 0x80100000
80002158:	0002a303          	lw	t1,0(t0)
8000215c:	00130313          	addi	t1,t1,1
80002160:	0062a023          	sw	t1,0(t0)
80002164:	00008067          	jalr	zero,0(ra)
80002168:	000fe297          	auipc	t0,0xfe
8000216c:	e9c28293          	addi	t0,t0,-356 # 0x80100004
80002170:	0002a303          	lw	t1,0(t0)
80002174:	00130313          	addi	t1,t1,1
80002178:	0062a023          	sw	t1,0(t0)
8000217c:	00008067          	jalr	zero,0(ra)
80002180:	00100293          	addi	t0,zero,1
80002184:	00300313          	addi	t1,zero,3
80002188:	006293b3          	sll	t2,t0,t1
8000218c:	00800e13          	addi	t3,zero,8
80002190:	03c39863          	bne	t2,t3,0x800021c0
80002194:	00100293          	addi	t0,zero,1
80002198:	01f00313          	addi	t1,zero,31
8000219c:	006293b3          	sll	t2,t0,t1
800021a0:	80000e37          	lui	t3,0x80000
800021a4:	01c39e63          	bne	t2,t3,0x800021c0
800021a8:	000fe297          	auipc	t0,0xfe
800021ac:	e5828293          	addi	t0,t0,-424 # 0x80100000
800021b0:	0002a303          	lw	t1,0(t0)
800021b4:	00130313          	addi	t1,t1,1
800021b8:	0062a023          	sw	t1,0(t0)
800021bc:	00008067          	jalr	zero,0(ra)
800021c0:	000fe297          	auipc	t0,0xfe
800021c4:	e4428293          	addi	t0,t0,-444 # 0x80100004
800021c8:	0002a303          	lw	t1,0(t0)
800021cc:	00130313          	addi	t1,t1,1
800021d0:	0062a023          	sw	t1,0(t0)
800021d4:	00008067          	jalr	zero,0(ra)
800021d8:	00100293          	addi	t0,zero,1
800021dc:	00429313          	slli	t1,t0,0x4
800021e0:	01000393          	addi	t2,zero,16
800021e4:	02731663          	bne	t1,t2,0x80002210
800021e8:	00100293          	addi	t0,zero,1
800021ec:	01f29313          	slli	t1,t0,0x1f
800021f0:	800003b7          	lui	t2,0x80000
800021f4:	00731e63          	bne	t1,t2,0x80002210
800021f8:	000fe297          	auipc	t0,0xfe
800021fc:	e0828293          	addi	t0,t0,-504 # 0x80100000
80002200:	0002a303          	lw	t1,0(t0)
80002204:	00130313          	addi	t1,t1,1
80002208:	0062a023          	sw	t1,0(t0)
8000220c:	00008067          	jalr	zero,0(ra)
80002210:	000fe297          	auipc	t0,0xfe
80002214:	df428293          	addi	t0,t0,-524 # 0x80100004
80002218:	0002a303          	lw	t1,0(t0)
8000221c:	00130313          	addi	t1,t1,1
80002220:	0062a023          	sw	t1,0(t0)
80002224:	00008067          	jalr	zero,0(ra)
80002228:	800002b7          	lui	t0,0x80000
8000222c:	01f00313          	addi	t1,zero,31
80002230:	0062d3b3          	srl	t2,t0,t1
80002234:	00100e13          	addi	t3,zero,1
80002238:	03c39a63          	bne	t2,t3,0x8000226c
8000223c:	fff00293          	addi	t0,zero,-1
80002240:	00400313          	addi	t1,zero,4
80002244:	0062d3b3          	srl	t2,t0,t1
80002248:	10000e37          	lui	t3,0x10000
8000224c:	fffe0e13          	addi	t3,t3,-1 # 0xfffffff
80002250:	01c39e63          	bne	t2,t3,0x8000226c
80002254:	000fe297          	auipc	t0,0xfe
80002258:	dac28293          	addi	t0,t0,-596 # 0x80100000
8000225c:	0002a303          	lw	t1,0(t0)
80002260:	00130313          	addi	t1,t1,1
80002264:	0062a023          	sw	t1,0(t0)
80002268:	00008067          	jalr	zero,0(ra)
8000226c:	000fe297          	auipc	t0,0xfe
80002270:	d9828293          	addi	t0,t0,-616 # 0x80100004
80002274:	0002a303          	lw	t1,0(t0)
80002278:	00130313          	addi	t1,t1,1
8000227c:	0062a023          	sw	t1,0(t0)
80002280:	00008067          	jalr	zero,0(ra)
80002284:	800002b7          	lui	t0,0x80000
80002288:	01f2d313          	srli	t1,t0,0x1f
8000228c:	00100393          	addi	t2,zero,1
80002290:	02731863          	bne	t1,t2,0x800022c0
80002294:	fff00293          	addi	t0,zero,-1
80002298:	0042d313          	srli	t1,t0,0x4
8000229c:	100003b7          	lui	t2,0x10000
800022a0:	fff38393          	addi	t2,t2,-1 # 0xfffffff
800022a4:	00731e63          	bne	t1,t2,0x800022c0
800022a8:	000fe297          	auipc	t0,0xfe
800022ac:	d5828293          	addi	t0,t0,-680 # 0x80100000
800022b0:	0002a303          	lw	t1,0(t0)
800022b4:	00130313          	addi	t1,t1,1
800022b8:	0062a023          	sw	t1,0(t0)
800022bc:	00008067          	jalr	zero,0(ra)
800022c0:	000fe297          	auipc	t0,0xfe
800022c4:	d4428293          	addi	t0,t0,-700 # 0x80100004
800022c8:	0002a303          	lw	t1,0(t0)
800022cc:	00130313          	addi	t1,t1,1
800022d0:	0062a023          	sw	t1,0(t0)
800022d4:	00008067          	jalr	zero,0(ra)
800022d8:	fff00293          	addi	t0,zero,-1
800022dc:	01f00313          	addi	t1,zero,31
800022e0:	4062d3b3          	sra	t2,t0,t1
800022e4:	fff00e13          	addi	t3,zero,-1
800022e8:	05c39263          	bne	t2,t3,0x8000232c
800022ec:	800002b7          	lui	t0,0x80000
800022f0:	01f00313          	addi	t1,zero,31
800022f4:	4062d3b3          	sra	t2,t0,t1
800022f8:	fff00e13          	addi	t3,zero,-1
800022fc:	03c39863          	bne	t2,t3,0x8000232c
80002300:	010002b7          	lui	t0,0x1000
80002304:	00400313          	addi	t1,zero,4
80002308:	4062d3b3          	sra	t2,t0,t1
8000230c:	00100e37          	lui	t3,0x100
80002310:	01c39e63          	bne	t2,t3,0x8000232c
80002314:	000fe297          	auipc	t0,0xfe
80002318:	cec28293          	addi	t0,t0,-788 # 0x80100000
8000231c:	0002a303          	lw	t1,0(t0)
80002320:	00130313          	addi	t1,t1,1
80002324:	0062a023          	sw	t1,0(t0)
80002328:	00008067          	jalr	zero,0(ra)
8000232c:	000fe297          	auipc	t0,0xfe
80002330:	cd828293          	addi	t0,t0,-808 # 0x80100004
80002334:	0002a303          	lw	t1,0(t0)
80002338:	00130313          	addi	t1,t1,1
8000233c:	0062a023          	sw	t1,0(t0)
80002340:	00008067          	jalr	zero,0(ra)
80002344:	fff00293          	addi	t0,zero,-1
80002348:	41f2d313          	srai	t1,t0,0x1f
8000234c:	fff00393          	addi	t2,zero,-1
80002350:	02731663          	bne	t1,t2,0x8000237c
80002354:	800002b7          	lui	t0,0x80000
80002358:	41f2d313          	srai	t1,t0,0x1f
8000235c:	fff00393          	addi	t2,zero,-1
80002360:	00731e63          	bne	t1,t2,0x8000237c
80002364:	000fe297          	auipc	t0,0xfe
80002368:	c9c28293          	addi	t0,t0,-868 # 0x80100000
8000236c:	0002a303          	lw	t1,0(t0)
80002370:	00130313          	addi	t1,t1,1
80002374:	0062a023          	sw	t1,0(t0)
80002378:	00008067          	jalr	zero,0(ra)
8000237c:	000fe297          	auipc	t0,0xfe
80002380:	c8828293          	addi	t0,t0,-888 # 0x80100004
80002384:	0002a303          	lw	t1,0(t0)
80002388:	00130313          	addi	t1,t1,1
8000238c:	0062a023          	sw	t1,0(t0)
80002390:	00008067          	jalr	zero,0(ra)
80002394:	123452b7          	lui	t0,0x12345
80002398:	12345337          	lui	t1,0x12345
8000239c:	00629e63          	bne	t0,t1,0x800023b8
800023a0:	000fe297          	auipc	t0,0xfe
800023a4:	c6028293          	addi	t0,t0,-928 # 0x80100000
800023a8:	0002a303          	lw	t1,0(t0)
800023ac:	00130313          	addi	t1,t1,1 # 0x12345001
800023b0:	0062a023          	sw	t1,0(t0)
800023b4:	00008067          	jalr	zero,0(ra)
800023b8:	000fe297          	auipc	t0,0xfe
800023bc:	c4c28293          	addi	t0,t0,-948 # 0x80100004
800023c0:	0002a303          	lw	t1,0(t0)
800023c4:	00130313          	addi	t1,t1,1
800023c8:	0062a023          	sw	t1,0(t0)
800023cc:	00008067          	jalr	zero,0(ra)
800023d0:	00000297          	auipc	t0,0x0
800023d4:	00028293          	addi	t0,t0,0 # 0x800023d0
800023d8:	00000013          	addi	zero,zero,0
800023dc:	00000013          	addi	zero,zero,0
800023e0:	00000317          	auipc	t1,0x0
800023e4:	ff030313          	addi	t1,t1,-16 # 0x800023d0
800023e8:	00629e63          	bne	t0,t1,0x80002404
800023ec:	000fe297          	auipc	t0,0xfe
800023f0:	c1428293          	addi	t0,t0,-1004 # 0x80100000
800023f4:	0002a303          	lw	t1,0(t0)
800023f8:	00130313          	addi	t1,t1,1
800023fc:	0062a023          	sw	t1,0(t0)
80002400:	00008067          	jalr	zero,0(ra)
80002404:	000fe297          	auipc	t0,0xfe
80002408:	c0028293          	addi	t0,t0,-1024 # 0x80100004
8000240c:	0002a303          	lw	t1,0(t0)
80002410:	00130313          	addi	t1,t1,1
80002414:	0062a023          	sw	t1,0(t0)
80002418:	00008067          	jalr	zero,0(ra)
8000241c:	123452b7          	lui	t0,0x12345
80002420:	68828293          	addi	t0,t0,1672 # 0x12345688
80002424:	000fe317          	auipc	t1,0xfe
80002428:	be430313          	addi	t1,t1,-1052 # 0x80100008
8000242c:	00532023          	sw	t0,0(t1)
80002430:	00032383          	lw	t2,0(t1)
80002434:	12345e37          	lui	t3,0x12345
80002438:	688e0e13          	addi	t3,t3,1672 # 0x12345688
8000243c:	01c39e63          	bne	t2,t3,0x80002458
80002440:	000fe297          	auipc	t0,0xfe
80002444:	bc028293          	addi	t0,t0,-1088 # 0x80100000
80002448:	0002a303          	lw	t1,0(t0)
8000244c:	00130313          	addi	t1,t1,1
80002450:	0062a023          	sw	t1,0(t0)
80002454:	00008067          	jalr	zero,0(ra)
80002458:	000fe297          	auipc	t0,0xfe
8000245c:	bac28293          	addi	t0,t0,-1108 # 0x80100004
80002460:	0002a303          	lw	t1,0(t0)
80002464:	00130313          	addi	t1,t1,1
80002468:	0062a023          	sw	t1,0(t0)
8000246c:	00008067          	jalr	zero,0(ra)
80002470:	00008413          	addi	s0,ra,0
80002474:	010000ef          	jal	ra,0x80002484
80002478:	00000297          	auipc	t0,0x0
8000247c:	00509863          	bne	ra,t0,0x8000248c
80002480:	0280006f          	jal	zero,0x800024a8
80002484:	00400313          	addi	t1,zero,4
80002488:	00008067          	jalr	zero,0(ra)
8000248c:	000fe297          	auipc	t0,0xfe
80002490:	b7828293          	addi	t0,t0,-1160 # 0x80100004
80002494:	0002a303          	lw	t1,0(t0)
80002498:	00130313          	addi	t1,t1,1
8000249c:	0062a023          	sw	t1,0(t0)
800024a0:	00040093          	addi	ra,s0,0
800024a4:	00008067          	jalr	zero,0(ra)
800024a8:	000fe297          	auipc	t0,0xfe
800024ac:	b5828293          	addi	t0,t0,-1192 # 0x80100000
800024b0:	0002a303          	lw	t1,0(t0)
800024b4:	00130313          	addi	t1,t1,1
800024b8:	0062a023          	sw	t1,0(t0)
800024bc:	00040093          	addi	ra,s0,0
800024c0:	00008067          	jalr	zero,0(ra)
800024c4:	000fe297          	auipc	t0,0xfe
800024c8:	b4428293          	addi	t0,t0,-1212 # 0x80100008
800024cc:	00228303          	lb	t1,2(t0)
800024d0:	03400393          	addi	t2,zero,52
800024d4:	02731463          	bne	t1,t2,0x800024fc
800024d8:	00028303          	lb	t1,0(t0)
800024dc:	f8800393          	addi	t2,zero,-120
800024e0:	00731e63          	bne	t1,t2,0x800024fc
800024e4:	000fe297          	auipc	t0,0xfe
800024e8:	b1c28293          	addi	t0,t0,-1252 # 0x80100000
800024ec:	0002a303          	lw	t1,0(t0)
800024f0:	00130313          	addi	t1,t1,1
800024f4:	0062a023          	sw	t1,0(t0)
800024f8:	00008067          	jalr	zero,0(ra)
800024fc:	000fe297          	auipc	t0,0xfe
80002500:	b0828293          	addi	t0,t0,-1272 # 0x80100004
80002504:	0002a303          	lw	t1,0(t0)
80002508:	00130313          	addi	t1,t1,1
8000250c:	0062a023          	sw	t1,0(t0)
80002510:	00008067          	jalr	zero,0(ra)
80002514:	000fe297          	auipc	t0,0xfe
80002518:	af428293          	addi	t0,t0,-1292 # 0x80100008
8000251c:	00429303          	lh	t1,4(t0)
80002520:	ffffb3b7          	lui	t2,0xffffb
80002524:	bcd38393          	addi	t2,t2,-1075 # 0xffffabcd
80002528:	02731663          	bne	t1,t2,0x80002554
8000252c:	00629303          	lh	t1,6(t0)
80002530:	000013b7          	lui	t2,0x1
80002534:	23438393          	addi	t2,t2,564 # 0x1234
80002538:	00731e63          	bne	t1,t2,0x80002554
8000253c:	000fe297          	auipc	t0,0xfe
80002540:	ac428293          	addi	t0,t0,-1340 # 0x80100000
80002544:	0002a303          	lw	t1,0(t0)
80002548:	00130313          	addi	t1,t1,1
8000254c:	0062a023          	sw	t1,0(t0)
80002550:	00008067          	jalr	zero,0(ra)
80002554:	000fe297          	auipc	t0,0xfe
80002558:	ab028293          	addi	t0,t0,-1360 # 0x80100004
8000255c:	0002a303          	lw	t1,0(t0)
80002560:	00130313          	addi	t1,t1,1
80002564:	0062a023          	sw	t1,0(t0)
80002568:	00008067          	jalr	zero,0(ra)
8000256c:	000fe297          	auipc	t0,0xfe
80002570:	a9c28293          	addi	t0,t0,-1380 # 0x80100008
80002574:	0082a303          	lw	t1,8(t0)
80002578:	556673b7          	lui	t2,0x55667
8000257c:	78838393          	addi	t2,t2,1928 # 0x55667788
80002580:	00731e63          	bne	t1,t2,0x8000259c
80002584:	000fe297          	auipc	t0,0xfe
80002588:	a7c28293          	addi	t0,t0,-1412 # 0x80100000
8000258c:	0002a303          	lw	t1,0(t0)
80002590:	00130313          	addi	t1,t1,1
80002594:	0062a023          	sw	t1,0(t0)
80002598:	00008067          	jalr	zero,0(ra)
8000259c:	000fe297          	auipc	t0,0xfe
800025a0:	a6828293          	addi	t0,t0,-1432 # 0x80100004
800025a4:	0002a303          	lw	t1,0(t0)
800025a8:	00130313          	addi	t1,t1,1
800025ac:	0062a023          	sw	t1,0(t0)
800025b0:	00008067          	jalr	zero,0(ra)
800025b4:	000fe297          	auipc	t0,0xfe
800025b8:	a5428293          	addi	t0,t0,-1452 # 0x80100008
800025bc:	07f00313          	addi	t1,zero,127
800025c0:	00628623          	sb	t1,12(t0)
800025c4:	00c28383          	lb	t2,12(t0)
800025c8:	07f00e13          	addi	t3,zero,127
800025cc:	05c39c63          	bne	t2,t3,0x80002624
800025d0:	07f00313          	addi	t1,zero,127
800025d4:	006286a3          	sb	t1,13(t0)
800025d8:	00d28383          	lb	t2,13(t0)
800025dc:	07f00e13          	addi	t3,zero,127
800025e0:	05c39263          	bne	t2,t3,0x80002624
800025e4:	07f00313          	addi	t1,zero,127
800025e8:	00628723          	sb	t1,14(t0)
800025ec:	00e28383          	lb	t2,14(t0)
800025f0:	07f00e13          	addi	t3,zero,127
800025f4:	03c39863          	bne	t2,t3,0x80002624
800025f8:	07f00313          	addi	t1,zero,127
800025fc:	006287a3          	sb	t1,15(t0)
80002600:	00f28383          	lb	t2,15(t0)
80002604:	07f00e13          	addi	t3,zero,127
80002608:	01c39e63          	bne	t2,t3,0x80002624
8000260c:	000fe297          	auipc	t0,0xfe
80002610:	9f428293          	addi	t0,t0,-1548 # 0x80100000
80002614:	0002a303          	lw	t1,0(t0)
80002618:	00130313          	addi	t1,t1,1
8000261c:	0062a023          	sw	t1,0(t0)
80002620:	00008067          	jalr	zero,0(ra)
80002624:	000fe297          	auipc	t0,0xfe
80002628:	9e028293          	addi	t0,t0,-1568 # 0x80100004
8000262c:	0002a303          	lw	t1,0(t0)
80002630:	00130313          	addi	t1,t1,1
80002634:	0062a023          	sw	t1,0(t0)
80002638:	00008067          	jalr	zero,0(ra)
8000263c:	000fe297          	auipc	t0,0xfe
80002640:	9cc28293          	addi	t0,t0,-1588 # 0x80100008
80002644:	00008337          	lui	t1,0x8
80002648:	00130313          	addi	t1,t1,1 # 0x8001
8000264c:	00629823          	sh	t1,16(t0)
80002650:	01029383          	lh	t2,16(t0)
80002654:	ffff8e37          	lui	t3,0xffff8
80002658:	001e0e13          	addi	t3,t3,1 # 0xffff8001
8000265c:	03c39a63          	bne	t2,t3,0x80002690
80002660:	10100313          	addi	t1,zero,257
80002664:	00629923          	sh	t1,18(t0)
80002668:	0102a383          	lw	t2,16(t0)
8000266c:	01018e37          	lui	t3,0x1018
80002670:	001e0e13          	addi	t3,t3,1 # 0x1018001
80002674:	01c39e63          	bne	t2,t3,0x80002690
80002678:	000fe297          	auipc	t0,0xfe
8000267c:	98828293          	addi	t0,t0,-1656 # 0x80100000
80002680:	0002a303          	lw	t1,0(t0)
80002684:	00130313          	addi	t1,t1,1
80002688:	0062a023          	sw	t1,0(t0)
8000268c:	00008067          	jalr	zero,0(ra)
80002690:	000fe297          	auipc	t0,0xfe
80002694:	97428293          	addi	t0,t0,-1676 # 0x80100004
80002698:	0002a303          	lw	t1,0(t0)
8000269c:	00130313          	addi	t1,t1,1
800026a0:	0062a023          	sw	t1,0(t0)
800026a4:	00008067          	jalr	zero,0(ra)
800026a8:	000fe297          	auipc	t0,0xfe
800026ac:	96028293          	addi	t0,t0,-1696 # 0x80100008
800026b0:	0142c303          	lbu	t1,20(t0)
800026b4:	0ff00393          	addi	t2,zero,255
800026b8:	02731463          	bne	t1,t2,0x800026e0
800026bc:	0152c303          	lbu	t1,21(t0)
800026c0:	00000393          	addi	t2,zero,0
800026c4:	00731e63          	bne	t1,t2,0x800026e0
800026c8:	000fe297          	auipc	t0,0xfe
800026cc:	93828293          	addi	t0,t0,-1736 # 0x80100000
800026d0:	0002a303          	lw	t1,0(t0)
800026d4:	00130313          	addi	t1,t1,1
800026d8:	0062a023          	sw	t1,0(t0)
800026dc:	00008067          	jalr	zero,0(ra)
800026e0:	000fe297          	auipc	t0,0xfe
800026e4:	92428293          	addi	t0,t0,-1756 # 0x80100004
800026e8:	0002a303          	lw	t1,0(t0)
800026ec:	00130313          	addi	t1,t1,1
800026f0:	0062a023          	sw	t1,0(t0)
800026f4:	00008067          	jalr	zero,0(ra)
800026f8:	000fe297          	auipc	t0,0xfe
800026fc:	91028293          	addi	t0,t0,-1776 # 0x80100008
80002700:	0142d303          	lhu	t1,20(t0)
80002704:	0ff00393          	addi	t2,zero,255
80002708:	02731663          	bne	t1,t2,0x80002734
8000270c:	0162d303          	lhu	t1,22(t0)
80002710:	000103b7          	lui	t2,0x10
80002714:	f0038393          	addi	t2,t2,-256 # 0xff00
80002718:	00731e63          	bne	t1,t2,0x80002734
8000271c:	000fe297          	auipc	t0,0xfe
80002720:	8e428293          	addi	t0,t0,-1820 # 0x80100000
80002724:	0002a303          	lw	t1,0(t0)
80002728:	00130313          	addi	t1,t1,1
8000272c:	0062a023          	sw	t1,0(t0)
80002730:	00008067          	jalr	zero,0(ra)
80002734:	000fe297          	auipc	t0,0xfe
80002738:	8d028293          	addi	t0,t0,-1840 # 0x80100004
8000273c:	0002a303          	lw	t1,0(t0)
80002740:	00130313          	addi	t1,t1,1
80002744:	0062a023          	sw	t1,0(t0)
80002748:	00008067          	jalr	zero,0(ra)
8000274c:	00500293          	addi	t0,zero,5
80002750:	00500313          	addi	t1,zero,5
80002754:	00628463          	beq	t0,t1,0x8000275c
80002758:	0280006f          	jal	zero,0x80002780
8000275c:	00100293          	addi	t0,zero,1
80002760:	00200313          	addi	t1,zero,2
80002764:	00628e63          	beq	t0,t1,0x80002780
80002768:	000fe297          	auipc	t0,0xfe
8000276c:	89828293          	addi	t0,t0,-1896 # 0x80100000
80002770:	0002a303          	lw	t1,0(t0)
80002774:	00130313          	addi	t1,t1,1
80002778:	0062a023          	sw	t1,0(t0)
8000277c:	00008067          	jalr	zero,0(ra)
80002780:	000fe297          	auipc	t0,0xfe
80002784:	88428293          	addi	t0,t0,-1916 # 0x80100004
80002788:	0002a303          	lw	t1,0(t0)
8000278c:	00130313          	addi	t1,t1,1
80002790:	0062a023          	sw	t1,0(t0)
80002794:	00008067          	jalr	zero,0(ra)
80002798:	00100293          	addi	t0,zero,1
8000279c:	00200313          	addi	t1,zero,2
800027a0:	00629463          	bne	t0,t1,0x800027a8
800027a4:	0280006f          	jal	zero,0x800027cc
800027a8:	00500293          	addi	t0,zero,5
800027ac:	00500313          	addi	t1,zero,5
800027b0:	00629e63          	bne	t0,t1,0x800027cc
800027b4:	000fe297          	auipc	t0,0xfe
800027b8:	84c28293          	addi	t0,t0,-1972 # 0x80100000
800027bc:	0002a303          	lw	t1,0(t0)
800027c0:	00130313          	addi	t1,t1,1
800027c4:	0062a023          	sw	t1,0(t0)
800027c8:	00008067          	jalr	zero,0(ra)
800027cc:	000fe297          	auipc	t0,0xfe
800027d0:	83828293          	addi	t0,t0,-1992 # 0x80100004
800027d4:	0002a303          	lw	t1,0(t0)
800027d8:	00130313          	addi	t1,t1,1
800027dc:	0062a023          	sw	t1,0(t0)
800027e0:	00008067          	jalr	zero,0(ra)
800027e4:	fff00293          	addi	t0,zero,-1
800027e8:	00000313          	addi	t1,zero,0
800027ec:	0062c463          	blt	t0,t1,0x800027f4
800027f0:	0280006f          	jal	zero,0x80002818
800027f4:	00500293          	addi	t0,zero,5
800027f8:	00500313          	addi	t1,zero,5
800027fc:	0062ce63          	blt	t0,t1,0x80002818
80002800:	000fe297          	auipc	t0,0xfe
80002804:	80028293          	addi	t0,t0,-2048 # 0x80100000
80002808:	0002a303          	lw	t1,0(t0)
8000280c:	00130313          	addi	t1,t1,1
80002810:	0062a023          	sw	t1,0(t0)
80002814:	00008067          	jalr	zero,0(ra)
80002818:	000fd297          	auipc	t0,0xfd
8000281c:	7ec28293          	addi	t0,t0,2028 # 0x80100004
80002820:	0002a303          	lw	t1,0(t0)
80002824:	00130313          	addi	t1,t1,1
80002828:	0062a023          	sw	t1,0(t0)
8000282c:	00008067          	jalr	zero,0(ra)
80002830:	00100293          	addi	t0,zero,1
80002834:	fff00313          	addi	t1,zero,-1
80002838:	0062d463          	bge	t0,t1,0x80002840
8000283c:	0280006f          	jal	zero,0x80002864
80002840:	00100293          	addi	t0,zero,1
80002844:	00500313          	addi	t1,zero,5
80002848:	0062de63          	bge	t0,t1,0x80002864
8000284c:	000fd297          	auipc	t0,0xfd
80002850:	7b428293          	addi	t0,t0,1972 # 0x80100000
80002854:	0002a303          	lw	t1,0(t0)
80002858:	00130313          	addi	t1,t1,1
8000285c:	0062a023          	sw	t1,0(t0)
80002860:	00008067          	jalr	zero,0(ra)
80002864:	000fd297          	auipc	t0,0xfd
80002868:	7a028293          	addi	t0,t0,1952 # 0x80100004
8000286c:	0002a303          	lw	t1,0(t0)
80002870:	00130313          	addi	t1,t1,1
80002874:	0062a023          	sw	t1,0(t0)
80002878:	00008067          	jalr	zero,0(ra)
8000287c:	fff00293          	addi	t0,zero,-1
80002880:	00500313          	addi	t1,zero,5
80002884:	00536463          	bltu	t1,t0,0x8000288c
80002888:	0280006f          	jal	zero,0x800028b0
8000288c:	00500293          	addi	t0,zero,5
80002890:	00500313          	addi	t1,zero,5
80002894:	0062ee63          	bltu	t0,t1,0x800028b0
80002898:	000fd297          	auipc	t0,0xfd
8000289c:	76828293          	addi	t0,t0,1896 # 0x80100000
800028a0:	0002a303          	lw	t1,0(t0)
800028a4:	00130313          	addi	t1,t1,1
800028a8:	0062a023          	sw	t1,0(t0)
800028ac:	00008067          	jalr	zero,0(ra)
800028b0:	000fd297          	auipc	t0,0xfd
800028b4:	75428293          	addi	t0,t0,1876 # 0x80100004
800028b8:	0002a303          	lw	t1,0(t0)
800028bc:	00130313          	addi	t1,t1,1
800028c0:	0062a023          	sw	t1,0(t0)
800028c4:	00008067          	jalr	zero,0(ra)
800028c8:	00500293          	addi	t0,zero,5
800028cc:	fff00313          	addi	t1,zero,-1
800028d0:	00537c63          	bgeu	t1,t0,0x800028e8
800028d4:	02c0006f          	jal	zero,0x80002900
800028d8:	00500293          	addi	t0,zero,5
800028dc:	00500313          	addi	t1,zero,5
800028e0:	0062f463          	bgeu	t0,t1,0x800028e8
800028e4:	01c0006f          	jal	zero,0x80002900
800028e8:	000fd297          	auipc	t0,0xfd
800028ec:	71828293          	addi	t0,t0,1816 # 0x80100000
800028f0:	0002a303          	lw	t1,0(t0)
800028f4:	00130313          	addi	t1,t1,1
800028f8:	0062a023          	sw	t1,0(t0)
800028fc:	00008067          	jalr	zero,0(ra)
80002900:	000fd297          	auipc	t0,0xfd
80002904:	70428293          	addi	t0,t0,1796 # 0x80100004
80002908:	0002a303          	lw	t1,0(t0)
8000290c:	00130313          	addi	t1,t1,1
80002910:	0062a023          	sw	t1,0(t0)
80002914:	00008067          	jalr	zero,0(ra)
80002918:	00008413          	addi	s0,ra,0
8000291c:	00000297          	auipc	t0,0x0
80002920:	02028293          	addi	t0,t0,32 # 0x8000293c
80002924:	000280e7          	jalr	ra,0(t0)
80002928:	00000e17          	auipc	t3,0x0
8000292c:	00800313          	addi	t1,zero,8
80002930:	00639a63          	bne	t2,t1,0x80002944
80002934:	01c09863          	bne	ra,t3,0x80002944
80002938:	0280006f          	jal	zero,0x80002960
8000293c:	00800393          	addi	t2,zero,8
80002940:	00008067          	jalr	zero,0(ra)
80002944:	000fd297          	auipc	t0,0xfd
80002948:	6c028293          	addi	t0,t0,1728 # 0x80100004
8000294c:	0002a303          	lw	t1,0(t0)
80002950:	00130313          	addi	t1,t1,1
80002954:	0062a023          	sw	t1,0(t0)
80002958:	00040093          	addi	ra,s0,0
8000295c:	00008067          	jalr	zero,0(ra)
80002960:	000fd297          	auipc	t0,0xfd
80002964:	6a028293          	addi	t0,t0,1696 # 0x80100000
80002968:	0002a303          	lw	t1,0(t0)
8000296c:	00130313          	addi	t1,t1,1
80002970:	0062a023          	sw	t1,0(t0)
80002974:	00040093          	addi	ra,s0,0
80002978:	00008067          	jalr	zero,0(ra)
8000297c:	ff010113          	addi	sp,sp,-16
80002980:	00112623          	sw	ra,12(sp)
80002984:	02c000ef          	jal	ra,0x800029b0
80002988:	0b0000ef          	jal	ra,0x80002a38
8000298c:	134000ef          	jal	ra,0x80002ac0
80002990:	1bc000ef          	jal	ra,0x80002b4c
80002994:	244000ef          	jal	ra,0x80002bd8
80002998:	2c4000ef          	jal	ra,0x80002c5c
8000299c:	348000ef          	jal	ra,0x80002ce4
800029a0:	3c8000ef          	jal	ra,0x80002d68
800029a4:	00c12083          	lw	ra,12(sp)
800029a8:	01010113          	addi	sp,sp,16
800029ac:	00008067          	jalr	zero,0(ra)
800029b0:	00000293          	addi	t0,zero,0
800029b4:	12345337          	lui	t1,0x12345
800029b8:	67830313          	addi	t1,t1,1656 # 0x12345678
800029bc:	026283b3          	mul	t2,t0,t1
800029c0:	06039063          	bne	t2,zero,0x80002a20
800029c4:	fff00293          	addi	t0,zero,-1
800029c8:	fff00313          	addi	t1,zero,-1
800029cc:	026283b3          	mul	t2,t0,t1
800029d0:	00100e13          	addi	t3,zero,1
800029d4:	05c39663          	bne	t2,t3,0x80002a20
800029d8:	800002b7          	lui	t0,0x80000
800029dc:	00200313          	addi	t1,zero,2
800029e0:	026283b3          	mul	t2,t0,t1
800029e4:	02039e63          	bne	t2,zero,0x80002a20
800029e8:	123452b7          	lui	t0,0x12345
800029ec:	67828293          	addi	t0,t0,1656 # 0x12345678
800029f0:	11111337          	lui	t1,0x11111
800029f4:	11130313          	addi	t1,t1,273 # 0x11111111
800029f8:	026283b3          	mul	t2,t0,t1
800029fc:	652fbe37          	lui	t3,0x652fb
80002a00:	5f8e0e13          	addi	t3,t3,1528 # 0x652fb5f8
80002a04:	01c39e63          	bne	t2,t3,0x80002a20
80002a08:	000fd297          	auipc	t0,0xfd
80002a0c:	62828293          	addi	t0,t0,1576 # 0x80100030
80002a10:	0002a303          	lw	t1,0(t0)
80002a14:	00130313          	addi	t1,t1,1
80002a18:	0062a023          	sw	t1,0(t0)
80002a1c:	00008067          	jalr	zero,0(ra)
80002a20:	000fd297          	auipc	t0,0xfd
80002a24:	61428293          	addi	t0,t0,1556 # 0x80100034
80002a28:	0002a303          	lw	t1,0(t0)
80002a2c:	00130313          	addi	t1,t1,1
80002a30:	0062a023          	sw	t1,0(t0)
80002a34:	00008067          	jalr	zero,0(ra)
80002a38:	123452b7          	lui	t0,0x12345
80002a3c:	67828293          	addi	t0,t0,1656 # 0x12345678
80002a40:	11111337          	lui	t1,0x11111
80002a44:	11130313          	addi	t1,t1,273 # 0x11111111
80002a48:	026293b3          	mulh	t2,t0,t1
80002a4c:	0136be37          	lui	t3,0x136b
80002a50:	06ee0e13          	addi	t3,t3,110 # 0x136b06e
80002a54:	05c39a63          	bne	t2,t3,0x80002aa8
80002a58:	fff00293          	addi	t0,zero,-1
80002a5c:	fff00313          	addi	t1,zero,-1
80002a60:	026293b3          	mulh	t2,t0,t1
80002a64:	04039263          	bne	t2,zero,0x80002aa8
80002a68:	800002b7          	lui	t0,0x80000
80002a6c:	00200313          	addi	t1,zero,2
80002a70:	026293b3          	mulh	t2,t0,t1
80002a74:	fff00e13          	addi	t3,zero,-1
80002a78:	03c39863          	bne	t2,t3,0x80002aa8
80002a7c:	800002b7          	lui	t0,0x80000
80002a80:	80000337          	lui	t1,0x80000
80002a84:	026293b3          	mulh	t2,t0,t1
80002a88:	40000e37          	lui	t3,0x40000
80002a8c:	01c39e63          	bne	t2,t3,0x80002aa8
80002a90:	000fd297          	auipc	t0,0xfd
80002a94:	5a028293          	addi	t0,t0,1440 # 0x80100030
80002a98:	0002a303          	lw	t1,0(t0)
80002a9c:	00130313          	addi	t1,t1,1 # 0x80000001
80002aa0:	0062a023          	sw	t1,0(t0)
80002aa4:	00008067          	jalr	zero,0(ra)
80002aa8:	000fd297          	auipc	t0,0xfd
80002aac:	58c28293          	addi	t0,t0,1420 # 0x80100034
80002ab0:	0002a303          	lw	t1,0(t0)
80002ab4:	00130313          	addi	t1,t1,1
80002ab8:	0062a023          	sw	t1,0(t0)
80002abc:	00008067          	jalr	zero,0(ra)
80002ac0:	123452b7          	lui	t0,0x12345
80002ac4:	67828293          	addi	t0,t0,1656 # 0x12345678
80002ac8:	11111337          	lui	t1,0x11111
80002acc:	11130313          	addi	t1,t1,273 # 0x11111111
80002ad0:	0262a3b3          	mulhsu	t2,t0,t1
80002ad4:	0136be37          	lui	t3,0x136b
80002ad8:	06ee0e13          	addi	t3,t3,110 # 0x136b06e
80002adc:	05c39c63          	bne	t2,t3,0x80002b34
80002ae0:	fff00293          	addi	t0,zero,-1
80002ae4:	fff00313          	addi	t1,zero,-1
80002ae8:	0262a3b3          	mulhsu	t2,t0,t1
80002aec:	fff00e13          	addi	t3,zero,-1
80002af0:	05c39263          	bne	t2,t3,0x80002b34
80002af4:	800002b7          	lui	t0,0x80000
80002af8:	00200313          	addi	t1,zero,2
80002afc:	0262a3b3          	mulhsu	t2,t0,t1
80002b00:	fff00e13          	addi	t3,zero,-1
80002b04:	03c39863          	bne	t2,t3,0x80002b34
80002b08:	800002b7          	lui	t0,0x80000
80002b0c:	80000337          	lui	t1,0x80000
80002b10:	0262a3b3          	mulhsu	t2,t0,t1
80002b14:	c0000e37          	lui	t3,0xc0000
80002b18:	01c39e63          	bne	t2,t3,0x80002b34
80002b1c:	000fd297          	auipc	t0,0xfd
80002b20:	51428293          	addi	t0,t0,1300 # 0x80100030
80002b24:	0002a303          	lw	t1,0(t0)
80002b28:	00130313          	addi	t1,t1,1 # 0x80000001
80002b2c:	0062a023          	sw	t1,0(t0)
80002b30:	00008067          	jalr	zero,0(ra)
80002b34:	000fd297          	auipc	t0,0xfd
80002b38:	50028293          	addi	t0,t0,1280 # 0x80100034
80002b3c:	0002a303          	lw	t1,0(t0)
80002b40:	00130313          	addi	t1,t1,1
80002b44:	0062a023          	sw	t1,0(t0)
80002b48:	00008067          	jalr	zero,0(ra)
80002b4c:	123452b7          	lui	t0,0x12345
80002b50:	67828293          	addi	t0,t0,1656 # 0x12345678
80002b54:	11111337          	lui	t1,0x11111
80002b58:	11130313          	addi	t1,t1,273 # 0x11111111
80002b5c:	0262b3b3          	mulhu	t2,t0,t1
80002b60:	0136be37          	lui	t3,0x136b
80002b64:	06ee0e13          	addi	t3,t3,110 # 0x136b06e
80002b68:	05c39c63          	bne	t2,t3,0x80002bc0
80002b6c:	fff00293          	addi	t0,zero,-1
80002b70:	fff00313          	addi	t1,zero,-1
80002b74:	0262b3b3          	mulhu	t2,t0,t1
80002b78:	ffe00e13          	addi	t3,zero,-2
80002b7c:	05c39263          	bne	t2,t3,0x80002bc0
80002b80:	800002b7          	lui	t0,0x80000
80002b84:	00200313          	addi	t1,zero,2
80002b88:	0262b3b3          	mulhu	t2,t0,t1
80002b8c:	00100e13          	addi	t3,zero,1
80002b90:	03c39863          	bne	t2,t3,0x80002bc0
80002b94:	800002b7          	lui	t0,0x80000
80002b98:	80000337          	lui	t1,0x80000
80002b9c:	0262b3b3          	mulhu	t2,t0,t1
80002ba0:	40000e37          	lui	t3,0x40000
80002ba4:	01c39e63          	bne	t2,t3,0x80002bc0
80002ba8:	000fd297          	auipc	t0,0xfd
80002bac:	48828293          	addi	t0,t0,1160 # 0x80100030
80002bb0:	0002a303          	lw	t1,0(t0)
80002bb4:	00130313          	addi	t1,t1,1 # 0x80000001
80002bb8:	0062a023          	sw	t1,0(t0)
80002bbc:	00008067          	jalr	zero,0(ra)
80002bc0:	000fd297          	auipc	t0,0xfd
80002bc4:	47428293          	addi	t0,t0,1140 # 0x80100034
80002bc8:	0002a303          	lw	t1,0(t0)
80002bcc:	00130313          	addi	t1,t1,1
80002bd0:	0062a023          	sw	t1,0(t0)
80002bd4:	00008067          	jalr	zero,0(ra)
80002bd8:	00700293          	addi	t0,zero,7
80002bdc:	00300313          	addi	t1,zero,3
80002be0:	0262c3b3          	div	t2,t0,t1
80002be4:	00200e13          	addi	t3,zero,2
80002be8:	05c39e63          	bne	t2,t3,0x80002c44
80002bec:	ff900293          	addi	t0,zero,-7
80002bf0:	00300313          	addi	t1,zero,3
80002bf4:	0262c3b3          	div	t2,t0,t1
80002bf8:	ffe00e13          	addi	t3,zero,-2
80002bfc:	05c39463          	bne	t2,t3,0x80002c44
80002c00:	800002b7          	lui	t0,0x80000
80002c04:	fff00313          	addi	t1,zero,-1
80002c08:	0262c3b3          	div	t2,t0,t1
80002c0c:	80000e37          	lui	t3,0x80000
80002c10:	03c39a63          	bne	t2,t3,0x80002c44
80002c14:	00bc62b7          	lui	t0,0xbc6
80002c18:	14e28293          	addi	t0,t0,334 # 0xbc614e
80002c1c:	00000313          	addi	t1,zero,0
80002c20:	0262c3b3          	div	t2,t0,t1
80002c24:	fff00e13          	addi	t3,zero,-1
80002c28:	01c39e63          	bne	t2,t3,0x80002c44
80002c2c:	000fd297          	auipc	t0,0xfd
80002c30:	40428293          	addi	t0,t0,1028 # 0x80100030
80002c34:	0002a303          	lw	t1,0(t0)
80002c38:	00130313          	addi	t1,t1,1
80002c3c:	0062a023          	sw	t1,0(t0)
80002c40:	00008067          	jalr	zero,0(ra)
80002c44:	000fd297          	auipc	t0,0xfd
80002c48:	3f028293          	addi	t0,t0,1008 # 0x80100034
80002c4c:	0002a303          	lw	t1,0(t0)
80002c50:	00130313          	addi	t1,t1,1
80002c54:	0062a023          	sw	t1,0(t0)
80002c58:	00008067          	jalr	zero,0(ra)
80002c5c:	00700293          	addi	t0,zero,7
80002c60:	00300313          	addi	t1,zero,3
80002c64:	0262d3b3          	divu	t2,t0,t1
80002c68:	00200e13          	addi	t3,zero,2
80002c6c:	07c39063          	bne	t2,t3,0x80002ccc
80002c70:	fff00293          	addi	t0,zero,-1
80002c74:	00200313          	addi	t1,zero,2
80002c78:	0262d3b3          	divu	t2,t0,t1
80002c7c:	80000e37          	lui	t3,0x80000
80002c80:	fffe0e13          	addi	t3,t3,-1 # 0x7fffffff
80002c84:	05c39463          	bne	t2,t3,0x80002ccc
80002c88:	800002b7          	lui	t0,0x80000
80002c8c:	80000337          	lui	t1,0x80000
80002c90:	0262d3b3          	divu	t2,t0,t1
80002c94:	00100e13          	addi	t3,zero,1
80002c98:	03c39a63          	bne	t2,t3,0x80002ccc
80002c9c:	123452b7          	lui	t0,0x12345
80002ca0:	67828293          	addi	t0,t0,1656 # 0x12345678
80002ca4:	00000313          	addi	t1,zero,0
80002ca8:	0262d3b3          	divu	t2,t0,t1
80002cac:	fff00e13          	addi	t3,zero,-1
80002cb0:	01c39e63          	bne	t2,t3,0x80002ccc
80002cb4:	000fd297          	auipc	t0,0xfd
80002cb8:	37c28293          	addi	t0,t0,892 # 0x80100030
80002cbc:	0002a303          	lw	t1,0(t0)
80002cc0:	00130313          	addi	t1,t1,1 # 0x80000001
80002cc4:	0062a023          	sw	t1,0(t0)
80002cc8:	00008067          	jalr	zero,0(ra)
80002ccc:	000fd297          	auipc	t0,0xfd
80002cd0:	36828293          	addi	t0,t0,872 # 0x80100034
80002cd4:	0002a303          	lw	t1,0(t0)
80002cd8:	00130313          	addi	t1,t1,1
80002cdc:	0062a023          	sw	t1,0(t0)
80002ce0:	00008067          	jalr	zero,0(ra)
80002ce4:	00700293          	addi	t0,zero,7
80002ce8:	00300313          	addi	t1,zero,3
80002cec:	0262e3b3          	rem	t2,t0,t1
80002cf0:	00100e13          	addi	t3,zero,1
80002cf4:	05c39e63          	bne	t2,t3,0x80002d50
80002cf8:	ff900293          	addi	t0,zero,-7
80002cfc:	00300313          	addi	t1,zero,3
80002d00:	0262e3b3          	rem	t2,t0,t1
80002d04:	fff00e13          	addi	t3,zero,-1
80002d08:	05c39463          	bne	t2,t3,0x80002d50
80002d0c:	800002b7          	lui	t0,0x80000
80002d10:	fff00313          	addi	t1,zero,-1
80002d14:	0262e3b3          	rem	t2,t0,t1
80002d18:	02039c63          	bne	t2,zero,0x80002d50
80002d1c:	123452b7          	lui	t0,0x12345
80002d20:	67828293          	addi	t0,t0,1656 # 0x12345678
80002d24:	00000313          	addi	t1,zero,0
80002d28:	0262e3b3          	rem	t2,t0,t1
80002d2c:	12345e37          	lui	t3,0x12345
80002d30:	678e0e13          	addi	t3,t3,1656 # 0x12345678
80002d34:	01c39e63          	bne	t2,t3,0x80002d50
80002d38:	000fd297          	auipc	t0,0xfd
80002d3c:	2f828293          	addi	t0,t0,760 # 0x80100030
80002d40:	0002a303          	lw	t1,0(t0)
80002d44:	00130313          	addi	t1,t1,1
80002d48:	0062a023          	sw	t1,0(t0)
80002d4c:	00008067          	jalr	zero,0(ra)
80002d50:	000fd297          	auipc	t0,0xfd
80002d54:	2e428293          	addi	t0,t0,740 # 0x80100034
80002d58:	0002a303          	lw	t1,0(t0)
80002d5c:	00130313          	addi	t1,t1,1
80002d60:	0062a023          	sw	t1,0(t0)
80002d64:	00008067          	jalr	zero,0(ra)
80002d68:	00700293          	addi	t0,zero,7
80002d6c:	00300313          	addi	t1,zero,3
80002d70:	0262f3b3          	remu	t2,t0,t1
80002d74:	00100e13          	addi	t3,zero,1
80002d78:	07c39263          	bne	t2,t3,0x80002ddc
80002d7c:	fff00293          	addi	t0,zero,-1
80002d80:	00200313          	addi	t1,zero,2
80002d84:	0262f3b3          	remu	t2,t0,t1
80002d88:	00100e13          	addi	t3,zero,1
80002d8c:	05c39863          	bne	t2,t3,0x80002ddc
80002d90:	800002b7          	lui	t0,0x80000
80002d94:	00128293          	addi	t0,t0,1 # 0x80000001
80002d98:	80000337          	lui	t1,0x80000
80002d9c:	0262f3b3          	remu	t2,t0,t1
80002da0:	00100e13          	addi	t3,zero,1
80002da4:	03c39c63          	bne	t2,t3,0x80002ddc
80002da8:	876542b7          	lui	t0,0x87654
80002dac:	32128293          	addi	t0,t0,801 # 0x87654321
80002db0:	00000313          	addi	t1,zero,0
80002db4:	0262f3b3          	remu	t2,t0,t1
80002db8:	87654e37          	lui	t3,0x87654
80002dbc:	321e0e13          	addi	t3,t3,801 # 0x87654321
80002dc0:	01c39e63          	bne	t2,t3,0x80002ddc
80002dc4:	000fd297          	auipc	t0,0xfd
80002dc8:	26c28293          	addi	t0,t0,620 # 0x80100030
80002dcc:	0002a303          	lw	t1,0(t0)
80002dd0:	00130313          	addi	t1,t1,1 # 0x80000001
80002dd4:	0062a023          	sw	t1,0(t0)
80002dd8:	00008067          	jalr	zero,0(ra)
80002ddc:	000fd297          	auipc	t0,0xfd
80002de0:	25828293          	addi	t0,t0,600 # 0x80100034
80002de4:	0002a303          	lw	t1,0(t0)
80002de8:	00130313          	addi	t1,t1,1
80002dec:	0062a023          	sw	t1,0(t0)
80002df0:	00008067          	jalr	zero,0(ra)
80002df4:	ff010113          	addi	sp,sp,-16
80002df8:	00112623          	sw	ra,12(sp)
80002dfc:	0e0000ef          	jal	ra,0x80002edc
80002e00:	00c12083          	lw	ra,12(sp)
80002e04:	01010113          	addi	sp,sp,16
80002e08:	00008067          	jalr	zero,0(ra)
80002e0c:	00000293          	addi	t0,zero,0
80002e10:	60029313          	clz	t1,t0
80002e14:	02000393          	addi	t2,zero,32
80002e18:	04731c63          	bne	t1,t2,0x80002e70
80002e1c:	00100293          	addi	t0,zero,1
80002e20:	60029313          	clz	t1,t0
80002e24:	01f00393          	addi	t2,zero,31
80002e28:	04731463          	bne	t1,t2,0x80002e70
80002e2c:	800002b7          	lui	t0,0x80000
80002e30:	60029313          	clz	t1,t0
80002e34:	02031e63          	bne	t1,zero,0x80002e70
80002e38:	00f002b7          	lui	t0,0xf00
80002e3c:	60029313          	clz	t1,t0
80002e40:	00800393          	addi	t2,zero,8
80002e44:	02731663          	bne	t1,t2,0x80002e70
80002e48:	123452b7          	lui	t0,0x12345
80002e4c:	67828293          	addi	t0,t0,1656 # 0x12345678
80002e50:	60029313          	clz	t1,t0
80002e54:	00300393          	addi	t2,zero,3
80002e58:	00731c63          	bne	t1,t2,0x80002e70
80002e5c:	000fd297          	auipc	t0,0xfd
80002e60:	1dc28293          	addi	t0,t0,476 # 0x80100038
80002e64:	0002a303          	lw	t1,0(t0)
80002e68:	00130313          	addi	t1,t1,1
80002e6c:	0062a023          	sw	t1,0(t0)
80002e70:	00008067          	jalr	zero,0(ra)
80002e74:	00000293          	addi	t0,zero,0
80002e78:	60129313          	ctz	t1,t0
80002e7c:	02000393          	addi	t2,zero,32
80002e80:	04731c63          	bne	t1,t2,0x80002ed8
80002e84:	00100293          	addi	t0,zero,1
80002e88:	60129313          	ctz	t1,t0
80002e8c:	04031663          	bne	t1,zero,0x80002ed8
80002e90:	800002b7          	lui	t0,0x80000
80002e94:	60129313          	ctz	t1,t0
80002e98:	01f00393          	addi	t2,zero,31
80002e9c:	02731e63          	bne	t1,t2,0x80002ed8
80002ea0:	00f002b7          	lui	t0,0xf00
80002ea4:	60129313          	ctz	t1,t0
80002ea8:	01400393          	addi	t2,zero,20
80002eac:	02731663          	bne	t1,t2,0x80002ed8
80002eb0:	123452b7          	lui	t0,0x12345
80002eb4:	67828293          	addi	t0,t0,1656 # 0x12345678
80002eb8:	60129313          	ctz	t1,t0
80002ebc:	00300393          	addi	t2,zero,3
80002ec0:	00731c63          	bne	t1,t2,0x80002ed8
80002ec4:	000fd297          	auipc	t0,0xfd
80002ec8:	17428293          	addi	t0,t0,372 # 0x80100038
80002ecc:	0002a303          	lw	t1,0(t0)
80002ed0:	00130313          	addi	t1,t1,1
80002ed4:	0062a023          	sw	t1,0(t0)
80002ed8:	00008067          	jalr	zero,0(ra)
80002edc:	00000293          	addi	t0,zero,0
80002ee0:	60229313          	cpop	t1,t0
80002ee4:	04031e63          	bne	t1,zero,0x80002f40
80002ee8:	00100293          	addi	t0,zero,1
80002eec:	60229313          	cpop	t1,t0
80002ef0:	00100393          	addi	t2,zero,1
80002ef4:	04731663          	bne	t1,t2,0x80002f40
80002ef8:	800002b7          	lui	t0,0x80000
80002efc:	60229313          	cpop	t1,t0
80002f00:	00100393          	addi	t2,zero,1
80002f04:	02731e63          	bne	t1,t2,0x80002f40
80002f08:	fff00293          	addi	t0,zero,-1
80002f0c:	60229313          	cpop	t1,t0
80002f10:	02000393          	addi	t2,zero,32
80002f14:	02731663          	bne	t1,t2,0x80002f40
80002f18:	123452b7          	lui	t0,0x12345
80002f1c:	67828293          	addi	t0,t0,1656 # 0x12345678
80002f20:	60229313          	cpop	t1,t0
80002f24:	00d00393          	addi	t2,zero,13
80002f28:	00731c63          	bne	t1,t2,0x80002f40
80002f2c:	000fd297          	auipc	t0,0xfd
80002f30:	10c28293          	addi	t0,t0,268 # 0x80100038
80002f34:	0002a303          	lw	t1,0(t0)
80002f38:	00130313          	addi	t1,t1,1
80002f3c:	0062a023          	sw	t1,0(t0)
80002f40:	00008067          	jalr	zero,0(ra)
80002f44:	fff00293          	addi	t0,zero,-1
80002f48:	00100313          	addi	t1,zero,1
80002f4c:	0a6293b3          	clmul	t2,t0,t1
80002f50:	fff00e13          	addi	t3,zero,-1
80002f54:	09c39063          	bne	t2,t3,0x80002fd4
80002f58:	800002b7          	lui	t0,0x80000
80002f5c:	00200313          	addi	t1,zero,2
80002f60:	0a6293b3          	clmul	t2,t0,t1
80002f64:	06039863          	bne	t2,zero,0x80002fd4
80002f68:	123452b7          	lui	t0,0x12345
80002f6c:	67828293          	addi	t0,t0,1656 # 0x12345678
80002f70:	9abce337          	lui	t1,0x9abce
80002f74:	ef030313          	addi	t1,t1,-272 # 0x9abcdef0
80002f78:	0a6293b3          	clmul	t2,t0,t1
80002f7c:	5cd26e37          	lui	t3,0x5cd26
80002f80:	a80e0e13          	addi	t3,t3,-1408 # 0x5cd25a80
80002f84:	05c39863          	bne	t2,t3,0x80002fd4
80002f88:	f0f0f2b7          	lui	t0,0xf0f0f
80002f8c:	0f028293          	addi	t0,t0,240 # 0xf0f0f0f0
80002f90:	0f0f1337          	lui	t1,0xf0f1
80002f94:	f0f30313          	addi	t1,t1,-241 # 0xf0f0f0f
80002f98:	0a6293b3          	clmul	t2,t0,t1
80002f9c:	05500e37          	lui	t3,0x5500
80002fa0:	550e0e13          	addi	t3,t3,1360 # 0x5500550
80002fa4:	03c39863          	bne	t2,t3,0x80002fd4
80002fa8:	fff00293          	addi	t0,zero,-1
80002fac:	fff00313          	addi	t1,zero,-1
80002fb0:	0a6293b3          	clmul	t2,t0,t1
80002fb4:	55555e37          	lui	t3,0x55555
80002fb8:	555e0e13          	addi	t3,t3,1365 # 0x55555555
80002fbc:	01c39c63          	bne	t2,t3,0x80002fd4
80002fc0:	000fd297          	auipc	t0,0xfd
80002fc4:	07828293          	addi	t0,t0,120 # 0x80100038
80002fc8:	0002a303          	lw	t1,0(t0)
80002fcc:	00130313          	addi	t1,t1,1
80002fd0:	0062a023          	sw	t1,0(t0)
80002fd4:	00008067          	jalr	zero,0(ra)
80002fd8:	00000293          	addi	t0,zero,0
80002fdc:	2872d313          	orc.b	t1,t0
80002fe0:	06031263          	bne	t1,zero,0x80003044
80002fe4:	00100293          	addi	t0,zero,1
80002fe8:	2872d313          	orc.b	t1,t0
80002fec:	0ff00393          	addi	t2,zero,255
80002ff0:	04731a63          	bne	t1,t2,0x80003044
80002ff4:	000102b7          	lui	t0,0x10
80002ff8:	2872d313          	orc.b	t1,t0
80002ffc:	00ff03b7          	lui	t2,0xff0
80003000:	04731263          	bne	t1,t2,0x80003044
80003004:	120032b7          	lui	t0,0x12003
80003008:	40028293          	addi	t0,t0,1024 # 0x12003400
8000300c:	2872d313          	orc.b	t1,t0
80003010:	ff0103b7          	lui	t2,0xff010
80003014:	f0038393          	addi	t2,t2,-256 # 0xff00ff00
80003018:	02731663          	bne	t1,t2,0x80003044
8000301c:	123452b7          	lui	t0,0x12345
80003020:	67828293          	addi	t0,t0,1656 # 0x12345678
80003024:	2872d313          	orc.b	t1,t0
80003028:	fff00393          	addi	t2,zero,-1
8000302c:	00731c63          	bne	t1,t2,0x80003044
80003030:	000fd297          	auipc	t0,0xfd
80003034:	00828293          	addi	t0,t0,8 # 0x80100038
80003038:	0002a303          	lw	t1,0(t0)
8000303c:	00130313          	addi	t1,t1,1
80003040:	0062a023          	sw	t1,0(t0)
80003044:	00008067          	jalr	zero,0(ra)
80003048:	012342b7          	lui	t0,0x1234
8000304c:	56728293          	addi	t0,t0,1383 # 0x1234567
80003050:	01234337          	lui	t1,0x1234
80003054:	56730313          	addi	t1,t1,1383 # 0x1234567
80003058:	2862a3b3          	xperm.n	t2,t0,t1
8000305c:	76543e37          	lui	t3,0x76543
80003060:	210e0e13          	addi	t3,t3,528 # 0x76543210
80003064:	09c39663          	bne	t2,t3,0x800030f0
80003068:	89abd2b7          	lui	t0,0x89abd
8000306c:	def28293          	addi	t0,t0,-529 # 0x89abcdef
80003070:	76543337          	lui	t1,0x76543
80003074:	21030313          	addi	t1,t1,528 # 0x76543210
80003078:	2862a3b3          	xperm.n	t2,t0,t1
8000307c:	89abde37          	lui	t3,0x89abd
80003080:	defe0e13          	addi	t3,t3,-529 # 0x89abcdef
80003084:	07c39663          	bne	t2,t3,0x800030f0
80003088:	012342b7          	lui	t0,0x1234
8000308c:	56728293          	addi	t0,t0,1383 # 0x1234567
80003090:	fedcc337          	lui	t1,0xfedcc
80003094:	a9830313          	addi	t1,t1,-1384 # 0xfedcba98
80003098:	2862a3b3          	xperm.n	t2,t0,t1
8000309c:	04039a63          	bne	t2,zero,0x800030f0
800030a0:	deadc2b7          	lui	t0,0xdeadc
800030a4:	eef28293          	addi	t0,t0,-273 # 0xdeadbeef
800030a8:	00112337          	lui	t1,0x112
800030ac:	23330313          	addi	t1,t1,563 # 0x112233
800030b0:	2862a3b3          	xperm.n	t2,t0,t1
800030b4:	ffeefe37          	lui	t3,0xffeef
800030b8:	ebbe0e13          	addi	t3,t3,-325 # 0xffeeeebb
800030bc:	03c39a63          	bne	t2,t3,0x800030f0
800030c0:	012342b7          	lui	t0,0x1234
800030c4:	56728293          	addi	t0,t0,1383 # 0x1234567
800030c8:	00000313          	addi	t1,zero,0
800030cc:	2862a3b3          	xperm.n	t2,t0,t1
800030d0:	77777e37          	lui	t3,0x77777
800030d4:	777e0e13          	addi	t3,t3,1911 # 0x77777777
800030d8:	01c39c63          	bne	t2,t3,0x800030f0
800030dc:	000fd297          	auipc	t0,0xfd
800030e0:	f5c28293          	addi	t0,t0,-164 # 0x80100038
800030e4:	0002a303          	lw	t1,0(t0)
800030e8:	00130313          	addi	t1,t1,1
800030ec:	0062a023          	sw	t1,0(t0)
800030f0:	00008067          	jalr	zero,0(ra)
800030f4:	123452b7          	lui	t0,0x12345
800030f8:	67828293          	addi	t0,t0,1656 # 0x12345678
800030fc:	00400313          	addi	t1,zero,4
80003100:	6062d3b3          	ror	t2,t0,t1
80003104:	81234e37          	lui	t3,0x81234
80003108:	567e0e13          	addi	t3,t3,1383 # 0x81234567
8000310c:	09c39263          	bne	t2,t3,0x80003190
80003110:	123452b7          	lui	t0,0x12345
80003114:	67828293          	addi	t0,t0,1656 # 0x12345678
80003118:	00800313          	addi	t1,zero,8
8000311c:	6062d3b3          	ror	t2,t0,t1
80003120:	78123e37          	lui	t3,0x78123
80003124:	456e0e13          	addi	t3,t3,1110 # 0x78123456
80003128:	07c39463          	bne	t2,t3,0x80003190
8000312c:	89abd2b7          	lui	t0,0x89abd
80003130:	def28293          	addi	t0,t0,-529 # 0x89abcdef
80003134:	00000313          	addi	t1,zero,0
80003138:	6062d3b3          	ror	t2,t0,t1
8000313c:	89abde37          	lui	t3,0x89abd
80003140:	defe0e13          	addi	t3,t3,-529 # 0x89abcdef
80003144:	05c39663          	bne	t2,t3,0x80003190
80003148:	89abd2b7          	lui	t0,0x89abd
8000314c:	def28293          	addi	t0,t0,-529 # 0x89abcdef
80003150:	02000313          	addi	t1,zero,32
80003154:	6062d3b3          	ror	t2,t0,t1
80003158:	89abde37          	lui	t3,0x89abd
8000315c:	defe0e13          	addi	t3,t3,-529 # 0x89abcdef
80003160:	03c39863          	bne	t2,t3,0x80003190
80003164:	800002b7          	lui	t0,0x80000
80003168:	00128293          	addi	t0,t0,1 # 0x80000001
8000316c:	00100313          	addi	t1,zero,1
80003170:	6062d3b3          	ror	t2,t0,t1
80003174:	c0000e37          	lui	t3,0xc0000
80003178:	01c39c63          	bne	t2,t3,0x80003190
8000317c:	000fd297          	auipc	t0,0xfd
80003180:	ebc28293          	addi	t0,t0,-324 # 0x80100038
80003184:	0002a303          	lw	t1,0(t0)
80003188:	00130313          	addi	t1,t1,1
8000318c:	0062a023          	sw	t1,0(t0)
80003190:	00008067          	jalr	zero,0(ra)
80003194:	0000                	c.unimp
80003196:	0000                	c.unimp
80003198:	f7410113          	addi	sp,sp,-140
8000319c:	00112223          	sw	ra,4(sp)
800031a0:	00312623          	sw	gp,12(sp)
800031a4:	00412823          	sw	tp,16(sp)
800031a8:	00512a23          	sw	t0,20(sp)
800031ac:	00612c23          	sw	t1,24(sp)
800031b0:	00712e23          	sw	t2,28(sp)
800031b4:	02812023          	sw	s0,32(sp)
800031b8:	02912223          	sw	s1,36(sp)
800031bc:	02a12423          	sw	a0,40(sp)
800031c0:	02b12623          	sw	a1,44(sp)
800031c4:	02c12823          	sw	a2,48(sp)
800031c8:	02d12a23          	sw	a3,52(sp)
800031cc:	02e12c23          	sw	a4,56(sp)
800031d0:	02f12e23          	sw	a5,60(sp)
800031d4:	05012023          	sw	a6,64(sp)
800031d8:	05112223          	sw	a7,68(sp)
800031dc:	05212423          	sw	s2,72(sp)
800031e0:	05312623          	sw	s3,76(sp)
800031e4:	05412823          	sw	s4,80(sp)
800031e8:	05512a23          	sw	s5,84(sp)
800031ec:	05612c23          	sw	s6,88(sp)
800031f0:	05712e23          	sw	s7,92(sp)
800031f4:	07812023          	sw	s8,96(sp)
800031f8:	07912223          	sw	s9,100(sp)
800031fc:	07a12423          	sw	s10,104(sp)
80003200:	07b12623          	sw	s11,108(sp)
80003204:	07c12823          	sw	t3,112(sp)
80003208:	07d12a23          	sw	t4,116(sp)
8000320c:	07e12c23          	sw	t5,120(sp)
80003210:	07f12e23          	sw	t6,124(sp)
80003214:	342022f3          	csrrs	t0,mcause,zero
80003218:	30002373          	csrrs	t1,mstatus,zero
8000321c:	341023f3          	csrrs	t2,mepc,zero
80003220:	08512023          	sw	t0,128(sp)
80003224:	08612223          	sw	t1,132(sp)
80003228:	08712423          	sw	t2,136(sp)
8000322c:	00010513          	addi	a0,sp,0
80003230:	e14fe0ef          	jal	ra,0x80001844
80003234:	08412303          	lw	t1,132(sp)
80003238:	08812383          	lw	t2,136(sp)
8000323c:	30031073          	csrrw	zero,mstatus,t1
80003240:	34139073          	csrrw	zero,mepc,t2
80003244:	00412083          	lw	ra,4(sp)
80003248:	00c12183          	lw	gp,12(sp)
8000324c:	01012203          	lw	tp,16(sp)
80003250:	01412283          	lw	t0,20(sp)
80003254:	01812303          	lw	t1,24(sp)
80003258:	01c12383          	lw	t2,28(sp)
8000325c:	02012403          	lw	s0,32(sp)
80003260:	02412483          	lw	s1,36(sp)
80003264:	02812503          	lw	a0,40(sp)
80003268:	02c12583          	lw	a1,44(sp)
8000326c:	03012603          	lw	a2,48(sp)
80003270:	03412683          	lw	a3,52(sp)
80003274:	03812703          	lw	a4,56(sp)
80003278:	03c12783          	lw	a5,60(sp)
8000327c:	04012803          	lw	a6,64(sp)
80003280:	04412883          	lw	a7,68(sp)
80003284:	04812903          	lw	s2,72(sp)
80003288:	04c12983          	lw	s3,76(sp)
8000328c:	05012a03          	lw	s4,80(sp)
80003290:	05412a83          	lw	s5,84(sp)
80003294:	05812b03          	lw	s6,88(sp)
80003298:	05c12b83          	lw	s7,92(sp)
8000329c:	06012c03          	lw	s8,96(sp)
800032a0:	06412c83          	lw	s9,100(sp)
800032a4:	06812d03          	lw	s10,104(sp)
800032a8:	06c12d83          	lw	s11,108(sp)
800032ac:	07012e03          	lw	t3,112(sp)
800032b0:	07412e83          	lw	t4,116(sp)
800032b4:	07812f03          	lw	t5,120(sp)
800032b8:	07c12f83          	lw	t6,124(sp)
800032bc:	08c10113          	addi	sp,sp,140
800032c0:	30200073          	mret
800032c4:	00000013          	addi	zero,zero,0
