
/home/hw/superScalar/data/rtthread-tick/rtthread.elf:     file format elf32-littleriscv


Disassembly of section .text:

80000000 <_start>:
    .globl _start
    .type _start, @function
_start:
    .option push
    .option norelax
    la gp, __global_pointer$
80000000:	00101197          	auipc	gp,0x101
80000004:	80018193          	addi	gp,gp,-2048 # 80100800 <__global_pointer$>
    .option pop
    la sp, __stack_top
80000008:	00140117          	auipc	sp,0x140
8000000c:	ff810113          	addi	sp,sp,-8 # 80140000 <__rt_rvstack>

    la a0, __data_load_start
80000010:	00006517          	auipc	a0,0x6
80000014:	ac850513          	addi	a0,a0,-1336 # 80005ad8 <__rt_init_end>
    la a1, __data_start
80000018:	00100597          	auipc	a1,0x100
8000001c:	fe858593          	addi	a1,a1,-24 # 80100000 <_rt_thread_defunct>
    la a2, __data_end
80000020:	8fc18613          	addi	a2,gp,-1796 # 801000fc <__data_end>
1:  bgeu a1, a2, 2f
80000024:	00c5fc63          	bgeu	a1,a2,8000003c <_start+0x3c>
    lw t0, 0(a0)
80000028:	00052283          	lw	t0,0(a0)
    sw t0, 0(a1)
8000002c:	0055a023          	sw	t0,0(a1)
    addi a0, a0, 4
80000030:	00450513          	addi	a0,a0,4
    addi a1, a1, 4
80000034:	00458593          	addi	a1,a1,4
    j 1b
80000038:	fedff06f          	j	80000024 <_start+0x24>
2:  la a0, __bss_start
8000003c:	90018513          	addi	a0,gp,-1792 # 80100100 <rt_interrupt_from_thread>
    la a1, __bss_end
80000040:	e1818593          	addi	a1,gp,-488 # 80100618 <__bss_end>
3:  bgeu a0, a1, 4f
80000044:	00b57863          	bgeu	a0,a1,80000054 <_start+0x54>
    sw zero, 0(a0)
80000048:	00052023          	sw	zero,0(a0)
    addi a0, a0, 4
8000004c:	00450513          	addi	a0,a0,4
    j 3b
80000050:	ff5ff06f          	j	80000044 <_start+0x44>
4:  la t0, trap_entry
80000054:	00000297          	auipc	t0,0x0
80000058:	37028293          	addi	t0,t0,880 # 800003c4 <trap_entry>
    csrw mtvec, t0
8000005c:	30529073          	csrw	mtvec,t0
    call entry
80000060:	178000ef          	jal	ra,800001d8 <entry>
5:  j 5b
80000064:	0000006f          	j	80000064 <_start+0x64>

80000068 <SW_handler>:
    .align  2
#endif 
    .global SW_handler

SW_handler:
    csrci mstatus, 0x8
80000068:	30047073          	csrci	mstatus,8
    FSTORE  f30, 30 * FREGBYTES(sp)
    FSTORE  f31, 31 * FREGBYTES(sp)
#endif
    /* save all from thread context */
#ifndef __riscv_32e
    addi sp, sp, -32 * REGBYTES
8000006c:	f8010113          	addi	sp,sp,-128
#else
    addi sp, sp, -16 * REGBYTES
#endif
    STORE x5,   5 * REGBYTES(sp)
80000070:	00512a23          	sw	t0,20(sp)
    STORE x1,   1 * REGBYTES(sp)
80000074:	00112223          	sw	ra,4(sp)
    /* Mandatory set the MPIE of mstatus */
    li    t0,   0x80
80000078:	08000293          	li	t0,128
    STORE t0,   2 * REGBYTES(sp)
8000007c:	00512423          	sw	t0,8(sp)
    STORE x4,   4 * REGBYTES(sp)
80000080:	00412823          	sw	tp,16(sp)
    STORE x6,   6 * REGBYTES(sp)
80000084:	00612c23          	sw	t1,24(sp)
    STORE x7,   7 * REGBYTES(sp)
80000088:	00712e23          	sw	t2,28(sp)
    STORE x8,   8 * REGBYTES(sp)
8000008c:	02812023          	sw	s0,32(sp)
    STORE x9,   9 * REGBYTES(sp)
80000090:	02912223          	sw	s1,36(sp)
    STORE x10, 10 * REGBYTES(sp)
80000094:	02a12423          	sw	a0,40(sp)
    STORE x11, 11 * REGBYTES(sp)
80000098:	02b12623          	sw	a1,44(sp)
    STORE x12, 12 * REGBYTES(sp)
8000009c:	02c12823          	sw	a2,48(sp)
    STORE x13, 13 * REGBYTES(sp)
800000a0:	02d12a23          	sw	a3,52(sp)
    STORE x14, 14 * REGBYTES(sp)
800000a4:	02e12c23          	sw	a4,56(sp)
    STORE x15, 15 * REGBYTES(sp)
800000a8:	02f12e23          	sw	a5,60(sp)
#ifndef __riscv_32e
    STORE x16, 16 * REGBYTES(sp)
800000ac:	05012023          	sw	a6,64(sp)
    STORE x17, 17 * REGBYTES(sp)
800000b0:	05112223          	sw	a7,68(sp)
    STORE x18, 18 * REGBYTES(sp)
800000b4:	05212423          	sw	s2,72(sp)
    STORE x19, 19 * REGBYTES(sp)
800000b8:	05312623          	sw	s3,76(sp)
    STORE x20, 20 * REGBYTES(sp)
800000bc:	05412823          	sw	s4,80(sp)
    STORE x21, 21 * REGBYTES(sp)
800000c0:	05512a23          	sw	s5,84(sp)
    STORE x22, 22 * REGBYTES(sp)
800000c4:	05612c23          	sw	s6,88(sp)
    STORE x23, 23 * REGBYTES(sp)
800000c8:	05712e23          	sw	s7,92(sp)
    STORE x24, 24 * REGBYTES(sp)
800000cc:	07812023          	sw	s8,96(sp)
    STORE x25, 25 * REGBYTES(sp)
800000d0:	07912223          	sw	s9,100(sp)
    STORE x26, 26 * REGBYTES(sp)
800000d4:	07a12423          	sw	s10,104(sp)
    STORE x27, 27 * REGBYTES(sp)
800000d8:	07b12623          	sw	s11,108(sp)
    STORE x28, 28 * REGBYTES(sp)
800000dc:	07c12823          	sw	t3,112(sp)
    STORE x29, 29 * REGBYTES(sp)
800000e0:	07d12a23          	sw	t4,116(sp)
    STORE x30, 30 * REGBYTES(sp)
800000e4:	07e12c23          	sw	t5,120(sp)
    STORE x31, 31 * REGBYTES(sp)
800000e8:	07f12e23          	sw	t6,124(sp)
#endif
    /* switch to interrupt stack */
    csrrw sp,mscratch,sp
800000ec:	34011173          	csrrw	sp,mscratch,sp
    /* interrupt handle */
    call  rt_interrupt_enter
800000f0:	741010ef          	jal	ra,80002030 <rt_interrupt_enter>
    /* Do the work after saving the above */
    call  rt_hw_do_after_save_above
800000f4:	2ac000ef          	jal	ra,800003a0 <rt_hw_do_after_save_above>

    call  rt_interrupt_leave
800000f8:	77d010ef          	jal	ra,80002074 <rt_interrupt_leave>
    /* switch to from thread stack */
    csrrw sp,mscratch,sp
800000fc:	34011173          	csrrw	sp,mscratch,sp

    /* Check if we are in interrupt nesting, if so, skip task switching */
    la    t0, rt_interrupt_nest
80000100:	bf818293          	addi	t0,gp,-1032 # 801003f8 <rt_interrupt_nest>
    lw    t1, 0(t0)
80000104:	0002a303          	lw	t1,0(t0)
    li    t2, 1
80000108:	00100393          	li	t2,1
    bge   t1, t2, 1f
8000010c:	02735e63          	bge	t1,t2,80000148 <SW_handler+0xe0>

    /* Determine whether to trigger scheduling at the interrupt function */
    la    t0, rt_thread_switch_interrupt_flag
80000110:	90818293          	addi	t0,gp,-1784 # 80100108 <rt_thread_switch_interrupt_flag>
    lw    t2, 0(t0)
80000114:	0002a383          	lw	t2,0(t0)
    beqz  t2, 1f
80000118:	02038863          	beqz	t2,80000148 <SW_handler+0xe0>
    /* clear the flag of rt_thread_switch_interrupt_flag */
    sw    zero, 0(t0)
8000011c:	0002a023          	sw	zero,0(t0)

    csrr  a0, mepc
80000120:	34102573          	csrr	a0,mepc
    STORE a0, 0 * REGBYTES(sp)
80000124:	00a12023          	sw	a0,0(sp)

    la    t0, rt_interrupt_from_thread
80000128:	90018293          	addi	t0,gp,-1792 # 80100100 <rt_interrupt_from_thread>
    LOAD  t1, 0(t0)
8000012c:	0002a303          	lw	t1,0(t0)
    STORE sp, 0(t1)
80000130:	00232023          	sw	sp,0(t1)

    la    t0, rt_interrupt_to_thread
80000134:	90418293          	addi	t0,gp,-1788 # 80100104 <rt_interrupt_to_thread>
    LOAD  t1, 0(t0)
80000138:	0002a303          	lw	t1,0(t0)
    LOAD  sp, 0(t1)
8000013c:	00032103          	lw	sp,0(t1)

    LOAD  a0,  0 * REGBYTES(sp)
80000140:	00012503          	lw	a0,0(sp)
    csrw  mepc, a0
80000144:	34151073          	csrw	mepc,a0

1:
    LOAD  x1,   1 * REGBYTES(sp)
80000148:	00412083          	lw	ra,4(sp)

    /* Set the mode after MRET */
    li    t0, 0x1800
8000014c:	000022b7          	lui	t0,0x2
80000150:	80028293          	addi	t0,t0,-2048 # 1800 <_start-0x7fffe800>
    csrs  mstatus, t0
80000154:	3002a073          	csrs	mstatus,t0
    LOAD  t0,   2 * REGBYTES(sp)
80000158:	00812283          	lw	t0,8(sp)
    csrs  mstatus, t0
8000015c:	3002a073          	csrs	mstatus,t0

    LOAD  x4,   4 * REGBYTES(sp)
80000160:	01012203          	lw	tp,16(sp)
    LOAD  x5,   5 * REGBYTES(sp)
80000164:	01412283          	lw	t0,20(sp)
    LOAD  x6,   6 * REGBYTES(sp)
80000168:	01812303          	lw	t1,24(sp)
    LOAD  x7,   7 * REGBYTES(sp)
8000016c:	01c12383          	lw	t2,28(sp)
    LOAD  x8,   8 * REGBYTES(sp)
80000170:	02012403          	lw	s0,32(sp)
    LOAD  x9,   9 * REGBYTES(sp)
80000174:	02412483          	lw	s1,36(sp)
    LOAD  x10, 10 * REGBYTES(sp)
80000178:	02812503          	lw	a0,40(sp)
    LOAD  x11, 11 * REGBYTES(sp)
8000017c:	02c12583          	lw	a1,44(sp)
    LOAD  x12, 12 * REGBYTES(sp)
80000180:	03012603          	lw	a2,48(sp)
    LOAD  x13, 13 * REGBYTES(sp)
80000184:	03412683          	lw	a3,52(sp)
    LOAD  x14, 14 * REGBYTES(sp)
80000188:	03812703          	lw	a4,56(sp)
    LOAD  x15, 15 * REGBYTES(sp)
8000018c:	03c12783          	lw	a5,60(sp)
#ifndef __riscv_32e
    LOAD  x16, 16 * REGBYTES(sp)
80000190:	04012803          	lw	a6,64(sp)
    LOAD  x17, 17 * REGBYTES(sp)
80000194:	04412883          	lw	a7,68(sp)
    LOAD  x18, 18 * REGBYTES(sp)
80000198:	04812903          	lw	s2,72(sp)
    LOAD  x19, 19 * REGBYTES(sp)
8000019c:	04c12983          	lw	s3,76(sp)
    LOAD  x20, 20 * REGBYTES(sp)
800001a0:	05012a03          	lw	s4,80(sp)
    LOAD  x21, 21 * REGBYTES(sp)
800001a4:	05412a83          	lw	s5,84(sp)
    LOAD  x22, 22 * REGBYTES(sp)
800001a8:	05812b03          	lw	s6,88(sp)
    LOAD  x23, 23 * REGBYTES(sp)
800001ac:	05c12b83          	lw	s7,92(sp)
    LOAD  x24, 24 * REGBYTES(sp)
800001b0:	06012c03          	lw	s8,96(sp)
    LOAD  x25, 25 * REGBYTES(sp)
800001b4:	06412c83          	lw	s9,100(sp)
    LOAD  x26, 26 * REGBYTES(sp)
800001b8:	06812d03          	lw	s10,104(sp)
    LOAD  x27, 27 * REGBYTES(sp)
800001bc:	06c12d83          	lw	s11,108(sp)
    LOAD  x28, 28 * REGBYTES(sp)
800001c0:	07012e03          	lw	t3,112(sp)
    LOAD  x29, 29 * REGBYTES(sp)
800001c4:	07412e83          	lw	t4,116(sp)
    LOAD  x30, 30 * REGBYTES(sp)
800001c8:	07812f03          	lw	t5,120(sp)
    LOAD  x31, 31 * REGBYTES(sp)
800001cc:	07c12f83          	lw	t6,124(sp)

    addi  sp, sp, 32 * REGBYTES
800001d0:	08010113          	addi	sp,sp,128
    FLOAD   f30, 30 * FREGBYTES(sp)
    FLOAD   f31, 31 * FREGBYTES(sp)

    addi    sp, sp, 32 * FREGBYTES
#endif
    mret
800001d4:	30200073          	mret

800001d8 <entry>:
    return 0;
}
#elif defined(__GNUC__)
/* Add -eentry to arm-none-eabi-gcc argument */
int entry(void)
{
800001d8:	ff010113          	addi	sp,sp,-16
800001dc:	00112623          	sw	ra,12(sp)
    rtthread_startup();
800001e0:	070010ef          	jal	ra,80001250 <rtthread_startup>
    return 0;
}
800001e4:	00c12083          	lw	ra,12(sp)
800001e8:	00000513          	li	a0,0
800001ec:	01010113          	addi	sp,sp,16
800001f0:	00008067          	ret

800001f4 <rt_hw_interrupt_disable>:
/*
 * rt_base_t rt_hw_interrupt_disable(void);
 */
    .globl rt_hw_interrupt_disable
rt_hw_interrupt_disable:
    csrrci a0, mstatus, 8
800001f4:	30047573          	csrrci	a0,mstatus,8
    ret
800001f8:	00008067          	ret

800001fc <rt_hw_interrupt_enable>:
/*
 * void rt_hw_interrupt_enable(rt_base_t level);
 */
    .globl rt_hw_interrupt_enable
rt_hw_interrupt_enable:
    csrw mstatus, a0
800001fc:	30051073          	csrw	mstatus,a0
    ret
80000200:	00008067          	ret

80000204 <rt_hw_context_switch_to>:
 * a0 --> to
 * a1 --> to_thread
 */
    .globl rt_hw_context_switch_to
rt_hw_context_switch_to:
    la t0, __rt_rvstack
80000204:	00140297          	auipc	t0,0x140
80000208:	dfc28293          	addi	t0,t0,-516 # 80140000 <__rt_rvstack>
 * and there is no need to reserve 512 bytes. You only need to switch the interrupt stack at the
 * beginning of the interrupt function 
*/
    addi t0, t0, -512 // for ch32
#endif /* SOC_RISCV_FAMILY_CH32 */
    csrw mscratch,t0
8000020c:	34029073          	csrw	mscratch,t0

    LOAD sp, (a0)
80000210:	00052103          	lw	sp,0(a0)

#ifdef RT_USING_SMP
    mv   a0,   a1
    call  rt_cpus_lock_status_restore
#endif
    LOAD a0,   2 * REGBYTES(sp)
80000214:	00812503          	lw	a0,8(sp)
    csrw mstatus, a0
80000218:	30051073          	csrw	mstatus,a0
    j    rt_hw_context_switch_exit
8000021c:	0a00006f          	j	800002bc <rt_hw_context_switch_exit>

80000220 <rt_hw_context_switch>:
    FSTORE  f30, 30 * FREGBYTES(sp)
    FSTORE  f31, 31 * FREGBYTES(sp)

#endif
#ifndef __riscv_32e
    addi  sp,  sp, -32 * REGBYTES
80000220:	f8010113          	addi	sp,sp,-128
#else
    addi  sp,  sp, -16 * REGBYTES
#endif

    STORE sp,  (a0)
80000224:	00252023          	sw	sp,0(a0)

    STORE x1,   0 * REGBYTES(sp)
80000228:	00112023          	sw	ra,0(sp)
    STORE x1,   1 * REGBYTES(sp)
8000022c:	00112223          	sw	ra,4(sp)

    csrr a0, mstatus
80000230:	30002573          	csrr	a0,mstatus
    andi a0, a0, 8
80000234:	00857513          	andi	a0,a0,8
    beqz a0, save_mpie
80000238:	00050463          	beqz	a0,80000240 <save_mpie>
    li   a0, 0x80
8000023c:	08000513          	li	a0,128

80000240 <save_mpie>:
save_mpie:
    STORE a0,   2 * REGBYTES(sp)
80000240:	00a12423          	sw	a0,8(sp)

    STORE x4,   4 * REGBYTES(sp)
80000244:	00412823          	sw	tp,16(sp)
    STORE x5,   5 * REGBYTES(sp)
80000248:	00512a23          	sw	t0,20(sp)
    STORE x6,   6 * REGBYTES(sp)
8000024c:	00612c23          	sw	t1,24(sp)
    STORE x7,   7 * REGBYTES(sp)
80000250:	00712e23          	sw	t2,28(sp)
    STORE x8,   8 * REGBYTES(sp)
80000254:	02812023          	sw	s0,32(sp)
    STORE x9,   9 * REGBYTES(sp)
80000258:	02912223          	sw	s1,36(sp)
    STORE x10, 10 * REGBYTES(sp)
8000025c:	02a12423          	sw	a0,40(sp)
    STORE x11, 11 * REGBYTES(sp)
80000260:	02b12623          	sw	a1,44(sp)
    STORE x12, 12 * REGBYTES(sp)
80000264:	02c12823          	sw	a2,48(sp)
    STORE x13, 13 * REGBYTES(sp)
80000268:	02d12a23          	sw	a3,52(sp)
    STORE x14, 14 * REGBYTES(sp)
8000026c:	02e12c23          	sw	a4,56(sp)
    STORE x15, 15 * REGBYTES(sp)
80000270:	02f12e23          	sw	a5,60(sp)
#ifndef __riscv_32e
    STORE x16, 16 * REGBYTES(sp)
80000274:	05012023          	sw	a6,64(sp)
    STORE x17, 17 * REGBYTES(sp)
80000278:	05112223          	sw	a7,68(sp)
    STORE x18, 18 * REGBYTES(sp)
8000027c:	05212423          	sw	s2,72(sp)
    STORE x19, 19 * REGBYTES(sp)
80000280:	05312623          	sw	s3,76(sp)
    STORE x20, 20 * REGBYTES(sp)
80000284:	05412823          	sw	s4,80(sp)
    STORE x21, 21 * REGBYTES(sp)
80000288:	05512a23          	sw	s5,84(sp)
    STORE x22, 22 * REGBYTES(sp)
8000028c:	05612c23          	sw	s6,88(sp)
    STORE x23, 23 * REGBYTES(sp)
80000290:	05712e23          	sw	s7,92(sp)
    STORE x24, 24 * REGBYTES(sp)
80000294:	07812023          	sw	s8,96(sp)
    STORE x25, 25 * REGBYTES(sp)
80000298:	07912223          	sw	s9,100(sp)
    STORE x26, 26 * REGBYTES(sp)
8000029c:	07a12423          	sw	s10,104(sp)
    STORE x27, 27 * REGBYTES(sp)
800002a0:	07b12623          	sw	s11,108(sp)
    STORE x28, 28 * REGBYTES(sp)
800002a4:	07c12823          	sw	t3,112(sp)
    STORE x29, 29 * REGBYTES(sp)
800002a8:	07d12a23          	sw	t4,116(sp)
    STORE x30, 30 * REGBYTES(sp)
800002ac:	07e12c23          	sw	t5,120(sp)
    STORE x31, 31 * REGBYTES(sp)
800002b0:	07f12e23          	sw	t6,124(sp)
    /* restore to thread context
     * sp(0) -> epc;
     * sp(1) -> ra;
     * sp(i) -> x(i+2)
     */
    LOAD sp,  (a1)
800002b4:	0005a103          	lw	sp,0(a1)
#ifdef RT_USING_SMP
    mv   a0,   a2
    call  rt_cpus_lock_status_restore
#endif /*RT_USING_SMP*/

    j rt_hw_context_switch_exit
800002b8:	0040006f          	j	800002bc <rt_hw_context_switch_exit>

800002bc <rt_hw_context_switch_exit>:
    call rt_signal_check
    mv sp, a0
#endif
#endif
    /* resw ra to mepc */
    LOAD a0,   0 * REGBYTES(sp)
800002bc:	00012503          	lw	a0,0(sp)
    csrw mepc, a0
800002c0:	34151073          	csrw	mepc,a0

    LOAD x1,   1 * REGBYTES(sp)
800002c4:	00412083          	lw	ra,4(sp)
#ifdef ARCH_RISCV_FPU
    li    t0, 0x7800
#else
    li    t0, 0x1800
800002c8:	000022b7          	lui	t0,0x2
800002cc:	80028293          	addi	t0,t0,-2048 # 1800 <_start-0x7fffe800>
#endif
    csrw  mstatus, t0
800002d0:	30029073          	csrw	mstatus,t0
    LOAD a0,   2 * REGBYTES(sp)
800002d4:	00812503          	lw	a0,8(sp)
    csrs mstatus, a0
800002d8:	30052073          	csrs	mstatus,a0

    LOAD x4,   4 * REGBYTES(sp)
800002dc:	01012203          	lw	tp,16(sp)
    LOAD x5,   5 * REGBYTES(sp)
800002e0:	01412283          	lw	t0,20(sp)
    LOAD x6,   6 * REGBYTES(sp)
800002e4:	01812303          	lw	t1,24(sp)
    LOAD x7,   7 * REGBYTES(sp)
800002e8:	01c12383          	lw	t2,28(sp)
    LOAD x8,   8 * REGBYTES(sp)
800002ec:	02012403          	lw	s0,32(sp)
    LOAD x9,   9 * REGBYTES(sp)
800002f0:	02412483          	lw	s1,36(sp)
    LOAD x10, 10 * REGBYTES(sp)
800002f4:	02812503          	lw	a0,40(sp)
    LOAD x11, 11 * REGBYTES(sp)
800002f8:	02c12583          	lw	a1,44(sp)
    LOAD x12, 12 * REGBYTES(sp)
800002fc:	03012603          	lw	a2,48(sp)
    LOAD x13, 13 * REGBYTES(sp)
80000300:	03412683          	lw	a3,52(sp)
    LOAD x14, 14 * REGBYTES(sp)
80000304:	03812703          	lw	a4,56(sp)
    LOAD x15, 15 * REGBYTES(sp)
80000308:	03c12783          	lw	a5,60(sp)
#ifndef __riscv_32e
    LOAD x16, 16 * REGBYTES(sp)
8000030c:	04012803          	lw	a6,64(sp)
    LOAD x17, 17 * REGBYTES(sp)
80000310:	04412883          	lw	a7,68(sp)
    LOAD x18, 18 * REGBYTES(sp)
80000314:	04812903          	lw	s2,72(sp)
    LOAD x19, 19 * REGBYTES(sp)
80000318:	04c12983          	lw	s3,76(sp)
    LOAD x20, 20 * REGBYTES(sp)
8000031c:	05012a03          	lw	s4,80(sp)
    LOAD x21, 21 * REGBYTES(sp)
80000320:	05412a83          	lw	s5,84(sp)
    LOAD x22, 22 * REGBYTES(sp)
80000324:	05812b03          	lw	s6,88(sp)
    LOAD x23, 23 * REGBYTES(sp)
80000328:	05c12b83          	lw	s7,92(sp)
    LOAD x24, 24 * REGBYTES(sp)
8000032c:	06012c03          	lw	s8,96(sp)
    LOAD x25, 25 * REGBYTES(sp)
80000330:	06412c83          	lw	s9,100(sp)
    LOAD x26, 26 * REGBYTES(sp)
80000334:	06812d03          	lw	s10,104(sp)
    LOAD x27, 27 * REGBYTES(sp)
80000338:	06c12d83          	lw	s11,108(sp)
    LOAD x28, 28 * REGBYTES(sp)
8000033c:	07012e03          	lw	t3,112(sp)
    LOAD x29, 29 * REGBYTES(sp)
80000340:	07412e83          	lw	t4,116(sp)
    LOAD x30, 30 * REGBYTES(sp)
80000344:	07812f03          	lw	t5,120(sp)
    LOAD x31, 31 * REGBYTES(sp)
80000348:	07c12f83          	lw	t6,124(sp)

    addi sp,  sp, 32 * REGBYTES
8000034c:	08010113          	addi	sp,sp,128
    FLOAD   f31, 31 * FREGBYTES(sp)

    addi    sp, sp, 32 * FREGBYTES
#endif

    mret
80000350:	30200073          	mret

80000354 <rt_hw_stack_init>:
{
    struct rt_hw_stack_frame *frame;
    rt_uint8_t         *stk;
    int                i;

    stk  = stack_addr + sizeof(rt_ubase_t);
80000354:	00460613          	addi	a2,a2,4
    stk  = (rt_uint8_t *)RT_ALIGN_DOWN((rt_ubase_t)stk, REGBYTES);
80000358:	ffc67613          	andi	a2,a2,-4
{
8000035c:	00050713          	mv	a4,a0

    frame = (struct rt_hw_stack_frame *)stk;

    for (i = 0; i < sizeof(struct rt_hw_stack_frame) / sizeof(rt_ubase_t); i++)
    {
        ((rt_ubase_t *)frame)[i] = 0xdeadbeef;
80000360:	deadc837          	lui	a6,0xdeadc
    stk -= sizeof(struct rt_hw_stack_frame);
80000364:	f8060513          	addi	a0,a2,-128
    for (i = 0; i < sizeof(struct rt_hw_stack_frame) / sizeof(rt_ubase_t); i++)
80000368:	00050793          	mv	a5,a0
        ((rt_ubase_t *)frame)[i] = 0xdeadbeef;
8000036c:	eef80813          	addi	a6,a6,-273 # deadbeef <__rt_rvstack+0x5e99beef>
    for (i = 0; i < sizeof(struct rt_hw_stack_frame) / sizeof(rt_ubase_t); i++)
80000370:	02f61063          	bne	a2,a5,80000390 <rt_hw_stack_init+0x3c>

    /* force to machine mode(MPP=11) and set MPIE to 1 */
#ifdef ARCH_RISCV_FPU
    frame->mstatus = 0x7880;
#else
    frame->mstatus = 0x1880;
80000374:	000027b7          	lui	a5,0x2
80000378:	88078793          	addi	a5,a5,-1920 # 1880 <_start-0x7fffe780>
    frame->ra      = (rt_ubase_t)texit;
8000037c:	f8d62223          	sw	a3,-124(a2)
    frame->a0      = (rt_ubase_t)parameter;
80000380:	fab62423          	sw	a1,-88(a2)
    frame->epc     = (rt_ubase_t)tentry;
80000384:	f8e62023          	sw	a4,-128(a2)
    frame->mstatus = 0x1880;
80000388:	f8f62423          	sw	a5,-120(a2)
#endif

    return stk;
}
8000038c:	00008067          	ret
        ((rt_ubase_t *)frame)[i] = 0xdeadbeef;
80000390:	0107a023          	sw	a6,0(a5)
    for (i = 0; i < sizeof(struct rt_hw_stack_frame) / sizeof(rt_ubase_t); i++)
80000394:	00478793          	addi	a5,a5,4
80000398:	fd9ff06f          	j	80000370 <rt_hw_stack_init+0x1c>

8000039c <rt_trigger_software_interrupt>:

rt_weak void rt_trigger_software_interrupt(void)
{
    while (0);
}
8000039c:	00008067          	ret

800003a0 <rt_hw_do_after_save_above>:

rt_weak void rt_hw_do_after_save_above(void)
{
    while (1);
800003a0:	0000006f          	j	800003a0 <rt_hw_do_after_save_above>

800003a4 <rt_hw_context_switch_interrupt>:
 * #endif
 */
#ifndef RT_USING_SMP
rt_weak void rt_hw_context_switch_interrupt(rt_ubase_t from, rt_ubase_t to, rt_thread_t from_thread, rt_thread_t to_thread)
{
    if (rt_thread_switch_interrupt_flag == 0)
800003a4:	90818793          	addi	a5,gp,-1784 # 80100108 <rt_thread_switch_interrupt_flag>
800003a8:	0007a703          	lw	a4,0(a5)
800003ac:	00071463          	bnez	a4,800003b4 <rt_hw_context_switch_interrupt+0x10>
        rt_interrupt_from_thread = from;
800003b0:	90a1a023          	sw	a0,-1792(gp) # 80100100 <rt_interrupt_from_thread>

    rt_interrupt_to_thread = to;
800003b4:	90b1a223          	sw	a1,-1788(gp) # 80100104 <rt_interrupt_to_thread>
    rt_thread_switch_interrupt_flag = 1;
800003b8:	00100713          	li	a4,1
800003bc:	00e7a023          	sw	a4,0(a5)

    rt_trigger_software_interrupt();
800003c0:	fddff06f          	j	8000039c <rt_trigger_software_interrupt>

800003c4 <trap_entry>:

#endif

    /* save thread context to thread stack */
#ifndef __riscv_32e
    addi sp, sp, -32 * REGBYTES
800003c4:	f8010113          	addi	sp,sp,-128
#else
    addi sp, sp, -16 * REGBYTES
#endif
    STORE x1,   1 * REGBYTES(sp)
800003c8:	00112223          	sw	ra,4(sp)

    csrr  x1, mstatus
800003cc:	300020f3          	csrr	ra,mstatus
    STORE x1,   2 * REGBYTES(sp)
800003d0:	00112423          	sw	ra,8(sp)

    csrr  x1, mepc
800003d4:	341020f3          	csrr	ra,mepc
    STORE x1, 0 * REGBYTES(sp)
800003d8:	00112023          	sw	ra,0(sp)

    STORE x4,   4 * REGBYTES(sp)
800003dc:	00412823          	sw	tp,16(sp)
    STORE x5,   5 * REGBYTES(sp)
800003e0:	00512a23          	sw	t0,20(sp)
    STORE x6,   6 * REGBYTES(sp)
800003e4:	00612c23          	sw	t1,24(sp)
    STORE x7,   7 * REGBYTES(sp)
800003e8:	00712e23          	sw	t2,28(sp)
    STORE x8,   8 * REGBYTES(sp)
800003ec:	02812023          	sw	s0,32(sp)
    STORE x9,   9 * REGBYTES(sp)
800003f0:	02912223          	sw	s1,36(sp)
    STORE x10, 10 * REGBYTES(sp)
800003f4:	02a12423          	sw	a0,40(sp)
    STORE x11, 11 * REGBYTES(sp)
800003f8:	02b12623          	sw	a1,44(sp)
    STORE x12, 12 * REGBYTES(sp)
800003fc:	02c12823          	sw	a2,48(sp)
    STORE x13, 13 * REGBYTES(sp)
80000400:	02d12a23          	sw	a3,52(sp)
    STORE x14, 14 * REGBYTES(sp)
80000404:	02e12c23          	sw	a4,56(sp)
    STORE x15, 15 * REGBYTES(sp)
80000408:	02f12e23          	sw	a5,60(sp)
#ifndef __riscv_32e
    STORE x16, 16 * REGBYTES(sp)
8000040c:	05012023          	sw	a6,64(sp)
    STORE x17, 17 * REGBYTES(sp)
80000410:	05112223          	sw	a7,68(sp)
    STORE x18, 18 * REGBYTES(sp)
80000414:	05212423          	sw	s2,72(sp)
    STORE x19, 19 * REGBYTES(sp)
80000418:	05312623          	sw	s3,76(sp)
    STORE x20, 20 * REGBYTES(sp)
8000041c:	05412823          	sw	s4,80(sp)
    STORE x21, 21 * REGBYTES(sp)
80000420:	05512a23          	sw	s5,84(sp)
    STORE x22, 22 * REGBYTES(sp)
80000424:	05612c23          	sw	s6,88(sp)
    STORE x23, 23 * REGBYTES(sp)
80000428:	05712e23          	sw	s7,92(sp)
    STORE x24, 24 * REGBYTES(sp)
8000042c:	07812023          	sw	s8,96(sp)
    STORE x25, 25 * REGBYTES(sp)
80000430:	07912223          	sw	s9,100(sp)
    STORE x26, 26 * REGBYTES(sp)
80000434:	07a12423          	sw	s10,104(sp)
    STORE x27, 27 * REGBYTES(sp)
80000438:	07b12623          	sw	s11,108(sp)
    STORE x28, 28 * REGBYTES(sp)
8000043c:	07c12823          	sw	t3,112(sp)
    STORE x29, 29 * REGBYTES(sp)
80000440:	07d12a23          	sw	t4,116(sp)
    STORE x30, 30 * REGBYTES(sp)
80000444:	07e12c23          	sw	t5,120(sp)
    STORE x31, 31 * REGBYTES(sp)
80000448:	07f12e23          	sw	t6,124(sp)
#endif

    /* switch to interrupt stack */
    move  s0, sp
8000044c:	00010413          	mv	s0,sp
    mul   t1, t1, t2
    add   sp, sp, t1 /* sp = (cpuid + 1) * __STACKSIZE__ + __stack_start__ */
#endif

    /* handle interrupt */
    call  rt_interrupt_enter
80000450:	3e1010ef          	jal	ra,80002030 <rt_interrupt_enter>
    csrr  a0, mcause
80000454:	34202573          	csrr	a0,mcause
    csrr  a1, mepc
80000458:	341025f3          	csrr	a1,mepc
    mv    a2, s0
8000045c:	00040613          	mv	a2,s0
    call  handle_trap
80000460:	351000ef          	jal	ra,80000fb0 <handle_trap>
    call  rt_interrupt_leave
80000464:	411010ef          	jal	ra,80002074 <rt_interrupt_leave>
    tail   rt_hw_context_switch_exit

#else

    /* switch to from_thread stack */
    move  sp, s0
80000468:	00040113          	mv	sp,s0

    /* need to switch new thread */
    la    s0, rt_thread_switch_interrupt_flag
8000046c:	90818413          	addi	s0,gp,-1784 # 80100108 <rt_thread_switch_interrupt_flag>
    lw    s1, 0(s0)
80000470:	00042483          	lw	s1,0(s0)
    beqz  s1, spurious_interrupt
80000474:	02048063          	beqz	s1,80000494 <spurious_interrupt>
    sw    zero, 0(s0)
80000478:	00042023          	sw	zero,0(s0)

    la    s0, rt_interrupt_from_thread
8000047c:	90018413          	addi	s0,gp,-1792 # 80100100 <rt_interrupt_from_thread>
    LOAD  s1, 0(s0)
80000480:	00042483          	lw	s1,0(s0)
    STORE sp, 0(s1)
80000484:	0024a023          	sw	sp,0(s1)

    la    s0, rt_interrupt_to_thread
80000488:	90418413          	addi	s0,gp,-1788 # 80100104 <rt_interrupt_to_thread>
    LOAD  s1, 0(s0)
8000048c:	00042483          	lw	s1,0(s0)
    LOAD  sp, 0(s1)
80000490:	0004a103          	lw	sp,0(s1)

80000494 <spurious_interrupt>:

#endif

spurious_interrupt:
    tail rt_hw_context_switch_exit
80000494:	e29ff06f          	j	800002bc <rt_hw_context_switch_exit>

80000498 <rt_snprintf>:
 * @param  fmt is the format parameters.
 *
 * @return The number of characters actually written to buffer.
 */
int rt_snprintf(char *buf, size_t size, const char *fmt, ...)
{
80000498:	fc010113          	addi	sp,sp,-64
8000049c:	02d12623          	sw	a3,44(sp)
    int n = 0;
    va_list args;

    va_start(args, fmt);
800004a0:	02c10693          	addi	a3,sp,44
{
800004a4:	00112e23          	sw	ra,28(sp)
800004a8:	02e12823          	sw	a4,48(sp)
800004ac:	02f12a23          	sw	a5,52(sp)
800004b0:	03012c23          	sw	a6,56(sp)
800004b4:	03112e23          	sw	a7,60(sp)
    va_start(args, fmt);
800004b8:	00d12623          	sw	a3,12(sp)
    n = rt_vsnprintf(buf, size, fmt, args);
800004bc:	484000ef          	jal	ra,80000940 <rt_vsnprintf>
    va_end(args);

    return n;
}
800004c0:	01c12083          	lw	ra,28(sp)
800004c4:	04010113          	addi	sp,sp,64
800004c8:	00008067          	ret

800004cc <rt_memset>:
    unsigned char d = (unsigned int)c & (unsigned char)(-1);  /* To avoid sign extension, copy C to an
                                unsigned variable. (unsigned)((char)(-1))=0xFF for 8bit and =0xFFFF for 16bit: word independent */

    RT_ASSERT(LBLOCKSIZE == 2 || LBLOCKSIZE == 4 || LBLOCKSIZE == 8);

    if (!TOO_SMALL(count) && !UNALIGNED(s))
800004cc:	00300713          	li	a4,3
    unsigned char d = (unsigned int)c & (unsigned char)(-1);  /* To avoid sign extension, copy C to an
800004d0:	0ff5f593          	andi	a1,a1,255
    char *m = (char *)s;
800004d4:	00050793          	mv	a5,a0
    if (!TOO_SMALL(count) && !UNALIGNED(s))
800004d8:	0ac77c63          	bgeu	a4,a2,80000590 <rt_memset+0xc4>
800004dc:	00357713          	andi	a4,a0,3
800004e0:	0a071863          	bnez	a4,80000590 <rt_memset+0xc4>
{
800004e4:	ff010113          	addi	sp,sp,-16
        /* Store d into each char sized location in buffer so that
         * we can set large blocks quickly.
         */
        for (i = 0; i < LBLOCKSIZE; i++)
        {
            *(((unsigned char *)&buffer)+i) = d;
800004e8:	00b10623          	sb	a1,12(sp)
800004ec:	00b106a3          	sb	a1,13(sp)
800004f0:	00b10723          	sb	a1,14(sp)
800004f4:	00b107a3          	sb	a1,15(sp)
        }

        while (count >= LBLOCKSIZE * 4)
        {
            *aligned_addr++ = buffer;
800004f8:	00c12703          	lw	a4,12(sp)
800004fc:	00c508b3          	add	a7,a0,a2
        while (count >= LBLOCKSIZE * 4)
80000500:	00f00693          	li	a3,15
80000504:	40f88833          	sub	a6,a7,a5
80000508:	0506ec63          	bltu	a3,a6,80000560 <rt_memset+0x94>
8000050c:	00465793          	srli	a5,a2,0x4
80000510:	ff000693          	li	a3,-16
80000514:	02d786b3          	mul	a3,a5,a3
80000518:	00479793          	slli	a5,a5,0x4
8000051c:	00f507b3          	add	a5,a0,a5
            *aligned_addr++ = buffer;
            *aligned_addr++ = buffer;
            count -= 4 * LBLOCKSIZE;
        }

        while (count >= LBLOCKSIZE)
80000520:	00300813          	li	a6,3
80000524:	00c68633          	add	a2,a3,a2
80000528:	00c78333          	add	t1,a5,a2
        while (count >= LBLOCKSIZE * 4)
8000052c:	00078693          	mv	a3,a5
        while (count >= LBLOCKSIZE)
80000530:	40d308b3          	sub	a7,t1,a3
80000534:	05186263          	bltu	a6,a7,80000578 <rt_memset+0xac>
80000538:	00265713          	srli	a4,a2,0x2
8000053c:	ffc00693          	li	a3,-4
80000540:	02d706b3          	mul	a3,a4,a3
80000544:	00271713          	slli	a4,a4,0x2
80000548:	00e787b3          	add	a5,a5,a4
8000054c:	00c68633          	add	a2,a3,a2
80000550:	00c78633          	add	a2,a5,a2

        /* Pick up the remainder with a bytewise loop. */
        m = (char *)aligned_addr;
    }

    while (count--)
80000554:	02f61863          	bne	a2,a5,80000584 <rt_memset+0xb8>

#undef LBLOCKSIZE
#undef UNALIGNED
#undef TOO_SMALL
#endif /* RT_KLIBC_USING_LIBC_MEMSET */
}
80000558:	01010113          	addi	sp,sp,16
8000055c:	00008067          	ret
            *aligned_addr++ = buffer;
80000560:	00e7a023          	sw	a4,0(a5)
            *aligned_addr++ = buffer;
80000564:	00e7a223          	sw	a4,4(a5)
            *aligned_addr++ = buffer;
80000568:	00e7a423          	sw	a4,8(a5)
            *aligned_addr++ = buffer;
8000056c:	00e7a623          	sw	a4,12(a5)
80000570:	01078793          	addi	a5,a5,16
            count -= 4 * LBLOCKSIZE;
80000574:	f91ff06f          	j	80000504 <rt_memset+0x38>
            *aligned_addr++ = buffer;
80000578:	00468693          	addi	a3,a3,4
8000057c:	fee6ae23          	sw	a4,-4(a3)
            count -= LBLOCKSIZE;
80000580:	fb1ff06f          	j	80000530 <rt_memset+0x64>
        *m++ = (char)d;
80000584:	00178793          	addi	a5,a5,1
80000588:	feb78fa3          	sb	a1,-1(a5)
8000058c:	fc9ff06f          	j	80000554 <rt_memset+0x88>
80000590:	00c78633          	add	a2,a5,a2
    while (count--)
80000594:	00f61463          	bne	a2,a5,8000059c <rt_memset+0xd0>
80000598:	00008067          	ret
        *m++ = (char)d;
8000059c:	00178793          	addi	a5,a5,1
800005a0:	feb78fa3          	sb	a1,-1(a5)
800005a4:	ff1ff06f          	j	80000594 <rt_memset+0xc8>

800005a8 <rt_strncpy>:
char *rt_strncpy(char *dst, const char *src, size_t n)
{
#ifdef RT_KLIBC_USING_LIBC_STRNCPY
    return strncpy(dst, src, n);
#else
    if (n != 0)
800005a8:	04060063          	beqz	a2,800005e8 <rt_strncpy+0x40>
    {
        char *d = dst;
800005ac:	00050793          	mv	a5,a0
        const char *s = src;

        do
        {
            if ((*d++ = *s++) == 0)
800005b0:	0005c683          	lbu	a3,0(a1)
800005b4:	00158593          	addi	a1,a1,1
800005b8:	00178793          	addi	a5,a5,1
800005bc:	fed78fa3          	sb	a3,-1(a5)
800005c0:	00060713          	mv	a4,a2
                    *d++ = 0;
                }

                break;
            }
        } while (--n != 0);
800005c4:	fff60613          	addi	a2,a2,-1
            if ((*d++ = *s++) == 0)
800005c8:	00069e63          	bnez	a3,800005e4 <rt_strncpy+0x3c>
800005cc:	00e78733          	add	a4,a5,a4
                while (--n != 0)
800005d0:	00178793          	addi	a5,a5,1
800005d4:	00e79463          	bne	a5,a4,800005dc <rt_strncpy+0x34>
800005d8:	00008067          	ret
                    *d++ = 0;
800005dc:	fe078fa3          	sb	zero,-1(a5)
800005e0:	ff1ff06f          	j	800005d0 <rt_strncpy+0x28>
        } while (--n != 0);
800005e4:	fc0616e3          	bnez	a2,800005b0 <rt_strncpy+0x8>
    }

    return (dst);
#endif /* RT_KLIBC_USING_LIBC_STRNCPY */
}
800005e8:	00008067          	ret

800005ec <rt_strlen>:
{
#ifdef RT_KLIBC_USING_LIBC_STRLEN
    return strlen(s);
#else
    const char *sc = RT_NULL;
    for (sc = s; *sc != '\0'; ++sc);
800005ec:	00050793          	mv	a5,a0
800005f0:	0007c703          	lbu	a4,0(a5)
800005f4:	00071663          	bnez	a4,80000600 <rt_strlen+0x14>
    return sc - s;
#endif /* RT_KLIBC_USING_LIBC_STRLEN */
}
800005f8:	40a78533          	sub	a0,a5,a0
800005fc:	00008067          	ret
    for (sc = s; *sc != '\0'; ++sc);
80000600:	00178793          	addi	a5,a5,1
80000604:	fedff06f          	j	800005f0 <rt_strlen+0x4>

80000608 <print_number>:
                          int   base,
                          int   qualifier,
                          int   s,
                          int   precision,
                          int   type)
{
80000608:	fb010113          	addi	sp,sp,-80
8000060c:	04812423          	sw	s0,72(sp)
80000610:	03312e23          	sw	s3,60(sp)
80000614:	03412c23          	sw	s4,56(sp)
80000618:	00050413          	mv	s0,a0
8000061c:	00058a13          	mv	s4,a1
80000620:	00060993          	mv	s3,a2
    char c = 0, sign = 0;
#ifdef RT_KLIBC_USING_VSNPRINTF_LONGLONG
    char tmp[64] = {0};
#else
    char tmp[32] = {0};
80000624:	00000593          	li	a1,0
80000628:	01c00613          	li	a2,28
8000062c:	00410513          	addi	a0,sp,4
{
80000630:	04912223          	sw	s1,68(sp)
80000634:	05212023          	sw	s2,64(sp)
80000638:	03512a23          	sw	s5,52(sp)
8000063c:	03612823          	sw	s6,48(sp)
80000640:	03712623          	sw	s7,44(sp)
80000644:	00078493          	mv	s1,a5
80000648:	00088913          	mv	s2,a7
8000064c:	04112623          	sw	ra,76(sp)
80000650:	00068a93          	mv	s5,a3
80000654:	00070b93          	mv	s7,a4
80000658:	00080b13          	mv	s6,a6
    char tmp[32] = {0};
8000065c:	00012023          	sw	zero,0(sp)
80000660:	229000ef          	jal	ra,80001088 <memset>
    int i = 0;
    int size = 0;

    size = s;

    digits = (type & LARGE) ? large_digits : small_digits;
80000664:	04097793          	andi	a5,s2,64
80000668:	00004517          	auipc	a0,0x4
8000066c:	49850513          	addi	a0,a0,1176 # 80004b00 <small_digits.0>
80000670:	00078663          	beqz	a5,8000067c <print_number+0x74>
80000674:	00004517          	auipc	a0,0x4
80000678:	47850513          	addi	a0,a0,1144 # 80004aec <large_digits.1>
    if (type & LEFT)
8000067c:	01097893          	andi	a7,s2,16
80000680:	0e088c63          	beqz	a7,80000778 <print_number+0x170>
    {
        type &= ~ZEROPAD;
80000684:	ffe97913          	andi	s2,s2,-2
    }

    c = (type & ZEROPAD) ? '0' : ' ';
80000688:	02000593          	li	a1,32

    /* get sign */
    sign = 0;
    if (type & SIGN)
8000068c:	00297793          	andi	a5,s2,2
    sign = 0;
80000690:	00000693          	li	a3,0
    if (type & SIGN)
80000694:	02078263          	beqz	a5,800006b8 <print_number+0xb0>
    {
        switch (qualifier)
80000698:	06800793          	li	a5,104
8000069c:	0efb9863          	bne	s7,a5,8000078c <print_number+0x184>
        {
        case 'h':
            if ((rt_int16_t)num < 0)
800006a0:	01099793          	slli	a5,s3,0x10
800006a4:	0e07da63          	bgez	a5,80000798 <print_number+0x190>
            {
                sign = '-';
                num = (rt_uint16_t)-num;
800006a8:	413009b3          	neg	s3,s3
800006ac:	01099993          	slli	s3,s3,0x10
800006b0:	0109d993          	srli	s3,s3,0x10
            break;
        case 'L':
        case 'l':
            if ((long)num < 0)
            {
                sign = '-';
800006b4:	02d00693          	li	a3,45
                sign = ' ';
            }
        }
    }

    if (type & SPECIAL)
800006b8:	02097313          	andi	t1,s2,32
800006bc:	00030c63          	beqz	t1,800006d4 <print_number+0xcc>
    {
        if (base == 2 || base == 16)
800006c0:	00200793          	li	a5,2
800006c4:	00fa8663          	beq	s5,a5,800006d0 <print_number+0xc8>
800006c8:	01000793          	li	a5,16
800006cc:	0efa9263          	bne	s5,a5,800007b0 <print_number+0x1a8>
        {
            size -= 2;
800006d0:	ffe48493          	addi	s1,s1,-2
            size--;
        }
    }

    i = 0;
    if (num == 0)
800006d4:	0e099663          	bnez	s3,800007c0 <print_number+0x1b8>
    {
        tmp[i++] = '0';
800006d8:	03000793          	li	a5,48
800006dc:	00f10023          	sb	a5,0(sp)
800006e0:	00100713          	li	a4,1
    {
        while (num != 0)
            tmp[i++] = digits[divide(&num, base)];
    }

    if (i > precision)
800006e4:	00070613          	mv	a2,a4
800006e8:	01675463          	bge	a4,s6,800006f0 <print_number+0xe8>
800006ec:	000b0613          	mv	a2,s6
    {
        precision = i;
    }
    size -= precision;

    if (!(type & (ZEROPAD | LEFT)))
800006f0:	01197793          	andi	a5,s2,17
    size -= precision;
800006f4:	40c48533          	sub	a0,s1,a2
    if (!(type & (ZEROPAD | LEFT)))
800006f8:	02079e63          	bnez	a5,80000734 <print_number+0x12c>
    {
        if ((sign) && (size > 0))
800006fc:	00068663          	beqz	a3,80000708 <print_number+0x100>
80000700:	00a05463          	blez	a0,80000708 <print_number+0x100>
        {
            size--;
80000704:	fff50513          	addi	a0,a0,-1
        tmp[i++] = '0';
80000708:	00040793          	mv	a5,s0
8000070c:	00a40e33          	add	t3,s0,a0

        while (size-- > 0)
        {
            if (buf < end)
            {
                *buf = ' ';
80000710:	02000e93          	li	t4,32
        while (size-- > 0)
80000714:	40fe0833          	sub	a6,t3,a5
80000718:	0d004c63          	bgtz	a6,800007f0 <print_number+0x1e8>
8000071c:	00050813          	mv	a6,a0
80000720:	00055463          	bgez	a0,80000728 <print_number+0x120>
80000724:	00000813          	li	a6,0
80000728:	fff50513          	addi	a0,a0,-1
8000072c:	01040433          	add	s0,s0,a6
80000730:	41050533          	sub	a0,a0,a6

            ++ buf;
        }
    }

    if (sign)
80000734:	00068a63          	beqz	a3,80000748 <print_number+0x140>
    {
        if (buf < end)
80000738:	01447463          	bgeu	s0,s4,80000740 <print_number+0x138>
        {
            *buf = sign;
8000073c:	00d40023          	sb	a3,0(s0)
        }
        -- size;
80000740:	fff50513          	addi	a0,a0,-1
        ++ buf;
80000744:	00140413          	addi	s0,s0,1
    }

    if (type & SPECIAL)
80000748:	0c030863          	beqz	t1,80000818 <print_number+0x210>
    {
        if (base == 2)
8000074c:	00200793          	li	a5,2
80000750:	0afa9863          	bne	s5,a5,80000800 <print_number+0x1f8>
        {
            if (buf < end)
80000754:	01447663          	bgeu	s0,s4,80000760 <print_number+0x158>
                *buf = '0';
80000758:	03000793          	li	a5,48
8000075c:	00f40023          	sb	a5,0(s0)
            ++ buf;
80000760:	00140793          	addi	a5,s0,1
            if (buf < end)
80000764:	0147f663          	bgeu	a5,s4,80000770 <print_number+0x168>
                *buf = 'b';
80000768:	06200793          	li	a5,98
            }

            ++ buf;
            if (buf < end)
            {
                *buf = type & LARGE ? 'X' : 'x';
8000076c:	00f400a3          	sb	a5,1(s0)
            }
            ++ buf;
80000770:	00240413          	addi	s0,s0,2
80000774:	0a40006f          	j	80000818 <print_number+0x210>
    c = (type & ZEROPAD) ? '0' : ' ';
80000778:	00197793          	andi	a5,s2,1
8000077c:	02000593          	li	a1,32
80000780:	f00786e3          	beqz	a5,8000068c <print_number+0x84>
80000784:	03000593          	li	a1,48
80000788:	f05ff06f          	j	8000068c <print_number+0x84>
            if ((long)num < 0)
8000078c:	0009d663          	bgez	s3,80000798 <print_number+0x190>
                num = (unsigned long)-num;
80000790:	413009b3          	neg	s3,s3
80000794:	f21ff06f          	j	800006b4 <print_number+0xac>
            if (type & PLUS)
80000798:	00497793          	andi	a5,s2,4
                sign = '+';
8000079c:	02b00693          	li	a3,43
            if (type & PLUS)
800007a0:	f0079ce3          	bnez	a5,800006b8 <print_number+0xb0>
    sign = 0;
800007a4:	00291693          	slli	a3,s2,0x2
800007a8:	0206f693          	andi	a3,a3,32
800007ac:	f0dff06f          	j	800006b8 <print_number+0xb0>
        else if (base == 8)
800007b0:	00800793          	li	a5,8
800007b4:	f2fa90e3          	bne	s5,a5,800006d4 <print_number+0xcc>
            size--;
800007b8:	fff48493          	addi	s1,s1,-1
800007bc:	f19ff06f          	j	800006d4 <print_number+0xcc>
800007c0:	00010793          	mv	a5,sp
    i = 0;
800007c4:	00000713          	li	a4,0
    res = (int)((*n) % base);
800007c8:	0359f633          	remu	a2,s3,s5
    *n = (long)((*n) / base);
800007cc:	00098813          	mv	a6,s3
            tmp[i++] = digits[divide(&num, base)];
800007d0:	00170713          	addi	a4,a4,1
        while (num != 0)
800007d4:	00178793          	addi	a5,a5,1
            tmp[i++] = digits[divide(&num, base)];
800007d8:	00c50633          	add	a2,a0,a2
800007dc:	00064603          	lbu	a2,0(a2)
    *n = (long)((*n) / base);
800007e0:	0359d9b3          	divu	s3,s3,s5
            tmp[i++] = digits[divide(&num, base)];
800007e4:	fec78fa3          	sb	a2,-1(a5)
        while (num != 0)
800007e8:	ff5870e3          	bgeu	a6,s5,800007c8 <print_number+0x1c0>
800007ec:	ef9ff06f          	j	800006e4 <print_number+0xdc>
            if (buf < end)
800007f0:	0147f463          	bgeu	a5,s4,800007f8 <print_number+0x1f0>
                *buf = ' ';
800007f4:	01d78023          	sb	t4,0(a5)
            ++ buf;
800007f8:	00178793          	addi	a5,a5,1
800007fc:	f19ff06f          	j	80000714 <print_number+0x10c>
        else if (base == 8)
80000800:	00800793          	li	a5,8
80000804:	02fa9463          	bne	s5,a5,8000082c <print_number+0x224>
            if (buf < end)
80000808:	01447663          	bgeu	s0,s4,80000814 <print_number+0x20c>
                *buf = '0';
8000080c:	03000793          	li	a5,48
80000810:	00f40023          	sb	a5,0(s0)
            ++ buf;
80000814:	00140413          	addi	s0,s0,1
        }
    }

    /* no align to the left */
    if (!(type & LEFT))
80000818:	06088a63          	beqz	a7,8000088c <print_number+0x284>
8000081c:	00040793          	mv	a5,s0

            ++ buf;
        }
    }

    while (i < precision--)
80000820:	00c405b3          	add	a1,s0,a2
    {
        if (buf < end)
        {
            *buf = '0';
80000824:	03000813          	li	a6,48
80000828:	07c0006f          	j	800008a4 <print_number+0x29c>
        else if (base == 16)
8000082c:	01000793          	li	a5,16
80000830:	fefa94e3          	bne	s5,a5,80000818 <print_number+0x210>
            if (buf < end)
80000834:	01447663          	bgeu	s0,s4,80000840 <print_number+0x238>
                *buf = '0';
80000838:	03000793          	li	a5,48
8000083c:	00f40023          	sb	a5,0(s0)
            ++ buf;
80000840:	00140793          	addi	a5,s0,1
            if (buf < end)
80000844:	f347f6e3          	bgeu	a5,s4,80000770 <print_number+0x168>
                *buf = type & LARGE ? 'X' : 'x';
80000848:	04097913          	andi	s2,s2,64
8000084c:	07800793          	li	a5,120
80000850:	f0090ee3          	beqz	s2,8000076c <print_number+0x164>
80000854:	05800793          	li	a5,88
80000858:	f15ff06f          	j	8000076c <print_number+0x164>
            if (buf < end)
8000085c:	0147f463          	bgeu	a5,s4,80000864 <print_number+0x25c>
                *buf = c;
80000860:	00b78023          	sb	a1,0(a5)
            ++ buf;
80000864:	00178793          	addi	a5,a5,1
        while (size-- > 0)
80000868:	40f806b3          	sub	a3,a6,a5
8000086c:	fed048e3          	bgtz	a3,8000085c <print_number+0x254>
80000870:	00050693          	mv	a3,a0
80000874:	00055463          	bgez	a0,8000087c <print_number+0x274>
80000878:	00000693          	li	a3,0
8000087c:	fff50513          	addi	a0,a0,-1
80000880:	00d40433          	add	s0,s0,a3
80000884:	40d50533          	sub	a0,a0,a3
80000888:	f95ff06f          	j	8000081c <print_number+0x214>
8000088c:	00040793          	mv	a5,s0
80000890:	00a40833          	add	a6,s0,a0
80000894:	fd5ff06f          	j	80000868 <print_number+0x260>
        if (buf < end)
80000898:	0147f463          	bgeu	a5,s4,800008a0 <print_number+0x298>
            *buf = '0';
8000089c:	01078023          	sb	a6,0(a5)
        }

        ++ buf;
800008a0:	00178793          	addi	a5,a5,1
    while (i < precision--)
800008a4:	40f586b3          	sub	a3,a1,a5
800008a8:	fed748e3          	blt	a4,a3,80000898 <print_number+0x290>
800008ac:	00000793          	li	a5,0
800008b0:	00e64463          	blt	a2,a4,800008b8 <print_number+0x2b0>
800008b4:	40e607b3          	sub	a5,a2,a4
800008b8:	00f40433          	add	s0,s0,a5
    }

    /* put number in the temporary buffer */
    while (i-- > 0 && (precision_bak != 0))
800008bc:	fff00793          	li	a5,-1
800008c0:	fff70713          	addi	a4,a4,-1
800008c4:	00f70463          	beq	a4,a5,800008cc <print_number+0x2c4>
800008c8:	000b1a63          	bnez	s6,800008dc <print_number+0x2d4>
800008cc:	00040793          	mv	a5,s0
800008d0:	00a406b3          	add	a3,s0,a0

    while (size-- > 0)
    {
        if (buf < end)
        {
            *buf = ' ';
800008d4:	02000613          	li	a2,32
800008d8:	0280006f          	j	80000900 <print_number+0x2f8>
        if (buf < end)
800008dc:	01447863          	bgeu	s0,s4,800008ec <print_number+0x2e4>
            *buf = tmp[i];
800008e0:	00e106b3          	add	a3,sp,a4
800008e4:	0006c683          	lbu	a3,0(a3)
800008e8:	00d40023          	sb	a3,0(s0)
        ++ buf;
800008ec:	00140413          	addi	s0,s0,1
800008f0:	fd1ff06f          	j	800008c0 <print_number+0x2b8>
        if (buf < end)
800008f4:	0147f463          	bgeu	a5,s4,800008fc <print_number+0x2f4>
            *buf = ' ';
800008f8:	00c78023          	sb	a2,0(a5)
        }

        ++ buf;
800008fc:	00178793          	addi	a5,a5,1
    while (size-- > 0)
80000900:	40f68733          	sub	a4,a3,a5
80000904:	fee048e3          	bgtz	a4,800008f4 <print_number+0x2ec>
    }

    return buf;
80000908:	00055463          	bgez	a0,80000910 <print_number+0x308>
8000090c:	00000513          	li	a0,0
}
80000910:	04c12083          	lw	ra,76(sp)
80000914:	00a40533          	add	a0,s0,a0
80000918:	04812403          	lw	s0,72(sp)
8000091c:	04412483          	lw	s1,68(sp)
80000920:	04012903          	lw	s2,64(sp)
80000924:	03c12983          	lw	s3,60(sp)
80000928:	03812a03          	lw	s4,56(sp)
8000092c:	03412a83          	lw	s5,52(sp)
80000930:	03012b03          	lw	s6,48(sp)
80000934:	02c12b83          	lw	s7,44(sp)
80000938:	05010113          	addi	sp,sp,80
8000093c:	00008067          	ret

80000940 <rt_vsnprintf>:
 * @param  args is a list of variable parameters.
 *
 * @return The number of characters actually written to buffer.
 */
int rt_vsnprintf(char *buf, size_t size, const char *fmt, va_list args)
{
80000940:	fd010113          	addi	sp,sp,-48
80000944:	01312e23          	sw	s3,28(sp)
80000948:	01412c23          	sw	s4,24(sp)
8000094c:	01612823          	sw	s6,16(sp)
80000950:	01712623          	sw	s7,12(sp)
80000954:	02112623          	sw	ra,44(sp)
80000958:	02812423          	sw	s0,40(sp)
8000095c:	02912223          	sw	s1,36(sp)
80000960:	03212023          	sw	s2,32(sp)
80000964:	01512a23          	sw	s5,20(sp)
80000968:	01812423          	sw	s8,8(sp)
    rt_uint8_t qualifier = 0;       /* 'h', 'l', or 'L' for integer fields */
    rt_int32_t field_width = 0;     /* width of output field */
    int precision = 0;      /* min. # of digits for integers and max for a string */

    str = buf;
    end = buf + size;
8000096c:	00b50bb3          	add	s7,a0,a1
{
80000970:	00050a13          	mv	s4,a0
80000974:	00060993          	mv	s3,a2
80000978:	00068313          	mv	t1,a3
8000097c:	00058b13          	mv	s6,a1

    /* Make sure end is always >= buf */
    if (end < buf)
80000980:	00abf663          	bgeu	s7,a0,8000098c <rt_vsnprintf+0x4c>
    {
        end  = ((char *) - 1);
        size = end - buf;
80000984:	fff54b13          	not	s6,a0
        end  = ((char *) - 1);
80000988:	fff00b93          	li	s7,-1
                num = (rt_int8_t)num;
            }
        }
        else if (qualifier == 'h')
        {
            num = (rt_uint16_t)va_arg(args, rt_int32_t);
8000098c:	00010437          	lui	s0,0x10
        end  = ((char *) - 1);
80000990:	000a0513          	mv	a0,s4
            else if (*fmt == '+') flags |= PLUS;
80000994:	02b00493          	li	s1,43
            else if (*fmt == ' ') flags |= SPACE;
80000998:	02000a93          	li	s5,32
            else if (*fmt == '#') flags |= SPECIAL;
8000099c:	02300913          	li	s2,35
            num = (rt_uint16_t)va_arg(args, rt_int32_t);
800009a0:	fff40413          	addi	s0,s0,-1 # ffff <_start-0x7fff0001>
800009a4:	2a40006f          	j	80000c48 <rt_vsnprintf+0x308>
        if (*fmt != '%')
800009a8:	02500713          	li	a4,37
800009ac:	00e78a63          	beq	a5,a4,800009c0 <rt_vsnprintf+0x80>
            if (str < end)
800009b0:	01757463          	bgeu	a0,s7,800009b8 <rt_vsnprintf+0x78>
                *str = *fmt;
800009b4:	00f50023          	sb	a5,0(a0)
            ++ str;
800009b8:	00150793          	addi	a5,a0,1
            continue;
800009bc:	2840006f          	j	80000c40 <rt_vsnprintf+0x300>
        flags = 0;
800009c0:	00000893          	li	a7,0
            if (*fmt == '-') flags |= LEFT;
800009c4:	02d00793          	li	a5,45
            else if (*fmt == '0') flags |= ZEROPAD;
800009c8:	03000613          	li	a2,48
800009cc:	0100006f          	j	800009dc <rt_vsnprintf+0x9c>
            else if (*fmt == '+') flags |= PLUS;
800009d0:	02971063          	bne	a4,s1,800009f0 <rt_vsnprintf+0xb0>
800009d4:	0048e893          	ori	a7,a7,4
{
800009d8:	00068993          	mv	s3,a3
            if (*fmt == '-') flags |= LEFT;
800009dc:	0019c703          	lbu	a4,1(s3)
            ++fmt;
800009e0:	00198693          	addi	a3,s3,1
            if (*fmt == '-') flags |= LEFT;
800009e4:	fef716e3          	bne	a4,a5,800009d0 <rt_vsnprintf+0x90>
800009e8:	0108e893          	ori	a7,a7,16
800009ec:	fedff06f          	j	800009d8 <rt_vsnprintf+0x98>
            else if (*fmt == ' ') flags |= SPACE;
800009f0:	01571663          	bne	a4,s5,800009fc <rt_vsnprintf+0xbc>
800009f4:	0088e893          	ori	a7,a7,8
800009f8:	fe1ff06f          	j	800009d8 <rt_vsnprintf+0x98>
            else if (*fmt == '#') flags |= SPECIAL;
800009fc:	01271663          	bne	a4,s2,80000a08 <rt_vsnprintf+0xc8>
80000a00:	0208e893          	ori	a7,a7,32
80000a04:	fd5ff06f          	j	800009d8 <rt_vsnprintf+0x98>
            else if (*fmt == '0') flags |= ZEROPAD;
80000a08:	00c71663          	bne	a4,a2,80000a14 <rt_vsnprintf+0xd4>
80000a0c:	0018e893          	ori	a7,a7,1
80000a10:	fc9ff06f          	j	800009d8 <rt_vsnprintf+0x98>
        if (_ISDIGIT(*fmt))
80000a14:	fd070793          	addi	a5,a4,-48
80000a18:	00900613          	li	a2,9
80000a1c:	06f66263          	bltu	a2,a5,80000a80 <rt_vsnprintf+0x140>
    int i = 0;
80000a20:	00000793          	li	a5,0
    while (_ISDIGIT(**s))
80000a24:	00900613          	li	a2,9
        i = i * 10 + *((*s)++) - '0';
80000a28:	00a00813          	li	a6,10
80000a2c:	0140006f          	j	80000a40 <rt_vsnprintf+0x100>
80000a30:	030787b3          	mul	a5,a5,a6
80000a34:	00168693          	addi	a3,a3,1
80000a38:	00e787b3          	add	a5,a5,a4
80000a3c:	fd078793          	addi	a5,a5,-48
    while (_ISDIGIT(**s))
80000a40:	0006c703          	lbu	a4,0(a3)
80000a44:	fd070593          	addi	a1,a4,-48
80000a48:	feb674e3          	bgeu	a2,a1,80000a30 <rt_vsnprintf+0xf0>
        if (*fmt == '.')
80000a4c:	0006c603          	lbu	a2,0(a3)
80000a50:	02e00713          	li	a4,46
        precision = -1;
80000a54:	fff00813          	li	a6,-1
        if (*fmt == '.')
80000a58:	06e61c63          	bne	a2,a4,80000ad0 <rt_vsnprintf+0x190>
            if (_ISDIGIT(*fmt))
80000a5c:	0016c603          	lbu	a2,1(a3)
80000a60:	00900593          	li	a1,9
            ++fmt;
80000a64:	00168713          	addi	a4,a3,1
            if (_ISDIGIT(*fmt))
80000a68:	fd060813          	addi	a6,a2,-48
80000a6c:	0f05ec63          	bltu	a1,a6,80000b64 <rt_vsnprintf+0x224>
    int i = 0;
80000a70:	00000813          	li	a6,0
    while (_ISDIGIT(**s))
80000a74:	00900613          	li	a2,9
        i = i * 10 + *((*s)++) - '0';
80000a78:	00a00e13          	li	t3,10
80000a7c:	03c0006f          	j	80000ab8 <rt_vsnprintf+0x178>
        else if (*fmt == '*')
80000a80:	02a00613          	li	a2,42
        field_width = -1;
80000a84:	fff00793          	li	a5,-1
        else if (*fmt == '*')
80000a88:	fcc712e3          	bne	a4,a2,80000a4c <rt_vsnprintf+0x10c>
            field_width = va_arg(args, int);
80000a8c:	00032783          	lw	a5,0(t1)
            ++fmt;
80000a90:	00298693          	addi	a3,s3,2
            field_width = va_arg(args, int);
80000a94:	00430313          	addi	t1,t1,4
            if (field_width < 0)
80000a98:	fa07dae3          	bgez	a5,80000a4c <rt_vsnprintf+0x10c>
                field_width = -field_width;
80000a9c:	40f007b3          	neg	a5,a5
                flags |= LEFT;
80000aa0:	0108e893          	ori	a7,a7,16
80000aa4:	fa9ff06f          	j	80000a4c <rt_vsnprintf+0x10c>
        i = i * 10 + *((*s)++) - '0';
80000aa8:	03c80833          	mul	a6,a6,t3
80000aac:	00170713          	addi	a4,a4,1
80000ab0:	00d80833          	add	a6,a6,a3
80000ab4:	fd080813          	addi	a6,a6,-48
    while (_ISDIGIT(**s))
80000ab8:	00074683          	lbu	a3,0(a4)
80000abc:	fd068593          	addi	a1,a3,-48
80000ac0:	feb674e3          	bgeu	a2,a1,80000aa8 <rt_vsnprintf+0x168>
            if (precision < 0)
80000ac4:	00085463          	bgez	a6,80000acc <rt_vsnprintf+0x18c>
80000ac8:	00000813          	li	a6,0
80000acc:	00070693          	mv	a3,a4
        if (*fmt == 'h' || *fmt == 'l' ||
80000ad0:	0006c703          	lbu	a4,0(a3)
80000ad4:	06800613          	li	a2,104
80000ad8:	0fb77593          	andi	a1,a4,251
80000adc:	00c58663          	beq	a1,a2,80000ae8 <rt_vsnprintf+0x1a8>
80000ae0:	07a00613          	li	a2,122
80000ae4:	0ac71263          	bne	a4,a2,80000b88 <rt_vsnprintf+0x248>
            if (qualifier == 'h' && *fmt == 'h')
80000ae8:	06800593          	li	a1,104
80000aec:	0016c603          	lbu	a2,1(a3)
            ++fmt;
80000af0:	00168993          	addi	s3,a3,1
            if (qualifier == 'h' && *fmt == 'h')
80000af4:	00b71863          	bne	a4,a1,80000b04 <rt_vsnprintf+0x1c4>
80000af8:	00e61663          	bne	a2,a4,80000b04 <rt_vsnprintf+0x1c4>
                ++fmt;
80000afc:	00268993          	addi	s3,a3,2
                qualifier = 'H';
80000b00:	04800713          	li	a4,72
        switch (*fmt)
80000b04:	0009c683          	lbu	a3,0(s3)
80000b08:	07800613          	li	a2,120
80000b0c:	02d66863          	bltu	a2,a3,80000b3c <rt_vsnprintf+0x1fc>
80000b10:	05700613          	li	a2,87
80000b14:	08d66063          	bltu	a2,a3,80000b94 <rt_vsnprintf+0x254>
80000b18:	02500793          	li	a5,37
80000b1c:	28f68863          	beq	a3,a5,80000dac <rt_vsnprintf+0x46c>
80000b20:	fbb68693          	addi	a3,a3,-69
80000b24:	0ff6f693          	andi	a3,a3,255
80000b28:	00200793          	li	a5,2
80000b2c:	00d7e863          	bltu	a5,a3,80000b3c <rt_vsnprintf+0x1fc>
            va_arg(args, double);
80000b30:	00730313          	addi	t1,t1,7
80000b34:	ff837313          	andi	t1,t1,-8
80000b38:	00830313          	addi	t1,t1,8
            if (str < end)
80000b3c:	01757663          	bgeu	a0,s7,80000b48 <rt_vsnprintf+0x208>
                *str = '%';
80000b40:	02500793          	li	a5,37
80000b44:	00f50023          	sb	a5,0(a0)
            if (*fmt)
80000b48:	0009c703          	lbu	a4,0(s3)
            ++ str;
80000b4c:	00150793          	addi	a5,a0,1
            if (*fmt)
80000b50:	28070e63          	beqz	a4,80000dec <rt_vsnprintf+0x4ac>
                if (str < end)
80000b54:	0177f463          	bgeu	a5,s7,80000b5c <rt_vsnprintf+0x21c>
                    *str = *fmt;
80000b58:	00e500a3          	sb	a4,1(a0)
                ++ str;
80000b5c:	00250793          	addi	a5,a0,2
80000b60:	0e00006f          	j	80000c40 <rt_vsnprintf+0x300>
            else if (*fmt == '*')
80000b64:	02a00593          	li	a1,42
80000b68:	00b61a63          	bne	a2,a1,80000b7c <rt_vsnprintf+0x23c>
                precision = va_arg(args, int);
80000b6c:	00032803          	lw	a6,0(t1)
                ++fmt;
80000b70:	00268713          	addi	a4,a3,2
                precision = va_arg(args, int);
80000b74:	00430313          	addi	t1,t1,4
80000b78:	f4dff06f          	j	80000ac4 <rt_vsnprintf+0x184>
            ++fmt;
80000b7c:	00070693          	mv	a3,a4
                precision = 0;
80000b80:	00000813          	li	a6,0
80000b84:	f4dff06f          	j	80000ad0 <rt_vsnprintf+0x190>
80000b88:	00068993          	mv	s3,a3
        qualifier = 0; /* get the conversion qualifier */
80000b8c:	00000713          	li	a4,0
80000b90:	f75ff06f          	j	80000b04 <rt_vsnprintf+0x1c4>
80000b94:	fa868693          	addi	a3,a3,-88
80000b98:	0ff6f693          	andi	a3,a3,255
80000b9c:	fadae0e3          	bltu	s5,a3,80000b3c <rt_vsnprintf+0x1fc>
80000ba0:	00004617          	auipc	a2,0x4
80000ba4:	ec860613          	addi	a2,a2,-312 # 80004a68 <rt_system_timer_thread_init+0xc>
80000ba8:	00269693          	slli	a3,a3,0x2
80000bac:	00c686b3          	add	a3,a3,a2
80000bb0:	0006a683          	lw	a3,0(a3)
80000bb4:	00c686b3          	add	a3,a3,a2
80000bb8:	00068067          	jr	a3
            if (!(flags & LEFT))
80000bbc:	0108f893          	andi	a7,a7,16
80000bc0:	04089463          	bnez	a7,80000c08 <rt_vsnprintf+0x2c8>
80000bc4:	00078693          	mv	a3,a5
80000bc8:	00050713          	mv	a4,a0
80000bcc:	0100006f          	j	80000bdc <rt_vsnprintf+0x29c>
                    if (str < end) *str = ' ';
80000bd0:	01777463          	bgeu	a4,s7,80000bd8 <rt_vsnprintf+0x298>
80000bd4:	01570023          	sb	s5,0(a4)
                    ++ str;
80000bd8:	00170713          	addi	a4,a4,1
                while (--field_width > 0)
80000bdc:	fff68693          	addi	a3,a3,-1
80000be0:	fed048e3          	bgtz	a3,80000bd0 <rt_vsnprintf+0x290>
80000be4:	fff78713          	addi	a4,a5,-1
80000be8:	00000693          	li	a3,0
80000bec:	00f05463          	blez	a5,80000bf4 <rt_vsnprintf+0x2b4>
80000bf0:	00070693          	mv	a3,a4
80000bf4:	00d50533          	add	a0,a0,a3
80000bf8:	00f04463          	bgtz	a5,80000c00 <rt_vsnprintf+0x2c0>
80000bfc:	00100793          	li	a5,1
80000c00:	40f707b3          	sub	a5,a4,a5
80000c04:	00178793          	addi	a5,a5,1
            c = (rt_uint8_t)va_arg(args, int);
80000c08:	00430613          	addi	a2,t1,4
            if (str < end)
80000c0c:	01757663          	bgeu	a0,s7,80000c18 <rt_vsnprintf+0x2d8>
            c = (rt_uint8_t)va_arg(args, int);
80000c10:	00032703          	lw	a4,0(t1)
80000c14:	00e50023          	sb	a4,0(a0)
            ++ str;
80000c18:	00150713          	addi	a4,a0,1
80000c1c:	00070693          	mv	a3,a4
80000c20:	00f50533          	add	a0,a0,a5
            while (--field_width > 0)
80000c24:	40d505b3          	sub	a1,a0,a3
80000c28:	06b04463          	bgtz	a1,80000c90 <rt_vsnprintf+0x350>
80000c2c:	00000513          	li	a0,0
80000c30:	00f05463          	blez	a5,80000c38 <rt_vsnprintf+0x2f8>
80000c34:	fff78513          	addi	a0,a5,-1
80000c38:	00a707b3          	add	a5,a4,a0
            c = (rt_uint8_t)va_arg(args, int);
80000c3c:	00060313          	mv	t1,a2
    for (; *fmt ; ++fmt)
80000c40:	00198993          	addi	s3,s3,1
80000c44:	00078513          	mv	a0,a5
80000c48:	0009c783          	lbu	a5,0(s3)
80000c4c:	d4079ee3          	bnez	a5,800009a8 <rt_vsnprintf+0x68>
            num = (rt_uint32_t)va_arg(args, unsigned long);
        }
        str = print_number(str, end, num, base, qualifier, field_width, precision, flags);
    }

    if (size > 0)
80000c50:	000b0663          	beqz	s6,80000c5c <rt_vsnprintf+0x31c>
    {
        if (str < end)
80000c54:	21757a63          	bgeu	a0,s7,80000e68 <rt_vsnprintf+0x528>
        {
            *str = '\0';
80000c58:	00050023          	sb	zero,0(a0)

    /* the trailing null byte doesn't count towards the total
    * ++str;
    */
    return str - buf;
}
80000c5c:	02c12083          	lw	ra,44(sp)
80000c60:	02812403          	lw	s0,40(sp)
80000c64:	02412483          	lw	s1,36(sp)
80000c68:	02012903          	lw	s2,32(sp)
80000c6c:	01c12983          	lw	s3,28(sp)
80000c70:	01412a83          	lw	s5,20(sp)
80000c74:	01012b03          	lw	s6,16(sp)
80000c78:	00c12b83          	lw	s7,12(sp)
80000c7c:	00812c03          	lw	s8,8(sp)
80000c80:	41450533          	sub	a0,a0,s4
80000c84:	01812a03          	lw	s4,24(sp)
80000c88:	03010113          	addi	sp,sp,48
80000c8c:	00008067          	ret
                if (str < end) *str = ' ';
80000c90:	0176f463          	bgeu	a3,s7,80000c98 <rt_vsnprintf+0x358>
80000c94:	01568023          	sb	s5,0(a3)
                ++ str;
80000c98:	00168693          	addi	a3,a3,1
80000c9c:	f89ff06f          	j	80000c24 <rt_vsnprintf+0x2e4>
            s = va_arg(args, char *);
80000ca0:	00032603          	lw	a2,0(t1)
80000ca4:	00430e13          	addi	t3,t1,4
            if (!s)
80000ca8:	00061663          	bnez	a2,80000cb4 <rt_vsnprintf+0x374>
                s = "(null)";
80000cac:	00004617          	auipc	a2,0x4
80000cb0:	db460613          	addi	a2,a2,-588 # 80004a60 <rt_system_timer_thread_init+0x4>
            for (len = 0; (len != field_width) && (s[len] != '\0'); len++);
80000cb4:	00000693          	li	a3,0
80000cb8:	00f68863          	beq	a3,a5,80000cc8 <rt_vsnprintf+0x388>
80000cbc:	00d60733          	add	a4,a2,a3
80000cc0:	00074703          	lbu	a4,0(a4)
80000cc4:	02071263          	bnez	a4,80000ce8 <rt_vsnprintf+0x3a8>
            if (precision > 0 && len > precision)
80000cc8:	01005663          	blez	a6,80000cd4 <rt_vsnprintf+0x394>
80000ccc:	00d85463          	bge	a6,a3,80000cd4 <rt_vsnprintf+0x394>
80000cd0:	00080693          	mv	a3,a6
            if (!(flags & LEFT))
80000cd4:	0108f893          	andi	a7,a7,16
80000cd8:	04089a63          	bnez	a7,80000d2c <rt_vsnprintf+0x3ec>
80000cdc:	00050713          	mv	a4,a0
                while (len < field_width--)
80000ce0:	00f50833          	add	a6,a0,a5
80000ce4:	0180006f          	j	80000cfc <rt_vsnprintf+0x3bc>
            for (len = 0; (len != field_width) && (s[len] != '\0'); len++);
80000ce8:	00168693          	addi	a3,a3,1
80000cec:	fcdff06f          	j	80000cb8 <rt_vsnprintf+0x378>
                    if (str < end) *str = ' ';
80000cf0:	01777463          	bgeu	a4,s7,80000cf8 <rt_vsnprintf+0x3b8>
80000cf4:	01570023          	sb	s5,0(a4)
                    ++ str;
80000cf8:	00170713          	addi	a4,a4,1
                while (len < field_width--)
80000cfc:	40e805b3          	sub	a1,a6,a4
80000d00:	feb6c8e3          	blt	a3,a1,80000cf0 <rt_vsnprintf+0x3b0>
80000d04:	40d785b3          	sub	a1,a5,a3
80000d08:	00000713          	li	a4,0
80000d0c:	00d7c463          	blt	a5,a3,80000d14 <rt_vsnprintf+0x3d4>
80000d10:	00058713          	mv	a4,a1
80000d14:	00e50533          	add	a0,a0,a4
80000d18:	fff78813          	addi	a6,a5,-1
80000d1c:	00000713          	li	a4,0
80000d20:	00d7c463          	blt	a5,a3,80000d28 <rt_vsnprintf+0x3e8>
80000d24:	40b00733          	neg	a4,a1
80000d28:	00e807b3          	add	a5,a6,a4
            for (i = 0; i < len; ++i)
80000d2c:	00000713          	li	a4,0
80000d30:	02d71863          	bne	a4,a3,80000d60 <rt_vsnprintf+0x420>
80000d34:	00d50733          	add	a4,a0,a3
80000d38:	00070613          	mv	a2,a4
            while (len < field_width--)
80000d3c:	00f70533          	add	a0,a4,a5
80000d40:	40c505b3          	sub	a1,a0,a2
80000d44:	02b6cc63          	blt	a3,a1,80000d7c <rt_vsnprintf+0x43c>
80000d48:	00000513          	li	a0,0
80000d4c:	00d7c463          	blt	a5,a3,80000d54 <rt_vsnprintf+0x414>
80000d50:	40d78533          	sub	a0,a5,a3
80000d54:	00a707b3          	add	a5,a4,a0
            s = va_arg(args, char *);
80000d58:	000e0313          	mv	t1,t3
80000d5c:	ee5ff06f          	j	80000c40 <rt_vsnprintf+0x300>
                if (str < end) *str = *s;
80000d60:	00e505b3          	add	a1,a0,a4
80000d64:	0175f863          	bgeu	a1,s7,80000d74 <rt_vsnprintf+0x434>
80000d68:	00e60833          	add	a6,a2,a4
80000d6c:	00084803          	lbu	a6,0(a6)
80000d70:	01058023          	sb	a6,0(a1)
            for (i = 0; i < len; ++i)
80000d74:	00170713          	addi	a4,a4,1
80000d78:	fb9ff06f          	j	80000d30 <rt_vsnprintf+0x3f0>
                if (str < end) *str = ' ';
80000d7c:	01767463          	bgeu	a2,s7,80000d84 <rt_vsnprintf+0x444>
80000d80:	01560023          	sb	s5,0(a2)
                ++ str;
80000d84:	00160613          	addi	a2,a2,1
80000d88:	fb9ff06f          	j	80000d40 <rt_vsnprintf+0x400>
            if (field_width == -1)
80000d8c:	fff00693          	li	a3,-1
80000d90:	00d79663          	bne	a5,a3,80000d9c <rt_vsnprintf+0x45c>
                flags |= ZEROPAD;
80000d94:	0218e893          	ori	a7,a7,33
                field_width += 2; /* `0x` prefix */
80000d98:	00a00793          	li	a5,10
            str = print_number(str, end, (unsigned long)va_arg(args, void *),
80000d9c:	00430c13          	addi	s8,t1,4
80000da0:	01000693          	li	a3,16
            num = va_arg(args, size_t);
80000da4:	00032603          	lw	a2,0(t1)
80000da8:	0780006f          	j	80000e20 <rt_vsnprintf+0x4e0>
            if (str < end)
80000dac:	c17576e3          	bgeu	a0,s7,800009b8 <rt_vsnprintf+0x78>
                *str = '%';
80000db0:	00d50023          	sb	a3,0(a0)
80000db4:	c05ff06f          	j	800009b8 <rt_vsnprintf+0x78>
            base = 8;
80000db8:	00800693          	li	a3,8
        if (qualifier == 'L')
80000dbc:	04c00613          	li	a2,76
80000dc0:	02c71e63          	bne	a4,a2,80000dfc <rt_vsnprintf+0x4bc>
            num = va_arg(args, unsigned long long);
80000dc4:	00730313          	addi	t1,t1,7
80000dc8:	ff837313          	andi	t1,t1,-8
80000dcc:	00830c13          	addi	s8,t1,8
80000dd0:	fd5ff06f          	j	80000da4 <rt_vsnprintf+0x464>
            flags |= LARGE;
80000dd4:	0408e893          	ori	a7,a7,64
            base = 16;
80000dd8:	01000693          	li	a3,16
80000ddc:	fe1ff06f          	j	80000dbc <rt_vsnprintf+0x47c>
            flags |= SIGN;
80000de0:	0028e893          	ori	a7,a7,2
        base = 10;
80000de4:	00a00693          	li	a3,10
80000de8:	fd5ff06f          	j	80000dbc <rt_vsnprintf+0x47c>
                -- fmt;
80000dec:	fff98993          	addi	s3,s3,-1
80000df0:	e51ff06f          	j	80000c40 <rt_vsnprintf+0x300>
            base = 2;
80000df4:	00200693          	li	a3,2
80000df8:	fc5ff06f          	j	80000dbc <rt_vsnprintf+0x47c>
        else if (qualifier == 'l')
80000dfc:	06c00613          	li	a2,108
            c = (rt_uint8_t)va_arg(args, int);
80000e00:	00430c13          	addi	s8,t1,4
        else if (qualifier == 'l')
80000e04:	fac700e3          	beq	a4,a2,80000da4 <rt_vsnprintf+0x464>
        else if (qualifier == 'H')
80000e08:	04800613          	li	a2,72
80000e0c:	02c71a63          	bne	a4,a2,80000e40 <rt_vsnprintf+0x500>
            if (flags & SIGN)
80000e10:	0028f593          	andi	a1,a7,2
            num = (rt_uint8_t)va_arg(args, rt_int32_t);
80000e14:	00032603          	lw	a2,0(t1)
            if (flags & SIGN)
80000e18:	00059e63          	bnez	a1,80000e34 <rt_vsnprintf+0x4f4>
            num = (rt_uint8_t)va_arg(args, rt_int32_t);
80000e1c:	0ff67613          	andi	a2,a2,255
        str = print_number(str, end, num, base, qualifier, field_width, precision, flags);
80000e20:	000b8593          	mv	a1,s7
80000e24:	fe4ff0ef          	jal	ra,80000608 <print_number>
80000e28:	00050793          	mv	a5,a0
80000e2c:	000c0313          	mv	t1,s8
80000e30:	e11ff06f          	j	80000c40 <rt_vsnprintf+0x300>
                num = (rt_int8_t)num;
80000e34:	01861613          	slli	a2,a2,0x18
80000e38:	41865613          	srai	a2,a2,0x18
80000e3c:	fe5ff06f          	j	80000e20 <rt_vsnprintf+0x4e0>
        else if (qualifier == 'h')
80000e40:	06800613          	li	a2,104
80000e44:	f6c710e3          	bne	a4,a2,80000da4 <rt_vsnprintf+0x464>
            if (flags & SIGN)
80000e48:	0028f593          	andi	a1,a7,2
            num = (rt_uint16_t)va_arg(args, rt_int32_t);
80000e4c:	00032603          	lw	a2,0(t1)
            if (flags & SIGN)
80000e50:	00059663          	bnez	a1,80000e5c <rt_vsnprintf+0x51c>
            num = (rt_uint16_t)va_arg(args, rt_int32_t);
80000e54:	00867633          	and	a2,a2,s0
80000e58:	fc9ff06f          	j	80000e20 <rt_vsnprintf+0x4e0>
                num = (rt_int16_t)num;
80000e5c:	01061613          	slli	a2,a2,0x10
80000e60:	41065613          	srai	a2,a2,0x10
80000e64:	fbdff06f          	j	80000e20 <rt_vsnprintf+0x4e0>
            end[-1] = '\0';
80000e68:	fe0b8fa3          	sb	zero,-1(s7)
80000e6c:	df1ff06f          	j	80000c5c <rt_vsnprintf+0x31c>

80000e70 <main>:
    rt_thread_t thread = rt_thread_create(name, entry, RT_NULL, 1024, 12, 2);
    if (thread == RT_NULL || rt_thread_startup(thread) != RT_EOK) bsp_test_fail(2);
}

int main(void)
{
80000e70:	ff010113          	addi	sp,sp,-16
    rt_kprintf("RT-Thread/superScalar test start\n");
80000e74:	00004517          	auipc	a0,0x4
80000e78:	ca050513          	addi	a0,a0,-864 # 80004b14 <small_digits.0+0x14>
{
80000e7c:	00112623          	sw	ra,12(sp)
80000e80:	00812423          	sw	s0,8(sp)
    rt_kprintf("RT-Thread/superScalar test start\n");
80000e84:	2a4010ef          	jal	ra,80002128 <rt_kprintf>
    if (initialized_data != 0x13579bdf || zeroed_bss != 0) bsp_test_fail(1);
    bsp_test_pass(1);
#elif defined(RTT_TEST_BOOT)
    bsp_test_pass(2);
#elif defined(RTT_TEST_TICK)
    rt_tick_t begin = rt_tick_get();
80000e88:	21c000ef          	jal	ra,800010a4 <rt_tick_get>
80000e8c:	00050413          	mv	s0,a0
    rt_thread_mdelay(60);
80000e90:	03c00513          	li	a0,60
80000e94:	2f8030ef          	jal	ra,8000418c <rt_thread_mdelay>
    if ((rt_tick_get() - begin) < 5) bsp_test_fail(3);
80000e98:	20c000ef          	jal	ra,800010a4 <rt_tick_get>
80000e9c:	40850533          	sub	a0,a0,s0
80000ea0:	00400793          	li	a5,4
80000ea4:	00a7e663          	bltu	a5,a0,80000eb0 <main+0x40>
80000ea8:	00300513          	li	a0,3
80000eac:	0e4000ef          	jal	ra,80000f90 <bsp_test_fail>
    bsp_test_pass(3);
80000eb0:	00300513          	li	a0,3
80000eb4:	0bc000ef          	jal	ra,80000f70 <bsp_test_pass>
    rt_thread_mdelay(60);
    if (worker_a_count == 0 || worker_b_count == 0) bsp_test_fail(6);
    bsp_test_pass(5);
#endif
    return 0;
}
80000eb8:	00c12083          	lw	ra,12(sp)
80000ebc:	00812403          	lw	s0,8(sp)
80000ec0:	00000513          	li	a0,0
80000ec4:	01010113          	addi	sp,sp,16
80000ec8:	00008067          	ret

80000ecc <mtime_read>:
static uint64_t mtime_read(void)
{
    volatile uint32_t *lo = (volatile uint32_t *)BSP_MTIME_LO;
    volatile uint32_t *hi = (volatile uint32_t *)BSP_MTIME_HI;
    uint32_t h0, l, h1;
    do { h0 = *hi; l = *lo; h1 = *hi; } while (h0 != h1);
80000ecc:	0200c7b7          	lui	a5,0x200c
80000ed0:	ffc7a583          	lw	a1,-4(a5) # 200bffc <_start-0x7dff4004>
80000ed4:	ff87a503          	lw	a0,-8(a5)
80000ed8:	ffc7a703          	lw	a4,-4(a5)
80000edc:	fee59ae3          	bne	a1,a4,80000ed0 <mtime_read+0x4>
    return ((uint64_t)h0 << 32) | l;
}
80000ee0:	00008067          	ret

80000ee4 <rt_hw_board_init>:
    *lo = (uint32_t)value;
    *hi = (uint32_t)(value >> 32);
}

void rt_hw_board_init(void)
{
80000ee4:	ff010113          	addi	sp,sp,-16
80000ee8:	00112623          	sw	ra,12(sp)
    uintptr_t vector = (uintptr_t)trap_entry;
    __asm__ volatile ("csrw mtvec, %0" :: "r"(vector));
80000eec:	fffff797          	auipc	a5,0xfffff
80000ef0:	4d878793          	addi	a5,a5,1240 # 800003c4 <trap_entry>
80000ef4:	30579073          	csrw	mtvec,a5
    rt_system_heap_init(__heap_start, __heap_end);
80000ef8:	0013b597          	auipc	a1,0x13b
80000efc:	10858593          	addi	a1,a1,264 # 8013c000 <__heap_end>
80000f00:	e1818513          	addi	a0,gp,-488 # 80100618 <__bss_end>
80000f04:	568010ef          	jal	ra,8000246c <rt_system_heap_init>
    timer_next = mtime_read() + BSP_CPU_HZ / RT_TICK_PER_SECOND;
80000f08:	fc5ff0ef          	jal	ra,80000ecc <mtime_read>
80000f0c:	0007a7b7          	lui	a5,0x7a
80000f10:	12078793          	addi	a5,a5,288 # 7a120 <_start-0x7ff85ee0>
80000f14:	00f507b3          	add	a5,a0,a5
80000f18:	00a7b533          	sltu	a0,a5,a0
80000f1c:	00b505b3          	add	a1,a0,a1
80000f20:	91018713          	addi	a4,gp,-1776 # 80100110 <timer_next>
80000f24:	00f72023          	sw	a5,0(a4)
80000f28:	00b72223          	sw	a1,4(a4)
    *hi = UINT32_MAX;
80000f2c:	fff00693          	li	a3,-1
80000f30:	02004737          	lui	a4,0x2004
80000f34:	00d72223          	sw	a3,4(a4) # 2004004 <_start-0x7dffbffc>
    *lo = (uint32_t)value;
80000f38:	00f72023          	sw	a5,0(a4)
    *hi = (uint32_t)(value >> 32);
80000f3c:	00b72223          	sw	a1,4(a4)
    mtimecmp_write(timer_next);
    __asm__ volatile ("csrs mie, %0" :: "r"(0x80));
80000f40:	08000793          	li	a5,128
80000f44:	3047a073          	csrs	mie,a5
}
80000f48:	00c12083          	lw	ra,12(sp)
80000f4c:	01010113          	addi	sp,sp,16
80000f50:	00008067          	ret

80000f54 <rt_hw_console_output>:

void rt_hw_console_output(const char *str)
{
    volatile uint8_t *console = (volatile uint8_t *)BSP_SIM_CONSOLE;
    while (*str) console[0] = (uint8_t)*str++;
80000f54:	80200737          	lui	a4,0x80200
80000f58:	00054783          	lbu	a5,0(a0)
80000f5c:	00079463          	bnez	a5,80000f64 <rt_hw_console_output+0x10>
}
80000f60:	00008067          	ret
    while (*str) console[0] = (uint8_t)*str++;
80000f64:	00150513          	addi	a0,a0,1
80000f68:	06f70023          	sb	a5,96(a4) # 80200060 <__rt_rvstack+0xc0060>
80000f6c:	fedff06f          	j	80000f58 <rt_hw_console_output+0x4>

80000f70 <bsp_test_pass>:
    return mepc;
}

void bsp_test_pass(unsigned int code)
{
    *(volatile uint32_t *)BSP_SIM_STATUS = BSP_SIM_PASS | (code << 8);
80000f70:	525457b7          	lui	a5,0x52545
80000f74:	00178793          	addi	a5,a5,1 # 52545001 <_start-0x2dabafff>
80000f78:	00851513          	slli	a0,a0,0x8
80000f7c:	00f56533          	or	a0,a0,a5
80000f80:	802007b7          	lui	a5,0x80200
80000f84:	06a7a223          	sw	a0,100(a5) # 80200064 <__rt_rvstack+0xc0064>
    for (;;) __asm__ volatile ("nop");
80000f88:	00000013          	nop
80000f8c:	ffdff06f          	j	80000f88 <bsp_test_pass+0x18>

80000f90 <bsp_test_fail>:
}

void bsp_test_fail(unsigned int code)
{
    *(volatile uint32_t *)BSP_SIM_STATUS = BSP_SIM_FAIL | (code & 0xff);
80000f90:	525447b7          	lui	a5,0x52544
80000f94:	60078793          	addi	a5,a5,1536 # 52544600 <_start-0x2dabba00>
80000f98:	0ff57513          	andi	a0,a0,255
80000f9c:	00f56533          	or	a0,a0,a5
80000fa0:	802007b7          	lui	a5,0x80200
80000fa4:	06a7a223          	sw	a0,100(a5) # 80200064 <__rt_rvstack+0xc0064>
    for (;;) __asm__ volatile ("nop");
80000fa8:	00000013          	nop
80000fac:	ffdff06f          	j	80000fa8 <bsp_test_fail+0x18>

80000fb0 <handle_trap>:
{
80000fb0:	fe010113          	addi	sp,sp,-32
    if (mcause == 0x80000007UL)
80000fb4:	800007b7          	lui	a5,0x80000
{
80000fb8:	00112e23          	sw	ra,28(sp)
80000fbc:	00812c23          	sw	s0,24(sp)
80000fc0:	00912a23          	sw	s1,20(sp)
80000fc4:	01212823          	sw	s2,16(sp)
80000fc8:	01312623          	sw	s3,12(sp)
    if (mcause == 0x80000007UL)
80000fcc:	00778793          	addi	a5,a5,7 # 80000007 <__rt_rvstack+0xffec0007>
80000fd0:	0af51863          	bne	a0,a5,80001080 <handle_trap+0xd0>
        timer_next += BSP_CPU_HZ / RT_TICK_PER_SECOND;
80000fd4:	91018913          	addi	s2,gp,-1776 # 80100110 <timer_next>
80000fd8:	00092783          	lw	a5,0(s2)
80000fdc:	0007a4b7          	lui	s1,0x7a
80000fe0:	00492403          	lw	s0,4(s2)
80000fe4:	12048493          	addi	s1,s1,288 # 7a120 <_start-0x7ff85ee0>
80000fe8:	009784b3          	add	s1,a5,s1
80000fec:	00f4b7b3          	sltu	a5,s1,a5
80000ff0:	00878433          	add	s0,a5,s0
80000ff4:	00992023          	sw	s1,0(s2)
80000ff8:	00892223          	sw	s0,4(s2)
80000ffc:	00058993          	mv	s3,a1
        if ((int64_t)(timer_next - mtime_read()) <= 0)
80001000:	ecdff0ef          	jal	ra,80000ecc <mtime_read>
80001004:	40a48533          	sub	a0,s1,a0
80001008:	00a4b4b3          	sltu	s1,s1,a0
8000100c:	40b40433          	sub	s0,s0,a1
80001010:	40940433          	sub	s0,s0,s1
80001014:	02804663          	bgtz	s0,80001040 <handle_trap+0x90>
80001018:	00041463          	bnez	s0,80001020 <handle_trap+0x70>
8000101c:	02051263          	bnez	a0,80001040 <handle_trap+0x90>
            timer_next = mtime_read() + BSP_CPU_HZ / RT_TICK_PER_SECOND;
80001020:	eadff0ef          	jal	ra,80000ecc <mtime_read>
80001024:	0007a7b7          	lui	a5,0x7a
80001028:	12078793          	addi	a5,a5,288 # 7a120 <_start-0x7ff85ee0>
8000102c:	00f507b3          	add	a5,a0,a5
80001030:	00a7b533          	sltu	a0,a5,a0
80001034:	00b50533          	add	a0,a0,a1
80001038:	00f92023          	sw	a5,0(s2)
8000103c:	00a92223          	sw	a0,4(s2)
        mtimecmp_write(timer_next);
80001040:	00092683          	lw	a3,0(s2)
80001044:	00492703          	lw	a4,4(s2)
    *hi = UINT32_MAX;
80001048:	020047b7          	lui	a5,0x2004
8000104c:	fff00613          	li	a2,-1
80001050:	00c7a223          	sw	a2,4(a5) # 2004004 <_start-0x7dffbffc>
    *lo = (uint32_t)value;
80001054:	00d7a023          	sw	a3,0(a5)
    *hi = (uint32_t)(value >> 32);
80001058:	00e7a223          	sw	a4,4(a5)
        rt_tick_increase();
8000105c:	074000ef          	jal	ra,800010d0 <rt_tick_increase>
}
80001060:	01c12083          	lw	ra,28(sp)
80001064:	01812403          	lw	s0,24(sp)
80001068:	01412483          	lw	s1,20(sp)
8000106c:	01012903          	lw	s2,16(sp)
80001070:	00098513          	mv	a0,s3
80001074:	00c12983          	lw	s3,12(sp)
80001078:	02010113          	addi	sp,sp,32
8000107c:	00008067          	ret
    bsp_test_fail((unsigned int)(mcause & 0xff));
80001080:	0ff57513          	andi	a0,a0,255
80001084:	f0dff0ef          	jal	ra,80000f90 <bsp_test_fail>

80001088 <memset>:
long double strtold(const char *text, char **end) { if (end) *end = (char *)text; return 0.0L; }

void *memset(void *dst, int value, unsigned int size)
{
    unsigned char *p = (unsigned char *)dst;
    while (size--) *p++ = (unsigned char)value;
80001088:	00c50633          	add	a2,a0,a2
    unsigned char *p = (unsigned char *)dst;
8000108c:	00050793          	mv	a5,a0
    while (size--) *p++ = (unsigned char)value;
80001090:	00c79463          	bne	a5,a2,80001098 <memset+0x10>
    return dst;
}
80001094:	00008067          	ret
    while (size--) *p++ = (unsigned char)value;
80001098:	00178793          	addi	a5,a5,1
8000109c:	feb78fa3          	sb	a1,-1(a5)
800010a0:	ff1ff06f          	j	80001090 <memset+0x8>

800010a4 <rt_tick_get>:
 * @brief    This function will return current tick from operating system startup.
 *
 * @return   Return current tick.
 */
rt_tick_t rt_tick_get(void)
{
800010a4:	ff010113          	addi	sp,sp,-16
800010a8:	00112623          	sw	ra,12(sp)
800010ac:	00812423          	sw	s0,8(sp)

rt_inline rt_atomic_t rt_soft_atomic_load(volatile rt_atomic_t *ptr)
{
    rt_base_t level;
    rt_atomic_t temp;
    level = rt_hw_interrupt_disable();
800010b0:	944ff0ef          	jal	ra,800001f4 <rt_hw_interrupt_disable>
    temp = *ptr;
800010b4:	9181a403          	lw	s0,-1768(gp) # 80100118 <rt_tick>
    rt_hw_interrupt_enable(level);
800010b8:	944ff0ef          	jal	ra,800001fc <rt_hw_interrupt_enable>
    /* return the global tick */
    return (rt_tick_t)rt_atomic_load(&(rt_tick));
}
800010bc:	00c12083          	lw	ra,12(sp)
800010c0:	00040513          	mv	a0,s0
800010c4:	00812403          	lw	s0,8(sp)
800010c8:	01010113          	addi	sp,sp,16
800010cc:	00008067          	ret

800010d0 <rt_tick_increase>:
/**
 * @brief    This function will notify kernel there is one tick passed.
 *           Normally, this function is invoked by clock ISR.
 */
void rt_tick_increase(void)
{
800010d0:	ff010113          	addi	sp,sp,-16
800010d4:	00112623          	sw	ra,12(sp)
    RT_ASSERT(rt_interrupt_get_nest() > 0);
800010d8:	7d5000ef          	jal	ra,800020ac <rt_interrupt_get_nest>
800010dc:	00051e63          	bnez	a0,800010f8 <rt_tick_increase+0x28>
800010e0:	08a00613          	li	a2,138
800010e4:	00004597          	auipc	a1,0x4
800010e8:	a7058593          	addi	a1,a1,-1424 # 80004b54 <__FUNCTION__.1>
800010ec:	00004517          	auipc	a0,0x4
800010f0:	a4c50513          	addi	a0,a0,-1460 # 80004b38 <small_digits.0+0x38>
800010f4:	2b0010ef          	jal	ra,800023a4 <rt_assert_handler>

    RT_OBJECT_HOOK_CALL(rt_tick_hook, ());
800010f8:	91c1a783          	lw	a5,-1764(gp) # 8010011c <rt_tick_hook>
800010fc:	00078463          	beqz	a5,80001104 <rt_tick_increase+0x34>
80001100:	000780e7          	jalr	a5
    level = rt_hw_interrupt_disable();
80001104:	8f0ff0ef          	jal	ra,800001f4 <rt_hw_interrupt_disable>
    temp = *ptr;
80001108:	91818793          	addi	a5,gp,-1768 # 80100118 <rt_tick>
8000110c:	0007a703          	lw	a4,0(a5)
    *ptr += val;
80001110:	0007a703          	lw	a4,0(a5)
80001114:	00170713          	addi	a4,a4,1
80001118:	00e7a023          	sw	a4,0(a5)
    rt_hw_interrupt_enable(level);
8000111c:	8e0ff0ef          	jal	ra,800001fc <rt_hw_interrupt_enable>
#else
    rt_atomic_add(&(rt_tick), 1);
#endif /* RT_USING_SMP */

    /* check time slice */
    rt_sched_tick_increase(1);
80001120:	00100513          	li	a0,1
80001124:	018020ef          	jal	ra,8000313c <rt_sched_tick_increase>
    rt_timer_check();

#ifdef RT_USING_VDSO
    rt_vdso_sync_clock_data();
#endif
}
80001128:	00c12083          	lw	ra,12(sp)
8000112c:	01010113          	addi	sp,sp,16
    rt_timer_check();
80001130:	7800306f          	j	800048b0 <rt_timer_check>

80001134 <rt_tick_from_millisecond>:
 */
rt_tick_t rt_tick_from_millisecond(rt_int32_t ms)
{
    rt_tick_t tick;

    if (ms < 0)
80001134:	02054663          	bltz	a0,80001160 <rt_tick_from_millisecond+0x2c>
    else
    {
#if RT_TICK_PER_SECOND == 1000u
        tick = ms;
#else
        tick = RT_TICK_PER_SECOND * (ms / 1000);
80001138:	3e800713          	li	a4,1000
8000113c:	02e547b3          	div	a5,a0,a4
80001140:	06400693          	li	a3,100
        tick += (RT_TICK_PER_SECOND * (ms % 1000) + 999) / 1000;
80001144:	02e56533          	rem	a0,a0,a4
80001148:	02d50533          	mul	a0,a0,a3
8000114c:	3e750513          	addi	a0,a0,999
80001150:	02e54533          	div	a0,a0,a4
        tick = RT_TICK_PER_SECOND * (ms / 1000);
80001154:	02d787b3          	mul	a5,a5,a3
        tick += (RT_TICK_PER_SECOND * (ms % 1000) + 999) / 1000;
80001158:	00f50533          	add	a0,a0,a5
8000115c:	00008067          	ret
        tick = (rt_tick_t)RT_WAITING_FOREVER;
80001160:	fff00513          	li	a0,-1
#endif /* RT_TICK_PER_SECOND == 1000u */
    }

    /* return the calculated tick */
    return tick;
}
80001164:	00008067          	ret

80001168 <rti_start>:
}
80001168:	00000513          	li	a0,0
8000116c:	00008067          	ret

80001170 <rti_end>:
80001170:	00000513          	li	a0,0
80001174:	00008067          	ret

80001178 <rti_board_start>:
80001178:	00000513          	li	a0,0
8000117c:	00008067          	ret

80001180 <rti_board_end>:
80001180:	00000513          	li	a0,0
80001184:	00008067          	ret

80001188 <rt_components_init>:
{
80001188:	ff010113          	addi	sp,sp,-16
8000118c:	00812423          	sw	s0,8(sp)
80001190:	00912223          	sw	s1,4(sp)
80001194:	00112623          	sw	ra,12(sp)
    for (fn_ptr = &__rt_init_rti_board_end; fn_ptr < &__rt_init_rti_end; fn_ptr ++)
80001198:	00005417          	auipc	s0,0x5
8000119c:	93840413          	addi	s0,s0,-1736 # 80005ad0 <__rt_init_rti_board_end>
800011a0:	00005497          	auipc	s1,0x5
800011a4:	93448493          	addi	s1,s1,-1740 # 80005ad4 <__rt_init_rti_end>
800011a8:	00946c63          	bltu	s0,s1,800011c0 <rt_components_init+0x38>
}
800011ac:	00c12083          	lw	ra,12(sp)
800011b0:	00812403          	lw	s0,8(sp)
800011b4:	00412483          	lw	s1,4(sp)
800011b8:	01010113          	addi	sp,sp,16
800011bc:	00008067          	ret
        (*fn_ptr)();
800011c0:	00042783          	lw	a5,0(s0)
    for (fn_ptr = &__rt_init_rti_board_end; fn_ptr < &__rt_init_rti_end; fn_ptr ++)
800011c4:	00440413          	addi	s0,s0,4
        (*fn_ptr)();
800011c8:	000780e7          	jalr	a5
    for (fn_ptr = &__rt_init_rti_board_end; fn_ptr < &__rt_init_rti_end; fn_ptr ++)
800011cc:	fddff06f          	j	800011a8 <rt_components_init+0x20>

800011d0 <main_thread_entry>:
 *         entry main().
 *
 * @param  parameter is the arg of the thread.
 */
static void main_thread_entry(void *parameter)
{
800011d0:	ff010113          	addi	sp,sp,-16
800011d4:	00112623          	sw	ra,12(sp)
    extern int main(void);
    RT_UNUSED(parameter);

#ifdef RT_USING_COMPONENTS_INIT
    /* RT-Thread components initialization */
    rt_components_init();
800011d8:	fb1ff0ef          	jal	ra,80001188 <rt_components_init>
        $Super$$main(); /* for ARMCC. */
    }
#elif defined(__ICCARM__) || defined(__GNUC__) || defined(__TASKING__) || defined(__TI_COMPILER_VERSION__)
    main();
#endif /* __ARMCC_VERSION */
}
800011dc:	00c12083          	lw	ra,12(sp)
800011e0:	01010113          	addi	sp,sp,16
    main();
800011e4:	c8dff06f          	j	80000e70 <main>

800011e8 <rt_application_init>:
void rt_application_init(void)
{
    rt_thread_t tid;

#ifdef RT_USING_HEAP
    tid = rt_thread_create("main", main_thread_entry, RT_NULL,
800011e8:	000016b7          	lui	a3,0x1
{
800011ec:	ff010113          	addi	sp,sp,-16
    tid = rt_thread_create("main", main_thread_entry, RT_NULL,
800011f0:	01400793          	li	a5,20
800011f4:	00a00713          	li	a4,10
800011f8:	80068693          	addi	a3,a3,-2048 # 800 <_start-0x7ffff800>
800011fc:	00000613          	li	a2,0
80001200:	00000597          	auipc	a1,0x0
80001204:	fd058593          	addi	a1,a1,-48 # 800011d0 <main_thread_entry>
80001208:	00004517          	auipc	a0,0x4
8000120c:	96050513          	addi	a0,a0,-1696 # 80004b68 <__FUNCTION__.1+0x14>
{
80001210:	00812423          	sw	s0,8(sp)
80001214:	00112623          	sw	ra,12(sp)
    tid = rt_thread_create("main", main_thread_entry, RT_NULL,
80001218:	325020ef          	jal	ra,80003d3c <rt_thread_create>
8000121c:	00050413          	mv	s0,a0
                           RT_MAIN_THREAD_STACK_SIZE, RT_MAIN_THREAD_PRIORITY, 20);
    RT_ASSERT(tid != RT_NULL);
80001220:	00051e63          	bnez	a0,8000123c <rt_application_init+0x54>
80001224:	0dd00613          	li	a2,221
80001228:	00004597          	auipc	a1,0x4
8000122c:	95858593          	addi	a1,a1,-1704 # 80004b80 <__FUNCTION__.0>
80001230:	00004517          	auipc	a0,0x4
80001234:	94050513          	addi	a0,a0,-1728 # 80004b70 <__FUNCTION__.1+0x1c>
80001238:	16c010ef          	jal	ra,800023a4 <rt_assert_handler>

    /* if not define RT_USING_HEAP, using to eliminate the warning */
    (void)result;
#endif /* RT_USING_HEAP */

    rt_thread_startup(tid);
8000123c:	00040513          	mv	a0,s0
}
80001240:	00812403          	lw	s0,8(sp)
80001244:	00c12083          	lw	ra,12(sp)
80001248:	01010113          	addi	sp,sp,16
    rt_thread_startup(tid);
8000124c:	0100306f          	j	8000425c <rt_thread_startup>

80001250 <rtthread_startup>:
 *         the initialization of the system, and finally start the scheduler.
 *
 * @return Normally never returns. If 0 is returned, the scheduler failed.
 */
int rtthread_startup(void)
{
80001250:	ff010113          	addi	sp,sp,-16
80001254:	00112623          	sw	ra,12(sp)
#ifdef RT_USING_SMP
    rt_hw_spin_lock_init(&_cpus_lock);
#endif
    rt_hw_local_irq_disable();
80001258:	f9dfe0ef          	jal	ra,800001f4 <rt_hw_interrupt_disable>

    /* board level initialization
     * NOTE: please initialize heap inside board initialization.
     */
    rt_hw_board_init();
8000125c:	c89ff0ef          	jal	ra,80000ee4 <rt_hw_board_init>

    /* show RT-Thread version */
    rt_show_version();
80001260:	781000ef          	jal	ra,800021e0 <rt_show_version>

    /* timer system initialization */
    rt_system_timer_init();
80001264:	7e4030ef          	jal	ra,80004a48 <rt_system_timer_init>

    /* scheduler system initialization */
    rt_system_scheduler_init();
80001268:	108020ef          	jal	ra,80003370 <rt_system_scheduler_init>
    /* signal system initialization */
    rt_system_signal_init();
#endif /* RT_USING_SIGNALS */

    /* create init_thread */
    rt_application_init();
8000126c:	f7dff0ef          	jal	ra,800011e8 <rt_application_init>

    /* timer thread initialization */
    rt_system_timer_thread_init();
80001270:	7ec030ef          	jal	ra,80004a5c <rt_system_timer_thread_init>

    /* idle thread initialization */
    rt_thread_idle_init();
80001274:	224000ef          	jal	ra,80001498 <rt_thread_idle_init>

    /* defunct thread initialization */
    rt_thread_defunct_init();
80001278:	1e4000ef          	jal	ra,8000145c <rt_thread_defunct_init>
#ifdef RT_USING_SMP
    rt_hw_spin_lock(&_cpus_lock);
#endif /* RT_USING_SMP */

    /* start scheduler */
    rt_system_scheduler_start();
8000127c:	30c020ef          	jal	ra,80003588 <rt_system_scheduler_start>

    /* never reach here */
    return 0;
}
80001280:	00c12083          	lw	ra,12(sp)
80001284:	00000513          	li	a0,0
80001288:	01010113          	addi	sp,sp,16
8000128c:	00008067          	ret

80001290 <rt_spin_lock_init>:
 * @param   lock is a pointer to the spinlock to initialize.
 */
void rt_spin_lock_init(struct rt_spinlock *lock)
{
    RT_UNUSED(lock);
}
80001290:	00008067          	ret

80001294 <rt_spin_lock>:
 *
 * @param   lock is a pointer to the spinlock.
 */
void rt_spin_lock(struct rt_spinlock *lock)
{
    rt_enter_critical();
80001294:	5100206f          	j	800037a4 <rt_enter_critical>

80001298 <rt_spin_unlock>:
 */
void rt_spin_unlock(struct rt_spinlock *lock)
{
    rt_base_t critical_level;
    RT_SPIN_UNLOCK_DEBUG(lock, critical_level);
    rt_exit_critical_safe(critical_level);
80001298:	00000513          	li	a0,0
8000129c:	5a00206f          	j	8000383c <rt_exit_critical_safe>

800012a0 <rt_spin_lock_irqsave>:
 * @param   lock is a pointer to the spinlock.
 *
 * @return  Return current cpu interrupt status.
 */
rt_base_t rt_spin_lock_irqsave(struct rt_spinlock *lock)
{
800012a0:	ff010113          	addi	sp,sp,-16
800012a4:	00112623          	sw	ra,12(sp)
800012a8:	00812423          	sw	s0,8(sp)
    rt_base_t level;
    RT_UNUSED(lock);
    level = rt_hw_interrupt_disable();
800012ac:	f49fe0ef          	jal	ra,800001f4 <rt_hw_interrupt_disable>
800012b0:	00050413          	mv	s0,a0
    rt_enter_critical();
800012b4:	4f0020ef          	jal	ra,800037a4 <rt_enter_critical>
    RT_SPIN_LOCK_DEBUG(lock);
    return level;
}
800012b8:	00c12083          	lw	ra,12(sp)
800012bc:	00040513          	mv	a0,s0
800012c0:	00812403          	lw	s0,8(sp)
800012c4:	01010113          	addi	sp,sp,16
800012c8:	00008067          	ret

800012cc <rt_spin_unlock_irqrestore>:
 * @param   lock is a pointer to the spinlock.
 *
 * @param   level is interrupt status returned by rt_spin_lock_irqsave().
 */
void rt_spin_unlock_irqrestore(struct rt_spinlock *lock, rt_base_t level)
{
800012cc:	ff010113          	addi	sp,sp,-16
    rt_base_t critical_level;
    RT_SPIN_UNLOCK_DEBUG(lock, critical_level);
    rt_exit_critical_safe(critical_level);
800012d0:	00000513          	li	a0,0
{
800012d4:	00812423          	sw	s0,8(sp)
800012d8:	00112623          	sw	ra,12(sp)
800012dc:	00058413          	mv	s0,a1
    rt_exit_critical_safe(critical_level);
800012e0:	55c020ef          	jal	ra,8000383c <rt_exit_critical_safe>
    rt_hw_interrupt_enable(level);
800012e4:	00040513          	mv	a0,s0
}
800012e8:	00812403          	lw	s0,8(sp)
800012ec:	00c12083          	lw	ra,12(sp)
800012f0:	01010113          	addi	sp,sp,16
    rt_hw_interrupt_enable(level);
800012f4:	f09fe06f          	j	800001fc <rt_hw_interrupt_enable>

800012f8 <rt_cpu_self>:
 * @return  Return a pointer to the current cpu object.
 */
struct rt_cpu *rt_cpu_self(void)
{
    return &_cpu;
}
800012f8:	92018513          	addi	a0,gp,-1760 # 80100120 <_cpu>
800012fc:	00008067          	ret

80001300 <rt_cpu_index>:
 *
 * @return  Return a pointer to the cpu object corresponding to index.
 */
struct rt_cpu *rt_cpu_index(int index)
{
    return index == 0 ? &_cpu : RT_NULL;
80001300:	00050663          	beqz	a0,8000130c <rt_cpu_index+0xc>
80001304:	00000513          	li	a0,0
80001308:	00008067          	ret
8000130c:	92018513          	addi	a0,gp,-1760 # 80100120 <_cpu>
}
80001310:	00008067          	ret

80001314 <rt_thread_defunct_enqueue>:
 * @param thread the thread to be enqueued.
 *
 * @note It must be called between rt_hw_interrupt_disable and rt_hw_interrupt_enable
 */
void rt_thread_defunct_enqueue(rt_thread_t thread)
{
80001314:	ff010113          	addi	sp,sp,-16
80001318:	00912223          	sw	s1,4(sp)
    rt_base_t level;
    level = rt_spin_lock_irqsave(&_defunct_spinlock);
8000131c:	92818493          	addi	s1,gp,-1752 # 80100128 <_defunct_spinlock>
{
80001320:	00812423          	sw	s0,8(sp)
80001324:	00050413          	mv	s0,a0
    level = rt_spin_lock_irqsave(&_defunct_spinlock);
80001328:	00048513          	mv	a0,s1
{
8000132c:	00112623          	sw	ra,12(sp)
    level = rt_spin_lock_irqsave(&_defunct_spinlock);
80001330:	f71ff0ef          	jal	ra,800012a0 <rt_spin_lock_irqsave>
 * @param l list to insert it
 * @param n new node to be inserted
 */
rt_inline void rt_list_insert_after(rt_list_t *l, rt_list_t *n)
{
    l->next->prev = n;
80001334:	000ff797          	auipc	a5,0xff
80001338:	ccc78793          	addi	a5,a5,-820 # 80100000 <_rt_thread_defunct>
8000133c:	0007a683          	lw	a3,0(a5)
    rt_list_insert_after(&_rt_thread_defunct, &RT_THREAD_LIST_NODE(thread));
80001340:	03440713          	addi	a4,s0,52
    rt_spin_unlock_irqrestore(&_defunct_spinlock, level);
#if defined(RT_USING_SMP) || defined(RT_USING_SMART)
    rt_sem_release(&system_sem);
#endif
}
80001344:	00c12083          	lw	ra,12(sp)
80001348:	00e6a223          	sw	a4,4(a3)
    n->next = l->next;
8000134c:	02d42a23          	sw	a3,52(s0)

    l->next = n;
    n->prev = l;
80001350:	02f42c23          	sw	a5,56(s0)
80001354:	00812403          	lw	s0,8(sp)
    level = rt_spin_lock_irqsave(&_defunct_spinlock);
80001358:	00050593          	mv	a1,a0
    rt_spin_unlock_irqrestore(&_defunct_spinlock, level);
8000135c:	00048513          	mv	a0,s1
}
80001360:	00412483          	lw	s1,4(sp)
    l->next = n;
80001364:	00e7a023          	sw	a4,0(a5)
80001368:	01010113          	addi	sp,sp,16
    rt_spin_unlock_irqrestore(&_defunct_spinlock, level);
8000136c:	f61ff06f          	j	800012cc <rt_spin_unlock_irqrestore>

80001370 <rt_thread_defunct_dequeue>:

/**
 * @brief Dequeue a thread from defunct queue.
 */
rt_thread_t rt_thread_defunct_dequeue(void)
{
80001370:	ff010113          	addi	sp,sp,-16
    rt_base_t   level;
    rt_thread_t thread = RT_NULL;
    rt_list_t  *l      = &_rt_thread_defunct;

    level = rt_spin_lock_irqsave(&_defunct_spinlock);
80001374:	92818513          	addi	a0,gp,-1752 # 80100128 <_defunct_spinlock>
{
80001378:	00812423          	sw	s0,8(sp)
8000137c:	00112623          	sw	ra,12(sp)
    level = rt_spin_lock_irqsave(&_defunct_spinlock);
80001380:	f21ff0ef          	jal	ra,800012a0 <rt_spin_lock_irqsave>
 * @brief tests whether a list is empty
 * @param l the list to test.
 */
rt_inline int rt_list_isempty(const rt_list_t *l)
{
    return l->next == l;
80001384:	000ff717          	auipc	a4,0xff
80001388:	c7c70713          	addi	a4,a4,-900 # 80100000 <_rt_thread_defunct>
8000138c:	00072783          	lw	a5,0(a4)
80001390:	00050593          	mv	a1,a0
80001394:	00000413          	li	s0,0
    if (!rt_list_isempty(l))
80001398:	02e78063          	beq	a5,a4,800013b8 <rt_thread_defunct_dequeue+0x48>
    n->next->prev = n->prev;
8000139c:	0007a683          	lw	a3,0(a5)
800013a0:	0047a703          	lw	a4,4(a5)
    {
        thread = RT_THREAD_LIST_NODE_ENTRY(l->next);
800013a4:	fcc78413          	addi	s0,a5,-52
800013a8:	00e6a223          	sw	a4,4(a3)
    n->prev->next = n->next;
800013ac:	00d72023          	sw	a3,0(a4)
    n->next = n->prev = n;
800013b0:	00f7a223          	sw	a5,4(a5)
800013b4:	00f7a023          	sw	a5,0(a5)
        rt_list_remove(&RT_THREAD_LIST_NODE(thread));
    }
    rt_spin_unlock_irqrestore(&_defunct_spinlock, level);
800013b8:	92818513          	addi	a0,gp,-1752 # 80100128 <_defunct_spinlock>
800013bc:	f11ff0ef          	jal	ra,800012cc <rt_spin_unlock_irqrestore>

    return thread;
}
800013c0:	00c12083          	lw	ra,12(sp)
800013c4:	00040513          	mv	a0,s0
800013c8:	00812403          	lw	s0,8(sp)
800013cc:	01010113          	addi	sp,sp,16
800013d0:	00008067          	ret

800013d4 <rt_defunct_execute>:

/**
 * @brief This function will perform system background job when system idle.
 */
void rt_defunct_execute(void)
{
800013d4:	fe010113          	addi	sp,sp,-32
800013d8:	01312623          	sw	s3,12(sp)
800013dc:	00112e23          	sw	ra,28(sp)
800013e0:	00812c23          	sw	s0,24(sp)
800013e4:	00912a23          	sw	s1,20(sp)
800013e8:	01212823          	sw	s2,16(sp)
        /* store the point of "thread->cleanup" avoid to lose */
        cleanup = thread->cleanup;

        /* if it's a system object, detach it */
        object_is_systemobject = rt_object_is_systemobject((rt_object_t)thread);
        if (object_is_systemobject == RT_TRUE)
800013ec:	00100993          	li	s3,1
        thread = rt_thread_defunct_dequeue();
800013f0:	f81ff0ef          	jal	ra,80001370 <rt_thread_defunct_dequeue>
800013f4:	00050413          	mv	s0,a0
        if (thread == RT_NULL)
800013f8:	04050463          	beqz	a0,80001440 <rt_defunct_execute+0x6c>
        cleanup = thread->cleanup;
800013fc:	08452903          	lw	s2,132(a0)
        object_is_systemobject = rt_object_is_systemobject((rt_object_t)thread);
80001400:	385010ef          	jal	ra,80002f84 <rt_object_is_systemobject>
80001404:	00050493          	mv	s1,a0
        if (object_is_systemobject == RT_TRUE)
80001408:	03351863          	bne	a0,s3,80001438 <rt_defunct_execute+0x64>
        {
            /* detach this object */
            rt_object_detach((rt_object_t)thread);
8000140c:	00040513          	mv	a0,s0
80001410:	089010ef          	jal	ra,80002c98 <rt_object_detach>
        }

        /* invoke thread cleanup */
        if (cleanup != RT_NULL)
80001414:	fc090ee3          	beqz	s2,800013f0 <rt_defunct_execute+0x1c>
        {
            cleanup(thread);
80001418:	00040513          	mv	a0,s0
8000141c:	000900e7          	jalr	s2
        {
            RT_KERNEL_FREE(thread->mem_regions);
        }
#endif
        /* if need free, delete it */
        if (object_is_systemobject == RT_FALSE)
80001420:	fc0498e3          	bnez	s1,800013f0 <rt_defunct_execute+0x1c>
        {
            /* release thread's stack */
#ifdef RT_USING_HW_STACK_GUARD
            RT_KERNEL_FREE(thread->stack_buf);
#else
            RT_KERNEL_FREE(thread->stack_addr);
80001424:	02842503          	lw	a0,40(s0)
80001428:	0f0010ef          	jal	ra,80002518 <rt_free>
#endif
            /* delete thread object */
            rt_object_delete((rt_object_t)thread);
8000142c:	00040513          	mv	a0,s0
80001430:	27d010ef          	jal	ra,80002eac <rt_object_delete>
80001434:	fbdff06f          	j	800013f0 <rt_defunct_execute+0x1c>
        if (cleanup != RT_NULL)
80001438:	fe0910e3          	bnez	s2,80001418 <rt_defunct_execute+0x44>
8000143c:	fe5ff06f          	j	80001420 <rt_defunct_execute+0x4c>
        }
#endif
    }
}
80001440:	01c12083          	lw	ra,28(sp)
80001444:	01812403          	lw	s0,24(sp)
80001448:	01412483          	lw	s1,20(sp)
8000144c:	01012903          	lw	s2,16(sp)
80001450:	00c12983          	lw	s3,12(sp)
80001454:	02010113          	addi	sp,sp,32
80001458:	00008067          	ret

8000145c <rt_thread_defunct_init>:

void rt_thread_defunct_init(void)
{
    RT_ASSERT(RT_THREAD_PRIORITY_MAX > 2);

    rt_spin_lock_init(&_defunct_spinlock);
8000145c:	92818513          	addi	a0,gp,-1752 # 80100128 <_defunct_spinlock>
80001460:	e31ff06f          	j	80001290 <rt_spin_lock_init>

80001464 <idle_thread_entry>:
}

#endif /* RT_USING_IDLE_HOOK */

static void idle_thread_entry(void *parameter)
{
80001464:	ff010113          	addi	sp,sp,-16
80001468:	00912223          	sw	s1,4(sp)
8000146c:	00112623          	sw	ra,12(sp)
80001470:	00812423          	sw	s0,8(sp)
80001474:	94818493          	addi	s1,gp,-1720 # 80100148 <idle_thread>
    {
#ifdef RT_USING_IDLE_HOOK
        rt_size_t i;
        void (*idle_hook)(void);

        for (i = 0; i < RT_IDLE_HOOK_LIST_SIZE; i++)
80001478:	93818413          	addi	s0,gp,-1736 # 80100138 <idle_hook_list>
        {
            idle_hook = idle_hook_list[i];
8000147c:	00042783          	lw	a5,0(s0)
            if (idle_hook != RT_NULL)
80001480:	00078463          	beqz	a5,80001488 <idle_thread_entry+0x24>
            {
                idle_hook();
80001484:	000780e7          	jalr	a5
        for (i = 0; i < RT_IDLE_HOOK_LIST_SIZE; i++)
80001488:	00440413          	addi	s0,s0,4
8000148c:	fe9418e3          	bne	s0,s1,8000147c <idle_thread_entry+0x18>
            }
        }
#endif /* RT_USING_IDLE_HOOK */

#if !defined(RT_USING_SMP) && !defined(RT_USING_SMART)
    rt_defunct_execute();
80001490:	f45ff0ef          	jal	ra,800013d4 <rt_defunct_execute>
    {
80001494:	fe5ff06f          	j	80001478 <idle_thread_entry+0x14>

80001498 <rt_thread_idle_init>:
 * @brief This function will initialize idle thread, then start it.
 *
 * @note this function must be invoked when system init.
 */
void rt_thread_idle_init(void)
{
80001498:	fe010113          	addi	sp,sp,-32
#if RT_NAME_MAX > 0
    char idle_thread_name[RT_NAME_MAX];
#endif /* RT_NAME_MAX > 0 */

#ifdef RT_USING_IDLE_HOOK
    rt_spin_lock_init(&_hook_spinlock);
8000149c:	93018513          	addi	a0,gp,-1744 # 80100130 <_hook_spinlock>
{
800014a0:	00112e23          	sw	ra,28(sp)
800014a4:	00812c23          	sw	s0,24(sp)
    rt_spin_lock_init(&_hook_spinlock);
800014a8:	de9ff0ef          	jal	ra,80001290 <rt_spin_lock_init>
#endif

    for (i = 0; i < _CPUS_NR; i++)
    {
#if RT_NAME_MAX > 0
        rt_snprintf(idle_thread_name, RT_NAME_MAX, "tidle%d", i);
800014ac:	00000693          	li	a3,0
800014b0:	00003617          	auipc	a2,0x3
800014b4:	6e460613          	addi	a2,a2,1764 # 80004b94 <__FUNCTION__.0+0x14>
800014b8:	01000593          	li	a1,16
800014bc:	00010513          	mv	a0,sp
800014c0:	fd9fe0ef          	jal	ra,80000498 <rt_snprintf>
#endif /* RT_NAME_MAX > 0 */
        rt_thread_init(&idle_thread[i],
800014c4:	94818413          	addi	s0,gp,-1720 # 80100148 <idle_thread>
800014c8:	00010593          	mv	a1,sp
800014cc:	02000893          	li	a7,32
800014d0:	01f00813          	li	a6,31
800014d4:	20000793          	li	a5,512
800014d8:	9f018713          	addi	a4,gp,-1552 # 801001f0 <idle_thread_stack>
800014dc:	00000693          	li	a3,0
800014e0:	00000617          	auipc	a2,0x0
800014e4:	f8460613          	addi	a2,a2,-124 # 80001464 <idle_thread_entry>
800014e8:	00040513          	mv	a0,s0
800014ec:	654020ef          	jal	ra,80003b40 <rt_thread_init>
#ifdef RT_USING_SMP
        rt_thread_control(&idle_thread[i], RT_THREAD_CTRL_BIND_CPU, (void*)i);
#endif /* RT_USING_SMP */

        /* update */
        rt_cpu_index(i)->idle_thread = &idle_thread[i];
800014f0:	00000513          	li	a0,0
800014f4:	e0dff0ef          	jal	ra,80001300 <rt_cpu_index>
800014f8:	00852223          	sw	s0,4(a0)

        /* startup */
        rt_thread_startup(&idle_thread[i]);
800014fc:	00040513          	mv	a0,s0
80001500:	55d020ef          	jal	ra,8000425c <rt_thread_startup>
    }
}
80001504:	01c12083          	lw	ra,28(sp)
80001508:	01812403          	lw	s0,24(sp)
8000150c:	02010113          	addi	sp,sp,32
80001510:	00008067          	ret

80001514 <rt_thread_is_idle_thread>:
 */
rt_bool_t rt_thread_is_idle_thread(rt_thread_t thread)
{
    rt_ubase_t i;

    if (thread != RT_NULL)
80001514:	00050a63          	beqz	a0,80001528 <rt_thread_is_idle_thread+0x14>
    {
        for (i = 0; i < _CPUS_NR; i++)
        {
            if (thread == &idle_thread[i])
80001518:	94818793          	addi	a5,gp,-1720 # 80100148 <idle_thread>
8000151c:	40f50533          	sub	a0,a0,a5
80001520:	00153513          	seqz	a0,a0
80001524:	00008067          	ret
                return RT_TRUE;
        }
    }

    return RT_FALSE;
80001528:	00000513          	li	a0,0
}
8000152c:	00008067          	ret

80001530 <rt_list_remove>:
    n->next->prev = n->prev;
80001530:	00052703          	lw	a4,0(a0)
80001534:	00452783          	lw	a5,4(a0)
80001538:	00f72223          	sw	a5,4(a4)
    n->prev->next = n->next;
8000153c:	00e7a023          	sw	a4,0(a5)
    n->next = n->prev = n;
80001540:	00a52223          	sw	a0,4(a0)
80001544:	00a52023          	sw	a0,0(a0)
}
80001548:	00008067          	ret

8000154c <_thread_get_mutex_priority>:
    return mutex->priority;
}

/* get highest priority inside its taken object and its init priority */
rt_inline rt_uint8_t _thread_get_mutex_priority(struct rt_thread* thread)
{
8000154c:	ff010113          	addi	sp,sp,-16
80001550:	00812423          	sw	s0,8(sp)
80001554:	00112623          	sw	ra,12(sp)
80001558:	00050413          	mv	s0,a0
    rt_list_t *node = RT_NULL;
    struct rt_mutex *mutex = RT_NULL;
    rt_uint8_t priority = rt_sched_thread_get_init_prio(thread);
8000155c:	329010ef          	jal	ra,80003084 <rt_sched_thread_get_init_prio>

    rt_list_for_each(node, &(thread->taken_object_list))
80001560:	08842703          	lw	a4,136(s0)
80001564:	08840413          	addi	s0,s0,136
80001568:	00871a63          	bne	a4,s0,8000157c <_thread_get_mutex_priority+0x30>
            priority = mutex_prio;
        }
    }

    return priority;
}
8000156c:	00c12083          	lw	ra,12(sp)
80001570:	00812403          	lw	s0,8(sp)
80001574:	01010113          	addi	sp,sp,16
80001578:	00008067          	ret
        mutex_prio = mutex_prio < mutex->ceiling_priority ? mutex_prio : mutex->ceiling_priority;
8000157c:	ff874783          	lbu	a5,-8(a4)
        rt_uint8_t mutex_prio = mutex->priority;
80001580:	ff974683          	lbu	a3,-7(a4)
        mutex_prio = mutex_prio < mutex->ceiling_priority ? mutex_prio : mutex->ceiling_priority;
80001584:	0ff7f613          	andi	a2,a5,255
80001588:	00c6f463          	bgeu	a3,a2,80001590 <_thread_get_mutex_priority+0x44>
8000158c:	00068793          	mv	a5,a3
80001590:	0ff7f693          	andi	a3,a5,255
80001594:	00d57463          	bgeu	a0,a3,8000159c <_thread_get_mutex_priority+0x50>
80001598:	00050793          	mv	a5,a0
    rt_list_for_each(node, &(thread->taken_object_list))
8000159c:	00072703          	lw	a4,0(a4)
800015a0:	0ff7f513          	andi	a0,a5,255
800015a4:	fc5ff06f          	j	80001568 <_thread_get_mutex_priority+0x1c>

800015a8 <_check_and_update_prio>:
        }
    }
}

static rt_bool_t _check_and_update_prio(rt_thread_t thread, rt_mutex_t mutex)
{
800015a8:	ff010113          	addi	sp,sp,-16
800015ac:	00912223          	sw	s1,4(sp)
800015b0:	00112623          	sw	ra,12(sp)
800015b4:	00812423          	sw	s0,8(sp)
    RT_SCHED_DEBUG_IS_LOCKED;
    rt_bool_t do_sched = RT_FALSE;

    if ((mutex->ceiling_priority != 0xFF) || (rt_sched_thread_get_curr_prio(thread) == mutex->priority))
800015b8:	0245c703          	lbu	a4,36(a1)
800015bc:	0ff00793          	li	a5,255
{
800015c0:	00050493          	mv	s1,a0
    if ((mutex->ceiling_priority != 0xFF) || (rt_sched_thread_get_curr_prio(thread) == mutex->priority))
800015c4:	02f70863          	beq	a4,a5,800015f4 <_check_and_update_prio+0x4c>
    {
        rt_uint8_t priority = 0xff;

        /* get the highest priority in the taken list of thread */
        priority = _thread_get_mutex_priority(thread);
800015c8:	00048513          	mv	a0,s1
800015cc:	f81ff0ef          	jal	ra,8000154c <_thread_get_mutex_priority>
800015d0:	00050593          	mv	a1,a0

        rt_sched_thread_change_priority(thread, priority);
800015d4:	00048513          	mv	a0,s1
800015d8:	3d1010ef          	jal	ra,800031a8 <rt_sched_thread_change_priority>

        /**
         * notify a pending reschedule. Since scheduler is locked, we will not
         * really do a re-schedule at this point
         */
        do_sched = RT_TRUE;
800015dc:	00100513          	li	a0,1
    }
    return do_sched;
}
800015e0:	00c12083          	lw	ra,12(sp)
800015e4:	00812403          	lw	s0,8(sp)
800015e8:	00412483          	lw	s1,4(sp)
800015ec:	01010113          	addi	sp,sp,16
800015f0:	00008067          	ret
800015f4:	00058413          	mv	s0,a1
    if ((mutex->ceiling_priority != 0xFF) || (rt_sched_thread_get_curr_prio(thread) == mutex->priority))
800015f8:	285010ef          	jal	ra,8000307c <rt_sched_thread_get_curr_prio>
800015fc:	02544783          	lbu	a5,37(s0)
80001600:	fca784e3          	beq	a5,a0,800015c8 <_check_and_update_prio+0x20>
    rt_bool_t do_sched = RT_FALSE;
80001604:	00000513          	li	a0,0
    return do_sched;
80001608:	fd9ff06f          	j	800015e0 <_check_and_update_prio+0x38>

8000160c <rt_susp_list_enqueue>:
{
8000160c:	fe010113          	addi	sp,sp,-32
80001610:	00812c23          	sw	s0,24(sp)
80001614:	00912a23          	sw	s1,20(sp)
80001618:	00112e23          	sw	ra,28(sp)
8000161c:	01212823          	sw	s2,16(sp)
80001620:	01312623          	sw	s3,12(sp)
80001624:	00050493          	mv	s1,a0
80001628:	00058413          	mv	s0,a1
    switch (ipc_flags)
8000162c:	02060863          	beqz	a2,8000165c <rt_susp_list_enqueue+0x50>
80001630:	00100793          	li	a5,1
80001634:	02f60063          	beq	a2,a5,80001654 <rt_susp_list_enqueue+0x48>
        RT_ASSERT(0);
80001638:	11800613          	li	a2,280
8000163c:	00003597          	auipc	a1,0x3
80001640:	77058593          	addi	a1,a1,1904 # 80004dac <__FUNCTION__.39>
80001644:	00004517          	auipc	a0,0x4
80001648:	13850513          	addi	a0,a0,312 # 8000577c <__FUNCTION__.2+0xa8>
8000164c:	559000ef          	jal	ra,800023a4 <rt_assert_handler>
        break;
80001650:	0580006f          	j	800016a8 <rt_susp_list_enqueue+0x9c>
            for (n = susp_list->next; n != susp_list; n = n->next)
80001654:	00052903          	lw	s2,0(a0)
80001658:	03249063          	bne	s1,s2,80001678 <rt_susp_list_enqueue+0x6c>
    l->prev->next = n;
8000165c:	0044a703          	lw	a4,4(s1)
                rt_list_insert_before(susp_list, &RT_THREAD_LIST_NODE(thread));
80001660:	03440793          	addi	a5,s0,52
80001664:	00f72023          	sw	a5,0(a4)
    n->prev = l->prev;
80001668:	02e42c23          	sw	a4,56(s0)
    l->prev = n;
8000166c:	00f4a223          	sw	a5,4(s1)
    n->next = l;
80001670:	02942a23          	sw	s1,52(s0)
    return RT_EOK;
80001674:	0340006f          	j	800016a8 <rt_susp_list_enqueue+0x9c>
                if (rt_sched_thread_get_curr_prio(thread) < rt_sched_thread_get_curr_prio(sthread))
80001678:	00040513          	mv	a0,s0
8000167c:	201010ef          	jal	ra,8000307c <rt_sched_thread_get_curr_prio>
80001680:	00050993          	mv	s3,a0
80001684:	fcc90513          	addi	a0,s2,-52
80001688:	1f5010ef          	jal	ra,8000307c <rt_sched_thread_get_curr_prio>
8000168c:	02a9fe63          	bgeu	s3,a0,800016c8 <rt_susp_list_enqueue+0xbc>
    l->prev->next = n;
80001690:	00492703          	lw	a4,4(s2)
                    rt_list_insert_before(&RT_THREAD_LIST_NODE(sthread), &RT_THREAD_LIST_NODE(thread));
80001694:	03440793          	addi	a5,s0,52
80001698:	00f72023          	sw	a5,0(a4)
    n->prev = l->prev;
8000169c:	02e42c23          	sw	a4,56(s0)
    l->prev = n;
800016a0:	00f92223          	sw	a5,4(s2)
    n->next = l;
800016a4:	03242a23          	sw	s2,52(s0)
}
800016a8:	01c12083          	lw	ra,28(sp)
800016ac:	01812403          	lw	s0,24(sp)
800016b0:	01412483          	lw	s1,20(sp)
800016b4:	01012903          	lw	s2,16(sp)
800016b8:	00c12983          	lw	s3,12(sp)
800016bc:	00000513          	li	a0,0
800016c0:	02010113          	addi	sp,sp,32
800016c4:	00008067          	ret
            for (n = susp_list->next; n != susp_list; n = n->next)
800016c8:	00092903          	lw	s2,0(s2)
800016cc:	f8dff06f          	j	80001658 <rt_susp_list_enqueue+0x4c>

800016d0 <_thread_update_priority.constprop.0>:
rt_inline void _thread_update_priority(struct rt_thread *thread, rt_uint8_t priority, int suspend_flag)
800016d0:	fd010113          	addi	sp,sp,-48
800016d4:	02912223          	sw	s1,36(sp)
800016d8:	01312e23          	sw	s3,28(sp)
800016dc:	01412c23          	sw	s4,24(sp)
800016e0:	02112623          	sw	ra,44(sp)
800016e4:	02812423          	sw	s0,40(sp)
800016e8:	03212023          	sw	s2,32(sp)
800016ec:	00050493          	mv	s1,a0
        if (pending_obj && rt_object_get_type(pending_obj) == RT_Object_Class_Mutex)
800016f0:	00300993          	li	s3,3
    ret = rt_sched_thread_change_priority(thread, priority);
800016f4:	2b5010ef          	jal	ra,800031a8 <rt_sched_thread_change_priority>
        mutex->priority = 0xff;
800016f8:	fff00a13          	li	s4,-1
    while ((ret == RT_EOK) && rt_sched_thread_is_suspended(thread))
800016fc:	00051863          	bnez	a0,8000170c <_thread_update_priority.constprop.0+0x3c>
80001700:	00048513          	mv	a0,s1
80001704:	189010ef          	jal	ra,8000308c <rt_sched_thread_is_suspended>
80001708:	02051263          	bnez	a0,8000172c <_thread_update_priority.constprop.0+0x5c>
}
8000170c:	02c12083          	lw	ra,44(sp)
80001710:	02812403          	lw	s0,40(sp)
80001714:	02412483          	lw	s1,36(sp)
80001718:	02012903          	lw	s2,32(sp)
8000171c:	01c12983          	lw	s3,28(sp)
80001720:	01812a03          	lw	s4,24(sp)
80001724:	03010113          	addi	sp,sp,48
80001728:	00008067          	ret
        pending_obj = thread->pending_object;
8000172c:	0904a403          	lw	s0,144(s1)
        if (pending_obj && rt_object_get_type(pending_obj) == RT_Object_Class_Mutex)
80001730:	fc040ee3          	beqz	s0,8000170c <_thread_update_priority.constprop.0+0x3c>
80001734:	00040513          	mv	a0,s0
80001738:	091010ef          	jal	ra,80002fc8 <rt_object_get_type>
8000173c:	fd3518e3          	bne	a0,s3,8000170c <_thread_update_priority.constprop.0+0x3c>
            rt_list_remove(&RT_THREAD_LIST_NODE(thread));
80001740:	03448513          	addi	a0,s1,52
80001744:	dedff0ef          	jal	ra,80001530 <rt_list_remove>
            ret = rt_susp_list_enqueue(
80001748:	01144603          	lbu	a2,17(s0)
8000174c:	01c40913          	addi	s2,s0,28
80001750:	00048593          	mv	a1,s1
80001754:	00090513          	mv	a0,s2
80001758:	eb5ff0ef          	jal	ra,8000160c <rt_susp_list_enqueue>
            if (ret == RT_EOK)
8000175c:	fa0518e3          	bnez	a0,8000170c <_thread_update_priority.constprop.0+0x3c>
    return l->next == l;
80001760:	01c42503          	lw	a0,28(s0)
    if (!rt_list_isempty(&mutex->parent.suspend_thread))
80001764:	02a90e63          	beq	s2,a0,800017a0 <_thread_update_priority.constprop.0+0xd0>
        mutex->priority = rt_sched_thread_get_curr_prio(thread);
80001768:	fcc50513          	addi	a0,a0,-52
8000176c:	111010ef          	jal	ra,8000307c <rt_sched_thread_get_curr_prio>
80001770:	02a402a3          	sb	a0,37(s0)
                mutex_priority = _thread_get_mutex_priority(pending_mutex->owner);
80001774:	02842503          	lw	a0,40(s0)
80001778:	dd5ff0ef          	jal	ra,8000154c <_thread_get_mutex_priority>
8000177c:	00a12623          	sw	a0,12(sp)
                if (mutex_priority != rt_sched_thread_get_curr_prio(pending_mutex->owner))
80001780:	02842503          	lw	a0,40(s0)
80001784:	0f9010ef          	jal	ra,8000307c <rt_sched_thread_get_curr_prio>
80001788:	00c12583          	lw	a1,12(sp)
8000178c:	f8a580e3          	beq	a1,a0,8000170c <_thread_update_priority.constprop.0+0x3c>
                    thread = pending_mutex->owner;
80001790:	02842483          	lw	s1,40(s0)
                    ret = rt_sched_thread_change_priority(thread, mutex_priority);
80001794:	00048513          	mv	a0,s1
80001798:	211010ef          	jal	ra,800031a8 <rt_sched_thread_change_priority>
8000179c:	f61ff06f          	j	800016fc <_thread_update_priority.constprop.0+0x2c>
        mutex->priority = 0xff;
800017a0:	034402a3          	sb	s4,37(s0)
800017a4:	fd1ff06f          	j	80001774 <_thread_update_priority.constprop.0+0xa4>

800017a8 <_rt_mutex_take>:
 *           If the return value is any other values, it means that the mutex take failed.
 *
 * @warning  This function can ONLY be called in the thread context. It MUST NOT BE called in interrupt context.
 */
static rt_err_t _rt_mutex_take(rt_mutex_t mutex, rt_int32_t timeout, int suspend_flag)
{
800017a8:	fc010113          	addi	sp,sp,-64
800017ac:	02812c23          	sw	s0,56(sp)
800017b0:	02912a23          	sw	s1,52(sp)
800017b4:	03512223          	sw	s5,36(sp)
800017b8:	02112e23          	sw	ra,60(sp)
800017bc:	03212823          	sw	s2,48(sp)
800017c0:	03312623          	sw	s3,44(sp)
800017c4:	03412423          	sw	s4,40(sp)
800017c8:	03612023          	sw	s6,32(sp)
800017cc:	00050413          	mv	s0,a0
800017d0:	00058a93          	mv	s5,a1
800017d4:	00060493          	mv	s1,a2
    struct rt_thread *thread;
    rt_err_t ret;

    /* this function must not be used in interrupt even if time = 0 */
    /* current context checking */
    RT_DEBUG_SCHEDULER_AVAILABLE(RT_TRUE);
800017d8:	068020ef          	jal	ra,80003840 <rt_critical_level>
800017dc:	14050063          	beqz	a0,8000191c <_rt_mutex_take+0x174>
800017e0:	00003597          	auipc	a1,0x3
800017e4:	59458593          	addi	a1,a1,1428 # 80004d74 <__FUNCTION__.24>
800017e8:	00003517          	auipc	a0,0x3
800017ec:	40c50513          	addi	a0,a0,1036 # 80004bf4 <__FUNCTION__.0+0x74>
800017f0:	139000ef          	jal	ra,80002128 <rt_kprintf>
800017f4:	53600613          	li	a2,1334
800017f8:	00003597          	auipc	a1,0x3
800017fc:	57c58593          	addi	a1,a1,1404 # 80004d74 <__FUNCTION__.24>
80001800:	00004517          	auipc	a0,0x4
80001804:	f7c50513          	addi	a0,a0,-132 # 8000577c <__FUNCTION__.2+0xa8>
80001808:	39d000ef          	jal	ra,800023a4 <rt_assert_handler>
8000180c:	438020ef          	jal	ra,80003c44 <rt_thread_self>
80001810:	02051863          	bnez	a0,80001840 <_rt_mutex_take+0x98>
80001814:	00003597          	auipc	a1,0x3
80001818:	56058593          	addi	a1,a1,1376 # 80004d74 <__FUNCTION__.24>
8000181c:	00003517          	auipc	a0,0x3
80001820:	40450513          	addi	a0,a0,1028 # 80004c20 <__FUNCTION__.0+0xa0>
80001824:	105000ef          	jal	ra,80002128 <rt_kprintf>
80001828:	53600613          	li	a2,1334
8000182c:	00003597          	auipc	a1,0x3
80001830:	54858593          	addi	a1,a1,1352 # 80004d74 <__FUNCTION__.24>
80001834:	00004517          	auipc	a0,0x4
80001838:	f4850513          	addi	a0,a0,-184 # 8000577c <__FUNCTION__.2+0xa8>
8000183c:	369000ef          	jal	ra,800023a4 <rt_assert_handler>
80001840:	06d000ef          	jal	ra,800020ac <rt_interrupt_get_nest>
80001844:	02050863          	beqz	a0,80001874 <_rt_mutex_take+0xcc>
80001848:	00003597          	auipc	a1,0x3
8000184c:	52c58593          	addi	a1,a1,1324 # 80004d74 <__FUNCTION__.24>
80001850:	00003517          	auipc	a0,0x3
80001854:	40850513          	addi	a0,a0,1032 # 80004c58 <__FUNCTION__.0+0xd8>
80001858:	0d1000ef          	jal	ra,80002128 <rt_kprintf>
8000185c:	53600613          	li	a2,1334
80001860:	00003597          	auipc	a1,0x3
80001864:	51458593          	addi	a1,a1,1300 # 80004d74 <__FUNCTION__.24>
80001868:	00004517          	auipc	a0,0x4
8000186c:	f1450513          	addi	a0,a0,-236 # 8000577c <__FUNCTION__.2+0xa8>
80001870:	335000ef          	jal	ra,800023a4 <rt_assert_handler>

    /* parameter check */
    RT_ASSERT(mutex != RT_NULL);
80001874:	00041e63          	bnez	s0,80001890 <_rt_mutex_take+0xe8>
80001878:	53900613          	li	a2,1337
8000187c:	00003597          	auipc	a1,0x3
80001880:	4f858593          	addi	a1,a1,1272 # 80004d74 <__FUNCTION__.24>
80001884:	00003517          	auipc	a0,0x3
80001888:	3fc50513          	addi	a0,a0,1020 # 80004c80 <__FUNCTION__.0+0x100>
8000188c:	319000ef          	jal	ra,800023a4 <rt_assert_handler>
    RT_ASSERT(rt_object_get_type(&mutex->parent.parent) == RT_Object_Class_Mutex);
80001890:	00040513          	mv	a0,s0
80001894:	734010ef          	jal	ra,80002fc8 <rt_object_get_type>
80001898:	00300793          	li	a5,3
8000189c:	00f50e63          	beq	a0,a5,800018b8 <_rt_mutex_take+0x110>
800018a0:	53a00613          	li	a2,1338
800018a4:	00003597          	auipc	a1,0x3
800018a8:	4d058593          	addi	a1,a1,1232 # 80004d74 <__FUNCTION__.24>
800018ac:	00003517          	auipc	a0,0x3
800018b0:	3e850513          	addi	a0,a0,1000 # 80004c94 <__FUNCTION__.0+0x114>
800018b4:	2f1000ef          	jal	ra,800023a4 <rt_assert_handler>

    /* get current thread */
    thread = rt_thread_self();
800018b8:	38c020ef          	jal	ra,80003c44 <rt_thread_self>

    rt_spin_lock(&(mutex->spinlock));
800018bc:	03440a13          	addi	s4,s0,52
    thread = rt_thread_self();
800018c0:	00050993          	mv	s3,a0
    rt_spin_lock(&(mutex->spinlock));
800018c4:	000a0513          	mv	a0,s4
800018c8:	9cdff0ef          	jal	ra,80001294 <rt_spin_lock>

    RT_OBJECT_HOOK_CALL(rt_object_trytake_hook, (&(mutex->parent.parent)));
800018cc:	cd81a783          	lw	a5,-808(gp) # 801004d8 <rt_object_trytake_hook>
800018d0:	00078663          	beqz	a5,800018dc <_rt_mutex_take+0x134>
800018d4:	00040513          	mv	a0,s0
800018d8:	000780e7          	jalr	a5
          thread->parent.name, mutex->hold);

    /* reset thread error */
    thread->error = RT_EOK;

    if (mutex->owner == thread)
800018dc:	02842783          	lw	a5,40(s0)
    thread->error = RT_EOK;
800018e0:	0209a823          	sw	zero,48(s3)
    if (mutex->owner == thread)
800018e4:	07379e63          	bne	a5,s3,80001960 <_rt_mutex_take+0x1b8>
    {
        if (mutex->hold < RT_MUTEX_HOLD_MAX)
800018e8:	02644783          	lbu	a5,38(s0)
800018ec:	0ff00713          	li	a4,255
800018f0:	02e78c63          	beq	a5,a4,80001928 <_rt_mutex_take+0x180>
        {
            /* it's the same thread */
            mutex->hold ++;
800018f4:	00178793          	addi	a5,a5,1
800018f8:	02f40323          	sb	a5,38(s0)
                }
            }
        }
    }

    rt_spin_unlock(&(mutex->spinlock));
800018fc:	000a0513          	mv	a0,s4
80001900:	999ff0ef          	jal	ra,80001298 <rt_spin_unlock>

    RT_OBJECT_HOOK_CALL(rt_object_take_hook, (&(mutex->parent.parent)));
80001904:	cd41a783          	lw	a5,-812(gp) # 801004d4 <rt_object_take_hook>

    return RT_EOK;
80001908:	00000493          	li	s1,0
    RT_OBJECT_HOOK_CALL(rt_object_take_hook, (&(mutex->parent.parent)));
8000190c:	02078463          	beqz	a5,80001934 <_rt_mutex_take+0x18c>
80001910:	00040513          	mv	a0,s0
80001914:	000780e7          	jalr	a5
80001918:	01c0006f          	j	80001934 <_rt_mutex_take+0x18c>
    RT_DEBUG_SCHEDULER_AVAILABLE(RT_TRUE);
8000191c:	7d4000ef          	jal	ra,800020f0 <rt_hw_interrupt_is_disabled>
80001920:	ec0510e3          	bnez	a0,800017e0 <_rt_mutex_take+0x38>
80001924:	ee9ff06f          	j	8000180c <_rt_mutex_take+0x64>
            rt_spin_unlock(&(mutex->spinlock));
80001928:	000a0513          	mv	a0,s4
8000192c:	96dff0ef          	jal	ra,80001298 <rt_spin_unlock>
            return -RT_EFULL; /* value overflowed */
80001930:	ffd00493          	li	s1,-3
}
80001934:	03c12083          	lw	ra,60(sp)
80001938:	03812403          	lw	s0,56(sp)
8000193c:	03012903          	lw	s2,48(sp)
80001940:	02c12983          	lw	s3,44(sp)
80001944:	02812a03          	lw	s4,40(sp)
80001948:	02412a83          	lw	s5,36(sp)
8000194c:	02012b03          	lw	s6,32(sp)
80001950:	00048513          	mv	a0,s1
80001954:	03412483          	lw	s1,52(sp)
80001958:	04010113          	addi	sp,sp,64
8000195c:	00008067          	ret
        if (mutex->owner == RT_NULL)
80001960:	04079e63          	bnez	a5,800019bc <_rt_mutex_take+0x214>
            mutex->priority = 0xff;
80001964:	fff00793          	li	a5,-1
            if (mutex->ceiling_priority != 0xFF)
80001968:	02444483          	lbu	s1,36(s0)
            mutex->priority = 0xff;
8000196c:	02f402a3          	sb	a5,37(s0)
            mutex->hold     = 1;
80001970:	00100793          	li	a5,1
80001974:	02f40323          	sb	a5,38(s0)
            mutex->owner    = thread;
80001978:	03342423          	sw	s3,40(s0)
            if (mutex->ceiling_priority != 0xFF)
8000197c:	0ff00793          	li	a5,255
80001980:	00f48e63          	beq	s1,a5,8000199c <_rt_mutex_take+0x1f4>
                if (mutex->ceiling_priority < rt_sched_thread_get_curr_prio(mutex->owner))
80001984:	00098513          	mv	a0,s3
80001988:	6f4010ef          	jal	ra,8000307c <rt_sched_thread_get_curr_prio>
8000198c:	00a4f863          	bgeu	s1,a0,8000199c <_rt_mutex_take+0x1f4>
                    _thread_update_priority(mutex->owner, mutex->ceiling_priority, suspend_flag);
80001990:	02444583          	lbu	a1,36(s0)
80001994:	02842503          	lw	a0,40(s0)
80001998:	d39ff0ef          	jal	ra,800016d0 <_thread_update_priority.constprop.0>
    l->next->prev = n;
8000199c:	0889a703          	lw	a4,136(s3)
            rt_list_insert_after(&thread->taken_object_list, &mutex->taken_list);
800019a0:	02c40793          	addi	a5,s0,44
800019a4:	08898993          	addi	s3,s3,136
800019a8:	00f72223          	sw	a5,4(a4)
    n->next = l->next;
800019ac:	02e42623          	sw	a4,44(s0)
    l->next = n;
800019b0:	00f9a023          	sw	a5,0(s3)
    n->prev = l;
800019b4:	03342823          	sw	s3,48(s0)
}
800019b8:	f45ff06f          	j	800018fc <_rt_mutex_take+0x154>
            if (timeout == 0)
800019bc:	000a9e63          	bnez	s5,800019d8 <_rt_mutex_take+0x230>
                thread->error = RT_ETIMEOUT;
800019c0:	00200793          	li	a5,2
800019c4:	02f9a823          	sw	a5,48(s3)
                rt_spin_unlock(&(mutex->spinlock));
800019c8:	000a0513          	mv	a0,s4
800019cc:	8cdff0ef          	jal	ra,80001298 <rt_spin_unlock>
                return -RT_ETIMEOUT;
800019d0:	ffe00493          	li	s1,-2
800019d4:	f61ff06f          	j	80001934 <_rt_mutex_take+0x18c>
                ret = rt_thread_suspend_to_list(thread, &(mutex->parent.suspend_thread),
800019d8:	01144603          	lbu	a2,17(s0)
800019dc:	01c40b13          	addi	s6,s0,28
800019e0:	00048693          	mv	a3,s1
800019e4:	000b0593          	mv	a1,s6
800019e8:	00098513          	mv	a0,s3
800019ec:	41c020ef          	jal	ra,80003e08 <rt_thread_suspend_to_list>
800019f0:	00050493          	mv	s1,a0
                if (ret != RT_EOK)
800019f4:	00050863          	beqz	a0,80001a04 <_rt_mutex_take+0x25c>
                    rt_spin_unlock(&(mutex->spinlock));
800019f8:	000a0513          	mv	a0,s4
800019fc:	89dff0ef          	jal	ra,80001298 <rt_spin_unlock>
                    return ret;
80001a00:	f35ff06f          	j	80001934 <_rt_mutex_take+0x18c>
                thread->pending_object = &(mutex->parent.parent);
80001a04:	0889a823          	sw	s0,144(s3)
                rt_sched_lock(&slvl);
80001a08:	01810513          	addi	a0,sp,24
80001a0c:	111010ef          	jal	ra,8000331c <rt_sched_lock>
                priority = rt_sched_thread_get_curr_prio(thread);
80001a10:	00098513          	mv	a0,s3
80001a14:	668010ef          	jal	ra,8000307c <rt_sched_thread_get_curr_prio>
                if (priority < mutex->priority)
80001a18:	02544783          	lbu	a5,37(s0)
                priority = rt_sched_thread_get_curr_prio(thread);
80001a1c:	00050913          	mv	s2,a0
                if (priority < mutex->priority)
80001a20:	02f57063          	bgeu	a0,a5,80001a40 <_rt_mutex_take+0x298>
                    mutex->priority = priority;
80001a24:	02a402a3          	sb	a0,37(s0)
                    if (mutex->priority < rt_sched_thread_get_curr_prio(mutex->owner))
80001a28:	02842503          	lw	a0,40(s0)
80001a2c:	650010ef          	jal	ra,8000307c <rt_sched_thread_get_curr_prio>
80001a30:	00a97863          	bgeu	s2,a0,80001a40 <_rt_mutex_take+0x298>
                        _thread_update_priority(mutex->owner, priority, RT_UNINTERRUPTIBLE); /* TODO */
80001a34:	02842503          	lw	a0,40(s0)
80001a38:	00090593          	mv	a1,s2
80001a3c:	c95ff0ef          	jal	ra,800016d0 <_thread_update_priority.constprop.0>
                rt_sched_unlock(slvl);
80001a40:	01812503          	lw	a0,24(sp)
80001a44:	111010ef          	jal	ra,80003354 <rt_sched_unlock>
                if (timeout > 0)
80001a48:	03505263          	blez	s5,80001a6c <_rt_mutex_take+0x2c4>
                    rt_timer_control(&(thread->thread_timer),
80001a4c:	05098913          	addi	s2,s3,80
80001a50:	01c10613          	addi	a2,sp,28
80001a54:	00000593          	li	a1,0
80001a58:	00090513          	mv	a0,s2
                    rt_tick_t timeout_tick = timeout;
80001a5c:	01512e23          	sw	s5,28(sp)
                    rt_timer_control(&(thread->thread_timer),
80001a60:	4d1020ef          	jal	ra,80004730 <rt_timer_control>
                    rt_timer_start(&(thread->thread_timer));
80001a64:	00090513          	mv	a0,s2
80001a68:	30d020ef          	jal	ra,80004574 <rt_timer_start>
                rt_spin_unlock(&(mutex->spinlock));
80001a6c:	000a0513          	mv	a0,s4
80001a70:	829ff0ef          	jal	ra,80001298 <rt_spin_unlock>
                rt_schedule();
80001a74:	379010ef          	jal	ra,800035ec <rt_schedule>
                rt_spin_lock(&(mutex->spinlock));
80001a78:	000a0513          	mv	a0,s4
80001a7c:	819ff0ef          	jal	ra,80001294 <rt_spin_lock>
                if (mutex->owner == thread)
80001a80:	02842783          	lw	a5,40(s0)
80001a84:	0309a503          	lw	a0,48(s3)
80001a88:	03379263          	bne	a5,s3,80001aac <_rt_mutex_take+0x304>
                    RT_ASSERT(thread->error == RT_EOK);
80001a8c:	e60508e3          	beqz	a0,800018fc <_rt_mutex_take+0x154>
80001a90:	5b500613          	li	a2,1461
80001a94:	00003597          	auipc	a1,0x3
80001a98:	2e058593          	addi	a1,a1,736 # 80004d74 <__FUNCTION__.24>
80001a9c:	00003517          	auipc	a0,0x3
80001aa0:	23c50513          	addi	a0,a0,572 # 80004cd8 <__FUNCTION__.0+0x158>
80001aa4:	101000ef          	jal	ra,800023a4 <rt_assert_handler>
80001aa8:	e55ff06f          	j	800018fc <_rt_mutex_take+0x154>
                    ret = thread->error;
80001aac:	00050a93          	mv	s5,a0
                    if (ret == RT_EOK)
80001ab0:	00051463          	bnez	a0,80001ab8 <_rt_mutex_take+0x310>
                        ret = -RT_EINTR;
80001ab4:	ff700a93          	li	s5,-9
                    rt_sched_lock(&slvl);
80001ab8:	01810513          	addi	a0,sp,24
80001abc:	061010ef          	jal	ra,8000331c <rt_sched_lock>
                    if (mutex->owner && rt_sched_thread_get_curr_prio(mutex->owner) == rt_sched_thread_get_curr_prio(thread))
80001ac0:	02842503          	lw	a0,40(s0)
80001ac4:	00050e63          	beqz	a0,80001ae0 <_rt_mutex_take+0x338>
80001ac8:	5b4010ef          	jal	ra,8000307c <rt_sched_thread_get_curr_prio>
80001acc:	00050913          	mv	s2,a0
80001ad0:	00098513          	mv	a0,s3
80001ad4:	5a8010ef          	jal	ra,8000307c <rt_sched_thread_get_curr_prio>
80001ad8:	40a90933          	sub	s2,s2,a0
80001adc:	00193493          	seqz	s1,s2
    return l->next == l;
80001ae0:	01c42503          	lw	a0,28(s0)
                    if (!rt_list_isempty(&mutex->parent.suspend_thread))
80001ae4:	04ab0e63          	beq	s6,a0,80001b40 <_rt_mutex_take+0x398>
                        mutex->priority = rt_sched_thread_get_curr_prio(th);
80001ae8:	fcc50513          	addi	a0,a0,-52
80001aec:	590010ef          	jal	ra,8000307c <rt_sched_thread_get_curr_prio>
80001af0:	02a402a3          	sb	a0,37(s0)
                    if (need_update)
80001af4:	02048463          	beqz	s1,80001b1c <_rt_mutex_take+0x374>
                        priority = _thread_get_mutex_priority(mutex->owner);
80001af8:	02842503          	lw	a0,40(s0)
80001afc:	a51ff0ef          	jal	ra,8000154c <_thread_get_mutex_priority>
80001b00:	00a12623          	sw	a0,12(sp)
                        if (priority != rt_sched_thread_get_curr_prio(mutex->owner))
80001b04:	02842503          	lw	a0,40(s0)
80001b08:	574010ef          	jal	ra,8000307c <rt_sched_thread_get_curr_prio>
80001b0c:	00c12583          	lw	a1,12(sp)
80001b10:	00b50663          	beq	a0,a1,80001b1c <_rt_mutex_take+0x374>
                            _thread_update_priority(mutex->owner, priority, RT_UNINTERRUPTIBLE);
80001b14:	02842503          	lw	a0,40(s0)
80001b18:	bb9ff0ef          	jal	ra,800016d0 <_thread_update_priority.constprop.0>
                    rt_sched_unlock(slvl);
80001b1c:	01812503          	lw	a0,24(sp)
80001b20:	035010ef          	jal	ra,80003354 <rt_sched_unlock>
                    rt_spin_unlock(&(mutex->spinlock));
80001b24:	000a0513          	mv	a0,s4
80001b28:	f70ff0ef          	jal	ra,80001298 <rt_spin_unlock>
                    return ret > 0 ? -ret : ret;
80001b2c:	41fad793          	srai	a5,s5,0x1f
80001b30:	0157c533          	xor	a0,a5,s5
                    thread->pending_object = RT_NULL;
80001b34:	0809a823          	sw	zero,144(s3)
                    return ret > 0 ? -ret : ret;
80001b38:	40a784b3          	sub	s1,a5,a0
80001b3c:	df9ff06f          	j	80001934 <_rt_mutex_take+0x18c>
                        mutex->priority = 0xff;
80001b40:	fff00793          	li	a5,-1
80001b44:	02f402a3          	sb	a5,37(s0)
80001b48:	fadff06f          	j	80001af4 <_rt_mutex_take+0x34c>

80001b4c <rt_mutex_init>:
{
80001b4c:	ff010113          	addi	sp,sp,-16
80001b50:	00812423          	sw	s0,8(sp)
80001b54:	00912223          	sw	s1,4(sp)
80001b58:	00112623          	sw	ra,12(sp)
80001b5c:	00050413          	mv	s0,a0
80001b60:	00058493          	mv	s1,a1
    RT_ASSERT(mutex != RT_NULL);
80001b64:	00051e63          	bnez	a0,80001b80 <rt_mutex_init+0x34>
80001b68:	3f600613          	li	a2,1014
80001b6c:	00003597          	auipc	a1,0x3
80001b70:	23058593          	addi	a1,a1,560 # 80004d9c <__FUNCTION__.31>
80001b74:	00003517          	auipc	a0,0x3
80001b78:	10c50513          	addi	a0,a0,268 # 80004c80 <__FUNCTION__.0+0x100>
80001b7c:	029000ef          	jal	ra,800023a4 <rt_assert_handler>
    rt_object_init(&(mutex->parent.parent), RT_Object_Class_Mutex, name);
80001b80:	00048613          	mv	a2,s1
80001b84:	00040513          	mv	a0,s0
80001b88:	00300593          	li	a1,3
80001b8c:	781000ef          	jal	ra,80002b0c <rt_object_init>
    rt_list_init(&(ipc->suspend_thread));
80001b90:	01c40793          	addi	a5,s0,28
    l->next = l->prev = l;
80001b94:	02f42023          	sw	a5,32(s0)
80001b98:	00f42e23          	sw	a5,28(s0)
    mutex->ceiling_priority = 0xFF;
80001b9c:	fff00793          	li	a5,-1
80001ba0:	02f41223          	sh	a5,36(s0)
    rt_list_init(&(mutex->taken_list));
80001ba4:	02c40793          	addi	a5,s0,44
80001ba8:	02f42823          	sw	a5,48(s0)
80001bac:	02f42623          	sw	a5,44(s0)
    mutex->parent.parent.flag = RT_IPC_FLAG_PRIO;
80001bb0:	00100793          	li	a5,1
    rt_spin_lock_init(&(mutex->spinlock));
80001bb4:	03440513          	addi	a0,s0,52
    mutex->owner    = RT_NULL;
80001bb8:	02042423          	sw	zero,40(s0)
    mutex->hold     = 0;
80001bbc:	02040323          	sb	zero,38(s0)
    mutex->parent.parent.flag = RT_IPC_FLAG_PRIO;
80001bc0:	00f408a3          	sb	a5,17(s0)
    rt_spin_lock_init(&(mutex->spinlock));
80001bc4:	eccff0ef          	jal	ra,80001290 <rt_spin_lock_init>
}
80001bc8:	00c12083          	lw	ra,12(sp)
80001bcc:	00812403          	lw	s0,8(sp)
80001bd0:	00412483          	lw	s1,4(sp)
80001bd4:	00000513          	li	a0,0
80001bd8:	01010113          	addi	sp,sp,16
80001bdc:	00008067          	ret

80001be0 <rt_mutex_drop_thread>:
{
80001be0:	fc010113          	addi	sp,sp,-64
80001be4:	02812c23          	sw	s0,56(sp)
80001be8:	03212823          	sw	s2,48(sp)
80001bec:	02112e23          	sw	ra,60(sp)
80001bf0:	02912a23          	sw	s1,52(sp)
80001bf4:	03312623          	sw	s3,44(sp)
80001bf8:	00050413          	mv	s0,a0
80001bfc:	00058913          	mv	s2,a1
    RT_DEBUG_IN_THREAD_CONTEXT;
80001c00:	044020ef          	jal	ra,80003c44 <rt_thread_self>
80001c04:	02051863          	bnez	a0,80001c34 <rt_mutex_drop_thread+0x54>
80001c08:	00003597          	auipc	a1,0x3
80001c0c:	17c58593          	addi	a1,a1,380 # 80004d84 <__FUNCTION__.29>
80001c10:	00003517          	auipc	a0,0x3
80001c14:	01050513          	addi	a0,a0,16 # 80004c20 <__FUNCTION__.0+0xa0>
80001c18:	510000ef          	jal	ra,80002128 <rt_kprintf>
80001c1c:	43e00613          	li	a2,1086
80001c20:	00003597          	auipc	a1,0x3
80001c24:	16458593          	addi	a1,a1,356 # 80004d84 <__FUNCTION__.29>
80001c28:	00004517          	auipc	a0,0x4
80001c2c:	b5450513          	addi	a0,a0,-1196 # 8000577c <__FUNCTION__.2+0xa8>
80001c30:	774000ef          	jal	ra,800023a4 <rt_assert_handler>
80001c34:	478000ef          	jal	ra,800020ac <rt_interrupt_get_nest>
80001c38:	02050863          	beqz	a0,80001c68 <rt_mutex_drop_thread+0x88>
80001c3c:	00003597          	auipc	a1,0x3
80001c40:	14858593          	addi	a1,a1,328 # 80004d84 <__FUNCTION__.29>
80001c44:	00003517          	auipc	a0,0x3
80001c48:	01450513          	addi	a0,a0,20 # 80004c58 <__FUNCTION__.0+0xd8>
80001c4c:	4dc000ef          	jal	ra,80002128 <rt_kprintf>
80001c50:	43e00613          	li	a2,1086
80001c54:	00003597          	auipc	a1,0x3
80001c58:	13058593          	addi	a1,a1,304 # 80004d84 <__FUNCTION__.29>
80001c5c:	00004517          	auipc	a0,0x4
80001c60:	b2050513          	addi	a0,a0,-1248 # 8000577c <__FUNCTION__.2+0xa8>
80001c64:	740000ef          	jal	ra,800023a4 <rt_assert_handler>
    RT_ASSERT(mutex != RT_NULL);
80001c68:	00041e63          	bnez	s0,80001c84 <rt_mutex_drop_thread+0xa4>
80001c6c:	43f00613          	li	a2,1087
80001c70:	00003597          	auipc	a1,0x3
80001c74:	11458593          	addi	a1,a1,276 # 80004d84 <__FUNCTION__.29>
80001c78:	00003517          	auipc	a0,0x3
80001c7c:	00850513          	addi	a0,a0,8 # 80004c80 <__FUNCTION__.0+0x100>
80001c80:	724000ef          	jal	ra,800023a4 <rt_assert_handler>
    RT_ASSERT(thread != RT_NULL);
80001c84:	00091e63          	bnez	s2,80001ca0 <rt_mutex_drop_thread+0xc0>
80001c88:	44000613          	li	a2,1088
80001c8c:	00003597          	auipc	a1,0x3
80001c90:	0f858593          	addi	a1,a1,248 # 80004d84 <__FUNCTION__.29>
80001c94:	00003517          	auipc	a0,0x3
80001c98:	05c50513          	addi	a0,a0,92 # 80004cf0 <__FUNCTION__.0+0x170>
80001c9c:	708000ef          	jal	ra,800023a4 <rt_assert_handler>
    rt_spin_lock(&(mutex->spinlock));
80001ca0:	03440993          	addi	s3,s0,52
80001ca4:	00098513          	mv	a0,s3
80001ca8:	decff0ef          	jal	ra,80001294 <rt_spin_lock>
    RT_ASSERT(thread->pending_object == &mutex->parent.parent);
80001cac:	09092783          	lw	a5,144(s2)
80001cb0:	00878e63          	beq	a5,s0,80001ccc <rt_mutex_drop_thread+0xec>
80001cb4:	44400613          	li	a2,1092
80001cb8:	00003597          	auipc	a1,0x3
80001cbc:	0cc58593          	addi	a1,a1,204 # 80004d84 <__FUNCTION__.29>
80001cc0:	00003517          	auipc	a0,0x3
80001cc4:	04450513          	addi	a0,a0,68 # 80004d04 <__FUNCTION__.0+0x184>
80001cc8:	6dc000ef          	jal	ra,800023a4 <rt_assert_handler>
    rt_sched_lock(&slvl);
80001ccc:	01c10513          	addi	a0,sp,28
80001cd0:	64c010ef          	jal	ra,8000331c <rt_sched_lock>
    rt_list_remove(&RT_THREAD_LIST_NODE(thread));
80001cd4:	03490513          	addi	a0,s2,52
80001cd8:	859ff0ef          	jal	ra,80001530 <rt_list_remove>
    if (mutex->owner && rt_sched_thread_get_curr_prio(mutex->owner) ==
80001cdc:	02842503          	lw	a0,40(s0)
    rt_bool_t need_update = RT_FALSE;
80001ce0:	00000493          	li	s1,0
    if (mutex->owner && rt_sched_thread_get_curr_prio(mutex->owner) ==
80001ce4:	00050e63          	beqz	a0,80001d00 <rt_mutex_drop_thread+0x120>
80001ce8:	394010ef          	jal	ra,8000307c <rt_sched_thread_get_curr_prio>
80001cec:	00050493          	mv	s1,a0
                            rt_sched_thread_get_curr_prio(thread))
80001cf0:	00090513          	mv	a0,s2
80001cf4:	388010ef          	jal	ra,8000307c <rt_sched_thread_get_curr_prio>
    if (mutex->owner && rt_sched_thread_get_curr_prio(mutex->owner) ==
80001cf8:	40a484b3          	sub	s1,s1,a0
80001cfc:	0014b493          	seqz	s1,s1
    return l->next == l;
80001d00:	01c42503          	lw	a0,28(s0)
    if (!rt_list_isempty(&mutex->parent.suspend_thread))
80001d04:	01c40793          	addi	a5,s0,28
80001d08:	06f50263          	beq	a0,a5,80001d6c <rt_mutex_drop_thread+0x18c>
        mutex->priority = rt_sched_thread_get_curr_prio(th);
80001d0c:	fcc50513          	addi	a0,a0,-52
80001d10:	36c010ef          	jal	ra,8000307c <rt_sched_thread_get_curr_prio>
80001d14:	02a402a3          	sb	a0,37(s0)
    if (need_update)
80001d18:	02048463          	beqz	s1,80001d40 <rt_mutex_drop_thread+0x160>
        priority = _thread_get_mutex_priority(mutex->owner);
80001d1c:	02842503          	lw	a0,40(s0)
80001d20:	82dff0ef          	jal	ra,8000154c <_thread_get_mutex_priority>
80001d24:	00a12623          	sw	a0,12(sp)
        if (priority != rt_sched_thread_get_curr_prio(mutex->owner))
80001d28:	02842503          	lw	a0,40(s0)
80001d2c:	350010ef          	jal	ra,8000307c <rt_sched_thread_get_curr_prio>
80001d30:	00c12583          	lw	a1,12(sp)
80001d34:	00b50663          	beq	a0,a1,80001d40 <rt_mutex_drop_thread+0x160>
            _thread_update_priority(mutex->owner, priority, RT_UNINTERRUPTIBLE);
80001d38:	02842503          	lw	a0,40(s0)
80001d3c:	995ff0ef          	jal	ra,800016d0 <_thread_update_priority.constprop.0>
    rt_sched_unlock(slvl);
80001d40:	01c12503          	lw	a0,28(sp)
80001d44:	610010ef          	jal	ra,80003354 <rt_sched_unlock>
    rt_spin_unlock(&(mutex->spinlock));
80001d48:	00098513          	mv	a0,s3
80001d4c:	d4cff0ef          	jal	ra,80001298 <rt_spin_unlock>
}
80001d50:	03c12083          	lw	ra,60(sp)
80001d54:	03812403          	lw	s0,56(sp)
80001d58:	03412483          	lw	s1,52(sp)
80001d5c:	03012903          	lw	s2,48(sp)
80001d60:	02c12983          	lw	s3,44(sp)
80001d64:	04010113          	addi	sp,sp,64
80001d68:	00008067          	ret
        mutex->priority = 0xff;
80001d6c:	fff00793          	li	a5,-1
80001d70:	02f402a3          	sb	a5,37(s0)
80001d74:	fa5ff06f          	j	80001d18 <rt_mutex_drop_thread+0x138>

80001d78 <rt_mutex_take>:

rt_err_t rt_mutex_take(rt_mutex_t mutex, rt_int32_t time)
{
    return _rt_mutex_take(mutex, time, RT_UNINTERRUPTIBLE);
80001d78:	00200613          	li	a2,2
80001d7c:	a2dff06f          	j	800017a8 <_rt_mutex_take>

80001d80 <rt_mutex_release>:
 *
 * @return   Return the operation status. When the return value is RT_EOK, the operation is successful.
 *           If the return value is any other values, it means that the mutex release failed.
 */
rt_err_t rt_mutex_release(rt_mutex_t mutex)
{
80001d80:	fb010113          	addi	sp,sp,-80
80001d84:	04812423          	sw	s0,72(sp)
80001d88:	04112623          	sw	ra,76(sp)
80001d8c:	04912223          	sw	s1,68(sp)
80001d90:	05212023          	sw	s2,64(sp)
80001d94:	03312e23          	sw	s3,60(sp)
80001d98:	03412c23          	sw	s4,56(sp)
80001d9c:	03512a23          	sw	s5,52(sp)
80001da0:	03612823          	sw	s6,48(sp)
80001da4:	03712623          	sw	s7,44(sp)
80001da8:	03812423          	sw	s8,40(sp)
80001dac:	00050413          	mv	s0,a0
    rt_sched_lock_level_t slvl;
    struct rt_thread *thread;
    rt_bool_t need_schedule;

    /* parameter check */
    RT_ASSERT(mutex != RT_NULL);
80001db0:	00051e63          	bnez	a0,80001dcc <rt_mutex_release+0x4c>
80001db4:	63e00613          	li	a2,1598
80001db8:	00003597          	auipc	a1,0x3
80001dbc:	fa858593          	addi	a1,a1,-88 # 80004d60 <__FUNCTION__.23>
80001dc0:	00003517          	auipc	a0,0x3
80001dc4:	ec050513          	addi	a0,a0,-320 # 80004c80 <__FUNCTION__.0+0x100>
80001dc8:	5dc000ef          	jal	ra,800023a4 <rt_assert_handler>
    RT_ASSERT(rt_object_get_type(&mutex->parent.parent) == RT_Object_Class_Mutex);
80001dcc:	00040513          	mv	a0,s0
80001dd0:	1f8010ef          	jal	ra,80002fc8 <rt_object_get_type>
80001dd4:	00300793          	li	a5,3
80001dd8:	00f50e63          	beq	a0,a5,80001df4 <rt_mutex_release+0x74>
80001ddc:	63f00613          	li	a2,1599
80001de0:	00003597          	auipc	a1,0x3
80001de4:	f8058593          	addi	a1,a1,-128 # 80004d60 <__FUNCTION__.23>
80001de8:	00003517          	auipc	a0,0x3
80001dec:	eac50513          	addi	a0,a0,-340 # 80004c94 <__FUNCTION__.0+0x114>
80001df0:	5b4000ef          	jal	ra,800023a4 <rt_assert_handler>

    need_schedule = RT_FALSE;

    /* only thread could release mutex because we need test the ownership */
    RT_DEBUG_IN_THREAD_CONTEXT;
80001df4:	651010ef          	jal	ra,80003c44 <rt_thread_self>
80001df8:	02051863          	bnez	a0,80001e28 <rt_mutex_release+0xa8>
80001dfc:	00003597          	auipc	a1,0x3
80001e00:	f6458593          	addi	a1,a1,-156 # 80004d60 <__FUNCTION__.23>
80001e04:	00003517          	auipc	a0,0x3
80001e08:	e1c50513          	addi	a0,a0,-484 # 80004c20 <__FUNCTION__.0+0xa0>
80001e0c:	31c000ef          	jal	ra,80002128 <rt_kprintf>
80001e10:	64400613          	li	a2,1604
80001e14:	00003597          	auipc	a1,0x3
80001e18:	f4c58593          	addi	a1,a1,-180 # 80004d60 <__FUNCTION__.23>
80001e1c:	00004517          	auipc	a0,0x4
80001e20:	96050513          	addi	a0,a0,-1696 # 8000577c <__FUNCTION__.2+0xa8>
80001e24:	580000ef          	jal	ra,800023a4 <rt_assert_handler>
80001e28:	284000ef          	jal	ra,800020ac <rt_interrupt_get_nest>
80001e2c:	02050863          	beqz	a0,80001e5c <rt_mutex_release+0xdc>
80001e30:	00003597          	auipc	a1,0x3
80001e34:	f3058593          	addi	a1,a1,-208 # 80004d60 <__FUNCTION__.23>
80001e38:	00003517          	auipc	a0,0x3
80001e3c:	e2050513          	addi	a0,a0,-480 # 80004c58 <__FUNCTION__.0+0xd8>
80001e40:	2e8000ef          	jal	ra,80002128 <rt_kprintf>
80001e44:	64400613          	li	a2,1604
80001e48:	00003597          	auipc	a1,0x3
80001e4c:	f1858593          	addi	a1,a1,-232 # 80004d60 <__FUNCTION__.23>
80001e50:	00004517          	auipc	a0,0x4
80001e54:	92c50513          	addi	a0,a0,-1748 # 8000577c <__FUNCTION__.2+0xa8>
80001e58:	54c000ef          	jal	ra,800023a4 <rt_assert_handler>

    /* get current thread */
    thread = rt_thread_self();
80001e5c:	5e9010ef          	jal	ra,80003c44 <rt_thread_self>

    rt_spin_lock(&(mutex->spinlock));
80001e60:	03440993          	addi	s3,s0,52
    thread = rt_thread_self();
80001e64:	00050493          	mv	s1,a0
    rt_spin_lock(&(mutex->spinlock));
80001e68:	00098513          	mv	a0,s3
80001e6c:	c28ff0ef          	jal	ra,80001294 <rt_spin_lock>

    LOG_D("mutex_release:current thread %s, hold: %d",
          thread->parent.name, mutex->hold);

    RT_OBJECT_HOOK_CALL(rt_object_put_hook, (&(mutex->parent.parent)));
80001e70:	cd01a783          	lw	a5,-816(gp) # 801004d0 <rt_object_put_hook>
80001e74:	00078663          	beqz	a5,80001e80 <rt_mutex_release+0x100>
80001e78:	00040513          	mv	a0,s0
80001e7c:	000780e7          	jalr	a5
     * Mutex can only be released by its owner.
     * Exception: if the owner thread is already closed, allow other threads
     * to release so the orphaned mutex can be cleaned up (e.g. cross-thread
     * rt_thread_delete path in _thread_detach_from_mutex).
     */
    if (thread != mutex->owner)
80001e80:	02842783          	lw	a5,40(s0)
80001e84:	06978863          	beq	a5,s1,80001ef4 <rt_mutex_release+0x174>
    {
        rt_bool_t owner_closed = RT_FALSE;

        if (mutex->owner != RT_NULL)
80001e88:	04079463          	bnez	a5,80001ed0 <rt_mutex_release+0x150>
            rt_sched_unlock(slvl);
        }

        if (!owner_closed)
        {
            thread->error = -RT_ERROR;
80001e8c:	fff00793          	li	a5,-1
            rt_spin_unlock(&(mutex->spinlock));
80001e90:	00098513          	mv	a0,s3
            thread->error = -RT_ERROR;
80001e94:	02f4a823          	sw	a5,48(s1)
            rt_spin_unlock(&(mutex->spinlock));
80001e98:	c00ff0ef          	jal	ra,80001298 <rt_spin_unlock>
            return -RT_ERROR;
80001e9c:	fff00513          	li	a0,-1
    /* perform a schedule */
    if (need_schedule == RT_TRUE)
        rt_schedule();

    return RT_EOK;
}
80001ea0:	04c12083          	lw	ra,76(sp)
80001ea4:	04812403          	lw	s0,72(sp)
80001ea8:	04412483          	lw	s1,68(sp)
80001eac:	04012903          	lw	s2,64(sp)
80001eb0:	03c12983          	lw	s3,60(sp)
80001eb4:	03812a03          	lw	s4,56(sp)
80001eb8:	03412a83          	lw	s5,52(sp)
80001ebc:	03012b03          	lw	s6,48(sp)
80001ec0:	02c12b83          	lw	s7,44(sp)
80001ec4:	02812c03          	lw	s8,40(sp)
80001ec8:	05010113          	addi	sp,sp,80
80001ecc:	00008067          	ret
            rt_sched_lock(&slvl);
80001ed0:	01c10513          	addi	a0,sp,28
80001ed4:	448010ef          	jal	ra,8000331c <rt_sched_lock>
                (rt_sched_thread_get_stat(mutex->owner) == RT_THREAD_CLOSE);
80001ed8:	02842503          	lw	a0,40(s0)
80001edc:	194010ef          	jal	ra,80003070 <rt_sched_thread_get_stat>
80001ee0:	00050913          	mv	s2,a0
            rt_sched_unlock(slvl);
80001ee4:	01c12503          	lw	a0,28(sp)
80001ee8:	46c010ef          	jal	ra,80003354 <rt_sched_unlock>
        if (!owner_closed)
80001eec:	00100793          	li	a5,1
80001ef0:	f8f91ee3          	bne	s2,a5,80001e8c <rt_mutex_release+0x10c>
    mutex->hold --;
80001ef4:	02644783          	lbu	a5,38(s0)
    need_schedule = RT_FALSE;
80001ef8:	00000493          	li	s1,0
    mutex->hold --;
80001efc:	fff78793          	addi	a5,a5,-1
80001f00:	0ff7f793          	andi	a5,a5,255
80001f04:	02f40323          	sb	a5,38(s0)
    if (mutex->hold == 0)
80001f08:	0a079863          	bnez	a5,80001fb8 <rt_mutex_release+0x238>
        rt_sched_lock(&slvl);
80001f0c:	01c10513          	addi	a0,sp,28
        struct rt_thread *owner = mutex->owner;
80001f10:	02842483          	lw	s1,40(s0)
        rt_list_remove(&mutex->taken_list);
80001f14:	02c40a93          	addi	s5,s0,44
        rt_sched_lock(&slvl);
80001f18:	404010ef          	jal	ra,8000331c <rt_sched_lock>
        rt_list_remove(&mutex->taken_list);
80001f1c:	000a8513          	mv	a0,s5
80001f20:	e10ff0ef          	jal	ra,80001530 <rt_list_remove>
        need_schedule = _check_and_update_prio(owner, mutex);
80001f24:	00048513          	mv	a0,s1
80001f28:	00040593          	mv	a1,s0
80001f2c:	e7cff0ef          	jal	ra,800015a8 <_check_and_update_prio>
        if (!rt_list_isempty(&mutex->parent.suspend_thread))
80001f30:	01c42783          	lw	a5,28(s0)
80001f34:	01c40a13          	addi	s4,s0,28
        need_schedule = _check_and_update_prio(owner, mutex);
80001f38:	00050493          	mv	s1,a0
        if (!rt_list_isempty(&mutex->parent.suspend_thread))
80001f3c:	0afa0063          	beq	s4,a5,80001fdc <rt_mutex_release+0x25c>
                RT_ASSERT(rt_sched_thread_is_suspended(next_thread));
80001f40:	00003b97          	auipc	s7,0x3
80001f44:	e20b8b93          	addi	s7,s7,-480 # 80004d60 <__FUNCTION__.23>
80001f48:	00003c17          	auipc	s8,0x3
80001f4c:	decc0c13          	addi	s8,s8,-532 # 80004d34 <__FUNCTION__.0+0x1b4>
                next_thread = RT_THREAD_LIST_NODE_ENTRY(mutex->parent.suspend_thread.next);
80001f50:	01c42903          	lw	s2,28(s0)
80001f54:	fcc90b13          	addi	s6,s2,-52
                RT_ASSERT(rt_sched_thread_is_suspended(next_thread));
80001f58:	000b0513          	mv	a0,s6
80001f5c:	130010ef          	jal	ra,8000308c <rt_sched_thread_is_suspended>
80001f60:	00051a63          	bnez	a0,80001f74 <rt_mutex_release+0x1f4>
80001f64:	68300613          	li	a2,1667
80001f68:	000b8593          	mv	a1,s7
80001f6c:	000c0513          	mv	a0,s8
80001f70:	434000ef          	jal	ra,800023a4 <rt_assert_handler>
                rt_list_remove(&RT_THREAD_LIST_NODE(next_thread));
80001f74:	00090513          	mv	a0,s2
80001f78:	db8ff0ef          	jal	ra,80001530 <rt_list_remove>
                if (rt_sched_thread_ready(next_thread) != RT_EOK)
80001f7c:	000b0513          	mv	a0,s6
80001f80:	148010ef          	jal	ra,800030c8 <rt_sched_thread_ready>
80001f84:	06050863          	beqz	a0,80001ff4 <rt_mutex_release+0x274>
            } while (!next_thread && !rt_list_isempty(&mutex->parent.suspend_thread));
80001f88:	01c42783          	lw	a5,28(s0)
80001f8c:	fcfa12e3          	bne	s4,a5,80001f50 <rt_mutex_release+0x1d0>
                mutex->priority = 0xff;
80001f90:	fff00793          	li	a5,-1
                mutex->owner = RT_NULL;
80001f94:	02042423          	sw	zero,40(s0)
                mutex->priority = 0xff;
80001f98:	02f402a3          	sb	a5,37(s0)
80001f9c:	0140006f          	j	80001fb0 <rt_mutex_release+0x230>
                    mutex->priority = rt_sched_thread_get_curr_prio(th);
80001fa0:	fcc50513          	addi	a0,a0,-52
80001fa4:	0d8010ef          	jal	ra,8000307c <rt_sched_thread_get_curr_prio>
80001fa8:	02a402a3          	sb	a0,37(s0)
                need_schedule = RT_TRUE;
80001fac:	00100493          	li	s1,1
            rt_sched_unlock(slvl);
80001fb0:	01c12503          	lw	a0,28(sp)
80001fb4:	3a0010ef          	jal	ra,80003354 <rt_sched_unlock>
    rt_spin_unlock(&(mutex->spinlock));
80001fb8:	00098513          	mv	a0,s3
80001fbc:	adcff0ef          	jal	ra,80001298 <rt_spin_unlock>
    if (need_schedule == RT_TRUE)
80001fc0:	00100793          	li	a5,1
    return RT_EOK;
80001fc4:	00000513          	li	a0,0
    if (need_schedule == RT_TRUE)
80001fc8:	ecf49ce3          	bne	s1,a5,80001ea0 <rt_mutex_release+0x120>
80001fcc:	00a12623          	sw	a0,12(sp)
        rt_schedule();
80001fd0:	61c010ef          	jal	ra,800035ec <rt_schedule>
80001fd4:	00c12503          	lw	a0,12(sp)
80001fd8:	ec9ff06f          	j	80001ea0 <rt_mutex_release+0x120>
            rt_sched_unlock(slvl);
80001fdc:	01c12503          	lw	a0,28(sp)
80001fe0:	374010ef          	jal	ra,80003354 <rt_sched_unlock>
            mutex->priority = 0xff;
80001fe4:	fff00793          	li	a5,-1
            mutex->owner    = RT_NULL;
80001fe8:	02042423          	sw	zero,40(s0)
            mutex->priority = 0xff;
80001fec:	02f402a3          	sb	a5,37(s0)
80001ff0:	fc9ff06f          	j	80001fb8 <rt_mutex_release+0x238>
                mutex->hold  = 1;
80001ff4:	00100793          	li	a5,1
80001ff8:	02f40323          	sb	a5,38(s0)
    l->next->prev = n;
80001ffc:	05492783          	lw	a5,84(s2)
                mutex->owner = next_thread;
80002000:	03642423          	sw	s6,40(s0)
80002004:	0157a223          	sw	s5,4(a5)
    n->next = l->next;
80002008:	02f42623          	sw	a5,44(s0)
    l->next = n;
8000200c:	05592a23          	sw	s5,84(s2)
                rt_list_insert_after(&next_thread->taken_object_list, &mutex->taken_list);
80002010:	05490793          	addi	a5,s2,84
    return l->next == l;
80002014:	01c42503          	lw	a0,28(s0)
    n->prev = l;
80002018:	02f42823          	sw	a5,48(s0)
                next_thread->pending_object = RT_NULL;
8000201c:	04092e23          	sw	zero,92(s2)
                if (!rt_list_isempty(&(mutex->parent.suspend_thread)))
80002020:	f8aa10e3          	bne	s4,a0,80001fa0 <rt_mutex_release+0x220>
                    mutex->priority = 0xff;
80002024:	fff00793          	li	a5,-1
80002028:	02f402a3          	sb	a5,37(s0)
8000202c:	f81ff06f          	j	80001fac <rt_mutex_release+0x22c>

80002030 <rt_interrupt_enter>:
 * @note Please don't invoke this routine in application
 *
 * @see rt_interrupt_leave
 */
rt_weak void rt_interrupt_enter(void)
{
80002030:	ff010113          	addi	sp,sp,-16
80002034:	00112623          	sw	ra,12(sp)
    level = rt_hw_interrupt_disable();
80002038:	9bcfe0ef          	jal	ra,800001f4 <rt_hw_interrupt_disable>
    temp = *ptr;
8000203c:	bf818793          	addi	a5,gp,-1032 # 801003f8 <rt_interrupt_nest>
80002040:	0007a703          	lw	a4,0(a5)
    *ptr += val;
80002044:	0007a703          	lw	a4,0(a5)
80002048:	00170713          	addi	a4,a4,1
8000204c:	00e7a023          	sw	a4,0(a5)
    rt_hw_interrupt_enable(level);
80002050:	9acfe0ef          	jal	ra,800001fc <rt_hw_interrupt_enable>
    rt_atomic_add(&(rt_interrupt_nest), 1);
    RT_OBJECT_HOOK_CALL(rt_interrupt_enter_hook,());
80002054:	bf01a783          	lw	a5,-1040(gp) # 801003f0 <rt_interrupt_enter_hook>
80002058:	00078863          	beqz	a5,80002068 <rt_interrupt_enter+0x38>
    LOG_D("irq has come..., irq current nest:%d",
          (rt_int32_t)rt_atomic_load(&(rt_interrupt_nest)));
}
8000205c:	00c12083          	lw	ra,12(sp)
80002060:	01010113          	addi	sp,sp,16
    RT_OBJECT_HOOK_CALL(rt_interrupt_enter_hook,());
80002064:	00078067          	jr	a5
}
80002068:	00c12083          	lw	ra,12(sp)
8000206c:	01010113          	addi	sp,sp,16
80002070:	00008067          	ret

80002074 <rt_interrupt_leave>:
 * @note Please don't invoke this routine in application
 *
 * @see rt_interrupt_enter
 */
rt_weak void rt_interrupt_leave(void)
{
80002074:	ff010113          	addi	sp,sp,-16
80002078:	00112623          	sw	ra,12(sp)
    LOG_D("irq is going to leave, irq current nest:%d",
                 (rt_int32_t)rt_atomic_load(&(rt_interrupt_nest)));
    RT_OBJECT_HOOK_CALL(rt_interrupt_leave_hook,());
8000207c:	bf41a783          	lw	a5,-1036(gp) # 801003f4 <rt_interrupt_leave_hook>
80002080:	00078463          	beqz	a5,80002088 <rt_interrupt_leave+0x14>
80002084:	000780e7          	jalr	a5
    level = rt_hw_interrupt_disable();
80002088:	96cfe0ef          	jal	ra,800001f4 <rt_hw_interrupt_disable>
    temp = *ptr;
8000208c:	bf818793          	addi	a5,gp,-1032 # 801003f8 <rt_interrupt_nest>
80002090:	0007a703          	lw	a4,0(a5)
    *ptr -= val;
80002094:	0007a703          	lw	a4,0(a5)
    rt_atomic_sub(&(rt_interrupt_nest), 1);

}
80002098:	00c12083          	lw	ra,12(sp)
8000209c:	fff70713          	addi	a4,a4,-1
800020a0:	00e7a023          	sw	a4,0(a5)
800020a4:	01010113          	addi	sp,sp,16
    rt_hw_interrupt_enable(level);
800020a8:	954fe06f          	j	800001fc <rt_hw_interrupt_enable>

800020ac <rt_interrupt_get_nest>:
 * context is interrupt context.
 *
 * @return the number of nested interrupts.
 */
rt_weak rt_uint8_t rt_interrupt_get_nest(void)
{
800020ac:	ff010113          	addi	sp,sp,-16
800020b0:	00112623          	sw	ra,12(sp)
800020b4:	00812423          	sw	s0,8(sp)
800020b8:	00912223          	sw	s1,4(sp)
    rt_uint8_t ret;
    rt_base_t level;

    level = rt_hw_local_irq_disable();
800020bc:	938fe0ef          	jal	ra,800001f4 <rt_hw_interrupt_disable>
800020c0:	00050413          	mv	s0,a0
    level = rt_hw_interrupt_disable();
800020c4:	930fe0ef          	jal	ra,800001f4 <rt_hw_interrupt_disable>
    temp = *ptr;
800020c8:	bf81a483          	lw	s1,-1032(gp) # 801003f8 <rt_interrupt_nest>
    rt_hw_interrupt_enable(level);
800020cc:	930fe0ef          	jal	ra,800001fc <rt_hw_interrupt_enable>
    ret = rt_atomic_load(&rt_interrupt_nest);
    rt_hw_local_irq_enable(level);
800020d0:	00040513          	mv	a0,s0
800020d4:	928fe0ef          	jal	ra,800001fc <rt_hw_interrupt_enable>
    return ret;
}
800020d8:	00c12083          	lw	ra,12(sp)
800020dc:	00812403          	lw	s0,8(sp)
800020e0:	0ff4f513          	andi	a0,s1,255
800020e4:	00412483          	lw	s1,4(sp)
800020e8:	01010113          	addi	sp,sp,16
800020ec:	00008067          	ret

800020f0 <rt_hw_interrupt_is_disabled>:
RTM_EXPORT(rt_hw_interrupt_enable);

rt_weak rt_bool_t rt_hw_interrupt_is_disabled(void)
{
    return RT_FALSE;
}
800020f0:	00000513          	li	a0,0
800020f4:	00008067          	ret

800020f8 <_heap_lock>:
    rt_mutex_init(&_lock, "heap", RT_IPC_FLAG_PRIO);
#endif
}

rt_inline rt_base_t _heap_lock(void)
{
800020f8:	ff010113          	addi	sp,sp,-16
800020fc:	00112623          	sw	ra,12(sp)
#if defined(RT_USING_HEAP_ISR)
    return rt_spin_lock_irqsave(&_heap_spinlock);
#elif defined(RT_USING_MUTEX)
    if (rt_thread_self())
80002100:	345010ef          	jal	ra,80003c44 <rt_thread_self>
80002104:	00050c63          	beqz	a0,8000211c <_heap_lock+0x24>
        return RT_EOK;
#else
    rt_enter_critical();
    return RT_EOK;
#endif
}
80002108:	00c12083          	lw	ra,12(sp)
        return rt_mutex_take(&_lock, RT_WAITING_FOREVER);
8000210c:	fff00593          	li	a1,-1
80002110:	bfc18513          	addi	a0,gp,-1028 # 801003fc <_lock>
}
80002114:	01010113          	addi	sp,sp,16
        return rt_mutex_take(&_lock, RT_WAITING_FOREVER);
80002118:	c61ff06f          	j	80001d78 <rt_mutex_take>
}
8000211c:	00c12083          	lw	ra,12(sp)
80002120:	01010113          	addi	sp,sp,16
80002124:	00008067          	ret

80002128 <rt_kprintf>:
{
80002128:	fc010113          	addi	sp,sp,-64
8000212c:	00812c23          	sw	s0,24(sp)
80002130:	00112e23          	sw	ra,28(sp)
80002134:	02b12223          	sw	a1,36(sp)
80002138:	02c12423          	sw	a2,40(sp)
8000213c:	02d12623          	sw	a3,44(sp)
80002140:	02e12823          	sw	a4,48(sp)
80002144:	02f12a23          	sw	a5,52(sp)
80002148:	03012c23          	sw	a6,56(sp)
8000214c:	03112e23          	sw	a7,60(sp)
    return _console_output_enabled;
80002150:	8081a403          	lw	s0,-2040(gp) # 80100008 <_console_output_enabled>
    if (!rt_console_output_get_enabled())
80002154:	02040a63          	beqz	s0,80002188 <rt_kprintf+0x60>
    va_start(args, fmt);
80002158:	02410693          	addi	a3,sp,36
    length = rt_vsnprintf(rt_log_buf, sizeof(rt_log_buf) - 1, fmt, args);
8000215c:	00050613          	mv	a2,a0
80002160:	07f00593          	li	a1,127
80002164:	c4018513          	addi	a0,gp,-960 # 80100440 <rt_log_buf.3>
    va_start(args, fmt);
80002168:	00d12623          	sw	a3,12(sp)
    length = rt_vsnprintf(rt_log_buf, sizeof(rt_log_buf) - 1, fmt, args);
8000216c:	fd4fe0ef          	jal	ra,80000940 <rt_vsnprintf>
    _kputs(rt_log_buf, length);
80002170:	07f00793          	li	a5,127
    length = rt_vsnprintf(rt_log_buf, sizeof(rt_log_buf) - 1, fmt, args);
80002174:	00050413          	mv	s0,a0
    _kputs(rt_log_buf, length);
80002178:	00a7f463          	bgeu	a5,a0,80002180 <rt_kprintf+0x58>
8000217c:	07f00413          	li	s0,127
    rt_hw_console_output(str);
80002180:	c4018513          	addi	a0,gp,-960 # 80100440 <rt_log_buf.3>
80002184:	dd1fe0ef          	jal	ra,80000f54 <rt_hw_console_output>
}
80002188:	01c12083          	lw	ra,28(sp)
8000218c:	00040513          	mv	a0,s0
80002190:	01812403          	lw	s0,24(sp)
80002194:	04010113          	addi	sp,sp,64
80002198:	00008067          	ret

8000219c <rt_hw_backtrace_frame_unwind>:
{
8000219c:	ff010113          	addi	sp,sp,-16
    LOG_W("%s is not implemented", __func__);
800021a0:	00003517          	auipc	a0,0x3
800021a4:	c2450513          	addi	a0,a0,-988 # 80004dc4 <__FUNCTION__.39+0x18>
{
800021a8:	00112623          	sw	ra,12(sp)
    LOG_W("%s is not implemented", __func__);
800021ac:	f7dff0ef          	jal	ra,80002128 <rt_kprintf>
800021b0:	00003597          	auipc	a1,0x3
800021b4:	e2c58593          	addi	a1,a1,-468 # 80004fdc <__func__.4>
800021b8:	00003517          	auipc	a0,0x3
800021bc:	ca050513          	addi	a0,a0,-864 # 80004e58 <__FUNCTION__.39+0xac>
800021c0:	f69ff0ef          	jal	ra,80002128 <rt_kprintf>
800021c4:	00003517          	auipc	a0,0x3
800021c8:	c8c50513          	addi	a0,a0,-884 # 80004e50 <__FUNCTION__.39+0xa4>
800021cc:	f5dff0ef          	jal	ra,80002128 <rt_kprintf>
}
800021d0:	00c12083          	lw	ra,12(sp)
800021d4:	ffa00513          	li	a0,-6
800021d8:	01010113          	addi	sp,sp,16
800021dc:	00008067          	ret

800021e0 <rt_show_version>:
{
800021e0:	ff010113          	addi	sp,sp,-16
    rt_kprintf("\n \\ | /\n");
800021e4:	00003517          	auipc	a0,0x3
800021e8:	c8c50513          	addi	a0,a0,-884 # 80004e70 <__FUNCTION__.39+0xc4>
{
800021ec:	00112623          	sw	ra,12(sp)
    rt_kprintf("\n \\ | /\n");
800021f0:	f39ff0ef          	jal	ra,80002128 <rt_kprintf>
    rt_kprintf("- RT -     Thread Nano Operating System\n");
800021f4:	00003517          	auipc	a0,0x3
800021f8:	c8850513          	addi	a0,a0,-888 # 80004e7c <__FUNCTION__.39+0xd0>
800021fc:	f2dff0ef          	jal	ra,80002128 <rt_kprintf>
    rt_kprintf(" / | \\     %d.%d.%d build %s %s\n",
80002200:	00003797          	auipc	a5,0x3
80002204:	ca878793          	addi	a5,a5,-856 # 80004ea8 <__FUNCTION__.39+0xfc>
80002208:	00003717          	auipc	a4,0x3
8000220c:	cac70713          	addi	a4,a4,-852 # 80004eb4 <__FUNCTION__.39+0x108>
80002210:	00000693          	li	a3,0
80002214:	00300613          	li	a2,3
80002218:	00500593          	li	a1,5
8000221c:	00003517          	auipc	a0,0x3
80002220:	ca450513          	addi	a0,a0,-860 # 80004ec0 <__FUNCTION__.39+0x114>
80002224:	f05ff0ef          	jal	ra,80002128 <rt_kprintf>
}
80002228:	00c12083          	lw	ra,12(sp)
    rt_kprintf(" 2006 - 2024 Copyright by RT-Thread team\n");
8000222c:	00003517          	auipc	a0,0x3
80002230:	cb850513          	addi	a0,a0,-840 # 80004ee4 <__FUNCTION__.39+0x138>
}
80002234:	01010113          	addi	sp,sp,16
    rt_kprintf(" 2006 - 2024 Copyright by RT-Thread team\n");
80002238:	ef1ff06f          	j	80002128 <rt_kprintf>

8000223c <rt_backtrace_frame>:
{
8000223c:	fe010113          	addi	sp,sp,-32
80002240:	01212823          	sw	s2,16(sp)
80002244:	00050913          	mv	s2,a0
    rt_kprintf("please use: addr2line -e rtthread.elf -a -f\n");
80002248:	00003517          	auipc	a0,0x3
8000224c:	cc850513          	addi	a0,a0,-824 # 80004f10 <__FUNCTION__.39+0x164>
{
80002250:	00812c23          	sw	s0,24(sp)
80002254:	00912a23          	sw	s1,20(sp)
80002258:	01312623          	sw	s3,12(sp)
8000225c:	00112e23          	sw	ra,28(sp)
80002260:	00058413          	mv	s0,a1
    rt_kprintf("please use: addr2line -e rtthread.elf -a -f\n");
80002264:	02000493          	li	s1,32
80002268:	ec1ff0ef          	jal	ra,80002128 <rt_kprintf>
        rt_kprintf(" 0x%lx", (rt_ubase_t)frame->pc);
8000226c:	00003997          	auipc	s3,0x3
80002270:	cd498993          	addi	s3,s3,-812 # 80004f40 <__FUNCTION__.39+0x194>
80002274:	00442583          	lw	a1,4(s0)
80002278:	00098513          	mv	a0,s3
8000227c:	eadff0ef          	jal	ra,80002128 <rt_kprintf>
        if (rt_hw_backtrace_frame_unwind(thread, frame))
80002280:	00040593          	mv	a1,s0
80002284:	00090513          	mv	a0,s2
80002288:	f15ff0ef          	jal	ra,8000219c <rt_hw_backtrace_frame_unwind>
8000228c:	00051663          	bnez	a0,80002298 <rt_backtrace_frame+0x5c>
    while (nesting < RT_BACKTRACE_LEVEL_MAX_NR)
80002290:	fff48493          	addi	s1,s1,-1
80002294:	fe0490e3          	bnez	s1,80002274 <rt_backtrace_frame+0x38>
    rt_kprintf("\n");
80002298:	00003517          	auipc	a0,0x3
8000229c:	98450513          	addi	a0,a0,-1660 # 80004c1c <__FUNCTION__.0+0x9c>
800022a0:	e89ff0ef          	jal	ra,80002128 <rt_kprintf>
}
800022a4:	01c12083          	lw	ra,28(sp)
800022a8:	01812403          	lw	s0,24(sp)
800022ac:	01412483          	lw	s1,20(sp)
800022b0:	01012903          	lw	s2,16(sp)
800022b4:	00c12983          	lw	s3,12(sp)
800022b8:	00000513          	li	a0,0
800022bc:	02010113          	addi	sp,sp,32
800022c0:	00008067          	ret

800022c4 <rt_backtrace>:
{
800022c4:	fe010113          	addi	sp,sp,-32
800022c8:	00112e23          	sw	ra,28(sp)
800022cc:	00812c23          	sw	s0,24(sp)
800022d0:	00912a23          	sw	s1,20(sp)
800022d4:	02010413          	addi	s0,sp,32
    struct rt_hw_backtrace_frame frame = {0};
800022d8:	fe042423          	sw	zero,-24(s0)
800022dc:	fe042623          	sw	zero,-20(s0)
    rt_thread_t thread = rt_thread_self();
800022e0:	165010ef          	jal	ra,80003c44 <rt_thread_self>
    RT_HW_BACKTRACE_FRAME_GET_SELF(&frame);
800022e4:	00000797          	auipc	a5,0x0
800022e8:	fe078793          	addi	a5,a5,-32 # 800022c4 <rt_backtrace>
    rt_hw_backtrace_frame_unwind(thread, &frame);
800022ec:	fe840593          	addi	a1,s0,-24
    rt_thread_t thread = rt_thread_self();
800022f0:	00050493          	mv	s1,a0
    RT_HW_BACKTRACE_FRAME_GET_SELF(&frame);
800022f4:	fef42623          	sw	a5,-20(s0)
800022f8:	fe842423          	sw	s0,-24(s0)
    rt_hw_backtrace_frame_unwind(thread, &frame);
800022fc:	ea1ff0ef          	jal	ra,8000219c <rt_hw_backtrace_frame_unwind>
    return rt_backtrace_frame(thread, &frame);
80002300:	fe840593          	addi	a1,s0,-24
80002304:	00048513          	mv	a0,s1
80002308:	f35ff0ef          	jal	ra,8000223c <rt_backtrace_frame>
}
8000230c:	01c12083          	lw	ra,28(sp)
80002310:	01812403          	lw	s0,24(sp)
80002314:	01412483          	lw	s1,20(sp)
80002318:	02010113          	addi	sp,sp,32
8000231c:	00008067          	ret

80002320 <__rt_ffs>:
 * @return Return the index of the first bit set. If value is 0, then this function
 *         shall return 0.
 */
int __rt_ffs(int value)
{
    if (value == 0)
80002320:	08050063          	beqz	a0,800023a0 <__rt_ffs+0x80>
    {
        return 0;
    }

    if (value & 0xff)
80002324:	0ff57713          	andi	a4,a0,255
80002328:	00003797          	auipc	a5,0x3
8000232c:	cd478793          	addi	a5,a5,-812 # 80004ffc <__lowest_bit_bitmap>
80002330:	00070a63          	beqz	a4,80002344 <__rt_ffs+0x24>
    {
        return __lowest_bit_bitmap[value & 0xff] + 1;
80002334:	00e787b3          	add	a5,a5,a4
80002338:	0007c503          	lbu	a0,0(a5)
8000233c:	00150513          	addi	a0,a0,1
80002340:	00008067          	ret
    }

    if (value & 0xff00)
80002344:	00010737          	lui	a4,0x10
80002348:	f0070713          	addi	a4,a4,-256 # ff00 <_start-0x7fff0100>
8000234c:	00e57733          	and	a4,a0,a4
80002350:	00070e63          	beqz	a4,8000236c <__rt_ffs+0x4c>
    {
        return __lowest_bit_bitmap[(value & 0xff00) >> 8] + 9;
80002354:	40855513          	srai	a0,a0,0x8
80002358:	0ff57513          	andi	a0,a0,255
8000235c:	00a78533          	add	a0,a5,a0
80002360:	00054503          	lbu	a0,0(a0)
80002364:	00950513          	addi	a0,a0,9
80002368:	00008067          	ret
    }

    if (value & 0xff0000)
8000236c:	00ff0737          	lui	a4,0xff0
80002370:	00e57733          	and	a4,a0,a4
80002374:	00070e63          	beqz	a4,80002390 <__rt_ffs+0x70>
    {
        return __lowest_bit_bitmap[(value & 0xff0000) >> 16] + 17;
80002378:	41055513          	srai	a0,a0,0x10
8000237c:	0ff57513          	andi	a0,a0,255
80002380:	00a78533          	add	a0,a5,a0
80002384:	00054503          	lbu	a0,0(a0)
80002388:	01150513          	addi	a0,a0,17
8000238c:	00008067          	ret
    }

    return __lowest_bit_bitmap[(value & 0xff000000) >> 24] + 25;
80002390:	01855513          	srli	a0,a0,0x18
80002394:	00a78533          	add	a0,a5,a0
80002398:	00054503          	lbu	a0,0(a0)
8000239c:	01950513          	addi	a0,a0,25
}
800023a0:	00008067          	ret

800023a4 <rt_assert_handler>:
 * @param func is the function name when assertion.
 *
 * @param line is the file line number when assertion.
 */
void rt_assert_handler(const char *ex_string, const char *func, rt_size_t line)
{
800023a4:	fe010113          	addi	sp,sp,-32
800023a8:	00112e23          	sw	ra,28(sp)
    volatile char dummy = 0;
800023ac:	000107a3          	sb	zero,15(sp)

    if (rt_assert_hook == RT_NULL)
800023b0:	c381a803          	lw	a6,-968(gp) # 80100438 <rt_assert_hook>
800023b4:	02081c63          	bnez	a6,800023ec <rt_assert_handler+0x48>
800023b8:	00060693          	mv	a3,a2
            dlmodule_exit(-1);
        }
        else
#endif /*RT_USING_MODULE*/
        {
            rt_kprintf("(%s) assertion failed at function:%s, line number:%d \n", ex_string, func, line);
800023bc:	00058613          	mv	a2,a1
800023c0:	00050593          	mv	a1,a0
800023c4:	00003517          	auipc	a0,0x3
800023c8:	b8450513          	addi	a0,a0,-1148 # 80004f48 <__FUNCTION__.39+0x19c>
800023cc:	d5dff0ef          	jal	ra,80002128 <rt_kprintf>
            rt_backtrace();
800023d0:	ef5ff0ef          	jal	ra,800022c4 <rt_backtrace>
            while (dummy == 0);
800023d4:	00f14783          	lbu	a5,15(sp)
800023d8:	0ff7f793          	andi	a5,a5,255
800023dc:	fe078ce3          	beqz	a5,800023d4 <rt_assert_handler+0x30>
    }
    else
    {
        rt_assert_hook(ex_string, func, line);
    }
}
800023e0:	01c12083          	lw	ra,28(sp)
800023e4:	02010113          	addi	sp,sp,32
800023e8:	00008067          	ret
800023ec:	01c12083          	lw	ra,28(sp)
800023f0:	02010113          	addi	sp,sp,32
        rt_assert_hook(ex_string, func, line);
800023f4:	00080067          	jr	a6

800023f8 <rt_system_heap_init_generic>:
{
800023f8:	ff010113          	addi	sp,sp,-16
    rt_uintptr_t begin_align = RT_ALIGN((rt_uintptr_t)begin_addr, RT_ALIGN_SIZE);
800023fc:	00350513          	addi	a0,a0,3
{
80002400:	00812423          	sw	s0,8(sp)
80002404:	00912223          	sw	s1,4(sp)
80002408:	00112623          	sw	ra,12(sp)
    rt_uintptr_t begin_align = RT_ALIGN((rt_uintptr_t)begin_addr, RT_ALIGN_SIZE);
8000240c:	ffc57413          	andi	s0,a0,-4
    rt_uintptr_t end_align   = RT_ALIGN_DOWN((rt_uintptr_t)end_addr, RT_ALIGN_SIZE);
80002410:	ffc5f493          	andi	s1,a1,-4
    RT_ASSERT(end_align > begin_align);
80002414:	00946e63          	bltu	s0,s1,80002430 <rt_system_heap_init_generic+0x38>
80002418:	46400613          	li	a2,1124
8000241c:	00003597          	auipc	a1,0x3
80002420:	ba458593          	addi	a1,a1,-1116 # 80004fc0 <__FUNCTION__.1>
80002424:	00003517          	auipc	a0,0x3
80002428:	b5c50513          	addi	a0,a0,-1188 # 80004f80 <__FUNCTION__.39+0x1d4>
8000242c:	f79ff0ef          	jal	ra,800023a4 <rt_assert_handler>
    _MEM_INIT("heap", (void *)begin_align, end_align - begin_align);
80002430:	40848633          	sub	a2,s1,s0
80002434:	00040593          	mv	a1,s0
80002438:	00003517          	auipc	a0,0x3
8000243c:	b6050513          	addi	a0,a0,-1184 # 80004f98 <__FUNCTION__.39+0x1ec>
80002440:	21c000ef          	jal	ra,8000265c <rt_smem_init>
}
80002444:	00812403          	lw	s0,8(sp)
80002448:	00c12083          	lw	ra,12(sp)
8000244c:	00412483          	lw	s1,4(sp)
    _MEM_INIT("heap", (void *)begin_align, end_align - begin_align);
80002450:	cca1a223          	sw	a0,-828(gp) # 801004c4 <system_heap>
    rt_mutex_init(&_lock, "heap", RT_IPC_FLAG_PRIO);
80002454:	00100613          	li	a2,1
80002458:	00003597          	auipc	a1,0x3
8000245c:	b4058593          	addi	a1,a1,-1216 # 80004f98 <__FUNCTION__.39+0x1ec>
80002460:	bfc18513          	addi	a0,gp,-1028 # 801003fc <_lock>
}
80002464:	01010113          	addi	sp,sp,16
    rt_mutex_init(&_lock, "heap", RT_IPC_FLAG_PRIO);
80002468:	ee4ff06f          	j	80001b4c <rt_mutex_init>

8000246c <rt_system_heap_init>:
    rt_system_heap_init_generic(begin_addr, end_addr);
8000246c:	f8dff06f          	j	800023f8 <rt_system_heap_init_generic>

80002470 <_heap_unlock>:
{
80002470:	ff010113          	addi	sp,sp,-16
80002474:	00112623          	sw	ra,12(sp)
    RT_ASSERT(level == RT_EOK);
80002478:	00050e63          	beqz	a0,80002494 <_heap_unlock+0x24>
8000247c:	40000613          	li	a2,1024
80002480:	00003597          	auipc	a1,0x3
80002484:	b3058593          	addi	a1,a1,-1232 # 80004fb0 <__FUNCTION__.0>
80002488:	00003517          	auipc	a0,0x3
8000248c:	b1850513          	addi	a0,a0,-1256 # 80004fa0 <__FUNCTION__.39+0x1f4>
80002490:	f15ff0ef          	jal	ra,800023a4 <rt_assert_handler>
    if (rt_thread_self())
80002494:	7b0010ef          	jal	ra,80003c44 <rt_thread_self>
80002498:	00050a63          	beqz	a0,800024ac <_heap_unlock+0x3c>
}
8000249c:	00c12083          	lw	ra,12(sp)
        rt_mutex_release(&_lock);
800024a0:	bfc18513          	addi	a0,gp,-1028 # 801003fc <_lock>
}
800024a4:	01010113          	addi	sp,sp,16
        rt_mutex_release(&_lock);
800024a8:	8d9ff06f          	j	80001d80 <rt_mutex_release>
}
800024ac:	00c12083          	lw	ra,12(sp)
800024b0:	01010113          	addi	sp,sp,16
800024b4:	00008067          	ret

800024b8 <rt_malloc>:
{
800024b8:	fe010113          	addi	sp,sp,-32
800024bc:	00112e23          	sw	ra,28(sp)
800024c0:	00812c23          	sw	s0,24(sp)
800024c4:	00912a23          	sw	s1,20(sp)
800024c8:	00050413          	mv	s0,a0
    level = _heap_lock();
800024cc:	c2dff0ef          	jal	ra,800020f8 <_heap_lock>
800024d0:	00050493          	mv	s1,a0
    ptr = _MEM_MALLOC(size);
800024d4:	00040593          	mv	a1,s0
800024d8:	cc41a503          	lw	a0,-828(gp) # 801004c4 <system_heap>
800024dc:	274000ef          	jal	ra,80002750 <rt_smem_alloc>
800024e0:	00a12623          	sw	a0,12(sp)
    _heap_unlock(level);
800024e4:	00048513          	mv	a0,s1
800024e8:	f89ff0ef          	jal	ra,80002470 <_heap_unlock>
    RT_OBJECT_HOOK_CALL(rt_malloc_hook, (&ptr, size));
800024ec:	cc01a783          	lw	a5,-832(gp) # 801004c0 <rt_malloc_hook>
800024f0:	00078863          	beqz	a5,80002500 <rt_malloc+0x48>
800024f4:	00040593          	mv	a1,s0
800024f8:	00c10513          	addi	a0,sp,12
800024fc:	000780e7          	jalr	a5
}
80002500:	01c12083          	lw	ra,28(sp)
80002504:	01812403          	lw	s0,24(sp)
80002508:	00c12503          	lw	a0,12(sp)
8000250c:	01412483          	lw	s1,20(sp)
80002510:	02010113          	addi	sp,sp,32
80002514:	00008067          	ret

80002518 <rt_free>:
{
80002518:	fe010113          	addi	sp,sp,-32
8000251c:	00112e23          	sw	ra,28(sp)
80002520:	00812c23          	sw	s0,24(sp)
80002524:	00a12623          	sw	a0,12(sp)
    RT_OBJECT_HOOK_CALL(rt_free_hook, (&ptr));
80002528:	c3c1a783          	lw	a5,-964(gp) # 8010043c <rt_free_hook>
8000252c:	00078663          	beqz	a5,80002538 <rt_free+0x20>
80002530:	00c10513          	addi	a0,sp,12
80002534:	000780e7          	jalr	a5
    if (ptr == RT_NULL) return;
80002538:	00c12783          	lw	a5,12(sp)
8000253c:	00078e63          	beqz	a5,80002558 <rt_free+0x40>
    level = _heap_lock();
80002540:	bb9ff0ef          	jal	ra,800020f8 <_heap_lock>
80002544:	00050413          	mv	s0,a0
    _MEM_FREE(ptr);
80002548:	00c12503          	lw	a0,12(sp)
8000254c:	404000ef          	jal	ra,80002950 <rt_smem_free>
    _heap_unlock(level);
80002550:	00040513          	mv	a0,s0
80002554:	f1dff0ef          	jal	ra,80002470 <_heap_unlock>
}
80002558:	01c12083          	lw	ra,28(sp)
8000255c:	01812403          	lw	s0,24(sp)
80002560:	02010113          	addi	sp,sp,32
80002564:	00008067          	ret

80002568 <plug_holes>:
static void plug_holes(struct rt_small_mem *m, struct rt_small_mem_item *mem)
{
    struct rt_small_mem_item *nmem;
    struct rt_small_mem_item *pmem;

    RT_ASSERT((rt_uint8_t *)mem >= m->heap_ptr);
80002568:	03052783          	lw	a5,48(a0)
{
8000256c:	ff010113          	addi	sp,sp,-16
80002570:	00812423          	sw	s0,8(sp)
80002574:	00912223          	sw	s1,4(sp)
80002578:	00112623          	sw	ra,12(sp)
8000257c:	00050493          	mv	s1,a0
80002580:	00058413          	mv	s0,a1
    RT_ASSERT((rt_uint8_t *)mem >= m->heap_ptr);
80002584:	00f5fe63          	bgeu	a1,a5,800025a0 <plug_holes+0x38>
80002588:	08100613          	li	a2,129
8000258c:	00003597          	auipc	a1,0x3
80002590:	ed858593          	addi	a1,a1,-296 # 80005464 <__FUNCTION__.1>
80002594:	00003517          	auipc	a0,0x3
80002598:	b6850513          	addi	a0,a0,-1176 # 800050fc <__lowest_bit_bitmap+0x100>
8000259c:	e09ff0ef          	jal	ra,800023a4 <rt_assert_handler>
    RT_ASSERT((rt_uint8_t *)mem < (rt_uint8_t *)m->heap_end);
800025a0:	0344a783          	lw	a5,52(s1)
800025a4:	00f46e63          	bltu	s0,a5,800025c0 <plug_holes+0x58>
800025a8:	08200613          	li	a2,130
800025ac:	00003597          	auipc	a1,0x3
800025b0:	eb858593          	addi	a1,a1,-328 # 80005464 <__FUNCTION__.1>
800025b4:	00003517          	auipc	a0,0x3
800025b8:	b6c50513          	addi	a0,a0,-1172 # 80005120 <__lowest_bit_bitmap+0x124>
800025bc:	de9ff0ef          	jal	ra,800023a4 <rt_assert_handler>

    /* plug hole forward */
    nmem = (struct rt_small_mem_item *)&m->heap_ptr[mem->next];
800025c0:	0304a703          	lw	a4,48(s1)
800025c4:	00442783          	lw	a5,4(s0)
800025c8:	00f707b3          	add	a5,a4,a5
    if (mem != nmem && !MEM_ISUSED(nmem) &&
800025cc:	04f40063          	beq	s0,a5,8000260c <plug_holes+0xa4>
800025d0:	0007a683          	lw	a3,0(a5)
800025d4:	0016f693          	andi	a3,a3,1
800025d8:	02069a63          	bnez	a3,8000260c <plug_holes+0xa4>
800025dc:	0344a683          	lw	a3,52(s1)
800025e0:	02f68663          	beq	a3,a5,8000260c <plug_holes+0xa4>
        (rt_uint8_t *)nmem != (rt_uint8_t *)m->heap_end)
    {
        /* if mem->next is unused and not end of m->heap_ptr,
         * combine mem and mem->next
         */
        if (m->lfree == nmem)
800025e4:	0384a683          	lw	a3,56(s1)
800025e8:	00f69463          	bne	a3,a5,800025f0 <plug_holes+0x88>
        {
            m->lfree = mem;
800025ec:	0284ac23          	sw	s0,56(s1)
        }
        nmem->pool_ptr = 0;
        mem->next = nmem->next;
800025f0:	0047a683          	lw	a3,4(a5)
        nmem->pool_ptr = 0;
800025f4:	0007a023          	sw	zero,0(a5)
        mem->next = nmem->next;
800025f8:	00d42223          	sw	a3,4(s0)
        ((struct rt_small_mem_item *)&m->heap_ptr[nmem->next])->prev = (rt_uint8_t *)mem - m->heap_ptr;
800025fc:	0047a783          	lw	a5,4(a5)
80002600:	40e406b3          	sub	a3,s0,a4
80002604:	00f707b3          	add	a5,a4,a5
80002608:	00d7a423          	sw	a3,8(a5)
    }

    /* plug hole backward */
    pmem = (struct rt_small_mem_item *)&m->heap_ptr[mem->prev];
8000260c:	00842603          	lw	a2,8(s0)
80002610:	00c707b3          	add	a5,a4,a2
    if (pmem != mem && !MEM_ISUSED(pmem))
80002614:	02f40a63          	beq	s0,a5,80002648 <plug_holes+0xe0>
80002618:	0007a683          	lw	a3,0(a5)
8000261c:	0016f693          	andi	a3,a3,1
80002620:	02069463          	bnez	a3,80002648 <plug_holes+0xe0>
    {
        /* if mem->prev is unused, combine mem and mem->prev */
        if (m->lfree == mem)
80002624:	0384a683          	lw	a3,56(s1)
80002628:	00869463          	bne	a3,s0,80002630 <plug_holes+0xc8>
        {
            m->lfree = pmem;
8000262c:	02f4ac23          	sw	a5,56(s1)
        }
        mem->pool_ptr = 0;
        pmem->next = mem->next;
80002630:	00442683          	lw	a3,4(s0)
        mem->pool_ptr = 0;
80002634:	00042023          	sw	zero,0(s0)
        pmem->next = mem->next;
80002638:	00d7a223          	sw	a3,4(a5)
        ((struct rt_small_mem_item *)&m->heap_ptr[mem->next])->prev = (rt_uint8_t *)pmem - m->heap_ptr;
8000263c:	00442783          	lw	a5,4(s0)
80002640:	00f70733          	add	a4,a4,a5
80002644:	00c72423          	sw	a2,8(a4) # ff0008 <_start-0x7f00fff8>
    }
}
80002648:	00c12083          	lw	ra,12(sp)
8000264c:	00812403          	lw	s0,8(sp)
80002650:	00412483          	lw	s1,4(sp)
80002654:	01010113          	addi	sp,sp,16
80002658:	00008067          	ret

8000265c <rt_smem_init>:
 * @return Return a pointer to the memory object. When the return value is RT_NULL, it means the init failed.
 */
rt_smem_t rt_smem_init(const char    *name,
                     void          *begin_addr,
                     rt_size_t      size)
{
8000265c:	fd010113          	addi	sp,sp,-48
    rt_uintptr_t start_addr, begin_align, end_align, mem_size;

    small_mem = (struct rt_small_mem *)RT_ALIGN((rt_uintptr_t)begin_addr, RT_ALIGN_SIZE);
    start_addr = (rt_uintptr_t)small_mem + sizeof(*small_mem);
    begin_align = RT_ALIGN((rt_uintptr_t)start_addr, RT_ALIGN_SIZE);
    end_align   = RT_ALIGN_DOWN((rt_uintptr_t)begin_addr + size, RT_ALIGN_SIZE);
80002660:	00c58633          	add	a2,a1,a2
{
80002664:	02112623          	sw	ra,44(sp)
80002668:	02812423          	sw	s0,40(sp)
8000266c:	02912223          	sw	s1,36(sp)
80002670:	03212023          	sw	s2,32(sp)
80002674:	01312e23          	sw	s3,28(sp)
80002678:	01412c23          	sw	s4,24(sp)
    end_align   = RT_ALIGN_DOWN((rt_uintptr_t)begin_addr + size, RT_ALIGN_SIZE);
8000267c:	ffc67793          	andi	a5,a2,-4

    /* alignment addr */
    if ((end_align > (2 * SIZEOF_STRUCT_MEM)) &&
80002680:	01800693          	li	a3,24
80002684:	0af6fc63          	bgeu	a3,a5,8000273c <rt_smem_init+0xe0>
80002688:	00358413          	addi	s0,a1,3
8000268c:	ffc47413          	andi	s0,s0,-4
80002690:	04040713          	addi	a4,s0,64
        ((end_align - 2 * SIZEOF_STRUCT_MEM) >= start_addr))
80002694:	fe878693          	addi	a3,a5,-24
    if ((end_align > (2 * SIZEOF_STRUCT_MEM)) &&
80002698:	0ae6e263          	bltu	a3,a4,8000273c <rt_smem_init+0xe0>
8000269c:	00050993          	mv	s3,a0
                   (rt_uintptr_t)begin_addr, (rt_uintptr_t)begin_addr + size);

        return RT_NULL;
    }

    rt_memset(small_mem, 0, sizeof(*small_mem));
800026a0:	04000613          	li	a2,64
800026a4:	00000593          	li	a1,0
800026a8:	00040513          	mv	a0,s0
    begin_align = RT_ALIGN((rt_uintptr_t)start_addr, RT_ALIGN_SIZE);
800026ac:	00070913          	mv	s2,a4
        mem_size = end_align - begin_align - 2 * SIZEOF_STRUCT_MEM;
800026b0:	40e784b3          	sub	s1,a5,a4
    rt_memset(small_mem, 0, sizeof(*small_mem));
800026b4:	e19fd0ef          	jal	ra,800004cc <rt_memset>
    /* initialize small memory object */
    rt_object_init(&(small_mem->parent.parent), RT_Object_Class_Memory, name);
800026b8:	00040513          	mv	a0,s0
800026bc:	00098613          	mv	a2,s3
800026c0:	00c00593          	li	a1,12
800026c4:	00812623          	sw	s0,12(sp)
800026c8:	444000ef          	jal	ra,80002b0c <rt_object_init>
    small_mem->parent.algorithm = "small";
800026cc:	00c12503          	lw	a0,12(sp)
        mem_size = end_align - begin_align - 2 * SIZEOF_STRUCT_MEM;
800026d0:	fe848a13          	addi	s4,s1,-24
    small_mem->parent.algorithm = "small";
800026d4:	00003797          	auipc	a5,0x3
800026d8:	a7c78793          	addi	a5,a5,-1412 # 80005150 <__lowest_bit_bitmap+0x154>
800026dc:	00f52e23          	sw	a5,28(a0)
    small_mem->parent.address = begin_align;
800026e0:	03252023          	sw	s2,32(a0)
    small_mem->parent.total = mem_size;
800026e4:	03452223          	sw	s4,36(a0)
    small_mem->mem_size_aligned = mem_size;
800026e8:	03452e23          	sw	s4,60(a0)

    /* point to begin address of heap */
    small_mem->heap_ptr = (rt_uint8_t *)begin_align;
800026ec:	03252823          	sw	s2,48(a0)
            (rt_uintptr_t)small_mem->heap_ptr, small_mem->mem_size_aligned);

    /* initialize the start of the heap */
    mem        = (struct rt_small_mem_item *)small_mem->heap_ptr;
    mem->pool_ptr = MEM_FREED(small_mem);
    mem->next  = small_mem->mem_size_aligned + SIZEOF_STRUCT_MEM;
800026f0:	ff448793          	addi	a5,s1,-12
    mem->pool_ptr = MEM_FREED(small_mem);
800026f4:	00a92023          	sw	a0,0(s2)
    mem->next  = small_mem->mem_size_aligned + SIZEOF_STRUCT_MEM;
800026f8:	00f92223          	sw	a5,4(s2)
    mem->prev  = 0;
800026fc:	00092423          	sw	zero,8(s2)
#ifdef RT_USING_MEMTRACE
    rt_smem_setname(mem, "INIT");
#endif /* RT_USING_MEMTRACE */

    /* initialize the end of the heap */
    small_mem->heap_end        = (struct rt_small_mem_item *)&small_mem->heap_ptr[mem->next];
80002700:	00f90733          	add	a4,s2,a5
80002704:	02e52a23          	sw	a4,52(a0)
    small_mem->heap_end->pool_ptr = MEM_USED(small_mem);
80002708:	00156693          	ori	a3,a0,1
8000270c:	00d72023          	sw	a3,0(a4)
    small_mem->heap_end->next  = small_mem->mem_size_aligned + SIZEOF_STRUCT_MEM;
80002710:	00f72223          	sw	a5,4(a4)
    small_mem->heap_end->prev  = small_mem->mem_size_aligned + SIZEOF_STRUCT_MEM;
80002714:	00f72423          	sw	a5,8(a4)
#ifdef RT_USING_MEMTRACE
    rt_smem_setname(small_mem->heap_end, "INIT");
#endif /* RT_USING_MEMTRACE */

    /* initialize the lowest-free pointer to the start of the heap */
    small_mem->lfree = (struct rt_small_mem_item *)small_mem->heap_ptr;
80002718:	03252c23          	sw	s2,56(a0)

    return &small_mem->parent;
}
8000271c:	02c12083          	lw	ra,44(sp)
80002720:	02812403          	lw	s0,40(sp)
80002724:	02412483          	lw	s1,36(sp)
80002728:	02012903          	lw	s2,32(sp)
8000272c:	01c12983          	lw	s3,28(sp)
80002730:	01812a03          	lw	s4,24(sp)
80002734:	03010113          	addi	sp,sp,48
80002738:	00008067          	ret
        rt_kprintf("mem init, error begin address 0x%x, and end address 0x%x\n",
8000273c:	00003517          	auipc	a0,0x3
80002740:	a1c50513          	addi	a0,a0,-1508 # 80005158 <__lowest_bit_bitmap+0x15c>
80002744:	9e5ff0ef          	jal	ra,80002128 <rt_kprintf>
        return RT_NULL;
80002748:	00000513          	li	a0,0
8000274c:	fd1ff06f          	j	8000271c <rt_smem_init+0xc0>

80002750 <rt_smem_alloc>:
 * @param size is the minimum size of the requested block in bytes.
 *
 * @return the pointer to allocated memory or NULL if no free memory was found.
 */
void *rt_smem_alloc(rt_smem_t m, rt_size_t size)
{
80002750:	ff010113          	addi	sp,sp,-16
80002754:	00112623          	sw	ra,12(sp)
80002758:	00812423          	sw	s0,8(sp)
8000275c:	00912223          	sw	s1,4(sp)
    rt_size_t ptr, ptr2;
    struct rt_small_mem_item *mem, *mem2;
    struct rt_small_mem *small_mem;

    if (size == 0)
80002760:	02059063          	bnez	a1,80002780 <rt_smem_alloc+0x30>
        return RT_NULL;
80002764:	00000413          	li	s0,0
            return (rt_uint8_t *)mem + SIZEOF_STRUCT_MEM;
        }
    }

    return RT_NULL;
}
80002768:	00c12083          	lw	ra,12(sp)
8000276c:	00040513          	mv	a0,s0
80002770:	00812403          	lw	s0,8(sp)
80002774:	00412483          	lw	s1,4(sp)
80002778:	01010113          	addi	sp,sp,16
8000277c:	00008067          	ret
80002780:	00050413          	mv	s0,a0
80002784:	00058493          	mv	s1,a1
    RT_ASSERT(m != RT_NULL);
80002788:	00051e63          	bnez	a0,800027a4 <rt_smem_alloc+0x54>
8000278c:	11d00613          	li	a2,285
80002790:	00003597          	auipc	a1,0x3
80002794:	ce058593          	addi	a1,a1,-800 # 80005470 <__FUNCTION__.3>
80002798:	00003517          	auipc	a0,0x3
8000279c:	b7050513          	addi	a0,a0,-1168 # 80005308 <__lowest_bit_bitmap+0x30c>
800027a0:	c05ff0ef          	jal	ra,800023a4 <rt_assert_handler>
    RT_ASSERT(rt_object_get_type(&m->parent) == RT_Object_Class_Memory);
800027a4:	00040513          	mv	a0,s0
800027a8:	021000ef          	jal	ra,80002fc8 <rt_object_get_type>
800027ac:	00c00793          	li	a5,12
800027b0:	00f50e63          	beq	a0,a5,800027cc <rt_smem_alloc+0x7c>
800027b4:	11e00613          	li	a2,286
800027b8:	00003597          	auipc	a1,0x3
800027bc:	cb858593          	addi	a1,a1,-840 # 80005470 <__FUNCTION__.3>
800027c0:	00003517          	auipc	a0,0x3
800027c4:	9d450513          	addi	a0,a0,-1580 # 80005194 <__lowest_bit_bitmap+0x198>
800027c8:	bddff0ef          	jal	ra,800023a4 <rt_assert_handler>
    RT_ASSERT(rt_object_is_systemobject(&m->parent));
800027cc:	00040513          	mv	a0,s0
800027d0:	7b4000ef          	jal	ra,80002f84 <rt_object_is_systemobject>
800027d4:	00051e63          	bnez	a0,800027f0 <rt_smem_alloc+0xa0>
800027d8:	11f00613          	li	a2,287
800027dc:	00003597          	auipc	a1,0x3
800027e0:	c9458593          	addi	a1,a1,-876 # 80005470 <__FUNCTION__.3>
800027e4:	00003517          	auipc	a0,0x3
800027e8:	9ec50513          	addi	a0,a0,-1556 # 800051d0 <__lowest_bit_bitmap+0x1d4>
800027ec:	bb9ff0ef          	jal	ra,800023a4 <rt_assert_handler>
    size = RT_ALIGN(size, RT_ALIGN_SIZE);
800027f0:	00348593          	addi	a1,s1,3
800027f4:	ffc5f593          	andi	a1,a1,-4
    if (size < MIN_SIZE_ALIGNED)
800027f8:	00c00793          	li	a5,12
800027fc:	00f5f463          	bgeu	a1,a5,80002804 <rt_smem_alloc+0xb4>
80002800:	00c00593          	li	a1,12
    if (size > small_mem->mem_size_aligned)
80002804:	03c42603          	lw	a2,60(s0)
80002808:	f4b66ee3          	bltu	a2,a1,80002764 <rt_smem_alloc+0x14>
    for (ptr = (rt_uint8_t *)small_mem->lfree - small_mem->heap_ptr;
8000280c:	03842e03          	lw	t3,56(s0)
80002810:	03042503          	lw	a0,48(s0)
         ptr <= small_mem->mem_size_aligned - size;
80002814:	40b608b3          	sub	a7,a2,a1
    for (ptr = (rt_uint8_t *)small_mem->lfree - small_mem->heap_ptr;
80002818:	40ae0733          	sub	a4,t3,a0
8000281c:	f4e8e4e3          	bltu	a7,a4,80002764 <rt_smem_alloc+0x14>
        mem = (struct rt_small_mem_item *)&small_mem->heap_ptr[ptr];
80002820:	00e504b3          	add	s1,a0,a4
        if ((!MEM_ISUSED(mem)) && (mem->next - (ptr + SIZEOF_STRUCT_MEM)) >= size)
80002824:	0004a783          	lw	a5,0(s1)
80002828:	0044a803          	lw	a6,4(s1)
8000282c:	0017f793          	andi	a5,a5,1
80002830:	10079c63          	bnez	a5,80002948 <rt_smem_alloc+0x1f8>
80002834:	40e806b3          	sub	a3,a6,a4
80002838:	ff468313          	addi	t1,a3,-12
8000283c:	10b36663          	bltu	t1,a1,80002948 <rt_smem_alloc+0x1f8>
                (size + SIZEOF_STRUCT_MEM + MIN_SIZE_ALIGNED))
80002840:	01858f13          	addi	t5,a1,24
                small_mem->parent.used += (size + SIZEOF_STRUCT_MEM);
80002844:	02842783          	lw	a5,40(s0)
                if (small_mem->parent.max < small_mem->parent.used)
80002848:	02c42e83          	lw	t4,44(s0)
8000284c:	00c58893          	addi	a7,a1,12
            if (mem->next - (ptr + SIZEOF_STRUCT_MEM) >=
80002850:	0de36063          	bltu	t1,t5,80002910 <rt_smem_alloc+0x1c0>
                ptr2 = ptr + SIZEOF_STRUCT_MEM + size;
80002854:	00e88333          	add	t1,a7,a4
                mem2       = (struct rt_small_mem_item *)&small_mem->heap_ptr[ptr2];
80002858:	006506b3          	add	a3,a0,t1
                mem2->pool_ptr = MEM_FREED(small_mem);
8000285c:	ffe47f13          	andi	t5,s0,-2
                mem2->next = mem->next;
80002860:	0106a223          	sw	a6,4(a3)
                mem2->prev = ptr;
80002864:	00e6a423          	sw	a4,8(a3)
                mem2->pool_ptr = MEM_FREED(small_mem);
80002868:	01e6a023          	sw	t5,0(a3)
                mem->next = ptr2;
8000286c:	0064a223          	sw	t1,4(s1)
                if (mem2->next != small_mem->mem_size_aligned + SIZEOF_STRUCT_MEM)
80002870:	0046a703          	lw	a4,4(a3)
80002874:	00c60613          	addi	a2,a2,12
80002878:	00c70663          	beq	a4,a2,80002884 <rt_smem_alloc+0x134>
                    ((struct rt_small_mem_item *)&small_mem->heap_ptr[mem2->next])->prev = ptr2;
8000287c:	00e50733          	add	a4,a0,a4
80002880:	00672423          	sw	t1,8(a4)
                small_mem->parent.used += (size + SIZEOF_STRUCT_MEM);
80002884:	00c78793          	addi	a5,a5,12
80002888:	00b785b3          	add	a1,a5,a1
8000288c:	02b42423          	sw	a1,40(s0)
                if (small_mem->parent.max < small_mem->parent.used)
80002890:	00bef463          	bgeu	t4,a1,80002898 <rt_smem_alloc+0x148>
                    small_mem->parent.max = small_mem->parent.used;
80002894:	02b42623          	sw	a1,44(s0)
            mem->pool_ptr = MEM_USED(small_mem);
80002898:	00146793          	ori	a5,s0,1
8000289c:	00f4a023          	sw	a5,0(s1)
            if (mem == small_mem->lfree)
800028a0:	03442683          	lw	a3,52(s0)
800028a4:	089e0663          	beq	t3,s1,80002930 <rt_smem_alloc+0x1e0>
            RT_ASSERT((rt_uintptr_t)mem + SIZEOF_STRUCT_MEM + size <= (rt_uintptr_t)small_mem->heap_end);
800028a8:	009888b3          	add	a7,a7,s1
800028ac:	0116fe63          	bgeu	a3,a7,800028c8 <rt_smem_alloc+0x178>
800028b0:	17c00613          	li	a2,380
800028b4:	00003597          	auipc	a1,0x3
800028b8:	bbc58593          	addi	a1,a1,-1092 # 80005470 <__FUNCTION__.3>
800028bc:	00003517          	auipc	a0,0x3
800028c0:	93c50513          	addi	a0,a0,-1732 # 800051f8 <__lowest_bit_bitmap+0x1fc>
800028c4:	ae1ff0ef          	jal	ra,800023a4 <rt_assert_handler>
            RT_ASSERT((rt_uintptr_t)((rt_uint8_t *)mem + SIZEOF_STRUCT_MEM) % RT_ALIGN_SIZE == 0);
800028c8:	0034f793          	andi	a5,s1,3
800028cc:	00c48413          	addi	s0,s1,12
800028d0:	00078e63          	beqz	a5,800028ec <rt_smem_alloc+0x19c>
800028d4:	17d00613          	li	a2,381
800028d8:	00003597          	auipc	a1,0x3
800028dc:	b9858593          	addi	a1,a1,-1128 # 80005470 <__FUNCTION__.3>
800028e0:	00003517          	auipc	a0,0x3
800028e4:	96c50513          	addi	a0,a0,-1684 # 8000524c <__lowest_bit_bitmap+0x250>
800028e8:	abdff0ef          	jal	ra,800023a4 <rt_assert_handler>
            RT_ASSERT((((rt_uintptr_t)mem) & (RT_ALIGN_SIZE - 1)) == 0);
800028ec:	0034f493          	andi	s1,s1,3
800028f0:	e6048ce3          	beqz	s1,80002768 <rt_smem_alloc+0x18>
800028f4:	17e00613          	li	a2,382
800028f8:	00003597          	auipc	a1,0x3
800028fc:	b7858593          	addi	a1,a1,-1160 # 80005470 <__FUNCTION__.3>
80002900:	00003517          	auipc	a0,0x3
80002904:	99850513          	addi	a0,a0,-1640 # 80005298 <__lowest_bit_bitmap+0x29c>
80002908:	a9dff0ef          	jal	ra,800023a4 <rt_assert_handler>
8000290c:	e5dff06f          	j	80002768 <rt_smem_alloc+0x18>
                small_mem->parent.used += mem->next - ((rt_uint8_t *)mem - small_mem->heap_ptr);
80002910:	00f687b3          	add	a5,a3,a5
80002914:	02f42423          	sw	a5,40(s0)
                if (small_mem->parent.max < small_mem->parent.used)
80002918:	f8fef0e3          	bgeu	t4,a5,80002898 <rt_smem_alloc+0x148>
                    small_mem->parent.max = small_mem->parent.used;
8000291c:	02f42623          	sw	a5,44(s0)
80002920:	f79ff06f          	j	80002898 <rt_smem_alloc+0x148>
                    small_mem->lfree = (struct rt_small_mem_item *)&small_mem->heap_ptr[small_mem->lfree->next];
80002924:	0047a783          	lw	a5,4(a5)
80002928:	00f507b3          	add	a5,a0,a5
8000292c:	02f42c23          	sw	a5,56(s0)
                while (MEM_ISUSED(small_mem->lfree) && small_mem->lfree != small_mem->heap_end)
80002930:	03842783          	lw	a5,56(s0)
80002934:	0007a703          	lw	a4,0(a5)
80002938:	00177713          	andi	a4,a4,1
8000293c:	f60706e3          	beqz	a4,800028a8 <rt_smem_alloc+0x158>
80002940:	fef692e3          	bne	a3,a5,80002924 <rt_smem_alloc+0x1d4>
80002944:	f65ff06f          	j	800028a8 <rt_smem_alloc+0x158>
80002948:	00080713          	mv	a4,a6
8000294c:	ed1ff06f          	j	8000281c <rt_smem_alloc+0xcc>

80002950 <rt_smem_free>:
void rt_smem_free(void *rmem)
{
    struct rt_small_mem_item *mem;
    struct rt_small_mem *small_mem;

    if (rmem == RT_NULL)
80002950:	16050c63          	beqz	a0,80002ac8 <rt_smem_free+0x178>
{
80002954:	ff010113          	addi	sp,sp,-16
80002958:	00912223          	sw	s1,4(sp)
8000295c:	00112623          	sw	ra,12(sp)
80002960:	00812423          	sw	s0,8(sp)
80002964:	01212023          	sw	s2,0(sp)
        return;

    RT_ASSERT((((rt_uintptr_t)rmem) & (RT_ALIGN_SIZE - 1)) == 0);
80002968:	00357793          	andi	a5,a0,3
8000296c:	00050493          	mv	s1,a0
80002970:	00078e63          	beqz	a5,8000298c <rt_smem_free+0x3c>
80002974:	1fe00613          	li	a2,510
80002978:	00003597          	auipc	a1,0x3
8000297c:	adc58593          	addi	a1,a1,-1316 # 80005454 <__FUNCTION__.0>
80002980:	00003517          	auipc	a0,0x3
80002984:	94c50513          	addi	a0,a0,-1716 # 800052cc <__lowest_bit_bitmap+0x2d0>
80002988:	a1dff0ef          	jal	ra,800023a4 <rt_assert_handler>

    /* Get the corresponding struct rt_small_mem_item ... */
    mem = (struct rt_small_mem_item *)((rt_uint8_t *)rmem - SIZEOF_STRUCT_MEM);
    /* ... which has to be in a used state ... */
    small_mem = MEM_POOL(mem);
8000298c:	ff44a403          	lw	s0,-12(s1)
    mem = (struct rt_small_mem_item *)((rt_uint8_t *)rmem - SIZEOF_STRUCT_MEM);
80002990:	ff448913          	addi	s2,s1,-12
    small_mem = MEM_POOL(mem);
80002994:	ffe47413          	andi	s0,s0,-2
    RT_ASSERT(small_mem != RT_NULL);
80002998:	00041e63          	bnez	s0,800029b4 <rt_smem_free+0x64>
8000299c:	20400613          	li	a2,516
800029a0:	00003597          	auipc	a1,0x3
800029a4:	ab458593          	addi	a1,a1,-1356 # 80005454 <__FUNCTION__.0>
800029a8:	00003517          	auipc	a0,0x3
800029ac:	95850513          	addi	a0,a0,-1704 # 80005300 <__lowest_bit_bitmap+0x304>
800029b0:	9f5ff0ef          	jal	ra,800023a4 <rt_assert_handler>
    RT_ASSERT(MEM_ISUSED(mem));
800029b4:	ff44a783          	lw	a5,-12(s1)
800029b8:	0017f793          	andi	a5,a5,1
800029bc:	00079e63          	bnez	a5,800029d8 <rt_smem_free+0x88>
800029c0:	20500613          	li	a2,517
800029c4:	00003597          	auipc	a1,0x3
800029c8:	a9058593          	addi	a1,a1,-1392 # 80005454 <__FUNCTION__.0>
800029cc:	00003517          	auipc	a0,0x3
800029d0:	94c50513          	addi	a0,a0,-1716 # 80005318 <__lowest_bit_bitmap+0x31c>
800029d4:	9d1ff0ef          	jal	ra,800023a4 <rt_assert_handler>
    RT_ASSERT(rt_object_get_type(&small_mem->parent.parent) == RT_Object_Class_Memory);
800029d8:	00040513          	mv	a0,s0
800029dc:	5ec000ef          	jal	ra,80002fc8 <rt_object_get_type>
800029e0:	00c00793          	li	a5,12
800029e4:	00f50e63          	beq	a0,a5,80002a00 <rt_smem_free+0xb0>
800029e8:	20600613          	li	a2,518
800029ec:	00003597          	auipc	a1,0x3
800029f0:	a6858593          	addi	a1,a1,-1432 # 80005454 <__FUNCTION__.0>
800029f4:	00003517          	auipc	a0,0x3
800029f8:	93450513          	addi	a0,a0,-1740 # 80005328 <__lowest_bit_bitmap+0x32c>
800029fc:	9a9ff0ef          	jal	ra,800023a4 <rt_assert_handler>
    RT_ASSERT(rt_object_is_systemobject(&small_mem->parent.parent));
80002a00:	00040513          	mv	a0,s0
80002a04:	580000ef          	jal	ra,80002f84 <rt_object_is_systemobject>
80002a08:	00051e63          	bnez	a0,80002a24 <rt_smem_free+0xd4>
80002a0c:	20700613          	li	a2,519
80002a10:	00003597          	auipc	a1,0x3
80002a14:	a4458593          	addi	a1,a1,-1468 # 80005454 <__FUNCTION__.0>
80002a18:	00003517          	auipc	a0,0x3
80002a1c:	95850513          	addi	a0,a0,-1704 # 80005370 <__lowest_bit_bitmap+0x374>
80002a20:	985ff0ef          	jal	ra,800023a4 <rt_assert_handler>
    RT_ASSERT((rt_uint8_t *)rmem >= (rt_uint8_t *)small_mem->heap_ptr &&
80002a24:	03042783          	lw	a5,48(s0)
80002a28:	00f4e663          	bltu	s1,a5,80002a34 <rt_smem_free+0xe4>
80002a2c:	03442783          	lw	a5,52(s0)
80002a30:	00f4ee63          	bltu	s1,a5,80002a4c <rt_smem_free+0xfc>
80002a34:	20800613          	li	a2,520
80002a38:	00003597          	auipc	a1,0x3
80002a3c:	a1c58593          	addi	a1,a1,-1508 # 80005454 <__FUNCTION__.0>
80002a40:	00003517          	auipc	a0,0x3
80002a44:	96850513          	addi	a0,a0,-1688 # 800053a8 <__lowest_bit_bitmap+0x3ac>
80002a48:	95dff0ef          	jal	ra,800023a4 <rt_assert_handler>
              (rt_uint8_t *)rmem < (rt_uint8_t *)small_mem->heap_end);
    RT_ASSERT(MEM_POOL(&small_mem->heap_ptr[mem->next]) == small_mem);
80002a4c:	03042783          	lw	a5,48(s0)
80002a50:	ff84a703          	lw	a4,-8(s1)
80002a54:	00e787b3          	add	a5,a5,a4
80002a58:	0007a783          	lw	a5,0(a5)
80002a5c:	ffe7f793          	andi	a5,a5,-2
80002a60:	00f40e63          	beq	s0,a5,80002a7c <rt_smem_free+0x12c>
80002a64:	20a00613          	li	a2,522
80002a68:	00003597          	auipc	a1,0x3
80002a6c:	9ec58593          	addi	a1,a1,-1556 # 80005454 <__FUNCTION__.0>
80002a70:	00003517          	auipc	a0,0x3
80002a74:	9ac50513          	addi	a0,a0,-1620 # 8000541c <__lowest_bit_bitmap+0x420>
80002a78:	92dff0ef          	jal	ra,800023a4 <rt_assert_handler>
    mem->pool_ptr = MEM_FREED(small_mem);
#ifdef RT_USING_MEMTRACE
    rt_smem_setname(mem, "    ");
#endif /* RT_USING_MEMTRACE */

    if (mem < small_mem->lfree)
80002a7c:	03842783          	lw	a5,56(s0)
    mem->pool_ptr = MEM_FREED(small_mem);
80002a80:	fe84aa23          	sw	s0,-12(s1)
    if (mem < small_mem->lfree)
80002a84:	00f97463          	bgeu	s2,a5,80002a8c <rt_smem_free+0x13c>
    {
        /* the newly freed struct is now the lowest */
        small_mem->lfree = mem;
80002a88:	03242c23          	sw	s2,56(s0)
    }

    small_mem->parent.used -= (mem->next - ((rt_uint8_t *)mem - small_mem->heap_ptr));
80002a8c:	ff84a703          	lw	a4,-8(s1)
80002a90:	02842783          	lw	a5,40(s0)

    /* finally, see if prev or next are free also */
    plug_holes(small_mem, mem);
80002a94:	00040513          	mv	a0,s0
}
80002a98:	00c12083          	lw	ra,12(sp)
    small_mem->parent.used -= (mem->next - ((rt_uint8_t *)mem - small_mem->heap_ptr));
80002a9c:	40e787b3          	sub	a5,a5,a4
80002aa0:	03042703          	lw	a4,48(s0)
}
80002aa4:	00412483          	lw	s1,4(sp)
    plug_holes(small_mem, mem);
80002aa8:	00090593          	mv	a1,s2
    small_mem->parent.used -= (mem->next - ((rt_uint8_t *)mem - small_mem->heap_ptr));
80002aac:	40e90733          	sub	a4,s2,a4
80002ab0:	00e787b3          	add	a5,a5,a4
80002ab4:	02f42423          	sw	a5,40(s0)
}
80002ab8:	00812403          	lw	s0,8(sp)
80002abc:	00012903          	lw	s2,0(sp)
80002ac0:	01010113          	addi	sp,sp,16
    plug_holes(small_mem, mem);
80002ac4:	aa5ff06f          	j	80002568 <plug_holes>
80002ac8:	00008067          	ret

80002acc <rt_object_get_information>:
struct rt_object_information *
rt_object_get_information(enum rt_object_class_type type)
{
    int index;

    type = (enum rt_object_class_type)(type & ~RT_Object_Class_Static);
80002acc:	80c18713          	addi	a4,gp,-2036 # 8010000c <_object_container>
80002ad0:	f7f57693          	andi	a3,a0,-129

    for (index = 0; index < RT_Object_Info_Unknown; index ++)
80002ad4:	00000793          	li	a5,0
80002ad8:	00070513          	mv	a0,a4
80002adc:	00a00613          	li	a2,10
        if (_object_container[index].type == type) return &_object_container[index];
80002ae0:	00072583          	lw	a1,0(a4)
80002ae4:	00d59a63          	bne	a1,a3,80002af8 <rt_object_get_information+0x2c>
80002ae8:	01800713          	li	a4,24
80002aec:	02e787b3          	mul	a5,a5,a4
80002af0:	00f50533          	add	a0,a0,a5
80002af4:	00008067          	ret
    for (index = 0; index < RT_Object_Info_Unknown; index ++)
80002af8:	00178793          	addi	a5,a5,1
80002afc:	01870713          	addi	a4,a4,24
80002b00:	fec790e3          	bne	a5,a2,80002ae0 <rt_object_get_information+0x14>

    return RT_NULL;
80002b04:	00000513          	li	a0,0
}
80002b08:	00008067          	ret

80002b0c <rt_object_init>:
 *             uses '\0' as a terminal symbol.
 */
void rt_object_init(struct rt_object         *object,
                    enum rt_object_class_type type,
                    const char               *name)
{
80002b0c:	fd010113          	addi	sp,sp,-48
80002b10:	02812423          	sw	s0,40(sp)
80002b14:	00050413          	mv	s0,a0
#ifdef RT_USING_MODULE
    struct rt_dlmodule *module = dlmodule_self();
#endif /* RT_USING_MODULE */

    /* get object information */
    information = rt_object_get_information(type);
80002b18:	00058513          	mv	a0,a1
{
80002b1c:	02912223          	sw	s1,36(sp)
80002b20:	03212023          	sw	s2,32(sp)
80002b24:	01312e23          	sw	s3,28(sp)
80002b28:	02112623          	sw	ra,44(sp)
80002b2c:	01412c23          	sw	s4,24(sp)
80002b30:	01512a23          	sw	s5,20(sp)
80002b34:	01612823          	sw	s6,16(sp)
80002b38:	01712623          	sw	s7,12(sp)
80002b3c:	01812423          	sw	s8,8(sp)
80002b40:	01912223          	sw	s9,4(sp)
80002b44:	00058993          	mv	s3,a1
80002b48:	00060913          	mv	s2,a2
    information = rt_object_get_information(type);
80002b4c:	f81ff0ef          	jal	ra,80002acc <rt_object_get_information>
80002b50:	00050493          	mv	s1,a0
    RT_ASSERT(information != RT_NULL);
80002b54:	00051e63          	bnez	a0,80002b70 <rt_object_init+0x64>
80002b58:	17300613          	li	a2,371
80002b5c:	00003597          	auipc	a1,0x3
80002b60:	a5858593          	addi	a1,a1,-1448 # 800055b4 <__FUNCTION__.7>
80002b64:	00003517          	auipc	a0,0x3
80002b68:	91c50513          	addi	a0,a0,-1764 # 80005480 <__FUNCTION__.3+0x10>
80002b6c:	839ff0ef          	jal	ra,800023a4 <rt_assert_handler>

#ifdef RT_DEBUGING_ASSERT
    /* check object type to avoid re-initialization */

    /* enter critical */
    level = rt_spin_lock_irqsave(&(information->spinlock));
80002b70:	01048a13          	addi	s4,s1,16
80002b74:	000a0513          	mv	a0,s4
80002b78:	f28fe0ef          	jal	ra,800012a0 <rt_spin_lock_irqsave>
    /* try to find object */
    for (node  = information->object_list.next;
80002b7c:	0044aa83          	lw	s5,4(s1)
    level = rt_spin_lock_irqsave(&(information->spinlock));
80002b80:	00050b13          	mv	s6,a0
            node != &(information->object_list);
80002b84:	00448b93          	addi	s7,s1,4
            node  = node->next)
    {
        struct rt_object *obj;

        obj = rt_list_entry(node, struct rt_object, list);
        RT_ASSERT(obj != object);
80002b88:	00003c17          	auipc	s8,0x3
80002b8c:	a2cc0c13          	addi	s8,s8,-1492 # 800055b4 <__FUNCTION__.7>
80002b90:	00003c97          	auipc	s9,0x3
80002b94:	908c8c93          	addi	s9,s9,-1784 # 80005498 <__FUNCTION__.3+0x28>
    for (node  = information->object_list.next;
80002b98:	0d5b9c63          	bne	s7,s5,80002c70 <rt_object_init+0x164>
    }
    /* leave critical */
    rt_spin_unlock_irqrestore(&(information->spinlock), level);
80002b9c:	000b0593          	mv	a1,s6
80002ba0:	000a0513          	mv	a0,s4
#endif /* RT_DEBUGING_ASSERT */

    /* initialize object's parameters */
    /* set object type to static */
    object->type = type | RT_Object_Class_Static;
80002ba4:	f809e993          	ori	s3,s3,-128
    rt_spin_unlock_irqrestore(&(information->spinlock), level);
80002ba8:	f24fe0ef          	jal	ra,800012cc <rt_spin_unlock_irqrestore>
    object->type = type | RT_Object_Class_Static;
80002bac:	01340823          	sb	s3,16(s0)
#if RT_NAME_MAX > 0
    if (name)
80002bb0:	0e090063          	beqz	s2,80002c90 <rt_object_init+0x184>
    {
        obj_name_len = rt_strlen(name);
80002bb4:	00090513          	mv	a0,s2
80002bb8:	a35fd0ef          	jal	ra,800005ec <rt_strlen>
        if(obj_name_len > RT_NAME_MAX - 1)
80002bbc:	00f00793          	li	a5,15
80002bc0:	02a7f863          	bgeu	a5,a0,80002bf0 <rt_object_init+0xe4>
        {
            LOG_E("Object name %s exceeds RT_NAME_MAX=%d, consider increasing RT_NAME_MAX.", name, RT_NAME_MAX);
80002bc4:	00003517          	auipc	a0,0x3
80002bc8:	8e450513          	addi	a0,a0,-1820 # 800054a8 <__FUNCTION__.3+0x38>
80002bcc:	d5cff0ef          	jal	ra,80002128 <rt_kprintf>
80002bd0:	01000613          	li	a2,16
80002bd4:	00090593          	mv	a1,s2
80002bd8:	00003517          	auipc	a0,0x3
80002bdc:	8e850513          	addi	a0,a0,-1816 # 800054c0 <__FUNCTION__.3+0x50>
80002be0:	d48ff0ef          	jal	ra,80002128 <rt_kprintf>
80002be4:	00002517          	auipc	a0,0x2
80002be8:	26c50513          	addi	a0,a0,620 # 80004e50 <__FUNCTION__.39+0xa4>
80002bec:	d3cff0ef          	jal	ra,80002128 <rt_kprintf>
        }
        rt_strncpy(object->name, name, RT_NAME_MAX - 1);
80002bf0:	00f00613          	li	a2,15
80002bf4:	00090593          	mv	a1,s2
80002bf8:	00040513          	mv	a0,s0
80002bfc:	9adfd0ef          	jal	ra,800005a8 <rt_strncpy>
        object->name[RT_NAME_MAX - 1] = '\0';
80002c00:	000407a3          	sb	zero,15(s0)
    }
#else
    object->name = name;
#endif

    RT_OBJECT_HOOK_CALL(rt_object_attach_hook, (object));
80002c04:	cc81a783          	lw	a5,-824(gp) # 801004c8 <rt_object_attach_hook>
80002c08:	00078663          	beqz	a5,80002c14 <rt_object_init+0x108>
80002c0c:	00040513          	mv	a0,s0
80002c10:	000780e7          	jalr	a5

    level = rt_spin_lock_irqsave(&(information->spinlock));
80002c14:	000a0513          	mv	a0,s4
80002c18:	e88fe0ef          	jal	ra,800012a0 <rt_spin_lock_irqsave>
    l->next->prev = n;
80002c1c:	0044a703          	lw	a4,4(s1)
    }
    else
#endif /* RT_USING_MODULE */
    {
        /* insert object into information object list */
        rt_list_insert_after(&(information->object_list), &(object->list));
80002c20:	01440793          	addi	a5,s0,20
    }
    rt_spin_unlock_irqrestore(&(information->spinlock), level);
}
80002c24:	02c12083          	lw	ra,44(sp)
80002c28:	00f72223          	sw	a5,4(a4)
    n->next = l->next;
80002c2c:	00e42a23          	sw	a4,20(s0)
    l->next = n;
80002c30:	00f4a223          	sw	a5,4(s1)
    n->prev = l;
80002c34:	01742c23          	sw	s7,24(s0)
80002c38:	02812403          	lw	s0,40(sp)
80002c3c:	02412483          	lw	s1,36(sp)
80002c40:	02012903          	lw	s2,32(sp)
80002c44:	01c12983          	lw	s3,28(sp)
80002c48:	01412a83          	lw	s5,20(sp)
80002c4c:	01012b03          	lw	s6,16(sp)
80002c50:	00c12b83          	lw	s7,12(sp)
80002c54:	00812c03          	lw	s8,8(sp)
80002c58:	00412c83          	lw	s9,4(sp)
    level = rt_spin_lock_irqsave(&(information->spinlock));
80002c5c:	00050593          	mv	a1,a0
    rt_spin_unlock_irqrestore(&(information->spinlock), level);
80002c60:	000a0513          	mv	a0,s4
}
80002c64:	01812a03          	lw	s4,24(sp)
80002c68:	03010113          	addi	sp,sp,48
    rt_spin_unlock_irqrestore(&(information->spinlock), level);
80002c6c:	e60fe06f          	j	800012cc <rt_spin_unlock_irqrestore>
        obj = rt_list_entry(node, struct rt_object, list);
80002c70:	feca8793          	addi	a5,s5,-20
        RT_ASSERT(obj != object);
80002c74:	00f41a63          	bne	s0,a5,80002c88 <rt_object_init+0x17c>
80002c78:	18200613          	li	a2,386
80002c7c:	000c0593          	mv	a1,s8
80002c80:	000c8513          	mv	a0,s9
80002c84:	f20ff0ef          	jal	ra,800023a4 <rt_assert_handler>
            node  = node->next)
80002c88:	000aaa83          	lw	s5,0(s5)
80002c8c:	f0dff06f          	j	80002b98 <rt_object_init+0x8c>
        object->name[0] = '\0';
80002c90:	00040023          	sb	zero,0(s0)
80002c94:	f71ff06f          	j	80002c04 <rt_object_init+0xf8>

80002c98 <rt_object_detach>:
 *        and the memory of static object is not freed.
 *
 * @param object the specified object to be detached.
 */
void rt_object_detach(rt_object_t object)
{
80002c98:	ff010113          	addi	sp,sp,-16
80002c9c:	00812423          	sw	s0,8(sp)
80002ca0:	00112623          	sw	ra,12(sp)
80002ca4:	00912223          	sw	s1,4(sp)
80002ca8:	00050413          	mv	s0,a0
    rt_base_t level;
    struct rt_object_information *information;

    /* object check */
    RT_ASSERT(object != RT_NULL);
80002cac:	00051e63          	bnez	a0,80002cc8 <rt_object_detach+0x30>
80002cb0:	1bd00613          	li	a2,445
80002cb4:	00003597          	auipc	a1,0x3
80002cb8:	8ec58593          	addi	a1,a1,-1812 # 800055a0 <__FUNCTION__.6>
80002cbc:	00003517          	auipc	a0,0x3
80002cc0:	84c50513          	addi	a0,a0,-1972 # 80005508 <__FUNCTION__.3+0x98>
80002cc4:	ee0ff0ef          	jal	ra,800023a4 <rt_assert_handler>

    RT_OBJECT_HOOK_CALL(rt_object_detach_hook, (object));
80002cc8:	ccc1a783          	lw	a5,-820(gp) # 801004cc <rt_object_detach_hook>
80002ccc:	00078663          	beqz	a5,80002cd8 <rt_object_detach+0x40>
80002cd0:	00040513          	mv	a0,s0
80002cd4:	000780e7          	jalr	a5

    information = rt_object_get_information((enum rt_object_class_type)object->type);
80002cd8:	01044503          	lbu	a0,16(s0)
80002cdc:	df1ff0ef          	jal	ra,80002acc <rt_object_get_information>
80002ce0:	00050493          	mv	s1,a0
    RT_ASSERT(information != RT_NULL);
80002ce4:	00051e63          	bnez	a0,80002d00 <rt_object_detach+0x68>
80002ce8:	1c200613          	li	a2,450
80002cec:	00003597          	auipc	a1,0x3
80002cf0:	8b458593          	addi	a1,a1,-1868 # 800055a0 <__FUNCTION__.6>
80002cf4:	00002517          	auipc	a0,0x2
80002cf8:	78c50513          	addi	a0,a0,1932 # 80005480 <__FUNCTION__.3+0x10>
80002cfc:	ea8ff0ef          	jal	ra,800023a4 <rt_assert_handler>

    level = rt_spin_lock_irqsave(&(information->spinlock));
80002d00:	01048493          	addi	s1,s1,16
80002d04:	00048513          	mv	a0,s1
80002d08:	d98fe0ef          	jal	ra,800012a0 <rt_spin_lock_irqsave>
    n->next->prev = n->prev;
80002d0c:	01442683          	lw	a3,20(s0)
80002d10:	01842703          	lw	a4,24(s0)
    /* remove from old list */
    rt_list_remove(&(object->list));
80002d14:	01440793          	addi	a5,s0,20
    level = rt_spin_lock_irqsave(&(information->spinlock));
80002d18:	00050593          	mv	a1,a0
80002d1c:	00e6a223          	sw	a4,4(a3)
    n->prev->next = n->next;
80002d20:	00d72023          	sw	a3,0(a4)
    n->next = n->prev = n;
80002d24:	00f42c23          	sw	a5,24(s0)
80002d28:	00f42a23          	sw	a5,20(s0)
    rt_spin_unlock_irqrestore(&(information->spinlock), level);
80002d2c:	00048513          	mv	a0,s1
80002d30:	d9cfe0ef          	jal	ra,800012cc <rt_spin_unlock_irqrestore>

    object->type = RT_Object_Class_Null;
}
80002d34:	00c12083          	lw	ra,12(sp)
    object->type = RT_Object_Class_Null;
80002d38:	00040823          	sb	zero,16(s0)
}
80002d3c:	00812403          	lw	s0,8(sp)
80002d40:	00412483          	lw	s1,4(sp)
80002d44:	01010113          	addi	sp,sp,16
80002d48:	00008067          	ret

80002d4c <rt_object_allocate>:
 *             uses '\0' as a terminal symbol.
 *
 * @return object handle allocated successfully, or RT_NULL if no memory can be allocated.
 */
rt_object_t rt_object_allocate(enum rt_object_class_type type, const char *name)
{
80002d4c:	fe010113          	addi	sp,sp,-32
80002d50:	01212823          	sw	s2,16(sp)
80002d54:	01312623          	sw	s3,12(sp)
80002d58:	00112e23          	sw	ra,28(sp)
80002d5c:	00812c23          	sw	s0,24(sp)
80002d60:	00912a23          	sw	s1,20(sp)
80002d64:	00050993          	mv	s3,a0
80002d68:	00058913          	mv	s2,a1
    struct rt_object_information *information;
#ifdef RT_USING_MODULE
    struct rt_dlmodule *module = dlmodule_self();
#endif /* RT_USING_MODULE */

    RT_DEBUG_NOT_IN_INTERRUPT;
80002d6c:	b40ff0ef          	jal	ra,800020ac <rt_interrupt_get_nest>
80002d70:	02050863          	beqz	a0,80002da0 <rt_object_allocate+0x54>
80002d74:	00003597          	auipc	a1,0x3
80002d78:	81858593          	addi	a1,a1,-2024 # 8000558c <__FUNCTION__.5>
80002d7c:	00002517          	auipc	a0,0x2
80002d80:	edc50513          	addi	a0,a0,-292 # 80004c58 <__FUNCTION__.0+0xd8>
80002d84:	ba4ff0ef          	jal	ra,80002128 <rt_kprintf>
80002d88:	1e600613          	li	a2,486
80002d8c:	00003597          	auipc	a1,0x3
80002d90:	80058593          	addi	a1,a1,-2048 # 8000558c <__FUNCTION__.5>
80002d94:	00003517          	auipc	a0,0x3
80002d98:	9e850513          	addi	a0,a0,-1560 # 8000577c <__FUNCTION__.2+0xa8>
80002d9c:	e08ff0ef          	jal	ra,800023a4 <rt_assert_handler>

    /* get object information */
    information = rt_object_get_information(type);
80002da0:	00098513          	mv	a0,s3
80002da4:	d29ff0ef          	jal	ra,80002acc <rt_object_get_information>
80002da8:	00050493          	mv	s1,a0
    RT_ASSERT(information != RT_NULL);
80002dac:	00051e63          	bnez	a0,80002dc8 <rt_object_allocate+0x7c>
80002db0:	1ea00613          	li	a2,490
80002db4:	00002597          	auipc	a1,0x2
80002db8:	7d858593          	addi	a1,a1,2008 # 8000558c <__FUNCTION__.5>
80002dbc:	00002517          	auipc	a0,0x2
80002dc0:	6c450513          	addi	a0,a0,1732 # 80005480 <__FUNCTION__.3+0x10>
80002dc4:	de0ff0ef          	jal	ra,800023a4 <rt_assert_handler>

    object = (struct rt_object *)RT_KERNEL_MALLOC(information->object_size);
80002dc8:	00c4a503          	lw	a0,12(s1)
80002dcc:	eecff0ef          	jal	ra,800024b8 <rt_malloc>
80002dd0:	00050413          	mv	s0,a0
    if (object == RT_NULL)
80002dd4:	0a050863          	beqz	a0,80002e84 <rt_object_allocate+0x138>
        /* no memory can be allocated */
        return RT_NULL;
    }

    /* clean memory data of object */
    rt_memset(object, 0x0, information->object_size);
80002dd8:	00c4a603          	lw	a2,12(s1)
80002ddc:	00000593          	li	a1,0
80002de0:	eecfd0ef          	jal	ra,800004cc <rt_memset>

    /* initialize object's parameters */

    /* set object type */
    object->type = type;
80002de4:	01340823          	sb	s3,16(s0)

    /* set object flag */
    object->flag = 0;
80002de8:	000408a3          	sb	zero,17(s0)

#if RT_NAME_MAX > 0
    if (name)
80002dec:	0a090c63          	beqz	s2,80002ea4 <rt_object_allocate+0x158>
    {
        obj_name_len = rt_strlen(name);
80002df0:	00090513          	mv	a0,s2
80002df4:	ff8fd0ef          	jal	ra,800005ec <rt_strlen>
        if(obj_name_len > RT_NAME_MAX - 1)
80002df8:	00f00793          	li	a5,15
80002dfc:	02a7f863          	bgeu	a5,a0,80002e2c <rt_object_allocate+0xe0>
        {
            LOG_E("Object name %s exceeds RT_NAME_MAX=%d, consider increasing RT_NAME_MAX.", name, RT_NAME_MAX);
80002e00:	00002517          	auipc	a0,0x2
80002e04:	6a850513          	addi	a0,a0,1704 # 800054a8 <__FUNCTION__.3+0x38>
80002e08:	b20ff0ef          	jal	ra,80002128 <rt_kprintf>
80002e0c:	01000613          	li	a2,16
80002e10:	00090593          	mv	a1,s2
80002e14:	00002517          	auipc	a0,0x2
80002e18:	6ac50513          	addi	a0,a0,1708 # 800054c0 <__FUNCTION__.3+0x50>
80002e1c:	b0cff0ef          	jal	ra,80002128 <rt_kprintf>
80002e20:	00002517          	auipc	a0,0x2
80002e24:	03050513          	addi	a0,a0,48 # 80004e50 <__FUNCTION__.39+0xa4>
80002e28:	b00ff0ef          	jal	ra,80002128 <rt_kprintf>
        }
        rt_strncpy(object->name, name, RT_NAME_MAX - 1);
80002e2c:	00f00613          	li	a2,15
80002e30:	00090593          	mv	a1,s2
80002e34:	00040513          	mv	a0,s0
80002e38:	f70fd0ef          	jal	ra,800005a8 <rt_strncpy>
        object->name[RT_NAME_MAX - 1] = '\0';
80002e3c:	000407a3          	sb	zero,15(s0)
    }
#else
    object->name = name;
#endif

    RT_OBJECT_HOOK_CALL(rt_object_attach_hook, (object));
80002e40:	cc81a783          	lw	a5,-824(gp) # 801004c8 <rt_object_attach_hook>
80002e44:	00078663          	beqz	a5,80002e50 <rt_object_allocate+0x104>
80002e48:	00040513          	mv	a0,s0
80002e4c:	000780e7          	jalr	a5

    level = rt_spin_lock_irqsave(&(information->spinlock));
80002e50:	01048913          	addi	s2,s1,16
80002e54:	00090513          	mv	a0,s2
80002e58:	c48fe0ef          	jal	ra,800012a0 <rt_spin_lock_irqsave>
    l->next->prev = n;
80002e5c:	0044a703          	lw	a4,4(s1)
    }
    else
#endif /* RT_USING_MODULE */
    {
        /* insert object into information object list */
        rt_list_insert_after(&(information->object_list), &(object->list));
80002e60:	01440793          	addi	a5,s0,20
80002e64:	00448493          	addi	s1,s1,4
80002e68:	00f72223          	sw	a5,4(a4)
    n->next = l->next;
80002e6c:	00e42a23          	sw	a4,20(s0)
    l->next = n;
80002e70:	00f4a023          	sw	a5,0(s1)
    level = rt_spin_lock_irqsave(&(information->spinlock));
80002e74:	00050593          	mv	a1,a0
    n->prev = l;
80002e78:	00942c23          	sw	s1,24(s0)
    }
    rt_spin_unlock_irqrestore(&(information->spinlock), level);
80002e7c:	00090513          	mv	a0,s2
80002e80:	c4cfe0ef          	jal	ra,800012cc <rt_spin_unlock_irqrestore>

    return object;
}
80002e84:	01c12083          	lw	ra,28(sp)
80002e88:	00040513          	mv	a0,s0
80002e8c:	01812403          	lw	s0,24(sp)
80002e90:	01412483          	lw	s1,20(sp)
80002e94:	01012903          	lw	s2,16(sp)
80002e98:	00c12983          	lw	s3,12(sp)
80002e9c:	02010113          	addi	sp,sp,32
80002ea0:	00008067          	ret
        object->name[0] = '\0';
80002ea4:	00040023          	sb	zero,0(s0)
80002ea8:	f99ff06f          	j	80002e40 <rt_object_allocate+0xf4>

80002eac <rt_object_delete>:
 * @brief This function will delete an object and release object memory.
 *
 * @param object The specified object to be deleted.
 */
void rt_object_delete(rt_object_t object)
{
80002eac:	ff010113          	addi	sp,sp,-16
80002eb0:	00812423          	sw	s0,8(sp)
80002eb4:	00112623          	sw	ra,12(sp)
80002eb8:	00912223          	sw	s1,4(sp)
80002ebc:	00050413          	mv	s0,a0
    rt_base_t level;
    struct rt_object_information *information;

    /* object check */
    RT_ASSERT(object != RT_NULL);
80002ec0:	00051e63          	bnez	a0,80002edc <rt_object_delete+0x30>
80002ec4:	23100613          	li	a2,561
80002ec8:	00002597          	auipc	a1,0x2
80002ecc:	6b058593          	addi	a1,a1,1712 # 80005578 <__FUNCTION__.4>
80002ed0:	00002517          	auipc	a0,0x2
80002ed4:	63850513          	addi	a0,a0,1592 # 80005508 <__FUNCTION__.3+0x98>
80002ed8:	cccff0ef          	jal	ra,800023a4 <rt_assert_handler>
    RT_ASSERT(!(object->type & RT_Object_Class_Static));
80002edc:	01040783          	lb	a5,16(s0)
80002ee0:	0007de63          	bgez	a5,80002efc <rt_object_delete+0x50>
80002ee4:	23200613          	li	a2,562
80002ee8:	00002597          	auipc	a1,0x2
80002eec:	69058593          	addi	a1,a1,1680 # 80005578 <__FUNCTION__.4>
80002ef0:	00002517          	auipc	a0,0x2
80002ef4:	62c50513          	addi	a0,a0,1580 # 8000551c <__FUNCTION__.3+0xac>
80002ef8:	cacff0ef          	jal	ra,800023a4 <rt_assert_handler>

    RT_OBJECT_HOOK_CALL(rt_object_detach_hook, (object));
80002efc:	ccc1a783          	lw	a5,-820(gp) # 801004cc <rt_object_detach_hook>
80002f00:	00078663          	beqz	a5,80002f0c <rt_object_delete+0x60>
80002f04:	00040513          	mv	a0,s0
80002f08:	000780e7          	jalr	a5


    information = rt_object_get_information((enum rt_object_class_type)object->type);
80002f0c:	01044503          	lbu	a0,16(s0)
80002f10:	bbdff0ef          	jal	ra,80002acc <rt_object_get_information>
80002f14:	00050493          	mv	s1,a0
    RT_ASSERT(information != RT_NULL);
80002f18:	00051e63          	bnez	a0,80002f34 <rt_object_delete+0x88>
80002f1c:	23800613          	li	a2,568
80002f20:	00002597          	auipc	a1,0x2
80002f24:	65858593          	addi	a1,a1,1624 # 80005578 <__FUNCTION__.4>
80002f28:	00002517          	auipc	a0,0x2
80002f2c:	55850513          	addi	a0,a0,1368 # 80005480 <__FUNCTION__.3+0x10>
80002f30:	c74ff0ef          	jal	ra,800023a4 <rt_assert_handler>

    level = rt_spin_lock_irqsave(&(information->spinlock));
80002f34:	01048493          	addi	s1,s1,16
80002f38:	00048513          	mv	a0,s1
80002f3c:	b64fe0ef          	jal	ra,800012a0 <rt_spin_lock_irqsave>
    n->next->prev = n->prev;
80002f40:	01442683          	lw	a3,20(s0)
80002f44:	01842703          	lw	a4,24(s0)

    /* remove from old list */
    rt_list_remove(&(object->list));
80002f48:	01440793          	addi	a5,s0,20
    level = rt_spin_lock_irqsave(&(information->spinlock));
80002f4c:	00050593          	mv	a1,a0
80002f50:	00e6a223          	sw	a4,4(a3)
    n->prev->next = n->next;
80002f54:	00d72023          	sw	a3,0(a4)

    rt_spin_unlock_irqrestore(&(information->spinlock), level);
80002f58:	00048513          	mv	a0,s1
    n->next = n->prev = n;
80002f5c:	00f42c23          	sw	a5,24(s0)
80002f60:	00f42a23          	sw	a5,20(s0)
80002f64:	b68fe0ef          	jal	ra,800012cc <rt_spin_unlock_irqrestore>

    /* reset object type */
    object->type = RT_Object_Class_Null;

    /* free the memory of object */
    RT_KERNEL_FREE(object);
80002f68:	00040513          	mv	a0,s0
    object->type = RT_Object_Class_Null;
80002f6c:	00040823          	sb	zero,16(s0)
}
80002f70:	00812403          	lw	s0,8(sp)
80002f74:	00c12083          	lw	ra,12(sp)
80002f78:	00412483          	lw	s1,4(sp)
80002f7c:	01010113          	addi	sp,sp,16
    RT_KERNEL_FREE(object);
80002f80:	d98ff06f          	j	80002518 <rt_free>

80002f84 <rt_object_is_systemobject>:
 * @param object The specified object to be judged.
 *
 * @return RT_TRUE if a system object, RT_FALSE for others.
 */
rt_bool_t rt_object_is_systemobject(rt_object_t object)
{
80002f84:	ff010113          	addi	sp,sp,-16
80002f88:	00812423          	sw	s0,8(sp)
80002f8c:	00112623          	sw	ra,12(sp)
80002f90:	00050413          	mv	s0,a0
    /* object check */
    RT_ASSERT(object != RT_NULL);
80002f94:	00051e63          	bnez	a0,80002fb0 <rt_object_is_systemobject+0x2c>
80002f98:	25600613          	li	a2,598
80002f9c:	00002597          	auipc	a1,0x2
80002fa0:	5c058593          	addi	a1,a1,1472 # 8000555c <__FUNCTION__.3>
80002fa4:	00002517          	auipc	a0,0x2
80002fa8:	56450513          	addi	a0,a0,1380 # 80005508 <__FUNCTION__.3+0x98>
80002fac:	bf8ff0ef          	jal	ra,800023a4 <rt_assert_handler>

    if (object->type & RT_Object_Class_Static)
80002fb0:	01040503          	lb	a0,16(s0)
        return RT_TRUE;

    return RT_FALSE;
}
80002fb4:	00c12083          	lw	ra,12(sp)
80002fb8:	00812403          	lw	s0,8(sp)
80002fbc:	01f55513          	srli	a0,a0,0x1f
80002fc0:	01010113          	addi	sp,sp,16
80002fc4:	00008067          	ret

80002fc8 <rt_object_get_type>:
 * @param object is the specified object to be get type.
 *
 * @return the type of object.
 */
rt_uint8_t rt_object_get_type(rt_object_t object)
{
80002fc8:	ff010113          	addi	sp,sp,-16
80002fcc:	00812423          	sw	s0,8(sp)
80002fd0:	00112623          	sw	ra,12(sp)
80002fd4:	00050413          	mv	s0,a0
    /* object check */
    RT_ASSERT(object != RT_NULL);
80002fd8:	00051e63          	bnez	a0,80002ff4 <rt_object_get_type+0x2c>
80002fdc:	26900613          	li	a2,617
80002fe0:	00002597          	auipc	a1,0x2
80002fe4:	56858593          	addi	a1,a1,1384 # 80005548 <__FUNCTION__.2>
80002fe8:	00002517          	auipc	a0,0x2
80002fec:	52050513          	addi	a0,a0,1312 # 80005508 <__FUNCTION__.3+0x98>
80002ff0:	bb4ff0ef          	jal	ra,800023a4 <rt_assert_handler>

    return object->type & ~RT_Object_Class_Static;
80002ff4:	01044503          	lbu	a0,16(s0)
}
80002ff8:	00c12083          	lw	ra,12(sp)
80002ffc:	00812403          	lw	s0,8(sp)
80003000:	07f57513          	andi	a0,a0,127
80003004:	01010113          	addi	sp,sp,16
80003008:	00008067          	ret

8000300c <rt_sched_thread_init_ctx>:
 *   - Calls rt_sched_thread_init_priv() for private scheduling data initialization
 */
void rt_sched_thread_init_ctx(struct rt_thread *thread, rt_uint32_t tick, rt_uint8_t priority)
{
    /* setup thread status */
    RT_SCHED_CTX(thread).stat = RT_THREAD_INIT;
8000300c:	02050e23          	sb	zero,60(a0)
    /* not bind on any cpu */
    RT_SCHED_CTX(thread).bind_cpu = RT_CPUS_NR;
    RT_SCHED_CTX(thread).oncpu = RT_CPU_DETACHED;
#endif /* RT_USING_SMP */

    rt_sched_thread_init_priv(thread, tick, priority);
80003010:	3a00006f          	j	800033b0 <rt_sched_thread_init_priv>

80003014 <rt_sched_thread_timer_start>:
 *   - Sets the thread's timer flag (sched_flag_ttmr_set) to indicate timer is active
 */
rt_err_t rt_sched_thread_timer_start(struct rt_thread *thread)
{
    RT_SCHED_DEBUG_IS_LOCKED;
    RT_SCHED_CTX(thread).sched_flag_ttmr_set = 1;
80003014:	03d54783          	lbu	a5,61(a0)
80003018:	0027e793          	ori	a5,a5,2
8000301c:	02f50ea3          	sb	a5,61(a0)
    return RT_EOK;
}
80003020:	00000513          	li	a0,0
80003024:	00008067          	ret

80003028 <rt_sched_thread_timer_stop>:
rt_err_t rt_sched_thread_timer_stop(struct rt_thread *thread)
{
    rt_err_t error;
    RT_SCHED_DEBUG_IS_LOCKED;

    if (RT_SCHED_CTX(thread).sched_flag_ttmr_set)
80003028:	03d54783          	lbu	a5,61(a0)
8000302c:	0027f793          	andi	a5,a5,2
80003030:	02078c63          	beqz	a5,80003068 <rt_sched_thread_timer_stop+0x40>
{
80003034:	ff010113          	addi	sp,sp,-16
80003038:	00812423          	sw	s0,8(sp)
8000303c:	00050413          	mv	s0,a0
    {
        error = rt_timer_stop(&thread->thread_timer);
80003040:	05050513          	addi	a0,a0,80
{
80003044:	00112623          	sw	ra,12(sp)
        error = rt_timer_stop(&thread->thread_timer);
80003048:	61c010ef          	jal	ra,80004664 <rt_timer_stop>

        /* mask out timer flag no matter stop success or not */
        RT_SCHED_CTX(thread).sched_flag_ttmr_set = 0;
8000304c:	03d44783          	lbu	a5,61(s0)
    else
    {
        error = RT_EOK;
    }
    return error;
}
80003050:	00c12083          	lw	ra,12(sp)
        RT_SCHED_CTX(thread).sched_flag_ttmr_set = 0;
80003054:	ffd7f793          	andi	a5,a5,-3
80003058:	02f40ea3          	sb	a5,61(s0)
}
8000305c:	00812403          	lw	s0,8(sp)
80003060:	01010113          	addi	sp,sp,16
80003064:	00008067          	ret
        error = RT_EOK;
80003068:	00000513          	li	a0,0
}
8000306c:	00008067          	ret

80003070 <rt_sched_thread_get_stat>:
 *   - Returns the thread's status field masked with RT_THREAD_STAT_MASK
 */
rt_uint8_t rt_sched_thread_get_stat(struct rt_thread *thread)
{
    RT_SCHED_DEBUG_IS_LOCKED;
    return RT_SCHED_CTX(thread).stat & RT_THREAD_STAT_MASK;
80003070:	03c54503          	lbu	a0,60(a0)
}
80003074:	00757513          	andi	a0,a0,7
80003078:	00008067          	ret

8000307c <rt_sched_thread_get_curr_prio>:
 */
rt_uint8_t rt_sched_thread_get_curr_prio(struct rt_thread *thread)
{
    RT_SCHED_DEBUG_IS_LOCKED;
    return RT_SCHED_PRIV(thread).current_priority;
}
8000307c:	04854503          	lbu	a0,72(a0)
80003080:	00008067          	ret

80003084 <rt_sched_thread_get_init_prio>:
 */
rt_uint8_t rt_sched_thread_get_init_prio(struct rt_thread *thread)
{
    /* read only fields, so lock is unnecessary */
    return RT_SCHED_PRIV(thread).init_priority;
}
80003084:	04954503          	lbu	a0,73(a0)
80003088:	00008067          	ret

8000308c <rt_sched_thread_is_suspended>:
 * @note Caller must hold the scheduler lock before calling this function
 */
rt_uint8_t rt_sched_thread_is_suspended(struct rt_thread *thread)
{
    RT_SCHED_DEBUG_IS_LOCKED;
    return (RT_SCHED_CTX(thread).stat & RT_THREAD_SUSPEND_MASK) == RT_THREAD_SUSPEND_MASK;
8000308c:	03c54503          	lbu	a0,60(a0)
80003090:	00255513          	srli	a0,a0,0x2
}
80003094:	00157513          	andi	a0,a0,1
80003098:	00008067          	ret

8000309c <rt_sched_thread_close>:
 * @note Must be called with scheduler lock held
 */
rt_err_t rt_sched_thread_close(struct rt_thread *thread)
{
    RT_SCHED_DEBUG_IS_LOCKED;
    RT_SCHED_CTX(thread).stat = RT_THREAD_CLOSE;
8000309c:	00100793          	li	a5,1
800030a0:	02f50e23          	sb	a5,60(a0)
    return RT_EOK;
}
800030a4:	00000513          	li	a0,0
800030a8:	00008067          	ret

800030ac <rt_sched_thread_yield>:
 */
rt_err_t rt_sched_thread_yield(struct rt_thread *thread)
{
    RT_SCHED_DEBUG_IS_LOCKED;

    RT_SCHED_PRIV(thread).remaining_tick = RT_SCHED_PRIV(thread).init_tick;
800030ac:	04052783          	lw	a5,64(a0)
800030b0:	04f52223          	sw	a5,68(a0)
    RT_SCHED_CTX(thread).stat |= RT_THREAD_STAT_YIELD;
800030b4:	03c54783          	lbu	a5,60(a0)
800030b8:	0087e793          	ori	a5,a5,8
800030bc:	02f50e23          	sb	a5,60(a0)

    return RT_EOK;
}
800030c0:	00000513          	li	a0,0
800030c4:	00008067          	ret

800030c8 <rt_sched_thread_ready>:
{
    rt_err_t error;

    RT_SCHED_DEBUG_IS_LOCKED;

    if (!rt_sched_thread_is_suspended(thread))
800030c8:	03c54783          	lbu	a5,60(a0)
800030cc:	0047f793          	andi	a5,a5,4
800030d0:	06078263          	beqz	a5,80003134 <rt_sched_thread_ready+0x6c>
        /* failed to proceed, and that's possibly due to a racing condition */
        error = -RT_EINVAL;
    }
    else
    {
        if (RT_SCHED_CTX(thread).sched_flag_ttmr_set)
800030d4:	03d54783          	lbu	a5,61(a0)
{
800030d8:	ff010113          	addi	sp,sp,-16
800030dc:	00812423          	sw	s0,8(sp)
800030e0:	00112623          	sw	ra,12(sp)
        if (RT_SCHED_CTX(thread).sched_flag_ttmr_set)
800030e4:	0027f793          	andi	a5,a5,2
800030e8:	00050413          	mv	s0,a0
800030ec:	02079e63          	bnez	a5,80003128 <rt_sched_thread_ready+0x60>
    n->next->prev = n->prev;
800030f0:	03442683          	lw	a3,52(s0)
800030f4:	03842703          	lw	a4,56(s0)
        }

        if (!error)
        {
            /* remove from suspend list */
            rt_list_remove(&RT_THREAD_LIST_NODE(thread));
800030f8:	03440793          	addi	a5,s0,52
#ifdef RT_USING_SMART
            thread->wakeup_handle.func = RT_NULL;
#endif

            /* insert to schedule ready list and remove from susp list */
            rt_sched_insert_thread(thread);
800030fc:	00040513          	mv	a0,s0
80003100:	00e6a223          	sw	a4,4(a3)
    n->prev->next = n->next;
80003104:	00d72023          	sw	a3,0(a4)
    n->next = n->prev = n;
80003108:	02f42c23          	sw	a5,56(s0)
8000310c:	02f42a23          	sw	a5,52(s0)
80003110:	318000ef          	jal	ra,80003428 <rt_sched_insert_thread>
80003114:	00000513          	li	a0,0
        }
    }

    return error;
}
80003118:	00c12083          	lw	ra,12(sp)
8000311c:	00812403          	lw	s0,8(sp)
80003120:	01010113          	addi	sp,sp,16
80003124:	00008067          	ret
            error = rt_sched_thread_timer_stop(thread);
80003128:	f01ff0ef          	jal	ra,80003028 <rt_sched_thread_timer_stop>
        if (!error)
8000312c:	fc0502e3          	beqz	a0,800030f0 <rt_sched_thread_ready+0x28>
80003130:	fe9ff06f          	j	80003118 <rt_sched_thread_ready+0x50>
        error = -RT_EINVAL;
80003134:	ff600513          	li	a0,-10
}
80003138:	00008067          	ret

8000313c <rt_sched_tick_increase>:
 *
 * @note This function is typically called from timer interrupt context
 *       It handles both SMP and non-SMP cases
 */
rt_err_t rt_sched_tick_increase(rt_tick_t tick)
{
8000313c:	fe010113          	addi	sp,sp,-32
80003140:	00112e23          	sw	ra,28(sp)
80003144:	00812c23          	sw	s0,24(sp)
80003148:	00912a23          	sw	s1,20(sp)
8000314c:	00050493          	mv	s1,a0
    struct rt_thread *thread;
    rt_sched_lock_level_t slvl;

    thread = rt_thread_self();
80003150:	2f5000ef          	jal	ra,80003c44 <rt_thread_self>
80003154:	00050413          	mv	s0,a0

    rt_sched_lock(&slvl);
80003158:	00c10513          	addi	a0,sp,12
8000315c:	1c0000ef          	jal	ra,8000331c <rt_sched_lock>

    if (RT_SCHED_PRIV(thread).remaining_tick > tick)
80003160:	04442783          	lw	a5,68(s0)
80003164:	02f4e863          	bltu	s1,a5,80003194 <rt_sched_tick_increase+0x58>
80003168:	04042223          	sw	zero,68(s0)
    {
        rt_sched_unlock(slvl);
    }
    else
    {
        rt_sched_thread_yield(thread);
8000316c:	00040513          	mv	a0,s0
80003170:	f3dff0ef          	jal	ra,800030ac <rt_sched_thread_yield>

        /* request a rescheduling even though we are probably in an ISR */
        rt_sched_unlock_n_resched(slvl);
80003174:	00c12503          	lw	a0,12(sp)
80003178:	5f4000ef          	jal	ra,8000376c <rt_sched_unlock_n_resched>
    }

    return RT_EOK;
}
8000317c:	01c12083          	lw	ra,28(sp)
80003180:	01812403          	lw	s0,24(sp)
80003184:	01412483          	lw	s1,20(sp)
80003188:	00000513          	li	a0,0
8000318c:	02010113          	addi	sp,sp,32
80003190:	00008067          	ret
        rt_sched_unlock(slvl);
80003194:	00c12503          	lw	a0,12(sp)
        RT_SCHED_PRIV(thread).remaining_tick -= tick;
80003198:	409787b3          	sub	a5,a5,s1
8000319c:	04f42223          	sw	a5,68(s0)
        rt_sched_unlock(slvl);
800031a0:	1b4000ef          	jal	ra,80003354 <rt_sched_unlock>
800031a4:	fd9ff06f          	j	8000317c <rt_sched_tick_increase+0x40>

800031a8 <rt_sched_thread_change_priority>:

/**
 * @brief Update priority of the target thread
 */
rt_err_t rt_sched_thread_change_priority(struct rt_thread *thread, rt_uint8_t priority)
{
800031a8:	ff010113          	addi	sp,sp,-16
800031ac:	00812423          	sw	s0,8(sp)
800031b0:	00912223          	sw	s1,4(sp)
800031b4:	00112623          	sw	ra,12(sp)
800031b8:	01212023          	sw	s2,0(sp)
    RT_ASSERT(priority < RT_THREAD_PRIORITY_MAX);
800031bc:	01f00793          	li	a5,31
{
800031c0:	00050413          	mv	s0,a0
800031c4:	00058493          	mv	s1,a1
    RT_ASSERT(priority < RT_THREAD_PRIORITY_MAX);
800031c8:	00b7fe63          	bgeu	a5,a1,800031e4 <rt_sched_thread_change_priority+0x3c>
800031cc:	15c00613          	li	a2,348
800031d0:	00002597          	auipc	a1,0x2
800031d4:	4b858593          	addi	a1,a1,1208 # 80005688 <__FUNCTION__.1>
800031d8:	00002517          	auipc	a0,0x2
800031dc:	3ec50513          	addi	a0,a0,1004 # 800055c4 <__FUNCTION__.7+0x10>
800031e0:	9c4ff0ef          	jal	ra,800023a4 <rt_assert_handler>
    if ((RT_SCHED_CTX(thread).stat & RT_THREAD_STAT_MASK) == RT_THREAD_READY)
800031e4:	03c44783          	lbu	a5,60(s0)
        RT_SCHED_PRIV(thread).number_mask = 1 << RT_SCHED_PRIV(thread).current_priority;
800031e8:	00100913          	li	s2,1
    if ((RT_SCHED_CTX(thread).stat & RT_THREAD_STAT_MASK) == RT_THREAD_READY)
800031ec:	00200713          	li	a4,2
800031f0:	0077f793          	andi	a5,a5,7
        RT_SCHED_PRIV(thread).number_mask = 1 << RT_SCHED_PRIV(thread).current_priority;
800031f4:	00991933          	sll	s2,s2,s1
    if ((RT_SCHED_CTX(thread).stat & RT_THREAD_STAT_MASK) == RT_THREAD_READY)
800031f8:	02e79e63          	bne	a5,a4,80003234 <rt_sched_thread_change_priority+0x8c>
        rt_sched_remove_thread(thread);
800031fc:	00040513          	mv	a0,s0
80003200:	2fc000ef          	jal	ra,800034fc <rt_sched_remove_thread>
        rt_sched_insert_thread(thread);
80003204:	00040513          	mv	a0,s0
        RT_SCHED_PRIV(thread).current_priority = priority;
80003208:	04940423          	sb	s1,72(s0)
        RT_SCHED_PRIV(thread).number_mask = 1 << RT_SCHED_PRIV(thread).current_priority;
8000320c:	05242623          	sw	s2,76(s0)
        RT_SCHED_CTX(thread).stat = RT_THREAD_INIT;
80003210:	02040e23          	sb	zero,60(s0)
        rt_sched_insert_thread(thread);
80003214:	214000ef          	jal	ra,80003428 <rt_sched_insert_thread>
    return _rt_sched_update_priority(thread, priority, RT_FALSE);
}
80003218:	00c12083          	lw	ra,12(sp)
8000321c:	00812403          	lw	s0,8(sp)
80003220:	00412483          	lw	s1,4(sp)
80003224:	00012903          	lw	s2,0(sp)
80003228:	00000513          	li	a0,0
8000322c:	01010113          	addi	sp,sp,16
80003230:	00008067          	ret
        RT_SCHED_PRIV(thread).current_priority = priority;
80003234:	04940423          	sb	s1,72(s0)
        RT_SCHED_PRIV(thread).number_mask = 1 << RT_SCHED_PRIV(thread).current_priority;
80003238:	05242623          	sw	s2,76(s0)
8000323c:	fddff06f          	j	80003218 <rt_sched_thread_change_priority+0x70>

80003240 <rt_scheduler_stack_check>:
 *     * For downward-growing stacks: checks magic number at bottom and SP range
 *     * Triggers error and infinite loop on overflow
 *   - Additional warnings when stack pointer is near boundaries
 */
void rt_scheduler_stack_check(struct rt_thread *thread)
{
80003240:	ff010113          	addi	sp,sp,-16
80003244:	00812423          	sw	s0,8(sp)
80003248:	00112623          	sw	ra,12(sp)
8000324c:	00050413          	mv	s0,a0
    RT_ASSERT(thread != RT_NULL);
80003250:	00051e63          	bnez	a0,8000326c <rt_scheduler_stack_check+0x2c>
80003254:	1cb00613          	li	a2,459
80003258:	00002597          	auipc	a1,0x2
8000325c:	41458593          	addi	a1,a1,1044 # 8000566c <__FUNCTION__.0>
80003260:	00002517          	auipc	a0,0x2
80003264:	a9050513          	addi	a0,a0,-1392 # 80004cf0 <__FUNCTION__.0+0x170>
80003268:	93cff0ef          	jal	ra,800023a4 <rt_assert_handler>

#ifndef RT_USING_HW_STACK_GUARD
#ifdef ARCH_CPU_STACK_GROWS_UPWARD
    if (*((rt_uint8_t *)((rt_uintptr_t)thread->stack_addr + thread->stack_size - 1)) != '#' ||
#else
    if (*((rt_uint8_t *)thread->stack_addr) != '#' ||
8000326c:	02842783          	lw	a5,40(s0)
80003270:	02300713          	li	a4,35
80003274:	0007c683          	lbu	a3,0(a5)
80003278:	00e69c63          	bne	a3,a4,80003290 <rt_scheduler_stack_check+0x50>
#endif /* ARCH_CPU_STACK_GROWS_UPWARD */
        (rt_uintptr_t)thread->sp <= (rt_uintptr_t)thread->stack_addr ||
8000327c:	01c42703          	lw	a4,28(s0)
    if (*((rt_uint8_t *)thread->stack_addr) != '#' ||
80003280:	00e7f863          	bgeu	a5,a4,80003290 <rt_scheduler_stack_check+0x50>
        (rt_uintptr_t)thread->sp >
            (rt_uintptr_t)thread->stack_addr + (rt_uintptr_t)thread->stack_size)
80003284:	02c42683          	lw	a3,44(s0)
80003288:	00d786b3          	add	a3,a5,a3
        (rt_uintptr_t)thread->sp <= (rt_uintptr_t)thread->stack_addr ||
8000328c:	04e6f263          	bgeu	a3,a4,800032d0 <rt_scheduler_stack_check+0x90>
    {
        rt_base_t dummy = 1;
        rt_err_t hook_result = -RT_ERROR;

        LOG_E("thread:%s stack overflow\n", thread->parent.name);
80003290:	00002517          	auipc	a0,0x2
80003294:	35850513          	addi	a0,a0,856 # 800055e8 <__FUNCTION__.7+0x34>
80003298:	e91fe0ef          	jal	ra,80002128 <rt_kprintf>
8000329c:	00040593          	mv	a1,s0
800032a0:	00002517          	auipc	a0,0x2
800032a4:	36050513          	addi	a0,a0,864 # 80005600 <__FUNCTION__.7+0x4c>
800032a8:	e81fe0ef          	jal	ra,80002128 <rt_kprintf>
800032ac:	00002517          	auipc	a0,0x2
800032b0:	ba450513          	addi	a0,a0,-1116 # 80004e50 <__FUNCTION__.39+0xa4>
800032b4:	e75fe0ef          	jal	ra,80002128 <rt_kprintf>

#if defined(RT_USING_HOOK) && defined(RT_HOOK_USING_FUNC_PTR)
        if (rt_stack_overflow_hook != RT_NULL)
800032b8:	cdc1a783          	lw	a5,-804(gp) # 801004dc <rt_stack_overflow_hook>
800032bc:	00078863          	beqz	a5,800032cc <rt_scheduler_stack_check+0x8c>
        {
            hook_result = rt_stack_overflow_hook(thread);
800032c0:	00040513          	mv	a0,s0
800032c4:	000780e7          	jalr	a5
        }
#endif /* RT_USING_HOOK */

        /* If hook handled the overflow successfully, don't enter infinite loop */
        if (hook_result != RT_EOK)
800032c8:	04050263          	beqz	a0,8000330c <rt_scheduler_stack_check+0xcc>
        {
            while (dummy)
800032cc:	0000006f          	j	800032cc <rt_scheduler_stack_check+0x8c>
        LOG_W("warning: %s stack is close to the top of stack address.\n",
              thread->parent.name);
    }
#else
#ifndef RT_USING_HW_STACK_GUARD
    else if ((rt_uintptr_t)thread->sp <= ((rt_uintptr_t)thread->stack_addr + 32))
800032d0:	02078793          	addi	a5,a5,32
800032d4:	02e7ec63          	bltu	a5,a4,8000330c <rt_scheduler_stack_check+0xcc>
#else
    if ((rt_uintptr_t)thread->sp <= ((rt_uintptr_t)thread->stack_addr + 32))
#endif
    {
        LOG_W("warning: %s stack is close to end of stack address.\n",
800032d8:	00002517          	auipc	a0,0x2
800032dc:	34450513          	addi	a0,a0,836 # 8000561c <__FUNCTION__.7+0x68>
800032e0:	e49fe0ef          	jal	ra,80002128 <rt_kprintf>
800032e4:	00040593          	mv	a1,s0
800032e8:	00002517          	auipc	a0,0x2
800032ec:	34c50513          	addi	a0,a0,844 # 80005634 <__FUNCTION__.7+0x80>
800032f0:	e39fe0ef          	jal	ra,80002128 <rt_kprintf>
              thread->parent.name);
    }
#endif /* ARCH_CPU_STACK_GROWS_UPWARD */
}
800032f4:	00812403          	lw	s0,8(sp)
800032f8:	00c12083          	lw	ra,12(sp)
        LOG_W("warning: %s stack is close to end of stack address.\n",
800032fc:	00002517          	auipc	a0,0x2
80003300:	b5450513          	addi	a0,a0,-1196 # 80004e50 <__FUNCTION__.39+0xa4>
}
80003304:	01010113          	addi	sp,sp,16
        LOG_W("warning: %s stack is close to end of stack address.\n",
80003308:	e21fe06f          	j	80002128 <rt_kprintf>
}
8000330c:	00c12083          	lw	ra,12(sp)
80003310:	00812403          	lw	s0,8(sp)
80003314:	01010113          	addi	sp,sp,16
80003318:	00008067          	ret

8000331c <rt_sched_lock>:
 *       Caller must ensure plvl is valid
 */
rt_err_t rt_sched_lock(rt_sched_lock_level_t *plvl)
{
    rt_base_t level;
    if (!plvl)
8000331c:	02050863          	beqz	a0,8000334c <rt_sched_lock+0x30>
{
80003320:	ff010113          	addi	sp,sp,-16
80003324:	00812423          	sw	s0,8(sp)
80003328:	00112623          	sw	ra,12(sp)
8000332c:	00050413          	mv	s0,a0
        return -RT_EINVAL;

    level = rt_hw_interrupt_disable();
80003330:	ec5fc0ef          	jal	ra,800001f4 <rt_hw_interrupt_disable>
    *plvl = level;
80003334:	00a42023          	sw	a0,0(s0)

    return RT_EOK;
}
80003338:	00c12083          	lw	ra,12(sp)
8000333c:	00812403          	lw	s0,8(sp)
    return RT_EOK;
80003340:	00000513          	li	a0,0
}
80003344:	01010113          	addi	sp,sp,16
80003348:	00008067          	ret
        return -RT_EINVAL;
8000334c:	ff600513          	li	a0,-10
}
80003350:	00008067          	ret

80003354 <rt_sched_unlock>:
 *
 * @note Must be called with the same interrupt level that was saved by rt_sched_lock()
 *       Should not be called without a corresponding rt_sched_lock() first
 */
rt_err_t rt_sched_unlock(rt_sched_lock_level_t level)
{
80003354:	ff010113          	addi	sp,sp,-16
80003358:	00112623          	sw	ra,12(sp)
    rt_hw_interrupt_enable(level);
8000335c:	ea1fc0ef          	jal	ra,800001fc <rt_hw_interrupt_enable>

    return RT_EOK;
}
80003360:	00c12083          	lw	ra,12(sp)
80003364:	00000513          	li	a0,0
80003368:	01010113          	addi	sp,sp,16
8000336c:	00008067          	ret

80003370 <rt_system_scheduler_init>:
 *       It prepares the scheduler data structures for single-core operation
 */
void rt_system_scheduler_init(void)
{
    rt_base_t offset;
    rt_scheduler_lock_nest = 0;
80003370:	ce01a423          	sw	zero,-792(gp) # 801004e8 <rt_scheduler_lock_nest>

    LOG_D("start scheduler: max priority 0x%02x",
          RT_THREAD_PRIORITY_MAX);

    for (offset = 0; offset < RT_THREAD_PRIORITY_MAX; offset ++)
80003374:	cf018793          	addi	a5,gp,-784 # 801004f0 <rt_thread_priority_table>
80003378:	df018713          	addi	a4,gp,-528 # 801005f0 <rt_thread_ready_priority_group>
    l->next = l->prev = l;
8000337c:	00f7a223          	sw	a5,4(a5)
80003380:	00f7a023          	sw	a5,0(a5)
80003384:	00878793          	addi	a5,a5,8
80003388:	fee79ae3          	bne	a5,a4,8000337c <rt_system_scheduler_init+0xc>
    {
        rt_list_init(&rt_thread_priority_table[offset]);
    }

    /* initialize ready priority group */
    rt_thread_ready_priority_group = 0;
8000338c:	de01a823          	sw	zero,-528(gp) # 801005f0 <rt_thread_ready_priority_group>

#if RT_THREAD_PRIORITY_MAX > 32
    /* initialize ready table */
    rt_memset(rt_thread_ready_table, 0, sizeof(rt_thread_ready_table));
#endif /* RT_THREAD_PRIORITY_MAX > 32 */
}
80003390:	00008067          	ret

80003394 <rt_sched_thread_startup>:
#if RT_THREAD_PRIORITY_MAX > 32
    RT_SCHED_PRIV(thread).number = RT_SCHED_PRIV(thread).current_priority >> 3;            /* 5bit */
    RT_SCHED_PRIV(thread).number_mask = 1L << RT_SCHED_PRIV(thread).number;
    RT_SCHED_PRIV(thread).high_mask = 1L << (RT_SCHED_PRIV(thread).current_priority & 0x07);  /* 3bit */
#else
    RT_SCHED_PRIV(thread).number_mask = 1L << RT_SCHED_PRIV(thread).current_priority;
80003394:	04854703          	lbu	a4,72(a0)
80003398:	00100793          	li	a5,1
8000339c:	00e797b3          	sll	a5,a5,a4
800033a0:	04f52623          	sw	a5,76(a0)
#endif /* RT_THREAD_PRIORITY_MAX > 32 */

    /* change thread stat, so we can resume it */
    RT_SCHED_CTX(thread).stat = RT_THREAD_SUSPEND;
800033a4:	00400793          	li	a5,4
800033a8:	02f50e23          	sb	a5,60(a0)
}
800033ac:	00008067          	ret

800033b0 <rt_sched_thread_init_priv>:
 *   - Sets initial and current priority (must be < RT_THREAD_PRIORITY_MAX)
 *   - Initializes priority masks (number_mask, number, high_mask for >32 priorities)
 *   - Sets initial and remaining time slice ticks
 */
void rt_sched_thread_init_priv(struct rt_thread *thread, rt_uint32_t tick, rt_uint8_t priority)
{
800033b0:	ff010113          	addi	sp,sp,-16
800033b4:	00812423          	sw	s0,8(sp)
800033b8:	00912223          	sw	s1,4(sp)
800033bc:	01212023          	sw	s2,0(sp)
    rt_list_init(&RT_THREAD_LIST_NODE(thread));
800033c0:	03450793          	addi	a5,a0,52
{
800033c4:	00112623          	sw	ra,12(sp)
800033c8:	02f52c23          	sw	a5,56(a0)
800033cc:	02f52a23          	sw	a5,52(a0)

    /* priority init */
    RT_ASSERT(priority < RT_THREAD_PRIORITY_MAX);
800033d0:	01f00793          	li	a5,31
{
800033d4:	00050413          	mv	s0,a0
800033d8:	00058913          	mv	s2,a1
800033dc:	00060493          	mv	s1,a2
    RT_ASSERT(priority < RT_THREAD_PRIORITY_MAX);
800033e0:	00c7fe63          	bgeu	a5,a2,800033fc <rt_sched_thread_init_priv+0x4c>
800033e4:	1d300613          	li	a2,467
800033e8:	00002597          	auipc	a1,0x2
800033ec:	2ec58593          	addi	a1,a1,748 # 800056d4 <__FUNCTION__.2>
800033f0:	00002517          	auipc	a0,0x2
800033f4:	1d450513          	addi	a0,a0,468 # 800055c4 <__FUNCTION__.7+0x10>
800033f8:	fadfe0ef          	jal	ra,800023a4 <rt_assert_handler>
    RT_SCHED_PRIV(thread).init_priority    = priority;
800033fc:	049404a3          	sb	s1,73(s0)
    RT_SCHED_PRIV(thread).current_priority = priority;
80003400:	04940423          	sb	s1,72(s0)
    RT_SCHED_PRIV(thread).number = 0;
    RT_SCHED_PRIV(thread).high_mask = 0;
#endif /* RT_THREAD_PRIORITY_MAX > 32 */

    /* tick init */
    RT_SCHED_PRIV(thread).init_tick = tick;
80003404:	05242023          	sw	s2,64(s0)
    RT_SCHED_PRIV(thread).remaining_tick = tick;
80003408:	05242223          	sw	s2,68(s0)
}
8000340c:	00c12083          	lw	ra,12(sp)
    RT_SCHED_PRIV(thread).number_mask = 0;
80003410:	04042623          	sw	zero,76(s0)
}
80003414:	00812403          	lw	s0,8(sp)
80003418:	00412483          	lw	s1,4(sp)
8000341c:	00012903          	lw	s2,0(sp)
80003420:	01010113          	addi	sp,sp,16
80003424:	00008067          	ret

80003428 <rt_sched_insert_thread>:
 * @param thread is the thread to be inserted.
 *
 * @note  Please do not invoke this function in user application.
 */
void rt_sched_insert_thread(struct rt_thread *thread)
{
80003428:	ff010113          	addi	sp,sp,-16
8000342c:	00812423          	sw	s0,8(sp)
80003430:	00112623          	sw	ra,12(sp)
80003434:	00912223          	sw	s1,4(sp)
80003438:	00050413          	mv	s0,a0
    rt_base_t level;

    RT_ASSERT(thread != RT_NULL);
8000343c:	00051e63          	bnez	a0,80003458 <rt_sched_insert_thread+0x30>
80003440:	1ef00613          	li	a2,495
80003444:	00002597          	auipc	a1,0x2
80003448:	27858593          	addi	a1,a1,632 # 800056bc <__FUNCTION__.1>
8000344c:	00002517          	auipc	a0,0x2
80003450:	8a450513          	addi	a0,a0,-1884 # 80004cf0 <__FUNCTION__.0+0x170>
80003454:	f51fe0ef          	jal	ra,800023a4 <rt_assert_handler>

    /* disable interrupt */
    level = rt_hw_interrupt_disable();
80003458:	d9dfc0ef          	jal	ra,800001f4 <rt_hw_interrupt_disable>
8000345c:	00050493          	mv	s1,a0

    /* it's current thread, it should be RUNNING thread */
    if (thread == rt_current_thread)
80003460:	7e4000ef          	jal	ra,80003c44 <rt_thread_self>
80003464:	03c44783          	lbu	a5,60(s0)
80003468:	02a41463          	bne	s0,a0,80003490 <rt_sched_insert_thread+0x68>
    {
        RT_SCHED_CTX(thread).stat = RT_THREAD_RUNNING | (RT_SCHED_CTX(thread).stat & ~RT_THREAD_STAT_MASK);
8000346c:	ff87f793          	andi	a5,a5,-8
80003470:	0037e793          	ori	a5,a5,3
80003474:	02f40e23          	sb	a5,60(s0)
    rt_thread_ready_priority_group |= RT_SCHED_PRIV(thread).number_mask;

__exit:
    /* enable interrupt */
    rt_hw_interrupt_enable(level);
}
80003478:	00812403          	lw	s0,8(sp)
8000347c:	00c12083          	lw	ra,12(sp)
    rt_hw_interrupt_enable(level);
80003480:	00048513          	mv	a0,s1
}
80003484:	00412483          	lw	s1,4(sp)
80003488:	01010113          	addi	sp,sp,16
    rt_hw_interrupt_enable(level);
8000348c:	d71fc06f          	j	800001fc <rt_hw_interrupt_enable>
        rt_list_insert_before(&(rt_thread_priority_table[RT_SCHED_PRIV(thread).current_priority]),
80003490:	04844703          	lbu	a4,72(s0)
    RT_SCHED_CTX(thread).stat = RT_THREAD_READY | (RT_SCHED_CTX(thread).stat & ~RT_THREAD_STAT_MASK);
80003494:	0f87f793          	andi	a5,a5,248
80003498:	0027e793          	ori	a5,a5,2
        rt_list_insert_before(&(rt_thread_priority_table[RT_SCHED_PRIV(thread).current_priority]),
8000349c:	00371693          	slli	a3,a4,0x3
    RT_SCHED_CTX(thread).stat = RT_THREAD_READY | (RT_SCHED_CTX(thread).stat & ~RT_THREAD_STAT_MASK);
800034a0:	02f40e23          	sb	a5,60(s0)
        rt_list_insert_before(&(rt_thread_priority_table[RT_SCHED_PRIV(thread).current_priority]),
800034a4:	cf018713          	addi	a4,gp,-784 # 801004f0 <rt_thread_priority_table>
    if((RT_SCHED_CTX(thread).stat & RT_THREAD_STAT_YIELD_MASK) != 0)
800034a8:	0087f793          	andi	a5,a5,8
        rt_list_insert_before(&(rt_thread_priority_table[RT_SCHED_PRIV(thread).current_priority]),
800034ac:	00d70733          	add	a4,a4,a3
800034b0:	03440693          	addi	a3,s0,52
    if((RT_SCHED_CTX(thread).stat & RT_THREAD_STAT_YIELD_MASK) != 0)
800034b4:	02078863          	beqz	a5,800034e4 <rt_sched_insert_thread+0xbc>
    l->prev->next = n;
800034b8:	00472783          	lw	a5,4(a4)
800034bc:	00d7a023          	sw	a3,0(a5)
    n->prev = l->prev;
800034c0:	02f42c23          	sw	a5,56(s0)
    l->prev = n;
800034c4:	00d72223          	sw	a3,4(a4)
    n->next = l;
800034c8:	02e42a23          	sw	a4,52(s0)
    rt_thread_ready_priority_group |= RT_SCHED_PRIV(thread).number_mask;
800034cc:	df018713          	addi	a4,gp,-528 # 801005f0 <rt_thread_ready_priority_group>
800034d0:	00072683          	lw	a3,0(a4)
800034d4:	04c42783          	lw	a5,76(s0)
800034d8:	00d7e7b3          	or	a5,a5,a3
800034dc:	00f72023          	sw	a5,0(a4)
800034e0:	f99ff06f          	j	80003478 <rt_sched_insert_thread+0x50>
    l->next->prev = n;
800034e4:	00072783          	lw	a5,0(a4)
800034e8:	00d7a223          	sw	a3,4(a5)
    n->next = l->next;
800034ec:	02f42a23          	sw	a5,52(s0)
    l->next = n;
800034f0:	00d72023          	sw	a3,0(a4)
    n->prev = l;
800034f4:	02e42c23          	sw	a4,56(s0)
}
800034f8:	fd5ff06f          	j	800034cc <rt_sched_insert_thread+0xa4>

800034fc <rt_sched_remove_thread>:
 * @param thread is the thread to be removed.
 *
 * @note  Please do not invoke this function in user application.
 */
void rt_sched_remove_thread(struct rt_thread *thread)
{
800034fc:	ff010113          	addi	sp,sp,-16
80003500:	00812423          	sw	s0,8(sp)
80003504:	00112623          	sw	ra,12(sp)
80003508:	00050413          	mv	s0,a0
    rt_base_t level;

    RT_ASSERT(thread != RT_NULL);
8000350c:	00051e63          	bnez	a0,80003528 <rt_sched_remove_thread+0x2c>
80003510:	22300613          	li	a2,547
80003514:	00002597          	auipc	a1,0x2
80003518:	19058593          	addi	a1,a1,400 # 800056a4 <__FUNCTION__.0>
8000351c:	00001517          	auipc	a0,0x1
80003520:	7d450513          	addi	a0,a0,2004 # 80004cf0 <__FUNCTION__.0+0x170>
80003524:	e81fe0ef          	jal	ra,800023a4 <rt_assert_handler>

    /* disable interrupt */
    level = rt_hw_interrupt_disable();
80003528:	ccdfc0ef          	jal	ra,800001f4 <rt_hw_interrupt_disable>
    n->next->prev = n->prev;
8000352c:	03842703          	lw	a4,56(s0)
80003530:	03442683          	lw	a3,52(s0)
    LOG_D("remove thread[%.*s], the priority: %d",
          RT_NAME_MAX, thread->parent.name,
          RT_SCHED_PRIV(rt_current_thread).current_priority);

    /* remove thread from ready list */
    rt_list_remove(&RT_THREAD_LIST_NODE(thread));
80003534:	03440793          	addi	a5,s0,52
80003538:	00e6a223          	sw	a4,4(a3)
    n->prev->next = n->next;
8000353c:	00d72023          	sw	a3,0(a4)
    n->next = n->prev = n;
80003540:	02f42c23          	sw	a5,56(s0)
80003544:	02f42a23          	sw	a5,52(s0)
    if (rt_list_isempty(&(rt_thread_priority_table[RT_SCHED_PRIV(thread).current_priority])))
80003548:	04844783          	lbu	a5,72(s0)
8000354c:	00379713          	slli	a4,a5,0x3
80003550:	cf018793          	addi	a5,gp,-784 # 801004f0 <rt_thread_priority_table>
80003554:	00e787b3          	add	a5,a5,a4
80003558:	0007a703          	lw	a4,0(a5)
8000355c:	00f71e63          	bne	a4,a5,80003578 <rt_sched_remove_thread+0x7c>
        if (rt_thread_ready_table[RT_SCHED_PRIV(thread).number] == 0)
        {
            rt_thread_ready_priority_group &= ~RT_SCHED_PRIV(thread).number_mask;
        }
#else
        rt_thread_ready_priority_group &= ~RT_SCHED_PRIV(thread).number_mask;
80003560:	df018713          	addi	a4,gp,-528 # 801005f0 <rt_thread_ready_priority_group>
80003564:	04c42783          	lw	a5,76(s0)
80003568:	00072683          	lw	a3,0(a4)
8000356c:	fff7c793          	not	a5,a5
80003570:	00d7f7b3          	and	a5,a5,a3
80003574:	00f72023          	sw	a5,0(a4)
#endif /* RT_THREAD_PRIORITY_MAX > 32 */
    }

    /* enable interrupt */
    rt_hw_interrupt_enable(level);
}
80003578:	00812403          	lw	s0,8(sp)
8000357c:	00c12083          	lw	ra,12(sp)
80003580:	01010113          	addi	sp,sp,16
    rt_hw_interrupt_enable(level);
80003584:	c79fc06f          	j	800001fc <rt_hw_interrupt_enable>

80003588 <rt_system_scheduler_start>:
{
80003588:	ff010113          	addi	sp,sp,-16
    highest_ready_priority = __rt_ffs(rt_thread_ready_priority_group) - 1;
8000358c:	df01a503          	lw	a0,-528(gp) # 801005f0 <rt_thread_ready_priority_group>
{
80003590:	00112623          	sw	ra,12(sp)
80003594:	00812423          	sw	s0,8(sp)
80003598:	00912223          	sw	s1,4(sp)
    highest_ready_priority = __rt_ffs(rt_thread_ready_priority_group) - 1;
8000359c:	d85fe0ef          	jal	ra,80002320 <__rt_ffs>
    highest_priority_thread = RT_THREAD_LIST_NODE_ENTRY(rt_thread_priority_table[highest_ready_priority].next);
800035a0:	fff50513          	addi	a0,a0,-1
800035a4:	cf018793          	addi	a5,gp,-784 # 801004f0 <rt_thread_priority_table>
800035a8:	00351513          	slli	a0,a0,0x3
800035ac:	00a78533          	add	a0,a5,a0
800035b0:	00052403          	lw	s0,0(a0)
    rt_cpu_self()->current_thread = to_thread;
800035b4:	d45fd0ef          	jal	ra,800012f8 <rt_cpu_self>
    CLR_CRITICAL_SWITCH_FLAG();
800035b8:	ce0180a3          	sb	zero,-799(gp) # 801004e1 <rt_scheduler_critical_switch_flag>
    highest_priority_thread = RT_THREAD_LIST_NODE_ENTRY(rt_thread_priority_table[highest_ready_priority].next);
800035bc:	fcc40493          	addi	s1,s0,-52
    rt_cpu_self()->current_thread = to_thread;
800035c0:	00952023          	sw	s1,0(a0)
    rt_sched_remove_thread(to_thread);
800035c4:	00048513          	mv	a0,s1
800035c8:	f35ff0ef          	jal	ra,800034fc <rt_sched_remove_thread>
    RT_SCHED_CTX(to_thread).stat = RT_THREAD_RUNNING;
800035cc:	00300793          	li	a5,3
800035d0:	00f40423          	sb	a5,8(s0)
    rt_hw_context_switch_to((rt_uintptr_t)&to_thread->sp);
800035d4:	fe840513          	addi	a0,s0,-24
}
800035d8:	00812403          	lw	s0,8(sp)
800035dc:	00c12083          	lw	ra,12(sp)
800035e0:	00412483          	lw	s1,4(sp)
800035e4:	01010113          	addi	sp,sp,16
    rt_hw_context_switch_to((rt_uintptr_t)&to_thread->sp);
800035e8:	c1dfc06f          	j	80000204 <rt_hw_context_switch_to>

800035ec <rt_schedule>:
{
800035ec:	fd010113          	addi	sp,sp,-48
800035f0:	02112623          	sw	ra,44(sp)
800035f4:	01312e23          	sw	s3,28(sp)
800035f8:	01412c23          	sw	s4,24(sp)
800035fc:	02812423          	sw	s0,40(sp)
80003600:	02912223          	sw	s1,36(sp)
80003604:	03212023          	sw	s2,32(sp)
80003608:	01512a23          	sw	s5,20(sp)
    level = rt_hw_interrupt_disable();
8000360c:	be9fc0ef          	jal	ra,800001f4 <rt_hw_interrupt_disable>
80003610:	00050993          	mv	s3,a0
    curr_thread = rt_thread_self();
80003614:	630000ef          	jal	ra,80003c44 <rt_thread_self>
    if (rt_scheduler_lock_nest == 0)
80003618:	ce81aa03          	lw	s4,-792(gp) # 801004e8 <rt_scheduler_lock_nest>
8000361c:	140a1263          	bnez	s4,80003760 <rt_schedule+0x174>
80003620:	00050413          	mv	s0,a0
        if (rt_thread_ready_priority_group != 0)
80003624:	df01a503          	lw	a0,-528(gp) # 801005f0 <rt_thread_ready_priority_group>
80003628:	0e050063          	beqz	a0,80003708 <rt_schedule+0x11c>
    highest_ready_priority = __rt_ffs(rt_thread_ready_priority_group) - 1;
8000362c:	cf5fe0ef          	jal	ra,80002320 <__rt_ffs>
80003630:	fff50793          	addi	a5,a0,-1
    highest_priority_thread = RT_THREAD_LIST_NODE_ENTRY(rt_thread_priority_table[highest_ready_priority].next);
80003634:	00379693          	slli	a3,a5,0x3
80003638:	cf018713          	addi	a4,gp,-784 # 801004f0 <rt_thread_priority_table>
8000363c:	00d70733          	add	a4,a4,a3
80003640:	00072483          	lw	s1,0(a4)
            if ((RT_SCHED_CTX(curr_thread).stat & RT_THREAD_STAT_MASK) == RT_THREAD_RUNNING)
80003644:	03c44703          	lbu	a4,60(s0)
80003648:	00300693          	li	a3,3
    highest_priority_thread = RT_THREAD_LIST_NODE_ENTRY(rt_thread_priority_table[highest_ready_priority].next);
8000364c:	fcc48913          	addi	s2,s1,-52
            if ((RT_SCHED_CTX(curr_thread).stat & RT_THREAD_STAT_MASK) == RT_THREAD_RUNNING)
80003650:	00777613          	andi	a2,a4,7
80003654:	00d61e63          	bne	a2,a3,80003670 <rt_schedule+0x84>
                if (RT_SCHED_PRIV(curr_thread).current_priority < highest_ready_priority)
80003658:	04844683          	lbu	a3,72(s0)
8000365c:	0ef6e463          	bltu	a3,a5,80003744 <rt_schedule+0x158>
                    need_insert_from_thread = 1;
80003660:	00100a13          	li	s4,1
                else if (RT_SCHED_PRIV(curr_thread).current_priority == highest_ready_priority
80003664:	00f69663          	bne	a3,a5,80003670 <rt_schedule+0x84>
                         && (RT_SCHED_CTX(curr_thread).stat & RT_THREAD_STAT_YIELD_MASK) == 0)
80003668:	00877713          	andi	a4,a4,8
8000366c:	0c070c63          	beqz	a4,80003744 <rt_schedule+0x158>
            if (to_thread != curr_thread)
80003670:	0d240a63          	beq	s0,s2,80003744 <rt_schedule+0x158>
                rt_current_priority = (rt_uint8_t)highest_ready_priority;
80003674:	cef18023          	sb	a5,-800(gp) # 801004e0 <rt_current_priority>
                rt_cpu_self()->current_thread = to_thread;
80003678:	c81fd0ef          	jal	ra,800012f8 <rt_cpu_self>
8000367c:	01252023          	sw	s2,0(a0)
                RT_OBJECT_HOOK_CALL(rt_scheduler_hook, (from_thread, to_thread));
80003680:	ce41a783          	lw	a5,-796(gp) # 801004e4 <rt_scheduler_hook>
80003684:	00078863          	beqz	a5,80003694 <rt_schedule+0xa8>
80003688:	00090593          	mv	a1,s2
8000368c:	00040513          	mv	a0,s0
80003690:	000780e7          	jalr	a5
                if (need_insert_from_thread)
80003694:	000a0663          	beqz	s4,800036a0 <rt_schedule+0xb4>
                    rt_sched_insert_thread(from_thread);
80003698:	00040513          	mv	a0,s0
8000369c:	d8dff0ef          	jal	ra,80003428 <rt_sched_insert_thread>
                if ((RT_SCHED_CTX(from_thread).stat & RT_THREAD_STAT_YIELD_MASK) != 0)
800036a0:	03c44783          	lbu	a5,60(s0)
800036a4:	0087f713          	andi	a4,a5,8
800036a8:	00070663          	beqz	a4,800036b4 <rt_schedule+0xc8>
                    RT_SCHED_CTX(from_thread).stat &= ~RT_THREAD_STAT_YIELD_MASK;
800036ac:	ff77f793          	andi	a5,a5,-9
800036b0:	02f40e23          	sb	a5,60(s0)
                rt_sched_remove_thread(to_thread);
800036b4:	00090513          	mv	a0,s2
800036b8:	e45ff0ef          	jal	ra,800034fc <rt_sched_remove_thread>
                RT_SCHED_CTX(to_thread).stat = RT_THREAD_RUNNING | (RT_SCHED_CTX(to_thread).stat & ~RT_THREAD_STAT_MASK);
800036bc:	0084c783          	lbu	a5,8(s1)
                    rt_hw_context_switch((rt_uintptr_t)&from_thread->sp,
800036c0:	01c40a93          	addi	s5,s0,28
                RT_SCHED_CTX(to_thread).stat = RT_THREAD_RUNNING | (RT_SCHED_CTX(to_thread).stat & ~RT_THREAD_STAT_MASK);
800036c4:	ff87f793          	andi	a5,a5,-8
800036c8:	0037e793          	ori	a5,a5,3
800036cc:	00f48423          	sb	a5,8(s1)
                interrupt_nest = rt_interrupt_get_nest();
800036d0:	9ddfe0ef          	jal	ra,800020ac <rt_interrupt_get_nest>
800036d4:	00050a13          	mv	s4,a0
                RT_SCHEDULER_STACK_CHECK(to_thread);
800036d8:	00090513          	mv	a0,s2
800036dc:	b65ff0ef          	jal	ra,80003240 <rt_scheduler_stack_check>
                            (rt_uintptr_t)&to_thread->sp);
800036e0:	fe848593          	addi	a1,s1,-24
                if (interrupt_nest == 0)
800036e4:	040a1663          	bnez	s4,80003730 <rt_schedule+0x144>
                    RT_OBJECT_HOOK_CALL(rt_scheduler_switch_hook, (from_thread));
800036e8:	cec1a783          	lw	a5,-788(gp) # 801004ec <rt_scheduler_switch_hook>
800036ec:	00078a63          	beqz	a5,80003700 <rt_schedule+0x114>
800036f0:	00040513          	mv	a0,s0
800036f4:	00b12623          	sw	a1,12(sp)
800036f8:	000780e7          	jalr	a5
800036fc:	00c12583          	lw	a1,12(sp)
                    rt_hw_context_switch((rt_uintptr_t)&from_thread->sp,
80003700:	000a8513          	mv	a0,s5
80003704:	b1dfc0ef          	jal	ra,80000220 <rt_hw_context_switch>
}
80003708:	02812403          	lw	s0,40(sp)
8000370c:	02c12083          	lw	ra,44(sp)
80003710:	02412483          	lw	s1,36(sp)
80003714:	02012903          	lw	s2,32(sp)
80003718:	01812a03          	lw	s4,24(sp)
8000371c:	01412a83          	lw	s5,20(sp)
    rt_hw_interrupt_enable(level);
80003720:	00098513          	mv	a0,s3
}
80003724:	01c12983          	lw	s3,28(sp)
80003728:	03010113          	addi	sp,sp,48
    rt_hw_interrupt_enable(level);
8000372c:	ad1fc06f          	j	800001fc <rt_hw_interrupt_enable>
                    rt_hw_context_switch_interrupt((rt_uintptr_t)&from_thread->sp,
80003730:	00090693          	mv	a3,s2
80003734:	00040613          	mv	a2,s0
80003738:	000a8513          	mv	a0,s5
8000373c:	c69fc0ef          	jal	ra,800003a4 <rt_hw_context_switch_interrupt>
80003740:	fc9ff06f          	j	80003708 <rt_schedule+0x11c>
                rt_sched_remove_thread(curr_thread);
80003744:	00040513          	mv	a0,s0
80003748:	db5ff0ef          	jal	ra,800034fc <rt_sched_remove_thread>
                RT_SCHED_CTX(curr_thread).stat = RT_THREAD_RUNNING | (RT_SCHED_CTX(curr_thread).stat & ~RT_THREAD_STAT_MASK);
8000374c:	03c44783          	lbu	a5,60(s0)
80003750:	ff87f793          	andi	a5,a5,-8
80003754:	0037e793          	ori	a5,a5,3
80003758:	02f40e23          	sb	a5,60(s0)
8000375c:	fadff06f          	j	80003708 <rt_schedule+0x11c>
        SET_CRITICAL_SWITCH_FLAG();
80003760:	00100793          	li	a5,1
80003764:	cef180a3          	sb	a5,-799(gp) # 801004e1 <rt_scheduler_critical_switch_flag>
80003768:	fa1ff06f          	j	80003708 <rt_schedule+0x11c>

8000376c <rt_sched_unlock_n_resched>:
{
8000376c:	ff010113          	addi	sp,sp,-16
80003770:	00812423          	sw	s0,8(sp)
80003774:	00112623          	sw	ra,12(sp)
80003778:	00050413          	mv	s0,a0
    if (rt_thread_self())
8000377c:	4c8000ef          	jal	ra,80003c44 <rt_thread_self>
80003780:	00050463          	beqz	a0,80003788 <rt_sched_unlock_n_resched+0x1c>
        rt_schedule();
80003784:	e69ff0ef          	jal	ra,800035ec <rt_schedule>
    rt_hw_interrupt_enable(level);
80003788:	00040513          	mv	a0,s0
8000378c:	a71fc0ef          	jal	ra,800001fc <rt_hw_interrupt_enable>
}
80003790:	00c12083          	lw	ra,12(sp)
80003794:	00812403          	lw	s0,8(sp)
80003798:	00000513          	li	a0,0
8000379c:	01010113          	addi	sp,sp,16
800037a0:	00008067          	ret

800037a4 <rt_enter_critical>:
 * @note The nesting count can go up to RT_UINT16_MAX.
 *       Must be paired with rt_exit_critical().
 *       Interrupts are only disabled during the lock operation.
 */
rt_base_t rt_enter_critical(void)
{
800037a4:	ff010113          	addi	sp,sp,-16
800037a8:	00112623          	sw	ra,12(sp)
800037ac:	00812423          	sw	s0,8(sp)
    level = rt_hw_interrupt_disable();
800037b0:	a45fc0ef          	jal	ra,800001f4 <rt_hw_interrupt_disable>
    temp = *ptr;
800037b4:	ce818793          	addi	a5,gp,-792 # 801004e8 <rt_scheduler_lock_nest>
800037b8:	0007a403          	lw	s0,0(a5)
    *ptr += val;
800037bc:	0007a703          	lw	a4,0(a5)
800037c0:	00170713          	addi	a4,a4,1
800037c4:	00e7a023          	sw	a4,0(a5)
    rt_hw_interrupt_enable(level);
800037c8:	a35fc0ef          	jal	ra,800001fc <rt_hw_interrupt_enable>
    rt_base_t critical_level;

    critical_level = rt_atomic_add(&rt_scheduler_lock_nest, 1) + 1;
    return critical_level;
}
800037cc:	00c12083          	lw	ra,12(sp)
800037d0:	00140513          	addi	a0,s0,1
800037d4:	00812403          	lw	s0,8(sp)
800037d8:	01010113          	addi	sp,sp,16
800037dc:	00008067          	ret

800037e0 <rt_exit_critical>:
 * @note Must be paired with rt_enter_critical().
 *       Interrupts are only disabled during the lock operation.
 *       Scheduling only occurs when fully unlocked (nest=0)
 */
void rt_exit_critical(void)
{
800037e0:	ff010113          	addi	sp,sp,-16
800037e4:	00112623          	sw	ra,12(sp)
    rt_base_t level;

    /* disable interrupt */
    level = rt_hw_interrupt_disable();
800037e8:	a0dfc0ef          	jal	ra,800001f4 <rt_hw_interrupt_disable>

    rt_scheduler_lock_nest --;
800037ec:	ce818713          	addi	a4,gp,-792 # 801004e8 <rt_scheduler_lock_nest>
800037f0:	00072783          	lw	a5,0(a4)
800037f4:	fff78793          	addi	a5,a5,-1
800037f8:	00f72023          	sw	a5,0(a4)
    if (rt_scheduler_lock_nest <= 0)
800037fc:	02f04463          	bgtz	a5,80003824 <rt_exit_critical+0x44>
    {
        rt_scheduler_lock_nest = 0;
80003800:	ce01a423          	sw	zero,-792(gp) # 801004e8 <rt_scheduler_lock_nest>
        /* enable interrupt */
        rt_hw_interrupt_enable(level);
80003804:	9f9fc0ef          	jal	ra,800001fc <rt_hw_interrupt_enable>

        if (IS_CRITICAL_SWITCH_PEND())
80003808:	ce118703          	lb	a4,-799(gp) # 801004e1 <rt_scheduler_critical_switch_flag>
8000380c:	00100793          	li	a5,1
80003810:	02f71063          	bne	a4,a5,80003830 <rt_exit_critical+0x50>
    else
    {
        /* enable interrupt */
        rt_hw_interrupt_enable(level);
    }
}
80003814:	00c12083          	lw	ra,12(sp)
            CLR_CRITICAL_SWITCH_FLAG();
80003818:	ce0180a3          	sb	zero,-799(gp) # 801004e1 <rt_scheduler_critical_switch_flag>
}
8000381c:	01010113          	addi	sp,sp,16
            rt_schedule();
80003820:	dcdff06f          	j	800035ec <rt_schedule>
}
80003824:	00c12083          	lw	ra,12(sp)
80003828:	01010113          	addi	sp,sp,16
        rt_hw_interrupt_enable(level);
8000382c:	9d1fc06f          	j	800001fc <rt_hw_interrupt_enable>
}
80003830:	00c12083          	lw	ra,12(sp)
80003834:	01010113          	addi	sp,sp,16
80003838:	00008067          	ret

8000383c <rt_exit_critical_safe>:
    rt_exit_critical();
8000383c:	fa5ff06f          	j	800037e0 <rt_exit_critical>

80003840 <rt_critical_level>:
 * @brief Get the scheduler lock level.
 *
 * @return the level of the scheduler lock. 0 means unlocked.
 */
rt_uint16_t rt_critical_level(void)
{
80003840:	ff010113          	addi	sp,sp,-16
80003844:	00112623          	sw	ra,12(sp)
80003848:	00812423          	sw	s0,8(sp)
    level = rt_hw_interrupt_disable();
8000384c:	9a9fc0ef          	jal	ra,800001f4 <rt_hw_interrupt_disable>
    temp = *ptr;
80003850:	ce81a403          	lw	s0,-792(gp) # 801004e8 <rt_scheduler_lock_nest>
    rt_hw_interrupt_enable(level);
80003854:	9a9fc0ef          	jal	ra,800001fc <rt_hw_interrupt_enable>
    return (rt_uint16_t)rt_atomic_load(&rt_scheduler_lock_nest);
}
80003858:	00c12083          	lw	ra,12(sp)
8000385c:	01041513          	slli	a0,s0,0x10
80003860:	00812403          	lw	s0,8(sp)
80003864:	01055513          	srli	a0,a0,0x10
80003868:	01010113          	addi	sp,sp,16
8000386c:	00008067          	ret

80003870 <_thread_timeout>:
 *          when thread is timeout to wait some resource.
 *
 * @param   parameter is the parameter of thread timeout function
 */
static void _thread_timeout(void *parameter)
{
80003870:	fe010113          	addi	sp,sp,-32
80003874:	00812c23          	sw	s0,24(sp)
80003878:	00112e23          	sw	ra,28(sp)
8000387c:	00050413          	mv	s0,a0
    rt_sched_lock_level_t slvl;

    thread = (struct rt_thread *)parameter;

    /* parameter check */
    RT_ASSERT(thread != RT_NULL);
80003880:	00051e63          	bnez	a0,8000389c <_thread_timeout+0x2c>
80003884:	09a00613          	li	a2,154
80003888:	00002597          	auipc	a1,0x2
8000388c:	03458593          	addi	a1,a1,52 # 800058bc <__FUNCTION__.11>
80003890:	00001517          	auipc	a0,0x1
80003894:	46050513          	addi	a0,a0,1120 # 80004cf0 <__FUNCTION__.0+0x170>
80003898:	b0dfe0ef          	jal	ra,800023a4 <rt_assert_handler>
    RT_ASSERT(rt_object_get_type((rt_object_t)thread) == RT_Object_Class_Thread);
8000389c:	00040513          	mv	a0,s0
800038a0:	f28ff0ef          	jal	ra,80002fc8 <rt_object_get_type>
800038a4:	00100793          	li	a5,1
800038a8:	00f50e63          	beq	a0,a5,800038c4 <_thread_timeout+0x54>
800038ac:	09b00613          	li	a2,155
800038b0:	00002597          	auipc	a1,0x2
800038b4:	00c58593          	addi	a1,a1,12 # 800058bc <__FUNCTION__.11>
800038b8:	00002517          	auipc	a0,0x2
800038bc:	e3850513          	addi	a0,a0,-456 # 800056f0 <__FUNCTION__.2+0x1c>
800038c0:	ae5fe0ef          	jal	ra,800023a4 <rt_assert_handler>

    rt_sched_lock(&slvl);
800038c4:	00c10513          	addi	a0,sp,12
800038c8:	a55ff0ef          	jal	ra,8000331c <rt_sched_lock>

    /**
     * resume of the thread and stop of the thread timer should be an atomic
     * operation. So we don't expected that thread had resumed.
     */
    RT_ASSERT(rt_sched_thread_is_suspended(thread));
800038cc:	00040513          	mv	a0,s0
800038d0:	fbcff0ef          	jal	ra,8000308c <rt_sched_thread_is_suspended>
800038d4:	00051e63          	bnez	a0,800038f0 <_thread_timeout+0x80>
800038d8:	0a300613          	li	a2,163
800038dc:	00002597          	auipc	a1,0x2
800038e0:	fe058593          	addi	a1,a1,-32 # 800058bc <__FUNCTION__.11>
800038e4:	00002517          	auipc	a0,0x2
800038e8:	e5050513          	addi	a0,a0,-432 # 80005734 <__FUNCTION__.2+0x60>
800038ec:	ab9fe0ef          	jal	ra,800023a4 <rt_assert_handler>
    n->next->prev = n->prev;
800038f0:	03442683          	lw	a3,52(s0)
800038f4:	03842703          	lw	a4,56(s0)

    /* set error number */
    thread->error = -RT_ETIMEOUT;
800038f8:	ffe00793          	li	a5,-2
800038fc:	02f42823          	sw	a5,48(s0)
80003900:	00e6a223          	sw	a4,4(a3)

    /* remove from suspend list */
    rt_list_remove(&RT_THREAD_LIST_NODE(thread));
80003904:	03440793          	addi	a5,s0,52
    n->prev->next = n->next;
80003908:	00d72023          	sw	a3,0(a4)
    n->next = n->prev = n;
8000390c:	02f42c23          	sw	a5,56(s0)
80003910:	02f42a23          	sw	a5,52(s0)
    /* insert to schedule ready list */
    rt_sched_insert_thread(thread);
80003914:	00040513          	mv	a0,s0
80003918:	b11ff0ef          	jal	ra,80003428 <rt_sched_insert_thread>
    /* do schedule and release the scheduler lock */
    rt_sched_unlock_n_resched(slvl);
8000391c:	00c12503          	lw	a0,12(sp)
80003920:	e4dff0ef          	jal	ra,8000376c <rt_sched_unlock_n_resched>
}
80003924:	01c12083          	lw	ra,28(sp)
80003928:	01812403          	lw	s0,24(sp)
8000392c:	02010113          	addi	sp,sp,32
80003930:	00008067          	ret

80003934 <_thread_detach_from_mutex>:
{
80003934:	fe010113          	addi	sp,sp,-32
80003938:	01312623          	sw	s3,12(sp)
    level = rt_spin_lock_irqsave(&thread->spinlock);
8000393c:	09c50993          	addi	s3,a0,156
{
80003940:	00812c23          	sw	s0,24(sp)
80003944:	00050413          	mv	s0,a0
    level = rt_spin_lock_irqsave(&thread->spinlock);
80003948:	00098513          	mv	a0,s3
{
8000394c:	00912a23          	sw	s1,20(sp)
80003950:	00112e23          	sw	ra,28(sp)
80003954:	01212823          	sw	s2,16(sp)
80003958:	01412423          	sw	s4,8(sp)
    level = rt_spin_lock_irqsave(&thread->spinlock);
8000395c:	945fd0ef          	jal	ra,800012a0 <rt_spin_lock_irqsave>
80003960:	00050493          	mv	s1,a0
    if ((thread->pending_object) &&
80003964:	09042503          	lw	a0,144(s0)
80003968:	02050063          	beqz	a0,80003988 <_thread_detach_from_mutex+0x54>
        (rt_object_get_type(thread->pending_object) == RT_Object_Class_Mutex))
8000396c:	e5cff0ef          	jal	ra,80002fc8 <rt_object_get_type>
    if ((thread->pending_object) &&
80003970:	00300793          	li	a5,3
80003974:	00f51a63          	bne	a0,a5,80003988 <_thread_detach_from_mutex+0x54>
        rt_mutex_drop_thread(mutex, thread);
80003978:	09042503          	lw	a0,144(s0)
8000397c:	00040593          	mv	a1,s0
80003980:	a60fe0ef          	jal	ra,80001be0 <rt_mutex_drop_thread>
        thread->pending_object = RT_NULL;
80003984:	08042823          	sw	zero,144(s0)
    rt_list_for_each_safe(node, tmp_list, &(thread->taken_object_list))
80003988:	08842503          	lw	a0,136(s0)
        mutex->hold = 1;
8000398c:	00100a13          	li	s4,1
    rt_list_for_each_safe(node, tmp_list, &(thread->taken_object_list))
80003990:	08840413          	addi	s0,s0,136
80003994:	00052903          	lw	s2,0(a0)
80003998:	02851663          	bne	a0,s0,800039c4 <_thread_detach_from_mutex+0x90>
}
8000399c:	01812403          	lw	s0,24(sp)
800039a0:	01c12083          	lw	ra,28(sp)
800039a4:	01012903          	lw	s2,16(sp)
800039a8:	00812a03          	lw	s4,8(sp)
    rt_spin_unlock_irqrestore(&thread->spinlock, level);
800039ac:	00048593          	mv	a1,s1
800039b0:	00098513          	mv	a0,s3
}
800039b4:	01412483          	lw	s1,20(sp)
800039b8:	00c12983          	lw	s3,12(sp)
800039bc:	02010113          	addi	sp,sp,32
    rt_spin_unlock_irqrestore(&thread->spinlock, level);
800039c0:	90dfd06f          	j	800012cc <rt_spin_unlock_irqrestore>
        mutex->hold = 1;
800039c4:	ff450d23          	sb	s4,-6(a0)
        rt_mutex_release(mutex);
800039c8:	fd450513          	addi	a0,a0,-44
800039cc:	bb4fe0ef          	jal	ra,80001d80 <rt_mutex_release>
    rt_list_for_each_safe(node, tmp_list, &(thread->taken_object_list))
800039d0:	00090513          	mv	a0,s2
800039d4:	00092903          	lw	s2,0(s2)
800039d8:	fc1ff06f          	j	80003998 <_thread_detach_from_mutex+0x64>

800039dc <_thread_init.constprop.0>:

static rt_err_t _thread_init(struct rt_thread *thread,
800039dc:	fe010113          	addi	sp,sp,-32
800039e0:	01312623          	sw	s3,12(sp)
800039e4:	01412423          	sw	s4,8(sp)
800039e8:	00060993          	mv	s3,a2
800039ec:	00058a13          	mv	s4,a1
                             rt_uint8_t        priority,
                             rt_uint32_t       tick)
{
    RT_UNUSED(name);

    rt_sched_thread_init_ctx(thread, tick, priority);
800039f0:	00078613          	mv	a2,a5
static rt_err_t _thread_init(struct rt_thread *thread,
800039f4:	00080593          	mv	a1,a6
800039f8:	00112e23          	sw	ra,28(sp)
800039fc:	00812c23          	sw	s0,24(sp)
80003a00:	00912a23          	sw	s1,20(sp)
80003a04:	00050413          	mv	s0,a0
80003a08:	01212823          	sw	s2,16(sp)
80003a0c:	00068493          	mv	s1,a3
80003a10:	00070913          	mv	s2,a4
    rt_sched_thread_init_ctx(thread, tick, priority);
80003a14:	df8ff0ef          	jal	ra,8000300c <rt_sched_thread_init_ctx>
    /* stack init */
    thread->stack_addr = stack_start;
    thread->stack_size = stack_size;

    /* init thread stack */
    rt_memset(thread->stack_addr, '#', thread->stack_size);
80003a18:	00090613          	mv	a2,s2
    thread->entry = (void *)entry;
80003a1c:	03442023          	sw	s4,32(s0)
    thread->parameter = parameter;
80003a20:	03342223          	sw	s3,36(s0)
    thread->stack_addr = stack_start;
80003a24:	02942423          	sw	s1,40(s0)
    thread->stack_size = stack_size;
80003a28:	03242623          	sw	s2,44(s0)
    rt_memset(thread->stack_addr, '#', thread->stack_size);
80003a2c:	02300593          	li	a1,35
80003a30:	00048513          	mv	a0,s1
80003a34:	a99fc0ef          	jal	ra,800004cc <rt_memset>
    thread->sp = (void *)rt_hw_stack_init(thread->entry, thread->parameter,
                                          (void *)((char *)thread->stack_addr),
                                          (void *)_thread_exit);
#else
    thread->sp = (void *)rt_hw_stack_init(thread->entry, thread->parameter,
                                          (rt_uint8_t *)((char *)thread->stack_addr + thread->stack_size - sizeof(rt_ubase_t)),
80003a38:	02c42783          	lw	a5,44(s0)
    thread->sp = (void *)rt_hw_stack_init(thread->entry, thread->parameter,
80003a3c:	02842603          	lw	a2,40(s0)
80003a40:	02442583          	lw	a1,36(s0)
80003a44:	02042503          	lw	a0,32(s0)
                                          (rt_uint8_t *)((char *)thread->stack_addr + thread->stack_size - sizeof(rt_ubase_t)),
80003a48:	ffc78793          	addi	a5,a5,-4
    thread->sp = (void *)rt_hw_stack_init(thread->entry, thread->parameter,
80003a4c:	00f60633          	add	a2,a2,a5
80003a50:	00000697          	auipc	a3,0x0
80003a54:	29868693          	addi	a3,a3,664 # 80003ce8 <_thread_exit>
80003a58:	8fdfc0ef          	jal	ra,80000354 <rt_hw_stack_init>
                                          (void *)_thread_exit);
#endif /* ARCH_CPU_STACK_GROWS_UPWARD */

#ifdef RT_USING_MUTEX
    rt_list_init(&thread->taken_object_list);
80003a5c:	08840793          	addi	a5,s0,136
    thread->sp = (void *)rt_hw_stack_init(thread->entry, thread->parameter,
80003a60:	00a42e23          	sw	a0,28(s0)
    l->next = l->prev = l;
80003a64:	08f42623          	sw	a5,140(s0)
80003a68:	08f42423          	sw	a5,136(s0)
    /* initialize cleanup function and user data */
    thread->cleanup   = 0;
    thread->user_data = 0;

    /* initialize thread timer */
    rt_timer_init(&(thread->thread_timer),
80003a6c:	00040693          	mv	a3,s0
80003a70:	00040593          	mv	a1,s0
80003a74:	05040513          	addi	a0,s0,80
    thread->pending_object = RT_NULL;
80003a78:	08042823          	sw	zero,144(s0)
    thread->event_set = 0;
80003a7c:	08042a23          	sw	zero,148(s0)
    thread->event_info = 0;
80003a80:	08040c23          	sb	zero,152(s0)
    thread->error = RT_EOK;
80003a84:	02042823          	sw	zero,48(s0)
    thread->cleanup   = 0;
80003a88:	08042223          	sw	zero,132(s0)
    thread->user_data = 0;
80003a8c:	0a042223          	sw	zero,164(s0)
    rt_timer_init(&(thread->thread_timer),
80003a90:	00800793          	li	a5,8
80003a94:	00000713          	li	a4,0
80003a98:	00000617          	auipc	a2,0x0
80003a9c:	dd860613          	addi	a2,a2,-552 # 80003870 <_thread_timeout>
80003aa0:	129000ef          	jal	ra,800043c8 <rt_timer_init>

#ifdef RT_USING_MODULE
    thread->parent.module_id = 0;
#endif /* RT_USING_MODULE */

    rt_spin_lock_init(&thread->spinlock);
80003aa4:	09c40513          	addi	a0,s0,156
80003aa8:	fe8fd0ef          	jal	ra,80001290 <rt_spin_lock_init>

    RT_OBJECT_HOOKLIST_CALL(rt_thread_inited, (thread));

    return RT_EOK;
}
80003aac:	01c12083          	lw	ra,28(sp)
80003ab0:	01812403          	lw	s0,24(sp)
80003ab4:	01412483          	lw	s1,20(sp)
80003ab8:	01012903          	lw	s2,16(sp)
80003abc:	00c12983          	lw	s3,12(sp)
80003ac0:	00812a03          	lw	s4,8(sp)
80003ac4:	00000513          	li	a0,0
80003ac8:	02010113          	addi	sp,sp,32
80003acc:	00008067          	ret

80003ad0 <_thread_set_suspend_state>:
        return RT_THREAD_SUSPEND_UNINTERRUPTIBLE;
    }
}

static void _thread_set_suspend_state(struct rt_thread *thread, int suspend_flag)
{
80003ad0:	ff010113          	addi	sp,sp,-16
80003ad4:	00812423          	sw	s0,8(sp)
80003ad8:	00912223          	sw	s1,4(sp)
80003adc:	00112623          	sw	ra,12(sp)
80003ae0:	00050413          	mv	s0,a0
80003ae4:	00058493          	mv	s1,a1
    rt_uint8_t stat;

    RT_ASSERT(thread != RT_NULL);
80003ae8:	00051e63          	bnez	a0,80003b04 <_thread_set_suspend_state+0x34>
80003aec:	39200613          	li	a2,914
80003af0:	00002597          	auipc	a1,0x2
80003af4:	d9c58593          	addi	a1,a1,-612 # 8000588c <__FUNCTION__.1>
80003af8:	00001517          	auipc	a0,0x1
80003afc:	1f850513          	addi	a0,a0,504 # 80004cf0 <__FUNCTION__.0+0x170>
80003b00:	8a5fe0ef          	jal	ra,800023a4 <rt_assert_handler>
        return RT_THREAD_SUSPEND_INTERRUPTIBLE;
80003b04:	00400713          	li	a4,4
    switch (suspend_flag)
80003b08:	00048a63          	beqz	s1,80003b1c <_thread_set_suspend_state+0x4c>
80003b0c:	00100793          	li	a5,1
        return RT_THREAD_SUSPEND_UNINTERRUPTIBLE;
80003b10:	00700713          	li	a4,7
    switch (suspend_flag)
80003b14:	00f49463          	bne	s1,a5,80003b1c <_thread_set_suspend_state+0x4c>
80003b18:	00600713          	li	a4,6
    stat = _thread_get_suspend_state(suspend_flag);
    RT_SCHED_CTX(thread).stat = stat | (RT_SCHED_CTX(thread).stat & ~RT_THREAD_STAT_MASK);
80003b1c:	03c44783          	lbu	a5,60(s0)
}
80003b20:	00c12083          	lw	ra,12(sp)
80003b24:	00412483          	lw	s1,4(sp)
    RT_SCHED_CTX(thread).stat = stat | (RT_SCHED_CTX(thread).stat & ~RT_THREAD_STAT_MASK);
80003b28:	ff87f793          	andi	a5,a5,-8
80003b2c:	00e7e7b3          	or	a5,a5,a4
80003b30:	02f40e23          	sb	a5,60(s0)
}
80003b34:	00812403          	lw	s0,8(sp)
80003b38:	01010113          	addi	sp,sp,16
80003b3c:	00008067          	ret

80003b40 <rt_thread_init>:
{
80003b40:	fd010113          	addi	sp,sp,-48
80003b44:	02812423          	sw	s0,40(sp)
80003b48:	02912223          	sw	s1,36(sp)
80003b4c:	03212023          	sw	s2,32(sp)
80003b50:	01312e23          	sw	s3,28(sp)
80003b54:	01412c23          	sw	s4,24(sp)
80003b58:	01512a23          	sw	s5,20(sp)
80003b5c:	01612823          	sw	s6,16(sp)
80003b60:	01712623          	sw	s7,12(sp)
80003b64:	02112623          	sw	ra,44(sp)
80003b68:	00050413          	mv	s0,a0
80003b6c:	00058b93          	mv	s7,a1
80003b70:	00060993          	mv	s3,a2
80003b74:	00068a13          	mv	s4,a3
80003b78:	00070493          	mv	s1,a4
80003b7c:	00078a93          	mv	s5,a5
80003b80:	00080b13          	mv	s6,a6
80003b84:	00088913          	mv	s2,a7
    RT_ASSERT(thread != RT_NULL);
80003b88:	00051e63          	bnez	a0,80003ba4 <rt_thread_init+0x64>
80003b8c:	16400613          	li	a2,356
80003b90:	00002597          	auipc	a1,0x2
80003b94:	d3c58593          	addi	a1,a1,-708 # 800058cc <__FUNCTION__.12>
80003b98:	00001517          	auipc	a0,0x1
80003b9c:	15850513          	addi	a0,a0,344 # 80004cf0 <__FUNCTION__.0+0x170>
80003ba0:	805fe0ef          	jal	ra,800023a4 <rt_assert_handler>
    RT_ASSERT(stack_start != RT_NULL);
80003ba4:	00049e63          	bnez	s1,80003bc0 <rt_thread_init+0x80>
80003ba8:	16500613          	li	a2,357
80003bac:	00002597          	auipc	a1,0x2
80003bb0:	d2058593          	addi	a1,a1,-736 # 800058cc <__FUNCTION__.12>
80003bb4:	00002517          	auipc	a0,0x2
80003bb8:	ba850513          	addi	a0,a0,-1112 # 8000575c <__FUNCTION__.2+0x88>
80003bbc:	fe8fe0ef          	jal	ra,800023a4 <rt_assert_handler>
    RT_ASSERT(tick != 0);
80003bc0:	00091e63          	bnez	s2,80003bdc <rt_thread_init+0x9c>
80003bc4:	16600613          	li	a2,358
80003bc8:	00002597          	auipc	a1,0x2
80003bcc:	d0458593          	addi	a1,a1,-764 # 800058cc <__FUNCTION__.12>
80003bd0:	00002517          	auipc	a0,0x2
80003bd4:	ba450513          	addi	a0,a0,-1116 # 80005774 <__FUNCTION__.2+0xa0>
80003bd8:	fccfe0ef          	jal	ra,800023a4 <rt_assert_handler>
    rt_memset(thread, 0x0, sizeof(struct rt_thread));
80003bdc:	0a800613          	li	a2,168
80003be0:	00000593          	li	a1,0
80003be4:	00040513          	mv	a0,s0
80003be8:	8e5fc0ef          	jal	ra,800004cc <rt_memset>
    rt_object_init((rt_object_t)thread, RT_Object_Class_Thread, name);
80003bec:	000b8613          	mv	a2,s7
80003bf0:	00040513          	mv	a0,s0
80003bf4:	00100593          	li	a1,1
80003bf8:	f15fe0ef          	jal	ra,80002b0c <rt_object_init>
    return _thread_init(thread,
80003bfc:	00040513          	mv	a0,s0
}
80003c00:	02812403          	lw	s0,40(sp)
80003c04:	02c12083          	lw	ra,44(sp)
80003c08:	00c12b83          	lw	s7,12(sp)
    return _thread_init(thread,
80003c0c:	00090813          	mv	a6,s2
80003c10:	000b0793          	mv	a5,s6
}
80003c14:	02012903          	lw	s2,32(sp)
80003c18:	01012b03          	lw	s6,16(sp)
    return _thread_init(thread,
80003c1c:	000a8713          	mv	a4,s5
80003c20:	00048693          	mv	a3,s1
}
80003c24:	01412a83          	lw	s5,20(sp)
80003c28:	02412483          	lw	s1,36(sp)
    return _thread_init(thread,
80003c2c:	000a0613          	mv	a2,s4
80003c30:	00098593          	mv	a1,s3
}
80003c34:	01812a03          	lw	s4,24(sp)
80003c38:	01c12983          	lw	s3,28(sp)
80003c3c:	03010113          	addi	sp,sp,48
    return _thread_init(thread,
80003c40:	d9dff06f          	j	800039dc <_thread_init.constprop.0>

80003c44 <rt_thread_self>:
{
80003c44:	ff010113          	addi	sp,sp,-16
80003c48:	00112623          	sw	ra,12(sp)
    return rt_cpu_self()->current_thread;
80003c4c:	eacfd0ef          	jal	ra,800012f8 <rt_cpu_self>
}
80003c50:	00c12083          	lw	ra,12(sp)
80003c54:	00052503          	lw	a0,0(a0)
80003c58:	01010113          	addi	sp,sp,16
80003c5c:	00008067          	ret

80003c60 <rt_thread_close>:
{
80003c60:	fe010113          	addi	sp,sp,-32
80003c64:	00812c23          	sw	s0,24(sp)
80003c68:	00112e23          	sw	ra,28(sp)
80003c6c:	00050413          	mv	s0,a0
    RT_ASSERT(thread != rt_thread_self() || rt_critical_level());
80003c70:	fd5ff0ef          	jal	ra,80003c44 <rt_thread_self>
80003c74:	02a41263          	bne	s0,a0,80003c98 <rt_thread_close+0x38>
80003c78:	bc9ff0ef          	jal	ra,80003840 <rt_critical_level>
80003c7c:	00051e63          	bnez	a0,80003c98 <rt_thread_close+0x38>
80003c80:	1c200613          	li	a2,450
80003c84:	00002597          	auipc	a1,0x2
80003c88:	c9858593          	addi	a1,a1,-872 # 8000591c <__FUNCTION__.9>
80003c8c:	00002517          	auipc	a0,0x2
80003c90:	af450513          	addi	a0,a0,-1292 # 80005780 <__FUNCTION__.2+0xac>
80003c94:	f10fe0ef          	jal	ra,800023a4 <rt_assert_handler>
    rt_sched_lock(&slvl);
80003c98:	00c10513          	addi	a0,sp,12
80003c9c:	e80ff0ef          	jal	ra,8000331c <rt_sched_lock>
    thread_status = rt_sched_thread_get_stat(thread);
80003ca0:	00040513          	mv	a0,s0
80003ca4:	bccff0ef          	jal	ra,80003070 <rt_sched_thread_get_stat>
    if (thread_status != RT_THREAD_CLOSE)
80003ca8:	00100793          	li	a5,1
80003cac:	02f50063          	beq	a0,a5,80003ccc <rt_thread_close+0x6c>
        if (thread_status != RT_THREAD_INIT)
80003cb0:	00050663          	beqz	a0,80003cbc <rt_thread_close+0x5c>
            rt_sched_remove_thread(thread);
80003cb4:	00040513          	mv	a0,s0
80003cb8:	845ff0ef          	jal	ra,800034fc <rt_sched_remove_thread>
        rt_timer_detach(&(thread->thread_timer));
80003cbc:	05040513          	addi	a0,s0,80
80003cc0:	7f4000ef          	jal	ra,800044b4 <rt_timer_detach>
        rt_sched_thread_close(thread);
80003cc4:	00040513          	mv	a0,s0
80003cc8:	bd4ff0ef          	jal	ra,8000309c <rt_sched_thread_close>
    rt_sched_unlock(slvl);
80003ccc:	00c12503          	lw	a0,12(sp)
80003cd0:	e84ff0ef          	jal	ra,80003354 <rt_sched_unlock>
}
80003cd4:	01c12083          	lw	ra,28(sp)
80003cd8:	01812403          	lw	s0,24(sp)
80003cdc:	00000513          	li	a0,0
80003ce0:	02010113          	addi	sp,sp,32
80003ce4:	00008067          	ret

80003ce8 <_thread_exit>:
{
80003ce8:	ff010113          	addi	sp,sp,-16
80003cec:	00112623          	sw	ra,12(sp)
80003cf0:	00812423          	sw	s0,8(sp)
80003cf4:	00912223          	sw	s1,4(sp)
    thread = rt_thread_self();
80003cf8:	f4dff0ef          	jal	ra,80003c44 <rt_thread_self>
80003cfc:	00050413          	mv	s0,a0
    critical_level = rt_enter_critical();
80003d00:	aa5ff0ef          	jal	ra,800037a4 <rt_enter_critical>
80003d04:	00050493          	mv	s1,a0
    rt_thread_close(thread);
80003d08:	00040513          	mv	a0,s0
80003d0c:	f55ff0ef          	jal	ra,80003c60 <rt_thread_close>
    _thread_detach_from_mutex(thread);
80003d10:	00040513          	mv	a0,s0
80003d14:	c21ff0ef          	jal	ra,80003934 <_thread_detach_from_mutex>
    rt_thread_defunct_enqueue(thread);
80003d18:	00040513          	mv	a0,s0
80003d1c:	df8fd0ef          	jal	ra,80001314 <rt_thread_defunct_enqueue>
    rt_exit_critical_safe(critical_level);
80003d20:	00048513          	mv	a0,s1
80003d24:	b19ff0ef          	jal	ra,8000383c <rt_exit_critical_safe>
}
80003d28:	00812403          	lw	s0,8(sp)
80003d2c:	00c12083          	lw	ra,12(sp)
80003d30:	00412483          	lw	s1,4(sp)
80003d34:	01010113          	addi	sp,sp,16
    rt_schedule();
80003d38:	8b5ff06f          	j	800035ec <rt_schedule>

80003d3c <rt_thread_create>:
{
80003d3c:	fe010113          	addi	sp,sp,-32
80003d40:	00812c23          	sw	s0,24(sp)
80003d44:	00912a23          	sw	s1,20(sp)
80003d48:	01212823          	sw	s2,16(sp)
80003d4c:	01312623          	sw	s3,12(sp)
80003d50:	01412423          	sw	s4,8(sp)
80003d54:	01512223          	sw	s5,4(sp)
80003d58:	00112e23          	sw	ra,28(sp)
80003d5c:	00050413          	mv	s0,a0
80003d60:	00058993          	mv	s3,a1
80003d64:	00060a13          	mv	s4,a2
80003d68:	00068493          	mv	s1,a3
80003d6c:	00070a93          	mv	s5,a4
80003d70:	00078913          	mv	s2,a5
    RT_ASSERT(tick != 0);
80003d74:	00079e63          	bnez	a5,80003d90 <rt_thread_create+0x54>
80003d78:	23500613          	li	a2,565
80003d7c:	00002597          	auipc	a1,0x2
80003d80:	b8c58593          	addi	a1,a1,-1140 # 80005908 <__FUNCTION__.7>
80003d84:	00002517          	auipc	a0,0x2
80003d88:	9f050513          	addi	a0,a0,-1552 # 80005774 <__FUNCTION__.2+0xa0>
80003d8c:	e18fe0ef          	jal	ra,800023a4 <rt_assert_handler>
    thread = (struct rt_thread *)rt_object_allocate(RT_Object_Class_Thread,
80003d90:	00040593          	mv	a1,s0
80003d94:	00100513          	li	a0,1
80003d98:	fb5fe0ef          	jal	ra,80002d4c <rt_object_allocate>
80003d9c:	00050413          	mv	s0,a0
    if (thread == RT_NULL)
80003da0:	02050063          	beqz	a0,80003dc0 <rt_thread_create+0x84>
    stack_start = (void *)RT_KERNEL_MALLOC(stack_size);
80003da4:	00048513          	mv	a0,s1
80003da8:	f10fe0ef          	jal	ra,800024b8 <rt_malloc>
80003dac:	00050693          	mv	a3,a0
    if (stack_start == RT_NULL)
80003db0:	02051c63          	bnez	a0,80003de8 <rt_thread_create+0xac>
        rt_object_delete((rt_object_t)thread);
80003db4:	00040513          	mv	a0,s0
80003db8:	8f4ff0ef          	jal	ra,80002eac <rt_object_delete>
        return RT_NULL;
80003dbc:	00000413          	li	s0,0
}
80003dc0:	01c12083          	lw	ra,28(sp)
80003dc4:	00040513          	mv	a0,s0
80003dc8:	01812403          	lw	s0,24(sp)
80003dcc:	01412483          	lw	s1,20(sp)
80003dd0:	01012903          	lw	s2,16(sp)
80003dd4:	00c12983          	lw	s3,12(sp)
80003dd8:	00812a03          	lw	s4,8(sp)
80003ddc:	00412a83          	lw	s5,4(sp)
80003de0:	02010113          	addi	sp,sp,32
80003de4:	00008067          	ret
    _thread_init(thread,
80003de8:	00090813          	mv	a6,s2
80003dec:	000a8793          	mv	a5,s5
80003df0:	00048713          	mv	a4,s1
80003df4:	000a0613          	mv	a2,s4
80003df8:	00098593          	mv	a1,s3
80003dfc:	00040513          	mv	a0,s0
80003e00:	bddff0ef          	jal	ra,800039dc <_thread_init.constprop.0>
    return thread;
80003e04:	fbdff06f          	j	80003dc0 <rt_thread_create+0x84>

80003e08 <rt_thread_suspend_to_list>:
 *
 * @return  Return the operation status. If the return value is RT_EOK, the function is successfully executed.
 *          If the return value is any other values, it means this operation failed.
 */
rt_err_t rt_thread_suspend_to_list(rt_thread_t thread, rt_list_t *susp_list, int ipc_flags, int suspend_flag)
{
80003e08:	fd010113          	addi	sp,sp,-48
80003e0c:	02812423          	sw	s0,40(sp)
80003e10:	02912223          	sw	s1,36(sp)
80003e14:	01312e23          	sw	s3,28(sp)
80003e18:	01412c23          	sw	s4,24(sp)
80003e1c:	02112623          	sw	ra,44(sp)
80003e20:	03212023          	sw	s2,32(sp)
80003e24:	00050413          	mv	s0,a0
80003e28:	00058993          	mv	s3,a1
80003e2c:	00060a13          	mv	s4,a2
80003e30:	00068493          	mv	s1,a3
    rt_base_t stat;
    rt_sched_lock_level_t slvl;

    /* parameter check */
    RT_ASSERT(thread != RT_NULL);
80003e34:	00051e63          	bnez	a0,80003e50 <rt_thread_suspend_to_list+0x48>
80003e38:	3b700613          	li	a2,951
80003e3c:	00002597          	auipc	a1,0x2
80003e40:	aa058593          	addi	a1,a1,-1376 # 800058dc <__FUNCTION__.2>
80003e44:	00001517          	auipc	a0,0x1
80003e48:	eac50513          	addi	a0,a0,-340 # 80004cf0 <__FUNCTION__.0+0x170>
80003e4c:	d58fe0ef          	jal	ra,800023a4 <rt_assert_handler>
    RT_ASSERT(rt_object_get_type((rt_object_t)thread) == RT_Object_Class_Thread);
80003e50:	00040513          	mv	a0,s0
80003e54:	974ff0ef          	jal	ra,80002fc8 <rt_object_get_type>
80003e58:	00100793          	li	a5,1
80003e5c:	00f50e63          	beq	a0,a5,80003e78 <rt_thread_suspend_to_list+0x70>
80003e60:	3b800613          	li	a2,952
80003e64:	00002597          	auipc	a1,0x2
80003e68:	a7858593          	addi	a1,a1,-1416 # 800058dc <__FUNCTION__.2>
80003e6c:	00002517          	auipc	a0,0x2
80003e70:	88450513          	addi	a0,a0,-1916 # 800056f0 <__FUNCTION__.2+0x1c>
80003e74:	d30fe0ef          	jal	ra,800023a4 <rt_assert_handler>
    RT_ASSERT(!rt_thread_is_idle_thread(thread));
80003e78:	00040513          	mv	a0,s0
80003e7c:	e98fd0ef          	jal	ra,80001514 <rt_thread_is_idle_thread>
80003e80:	00050e63          	beqz	a0,80003e9c <rt_thread_suspend_to_list+0x94>
80003e84:	3b900613          	li	a2,953
80003e88:	00002597          	auipc	a1,0x2
80003e8c:	a5458593          	addi	a1,a1,-1452 # 800058dc <__FUNCTION__.2>
80003e90:	00002517          	auipc	a0,0x2
80003e94:	92450513          	addi	a0,a0,-1756 # 800057b4 <__FUNCTION__.2+0xe0>
80003e98:	d0cfe0ef          	jal	ra,800023a4 <rt_assert_handler>

    LOG_D("thread suspend: %s", thread->parent.name);

    rt_sched_lock(&slvl);
80003e9c:	00c10513          	addi	a0,sp,12
80003ea0:	c7cff0ef          	jal	ra,8000331c <rt_sched_lock>

    stat = rt_sched_thread_get_stat(thread);
80003ea4:	00040513          	mv	a0,s0
80003ea8:	9c8ff0ef          	jal	ra,80003070 <rt_sched_thread_get_stat>
    if (stat & RT_THREAD_SUSPEND_MASK)
80003eac:	00457793          	andi	a5,a0,4
    stat = rt_sched_thread_get_stat(thread);
80003eb0:	00050913          	mv	s2,a0
    if (stat & RT_THREAD_SUSPEND_MASK)
80003eb4:	04078663          	beqz	a5,80003f00 <rt_thread_suspend_to_list+0xf8>
    {
        if (RT_SCHED_CTX(thread).sched_flag_ttmr_set == 1)
80003eb8:	03d44783          	lbu	a5,61(s0)
80003ebc:	0027f793          	andi	a5,a5,2
80003ec0:	00078663          	beqz	a5,80003ecc <rt_thread_suspend_to_list+0xc4>
        {
            /* The new suspend operation will halt the tick timer. */
            LOG_D("Thread [%s]'s timer has been halted.\n", thread->parent.name);
            rt_sched_thread_timer_stop(thread);
80003ec4:	00040513          	mv	a0,s0
80003ec8:	960ff0ef          	jal	ra,80003028 <rt_sched_thread_timer_stop>
    switch (suspend_flag)
80003ecc:	02048263          	beqz	s1,80003ef0 <rt_thread_suspend_to_list+0xe8>
80003ed0:	00100713          	li	a4,1
        return RT_THREAD_SUSPEND_KILLABLE;
80003ed4:	00600793          	li	a5,6
    switch (suspend_flag)
80003ed8:	00e48463          	beq	s1,a4,80003ee0 <rt_thread_suspend_to_list+0xd8>
80003edc:	00700793          	li	a5,7
        }
        /* Upgrade suspend state if new state is stricter */
        if (stat < _thread_get_suspend_state(suspend_flag))
80003ee0:	00f97863          	bgeu	s2,a5,80003ef0 <rt_thread_suspend_to_list+0xe8>
        {
            _thread_set_suspend_state(thread, suspend_flag);
80003ee4:	00048593          	mv	a1,s1
80003ee8:	00040513          	mv	a0,s0
80003eec:	be5ff0ef          	jal	ra,80003ad0 <_thread_set_suspend_state>
        }
        rt_sched_unlock(slvl);
80003ef0:	00c12503          	lw	a0,12(sp)
80003ef4:	c60ff0ef          	jal	ra,80003354 <rt_sched_unlock>
    rt_sched_thread_timer_stop(thread);

    rt_sched_unlock(slvl);

    RT_OBJECT_HOOK_CALL(rt_thread_suspend_hook, (thread));
    return RT_EOK;
80003ef8:	00000513          	li	a0,0
80003efc:	0440006f          	j	80003f40 <rt_thread_suspend_to_list+0x138>
    else if ((stat != RT_THREAD_READY) && (stat != RT_THREAD_RUNNING))
80003f00:	ffe50793          	addi	a5,a0,-2
80003f04:	00100713          	li	a4,1
80003f08:	04f77c63          	bgeu	a4,a5,80003f60 <rt_thread_suspend_to_list+0x158>
        LOG_W("thread suspend: thread disorder, 0x%02x", RT_SCHED_CTX(thread).stat);
80003f0c:	00002517          	auipc	a0,0x2
80003f10:	8cc50513          	addi	a0,a0,-1844 # 800057d8 <__FUNCTION__.2+0x104>
80003f14:	a14fe0ef          	jal	ra,80002128 <rt_kprintf>
80003f18:	03c44583          	lbu	a1,60(s0)
80003f1c:	00002517          	auipc	a0,0x2
80003f20:	8d450513          	addi	a0,a0,-1836 # 800057f0 <__FUNCTION__.2+0x11c>
80003f24:	a04fe0ef          	jal	ra,80002128 <rt_kprintf>
80003f28:	00001517          	auipc	a0,0x1
80003f2c:	f2850513          	addi	a0,a0,-216 # 80004e50 <__FUNCTION__.39+0xa4>
80003f30:	9f8fe0ef          	jal	ra,80002128 <rt_kprintf>
        rt_sched_unlock(slvl);
80003f34:	00c12503          	lw	a0,12(sp)
80003f38:	c1cff0ef          	jal	ra,80003354 <rt_sched_unlock>
        return -RT_ERROR;
80003f3c:	fff00513          	li	a0,-1
}
80003f40:	02c12083          	lw	ra,44(sp)
80003f44:	02812403          	lw	s0,40(sp)
80003f48:	02412483          	lw	s1,36(sp)
80003f4c:	02012903          	lw	s2,32(sp)
80003f50:	01c12983          	lw	s3,28(sp)
80003f54:	01812a03          	lw	s4,24(sp)
80003f58:	03010113          	addi	sp,sp,48
80003f5c:	00008067          	ret
    if (stat == RT_THREAD_RUNNING)
80003f60:	00300793          	li	a5,3
80003f64:	02f51263          	bne	a0,a5,80003f88 <rt_thread_suspend_to_list+0x180>
        RT_ASSERT(thread == rt_thread_self());
80003f68:	cddff0ef          	jal	ra,80003c44 <rt_thread_self>
80003f6c:	00a40e63          	beq	s0,a0,80003f88 <rt_thread_suspend_to_list+0x180>
80003f70:	3db00613          	li	a2,987
80003f74:	00002597          	auipc	a1,0x2
80003f78:	96858593          	addi	a1,a1,-1688 # 800058dc <__FUNCTION__.2>
80003f7c:	00002517          	auipc	a0,0x2
80003f80:	89c50513          	addi	a0,a0,-1892 # 80005818 <__FUNCTION__.2+0x144>
80003f84:	c20fe0ef          	jal	ra,800023a4 <rt_assert_handler>
    rt_sched_remove_thread(thread);
80003f88:	00040513          	mv	a0,s0
80003f8c:	d70ff0ef          	jal	ra,800034fc <rt_sched_remove_thread>
    _thread_set_suspend_state(thread, suspend_flag);
80003f90:	00048593          	mv	a1,s1
80003f94:	00040513          	mv	a0,s0
80003f98:	b39ff0ef          	jal	ra,80003ad0 <_thread_set_suspend_state>
    if (susp_list)
80003f9c:	00098a63          	beqz	s3,80003fb0 <rt_thread_suspend_to_list+0x1a8>
        rt_susp_list_enqueue(susp_list, thread, ipc_flags);
80003fa0:	000a0613          	mv	a2,s4
80003fa4:	00040593          	mv	a1,s0
80003fa8:	00098513          	mv	a0,s3
80003fac:	e60fd0ef          	jal	ra,8000160c <rt_susp_list_enqueue>
    rt_sched_thread_timer_stop(thread);
80003fb0:	00040513          	mv	a0,s0
80003fb4:	874ff0ef          	jal	ra,80003028 <rt_sched_thread_timer_stop>
    rt_sched_unlock(slvl);
80003fb8:	00c12503          	lw	a0,12(sp)
80003fbc:	b98ff0ef          	jal	ra,80003354 <rt_sched_unlock>
    RT_OBJECT_HOOK_CALL(rt_thread_suspend_hook, (thread));
80003fc0:	df81a783          	lw	a5,-520(gp) # 801005f8 <rt_thread_suspend_hook>
    return RT_EOK;
80003fc4:	00000513          	li	a0,0
    RT_OBJECT_HOOK_CALL(rt_thread_suspend_hook, (thread));
80003fc8:	f6078ce3          	beqz	a5,80003f40 <rt_thread_suspend_to_list+0x138>
80003fcc:	00040513          	mv	a0,s0
80003fd0:	000780e7          	jalr	a5
80003fd4:	f25ff06f          	j	80003ef8 <rt_thread_suspend_to_list+0xf0>

80003fd8 <rt_thread_suspend_with_flag>:
 *
 * @return  Return the operation status. If the return value is RT_EOK, the function is successfully executed.
 *          If the return value is any other values, it means this operation failed.
 */
rt_err_t rt_thread_suspend_with_flag(rt_thread_t thread, int suspend_flag)
{
80003fd8:	00058693          	mv	a3,a1
    return rt_thread_suspend_to_list(thread, RT_NULL, 0, suspend_flag);
80003fdc:	00000613          	li	a2,0
80003fe0:	00000593          	li	a1,0
80003fe4:	e25ff06f          	j	80003e08 <rt_thread_suspend_to_list>

80003fe8 <_thread_sleep>:
{
80003fe8:	fd010113          	addi	sp,sp,-48
80003fec:	02912223          	sw	s1,36(sp)
80003ff0:	02112623          	sw	ra,44(sp)
80003ff4:	02812423          	sw	s0,40(sp)
80003ff8:	03212023          	sw	s2,32(sp)
80003ffc:	01312e23          	sw	s3,28(sp)
80004000:	00a12623          	sw	a0,12(sp)
        return -RT_EINVAL;
80004004:	ff600493          	li	s1,-10
    if (tick == 0)
80004008:	14050663          	beqz	a0,80004154 <_thread_sleep+0x16c>
    thread = rt_thread_self();
8000400c:	c39ff0ef          	jal	ra,80003c44 <rt_thread_self>
80004010:	00050413          	mv	s0,a0
    RT_ASSERT(thread != RT_NULL);
80004014:	00051e63          	bnez	a0,80004030 <_thread_sleep+0x48>
80004018:	29600613          	li	a2,662
8000401c:	00002597          	auipc	a1,0x2
80004020:	8dc58593          	addi	a1,a1,-1828 # 800058f8 <__FUNCTION__.5>
80004024:	00001517          	auipc	a0,0x1
80004028:	ccc50513          	addi	a0,a0,-820 # 80004cf0 <__FUNCTION__.0+0x170>
8000402c:	b78fe0ef          	jal	ra,800023a4 <rt_assert_handler>
    RT_ASSERT(rt_object_get_type((rt_object_t)thread) == RT_Object_Class_Thread);
80004030:	00040513          	mv	a0,s0
80004034:	f95fe0ef          	jal	ra,80002fc8 <rt_object_get_type>
80004038:	00100793          	li	a5,1
8000403c:	00f50e63          	beq	a0,a5,80004058 <_thread_sleep+0x70>
80004040:	29700613          	li	a2,663
80004044:	00002597          	auipc	a1,0x2
80004048:	8b458593          	addi	a1,a1,-1868 # 800058f8 <__FUNCTION__.5>
8000404c:	00001517          	auipc	a0,0x1
80004050:	6a450513          	addi	a0,a0,1700 # 800056f0 <__FUNCTION__.2+0x1c>
80004054:	b50fe0ef          	jal	ra,800023a4 <rt_assert_handler>
    RT_DEBUG_SCHEDULER_AVAILABLE(RT_TRUE);
80004058:	fe8ff0ef          	jal	ra,80003840 <rt_critical_level>
8000405c:	10050c63          	beqz	a0,80004174 <_thread_sleep+0x18c>
80004060:	00002597          	auipc	a1,0x2
80004064:	89858593          	addi	a1,a1,-1896 # 800058f8 <__FUNCTION__.5>
80004068:	00001517          	auipc	a0,0x1
8000406c:	b8c50513          	addi	a0,a0,-1140 # 80004bf4 <__FUNCTION__.0+0x74>
80004070:	8b8fe0ef          	jal	ra,80002128 <rt_kprintf>
80004074:	29a00613          	li	a2,666
80004078:	00002597          	auipc	a1,0x2
8000407c:	88058593          	addi	a1,a1,-1920 # 800058f8 <__FUNCTION__.5>
80004080:	00001517          	auipc	a0,0x1
80004084:	6fc50513          	addi	a0,a0,1788 # 8000577c <__FUNCTION__.2+0xa8>
80004088:	b1cfe0ef          	jal	ra,800023a4 <rt_assert_handler>
8000408c:	bb9ff0ef          	jal	ra,80003c44 <rt_thread_self>
80004090:	02051863          	bnez	a0,800040c0 <_thread_sleep+0xd8>
80004094:	00002597          	auipc	a1,0x2
80004098:	86458593          	addi	a1,a1,-1948 # 800058f8 <__FUNCTION__.5>
8000409c:	00001517          	auipc	a0,0x1
800040a0:	b8450513          	addi	a0,a0,-1148 # 80004c20 <__FUNCTION__.0+0xa0>
800040a4:	884fe0ef          	jal	ra,80002128 <rt_kprintf>
800040a8:	29a00613          	li	a2,666
800040ac:	00002597          	auipc	a1,0x2
800040b0:	84c58593          	addi	a1,a1,-1972 # 800058f8 <__FUNCTION__.5>
800040b4:	00001517          	auipc	a0,0x1
800040b8:	6c850513          	addi	a0,a0,1736 # 8000577c <__FUNCTION__.2+0xa8>
800040bc:	ae8fe0ef          	jal	ra,800023a4 <rt_assert_handler>
800040c0:	fedfd0ef          	jal	ra,800020ac <rt_interrupt_get_nest>
800040c4:	02050863          	beqz	a0,800040f4 <_thread_sleep+0x10c>
800040c8:	00002597          	auipc	a1,0x2
800040cc:	83058593          	addi	a1,a1,-2000 # 800058f8 <__FUNCTION__.5>
800040d0:	00001517          	auipc	a0,0x1
800040d4:	b8850513          	addi	a0,a0,-1144 # 80004c58 <__FUNCTION__.0+0xd8>
800040d8:	850fe0ef          	jal	ra,80002128 <rt_kprintf>
800040dc:	29a00613          	li	a2,666
800040e0:	00002597          	auipc	a1,0x2
800040e4:	81858593          	addi	a1,a1,-2024 # 800058f8 <__FUNCTION__.5>
800040e8:	00001517          	auipc	a0,0x1
800040ec:	69450513          	addi	a0,a0,1684 # 8000577c <__FUNCTION__.2+0xa8>
800040f0:	ab4fe0ef          	jal	ra,800023a4 <rt_assert_handler>
    thread->error = RT_EOK;
800040f4:	02042823          	sw	zero,48(s0)
    critical_level = rt_enter_critical();
800040f8:	eacff0ef          	jal	ra,800037a4 <rt_enter_critical>
800040fc:	00050913          	mv	s2,a0
    err = rt_thread_suspend_with_flag(thread, RT_INTERRUPTIBLE);
80004100:	00000593          	li	a1,0
80004104:	00040513          	mv	a0,s0
80004108:	ed1ff0ef          	jal	ra,80003fd8 <rt_thread_suspend_with_flag>
8000410c:	00050493          	mv	s1,a0
    if (err == RT_EOK)
80004110:	06051863          	bnez	a0,80004180 <_thread_sleep+0x198>
        rt_timer_control(&(thread->thread_timer), RT_TIMER_CTRL_SET_TIME, &tick);
80004114:	05040993          	addi	s3,s0,80
80004118:	00c10613          	addi	a2,sp,12
8000411c:	00000593          	li	a1,0
80004120:	00098513          	mv	a0,s3
80004124:	60c000ef          	jal	ra,80004730 <rt_timer_control>
        rt_timer_start(&(thread->thread_timer));
80004128:	00098513          	mv	a0,s3
8000412c:	448000ef          	jal	ra,80004574 <rt_timer_start>
        thread->error = -RT_EINTR;
80004130:	ff700793          	li	a5,-9
80004134:	02f42823          	sw	a5,48(s0)
        rt_schedule();
80004138:	cb4ff0ef          	jal	ra,800035ec <rt_schedule>
        rt_exit_critical_safe(critical_level);
8000413c:	00090513          	mv	a0,s2
80004140:	efcff0ef          	jal	ra,8000383c <rt_exit_critical_safe>
        if (thread->error == -RT_ETIMEOUT)
80004144:	03042703          	lw	a4,48(s0)
80004148:	ffe00793          	li	a5,-2
8000414c:	00f71463          	bne	a4,a5,80004154 <_thread_sleep+0x16c>
            thread->error = RT_EOK;
80004150:	02042823          	sw	zero,48(s0)
}
80004154:	02c12083          	lw	ra,44(sp)
80004158:	02812403          	lw	s0,40(sp)
8000415c:	02012903          	lw	s2,32(sp)
80004160:	01c12983          	lw	s3,28(sp)
80004164:	00048513          	mv	a0,s1
80004168:	02412483          	lw	s1,36(sp)
8000416c:	03010113          	addi	sp,sp,48
80004170:	00008067          	ret
    RT_DEBUG_SCHEDULER_AVAILABLE(RT_TRUE);
80004174:	f7dfd0ef          	jal	ra,800020f0 <rt_hw_interrupt_is_disabled>
80004178:	ee0514e3          	bnez	a0,80004060 <_thread_sleep+0x78>
8000417c:	f11ff06f          	j	8000408c <_thread_sleep+0xa4>
        rt_exit_critical_safe(critical_level);
80004180:	00090513          	mv	a0,s2
80004184:	eb8ff0ef          	jal	ra,8000383c <rt_exit_critical_safe>
80004188:	fcdff06f          	j	80004154 <_thread_sleep+0x16c>

8000418c <rt_thread_mdelay>:
{
8000418c:	ff010113          	addi	sp,sp,-16
80004190:	00112623          	sw	ra,12(sp)
    tick = rt_tick_from_millisecond(ms);
80004194:	fa1fc0ef          	jal	ra,80001134 <rt_tick_from_millisecond>
}
80004198:	00c12083          	lw	ra,12(sp)
8000419c:	01010113          	addi	sp,sp,16
    return _thread_sleep(tick);
800041a0:	e49ff06f          	j	80003fe8 <_thread_sleep>

800041a4 <rt_thread_resume>:
 * @return  Return the operation status. If the return value is `RT_EOK`, the
 *          function is successfully executed.
 *          If the return value is any other values, it means this operation failed.
 */
rt_err_t rt_thread_resume(rt_thread_t thread)
{
800041a4:	fe010113          	addi	sp,sp,-32
800041a8:	00912a23          	sw	s1,20(sp)
800041ac:	00112e23          	sw	ra,28(sp)
800041b0:	00812c23          	sw	s0,24(sp)
800041b4:	00050493          	mv	s1,a0
    rt_sched_lock_level_t slvl;
    rt_err_t error;

    /* parameter check */
    RT_ASSERT(thread != RT_NULL);
800041b8:	00051e63          	bnez	a0,800041d4 <rt_thread_resume+0x30>
800041bc:	45b00613          	li	a2,1115
800041c0:	00001597          	auipc	a1,0x1
800041c4:	6b858593          	addi	a1,a1,1720 # 80005878 <__FUNCTION__.0>
800041c8:	00001517          	auipc	a0,0x1
800041cc:	b2850513          	addi	a0,a0,-1240 # 80004cf0 <__FUNCTION__.0+0x170>
800041d0:	9d4fe0ef          	jal	ra,800023a4 <rt_assert_handler>
    RT_ASSERT(rt_object_get_type((rt_object_t)thread) == RT_Object_Class_Thread);
800041d4:	00048513          	mv	a0,s1
800041d8:	df1fe0ef          	jal	ra,80002fc8 <rt_object_get_type>
800041dc:	00100793          	li	a5,1
800041e0:	00f50e63          	beq	a0,a5,800041fc <rt_thread_resume+0x58>
800041e4:	45c00613          	li	a2,1116
800041e8:	00001597          	auipc	a1,0x1
800041ec:	69058593          	addi	a1,a1,1680 # 80005878 <__FUNCTION__.0>
800041f0:	00001517          	auipc	a0,0x1
800041f4:	50050513          	addi	a0,a0,1280 # 800056f0 <__FUNCTION__.2+0x1c>
800041f8:	9acfe0ef          	jal	ra,800023a4 <rt_assert_handler>

    LOG_D("thread resume: %s", thread->parent.name);

    rt_sched_lock(&slvl);
800041fc:	00c10513          	addi	a0,sp,12
80004200:	91cff0ef          	jal	ra,8000331c <rt_sched_lock>

    error = rt_sched_thread_ready(thread);
80004204:	00048513          	mv	a0,s1
80004208:	ec1fe0ef          	jal	ra,800030c8 <rt_sched_thread_ready>
8000420c:	00050413          	mv	s0,a0

    if (!error)
80004210:	00c12503          	lw	a0,12(sp)
80004214:	04041063          	bnez	s0,80004254 <rt_thread_resume+0xb0>
    {
        error = rt_sched_unlock_n_resched(slvl);
80004218:	d54ff0ef          	jal	ra,8000376c <rt_sched_unlock_n_resched>

        /**
         * RT_ESCHEDLOCKED indicates that the current thread is in a critical section,
         * rather than 'thread' can't be resumed. Therefore, we can ignore this error.
         */
        if (error == -RT_ESCHEDLOCKED)
8000421c:	fee00793          	li	a5,-18
        error = rt_sched_unlock_n_resched(slvl);
80004220:	00050413          	mv	s0,a0
        if (error == -RT_ESCHEDLOCKED)
80004224:	00f51463          	bne	a0,a5,8000422c <rt_thread_resume+0x88>
        {
            error = RT_EOK;
80004228:	00000413          	li	s0,0
    else
    {
        rt_sched_unlock(slvl);
    }

    RT_OBJECT_HOOK_CALL(rt_thread_resume_hook, (thread));
8000422c:	df41a783          	lw	a5,-524(gp) # 801005f4 <rt_thread_resume_hook>
80004230:	00078663          	beqz	a5,8000423c <rt_thread_resume+0x98>
80004234:	00048513          	mv	a0,s1
80004238:	000780e7          	jalr	a5

    return error;
}
8000423c:	01c12083          	lw	ra,28(sp)
80004240:	00040513          	mv	a0,s0
80004244:	01812403          	lw	s0,24(sp)
80004248:	01412483          	lw	s1,20(sp)
8000424c:	02010113          	addi	sp,sp,32
80004250:	00008067          	ret
        rt_sched_unlock(slvl);
80004254:	900ff0ef          	jal	ra,80003354 <rt_sched_unlock>
80004258:	fd5ff06f          	j	8000422c <rt_thread_resume+0x88>

8000425c <rt_thread_startup>:
{
8000425c:	ff010113          	addi	sp,sp,-16
80004260:	00812423          	sw	s0,8(sp)
80004264:	00112623          	sw	ra,12(sp)
80004268:	00050413          	mv	s0,a0
    RT_ASSERT(thread != RT_NULL);
8000426c:	00051e63          	bnez	a0,80004288 <rt_thread_startup+0x2c>
80004270:	1a000613          	li	a2,416
80004274:	00001597          	auipc	a1,0x1
80004278:	63458593          	addi	a1,a1,1588 # 800058a8 <__FUNCTION__.10>
8000427c:	00001517          	auipc	a0,0x1
80004280:	a7450513          	addi	a0,a0,-1420 # 80004cf0 <__FUNCTION__.0+0x170>
80004284:	920fe0ef          	jal	ra,800023a4 <rt_assert_handler>
    RT_ASSERT((RT_SCHED_CTX(thread).stat & RT_THREAD_STAT_MASK) == RT_THREAD_INIT);
80004288:	03c44783          	lbu	a5,60(s0)
8000428c:	0077f793          	andi	a5,a5,7
80004290:	00078e63          	beqz	a5,800042ac <rt_thread_startup+0x50>
80004294:	1a100613          	li	a2,417
80004298:	00001597          	auipc	a1,0x1
8000429c:	61058593          	addi	a1,a1,1552 # 800058a8 <__FUNCTION__.10>
800042a0:	00001517          	auipc	a0,0x1
800042a4:	59450513          	addi	a0,a0,1428 # 80005834 <__FUNCTION__.2+0x160>
800042a8:	8fcfe0ef          	jal	ra,800023a4 <rt_assert_handler>
    RT_ASSERT(rt_object_get_type((rt_object_t)thread) == RT_Object_Class_Thread);
800042ac:	00040513          	mv	a0,s0
800042b0:	d19fe0ef          	jal	ra,80002fc8 <rt_object_get_type>
800042b4:	00100793          	li	a5,1
800042b8:	00f50e63          	beq	a0,a5,800042d4 <rt_thread_startup+0x78>
800042bc:	1a200613          	li	a2,418
800042c0:	00001597          	auipc	a1,0x1
800042c4:	5e858593          	addi	a1,a1,1512 # 800058a8 <__FUNCTION__.10>
800042c8:	00001517          	auipc	a0,0x1
800042cc:	42850513          	addi	a0,a0,1064 # 800056f0 <__FUNCTION__.2+0x1c>
800042d0:	8d4fe0ef          	jal	ra,800023a4 <rt_assert_handler>
    rt_sched_thread_startup(thread);
800042d4:	00040513          	mv	a0,s0
800042d8:	8bcff0ef          	jal	ra,80003394 <rt_sched_thread_startup>
    rt_thread_resume(thread);
800042dc:	00040513          	mv	a0,s0
800042e0:	ec5ff0ef          	jal	ra,800041a4 <rt_thread_resume>
}
800042e4:	00c12083          	lw	ra,12(sp)
800042e8:	00812403          	lw	s0,8(sp)
800042ec:	00000513          	li	a0,0
800042f0:	01010113          	addi	sp,sp,16
800042f4:	00008067          	ret

800042f8 <_timer_remove>:
    n->next->prev = n->prev;
800042f8:	01c52683          	lw	a3,28(a0)
800042fc:	02052703          	lw	a4,32(a0)
{
    int i;

    for (i = 0; i < RT_TIMER_SKIP_LIST_LEVEL; i++)
    {
        rt_list_remove(&timer->row[i]);
80004300:	01c50793          	addi	a5,a0,28
80004304:	00e6a223          	sw	a4,4(a3)
    n->prev->next = n->next;
80004308:	00d72023          	sw	a3,0(a4)
    n->next = n->prev = n;
8000430c:	02f52023          	sw	a5,32(a0)
80004310:	00f52e23          	sw	a5,28(a0)
    }
}
80004314:	00008067          	ret

80004318 <_timer_start.constprop.0>:
 *
 * @param timer the timer to be started
 *
 * @return the operation status, RT_EOK on OK, -RT_ERROR on error
 */
static rt_err_t _timer_start(rt_list_t *timer_list, rt_timer_t timer)
80004318:	ff010113          	addi	sp,sp,-16
8000431c:	00812423          	sw	s0,8(sp)
80004320:	00112623          	sw	ra,12(sp)
80004324:	00050413          	mv	s0,a0
    rt_list_t *row_head[RT_TIMER_SKIP_LIST_LEVEL];
    unsigned int tst_nr;
    static unsigned int random_nr;

    /* remove timer from list */
    _timer_remove(timer);
80004328:	fd1ff0ef          	jal	ra,800042f8 <_timer_remove>
    /* change status of timer */
    timer->parent.flag &= ~RT_TIMER_FLAG_ACTIVATED;
8000432c:	01144783          	lbu	a5,17(s0)
80004330:	ffe7f793          	andi	a5,a5,-2
80004334:	00f408a3          	sb	a5,17(s0)

    RT_OBJECT_HOOK_CALL(rt_object_take_hook, (&(timer->parent)));
80004338:	cd41a783          	lw	a5,-812(gp) # 801004d4 <rt_object_take_hook>
8000433c:	00078663          	beqz	a5,80004348 <_timer_start.constprop.0+0x30>
80004340:	00040513          	mv	a0,s0
80004344:	000780e7          	jalr	a5

    timer->timeout_tick = rt_tick_get() + timer->init_tick;
80004348:	d5dfc0ef          	jal	ra,800010a4 <rt_tick_get>
8000434c:	02c42783          	lw	a5,44(s0)
             */
            if ((t->timeout_tick - timer->timeout_tick) == 0)
            {
                continue;
            }
            else if ((t->timeout_tick - timer->timeout_tick) < RT_TICK_MAX / 2)
80004350:	80000637          	lui	a2,0x80000
80004354:	ffe64613          	xori	a2,a2,-2
    timer->timeout_tick = rt_tick_get() + timer->init_tick;
80004358:	00f50533          	add	a0,a0,a5
        for (; row_head[row_lvl] != timer_list[row_lvl].prev;
8000435c:	e0418793          	addi	a5,gp,-508 # 80100604 <_timer_list>
80004360:	0047a583          	lw	a1,4(a5)
    timer->timeout_tick = rt_tick_get() + timer->init_tick;
80004364:	02a42823          	sw	a0,48(s0)
        for (; row_head[row_lvl] != timer_list[row_lvl].prev;
80004368:	00078693          	mv	a3,a5
            rt_list_t *p = row_head[row_lvl]->next;
8000436c:	0007a783          	lw	a5,0(a5)
        for (; row_head[row_lvl] != timer_list[row_lvl].prev;
80004370:	00b68a63          	beq	a3,a1,80004384 <_timer_start.constprop.0+0x6c>
            if ((t->timeout_tick - timer->timeout_tick) == 0)
80004374:	0147a703          	lw	a4,20(a5)
80004378:	fee508e3          	beq	a0,a4,80004368 <_timer_start.constprop.0+0x50>
            else if ((t->timeout_tick - timer->timeout_tick) < RT_TICK_MAX / 2)
8000437c:	40a70733          	sub	a4,a4,a0
80004380:	fee664e3          	bltu	a2,a4,80004368 <_timer_start.constprop.0+0x50>

    /* Interestingly, this super simple timer insert counter works very very
     * well on distributing the list height uniformly. By means of "very very
     * well", I mean it beats the randomness of timer->timeout_tick very easily
     * (actually, the timeout_tick is not random and easy to be attacked). */
    random_nr++;
80004384:	e0c18613          	addi	a2,gp,-500 # 8010060c <random_nr.3>
80004388:	00062703          	lw	a4,0(a2) # 80000000 <__rt_rvstack+0xffec0000>
    }

    timer->parent.flag |= RT_TIMER_FLAG_ACTIVATED;

    return RT_EOK;
}
8000438c:	00c12083          	lw	ra,12(sp)
80004390:	00000513          	li	a0,0
    random_nr++;
80004394:	00170713          	addi	a4,a4,1
80004398:	00e62023          	sw	a4,0(a2)
    rt_list_insert_after(row_head[RT_TIMER_SKIP_LIST_LEVEL - 1],
8000439c:	01c40713          	addi	a4,s0,28
    l->next->prev = n;
800043a0:	00e7a223          	sw	a4,4(a5)
    n->next = l->next;
800043a4:	00f42e23          	sw	a5,28(s0)
    l->next = n;
800043a8:	00e6a023          	sw	a4,0(a3)
    timer->parent.flag |= RT_TIMER_FLAG_ACTIVATED;
800043ac:	01144783          	lbu	a5,17(s0)
    n->prev = l;
800043b0:	02d42023          	sw	a3,32(s0)
800043b4:	0017e793          	ori	a5,a5,1
800043b8:	00f408a3          	sb	a5,17(s0)
}
800043bc:	00812403          	lw	s0,8(sp)
800043c0:	01010113          	addi	sp,sp,16
800043c4:	00008067          	ret

800043c8 <rt_timer_init>:
{
800043c8:	fe010113          	addi	sp,sp,-32
800043cc:	00812c23          	sw	s0,24(sp)
800043d0:	00912a23          	sw	s1,20(sp)
800043d4:	01212823          	sw	s2,16(sp)
800043d8:	01312623          	sw	s3,12(sp)
800043dc:	01412423          	sw	s4,8(sp)
800043e0:	01512223          	sw	s5,4(sp)
800043e4:	00112e23          	sw	ra,28(sp)
800043e8:	00050413          	mv	s0,a0
800043ec:	00058a93          	mv	s5,a1
800043f0:	00060993          	mv	s3,a2
800043f4:	00068a13          	mv	s4,a3
800043f8:	00070913          	mv	s2,a4
800043fc:	00078493          	mv	s1,a5
    RT_ASSERT(timer != RT_NULL);
80004400:	00051e63          	bnez	a0,8000441c <rt_timer_init+0x54>
80004404:	11300613          	li	a2,275
80004408:	00001597          	auipc	a1,0x1
8000440c:	6b058593          	addi	a1,a1,1712 # 80005ab8 <__FUNCTION__.8>
80004410:	00001517          	auipc	a0,0x1
80004414:	51c50513          	addi	a0,a0,1308 # 8000592c <__FUNCTION__.9+0x10>
80004418:	f8dfd0ef          	jal	ra,800023a4 <rt_assert_handler>
    RT_ASSERT(timeout != RT_NULL);
8000441c:	00099e63          	bnez	s3,80004438 <rt_timer_init+0x70>
80004420:	11400613          	li	a2,276
80004424:	00001597          	auipc	a1,0x1
80004428:	69458593          	addi	a1,a1,1684 # 80005ab8 <__FUNCTION__.8>
8000442c:	00001517          	auipc	a0,0x1
80004430:	51450513          	addi	a0,a0,1300 # 80005940 <__FUNCTION__.9+0x24>
80004434:	f71fd0ef          	jal	ra,800023a4 <rt_assert_handler>
    RT_ASSERT(time < RT_TICK_MAX / 2);
80004438:	800007b7          	lui	a5,0x80000
8000443c:	ffe7c793          	xori	a5,a5,-2
80004440:	0127fe63          	bgeu	a5,s2,8000445c <rt_timer_init+0x94>
80004444:	11500613          	li	a2,277
80004448:	00001597          	auipc	a1,0x1
8000444c:	67058593          	addi	a1,a1,1648 # 80005ab8 <__FUNCTION__.8>
80004450:	00001517          	auipc	a0,0x1
80004454:	50450513          	addi	a0,a0,1284 # 80005954 <__FUNCTION__.9+0x38>
80004458:	f4dfd0ef          	jal	ra,800023a4 <rt_assert_handler>
    rt_object_init(&(timer->parent), RT_Object_Class_Timer, name);
8000445c:	000a8613          	mv	a2,s5
80004460:	00040513          	mv	a0,s0
80004464:	00a00593          	li	a1,10
80004468:	ea4fe0ef          	jal	ra,80002b0c <rt_object_init>
        rt_list_init(&(timer->row[i]));
8000446c:	01c40793          	addi	a5,s0,28
    timer->parent.flag &= ~RT_TIMER_FLAG_ACTIVATED;
80004470:	ffe4f493          	andi	s1,s1,-2
80004474:	009408a3          	sb	s1,17(s0)
    timer->timeout_func = timeout;
80004478:	03342223          	sw	s3,36(s0)
    timer->parameter    = parameter;
8000447c:	03442423          	sw	s4,40(s0)
    timer->init_tick    = time;
80004480:	03242623          	sw	s2,44(s0)
}
80004484:	01c12083          	lw	ra,28(sp)
    timer->timeout_tick = 0;
80004488:	02042823          	sw	zero,48(s0)
    l->next = l->prev = l;
8000448c:	02f42023          	sw	a5,32(s0)
80004490:	00f42e23          	sw	a5,28(s0)
}
80004494:	01812403          	lw	s0,24(sp)
80004498:	01412483          	lw	s1,20(sp)
8000449c:	01012903          	lw	s2,16(sp)
800044a0:	00c12983          	lw	s3,12(sp)
800044a4:	00812a03          	lw	s4,8(sp)
800044a8:	00412a83          	lw	s5,4(sp)
800044ac:	02010113          	addi	sp,sp,32
800044b0:	00008067          	ret

800044b4 <rt_timer_detach>:
{
800044b4:	fe010113          	addi	sp,sp,-32
800044b8:	00812c23          	sw	s0,24(sp)
800044bc:	00112e23          	sw	ra,28(sp)
800044c0:	00050413          	mv	s0,a0
    RT_ASSERT(timer != RT_NULL);
800044c4:	00051e63          	bnez	a0,800044e0 <rt_timer_detach+0x2c>
800044c8:	12b00613          	li	a2,299
800044cc:	00001597          	auipc	a1,0x1
800044d0:	5dc58593          	addi	a1,a1,1500 # 80005aa8 <__FUNCTION__.7>
800044d4:	00001517          	auipc	a0,0x1
800044d8:	45850513          	addi	a0,a0,1112 # 8000592c <__FUNCTION__.9+0x10>
800044dc:	ec9fd0ef          	jal	ra,800023a4 <rt_assert_handler>
    RT_ASSERT(rt_object_get_type(&timer->parent) == RT_Object_Class_Timer);
800044e0:	00040513          	mv	a0,s0
800044e4:	ae5fe0ef          	jal	ra,80002fc8 <rt_object_get_type>
800044e8:	00a00793          	li	a5,10
800044ec:	00f50e63          	beq	a0,a5,80004508 <rt_timer_detach+0x54>
800044f0:	12c00613          	li	a2,300
800044f4:	00001597          	auipc	a1,0x1
800044f8:	5b458593          	addi	a1,a1,1460 # 80005aa8 <__FUNCTION__.7>
800044fc:	00001517          	auipc	a0,0x1
80004500:	47050513          	addi	a0,a0,1136 # 8000596c <__FUNCTION__.9+0x50>
80004504:	ea1fd0ef          	jal	ra,800023a4 <rt_assert_handler>
    RT_ASSERT(rt_object_is_systemobject(&timer->parent));
80004508:	00040513          	mv	a0,s0
8000450c:	a79fe0ef          	jal	ra,80002f84 <rt_object_is_systemobject>
80004510:	00051e63          	bnez	a0,8000452c <rt_timer_detach+0x78>
80004514:	12d00613          	li	a2,301
80004518:	00001597          	auipc	a1,0x1
8000451c:	59058593          	addi	a1,a1,1424 # 80005aa8 <__FUNCTION__.7>
80004520:	00001517          	auipc	a0,0x1
80004524:	48850513          	addi	a0,a0,1160 # 800059a8 <__FUNCTION__.9+0x8c>
80004528:	e7dfd0ef          	jal	ra,800023a4 <rt_assert_handler>
    level = rt_spin_lock_irqsave(spinlock);
8000452c:	dfc18513          	addi	a0,gp,-516 # 801005fc <_htimer_lock>
80004530:	d71fc0ef          	jal	ra,800012a0 <rt_spin_lock_irqsave>
80004534:	00a12623          	sw	a0,12(sp)
    _timer_remove(timer);
80004538:	00040513          	mv	a0,s0
8000453c:	dbdff0ef          	jal	ra,800042f8 <_timer_remove>
    timer->parent.flag &= ~RT_TIMER_FLAG_ACTIVATED;
80004540:	01144783          	lbu	a5,17(s0)
    rt_spin_unlock_irqrestore(spinlock, level);
80004544:	00c12583          	lw	a1,12(sp)
80004548:	dfc18513          	addi	a0,gp,-516 # 801005fc <_htimer_lock>
    timer->parent.flag &= ~RT_TIMER_FLAG_ACTIVATED;
8000454c:	ffe7f793          	andi	a5,a5,-2
80004550:	00f408a3          	sb	a5,17(s0)
    rt_spin_unlock_irqrestore(spinlock, level);
80004554:	d79fc0ef          	jal	ra,800012cc <rt_spin_unlock_irqrestore>
    rt_object_detach(&(timer->parent));
80004558:	00040513          	mv	a0,s0
8000455c:	f3cfe0ef          	jal	ra,80002c98 <rt_object_detach>
}
80004560:	01c12083          	lw	ra,28(sp)
80004564:	01812403          	lw	s0,24(sp)
80004568:	00000513          	li	a0,0
8000456c:	02010113          	addi	sp,sp,32
80004570:	00008067          	ret

80004574 <rt_timer_start>:
 * @param timer the timer to be started
 *
 * @return the operation status, RT_EOK on OK, -RT_ERROR on error
 */
rt_err_t rt_timer_start(rt_timer_t timer)
{
80004574:	fd010113          	addi	sp,sp,-48
80004578:	02812423          	sw	s0,40(sp)
8000457c:	02112623          	sw	ra,44(sp)
80004580:	02912223          	sw	s1,36(sp)
80004584:	00050413          	mv	s0,a0
    rt_list_t *timer_list;
    rt_base_t level;
    rt_err_t err;

    /* parameter check */
    RT_ASSERT(timer != RT_NULL);
80004588:	00051e63          	bnez	a0,800045a4 <rt_timer_start+0x30>
8000458c:	23c00613          	li	a2,572
80004590:	00001597          	auipc	a1,0x1
80004594:	50858593          	addi	a1,a1,1288 # 80005a98 <__FUNCTION__.4>
80004598:	00001517          	auipc	a0,0x1
8000459c:	39450513          	addi	a0,a0,916 # 8000592c <__FUNCTION__.9+0x10>
800045a0:	e05fd0ef          	jal	ra,800023a4 <rt_assert_handler>
    RT_ASSERT(rt_object_get_type(&timer->parent) == RT_Object_Class_Timer);
800045a4:	00040513          	mv	a0,s0
800045a8:	a21fe0ef          	jal	ra,80002fc8 <rt_object_get_type>
800045ac:	00a00793          	li	a5,10
800045b0:	00f50e63          	beq	a0,a5,800045cc <rt_timer_start+0x58>
800045b4:	23d00613          	li	a2,573
800045b8:	00001597          	auipc	a1,0x1
800045bc:	4e058593          	addi	a1,a1,1248 # 80005a98 <__FUNCTION__.4>
800045c0:	00001517          	auipc	a0,0x1
800045c4:	3ac50513          	addi	a0,a0,940 # 8000596c <__FUNCTION__.9+0x50>
800045c8:	dddfd0ef          	jal	ra,800023a4 <rt_assert_handler>
        timer_list = _timer_list;
        spinlock = &_htimer_lock;
    }
#endif

    if (timer->parent.flag & RT_TIMER_FLAG_THREAD_TIMER)
800045cc:	01144783          	lbu	a5,17(s0)
    int is_thread_timer = 0;
800045d0:	00000493          	li	s1,0
    if (timer->parent.flag & RT_TIMER_FLAG_THREAD_TIMER)
800045d4:	0087f793          	andi	a5,a5,8
800045d8:	04078263          	beqz	a5,8000461c <rt_timer_start+0xa8>
    {
        rt_thread_t thread;
        is_thread_timer = 1;
        rt_sched_lock(&slvl);
800045dc:	01c10513          	addi	a0,sp,28
800045e0:	d3dfe0ef          	jal	ra,8000331c <rt_sched_lock>

        thread = rt_container_of(timer, struct rt_thread, thread_timer);
800045e4:	fb040493          	addi	s1,s0,-80
        RT_ASSERT(rt_object_get_type(&thread->parent) == RT_Object_Class_Thread);
800045e8:	00048513          	mv	a0,s1
800045ec:	9ddfe0ef          	jal	ra,80002fc8 <rt_object_get_type>
800045f0:	00100793          	li	a5,1
800045f4:	00f50e63          	beq	a0,a5,80004610 <rt_timer_start+0x9c>
800045f8:	25800613          	li	a2,600
800045fc:	00001597          	auipc	a1,0x1
80004600:	49c58593          	addi	a1,a1,1180 # 80005a98 <__FUNCTION__.4>
80004604:	00001517          	auipc	a0,0x1
80004608:	3d050513          	addi	a0,a0,976 # 800059d4 <__FUNCTION__.9+0xb8>
8000460c:	d99fd0ef          	jal	ra,800023a4 <rt_assert_handler>
        rt_sched_thread_timer_start(thread);
80004610:	00048513          	mv	a0,s1
80004614:	a01fe0ef          	jal	ra,80003014 <rt_sched_thread_timer_start>
        is_thread_timer = 1;
80004618:	00100493          	li	s1,1
    }

    level = rt_spin_lock_irqsave(spinlock);
8000461c:	dfc18513          	addi	a0,gp,-516 # 801005fc <_htimer_lock>
80004620:	c81fc0ef          	jal	ra,800012a0 <rt_spin_lock_irqsave>
80004624:	00a12623          	sw	a0,12(sp)

    err = _timer_start(timer_list, timer);
80004628:	00040513          	mv	a0,s0
8000462c:	cedff0ef          	jal	ra,80004318 <_timer_start.constprop.0>

    rt_spin_unlock_irqrestore(spinlock, level);
80004630:	00c12583          	lw	a1,12(sp)
    err = _timer_start(timer_list, timer);
80004634:	00050413          	mv	s0,a0
    rt_spin_unlock_irqrestore(spinlock, level);
80004638:	dfc18513          	addi	a0,gp,-516 # 801005fc <_htimer_lock>
8000463c:	c91fc0ef          	jal	ra,800012cc <rt_spin_unlock_irqrestore>

    if (is_thread_timer)
80004640:	00048663          	beqz	s1,8000464c <rt_timer_start+0xd8>
    {
        rt_sched_unlock(slvl);
80004644:	01c12503          	lw	a0,28(sp)
80004648:	d0dfe0ef          	jal	ra,80003354 <rt_sched_unlock>
    }

    return err;
}
8000464c:	02c12083          	lw	ra,44(sp)
80004650:	00040513          	mv	a0,s0
80004654:	02812403          	lw	s0,40(sp)
80004658:	02412483          	lw	s1,36(sp)
8000465c:	03010113          	addi	sp,sp,48
80004660:	00008067          	ret

80004664 <rt_timer_stop>:
 * @param timer the timer to be stopped
 *
 * @return the operation status, RT_EOK on OK, -RT_ERROR on error
 */
rt_err_t rt_timer_stop(rt_timer_t timer)
{
80004664:	fe010113          	addi	sp,sp,-32
80004668:	00812c23          	sw	s0,24(sp)
8000466c:	00112e23          	sw	ra,28(sp)
80004670:	00050413          	mv	s0,a0
    rt_base_t level;
    struct rt_spinlock *spinlock;

    /* timer check */
    RT_ASSERT(timer != RT_NULL);
80004674:	00051e63          	bnez	a0,80004690 <rt_timer_stop+0x2c>
80004678:	27800613          	li	a2,632
8000467c:	00001597          	auipc	a1,0x1
80004680:	40c58593          	addi	a1,a1,1036 # 80005a88 <__FUNCTION__.2>
80004684:	00001517          	auipc	a0,0x1
80004688:	2a850513          	addi	a0,a0,680 # 8000592c <__FUNCTION__.9+0x10>
8000468c:	d19fd0ef          	jal	ra,800023a4 <rt_assert_handler>
    RT_ASSERT(rt_object_get_type(&timer->parent) == RT_Object_Class_Timer);
80004690:	00040513          	mv	a0,s0
80004694:	935fe0ef          	jal	ra,80002fc8 <rt_object_get_type>
80004698:	00a00793          	li	a5,10
8000469c:	00f50e63          	beq	a0,a5,800046b8 <rt_timer_stop+0x54>
800046a0:	27900613          	li	a2,633
800046a4:	00001597          	auipc	a1,0x1
800046a8:	3e458593          	addi	a1,a1,996 # 80005a88 <__FUNCTION__.2>
800046ac:	00001517          	auipc	a0,0x1
800046b0:	2c050513          	addi	a0,a0,704 # 8000596c <__FUNCTION__.9+0x50>
800046b4:	cf1fd0ef          	jal	ra,800023a4 <rt_assert_handler>

    spinlock = _timerlock_idx(timer);

    level = rt_spin_lock_irqsave(spinlock);
800046b8:	dfc18513          	addi	a0,gp,-516 # 801005fc <_htimer_lock>
800046bc:	be5fc0ef          	jal	ra,800012a0 <rt_spin_lock_irqsave>

    if (!(timer->parent.flag & RT_TIMER_FLAG_ACTIVATED))
800046c0:	01144783          	lbu	a5,17(s0)
    level = rt_spin_lock_irqsave(spinlock);
800046c4:	00050593          	mv	a1,a0
    if (!(timer->parent.flag & RT_TIMER_FLAG_ACTIVATED))
800046c8:	0017f793          	andi	a5,a5,1
800046cc:	02079063          	bnez	a5,800046ec <rt_timer_stop+0x88>
    {
        rt_spin_unlock_irqrestore(spinlock, level);
800046d0:	dfc18513          	addi	a0,gp,-516 # 801005fc <_htimer_lock>
800046d4:	bf9fc0ef          	jal	ra,800012cc <rt_spin_unlock_irqrestore>
        return -RT_ERROR;
800046d8:	fff00513          	li	a0,-1
    timer->parent.flag &= ~RT_TIMER_FLAG_ACTIVATED;

    rt_spin_unlock_irqrestore(spinlock, level);

    return RT_EOK;
}
800046dc:	01c12083          	lw	ra,28(sp)
800046e0:	01812403          	lw	s0,24(sp)
800046e4:	02010113          	addi	sp,sp,32
800046e8:	00008067          	ret
    RT_OBJECT_HOOK_CALL(rt_object_put_hook, (&(timer->parent)));
800046ec:	cd01a783          	lw	a5,-816(gp) # 801004d0 <rt_object_put_hook>
800046f0:	00078a63          	beqz	a5,80004704 <rt_timer_stop+0xa0>
800046f4:	00a12623          	sw	a0,12(sp)
800046f8:	00040513          	mv	a0,s0
800046fc:	000780e7          	jalr	a5 # 80000000 <__rt_rvstack+0xffec0000>
80004700:	00c12583          	lw	a1,12(sp)
    _timer_remove(timer);
80004704:	00040513          	mv	a0,s0
80004708:	00b12623          	sw	a1,12(sp)
8000470c:	bedff0ef          	jal	ra,800042f8 <_timer_remove>
    timer->parent.flag &= ~RT_TIMER_FLAG_ACTIVATED;
80004710:	01144783          	lbu	a5,17(s0)
    rt_spin_unlock_irqrestore(spinlock, level);
80004714:	00c12583          	lw	a1,12(sp)
80004718:	dfc18513          	addi	a0,gp,-516 # 801005fc <_htimer_lock>
    timer->parent.flag &= ~RT_TIMER_FLAG_ACTIVATED;
8000471c:	ffe7f793          	andi	a5,a5,-2
80004720:	00f408a3          	sb	a5,17(s0)
    rt_spin_unlock_irqrestore(spinlock, level);
80004724:	ba9fc0ef          	jal	ra,800012cc <rt_spin_unlock_irqrestore>
    return RT_EOK;
80004728:	00000513          	li	a0,0
8000472c:	fb1ff06f          	j	800046dc <rt_timer_stop+0x78>

80004730 <rt_timer_control>:
 * @param arg the argument
 *
 * @return the statu of control
 */
rt_err_t rt_timer_control(rt_timer_t timer, int cmd, void *arg)
{
80004730:	fe010113          	addi	sp,sp,-32
80004734:	00812c23          	sw	s0,24(sp)
80004738:	00912a23          	sw	s1,20(sp)
8000473c:	01212823          	sw	s2,16(sp)
80004740:	00112e23          	sw	ra,28(sp)
80004744:	01312623          	sw	s3,12(sp)
80004748:	00050413          	mv	s0,a0
8000474c:	00058913          	mv	s2,a1
80004750:	00060493          	mv	s1,a2
    struct rt_spinlock *spinlock;
    rt_base_t level;

    /* parameter check */
    RT_ASSERT(timer != RT_NULL);
80004754:	00051e63          	bnez	a0,80004770 <rt_timer_control+0x40>
80004758:	29f00613          	li	a2,671
8000475c:	00001597          	auipc	a1,0x1
80004760:	31858593          	addi	a1,a1,792 # 80005a74 <__FUNCTION__.1>
80004764:	00001517          	auipc	a0,0x1
80004768:	1c850513          	addi	a0,a0,456 # 8000592c <__FUNCTION__.9+0x10>
8000476c:	c39fd0ef          	jal	ra,800023a4 <rt_assert_handler>
    RT_ASSERT(rt_object_get_type(&timer->parent) == RT_Object_Class_Timer);
80004770:	00040513          	mv	a0,s0
80004774:	855fe0ef          	jal	ra,80002fc8 <rt_object_get_type>
80004778:	00a00793          	li	a5,10
8000477c:	00f50e63          	beq	a0,a5,80004798 <rt_timer_control+0x68>
80004780:	2a000613          	li	a2,672
80004784:	00001597          	auipc	a1,0x1
80004788:	2f058593          	addi	a1,a1,752 # 80005a74 <__FUNCTION__.1>
8000478c:	00001517          	auipc	a0,0x1
80004790:	1e050513          	addi	a0,a0,480 # 8000596c <__FUNCTION__.9+0x50>
80004794:	c11fd0ef          	jal	ra,800023a4 <rt_assert_handler>

    spinlock = _timerlock_idx(timer);

    level = rt_spin_lock_irqsave(spinlock);
80004798:	dfc18513          	addi	a0,gp,-516 # 801005fc <_htimer_lock>
8000479c:	b05fc0ef          	jal	ra,800012a0 <rt_spin_lock_irqsave>
800047a0:	00900793          	li	a5,9
800047a4:	00050993          	mv	s3,a0
    switch (cmd)
800047a8:	0727ee63          	bltu	a5,s2,80004824 <rt_timer_control+0xf4>
800047ac:	00001717          	auipc	a4,0x1
800047b0:	29070713          	addi	a4,a4,656 # 80005a3c <__FUNCTION__.9+0x120>
800047b4:	00291913          	slli	s2,s2,0x2
800047b8:	00e90933          	add	s2,s2,a4
800047bc:	00092783          	lw	a5,0(s2)
800047c0:	00e787b3          	add	a5,a5,a4
800047c4:	00078067          	jr	a5
    {
    case RT_TIMER_CTRL_GET_TIME:
        *(rt_tick_t *)arg = timer->init_tick;
800047c8:	02c42783          	lw	a5,44(s0)

    case RT_TIMER_CTRL_GET_STATE:
        if(timer->parent.flag & RT_TIMER_FLAG_ACTIVATED)
        {
            /*timer is start and run*/
            *(rt_uint32_t *)arg = RT_TIMER_FLAG_ACTIVATED;
800047cc:	00f4a023          	sw	a5,0(s1)
800047d0:	0540006f          	j	80004824 <rt_timer_control+0xf4>
        RT_ASSERT((*(rt_tick_t *)arg) < RT_TICK_MAX / 2);
800047d4:	0004a703          	lw	a4,0(s1)
800047d8:	800007b7          	lui	a5,0x80000
800047dc:	ffe7c793          	xori	a5,a5,-2
800047e0:	00e7fe63          	bgeu	a5,a4,800047fc <rt_timer_control+0xcc>
800047e4:	2ac00613          	li	a2,684
800047e8:	00001597          	auipc	a1,0x1
800047ec:	28c58593          	addi	a1,a1,652 # 80005a74 <__FUNCTION__.1>
800047f0:	00001517          	auipc	a0,0x1
800047f4:	22450513          	addi	a0,a0,548 # 80005a14 <__FUNCTION__.9+0xf8>
800047f8:	badfd0ef          	jal	ra,800023a4 <rt_assert_handler>
        if (timer->parent.flag & RT_TIMER_FLAG_ACTIVATED)
800047fc:	01144783          	lbu	a5,17(s0)
80004800:	0017f793          	andi	a5,a5,1
80004804:	00078c63          	beqz	a5,8000481c <rt_timer_control+0xec>
            _timer_remove(timer);
80004808:	00040513          	mv	a0,s0
8000480c:	aedff0ef          	jal	ra,800042f8 <_timer_remove>
            timer->parent.flag &= ~RT_TIMER_FLAG_ACTIVATED;
80004810:	01144783          	lbu	a5,17(s0)
80004814:	ffe7f793          	andi	a5,a5,-2
80004818:	00f408a3          	sb	a5,17(s0)
        timer->init_tick = *(rt_tick_t *)arg;
8000481c:	0004a783          	lw	a5,0(s1)
80004820:	02f42623          	sw	a5,44(s0)
        break;

    default:
        break;
    }
    rt_spin_unlock_irqrestore(spinlock, level);
80004824:	00098593          	mv	a1,s3
80004828:	dfc18513          	addi	a0,gp,-516 # 801005fc <_htimer_lock>
8000482c:	aa1fc0ef          	jal	ra,800012cc <rt_spin_unlock_irqrestore>

    return RT_EOK;
}
80004830:	01c12083          	lw	ra,28(sp)
80004834:	01812403          	lw	s0,24(sp)
80004838:	01412483          	lw	s1,20(sp)
8000483c:	01012903          	lw	s2,16(sp)
80004840:	00c12983          	lw	s3,12(sp)
80004844:	00000513          	li	a0,0
80004848:	02010113          	addi	sp,sp,32
8000484c:	00008067          	ret
        timer->parent.flag &= ~RT_TIMER_FLAG_PERIODIC;
80004850:	01144783          	lbu	a5,17(s0)
80004854:	ffd7f793          	andi	a5,a5,-3
        timer->parent.flag |= RT_TIMER_FLAG_PERIODIC;
80004858:	00f408a3          	sb	a5,17(s0)
        break;
8000485c:	fc9ff06f          	j	80004824 <rt_timer_control+0xf4>
        timer->parent.flag |= RT_TIMER_FLAG_PERIODIC;
80004860:	01144783          	lbu	a5,17(s0)
80004864:	0027e793          	ori	a5,a5,2
80004868:	ff1ff06f          	j	80004858 <rt_timer_control+0x128>
        if(timer->parent.flag & RT_TIMER_FLAG_ACTIVATED)
8000486c:	01144783          	lbu	a5,17(s0)
80004870:	0017f793          	andi	a5,a5,1
80004874:	00078663          	beqz	a5,80004880 <rt_timer_control+0x150>
            *(rt_uint32_t *)arg = RT_TIMER_FLAG_ACTIVATED;
80004878:	00100793          	li	a5,1
8000487c:	f51ff06f          	j	800047cc <rt_timer_control+0x9c>
            *(rt_uint32_t *)arg = RT_TIMER_FLAG_DEACTIVATED;
80004880:	0004a023          	sw	zero,0(s1)
80004884:	fa1ff06f          	j	80004824 <rt_timer_control+0xf4>
        *(rt_tick_t *)arg =  timer->timeout_tick;
80004888:	03042783          	lw	a5,48(s0)
8000488c:	f41ff06f          	j	800047cc <rt_timer_control+0x9c>
        *(void **)arg = (void *)timer->timeout_func;
80004890:	02442783          	lw	a5,36(s0)
80004894:	f39ff06f          	j	800047cc <rt_timer_control+0x9c>
        timer->timeout_func = (void (*)(void*))arg;
80004898:	02942223          	sw	s1,36(s0)
        break;
8000489c:	f89ff06f          	j	80004824 <rt_timer_control+0xf4>
        *(void **)arg = timer->parameter;
800048a0:	02842783          	lw	a5,40(s0)
800048a4:	f29ff06f          	j	800047cc <rt_timer_control+0x9c>
        timer->parameter = arg;
800048a8:	02942423          	sw	s1,40(s0)
        break;
800048ac:	f79ff06f          	j	80004824 <rt_timer_control+0xf4>

800048b0 <rt_timer_check>:
 *        the corresponding timeout function will be invoked.
 *
 * @note This function shall be invoked in operating system timer interrupt.
 */
void rt_timer_check(void)
{
800048b0:	fc010113          	addi	sp,sp,-64
800048b4:	02112e23          	sw	ra,60(sp)
800048b8:	02812c23          	sw	s0,56(sp)
800048bc:	02912a23          	sw	s1,52(sp)
800048c0:	03212823          	sw	s2,48(sp)
800048c4:	03312623          	sw	s3,44(sp)
800048c8:	03412423          	sw	s4,40(sp)
800048cc:	03512223          	sw	s5,36(sp)
800048d0:	03612023          	sw	s6,32(sp)
800048d4:	01712e23          	sw	s7,28(sp)
800048d8:	01812c23          	sw	s8,24(sp)
800048dc:	01912a23          	sw	s9,20(sp)
    RT_ASSERT(rt_interrupt_get_nest() > 0);
800048e0:	fccfd0ef          	jal	ra,800020ac <rt_interrupt_get_nest>
800048e4:	00051e63          	bnez	a0,80004900 <rt_timer_check+0x50>
800048e8:	2ee00613          	li	a2,750
800048ec:	00001597          	auipc	a1,0x1
800048f0:	17858593          	addi	a1,a1,376 # 80005a64 <__FUNCTION__.0>
800048f4:	00000517          	auipc	a0,0x0
800048f8:	24450513          	addi	a0,a0,580 # 80004b38 <small_digits.0+0x38>
800048fc:	aa9fd0ef          	jal	ra,800023a4 <rt_assert_handler>
    level = rt_spin_lock_irqsave(lock);
80004900:	dfc18513          	addi	a0,gp,-516 # 801005fc <_htimer_lock>
80004904:	99dfc0ef          	jal	ra,800012a0 <rt_spin_lock_irqsave>
80004908:	00810913          	addi	s2,sp,8
        if ((current_tick - t->timeout_tick) < RT_TICK_MAX / 2)
8000490c:	80000a37          	lui	s4,0x80000
    level = rt_spin_lock_irqsave(lock);
80004910:	00050493          	mv	s1,a0
    return l->next == l;
80004914:	e0418a93          	addi	s5,gp,-508 # 80100604 <_timer_list>
    current_tick = rt_tick_get();
80004918:	f8cfc0ef          	jal	ra,800010a4 <rt_tick_get>
        if ((current_tick - t->timeout_tick) < RT_TICK_MAX / 2)
8000491c:	ffea4a13          	xori	s4,s4,-2
    l->next = l->prev = l;
80004920:	01212623          	sw	s2,12(sp)
80004924:	01212423          	sw	s2,8(sp)
            RT_OBJECT_HOOK_CALL(rt_timer_enter_hook, (t));
80004928:	e1018b93          	addi	s7,gp,-496 # 80100610 <rt_timer_enter_hook>
            rt_spin_unlock_irqrestore(lock, level);
8000492c:	dfc18b13          	addi	s6,gp,-516 # 801005fc <_htimer_lock>
            RT_OBJECT_HOOK_CALL(rt_timer_exit_hook, (t));
80004930:	e1418c13          	addi	s8,gp,-492 # 80100614 <rt_timer_exit_hook>
            if ((t->parent.flag & RT_TIMER_FLAG_PERIODIC) &&
80004934:	00300c93          	li	s9,3
    return l->next == l;
80004938:	000aa403          	lw	s0,0(s5)
    while (!rt_list_isempty(&timer_list[RT_TIMER_SKIP_LIST_LEVEL - 1]))
8000493c:	01540c63          	beq	s0,s5,80004954 <rt_timer_check+0xa4>
        current_tick = rt_tick_get();
80004940:	f64fc0ef          	jal	ra,800010a4 <rt_tick_get>
        if ((current_tick - t->timeout_tick) < RT_TICK_MAX / 2)
80004944:	01442783          	lw	a5,20(s0)
        t = rt_list_entry(timer_list[RT_TIMER_SKIP_LIST_LEVEL - 1].next,
80004948:	fe440993          	addi	s3,s0,-28
        if ((current_tick - t->timeout_tick) < RT_TICK_MAX / 2)
8000494c:	40f50533          	sub	a0,a0,a5
80004950:	04aa7263          	bgeu	s4,a0,80004994 <rt_timer_check+0xe4>
    rt_spin_unlock_irqrestore(lock, level);
80004954:	00048593          	mv	a1,s1
80004958:	dfc18513          	addi	a0,gp,-516 # 801005fc <_htimer_lock>
8000495c:	971fc0ef          	jal	ra,800012cc <rt_spin_unlock_irqrestore>
    }
#endif
#ifndef RT_USING_TIMER_ALL_SOFT
    _timer_check(_timer_list, &_htimer_lock);
#endif
}
80004960:	03c12083          	lw	ra,60(sp)
80004964:	03812403          	lw	s0,56(sp)
80004968:	03412483          	lw	s1,52(sp)
8000496c:	03012903          	lw	s2,48(sp)
80004970:	02c12983          	lw	s3,44(sp)
80004974:	02812a03          	lw	s4,40(sp)
80004978:	02412a83          	lw	s5,36(sp)
8000497c:	02012b03          	lw	s6,32(sp)
80004980:	01c12b83          	lw	s7,28(sp)
80004984:	01812c03          	lw	s8,24(sp)
80004988:	01412c83          	lw	s9,20(sp)
8000498c:	04010113          	addi	sp,sp,64
80004990:	00008067          	ret
            RT_OBJECT_HOOK_CALL(rt_timer_enter_hook, (t));
80004994:	000ba783          	lw	a5,0(s7)
80004998:	00078663          	beqz	a5,800049a4 <rt_timer_check+0xf4>
8000499c:	00098513          	mv	a0,s3
800049a0:	000780e7          	jalr	a5 # 80000000 <__rt_rvstack+0xffec0000>
            _timer_remove(t);
800049a4:	00098513          	mv	a0,s3
800049a8:	951ff0ef          	jal	ra,800042f8 <_timer_remove>
            if (!(t->parent.flag & RT_TIMER_FLAG_PERIODIC))
800049ac:	ff544783          	lbu	a5,-11(s0)
800049b0:	0027f713          	andi	a4,a5,2
800049b4:	00071663          	bnez	a4,800049c0 <rt_timer_check+0x110>
                t->parent.flag &= ~RT_TIMER_FLAG_ACTIVATED;
800049b8:	ffe7f793          	andi	a5,a5,-2
800049bc:	fef40aa3          	sb	a5,-11(s0)
    l->next->prev = n;
800049c0:	00812783          	lw	a5,8(sp)
            rt_spin_unlock_irqrestore(lock, level);
800049c4:	00048593          	mv	a1,s1
800049c8:	000b0513          	mv	a0,s6
800049cc:	0087a223          	sw	s0,4(a5)
    n->next = l->next;
800049d0:	00f42023          	sw	a5,0(s0)
    n->prev = l;
800049d4:	01242223          	sw	s2,4(s0)
    l->next = n;
800049d8:	00812423          	sw	s0,8(sp)
800049dc:	8f1fc0ef          	jal	ra,800012cc <rt_spin_unlock_irqrestore>
            t->timeout_func(t->parameter);
800049e0:	00842783          	lw	a5,8(s0)
800049e4:	00c42503          	lw	a0,12(s0)
800049e8:	000780e7          	jalr	a5
            RT_OBJECT_HOOK_CALL(rt_timer_exit_hook, (t));
800049ec:	000c2783          	lw	a5,0(s8)
800049f0:	00078663          	beqz	a5,800049fc <rt_timer_check+0x14c>
800049f4:	00098513          	mv	a0,s3
800049f8:	000780e7          	jalr	a5
            level = rt_spin_lock_irqsave(lock);
800049fc:	000b0513          	mv	a0,s6
80004a00:	8a1fc0ef          	jal	ra,800012a0 <rt_spin_lock_irqsave>
            if (rt_list_isempty(&list))
80004a04:	00812783          	lw	a5,8(sp)
            level = rt_spin_lock_irqsave(lock);
80004a08:	00050493          	mv	s1,a0
            if (rt_list_isempty(&list))
80004a0c:	f32786e3          	beq	a5,s2,80004938 <rt_timer_check+0x88>
    n->next->prev = n->prev;
80004a10:	00042703          	lw	a4,0(s0)
80004a14:	00442783          	lw	a5,4(s0)
80004a18:	00f72223          	sw	a5,4(a4)
    n->prev->next = n->next;
80004a1c:	00e7a023          	sw	a4,0(a5)
            if ((t->parent.flag & RT_TIMER_FLAG_PERIODIC) &&
80004a20:	ff544783          	lbu	a5,-11(s0)
    n->next = n->prev = n;
80004a24:	00842223          	sw	s0,4(s0)
80004a28:	00842023          	sw	s0,0(s0)
80004a2c:	0037f713          	andi	a4,a5,3
80004a30:	f19714e3          	bne	a4,s9,80004938 <rt_timer_check+0x88>
                t->parent.flag &= ~RT_TIMER_FLAG_ACTIVATED;
80004a34:	ffe7f793          	andi	a5,a5,-2
80004a38:	fef40aa3          	sb	a5,-11(s0)
                _timer_start(timer_list, t);
80004a3c:	00098513          	mv	a0,s3
80004a40:	8d9ff0ef          	jal	ra,80004318 <_timer_start.constprop.0>
80004a44:	ef5ff06f          	j	80004938 <rt_timer_check+0x88>

80004a48 <rt_system_timer_init>:
    l->next = l->prev = l;
80004a48:	e0418793          	addi	a5,gp,-508 # 80100604 <_timer_list>
80004a4c:	00f7a223          	sw	a5,4(a5)
80004a50:	00f7a023          	sw	a5,0(a5)
    for (i = 0; i < sizeof(_timer_list) / sizeof(_timer_list[0]); i++)
    {
        rt_list_init(_timer_list + i);
    }

    rt_spin_lock_init(&_htimer_lock);
80004a54:	dfc18513          	addi	a0,gp,-516 # 801005fc <_htimer_lock>
80004a58:	839fc06f          	j	80001290 <rt_spin_lock_init>

80004a5c <rt_system_timer_thread_init>:
                   10);

    /* startup */
    rt_thread_startup(&_timer_thread);
#endif /* RT_USING_TIMER_SOFT */
}
80004a5c:	00008067          	ret
80004a60:	6e28                	flw	fa0,88(a2)
80004a62:	6c75                	lui	s8,0x1d
80004a64:	296c                	fld	fa1,208(a0)
80004a66:	0000                	unimp
80004a68:	c36c                	sw	a1,68(a4)
80004a6a:	ffff                	0xffff
80004a6c:	c0d4                	sw	a3,4(s1)
80004a6e:	ffff                	0xffff
80004a70:	c0d4                	sw	a3,4(s1)
80004a72:	ffff                	0xffff
80004a74:	c0d4                	sw	a3,4(s1)
80004a76:	ffff                	0xffff
80004a78:	c0d4                	sw	a3,4(s1)
80004a7a:	ffff                	0xffff
80004a7c:	c0d4                	sw	a3,4(s1)
80004a7e:	ffff                	0xffff
80004a80:	c0d4                	sw	a3,4(s1)
80004a82:	ffff                	0xffff
80004a84:	c0d4                	sw	a3,4(s1)
80004a86:	ffff                	0xffff
80004a88:	c0d4                	sw	a3,4(s1)
80004a8a:	ffff                	0xffff
80004a8c:	c0d4                	sw	a3,4(s1)
80004a8e:	ffff                	0xffff
80004a90:	c38c                	sw	a1,0(a5)
80004a92:	ffff                	0xffff
80004a94:	c154                	sw	a3,4(a0)
80004a96:	ffff                	0xffff
80004a98:	c378                	sw	a4,68(a4)
80004a9a:	ffff                	0xffff
80004a9c:	c0c8                	sw	a0,4(s1)
80004a9e:	ffff                	0xffff
80004aa0:	c0c8                	sw	a0,4(s1)
80004aa2:	ffff                	0xffff
80004aa4:	c0c8                	sw	a0,4(s1)
80004aa6:	ffff                	0xffff
80004aa8:	c0d4                	sw	a3,4(s1)
80004aaa:	ffff                	0xffff
80004aac:	c378                	sw	a4,68(a4)
80004aae:	ffff                	0xffff
80004ab0:	c0d4                	sw	a3,4(s1)
80004ab2:	ffff                	0xffff
80004ab4:	c0d4                	sw	a3,4(s1)
80004ab6:	ffff                	0xffff
80004ab8:	c0d4                	sw	a3,4(s1)
80004aba:	ffff                	0xffff
80004abc:	c0d4                	sw	a3,4(s1)
80004abe:	ffff                	0xffff
80004ac0:	c0d4                	sw	a3,4(s1)
80004ac2:	ffff                	0xffff
80004ac4:	c350                	sw	a2,4(a4)
80004ac6:	ffff                	0xffff
80004ac8:	c324                	sw	s1,64(a4)
80004aca:	ffff                	0xffff
80004acc:	c0d4                	sw	a3,4(s1)
80004ace:	ffff                	0xffff
80004ad0:	c0d4                	sw	a3,4(s1)
80004ad2:	ffff                	0xffff
80004ad4:	c238                	sw	a4,64(a2)
80004ad6:	ffff                	0xffff
80004ad8:	c0d4                	sw	a3,4(s1)
80004ada:	ffff                	0xffff
80004adc:	c37c                	sw	a5,68(a4)
80004ade:	ffff                	0xffff
80004ae0:	c0d4                	sw	a3,4(s1)
80004ae2:	ffff                	0xffff
80004ae4:	c0d4                	sw	a3,4(s1)
80004ae6:	ffff                	0xffff
80004ae8:	c370                	sw	a2,68(a4)
80004aea:	ffff                	0xffff

80004aec <large_digits.1>:
80004aec:	3130 3332 3534 3736 3938 4241 4443 4645     0123456789ABCDEF
80004afc:	0000 0000                                   ....

80004b00 <small_digits.0>:
80004b00:	3130 3332 3534 3736 3938 6261 6463 6665     0123456789abcdef
80004b10:	0000 0000 5452 542d 7268 6165 2f64 7573     ....RT-Thread/su
80004b20:	6570 5372 6163 616c 2072 6574 7473 7320     perScalar test s
80004b30:	6174 7472 000a 0000 7472 695f 746e 7265     tart....rt_inter
80004b40:	7572 7470 675f 7465 6e5f 7365 2874 2029     rupt_get_nest() 
80004b50:	203e 0030                                   > 0.

80004b54 <__FUNCTION__.1>:
80004b54:	7472 745f 6369 5f6b 6e69 7263 6165 6573     rt_tick_increase
80004b64:	0000 0000 616d 6e69 0000 0000 6974 2064     ....main....tid 
80004b74:	3d21 5220 5f54 554e 4c4c 0000               != RT_NULL..

80004b80 <__FUNCTION__.0>:
80004b80:	7472 615f 7070 696c 6163 6974 6e6f 695f     rt_application_i
80004b90:	696e 0074 6974 6c64 2565 0064 6573 206d     nit.tidle%d.sem 
80004ba0:	3d21 5220 5f54 554e 4c4c 0000 7472 6f5f     != RT_NULL..rt_o
80004bb0:	6a62 6365 5f74 6567 5f74 7974 6570 2628     bject_get_type(&
80004bc0:	6573 2d6d 703e 7261 6e65 2e74 6170 6572     sem->parent.pare
80004bd0:	746e 2029 3d3d 5220 5f54 624f 656a 7463     nt) == RT_Object
80004be0:	435f 616c 7373 535f 6d65 7061 6f68 6572     _Class_Semaphore
80004bf0:	0000 0000 7546 636e 6974 6e6f 255b 5d73     ....Function[%s]
80004c00:	203a 6373 6568 7564 656c 2072 7369 6e20     : scheduler is n
80004c10:	746f 6120 6176 6c69 6261 656c 000a 0000     ot available....
80004c20:	7546 636e 6974 6e6f 255b 5d73 7320 6168     Function[%s] sha
80004c30:	6c6c 6e20 746f 6220 2065 7375 6465 6220     ll not be used b
80004c40:	6665 726f 2065 6373 6568 7564 656c 2072     efore scheduler 
80004c50:	7473 7261 0a74 0000 7546 636e 6974 6e6f     start...Function
80004c60:	255b 5d73 7320 6168 6c6c 6e20 746f 6220     [%s] shall not b
80004c70:	2065 7375 6465 6920 206e 5349 0a52 0000     e used in ISR...
80004c80:	756d 6574 2078 3d21 5220 5f54 554e 4c4c     mutex != RT_NULL
80004c90:	0000 0000 7472 6f5f 6a62 6365 5f74 6567     ....rt_object_ge
80004ca0:	5f74 7974 6570 2628 756d 6574 2d78 703e     t_type(&mutex->p
80004cb0:	7261 6e65 2e74 6170 6572 746e 2029 3d3d     arent.parent) ==
80004cc0:	5220 5f54 624f 656a 7463 435f 616c 7373      RT_Object_Class
80004cd0:	4d5f 7475 7865 0000 6874 6572 6461 3e2d     _Mutex..thread->
80004ce0:	7265 6f72 2072 3d3d 5220 5f54 4f45 004b     error == RT_EOK.
80004cf0:	6874 6572 6461 2120 203d 5452 4e5f 4c55     thread != RT_NUL
80004d00:	004c 0000 6874 6572 6461 3e2d 6570 646e     L...thread->pend
80004d10:	6e69 5f67 626f 656a 7463 3d20 203d 6d26     ing_object == &m
80004d20:	7475 7865 3e2d 6170 6572 746e 702e 7261     utex->parent.par
80004d30:	6e65 0074 7472 735f 6863 6465 745f 7268     ent.rt_sched_thr
80004d40:	6165 5f64 7369 735f 7375 6570 646e 6465     ead_is_suspended
80004d50:	6e28 7865 5f74 6874 6572 6461 0029 0000     (next_thread)...

80004d60 <__FUNCTION__.23>:
80004d60:	7472 6d5f 7475 7865 725f 6c65 6165 6573     rt_mutex_release
80004d70:	0000 0000                                   ....

80004d74 <__FUNCTION__.24>:
80004d74:	725f 5f74 756d 6574 5f78 6174 656b 0000     _rt_mutex_take..

80004d84 <__FUNCTION__.29>:
80004d84:	7472 6d5f 7475 7865 645f 6f72 5f70 6874     rt_mutex_drop_th
80004d94:	6572 6461 0000 0000                         read....

80004d9c <__FUNCTION__.31>:
80004d9c:	7472 6d5f 7475 7865 695f 696e 0074 0000     rt_mutex_init...

80004dac <__FUNCTION__.39>:
80004dac:	7472 735f 7375 5f70 696c 7473 655f 716e     rt_susp_list_enq
80004dbc:	6575 6575 0000 0000 5b1b 3333 5b6d 2f57     ueue.....[33m[W/
80004dcc:	656b 6e72 6c65 732e 7265 6976 6563 205d     kernel.service] 
80004ddc:	0000 0000 7472 685f 5f77 7375 645f 6c65     ....rt_hw_us_del
80004dec:	7961 2928 6420 656f 6e73 7427 7320 7075     ay() doesn't sup
80004dfc:	6f70 7472 6620 726f 7420 6968 2073 6f62     port for this bo
80004e0c:	7261 2e64 6c50 6165 6573 6320 6e6f 6973     ard.Please consi
80004e1c:	6564 2072 6d69 6c70 6d65 6e65 6974 676e     der implementing
80004e2c:	7220 5f74 7768 755f 5f73 6564 616c 2879      rt_hw_us_delay(
80004e3c:	2029 6e69 6120 6f6e 6874 7265 6620 6c69     ) in another fil
80004e4c:	2e65 0000 5b1b 6d30 000a 0000 7325 6920     e....[0m....%s i
80004e5c:	2073 6f6e 2074 6d69 6c70 6d65 6e65 6574     s not implemente
80004e6c:	0064 0000 200a 205c 207c 0a2f 0000 0000     d.... \ | /.....
80004e7c:	202d 5452 2d20 2020 2020 5420 7268 6165     - RT -     Threa
80004e8c:	2064 614e 6f6e 4f20 6570 6172 6974 676e     d Nano Operating
80004e9c:	5320 7379 6574 0a6d 0000 0000 3332 343a      System.....23:4
80004eac:	3a39 3331 0000 0000 754a 206c 3732 3220     9:13....Jul 27 2
80004ebc:	3230 0036 2f20 7c20 5c20 2020 2020 2520     026. / | \     %
80004ecc:	2e64 6425 252e 2064 7562 6c69 2064 7325     d.%d.%d build %s
80004edc:	2520 0a73 0000 0000 3220 3030 2036 202d      %s..... 2006 - 
80004eec:	3032 3432 4320 706f 7279 6769 7468 6220     2024 Copyright b
80004efc:	2079 5452 542d 7268 6165 2064 6574 6d61     y RT-Thread team
80004f0c:	000a 0000 6c70 6165 6573 7520 6573 203a     ....please use: 
80004f1c:	6461 7264 6c32 6e69 2065 652d 7220 7474     addr2line -e rtt
80004f2c:	7268 6165 2e64 6c65 2066 612d 2d20 0a66     hread.elf -a -f.
80004f3c:	0000 0000 3020 2578 786c 0000 2528 2973     .... 0x%lx..(%s)
80004f4c:	6120 7373 7265 6974 6e6f 6620 6961 656c      assertion faile
80004f5c:	2064 7461 6620 6e75 7463 6f69 3a6e 7325     d at function:%s
80004f6c:	202c 696c 656e 6e20 6d75 6562 3a72 6425     , line number:%d
80004f7c:	0a20 0000 6e65 5f64 6c61 6769 206e 203e      ...end_align > 
80004f8c:	6562 6967 5f6e 6c61 6769 006e 6568 7061     begin_align.heap
80004f9c:	0000 0000 656c 6576 206c 3d3d 5220 5f54     ....level == RT_
80004fac:	4f45 004b                                   EOK.

80004fb0 <__FUNCTION__.0>:
80004fb0:	685f 6165 5f70 6e75 6f6c 6b63 0000 0000     _heap_unlock....

80004fc0 <__FUNCTION__.1>:
80004fc0:	7472 735f 7379 6574 5f6d 6568 7061 695f     rt_system_heap_i
80004fd0:	696e 5f74 6567 656e 6972 0063               nit_generic.

80004fdc <__func__.4>:
80004fdc:	7472 685f 5f77 6162 6b63 7274 6361 5f65     rt_hw_backtrace_
80004fec:	7266 6d61 5f65 6e75 6977 646e 0000 0000     frame_unwind....

80004ffc <__lowest_bit_bitmap>:
80004ffc:	0000 0001 0002 0001 0003 0001 0002 0001     ................
8000500c:	0004 0001 0002 0001 0003 0001 0002 0001     ................
8000501c:	0005 0001 0002 0001 0003 0001 0002 0001     ................
8000502c:	0004 0001 0002 0001 0003 0001 0002 0001     ................
8000503c:	0006 0001 0002 0001 0003 0001 0002 0001     ................
8000504c:	0004 0001 0002 0001 0003 0001 0002 0001     ................
8000505c:	0005 0001 0002 0001 0003 0001 0002 0001     ................
8000506c:	0004 0001 0002 0001 0003 0001 0002 0001     ................
8000507c:	0007 0001 0002 0001 0003 0001 0002 0001     ................
8000508c:	0004 0001 0002 0001 0003 0001 0002 0001     ................
8000509c:	0005 0001 0002 0001 0003 0001 0002 0001     ................
800050ac:	0004 0001 0002 0001 0003 0001 0002 0001     ................
800050bc:	0006 0001 0002 0001 0003 0001 0002 0001     ................
800050cc:	0004 0001 0002 0001 0003 0001 0002 0001     ................
800050dc:	0005 0001 0002 0001 0003 0001 0002 0001     ................
800050ec:	0004 0001 0002 0001 0003 0001 0002 0001     ................
800050fc:	7228 5f74 6975 746e 5f38 2074 292a 656d     (rt_uint8_t *)me
8000510c:	206d 3d3e 6d20 3e2d 6568 7061 705f 7274     m >= m->heap_ptr
8000511c:	0000 0000 7228 5f74 6975 746e 5f38 2074     ....(rt_uint8_t 
8000512c:	292a 656d 206d 203c 7228 5f74 6975 746e     *)mem < (rt_uint
8000513c:	5f38 2074 292a 2d6d 683e 6165 5f70 6e65     8_t *)m->heap_en
8000514c:	0064 0000 6d73 6c61 006c 0000 656d 206d     d...small...mem 
8000515c:	6e69 7469 202c 7265 6f72 2072 6562 6967     init, error begi
8000516c:	206e 6461 7264 7365 2073 7830 7825 202c     n address 0x%x, 
8000517c:	6e61 2064 6e65 2064 6461 7264 7365 2073     and end address 
8000518c:	7830 7825 000a 0000 7472 6f5f 6a62 6365     0x%x....rt_objec
8000519c:	5f74 6567 5f74 7974 6570 2628 2d6d 703e     t_get_type(&m->p
800051ac:	7261 6e65 2974 3d20 203d 5452 4f5f 6a62     arent) == RT_Obj
800051bc:	6365 5f74 6c43 7361 5f73 654d 6f6d 7972     ect_Class_Memory
800051cc:	0000 0000 7472 6f5f 6a62 6365 5f74 7369     ....rt_object_is
800051dc:	735f 7379 6574 6f6d 6a62 6365 2874 6d26     _systemobject(&m
800051ec:	3e2d 6170 6572 746e 0029 0000 7228 5f74     ->parent)...(rt_
800051fc:	6975 746e 7470 5f72 2974 656d 206d 202b     uintptr_t)mem + 
8000520c:	4953 455a 464f 535f 5254 4355 5f54 454d     SIZEOF_STRUCT_ME
8000521c:	204d 202b 6973 657a 3c20 203d 7228 5f74     M + size <= (rt_
8000522c:	6975 746e 7470 5f72 2974 6d73 6c61 5f6c     uintptr_t)small_
8000523c:	656d 2d6d 683e 6165 5f70 6e65 0064 0000     mem->heap_end...
8000524c:	7228 5f74 6975 746e 7470 5f72 2974 2828     (rt_uintptr_t)((
8000525c:	7472 755f 6e69 3874 745f 2a20 6d29 6d65     rt_uint8_t *)mem
8000526c:	2b20 5320 5a49 4f45 5f46 5453 5552 5443      + SIZEOF_STRUCT
8000527c:	4d5f 4d45 2029 2025 5452 415f 494c 4e47     _MEM) % RT_ALIGN
8000528c:	535f 5a49 2045 3d3d 3020 0000 2828 7228     _SIZE == 0..(((r
8000529c:	5f74 6975 746e 7470 5f72 2974 656d 296d     t_uintptr_t)mem)
800052ac:	2620 2820 5452 415f 494c 4e47 535f 5a49      & (RT_ALIGN_SIZ
800052bc:	2045 202d 2931 2029 3d3d 3020 0000 0000     E - 1)) == 0....
800052cc:	2828 7228 5f74 6975 746e 7470 5f72 2974     (((rt_uintptr_t)
800052dc:	6d72 6d65 2029 2026 5228 5f54 4c41 4749     rmem) & (RT_ALIG
800052ec:	5f4e 4953 455a 2d20 3120 2929 3d20 203d     N_SIZE - 1)) == 
800052fc:	0030 0000 6d73 6c61 5f6c 656d 206d 3d21     0...small_mem !=
8000530c:	5220 5f54 554e 4c4c 0000 0000 454d 5f4d      RT_NULL....MEM_
8000531c:	5349 5355 4445 6d28 6d65 0029 7472 6f5f     ISUSED(mem).rt_o
8000532c:	6a62 6365 5f74 6567 5f74 7974 6570 2628     bject_get_type(&
8000533c:	6d73 6c61 5f6c 656d 2d6d 703e 7261 6e65     small_mem->paren
8000534c:	2e74 6170 6572 746e 2029 3d3d 5220 5f54     t.parent) == RT_
8000535c:	624f 656a 7463 435f 616c 7373 4d5f 6d65     Object_Class_Mem
8000536c:	726f 0079 7472 6f5f 6a62 6365 5f74 7369     ory.rt_object_is
8000537c:	735f 7379 6574 6f6d 6a62 6365 2874 7326     _systemobject(&s
8000538c:	616d 6c6c 6d5f 6d65 3e2d 6170 6572 746e     mall_mem->parent
8000539c:	702e 7261 6e65 2974 0000 0000 7228 5f74     .parent)....(rt_
800053ac:	6975 746e 5f38 2074 292a 6d72 6d65 3e20     uint8_t *)rmem >
800053bc:	203d 7228 5f74 6975 746e 5f38 2074 292a     = (rt_uint8_t *)
800053cc:	6d73 6c61 5f6c 656d 2d6d 683e 6165 5f70     small_mem->heap_
800053dc:	7470 2072 2626 2820 7472 755f 6e69 3874     ptr && (rt_uint8
800053ec:	745f 2a20 7229 656d 206d 203c 7228 5f74     _t *)rmem < (rt_
800053fc:	6975 746e 5f38 2074 292a 6d73 6c61 5f6c     uint8_t *)small_
8000540c:	656d 2d6d 683e 6165 5f70 6e65 0064 0000     mem->heap_end...
8000541c:	454d 5f4d 4f50 4c4f 2628 6d73 6c61 5f6c     MEM_POOL(&small_
8000542c:	656d 2d6d 683e 6165 5f70 7470 5b72 656d     mem->heap_ptr[me
8000543c:	2d6d 6e3e 7865 5d74 2029 3d3d 7320 616d     m->next]) == sma
8000544c:	6c6c 6d5f 6d65 0000                         ll_mem..

80005454 <__FUNCTION__.0>:
80005454:	7472 735f 656d 5f6d 7266 6565 0000 0000     rt_smem_free....

80005464 <__FUNCTION__.1>:
80005464:	6c70 6775 685f 6c6f 7365 0000               plug_holes..

80005470 <__FUNCTION__.3>:
80005470:	7472 735f 656d 5f6d 6c61 6f6c 0063 0000     rt_smem_alloc...
80005480:	6e69 6f66 6d72 7461 6f69 206e 3d21 5220     information != R
80005490:	5f54 554e 4c4c 0000 626f 206a 3d21 6f20     T_NULL..obj != o
800054a0:	6a62 6365 0074 0000 5b1b 3133 5b6d 2f45     bject....[31m[E/
800054b0:	656b 6e72 6c65 6f2e 6a62 205d 0000 0000     kernel.obj] ....
800054c0:	624f 656a 7463 6e20 6d61 2065 7325 6520     Object name %s e
800054d0:	6378 6565 7364 5220 5f54 414e 454d 4d5f     xceeds RT_NAME_M
800054e0:	5841 253d 2c64 6320 6e6f 6973 6564 2072     AX=%d, consider 
800054f0:	6e69 7263 6165 6973 676e 5220 5f54 414e     increasing RT_NA
80005500:	454d 4d5f 5841 002e 626f 656a 7463 2120     ME_MAX..object !
80005510:	203d 5452 4e5f 4c55 004c 0000 2821 626f     = RT_NULL...!(ob
80005520:	656a 7463 3e2d 7974 6570 2620 5220 5f54     ject->type & RT_
80005530:	624f 656a 7463 435f 616c 7373 535f 6174     Object_Class_Sta
80005540:	6974 2963 0000 0000                         tic)....

80005548 <__FUNCTION__.2>:
80005548:	7472 6f5f 6a62 6365 5f74 6567 5f74 7974     rt_object_get_ty
80005558:	6570 0000                                   pe..

8000555c <__FUNCTION__.3>:
8000555c:	7472 6f5f 6a62 6365 5f74 7369 735f 7379     rt_object_is_sys
8000556c:	6574 6f6d 6a62 6365 0074 0000               temobject...

80005578 <__FUNCTION__.4>:
80005578:	7472 6f5f 6a62 6365 5f74 6564 656c 6574     rt_object_delete
80005588:	0000 0000                                   ....

8000558c <__FUNCTION__.5>:
8000558c:	7472 6f5f 6a62 6365 5f74 6c61 6f6c 6163     rt_object_alloca
8000559c:	6574 0000                                   te..

800055a0 <__FUNCTION__.6>:
800055a0:	7472 6f5f 6a62 6365 5f74 6564 6174 6863     rt_object_detach
800055b0:	0000 0000                                   ....

800055b4 <__FUNCTION__.7>:
800055b4:	7472 6f5f 6a62 6365 5f74 6e69 7469 0000     rt_object_init..
800055c4:	7270 6f69 6972 7974 3c20 5220 5f54 4854     priority < RT_TH
800055d4:	4552 4441 505f 4952 524f 5449 5f59 414d     READ_PRIORITY_MA
800055e4:	0058 0000 5b1b 3133 5b6d 2f45 656b 6e72     X....[31m[E/kern
800055f4:	6c65 732e 6863 6465 205d 0000 6874 6572     el.sched] ..thre
80005604:	6461 253a 2073 7473 6361 206b 766f 7265     ad:%s stack over
80005614:	6c66 776f 000a 0000 5b1b 3333 5b6d 2f57     flow.....[33m[W/
80005624:	656b 6e72 6c65 732e 6863 6465 205d 0000     kernel.sched] ..
80005634:	6177 6e72 6e69 3a67 2520 2073 7473 6361     warning: %s stac
80005644:	206b 7369 6320 6f6c 6573 7420 206f 6e65     k is close to en
80005654:	2064 666f 7320 6174 6b63 6120 6464 6572     d of stack addre
80005664:	7373 0a2e 0000 0000                         ss......

8000566c <__FUNCTION__.0>:
8000566c:	7472 735f 6863 6465 6c75 7265 735f 6174     rt_scheduler_sta
8000567c:	6b63 635f 6568 6b63 0000 0000               ck_check....

80005688 <__FUNCTION__.1>:
80005688:	725f 5f74 6373 6568 5f64 7075 6164 6574     _rt_sched_update
80005698:	705f 6972 726f 7469 0079 0000               _priority...

800056a4 <__FUNCTION__.0>:
800056a4:	7472 735f 6863 6465 725f 6d65 766f 5f65     rt_sched_remove_
800056b4:	6874 6572 6461 0000                         thread..

800056bc <__FUNCTION__.1>:
800056bc:	7472 735f 6863 6465 695f 736e 7265 5f74     rt_sched_insert_
800056cc:	6874 6572 6461 0000                         thread..

800056d4 <__FUNCTION__.2>:
800056d4:	7472 735f 6863 6465 745f 7268 6165 5f64     rt_sched_thread_
800056e4:	6e69 7469 705f 6972 0076 0000 7472 6f5f     init_priv...rt_o
800056f4:	6a62 6365 5f74 6567 5f74 7974 6570 2828     bject_get_type((
80005704:	7472 6f5f 6a62 6365 5f74 2974 6874 6572     rt_object_t)thre
80005714:	6461 2029 3d3d 5220 5f54 624f 656a 7463     ad) == RT_Object
80005724:	435f 616c 7373 545f 7268 6165 0064 0000     _Class_Thread...
80005734:	7472 735f 6863 6465 745f 7268 6165 5f64     rt_sched_thread_
80005744:	7369 735f 7375 6570 646e 6465 7428 7268     is_suspended(thr
80005754:	6165 2964 0000 0000 7473 6361 5f6b 7473     ead)....stack_st
80005764:	7261 2074 3d21 5220 5f54 554e 4c4c 0000     art != RT_NULL..
80005774:	6974 6b63 2120 203d 0030 0000 6874 6572     tick != 0...thre
80005784:	6461 2120 203d 7472 745f 7268 6165 5f64     ad != rt_thread_
80005794:	6573 666c 2928 7c20 207c 7472 635f 6972     self() || rt_cri
800057a4:	6974 6163 5f6c 656c 6576 286c 0029 0000     tical_level()...
800057b4:	7221 5f74 6874 6572 6461 695f 5f73 6469     !rt_thread_is_id
800057c4:	656c 745f 7268 6165 2864 6874 6572 6461     le_thread(thread
800057d4:	0029 0000 5b1b 3333 5b6d 2f57 656b 6e72     )....[33m[W/kern
800057e4:	6c65 742e 7268 6165 5d64 0020 6874 6572     el.thread] .thre
800057f4:	6461 7320 7375 6570 646e 203a 6874 6572     ad suspend: thre
80005804:	6461 6420 7369 726f 6564 2c72 3020 2578     ad disorder, 0x%
80005814:	3230 0078 6874 6572 6461 3d20 203d 7472     02x.thread == rt
80005824:	745f 7268 6165 5f64 6573 666c 2928 0000     _thread_self()..
80005834:	5228 5f54 4353 4548 5f44 5443 2858 6874     (RT_SCHED_CTX(th
80005844:	6572 6461 2e29 7473 7461 2620 5220 5f54     read).stat & RT_
80005854:	4854 4552 4441 535f 4154 5f54 414d 4b53     THREAD_STAT_MASK
80005864:	2029 3d3d 5220 5f54 4854 4552 4441 495f     ) == RT_THREAD_I
80005874:	494e 0054                                   NIT.

80005878 <__FUNCTION__.0>:
80005878:	7472 745f 7268 6165 5f64 6572 7573 656d     rt_thread_resume
80005888:	0000 0000                                   ....

8000588c <__FUNCTION__.1>:
8000588c:	745f 7268 6165 5f64 6573 5f74 7573 7073     _thread_set_susp
8000589c:	6e65 5f64 7473 7461 0065 0000               end_state...

800058a8 <__FUNCTION__.10>:
800058a8:	7472 745f 7268 6165 5f64 7473 7261 7574     rt_thread_startu
800058b8:	0070 0000                                   p...

800058bc <__FUNCTION__.11>:
800058bc:	745f 7268 6165 5f64 6974 656d 756f 0074     _thread_timeout.

800058cc <__FUNCTION__.12>:
800058cc:	7472 745f 7268 6165 5f64 6e69 7469 0000     rt_thread_init..

800058dc <__FUNCTION__.2>:
800058dc:	7472 745f 7268 6165 5f64 7573 7073 6e65     rt_thread_suspen
800058ec:	5f64 6f74 6c5f 7369 0074 0000               d_to_list...

800058f8 <__FUNCTION__.5>:
800058f8:	745f 7268 6165 5f64 6c73 6565 0070 0000     _thread_sleep...

80005908 <__FUNCTION__.7>:
80005908:	7472 745f 7268 6165 5f64 7263 6165 6574     rt_thread_create
80005918:	0000 0000                                   ....

8000591c <__FUNCTION__.9>:
8000591c:	7472 745f 7268 6165 5f64 6c63 736f 0065     rt_thread_close.
8000592c:	6974 656d 2072 3d21 5220 5f54 554e 4c4c     timer != RT_NULL
8000593c:	0000 0000 6974 656d 756f 2074 3d21 5220     ....timeout != R
8000594c:	5f54 554e 4c4c 0000 6974 656d 3c20 5220     T_NULL..time < R
8000595c:	5f54 4954 4b43 4d5f 5841 2f20 3220 0000     T_TICK_MAX / 2..
8000596c:	7472 6f5f 6a62 6365 5f74 6567 5f74 7974     rt_object_get_ty
8000597c:	6570 2628 6974 656d 2d72 703e 7261 6e65     pe(&timer->paren
8000598c:	2974 3d20 203d 5452 4f5f 6a62 6365 5f74     t) == RT_Object_
8000599c:	6c43 7361 5f73 6954 656d 0072 7472 6f5f     Class_Timer.rt_o
800059ac:	6a62 6365 5f74 7369 735f 7379 6574 6f6d     bject_is_systemo
800059bc:	6a62 6365 2874 7426 6d69 7265 3e2d 6170     bject(&timer->pa
800059cc:	6572 746e 0029 0000 7472 6f5f 6a62 6365     rent)...rt_objec
800059dc:	5f74 6567 5f74 7974 6570 2628 6874 6572     t_get_type(&thre
800059ec:	6461 3e2d 6170 6572 746e 2029 3d3d 5220     ad->parent) == R
800059fc:	5f54 624f 656a 7463 435f 616c 7373 545f     T_Object_Class_T
80005a0c:	7268 6165 0064 0000 2a28 7228 5f74 6974     hread...(*(rt_ti
80005a1c:	6b63 745f 2a20 6129 6772 2029 203c 5452     ck_t *)arg) < RT
80005a2c:	545f 4349 5f4b 414d 2058 202f 0032 0000     _TICK_MAX / 2...
80005a3c:	ed98 ffff ed8c ffff ee14 ffff ee24 ffff     ............$...
80005a4c:	ee30 ffff ee4c ffff ee54 ffff ee5c ffff     0...L...T...\...
80005a5c:	ee64 ffff ee6c ffff                         d...l...

80005a64 <__FUNCTION__.0>:
80005a64:	7472 745f 6d69 7265 635f 6568 6b63 0000     rt_timer_check..

80005a74 <__FUNCTION__.1>:
80005a74:	7472 745f 6d69 7265 635f 6e6f 7274 6c6f     rt_timer_control
80005a84:	0000 0000                                   ....

80005a88 <__FUNCTION__.2>:
80005a88:	7472 745f 6d69 7265 735f 6f74 0070 0000     rt_timer_stop...

80005a98 <__FUNCTION__.4>:
80005a98:	7472 745f 6d69 7265 735f 6174 7472 0000     rt_timer_start..

80005aa8 <__FUNCTION__.7>:
80005aa8:	7472 745f 6d69 7265 645f 7465 6361 0068     rt_timer_detach.

80005ab8 <__FUNCTION__.8>:
80005ab8:	7472 745f 6d69 7265 695f 696e 0074 0000     rt_timer_init...

80005ac8 <__rt_init_rti_start>:
80005ac8:	1168 8000                                   h...

80005acc <__rt_init_rti_board_start>:
80005acc:	1178 8000                                   x...

80005ad0 <__rt_init_rti_board_end>:
80005ad0:	1180 8000                                   ....

80005ad4 <__rt_init_rti_end>:
80005ad4:	1170 8000                                   p...
