
/home/hw/superScalar/data/rtthread-boot/rtthread.elf:     file format elf32-littleriscv


Disassembly of section .text:

80000000 <_start>:
    .globl _start
    .type _start, @function
_start:
    .option push
    .option norelax
    la gp, __global_pointer$
80000000:	00101197          	auipc	gp,0x101
80000004:	80018193          	addi	gp,gp,-2048 # 80100800 <__global_pointer$>
    .option pop
    la sp, __stack_top
80000008:	00140117          	auipc	sp,0x140
8000000c:	ff810113          	addi	sp,sp,-8 # 80140000 <__rt_rvstack>

    la a0, __data_load_start
80000010:	00006517          	auipc	a0,0x6
80000014:	88850513          	addi	a0,a0,-1912 # 80005898 <__rt_init_end>
    la a1, __data_start
80000018:	00100597          	auipc	a1,0x100
8000001c:	fe858593          	addi	a1,a1,-24 # 80100000 <_rt_thread_defunct>
    la a2, __data_end
80000020:	8fc18613          	addi	a2,gp,-1796 # 801000fc <__data_end>
1:  bgeu a1, a2, 2f
80000024:	00c5fc63          	bgeu	a1,a2,8000003c <_start+0x3c>
    lw t0, 0(a0)
80000028:	00052283          	lw	t0,0(a0)
    sw t0, 0(a1)
8000002c:	0055a023          	sw	t0,0(a1)
    addi a0, a0, 4
80000030:	00450513          	addi	a0,a0,4
    addi a1, a1, 4
80000034:	00458593          	addi	a1,a1,4
    j 1b
80000038:	fedff06f          	j	80000024 <_start+0x24>
2:  la a0, __bss_start
8000003c:	90018513          	addi	a0,gp,-1792 # 80100100 <rt_interrupt_from_thread>
    la a1, __bss_end
80000040:	e1818593          	addi	a1,gp,-488 # 80100618 <__bss_end>
3:  bgeu a0, a1, 4f
80000044:	00b57863          	bgeu	a0,a1,80000054 <_start+0x54>
    sw zero, 0(a0)
80000048:	00052023          	sw	zero,0(a0)
    addi a0, a0, 4
8000004c:	00450513          	addi	a0,a0,4
    j 3b
80000050:	ff5ff06f          	j	80000044 <_start+0x44>
4:  la t0, trap_entry
80000054:	00000297          	auipc	t0,0x0
80000058:	37028293          	addi	t0,t0,880 # 800003c4 <trap_entry>
    csrw mtvec, t0
8000005c:	30529073          	csrw	mtvec,t0
    call entry
80000060:	178000ef          	jal	ra,800001d8 <entry>
5:  j 5b
80000064:	0000006f          	j	80000064 <_start+0x64>

80000068 <SW_handler>:
    .align  2
#endif 
    .global SW_handler

SW_handler:
    csrci mstatus, 0x8
80000068:	30047073          	csrci	mstatus,8
    FSTORE  f30, 30 * FREGBYTES(sp)
    FSTORE  f31, 31 * FREGBYTES(sp)
#endif
    /* save all from thread context */
#ifndef __riscv_32e
    addi sp, sp, -32 * REGBYTES
8000006c:	f8010113          	addi	sp,sp,-128
#else
    addi sp, sp, -16 * REGBYTES
#endif
    STORE x5,   5 * REGBYTES(sp)
80000070:	00512a23          	sw	t0,20(sp)
    STORE x1,   1 * REGBYTES(sp)
80000074:	00112223          	sw	ra,4(sp)
    /* Mandatory set the MPIE of mstatus */
    li    t0,   0x80
80000078:	08000293          	li	t0,128
    STORE t0,   2 * REGBYTES(sp)
8000007c:	00512423          	sw	t0,8(sp)
    STORE x4,   4 * REGBYTES(sp)
80000080:	00412823          	sw	tp,16(sp)
    STORE x6,   6 * REGBYTES(sp)
80000084:	00612c23          	sw	t1,24(sp)
    STORE x7,   7 * REGBYTES(sp)
80000088:	00712e23          	sw	t2,28(sp)
    STORE x8,   8 * REGBYTES(sp)
8000008c:	02812023          	sw	s0,32(sp)
    STORE x9,   9 * REGBYTES(sp)
80000090:	02912223          	sw	s1,36(sp)
    STORE x10, 10 * REGBYTES(sp)
80000094:	02a12423          	sw	a0,40(sp)
    STORE x11, 11 * REGBYTES(sp)
80000098:	02b12623          	sw	a1,44(sp)
    STORE x12, 12 * REGBYTES(sp)
8000009c:	02c12823          	sw	a2,48(sp)
    STORE x13, 13 * REGBYTES(sp)
800000a0:	02d12a23          	sw	a3,52(sp)
    STORE x14, 14 * REGBYTES(sp)
800000a4:	02e12c23          	sw	a4,56(sp)
    STORE x15, 15 * REGBYTES(sp)
800000a8:	02f12e23          	sw	a5,60(sp)
#ifndef __riscv_32e
    STORE x16, 16 * REGBYTES(sp)
800000ac:	05012023          	sw	a6,64(sp)
    STORE x17, 17 * REGBYTES(sp)
800000b0:	05112223          	sw	a7,68(sp)
    STORE x18, 18 * REGBYTES(sp)
800000b4:	05212423          	sw	s2,72(sp)
    STORE x19, 19 * REGBYTES(sp)
800000b8:	05312623          	sw	s3,76(sp)
    STORE x20, 20 * REGBYTES(sp)
800000bc:	05412823          	sw	s4,80(sp)
    STORE x21, 21 * REGBYTES(sp)
800000c0:	05512a23          	sw	s5,84(sp)
    STORE x22, 22 * REGBYTES(sp)
800000c4:	05612c23          	sw	s6,88(sp)
    STORE x23, 23 * REGBYTES(sp)
800000c8:	05712e23          	sw	s7,92(sp)
    STORE x24, 24 * REGBYTES(sp)
800000cc:	07812023          	sw	s8,96(sp)
    STORE x25, 25 * REGBYTES(sp)
800000d0:	07912223          	sw	s9,100(sp)
    STORE x26, 26 * REGBYTES(sp)
800000d4:	07a12423          	sw	s10,104(sp)
    STORE x27, 27 * REGBYTES(sp)
800000d8:	07b12623          	sw	s11,108(sp)
    STORE x28, 28 * REGBYTES(sp)
800000dc:	07c12823          	sw	t3,112(sp)
    STORE x29, 29 * REGBYTES(sp)
800000e0:	07d12a23          	sw	t4,116(sp)
    STORE x30, 30 * REGBYTES(sp)
800000e4:	07e12c23          	sw	t5,120(sp)
    STORE x31, 31 * REGBYTES(sp)
800000e8:	07f12e23          	sw	t6,124(sp)
#endif
    /* switch to interrupt stack */
    csrrw sp,mscratch,sp
800000ec:	34011173          	csrrw	sp,mscratch,sp
    /* interrupt handle */
    call  rt_interrupt_enter
800000f0:	6dd010ef          	jal	ra,80001fcc <rt_interrupt_enter>
    /* Do the work after saving the above */
    call  rt_hw_do_after_save_above
800000f4:	2ac000ef          	jal	ra,800003a0 <rt_hw_do_after_save_above>

    call  rt_interrupt_leave
800000f8:	719010ef          	jal	ra,80002010 <rt_interrupt_leave>
    /* switch to from thread stack */
    csrrw sp,mscratch,sp
800000fc:	34011173          	csrrw	sp,mscratch,sp

    /* Check if we are in interrupt nesting, if so, skip task switching */
    la    t0, rt_interrupt_nest
80000100:	bf818293          	addi	t0,gp,-1032 # 801003f8 <rt_interrupt_nest>
    lw    t1, 0(t0)
80000104:	0002a303          	lw	t1,0(t0)
    li    t2, 1
80000108:	00100393          	li	t2,1
    bge   t1, t2, 1f
8000010c:	02735e63          	bge	t1,t2,80000148 <SW_handler+0xe0>

    /* Determine whether to trigger scheduling at the interrupt function */
    la    t0, rt_thread_switch_interrupt_flag
80000110:	90818293          	addi	t0,gp,-1784 # 80100108 <rt_thread_switch_interrupt_flag>
    lw    t2, 0(t0)
80000114:	0002a383          	lw	t2,0(t0)
    beqz  t2, 1f
80000118:	02038863          	beqz	t2,80000148 <SW_handler+0xe0>
    /* clear the flag of rt_thread_switch_interrupt_flag */
    sw    zero, 0(t0)
8000011c:	0002a023          	sw	zero,0(t0)

    csrr  a0, mepc
80000120:	34102573          	csrr	a0,mepc
    STORE a0, 0 * REGBYTES(sp)
80000124:	00a12023          	sw	a0,0(sp)

    la    t0, rt_interrupt_from_thread
80000128:	90018293          	addi	t0,gp,-1792 # 80100100 <rt_interrupt_from_thread>
    LOAD  t1, 0(t0)
8000012c:	0002a303          	lw	t1,0(t0)
    STORE sp, 0(t1)
80000130:	00232023          	sw	sp,0(t1)

    la    t0, rt_interrupt_to_thread
80000134:	90418293          	addi	t0,gp,-1788 # 80100104 <rt_interrupt_to_thread>
    LOAD  t1, 0(t0)
80000138:	0002a303          	lw	t1,0(t0)
    LOAD  sp, 0(t1)
8000013c:	00032103          	lw	sp,0(t1)

    LOAD  a0,  0 * REGBYTES(sp)
80000140:	00012503          	lw	a0,0(sp)
    csrw  mepc, a0
80000144:	34151073          	csrw	mepc,a0

1:
    LOAD  x1,   1 * REGBYTES(sp)
80000148:	00412083          	lw	ra,4(sp)

    /* Set the mode after MRET */
    li    t0, 0x1800
8000014c:	000022b7          	lui	t0,0x2
80000150:	80028293          	addi	t0,t0,-2048 # 1800 <_start-0x7fffe800>
    csrs  mstatus, t0
80000154:	3002a073          	csrs	mstatus,t0
    LOAD  t0,   2 * REGBYTES(sp)
80000158:	00812283          	lw	t0,8(sp)
    csrs  mstatus, t0
8000015c:	3002a073          	csrs	mstatus,t0

    LOAD  x4,   4 * REGBYTES(sp)
80000160:	01012203          	lw	tp,16(sp)
    LOAD  x5,   5 * REGBYTES(sp)
80000164:	01412283          	lw	t0,20(sp)
    LOAD  x6,   6 * REGBYTES(sp)
80000168:	01812303          	lw	t1,24(sp)
    LOAD  x7,   7 * REGBYTES(sp)
8000016c:	01c12383          	lw	t2,28(sp)
    LOAD  x8,   8 * REGBYTES(sp)
80000170:	02012403          	lw	s0,32(sp)
    LOAD  x9,   9 * REGBYTES(sp)
80000174:	02412483          	lw	s1,36(sp)
    LOAD  x10, 10 * REGBYTES(sp)
80000178:	02812503          	lw	a0,40(sp)
    LOAD  x11, 11 * REGBYTES(sp)
8000017c:	02c12583          	lw	a1,44(sp)
    LOAD  x12, 12 * REGBYTES(sp)
80000180:	03012603          	lw	a2,48(sp)
    LOAD  x13, 13 * REGBYTES(sp)
80000184:	03412683          	lw	a3,52(sp)
    LOAD  x14, 14 * REGBYTES(sp)
80000188:	03812703          	lw	a4,56(sp)
    LOAD  x15, 15 * REGBYTES(sp)
8000018c:	03c12783          	lw	a5,60(sp)
#ifndef __riscv_32e
    LOAD  x16, 16 * REGBYTES(sp)
80000190:	04012803          	lw	a6,64(sp)
    LOAD  x17, 17 * REGBYTES(sp)
80000194:	04412883          	lw	a7,68(sp)
    LOAD  x18, 18 * REGBYTES(sp)
80000198:	04812903          	lw	s2,72(sp)
    LOAD  x19, 19 * REGBYTES(sp)
8000019c:	04c12983          	lw	s3,76(sp)
    LOAD  x20, 20 * REGBYTES(sp)
800001a0:	05012a03          	lw	s4,80(sp)
    LOAD  x21, 21 * REGBYTES(sp)
800001a4:	05412a83          	lw	s5,84(sp)
    LOAD  x22, 22 * REGBYTES(sp)
800001a8:	05812b03          	lw	s6,88(sp)
    LOAD  x23, 23 * REGBYTES(sp)
800001ac:	05c12b83          	lw	s7,92(sp)
    LOAD  x24, 24 * REGBYTES(sp)
800001b0:	06012c03          	lw	s8,96(sp)
    LOAD  x25, 25 * REGBYTES(sp)
800001b4:	06412c83          	lw	s9,100(sp)
    LOAD  x26, 26 * REGBYTES(sp)
800001b8:	06812d03          	lw	s10,104(sp)
    LOAD  x27, 27 * REGBYTES(sp)
800001bc:	06c12d83          	lw	s11,108(sp)
    LOAD  x28, 28 * REGBYTES(sp)
800001c0:	07012e03          	lw	t3,112(sp)
    LOAD  x29, 29 * REGBYTES(sp)
800001c4:	07412e83          	lw	t4,116(sp)
    LOAD  x30, 30 * REGBYTES(sp)
800001c8:	07812f03          	lw	t5,120(sp)
    LOAD  x31, 31 * REGBYTES(sp)
800001cc:	07c12f83          	lw	t6,124(sp)

    addi  sp, sp, 32 * REGBYTES
800001d0:	08010113          	addi	sp,sp,128
    FLOAD   f30, 30 * FREGBYTES(sp)
    FLOAD   f31, 31 * FREGBYTES(sp)

    addi    sp, sp, 32 * FREGBYTES
#endif
    mret
800001d4:	30200073          	mret

800001d8 <entry>:
    return 0;
}
#elif defined(__GNUC__)
/* Add -eentry to arm-none-eabi-gcc argument */
int entry(void)
{
800001d8:	ff010113          	addi	sp,sp,-16
800001dc:	00112623          	sw	ra,12(sp)
    rtthread_startup();
800001e0:	00c010ef          	jal	ra,800011ec <rtthread_startup>
    return 0;
}
800001e4:	00c12083          	lw	ra,12(sp)
800001e8:	00000513          	li	a0,0
800001ec:	01010113          	addi	sp,sp,16
800001f0:	00008067          	ret

800001f4 <rt_hw_interrupt_disable>:
/*
 * rt_base_t rt_hw_interrupt_disable(void);
 */
    .globl rt_hw_interrupt_disable
rt_hw_interrupt_disable:
    csrrci a0, mstatus, 8
800001f4:	30047573          	csrrci	a0,mstatus,8
    ret
800001f8:	00008067          	ret

800001fc <rt_hw_interrupt_enable>:
/*
 * void rt_hw_interrupt_enable(rt_base_t level);
 */
    .globl rt_hw_interrupt_enable
rt_hw_interrupt_enable:
    csrw mstatus, a0
800001fc:	30051073          	csrw	mstatus,a0
    ret
80000200:	00008067          	ret

80000204 <rt_hw_context_switch_to>:
 * a0 --> to
 * a1 --> to_thread
 */
    .globl rt_hw_context_switch_to
rt_hw_context_switch_to:
    la t0, __rt_rvstack
80000204:	00140297          	auipc	t0,0x140
80000208:	dfc28293          	addi	t0,t0,-516 # 80140000 <__rt_rvstack>
 * and there is no need to reserve 512 bytes. You only need to switch the interrupt stack at the
 * beginning of the interrupt function 
*/
    addi t0, t0, -512 // for ch32
#endif /* SOC_RISCV_FAMILY_CH32 */
    csrw mscratch,t0
8000020c:	34029073          	csrw	mscratch,t0

    LOAD sp, (a0)
80000210:	00052103          	lw	sp,0(a0)

#ifdef RT_USING_SMP
    mv   a0,   a1
    call  rt_cpus_lock_status_restore
#endif
    LOAD a0,   2 * REGBYTES(sp)
80000214:	00812503          	lw	a0,8(sp)
    csrw mstatus, a0
80000218:	30051073          	csrw	mstatus,a0
    j    rt_hw_context_switch_exit
8000021c:	0a00006f          	j	800002bc <rt_hw_context_switch_exit>

80000220 <rt_hw_context_switch>:
    FSTORE  f30, 30 * FREGBYTES(sp)
    FSTORE  f31, 31 * FREGBYTES(sp)

#endif
#ifndef __riscv_32e
    addi  sp,  sp, -32 * REGBYTES
80000220:	f8010113          	addi	sp,sp,-128
#else
    addi  sp,  sp, -16 * REGBYTES
#endif

    STORE sp,  (a0)
80000224:	00252023          	sw	sp,0(a0)

    STORE x1,   0 * REGBYTES(sp)
80000228:	00112023          	sw	ra,0(sp)
    STORE x1,   1 * REGBYTES(sp)
8000022c:	00112223          	sw	ra,4(sp)

    csrr a0, mstatus
80000230:	30002573          	csrr	a0,mstatus
    andi a0, a0, 8
80000234:	00857513          	andi	a0,a0,8
    beqz a0, save_mpie
80000238:	00050463          	beqz	a0,80000240 <save_mpie>
    li   a0, 0x80
8000023c:	08000513          	li	a0,128

80000240 <save_mpie>:
save_mpie:
    STORE a0,   2 * REGBYTES(sp)
80000240:	00a12423          	sw	a0,8(sp)

    STORE x4,   4 * REGBYTES(sp)
80000244:	00412823          	sw	tp,16(sp)
    STORE x5,   5 * REGBYTES(sp)
80000248:	00512a23          	sw	t0,20(sp)
    STORE x6,   6 * REGBYTES(sp)
8000024c:	00612c23          	sw	t1,24(sp)
    STORE x7,   7 * REGBYTES(sp)
80000250:	00712e23          	sw	t2,28(sp)
    STORE x8,   8 * REGBYTES(sp)
80000254:	02812023          	sw	s0,32(sp)
    STORE x9,   9 * REGBYTES(sp)
80000258:	02912223          	sw	s1,36(sp)
    STORE x10, 10 * REGBYTES(sp)
8000025c:	02a12423          	sw	a0,40(sp)
    STORE x11, 11 * REGBYTES(sp)
80000260:	02b12623          	sw	a1,44(sp)
    STORE x12, 12 * REGBYTES(sp)
80000264:	02c12823          	sw	a2,48(sp)
    STORE x13, 13 * REGBYTES(sp)
80000268:	02d12a23          	sw	a3,52(sp)
    STORE x14, 14 * REGBYTES(sp)
8000026c:	02e12c23          	sw	a4,56(sp)
    STORE x15, 15 * REGBYTES(sp)
80000270:	02f12e23          	sw	a5,60(sp)
#ifndef __riscv_32e
    STORE x16, 16 * REGBYTES(sp)
80000274:	05012023          	sw	a6,64(sp)
    STORE x17, 17 * REGBYTES(sp)
80000278:	05112223          	sw	a7,68(sp)
    STORE x18, 18 * REGBYTES(sp)
8000027c:	05212423          	sw	s2,72(sp)
    STORE x19, 19 * REGBYTES(sp)
80000280:	05312623          	sw	s3,76(sp)
    STORE x20, 20 * REGBYTES(sp)
80000284:	05412823          	sw	s4,80(sp)
    STORE x21, 21 * REGBYTES(sp)
80000288:	05512a23          	sw	s5,84(sp)
    STORE x22, 22 * REGBYTES(sp)
8000028c:	05612c23          	sw	s6,88(sp)
    STORE x23, 23 * REGBYTES(sp)
80000290:	05712e23          	sw	s7,92(sp)
    STORE x24, 24 * REGBYTES(sp)
80000294:	07812023          	sw	s8,96(sp)
    STORE x25, 25 * REGBYTES(sp)
80000298:	07912223          	sw	s9,100(sp)
    STORE x26, 26 * REGBYTES(sp)
8000029c:	07a12423          	sw	s10,104(sp)
    STORE x27, 27 * REGBYTES(sp)
800002a0:	07b12623          	sw	s11,108(sp)
    STORE x28, 28 * REGBYTES(sp)
800002a4:	07c12823          	sw	t3,112(sp)
    STORE x29, 29 * REGBYTES(sp)
800002a8:	07d12a23          	sw	t4,116(sp)
    STORE x30, 30 * REGBYTES(sp)
800002ac:	07e12c23          	sw	t5,120(sp)
    STORE x31, 31 * REGBYTES(sp)
800002b0:	07f12e23          	sw	t6,124(sp)
    /* restore to thread context
     * sp(0) -> epc;
     * sp(1) -> ra;
     * sp(i) -> x(i+2)
     */
    LOAD sp,  (a1)
800002b4:	0005a103          	lw	sp,0(a1)
#ifdef RT_USING_SMP
    mv   a0,   a2
    call  rt_cpus_lock_status_restore
#endif /*RT_USING_SMP*/

    j rt_hw_context_switch_exit
800002b8:	0040006f          	j	800002bc <rt_hw_context_switch_exit>

800002bc <rt_hw_context_switch_exit>:
    call rt_signal_check
    mv sp, a0
#endif
#endif
    /* resw ra to mepc */
    LOAD a0,   0 * REGBYTES(sp)
800002bc:	00012503          	lw	a0,0(sp)
    csrw mepc, a0
800002c0:	34151073          	csrw	mepc,a0

    LOAD x1,   1 * REGBYTES(sp)
800002c4:	00412083          	lw	ra,4(sp)
#ifdef ARCH_RISCV_FPU
    li    t0, 0x7800
#else
    li    t0, 0x1800
800002c8:	000022b7          	lui	t0,0x2
800002cc:	80028293          	addi	t0,t0,-2048 # 1800 <_start-0x7fffe800>
#endif
    csrw  mstatus, t0
800002d0:	30029073          	csrw	mstatus,t0
    LOAD a0,   2 * REGBYTES(sp)
800002d4:	00812503          	lw	a0,8(sp)
    csrs mstatus, a0
800002d8:	30052073          	csrs	mstatus,a0

    LOAD x4,   4 * REGBYTES(sp)
800002dc:	01012203          	lw	tp,16(sp)
    LOAD x5,   5 * REGBYTES(sp)
800002e0:	01412283          	lw	t0,20(sp)
    LOAD x6,   6 * REGBYTES(sp)
800002e4:	01812303          	lw	t1,24(sp)
    LOAD x7,   7 * REGBYTES(sp)
800002e8:	01c12383          	lw	t2,28(sp)
    LOAD x8,   8 * REGBYTES(sp)
800002ec:	02012403          	lw	s0,32(sp)
    LOAD x9,   9 * REGBYTES(sp)
800002f0:	02412483          	lw	s1,36(sp)
    LOAD x10, 10 * REGBYTES(sp)
800002f4:	02812503          	lw	a0,40(sp)
    LOAD x11, 11 * REGBYTES(sp)
800002f8:	02c12583          	lw	a1,44(sp)
    LOAD x12, 12 * REGBYTES(sp)
800002fc:	03012603          	lw	a2,48(sp)
    LOAD x13, 13 * REGBYTES(sp)
80000300:	03412683          	lw	a3,52(sp)
    LOAD x14, 14 * REGBYTES(sp)
80000304:	03812703          	lw	a4,56(sp)
    LOAD x15, 15 * REGBYTES(sp)
80000308:	03c12783          	lw	a5,60(sp)
#ifndef __riscv_32e
    LOAD x16, 16 * REGBYTES(sp)
8000030c:	04012803          	lw	a6,64(sp)
    LOAD x17, 17 * REGBYTES(sp)
80000310:	04412883          	lw	a7,68(sp)
    LOAD x18, 18 * REGBYTES(sp)
80000314:	04812903          	lw	s2,72(sp)
    LOAD x19, 19 * REGBYTES(sp)
80000318:	04c12983          	lw	s3,76(sp)
    LOAD x20, 20 * REGBYTES(sp)
8000031c:	05012a03          	lw	s4,80(sp)
    LOAD x21, 21 * REGBYTES(sp)
80000320:	05412a83          	lw	s5,84(sp)
    LOAD x22, 22 * REGBYTES(sp)
80000324:	05812b03          	lw	s6,88(sp)
    LOAD x23, 23 * REGBYTES(sp)
80000328:	05c12b83          	lw	s7,92(sp)
    LOAD x24, 24 * REGBYTES(sp)
8000032c:	06012c03          	lw	s8,96(sp)
    LOAD x25, 25 * REGBYTES(sp)
80000330:	06412c83          	lw	s9,100(sp)
    LOAD x26, 26 * REGBYTES(sp)
80000334:	06812d03          	lw	s10,104(sp)
    LOAD x27, 27 * REGBYTES(sp)
80000338:	06c12d83          	lw	s11,108(sp)
    LOAD x28, 28 * REGBYTES(sp)
8000033c:	07012e03          	lw	t3,112(sp)
    LOAD x29, 29 * REGBYTES(sp)
80000340:	07412e83          	lw	t4,116(sp)
    LOAD x30, 30 * REGBYTES(sp)
80000344:	07812f03          	lw	t5,120(sp)
    LOAD x31, 31 * REGBYTES(sp)
80000348:	07c12f83          	lw	t6,124(sp)

    addi sp,  sp, 32 * REGBYTES
8000034c:	08010113          	addi	sp,sp,128
    FLOAD   f31, 31 * FREGBYTES(sp)

    addi    sp, sp, 32 * FREGBYTES
#endif

    mret
80000350:	30200073          	mret

80000354 <rt_hw_stack_init>:
{
    struct rt_hw_stack_frame *frame;
    rt_uint8_t         *stk;
    int                i;

    stk  = stack_addr + sizeof(rt_ubase_t);
80000354:	00460613          	addi	a2,a2,4
    stk  = (rt_uint8_t *)RT_ALIGN_DOWN((rt_ubase_t)stk, REGBYTES);
80000358:	ffc67613          	andi	a2,a2,-4
{
8000035c:	00050713          	mv	a4,a0

    frame = (struct rt_hw_stack_frame *)stk;

    for (i = 0; i < sizeof(struct rt_hw_stack_frame) / sizeof(rt_ubase_t); i++)
    {
        ((rt_ubase_t *)frame)[i] = 0xdeadbeef;
80000360:	deadc837          	lui	a6,0xdeadc
    stk -= sizeof(struct rt_hw_stack_frame);
80000364:	f8060513          	addi	a0,a2,-128
    for (i = 0; i < sizeof(struct rt_hw_stack_frame) / sizeof(rt_ubase_t); i++)
80000368:	00050793          	mv	a5,a0
        ((rt_ubase_t *)frame)[i] = 0xdeadbeef;
8000036c:	eef80813          	addi	a6,a6,-273 # deadbeef <__rt_rvstack+0x5e99beef>
    for (i = 0; i < sizeof(struct rt_hw_stack_frame) / sizeof(rt_ubase_t); i++)
80000370:	02f61063          	bne	a2,a5,80000390 <rt_hw_stack_init+0x3c>

    /* force to machine mode(MPP=11) and set MPIE to 1 */
#ifdef ARCH_RISCV_FPU
    frame->mstatus = 0x7880;
#else
    frame->mstatus = 0x1880;
80000374:	000027b7          	lui	a5,0x2
80000378:	88078793          	addi	a5,a5,-1920 # 1880 <_start-0x7fffe780>
    frame->ra      = (rt_ubase_t)texit;
8000037c:	f8d62223          	sw	a3,-124(a2)
    frame->a0      = (rt_ubase_t)parameter;
80000380:	fab62423          	sw	a1,-88(a2)
    frame->epc     = (rt_ubase_t)tentry;
80000384:	f8e62023          	sw	a4,-128(a2)
    frame->mstatus = 0x1880;
80000388:	f8f62423          	sw	a5,-120(a2)
#endif

    return stk;
}
8000038c:	00008067          	ret
        ((rt_ubase_t *)frame)[i] = 0xdeadbeef;
80000390:	0107a023          	sw	a6,0(a5)
    for (i = 0; i < sizeof(struct rt_hw_stack_frame) / sizeof(rt_ubase_t); i++)
80000394:	00478793          	addi	a5,a5,4
80000398:	fd9ff06f          	j	80000370 <rt_hw_stack_init+0x1c>

8000039c <rt_trigger_software_interrupt>:

rt_weak void rt_trigger_software_interrupt(void)
{
    while (0);
}
8000039c:	00008067          	ret

800003a0 <rt_hw_do_after_save_above>:

rt_weak void rt_hw_do_after_save_above(void)
{
    while (1);
800003a0:	0000006f          	j	800003a0 <rt_hw_do_after_save_above>

800003a4 <rt_hw_context_switch_interrupt>:
 * #endif
 */
#ifndef RT_USING_SMP
rt_weak void rt_hw_context_switch_interrupt(rt_ubase_t from, rt_ubase_t to, rt_thread_t from_thread, rt_thread_t to_thread)
{
    if (rt_thread_switch_interrupt_flag == 0)
800003a4:	90818793          	addi	a5,gp,-1784 # 80100108 <rt_thread_switch_interrupt_flag>
800003a8:	0007a703          	lw	a4,0(a5)
800003ac:	00071463          	bnez	a4,800003b4 <rt_hw_context_switch_interrupt+0x10>
        rt_interrupt_from_thread = from;
800003b0:	90a1a023          	sw	a0,-1792(gp) # 80100100 <rt_interrupt_from_thread>

    rt_interrupt_to_thread = to;
800003b4:	90b1a223          	sw	a1,-1788(gp) # 80100104 <rt_interrupt_to_thread>
    rt_thread_switch_interrupt_flag = 1;
800003b8:	00100713          	li	a4,1
800003bc:	00e7a023          	sw	a4,0(a5)

    rt_trigger_software_interrupt();
800003c0:	fddff06f          	j	8000039c <rt_trigger_software_interrupt>

800003c4 <trap_entry>:

#endif

    /* save thread context to thread stack */
#ifndef __riscv_32e
    addi sp, sp, -32 * REGBYTES
800003c4:	f8010113          	addi	sp,sp,-128
#else
    addi sp, sp, -16 * REGBYTES
#endif
    STORE x1,   1 * REGBYTES(sp)
800003c8:	00112223          	sw	ra,4(sp)

    csrr  x1, mstatus
800003cc:	300020f3          	csrr	ra,mstatus
    STORE x1,   2 * REGBYTES(sp)
800003d0:	00112423          	sw	ra,8(sp)

    csrr  x1, mepc
800003d4:	341020f3          	csrr	ra,mepc
    STORE x1, 0 * REGBYTES(sp)
800003d8:	00112023          	sw	ra,0(sp)

    STORE x4,   4 * REGBYTES(sp)
800003dc:	00412823          	sw	tp,16(sp)
    STORE x5,   5 * REGBYTES(sp)
800003e0:	00512a23          	sw	t0,20(sp)
    STORE x6,   6 * REGBYTES(sp)
800003e4:	00612c23          	sw	t1,24(sp)
    STORE x7,   7 * REGBYTES(sp)
800003e8:	00712e23          	sw	t2,28(sp)
    STORE x8,   8 * REGBYTES(sp)
800003ec:	02812023          	sw	s0,32(sp)
    STORE x9,   9 * REGBYTES(sp)
800003f0:	02912223          	sw	s1,36(sp)
    STORE x10, 10 * REGBYTES(sp)
800003f4:	02a12423          	sw	a0,40(sp)
    STORE x11, 11 * REGBYTES(sp)
800003f8:	02b12623          	sw	a1,44(sp)
    STORE x12, 12 * REGBYTES(sp)
800003fc:	02c12823          	sw	a2,48(sp)
    STORE x13, 13 * REGBYTES(sp)
80000400:	02d12a23          	sw	a3,52(sp)
    STORE x14, 14 * REGBYTES(sp)
80000404:	02e12c23          	sw	a4,56(sp)
    STORE x15, 15 * REGBYTES(sp)
80000408:	02f12e23          	sw	a5,60(sp)
#ifndef __riscv_32e
    STORE x16, 16 * REGBYTES(sp)
8000040c:	05012023          	sw	a6,64(sp)
    STORE x17, 17 * REGBYTES(sp)
80000410:	05112223          	sw	a7,68(sp)
    STORE x18, 18 * REGBYTES(sp)
80000414:	05212423          	sw	s2,72(sp)
    STORE x19, 19 * REGBYTES(sp)
80000418:	05312623          	sw	s3,76(sp)
    STORE x20, 20 * REGBYTES(sp)
8000041c:	05412823          	sw	s4,80(sp)
    STORE x21, 21 * REGBYTES(sp)
80000420:	05512a23          	sw	s5,84(sp)
    STORE x22, 22 * REGBYTES(sp)
80000424:	05612c23          	sw	s6,88(sp)
    STORE x23, 23 * REGBYTES(sp)
80000428:	05712e23          	sw	s7,92(sp)
    STORE x24, 24 * REGBYTES(sp)
8000042c:	07812023          	sw	s8,96(sp)
    STORE x25, 25 * REGBYTES(sp)
80000430:	07912223          	sw	s9,100(sp)
    STORE x26, 26 * REGBYTES(sp)
80000434:	07a12423          	sw	s10,104(sp)
    STORE x27, 27 * REGBYTES(sp)
80000438:	07b12623          	sw	s11,108(sp)
    STORE x28, 28 * REGBYTES(sp)
8000043c:	07c12823          	sw	t3,112(sp)
    STORE x29, 29 * REGBYTES(sp)
80000440:	07d12a23          	sw	t4,116(sp)
    STORE x30, 30 * REGBYTES(sp)
80000444:	07e12c23          	sw	t5,120(sp)
    STORE x31, 31 * REGBYTES(sp)
80000448:	07f12e23          	sw	t6,124(sp)
#endif

    /* switch to interrupt stack */
    move  s0, sp
8000044c:	00010413          	mv	s0,sp
    mul   t1, t1, t2
    add   sp, sp, t1 /* sp = (cpuid + 1) * __STACKSIZE__ + __stack_start__ */
#endif

    /* handle interrupt */
    call  rt_interrupt_enter
80000450:	37d010ef          	jal	ra,80001fcc <rt_interrupt_enter>
    csrr  a0, mcause
80000454:	34202573          	csrr	a0,mcause
    csrr  a1, mepc
80000458:	341025f3          	csrr	a1,mepc
    mv    a2, s0
8000045c:	00040613          	mv	a2,s0
    call  handle_trap
80000460:	321000ef          	jal	ra,80000f80 <handle_trap>
    call  rt_interrupt_leave
80000464:	3ad010ef          	jal	ra,80002010 <rt_interrupt_leave>
    tail   rt_hw_context_switch_exit

#else

    /* switch to from_thread stack */
    move  sp, s0
80000468:	00040113          	mv	sp,s0

    /* need to switch new thread */
    la    s0, rt_thread_switch_interrupt_flag
8000046c:	90818413          	addi	s0,gp,-1784 # 80100108 <rt_thread_switch_interrupt_flag>
    lw    s1, 0(s0)
80000470:	00042483          	lw	s1,0(s0)
    beqz  s1, spurious_interrupt
80000474:	02048063          	beqz	s1,80000494 <spurious_interrupt>
    sw    zero, 0(s0)
80000478:	00042023          	sw	zero,0(s0)

    la    s0, rt_interrupt_from_thread
8000047c:	90018413          	addi	s0,gp,-1792 # 80100100 <rt_interrupt_from_thread>
    LOAD  s1, 0(s0)
80000480:	00042483          	lw	s1,0(s0)
    STORE sp, 0(s1)
80000484:	0024a023          	sw	sp,0(s1)

    la    s0, rt_interrupt_to_thread
80000488:	90418413          	addi	s0,gp,-1788 # 80100104 <rt_interrupt_to_thread>
    LOAD  s1, 0(s0)
8000048c:	00042483          	lw	s1,0(s0)
    LOAD  sp, 0(s1)
80000490:	0004a103          	lw	sp,0(s1)

80000494 <spurious_interrupt>:

#endif

spurious_interrupt:
    tail rt_hw_context_switch_exit
80000494:	e29ff06f          	j	800002bc <rt_hw_context_switch_exit>

80000498 <rt_snprintf>:
 * @param  fmt is the format parameters.
 *
 * @return The number of characters actually written to buffer.
 */
int rt_snprintf(char *buf, size_t size, const char *fmt, ...)
{
80000498:	fc010113          	addi	sp,sp,-64
8000049c:	02d12623          	sw	a3,44(sp)
    int n = 0;
    va_list args;

    va_start(args, fmt);
800004a0:	02c10693          	addi	a3,sp,44
{
800004a4:	00112e23          	sw	ra,28(sp)
800004a8:	02e12823          	sw	a4,48(sp)
800004ac:	02f12a23          	sw	a5,52(sp)
800004b0:	03012c23          	sw	a6,56(sp)
800004b4:	03112e23          	sw	a7,60(sp)
    va_start(args, fmt);
800004b8:	00d12623          	sw	a3,12(sp)
    n = rt_vsnprintf(buf, size, fmt, args);
800004bc:	484000ef          	jal	ra,80000940 <rt_vsnprintf>
    va_end(args);

    return n;
}
800004c0:	01c12083          	lw	ra,28(sp)
800004c4:	04010113          	addi	sp,sp,64
800004c8:	00008067          	ret

800004cc <rt_memset>:
    unsigned char d = (unsigned int)c & (unsigned char)(-1);  /* To avoid sign extension, copy C to an
                                unsigned variable. (unsigned)((char)(-1))=0xFF for 8bit and =0xFFFF for 16bit: word independent */

    RT_ASSERT(LBLOCKSIZE == 2 || LBLOCKSIZE == 4 || LBLOCKSIZE == 8);

    if (!TOO_SMALL(count) && !UNALIGNED(s))
800004cc:	00300713          	li	a4,3
    unsigned char d = (unsigned int)c & (unsigned char)(-1);  /* To avoid sign extension, copy C to an
800004d0:	0ff5f593          	andi	a1,a1,255
    char *m = (char *)s;
800004d4:	00050793          	mv	a5,a0
    if (!TOO_SMALL(count) && !UNALIGNED(s))
800004d8:	0ac77c63          	bgeu	a4,a2,80000590 <rt_memset+0xc4>
800004dc:	00357713          	andi	a4,a0,3
800004e0:	0a071863          	bnez	a4,80000590 <rt_memset+0xc4>
{
800004e4:	ff010113          	addi	sp,sp,-16
        /* Store d into each char sized location in buffer so that
         * we can set large blocks quickly.
         */
        for (i = 0; i < LBLOCKSIZE; i++)
        {
            *(((unsigned char *)&buffer)+i) = d;
800004e8:	00b10623          	sb	a1,12(sp)
800004ec:	00b106a3          	sb	a1,13(sp)
800004f0:	00b10723          	sb	a1,14(sp)
800004f4:	00b107a3          	sb	a1,15(sp)
        }

        while (count >= LBLOCKSIZE * 4)
        {
            *aligned_addr++ = buffer;
800004f8:	00c12703          	lw	a4,12(sp)
800004fc:	00c508b3          	add	a7,a0,a2
        while (count >= LBLOCKSIZE * 4)
80000500:	00f00693          	li	a3,15
80000504:	40f88833          	sub	a6,a7,a5
80000508:	0506ec63          	bltu	a3,a6,80000560 <rt_memset+0x94>
8000050c:	00465793          	srli	a5,a2,0x4
80000510:	ff000693          	li	a3,-16
80000514:	02d786b3          	mul	a3,a5,a3
80000518:	00479793          	slli	a5,a5,0x4
8000051c:	00f507b3          	add	a5,a0,a5
            *aligned_addr++ = buffer;
            *aligned_addr++ = buffer;
            count -= 4 * LBLOCKSIZE;
        }

        while (count >= LBLOCKSIZE)
80000520:	00300813          	li	a6,3
80000524:	00c68633          	add	a2,a3,a2
80000528:	00c78333          	add	t1,a5,a2
        while (count >= LBLOCKSIZE * 4)
8000052c:	00078693          	mv	a3,a5
        while (count >= LBLOCKSIZE)
80000530:	40d308b3          	sub	a7,t1,a3
80000534:	05186263          	bltu	a6,a7,80000578 <rt_memset+0xac>
80000538:	00265713          	srli	a4,a2,0x2
8000053c:	ffc00693          	li	a3,-4
80000540:	02d706b3          	mul	a3,a4,a3
80000544:	00271713          	slli	a4,a4,0x2
80000548:	00e787b3          	add	a5,a5,a4
8000054c:	00c68633          	add	a2,a3,a2
80000550:	00c78633          	add	a2,a5,a2

        /* Pick up the remainder with a bytewise loop. */
        m = (char *)aligned_addr;
    }

    while (count--)
80000554:	02f61863          	bne	a2,a5,80000584 <rt_memset+0xb8>

#undef LBLOCKSIZE
#undef UNALIGNED
#undef TOO_SMALL
#endif /* RT_KLIBC_USING_LIBC_MEMSET */
}
80000558:	01010113          	addi	sp,sp,16
8000055c:	00008067          	ret
            *aligned_addr++ = buffer;
80000560:	00e7a023          	sw	a4,0(a5)
            *aligned_addr++ = buffer;
80000564:	00e7a223          	sw	a4,4(a5)
            *aligned_addr++ = buffer;
80000568:	00e7a423          	sw	a4,8(a5)
            *aligned_addr++ = buffer;
8000056c:	00e7a623          	sw	a4,12(a5)
80000570:	01078793          	addi	a5,a5,16
            count -= 4 * LBLOCKSIZE;
80000574:	f91ff06f          	j	80000504 <rt_memset+0x38>
            *aligned_addr++ = buffer;
80000578:	00468693          	addi	a3,a3,4
8000057c:	fee6ae23          	sw	a4,-4(a3)
            count -= LBLOCKSIZE;
80000580:	fb1ff06f          	j	80000530 <rt_memset+0x64>
        *m++ = (char)d;
80000584:	00178793          	addi	a5,a5,1
80000588:	feb78fa3          	sb	a1,-1(a5)
8000058c:	fc9ff06f          	j	80000554 <rt_memset+0x88>
80000590:	00c78633          	add	a2,a5,a2
    while (count--)
80000594:	00f61463          	bne	a2,a5,8000059c <rt_memset+0xd0>
80000598:	00008067          	ret
        *m++ = (char)d;
8000059c:	00178793          	addi	a5,a5,1
800005a0:	feb78fa3          	sb	a1,-1(a5)
800005a4:	ff1ff06f          	j	80000594 <rt_memset+0xc8>

800005a8 <rt_strncpy>:
char *rt_strncpy(char *dst, const char *src, size_t n)
{
#ifdef RT_KLIBC_USING_LIBC_STRNCPY
    return strncpy(dst, src, n);
#else
    if (n != 0)
800005a8:	04060063          	beqz	a2,800005e8 <rt_strncpy+0x40>
    {
        char *d = dst;
800005ac:	00050793          	mv	a5,a0
        const char *s = src;

        do
        {
            if ((*d++ = *s++) == 0)
800005b0:	0005c683          	lbu	a3,0(a1)
800005b4:	00158593          	addi	a1,a1,1
800005b8:	00178793          	addi	a5,a5,1
800005bc:	fed78fa3          	sb	a3,-1(a5)
800005c0:	00060713          	mv	a4,a2
                    *d++ = 0;
                }

                break;
            }
        } while (--n != 0);
800005c4:	fff60613          	addi	a2,a2,-1
            if ((*d++ = *s++) == 0)
800005c8:	00069e63          	bnez	a3,800005e4 <rt_strncpy+0x3c>
800005cc:	00e78733          	add	a4,a5,a4
                while (--n != 0)
800005d0:	00178793          	addi	a5,a5,1
800005d4:	00e79463          	bne	a5,a4,800005dc <rt_strncpy+0x34>
800005d8:	00008067          	ret
                    *d++ = 0;
800005dc:	fe078fa3          	sb	zero,-1(a5)
800005e0:	ff1ff06f          	j	800005d0 <rt_strncpy+0x28>
        } while (--n != 0);
800005e4:	fc0616e3          	bnez	a2,800005b0 <rt_strncpy+0x8>
    }

    return (dst);
#endif /* RT_KLIBC_USING_LIBC_STRNCPY */
}
800005e8:	00008067          	ret

800005ec <rt_strlen>:
{
#ifdef RT_KLIBC_USING_LIBC_STRLEN
    return strlen(s);
#else
    const char *sc = RT_NULL;
    for (sc = s; *sc != '\0'; ++sc);
800005ec:	00050793          	mv	a5,a0
800005f0:	0007c703          	lbu	a4,0(a5)
800005f4:	00071663          	bnez	a4,80000600 <rt_strlen+0x14>
    return sc - s;
#endif /* RT_KLIBC_USING_LIBC_STRLEN */
}
800005f8:	40a78533          	sub	a0,a5,a0
800005fc:	00008067          	ret
    for (sc = s; *sc != '\0'; ++sc);
80000600:	00178793          	addi	a5,a5,1
80000604:	fedff06f          	j	800005f0 <rt_strlen+0x4>

80000608 <print_number>:
                          int   base,
                          int   qualifier,
                          int   s,
                          int   precision,
                          int   type)
{
80000608:	fb010113          	addi	sp,sp,-80
8000060c:	04812423          	sw	s0,72(sp)
80000610:	03312e23          	sw	s3,60(sp)
80000614:	03412c23          	sw	s4,56(sp)
80000618:	00050413          	mv	s0,a0
8000061c:	00058a13          	mv	s4,a1
80000620:	00060993          	mv	s3,a2
    char c = 0, sign = 0;
#ifdef RT_KLIBC_USING_VSNPRINTF_LONGLONG
    char tmp[64] = {0};
#else
    char tmp[32] = {0};
80000624:	00000593          	li	a1,0
80000628:	01c00613          	li	a2,28
8000062c:	00410513          	addi	a0,sp,4
{
80000630:	04912223          	sw	s1,68(sp)
80000634:	05212023          	sw	s2,64(sp)
80000638:	03512a23          	sw	s5,52(sp)
8000063c:	03612823          	sw	s6,48(sp)
80000640:	03712623          	sw	s7,44(sp)
80000644:	00078493          	mv	s1,a5
80000648:	00088913          	mv	s2,a7
8000064c:	04112623          	sw	ra,76(sp)
80000650:	00068a93          	mv	s5,a3
80000654:	00070b93          	mv	s7,a4
80000658:	00080b13          	mv	s6,a6
    char tmp[32] = {0};
8000065c:	00012023          	sw	zero,0(sp)
80000660:	1f9000ef          	jal	ra,80001058 <memset>
    int i = 0;
    int size = 0;

    size = s;

    digits = (type & LARGE) ? large_digits : small_digits;
80000664:	04097793          	andi	a5,s2,64
80000668:	00004517          	auipc	a0,0x4
8000066c:	26850513          	addi	a0,a0,616 # 800048d0 <small_digits.0>
80000670:	00078663          	beqz	a5,8000067c <print_number+0x74>
80000674:	00004517          	auipc	a0,0x4
80000678:	24850513          	addi	a0,a0,584 # 800048bc <large_digits.1>
    if (type & LEFT)
8000067c:	01097893          	andi	a7,s2,16
80000680:	0e088c63          	beqz	a7,80000778 <print_number+0x170>
    {
        type &= ~ZEROPAD;
80000684:	ffe97913          	andi	s2,s2,-2
    }

    c = (type & ZEROPAD) ? '0' : ' ';
80000688:	02000593          	li	a1,32

    /* get sign */
    sign = 0;
    if (type & SIGN)
8000068c:	00297793          	andi	a5,s2,2
    sign = 0;
80000690:	00000693          	li	a3,0
    if (type & SIGN)
80000694:	02078263          	beqz	a5,800006b8 <print_number+0xb0>
    {
        switch (qualifier)
80000698:	06800793          	li	a5,104
8000069c:	0efb9863          	bne	s7,a5,8000078c <print_number+0x184>
        {
        case 'h':
            if ((rt_int16_t)num < 0)
800006a0:	01099793          	slli	a5,s3,0x10
800006a4:	0e07da63          	bgez	a5,80000798 <print_number+0x190>
            {
                sign = '-';
                num = (rt_uint16_t)-num;
800006a8:	413009b3          	neg	s3,s3
800006ac:	01099993          	slli	s3,s3,0x10
800006b0:	0109d993          	srli	s3,s3,0x10
            break;
        case 'L':
        case 'l':
            if ((long)num < 0)
            {
                sign = '-';
800006b4:	02d00693          	li	a3,45
                sign = ' ';
            }
        }
    }

    if (type & SPECIAL)
800006b8:	02097313          	andi	t1,s2,32
800006bc:	00030c63          	beqz	t1,800006d4 <print_number+0xcc>
    {
        if (base == 2 || base == 16)
800006c0:	00200793          	li	a5,2
800006c4:	00fa8663          	beq	s5,a5,800006d0 <print_number+0xc8>
800006c8:	01000793          	li	a5,16
800006cc:	0efa9263          	bne	s5,a5,800007b0 <print_number+0x1a8>
        {
            size -= 2;
800006d0:	ffe48493          	addi	s1,s1,-2
            size--;
        }
    }

    i = 0;
    if (num == 0)
800006d4:	0e099663          	bnez	s3,800007c0 <print_number+0x1b8>
    {
        tmp[i++] = '0';
800006d8:	03000793          	li	a5,48
800006dc:	00f10023          	sb	a5,0(sp)
800006e0:	00100713          	li	a4,1
    {
        while (num != 0)
            tmp[i++] = digits[divide(&num, base)];
    }

    if (i > precision)
800006e4:	00070613          	mv	a2,a4
800006e8:	01675463          	bge	a4,s6,800006f0 <print_number+0xe8>
800006ec:	000b0613          	mv	a2,s6
    {
        precision = i;
    }
    size -= precision;

    if (!(type & (ZEROPAD | LEFT)))
800006f0:	01197793          	andi	a5,s2,17
    size -= precision;
800006f4:	40c48533          	sub	a0,s1,a2
    if (!(type & (ZEROPAD | LEFT)))
800006f8:	02079e63          	bnez	a5,80000734 <print_number+0x12c>
    {
        if ((sign) && (size > 0))
800006fc:	00068663          	beqz	a3,80000708 <print_number+0x100>
80000700:	00a05463          	blez	a0,80000708 <print_number+0x100>
        {
            size--;
80000704:	fff50513          	addi	a0,a0,-1
        tmp[i++] = '0';
80000708:	00040793          	mv	a5,s0
8000070c:	00a40e33          	add	t3,s0,a0

        while (size-- > 0)
        {
            if (buf < end)
            {
                *buf = ' ';
80000710:	02000e93          	li	t4,32
        while (size-- > 0)
80000714:	40fe0833          	sub	a6,t3,a5
80000718:	0d004c63          	bgtz	a6,800007f0 <print_number+0x1e8>
8000071c:	00050813          	mv	a6,a0
80000720:	00055463          	bgez	a0,80000728 <print_number+0x120>
80000724:	00000813          	li	a6,0
80000728:	fff50513          	addi	a0,a0,-1
8000072c:	01040433          	add	s0,s0,a6
80000730:	41050533          	sub	a0,a0,a6

            ++ buf;
        }
    }

    if (sign)
80000734:	00068a63          	beqz	a3,80000748 <print_number+0x140>
    {
        if (buf < end)
80000738:	01447463          	bgeu	s0,s4,80000740 <print_number+0x138>
        {
            *buf = sign;
8000073c:	00d40023          	sb	a3,0(s0)
        }
        -- size;
80000740:	fff50513          	addi	a0,a0,-1
        ++ buf;
80000744:	00140413          	addi	s0,s0,1
    }

    if (type & SPECIAL)
80000748:	0c030863          	beqz	t1,80000818 <print_number+0x210>
    {
        if (base == 2)
8000074c:	00200793          	li	a5,2
80000750:	0afa9863          	bne	s5,a5,80000800 <print_number+0x1f8>
        {
            if (buf < end)
80000754:	01447663          	bgeu	s0,s4,80000760 <print_number+0x158>
                *buf = '0';
80000758:	03000793          	li	a5,48
8000075c:	00f40023          	sb	a5,0(s0)
            ++ buf;
80000760:	00140793          	addi	a5,s0,1
            if (buf < end)
80000764:	0147f663          	bgeu	a5,s4,80000770 <print_number+0x168>
                *buf = 'b';
80000768:	06200793          	li	a5,98
            }

            ++ buf;
            if (buf < end)
            {
                *buf = type & LARGE ? 'X' : 'x';
8000076c:	00f400a3          	sb	a5,1(s0)
            }
            ++ buf;
80000770:	00240413          	addi	s0,s0,2
80000774:	0a40006f          	j	80000818 <print_number+0x210>
    c = (type & ZEROPAD) ? '0' : ' ';
80000778:	00197793          	andi	a5,s2,1
8000077c:	02000593          	li	a1,32
80000780:	f00786e3          	beqz	a5,8000068c <print_number+0x84>
80000784:	03000593          	li	a1,48
80000788:	f05ff06f          	j	8000068c <print_number+0x84>
            if ((long)num < 0)
8000078c:	0009d663          	bgez	s3,80000798 <print_number+0x190>
                num = (unsigned long)-num;
80000790:	413009b3          	neg	s3,s3
80000794:	f21ff06f          	j	800006b4 <print_number+0xac>
            if (type & PLUS)
80000798:	00497793          	andi	a5,s2,4
                sign = '+';
8000079c:	02b00693          	li	a3,43
            if (type & PLUS)
800007a0:	f0079ce3          	bnez	a5,800006b8 <print_number+0xb0>
    sign = 0;
800007a4:	00291693          	slli	a3,s2,0x2
800007a8:	0206f693          	andi	a3,a3,32
800007ac:	f0dff06f          	j	800006b8 <print_number+0xb0>
        else if (base == 8)
800007b0:	00800793          	li	a5,8
800007b4:	f2fa90e3          	bne	s5,a5,800006d4 <print_number+0xcc>
            size--;
800007b8:	fff48493          	addi	s1,s1,-1
800007bc:	f19ff06f          	j	800006d4 <print_number+0xcc>
800007c0:	00010793          	mv	a5,sp
    i = 0;
800007c4:	00000713          	li	a4,0
    res = (int)((*n) % base);
800007c8:	0359f633          	remu	a2,s3,s5
    *n = (long)((*n) / base);
800007cc:	00098813          	mv	a6,s3
            tmp[i++] = digits[divide(&num, base)];
800007d0:	00170713          	addi	a4,a4,1
        while (num != 0)
800007d4:	00178793          	addi	a5,a5,1
            tmp[i++] = digits[divide(&num, base)];
800007d8:	00c50633          	add	a2,a0,a2
800007dc:	00064603          	lbu	a2,0(a2)
    *n = (long)((*n) / base);
800007e0:	0359d9b3          	divu	s3,s3,s5
            tmp[i++] = digits[divide(&num, base)];
800007e4:	fec78fa3          	sb	a2,-1(a5)
        while (num != 0)
800007e8:	ff5870e3          	bgeu	a6,s5,800007c8 <print_number+0x1c0>
800007ec:	ef9ff06f          	j	800006e4 <print_number+0xdc>
            if (buf < end)
800007f0:	0147f463          	bgeu	a5,s4,800007f8 <print_number+0x1f0>
                *buf = ' ';
800007f4:	01d78023          	sb	t4,0(a5)
            ++ buf;
800007f8:	00178793          	addi	a5,a5,1
800007fc:	f19ff06f          	j	80000714 <print_number+0x10c>
        else if (base == 8)
80000800:	00800793          	li	a5,8
80000804:	02fa9463          	bne	s5,a5,8000082c <print_number+0x224>
            if (buf < end)
80000808:	01447663          	bgeu	s0,s4,80000814 <print_number+0x20c>
                *buf = '0';
8000080c:	03000793          	li	a5,48
80000810:	00f40023          	sb	a5,0(s0)
            ++ buf;
80000814:	00140413          	addi	s0,s0,1
        }
    }

    /* no align to the left */
    if (!(type & LEFT))
80000818:	06088a63          	beqz	a7,8000088c <print_number+0x284>
8000081c:	00040793          	mv	a5,s0

            ++ buf;
        }
    }

    while (i < precision--)
80000820:	00c405b3          	add	a1,s0,a2
    {
        if (buf < end)
        {
            *buf = '0';
80000824:	03000813          	li	a6,48
80000828:	07c0006f          	j	800008a4 <print_number+0x29c>
        else if (base == 16)
8000082c:	01000793          	li	a5,16
80000830:	fefa94e3          	bne	s5,a5,80000818 <print_number+0x210>
            if (buf < end)
80000834:	01447663          	bgeu	s0,s4,80000840 <print_number+0x238>
                *buf = '0';
80000838:	03000793          	li	a5,48
8000083c:	00f40023          	sb	a5,0(s0)
            ++ buf;
80000840:	00140793          	addi	a5,s0,1
            if (buf < end)
80000844:	f347f6e3          	bgeu	a5,s4,80000770 <print_number+0x168>
                *buf = type & LARGE ? 'X' : 'x';
80000848:	04097913          	andi	s2,s2,64
8000084c:	07800793          	li	a5,120
80000850:	f0090ee3          	beqz	s2,8000076c <print_number+0x164>
80000854:	05800793          	li	a5,88
80000858:	f15ff06f          	j	8000076c <print_number+0x164>
            if (buf < end)
8000085c:	0147f463          	bgeu	a5,s4,80000864 <print_number+0x25c>
                *buf = c;
80000860:	00b78023          	sb	a1,0(a5)
            ++ buf;
80000864:	00178793          	addi	a5,a5,1
        while (size-- > 0)
80000868:	40f806b3          	sub	a3,a6,a5
8000086c:	fed048e3          	bgtz	a3,8000085c <print_number+0x254>
80000870:	00050693          	mv	a3,a0
80000874:	00055463          	bgez	a0,8000087c <print_number+0x274>
80000878:	00000693          	li	a3,0
8000087c:	fff50513          	addi	a0,a0,-1
80000880:	00d40433          	add	s0,s0,a3
80000884:	40d50533          	sub	a0,a0,a3
80000888:	f95ff06f          	j	8000081c <print_number+0x214>
8000088c:	00040793          	mv	a5,s0
80000890:	00a40833          	add	a6,s0,a0
80000894:	fd5ff06f          	j	80000868 <print_number+0x260>
        if (buf < end)
80000898:	0147f463          	bgeu	a5,s4,800008a0 <print_number+0x298>
            *buf = '0';
8000089c:	01078023          	sb	a6,0(a5)
        }

        ++ buf;
800008a0:	00178793          	addi	a5,a5,1
    while (i < precision--)
800008a4:	40f586b3          	sub	a3,a1,a5
800008a8:	fed748e3          	blt	a4,a3,80000898 <print_number+0x290>
800008ac:	00000793          	li	a5,0
800008b0:	00e64463          	blt	a2,a4,800008b8 <print_number+0x2b0>
800008b4:	40e607b3          	sub	a5,a2,a4
800008b8:	00f40433          	add	s0,s0,a5
    }

    /* put number in the temporary buffer */
    while (i-- > 0 && (precision_bak != 0))
800008bc:	fff00793          	li	a5,-1
800008c0:	fff70713          	addi	a4,a4,-1
800008c4:	00f70463          	beq	a4,a5,800008cc <print_number+0x2c4>
800008c8:	000b1a63          	bnez	s6,800008dc <print_number+0x2d4>
800008cc:	00040793          	mv	a5,s0
800008d0:	00a406b3          	add	a3,s0,a0

    while (size-- > 0)
    {
        if (buf < end)
        {
            *buf = ' ';
800008d4:	02000613          	li	a2,32
800008d8:	0280006f          	j	80000900 <print_number+0x2f8>
        if (buf < end)
800008dc:	01447863          	bgeu	s0,s4,800008ec <print_number+0x2e4>
            *buf = tmp[i];
800008e0:	00e106b3          	add	a3,sp,a4
800008e4:	0006c683          	lbu	a3,0(a3)
800008e8:	00d40023          	sb	a3,0(s0)
        ++ buf;
800008ec:	00140413          	addi	s0,s0,1
800008f0:	fd1ff06f          	j	800008c0 <print_number+0x2b8>
        if (buf < end)
800008f4:	0147f463          	bgeu	a5,s4,800008fc <print_number+0x2f4>
            *buf = ' ';
800008f8:	00c78023          	sb	a2,0(a5)
        }

        ++ buf;
800008fc:	00178793          	addi	a5,a5,1
    while (size-- > 0)
80000900:	40f68733          	sub	a4,a3,a5
80000904:	fee048e3          	bgtz	a4,800008f4 <print_number+0x2ec>
    }

    return buf;
80000908:	00055463          	bgez	a0,80000910 <print_number+0x308>
8000090c:	00000513          	li	a0,0
}
80000910:	04c12083          	lw	ra,76(sp)
80000914:	00a40533          	add	a0,s0,a0
80000918:	04812403          	lw	s0,72(sp)
8000091c:	04412483          	lw	s1,68(sp)
80000920:	04012903          	lw	s2,64(sp)
80000924:	03c12983          	lw	s3,60(sp)
80000928:	03812a03          	lw	s4,56(sp)
8000092c:	03412a83          	lw	s5,52(sp)
80000930:	03012b03          	lw	s6,48(sp)
80000934:	02c12b83          	lw	s7,44(sp)
80000938:	05010113          	addi	sp,sp,80
8000093c:	00008067          	ret

80000940 <rt_vsnprintf>:
 * @param  args is a list of variable parameters.
 *
 * @return The number of characters actually written to buffer.
 */
int rt_vsnprintf(char *buf, size_t size, const char *fmt, va_list args)
{
80000940:	fd010113          	addi	sp,sp,-48
80000944:	01312e23          	sw	s3,28(sp)
80000948:	01412c23          	sw	s4,24(sp)
8000094c:	01612823          	sw	s6,16(sp)
80000950:	01712623          	sw	s7,12(sp)
80000954:	02112623          	sw	ra,44(sp)
80000958:	02812423          	sw	s0,40(sp)
8000095c:	02912223          	sw	s1,36(sp)
80000960:	03212023          	sw	s2,32(sp)
80000964:	01512a23          	sw	s5,20(sp)
80000968:	01812423          	sw	s8,8(sp)
    rt_uint8_t qualifier = 0;       /* 'h', 'l', or 'L' for integer fields */
    rt_int32_t field_width = 0;     /* width of output field */
    int precision = 0;      /* min. # of digits for integers and max for a string */

    str = buf;
    end = buf + size;
8000096c:	00b50bb3          	add	s7,a0,a1
{
80000970:	00050a13          	mv	s4,a0
80000974:	00060993          	mv	s3,a2
80000978:	00068313          	mv	t1,a3
8000097c:	00058b13          	mv	s6,a1

    /* Make sure end is always >= buf */
    if (end < buf)
80000980:	00abf663          	bgeu	s7,a0,8000098c <rt_vsnprintf+0x4c>
    {
        end  = ((char *) - 1);
        size = end - buf;
80000984:	fff54b13          	not	s6,a0
        end  = ((char *) - 1);
80000988:	fff00b93          	li	s7,-1
                num = (rt_int8_t)num;
            }
        }
        else if (qualifier == 'h')
        {
            num = (rt_uint16_t)va_arg(args, rt_int32_t);
8000098c:	00010437          	lui	s0,0x10
        end  = ((char *) - 1);
80000990:	000a0513          	mv	a0,s4
            else if (*fmt == '+') flags |= PLUS;
80000994:	02b00493          	li	s1,43
            else if (*fmt == ' ') flags |= SPACE;
80000998:	02000a93          	li	s5,32
            else if (*fmt == '#') flags |= SPECIAL;
8000099c:	02300913          	li	s2,35
            num = (rt_uint16_t)va_arg(args, rt_int32_t);
800009a0:	fff40413          	addi	s0,s0,-1 # ffff <_start-0x7fff0001>
800009a4:	2a40006f          	j	80000c48 <rt_vsnprintf+0x308>
        if (*fmt != '%')
800009a8:	02500713          	li	a4,37
800009ac:	00e78a63          	beq	a5,a4,800009c0 <rt_vsnprintf+0x80>
            if (str < end)
800009b0:	01757463          	bgeu	a0,s7,800009b8 <rt_vsnprintf+0x78>
                *str = *fmt;
800009b4:	00f50023          	sb	a5,0(a0)
            ++ str;
800009b8:	00150793          	addi	a5,a0,1
            continue;
800009bc:	2840006f          	j	80000c40 <rt_vsnprintf+0x300>
        flags = 0;
800009c0:	00000893          	li	a7,0
            if (*fmt == '-') flags |= LEFT;
800009c4:	02d00793          	li	a5,45
            else if (*fmt == '0') flags |= ZEROPAD;
800009c8:	03000613          	li	a2,48
800009cc:	0100006f          	j	800009dc <rt_vsnprintf+0x9c>
            else if (*fmt == '+') flags |= PLUS;
800009d0:	02971063          	bne	a4,s1,800009f0 <rt_vsnprintf+0xb0>
800009d4:	0048e893          	ori	a7,a7,4
{
800009d8:	00068993          	mv	s3,a3
            if (*fmt == '-') flags |= LEFT;
800009dc:	0019c703          	lbu	a4,1(s3)
            ++fmt;
800009e0:	00198693          	addi	a3,s3,1
            if (*fmt == '-') flags |= LEFT;
800009e4:	fef716e3          	bne	a4,a5,800009d0 <rt_vsnprintf+0x90>
800009e8:	0108e893          	ori	a7,a7,16
800009ec:	fedff06f          	j	800009d8 <rt_vsnprintf+0x98>
            else if (*fmt == ' ') flags |= SPACE;
800009f0:	01571663          	bne	a4,s5,800009fc <rt_vsnprintf+0xbc>
800009f4:	0088e893          	ori	a7,a7,8
800009f8:	fe1ff06f          	j	800009d8 <rt_vsnprintf+0x98>
            else if (*fmt == '#') flags |= SPECIAL;
800009fc:	01271663          	bne	a4,s2,80000a08 <rt_vsnprintf+0xc8>
80000a00:	0208e893          	ori	a7,a7,32
80000a04:	fd5ff06f          	j	800009d8 <rt_vsnprintf+0x98>
            else if (*fmt == '0') flags |= ZEROPAD;
80000a08:	00c71663          	bne	a4,a2,80000a14 <rt_vsnprintf+0xd4>
80000a0c:	0018e893          	ori	a7,a7,1
80000a10:	fc9ff06f          	j	800009d8 <rt_vsnprintf+0x98>
        if (_ISDIGIT(*fmt))
80000a14:	fd070793          	addi	a5,a4,-48
80000a18:	00900613          	li	a2,9
80000a1c:	06f66263          	bltu	a2,a5,80000a80 <rt_vsnprintf+0x140>
    int i = 0;
80000a20:	00000793          	li	a5,0
    while (_ISDIGIT(**s))
80000a24:	00900613          	li	a2,9
        i = i * 10 + *((*s)++) - '0';
80000a28:	00a00813          	li	a6,10
80000a2c:	0140006f          	j	80000a40 <rt_vsnprintf+0x100>
80000a30:	030787b3          	mul	a5,a5,a6
80000a34:	00168693          	addi	a3,a3,1
80000a38:	00e787b3          	add	a5,a5,a4
80000a3c:	fd078793          	addi	a5,a5,-48
    while (_ISDIGIT(**s))
80000a40:	0006c703          	lbu	a4,0(a3)
80000a44:	fd070593          	addi	a1,a4,-48
80000a48:	feb674e3          	bgeu	a2,a1,80000a30 <rt_vsnprintf+0xf0>
        if (*fmt == '.')
80000a4c:	0006c603          	lbu	a2,0(a3)
80000a50:	02e00713          	li	a4,46
        precision = -1;
80000a54:	fff00813          	li	a6,-1
        if (*fmt == '.')
80000a58:	06e61c63          	bne	a2,a4,80000ad0 <rt_vsnprintf+0x190>
            if (_ISDIGIT(*fmt))
80000a5c:	0016c603          	lbu	a2,1(a3)
80000a60:	00900593          	li	a1,9
            ++fmt;
80000a64:	00168713          	addi	a4,a3,1
            if (_ISDIGIT(*fmt))
80000a68:	fd060813          	addi	a6,a2,-48
80000a6c:	0f05ec63          	bltu	a1,a6,80000b64 <rt_vsnprintf+0x224>
    int i = 0;
80000a70:	00000813          	li	a6,0
    while (_ISDIGIT(**s))
80000a74:	00900613          	li	a2,9
        i = i * 10 + *((*s)++) - '0';
80000a78:	00a00e13          	li	t3,10
80000a7c:	03c0006f          	j	80000ab8 <rt_vsnprintf+0x178>
        else if (*fmt == '*')
80000a80:	02a00613          	li	a2,42
        field_width = -1;
80000a84:	fff00793          	li	a5,-1
        else if (*fmt == '*')
80000a88:	fcc712e3          	bne	a4,a2,80000a4c <rt_vsnprintf+0x10c>
            field_width = va_arg(args, int);
80000a8c:	00032783          	lw	a5,0(t1)
            ++fmt;
80000a90:	00298693          	addi	a3,s3,2
            field_width = va_arg(args, int);
80000a94:	00430313          	addi	t1,t1,4
            if (field_width < 0)
80000a98:	fa07dae3          	bgez	a5,80000a4c <rt_vsnprintf+0x10c>
                field_width = -field_width;
80000a9c:	40f007b3          	neg	a5,a5
                flags |= LEFT;
80000aa0:	0108e893          	ori	a7,a7,16
80000aa4:	fa9ff06f          	j	80000a4c <rt_vsnprintf+0x10c>
        i = i * 10 + *((*s)++) - '0';
80000aa8:	03c80833          	mul	a6,a6,t3
80000aac:	00170713          	addi	a4,a4,1
80000ab0:	00d80833          	add	a6,a6,a3
80000ab4:	fd080813          	addi	a6,a6,-48
    while (_ISDIGIT(**s))
80000ab8:	00074683          	lbu	a3,0(a4)
80000abc:	fd068593          	addi	a1,a3,-48
80000ac0:	feb674e3          	bgeu	a2,a1,80000aa8 <rt_vsnprintf+0x168>
            if (precision < 0)
80000ac4:	00085463          	bgez	a6,80000acc <rt_vsnprintf+0x18c>
80000ac8:	00000813          	li	a6,0
80000acc:	00070693          	mv	a3,a4
        if (*fmt == 'h' || *fmt == 'l' ||
80000ad0:	0006c703          	lbu	a4,0(a3)
80000ad4:	06800613          	li	a2,104
80000ad8:	0fb77593          	andi	a1,a4,251
80000adc:	00c58663          	beq	a1,a2,80000ae8 <rt_vsnprintf+0x1a8>
80000ae0:	07a00613          	li	a2,122
80000ae4:	0ac71263          	bne	a4,a2,80000b88 <rt_vsnprintf+0x248>
            if (qualifier == 'h' && *fmt == 'h')
80000ae8:	06800593          	li	a1,104
80000aec:	0016c603          	lbu	a2,1(a3)
            ++fmt;
80000af0:	00168993          	addi	s3,a3,1
            if (qualifier == 'h' && *fmt == 'h')
80000af4:	00b71863          	bne	a4,a1,80000b04 <rt_vsnprintf+0x1c4>
80000af8:	00e61663          	bne	a2,a4,80000b04 <rt_vsnprintf+0x1c4>
                ++fmt;
80000afc:	00268993          	addi	s3,a3,2
                qualifier = 'H';
80000b00:	04800713          	li	a4,72
        switch (*fmt)
80000b04:	0009c683          	lbu	a3,0(s3)
80000b08:	07800613          	li	a2,120
80000b0c:	02d66863          	bltu	a2,a3,80000b3c <rt_vsnprintf+0x1fc>
80000b10:	05700613          	li	a2,87
80000b14:	08d66063          	bltu	a2,a3,80000b94 <rt_vsnprintf+0x254>
80000b18:	02500793          	li	a5,37
80000b1c:	28f68863          	beq	a3,a5,80000dac <rt_vsnprintf+0x46c>
80000b20:	fbb68693          	addi	a3,a3,-69
80000b24:	0ff6f693          	andi	a3,a3,255
80000b28:	00200793          	li	a5,2
80000b2c:	00d7e863          	bltu	a5,a3,80000b3c <rt_vsnprintf+0x1fc>
            va_arg(args, double);
80000b30:	00730313          	addi	t1,t1,7
80000b34:	ff837313          	andi	t1,t1,-8
80000b38:	00830313          	addi	t1,t1,8
            if (str < end)
80000b3c:	01757663          	bgeu	a0,s7,80000b48 <rt_vsnprintf+0x208>
                *str = '%';
80000b40:	02500793          	li	a5,37
80000b44:	00f50023          	sb	a5,0(a0)
            if (*fmt)
80000b48:	0009c703          	lbu	a4,0(s3)
            ++ str;
80000b4c:	00150793          	addi	a5,a0,1
            if (*fmt)
80000b50:	28070e63          	beqz	a4,80000dec <rt_vsnprintf+0x4ac>
                if (str < end)
80000b54:	0177f463          	bgeu	a5,s7,80000b5c <rt_vsnprintf+0x21c>
                    *str = *fmt;
80000b58:	00e500a3          	sb	a4,1(a0)
                ++ str;
80000b5c:	00250793          	addi	a5,a0,2
80000b60:	0e00006f          	j	80000c40 <rt_vsnprintf+0x300>
            else if (*fmt == '*')
80000b64:	02a00593          	li	a1,42
80000b68:	00b61a63          	bne	a2,a1,80000b7c <rt_vsnprintf+0x23c>
                precision = va_arg(args, int);
80000b6c:	00032803          	lw	a6,0(t1)
                ++fmt;
80000b70:	00268713          	addi	a4,a3,2
                precision = va_arg(args, int);
80000b74:	00430313          	addi	t1,t1,4
80000b78:	f4dff06f          	j	80000ac4 <rt_vsnprintf+0x184>
            ++fmt;
80000b7c:	00070693          	mv	a3,a4
                precision = 0;
80000b80:	00000813          	li	a6,0
80000b84:	f4dff06f          	j	80000ad0 <rt_vsnprintf+0x190>
80000b88:	00068993          	mv	s3,a3
        qualifier = 0; /* get the conversion qualifier */
80000b8c:	00000713          	li	a4,0
80000b90:	f75ff06f          	j	80000b04 <rt_vsnprintf+0x1c4>
80000b94:	fa868693          	addi	a3,a3,-88
80000b98:	0ff6f693          	andi	a3,a3,255
80000b9c:	fadae0e3          	bltu	s5,a3,80000b3c <rt_vsnprintf+0x1fc>
80000ba0:	00004617          	auipc	a2,0x4
80000ba4:	c9860613          	addi	a2,a2,-872 # 80004838 <rt_system_timer_thread_init+0xc>
80000ba8:	00269693          	slli	a3,a3,0x2
80000bac:	00c686b3          	add	a3,a3,a2
80000bb0:	0006a683          	lw	a3,0(a3)
80000bb4:	00c686b3          	add	a3,a3,a2
80000bb8:	00068067          	jr	a3
            if (!(flags & LEFT))
80000bbc:	0108f893          	andi	a7,a7,16
80000bc0:	04089463          	bnez	a7,80000c08 <rt_vsnprintf+0x2c8>
80000bc4:	00078693          	mv	a3,a5
80000bc8:	00050713          	mv	a4,a0
80000bcc:	0100006f          	j	80000bdc <rt_vsnprintf+0x29c>
                    if (str < end) *str = ' ';
80000bd0:	01777463          	bgeu	a4,s7,80000bd8 <rt_vsnprintf+0x298>
80000bd4:	01570023          	sb	s5,0(a4)
                    ++ str;
80000bd8:	00170713          	addi	a4,a4,1
                while (--field_width > 0)
80000bdc:	fff68693          	addi	a3,a3,-1
80000be0:	fed048e3          	bgtz	a3,80000bd0 <rt_vsnprintf+0x290>
80000be4:	fff78713          	addi	a4,a5,-1
80000be8:	00000693          	li	a3,0
80000bec:	00f05463          	blez	a5,80000bf4 <rt_vsnprintf+0x2b4>
80000bf0:	00070693          	mv	a3,a4
80000bf4:	00d50533          	add	a0,a0,a3
80000bf8:	00f04463          	bgtz	a5,80000c00 <rt_vsnprintf+0x2c0>
80000bfc:	00100793          	li	a5,1
80000c00:	40f707b3          	sub	a5,a4,a5
80000c04:	00178793          	addi	a5,a5,1
            c = (rt_uint8_t)va_arg(args, int);
80000c08:	00430613          	addi	a2,t1,4
            if (str < end)
80000c0c:	01757663          	bgeu	a0,s7,80000c18 <rt_vsnprintf+0x2d8>
            c = (rt_uint8_t)va_arg(args, int);
80000c10:	00032703          	lw	a4,0(t1)
80000c14:	00e50023          	sb	a4,0(a0)
            ++ str;
80000c18:	00150713          	addi	a4,a0,1
80000c1c:	00070693          	mv	a3,a4
80000c20:	00f50533          	add	a0,a0,a5
            while (--field_width > 0)
80000c24:	40d505b3          	sub	a1,a0,a3
80000c28:	06b04463          	bgtz	a1,80000c90 <rt_vsnprintf+0x350>
80000c2c:	00000513          	li	a0,0
80000c30:	00f05463          	blez	a5,80000c38 <rt_vsnprintf+0x2f8>
80000c34:	fff78513          	addi	a0,a5,-1
80000c38:	00a707b3          	add	a5,a4,a0
            c = (rt_uint8_t)va_arg(args, int);
80000c3c:	00060313          	mv	t1,a2
    for (; *fmt ; ++fmt)
80000c40:	00198993          	addi	s3,s3,1
80000c44:	00078513          	mv	a0,a5
80000c48:	0009c783          	lbu	a5,0(s3)
80000c4c:	d4079ee3          	bnez	a5,800009a8 <rt_vsnprintf+0x68>
            num = (rt_uint32_t)va_arg(args, unsigned long);
        }
        str = print_number(str, end, num, base, qualifier, field_width, precision, flags);
    }

    if (size > 0)
80000c50:	000b0663          	beqz	s6,80000c5c <rt_vsnprintf+0x31c>
    {
        if (str < end)
80000c54:	21757a63          	bgeu	a0,s7,80000e68 <rt_vsnprintf+0x528>
        {
            *str = '\0';
80000c58:	00050023          	sb	zero,0(a0)

    /* the trailing null byte doesn't count towards the total
    * ++str;
    */
    return str - buf;
}
80000c5c:	02c12083          	lw	ra,44(sp)
80000c60:	02812403          	lw	s0,40(sp)
80000c64:	02412483          	lw	s1,36(sp)
80000c68:	02012903          	lw	s2,32(sp)
80000c6c:	01c12983          	lw	s3,28(sp)
80000c70:	01412a83          	lw	s5,20(sp)
80000c74:	01012b03          	lw	s6,16(sp)
80000c78:	00c12b83          	lw	s7,12(sp)
80000c7c:	00812c03          	lw	s8,8(sp)
80000c80:	41450533          	sub	a0,a0,s4
80000c84:	01812a03          	lw	s4,24(sp)
80000c88:	03010113          	addi	sp,sp,48
80000c8c:	00008067          	ret
                if (str < end) *str = ' ';
80000c90:	0176f463          	bgeu	a3,s7,80000c98 <rt_vsnprintf+0x358>
80000c94:	01568023          	sb	s5,0(a3)
                ++ str;
80000c98:	00168693          	addi	a3,a3,1
80000c9c:	f89ff06f          	j	80000c24 <rt_vsnprintf+0x2e4>
            s = va_arg(args, char *);
80000ca0:	00032603          	lw	a2,0(t1)
80000ca4:	00430e13          	addi	t3,t1,4
            if (!s)
80000ca8:	00061663          	bnez	a2,80000cb4 <rt_vsnprintf+0x374>
                s = "(null)";
80000cac:	00004617          	auipc	a2,0x4
80000cb0:	b8460613          	addi	a2,a2,-1148 # 80004830 <rt_system_timer_thread_init+0x4>
            for (len = 0; (len != field_width) && (s[len] != '\0'); len++);
80000cb4:	00000693          	li	a3,0
80000cb8:	00f68863          	beq	a3,a5,80000cc8 <rt_vsnprintf+0x388>
80000cbc:	00d60733          	add	a4,a2,a3
80000cc0:	00074703          	lbu	a4,0(a4)
80000cc4:	02071263          	bnez	a4,80000ce8 <rt_vsnprintf+0x3a8>
            if (precision > 0 && len > precision)
80000cc8:	01005663          	blez	a6,80000cd4 <rt_vsnprintf+0x394>
80000ccc:	00d85463          	bge	a6,a3,80000cd4 <rt_vsnprintf+0x394>
80000cd0:	00080693          	mv	a3,a6
            if (!(flags & LEFT))
80000cd4:	0108f893          	andi	a7,a7,16
80000cd8:	04089a63          	bnez	a7,80000d2c <rt_vsnprintf+0x3ec>
80000cdc:	00050713          	mv	a4,a0
                while (len < field_width--)
80000ce0:	00f50833          	add	a6,a0,a5
80000ce4:	0180006f          	j	80000cfc <rt_vsnprintf+0x3bc>
            for (len = 0; (len != field_width) && (s[len] != '\0'); len++);
80000ce8:	00168693          	addi	a3,a3,1
80000cec:	fcdff06f          	j	80000cb8 <rt_vsnprintf+0x378>
                    if (str < end) *str = ' ';
80000cf0:	01777463          	bgeu	a4,s7,80000cf8 <rt_vsnprintf+0x3b8>
80000cf4:	01570023          	sb	s5,0(a4)
                    ++ str;
80000cf8:	00170713          	addi	a4,a4,1
                while (len < field_width--)
80000cfc:	40e805b3          	sub	a1,a6,a4
80000d00:	feb6c8e3          	blt	a3,a1,80000cf0 <rt_vsnprintf+0x3b0>
80000d04:	40d785b3          	sub	a1,a5,a3
80000d08:	00000713          	li	a4,0
80000d0c:	00d7c463          	blt	a5,a3,80000d14 <rt_vsnprintf+0x3d4>
80000d10:	00058713          	mv	a4,a1
80000d14:	00e50533          	add	a0,a0,a4
80000d18:	fff78813          	addi	a6,a5,-1
80000d1c:	00000713          	li	a4,0
80000d20:	00d7c463          	blt	a5,a3,80000d28 <rt_vsnprintf+0x3e8>
80000d24:	40b00733          	neg	a4,a1
80000d28:	00e807b3          	add	a5,a6,a4
            for (i = 0; i < len; ++i)
80000d2c:	00000713          	li	a4,0
80000d30:	02d71863          	bne	a4,a3,80000d60 <rt_vsnprintf+0x420>
80000d34:	00d50733          	add	a4,a0,a3
80000d38:	00070613          	mv	a2,a4
            while (len < field_width--)
80000d3c:	00f70533          	add	a0,a4,a5
80000d40:	40c505b3          	sub	a1,a0,a2
80000d44:	02b6cc63          	blt	a3,a1,80000d7c <rt_vsnprintf+0x43c>
80000d48:	00000513          	li	a0,0
80000d4c:	00d7c463          	blt	a5,a3,80000d54 <rt_vsnprintf+0x414>
80000d50:	40d78533          	sub	a0,a5,a3
80000d54:	00a707b3          	add	a5,a4,a0
            s = va_arg(args, char *);
80000d58:	000e0313          	mv	t1,t3
80000d5c:	ee5ff06f          	j	80000c40 <rt_vsnprintf+0x300>
                if (str < end) *str = *s;
80000d60:	00e505b3          	add	a1,a0,a4
80000d64:	0175f863          	bgeu	a1,s7,80000d74 <rt_vsnprintf+0x434>
80000d68:	00e60833          	add	a6,a2,a4
80000d6c:	00084803          	lbu	a6,0(a6)
80000d70:	01058023          	sb	a6,0(a1)
            for (i = 0; i < len; ++i)
80000d74:	00170713          	addi	a4,a4,1
80000d78:	fb9ff06f          	j	80000d30 <rt_vsnprintf+0x3f0>
                if (str < end) *str = ' ';
80000d7c:	01767463          	bgeu	a2,s7,80000d84 <rt_vsnprintf+0x444>
80000d80:	01560023          	sb	s5,0(a2)
                ++ str;
80000d84:	00160613          	addi	a2,a2,1
80000d88:	fb9ff06f          	j	80000d40 <rt_vsnprintf+0x400>
            if (field_width == -1)
80000d8c:	fff00693          	li	a3,-1
80000d90:	00d79663          	bne	a5,a3,80000d9c <rt_vsnprintf+0x45c>
                flags |= ZEROPAD;
80000d94:	0218e893          	ori	a7,a7,33
                field_width += 2; /* `0x` prefix */
80000d98:	00a00793          	li	a5,10
            str = print_number(str, end, (unsigned long)va_arg(args, void *),
80000d9c:	00430c13          	addi	s8,t1,4
80000da0:	01000693          	li	a3,16
            num = va_arg(args, size_t);
80000da4:	00032603          	lw	a2,0(t1)
80000da8:	0780006f          	j	80000e20 <rt_vsnprintf+0x4e0>
            if (str < end)
80000dac:	c17576e3          	bgeu	a0,s7,800009b8 <rt_vsnprintf+0x78>
                *str = '%';
80000db0:	00d50023          	sb	a3,0(a0)
80000db4:	c05ff06f          	j	800009b8 <rt_vsnprintf+0x78>
            base = 8;
80000db8:	00800693          	li	a3,8
        if (qualifier == 'L')
80000dbc:	04c00613          	li	a2,76
80000dc0:	02c71e63          	bne	a4,a2,80000dfc <rt_vsnprintf+0x4bc>
            num = va_arg(args, unsigned long long);
80000dc4:	00730313          	addi	t1,t1,7
80000dc8:	ff837313          	andi	t1,t1,-8
80000dcc:	00830c13          	addi	s8,t1,8
80000dd0:	fd5ff06f          	j	80000da4 <rt_vsnprintf+0x464>
            flags |= LARGE;
80000dd4:	0408e893          	ori	a7,a7,64
            base = 16;
80000dd8:	01000693          	li	a3,16
80000ddc:	fe1ff06f          	j	80000dbc <rt_vsnprintf+0x47c>
            flags |= SIGN;
80000de0:	0028e893          	ori	a7,a7,2
        base = 10;
80000de4:	00a00693          	li	a3,10
80000de8:	fd5ff06f          	j	80000dbc <rt_vsnprintf+0x47c>
                -- fmt;
80000dec:	fff98993          	addi	s3,s3,-1
80000df0:	e51ff06f          	j	80000c40 <rt_vsnprintf+0x300>
            base = 2;
80000df4:	00200693          	li	a3,2
80000df8:	fc5ff06f          	j	80000dbc <rt_vsnprintf+0x47c>
        else if (qualifier == 'l')
80000dfc:	06c00613          	li	a2,108
            c = (rt_uint8_t)va_arg(args, int);
80000e00:	00430c13          	addi	s8,t1,4
        else if (qualifier == 'l')
80000e04:	fac700e3          	beq	a4,a2,80000da4 <rt_vsnprintf+0x464>
        else if (qualifier == 'H')
80000e08:	04800613          	li	a2,72
80000e0c:	02c71a63          	bne	a4,a2,80000e40 <rt_vsnprintf+0x500>
            if (flags & SIGN)
80000e10:	0028f593          	andi	a1,a7,2
            num = (rt_uint8_t)va_arg(args, rt_int32_t);
80000e14:	00032603          	lw	a2,0(t1)
            if (flags & SIGN)
80000e18:	00059e63          	bnez	a1,80000e34 <rt_vsnprintf+0x4f4>
            num = (rt_uint8_t)va_arg(args, rt_int32_t);
80000e1c:	0ff67613          	andi	a2,a2,255
        str = print_number(str, end, num, base, qualifier, field_width, precision, flags);
80000e20:	000b8593          	mv	a1,s7
80000e24:	fe4ff0ef          	jal	ra,80000608 <print_number>
80000e28:	00050793          	mv	a5,a0
80000e2c:	000c0313          	mv	t1,s8
80000e30:	e11ff06f          	j	80000c40 <rt_vsnprintf+0x300>
                num = (rt_int8_t)num;
80000e34:	01861613          	slli	a2,a2,0x18
80000e38:	41865613          	srai	a2,a2,0x18
80000e3c:	fe5ff06f          	j	80000e20 <rt_vsnprintf+0x4e0>
        else if (qualifier == 'h')
80000e40:	06800613          	li	a2,104
80000e44:	f6c710e3          	bne	a4,a2,80000da4 <rt_vsnprintf+0x464>
            if (flags & SIGN)
80000e48:	0028f593          	andi	a1,a7,2
            num = (rt_uint16_t)va_arg(args, rt_int32_t);
80000e4c:	00032603          	lw	a2,0(t1)
            if (flags & SIGN)
80000e50:	00059663          	bnez	a1,80000e5c <rt_vsnprintf+0x51c>
            num = (rt_uint16_t)va_arg(args, rt_int32_t);
80000e54:	00867633          	and	a2,a2,s0
80000e58:	fc9ff06f          	j	80000e20 <rt_vsnprintf+0x4e0>
                num = (rt_int16_t)num;
80000e5c:	01061613          	slli	a2,a2,0x10
80000e60:	41065613          	srai	a2,a2,0x10
80000e64:	fbdff06f          	j	80000e20 <rt_vsnprintf+0x4e0>
            end[-1] = '\0';
80000e68:	fe0b8fa3          	sb	zero,-1(s7)
80000e6c:	df1ff06f          	j	80000c5c <rt_vsnprintf+0x31c>

80000e70 <main>:
    rt_thread_t thread = rt_thread_create(name, entry, RT_NULL, 1024, 12, 2);
    if (thread == RT_NULL || rt_thread_startup(thread) != RT_EOK) bsp_test_fail(2);
}

int main(void)
{
80000e70:	ff010113          	addi	sp,sp,-16
    rt_kprintf("RT-Thread/superScalar test start\n");
80000e74:	00004517          	auipc	a0,0x4
80000e78:	a7050513          	addi	a0,a0,-1424 # 800048e4 <small_digits.0+0x14>
{
80000e7c:	00112623          	sw	ra,12(sp)
    rt_kprintf("RT-Thread/superScalar test start\n");
80000e80:	244010ef          	jal	ra,800020c4 <rt_kprintf>
#if defined(RTT_TEST_STARTUP)
    if (initialized_data != 0x13579bdf || zeroed_bss != 0) bsp_test_fail(1);
    bsp_test_pass(1);
#elif defined(RTT_TEST_BOOT)
    bsp_test_pass(2);
80000e84:	00200513          	li	a0,2
80000e88:	0b8000ef          	jal	ra,80000f40 <bsp_test_pass>
    rt_thread_mdelay(60);
    if (worker_a_count == 0 || worker_b_count == 0) bsp_test_fail(6);
    bsp_test_pass(5);
#endif
    return 0;
}
80000e8c:	00c12083          	lw	ra,12(sp)
80000e90:	00000513          	li	a0,0
80000e94:	01010113          	addi	sp,sp,16
80000e98:	00008067          	ret

80000e9c <mtime_read>:
static uint64_t mtime_read(void)
{
    volatile uint32_t *lo = (volatile uint32_t *)BSP_MTIME_LO;
    volatile uint32_t *hi = (volatile uint32_t *)BSP_MTIME_HI;
    uint32_t h0, l, h1;
    do { h0 = *hi; l = *lo; h1 = *hi; } while (h0 != h1);
80000e9c:	0200c7b7          	lui	a5,0x200c
80000ea0:	ffc7a583          	lw	a1,-4(a5) # 200bffc <_start-0x7dff4004>
80000ea4:	ff87a503          	lw	a0,-8(a5)
80000ea8:	ffc7a703          	lw	a4,-4(a5)
80000eac:	fee59ae3          	bne	a1,a4,80000ea0 <mtime_read+0x4>
    return ((uint64_t)h0 << 32) | l;
}
80000eb0:	00008067          	ret

80000eb4 <rt_hw_board_init>:
    *lo = (uint32_t)value;
    *hi = (uint32_t)(value >> 32);
}

void rt_hw_board_init(void)
{
80000eb4:	ff010113          	addi	sp,sp,-16
80000eb8:	00112623          	sw	ra,12(sp)
    uintptr_t vector = (uintptr_t)trap_entry;
    __asm__ volatile ("csrw mtvec, %0" :: "r"(vector));
80000ebc:	fffff797          	auipc	a5,0xfffff
80000ec0:	50878793          	addi	a5,a5,1288 # 800003c4 <trap_entry>
80000ec4:	30579073          	csrw	mtvec,a5
    rt_system_heap_init(__heap_start, __heap_end);
80000ec8:	0013b597          	auipc	a1,0x13b
80000ecc:	13858593          	addi	a1,a1,312 # 8013c000 <__heap_end>
80000ed0:	e1818513          	addi	a0,gp,-488 # 80100618 <__bss_end>
80000ed4:	534010ef          	jal	ra,80002408 <rt_system_heap_init>
    timer_next = mtime_read() + BSP_CPU_HZ / RT_TICK_PER_SECOND;
80000ed8:	fc5ff0ef          	jal	ra,80000e9c <mtime_read>
80000edc:	0007a7b7          	lui	a5,0x7a
80000ee0:	12078793          	addi	a5,a5,288 # 7a120 <_start-0x7ff85ee0>
80000ee4:	00f507b3          	add	a5,a0,a5
80000ee8:	00a7b533          	sltu	a0,a5,a0
80000eec:	00b505b3          	add	a1,a0,a1
80000ef0:	91018713          	addi	a4,gp,-1776 # 80100110 <timer_next>
80000ef4:	00f72023          	sw	a5,0(a4)
80000ef8:	00b72223          	sw	a1,4(a4)
    *hi = UINT32_MAX;
80000efc:	fff00693          	li	a3,-1
80000f00:	02004737          	lui	a4,0x2004
80000f04:	00d72223          	sw	a3,4(a4) # 2004004 <_start-0x7dffbffc>
    *lo = (uint32_t)value;
80000f08:	00f72023          	sw	a5,0(a4)
    *hi = (uint32_t)(value >> 32);
80000f0c:	00b72223          	sw	a1,4(a4)
    mtimecmp_write(timer_next);
    __asm__ volatile ("csrs mie, %0" :: "r"(0x80));
80000f10:	08000793          	li	a5,128
80000f14:	3047a073          	csrs	mie,a5
}
80000f18:	00c12083          	lw	ra,12(sp)
80000f1c:	01010113          	addi	sp,sp,16
80000f20:	00008067          	ret

80000f24 <rt_hw_console_output>:

void rt_hw_console_output(const char *str)
{
    volatile uint8_t *console = (volatile uint8_t *)BSP_SIM_CONSOLE;
    while (*str) console[0] = (uint8_t)*str++;
80000f24:	80200737          	lui	a4,0x80200
80000f28:	00054783          	lbu	a5,0(a0)
80000f2c:	00079463          	bnez	a5,80000f34 <rt_hw_console_output+0x10>
}
80000f30:	00008067          	ret
    while (*str) console[0] = (uint8_t)*str++;
80000f34:	00150513          	addi	a0,a0,1
80000f38:	06f70023          	sb	a5,96(a4) # 80200060 <__rt_rvstack+0xc0060>
80000f3c:	fedff06f          	j	80000f28 <rt_hw_console_output+0x4>

80000f40 <bsp_test_pass>:
    return mepc;
}

void bsp_test_pass(unsigned int code)
{
    *(volatile uint32_t *)BSP_SIM_STATUS = BSP_SIM_PASS | (code << 8);
80000f40:	525457b7          	lui	a5,0x52545
80000f44:	00178793          	addi	a5,a5,1 # 52545001 <_start-0x2dabafff>
80000f48:	00851513          	slli	a0,a0,0x8
80000f4c:	00f56533          	or	a0,a0,a5
80000f50:	802007b7          	lui	a5,0x80200
80000f54:	06a7a223          	sw	a0,100(a5) # 80200064 <__rt_rvstack+0xc0064>
    for (;;) __asm__ volatile ("nop");
80000f58:	00000013          	nop
80000f5c:	ffdff06f          	j	80000f58 <bsp_test_pass+0x18>

80000f60 <bsp_test_fail>:
}

void bsp_test_fail(unsigned int code)
{
    *(volatile uint32_t *)BSP_SIM_STATUS = BSP_SIM_FAIL | (code & 0xff);
80000f60:	525447b7          	lui	a5,0x52544
80000f64:	60078793          	addi	a5,a5,1536 # 52544600 <_start-0x2dabba00>
80000f68:	0ff57513          	andi	a0,a0,255
80000f6c:	00f56533          	or	a0,a0,a5
80000f70:	802007b7          	lui	a5,0x80200
80000f74:	06a7a223          	sw	a0,100(a5) # 80200064 <__rt_rvstack+0xc0064>
    for (;;) __asm__ volatile ("nop");
80000f78:	00000013          	nop
80000f7c:	ffdff06f          	j	80000f78 <bsp_test_fail+0x18>

80000f80 <handle_trap>:
{
80000f80:	fe010113          	addi	sp,sp,-32
    if (mcause == 0x80000007UL)
80000f84:	800007b7          	lui	a5,0x80000
{
80000f88:	00112e23          	sw	ra,28(sp)
80000f8c:	00812c23          	sw	s0,24(sp)
80000f90:	00912a23          	sw	s1,20(sp)
80000f94:	01212823          	sw	s2,16(sp)
80000f98:	01312623          	sw	s3,12(sp)
    if (mcause == 0x80000007UL)
80000f9c:	00778793          	addi	a5,a5,7 # 80000007 <__rt_rvstack+0xffec0007>
80000fa0:	0af51863          	bne	a0,a5,80001050 <handle_trap+0xd0>
        timer_next += BSP_CPU_HZ / RT_TICK_PER_SECOND;
80000fa4:	91018913          	addi	s2,gp,-1776 # 80100110 <timer_next>
80000fa8:	00092783          	lw	a5,0(s2)
80000fac:	0007a4b7          	lui	s1,0x7a
80000fb0:	00492403          	lw	s0,4(s2)
80000fb4:	12048493          	addi	s1,s1,288 # 7a120 <_start-0x7ff85ee0>
80000fb8:	009784b3          	add	s1,a5,s1
80000fbc:	00f4b7b3          	sltu	a5,s1,a5
80000fc0:	00878433          	add	s0,a5,s0
80000fc4:	00992023          	sw	s1,0(s2)
80000fc8:	00892223          	sw	s0,4(s2)
80000fcc:	00058993          	mv	s3,a1
        if ((int64_t)(timer_next - mtime_read()) <= 0)
80000fd0:	ecdff0ef          	jal	ra,80000e9c <mtime_read>
80000fd4:	40a48533          	sub	a0,s1,a0
80000fd8:	00a4b4b3          	sltu	s1,s1,a0
80000fdc:	40b40433          	sub	s0,s0,a1
80000fe0:	40940433          	sub	s0,s0,s1
80000fe4:	02804663          	bgtz	s0,80001010 <handle_trap+0x90>
80000fe8:	00041463          	bnez	s0,80000ff0 <handle_trap+0x70>
80000fec:	02051263          	bnez	a0,80001010 <handle_trap+0x90>
            timer_next = mtime_read() + BSP_CPU_HZ / RT_TICK_PER_SECOND;
80000ff0:	eadff0ef          	jal	ra,80000e9c <mtime_read>
80000ff4:	0007a7b7          	lui	a5,0x7a
80000ff8:	12078793          	addi	a5,a5,288 # 7a120 <_start-0x7ff85ee0>
80000ffc:	00f507b3          	add	a5,a0,a5
80001000:	00a7b533          	sltu	a0,a5,a0
80001004:	00b50533          	add	a0,a0,a1
80001008:	00f92023          	sw	a5,0(s2)
8000100c:	00a92223          	sw	a0,4(s2)
        mtimecmp_write(timer_next);
80001010:	00092683          	lw	a3,0(s2)
80001014:	00492703          	lw	a4,4(s2)
    *hi = UINT32_MAX;
80001018:	020047b7          	lui	a5,0x2004
8000101c:	fff00613          	li	a2,-1
80001020:	00c7a223          	sw	a2,4(a5) # 2004004 <_start-0x7dffbffc>
    *lo = (uint32_t)value;
80001024:	00d7a023          	sw	a3,0(a5)
    *hi = (uint32_t)(value >> 32);
80001028:	00e7a223          	sw	a4,4(a5)
        rt_tick_increase();
8000102c:	074000ef          	jal	ra,800010a0 <rt_tick_increase>
}
80001030:	01c12083          	lw	ra,28(sp)
80001034:	01812403          	lw	s0,24(sp)
80001038:	01412483          	lw	s1,20(sp)
8000103c:	01012903          	lw	s2,16(sp)
80001040:	00098513          	mv	a0,s3
80001044:	00c12983          	lw	s3,12(sp)
80001048:	02010113          	addi	sp,sp,32
8000104c:	00008067          	ret
    bsp_test_fail((unsigned int)(mcause & 0xff));
80001050:	0ff57513          	andi	a0,a0,255
80001054:	f0dff0ef          	jal	ra,80000f60 <bsp_test_fail>

80001058 <memset>:
long double strtold(const char *text, char **end) { if (end) *end = (char *)text; return 0.0L; }

void *memset(void *dst, int value, unsigned int size)
{
    unsigned char *p = (unsigned char *)dst;
    while (size--) *p++ = (unsigned char)value;
80001058:	00c50633          	add	a2,a0,a2
    unsigned char *p = (unsigned char *)dst;
8000105c:	00050793          	mv	a5,a0
    while (size--) *p++ = (unsigned char)value;
80001060:	00c79463          	bne	a5,a2,80001068 <memset+0x10>
    return dst;
}
80001064:	00008067          	ret
    while (size--) *p++ = (unsigned char)value;
80001068:	00178793          	addi	a5,a5,1
8000106c:	feb78fa3          	sb	a1,-1(a5)
80001070:	ff1ff06f          	j	80001060 <memset+0x8>

80001074 <rt_tick_get>:
 * @brief    This function will return current tick from operating system startup.
 *
 * @return   Return current tick.
 */
rt_tick_t rt_tick_get(void)
{
80001074:	ff010113          	addi	sp,sp,-16
80001078:	00112623          	sw	ra,12(sp)
8000107c:	00812423          	sw	s0,8(sp)

rt_inline rt_atomic_t rt_soft_atomic_load(volatile rt_atomic_t *ptr)
{
    rt_base_t level;
    rt_atomic_t temp;
    level = rt_hw_interrupt_disable();
80001080:	974ff0ef          	jal	ra,800001f4 <rt_hw_interrupt_disable>
    temp = *ptr;
80001084:	9181a403          	lw	s0,-1768(gp) # 80100118 <rt_tick>
    rt_hw_interrupt_enable(level);
80001088:	974ff0ef          	jal	ra,800001fc <rt_hw_interrupt_enable>
    /* return the global tick */
    return (rt_tick_t)rt_atomic_load(&(rt_tick));
}
8000108c:	00c12083          	lw	ra,12(sp)
80001090:	00040513          	mv	a0,s0
80001094:	00812403          	lw	s0,8(sp)
80001098:	01010113          	addi	sp,sp,16
8000109c:	00008067          	ret

800010a0 <rt_tick_increase>:
/**
 * @brief    This function will notify kernel there is one tick passed.
 *           Normally, this function is invoked by clock ISR.
 */
void rt_tick_increase(void)
{
800010a0:	ff010113          	addi	sp,sp,-16
800010a4:	00112623          	sw	ra,12(sp)
    RT_ASSERT(rt_interrupt_get_nest() > 0);
800010a8:	7a1000ef          	jal	ra,80002048 <rt_interrupt_get_nest>
800010ac:	00051e63          	bnez	a0,800010c8 <rt_tick_increase+0x28>
800010b0:	08a00613          	li	a2,138
800010b4:	00004597          	auipc	a1,0x4
800010b8:	87058593          	addi	a1,a1,-1936 # 80004924 <__FUNCTION__.1>
800010bc:	00004517          	auipc	a0,0x4
800010c0:	84c50513          	addi	a0,a0,-1972 # 80004908 <small_digits.0+0x38>
800010c4:	27c010ef          	jal	ra,80002340 <rt_assert_handler>

    RT_OBJECT_HOOK_CALL(rt_tick_hook, ());
800010c8:	91c1a783          	lw	a5,-1764(gp) # 8010011c <rt_tick_hook>
800010cc:	00078463          	beqz	a5,800010d4 <rt_tick_increase+0x34>
800010d0:	000780e7          	jalr	a5
    level = rt_hw_interrupt_disable();
800010d4:	920ff0ef          	jal	ra,800001f4 <rt_hw_interrupt_disable>
    temp = *ptr;
800010d8:	91818793          	addi	a5,gp,-1768 # 80100118 <rt_tick>
800010dc:	0007a703          	lw	a4,0(a5)
    *ptr += val;
800010e0:	0007a703          	lw	a4,0(a5)
800010e4:	00170713          	addi	a4,a4,1
800010e8:	00e7a023          	sw	a4,0(a5)
    rt_hw_interrupt_enable(level);
800010ec:	910ff0ef          	jal	ra,800001fc <rt_hw_interrupt_enable>
#else
    rt_atomic_add(&(rt_tick), 1);
#endif /* RT_USING_SMP */

    /* check time slice */
    rt_sched_tick_increase(1);
800010f0:	00100513          	li	a0,1
800010f4:	7e5010ef          	jal	ra,800030d8 <rt_sched_tick_increase>
    rt_timer_check();

#ifdef RT_USING_VDSO
    rt_vdso_sync_clock_data();
#endif
}
800010f8:	00c12083          	lw	ra,12(sp)
800010fc:	01010113          	addi	sp,sp,16
    rt_timer_check();
80001100:	5800306f          	j	80004680 <rt_timer_check>

80001104 <rti_start>:
}
80001104:	00000513          	li	a0,0
80001108:	00008067          	ret

8000110c <rti_end>:
8000110c:	00000513          	li	a0,0
80001110:	00008067          	ret

80001114 <rti_board_start>:
80001114:	00000513          	li	a0,0
80001118:	00008067          	ret

8000111c <rti_board_end>:
8000111c:	00000513          	li	a0,0
80001120:	00008067          	ret

80001124 <rt_components_init>:
{
80001124:	ff010113          	addi	sp,sp,-16
80001128:	00812423          	sw	s0,8(sp)
8000112c:	00912223          	sw	s1,4(sp)
80001130:	00112623          	sw	ra,12(sp)
    for (fn_ptr = &__rt_init_rti_board_end; fn_ptr < &__rt_init_rti_end; fn_ptr ++)
80001134:	00004417          	auipc	s0,0x4
80001138:	75c40413          	addi	s0,s0,1884 # 80005890 <__rt_init_rti_board_end>
8000113c:	00004497          	auipc	s1,0x4
80001140:	75848493          	addi	s1,s1,1880 # 80005894 <__rt_init_rti_end>
80001144:	00946c63          	bltu	s0,s1,8000115c <rt_components_init+0x38>
}
80001148:	00c12083          	lw	ra,12(sp)
8000114c:	00812403          	lw	s0,8(sp)
80001150:	00412483          	lw	s1,4(sp)
80001154:	01010113          	addi	sp,sp,16
80001158:	00008067          	ret
        (*fn_ptr)();
8000115c:	00042783          	lw	a5,0(s0)
    for (fn_ptr = &__rt_init_rti_board_end; fn_ptr < &__rt_init_rti_end; fn_ptr ++)
80001160:	00440413          	addi	s0,s0,4
        (*fn_ptr)();
80001164:	000780e7          	jalr	a5
    for (fn_ptr = &__rt_init_rti_board_end; fn_ptr < &__rt_init_rti_end; fn_ptr ++)
80001168:	fddff06f          	j	80001144 <rt_components_init+0x20>

8000116c <main_thread_entry>:
 *         entry main().
 *
 * @param  parameter is the arg of the thread.
 */
static void main_thread_entry(void *parameter)
{
8000116c:	ff010113          	addi	sp,sp,-16
80001170:	00112623          	sw	ra,12(sp)
    extern int main(void);
    RT_UNUSED(parameter);

#ifdef RT_USING_COMPONENTS_INIT
    /* RT-Thread components initialization */
    rt_components_init();
80001174:	fb1ff0ef          	jal	ra,80001124 <rt_components_init>
        $Super$$main(); /* for ARMCC. */
    }
#elif defined(__ICCARM__) || defined(__GNUC__) || defined(__TASKING__) || defined(__TI_COMPILER_VERSION__)
    main();
#endif /* __ARMCC_VERSION */
}
80001178:	00c12083          	lw	ra,12(sp)
8000117c:	01010113          	addi	sp,sp,16
    main();
80001180:	cf1ff06f          	j	80000e70 <main>

80001184 <rt_application_init>:
void rt_application_init(void)
{
    rt_thread_t tid;

#ifdef RT_USING_HEAP
    tid = rt_thread_create("main", main_thread_entry, RT_NULL,
80001184:	000016b7          	lui	a3,0x1
{
80001188:	ff010113          	addi	sp,sp,-16
    tid = rt_thread_create("main", main_thread_entry, RT_NULL,
8000118c:	01400793          	li	a5,20
80001190:	00a00713          	li	a4,10
80001194:	80068693          	addi	a3,a3,-2048 # 800 <_start-0x7ffff800>
80001198:	00000613          	li	a2,0
8000119c:	00000597          	auipc	a1,0x0
800011a0:	fd058593          	addi	a1,a1,-48 # 8000116c <main_thread_entry>
800011a4:	00003517          	auipc	a0,0x3
800011a8:	79450513          	addi	a0,a0,1940 # 80004938 <__FUNCTION__.1+0x14>
{
800011ac:	00812423          	sw	s0,8(sp)
800011b0:	00112623          	sw	ra,12(sp)
    tid = rt_thread_create("main", main_thread_entry, RT_NULL,
800011b4:	325020ef          	jal	ra,80003cd8 <rt_thread_create>
800011b8:	00050413          	mv	s0,a0
                           RT_MAIN_THREAD_STACK_SIZE, RT_MAIN_THREAD_PRIORITY, 20);
    RT_ASSERT(tid != RT_NULL);
800011bc:	00051e63          	bnez	a0,800011d8 <rt_application_init+0x54>
800011c0:	0dd00613          	li	a2,221
800011c4:	00003597          	auipc	a1,0x3
800011c8:	78c58593          	addi	a1,a1,1932 # 80004950 <__FUNCTION__.0>
800011cc:	00003517          	auipc	a0,0x3
800011d0:	77450513          	addi	a0,a0,1908 # 80004940 <__FUNCTION__.1+0x1c>
800011d4:	16c010ef          	jal	ra,80002340 <rt_assert_handler>

    /* if not define RT_USING_HEAP, using to eliminate the warning */
    (void)result;
#endif /* RT_USING_HEAP */

    rt_thread_startup(tid);
800011d8:	00040513          	mv	a0,s0
}
800011dc:	00812403          	lw	s0,8(sp)
800011e0:	00c12083          	lw	ra,12(sp)
800011e4:	01010113          	addi	sp,sp,16
    rt_thread_startup(tid);
800011e8:	6450206f          	j	8000402c <rt_thread_startup>

800011ec <rtthread_startup>:
 *         the initialization of the system, and finally start the scheduler.
 *
 * @return Normally never returns. If 0 is returned, the scheduler failed.
 */
int rtthread_startup(void)
{
800011ec:	ff010113          	addi	sp,sp,-16
800011f0:	00112623          	sw	ra,12(sp)
#ifdef RT_USING_SMP
    rt_hw_spin_lock_init(&_cpus_lock);
#endif
    rt_hw_local_irq_disable();
800011f4:	800ff0ef          	jal	ra,800001f4 <rt_hw_interrupt_disable>

    /* board level initialization
     * NOTE: please initialize heap inside board initialization.
     */
    rt_hw_board_init();
800011f8:	cbdff0ef          	jal	ra,80000eb4 <rt_hw_board_init>

    /* show RT-Thread version */
    rt_show_version();
800011fc:	781000ef          	jal	ra,8000217c <rt_show_version>

    /* timer system initialization */
    rt_system_timer_init();
80001200:	618030ef          	jal	ra,80004818 <rt_system_timer_init>

    /* scheduler system initialization */
    rt_system_scheduler_init();
80001204:	108020ef          	jal	ra,8000330c <rt_system_scheduler_init>
    /* signal system initialization */
    rt_system_signal_init();
#endif /* RT_USING_SIGNALS */

    /* create init_thread */
    rt_application_init();
80001208:	f7dff0ef          	jal	ra,80001184 <rt_application_init>

    /* timer thread initialization */
    rt_system_timer_thread_init();
8000120c:	620030ef          	jal	ra,8000482c <rt_system_timer_thread_init>

    /* idle thread initialization */
    rt_thread_idle_init();
80001210:	224000ef          	jal	ra,80001434 <rt_thread_idle_init>

    /* defunct thread initialization */
    rt_thread_defunct_init();
80001214:	1e4000ef          	jal	ra,800013f8 <rt_thread_defunct_init>
#ifdef RT_USING_SMP
    rt_hw_spin_lock(&_cpus_lock);
#endif /* RT_USING_SMP */

    /* start scheduler */
    rt_system_scheduler_start();
80001218:	30c020ef          	jal	ra,80003524 <rt_system_scheduler_start>

    /* never reach here */
    return 0;
}
8000121c:	00c12083          	lw	ra,12(sp)
80001220:	00000513          	li	a0,0
80001224:	01010113          	addi	sp,sp,16
80001228:	00008067          	ret

8000122c <rt_spin_lock_init>:
 * @param   lock is a pointer to the spinlock to initialize.
 */
void rt_spin_lock_init(struct rt_spinlock *lock)
{
    RT_UNUSED(lock);
}
8000122c:	00008067          	ret

80001230 <rt_spin_lock>:
 *
 * @param   lock is a pointer to the spinlock.
 */
void rt_spin_lock(struct rt_spinlock *lock)
{
    rt_enter_critical();
80001230:	5100206f          	j	80003740 <rt_enter_critical>

80001234 <rt_spin_unlock>:
 */
void rt_spin_unlock(struct rt_spinlock *lock)
{
    rt_base_t critical_level;
    RT_SPIN_UNLOCK_DEBUG(lock, critical_level);
    rt_exit_critical_safe(critical_level);
80001234:	00000513          	li	a0,0
80001238:	5a00206f          	j	800037d8 <rt_exit_critical_safe>

8000123c <rt_spin_lock_irqsave>:
 * @param   lock is a pointer to the spinlock.
 *
 * @return  Return current cpu interrupt status.
 */
rt_base_t rt_spin_lock_irqsave(struct rt_spinlock *lock)
{
8000123c:	ff010113          	addi	sp,sp,-16
80001240:	00112623          	sw	ra,12(sp)
80001244:	00812423          	sw	s0,8(sp)
    rt_base_t level;
    RT_UNUSED(lock);
    level = rt_hw_interrupt_disable();
80001248:	fadfe0ef          	jal	ra,800001f4 <rt_hw_interrupt_disable>
8000124c:	00050413          	mv	s0,a0
    rt_enter_critical();
80001250:	4f0020ef          	jal	ra,80003740 <rt_enter_critical>
    RT_SPIN_LOCK_DEBUG(lock);
    return level;
}
80001254:	00c12083          	lw	ra,12(sp)
80001258:	00040513          	mv	a0,s0
8000125c:	00812403          	lw	s0,8(sp)
80001260:	01010113          	addi	sp,sp,16
80001264:	00008067          	ret

80001268 <rt_spin_unlock_irqrestore>:
 * @param   lock is a pointer to the spinlock.
 *
 * @param   level is interrupt status returned by rt_spin_lock_irqsave().
 */
void rt_spin_unlock_irqrestore(struct rt_spinlock *lock, rt_base_t level)
{
80001268:	ff010113          	addi	sp,sp,-16
    rt_base_t critical_level;
    RT_SPIN_UNLOCK_DEBUG(lock, critical_level);
    rt_exit_critical_safe(critical_level);
8000126c:	00000513          	li	a0,0
{
80001270:	00812423          	sw	s0,8(sp)
80001274:	00112623          	sw	ra,12(sp)
80001278:	00058413          	mv	s0,a1
    rt_exit_critical_safe(critical_level);
8000127c:	55c020ef          	jal	ra,800037d8 <rt_exit_critical_safe>
    rt_hw_interrupt_enable(level);
80001280:	00040513          	mv	a0,s0
}
80001284:	00812403          	lw	s0,8(sp)
80001288:	00c12083          	lw	ra,12(sp)
8000128c:	01010113          	addi	sp,sp,16
    rt_hw_interrupt_enable(level);
80001290:	f6dfe06f          	j	800001fc <rt_hw_interrupt_enable>

80001294 <rt_cpu_self>:
 * @return  Return a pointer to the current cpu object.
 */
struct rt_cpu *rt_cpu_self(void)
{
    return &_cpu;
}
80001294:	92018513          	addi	a0,gp,-1760 # 80100120 <_cpu>
80001298:	00008067          	ret

8000129c <rt_cpu_index>:
 *
 * @return  Return a pointer to the cpu object corresponding to index.
 */
struct rt_cpu *rt_cpu_index(int index)
{
    return index == 0 ? &_cpu : RT_NULL;
8000129c:	00050663          	beqz	a0,800012a8 <rt_cpu_index+0xc>
800012a0:	00000513          	li	a0,0
800012a4:	00008067          	ret
800012a8:	92018513          	addi	a0,gp,-1760 # 80100120 <_cpu>
}
800012ac:	00008067          	ret

800012b0 <rt_thread_defunct_enqueue>:
 * @param thread the thread to be enqueued.
 *
 * @note It must be called between rt_hw_interrupt_disable and rt_hw_interrupt_enable
 */
void rt_thread_defunct_enqueue(rt_thread_t thread)
{
800012b0:	ff010113          	addi	sp,sp,-16
800012b4:	00912223          	sw	s1,4(sp)
    rt_base_t level;
    level = rt_spin_lock_irqsave(&_defunct_spinlock);
800012b8:	92818493          	addi	s1,gp,-1752 # 80100128 <_defunct_spinlock>
{
800012bc:	00812423          	sw	s0,8(sp)
800012c0:	00050413          	mv	s0,a0
    level = rt_spin_lock_irqsave(&_defunct_spinlock);
800012c4:	00048513          	mv	a0,s1
{
800012c8:	00112623          	sw	ra,12(sp)
    level = rt_spin_lock_irqsave(&_defunct_spinlock);
800012cc:	f71ff0ef          	jal	ra,8000123c <rt_spin_lock_irqsave>
 * @param l list to insert it
 * @param n new node to be inserted
 */
rt_inline void rt_list_insert_after(rt_list_t *l, rt_list_t *n)
{
    l->next->prev = n;
800012d0:	000ff797          	auipc	a5,0xff
800012d4:	d3078793          	addi	a5,a5,-720 # 80100000 <_rt_thread_defunct>
800012d8:	0007a683          	lw	a3,0(a5)
    rt_list_insert_after(&_rt_thread_defunct, &RT_THREAD_LIST_NODE(thread));
800012dc:	03440713          	addi	a4,s0,52
    rt_spin_unlock_irqrestore(&_defunct_spinlock, level);
#if defined(RT_USING_SMP) || defined(RT_USING_SMART)
    rt_sem_release(&system_sem);
#endif
}
800012e0:	00c12083          	lw	ra,12(sp)
800012e4:	00e6a223          	sw	a4,4(a3)
    n->next = l->next;
800012e8:	02d42a23          	sw	a3,52(s0)

    l->next = n;
    n->prev = l;
800012ec:	02f42c23          	sw	a5,56(s0)
800012f0:	00812403          	lw	s0,8(sp)
    level = rt_spin_lock_irqsave(&_defunct_spinlock);
800012f4:	00050593          	mv	a1,a0
    rt_spin_unlock_irqrestore(&_defunct_spinlock, level);
800012f8:	00048513          	mv	a0,s1
}
800012fc:	00412483          	lw	s1,4(sp)
    l->next = n;
80001300:	00e7a023          	sw	a4,0(a5)
80001304:	01010113          	addi	sp,sp,16
    rt_spin_unlock_irqrestore(&_defunct_spinlock, level);
80001308:	f61ff06f          	j	80001268 <rt_spin_unlock_irqrestore>

8000130c <rt_thread_defunct_dequeue>:

/**
 * @brief Dequeue a thread from defunct queue.
 */
rt_thread_t rt_thread_defunct_dequeue(void)
{
8000130c:	ff010113          	addi	sp,sp,-16
    rt_base_t   level;
    rt_thread_t thread = RT_NULL;
    rt_list_t  *l      = &_rt_thread_defunct;

    level = rt_spin_lock_irqsave(&_defunct_spinlock);
80001310:	92818513          	addi	a0,gp,-1752 # 80100128 <_defunct_spinlock>
{
80001314:	00812423          	sw	s0,8(sp)
80001318:	00112623          	sw	ra,12(sp)
    level = rt_spin_lock_irqsave(&_defunct_spinlock);
8000131c:	f21ff0ef          	jal	ra,8000123c <rt_spin_lock_irqsave>
 * @brief tests whether a list is empty
 * @param l the list to test.
 */
rt_inline int rt_list_isempty(const rt_list_t *l)
{
    return l->next == l;
80001320:	000ff717          	auipc	a4,0xff
80001324:	ce070713          	addi	a4,a4,-800 # 80100000 <_rt_thread_defunct>
80001328:	00072783          	lw	a5,0(a4)
8000132c:	00050593          	mv	a1,a0
80001330:	00000413          	li	s0,0
    if (!rt_list_isempty(l))
80001334:	02e78063          	beq	a5,a4,80001354 <rt_thread_defunct_dequeue+0x48>
    n->next->prev = n->prev;
80001338:	0007a683          	lw	a3,0(a5)
8000133c:	0047a703          	lw	a4,4(a5)
    {
        thread = RT_THREAD_LIST_NODE_ENTRY(l->next);
80001340:	fcc78413          	addi	s0,a5,-52
80001344:	00e6a223          	sw	a4,4(a3)
    n->prev->next = n->next;
80001348:	00d72023          	sw	a3,0(a4)
    n->next = n->prev = n;
8000134c:	00f7a223          	sw	a5,4(a5)
80001350:	00f7a023          	sw	a5,0(a5)
        rt_list_remove(&RT_THREAD_LIST_NODE(thread));
    }
    rt_spin_unlock_irqrestore(&_defunct_spinlock, level);
80001354:	92818513          	addi	a0,gp,-1752 # 80100128 <_defunct_spinlock>
80001358:	f11ff0ef          	jal	ra,80001268 <rt_spin_unlock_irqrestore>

    return thread;
}
8000135c:	00c12083          	lw	ra,12(sp)
80001360:	00040513          	mv	a0,s0
80001364:	00812403          	lw	s0,8(sp)
80001368:	01010113          	addi	sp,sp,16
8000136c:	00008067          	ret

80001370 <rt_defunct_execute>:

/**
 * @brief This function will perform system background job when system idle.
 */
void rt_defunct_execute(void)
{
80001370:	fe010113          	addi	sp,sp,-32
80001374:	01312623          	sw	s3,12(sp)
80001378:	00112e23          	sw	ra,28(sp)
8000137c:	00812c23          	sw	s0,24(sp)
80001380:	00912a23          	sw	s1,20(sp)
80001384:	01212823          	sw	s2,16(sp)
        /* store the point of "thread->cleanup" avoid to lose */
        cleanup = thread->cleanup;

        /* if it's a system object, detach it */
        object_is_systemobject = rt_object_is_systemobject((rt_object_t)thread);
        if (object_is_systemobject == RT_TRUE)
80001388:	00100993          	li	s3,1
        thread = rt_thread_defunct_dequeue();
8000138c:	f81ff0ef          	jal	ra,8000130c <rt_thread_defunct_dequeue>
80001390:	00050413          	mv	s0,a0
        if (thread == RT_NULL)
80001394:	04050463          	beqz	a0,800013dc <rt_defunct_execute+0x6c>
        cleanup = thread->cleanup;
80001398:	08452903          	lw	s2,132(a0)
        object_is_systemobject = rt_object_is_systemobject((rt_object_t)thread);
8000139c:	385010ef          	jal	ra,80002f20 <rt_object_is_systemobject>
800013a0:	00050493          	mv	s1,a0
        if (object_is_systemobject == RT_TRUE)
800013a4:	03351863          	bne	a0,s3,800013d4 <rt_defunct_execute+0x64>
        {
            /* detach this object */
            rt_object_detach((rt_object_t)thread);
800013a8:	00040513          	mv	a0,s0
800013ac:	089010ef          	jal	ra,80002c34 <rt_object_detach>
        }

        /* invoke thread cleanup */
        if (cleanup != RT_NULL)
800013b0:	fc090ee3          	beqz	s2,8000138c <rt_defunct_execute+0x1c>
        {
            cleanup(thread);
800013b4:	00040513          	mv	a0,s0
800013b8:	000900e7          	jalr	s2
        {
            RT_KERNEL_FREE(thread->mem_regions);
        }
#endif
        /* if need free, delete it */
        if (object_is_systemobject == RT_FALSE)
800013bc:	fc0498e3          	bnez	s1,8000138c <rt_defunct_execute+0x1c>
        {
            /* release thread's stack */
#ifdef RT_USING_HW_STACK_GUARD
            RT_KERNEL_FREE(thread->stack_buf);
#else
            RT_KERNEL_FREE(thread->stack_addr);
800013c0:	02842503          	lw	a0,40(s0)
800013c4:	0f0010ef          	jal	ra,800024b4 <rt_free>
#endif
            /* delete thread object */
            rt_object_delete((rt_object_t)thread);
800013c8:	00040513          	mv	a0,s0
800013cc:	27d010ef          	jal	ra,80002e48 <rt_object_delete>
800013d0:	fbdff06f          	j	8000138c <rt_defunct_execute+0x1c>
        if (cleanup != RT_NULL)
800013d4:	fe0910e3          	bnez	s2,800013b4 <rt_defunct_execute+0x44>
800013d8:	fe5ff06f          	j	800013bc <rt_defunct_execute+0x4c>
        }
#endif
    }
}
800013dc:	01c12083          	lw	ra,28(sp)
800013e0:	01812403          	lw	s0,24(sp)
800013e4:	01412483          	lw	s1,20(sp)
800013e8:	01012903          	lw	s2,16(sp)
800013ec:	00c12983          	lw	s3,12(sp)
800013f0:	02010113          	addi	sp,sp,32
800013f4:	00008067          	ret

800013f8 <rt_thread_defunct_init>:

void rt_thread_defunct_init(void)
{
    RT_ASSERT(RT_THREAD_PRIORITY_MAX > 2);

    rt_spin_lock_init(&_defunct_spinlock);
800013f8:	92818513          	addi	a0,gp,-1752 # 80100128 <_defunct_spinlock>
800013fc:	e31ff06f          	j	8000122c <rt_spin_lock_init>

80001400 <idle_thread_entry>:
}

#endif /* RT_USING_IDLE_HOOK */

static void idle_thread_entry(void *parameter)
{
80001400:	ff010113          	addi	sp,sp,-16
80001404:	00912223          	sw	s1,4(sp)
80001408:	00112623          	sw	ra,12(sp)
8000140c:	00812423          	sw	s0,8(sp)
80001410:	94818493          	addi	s1,gp,-1720 # 80100148 <idle_thread>
    {
#ifdef RT_USING_IDLE_HOOK
        rt_size_t i;
        void (*idle_hook)(void);

        for (i = 0; i < RT_IDLE_HOOK_LIST_SIZE; i++)
80001414:	93818413          	addi	s0,gp,-1736 # 80100138 <idle_hook_list>
        {
            idle_hook = idle_hook_list[i];
80001418:	00042783          	lw	a5,0(s0)
            if (idle_hook != RT_NULL)
8000141c:	00078463          	beqz	a5,80001424 <idle_thread_entry+0x24>
            {
                idle_hook();
80001420:	000780e7          	jalr	a5
        for (i = 0; i < RT_IDLE_HOOK_LIST_SIZE; i++)
80001424:	00440413          	addi	s0,s0,4
80001428:	fe9418e3          	bne	s0,s1,80001418 <idle_thread_entry+0x18>
            }
        }
#endif /* RT_USING_IDLE_HOOK */

#if !defined(RT_USING_SMP) && !defined(RT_USING_SMART)
    rt_defunct_execute();
8000142c:	f45ff0ef          	jal	ra,80001370 <rt_defunct_execute>
    {
80001430:	fe5ff06f          	j	80001414 <idle_thread_entry+0x14>

80001434 <rt_thread_idle_init>:
 * @brief This function will initialize idle thread, then start it.
 *
 * @note this function must be invoked when system init.
 */
void rt_thread_idle_init(void)
{
80001434:	fe010113          	addi	sp,sp,-32
#if RT_NAME_MAX > 0
    char idle_thread_name[RT_NAME_MAX];
#endif /* RT_NAME_MAX > 0 */

#ifdef RT_USING_IDLE_HOOK
    rt_spin_lock_init(&_hook_spinlock);
80001438:	93018513          	addi	a0,gp,-1744 # 80100130 <_hook_spinlock>
{
8000143c:	00112e23          	sw	ra,28(sp)
80001440:	00812c23          	sw	s0,24(sp)
    rt_spin_lock_init(&_hook_spinlock);
80001444:	de9ff0ef          	jal	ra,8000122c <rt_spin_lock_init>
#endif

    for (i = 0; i < _CPUS_NR; i++)
    {
#if RT_NAME_MAX > 0
        rt_snprintf(idle_thread_name, RT_NAME_MAX, "tidle%d", i);
80001448:	00000693          	li	a3,0
8000144c:	00003617          	auipc	a2,0x3
80001450:	51860613          	addi	a2,a2,1304 # 80004964 <__FUNCTION__.0+0x14>
80001454:	01000593          	li	a1,16
80001458:	00010513          	mv	a0,sp
8000145c:	83cff0ef          	jal	ra,80000498 <rt_snprintf>
#endif /* RT_NAME_MAX > 0 */
        rt_thread_init(&idle_thread[i],
80001460:	94818413          	addi	s0,gp,-1720 # 80100148 <idle_thread>
80001464:	00010593          	mv	a1,sp
80001468:	02000893          	li	a7,32
8000146c:	01f00813          	li	a6,31
80001470:	20000793          	li	a5,512
80001474:	9f018713          	addi	a4,gp,-1552 # 801001f0 <idle_thread_stack>
80001478:	00000693          	li	a3,0
8000147c:	00000617          	auipc	a2,0x0
80001480:	f8460613          	addi	a2,a2,-124 # 80001400 <idle_thread_entry>
80001484:	00040513          	mv	a0,s0
80001488:	654020ef          	jal	ra,80003adc <rt_thread_init>
#ifdef RT_USING_SMP
        rt_thread_control(&idle_thread[i], RT_THREAD_CTRL_BIND_CPU, (void*)i);
#endif /* RT_USING_SMP */

        /* update */
        rt_cpu_index(i)->idle_thread = &idle_thread[i];
8000148c:	00000513          	li	a0,0
80001490:	e0dff0ef          	jal	ra,8000129c <rt_cpu_index>
80001494:	00852223          	sw	s0,4(a0)

        /* startup */
        rt_thread_startup(&idle_thread[i]);
80001498:	00040513          	mv	a0,s0
8000149c:	391020ef          	jal	ra,8000402c <rt_thread_startup>
    }
}
800014a0:	01c12083          	lw	ra,28(sp)
800014a4:	01812403          	lw	s0,24(sp)
800014a8:	02010113          	addi	sp,sp,32
800014ac:	00008067          	ret

800014b0 <rt_thread_is_idle_thread>:
 */
rt_bool_t rt_thread_is_idle_thread(rt_thread_t thread)
{
    rt_ubase_t i;

    if (thread != RT_NULL)
800014b0:	00050a63          	beqz	a0,800014c4 <rt_thread_is_idle_thread+0x14>
    {
        for (i = 0; i < _CPUS_NR; i++)
        {
            if (thread == &idle_thread[i])
800014b4:	94818793          	addi	a5,gp,-1720 # 80100148 <idle_thread>
800014b8:	40f50533          	sub	a0,a0,a5
800014bc:	00153513          	seqz	a0,a0
800014c0:	00008067          	ret
                return RT_TRUE;
        }
    }

    return RT_FALSE;
800014c4:	00000513          	li	a0,0
}
800014c8:	00008067          	ret

800014cc <rt_list_remove>:
    n->next->prev = n->prev;
800014cc:	00052703          	lw	a4,0(a0)
800014d0:	00452783          	lw	a5,4(a0)
800014d4:	00f72223          	sw	a5,4(a4)
    n->prev->next = n->next;
800014d8:	00e7a023          	sw	a4,0(a5)
    n->next = n->prev = n;
800014dc:	00a52223          	sw	a0,4(a0)
800014e0:	00a52023          	sw	a0,0(a0)
}
800014e4:	00008067          	ret

800014e8 <_thread_get_mutex_priority>:
    return mutex->priority;
}

/* get highest priority inside its taken object and its init priority */
rt_inline rt_uint8_t _thread_get_mutex_priority(struct rt_thread* thread)
{
800014e8:	ff010113          	addi	sp,sp,-16
800014ec:	00812423          	sw	s0,8(sp)
800014f0:	00112623          	sw	ra,12(sp)
800014f4:	00050413          	mv	s0,a0
    rt_list_t *node = RT_NULL;
    struct rt_mutex *mutex = RT_NULL;
    rt_uint8_t priority = rt_sched_thread_get_init_prio(thread);
800014f8:	329010ef          	jal	ra,80003020 <rt_sched_thread_get_init_prio>

    rt_list_for_each(node, &(thread->taken_object_list))
800014fc:	08842703          	lw	a4,136(s0)
80001500:	08840413          	addi	s0,s0,136
80001504:	00871a63          	bne	a4,s0,80001518 <_thread_get_mutex_priority+0x30>
            priority = mutex_prio;
        }
    }

    return priority;
}
80001508:	00c12083          	lw	ra,12(sp)
8000150c:	00812403          	lw	s0,8(sp)
80001510:	01010113          	addi	sp,sp,16
80001514:	00008067          	ret
        mutex_prio = mutex_prio < mutex->ceiling_priority ? mutex_prio : mutex->ceiling_priority;
80001518:	ff874783          	lbu	a5,-8(a4)
        rt_uint8_t mutex_prio = mutex->priority;
8000151c:	ff974683          	lbu	a3,-7(a4)
        mutex_prio = mutex_prio < mutex->ceiling_priority ? mutex_prio : mutex->ceiling_priority;
80001520:	0ff7f613          	andi	a2,a5,255
80001524:	00c6f463          	bgeu	a3,a2,8000152c <_thread_get_mutex_priority+0x44>
80001528:	00068793          	mv	a5,a3
8000152c:	0ff7f693          	andi	a3,a5,255
80001530:	00d57463          	bgeu	a0,a3,80001538 <_thread_get_mutex_priority+0x50>
80001534:	00050793          	mv	a5,a0
    rt_list_for_each(node, &(thread->taken_object_list))
80001538:	00072703          	lw	a4,0(a4)
8000153c:	0ff7f513          	andi	a0,a5,255
80001540:	fc5ff06f          	j	80001504 <_thread_get_mutex_priority+0x1c>

80001544 <_check_and_update_prio>:
        }
    }
}

static rt_bool_t _check_and_update_prio(rt_thread_t thread, rt_mutex_t mutex)
{
80001544:	ff010113          	addi	sp,sp,-16
80001548:	00912223          	sw	s1,4(sp)
8000154c:	00112623          	sw	ra,12(sp)
80001550:	00812423          	sw	s0,8(sp)
    RT_SCHED_DEBUG_IS_LOCKED;
    rt_bool_t do_sched = RT_FALSE;

    if ((mutex->ceiling_priority != 0xFF) || (rt_sched_thread_get_curr_prio(thread) == mutex->priority))
80001554:	0245c703          	lbu	a4,36(a1)
80001558:	0ff00793          	li	a5,255
{
8000155c:	00050493          	mv	s1,a0
    if ((mutex->ceiling_priority != 0xFF) || (rt_sched_thread_get_curr_prio(thread) == mutex->priority))
80001560:	02f70863          	beq	a4,a5,80001590 <_check_and_update_prio+0x4c>
    {
        rt_uint8_t priority = 0xff;

        /* get the highest priority in the taken list of thread */
        priority = _thread_get_mutex_priority(thread);
80001564:	00048513          	mv	a0,s1
80001568:	f81ff0ef          	jal	ra,800014e8 <_thread_get_mutex_priority>
8000156c:	00050593          	mv	a1,a0

        rt_sched_thread_change_priority(thread, priority);
80001570:	00048513          	mv	a0,s1
80001574:	3d1010ef          	jal	ra,80003144 <rt_sched_thread_change_priority>

        /**
         * notify a pending reschedule. Since scheduler is locked, we will not
         * really do a re-schedule at this point
         */
        do_sched = RT_TRUE;
80001578:	00100513          	li	a0,1
    }
    return do_sched;
}
8000157c:	00c12083          	lw	ra,12(sp)
80001580:	00812403          	lw	s0,8(sp)
80001584:	00412483          	lw	s1,4(sp)
80001588:	01010113          	addi	sp,sp,16
8000158c:	00008067          	ret
80001590:	00058413          	mv	s0,a1
    if ((mutex->ceiling_priority != 0xFF) || (rt_sched_thread_get_curr_prio(thread) == mutex->priority))
80001594:	285010ef          	jal	ra,80003018 <rt_sched_thread_get_curr_prio>
80001598:	02544783          	lbu	a5,37(s0)
8000159c:	fca784e3          	beq	a5,a0,80001564 <_check_and_update_prio+0x20>
    rt_bool_t do_sched = RT_FALSE;
800015a0:	00000513          	li	a0,0
    return do_sched;
800015a4:	fd9ff06f          	j	8000157c <_check_and_update_prio+0x38>

800015a8 <rt_susp_list_enqueue>:
{
800015a8:	fe010113          	addi	sp,sp,-32
800015ac:	00812c23          	sw	s0,24(sp)
800015b0:	00912a23          	sw	s1,20(sp)
800015b4:	00112e23          	sw	ra,28(sp)
800015b8:	01212823          	sw	s2,16(sp)
800015bc:	01312623          	sw	s3,12(sp)
800015c0:	00050493          	mv	s1,a0
800015c4:	00058413          	mv	s0,a1
    switch (ipc_flags)
800015c8:	02060863          	beqz	a2,800015f8 <rt_susp_list_enqueue+0x50>
800015cc:	00100793          	li	a5,1
800015d0:	02f60063          	beq	a2,a5,800015f0 <rt_susp_list_enqueue+0x48>
        RT_ASSERT(0);
800015d4:	11800613          	li	a2,280
800015d8:	00003597          	auipc	a1,0x3
800015dc:	5a458593          	addi	a1,a1,1444 # 80004b7c <__FUNCTION__.39>
800015e0:	00004517          	auipc	a0,0x4
800015e4:	f6c50513          	addi	a0,a0,-148 # 8000554c <__FUNCTION__.2+0xa8>
800015e8:	559000ef          	jal	ra,80002340 <rt_assert_handler>
        break;
800015ec:	0580006f          	j	80001644 <rt_susp_list_enqueue+0x9c>
            for (n = susp_list->next; n != susp_list; n = n->next)
800015f0:	00052903          	lw	s2,0(a0)
800015f4:	03249063          	bne	s1,s2,80001614 <rt_susp_list_enqueue+0x6c>
    l->prev->next = n;
800015f8:	0044a703          	lw	a4,4(s1)
                rt_list_insert_before(susp_list, &RT_THREAD_LIST_NODE(thread));
800015fc:	03440793          	addi	a5,s0,52
80001600:	00f72023          	sw	a5,0(a4)
    n->prev = l->prev;
80001604:	02e42c23          	sw	a4,56(s0)
    l->prev = n;
80001608:	00f4a223          	sw	a5,4(s1)
    n->next = l;
8000160c:	02942a23          	sw	s1,52(s0)
    return RT_EOK;
80001610:	0340006f          	j	80001644 <rt_susp_list_enqueue+0x9c>
                if (rt_sched_thread_get_curr_prio(thread) < rt_sched_thread_get_curr_prio(sthread))
80001614:	00040513          	mv	a0,s0
80001618:	201010ef          	jal	ra,80003018 <rt_sched_thread_get_curr_prio>
8000161c:	00050993          	mv	s3,a0
80001620:	fcc90513          	addi	a0,s2,-52
80001624:	1f5010ef          	jal	ra,80003018 <rt_sched_thread_get_curr_prio>
80001628:	02a9fe63          	bgeu	s3,a0,80001664 <rt_susp_list_enqueue+0xbc>
    l->prev->next = n;
8000162c:	00492703          	lw	a4,4(s2)
                    rt_list_insert_before(&RT_THREAD_LIST_NODE(sthread), &RT_THREAD_LIST_NODE(thread));
80001630:	03440793          	addi	a5,s0,52
80001634:	00f72023          	sw	a5,0(a4)
    n->prev = l->prev;
80001638:	02e42c23          	sw	a4,56(s0)
    l->prev = n;
8000163c:	00f92223          	sw	a5,4(s2)
    n->next = l;
80001640:	03242a23          	sw	s2,52(s0)
}
80001644:	01c12083          	lw	ra,28(sp)
80001648:	01812403          	lw	s0,24(sp)
8000164c:	01412483          	lw	s1,20(sp)
80001650:	01012903          	lw	s2,16(sp)
80001654:	00c12983          	lw	s3,12(sp)
80001658:	00000513          	li	a0,0
8000165c:	02010113          	addi	sp,sp,32
80001660:	00008067          	ret
            for (n = susp_list->next; n != susp_list; n = n->next)
80001664:	00092903          	lw	s2,0(s2)
80001668:	f8dff06f          	j	800015f4 <rt_susp_list_enqueue+0x4c>

8000166c <_thread_update_priority.constprop.0>:
rt_inline void _thread_update_priority(struct rt_thread *thread, rt_uint8_t priority, int suspend_flag)
8000166c:	fd010113          	addi	sp,sp,-48
80001670:	02912223          	sw	s1,36(sp)
80001674:	01312e23          	sw	s3,28(sp)
80001678:	01412c23          	sw	s4,24(sp)
8000167c:	02112623          	sw	ra,44(sp)
80001680:	02812423          	sw	s0,40(sp)
80001684:	03212023          	sw	s2,32(sp)
80001688:	00050493          	mv	s1,a0
        if (pending_obj && rt_object_get_type(pending_obj) == RT_Object_Class_Mutex)
8000168c:	00300993          	li	s3,3
    ret = rt_sched_thread_change_priority(thread, priority);
80001690:	2b5010ef          	jal	ra,80003144 <rt_sched_thread_change_priority>
        mutex->priority = 0xff;
80001694:	fff00a13          	li	s4,-1
    while ((ret == RT_EOK) && rt_sched_thread_is_suspended(thread))
80001698:	00051863          	bnez	a0,800016a8 <_thread_update_priority.constprop.0+0x3c>
8000169c:	00048513          	mv	a0,s1
800016a0:	189010ef          	jal	ra,80003028 <rt_sched_thread_is_suspended>
800016a4:	02051263          	bnez	a0,800016c8 <_thread_update_priority.constprop.0+0x5c>
}
800016a8:	02c12083          	lw	ra,44(sp)
800016ac:	02812403          	lw	s0,40(sp)
800016b0:	02412483          	lw	s1,36(sp)
800016b4:	02012903          	lw	s2,32(sp)
800016b8:	01c12983          	lw	s3,28(sp)
800016bc:	01812a03          	lw	s4,24(sp)
800016c0:	03010113          	addi	sp,sp,48
800016c4:	00008067          	ret
        pending_obj = thread->pending_object;
800016c8:	0904a403          	lw	s0,144(s1)
        if (pending_obj && rt_object_get_type(pending_obj) == RT_Object_Class_Mutex)
800016cc:	fc040ee3          	beqz	s0,800016a8 <_thread_update_priority.constprop.0+0x3c>
800016d0:	00040513          	mv	a0,s0
800016d4:	091010ef          	jal	ra,80002f64 <rt_object_get_type>
800016d8:	fd3518e3          	bne	a0,s3,800016a8 <_thread_update_priority.constprop.0+0x3c>
            rt_list_remove(&RT_THREAD_LIST_NODE(thread));
800016dc:	03448513          	addi	a0,s1,52
800016e0:	dedff0ef          	jal	ra,800014cc <rt_list_remove>
            ret = rt_susp_list_enqueue(
800016e4:	01144603          	lbu	a2,17(s0)
800016e8:	01c40913          	addi	s2,s0,28
800016ec:	00048593          	mv	a1,s1
800016f0:	00090513          	mv	a0,s2
800016f4:	eb5ff0ef          	jal	ra,800015a8 <rt_susp_list_enqueue>
            if (ret == RT_EOK)
800016f8:	fa0518e3          	bnez	a0,800016a8 <_thread_update_priority.constprop.0+0x3c>
    return l->next == l;
800016fc:	01c42503          	lw	a0,28(s0)
    if (!rt_list_isempty(&mutex->parent.suspend_thread))
80001700:	02a90e63          	beq	s2,a0,8000173c <_thread_update_priority.constprop.0+0xd0>
        mutex->priority = rt_sched_thread_get_curr_prio(thread);
80001704:	fcc50513          	addi	a0,a0,-52
80001708:	111010ef          	jal	ra,80003018 <rt_sched_thread_get_curr_prio>
8000170c:	02a402a3          	sb	a0,37(s0)
                mutex_priority = _thread_get_mutex_priority(pending_mutex->owner);
80001710:	02842503          	lw	a0,40(s0)
80001714:	dd5ff0ef          	jal	ra,800014e8 <_thread_get_mutex_priority>
80001718:	00a12623          	sw	a0,12(sp)
                if (mutex_priority != rt_sched_thread_get_curr_prio(pending_mutex->owner))
8000171c:	02842503          	lw	a0,40(s0)
80001720:	0f9010ef          	jal	ra,80003018 <rt_sched_thread_get_curr_prio>
80001724:	00c12583          	lw	a1,12(sp)
80001728:	f8a580e3          	beq	a1,a0,800016a8 <_thread_update_priority.constprop.0+0x3c>
                    thread = pending_mutex->owner;
8000172c:	02842483          	lw	s1,40(s0)
                    ret = rt_sched_thread_change_priority(thread, mutex_priority);
80001730:	00048513          	mv	a0,s1
80001734:	211010ef          	jal	ra,80003144 <rt_sched_thread_change_priority>
80001738:	f61ff06f          	j	80001698 <_thread_update_priority.constprop.0+0x2c>
        mutex->priority = 0xff;
8000173c:	034402a3          	sb	s4,37(s0)
80001740:	fd1ff06f          	j	80001710 <_thread_update_priority.constprop.0+0xa4>

80001744 <_rt_mutex_take>:
 *           If the return value is any other values, it means that the mutex take failed.
 *
 * @warning  This function can ONLY be called in the thread context. It MUST NOT BE called in interrupt context.
 */
static rt_err_t _rt_mutex_take(rt_mutex_t mutex, rt_int32_t timeout, int suspend_flag)
{
80001744:	fc010113          	addi	sp,sp,-64
80001748:	02812c23          	sw	s0,56(sp)
8000174c:	02912a23          	sw	s1,52(sp)
80001750:	03512223          	sw	s5,36(sp)
80001754:	02112e23          	sw	ra,60(sp)
80001758:	03212823          	sw	s2,48(sp)
8000175c:	03312623          	sw	s3,44(sp)
80001760:	03412423          	sw	s4,40(sp)
80001764:	03612023          	sw	s6,32(sp)
80001768:	00050413          	mv	s0,a0
8000176c:	00058a93          	mv	s5,a1
80001770:	00060493          	mv	s1,a2
    struct rt_thread *thread;
    rt_err_t ret;

    /* this function must not be used in interrupt even if time = 0 */
    /* current context checking */
    RT_DEBUG_SCHEDULER_AVAILABLE(RT_TRUE);
80001774:	068020ef          	jal	ra,800037dc <rt_critical_level>
80001778:	14050063          	beqz	a0,800018b8 <_rt_mutex_take+0x174>
8000177c:	00003597          	auipc	a1,0x3
80001780:	3c858593          	addi	a1,a1,968 # 80004b44 <__FUNCTION__.24>
80001784:	00003517          	auipc	a0,0x3
80001788:	24050513          	addi	a0,a0,576 # 800049c4 <__FUNCTION__.0+0x74>
8000178c:	139000ef          	jal	ra,800020c4 <rt_kprintf>
80001790:	53600613          	li	a2,1334
80001794:	00003597          	auipc	a1,0x3
80001798:	3b058593          	addi	a1,a1,944 # 80004b44 <__FUNCTION__.24>
8000179c:	00004517          	auipc	a0,0x4
800017a0:	db050513          	addi	a0,a0,-592 # 8000554c <__FUNCTION__.2+0xa8>
800017a4:	39d000ef          	jal	ra,80002340 <rt_assert_handler>
800017a8:	438020ef          	jal	ra,80003be0 <rt_thread_self>
800017ac:	02051863          	bnez	a0,800017dc <_rt_mutex_take+0x98>
800017b0:	00003597          	auipc	a1,0x3
800017b4:	39458593          	addi	a1,a1,916 # 80004b44 <__FUNCTION__.24>
800017b8:	00003517          	auipc	a0,0x3
800017bc:	23850513          	addi	a0,a0,568 # 800049f0 <__FUNCTION__.0+0xa0>
800017c0:	105000ef          	jal	ra,800020c4 <rt_kprintf>
800017c4:	53600613          	li	a2,1334
800017c8:	00003597          	auipc	a1,0x3
800017cc:	37c58593          	addi	a1,a1,892 # 80004b44 <__FUNCTION__.24>
800017d0:	00004517          	auipc	a0,0x4
800017d4:	d7c50513          	addi	a0,a0,-644 # 8000554c <__FUNCTION__.2+0xa8>
800017d8:	369000ef          	jal	ra,80002340 <rt_assert_handler>
800017dc:	06d000ef          	jal	ra,80002048 <rt_interrupt_get_nest>
800017e0:	02050863          	beqz	a0,80001810 <_rt_mutex_take+0xcc>
800017e4:	00003597          	auipc	a1,0x3
800017e8:	36058593          	addi	a1,a1,864 # 80004b44 <__FUNCTION__.24>
800017ec:	00003517          	auipc	a0,0x3
800017f0:	23c50513          	addi	a0,a0,572 # 80004a28 <__FUNCTION__.0+0xd8>
800017f4:	0d1000ef          	jal	ra,800020c4 <rt_kprintf>
800017f8:	53600613          	li	a2,1334
800017fc:	00003597          	auipc	a1,0x3
80001800:	34858593          	addi	a1,a1,840 # 80004b44 <__FUNCTION__.24>
80001804:	00004517          	auipc	a0,0x4
80001808:	d4850513          	addi	a0,a0,-696 # 8000554c <__FUNCTION__.2+0xa8>
8000180c:	335000ef          	jal	ra,80002340 <rt_assert_handler>

    /* parameter check */
    RT_ASSERT(mutex != RT_NULL);
80001810:	00041e63          	bnez	s0,8000182c <_rt_mutex_take+0xe8>
80001814:	53900613          	li	a2,1337
80001818:	00003597          	auipc	a1,0x3
8000181c:	32c58593          	addi	a1,a1,812 # 80004b44 <__FUNCTION__.24>
80001820:	00003517          	auipc	a0,0x3
80001824:	23050513          	addi	a0,a0,560 # 80004a50 <__FUNCTION__.0+0x100>
80001828:	319000ef          	jal	ra,80002340 <rt_assert_handler>
    RT_ASSERT(rt_object_get_type(&mutex->parent.parent) == RT_Object_Class_Mutex);
8000182c:	00040513          	mv	a0,s0
80001830:	734010ef          	jal	ra,80002f64 <rt_object_get_type>
80001834:	00300793          	li	a5,3
80001838:	00f50e63          	beq	a0,a5,80001854 <_rt_mutex_take+0x110>
8000183c:	53a00613          	li	a2,1338
80001840:	00003597          	auipc	a1,0x3
80001844:	30458593          	addi	a1,a1,772 # 80004b44 <__FUNCTION__.24>
80001848:	00003517          	auipc	a0,0x3
8000184c:	21c50513          	addi	a0,a0,540 # 80004a64 <__FUNCTION__.0+0x114>
80001850:	2f1000ef          	jal	ra,80002340 <rt_assert_handler>

    /* get current thread */
    thread = rt_thread_self();
80001854:	38c020ef          	jal	ra,80003be0 <rt_thread_self>

    rt_spin_lock(&(mutex->spinlock));
80001858:	03440a13          	addi	s4,s0,52
    thread = rt_thread_self();
8000185c:	00050993          	mv	s3,a0
    rt_spin_lock(&(mutex->spinlock));
80001860:	000a0513          	mv	a0,s4
80001864:	9cdff0ef          	jal	ra,80001230 <rt_spin_lock>

    RT_OBJECT_HOOK_CALL(rt_object_trytake_hook, (&(mutex->parent.parent)));
80001868:	cd81a783          	lw	a5,-808(gp) # 801004d8 <rt_object_trytake_hook>
8000186c:	00078663          	beqz	a5,80001878 <_rt_mutex_take+0x134>
80001870:	00040513          	mv	a0,s0
80001874:	000780e7          	jalr	a5
          thread->parent.name, mutex->hold);

    /* reset thread error */
    thread->error = RT_EOK;

    if (mutex->owner == thread)
80001878:	02842783          	lw	a5,40(s0)
    thread->error = RT_EOK;
8000187c:	0209a823          	sw	zero,48(s3)
    if (mutex->owner == thread)
80001880:	07379e63          	bne	a5,s3,800018fc <_rt_mutex_take+0x1b8>
    {
        if (mutex->hold < RT_MUTEX_HOLD_MAX)
80001884:	02644783          	lbu	a5,38(s0)
80001888:	0ff00713          	li	a4,255
8000188c:	02e78c63          	beq	a5,a4,800018c4 <_rt_mutex_take+0x180>
        {
            /* it's the same thread */
            mutex->hold ++;
80001890:	00178793          	addi	a5,a5,1
80001894:	02f40323          	sb	a5,38(s0)
                }
            }
        }
    }

    rt_spin_unlock(&(mutex->spinlock));
80001898:	000a0513          	mv	a0,s4
8000189c:	999ff0ef          	jal	ra,80001234 <rt_spin_unlock>

    RT_OBJECT_HOOK_CALL(rt_object_take_hook, (&(mutex->parent.parent)));
800018a0:	cd41a783          	lw	a5,-812(gp) # 801004d4 <rt_object_take_hook>

    return RT_EOK;
800018a4:	00000493          	li	s1,0
    RT_OBJECT_HOOK_CALL(rt_object_take_hook, (&(mutex->parent.parent)));
800018a8:	02078463          	beqz	a5,800018d0 <_rt_mutex_take+0x18c>
800018ac:	00040513          	mv	a0,s0
800018b0:	000780e7          	jalr	a5
800018b4:	01c0006f          	j	800018d0 <_rt_mutex_take+0x18c>
    RT_DEBUG_SCHEDULER_AVAILABLE(RT_TRUE);
800018b8:	7d4000ef          	jal	ra,8000208c <rt_hw_interrupt_is_disabled>
800018bc:	ec0510e3          	bnez	a0,8000177c <_rt_mutex_take+0x38>
800018c0:	ee9ff06f          	j	800017a8 <_rt_mutex_take+0x64>
            rt_spin_unlock(&(mutex->spinlock));
800018c4:	000a0513          	mv	a0,s4
800018c8:	96dff0ef          	jal	ra,80001234 <rt_spin_unlock>
            return -RT_EFULL; /* value overflowed */
800018cc:	ffd00493          	li	s1,-3
}
800018d0:	03c12083          	lw	ra,60(sp)
800018d4:	03812403          	lw	s0,56(sp)
800018d8:	03012903          	lw	s2,48(sp)
800018dc:	02c12983          	lw	s3,44(sp)
800018e0:	02812a03          	lw	s4,40(sp)
800018e4:	02412a83          	lw	s5,36(sp)
800018e8:	02012b03          	lw	s6,32(sp)
800018ec:	00048513          	mv	a0,s1
800018f0:	03412483          	lw	s1,52(sp)
800018f4:	04010113          	addi	sp,sp,64
800018f8:	00008067          	ret
        if (mutex->owner == RT_NULL)
800018fc:	04079e63          	bnez	a5,80001958 <_rt_mutex_take+0x214>
            mutex->priority = 0xff;
80001900:	fff00793          	li	a5,-1
            if (mutex->ceiling_priority != 0xFF)
80001904:	02444483          	lbu	s1,36(s0)
            mutex->priority = 0xff;
80001908:	02f402a3          	sb	a5,37(s0)
            mutex->hold     = 1;
8000190c:	00100793          	li	a5,1
80001910:	02f40323          	sb	a5,38(s0)
            mutex->owner    = thread;
80001914:	03342423          	sw	s3,40(s0)
            if (mutex->ceiling_priority != 0xFF)
80001918:	0ff00793          	li	a5,255
8000191c:	00f48e63          	beq	s1,a5,80001938 <_rt_mutex_take+0x1f4>
                if (mutex->ceiling_priority < rt_sched_thread_get_curr_prio(mutex->owner))
80001920:	00098513          	mv	a0,s3
80001924:	6f4010ef          	jal	ra,80003018 <rt_sched_thread_get_curr_prio>
80001928:	00a4f863          	bgeu	s1,a0,80001938 <_rt_mutex_take+0x1f4>
                    _thread_update_priority(mutex->owner, mutex->ceiling_priority, suspend_flag);
8000192c:	02444583          	lbu	a1,36(s0)
80001930:	02842503          	lw	a0,40(s0)
80001934:	d39ff0ef          	jal	ra,8000166c <_thread_update_priority.constprop.0>
    l->next->prev = n;
80001938:	0889a703          	lw	a4,136(s3)
            rt_list_insert_after(&thread->taken_object_list, &mutex->taken_list);
8000193c:	02c40793          	addi	a5,s0,44
80001940:	08898993          	addi	s3,s3,136
80001944:	00f72223          	sw	a5,4(a4)
    n->next = l->next;
80001948:	02e42623          	sw	a4,44(s0)
    l->next = n;
8000194c:	00f9a023          	sw	a5,0(s3)
    n->prev = l;
80001950:	03342823          	sw	s3,48(s0)
}
80001954:	f45ff06f          	j	80001898 <_rt_mutex_take+0x154>
            if (timeout == 0)
80001958:	000a9e63          	bnez	s5,80001974 <_rt_mutex_take+0x230>
                thread->error = RT_ETIMEOUT;
8000195c:	00200793          	li	a5,2
80001960:	02f9a823          	sw	a5,48(s3)
                rt_spin_unlock(&(mutex->spinlock));
80001964:	000a0513          	mv	a0,s4
80001968:	8cdff0ef          	jal	ra,80001234 <rt_spin_unlock>
                return -RT_ETIMEOUT;
8000196c:	ffe00493          	li	s1,-2
80001970:	f61ff06f          	j	800018d0 <_rt_mutex_take+0x18c>
                ret = rt_thread_suspend_to_list(thread, &(mutex->parent.suspend_thread),
80001974:	01144603          	lbu	a2,17(s0)
80001978:	01c40b13          	addi	s6,s0,28
8000197c:	00048693          	mv	a3,s1
80001980:	000b0593          	mv	a1,s6
80001984:	00098513          	mv	a0,s3
80001988:	41c020ef          	jal	ra,80003da4 <rt_thread_suspend_to_list>
8000198c:	00050493          	mv	s1,a0
                if (ret != RT_EOK)
80001990:	00050863          	beqz	a0,800019a0 <_rt_mutex_take+0x25c>
                    rt_spin_unlock(&(mutex->spinlock));
80001994:	000a0513          	mv	a0,s4
80001998:	89dff0ef          	jal	ra,80001234 <rt_spin_unlock>
                    return ret;
8000199c:	f35ff06f          	j	800018d0 <_rt_mutex_take+0x18c>
                thread->pending_object = &(mutex->parent.parent);
800019a0:	0889a823          	sw	s0,144(s3)
                rt_sched_lock(&slvl);
800019a4:	01810513          	addi	a0,sp,24
800019a8:	111010ef          	jal	ra,800032b8 <rt_sched_lock>
                priority = rt_sched_thread_get_curr_prio(thread);
800019ac:	00098513          	mv	a0,s3
800019b0:	668010ef          	jal	ra,80003018 <rt_sched_thread_get_curr_prio>
                if (priority < mutex->priority)
800019b4:	02544783          	lbu	a5,37(s0)
                priority = rt_sched_thread_get_curr_prio(thread);
800019b8:	00050913          	mv	s2,a0
                if (priority < mutex->priority)
800019bc:	02f57063          	bgeu	a0,a5,800019dc <_rt_mutex_take+0x298>
                    mutex->priority = priority;
800019c0:	02a402a3          	sb	a0,37(s0)
                    if (mutex->priority < rt_sched_thread_get_curr_prio(mutex->owner))
800019c4:	02842503          	lw	a0,40(s0)
800019c8:	650010ef          	jal	ra,80003018 <rt_sched_thread_get_curr_prio>
800019cc:	00a97863          	bgeu	s2,a0,800019dc <_rt_mutex_take+0x298>
                        _thread_update_priority(mutex->owner, priority, RT_UNINTERRUPTIBLE); /* TODO */
800019d0:	02842503          	lw	a0,40(s0)
800019d4:	00090593          	mv	a1,s2
800019d8:	c95ff0ef          	jal	ra,8000166c <_thread_update_priority.constprop.0>
                rt_sched_unlock(slvl);
800019dc:	01812503          	lw	a0,24(sp)
800019e0:	111010ef          	jal	ra,800032f0 <rt_sched_unlock>
                if (timeout > 0)
800019e4:	03505263          	blez	s5,80001a08 <_rt_mutex_take+0x2c4>
                    rt_timer_control(&(thread->thread_timer),
800019e8:	05098913          	addi	s2,s3,80
800019ec:	01c10613          	addi	a2,sp,28
800019f0:	00000593          	li	a1,0
800019f4:	00090513          	mv	a0,s2
                    rt_tick_t timeout_tick = timeout;
800019f8:	01512e23          	sw	s5,28(sp)
                    rt_timer_control(&(thread->thread_timer),
800019fc:	305020ef          	jal	ra,80004500 <rt_timer_control>
                    rt_timer_start(&(thread->thread_timer));
80001a00:	00090513          	mv	a0,s2
80001a04:	141020ef          	jal	ra,80004344 <rt_timer_start>
                rt_spin_unlock(&(mutex->spinlock));
80001a08:	000a0513          	mv	a0,s4
80001a0c:	829ff0ef          	jal	ra,80001234 <rt_spin_unlock>
                rt_schedule();
80001a10:	379010ef          	jal	ra,80003588 <rt_schedule>
                rt_spin_lock(&(mutex->spinlock));
80001a14:	000a0513          	mv	a0,s4
80001a18:	819ff0ef          	jal	ra,80001230 <rt_spin_lock>
                if (mutex->owner == thread)
80001a1c:	02842783          	lw	a5,40(s0)
80001a20:	0309a503          	lw	a0,48(s3)
80001a24:	03379263          	bne	a5,s3,80001a48 <_rt_mutex_take+0x304>
                    RT_ASSERT(thread->error == RT_EOK);
80001a28:	e60508e3          	beqz	a0,80001898 <_rt_mutex_take+0x154>
80001a2c:	5b500613          	li	a2,1461
80001a30:	00003597          	auipc	a1,0x3
80001a34:	11458593          	addi	a1,a1,276 # 80004b44 <__FUNCTION__.24>
80001a38:	00003517          	auipc	a0,0x3
80001a3c:	07050513          	addi	a0,a0,112 # 80004aa8 <__FUNCTION__.0+0x158>
80001a40:	101000ef          	jal	ra,80002340 <rt_assert_handler>
80001a44:	e55ff06f          	j	80001898 <_rt_mutex_take+0x154>
                    ret = thread->error;
80001a48:	00050a93          	mv	s5,a0
                    if (ret == RT_EOK)
80001a4c:	00051463          	bnez	a0,80001a54 <_rt_mutex_take+0x310>
                        ret = -RT_EINTR;
80001a50:	ff700a93          	li	s5,-9
                    rt_sched_lock(&slvl);
80001a54:	01810513          	addi	a0,sp,24
80001a58:	061010ef          	jal	ra,800032b8 <rt_sched_lock>
                    if (mutex->owner && rt_sched_thread_get_curr_prio(mutex->owner) == rt_sched_thread_get_curr_prio(thread))
80001a5c:	02842503          	lw	a0,40(s0)
80001a60:	00050e63          	beqz	a0,80001a7c <_rt_mutex_take+0x338>
80001a64:	5b4010ef          	jal	ra,80003018 <rt_sched_thread_get_curr_prio>
80001a68:	00050913          	mv	s2,a0
80001a6c:	00098513          	mv	a0,s3
80001a70:	5a8010ef          	jal	ra,80003018 <rt_sched_thread_get_curr_prio>
80001a74:	40a90933          	sub	s2,s2,a0
80001a78:	00193493          	seqz	s1,s2
    return l->next == l;
80001a7c:	01c42503          	lw	a0,28(s0)
                    if (!rt_list_isempty(&mutex->parent.suspend_thread))
80001a80:	04ab0e63          	beq	s6,a0,80001adc <_rt_mutex_take+0x398>
                        mutex->priority = rt_sched_thread_get_curr_prio(th);
80001a84:	fcc50513          	addi	a0,a0,-52
80001a88:	590010ef          	jal	ra,80003018 <rt_sched_thread_get_curr_prio>
80001a8c:	02a402a3          	sb	a0,37(s0)
                    if (need_update)
80001a90:	02048463          	beqz	s1,80001ab8 <_rt_mutex_take+0x374>
                        priority = _thread_get_mutex_priority(mutex->owner);
80001a94:	02842503          	lw	a0,40(s0)
80001a98:	a51ff0ef          	jal	ra,800014e8 <_thread_get_mutex_priority>
80001a9c:	00a12623          	sw	a0,12(sp)
                        if (priority != rt_sched_thread_get_curr_prio(mutex->owner))
80001aa0:	02842503          	lw	a0,40(s0)
80001aa4:	574010ef          	jal	ra,80003018 <rt_sched_thread_get_curr_prio>
80001aa8:	00c12583          	lw	a1,12(sp)
80001aac:	00b50663          	beq	a0,a1,80001ab8 <_rt_mutex_take+0x374>
                            _thread_update_priority(mutex->owner, priority, RT_UNINTERRUPTIBLE);
80001ab0:	02842503          	lw	a0,40(s0)
80001ab4:	bb9ff0ef          	jal	ra,8000166c <_thread_update_priority.constprop.0>
                    rt_sched_unlock(slvl);
80001ab8:	01812503          	lw	a0,24(sp)
80001abc:	035010ef          	jal	ra,800032f0 <rt_sched_unlock>
                    rt_spin_unlock(&(mutex->spinlock));
80001ac0:	000a0513          	mv	a0,s4
80001ac4:	f70ff0ef          	jal	ra,80001234 <rt_spin_unlock>
                    return ret > 0 ? -ret : ret;
80001ac8:	41fad793          	srai	a5,s5,0x1f
80001acc:	0157c533          	xor	a0,a5,s5
                    thread->pending_object = RT_NULL;
80001ad0:	0809a823          	sw	zero,144(s3)
                    return ret > 0 ? -ret : ret;
80001ad4:	40a784b3          	sub	s1,a5,a0
80001ad8:	df9ff06f          	j	800018d0 <_rt_mutex_take+0x18c>
                        mutex->priority = 0xff;
80001adc:	fff00793          	li	a5,-1
80001ae0:	02f402a3          	sb	a5,37(s0)
80001ae4:	fadff06f          	j	80001a90 <_rt_mutex_take+0x34c>

80001ae8 <rt_mutex_init>:
{
80001ae8:	ff010113          	addi	sp,sp,-16
80001aec:	00812423          	sw	s0,8(sp)
80001af0:	00912223          	sw	s1,4(sp)
80001af4:	00112623          	sw	ra,12(sp)
80001af8:	00050413          	mv	s0,a0
80001afc:	00058493          	mv	s1,a1
    RT_ASSERT(mutex != RT_NULL);
80001b00:	00051e63          	bnez	a0,80001b1c <rt_mutex_init+0x34>
80001b04:	3f600613          	li	a2,1014
80001b08:	00003597          	auipc	a1,0x3
80001b0c:	06458593          	addi	a1,a1,100 # 80004b6c <__FUNCTION__.31>
80001b10:	00003517          	auipc	a0,0x3
80001b14:	f4050513          	addi	a0,a0,-192 # 80004a50 <__FUNCTION__.0+0x100>
80001b18:	029000ef          	jal	ra,80002340 <rt_assert_handler>
    rt_object_init(&(mutex->parent.parent), RT_Object_Class_Mutex, name);
80001b1c:	00048613          	mv	a2,s1
80001b20:	00040513          	mv	a0,s0
80001b24:	00300593          	li	a1,3
80001b28:	781000ef          	jal	ra,80002aa8 <rt_object_init>
    rt_list_init(&(ipc->suspend_thread));
80001b2c:	01c40793          	addi	a5,s0,28
    l->next = l->prev = l;
80001b30:	02f42023          	sw	a5,32(s0)
80001b34:	00f42e23          	sw	a5,28(s0)
    mutex->ceiling_priority = 0xFF;
80001b38:	fff00793          	li	a5,-1
80001b3c:	02f41223          	sh	a5,36(s0)
    rt_list_init(&(mutex->taken_list));
80001b40:	02c40793          	addi	a5,s0,44
80001b44:	02f42823          	sw	a5,48(s0)
80001b48:	02f42623          	sw	a5,44(s0)
    mutex->parent.parent.flag = RT_IPC_FLAG_PRIO;
80001b4c:	00100793          	li	a5,1
    rt_spin_lock_init(&(mutex->spinlock));
80001b50:	03440513          	addi	a0,s0,52
    mutex->owner    = RT_NULL;
80001b54:	02042423          	sw	zero,40(s0)
    mutex->hold     = 0;
80001b58:	02040323          	sb	zero,38(s0)
    mutex->parent.parent.flag = RT_IPC_FLAG_PRIO;
80001b5c:	00f408a3          	sb	a5,17(s0)
    rt_spin_lock_init(&(mutex->spinlock));
80001b60:	eccff0ef          	jal	ra,8000122c <rt_spin_lock_init>
}
80001b64:	00c12083          	lw	ra,12(sp)
80001b68:	00812403          	lw	s0,8(sp)
80001b6c:	00412483          	lw	s1,4(sp)
80001b70:	00000513          	li	a0,0
80001b74:	01010113          	addi	sp,sp,16
80001b78:	00008067          	ret

80001b7c <rt_mutex_drop_thread>:
{
80001b7c:	fc010113          	addi	sp,sp,-64
80001b80:	02812c23          	sw	s0,56(sp)
80001b84:	03212823          	sw	s2,48(sp)
80001b88:	02112e23          	sw	ra,60(sp)
80001b8c:	02912a23          	sw	s1,52(sp)
80001b90:	03312623          	sw	s3,44(sp)
80001b94:	00050413          	mv	s0,a0
80001b98:	00058913          	mv	s2,a1
    RT_DEBUG_IN_THREAD_CONTEXT;
80001b9c:	044020ef          	jal	ra,80003be0 <rt_thread_self>
80001ba0:	02051863          	bnez	a0,80001bd0 <rt_mutex_drop_thread+0x54>
80001ba4:	00003597          	auipc	a1,0x3
80001ba8:	fb058593          	addi	a1,a1,-80 # 80004b54 <__FUNCTION__.29>
80001bac:	00003517          	auipc	a0,0x3
80001bb0:	e4450513          	addi	a0,a0,-444 # 800049f0 <__FUNCTION__.0+0xa0>
80001bb4:	510000ef          	jal	ra,800020c4 <rt_kprintf>
80001bb8:	43e00613          	li	a2,1086
80001bbc:	00003597          	auipc	a1,0x3
80001bc0:	f9858593          	addi	a1,a1,-104 # 80004b54 <__FUNCTION__.29>
80001bc4:	00004517          	auipc	a0,0x4
80001bc8:	98850513          	addi	a0,a0,-1656 # 8000554c <__FUNCTION__.2+0xa8>
80001bcc:	774000ef          	jal	ra,80002340 <rt_assert_handler>
80001bd0:	478000ef          	jal	ra,80002048 <rt_interrupt_get_nest>
80001bd4:	02050863          	beqz	a0,80001c04 <rt_mutex_drop_thread+0x88>
80001bd8:	00003597          	auipc	a1,0x3
80001bdc:	f7c58593          	addi	a1,a1,-132 # 80004b54 <__FUNCTION__.29>
80001be0:	00003517          	auipc	a0,0x3
80001be4:	e4850513          	addi	a0,a0,-440 # 80004a28 <__FUNCTION__.0+0xd8>
80001be8:	4dc000ef          	jal	ra,800020c4 <rt_kprintf>
80001bec:	43e00613          	li	a2,1086
80001bf0:	00003597          	auipc	a1,0x3
80001bf4:	f6458593          	addi	a1,a1,-156 # 80004b54 <__FUNCTION__.29>
80001bf8:	00004517          	auipc	a0,0x4
80001bfc:	95450513          	addi	a0,a0,-1708 # 8000554c <__FUNCTION__.2+0xa8>
80001c00:	740000ef          	jal	ra,80002340 <rt_assert_handler>
    RT_ASSERT(mutex != RT_NULL);
80001c04:	00041e63          	bnez	s0,80001c20 <rt_mutex_drop_thread+0xa4>
80001c08:	43f00613          	li	a2,1087
80001c0c:	00003597          	auipc	a1,0x3
80001c10:	f4858593          	addi	a1,a1,-184 # 80004b54 <__FUNCTION__.29>
80001c14:	00003517          	auipc	a0,0x3
80001c18:	e3c50513          	addi	a0,a0,-452 # 80004a50 <__FUNCTION__.0+0x100>
80001c1c:	724000ef          	jal	ra,80002340 <rt_assert_handler>
    RT_ASSERT(thread != RT_NULL);
80001c20:	00091e63          	bnez	s2,80001c3c <rt_mutex_drop_thread+0xc0>
80001c24:	44000613          	li	a2,1088
80001c28:	00003597          	auipc	a1,0x3
80001c2c:	f2c58593          	addi	a1,a1,-212 # 80004b54 <__FUNCTION__.29>
80001c30:	00003517          	auipc	a0,0x3
80001c34:	e9050513          	addi	a0,a0,-368 # 80004ac0 <__FUNCTION__.0+0x170>
80001c38:	708000ef          	jal	ra,80002340 <rt_assert_handler>
    rt_spin_lock(&(mutex->spinlock));
80001c3c:	03440993          	addi	s3,s0,52
80001c40:	00098513          	mv	a0,s3
80001c44:	decff0ef          	jal	ra,80001230 <rt_spin_lock>
    RT_ASSERT(thread->pending_object == &mutex->parent.parent);
80001c48:	09092783          	lw	a5,144(s2)
80001c4c:	00878e63          	beq	a5,s0,80001c68 <rt_mutex_drop_thread+0xec>
80001c50:	44400613          	li	a2,1092
80001c54:	00003597          	auipc	a1,0x3
80001c58:	f0058593          	addi	a1,a1,-256 # 80004b54 <__FUNCTION__.29>
80001c5c:	00003517          	auipc	a0,0x3
80001c60:	e7850513          	addi	a0,a0,-392 # 80004ad4 <__FUNCTION__.0+0x184>
80001c64:	6dc000ef          	jal	ra,80002340 <rt_assert_handler>
    rt_sched_lock(&slvl);
80001c68:	01c10513          	addi	a0,sp,28
80001c6c:	64c010ef          	jal	ra,800032b8 <rt_sched_lock>
    rt_list_remove(&RT_THREAD_LIST_NODE(thread));
80001c70:	03490513          	addi	a0,s2,52
80001c74:	859ff0ef          	jal	ra,800014cc <rt_list_remove>
    if (mutex->owner && rt_sched_thread_get_curr_prio(mutex->owner) ==
80001c78:	02842503          	lw	a0,40(s0)
    rt_bool_t need_update = RT_FALSE;
80001c7c:	00000493          	li	s1,0
    if (mutex->owner && rt_sched_thread_get_curr_prio(mutex->owner) ==
80001c80:	00050e63          	beqz	a0,80001c9c <rt_mutex_drop_thread+0x120>
80001c84:	394010ef          	jal	ra,80003018 <rt_sched_thread_get_curr_prio>
80001c88:	00050493          	mv	s1,a0
                            rt_sched_thread_get_curr_prio(thread))
80001c8c:	00090513          	mv	a0,s2
80001c90:	388010ef          	jal	ra,80003018 <rt_sched_thread_get_curr_prio>
    if (mutex->owner && rt_sched_thread_get_curr_prio(mutex->owner) ==
80001c94:	40a484b3          	sub	s1,s1,a0
80001c98:	0014b493          	seqz	s1,s1
    return l->next == l;
80001c9c:	01c42503          	lw	a0,28(s0)
    if (!rt_list_isempty(&mutex->parent.suspend_thread))
80001ca0:	01c40793          	addi	a5,s0,28
80001ca4:	06f50263          	beq	a0,a5,80001d08 <rt_mutex_drop_thread+0x18c>
        mutex->priority = rt_sched_thread_get_curr_prio(th);
80001ca8:	fcc50513          	addi	a0,a0,-52
80001cac:	36c010ef          	jal	ra,80003018 <rt_sched_thread_get_curr_prio>
80001cb0:	02a402a3          	sb	a0,37(s0)
    if (need_update)
80001cb4:	02048463          	beqz	s1,80001cdc <rt_mutex_drop_thread+0x160>
        priority = _thread_get_mutex_priority(mutex->owner);
80001cb8:	02842503          	lw	a0,40(s0)
80001cbc:	82dff0ef          	jal	ra,800014e8 <_thread_get_mutex_priority>
80001cc0:	00a12623          	sw	a0,12(sp)
        if (priority != rt_sched_thread_get_curr_prio(mutex->owner))
80001cc4:	02842503          	lw	a0,40(s0)
80001cc8:	350010ef          	jal	ra,80003018 <rt_sched_thread_get_curr_prio>
80001ccc:	00c12583          	lw	a1,12(sp)
80001cd0:	00b50663          	beq	a0,a1,80001cdc <rt_mutex_drop_thread+0x160>
            _thread_update_priority(mutex->owner, priority, RT_UNINTERRUPTIBLE);
80001cd4:	02842503          	lw	a0,40(s0)
80001cd8:	995ff0ef          	jal	ra,8000166c <_thread_update_priority.constprop.0>
    rt_sched_unlock(slvl);
80001cdc:	01c12503          	lw	a0,28(sp)
80001ce0:	610010ef          	jal	ra,800032f0 <rt_sched_unlock>
    rt_spin_unlock(&(mutex->spinlock));
80001ce4:	00098513          	mv	a0,s3
80001ce8:	d4cff0ef          	jal	ra,80001234 <rt_spin_unlock>
}
80001cec:	03c12083          	lw	ra,60(sp)
80001cf0:	03812403          	lw	s0,56(sp)
80001cf4:	03412483          	lw	s1,52(sp)
80001cf8:	03012903          	lw	s2,48(sp)
80001cfc:	02c12983          	lw	s3,44(sp)
80001d00:	04010113          	addi	sp,sp,64
80001d04:	00008067          	ret
        mutex->priority = 0xff;
80001d08:	fff00793          	li	a5,-1
80001d0c:	02f402a3          	sb	a5,37(s0)
80001d10:	fa5ff06f          	j	80001cb4 <rt_mutex_drop_thread+0x138>

80001d14 <rt_mutex_take>:

rt_err_t rt_mutex_take(rt_mutex_t mutex, rt_int32_t time)
{
    return _rt_mutex_take(mutex, time, RT_UNINTERRUPTIBLE);
80001d14:	00200613          	li	a2,2
80001d18:	a2dff06f          	j	80001744 <_rt_mutex_take>

80001d1c <rt_mutex_release>:
 *
 * @return   Return the operation status. When the return value is RT_EOK, the operation is successful.
 *           If the return value is any other values, it means that the mutex release failed.
 */
rt_err_t rt_mutex_release(rt_mutex_t mutex)
{
80001d1c:	fb010113          	addi	sp,sp,-80
80001d20:	04812423          	sw	s0,72(sp)
80001d24:	04112623          	sw	ra,76(sp)
80001d28:	04912223          	sw	s1,68(sp)
80001d2c:	05212023          	sw	s2,64(sp)
80001d30:	03312e23          	sw	s3,60(sp)
80001d34:	03412c23          	sw	s4,56(sp)
80001d38:	03512a23          	sw	s5,52(sp)
80001d3c:	03612823          	sw	s6,48(sp)
80001d40:	03712623          	sw	s7,44(sp)
80001d44:	03812423          	sw	s8,40(sp)
80001d48:	00050413          	mv	s0,a0
    rt_sched_lock_level_t slvl;
    struct rt_thread *thread;
    rt_bool_t need_schedule;

    /* parameter check */
    RT_ASSERT(mutex != RT_NULL);
80001d4c:	00051e63          	bnez	a0,80001d68 <rt_mutex_release+0x4c>
80001d50:	63e00613          	li	a2,1598
80001d54:	00003597          	auipc	a1,0x3
80001d58:	ddc58593          	addi	a1,a1,-548 # 80004b30 <__FUNCTION__.23>
80001d5c:	00003517          	auipc	a0,0x3
80001d60:	cf450513          	addi	a0,a0,-780 # 80004a50 <__FUNCTION__.0+0x100>
80001d64:	5dc000ef          	jal	ra,80002340 <rt_assert_handler>
    RT_ASSERT(rt_object_get_type(&mutex->parent.parent) == RT_Object_Class_Mutex);
80001d68:	00040513          	mv	a0,s0
80001d6c:	1f8010ef          	jal	ra,80002f64 <rt_object_get_type>
80001d70:	00300793          	li	a5,3
80001d74:	00f50e63          	beq	a0,a5,80001d90 <rt_mutex_release+0x74>
80001d78:	63f00613          	li	a2,1599
80001d7c:	00003597          	auipc	a1,0x3
80001d80:	db458593          	addi	a1,a1,-588 # 80004b30 <__FUNCTION__.23>
80001d84:	00003517          	auipc	a0,0x3
80001d88:	ce050513          	addi	a0,a0,-800 # 80004a64 <__FUNCTION__.0+0x114>
80001d8c:	5b4000ef          	jal	ra,80002340 <rt_assert_handler>

    need_schedule = RT_FALSE;

    /* only thread could release mutex because we need test the ownership */
    RT_DEBUG_IN_THREAD_CONTEXT;
80001d90:	651010ef          	jal	ra,80003be0 <rt_thread_self>
80001d94:	02051863          	bnez	a0,80001dc4 <rt_mutex_release+0xa8>
80001d98:	00003597          	auipc	a1,0x3
80001d9c:	d9858593          	addi	a1,a1,-616 # 80004b30 <__FUNCTION__.23>
80001da0:	00003517          	auipc	a0,0x3
80001da4:	c5050513          	addi	a0,a0,-944 # 800049f0 <__FUNCTION__.0+0xa0>
80001da8:	31c000ef          	jal	ra,800020c4 <rt_kprintf>
80001dac:	64400613          	li	a2,1604
80001db0:	00003597          	auipc	a1,0x3
80001db4:	d8058593          	addi	a1,a1,-640 # 80004b30 <__FUNCTION__.23>
80001db8:	00003517          	auipc	a0,0x3
80001dbc:	79450513          	addi	a0,a0,1940 # 8000554c <__FUNCTION__.2+0xa8>
80001dc0:	580000ef          	jal	ra,80002340 <rt_assert_handler>
80001dc4:	284000ef          	jal	ra,80002048 <rt_interrupt_get_nest>
80001dc8:	02050863          	beqz	a0,80001df8 <rt_mutex_release+0xdc>
80001dcc:	00003597          	auipc	a1,0x3
80001dd0:	d6458593          	addi	a1,a1,-668 # 80004b30 <__FUNCTION__.23>
80001dd4:	00003517          	auipc	a0,0x3
80001dd8:	c5450513          	addi	a0,a0,-940 # 80004a28 <__FUNCTION__.0+0xd8>
80001ddc:	2e8000ef          	jal	ra,800020c4 <rt_kprintf>
80001de0:	64400613          	li	a2,1604
80001de4:	00003597          	auipc	a1,0x3
80001de8:	d4c58593          	addi	a1,a1,-692 # 80004b30 <__FUNCTION__.23>
80001dec:	00003517          	auipc	a0,0x3
80001df0:	76050513          	addi	a0,a0,1888 # 8000554c <__FUNCTION__.2+0xa8>
80001df4:	54c000ef          	jal	ra,80002340 <rt_assert_handler>

    /* get current thread */
    thread = rt_thread_self();
80001df8:	5e9010ef          	jal	ra,80003be0 <rt_thread_self>

    rt_spin_lock(&(mutex->spinlock));
80001dfc:	03440993          	addi	s3,s0,52
    thread = rt_thread_self();
80001e00:	00050493          	mv	s1,a0
    rt_spin_lock(&(mutex->spinlock));
80001e04:	00098513          	mv	a0,s3
80001e08:	c28ff0ef          	jal	ra,80001230 <rt_spin_lock>

    LOG_D("mutex_release:current thread %s, hold: %d",
          thread->parent.name, mutex->hold);

    RT_OBJECT_HOOK_CALL(rt_object_put_hook, (&(mutex->parent.parent)));
80001e0c:	cd01a783          	lw	a5,-816(gp) # 801004d0 <rt_object_put_hook>
80001e10:	00078663          	beqz	a5,80001e1c <rt_mutex_release+0x100>
80001e14:	00040513          	mv	a0,s0
80001e18:	000780e7          	jalr	a5
     * Mutex can only be released by its owner.
     * Exception: if the owner thread is already closed, allow other threads
     * to release so the orphaned mutex can be cleaned up (e.g. cross-thread
     * rt_thread_delete path in _thread_detach_from_mutex).
     */
    if (thread != mutex->owner)
80001e1c:	02842783          	lw	a5,40(s0)
80001e20:	06978863          	beq	a5,s1,80001e90 <rt_mutex_release+0x174>
    {
        rt_bool_t owner_closed = RT_FALSE;

        if (mutex->owner != RT_NULL)
80001e24:	04079463          	bnez	a5,80001e6c <rt_mutex_release+0x150>
            rt_sched_unlock(slvl);
        }

        if (!owner_closed)
        {
            thread->error = -RT_ERROR;
80001e28:	fff00793          	li	a5,-1
            rt_spin_unlock(&(mutex->spinlock));
80001e2c:	00098513          	mv	a0,s3
            thread->error = -RT_ERROR;
80001e30:	02f4a823          	sw	a5,48(s1)
            rt_spin_unlock(&(mutex->spinlock));
80001e34:	c00ff0ef          	jal	ra,80001234 <rt_spin_unlock>
            return -RT_ERROR;
80001e38:	fff00513          	li	a0,-1
    /* perform a schedule */
    if (need_schedule == RT_TRUE)
        rt_schedule();

    return RT_EOK;
}
80001e3c:	04c12083          	lw	ra,76(sp)
80001e40:	04812403          	lw	s0,72(sp)
80001e44:	04412483          	lw	s1,68(sp)
80001e48:	04012903          	lw	s2,64(sp)
80001e4c:	03c12983          	lw	s3,60(sp)
80001e50:	03812a03          	lw	s4,56(sp)
80001e54:	03412a83          	lw	s5,52(sp)
80001e58:	03012b03          	lw	s6,48(sp)
80001e5c:	02c12b83          	lw	s7,44(sp)
80001e60:	02812c03          	lw	s8,40(sp)
80001e64:	05010113          	addi	sp,sp,80
80001e68:	00008067          	ret
            rt_sched_lock(&slvl);
80001e6c:	01c10513          	addi	a0,sp,28
80001e70:	448010ef          	jal	ra,800032b8 <rt_sched_lock>
                (rt_sched_thread_get_stat(mutex->owner) == RT_THREAD_CLOSE);
80001e74:	02842503          	lw	a0,40(s0)
80001e78:	194010ef          	jal	ra,8000300c <rt_sched_thread_get_stat>
80001e7c:	00050913          	mv	s2,a0
            rt_sched_unlock(slvl);
80001e80:	01c12503          	lw	a0,28(sp)
80001e84:	46c010ef          	jal	ra,800032f0 <rt_sched_unlock>
        if (!owner_closed)
80001e88:	00100793          	li	a5,1
80001e8c:	f8f91ee3          	bne	s2,a5,80001e28 <rt_mutex_release+0x10c>
    mutex->hold --;
80001e90:	02644783          	lbu	a5,38(s0)
    need_schedule = RT_FALSE;
80001e94:	00000493          	li	s1,0
    mutex->hold --;
80001e98:	fff78793          	addi	a5,a5,-1
80001e9c:	0ff7f793          	andi	a5,a5,255
80001ea0:	02f40323          	sb	a5,38(s0)
    if (mutex->hold == 0)
80001ea4:	0a079863          	bnez	a5,80001f54 <rt_mutex_release+0x238>
        rt_sched_lock(&slvl);
80001ea8:	01c10513          	addi	a0,sp,28
        struct rt_thread *owner = mutex->owner;
80001eac:	02842483          	lw	s1,40(s0)
        rt_list_remove(&mutex->taken_list);
80001eb0:	02c40a93          	addi	s5,s0,44
        rt_sched_lock(&slvl);
80001eb4:	404010ef          	jal	ra,800032b8 <rt_sched_lock>
        rt_list_remove(&mutex->taken_list);
80001eb8:	000a8513          	mv	a0,s5
80001ebc:	e10ff0ef          	jal	ra,800014cc <rt_list_remove>
        need_schedule = _check_and_update_prio(owner, mutex);
80001ec0:	00048513          	mv	a0,s1
80001ec4:	00040593          	mv	a1,s0
80001ec8:	e7cff0ef          	jal	ra,80001544 <_check_and_update_prio>
        if (!rt_list_isempty(&mutex->parent.suspend_thread))
80001ecc:	01c42783          	lw	a5,28(s0)
80001ed0:	01c40a13          	addi	s4,s0,28
        need_schedule = _check_and_update_prio(owner, mutex);
80001ed4:	00050493          	mv	s1,a0
        if (!rt_list_isempty(&mutex->parent.suspend_thread))
80001ed8:	0afa0063          	beq	s4,a5,80001f78 <rt_mutex_release+0x25c>
                RT_ASSERT(rt_sched_thread_is_suspended(next_thread));
80001edc:	00003b97          	auipc	s7,0x3
80001ee0:	c54b8b93          	addi	s7,s7,-940 # 80004b30 <__FUNCTION__.23>
80001ee4:	00003c17          	auipc	s8,0x3
80001ee8:	c20c0c13          	addi	s8,s8,-992 # 80004b04 <__FUNCTION__.0+0x1b4>
                next_thread = RT_THREAD_LIST_NODE_ENTRY(mutex->parent.suspend_thread.next);
80001eec:	01c42903          	lw	s2,28(s0)
80001ef0:	fcc90b13          	addi	s6,s2,-52
                RT_ASSERT(rt_sched_thread_is_suspended(next_thread));
80001ef4:	000b0513          	mv	a0,s6
80001ef8:	130010ef          	jal	ra,80003028 <rt_sched_thread_is_suspended>
80001efc:	00051a63          	bnez	a0,80001f10 <rt_mutex_release+0x1f4>
80001f00:	68300613          	li	a2,1667
80001f04:	000b8593          	mv	a1,s7
80001f08:	000c0513          	mv	a0,s8
80001f0c:	434000ef          	jal	ra,80002340 <rt_assert_handler>
                rt_list_remove(&RT_THREAD_LIST_NODE(next_thread));
80001f10:	00090513          	mv	a0,s2
80001f14:	db8ff0ef          	jal	ra,800014cc <rt_list_remove>
                if (rt_sched_thread_ready(next_thread) != RT_EOK)
80001f18:	000b0513          	mv	a0,s6
80001f1c:	148010ef          	jal	ra,80003064 <rt_sched_thread_ready>
80001f20:	06050863          	beqz	a0,80001f90 <rt_mutex_release+0x274>
            } while (!next_thread && !rt_list_isempty(&mutex->parent.suspend_thread));
80001f24:	01c42783          	lw	a5,28(s0)
80001f28:	fcfa12e3          	bne	s4,a5,80001eec <rt_mutex_release+0x1d0>
                mutex->priority = 0xff;
80001f2c:	fff00793          	li	a5,-1
                mutex->owner = RT_NULL;
80001f30:	02042423          	sw	zero,40(s0)
                mutex->priority = 0xff;
80001f34:	02f402a3          	sb	a5,37(s0)
80001f38:	0140006f          	j	80001f4c <rt_mutex_release+0x230>
                    mutex->priority = rt_sched_thread_get_curr_prio(th);
80001f3c:	fcc50513          	addi	a0,a0,-52
80001f40:	0d8010ef          	jal	ra,80003018 <rt_sched_thread_get_curr_prio>
80001f44:	02a402a3          	sb	a0,37(s0)
                need_schedule = RT_TRUE;
80001f48:	00100493          	li	s1,1
            rt_sched_unlock(slvl);
80001f4c:	01c12503          	lw	a0,28(sp)
80001f50:	3a0010ef          	jal	ra,800032f0 <rt_sched_unlock>
    rt_spin_unlock(&(mutex->spinlock));
80001f54:	00098513          	mv	a0,s3
80001f58:	adcff0ef          	jal	ra,80001234 <rt_spin_unlock>
    if (need_schedule == RT_TRUE)
80001f5c:	00100793          	li	a5,1
    return RT_EOK;
80001f60:	00000513          	li	a0,0
    if (need_schedule == RT_TRUE)
80001f64:	ecf49ce3          	bne	s1,a5,80001e3c <rt_mutex_release+0x120>
80001f68:	00a12623          	sw	a0,12(sp)
        rt_schedule();
80001f6c:	61c010ef          	jal	ra,80003588 <rt_schedule>
80001f70:	00c12503          	lw	a0,12(sp)
80001f74:	ec9ff06f          	j	80001e3c <rt_mutex_release+0x120>
            rt_sched_unlock(slvl);
80001f78:	01c12503          	lw	a0,28(sp)
80001f7c:	374010ef          	jal	ra,800032f0 <rt_sched_unlock>
            mutex->priority = 0xff;
80001f80:	fff00793          	li	a5,-1
            mutex->owner    = RT_NULL;
80001f84:	02042423          	sw	zero,40(s0)
            mutex->priority = 0xff;
80001f88:	02f402a3          	sb	a5,37(s0)
80001f8c:	fc9ff06f          	j	80001f54 <rt_mutex_release+0x238>
                mutex->hold  = 1;
80001f90:	00100793          	li	a5,1
80001f94:	02f40323          	sb	a5,38(s0)
    l->next->prev = n;
80001f98:	05492783          	lw	a5,84(s2)
                mutex->owner = next_thread;
80001f9c:	03642423          	sw	s6,40(s0)
80001fa0:	0157a223          	sw	s5,4(a5)
    n->next = l->next;
80001fa4:	02f42623          	sw	a5,44(s0)
    l->next = n;
80001fa8:	05592a23          	sw	s5,84(s2)
                rt_list_insert_after(&next_thread->taken_object_list, &mutex->taken_list);
80001fac:	05490793          	addi	a5,s2,84
    return l->next == l;
80001fb0:	01c42503          	lw	a0,28(s0)
    n->prev = l;
80001fb4:	02f42823          	sw	a5,48(s0)
                next_thread->pending_object = RT_NULL;
80001fb8:	04092e23          	sw	zero,92(s2)
                if (!rt_list_isempty(&(mutex->parent.suspend_thread)))
80001fbc:	f8aa10e3          	bne	s4,a0,80001f3c <rt_mutex_release+0x220>
                    mutex->priority = 0xff;
80001fc0:	fff00793          	li	a5,-1
80001fc4:	02f402a3          	sb	a5,37(s0)
80001fc8:	f81ff06f          	j	80001f48 <rt_mutex_release+0x22c>

80001fcc <rt_interrupt_enter>:
 * @note Please don't invoke this routine in application
 *
 * @see rt_interrupt_leave
 */
rt_weak void rt_interrupt_enter(void)
{
80001fcc:	ff010113          	addi	sp,sp,-16
80001fd0:	00112623          	sw	ra,12(sp)
    level = rt_hw_interrupt_disable();
80001fd4:	a20fe0ef          	jal	ra,800001f4 <rt_hw_interrupt_disable>
    temp = *ptr;
80001fd8:	bf818793          	addi	a5,gp,-1032 # 801003f8 <rt_interrupt_nest>
80001fdc:	0007a703          	lw	a4,0(a5)
    *ptr += val;
80001fe0:	0007a703          	lw	a4,0(a5)
80001fe4:	00170713          	addi	a4,a4,1
80001fe8:	00e7a023          	sw	a4,0(a5)
    rt_hw_interrupt_enable(level);
80001fec:	a10fe0ef          	jal	ra,800001fc <rt_hw_interrupt_enable>
    rt_atomic_add(&(rt_interrupt_nest), 1);
    RT_OBJECT_HOOK_CALL(rt_interrupt_enter_hook,());
80001ff0:	bf01a783          	lw	a5,-1040(gp) # 801003f0 <rt_interrupt_enter_hook>
80001ff4:	00078863          	beqz	a5,80002004 <rt_interrupt_enter+0x38>
    LOG_D("irq has come..., irq current nest:%d",
          (rt_int32_t)rt_atomic_load(&(rt_interrupt_nest)));
}
80001ff8:	00c12083          	lw	ra,12(sp)
80001ffc:	01010113          	addi	sp,sp,16
    RT_OBJECT_HOOK_CALL(rt_interrupt_enter_hook,());
80002000:	00078067          	jr	a5
}
80002004:	00c12083          	lw	ra,12(sp)
80002008:	01010113          	addi	sp,sp,16
8000200c:	00008067          	ret

80002010 <rt_interrupt_leave>:
 * @note Please don't invoke this routine in application
 *
 * @see rt_interrupt_enter
 */
rt_weak void rt_interrupt_leave(void)
{
80002010:	ff010113          	addi	sp,sp,-16
80002014:	00112623          	sw	ra,12(sp)
    LOG_D("irq is going to leave, irq current nest:%d",
                 (rt_int32_t)rt_atomic_load(&(rt_interrupt_nest)));
    RT_OBJECT_HOOK_CALL(rt_interrupt_leave_hook,());
80002018:	bf41a783          	lw	a5,-1036(gp) # 801003f4 <rt_interrupt_leave_hook>
8000201c:	00078463          	beqz	a5,80002024 <rt_interrupt_leave+0x14>
80002020:	000780e7          	jalr	a5
    level = rt_hw_interrupt_disable();
80002024:	9d0fe0ef          	jal	ra,800001f4 <rt_hw_interrupt_disable>
    temp = *ptr;
80002028:	bf818793          	addi	a5,gp,-1032 # 801003f8 <rt_interrupt_nest>
8000202c:	0007a703          	lw	a4,0(a5)
    *ptr -= val;
80002030:	0007a703          	lw	a4,0(a5)
    rt_atomic_sub(&(rt_interrupt_nest), 1);

}
80002034:	00c12083          	lw	ra,12(sp)
80002038:	fff70713          	addi	a4,a4,-1
8000203c:	00e7a023          	sw	a4,0(a5)
80002040:	01010113          	addi	sp,sp,16
    rt_hw_interrupt_enable(level);
80002044:	9b8fe06f          	j	800001fc <rt_hw_interrupt_enable>

80002048 <rt_interrupt_get_nest>:
 * context is interrupt context.
 *
 * @return the number of nested interrupts.
 */
rt_weak rt_uint8_t rt_interrupt_get_nest(void)
{
80002048:	ff010113          	addi	sp,sp,-16
8000204c:	00112623          	sw	ra,12(sp)
80002050:	00812423          	sw	s0,8(sp)
80002054:	00912223          	sw	s1,4(sp)
    rt_uint8_t ret;
    rt_base_t level;

    level = rt_hw_local_irq_disable();
80002058:	99cfe0ef          	jal	ra,800001f4 <rt_hw_interrupt_disable>
8000205c:	00050413          	mv	s0,a0
    level = rt_hw_interrupt_disable();
80002060:	994fe0ef          	jal	ra,800001f4 <rt_hw_interrupt_disable>
    temp = *ptr;
80002064:	bf81a483          	lw	s1,-1032(gp) # 801003f8 <rt_interrupt_nest>
    rt_hw_interrupt_enable(level);
80002068:	994fe0ef          	jal	ra,800001fc <rt_hw_interrupt_enable>
    ret = rt_atomic_load(&rt_interrupt_nest);
    rt_hw_local_irq_enable(level);
8000206c:	00040513          	mv	a0,s0
80002070:	98cfe0ef          	jal	ra,800001fc <rt_hw_interrupt_enable>
    return ret;
}
80002074:	00c12083          	lw	ra,12(sp)
80002078:	00812403          	lw	s0,8(sp)
8000207c:	0ff4f513          	andi	a0,s1,255
80002080:	00412483          	lw	s1,4(sp)
80002084:	01010113          	addi	sp,sp,16
80002088:	00008067          	ret

8000208c <rt_hw_interrupt_is_disabled>:
RTM_EXPORT(rt_hw_interrupt_enable);

rt_weak rt_bool_t rt_hw_interrupt_is_disabled(void)
{
    return RT_FALSE;
}
8000208c:	00000513          	li	a0,0
80002090:	00008067          	ret

80002094 <_heap_lock>:
    rt_mutex_init(&_lock, "heap", RT_IPC_FLAG_PRIO);
#endif
}

rt_inline rt_base_t _heap_lock(void)
{
80002094:	ff010113          	addi	sp,sp,-16
80002098:	00112623          	sw	ra,12(sp)
#if defined(RT_USING_HEAP_ISR)
    return rt_spin_lock_irqsave(&_heap_spinlock);
#elif defined(RT_USING_MUTEX)
    if (rt_thread_self())
8000209c:	345010ef          	jal	ra,80003be0 <rt_thread_self>
800020a0:	00050c63          	beqz	a0,800020b8 <_heap_lock+0x24>
        return RT_EOK;
#else
    rt_enter_critical();
    return RT_EOK;
#endif
}
800020a4:	00c12083          	lw	ra,12(sp)
        return rt_mutex_take(&_lock, RT_WAITING_FOREVER);
800020a8:	fff00593          	li	a1,-1
800020ac:	bfc18513          	addi	a0,gp,-1028 # 801003fc <_lock>
}
800020b0:	01010113          	addi	sp,sp,16
        return rt_mutex_take(&_lock, RT_WAITING_FOREVER);
800020b4:	c61ff06f          	j	80001d14 <rt_mutex_take>
}
800020b8:	00c12083          	lw	ra,12(sp)
800020bc:	01010113          	addi	sp,sp,16
800020c0:	00008067          	ret

800020c4 <rt_kprintf>:
{
800020c4:	fc010113          	addi	sp,sp,-64
800020c8:	00812c23          	sw	s0,24(sp)
800020cc:	00112e23          	sw	ra,28(sp)
800020d0:	02b12223          	sw	a1,36(sp)
800020d4:	02c12423          	sw	a2,40(sp)
800020d8:	02d12623          	sw	a3,44(sp)
800020dc:	02e12823          	sw	a4,48(sp)
800020e0:	02f12a23          	sw	a5,52(sp)
800020e4:	03012c23          	sw	a6,56(sp)
800020e8:	03112e23          	sw	a7,60(sp)
    return _console_output_enabled;
800020ec:	8081a403          	lw	s0,-2040(gp) # 80100008 <_console_output_enabled>
    if (!rt_console_output_get_enabled())
800020f0:	02040a63          	beqz	s0,80002124 <rt_kprintf+0x60>
    va_start(args, fmt);
800020f4:	02410693          	addi	a3,sp,36
    length = rt_vsnprintf(rt_log_buf, sizeof(rt_log_buf) - 1, fmt, args);
800020f8:	00050613          	mv	a2,a0
800020fc:	07f00593          	li	a1,127
80002100:	c4018513          	addi	a0,gp,-960 # 80100440 <rt_log_buf.3>
    va_start(args, fmt);
80002104:	00d12623          	sw	a3,12(sp)
    length = rt_vsnprintf(rt_log_buf, sizeof(rt_log_buf) - 1, fmt, args);
80002108:	839fe0ef          	jal	ra,80000940 <rt_vsnprintf>
    _kputs(rt_log_buf, length);
8000210c:	07f00793          	li	a5,127
    length = rt_vsnprintf(rt_log_buf, sizeof(rt_log_buf) - 1, fmt, args);
80002110:	00050413          	mv	s0,a0
    _kputs(rt_log_buf, length);
80002114:	00a7f463          	bgeu	a5,a0,8000211c <rt_kprintf+0x58>
80002118:	07f00413          	li	s0,127
    rt_hw_console_output(str);
8000211c:	c4018513          	addi	a0,gp,-960 # 80100440 <rt_log_buf.3>
80002120:	e05fe0ef          	jal	ra,80000f24 <rt_hw_console_output>
}
80002124:	01c12083          	lw	ra,28(sp)
80002128:	00040513          	mv	a0,s0
8000212c:	01812403          	lw	s0,24(sp)
80002130:	04010113          	addi	sp,sp,64
80002134:	00008067          	ret

80002138 <rt_hw_backtrace_frame_unwind>:
{
80002138:	ff010113          	addi	sp,sp,-16
    LOG_W("%s is not implemented", __func__);
8000213c:	00003517          	auipc	a0,0x3
80002140:	a5850513          	addi	a0,a0,-1448 # 80004b94 <__FUNCTION__.39+0x18>
{
80002144:	00112623          	sw	ra,12(sp)
    LOG_W("%s is not implemented", __func__);
80002148:	f7dff0ef          	jal	ra,800020c4 <rt_kprintf>
8000214c:	00003597          	auipc	a1,0x3
80002150:	c6058593          	addi	a1,a1,-928 # 80004dac <__func__.4>
80002154:	00003517          	auipc	a0,0x3
80002158:	ad450513          	addi	a0,a0,-1324 # 80004c28 <__FUNCTION__.39+0xac>
8000215c:	f69ff0ef          	jal	ra,800020c4 <rt_kprintf>
80002160:	00003517          	auipc	a0,0x3
80002164:	ac050513          	addi	a0,a0,-1344 # 80004c20 <__FUNCTION__.39+0xa4>
80002168:	f5dff0ef          	jal	ra,800020c4 <rt_kprintf>
}
8000216c:	00c12083          	lw	ra,12(sp)
80002170:	ffa00513          	li	a0,-6
80002174:	01010113          	addi	sp,sp,16
80002178:	00008067          	ret

8000217c <rt_show_version>:
{
8000217c:	ff010113          	addi	sp,sp,-16
    rt_kprintf("\n \\ | /\n");
80002180:	00003517          	auipc	a0,0x3
80002184:	ac050513          	addi	a0,a0,-1344 # 80004c40 <__FUNCTION__.39+0xc4>
{
80002188:	00112623          	sw	ra,12(sp)
    rt_kprintf("\n \\ | /\n");
8000218c:	f39ff0ef          	jal	ra,800020c4 <rt_kprintf>
    rt_kprintf("- RT -     Thread Nano Operating System\n");
80002190:	00003517          	auipc	a0,0x3
80002194:	abc50513          	addi	a0,a0,-1348 # 80004c4c <__FUNCTION__.39+0xd0>
80002198:	f2dff0ef          	jal	ra,800020c4 <rt_kprintf>
    rt_kprintf(" / | \\     %d.%d.%d build %s %s\n",
8000219c:	00003797          	auipc	a5,0x3
800021a0:	adc78793          	addi	a5,a5,-1316 # 80004c78 <__FUNCTION__.39+0xfc>
800021a4:	00003717          	auipc	a4,0x3
800021a8:	ae070713          	addi	a4,a4,-1312 # 80004c84 <__FUNCTION__.39+0x108>
800021ac:	00000693          	li	a3,0
800021b0:	00300613          	li	a2,3
800021b4:	00500593          	li	a1,5
800021b8:	00003517          	auipc	a0,0x3
800021bc:	ad850513          	addi	a0,a0,-1320 # 80004c90 <__FUNCTION__.39+0x114>
800021c0:	f05ff0ef          	jal	ra,800020c4 <rt_kprintf>
}
800021c4:	00c12083          	lw	ra,12(sp)
    rt_kprintf(" 2006 - 2024 Copyright by RT-Thread team\n");
800021c8:	00003517          	auipc	a0,0x3
800021cc:	aec50513          	addi	a0,a0,-1300 # 80004cb4 <__FUNCTION__.39+0x138>
}
800021d0:	01010113          	addi	sp,sp,16
    rt_kprintf(" 2006 - 2024 Copyright by RT-Thread team\n");
800021d4:	ef1ff06f          	j	800020c4 <rt_kprintf>

800021d8 <rt_backtrace_frame>:
{
800021d8:	fe010113          	addi	sp,sp,-32
800021dc:	01212823          	sw	s2,16(sp)
800021e0:	00050913          	mv	s2,a0
    rt_kprintf("please use: addr2line -e rtthread.elf -a -f\n");
800021e4:	00003517          	auipc	a0,0x3
800021e8:	afc50513          	addi	a0,a0,-1284 # 80004ce0 <__FUNCTION__.39+0x164>
{
800021ec:	00812c23          	sw	s0,24(sp)
800021f0:	00912a23          	sw	s1,20(sp)
800021f4:	01312623          	sw	s3,12(sp)
800021f8:	00112e23          	sw	ra,28(sp)
800021fc:	00058413          	mv	s0,a1
    rt_kprintf("please use: addr2line -e rtthread.elf -a -f\n");
80002200:	02000493          	li	s1,32
80002204:	ec1ff0ef          	jal	ra,800020c4 <rt_kprintf>
        rt_kprintf(" 0x%lx", (rt_ubase_t)frame->pc);
80002208:	00003997          	auipc	s3,0x3
8000220c:	b0898993          	addi	s3,s3,-1272 # 80004d10 <__FUNCTION__.39+0x194>
80002210:	00442583          	lw	a1,4(s0)
80002214:	00098513          	mv	a0,s3
80002218:	eadff0ef          	jal	ra,800020c4 <rt_kprintf>
        if (rt_hw_backtrace_frame_unwind(thread, frame))
8000221c:	00040593          	mv	a1,s0
80002220:	00090513          	mv	a0,s2
80002224:	f15ff0ef          	jal	ra,80002138 <rt_hw_backtrace_frame_unwind>
80002228:	00051663          	bnez	a0,80002234 <rt_backtrace_frame+0x5c>
    while (nesting < RT_BACKTRACE_LEVEL_MAX_NR)
8000222c:	fff48493          	addi	s1,s1,-1
80002230:	fe0490e3          	bnez	s1,80002210 <rt_backtrace_frame+0x38>
    rt_kprintf("\n");
80002234:	00002517          	auipc	a0,0x2
80002238:	7b850513          	addi	a0,a0,1976 # 800049ec <__FUNCTION__.0+0x9c>
8000223c:	e89ff0ef          	jal	ra,800020c4 <rt_kprintf>
}
80002240:	01c12083          	lw	ra,28(sp)
80002244:	01812403          	lw	s0,24(sp)
80002248:	01412483          	lw	s1,20(sp)
8000224c:	01012903          	lw	s2,16(sp)
80002250:	00c12983          	lw	s3,12(sp)
80002254:	00000513          	li	a0,0
80002258:	02010113          	addi	sp,sp,32
8000225c:	00008067          	ret

80002260 <rt_backtrace>:
{
80002260:	fe010113          	addi	sp,sp,-32
80002264:	00112e23          	sw	ra,28(sp)
80002268:	00812c23          	sw	s0,24(sp)
8000226c:	00912a23          	sw	s1,20(sp)
80002270:	02010413          	addi	s0,sp,32
    struct rt_hw_backtrace_frame frame = {0};
80002274:	fe042423          	sw	zero,-24(s0)
80002278:	fe042623          	sw	zero,-20(s0)
    rt_thread_t thread = rt_thread_self();
8000227c:	165010ef          	jal	ra,80003be0 <rt_thread_self>
    RT_HW_BACKTRACE_FRAME_GET_SELF(&frame);
80002280:	00000797          	auipc	a5,0x0
80002284:	fe078793          	addi	a5,a5,-32 # 80002260 <rt_backtrace>
    rt_hw_backtrace_frame_unwind(thread, &frame);
80002288:	fe840593          	addi	a1,s0,-24
    rt_thread_t thread = rt_thread_self();
8000228c:	00050493          	mv	s1,a0
    RT_HW_BACKTRACE_FRAME_GET_SELF(&frame);
80002290:	fef42623          	sw	a5,-20(s0)
80002294:	fe842423          	sw	s0,-24(s0)
    rt_hw_backtrace_frame_unwind(thread, &frame);
80002298:	ea1ff0ef          	jal	ra,80002138 <rt_hw_backtrace_frame_unwind>
    return rt_backtrace_frame(thread, &frame);
8000229c:	fe840593          	addi	a1,s0,-24
800022a0:	00048513          	mv	a0,s1
800022a4:	f35ff0ef          	jal	ra,800021d8 <rt_backtrace_frame>
}
800022a8:	01c12083          	lw	ra,28(sp)
800022ac:	01812403          	lw	s0,24(sp)
800022b0:	01412483          	lw	s1,20(sp)
800022b4:	02010113          	addi	sp,sp,32
800022b8:	00008067          	ret

800022bc <__rt_ffs>:
 * @return Return the index of the first bit set. If value is 0, then this function
 *         shall return 0.
 */
int __rt_ffs(int value)
{
    if (value == 0)
800022bc:	08050063          	beqz	a0,8000233c <__rt_ffs+0x80>
    {
        return 0;
    }

    if (value & 0xff)
800022c0:	0ff57713          	andi	a4,a0,255
800022c4:	00003797          	auipc	a5,0x3
800022c8:	b0878793          	addi	a5,a5,-1272 # 80004dcc <__lowest_bit_bitmap>
800022cc:	00070a63          	beqz	a4,800022e0 <__rt_ffs+0x24>
    {
        return __lowest_bit_bitmap[value & 0xff] + 1;
800022d0:	00e787b3          	add	a5,a5,a4
800022d4:	0007c503          	lbu	a0,0(a5)
800022d8:	00150513          	addi	a0,a0,1
800022dc:	00008067          	ret
    }

    if (value & 0xff00)
800022e0:	00010737          	lui	a4,0x10
800022e4:	f0070713          	addi	a4,a4,-256 # ff00 <_start-0x7fff0100>
800022e8:	00e57733          	and	a4,a0,a4
800022ec:	00070e63          	beqz	a4,80002308 <__rt_ffs+0x4c>
    {
        return __lowest_bit_bitmap[(value & 0xff00) >> 8] + 9;
800022f0:	40855513          	srai	a0,a0,0x8
800022f4:	0ff57513          	andi	a0,a0,255
800022f8:	00a78533          	add	a0,a5,a0
800022fc:	00054503          	lbu	a0,0(a0)
80002300:	00950513          	addi	a0,a0,9
80002304:	00008067          	ret
    }

    if (value & 0xff0000)
80002308:	00ff0737          	lui	a4,0xff0
8000230c:	00e57733          	and	a4,a0,a4
80002310:	00070e63          	beqz	a4,8000232c <__rt_ffs+0x70>
    {
        return __lowest_bit_bitmap[(value & 0xff0000) >> 16] + 17;
80002314:	41055513          	srai	a0,a0,0x10
80002318:	0ff57513          	andi	a0,a0,255
8000231c:	00a78533          	add	a0,a5,a0
80002320:	00054503          	lbu	a0,0(a0)
80002324:	01150513          	addi	a0,a0,17
80002328:	00008067          	ret
    }

    return __lowest_bit_bitmap[(value & 0xff000000) >> 24] + 25;
8000232c:	01855513          	srli	a0,a0,0x18
80002330:	00a78533          	add	a0,a5,a0
80002334:	00054503          	lbu	a0,0(a0)
80002338:	01950513          	addi	a0,a0,25
}
8000233c:	00008067          	ret

80002340 <rt_assert_handler>:
 * @param func is the function name when assertion.
 *
 * @param line is the file line number when assertion.
 */
void rt_assert_handler(const char *ex_string, const char *func, rt_size_t line)
{
80002340:	fe010113          	addi	sp,sp,-32
80002344:	00112e23          	sw	ra,28(sp)
    volatile char dummy = 0;
80002348:	000107a3          	sb	zero,15(sp)

    if (rt_assert_hook == RT_NULL)
8000234c:	c381a803          	lw	a6,-968(gp) # 80100438 <rt_assert_hook>
80002350:	02081c63          	bnez	a6,80002388 <rt_assert_handler+0x48>
80002354:	00060693          	mv	a3,a2
            dlmodule_exit(-1);
        }
        else
#endif /*RT_USING_MODULE*/
        {
            rt_kprintf("(%s) assertion failed at function:%s, line number:%d \n", ex_string, func, line);
80002358:	00058613          	mv	a2,a1
8000235c:	00050593          	mv	a1,a0
80002360:	00003517          	auipc	a0,0x3
80002364:	9b850513          	addi	a0,a0,-1608 # 80004d18 <__FUNCTION__.39+0x19c>
80002368:	d5dff0ef          	jal	ra,800020c4 <rt_kprintf>
            rt_backtrace();
8000236c:	ef5ff0ef          	jal	ra,80002260 <rt_backtrace>
            while (dummy == 0);
80002370:	00f14783          	lbu	a5,15(sp)
80002374:	0ff7f793          	andi	a5,a5,255
80002378:	fe078ce3          	beqz	a5,80002370 <rt_assert_handler+0x30>
    }
    else
    {
        rt_assert_hook(ex_string, func, line);
    }
}
8000237c:	01c12083          	lw	ra,28(sp)
80002380:	02010113          	addi	sp,sp,32
80002384:	00008067          	ret
80002388:	01c12083          	lw	ra,28(sp)
8000238c:	02010113          	addi	sp,sp,32
        rt_assert_hook(ex_string, func, line);
80002390:	00080067          	jr	a6

80002394 <rt_system_heap_init_generic>:
{
80002394:	ff010113          	addi	sp,sp,-16
    rt_uintptr_t begin_align = RT_ALIGN((rt_uintptr_t)begin_addr, RT_ALIGN_SIZE);
80002398:	00350513          	addi	a0,a0,3
{
8000239c:	00812423          	sw	s0,8(sp)
800023a0:	00912223          	sw	s1,4(sp)
800023a4:	00112623          	sw	ra,12(sp)
    rt_uintptr_t begin_align = RT_ALIGN((rt_uintptr_t)begin_addr, RT_ALIGN_SIZE);
800023a8:	ffc57413          	andi	s0,a0,-4
    rt_uintptr_t end_align   = RT_ALIGN_DOWN((rt_uintptr_t)end_addr, RT_ALIGN_SIZE);
800023ac:	ffc5f493          	andi	s1,a1,-4
    RT_ASSERT(end_align > begin_align);
800023b0:	00946e63          	bltu	s0,s1,800023cc <rt_system_heap_init_generic+0x38>
800023b4:	46400613          	li	a2,1124
800023b8:	00003597          	auipc	a1,0x3
800023bc:	9d858593          	addi	a1,a1,-1576 # 80004d90 <__FUNCTION__.1>
800023c0:	00003517          	auipc	a0,0x3
800023c4:	99050513          	addi	a0,a0,-1648 # 80004d50 <__FUNCTION__.39+0x1d4>
800023c8:	f79ff0ef          	jal	ra,80002340 <rt_assert_handler>
    _MEM_INIT("heap", (void *)begin_align, end_align - begin_align);
800023cc:	40848633          	sub	a2,s1,s0
800023d0:	00040593          	mv	a1,s0
800023d4:	00003517          	auipc	a0,0x3
800023d8:	99450513          	addi	a0,a0,-1644 # 80004d68 <__FUNCTION__.39+0x1ec>
800023dc:	21c000ef          	jal	ra,800025f8 <rt_smem_init>
}
800023e0:	00812403          	lw	s0,8(sp)
800023e4:	00c12083          	lw	ra,12(sp)
800023e8:	00412483          	lw	s1,4(sp)
    _MEM_INIT("heap", (void *)begin_align, end_align - begin_align);
800023ec:	cca1a223          	sw	a0,-828(gp) # 801004c4 <system_heap>
    rt_mutex_init(&_lock, "heap", RT_IPC_FLAG_PRIO);
800023f0:	00100613          	li	a2,1
800023f4:	00003597          	auipc	a1,0x3
800023f8:	97458593          	addi	a1,a1,-1676 # 80004d68 <__FUNCTION__.39+0x1ec>
800023fc:	bfc18513          	addi	a0,gp,-1028 # 801003fc <_lock>
}
80002400:	01010113          	addi	sp,sp,16
    rt_mutex_init(&_lock, "heap", RT_IPC_FLAG_PRIO);
80002404:	ee4ff06f          	j	80001ae8 <rt_mutex_init>

80002408 <rt_system_heap_init>:
    rt_system_heap_init_generic(begin_addr, end_addr);
80002408:	f8dff06f          	j	80002394 <rt_system_heap_init_generic>

8000240c <_heap_unlock>:
{
8000240c:	ff010113          	addi	sp,sp,-16
80002410:	00112623          	sw	ra,12(sp)
    RT_ASSERT(level == RT_EOK);
80002414:	00050e63          	beqz	a0,80002430 <_heap_unlock+0x24>
80002418:	40000613          	li	a2,1024
8000241c:	00003597          	auipc	a1,0x3
80002420:	96458593          	addi	a1,a1,-1692 # 80004d80 <__FUNCTION__.0>
80002424:	00003517          	auipc	a0,0x3
80002428:	94c50513          	addi	a0,a0,-1716 # 80004d70 <__FUNCTION__.39+0x1f4>
8000242c:	f15ff0ef          	jal	ra,80002340 <rt_assert_handler>
    if (rt_thread_self())
80002430:	7b0010ef          	jal	ra,80003be0 <rt_thread_self>
80002434:	00050a63          	beqz	a0,80002448 <_heap_unlock+0x3c>
}
80002438:	00c12083          	lw	ra,12(sp)
        rt_mutex_release(&_lock);
8000243c:	bfc18513          	addi	a0,gp,-1028 # 801003fc <_lock>
}
80002440:	01010113          	addi	sp,sp,16
        rt_mutex_release(&_lock);
80002444:	8d9ff06f          	j	80001d1c <rt_mutex_release>
}
80002448:	00c12083          	lw	ra,12(sp)
8000244c:	01010113          	addi	sp,sp,16
80002450:	00008067          	ret

80002454 <rt_malloc>:
{
80002454:	fe010113          	addi	sp,sp,-32
80002458:	00112e23          	sw	ra,28(sp)
8000245c:	00812c23          	sw	s0,24(sp)
80002460:	00912a23          	sw	s1,20(sp)
80002464:	00050413          	mv	s0,a0
    level = _heap_lock();
80002468:	c2dff0ef          	jal	ra,80002094 <_heap_lock>
8000246c:	00050493          	mv	s1,a0
    ptr = _MEM_MALLOC(size);
80002470:	00040593          	mv	a1,s0
80002474:	cc41a503          	lw	a0,-828(gp) # 801004c4 <system_heap>
80002478:	274000ef          	jal	ra,800026ec <rt_smem_alloc>
8000247c:	00a12623          	sw	a0,12(sp)
    _heap_unlock(level);
80002480:	00048513          	mv	a0,s1
80002484:	f89ff0ef          	jal	ra,8000240c <_heap_unlock>
    RT_OBJECT_HOOK_CALL(rt_malloc_hook, (&ptr, size));
80002488:	cc01a783          	lw	a5,-832(gp) # 801004c0 <rt_malloc_hook>
8000248c:	00078863          	beqz	a5,8000249c <rt_malloc+0x48>
80002490:	00040593          	mv	a1,s0
80002494:	00c10513          	addi	a0,sp,12
80002498:	000780e7          	jalr	a5
}
8000249c:	01c12083          	lw	ra,28(sp)
800024a0:	01812403          	lw	s0,24(sp)
800024a4:	00c12503          	lw	a0,12(sp)
800024a8:	01412483          	lw	s1,20(sp)
800024ac:	02010113          	addi	sp,sp,32
800024b0:	00008067          	ret

800024b4 <rt_free>:
{
800024b4:	fe010113          	addi	sp,sp,-32
800024b8:	00112e23          	sw	ra,28(sp)
800024bc:	00812c23          	sw	s0,24(sp)
800024c0:	00a12623          	sw	a0,12(sp)
    RT_OBJECT_HOOK_CALL(rt_free_hook, (&ptr));
800024c4:	c3c1a783          	lw	a5,-964(gp) # 8010043c <rt_free_hook>
800024c8:	00078663          	beqz	a5,800024d4 <rt_free+0x20>
800024cc:	00c10513          	addi	a0,sp,12
800024d0:	000780e7          	jalr	a5
    if (ptr == RT_NULL) return;
800024d4:	00c12783          	lw	a5,12(sp)
800024d8:	00078e63          	beqz	a5,800024f4 <rt_free+0x40>
    level = _heap_lock();
800024dc:	bb9ff0ef          	jal	ra,80002094 <_heap_lock>
800024e0:	00050413          	mv	s0,a0
    _MEM_FREE(ptr);
800024e4:	00c12503          	lw	a0,12(sp)
800024e8:	404000ef          	jal	ra,800028ec <rt_smem_free>
    _heap_unlock(level);
800024ec:	00040513          	mv	a0,s0
800024f0:	f1dff0ef          	jal	ra,8000240c <_heap_unlock>
}
800024f4:	01c12083          	lw	ra,28(sp)
800024f8:	01812403          	lw	s0,24(sp)
800024fc:	02010113          	addi	sp,sp,32
80002500:	00008067          	ret

80002504 <plug_holes>:
static void plug_holes(struct rt_small_mem *m, struct rt_small_mem_item *mem)
{
    struct rt_small_mem_item *nmem;
    struct rt_small_mem_item *pmem;

    RT_ASSERT((rt_uint8_t *)mem >= m->heap_ptr);
80002504:	03052783          	lw	a5,48(a0)
{
80002508:	ff010113          	addi	sp,sp,-16
8000250c:	00812423          	sw	s0,8(sp)
80002510:	00912223          	sw	s1,4(sp)
80002514:	00112623          	sw	ra,12(sp)
80002518:	00050493          	mv	s1,a0
8000251c:	00058413          	mv	s0,a1
    RT_ASSERT((rt_uint8_t *)mem >= m->heap_ptr);
80002520:	00f5fe63          	bgeu	a1,a5,8000253c <plug_holes+0x38>
80002524:	08100613          	li	a2,129
80002528:	00003597          	auipc	a1,0x3
8000252c:	d0c58593          	addi	a1,a1,-756 # 80005234 <__FUNCTION__.1>
80002530:	00003517          	auipc	a0,0x3
80002534:	99c50513          	addi	a0,a0,-1636 # 80004ecc <__lowest_bit_bitmap+0x100>
80002538:	e09ff0ef          	jal	ra,80002340 <rt_assert_handler>
    RT_ASSERT((rt_uint8_t *)mem < (rt_uint8_t *)m->heap_end);
8000253c:	0344a783          	lw	a5,52(s1)
80002540:	00f46e63          	bltu	s0,a5,8000255c <plug_holes+0x58>
80002544:	08200613          	li	a2,130
80002548:	00003597          	auipc	a1,0x3
8000254c:	cec58593          	addi	a1,a1,-788 # 80005234 <__FUNCTION__.1>
80002550:	00003517          	auipc	a0,0x3
80002554:	9a050513          	addi	a0,a0,-1632 # 80004ef0 <__lowest_bit_bitmap+0x124>
80002558:	de9ff0ef          	jal	ra,80002340 <rt_assert_handler>

    /* plug hole forward */
    nmem = (struct rt_small_mem_item *)&m->heap_ptr[mem->next];
8000255c:	0304a703          	lw	a4,48(s1)
80002560:	00442783          	lw	a5,4(s0)
80002564:	00f707b3          	add	a5,a4,a5
    if (mem != nmem && !MEM_ISUSED(nmem) &&
80002568:	04f40063          	beq	s0,a5,800025a8 <plug_holes+0xa4>
8000256c:	0007a683          	lw	a3,0(a5)
80002570:	0016f693          	andi	a3,a3,1
80002574:	02069a63          	bnez	a3,800025a8 <plug_holes+0xa4>
80002578:	0344a683          	lw	a3,52(s1)
8000257c:	02f68663          	beq	a3,a5,800025a8 <plug_holes+0xa4>
        (rt_uint8_t *)nmem != (rt_uint8_t *)m->heap_end)
    {
        /* if mem->next is unused and not end of m->heap_ptr,
         * combine mem and mem->next
         */
        if (m->lfree == nmem)
80002580:	0384a683          	lw	a3,56(s1)
80002584:	00f69463          	bne	a3,a5,8000258c <plug_holes+0x88>
        {
            m->lfree = mem;
80002588:	0284ac23          	sw	s0,56(s1)
        }
        nmem->pool_ptr = 0;
        mem->next = nmem->next;
8000258c:	0047a683          	lw	a3,4(a5)
        nmem->pool_ptr = 0;
80002590:	0007a023          	sw	zero,0(a5)
        mem->next = nmem->next;
80002594:	00d42223          	sw	a3,4(s0)
        ((struct rt_small_mem_item *)&m->heap_ptr[nmem->next])->prev = (rt_uint8_t *)mem - m->heap_ptr;
80002598:	0047a783          	lw	a5,4(a5)
8000259c:	40e406b3          	sub	a3,s0,a4
800025a0:	00f707b3          	add	a5,a4,a5
800025a4:	00d7a423          	sw	a3,8(a5)
    }

    /* plug hole backward */
    pmem = (struct rt_small_mem_item *)&m->heap_ptr[mem->prev];
800025a8:	00842603          	lw	a2,8(s0)
800025ac:	00c707b3          	add	a5,a4,a2
    if (pmem != mem && !MEM_ISUSED(pmem))
800025b0:	02f40a63          	beq	s0,a5,800025e4 <plug_holes+0xe0>
800025b4:	0007a683          	lw	a3,0(a5)
800025b8:	0016f693          	andi	a3,a3,1
800025bc:	02069463          	bnez	a3,800025e4 <plug_holes+0xe0>
    {
        /* if mem->prev is unused, combine mem and mem->prev */
        if (m->lfree == mem)
800025c0:	0384a683          	lw	a3,56(s1)
800025c4:	00869463          	bne	a3,s0,800025cc <plug_holes+0xc8>
        {
            m->lfree = pmem;
800025c8:	02f4ac23          	sw	a5,56(s1)
        }
        mem->pool_ptr = 0;
        pmem->next = mem->next;
800025cc:	00442683          	lw	a3,4(s0)
        mem->pool_ptr = 0;
800025d0:	00042023          	sw	zero,0(s0)
        pmem->next = mem->next;
800025d4:	00d7a223          	sw	a3,4(a5)
        ((struct rt_small_mem_item *)&m->heap_ptr[mem->next])->prev = (rt_uint8_t *)pmem - m->heap_ptr;
800025d8:	00442783          	lw	a5,4(s0)
800025dc:	00f70733          	add	a4,a4,a5
800025e0:	00c72423          	sw	a2,8(a4) # ff0008 <_start-0x7f00fff8>
    }
}
800025e4:	00c12083          	lw	ra,12(sp)
800025e8:	00812403          	lw	s0,8(sp)
800025ec:	00412483          	lw	s1,4(sp)
800025f0:	01010113          	addi	sp,sp,16
800025f4:	00008067          	ret

800025f8 <rt_smem_init>:
 * @return Return a pointer to the memory object. When the return value is RT_NULL, it means the init failed.
 */
rt_smem_t rt_smem_init(const char    *name,
                     void          *begin_addr,
                     rt_size_t      size)
{
800025f8:	fd010113          	addi	sp,sp,-48
    rt_uintptr_t start_addr, begin_align, end_align, mem_size;

    small_mem = (struct rt_small_mem *)RT_ALIGN((rt_uintptr_t)begin_addr, RT_ALIGN_SIZE);
    start_addr = (rt_uintptr_t)small_mem + sizeof(*small_mem);
    begin_align = RT_ALIGN((rt_uintptr_t)start_addr, RT_ALIGN_SIZE);
    end_align   = RT_ALIGN_DOWN((rt_uintptr_t)begin_addr + size, RT_ALIGN_SIZE);
800025fc:	00c58633          	add	a2,a1,a2
{
80002600:	02112623          	sw	ra,44(sp)
80002604:	02812423          	sw	s0,40(sp)
80002608:	02912223          	sw	s1,36(sp)
8000260c:	03212023          	sw	s2,32(sp)
80002610:	01312e23          	sw	s3,28(sp)
80002614:	01412c23          	sw	s4,24(sp)
    end_align   = RT_ALIGN_DOWN((rt_uintptr_t)begin_addr + size, RT_ALIGN_SIZE);
80002618:	ffc67793          	andi	a5,a2,-4

    /* alignment addr */
    if ((end_align > (2 * SIZEOF_STRUCT_MEM)) &&
8000261c:	01800693          	li	a3,24
80002620:	0af6fc63          	bgeu	a3,a5,800026d8 <rt_smem_init+0xe0>
80002624:	00358413          	addi	s0,a1,3
80002628:	ffc47413          	andi	s0,s0,-4
8000262c:	04040713          	addi	a4,s0,64
        ((end_align - 2 * SIZEOF_STRUCT_MEM) >= start_addr))
80002630:	fe878693          	addi	a3,a5,-24
    if ((end_align > (2 * SIZEOF_STRUCT_MEM)) &&
80002634:	0ae6e263          	bltu	a3,a4,800026d8 <rt_smem_init+0xe0>
80002638:	00050993          	mv	s3,a0
                   (rt_uintptr_t)begin_addr, (rt_uintptr_t)begin_addr + size);

        return RT_NULL;
    }

    rt_memset(small_mem, 0, sizeof(*small_mem));
8000263c:	04000613          	li	a2,64
80002640:	00000593          	li	a1,0
80002644:	00040513          	mv	a0,s0
    begin_align = RT_ALIGN((rt_uintptr_t)start_addr, RT_ALIGN_SIZE);
80002648:	00070913          	mv	s2,a4
        mem_size = end_align - begin_align - 2 * SIZEOF_STRUCT_MEM;
8000264c:	40e784b3          	sub	s1,a5,a4
    rt_memset(small_mem, 0, sizeof(*small_mem));
80002650:	e7dfd0ef          	jal	ra,800004cc <rt_memset>
    /* initialize small memory object */
    rt_object_init(&(small_mem->parent.parent), RT_Object_Class_Memory, name);
80002654:	00040513          	mv	a0,s0
80002658:	00098613          	mv	a2,s3
8000265c:	00c00593          	li	a1,12
80002660:	00812623          	sw	s0,12(sp)
80002664:	444000ef          	jal	ra,80002aa8 <rt_object_init>
    small_mem->parent.algorithm = "small";
80002668:	00c12503          	lw	a0,12(sp)
        mem_size = end_align - begin_align - 2 * SIZEOF_STRUCT_MEM;
8000266c:	fe848a13          	addi	s4,s1,-24
    small_mem->parent.algorithm = "small";
80002670:	00003797          	auipc	a5,0x3
80002674:	8b078793          	addi	a5,a5,-1872 # 80004f20 <__lowest_bit_bitmap+0x154>
80002678:	00f52e23          	sw	a5,28(a0)
    small_mem->parent.address = begin_align;
8000267c:	03252023          	sw	s2,32(a0)
    small_mem->parent.total = mem_size;
80002680:	03452223          	sw	s4,36(a0)
    small_mem->mem_size_aligned = mem_size;
80002684:	03452e23          	sw	s4,60(a0)

    /* point to begin address of heap */
    small_mem->heap_ptr = (rt_uint8_t *)begin_align;
80002688:	03252823          	sw	s2,48(a0)
            (rt_uintptr_t)small_mem->heap_ptr, small_mem->mem_size_aligned);

    /* initialize the start of the heap */
    mem        = (struct rt_small_mem_item *)small_mem->heap_ptr;
    mem->pool_ptr = MEM_FREED(small_mem);
    mem->next  = small_mem->mem_size_aligned + SIZEOF_STRUCT_MEM;
8000268c:	ff448793          	addi	a5,s1,-12
    mem->pool_ptr = MEM_FREED(small_mem);
80002690:	00a92023          	sw	a0,0(s2)
    mem->next  = small_mem->mem_size_aligned + SIZEOF_STRUCT_MEM;
80002694:	00f92223          	sw	a5,4(s2)
    mem->prev  = 0;
80002698:	00092423          	sw	zero,8(s2)
#ifdef RT_USING_MEMTRACE
    rt_smem_setname(mem, "INIT");
#endif /* RT_USING_MEMTRACE */

    /* initialize the end of the heap */
    small_mem->heap_end        = (struct rt_small_mem_item *)&small_mem->heap_ptr[mem->next];
8000269c:	00f90733          	add	a4,s2,a5
800026a0:	02e52a23          	sw	a4,52(a0)
    small_mem->heap_end->pool_ptr = MEM_USED(small_mem);
800026a4:	00156693          	ori	a3,a0,1
800026a8:	00d72023          	sw	a3,0(a4)
    small_mem->heap_end->next  = small_mem->mem_size_aligned + SIZEOF_STRUCT_MEM;
800026ac:	00f72223          	sw	a5,4(a4)
    small_mem->heap_end->prev  = small_mem->mem_size_aligned + SIZEOF_STRUCT_MEM;
800026b0:	00f72423          	sw	a5,8(a4)
#ifdef RT_USING_MEMTRACE
    rt_smem_setname(small_mem->heap_end, "INIT");
#endif /* RT_USING_MEMTRACE */

    /* initialize the lowest-free pointer to the start of the heap */
    small_mem->lfree = (struct rt_small_mem_item *)small_mem->heap_ptr;
800026b4:	03252c23          	sw	s2,56(a0)

    return &small_mem->parent;
}
800026b8:	02c12083          	lw	ra,44(sp)
800026bc:	02812403          	lw	s0,40(sp)
800026c0:	02412483          	lw	s1,36(sp)
800026c4:	02012903          	lw	s2,32(sp)
800026c8:	01c12983          	lw	s3,28(sp)
800026cc:	01812a03          	lw	s4,24(sp)
800026d0:	03010113          	addi	sp,sp,48
800026d4:	00008067          	ret
        rt_kprintf("mem init, error begin address 0x%x, and end address 0x%x\n",
800026d8:	00003517          	auipc	a0,0x3
800026dc:	85050513          	addi	a0,a0,-1968 # 80004f28 <__lowest_bit_bitmap+0x15c>
800026e0:	9e5ff0ef          	jal	ra,800020c4 <rt_kprintf>
        return RT_NULL;
800026e4:	00000513          	li	a0,0
800026e8:	fd1ff06f          	j	800026b8 <rt_smem_init+0xc0>

800026ec <rt_smem_alloc>:
 * @param size is the minimum size of the requested block in bytes.
 *
 * @return the pointer to allocated memory or NULL if no free memory was found.
 */
void *rt_smem_alloc(rt_smem_t m, rt_size_t size)
{
800026ec:	ff010113          	addi	sp,sp,-16
800026f0:	00112623          	sw	ra,12(sp)
800026f4:	00812423          	sw	s0,8(sp)
800026f8:	00912223          	sw	s1,4(sp)
    rt_size_t ptr, ptr2;
    struct rt_small_mem_item *mem, *mem2;
    struct rt_small_mem *small_mem;

    if (size == 0)
800026fc:	02059063          	bnez	a1,8000271c <rt_smem_alloc+0x30>
        return RT_NULL;
80002700:	00000413          	li	s0,0
            return (rt_uint8_t *)mem + SIZEOF_STRUCT_MEM;
        }
    }

    return RT_NULL;
}
80002704:	00c12083          	lw	ra,12(sp)
80002708:	00040513          	mv	a0,s0
8000270c:	00812403          	lw	s0,8(sp)
80002710:	00412483          	lw	s1,4(sp)
80002714:	01010113          	addi	sp,sp,16
80002718:	00008067          	ret
8000271c:	00050413          	mv	s0,a0
80002720:	00058493          	mv	s1,a1
    RT_ASSERT(m != RT_NULL);
80002724:	00051e63          	bnez	a0,80002740 <rt_smem_alloc+0x54>
80002728:	11d00613          	li	a2,285
8000272c:	00003597          	auipc	a1,0x3
80002730:	b1458593          	addi	a1,a1,-1260 # 80005240 <__FUNCTION__.3>
80002734:	00003517          	auipc	a0,0x3
80002738:	9a450513          	addi	a0,a0,-1628 # 800050d8 <__lowest_bit_bitmap+0x30c>
8000273c:	c05ff0ef          	jal	ra,80002340 <rt_assert_handler>
    RT_ASSERT(rt_object_get_type(&m->parent) == RT_Object_Class_Memory);
80002740:	00040513          	mv	a0,s0
80002744:	021000ef          	jal	ra,80002f64 <rt_object_get_type>
80002748:	00c00793          	li	a5,12
8000274c:	00f50e63          	beq	a0,a5,80002768 <rt_smem_alloc+0x7c>
80002750:	11e00613          	li	a2,286
80002754:	00003597          	auipc	a1,0x3
80002758:	aec58593          	addi	a1,a1,-1300 # 80005240 <__FUNCTION__.3>
8000275c:	00003517          	auipc	a0,0x3
80002760:	80850513          	addi	a0,a0,-2040 # 80004f64 <__lowest_bit_bitmap+0x198>
80002764:	bddff0ef          	jal	ra,80002340 <rt_assert_handler>
    RT_ASSERT(rt_object_is_systemobject(&m->parent));
80002768:	00040513          	mv	a0,s0
8000276c:	7b4000ef          	jal	ra,80002f20 <rt_object_is_systemobject>
80002770:	00051e63          	bnez	a0,8000278c <rt_smem_alloc+0xa0>
80002774:	11f00613          	li	a2,287
80002778:	00003597          	auipc	a1,0x3
8000277c:	ac858593          	addi	a1,a1,-1336 # 80005240 <__FUNCTION__.3>
80002780:	00003517          	auipc	a0,0x3
80002784:	82050513          	addi	a0,a0,-2016 # 80004fa0 <__lowest_bit_bitmap+0x1d4>
80002788:	bb9ff0ef          	jal	ra,80002340 <rt_assert_handler>
    size = RT_ALIGN(size, RT_ALIGN_SIZE);
8000278c:	00348593          	addi	a1,s1,3
80002790:	ffc5f593          	andi	a1,a1,-4
    if (size < MIN_SIZE_ALIGNED)
80002794:	00c00793          	li	a5,12
80002798:	00f5f463          	bgeu	a1,a5,800027a0 <rt_smem_alloc+0xb4>
8000279c:	00c00593          	li	a1,12
    if (size > small_mem->mem_size_aligned)
800027a0:	03c42603          	lw	a2,60(s0)
800027a4:	f4b66ee3          	bltu	a2,a1,80002700 <rt_smem_alloc+0x14>
    for (ptr = (rt_uint8_t *)small_mem->lfree - small_mem->heap_ptr;
800027a8:	03842e03          	lw	t3,56(s0)
800027ac:	03042503          	lw	a0,48(s0)
         ptr <= small_mem->mem_size_aligned - size;
800027b0:	40b608b3          	sub	a7,a2,a1
    for (ptr = (rt_uint8_t *)small_mem->lfree - small_mem->heap_ptr;
800027b4:	40ae0733          	sub	a4,t3,a0
800027b8:	f4e8e4e3          	bltu	a7,a4,80002700 <rt_smem_alloc+0x14>
        mem = (struct rt_small_mem_item *)&small_mem->heap_ptr[ptr];
800027bc:	00e504b3          	add	s1,a0,a4
        if ((!MEM_ISUSED(mem)) && (mem->next - (ptr + SIZEOF_STRUCT_MEM)) >= size)
800027c0:	0004a783          	lw	a5,0(s1)
800027c4:	0044a803          	lw	a6,4(s1)
800027c8:	0017f793          	andi	a5,a5,1
800027cc:	10079c63          	bnez	a5,800028e4 <rt_smem_alloc+0x1f8>
800027d0:	40e806b3          	sub	a3,a6,a4
800027d4:	ff468313          	addi	t1,a3,-12
800027d8:	10b36663          	bltu	t1,a1,800028e4 <rt_smem_alloc+0x1f8>
                (size + SIZEOF_STRUCT_MEM + MIN_SIZE_ALIGNED))
800027dc:	01858f13          	addi	t5,a1,24
                small_mem->parent.used += (size + SIZEOF_STRUCT_MEM);
800027e0:	02842783          	lw	a5,40(s0)
                if (small_mem->parent.max < small_mem->parent.used)
800027e4:	02c42e83          	lw	t4,44(s0)
800027e8:	00c58893          	addi	a7,a1,12
            if (mem->next - (ptr + SIZEOF_STRUCT_MEM) >=
800027ec:	0de36063          	bltu	t1,t5,800028ac <rt_smem_alloc+0x1c0>
                ptr2 = ptr + SIZEOF_STRUCT_MEM + size;
800027f0:	00e88333          	add	t1,a7,a4
                mem2       = (struct rt_small_mem_item *)&small_mem->heap_ptr[ptr2];
800027f4:	006506b3          	add	a3,a0,t1
                mem2->pool_ptr = MEM_FREED(small_mem);
800027f8:	ffe47f13          	andi	t5,s0,-2
                mem2->next = mem->next;
800027fc:	0106a223          	sw	a6,4(a3)
                mem2->prev = ptr;
80002800:	00e6a423          	sw	a4,8(a3)
                mem2->pool_ptr = MEM_FREED(small_mem);
80002804:	01e6a023          	sw	t5,0(a3)
                mem->next = ptr2;
80002808:	0064a223          	sw	t1,4(s1)
                if (mem2->next != small_mem->mem_size_aligned + SIZEOF_STRUCT_MEM)
8000280c:	0046a703          	lw	a4,4(a3)
80002810:	00c60613          	addi	a2,a2,12
80002814:	00c70663          	beq	a4,a2,80002820 <rt_smem_alloc+0x134>
                    ((struct rt_small_mem_item *)&small_mem->heap_ptr[mem2->next])->prev = ptr2;
80002818:	00e50733          	add	a4,a0,a4
8000281c:	00672423          	sw	t1,8(a4)
                small_mem->parent.used += (size + SIZEOF_STRUCT_MEM);
80002820:	00c78793          	addi	a5,a5,12
80002824:	00b785b3          	add	a1,a5,a1
80002828:	02b42423          	sw	a1,40(s0)
                if (small_mem->parent.max < small_mem->parent.used)
8000282c:	00bef463          	bgeu	t4,a1,80002834 <rt_smem_alloc+0x148>
                    small_mem->parent.max = small_mem->parent.used;
80002830:	02b42623          	sw	a1,44(s0)
            mem->pool_ptr = MEM_USED(small_mem);
80002834:	00146793          	ori	a5,s0,1
80002838:	00f4a023          	sw	a5,0(s1)
            if (mem == small_mem->lfree)
8000283c:	03442683          	lw	a3,52(s0)
80002840:	089e0663          	beq	t3,s1,800028cc <rt_smem_alloc+0x1e0>
            RT_ASSERT((rt_uintptr_t)mem + SIZEOF_STRUCT_MEM + size <= (rt_uintptr_t)small_mem->heap_end);
80002844:	009888b3          	add	a7,a7,s1
80002848:	0116fe63          	bgeu	a3,a7,80002864 <rt_smem_alloc+0x178>
8000284c:	17c00613          	li	a2,380
80002850:	00003597          	auipc	a1,0x3
80002854:	9f058593          	addi	a1,a1,-1552 # 80005240 <__FUNCTION__.3>
80002858:	00002517          	auipc	a0,0x2
8000285c:	77050513          	addi	a0,a0,1904 # 80004fc8 <__lowest_bit_bitmap+0x1fc>
80002860:	ae1ff0ef          	jal	ra,80002340 <rt_assert_handler>
            RT_ASSERT((rt_uintptr_t)((rt_uint8_t *)mem + SIZEOF_STRUCT_MEM) % RT_ALIGN_SIZE == 0);
80002864:	0034f793          	andi	a5,s1,3
80002868:	00c48413          	addi	s0,s1,12
8000286c:	00078e63          	beqz	a5,80002888 <rt_smem_alloc+0x19c>
80002870:	17d00613          	li	a2,381
80002874:	00003597          	auipc	a1,0x3
80002878:	9cc58593          	addi	a1,a1,-1588 # 80005240 <__FUNCTION__.3>
8000287c:	00002517          	auipc	a0,0x2
80002880:	7a050513          	addi	a0,a0,1952 # 8000501c <__lowest_bit_bitmap+0x250>
80002884:	abdff0ef          	jal	ra,80002340 <rt_assert_handler>
            RT_ASSERT((((rt_uintptr_t)mem) & (RT_ALIGN_SIZE - 1)) == 0);
80002888:	0034f493          	andi	s1,s1,3
8000288c:	e6048ce3          	beqz	s1,80002704 <rt_smem_alloc+0x18>
80002890:	17e00613          	li	a2,382
80002894:	00003597          	auipc	a1,0x3
80002898:	9ac58593          	addi	a1,a1,-1620 # 80005240 <__FUNCTION__.3>
8000289c:	00002517          	auipc	a0,0x2
800028a0:	7cc50513          	addi	a0,a0,1996 # 80005068 <__lowest_bit_bitmap+0x29c>
800028a4:	a9dff0ef          	jal	ra,80002340 <rt_assert_handler>
800028a8:	e5dff06f          	j	80002704 <rt_smem_alloc+0x18>
                small_mem->parent.used += mem->next - ((rt_uint8_t *)mem - small_mem->heap_ptr);
800028ac:	00f687b3          	add	a5,a3,a5
800028b0:	02f42423          	sw	a5,40(s0)
                if (small_mem->parent.max < small_mem->parent.used)
800028b4:	f8fef0e3          	bgeu	t4,a5,80002834 <rt_smem_alloc+0x148>
                    small_mem->parent.max = small_mem->parent.used;
800028b8:	02f42623          	sw	a5,44(s0)
800028bc:	f79ff06f          	j	80002834 <rt_smem_alloc+0x148>
                    small_mem->lfree = (struct rt_small_mem_item *)&small_mem->heap_ptr[small_mem->lfree->next];
800028c0:	0047a783          	lw	a5,4(a5)
800028c4:	00f507b3          	add	a5,a0,a5
800028c8:	02f42c23          	sw	a5,56(s0)
                while (MEM_ISUSED(small_mem->lfree) && small_mem->lfree != small_mem->heap_end)
800028cc:	03842783          	lw	a5,56(s0)
800028d0:	0007a703          	lw	a4,0(a5)
800028d4:	00177713          	andi	a4,a4,1
800028d8:	f60706e3          	beqz	a4,80002844 <rt_smem_alloc+0x158>
800028dc:	fef692e3          	bne	a3,a5,800028c0 <rt_smem_alloc+0x1d4>
800028e0:	f65ff06f          	j	80002844 <rt_smem_alloc+0x158>
800028e4:	00080713          	mv	a4,a6
800028e8:	ed1ff06f          	j	800027b8 <rt_smem_alloc+0xcc>

800028ec <rt_smem_free>:
void rt_smem_free(void *rmem)
{
    struct rt_small_mem_item *mem;
    struct rt_small_mem *small_mem;

    if (rmem == RT_NULL)
800028ec:	16050c63          	beqz	a0,80002a64 <rt_smem_free+0x178>
{
800028f0:	ff010113          	addi	sp,sp,-16
800028f4:	00912223          	sw	s1,4(sp)
800028f8:	00112623          	sw	ra,12(sp)
800028fc:	00812423          	sw	s0,8(sp)
80002900:	01212023          	sw	s2,0(sp)
        return;

    RT_ASSERT((((rt_uintptr_t)rmem) & (RT_ALIGN_SIZE - 1)) == 0);
80002904:	00357793          	andi	a5,a0,3
80002908:	00050493          	mv	s1,a0
8000290c:	00078e63          	beqz	a5,80002928 <rt_smem_free+0x3c>
80002910:	1fe00613          	li	a2,510
80002914:	00003597          	auipc	a1,0x3
80002918:	91058593          	addi	a1,a1,-1776 # 80005224 <__FUNCTION__.0>
8000291c:	00002517          	auipc	a0,0x2
80002920:	78050513          	addi	a0,a0,1920 # 8000509c <__lowest_bit_bitmap+0x2d0>
80002924:	a1dff0ef          	jal	ra,80002340 <rt_assert_handler>

    /* Get the corresponding struct rt_small_mem_item ... */
    mem = (struct rt_small_mem_item *)((rt_uint8_t *)rmem - SIZEOF_STRUCT_MEM);
    /* ... which has to be in a used state ... */
    small_mem = MEM_POOL(mem);
80002928:	ff44a403          	lw	s0,-12(s1)
    mem = (struct rt_small_mem_item *)((rt_uint8_t *)rmem - SIZEOF_STRUCT_MEM);
8000292c:	ff448913          	addi	s2,s1,-12
    small_mem = MEM_POOL(mem);
80002930:	ffe47413          	andi	s0,s0,-2
    RT_ASSERT(small_mem != RT_NULL);
80002934:	00041e63          	bnez	s0,80002950 <rt_smem_free+0x64>
80002938:	20400613          	li	a2,516
8000293c:	00003597          	auipc	a1,0x3
80002940:	8e858593          	addi	a1,a1,-1816 # 80005224 <__FUNCTION__.0>
80002944:	00002517          	auipc	a0,0x2
80002948:	78c50513          	addi	a0,a0,1932 # 800050d0 <__lowest_bit_bitmap+0x304>
8000294c:	9f5ff0ef          	jal	ra,80002340 <rt_assert_handler>
    RT_ASSERT(MEM_ISUSED(mem));
80002950:	ff44a783          	lw	a5,-12(s1)
80002954:	0017f793          	andi	a5,a5,1
80002958:	00079e63          	bnez	a5,80002974 <rt_smem_free+0x88>
8000295c:	20500613          	li	a2,517
80002960:	00003597          	auipc	a1,0x3
80002964:	8c458593          	addi	a1,a1,-1852 # 80005224 <__FUNCTION__.0>
80002968:	00002517          	auipc	a0,0x2
8000296c:	78050513          	addi	a0,a0,1920 # 800050e8 <__lowest_bit_bitmap+0x31c>
80002970:	9d1ff0ef          	jal	ra,80002340 <rt_assert_handler>
    RT_ASSERT(rt_object_get_type(&small_mem->parent.parent) == RT_Object_Class_Memory);
80002974:	00040513          	mv	a0,s0
80002978:	5ec000ef          	jal	ra,80002f64 <rt_object_get_type>
8000297c:	00c00793          	li	a5,12
80002980:	00f50e63          	beq	a0,a5,8000299c <rt_smem_free+0xb0>
80002984:	20600613          	li	a2,518
80002988:	00003597          	auipc	a1,0x3
8000298c:	89c58593          	addi	a1,a1,-1892 # 80005224 <__FUNCTION__.0>
80002990:	00002517          	auipc	a0,0x2
80002994:	76850513          	addi	a0,a0,1896 # 800050f8 <__lowest_bit_bitmap+0x32c>
80002998:	9a9ff0ef          	jal	ra,80002340 <rt_assert_handler>
    RT_ASSERT(rt_object_is_systemobject(&small_mem->parent.parent));
8000299c:	00040513          	mv	a0,s0
800029a0:	580000ef          	jal	ra,80002f20 <rt_object_is_systemobject>
800029a4:	00051e63          	bnez	a0,800029c0 <rt_smem_free+0xd4>
800029a8:	20700613          	li	a2,519
800029ac:	00003597          	auipc	a1,0x3
800029b0:	87858593          	addi	a1,a1,-1928 # 80005224 <__FUNCTION__.0>
800029b4:	00002517          	auipc	a0,0x2
800029b8:	78c50513          	addi	a0,a0,1932 # 80005140 <__lowest_bit_bitmap+0x374>
800029bc:	985ff0ef          	jal	ra,80002340 <rt_assert_handler>
    RT_ASSERT((rt_uint8_t *)rmem >= (rt_uint8_t *)small_mem->heap_ptr &&
800029c0:	03042783          	lw	a5,48(s0)
800029c4:	00f4e663          	bltu	s1,a5,800029d0 <rt_smem_free+0xe4>
800029c8:	03442783          	lw	a5,52(s0)
800029cc:	00f4ee63          	bltu	s1,a5,800029e8 <rt_smem_free+0xfc>
800029d0:	20800613          	li	a2,520
800029d4:	00003597          	auipc	a1,0x3
800029d8:	85058593          	addi	a1,a1,-1968 # 80005224 <__FUNCTION__.0>
800029dc:	00002517          	auipc	a0,0x2
800029e0:	79c50513          	addi	a0,a0,1948 # 80005178 <__lowest_bit_bitmap+0x3ac>
800029e4:	95dff0ef          	jal	ra,80002340 <rt_assert_handler>
              (rt_uint8_t *)rmem < (rt_uint8_t *)small_mem->heap_end);
    RT_ASSERT(MEM_POOL(&small_mem->heap_ptr[mem->next]) == small_mem);
800029e8:	03042783          	lw	a5,48(s0)
800029ec:	ff84a703          	lw	a4,-8(s1)
800029f0:	00e787b3          	add	a5,a5,a4
800029f4:	0007a783          	lw	a5,0(a5)
800029f8:	ffe7f793          	andi	a5,a5,-2
800029fc:	00f40e63          	beq	s0,a5,80002a18 <rt_smem_free+0x12c>
80002a00:	20a00613          	li	a2,522
80002a04:	00003597          	auipc	a1,0x3
80002a08:	82058593          	addi	a1,a1,-2016 # 80005224 <__FUNCTION__.0>
80002a0c:	00002517          	auipc	a0,0x2
80002a10:	7e050513          	addi	a0,a0,2016 # 800051ec <__lowest_bit_bitmap+0x420>
80002a14:	92dff0ef          	jal	ra,80002340 <rt_assert_handler>
    mem->pool_ptr = MEM_FREED(small_mem);
#ifdef RT_USING_MEMTRACE
    rt_smem_setname(mem, "    ");
#endif /* RT_USING_MEMTRACE */

    if (mem < small_mem->lfree)
80002a18:	03842783          	lw	a5,56(s0)
    mem->pool_ptr = MEM_FREED(small_mem);
80002a1c:	fe84aa23          	sw	s0,-12(s1)
    if (mem < small_mem->lfree)
80002a20:	00f97463          	bgeu	s2,a5,80002a28 <rt_smem_free+0x13c>
    {
        /* the newly freed struct is now the lowest */
        small_mem->lfree = mem;
80002a24:	03242c23          	sw	s2,56(s0)
    }

    small_mem->parent.used -= (mem->next - ((rt_uint8_t *)mem - small_mem->heap_ptr));
80002a28:	ff84a703          	lw	a4,-8(s1)
80002a2c:	02842783          	lw	a5,40(s0)

    /* finally, see if prev or next are free also */
    plug_holes(small_mem, mem);
80002a30:	00040513          	mv	a0,s0
}
80002a34:	00c12083          	lw	ra,12(sp)
    small_mem->parent.used -= (mem->next - ((rt_uint8_t *)mem - small_mem->heap_ptr));
80002a38:	40e787b3          	sub	a5,a5,a4
80002a3c:	03042703          	lw	a4,48(s0)
}
80002a40:	00412483          	lw	s1,4(sp)
    plug_holes(small_mem, mem);
80002a44:	00090593          	mv	a1,s2
    small_mem->parent.used -= (mem->next - ((rt_uint8_t *)mem - small_mem->heap_ptr));
80002a48:	40e90733          	sub	a4,s2,a4
80002a4c:	00e787b3          	add	a5,a5,a4
80002a50:	02f42423          	sw	a5,40(s0)
}
80002a54:	00812403          	lw	s0,8(sp)
80002a58:	00012903          	lw	s2,0(sp)
80002a5c:	01010113          	addi	sp,sp,16
    plug_holes(small_mem, mem);
80002a60:	aa5ff06f          	j	80002504 <plug_holes>
80002a64:	00008067          	ret

80002a68 <rt_object_get_information>:
struct rt_object_information *
rt_object_get_information(enum rt_object_class_type type)
{
    int index;

    type = (enum rt_object_class_type)(type & ~RT_Object_Class_Static);
80002a68:	80c18713          	addi	a4,gp,-2036 # 8010000c <_object_container>
80002a6c:	f7f57693          	andi	a3,a0,-129

    for (index = 0; index < RT_Object_Info_Unknown; index ++)
80002a70:	00000793          	li	a5,0
80002a74:	00070513          	mv	a0,a4
80002a78:	00a00613          	li	a2,10
        if (_object_container[index].type == type) return &_object_container[index];
80002a7c:	00072583          	lw	a1,0(a4)
80002a80:	00d59a63          	bne	a1,a3,80002a94 <rt_object_get_information+0x2c>
80002a84:	01800713          	li	a4,24
80002a88:	02e787b3          	mul	a5,a5,a4
80002a8c:	00f50533          	add	a0,a0,a5
80002a90:	00008067          	ret
    for (index = 0; index < RT_Object_Info_Unknown; index ++)
80002a94:	00178793          	addi	a5,a5,1
80002a98:	01870713          	addi	a4,a4,24
80002a9c:	fec790e3          	bne	a5,a2,80002a7c <rt_object_get_information+0x14>

    return RT_NULL;
80002aa0:	00000513          	li	a0,0
}
80002aa4:	00008067          	ret

80002aa8 <rt_object_init>:
 *             uses '\0' as a terminal symbol.
 */
void rt_object_init(struct rt_object         *object,
                    enum rt_object_class_type type,
                    const char               *name)
{
80002aa8:	fd010113          	addi	sp,sp,-48
80002aac:	02812423          	sw	s0,40(sp)
80002ab0:	00050413          	mv	s0,a0
#ifdef RT_USING_MODULE
    struct rt_dlmodule *module = dlmodule_self();
#endif /* RT_USING_MODULE */

    /* get object information */
    information = rt_object_get_information(type);
80002ab4:	00058513          	mv	a0,a1
{
80002ab8:	02912223          	sw	s1,36(sp)
80002abc:	03212023          	sw	s2,32(sp)
80002ac0:	01312e23          	sw	s3,28(sp)
80002ac4:	02112623          	sw	ra,44(sp)
80002ac8:	01412c23          	sw	s4,24(sp)
80002acc:	01512a23          	sw	s5,20(sp)
80002ad0:	01612823          	sw	s6,16(sp)
80002ad4:	01712623          	sw	s7,12(sp)
80002ad8:	01812423          	sw	s8,8(sp)
80002adc:	01912223          	sw	s9,4(sp)
80002ae0:	00058993          	mv	s3,a1
80002ae4:	00060913          	mv	s2,a2
    information = rt_object_get_information(type);
80002ae8:	f81ff0ef          	jal	ra,80002a68 <rt_object_get_information>
80002aec:	00050493          	mv	s1,a0
    RT_ASSERT(information != RT_NULL);
80002af0:	00051e63          	bnez	a0,80002b0c <rt_object_init+0x64>
80002af4:	17300613          	li	a2,371
80002af8:	00003597          	auipc	a1,0x3
80002afc:	88c58593          	addi	a1,a1,-1908 # 80005384 <__FUNCTION__.7>
80002b00:	00002517          	auipc	a0,0x2
80002b04:	75050513          	addi	a0,a0,1872 # 80005250 <__FUNCTION__.3+0x10>
80002b08:	839ff0ef          	jal	ra,80002340 <rt_assert_handler>

#ifdef RT_DEBUGING_ASSERT
    /* check object type to avoid re-initialization */

    /* enter critical */
    level = rt_spin_lock_irqsave(&(information->spinlock));
80002b0c:	01048a13          	addi	s4,s1,16
80002b10:	000a0513          	mv	a0,s4
80002b14:	f28fe0ef          	jal	ra,8000123c <rt_spin_lock_irqsave>
    /* try to find object */
    for (node  = information->object_list.next;
80002b18:	0044aa83          	lw	s5,4(s1)
    level = rt_spin_lock_irqsave(&(information->spinlock));
80002b1c:	00050b13          	mv	s6,a0
            node != &(information->object_list);
80002b20:	00448b93          	addi	s7,s1,4
            node  = node->next)
    {
        struct rt_object *obj;

        obj = rt_list_entry(node, struct rt_object, list);
        RT_ASSERT(obj != object);
80002b24:	00003c17          	auipc	s8,0x3
80002b28:	860c0c13          	addi	s8,s8,-1952 # 80005384 <__FUNCTION__.7>
80002b2c:	00002c97          	auipc	s9,0x2
80002b30:	73cc8c93          	addi	s9,s9,1852 # 80005268 <__FUNCTION__.3+0x28>
    for (node  = information->object_list.next;
80002b34:	0d5b9c63          	bne	s7,s5,80002c0c <rt_object_init+0x164>
    }
    /* leave critical */
    rt_spin_unlock_irqrestore(&(information->spinlock), level);
80002b38:	000b0593          	mv	a1,s6
80002b3c:	000a0513          	mv	a0,s4
#endif /* RT_DEBUGING_ASSERT */

    /* initialize object's parameters */
    /* set object type to static */
    object->type = type | RT_Object_Class_Static;
80002b40:	f809e993          	ori	s3,s3,-128
    rt_spin_unlock_irqrestore(&(information->spinlock), level);
80002b44:	f24fe0ef          	jal	ra,80001268 <rt_spin_unlock_irqrestore>
    object->type = type | RT_Object_Class_Static;
80002b48:	01340823          	sb	s3,16(s0)
#if RT_NAME_MAX > 0
    if (name)
80002b4c:	0e090063          	beqz	s2,80002c2c <rt_object_init+0x184>
    {
        obj_name_len = rt_strlen(name);
80002b50:	00090513          	mv	a0,s2
80002b54:	a99fd0ef          	jal	ra,800005ec <rt_strlen>
        if(obj_name_len > RT_NAME_MAX - 1)
80002b58:	00f00793          	li	a5,15
80002b5c:	02a7f863          	bgeu	a5,a0,80002b8c <rt_object_init+0xe4>
        {
            LOG_E("Object name %s exceeds RT_NAME_MAX=%d, consider increasing RT_NAME_MAX.", name, RT_NAME_MAX);
80002b60:	00002517          	auipc	a0,0x2
80002b64:	71850513          	addi	a0,a0,1816 # 80005278 <__FUNCTION__.3+0x38>
80002b68:	d5cff0ef          	jal	ra,800020c4 <rt_kprintf>
80002b6c:	01000613          	li	a2,16
80002b70:	00090593          	mv	a1,s2
80002b74:	00002517          	auipc	a0,0x2
80002b78:	71c50513          	addi	a0,a0,1820 # 80005290 <__FUNCTION__.3+0x50>
80002b7c:	d48ff0ef          	jal	ra,800020c4 <rt_kprintf>
80002b80:	00002517          	auipc	a0,0x2
80002b84:	0a050513          	addi	a0,a0,160 # 80004c20 <__FUNCTION__.39+0xa4>
80002b88:	d3cff0ef          	jal	ra,800020c4 <rt_kprintf>
        }
        rt_strncpy(object->name, name, RT_NAME_MAX - 1);
80002b8c:	00f00613          	li	a2,15
80002b90:	00090593          	mv	a1,s2
80002b94:	00040513          	mv	a0,s0
80002b98:	a11fd0ef          	jal	ra,800005a8 <rt_strncpy>
        object->name[RT_NAME_MAX - 1] = '\0';
80002b9c:	000407a3          	sb	zero,15(s0)
    }
#else
    object->name = name;
#endif

    RT_OBJECT_HOOK_CALL(rt_object_attach_hook, (object));
80002ba0:	cc81a783          	lw	a5,-824(gp) # 801004c8 <rt_object_attach_hook>
80002ba4:	00078663          	beqz	a5,80002bb0 <rt_object_init+0x108>
80002ba8:	00040513          	mv	a0,s0
80002bac:	000780e7          	jalr	a5

    level = rt_spin_lock_irqsave(&(information->spinlock));
80002bb0:	000a0513          	mv	a0,s4
80002bb4:	e88fe0ef          	jal	ra,8000123c <rt_spin_lock_irqsave>
    l->next->prev = n;
80002bb8:	0044a703          	lw	a4,4(s1)
    }
    else
#endif /* RT_USING_MODULE */
    {
        /* insert object into information object list */
        rt_list_insert_after(&(information->object_list), &(object->list));
80002bbc:	01440793          	addi	a5,s0,20
    }
    rt_spin_unlock_irqrestore(&(information->spinlock), level);
}
80002bc0:	02c12083          	lw	ra,44(sp)
80002bc4:	00f72223          	sw	a5,4(a4)
    n->next = l->next;
80002bc8:	00e42a23          	sw	a4,20(s0)
    l->next = n;
80002bcc:	00f4a223          	sw	a5,4(s1)
    n->prev = l;
80002bd0:	01742c23          	sw	s7,24(s0)
80002bd4:	02812403          	lw	s0,40(sp)
80002bd8:	02412483          	lw	s1,36(sp)
80002bdc:	02012903          	lw	s2,32(sp)
80002be0:	01c12983          	lw	s3,28(sp)
80002be4:	01412a83          	lw	s5,20(sp)
80002be8:	01012b03          	lw	s6,16(sp)
80002bec:	00c12b83          	lw	s7,12(sp)
80002bf0:	00812c03          	lw	s8,8(sp)
80002bf4:	00412c83          	lw	s9,4(sp)
    level = rt_spin_lock_irqsave(&(information->spinlock));
80002bf8:	00050593          	mv	a1,a0
    rt_spin_unlock_irqrestore(&(information->spinlock), level);
80002bfc:	000a0513          	mv	a0,s4
}
80002c00:	01812a03          	lw	s4,24(sp)
80002c04:	03010113          	addi	sp,sp,48
    rt_spin_unlock_irqrestore(&(information->spinlock), level);
80002c08:	e60fe06f          	j	80001268 <rt_spin_unlock_irqrestore>
        obj = rt_list_entry(node, struct rt_object, list);
80002c0c:	feca8793          	addi	a5,s5,-20
        RT_ASSERT(obj != object);
80002c10:	00f41a63          	bne	s0,a5,80002c24 <rt_object_init+0x17c>
80002c14:	18200613          	li	a2,386
80002c18:	000c0593          	mv	a1,s8
80002c1c:	000c8513          	mv	a0,s9
80002c20:	f20ff0ef          	jal	ra,80002340 <rt_assert_handler>
            node  = node->next)
80002c24:	000aaa83          	lw	s5,0(s5)
80002c28:	f0dff06f          	j	80002b34 <rt_object_init+0x8c>
        object->name[0] = '\0';
80002c2c:	00040023          	sb	zero,0(s0)
80002c30:	f71ff06f          	j	80002ba0 <rt_object_init+0xf8>

80002c34 <rt_object_detach>:
 *        and the memory of static object is not freed.
 *
 * @param object the specified object to be detached.
 */
void rt_object_detach(rt_object_t object)
{
80002c34:	ff010113          	addi	sp,sp,-16
80002c38:	00812423          	sw	s0,8(sp)
80002c3c:	00112623          	sw	ra,12(sp)
80002c40:	00912223          	sw	s1,4(sp)
80002c44:	00050413          	mv	s0,a0
    rt_base_t level;
    struct rt_object_information *information;

    /* object check */
    RT_ASSERT(object != RT_NULL);
80002c48:	00051e63          	bnez	a0,80002c64 <rt_object_detach+0x30>
80002c4c:	1bd00613          	li	a2,445
80002c50:	00002597          	auipc	a1,0x2
80002c54:	72058593          	addi	a1,a1,1824 # 80005370 <__FUNCTION__.6>
80002c58:	00002517          	auipc	a0,0x2
80002c5c:	68050513          	addi	a0,a0,1664 # 800052d8 <__FUNCTION__.3+0x98>
80002c60:	ee0ff0ef          	jal	ra,80002340 <rt_assert_handler>

    RT_OBJECT_HOOK_CALL(rt_object_detach_hook, (object));
80002c64:	ccc1a783          	lw	a5,-820(gp) # 801004cc <rt_object_detach_hook>
80002c68:	00078663          	beqz	a5,80002c74 <rt_object_detach+0x40>
80002c6c:	00040513          	mv	a0,s0
80002c70:	000780e7          	jalr	a5

    information = rt_object_get_information((enum rt_object_class_type)object->type);
80002c74:	01044503          	lbu	a0,16(s0)
80002c78:	df1ff0ef          	jal	ra,80002a68 <rt_object_get_information>
80002c7c:	00050493          	mv	s1,a0
    RT_ASSERT(information != RT_NULL);
80002c80:	00051e63          	bnez	a0,80002c9c <rt_object_detach+0x68>
80002c84:	1c200613          	li	a2,450
80002c88:	00002597          	auipc	a1,0x2
80002c8c:	6e858593          	addi	a1,a1,1768 # 80005370 <__FUNCTION__.6>
80002c90:	00002517          	auipc	a0,0x2
80002c94:	5c050513          	addi	a0,a0,1472 # 80005250 <__FUNCTION__.3+0x10>
80002c98:	ea8ff0ef          	jal	ra,80002340 <rt_assert_handler>

    level = rt_spin_lock_irqsave(&(information->spinlock));
80002c9c:	01048493          	addi	s1,s1,16
80002ca0:	00048513          	mv	a0,s1
80002ca4:	d98fe0ef          	jal	ra,8000123c <rt_spin_lock_irqsave>
    n->next->prev = n->prev;
80002ca8:	01442683          	lw	a3,20(s0)
80002cac:	01842703          	lw	a4,24(s0)
    /* remove from old list */
    rt_list_remove(&(object->list));
80002cb0:	01440793          	addi	a5,s0,20
    level = rt_spin_lock_irqsave(&(information->spinlock));
80002cb4:	00050593          	mv	a1,a0
80002cb8:	00e6a223          	sw	a4,4(a3)
    n->prev->next = n->next;
80002cbc:	00d72023          	sw	a3,0(a4)
    n->next = n->prev = n;
80002cc0:	00f42c23          	sw	a5,24(s0)
80002cc4:	00f42a23          	sw	a5,20(s0)
    rt_spin_unlock_irqrestore(&(information->spinlock), level);
80002cc8:	00048513          	mv	a0,s1
80002ccc:	d9cfe0ef          	jal	ra,80001268 <rt_spin_unlock_irqrestore>

    object->type = RT_Object_Class_Null;
}
80002cd0:	00c12083          	lw	ra,12(sp)
    object->type = RT_Object_Class_Null;
80002cd4:	00040823          	sb	zero,16(s0)
}
80002cd8:	00812403          	lw	s0,8(sp)
80002cdc:	00412483          	lw	s1,4(sp)
80002ce0:	01010113          	addi	sp,sp,16
80002ce4:	00008067          	ret

80002ce8 <rt_object_allocate>:
 *             uses '\0' as a terminal symbol.
 *
 * @return object handle allocated successfully, or RT_NULL if no memory can be allocated.
 */
rt_object_t rt_object_allocate(enum rt_object_class_type type, const char *name)
{
80002ce8:	fe010113          	addi	sp,sp,-32
80002cec:	01212823          	sw	s2,16(sp)
80002cf0:	01312623          	sw	s3,12(sp)
80002cf4:	00112e23          	sw	ra,28(sp)
80002cf8:	00812c23          	sw	s0,24(sp)
80002cfc:	00912a23          	sw	s1,20(sp)
80002d00:	00050993          	mv	s3,a0
80002d04:	00058913          	mv	s2,a1
    struct rt_object_information *information;
#ifdef RT_USING_MODULE
    struct rt_dlmodule *module = dlmodule_self();
#endif /* RT_USING_MODULE */

    RT_DEBUG_NOT_IN_INTERRUPT;
80002d08:	b40ff0ef          	jal	ra,80002048 <rt_interrupt_get_nest>
80002d0c:	02050863          	beqz	a0,80002d3c <rt_object_allocate+0x54>
80002d10:	00002597          	auipc	a1,0x2
80002d14:	64c58593          	addi	a1,a1,1612 # 8000535c <__FUNCTION__.5>
80002d18:	00002517          	auipc	a0,0x2
80002d1c:	d1050513          	addi	a0,a0,-752 # 80004a28 <__FUNCTION__.0+0xd8>
80002d20:	ba4ff0ef          	jal	ra,800020c4 <rt_kprintf>
80002d24:	1e600613          	li	a2,486
80002d28:	00002597          	auipc	a1,0x2
80002d2c:	63458593          	addi	a1,a1,1588 # 8000535c <__FUNCTION__.5>
80002d30:	00003517          	auipc	a0,0x3
80002d34:	81c50513          	addi	a0,a0,-2020 # 8000554c <__FUNCTION__.2+0xa8>
80002d38:	e08ff0ef          	jal	ra,80002340 <rt_assert_handler>

    /* get object information */
    information = rt_object_get_information(type);
80002d3c:	00098513          	mv	a0,s3
80002d40:	d29ff0ef          	jal	ra,80002a68 <rt_object_get_information>
80002d44:	00050493          	mv	s1,a0
    RT_ASSERT(information != RT_NULL);
80002d48:	00051e63          	bnez	a0,80002d64 <rt_object_allocate+0x7c>
80002d4c:	1ea00613          	li	a2,490
80002d50:	00002597          	auipc	a1,0x2
80002d54:	60c58593          	addi	a1,a1,1548 # 8000535c <__FUNCTION__.5>
80002d58:	00002517          	auipc	a0,0x2
80002d5c:	4f850513          	addi	a0,a0,1272 # 80005250 <__FUNCTION__.3+0x10>
80002d60:	de0ff0ef          	jal	ra,80002340 <rt_assert_handler>

    object = (struct rt_object *)RT_KERNEL_MALLOC(information->object_size);
80002d64:	00c4a503          	lw	a0,12(s1)
80002d68:	eecff0ef          	jal	ra,80002454 <rt_malloc>
80002d6c:	00050413          	mv	s0,a0
    if (object == RT_NULL)
80002d70:	0a050863          	beqz	a0,80002e20 <rt_object_allocate+0x138>
        /* no memory can be allocated */
        return RT_NULL;
    }

    /* clean memory data of object */
    rt_memset(object, 0x0, information->object_size);
80002d74:	00c4a603          	lw	a2,12(s1)
80002d78:	00000593          	li	a1,0
80002d7c:	f50fd0ef          	jal	ra,800004cc <rt_memset>

    /* initialize object's parameters */

    /* set object type */
    object->type = type;
80002d80:	01340823          	sb	s3,16(s0)

    /* set object flag */
    object->flag = 0;
80002d84:	000408a3          	sb	zero,17(s0)

#if RT_NAME_MAX > 0
    if (name)
80002d88:	0a090c63          	beqz	s2,80002e40 <rt_object_allocate+0x158>
    {
        obj_name_len = rt_strlen(name);
80002d8c:	00090513          	mv	a0,s2
80002d90:	85dfd0ef          	jal	ra,800005ec <rt_strlen>
        if(obj_name_len > RT_NAME_MAX - 1)
80002d94:	00f00793          	li	a5,15
80002d98:	02a7f863          	bgeu	a5,a0,80002dc8 <rt_object_allocate+0xe0>
        {
            LOG_E("Object name %s exceeds RT_NAME_MAX=%d, consider increasing RT_NAME_MAX.", name, RT_NAME_MAX);
80002d9c:	00002517          	auipc	a0,0x2
80002da0:	4dc50513          	addi	a0,a0,1244 # 80005278 <__FUNCTION__.3+0x38>
80002da4:	b20ff0ef          	jal	ra,800020c4 <rt_kprintf>
80002da8:	01000613          	li	a2,16
80002dac:	00090593          	mv	a1,s2
80002db0:	00002517          	auipc	a0,0x2
80002db4:	4e050513          	addi	a0,a0,1248 # 80005290 <__FUNCTION__.3+0x50>
80002db8:	b0cff0ef          	jal	ra,800020c4 <rt_kprintf>
80002dbc:	00002517          	auipc	a0,0x2
80002dc0:	e6450513          	addi	a0,a0,-412 # 80004c20 <__FUNCTION__.39+0xa4>
80002dc4:	b00ff0ef          	jal	ra,800020c4 <rt_kprintf>
        }
        rt_strncpy(object->name, name, RT_NAME_MAX - 1);
80002dc8:	00f00613          	li	a2,15
80002dcc:	00090593          	mv	a1,s2
80002dd0:	00040513          	mv	a0,s0
80002dd4:	fd4fd0ef          	jal	ra,800005a8 <rt_strncpy>
        object->name[RT_NAME_MAX - 1] = '\0';
80002dd8:	000407a3          	sb	zero,15(s0)
    }
#else
    object->name = name;
#endif

    RT_OBJECT_HOOK_CALL(rt_object_attach_hook, (object));
80002ddc:	cc81a783          	lw	a5,-824(gp) # 801004c8 <rt_object_attach_hook>
80002de0:	00078663          	beqz	a5,80002dec <rt_object_allocate+0x104>
80002de4:	00040513          	mv	a0,s0
80002de8:	000780e7          	jalr	a5

    level = rt_spin_lock_irqsave(&(information->spinlock));
80002dec:	01048913          	addi	s2,s1,16
80002df0:	00090513          	mv	a0,s2
80002df4:	c48fe0ef          	jal	ra,8000123c <rt_spin_lock_irqsave>
    l->next->prev = n;
80002df8:	0044a703          	lw	a4,4(s1)
    }
    else
#endif /* RT_USING_MODULE */
    {
        /* insert object into information object list */
        rt_list_insert_after(&(information->object_list), &(object->list));
80002dfc:	01440793          	addi	a5,s0,20
80002e00:	00448493          	addi	s1,s1,4
80002e04:	00f72223          	sw	a5,4(a4)
    n->next = l->next;
80002e08:	00e42a23          	sw	a4,20(s0)
    l->next = n;
80002e0c:	00f4a023          	sw	a5,0(s1)
    level = rt_spin_lock_irqsave(&(information->spinlock));
80002e10:	00050593          	mv	a1,a0
    n->prev = l;
80002e14:	00942c23          	sw	s1,24(s0)
    }
    rt_spin_unlock_irqrestore(&(information->spinlock), level);
80002e18:	00090513          	mv	a0,s2
80002e1c:	c4cfe0ef          	jal	ra,80001268 <rt_spin_unlock_irqrestore>

    return object;
}
80002e20:	01c12083          	lw	ra,28(sp)
80002e24:	00040513          	mv	a0,s0
80002e28:	01812403          	lw	s0,24(sp)
80002e2c:	01412483          	lw	s1,20(sp)
80002e30:	01012903          	lw	s2,16(sp)
80002e34:	00c12983          	lw	s3,12(sp)
80002e38:	02010113          	addi	sp,sp,32
80002e3c:	00008067          	ret
        object->name[0] = '\0';
80002e40:	00040023          	sb	zero,0(s0)
80002e44:	f99ff06f          	j	80002ddc <rt_object_allocate+0xf4>

80002e48 <rt_object_delete>:
 * @brief This function will delete an object and release object memory.
 *
 * @param object The specified object to be deleted.
 */
void rt_object_delete(rt_object_t object)
{
80002e48:	ff010113          	addi	sp,sp,-16
80002e4c:	00812423          	sw	s0,8(sp)
80002e50:	00112623          	sw	ra,12(sp)
80002e54:	00912223          	sw	s1,4(sp)
80002e58:	00050413          	mv	s0,a0
    rt_base_t level;
    struct rt_object_information *information;

    /* object check */
    RT_ASSERT(object != RT_NULL);
80002e5c:	00051e63          	bnez	a0,80002e78 <rt_object_delete+0x30>
80002e60:	23100613          	li	a2,561
80002e64:	00002597          	auipc	a1,0x2
80002e68:	4e458593          	addi	a1,a1,1252 # 80005348 <__FUNCTION__.4>
80002e6c:	00002517          	auipc	a0,0x2
80002e70:	46c50513          	addi	a0,a0,1132 # 800052d8 <__FUNCTION__.3+0x98>
80002e74:	cccff0ef          	jal	ra,80002340 <rt_assert_handler>
    RT_ASSERT(!(object->type & RT_Object_Class_Static));
80002e78:	01040783          	lb	a5,16(s0)
80002e7c:	0007de63          	bgez	a5,80002e98 <rt_object_delete+0x50>
80002e80:	23200613          	li	a2,562
80002e84:	00002597          	auipc	a1,0x2
80002e88:	4c458593          	addi	a1,a1,1220 # 80005348 <__FUNCTION__.4>
80002e8c:	00002517          	auipc	a0,0x2
80002e90:	46050513          	addi	a0,a0,1120 # 800052ec <__FUNCTION__.3+0xac>
80002e94:	cacff0ef          	jal	ra,80002340 <rt_assert_handler>

    RT_OBJECT_HOOK_CALL(rt_object_detach_hook, (object));
80002e98:	ccc1a783          	lw	a5,-820(gp) # 801004cc <rt_object_detach_hook>
80002e9c:	00078663          	beqz	a5,80002ea8 <rt_object_delete+0x60>
80002ea0:	00040513          	mv	a0,s0
80002ea4:	000780e7          	jalr	a5


    information = rt_object_get_information((enum rt_object_class_type)object->type);
80002ea8:	01044503          	lbu	a0,16(s0)
80002eac:	bbdff0ef          	jal	ra,80002a68 <rt_object_get_information>
80002eb0:	00050493          	mv	s1,a0
    RT_ASSERT(information != RT_NULL);
80002eb4:	00051e63          	bnez	a0,80002ed0 <rt_object_delete+0x88>
80002eb8:	23800613          	li	a2,568
80002ebc:	00002597          	auipc	a1,0x2
80002ec0:	48c58593          	addi	a1,a1,1164 # 80005348 <__FUNCTION__.4>
80002ec4:	00002517          	auipc	a0,0x2
80002ec8:	38c50513          	addi	a0,a0,908 # 80005250 <__FUNCTION__.3+0x10>
80002ecc:	c74ff0ef          	jal	ra,80002340 <rt_assert_handler>

    level = rt_spin_lock_irqsave(&(information->spinlock));
80002ed0:	01048493          	addi	s1,s1,16
80002ed4:	00048513          	mv	a0,s1
80002ed8:	b64fe0ef          	jal	ra,8000123c <rt_spin_lock_irqsave>
    n->next->prev = n->prev;
80002edc:	01442683          	lw	a3,20(s0)
80002ee0:	01842703          	lw	a4,24(s0)

    /* remove from old list */
    rt_list_remove(&(object->list));
80002ee4:	01440793          	addi	a5,s0,20
    level = rt_spin_lock_irqsave(&(information->spinlock));
80002ee8:	00050593          	mv	a1,a0
80002eec:	00e6a223          	sw	a4,4(a3)
    n->prev->next = n->next;
80002ef0:	00d72023          	sw	a3,0(a4)

    rt_spin_unlock_irqrestore(&(information->spinlock), level);
80002ef4:	00048513          	mv	a0,s1
    n->next = n->prev = n;
80002ef8:	00f42c23          	sw	a5,24(s0)
80002efc:	00f42a23          	sw	a5,20(s0)
80002f00:	b68fe0ef          	jal	ra,80001268 <rt_spin_unlock_irqrestore>

    /* reset object type */
    object->type = RT_Object_Class_Null;

    /* free the memory of object */
    RT_KERNEL_FREE(object);
80002f04:	00040513          	mv	a0,s0
    object->type = RT_Object_Class_Null;
80002f08:	00040823          	sb	zero,16(s0)
}
80002f0c:	00812403          	lw	s0,8(sp)
80002f10:	00c12083          	lw	ra,12(sp)
80002f14:	00412483          	lw	s1,4(sp)
80002f18:	01010113          	addi	sp,sp,16
    RT_KERNEL_FREE(object);
80002f1c:	d98ff06f          	j	800024b4 <rt_free>

80002f20 <rt_object_is_systemobject>:
 * @param object The specified object to be judged.
 *
 * @return RT_TRUE if a system object, RT_FALSE for others.
 */
rt_bool_t rt_object_is_systemobject(rt_object_t object)
{
80002f20:	ff010113          	addi	sp,sp,-16
80002f24:	00812423          	sw	s0,8(sp)
80002f28:	00112623          	sw	ra,12(sp)
80002f2c:	00050413          	mv	s0,a0
    /* object check */
    RT_ASSERT(object != RT_NULL);
80002f30:	00051e63          	bnez	a0,80002f4c <rt_object_is_systemobject+0x2c>
80002f34:	25600613          	li	a2,598
80002f38:	00002597          	auipc	a1,0x2
80002f3c:	3f458593          	addi	a1,a1,1012 # 8000532c <__FUNCTION__.3>
80002f40:	00002517          	auipc	a0,0x2
80002f44:	39850513          	addi	a0,a0,920 # 800052d8 <__FUNCTION__.3+0x98>
80002f48:	bf8ff0ef          	jal	ra,80002340 <rt_assert_handler>

    if (object->type & RT_Object_Class_Static)
80002f4c:	01040503          	lb	a0,16(s0)
        return RT_TRUE;

    return RT_FALSE;
}
80002f50:	00c12083          	lw	ra,12(sp)
80002f54:	00812403          	lw	s0,8(sp)
80002f58:	01f55513          	srli	a0,a0,0x1f
80002f5c:	01010113          	addi	sp,sp,16
80002f60:	00008067          	ret

80002f64 <rt_object_get_type>:
 * @param object is the specified object to be get type.
 *
 * @return the type of object.
 */
rt_uint8_t rt_object_get_type(rt_object_t object)
{
80002f64:	ff010113          	addi	sp,sp,-16
80002f68:	00812423          	sw	s0,8(sp)
80002f6c:	00112623          	sw	ra,12(sp)
80002f70:	00050413          	mv	s0,a0
    /* object check */
    RT_ASSERT(object != RT_NULL);
80002f74:	00051e63          	bnez	a0,80002f90 <rt_object_get_type+0x2c>
80002f78:	26900613          	li	a2,617
80002f7c:	00002597          	auipc	a1,0x2
80002f80:	39c58593          	addi	a1,a1,924 # 80005318 <__FUNCTION__.2>
80002f84:	00002517          	auipc	a0,0x2
80002f88:	35450513          	addi	a0,a0,852 # 800052d8 <__FUNCTION__.3+0x98>
80002f8c:	bb4ff0ef          	jal	ra,80002340 <rt_assert_handler>

    return object->type & ~RT_Object_Class_Static;
80002f90:	01044503          	lbu	a0,16(s0)
}
80002f94:	00c12083          	lw	ra,12(sp)
80002f98:	00812403          	lw	s0,8(sp)
80002f9c:	07f57513          	andi	a0,a0,127
80002fa0:	01010113          	addi	sp,sp,16
80002fa4:	00008067          	ret

80002fa8 <rt_sched_thread_init_ctx>:
 *   - Calls rt_sched_thread_init_priv() for private scheduling data initialization
 */
void rt_sched_thread_init_ctx(struct rt_thread *thread, rt_uint32_t tick, rt_uint8_t priority)
{
    /* setup thread status */
    RT_SCHED_CTX(thread).stat = RT_THREAD_INIT;
80002fa8:	02050e23          	sb	zero,60(a0)
    /* not bind on any cpu */
    RT_SCHED_CTX(thread).bind_cpu = RT_CPUS_NR;
    RT_SCHED_CTX(thread).oncpu = RT_CPU_DETACHED;
#endif /* RT_USING_SMP */

    rt_sched_thread_init_priv(thread, tick, priority);
80002fac:	3a00006f          	j	8000334c <rt_sched_thread_init_priv>

80002fb0 <rt_sched_thread_timer_start>:
 *   - Sets the thread's timer flag (sched_flag_ttmr_set) to indicate timer is active
 */
rt_err_t rt_sched_thread_timer_start(struct rt_thread *thread)
{
    RT_SCHED_DEBUG_IS_LOCKED;
    RT_SCHED_CTX(thread).sched_flag_ttmr_set = 1;
80002fb0:	03d54783          	lbu	a5,61(a0)
80002fb4:	0027e793          	ori	a5,a5,2
80002fb8:	02f50ea3          	sb	a5,61(a0)
    return RT_EOK;
}
80002fbc:	00000513          	li	a0,0
80002fc0:	00008067          	ret

80002fc4 <rt_sched_thread_timer_stop>:
rt_err_t rt_sched_thread_timer_stop(struct rt_thread *thread)
{
    rt_err_t error;
    RT_SCHED_DEBUG_IS_LOCKED;

    if (RT_SCHED_CTX(thread).sched_flag_ttmr_set)
80002fc4:	03d54783          	lbu	a5,61(a0)
80002fc8:	0027f793          	andi	a5,a5,2
80002fcc:	02078c63          	beqz	a5,80003004 <rt_sched_thread_timer_stop+0x40>
{
80002fd0:	ff010113          	addi	sp,sp,-16
80002fd4:	00812423          	sw	s0,8(sp)
80002fd8:	00050413          	mv	s0,a0
    {
        error = rt_timer_stop(&thread->thread_timer);
80002fdc:	05050513          	addi	a0,a0,80
{
80002fe0:	00112623          	sw	ra,12(sp)
        error = rt_timer_stop(&thread->thread_timer);
80002fe4:	450010ef          	jal	ra,80004434 <rt_timer_stop>

        /* mask out timer flag no matter stop success or not */
        RT_SCHED_CTX(thread).sched_flag_ttmr_set = 0;
80002fe8:	03d44783          	lbu	a5,61(s0)
    else
    {
        error = RT_EOK;
    }
    return error;
}
80002fec:	00c12083          	lw	ra,12(sp)
        RT_SCHED_CTX(thread).sched_flag_ttmr_set = 0;
80002ff0:	ffd7f793          	andi	a5,a5,-3
80002ff4:	02f40ea3          	sb	a5,61(s0)
}
80002ff8:	00812403          	lw	s0,8(sp)
80002ffc:	01010113          	addi	sp,sp,16
80003000:	00008067          	ret
        error = RT_EOK;
80003004:	00000513          	li	a0,0
}
80003008:	00008067          	ret

8000300c <rt_sched_thread_get_stat>:
 *   - Returns the thread's status field masked with RT_THREAD_STAT_MASK
 */
rt_uint8_t rt_sched_thread_get_stat(struct rt_thread *thread)
{
    RT_SCHED_DEBUG_IS_LOCKED;
    return RT_SCHED_CTX(thread).stat & RT_THREAD_STAT_MASK;
8000300c:	03c54503          	lbu	a0,60(a0)
}
80003010:	00757513          	andi	a0,a0,7
80003014:	00008067          	ret

80003018 <rt_sched_thread_get_curr_prio>:
 */
rt_uint8_t rt_sched_thread_get_curr_prio(struct rt_thread *thread)
{
    RT_SCHED_DEBUG_IS_LOCKED;
    return RT_SCHED_PRIV(thread).current_priority;
}
80003018:	04854503          	lbu	a0,72(a0)
8000301c:	00008067          	ret

80003020 <rt_sched_thread_get_init_prio>:
 */
rt_uint8_t rt_sched_thread_get_init_prio(struct rt_thread *thread)
{
    /* read only fields, so lock is unnecessary */
    return RT_SCHED_PRIV(thread).init_priority;
}
80003020:	04954503          	lbu	a0,73(a0)
80003024:	00008067          	ret

80003028 <rt_sched_thread_is_suspended>:
 * @note Caller must hold the scheduler lock before calling this function
 */
rt_uint8_t rt_sched_thread_is_suspended(struct rt_thread *thread)
{
    RT_SCHED_DEBUG_IS_LOCKED;
    return (RT_SCHED_CTX(thread).stat & RT_THREAD_SUSPEND_MASK) == RT_THREAD_SUSPEND_MASK;
80003028:	03c54503          	lbu	a0,60(a0)
8000302c:	00255513          	srli	a0,a0,0x2
}
80003030:	00157513          	andi	a0,a0,1
80003034:	00008067          	ret

80003038 <rt_sched_thread_close>:
 * @note Must be called with scheduler lock held
 */
rt_err_t rt_sched_thread_close(struct rt_thread *thread)
{
    RT_SCHED_DEBUG_IS_LOCKED;
    RT_SCHED_CTX(thread).stat = RT_THREAD_CLOSE;
80003038:	00100793          	li	a5,1
8000303c:	02f50e23          	sb	a5,60(a0)
    return RT_EOK;
}
80003040:	00000513          	li	a0,0
80003044:	00008067          	ret

80003048 <rt_sched_thread_yield>:
 */
rt_err_t rt_sched_thread_yield(struct rt_thread *thread)
{
    RT_SCHED_DEBUG_IS_LOCKED;

    RT_SCHED_PRIV(thread).remaining_tick = RT_SCHED_PRIV(thread).init_tick;
80003048:	04052783          	lw	a5,64(a0)
8000304c:	04f52223          	sw	a5,68(a0)
    RT_SCHED_CTX(thread).stat |= RT_THREAD_STAT_YIELD;
80003050:	03c54783          	lbu	a5,60(a0)
80003054:	0087e793          	ori	a5,a5,8
80003058:	02f50e23          	sb	a5,60(a0)

    return RT_EOK;
}
8000305c:	00000513          	li	a0,0
80003060:	00008067          	ret

80003064 <rt_sched_thread_ready>:
{
    rt_err_t error;

    RT_SCHED_DEBUG_IS_LOCKED;

    if (!rt_sched_thread_is_suspended(thread))
80003064:	03c54783          	lbu	a5,60(a0)
80003068:	0047f793          	andi	a5,a5,4
8000306c:	06078263          	beqz	a5,800030d0 <rt_sched_thread_ready+0x6c>
        /* failed to proceed, and that's possibly due to a racing condition */
        error = -RT_EINVAL;
    }
    else
    {
        if (RT_SCHED_CTX(thread).sched_flag_ttmr_set)
80003070:	03d54783          	lbu	a5,61(a0)
{
80003074:	ff010113          	addi	sp,sp,-16
80003078:	00812423          	sw	s0,8(sp)
8000307c:	00112623          	sw	ra,12(sp)
        if (RT_SCHED_CTX(thread).sched_flag_ttmr_set)
80003080:	0027f793          	andi	a5,a5,2
80003084:	00050413          	mv	s0,a0
80003088:	02079e63          	bnez	a5,800030c4 <rt_sched_thread_ready+0x60>
    n->next->prev = n->prev;
8000308c:	03442683          	lw	a3,52(s0)
80003090:	03842703          	lw	a4,56(s0)
        }

        if (!error)
        {
            /* remove from suspend list */
            rt_list_remove(&RT_THREAD_LIST_NODE(thread));
80003094:	03440793          	addi	a5,s0,52
#ifdef RT_USING_SMART
            thread->wakeup_handle.func = RT_NULL;
#endif

            /* insert to schedule ready list and remove from susp list */
            rt_sched_insert_thread(thread);
80003098:	00040513          	mv	a0,s0
8000309c:	00e6a223          	sw	a4,4(a3)
    n->prev->next = n->next;
800030a0:	00d72023          	sw	a3,0(a4)
    n->next = n->prev = n;
800030a4:	02f42c23          	sw	a5,56(s0)
800030a8:	02f42a23          	sw	a5,52(s0)
800030ac:	318000ef          	jal	ra,800033c4 <rt_sched_insert_thread>
800030b0:	00000513          	li	a0,0
        }
    }

    return error;
}
800030b4:	00c12083          	lw	ra,12(sp)
800030b8:	00812403          	lw	s0,8(sp)
800030bc:	01010113          	addi	sp,sp,16
800030c0:	00008067          	ret
            error = rt_sched_thread_timer_stop(thread);
800030c4:	f01ff0ef          	jal	ra,80002fc4 <rt_sched_thread_timer_stop>
        if (!error)
800030c8:	fc0502e3          	beqz	a0,8000308c <rt_sched_thread_ready+0x28>
800030cc:	fe9ff06f          	j	800030b4 <rt_sched_thread_ready+0x50>
        error = -RT_EINVAL;
800030d0:	ff600513          	li	a0,-10
}
800030d4:	00008067          	ret

800030d8 <rt_sched_tick_increase>:
 *
 * @note This function is typically called from timer interrupt context
 *       It handles both SMP and non-SMP cases
 */
rt_err_t rt_sched_tick_increase(rt_tick_t tick)
{
800030d8:	fe010113          	addi	sp,sp,-32
800030dc:	00112e23          	sw	ra,28(sp)
800030e0:	00812c23          	sw	s0,24(sp)
800030e4:	00912a23          	sw	s1,20(sp)
800030e8:	00050493          	mv	s1,a0
    struct rt_thread *thread;
    rt_sched_lock_level_t slvl;

    thread = rt_thread_self();
800030ec:	2f5000ef          	jal	ra,80003be0 <rt_thread_self>
800030f0:	00050413          	mv	s0,a0

    rt_sched_lock(&slvl);
800030f4:	00c10513          	addi	a0,sp,12
800030f8:	1c0000ef          	jal	ra,800032b8 <rt_sched_lock>

    if (RT_SCHED_PRIV(thread).remaining_tick > tick)
800030fc:	04442783          	lw	a5,68(s0)
80003100:	02f4e863          	bltu	s1,a5,80003130 <rt_sched_tick_increase+0x58>
80003104:	04042223          	sw	zero,68(s0)
    {
        rt_sched_unlock(slvl);
    }
    else
    {
        rt_sched_thread_yield(thread);
80003108:	00040513          	mv	a0,s0
8000310c:	f3dff0ef          	jal	ra,80003048 <rt_sched_thread_yield>

        /* request a rescheduling even though we are probably in an ISR */
        rt_sched_unlock_n_resched(slvl);
80003110:	00c12503          	lw	a0,12(sp)
80003114:	5f4000ef          	jal	ra,80003708 <rt_sched_unlock_n_resched>
    }

    return RT_EOK;
}
80003118:	01c12083          	lw	ra,28(sp)
8000311c:	01812403          	lw	s0,24(sp)
80003120:	01412483          	lw	s1,20(sp)
80003124:	00000513          	li	a0,0
80003128:	02010113          	addi	sp,sp,32
8000312c:	00008067          	ret
        rt_sched_unlock(slvl);
80003130:	00c12503          	lw	a0,12(sp)
        RT_SCHED_PRIV(thread).remaining_tick -= tick;
80003134:	409787b3          	sub	a5,a5,s1
80003138:	04f42223          	sw	a5,68(s0)
        rt_sched_unlock(slvl);
8000313c:	1b4000ef          	jal	ra,800032f0 <rt_sched_unlock>
80003140:	fd9ff06f          	j	80003118 <rt_sched_tick_increase+0x40>

80003144 <rt_sched_thread_change_priority>:

/**
 * @brief Update priority of the target thread
 */
rt_err_t rt_sched_thread_change_priority(struct rt_thread *thread, rt_uint8_t priority)
{
80003144:	ff010113          	addi	sp,sp,-16
80003148:	00812423          	sw	s0,8(sp)
8000314c:	00912223          	sw	s1,4(sp)
80003150:	00112623          	sw	ra,12(sp)
80003154:	01212023          	sw	s2,0(sp)
    RT_ASSERT(priority < RT_THREAD_PRIORITY_MAX);
80003158:	01f00793          	li	a5,31
{
8000315c:	00050413          	mv	s0,a0
80003160:	00058493          	mv	s1,a1
    RT_ASSERT(priority < RT_THREAD_PRIORITY_MAX);
80003164:	00b7fe63          	bgeu	a5,a1,80003180 <rt_sched_thread_change_priority+0x3c>
80003168:	15c00613          	li	a2,348
8000316c:	00002597          	auipc	a1,0x2
80003170:	2ec58593          	addi	a1,a1,748 # 80005458 <__FUNCTION__.1>
80003174:	00002517          	auipc	a0,0x2
80003178:	22050513          	addi	a0,a0,544 # 80005394 <__FUNCTION__.7+0x10>
8000317c:	9c4ff0ef          	jal	ra,80002340 <rt_assert_handler>
    if ((RT_SCHED_CTX(thread).stat & RT_THREAD_STAT_MASK) == RT_THREAD_READY)
80003180:	03c44783          	lbu	a5,60(s0)
        RT_SCHED_PRIV(thread).number_mask = 1 << RT_SCHED_PRIV(thread).current_priority;
80003184:	00100913          	li	s2,1
    if ((RT_SCHED_CTX(thread).stat & RT_THREAD_STAT_MASK) == RT_THREAD_READY)
80003188:	00200713          	li	a4,2
8000318c:	0077f793          	andi	a5,a5,7
        RT_SCHED_PRIV(thread).number_mask = 1 << RT_SCHED_PRIV(thread).current_priority;
80003190:	00991933          	sll	s2,s2,s1
    if ((RT_SCHED_CTX(thread).stat & RT_THREAD_STAT_MASK) == RT_THREAD_READY)
80003194:	02e79e63          	bne	a5,a4,800031d0 <rt_sched_thread_change_priority+0x8c>
        rt_sched_remove_thread(thread);
80003198:	00040513          	mv	a0,s0
8000319c:	2fc000ef          	jal	ra,80003498 <rt_sched_remove_thread>
        rt_sched_insert_thread(thread);
800031a0:	00040513          	mv	a0,s0
        RT_SCHED_PRIV(thread).current_priority = priority;
800031a4:	04940423          	sb	s1,72(s0)
        RT_SCHED_PRIV(thread).number_mask = 1 << RT_SCHED_PRIV(thread).current_priority;
800031a8:	05242623          	sw	s2,76(s0)
        RT_SCHED_CTX(thread).stat = RT_THREAD_INIT;
800031ac:	02040e23          	sb	zero,60(s0)
        rt_sched_insert_thread(thread);
800031b0:	214000ef          	jal	ra,800033c4 <rt_sched_insert_thread>
    return _rt_sched_update_priority(thread, priority, RT_FALSE);
}
800031b4:	00c12083          	lw	ra,12(sp)
800031b8:	00812403          	lw	s0,8(sp)
800031bc:	00412483          	lw	s1,4(sp)
800031c0:	00012903          	lw	s2,0(sp)
800031c4:	00000513          	li	a0,0
800031c8:	01010113          	addi	sp,sp,16
800031cc:	00008067          	ret
        RT_SCHED_PRIV(thread).current_priority = priority;
800031d0:	04940423          	sb	s1,72(s0)
        RT_SCHED_PRIV(thread).number_mask = 1 << RT_SCHED_PRIV(thread).current_priority;
800031d4:	05242623          	sw	s2,76(s0)
800031d8:	fddff06f          	j	800031b4 <rt_sched_thread_change_priority+0x70>

800031dc <rt_scheduler_stack_check>:
 *     * For downward-growing stacks: checks magic number at bottom and SP range
 *     * Triggers error and infinite loop on overflow
 *   - Additional warnings when stack pointer is near boundaries
 */
void rt_scheduler_stack_check(struct rt_thread *thread)
{
800031dc:	ff010113          	addi	sp,sp,-16
800031e0:	00812423          	sw	s0,8(sp)
800031e4:	00112623          	sw	ra,12(sp)
800031e8:	00050413          	mv	s0,a0
    RT_ASSERT(thread != RT_NULL);
800031ec:	00051e63          	bnez	a0,80003208 <rt_scheduler_stack_check+0x2c>
800031f0:	1cb00613          	li	a2,459
800031f4:	00002597          	auipc	a1,0x2
800031f8:	24858593          	addi	a1,a1,584 # 8000543c <__FUNCTION__.0>
800031fc:	00002517          	auipc	a0,0x2
80003200:	8c450513          	addi	a0,a0,-1852 # 80004ac0 <__FUNCTION__.0+0x170>
80003204:	93cff0ef          	jal	ra,80002340 <rt_assert_handler>

#ifndef RT_USING_HW_STACK_GUARD
#ifdef ARCH_CPU_STACK_GROWS_UPWARD
    if (*((rt_uint8_t *)((rt_uintptr_t)thread->stack_addr + thread->stack_size - 1)) != '#' ||
#else
    if (*((rt_uint8_t *)thread->stack_addr) != '#' ||
80003208:	02842783          	lw	a5,40(s0)
8000320c:	02300713          	li	a4,35
80003210:	0007c683          	lbu	a3,0(a5)
80003214:	00e69c63          	bne	a3,a4,8000322c <rt_scheduler_stack_check+0x50>
#endif /* ARCH_CPU_STACK_GROWS_UPWARD */
        (rt_uintptr_t)thread->sp <= (rt_uintptr_t)thread->stack_addr ||
80003218:	01c42703          	lw	a4,28(s0)
    if (*((rt_uint8_t *)thread->stack_addr) != '#' ||
8000321c:	00e7f863          	bgeu	a5,a4,8000322c <rt_scheduler_stack_check+0x50>
        (rt_uintptr_t)thread->sp >
            (rt_uintptr_t)thread->stack_addr + (rt_uintptr_t)thread->stack_size)
80003220:	02c42683          	lw	a3,44(s0)
80003224:	00d786b3          	add	a3,a5,a3
        (rt_uintptr_t)thread->sp <= (rt_uintptr_t)thread->stack_addr ||
80003228:	04e6f263          	bgeu	a3,a4,8000326c <rt_scheduler_stack_check+0x90>
    {
        rt_base_t dummy = 1;
        rt_err_t hook_result = -RT_ERROR;

        LOG_E("thread:%s stack overflow\n", thread->parent.name);
8000322c:	00002517          	auipc	a0,0x2
80003230:	18c50513          	addi	a0,a0,396 # 800053b8 <__FUNCTION__.7+0x34>
80003234:	e91fe0ef          	jal	ra,800020c4 <rt_kprintf>
80003238:	00040593          	mv	a1,s0
8000323c:	00002517          	auipc	a0,0x2
80003240:	19450513          	addi	a0,a0,404 # 800053d0 <__FUNCTION__.7+0x4c>
80003244:	e81fe0ef          	jal	ra,800020c4 <rt_kprintf>
80003248:	00002517          	auipc	a0,0x2
8000324c:	9d850513          	addi	a0,a0,-1576 # 80004c20 <__FUNCTION__.39+0xa4>
80003250:	e75fe0ef          	jal	ra,800020c4 <rt_kprintf>

#if defined(RT_USING_HOOK) && defined(RT_HOOK_USING_FUNC_PTR)
        if (rt_stack_overflow_hook != RT_NULL)
80003254:	cdc1a783          	lw	a5,-804(gp) # 801004dc <rt_stack_overflow_hook>
80003258:	00078863          	beqz	a5,80003268 <rt_scheduler_stack_check+0x8c>
        {
            hook_result = rt_stack_overflow_hook(thread);
8000325c:	00040513          	mv	a0,s0
80003260:	000780e7          	jalr	a5
        }
#endif /* RT_USING_HOOK */

        /* If hook handled the overflow successfully, don't enter infinite loop */
        if (hook_result != RT_EOK)
80003264:	04050263          	beqz	a0,800032a8 <rt_scheduler_stack_check+0xcc>
        {
            while (dummy)
80003268:	0000006f          	j	80003268 <rt_scheduler_stack_check+0x8c>
        LOG_W("warning: %s stack is close to the top of stack address.\n",
              thread->parent.name);
    }
#else
#ifndef RT_USING_HW_STACK_GUARD
    else if ((rt_uintptr_t)thread->sp <= ((rt_uintptr_t)thread->stack_addr + 32))
8000326c:	02078793          	addi	a5,a5,32
80003270:	02e7ec63          	bltu	a5,a4,800032a8 <rt_scheduler_stack_check+0xcc>
#else
    if ((rt_uintptr_t)thread->sp <= ((rt_uintptr_t)thread->stack_addr + 32))
#endif
    {
        LOG_W("warning: %s stack is close to end of stack address.\n",
80003274:	00002517          	auipc	a0,0x2
80003278:	17850513          	addi	a0,a0,376 # 800053ec <__FUNCTION__.7+0x68>
8000327c:	e49fe0ef          	jal	ra,800020c4 <rt_kprintf>
80003280:	00040593          	mv	a1,s0
80003284:	00002517          	auipc	a0,0x2
80003288:	18050513          	addi	a0,a0,384 # 80005404 <__FUNCTION__.7+0x80>
8000328c:	e39fe0ef          	jal	ra,800020c4 <rt_kprintf>
              thread->parent.name);
    }
#endif /* ARCH_CPU_STACK_GROWS_UPWARD */
}
80003290:	00812403          	lw	s0,8(sp)
80003294:	00c12083          	lw	ra,12(sp)
        LOG_W("warning: %s stack is close to end of stack address.\n",
80003298:	00002517          	auipc	a0,0x2
8000329c:	98850513          	addi	a0,a0,-1656 # 80004c20 <__FUNCTION__.39+0xa4>
}
800032a0:	01010113          	addi	sp,sp,16
        LOG_W("warning: %s stack is close to end of stack address.\n",
800032a4:	e21fe06f          	j	800020c4 <rt_kprintf>
}
800032a8:	00c12083          	lw	ra,12(sp)
800032ac:	00812403          	lw	s0,8(sp)
800032b0:	01010113          	addi	sp,sp,16
800032b4:	00008067          	ret

800032b8 <rt_sched_lock>:
 *       Caller must ensure plvl is valid
 */
rt_err_t rt_sched_lock(rt_sched_lock_level_t *plvl)
{
    rt_base_t level;
    if (!plvl)
800032b8:	02050863          	beqz	a0,800032e8 <rt_sched_lock+0x30>
{
800032bc:	ff010113          	addi	sp,sp,-16
800032c0:	00812423          	sw	s0,8(sp)
800032c4:	00112623          	sw	ra,12(sp)
800032c8:	00050413          	mv	s0,a0
        return -RT_EINVAL;

    level = rt_hw_interrupt_disable();
800032cc:	f29fc0ef          	jal	ra,800001f4 <rt_hw_interrupt_disable>
    *plvl = level;
800032d0:	00a42023          	sw	a0,0(s0)

    return RT_EOK;
}
800032d4:	00c12083          	lw	ra,12(sp)
800032d8:	00812403          	lw	s0,8(sp)
    return RT_EOK;
800032dc:	00000513          	li	a0,0
}
800032e0:	01010113          	addi	sp,sp,16
800032e4:	00008067          	ret
        return -RT_EINVAL;
800032e8:	ff600513          	li	a0,-10
}
800032ec:	00008067          	ret

800032f0 <rt_sched_unlock>:
 *
 * @note Must be called with the same interrupt level that was saved by rt_sched_lock()
 *       Should not be called without a corresponding rt_sched_lock() first
 */
rt_err_t rt_sched_unlock(rt_sched_lock_level_t level)
{
800032f0:	ff010113          	addi	sp,sp,-16
800032f4:	00112623          	sw	ra,12(sp)
    rt_hw_interrupt_enable(level);
800032f8:	f05fc0ef          	jal	ra,800001fc <rt_hw_interrupt_enable>

    return RT_EOK;
}
800032fc:	00c12083          	lw	ra,12(sp)
80003300:	00000513          	li	a0,0
80003304:	01010113          	addi	sp,sp,16
80003308:	00008067          	ret

8000330c <rt_system_scheduler_init>:
 *       It prepares the scheduler data structures for single-core operation
 */
void rt_system_scheduler_init(void)
{
    rt_base_t offset;
    rt_scheduler_lock_nest = 0;
8000330c:	ce01a423          	sw	zero,-792(gp) # 801004e8 <rt_scheduler_lock_nest>

    LOG_D("start scheduler: max priority 0x%02x",
          RT_THREAD_PRIORITY_MAX);

    for (offset = 0; offset < RT_THREAD_PRIORITY_MAX; offset ++)
80003310:	cf018793          	addi	a5,gp,-784 # 801004f0 <rt_thread_priority_table>
80003314:	df018713          	addi	a4,gp,-528 # 801005f0 <rt_thread_ready_priority_group>
    l->next = l->prev = l;
80003318:	00f7a223          	sw	a5,4(a5)
8000331c:	00f7a023          	sw	a5,0(a5)
80003320:	00878793          	addi	a5,a5,8
80003324:	fee79ae3          	bne	a5,a4,80003318 <rt_system_scheduler_init+0xc>
    {
        rt_list_init(&rt_thread_priority_table[offset]);
    }

    /* initialize ready priority group */
    rt_thread_ready_priority_group = 0;
80003328:	de01a823          	sw	zero,-528(gp) # 801005f0 <rt_thread_ready_priority_group>

#if RT_THREAD_PRIORITY_MAX > 32
    /* initialize ready table */
    rt_memset(rt_thread_ready_table, 0, sizeof(rt_thread_ready_table));
#endif /* RT_THREAD_PRIORITY_MAX > 32 */
}
8000332c:	00008067          	ret

80003330 <rt_sched_thread_startup>:
#if RT_THREAD_PRIORITY_MAX > 32
    RT_SCHED_PRIV(thread).number = RT_SCHED_PRIV(thread).current_priority >> 3;            /* 5bit */
    RT_SCHED_PRIV(thread).number_mask = 1L << RT_SCHED_PRIV(thread).number;
    RT_SCHED_PRIV(thread).high_mask = 1L << (RT_SCHED_PRIV(thread).current_priority & 0x07);  /* 3bit */
#else
    RT_SCHED_PRIV(thread).number_mask = 1L << RT_SCHED_PRIV(thread).current_priority;
80003330:	04854703          	lbu	a4,72(a0)
80003334:	00100793          	li	a5,1
80003338:	00e797b3          	sll	a5,a5,a4
8000333c:	04f52623          	sw	a5,76(a0)
#endif /* RT_THREAD_PRIORITY_MAX > 32 */

    /* change thread stat, so we can resume it */
    RT_SCHED_CTX(thread).stat = RT_THREAD_SUSPEND;
80003340:	00400793          	li	a5,4
80003344:	02f50e23          	sb	a5,60(a0)
}
80003348:	00008067          	ret

8000334c <rt_sched_thread_init_priv>:
 *   - Sets initial and current priority (must be < RT_THREAD_PRIORITY_MAX)
 *   - Initializes priority masks (number_mask, number, high_mask for >32 priorities)
 *   - Sets initial and remaining time slice ticks
 */
void rt_sched_thread_init_priv(struct rt_thread *thread, rt_uint32_t tick, rt_uint8_t priority)
{
8000334c:	ff010113          	addi	sp,sp,-16
80003350:	00812423          	sw	s0,8(sp)
80003354:	00912223          	sw	s1,4(sp)
80003358:	01212023          	sw	s2,0(sp)
    rt_list_init(&RT_THREAD_LIST_NODE(thread));
8000335c:	03450793          	addi	a5,a0,52
{
80003360:	00112623          	sw	ra,12(sp)
80003364:	02f52c23          	sw	a5,56(a0)
80003368:	02f52a23          	sw	a5,52(a0)

    /* priority init */
    RT_ASSERT(priority < RT_THREAD_PRIORITY_MAX);
8000336c:	01f00793          	li	a5,31
{
80003370:	00050413          	mv	s0,a0
80003374:	00058913          	mv	s2,a1
80003378:	00060493          	mv	s1,a2
    RT_ASSERT(priority < RT_THREAD_PRIORITY_MAX);
8000337c:	00c7fe63          	bgeu	a5,a2,80003398 <rt_sched_thread_init_priv+0x4c>
80003380:	1d300613          	li	a2,467
80003384:	00002597          	auipc	a1,0x2
80003388:	12058593          	addi	a1,a1,288 # 800054a4 <__FUNCTION__.2>
8000338c:	00002517          	auipc	a0,0x2
80003390:	00850513          	addi	a0,a0,8 # 80005394 <__FUNCTION__.7+0x10>
80003394:	fadfe0ef          	jal	ra,80002340 <rt_assert_handler>
    RT_SCHED_PRIV(thread).init_priority    = priority;
80003398:	049404a3          	sb	s1,73(s0)
    RT_SCHED_PRIV(thread).current_priority = priority;
8000339c:	04940423          	sb	s1,72(s0)
    RT_SCHED_PRIV(thread).number = 0;
    RT_SCHED_PRIV(thread).high_mask = 0;
#endif /* RT_THREAD_PRIORITY_MAX > 32 */

    /* tick init */
    RT_SCHED_PRIV(thread).init_tick = tick;
800033a0:	05242023          	sw	s2,64(s0)
    RT_SCHED_PRIV(thread).remaining_tick = tick;
800033a4:	05242223          	sw	s2,68(s0)
}
800033a8:	00c12083          	lw	ra,12(sp)
    RT_SCHED_PRIV(thread).number_mask = 0;
800033ac:	04042623          	sw	zero,76(s0)
}
800033b0:	00812403          	lw	s0,8(sp)
800033b4:	00412483          	lw	s1,4(sp)
800033b8:	00012903          	lw	s2,0(sp)
800033bc:	01010113          	addi	sp,sp,16
800033c0:	00008067          	ret

800033c4 <rt_sched_insert_thread>:
 * @param thread is the thread to be inserted.
 *
 * @note  Please do not invoke this function in user application.
 */
void rt_sched_insert_thread(struct rt_thread *thread)
{
800033c4:	ff010113          	addi	sp,sp,-16
800033c8:	00812423          	sw	s0,8(sp)
800033cc:	00112623          	sw	ra,12(sp)
800033d0:	00912223          	sw	s1,4(sp)
800033d4:	00050413          	mv	s0,a0
    rt_base_t level;

    RT_ASSERT(thread != RT_NULL);
800033d8:	00051e63          	bnez	a0,800033f4 <rt_sched_insert_thread+0x30>
800033dc:	1ef00613          	li	a2,495
800033e0:	00002597          	auipc	a1,0x2
800033e4:	0ac58593          	addi	a1,a1,172 # 8000548c <__FUNCTION__.1>
800033e8:	00001517          	auipc	a0,0x1
800033ec:	6d850513          	addi	a0,a0,1752 # 80004ac0 <__FUNCTION__.0+0x170>
800033f0:	f51fe0ef          	jal	ra,80002340 <rt_assert_handler>

    /* disable interrupt */
    level = rt_hw_interrupt_disable();
800033f4:	e01fc0ef          	jal	ra,800001f4 <rt_hw_interrupt_disable>
800033f8:	00050493          	mv	s1,a0

    /* it's current thread, it should be RUNNING thread */
    if (thread == rt_current_thread)
800033fc:	7e4000ef          	jal	ra,80003be0 <rt_thread_self>
80003400:	03c44783          	lbu	a5,60(s0)
80003404:	02a41463          	bne	s0,a0,8000342c <rt_sched_insert_thread+0x68>
    {
        RT_SCHED_CTX(thread).stat = RT_THREAD_RUNNING | (RT_SCHED_CTX(thread).stat & ~RT_THREAD_STAT_MASK);
80003408:	ff87f793          	andi	a5,a5,-8
8000340c:	0037e793          	ori	a5,a5,3
80003410:	02f40e23          	sb	a5,60(s0)
    rt_thread_ready_priority_group |= RT_SCHED_PRIV(thread).number_mask;

__exit:
    /* enable interrupt */
    rt_hw_interrupt_enable(level);
}
80003414:	00812403          	lw	s0,8(sp)
80003418:	00c12083          	lw	ra,12(sp)
    rt_hw_interrupt_enable(level);
8000341c:	00048513          	mv	a0,s1
}
80003420:	00412483          	lw	s1,4(sp)
80003424:	01010113          	addi	sp,sp,16
    rt_hw_interrupt_enable(level);
80003428:	dd5fc06f          	j	800001fc <rt_hw_interrupt_enable>
        rt_list_insert_before(&(rt_thread_priority_table[RT_SCHED_PRIV(thread).current_priority]),
8000342c:	04844703          	lbu	a4,72(s0)
    RT_SCHED_CTX(thread).stat = RT_THREAD_READY | (RT_SCHED_CTX(thread).stat & ~RT_THREAD_STAT_MASK);
80003430:	0f87f793          	andi	a5,a5,248
80003434:	0027e793          	ori	a5,a5,2
        rt_list_insert_before(&(rt_thread_priority_table[RT_SCHED_PRIV(thread).current_priority]),
80003438:	00371693          	slli	a3,a4,0x3
    RT_SCHED_CTX(thread).stat = RT_THREAD_READY | (RT_SCHED_CTX(thread).stat & ~RT_THREAD_STAT_MASK);
8000343c:	02f40e23          	sb	a5,60(s0)
        rt_list_insert_before(&(rt_thread_priority_table[RT_SCHED_PRIV(thread).current_priority]),
80003440:	cf018713          	addi	a4,gp,-784 # 801004f0 <rt_thread_priority_table>
    if((RT_SCHED_CTX(thread).stat & RT_THREAD_STAT_YIELD_MASK) != 0)
80003444:	0087f793          	andi	a5,a5,8
        rt_list_insert_before(&(rt_thread_priority_table[RT_SCHED_PRIV(thread).current_priority]),
80003448:	00d70733          	add	a4,a4,a3
8000344c:	03440693          	addi	a3,s0,52
    if((RT_SCHED_CTX(thread).stat & RT_THREAD_STAT_YIELD_MASK) != 0)
80003450:	02078863          	beqz	a5,80003480 <rt_sched_insert_thread+0xbc>
    l->prev->next = n;
80003454:	00472783          	lw	a5,4(a4)
80003458:	00d7a023          	sw	a3,0(a5)
    n->prev = l->prev;
8000345c:	02f42c23          	sw	a5,56(s0)
    l->prev = n;
80003460:	00d72223          	sw	a3,4(a4)
    n->next = l;
80003464:	02e42a23          	sw	a4,52(s0)
    rt_thread_ready_priority_group |= RT_SCHED_PRIV(thread).number_mask;
80003468:	df018713          	addi	a4,gp,-528 # 801005f0 <rt_thread_ready_priority_group>
8000346c:	00072683          	lw	a3,0(a4)
80003470:	04c42783          	lw	a5,76(s0)
80003474:	00d7e7b3          	or	a5,a5,a3
80003478:	00f72023          	sw	a5,0(a4)
8000347c:	f99ff06f          	j	80003414 <rt_sched_insert_thread+0x50>
    l->next->prev = n;
80003480:	00072783          	lw	a5,0(a4)
80003484:	00d7a223          	sw	a3,4(a5)
    n->next = l->next;
80003488:	02f42a23          	sw	a5,52(s0)
    l->next = n;
8000348c:	00d72023          	sw	a3,0(a4)
    n->prev = l;
80003490:	02e42c23          	sw	a4,56(s0)
}
80003494:	fd5ff06f          	j	80003468 <rt_sched_insert_thread+0xa4>

80003498 <rt_sched_remove_thread>:
 * @param thread is the thread to be removed.
 *
 * @note  Please do not invoke this function in user application.
 */
void rt_sched_remove_thread(struct rt_thread *thread)
{
80003498:	ff010113          	addi	sp,sp,-16
8000349c:	00812423          	sw	s0,8(sp)
800034a0:	00112623          	sw	ra,12(sp)
800034a4:	00050413          	mv	s0,a0
    rt_base_t level;

    RT_ASSERT(thread != RT_NULL);
800034a8:	00051e63          	bnez	a0,800034c4 <rt_sched_remove_thread+0x2c>
800034ac:	22300613          	li	a2,547
800034b0:	00002597          	auipc	a1,0x2
800034b4:	fc458593          	addi	a1,a1,-60 # 80005474 <__FUNCTION__.0>
800034b8:	00001517          	auipc	a0,0x1
800034bc:	60850513          	addi	a0,a0,1544 # 80004ac0 <__FUNCTION__.0+0x170>
800034c0:	e81fe0ef          	jal	ra,80002340 <rt_assert_handler>

    /* disable interrupt */
    level = rt_hw_interrupt_disable();
800034c4:	d31fc0ef          	jal	ra,800001f4 <rt_hw_interrupt_disable>
    n->next->prev = n->prev;
800034c8:	03842703          	lw	a4,56(s0)
800034cc:	03442683          	lw	a3,52(s0)
    LOG_D("remove thread[%.*s], the priority: %d",
          RT_NAME_MAX, thread->parent.name,
          RT_SCHED_PRIV(rt_current_thread).current_priority);

    /* remove thread from ready list */
    rt_list_remove(&RT_THREAD_LIST_NODE(thread));
800034d0:	03440793          	addi	a5,s0,52
800034d4:	00e6a223          	sw	a4,4(a3)
    n->prev->next = n->next;
800034d8:	00d72023          	sw	a3,0(a4)
    n->next = n->prev = n;
800034dc:	02f42c23          	sw	a5,56(s0)
800034e0:	02f42a23          	sw	a5,52(s0)
    if (rt_list_isempty(&(rt_thread_priority_table[RT_SCHED_PRIV(thread).current_priority])))
800034e4:	04844783          	lbu	a5,72(s0)
800034e8:	00379713          	slli	a4,a5,0x3
800034ec:	cf018793          	addi	a5,gp,-784 # 801004f0 <rt_thread_priority_table>
800034f0:	00e787b3          	add	a5,a5,a4
800034f4:	0007a703          	lw	a4,0(a5)
800034f8:	00f71e63          	bne	a4,a5,80003514 <rt_sched_remove_thread+0x7c>
        if (rt_thread_ready_table[RT_SCHED_PRIV(thread).number] == 0)
        {
            rt_thread_ready_priority_group &= ~RT_SCHED_PRIV(thread).number_mask;
        }
#else
        rt_thread_ready_priority_group &= ~RT_SCHED_PRIV(thread).number_mask;
800034fc:	df018713          	addi	a4,gp,-528 # 801005f0 <rt_thread_ready_priority_group>
80003500:	04c42783          	lw	a5,76(s0)
80003504:	00072683          	lw	a3,0(a4)
80003508:	fff7c793          	not	a5,a5
8000350c:	00d7f7b3          	and	a5,a5,a3
80003510:	00f72023          	sw	a5,0(a4)
#endif /* RT_THREAD_PRIORITY_MAX > 32 */
    }

    /* enable interrupt */
    rt_hw_interrupt_enable(level);
}
80003514:	00812403          	lw	s0,8(sp)
80003518:	00c12083          	lw	ra,12(sp)
8000351c:	01010113          	addi	sp,sp,16
    rt_hw_interrupt_enable(level);
80003520:	cddfc06f          	j	800001fc <rt_hw_interrupt_enable>

80003524 <rt_system_scheduler_start>:
{
80003524:	ff010113          	addi	sp,sp,-16
    highest_ready_priority = __rt_ffs(rt_thread_ready_priority_group) - 1;
80003528:	df01a503          	lw	a0,-528(gp) # 801005f0 <rt_thread_ready_priority_group>
{
8000352c:	00112623          	sw	ra,12(sp)
80003530:	00812423          	sw	s0,8(sp)
80003534:	00912223          	sw	s1,4(sp)
    highest_ready_priority = __rt_ffs(rt_thread_ready_priority_group) - 1;
80003538:	d85fe0ef          	jal	ra,800022bc <__rt_ffs>
    highest_priority_thread = RT_THREAD_LIST_NODE_ENTRY(rt_thread_priority_table[highest_ready_priority].next);
8000353c:	fff50513          	addi	a0,a0,-1
80003540:	cf018793          	addi	a5,gp,-784 # 801004f0 <rt_thread_priority_table>
80003544:	00351513          	slli	a0,a0,0x3
80003548:	00a78533          	add	a0,a5,a0
8000354c:	00052403          	lw	s0,0(a0)
    rt_cpu_self()->current_thread = to_thread;
80003550:	d45fd0ef          	jal	ra,80001294 <rt_cpu_self>
    CLR_CRITICAL_SWITCH_FLAG();
80003554:	ce0180a3          	sb	zero,-799(gp) # 801004e1 <rt_scheduler_critical_switch_flag>
    highest_priority_thread = RT_THREAD_LIST_NODE_ENTRY(rt_thread_priority_table[highest_ready_priority].next);
80003558:	fcc40493          	addi	s1,s0,-52
    rt_cpu_self()->current_thread = to_thread;
8000355c:	00952023          	sw	s1,0(a0)
    rt_sched_remove_thread(to_thread);
80003560:	00048513          	mv	a0,s1
80003564:	f35ff0ef          	jal	ra,80003498 <rt_sched_remove_thread>
    RT_SCHED_CTX(to_thread).stat = RT_THREAD_RUNNING;
80003568:	00300793          	li	a5,3
8000356c:	00f40423          	sb	a5,8(s0)
    rt_hw_context_switch_to((rt_uintptr_t)&to_thread->sp);
80003570:	fe840513          	addi	a0,s0,-24
}
80003574:	00812403          	lw	s0,8(sp)
80003578:	00c12083          	lw	ra,12(sp)
8000357c:	00412483          	lw	s1,4(sp)
80003580:	01010113          	addi	sp,sp,16
    rt_hw_context_switch_to((rt_uintptr_t)&to_thread->sp);
80003584:	c81fc06f          	j	80000204 <rt_hw_context_switch_to>

80003588 <rt_schedule>:
{
80003588:	fd010113          	addi	sp,sp,-48
8000358c:	02112623          	sw	ra,44(sp)
80003590:	01312e23          	sw	s3,28(sp)
80003594:	01412c23          	sw	s4,24(sp)
80003598:	02812423          	sw	s0,40(sp)
8000359c:	02912223          	sw	s1,36(sp)
800035a0:	03212023          	sw	s2,32(sp)
800035a4:	01512a23          	sw	s5,20(sp)
    level = rt_hw_interrupt_disable();
800035a8:	c4dfc0ef          	jal	ra,800001f4 <rt_hw_interrupt_disable>
800035ac:	00050993          	mv	s3,a0
    curr_thread = rt_thread_self();
800035b0:	630000ef          	jal	ra,80003be0 <rt_thread_self>
    if (rt_scheduler_lock_nest == 0)
800035b4:	ce81aa03          	lw	s4,-792(gp) # 801004e8 <rt_scheduler_lock_nest>
800035b8:	140a1263          	bnez	s4,800036fc <rt_schedule+0x174>
800035bc:	00050413          	mv	s0,a0
        if (rt_thread_ready_priority_group != 0)
800035c0:	df01a503          	lw	a0,-528(gp) # 801005f0 <rt_thread_ready_priority_group>
800035c4:	0e050063          	beqz	a0,800036a4 <rt_schedule+0x11c>
    highest_ready_priority = __rt_ffs(rt_thread_ready_priority_group) - 1;
800035c8:	cf5fe0ef          	jal	ra,800022bc <__rt_ffs>
800035cc:	fff50793          	addi	a5,a0,-1
    highest_priority_thread = RT_THREAD_LIST_NODE_ENTRY(rt_thread_priority_table[highest_ready_priority].next);
800035d0:	00379693          	slli	a3,a5,0x3
800035d4:	cf018713          	addi	a4,gp,-784 # 801004f0 <rt_thread_priority_table>
800035d8:	00d70733          	add	a4,a4,a3
800035dc:	00072483          	lw	s1,0(a4)
            if ((RT_SCHED_CTX(curr_thread).stat & RT_THREAD_STAT_MASK) == RT_THREAD_RUNNING)
800035e0:	03c44703          	lbu	a4,60(s0)
800035e4:	00300693          	li	a3,3
    highest_priority_thread = RT_THREAD_LIST_NODE_ENTRY(rt_thread_priority_table[highest_ready_priority].next);
800035e8:	fcc48913          	addi	s2,s1,-52
            if ((RT_SCHED_CTX(curr_thread).stat & RT_THREAD_STAT_MASK) == RT_THREAD_RUNNING)
800035ec:	00777613          	andi	a2,a4,7
800035f0:	00d61e63          	bne	a2,a3,8000360c <rt_schedule+0x84>
                if (RT_SCHED_PRIV(curr_thread).current_priority < highest_ready_priority)
800035f4:	04844683          	lbu	a3,72(s0)
800035f8:	0ef6e463          	bltu	a3,a5,800036e0 <rt_schedule+0x158>
                    need_insert_from_thread = 1;
800035fc:	00100a13          	li	s4,1
                else if (RT_SCHED_PRIV(curr_thread).current_priority == highest_ready_priority
80003600:	00f69663          	bne	a3,a5,8000360c <rt_schedule+0x84>
                         && (RT_SCHED_CTX(curr_thread).stat & RT_THREAD_STAT_YIELD_MASK) == 0)
80003604:	00877713          	andi	a4,a4,8
80003608:	0c070c63          	beqz	a4,800036e0 <rt_schedule+0x158>
            if (to_thread != curr_thread)
8000360c:	0d240a63          	beq	s0,s2,800036e0 <rt_schedule+0x158>
                rt_current_priority = (rt_uint8_t)highest_ready_priority;
80003610:	cef18023          	sb	a5,-800(gp) # 801004e0 <rt_current_priority>
                rt_cpu_self()->current_thread = to_thread;
80003614:	c81fd0ef          	jal	ra,80001294 <rt_cpu_self>
80003618:	01252023          	sw	s2,0(a0)
                RT_OBJECT_HOOK_CALL(rt_scheduler_hook, (from_thread, to_thread));
8000361c:	ce41a783          	lw	a5,-796(gp) # 801004e4 <rt_scheduler_hook>
80003620:	00078863          	beqz	a5,80003630 <rt_schedule+0xa8>
80003624:	00090593          	mv	a1,s2
80003628:	00040513          	mv	a0,s0
8000362c:	000780e7          	jalr	a5
                if (need_insert_from_thread)
80003630:	000a0663          	beqz	s4,8000363c <rt_schedule+0xb4>
                    rt_sched_insert_thread(from_thread);
80003634:	00040513          	mv	a0,s0
80003638:	d8dff0ef          	jal	ra,800033c4 <rt_sched_insert_thread>
                if ((RT_SCHED_CTX(from_thread).stat & RT_THREAD_STAT_YIELD_MASK) != 0)
8000363c:	03c44783          	lbu	a5,60(s0)
80003640:	0087f713          	andi	a4,a5,8
80003644:	00070663          	beqz	a4,80003650 <rt_schedule+0xc8>
                    RT_SCHED_CTX(from_thread).stat &= ~RT_THREAD_STAT_YIELD_MASK;
80003648:	ff77f793          	andi	a5,a5,-9
8000364c:	02f40e23          	sb	a5,60(s0)
                rt_sched_remove_thread(to_thread);
80003650:	00090513          	mv	a0,s2
80003654:	e45ff0ef          	jal	ra,80003498 <rt_sched_remove_thread>
                RT_SCHED_CTX(to_thread).stat = RT_THREAD_RUNNING | (RT_SCHED_CTX(to_thread).stat & ~RT_THREAD_STAT_MASK);
80003658:	0084c783          	lbu	a5,8(s1)
                    rt_hw_context_switch((rt_uintptr_t)&from_thread->sp,
8000365c:	01c40a93          	addi	s5,s0,28
                RT_SCHED_CTX(to_thread).stat = RT_THREAD_RUNNING | (RT_SCHED_CTX(to_thread).stat & ~RT_THREAD_STAT_MASK);
80003660:	ff87f793          	andi	a5,a5,-8
80003664:	0037e793          	ori	a5,a5,3
80003668:	00f48423          	sb	a5,8(s1)
                interrupt_nest = rt_interrupt_get_nest();
8000366c:	9ddfe0ef          	jal	ra,80002048 <rt_interrupt_get_nest>
80003670:	00050a13          	mv	s4,a0
                RT_SCHEDULER_STACK_CHECK(to_thread);
80003674:	00090513          	mv	a0,s2
80003678:	b65ff0ef          	jal	ra,800031dc <rt_scheduler_stack_check>
                            (rt_uintptr_t)&to_thread->sp);
8000367c:	fe848593          	addi	a1,s1,-24
                if (interrupt_nest == 0)
80003680:	040a1663          	bnez	s4,800036cc <rt_schedule+0x144>
                    RT_OBJECT_HOOK_CALL(rt_scheduler_switch_hook, (from_thread));
80003684:	cec1a783          	lw	a5,-788(gp) # 801004ec <rt_scheduler_switch_hook>
80003688:	00078a63          	beqz	a5,8000369c <rt_schedule+0x114>
8000368c:	00040513          	mv	a0,s0
80003690:	00b12623          	sw	a1,12(sp)
80003694:	000780e7          	jalr	a5
80003698:	00c12583          	lw	a1,12(sp)
                    rt_hw_context_switch((rt_uintptr_t)&from_thread->sp,
8000369c:	000a8513          	mv	a0,s5
800036a0:	b81fc0ef          	jal	ra,80000220 <rt_hw_context_switch>
}
800036a4:	02812403          	lw	s0,40(sp)
800036a8:	02c12083          	lw	ra,44(sp)
800036ac:	02412483          	lw	s1,36(sp)
800036b0:	02012903          	lw	s2,32(sp)
800036b4:	01812a03          	lw	s4,24(sp)
800036b8:	01412a83          	lw	s5,20(sp)
    rt_hw_interrupt_enable(level);
800036bc:	00098513          	mv	a0,s3
}
800036c0:	01c12983          	lw	s3,28(sp)
800036c4:	03010113          	addi	sp,sp,48
    rt_hw_interrupt_enable(level);
800036c8:	b35fc06f          	j	800001fc <rt_hw_interrupt_enable>
                    rt_hw_context_switch_interrupt((rt_uintptr_t)&from_thread->sp,
800036cc:	00090693          	mv	a3,s2
800036d0:	00040613          	mv	a2,s0
800036d4:	000a8513          	mv	a0,s5
800036d8:	ccdfc0ef          	jal	ra,800003a4 <rt_hw_context_switch_interrupt>
800036dc:	fc9ff06f          	j	800036a4 <rt_schedule+0x11c>
                rt_sched_remove_thread(curr_thread);
800036e0:	00040513          	mv	a0,s0
800036e4:	db5ff0ef          	jal	ra,80003498 <rt_sched_remove_thread>
                RT_SCHED_CTX(curr_thread).stat = RT_THREAD_RUNNING | (RT_SCHED_CTX(curr_thread).stat & ~RT_THREAD_STAT_MASK);
800036e8:	03c44783          	lbu	a5,60(s0)
800036ec:	ff87f793          	andi	a5,a5,-8
800036f0:	0037e793          	ori	a5,a5,3
800036f4:	02f40e23          	sb	a5,60(s0)
800036f8:	fadff06f          	j	800036a4 <rt_schedule+0x11c>
        SET_CRITICAL_SWITCH_FLAG();
800036fc:	00100793          	li	a5,1
80003700:	cef180a3          	sb	a5,-799(gp) # 801004e1 <rt_scheduler_critical_switch_flag>
80003704:	fa1ff06f          	j	800036a4 <rt_schedule+0x11c>

80003708 <rt_sched_unlock_n_resched>:
{
80003708:	ff010113          	addi	sp,sp,-16
8000370c:	00812423          	sw	s0,8(sp)
80003710:	00112623          	sw	ra,12(sp)
80003714:	00050413          	mv	s0,a0
    if (rt_thread_self())
80003718:	4c8000ef          	jal	ra,80003be0 <rt_thread_self>
8000371c:	00050463          	beqz	a0,80003724 <rt_sched_unlock_n_resched+0x1c>
        rt_schedule();
80003720:	e69ff0ef          	jal	ra,80003588 <rt_schedule>
    rt_hw_interrupt_enable(level);
80003724:	00040513          	mv	a0,s0
80003728:	ad5fc0ef          	jal	ra,800001fc <rt_hw_interrupt_enable>
}
8000372c:	00c12083          	lw	ra,12(sp)
80003730:	00812403          	lw	s0,8(sp)
80003734:	00000513          	li	a0,0
80003738:	01010113          	addi	sp,sp,16
8000373c:	00008067          	ret

80003740 <rt_enter_critical>:
 * @note The nesting count can go up to RT_UINT16_MAX.
 *       Must be paired with rt_exit_critical().
 *       Interrupts are only disabled during the lock operation.
 */
rt_base_t rt_enter_critical(void)
{
80003740:	ff010113          	addi	sp,sp,-16
80003744:	00112623          	sw	ra,12(sp)
80003748:	00812423          	sw	s0,8(sp)
    level = rt_hw_interrupt_disable();
8000374c:	aa9fc0ef          	jal	ra,800001f4 <rt_hw_interrupt_disable>
    temp = *ptr;
80003750:	ce818793          	addi	a5,gp,-792 # 801004e8 <rt_scheduler_lock_nest>
80003754:	0007a403          	lw	s0,0(a5)
    *ptr += val;
80003758:	0007a703          	lw	a4,0(a5)
8000375c:	00170713          	addi	a4,a4,1
80003760:	00e7a023          	sw	a4,0(a5)
    rt_hw_interrupt_enable(level);
80003764:	a99fc0ef          	jal	ra,800001fc <rt_hw_interrupt_enable>
    rt_base_t critical_level;

    critical_level = rt_atomic_add(&rt_scheduler_lock_nest, 1) + 1;
    return critical_level;
}
80003768:	00c12083          	lw	ra,12(sp)
8000376c:	00140513          	addi	a0,s0,1
80003770:	00812403          	lw	s0,8(sp)
80003774:	01010113          	addi	sp,sp,16
80003778:	00008067          	ret

8000377c <rt_exit_critical>:
 * @note Must be paired with rt_enter_critical().
 *       Interrupts are only disabled during the lock operation.
 *       Scheduling only occurs when fully unlocked (nest=0)
 */
void rt_exit_critical(void)
{
8000377c:	ff010113          	addi	sp,sp,-16
80003780:	00112623          	sw	ra,12(sp)
    rt_base_t level;

    /* disable interrupt */
    level = rt_hw_interrupt_disable();
80003784:	a71fc0ef          	jal	ra,800001f4 <rt_hw_interrupt_disable>

    rt_scheduler_lock_nest --;
80003788:	ce818713          	addi	a4,gp,-792 # 801004e8 <rt_scheduler_lock_nest>
8000378c:	00072783          	lw	a5,0(a4)
80003790:	fff78793          	addi	a5,a5,-1
80003794:	00f72023          	sw	a5,0(a4)
    if (rt_scheduler_lock_nest <= 0)
80003798:	02f04463          	bgtz	a5,800037c0 <rt_exit_critical+0x44>
    {
        rt_scheduler_lock_nest = 0;
8000379c:	ce01a423          	sw	zero,-792(gp) # 801004e8 <rt_scheduler_lock_nest>
        /* enable interrupt */
        rt_hw_interrupt_enable(level);
800037a0:	a5dfc0ef          	jal	ra,800001fc <rt_hw_interrupt_enable>

        if (IS_CRITICAL_SWITCH_PEND())
800037a4:	ce118703          	lb	a4,-799(gp) # 801004e1 <rt_scheduler_critical_switch_flag>
800037a8:	00100793          	li	a5,1
800037ac:	02f71063          	bne	a4,a5,800037cc <rt_exit_critical+0x50>
    else
    {
        /* enable interrupt */
        rt_hw_interrupt_enable(level);
    }
}
800037b0:	00c12083          	lw	ra,12(sp)
            CLR_CRITICAL_SWITCH_FLAG();
800037b4:	ce0180a3          	sb	zero,-799(gp) # 801004e1 <rt_scheduler_critical_switch_flag>
}
800037b8:	01010113          	addi	sp,sp,16
            rt_schedule();
800037bc:	dcdff06f          	j	80003588 <rt_schedule>
}
800037c0:	00c12083          	lw	ra,12(sp)
800037c4:	01010113          	addi	sp,sp,16
        rt_hw_interrupt_enable(level);
800037c8:	a35fc06f          	j	800001fc <rt_hw_interrupt_enable>
}
800037cc:	00c12083          	lw	ra,12(sp)
800037d0:	01010113          	addi	sp,sp,16
800037d4:	00008067          	ret

800037d8 <rt_exit_critical_safe>:
    rt_exit_critical();
800037d8:	fa5ff06f          	j	8000377c <rt_exit_critical>

800037dc <rt_critical_level>:
 * @brief Get the scheduler lock level.
 *
 * @return the level of the scheduler lock. 0 means unlocked.
 */
rt_uint16_t rt_critical_level(void)
{
800037dc:	ff010113          	addi	sp,sp,-16
800037e0:	00112623          	sw	ra,12(sp)
800037e4:	00812423          	sw	s0,8(sp)
    level = rt_hw_interrupt_disable();
800037e8:	a0dfc0ef          	jal	ra,800001f4 <rt_hw_interrupt_disable>
    temp = *ptr;
800037ec:	ce81a403          	lw	s0,-792(gp) # 801004e8 <rt_scheduler_lock_nest>
    rt_hw_interrupt_enable(level);
800037f0:	a0dfc0ef          	jal	ra,800001fc <rt_hw_interrupt_enable>
    return (rt_uint16_t)rt_atomic_load(&rt_scheduler_lock_nest);
}
800037f4:	00c12083          	lw	ra,12(sp)
800037f8:	01041513          	slli	a0,s0,0x10
800037fc:	00812403          	lw	s0,8(sp)
80003800:	01055513          	srli	a0,a0,0x10
80003804:	01010113          	addi	sp,sp,16
80003808:	00008067          	ret

8000380c <_thread_timeout>:
 *          when thread is timeout to wait some resource.
 *
 * @param   parameter is the parameter of thread timeout function
 */
static void _thread_timeout(void *parameter)
{
8000380c:	fe010113          	addi	sp,sp,-32
80003810:	00812c23          	sw	s0,24(sp)
80003814:	00112e23          	sw	ra,28(sp)
80003818:	00050413          	mv	s0,a0
    rt_sched_lock_level_t slvl;

    thread = (struct rt_thread *)parameter;

    /* parameter check */
    RT_ASSERT(thread != RT_NULL);
8000381c:	00051e63          	bnez	a0,80003838 <_thread_timeout+0x2c>
80003820:	09a00613          	li	a2,154
80003824:	00002597          	auipc	a1,0x2
80003828:	e6858593          	addi	a1,a1,-408 # 8000568c <__FUNCTION__.11>
8000382c:	00001517          	auipc	a0,0x1
80003830:	29450513          	addi	a0,a0,660 # 80004ac0 <__FUNCTION__.0+0x170>
80003834:	b0dfe0ef          	jal	ra,80002340 <rt_assert_handler>
    RT_ASSERT(rt_object_get_type((rt_object_t)thread) == RT_Object_Class_Thread);
80003838:	00040513          	mv	a0,s0
8000383c:	f28ff0ef          	jal	ra,80002f64 <rt_object_get_type>
80003840:	00100793          	li	a5,1
80003844:	00f50e63          	beq	a0,a5,80003860 <_thread_timeout+0x54>
80003848:	09b00613          	li	a2,155
8000384c:	00002597          	auipc	a1,0x2
80003850:	e4058593          	addi	a1,a1,-448 # 8000568c <__FUNCTION__.11>
80003854:	00002517          	auipc	a0,0x2
80003858:	c6c50513          	addi	a0,a0,-916 # 800054c0 <__FUNCTION__.2+0x1c>
8000385c:	ae5fe0ef          	jal	ra,80002340 <rt_assert_handler>

    rt_sched_lock(&slvl);
80003860:	00c10513          	addi	a0,sp,12
80003864:	a55ff0ef          	jal	ra,800032b8 <rt_sched_lock>

    /**
     * resume of the thread and stop of the thread timer should be an atomic
     * operation. So we don't expected that thread had resumed.
     */
    RT_ASSERT(rt_sched_thread_is_suspended(thread));
80003868:	00040513          	mv	a0,s0
8000386c:	fbcff0ef          	jal	ra,80003028 <rt_sched_thread_is_suspended>
80003870:	00051e63          	bnez	a0,8000388c <_thread_timeout+0x80>
80003874:	0a300613          	li	a2,163
80003878:	00002597          	auipc	a1,0x2
8000387c:	e1458593          	addi	a1,a1,-492 # 8000568c <__FUNCTION__.11>
80003880:	00002517          	auipc	a0,0x2
80003884:	c8450513          	addi	a0,a0,-892 # 80005504 <__FUNCTION__.2+0x60>
80003888:	ab9fe0ef          	jal	ra,80002340 <rt_assert_handler>
    n->next->prev = n->prev;
8000388c:	03442683          	lw	a3,52(s0)
80003890:	03842703          	lw	a4,56(s0)

    /* set error number */
    thread->error = -RT_ETIMEOUT;
80003894:	ffe00793          	li	a5,-2
80003898:	02f42823          	sw	a5,48(s0)
8000389c:	00e6a223          	sw	a4,4(a3)

    /* remove from suspend list */
    rt_list_remove(&RT_THREAD_LIST_NODE(thread));
800038a0:	03440793          	addi	a5,s0,52
    n->prev->next = n->next;
800038a4:	00d72023          	sw	a3,0(a4)
    n->next = n->prev = n;
800038a8:	02f42c23          	sw	a5,56(s0)
800038ac:	02f42a23          	sw	a5,52(s0)
    /* insert to schedule ready list */
    rt_sched_insert_thread(thread);
800038b0:	00040513          	mv	a0,s0
800038b4:	b11ff0ef          	jal	ra,800033c4 <rt_sched_insert_thread>
    /* do schedule and release the scheduler lock */
    rt_sched_unlock_n_resched(slvl);
800038b8:	00c12503          	lw	a0,12(sp)
800038bc:	e4dff0ef          	jal	ra,80003708 <rt_sched_unlock_n_resched>
}
800038c0:	01c12083          	lw	ra,28(sp)
800038c4:	01812403          	lw	s0,24(sp)
800038c8:	02010113          	addi	sp,sp,32
800038cc:	00008067          	ret

800038d0 <_thread_detach_from_mutex>:
{
800038d0:	fe010113          	addi	sp,sp,-32
800038d4:	01312623          	sw	s3,12(sp)
    level = rt_spin_lock_irqsave(&thread->spinlock);
800038d8:	09c50993          	addi	s3,a0,156
{
800038dc:	00812c23          	sw	s0,24(sp)
800038e0:	00050413          	mv	s0,a0
    level = rt_spin_lock_irqsave(&thread->spinlock);
800038e4:	00098513          	mv	a0,s3
{
800038e8:	00912a23          	sw	s1,20(sp)
800038ec:	00112e23          	sw	ra,28(sp)
800038f0:	01212823          	sw	s2,16(sp)
800038f4:	01412423          	sw	s4,8(sp)
    level = rt_spin_lock_irqsave(&thread->spinlock);
800038f8:	945fd0ef          	jal	ra,8000123c <rt_spin_lock_irqsave>
800038fc:	00050493          	mv	s1,a0
    if ((thread->pending_object) &&
80003900:	09042503          	lw	a0,144(s0)
80003904:	02050063          	beqz	a0,80003924 <_thread_detach_from_mutex+0x54>
        (rt_object_get_type(thread->pending_object) == RT_Object_Class_Mutex))
80003908:	e5cff0ef          	jal	ra,80002f64 <rt_object_get_type>
    if ((thread->pending_object) &&
8000390c:	00300793          	li	a5,3
80003910:	00f51a63          	bne	a0,a5,80003924 <_thread_detach_from_mutex+0x54>
        rt_mutex_drop_thread(mutex, thread);
80003914:	09042503          	lw	a0,144(s0)
80003918:	00040593          	mv	a1,s0
8000391c:	a60fe0ef          	jal	ra,80001b7c <rt_mutex_drop_thread>
        thread->pending_object = RT_NULL;
80003920:	08042823          	sw	zero,144(s0)
    rt_list_for_each_safe(node, tmp_list, &(thread->taken_object_list))
80003924:	08842503          	lw	a0,136(s0)
        mutex->hold = 1;
80003928:	00100a13          	li	s4,1
    rt_list_for_each_safe(node, tmp_list, &(thread->taken_object_list))
8000392c:	08840413          	addi	s0,s0,136
80003930:	00052903          	lw	s2,0(a0)
80003934:	02851663          	bne	a0,s0,80003960 <_thread_detach_from_mutex+0x90>
}
80003938:	01812403          	lw	s0,24(sp)
8000393c:	01c12083          	lw	ra,28(sp)
80003940:	01012903          	lw	s2,16(sp)
80003944:	00812a03          	lw	s4,8(sp)
    rt_spin_unlock_irqrestore(&thread->spinlock, level);
80003948:	00048593          	mv	a1,s1
8000394c:	00098513          	mv	a0,s3
}
80003950:	01412483          	lw	s1,20(sp)
80003954:	00c12983          	lw	s3,12(sp)
80003958:	02010113          	addi	sp,sp,32
    rt_spin_unlock_irqrestore(&thread->spinlock, level);
8000395c:	90dfd06f          	j	80001268 <rt_spin_unlock_irqrestore>
        mutex->hold = 1;
80003960:	ff450d23          	sb	s4,-6(a0)
        rt_mutex_release(mutex);
80003964:	fd450513          	addi	a0,a0,-44
80003968:	bb4fe0ef          	jal	ra,80001d1c <rt_mutex_release>
    rt_list_for_each_safe(node, tmp_list, &(thread->taken_object_list))
8000396c:	00090513          	mv	a0,s2
80003970:	00092903          	lw	s2,0(s2)
80003974:	fc1ff06f          	j	80003934 <_thread_detach_from_mutex+0x64>

80003978 <_thread_init.constprop.0>:

static rt_err_t _thread_init(struct rt_thread *thread,
80003978:	fe010113          	addi	sp,sp,-32
8000397c:	01312623          	sw	s3,12(sp)
80003980:	01412423          	sw	s4,8(sp)
80003984:	00060993          	mv	s3,a2
80003988:	00058a13          	mv	s4,a1
                             rt_uint8_t        priority,
                             rt_uint32_t       tick)
{
    RT_UNUSED(name);

    rt_sched_thread_init_ctx(thread, tick, priority);
8000398c:	00078613          	mv	a2,a5
static rt_err_t _thread_init(struct rt_thread *thread,
80003990:	00080593          	mv	a1,a6
80003994:	00112e23          	sw	ra,28(sp)
80003998:	00812c23          	sw	s0,24(sp)
8000399c:	00912a23          	sw	s1,20(sp)
800039a0:	00050413          	mv	s0,a0
800039a4:	01212823          	sw	s2,16(sp)
800039a8:	00068493          	mv	s1,a3
800039ac:	00070913          	mv	s2,a4
    rt_sched_thread_init_ctx(thread, tick, priority);
800039b0:	df8ff0ef          	jal	ra,80002fa8 <rt_sched_thread_init_ctx>
    /* stack init */
    thread->stack_addr = stack_start;
    thread->stack_size = stack_size;

    /* init thread stack */
    rt_memset(thread->stack_addr, '#', thread->stack_size);
800039b4:	00090613          	mv	a2,s2
    thread->entry = (void *)entry;
800039b8:	03442023          	sw	s4,32(s0)
    thread->parameter = parameter;
800039bc:	03342223          	sw	s3,36(s0)
    thread->stack_addr = stack_start;
800039c0:	02942423          	sw	s1,40(s0)
    thread->stack_size = stack_size;
800039c4:	03242623          	sw	s2,44(s0)
    rt_memset(thread->stack_addr, '#', thread->stack_size);
800039c8:	02300593          	li	a1,35
800039cc:	00048513          	mv	a0,s1
800039d0:	afdfc0ef          	jal	ra,800004cc <rt_memset>
    thread->sp = (void *)rt_hw_stack_init(thread->entry, thread->parameter,
                                          (void *)((char *)thread->stack_addr),
                                          (void *)_thread_exit);
#else
    thread->sp = (void *)rt_hw_stack_init(thread->entry, thread->parameter,
                                          (rt_uint8_t *)((char *)thread->stack_addr + thread->stack_size - sizeof(rt_ubase_t)),
800039d4:	02c42783          	lw	a5,44(s0)
    thread->sp = (void *)rt_hw_stack_init(thread->entry, thread->parameter,
800039d8:	02842603          	lw	a2,40(s0)
800039dc:	02442583          	lw	a1,36(s0)
800039e0:	02042503          	lw	a0,32(s0)
                                          (rt_uint8_t *)((char *)thread->stack_addr + thread->stack_size - sizeof(rt_ubase_t)),
800039e4:	ffc78793          	addi	a5,a5,-4
    thread->sp = (void *)rt_hw_stack_init(thread->entry, thread->parameter,
800039e8:	00f60633          	add	a2,a2,a5
800039ec:	00000697          	auipc	a3,0x0
800039f0:	29868693          	addi	a3,a3,664 # 80003c84 <_thread_exit>
800039f4:	961fc0ef          	jal	ra,80000354 <rt_hw_stack_init>
                                          (void *)_thread_exit);
#endif /* ARCH_CPU_STACK_GROWS_UPWARD */

#ifdef RT_USING_MUTEX
    rt_list_init(&thread->taken_object_list);
800039f8:	08840793          	addi	a5,s0,136
    thread->sp = (void *)rt_hw_stack_init(thread->entry, thread->parameter,
800039fc:	00a42e23          	sw	a0,28(s0)
    l->next = l->prev = l;
80003a00:	08f42623          	sw	a5,140(s0)
80003a04:	08f42423          	sw	a5,136(s0)
    /* initialize cleanup function and user data */
    thread->cleanup   = 0;
    thread->user_data = 0;

    /* initialize thread timer */
    rt_timer_init(&(thread->thread_timer),
80003a08:	00040693          	mv	a3,s0
80003a0c:	00040593          	mv	a1,s0
80003a10:	05040513          	addi	a0,s0,80
    thread->pending_object = RT_NULL;
80003a14:	08042823          	sw	zero,144(s0)
    thread->event_set = 0;
80003a18:	08042a23          	sw	zero,148(s0)
    thread->event_info = 0;
80003a1c:	08040c23          	sb	zero,152(s0)
    thread->error = RT_EOK;
80003a20:	02042823          	sw	zero,48(s0)
    thread->cleanup   = 0;
80003a24:	08042223          	sw	zero,132(s0)
    thread->user_data = 0;
80003a28:	0a042223          	sw	zero,164(s0)
    rt_timer_init(&(thread->thread_timer),
80003a2c:	00800793          	li	a5,8
80003a30:	00000713          	li	a4,0
80003a34:	00000617          	auipc	a2,0x0
80003a38:	dd860613          	addi	a2,a2,-552 # 8000380c <_thread_timeout>
80003a3c:	75c000ef          	jal	ra,80004198 <rt_timer_init>

#ifdef RT_USING_MODULE
    thread->parent.module_id = 0;
#endif /* RT_USING_MODULE */

    rt_spin_lock_init(&thread->spinlock);
80003a40:	09c40513          	addi	a0,s0,156
80003a44:	fe8fd0ef          	jal	ra,8000122c <rt_spin_lock_init>

    RT_OBJECT_HOOKLIST_CALL(rt_thread_inited, (thread));

    return RT_EOK;
}
80003a48:	01c12083          	lw	ra,28(sp)
80003a4c:	01812403          	lw	s0,24(sp)
80003a50:	01412483          	lw	s1,20(sp)
80003a54:	01012903          	lw	s2,16(sp)
80003a58:	00c12983          	lw	s3,12(sp)
80003a5c:	00812a03          	lw	s4,8(sp)
80003a60:	00000513          	li	a0,0
80003a64:	02010113          	addi	sp,sp,32
80003a68:	00008067          	ret

80003a6c <_thread_set_suspend_state>:
        return RT_THREAD_SUSPEND_UNINTERRUPTIBLE;
    }
}

static void _thread_set_suspend_state(struct rt_thread *thread, int suspend_flag)
{
80003a6c:	ff010113          	addi	sp,sp,-16
80003a70:	00812423          	sw	s0,8(sp)
80003a74:	00912223          	sw	s1,4(sp)
80003a78:	00112623          	sw	ra,12(sp)
80003a7c:	00050413          	mv	s0,a0
80003a80:	00058493          	mv	s1,a1
    rt_uint8_t stat;

    RT_ASSERT(thread != RT_NULL);
80003a84:	00051e63          	bnez	a0,80003aa0 <_thread_set_suspend_state+0x34>
80003a88:	39200613          	li	a2,914
80003a8c:	00002597          	auipc	a1,0x2
80003a90:	bd058593          	addi	a1,a1,-1072 # 8000565c <__FUNCTION__.1>
80003a94:	00001517          	auipc	a0,0x1
80003a98:	02c50513          	addi	a0,a0,44 # 80004ac0 <__FUNCTION__.0+0x170>
80003a9c:	8a5fe0ef          	jal	ra,80002340 <rt_assert_handler>
        return RT_THREAD_SUSPEND_INTERRUPTIBLE;
80003aa0:	00400713          	li	a4,4
    switch (suspend_flag)
80003aa4:	00048a63          	beqz	s1,80003ab8 <_thread_set_suspend_state+0x4c>
80003aa8:	00100793          	li	a5,1
        return RT_THREAD_SUSPEND_UNINTERRUPTIBLE;
80003aac:	00700713          	li	a4,7
    switch (suspend_flag)
80003ab0:	00f49463          	bne	s1,a5,80003ab8 <_thread_set_suspend_state+0x4c>
80003ab4:	00600713          	li	a4,6
    stat = _thread_get_suspend_state(suspend_flag);
    RT_SCHED_CTX(thread).stat = stat | (RT_SCHED_CTX(thread).stat & ~RT_THREAD_STAT_MASK);
80003ab8:	03c44783          	lbu	a5,60(s0)
}
80003abc:	00c12083          	lw	ra,12(sp)
80003ac0:	00412483          	lw	s1,4(sp)
    RT_SCHED_CTX(thread).stat = stat | (RT_SCHED_CTX(thread).stat & ~RT_THREAD_STAT_MASK);
80003ac4:	ff87f793          	andi	a5,a5,-8
80003ac8:	00e7e7b3          	or	a5,a5,a4
80003acc:	02f40e23          	sb	a5,60(s0)
}
80003ad0:	00812403          	lw	s0,8(sp)
80003ad4:	01010113          	addi	sp,sp,16
80003ad8:	00008067          	ret

80003adc <rt_thread_init>:
{
80003adc:	fd010113          	addi	sp,sp,-48
80003ae0:	02812423          	sw	s0,40(sp)
80003ae4:	02912223          	sw	s1,36(sp)
80003ae8:	03212023          	sw	s2,32(sp)
80003aec:	01312e23          	sw	s3,28(sp)
80003af0:	01412c23          	sw	s4,24(sp)
80003af4:	01512a23          	sw	s5,20(sp)
80003af8:	01612823          	sw	s6,16(sp)
80003afc:	01712623          	sw	s7,12(sp)
80003b00:	02112623          	sw	ra,44(sp)
80003b04:	00050413          	mv	s0,a0
80003b08:	00058b93          	mv	s7,a1
80003b0c:	00060993          	mv	s3,a2
80003b10:	00068a13          	mv	s4,a3
80003b14:	00070493          	mv	s1,a4
80003b18:	00078a93          	mv	s5,a5
80003b1c:	00080b13          	mv	s6,a6
80003b20:	00088913          	mv	s2,a7
    RT_ASSERT(thread != RT_NULL);
80003b24:	00051e63          	bnez	a0,80003b40 <rt_thread_init+0x64>
80003b28:	16400613          	li	a2,356
80003b2c:	00002597          	auipc	a1,0x2
80003b30:	b7058593          	addi	a1,a1,-1168 # 8000569c <__FUNCTION__.12>
80003b34:	00001517          	auipc	a0,0x1
80003b38:	f8c50513          	addi	a0,a0,-116 # 80004ac0 <__FUNCTION__.0+0x170>
80003b3c:	805fe0ef          	jal	ra,80002340 <rt_assert_handler>
    RT_ASSERT(stack_start != RT_NULL);
80003b40:	00049e63          	bnez	s1,80003b5c <rt_thread_init+0x80>
80003b44:	16500613          	li	a2,357
80003b48:	00002597          	auipc	a1,0x2
80003b4c:	b5458593          	addi	a1,a1,-1196 # 8000569c <__FUNCTION__.12>
80003b50:	00002517          	auipc	a0,0x2
80003b54:	9dc50513          	addi	a0,a0,-1572 # 8000552c <__FUNCTION__.2+0x88>
80003b58:	fe8fe0ef          	jal	ra,80002340 <rt_assert_handler>
    RT_ASSERT(tick != 0);
80003b5c:	00091e63          	bnez	s2,80003b78 <rt_thread_init+0x9c>
80003b60:	16600613          	li	a2,358
80003b64:	00002597          	auipc	a1,0x2
80003b68:	b3858593          	addi	a1,a1,-1224 # 8000569c <__FUNCTION__.12>
80003b6c:	00002517          	auipc	a0,0x2
80003b70:	9d850513          	addi	a0,a0,-1576 # 80005544 <__FUNCTION__.2+0xa0>
80003b74:	fccfe0ef          	jal	ra,80002340 <rt_assert_handler>
    rt_memset(thread, 0x0, sizeof(struct rt_thread));
80003b78:	0a800613          	li	a2,168
80003b7c:	00000593          	li	a1,0
80003b80:	00040513          	mv	a0,s0
80003b84:	949fc0ef          	jal	ra,800004cc <rt_memset>
    rt_object_init((rt_object_t)thread, RT_Object_Class_Thread, name);
80003b88:	000b8613          	mv	a2,s7
80003b8c:	00040513          	mv	a0,s0
80003b90:	00100593          	li	a1,1
80003b94:	f15fe0ef          	jal	ra,80002aa8 <rt_object_init>
    return _thread_init(thread,
80003b98:	00040513          	mv	a0,s0
}
80003b9c:	02812403          	lw	s0,40(sp)
80003ba0:	02c12083          	lw	ra,44(sp)
80003ba4:	00c12b83          	lw	s7,12(sp)
    return _thread_init(thread,
80003ba8:	00090813          	mv	a6,s2
80003bac:	000b0793          	mv	a5,s6
}
80003bb0:	02012903          	lw	s2,32(sp)
80003bb4:	01012b03          	lw	s6,16(sp)
    return _thread_init(thread,
80003bb8:	000a8713          	mv	a4,s5
80003bbc:	00048693          	mv	a3,s1
}
80003bc0:	01412a83          	lw	s5,20(sp)
80003bc4:	02412483          	lw	s1,36(sp)
    return _thread_init(thread,
80003bc8:	000a0613          	mv	a2,s4
80003bcc:	00098593          	mv	a1,s3
}
80003bd0:	01812a03          	lw	s4,24(sp)
80003bd4:	01c12983          	lw	s3,28(sp)
80003bd8:	03010113          	addi	sp,sp,48
    return _thread_init(thread,
80003bdc:	d9dff06f          	j	80003978 <_thread_init.constprop.0>

80003be0 <rt_thread_self>:
{
80003be0:	ff010113          	addi	sp,sp,-16
80003be4:	00112623          	sw	ra,12(sp)
    return rt_cpu_self()->current_thread;
80003be8:	eacfd0ef          	jal	ra,80001294 <rt_cpu_self>
}
80003bec:	00c12083          	lw	ra,12(sp)
80003bf0:	00052503          	lw	a0,0(a0)
80003bf4:	01010113          	addi	sp,sp,16
80003bf8:	00008067          	ret

80003bfc <rt_thread_close>:
{
80003bfc:	fe010113          	addi	sp,sp,-32
80003c00:	00812c23          	sw	s0,24(sp)
80003c04:	00112e23          	sw	ra,28(sp)
80003c08:	00050413          	mv	s0,a0
    RT_ASSERT(thread != rt_thread_self() || rt_critical_level());
80003c0c:	fd5ff0ef          	jal	ra,80003be0 <rt_thread_self>
80003c10:	02a41263          	bne	s0,a0,80003c34 <rt_thread_close+0x38>
80003c14:	bc9ff0ef          	jal	ra,800037dc <rt_critical_level>
80003c18:	00051e63          	bnez	a0,80003c34 <rt_thread_close+0x38>
80003c1c:	1c200613          	li	a2,450
80003c20:	00002597          	auipc	a1,0x2
80003c24:	abc58593          	addi	a1,a1,-1348 # 800056dc <__FUNCTION__.9>
80003c28:	00002517          	auipc	a0,0x2
80003c2c:	92850513          	addi	a0,a0,-1752 # 80005550 <__FUNCTION__.2+0xac>
80003c30:	f10fe0ef          	jal	ra,80002340 <rt_assert_handler>
    rt_sched_lock(&slvl);
80003c34:	00c10513          	addi	a0,sp,12
80003c38:	e80ff0ef          	jal	ra,800032b8 <rt_sched_lock>
    thread_status = rt_sched_thread_get_stat(thread);
80003c3c:	00040513          	mv	a0,s0
80003c40:	bccff0ef          	jal	ra,8000300c <rt_sched_thread_get_stat>
    if (thread_status != RT_THREAD_CLOSE)
80003c44:	00100793          	li	a5,1
80003c48:	02f50063          	beq	a0,a5,80003c68 <rt_thread_close+0x6c>
        if (thread_status != RT_THREAD_INIT)
80003c4c:	00050663          	beqz	a0,80003c58 <rt_thread_close+0x5c>
            rt_sched_remove_thread(thread);
80003c50:	00040513          	mv	a0,s0
80003c54:	845ff0ef          	jal	ra,80003498 <rt_sched_remove_thread>
        rt_timer_detach(&(thread->thread_timer));
80003c58:	05040513          	addi	a0,s0,80
80003c5c:	628000ef          	jal	ra,80004284 <rt_timer_detach>
        rt_sched_thread_close(thread);
80003c60:	00040513          	mv	a0,s0
80003c64:	bd4ff0ef          	jal	ra,80003038 <rt_sched_thread_close>
    rt_sched_unlock(slvl);
80003c68:	00c12503          	lw	a0,12(sp)
80003c6c:	e84ff0ef          	jal	ra,800032f0 <rt_sched_unlock>
}
80003c70:	01c12083          	lw	ra,28(sp)
80003c74:	01812403          	lw	s0,24(sp)
80003c78:	00000513          	li	a0,0
80003c7c:	02010113          	addi	sp,sp,32
80003c80:	00008067          	ret

80003c84 <_thread_exit>:
{
80003c84:	ff010113          	addi	sp,sp,-16
80003c88:	00112623          	sw	ra,12(sp)
80003c8c:	00812423          	sw	s0,8(sp)
80003c90:	00912223          	sw	s1,4(sp)
    thread = rt_thread_self();
80003c94:	f4dff0ef          	jal	ra,80003be0 <rt_thread_self>
80003c98:	00050413          	mv	s0,a0
    critical_level = rt_enter_critical();
80003c9c:	aa5ff0ef          	jal	ra,80003740 <rt_enter_critical>
80003ca0:	00050493          	mv	s1,a0
    rt_thread_close(thread);
80003ca4:	00040513          	mv	a0,s0
80003ca8:	f55ff0ef          	jal	ra,80003bfc <rt_thread_close>
    _thread_detach_from_mutex(thread);
80003cac:	00040513          	mv	a0,s0
80003cb0:	c21ff0ef          	jal	ra,800038d0 <_thread_detach_from_mutex>
    rt_thread_defunct_enqueue(thread);
80003cb4:	00040513          	mv	a0,s0
80003cb8:	df8fd0ef          	jal	ra,800012b0 <rt_thread_defunct_enqueue>
    rt_exit_critical_safe(critical_level);
80003cbc:	00048513          	mv	a0,s1
80003cc0:	b19ff0ef          	jal	ra,800037d8 <rt_exit_critical_safe>
}
80003cc4:	00812403          	lw	s0,8(sp)
80003cc8:	00c12083          	lw	ra,12(sp)
80003ccc:	00412483          	lw	s1,4(sp)
80003cd0:	01010113          	addi	sp,sp,16
    rt_schedule();
80003cd4:	8b5ff06f          	j	80003588 <rt_schedule>

80003cd8 <rt_thread_create>:
{
80003cd8:	fe010113          	addi	sp,sp,-32
80003cdc:	00812c23          	sw	s0,24(sp)
80003ce0:	00912a23          	sw	s1,20(sp)
80003ce4:	01212823          	sw	s2,16(sp)
80003ce8:	01312623          	sw	s3,12(sp)
80003cec:	01412423          	sw	s4,8(sp)
80003cf0:	01512223          	sw	s5,4(sp)
80003cf4:	00112e23          	sw	ra,28(sp)
80003cf8:	00050413          	mv	s0,a0
80003cfc:	00058993          	mv	s3,a1
80003d00:	00060a13          	mv	s4,a2
80003d04:	00068493          	mv	s1,a3
80003d08:	00070a93          	mv	s5,a4
80003d0c:	00078913          	mv	s2,a5
    RT_ASSERT(tick != 0);
80003d10:	00079e63          	bnez	a5,80003d2c <rt_thread_create+0x54>
80003d14:	23500613          	li	a2,565
80003d18:	00002597          	auipc	a1,0x2
80003d1c:	9b058593          	addi	a1,a1,-1616 # 800056c8 <__FUNCTION__.7>
80003d20:	00002517          	auipc	a0,0x2
80003d24:	82450513          	addi	a0,a0,-2012 # 80005544 <__FUNCTION__.2+0xa0>
80003d28:	e18fe0ef          	jal	ra,80002340 <rt_assert_handler>
    thread = (struct rt_thread *)rt_object_allocate(RT_Object_Class_Thread,
80003d2c:	00040593          	mv	a1,s0
80003d30:	00100513          	li	a0,1
80003d34:	fb5fe0ef          	jal	ra,80002ce8 <rt_object_allocate>
80003d38:	00050413          	mv	s0,a0
    if (thread == RT_NULL)
80003d3c:	02050063          	beqz	a0,80003d5c <rt_thread_create+0x84>
    stack_start = (void *)RT_KERNEL_MALLOC(stack_size);
80003d40:	00048513          	mv	a0,s1
80003d44:	f10fe0ef          	jal	ra,80002454 <rt_malloc>
80003d48:	00050693          	mv	a3,a0
    if (stack_start == RT_NULL)
80003d4c:	02051c63          	bnez	a0,80003d84 <rt_thread_create+0xac>
        rt_object_delete((rt_object_t)thread);
80003d50:	00040513          	mv	a0,s0
80003d54:	8f4ff0ef          	jal	ra,80002e48 <rt_object_delete>
        return RT_NULL;
80003d58:	00000413          	li	s0,0
}
80003d5c:	01c12083          	lw	ra,28(sp)
80003d60:	00040513          	mv	a0,s0
80003d64:	01812403          	lw	s0,24(sp)
80003d68:	01412483          	lw	s1,20(sp)
80003d6c:	01012903          	lw	s2,16(sp)
80003d70:	00c12983          	lw	s3,12(sp)
80003d74:	00812a03          	lw	s4,8(sp)
80003d78:	00412a83          	lw	s5,4(sp)
80003d7c:	02010113          	addi	sp,sp,32
80003d80:	00008067          	ret
    _thread_init(thread,
80003d84:	00090813          	mv	a6,s2
80003d88:	000a8793          	mv	a5,s5
80003d8c:	00048713          	mv	a4,s1
80003d90:	000a0613          	mv	a2,s4
80003d94:	00098593          	mv	a1,s3
80003d98:	00040513          	mv	a0,s0
80003d9c:	bddff0ef          	jal	ra,80003978 <_thread_init.constprop.0>
    return thread;
80003da0:	fbdff06f          	j	80003d5c <rt_thread_create+0x84>

80003da4 <rt_thread_suspend_to_list>:
 *
 * @return  Return the operation status. If the return value is RT_EOK, the function is successfully executed.
 *          If the return value is any other values, it means this operation failed.
 */
rt_err_t rt_thread_suspend_to_list(rt_thread_t thread, rt_list_t *susp_list, int ipc_flags, int suspend_flag)
{
80003da4:	fd010113          	addi	sp,sp,-48
80003da8:	02812423          	sw	s0,40(sp)
80003dac:	02912223          	sw	s1,36(sp)
80003db0:	01312e23          	sw	s3,28(sp)
80003db4:	01412c23          	sw	s4,24(sp)
80003db8:	02112623          	sw	ra,44(sp)
80003dbc:	03212023          	sw	s2,32(sp)
80003dc0:	00050413          	mv	s0,a0
80003dc4:	00058993          	mv	s3,a1
80003dc8:	00060a13          	mv	s4,a2
80003dcc:	00068493          	mv	s1,a3
    rt_base_t stat;
    rt_sched_lock_level_t slvl;

    /* parameter check */
    RT_ASSERT(thread != RT_NULL);
80003dd0:	00051e63          	bnez	a0,80003dec <rt_thread_suspend_to_list+0x48>
80003dd4:	3b700613          	li	a2,951
80003dd8:	00002597          	auipc	a1,0x2
80003ddc:	8d458593          	addi	a1,a1,-1836 # 800056ac <__FUNCTION__.2>
80003de0:	00001517          	auipc	a0,0x1
80003de4:	ce050513          	addi	a0,a0,-800 # 80004ac0 <__FUNCTION__.0+0x170>
80003de8:	d58fe0ef          	jal	ra,80002340 <rt_assert_handler>
    RT_ASSERT(rt_object_get_type((rt_object_t)thread) == RT_Object_Class_Thread);
80003dec:	00040513          	mv	a0,s0
80003df0:	974ff0ef          	jal	ra,80002f64 <rt_object_get_type>
80003df4:	00100793          	li	a5,1
80003df8:	00f50e63          	beq	a0,a5,80003e14 <rt_thread_suspend_to_list+0x70>
80003dfc:	3b800613          	li	a2,952
80003e00:	00002597          	auipc	a1,0x2
80003e04:	8ac58593          	addi	a1,a1,-1876 # 800056ac <__FUNCTION__.2>
80003e08:	00001517          	auipc	a0,0x1
80003e0c:	6b850513          	addi	a0,a0,1720 # 800054c0 <__FUNCTION__.2+0x1c>
80003e10:	d30fe0ef          	jal	ra,80002340 <rt_assert_handler>
    RT_ASSERT(!rt_thread_is_idle_thread(thread));
80003e14:	00040513          	mv	a0,s0
80003e18:	e98fd0ef          	jal	ra,800014b0 <rt_thread_is_idle_thread>
80003e1c:	00050e63          	beqz	a0,80003e38 <rt_thread_suspend_to_list+0x94>
80003e20:	3b900613          	li	a2,953
80003e24:	00002597          	auipc	a1,0x2
80003e28:	88858593          	addi	a1,a1,-1912 # 800056ac <__FUNCTION__.2>
80003e2c:	00001517          	auipc	a0,0x1
80003e30:	75850513          	addi	a0,a0,1880 # 80005584 <__FUNCTION__.2+0xe0>
80003e34:	d0cfe0ef          	jal	ra,80002340 <rt_assert_handler>

    LOG_D("thread suspend: %s", thread->parent.name);

    rt_sched_lock(&slvl);
80003e38:	00c10513          	addi	a0,sp,12
80003e3c:	c7cff0ef          	jal	ra,800032b8 <rt_sched_lock>

    stat = rt_sched_thread_get_stat(thread);
80003e40:	00040513          	mv	a0,s0
80003e44:	9c8ff0ef          	jal	ra,8000300c <rt_sched_thread_get_stat>
    if (stat & RT_THREAD_SUSPEND_MASK)
80003e48:	00457793          	andi	a5,a0,4
    stat = rt_sched_thread_get_stat(thread);
80003e4c:	00050913          	mv	s2,a0
    if (stat & RT_THREAD_SUSPEND_MASK)
80003e50:	04078663          	beqz	a5,80003e9c <rt_thread_suspend_to_list+0xf8>
    {
        if (RT_SCHED_CTX(thread).sched_flag_ttmr_set == 1)
80003e54:	03d44783          	lbu	a5,61(s0)
80003e58:	0027f793          	andi	a5,a5,2
80003e5c:	00078663          	beqz	a5,80003e68 <rt_thread_suspend_to_list+0xc4>
        {
            /* The new suspend operation will halt the tick timer. */
            LOG_D("Thread [%s]'s timer has been halted.\n", thread->parent.name);
            rt_sched_thread_timer_stop(thread);
80003e60:	00040513          	mv	a0,s0
80003e64:	960ff0ef          	jal	ra,80002fc4 <rt_sched_thread_timer_stop>
    switch (suspend_flag)
80003e68:	02048263          	beqz	s1,80003e8c <rt_thread_suspend_to_list+0xe8>
80003e6c:	00100713          	li	a4,1
        return RT_THREAD_SUSPEND_KILLABLE;
80003e70:	00600793          	li	a5,6
    switch (suspend_flag)
80003e74:	00e48463          	beq	s1,a4,80003e7c <rt_thread_suspend_to_list+0xd8>
80003e78:	00700793          	li	a5,7
        }
        /* Upgrade suspend state if new state is stricter */
        if (stat < _thread_get_suspend_state(suspend_flag))
80003e7c:	00f97863          	bgeu	s2,a5,80003e8c <rt_thread_suspend_to_list+0xe8>
        {
            _thread_set_suspend_state(thread, suspend_flag);
80003e80:	00048593          	mv	a1,s1
80003e84:	00040513          	mv	a0,s0
80003e88:	be5ff0ef          	jal	ra,80003a6c <_thread_set_suspend_state>
        }
        rt_sched_unlock(slvl);
80003e8c:	00c12503          	lw	a0,12(sp)
80003e90:	c60ff0ef          	jal	ra,800032f0 <rt_sched_unlock>
    rt_sched_thread_timer_stop(thread);

    rt_sched_unlock(slvl);

    RT_OBJECT_HOOK_CALL(rt_thread_suspend_hook, (thread));
    return RT_EOK;
80003e94:	00000513          	li	a0,0
80003e98:	0440006f          	j	80003edc <rt_thread_suspend_to_list+0x138>
    else if ((stat != RT_THREAD_READY) && (stat != RT_THREAD_RUNNING))
80003e9c:	ffe50793          	addi	a5,a0,-2
80003ea0:	00100713          	li	a4,1
80003ea4:	04f77c63          	bgeu	a4,a5,80003efc <rt_thread_suspend_to_list+0x158>
        LOG_W("thread suspend: thread disorder, 0x%02x", RT_SCHED_CTX(thread).stat);
80003ea8:	00001517          	auipc	a0,0x1
80003eac:	70050513          	addi	a0,a0,1792 # 800055a8 <__FUNCTION__.2+0x104>
80003eb0:	a14fe0ef          	jal	ra,800020c4 <rt_kprintf>
80003eb4:	03c44583          	lbu	a1,60(s0)
80003eb8:	00001517          	auipc	a0,0x1
80003ebc:	70850513          	addi	a0,a0,1800 # 800055c0 <__FUNCTION__.2+0x11c>
80003ec0:	a04fe0ef          	jal	ra,800020c4 <rt_kprintf>
80003ec4:	00001517          	auipc	a0,0x1
80003ec8:	d5c50513          	addi	a0,a0,-676 # 80004c20 <__FUNCTION__.39+0xa4>
80003ecc:	9f8fe0ef          	jal	ra,800020c4 <rt_kprintf>
        rt_sched_unlock(slvl);
80003ed0:	00c12503          	lw	a0,12(sp)
80003ed4:	c1cff0ef          	jal	ra,800032f0 <rt_sched_unlock>
        return -RT_ERROR;
80003ed8:	fff00513          	li	a0,-1
}
80003edc:	02c12083          	lw	ra,44(sp)
80003ee0:	02812403          	lw	s0,40(sp)
80003ee4:	02412483          	lw	s1,36(sp)
80003ee8:	02012903          	lw	s2,32(sp)
80003eec:	01c12983          	lw	s3,28(sp)
80003ef0:	01812a03          	lw	s4,24(sp)
80003ef4:	03010113          	addi	sp,sp,48
80003ef8:	00008067          	ret
    if (stat == RT_THREAD_RUNNING)
80003efc:	00300793          	li	a5,3
80003f00:	02f51263          	bne	a0,a5,80003f24 <rt_thread_suspend_to_list+0x180>
        RT_ASSERT(thread == rt_thread_self());
80003f04:	cddff0ef          	jal	ra,80003be0 <rt_thread_self>
80003f08:	00a40e63          	beq	s0,a0,80003f24 <rt_thread_suspend_to_list+0x180>
80003f0c:	3db00613          	li	a2,987
80003f10:	00001597          	auipc	a1,0x1
80003f14:	79c58593          	addi	a1,a1,1948 # 800056ac <__FUNCTION__.2>
80003f18:	00001517          	auipc	a0,0x1
80003f1c:	6d050513          	addi	a0,a0,1744 # 800055e8 <__FUNCTION__.2+0x144>
80003f20:	c20fe0ef          	jal	ra,80002340 <rt_assert_handler>
    rt_sched_remove_thread(thread);
80003f24:	00040513          	mv	a0,s0
80003f28:	d70ff0ef          	jal	ra,80003498 <rt_sched_remove_thread>
    _thread_set_suspend_state(thread, suspend_flag);
80003f2c:	00048593          	mv	a1,s1
80003f30:	00040513          	mv	a0,s0
80003f34:	b39ff0ef          	jal	ra,80003a6c <_thread_set_suspend_state>
    if (susp_list)
80003f38:	00098a63          	beqz	s3,80003f4c <rt_thread_suspend_to_list+0x1a8>
        rt_susp_list_enqueue(susp_list, thread, ipc_flags);
80003f3c:	000a0613          	mv	a2,s4
80003f40:	00040593          	mv	a1,s0
80003f44:	00098513          	mv	a0,s3
80003f48:	e60fd0ef          	jal	ra,800015a8 <rt_susp_list_enqueue>
    rt_sched_thread_timer_stop(thread);
80003f4c:	00040513          	mv	a0,s0
80003f50:	874ff0ef          	jal	ra,80002fc4 <rt_sched_thread_timer_stop>
    rt_sched_unlock(slvl);
80003f54:	00c12503          	lw	a0,12(sp)
80003f58:	b98ff0ef          	jal	ra,800032f0 <rt_sched_unlock>
    RT_OBJECT_HOOK_CALL(rt_thread_suspend_hook, (thread));
80003f5c:	df81a783          	lw	a5,-520(gp) # 801005f8 <rt_thread_suspend_hook>
    return RT_EOK;
80003f60:	00000513          	li	a0,0
    RT_OBJECT_HOOK_CALL(rt_thread_suspend_hook, (thread));
80003f64:	f6078ce3          	beqz	a5,80003edc <rt_thread_suspend_to_list+0x138>
80003f68:	00040513          	mv	a0,s0
80003f6c:	000780e7          	jalr	a5
80003f70:	f25ff06f          	j	80003e94 <rt_thread_suspend_to_list+0xf0>

80003f74 <rt_thread_resume>:
 * @return  Return the operation status. If the return value is `RT_EOK`, the
 *          function is successfully executed.
 *          If the return value is any other values, it means this operation failed.
 */
rt_err_t rt_thread_resume(rt_thread_t thread)
{
80003f74:	fe010113          	addi	sp,sp,-32
80003f78:	00912a23          	sw	s1,20(sp)
80003f7c:	00112e23          	sw	ra,28(sp)
80003f80:	00812c23          	sw	s0,24(sp)
80003f84:	00050493          	mv	s1,a0
    rt_sched_lock_level_t slvl;
    rt_err_t error;

    /* parameter check */
    RT_ASSERT(thread != RT_NULL);
80003f88:	00051e63          	bnez	a0,80003fa4 <rt_thread_resume+0x30>
80003f8c:	45b00613          	li	a2,1115
80003f90:	00001597          	auipc	a1,0x1
80003f94:	6b858593          	addi	a1,a1,1720 # 80005648 <__FUNCTION__.0>
80003f98:	00001517          	auipc	a0,0x1
80003f9c:	b2850513          	addi	a0,a0,-1240 # 80004ac0 <__FUNCTION__.0+0x170>
80003fa0:	ba0fe0ef          	jal	ra,80002340 <rt_assert_handler>
    RT_ASSERT(rt_object_get_type((rt_object_t)thread) == RT_Object_Class_Thread);
80003fa4:	00048513          	mv	a0,s1
80003fa8:	fbdfe0ef          	jal	ra,80002f64 <rt_object_get_type>
80003fac:	00100793          	li	a5,1
80003fb0:	00f50e63          	beq	a0,a5,80003fcc <rt_thread_resume+0x58>
80003fb4:	45c00613          	li	a2,1116
80003fb8:	00001597          	auipc	a1,0x1
80003fbc:	69058593          	addi	a1,a1,1680 # 80005648 <__FUNCTION__.0>
80003fc0:	00001517          	auipc	a0,0x1
80003fc4:	50050513          	addi	a0,a0,1280 # 800054c0 <__FUNCTION__.2+0x1c>
80003fc8:	b78fe0ef          	jal	ra,80002340 <rt_assert_handler>

    LOG_D("thread resume: %s", thread->parent.name);

    rt_sched_lock(&slvl);
80003fcc:	00c10513          	addi	a0,sp,12
80003fd0:	ae8ff0ef          	jal	ra,800032b8 <rt_sched_lock>

    error = rt_sched_thread_ready(thread);
80003fd4:	00048513          	mv	a0,s1
80003fd8:	88cff0ef          	jal	ra,80003064 <rt_sched_thread_ready>
80003fdc:	00050413          	mv	s0,a0

    if (!error)
80003fe0:	00c12503          	lw	a0,12(sp)
80003fe4:	04041063          	bnez	s0,80004024 <rt_thread_resume+0xb0>
    {
        error = rt_sched_unlock_n_resched(slvl);
80003fe8:	f20ff0ef          	jal	ra,80003708 <rt_sched_unlock_n_resched>

        /**
         * RT_ESCHEDLOCKED indicates that the current thread is in a critical section,
         * rather than 'thread' can't be resumed. Therefore, we can ignore this error.
         */
        if (error == -RT_ESCHEDLOCKED)
80003fec:	fee00793          	li	a5,-18
        error = rt_sched_unlock_n_resched(slvl);
80003ff0:	00050413          	mv	s0,a0
        if (error == -RT_ESCHEDLOCKED)
80003ff4:	00f51463          	bne	a0,a5,80003ffc <rt_thread_resume+0x88>
        {
            error = RT_EOK;
80003ff8:	00000413          	li	s0,0
    else
    {
        rt_sched_unlock(slvl);
    }

    RT_OBJECT_HOOK_CALL(rt_thread_resume_hook, (thread));
80003ffc:	df41a783          	lw	a5,-524(gp) # 801005f4 <rt_thread_resume_hook>
80004000:	00078663          	beqz	a5,8000400c <rt_thread_resume+0x98>
80004004:	00048513          	mv	a0,s1
80004008:	000780e7          	jalr	a5

    return error;
}
8000400c:	01c12083          	lw	ra,28(sp)
80004010:	00040513          	mv	a0,s0
80004014:	01812403          	lw	s0,24(sp)
80004018:	01412483          	lw	s1,20(sp)
8000401c:	02010113          	addi	sp,sp,32
80004020:	00008067          	ret
        rt_sched_unlock(slvl);
80004024:	accff0ef          	jal	ra,800032f0 <rt_sched_unlock>
80004028:	fd5ff06f          	j	80003ffc <rt_thread_resume+0x88>

8000402c <rt_thread_startup>:
{
8000402c:	ff010113          	addi	sp,sp,-16
80004030:	00812423          	sw	s0,8(sp)
80004034:	00112623          	sw	ra,12(sp)
80004038:	00050413          	mv	s0,a0
    RT_ASSERT(thread != RT_NULL);
8000403c:	00051e63          	bnez	a0,80004058 <rt_thread_startup+0x2c>
80004040:	1a000613          	li	a2,416
80004044:	00001597          	auipc	a1,0x1
80004048:	63458593          	addi	a1,a1,1588 # 80005678 <__FUNCTION__.10>
8000404c:	00001517          	auipc	a0,0x1
80004050:	a7450513          	addi	a0,a0,-1420 # 80004ac0 <__FUNCTION__.0+0x170>
80004054:	aecfe0ef          	jal	ra,80002340 <rt_assert_handler>
    RT_ASSERT((RT_SCHED_CTX(thread).stat & RT_THREAD_STAT_MASK) == RT_THREAD_INIT);
80004058:	03c44783          	lbu	a5,60(s0)
8000405c:	0077f793          	andi	a5,a5,7
80004060:	00078e63          	beqz	a5,8000407c <rt_thread_startup+0x50>
80004064:	1a100613          	li	a2,417
80004068:	00001597          	auipc	a1,0x1
8000406c:	61058593          	addi	a1,a1,1552 # 80005678 <__FUNCTION__.10>
80004070:	00001517          	auipc	a0,0x1
80004074:	59450513          	addi	a0,a0,1428 # 80005604 <__FUNCTION__.2+0x160>
80004078:	ac8fe0ef          	jal	ra,80002340 <rt_assert_handler>
    RT_ASSERT(rt_object_get_type((rt_object_t)thread) == RT_Object_Class_Thread);
8000407c:	00040513          	mv	a0,s0
80004080:	ee5fe0ef          	jal	ra,80002f64 <rt_object_get_type>
80004084:	00100793          	li	a5,1
80004088:	00f50e63          	beq	a0,a5,800040a4 <rt_thread_startup+0x78>
8000408c:	1a200613          	li	a2,418
80004090:	00001597          	auipc	a1,0x1
80004094:	5e858593          	addi	a1,a1,1512 # 80005678 <__FUNCTION__.10>
80004098:	00001517          	auipc	a0,0x1
8000409c:	42850513          	addi	a0,a0,1064 # 800054c0 <__FUNCTION__.2+0x1c>
800040a0:	aa0fe0ef          	jal	ra,80002340 <rt_assert_handler>
    rt_sched_thread_startup(thread);
800040a4:	00040513          	mv	a0,s0
800040a8:	a88ff0ef          	jal	ra,80003330 <rt_sched_thread_startup>
    rt_thread_resume(thread);
800040ac:	00040513          	mv	a0,s0
800040b0:	ec5ff0ef          	jal	ra,80003f74 <rt_thread_resume>
}
800040b4:	00c12083          	lw	ra,12(sp)
800040b8:	00812403          	lw	s0,8(sp)
800040bc:	00000513          	li	a0,0
800040c0:	01010113          	addi	sp,sp,16
800040c4:	00008067          	ret

800040c8 <_timer_remove>:
    n->next->prev = n->prev;
800040c8:	01c52683          	lw	a3,28(a0)
800040cc:	02052703          	lw	a4,32(a0)
{
    int i;

    for (i = 0; i < RT_TIMER_SKIP_LIST_LEVEL; i++)
    {
        rt_list_remove(&timer->row[i]);
800040d0:	01c50793          	addi	a5,a0,28
800040d4:	00e6a223          	sw	a4,4(a3)
    n->prev->next = n->next;
800040d8:	00d72023          	sw	a3,0(a4)
    n->next = n->prev = n;
800040dc:	02f52023          	sw	a5,32(a0)
800040e0:	00f52e23          	sw	a5,28(a0)
    }
}
800040e4:	00008067          	ret

800040e8 <_timer_start.constprop.0>:
 *
 * @param timer the timer to be started
 *
 * @return the operation status, RT_EOK on OK, -RT_ERROR on error
 */
static rt_err_t _timer_start(rt_list_t *timer_list, rt_timer_t timer)
800040e8:	ff010113          	addi	sp,sp,-16
800040ec:	00812423          	sw	s0,8(sp)
800040f0:	00112623          	sw	ra,12(sp)
800040f4:	00050413          	mv	s0,a0
    rt_list_t *row_head[RT_TIMER_SKIP_LIST_LEVEL];
    unsigned int tst_nr;
    static unsigned int random_nr;

    /* remove timer from list */
    _timer_remove(timer);
800040f8:	fd1ff0ef          	jal	ra,800040c8 <_timer_remove>
    /* change status of timer */
    timer->parent.flag &= ~RT_TIMER_FLAG_ACTIVATED;
800040fc:	01144783          	lbu	a5,17(s0)
80004100:	ffe7f793          	andi	a5,a5,-2
80004104:	00f408a3          	sb	a5,17(s0)

    RT_OBJECT_HOOK_CALL(rt_object_take_hook, (&(timer->parent)));
80004108:	cd41a783          	lw	a5,-812(gp) # 801004d4 <rt_object_take_hook>
8000410c:	00078663          	beqz	a5,80004118 <_timer_start.constprop.0+0x30>
80004110:	00040513          	mv	a0,s0
80004114:	000780e7          	jalr	a5

    timer->timeout_tick = rt_tick_get() + timer->init_tick;
80004118:	f5dfc0ef          	jal	ra,80001074 <rt_tick_get>
8000411c:	02c42783          	lw	a5,44(s0)
             */
            if ((t->timeout_tick - timer->timeout_tick) == 0)
            {
                continue;
            }
            else if ((t->timeout_tick - timer->timeout_tick) < RT_TICK_MAX / 2)
80004120:	80000637          	lui	a2,0x80000
80004124:	ffe64613          	xori	a2,a2,-2
    timer->timeout_tick = rt_tick_get() + timer->init_tick;
80004128:	00f50533          	add	a0,a0,a5
        for (; row_head[row_lvl] != timer_list[row_lvl].prev;
8000412c:	e0418793          	addi	a5,gp,-508 # 80100604 <_timer_list>
80004130:	0047a583          	lw	a1,4(a5)
    timer->timeout_tick = rt_tick_get() + timer->init_tick;
80004134:	02a42823          	sw	a0,48(s0)
        for (; row_head[row_lvl] != timer_list[row_lvl].prev;
80004138:	00078693          	mv	a3,a5
            rt_list_t *p = row_head[row_lvl]->next;
8000413c:	0007a783          	lw	a5,0(a5)
        for (; row_head[row_lvl] != timer_list[row_lvl].prev;
80004140:	00b68a63          	beq	a3,a1,80004154 <_timer_start.constprop.0+0x6c>
            if ((t->timeout_tick - timer->timeout_tick) == 0)
80004144:	0147a703          	lw	a4,20(a5)
80004148:	fee508e3          	beq	a0,a4,80004138 <_timer_start.constprop.0+0x50>
            else if ((t->timeout_tick - timer->timeout_tick) < RT_TICK_MAX / 2)
8000414c:	40a70733          	sub	a4,a4,a0
80004150:	fee664e3          	bltu	a2,a4,80004138 <_timer_start.constprop.0+0x50>

    /* Interestingly, this super simple timer insert counter works very very
     * well on distributing the list height uniformly. By means of "very very
     * well", I mean it beats the randomness of timer->timeout_tick very easily
     * (actually, the timeout_tick is not random and easy to be attacked). */
    random_nr++;
80004154:	e0c18613          	addi	a2,gp,-500 # 8010060c <random_nr.3>
80004158:	00062703          	lw	a4,0(a2) # 80000000 <__rt_rvstack+0xffec0000>
    }

    timer->parent.flag |= RT_TIMER_FLAG_ACTIVATED;

    return RT_EOK;
}
8000415c:	00c12083          	lw	ra,12(sp)
80004160:	00000513          	li	a0,0
    random_nr++;
80004164:	00170713          	addi	a4,a4,1
80004168:	00e62023          	sw	a4,0(a2)
    rt_list_insert_after(row_head[RT_TIMER_SKIP_LIST_LEVEL - 1],
8000416c:	01c40713          	addi	a4,s0,28
    l->next->prev = n;
80004170:	00e7a223          	sw	a4,4(a5)
    n->next = l->next;
80004174:	00f42e23          	sw	a5,28(s0)
    l->next = n;
80004178:	00e6a023          	sw	a4,0(a3)
    timer->parent.flag |= RT_TIMER_FLAG_ACTIVATED;
8000417c:	01144783          	lbu	a5,17(s0)
    n->prev = l;
80004180:	02d42023          	sw	a3,32(s0)
80004184:	0017e793          	ori	a5,a5,1
80004188:	00f408a3          	sb	a5,17(s0)
}
8000418c:	00812403          	lw	s0,8(sp)
80004190:	01010113          	addi	sp,sp,16
80004194:	00008067          	ret

80004198 <rt_timer_init>:
{
80004198:	fe010113          	addi	sp,sp,-32
8000419c:	00812c23          	sw	s0,24(sp)
800041a0:	00912a23          	sw	s1,20(sp)
800041a4:	01212823          	sw	s2,16(sp)
800041a8:	01312623          	sw	s3,12(sp)
800041ac:	01412423          	sw	s4,8(sp)
800041b0:	01512223          	sw	s5,4(sp)
800041b4:	00112e23          	sw	ra,28(sp)
800041b8:	00050413          	mv	s0,a0
800041bc:	00058a93          	mv	s5,a1
800041c0:	00060993          	mv	s3,a2
800041c4:	00068a13          	mv	s4,a3
800041c8:	00070913          	mv	s2,a4
800041cc:	00078493          	mv	s1,a5
    RT_ASSERT(timer != RT_NULL);
800041d0:	00051e63          	bnez	a0,800041ec <rt_timer_init+0x54>
800041d4:	11300613          	li	a2,275
800041d8:	00001597          	auipc	a1,0x1
800041dc:	6a058593          	addi	a1,a1,1696 # 80005878 <__FUNCTION__.8>
800041e0:	00001517          	auipc	a0,0x1
800041e4:	50c50513          	addi	a0,a0,1292 # 800056ec <__FUNCTION__.9+0x10>
800041e8:	958fe0ef          	jal	ra,80002340 <rt_assert_handler>
    RT_ASSERT(timeout != RT_NULL);
800041ec:	00099e63          	bnez	s3,80004208 <rt_timer_init+0x70>
800041f0:	11400613          	li	a2,276
800041f4:	00001597          	auipc	a1,0x1
800041f8:	68458593          	addi	a1,a1,1668 # 80005878 <__FUNCTION__.8>
800041fc:	00001517          	auipc	a0,0x1
80004200:	50450513          	addi	a0,a0,1284 # 80005700 <__FUNCTION__.9+0x24>
80004204:	93cfe0ef          	jal	ra,80002340 <rt_assert_handler>
    RT_ASSERT(time < RT_TICK_MAX / 2);
80004208:	800007b7          	lui	a5,0x80000
8000420c:	ffe7c793          	xori	a5,a5,-2
80004210:	0127fe63          	bgeu	a5,s2,8000422c <rt_timer_init+0x94>
80004214:	11500613          	li	a2,277
80004218:	00001597          	auipc	a1,0x1
8000421c:	66058593          	addi	a1,a1,1632 # 80005878 <__FUNCTION__.8>
80004220:	00001517          	auipc	a0,0x1
80004224:	4f450513          	addi	a0,a0,1268 # 80005714 <__FUNCTION__.9+0x38>
80004228:	918fe0ef          	jal	ra,80002340 <rt_assert_handler>
    rt_object_init(&(timer->parent), RT_Object_Class_Timer, name);
8000422c:	000a8613          	mv	a2,s5
80004230:	00040513          	mv	a0,s0
80004234:	00a00593          	li	a1,10
80004238:	871fe0ef          	jal	ra,80002aa8 <rt_object_init>
        rt_list_init(&(timer->row[i]));
8000423c:	01c40793          	addi	a5,s0,28
    timer->parent.flag &= ~RT_TIMER_FLAG_ACTIVATED;
80004240:	ffe4f493          	andi	s1,s1,-2
80004244:	009408a3          	sb	s1,17(s0)
    timer->timeout_func = timeout;
80004248:	03342223          	sw	s3,36(s0)
    timer->parameter    = parameter;
8000424c:	03442423          	sw	s4,40(s0)
    timer->init_tick    = time;
80004250:	03242623          	sw	s2,44(s0)
}
80004254:	01c12083          	lw	ra,28(sp)
    timer->timeout_tick = 0;
80004258:	02042823          	sw	zero,48(s0)
    l->next = l->prev = l;
8000425c:	02f42023          	sw	a5,32(s0)
80004260:	00f42e23          	sw	a5,28(s0)
}
80004264:	01812403          	lw	s0,24(sp)
80004268:	01412483          	lw	s1,20(sp)
8000426c:	01012903          	lw	s2,16(sp)
80004270:	00c12983          	lw	s3,12(sp)
80004274:	00812a03          	lw	s4,8(sp)
80004278:	00412a83          	lw	s5,4(sp)
8000427c:	02010113          	addi	sp,sp,32
80004280:	00008067          	ret

80004284 <rt_timer_detach>:
{
80004284:	fe010113          	addi	sp,sp,-32
80004288:	00812c23          	sw	s0,24(sp)
8000428c:	00112e23          	sw	ra,28(sp)
80004290:	00050413          	mv	s0,a0
    RT_ASSERT(timer != RT_NULL);
80004294:	00051e63          	bnez	a0,800042b0 <rt_timer_detach+0x2c>
80004298:	12b00613          	li	a2,299
8000429c:	00001597          	auipc	a1,0x1
800042a0:	5cc58593          	addi	a1,a1,1484 # 80005868 <__FUNCTION__.7>
800042a4:	00001517          	auipc	a0,0x1
800042a8:	44850513          	addi	a0,a0,1096 # 800056ec <__FUNCTION__.9+0x10>
800042ac:	894fe0ef          	jal	ra,80002340 <rt_assert_handler>
    RT_ASSERT(rt_object_get_type(&timer->parent) == RT_Object_Class_Timer);
800042b0:	00040513          	mv	a0,s0
800042b4:	cb1fe0ef          	jal	ra,80002f64 <rt_object_get_type>
800042b8:	00a00793          	li	a5,10
800042bc:	00f50e63          	beq	a0,a5,800042d8 <rt_timer_detach+0x54>
800042c0:	12c00613          	li	a2,300
800042c4:	00001597          	auipc	a1,0x1
800042c8:	5a458593          	addi	a1,a1,1444 # 80005868 <__FUNCTION__.7>
800042cc:	00001517          	auipc	a0,0x1
800042d0:	46050513          	addi	a0,a0,1120 # 8000572c <__FUNCTION__.9+0x50>
800042d4:	86cfe0ef          	jal	ra,80002340 <rt_assert_handler>
    RT_ASSERT(rt_object_is_systemobject(&timer->parent));
800042d8:	00040513          	mv	a0,s0
800042dc:	c45fe0ef          	jal	ra,80002f20 <rt_object_is_systemobject>
800042e0:	00051e63          	bnez	a0,800042fc <rt_timer_detach+0x78>
800042e4:	12d00613          	li	a2,301
800042e8:	00001597          	auipc	a1,0x1
800042ec:	58058593          	addi	a1,a1,1408 # 80005868 <__FUNCTION__.7>
800042f0:	00001517          	auipc	a0,0x1
800042f4:	47850513          	addi	a0,a0,1144 # 80005768 <__FUNCTION__.9+0x8c>
800042f8:	848fe0ef          	jal	ra,80002340 <rt_assert_handler>
    level = rt_spin_lock_irqsave(spinlock);
800042fc:	dfc18513          	addi	a0,gp,-516 # 801005fc <_htimer_lock>
80004300:	f3dfc0ef          	jal	ra,8000123c <rt_spin_lock_irqsave>
80004304:	00a12623          	sw	a0,12(sp)
    _timer_remove(timer);
80004308:	00040513          	mv	a0,s0
8000430c:	dbdff0ef          	jal	ra,800040c8 <_timer_remove>
    timer->parent.flag &= ~RT_TIMER_FLAG_ACTIVATED;
80004310:	01144783          	lbu	a5,17(s0)
    rt_spin_unlock_irqrestore(spinlock, level);
80004314:	00c12583          	lw	a1,12(sp)
80004318:	dfc18513          	addi	a0,gp,-516 # 801005fc <_htimer_lock>
    timer->parent.flag &= ~RT_TIMER_FLAG_ACTIVATED;
8000431c:	ffe7f793          	andi	a5,a5,-2
80004320:	00f408a3          	sb	a5,17(s0)
    rt_spin_unlock_irqrestore(spinlock, level);
80004324:	f45fc0ef          	jal	ra,80001268 <rt_spin_unlock_irqrestore>
    rt_object_detach(&(timer->parent));
80004328:	00040513          	mv	a0,s0
8000432c:	909fe0ef          	jal	ra,80002c34 <rt_object_detach>
}
80004330:	01c12083          	lw	ra,28(sp)
80004334:	01812403          	lw	s0,24(sp)
80004338:	00000513          	li	a0,0
8000433c:	02010113          	addi	sp,sp,32
80004340:	00008067          	ret

80004344 <rt_timer_start>:
 * @param timer the timer to be started
 *
 * @return the operation status, RT_EOK on OK, -RT_ERROR on error
 */
rt_err_t rt_timer_start(rt_timer_t timer)
{
80004344:	fd010113          	addi	sp,sp,-48
80004348:	02812423          	sw	s0,40(sp)
8000434c:	02112623          	sw	ra,44(sp)
80004350:	02912223          	sw	s1,36(sp)
80004354:	00050413          	mv	s0,a0
    rt_list_t *timer_list;
    rt_base_t level;
    rt_err_t err;

    /* parameter check */
    RT_ASSERT(timer != RT_NULL);
80004358:	00051e63          	bnez	a0,80004374 <rt_timer_start+0x30>
8000435c:	23c00613          	li	a2,572
80004360:	00001597          	auipc	a1,0x1
80004364:	4f858593          	addi	a1,a1,1272 # 80005858 <__FUNCTION__.4>
80004368:	00001517          	auipc	a0,0x1
8000436c:	38450513          	addi	a0,a0,900 # 800056ec <__FUNCTION__.9+0x10>
80004370:	fd1fd0ef          	jal	ra,80002340 <rt_assert_handler>
    RT_ASSERT(rt_object_get_type(&timer->parent) == RT_Object_Class_Timer);
80004374:	00040513          	mv	a0,s0
80004378:	bedfe0ef          	jal	ra,80002f64 <rt_object_get_type>
8000437c:	00a00793          	li	a5,10
80004380:	00f50e63          	beq	a0,a5,8000439c <rt_timer_start+0x58>
80004384:	23d00613          	li	a2,573
80004388:	00001597          	auipc	a1,0x1
8000438c:	4d058593          	addi	a1,a1,1232 # 80005858 <__FUNCTION__.4>
80004390:	00001517          	auipc	a0,0x1
80004394:	39c50513          	addi	a0,a0,924 # 8000572c <__FUNCTION__.9+0x50>
80004398:	fa9fd0ef          	jal	ra,80002340 <rt_assert_handler>
        timer_list = _timer_list;
        spinlock = &_htimer_lock;
    }
#endif

    if (timer->parent.flag & RT_TIMER_FLAG_THREAD_TIMER)
8000439c:	01144783          	lbu	a5,17(s0)
    int is_thread_timer = 0;
800043a0:	00000493          	li	s1,0
    if (timer->parent.flag & RT_TIMER_FLAG_THREAD_TIMER)
800043a4:	0087f793          	andi	a5,a5,8
800043a8:	04078263          	beqz	a5,800043ec <rt_timer_start+0xa8>
    {
        rt_thread_t thread;
        is_thread_timer = 1;
        rt_sched_lock(&slvl);
800043ac:	01c10513          	addi	a0,sp,28
800043b0:	f09fe0ef          	jal	ra,800032b8 <rt_sched_lock>

        thread = rt_container_of(timer, struct rt_thread, thread_timer);
800043b4:	fb040493          	addi	s1,s0,-80
        RT_ASSERT(rt_object_get_type(&thread->parent) == RT_Object_Class_Thread);
800043b8:	00048513          	mv	a0,s1
800043bc:	ba9fe0ef          	jal	ra,80002f64 <rt_object_get_type>
800043c0:	00100793          	li	a5,1
800043c4:	00f50e63          	beq	a0,a5,800043e0 <rt_timer_start+0x9c>
800043c8:	25800613          	li	a2,600
800043cc:	00001597          	auipc	a1,0x1
800043d0:	48c58593          	addi	a1,a1,1164 # 80005858 <__FUNCTION__.4>
800043d4:	00001517          	auipc	a0,0x1
800043d8:	3c050513          	addi	a0,a0,960 # 80005794 <__FUNCTION__.9+0xb8>
800043dc:	f65fd0ef          	jal	ra,80002340 <rt_assert_handler>
        rt_sched_thread_timer_start(thread);
800043e0:	00048513          	mv	a0,s1
800043e4:	bcdfe0ef          	jal	ra,80002fb0 <rt_sched_thread_timer_start>
        is_thread_timer = 1;
800043e8:	00100493          	li	s1,1
    }

    level = rt_spin_lock_irqsave(spinlock);
800043ec:	dfc18513          	addi	a0,gp,-516 # 801005fc <_htimer_lock>
800043f0:	e4dfc0ef          	jal	ra,8000123c <rt_spin_lock_irqsave>
800043f4:	00a12623          	sw	a0,12(sp)

    err = _timer_start(timer_list, timer);
800043f8:	00040513          	mv	a0,s0
800043fc:	cedff0ef          	jal	ra,800040e8 <_timer_start.constprop.0>

    rt_spin_unlock_irqrestore(spinlock, level);
80004400:	00c12583          	lw	a1,12(sp)
    err = _timer_start(timer_list, timer);
80004404:	00050413          	mv	s0,a0
    rt_spin_unlock_irqrestore(spinlock, level);
80004408:	dfc18513          	addi	a0,gp,-516 # 801005fc <_htimer_lock>
8000440c:	e5dfc0ef          	jal	ra,80001268 <rt_spin_unlock_irqrestore>

    if (is_thread_timer)
80004410:	00048663          	beqz	s1,8000441c <rt_timer_start+0xd8>
    {
        rt_sched_unlock(slvl);
80004414:	01c12503          	lw	a0,28(sp)
80004418:	ed9fe0ef          	jal	ra,800032f0 <rt_sched_unlock>
    }

    return err;
}
8000441c:	02c12083          	lw	ra,44(sp)
80004420:	00040513          	mv	a0,s0
80004424:	02812403          	lw	s0,40(sp)
80004428:	02412483          	lw	s1,36(sp)
8000442c:	03010113          	addi	sp,sp,48
80004430:	00008067          	ret

80004434 <rt_timer_stop>:
 * @param timer the timer to be stopped
 *
 * @return the operation status, RT_EOK on OK, -RT_ERROR on error
 */
rt_err_t rt_timer_stop(rt_timer_t timer)
{
80004434:	fe010113          	addi	sp,sp,-32
80004438:	00812c23          	sw	s0,24(sp)
8000443c:	00112e23          	sw	ra,28(sp)
80004440:	00050413          	mv	s0,a0
    rt_base_t level;
    struct rt_spinlock *spinlock;

    /* timer check */
    RT_ASSERT(timer != RT_NULL);
80004444:	00051e63          	bnez	a0,80004460 <rt_timer_stop+0x2c>
80004448:	27800613          	li	a2,632
8000444c:	00001597          	auipc	a1,0x1
80004450:	3fc58593          	addi	a1,a1,1020 # 80005848 <__FUNCTION__.2>
80004454:	00001517          	auipc	a0,0x1
80004458:	29850513          	addi	a0,a0,664 # 800056ec <__FUNCTION__.9+0x10>
8000445c:	ee5fd0ef          	jal	ra,80002340 <rt_assert_handler>
    RT_ASSERT(rt_object_get_type(&timer->parent) == RT_Object_Class_Timer);
80004460:	00040513          	mv	a0,s0
80004464:	b01fe0ef          	jal	ra,80002f64 <rt_object_get_type>
80004468:	00a00793          	li	a5,10
8000446c:	00f50e63          	beq	a0,a5,80004488 <rt_timer_stop+0x54>
80004470:	27900613          	li	a2,633
80004474:	00001597          	auipc	a1,0x1
80004478:	3d458593          	addi	a1,a1,980 # 80005848 <__FUNCTION__.2>
8000447c:	00001517          	auipc	a0,0x1
80004480:	2b050513          	addi	a0,a0,688 # 8000572c <__FUNCTION__.9+0x50>
80004484:	ebdfd0ef          	jal	ra,80002340 <rt_assert_handler>

    spinlock = _timerlock_idx(timer);

    level = rt_spin_lock_irqsave(spinlock);
80004488:	dfc18513          	addi	a0,gp,-516 # 801005fc <_htimer_lock>
8000448c:	db1fc0ef          	jal	ra,8000123c <rt_spin_lock_irqsave>

    if (!(timer->parent.flag & RT_TIMER_FLAG_ACTIVATED))
80004490:	01144783          	lbu	a5,17(s0)
    level = rt_spin_lock_irqsave(spinlock);
80004494:	00050593          	mv	a1,a0
    if (!(timer->parent.flag & RT_TIMER_FLAG_ACTIVATED))
80004498:	0017f793          	andi	a5,a5,1
8000449c:	02079063          	bnez	a5,800044bc <rt_timer_stop+0x88>
    {
        rt_spin_unlock_irqrestore(spinlock, level);
800044a0:	dfc18513          	addi	a0,gp,-516 # 801005fc <_htimer_lock>
800044a4:	dc5fc0ef          	jal	ra,80001268 <rt_spin_unlock_irqrestore>
        return -RT_ERROR;
800044a8:	fff00513          	li	a0,-1
    timer->parent.flag &= ~RT_TIMER_FLAG_ACTIVATED;

    rt_spin_unlock_irqrestore(spinlock, level);

    return RT_EOK;
}
800044ac:	01c12083          	lw	ra,28(sp)
800044b0:	01812403          	lw	s0,24(sp)
800044b4:	02010113          	addi	sp,sp,32
800044b8:	00008067          	ret
    RT_OBJECT_HOOK_CALL(rt_object_put_hook, (&(timer->parent)));
800044bc:	cd01a783          	lw	a5,-816(gp) # 801004d0 <rt_object_put_hook>
800044c0:	00078a63          	beqz	a5,800044d4 <rt_timer_stop+0xa0>
800044c4:	00a12623          	sw	a0,12(sp)
800044c8:	00040513          	mv	a0,s0
800044cc:	000780e7          	jalr	a5 # 80000000 <__rt_rvstack+0xffec0000>
800044d0:	00c12583          	lw	a1,12(sp)
    _timer_remove(timer);
800044d4:	00040513          	mv	a0,s0
800044d8:	00b12623          	sw	a1,12(sp)
800044dc:	bedff0ef          	jal	ra,800040c8 <_timer_remove>
    timer->parent.flag &= ~RT_TIMER_FLAG_ACTIVATED;
800044e0:	01144783          	lbu	a5,17(s0)
    rt_spin_unlock_irqrestore(spinlock, level);
800044e4:	00c12583          	lw	a1,12(sp)
800044e8:	dfc18513          	addi	a0,gp,-516 # 801005fc <_htimer_lock>
    timer->parent.flag &= ~RT_TIMER_FLAG_ACTIVATED;
800044ec:	ffe7f793          	andi	a5,a5,-2
800044f0:	00f408a3          	sb	a5,17(s0)
    rt_spin_unlock_irqrestore(spinlock, level);
800044f4:	d75fc0ef          	jal	ra,80001268 <rt_spin_unlock_irqrestore>
    return RT_EOK;
800044f8:	00000513          	li	a0,0
800044fc:	fb1ff06f          	j	800044ac <rt_timer_stop+0x78>

80004500 <rt_timer_control>:
 * @param arg the argument
 *
 * @return the statu of control
 */
rt_err_t rt_timer_control(rt_timer_t timer, int cmd, void *arg)
{
80004500:	fe010113          	addi	sp,sp,-32
80004504:	00812c23          	sw	s0,24(sp)
80004508:	00912a23          	sw	s1,20(sp)
8000450c:	01212823          	sw	s2,16(sp)
80004510:	00112e23          	sw	ra,28(sp)
80004514:	01312623          	sw	s3,12(sp)
80004518:	00050413          	mv	s0,a0
8000451c:	00058913          	mv	s2,a1
80004520:	00060493          	mv	s1,a2
    struct rt_spinlock *spinlock;
    rt_base_t level;

    /* parameter check */
    RT_ASSERT(timer != RT_NULL);
80004524:	00051e63          	bnez	a0,80004540 <rt_timer_control+0x40>
80004528:	29f00613          	li	a2,671
8000452c:	00001597          	auipc	a1,0x1
80004530:	30858593          	addi	a1,a1,776 # 80005834 <__FUNCTION__.1>
80004534:	00001517          	auipc	a0,0x1
80004538:	1b850513          	addi	a0,a0,440 # 800056ec <__FUNCTION__.9+0x10>
8000453c:	e05fd0ef          	jal	ra,80002340 <rt_assert_handler>
    RT_ASSERT(rt_object_get_type(&timer->parent) == RT_Object_Class_Timer);
80004540:	00040513          	mv	a0,s0
80004544:	a21fe0ef          	jal	ra,80002f64 <rt_object_get_type>
80004548:	00a00793          	li	a5,10
8000454c:	00f50e63          	beq	a0,a5,80004568 <rt_timer_control+0x68>
80004550:	2a000613          	li	a2,672
80004554:	00001597          	auipc	a1,0x1
80004558:	2e058593          	addi	a1,a1,736 # 80005834 <__FUNCTION__.1>
8000455c:	00001517          	auipc	a0,0x1
80004560:	1d050513          	addi	a0,a0,464 # 8000572c <__FUNCTION__.9+0x50>
80004564:	dddfd0ef          	jal	ra,80002340 <rt_assert_handler>

    spinlock = _timerlock_idx(timer);

    level = rt_spin_lock_irqsave(spinlock);
80004568:	dfc18513          	addi	a0,gp,-516 # 801005fc <_htimer_lock>
8000456c:	cd1fc0ef          	jal	ra,8000123c <rt_spin_lock_irqsave>
80004570:	00900793          	li	a5,9
80004574:	00050993          	mv	s3,a0
    switch (cmd)
80004578:	0727ee63          	bltu	a5,s2,800045f4 <rt_timer_control+0xf4>
8000457c:	00001717          	auipc	a4,0x1
80004580:	28070713          	addi	a4,a4,640 # 800057fc <__FUNCTION__.9+0x120>
80004584:	00291913          	slli	s2,s2,0x2
80004588:	00e90933          	add	s2,s2,a4
8000458c:	00092783          	lw	a5,0(s2)
80004590:	00e787b3          	add	a5,a5,a4
80004594:	00078067          	jr	a5
    {
    case RT_TIMER_CTRL_GET_TIME:
        *(rt_tick_t *)arg = timer->init_tick;
80004598:	02c42783          	lw	a5,44(s0)

    case RT_TIMER_CTRL_GET_STATE:
        if(timer->parent.flag & RT_TIMER_FLAG_ACTIVATED)
        {
            /*timer is start and run*/
            *(rt_uint32_t *)arg = RT_TIMER_FLAG_ACTIVATED;
8000459c:	00f4a023          	sw	a5,0(s1)
800045a0:	0540006f          	j	800045f4 <rt_timer_control+0xf4>
        RT_ASSERT((*(rt_tick_t *)arg) < RT_TICK_MAX / 2);
800045a4:	0004a703          	lw	a4,0(s1)
800045a8:	800007b7          	lui	a5,0x80000
800045ac:	ffe7c793          	xori	a5,a5,-2
800045b0:	00e7fe63          	bgeu	a5,a4,800045cc <rt_timer_control+0xcc>
800045b4:	2ac00613          	li	a2,684
800045b8:	00001597          	auipc	a1,0x1
800045bc:	27c58593          	addi	a1,a1,636 # 80005834 <__FUNCTION__.1>
800045c0:	00001517          	auipc	a0,0x1
800045c4:	21450513          	addi	a0,a0,532 # 800057d4 <__FUNCTION__.9+0xf8>
800045c8:	d79fd0ef          	jal	ra,80002340 <rt_assert_handler>
        if (timer->parent.flag & RT_TIMER_FLAG_ACTIVATED)
800045cc:	01144783          	lbu	a5,17(s0)
800045d0:	0017f793          	andi	a5,a5,1
800045d4:	00078c63          	beqz	a5,800045ec <rt_timer_control+0xec>
            _timer_remove(timer);
800045d8:	00040513          	mv	a0,s0
800045dc:	aedff0ef          	jal	ra,800040c8 <_timer_remove>
            timer->parent.flag &= ~RT_TIMER_FLAG_ACTIVATED;
800045e0:	01144783          	lbu	a5,17(s0)
800045e4:	ffe7f793          	andi	a5,a5,-2
800045e8:	00f408a3          	sb	a5,17(s0)
        timer->init_tick = *(rt_tick_t *)arg;
800045ec:	0004a783          	lw	a5,0(s1)
800045f0:	02f42623          	sw	a5,44(s0)
        break;

    default:
        break;
    }
    rt_spin_unlock_irqrestore(spinlock, level);
800045f4:	00098593          	mv	a1,s3
800045f8:	dfc18513          	addi	a0,gp,-516 # 801005fc <_htimer_lock>
800045fc:	c6dfc0ef          	jal	ra,80001268 <rt_spin_unlock_irqrestore>

    return RT_EOK;
}
80004600:	01c12083          	lw	ra,28(sp)
80004604:	01812403          	lw	s0,24(sp)
80004608:	01412483          	lw	s1,20(sp)
8000460c:	01012903          	lw	s2,16(sp)
80004610:	00c12983          	lw	s3,12(sp)
80004614:	00000513          	li	a0,0
80004618:	02010113          	addi	sp,sp,32
8000461c:	00008067          	ret
        timer->parent.flag &= ~RT_TIMER_FLAG_PERIODIC;
80004620:	01144783          	lbu	a5,17(s0)
80004624:	ffd7f793          	andi	a5,a5,-3
        timer->parent.flag |= RT_TIMER_FLAG_PERIODIC;
80004628:	00f408a3          	sb	a5,17(s0)
        break;
8000462c:	fc9ff06f          	j	800045f4 <rt_timer_control+0xf4>
        timer->parent.flag |= RT_TIMER_FLAG_PERIODIC;
80004630:	01144783          	lbu	a5,17(s0)
80004634:	0027e793          	ori	a5,a5,2
80004638:	ff1ff06f          	j	80004628 <rt_timer_control+0x128>
        if(timer->parent.flag & RT_TIMER_FLAG_ACTIVATED)
8000463c:	01144783          	lbu	a5,17(s0)
80004640:	0017f793          	andi	a5,a5,1
80004644:	00078663          	beqz	a5,80004650 <rt_timer_control+0x150>
            *(rt_uint32_t *)arg = RT_TIMER_FLAG_ACTIVATED;
80004648:	00100793          	li	a5,1
8000464c:	f51ff06f          	j	8000459c <rt_timer_control+0x9c>
            *(rt_uint32_t *)arg = RT_TIMER_FLAG_DEACTIVATED;
80004650:	0004a023          	sw	zero,0(s1)
80004654:	fa1ff06f          	j	800045f4 <rt_timer_control+0xf4>
        *(rt_tick_t *)arg =  timer->timeout_tick;
80004658:	03042783          	lw	a5,48(s0)
8000465c:	f41ff06f          	j	8000459c <rt_timer_control+0x9c>
        *(void **)arg = (void *)timer->timeout_func;
80004660:	02442783          	lw	a5,36(s0)
80004664:	f39ff06f          	j	8000459c <rt_timer_control+0x9c>
        timer->timeout_func = (void (*)(void*))arg;
80004668:	02942223          	sw	s1,36(s0)
        break;
8000466c:	f89ff06f          	j	800045f4 <rt_timer_control+0xf4>
        *(void **)arg = timer->parameter;
80004670:	02842783          	lw	a5,40(s0)
80004674:	f29ff06f          	j	8000459c <rt_timer_control+0x9c>
        timer->parameter = arg;
80004678:	02942423          	sw	s1,40(s0)
        break;
8000467c:	f79ff06f          	j	800045f4 <rt_timer_control+0xf4>

80004680 <rt_timer_check>:
 *        the corresponding timeout function will be invoked.
 *
 * @note This function shall be invoked in operating system timer interrupt.
 */
void rt_timer_check(void)
{
80004680:	fc010113          	addi	sp,sp,-64
80004684:	02112e23          	sw	ra,60(sp)
80004688:	02812c23          	sw	s0,56(sp)
8000468c:	02912a23          	sw	s1,52(sp)
80004690:	03212823          	sw	s2,48(sp)
80004694:	03312623          	sw	s3,44(sp)
80004698:	03412423          	sw	s4,40(sp)
8000469c:	03512223          	sw	s5,36(sp)
800046a0:	03612023          	sw	s6,32(sp)
800046a4:	01712e23          	sw	s7,28(sp)
800046a8:	01812c23          	sw	s8,24(sp)
800046ac:	01912a23          	sw	s9,20(sp)
    RT_ASSERT(rt_interrupt_get_nest() > 0);
800046b0:	999fd0ef          	jal	ra,80002048 <rt_interrupt_get_nest>
800046b4:	00051e63          	bnez	a0,800046d0 <rt_timer_check+0x50>
800046b8:	2ee00613          	li	a2,750
800046bc:	00001597          	auipc	a1,0x1
800046c0:	16858593          	addi	a1,a1,360 # 80005824 <__FUNCTION__.0>
800046c4:	00000517          	auipc	a0,0x0
800046c8:	24450513          	addi	a0,a0,580 # 80004908 <small_digits.0+0x38>
800046cc:	c75fd0ef          	jal	ra,80002340 <rt_assert_handler>
    level = rt_spin_lock_irqsave(lock);
800046d0:	dfc18513          	addi	a0,gp,-516 # 801005fc <_htimer_lock>
800046d4:	b69fc0ef          	jal	ra,8000123c <rt_spin_lock_irqsave>
800046d8:	00810913          	addi	s2,sp,8
        if ((current_tick - t->timeout_tick) < RT_TICK_MAX / 2)
800046dc:	80000a37          	lui	s4,0x80000
    level = rt_spin_lock_irqsave(lock);
800046e0:	00050493          	mv	s1,a0
    return l->next == l;
800046e4:	e0418a93          	addi	s5,gp,-508 # 80100604 <_timer_list>
    current_tick = rt_tick_get();
800046e8:	98dfc0ef          	jal	ra,80001074 <rt_tick_get>
        if ((current_tick - t->timeout_tick) < RT_TICK_MAX / 2)
800046ec:	ffea4a13          	xori	s4,s4,-2
    l->next = l->prev = l;
800046f0:	01212623          	sw	s2,12(sp)
800046f4:	01212423          	sw	s2,8(sp)
            RT_OBJECT_HOOK_CALL(rt_timer_enter_hook, (t));
800046f8:	e1018b93          	addi	s7,gp,-496 # 80100610 <rt_timer_enter_hook>
            rt_spin_unlock_irqrestore(lock, level);
800046fc:	dfc18b13          	addi	s6,gp,-516 # 801005fc <_htimer_lock>
            RT_OBJECT_HOOK_CALL(rt_timer_exit_hook, (t));
80004700:	e1418c13          	addi	s8,gp,-492 # 80100614 <rt_timer_exit_hook>
            if ((t->parent.flag & RT_TIMER_FLAG_PERIODIC) &&
80004704:	00300c93          	li	s9,3
    return l->next == l;
80004708:	000aa403          	lw	s0,0(s5)
    while (!rt_list_isempty(&timer_list[RT_TIMER_SKIP_LIST_LEVEL - 1]))
8000470c:	01540c63          	beq	s0,s5,80004724 <rt_timer_check+0xa4>
        current_tick = rt_tick_get();
80004710:	965fc0ef          	jal	ra,80001074 <rt_tick_get>
        if ((current_tick - t->timeout_tick) < RT_TICK_MAX / 2)
80004714:	01442783          	lw	a5,20(s0)
        t = rt_list_entry(timer_list[RT_TIMER_SKIP_LIST_LEVEL - 1].next,
80004718:	fe440993          	addi	s3,s0,-28
        if ((current_tick - t->timeout_tick) < RT_TICK_MAX / 2)
8000471c:	40f50533          	sub	a0,a0,a5
80004720:	04aa7263          	bgeu	s4,a0,80004764 <rt_timer_check+0xe4>
    rt_spin_unlock_irqrestore(lock, level);
80004724:	00048593          	mv	a1,s1
80004728:	dfc18513          	addi	a0,gp,-516 # 801005fc <_htimer_lock>
8000472c:	b3dfc0ef          	jal	ra,80001268 <rt_spin_unlock_irqrestore>
    }
#endif
#ifndef RT_USING_TIMER_ALL_SOFT
    _timer_check(_timer_list, &_htimer_lock);
#endif
}
80004730:	03c12083          	lw	ra,60(sp)
80004734:	03812403          	lw	s0,56(sp)
80004738:	03412483          	lw	s1,52(sp)
8000473c:	03012903          	lw	s2,48(sp)
80004740:	02c12983          	lw	s3,44(sp)
80004744:	02812a03          	lw	s4,40(sp)
80004748:	02412a83          	lw	s5,36(sp)
8000474c:	02012b03          	lw	s6,32(sp)
80004750:	01c12b83          	lw	s7,28(sp)
80004754:	01812c03          	lw	s8,24(sp)
80004758:	01412c83          	lw	s9,20(sp)
8000475c:	04010113          	addi	sp,sp,64
80004760:	00008067          	ret
            RT_OBJECT_HOOK_CALL(rt_timer_enter_hook, (t));
80004764:	000ba783          	lw	a5,0(s7)
80004768:	00078663          	beqz	a5,80004774 <rt_timer_check+0xf4>
8000476c:	00098513          	mv	a0,s3
80004770:	000780e7          	jalr	a5 # 80000000 <__rt_rvstack+0xffec0000>
            _timer_remove(t);
80004774:	00098513          	mv	a0,s3
80004778:	951ff0ef          	jal	ra,800040c8 <_timer_remove>
            if (!(t->parent.flag & RT_TIMER_FLAG_PERIODIC))
8000477c:	ff544783          	lbu	a5,-11(s0)
80004780:	0027f713          	andi	a4,a5,2
80004784:	00071663          	bnez	a4,80004790 <rt_timer_check+0x110>
                t->parent.flag &= ~RT_TIMER_FLAG_ACTIVATED;
80004788:	ffe7f793          	andi	a5,a5,-2
8000478c:	fef40aa3          	sb	a5,-11(s0)
    l->next->prev = n;
80004790:	00812783          	lw	a5,8(sp)
            rt_spin_unlock_irqrestore(lock, level);
80004794:	00048593          	mv	a1,s1
80004798:	000b0513          	mv	a0,s6
8000479c:	0087a223          	sw	s0,4(a5)
    n->next = l->next;
800047a0:	00f42023          	sw	a5,0(s0)
    n->prev = l;
800047a4:	01242223          	sw	s2,4(s0)
    l->next = n;
800047a8:	00812423          	sw	s0,8(sp)
800047ac:	abdfc0ef          	jal	ra,80001268 <rt_spin_unlock_irqrestore>
            t->timeout_func(t->parameter);
800047b0:	00842783          	lw	a5,8(s0)
800047b4:	00c42503          	lw	a0,12(s0)
800047b8:	000780e7          	jalr	a5
            RT_OBJECT_HOOK_CALL(rt_timer_exit_hook, (t));
800047bc:	000c2783          	lw	a5,0(s8)
800047c0:	00078663          	beqz	a5,800047cc <rt_timer_check+0x14c>
800047c4:	00098513          	mv	a0,s3
800047c8:	000780e7          	jalr	a5
            level = rt_spin_lock_irqsave(lock);
800047cc:	000b0513          	mv	a0,s6
800047d0:	a6dfc0ef          	jal	ra,8000123c <rt_spin_lock_irqsave>
            if (rt_list_isempty(&list))
800047d4:	00812783          	lw	a5,8(sp)
            level = rt_spin_lock_irqsave(lock);
800047d8:	00050493          	mv	s1,a0
            if (rt_list_isempty(&list))
800047dc:	f32786e3          	beq	a5,s2,80004708 <rt_timer_check+0x88>
    n->next->prev = n->prev;
800047e0:	00042703          	lw	a4,0(s0)
800047e4:	00442783          	lw	a5,4(s0)
800047e8:	00f72223          	sw	a5,4(a4)
    n->prev->next = n->next;
800047ec:	00e7a023          	sw	a4,0(a5)
            if ((t->parent.flag & RT_TIMER_FLAG_PERIODIC) &&
800047f0:	ff544783          	lbu	a5,-11(s0)
    n->next = n->prev = n;
800047f4:	00842223          	sw	s0,4(s0)
800047f8:	00842023          	sw	s0,0(s0)
800047fc:	0037f713          	andi	a4,a5,3
80004800:	f19714e3          	bne	a4,s9,80004708 <rt_timer_check+0x88>
                t->parent.flag &= ~RT_TIMER_FLAG_ACTIVATED;
80004804:	ffe7f793          	andi	a5,a5,-2
80004808:	fef40aa3          	sb	a5,-11(s0)
                _timer_start(timer_list, t);
8000480c:	00098513          	mv	a0,s3
80004810:	8d9ff0ef          	jal	ra,800040e8 <_timer_start.constprop.0>
80004814:	ef5ff06f          	j	80004708 <rt_timer_check+0x88>

80004818 <rt_system_timer_init>:
    l->next = l->prev = l;
80004818:	e0418793          	addi	a5,gp,-508 # 80100604 <_timer_list>
8000481c:	00f7a223          	sw	a5,4(a5)
80004820:	00f7a023          	sw	a5,0(a5)
    for (i = 0; i < sizeof(_timer_list) / sizeof(_timer_list[0]); i++)
    {
        rt_list_init(_timer_list + i);
    }

    rt_spin_lock_init(&_htimer_lock);
80004824:	dfc18513          	addi	a0,gp,-516 # 801005fc <_htimer_lock>
80004828:	a05fc06f          	j	8000122c <rt_spin_lock_init>

8000482c <rt_system_timer_thread_init>:
                   10);

    /* startup */
    rt_thread_startup(&_timer_thread);
#endif /* RT_USING_TIMER_SOFT */
}
8000482c:	00008067          	ret
80004830:	6e28                	flw	fa0,88(a2)
80004832:	6c75                	lui	s8,0x1d
80004834:	296c                	fld	fa1,208(a0)
80004836:	0000                	unimp
80004838:	c59c                	sw	a5,8(a1)
8000483a:	ffff                	0xffff
8000483c:	c304                	sw	s1,0(a4)
8000483e:	ffff                	0xffff
80004840:	c304                	sw	s1,0(a4)
80004842:	ffff                	0xffff
80004844:	c304                	sw	s1,0(a4)
80004846:	ffff                	0xffff
80004848:	c304                	sw	s1,0(a4)
8000484a:	ffff                	0xffff
8000484c:	c304                	sw	s1,0(a4)
8000484e:	ffff                	0xffff
80004850:	c304                	sw	s1,0(a4)
80004852:	ffff                	0xffff
80004854:	c304                	sw	s1,0(a4)
80004856:	ffff                	0xffff
80004858:	c304                	sw	s1,0(a4)
8000485a:	ffff                	0xffff
8000485c:	c304                	sw	s1,0(a4)
8000485e:	ffff                	0xffff
80004860:	c5bc                	sw	a5,72(a1)
80004862:	ffff                	0xffff
80004864:	c384                	sw	s1,0(a5)
80004866:	ffff                	0xffff
80004868:	c5a8                	sw	a0,72(a1)
8000486a:	ffff                	0xffff
8000486c:	c2f8                	sw	a4,68(a3)
8000486e:	ffff                	0xffff
80004870:	c2f8                	sw	a4,68(a3)
80004872:	ffff                	0xffff
80004874:	c2f8                	sw	a4,68(a3)
80004876:	ffff                	0xffff
80004878:	c304                	sw	s1,0(a4)
8000487a:	ffff                	0xffff
8000487c:	c5a8                	sw	a0,72(a1)
8000487e:	ffff                	0xffff
80004880:	c304                	sw	s1,0(a4)
80004882:	ffff                	0xffff
80004884:	c304                	sw	s1,0(a4)
80004886:	ffff                	0xffff
80004888:	c304                	sw	s1,0(a4)
8000488a:	ffff                	0xffff
8000488c:	c304                	sw	s1,0(a4)
8000488e:	ffff                	0xffff
80004890:	c304                	sw	s1,0(a4)
80004892:	ffff                	0xffff
80004894:	c580                	sw	s0,8(a1)
80004896:	ffff                	0xffff
80004898:	c554                	sw	a3,12(a0)
8000489a:	ffff                	0xffff
8000489c:	c304                	sw	s1,0(a4)
8000489e:	ffff                	0xffff
800048a0:	c304                	sw	s1,0(a4)
800048a2:	ffff                	0xffff
800048a4:	c468                	sw	a0,76(s0)
800048a6:	ffff                	0xffff
800048a8:	c304                	sw	s1,0(a4)
800048aa:	ffff                	0xffff
800048ac:	c5ac                	sw	a1,72(a1)
800048ae:	ffff                	0xffff
800048b0:	c304                	sw	s1,0(a4)
800048b2:	ffff                	0xffff
800048b4:	c304                	sw	s1,0(a4)
800048b6:	ffff                	0xffff
800048b8:	c5a0                	sw	s0,72(a1)
800048ba:	ffff                	0xffff

800048bc <large_digits.1>:
800048bc:	3130 3332 3534 3736 3938 4241 4443 4645     0123456789ABCDEF
800048cc:	0000 0000                                   ....

800048d0 <small_digits.0>:
800048d0:	3130 3332 3534 3736 3938 6261 6463 6665     0123456789abcdef
800048e0:	0000 0000 5452 542d 7268 6165 2f64 7573     ....RT-Thread/su
800048f0:	6570 5372 6163 616c 2072 6574 7473 7320     perScalar test s
80004900:	6174 7472 000a 0000 7472 695f 746e 7265     tart....rt_inter
80004910:	7572 7470 675f 7465 6e5f 7365 2874 2029     rupt_get_nest() 
80004920:	203e 0030                                   > 0.

80004924 <__FUNCTION__.1>:
80004924:	7472 745f 6369 5f6b 6e69 7263 6165 6573     rt_tick_increase
80004934:	0000 0000 616d 6e69 0000 0000 6974 2064     ....main....tid 
80004944:	3d21 5220 5f54 554e 4c4c 0000               != RT_NULL..

80004950 <__FUNCTION__.0>:
80004950:	7472 615f 7070 696c 6163 6974 6e6f 695f     rt_application_i
80004960:	696e 0074 6974 6c64 2565 0064 6573 206d     nit.tidle%d.sem 
80004970:	3d21 5220 5f54 554e 4c4c 0000 7472 6f5f     != RT_NULL..rt_o
80004980:	6a62 6365 5f74 6567 5f74 7974 6570 2628     bject_get_type(&
80004990:	6573 2d6d 703e 7261 6e65 2e74 6170 6572     sem->parent.pare
800049a0:	746e 2029 3d3d 5220 5f54 624f 656a 7463     nt) == RT_Object
800049b0:	435f 616c 7373 535f 6d65 7061 6f68 6572     _Class_Semaphore
800049c0:	0000 0000 7546 636e 6974 6e6f 255b 5d73     ....Function[%s]
800049d0:	203a 6373 6568 7564 656c 2072 7369 6e20     : scheduler is n
800049e0:	746f 6120 6176 6c69 6261 656c 000a 0000     ot available....
800049f0:	7546 636e 6974 6e6f 255b 5d73 7320 6168     Function[%s] sha
80004a00:	6c6c 6e20 746f 6220 2065 7375 6465 6220     ll not be used b
80004a10:	6665 726f 2065 6373 6568 7564 656c 2072     efore scheduler 
80004a20:	7473 7261 0a74 0000 7546 636e 6974 6e6f     start...Function
80004a30:	255b 5d73 7320 6168 6c6c 6e20 746f 6220     [%s] shall not b
80004a40:	2065 7375 6465 6920 206e 5349 0a52 0000     e used in ISR...
80004a50:	756d 6574 2078 3d21 5220 5f54 554e 4c4c     mutex != RT_NULL
80004a60:	0000 0000 7472 6f5f 6a62 6365 5f74 6567     ....rt_object_ge
80004a70:	5f74 7974 6570 2628 756d 6574 2d78 703e     t_type(&mutex->p
80004a80:	7261 6e65 2e74 6170 6572 746e 2029 3d3d     arent.parent) ==
80004a90:	5220 5f54 624f 656a 7463 435f 616c 7373      RT_Object_Class
80004aa0:	4d5f 7475 7865 0000 6874 6572 6461 3e2d     _Mutex..thread->
80004ab0:	7265 6f72 2072 3d3d 5220 5f54 4f45 004b     error == RT_EOK.
80004ac0:	6874 6572 6461 2120 203d 5452 4e5f 4c55     thread != RT_NUL
80004ad0:	004c 0000 6874 6572 6461 3e2d 6570 646e     L...thread->pend
80004ae0:	6e69 5f67 626f 656a 7463 3d20 203d 6d26     ing_object == &m
80004af0:	7475 7865 3e2d 6170 6572 746e 702e 7261     utex->parent.par
80004b00:	6e65 0074 7472 735f 6863 6465 745f 7268     ent.rt_sched_thr
80004b10:	6165 5f64 7369 735f 7375 6570 646e 6465     ead_is_suspended
80004b20:	6e28 7865 5f74 6874 6572 6461 0029 0000     (next_thread)...

80004b30 <__FUNCTION__.23>:
80004b30:	7472 6d5f 7475 7865 725f 6c65 6165 6573     rt_mutex_release
80004b40:	0000 0000                                   ....

80004b44 <__FUNCTION__.24>:
80004b44:	725f 5f74 756d 6574 5f78 6174 656b 0000     _rt_mutex_take..

80004b54 <__FUNCTION__.29>:
80004b54:	7472 6d5f 7475 7865 645f 6f72 5f70 6874     rt_mutex_drop_th
80004b64:	6572 6461 0000 0000                         read....

80004b6c <__FUNCTION__.31>:
80004b6c:	7472 6d5f 7475 7865 695f 696e 0074 0000     rt_mutex_init...

80004b7c <__FUNCTION__.39>:
80004b7c:	7472 735f 7375 5f70 696c 7473 655f 716e     rt_susp_list_enq
80004b8c:	6575 6575 0000 0000 5b1b 3333 5b6d 2f57     ueue.....[33m[W/
80004b9c:	656b 6e72 6c65 732e 7265 6976 6563 205d     kernel.service] 
80004bac:	0000 0000 7472 685f 5f77 7375 645f 6c65     ....rt_hw_us_del
80004bbc:	7961 2928 6420 656f 6e73 7427 7320 7075     ay() doesn't sup
80004bcc:	6f70 7472 6620 726f 7420 6968 2073 6f62     port for this bo
80004bdc:	7261 2e64 6c50 6165 6573 6320 6e6f 6973     ard.Please consi
80004bec:	6564 2072 6d69 6c70 6d65 6e65 6974 676e     der implementing
80004bfc:	7220 5f74 7768 755f 5f73 6564 616c 2879      rt_hw_us_delay(
80004c0c:	2029 6e69 6120 6f6e 6874 7265 6620 6c69     ) in another fil
80004c1c:	2e65 0000 5b1b 6d30 000a 0000 7325 6920     e....[0m....%s i
80004c2c:	2073 6f6e 2074 6d69 6c70 6d65 6e65 6574     s not implemente
80004c3c:	0064 0000 200a 205c 207c 0a2f 0000 0000     d.... \ | /.....
80004c4c:	202d 5452 2d20 2020 2020 5420 7268 6165     - RT -     Threa
80004c5c:	2064 614e 6f6e 4f20 6570 6172 6974 676e     d Nano Operating
80004c6c:	5320 7379 6574 0a6d 0000 0000 3332 343a      System.....23:4
80004c7c:	3a39 3131 0000 0000 754a 206c 3732 3220     9:11....Jul 27 2
80004c8c:	3230 0036 2f20 7c20 5c20 2020 2020 2520     026. / | \     %
80004c9c:	2e64 6425 252e 2064 7562 6c69 2064 7325     d.%d.%d build %s
80004cac:	2520 0a73 0000 0000 3220 3030 2036 202d      %s..... 2006 - 
80004cbc:	3032 3432 4320 706f 7279 6769 7468 6220     2024 Copyright b
80004ccc:	2079 5452 542d 7268 6165 2064 6574 6d61     y RT-Thread team
80004cdc:	000a 0000 6c70 6165 6573 7520 6573 203a     ....please use: 
80004cec:	6461 7264 6c32 6e69 2065 652d 7220 7474     addr2line -e rtt
80004cfc:	7268 6165 2e64 6c65 2066 612d 2d20 0a66     hread.elf -a -f.
80004d0c:	0000 0000 3020 2578 786c 0000 2528 2973     .... 0x%lx..(%s)
80004d1c:	6120 7373 7265 6974 6e6f 6620 6961 656c      assertion faile
80004d2c:	2064 7461 6620 6e75 7463 6f69 3a6e 7325     d at function:%s
80004d3c:	202c 696c 656e 6e20 6d75 6562 3a72 6425     , line number:%d
80004d4c:	0a20 0000 6e65 5f64 6c61 6769 206e 203e      ...end_align > 
80004d5c:	6562 6967 5f6e 6c61 6769 006e 6568 7061     begin_align.heap
80004d6c:	0000 0000 656c 6576 206c 3d3d 5220 5f54     ....level == RT_
80004d7c:	4f45 004b                                   EOK.

80004d80 <__FUNCTION__.0>:
80004d80:	685f 6165 5f70 6e75 6f6c 6b63 0000 0000     _heap_unlock....

80004d90 <__FUNCTION__.1>:
80004d90:	7472 735f 7379 6574 5f6d 6568 7061 695f     rt_system_heap_i
80004da0:	696e 5f74 6567 656e 6972 0063               nit_generic.

80004dac <__func__.4>:
80004dac:	7472 685f 5f77 6162 6b63 7274 6361 5f65     rt_hw_backtrace_
80004dbc:	7266 6d61 5f65 6e75 6977 646e 0000 0000     frame_unwind....

80004dcc <__lowest_bit_bitmap>:
80004dcc:	0000 0001 0002 0001 0003 0001 0002 0001     ................
80004ddc:	0004 0001 0002 0001 0003 0001 0002 0001     ................
80004dec:	0005 0001 0002 0001 0003 0001 0002 0001     ................
80004dfc:	0004 0001 0002 0001 0003 0001 0002 0001     ................
80004e0c:	0006 0001 0002 0001 0003 0001 0002 0001     ................
80004e1c:	0004 0001 0002 0001 0003 0001 0002 0001     ................
80004e2c:	0005 0001 0002 0001 0003 0001 0002 0001     ................
80004e3c:	0004 0001 0002 0001 0003 0001 0002 0001     ................
80004e4c:	0007 0001 0002 0001 0003 0001 0002 0001     ................
80004e5c:	0004 0001 0002 0001 0003 0001 0002 0001     ................
80004e6c:	0005 0001 0002 0001 0003 0001 0002 0001     ................
80004e7c:	0004 0001 0002 0001 0003 0001 0002 0001     ................
80004e8c:	0006 0001 0002 0001 0003 0001 0002 0001     ................
80004e9c:	0004 0001 0002 0001 0003 0001 0002 0001     ................
80004eac:	0005 0001 0002 0001 0003 0001 0002 0001     ................
80004ebc:	0004 0001 0002 0001 0003 0001 0002 0001     ................
80004ecc:	7228 5f74 6975 746e 5f38 2074 292a 656d     (rt_uint8_t *)me
80004edc:	206d 3d3e 6d20 3e2d 6568 7061 705f 7274     m >= m->heap_ptr
80004eec:	0000 0000 7228 5f74 6975 746e 5f38 2074     ....(rt_uint8_t 
80004efc:	292a 656d 206d 203c 7228 5f74 6975 746e     *)mem < (rt_uint
80004f0c:	5f38 2074 292a 2d6d 683e 6165 5f70 6e65     8_t *)m->heap_en
80004f1c:	0064 0000 6d73 6c61 006c 0000 656d 206d     d...small...mem 
80004f2c:	6e69 7469 202c 7265 6f72 2072 6562 6967     init, error begi
80004f3c:	206e 6461 7264 7365 2073 7830 7825 202c     n address 0x%x, 
80004f4c:	6e61 2064 6e65 2064 6461 7264 7365 2073     and end address 
80004f5c:	7830 7825 000a 0000 7472 6f5f 6a62 6365     0x%x....rt_objec
80004f6c:	5f74 6567 5f74 7974 6570 2628 2d6d 703e     t_get_type(&m->p
80004f7c:	7261 6e65 2974 3d20 203d 5452 4f5f 6a62     arent) == RT_Obj
80004f8c:	6365 5f74 6c43 7361 5f73 654d 6f6d 7972     ect_Class_Memory
80004f9c:	0000 0000 7472 6f5f 6a62 6365 5f74 7369     ....rt_object_is
80004fac:	735f 7379 6574 6f6d 6a62 6365 2874 6d26     _systemobject(&m
80004fbc:	3e2d 6170 6572 746e 0029 0000 7228 5f74     ->parent)...(rt_
80004fcc:	6975 746e 7470 5f72 2974 656d 206d 202b     uintptr_t)mem + 
80004fdc:	4953 455a 464f 535f 5254 4355 5f54 454d     SIZEOF_STRUCT_ME
80004fec:	204d 202b 6973 657a 3c20 203d 7228 5f74     M + size <= (rt_
80004ffc:	6975 746e 7470 5f72 2974 6d73 6c61 5f6c     uintptr_t)small_
8000500c:	656d 2d6d 683e 6165 5f70 6e65 0064 0000     mem->heap_end...
8000501c:	7228 5f74 6975 746e 7470 5f72 2974 2828     (rt_uintptr_t)((
8000502c:	7472 755f 6e69 3874 745f 2a20 6d29 6d65     rt_uint8_t *)mem
8000503c:	2b20 5320 5a49 4f45 5f46 5453 5552 5443      + SIZEOF_STRUCT
8000504c:	4d5f 4d45 2029 2025 5452 415f 494c 4e47     _MEM) % RT_ALIGN
8000505c:	535f 5a49 2045 3d3d 3020 0000 2828 7228     _SIZE == 0..(((r
8000506c:	5f74 6975 746e 7470 5f72 2974 656d 296d     t_uintptr_t)mem)
8000507c:	2620 2820 5452 415f 494c 4e47 535f 5a49      & (RT_ALIGN_SIZ
8000508c:	2045 202d 2931 2029 3d3d 3020 0000 0000     E - 1)) == 0....
8000509c:	2828 7228 5f74 6975 746e 7470 5f72 2974     (((rt_uintptr_t)
800050ac:	6d72 6d65 2029 2026 5228 5f54 4c41 4749     rmem) & (RT_ALIG
800050bc:	5f4e 4953 455a 2d20 3120 2929 3d20 203d     N_SIZE - 1)) == 
800050cc:	0030 0000 6d73 6c61 5f6c 656d 206d 3d21     0...small_mem !=
800050dc:	5220 5f54 554e 4c4c 0000 0000 454d 5f4d      RT_NULL....MEM_
800050ec:	5349 5355 4445 6d28 6d65 0029 7472 6f5f     ISUSED(mem).rt_o
800050fc:	6a62 6365 5f74 6567 5f74 7974 6570 2628     bject_get_type(&
8000510c:	6d73 6c61 5f6c 656d 2d6d 703e 7261 6e65     small_mem->paren
8000511c:	2e74 6170 6572 746e 2029 3d3d 5220 5f54     t.parent) == RT_
8000512c:	624f 656a 7463 435f 616c 7373 4d5f 6d65     Object_Class_Mem
8000513c:	726f 0079 7472 6f5f 6a62 6365 5f74 7369     ory.rt_object_is
8000514c:	735f 7379 6574 6f6d 6a62 6365 2874 7326     _systemobject(&s
8000515c:	616d 6c6c 6d5f 6d65 3e2d 6170 6572 746e     mall_mem->parent
8000516c:	702e 7261 6e65 2974 0000 0000 7228 5f74     .parent)....(rt_
8000517c:	6975 746e 5f38 2074 292a 6d72 6d65 3e20     uint8_t *)rmem >
8000518c:	203d 7228 5f74 6975 746e 5f38 2074 292a     = (rt_uint8_t *)
8000519c:	6d73 6c61 5f6c 656d 2d6d 683e 6165 5f70     small_mem->heap_
800051ac:	7470 2072 2626 2820 7472 755f 6e69 3874     ptr && (rt_uint8
800051bc:	745f 2a20 7229 656d 206d 203c 7228 5f74     _t *)rmem < (rt_
800051cc:	6975 746e 5f38 2074 292a 6d73 6c61 5f6c     uint8_t *)small_
800051dc:	656d 2d6d 683e 6165 5f70 6e65 0064 0000     mem->heap_end...
800051ec:	454d 5f4d 4f50 4c4f 2628 6d73 6c61 5f6c     MEM_POOL(&small_
800051fc:	656d 2d6d 683e 6165 5f70 7470 5b72 656d     mem->heap_ptr[me
8000520c:	2d6d 6e3e 7865 5d74 2029 3d3d 7320 616d     m->next]) == sma
8000521c:	6c6c 6d5f 6d65 0000                         ll_mem..

80005224 <__FUNCTION__.0>:
80005224:	7472 735f 656d 5f6d 7266 6565 0000 0000     rt_smem_free....

80005234 <__FUNCTION__.1>:
80005234:	6c70 6775 685f 6c6f 7365 0000               plug_holes..

80005240 <__FUNCTION__.3>:
80005240:	7472 735f 656d 5f6d 6c61 6f6c 0063 0000     rt_smem_alloc...
80005250:	6e69 6f66 6d72 7461 6f69 206e 3d21 5220     information != R
80005260:	5f54 554e 4c4c 0000 626f 206a 3d21 6f20     T_NULL..obj != o
80005270:	6a62 6365 0074 0000 5b1b 3133 5b6d 2f45     bject....[31m[E/
80005280:	656b 6e72 6c65 6f2e 6a62 205d 0000 0000     kernel.obj] ....
80005290:	624f 656a 7463 6e20 6d61 2065 7325 6520     Object name %s e
800052a0:	6378 6565 7364 5220 5f54 414e 454d 4d5f     xceeds RT_NAME_M
800052b0:	5841 253d 2c64 6320 6e6f 6973 6564 2072     AX=%d, consider 
800052c0:	6e69 7263 6165 6973 676e 5220 5f54 414e     increasing RT_NA
800052d0:	454d 4d5f 5841 002e 626f 656a 7463 2120     ME_MAX..object !
800052e0:	203d 5452 4e5f 4c55 004c 0000 2821 626f     = RT_NULL...!(ob
800052f0:	656a 7463 3e2d 7974 6570 2620 5220 5f54     ject->type & RT_
80005300:	624f 656a 7463 435f 616c 7373 535f 6174     Object_Class_Sta
80005310:	6974 2963 0000 0000                         tic)....

80005318 <__FUNCTION__.2>:
80005318:	7472 6f5f 6a62 6365 5f74 6567 5f74 7974     rt_object_get_ty
80005328:	6570 0000                                   pe..

8000532c <__FUNCTION__.3>:
8000532c:	7472 6f5f 6a62 6365 5f74 7369 735f 7379     rt_object_is_sys
8000533c:	6574 6f6d 6a62 6365 0074 0000               temobject...

80005348 <__FUNCTION__.4>:
80005348:	7472 6f5f 6a62 6365 5f74 6564 656c 6574     rt_object_delete
80005358:	0000 0000                                   ....

8000535c <__FUNCTION__.5>:
8000535c:	7472 6f5f 6a62 6365 5f74 6c61 6f6c 6163     rt_object_alloca
8000536c:	6574 0000                                   te..

80005370 <__FUNCTION__.6>:
80005370:	7472 6f5f 6a62 6365 5f74 6564 6174 6863     rt_object_detach
80005380:	0000 0000                                   ....

80005384 <__FUNCTION__.7>:
80005384:	7472 6f5f 6a62 6365 5f74 6e69 7469 0000     rt_object_init..
80005394:	7270 6f69 6972 7974 3c20 5220 5f54 4854     priority < RT_TH
800053a4:	4552 4441 505f 4952 524f 5449 5f59 414d     READ_PRIORITY_MA
800053b4:	0058 0000 5b1b 3133 5b6d 2f45 656b 6e72     X....[31m[E/kern
800053c4:	6c65 732e 6863 6465 205d 0000 6874 6572     el.sched] ..thre
800053d4:	6461 253a 2073 7473 6361 206b 766f 7265     ad:%s stack over
800053e4:	6c66 776f 000a 0000 5b1b 3333 5b6d 2f57     flow.....[33m[W/
800053f4:	656b 6e72 6c65 732e 6863 6465 205d 0000     kernel.sched] ..
80005404:	6177 6e72 6e69 3a67 2520 2073 7473 6361     warning: %s stac
80005414:	206b 7369 6320 6f6c 6573 7420 206f 6e65     k is close to en
80005424:	2064 666f 7320 6174 6b63 6120 6464 6572     d of stack addre
80005434:	7373 0a2e 0000 0000                         ss......

8000543c <__FUNCTION__.0>:
8000543c:	7472 735f 6863 6465 6c75 7265 735f 6174     rt_scheduler_sta
8000544c:	6b63 635f 6568 6b63 0000 0000               ck_check....

80005458 <__FUNCTION__.1>:
80005458:	725f 5f74 6373 6568 5f64 7075 6164 6574     _rt_sched_update
80005468:	705f 6972 726f 7469 0079 0000               _priority...

80005474 <__FUNCTION__.0>:
80005474:	7472 735f 6863 6465 725f 6d65 766f 5f65     rt_sched_remove_
80005484:	6874 6572 6461 0000                         thread..

8000548c <__FUNCTION__.1>:
8000548c:	7472 735f 6863 6465 695f 736e 7265 5f74     rt_sched_insert_
8000549c:	6874 6572 6461 0000                         thread..

800054a4 <__FUNCTION__.2>:
800054a4:	7472 735f 6863 6465 745f 7268 6165 5f64     rt_sched_thread_
800054b4:	6e69 7469 705f 6972 0076 0000 7472 6f5f     init_priv...rt_o
800054c4:	6a62 6365 5f74 6567 5f74 7974 6570 2828     bject_get_type((
800054d4:	7472 6f5f 6a62 6365 5f74 2974 6874 6572     rt_object_t)thre
800054e4:	6461 2029 3d3d 5220 5f54 624f 656a 7463     ad) == RT_Object
800054f4:	435f 616c 7373 545f 7268 6165 0064 0000     _Class_Thread...
80005504:	7472 735f 6863 6465 745f 7268 6165 5f64     rt_sched_thread_
80005514:	7369 735f 7375 6570 646e 6465 7428 7268     is_suspended(thr
80005524:	6165 2964 0000 0000 7473 6361 5f6b 7473     ead)....stack_st
80005534:	7261 2074 3d21 5220 5f54 554e 4c4c 0000     art != RT_NULL..
80005544:	6974 6b63 2120 203d 0030 0000 6874 6572     tick != 0...thre
80005554:	6461 2120 203d 7472 745f 7268 6165 5f64     ad != rt_thread_
80005564:	6573 666c 2928 7c20 207c 7472 635f 6972     self() || rt_cri
80005574:	6974 6163 5f6c 656c 6576 286c 0029 0000     tical_level()...
80005584:	7221 5f74 6874 6572 6461 695f 5f73 6469     !rt_thread_is_id
80005594:	656c 745f 7268 6165 2864 6874 6572 6461     le_thread(thread
800055a4:	0029 0000 5b1b 3333 5b6d 2f57 656b 6e72     )....[33m[W/kern
800055b4:	6c65 742e 7268 6165 5d64 0020 6874 6572     el.thread] .thre
800055c4:	6461 7320 7375 6570 646e 203a 6874 6572     ad suspend: thre
800055d4:	6461 6420 7369 726f 6564 2c72 3020 2578     ad disorder, 0x%
800055e4:	3230 0078 6874 6572 6461 3d20 203d 7472     02x.thread == rt
800055f4:	745f 7268 6165 5f64 6573 666c 2928 0000     _thread_self()..
80005604:	5228 5f54 4353 4548 5f44 5443 2858 6874     (RT_SCHED_CTX(th
80005614:	6572 6461 2e29 7473 7461 2620 5220 5f54     read).stat & RT_
80005624:	4854 4552 4441 535f 4154 5f54 414d 4b53     THREAD_STAT_MASK
80005634:	2029 3d3d 5220 5f54 4854 4552 4441 495f     ) == RT_THREAD_I
80005644:	494e 0054                                   NIT.

80005648 <__FUNCTION__.0>:
80005648:	7472 745f 7268 6165 5f64 6572 7573 656d     rt_thread_resume
80005658:	0000 0000                                   ....

8000565c <__FUNCTION__.1>:
8000565c:	745f 7268 6165 5f64 6573 5f74 7573 7073     _thread_set_susp
8000566c:	6e65 5f64 7473 7461 0065 0000               end_state...

80005678 <__FUNCTION__.10>:
80005678:	7472 745f 7268 6165 5f64 7473 7261 7574     rt_thread_startu
80005688:	0070 0000                                   p...

8000568c <__FUNCTION__.11>:
8000568c:	745f 7268 6165 5f64 6974 656d 756f 0074     _thread_timeout.

8000569c <__FUNCTION__.12>:
8000569c:	7472 745f 7268 6165 5f64 6e69 7469 0000     rt_thread_init..

800056ac <__FUNCTION__.2>:
800056ac:	7472 745f 7268 6165 5f64 7573 7073 6e65     rt_thread_suspen
800056bc:	5f64 6f74 6c5f 7369 0074 0000               d_to_list...

800056c8 <__FUNCTION__.7>:
800056c8:	7472 745f 7268 6165 5f64 7263 6165 6574     rt_thread_create
800056d8:	0000 0000                                   ....

800056dc <__FUNCTION__.9>:
800056dc:	7472 745f 7268 6165 5f64 6c63 736f 0065     rt_thread_close.
800056ec:	6974 656d 2072 3d21 5220 5f54 554e 4c4c     timer != RT_NULL
800056fc:	0000 0000 6974 656d 756f 2074 3d21 5220     ....timeout != R
8000570c:	5f54 554e 4c4c 0000 6974 656d 3c20 5220     T_NULL..time < R
8000571c:	5f54 4954 4b43 4d5f 5841 2f20 3220 0000     T_TICK_MAX / 2..
8000572c:	7472 6f5f 6a62 6365 5f74 6567 5f74 7974     rt_object_get_ty
8000573c:	6570 2628 6974 656d 2d72 703e 7261 6e65     pe(&timer->paren
8000574c:	2974 3d20 203d 5452 4f5f 6a62 6365 5f74     t) == RT_Object_
8000575c:	6c43 7361 5f73 6954 656d 0072 7472 6f5f     Class_Timer.rt_o
8000576c:	6a62 6365 5f74 7369 735f 7379 6574 6f6d     bject_is_systemo
8000577c:	6a62 6365 2874 7426 6d69 7265 3e2d 6170     bject(&timer->pa
8000578c:	6572 746e 0029 0000 7472 6f5f 6a62 6365     rent)...rt_objec
8000579c:	5f74 6567 5f74 7974 6570 2628 6874 6572     t_get_type(&thre
800057ac:	6461 3e2d 6170 6572 746e 2029 3d3d 5220     ad->parent) == R
800057bc:	5f54 624f 656a 7463 435f 616c 7373 545f     T_Object_Class_T
800057cc:	7268 6165 0064 0000 2a28 7228 5f74 6974     hread...(*(rt_ti
800057dc:	6b63 745f 2a20 6129 6772 2029 203c 5452     ck_t *)arg) < RT
800057ec:	545f 4349 5f4b 414d 2058 202f 0032 0000     _TICK_MAX / 2...
800057fc:	eda8 ffff ed9c ffff ee24 ffff ee34 ffff     ........$...4...
8000580c:	ee40 ffff ee5c ffff ee64 ffff ee6c ffff     @...\...d...l...
8000581c:	ee74 ffff ee7c ffff                         t...|...

80005824 <__FUNCTION__.0>:
80005824:	7472 745f 6d69 7265 635f 6568 6b63 0000     rt_timer_check..

80005834 <__FUNCTION__.1>:
80005834:	7472 745f 6d69 7265 635f 6e6f 7274 6c6f     rt_timer_control
80005844:	0000 0000                                   ....

80005848 <__FUNCTION__.2>:
80005848:	7472 745f 6d69 7265 735f 6f74 0070 0000     rt_timer_stop...

80005858 <__FUNCTION__.4>:
80005858:	7472 745f 6d69 7265 735f 6174 7472 0000     rt_timer_start..

80005868 <__FUNCTION__.7>:
80005868:	7472 745f 6d69 7265 645f 7465 6361 0068     rt_timer_detach.

80005878 <__FUNCTION__.8>:
80005878:	7472 745f 6d69 7265 695f 696e 0074 0000     rt_timer_init...

80005888 <__rt_init_rti_start>:
80005888:	1104 8000                                   ....

8000588c <__rt_init_rti_board_start>:
8000588c:	1114 8000                                   ....

80005890 <__rt_init_rti_board_end>:
80005890:	111c 8000                                   ....

80005894 <__rt_init_rti_end>:
80005894:	110c 8000                                   ....
