
/home/hw/superScalar/data/rtthread-preempt/rtthread.elf:     file format elf32-littleriscv


Disassembly of section .text:

80000000 <_start>:
    .globl _start
    .type _start, @function
_start:
    .option push
    .option norelax
    la gp, __global_pointer$
80000000:	00101197          	auipc	gp,0x101
80000004:	80018193          	addi	gp,gp,-2048 # 80100800 <__global_pointer$>
    .option pop
    la sp, __stack_top
80000008:	00140117          	auipc	sp,0x140
8000000c:	ff810113          	addi	sp,sp,-8 # 80140000 <__rt_rvstack>

    la a0, __data_load_start
80000010:	00006517          	auipc	a0,0x6
80000014:	b5c50513          	addi	a0,a0,-1188 # 80005b6c <__rt_init_end>
    la a1, __data_start
80000018:	00100597          	auipc	a1,0x100
8000001c:	fe858593          	addi	a1,a1,-24 # 80100000 <_rt_thread_defunct>
    la a2, __data_end
80000020:	8fc18613          	addi	a2,gp,-1796 # 801000fc <__data_end>
1:  bgeu a1, a2, 2f
80000024:	00c5fc63          	bgeu	a1,a2,8000003c <_start+0x3c>
    lw t0, 0(a0)
80000028:	00052283          	lw	t0,0(a0)
    sw t0, 0(a1)
8000002c:	0055a023          	sw	t0,0(a1)
    addi a0, a0, 4
80000030:	00450513          	addi	a0,a0,4
    addi a1, a1, 4
80000034:	00458593          	addi	a1,a1,4
    j 1b
80000038:	fedff06f          	j	80000024 <_start+0x24>
2:  la a0, __bss_start
8000003c:	90018513          	addi	a0,gp,-1792 # 80100100 <rt_interrupt_from_thread>
    la a1, __bss_end
80000040:	e2018593          	addi	a1,gp,-480 # 80100620 <__bss_end>
3:  bgeu a0, a1, 4f
80000044:	00b57863          	bgeu	a0,a1,80000054 <_start+0x54>
    sw zero, 0(a0)
80000048:	00052023          	sw	zero,0(a0)
    addi a0, a0, 4
8000004c:	00450513          	addi	a0,a0,4
    j 3b
80000050:	ff5ff06f          	j	80000044 <_start+0x44>
4:  la t0, trap_entry
80000054:	00000297          	auipc	t0,0x0
80000058:	37028293          	addi	t0,t0,880 # 800003c4 <trap_entry>
    csrw mtvec, t0
8000005c:	30529073          	csrw	mtvec,t0
    call entry
80000060:	178000ef          	jal	ra,800001d8 <entry>
5:  j 5b
80000064:	0000006f          	j	80000064 <_start+0x64>

80000068 <SW_handler>:
    .align  2
#endif 
    .global SW_handler

SW_handler:
    csrci mstatus, 0x8
80000068:	30047073          	csrci	mstatus,8
    FSTORE  f30, 30 * FREGBYTES(sp)
    FSTORE  f31, 31 * FREGBYTES(sp)
#endif
    /* save all from thread context */
#ifndef __riscv_32e
    addi sp, sp, -32 * REGBYTES
8000006c:	f8010113          	addi	sp,sp,-128
#else
    addi sp, sp, -16 * REGBYTES
#endif
    STORE x5,   5 * REGBYTES(sp)
80000070:	00512a23          	sw	t0,20(sp)
    STORE x1,   1 * REGBYTES(sp)
80000074:	00112223          	sw	ra,4(sp)
    /* Mandatory set the MPIE of mstatus */
    li    t0,   0x80
80000078:	08000293          	li	t0,128
    STORE t0,   2 * REGBYTES(sp)
8000007c:	00512423          	sw	t0,8(sp)
    STORE x4,   4 * REGBYTES(sp)
80000080:	00412823          	sw	tp,16(sp)
    STORE x6,   6 * REGBYTES(sp)
80000084:	00612c23          	sw	t1,24(sp)
    STORE x7,   7 * REGBYTES(sp)
80000088:	00712e23          	sw	t2,28(sp)
    STORE x8,   8 * REGBYTES(sp)
8000008c:	02812023          	sw	s0,32(sp)
    STORE x9,   9 * REGBYTES(sp)
80000090:	02912223          	sw	s1,36(sp)
    STORE x10, 10 * REGBYTES(sp)
80000094:	02a12423          	sw	a0,40(sp)
    STORE x11, 11 * REGBYTES(sp)
80000098:	02b12623          	sw	a1,44(sp)
    STORE x12, 12 * REGBYTES(sp)
8000009c:	02c12823          	sw	a2,48(sp)
    STORE x13, 13 * REGBYTES(sp)
800000a0:	02d12a23          	sw	a3,52(sp)
    STORE x14, 14 * REGBYTES(sp)
800000a4:	02e12c23          	sw	a4,56(sp)
    STORE x15, 15 * REGBYTES(sp)
800000a8:	02f12e23          	sw	a5,60(sp)
#ifndef __riscv_32e
    STORE x16, 16 * REGBYTES(sp)
800000ac:	05012023          	sw	a6,64(sp)
    STORE x17, 17 * REGBYTES(sp)
800000b0:	05112223          	sw	a7,68(sp)
    STORE x18, 18 * REGBYTES(sp)
800000b4:	05212423          	sw	s2,72(sp)
    STORE x19, 19 * REGBYTES(sp)
800000b8:	05312623          	sw	s3,76(sp)
    STORE x20, 20 * REGBYTES(sp)
800000bc:	05412823          	sw	s4,80(sp)
    STORE x21, 21 * REGBYTES(sp)
800000c0:	05512a23          	sw	s5,84(sp)
    STORE x22, 22 * REGBYTES(sp)
800000c4:	05612c23          	sw	s6,88(sp)
    STORE x23, 23 * REGBYTES(sp)
800000c8:	05712e23          	sw	s7,92(sp)
    STORE x24, 24 * REGBYTES(sp)
800000cc:	07812023          	sw	s8,96(sp)
    STORE x25, 25 * REGBYTES(sp)
800000d0:	07912223          	sw	s9,100(sp)
    STORE x26, 26 * REGBYTES(sp)
800000d4:	07a12423          	sw	s10,104(sp)
    STORE x27, 27 * REGBYTES(sp)
800000d8:	07b12623          	sw	s11,108(sp)
    STORE x28, 28 * REGBYTES(sp)
800000dc:	07c12823          	sw	t3,112(sp)
    STORE x29, 29 * REGBYTES(sp)
800000e0:	07d12a23          	sw	t4,116(sp)
    STORE x30, 30 * REGBYTES(sp)
800000e4:	07e12c23          	sw	t5,120(sp)
    STORE x31, 31 * REGBYTES(sp)
800000e8:	07f12e23          	sw	t6,124(sp)
#endif
    /* switch to interrupt stack */
    csrrw sp,mscratch,sp
800000ec:	34011173          	csrrw	sp,mscratch,sp
    /* interrupt handle */
    call  rt_interrupt_enter
800000f0:	7c5010ef          	jal	ra,800020b4 <rt_interrupt_enter>
    /* Do the work after saving the above */
    call  rt_hw_do_after_save_above
800000f4:	2ac000ef          	jal	ra,800003a0 <rt_hw_do_after_save_above>

    call  rt_interrupt_leave
800000f8:	000020ef          	jal	ra,800020f8 <rt_interrupt_leave>
    /* switch to from thread stack */
    csrrw sp,mscratch,sp
800000fc:	34011173          	csrrw	sp,mscratch,sp

    /* Check if we are in interrupt nesting, if so, skip task switching */
    la    t0, rt_interrupt_nest
80000100:	c0018293          	addi	t0,gp,-1024 # 80100400 <rt_interrupt_nest>
    lw    t1, 0(t0)
80000104:	0002a303          	lw	t1,0(t0)
    li    t2, 1
80000108:	00100393          	li	t2,1
    bge   t1, t2, 1f
8000010c:	02735e63          	bge	t1,t2,80000148 <SW_handler+0xe0>

    /* Determine whether to trigger scheduling at the interrupt function */
    la    t0, rt_thread_switch_interrupt_flag
80000110:	90818293          	addi	t0,gp,-1784 # 80100108 <rt_thread_switch_interrupt_flag>
    lw    t2, 0(t0)
80000114:	0002a383          	lw	t2,0(t0)
    beqz  t2, 1f
80000118:	02038863          	beqz	t2,80000148 <SW_handler+0xe0>
    /* clear the flag of rt_thread_switch_interrupt_flag */
    sw    zero, 0(t0)
8000011c:	0002a023          	sw	zero,0(t0)

    csrr  a0, mepc
80000120:	34102573          	csrr	a0,mepc
    STORE a0, 0 * REGBYTES(sp)
80000124:	00a12023          	sw	a0,0(sp)

    la    t0, rt_interrupt_from_thread
80000128:	90018293          	addi	t0,gp,-1792 # 80100100 <rt_interrupt_from_thread>
    LOAD  t1, 0(t0)
8000012c:	0002a303          	lw	t1,0(t0)
    STORE sp, 0(t1)
80000130:	00232023          	sw	sp,0(t1)

    la    t0, rt_interrupt_to_thread
80000134:	90418293          	addi	t0,gp,-1788 # 80100104 <rt_interrupt_to_thread>
    LOAD  t1, 0(t0)
80000138:	0002a303          	lw	t1,0(t0)
    LOAD  sp, 0(t1)
8000013c:	00032103          	lw	sp,0(t1)

    LOAD  a0,  0 * REGBYTES(sp)
80000140:	00012503          	lw	a0,0(sp)
    csrw  mepc, a0
80000144:	34151073          	csrw	mepc,a0

1:
    LOAD  x1,   1 * REGBYTES(sp)
80000148:	00412083          	lw	ra,4(sp)

    /* Set the mode after MRET */
    li    t0, 0x1800
8000014c:	000022b7          	lui	t0,0x2
80000150:	80028293          	addi	t0,t0,-2048 # 1800 <_start-0x7fffe800>
    csrs  mstatus, t0
80000154:	3002a073          	csrs	mstatus,t0
    LOAD  t0,   2 * REGBYTES(sp)
80000158:	00812283          	lw	t0,8(sp)
    csrs  mstatus, t0
8000015c:	3002a073          	csrs	mstatus,t0

    LOAD  x4,   4 * REGBYTES(sp)
80000160:	01012203          	lw	tp,16(sp)
    LOAD  x5,   5 * REGBYTES(sp)
80000164:	01412283          	lw	t0,20(sp)
    LOAD  x6,   6 * REGBYTES(sp)
80000168:	01812303          	lw	t1,24(sp)
    LOAD  x7,   7 * REGBYTES(sp)
8000016c:	01c12383          	lw	t2,28(sp)
    LOAD  x8,   8 * REGBYTES(sp)
80000170:	02012403          	lw	s0,32(sp)
    LOAD  x9,   9 * REGBYTES(sp)
80000174:	02412483          	lw	s1,36(sp)
    LOAD  x10, 10 * REGBYTES(sp)
80000178:	02812503          	lw	a0,40(sp)
    LOAD  x11, 11 * REGBYTES(sp)
8000017c:	02c12583          	lw	a1,44(sp)
    LOAD  x12, 12 * REGBYTES(sp)
80000180:	03012603          	lw	a2,48(sp)
    LOAD  x13, 13 * REGBYTES(sp)
80000184:	03412683          	lw	a3,52(sp)
    LOAD  x14, 14 * REGBYTES(sp)
80000188:	03812703          	lw	a4,56(sp)
    LOAD  x15, 15 * REGBYTES(sp)
8000018c:	03c12783          	lw	a5,60(sp)
#ifndef __riscv_32e
    LOAD  x16, 16 * REGBYTES(sp)
80000190:	04012803          	lw	a6,64(sp)
    LOAD  x17, 17 * REGBYTES(sp)
80000194:	04412883          	lw	a7,68(sp)
    LOAD  x18, 18 * REGBYTES(sp)
80000198:	04812903          	lw	s2,72(sp)
    LOAD  x19, 19 * REGBYTES(sp)
8000019c:	04c12983          	lw	s3,76(sp)
    LOAD  x20, 20 * REGBYTES(sp)
800001a0:	05012a03          	lw	s4,80(sp)
    LOAD  x21, 21 * REGBYTES(sp)
800001a4:	05412a83          	lw	s5,84(sp)
    LOAD  x22, 22 * REGBYTES(sp)
800001a8:	05812b03          	lw	s6,88(sp)
    LOAD  x23, 23 * REGBYTES(sp)
800001ac:	05c12b83          	lw	s7,92(sp)
    LOAD  x24, 24 * REGBYTES(sp)
800001b0:	06012c03          	lw	s8,96(sp)
    LOAD  x25, 25 * REGBYTES(sp)
800001b4:	06412c83          	lw	s9,100(sp)
    LOAD  x26, 26 * REGBYTES(sp)
800001b8:	06812d03          	lw	s10,104(sp)
    LOAD  x27, 27 * REGBYTES(sp)
800001bc:	06c12d83          	lw	s11,108(sp)
    LOAD  x28, 28 * REGBYTES(sp)
800001c0:	07012e03          	lw	t3,112(sp)
    LOAD  x29, 29 * REGBYTES(sp)
800001c4:	07412e83          	lw	t4,116(sp)
    LOAD  x30, 30 * REGBYTES(sp)
800001c8:	07812f03          	lw	t5,120(sp)
    LOAD  x31, 31 * REGBYTES(sp)
800001cc:	07c12f83          	lw	t6,124(sp)

    addi  sp, sp, 32 * REGBYTES
800001d0:	08010113          	addi	sp,sp,128
    FLOAD   f30, 30 * FREGBYTES(sp)
    FLOAD   f31, 31 * FREGBYTES(sp)

    addi    sp, sp, 32 * FREGBYTES
#endif
    mret
800001d4:	30200073          	mret

800001d8 <entry>:
    return 0;
}
#elif defined(__GNUC__)
/* Add -eentry to arm-none-eabi-gcc argument */
int entry(void)
{
800001d8:	ff010113          	addi	sp,sp,-16
800001dc:	00112623          	sw	ra,12(sp)
    rtthread_startup();
800001e0:	0f4010ef          	jal	ra,800012d4 <rtthread_startup>
    return 0;
}
800001e4:	00c12083          	lw	ra,12(sp)
800001e8:	00000513          	li	a0,0
800001ec:	01010113          	addi	sp,sp,16
800001f0:	00008067          	ret

800001f4 <rt_hw_interrupt_disable>:
/*
 * rt_base_t rt_hw_interrupt_disable(void);
 */
    .globl rt_hw_interrupt_disable
rt_hw_interrupt_disable:
    csrrci a0, mstatus, 8
800001f4:	30047573          	csrrci	a0,mstatus,8
    ret
800001f8:	00008067          	ret

800001fc <rt_hw_interrupt_enable>:
/*
 * void rt_hw_interrupt_enable(rt_base_t level);
 */
    .globl rt_hw_interrupt_enable
rt_hw_interrupt_enable:
    csrw mstatus, a0
800001fc:	30051073          	csrw	mstatus,a0
    ret
80000200:	00008067          	ret

80000204 <rt_hw_context_switch_to>:
 * a0 --> to
 * a1 --> to_thread
 */
    .globl rt_hw_context_switch_to
rt_hw_context_switch_to:
    la t0, __rt_rvstack
80000204:	00140297          	auipc	t0,0x140
80000208:	dfc28293          	addi	t0,t0,-516 # 80140000 <__rt_rvstack>
 * and there is no need to reserve 512 bytes. You only need to switch the interrupt stack at the
 * beginning of the interrupt function 
*/
    addi t0, t0, -512 // for ch32
#endif /* SOC_RISCV_FAMILY_CH32 */
    csrw mscratch,t0
8000020c:	34029073          	csrw	mscratch,t0

    LOAD sp, (a0)
80000210:	00052103          	lw	sp,0(a0)

#ifdef RT_USING_SMP
    mv   a0,   a1
    call  rt_cpus_lock_status_restore
#endif
    LOAD a0,   2 * REGBYTES(sp)
80000214:	00812503          	lw	a0,8(sp)
    csrw mstatus, a0
80000218:	30051073          	csrw	mstatus,a0
    j    rt_hw_context_switch_exit
8000021c:	0a00006f          	j	800002bc <rt_hw_context_switch_exit>

80000220 <rt_hw_context_switch>:
    FSTORE  f30, 30 * FREGBYTES(sp)
    FSTORE  f31, 31 * FREGBYTES(sp)

#endif
#ifndef __riscv_32e
    addi  sp,  sp, -32 * REGBYTES
80000220:	f8010113          	addi	sp,sp,-128
#else
    addi  sp,  sp, -16 * REGBYTES
#endif

    STORE sp,  (a0)
80000224:	00252023          	sw	sp,0(a0)

    STORE x1,   0 * REGBYTES(sp)
80000228:	00112023          	sw	ra,0(sp)
    STORE x1,   1 * REGBYTES(sp)
8000022c:	00112223          	sw	ra,4(sp)

    csrr a0, mstatus
80000230:	30002573          	csrr	a0,mstatus
    andi a0, a0, 8
80000234:	00857513          	andi	a0,a0,8
    beqz a0, save_mpie
80000238:	00050463          	beqz	a0,80000240 <save_mpie>
    li   a0, 0x80
8000023c:	08000513          	li	a0,128

80000240 <save_mpie>:
save_mpie:
    STORE a0,   2 * REGBYTES(sp)
80000240:	00a12423          	sw	a0,8(sp)

    STORE x4,   4 * REGBYTES(sp)
80000244:	00412823          	sw	tp,16(sp)
    STORE x5,   5 * REGBYTES(sp)
80000248:	00512a23          	sw	t0,20(sp)
    STORE x6,   6 * REGBYTES(sp)
8000024c:	00612c23          	sw	t1,24(sp)
    STORE x7,   7 * REGBYTES(sp)
80000250:	00712e23          	sw	t2,28(sp)
    STORE x8,   8 * REGBYTES(sp)
80000254:	02812023          	sw	s0,32(sp)
    STORE x9,   9 * REGBYTES(sp)
80000258:	02912223          	sw	s1,36(sp)
    STORE x10, 10 * REGBYTES(sp)
8000025c:	02a12423          	sw	a0,40(sp)
    STORE x11, 11 * REGBYTES(sp)
80000260:	02b12623          	sw	a1,44(sp)
    STORE x12, 12 * REGBYTES(sp)
80000264:	02c12823          	sw	a2,48(sp)
    STORE x13, 13 * REGBYTES(sp)
80000268:	02d12a23          	sw	a3,52(sp)
    STORE x14, 14 * REGBYTES(sp)
8000026c:	02e12c23          	sw	a4,56(sp)
    STORE x15, 15 * REGBYTES(sp)
80000270:	02f12e23          	sw	a5,60(sp)
#ifndef __riscv_32e
    STORE x16, 16 * REGBYTES(sp)
80000274:	05012023          	sw	a6,64(sp)
    STORE x17, 17 * REGBYTES(sp)
80000278:	05112223          	sw	a7,68(sp)
    STORE x18, 18 * REGBYTES(sp)
8000027c:	05212423          	sw	s2,72(sp)
    STORE x19, 19 * REGBYTES(sp)
80000280:	05312623          	sw	s3,76(sp)
    STORE x20, 20 * REGBYTES(sp)
80000284:	05412823          	sw	s4,80(sp)
    STORE x21, 21 * REGBYTES(sp)
80000288:	05512a23          	sw	s5,84(sp)
    STORE x22, 22 * REGBYTES(sp)
8000028c:	05612c23          	sw	s6,88(sp)
    STORE x23, 23 * REGBYTES(sp)
80000290:	05712e23          	sw	s7,92(sp)
    STORE x24, 24 * REGBYTES(sp)
80000294:	07812023          	sw	s8,96(sp)
    STORE x25, 25 * REGBYTES(sp)
80000298:	07912223          	sw	s9,100(sp)
    STORE x26, 26 * REGBYTES(sp)
8000029c:	07a12423          	sw	s10,104(sp)
    STORE x27, 27 * REGBYTES(sp)
800002a0:	07b12623          	sw	s11,108(sp)
    STORE x28, 28 * REGBYTES(sp)
800002a4:	07c12823          	sw	t3,112(sp)
    STORE x29, 29 * REGBYTES(sp)
800002a8:	07d12a23          	sw	t4,116(sp)
    STORE x30, 30 * REGBYTES(sp)
800002ac:	07e12c23          	sw	t5,120(sp)
    STORE x31, 31 * REGBYTES(sp)
800002b0:	07f12e23          	sw	t6,124(sp)
    /* restore to thread context
     * sp(0) -> epc;
     * sp(1) -> ra;
     * sp(i) -> x(i+2)
     */
    LOAD sp,  (a1)
800002b4:	0005a103          	lw	sp,0(a1)
#ifdef RT_USING_SMP
    mv   a0,   a2
    call  rt_cpus_lock_status_restore
#endif /*RT_USING_SMP*/

    j rt_hw_context_switch_exit
800002b8:	0040006f          	j	800002bc <rt_hw_context_switch_exit>

800002bc <rt_hw_context_switch_exit>:
    call rt_signal_check
    mv sp, a0
#endif
#endif
    /* resw ra to mepc */
    LOAD a0,   0 * REGBYTES(sp)
800002bc:	00012503          	lw	a0,0(sp)
    csrw mepc, a0
800002c0:	34151073          	csrw	mepc,a0

    LOAD x1,   1 * REGBYTES(sp)
800002c4:	00412083          	lw	ra,4(sp)
#ifdef ARCH_RISCV_FPU
    li    t0, 0x7800
#else
    li    t0, 0x1800
800002c8:	000022b7          	lui	t0,0x2
800002cc:	80028293          	addi	t0,t0,-2048 # 1800 <_start-0x7fffe800>
#endif
    csrw  mstatus, t0
800002d0:	30029073          	csrw	mstatus,t0
    LOAD a0,   2 * REGBYTES(sp)
800002d4:	00812503          	lw	a0,8(sp)
    csrs mstatus, a0
800002d8:	30052073          	csrs	mstatus,a0

    LOAD x4,   4 * REGBYTES(sp)
800002dc:	01012203          	lw	tp,16(sp)
    LOAD x5,   5 * REGBYTES(sp)
800002e0:	01412283          	lw	t0,20(sp)
    LOAD x6,   6 * REGBYTES(sp)
800002e4:	01812303          	lw	t1,24(sp)
    LOAD x7,   7 * REGBYTES(sp)
800002e8:	01c12383          	lw	t2,28(sp)
    LOAD x8,   8 * REGBYTES(sp)
800002ec:	02012403          	lw	s0,32(sp)
    LOAD x9,   9 * REGBYTES(sp)
800002f0:	02412483          	lw	s1,36(sp)
    LOAD x10, 10 * REGBYTES(sp)
800002f4:	02812503          	lw	a0,40(sp)
    LOAD x11, 11 * REGBYTES(sp)
800002f8:	02c12583          	lw	a1,44(sp)
    LOAD x12, 12 * REGBYTES(sp)
800002fc:	03012603          	lw	a2,48(sp)
    LOAD x13, 13 * REGBYTES(sp)
80000300:	03412683          	lw	a3,52(sp)
    LOAD x14, 14 * REGBYTES(sp)
80000304:	03812703          	lw	a4,56(sp)
    LOAD x15, 15 * REGBYTES(sp)
80000308:	03c12783          	lw	a5,60(sp)
#ifndef __riscv_32e
    LOAD x16, 16 * REGBYTES(sp)
8000030c:	04012803          	lw	a6,64(sp)
    LOAD x17, 17 * REGBYTES(sp)
80000310:	04412883          	lw	a7,68(sp)
    LOAD x18, 18 * REGBYTES(sp)
80000314:	04812903          	lw	s2,72(sp)
    LOAD x19, 19 * REGBYTES(sp)
80000318:	04c12983          	lw	s3,76(sp)
    LOAD x20, 20 * REGBYTES(sp)
8000031c:	05012a03          	lw	s4,80(sp)
    LOAD x21, 21 * REGBYTES(sp)
80000320:	05412a83          	lw	s5,84(sp)
    LOAD x22, 22 * REGBYTES(sp)
80000324:	05812b03          	lw	s6,88(sp)
    LOAD x23, 23 * REGBYTES(sp)
80000328:	05c12b83          	lw	s7,92(sp)
    LOAD x24, 24 * REGBYTES(sp)
8000032c:	06012c03          	lw	s8,96(sp)
    LOAD x25, 25 * REGBYTES(sp)
80000330:	06412c83          	lw	s9,100(sp)
    LOAD x26, 26 * REGBYTES(sp)
80000334:	06812d03          	lw	s10,104(sp)
    LOAD x27, 27 * REGBYTES(sp)
80000338:	06c12d83          	lw	s11,108(sp)
    LOAD x28, 28 * REGBYTES(sp)
8000033c:	07012e03          	lw	t3,112(sp)
    LOAD x29, 29 * REGBYTES(sp)
80000340:	07412e83          	lw	t4,116(sp)
    LOAD x30, 30 * REGBYTES(sp)
80000344:	07812f03          	lw	t5,120(sp)
    LOAD x31, 31 * REGBYTES(sp)
80000348:	07c12f83          	lw	t6,124(sp)

    addi sp,  sp, 32 * REGBYTES
8000034c:	08010113          	addi	sp,sp,128
    FLOAD   f31, 31 * FREGBYTES(sp)

    addi    sp, sp, 32 * FREGBYTES
#endif

    mret
80000350:	30200073          	mret

80000354 <rt_hw_stack_init>:
{
    struct rt_hw_stack_frame *frame;
    rt_uint8_t         *stk;
    int                i;

    stk  = stack_addr + sizeof(rt_ubase_t);
80000354:	00460613          	addi	a2,a2,4
    stk  = (rt_uint8_t *)RT_ALIGN_DOWN((rt_ubase_t)stk, REGBYTES);
80000358:	ffc67613          	andi	a2,a2,-4
{
8000035c:	00050713          	mv	a4,a0

    frame = (struct rt_hw_stack_frame *)stk;

    for (i = 0; i < sizeof(struct rt_hw_stack_frame) / sizeof(rt_ubase_t); i++)
    {
        ((rt_ubase_t *)frame)[i] = 0xdeadbeef;
80000360:	deadc837          	lui	a6,0xdeadc
    stk -= sizeof(struct rt_hw_stack_frame);
80000364:	f8060513          	addi	a0,a2,-128
    for (i = 0; i < sizeof(struct rt_hw_stack_frame) / sizeof(rt_ubase_t); i++)
80000368:	00050793          	mv	a5,a0
        ((rt_ubase_t *)frame)[i] = 0xdeadbeef;
8000036c:	eef80813          	addi	a6,a6,-273 # deadbeef <__rt_rvstack+0x5e99beef>
    for (i = 0; i < sizeof(struct rt_hw_stack_frame) / sizeof(rt_ubase_t); i++)
80000370:	02f61063          	bne	a2,a5,80000390 <rt_hw_stack_init+0x3c>

    /* force to machine mode(MPP=11) and set MPIE to 1 */
#ifdef ARCH_RISCV_FPU
    frame->mstatus = 0x7880;
#else
    frame->mstatus = 0x1880;
80000374:	000027b7          	lui	a5,0x2
80000378:	88078793          	addi	a5,a5,-1920 # 1880 <_start-0x7fffe780>
    frame->ra      = (rt_ubase_t)texit;
8000037c:	f8d62223          	sw	a3,-124(a2)
    frame->a0      = (rt_ubase_t)parameter;
80000380:	fab62423          	sw	a1,-88(a2)
    frame->epc     = (rt_ubase_t)tentry;
80000384:	f8e62023          	sw	a4,-128(a2)
    frame->mstatus = 0x1880;
80000388:	f8f62423          	sw	a5,-120(a2)
#endif

    return stk;
}
8000038c:	00008067          	ret
        ((rt_ubase_t *)frame)[i] = 0xdeadbeef;
80000390:	0107a023          	sw	a6,0(a5)
    for (i = 0; i < sizeof(struct rt_hw_stack_frame) / sizeof(rt_ubase_t); i++)
80000394:	00478793          	addi	a5,a5,4
80000398:	fd9ff06f          	j	80000370 <rt_hw_stack_init+0x1c>

8000039c <rt_trigger_software_interrupt>:

rt_weak void rt_trigger_software_interrupt(void)
{
    while (0);
}
8000039c:	00008067          	ret

800003a0 <rt_hw_do_after_save_above>:

rt_weak void rt_hw_do_after_save_above(void)
{
    while (1);
800003a0:	0000006f          	j	800003a0 <rt_hw_do_after_save_above>

800003a4 <rt_hw_context_switch_interrupt>:
 * #endif
 */
#ifndef RT_USING_SMP
rt_weak void rt_hw_context_switch_interrupt(rt_ubase_t from, rt_ubase_t to, rt_thread_t from_thread, rt_thread_t to_thread)
{
    if (rt_thread_switch_interrupt_flag == 0)
800003a4:	90818793          	addi	a5,gp,-1784 # 80100108 <rt_thread_switch_interrupt_flag>
800003a8:	0007a703          	lw	a4,0(a5)
800003ac:	00071463          	bnez	a4,800003b4 <rt_hw_context_switch_interrupt+0x10>
        rt_interrupt_from_thread = from;
800003b0:	90a1a023          	sw	a0,-1792(gp) # 80100100 <rt_interrupt_from_thread>

    rt_interrupt_to_thread = to;
800003b4:	90b1a223          	sw	a1,-1788(gp) # 80100104 <rt_interrupt_to_thread>
    rt_thread_switch_interrupt_flag = 1;
800003b8:	00100713          	li	a4,1
800003bc:	00e7a023          	sw	a4,0(a5)

    rt_trigger_software_interrupt();
800003c0:	fddff06f          	j	8000039c <rt_trigger_software_interrupt>

800003c4 <trap_entry>:

#endif

    /* save thread context to thread stack */
#ifndef __riscv_32e
    addi sp, sp, -32 * REGBYTES
800003c4:	f8010113          	addi	sp,sp,-128
#else
    addi sp, sp, -16 * REGBYTES
#endif
    STORE x1,   1 * REGBYTES(sp)
800003c8:	00112223          	sw	ra,4(sp)

    csrr  x1, mstatus
800003cc:	300020f3          	csrr	ra,mstatus
    STORE x1,   2 * REGBYTES(sp)
800003d0:	00112423          	sw	ra,8(sp)

    csrr  x1, mepc
800003d4:	341020f3          	csrr	ra,mepc
    STORE x1, 0 * REGBYTES(sp)
800003d8:	00112023          	sw	ra,0(sp)

    STORE x4,   4 * REGBYTES(sp)
800003dc:	00412823          	sw	tp,16(sp)
    STORE x5,   5 * REGBYTES(sp)
800003e0:	00512a23          	sw	t0,20(sp)
    STORE x6,   6 * REGBYTES(sp)
800003e4:	00612c23          	sw	t1,24(sp)
    STORE x7,   7 * REGBYTES(sp)
800003e8:	00712e23          	sw	t2,28(sp)
    STORE x8,   8 * REGBYTES(sp)
800003ec:	02812023          	sw	s0,32(sp)
    STORE x9,   9 * REGBYTES(sp)
800003f0:	02912223          	sw	s1,36(sp)
    STORE x10, 10 * REGBYTES(sp)
800003f4:	02a12423          	sw	a0,40(sp)
    STORE x11, 11 * REGBYTES(sp)
800003f8:	02b12623          	sw	a1,44(sp)
    STORE x12, 12 * REGBYTES(sp)
800003fc:	02c12823          	sw	a2,48(sp)
    STORE x13, 13 * REGBYTES(sp)
80000400:	02d12a23          	sw	a3,52(sp)
    STORE x14, 14 * REGBYTES(sp)
80000404:	02e12c23          	sw	a4,56(sp)
    STORE x15, 15 * REGBYTES(sp)
80000408:	02f12e23          	sw	a5,60(sp)
#ifndef __riscv_32e
    STORE x16, 16 * REGBYTES(sp)
8000040c:	05012023          	sw	a6,64(sp)
    STORE x17, 17 * REGBYTES(sp)
80000410:	05112223          	sw	a7,68(sp)
    STORE x18, 18 * REGBYTES(sp)
80000414:	05212423          	sw	s2,72(sp)
    STORE x19, 19 * REGBYTES(sp)
80000418:	05312623          	sw	s3,76(sp)
    STORE x20, 20 * REGBYTES(sp)
8000041c:	05412823          	sw	s4,80(sp)
    STORE x21, 21 * REGBYTES(sp)
80000420:	05512a23          	sw	s5,84(sp)
    STORE x22, 22 * REGBYTES(sp)
80000424:	05612c23          	sw	s6,88(sp)
    STORE x23, 23 * REGBYTES(sp)
80000428:	05712e23          	sw	s7,92(sp)
    STORE x24, 24 * REGBYTES(sp)
8000042c:	07812023          	sw	s8,96(sp)
    STORE x25, 25 * REGBYTES(sp)
80000430:	07912223          	sw	s9,100(sp)
    STORE x26, 26 * REGBYTES(sp)
80000434:	07a12423          	sw	s10,104(sp)
    STORE x27, 27 * REGBYTES(sp)
80000438:	07b12623          	sw	s11,108(sp)
    STORE x28, 28 * REGBYTES(sp)
8000043c:	07c12823          	sw	t3,112(sp)
    STORE x29, 29 * REGBYTES(sp)
80000440:	07d12a23          	sw	t4,116(sp)
    STORE x30, 30 * REGBYTES(sp)
80000444:	07e12c23          	sw	t5,120(sp)
    STORE x31, 31 * REGBYTES(sp)
80000448:	07f12e23          	sw	t6,124(sp)
#endif

    /* switch to interrupt stack */
    move  s0, sp
8000044c:	00010413          	mv	s0,sp
    mul   t1, t1, t2
    add   sp, sp, t1 /* sp = (cpuid + 1) * __STACKSIZE__ + __stack_start__ */
#endif

    /* handle interrupt */
    call  rt_interrupt_enter
80000450:	465010ef          	jal	ra,800020b4 <rt_interrupt_enter>
    csrr  a0, mcause
80000454:	34202573          	csrr	a0,mcause
    csrr  a1, mepc
80000458:	341025f3          	csrr	a1,mepc
    mv    a2, s0
8000045c:	00040613          	mv	a2,s0
    call  handle_trap
80000460:	3d5000ef          	jal	ra,80001034 <handle_trap>
    call  rt_interrupt_leave
80000464:	495010ef          	jal	ra,800020f8 <rt_interrupt_leave>
    tail   rt_hw_context_switch_exit

#else

    /* switch to from_thread stack */
    move  sp, s0
80000468:	00040113          	mv	sp,s0

    /* need to switch new thread */
    la    s0, rt_thread_switch_interrupt_flag
8000046c:	90818413          	addi	s0,gp,-1784 # 80100108 <rt_thread_switch_interrupt_flag>
    lw    s1, 0(s0)
80000470:	00042483          	lw	s1,0(s0)
    beqz  s1, spurious_interrupt
80000474:	02048063          	beqz	s1,80000494 <spurious_interrupt>
    sw    zero, 0(s0)
80000478:	00042023          	sw	zero,0(s0)

    la    s0, rt_interrupt_from_thread
8000047c:	90018413          	addi	s0,gp,-1792 # 80100100 <rt_interrupt_from_thread>
    LOAD  s1, 0(s0)
80000480:	00042483          	lw	s1,0(s0)
    STORE sp, 0(s1)
80000484:	0024a023          	sw	sp,0(s1)

    la    s0, rt_interrupt_to_thread
80000488:	90418413          	addi	s0,gp,-1788 # 80100104 <rt_interrupt_to_thread>
    LOAD  s1, 0(s0)
8000048c:	00042483          	lw	s1,0(s0)
    LOAD  sp, 0(s1)
80000490:	0004a103          	lw	sp,0(s1)

80000494 <spurious_interrupt>:

#endif

spurious_interrupt:
    tail rt_hw_context_switch_exit
80000494:	e29ff06f          	j	800002bc <rt_hw_context_switch_exit>

80000498 <rt_snprintf>:
 * @param  fmt is the format parameters.
 *
 * @return The number of characters actually written to buffer.
 */
int rt_snprintf(char *buf, size_t size, const char *fmt, ...)
{
80000498:	fc010113          	addi	sp,sp,-64
8000049c:	02d12623          	sw	a3,44(sp)
    int n = 0;
    va_list args;

    va_start(args, fmt);
800004a0:	02c10693          	addi	a3,sp,44
{
800004a4:	00112e23          	sw	ra,28(sp)
800004a8:	02e12823          	sw	a4,48(sp)
800004ac:	02f12a23          	sw	a5,52(sp)
800004b0:	03012c23          	sw	a6,56(sp)
800004b4:	03112e23          	sw	a7,60(sp)
    va_start(args, fmt);
800004b8:	00d12623          	sw	a3,12(sp)
    n = rt_vsnprintf(buf, size, fmt, args);
800004bc:	484000ef          	jal	ra,80000940 <rt_vsnprintf>
    va_end(args);

    return n;
}
800004c0:	01c12083          	lw	ra,28(sp)
800004c4:	04010113          	addi	sp,sp,64
800004c8:	00008067          	ret

800004cc <rt_memset>:
    unsigned char d = (unsigned int)c & (unsigned char)(-1);  /* To avoid sign extension, copy C to an
                                unsigned variable. (unsigned)((char)(-1))=0xFF for 8bit and =0xFFFF for 16bit: word independent */

    RT_ASSERT(LBLOCKSIZE == 2 || LBLOCKSIZE == 4 || LBLOCKSIZE == 8);

    if (!TOO_SMALL(count) && !UNALIGNED(s))
800004cc:	00300713          	li	a4,3
    unsigned char d = (unsigned int)c & (unsigned char)(-1);  /* To avoid sign extension, copy C to an
800004d0:	0ff5f593          	andi	a1,a1,255
    char *m = (char *)s;
800004d4:	00050793          	mv	a5,a0
    if (!TOO_SMALL(count) && !UNALIGNED(s))
800004d8:	0ac77c63          	bgeu	a4,a2,80000590 <rt_memset+0xc4>
800004dc:	00357713          	andi	a4,a0,3
800004e0:	0a071863          	bnez	a4,80000590 <rt_memset+0xc4>
{
800004e4:	ff010113          	addi	sp,sp,-16
        /* Store d into each char sized location in buffer so that
         * we can set large blocks quickly.
         */
        for (i = 0; i < LBLOCKSIZE; i++)
        {
            *(((unsigned char *)&buffer)+i) = d;
800004e8:	00b10623          	sb	a1,12(sp)
800004ec:	00b106a3          	sb	a1,13(sp)
800004f0:	00b10723          	sb	a1,14(sp)
800004f4:	00b107a3          	sb	a1,15(sp)
        }

        while (count >= LBLOCKSIZE * 4)
        {
            *aligned_addr++ = buffer;
800004f8:	00c12703          	lw	a4,12(sp)
800004fc:	00c508b3          	add	a7,a0,a2
        while (count >= LBLOCKSIZE * 4)
80000500:	00f00693          	li	a3,15
80000504:	40f88833          	sub	a6,a7,a5
80000508:	0506ec63          	bltu	a3,a6,80000560 <rt_memset+0x94>
8000050c:	00465793          	srli	a5,a2,0x4
80000510:	ff000693          	li	a3,-16
80000514:	02d786b3          	mul	a3,a5,a3
80000518:	00479793          	slli	a5,a5,0x4
8000051c:	00f507b3          	add	a5,a0,a5
            *aligned_addr++ = buffer;
            *aligned_addr++ = buffer;
            count -= 4 * LBLOCKSIZE;
        }

        while (count >= LBLOCKSIZE)
80000520:	00300813          	li	a6,3
80000524:	00c68633          	add	a2,a3,a2
80000528:	00c78333          	add	t1,a5,a2
        while (count >= LBLOCKSIZE * 4)
8000052c:	00078693          	mv	a3,a5
        while (count >= LBLOCKSIZE)
80000530:	40d308b3          	sub	a7,t1,a3
80000534:	05186263          	bltu	a6,a7,80000578 <rt_memset+0xac>
80000538:	00265713          	srli	a4,a2,0x2
8000053c:	ffc00693          	li	a3,-4
80000540:	02d706b3          	mul	a3,a4,a3
80000544:	00271713          	slli	a4,a4,0x2
80000548:	00e787b3          	add	a5,a5,a4
8000054c:	00c68633          	add	a2,a3,a2
80000550:	00c78633          	add	a2,a5,a2

        /* Pick up the remainder with a bytewise loop. */
        m = (char *)aligned_addr;
    }

    while (count--)
80000554:	02f61863          	bne	a2,a5,80000584 <rt_memset+0xb8>

#undef LBLOCKSIZE
#undef UNALIGNED
#undef TOO_SMALL
#endif /* RT_KLIBC_USING_LIBC_MEMSET */
}
80000558:	01010113          	addi	sp,sp,16
8000055c:	00008067          	ret
            *aligned_addr++ = buffer;
80000560:	00e7a023          	sw	a4,0(a5)
            *aligned_addr++ = buffer;
80000564:	00e7a223          	sw	a4,4(a5)
            *aligned_addr++ = buffer;
80000568:	00e7a423          	sw	a4,8(a5)
            *aligned_addr++ = buffer;
8000056c:	00e7a623          	sw	a4,12(a5)
80000570:	01078793          	addi	a5,a5,16
            count -= 4 * LBLOCKSIZE;
80000574:	f91ff06f          	j	80000504 <rt_memset+0x38>
            *aligned_addr++ = buffer;
80000578:	00468693          	addi	a3,a3,4
8000057c:	fee6ae23          	sw	a4,-4(a3)
            count -= LBLOCKSIZE;
80000580:	fb1ff06f          	j	80000530 <rt_memset+0x64>
        *m++ = (char)d;
80000584:	00178793          	addi	a5,a5,1
80000588:	feb78fa3          	sb	a1,-1(a5)
8000058c:	fc9ff06f          	j	80000554 <rt_memset+0x88>
80000590:	00c78633          	add	a2,a5,a2
    while (count--)
80000594:	00f61463          	bne	a2,a5,8000059c <rt_memset+0xd0>
80000598:	00008067          	ret
        *m++ = (char)d;
8000059c:	00178793          	addi	a5,a5,1
800005a0:	feb78fa3          	sb	a1,-1(a5)
800005a4:	ff1ff06f          	j	80000594 <rt_memset+0xc8>

800005a8 <rt_strncpy>:
char *rt_strncpy(char *dst, const char *src, size_t n)
{
#ifdef RT_KLIBC_USING_LIBC_STRNCPY
    return strncpy(dst, src, n);
#else
    if (n != 0)
800005a8:	04060063          	beqz	a2,800005e8 <rt_strncpy+0x40>
    {
        char *d = dst;
800005ac:	00050793          	mv	a5,a0
        const char *s = src;

        do
        {
            if ((*d++ = *s++) == 0)
800005b0:	0005c683          	lbu	a3,0(a1)
800005b4:	00158593          	addi	a1,a1,1
800005b8:	00178793          	addi	a5,a5,1
800005bc:	fed78fa3          	sb	a3,-1(a5)
800005c0:	00060713          	mv	a4,a2
                    *d++ = 0;
                }

                break;
            }
        } while (--n != 0);
800005c4:	fff60613          	addi	a2,a2,-1
            if ((*d++ = *s++) == 0)
800005c8:	00069e63          	bnez	a3,800005e4 <rt_strncpy+0x3c>
800005cc:	00e78733          	add	a4,a5,a4
                while (--n != 0)
800005d0:	00178793          	addi	a5,a5,1
800005d4:	00e79463          	bne	a5,a4,800005dc <rt_strncpy+0x34>
800005d8:	00008067          	ret
                    *d++ = 0;
800005dc:	fe078fa3          	sb	zero,-1(a5)
800005e0:	ff1ff06f          	j	800005d0 <rt_strncpy+0x28>
        } while (--n != 0);
800005e4:	fc0616e3          	bnez	a2,800005b0 <rt_strncpy+0x8>
    }

    return (dst);
#endif /* RT_KLIBC_USING_LIBC_STRNCPY */
}
800005e8:	00008067          	ret

800005ec <rt_strlen>:
{
#ifdef RT_KLIBC_USING_LIBC_STRLEN
    return strlen(s);
#else
    const char *sc = RT_NULL;
    for (sc = s; *sc != '\0'; ++sc);
800005ec:	00050793          	mv	a5,a0
800005f0:	0007c703          	lbu	a4,0(a5)
800005f4:	00071663          	bnez	a4,80000600 <rt_strlen+0x14>
    return sc - s;
#endif /* RT_KLIBC_USING_LIBC_STRLEN */
}
800005f8:	40a78533          	sub	a0,a5,a0
800005fc:	00008067          	ret
    for (sc = s; *sc != '\0'; ++sc);
80000600:	00178793          	addi	a5,a5,1
80000604:	fedff06f          	j	800005f0 <rt_strlen+0x4>

80000608 <print_number>:
                          int   base,
                          int   qualifier,
                          int   s,
                          int   precision,
                          int   type)
{
80000608:	fb010113          	addi	sp,sp,-80
8000060c:	04812423          	sw	s0,72(sp)
80000610:	03312e23          	sw	s3,60(sp)
80000614:	03412c23          	sw	s4,56(sp)
80000618:	00050413          	mv	s0,a0
8000061c:	00058a13          	mv	s4,a1
80000620:	00060993          	mv	s3,a2
    char c = 0, sign = 0;
#ifdef RT_KLIBC_USING_VSNPRINTF_LONGLONG
    char tmp[64] = {0};
#else
    char tmp[32] = {0};
80000624:	00000593          	li	a1,0
80000628:	01c00613          	li	a2,28
8000062c:	00410513          	addi	a0,sp,4
{
80000630:	04912223          	sw	s1,68(sp)
80000634:	05212023          	sw	s2,64(sp)
80000638:	03512a23          	sw	s5,52(sp)
8000063c:	03612823          	sw	s6,48(sp)
80000640:	03712623          	sw	s7,44(sp)
80000644:	00078493          	mv	s1,a5
80000648:	00088913          	mv	s2,a7
8000064c:	04112623          	sw	ra,76(sp)
80000650:	00068a93          	mv	s5,a3
80000654:	00070b93          	mv	s7,a4
80000658:	00080b13          	mv	s6,a6
    char tmp[32] = {0};
8000065c:	00012023          	sw	zero,0(sp)
80000660:	2ad000ef          	jal	ra,8000110c <memset>
    int i = 0;
    int size = 0;

    size = s;

    digits = (type & LARGE) ? large_digits : small_digits;
80000664:	04097793          	andi	a5,s2,64
80000668:	00004517          	auipc	a0,0x4
8000066c:	51c50513          	addi	a0,a0,1308 # 80004b84 <small_digits.0>
80000670:	00078663          	beqz	a5,8000067c <print_number+0x74>
80000674:	00004517          	auipc	a0,0x4
80000678:	4fc50513          	addi	a0,a0,1276 # 80004b70 <large_digits.1>
    if (type & LEFT)
8000067c:	01097893          	andi	a7,s2,16
80000680:	0e088c63          	beqz	a7,80000778 <print_number+0x170>
    {
        type &= ~ZEROPAD;
80000684:	ffe97913          	andi	s2,s2,-2
    }

    c = (type & ZEROPAD) ? '0' : ' ';
80000688:	02000593          	li	a1,32

    /* get sign */
    sign = 0;
    if (type & SIGN)
8000068c:	00297793          	andi	a5,s2,2
    sign = 0;
80000690:	00000693          	li	a3,0
    if (type & SIGN)
80000694:	02078263          	beqz	a5,800006b8 <print_number+0xb0>
    {
        switch (qualifier)
80000698:	06800793          	li	a5,104
8000069c:	0efb9863          	bne	s7,a5,8000078c <print_number+0x184>
        {
        case 'h':
            if ((rt_int16_t)num < 0)
800006a0:	01099793          	slli	a5,s3,0x10
800006a4:	0e07da63          	bgez	a5,80000798 <print_number+0x190>
            {
                sign = '-';
                num = (rt_uint16_t)-num;
800006a8:	413009b3          	neg	s3,s3
800006ac:	01099993          	slli	s3,s3,0x10
800006b0:	0109d993          	srli	s3,s3,0x10
            break;
        case 'L':
        case 'l':
            if ((long)num < 0)
            {
                sign = '-';
800006b4:	02d00693          	li	a3,45
                sign = ' ';
            }
        }
    }

    if (type & SPECIAL)
800006b8:	02097313          	andi	t1,s2,32
800006bc:	00030c63          	beqz	t1,800006d4 <print_number+0xcc>
    {
        if (base == 2 || base == 16)
800006c0:	00200793          	li	a5,2
800006c4:	00fa8663          	beq	s5,a5,800006d0 <print_number+0xc8>
800006c8:	01000793          	li	a5,16
800006cc:	0efa9263          	bne	s5,a5,800007b0 <print_number+0x1a8>
        {
            size -= 2;
800006d0:	ffe48493          	addi	s1,s1,-2
            size--;
        }
    }

    i = 0;
    if (num == 0)
800006d4:	0e099663          	bnez	s3,800007c0 <print_number+0x1b8>
    {
        tmp[i++] = '0';
800006d8:	03000793          	li	a5,48
800006dc:	00f10023          	sb	a5,0(sp)
800006e0:	00100713          	li	a4,1
    {
        while (num != 0)
            tmp[i++] = digits[divide(&num, base)];
    }

    if (i > precision)
800006e4:	00070613          	mv	a2,a4
800006e8:	01675463          	bge	a4,s6,800006f0 <print_number+0xe8>
800006ec:	000b0613          	mv	a2,s6
    {
        precision = i;
    }
    size -= precision;

    if (!(type & (ZEROPAD | LEFT)))
800006f0:	01197793          	andi	a5,s2,17
    size -= precision;
800006f4:	40c48533          	sub	a0,s1,a2
    if (!(type & (ZEROPAD | LEFT)))
800006f8:	02079e63          	bnez	a5,80000734 <print_number+0x12c>
    {
        if ((sign) && (size > 0))
800006fc:	00068663          	beqz	a3,80000708 <print_number+0x100>
80000700:	00a05463          	blez	a0,80000708 <print_number+0x100>
        {
            size--;
80000704:	fff50513          	addi	a0,a0,-1
        tmp[i++] = '0';
80000708:	00040793          	mv	a5,s0
8000070c:	00a40e33          	add	t3,s0,a0

        while (size-- > 0)
        {
            if (buf < end)
            {
                *buf = ' ';
80000710:	02000e93          	li	t4,32
        while (size-- > 0)
80000714:	40fe0833          	sub	a6,t3,a5
80000718:	0d004c63          	bgtz	a6,800007f0 <print_number+0x1e8>
8000071c:	00050813          	mv	a6,a0
80000720:	00055463          	bgez	a0,80000728 <print_number+0x120>
80000724:	00000813          	li	a6,0
80000728:	fff50513          	addi	a0,a0,-1
8000072c:	01040433          	add	s0,s0,a6
80000730:	41050533          	sub	a0,a0,a6

            ++ buf;
        }
    }

    if (sign)
80000734:	00068a63          	beqz	a3,80000748 <print_number+0x140>
    {
        if (buf < end)
80000738:	01447463          	bgeu	s0,s4,80000740 <print_number+0x138>
        {
            *buf = sign;
8000073c:	00d40023          	sb	a3,0(s0)
        }
        -- size;
80000740:	fff50513          	addi	a0,a0,-1
        ++ buf;
80000744:	00140413          	addi	s0,s0,1
    }

    if (type & SPECIAL)
80000748:	0c030863          	beqz	t1,80000818 <print_number+0x210>
    {
        if (base == 2)
8000074c:	00200793          	li	a5,2
80000750:	0afa9863          	bne	s5,a5,80000800 <print_number+0x1f8>
        {
            if (buf < end)
80000754:	01447663          	bgeu	s0,s4,80000760 <print_number+0x158>
                *buf = '0';
80000758:	03000793          	li	a5,48
8000075c:	00f40023          	sb	a5,0(s0)
            ++ buf;
80000760:	00140793          	addi	a5,s0,1
            if (buf < end)
80000764:	0147f663          	bgeu	a5,s4,80000770 <print_number+0x168>
                *buf = 'b';
80000768:	06200793          	li	a5,98
            }

            ++ buf;
            if (buf < end)
            {
                *buf = type & LARGE ? 'X' : 'x';
8000076c:	00f400a3          	sb	a5,1(s0)
            }
            ++ buf;
80000770:	00240413          	addi	s0,s0,2
80000774:	0a40006f          	j	80000818 <print_number+0x210>
    c = (type & ZEROPAD) ? '0' : ' ';
80000778:	00197793          	andi	a5,s2,1
8000077c:	02000593          	li	a1,32
80000780:	f00786e3          	beqz	a5,8000068c <print_number+0x84>
80000784:	03000593          	li	a1,48
80000788:	f05ff06f          	j	8000068c <print_number+0x84>
            if ((long)num < 0)
8000078c:	0009d663          	bgez	s3,80000798 <print_number+0x190>
                num = (unsigned long)-num;
80000790:	413009b3          	neg	s3,s3
80000794:	f21ff06f          	j	800006b4 <print_number+0xac>
            if (type & PLUS)
80000798:	00497793          	andi	a5,s2,4
                sign = '+';
8000079c:	02b00693          	li	a3,43
            if (type & PLUS)
800007a0:	f0079ce3          	bnez	a5,800006b8 <print_number+0xb0>
    sign = 0;
800007a4:	00291693          	slli	a3,s2,0x2
800007a8:	0206f693          	andi	a3,a3,32
800007ac:	f0dff06f          	j	800006b8 <print_number+0xb0>
        else if (base == 8)
800007b0:	00800793          	li	a5,8
800007b4:	f2fa90e3          	bne	s5,a5,800006d4 <print_number+0xcc>
            size--;
800007b8:	fff48493          	addi	s1,s1,-1
800007bc:	f19ff06f          	j	800006d4 <print_number+0xcc>
800007c0:	00010793          	mv	a5,sp
    i = 0;
800007c4:	00000713          	li	a4,0
    res = (int)((*n) % base);
800007c8:	0359f633          	remu	a2,s3,s5
    *n = (long)((*n) / base);
800007cc:	00098813          	mv	a6,s3
            tmp[i++] = digits[divide(&num, base)];
800007d0:	00170713          	addi	a4,a4,1
        while (num != 0)
800007d4:	00178793          	addi	a5,a5,1
            tmp[i++] = digits[divide(&num, base)];
800007d8:	00c50633          	add	a2,a0,a2
800007dc:	00064603          	lbu	a2,0(a2)
    *n = (long)((*n) / base);
800007e0:	0359d9b3          	divu	s3,s3,s5
            tmp[i++] = digits[divide(&num, base)];
800007e4:	fec78fa3          	sb	a2,-1(a5)
        while (num != 0)
800007e8:	ff5870e3          	bgeu	a6,s5,800007c8 <print_number+0x1c0>
800007ec:	ef9ff06f          	j	800006e4 <print_number+0xdc>
            if (buf < end)
800007f0:	0147f463          	bgeu	a5,s4,800007f8 <print_number+0x1f0>
                *buf = ' ';
800007f4:	01d78023          	sb	t4,0(a5)
            ++ buf;
800007f8:	00178793          	addi	a5,a5,1
800007fc:	f19ff06f          	j	80000714 <print_number+0x10c>
        else if (base == 8)
80000800:	00800793          	li	a5,8
80000804:	02fa9463          	bne	s5,a5,8000082c <print_number+0x224>
            if (buf < end)
80000808:	01447663          	bgeu	s0,s4,80000814 <print_number+0x20c>
                *buf = '0';
8000080c:	03000793          	li	a5,48
80000810:	00f40023          	sb	a5,0(s0)
            ++ buf;
80000814:	00140413          	addi	s0,s0,1
        }
    }

    /* no align to the left */
    if (!(type & LEFT))
80000818:	06088a63          	beqz	a7,8000088c <print_number+0x284>
8000081c:	00040793          	mv	a5,s0

            ++ buf;
        }
    }

    while (i < precision--)
80000820:	00c405b3          	add	a1,s0,a2
    {
        if (buf < end)
        {
            *buf = '0';
80000824:	03000813          	li	a6,48
80000828:	07c0006f          	j	800008a4 <print_number+0x29c>
        else if (base == 16)
8000082c:	01000793          	li	a5,16
80000830:	fefa94e3          	bne	s5,a5,80000818 <print_number+0x210>
            if (buf < end)
80000834:	01447663          	bgeu	s0,s4,80000840 <print_number+0x238>
                *buf = '0';
80000838:	03000793          	li	a5,48
8000083c:	00f40023          	sb	a5,0(s0)
            ++ buf;
80000840:	00140793          	addi	a5,s0,1
            if (buf < end)
80000844:	f347f6e3          	bgeu	a5,s4,80000770 <print_number+0x168>
                *buf = type & LARGE ? 'X' : 'x';
80000848:	04097913          	andi	s2,s2,64
8000084c:	07800793          	li	a5,120
80000850:	f0090ee3          	beqz	s2,8000076c <print_number+0x164>
80000854:	05800793          	li	a5,88
80000858:	f15ff06f          	j	8000076c <print_number+0x164>
            if (buf < end)
8000085c:	0147f463          	bgeu	a5,s4,80000864 <print_number+0x25c>
                *buf = c;
80000860:	00b78023          	sb	a1,0(a5)
            ++ buf;
80000864:	00178793          	addi	a5,a5,1
        while (size-- > 0)
80000868:	40f806b3          	sub	a3,a6,a5
8000086c:	fed048e3          	bgtz	a3,8000085c <print_number+0x254>
80000870:	00050693          	mv	a3,a0
80000874:	00055463          	bgez	a0,8000087c <print_number+0x274>
80000878:	00000693          	li	a3,0
8000087c:	fff50513          	addi	a0,a0,-1
80000880:	00d40433          	add	s0,s0,a3
80000884:	40d50533          	sub	a0,a0,a3
80000888:	f95ff06f          	j	8000081c <print_number+0x214>
8000088c:	00040793          	mv	a5,s0
80000890:	00a40833          	add	a6,s0,a0
80000894:	fd5ff06f          	j	80000868 <print_number+0x260>
        if (buf < end)
80000898:	0147f463          	bgeu	a5,s4,800008a0 <print_number+0x298>
            *buf = '0';
8000089c:	01078023          	sb	a6,0(a5)
        }

        ++ buf;
800008a0:	00178793          	addi	a5,a5,1
    while (i < precision--)
800008a4:	40f586b3          	sub	a3,a1,a5
800008a8:	fed748e3          	blt	a4,a3,80000898 <print_number+0x290>
800008ac:	00000793          	li	a5,0
800008b0:	00e64463          	blt	a2,a4,800008b8 <print_number+0x2b0>
800008b4:	40e607b3          	sub	a5,a2,a4
800008b8:	00f40433          	add	s0,s0,a5
    }

    /* put number in the temporary buffer */
    while (i-- > 0 && (precision_bak != 0))
800008bc:	fff00793          	li	a5,-1
800008c0:	fff70713          	addi	a4,a4,-1
800008c4:	00f70463          	beq	a4,a5,800008cc <print_number+0x2c4>
800008c8:	000b1a63          	bnez	s6,800008dc <print_number+0x2d4>
800008cc:	00040793          	mv	a5,s0
800008d0:	00a406b3          	add	a3,s0,a0

    while (size-- > 0)
    {
        if (buf < end)
        {
            *buf = ' ';
800008d4:	02000613          	li	a2,32
800008d8:	0280006f          	j	80000900 <print_number+0x2f8>
        if (buf < end)
800008dc:	01447863          	bgeu	s0,s4,800008ec <print_number+0x2e4>
            *buf = tmp[i];
800008e0:	00e106b3          	add	a3,sp,a4
800008e4:	0006c683          	lbu	a3,0(a3)
800008e8:	00d40023          	sb	a3,0(s0)
        ++ buf;
800008ec:	00140413          	addi	s0,s0,1
800008f0:	fd1ff06f          	j	800008c0 <print_number+0x2b8>
        if (buf < end)
800008f4:	0147f463          	bgeu	a5,s4,800008fc <print_number+0x2f4>
            *buf = ' ';
800008f8:	00c78023          	sb	a2,0(a5)
        }

        ++ buf;
800008fc:	00178793          	addi	a5,a5,1
    while (size-- > 0)
80000900:	40f68733          	sub	a4,a3,a5
80000904:	fee048e3          	bgtz	a4,800008f4 <print_number+0x2ec>
    }

    return buf;
80000908:	00055463          	bgez	a0,80000910 <print_number+0x308>
8000090c:	00000513          	li	a0,0
}
80000910:	04c12083          	lw	ra,76(sp)
80000914:	00a40533          	add	a0,s0,a0
80000918:	04812403          	lw	s0,72(sp)
8000091c:	04412483          	lw	s1,68(sp)
80000920:	04012903          	lw	s2,64(sp)
80000924:	03c12983          	lw	s3,60(sp)
80000928:	03812a03          	lw	s4,56(sp)
8000092c:	03412a83          	lw	s5,52(sp)
80000930:	03012b03          	lw	s6,48(sp)
80000934:	02c12b83          	lw	s7,44(sp)
80000938:	05010113          	addi	sp,sp,80
8000093c:	00008067          	ret

80000940 <rt_vsnprintf>:
 * @param  args is a list of variable parameters.
 *
 * @return The number of characters actually written to buffer.
 */
int rt_vsnprintf(char *buf, size_t size, const char *fmt, va_list args)
{
80000940:	fd010113          	addi	sp,sp,-48
80000944:	01312e23          	sw	s3,28(sp)
80000948:	01412c23          	sw	s4,24(sp)
8000094c:	01612823          	sw	s6,16(sp)
80000950:	01712623          	sw	s7,12(sp)
80000954:	02112623          	sw	ra,44(sp)
80000958:	02812423          	sw	s0,40(sp)
8000095c:	02912223          	sw	s1,36(sp)
80000960:	03212023          	sw	s2,32(sp)
80000964:	01512a23          	sw	s5,20(sp)
80000968:	01812423          	sw	s8,8(sp)
    rt_uint8_t qualifier = 0;       /* 'h', 'l', or 'L' for integer fields */
    rt_int32_t field_width = 0;     /* width of output field */
    int precision = 0;      /* min. # of digits for integers and max for a string */

    str = buf;
    end = buf + size;
8000096c:	00b50bb3          	add	s7,a0,a1
{
80000970:	00050a13          	mv	s4,a0
80000974:	00060993          	mv	s3,a2
80000978:	00068313          	mv	t1,a3
8000097c:	00058b13          	mv	s6,a1

    /* Make sure end is always >= buf */
    if (end < buf)
80000980:	00abf663          	bgeu	s7,a0,8000098c <rt_vsnprintf+0x4c>
    {
        end  = ((char *) - 1);
        size = end - buf;
80000984:	fff54b13          	not	s6,a0
        end  = ((char *) - 1);
80000988:	fff00b93          	li	s7,-1
                num = (rt_int8_t)num;
            }
        }
        else if (qualifier == 'h')
        {
            num = (rt_uint16_t)va_arg(args, rt_int32_t);
8000098c:	00010437          	lui	s0,0x10
        end  = ((char *) - 1);
80000990:	000a0513          	mv	a0,s4
            else if (*fmt == '+') flags |= PLUS;
80000994:	02b00493          	li	s1,43
            else if (*fmt == ' ') flags |= SPACE;
80000998:	02000a93          	li	s5,32
            else if (*fmt == '#') flags |= SPECIAL;
8000099c:	02300913          	li	s2,35
            num = (rt_uint16_t)va_arg(args, rt_int32_t);
800009a0:	fff40413          	addi	s0,s0,-1 # ffff <_start-0x7fff0001>
800009a4:	2a40006f          	j	80000c48 <rt_vsnprintf+0x308>
        if (*fmt != '%')
800009a8:	02500713          	li	a4,37
800009ac:	00e78a63          	beq	a5,a4,800009c0 <rt_vsnprintf+0x80>
            if (str < end)
800009b0:	01757463          	bgeu	a0,s7,800009b8 <rt_vsnprintf+0x78>
                *str = *fmt;
800009b4:	00f50023          	sb	a5,0(a0)
            ++ str;
800009b8:	00150793          	addi	a5,a0,1
            continue;
800009bc:	2840006f          	j	80000c40 <rt_vsnprintf+0x300>
        flags = 0;
800009c0:	00000893          	li	a7,0
            if (*fmt == '-') flags |= LEFT;
800009c4:	02d00793          	li	a5,45
            else if (*fmt == '0') flags |= ZEROPAD;
800009c8:	03000613          	li	a2,48
800009cc:	0100006f          	j	800009dc <rt_vsnprintf+0x9c>
            else if (*fmt == '+') flags |= PLUS;
800009d0:	02971063          	bne	a4,s1,800009f0 <rt_vsnprintf+0xb0>
800009d4:	0048e893          	ori	a7,a7,4
{
800009d8:	00068993          	mv	s3,a3
            if (*fmt == '-') flags |= LEFT;
800009dc:	0019c703          	lbu	a4,1(s3)
            ++fmt;
800009e0:	00198693          	addi	a3,s3,1
            if (*fmt == '-') flags |= LEFT;
800009e4:	fef716e3          	bne	a4,a5,800009d0 <rt_vsnprintf+0x90>
800009e8:	0108e893          	ori	a7,a7,16
800009ec:	fedff06f          	j	800009d8 <rt_vsnprintf+0x98>
            else if (*fmt == ' ') flags |= SPACE;
800009f0:	01571663          	bne	a4,s5,800009fc <rt_vsnprintf+0xbc>
800009f4:	0088e893          	ori	a7,a7,8
800009f8:	fe1ff06f          	j	800009d8 <rt_vsnprintf+0x98>
            else if (*fmt == '#') flags |= SPECIAL;
800009fc:	01271663          	bne	a4,s2,80000a08 <rt_vsnprintf+0xc8>
80000a00:	0208e893          	ori	a7,a7,32
80000a04:	fd5ff06f          	j	800009d8 <rt_vsnprintf+0x98>
            else if (*fmt == '0') flags |= ZEROPAD;
80000a08:	00c71663          	bne	a4,a2,80000a14 <rt_vsnprintf+0xd4>
80000a0c:	0018e893          	ori	a7,a7,1
80000a10:	fc9ff06f          	j	800009d8 <rt_vsnprintf+0x98>
        if (_ISDIGIT(*fmt))
80000a14:	fd070793          	addi	a5,a4,-48
80000a18:	00900613          	li	a2,9
80000a1c:	06f66263          	bltu	a2,a5,80000a80 <rt_vsnprintf+0x140>
    int i = 0;
80000a20:	00000793          	li	a5,0
    while (_ISDIGIT(**s))
80000a24:	00900613          	li	a2,9
        i = i * 10 + *((*s)++) - '0';
80000a28:	00a00813          	li	a6,10
80000a2c:	0140006f          	j	80000a40 <rt_vsnprintf+0x100>
80000a30:	030787b3          	mul	a5,a5,a6
80000a34:	00168693          	addi	a3,a3,1
80000a38:	00e787b3          	add	a5,a5,a4
80000a3c:	fd078793          	addi	a5,a5,-48
    while (_ISDIGIT(**s))
80000a40:	0006c703          	lbu	a4,0(a3)
80000a44:	fd070593          	addi	a1,a4,-48
80000a48:	feb674e3          	bgeu	a2,a1,80000a30 <rt_vsnprintf+0xf0>
        if (*fmt == '.')
80000a4c:	0006c603          	lbu	a2,0(a3)
80000a50:	02e00713          	li	a4,46
        precision = -1;
80000a54:	fff00813          	li	a6,-1
        if (*fmt == '.')
80000a58:	06e61c63          	bne	a2,a4,80000ad0 <rt_vsnprintf+0x190>
            if (_ISDIGIT(*fmt))
80000a5c:	0016c603          	lbu	a2,1(a3)
80000a60:	00900593          	li	a1,9
            ++fmt;
80000a64:	00168713          	addi	a4,a3,1
            if (_ISDIGIT(*fmt))
80000a68:	fd060813          	addi	a6,a2,-48
80000a6c:	0f05ec63          	bltu	a1,a6,80000b64 <rt_vsnprintf+0x224>
    int i = 0;
80000a70:	00000813          	li	a6,0
    while (_ISDIGIT(**s))
80000a74:	00900613          	li	a2,9
        i = i * 10 + *((*s)++) - '0';
80000a78:	00a00e13          	li	t3,10
80000a7c:	03c0006f          	j	80000ab8 <rt_vsnprintf+0x178>
        else if (*fmt == '*')
80000a80:	02a00613          	li	a2,42
        field_width = -1;
80000a84:	fff00793          	li	a5,-1
        else if (*fmt == '*')
80000a88:	fcc712e3          	bne	a4,a2,80000a4c <rt_vsnprintf+0x10c>
            field_width = va_arg(args, int);
80000a8c:	00032783          	lw	a5,0(t1)
            ++fmt;
80000a90:	00298693          	addi	a3,s3,2
            field_width = va_arg(args, int);
80000a94:	00430313          	addi	t1,t1,4
            if (field_width < 0)
80000a98:	fa07dae3          	bgez	a5,80000a4c <rt_vsnprintf+0x10c>
                field_width = -field_width;
80000a9c:	40f007b3          	neg	a5,a5
                flags |= LEFT;
80000aa0:	0108e893          	ori	a7,a7,16
80000aa4:	fa9ff06f          	j	80000a4c <rt_vsnprintf+0x10c>
        i = i * 10 + *((*s)++) - '0';
80000aa8:	03c80833          	mul	a6,a6,t3
80000aac:	00170713          	addi	a4,a4,1
80000ab0:	00d80833          	add	a6,a6,a3
80000ab4:	fd080813          	addi	a6,a6,-48
    while (_ISDIGIT(**s))
80000ab8:	00074683          	lbu	a3,0(a4)
80000abc:	fd068593          	addi	a1,a3,-48
80000ac0:	feb674e3          	bgeu	a2,a1,80000aa8 <rt_vsnprintf+0x168>
            if (precision < 0)
80000ac4:	00085463          	bgez	a6,80000acc <rt_vsnprintf+0x18c>
80000ac8:	00000813          	li	a6,0
80000acc:	00070693          	mv	a3,a4
        if (*fmt == 'h' || *fmt == 'l' ||
80000ad0:	0006c703          	lbu	a4,0(a3)
80000ad4:	06800613          	li	a2,104
80000ad8:	0fb77593          	andi	a1,a4,251
80000adc:	00c58663          	beq	a1,a2,80000ae8 <rt_vsnprintf+0x1a8>
80000ae0:	07a00613          	li	a2,122
80000ae4:	0ac71263          	bne	a4,a2,80000b88 <rt_vsnprintf+0x248>
            if (qualifier == 'h' && *fmt == 'h')
80000ae8:	06800593          	li	a1,104
80000aec:	0016c603          	lbu	a2,1(a3)
            ++fmt;
80000af0:	00168993          	addi	s3,a3,1
            if (qualifier == 'h' && *fmt == 'h')
80000af4:	00b71863          	bne	a4,a1,80000b04 <rt_vsnprintf+0x1c4>
80000af8:	00e61663          	bne	a2,a4,80000b04 <rt_vsnprintf+0x1c4>
                ++fmt;
80000afc:	00268993          	addi	s3,a3,2
                qualifier = 'H';
80000b00:	04800713          	li	a4,72
        switch (*fmt)
80000b04:	0009c683          	lbu	a3,0(s3)
80000b08:	07800613          	li	a2,120
80000b0c:	02d66863          	bltu	a2,a3,80000b3c <rt_vsnprintf+0x1fc>
80000b10:	05700613          	li	a2,87
80000b14:	08d66063          	bltu	a2,a3,80000b94 <rt_vsnprintf+0x254>
80000b18:	02500793          	li	a5,37
80000b1c:	28f68863          	beq	a3,a5,80000dac <rt_vsnprintf+0x46c>
80000b20:	fbb68693          	addi	a3,a3,-69
80000b24:	0ff6f693          	andi	a3,a3,255
80000b28:	00200793          	li	a5,2
80000b2c:	00d7e863          	bltu	a5,a3,80000b3c <rt_vsnprintf+0x1fc>
            va_arg(args, double);
80000b30:	00730313          	addi	t1,t1,7
80000b34:	ff837313          	andi	t1,t1,-8
80000b38:	00830313          	addi	t1,t1,8
            if (str < end)
80000b3c:	01757663          	bgeu	a0,s7,80000b48 <rt_vsnprintf+0x208>
                *str = '%';
80000b40:	02500793          	li	a5,37
80000b44:	00f50023          	sb	a5,0(a0)
            if (*fmt)
80000b48:	0009c703          	lbu	a4,0(s3)
            ++ str;
80000b4c:	00150793          	addi	a5,a0,1
            if (*fmt)
80000b50:	28070e63          	beqz	a4,80000dec <rt_vsnprintf+0x4ac>
                if (str < end)
80000b54:	0177f463          	bgeu	a5,s7,80000b5c <rt_vsnprintf+0x21c>
                    *str = *fmt;
80000b58:	00e500a3          	sb	a4,1(a0)
                ++ str;
80000b5c:	00250793          	addi	a5,a0,2
80000b60:	0e00006f          	j	80000c40 <rt_vsnprintf+0x300>
            else if (*fmt == '*')
80000b64:	02a00593          	li	a1,42
80000b68:	00b61a63          	bne	a2,a1,80000b7c <rt_vsnprintf+0x23c>
                precision = va_arg(args, int);
80000b6c:	00032803          	lw	a6,0(t1)
                ++fmt;
80000b70:	00268713          	addi	a4,a3,2
                precision = va_arg(args, int);
80000b74:	00430313          	addi	t1,t1,4
80000b78:	f4dff06f          	j	80000ac4 <rt_vsnprintf+0x184>
            ++fmt;
80000b7c:	00070693          	mv	a3,a4
                precision = 0;
80000b80:	00000813          	li	a6,0
80000b84:	f4dff06f          	j	80000ad0 <rt_vsnprintf+0x190>
80000b88:	00068993          	mv	s3,a3
        qualifier = 0; /* get the conversion qualifier */
80000b8c:	00000713          	li	a4,0
80000b90:	f75ff06f          	j	80000b04 <rt_vsnprintf+0x1c4>
80000b94:	fa868693          	addi	a3,a3,-88
80000b98:	0ff6f693          	andi	a3,a3,255
80000b9c:	fadae0e3          	bltu	s5,a3,80000b3c <rt_vsnprintf+0x1fc>
80000ba0:	00004617          	auipc	a2,0x4
80000ba4:	f4c60613          	addi	a2,a2,-180 # 80004aec <rt_system_timer_thread_init+0xc>
80000ba8:	00269693          	slli	a3,a3,0x2
80000bac:	00c686b3          	add	a3,a3,a2
80000bb0:	0006a683          	lw	a3,0(a3)
80000bb4:	00c686b3          	add	a3,a3,a2
80000bb8:	00068067          	jr	a3
            if (!(flags & LEFT))
80000bbc:	0108f893          	andi	a7,a7,16
80000bc0:	04089463          	bnez	a7,80000c08 <rt_vsnprintf+0x2c8>
80000bc4:	00078693          	mv	a3,a5
80000bc8:	00050713          	mv	a4,a0
80000bcc:	0100006f          	j	80000bdc <rt_vsnprintf+0x29c>
                    if (str < end) *str = ' ';
80000bd0:	01777463          	bgeu	a4,s7,80000bd8 <rt_vsnprintf+0x298>
80000bd4:	01570023          	sb	s5,0(a4)
                    ++ str;
80000bd8:	00170713          	addi	a4,a4,1
                while (--field_width > 0)
80000bdc:	fff68693          	addi	a3,a3,-1
80000be0:	fed048e3          	bgtz	a3,80000bd0 <rt_vsnprintf+0x290>
80000be4:	fff78713          	addi	a4,a5,-1
80000be8:	00000693          	li	a3,0
80000bec:	00f05463          	blez	a5,80000bf4 <rt_vsnprintf+0x2b4>
80000bf0:	00070693          	mv	a3,a4
80000bf4:	00d50533          	add	a0,a0,a3
80000bf8:	00f04463          	bgtz	a5,80000c00 <rt_vsnprintf+0x2c0>
80000bfc:	00100793          	li	a5,1
80000c00:	40f707b3          	sub	a5,a4,a5
80000c04:	00178793          	addi	a5,a5,1
            c = (rt_uint8_t)va_arg(args, int);
80000c08:	00430613          	addi	a2,t1,4
            if (str < end)
80000c0c:	01757663          	bgeu	a0,s7,80000c18 <rt_vsnprintf+0x2d8>
            c = (rt_uint8_t)va_arg(args, int);
80000c10:	00032703          	lw	a4,0(t1)
80000c14:	00e50023          	sb	a4,0(a0)
            ++ str;
80000c18:	00150713          	addi	a4,a0,1
80000c1c:	00070693          	mv	a3,a4
80000c20:	00f50533          	add	a0,a0,a5
            while (--field_width > 0)
80000c24:	40d505b3          	sub	a1,a0,a3
80000c28:	06b04463          	bgtz	a1,80000c90 <rt_vsnprintf+0x350>
80000c2c:	00000513          	li	a0,0
80000c30:	00f05463          	blez	a5,80000c38 <rt_vsnprintf+0x2f8>
80000c34:	fff78513          	addi	a0,a5,-1
80000c38:	00a707b3          	add	a5,a4,a0
            c = (rt_uint8_t)va_arg(args, int);
80000c3c:	00060313          	mv	t1,a2
    for (; *fmt ; ++fmt)
80000c40:	00198993          	addi	s3,s3,1
80000c44:	00078513          	mv	a0,a5
80000c48:	0009c783          	lbu	a5,0(s3)
80000c4c:	d4079ee3          	bnez	a5,800009a8 <rt_vsnprintf+0x68>
            num = (rt_uint32_t)va_arg(args, unsigned long);
        }
        str = print_number(str, end, num, base, qualifier, field_width, precision, flags);
    }

    if (size > 0)
80000c50:	000b0663          	beqz	s6,80000c5c <rt_vsnprintf+0x31c>
    {
        if (str < end)
80000c54:	21757a63          	bgeu	a0,s7,80000e68 <rt_vsnprintf+0x528>
        {
            *str = '\0';
80000c58:	00050023          	sb	zero,0(a0)

    /* the trailing null byte doesn't count towards the total
    * ++str;
    */
    return str - buf;
}
80000c5c:	02c12083          	lw	ra,44(sp)
80000c60:	02812403          	lw	s0,40(sp)
80000c64:	02412483          	lw	s1,36(sp)
80000c68:	02012903          	lw	s2,32(sp)
80000c6c:	01c12983          	lw	s3,28(sp)
80000c70:	01412a83          	lw	s5,20(sp)
80000c74:	01012b03          	lw	s6,16(sp)
80000c78:	00c12b83          	lw	s7,12(sp)
80000c7c:	00812c03          	lw	s8,8(sp)
80000c80:	41450533          	sub	a0,a0,s4
80000c84:	01812a03          	lw	s4,24(sp)
80000c88:	03010113          	addi	sp,sp,48
80000c8c:	00008067          	ret
                if (str < end) *str = ' ';
80000c90:	0176f463          	bgeu	a3,s7,80000c98 <rt_vsnprintf+0x358>
80000c94:	01568023          	sb	s5,0(a3)
                ++ str;
80000c98:	00168693          	addi	a3,a3,1
80000c9c:	f89ff06f          	j	80000c24 <rt_vsnprintf+0x2e4>
            s = va_arg(args, char *);
80000ca0:	00032603          	lw	a2,0(t1)
80000ca4:	00430e13          	addi	t3,t1,4
            if (!s)
80000ca8:	00061663          	bnez	a2,80000cb4 <rt_vsnprintf+0x374>
                s = "(null)";
80000cac:	00004617          	auipc	a2,0x4
80000cb0:	e3860613          	addi	a2,a2,-456 # 80004ae4 <rt_system_timer_thread_init+0x4>
            for (len = 0; (len != field_width) && (s[len] != '\0'); len++);
80000cb4:	00000693          	li	a3,0
80000cb8:	00f68863          	beq	a3,a5,80000cc8 <rt_vsnprintf+0x388>
80000cbc:	00d60733          	add	a4,a2,a3
80000cc0:	00074703          	lbu	a4,0(a4)
80000cc4:	02071263          	bnez	a4,80000ce8 <rt_vsnprintf+0x3a8>
            if (precision > 0 && len > precision)
80000cc8:	01005663          	blez	a6,80000cd4 <rt_vsnprintf+0x394>
80000ccc:	00d85463          	bge	a6,a3,80000cd4 <rt_vsnprintf+0x394>
80000cd0:	00080693          	mv	a3,a6
            if (!(flags & LEFT))
80000cd4:	0108f893          	andi	a7,a7,16
80000cd8:	04089a63          	bnez	a7,80000d2c <rt_vsnprintf+0x3ec>
80000cdc:	00050713          	mv	a4,a0
                while (len < field_width--)
80000ce0:	00f50833          	add	a6,a0,a5
80000ce4:	0180006f          	j	80000cfc <rt_vsnprintf+0x3bc>
            for (len = 0; (len != field_width) && (s[len] != '\0'); len++);
80000ce8:	00168693          	addi	a3,a3,1
80000cec:	fcdff06f          	j	80000cb8 <rt_vsnprintf+0x378>
                    if (str < end) *str = ' ';
80000cf0:	01777463          	bgeu	a4,s7,80000cf8 <rt_vsnprintf+0x3b8>
80000cf4:	01570023          	sb	s5,0(a4)
                    ++ str;
80000cf8:	00170713          	addi	a4,a4,1
                while (len < field_width--)
80000cfc:	40e805b3          	sub	a1,a6,a4
80000d00:	feb6c8e3          	blt	a3,a1,80000cf0 <rt_vsnprintf+0x3b0>
80000d04:	40d785b3          	sub	a1,a5,a3
80000d08:	00000713          	li	a4,0
80000d0c:	00d7c463          	blt	a5,a3,80000d14 <rt_vsnprintf+0x3d4>
80000d10:	00058713          	mv	a4,a1
80000d14:	00e50533          	add	a0,a0,a4
80000d18:	fff78813          	addi	a6,a5,-1
80000d1c:	00000713          	li	a4,0
80000d20:	00d7c463          	blt	a5,a3,80000d28 <rt_vsnprintf+0x3e8>
80000d24:	40b00733          	neg	a4,a1
80000d28:	00e807b3          	add	a5,a6,a4
            for (i = 0; i < len; ++i)
80000d2c:	00000713          	li	a4,0
80000d30:	02d71863          	bne	a4,a3,80000d60 <rt_vsnprintf+0x420>
80000d34:	00d50733          	add	a4,a0,a3
80000d38:	00070613          	mv	a2,a4
            while (len < field_width--)
80000d3c:	00f70533          	add	a0,a4,a5
80000d40:	40c505b3          	sub	a1,a0,a2
80000d44:	02b6cc63          	blt	a3,a1,80000d7c <rt_vsnprintf+0x43c>
80000d48:	00000513          	li	a0,0
80000d4c:	00d7c463          	blt	a5,a3,80000d54 <rt_vsnprintf+0x414>
80000d50:	40d78533          	sub	a0,a5,a3
80000d54:	00a707b3          	add	a5,a4,a0
            s = va_arg(args, char *);
80000d58:	000e0313          	mv	t1,t3
80000d5c:	ee5ff06f          	j	80000c40 <rt_vsnprintf+0x300>
                if (str < end) *str = *s;
80000d60:	00e505b3          	add	a1,a0,a4
80000d64:	0175f863          	bgeu	a1,s7,80000d74 <rt_vsnprintf+0x434>
80000d68:	00e60833          	add	a6,a2,a4
80000d6c:	00084803          	lbu	a6,0(a6)
80000d70:	01058023          	sb	a6,0(a1)
            for (i = 0; i < len; ++i)
80000d74:	00170713          	addi	a4,a4,1
80000d78:	fb9ff06f          	j	80000d30 <rt_vsnprintf+0x3f0>
                if (str < end) *str = ' ';
80000d7c:	01767463          	bgeu	a2,s7,80000d84 <rt_vsnprintf+0x444>
80000d80:	01560023          	sb	s5,0(a2)
                ++ str;
80000d84:	00160613          	addi	a2,a2,1
80000d88:	fb9ff06f          	j	80000d40 <rt_vsnprintf+0x400>
            if (field_width == -1)
80000d8c:	fff00693          	li	a3,-1
80000d90:	00d79663          	bne	a5,a3,80000d9c <rt_vsnprintf+0x45c>
                flags |= ZEROPAD;
80000d94:	0218e893          	ori	a7,a7,33
                field_width += 2; /* `0x` prefix */
80000d98:	00a00793          	li	a5,10
            str = print_number(str, end, (unsigned long)va_arg(args, void *),
80000d9c:	00430c13          	addi	s8,t1,4
80000da0:	01000693          	li	a3,16
            num = va_arg(args, size_t);
80000da4:	00032603          	lw	a2,0(t1)
80000da8:	0780006f          	j	80000e20 <rt_vsnprintf+0x4e0>
            if (str < end)
80000dac:	c17576e3          	bgeu	a0,s7,800009b8 <rt_vsnprintf+0x78>
                *str = '%';
80000db0:	00d50023          	sb	a3,0(a0)
80000db4:	c05ff06f          	j	800009b8 <rt_vsnprintf+0x78>
            base = 8;
80000db8:	00800693          	li	a3,8
        if (qualifier == 'L')
80000dbc:	04c00613          	li	a2,76
80000dc0:	02c71e63          	bne	a4,a2,80000dfc <rt_vsnprintf+0x4bc>
            num = va_arg(args, unsigned long long);
80000dc4:	00730313          	addi	t1,t1,7
80000dc8:	ff837313          	andi	t1,t1,-8
80000dcc:	00830c13          	addi	s8,t1,8
80000dd0:	fd5ff06f          	j	80000da4 <rt_vsnprintf+0x464>
            flags |= LARGE;
80000dd4:	0408e893          	ori	a7,a7,64
            base = 16;
80000dd8:	01000693          	li	a3,16
80000ddc:	fe1ff06f          	j	80000dbc <rt_vsnprintf+0x47c>
            flags |= SIGN;
80000de0:	0028e893          	ori	a7,a7,2
        base = 10;
80000de4:	00a00693          	li	a3,10
80000de8:	fd5ff06f          	j	80000dbc <rt_vsnprintf+0x47c>
                -- fmt;
80000dec:	fff98993          	addi	s3,s3,-1
80000df0:	e51ff06f          	j	80000c40 <rt_vsnprintf+0x300>
            base = 2;
80000df4:	00200693          	li	a3,2
80000df8:	fc5ff06f          	j	80000dbc <rt_vsnprintf+0x47c>
        else if (qualifier == 'l')
80000dfc:	06c00613          	li	a2,108
            c = (rt_uint8_t)va_arg(args, int);
80000e00:	00430c13          	addi	s8,t1,4
        else if (qualifier == 'l')
80000e04:	fac700e3          	beq	a4,a2,80000da4 <rt_vsnprintf+0x464>
        else if (qualifier == 'H')
80000e08:	04800613          	li	a2,72
80000e0c:	02c71a63          	bne	a4,a2,80000e40 <rt_vsnprintf+0x500>
            if (flags & SIGN)
80000e10:	0028f593          	andi	a1,a7,2
            num = (rt_uint8_t)va_arg(args, rt_int32_t);
80000e14:	00032603          	lw	a2,0(t1)
            if (flags & SIGN)
80000e18:	00059e63          	bnez	a1,80000e34 <rt_vsnprintf+0x4f4>
            num = (rt_uint8_t)va_arg(args, rt_int32_t);
80000e1c:	0ff67613          	andi	a2,a2,255
        str = print_number(str, end, num, base, qualifier, field_width, precision, flags);
80000e20:	000b8593          	mv	a1,s7
80000e24:	fe4ff0ef          	jal	ra,80000608 <print_number>
80000e28:	00050793          	mv	a5,a0
80000e2c:	000c0313          	mv	t1,s8
80000e30:	e11ff06f          	j	80000c40 <rt_vsnprintf+0x300>
                num = (rt_int8_t)num;
80000e34:	01861613          	slli	a2,a2,0x18
80000e38:	41865613          	srai	a2,a2,0x18
80000e3c:	fe5ff06f          	j	80000e20 <rt_vsnprintf+0x4e0>
        else if (qualifier == 'h')
80000e40:	06800613          	li	a2,104
80000e44:	f6c710e3          	bne	a4,a2,80000da4 <rt_vsnprintf+0x464>
            if (flags & SIGN)
80000e48:	0028f593          	andi	a1,a7,2
            num = (rt_uint16_t)va_arg(args, rt_int32_t);
80000e4c:	00032603          	lw	a2,0(t1)
            if (flags & SIGN)
80000e50:	00059663          	bnez	a1,80000e5c <rt_vsnprintf+0x51c>
            num = (rt_uint16_t)va_arg(args, rt_int32_t);
80000e54:	00867633          	and	a2,a2,s0
80000e58:	fc9ff06f          	j	80000e20 <rt_vsnprintf+0x4e0>
                num = (rt_int16_t)num;
80000e5c:	01061613          	slli	a2,a2,0x10
80000e60:	41065613          	srai	a2,a2,0x10
80000e64:	fbdff06f          	j	80000e20 <rt_vsnprintf+0x4e0>
            end[-1] = '\0';
80000e68:	fe0b8fa3          	sb	zero,-1(s7)
80000e6c:	df1ff06f          	j	80000c5c <rt_vsnprintf+0x31c>

80000e70 <worker_a>:
{
    (void)parameter;
#if defined(RTT_TEST_CONTEXT)
    for (int i = 0; i < 8; ++i) { yield_sequence[yield_index++] = 0xa; rt_thread_yield(); }
#else
    for (;;) worker_a_count++;
80000e70:	90c18713          	addi	a4,gp,-1780 # 8010010c <worker_a_count>
80000e74:	00072783          	lw	a5,0(a4)
80000e78:	00178793          	addi	a5,a5,1
80000e7c:	00f72023          	sw	a5,0(a4)
80000e80:	ff5ff06f          	j	80000e74 <worker_a+0x4>

80000e84 <worker_b>:
{
    (void)parameter;
#if defined(RTT_TEST_CONTEXT)
    for (int i = 0; i < 8; ++i) { yield_sequence[yield_index++] = 0xb; rt_thread_yield(); }
#else
    for (;;) worker_b_count++;
80000e84:	91018713          	addi	a4,gp,-1776 # 80100110 <worker_b_count>
80000e88:	00072783          	lw	a5,0(a4)
80000e8c:	00178793          	addi	a5,a5,1
80000e90:	00f72023          	sw	a5,0(a4)
80000e94:	ff5ff06f          	j	80000e88 <worker_b+0x4>

80000e98 <start_worker>:
#endif
}

static void start_worker(const char *name, void (*entry)(void *))
{
80000e98:	ff010113          	addi	sp,sp,-16
    rt_thread_t thread = rt_thread_create(name, entry, RT_NULL, 1024, 12, 2);
80000e9c:	00200793          	li	a5,2
80000ea0:	00c00713          	li	a4,12
80000ea4:	40000693          	li	a3,1024
80000ea8:	00000613          	li	a2,0
{
80000eac:	00112623          	sw	ra,12(sp)
    rt_thread_t thread = rt_thread_create(name, entry, RT_NULL, 1024, 12, 2);
80000eb0:	711020ef          	jal	ra,80003dc0 <rt_thread_create>
    if (thread == RT_NULL || rt_thread_startup(thread) != RT_EOK) bsp_test_fail(2);
80000eb4:	00051a63          	bnez	a0,80000ec8 <start_worker+0x30>
}
80000eb8:	00c12083          	lw	ra,12(sp)
    if (thread == RT_NULL || rt_thread_startup(thread) != RT_EOK) bsp_test_fail(2);
80000ebc:	00200513          	li	a0,2
}
80000ec0:	01010113          	addi	sp,sp,16
    if (thread == RT_NULL || rt_thread_startup(thread) != RT_EOK) bsp_test_fail(2);
80000ec4:	1500006f          	j	80001014 <bsp_test_fail>
80000ec8:	418030ef          	jal	ra,800042e0 <rt_thread_startup>
80000ecc:	fe0516e3          	bnez	a0,80000eb8 <start_worker+0x20>
}
80000ed0:	00c12083          	lw	ra,12(sp)
80000ed4:	01010113          	addi	sp,sp,16
80000ed8:	00008067          	ret

80000edc <main>:

int main(void)
{
80000edc:	ff010113          	addi	sp,sp,-16
    rt_kprintf("RT-Thread/superScalar test start\n");
80000ee0:	00004517          	auipc	a0,0x4
80000ee4:	cb850513          	addi	a0,a0,-840 # 80004b98 <small_digits.0+0x14>
{
80000ee8:	00112623          	sw	ra,12(sp)
    rt_kprintf("RT-Thread/superScalar test start\n");
80000eec:	2c0010ef          	jal	ra,800021ac <rt_kprintf>
    if (yield_index != 16) bsp_test_fail(4);
    for (int i = 0; i < 16; ++i)
        if (yield_sequence[i] != ((i & 1) ? 0xbU : 0xaU)) bsp_test_fail(5);
    bsp_test_pass(4);
#else
    start_worker("cpu-a", worker_a);
80000ef0:	00000597          	auipc	a1,0x0
80000ef4:	f8058593          	addi	a1,a1,-128 # 80000e70 <worker_a>
80000ef8:	00004517          	auipc	a0,0x4
80000efc:	cc450513          	addi	a0,a0,-828 # 80004bbc <small_digits.0+0x38>
80000f00:	f99ff0ef          	jal	ra,80000e98 <start_worker>
    start_worker("cpu-b", worker_b);
80000f04:	00000597          	auipc	a1,0x0
80000f08:	f8058593          	addi	a1,a1,-128 # 80000e84 <worker_b>
80000f0c:	00004517          	auipc	a0,0x4
80000f10:	cb850513          	addi	a0,a0,-840 # 80004bc4 <small_digits.0+0x40>
80000f14:	f85ff0ef          	jal	ra,80000e98 <start_worker>
    rt_thread_mdelay(60);
80000f18:	03c00513          	li	a0,60
80000f1c:	2f4030ef          	jal	ra,80004210 <rt_thread_mdelay>
    if (worker_a_count == 0 || worker_b_count == 0) bsp_test_fail(6);
80000f20:	90c1a783          	lw	a5,-1780(gp) # 8010010c <worker_a_count>
80000f24:	00078663          	beqz	a5,80000f30 <main+0x54>
80000f28:	9101a783          	lw	a5,-1776(gp) # 80100110 <worker_b_count>
80000f2c:	00079663          	bnez	a5,80000f38 <main+0x5c>
80000f30:	00600513          	li	a0,6
80000f34:	0e0000ef          	jal	ra,80001014 <bsp_test_fail>
    bsp_test_pass(5);
80000f38:	00500513          	li	a0,5
80000f3c:	0b8000ef          	jal	ra,80000ff4 <bsp_test_pass>
#endif
    return 0;
}
80000f40:	00c12083          	lw	ra,12(sp)
80000f44:	00000513          	li	a0,0
80000f48:	01010113          	addi	sp,sp,16
80000f4c:	00008067          	ret

80000f50 <mtime_read>:
static uint64_t mtime_read(void)
{
    volatile uint32_t *lo = (volatile uint32_t *)BSP_MTIME_LO;
    volatile uint32_t *hi = (volatile uint32_t *)BSP_MTIME_HI;
    uint32_t h0, l, h1;
    do { h0 = *hi; l = *lo; h1 = *hi; } while (h0 != h1);
80000f50:	0200c7b7          	lui	a5,0x200c
80000f54:	ffc7a583          	lw	a1,-4(a5) # 200bffc <_start-0x7dff4004>
80000f58:	ff87a503          	lw	a0,-8(a5)
80000f5c:	ffc7a703          	lw	a4,-4(a5)
80000f60:	fee59ae3          	bne	a1,a4,80000f54 <mtime_read+0x4>
    return ((uint64_t)h0 << 32) | l;
}
80000f64:	00008067          	ret

80000f68 <rt_hw_board_init>:
    *lo = (uint32_t)value;
    *hi = (uint32_t)(value >> 32);
}

void rt_hw_board_init(void)
{
80000f68:	ff010113          	addi	sp,sp,-16
80000f6c:	00112623          	sw	ra,12(sp)
    uintptr_t vector = (uintptr_t)trap_entry;
    __asm__ volatile ("csrw mtvec, %0" :: "r"(vector));
80000f70:	fffff797          	auipc	a5,0xfffff
80000f74:	45478793          	addi	a5,a5,1108 # 800003c4 <trap_entry>
80000f78:	30579073          	csrw	mtvec,a5
    rt_system_heap_init(__heap_start, __heap_end);
80000f7c:	0013b597          	auipc	a1,0x13b
80000f80:	08458593          	addi	a1,a1,132 # 8013c000 <__heap_end>
80000f84:	e2018513          	addi	a0,gp,-480 # 80100620 <__bss_end>
80000f88:	568010ef          	jal	ra,800024f0 <rt_system_heap_init>
    timer_next = mtime_read() + BSP_CPU_HZ / RT_TICK_PER_SECOND;
80000f8c:	fc5ff0ef          	jal	ra,80000f50 <mtime_read>
80000f90:	0007a7b7          	lui	a5,0x7a
80000f94:	12078793          	addi	a5,a5,288 # 7a120 <_start-0x7ff85ee0>
80000f98:	00f507b3          	add	a5,a0,a5
80000f9c:	00a7b533          	sltu	a0,a5,a0
80000fa0:	00b505b3          	add	a1,a0,a1
80000fa4:	91818713          	addi	a4,gp,-1768 # 80100118 <timer_next>
80000fa8:	00f72023          	sw	a5,0(a4)
80000fac:	00b72223          	sw	a1,4(a4)
    *hi = UINT32_MAX;
80000fb0:	fff00693          	li	a3,-1
80000fb4:	02004737          	lui	a4,0x2004
80000fb8:	00d72223          	sw	a3,4(a4) # 2004004 <_start-0x7dffbffc>
    *lo = (uint32_t)value;
80000fbc:	00f72023          	sw	a5,0(a4)
    *hi = (uint32_t)(value >> 32);
80000fc0:	00b72223          	sw	a1,4(a4)
    mtimecmp_write(timer_next);
    __asm__ volatile ("csrs mie, %0" :: "r"(0x80));
80000fc4:	08000793          	li	a5,128
80000fc8:	3047a073          	csrs	mie,a5
}
80000fcc:	00c12083          	lw	ra,12(sp)
80000fd0:	01010113          	addi	sp,sp,16
80000fd4:	00008067          	ret

80000fd8 <rt_hw_console_output>:

void rt_hw_console_output(const char *str)
{
    volatile uint8_t *console = (volatile uint8_t *)BSP_SIM_CONSOLE;
    while (*str) console[0] = (uint8_t)*str++;
80000fd8:	80200737          	lui	a4,0x80200
80000fdc:	00054783          	lbu	a5,0(a0)
80000fe0:	00079463          	bnez	a5,80000fe8 <rt_hw_console_output+0x10>
}
80000fe4:	00008067          	ret
    while (*str) console[0] = (uint8_t)*str++;
80000fe8:	00150513          	addi	a0,a0,1
80000fec:	06f70023          	sb	a5,96(a4) # 80200060 <__rt_rvstack+0xc0060>
80000ff0:	fedff06f          	j	80000fdc <rt_hw_console_output+0x4>

80000ff4 <bsp_test_pass>:
    return mepc;
}

void bsp_test_pass(unsigned int code)
{
    *(volatile uint32_t *)BSP_SIM_STATUS = BSP_SIM_PASS | (code << 8);
80000ff4:	525457b7          	lui	a5,0x52545
80000ff8:	00178793          	addi	a5,a5,1 # 52545001 <_start-0x2dabafff>
80000ffc:	00851513          	slli	a0,a0,0x8
80001000:	00f56533          	or	a0,a0,a5
80001004:	802007b7          	lui	a5,0x80200
80001008:	06a7a223          	sw	a0,100(a5) # 80200064 <__rt_rvstack+0xc0064>
    for (;;) __asm__ volatile ("nop");
8000100c:	00000013          	nop
80001010:	ffdff06f          	j	8000100c <bsp_test_pass+0x18>

80001014 <bsp_test_fail>:
}

void bsp_test_fail(unsigned int code)
{
    *(volatile uint32_t *)BSP_SIM_STATUS = BSP_SIM_FAIL | (code & 0xff);
80001014:	525447b7          	lui	a5,0x52544
80001018:	60078793          	addi	a5,a5,1536 # 52544600 <_start-0x2dabba00>
8000101c:	0ff57513          	andi	a0,a0,255
80001020:	00f56533          	or	a0,a0,a5
80001024:	802007b7          	lui	a5,0x80200
80001028:	06a7a223          	sw	a0,100(a5) # 80200064 <__rt_rvstack+0xc0064>
    for (;;) __asm__ volatile ("nop");
8000102c:	00000013          	nop
80001030:	ffdff06f          	j	8000102c <bsp_test_fail+0x18>

80001034 <handle_trap>:
{
80001034:	fe010113          	addi	sp,sp,-32
    if (mcause == 0x80000007UL)
80001038:	800007b7          	lui	a5,0x80000
{
8000103c:	00112e23          	sw	ra,28(sp)
80001040:	00812c23          	sw	s0,24(sp)
80001044:	00912a23          	sw	s1,20(sp)
80001048:	01212823          	sw	s2,16(sp)
8000104c:	01312623          	sw	s3,12(sp)
    if (mcause == 0x80000007UL)
80001050:	00778793          	addi	a5,a5,7 # 80000007 <__rt_rvstack+0xffec0007>
80001054:	0af51863          	bne	a0,a5,80001104 <handle_trap+0xd0>
        timer_next += BSP_CPU_HZ / RT_TICK_PER_SECOND;
80001058:	91818913          	addi	s2,gp,-1768 # 80100118 <timer_next>
8000105c:	00092783          	lw	a5,0(s2)
80001060:	0007a4b7          	lui	s1,0x7a
80001064:	00492403          	lw	s0,4(s2)
80001068:	12048493          	addi	s1,s1,288 # 7a120 <_start-0x7ff85ee0>
8000106c:	009784b3          	add	s1,a5,s1
80001070:	00f4b7b3          	sltu	a5,s1,a5
80001074:	00878433          	add	s0,a5,s0
80001078:	00992023          	sw	s1,0(s2)
8000107c:	00892223          	sw	s0,4(s2)
80001080:	00058993          	mv	s3,a1
        if ((int64_t)(timer_next - mtime_read()) <= 0)
80001084:	ecdff0ef          	jal	ra,80000f50 <mtime_read>
80001088:	40a48533          	sub	a0,s1,a0
8000108c:	00a4b4b3          	sltu	s1,s1,a0
80001090:	40b40433          	sub	s0,s0,a1
80001094:	40940433          	sub	s0,s0,s1
80001098:	02804663          	bgtz	s0,800010c4 <handle_trap+0x90>
8000109c:	00041463          	bnez	s0,800010a4 <handle_trap+0x70>
800010a0:	02051263          	bnez	a0,800010c4 <handle_trap+0x90>
            timer_next = mtime_read() + BSP_CPU_HZ / RT_TICK_PER_SECOND;
800010a4:	eadff0ef          	jal	ra,80000f50 <mtime_read>
800010a8:	0007a7b7          	lui	a5,0x7a
800010ac:	12078793          	addi	a5,a5,288 # 7a120 <_start-0x7ff85ee0>
800010b0:	00f507b3          	add	a5,a0,a5
800010b4:	00a7b533          	sltu	a0,a5,a0
800010b8:	00b50533          	add	a0,a0,a1
800010bc:	00f92023          	sw	a5,0(s2)
800010c0:	00a92223          	sw	a0,4(s2)
        mtimecmp_write(timer_next);
800010c4:	00092683          	lw	a3,0(s2)
800010c8:	00492703          	lw	a4,4(s2)
    *hi = UINT32_MAX;
800010cc:	020047b7          	lui	a5,0x2004
800010d0:	fff00613          	li	a2,-1
800010d4:	00c7a223          	sw	a2,4(a5) # 2004004 <_start-0x7dffbffc>
    *lo = (uint32_t)value;
800010d8:	00d7a023          	sw	a3,0(a5)
    *hi = (uint32_t)(value >> 32);
800010dc:	00e7a223          	sw	a4,4(a5)
        rt_tick_increase();
800010e0:	074000ef          	jal	ra,80001154 <rt_tick_increase>
}
800010e4:	01c12083          	lw	ra,28(sp)
800010e8:	01812403          	lw	s0,24(sp)
800010ec:	01412483          	lw	s1,20(sp)
800010f0:	01012903          	lw	s2,16(sp)
800010f4:	00098513          	mv	a0,s3
800010f8:	00c12983          	lw	s3,12(sp)
800010fc:	02010113          	addi	sp,sp,32
80001100:	00008067          	ret
    bsp_test_fail((unsigned int)(mcause & 0xff));
80001104:	0ff57513          	andi	a0,a0,255
80001108:	f0dff0ef          	jal	ra,80001014 <bsp_test_fail>

8000110c <memset>:
long double strtold(const char *text, char **end) { if (end) *end = (char *)text; return 0.0L; }

void *memset(void *dst, int value, unsigned int size)
{
    unsigned char *p = (unsigned char *)dst;
    while (size--) *p++ = (unsigned char)value;
8000110c:	00c50633          	add	a2,a0,a2
    unsigned char *p = (unsigned char *)dst;
80001110:	00050793          	mv	a5,a0
    while (size--) *p++ = (unsigned char)value;
80001114:	00c79463          	bne	a5,a2,8000111c <memset+0x10>
    return dst;
}
80001118:	00008067          	ret
    while (size--) *p++ = (unsigned char)value;
8000111c:	00178793          	addi	a5,a5,1
80001120:	feb78fa3          	sb	a1,-1(a5)
80001124:	ff1ff06f          	j	80001114 <memset+0x8>

80001128 <rt_tick_get>:
 * @brief    This function will return current tick from operating system startup.
 *
 * @return   Return current tick.
 */
rt_tick_t rt_tick_get(void)
{
80001128:	ff010113          	addi	sp,sp,-16
8000112c:	00112623          	sw	ra,12(sp)
80001130:	00812423          	sw	s0,8(sp)

rt_inline rt_atomic_t rt_soft_atomic_load(volatile rt_atomic_t *ptr)
{
    rt_base_t level;
    rt_atomic_t temp;
    level = rt_hw_interrupt_disable();
80001134:	8c0ff0ef          	jal	ra,800001f4 <rt_hw_interrupt_disable>
    temp = *ptr;
80001138:	9201a403          	lw	s0,-1760(gp) # 80100120 <rt_tick>
    rt_hw_interrupt_enable(level);
8000113c:	8c0ff0ef          	jal	ra,800001fc <rt_hw_interrupt_enable>
    /* return the global tick */
    return (rt_tick_t)rt_atomic_load(&(rt_tick));
}
80001140:	00c12083          	lw	ra,12(sp)
80001144:	00040513          	mv	a0,s0
80001148:	00812403          	lw	s0,8(sp)
8000114c:	01010113          	addi	sp,sp,16
80001150:	00008067          	ret

80001154 <rt_tick_increase>:
/**
 * @brief    This function will notify kernel there is one tick passed.
 *           Normally, this function is invoked by clock ISR.
 */
void rt_tick_increase(void)
{
80001154:	ff010113          	addi	sp,sp,-16
80001158:	00112623          	sw	ra,12(sp)
    RT_ASSERT(rt_interrupt_get_nest() > 0);
8000115c:	7d5000ef          	jal	ra,80002130 <rt_interrupt_get_nest>
80001160:	00051e63          	bnez	a0,8000117c <rt_tick_increase+0x28>
80001164:	08a00613          	li	a2,138
80001168:	00004597          	auipc	a1,0x4
8000116c:	a8058593          	addi	a1,a1,-1408 # 80004be8 <__FUNCTION__.1>
80001170:	00004517          	auipc	a0,0x4
80001174:	a5c50513          	addi	a0,a0,-1444 # 80004bcc <small_digits.0+0x48>
80001178:	2b0010ef          	jal	ra,80002428 <rt_assert_handler>

    RT_OBJECT_HOOK_CALL(rt_tick_hook, ());
8000117c:	9241a783          	lw	a5,-1756(gp) # 80100124 <rt_tick_hook>
80001180:	00078463          	beqz	a5,80001188 <rt_tick_increase+0x34>
80001184:	000780e7          	jalr	a5
    level = rt_hw_interrupt_disable();
80001188:	86cff0ef          	jal	ra,800001f4 <rt_hw_interrupt_disable>
    temp = *ptr;
8000118c:	92018793          	addi	a5,gp,-1760 # 80100120 <rt_tick>
80001190:	0007a703          	lw	a4,0(a5)
    *ptr += val;
80001194:	0007a703          	lw	a4,0(a5)
80001198:	00170713          	addi	a4,a4,1
8000119c:	00e7a023          	sw	a4,0(a5)
    rt_hw_interrupt_enable(level);
800011a0:	85cff0ef          	jal	ra,800001fc <rt_hw_interrupt_enable>
#else
    rt_atomic_add(&(rt_tick), 1);
#endif /* RT_USING_SMP */

    /* check time slice */
    rt_sched_tick_increase(1);
800011a4:	00100513          	li	a0,1
800011a8:	018020ef          	jal	ra,800031c0 <rt_sched_tick_increase>
    rt_timer_check();

#ifdef RT_USING_VDSO
    rt_vdso_sync_clock_data();
#endif
}
800011ac:	00c12083          	lw	ra,12(sp)
800011b0:	01010113          	addi	sp,sp,16
    rt_timer_check();
800011b4:	7800306f          	j	80004934 <rt_timer_check>

800011b8 <rt_tick_from_millisecond>:
 */
rt_tick_t rt_tick_from_millisecond(rt_int32_t ms)
{
    rt_tick_t tick;

    if (ms < 0)
800011b8:	02054663          	bltz	a0,800011e4 <rt_tick_from_millisecond+0x2c>
    else
    {
#if RT_TICK_PER_SECOND == 1000u
        tick = ms;
#else
        tick = RT_TICK_PER_SECOND * (ms / 1000);
800011bc:	3e800713          	li	a4,1000
800011c0:	02e547b3          	div	a5,a0,a4
800011c4:	06400693          	li	a3,100
        tick += (RT_TICK_PER_SECOND * (ms % 1000) + 999) / 1000;
800011c8:	02e56533          	rem	a0,a0,a4
800011cc:	02d50533          	mul	a0,a0,a3
800011d0:	3e750513          	addi	a0,a0,999
800011d4:	02e54533          	div	a0,a0,a4
        tick = RT_TICK_PER_SECOND * (ms / 1000);
800011d8:	02d787b3          	mul	a5,a5,a3
        tick += (RT_TICK_PER_SECOND * (ms % 1000) + 999) / 1000;
800011dc:	00f50533          	add	a0,a0,a5
800011e0:	00008067          	ret
        tick = (rt_tick_t)RT_WAITING_FOREVER;
800011e4:	fff00513          	li	a0,-1
#endif /* RT_TICK_PER_SECOND == 1000u */
    }

    /* return the calculated tick */
    return tick;
}
800011e8:	00008067          	ret

800011ec <rti_start>:
}
800011ec:	00000513          	li	a0,0
800011f0:	00008067          	ret

800011f4 <rti_end>:
800011f4:	00000513          	li	a0,0
800011f8:	00008067          	ret

800011fc <rti_board_start>:
800011fc:	00000513          	li	a0,0
80001200:	00008067          	ret

80001204 <rti_board_end>:
80001204:	00000513          	li	a0,0
80001208:	00008067          	ret

8000120c <rt_components_init>:
{
8000120c:	ff010113          	addi	sp,sp,-16
80001210:	00812423          	sw	s0,8(sp)
80001214:	00912223          	sw	s1,4(sp)
80001218:	00112623          	sw	ra,12(sp)
    for (fn_ptr = &__rt_init_rti_board_end; fn_ptr < &__rt_init_rti_end; fn_ptr ++)
8000121c:	00005417          	auipc	s0,0x5
80001220:	94840413          	addi	s0,s0,-1720 # 80005b64 <__rt_init_rti_board_end>
80001224:	00005497          	auipc	s1,0x5
80001228:	94448493          	addi	s1,s1,-1724 # 80005b68 <__rt_init_rti_end>
8000122c:	00946c63          	bltu	s0,s1,80001244 <rt_components_init+0x38>
}
80001230:	00c12083          	lw	ra,12(sp)
80001234:	00812403          	lw	s0,8(sp)
80001238:	00412483          	lw	s1,4(sp)
8000123c:	01010113          	addi	sp,sp,16
80001240:	00008067          	ret
        (*fn_ptr)();
80001244:	00042783          	lw	a5,0(s0)
    for (fn_ptr = &__rt_init_rti_board_end; fn_ptr < &__rt_init_rti_end; fn_ptr ++)
80001248:	00440413          	addi	s0,s0,4
        (*fn_ptr)();
8000124c:	000780e7          	jalr	a5
    for (fn_ptr = &__rt_init_rti_board_end; fn_ptr < &__rt_init_rti_end; fn_ptr ++)
80001250:	fddff06f          	j	8000122c <rt_components_init+0x20>

80001254 <main_thread_entry>:
 *         entry main().
 *
 * @param  parameter is the arg of the thread.
 */
static void main_thread_entry(void *parameter)
{
80001254:	ff010113          	addi	sp,sp,-16
80001258:	00112623          	sw	ra,12(sp)
    extern int main(void);
    RT_UNUSED(parameter);

#ifdef RT_USING_COMPONENTS_INIT
    /* RT-Thread components initialization */
    rt_components_init();
8000125c:	fb1ff0ef          	jal	ra,8000120c <rt_components_init>
        $Super$$main(); /* for ARMCC. */
    }
#elif defined(__ICCARM__) || defined(__GNUC__) || defined(__TASKING__) || defined(__TI_COMPILER_VERSION__)
    main();
#endif /* __ARMCC_VERSION */
}
80001260:	00c12083          	lw	ra,12(sp)
80001264:	01010113          	addi	sp,sp,16
    main();
80001268:	c75ff06f          	j	80000edc <main>

8000126c <rt_application_init>:
void rt_application_init(void)
{
    rt_thread_t tid;

#ifdef RT_USING_HEAP
    tid = rt_thread_create("main", main_thread_entry, RT_NULL,
8000126c:	000016b7          	lui	a3,0x1
{
80001270:	ff010113          	addi	sp,sp,-16
    tid = rt_thread_create("main", main_thread_entry, RT_NULL,
80001274:	01400793          	li	a5,20
80001278:	00a00713          	li	a4,10
8000127c:	80068693          	addi	a3,a3,-2048 # 800 <_start-0x7ffff800>
80001280:	00000613          	li	a2,0
80001284:	00000597          	auipc	a1,0x0
80001288:	fd058593          	addi	a1,a1,-48 # 80001254 <main_thread_entry>
8000128c:	00004517          	auipc	a0,0x4
80001290:	97050513          	addi	a0,a0,-1680 # 80004bfc <__FUNCTION__.1+0x14>
{
80001294:	00812423          	sw	s0,8(sp)
80001298:	00112623          	sw	ra,12(sp)
    tid = rt_thread_create("main", main_thread_entry, RT_NULL,
8000129c:	325020ef          	jal	ra,80003dc0 <rt_thread_create>
800012a0:	00050413          	mv	s0,a0
                           RT_MAIN_THREAD_STACK_SIZE, RT_MAIN_THREAD_PRIORITY, 20);
    RT_ASSERT(tid != RT_NULL);
800012a4:	00051e63          	bnez	a0,800012c0 <rt_application_init+0x54>
800012a8:	0dd00613          	li	a2,221
800012ac:	00004597          	auipc	a1,0x4
800012b0:	96858593          	addi	a1,a1,-1688 # 80004c14 <__FUNCTION__.0>
800012b4:	00004517          	auipc	a0,0x4
800012b8:	95050513          	addi	a0,a0,-1712 # 80004c04 <__FUNCTION__.1+0x1c>
800012bc:	16c010ef          	jal	ra,80002428 <rt_assert_handler>

    /* if not define RT_USING_HEAP, using to eliminate the warning */
    (void)result;
#endif /* RT_USING_HEAP */

    rt_thread_startup(tid);
800012c0:	00040513          	mv	a0,s0
}
800012c4:	00812403          	lw	s0,8(sp)
800012c8:	00c12083          	lw	ra,12(sp)
800012cc:	01010113          	addi	sp,sp,16
    rt_thread_startup(tid);
800012d0:	0100306f          	j	800042e0 <rt_thread_startup>

800012d4 <rtthread_startup>:
 *         the initialization of the system, and finally start the scheduler.
 *
 * @return Normally never returns. If 0 is returned, the scheduler failed.
 */
int rtthread_startup(void)
{
800012d4:	ff010113          	addi	sp,sp,-16
800012d8:	00112623          	sw	ra,12(sp)
#ifdef RT_USING_SMP
    rt_hw_spin_lock_init(&_cpus_lock);
#endif
    rt_hw_local_irq_disable();
800012dc:	f19fe0ef          	jal	ra,800001f4 <rt_hw_interrupt_disable>

    /* board level initialization
     * NOTE: please initialize heap inside board initialization.
     */
    rt_hw_board_init();
800012e0:	c89ff0ef          	jal	ra,80000f68 <rt_hw_board_init>

    /* show RT-Thread version */
    rt_show_version();
800012e4:	781000ef          	jal	ra,80002264 <rt_show_version>

    /* timer system initialization */
    rt_system_timer_init();
800012e8:	7e4030ef          	jal	ra,80004acc <rt_system_timer_init>

    /* scheduler system initialization */
    rt_system_scheduler_init();
800012ec:	108020ef          	jal	ra,800033f4 <rt_system_scheduler_init>
    /* signal system initialization */
    rt_system_signal_init();
#endif /* RT_USING_SIGNALS */

    /* create init_thread */
    rt_application_init();
800012f0:	f7dff0ef          	jal	ra,8000126c <rt_application_init>

    /* timer thread initialization */
    rt_system_timer_thread_init();
800012f4:	7ec030ef          	jal	ra,80004ae0 <rt_system_timer_thread_init>

    /* idle thread initialization */
    rt_thread_idle_init();
800012f8:	224000ef          	jal	ra,8000151c <rt_thread_idle_init>

    /* defunct thread initialization */
    rt_thread_defunct_init();
800012fc:	1e4000ef          	jal	ra,800014e0 <rt_thread_defunct_init>
#ifdef RT_USING_SMP
    rt_hw_spin_lock(&_cpus_lock);
#endif /* RT_USING_SMP */

    /* start scheduler */
    rt_system_scheduler_start();
80001300:	30c020ef          	jal	ra,8000360c <rt_system_scheduler_start>

    /* never reach here */
    return 0;
}
80001304:	00c12083          	lw	ra,12(sp)
80001308:	00000513          	li	a0,0
8000130c:	01010113          	addi	sp,sp,16
80001310:	00008067          	ret

80001314 <rt_spin_lock_init>:
 * @param   lock is a pointer to the spinlock to initialize.
 */
void rt_spin_lock_init(struct rt_spinlock *lock)
{
    RT_UNUSED(lock);
}
80001314:	00008067          	ret

80001318 <rt_spin_lock>:
 *
 * @param   lock is a pointer to the spinlock.
 */
void rt_spin_lock(struct rt_spinlock *lock)
{
    rt_enter_critical();
80001318:	5100206f          	j	80003828 <rt_enter_critical>

8000131c <rt_spin_unlock>:
 */
void rt_spin_unlock(struct rt_spinlock *lock)
{
    rt_base_t critical_level;
    RT_SPIN_UNLOCK_DEBUG(lock, critical_level);
    rt_exit_critical_safe(critical_level);
8000131c:	00000513          	li	a0,0
80001320:	5a00206f          	j	800038c0 <rt_exit_critical_safe>

80001324 <rt_spin_lock_irqsave>:
 * @param   lock is a pointer to the spinlock.
 *
 * @return  Return current cpu interrupt status.
 */
rt_base_t rt_spin_lock_irqsave(struct rt_spinlock *lock)
{
80001324:	ff010113          	addi	sp,sp,-16
80001328:	00112623          	sw	ra,12(sp)
8000132c:	00812423          	sw	s0,8(sp)
    rt_base_t level;
    RT_UNUSED(lock);
    level = rt_hw_interrupt_disable();
80001330:	ec5fe0ef          	jal	ra,800001f4 <rt_hw_interrupt_disable>
80001334:	00050413          	mv	s0,a0
    rt_enter_critical();
80001338:	4f0020ef          	jal	ra,80003828 <rt_enter_critical>
    RT_SPIN_LOCK_DEBUG(lock);
    return level;
}
8000133c:	00c12083          	lw	ra,12(sp)
80001340:	00040513          	mv	a0,s0
80001344:	00812403          	lw	s0,8(sp)
80001348:	01010113          	addi	sp,sp,16
8000134c:	00008067          	ret

80001350 <rt_spin_unlock_irqrestore>:
 * @param   lock is a pointer to the spinlock.
 *
 * @param   level is interrupt status returned by rt_spin_lock_irqsave().
 */
void rt_spin_unlock_irqrestore(struct rt_spinlock *lock, rt_base_t level)
{
80001350:	ff010113          	addi	sp,sp,-16
    rt_base_t critical_level;
    RT_SPIN_UNLOCK_DEBUG(lock, critical_level);
    rt_exit_critical_safe(critical_level);
80001354:	00000513          	li	a0,0
{
80001358:	00812423          	sw	s0,8(sp)
8000135c:	00112623          	sw	ra,12(sp)
80001360:	00058413          	mv	s0,a1
    rt_exit_critical_safe(critical_level);
80001364:	55c020ef          	jal	ra,800038c0 <rt_exit_critical_safe>
    rt_hw_interrupt_enable(level);
80001368:	00040513          	mv	a0,s0
}
8000136c:	00812403          	lw	s0,8(sp)
80001370:	00c12083          	lw	ra,12(sp)
80001374:	01010113          	addi	sp,sp,16
    rt_hw_interrupt_enable(level);
80001378:	e85fe06f          	j	800001fc <rt_hw_interrupt_enable>

8000137c <rt_cpu_self>:
 * @return  Return a pointer to the current cpu object.
 */
struct rt_cpu *rt_cpu_self(void)
{
    return &_cpu;
}
8000137c:	92818513          	addi	a0,gp,-1752 # 80100128 <_cpu>
80001380:	00008067          	ret

80001384 <rt_cpu_index>:
 *
 * @return  Return a pointer to the cpu object corresponding to index.
 */
struct rt_cpu *rt_cpu_index(int index)
{
    return index == 0 ? &_cpu : RT_NULL;
80001384:	00050663          	beqz	a0,80001390 <rt_cpu_index+0xc>
80001388:	00000513          	li	a0,0
8000138c:	00008067          	ret
80001390:	92818513          	addi	a0,gp,-1752 # 80100128 <_cpu>
}
80001394:	00008067          	ret

80001398 <rt_thread_defunct_enqueue>:
 * @param thread the thread to be enqueued.
 *
 * @note It must be called between rt_hw_interrupt_disable and rt_hw_interrupt_enable
 */
void rt_thread_defunct_enqueue(rt_thread_t thread)
{
80001398:	ff010113          	addi	sp,sp,-16
8000139c:	00912223          	sw	s1,4(sp)
    rt_base_t level;
    level = rt_spin_lock_irqsave(&_defunct_spinlock);
800013a0:	93018493          	addi	s1,gp,-1744 # 80100130 <_defunct_spinlock>
{
800013a4:	00812423          	sw	s0,8(sp)
800013a8:	00050413          	mv	s0,a0
    level = rt_spin_lock_irqsave(&_defunct_spinlock);
800013ac:	00048513          	mv	a0,s1
{
800013b0:	00112623          	sw	ra,12(sp)
    level = rt_spin_lock_irqsave(&_defunct_spinlock);
800013b4:	f71ff0ef          	jal	ra,80001324 <rt_spin_lock_irqsave>
 * @param l list to insert it
 * @param n new node to be inserted
 */
rt_inline void rt_list_insert_after(rt_list_t *l, rt_list_t *n)
{
    l->next->prev = n;
800013b8:	000ff797          	auipc	a5,0xff
800013bc:	c4878793          	addi	a5,a5,-952 # 80100000 <_rt_thread_defunct>
800013c0:	0007a683          	lw	a3,0(a5)
    rt_list_insert_after(&_rt_thread_defunct, &RT_THREAD_LIST_NODE(thread));
800013c4:	03440713          	addi	a4,s0,52
    rt_spin_unlock_irqrestore(&_defunct_spinlock, level);
#if defined(RT_USING_SMP) || defined(RT_USING_SMART)
    rt_sem_release(&system_sem);
#endif
}
800013c8:	00c12083          	lw	ra,12(sp)
800013cc:	00e6a223          	sw	a4,4(a3)
    n->next = l->next;
800013d0:	02d42a23          	sw	a3,52(s0)

    l->next = n;
    n->prev = l;
800013d4:	02f42c23          	sw	a5,56(s0)
800013d8:	00812403          	lw	s0,8(sp)
    level = rt_spin_lock_irqsave(&_defunct_spinlock);
800013dc:	00050593          	mv	a1,a0
    rt_spin_unlock_irqrestore(&_defunct_spinlock, level);
800013e0:	00048513          	mv	a0,s1
}
800013e4:	00412483          	lw	s1,4(sp)
    l->next = n;
800013e8:	00e7a023          	sw	a4,0(a5)
800013ec:	01010113          	addi	sp,sp,16
    rt_spin_unlock_irqrestore(&_defunct_spinlock, level);
800013f0:	f61ff06f          	j	80001350 <rt_spin_unlock_irqrestore>

800013f4 <rt_thread_defunct_dequeue>:

/**
 * @brief Dequeue a thread from defunct queue.
 */
rt_thread_t rt_thread_defunct_dequeue(void)
{
800013f4:	ff010113          	addi	sp,sp,-16
    rt_base_t   level;
    rt_thread_t thread = RT_NULL;
    rt_list_t  *l      = &_rt_thread_defunct;

    level = rt_spin_lock_irqsave(&_defunct_spinlock);
800013f8:	93018513          	addi	a0,gp,-1744 # 80100130 <_defunct_spinlock>
{
800013fc:	00812423          	sw	s0,8(sp)
80001400:	00112623          	sw	ra,12(sp)
    level = rt_spin_lock_irqsave(&_defunct_spinlock);
80001404:	f21ff0ef          	jal	ra,80001324 <rt_spin_lock_irqsave>
 * @brief tests whether a list is empty
 * @param l the list to test.
 */
rt_inline int rt_list_isempty(const rt_list_t *l)
{
    return l->next == l;
80001408:	000ff717          	auipc	a4,0xff
8000140c:	bf870713          	addi	a4,a4,-1032 # 80100000 <_rt_thread_defunct>
80001410:	00072783          	lw	a5,0(a4)
80001414:	00050593          	mv	a1,a0
80001418:	00000413          	li	s0,0
    if (!rt_list_isempty(l))
8000141c:	02e78063          	beq	a5,a4,8000143c <rt_thread_defunct_dequeue+0x48>
    n->next->prev = n->prev;
80001420:	0007a683          	lw	a3,0(a5)
80001424:	0047a703          	lw	a4,4(a5)
    {
        thread = RT_THREAD_LIST_NODE_ENTRY(l->next);
80001428:	fcc78413          	addi	s0,a5,-52
8000142c:	00e6a223          	sw	a4,4(a3)
    n->prev->next = n->next;
80001430:	00d72023          	sw	a3,0(a4)
    n->next = n->prev = n;
80001434:	00f7a223          	sw	a5,4(a5)
80001438:	00f7a023          	sw	a5,0(a5)
        rt_list_remove(&RT_THREAD_LIST_NODE(thread));
    }
    rt_spin_unlock_irqrestore(&_defunct_spinlock, level);
8000143c:	93018513          	addi	a0,gp,-1744 # 80100130 <_defunct_spinlock>
80001440:	f11ff0ef          	jal	ra,80001350 <rt_spin_unlock_irqrestore>

    return thread;
}
80001444:	00c12083          	lw	ra,12(sp)
80001448:	00040513          	mv	a0,s0
8000144c:	00812403          	lw	s0,8(sp)
80001450:	01010113          	addi	sp,sp,16
80001454:	00008067          	ret

80001458 <rt_defunct_execute>:

/**
 * @brief This function will perform system background job when system idle.
 */
void rt_defunct_execute(void)
{
80001458:	fe010113          	addi	sp,sp,-32
8000145c:	01312623          	sw	s3,12(sp)
80001460:	00112e23          	sw	ra,28(sp)
80001464:	00812c23          	sw	s0,24(sp)
80001468:	00912a23          	sw	s1,20(sp)
8000146c:	01212823          	sw	s2,16(sp)
        /* store the point of "thread->cleanup" avoid to lose */
        cleanup = thread->cleanup;

        /* if it's a system object, detach it */
        object_is_systemobject = rt_object_is_systemobject((rt_object_t)thread);
        if (object_is_systemobject == RT_TRUE)
80001470:	00100993          	li	s3,1
        thread = rt_thread_defunct_dequeue();
80001474:	f81ff0ef          	jal	ra,800013f4 <rt_thread_defunct_dequeue>
80001478:	00050413          	mv	s0,a0
        if (thread == RT_NULL)
8000147c:	04050463          	beqz	a0,800014c4 <rt_defunct_execute+0x6c>
        cleanup = thread->cleanup;
80001480:	08452903          	lw	s2,132(a0)
        object_is_systemobject = rt_object_is_systemobject((rt_object_t)thread);
80001484:	385010ef          	jal	ra,80003008 <rt_object_is_systemobject>
80001488:	00050493          	mv	s1,a0
        if (object_is_systemobject == RT_TRUE)
8000148c:	03351863          	bne	a0,s3,800014bc <rt_defunct_execute+0x64>
        {
            /* detach this object */
            rt_object_detach((rt_object_t)thread);
80001490:	00040513          	mv	a0,s0
80001494:	089010ef          	jal	ra,80002d1c <rt_object_detach>
        }

        /* invoke thread cleanup */
        if (cleanup != RT_NULL)
80001498:	fc090ee3          	beqz	s2,80001474 <rt_defunct_execute+0x1c>
        {
            cleanup(thread);
8000149c:	00040513          	mv	a0,s0
800014a0:	000900e7          	jalr	s2
        {
            RT_KERNEL_FREE(thread->mem_regions);
        }
#endif
        /* if need free, delete it */
        if (object_is_systemobject == RT_FALSE)
800014a4:	fc0498e3          	bnez	s1,80001474 <rt_defunct_execute+0x1c>
        {
            /* release thread's stack */
#ifdef RT_USING_HW_STACK_GUARD
            RT_KERNEL_FREE(thread->stack_buf);
#else
            RT_KERNEL_FREE(thread->stack_addr);
800014a8:	02842503          	lw	a0,40(s0)
800014ac:	0f0010ef          	jal	ra,8000259c <rt_free>
#endif
            /* delete thread object */
            rt_object_delete((rt_object_t)thread);
800014b0:	00040513          	mv	a0,s0
800014b4:	27d010ef          	jal	ra,80002f30 <rt_object_delete>
800014b8:	fbdff06f          	j	80001474 <rt_defunct_execute+0x1c>
        if (cleanup != RT_NULL)
800014bc:	fe0910e3          	bnez	s2,8000149c <rt_defunct_execute+0x44>
800014c0:	fe5ff06f          	j	800014a4 <rt_defunct_execute+0x4c>
        }
#endif
    }
}
800014c4:	01c12083          	lw	ra,28(sp)
800014c8:	01812403          	lw	s0,24(sp)
800014cc:	01412483          	lw	s1,20(sp)
800014d0:	01012903          	lw	s2,16(sp)
800014d4:	00c12983          	lw	s3,12(sp)
800014d8:	02010113          	addi	sp,sp,32
800014dc:	00008067          	ret

800014e0 <rt_thread_defunct_init>:

void rt_thread_defunct_init(void)
{
    RT_ASSERT(RT_THREAD_PRIORITY_MAX > 2);

    rt_spin_lock_init(&_defunct_spinlock);
800014e0:	93018513          	addi	a0,gp,-1744 # 80100130 <_defunct_spinlock>
800014e4:	e31ff06f          	j	80001314 <rt_spin_lock_init>

800014e8 <idle_thread_entry>:
}

#endif /* RT_USING_IDLE_HOOK */

static void idle_thread_entry(void *parameter)
{
800014e8:	ff010113          	addi	sp,sp,-16
800014ec:	00912223          	sw	s1,4(sp)
800014f0:	00112623          	sw	ra,12(sp)
800014f4:	00812423          	sw	s0,8(sp)
800014f8:	95018493          	addi	s1,gp,-1712 # 80100150 <idle_thread>
    {
#ifdef RT_USING_IDLE_HOOK
        rt_size_t i;
        void (*idle_hook)(void);

        for (i = 0; i < RT_IDLE_HOOK_LIST_SIZE; i++)
800014fc:	94018413          	addi	s0,gp,-1728 # 80100140 <idle_hook_list>
        {
            idle_hook = idle_hook_list[i];
80001500:	00042783          	lw	a5,0(s0)
            if (idle_hook != RT_NULL)
80001504:	00078463          	beqz	a5,8000150c <idle_thread_entry+0x24>
            {
                idle_hook();
80001508:	000780e7          	jalr	a5
        for (i = 0; i < RT_IDLE_HOOK_LIST_SIZE; i++)
8000150c:	00440413          	addi	s0,s0,4
80001510:	fe9418e3          	bne	s0,s1,80001500 <idle_thread_entry+0x18>
            }
        }
#endif /* RT_USING_IDLE_HOOK */

#if !defined(RT_USING_SMP) && !defined(RT_USING_SMART)
    rt_defunct_execute();
80001514:	f45ff0ef          	jal	ra,80001458 <rt_defunct_execute>
    {
80001518:	fe5ff06f          	j	800014fc <idle_thread_entry+0x14>

8000151c <rt_thread_idle_init>:
 * @brief This function will initialize idle thread, then start it.
 *
 * @note this function must be invoked when system init.
 */
void rt_thread_idle_init(void)
{
8000151c:	fe010113          	addi	sp,sp,-32
#if RT_NAME_MAX > 0
    char idle_thread_name[RT_NAME_MAX];
#endif /* RT_NAME_MAX > 0 */

#ifdef RT_USING_IDLE_HOOK
    rt_spin_lock_init(&_hook_spinlock);
80001520:	93818513          	addi	a0,gp,-1736 # 80100138 <_hook_spinlock>
{
80001524:	00112e23          	sw	ra,28(sp)
80001528:	00812c23          	sw	s0,24(sp)
    rt_spin_lock_init(&_hook_spinlock);
8000152c:	de9ff0ef          	jal	ra,80001314 <rt_spin_lock_init>
#endif

    for (i = 0; i < _CPUS_NR; i++)
    {
#if RT_NAME_MAX > 0
        rt_snprintf(idle_thread_name, RT_NAME_MAX, "tidle%d", i);
80001530:	00000693          	li	a3,0
80001534:	00003617          	auipc	a2,0x3
80001538:	6f460613          	addi	a2,a2,1780 # 80004c28 <__FUNCTION__.0+0x14>
8000153c:	01000593          	li	a1,16
80001540:	00010513          	mv	a0,sp
80001544:	f55fe0ef          	jal	ra,80000498 <rt_snprintf>
#endif /* RT_NAME_MAX > 0 */
        rt_thread_init(&idle_thread[i],
80001548:	95018413          	addi	s0,gp,-1712 # 80100150 <idle_thread>
8000154c:	00010593          	mv	a1,sp
80001550:	02000893          	li	a7,32
80001554:	01f00813          	li	a6,31
80001558:	20000793          	li	a5,512
8000155c:	9f818713          	addi	a4,gp,-1544 # 801001f8 <idle_thread_stack>
80001560:	00000693          	li	a3,0
80001564:	00000617          	auipc	a2,0x0
80001568:	f8460613          	addi	a2,a2,-124 # 800014e8 <idle_thread_entry>
8000156c:	00040513          	mv	a0,s0
80001570:	654020ef          	jal	ra,80003bc4 <rt_thread_init>
#ifdef RT_USING_SMP
        rt_thread_control(&idle_thread[i], RT_THREAD_CTRL_BIND_CPU, (void*)i);
#endif /* RT_USING_SMP */

        /* update */
        rt_cpu_index(i)->idle_thread = &idle_thread[i];
80001574:	00000513          	li	a0,0
80001578:	e0dff0ef          	jal	ra,80001384 <rt_cpu_index>
8000157c:	00852223          	sw	s0,4(a0)

        /* startup */
        rt_thread_startup(&idle_thread[i]);
80001580:	00040513          	mv	a0,s0
80001584:	55d020ef          	jal	ra,800042e0 <rt_thread_startup>
    }
}
80001588:	01c12083          	lw	ra,28(sp)
8000158c:	01812403          	lw	s0,24(sp)
80001590:	02010113          	addi	sp,sp,32
80001594:	00008067          	ret

80001598 <rt_thread_is_idle_thread>:
 */
rt_bool_t rt_thread_is_idle_thread(rt_thread_t thread)
{
    rt_ubase_t i;

    if (thread != RT_NULL)
80001598:	00050a63          	beqz	a0,800015ac <rt_thread_is_idle_thread+0x14>
    {
        for (i = 0; i < _CPUS_NR; i++)
        {
            if (thread == &idle_thread[i])
8000159c:	95018793          	addi	a5,gp,-1712 # 80100150 <idle_thread>
800015a0:	40f50533          	sub	a0,a0,a5
800015a4:	00153513          	seqz	a0,a0
800015a8:	00008067          	ret
                return RT_TRUE;
        }
    }

    return RT_FALSE;
800015ac:	00000513          	li	a0,0
}
800015b0:	00008067          	ret

800015b4 <rt_list_remove>:
    n->next->prev = n->prev;
800015b4:	00052703          	lw	a4,0(a0)
800015b8:	00452783          	lw	a5,4(a0)
800015bc:	00f72223          	sw	a5,4(a4)
    n->prev->next = n->next;
800015c0:	00e7a023          	sw	a4,0(a5)
    n->next = n->prev = n;
800015c4:	00a52223          	sw	a0,4(a0)
800015c8:	00a52023          	sw	a0,0(a0)
}
800015cc:	00008067          	ret

800015d0 <_thread_get_mutex_priority>:
    return mutex->priority;
}

/* get highest priority inside its taken object and its init priority */
rt_inline rt_uint8_t _thread_get_mutex_priority(struct rt_thread* thread)
{
800015d0:	ff010113          	addi	sp,sp,-16
800015d4:	00812423          	sw	s0,8(sp)
800015d8:	00112623          	sw	ra,12(sp)
800015dc:	00050413          	mv	s0,a0
    rt_list_t *node = RT_NULL;
    struct rt_mutex *mutex = RT_NULL;
    rt_uint8_t priority = rt_sched_thread_get_init_prio(thread);
800015e0:	329010ef          	jal	ra,80003108 <rt_sched_thread_get_init_prio>

    rt_list_for_each(node, &(thread->taken_object_list))
800015e4:	08842703          	lw	a4,136(s0)
800015e8:	08840413          	addi	s0,s0,136
800015ec:	00871a63          	bne	a4,s0,80001600 <_thread_get_mutex_priority+0x30>
            priority = mutex_prio;
        }
    }

    return priority;
}
800015f0:	00c12083          	lw	ra,12(sp)
800015f4:	00812403          	lw	s0,8(sp)
800015f8:	01010113          	addi	sp,sp,16
800015fc:	00008067          	ret
        mutex_prio = mutex_prio < mutex->ceiling_priority ? mutex_prio : mutex->ceiling_priority;
80001600:	ff874783          	lbu	a5,-8(a4)
        rt_uint8_t mutex_prio = mutex->priority;
80001604:	ff974683          	lbu	a3,-7(a4)
        mutex_prio = mutex_prio < mutex->ceiling_priority ? mutex_prio : mutex->ceiling_priority;
80001608:	0ff7f613          	andi	a2,a5,255
8000160c:	00c6f463          	bgeu	a3,a2,80001614 <_thread_get_mutex_priority+0x44>
80001610:	00068793          	mv	a5,a3
80001614:	0ff7f693          	andi	a3,a5,255
80001618:	00d57463          	bgeu	a0,a3,80001620 <_thread_get_mutex_priority+0x50>
8000161c:	00050793          	mv	a5,a0
    rt_list_for_each(node, &(thread->taken_object_list))
80001620:	00072703          	lw	a4,0(a4)
80001624:	0ff7f513          	andi	a0,a5,255
80001628:	fc5ff06f          	j	800015ec <_thread_get_mutex_priority+0x1c>

8000162c <_check_and_update_prio>:
        }
    }
}

static rt_bool_t _check_and_update_prio(rt_thread_t thread, rt_mutex_t mutex)
{
8000162c:	ff010113          	addi	sp,sp,-16
80001630:	00912223          	sw	s1,4(sp)
80001634:	00112623          	sw	ra,12(sp)
80001638:	00812423          	sw	s0,8(sp)
    RT_SCHED_DEBUG_IS_LOCKED;
    rt_bool_t do_sched = RT_FALSE;

    if ((mutex->ceiling_priority != 0xFF) || (rt_sched_thread_get_curr_prio(thread) == mutex->priority))
8000163c:	0245c703          	lbu	a4,36(a1)
80001640:	0ff00793          	li	a5,255
{
80001644:	00050493          	mv	s1,a0
    if ((mutex->ceiling_priority != 0xFF) || (rt_sched_thread_get_curr_prio(thread) == mutex->priority))
80001648:	02f70863          	beq	a4,a5,80001678 <_check_and_update_prio+0x4c>
    {
        rt_uint8_t priority = 0xff;

        /* get the highest priority in the taken list of thread */
        priority = _thread_get_mutex_priority(thread);
8000164c:	00048513          	mv	a0,s1
80001650:	f81ff0ef          	jal	ra,800015d0 <_thread_get_mutex_priority>
80001654:	00050593          	mv	a1,a0

        rt_sched_thread_change_priority(thread, priority);
80001658:	00048513          	mv	a0,s1
8000165c:	3d1010ef          	jal	ra,8000322c <rt_sched_thread_change_priority>

        /**
         * notify a pending reschedule. Since scheduler is locked, we will not
         * really do a re-schedule at this point
         */
        do_sched = RT_TRUE;
80001660:	00100513          	li	a0,1
    }
    return do_sched;
}
80001664:	00c12083          	lw	ra,12(sp)
80001668:	00812403          	lw	s0,8(sp)
8000166c:	00412483          	lw	s1,4(sp)
80001670:	01010113          	addi	sp,sp,16
80001674:	00008067          	ret
80001678:	00058413          	mv	s0,a1
    if ((mutex->ceiling_priority != 0xFF) || (rt_sched_thread_get_curr_prio(thread) == mutex->priority))
8000167c:	285010ef          	jal	ra,80003100 <rt_sched_thread_get_curr_prio>
80001680:	02544783          	lbu	a5,37(s0)
80001684:	fca784e3          	beq	a5,a0,8000164c <_check_and_update_prio+0x20>
    rt_bool_t do_sched = RT_FALSE;
80001688:	00000513          	li	a0,0
    return do_sched;
8000168c:	fd9ff06f          	j	80001664 <_check_and_update_prio+0x38>

80001690 <rt_susp_list_enqueue>:
{
80001690:	fe010113          	addi	sp,sp,-32
80001694:	00812c23          	sw	s0,24(sp)
80001698:	00912a23          	sw	s1,20(sp)
8000169c:	00112e23          	sw	ra,28(sp)
800016a0:	01212823          	sw	s2,16(sp)
800016a4:	01312623          	sw	s3,12(sp)
800016a8:	00050493          	mv	s1,a0
800016ac:	00058413          	mv	s0,a1
    switch (ipc_flags)
800016b0:	02060863          	beqz	a2,800016e0 <rt_susp_list_enqueue+0x50>
800016b4:	00100793          	li	a5,1
800016b8:	02f60063          	beq	a2,a5,800016d8 <rt_susp_list_enqueue+0x48>
        RT_ASSERT(0);
800016bc:	11800613          	li	a2,280
800016c0:	00003597          	auipc	a1,0x3
800016c4:	78058593          	addi	a1,a1,1920 # 80004e40 <__FUNCTION__.39>
800016c8:	00004517          	auipc	a0,0x4
800016cc:	14850513          	addi	a0,a0,328 # 80005810 <__FUNCTION__.2+0xa8>
800016d0:	559000ef          	jal	ra,80002428 <rt_assert_handler>
        break;
800016d4:	0580006f          	j	8000172c <rt_susp_list_enqueue+0x9c>
            for (n = susp_list->next; n != susp_list; n = n->next)
800016d8:	00052903          	lw	s2,0(a0)
800016dc:	03249063          	bne	s1,s2,800016fc <rt_susp_list_enqueue+0x6c>
    l->prev->next = n;
800016e0:	0044a703          	lw	a4,4(s1)
                rt_list_insert_before(susp_list, &RT_THREAD_LIST_NODE(thread));
800016e4:	03440793          	addi	a5,s0,52
800016e8:	00f72023          	sw	a5,0(a4)
    n->prev = l->prev;
800016ec:	02e42c23          	sw	a4,56(s0)
    l->prev = n;
800016f0:	00f4a223          	sw	a5,4(s1)
    n->next = l;
800016f4:	02942a23          	sw	s1,52(s0)
    return RT_EOK;
800016f8:	0340006f          	j	8000172c <rt_susp_list_enqueue+0x9c>
                if (rt_sched_thread_get_curr_prio(thread) < rt_sched_thread_get_curr_prio(sthread))
800016fc:	00040513          	mv	a0,s0
80001700:	201010ef          	jal	ra,80003100 <rt_sched_thread_get_curr_prio>
80001704:	00050993          	mv	s3,a0
80001708:	fcc90513          	addi	a0,s2,-52
8000170c:	1f5010ef          	jal	ra,80003100 <rt_sched_thread_get_curr_prio>
80001710:	02a9fe63          	bgeu	s3,a0,8000174c <rt_susp_list_enqueue+0xbc>
    l->prev->next = n;
80001714:	00492703          	lw	a4,4(s2)
                    rt_list_insert_before(&RT_THREAD_LIST_NODE(sthread), &RT_THREAD_LIST_NODE(thread));
80001718:	03440793          	addi	a5,s0,52
8000171c:	00f72023          	sw	a5,0(a4)
    n->prev = l->prev;
80001720:	02e42c23          	sw	a4,56(s0)
    l->prev = n;
80001724:	00f92223          	sw	a5,4(s2)
    n->next = l;
80001728:	03242a23          	sw	s2,52(s0)
}
8000172c:	01c12083          	lw	ra,28(sp)
80001730:	01812403          	lw	s0,24(sp)
80001734:	01412483          	lw	s1,20(sp)
80001738:	01012903          	lw	s2,16(sp)
8000173c:	00c12983          	lw	s3,12(sp)
80001740:	00000513          	li	a0,0
80001744:	02010113          	addi	sp,sp,32
80001748:	00008067          	ret
            for (n = susp_list->next; n != susp_list; n = n->next)
8000174c:	00092903          	lw	s2,0(s2)
80001750:	f8dff06f          	j	800016dc <rt_susp_list_enqueue+0x4c>

80001754 <_thread_update_priority.constprop.0>:
rt_inline void _thread_update_priority(struct rt_thread *thread, rt_uint8_t priority, int suspend_flag)
80001754:	fd010113          	addi	sp,sp,-48
80001758:	02912223          	sw	s1,36(sp)
8000175c:	01312e23          	sw	s3,28(sp)
80001760:	01412c23          	sw	s4,24(sp)
80001764:	02112623          	sw	ra,44(sp)
80001768:	02812423          	sw	s0,40(sp)
8000176c:	03212023          	sw	s2,32(sp)
80001770:	00050493          	mv	s1,a0
        if (pending_obj && rt_object_get_type(pending_obj) == RT_Object_Class_Mutex)
80001774:	00300993          	li	s3,3
    ret = rt_sched_thread_change_priority(thread, priority);
80001778:	2b5010ef          	jal	ra,8000322c <rt_sched_thread_change_priority>
        mutex->priority = 0xff;
8000177c:	fff00a13          	li	s4,-1
    while ((ret == RT_EOK) && rt_sched_thread_is_suspended(thread))
80001780:	00051863          	bnez	a0,80001790 <_thread_update_priority.constprop.0+0x3c>
80001784:	00048513          	mv	a0,s1
80001788:	189010ef          	jal	ra,80003110 <rt_sched_thread_is_suspended>
8000178c:	02051263          	bnez	a0,800017b0 <_thread_update_priority.constprop.0+0x5c>
}
80001790:	02c12083          	lw	ra,44(sp)
80001794:	02812403          	lw	s0,40(sp)
80001798:	02412483          	lw	s1,36(sp)
8000179c:	02012903          	lw	s2,32(sp)
800017a0:	01c12983          	lw	s3,28(sp)
800017a4:	01812a03          	lw	s4,24(sp)
800017a8:	03010113          	addi	sp,sp,48
800017ac:	00008067          	ret
        pending_obj = thread->pending_object;
800017b0:	0904a403          	lw	s0,144(s1)
        if (pending_obj && rt_object_get_type(pending_obj) == RT_Object_Class_Mutex)
800017b4:	fc040ee3          	beqz	s0,80001790 <_thread_update_priority.constprop.0+0x3c>
800017b8:	00040513          	mv	a0,s0
800017bc:	091010ef          	jal	ra,8000304c <rt_object_get_type>
800017c0:	fd3518e3          	bne	a0,s3,80001790 <_thread_update_priority.constprop.0+0x3c>
            rt_list_remove(&RT_THREAD_LIST_NODE(thread));
800017c4:	03448513          	addi	a0,s1,52
800017c8:	dedff0ef          	jal	ra,800015b4 <rt_list_remove>
            ret = rt_susp_list_enqueue(
800017cc:	01144603          	lbu	a2,17(s0)
800017d0:	01c40913          	addi	s2,s0,28
800017d4:	00048593          	mv	a1,s1
800017d8:	00090513          	mv	a0,s2
800017dc:	eb5ff0ef          	jal	ra,80001690 <rt_susp_list_enqueue>
            if (ret == RT_EOK)
800017e0:	fa0518e3          	bnez	a0,80001790 <_thread_update_priority.constprop.0+0x3c>
    return l->next == l;
800017e4:	01c42503          	lw	a0,28(s0)
    if (!rt_list_isempty(&mutex->parent.suspend_thread))
800017e8:	02a90e63          	beq	s2,a0,80001824 <_thread_update_priority.constprop.0+0xd0>
        mutex->priority = rt_sched_thread_get_curr_prio(thread);
800017ec:	fcc50513          	addi	a0,a0,-52
800017f0:	111010ef          	jal	ra,80003100 <rt_sched_thread_get_curr_prio>
800017f4:	02a402a3          	sb	a0,37(s0)
                mutex_priority = _thread_get_mutex_priority(pending_mutex->owner);
800017f8:	02842503          	lw	a0,40(s0)
800017fc:	dd5ff0ef          	jal	ra,800015d0 <_thread_get_mutex_priority>
80001800:	00a12623          	sw	a0,12(sp)
                if (mutex_priority != rt_sched_thread_get_curr_prio(pending_mutex->owner))
80001804:	02842503          	lw	a0,40(s0)
80001808:	0f9010ef          	jal	ra,80003100 <rt_sched_thread_get_curr_prio>
8000180c:	00c12583          	lw	a1,12(sp)
80001810:	f8a580e3          	beq	a1,a0,80001790 <_thread_update_priority.constprop.0+0x3c>
                    thread = pending_mutex->owner;
80001814:	02842483          	lw	s1,40(s0)
                    ret = rt_sched_thread_change_priority(thread, mutex_priority);
80001818:	00048513          	mv	a0,s1
8000181c:	211010ef          	jal	ra,8000322c <rt_sched_thread_change_priority>
80001820:	f61ff06f          	j	80001780 <_thread_update_priority.constprop.0+0x2c>
        mutex->priority = 0xff;
80001824:	034402a3          	sb	s4,37(s0)
80001828:	fd1ff06f          	j	800017f8 <_thread_update_priority.constprop.0+0xa4>

8000182c <_rt_mutex_take>:
 *           If the return value is any other values, it means that the mutex take failed.
 *
 * @warning  This function can ONLY be called in the thread context. It MUST NOT BE called in interrupt context.
 */
static rt_err_t _rt_mutex_take(rt_mutex_t mutex, rt_int32_t timeout, int suspend_flag)
{
8000182c:	fc010113          	addi	sp,sp,-64
80001830:	02812c23          	sw	s0,56(sp)
80001834:	02912a23          	sw	s1,52(sp)
80001838:	03512223          	sw	s5,36(sp)
8000183c:	02112e23          	sw	ra,60(sp)
80001840:	03212823          	sw	s2,48(sp)
80001844:	03312623          	sw	s3,44(sp)
80001848:	03412423          	sw	s4,40(sp)
8000184c:	03612023          	sw	s6,32(sp)
80001850:	00050413          	mv	s0,a0
80001854:	00058a93          	mv	s5,a1
80001858:	00060493          	mv	s1,a2
    struct rt_thread *thread;
    rt_err_t ret;

    /* this function must not be used in interrupt even if time = 0 */
    /* current context checking */
    RT_DEBUG_SCHEDULER_AVAILABLE(RT_TRUE);
8000185c:	068020ef          	jal	ra,800038c4 <rt_critical_level>
80001860:	14050063          	beqz	a0,800019a0 <_rt_mutex_take+0x174>
80001864:	00003597          	auipc	a1,0x3
80001868:	5a458593          	addi	a1,a1,1444 # 80004e08 <__FUNCTION__.24>
8000186c:	00003517          	auipc	a0,0x3
80001870:	41c50513          	addi	a0,a0,1052 # 80004c88 <__FUNCTION__.0+0x74>
80001874:	139000ef          	jal	ra,800021ac <rt_kprintf>
80001878:	53600613          	li	a2,1334
8000187c:	00003597          	auipc	a1,0x3
80001880:	58c58593          	addi	a1,a1,1420 # 80004e08 <__FUNCTION__.24>
80001884:	00004517          	auipc	a0,0x4
80001888:	f8c50513          	addi	a0,a0,-116 # 80005810 <__FUNCTION__.2+0xa8>
8000188c:	39d000ef          	jal	ra,80002428 <rt_assert_handler>
80001890:	438020ef          	jal	ra,80003cc8 <rt_thread_self>
80001894:	02051863          	bnez	a0,800018c4 <_rt_mutex_take+0x98>
80001898:	00003597          	auipc	a1,0x3
8000189c:	57058593          	addi	a1,a1,1392 # 80004e08 <__FUNCTION__.24>
800018a0:	00003517          	auipc	a0,0x3
800018a4:	41450513          	addi	a0,a0,1044 # 80004cb4 <__FUNCTION__.0+0xa0>
800018a8:	105000ef          	jal	ra,800021ac <rt_kprintf>
800018ac:	53600613          	li	a2,1334
800018b0:	00003597          	auipc	a1,0x3
800018b4:	55858593          	addi	a1,a1,1368 # 80004e08 <__FUNCTION__.24>
800018b8:	00004517          	auipc	a0,0x4
800018bc:	f5850513          	addi	a0,a0,-168 # 80005810 <__FUNCTION__.2+0xa8>
800018c0:	369000ef          	jal	ra,80002428 <rt_assert_handler>
800018c4:	06d000ef          	jal	ra,80002130 <rt_interrupt_get_nest>
800018c8:	02050863          	beqz	a0,800018f8 <_rt_mutex_take+0xcc>
800018cc:	00003597          	auipc	a1,0x3
800018d0:	53c58593          	addi	a1,a1,1340 # 80004e08 <__FUNCTION__.24>
800018d4:	00003517          	auipc	a0,0x3
800018d8:	41850513          	addi	a0,a0,1048 # 80004cec <__FUNCTION__.0+0xd8>
800018dc:	0d1000ef          	jal	ra,800021ac <rt_kprintf>
800018e0:	53600613          	li	a2,1334
800018e4:	00003597          	auipc	a1,0x3
800018e8:	52458593          	addi	a1,a1,1316 # 80004e08 <__FUNCTION__.24>
800018ec:	00004517          	auipc	a0,0x4
800018f0:	f2450513          	addi	a0,a0,-220 # 80005810 <__FUNCTION__.2+0xa8>
800018f4:	335000ef          	jal	ra,80002428 <rt_assert_handler>

    /* parameter check */
    RT_ASSERT(mutex != RT_NULL);
800018f8:	00041e63          	bnez	s0,80001914 <_rt_mutex_take+0xe8>
800018fc:	53900613          	li	a2,1337
80001900:	00003597          	auipc	a1,0x3
80001904:	50858593          	addi	a1,a1,1288 # 80004e08 <__FUNCTION__.24>
80001908:	00003517          	auipc	a0,0x3
8000190c:	40c50513          	addi	a0,a0,1036 # 80004d14 <__FUNCTION__.0+0x100>
80001910:	319000ef          	jal	ra,80002428 <rt_assert_handler>
    RT_ASSERT(rt_object_get_type(&mutex->parent.parent) == RT_Object_Class_Mutex);
80001914:	00040513          	mv	a0,s0
80001918:	734010ef          	jal	ra,8000304c <rt_object_get_type>
8000191c:	00300793          	li	a5,3
80001920:	00f50e63          	beq	a0,a5,8000193c <_rt_mutex_take+0x110>
80001924:	53a00613          	li	a2,1338
80001928:	00003597          	auipc	a1,0x3
8000192c:	4e058593          	addi	a1,a1,1248 # 80004e08 <__FUNCTION__.24>
80001930:	00003517          	auipc	a0,0x3
80001934:	3f850513          	addi	a0,a0,1016 # 80004d28 <__FUNCTION__.0+0x114>
80001938:	2f1000ef          	jal	ra,80002428 <rt_assert_handler>

    /* get current thread */
    thread = rt_thread_self();
8000193c:	38c020ef          	jal	ra,80003cc8 <rt_thread_self>

    rt_spin_lock(&(mutex->spinlock));
80001940:	03440a13          	addi	s4,s0,52
    thread = rt_thread_self();
80001944:	00050993          	mv	s3,a0
    rt_spin_lock(&(mutex->spinlock));
80001948:	000a0513          	mv	a0,s4
8000194c:	9cdff0ef          	jal	ra,80001318 <rt_spin_lock>

    RT_OBJECT_HOOK_CALL(rt_object_trytake_hook, (&(mutex->parent.parent)));
80001950:	ce01a783          	lw	a5,-800(gp) # 801004e0 <rt_object_trytake_hook>
80001954:	00078663          	beqz	a5,80001960 <_rt_mutex_take+0x134>
80001958:	00040513          	mv	a0,s0
8000195c:	000780e7          	jalr	a5
          thread->parent.name, mutex->hold);

    /* reset thread error */
    thread->error = RT_EOK;

    if (mutex->owner == thread)
80001960:	02842783          	lw	a5,40(s0)
    thread->error = RT_EOK;
80001964:	0209a823          	sw	zero,48(s3)
    if (mutex->owner == thread)
80001968:	07379e63          	bne	a5,s3,800019e4 <_rt_mutex_take+0x1b8>
    {
        if (mutex->hold < RT_MUTEX_HOLD_MAX)
8000196c:	02644783          	lbu	a5,38(s0)
80001970:	0ff00713          	li	a4,255
80001974:	02e78c63          	beq	a5,a4,800019ac <_rt_mutex_take+0x180>
        {
            /* it's the same thread */
            mutex->hold ++;
80001978:	00178793          	addi	a5,a5,1
8000197c:	02f40323          	sb	a5,38(s0)
                }
            }
        }
    }

    rt_spin_unlock(&(mutex->spinlock));
80001980:	000a0513          	mv	a0,s4
80001984:	999ff0ef          	jal	ra,8000131c <rt_spin_unlock>

    RT_OBJECT_HOOK_CALL(rt_object_take_hook, (&(mutex->parent.parent)));
80001988:	cdc1a783          	lw	a5,-804(gp) # 801004dc <rt_object_take_hook>

    return RT_EOK;
8000198c:	00000493          	li	s1,0
    RT_OBJECT_HOOK_CALL(rt_object_take_hook, (&(mutex->parent.parent)));
80001990:	02078463          	beqz	a5,800019b8 <_rt_mutex_take+0x18c>
80001994:	00040513          	mv	a0,s0
80001998:	000780e7          	jalr	a5
8000199c:	01c0006f          	j	800019b8 <_rt_mutex_take+0x18c>
    RT_DEBUG_SCHEDULER_AVAILABLE(RT_TRUE);
800019a0:	7d4000ef          	jal	ra,80002174 <rt_hw_interrupt_is_disabled>
800019a4:	ec0510e3          	bnez	a0,80001864 <_rt_mutex_take+0x38>
800019a8:	ee9ff06f          	j	80001890 <_rt_mutex_take+0x64>
            rt_spin_unlock(&(mutex->spinlock));
800019ac:	000a0513          	mv	a0,s4
800019b0:	96dff0ef          	jal	ra,8000131c <rt_spin_unlock>
            return -RT_EFULL; /* value overflowed */
800019b4:	ffd00493          	li	s1,-3
}
800019b8:	03c12083          	lw	ra,60(sp)
800019bc:	03812403          	lw	s0,56(sp)
800019c0:	03012903          	lw	s2,48(sp)
800019c4:	02c12983          	lw	s3,44(sp)
800019c8:	02812a03          	lw	s4,40(sp)
800019cc:	02412a83          	lw	s5,36(sp)
800019d0:	02012b03          	lw	s6,32(sp)
800019d4:	00048513          	mv	a0,s1
800019d8:	03412483          	lw	s1,52(sp)
800019dc:	04010113          	addi	sp,sp,64
800019e0:	00008067          	ret
        if (mutex->owner == RT_NULL)
800019e4:	04079e63          	bnez	a5,80001a40 <_rt_mutex_take+0x214>
            mutex->priority = 0xff;
800019e8:	fff00793          	li	a5,-1
            if (mutex->ceiling_priority != 0xFF)
800019ec:	02444483          	lbu	s1,36(s0)
            mutex->priority = 0xff;
800019f0:	02f402a3          	sb	a5,37(s0)
            mutex->hold     = 1;
800019f4:	00100793          	li	a5,1
800019f8:	02f40323          	sb	a5,38(s0)
            mutex->owner    = thread;
800019fc:	03342423          	sw	s3,40(s0)
            if (mutex->ceiling_priority != 0xFF)
80001a00:	0ff00793          	li	a5,255
80001a04:	00f48e63          	beq	s1,a5,80001a20 <_rt_mutex_take+0x1f4>
                if (mutex->ceiling_priority < rt_sched_thread_get_curr_prio(mutex->owner))
80001a08:	00098513          	mv	a0,s3
80001a0c:	6f4010ef          	jal	ra,80003100 <rt_sched_thread_get_curr_prio>
80001a10:	00a4f863          	bgeu	s1,a0,80001a20 <_rt_mutex_take+0x1f4>
                    _thread_update_priority(mutex->owner, mutex->ceiling_priority, suspend_flag);
80001a14:	02444583          	lbu	a1,36(s0)
80001a18:	02842503          	lw	a0,40(s0)
80001a1c:	d39ff0ef          	jal	ra,80001754 <_thread_update_priority.constprop.0>
    l->next->prev = n;
80001a20:	0889a703          	lw	a4,136(s3)
            rt_list_insert_after(&thread->taken_object_list, &mutex->taken_list);
80001a24:	02c40793          	addi	a5,s0,44
80001a28:	08898993          	addi	s3,s3,136
80001a2c:	00f72223          	sw	a5,4(a4)
    n->next = l->next;
80001a30:	02e42623          	sw	a4,44(s0)
    l->next = n;
80001a34:	00f9a023          	sw	a5,0(s3)
    n->prev = l;
80001a38:	03342823          	sw	s3,48(s0)
}
80001a3c:	f45ff06f          	j	80001980 <_rt_mutex_take+0x154>
            if (timeout == 0)
80001a40:	000a9e63          	bnez	s5,80001a5c <_rt_mutex_take+0x230>
                thread->error = RT_ETIMEOUT;
80001a44:	00200793          	li	a5,2
80001a48:	02f9a823          	sw	a5,48(s3)
                rt_spin_unlock(&(mutex->spinlock));
80001a4c:	000a0513          	mv	a0,s4
80001a50:	8cdff0ef          	jal	ra,8000131c <rt_spin_unlock>
                return -RT_ETIMEOUT;
80001a54:	ffe00493          	li	s1,-2
80001a58:	f61ff06f          	j	800019b8 <_rt_mutex_take+0x18c>
                ret = rt_thread_suspend_to_list(thread, &(mutex->parent.suspend_thread),
80001a5c:	01144603          	lbu	a2,17(s0)
80001a60:	01c40b13          	addi	s6,s0,28
80001a64:	00048693          	mv	a3,s1
80001a68:	000b0593          	mv	a1,s6
80001a6c:	00098513          	mv	a0,s3
80001a70:	41c020ef          	jal	ra,80003e8c <rt_thread_suspend_to_list>
80001a74:	00050493          	mv	s1,a0
                if (ret != RT_EOK)
80001a78:	00050863          	beqz	a0,80001a88 <_rt_mutex_take+0x25c>
                    rt_spin_unlock(&(mutex->spinlock));
80001a7c:	000a0513          	mv	a0,s4
80001a80:	89dff0ef          	jal	ra,8000131c <rt_spin_unlock>
                    return ret;
80001a84:	f35ff06f          	j	800019b8 <_rt_mutex_take+0x18c>
                thread->pending_object = &(mutex->parent.parent);
80001a88:	0889a823          	sw	s0,144(s3)
                rt_sched_lock(&slvl);
80001a8c:	01810513          	addi	a0,sp,24
80001a90:	111010ef          	jal	ra,800033a0 <rt_sched_lock>
                priority = rt_sched_thread_get_curr_prio(thread);
80001a94:	00098513          	mv	a0,s3
80001a98:	668010ef          	jal	ra,80003100 <rt_sched_thread_get_curr_prio>
                if (priority < mutex->priority)
80001a9c:	02544783          	lbu	a5,37(s0)
                priority = rt_sched_thread_get_curr_prio(thread);
80001aa0:	00050913          	mv	s2,a0
                if (priority < mutex->priority)
80001aa4:	02f57063          	bgeu	a0,a5,80001ac4 <_rt_mutex_take+0x298>
                    mutex->priority = priority;
80001aa8:	02a402a3          	sb	a0,37(s0)
                    if (mutex->priority < rt_sched_thread_get_curr_prio(mutex->owner))
80001aac:	02842503          	lw	a0,40(s0)
80001ab0:	650010ef          	jal	ra,80003100 <rt_sched_thread_get_curr_prio>
80001ab4:	00a97863          	bgeu	s2,a0,80001ac4 <_rt_mutex_take+0x298>
                        _thread_update_priority(mutex->owner, priority, RT_UNINTERRUPTIBLE); /* TODO */
80001ab8:	02842503          	lw	a0,40(s0)
80001abc:	00090593          	mv	a1,s2
80001ac0:	c95ff0ef          	jal	ra,80001754 <_thread_update_priority.constprop.0>
                rt_sched_unlock(slvl);
80001ac4:	01812503          	lw	a0,24(sp)
80001ac8:	111010ef          	jal	ra,800033d8 <rt_sched_unlock>
                if (timeout > 0)
80001acc:	03505263          	blez	s5,80001af0 <_rt_mutex_take+0x2c4>
                    rt_timer_control(&(thread->thread_timer),
80001ad0:	05098913          	addi	s2,s3,80
80001ad4:	01c10613          	addi	a2,sp,28
80001ad8:	00000593          	li	a1,0
80001adc:	00090513          	mv	a0,s2
                    rt_tick_t timeout_tick = timeout;
80001ae0:	01512e23          	sw	s5,28(sp)
                    rt_timer_control(&(thread->thread_timer),
80001ae4:	4d1020ef          	jal	ra,800047b4 <rt_timer_control>
                    rt_timer_start(&(thread->thread_timer));
80001ae8:	00090513          	mv	a0,s2
80001aec:	30d020ef          	jal	ra,800045f8 <rt_timer_start>
                rt_spin_unlock(&(mutex->spinlock));
80001af0:	000a0513          	mv	a0,s4
80001af4:	829ff0ef          	jal	ra,8000131c <rt_spin_unlock>
                rt_schedule();
80001af8:	379010ef          	jal	ra,80003670 <rt_schedule>
                rt_spin_lock(&(mutex->spinlock));
80001afc:	000a0513          	mv	a0,s4
80001b00:	819ff0ef          	jal	ra,80001318 <rt_spin_lock>
                if (mutex->owner == thread)
80001b04:	02842783          	lw	a5,40(s0)
80001b08:	0309a503          	lw	a0,48(s3)
80001b0c:	03379263          	bne	a5,s3,80001b30 <_rt_mutex_take+0x304>
                    RT_ASSERT(thread->error == RT_EOK);
80001b10:	e60508e3          	beqz	a0,80001980 <_rt_mutex_take+0x154>
80001b14:	5b500613          	li	a2,1461
80001b18:	00003597          	auipc	a1,0x3
80001b1c:	2f058593          	addi	a1,a1,752 # 80004e08 <__FUNCTION__.24>
80001b20:	00003517          	auipc	a0,0x3
80001b24:	24c50513          	addi	a0,a0,588 # 80004d6c <__FUNCTION__.0+0x158>
80001b28:	101000ef          	jal	ra,80002428 <rt_assert_handler>
80001b2c:	e55ff06f          	j	80001980 <_rt_mutex_take+0x154>
                    ret = thread->error;
80001b30:	00050a93          	mv	s5,a0
                    if (ret == RT_EOK)
80001b34:	00051463          	bnez	a0,80001b3c <_rt_mutex_take+0x310>
                        ret = -RT_EINTR;
80001b38:	ff700a93          	li	s5,-9
                    rt_sched_lock(&slvl);
80001b3c:	01810513          	addi	a0,sp,24
80001b40:	061010ef          	jal	ra,800033a0 <rt_sched_lock>
                    if (mutex->owner && rt_sched_thread_get_curr_prio(mutex->owner) == rt_sched_thread_get_curr_prio(thread))
80001b44:	02842503          	lw	a0,40(s0)
80001b48:	00050e63          	beqz	a0,80001b64 <_rt_mutex_take+0x338>
80001b4c:	5b4010ef          	jal	ra,80003100 <rt_sched_thread_get_curr_prio>
80001b50:	00050913          	mv	s2,a0
80001b54:	00098513          	mv	a0,s3
80001b58:	5a8010ef          	jal	ra,80003100 <rt_sched_thread_get_curr_prio>
80001b5c:	40a90933          	sub	s2,s2,a0
80001b60:	00193493          	seqz	s1,s2
    return l->next == l;
80001b64:	01c42503          	lw	a0,28(s0)
                    if (!rt_list_isempty(&mutex->parent.suspend_thread))
80001b68:	04ab0e63          	beq	s6,a0,80001bc4 <_rt_mutex_take+0x398>
                        mutex->priority = rt_sched_thread_get_curr_prio(th);
80001b6c:	fcc50513          	addi	a0,a0,-52
80001b70:	590010ef          	jal	ra,80003100 <rt_sched_thread_get_curr_prio>
80001b74:	02a402a3          	sb	a0,37(s0)
                    if (need_update)
80001b78:	02048463          	beqz	s1,80001ba0 <_rt_mutex_take+0x374>
                        priority = _thread_get_mutex_priority(mutex->owner);
80001b7c:	02842503          	lw	a0,40(s0)
80001b80:	a51ff0ef          	jal	ra,800015d0 <_thread_get_mutex_priority>
80001b84:	00a12623          	sw	a0,12(sp)
                        if (priority != rt_sched_thread_get_curr_prio(mutex->owner))
80001b88:	02842503          	lw	a0,40(s0)
80001b8c:	574010ef          	jal	ra,80003100 <rt_sched_thread_get_curr_prio>
80001b90:	00c12583          	lw	a1,12(sp)
80001b94:	00b50663          	beq	a0,a1,80001ba0 <_rt_mutex_take+0x374>
                            _thread_update_priority(mutex->owner, priority, RT_UNINTERRUPTIBLE);
80001b98:	02842503          	lw	a0,40(s0)
80001b9c:	bb9ff0ef          	jal	ra,80001754 <_thread_update_priority.constprop.0>
                    rt_sched_unlock(slvl);
80001ba0:	01812503          	lw	a0,24(sp)
80001ba4:	035010ef          	jal	ra,800033d8 <rt_sched_unlock>
                    rt_spin_unlock(&(mutex->spinlock));
80001ba8:	000a0513          	mv	a0,s4
80001bac:	f70ff0ef          	jal	ra,8000131c <rt_spin_unlock>
                    return ret > 0 ? -ret : ret;
80001bb0:	41fad793          	srai	a5,s5,0x1f
80001bb4:	0157c533          	xor	a0,a5,s5
                    thread->pending_object = RT_NULL;
80001bb8:	0809a823          	sw	zero,144(s3)
                    return ret > 0 ? -ret : ret;
80001bbc:	40a784b3          	sub	s1,a5,a0
80001bc0:	df9ff06f          	j	800019b8 <_rt_mutex_take+0x18c>
                        mutex->priority = 0xff;
80001bc4:	fff00793          	li	a5,-1
80001bc8:	02f402a3          	sb	a5,37(s0)
80001bcc:	fadff06f          	j	80001b78 <_rt_mutex_take+0x34c>

80001bd0 <rt_mutex_init>:
{
80001bd0:	ff010113          	addi	sp,sp,-16
80001bd4:	00812423          	sw	s0,8(sp)
80001bd8:	00912223          	sw	s1,4(sp)
80001bdc:	00112623          	sw	ra,12(sp)
80001be0:	00050413          	mv	s0,a0
80001be4:	00058493          	mv	s1,a1
    RT_ASSERT(mutex != RT_NULL);
80001be8:	00051e63          	bnez	a0,80001c04 <rt_mutex_init+0x34>
80001bec:	3f600613          	li	a2,1014
80001bf0:	00003597          	auipc	a1,0x3
80001bf4:	24058593          	addi	a1,a1,576 # 80004e30 <__FUNCTION__.31>
80001bf8:	00003517          	auipc	a0,0x3
80001bfc:	11c50513          	addi	a0,a0,284 # 80004d14 <__FUNCTION__.0+0x100>
80001c00:	029000ef          	jal	ra,80002428 <rt_assert_handler>
    rt_object_init(&(mutex->parent.parent), RT_Object_Class_Mutex, name);
80001c04:	00048613          	mv	a2,s1
80001c08:	00040513          	mv	a0,s0
80001c0c:	00300593          	li	a1,3
80001c10:	781000ef          	jal	ra,80002b90 <rt_object_init>
    rt_list_init(&(ipc->suspend_thread));
80001c14:	01c40793          	addi	a5,s0,28
    l->next = l->prev = l;
80001c18:	02f42023          	sw	a5,32(s0)
80001c1c:	00f42e23          	sw	a5,28(s0)
    mutex->ceiling_priority = 0xFF;
80001c20:	fff00793          	li	a5,-1
80001c24:	02f41223          	sh	a5,36(s0)
    rt_list_init(&(mutex->taken_list));
80001c28:	02c40793          	addi	a5,s0,44
80001c2c:	02f42823          	sw	a5,48(s0)
80001c30:	02f42623          	sw	a5,44(s0)
    mutex->parent.parent.flag = RT_IPC_FLAG_PRIO;
80001c34:	00100793          	li	a5,1
    rt_spin_lock_init(&(mutex->spinlock));
80001c38:	03440513          	addi	a0,s0,52
    mutex->owner    = RT_NULL;
80001c3c:	02042423          	sw	zero,40(s0)
    mutex->hold     = 0;
80001c40:	02040323          	sb	zero,38(s0)
    mutex->parent.parent.flag = RT_IPC_FLAG_PRIO;
80001c44:	00f408a3          	sb	a5,17(s0)
    rt_spin_lock_init(&(mutex->spinlock));
80001c48:	eccff0ef          	jal	ra,80001314 <rt_spin_lock_init>
}
80001c4c:	00c12083          	lw	ra,12(sp)
80001c50:	00812403          	lw	s0,8(sp)
80001c54:	00412483          	lw	s1,4(sp)
80001c58:	00000513          	li	a0,0
80001c5c:	01010113          	addi	sp,sp,16
80001c60:	00008067          	ret

80001c64 <rt_mutex_drop_thread>:
{
80001c64:	fc010113          	addi	sp,sp,-64
80001c68:	02812c23          	sw	s0,56(sp)
80001c6c:	03212823          	sw	s2,48(sp)
80001c70:	02112e23          	sw	ra,60(sp)
80001c74:	02912a23          	sw	s1,52(sp)
80001c78:	03312623          	sw	s3,44(sp)
80001c7c:	00050413          	mv	s0,a0
80001c80:	00058913          	mv	s2,a1
    RT_DEBUG_IN_THREAD_CONTEXT;
80001c84:	044020ef          	jal	ra,80003cc8 <rt_thread_self>
80001c88:	02051863          	bnez	a0,80001cb8 <rt_mutex_drop_thread+0x54>
80001c8c:	00003597          	auipc	a1,0x3
80001c90:	18c58593          	addi	a1,a1,396 # 80004e18 <__FUNCTION__.29>
80001c94:	00003517          	auipc	a0,0x3
80001c98:	02050513          	addi	a0,a0,32 # 80004cb4 <__FUNCTION__.0+0xa0>
80001c9c:	510000ef          	jal	ra,800021ac <rt_kprintf>
80001ca0:	43e00613          	li	a2,1086
80001ca4:	00003597          	auipc	a1,0x3
80001ca8:	17458593          	addi	a1,a1,372 # 80004e18 <__FUNCTION__.29>
80001cac:	00004517          	auipc	a0,0x4
80001cb0:	b6450513          	addi	a0,a0,-1180 # 80005810 <__FUNCTION__.2+0xa8>
80001cb4:	774000ef          	jal	ra,80002428 <rt_assert_handler>
80001cb8:	478000ef          	jal	ra,80002130 <rt_interrupt_get_nest>
80001cbc:	02050863          	beqz	a0,80001cec <rt_mutex_drop_thread+0x88>
80001cc0:	00003597          	auipc	a1,0x3
80001cc4:	15858593          	addi	a1,a1,344 # 80004e18 <__FUNCTION__.29>
80001cc8:	00003517          	auipc	a0,0x3
80001ccc:	02450513          	addi	a0,a0,36 # 80004cec <__FUNCTION__.0+0xd8>
80001cd0:	4dc000ef          	jal	ra,800021ac <rt_kprintf>
80001cd4:	43e00613          	li	a2,1086
80001cd8:	00003597          	auipc	a1,0x3
80001cdc:	14058593          	addi	a1,a1,320 # 80004e18 <__FUNCTION__.29>
80001ce0:	00004517          	auipc	a0,0x4
80001ce4:	b3050513          	addi	a0,a0,-1232 # 80005810 <__FUNCTION__.2+0xa8>
80001ce8:	740000ef          	jal	ra,80002428 <rt_assert_handler>
    RT_ASSERT(mutex != RT_NULL);
80001cec:	00041e63          	bnez	s0,80001d08 <rt_mutex_drop_thread+0xa4>
80001cf0:	43f00613          	li	a2,1087
80001cf4:	00003597          	auipc	a1,0x3
80001cf8:	12458593          	addi	a1,a1,292 # 80004e18 <__FUNCTION__.29>
80001cfc:	00003517          	auipc	a0,0x3
80001d00:	01850513          	addi	a0,a0,24 # 80004d14 <__FUNCTION__.0+0x100>
80001d04:	724000ef          	jal	ra,80002428 <rt_assert_handler>
    RT_ASSERT(thread != RT_NULL);
80001d08:	00091e63          	bnez	s2,80001d24 <rt_mutex_drop_thread+0xc0>
80001d0c:	44000613          	li	a2,1088
80001d10:	00003597          	auipc	a1,0x3
80001d14:	10858593          	addi	a1,a1,264 # 80004e18 <__FUNCTION__.29>
80001d18:	00003517          	auipc	a0,0x3
80001d1c:	06c50513          	addi	a0,a0,108 # 80004d84 <__FUNCTION__.0+0x170>
80001d20:	708000ef          	jal	ra,80002428 <rt_assert_handler>
    rt_spin_lock(&(mutex->spinlock));
80001d24:	03440993          	addi	s3,s0,52
80001d28:	00098513          	mv	a0,s3
80001d2c:	decff0ef          	jal	ra,80001318 <rt_spin_lock>
    RT_ASSERT(thread->pending_object == &mutex->parent.parent);
80001d30:	09092783          	lw	a5,144(s2)
80001d34:	00878e63          	beq	a5,s0,80001d50 <rt_mutex_drop_thread+0xec>
80001d38:	44400613          	li	a2,1092
80001d3c:	00003597          	auipc	a1,0x3
80001d40:	0dc58593          	addi	a1,a1,220 # 80004e18 <__FUNCTION__.29>
80001d44:	00003517          	auipc	a0,0x3
80001d48:	05450513          	addi	a0,a0,84 # 80004d98 <__FUNCTION__.0+0x184>
80001d4c:	6dc000ef          	jal	ra,80002428 <rt_assert_handler>
    rt_sched_lock(&slvl);
80001d50:	01c10513          	addi	a0,sp,28
80001d54:	64c010ef          	jal	ra,800033a0 <rt_sched_lock>
    rt_list_remove(&RT_THREAD_LIST_NODE(thread));
80001d58:	03490513          	addi	a0,s2,52
80001d5c:	859ff0ef          	jal	ra,800015b4 <rt_list_remove>
    if (mutex->owner && rt_sched_thread_get_curr_prio(mutex->owner) ==
80001d60:	02842503          	lw	a0,40(s0)
    rt_bool_t need_update = RT_FALSE;
80001d64:	00000493          	li	s1,0
    if (mutex->owner && rt_sched_thread_get_curr_prio(mutex->owner) ==
80001d68:	00050e63          	beqz	a0,80001d84 <rt_mutex_drop_thread+0x120>
80001d6c:	394010ef          	jal	ra,80003100 <rt_sched_thread_get_curr_prio>
80001d70:	00050493          	mv	s1,a0
                            rt_sched_thread_get_curr_prio(thread))
80001d74:	00090513          	mv	a0,s2
80001d78:	388010ef          	jal	ra,80003100 <rt_sched_thread_get_curr_prio>
    if (mutex->owner && rt_sched_thread_get_curr_prio(mutex->owner) ==
80001d7c:	40a484b3          	sub	s1,s1,a0
80001d80:	0014b493          	seqz	s1,s1
    return l->next == l;
80001d84:	01c42503          	lw	a0,28(s0)
    if (!rt_list_isempty(&mutex->parent.suspend_thread))
80001d88:	01c40793          	addi	a5,s0,28
80001d8c:	06f50263          	beq	a0,a5,80001df0 <rt_mutex_drop_thread+0x18c>
        mutex->priority = rt_sched_thread_get_curr_prio(th);
80001d90:	fcc50513          	addi	a0,a0,-52
80001d94:	36c010ef          	jal	ra,80003100 <rt_sched_thread_get_curr_prio>
80001d98:	02a402a3          	sb	a0,37(s0)
    if (need_update)
80001d9c:	02048463          	beqz	s1,80001dc4 <rt_mutex_drop_thread+0x160>
        priority = _thread_get_mutex_priority(mutex->owner);
80001da0:	02842503          	lw	a0,40(s0)
80001da4:	82dff0ef          	jal	ra,800015d0 <_thread_get_mutex_priority>
80001da8:	00a12623          	sw	a0,12(sp)
        if (priority != rt_sched_thread_get_curr_prio(mutex->owner))
80001dac:	02842503          	lw	a0,40(s0)
80001db0:	350010ef          	jal	ra,80003100 <rt_sched_thread_get_curr_prio>
80001db4:	00c12583          	lw	a1,12(sp)
80001db8:	00b50663          	beq	a0,a1,80001dc4 <rt_mutex_drop_thread+0x160>
            _thread_update_priority(mutex->owner, priority, RT_UNINTERRUPTIBLE);
80001dbc:	02842503          	lw	a0,40(s0)
80001dc0:	995ff0ef          	jal	ra,80001754 <_thread_update_priority.constprop.0>
    rt_sched_unlock(slvl);
80001dc4:	01c12503          	lw	a0,28(sp)
80001dc8:	610010ef          	jal	ra,800033d8 <rt_sched_unlock>
    rt_spin_unlock(&(mutex->spinlock));
80001dcc:	00098513          	mv	a0,s3
80001dd0:	d4cff0ef          	jal	ra,8000131c <rt_spin_unlock>
}
80001dd4:	03c12083          	lw	ra,60(sp)
80001dd8:	03812403          	lw	s0,56(sp)
80001ddc:	03412483          	lw	s1,52(sp)
80001de0:	03012903          	lw	s2,48(sp)
80001de4:	02c12983          	lw	s3,44(sp)
80001de8:	04010113          	addi	sp,sp,64
80001dec:	00008067          	ret
        mutex->priority = 0xff;
80001df0:	fff00793          	li	a5,-1
80001df4:	02f402a3          	sb	a5,37(s0)
80001df8:	fa5ff06f          	j	80001d9c <rt_mutex_drop_thread+0x138>

80001dfc <rt_mutex_take>:

rt_err_t rt_mutex_take(rt_mutex_t mutex, rt_int32_t time)
{
    return _rt_mutex_take(mutex, time, RT_UNINTERRUPTIBLE);
80001dfc:	00200613          	li	a2,2
80001e00:	a2dff06f          	j	8000182c <_rt_mutex_take>

80001e04 <rt_mutex_release>:
 *
 * @return   Return the operation status. When the return value is RT_EOK, the operation is successful.
 *           If the return value is any other values, it means that the mutex release failed.
 */
rt_err_t rt_mutex_release(rt_mutex_t mutex)
{
80001e04:	fb010113          	addi	sp,sp,-80
80001e08:	04812423          	sw	s0,72(sp)
80001e0c:	04112623          	sw	ra,76(sp)
80001e10:	04912223          	sw	s1,68(sp)
80001e14:	05212023          	sw	s2,64(sp)
80001e18:	03312e23          	sw	s3,60(sp)
80001e1c:	03412c23          	sw	s4,56(sp)
80001e20:	03512a23          	sw	s5,52(sp)
80001e24:	03612823          	sw	s6,48(sp)
80001e28:	03712623          	sw	s7,44(sp)
80001e2c:	03812423          	sw	s8,40(sp)
80001e30:	00050413          	mv	s0,a0
    rt_sched_lock_level_t slvl;
    struct rt_thread *thread;
    rt_bool_t need_schedule;

    /* parameter check */
    RT_ASSERT(mutex != RT_NULL);
80001e34:	00051e63          	bnez	a0,80001e50 <rt_mutex_release+0x4c>
80001e38:	63e00613          	li	a2,1598
80001e3c:	00003597          	auipc	a1,0x3
80001e40:	fb858593          	addi	a1,a1,-72 # 80004df4 <__FUNCTION__.23>
80001e44:	00003517          	auipc	a0,0x3
80001e48:	ed050513          	addi	a0,a0,-304 # 80004d14 <__FUNCTION__.0+0x100>
80001e4c:	5dc000ef          	jal	ra,80002428 <rt_assert_handler>
    RT_ASSERT(rt_object_get_type(&mutex->parent.parent) == RT_Object_Class_Mutex);
80001e50:	00040513          	mv	a0,s0
80001e54:	1f8010ef          	jal	ra,8000304c <rt_object_get_type>
80001e58:	00300793          	li	a5,3
80001e5c:	00f50e63          	beq	a0,a5,80001e78 <rt_mutex_release+0x74>
80001e60:	63f00613          	li	a2,1599
80001e64:	00003597          	auipc	a1,0x3
80001e68:	f9058593          	addi	a1,a1,-112 # 80004df4 <__FUNCTION__.23>
80001e6c:	00003517          	auipc	a0,0x3
80001e70:	ebc50513          	addi	a0,a0,-324 # 80004d28 <__FUNCTION__.0+0x114>
80001e74:	5b4000ef          	jal	ra,80002428 <rt_assert_handler>

    need_schedule = RT_FALSE;

    /* only thread could release mutex because we need test the ownership */
    RT_DEBUG_IN_THREAD_CONTEXT;
80001e78:	651010ef          	jal	ra,80003cc8 <rt_thread_self>
80001e7c:	02051863          	bnez	a0,80001eac <rt_mutex_release+0xa8>
80001e80:	00003597          	auipc	a1,0x3
80001e84:	f7458593          	addi	a1,a1,-140 # 80004df4 <__FUNCTION__.23>
80001e88:	00003517          	auipc	a0,0x3
80001e8c:	e2c50513          	addi	a0,a0,-468 # 80004cb4 <__FUNCTION__.0+0xa0>
80001e90:	31c000ef          	jal	ra,800021ac <rt_kprintf>
80001e94:	64400613          	li	a2,1604
80001e98:	00003597          	auipc	a1,0x3
80001e9c:	f5c58593          	addi	a1,a1,-164 # 80004df4 <__FUNCTION__.23>
80001ea0:	00004517          	auipc	a0,0x4
80001ea4:	97050513          	addi	a0,a0,-1680 # 80005810 <__FUNCTION__.2+0xa8>
80001ea8:	580000ef          	jal	ra,80002428 <rt_assert_handler>
80001eac:	284000ef          	jal	ra,80002130 <rt_interrupt_get_nest>
80001eb0:	02050863          	beqz	a0,80001ee0 <rt_mutex_release+0xdc>
80001eb4:	00003597          	auipc	a1,0x3
80001eb8:	f4058593          	addi	a1,a1,-192 # 80004df4 <__FUNCTION__.23>
80001ebc:	00003517          	auipc	a0,0x3
80001ec0:	e3050513          	addi	a0,a0,-464 # 80004cec <__FUNCTION__.0+0xd8>
80001ec4:	2e8000ef          	jal	ra,800021ac <rt_kprintf>
80001ec8:	64400613          	li	a2,1604
80001ecc:	00003597          	auipc	a1,0x3
80001ed0:	f2858593          	addi	a1,a1,-216 # 80004df4 <__FUNCTION__.23>
80001ed4:	00004517          	auipc	a0,0x4
80001ed8:	93c50513          	addi	a0,a0,-1732 # 80005810 <__FUNCTION__.2+0xa8>
80001edc:	54c000ef          	jal	ra,80002428 <rt_assert_handler>

    /* get current thread */
    thread = rt_thread_self();
80001ee0:	5e9010ef          	jal	ra,80003cc8 <rt_thread_self>

    rt_spin_lock(&(mutex->spinlock));
80001ee4:	03440993          	addi	s3,s0,52
    thread = rt_thread_self();
80001ee8:	00050493          	mv	s1,a0
    rt_spin_lock(&(mutex->spinlock));
80001eec:	00098513          	mv	a0,s3
80001ef0:	c28ff0ef          	jal	ra,80001318 <rt_spin_lock>

    LOG_D("mutex_release:current thread %s, hold: %d",
          thread->parent.name, mutex->hold);

    RT_OBJECT_HOOK_CALL(rt_object_put_hook, (&(mutex->parent.parent)));
80001ef4:	cd81a783          	lw	a5,-808(gp) # 801004d8 <rt_object_put_hook>
80001ef8:	00078663          	beqz	a5,80001f04 <rt_mutex_release+0x100>
80001efc:	00040513          	mv	a0,s0
80001f00:	000780e7          	jalr	a5
     * Mutex can only be released by its owner.
     * Exception: if the owner thread is already closed, allow other threads
     * to release so the orphaned mutex can be cleaned up (e.g. cross-thread
     * rt_thread_delete path in _thread_detach_from_mutex).
     */
    if (thread != mutex->owner)
80001f04:	02842783          	lw	a5,40(s0)
80001f08:	06978863          	beq	a5,s1,80001f78 <rt_mutex_release+0x174>
    {
        rt_bool_t owner_closed = RT_FALSE;

        if (mutex->owner != RT_NULL)
80001f0c:	04079463          	bnez	a5,80001f54 <rt_mutex_release+0x150>
            rt_sched_unlock(slvl);
        }

        if (!owner_closed)
        {
            thread->error = -RT_ERROR;
80001f10:	fff00793          	li	a5,-1
            rt_spin_unlock(&(mutex->spinlock));
80001f14:	00098513          	mv	a0,s3
            thread->error = -RT_ERROR;
80001f18:	02f4a823          	sw	a5,48(s1)
            rt_spin_unlock(&(mutex->spinlock));
80001f1c:	c00ff0ef          	jal	ra,8000131c <rt_spin_unlock>
            return -RT_ERROR;
80001f20:	fff00513          	li	a0,-1
    /* perform a schedule */
    if (need_schedule == RT_TRUE)
        rt_schedule();

    return RT_EOK;
}
80001f24:	04c12083          	lw	ra,76(sp)
80001f28:	04812403          	lw	s0,72(sp)
80001f2c:	04412483          	lw	s1,68(sp)
80001f30:	04012903          	lw	s2,64(sp)
80001f34:	03c12983          	lw	s3,60(sp)
80001f38:	03812a03          	lw	s4,56(sp)
80001f3c:	03412a83          	lw	s5,52(sp)
80001f40:	03012b03          	lw	s6,48(sp)
80001f44:	02c12b83          	lw	s7,44(sp)
80001f48:	02812c03          	lw	s8,40(sp)
80001f4c:	05010113          	addi	sp,sp,80
80001f50:	00008067          	ret
            rt_sched_lock(&slvl);
80001f54:	01c10513          	addi	a0,sp,28
80001f58:	448010ef          	jal	ra,800033a0 <rt_sched_lock>
                (rt_sched_thread_get_stat(mutex->owner) == RT_THREAD_CLOSE);
80001f5c:	02842503          	lw	a0,40(s0)
80001f60:	194010ef          	jal	ra,800030f4 <rt_sched_thread_get_stat>
80001f64:	00050913          	mv	s2,a0
            rt_sched_unlock(slvl);
80001f68:	01c12503          	lw	a0,28(sp)
80001f6c:	46c010ef          	jal	ra,800033d8 <rt_sched_unlock>
        if (!owner_closed)
80001f70:	00100793          	li	a5,1
80001f74:	f8f91ee3          	bne	s2,a5,80001f10 <rt_mutex_release+0x10c>
    mutex->hold --;
80001f78:	02644783          	lbu	a5,38(s0)
    need_schedule = RT_FALSE;
80001f7c:	00000493          	li	s1,0
    mutex->hold --;
80001f80:	fff78793          	addi	a5,a5,-1
80001f84:	0ff7f793          	andi	a5,a5,255
80001f88:	02f40323          	sb	a5,38(s0)
    if (mutex->hold == 0)
80001f8c:	0a079863          	bnez	a5,8000203c <rt_mutex_release+0x238>
        rt_sched_lock(&slvl);
80001f90:	01c10513          	addi	a0,sp,28
        struct rt_thread *owner = mutex->owner;
80001f94:	02842483          	lw	s1,40(s0)
        rt_list_remove(&mutex->taken_list);
80001f98:	02c40a93          	addi	s5,s0,44
        rt_sched_lock(&slvl);
80001f9c:	404010ef          	jal	ra,800033a0 <rt_sched_lock>
        rt_list_remove(&mutex->taken_list);
80001fa0:	000a8513          	mv	a0,s5
80001fa4:	e10ff0ef          	jal	ra,800015b4 <rt_list_remove>
        need_schedule = _check_and_update_prio(owner, mutex);
80001fa8:	00048513          	mv	a0,s1
80001fac:	00040593          	mv	a1,s0
80001fb0:	e7cff0ef          	jal	ra,8000162c <_check_and_update_prio>
        if (!rt_list_isempty(&mutex->parent.suspend_thread))
80001fb4:	01c42783          	lw	a5,28(s0)
80001fb8:	01c40a13          	addi	s4,s0,28
        need_schedule = _check_and_update_prio(owner, mutex);
80001fbc:	00050493          	mv	s1,a0
        if (!rt_list_isempty(&mutex->parent.suspend_thread))
80001fc0:	0afa0063          	beq	s4,a5,80002060 <rt_mutex_release+0x25c>
                RT_ASSERT(rt_sched_thread_is_suspended(next_thread));
80001fc4:	00003b97          	auipc	s7,0x3
80001fc8:	e30b8b93          	addi	s7,s7,-464 # 80004df4 <__FUNCTION__.23>
80001fcc:	00003c17          	auipc	s8,0x3
80001fd0:	dfcc0c13          	addi	s8,s8,-516 # 80004dc8 <__FUNCTION__.0+0x1b4>
                next_thread = RT_THREAD_LIST_NODE_ENTRY(mutex->parent.suspend_thread.next);
80001fd4:	01c42903          	lw	s2,28(s0)
80001fd8:	fcc90b13          	addi	s6,s2,-52
                RT_ASSERT(rt_sched_thread_is_suspended(next_thread));
80001fdc:	000b0513          	mv	a0,s6
80001fe0:	130010ef          	jal	ra,80003110 <rt_sched_thread_is_suspended>
80001fe4:	00051a63          	bnez	a0,80001ff8 <rt_mutex_release+0x1f4>
80001fe8:	68300613          	li	a2,1667
80001fec:	000b8593          	mv	a1,s7
80001ff0:	000c0513          	mv	a0,s8
80001ff4:	434000ef          	jal	ra,80002428 <rt_assert_handler>
                rt_list_remove(&RT_THREAD_LIST_NODE(next_thread));
80001ff8:	00090513          	mv	a0,s2
80001ffc:	db8ff0ef          	jal	ra,800015b4 <rt_list_remove>
                if (rt_sched_thread_ready(next_thread) != RT_EOK)
80002000:	000b0513          	mv	a0,s6
80002004:	148010ef          	jal	ra,8000314c <rt_sched_thread_ready>
80002008:	06050863          	beqz	a0,80002078 <rt_mutex_release+0x274>
            } while (!next_thread && !rt_list_isempty(&mutex->parent.suspend_thread));
8000200c:	01c42783          	lw	a5,28(s0)
80002010:	fcfa12e3          	bne	s4,a5,80001fd4 <rt_mutex_release+0x1d0>
                mutex->priority = 0xff;
80002014:	fff00793          	li	a5,-1
                mutex->owner = RT_NULL;
80002018:	02042423          	sw	zero,40(s0)
                mutex->priority = 0xff;
8000201c:	02f402a3          	sb	a5,37(s0)
80002020:	0140006f          	j	80002034 <rt_mutex_release+0x230>
                    mutex->priority = rt_sched_thread_get_curr_prio(th);
80002024:	fcc50513          	addi	a0,a0,-52
80002028:	0d8010ef          	jal	ra,80003100 <rt_sched_thread_get_curr_prio>
8000202c:	02a402a3          	sb	a0,37(s0)
                need_schedule = RT_TRUE;
80002030:	00100493          	li	s1,1
            rt_sched_unlock(slvl);
80002034:	01c12503          	lw	a0,28(sp)
80002038:	3a0010ef          	jal	ra,800033d8 <rt_sched_unlock>
    rt_spin_unlock(&(mutex->spinlock));
8000203c:	00098513          	mv	a0,s3
80002040:	adcff0ef          	jal	ra,8000131c <rt_spin_unlock>
    if (need_schedule == RT_TRUE)
80002044:	00100793          	li	a5,1
    return RT_EOK;
80002048:	00000513          	li	a0,0
    if (need_schedule == RT_TRUE)
8000204c:	ecf49ce3          	bne	s1,a5,80001f24 <rt_mutex_release+0x120>
80002050:	00a12623          	sw	a0,12(sp)
        rt_schedule();
80002054:	61c010ef          	jal	ra,80003670 <rt_schedule>
80002058:	00c12503          	lw	a0,12(sp)
8000205c:	ec9ff06f          	j	80001f24 <rt_mutex_release+0x120>
            rt_sched_unlock(slvl);
80002060:	01c12503          	lw	a0,28(sp)
80002064:	374010ef          	jal	ra,800033d8 <rt_sched_unlock>
            mutex->priority = 0xff;
80002068:	fff00793          	li	a5,-1
            mutex->owner    = RT_NULL;
8000206c:	02042423          	sw	zero,40(s0)
            mutex->priority = 0xff;
80002070:	02f402a3          	sb	a5,37(s0)
80002074:	fc9ff06f          	j	8000203c <rt_mutex_release+0x238>
                mutex->hold  = 1;
80002078:	00100793          	li	a5,1
8000207c:	02f40323          	sb	a5,38(s0)
    l->next->prev = n;
80002080:	05492783          	lw	a5,84(s2)
                mutex->owner = next_thread;
80002084:	03642423          	sw	s6,40(s0)
80002088:	0157a223          	sw	s5,4(a5)
    n->next = l->next;
8000208c:	02f42623          	sw	a5,44(s0)
    l->next = n;
80002090:	05592a23          	sw	s5,84(s2)
                rt_list_insert_after(&next_thread->taken_object_list, &mutex->taken_list);
80002094:	05490793          	addi	a5,s2,84
    return l->next == l;
80002098:	01c42503          	lw	a0,28(s0)
    n->prev = l;
8000209c:	02f42823          	sw	a5,48(s0)
                next_thread->pending_object = RT_NULL;
800020a0:	04092e23          	sw	zero,92(s2)
                if (!rt_list_isempty(&(mutex->parent.suspend_thread)))
800020a4:	f8aa10e3          	bne	s4,a0,80002024 <rt_mutex_release+0x220>
                    mutex->priority = 0xff;
800020a8:	fff00793          	li	a5,-1
800020ac:	02f402a3          	sb	a5,37(s0)
800020b0:	f81ff06f          	j	80002030 <rt_mutex_release+0x22c>

800020b4 <rt_interrupt_enter>:
 * @note Please don't invoke this routine in application
 *
 * @see rt_interrupt_leave
 */
rt_weak void rt_interrupt_enter(void)
{
800020b4:	ff010113          	addi	sp,sp,-16
800020b8:	00112623          	sw	ra,12(sp)
    level = rt_hw_interrupt_disable();
800020bc:	938fe0ef          	jal	ra,800001f4 <rt_hw_interrupt_disable>
    temp = *ptr;
800020c0:	c0018793          	addi	a5,gp,-1024 # 80100400 <rt_interrupt_nest>
800020c4:	0007a703          	lw	a4,0(a5)
    *ptr += val;
800020c8:	0007a703          	lw	a4,0(a5)
800020cc:	00170713          	addi	a4,a4,1
800020d0:	00e7a023          	sw	a4,0(a5)
    rt_hw_interrupt_enable(level);
800020d4:	928fe0ef          	jal	ra,800001fc <rt_hw_interrupt_enable>
    rt_atomic_add(&(rt_interrupt_nest), 1);
    RT_OBJECT_HOOK_CALL(rt_interrupt_enter_hook,());
800020d8:	bf81a783          	lw	a5,-1032(gp) # 801003f8 <rt_interrupt_enter_hook>
800020dc:	00078863          	beqz	a5,800020ec <rt_interrupt_enter+0x38>
    LOG_D("irq has come..., irq current nest:%d",
          (rt_int32_t)rt_atomic_load(&(rt_interrupt_nest)));
}
800020e0:	00c12083          	lw	ra,12(sp)
800020e4:	01010113          	addi	sp,sp,16
    RT_OBJECT_HOOK_CALL(rt_interrupt_enter_hook,());
800020e8:	00078067          	jr	a5
}
800020ec:	00c12083          	lw	ra,12(sp)
800020f0:	01010113          	addi	sp,sp,16
800020f4:	00008067          	ret

800020f8 <rt_interrupt_leave>:
 * @note Please don't invoke this routine in application
 *
 * @see rt_interrupt_enter
 */
rt_weak void rt_interrupt_leave(void)
{
800020f8:	ff010113          	addi	sp,sp,-16
800020fc:	00112623          	sw	ra,12(sp)
    LOG_D("irq is going to leave, irq current nest:%d",
                 (rt_int32_t)rt_atomic_load(&(rt_interrupt_nest)));
    RT_OBJECT_HOOK_CALL(rt_interrupt_leave_hook,());
80002100:	bfc1a783          	lw	a5,-1028(gp) # 801003fc <rt_interrupt_leave_hook>
80002104:	00078463          	beqz	a5,8000210c <rt_interrupt_leave+0x14>
80002108:	000780e7          	jalr	a5
    level = rt_hw_interrupt_disable();
8000210c:	8e8fe0ef          	jal	ra,800001f4 <rt_hw_interrupt_disable>
    temp = *ptr;
80002110:	c0018793          	addi	a5,gp,-1024 # 80100400 <rt_interrupt_nest>
80002114:	0007a703          	lw	a4,0(a5)
    *ptr -= val;
80002118:	0007a703          	lw	a4,0(a5)
    rt_atomic_sub(&(rt_interrupt_nest), 1);

}
8000211c:	00c12083          	lw	ra,12(sp)
80002120:	fff70713          	addi	a4,a4,-1
80002124:	00e7a023          	sw	a4,0(a5)
80002128:	01010113          	addi	sp,sp,16
    rt_hw_interrupt_enable(level);
8000212c:	8d0fe06f          	j	800001fc <rt_hw_interrupt_enable>

80002130 <rt_interrupt_get_nest>:
 * context is interrupt context.
 *
 * @return the number of nested interrupts.
 */
rt_weak rt_uint8_t rt_interrupt_get_nest(void)
{
80002130:	ff010113          	addi	sp,sp,-16
80002134:	00112623          	sw	ra,12(sp)
80002138:	00812423          	sw	s0,8(sp)
8000213c:	00912223          	sw	s1,4(sp)
    rt_uint8_t ret;
    rt_base_t level;

    level = rt_hw_local_irq_disable();
80002140:	8b4fe0ef          	jal	ra,800001f4 <rt_hw_interrupt_disable>
80002144:	00050413          	mv	s0,a0
    level = rt_hw_interrupt_disable();
80002148:	8acfe0ef          	jal	ra,800001f4 <rt_hw_interrupt_disable>
    temp = *ptr;
8000214c:	c001a483          	lw	s1,-1024(gp) # 80100400 <rt_interrupt_nest>
    rt_hw_interrupt_enable(level);
80002150:	8acfe0ef          	jal	ra,800001fc <rt_hw_interrupt_enable>
    ret = rt_atomic_load(&rt_interrupt_nest);
    rt_hw_local_irq_enable(level);
80002154:	00040513          	mv	a0,s0
80002158:	8a4fe0ef          	jal	ra,800001fc <rt_hw_interrupt_enable>
    return ret;
}
8000215c:	00c12083          	lw	ra,12(sp)
80002160:	00812403          	lw	s0,8(sp)
80002164:	0ff4f513          	andi	a0,s1,255
80002168:	00412483          	lw	s1,4(sp)
8000216c:	01010113          	addi	sp,sp,16
80002170:	00008067          	ret

80002174 <rt_hw_interrupt_is_disabled>:
RTM_EXPORT(rt_hw_interrupt_enable);

rt_weak rt_bool_t rt_hw_interrupt_is_disabled(void)
{
    return RT_FALSE;
}
80002174:	00000513          	li	a0,0
80002178:	00008067          	ret

8000217c <_heap_lock>:
    rt_mutex_init(&_lock, "heap", RT_IPC_FLAG_PRIO);
#endif
}

rt_inline rt_base_t _heap_lock(void)
{
8000217c:	ff010113          	addi	sp,sp,-16
80002180:	00112623          	sw	ra,12(sp)
#if defined(RT_USING_HEAP_ISR)
    return rt_spin_lock_irqsave(&_heap_spinlock);
#elif defined(RT_USING_MUTEX)
    if (rt_thread_self())
80002184:	345010ef          	jal	ra,80003cc8 <rt_thread_self>
80002188:	00050c63          	beqz	a0,800021a0 <_heap_lock+0x24>
        return RT_EOK;
#else
    rt_enter_critical();
    return RT_EOK;
#endif
}
8000218c:	00c12083          	lw	ra,12(sp)
        return rt_mutex_take(&_lock, RT_WAITING_FOREVER);
80002190:	fff00593          	li	a1,-1
80002194:	c0418513          	addi	a0,gp,-1020 # 80100404 <_lock>
}
80002198:	01010113          	addi	sp,sp,16
        return rt_mutex_take(&_lock, RT_WAITING_FOREVER);
8000219c:	c61ff06f          	j	80001dfc <rt_mutex_take>
}
800021a0:	00c12083          	lw	ra,12(sp)
800021a4:	01010113          	addi	sp,sp,16
800021a8:	00008067          	ret

800021ac <rt_kprintf>:
{
800021ac:	fc010113          	addi	sp,sp,-64
800021b0:	00812c23          	sw	s0,24(sp)
800021b4:	00112e23          	sw	ra,28(sp)
800021b8:	02b12223          	sw	a1,36(sp)
800021bc:	02c12423          	sw	a2,40(sp)
800021c0:	02d12623          	sw	a3,44(sp)
800021c4:	02e12823          	sw	a4,48(sp)
800021c8:	02f12a23          	sw	a5,52(sp)
800021cc:	03012c23          	sw	a6,56(sp)
800021d0:	03112e23          	sw	a7,60(sp)
    return _console_output_enabled;
800021d4:	8081a403          	lw	s0,-2040(gp) # 80100008 <_console_output_enabled>
    if (!rt_console_output_get_enabled())
800021d8:	02040a63          	beqz	s0,8000220c <rt_kprintf+0x60>
    va_start(args, fmt);
800021dc:	02410693          	addi	a3,sp,36
    length = rt_vsnprintf(rt_log_buf, sizeof(rt_log_buf) - 1, fmt, args);
800021e0:	00050613          	mv	a2,a0
800021e4:	07f00593          	li	a1,127
800021e8:	c4818513          	addi	a0,gp,-952 # 80100448 <rt_log_buf.3>
    va_start(args, fmt);
800021ec:	00d12623          	sw	a3,12(sp)
    length = rt_vsnprintf(rt_log_buf, sizeof(rt_log_buf) - 1, fmt, args);
800021f0:	f50fe0ef          	jal	ra,80000940 <rt_vsnprintf>
    _kputs(rt_log_buf, length);
800021f4:	07f00793          	li	a5,127
    length = rt_vsnprintf(rt_log_buf, sizeof(rt_log_buf) - 1, fmt, args);
800021f8:	00050413          	mv	s0,a0
    _kputs(rt_log_buf, length);
800021fc:	00a7f463          	bgeu	a5,a0,80002204 <rt_kprintf+0x58>
80002200:	07f00413          	li	s0,127
    rt_hw_console_output(str);
80002204:	c4818513          	addi	a0,gp,-952 # 80100448 <rt_log_buf.3>
80002208:	dd1fe0ef          	jal	ra,80000fd8 <rt_hw_console_output>
}
8000220c:	01c12083          	lw	ra,28(sp)
80002210:	00040513          	mv	a0,s0
80002214:	01812403          	lw	s0,24(sp)
80002218:	04010113          	addi	sp,sp,64
8000221c:	00008067          	ret

80002220 <rt_hw_backtrace_frame_unwind>:
{
80002220:	ff010113          	addi	sp,sp,-16
    LOG_W("%s is not implemented", __func__);
80002224:	00003517          	auipc	a0,0x3
80002228:	c3450513          	addi	a0,a0,-972 # 80004e58 <__FUNCTION__.39+0x18>
{
8000222c:	00112623          	sw	ra,12(sp)
    LOG_W("%s is not implemented", __func__);
80002230:	f7dff0ef          	jal	ra,800021ac <rt_kprintf>
80002234:	00003597          	auipc	a1,0x3
80002238:	e3c58593          	addi	a1,a1,-452 # 80005070 <__func__.4>
8000223c:	00003517          	auipc	a0,0x3
80002240:	cb050513          	addi	a0,a0,-848 # 80004eec <__FUNCTION__.39+0xac>
80002244:	f69ff0ef          	jal	ra,800021ac <rt_kprintf>
80002248:	00003517          	auipc	a0,0x3
8000224c:	c9c50513          	addi	a0,a0,-868 # 80004ee4 <__FUNCTION__.39+0xa4>
80002250:	f5dff0ef          	jal	ra,800021ac <rt_kprintf>
}
80002254:	00c12083          	lw	ra,12(sp)
80002258:	ffa00513          	li	a0,-6
8000225c:	01010113          	addi	sp,sp,16
80002260:	00008067          	ret

80002264 <rt_show_version>:
{
80002264:	ff010113          	addi	sp,sp,-16
    rt_kprintf("\n \\ | /\n");
80002268:	00003517          	auipc	a0,0x3
8000226c:	c9c50513          	addi	a0,a0,-868 # 80004f04 <__FUNCTION__.39+0xc4>
{
80002270:	00112623          	sw	ra,12(sp)
    rt_kprintf("\n \\ | /\n");
80002274:	f39ff0ef          	jal	ra,800021ac <rt_kprintf>
    rt_kprintf("- RT -     Thread Nano Operating System\n");
80002278:	00003517          	auipc	a0,0x3
8000227c:	c9850513          	addi	a0,a0,-872 # 80004f10 <__FUNCTION__.39+0xd0>
80002280:	f2dff0ef          	jal	ra,800021ac <rt_kprintf>
    rt_kprintf(" / | \\     %d.%d.%d build %s %s\n",
80002284:	00003797          	auipc	a5,0x3
80002288:	cb878793          	addi	a5,a5,-840 # 80004f3c <__FUNCTION__.39+0xfc>
8000228c:	00003717          	auipc	a4,0x3
80002290:	cbc70713          	addi	a4,a4,-836 # 80004f48 <__FUNCTION__.39+0x108>
80002294:	00000693          	li	a3,0
80002298:	00300613          	li	a2,3
8000229c:	00500593          	li	a1,5
800022a0:	00003517          	auipc	a0,0x3
800022a4:	cb450513          	addi	a0,a0,-844 # 80004f54 <__FUNCTION__.39+0x114>
800022a8:	f05ff0ef          	jal	ra,800021ac <rt_kprintf>
}
800022ac:	00c12083          	lw	ra,12(sp)
    rt_kprintf(" 2006 - 2024 Copyright by RT-Thread team\n");
800022b0:	00003517          	auipc	a0,0x3
800022b4:	cc850513          	addi	a0,a0,-824 # 80004f78 <__FUNCTION__.39+0x138>
}
800022b8:	01010113          	addi	sp,sp,16
    rt_kprintf(" 2006 - 2024 Copyright by RT-Thread team\n");
800022bc:	ef1ff06f          	j	800021ac <rt_kprintf>

800022c0 <rt_backtrace_frame>:
{
800022c0:	fe010113          	addi	sp,sp,-32
800022c4:	01212823          	sw	s2,16(sp)
800022c8:	00050913          	mv	s2,a0
    rt_kprintf("please use: addr2line -e rtthread.elf -a -f\n");
800022cc:	00003517          	auipc	a0,0x3
800022d0:	cd850513          	addi	a0,a0,-808 # 80004fa4 <__FUNCTION__.39+0x164>
{
800022d4:	00812c23          	sw	s0,24(sp)
800022d8:	00912a23          	sw	s1,20(sp)
800022dc:	01312623          	sw	s3,12(sp)
800022e0:	00112e23          	sw	ra,28(sp)
800022e4:	00058413          	mv	s0,a1
    rt_kprintf("please use: addr2line -e rtthread.elf -a -f\n");
800022e8:	02000493          	li	s1,32
800022ec:	ec1ff0ef          	jal	ra,800021ac <rt_kprintf>
        rt_kprintf(" 0x%lx", (rt_ubase_t)frame->pc);
800022f0:	00003997          	auipc	s3,0x3
800022f4:	ce498993          	addi	s3,s3,-796 # 80004fd4 <__FUNCTION__.39+0x194>
800022f8:	00442583          	lw	a1,4(s0)
800022fc:	00098513          	mv	a0,s3
80002300:	eadff0ef          	jal	ra,800021ac <rt_kprintf>
        if (rt_hw_backtrace_frame_unwind(thread, frame))
80002304:	00040593          	mv	a1,s0
80002308:	00090513          	mv	a0,s2
8000230c:	f15ff0ef          	jal	ra,80002220 <rt_hw_backtrace_frame_unwind>
80002310:	00051663          	bnez	a0,8000231c <rt_backtrace_frame+0x5c>
    while (nesting < RT_BACKTRACE_LEVEL_MAX_NR)
80002314:	fff48493          	addi	s1,s1,-1
80002318:	fe0490e3          	bnez	s1,800022f8 <rt_backtrace_frame+0x38>
    rt_kprintf("\n");
8000231c:	00003517          	auipc	a0,0x3
80002320:	99450513          	addi	a0,a0,-1644 # 80004cb0 <__FUNCTION__.0+0x9c>
80002324:	e89ff0ef          	jal	ra,800021ac <rt_kprintf>
}
80002328:	01c12083          	lw	ra,28(sp)
8000232c:	01812403          	lw	s0,24(sp)
80002330:	01412483          	lw	s1,20(sp)
80002334:	01012903          	lw	s2,16(sp)
80002338:	00c12983          	lw	s3,12(sp)
8000233c:	00000513          	li	a0,0
80002340:	02010113          	addi	sp,sp,32
80002344:	00008067          	ret

80002348 <rt_backtrace>:
{
80002348:	fe010113          	addi	sp,sp,-32
8000234c:	00112e23          	sw	ra,28(sp)
80002350:	00812c23          	sw	s0,24(sp)
80002354:	00912a23          	sw	s1,20(sp)
80002358:	02010413          	addi	s0,sp,32
    struct rt_hw_backtrace_frame frame = {0};
8000235c:	fe042423          	sw	zero,-24(s0)
80002360:	fe042623          	sw	zero,-20(s0)
    rt_thread_t thread = rt_thread_self();
80002364:	165010ef          	jal	ra,80003cc8 <rt_thread_self>
    RT_HW_BACKTRACE_FRAME_GET_SELF(&frame);
80002368:	00000797          	auipc	a5,0x0
8000236c:	fe078793          	addi	a5,a5,-32 # 80002348 <rt_backtrace>
    rt_hw_backtrace_frame_unwind(thread, &frame);
80002370:	fe840593          	addi	a1,s0,-24
    rt_thread_t thread = rt_thread_self();
80002374:	00050493          	mv	s1,a0
    RT_HW_BACKTRACE_FRAME_GET_SELF(&frame);
80002378:	fef42623          	sw	a5,-20(s0)
8000237c:	fe842423          	sw	s0,-24(s0)
    rt_hw_backtrace_frame_unwind(thread, &frame);
80002380:	ea1ff0ef          	jal	ra,80002220 <rt_hw_backtrace_frame_unwind>
    return rt_backtrace_frame(thread, &frame);
80002384:	fe840593          	addi	a1,s0,-24
80002388:	00048513          	mv	a0,s1
8000238c:	f35ff0ef          	jal	ra,800022c0 <rt_backtrace_frame>
}
80002390:	01c12083          	lw	ra,28(sp)
80002394:	01812403          	lw	s0,24(sp)
80002398:	01412483          	lw	s1,20(sp)
8000239c:	02010113          	addi	sp,sp,32
800023a0:	00008067          	ret

800023a4 <__rt_ffs>:
 * @return Return the index of the first bit set. If value is 0, then this function
 *         shall return 0.
 */
int __rt_ffs(int value)
{
    if (value == 0)
800023a4:	08050063          	beqz	a0,80002424 <__rt_ffs+0x80>
    {
        return 0;
    }

    if (value & 0xff)
800023a8:	0ff57713          	andi	a4,a0,255
800023ac:	00003797          	auipc	a5,0x3
800023b0:	ce478793          	addi	a5,a5,-796 # 80005090 <__lowest_bit_bitmap>
800023b4:	00070a63          	beqz	a4,800023c8 <__rt_ffs+0x24>
    {
        return __lowest_bit_bitmap[value & 0xff] + 1;
800023b8:	00e787b3          	add	a5,a5,a4
800023bc:	0007c503          	lbu	a0,0(a5)
800023c0:	00150513          	addi	a0,a0,1
800023c4:	00008067          	ret
    }

    if (value & 0xff00)
800023c8:	00010737          	lui	a4,0x10
800023cc:	f0070713          	addi	a4,a4,-256 # ff00 <_start-0x7fff0100>
800023d0:	00e57733          	and	a4,a0,a4
800023d4:	00070e63          	beqz	a4,800023f0 <__rt_ffs+0x4c>
    {
        return __lowest_bit_bitmap[(value & 0xff00) >> 8] + 9;
800023d8:	40855513          	srai	a0,a0,0x8
800023dc:	0ff57513          	andi	a0,a0,255
800023e0:	00a78533          	add	a0,a5,a0
800023e4:	00054503          	lbu	a0,0(a0)
800023e8:	00950513          	addi	a0,a0,9
800023ec:	00008067          	ret
    }

    if (value & 0xff0000)
800023f0:	00ff0737          	lui	a4,0xff0
800023f4:	00e57733          	and	a4,a0,a4
800023f8:	00070e63          	beqz	a4,80002414 <__rt_ffs+0x70>
    {
        return __lowest_bit_bitmap[(value & 0xff0000) >> 16] + 17;
800023fc:	41055513          	srai	a0,a0,0x10
80002400:	0ff57513          	andi	a0,a0,255
80002404:	00a78533          	add	a0,a5,a0
80002408:	00054503          	lbu	a0,0(a0)
8000240c:	01150513          	addi	a0,a0,17
80002410:	00008067          	ret
    }

    return __lowest_bit_bitmap[(value & 0xff000000) >> 24] + 25;
80002414:	01855513          	srli	a0,a0,0x18
80002418:	00a78533          	add	a0,a5,a0
8000241c:	00054503          	lbu	a0,0(a0)
80002420:	01950513          	addi	a0,a0,25
}
80002424:	00008067          	ret

80002428 <rt_assert_handler>:
 * @param func is the function name when assertion.
 *
 * @param line is the file line number when assertion.
 */
void rt_assert_handler(const char *ex_string, const char *func, rt_size_t line)
{
80002428:	fe010113          	addi	sp,sp,-32
8000242c:	00112e23          	sw	ra,28(sp)
    volatile char dummy = 0;
80002430:	000107a3          	sb	zero,15(sp)

    if (rt_assert_hook == RT_NULL)
80002434:	c401a803          	lw	a6,-960(gp) # 80100440 <rt_assert_hook>
80002438:	02081c63          	bnez	a6,80002470 <rt_assert_handler+0x48>
8000243c:	00060693          	mv	a3,a2
            dlmodule_exit(-1);
        }
        else
#endif /*RT_USING_MODULE*/
        {
            rt_kprintf("(%s) assertion failed at function:%s, line number:%d \n", ex_string, func, line);
80002440:	00058613          	mv	a2,a1
80002444:	00050593          	mv	a1,a0
80002448:	00003517          	auipc	a0,0x3
8000244c:	b9450513          	addi	a0,a0,-1132 # 80004fdc <__FUNCTION__.39+0x19c>
80002450:	d5dff0ef          	jal	ra,800021ac <rt_kprintf>
            rt_backtrace();
80002454:	ef5ff0ef          	jal	ra,80002348 <rt_backtrace>
            while (dummy == 0);
80002458:	00f14783          	lbu	a5,15(sp)
8000245c:	0ff7f793          	andi	a5,a5,255
80002460:	fe078ce3          	beqz	a5,80002458 <rt_assert_handler+0x30>
    }
    else
    {
        rt_assert_hook(ex_string, func, line);
    }
}
80002464:	01c12083          	lw	ra,28(sp)
80002468:	02010113          	addi	sp,sp,32
8000246c:	00008067          	ret
80002470:	01c12083          	lw	ra,28(sp)
80002474:	02010113          	addi	sp,sp,32
        rt_assert_hook(ex_string, func, line);
80002478:	00080067          	jr	a6

8000247c <rt_system_heap_init_generic>:
{
8000247c:	ff010113          	addi	sp,sp,-16
    rt_uintptr_t begin_align = RT_ALIGN((rt_uintptr_t)begin_addr, RT_ALIGN_SIZE);
80002480:	00350513          	addi	a0,a0,3
{
80002484:	00812423          	sw	s0,8(sp)
80002488:	00912223          	sw	s1,4(sp)
8000248c:	00112623          	sw	ra,12(sp)
    rt_uintptr_t begin_align = RT_ALIGN((rt_uintptr_t)begin_addr, RT_ALIGN_SIZE);
80002490:	ffc57413          	andi	s0,a0,-4
    rt_uintptr_t end_align   = RT_ALIGN_DOWN((rt_uintptr_t)end_addr, RT_ALIGN_SIZE);
80002494:	ffc5f493          	andi	s1,a1,-4
    RT_ASSERT(end_align > begin_align);
80002498:	00946e63          	bltu	s0,s1,800024b4 <rt_system_heap_init_generic+0x38>
8000249c:	46400613          	li	a2,1124
800024a0:	00003597          	auipc	a1,0x3
800024a4:	bb458593          	addi	a1,a1,-1100 # 80005054 <__FUNCTION__.1>
800024a8:	00003517          	auipc	a0,0x3
800024ac:	b6c50513          	addi	a0,a0,-1172 # 80005014 <__FUNCTION__.39+0x1d4>
800024b0:	f79ff0ef          	jal	ra,80002428 <rt_assert_handler>
    _MEM_INIT("heap", (void *)begin_align, end_align - begin_align);
800024b4:	40848633          	sub	a2,s1,s0
800024b8:	00040593          	mv	a1,s0
800024bc:	00003517          	auipc	a0,0x3
800024c0:	b7050513          	addi	a0,a0,-1168 # 8000502c <__FUNCTION__.39+0x1ec>
800024c4:	21c000ef          	jal	ra,800026e0 <rt_smem_init>
}
800024c8:	00812403          	lw	s0,8(sp)
800024cc:	00c12083          	lw	ra,12(sp)
800024d0:	00412483          	lw	s1,4(sp)
    _MEM_INIT("heap", (void *)begin_align, end_align - begin_align);
800024d4:	cca1a623          	sw	a0,-820(gp) # 801004cc <system_heap>
    rt_mutex_init(&_lock, "heap", RT_IPC_FLAG_PRIO);
800024d8:	00100613          	li	a2,1
800024dc:	00003597          	auipc	a1,0x3
800024e0:	b5058593          	addi	a1,a1,-1200 # 8000502c <__FUNCTION__.39+0x1ec>
800024e4:	c0418513          	addi	a0,gp,-1020 # 80100404 <_lock>
}
800024e8:	01010113          	addi	sp,sp,16
    rt_mutex_init(&_lock, "heap", RT_IPC_FLAG_PRIO);
800024ec:	ee4ff06f          	j	80001bd0 <rt_mutex_init>

800024f0 <rt_system_heap_init>:
    rt_system_heap_init_generic(begin_addr, end_addr);
800024f0:	f8dff06f          	j	8000247c <rt_system_heap_init_generic>

800024f4 <_heap_unlock>:
{
800024f4:	ff010113          	addi	sp,sp,-16
800024f8:	00112623          	sw	ra,12(sp)
    RT_ASSERT(level == RT_EOK);
800024fc:	00050e63          	beqz	a0,80002518 <_heap_unlock+0x24>
80002500:	40000613          	li	a2,1024
80002504:	00003597          	auipc	a1,0x3
80002508:	b4058593          	addi	a1,a1,-1216 # 80005044 <__FUNCTION__.0>
8000250c:	00003517          	auipc	a0,0x3
80002510:	b2850513          	addi	a0,a0,-1240 # 80005034 <__FUNCTION__.39+0x1f4>
80002514:	f15ff0ef          	jal	ra,80002428 <rt_assert_handler>
    if (rt_thread_self())
80002518:	7b0010ef          	jal	ra,80003cc8 <rt_thread_self>
8000251c:	00050a63          	beqz	a0,80002530 <_heap_unlock+0x3c>
}
80002520:	00c12083          	lw	ra,12(sp)
        rt_mutex_release(&_lock);
80002524:	c0418513          	addi	a0,gp,-1020 # 80100404 <_lock>
}
80002528:	01010113          	addi	sp,sp,16
        rt_mutex_release(&_lock);
8000252c:	8d9ff06f          	j	80001e04 <rt_mutex_release>
}
80002530:	00c12083          	lw	ra,12(sp)
80002534:	01010113          	addi	sp,sp,16
80002538:	00008067          	ret

8000253c <rt_malloc>:
{
8000253c:	fe010113          	addi	sp,sp,-32
80002540:	00112e23          	sw	ra,28(sp)
80002544:	00812c23          	sw	s0,24(sp)
80002548:	00912a23          	sw	s1,20(sp)
8000254c:	00050413          	mv	s0,a0
    level = _heap_lock();
80002550:	c2dff0ef          	jal	ra,8000217c <_heap_lock>
80002554:	00050493          	mv	s1,a0
    ptr = _MEM_MALLOC(size);
80002558:	00040593          	mv	a1,s0
8000255c:	ccc1a503          	lw	a0,-820(gp) # 801004cc <system_heap>
80002560:	274000ef          	jal	ra,800027d4 <rt_smem_alloc>
80002564:	00a12623          	sw	a0,12(sp)
    _heap_unlock(level);
80002568:	00048513          	mv	a0,s1
8000256c:	f89ff0ef          	jal	ra,800024f4 <_heap_unlock>
    RT_OBJECT_HOOK_CALL(rt_malloc_hook, (&ptr, size));
80002570:	cc81a783          	lw	a5,-824(gp) # 801004c8 <rt_malloc_hook>
80002574:	00078863          	beqz	a5,80002584 <rt_malloc+0x48>
80002578:	00040593          	mv	a1,s0
8000257c:	00c10513          	addi	a0,sp,12
80002580:	000780e7          	jalr	a5
}
80002584:	01c12083          	lw	ra,28(sp)
80002588:	01812403          	lw	s0,24(sp)
8000258c:	00c12503          	lw	a0,12(sp)
80002590:	01412483          	lw	s1,20(sp)
80002594:	02010113          	addi	sp,sp,32
80002598:	00008067          	ret

8000259c <rt_free>:
{
8000259c:	fe010113          	addi	sp,sp,-32
800025a0:	00112e23          	sw	ra,28(sp)
800025a4:	00812c23          	sw	s0,24(sp)
800025a8:	00a12623          	sw	a0,12(sp)
    RT_OBJECT_HOOK_CALL(rt_free_hook, (&ptr));
800025ac:	c441a783          	lw	a5,-956(gp) # 80100444 <rt_free_hook>
800025b0:	00078663          	beqz	a5,800025bc <rt_free+0x20>
800025b4:	00c10513          	addi	a0,sp,12
800025b8:	000780e7          	jalr	a5
    if (ptr == RT_NULL) return;
800025bc:	00c12783          	lw	a5,12(sp)
800025c0:	00078e63          	beqz	a5,800025dc <rt_free+0x40>
    level = _heap_lock();
800025c4:	bb9ff0ef          	jal	ra,8000217c <_heap_lock>
800025c8:	00050413          	mv	s0,a0
    _MEM_FREE(ptr);
800025cc:	00c12503          	lw	a0,12(sp)
800025d0:	404000ef          	jal	ra,800029d4 <rt_smem_free>
    _heap_unlock(level);
800025d4:	00040513          	mv	a0,s0
800025d8:	f1dff0ef          	jal	ra,800024f4 <_heap_unlock>
}
800025dc:	01c12083          	lw	ra,28(sp)
800025e0:	01812403          	lw	s0,24(sp)
800025e4:	02010113          	addi	sp,sp,32
800025e8:	00008067          	ret

800025ec <plug_holes>:
static void plug_holes(struct rt_small_mem *m, struct rt_small_mem_item *mem)
{
    struct rt_small_mem_item *nmem;
    struct rt_small_mem_item *pmem;

    RT_ASSERT((rt_uint8_t *)mem >= m->heap_ptr);
800025ec:	03052783          	lw	a5,48(a0)
{
800025f0:	ff010113          	addi	sp,sp,-16
800025f4:	00812423          	sw	s0,8(sp)
800025f8:	00912223          	sw	s1,4(sp)
800025fc:	00112623          	sw	ra,12(sp)
80002600:	00050493          	mv	s1,a0
80002604:	00058413          	mv	s0,a1
    RT_ASSERT((rt_uint8_t *)mem >= m->heap_ptr);
80002608:	00f5fe63          	bgeu	a1,a5,80002624 <plug_holes+0x38>
8000260c:	08100613          	li	a2,129
80002610:	00003597          	auipc	a1,0x3
80002614:	ee858593          	addi	a1,a1,-280 # 800054f8 <__FUNCTION__.1>
80002618:	00003517          	auipc	a0,0x3
8000261c:	b7850513          	addi	a0,a0,-1160 # 80005190 <__lowest_bit_bitmap+0x100>
80002620:	e09ff0ef          	jal	ra,80002428 <rt_assert_handler>
    RT_ASSERT((rt_uint8_t *)mem < (rt_uint8_t *)m->heap_end);
80002624:	0344a783          	lw	a5,52(s1)
80002628:	00f46e63          	bltu	s0,a5,80002644 <plug_holes+0x58>
8000262c:	08200613          	li	a2,130
80002630:	00003597          	auipc	a1,0x3
80002634:	ec858593          	addi	a1,a1,-312 # 800054f8 <__FUNCTION__.1>
80002638:	00003517          	auipc	a0,0x3
8000263c:	b7c50513          	addi	a0,a0,-1156 # 800051b4 <__lowest_bit_bitmap+0x124>
80002640:	de9ff0ef          	jal	ra,80002428 <rt_assert_handler>

    /* plug hole forward */
    nmem = (struct rt_small_mem_item *)&m->heap_ptr[mem->next];
80002644:	0304a703          	lw	a4,48(s1)
80002648:	00442783          	lw	a5,4(s0)
8000264c:	00f707b3          	add	a5,a4,a5
    if (mem != nmem && !MEM_ISUSED(nmem) &&
80002650:	04f40063          	beq	s0,a5,80002690 <plug_holes+0xa4>
80002654:	0007a683          	lw	a3,0(a5)
80002658:	0016f693          	andi	a3,a3,1
8000265c:	02069a63          	bnez	a3,80002690 <plug_holes+0xa4>
80002660:	0344a683          	lw	a3,52(s1)
80002664:	02f68663          	beq	a3,a5,80002690 <plug_holes+0xa4>
        (rt_uint8_t *)nmem != (rt_uint8_t *)m->heap_end)
    {
        /* if mem->next is unused and not end of m->heap_ptr,
         * combine mem and mem->next
         */
        if (m->lfree == nmem)
80002668:	0384a683          	lw	a3,56(s1)
8000266c:	00f69463          	bne	a3,a5,80002674 <plug_holes+0x88>
        {
            m->lfree = mem;
80002670:	0284ac23          	sw	s0,56(s1)
        }
        nmem->pool_ptr = 0;
        mem->next = nmem->next;
80002674:	0047a683          	lw	a3,4(a5)
        nmem->pool_ptr = 0;
80002678:	0007a023          	sw	zero,0(a5)
        mem->next = nmem->next;
8000267c:	00d42223          	sw	a3,4(s0)
        ((struct rt_small_mem_item *)&m->heap_ptr[nmem->next])->prev = (rt_uint8_t *)mem - m->heap_ptr;
80002680:	0047a783          	lw	a5,4(a5)
80002684:	40e406b3          	sub	a3,s0,a4
80002688:	00f707b3          	add	a5,a4,a5
8000268c:	00d7a423          	sw	a3,8(a5)
    }

    /* plug hole backward */
    pmem = (struct rt_small_mem_item *)&m->heap_ptr[mem->prev];
80002690:	00842603          	lw	a2,8(s0)
80002694:	00c707b3          	add	a5,a4,a2
    if (pmem != mem && !MEM_ISUSED(pmem))
80002698:	02f40a63          	beq	s0,a5,800026cc <plug_holes+0xe0>
8000269c:	0007a683          	lw	a3,0(a5)
800026a0:	0016f693          	andi	a3,a3,1
800026a4:	02069463          	bnez	a3,800026cc <plug_holes+0xe0>
    {
        /* if mem->prev is unused, combine mem and mem->prev */
        if (m->lfree == mem)
800026a8:	0384a683          	lw	a3,56(s1)
800026ac:	00869463          	bne	a3,s0,800026b4 <plug_holes+0xc8>
        {
            m->lfree = pmem;
800026b0:	02f4ac23          	sw	a5,56(s1)
        }
        mem->pool_ptr = 0;
        pmem->next = mem->next;
800026b4:	00442683          	lw	a3,4(s0)
        mem->pool_ptr = 0;
800026b8:	00042023          	sw	zero,0(s0)
        pmem->next = mem->next;
800026bc:	00d7a223          	sw	a3,4(a5)
        ((struct rt_small_mem_item *)&m->heap_ptr[mem->next])->prev = (rt_uint8_t *)pmem - m->heap_ptr;
800026c0:	00442783          	lw	a5,4(s0)
800026c4:	00f70733          	add	a4,a4,a5
800026c8:	00c72423          	sw	a2,8(a4) # ff0008 <_start-0x7f00fff8>
    }
}
800026cc:	00c12083          	lw	ra,12(sp)
800026d0:	00812403          	lw	s0,8(sp)
800026d4:	00412483          	lw	s1,4(sp)
800026d8:	01010113          	addi	sp,sp,16
800026dc:	00008067          	ret

800026e0 <rt_smem_init>:
 * @return Return a pointer to the memory object. When the return value is RT_NULL, it means the init failed.
 */
rt_smem_t rt_smem_init(const char    *name,
                     void          *begin_addr,
                     rt_size_t      size)
{
800026e0:	fd010113          	addi	sp,sp,-48
    rt_uintptr_t start_addr, begin_align, end_align, mem_size;

    small_mem = (struct rt_small_mem *)RT_ALIGN((rt_uintptr_t)begin_addr, RT_ALIGN_SIZE);
    start_addr = (rt_uintptr_t)small_mem + sizeof(*small_mem);
    begin_align = RT_ALIGN((rt_uintptr_t)start_addr, RT_ALIGN_SIZE);
    end_align   = RT_ALIGN_DOWN((rt_uintptr_t)begin_addr + size, RT_ALIGN_SIZE);
800026e4:	00c58633          	add	a2,a1,a2
{
800026e8:	02112623          	sw	ra,44(sp)
800026ec:	02812423          	sw	s0,40(sp)
800026f0:	02912223          	sw	s1,36(sp)
800026f4:	03212023          	sw	s2,32(sp)
800026f8:	01312e23          	sw	s3,28(sp)
800026fc:	01412c23          	sw	s4,24(sp)
    end_align   = RT_ALIGN_DOWN((rt_uintptr_t)begin_addr + size, RT_ALIGN_SIZE);
80002700:	ffc67793          	andi	a5,a2,-4

    /* alignment addr */
    if ((end_align > (2 * SIZEOF_STRUCT_MEM)) &&
80002704:	01800693          	li	a3,24
80002708:	0af6fc63          	bgeu	a3,a5,800027c0 <rt_smem_init+0xe0>
8000270c:	00358413          	addi	s0,a1,3
80002710:	ffc47413          	andi	s0,s0,-4
80002714:	04040713          	addi	a4,s0,64
        ((end_align - 2 * SIZEOF_STRUCT_MEM) >= start_addr))
80002718:	fe878693          	addi	a3,a5,-24
    if ((end_align > (2 * SIZEOF_STRUCT_MEM)) &&
8000271c:	0ae6e263          	bltu	a3,a4,800027c0 <rt_smem_init+0xe0>
80002720:	00050993          	mv	s3,a0
                   (rt_uintptr_t)begin_addr, (rt_uintptr_t)begin_addr + size);

        return RT_NULL;
    }

    rt_memset(small_mem, 0, sizeof(*small_mem));
80002724:	04000613          	li	a2,64
80002728:	00000593          	li	a1,0
8000272c:	00040513          	mv	a0,s0
    begin_align = RT_ALIGN((rt_uintptr_t)start_addr, RT_ALIGN_SIZE);
80002730:	00070913          	mv	s2,a4
        mem_size = end_align - begin_align - 2 * SIZEOF_STRUCT_MEM;
80002734:	40e784b3          	sub	s1,a5,a4
    rt_memset(small_mem, 0, sizeof(*small_mem));
80002738:	d95fd0ef          	jal	ra,800004cc <rt_memset>
    /* initialize small memory object */
    rt_object_init(&(small_mem->parent.parent), RT_Object_Class_Memory, name);
8000273c:	00040513          	mv	a0,s0
80002740:	00098613          	mv	a2,s3
80002744:	00c00593          	li	a1,12
80002748:	00812623          	sw	s0,12(sp)
8000274c:	444000ef          	jal	ra,80002b90 <rt_object_init>
    small_mem->parent.algorithm = "small";
80002750:	00c12503          	lw	a0,12(sp)
        mem_size = end_align - begin_align - 2 * SIZEOF_STRUCT_MEM;
80002754:	fe848a13          	addi	s4,s1,-24
    small_mem->parent.algorithm = "small";
80002758:	00003797          	auipc	a5,0x3
8000275c:	a8c78793          	addi	a5,a5,-1396 # 800051e4 <__lowest_bit_bitmap+0x154>
80002760:	00f52e23          	sw	a5,28(a0)
    small_mem->parent.address = begin_align;
80002764:	03252023          	sw	s2,32(a0)
    small_mem->parent.total = mem_size;
80002768:	03452223          	sw	s4,36(a0)
    small_mem->mem_size_aligned = mem_size;
8000276c:	03452e23          	sw	s4,60(a0)

    /* point to begin address of heap */
    small_mem->heap_ptr = (rt_uint8_t *)begin_align;
80002770:	03252823          	sw	s2,48(a0)
            (rt_uintptr_t)small_mem->heap_ptr, small_mem->mem_size_aligned);

    /* initialize the start of the heap */
    mem        = (struct rt_small_mem_item *)small_mem->heap_ptr;
    mem->pool_ptr = MEM_FREED(small_mem);
    mem->next  = small_mem->mem_size_aligned + SIZEOF_STRUCT_MEM;
80002774:	ff448793          	addi	a5,s1,-12
    mem->pool_ptr = MEM_FREED(small_mem);
80002778:	00a92023          	sw	a0,0(s2)
    mem->next  = small_mem->mem_size_aligned + SIZEOF_STRUCT_MEM;
8000277c:	00f92223          	sw	a5,4(s2)
    mem->prev  = 0;
80002780:	00092423          	sw	zero,8(s2)
#ifdef RT_USING_MEMTRACE
    rt_smem_setname(mem, "INIT");
#endif /* RT_USING_MEMTRACE */

    /* initialize the end of the heap */
    small_mem->heap_end        = (struct rt_small_mem_item *)&small_mem->heap_ptr[mem->next];
80002784:	00f90733          	add	a4,s2,a5
80002788:	02e52a23          	sw	a4,52(a0)
    small_mem->heap_end->pool_ptr = MEM_USED(small_mem);
8000278c:	00156693          	ori	a3,a0,1
80002790:	00d72023          	sw	a3,0(a4)
    small_mem->heap_end->next  = small_mem->mem_size_aligned + SIZEOF_STRUCT_MEM;
80002794:	00f72223          	sw	a5,4(a4)
    small_mem->heap_end->prev  = small_mem->mem_size_aligned + SIZEOF_STRUCT_MEM;
80002798:	00f72423          	sw	a5,8(a4)
#ifdef RT_USING_MEMTRACE
    rt_smem_setname(small_mem->heap_end, "INIT");
#endif /* RT_USING_MEMTRACE */

    /* initialize the lowest-free pointer to the start of the heap */
    small_mem->lfree = (struct rt_small_mem_item *)small_mem->heap_ptr;
8000279c:	03252c23          	sw	s2,56(a0)

    return &small_mem->parent;
}
800027a0:	02c12083          	lw	ra,44(sp)
800027a4:	02812403          	lw	s0,40(sp)
800027a8:	02412483          	lw	s1,36(sp)
800027ac:	02012903          	lw	s2,32(sp)
800027b0:	01c12983          	lw	s3,28(sp)
800027b4:	01812a03          	lw	s4,24(sp)
800027b8:	03010113          	addi	sp,sp,48
800027bc:	00008067          	ret
        rt_kprintf("mem init, error begin address 0x%x, and end address 0x%x\n",
800027c0:	00003517          	auipc	a0,0x3
800027c4:	a2c50513          	addi	a0,a0,-1492 # 800051ec <__lowest_bit_bitmap+0x15c>
800027c8:	9e5ff0ef          	jal	ra,800021ac <rt_kprintf>
        return RT_NULL;
800027cc:	00000513          	li	a0,0
800027d0:	fd1ff06f          	j	800027a0 <rt_smem_init+0xc0>

800027d4 <rt_smem_alloc>:
 * @param size is the minimum size of the requested block in bytes.
 *
 * @return the pointer to allocated memory or NULL if no free memory was found.
 */
void *rt_smem_alloc(rt_smem_t m, rt_size_t size)
{
800027d4:	ff010113          	addi	sp,sp,-16
800027d8:	00112623          	sw	ra,12(sp)
800027dc:	00812423          	sw	s0,8(sp)
800027e0:	00912223          	sw	s1,4(sp)
    rt_size_t ptr, ptr2;
    struct rt_small_mem_item *mem, *mem2;
    struct rt_small_mem *small_mem;

    if (size == 0)
800027e4:	02059063          	bnez	a1,80002804 <rt_smem_alloc+0x30>
        return RT_NULL;
800027e8:	00000413          	li	s0,0
            return (rt_uint8_t *)mem + SIZEOF_STRUCT_MEM;
        }
    }

    return RT_NULL;
}
800027ec:	00c12083          	lw	ra,12(sp)
800027f0:	00040513          	mv	a0,s0
800027f4:	00812403          	lw	s0,8(sp)
800027f8:	00412483          	lw	s1,4(sp)
800027fc:	01010113          	addi	sp,sp,16
80002800:	00008067          	ret
80002804:	00050413          	mv	s0,a0
80002808:	00058493          	mv	s1,a1
    RT_ASSERT(m != RT_NULL);
8000280c:	00051e63          	bnez	a0,80002828 <rt_smem_alloc+0x54>
80002810:	11d00613          	li	a2,285
80002814:	00003597          	auipc	a1,0x3
80002818:	cf058593          	addi	a1,a1,-784 # 80005504 <__FUNCTION__.3>
8000281c:	00003517          	auipc	a0,0x3
80002820:	b8050513          	addi	a0,a0,-1152 # 8000539c <__lowest_bit_bitmap+0x30c>
80002824:	c05ff0ef          	jal	ra,80002428 <rt_assert_handler>
    RT_ASSERT(rt_object_get_type(&m->parent) == RT_Object_Class_Memory);
80002828:	00040513          	mv	a0,s0
8000282c:	021000ef          	jal	ra,8000304c <rt_object_get_type>
80002830:	00c00793          	li	a5,12
80002834:	00f50e63          	beq	a0,a5,80002850 <rt_smem_alloc+0x7c>
80002838:	11e00613          	li	a2,286
8000283c:	00003597          	auipc	a1,0x3
80002840:	cc858593          	addi	a1,a1,-824 # 80005504 <__FUNCTION__.3>
80002844:	00003517          	auipc	a0,0x3
80002848:	9e450513          	addi	a0,a0,-1564 # 80005228 <__lowest_bit_bitmap+0x198>
8000284c:	bddff0ef          	jal	ra,80002428 <rt_assert_handler>
    RT_ASSERT(rt_object_is_systemobject(&m->parent));
80002850:	00040513          	mv	a0,s0
80002854:	7b4000ef          	jal	ra,80003008 <rt_object_is_systemobject>
80002858:	00051e63          	bnez	a0,80002874 <rt_smem_alloc+0xa0>
8000285c:	11f00613          	li	a2,287
80002860:	00003597          	auipc	a1,0x3
80002864:	ca458593          	addi	a1,a1,-860 # 80005504 <__FUNCTION__.3>
80002868:	00003517          	auipc	a0,0x3
8000286c:	9fc50513          	addi	a0,a0,-1540 # 80005264 <__lowest_bit_bitmap+0x1d4>
80002870:	bb9ff0ef          	jal	ra,80002428 <rt_assert_handler>
    size = RT_ALIGN(size, RT_ALIGN_SIZE);
80002874:	00348593          	addi	a1,s1,3
80002878:	ffc5f593          	andi	a1,a1,-4
    if (size < MIN_SIZE_ALIGNED)
8000287c:	00c00793          	li	a5,12
80002880:	00f5f463          	bgeu	a1,a5,80002888 <rt_smem_alloc+0xb4>
80002884:	00c00593          	li	a1,12
    if (size > small_mem->mem_size_aligned)
80002888:	03c42603          	lw	a2,60(s0)
8000288c:	f4b66ee3          	bltu	a2,a1,800027e8 <rt_smem_alloc+0x14>
    for (ptr = (rt_uint8_t *)small_mem->lfree - small_mem->heap_ptr;
80002890:	03842e03          	lw	t3,56(s0)
80002894:	03042503          	lw	a0,48(s0)
         ptr <= small_mem->mem_size_aligned - size;
80002898:	40b608b3          	sub	a7,a2,a1
    for (ptr = (rt_uint8_t *)small_mem->lfree - small_mem->heap_ptr;
8000289c:	40ae0733          	sub	a4,t3,a0
800028a0:	f4e8e4e3          	bltu	a7,a4,800027e8 <rt_smem_alloc+0x14>
        mem = (struct rt_small_mem_item *)&small_mem->heap_ptr[ptr];
800028a4:	00e504b3          	add	s1,a0,a4
        if ((!MEM_ISUSED(mem)) && (mem->next - (ptr + SIZEOF_STRUCT_MEM)) >= size)
800028a8:	0004a783          	lw	a5,0(s1)
800028ac:	0044a803          	lw	a6,4(s1)
800028b0:	0017f793          	andi	a5,a5,1
800028b4:	10079c63          	bnez	a5,800029cc <rt_smem_alloc+0x1f8>
800028b8:	40e806b3          	sub	a3,a6,a4
800028bc:	ff468313          	addi	t1,a3,-12
800028c0:	10b36663          	bltu	t1,a1,800029cc <rt_smem_alloc+0x1f8>
                (size + SIZEOF_STRUCT_MEM + MIN_SIZE_ALIGNED))
800028c4:	01858f13          	addi	t5,a1,24
                small_mem->parent.used += (size + SIZEOF_STRUCT_MEM);
800028c8:	02842783          	lw	a5,40(s0)
                if (small_mem->parent.max < small_mem->parent.used)
800028cc:	02c42e83          	lw	t4,44(s0)
800028d0:	00c58893          	addi	a7,a1,12
            if (mem->next - (ptr + SIZEOF_STRUCT_MEM) >=
800028d4:	0de36063          	bltu	t1,t5,80002994 <rt_smem_alloc+0x1c0>
                ptr2 = ptr + SIZEOF_STRUCT_MEM + size;
800028d8:	00e88333          	add	t1,a7,a4
                mem2       = (struct rt_small_mem_item *)&small_mem->heap_ptr[ptr2];
800028dc:	006506b3          	add	a3,a0,t1
                mem2->pool_ptr = MEM_FREED(small_mem);
800028e0:	ffe47f13          	andi	t5,s0,-2
                mem2->next = mem->next;
800028e4:	0106a223          	sw	a6,4(a3)
                mem2->prev = ptr;
800028e8:	00e6a423          	sw	a4,8(a3)
                mem2->pool_ptr = MEM_FREED(small_mem);
800028ec:	01e6a023          	sw	t5,0(a3)
                mem->next = ptr2;
800028f0:	0064a223          	sw	t1,4(s1)
                if (mem2->next != small_mem->mem_size_aligned + SIZEOF_STRUCT_MEM)
800028f4:	0046a703          	lw	a4,4(a3)
800028f8:	00c60613          	addi	a2,a2,12
800028fc:	00c70663          	beq	a4,a2,80002908 <rt_smem_alloc+0x134>
                    ((struct rt_small_mem_item *)&small_mem->heap_ptr[mem2->next])->prev = ptr2;
80002900:	00e50733          	add	a4,a0,a4
80002904:	00672423          	sw	t1,8(a4)
                small_mem->parent.used += (size + SIZEOF_STRUCT_MEM);
80002908:	00c78793          	addi	a5,a5,12
8000290c:	00b785b3          	add	a1,a5,a1
80002910:	02b42423          	sw	a1,40(s0)
                if (small_mem->parent.max < small_mem->parent.used)
80002914:	00bef463          	bgeu	t4,a1,8000291c <rt_smem_alloc+0x148>
                    small_mem->parent.max = small_mem->parent.used;
80002918:	02b42623          	sw	a1,44(s0)
            mem->pool_ptr = MEM_USED(small_mem);
8000291c:	00146793          	ori	a5,s0,1
80002920:	00f4a023          	sw	a5,0(s1)
            if (mem == small_mem->lfree)
80002924:	03442683          	lw	a3,52(s0)
80002928:	089e0663          	beq	t3,s1,800029b4 <rt_smem_alloc+0x1e0>
            RT_ASSERT((rt_uintptr_t)mem + SIZEOF_STRUCT_MEM + size <= (rt_uintptr_t)small_mem->heap_end);
8000292c:	009888b3          	add	a7,a7,s1
80002930:	0116fe63          	bgeu	a3,a7,8000294c <rt_smem_alloc+0x178>
80002934:	17c00613          	li	a2,380
80002938:	00003597          	auipc	a1,0x3
8000293c:	bcc58593          	addi	a1,a1,-1076 # 80005504 <__FUNCTION__.3>
80002940:	00003517          	auipc	a0,0x3
80002944:	94c50513          	addi	a0,a0,-1716 # 8000528c <__lowest_bit_bitmap+0x1fc>
80002948:	ae1ff0ef          	jal	ra,80002428 <rt_assert_handler>
            RT_ASSERT((rt_uintptr_t)((rt_uint8_t *)mem + SIZEOF_STRUCT_MEM) % RT_ALIGN_SIZE == 0);
8000294c:	0034f793          	andi	a5,s1,3
80002950:	00c48413          	addi	s0,s1,12
80002954:	00078e63          	beqz	a5,80002970 <rt_smem_alloc+0x19c>
80002958:	17d00613          	li	a2,381
8000295c:	00003597          	auipc	a1,0x3
80002960:	ba858593          	addi	a1,a1,-1112 # 80005504 <__FUNCTION__.3>
80002964:	00003517          	auipc	a0,0x3
80002968:	97c50513          	addi	a0,a0,-1668 # 800052e0 <__lowest_bit_bitmap+0x250>
8000296c:	abdff0ef          	jal	ra,80002428 <rt_assert_handler>
            RT_ASSERT((((rt_uintptr_t)mem) & (RT_ALIGN_SIZE - 1)) == 0);
80002970:	0034f493          	andi	s1,s1,3
80002974:	e6048ce3          	beqz	s1,800027ec <rt_smem_alloc+0x18>
80002978:	17e00613          	li	a2,382
8000297c:	00003597          	auipc	a1,0x3
80002980:	b8858593          	addi	a1,a1,-1144 # 80005504 <__FUNCTION__.3>
80002984:	00003517          	auipc	a0,0x3
80002988:	9a850513          	addi	a0,a0,-1624 # 8000532c <__lowest_bit_bitmap+0x29c>
8000298c:	a9dff0ef          	jal	ra,80002428 <rt_assert_handler>
80002990:	e5dff06f          	j	800027ec <rt_smem_alloc+0x18>
                small_mem->parent.used += mem->next - ((rt_uint8_t *)mem - small_mem->heap_ptr);
80002994:	00f687b3          	add	a5,a3,a5
80002998:	02f42423          	sw	a5,40(s0)
                if (small_mem->parent.max < small_mem->parent.used)
8000299c:	f8fef0e3          	bgeu	t4,a5,8000291c <rt_smem_alloc+0x148>
                    small_mem->parent.max = small_mem->parent.used;
800029a0:	02f42623          	sw	a5,44(s0)
800029a4:	f79ff06f          	j	8000291c <rt_smem_alloc+0x148>
                    small_mem->lfree = (struct rt_small_mem_item *)&small_mem->heap_ptr[small_mem->lfree->next];
800029a8:	0047a783          	lw	a5,4(a5)
800029ac:	00f507b3          	add	a5,a0,a5
800029b0:	02f42c23          	sw	a5,56(s0)
                while (MEM_ISUSED(small_mem->lfree) && small_mem->lfree != small_mem->heap_end)
800029b4:	03842783          	lw	a5,56(s0)
800029b8:	0007a703          	lw	a4,0(a5)
800029bc:	00177713          	andi	a4,a4,1
800029c0:	f60706e3          	beqz	a4,8000292c <rt_smem_alloc+0x158>
800029c4:	fef692e3          	bne	a3,a5,800029a8 <rt_smem_alloc+0x1d4>
800029c8:	f65ff06f          	j	8000292c <rt_smem_alloc+0x158>
800029cc:	00080713          	mv	a4,a6
800029d0:	ed1ff06f          	j	800028a0 <rt_smem_alloc+0xcc>

800029d4 <rt_smem_free>:
void rt_smem_free(void *rmem)
{
    struct rt_small_mem_item *mem;
    struct rt_small_mem *small_mem;

    if (rmem == RT_NULL)
800029d4:	16050c63          	beqz	a0,80002b4c <rt_smem_free+0x178>
{
800029d8:	ff010113          	addi	sp,sp,-16
800029dc:	00912223          	sw	s1,4(sp)
800029e0:	00112623          	sw	ra,12(sp)
800029e4:	00812423          	sw	s0,8(sp)
800029e8:	01212023          	sw	s2,0(sp)
        return;

    RT_ASSERT((((rt_uintptr_t)rmem) & (RT_ALIGN_SIZE - 1)) == 0);
800029ec:	00357793          	andi	a5,a0,3
800029f0:	00050493          	mv	s1,a0
800029f4:	00078e63          	beqz	a5,80002a10 <rt_smem_free+0x3c>
800029f8:	1fe00613          	li	a2,510
800029fc:	00003597          	auipc	a1,0x3
80002a00:	aec58593          	addi	a1,a1,-1300 # 800054e8 <__FUNCTION__.0>
80002a04:	00003517          	auipc	a0,0x3
80002a08:	95c50513          	addi	a0,a0,-1700 # 80005360 <__lowest_bit_bitmap+0x2d0>
80002a0c:	a1dff0ef          	jal	ra,80002428 <rt_assert_handler>

    /* Get the corresponding struct rt_small_mem_item ... */
    mem = (struct rt_small_mem_item *)((rt_uint8_t *)rmem - SIZEOF_STRUCT_MEM);
    /* ... which has to be in a used state ... */
    small_mem = MEM_POOL(mem);
80002a10:	ff44a403          	lw	s0,-12(s1)
    mem = (struct rt_small_mem_item *)((rt_uint8_t *)rmem - SIZEOF_STRUCT_MEM);
80002a14:	ff448913          	addi	s2,s1,-12
    small_mem = MEM_POOL(mem);
80002a18:	ffe47413          	andi	s0,s0,-2
    RT_ASSERT(small_mem != RT_NULL);
80002a1c:	00041e63          	bnez	s0,80002a38 <rt_smem_free+0x64>
80002a20:	20400613          	li	a2,516
80002a24:	00003597          	auipc	a1,0x3
80002a28:	ac458593          	addi	a1,a1,-1340 # 800054e8 <__FUNCTION__.0>
80002a2c:	00003517          	auipc	a0,0x3
80002a30:	96850513          	addi	a0,a0,-1688 # 80005394 <__lowest_bit_bitmap+0x304>
80002a34:	9f5ff0ef          	jal	ra,80002428 <rt_assert_handler>
    RT_ASSERT(MEM_ISUSED(mem));
80002a38:	ff44a783          	lw	a5,-12(s1)
80002a3c:	0017f793          	andi	a5,a5,1
80002a40:	00079e63          	bnez	a5,80002a5c <rt_smem_free+0x88>
80002a44:	20500613          	li	a2,517
80002a48:	00003597          	auipc	a1,0x3
80002a4c:	aa058593          	addi	a1,a1,-1376 # 800054e8 <__FUNCTION__.0>
80002a50:	00003517          	auipc	a0,0x3
80002a54:	95c50513          	addi	a0,a0,-1700 # 800053ac <__lowest_bit_bitmap+0x31c>
80002a58:	9d1ff0ef          	jal	ra,80002428 <rt_assert_handler>
    RT_ASSERT(rt_object_get_type(&small_mem->parent.parent) == RT_Object_Class_Memory);
80002a5c:	00040513          	mv	a0,s0
80002a60:	5ec000ef          	jal	ra,8000304c <rt_object_get_type>
80002a64:	00c00793          	li	a5,12
80002a68:	00f50e63          	beq	a0,a5,80002a84 <rt_smem_free+0xb0>
80002a6c:	20600613          	li	a2,518
80002a70:	00003597          	auipc	a1,0x3
80002a74:	a7858593          	addi	a1,a1,-1416 # 800054e8 <__FUNCTION__.0>
80002a78:	00003517          	auipc	a0,0x3
80002a7c:	94450513          	addi	a0,a0,-1724 # 800053bc <__lowest_bit_bitmap+0x32c>
80002a80:	9a9ff0ef          	jal	ra,80002428 <rt_assert_handler>
    RT_ASSERT(rt_object_is_systemobject(&small_mem->parent.parent));
80002a84:	00040513          	mv	a0,s0
80002a88:	580000ef          	jal	ra,80003008 <rt_object_is_systemobject>
80002a8c:	00051e63          	bnez	a0,80002aa8 <rt_smem_free+0xd4>
80002a90:	20700613          	li	a2,519
80002a94:	00003597          	auipc	a1,0x3
80002a98:	a5458593          	addi	a1,a1,-1452 # 800054e8 <__FUNCTION__.0>
80002a9c:	00003517          	auipc	a0,0x3
80002aa0:	96850513          	addi	a0,a0,-1688 # 80005404 <__lowest_bit_bitmap+0x374>
80002aa4:	985ff0ef          	jal	ra,80002428 <rt_assert_handler>
    RT_ASSERT((rt_uint8_t *)rmem >= (rt_uint8_t *)small_mem->heap_ptr &&
80002aa8:	03042783          	lw	a5,48(s0)
80002aac:	00f4e663          	bltu	s1,a5,80002ab8 <rt_smem_free+0xe4>
80002ab0:	03442783          	lw	a5,52(s0)
80002ab4:	00f4ee63          	bltu	s1,a5,80002ad0 <rt_smem_free+0xfc>
80002ab8:	20800613          	li	a2,520
80002abc:	00003597          	auipc	a1,0x3
80002ac0:	a2c58593          	addi	a1,a1,-1492 # 800054e8 <__FUNCTION__.0>
80002ac4:	00003517          	auipc	a0,0x3
80002ac8:	97850513          	addi	a0,a0,-1672 # 8000543c <__lowest_bit_bitmap+0x3ac>
80002acc:	95dff0ef          	jal	ra,80002428 <rt_assert_handler>
              (rt_uint8_t *)rmem < (rt_uint8_t *)small_mem->heap_end);
    RT_ASSERT(MEM_POOL(&small_mem->heap_ptr[mem->next]) == small_mem);
80002ad0:	03042783          	lw	a5,48(s0)
80002ad4:	ff84a703          	lw	a4,-8(s1)
80002ad8:	00e787b3          	add	a5,a5,a4
80002adc:	0007a783          	lw	a5,0(a5)
80002ae0:	ffe7f793          	andi	a5,a5,-2
80002ae4:	00f40e63          	beq	s0,a5,80002b00 <rt_smem_free+0x12c>
80002ae8:	20a00613          	li	a2,522
80002aec:	00003597          	auipc	a1,0x3
80002af0:	9fc58593          	addi	a1,a1,-1540 # 800054e8 <__FUNCTION__.0>
80002af4:	00003517          	auipc	a0,0x3
80002af8:	9bc50513          	addi	a0,a0,-1604 # 800054b0 <__lowest_bit_bitmap+0x420>
80002afc:	92dff0ef          	jal	ra,80002428 <rt_assert_handler>
    mem->pool_ptr = MEM_FREED(small_mem);
#ifdef RT_USING_MEMTRACE
    rt_smem_setname(mem, "    ");
#endif /* RT_USING_MEMTRACE */

    if (mem < small_mem->lfree)
80002b00:	03842783          	lw	a5,56(s0)
    mem->pool_ptr = MEM_FREED(small_mem);
80002b04:	fe84aa23          	sw	s0,-12(s1)
    if (mem < small_mem->lfree)
80002b08:	00f97463          	bgeu	s2,a5,80002b10 <rt_smem_free+0x13c>
    {
        /* the newly freed struct is now the lowest */
        small_mem->lfree = mem;
80002b0c:	03242c23          	sw	s2,56(s0)
    }

    small_mem->parent.used -= (mem->next - ((rt_uint8_t *)mem - small_mem->heap_ptr));
80002b10:	ff84a703          	lw	a4,-8(s1)
80002b14:	02842783          	lw	a5,40(s0)

    /* finally, see if prev or next are free also */
    plug_holes(small_mem, mem);
80002b18:	00040513          	mv	a0,s0
}
80002b1c:	00c12083          	lw	ra,12(sp)
    small_mem->parent.used -= (mem->next - ((rt_uint8_t *)mem - small_mem->heap_ptr));
80002b20:	40e787b3          	sub	a5,a5,a4
80002b24:	03042703          	lw	a4,48(s0)
}
80002b28:	00412483          	lw	s1,4(sp)
    plug_holes(small_mem, mem);
80002b2c:	00090593          	mv	a1,s2
    small_mem->parent.used -= (mem->next - ((rt_uint8_t *)mem - small_mem->heap_ptr));
80002b30:	40e90733          	sub	a4,s2,a4
80002b34:	00e787b3          	add	a5,a5,a4
80002b38:	02f42423          	sw	a5,40(s0)
}
80002b3c:	00812403          	lw	s0,8(sp)
80002b40:	00012903          	lw	s2,0(sp)
80002b44:	01010113          	addi	sp,sp,16
    plug_holes(small_mem, mem);
80002b48:	aa5ff06f          	j	800025ec <plug_holes>
80002b4c:	00008067          	ret

80002b50 <rt_object_get_information>:
struct rt_object_information *
rt_object_get_information(enum rt_object_class_type type)
{
    int index;

    type = (enum rt_object_class_type)(type & ~RT_Object_Class_Static);
80002b50:	80c18713          	addi	a4,gp,-2036 # 8010000c <_object_container>
80002b54:	f7f57693          	andi	a3,a0,-129

    for (index = 0; index < RT_Object_Info_Unknown; index ++)
80002b58:	00000793          	li	a5,0
80002b5c:	00070513          	mv	a0,a4
80002b60:	00a00613          	li	a2,10
        if (_object_container[index].type == type) return &_object_container[index];
80002b64:	00072583          	lw	a1,0(a4)
80002b68:	00d59a63          	bne	a1,a3,80002b7c <rt_object_get_information+0x2c>
80002b6c:	01800713          	li	a4,24
80002b70:	02e787b3          	mul	a5,a5,a4
80002b74:	00f50533          	add	a0,a0,a5
80002b78:	00008067          	ret
    for (index = 0; index < RT_Object_Info_Unknown; index ++)
80002b7c:	00178793          	addi	a5,a5,1
80002b80:	01870713          	addi	a4,a4,24
80002b84:	fec790e3          	bne	a5,a2,80002b64 <rt_object_get_information+0x14>

    return RT_NULL;
80002b88:	00000513          	li	a0,0
}
80002b8c:	00008067          	ret

80002b90 <rt_object_init>:
 *             uses '\0' as a terminal symbol.
 */
void rt_object_init(struct rt_object         *object,
                    enum rt_object_class_type type,
                    const char               *name)
{
80002b90:	fd010113          	addi	sp,sp,-48
80002b94:	02812423          	sw	s0,40(sp)
80002b98:	00050413          	mv	s0,a0
#ifdef RT_USING_MODULE
    struct rt_dlmodule *module = dlmodule_self();
#endif /* RT_USING_MODULE */

    /* get object information */
    information = rt_object_get_information(type);
80002b9c:	00058513          	mv	a0,a1
{
80002ba0:	02912223          	sw	s1,36(sp)
80002ba4:	03212023          	sw	s2,32(sp)
80002ba8:	01312e23          	sw	s3,28(sp)
80002bac:	02112623          	sw	ra,44(sp)
80002bb0:	01412c23          	sw	s4,24(sp)
80002bb4:	01512a23          	sw	s5,20(sp)
80002bb8:	01612823          	sw	s6,16(sp)
80002bbc:	01712623          	sw	s7,12(sp)
80002bc0:	01812423          	sw	s8,8(sp)
80002bc4:	01912223          	sw	s9,4(sp)
80002bc8:	00058993          	mv	s3,a1
80002bcc:	00060913          	mv	s2,a2
    information = rt_object_get_information(type);
80002bd0:	f81ff0ef          	jal	ra,80002b50 <rt_object_get_information>
80002bd4:	00050493          	mv	s1,a0
    RT_ASSERT(information != RT_NULL);
80002bd8:	00051e63          	bnez	a0,80002bf4 <rt_object_init+0x64>
80002bdc:	17300613          	li	a2,371
80002be0:	00003597          	auipc	a1,0x3
80002be4:	a6858593          	addi	a1,a1,-1432 # 80005648 <__FUNCTION__.7>
80002be8:	00003517          	auipc	a0,0x3
80002bec:	92c50513          	addi	a0,a0,-1748 # 80005514 <__FUNCTION__.3+0x10>
80002bf0:	839ff0ef          	jal	ra,80002428 <rt_assert_handler>

#ifdef RT_DEBUGING_ASSERT
    /* check object type to avoid re-initialization */

    /* enter critical */
    level = rt_spin_lock_irqsave(&(information->spinlock));
80002bf4:	01048a13          	addi	s4,s1,16
80002bf8:	000a0513          	mv	a0,s4
80002bfc:	f28fe0ef          	jal	ra,80001324 <rt_spin_lock_irqsave>
    /* try to find object */
    for (node  = information->object_list.next;
80002c00:	0044aa83          	lw	s5,4(s1)
    level = rt_spin_lock_irqsave(&(information->spinlock));
80002c04:	00050b13          	mv	s6,a0
            node != &(information->object_list);
80002c08:	00448b93          	addi	s7,s1,4
            node  = node->next)
    {
        struct rt_object *obj;

        obj = rt_list_entry(node, struct rt_object, list);
        RT_ASSERT(obj != object);
80002c0c:	00003c17          	auipc	s8,0x3
80002c10:	a3cc0c13          	addi	s8,s8,-1476 # 80005648 <__FUNCTION__.7>
80002c14:	00003c97          	auipc	s9,0x3
80002c18:	918c8c93          	addi	s9,s9,-1768 # 8000552c <__FUNCTION__.3+0x28>
    for (node  = information->object_list.next;
80002c1c:	0d5b9c63          	bne	s7,s5,80002cf4 <rt_object_init+0x164>
    }
    /* leave critical */
    rt_spin_unlock_irqrestore(&(information->spinlock), level);
80002c20:	000b0593          	mv	a1,s6
80002c24:	000a0513          	mv	a0,s4
#endif /* RT_DEBUGING_ASSERT */

    /* initialize object's parameters */
    /* set object type to static */
    object->type = type | RT_Object_Class_Static;
80002c28:	f809e993          	ori	s3,s3,-128
    rt_spin_unlock_irqrestore(&(information->spinlock), level);
80002c2c:	f24fe0ef          	jal	ra,80001350 <rt_spin_unlock_irqrestore>
    object->type = type | RT_Object_Class_Static;
80002c30:	01340823          	sb	s3,16(s0)
#if RT_NAME_MAX > 0
    if (name)
80002c34:	0e090063          	beqz	s2,80002d14 <rt_object_init+0x184>
    {
        obj_name_len = rt_strlen(name);
80002c38:	00090513          	mv	a0,s2
80002c3c:	9b1fd0ef          	jal	ra,800005ec <rt_strlen>
        if(obj_name_len > RT_NAME_MAX - 1)
80002c40:	00f00793          	li	a5,15
80002c44:	02a7f863          	bgeu	a5,a0,80002c74 <rt_object_init+0xe4>
        {
            LOG_E("Object name %s exceeds RT_NAME_MAX=%d, consider increasing RT_NAME_MAX.", name, RT_NAME_MAX);
80002c48:	00003517          	auipc	a0,0x3
80002c4c:	8f450513          	addi	a0,a0,-1804 # 8000553c <__FUNCTION__.3+0x38>
80002c50:	d5cff0ef          	jal	ra,800021ac <rt_kprintf>
80002c54:	01000613          	li	a2,16
80002c58:	00090593          	mv	a1,s2
80002c5c:	00003517          	auipc	a0,0x3
80002c60:	8f850513          	addi	a0,a0,-1800 # 80005554 <__FUNCTION__.3+0x50>
80002c64:	d48ff0ef          	jal	ra,800021ac <rt_kprintf>
80002c68:	00002517          	auipc	a0,0x2
80002c6c:	27c50513          	addi	a0,a0,636 # 80004ee4 <__FUNCTION__.39+0xa4>
80002c70:	d3cff0ef          	jal	ra,800021ac <rt_kprintf>
        }
        rt_strncpy(object->name, name, RT_NAME_MAX - 1);
80002c74:	00f00613          	li	a2,15
80002c78:	00090593          	mv	a1,s2
80002c7c:	00040513          	mv	a0,s0
80002c80:	929fd0ef          	jal	ra,800005a8 <rt_strncpy>
        object->name[RT_NAME_MAX - 1] = '\0';
80002c84:	000407a3          	sb	zero,15(s0)
    }
#else
    object->name = name;
#endif

    RT_OBJECT_HOOK_CALL(rt_object_attach_hook, (object));
80002c88:	cd01a783          	lw	a5,-816(gp) # 801004d0 <rt_object_attach_hook>
80002c8c:	00078663          	beqz	a5,80002c98 <rt_object_init+0x108>
80002c90:	00040513          	mv	a0,s0
80002c94:	000780e7          	jalr	a5

    level = rt_spin_lock_irqsave(&(information->spinlock));
80002c98:	000a0513          	mv	a0,s4
80002c9c:	e88fe0ef          	jal	ra,80001324 <rt_spin_lock_irqsave>
    l->next->prev = n;
80002ca0:	0044a703          	lw	a4,4(s1)
    }
    else
#endif /* RT_USING_MODULE */
    {
        /* insert object into information object list */
        rt_list_insert_after(&(information->object_list), &(object->list));
80002ca4:	01440793          	addi	a5,s0,20
    }
    rt_spin_unlock_irqrestore(&(information->spinlock), level);
}
80002ca8:	02c12083          	lw	ra,44(sp)
80002cac:	00f72223          	sw	a5,4(a4)
    n->next = l->next;
80002cb0:	00e42a23          	sw	a4,20(s0)
    l->next = n;
80002cb4:	00f4a223          	sw	a5,4(s1)
    n->prev = l;
80002cb8:	01742c23          	sw	s7,24(s0)
80002cbc:	02812403          	lw	s0,40(sp)
80002cc0:	02412483          	lw	s1,36(sp)
80002cc4:	02012903          	lw	s2,32(sp)
80002cc8:	01c12983          	lw	s3,28(sp)
80002ccc:	01412a83          	lw	s5,20(sp)
80002cd0:	01012b03          	lw	s6,16(sp)
80002cd4:	00c12b83          	lw	s7,12(sp)
80002cd8:	00812c03          	lw	s8,8(sp)
80002cdc:	00412c83          	lw	s9,4(sp)
    level = rt_spin_lock_irqsave(&(information->spinlock));
80002ce0:	00050593          	mv	a1,a0
    rt_spin_unlock_irqrestore(&(information->spinlock), level);
80002ce4:	000a0513          	mv	a0,s4
}
80002ce8:	01812a03          	lw	s4,24(sp)
80002cec:	03010113          	addi	sp,sp,48
    rt_spin_unlock_irqrestore(&(information->spinlock), level);
80002cf0:	e60fe06f          	j	80001350 <rt_spin_unlock_irqrestore>
        obj = rt_list_entry(node, struct rt_object, list);
80002cf4:	feca8793          	addi	a5,s5,-20
        RT_ASSERT(obj != object);
80002cf8:	00f41a63          	bne	s0,a5,80002d0c <rt_object_init+0x17c>
80002cfc:	18200613          	li	a2,386
80002d00:	000c0593          	mv	a1,s8
80002d04:	000c8513          	mv	a0,s9
80002d08:	f20ff0ef          	jal	ra,80002428 <rt_assert_handler>
            node  = node->next)
80002d0c:	000aaa83          	lw	s5,0(s5)
80002d10:	f0dff06f          	j	80002c1c <rt_object_init+0x8c>
        object->name[0] = '\0';
80002d14:	00040023          	sb	zero,0(s0)
80002d18:	f71ff06f          	j	80002c88 <rt_object_init+0xf8>

80002d1c <rt_object_detach>:
 *        and the memory of static object is not freed.
 *
 * @param object the specified object to be detached.
 */
void rt_object_detach(rt_object_t object)
{
80002d1c:	ff010113          	addi	sp,sp,-16
80002d20:	00812423          	sw	s0,8(sp)
80002d24:	00112623          	sw	ra,12(sp)
80002d28:	00912223          	sw	s1,4(sp)
80002d2c:	00050413          	mv	s0,a0
    rt_base_t level;
    struct rt_object_information *information;

    /* object check */
    RT_ASSERT(object != RT_NULL);
80002d30:	00051e63          	bnez	a0,80002d4c <rt_object_detach+0x30>
80002d34:	1bd00613          	li	a2,445
80002d38:	00003597          	auipc	a1,0x3
80002d3c:	8fc58593          	addi	a1,a1,-1796 # 80005634 <__FUNCTION__.6>
80002d40:	00003517          	auipc	a0,0x3
80002d44:	85c50513          	addi	a0,a0,-1956 # 8000559c <__FUNCTION__.3+0x98>
80002d48:	ee0ff0ef          	jal	ra,80002428 <rt_assert_handler>

    RT_OBJECT_HOOK_CALL(rt_object_detach_hook, (object));
80002d4c:	cd41a783          	lw	a5,-812(gp) # 801004d4 <rt_object_detach_hook>
80002d50:	00078663          	beqz	a5,80002d5c <rt_object_detach+0x40>
80002d54:	00040513          	mv	a0,s0
80002d58:	000780e7          	jalr	a5

    information = rt_object_get_information((enum rt_object_class_type)object->type);
80002d5c:	01044503          	lbu	a0,16(s0)
80002d60:	df1ff0ef          	jal	ra,80002b50 <rt_object_get_information>
80002d64:	00050493          	mv	s1,a0
    RT_ASSERT(information != RT_NULL);
80002d68:	00051e63          	bnez	a0,80002d84 <rt_object_detach+0x68>
80002d6c:	1c200613          	li	a2,450
80002d70:	00003597          	auipc	a1,0x3
80002d74:	8c458593          	addi	a1,a1,-1852 # 80005634 <__FUNCTION__.6>
80002d78:	00002517          	auipc	a0,0x2
80002d7c:	79c50513          	addi	a0,a0,1948 # 80005514 <__FUNCTION__.3+0x10>
80002d80:	ea8ff0ef          	jal	ra,80002428 <rt_assert_handler>

    level = rt_spin_lock_irqsave(&(information->spinlock));
80002d84:	01048493          	addi	s1,s1,16
80002d88:	00048513          	mv	a0,s1
80002d8c:	d98fe0ef          	jal	ra,80001324 <rt_spin_lock_irqsave>
    n->next->prev = n->prev;
80002d90:	01442683          	lw	a3,20(s0)
80002d94:	01842703          	lw	a4,24(s0)
    /* remove from old list */
    rt_list_remove(&(object->list));
80002d98:	01440793          	addi	a5,s0,20
    level = rt_spin_lock_irqsave(&(information->spinlock));
80002d9c:	00050593          	mv	a1,a0
80002da0:	00e6a223          	sw	a4,4(a3)
    n->prev->next = n->next;
80002da4:	00d72023          	sw	a3,0(a4)
    n->next = n->prev = n;
80002da8:	00f42c23          	sw	a5,24(s0)
80002dac:	00f42a23          	sw	a5,20(s0)
    rt_spin_unlock_irqrestore(&(information->spinlock), level);
80002db0:	00048513          	mv	a0,s1
80002db4:	d9cfe0ef          	jal	ra,80001350 <rt_spin_unlock_irqrestore>

    object->type = RT_Object_Class_Null;
}
80002db8:	00c12083          	lw	ra,12(sp)
    object->type = RT_Object_Class_Null;
80002dbc:	00040823          	sb	zero,16(s0)
}
80002dc0:	00812403          	lw	s0,8(sp)
80002dc4:	00412483          	lw	s1,4(sp)
80002dc8:	01010113          	addi	sp,sp,16
80002dcc:	00008067          	ret

80002dd0 <rt_object_allocate>:
 *             uses '\0' as a terminal symbol.
 *
 * @return object handle allocated successfully, or RT_NULL if no memory can be allocated.
 */
rt_object_t rt_object_allocate(enum rt_object_class_type type, const char *name)
{
80002dd0:	fe010113          	addi	sp,sp,-32
80002dd4:	01212823          	sw	s2,16(sp)
80002dd8:	01312623          	sw	s3,12(sp)
80002ddc:	00112e23          	sw	ra,28(sp)
80002de0:	00812c23          	sw	s0,24(sp)
80002de4:	00912a23          	sw	s1,20(sp)
80002de8:	00050993          	mv	s3,a0
80002dec:	00058913          	mv	s2,a1
    struct rt_object_information *information;
#ifdef RT_USING_MODULE
    struct rt_dlmodule *module = dlmodule_self();
#endif /* RT_USING_MODULE */

    RT_DEBUG_NOT_IN_INTERRUPT;
80002df0:	b40ff0ef          	jal	ra,80002130 <rt_interrupt_get_nest>
80002df4:	02050863          	beqz	a0,80002e24 <rt_object_allocate+0x54>
80002df8:	00003597          	auipc	a1,0x3
80002dfc:	82858593          	addi	a1,a1,-2008 # 80005620 <__FUNCTION__.5>
80002e00:	00002517          	auipc	a0,0x2
80002e04:	eec50513          	addi	a0,a0,-276 # 80004cec <__FUNCTION__.0+0xd8>
80002e08:	ba4ff0ef          	jal	ra,800021ac <rt_kprintf>
80002e0c:	1e600613          	li	a2,486
80002e10:	00003597          	auipc	a1,0x3
80002e14:	81058593          	addi	a1,a1,-2032 # 80005620 <__FUNCTION__.5>
80002e18:	00003517          	auipc	a0,0x3
80002e1c:	9f850513          	addi	a0,a0,-1544 # 80005810 <__FUNCTION__.2+0xa8>
80002e20:	e08ff0ef          	jal	ra,80002428 <rt_assert_handler>

    /* get object information */
    information = rt_object_get_information(type);
80002e24:	00098513          	mv	a0,s3
80002e28:	d29ff0ef          	jal	ra,80002b50 <rt_object_get_information>
80002e2c:	00050493          	mv	s1,a0
    RT_ASSERT(information != RT_NULL);
80002e30:	00051e63          	bnez	a0,80002e4c <rt_object_allocate+0x7c>
80002e34:	1ea00613          	li	a2,490
80002e38:	00002597          	auipc	a1,0x2
80002e3c:	7e858593          	addi	a1,a1,2024 # 80005620 <__FUNCTION__.5>
80002e40:	00002517          	auipc	a0,0x2
80002e44:	6d450513          	addi	a0,a0,1748 # 80005514 <__FUNCTION__.3+0x10>
80002e48:	de0ff0ef          	jal	ra,80002428 <rt_assert_handler>

    object = (struct rt_object *)RT_KERNEL_MALLOC(information->object_size);
80002e4c:	00c4a503          	lw	a0,12(s1)
80002e50:	eecff0ef          	jal	ra,8000253c <rt_malloc>
80002e54:	00050413          	mv	s0,a0
    if (object == RT_NULL)
80002e58:	0a050863          	beqz	a0,80002f08 <rt_object_allocate+0x138>
        /* no memory can be allocated */
        return RT_NULL;
    }

    /* clean memory data of object */
    rt_memset(object, 0x0, information->object_size);
80002e5c:	00c4a603          	lw	a2,12(s1)
80002e60:	00000593          	li	a1,0
80002e64:	e68fd0ef          	jal	ra,800004cc <rt_memset>

    /* initialize object's parameters */

    /* set object type */
    object->type = type;
80002e68:	01340823          	sb	s3,16(s0)

    /* set object flag */
    object->flag = 0;
80002e6c:	000408a3          	sb	zero,17(s0)

#if RT_NAME_MAX > 0
    if (name)
80002e70:	0a090c63          	beqz	s2,80002f28 <rt_object_allocate+0x158>
    {
        obj_name_len = rt_strlen(name);
80002e74:	00090513          	mv	a0,s2
80002e78:	f74fd0ef          	jal	ra,800005ec <rt_strlen>
        if(obj_name_len > RT_NAME_MAX - 1)
80002e7c:	00f00793          	li	a5,15
80002e80:	02a7f863          	bgeu	a5,a0,80002eb0 <rt_object_allocate+0xe0>
        {
            LOG_E("Object name %s exceeds RT_NAME_MAX=%d, consider increasing RT_NAME_MAX.", name, RT_NAME_MAX);
80002e84:	00002517          	auipc	a0,0x2
80002e88:	6b850513          	addi	a0,a0,1720 # 8000553c <__FUNCTION__.3+0x38>
80002e8c:	b20ff0ef          	jal	ra,800021ac <rt_kprintf>
80002e90:	01000613          	li	a2,16
80002e94:	00090593          	mv	a1,s2
80002e98:	00002517          	auipc	a0,0x2
80002e9c:	6bc50513          	addi	a0,a0,1724 # 80005554 <__FUNCTION__.3+0x50>
80002ea0:	b0cff0ef          	jal	ra,800021ac <rt_kprintf>
80002ea4:	00002517          	auipc	a0,0x2
80002ea8:	04050513          	addi	a0,a0,64 # 80004ee4 <__FUNCTION__.39+0xa4>
80002eac:	b00ff0ef          	jal	ra,800021ac <rt_kprintf>
        }
        rt_strncpy(object->name, name, RT_NAME_MAX - 1);
80002eb0:	00f00613          	li	a2,15
80002eb4:	00090593          	mv	a1,s2
80002eb8:	00040513          	mv	a0,s0
80002ebc:	eecfd0ef          	jal	ra,800005a8 <rt_strncpy>
        object->name[RT_NAME_MAX - 1] = '\0';
80002ec0:	000407a3          	sb	zero,15(s0)
    }
#else
    object->name = name;
#endif

    RT_OBJECT_HOOK_CALL(rt_object_attach_hook, (object));
80002ec4:	cd01a783          	lw	a5,-816(gp) # 801004d0 <rt_object_attach_hook>
80002ec8:	00078663          	beqz	a5,80002ed4 <rt_object_allocate+0x104>
80002ecc:	00040513          	mv	a0,s0
80002ed0:	000780e7          	jalr	a5

    level = rt_spin_lock_irqsave(&(information->spinlock));
80002ed4:	01048913          	addi	s2,s1,16
80002ed8:	00090513          	mv	a0,s2
80002edc:	c48fe0ef          	jal	ra,80001324 <rt_spin_lock_irqsave>
    l->next->prev = n;
80002ee0:	0044a703          	lw	a4,4(s1)
    }
    else
#endif /* RT_USING_MODULE */
    {
        /* insert object into information object list */
        rt_list_insert_after(&(information->object_list), &(object->list));
80002ee4:	01440793          	addi	a5,s0,20
80002ee8:	00448493          	addi	s1,s1,4
80002eec:	00f72223          	sw	a5,4(a4)
    n->next = l->next;
80002ef0:	00e42a23          	sw	a4,20(s0)
    l->next = n;
80002ef4:	00f4a023          	sw	a5,0(s1)
    level = rt_spin_lock_irqsave(&(information->spinlock));
80002ef8:	00050593          	mv	a1,a0
    n->prev = l;
80002efc:	00942c23          	sw	s1,24(s0)
    }
    rt_spin_unlock_irqrestore(&(information->spinlock), level);
80002f00:	00090513          	mv	a0,s2
80002f04:	c4cfe0ef          	jal	ra,80001350 <rt_spin_unlock_irqrestore>

    return object;
}
80002f08:	01c12083          	lw	ra,28(sp)
80002f0c:	00040513          	mv	a0,s0
80002f10:	01812403          	lw	s0,24(sp)
80002f14:	01412483          	lw	s1,20(sp)
80002f18:	01012903          	lw	s2,16(sp)
80002f1c:	00c12983          	lw	s3,12(sp)
80002f20:	02010113          	addi	sp,sp,32
80002f24:	00008067          	ret
        object->name[0] = '\0';
80002f28:	00040023          	sb	zero,0(s0)
80002f2c:	f99ff06f          	j	80002ec4 <rt_object_allocate+0xf4>

80002f30 <rt_object_delete>:
 * @brief This function will delete an object and release object memory.
 *
 * @param object The specified object to be deleted.
 */
void rt_object_delete(rt_object_t object)
{
80002f30:	ff010113          	addi	sp,sp,-16
80002f34:	00812423          	sw	s0,8(sp)
80002f38:	00112623          	sw	ra,12(sp)
80002f3c:	00912223          	sw	s1,4(sp)
80002f40:	00050413          	mv	s0,a0
    rt_base_t level;
    struct rt_object_information *information;

    /* object check */
    RT_ASSERT(object != RT_NULL);
80002f44:	00051e63          	bnez	a0,80002f60 <rt_object_delete+0x30>
80002f48:	23100613          	li	a2,561
80002f4c:	00002597          	auipc	a1,0x2
80002f50:	6c058593          	addi	a1,a1,1728 # 8000560c <__FUNCTION__.4>
80002f54:	00002517          	auipc	a0,0x2
80002f58:	64850513          	addi	a0,a0,1608 # 8000559c <__FUNCTION__.3+0x98>
80002f5c:	cccff0ef          	jal	ra,80002428 <rt_assert_handler>
    RT_ASSERT(!(object->type & RT_Object_Class_Static));
80002f60:	01040783          	lb	a5,16(s0)
80002f64:	0007de63          	bgez	a5,80002f80 <rt_object_delete+0x50>
80002f68:	23200613          	li	a2,562
80002f6c:	00002597          	auipc	a1,0x2
80002f70:	6a058593          	addi	a1,a1,1696 # 8000560c <__FUNCTION__.4>
80002f74:	00002517          	auipc	a0,0x2
80002f78:	63c50513          	addi	a0,a0,1596 # 800055b0 <__FUNCTION__.3+0xac>
80002f7c:	cacff0ef          	jal	ra,80002428 <rt_assert_handler>

    RT_OBJECT_HOOK_CALL(rt_object_detach_hook, (object));
80002f80:	cd41a783          	lw	a5,-812(gp) # 801004d4 <rt_object_detach_hook>
80002f84:	00078663          	beqz	a5,80002f90 <rt_object_delete+0x60>
80002f88:	00040513          	mv	a0,s0
80002f8c:	000780e7          	jalr	a5


    information = rt_object_get_information((enum rt_object_class_type)object->type);
80002f90:	01044503          	lbu	a0,16(s0)
80002f94:	bbdff0ef          	jal	ra,80002b50 <rt_object_get_information>
80002f98:	00050493          	mv	s1,a0
    RT_ASSERT(information != RT_NULL);
80002f9c:	00051e63          	bnez	a0,80002fb8 <rt_object_delete+0x88>
80002fa0:	23800613          	li	a2,568
80002fa4:	00002597          	auipc	a1,0x2
80002fa8:	66858593          	addi	a1,a1,1640 # 8000560c <__FUNCTION__.4>
80002fac:	00002517          	auipc	a0,0x2
80002fb0:	56850513          	addi	a0,a0,1384 # 80005514 <__FUNCTION__.3+0x10>
80002fb4:	c74ff0ef          	jal	ra,80002428 <rt_assert_handler>

    level = rt_spin_lock_irqsave(&(information->spinlock));
80002fb8:	01048493          	addi	s1,s1,16
80002fbc:	00048513          	mv	a0,s1
80002fc0:	b64fe0ef          	jal	ra,80001324 <rt_spin_lock_irqsave>
    n->next->prev = n->prev;
80002fc4:	01442683          	lw	a3,20(s0)
80002fc8:	01842703          	lw	a4,24(s0)

    /* remove from old list */
    rt_list_remove(&(object->list));
80002fcc:	01440793          	addi	a5,s0,20
    level = rt_spin_lock_irqsave(&(information->spinlock));
80002fd0:	00050593          	mv	a1,a0
80002fd4:	00e6a223          	sw	a4,4(a3)
    n->prev->next = n->next;
80002fd8:	00d72023          	sw	a3,0(a4)

    rt_spin_unlock_irqrestore(&(information->spinlock), level);
80002fdc:	00048513          	mv	a0,s1
    n->next = n->prev = n;
80002fe0:	00f42c23          	sw	a5,24(s0)
80002fe4:	00f42a23          	sw	a5,20(s0)
80002fe8:	b68fe0ef          	jal	ra,80001350 <rt_spin_unlock_irqrestore>

    /* reset object type */
    object->type = RT_Object_Class_Null;

    /* free the memory of object */
    RT_KERNEL_FREE(object);
80002fec:	00040513          	mv	a0,s0
    object->type = RT_Object_Class_Null;
80002ff0:	00040823          	sb	zero,16(s0)
}
80002ff4:	00812403          	lw	s0,8(sp)
80002ff8:	00c12083          	lw	ra,12(sp)
80002ffc:	00412483          	lw	s1,4(sp)
80003000:	01010113          	addi	sp,sp,16
    RT_KERNEL_FREE(object);
80003004:	d98ff06f          	j	8000259c <rt_free>

80003008 <rt_object_is_systemobject>:
 * @param object The specified object to be judged.
 *
 * @return RT_TRUE if a system object, RT_FALSE for others.
 */
rt_bool_t rt_object_is_systemobject(rt_object_t object)
{
80003008:	ff010113          	addi	sp,sp,-16
8000300c:	00812423          	sw	s0,8(sp)
80003010:	00112623          	sw	ra,12(sp)
80003014:	00050413          	mv	s0,a0
    /* object check */
    RT_ASSERT(object != RT_NULL);
80003018:	00051e63          	bnez	a0,80003034 <rt_object_is_systemobject+0x2c>
8000301c:	25600613          	li	a2,598
80003020:	00002597          	auipc	a1,0x2
80003024:	5d058593          	addi	a1,a1,1488 # 800055f0 <__FUNCTION__.3>
80003028:	00002517          	auipc	a0,0x2
8000302c:	57450513          	addi	a0,a0,1396 # 8000559c <__FUNCTION__.3+0x98>
80003030:	bf8ff0ef          	jal	ra,80002428 <rt_assert_handler>

    if (object->type & RT_Object_Class_Static)
80003034:	01040503          	lb	a0,16(s0)
        return RT_TRUE;

    return RT_FALSE;
}
80003038:	00c12083          	lw	ra,12(sp)
8000303c:	00812403          	lw	s0,8(sp)
80003040:	01f55513          	srli	a0,a0,0x1f
80003044:	01010113          	addi	sp,sp,16
80003048:	00008067          	ret

8000304c <rt_object_get_type>:
 * @param object is the specified object to be get type.
 *
 * @return the type of object.
 */
rt_uint8_t rt_object_get_type(rt_object_t object)
{
8000304c:	ff010113          	addi	sp,sp,-16
80003050:	00812423          	sw	s0,8(sp)
80003054:	00112623          	sw	ra,12(sp)
80003058:	00050413          	mv	s0,a0
    /* object check */
    RT_ASSERT(object != RT_NULL);
8000305c:	00051e63          	bnez	a0,80003078 <rt_object_get_type+0x2c>
80003060:	26900613          	li	a2,617
80003064:	00002597          	auipc	a1,0x2
80003068:	57858593          	addi	a1,a1,1400 # 800055dc <__FUNCTION__.2>
8000306c:	00002517          	auipc	a0,0x2
80003070:	53050513          	addi	a0,a0,1328 # 8000559c <__FUNCTION__.3+0x98>
80003074:	bb4ff0ef          	jal	ra,80002428 <rt_assert_handler>

    return object->type & ~RT_Object_Class_Static;
80003078:	01044503          	lbu	a0,16(s0)
}
8000307c:	00c12083          	lw	ra,12(sp)
80003080:	00812403          	lw	s0,8(sp)
80003084:	07f57513          	andi	a0,a0,127
80003088:	01010113          	addi	sp,sp,16
8000308c:	00008067          	ret

80003090 <rt_sched_thread_init_ctx>:
 *   - Calls rt_sched_thread_init_priv() for private scheduling data initialization
 */
void rt_sched_thread_init_ctx(struct rt_thread *thread, rt_uint32_t tick, rt_uint8_t priority)
{
    /* setup thread status */
    RT_SCHED_CTX(thread).stat = RT_THREAD_INIT;
80003090:	02050e23          	sb	zero,60(a0)
    /* not bind on any cpu */
    RT_SCHED_CTX(thread).bind_cpu = RT_CPUS_NR;
    RT_SCHED_CTX(thread).oncpu = RT_CPU_DETACHED;
#endif /* RT_USING_SMP */

    rt_sched_thread_init_priv(thread, tick, priority);
80003094:	3a00006f          	j	80003434 <rt_sched_thread_init_priv>

80003098 <rt_sched_thread_timer_start>:
 *   - Sets the thread's timer flag (sched_flag_ttmr_set) to indicate timer is active
 */
rt_err_t rt_sched_thread_timer_start(struct rt_thread *thread)
{
    RT_SCHED_DEBUG_IS_LOCKED;
    RT_SCHED_CTX(thread).sched_flag_ttmr_set = 1;
80003098:	03d54783          	lbu	a5,61(a0)
8000309c:	0027e793          	ori	a5,a5,2
800030a0:	02f50ea3          	sb	a5,61(a0)
    return RT_EOK;
}
800030a4:	00000513          	li	a0,0
800030a8:	00008067          	ret

800030ac <rt_sched_thread_timer_stop>:
rt_err_t rt_sched_thread_timer_stop(struct rt_thread *thread)
{
    rt_err_t error;
    RT_SCHED_DEBUG_IS_LOCKED;

    if (RT_SCHED_CTX(thread).sched_flag_ttmr_set)
800030ac:	03d54783          	lbu	a5,61(a0)
800030b0:	0027f793          	andi	a5,a5,2
800030b4:	02078c63          	beqz	a5,800030ec <rt_sched_thread_timer_stop+0x40>
{
800030b8:	ff010113          	addi	sp,sp,-16
800030bc:	00812423          	sw	s0,8(sp)
800030c0:	00050413          	mv	s0,a0
    {
        error = rt_timer_stop(&thread->thread_timer);
800030c4:	05050513          	addi	a0,a0,80
{
800030c8:	00112623          	sw	ra,12(sp)
        error = rt_timer_stop(&thread->thread_timer);
800030cc:	61c010ef          	jal	ra,800046e8 <rt_timer_stop>

        /* mask out timer flag no matter stop success or not */
        RT_SCHED_CTX(thread).sched_flag_ttmr_set = 0;
800030d0:	03d44783          	lbu	a5,61(s0)
    else
    {
        error = RT_EOK;
    }
    return error;
}
800030d4:	00c12083          	lw	ra,12(sp)
        RT_SCHED_CTX(thread).sched_flag_ttmr_set = 0;
800030d8:	ffd7f793          	andi	a5,a5,-3
800030dc:	02f40ea3          	sb	a5,61(s0)
}
800030e0:	00812403          	lw	s0,8(sp)
800030e4:	01010113          	addi	sp,sp,16
800030e8:	00008067          	ret
        error = RT_EOK;
800030ec:	00000513          	li	a0,0
}
800030f0:	00008067          	ret

800030f4 <rt_sched_thread_get_stat>:
 *   - Returns the thread's status field masked with RT_THREAD_STAT_MASK
 */
rt_uint8_t rt_sched_thread_get_stat(struct rt_thread *thread)
{
    RT_SCHED_DEBUG_IS_LOCKED;
    return RT_SCHED_CTX(thread).stat & RT_THREAD_STAT_MASK;
800030f4:	03c54503          	lbu	a0,60(a0)
}
800030f8:	00757513          	andi	a0,a0,7
800030fc:	00008067          	ret

80003100 <rt_sched_thread_get_curr_prio>:
 */
rt_uint8_t rt_sched_thread_get_curr_prio(struct rt_thread *thread)
{
    RT_SCHED_DEBUG_IS_LOCKED;
    return RT_SCHED_PRIV(thread).current_priority;
}
80003100:	04854503          	lbu	a0,72(a0)
80003104:	00008067          	ret

80003108 <rt_sched_thread_get_init_prio>:
 */
rt_uint8_t rt_sched_thread_get_init_prio(struct rt_thread *thread)
{
    /* read only fields, so lock is unnecessary */
    return RT_SCHED_PRIV(thread).init_priority;
}
80003108:	04954503          	lbu	a0,73(a0)
8000310c:	00008067          	ret

80003110 <rt_sched_thread_is_suspended>:
 * @note Caller must hold the scheduler lock before calling this function
 */
rt_uint8_t rt_sched_thread_is_suspended(struct rt_thread *thread)
{
    RT_SCHED_DEBUG_IS_LOCKED;
    return (RT_SCHED_CTX(thread).stat & RT_THREAD_SUSPEND_MASK) == RT_THREAD_SUSPEND_MASK;
80003110:	03c54503          	lbu	a0,60(a0)
80003114:	00255513          	srli	a0,a0,0x2
}
80003118:	00157513          	andi	a0,a0,1
8000311c:	00008067          	ret

80003120 <rt_sched_thread_close>:
 * @note Must be called with scheduler lock held
 */
rt_err_t rt_sched_thread_close(struct rt_thread *thread)
{
    RT_SCHED_DEBUG_IS_LOCKED;
    RT_SCHED_CTX(thread).stat = RT_THREAD_CLOSE;
80003120:	00100793          	li	a5,1
80003124:	02f50e23          	sb	a5,60(a0)
    return RT_EOK;
}
80003128:	00000513          	li	a0,0
8000312c:	00008067          	ret

80003130 <rt_sched_thread_yield>:
 */
rt_err_t rt_sched_thread_yield(struct rt_thread *thread)
{
    RT_SCHED_DEBUG_IS_LOCKED;

    RT_SCHED_PRIV(thread).remaining_tick = RT_SCHED_PRIV(thread).init_tick;
80003130:	04052783          	lw	a5,64(a0)
80003134:	04f52223          	sw	a5,68(a0)
    RT_SCHED_CTX(thread).stat |= RT_THREAD_STAT_YIELD;
80003138:	03c54783          	lbu	a5,60(a0)
8000313c:	0087e793          	ori	a5,a5,8
80003140:	02f50e23          	sb	a5,60(a0)

    return RT_EOK;
}
80003144:	00000513          	li	a0,0
80003148:	00008067          	ret

8000314c <rt_sched_thread_ready>:
{
    rt_err_t error;

    RT_SCHED_DEBUG_IS_LOCKED;

    if (!rt_sched_thread_is_suspended(thread))
8000314c:	03c54783          	lbu	a5,60(a0)
80003150:	0047f793          	andi	a5,a5,4
80003154:	06078263          	beqz	a5,800031b8 <rt_sched_thread_ready+0x6c>
        /* failed to proceed, and that's possibly due to a racing condition */
        error = -RT_EINVAL;
    }
    else
    {
        if (RT_SCHED_CTX(thread).sched_flag_ttmr_set)
80003158:	03d54783          	lbu	a5,61(a0)
{
8000315c:	ff010113          	addi	sp,sp,-16
80003160:	00812423          	sw	s0,8(sp)
80003164:	00112623          	sw	ra,12(sp)
        if (RT_SCHED_CTX(thread).sched_flag_ttmr_set)
80003168:	0027f793          	andi	a5,a5,2
8000316c:	00050413          	mv	s0,a0
80003170:	02079e63          	bnez	a5,800031ac <rt_sched_thread_ready+0x60>
    n->next->prev = n->prev;
80003174:	03442683          	lw	a3,52(s0)
80003178:	03842703          	lw	a4,56(s0)
        }

        if (!error)
        {
            /* remove from suspend list */
            rt_list_remove(&RT_THREAD_LIST_NODE(thread));
8000317c:	03440793          	addi	a5,s0,52
#ifdef RT_USING_SMART
            thread->wakeup_handle.func = RT_NULL;
#endif

            /* insert to schedule ready list and remove from susp list */
            rt_sched_insert_thread(thread);
80003180:	00040513          	mv	a0,s0
80003184:	00e6a223          	sw	a4,4(a3)
    n->prev->next = n->next;
80003188:	00d72023          	sw	a3,0(a4)
    n->next = n->prev = n;
8000318c:	02f42c23          	sw	a5,56(s0)
80003190:	02f42a23          	sw	a5,52(s0)
80003194:	318000ef          	jal	ra,800034ac <rt_sched_insert_thread>
80003198:	00000513          	li	a0,0
        }
    }

    return error;
}
8000319c:	00c12083          	lw	ra,12(sp)
800031a0:	00812403          	lw	s0,8(sp)
800031a4:	01010113          	addi	sp,sp,16
800031a8:	00008067          	ret
            error = rt_sched_thread_timer_stop(thread);
800031ac:	f01ff0ef          	jal	ra,800030ac <rt_sched_thread_timer_stop>
        if (!error)
800031b0:	fc0502e3          	beqz	a0,80003174 <rt_sched_thread_ready+0x28>
800031b4:	fe9ff06f          	j	8000319c <rt_sched_thread_ready+0x50>
        error = -RT_EINVAL;
800031b8:	ff600513          	li	a0,-10
}
800031bc:	00008067          	ret

800031c0 <rt_sched_tick_increase>:
 *
 * @note This function is typically called from timer interrupt context
 *       It handles both SMP and non-SMP cases
 */
rt_err_t rt_sched_tick_increase(rt_tick_t tick)
{
800031c0:	fe010113          	addi	sp,sp,-32
800031c4:	00112e23          	sw	ra,28(sp)
800031c8:	00812c23          	sw	s0,24(sp)
800031cc:	00912a23          	sw	s1,20(sp)
800031d0:	00050493          	mv	s1,a0
    struct rt_thread *thread;
    rt_sched_lock_level_t slvl;

    thread = rt_thread_self();
800031d4:	2f5000ef          	jal	ra,80003cc8 <rt_thread_self>
800031d8:	00050413          	mv	s0,a0

    rt_sched_lock(&slvl);
800031dc:	00c10513          	addi	a0,sp,12
800031e0:	1c0000ef          	jal	ra,800033a0 <rt_sched_lock>

    if (RT_SCHED_PRIV(thread).remaining_tick > tick)
800031e4:	04442783          	lw	a5,68(s0)
800031e8:	02f4e863          	bltu	s1,a5,80003218 <rt_sched_tick_increase+0x58>
800031ec:	04042223          	sw	zero,68(s0)
    {
        rt_sched_unlock(slvl);
    }
    else
    {
        rt_sched_thread_yield(thread);
800031f0:	00040513          	mv	a0,s0
800031f4:	f3dff0ef          	jal	ra,80003130 <rt_sched_thread_yield>

        /* request a rescheduling even though we are probably in an ISR */
        rt_sched_unlock_n_resched(slvl);
800031f8:	00c12503          	lw	a0,12(sp)
800031fc:	5f4000ef          	jal	ra,800037f0 <rt_sched_unlock_n_resched>
    }

    return RT_EOK;
}
80003200:	01c12083          	lw	ra,28(sp)
80003204:	01812403          	lw	s0,24(sp)
80003208:	01412483          	lw	s1,20(sp)
8000320c:	00000513          	li	a0,0
80003210:	02010113          	addi	sp,sp,32
80003214:	00008067          	ret
        rt_sched_unlock(slvl);
80003218:	00c12503          	lw	a0,12(sp)
        RT_SCHED_PRIV(thread).remaining_tick -= tick;
8000321c:	409787b3          	sub	a5,a5,s1
80003220:	04f42223          	sw	a5,68(s0)
        rt_sched_unlock(slvl);
80003224:	1b4000ef          	jal	ra,800033d8 <rt_sched_unlock>
80003228:	fd9ff06f          	j	80003200 <rt_sched_tick_increase+0x40>

8000322c <rt_sched_thread_change_priority>:

/**
 * @brief Update priority of the target thread
 */
rt_err_t rt_sched_thread_change_priority(struct rt_thread *thread, rt_uint8_t priority)
{
8000322c:	ff010113          	addi	sp,sp,-16
80003230:	00812423          	sw	s0,8(sp)
80003234:	00912223          	sw	s1,4(sp)
80003238:	00112623          	sw	ra,12(sp)
8000323c:	01212023          	sw	s2,0(sp)
    RT_ASSERT(priority < RT_THREAD_PRIORITY_MAX);
80003240:	01f00793          	li	a5,31
{
80003244:	00050413          	mv	s0,a0
80003248:	00058493          	mv	s1,a1
    RT_ASSERT(priority < RT_THREAD_PRIORITY_MAX);
8000324c:	00b7fe63          	bgeu	a5,a1,80003268 <rt_sched_thread_change_priority+0x3c>
80003250:	15c00613          	li	a2,348
80003254:	00002597          	auipc	a1,0x2
80003258:	4c858593          	addi	a1,a1,1224 # 8000571c <__FUNCTION__.1>
8000325c:	00002517          	auipc	a0,0x2
80003260:	3fc50513          	addi	a0,a0,1020 # 80005658 <__FUNCTION__.7+0x10>
80003264:	9c4ff0ef          	jal	ra,80002428 <rt_assert_handler>
    if ((RT_SCHED_CTX(thread).stat & RT_THREAD_STAT_MASK) == RT_THREAD_READY)
80003268:	03c44783          	lbu	a5,60(s0)
        RT_SCHED_PRIV(thread).number_mask = 1 << RT_SCHED_PRIV(thread).current_priority;
8000326c:	00100913          	li	s2,1
    if ((RT_SCHED_CTX(thread).stat & RT_THREAD_STAT_MASK) == RT_THREAD_READY)
80003270:	00200713          	li	a4,2
80003274:	0077f793          	andi	a5,a5,7
        RT_SCHED_PRIV(thread).number_mask = 1 << RT_SCHED_PRIV(thread).current_priority;
80003278:	00991933          	sll	s2,s2,s1
    if ((RT_SCHED_CTX(thread).stat & RT_THREAD_STAT_MASK) == RT_THREAD_READY)
8000327c:	02e79e63          	bne	a5,a4,800032b8 <rt_sched_thread_change_priority+0x8c>
        rt_sched_remove_thread(thread);
80003280:	00040513          	mv	a0,s0
80003284:	2fc000ef          	jal	ra,80003580 <rt_sched_remove_thread>
        rt_sched_insert_thread(thread);
80003288:	00040513          	mv	a0,s0
        RT_SCHED_PRIV(thread).current_priority = priority;
8000328c:	04940423          	sb	s1,72(s0)
        RT_SCHED_PRIV(thread).number_mask = 1 << RT_SCHED_PRIV(thread).current_priority;
80003290:	05242623          	sw	s2,76(s0)
        RT_SCHED_CTX(thread).stat = RT_THREAD_INIT;
80003294:	02040e23          	sb	zero,60(s0)
        rt_sched_insert_thread(thread);
80003298:	214000ef          	jal	ra,800034ac <rt_sched_insert_thread>
    return _rt_sched_update_priority(thread, priority, RT_FALSE);
}
8000329c:	00c12083          	lw	ra,12(sp)
800032a0:	00812403          	lw	s0,8(sp)
800032a4:	00412483          	lw	s1,4(sp)
800032a8:	00012903          	lw	s2,0(sp)
800032ac:	00000513          	li	a0,0
800032b0:	01010113          	addi	sp,sp,16
800032b4:	00008067          	ret
        RT_SCHED_PRIV(thread).current_priority = priority;
800032b8:	04940423          	sb	s1,72(s0)
        RT_SCHED_PRIV(thread).number_mask = 1 << RT_SCHED_PRIV(thread).current_priority;
800032bc:	05242623          	sw	s2,76(s0)
800032c0:	fddff06f          	j	8000329c <rt_sched_thread_change_priority+0x70>

800032c4 <rt_scheduler_stack_check>:
 *     * For downward-growing stacks: checks magic number at bottom and SP range
 *     * Triggers error and infinite loop on overflow
 *   - Additional warnings when stack pointer is near boundaries
 */
void rt_scheduler_stack_check(struct rt_thread *thread)
{
800032c4:	ff010113          	addi	sp,sp,-16
800032c8:	00812423          	sw	s0,8(sp)
800032cc:	00112623          	sw	ra,12(sp)
800032d0:	00050413          	mv	s0,a0
    RT_ASSERT(thread != RT_NULL);
800032d4:	00051e63          	bnez	a0,800032f0 <rt_scheduler_stack_check+0x2c>
800032d8:	1cb00613          	li	a2,459
800032dc:	00002597          	auipc	a1,0x2
800032e0:	42458593          	addi	a1,a1,1060 # 80005700 <__FUNCTION__.0>
800032e4:	00002517          	auipc	a0,0x2
800032e8:	aa050513          	addi	a0,a0,-1376 # 80004d84 <__FUNCTION__.0+0x170>
800032ec:	93cff0ef          	jal	ra,80002428 <rt_assert_handler>

#ifndef RT_USING_HW_STACK_GUARD
#ifdef ARCH_CPU_STACK_GROWS_UPWARD
    if (*((rt_uint8_t *)((rt_uintptr_t)thread->stack_addr + thread->stack_size - 1)) != '#' ||
#else
    if (*((rt_uint8_t *)thread->stack_addr) != '#' ||
800032f0:	02842783          	lw	a5,40(s0)
800032f4:	02300713          	li	a4,35
800032f8:	0007c683          	lbu	a3,0(a5)
800032fc:	00e69c63          	bne	a3,a4,80003314 <rt_scheduler_stack_check+0x50>
#endif /* ARCH_CPU_STACK_GROWS_UPWARD */
        (rt_uintptr_t)thread->sp <= (rt_uintptr_t)thread->stack_addr ||
80003300:	01c42703          	lw	a4,28(s0)
    if (*((rt_uint8_t *)thread->stack_addr) != '#' ||
80003304:	00e7f863          	bgeu	a5,a4,80003314 <rt_scheduler_stack_check+0x50>
        (rt_uintptr_t)thread->sp >
            (rt_uintptr_t)thread->stack_addr + (rt_uintptr_t)thread->stack_size)
80003308:	02c42683          	lw	a3,44(s0)
8000330c:	00d786b3          	add	a3,a5,a3
        (rt_uintptr_t)thread->sp <= (rt_uintptr_t)thread->stack_addr ||
80003310:	04e6f263          	bgeu	a3,a4,80003354 <rt_scheduler_stack_check+0x90>
    {
        rt_base_t dummy = 1;
        rt_err_t hook_result = -RT_ERROR;

        LOG_E("thread:%s stack overflow\n", thread->parent.name);
80003314:	00002517          	auipc	a0,0x2
80003318:	36850513          	addi	a0,a0,872 # 8000567c <__FUNCTION__.7+0x34>
8000331c:	e91fe0ef          	jal	ra,800021ac <rt_kprintf>
80003320:	00040593          	mv	a1,s0
80003324:	00002517          	auipc	a0,0x2
80003328:	37050513          	addi	a0,a0,880 # 80005694 <__FUNCTION__.7+0x4c>
8000332c:	e81fe0ef          	jal	ra,800021ac <rt_kprintf>
80003330:	00002517          	auipc	a0,0x2
80003334:	bb450513          	addi	a0,a0,-1100 # 80004ee4 <__FUNCTION__.39+0xa4>
80003338:	e75fe0ef          	jal	ra,800021ac <rt_kprintf>

#if defined(RT_USING_HOOK) && defined(RT_HOOK_USING_FUNC_PTR)
        if (rt_stack_overflow_hook != RT_NULL)
8000333c:	ce41a783          	lw	a5,-796(gp) # 801004e4 <rt_stack_overflow_hook>
80003340:	00078863          	beqz	a5,80003350 <rt_scheduler_stack_check+0x8c>
        {
            hook_result = rt_stack_overflow_hook(thread);
80003344:	00040513          	mv	a0,s0
80003348:	000780e7          	jalr	a5
        }
#endif /* RT_USING_HOOK */

        /* If hook handled the overflow successfully, don't enter infinite loop */
        if (hook_result != RT_EOK)
8000334c:	04050263          	beqz	a0,80003390 <rt_scheduler_stack_check+0xcc>
        {
            while (dummy)
80003350:	0000006f          	j	80003350 <rt_scheduler_stack_check+0x8c>
        LOG_W("warning: %s stack is close to the top of stack address.\n",
              thread->parent.name);
    }
#else
#ifndef RT_USING_HW_STACK_GUARD
    else if ((rt_uintptr_t)thread->sp <= ((rt_uintptr_t)thread->stack_addr + 32))
80003354:	02078793          	addi	a5,a5,32
80003358:	02e7ec63          	bltu	a5,a4,80003390 <rt_scheduler_stack_check+0xcc>
#else
    if ((rt_uintptr_t)thread->sp <= ((rt_uintptr_t)thread->stack_addr + 32))
#endif
    {
        LOG_W("warning: %s stack is close to end of stack address.\n",
8000335c:	00002517          	auipc	a0,0x2
80003360:	35450513          	addi	a0,a0,852 # 800056b0 <__FUNCTION__.7+0x68>
80003364:	e49fe0ef          	jal	ra,800021ac <rt_kprintf>
80003368:	00040593          	mv	a1,s0
8000336c:	00002517          	auipc	a0,0x2
80003370:	35c50513          	addi	a0,a0,860 # 800056c8 <__FUNCTION__.7+0x80>
80003374:	e39fe0ef          	jal	ra,800021ac <rt_kprintf>
              thread->parent.name);
    }
#endif /* ARCH_CPU_STACK_GROWS_UPWARD */
}
80003378:	00812403          	lw	s0,8(sp)
8000337c:	00c12083          	lw	ra,12(sp)
        LOG_W("warning: %s stack is close to end of stack address.\n",
80003380:	00002517          	auipc	a0,0x2
80003384:	b6450513          	addi	a0,a0,-1180 # 80004ee4 <__FUNCTION__.39+0xa4>
}
80003388:	01010113          	addi	sp,sp,16
        LOG_W("warning: %s stack is close to end of stack address.\n",
8000338c:	e21fe06f          	j	800021ac <rt_kprintf>
}
80003390:	00c12083          	lw	ra,12(sp)
80003394:	00812403          	lw	s0,8(sp)
80003398:	01010113          	addi	sp,sp,16
8000339c:	00008067          	ret

800033a0 <rt_sched_lock>:
 *       Caller must ensure plvl is valid
 */
rt_err_t rt_sched_lock(rt_sched_lock_level_t *plvl)
{
    rt_base_t level;
    if (!plvl)
800033a0:	02050863          	beqz	a0,800033d0 <rt_sched_lock+0x30>
{
800033a4:	ff010113          	addi	sp,sp,-16
800033a8:	00812423          	sw	s0,8(sp)
800033ac:	00112623          	sw	ra,12(sp)
800033b0:	00050413          	mv	s0,a0
        return -RT_EINVAL;

    level = rt_hw_interrupt_disable();
800033b4:	e41fc0ef          	jal	ra,800001f4 <rt_hw_interrupt_disable>
    *plvl = level;
800033b8:	00a42023          	sw	a0,0(s0)

    return RT_EOK;
}
800033bc:	00c12083          	lw	ra,12(sp)
800033c0:	00812403          	lw	s0,8(sp)
    return RT_EOK;
800033c4:	00000513          	li	a0,0
}
800033c8:	01010113          	addi	sp,sp,16
800033cc:	00008067          	ret
        return -RT_EINVAL;
800033d0:	ff600513          	li	a0,-10
}
800033d4:	00008067          	ret

800033d8 <rt_sched_unlock>:
 *
 * @note Must be called with the same interrupt level that was saved by rt_sched_lock()
 *       Should not be called without a corresponding rt_sched_lock() first
 */
rt_err_t rt_sched_unlock(rt_sched_lock_level_t level)
{
800033d8:	ff010113          	addi	sp,sp,-16
800033dc:	00112623          	sw	ra,12(sp)
    rt_hw_interrupt_enable(level);
800033e0:	e1dfc0ef          	jal	ra,800001fc <rt_hw_interrupt_enable>

    return RT_EOK;
}
800033e4:	00c12083          	lw	ra,12(sp)
800033e8:	00000513          	li	a0,0
800033ec:	01010113          	addi	sp,sp,16
800033f0:	00008067          	ret

800033f4 <rt_system_scheduler_init>:
 *       It prepares the scheduler data structures for single-core operation
 */
void rt_system_scheduler_init(void)
{
    rt_base_t offset;
    rt_scheduler_lock_nest = 0;
800033f4:	ce01a823          	sw	zero,-784(gp) # 801004f0 <rt_scheduler_lock_nest>

    LOG_D("start scheduler: max priority 0x%02x",
          RT_THREAD_PRIORITY_MAX);

    for (offset = 0; offset < RT_THREAD_PRIORITY_MAX; offset ++)
800033f8:	cf818793          	addi	a5,gp,-776 # 801004f8 <rt_thread_priority_table>
800033fc:	df818713          	addi	a4,gp,-520 # 801005f8 <rt_thread_ready_priority_group>
    l->next = l->prev = l;
80003400:	00f7a223          	sw	a5,4(a5)
80003404:	00f7a023          	sw	a5,0(a5)
80003408:	00878793          	addi	a5,a5,8
8000340c:	fee79ae3          	bne	a5,a4,80003400 <rt_system_scheduler_init+0xc>
    {
        rt_list_init(&rt_thread_priority_table[offset]);
    }

    /* initialize ready priority group */
    rt_thread_ready_priority_group = 0;
80003410:	de01ac23          	sw	zero,-520(gp) # 801005f8 <rt_thread_ready_priority_group>

#if RT_THREAD_PRIORITY_MAX > 32
    /* initialize ready table */
    rt_memset(rt_thread_ready_table, 0, sizeof(rt_thread_ready_table));
#endif /* RT_THREAD_PRIORITY_MAX > 32 */
}
80003414:	00008067          	ret

80003418 <rt_sched_thread_startup>:
#if RT_THREAD_PRIORITY_MAX > 32
    RT_SCHED_PRIV(thread).number = RT_SCHED_PRIV(thread).current_priority >> 3;            /* 5bit */
    RT_SCHED_PRIV(thread).number_mask = 1L << RT_SCHED_PRIV(thread).number;
    RT_SCHED_PRIV(thread).high_mask = 1L << (RT_SCHED_PRIV(thread).current_priority & 0x07);  /* 3bit */
#else
    RT_SCHED_PRIV(thread).number_mask = 1L << RT_SCHED_PRIV(thread).current_priority;
80003418:	04854703          	lbu	a4,72(a0)
8000341c:	00100793          	li	a5,1
80003420:	00e797b3          	sll	a5,a5,a4
80003424:	04f52623          	sw	a5,76(a0)
#endif /* RT_THREAD_PRIORITY_MAX > 32 */

    /* change thread stat, so we can resume it */
    RT_SCHED_CTX(thread).stat = RT_THREAD_SUSPEND;
80003428:	00400793          	li	a5,4
8000342c:	02f50e23          	sb	a5,60(a0)
}
80003430:	00008067          	ret

80003434 <rt_sched_thread_init_priv>:
 *   - Sets initial and current priority (must be < RT_THREAD_PRIORITY_MAX)
 *   - Initializes priority masks (number_mask, number, high_mask for >32 priorities)
 *   - Sets initial and remaining time slice ticks
 */
void rt_sched_thread_init_priv(struct rt_thread *thread, rt_uint32_t tick, rt_uint8_t priority)
{
80003434:	ff010113          	addi	sp,sp,-16
80003438:	00812423          	sw	s0,8(sp)
8000343c:	00912223          	sw	s1,4(sp)
80003440:	01212023          	sw	s2,0(sp)
    rt_list_init(&RT_THREAD_LIST_NODE(thread));
80003444:	03450793          	addi	a5,a0,52
{
80003448:	00112623          	sw	ra,12(sp)
8000344c:	02f52c23          	sw	a5,56(a0)
80003450:	02f52a23          	sw	a5,52(a0)

    /* priority init */
    RT_ASSERT(priority < RT_THREAD_PRIORITY_MAX);
80003454:	01f00793          	li	a5,31
{
80003458:	00050413          	mv	s0,a0
8000345c:	00058913          	mv	s2,a1
80003460:	00060493          	mv	s1,a2
    RT_ASSERT(priority < RT_THREAD_PRIORITY_MAX);
80003464:	00c7fe63          	bgeu	a5,a2,80003480 <rt_sched_thread_init_priv+0x4c>
80003468:	1d300613          	li	a2,467
8000346c:	00002597          	auipc	a1,0x2
80003470:	2fc58593          	addi	a1,a1,764 # 80005768 <__FUNCTION__.2>
80003474:	00002517          	auipc	a0,0x2
80003478:	1e450513          	addi	a0,a0,484 # 80005658 <__FUNCTION__.7+0x10>
8000347c:	fadfe0ef          	jal	ra,80002428 <rt_assert_handler>
    RT_SCHED_PRIV(thread).init_priority    = priority;
80003480:	049404a3          	sb	s1,73(s0)
    RT_SCHED_PRIV(thread).current_priority = priority;
80003484:	04940423          	sb	s1,72(s0)
    RT_SCHED_PRIV(thread).number = 0;
    RT_SCHED_PRIV(thread).high_mask = 0;
#endif /* RT_THREAD_PRIORITY_MAX > 32 */

    /* tick init */
    RT_SCHED_PRIV(thread).init_tick = tick;
80003488:	05242023          	sw	s2,64(s0)
    RT_SCHED_PRIV(thread).remaining_tick = tick;
8000348c:	05242223          	sw	s2,68(s0)
}
80003490:	00c12083          	lw	ra,12(sp)
    RT_SCHED_PRIV(thread).number_mask = 0;
80003494:	04042623          	sw	zero,76(s0)
}
80003498:	00812403          	lw	s0,8(sp)
8000349c:	00412483          	lw	s1,4(sp)
800034a0:	00012903          	lw	s2,0(sp)
800034a4:	01010113          	addi	sp,sp,16
800034a8:	00008067          	ret

800034ac <rt_sched_insert_thread>:
 * @param thread is the thread to be inserted.
 *
 * @note  Please do not invoke this function in user application.
 */
void rt_sched_insert_thread(struct rt_thread *thread)
{
800034ac:	ff010113          	addi	sp,sp,-16
800034b0:	00812423          	sw	s0,8(sp)
800034b4:	00112623          	sw	ra,12(sp)
800034b8:	00912223          	sw	s1,4(sp)
800034bc:	00050413          	mv	s0,a0
    rt_base_t level;

    RT_ASSERT(thread != RT_NULL);
800034c0:	00051e63          	bnez	a0,800034dc <rt_sched_insert_thread+0x30>
800034c4:	1ef00613          	li	a2,495
800034c8:	00002597          	auipc	a1,0x2
800034cc:	28858593          	addi	a1,a1,648 # 80005750 <__FUNCTION__.1>
800034d0:	00002517          	auipc	a0,0x2
800034d4:	8b450513          	addi	a0,a0,-1868 # 80004d84 <__FUNCTION__.0+0x170>
800034d8:	f51fe0ef          	jal	ra,80002428 <rt_assert_handler>

    /* disable interrupt */
    level = rt_hw_interrupt_disable();
800034dc:	d19fc0ef          	jal	ra,800001f4 <rt_hw_interrupt_disable>
800034e0:	00050493          	mv	s1,a0

    /* it's current thread, it should be RUNNING thread */
    if (thread == rt_current_thread)
800034e4:	7e4000ef          	jal	ra,80003cc8 <rt_thread_self>
800034e8:	03c44783          	lbu	a5,60(s0)
800034ec:	02a41463          	bne	s0,a0,80003514 <rt_sched_insert_thread+0x68>
    {
        RT_SCHED_CTX(thread).stat = RT_THREAD_RUNNING | (RT_SCHED_CTX(thread).stat & ~RT_THREAD_STAT_MASK);
800034f0:	ff87f793          	andi	a5,a5,-8
800034f4:	0037e793          	ori	a5,a5,3
800034f8:	02f40e23          	sb	a5,60(s0)
    rt_thread_ready_priority_group |= RT_SCHED_PRIV(thread).number_mask;

__exit:
    /* enable interrupt */
    rt_hw_interrupt_enable(level);
}
800034fc:	00812403          	lw	s0,8(sp)
80003500:	00c12083          	lw	ra,12(sp)
    rt_hw_interrupt_enable(level);
80003504:	00048513          	mv	a0,s1
}
80003508:	00412483          	lw	s1,4(sp)
8000350c:	01010113          	addi	sp,sp,16
    rt_hw_interrupt_enable(level);
80003510:	cedfc06f          	j	800001fc <rt_hw_interrupt_enable>
        rt_list_insert_before(&(rt_thread_priority_table[RT_SCHED_PRIV(thread).current_priority]),
80003514:	04844703          	lbu	a4,72(s0)
    RT_SCHED_CTX(thread).stat = RT_THREAD_READY | (RT_SCHED_CTX(thread).stat & ~RT_THREAD_STAT_MASK);
80003518:	0f87f793          	andi	a5,a5,248
8000351c:	0027e793          	ori	a5,a5,2
        rt_list_insert_before(&(rt_thread_priority_table[RT_SCHED_PRIV(thread).current_priority]),
80003520:	00371693          	slli	a3,a4,0x3
    RT_SCHED_CTX(thread).stat = RT_THREAD_READY | (RT_SCHED_CTX(thread).stat & ~RT_THREAD_STAT_MASK);
80003524:	02f40e23          	sb	a5,60(s0)
        rt_list_insert_before(&(rt_thread_priority_table[RT_SCHED_PRIV(thread).current_priority]),
80003528:	cf818713          	addi	a4,gp,-776 # 801004f8 <rt_thread_priority_table>
    if((RT_SCHED_CTX(thread).stat & RT_THREAD_STAT_YIELD_MASK) != 0)
8000352c:	0087f793          	andi	a5,a5,8
        rt_list_insert_before(&(rt_thread_priority_table[RT_SCHED_PRIV(thread).current_priority]),
80003530:	00d70733          	add	a4,a4,a3
80003534:	03440693          	addi	a3,s0,52
    if((RT_SCHED_CTX(thread).stat & RT_THREAD_STAT_YIELD_MASK) != 0)
80003538:	02078863          	beqz	a5,80003568 <rt_sched_insert_thread+0xbc>
    l->prev->next = n;
8000353c:	00472783          	lw	a5,4(a4)
80003540:	00d7a023          	sw	a3,0(a5)
    n->prev = l->prev;
80003544:	02f42c23          	sw	a5,56(s0)
    l->prev = n;
80003548:	00d72223          	sw	a3,4(a4)
    n->next = l;
8000354c:	02e42a23          	sw	a4,52(s0)
    rt_thread_ready_priority_group |= RT_SCHED_PRIV(thread).number_mask;
80003550:	df818713          	addi	a4,gp,-520 # 801005f8 <rt_thread_ready_priority_group>
80003554:	00072683          	lw	a3,0(a4)
80003558:	04c42783          	lw	a5,76(s0)
8000355c:	00d7e7b3          	or	a5,a5,a3
80003560:	00f72023          	sw	a5,0(a4)
80003564:	f99ff06f          	j	800034fc <rt_sched_insert_thread+0x50>
    l->next->prev = n;
80003568:	00072783          	lw	a5,0(a4)
8000356c:	00d7a223          	sw	a3,4(a5)
    n->next = l->next;
80003570:	02f42a23          	sw	a5,52(s0)
    l->next = n;
80003574:	00d72023          	sw	a3,0(a4)
    n->prev = l;
80003578:	02e42c23          	sw	a4,56(s0)
}
8000357c:	fd5ff06f          	j	80003550 <rt_sched_insert_thread+0xa4>

80003580 <rt_sched_remove_thread>:
 * @param thread is the thread to be removed.
 *
 * @note  Please do not invoke this function in user application.
 */
void rt_sched_remove_thread(struct rt_thread *thread)
{
80003580:	ff010113          	addi	sp,sp,-16
80003584:	00812423          	sw	s0,8(sp)
80003588:	00112623          	sw	ra,12(sp)
8000358c:	00050413          	mv	s0,a0
    rt_base_t level;

    RT_ASSERT(thread != RT_NULL);
80003590:	00051e63          	bnez	a0,800035ac <rt_sched_remove_thread+0x2c>
80003594:	22300613          	li	a2,547
80003598:	00002597          	auipc	a1,0x2
8000359c:	1a058593          	addi	a1,a1,416 # 80005738 <__FUNCTION__.0>
800035a0:	00001517          	auipc	a0,0x1
800035a4:	7e450513          	addi	a0,a0,2020 # 80004d84 <__FUNCTION__.0+0x170>
800035a8:	e81fe0ef          	jal	ra,80002428 <rt_assert_handler>

    /* disable interrupt */
    level = rt_hw_interrupt_disable();
800035ac:	c49fc0ef          	jal	ra,800001f4 <rt_hw_interrupt_disable>
    n->next->prev = n->prev;
800035b0:	03842703          	lw	a4,56(s0)
800035b4:	03442683          	lw	a3,52(s0)
    LOG_D("remove thread[%.*s], the priority: %d",
          RT_NAME_MAX, thread->parent.name,
          RT_SCHED_PRIV(rt_current_thread).current_priority);

    /* remove thread from ready list */
    rt_list_remove(&RT_THREAD_LIST_NODE(thread));
800035b8:	03440793          	addi	a5,s0,52
800035bc:	00e6a223          	sw	a4,4(a3)
    n->prev->next = n->next;
800035c0:	00d72023          	sw	a3,0(a4)
    n->next = n->prev = n;
800035c4:	02f42c23          	sw	a5,56(s0)
800035c8:	02f42a23          	sw	a5,52(s0)
    if (rt_list_isempty(&(rt_thread_priority_table[RT_SCHED_PRIV(thread).current_priority])))
800035cc:	04844783          	lbu	a5,72(s0)
800035d0:	00379713          	slli	a4,a5,0x3
800035d4:	cf818793          	addi	a5,gp,-776 # 801004f8 <rt_thread_priority_table>
800035d8:	00e787b3          	add	a5,a5,a4
800035dc:	0007a703          	lw	a4,0(a5)
800035e0:	00f71e63          	bne	a4,a5,800035fc <rt_sched_remove_thread+0x7c>
        if (rt_thread_ready_table[RT_SCHED_PRIV(thread).number] == 0)
        {
            rt_thread_ready_priority_group &= ~RT_SCHED_PRIV(thread).number_mask;
        }
#else
        rt_thread_ready_priority_group &= ~RT_SCHED_PRIV(thread).number_mask;
800035e4:	df818713          	addi	a4,gp,-520 # 801005f8 <rt_thread_ready_priority_group>
800035e8:	04c42783          	lw	a5,76(s0)
800035ec:	00072683          	lw	a3,0(a4)
800035f0:	fff7c793          	not	a5,a5
800035f4:	00d7f7b3          	and	a5,a5,a3
800035f8:	00f72023          	sw	a5,0(a4)
#endif /* RT_THREAD_PRIORITY_MAX > 32 */
    }

    /* enable interrupt */
    rt_hw_interrupt_enable(level);
}
800035fc:	00812403          	lw	s0,8(sp)
80003600:	00c12083          	lw	ra,12(sp)
80003604:	01010113          	addi	sp,sp,16
    rt_hw_interrupt_enable(level);
80003608:	bf5fc06f          	j	800001fc <rt_hw_interrupt_enable>

8000360c <rt_system_scheduler_start>:
{
8000360c:	ff010113          	addi	sp,sp,-16
    highest_ready_priority = __rt_ffs(rt_thread_ready_priority_group) - 1;
80003610:	df81a503          	lw	a0,-520(gp) # 801005f8 <rt_thread_ready_priority_group>
{
80003614:	00112623          	sw	ra,12(sp)
80003618:	00812423          	sw	s0,8(sp)
8000361c:	00912223          	sw	s1,4(sp)
    highest_ready_priority = __rt_ffs(rt_thread_ready_priority_group) - 1;
80003620:	d85fe0ef          	jal	ra,800023a4 <__rt_ffs>
    highest_priority_thread = RT_THREAD_LIST_NODE_ENTRY(rt_thread_priority_table[highest_ready_priority].next);
80003624:	fff50513          	addi	a0,a0,-1
80003628:	cf818793          	addi	a5,gp,-776 # 801004f8 <rt_thread_priority_table>
8000362c:	00351513          	slli	a0,a0,0x3
80003630:	00a78533          	add	a0,a5,a0
80003634:	00052403          	lw	s0,0(a0)
    rt_cpu_self()->current_thread = to_thread;
80003638:	d45fd0ef          	jal	ra,8000137c <rt_cpu_self>
    CLR_CRITICAL_SWITCH_FLAG();
8000363c:	ce0184a3          	sb	zero,-791(gp) # 801004e9 <rt_scheduler_critical_switch_flag>
    highest_priority_thread = RT_THREAD_LIST_NODE_ENTRY(rt_thread_priority_table[highest_ready_priority].next);
80003640:	fcc40493          	addi	s1,s0,-52
    rt_cpu_self()->current_thread = to_thread;
80003644:	00952023          	sw	s1,0(a0)
    rt_sched_remove_thread(to_thread);
80003648:	00048513          	mv	a0,s1
8000364c:	f35ff0ef          	jal	ra,80003580 <rt_sched_remove_thread>
    RT_SCHED_CTX(to_thread).stat = RT_THREAD_RUNNING;
80003650:	00300793          	li	a5,3
80003654:	00f40423          	sb	a5,8(s0)
    rt_hw_context_switch_to((rt_uintptr_t)&to_thread->sp);
80003658:	fe840513          	addi	a0,s0,-24
}
8000365c:	00812403          	lw	s0,8(sp)
80003660:	00c12083          	lw	ra,12(sp)
80003664:	00412483          	lw	s1,4(sp)
80003668:	01010113          	addi	sp,sp,16
    rt_hw_context_switch_to((rt_uintptr_t)&to_thread->sp);
8000366c:	b99fc06f          	j	80000204 <rt_hw_context_switch_to>

80003670 <rt_schedule>:
{
80003670:	fd010113          	addi	sp,sp,-48
80003674:	02112623          	sw	ra,44(sp)
80003678:	01312e23          	sw	s3,28(sp)
8000367c:	01412c23          	sw	s4,24(sp)
80003680:	02812423          	sw	s0,40(sp)
80003684:	02912223          	sw	s1,36(sp)
80003688:	03212023          	sw	s2,32(sp)
8000368c:	01512a23          	sw	s5,20(sp)
    level = rt_hw_interrupt_disable();
80003690:	b65fc0ef          	jal	ra,800001f4 <rt_hw_interrupt_disable>
80003694:	00050993          	mv	s3,a0
    curr_thread = rt_thread_self();
80003698:	630000ef          	jal	ra,80003cc8 <rt_thread_self>
    if (rt_scheduler_lock_nest == 0)
8000369c:	cf01aa03          	lw	s4,-784(gp) # 801004f0 <rt_scheduler_lock_nest>
800036a0:	140a1263          	bnez	s4,800037e4 <rt_schedule+0x174>
800036a4:	00050413          	mv	s0,a0
        if (rt_thread_ready_priority_group != 0)
800036a8:	df81a503          	lw	a0,-520(gp) # 801005f8 <rt_thread_ready_priority_group>
800036ac:	0e050063          	beqz	a0,8000378c <rt_schedule+0x11c>
    highest_ready_priority = __rt_ffs(rt_thread_ready_priority_group) - 1;
800036b0:	cf5fe0ef          	jal	ra,800023a4 <__rt_ffs>
800036b4:	fff50793          	addi	a5,a0,-1
    highest_priority_thread = RT_THREAD_LIST_NODE_ENTRY(rt_thread_priority_table[highest_ready_priority].next);
800036b8:	00379693          	slli	a3,a5,0x3
800036bc:	cf818713          	addi	a4,gp,-776 # 801004f8 <rt_thread_priority_table>
800036c0:	00d70733          	add	a4,a4,a3
800036c4:	00072483          	lw	s1,0(a4)
            if ((RT_SCHED_CTX(curr_thread).stat & RT_THREAD_STAT_MASK) == RT_THREAD_RUNNING)
800036c8:	03c44703          	lbu	a4,60(s0)
800036cc:	00300693          	li	a3,3
    highest_priority_thread = RT_THREAD_LIST_NODE_ENTRY(rt_thread_priority_table[highest_ready_priority].next);
800036d0:	fcc48913          	addi	s2,s1,-52
            if ((RT_SCHED_CTX(curr_thread).stat & RT_THREAD_STAT_MASK) == RT_THREAD_RUNNING)
800036d4:	00777613          	andi	a2,a4,7
800036d8:	00d61e63          	bne	a2,a3,800036f4 <rt_schedule+0x84>
                if (RT_SCHED_PRIV(curr_thread).current_priority < highest_ready_priority)
800036dc:	04844683          	lbu	a3,72(s0)
800036e0:	0ef6e463          	bltu	a3,a5,800037c8 <rt_schedule+0x158>
                    need_insert_from_thread = 1;
800036e4:	00100a13          	li	s4,1
                else if (RT_SCHED_PRIV(curr_thread).current_priority == highest_ready_priority
800036e8:	00f69663          	bne	a3,a5,800036f4 <rt_schedule+0x84>
                         && (RT_SCHED_CTX(curr_thread).stat & RT_THREAD_STAT_YIELD_MASK) == 0)
800036ec:	00877713          	andi	a4,a4,8
800036f0:	0c070c63          	beqz	a4,800037c8 <rt_schedule+0x158>
            if (to_thread != curr_thread)
800036f4:	0d240a63          	beq	s0,s2,800037c8 <rt_schedule+0x158>
                rt_current_priority = (rt_uint8_t)highest_ready_priority;
800036f8:	cef18423          	sb	a5,-792(gp) # 801004e8 <rt_current_priority>
                rt_cpu_self()->current_thread = to_thread;
800036fc:	c81fd0ef          	jal	ra,8000137c <rt_cpu_self>
80003700:	01252023          	sw	s2,0(a0)
                RT_OBJECT_HOOK_CALL(rt_scheduler_hook, (from_thread, to_thread));
80003704:	cec1a783          	lw	a5,-788(gp) # 801004ec <rt_scheduler_hook>
80003708:	00078863          	beqz	a5,80003718 <rt_schedule+0xa8>
8000370c:	00090593          	mv	a1,s2
80003710:	00040513          	mv	a0,s0
80003714:	000780e7          	jalr	a5
                if (need_insert_from_thread)
80003718:	000a0663          	beqz	s4,80003724 <rt_schedule+0xb4>
                    rt_sched_insert_thread(from_thread);
8000371c:	00040513          	mv	a0,s0
80003720:	d8dff0ef          	jal	ra,800034ac <rt_sched_insert_thread>
                if ((RT_SCHED_CTX(from_thread).stat & RT_THREAD_STAT_YIELD_MASK) != 0)
80003724:	03c44783          	lbu	a5,60(s0)
80003728:	0087f713          	andi	a4,a5,8
8000372c:	00070663          	beqz	a4,80003738 <rt_schedule+0xc8>
                    RT_SCHED_CTX(from_thread).stat &= ~RT_THREAD_STAT_YIELD_MASK;
80003730:	ff77f793          	andi	a5,a5,-9
80003734:	02f40e23          	sb	a5,60(s0)
                rt_sched_remove_thread(to_thread);
80003738:	00090513          	mv	a0,s2
8000373c:	e45ff0ef          	jal	ra,80003580 <rt_sched_remove_thread>
                RT_SCHED_CTX(to_thread).stat = RT_THREAD_RUNNING | (RT_SCHED_CTX(to_thread).stat & ~RT_THREAD_STAT_MASK);
80003740:	0084c783          	lbu	a5,8(s1)
                    rt_hw_context_switch((rt_uintptr_t)&from_thread->sp,
80003744:	01c40a93          	addi	s5,s0,28
                RT_SCHED_CTX(to_thread).stat = RT_THREAD_RUNNING | (RT_SCHED_CTX(to_thread).stat & ~RT_THREAD_STAT_MASK);
80003748:	ff87f793          	andi	a5,a5,-8
8000374c:	0037e793          	ori	a5,a5,3
80003750:	00f48423          	sb	a5,8(s1)
                interrupt_nest = rt_interrupt_get_nest();
80003754:	9ddfe0ef          	jal	ra,80002130 <rt_interrupt_get_nest>
80003758:	00050a13          	mv	s4,a0
                RT_SCHEDULER_STACK_CHECK(to_thread);
8000375c:	00090513          	mv	a0,s2
80003760:	b65ff0ef          	jal	ra,800032c4 <rt_scheduler_stack_check>
                            (rt_uintptr_t)&to_thread->sp);
80003764:	fe848593          	addi	a1,s1,-24
                if (interrupt_nest == 0)
80003768:	040a1663          	bnez	s4,800037b4 <rt_schedule+0x144>
                    RT_OBJECT_HOOK_CALL(rt_scheduler_switch_hook, (from_thread));
8000376c:	cf41a783          	lw	a5,-780(gp) # 801004f4 <rt_scheduler_switch_hook>
80003770:	00078a63          	beqz	a5,80003784 <rt_schedule+0x114>
80003774:	00040513          	mv	a0,s0
80003778:	00b12623          	sw	a1,12(sp)
8000377c:	000780e7          	jalr	a5
80003780:	00c12583          	lw	a1,12(sp)
                    rt_hw_context_switch((rt_uintptr_t)&from_thread->sp,
80003784:	000a8513          	mv	a0,s5
80003788:	a99fc0ef          	jal	ra,80000220 <rt_hw_context_switch>
}
8000378c:	02812403          	lw	s0,40(sp)
80003790:	02c12083          	lw	ra,44(sp)
80003794:	02412483          	lw	s1,36(sp)
80003798:	02012903          	lw	s2,32(sp)
8000379c:	01812a03          	lw	s4,24(sp)
800037a0:	01412a83          	lw	s5,20(sp)
    rt_hw_interrupt_enable(level);
800037a4:	00098513          	mv	a0,s3
}
800037a8:	01c12983          	lw	s3,28(sp)
800037ac:	03010113          	addi	sp,sp,48
    rt_hw_interrupt_enable(level);
800037b0:	a4dfc06f          	j	800001fc <rt_hw_interrupt_enable>
                    rt_hw_context_switch_interrupt((rt_uintptr_t)&from_thread->sp,
800037b4:	00090693          	mv	a3,s2
800037b8:	00040613          	mv	a2,s0
800037bc:	000a8513          	mv	a0,s5
800037c0:	be5fc0ef          	jal	ra,800003a4 <rt_hw_context_switch_interrupt>
800037c4:	fc9ff06f          	j	8000378c <rt_schedule+0x11c>
                rt_sched_remove_thread(curr_thread);
800037c8:	00040513          	mv	a0,s0
800037cc:	db5ff0ef          	jal	ra,80003580 <rt_sched_remove_thread>
                RT_SCHED_CTX(curr_thread).stat = RT_THREAD_RUNNING | (RT_SCHED_CTX(curr_thread).stat & ~RT_THREAD_STAT_MASK);
800037d0:	03c44783          	lbu	a5,60(s0)
800037d4:	ff87f793          	andi	a5,a5,-8
800037d8:	0037e793          	ori	a5,a5,3
800037dc:	02f40e23          	sb	a5,60(s0)
800037e0:	fadff06f          	j	8000378c <rt_schedule+0x11c>
        SET_CRITICAL_SWITCH_FLAG();
800037e4:	00100793          	li	a5,1
800037e8:	cef184a3          	sb	a5,-791(gp) # 801004e9 <rt_scheduler_critical_switch_flag>
800037ec:	fa1ff06f          	j	8000378c <rt_schedule+0x11c>

800037f0 <rt_sched_unlock_n_resched>:
{
800037f0:	ff010113          	addi	sp,sp,-16
800037f4:	00812423          	sw	s0,8(sp)
800037f8:	00112623          	sw	ra,12(sp)
800037fc:	00050413          	mv	s0,a0
    if (rt_thread_self())
80003800:	4c8000ef          	jal	ra,80003cc8 <rt_thread_self>
80003804:	00050463          	beqz	a0,8000380c <rt_sched_unlock_n_resched+0x1c>
        rt_schedule();
80003808:	e69ff0ef          	jal	ra,80003670 <rt_schedule>
    rt_hw_interrupt_enable(level);
8000380c:	00040513          	mv	a0,s0
80003810:	9edfc0ef          	jal	ra,800001fc <rt_hw_interrupt_enable>
}
80003814:	00c12083          	lw	ra,12(sp)
80003818:	00812403          	lw	s0,8(sp)
8000381c:	00000513          	li	a0,0
80003820:	01010113          	addi	sp,sp,16
80003824:	00008067          	ret

80003828 <rt_enter_critical>:
 * @note The nesting count can go up to RT_UINT16_MAX.
 *       Must be paired with rt_exit_critical().
 *       Interrupts are only disabled during the lock operation.
 */
rt_base_t rt_enter_critical(void)
{
80003828:	ff010113          	addi	sp,sp,-16
8000382c:	00112623          	sw	ra,12(sp)
80003830:	00812423          	sw	s0,8(sp)
    level = rt_hw_interrupt_disable();
80003834:	9c1fc0ef          	jal	ra,800001f4 <rt_hw_interrupt_disable>
    temp = *ptr;
80003838:	cf018793          	addi	a5,gp,-784 # 801004f0 <rt_scheduler_lock_nest>
8000383c:	0007a403          	lw	s0,0(a5)
    *ptr += val;
80003840:	0007a703          	lw	a4,0(a5)
80003844:	00170713          	addi	a4,a4,1
80003848:	00e7a023          	sw	a4,0(a5)
    rt_hw_interrupt_enable(level);
8000384c:	9b1fc0ef          	jal	ra,800001fc <rt_hw_interrupt_enable>
    rt_base_t critical_level;

    critical_level = rt_atomic_add(&rt_scheduler_lock_nest, 1) + 1;
    return critical_level;
}
80003850:	00c12083          	lw	ra,12(sp)
80003854:	00140513          	addi	a0,s0,1
80003858:	00812403          	lw	s0,8(sp)
8000385c:	01010113          	addi	sp,sp,16
80003860:	00008067          	ret

80003864 <rt_exit_critical>:
 * @note Must be paired with rt_enter_critical().
 *       Interrupts are only disabled during the lock operation.
 *       Scheduling only occurs when fully unlocked (nest=0)
 */
void rt_exit_critical(void)
{
80003864:	ff010113          	addi	sp,sp,-16
80003868:	00112623          	sw	ra,12(sp)
    rt_base_t level;

    /* disable interrupt */
    level = rt_hw_interrupt_disable();
8000386c:	989fc0ef          	jal	ra,800001f4 <rt_hw_interrupt_disable>

    rt_scheduler_lock_nest --;
80003870:	cf018713          	addi	a4,gp,-784 # 801004f0 <rt_scheduler_lock_nest>
80003874:	00072783          	lw	a5,0(a4)
80003878:	fff78793          	addi	a5,a5,-1
8000387c:	00f72023          	sw	a5,0(a4)
    if (rt_scheduler_lock_nest <= 0)
80003880:	02f04463          	bgtz	a5,800038a8 <rt_exit_critical+0x44>
    {
        rt_scheduler_lock_nest = 0;
80003884:	ce01a823          	sw	zero,-784(gp) # 801004f0 <rt_scheduler_lock_nest>
        /* enable interrupt */
        rt_hw_interrupt_enable(level);
80003888:	975fc0ef          	jal	ra,800001fc <rt_hw_interrupt_enable>

        if (IS_CRITICAL_SWITCH_PEND())
8000388c:	ce918703          	lb	a4,-791(gp) # 801004e9 <rt_scheduler_critical_switch_flag>
80003890:	00100793          	li	a5,1
80003894:	02f71063          	bne	a4,a5,800038b4 <rt_exit_critical+0x50>
    else
    {
        /* enable interrupt */
        rt_hw_interrupt_enable(level);
    }
}
80003898:	00c12083          	lw	ra,12(sp)
            CLR_CRITICAL_SWITCH_FLAG();
8000389c:	ce0184a3          	sb	zero,-791(gp) # 801004e9 <rt_scheduler_critical_switch_flag>
}
800038a0:	01010113          	addi	sp,sp,16
            rt_schedule();
800038a4:	dcdff06f          	j	80003670 <rt_schedule>
}
800038a8:	00c12083          	lw	ra,12(sp)
800038ac:	01010113          	addi	sp,sp,16
        rt_hw_interrupt_enable(level);
800038b0:	94dfc06f          	j	800001fc <rt_hw_interrupt_enable>
}
800038b4:	00c12083          	lw	ra,12(sp)
800038b8:	01010113          	addi	sp,sp,16
800038bc:	00008067          	ret

800038c0 <rt_exit_critical_safe>:
    rt_exit_critical();
800038c0:	fa5ff06f          	j	80003864 <rt_exit_critical>

800038c4 <rt_critical_level>:
 * @brief Get the scheduler lock level.
 *
 * @return the level of the scheduler lock. 0 means unlocked.
 */
rt_uint16_t rt_critical_level(void)
{
800038c4:	ff010113          	addi	sp,sp,-16
800038c8:	00112623          	sw	ra,12(sp)
800038cc:	00812423          	sw	s0,8(sp)
    level = rt_hw_interrupt_disable();
800038d0:	925fc0ef          	jal	ra,800001f4 <rt_hw_interrupt_disable>
    temp = *ptr;
800038d4:	cf01a403          	lw	s0,-784(gp) # 801004f0 <rt_scheduler_lock_nest>
    rt_hw_interrupt_enable(level);
800038d8:	925fc0ef          	jal	ra,800001fc <rt_hw_interrupt_enable>
    return (rt_uint16_t)rt_atomic_load(&rt_scheduler_lock_nest);
}
800038dc:	00c12083          	lw	ra,12(sp)
800038e0:	01041513          	slli	a0,s0,0x10
800038e4:	00812403          	lw	s0,8(sp)
800038e8:	01055513          	srli	a0,a0,0x10
800038ec:	01010113          	addi	sp,sp,16
800038f0:	00008067          	ret

800038f4 <_thread_timeout>:
 *          when thread is timeout to wait some resource.
 *
 * @param   parameter is the parameter of thread timeout function
 */
static void _thread_timeout(void *parameter)
{
800038f4:	fe010113          	addi	sp,sp,-32
800038f8:	00812c23          	sw	s0,24(sp)
800038fc:	00112e23          	sw	ra,28(sp)
80003900:	00050413          	mv	s0,a0
    rt_sched_lock_level_t slvl;

    thread = (struct rt_thread *)parameter;

    /* parameter check */
    RT_ASSERT(thread != RT_NULL);
80003904:	00051e63          	bnez	a0,80003920 <_thread_timeout+0x2c>
80003908:	09a00613          	li	a2,154
8000390c:	00002597          	auipc	a1,0x2
80003910:	04458593          	addi	a1,a1,68 # 80005950 <__FUNCTION__.11>
80003914:	00001517          	auipc	a0,0x1
80003918:	47050513          	addi	a0,a0,1136 # 80004d84 <__FUNCTION__.0+0x170>
8000391c:	b0dfe0ef          	jal	ra,80002428 <rt_assert_handler>
    RT_ASSERT(rt_object_get_type((rt_object_t)thread) == RT_Object_Class_Thread);
80003920:	00040513          	mv	a0,s0
80003924:	f28ff0ef          	jal	ra,8000304c <rt_object_get_type>
80003928:	00100793          	li	a5,1
8000392c:	00f50e63          	beq	a0,a5,80003948 <_thread_timeout+0x54>
80003930:	09b00613          	li	a2,155
80003934:	00002597          	auipc	a1,0x2
80003938:	01c58593          	addi	a1,a1,28 # 80005950 <__FUNCTION__.11>
8000393c:	00002517          	auipc	a0,0x2
80003940:	e4850513          	addi	a0,a0,-440 # 80005784 <__FUNCTION__.2+0x1c>
80003944:	ae5fe0ef          	jal	ra,80002428 <rt_assert_handler>

    rt_sched_lock(&slvl);
80003948:	00c10513          	addi	a0,sp,12
8000394c:	a55ff0ef          	jal	ra,800033a0 <rt_sched_lock>

    /**
     * resume of the thread and stop of the thread timer should be an atomic
     * operation. So we don't expected that thread had resumed.
     */
    RT_ASSERT(rt_sched_thread_is_suspended(thread));
80003950:	00040513          	mv	a0,s0
80003954:	fbcff0ef          	jal	ra,80003110 <rt_sched_thread_is_suspended>
80003958:	00051e63          	bnez	a0,80003974 <_thread_timeout+0x80>
8000395c:	0a300613          	li	a2,163
80003960:	00002597          	auipc	a1,0x2
80003964:	ff058593          	addi	a1,a1,-16 # 80005950 <__FUNCTION__.11>
80003968:	00002517          	auipc	a0,0x2
8000396c:	e6050513          	addi	a0,a0,-416 # 800057c8 <__FUNCTION__.2+0x60>
80003970:	ab9fe0ef          	jal	ra,80002428 <rt_assert_handler>
    n->next->prev = n->prev;
80003974:	03442683          	lw	a3,52(s0)
80003978:	03842703          	lw	a4,56(s0)

    /* set error number */
    thread->error = -RT_ETIMEOUT;
8000397c:	ffe00793          	li	a5,-2
80003980:	02f42823          	sw	a5,48(s0)
80003984:	00e6a223          	sw	a4,4(a3)

    /* remove from suspend list */
    rt_list_remove(&RT_THREAD_LIST_NODE(thread));
80003988:	03440793          	addi	a5,s0,52
    n->prev->next = n->next;
8000398c:	00d72023          	sw	a3,0(a4)
    n->next = n->prev = n;
80003990:	02f42c23          	sw	a5,56(s0)
80003994:	02f42a23          	sw	a5,52(s0)
    /* insert to schedule ready list */
    rt_sched_insert_thread(thread);
80003998:	00040513          	mv	a0,s0
8000399c:	b11ff0ef          	jal	ra,800034ac <rt_sched_insert_thread>
    /* do schedule and release the scheduler lock */
    rt_sched_unlock_n_resched(slvl);
800039a0:	00c12503          	lw	a0,12(sp)
800039a4:	e4dff0ef          	jal	ra,800037f0 <rt_sched_unlock_n_resched>
}
800039a8:	01c12083          	lw	ra,28(sp)
800039ac:	01812403          	lw	s0,24(sp)
800039b0:	02010113          	addi	sp,sp,32
800039b4:	00008067          	ret

800039b8 <_thread_detach_from_mutex>:
{
800039b8:	fe010113          	addi	sp,sp,-32
800039bc:	01312623          	sw	s3,12(sp)
    level = rt_spin_lock_irqsave(&thread->spinlock);
800039c0:	09c50993          	addi	s3,a0,156
{
800039c4:	00812c23          	sw	s0,24(sp)
800039c8:	00050413          	mv	s0,a0
    level = rt_spin_lock_irqsave(&thread->spinlock);
800039cc:	00098513          	mv	a0,s3
{
800039d0:	00912a23          	sw	s1,20(sp)
800039d4:	00112e23          	sw	ra,28(sp)
800039d8:	01212823          	sw	s2,16(sp)
800039dc:	01412423          	sw	s4,8(sp)
    level = rt_spin_lock_irqsave(&thread->spinlock);
800039e0:	945fd0ef          	jal	ra,80001324 <rt_spin_lock_irqsave>
800039e4:	00050493          	mv	s1,a0
    if ((thread->pending_object) &&
800039e8:	09042503          	lw	a0,144(s0)
800039ec:	02050063          	beqz	a0,80003a0c <_thread_detach_from_mutex+0x54>
        (rt_object_get_type(thread->pending_object) == RT_Object_Class_Mutex))
800039f0:	e5cff0ef          	jal	ra,8000304c <rt_object_get_type>
    if ((thread->pending_object) &&
800039f4:	00300793          	li	a5,3
800039f8:	00f51a63          	bne	a0,a5,80003a0c <_thread_detach_from_mutex+0x54>
        rt_mutex_drop_thread(mutex, thread);
800039fc:	09042503          	lw	a0,144(s0)
80003a00:	00040593          	mv	a1,s0
80003a04:	a60fe0ef          	jal	ra,80001c64 <rt_mutex_drop_thread>
        thread->pending_object = RT_NULL;
80003a08:	08042823          	sw	zero,144(s0)
    rt_list_for_each_safe(node, tmp_list, &(thread->taken_object_list))
80003a0c:	08842503          	lw	a0,136(s0)
        mutex->hold = 1;
80003a10:	00100a13          	li	s4,1
    rt_list_for_each_safe(node, tmp_list, &(thread->taken_object_list))
80003a14:	08840413          	addi	s0,s0,136
80003a18:	00052903          	lw	s2,0(a0)
80003a1c:	02851663          	bne	a0,s0,80003a48 <_thread_detach_from_mutex+0x90>
}
80003a20:	01812403          	lw	s0,24(sp)
80003a24:	01c12083          	lw	ra,28(sp)
80003a28:	01012903          	lw	s2,16(sp)
80003a2c:	00812a03          	lw	s4,8(sp)
    rt_spin_unlock_irqrestore(&thread->spinlock, level);
80003a30:	00048593          	mv	a1,s1
80003a34:	00098513          	mv	a0,s3
}
80003a38:	01412483          	lw	s1,20(sp)
80003a3c:	00c12983          	lw	s3,12(sp)
80003a40:	02010113          	addi	sp,sp,32
    rt_spin_unlock_irqrestore(&thread->spinlock, level);
80003a44:	90dfd06f          	j	80001350 <rt_spin_unlock_irqrestore>
        mutex->hold = 1;
80003a48:	ff450d23          	sb	s4,-6(a0)
        rt_mutex_release(mutex);
80003a4c:	fd450513          	addi	a0,a0,-44
80003a50:	bb4fe0ef          	jal	ra,80001e04 <rt_mutex_release>
    rt_list_for_each_safe(node, tmp_list, &(thread->taken_object_list))
80003a54:	00090513          	mv	a0,s2
80003a58:	00092903          	lw	s2,0(s2)
80003a5c:	fc1ff06f          	j	80003a1c <_thread_detach_from_mutex+0x64>

80003a60 <_thread_init.constprop.0>:

static rt_err_t _thread_init(struct rt_thread *thread,
80003a60:	fe010113          	addi	sp,sp,-32
80003a64:	01312623          	sw	s3,12(sp)
80003a68:	01412423          	sw	s4,8(sp)
80003a6c:	00060993          	mv	s3,a2
80003a70:	00058a13          	mv	s4,a1
                             rt_uint8_t        priority,
                             rt_uint32_t       tick)
{
    RT_UNUSED(name);

    rt_sched_thread_init_ctx(thread, tick, priority);
80003a74:	00078613          	mv	a2,a5
static rt_err_t _thread_init(struct rt_thread *thread,
80003a78:	00080593          	mv	a1,a6
80003a7c:	00112e23          	sw	ra,28(sp)
80003a80:	00812c23          	sw	s0,24(sp)
80003a84:	00912a23          	sw	s1,20(sp)
80003a88:	00050413          	mv	s0,a0
80003a8c:	01212823          	sw	s2,16(sp)
80003a90:	00068493          	mv	s1,a3
80003a94:	00070913          	mv	s2,a4
    rt_sched_thread_init_ctx(thread, tick, priority);
80003a98:	df8ff0ef          	jal	ra,80003090 <rt_sched_thread_init_ctx>
    /* stack init */
    thread->stack_addr = stack_start;
    thread->stack_size = stack_size;

    /* init thread stack */
    rt_memset(thread->stack_addr, '#', thread->stack_size);
80003a9c:	00090613          	mv	a2,s2
    thread->entry = (void *)entry;
80003aa0:	03442023          	sw	s4,32(s0)
    thread->parameter = parameter;
80003aa4:	03342223          	sw	s3,36(s0)
    thread->stack_addr = stack_start;
80003aa8:	02942423          	sw	s1,40(s0)
    thread->stack_size = stack_size;
80003aac:	03242623          	sw	s2,44(s0)
    rt_memset(thread->stack_addr, '#', thread->stack_size);
80003ab0:	02300593          	li	a1,35
80003ab4:	00048513          	mv	a0,s1
80003ab8:	a15fc0ef          	jal	ra,800004cc <rt_memset>
    thread->sp = (void *)rt_hw_stack_init(thread->entry, thread->parameter,
                                          (void *)((char *)thread->stack_addr),
                                          (void *)_thread_exit);
#else
    thread->sp = (void *)rt_hw_stack_init(thread->entry, thread->parameter,
                                          (rt_uint8_t *)((char *)thread->stack_addr + thread->stack_size - sizeof(rt_ubase_t)),
80003abc:	02c42783          	lw	a5,44(s0)
    thread->sp = (void *)rt_hw_stack_init(thread->entry, thread->parameter,
80003ac0:	02842603          	lw	a2,40(s0)
80003ac4:	02442583          	lw	a1,36(s0)
80003ac8:	02042503          	lw	a0,32(s0)
                                          (rt_uint8_t *)((char *)thread->stack_addr + thread->stack_size - sizeof(rt_ubase_t)),
80003acc:	ffc78793          	addi	a5,a5,-4
    thread->sp = (void *)rt_hw_stack_init(thread->entry, thread->parameter,
80003ad0:	00f60633          	add	a2,a2,a5
80003ad4:	00000697          	auipc	a3,0x0
80003ad8:	29868693          	addi	a3,a3,664 # 80003d6c <_thread_exit>
80003adc:	879fc0ef          	jal	ra,80000354 <rt_hw_stack_init>
                                          (void *)_thread_exit);
#endif /* ARCH_CPU_STACK_GROWS_UPWARD */

#ifdef RT_USING_MUTEX
    rt_list_init(&thread->taken_object_list);
80003ae0:	08840793          	addi	a5,s0,136
    thread->sp = (void *)rt_hw_stack_init(thread->entry, thread->parameter,
80003ae4:	00a42e23          	sw	a0,28(s0)
    l->next = l->prev = l;
80003ae8:	08f42623          	sw	a5,140(s0)
80003aec:	08f42423          	sw	a5,136(s0)
    /* initialize cleanup function and user data */
    thread->cleanup   = 0;
    thread->user_data = 0;

    /* initialize thread timer */
    rt_timer_init(&(thread->thread_timer),
80003af0:	00040693          	mv	a3,s0
80003af4:	00040593          	mv	a1,s0
80003af8:	05040513          	addi	a0,s0,80
    thread->pending_object = RT_NULL;
80003afc:	08042823          	sw	zero,144(s0)
    thread->event_set = 0;
80003b00:	08042a23          	sw	zero,148(s0)
    thread->event_info = 0;
80003b04:	08040c23          	sb	zero,152(s0)
    thread->error = RT_EOK;
80003b08:	02042823          	sw	zero,48(s0)
    thread->cleanup   = 0;
80003b0c:	08042223          	sw	zero,132(s0)
    thread->user_data = 0;
80003b10:	0a042223          	sw	zero,164(s0)
    rt_timer_init(&(thread->thread_timer),
80003b14:	00800793          	li	a5,8
80003b18:	00000713          	li	a4,0
80003b1c:	00000617          	auipc	a2,0x0
80003b20:	dd860613          	addi	a2,a2,-552 # 800038f4 <_thread_timeout>
80003b24:	129000ef          	jal	ra,8000444c <rt_timer_init>

#ifdef RT_USING_MODULE
    thread->parent.module_id = 0;
#endif /* RT_USING_MODULE */

    rt_spin_lock_init(&thread->spinlock);
80003b28:	09c40513          	addi	a0,s0,156
80003b2c:	fe8fd0ef          	jal	ra,80001314 <rt_spin_lock_init>

    RT_OBJECT_HOOKLIST_CALL(rt_thread_inited, (thread));

    return RT_EOK;
}
80003b30:	01c12083          	lw	ra,28(sp)
80003b34:	01812403          	lw	s0,24(sp)
80003b38:	01412483          	lw	s1,20(sp)
80003b3c:	01012903          	lw	s2,16(sp)
80003b40:	00c12983          	lw	s3,12(sp)
80003b44:	00812a03          	lw	s4,8(sp)
80003b48:	00000513          	li	a0,0
80003b4c:	02010113          	addi	sp,sp,32
80003b50:	00008067          	ret

80003b54 <_thread_set_suspend_state>:
        return RT_THREAD_SUSPEND_UNINTERRUPTIBLE;
    }
}

static void _thread_set_suspend_state(struct rt_thread *thread, int suspend_flag)
{
80003b54:	ff010113          	addi	sp,sp,-16
80003b58:	00812423          	sw	s0,8(sp)
80003b5c:	00912223          	sw	s1,4(sp)
80003b60:	00112623          	sw	ra,12(sp)
80003b64:	00050413          	mv	s0,a0
80003b68:	00058493          	mv	s1,a1
    rt_uint8_t stat;

    RT_ASSERT(thread != RT_NULL);
80003b6c:	00051e63          	bnez	a0,80003b88 <_thread_set_suspend_state+0x34>
80003b70:	39200613          	li	a2,914
80003b74:	00002597          	auipc	a1,0x2
80003b78:	dac58593          	addi	a1,a1,-596 # 80005920 <__FUNCTION__.1>
80003b7c:	00001517          	auipc	a0,0x1
80003b80:	20850513          	addi	a0,a0,520 # 80004d84 <__FUNCTION__.0+0x170>
80003b84:	8a5fe0ef          	jal	ra,80002428 <rt_assert_handler>
        return RT_THREAD_SUSPEND_INTERRUPTIBLE;
80003b88:	00400713          	li	a4,4
    switch (suspend_flag)
80003b8c:	00048a63          	beqz	s1,80003ba0 <_thread_set_suspend_state+0x4c>
80003b90:	00100793          	li	a5,1
        return RT_THREAD_SUSPEND_UNINTERRUPTIBLE;
80003b94:	00700713          	li	a4,7
    switch (suspend_flag)
80003b98:	00f49463          	bne	s1,a5,80003ba0 <_thread_set_suspend_state+0x4c>
80003b9c:	00600713          	li	a4,6
    stat = _thread_get_suspend_state(suspend_flag);
    RT_SCHED_CTX(thread).stat = stat | (RT_SCHED_CTX(thread).stat & ~RT_THREAD_STAT_MASK);
80003ba0:	03c44783          	lbu	a5,60(s0)
}
80003ba4:	00c12083          	lw	ra,12(sp)
80003ba8:	00412483          	lw	s1,4(sp)
    RT_SCHED_CTX(thread).stat = stat | (RT_SCHED_CTX(thread).stat & ~RT_THREAD_STAT_MASK);
80003bac:	ff87f793          	andi	a5,a5,-8
80003bb0:	00e7e7b3          	or	a5,a5,a4
80003bb4:	02f40e23          	sb	a5,60(s0)
}
80003bb8:	00812403          	lw	s0,8(sp)
80003bbc:	01010113          	addi	sp,sp,16
80003bc0:	00008067          	ret

80003bc4 <rt_thread_init>:
{
80003bc4:	fd010113          	addi	sp,sp,-48
80003bc8:	02812423          	sw	s0,40(sp)
80003bcc:	02912223          	sw	s1,36(sp)
80003bd0:	03212023          	sw	s2,32(sp)
80003bd4:	01312e23          	sw	s3,28(sp)
80003bd8:	01412c23          	sw	s4,24(sp)
80003bdc:	01512a23          	sw	s5,20(sp)
80003be0:	01612823          	sw	s6,16(sp)
80003be4:	01712623          	sw	s7,12(sp)
80003be8:	02112623          	sw	ra,44(sp)
80003bec:	00050413          	mv	s0,a0
80003bf0:	00058b93          	mv	s7,a1
80003bf4:	00060993          	mv	s3,a2
80003bf8:	00068a13          	mv	s4,a3
80003bfc:	00070493          	mv	s1,a4
80003c00:	00078a93          	mv	s5,a5
80003c04:	00080b13          	mv	s6,a6
80003c08:	00088913          	mv	s2,a7
    RT_ASSERT(thread != RT_NULL);
80003c0c:	00051e63          	bnez	a0,80003c28 <rt_thread_init+0x64>
80003c10:	16400613          	li	a2,356
80003c14:	00002597          	auipc	a1,0x2
80003c18:	d4c58593          	addi	a1,a1,-692 # 80005960 <__FUNCTION__.12>
80003c1c:	00001517          	auipc	a0,0x1
80003c20:	16850513          	addi	a0,a0,360 # 80004d84 <__FUNCTION__.0+0x170>
80003c24:	805fe0ef          	jal	ra,80002428 <rt_assert_handler>
    RT_ASSERT(stack_start != RT_NULL);
80003c28:	00049e63          	bnez	s1,80003c44 <rt_thread_init+0x80>
80003c2c:	16500613          	li	a2,357
80003c30:	00002597          	auipc	a1,0x2
80003c34:	d3058593          	addi	a1,a1,-720 # 80005960 <__FUNCTION__.12>
80003c38:	00002517          	auipc	a0,0x2
80003c3c:	bb850513          	addi	a0,a0,-1096 # 800057f0 <__FUNCTION__.2+0x88>
80003c40:	fe8fe0ef          	jal	ra,80002428 <rt_assert_handler>
    RT_ASSERT(tick != 0);
80003c44:	00091e63          	bnez	s2,80003c60 <rt_thread_init+0x9c>
80003c48:	16600613          	li	a2,358
80003c4c:	00002597          	auipc	a1,0x2
80003c50:	d1458593          	addi	a1,a1,-748 # 80005960 <__FUNCTION__.12>
80003c54:	00002517          	auipc	a0,0x2
80003c58:	bb450513          	addi	a0,a0,-1100 # 80005808 <__FUNCTION__.2+0xa0>
80003c5c:	fccfe0ef          	jal	ra,80002428 <rt_assert_handler>
    rt_memset(thread, 0x0, sizeof(struct rt_thread));
80003c60:	0a800613          	li	a2,168
80003c64:	00000593          	li	a1,0
80003c68:	00040513          	mv	a0,s0
80003c6c:	861fc0ef          	jal	ra,800004cc <rt_memset>
    rt_object_init((rt_object_t)thread, RT_Object_Class_Thread, name);
80003c70:	000b8613          	mv	a2,s7
80003c74:	00040513          	mv	a0,s0
80003c78:	00100593          	li	a1,1
80003c7c:	f15fe0ef          	jal	ra,80002b90 <rt_object_init>
    return _thread_init(thread,
80003c80:	00040513          	mv	a0,s0
}
80003c84:	02812403          	lw	s0,40(sp)
80003c88:	02c12083          	lw	ra,44(sp)
80003c8c:	00c12b83          	lw	s7,12(sp)
    return _thread_init(thread,
80003c90:	00090813          	mv	a6,s2
80003c94:	000b0793          	mv	a5,s6
}
80003c98:	02012903          	lw	s2,32(sp)
80003c9c:	01012b03          	lw	s6,16(sp)
    return _thread_init(thread,
80003ca0:	000a8713          	mv	a4,s5
80003ca4:	00048693          	mv	a3,s1
}
80003ca8:	01412a83          	lw	s5,20(sp)
80003cac:	02412483          	lw	s1,36(sp)
    return _thread_init(thread,
80003cb0:	000a0613          	mv	a2,s4
80003cb4:	00098593          	mv	a1,s3
}
80003cb8:	01812a03          	lw	s4,24(sp)
80003cbc:	01c12983          	lw	s3,28(sp)
80003cc0:	03010113          	addi	sp,sp,48
    return _thread_init(thread,
80003cc4:	d9dff06f          	j	80003a60 <_thread_init.constprop.0>

80003cc8 <rt_thread_self>:
{
80003cc8:	ff010113          	addi	sp,sp,-16
80003ccc:	00112623          	sw	ra,12(sp)
    return rt_cpu_self()->current_thread;
80003cd0:	eacfd0ef          	jal	ra,8000137c <rt_cpu_self>
}
80003cd4:	00c12083          	lw	ra,12(sp)
80003cd8:	00052503          	lw	a0,0(a0)
80003cdc:	01010113          	addi	sp,sp,16
80003ce0:	00008067          	ret

80003ce4 <rt_thread_close>:
{
80003ce4:	fe010113          	addi	sp,sp,-32
80003ce8:	00812c23          	sw	s0,24(sp)
80003cec:	00112e23          	sw	ra,28(sp)
80003cf0:	00050413          	mv	s0,a0
    RT_ASSERT(thread != rt_thread_self() || rt_critical_level());
80003cf4:	fd5ff0ef          	jal	ra,80003cc8 <rt_thread_self>
80003cf8:	02a41263          	bne	s0,a0,80003d1c <rt_thread_close+0x38>
80003cfc:	bc9ff0ef          	jal	ra,800038c4 <rt_critical_level>
80003d00:	00051e63          	bnez	a0,80003d1c <rt_thread_close+0x38>
80003d04:	1c200613          	li	a2,450
80003d08:	00002597          	auipc	a1,0x2
80003d0c:	ca858593          	addi	a1,a1,-856 # 800059b0 <__FUNCTION__.9>
80003d10:	00002517          	auipc	a0,0x2
80003d14:	b0450513          	addi	a0,a0,-1276 # 80005814 <__FUNCTION__.2+0xac>
80003d18:	f10fe0ef          	jal	ra,80002428 <rt_assert_handler>
    rt_sched_lock(&slvl);
80003d1c:	00c10513          	addi	a0,sp,12
80003d20:	e80ff0ef          	jal	ra,800033a0 <rt_sched_lock>
    thread_status = rt_sched_thread_get_stat(thread);
80003d24:	00040513          	mv	a0,s0
80003d28:	bccff0ef          	jal	ra,800030f4 <rt_sched_thread_get_stat>
    if (thread_status != RT_THREAD_CLOSE)
80003d2c:	00100793          	li	a5,1
80003d30:	02f50063          	beq	a0,a5,80003d50 <rt_thread_close+0x6c>
        if (thread_status != RT_THREAD_INIT)
80003d34:	00050663          	beqz	a0,80003d40 <rt_thread_close+0x5c>
            rt_sched_remove_thread(thread);
80003d38:	00040513          	mv	a0,s0
80003d3c:	845ff0ef          	jal	ra,80003580 <rt_sched_remove_thread>
        rt_timer_detach(&(thread->thread_timer));
80003d40:	05040513          	addi	a0,s0,80
80003d44:	7f4000ef          	jal	ra,80004538 <rt_timer_detach>
        rt_sched_thread_close(thread);
80003d48:	00040513          	mv	a0,s0
80003d4c:	bd4ff0ef          	jal	ra,80003120 <rt_sched_thread_close>
    rt_sched_unlock(slvl);
80003d50:	00c12503          	lw	a0,12(sp)
80003d54:	e84ff0ef          	jal	ra,800033d8 <rt_sched_unlock>
}
80003d58:	01c12083          	lw	ra,28(sp)
80003d5c:	01812403          	lw	s0,24(sp)
80003d60:	00000513          	li	a0,0
80003d64:	02010113          	addi	sp,sp,32
80003d68:	00008067          	ret

80003d6c <_thread_exit>:
{
80003d6c:	ff010113          	addi	sp,sp,-16
80003d70:	00112623          	sw	ra,12(sp)
80003d74:	00812423          	sw	s0,8(sp)
80003d78:	00912223          	sw	s1,4(sp)
    thread = rt_thread_self();
80003d7c:	f4dff0ef          	jal	ra,80003cc8 <rt_thread_self>
80003d80:	00050413          	mv	s0,a0
    critical_level = rt_enter_critical();
80003d84:	aa5ff0ef          	jal	ra,80003828 <rt_enter_critical>
80003d88:	00050493          	mv	s1,a0
    rt_thread_close(thread);
80003d8c:	00040513          	mv	a0,s0
80003d90:	f55ff0ef          	jal	ra,80003ce4 <rt_thread_close>
    _thread_detach_from_mutex(thread);
80003d94:	00040513          	mv	a0,s0
80003d98:	c21ff0ef          	jal	ra,800039b8 <_thread_detach_from_mutex>
    rt_thread_defunct_enqueue(thread);
80003d9c:	00040513          	mv	a0,s0
80003da0:	df8fd0ef          	jal	ra,80001398 <rt_thread_defunct_enqueue>
    rt_exit_critical_safe(critical_level);
80003da4:	00048513          	mv	a0,s1
80003da8:	b19ff0ef          	jal	ra,800038c0 <rt_exit_critical_safe>
}
80003dac:	00812403          	lw	s0,8(sp)
80003db0:	00c12083          	lw	ra,12(sp)
80003db4:	00412483          	lw	s1,4(sp)
80003db8:	01010113          	addi	sp,sp,16
    rt_schedule();
80003dbc:	8b5ff06f          	j	80003670 <rt_schedule>

80003dc0 <rt_thread_create>:
{
80003dc0:	fe010113          	addi	sp,sp,-32
80003dc4:	00812c23          	sw	s0,24(sp)
80003dc8:	00912a23          	sw	s1,20(sp)
80003dcc:	01212823          	sw	s2,16(sp)
80003dd0:	01312623          	sw	s3,12(sp)
80003dd4:	01412423          	sw	s4,8(sp)
80003dd8:	01512223          	sw	s5,4(sp)
80003ddc:	00112e23          	sw	ra,28(sp)
80003de0:	00050413          	mv	s0,a0
80003de4:	00058993          	mv	s3,a1
80003de8:	00060a13          	mv	s4,a2
80003dec:	00068493          	mv	s1,a3
80003df0:	00070a93          	mv	s5,a4
80003df4:	00078913          	mv	s2,a5
    RT_ASSERT(tick != 0);
80003df8:	00079e63          	bnez	a5,80003e14 <rt_thread_create+0x54>
80003dfc:	23500613          	li	a2,565
80003e00:	00002597          	auipc	a1,0x2
80003e04:	b9c58593          	addi	a1,a1,-1124 # 8000599c <__FUNCTION__.7>
80003e08:	00002517          	auipc	a0,0x2
80003e0c:	a0050513          	addi	a0,a0,-1536 # 80005808 <__FUNCTION__.2+0xa0>
80003e10:	e18fe0ef          	jal	ra,80002428 <rt_assert_handler>
    thread = (struct rt_thread *)rt_object_allocate(RT_Object_Class_Thread,
80003e14:	00040593          	mv	a1,s0
80003e18:	00100513          	li	a0,1
80003e1c:	fb5fe0ef          	jal	ra,80002dd0 <rt_object_allocate>
80003e20:	00050413          	mv	s0,a0
    if (thread == RT_NULL)
80003e24:	02050063          	beqz	a0,80003e44 <rt_thread_create+0x84>
    stack_start = (void *)RT_KERNEL_MALLOC(stack_size);
80003e28:	00048513          	mv	a0,s1
80003e2c:	f10fe0ef          	jal	ra,8000253c <rt_malloc>
80003e30:	00050693          	mv	a3,a0
    if (stack_start == RT_NULL)
80003e34:	02051c63          	bnez	a0,80003e6c <rt_thread_create+0xac>
        rt_object_delete((rt_object_t)thread);
80003e38:	00040513          	mv	a0,s0
80003e3c:	8f4ff0ef          	jal	ra,80002f30 <rt_object_delete>
        return RT_NULL;
80003e40:	00000413          	li	s0,0
}
80003e44:	01c12083          	lw	ra,28(sp)
80003e48:	00040513          	mv	a0,s0
80003e4c:	01812403          	lw	s0,24(sp)
80003e50:	01412483          	lw	s1,20(sp)
80003e54:	01012903          	lw	s2,16(sp)
80003e58:	00c12983          	lw	s3,12(sp)
80003e5c:	00812a03          	lw	s4,8(sp)
80003e60:	00412a83          	lw	s5,4(sp)
80003e64:	02010113          	addi	sp,sp,32
80003e68:	00008067          	ret
    _thread_init(thread,
80003e6c:	00090813          	mv	a6,s2
80003e70:	000a8793          	mv	a5,s5
80003e74:	00048713          	mv	a4,s1
80003e78:	000a0613          	mv	a2,s4
80003e7c:	00098593          	mv	a1,s3
80003e80:	00040513          	mv	a0,s0
80003e84:	bddff0ef          	jal	ra,80003a60 <_thread_init.constprop.0>
    return thread;
80003e88:	fbdff06f          	j	80003e44 <rt_thread_create+0x84>

80003e8c <rt_thread_suspend_to_list>:
 *
 * @return  Return the operation status. If the return value is RT_EOK, the function is successfully executed.
 *          If the return value is any other values, it means this operation failed.
 */
rt_err_t rt_thread_suspend_to_list(rt_thread_t thread, rt_list_t *susp_list, int ipc_flags, int suspend_flag)
{
80003e8c:	fd010113          	addi	sp,sp,-48
80003e90:	02812423          	sw	s0,40(sp)
80003e94:	02912223          	sw	s1,36(sp)
80003e98:	01312e23          	sw	s3,28(sp)
80003e9c:	01412c23          	sw	s4,24(sp)
80003ea0:	02112623          	sw	ra,44(sp)
80003ea4:	03212023          	sw	s2,32(sp)
80003ea8:	00050413          	mv	s0,a0
80003eac:	00058993          	mv	s3,a1
80003eb0:	00060a13          	mv	s4,a2
80003eb4:	00068493          	mv	s1,a3
    rt_base_t stat;
    rt_sched_lock_level_t slvl;

    /* parameter check */
    RT_ASSERT(thread != RT_NULL);
80003eb8:	00051e63          	bnez	a0,80003ed4 <rt_thread_suspend_to_list+0x48>
80003ebc:	3b700613          	li	a2,951
80003ec0:	00002597          	auipc	a1,0x2
80003ec4:	ab058593          	addi	a1,a1,-1360 # 80005970 <__FUNCTION__.2>
80003ec8:	00001517          	auipc	a0,0x1
80003ecc:	ebc50513          	addi	a0,a0,-324 # 80004d84 <__FUNCTION__.0+0x170>
80003ed0:	d58fe0ef          	jal	ra,80002428 <rt_assert_handler>
    RT_ASSERT(rt_object_get_type((rt_object_t)thread) == RT_Object_Class_Thread);
80003ed4:	00040513          	mv	a0,s0
80003ed8:	974ff0ef          	jal	ra,8000304c <rt_object_get_type>
80003edc:	00100793          	li	a5,1
80003ee0:	00f50e63          	beq	a0,a5,80003efc <rt_thread_suspend_to_list+0x70>
80003ee4:	3b800613          	li	a2,952
80003ee8:	00002597          	auipc	a1,0x2
80003eec:	a8858593          	addi	a1,a1,-1400 # 80005970 <__FUNCTION__.2>
80003ef0:	00002517          	auipc	a0,0x2
80003ef4:	89450513          	addi	a0,a0,-1900 # 80005784 <__FUNCTION__.2+0x1c>
80003ef8:	d30fe0ef          	jal	ra,80002428 <rt_assert_handler>
    RT_ASSERT(!rt_thread_is_idle_thread(thread));
80003efc:	00040513          	mv	a0,s0
80003f00:	e98fd0ef          	jal	ra,80001598 <rt_thread_is_idle_thread>
80003f04:	00050e63          	beqz	a0,80003f20 <rt_thread_suspend_to_list+0x94>
80003f08:	3b900613          	li	a2,953
80003f0c:	00002597          	auipc	a1,0x2
80003f10:	a6458593          	addi	a1,a1,-1436 # 80005970 <__FUNCTION__.2>
80003f14:	00002517          	auipc	a0,0x2
80003f18:	93450513          	addi	a0,a0,-1740 # 80005848 <__FUNCTION__.2+0xe0>
80003f1c:	d0cfe0ef          	jal	ra,80002428 <rt_assert_handler>

    LOG_D("thread suspend: %s", thread->parent.name);

    rt_sched_lock(&slvl);
80003f20:	00c10513          	addi	a0,sp,12
80003f24:	c7cff0ef          	jal	ra,800033a0 <rt_sched_lock>

    stat = rt_sched_thread_get_stat(thread);
80003f28:	00040513          	mv	a0,s0
80003f2c:	9c8ff0ef          	jal	ra,800030f4 <rt_sched_thread_get_stat>
    if (stat & RT_THREAD_SUSPEND_MASK)
80003f30:	00457793          	andi	a5,a0,4
    stat = rt_sched_thread_get_stat(thread);
80003f34:	00050913          	mv	s2,a0
    if (stat & RT_THREAD_SUSPEND_MASK)
80003f38:	04078663          	beqz	a5,80003f84 <rt_thread_suspend_to_list+0xf8>
    {
        if (RT_SCHED_CTX(thread).sched_flag_ttmr_set == 1)
80003f3c:	03d44783          	lbu	a5,61(s0)
80003f40:	0027f793          	andi	a5,a5,2
80003f44:	00078663          	beqz	a5,80003f50 <rt_thread_suspend_to_list+0xc4>
        {
            /* The new suspend operation will halt the tick timer. */
            LOG_D("Thread [%s]'s timer has been halted.\n", thread->parent.name);
            rt_sched_thread_timer_stop(thread);
80003f48:	00040513          	mv	a0,s0
80003f4c:	960ff0ef          	jal	ra,800030ac <rt_sched_thread_timer_stop>
    switch (suspend_flag)
80003f50:	02048263          	beqz	s1,80003f74 <rt_thread_suspend_to_list+0xe8>
80003f54:	00100713          	li	a4,1
        return RT_THREAD_SUSPEND_KILLABLE;
80003f58:	00600793          	li	a5,6
    switch (suspend_flag)
80003f5c:	00e48463          	beq	s1,a4,80003f64 <rt_thread_suspend_to_list+0xd8>
80003f60:	00700793          	li	a5,7
        }
        /* Upgrade suspend state if new state is stricter */
        if (stat < _thread_get_suspend_state(suspend_flag))
80003f64:	00f97863          	bgeu	s2,a5,80003f74 <rt_thread_suspend_to_list+0xe8>
        {
            _thread_set_suspend_state(thread, suspend_flag);
80003f68:	00048593          	mv	a1,s1
80003f6c:	00040513          	mv	a0,s0
80003f70:	be5ff0ef          	jal	ra,80003b54 <_thread_set_suspend_state>
        }
        rt_sched_unlock(slvl);
80003f74:	00c12503          	lw	a0,12(sp)
80003f78:	c60ff0ef          	jal	ra,800033d8 <rt_sched_unlock>
    rt_sched_thread_timer_stop(thread);

    rt_sched_unlock(slvl);

    RT_OBJECT_HOOK_CALL(rt_thread_suspend_hook, (thread));
    return RT_EOK;
80003f7c:	00000513          	li	a0,0
80003f80:	0440006f          	j	80003fc4 <rt_thread_suspend_to_list+0x138>
    else if ((stat != RT_THREAD_READY) && (stat != RT_THREAD_RUNNING))
80003f84:	ffe50793          	addi	a5,a0,-2
80003f88:	00100713          	li	a4,1
80003f8c:	04f77c63          	bgeu	a4,a5,80003fe4 <rt_thread_suspend_to_list+0x158>
        LOG_W("thread suspend: thread disorder, 0x%02x", RT_SCHED_CTX(thread).stat);
80003f90:	00002517          	auipc	a0,0x2
80003f94:	8dc50513          	addi	a0,a0,-1828 # 8000586c <__FUNCTION__.2+0x104>
80003f98:	a14fe0ef          	jal	ra,800021ac <rt_kprintf>
80003f9c:	03c44583          	lbu	a1,60(s0)
80003fa0:	00002517          	auipc	a0,0x2
80003fa4:	8e450513          	addi	a0,a0,-1820 # 80005884 <__FUNCTION__.2+0x11c>
80003fa8:	a04fe0ef          	jal	ra,800021ac <rt_kprintf>
80003fac:	00001517          	auipc	a0,0x1
80003fb0:	f3850513          	addi	a0,a0,-200 # 80004ee4 <__FUNCTION__.39+0xa4>
80003fb4:	9f8fe0ef          	jal	ra,800021ac <rt_kprintf>
        rt_sched_unlock(slvl);
80003fb8:	00c12503          	lw	a0,12(sp)
80003fbc:	c1cff0ef          	jal	ra,800033d8 <rt_sched_unlock>
        return -RT_ERROR;
80003fc0:	fff00513          	li	a0,-1
}
80003fc4:	02c12083          	lw	ra,44(sp)
80003fc8:	02812403          	lw	s0,40(sp)
80003fcc:	02412483          	lw	s1,36(sp)
80003fd0:	02012903          	lw	s2,32(sp)
80003fd4:	01c12983          	lw	s3,28(sp)
80003fd8:	01812a03          	lw	s4,24(sp)
80003fdc:	03010113          	addi	sp,sp,48
80003fe0:	00008067          	ret
    if (stat == RT_THREAD_RUNNING)
80003fe4:	00300793          	li	a5,3
80003fe8:	02f51263          	bne	a0,a5,8000400c <rt_thread_suspend_to_list+0x180>
        RT_ASSERT(thread == rt_thread_self());
80003fec:	cddff0ef          	jal	ra,80003cc8 <rt_thread_self>
80003ff0:	00a40e63          	beq	s0,a0,8000400c <rt_thread_suspend_to_list+0x180>
80003ff4:	3db00613          	li	a2,987
80003ff8:	00002597          	auipc	a1,0x2
80003ffc:	97858593          	addi	a1,a1,-1672 # 80005970 <__FUNCTION__.2>
80004000:	00002517          	auipc	a0,0x2
80004004:	8ac50513          	addi	a0,a0,-1876 # 800058ac <__FUNCTION__.2+0x144>
80004008:	c20fe0ef          	jal	ra,80002428 <rt_assert_handler>
    rt_sched_remove_thread(thread);
8000400c:	00040513          	mv	a0,s0
80004010:	d70ff0ef          	jal	ra,80003580 <rt_sched_remove_thread>
    _thread_set_suspend_state(thread, suspend_flag);
80004014:	00048593          	mv	a1,s1
80004018:	00040513          	mv	a0,s0
8000401c:	b39ff0ef          	jal	ra,80003b54 <_thread_set_suspend_state>
    if (susp_list)
80004020:	00098a63          	beqz	s3,80004034 <rt_thread_suspend_to_list+0x1a8>
        rt_susp_list_enqueue(susp_list, thread, ipc_flags);
80004024:	000a0613          	mv	a2,s4
80004028:	00040593          	mv	a1,s0
8000402c:	00098513          	mv	a0,s3
80004030:	e60fd0ef          	jal	ra,80001690 <rt_susp_list_enqueue>
    rt_sched_thread_timer_stop(thread);
80004034:	00040513          	mv	a0,s0
80004038:	874ff0ef          	jal	ra,800030ac <rt_sched_thread_timer_stop>
    rt_sched_unlock(slvl);
8000403c:	00c12503          	lw	a0,12(sp)
80004040:	b98ff0ef          	jal	ra,800033d8 <rt_sched_unlock>
    RT_OBJECT_HOOK_CALL(rt_thread_suspend_hook, (thread));
80004044:	e001a783          	lw	a5,-512(gp) # 80100600 <rt_thread_suspend_hook>
    return RT_EOK;
80004048:	00000513          	li	a0,0
    RT_OBJECT_HOOK_CALL(rt_thread_suspend_hook, (thread));
8000404c:	f6078ce3          	beqz	a5,80003fc4 <rt_thread_suspend_to_list+0x138>
80004050:	00040513          	mv	a0,s0
80004054:	000780e7          	jalr	a5
80004058:	f25ff06f          	j	80003f7c <rt_thread_suspend_to_list+0xf0>

8000405c <rt_thread_suspend_with_flag>:
 *
 * @return  Return the operation status. If the return value is RT_EOK, the function is successfully executed.
 *          If the return value is any other values, it means this operation failed.
 */
rt_err_t rt_thread_suspend_with_flag(rt_thread_t thread, int suspend_flag)
{
8000405c:	00058693          	mv	a3,a1
    return rt_thread_suspend_to_list(thread, RT_NULL, 0, suspend_flag);
80004060:	00000613          	li	a2,0
80004064:	00000593          	li	a1,0
80004068:	e25ff06f          	j	80003e8c <rt_thread_suspend_to_list>

8000406c <_thread_sleep>:
{
8000406c:	fd010113          	addi	sp,sp,-48
80004070:	02912223          	sw	s1,36(sp)
80004074:	02112623          	sw	ra,44(sp)
80004078:	02812423          	sw	s0,40(sp)
8000407c:	03212023          	sw	s2,32(sp)
80004080:	01312e23          	sw	s3,28(sp)
80004084:	00a12623          	sw	a0,12(sp)
        return -RT_EINVAL;
80004088:	ff600493          	li	s1,-10
    if (tick == 0)
8000408c:	14050663          	beqz	a0,800041d8 <_thread_sleep+0x16c>
    thread = rt_thread_self();
80004090:	c39ff0ef          	jal	ra,80003cc8 <rt_thread_self>
80004094:	00050413          	mv	s0,a0
    RT_ASSERT(thread != RT_NULL);
80004098:	00051e63          	bnez	a0,800040b4 <_thread_sleep+0x48>
8000409c:	29600613          	li	a2,662
800040a0:	00002597          	auipc	a1,0x2
800040a4:	8ec58593          	addi	a1,a1,-1812 # 8000598c <__FUNCTION__.5>
800040a8:	00001517          	auipc	a0,0x1
800040ac:	cdc50513          	addi	a0,a0,-804 # 80004d84 <__FUNCTION__.0+0x170>
800040b0:	b78fe0ef          	jal	ra,80002428 <rt_assert_handler>
    RT_ASSERT(rt_object_get_type((rt_object_t)thread) == RT_Object_Class_Thread);
800040b4:	00040513          	mv	a0,s0
800040b8:	f95fe0ef          	jal	ra,8000304c <rt_object_get_type>
800040bc:	00100793          	li	a5,1
800040c0:	00f50e63          	beq	a0,a5,800040dc <_thread_sleep+0x70>
800040c4:	29700613          	li	a2,663
800040c8:	00002597          	auipc	a1,0x2
800040cc:	8c458593          	addi	a1,a1,-1852 # 8000598c <__FUNCTION__.5>
800040d0:	00001517          	auipc	a0,0x1
800040d4:	6b450513          	addi	a0,a0,1716 # 80005784 <__FUNCTION__.2+0x1c>
800040d8:	b50fe0ef          	jal	ra,80002428 <rt_assert_handler>
    RT_DEBUG_SCHEDULER_AVAILABLE(RT_TRUE);
800040dc:	fe8ff0ef          	jal	ra,800038c4 <rt_critical_level>
800040e0:	10050c63          	beqz	a0,800041f8 <_thread_sleep+0x18c>
800040e4:	00002597          	auipc	a1,0x2
800040e8:	8a858593          	addi	a1,a1,-1880 # 8000598c <__FUNCTION__.5>
800040ec:	00001517          	auipc	a0,0x1
800040f0:	b9c50513          	addi	a0,a0,-1124 # 80004c88 <__FUNCTION__.0+0x74>
800040f4:	8b8fe0ef          	jal	ra,800021ac <rt_kprintf>
800040f8:	29a00613          	li	a2,666
800040fc:	00002597          	auipc	a1,0x2
80004100:	89058593          	addi	a1,a1,-1904 # 8000598c <__FUNCTION__.5>
80004104:	00001517          	auipc	a0,0x1
80004108:	70c50513          	addi	a0,a0,1804 # 80005810 <__FUNCTION__.2+0xa8>
8000410c:	b1cfe0ef          	jal	ra,80002428 <rt_assert_handler>
80004110:	bb9ff0ef          	jal	ra,80003cc8 <rt_thread_self>
80004114:	02051863          	bnez	a0,80004144 <_thread_sleep+0xd8>
80004118:	00002597          	auipc	a1,0x2
8000411c:	87458593          	addi	a1,a1,-1932 # 8000598c <__FUNCTION__.5>
80004120:	00001517          	auipc	a0,0x1
80004124:	b9450513          	addi	a0,a0,-1132 # 80004cb4 <__FUNCTION__.0+0xa0>
80004128:	884fe0ef          	jal	ra,800021ac <rt_kprintf>
8000412c:	29a00613          	li	a2,666
80004130:	00002597          	auipc	a1,0x2
80004134:	85c58593          	addi	a1,a1,-1956 # 8000598c <__FUNCTION__.5>
80004138:	00001517          	auipc	a0,0x1
8000413c:	6d850513          	addi	a0,a0,1752 # 80005810 <__FUNCTION__.2+0xa8>
80004140:	ae8fe0ef          	jal	ra,80002428 <rt_assert_handler>
80004144:	fedfd0ef          	jal	ra,80002130 <rt_interrupt_get_nest>
80004148:	02050863          	beqz	a0,80004178 <_thread_sleep+0x10c>
8000414c:	00002597          	auipc	a1,0x2
80004150:	84058593          	addi	a1,a1,-1984 # 8000598c <__FUNCTION__.5>
80004154:	00001517          	auipc	a0,0x1
80004158:	b9850513          	addi	a0,a0,-1128 # 80004cec <__FUNCTION__.0+0xd8>
8000415c:	850fe0ef          	jal	ra,800021ac <rt_kprintf>
80004160:	29a00613          	li	a2,666
80004164:	00002597          	auipc	a1,0x2
80004168:	82858593          	addi	a1,a1,-2008 # 8000598c <__FUNCTION__.5>
8000416c:	00001517          	auipc	a0,0x1
80004170:	6a450513          	addi	a0,a0,1700 # 80005810 <__FUNCTION__.2+0xa8>
80004174:	ab4fe0ef          	jal	ra,80002428 <rt_assert_handler>
    thread->error = RT_EOK;
80004178:	02042823          	sw	zero,48(s0)
    critical_level = rt_enter_critical();
8000417c:	eacff0ef          	jal	ra,80003828 <rt_enter_critical>
80004180:	00050913          	mv	s2,a0
    err = rt_thread_suspend_with_flag(thread, RT_INTERRUPTIBLE);
80004184:	00000593          	li	a1,0
80004188:	00040513          	mv	a0,s0
8000418c:	ed1ff0ef          	jal	ra,8000405c <rt_thread_suspend_with_flag>
80004190:	00050493          	mv	s1,a0
    if (err == RT_EOK)
80004194:	06051863          	bnez	a0,80004204 <_thread_sleep+0x198>
        rt_timer_control(&(thread->thread_timer), RT_TIMER_CTRL_SET_TIME, &tick);
80004198:	05040993          	addi	s3,s0,80
8000419c:	00c10613          	addi	a2,sp,12
800041a0:	00000593          	li	a1,0
800041a4:	00098513          	mv	a0,s3
800041a8:	60c000ef          	jal	ra,800047b4 <rt_timer_control>
        rt_timer_start(&(thread->thread_timer));
800041ac:	00098513          	mv	a0,s3
800041b0:	448000ef          	jal	ra,800045f8 <rt_timer_start>
        thread->error = -RT_EINTR;
800041b4:	ff700793          	li	a5,-9
800041b8:	02f42823          	sw	a5,48(s0)
        rt_schedule();
800041bc:	cb4ff0ef          	jal	ra,80003670 <rt_schedule>
        rt_exit_critical_safe(critical_level);
800041c0:	00090513          	mv	a0,s2
800041c4:	efcff0ef          	jal	ra,800038c0 <rt_exit_critical_safe>
        if (thread->error == -RT_ETIMEOUT)
800041c8:	03042703          	lw	a4,48(s0)
800041cc:	ffe00793          	li	a5,-2
800041d0:	00f71463          	bne	a4,a5,800041d8 <_thread_sleep+0x16c>
            thread->error = RT_EOK;
800041d4:	02042823          	sw	zero,48(s0)
}
800041d8:	02c12083          	lw	ra,44(sp)
800041dc:	02812403          	lw	s0,40(sp)
800041e0:	02012903          	lw	s2,32(sp)
800041e4:	01c12983          	lw	s3,28(sp)
800041e8:	00048513          	mv	a0,s1
800041ec:	02412483          	lw	s1,36(sp)
800041f0:	03010113          	addi	sp,sp,48
800041f4:	00008067          	ret
    RT_DEBUG_SCHEDULER_AVAILABLE(RT_TRUE);
800041f8:	f7dfd0ef          	jal	ra,80002174 <rt_hw_interrupt_is_disabled>
800041fc:	ee0514e3          	bnez	a0,800040e4 <_thread_sleep+0x78>
80004200:	f11ff06f          	j	80004110 <_thread_sleep+0xa4>
        rt_exit_critical_safe(critical_level);
80004204:	00090513          	mv	a0,s2
80004208:	eb8ff0ef          	jal	ra,800038c0 <rt_exit_critical_safe>
8000420c:	fcdff06f          	j	800041d8 <_thread_sleep+0x16c>

80004210 <rt_thread_mdelay>:
{
80004210:	ff010113          	addi	sp,sp,-16
80004214:	00112623          	sw	ra,12(sp)
    tick = rt_tick_from_millisecond(ms);
80004218:	fa1fc0ef          	jal	ra,800011b8 <rt_tick_from_millisecond>
}
8000421c:	00c12083          	lw	ra,12(sp)
80004220:	01010113          	addi	sp,sp,16
    return _thread_sleep(tick);
80004224:	e49ff06f          	j	8000406c <_thread_sleep>

80004228 <rt_thread_resume>:
 * @return  Return the operation status. If the return value is `RT_EOK`, the
 *          function is successfully executed.
 *          If the return value is any other values, it means this operation failed.
 */
rt_err_t rt_thread_resume(rt_thread_t thread)
{
80004228:	fe010113          	addi	sp,sp,-32
8000422c:	00912a23          	sw	s1,20(sp)
80004230:	00112e23          	sw	ra,28(sp)
80004234:	00812c23          	sw	s0,24(sp)
80004238:	00050493          	mv	s1,a0
    rt_sched_lock_level_t slvl;
    rt_err_t error;

    /* parameter check */
    RT_ASSERT(thread != RT_NULL);
8000423c:	00051e63          	bnez	a0,80004258 <rt_thread_resume+0x30>
80004240:	45b00613          	li	a2,1115
80004244:	00001597          	auipc	a1,0x1
80004248:	6c858593          	addi	a1,a1,1736 # 8000590c <__FUNCTION__.0>
8000424c:	00001517          	auipc	a0,0x1
80004250:	b3850513          	addi	a0,a0,-1224 # 80004d84 <__FUNCTION__.0+0x170>
80004254:	9d4fe0ef          	jal	ra,80002428 <rt_assert_handler>
    RT_ASSERT(rt_object_get_type((rt_object_t)thread) == RT_Object_Class_Thread);
80004258:	00048513          	mv	a0,s1
8000425c:	df1fe0ef          	jal	ra,8000304c <rt_object_get_type>
80004260:	00100793          	li	a5,1
80004264:	00f50e63          	beq	a0,a5,80004280 <rt_thread_resume+0x58>
80004268:	45c00613          	li	a2,1116
8000426c:	00001597          	auipc	a1,0x1
80004270:	6a058593          	addi	a1,a1,1696 # 8000590c <__FUNCTION__.0>
80004274:	00001517          	auipc	a0,0x1
80004278:	51050513          	addi	a0,a0,1296 # 80005784 <__FUNCTION__.2+0x1c>
8000427c:	9acfe0ef          	jal	ra,80002428 <rt_assert_handler>

    LOG_D("thread resume: %s", thread->parent.name);

    rt_sched_lock(&slvl);
80004280:	00c10513          	addi	a0,sp,12
80004284:	91cff0ef          	jal	ra,800033a0 <rt_sched_lock>

    error = rt_sched_thread_ready(thread);
80004288:	00048513          	mv	a0,s1
8000428c:	ec1fe0ef          	jal	ra,8000314c <rt_sched_thread_ready>
80004290:	00050413          	mv	s0,a0

    if (!error)
80004294:	00c12503          	lw	a0,12(sp)
80004298:	04041063          	bnez	s0,800042d8 <rt_thread_resume+0xb0>
    {
        error = rt_sched_unlock_n_resched(slvl);
8000429c:	d54ff0ef          	jal	ra,800037f0 <rt_sched_unlock_n_resched>

        /**
         * RT_ESCHEDLOCKED indicates that the current thread is in a critical section,
         * rather than 'thread' can't be resumed. Therefore, we can ignore this error.
         */
        if (error == -RT_ESCHEDLOCKED)
800042a0:	fee00793          	li	a5,-18
        error = rt_sched_unlock_n_resched(slvl);
800042a4:	00050413          	mv	s0,a0
        if (error == -RT_ESCHEDLOCKED)
800042a8:	00f51463          	bne	a0,a5,800042b0 <rt_thread_resume+0x88>
        {
            error = RT_EOK;
800042ac:	00000413          	li	s0,0
    else
    {
        rt_sched_unlock(slvl);
    }

    RT_OBJECT_HOOK_CALL(rt_thread_resume_hook, (thread));
800042b0:	dfc1a783          	lw	a5,-516(gp) # 801005fc <rt_thread_resume_hook>
800042b4:	00078663          	beqz	a5,800042c0 <rt_thread_resume+0x98>
800042b8:	00048513          	mv	a0,s1
800042bc:	000780e7          	jalr	a5

    return error;
}
800042c0:	01c12083          	lw	ra,28(sp)
800042c4:	00040513          	mv	a0,s0
800042c8:	01812403          	lw	s0,24(sp)
800042cc:	01412483          	lw	s1,20(sp)
800042d0:	02010113          	addi	sp,sp,32
800042d4:	00008067          	ret
        rt_sched_unlock(slvl);
800042d8:	900ff0ef          	jal	ra,800033d8 <rt_sched_unlock>
800042dc:	fd5ff06f          	j	800042b0 <rt_thread_resume+0x88>

800042e0 <rt_thread_startup>:
{
800042e0:	ff010113          	addi	sp,sp,-16
800042e4:	00812423          	sw	s0,8(sp)
800042e8:	00112623          	sw	ra,12(sp)
800042ec:	00050413          	mv	s0,a0
    RT_ASSERT(thread != RT_NULL);
800042f0:	00051e63          	bnez	a0,8000430c <rt_thread_startup+0x2c>
800042f4:	1a000613          	li	a2,416
800042f8:	00001597          	auipc	a1,0x1
800042fc:	64458593          	addi	a1,a1,1604 # 8000593c <__FUNCTION__.10>
80004300:	00001517          	auipc	a0,0x1
80004304:	a8450513          	addi	a0,a0,-1404 # 80004d84 <__FUNCTION__.0+0x170>
80004308:	920fe0ef          	jal	ra,80002428 <rt_assert_handler>
    RT_ASSERT((RT_SCHED_CTX(thread).stat & RT_THREAD_STAT_MASK) == RT_THREAD_INIT);
8000430c:	03c44783          	lbu	a5,60(s0)
80004310:	0077f793          	andi	a5,a5,7
80004314:	00078e63          	beqz	a5,80004330 <rt_thread_startup+0x50>
80004318:	1a100613          	li	a2,417
8000431c:	00001597          	auipc	a1,0x1
80004320:	62058593          	addi	a1,a1,1568 # 8000593c <__FUNCTION__.10>
80004324:	00001517          	auipc	a0,0x1
80004328:	5a450513          	addi	a0,a0,1444 # 800058c8 <__FUNCTION__.2+0x160>
8000432c:	8fcfe0ef          	jal	ra,80002428 <rt_assert_handler>
    RT_ASSERT(rt_object_get_type((rt_object_t)thread) == RT_Object_Class_Thread);
80004330:	00040513          	mv	a0,s0
80004334:	d19fe0ef          	jal	ra,8000304c <rt_object_get_type>
80004338:	00100793          	li	a5,1
8000433c:	00f50e63          	beq	a0,a5,80004358 <rt_thread_startup+0x78>
80004340:	1a200613          	li	a2,418
80004344:	00001597          	auipc	a1,0x1
80004348:	5f858593          	addi	a1,a1,1528 # 8000593c <__FUNCTION__.10>
8000434c:	00001517          	auipc	a0,0x1
80004350:	43850513          	addi	a0,a0,1080 # 80005784 <__FUNCTION__.2+0x1c>
80004354:	8d4fe0ef          	jal	ra,80002428 <rt_assert_handler>
    rt_sched_thread_startup(thread);
80004358:	00040513          	mv	a0,s0
8000435c:	8bcff0ef          	jal	ra,80003418 <rt_sched_thread_startup>
    rt_thread_resume(thread);
80004360:	00040513          	mv	a0,s0
80004364:	ec5ff0ef          	jal	ra,80004228 <rt_thread_resume>
}
80004368:	00c12083          	lw	ra,12(sp)
8000436c:	00812403          	lw	s0,8(sp)
80004370:	00000513          	li	a0,0
80004374:	01010113          	addi	sp,sp,16
80004378:	00008067          	ret

8000437c <_timer_remove>:
    n->next->prev = n->prev;
8000437c:	01c52683          	lw	a3,28(a0)
80004380:	02052703          	lw	a4,32(a0)
{
    int i;

    for (i = 0; i < RT_TIMER_SKIP_LIST_LEVEL; i++)
    {
        rt_list_remove(&timer->row[i]);
80004384:	01c50793          	addi	a5,a0,28
80004388:	00e6a223          	sw	a4,4(a3)
    n->prev->next = n->next;
8000438c:	00d72023          	sw	a3,0(a4)
    n->next = n->prev = n;
80004390:	02f52023          	sw	a5,32(a0)
80004394:	00f52e23          	sw	a5,28(a0)
    }
}
80004398:	00008067          	ret

8000439c <_timer_start.constprop.0>:
 *
 * @param timer the timer to be started
 *
 * @return the operation status, RT_EOK on OK, -RT_ERROR on error
 */
static rt_err_t _timer_start(rt_list_t *timer_list, rt_timer_t timer)
8000439c:	ff010113          	addi	sp,sp,-16
800043a0:	00812423          	sw	s0,8(sp)
800043a4:	00112623          	sw	ra,12(sp)
800043a8:	00050413          	mv	s0,a0
    rt_list_t *row_head[RT_TIMER_SKIP_LIST_LEVEL];
    unsigned int tst_nr;
    static unsigned int random_nr;

    /* remove timer from list */
    _timer_remove(timer);
800043ac:	fd1ff0ef          	jal	ra,8000437c <_timer_remove>
    /* change status of timer */
    timer->parent.flag &= ~RT_TIMER_FLAG_ACTIVATED;
800043b0:	01144783          	lbu	a5,17(s0)
800043b4:	ffe7f793          	andi	a5,a5,-2
800043b8:	00f408a3          	sb	a5,17(s0)

    RT_OBJECT_HOOK_CALL(rt_object_take_hook, (&(timer->parent)));
800043bc:	cdc1a783          	lw	a5,-804(gp) # 801004dc <rt_object_take_hook>
800043c0:	00078663          	beqz	a5,800043cc <_timer_start.constprop.0+0x30>
800043c4:	00040513          	mv	a0,s0
800043c8:	000780e7          	jalr	a5

    timer->timeout_tick = rt_tick_get() + timer->init_tick;
800043cc:	d5dfc0ef          	jal	ra,80001128 <rt_tick_get>
800043d0:	02c42783          	lw	a5,44(s0)
             */
            if ((t->timeout_tick - timer->timeout_tick) == 0)
            {
                continue;
            }
            else if ((t->timeout_tick - timer->timeout_tick) < RT_TICK_MAX / 2)
800043d4:	80000637          	lui	a2,0x80000
800043d8:	ffe64613          	xori	a2,a2,-2
    timer->timeout_tick = rt_tick_get() + timer->init_tick;
800043dc:	00f50533          	add	a0,a0,a5
        for (; row_head[row_lvl] != timer_list[row_lvl].prev;
800043e0:	e0c18793          	addi	a5,gp,-500 # 8010060c <_timer_list>
800043e4:	0047a583          	lw	a1,4(a5)
    timer->timeout_tick = rt_tick_get() + timer->init_tick;
800043e8:	02a42823          	sw	a0,48(s0)
        for (; row_head[row_lvl] != timer_list[row_lvl].prev;
800043ec:	00078693          	mv	a3,a5
            rt_list_t *p = row_head[row_lvl]->next;
800043f0:	0007a783          	lw	a5,0(a5)
        for (; row_head[row_lvl] != timer_list[row_lvl].prev;
800043f4:	00b68a63          	beq	a3,a1,80004408 <_timer_start.constprop.0+0x6c>
            if ((t->timeout_tick - timer->timeout_tick) == 0)
800043f8:	0147a703          	lw	a4,20(a5)
800043fc:	fee508e3          	beq	a0,a4,800043ec <_timer_start.constprop.0+0x50>
            else if ((t->timeout_tick - timer->timeout_tick) < RT_TICK_MAX / 2)
80004400:	40a70733          	sub	a4,a4,a0
80004404:	fee664e3          	bltu	a2,a4,800043ec <_timer_start.constprop.0+0x50>

    /* Interestingly, this super simple timer insert counter works very very
     * well on distributing the list height uniformly. By means of "very very
     * well", I mean it beats the randomness of timer->timeout_tick very easily
     * (actually, the timeout_tick is not random and easy to be attacked). */
    random_nr++;
80004408:	e1418613          	addi	a2,gp,-492 # 80100614 <random_nr.3>
8000440c:	00062703          	lw	a4,0(a2) # 80000000 <__rt_rvstack+0xffec0000>
    }

    timer->parent.flag |= RT_TIMER_FLAG_ACTIVATED;

    return RT_EOK;
}
80004410:	00c12083          	lw	ra,12(sp)
80004414:	00000513          	li	a0,0
    random_nr++;
80004418:	00170713          	addi	a4,a4,1
8000441c:	00e62023          	sw	a4,0(a2)
    rt_list_insert_after(row_head[RT_TIMER_SKIP_LIST_LEVEL - 1],
80004420:	01c40713          	addi	a4,s0,28
    l->next->prev = n;
80004424:	00e7a223          	sw	a4,4(a5)
    n->next = l->next;
80004428:	00f42e23          	sw	a5,28(s0)
    l->next = n;
8000442c:	00e6a023          	sw	a4,0(a3)
    timer->parent.flag |= RT_TIMER_FLAG_ACTIVATED;
80004430:	01144783          	lbu	a5,17(s0)
    n->prev = l;
80004434:	02d42023          	sw	a3,32(s0)
80004438:	0017e793          	ori	a5,a5,1
8000443c:	00f408a3          	sb	a5,17(s0)
}
80004440:	00812403          	lw	s0,8(sp)
80004444:	01010113          	addi	sp,sp,16
80004448:	00008067          	ret

8000444c <rt_timer_init>:
{
8000444c:	fe010113          	addi	sp,sp,-32
80004450:	00812c23          	sw	s0,24(sp)
80004454:	00912a23          	sw	s1,20(sp)
80004458:	01212823          	sw	s2,16(sp)
8000445c:	01312623          	sw	s3,12(sp)
80004460:	01412423          	sw	s4,8(sp)
80004464:	01512223          	sw	s5,4(sp)
80004468:	00112e23          	sw	ra,28(sp)
8000446c:	00050413          	mv	s0,a0
80004470:	00058a93          	mv	s5,a1
80004474:	00060993          	mv	s3,a2
80004478:	00068a13          	mv	s4,a3
8000447c:	00070913          	mv	s2,a4
80004480:	00078493          	mv	s1,a5
    RT_ASSERT(timer != RT_NULL);
80004484:	00051e63          	bnez	a0,800044a0 <rt_timer_init+0x54>
80004488:	11300613          	li	a2,275
8000448c:	00001597          	auipc	a1,0x1
80004490:	6c058593          	addi	a1,a1,1728 # 80005b4c <__FUNCTION__.8>
80004494:	00001517          	auipc	a0,0x1
80004498:	52c50513          	addi	a0,a0,1324 # 800059c0 <__FUNCTION__.9+0x10>
8000449c:	f8dfd0ef          	jal	ra,80002428 <rt_assert_handler>
    RT_ASSERT(timeout != RT_NULL);
800044a0:	00099e63          	bnez	s3,800044bc <rt_timer_init+0x70>
800044a4:	11400613          	li	a2,276
800044a8:	00001597          	auipc	a1,0x1
800044ac:	6a458593          	addi	a1,a1,1700 # 80005b4c <__FUNCTION__.8>
800044b0:	00001517          	auipc	a0,0x1
800044b4:	52450513          	addi	a0,a0,1316 # 800059d4 <__FUNCTION__.9+0x24>
800044b8:	f71fd0ef          	jal	ra,80002428 <rt_assert_handler>
    RT_ASSERT(time < RT_TICK_MAX / 2);
800044bc:	800007b7          	lui	a5,0x80000
800044c0:	ffe7c793          	xori	a5,a5,-2
800044c4:	0127fe63          	bgeu	a5,s2,800044e0 <rt_timer_init+0x94>
800044c8:	11500613          	li	a2,277
800044cc:	00001597          	auipc	a1,0x1
800044d0:	68058593          	addi	a1,a1,1664 # 80005b4c <__FUNCTION__.8>
800044d4:	00001517          	auipc	a0,0x1
800044d8:	51450513          	addi	a0,a0,1300 # 800059e8 <__FUNCTION__.9+0x38>
800044dc:	f4dfd0ef          	jal	ra,80002428 <rt_assert_handler>
    rt_object_init(&(timer->parent), RT_Object_Class_Timer, name);
800044e0:	000a8613          	mv	a2,s5
800044e4:	00040513          	mv	a0,s0
800044e8:	00a00593          	li	a1,10
800044ec:	ea4fe0ef          	jal	ra,80002b90 <rt_object_init>
        rt_list_init(&(timer->row[i]));
800044f0:	01c40793          	addi	a5,s0,28
    timer->parent.flag &= ~RT_TIMER_FLAG_ACTIVATED;
800044f4:	ffe4f493          	andi	s1,s1,-2
800044f8:	009408a3          	sb	s1,17(s0)
    timer->timeout_func = timeout;
800044fc:	03342223          	sw	s3,36(s0)
    timer->parameter    = parameter;
80004500:	03442423          	sw	s4,40(s0)
    timer->init_tick    = time;
80004504:	03242623          	sw	s2,44(s0)
}
80004508:	01c12083          	lw	ra,28(sp)
    timer->timeout_tick = 0;
8000450c:	02042823          	sw	zero,48(s0)
    l->next = l->prev = l;
80004510:	02f42023          	sw	a5,32(s0)
80004514:	00f42e23          	sw	a5,28(s0)
}
80004518:	01812403          	lw	s0,24(sp)
8000451c:	01412483          	lw	s1,20(sp)
80004520:	01012903          	lw	s2,16(sp)
80004524:	00c12983          	lw	s3,12(sp)
80004528:	00812a03          	lw	s4,8(sp)
8000452c:	00412a83          	lw	s5,4(sp)
80004530:	02010113          	addi	sp,sp,32
80004534:	00008067          	ret

80004538 <rt_timer_detach>:
{
80004538:	fe010113          	addi	sp,sp,-32
8000453c:	00812c23          	sw	s0,24(sp)
80004540:	00112e23          	sw	ra,28(sp)
80004544:	00050413          	mv	s0,a0
    RT_ASSERT(timer != RT_NULL);
80004548:	00051e63          	bnez	a0,80004564 <rt_timer_detach+0x2c>
8000454c:	12b00613          	li	a2,299
80004550:	00001597          	auipc	a1,0x1
80004554:	5ec58593          	addi	a1,a1,1516 # 80005b3c <__FUNCTION__.7>
80004558:	00001517          	auipc	a0,0x1
8000455c:	46850513          	addi	a0,a0,1128 # 800059c0 <__FUNCTION__.9+0x10>
80004560:	ec9fd0ef          	jal	ra,80002428 <rt_assert_handler>
    RT_ASSERT(rt_object_get_type(&timer->parent) == RT_Object_Class_Timer);
80004564:	00040513          	mv	a0,s0
80004568:	ae5fe0ef          	jal	ra,8000304c <rt_object_get_type>
8000456c:	00a00793          	li	a5,10
80004570:	00f50e63          	beq	a0,a5,8000458c <rt_timer_detach+0x54>
80004574:	12c00613          	li	a2,300
80004578:	00001597          	auipc	a1,0x1
8000457c:	5c458593          	addi	a1,a1,1476 # 80005b3c <__FUNCTION__.7>
80004580:	00001517          	auipc	a0,0x1
80004584:	48050513          	addi	a0,a0,1152 # 80005a00 <__FUNCTION__.9+0x50>
80004588:	ea1fd0ef          	jal	ra,80002428 <rt_assert_handler>
    RT_ASSERT(rt_object_is_systemobject(&timer->parent));
8000458c:	00040513          	mv	a0,s0
80004590:	a79fe0ef          	jal	ra,80003008 <rt_object_is_systemobject>
80004594:	00051e63          	bnez	a0,800045b0 <rt_timer_detach+0x78>
80004598:	12d00613          	li	a2,301
8000459c:	00001597          	auipc	a1,0x1
800045a0:	5a058593          	addi	a1,a1,1440 # 80005b3c <__FUNCTION__.7>
800045a4:	00001517          	auipc	a0,0x1
800045a8:	49850513          	addi	a0,a0,1176 # 80005a3c <__FUNCTION__.9+0x8c>
800045ac:	e7dfd0ef          	jal	ra,80002428 <rt_assert_handler>
    level = rt_spin_lock_irqsave(spinlock);
800045b0:	e0418513          	addi	a0,gp,-508 # 80100604 <_htimer_lock>
800045b4:	d71fc0ef          	jal	ra,80001324 <rt_spin_lock_irqsave>
800045b8:	00a12623          	sw	a0,12(sp)
    _timer_remove(timer);
800045bc:	00040513          	mv	a0,s0
800045c0:	dbdff0ef          	jal	ra,8000437c <_timer_remove>
    timer->parent.flag &= ~RT_TIMER_FLAG_ACTIVATED;
800045c4:	01144783          	lbu	a5,17(s0)
    rt_spin_unlock_irqrestore(spinlock, level);
800045c8:	00c12583          	lw	a1,12(sp)
800045cc:	e0418513          	addi	a0,gp,-508 # 80100604 <_htimer_lock>
    timer->parent.flag &= ~RT_TIMER_FLAG_ACTIVATED;
800045d0:	ffe7f793          	andi	a5,a5,-2
800045d4:	00f408a3          	sb	a5,17(s0)
    rt_spin_unlock_irqrestore(spinlock, level);
800045d8:	d79fc0ef          	jal	ra,80001350 <rt_spin_unlock_irqrestore>
    rt_object_detach(&(timer->parent));
800045dc:	00040513          	mv	a0,s0
800045e0:	f3cfe0ef          	jal	ra,80002d1c <rt_object_detach>
}
800045e4:	01c12083          	lw	ra,28(sp)
800045e8:	01812403          	lw	s0,24(sp)
800045ec:	00000513          	li	a0,0
800045f0:	02010113          	addi	sp,sp,32
800045f4:	00008067          	ret

800045f8 <rt_timer_start>:
 * @param timer the timer to be started
 *
 * @return the operation status, RT_EOK on OK, -RT_ERROR on error
 */
rt_err_t rt_timer_start(rt_timer_t timer)
{
800045f8:	fd010113          	addi	sp,sp,-48
800045fc:	02812423          	sw	s0,40(sp)
80004600:	02112623          	sw	ra,44(sp)
80004604:	02912223          	sw	s1,36(sp)
80004608:	00050413          	mv	s0,a0
    rt_list_t *timer_list;
    rt_base_t level;
    rt_err_t err;

    /* parameter check */
    RT_ASSERT(timer != RT_NULL);
8000460c:	00051e63          	bnez	a0,80004628 <rt_timer_start+0x30>
80004610:	23c00613          	li	a2,572
80004614:	00001597          	auipc	a1,0x1
80004618:	51858593          	addi	a1,a1,1304 # 80005b2c <__FUNCTION__.4>
8000461c:	00001517          	auipc	a0,0x1
80004620:	3a450513          	addi	a0,a0,932 # 800059c0 <__FUNCTION__.9+0x10>
80004624:	e05fd0ef          	jal	ra,80002428 <rt_assert_handler>
    RT_ASSERT(rt_object_get_type(&timer->parent) == RT_Object_Class_Timer);
80004628:	00040513          	mv	a0,s0
8000462c:	a21fe0ef          	jal	ra,8000304c <rt_object_get_type>
80004630:	00a00793          	li	a5,10
80004634:	00f50e63          	beq	a0,a5,80004650 <rt_timer_start+0x58>
80004638:	23d00613          	li	a2,573
8000463c:	00001597          	auipc	a1,0x1
80004640:	4f058593          	addi	a1,a1,1264 # 80005b2c <__FUNCTION__.4>
80004644:	00001517          	auipc	a0,0x1
80004648:	3bc50513          	addi	a0,a0,956 # 80005a00 <__FUNCTION__.9+0x50>
8000464c:	dddfd0ef          	jal	ra,80002428 <rt_assert_handler>
        timer_list = _timer_list;
        spinlock = &_htimer_lock;
    }
#endif

    if (timer->parent.flag & RT_TIMER_FLAG_THREAD_TIMER)
80004650:	01144783          	lbu	a5,17(s0)
    int is_thread_timer = 0;
80004654:	00000493          	li	s1,0
    if (timer->parent.flag & RT_TIMER_FLAG_THREAD_TIMER)
80004658:	0087f793          	andi	a5,a5,8
8000465c:	04078263          	beqz	a5,800046a0 <rt_timer_start+0xa8>
    {
        rt_thread_t thread;
        is_thread_timer = 1;
        rt_sched_lock(&slvl);
80004660:	01c10513          	addi	a0,sp,28
80004664:	d3dfe0ef          	jal	ra,800033a0 <rt_sched_lock>

        thread = rt_container_of(timer, struct rt_thread, thread_timer);
80004668:	fb040493          	addi	s1,s0,-80
        RT_ASSERT(rt_object_get_type(&thread->parent) == RT_Object_Class_Thread);
8000466c:	00048513          	mv	a0,s1
80004670:	9ddfe0ef          	jal	ra,8000304c <rt_object_get_type>
80004674:	00100793          	li	a5,1
80004678:	00f50e63          	beq	a0,a5,80004694 <rt_timer_start+0x9c>
8000467c:	25800613          	li	a2,600
80004680:	00001597          	auipc	a1,0x1
80004684:	4ac58593          	addi	a1,a1,1196 # 80005b2c <__FUNCTION__.4>
80004688:	00001517          	auipc	a0,0x1
8000468c:	3e050513          	addi	a0,a0,992 # 80005a68 <__FUNCTION__.9+0xb8>
80004690:	d99fd0ef          	jal	ra,80002428 <rt_assert_handler>
        rt_sched_thread_timer_start(thread);
80004694:	00048513          	mv	a0,s1
80004698:	a01fe0ef          	jal	ra,80003098 <rt_sched_thread_timer_start>
        is_thread_timer = 1;
8000469c:	00100493          	li	s1,1
    }

    level = rt_spin_lock_irqsave(spinlock);
800046a0:	e0418513          	addi	a0,gp,-508 # 80100604 <_htimer_lock>
800046a4:	c81fc0ef          	jal	ra,80001324 <rt_spin_lock_irqsave>
800046a8:	00a12623          	sw	a0,12(sp)

    err = _timer_start(timer_list, timer);
800046ac:	00040513          	mv	a0,s0
800046b0:	cedff0ef          	jal	ra,8000439c <_timer_start.constprop.0>

    rt_spin_unlock_irqrestore(spinlock, level);
800046b4:	00c12583          	lw	a1,12(sp)
    err = _timer_start(timer_list, timer);
800046b8:	00050413          	mv	s0,a0
    rt_spin_unlock_irqrestore(spinlock, level);
800046bc:	e0418513          	addi	a0,gp,-508 # 80100604 <_htimer_lock>
800046c0:	c91fc0ef          	jal	ra,80001350 <rt_spin_unlock_irqrestore>

    if (is_thread_timer)
800046c4:	00048663          	beqz	s1,800046d0 <rt_timer_start+0xd8>
    {
        rt_sched_unlock(slvl);
800046c8:	01c12503          	lw	a0,28(sp)
800046cc:	d0dfe0ef          	jal	ra,800033d8 <rt_sched_unlock>
    }

    return err;
}
800046d0:	02c12083          	lw	ra,44(sp)
800046d4:	00040513          	mv	a0,s0
800046d8:	02812403          	lw	s0,40(sp)
800046dc:	02412483          	lw	s1,36(sp)
800046e0:	03010113          	addi	sp,sp,48
800046e4:	00008067          	ret

800046e8 <rt_timer_stop>:
 * @param timer the timer to be stopped
 *
 * @return the operation status, RT_EOK on OK, -RT_ERROR on error
 */
rt_err_t rt_timer_stop(rt_timer_t timer)
{
800046e8:	fe010113          	addi	sp,sp,-32
800046ec:	00812c23          	sw	s0,24(sp)
800046f0:	00112e23          	sw	ra,28(sp)
800046f4:	00050413          	mv	s0,a0
    rt_base_t level;
    struct rt_spinlock *spinlock;

    /* timer check */
    RT_ASSERT(timer != RT_NULL);
800046f8:	00051e63          	bnez	a0,80004714 <rt_timer_stop+0x2c>
800046fc:	27800613          	li	a2,632
80004700:	00001597          	auipc	a1,0x1
80004704:	41c58593          	addi	a1,a1,1052 # 80005b1c <__FUNCTION__.2>
80004708:	00001517          	auipc	a0,0x1
8000470c:	2b850513          	addi	a0,a0,696 # 800059c0 <__FUNCTION__.9+0x10>
80004710:	d19fd0ef          	jal	ra,80002428 <rt_assert_handler>
    RT_ASSERT(rt_object_get_type(&timer->parent) == RT_Object_Class_Timer);
80004714:	00040513          	mv	a0,s0
80004718:	935fe0ef          	jal	ra,8000304c <rt_object_get_type>
8000471c:	00a00793          	li	a5,10
80004720:	00f50e63          	beq	a0,a5,8000473c <rt_timer_stop+0x54>
80004724:	27900613          	li	a2,633
80004728:	00001597          	auipc	a1,0x1
8000472c:	3f458593          	addi	a1,a1,1012 # 80005b1c <__FUNCTION__.2>
80004730:	00001517          	auipc	a0,0x1
80004734:	2d050513          	addi	a0,a0,720 # 80005a00 <__FUNCTION__.9+0x50>
80004738:	cf1fd0ef          	jal	ra,80002428 <rt_assert_handler>

    spinlock = _timerlock_idx(timer);

    level = rt_spin_lock_irqsave(spinlock);
8000473c:	e0418513          	addi	a0,gp,-508 # 80100604 <_htimer_lock>
80004740:	be5fc0ef          	jal	ra,80001324 <rt_spin_lock_irqsave>

    if (!(timer->parent.flag & RT_TIMER_FLAG_ACTIVATED))
80004744:	01144783          	lbu	a5,17(s0)
    level = rt_spin_lock_irqsave(spinlock);
80004748:	00050593          	mv	a1,a0
    if (!(timer->parent.flag & RT_TIMER_FLAG_ACTIVATED))
8000474c:	0017f793          	andi	a5,a5,1
80004750:	02079063          	bnez	a5,80004770 <rt_timer_stop+0x88>
    {
        rt_spin_unlock_irqrestore(spinlock, level);
80004754:	e0418513          	addi	a0,gp,-508 # 80100604 <_htimer_lock>
80004758:	bf9fc0ef          	jal	ra,80001350 <rt_spin_unlock_irqrestore>
        return -RT_ERROR;
8000475c:	fff00513          	li	a0,-1
    timer->parent.flag &= ~RT_TIMER_FLAG_ACTIVATED;

    rt_spin_unlock_irqrestore(spinlock, level);

    return RT_EOK;
}
80004760:	01c12083          	lw	ra,28(sp)
80004764:	01812403          	lw	s0,24(sp)
80004768:	02010113          	addi	sp,sp,32
8000476c:	00008067          	ret
    RT_OBJECT_HOOK_CALL(rt_object_put_hook, (&(timer->parent)));
80004770:	cd81a783          	lw	a5,-808(gp) # 801004d8 <rt_object_put_hook>
80004774:	00078a63          	beqz	a5,80004788 <rt_timer_stop+0xa0>
80004778:	00a12623          	sw	a0,12(sp)
8000477c:	00040513          	mv	a0,s0
80004780:	000780e7          	jalr	a5 # 80000000 <__rt_rvstack+0xffec0000>
80004784:	00c12583          	lw	a1,12(sp)
    _timer_remove(timer);
80004788:	00040513          	mv	a0,s0
8000478c:	00b12623          	sw	a1,12(sp)
80004790:	bedff0ef          	jal	ra,8000437c <_timer_remove>
    timer->parent.flag &= ~RT_TIMER_FLAG_ACTIVATED;
80004794:	01144783          	lbu	a5,17(s0)
    rt_spin_unlock_irqrestore(spinlock, level);
80004798:	00c12583          	lw	a1,12(sp)
8000479c:	e0418513          	addi	a0,gp,-508 # 80100604 <_htimer_lock>
    timer->parent.flag &= ~RT_TIMER_FLAG_ACTIVATED;
800047a0:	ffe7f793          	andi	a5,a5,-2
800047a4:	00f408a3          	sb	a5,17(s0)
    rt_spin_unlock_irqrestore(spinlock, level);
800047a8:	ba9fc0ef          	jal	ra,80001350 <rt_spin_unlock_irqrestore>
    return RT_EOK;
800047ac:	00000513          	li	a0,0
800047b0:	fb1ff06f          	j	80004760 <rt_timer_stop+0x78>

800047b4 <rt_timer_control>:
 * @param arg the argument
 *
 * @return the statu of control
 */
rt_err_t rt_timer_control(rt_timer_t timer, int cmd, void *arg)
{
800047b4:	fe010113          	addi	sp,sp,-32
800047b8:	00812c23          	sw	s0,24(sp)
800047bc:	00912a23          	sw	s1,20(sp)
800047c0:	01212823          	sw	s2,16(sp)
800047c4:	00112e23          	sw	ra,28(sp)
800047c8:	01312623          	sw	s3,12(sp)
800047cc:	00050413          	mv	s0,a0
800047d0:	00058913          	mv	s2,a1
800047d4:	00060493          	mv	s1,a2
    struct rt_spinlock *spinlock;
    rt_base_t level;

    /* parameter check */
    RT_ASSERT(timer != RT_NULL);
800047d8:	00051e63          	bnez	a0,800047f4 <rt_timer_control+0x40>
800047dc:	29f00613          	li	a2,671
800047e0:	00001597          	auipc	a1,0x1
800047e4:	32858593          	addi	a1,a1,808 # 80005b08 <__FUNCTION__.1>
800047e8:	00001517          	auipc	a0,0x1
800047ec:	1d850513          	addi	a0,a0,472 # 800059c0 <__FUNCTION__.9+0x10>
800047f0:	c39fd0ef          	jal	ra,80002428 <rt_assert_handler>
    RT_ASSERT(rt_object_get_type(&timer->parent) == RT_Object_Class_Timer);
800047f4:	00040513          	mv	a0,s0
800047f8:	855fe0ef          	jal	ra,8000304c <rt_object_get_type>
800047fc:	00a00793          	li	a5,10
80004800:	00f50e63          	beq	a0,a5,8000481c <rt_timer_control+0x68>
80004804:	2a000613          	li	a2,672
80004808:	00001597          	auipc	a1,0x1
8000480c:	30058593          	addi	a1,a1,768 # 80005b08 <__FUNCTION__.1>
80004810:	00001517          	auipc	a0,0x1
80004814:	1f050513          	addi	a0,a0,496 # 80005a00 <__FUNCTION__.9+0x50>
80004818:	c11fd0ef          	jal	ra,80002428 <rt_assert_handler>

    spinlock = _timerlock_idx(timer);

    level = rt_spin_lock_irqsave(spinlock);
8000481c:	e0418513          	addi	a0,gp,-508 # 80100604 <_htimer_lock>
80004820:	b05fc0ef          	jal	ra,80001324 <rt_spin_lock_irqsave>
80004824:	00900793          	li	a5,9
80004828:	00050993          	mv	s3,a0
    switch (cmd)
8000482c:	0727ee63          	bltu	a5,s2,800048a8 <rt_timer_control+0xf4>
80004830:	00001717          	auipc	a4,0x1
80004834:	2a070713          	addi	a4,a4,672 # 80005ad0 <__FUNCTION__.9+0x120>
80004838:	00291913          	slli	s2,s2,0x2
8000483c:	00e90933          	add	s2,s2,a4
80004840:	00092783          	lw	a5,0(s2)
80004844:	00e787b3          	add	a5,a5,a4
80004848:	00078067          	jr	a5
    {
    case RT_TIMER_CTRL_GET_TIME:
        *(rt_tick_t *)arg = timer->init_tick;
8000484c:	02c42783          	lw	a5,44(s0)

    case RT_TIMER_CTRL_GET_STATE:
        if(timer->parent.flag & RT_TIMER_FLAG_ACTIVATED)
        {
            /*timer is start and run*/
            *(rt_uint32_t *)arg = RT_TIMER_FLAG_ACTIVATED;
80004850:	00f4a023          	sw	a5,0(s1)
80004854:	0540006f          	j	800048a8 <rt_timer_control+0xf4>
        RT_ASSERT((*(rt_tick_t *)arg) < RT_TICK_MAX / 2);
80004858:	0004a703          	lw	a4,0(s1)
8000485c:	800007b7          	lui	a5,0x80000
80004860:	ffe7c793          	xori	a5,a5,-2
80004864:	00e7fe63          	bgeu	a5,a4,80004880 <rt_timer_control+0xcc>
80004868:	2ac00613          	li	a2,684
8000486c:	00001597          	auipc	a1,0x1
80004870:	29c58593          	addi	a1,a1,668 # 80005b08 <__FUNCTION__.1>
80004874:	00001517          	auipc	a0,0x1
80004878:	23450513          	addi	a0,a0,564 # 80005aa8 <__FUNCTION__.9+0xf8>
8000487c:	badfd0ef          	jal	ra,80002428 <rt_assert_handler>
        if (timer->parent.flag & RT_TIMER_FLAG_ACTIVATED)
80004880:	01144783          	lbu	a5,17(s0)
80004884:	0017f793          	andi	a5,a5,1
80004888:	00078c63          	beqz	a5,800048a0 <rt_timer_control+0xec>
            _timer_remove(timer);
8000488c:	00040513          	mv	a0,s0
80004890:	aedff0ef          	jal	ra,8000437c <_timer_remove>
            timer->parent.flag &= ~RT_TIMER_FLAG_ACTIVATED;
80004894:	01144783          	lbu	a5,17(s0)
80004898:	ffe7f793          	andi	a5,a5,-2
8000489c:	00f408a3          	sb	a5,17(s0)
        timer->init_tick = *(rt_tick_t *)arg;
800048a0:	0004a783          	lw	a5,0(s1)
800048a4:	02f42623          	sw	a5,44(s0)
        break;

    default:
        break;
    }
    rt_spin_unlock_irqrestore(spinlock, level);
800048a8:	00098593          	mv	a1,s3
800048ac:	e0418513          	addi	a0,gp,-508 # 80100604 <_htimer_lock>
800048b0:	aa1fc0ef          	jal	ra,80001350 <rt_spin_unlock_irqrestore>

    return RT_EOK;
}
800048b4:	01c12083          	lw	ra,28(sp)
800048b8:	01812403          	lw	s0,24(sp)
800048bc:	01412483          	lw	s1,20(sp)
800048c0:	01012903          	lw	s2,16(sp)
800048c4:	00c12983          	lw	s3,12(sp)
800048c8:	00000513          	li	a0,0
800048cc:	02010113          	addi	sp,sp,32
800048d0:	00008067          	ret
        timer->parent.flag &= ~RT_TIMER_FLAG_PERIODIC;
800048d4:	01144783          	lbu	a5,17(s0)
800048d8:	ffd7f793          	andi	a5,a5,-3
        timer->parent.flag |= RT_TIMER_FLAG_PERIODIC;
800048dc:	00f408a3          	sb	a5,17(s0)
        break;
800048e0:	fc9ff06f          	j	800048a8 <rt_timer_control+0xf4>
        timer->parent.flag |= RT_TIMER_FLAG_PERIODIC;
800048e4:	01144783          	lbu	a5,17(s0)
800048e8:	0027e793          	ori	a5,a5,2
800048ec:	ff1ff06f          	j	800048dc <rt_timer_control+0x128>
        if(timer->parent.flag & RT_TIMER_FLAG_ACTIVATED)
800048f0:	01144783          	lbu	a5,17(s0)
800048f4:	0017f793          	andi	a5,a5,1
800048f8:	00078663          	beqz	a5,80004904 <rt_timer_control+0x150>
            *(rt_uint32_t *)arg = RT_TIMER_FLAG_ACTIVATED;
800048fc:	00100793          	li	a5,1
80004900:	f51ff06f          	j	80004850 <rt_timer_control+0x9c>
            *(rt_uint32_t *)arg = RT_TIMER_FLAG_DEACTIVATED;
80004904:	0004a023          	sw	zero,0(s1)
80004908:	fa1ff06f          	j	800048a8 <rt_timer_control+0xf4>
        *(rt_tick_t *)arg =  timer->timeout_tick;
8000490c:	03042783          	lw	a5,48(s0)
80004910:	f41ff06f          	j	80004850 <rt_timer_control+0x9c>
        *(void **)arg = (void *)timer->timeout_func;
80004914:	02442783          	lw	a5,36(s0)
80004918:	f39ff06f          	j	80004850 <rt_timer_control+0x9c>
        timer->timeout_func = (void (*)(void*))arg;
8000491c:	02942223          	sw	s1,36(s0)
        break;
80004920:	f89ff06f          	j	800048a8 <rt_timer_control+0xf4>
        *(void **)arg = timer->parameter;
80004924:	02842783          	lw	a5,40(s0)
80004928:	f29ff06f          	j	80004850 <rt_timer_control+0x9c>
        timer->parameter = arg;
8000492c:	02942423          	sw	s1,40(s0)
        break;
80004930:	f79ff06f          	j	800048a8 <rt_timer_control+0xf4>

80004934 <rt_timer_check>:
 *        the corresponding timeout function will be invoked.
 *
 * @note This function shall be invoked in operating system timer interrupt.
 */
void rt_timer_check(void)
{
80004934:	fc010113          	addi	sp,sp,-64
80004938:	02112e23          	sw	ra,60(sp)
8000493c:	02812c23          	sw	s0,56(sp)
80004940:	02912a23          	sw	s1,52(sp)
80004944:	03212823          	sw	s2,48(sp)
80004948:	03312623          	sw	s3,44(sp)
8000494c:	03412423          	sw	s4,40(sp)
80004950:	03512223          	sw	s5,36(sp)
80004954:	03612023          	sw	s6,32(sp)
80004958:	01712e23          	sw	s7,28(sp)
8000495c:	01812c23          	sw	s8,24(sp)
80004960:	01912a23          	sw	s9,20(sp)
    RT_ASSERT(rt_interrupt_get_nest() > 0);
80004964:	fccfd0ef          	jal	ra,80002130 <rt_interrupt_get_nest>
80004968:	00051e63          	bnez	a0,80004984 <rt_timer_check+0x50>
8000496c:	2ee00613          	li	a2,750
80004970:	00001597          	auipc	a1,0x1
80004974:	18858593          	addi	a1,a1,392 # 80005af8 <__FUNCTION__.0>
80004978:	00000517          	auipc	a0,0x0
8000497c:	25450513          	addi	a0,a0,596 # 80004bcc <small_digits.0+0x48>
80004980:	aa9fd0ef          	jal	ra,80002428 <rt_assert_handler>
    level = rt_spin_lock_irqsave(lock);
80004984:	e0418513          	addi	a0,gp,-508 # 80100604 <_htimer_lock>
80004988:	99dfc0ef          	jal	ra,80001324 <rt_spin_lock_irqsave>
8000498c:	00810913          	addi	s2,sp,8
        if ((current_tick - t->timeout_tick) < RT_TICK_MAX / 2)
80004990:	80000a37          	lui	s4,0x80000
    level = rt_spin_lock_irqsave(lock);
80004994:	00050493          	mv	s1,a0
    return l->next == l;
80004998:	e0c18a93          	addi	s5,gp,-500 # 8010060c <_timer_list>
    current_tick = rt_tick_get();
8000499c:	f8cfc0ef          	jal	ra,80001128 <rt_tick_get>
        if ((current_tick - t->timeout_tick) < RT_TICK_MAX / 2)
800049a0:	ffea4a13          	xori	s4,s4,-2
    l->next = l->prev = l;
800049a4:	01212623          	sw	s2,12(sp)
800049a8:	01212423          	sw	s2,8(sp)
            RT_OBJECT_HOOK_CALL(rt_timer_enter_hook, (t));
800049ac:	e1818b93          	addi	s7,gp,-488 # 80100618 <rt_timer_enter_hook>
            rt_spin_unlock_irqrestore(lock, level);
800049b0:	e0418b13          	addi	s6,gp,-508 # 80100604 <_htimer_lock>
            RT_OBJECT_HOOK_CALL(rt_timer_exit_hook, (t));
800049b4:	e1c18c13          	addi	s8,gp,-484 # 8010061c <rt_timer_exit_hook>
            if ((t->parent.flag & RT_TIMER_FLAG_PERIODIC) &&
800049b8:	00300c93          	li	s9,3
    return l->next == l;
800049bc:	000aa403          	lw	s0,0(s5)
    while (!rt_list_isempty(&timer_list[RT_TIMER_SKIP_LIST_LEVEL - 1]))
800049c0:	01540c63          	beq	s0,s5,800049d8 <rt_timer_check+0xa4>
        current_tick = rt_tick_get();
800049c4:	f64fc0ef          	jal	ra,80001128 <rt_tick_get>
        if ((current_tick - t->timeout_tick) < RT_TICK_MAX / 2)
800049c8:	01442783          	lw	a5,20(s0)
        t = rt_list_entry(timer_list[RT_TIMER_SKIP_LIST_LEVEL - 1].next,
800049cc:	fe440993          	addi	s3,s0,-28
        if ((current_tick - t->timeout_tick) < RT_TICK_MAX / 2)
800049d0:	40f50533          	sub	a0,a0,a5
800049d4:	04aa7263          	bgeu	s4,a0,80004a18 <rt_timer_check+0xe4>
    rt_spin_unlock_irqrestore(lock, level);
800049d8:	00048593          	mv	a1,s1
800049dc:	e0418513          	addi	a0,gp,-508 # 80100604 <_htimer_lock>
800049e0:	971fc0ef          	jal	ra,80001350 <rt_spin_unlock_irqrestore>
    }
#endif
#ifndef RT_USING_TIMER_ALL_SOFT
    _timer_check(_timer_list, &_htimer_lock);
#endif
}
800049e4:	03c12083          	lw	ra,60(sp)
800049e8:	03812403          	lw	s0,56(sp)
800049ec:	03412483          	lw	s1,52(sp)
800049f0:	03012903          	lw	s2,48(sp)
800049f4:	02c12983          	lw	s3,44(sp)
800049f8:	02812a03          	lw	s4,40(sp)
800049fc:	02412a83          	lw	s5,36(sp)
80004a00:	02012b03          	lw	s6,32(sp)
80004a04:	01c12b83          	lw	s7,28(sp)
80004a08:	01812c03          	lw	s8,24(sp)
80004a0c:	01412c83          	lw	s9,20(sp)
80004a10:	04010113          	addi	sp,sp,64
80004a14:	00008067          	ret
            RT_OBJECT_HOOK_CALL(rt_timer_enter_hook, (t));
80004a18:	000ba783          	lw	a5,0(s7)
80004a1c:	00078663          	beqz	a5,80004a28 <rt_timer_check+0xf4>
80004a20:	00098513          	mv	a0,s3
80004a24:	000780e7          	jalr	a5 # 80000000 <__rt_rvstack+0xffec0000>
            _timer_remove(t);
80004a28:	00098513          	mv	a0,s3
80004a2c:	951ff0ef          	jal	ra,8000437c <_timer_remove>
            if (!(t->parent.flag & RT_TIMER_FLAG_PERIODIC))
80004a30:	ff544783          	lbu	a5,-11(s0)
80004a34:	0027f713          	andi	a4,a5,2
80004a38:	00071663          	bnez	a4,80004a44 <rt_timer_check+0x110>
                t->parent.flag &= ~RT_TIMER_FLAG_ACTIVATED;
80004a3c:	ffe7f793          	andi	a5,a5,-2
80004a40:	fef40aa3          	sb	a5,-11(s0)
    l->next->prev = n;
80004a44:	00812783          	lw	a5,8(sp)
            rt_spin_unlock_irqrestore(lock, level);
80004a48:	00048593          	mv	a1,s1
80004a4c:	000b0513          	mv	a0,s6
80004a50:	0087a223          	sw	s0,4(a5)
    n->next = l->next;
80004a54:	00f42023          	sw	a5,0(s0)
    n->prev = l;
80004a58:	01242223          	sw	s2,4(s0)
    l->next = n;
80004a5c:	00812423          	sw	s0,8(sp)
80004a60:	8f1fc0ef          	jal	ra,80001350 <rt_spin_unlock_irqrestore>
            t->timeout_func(t->parameter);
80004a64:	00842783          	lw	a5,8(s0)
80004a68:	00c42503          	lw	a0,12(s0)
80004a6c:	000780e7          	jalr	a5
            RT_OBJECT_HOOK_CALL(rt_timer_exit_hook, (t));
80004a70:	000c2783          	lw	a5,0(s8)
80004a74:	00078663          	beqz	a5,80004a80 <rt_timer_check+0x14c>
80004a78:	00098513          	mv	a0,s3
80004a7c:	000780e7          	jalr	a5
            level = rt_spin_lock_irqsave(lock);
80004a80:	000b0513          	mv	a0,s6
80004a84:	8a1fc0ef          	jal	ra,80001324 <rt_spin_lock_irqsave>
            if (rt_list_isempty(&list))
80004a88:	00812783          	lw	a5,8(sp)
            level = rt_spin_lock_irqsave(lock);
80004a8c:	00050493          	mv	s1,a0
            if (rt_list_isempty(&list))
80004a90:	f32786e3          	beq	a5,s2,800049bc <rt_timer_check+0x88>
    n->next->prev = n->prev;
80004a94:	00042703          	lw	a4,0(s0)
80004a98:	00442783          	lw	a5,4(s0)
80004a9c:	00f72223          	sw	a5,4(a4)
    n->prev->next = n->next;
80004aa0:	00e7a023          	sw	a4,0(a5)
            if ((t->parent.flag & RT_TIMER_FLAG_PERIODIC) &&
80004aa4:	ff544783          	lbu	a5,-11(s0)
    n->next = n->prev = n;
80004aa8:	00842223          	sw	s0,4(s0)
80004aac:	00842023          	sw	s0,0(s0)
80004ab0:	0037f713          	andi	a4,a5,3
80004ab4:	f19714e3          	bne	a4,s9,800049bc <rt_timer_check+0x88>
                t->parent.flag &= ~RT_TIMER_FLAG_ACTIVATED;
80004ab8:	ffe7f793          	andi	a5,a5,-2
80004abc:	fef40aa3          	sb	a5,-11(s0)
                _timer_start(timer_list, t);
80004ac0:	00098513          	mv	a0,s3
80004ac4:	8d9ff0ef          	jal	ra,8000439c <_timer_start.constprop.0>
80004ac8:	ef5ff06f          	j	800049bc <rt_timer_check+0x88>

80004acc <rt_system_timer_init>:
    l->next = l->prev = l;
80004acc:	e0c18793          	addi	a5,gp,-500 # 8010060c <_timer_list>
80004ad0:	00f7a223          	sw	a5,4(a5)
80004ad4:	00f7a023          	sw	a5,0(a5)
    for (i = 0; i < sizeof(_timer_list) / sizeof(_timer_list[0]); i++)
    {
        rt_list_init(_timer_list + i);
    }

    rt_spin_lock_init(&_htimer_lock);
80004ad8:	e0418513          	addi	a0,gp,-508 # 80100604 <_htimer_lock>
80004adc:	839fc06f          	j	80001314 <rt_spin_lock_init>

80004ae0 <rt_system_timer_thread_init>:
                   10);

    /* startup */
    rt_thread_startup(&_timer_thread);
#endif /* RT_USING_TIMER_SOFT */
}
80004ae0:	00008067          	ret
80004ae4:	6e28                	flw	fa0,88(a2)
80004ae6:	6c75                	lui	s8,0x1d
80004ae8:	296c                	fld	fa1,208(a0)
80004aea:	0000                	unimp
80004aec:	c2e8                	sw	a0,68(a3)
80004aee:	ffff                	0xffff
80004af0:	c050                	sw	a2,4(s0)
80004af2:	ffff                	0xffff
80004af4:	c050                	sw	a2,4(s0)
80004af6:	ffff                	0xffff
80004af8:	c050                	sw	a2,4(s0)
80004afa:	ffff                	0xffff
80004afc:	c050                	sw	a2,4(s0)
80004afe:	ffff                	0xffff
80004b00:	c050                	sw	a2,4(s0)
80004b02:	ffff                	0xffff
80004b04:	c050                	sw	a2,4(s0)
80004b06:	ffff                	0xffff
80004b08:	c050                	sw	a2,4(s0)
80004b0a:	ffff                	0xffff
80004b0c:	c050                	sw	a2,4(s0)
80004b0e:	ffff                	0xffff
80004b10:	c050                	sw	a2,4(s0)
80004b12:	ffff                	0xffff
80004b14:	c308                	sw	a0,0(a4)
80004b16:	ffff                	0xffff
80004b18:	c0d0                	sw	a2,4(s1)
80004b1a:	ffff                	0xffff
80004b1c:	c2f4                	sw	a3,68(a3)
80004b1e:	ffff                	0xffff
80004b20:	c044                	sw	s1,4(s0)
80004b22:	ffff                	0xffff
80004b24:	c044                	sw	s1,4(s0)
80004b26:	ffff                	0xffff
80004b28:	c044                	sw	s1,4(s0)
80004b2a:	ffff                	0xffff
80004b2c:	c050                	sw	a2,4(s0)
80004b2e:	ffff                	0xffff
80004b30:	c2f4                	sw	a3,68(a3)
80004b32:	ffff                	0xffff
80004b34:	c050                	sw	a2,4(s0)
80004b36:	ffff                	0xffff
80004b38:	c050                	sw	a2,4(s0)
80004b3a:	ffff                	0xffff
80004b3c:	c050                	sw	a2,4(s0)
80004b3e:	ffff                	0xffff
80004b40:	c050                	sw	a2,4(s0)
80004b42:	ffff                	0xffff
80004b44:	c050                	sw	a2,4(s0)
80004b46:	ffff                	0xffff
80004b48:	c2cc                	sw	a1,4(a3)
80004b4a:	ffff                	0xffff
80004b4c:	c2a0                	sw	s0,64(a3)
80004b4e:	ffff                	0xffff
80004b50:	c050                	sw	a2,4(s0)
80004b52:	ffff                	0xffff
80004b54:	c050                	sw	a2,4(s0)
80004b56:	ffff                	0xffff
80004b58:	c1b4                	sw	a3,64(a1)
80004b5a:	ffff                	0xffff
80004b5c:	c050                	sw	a2,4(s0)
80004b5e:	ffff                	0xffff
80004b60:	c2f8                	sw	a4,68(a3)
80004b62:	ffff                	0xffff
80004b64:	c050                	sw	a2,4(s0)
80004b66:	ffff                	0xffff
80004b68:	c050                	sw	a2,4(s0)
80004b6a:	ffff                	0xffff
80004b6c:	c2ec                	sw	a1,68(a3)
80004b6e:	ffff                	0xffff

80004b70 <large_digits.1>:
80004b70:	3130 3332 3534 3736 3938 4241 4443 4645     0123456789ABCDEF
80004b80:	0000 0000                                   ....

80004b84 <small_digits.0>:
80004b84:	3130 3332 3534 3736 3938 6261 6463 6665     0123456789abcdef
80004b94:	0000 0000 5452 542d 7268 6165 2f64 7573     ....RT-Thread/su
80004ba4:	6570 5372 6163 616c 2072 6574 7473 7320     perScalar test s
80004bb4:	6174 7472 000a 0000 7063 2d75 0061 0000     tart....cpu-a...
80004bc4:	7063 2d75 0062 0000 7472 695f 746e 7265     cpu-b...rt_inter
80004bd4:	7572 7470 675f 7465 6e5f 7365 2874 2029     rupt_get_nest() 
80004be4:	203e 0030                                   > 0.

80004be8 <__FUNCTION__.1>:
80004be8:	7472 745f 6369 5f6b 6e69 7263 6165 6573     rt_tick_increase
80004bf8:	0000 0000 616d 6e69 0000 0000 6974 2064     ....main....tid 
80004c08:	3d21 5220 5f54 554e 4c4c 0000               != RT_NULL..

80004c14 <__FUNCTION__.0>:
80004c14:	7472 615f 7070 696c 6163 6974 6e6f 695f     rt_application_i
80004c24:	696e 0074 6974 6c64 2565 0064 6573 206d     nit.tidle%d.sem 
80004c34:	3d21 5220 5f54 554e 4c4c 0000 7472 6f5f     != RT_NULL..rt_o
80004c44:	6a62 6365 5f74 6567 5f74 7974 6570 2628     bject_get_type(&
80004c54:	6573 2d6d 703e 7261 6e65 2e74 6170 6572     sem->parent.pare
80004c64:	746e 2029 3d3d 5220 5f54 624f 656a 7463     nt) == RT_Object
80004c74:	435f 616c 7373 535f 6d65 7061 6f68 6572     _Class_Semaphore
80004c84:	0000 0000 7546 636e 6974 6e6f 255b 5d73     ....Function[%s]
80004c94:	203a 6373 6568 7564 656c 2072 7369 6e20     : scheduler is n
80004ca4:	746f 6120 6176 6c69 6261 656c 000a 0000     ot available....
80004cb4:	7546 636e 6974 6e6f 255b 5d73 7320 6168     Function[%s] sha
80004cc4:	6c6c 6e20 746f 6220 2065 7375 6465 6220     ll not be used b
80004cd4:	6665 726f 2065 6373 6568 7564 656c 2072     efore scheduler 
80004ce4:	7473 7261 0a74 0000 7546 636e 6974 6e6f     start...Function
80004cf4:	255b 5d73 7320 6168 6c6c 6e20 746f 6220     [%s] shall not b
80004d04:	2065 7375 6465 6920 206e 5349 0a52 0000     e used in ISR...
80004d14:	756d 6574 2078 3d21 5220 5f54 554e 4c4c     mutex != RT_NULL
80004d24:	0000 0000 7472 6f5f 6a62 6365 5f74 6567     ....rt_object_ge
80004d34:	5f74 7974 6570 2628 756d 6574 2d78 703e     t_type(&mutex->p
80004d44:	7261 6e65 2e74 6170 6572 746e 2029 3d3d     arent.parent) ==
80004d54:	5220 5f54 624f 656a 7463 435f 616c 7373      RT_Object_Class
80004d64:	4d5f 7475 7865 0000 6874 6572 6461 3e2d     _Mutex..thread->
80004d74:	7265 6f72 2072 3d3d 5220 5f54 4f45 004b     error == RT_EOK.
80004d84:	6874 6572 6461 2120 203d 5452 4e5f 4c55     thread != RT_NUL
80004d94:	004c 0000 6874 6572 6461 3e2d 6570 646e     L...thread->pend
80004da4:	6e69 5f67 626f 656a 7463 3d20 203d 6d26     ing_object == &m
80004db4:	7475 7865 3e2d 6170 6572 746e 702e 7261     utex->parent.par
80004dc4:	6e65 0074 7472 735f 6863 6465 745f 7268     ent.rt_sched_thr
80004dd4:	6165 5f64 7369 735f 7375 6570 646e 6465     ead_is_suspended
80004de4:	6e28 7865 5f74 6874 6572 6461 0029 0000     (next_thread)...

80004df4 <__FUNCTION__.23>:
80004df4:	7472 6d5f 7475 7865 725f 6c65 6165 6573     rt_mutex_release
80004e04:	0000 0000                                   ....

80004e08 <__FUNCTION__.24>:
80004e08:	725f 5f74 756d 6574 5f78 6174 656b 0000     _rt_mutex_take..

80004e18 <__FUNCTION__.29>:
80004e18:	7472 6d5f 7475 7865 645f 6f72 5f70 6874     rt_mutex_drop_th
80004e28:	6572 6461 0000 0000                         read....

80004e30 <__FUNCTION__.31>:
80004e30:	7472 6d5f 7475 7865 695f 696e 0074 0000     rt_mutex_init...

80004e40 <__FUNCTION__.39>:
80004e40:	7472 735f 7375 5f70 696c 7473 655f 716e     rt_susp_list_enq
80004e50:	6575 6575 0000 0000 5b1b 3333 5b6d 2f57     ueue.....[33m[W/
80004e60:	656b 6e72 6c65 732e 7265 6976 6563 205d     kernel.service] 
80004e70:	0000 0000 7472 685f 5f77 7375 645f 6c65     ....rt_hw_us_del
80004e80:	7961 2928 6420 656f 6e73 7427 7320 7075     ay() doesn't sup
80004e90:	6f70 7472 6620 726f 7420 6968 2073 6f62     port for this bo
80004ea0:	7261 2e64 6c50 6165 6573 6320 6e6f 6973     ard.Please consi
80004eb0:	6564 2072 6d69 6c70 6d65 6e65 6974 676e     der implementing
80004ec0:	7220 5f74 7768 755f 5f73 6564 616c 2879      rt_hw_us_delay(
80004ed0:	2029 6e69 6120 6f6e 6874 7265 6620 6c69     ) in another fil
80004ee0:	2e65 0000 5b1b 6d30 000a 0000 7325 6920     e....[0m....%s i
80004ef0:	2073 6f6e 2074 6d69 6c70 6d65 6e65 6574     s not implemente
80004f00:	0064 0000 200a 205c 207c 0a2f 0000 0000     d.... \ | /.....
80004f10:	202d 5452 2d20 2020 2020 5420 7268 6165     - RT -     Threa
80004f20:	2064 614e 6f6e 4f20 6570 6172 6974 676e     d Nano Operating
80004f30:	5320 7379 6574 0a6d 0000 0000 3332 343a      System.....23:4
80004f40:	3a39 3731 0000 0000 754a 206c 3732 3220     9:17....Jul 27 2
80004f50:	3230 0036 2f20 7c20 5c20 2020 2020 2520     026. / | \     %
80004f60:	2e64 6425 252e 2064 7562 6c69 2064 7325     d.%d.%d build %s
80004f70:	2520 0a73 0000 0000 3220 3030 2036 202d      %s..... 2006 - 
80004f80:	3032 3432 4320 706f 7279 6769 7468 6220     2024 Copyright b
80004f90:	2079 5452 542d 7268 6165 2064 6574 6d61     y RT-Thread team
80004fa0:	000a 0000 6c70 6165 6573 7520 6573 203a     ....please use: 
80004fb0:	6461 7264 6c32 6e69 2065 652d 7220 7474     addr2line -e rtt
80004fc0:	7268 6165 2e64 6c65 2066 612d 2d20 0a66     hread.elf -a -f.
80004fd0:	0000 0000 3020 2578 786c 0000 2528 2973     .... 0x%lx..(%s)
80004fe0:	6120 7373 7265 6974 6e6f 6620 6961 656c      assertion faile
80004ff0:	2064 7461 6620 6e75 7463 6f69 3a6e 7325     d at function:%s
80005000:	202c 696c 656e 6e20 6d75 6562 3a72 6425     , line number:%d
80005010:	0a20 0000 6e65 5f64 6c61 6769 206e 203e      ...end_align > 
80005020:	6562 6967 5f6e 6c61 6769 006e 6568 7061     begin_align.heap
80005030:	0000 0000 656c 6576 206c 3d3d 5220 5f54     ....level == RT_
80005040:	4f45 004b                                   EOK.

80005044 <__FUNCTION__.0>:
80005044:	685f 6165 5f70 6e75 6f6c 6b63 0000 0000     _heap_unlock....

80005054 <__FUNCTION__.1>:
80005054:	7472 735f 7379 6574 5f6d 6568 7061 695f     rt_system_heap_i
80005064:	696e 5f74 6567 656e 6972 0063               nit_generic.

80005070 <__func__.4>:
80005070:	7472 685f 5f77 6162 6b63 7274 6361 5f65     rt_hw_backtrace_
80005080:	7266 6d61 5f65 6e75 6977 646e 0000 0000     frame_unwind....

80005090 <__lowest_bit_bitmap>:
80005090:	0000 0001 0002 0001 0003 0001 0002 0001     ................
800050a0:	0004 0001 0002 0001 0003 0001 0002 0001     ................
800050b0:	0005 0001 0002 0001 0003 0001 0002 0001     ................
800050c0:	0004 0001 0002 0001 0003 0001 0002 0001     ................
800050d0:	0006 0001 0002 0001 0003 0001 0002 0001     ................
800050e0:	0004 0001 0002 0001 0003 0001 0002 0001     ................
800050f0:	0005 0001 0002 0001 0003 0001 0002 0001     ................
80005100:	0004 0001 0002 0001 0003 0001 0002 0001     ................
80005110:	0007 0001 0002 0001 0003 0001 0002 0001     ................
80005120:	0004 0001 0002 0001 0003 0001 0002 0001     ................
80005130:	0005 0001 0002 0001 0003 0001 0002 0001     ................
80005140:	0004 0001 0002 0001 0003 0001 0002 0001     ................
80005150:	0006 0001 0002 0001 0003 0001 0002 0001     ................
80005160:	0004 0001 0002 0001 0003 0001 0002 0001     ................
80005170:	0005 0001 0002 0001 0003 0001 0002 0001     ................
80005180:	0004 0001 0002 0001 0003 0001 0002 0001     ................
80005190:	7228 5f74 6975 746e 5f38 2074 292a 656d     (rt_uint8_t *)me
800051a0:	206d 3d3e 6d20 3e2d 6568 7061 705f 7274     m >= m->heap_ptr
800051b0:	0000 0000 7228 5f74 6975 746e 5f38 2074     ....(rt_uint8_t 
800051c0:	292a 656d 206d 203c 7228 5f74 6975 746e     *)mem < (rt_uint
800051d0:	5f38 2074 292a 2d6d 683e 6165 5f70 6e65     8_t *)m->heap_en
800051e0:	0064 0000 6d73 6c61 006c 0000 656d 206d     d...small...mem 
800051f0:	6e69 7469 202c 7265 6f72 2072 6562 6967     init, error begi
80005200:	206e 6461 7264 7365 2073 7830 7825 202c     n address 0x%x, 
80005210:	6e61 2064 6e65 2064 6461 7264 7365 2073     and end address 
80005220:	7830 7825 000a 0000 7472 6f5f 6a62 6365     0x%x....rt_objec
80005230:	5f74 6567 5f74 7974 6570 2628 2d6d 703e     t_get_type(&m->p
80005240:	7261 6e65 2974 3d20 203d 5452 4f5f 6a62     arent) == RT_Obj
80005250:	6365 5f74 6c43 7361 5f73 654d 6f6d 7972     ect_Class_Memory
80005260:	0000 0000 7472 6f5f 6a62 6365 5f74 7369     ....rt_object_is
80005270:	735f 7379 6574 6f6d 6a62 6365 2874 6d26     _systemobject(&m
80005280:	3e2d 6170 6572 746e 0029 0000 7228 5f74     ->parent)...(rt_
80005290:	6975 746e 7470 5f72 2974 656d 206d 202b     uintptr_t)mem + 
800052a0:	4953 455a 464f 535f 5254 4355 5f54 454d     SIZEOF_STRUCT_ME
800052b0:	204d 202b 6973 657a 3c20 203d 7228 5f74     M + size <= (rt_
800052c0:	6975 746e 7470 5f72 2974 6d73 6c61 5f6c     uintptr_t)small_
800052d0:	656d 2d6d 683e 6165 5f70 6e65 0064 0000     mem->heap_end...
800052e0:	7228 5f74 6975 746e 7470 5f72 2974 2828     (rt_uintptr_t)((
800052f0:	7472 755f 6e69 3874 745f 2a20 6d29 6d65     rt_uint8_t *)mem
80005300:	2b20 5320 5a49 4f45 5f46 5453 5552 5443      + SIZEOF_STRUCT
80005310:	4d5f 4d45 2029 2025 5452 415f 494c 4e47     _MEM) % RT_ALIGN
80005320:	535f 5a49 2045 3d3d 3020 0000 2828 7228     _SIZE == 0..(((r
80005330:	5f74 6975 746e 7470 5f72 2974 656d 296d     t_uintptr_t)mem)
80005340:	2620 2820 5452 415f 494c 4e47 535f 5a49      & (RT_ALIGN_SIZ
80005350:	2045 202d 2931 2029 3d3d 3020 0000 0000     E - 1)) == 0....
80005360:	2828 7228 5f74 6975 746e 7470 5f72 2974     (((rt_uintptr_t)
80005370:	6d72 6d65 2029 2026 5228 5f54 4c41 4749     rmem) & (RT_ALIG
80005380:	5f4e 4953 455a 2d20 3120 2929 3d20 203d     N_SIZE - 1)) == 
80005390:	0030 0000 6d73 6c61 5f6c 656d 206d 3d21     0...small_mem !=
800053a0:	5220 5f54 554e 4c4c 0000 0000 454d 5f4d      RT_NULL....MEM_
800053b0:	5349 5355 4445 6d28 6d65 0029 7472 6f5f     ISUSED(mem).rt_o
800053c0:	6a62 6365 5f74 6567 5f74 7974 6570 2628     bject_get_type(&
800053d0:	6d73 6c61 5f6c 656d 2d6d 703e 7261 6e65     small_mem->paren
800053e0:	2e74 6170 6572 746e 2029 3d3d 5220 5f54     t.parent) == RT_
800053f0:	624f 656a 7463 435f 616c 7373 4d5f 6d65     Object_Class_Mem
80005400:	726f 0079 7472 6f5f 6a62 6365 5f74 7369     ory.rt_object_is
80005410:	735f 7379 6574 6f6d 6a62 6365 2874 7326     _systemobject(&s
80005420:	616d 6c6c 6d5f 6d65 3e2d 6170 6572 746e     mall_mem->parent
80005430:	702e 7261 6e65 2974 0000 0000 7228 5f74     .parent)....(rt_
80005440:	6975 746e 5f38 2074 292a 6d72 6d65 3e20     uint8_t *)rmem >
80005450:	203d 7228 5f74 6975 746e 5f38 2074 292a     = (rt_uint8_t *)
80005460:	6d73 6c61 5f6c 656d 2d6d 683e 6165 5f70     small_mem->heap_
80005470:	7470 2072 2626 2820 7472 755f 6e69 3874     ptr && (rt_uint8
80005480:	745f 2a20 7229 656d 206d 203c 7228 5f74     _t *)rmem < (rt_
80005490:	6975 746e 5f38 2074 292a 6d73 6c61 5f6c     uint8_t *)small_
800054a0:	656d 2d6d 683e 6165 5f70 6e65 0064 0000     mem->heap_end...
800054b0:	454d 5f4d 4f50 4c4f 2628 6d73 6c61 5f6c     MEM_POOL(&small_
800054c0:	656d 2d6d 683e 6165 5f70 7470 5b72 656d     mem->heap_ptr[me
800054d0:	2d6d 6e3e 7865 5d74 2029 3d3d 7320 616d     m->next]) == sma
800054e0:	6c6c 6d5f 6d65 0000                         ll_mem..

800054e8 <__FUNCTION__.0>:
800054e8:	7472 735f 656d 5f6d 7266 6565 0000 0000     rt_smem_free....

800054f8 <__FUNCTION__.1>:
800054f8:	6c70 6775 685f 6c6f 7365 0000               plug_holes..

80005504 <__FUNCTION__.3>:
80005504:	7472 735f 656d 5f6d 6c61 6f6c 0063 0000     rt_smem_alloc...
80005514:	6e69 6f66 6d72 7461 6f69 206e 3d21 5220     information != R
80005524:	5f54 554e 4c4c 0000 626f 206a 3d21 6f20     T_NULL..obj != o
80005534:	6a62 6365 0074 0000 5b1b 3133 5b6d 2f45     bject....[31m[E/
80005544:	656b 6e72 6c65 6f2e 6a62 205d 0000 0000     kernel.obj] ....
80005554:	624f 656a 7463 6e20 6d61 2065 7325 6520     Object name %s e
80005564:	6378 6565 7364 5220 5f54 414e 454d 4d5f     xceeds RT_NAME_M
80005574:	5841 253d 2c64 6320 6e6f 6973 6564 2072     AX=%d, consider 
80005584:	6e69 7263 6165 6973 676e 5220 5f54 414e     increasing RT_NA
80005594:	454d 4d5f 5841 002e 626f 656a 7463 2120     ME_MAX..object !
800055a4:	203d 5452 4e5f 4c55 004c 0000 2821 626f     = RT_NULL...!(ob
800055b4:	656a 7463 3e2d 7974 6570 2620 5220 5f54     ject->type & RT_
800055c4:	624f 656a 7463 435f 616c 7373 535f 6174     Object_Class_Sta
800055d4:	6974 2963 0000 0000                         tic)....

800055dc <__FUNCTION__.2>:
800055dc:	7472 6f5f 6a62 6365 5f74 6567 5f74 7974     rt_object_get_ty
800055ec:	6570 0000                                   pe..

800055f0 <__FUNCTION__.3>:
800055f0:	7472 6f5f 6a62 6365 5f74 7369 735f 7379     rt_object_is_sys
80005600:	6574 6f6d 6a62 6365 0074 0000               temobject...

8000560c <__FUNCTION__.4>:
8000560c:	7472 6f5f 6a62 6365 5f74 6564 656c 6574     rt_object_delete
8000561c:	0000 0000                                   ....

80005620 <__FUNCTION__.5>:
80005620:	7472 6f5f 6a62 6365 5f74 6c61 6f6c 6163     rt_object_alloca
80005630:	6574 0000                                   te..

80005634 <__FUNCTION__.6>:
80005634:	7472 6f5f 6a62 6365 5f74 6564 6174 6863     rt_object_detach
80005644:	0000 0000                                   ....

80005648 <__FUNCTION__.7>:
80005648:	7472 6f5f 6a62 6365 5f74 6e69 7469 0000     rt_object_init..
80005658:	7270 6f69 6972 7974 3c20 5220 5f54 4854     priority < RT_TH
80005668:	4552 4441 505f 4952 524f 5449 5f59 414d     READ_PRIORITY_MA
80005678:	0058 0000 5b1b 3133 5b6d 2f45 656b 6e72     X....[31m[E/kern
80005688:	6c65 732e 6863 6465 205d 0000 6874 6572     el.sched] ..thre
80005698:	6461 253a 2073 7473 6361 206b 766f 7265     ad:%s stack over
800056a8:	6c66 776f 000a 0000 5b1b 3333 5b6d 2f57     flow.....[33m[W/
800056b8:	656b 6e72 6c65 732e 6863 6465 205d 0000     kernel.sched] ..
800056c8:	6177 6e72 6e69 3a67 2520 2073 7473 6361     warning: %s stac
800056d8:	206b 7369 6320 6f6c 6573 7420 206f 6e65     k is close to en
800056e8:	2064 666f 7320 6174 6b63 6120 6464 6572     d of stack addre
800056f8:	7373 0a2e 0000 0000                         ss......

80005700 <__FUNCTION__.0>:
80005700:	7472 735f 6863 6465 6c75 7265 735f 6174     rt_scheduler_sta
80005710:	6b63 635f 6568 6b63 0000 0000               ck_check....

8000571c <__FUNCTION__.1>:
8000571c:	725f 5f74 6373 6568 5f64 7075 6164 6574     _rt_sched_update
8000572c:	705f 6972 726f 7469 0079 0000               _priority...

80005738 <__FUNCTION__.0>:
80005738:	7472 735f 6863 6465 725f 6d65 766f 5f65     rt_sched_remove_
80005748:	6874 6572 6461 0000                         thread..

80005750 <__FUNCTION__.1>:
80005750:	7472 735f 6863 6465 695f 736e 7265 5f74     rt_sched_insert_
80005760:	6874 6572 6461 0000                         thread..

80005768 <__FUNCTION__.2>:
80005768:	7472 735f 6863 6465 745f 7268 6165 5f64     rt_sched_thread_
80005778:	6e69 7469 705f 6972 0076 0000 7472 6f5f     init_priv...rt_o
80005788:	6a62 6365 5f74 6567 5f74 7974 6570 2828     bject_get_type((
80005798:	7472 6f5f 6a62 6365 5f74 2974 6874 6572     rt_object_t)thre
800057a8:	6461 2029 3d3d 5220 5f54 624f 656a 7463     ad) == RT_Object
800057b8:	435f 616c 7373 545f 7268 6165 0064 0000     _Class_Thread...
800057c8:	7472 735f 6863 6465 745f 7268 6165 5f64     rt_sched_thread_
800057d8:	7369 735f 7375 6570 646e 6465 7428 7268     is_suspended(thr
800057e8:	6165 2964 0000 0000 7473 6361 5f6b 7473     ead)....stack_st
800057f8:	7261 2074 3d21 5220 5f54 554e 4c4c 0000     art != RT_NULL..
80005808:	6974 6b63 2120 203d 0030 0000 6874 6572     tick != 0...thre
80005818:	6461 2120 203d 7472 745f 7268 6165 5f64     ad != rt_thread_
80005828:	6573 666c 2928 7c20 207c 7472 635f 6972     self() || rt_cri
80005838:	6974 6163 5f6c 656c 6576 286c 0029 0000     tical_level()...
80005848:	7221 5f74 6874 6572 6461 695f 5f73 6469     !rt_thread_is_id
80005858:	656c 745f 7268 6165 2864 6874 6572 6461     le_thread(thread
80005868:	0029 0000 5b1b 3333 5b6d 2f57 656b 6e72     )....[33m[W/kern
80005878:	6c65 742e 7268 6165 5d64 0020 6874 6572     el.thread] .thre
80005888:	6461 7320 7375 6570 646e 203a 6874 6572     ad suspend: thre
80005898:	6461 6420 7369 726f 6564 2c72 3020 2578     ad disorder, 0x%
800058a8:	3230 0078 6874 6572 6461 3d20 203d 7472     02x.thread == rt
800058b8:	745f 7268 6165 5f64 6573 666c 2928 0000     _thread_self()..
800058c8:	5228 5f54 4353 4548 5f44 5443 2858 6874     (RT_SCHED_CTX(th
800058d8:	6572 6461 2e29 7473 7461 2620 5220 5f54     read).stat & RT_
800058e8:	4854 4552 4441 535f 4154 5f54 414d 4b53     THREAD_STAT_MASK
800058f8:	2029 3d3d 5220 5f54 4854 4552 4441 495f     ) == RT_THREAD_I
80005908:	494e 0054                                   NIT.

8000590c <__FUNCTION__.0>:
8000590c:	7472 745f 7268 6165 5f64 6572 7573 656d     rt_thread_resume
8000591c:	0000 0000                                   ....

80005920 <__FUNCTION__.1>:
80005920:	745f 7268 6165 5f64 6573 5f74 7573 7073     _thread_set_susp
80005930:	6e65 5f64 7473 7461 0065 0000               end_state...

8000593c <__FUNCTION__.10>:
8000593c:	7472 745f 7268 6165 5f64 7473 7261 7574     rt_thread_startu
8000594c:	0070 0000                                   p...

80005950 <__FUNCTION__.11>:
80005950:	745f 7268 6165 5f64 6974 656d 756f 0074     _thread_timeout.

80005960 <__FUNCTION__.12>:
80005960:	7472 745f 7268 6165 5f64 6e69 7469 0000     rt_thread_init..

80005970 <__FUNCTION__.2>:
80005970:	7472 745f 7268 6165 5f64 7573 7073 6e65     rt_thread_suspen
80005980:	5f64 6f74 6c5f 7369 0074 0000               d_to_list...

8000598c <__FUNCTION__.5>:
8000598c:	745f 7268 6165 5f64 6c73 6565 0070 0000     _thread_sleep...

8000599c <__FUNCTION__.7>:
8000599c:	7472 745f 7268 6165 5f64 7263 6165 6574     rt_thread_create
800059ac:	0000 0000                                   ....

800059b0 <__FUNCTION__.9>:
800059b0:	7472 745f 7268 6165 5f64 6c63 736f 0065     rt_thread_close.
800059c0:	6974 656d 2072 3d21 5220 5f54 554e 4c4c     timer != RT_NULL
800059d0:	0000 0000 6974 656d 756f 2074 3d21 5220     ....timeout != R
800059e0:	5f54 554e 4c4c 0000 6974 656d 3c20 5220     T_NULL..time < R
800059f0:	5f54 4954 4b43 4d5f 5841 2f20 3220 0000     T_TICK_MAX / 2..
80005a00:	7472 6f5f 6a62 6365 5f74 6567 5f74 7974     rt_object_get_ty
80005a10:	6570 2628 6974 656d 2d72 703e 7261 6e65     pe(&timer->paren
80005a20:	2974 3d20 203d 5452 4f5f 6a62 6365 5f74     t) == RT_Object_
80005a30:	6c43 7361 5f73 6954 656d 0072 7472 6f5f     Class_Timer.rt_o
80005a40:	6a62 6365 5f74 7369 735f 7379 6574 6f6d     bject_is_systemo
80005a50:	6a62 6365 2874 7426 6d69 7265 3e2d 6170     bject(&timer->pa
80005a60:	6572 746e 0029 0000 7472 6f5f 6a62 6365     rent)...rt_objec
80005a70:	5f74 6567 5f74 7974 6570 2628 6874 6572     t_get_type(&thre
80005a80:	6461 3e2d 6170 6572 746e 2029 3d3d 5220     ad->parent) == R
80005a90:	5f54 624f 656a 7463 435f 616c 7373 545f     T_Object_Class_T
80005aa0:	7268 6165 0064 0000 2a28 7228 5f74 6974     hread...(*(rt_ti
80005ab0:	6b63 745f 2a20 6129 6772 2029 203c 5452     ck_t *)arg) < RT
80005ac0:	545f 4349 5f4b 414d 2058 202f 0032 0000     _TICK_MAX / 2...
80005ad0:	ed88 ffff ed7c ffff ee04 ffff ee14 ffff     ....|...........
80005ae0:	ee20 ffff ee3c ffff ee44 ffff ee4c ffff      ...<...D...L...
80005af0:	ee54 ffff ee5c ffff                         T...\...

80005af8 <__FUNCTION__.0>:
80005af8:	7472 745f 6d69 7265 635f 6568 6b63 0000     rt_timer_check..

80005b08 <__FUNCTION__.1>:
80005b08:	7472 745f 6d69 7265 635f 6e6f 7274 6c6f     rt_timer_control
80005b18:	0000 0000                                   ....

80005b1c <__FUNCTION__.2>:
80005b1c:	7472 745f 6d69 7265 735f 6f74 0070 0000     rt_timer_stop...

80005b2c <__FUNCTION__.4>:
80005b2c:	7472 745f 6d69 7265 735f 6174 7472 0000     rt_timer_start..

80005b3c <__FUNCTION__.7>:
80005b3c:	7472 745f 6d69 7265 645f 7465 6361 0068     rt_timer_detach.

80005b4c <__FUNCTION__.8>:
80005b4c:	7472 745f 6d69 7265 695f 696e 0074 0000     rt_timer_init...

80005b5c <__rt_init_rti_start>:
80005b5c:	11ec 8000                                   ....

80005b60 <__rt_init_rti_board_start>:
80005b60:	11fc 8000                                   ....

80005b64 <__rt_init_rti_board_end>:
80005b64:	1204 8000                                   ....

80005b68 <__rt_init_rti_end>:
80005b68:	11f4 8000                                   ....
